<?xml version="1.0" encoding="UTF-8"?>
<!DOCTYPE questestinterop SYSTEM "ims_qtiasiv1p2p1.dtd">

<questestinterop xmlns="http://www.imsglobal.org/xsd/ims_qtiasiv1p2" xmlns:xsi="http://www.w3.org/2001/XMLSchema-instance" xsi:schemaLocation="http://www.imsglobal.org/xsd/ims_qtiasiv1p2 http://www.imsglobal.org/xsd/ims_qtiasiv1p2p1.xsd">
<assessment ident="vufsw-simple_linear_regression-0219-nl-canvas_347402525" title="vufsw-simple_linear_regression-0219-nl-canvas">

<qtimetadata>
<qtimetadatafield>
<fieldlabel>cc_maxattempts</fieldlabel>
<fieldentry>1</fieldentry>
</qtimetadatafield>
<qtimetadatafield>
<fieldlabel>qmd_assessmenttype</fieldlabel>
<fieldentry>Assessment</fieldentry>
</qtimetadatafield>
</qtimetadata>
<objectives>
<material>
<mattext><![CDATA[Please solve the following exercises.]]></mattext>
</material>
</objectives>
<assessmentcontrol feedbackswitch="No" hintswitch="No" solutionswitch="Yes"/>
<outcomes_processing scoremodel="SumOfScores">
<outcomes>
<decvar varname="SCORE" vartype="Decimal" cutvalue="0"/>
</outcomes>
</outcomes_processing>
<assessfeedback title="AssessmentFeedback" ident="AssessmentFeedback">
<flow_mat>
<material>
<mattext>##AssessmentFeedback##</mattext>
</material>
</flow_mat>
</assessfeedback>

<section ident="vufsw-simple_linear_regression-0219-nl-canvas_347402525_section_1" title="Exercise">

<objectives>
<material>
<mattext><![CDATA[Please answer the following question.]]></mattext>
</material>
</objectives>
<selection_ordering>
<selection>
<selection_number>1</selection_number>
<selection_extension>
<points_per_item>1</points_per_item>
</selection_extension>
</selection>
<order order_type="Random"/>
</selection_ordering>

<item ident="vufsw-simple_linear_regression-0219-nl-canvas_347402525_section_1_item_1_schoice" title="Question" maxattempts="1">
<itemcontrol feedbackswitch="No" hintswitch="No" solutionswitch="Yes"/>
<itemmetadata>
<qtimetadata>
<qtimetadatafield>
<fieldlabel>question_type</fieldlabel>
<fieldentry>multiple_choice_question</fieldentry>
</qtimetadatafield>
</qtimetadata>
</itemmetadata>
<presentation>
<flow>
<material>
<matbreak/>
<mattext texttype="text/html" charset="utf-8"><![CDATA[
<p>Een groep onderzoekers is geïnteresseerd in ervaren
leeftijdsdiscriminatie en wil weten of ervaren leeftijdsdiscriminatie
wordt beïnvloed door iemands leeftijd. De verwachting is dat zowel
jongere als oudere mensen meer last hebben van leeftijdsdiscriminatie
dan mensen van middelbare leeftijd. Ze analyseren gegevens uit
de <em>European Social Survey</em> uit 2008/2009, die bestaat uit gegevens uit
28 landen.</p>
<p>Voor een groep landen vinden ze de volgende waargenomen relatie tussen X
en Y in onderstaande figuur.<br />
Zijn dit op basis van deze figuur goede gegevens voor een enkelvoudige
lineaire regressieanalyse? </p>
<p><em>(bron: Bratt, C., Abrams, D., Swift, H.J., Vauclair, C.-M., &amp; Marques,
S. (2018). Perceived Age Discrimination Across Age in Europe: From an
Ageing Society to a Society for All Ages, Developmental Psychology,
54(1), 167-180.)</em></p>
<p><img src="data/supplements_1_1/1615903677730.png" /></p>
]]></mattext>
<matbreak/>
</material>
<response_lid ident="vufsw-simple_linear_regression-0219-nl-canvas_347402525_section_1_item_1_schoice_RESPONSE_2892764" rcardinality="Single" rtiming="No">
<render_choice shuffle="No">
<flow_label class="List">
<response_label ident="vufsw-simple_linear_regression-0219-nl-canvas_347402525_section_1_item_1_schoice_9202799463" rshuffle="No">
<material>
<mattext texttype="text/html" charset="utf-8"><![CDATA[
 We kunnen dat niet zeggen op basis van alleen deze informatie; we kunnen de assumpties bij een regressie-analyse niet beoordelen op basis van deze gegevens.
]]></mattext>
</material>
</response_label>
</flow_label>
<flow_label class="List">
<response_label ident="vufsw-simple_linear_regression-0219-nl-canvas_347402525_section_1_item_1_schoice_2814689481" rshuffle="No">
<material>
<mattext texttype="text/html" charset="utf-8"><![CDATA[
 Nee, want deze grafiek laat zien dat er geen lineaire relatie is tussen X en Y.
]]></mattext>
</material>
</response_label>
</flow_label>
<flow_label class="List">
<response_label ident="vufsw-simple_linear_regression-0219-nl-canvas_347402525_section_1_item_1_schoice_1132815480" rshuffle="No">
<material>
<mattext texttype="text/html" charset="utf-8"><![CDATA[
 Nee, omdat deze grafiek laat zien dat mensen van bepaalde leeftijden minder vertegenwoordigd zijn in deze steekproef dan mensen van andere leeftijden (vooral mensen van middelbare leeftijd zijn ondervertegenwoordigd).
]]></mattext>
</material>
</response_label>
</flow_label>
<flow_label class="List">
<response_label ident="vufsw-simple_linear_regression-0219-nl-canvas_347402525_section_1_item_1_schoice_8731744998" rshuffle="No">
<material>
<mattext texttype="text/html" charset="utf-8"><![CDATA[
 Nee, want uit deze grafiek blijkt dat de conditionele standaarddeviatie (s<sub>res</sub>) bij bepaalde leeftijden heel erg afwijkt van 0 (vooral bij jongere mensen).
]]></mattext>
</material>
</response_label>
</flow_label>
</render_choice>
</response_lid>
</flow>
</presentation>
<resprocessing>
<outcomes>
<decvar varname="SCORE" vartype="Decimal" defaultval="0" minvalue="0" maxvalue="1" cutvalue="1"/>
</outcomes>
<respcondition title="Mastery" continue="No">
<conditionvar>
<and>
<varequal respident="vufsw-simple_linear_regression-0219-nl-canvas_347402525_section_1_item_1_schoice_RESPONSE_2892764" case="Yes">vufsw-simple_linear_regression-0219-nl-canvas_347402525_section_1_item_1_schoice_2814689481</varequal>
<not> <varequal respident="vufsw-simple_linear_regression-0219-nl-canvas_347402525_section_1_item_1_schoice_RESPONSE_2892764" case="Yes">vufsw-simple_linear_regression-0219-nl-canvas_347402525_section_1_item_1_schoice_9202799463</varequal> </not>
<not> <varequal respident="vufsw-simple_linear_regression-0219-nl-canvas_347402525_section_1_item_1_schoice_RESPONSE_2892764" case="Yes">vufsw-simple_linear_regression-0219-nl-canvas_347402525_section_1_item_1_schoice_1132815480</varequal> </not>
<not> <varequal respident="vufsw-simple_linear_regression-0219-nl-canvas_347402525_section_1_item_1_schoice_RESPONSE_2892764" case="Yes">vufsw-simple_linear_regression-0219-nl-canvas_347402525_section_1_item_1_schoice_8731744998</varequal> </not>
</and>
</conditionvar>
<setvar varname="SCORE" action="Set">1</setvar>
<displayfeedback feedbacktype="Response" linkrefid="correct_fb"/>
</respcondition>
<respcondition continue="Yes">
<conditionvar>
<other/>
</conditionvar>
<displayfeedback feedbacktype="Response" linkrefid="general_incorrect_fb"/>
</respcondition>
</resprocessing>
<itemfeedback ident="correct_fb" view="All">
<flow_mat>
<material>
<mattext texttype="text/html"><![CDATA[
<ul>
<li> We kunnen dat niet zeggen op basis van alleen deze informatie; we kunnen de assumpties bij een regressie-analyse niet beoordelen op basis van deze gegevens. <br /> False </li>
<li> Nee, want deze grafiek laat zien dat er geen lineaire relatie is tussen X en Y. <br /> True </li>
<li> Nee, omdat deze grafiek laat zien dat mensen van bepaalde leeftijden minder vertegenwoordigd zijn in deze steekproef dan mensen van andere leeftijden (vooral mensen van middelbare leeftijd zijn ondervertegenwoordigd). <br /> False </li>
<li> Nee, want uit deze grafiek blijkt dat de conditionele standaarddeviatie (s<sub>res</sub>) bij bepaalde leeftijden heel erg afwijkt van 0 (vooral bij jongere mensen). <br /> False </li>
</ul>
]]></mattext>
</material>
</flow_mat>
</itemfeedback>
<itemfeedback ident="general_incorrect_fb" view="All">
<flow_mat>
<material>
<mattext texttype="text/html"><![CDATA[
<ul>
<li> We kunnen dat niet zeggen op basis van alleen deze informatie; we kunnen de assumpties bij een regressie-analyse niet beoordelen op basis van deze gegevens. <br /> False </li>
<li> Nee, want deze grafiek laat zien dat er geen lineaire relatie is tussen X en Y. <br /> True </li>
<li> Nee, omdat deze grafiek laat zien dat mensen van bepaalde leeftijden minder vertegenwoordigd zijn in deze steekproef dan mensen van andere leeftijden (vooral mensen van middelbare leeftijd zijn ondervertegenwoordigd). <br /> False </li>
<li> Nee, want uit deze grafiek blijkt dat de conditionele standaarddeviatie (s<sub>res</sub>) bij bepaalde leeftijden heel erg afwijkt van 0 (vooral bij jongere mensen). <br /> False </li>
</ul>
]]></mattext>
</material>
</flow_mat>
</itemfeedback>
</item>


</section>

</assessment>
</questestinterop>
