<?xml version="1.0" encoding="UTF-8"?>
<!DOCTYPE questestinterop SYSTEM "ims_qtiasiv1p2p1.dtd">

<questestinterop xmlns="http://www.imsglobal.org/xsd/ims_qtiasiv1p2" xmlns:xsi="http://www.w3.org/2001/XMLSchema-instance" xsi:schemaLocation="http://www.imsglobal.org/xsd/ims_qtiasiv1p2 http://www.imsglobal.org/xsd/ims_qtiasiv1p2p1.xsd">
<assessment ident="uva-union-688-nl-canvas_540715464" title="uva-union-688-nl-canvas">

<qtimetadata>
<qtimetadatafield>
<fieldlabel>cc_maxattempts</fieldlabel>
<fieldentry>1</fieldentry>
</qtimetadatafield>
<qtimetadatafield>
<fieldlabel>qmd_assessmenttype</fieldlabel>
<fieldentry>Assessment</fieldentry>
</qtimetadatafield>
</qtimetadata>
<objectives>
<material>
<mattext><![CDATA[Please solve the following exercises.]]></mattext>
</material>
</objectives>
<assessmentcontrol feedbackswitch="No" hintswitch="No" solutionswitch="Yes"/>
<outcomes_processing scoremodel="SumOfScores">
<outcomes>
<decvar varname="SCORE" vartype="Decimal" cutvalue="0"/>
</outcomes>
</outcomes_processing>
<assessfeedback title="AssessmentFeedback" ident="AssessmentFeedback">
<flow_mat>
<material>
<mattext>##AssessmentFeedback##</mattext>
</material>
</flow_mat>
</assessfeedback>

<section ident="uva-union-688-nl-canvas_540715464_section_1" title="Exercise">

<objectives>
<material>
<mattext><![CDATA[Please answer the following question.]]></mattext>
</material>
</objectives>
<selection_ordering>
<selection>
<selection_number>1</selection_number>
<selection_extension>
<points_per_item>1</points_per_item>
</selection_extension>
</selection>
<order order_type="Random"/>
</selection_ordering>

<item ident="uva-union-688-nl-canvas_540715464_section_1_item_1_num" title="Question" maxattempts="1">
<itemcontrol feedbackswitch="No" hintswitch="No" solutionswitch="Yes"/>
<itemmetadata>
<qtimetadata>
<qtimetadatafield>
<fieldlabel>question_type</fieldlabel>
<fieldentry>numerical_question</fieldentry>
</qtimetadatafield>
</qtimetadata>
</itemmetadata>
<presentation>
<flow>
<material>
<matbreak/>
<mattext texttype="text/html" charset="utf-8"><![CDATA[
<p>Meisjes en jongens kiezen verschillende studierichtingen op de middelbare school. Jongens kiezen veel vaker voor richtingen als houtbewerking, bouw en elektronica, terwijl meisjes vooral onderwerpen als verpleging en schoonheidsverzorging kiezen. In de tabel hieronder staan de aantallen studenten die verschillende vakken hebben gekozen:</p>
<table>
<thead>
<tr class="header">
<th></th>
<th>Houtbewerking</th>
<th>Bouw</th>
<th>Elektronica</th>
<th>Verpleging</th>
<th>Schoonheidsverzorging</th>
<th>Totaal</th>
</tr>
</thead>
<tbody>
<tr class="odd">
<td>Meisjes</td>
<td>34</td>
<td>16</td>
<td>57</td>
<td>311</td>
<td>324</td>
<td>742</td>
</tr>
<tr class="even">
<td>Jongens</td>
<td>124</td>
<td>345</td>
<td>231</td>
<td>28</td>
<td>8</td>
<td>736</td>
</tr>
<tr class="odd">
<td>Totaal</td>
<td>158</td>
<td>361</td>
<td>288</td>
<td>339</td>
<td>332</td>
<td>1478</td>
</tr>
</tbody>
</table>
<p>Hoe groot is de kans dat een aselect gekozen student een jongen is die Bouw studeert?</p>
]]></mattext>
<matbreak/>
</material>
<response_num ident="uva-union-688-nl-canvas_540715464_section_1_item_1_num_RESPONSE_2405773" rcardinality="Single" numtype="Decimal">
<render_fib fibtype="Decimal" maxchars="12">
<flow_label class="Block">
<response_label ident="uva-union-688-nl-canvas_540715464_section_1_item_1_num_RESPONSE_2405773" rshuffle="No"/>
</flow_label>
</render_fib>
</response_num>
<material>
<matbreak/>
</material>
</flow>
</presentation>
<resprocessing>
<outcomes>
<decvar varname="SCORE" vartype="Decimal" defaultval="0" minvalue="0" maxvalue="1" cutvalue="1"/>
</outcomes>
<respcondition title="Mastery" continue="No">
<conditionvar>

<or>
<varequal respident="uva-union-688-nl-canvas_540715464_section_1_item_1_num_RESPONSE_2405773" case="No"><![CDATA[0.23]]></varequal>
<and>
<vargte respident="uva-union-688-nl-canvas_540715464_section_1_item_1_num_RESPONSE_2405773"><![CDATA[0.23]]></vargte>
<varlte respident="uva-union-688-nl-canvas_540715464_section_1_item_1_num_RESPONSE_2405773"><![CDATA[0.23]]></varlte>
</and>
</or>
</conditionvar>
<setvar varname="SCORE" action="Set">1</setvar>
<displayfeedback feedbacktype="Response" linkrefid="correct_fb"/>
</respcondition>
<respcondition continue="Yes">
<conditionvar>
<other/>
</conditionvar>
<displayfeedback feedbacktype="Response" linkrefid="general_incorrect_fb"/>
</respcondition>
</resprocessing>
<itemfeedback ident="correct_fb" view="All">
<flow_mat>
<material>
<mattext texttype="text/html"><![CDATA[
<p>The correct answer is 0.23.</p>
]]></mattext>
</material>
</flow_mat>
</itemfeedback>
<itemfeedback ident="general_incorrect_fb" view="All">
<flow_mat>
<material>
<mattext texttype="text/html"><![CDATA[
<p>The correct answer is 0.23.</p>
]]></mattext>
</material>
</flow_mat>
</itemfeedback>
</item>


</section>

</assessment>
</questestinterop>
