<?xml version="1.0" encoding="utf-8" standalone="yes"?>
<assessmentItem identifier="eur-factor-406-nl-tv_202510071723_item_1_num" title="eur-factor-406-nl-tv_202510071723_item_1_num_eur-factor-406-nl" adaptive="false" timeDependent="false" toolName="Testvision Online" toolVersion="39.0.9084" xmlns="http://www.imsglobal.org/xsd/imsqti_v2p1">
<responseDeclaration identifier="RESPONSE" cardinality="multiple" baseType="float">
<correctResponse>
<value>7.129</value>
<value>7.129;7.129</value>
</correctResponse>
</responseDeclaration>
<outcomeDeclaration identifier="SCORE" cardinality="single" baseType="float" normalMaximum="1" normalMinimum="0" />
<outcomeDeclaration identifier="FEEDBACK" cardinality="single" baseType="identifier" />
<stylesheet href="css/eur-factor-406-nl-tv_202510071723_item_1_num.css" type="text/css" />
<itemBody>
<p>Een onderzoeker van het instituut voor psychologie doet onderzoek naar alcoholmisbruik onder adolescenten. De onderzoeker ontwierp 34 stellingen waar de adolescenten het mee eens of oneens kunnen zijn op een vierpuntsschaal (1 = helemaal mee eens; 2 = enigszins mee eens; 3 = enigszins mee oneens; 4 = helemaal mee oneens). Een voorbeeld van een stelling is: Als ik me eenzaam voel, drink ik graag een alcoholische drank. De antwoorden van 312 meisjes (0) en jongens (1) op de 34 stellingen staan in de dataset.</p>
<p>Voer een ongeroteerde exploratieve factoranalyse met hoofdasfactoring uit op alle items van de vragenlijst. Wat is het percentage van de variantie dat verklaard wordt door de tweede factor? (3 decimalen)</p>
<p>Open de dataset hieronder om deze vraag te beantwoorden:</p>
<ul>
<li>Download** <a href="mediafiles/supplements1/eur-factor-406-en-data.sav">SPSS file</a>, <a href="mediafiles/supplements1/eur-factor-406-en-data.csv">CSV file</a></li>
</ul>
<extendedTextInteraction responseIdentifier="RESPONSE"/>
</itemBody>
<responseProcessing>
<responseCondition>
<responseIf>
<isNull>
<variable identifier="RESPONSE"/>
</isNull>
<setOutcomeValue identifier="SCORE">
<baseValue baseType="float">0.0</baseValue>
</setOutcomeValue>
<setOutcomeValue identifier="FEEDBACK">
<baseValue baseType="identifier">FAILURE</baseValue>
</setOutcomeValue>
</responseIf>
<responseElse>
<responseCondition>
<responseIf>
<match>
<variable identifier="RESPONSE"/>
<correct identifier="RESPONSE"/>
</match>
<setOutcomeValue identifier="SCORE">
<baseValue baseType="float">1</baseValue>
</setOutcomeValue>
</responseIf>
<responseElse>
<setOutcomeValue identifier="SCORE">
<baseValue baseType="float">0</baseValue>
</setOutcomeValue>
</responseElse>
</responseCondition>
<responseCondition>
<responseIf>
<equal toleranceMode="relative" tolerance="0.001">
<variable identifier="SCORE"/>
<variable identifier="MAXSCORE"/>
</equal>
<setOutcomeValue identifier="FEEDBACK">
<baseValue baseType="identifier">ANSWER_CORRECT</baseValue>
</setOutcomeValue>
</responseIf>
<responseElse>
<setOutcomeValue identifier="FEEDBACK">
<baseValue baseType="identifier">FAILURE</baseValue>
</setOutcomeValue>
</responseElse>
</responseCondition>
</responseElse>
</responseCondition>
</responseProcessing>
<modalFeedback identifier="FAILURE" outcomeIdentifier="FEEDBACK" showHide="show">
<div class="textblock tvblock tvcss_1"><div class="rte_zone tveditor1">
<p>Het percentage variantie dat door de tweede factor wordt verklaard, is 7,129.</p>
</div>
</div>
</modalFeedback>
<modalFeedback identifier="ANSWER_CORRECT" outcomeIdentifier="FEEDBACK" showHide="show">
<div class="textblock tvblock tvcss_1"><div class="rte_zone tveditor1">
<p>Het percentage variantie dat door de tweede factor wordt verklaard, is 7,129.</p>
</div>
</div>
</modalFeedback>
<modalFeedback identifier="PARTIAL_CORRECT" outcomeIdentifier="FEEDBACK" showHide="show">
<div class="textblock tvblock tvcss_1"><div class="rte_zone tveditor1">
<p>Het percentage variantie dat door de tweede factor wordt verklaard, is 7,129.</p>
</div>
</div>
</modalFeedback>
</assessmentItem>
