<?xml version="1.0" encoding="UTF-8"?>
<assessmentItem xsi:schemaLocation="http://www.imsglobal.org/xsd/imsqti_v2p1 http://www.imsglobal.org/xsd/qti/qtiv2p1/imsqti_v2p1p1.xsd http://www.w3.org/1998/Math/MathML http://www.w3.org/Math/XMLSchema/mathml2/mathml2.xsd" identifier="uva-general-rules-1174-nl-ans_195988344_section_1_item_1_schoice" title="Probability_uva-general-rules-1174-nl_uva-general-rules-1174-nl_schoice_1" adaptive="false" timeDependent="false" xmlns="http://www.imsglobal.org/xsd/imsqti_v2p1" xmlns:xsi="http://www.w3.org/2001/XMLSchema-instance">
<responseDeclaration identifier="uva-general-rules-1174-nl-ans_195988344_section_1_item_1_schoice_RESPONSE_1_4767624" cardinality="single" baseType="identifier">
<correctResponse>
<value>uva-general-rules-1174-nl-ans_195988344_section_1_item_1_schoice_4_3353182128</value>
</correctResponse>
<mapping defaultValue="0" lowerBound="0.0">
<mapEntry mapKey="uva-general-rules-1174-nl-ans_195988344_section_1_item_1_schoice_1_8147823296" mappedValue="0"/>
<mapEntry mapKey="uva-general-rules-1174-nl-ans_195988344_section_1_item_1_schoice_2_7018853431" mappedValue="0"/>
<mapEntry mapKey="uva-general-rules-1174-nl-ans_195988344_section_1_item_1_schoice_3_7975330368" mappedValue="0"/>
<mapEntry mapKey="uva-general-rules-1174-nl-ans_195988344_section_1_item_1_schoice_4_3353182128" mappedValue="1"/>
</mapping>
</responseDeclaration>
<outcomeDeclaration identifier="SCORE" cardinality="single" baseType="float" normalMaximum="1" normalMinimum="0">
<defaultValue>
<value>0.0</value>
</defaultValue>
</outcomeDeclaration>
<outcomeDeclaration identifier="MAXSCORE" cardinality="single" baseType="float">
<defaultValue>
<value>1</value>
</defaultValue>
</outcomeDeclaration>
<outcomeDeclaration identifier="FEEDBACKBASIC" cardinality="single" baseType="identifier" view="testConstructor">
<defaultValue>
<value>empty</value>
</defaultValue>
</outcomeDeclaration>
<outcomeDeclaration identifier="FEEDBACKMODAL" cardinality="multiple" baseType="identifier" view="testConstructor"/>
<outcomeDeclaration identifier="SOLUTIONMODAL" cardinality="single" baseType="identifier" view="testConstructor"/>
<outcomeDeclaration identifier="MINSCORE" cardinality="single" baseType="float">
<defaultValue>
<value baseType="float">0</value>
</defaultValue>
</outcomeDeclaration>
<outcomeDeclaration identifier="SCORE_RESPONSE_1" cardinality="single" baseType="float">
<defaultValue>
<value>0.0</value>
</defaultValue>
</outcomeDeclaration>
<outcomeDeclaration identifier="MINSCORE_RESPONSE_1" cardinality="single" baseType="float">
<defaultValue>
<value>0.0</value>
</defaultValue>
</outcomeDeclaration>
<itemBody>
<p>Je koopt 15 loten voor € 1 per stuk. Met elk lot heb je een kans van
0,06 om € 10 te winnen. Als je rekening houdt met de kosten van de
loten, hoe groot is dan de kans dat je € 10 of meer wint?</p>
<choiceInteraction responseIdentifier="uva-general-rules-1174-nl-ans_195988344_section_1_item_1_schoice_RESPONSE_1_4767624" shuffle="false" maxChoices="1">
<simpleChoice identifier="uva-general-rules-1174-nl-ans_195988344_section_1_item_1_schoice_1_8147823296">
<p>
 0,942
</p>
</simpleChoice>
<simpleChoice identifier="uva-general-rules-1174-nl-ans_195988344_section_1_item_1_schoice_2_7018853431">
<p>
 0,605
</p>
</simpleChoice>
<simpleChoice identifier="uva-general-rules-1174-nl-ans_195988344_section_1_item_1_schoice_3_7975330368">
<p>
 0,395
</p>
</simpleChoice>
<simpleChoice identifier="uva-general-rules-1174-nl-ans_195988344_section_1_item_1_schoice_4_3353182128">
<p>
 0,057
</p>
</simpleChoice>
</choiceInteraction>
</itemBody>
<responseProcessing>
<setOutcomeValue identifier="SCORE_RESPONSE_1">
<sum>
<variable identifier="SCORE_RESPONSE_1"/>
<mapResponse identifier="uva-general-rules-1174-nl-ans_195988344_section_1_item_1_schoice_RESPONSE_1_4767624"/>
</sum>
</setOutcomeValue>
<responseCondition>
<responseIf>
<lt>
<variable identifier="SCORE_RESPONSE_1"/>
<variable identifier="MINSCORE_RESPONSE_1"/>
</lt>
<setOutcomeValue identifier="SCORE_RESPONSE_1">
<variable identifier="MINSCORE_RESPONSE_1"/>
</setOutcomeValue>
</responseIf>
</responseCondition>
<responseCondition>
<responseIf>
<isNull>
<variable identifier="uva-general-rules-1174-nl-ans_195988344_section_1_item_1_schoice_RESPONSE_1_4767624"/>
</isNull>
<setOutcomeValue identifier="SCORE_RESPONSE_1">
<sum>
<variable identifier="SCORE_RESPONSE_1"/>
<baseValue baseType="float">0</baseValue>
</sum>
</setOutcomeValue>
</responseIf>
</responseCondition>
<setOutcomeValue identifier="SCORE">
<sum>
<variable identifier="SCORE_RESPONSE_1"/>
</sum>
</setOutcomeValue>
<responseCondition>
<responseIf>
<lt>
<variable identifier="SCORE"/>
<variable identifier="MINSCORE"/>
</lt>
<setOutcomeValue identifier="SCORE">
<variable identifier="MINSCORE"/>
</setOutcomeValue>
</responseIf>
</responseCondition>
<responseCondition>
<responseIf>
<lt>
<variable identifier="SCORE"/>
<baseValue baseType="float">1</baseValue>
</lt>
<setOutcomeValue identifier="FEEDBACKMODAL">
<multiple>
<variable identifier="FEEDBACKMODAL"/>
<baseValue baseType="identifier">Feedback342100181</baseValue>
</multiple>
</setOutcomeValue>
</responseIf>
</responseCondition>
</responseProcessing>
<modalFeedback outcomeIdentifier="FEEDBACK" showHide="show" identifier="incorrect">
<ul>
<li> 0,942 <br /> 0,942: Incorrect </li>
<li> 0,605 <br /> 0,605: Incorrect </li>
<li> 0,395 <br /> 0,395: Incorrect </li>
<li> 0,057 <br /> 0,057: Correct </li>
</ul>
</modalFeedback>
</assessmentItem>
