<?xml version="1.0" encoding="utf-8" standalone="yes"?>
<assessmentItem identifier="uva-paired-samples-426-nl-tv_202404291202_item_1_schoice" title="uva-paired-samples-426-nl-tv_202404291202_item_1_schoice_uva-paired-samples-426-nl" adaptive="false" timeDependent="false" toolName="Testvision Online" toolVersion="39.0.9084" xmlns="http://www.imsglobal.org/xsd/imsqti_v2p1">
<responseDeclaration identifier="RESPONSE" cardinality="single" baseType="identifier">
<correctResponse>
<value>alt_355263</value>
</correctResponse>
<mapping defaultValue="0" lowerBound="0.0">
<mapEntry mapKey="alt_355263" mappedValue="1"/>
<mapEntry mapKey="alt_829982" mappedValue="-0.333333333333333"/>
<mapEntry mapKey="alt_693914" mappedValue="-0.333333333333333"/>
<mapEntry mapKey="alt_413840" mappedValue="-0.333333333333333"/>
</mapping>
</responseDeclaration>
<outcomeDeclaration identifier="SCORE" cardinality="single" baseType="float" normalMaximum="1" normalMinimum="0" />
<outcomeDeclaration identifier="FEEDBACK" cardinality="single" baseType="identifier" />
<itemBody>
<p>Van een aselect getrokken steekproef van 7 personen is de hartslag om 8
uur ’s ochtends en 4 uur ’s middags gemeten, met als resultaten:<br />
ochtend: 75, 74, 70, 79, 65, 70, 68<br />
middag: 76, 76, 69, 80, 66, 73, 69<br />
We willen toetsen H<sub>0</sub>: μ(ochtend) = μ(middag) tegen H<sub>1</sub>: μ(ochtend) ≠
μ(middag). De rechter kritieke waarde van de toets met een tweezijdig
risico van 0.05 is gelijk aan</p>
<choiceInteraction responseIdentifier="RESPONSE" shuffle="false" maxChoices="1">
<simpleChoice identifier="alt_355263">
<div class="textblock tvblock tvcss_1"><div class="rte_zone tveditor1">
 2.4469
</div>
</div>
</simpleChoice>
<simpleChoice identifier="alt_829982">
<div class="textblock tvblock tvcss_1"><div class="rte_zone tveditor1">
 2.3646
</div>
</div>
</simpleChoice>
<simpleChoice identifier="alt_693914">
<div class="textblock tvblock tvcss_1"><div class="rte_zone tveditor1">
 2.1788
</div>
</div>
</simpleChoice>
<simpleChoice identifier="alt_413840">
<div class="textblock tvblock tvcss_1"><div class="rte_zone tveditor1">
 1.9432
</div>
</div>
</simpleChoice>
</choiceInteraction>
</itemBody>
<responseProcessing>
<responseCondition>
<responseIf>
<isNull>
<variable identifier="RESPONSE"/>
</isNull>
<setOutcomeValue identifier="SCORE">
<baseValue baseType="float">0.0</baseValue>
</setOutcomeValue>
<setOutcomeValue identifier="FEEDBACK">
<baseValue baseType="identifier">FAILURE</baseValue>
</setOutcomeValue>
</responseIf>
<responseElse>
<setOutcomeValue identifier="SCORE">
<mapResponse identifier="RESPONSE"/>
</setOutcomeValue>
<responseCondition>
<responseIf>
<equal toleranceMode="relative" tolerance="0.001">
<variable identifier="SCORE"/>
<variable identifier="MAXSCORE"/>
</equal>
<setOutcomeValue identifier="FEEDBACK">
<baseValue baseType="identifier">ANSWER_CORRECT</baseValue>
</setOutcomeValue>
</responseIf>
<responseElse>
<setOutcomeValue identifier="FEEDBACK">
<baseValue baseType="identifier">FAILURE</baseValue>
</setOutcomeValue>
</responseElse>
</responseCondition>
</responseElse>
</responseCondition>
</responseProcessing>
<modalFeedback identifier="FAILURE" outcomeIdentifier="FEEDBACK" showHide="show">
<div class="textblock tvblock tvcss_1"><div class="rte_zone tveditor1">
<ul>
<li> 2.4469 <br /> 2.4469: Correct </li>
<li> 2.3646 <br /> 2.3646: Incorrect </li>
<li> 2.1788 <br /> 2.1788: Incorrect </li>
<li> 1.9432 <br /> 1.9432: Incorrect </li>
</ul>
</div>
</div>
</modalFeedback>
<modalFeedback identifier="ANSWER_CORRECT" outcomeIdentifier="FEEDBACK" showHide="show">
<div class="textblock tvblock tvcss_1"><div class="rte_zone tveditor1">
<ul>
<li> 2.4469 <br /> 2.4469: Correct </li>
<li> 2.3646 <br /> 2.3646: Incorrect </li>
<li> 2.1788 <br /> 2.1788: Incorrect </li>
<li> 1.9432 <br /> 1.9432: Incorrect </li>
</ul>
</div>
</div>
</modalFeedback>
<modalFeedback identifier="PARTIAL_CORRECT" outcomeIdentifier="FEEDBACK" showHide="show">
<div class="textblock tvblock tvcss_1"><div class="rte_zone tveditor1">
<ul>
<li> 2.4469 <br /> 2.4469: Correct </li>
<li> 2.3646 <br /> 2.3646: Incorrect </li>
<li> 2.1788 <br /> 2.1788: Incorrect </li>
<li> 1.9432 <br /> 1.9432: Incorrect </li>
</ul>
</div>
</div>
</modalFeedback>
</assessmentItem>
