<?xml version="1.0" encoding="UTF-8"?>
<!DOCTYPE questestinterop SYSTEM "ims_qtiasiv1p2p1.dtd">

<questestinterop xmlns="http://www.imsglobal.org/xsd/ims_qtiasiv1p2" xmlns:xsi="http://www.w3.org/2001/XMLSchema-instance" xsi:schemaLocation="http://www.imsglobal.org/xsd/ims_qtiasiv1p2 http://www.imsglobal.org/xsd/ims_qtiasiv1p2p1.xsd">
<assessment ident="uu-Independent-samples-means-813-nl-canvas_964272153" title="uu-Independent-samples-means-813-nl-canvas">

<qtimetadata>
<qtimetadatafield>
<fieldlabel>cc_maxattempts</fieldlabel>
<fieldentry>1</fieldentry>
</qtimetadatafield>
<qtimetadatafield>
<fieldlabel>qmd_assessmenttype</fieldlabel>
<fieldentry>Assessment</fieldentry>
</qtimetadatafield>
</qtimetadata>
<objectives>
<material>
<mattext><![CDATA[Please solve the following exercises.]]></mattext>
</material>
</objectives>
<assessmentcontrol feedbackswitch="No" hintswitch="No" solutionswitch="Yes"/>
<outcomes_processing scoremodel="SumOfScores">
<outcomes>
<decvar varname="SCORE" vartype="Decimal" cutvalue="0"/>
</outcomes>
</outcomes_processing>
<assessfeedback title="AssessmentFeedback" ident="AssessmentFeedback">
<flow_mat>
<material>
<mattext>##AssessmentFeedback##</mattext>
</material>
</flow_mat>
</assessfeedback>

<section ident="uu-Independent-samples-means-813-nl-canvas_964272153_section_1" title="Exercise">

<objectives>
<material>
<mattext><![CDATA[Please answer the following question.]]></mattext>
</material>
</objectives>
<selection_ordering>
<selection>
<selection_number>1</selection_number>
<selection_extension>
<points_per_item>1</points_per_item>
</selection_extension>
</selection>
<order order_type="Random"/>
</selection_ordering>

<item ident="uu-Independent-samples-means-813-nl-canvas_964272153_section_1_item_1_schoice" title="Question" maxattempts="1">
<itemcontrol feedbackswitch="No" hintswitch="No" solutionswitch="Yes"/>
<itemmetadata>
<qtimetadata>
<qtimetadatafield>
<fieldlabel>question_type</fieldlabel>
<fieldentry>multiple_choice_question</fieldentry>
</qtimetadatafield>
</qtimetadata>
</itemmetadata>
<presentation>
<flow>
<material>
<matbreak/>
<mattext texttype="text/html" charset="utf-8"><![CDATA[
<p>Stel dat criminaliteit niet aan de hand van een gestandaardiseerde IQ-test was gemeten, maar met behulp van de twee categorieën “hoog IQ” en “laag IQ”. Welke analysetechniek zou dan gebruikt moeten worden om het verband tussen criminaliteit en intelligentie te analyseren?</p>
]]></mattext>
<matbreak/>
</material>
<response_lid ident="uu-Independent-samples-means-813-nl-canvas_964272153_section_1_item_1_schoice_RESPONSE_9451747" rcardinality="Single" rtiming="No">
<render_choice shuffle="No">
<flow_label class="List">
<response_label ident="uu-Independent-samples-means-813-nl-canvas_964272153_section_1_item_1_schoice_9066436464" rshuffle="No">
<material>
<mattext texttype="text/html" charset="utf-8"><![CDATA[
 Spearman-correlatie.
]]></mattext>
</material>
</response_label>
</flow_label>
<flow_label class="List">
<response_label ident="uu-Independent-samples-means-813-nl-canvas_964272153_section_1_item_1_schoice_3847607306" rshuffle="No">
<material>
<mattext texttype="text/html" charset="utf-8"><![CDATA[
 t-toets voor onafhankelijke groepen .
]]></mattext>
</material>
</response_label>
</flow_label>
<flow_label class="List">
<response_label ident="uu-Independent-samples-means-813-nl-canvas_964272153_section_1_item_1_schoice_3187683339" rshuffle="No">
<material>
<mattext texttype="text/html" charset="utf-8"><![CDATA[
 Chi-kwadraat-toets voor onafhankelijkheid.
]]></mattext>
</material>
</response_label>
</flow_label>
<flow_label class="List">
<response_label ident="uu-Independent-samples-means-813-nl-canvas_964272153_section_1_item_1_schoice_2228702028" rshuffle="No">
<material>
<mattext texttype="text/html" charset="utf-8"><![CDATA[
 Chi-kwadraat Goodness-of-Fit-toets.
]]></mattext>
</material>
</response_label>
</flow_label>
</render_choice>
</response_lid>
</flow>
</presentation>
<resprocessing>
<outcomes>
<decvar varname="SCORE" vartype="Decimal" defaultval="0" minvalue="0" maxvalue="1" cutvalue="1"/>
</outcomes>
<respcondition title="Mastery" continue="No">
<conditionvar>
<and>
<varequal respident="uu-Independent-samples-means-813-nl-canvas_964272153_section_1_item_1_schoice_RESPONSE_9451747" case="Yes">uu-Independent-samples-means-813-nl-canvas_964272153_section_1_item_1_schoice_3847607306</varequal>
<not> <varequal respident="uu-Independent-samples-means-813-nl-canvas_964272153_section_1_item_1_schoice_RESPONSE_9451747" case="Yes">uu-Independent-samples-means-813-nl-canvas_964272153_section_1_item_1_schoice_9066436464</varequal> </not>
<not> <varequal respident="uu-Independent-samples-means-813-nl-canvas_964272153_section_1_item_1_schoice_RESPONSE_9451747" case="Yes">uu-Independent-samples-means-813-nl-canvas_964272153_section_1_item_1_schoice_3187683339</varequal> </not>
<not> <varequal respident="uu-Independent-samples-means-813-nl-canvas_964272153_section_1_item_1_schoice_RESPONSE_9451747" case="Yes">uu-Independent-samples-means-813-nl-canvas_964272153_section_1_item_1_schoice_2228702028</varequal> </not>
</and>
</conditionvar>
<setvar varname="SCORE" action="Set">1</setvar>
<displayfeedback feedbacktype="Response" linkrefid="correct_fb"/>
</respcondition>
<respcondition continue="Yes">
<conditionvar>
<other/>
</conditionvar>
<displayfeedback feedbacktype="Response" linkrefid="general_incorrect_fb"/>
</respcondition>
</resprocessing>
<itemfeedback ident="correct_fb" view="All">
<flow_mat>
<material>
<mattext texttype="text/html"><![CDATA[

]]></mattext>
</material>
</flow_mat>
</itemfeedback>
<itemfeedback ident="general_incorrect_fb" view="All">
<flow_mat>
<material>
<mattext texttype="text/html"><![CDATA[

]]></mattext>
</material>
</flow_mat>
</itemfeedback>
</item>


</section>

</assessment>
</questestinterop>
