<?xml version="1.0" encoding="UTF-8"?>
<assessmentItem xsi:schemaLocation="http://www.imsglobal.org/xsd/imsqti_v2p1 http://www.imsglobal.org/xsd/qti/qtiv2p1/imsqti_v2p1p1.xsd http://www.w3.org/1998/Math/MathML http://www.w3.org/Math/XMLSchema/mathml2/mathml2.xsd" identifier="uva-distribution-621-en-ans_824808184_section_1_item_1_schoice" title="Distributions_uva-distribution-621-en_uva-distribution-621-en_schoice_1" adaptive="false" timeDependent="false" xmlns="http://www.imsglobal.org/xsd/imsqti_v2p1" xmlns:xsi="http://www.w3.org/2001/XMLSchema-instance">
<responseDeclaration identifier="uva-distribution-621-en-ans_824808184_section_1_item_1_schoice_RESPONSE_1_9886560" cardinality="single" baseType="identifier">
<correctResponse>
<value>uva-distribution-621-en-ans_824808184_section_1_item_1_schoice_3_1857529276</value>
</correctResponse>
<mapping defaultValue="0" lowerBound="0.0">
<mapEntry mapKey="uva-distribution-621-en-ans_824808184_section_1_item_1_schoice_1_6000293180" mappedValue="0"/>
<mapEntry mapKey="uva-distribution-621-en-ans_824808184_section_1_item_1_schoice_2_8937745886" mappedValue="0"/>
<mapEntry mapKey="uva-distribution-621-en-ans_824808184_section_1_item_1_schoice_3_1857529276" mappedValue="1"/>
<mapEntry mapKey="uva-distribution-621-en-ans_824808184_section_1_item_1_schoice_4_6304880304" mappedValue="0"/>
</mapping>
</responseDeclaration>
<outcomeDeclaration identifier="SCORE" cardinality="single" baseType="float" normalMaximum="1" normalMinimum="0">
<defaultValue>
<value>0.0</value>
</defaultValue>
</outcomeDeclaration>
<outcomeDeclaration identifier="MAXSCORE" cardinality="single" baseType="float">
<defaultValue>
<value>1</value>
</defaultValue>
</outcomeDeclaration>
<outcomeDeclaration identifier="FEEDBACKBASIC" cardinality="single" baseType="identifier" view="testConstructor">
<defaultValue>
<value>empty</value>
</defaultValue>
</outcomeDeclaration>
<outcomeDeclaration identifier="FEEDBACKMODAL" cardinality="multiple" baseType="identifier" view="testConstructor"/>
<outcomeDeclaration identifier="SOLUTIONMODAL" cardinality="single" baseType="identifier" view="testConstructor"/>
<outcomeDeclaration identifier="MINSCORE" cardinality="single" baseType="float">
<defaultValue>
<value baseType="float">0</value>
</defaultValue>
</outcomeDeclaration>
<outcomeDeclaration identifier="SCORE_RESPONSE_1" cardinality="single" baseType="float">
<defaultValue>
<value>0.0</value>
</defaultValue>
</outcomeDeclaration>
<outcomeDeclaration identifier="MINSCORE_RESPONSE_1" cardinality="single" baseType="float">
<defaultValue>
<value>0.0</value>
</defaultValue>
</outcomeDeclaration>
<itemBody>
<p>A variable A is normally distributed according to N(μ,σ<sup>²</sup>). We draw a sample of size <em>n</em> from this distribution, with mean
<span class="math inline">\(\bar{x}\)</span> and sd s. Then it follows that the quantity <span class="math inline">\(\frac{\bar{A}-\mu }{\frac{s}{\sqrt{n}}}\)</span> the following distribution:</p>
<choiceInteraction responseIdentifier="uva-distribution-621-en-ans_824808184_section_1_item_1_schoice_RESPONSE_1_9886560" shuffle="false" maxChoices="1">
<simpleChoice identifier="uva-distribution-621-en-ans_824808184_section_1_item_1_schoice_1_6000293180">
<p>
 N(0,1), the standard normal distribution
</p>
</simpleChoice>
<simpleChoice identifier="uva-distribution-621-en-ans_824808184_section_1_item_1_schoice_2_8937745886">
<p>
 T[n], the T-distribution with n degrees of freedom
</p>
</simpleChoice>
<simpleChoice identifier="uva-distribution-621-en-ans_824808184_section_1_item_1_schoice_3_1857529276">
<p>
 T[n-1], the T-distribution with n-1 degrees of freedom
</p>
</simpleChoice>
<simpleChoice identifier="uva-distribution-621-en-ans_824808184_section_1_item_1_schoice_4_6304880304">
<p>
 N(μ,σ²), the normal distribution with mean μ and variance σ²
</p>
</simpleChoice>
</choiceInteraction>
</itemBody>
<responseProcessing>
<setOutcomeValue identifier="SCORE_RESPONSE_1">
<sum>
<variable identifier="SCORE_RESPONSE_1"/>
<mapResponse identifier="uva-distribution-621-en-ans_824808184_section_1_item_1_schoice_RESPONSE_1_9886560"/>
</sum>
</setOutcomeValue>
<responseCondition>
<responseIf>
<lt>
<variable identifier="SCORE_RESPONSE_1"/>
<variable identifier="MINSCORE_RESPONSE_1"/>
</lt>
<setOutcomeValue identifier="SCORE_RESPONSE_1">
<variable identifier="MINSCORE_RESPONSE_1"/>
</setOutcomeValue>
</responseIf>
</responseCondition>
<responseCondition>
<responseIf>
<isNull>
<variable identifier="uva-distribution-621-en-ans_824808184_section_1_item_1_schoice_RESPONSE_1_9886560"/>
</isNull>
<setOutcomeValue identifier="SCORE_RESPONSE_1">
<sum>
<variable identifier="SCORE_RESPONSE_1"/>
<baseValue baseType="float">0</baseValue>
</sum>
</setOutcomeValue>
</responseIf>
</responseCondition>
<setOutcomeValue identifier="SCORE">
<sum>
<variable identifier="SCORE_RESPONSE_1"/>
</sum>
</setOutcomeValue>
<responseCondition>
<responseIf>
<lt>
<variable identifier="SCORE"/>
<variable identifier="MINSCORE"/>
</lt>
<setOutcomeValue identifier="SCORE">
<variable identifier="MINSCORE"/>
</setOutcomeValue>
</responseIf>
</responseCondition>
<responseCondition>
<responseIf>
<lt>
<variable identifier="SCORE"/>
<baseValue baseType="float">1</baseValue>
</lt>
<setOutcomeValue identifier="FEEDBACKMODAL">
<multiple>
<variable identifier="FEEDBACKMODAL"/>
<baseValue baseType="identifier">Feedback948974686</baseValue>
</multiple>
</setOutcomeValue>
</responseIf>
</responseCondition>
</responseProcessing>
<modalFeedback outcomeIdentifier="FEEDBACK" showHide="show" identifier="incorrect">
<ul>
<li> N(0,1), the standard normal distribution <br /> N(0,1), the standard normal distribution: Incorrect </li>
<li> T[n], the T-distribution with n degrees of freedom <br /> T[n], the T distribution with n degrees of freedom: Incorrect </li>
<li> T[n-1], the T-distribution with n-1 degrees of freedom <br /> T[n-1], the T distribution with n-1 degrees of freedom: Correct </li>
<li> N(μ,σ²), the normal distribution with mean μ and variance σ² <br /> N(μ,σ²), the normal distribution with mean μ and variance σ²: Incorrect </li>
</ul>
</modalFeedback>
</assessmentItem>
