<?xml version="1.0" encoding="UTF-8"?>
<assessmentItem xsi:schemaLocation="http://www.imsglobal.org/xsd/imsqti_v2p1 http://www.imsglobal.org/xsd/qti/qtiv2p1/imsqti_v2p1p1.xsd http://www.w3.org/1998/Math/MathML http://www.w3.org/Math/XMLSchema/mathml2/mathml2.xsd" identifier="uva-power-1586-nl-qti_725413627_section_1_item_1_schoice" title="1" adaptive="false" timeDependent="false" xmlns="http://www.imsglobal.org/xsd/imsqti_v2p1" xmlns:xsi="http://www.w3.org/2001/XMLSchema-instance">
<responseDeclaration identifier="uva-power-1586-nl-qti_725413627_section_1_item_1_schoice_RESPONSE_1_8170555" cardinality="single" baseType="identifier">
<correctResponse>
<value>uva-power-1586-nl-qti_725413627_section_1_item_1_schoice_1_8068012583</value>
</correctResponse>
<mapping defaultValue="0" lowerBound="0.0">
<mapEntry mapKey="uva-power-1586-nl-qti_725413627_section_1_item_1_schoice_1_8068012583" mappedValue="1"/>
<mapEntry mapKey="uva-power-1586-nl-qti_725413627_section_1_item_1_schoice_2_8177206511" mappedValue="0"/>
<mapEntry mapKey="uva-power-1586-nl-qti_725413627_section_1_item_1_schoice_3_3030585182" mappedValue="0"/>
</mapping>
</responseDeclaration>
<outcomeDeclaration identifier="SCORE" cardinality="single" baseType="float" normalMaximum="1" normalMinimum="0">
<defaultValue>
<value>0.0</value>
</defaultValue>
</outcomeDeclaration>
<outcomeDeclaration identifier="MAXSCORE" cardinality="single" baseType="float">
<defaultValue>
<value>1</value>
</defaultValue>
</outcomeDeclaration>
<outcomeDeclaration identifier="FEEDBACKBASIC" cardinality="single" baseType="identifier" view="testConstructor">
<defaultValue>
<value>empty</value>
</defaultValue>
</outcomeDeclaration>
<outcomeDeclaration identifier="FEEDBACKMODAL" cardinality="multiple" baseType="identifier" view="testConstructor"/>
<outcomeDeclaration identifier="SOLUTIONMODAL" cardinality="single" baseType="identifier" view="testConstructor"/>
<outcomeDeclaration identifier="MINSCORE" cardinality="single" baseType="float">
<defaultValue>
<value baseType="float">0</value>
</defaultValue>
</outcomeDeclaration>
<outcomeDeclaration identifier="SCORE_RESPONSE_1" cardinality="single" baseType="float">
<defaultValue>
<value>0.0</value>
</defaultValue>
</outcomeDeclaration>
<outcomeDeclaration identifier="MINSCORE_RESPONSE_1" cardinality="single" baseType="float">
<defaultValue>
<value>0.0</value>
</defaultValue>
</outcomeDeclaration>
<itemBody>
<p>Men toetst H<sub>1</sub>: p = 0.7 tegen H<sub>2</sub>: p = 0.4 in een aselecte steekproef
van n = 10 waarnemingen. Toetsingsgrootheid is de binomiaal verdeelde
stochast B, het aantal successen in de steekproef. Als linker kritieke
grens wordt de waarde 4 gebruikt. Het onderscheidingsvermogen 1 - β is
dan gelijk aan</p>
<choiceInteraction responseIdentifier="uva-power-1586-nl-qti_725413627_section_1_item_1_schoice_RESPONSE_1_8170555" shuffle="false" maxChoices="1">
<simpleChoice identifier="uva-power-1586-nl-qti_725413627_section_1_item_1_schoice_1_8068012583">
<p>
 0.54
</p>
</simpleChoice>
<simpleChoice identifier="uva-power-1586-nl-qti_725413627_section_1_item_1_schoice_2_8177206511">
<p>
 0.57
</p>
</simpleChoice>
<simpleChoice identifier="uva-power-1586-nl-qti_725413627_section_1_item_1_schoice_3_3030585182">
<p>
 0.6
</p>
</simpleChoice>
</choiceInteraction>
</itemBody>
<responseProcessing>
<setOutcomeValue identifier="SCORE_RESPONSE_1">
<sum>
<variable identifier="SCORE_RESPONSE_1"/>
<mapResponse identifier="uva-power-1586-nl-qti_725413627_section_1_item_1_schoice_RESPONSE_1_8170555"/>
</sum>
</setOutcomeValue>
<responseCondition>
<responseIf>
<lt>
<variable identifier="SCORE_RESPONSE_1"/>
<variable identifier="MINSCORE_RESPONSE_1"/>
</lt>
<setOutcomeValue identifier="SCORE_RESPONSE_1">
<variable identifier="MINSCORE_RESPONSE_1"/>
</setOutcomeValue>
</responseIf>
</responseCondition>
<responseCondition>
<responseIf>
<isNull>
<variable identifier="uva-power-1586-nl-qti_725413627_section_1_item_1_schoice_RESPONSE_1_8170555"/>
</isNull>
<setOutcomeValue identifier="SCORE_RESPONSE_1">
<sum>
<variable identifier="SCORE_RESPONSE_1"/>
<baseValue baseType="float">0</baseValue>
</sum>
</setOutcomeValue>
</responseIf>
</responseCondition>
<setOutcomeValue identifier="SCORE">
<sum>
<variable identifier="SCORE_RESPONSE_1"/>
</sum>
</setOutcomeValue>
<responseCondition>
<responseIf>
<lt>
<variable identifier="SCORE"/>
<variable identifier="MINSCORE"/>
</lt>
<setOutcomeValue identifier="SCORE">
<variable identifier="MINSCORE"/>
</setOutcomeValue>
</responseIf>
</responseCondition>
<responseCondition>
<responseIf>
<lt>
<variable identifier="SCORE"/>
<baseValue baseType="float">1</baseValue>
</lt>
<setOutcomeValue identifier="FEEDBACKMODAL">
<multiple>
<variable identifier="FEEDBACKMODAL"/>
<baseValue baseType="identifier">Feedback148558599</baseValue>
</multiple>
</setOutcomeValue>
</responseIf>
</responseCondition>
</responseProcessing>
<modalFeedback identifier="Feedback148558599" outcomeIdentifier="FEEDBACKMODAL" showHide="show">
<p>Het correcte antwoord is:</p>
<ul>
<li>0.54</li>
</ul>
</modalFeedback>
</assessmentItem>
