<?xml version="1.0" encoding="UTF-8"?>
<assessmentItem xsi:schemaLocation="http://www.imsglobal.org/xsd/imsqti_v2p1 http://www.imsglobal.org/xsd/qti/qtiv2p1/imsqti_v2p1p1.xsd http://www.w3.org/1998/Math/MathML http://www.w3.org/Math/XMLSchema/mathml2/mathml2.xsd" identifier="vufgb-onewayanova-004-nl-qti_362414918_section_1_item_1_schoice" title="1" adaptive="false" timeDependent="false" xmlns="http://www.imsglobal.org/xsd/imsqti_v2p1" xmlns:xsi="http://www.w3.org/2001/XMLSchema-instance">
<responseDeclaration identifier="vufgb-onewayanova-004-nl-qti_362414918_section_1_item_1_schoice_RESPONSE_1_5932614" cardinality="single" baseType="identifier">
<correctResponse>
<value>vufgb-onewayanova-004-nl-qti_362414918_section_1_item_1_schoice_3_5855960443</value>
</correctResponse>
<mapping defaultValue="0" lowerBound="0.0">
<mapEntry mapKey="vufgb-onewayanova-004-nl-qti_362414918_section_1_item_1_schoice_1_7120289924" mappedValue="0"/>
<mapEntry mapKey="vufgb-onewayanova-004-nl-qti_362414918_section_1_item_1_schoice_2_9067250031" mappedValue="0"/>
<mapEntry mapKey="vufgb-onewayanova-004-nl-qti_362414918_section_1_item_1_schoice_3_5855960443" mappedValue="1"/>
<mapEntry mapKey="vufgb-onewayanova-004-nl-qti_362414918_section_1_item_1_schoice_4_2913209297" mappedValue="0"/>
</mapping>
</responseDeclaration>
<outcomeDeclaration identifier="SCORE" cardinality="single" baseType="float" normalMaximum="1" normalMinimum="0">
<defaultValue>
<value>0.0</value>
</defaultValue>
</outcomeDeclaration>
<outcomeDeclaration identifier="MAXSCORE" cardinality="single" baseType="float">
<defaultValue>
<value>1</value>
</defaultValue>
</outcomeDeclaration>
<outcomeDeclaration identifier="FEEDBACKBASIC" cardinality="single" baseType="identifier" view="testConstructor">
<defaultValue>
<value>empty</value>
</defaultValue>
</outcomeDeclaration>
<outcomeDeclaration identifier="FEEDBACKMODAL" cardinality="multiple" baseType="identifier" view="testConstructor"/>
<outcomeDeclaration identifier="SOLUTIONMODAL" cardinality="single" baseType="identifier" view="testConstructor"/>
<outcomeDeclaration identifier="MINSCORE" cardinality="single" baseType="float">
<defaultValue>
<value baseType="float">0</value>
</defaultValue>
</outcomeDeclaration>
<outcomeDeclaration identifier="SCORE_RESPONSE_1" cardinality="single" baseType="float">
<defaultValue>
<value>0.0</value>
</defaultValue>
</outcomeDeclaration>
<outcomeDeclaration identifier="MINSCORE_RESPONSE_1" cardinality="single" baseType="float">
<defaultValue>
<value>0.0</value>
</defaultValue>
</outcomeDeclaration>
<itemBody>
<p>Wat is bij een one-way ANOVA de nulhypothese van de toets van Levene?</p>
<choiceInteraction responseIdentifier="vufgb-onewayanova-004-nl-qti_362414918_section_1_item_1_schoice_RESPONSE_1_5932614" shuffle="false" maxChoices="1">
<simpleChoice identifier="vufgb-onewayanova-004-nl-qti_362414918_section_1_item_1_schoice_1_7120289924">
<p>
 <math display="inline" xmlns="http://www.w3.org/1998/Math/MathML"><semantics><mrow><msub><mi>α</mi><mn>1</mn></msub><mo>=</mo><msub><mi>α</mi><mn>2</mn></msub><mi>.</mi><mi>.</mi><mi>.</mi><mo>=</mo><msub><mi>α</mi><mi>g</mi></msub></mrow><annotation encoding="application/x-tex">\alpha_{1} = \alpha_{2} ... = \alpha_{g}</annotation></semantics></math>
</p>
</simpleChoice>
<simpleChoice identifier="vufgb-onewayanova-004-nl-qti_362414918_section_1_item_1_schoice_2_9067250031">
<p>
 <math display="inline" xmlns="http://www.w3.org/1998/Math/MathML"><semantics><mrow><msub><mi>β</mi><mn>1</mn></msub><mo>=</mo><msub><mi>β</mi><mn>2</mn></msub><mi>.</mi><mi>.</mi><mi>.</mi><mo>=</mo><msub><mi>β</mi><mi>g</mi></msub></mrow><annotation encoding="application/x-tex">\beta_{1} = \beta_{2} ... = \beta_{g}</annotation></semantics></math>
</p>
</simpleChoice>
<simpleChoice identifier="vufgb-onewayanova-004-nl-qti_362414918_section_1_item_1_schoice_3_5855960443">
<p>
 <math display="inline" xmlns="http://www.w3.org/1998/Math/MathML"><semantics><mrow><msub><mi>σ</mi><mn>1</mn></msub><mo>=</mo><msub><mi>σ</mi><mn>2</mn></msub><mi>.</mi><mi>.</mi><mi>.</mi><mo>=</mo><msub><mi>σ</mi><mi>g</mi></msub></mrow><annotation encoding="application/x-tex">\sigma_{1} = \sigma_{2} ... = \sigma_{g}</annotation></semantics></math>
</p>
</simpleChoice>
<simpleChoice identifier="vufgb-onewayanova-004-nl-qti_362414918_section_1_item_1_schoice_4_2913209297">
<p>
 <math display="inline" xmlns="http://www.w3.org/1998/Math/MathML"><semantics><mrow><msub><mi>μ</mi><mn>1</mn></msub><mo>=</mo><msub><mi>μ</mi><mn>2</mn></msub><mi>.</mi><mi>.</mi><mi>.</mi><mo>=</mo><msub><mi>μ</mi><mi>g</mi></msub></mrow><annotation encoding="application/x-tex">\mu_{1} = \mu_{2} ... = \mu_{g}</annotation></semantics></math>
</p>
</simpleChoice>
</choiceInteraction>
</itemBody>
<responseProcessing>
<setOutcomeValue identifier="SCORE_RESPONSE_1">
<sum>
<variable identifier="SCORE_RESPONSE_1"/>
<mapResponse identifier="vufgb-onewayanova-004-nl-qti_362414918_section_1_item_1_schoice_RESPONSE_1_5932614"/>
</sum>
</setOutcomeValue>
<responseCondition>
<responseIf>
<lt>
<variable identifier="SCORE_RESPONSE_1"/>
<variable identifier="MINSCORE_RESPONSE_1"/>
</lt>
<setOutcomeValue identifier="SCORE_RESPONSE_1">
<variable identifier="MINSCORE_RESPONSE_1"/>
</setOutcomeValue>
</responseIf>
</responseCondition>
<responseCondition>
<responseIf>
<isNull>
<variable identifier="vufgb-onewayanova-004-nl-qti_362414918_section_1_item_1_schoice_RESPONSE_1_5932614"/>
</isNull>
<setOutcomeValue identifier="SCORE_RESPONSE_1">
<sum>
<variable identifier="SCORE_RESPONSE_1"/>
<baseValue baseType="float">0</baseValue>
</sum>
</setOutcomeValue>
</responseIf>
</responseCondition>
<setOutcomeValue identifier="SCORE">
<sum>
<variable identifier="SCORE_RESPONSE_1"/>
</sum>
</setOutcomeValue>
<responseCondition>
<responseIf>
<lt>
<variable identifier="SCORE"/>
<variable identifier="MINSCORE"/>
</lt>
<setOutcomeValue identifier="SCORE">
<variable identifier="MINSCORE"/>
</setOutcomeValue>
</responseIf>
</responseCondition>
<responseCondition>
<responseIf>
<lt>
<variable identifier="SCORE"/>
<baseValue baseType="float">1</baseValue>
</lt>
<setOutcomeValue identifier="FEEDBACKMODAL">
<multiple>
<variable identifier="FEEDBACKMODAL"/>
<baseValue baseType="identifier">Feedback756896053</baseValue>
</multiple>
</setOutcomeValue>
</responseIf>
</responseCondition>
</responseProcessing>
<modalFeedback identifier="Feedback756896053" outcomeIdentifier="FEEDBACKMODAL" showHide="show">
<ul>
<li> <math display="inline" xmlns="http://www.w3.org/1998/Math/MathML"><semantics><mrow><msub><mi>α</mi><mn>1</mn></msub><mo>=</mo><msub><mi>α</mi><mn>2</mn></msub><mi>.</mi><mi>.</mi><mi>.</mi><mo>=</mo><msub><mi>α</mi><mi>g</mi></msub></mrow><annotation encoding="application/x-tex">\alpha_{1} = \alpha_{2} ... = \alpha_{g}</annotation></semantics></math> <br /> Incorrect </li>
<li> <math display="inline" xmlns="http://www.w3.org/1998/Math/MathML"><semantics><mrow><msub><mi>β</mi><mn>1</mn></msub><mo>=</mo><msub><mi>β</mi><mn>2</mn></msub><mi>.</mi><mi>.</mi><mi>.</mi><mo>=</mo><msub><mi>β</mi><mi>g</mi></msub></mrow><annotation encoding="application/x-tex">\beta_{1} = \beta_{2} ... = \beta_{g}</annotation></semantics></math> <br /> Incorrect </li>
<li> <math display="inline" xmlns="http://www.w3.org/1998/Math/MathML"><semantics><mrow><msub><mi>σ</mi><mn>1</mn></msub><mo>=</mo><msub><mi>σ</mi><mn>2</mn></msub><mi>.</mi><mi>.</mi><mi>.</mi><mo>=</mo><msub><mi>σ</mi><mi>g</mi></msub></mrow><annotation encoding="application/x-tex">\sigma_{1} = \sigma_{2} ... = \sigma_{g}</annotation></semantics></math> <br /> Correct </li>
<li> <math display="inline" xmlns="http://www.w3.org/1998/Math/MathML"><semantics><mrow><msub><mi>μ</mi><mn>1</mn></msub><mo>=</mo><msub><mi>μ</mi><mn>2</mn></msub><mi>.</mi><mi>.</mi><mi>.</mi><mo>=</mo><msub><mi>μ</mi><mi>g</mi></msub></mrow><annotation encoding="application/x-tex">\mu_{1} = \mu_{2} ... = \mu_{g}</annotation></semantics></math> <br /> Incorrect </li>
</ul>
</modalFeedback>
</assessmentItem>
