<?xml version="1.0" encoding="UTF-8"?>
<!DOCTYPE questestinterop SYSTEM "ims_qtiasiv1p2p1.dtd">

<questestinterop xmlns="http://www.imsglobal.org/xsd/ims_qtiasiv1p2" xmlns:xsi="http://www.w3.org/2001/XMLSchema-instance" xsi:schemaLocation="http://www.imsglobal.org/xsd/ims_qtiasiv1p2 http://www.imsglobal.org/xsd/ims_qtiasiv1p2p1.xsd">
<assessment ident="uva-two-sided-hypothesis-1722-nl-canvas_566747084" title="uva-two-sided-hypothesis-1722-nl-canvas">

<qtimetadata>
<qtimetadatafield>
<fieldlabel>cc_maxattempts</fieldlabel>
<fieldentry>1</fieldentry>
</qtimetadatafield>
<qtimetadatafield>
<fieldlabel>qmd_assessmenttype</fieldlabel>
<fieldentry>Assessment</fieldentry>
</qtimetadatafield>
</qtimetadata>
<objectives>
<material>
<mattext><![CDATA[Please solve the following exercises.]]></mattext>
</material>
</objectives>
<assessmentcontrol feedbackswitch="No" hintswitch="No" solutionswitch="Yes"/>
<outcomes_processing scoremodel="SumOfScores">
<outcomes>
<decvar varname="SCORE" vartype="Decimal" cutvalue="0"/>
</outcomes>
</outcomes_processing>
<assessfeedback title="AssessmentFeedback" ident="AssessmentFeedback">
<flow_mat>
<material>
<mattext>##AssessmentFeedback##</mattext>
</material>
</flow_mat>
</assessfeedback>

<section ident="uva-two-sided-hypothesis-1722-nl-canvas_566747084_section_1" title="Exercise">

<objectives>
<material>
<mattext><![CDATA[Please answer the following question.]]></mattext>
</material>
</objectives>
<selection_ordering>
<selection>
<selection_number>1</selection_number>
<selection_extension>
<points_per_item>1</points_per_item>
</selection_extension>
</selection>
<order order_type="Random"/>
</selection_ordering>

<item ident="uva-two-sided-hypothesis-1722-nl-canvas_566747084_section_1_item_1_schoice" title="Question" maxattempts="1">
<itemcontrol feedbackswitch="No" hintswitch="No" solutionswitch="Yes"/>
<itemmetadata>
<qtimetadata>
<qtimetadatafield>
<fieldlabel>question_type</fieldlabel>
<fieldentry>multiple_choice_question</fieldentry>
</qtimetadatafield>
</qtimetadata>
</itemmetadata>
<presentation>
<flow>
<material>
<matbreak/>
<mattext texttype="text/html" charset="utf-8"><![CDATA[
<p>In een onderzoek met een random steekproef van 109 mensen werd gevraagd
of mensen het eens waren met de uitspraak van de rechter in de zaak
Wilders. In die zaak besloot de rechter dat zijn film 'Fitna' niet
oproept tot haat of geweld tegen moslims. Het percentage mensen dat het
eens was met de uitspraak van de rechter was 55%. De onderzoekers wilden
weten of het percentage in de populatie groter was dan 50%. Daartoe
stelden de onderzoekers een nulhypothese op die stelt dathet percentage
mensen die het eens is met de rechter 50% is. De P-waarde bij deze toets
is</p>
]]></mattext>
<matbreak/>
</material>
<response_lid ident="uva-two-sided-hypothesis-1722-nl-canvas_566747084_section_1_item_1_schoice_RESPONSE_1074700" rcardinality="Single" rtiming="No">
<render_choice shuffle="No">
<flow_label class="List">
<response_label ident="uva-two-sided-hypothesis-1722-nl-canvas_566747084_section_1_item_1_schoice_1335751708" rshuffle="No">
<material>
<mattext texttype="text/html" charset="utf-8"><![CDATA[
 0.1101
]]></mattext>
</material>
</response_label>
</flow_label>
<flow_label class="List">
<response_label ident="uva-two-sided-hypothesis-1722-nl-canvas_566747084_section_1_item_1_schoice_3886243059" rshuffle="No">
<material>
<mattext texttype="text/html" charset="utf-8"><![CDATA[
 0.1482
]]></mattext>
</material>
</response_label>
</flow_label>
<flow_label class="List">
<response_label ident="uva-two-sided-hypothesis-1722-nl-canvas_566747084_section_1_item_1_schoice_9855011369" rshuffle="No">
<material>
<mattext texttype="text/html" charset="utf-8"><![CDATA[
 0.2018
]]></mattext>
</material>
</response_label>
</flow_label>
</render_choice>
</response_lid>
</flow>
</presentation>
<resprocessing>
<outcomes>
<decvar varname="SCORE" vartype="Decimal" defaultval="0" minvalue="0" maxvalue="1" cutvalue="1"/>
</outcomes>
<respcondition title="Mastery" continue="No">
<conditionvar>
<and>
<varequal respident="uva-two-sided-hypothesis-1722-nl-canvas_566747084_section_1_item_1_schoice_RESPONSE_1074700" case="Yes">uva-two-sided-hypothesis-1722-nl-canvas_566747084_section_1_item_1_schoice_3886243059</varequal>
<not> <varequal respident="uva-two-sided-hypothesis-1722-nl-canvas_566747084_section_1_item_1_schoice_RESPONSE_1074700" case="Yes">uva-two-sided-hypothesis-1722-nl-canvas_566747084_section_1_item_1_schoice_1335751708</varequal> </not>
<not> <varequal respident="uva-two-sided-hypothesis-1722-nl-canvas_566747084_section_1_item_1_schoice_RESPONSE_1074700" case="Yes">uva-two-sided-hypothesis-1722-nl-canvas_566747084_section_1_item_1_schoice_9855011369</varequal> </not>
</and>
</conditionvar>
<setvar varname="SCORE" action="Set">1</setvar>
<displayfeedback feedbacktype="Response" linkrefid="correct_fb"/>
</respcondition>
<respcondition continue="Yes">
<conditionvar>
<other/>
</conditionvar>
<displayfeedback feedbacktype="Response" linkrefid="general_incorrect_fb"/>
</respcondition>
</resprocessing>
<itemfeedback ident="correct_fb" view="All">
<flow_mat>
<material>
<mattext texttype="text/html"><![CDATA[
<ul>
<li> 0.1101 <br /> 0.1101: Incorrect </li>
<li> 0.1482 <br /> 0.1482: Correct </li>
<li> 0.2018 <br /> 0.2018: Incorrect </li>
</ul>
]]></mattext>
</material>
</flow_mat>
</itemfeedback>
<itemfeedback ident="general_incorrect_fb" view="All">
<flow_mat>
<material>
<mattext texttype="text/html"><![CDATA[
<ul>
<li> 0.1101 <br /> 0.1101: Incorrect </li>
<li> 0.1482 <br /> 0.1482: Correct </li>
<li> 0.2018 <br /> 0.2018: Incorrect </li>
</ul>
]]></mattext>
</material>
</flow_mat>
</itemfeedback>
</item>


</section>

</assessment>
</questestinterop>
