<?xml version="1.0" encoding="utf-8" standalone="yes"?>
<assessmentItem identifier="uu-F-statistic-804-nl-tv_202411271204_item_1_schoice" title="uu-F-statistic-804-nl-tv_202411271204_item_1_schoice_uu-F-statistic-804-nl.Rmd" adaptive="false" timeDependent="false" toolName="Testvision Online" toolVersion="39.0.9084" xmlns="http://www.imsglobal.org/xsd/imsqti_v2p1"> <responseDeclaration identifier="RESPONSE" cardinality="single" baseType="identifier"> <correctResponse> <value>alt_314227</value> </correctResponse> <mapping defaultValue="0" lowerBound="0.0"> <mapEntry mapKey="alt_314227" mappedValue="1"/> <mapEntry mapKey="alt_478181" mappedValue="-0.333333333333333"/> <mapEntry mapKey="alt_589037" mappedValue="-0.333333333333333"/> <mapEntry mapKey="alt_167115" mappedValue="-0.333333333333333"/> </mapping> </responseDeclaration> <outcomeDeclaration identifier="SCORE" cardinality="single" baseType="float" normalMaximum="1" normalMinimum="0" /> <outcomeDeclaration identifier="FEEDBACK" cardinality="single" baseType="identifier" /> <stylesheet href="css/uu-F-statistic-804-nl-tv_202411271204_item_1_schoice.css" type="text/css" /> <itemBody> <p>De volgende twee tabellen zijn (enigszins aangepast) afkomstig uit het artikel van Verkuyten en Masson.</p> <p><img src="mediafiles/supplements1/uu-F-statistic-804-nl-tabel.jpg" alt="image"/></p> <p>Stel dat een lezer de volgende twee conclusies trekt uit deze gegevens:</p> <ol  class="recss_1"> <li>Aan de F-waarde van 37.5 kun je zien dat Nederlanders en Turkse jongeren signficant verschillen op Collective Self-Esteem. Turkse jongeren scoren hoger dan Nederlandse jongeren.</li> <li>Aan de F-waarde van 0.4 kun je zien dat Nederlanders en Turkse jongeren signficicant verschillen op Personal self-esteem. Turkse jongeren scoren hoger dan Nederlandse jongeren.</li> </ol> <p>Zijn deze conclusies juist?</p> <choiceInteraction responseIdentifier="RESPONSE" shuffle="false" maxChoices="1"> <simpleChoice identifier="alt_314227"> <div class="textblock tvblock tvcss_1"><div class="rte_zone tveditor1">  Alleen stelling 1 is juist. </div> </div> </simpleChoice> <simpleChoice identifier="alt_478181"> <div class="textblock tvblock tvcss_1"><div class="rte_zone tveditor1">  Alleen stelling 2 is juist. </div> </div> </simpleChoice> <simpleChoice identifier="alt_589037"> <div class="textblock tvblock tvcss_1"><div class="rte_zone tveditor1">  Beide stellingen zijn juist. </div> </div> </simpleChoice> <simpleChoice identifier="alt_167115"> <div class="textblock tvblock tvcss_1"><div class="rte_zone tveditor1">  Beide stelling zijn onjuist. </div> </div> </simpleChoice> </choiceInteraction> </itemBody> <responseProcessing> <responseCondition> <responseIf> <isNull> <variable identifier="RESPONSE"/> </isNull> <setOutcomeValue identifier="SCORE"> <baseValue baseType="float">0.0</baseValue> </setOutcomeValue> <setOutcomeValue identifier="FEEDBACK"> <baseValue baseType="identifier">FAILURE</baseValue> </setOutcomeValue> </responseIf> <responseElse> <setOutcomeValue identifier="SCORE"> <mapResponse identifier="RESPONSE"/> </setOutcomeValue> <responseCondition> <responseIf> <equal toleranceMode="relative" tolerance="0.001"> <variable identifier="SCORE"/> <variable identifier="MAXSCORE"/> </equal> <setOutcomeValue identifier="FEEDBACK"> <baseValue baseType="identifier">ANSWER_CORRECT</baseValue> </setOutcomeValue> </responseIf> <responseElse> <setOutcomeValue identifier="FEEDBACK"> <baseValue baseType="identifier">FAILURE</baseValue> </setOutcomeValue> </responseElse> </responseCondition> </responseElse> </responseCondition> </responseProcessing> <modalFeedback identifier="FAILURE" outcomeIdentifier="FEEDBACK" showHide="show"> <div class="textblock tvblock tvcss_1"><div class="rte_zone tveditor1"> </div> </div> </modalFeedback> <modalFeedback identifier="ANSWER_CORRECT" outcomeIdentifier="FEEDBACK" showHide="show"> <div class="textblock tvblock tvcss_1"><div class="rte_zone tveditor1"> </div> </div> </modalFeedback> <modalFeedback identifier="PARTIAL_CORRECT" outcomeIdentifier="FEEDBACK" showHide="show"> <div class="textblock tvblock tvcss_1"><div class="rte_zone tveditor1"> </div> </div> </modalFeedback> </assessmentItem>
