<?xml version="1.0" encoding="utf-8" standalone="yes"?>
<assessmentItem identifier="uva-power-1588-nl-tv_202601131823_item_1_schoice" title="uva-power-1588-nl-tv_202601131823_item_1_schoice_uva-power-1588-nl" adaptive="false" timeDependent="false" toolName="Testvision Online" toolVersion="39.0.9084" xmlns="http://www.imsglobal.org/xsd/imsqti_v2p1">
<responseDeclaration identifier="RESPONSE" cardinality="single" baseType="identifier">
<correctResponse>
<value>alt_398215</value>
</correctResponse>
<mapping defaultValue="0" lowerBound="0.0">
<mapEntry mapKey="alt_398215" mappedValue="1"/>
<mapEntry mapKey="alt_885478" mappedValue="-0.5"/>
<mapEntry mapKey="alt_386394" mappedValue="-0.5"/>
</mapping>
</responseDeclaration>
<outcomeDeclaration identifier="SCORE" cardinality="single" baseType="float" normalMaximum="1" normalMinimum="0" />
<outcomeDeclaration identifier="FEEDBACK" cardinality="single" baseType="identifier" />
<stylesheet href="css/uva-power-1588-nl-tv_202601131823_item_1_schoice.css" type="text/css" />
<itemBody>
<p>Men toetst H<sub>1</sub>: p = 0.5 tegen H<sub>2</sub>: p = 0.3 in een aselecte steekproef
van n = 12 waarnemingen. Toetsingsgrootheid is de binomiaal verdeelde
stochast B, het aantal successen in de steekproef. Als linker kritieke
grens wordt de waarde 4 gebruikt. Het onderscheidingsvermogen 1 - β is
dan gelijk aan</p>
<choiceInteraction responseIdentifier="RESPONSE" shuffle="false" maxChoices="1">
<simpleChoice identifier="alt_398215">
<div class="textblock tvblock tvcss_1"><div class="rte_zone tveditor1">
 0.83
</div>
</div>
</simpleChoice>
<simpleChoice identifier="alt_885478">
<div class="textblock tvblock tvcss_1"><div class="rte_zone tveditor1">
 0.84
</div>
</div>
</simpleChoice>
<simpleChoice identifier="alt_386394">
<div class="textblock tvblock tvcss_1"><div class="rte_zone tveditor1">
 0.92
</div>
</div>
</simpleChoice>
</choiceInteraction>
</itemBody>
<responseProcessing>
<responseCondition>
<responseIf>
<isNull>
<variable identifier="RESPONSE"/>
</isNull>
<setOutcomeValue identifier="SCORE">
<baseValue baseType="float">0.0</baseValue>
</setOutcomeValue>
<setOutcomeValue identifier="FEEDBACK">
<baseValue baseType="identifier">FAILURE</baseValue>
</setOutcomeValue>
</responseIf>
<responseElse>
<setOutcomeValue identifier="SCORE">
<mapResponse identifier="RESPONSE"/>
</setOutcomeValue>
<responseCondition>
<responseIf>
<equal toleranceMode="relative" tolerance="0.001">
<variable identifier="SCORE"/>
<variable identifier="MAXSCORE"/>
</equal>
<setOutcomeValue identifier="FEEDBACK">
<baseValue baseType="identifier">ANSWER_CORRECT</baseValue>
</setOutcomeValue>
</responseIf>
<responseElse>
<setOutcomeValue identifier="FEEDBACK">
<baseValue baseType="identifier">FAILURE</baseValue>
</setOutcomeValue>
</responseElse>
</responseCondition>
</responseElse>
</responseCondition>
</responseProcessing>
<modalFeedback identifier="FAILURE" outcomeIdentifier="FEEDBACK" showHide="show">
<div class="textblock tvblock tvcss_1"><div class="rte_zone tveditor1">
<ul>
<li> 0.83 <br /> 0.83: Correct </li>
<li> 0.84 <br /> 0.84: Incorrect </li>
<li> 0.92 <br /> 0.92: Incorrect </li>
</ul>
</div>
</div>
</modalFeedback>
<modalFeedback identifier="ANSWER_CORRECT" outcomeIdentifier="FEEDBACK" showHide="show">
<div class="textblock tvblock tvcss_1"><div class="rte_zone tveditor1">
<ul>
<li> 0.83 <br /> 0.83: Correct </li>
<li> 0.84 <br /> 0.84: Incorrect </li>
<li> 0.92 <br /> 0.92: Incorrect </li>
</ul>
</div>
</div>
</modalFeedback>
<modalFeedback identifier="PARTIAL_CORRECT" outcomeIdentifier="FEEDBACK" showHide="show">
<div class="textblock tvblock tvcss_1"><div class="rte_zone tveditor1">
<ul>
<li> 0.83 <br /> 0.83: Correct </li>
<li> 0.84 <br /> 0.84: Incorrect </li>
<li> 0.92 <br /> 0.92: Incorrect </li>
</ul>
</div>
</div>
</modalFeedback>
</assessmentItem>
