<?xml version="1.0" encoding="UTF-8"?>
<!DOCTYPE questestinterop SYSTEM "ims_qtiasiv1p2p1.dtd">

<questestinterop xmlns="http://www.imsglobal.org/xsd/ims_qtiasiv1p2" xmlns:xsi="http://www.w3.org/2001/XMLSchema-instance" xsi:schemaLocation="http://www.imsglobal.org/xsd/ims_qtiasiv1p2 http://www.imsglobal.org/xsd/ims_qtiasiv1p2p1.xsd">
<assessment ident="uva-paired-samples-505-en-canvas_403213103" title="uva-paired-samples-505-en-canvas">

<qtimetadata>
<qtimetadatafield>
<fieldlabel>cc_maxattempts</fieldlabel>
<fieldentry>1</fieldentry>
</qtimetadatafield>
<qtimetadatafield>
<fieldlabel>qmd_assessmenttype</fieldlabel>
<fieldentry>Assessment</fieldentry>
</qtimetadatafield>
</qtimetadata>
<objectives>
<material>
<mattext><![CDATA[Please solve the following exercises.]]></mattext>
</material>
</objectives>
<assessmentcontrol feedbackswitch="No" hintswitch="No" solutionswitch="Yes"/>
<outcomes_processing scoremodel="SumOfScores">
<outcomes>
<decvar varname="SCORE" vartype="Decimal" cutvalue="0"/>
</outcomes>
</outcomes_processing>
<assessfeedback title="AssessmentFeedback" ident="AssessmentFeedback">
<flow_mat>
<material>
<mattext>##AssessmentFeedback##</mattext>
</material>
</flow_mat>
</assessfeedback>

<section ident="uva-paired-samples-505-en-canvas_403213103_section_1" title="Exercise">

<objectives>
<material>
<mattext><![CDATA[Please answer the following question.]]></mattext>
</material>
</objectives>
<selection_ordering>
<selection>
<selection_number>1</selection_number>
<selection_extension>
<points_per_item>1</points_per_item>
</selection_extension>
</selection>
<order order_type="Random"/>
</selection_ordering>

<item ident="uva-paired-samples-505-en-canvas_403213103_section_1_item_1_schoice" title="Question" maxattempts="1">
<itemcontrol feedbackswitch="No" hintswitch="No" solutionswitch="Yes"/>
<itemmetadata>
<qtimetadata>
<qtimetadatafield>
<fieldlabel>question_type</fieldlabel>
<fieldentry>multiple_choice_question</fieldentry>
</qtimetadatafield>
</qtimetadata>
</itemmetadata>
<presentation>
<flow>
<material>
<matbreak/>
<mattext texttype="text/html" charset="utf-8"><![CDATA[
<p>Below is a portion of the SPSS output from a paired T-test on two measurements on 17 people. The critical area for the test size for testing <em>equity</em> of population averages is</p>
<p><img src="data/supplements_1_1/uva-paired-samples-505-nl-graph01.png" /></p>
]]></mattext>
<matbreak/>
</material>
<response_lid ident="uva-paired-samples-505-en-canvas_403213103_section_1_item_1_schoice_RESPONSE_7527845" rcardinality="Single" rtiming="No">
<render_choice shuffle="No">
<flow_label class="List">
<response_label ident="uva-paired-samples-505-en-canvas_403213103_section_1_item_1_schoice_2395412331" rshuffle="No">
<material>
<mattext texttype="text/html" charset="utf-8"><![CDATA[
 &lt;-∞; -1.7459] ∪ [1.7459; ∞&gt;
]]></mattext>
</material>
</response_label>
</flow_label>
<flow_label class="List">
<response_label ident="uva-paired-samples-505-en-canvas_403213103_section_1_item_1_schoice_3055150815" rshuffle="No">
<material>
<mattext texttype="text/html" charset="utf-8"><![CDATA[
 &lt;- ∞; -2.1199] ∪ [2.1199; ∞&gt;
]]></mattext>
</material>
</response_label>
</flow_label>
<flow_label class="List">
<response_label ident="uva-paired-samples-505-en-canvas_403213103_section_1_item_1_schoice_9832080380" rshuffle="No">
<material>
<mattext texttype="text/html" charset="utf-8"><![CDATA[
 &lt;-2.1199; 2.1199&gt;
]]></mattext>
</material>
</response_label>
</flow_label>
<flow_label class="List">
<response_label ident="uva-paired-samples-505-en-canvas_403213103_section_1_item_1_schoice_8192906899" rshuffle="No">
<material>
<mattext texttype="text/html" charset="utf-8"><![CDATA[
 &lt;-2.1098; 2.1098&gt;
]]></mattext>
</material>
</response_label>
</flow_label>
</render_choice>
</response_lid>
</flow>
</presentation>
<resprocessing>
<outcomes>
<decvar varname="SCORE" vartype="Decimal" defaultval="0" minvalue="0" maxvalue="1" cutvalue="1"/>
</outcomes>
<respcondition title="Mastery" continue="No">
<conditionvar>
<and>
<varequal respident="uva-paired-samples-505-en-canvas_403213103_section_1_item_1_schoice_RESPONSE_7527845" case="Yes">uva-paired-samples-505-en-canvas_403213103_section_1_item_1_schoice_3055150815</varequal>
<not> <varequal respident="uva-paired-samples-505-en-canvas_403213103_section_1_item_1_schoice_RESPONSE_7527845" case="Yes">uva-paired-samples-505-en-canvas_403213103_section_1_item_1_schoice_2395412331</varequal> </not>
<not> <varequal respident="uva-paired-samples-505-en-canvas_403213103_section_1_item_1_schoice_RESPONSE_7527845" case="Yes">uva-paired-samples-505-en-canvas_403213103_section_1_item_1_schoice_9832080380</varequal> </not>
<not> <varequal respident="uva-paired-samples-505-en-canvas_403213103_section_1_item_1_schoice_RESPONSE_7527845" case="Yes">uva-paired-samples-505-en-canvas_403213103_section_1_item_1_schoice_8192906899</varequal> </not>
</and>
</conditionvar>
<setvar varname="SCORE" action="Set">1</setvar>
<displayfeedback feedbacktype="Response" linkrefid="correct_fb"/>
</respcondition>
<respcondition continue="Yes">
<conditionvar>
<other/>
</conditionvar>
<displayfeedback feedbacktype="Response" linkrefid="general_incorrect_fb"/>
</respcondition>
</resprocessing>
<itemfeedback ident="correct_fb" view="All">
<flow_mat>
<material>
<mattext texttype="text/html"><![CDATA[
<ul>
<li> &lt;-∞; -1.7459] ∪ [1.7459; ∞&gt; <br /> &lt;-∞; -1.7459] ∪ [1.7459; ∞&gt;: Incorrect </li>
<li> &lt;- ∞; -2.1199] ∪ [2.1199; ∞&gt; <br /> &lt;- ∞; -2.1199] ∪ [2.1199; ∞&gt;: Correct </li>
<li> &lt;-2.1199; 2.1199&gt; <br /> &lt;-2.1199; 2.1199&gt;: Incorrect </li>
<li> &lt;-2.1098; 2.1098&gt; <br /> &lt;-2.1098; 2.1098&gt;: Incorrect </li>
</ul>
]]></mattext>
</material>
</flow_mat>
</itemfeedback>
<itemfeedback ident="general_incorrect_fb" view="All">
<flow_mat>
<material>
<mattext texttype="text/html"><![CDATA[
<ul>
<li> &lt;-∞; -1.7459] ∪ [1.7459; ∞&gt; <br /> &lt;-∞; -1.7459] ∪ [1.7459; ∞&gt;: Incorrect </li>
<li> &lt;- ∞; -2.1199] ∪ [2.1199; ∞&gt; <br /> &lt;- ∞; -2.1199] ∪ [2.1199; ∞&gt;: Correct </li>
<li> &lt;-2.1199; 2.1199&gt; <br /> &lt;-2.1199; 2.1199&gt;: Incorrect </li>
<li> &lt;-2.1098; 2.1098&gt; <br /> &lt;-2.1098; 2.1098&gt;: Incorrect </li>
</ul>
]]></mattext>
</material>
</flow_mat>
</itemfeedback>
</item>


</section>

</assessment>
</questestinterop>
