<?xml version="1.0" encoding="UTF-8"?>
<!DOCTYPE questestinterop SYSTEM "ims_qtiasiv1p2p1.dtd">

<questestinterop xmlns="http://www.imsglobal.org/xsd/ims_qtiasiv1p2" xmlns:xsi="http://www.w3.org/2001/XMLSchema-instance" xsi:schemaLocation="http://www.imsglobal.org/xsd/ims_qtiasiv1p2 http://www.imsglobal.org/xsd/ims_qtiasiv1p2p1.xsd">
<assessment ident="vufgb-anova-022-nl-canvas_570302576" title="vufgb-anova-022-nl-canvas">

<qtimetadata>
<qtimetadatafield>
<fieldlabel>cc_maxattempts</fieldlabel>
<fieldentry>1</fieldentry>
</qtimetadatafield>
<qtimetadatafield>
<fieldlabel>qmd_assessmenttype</fieldlabel>
<fieldentry>Assessment</fieldentry>
</qtimetadatafield>
</qtimetadata>
<objectives>
<material>
<mattext><![CDATA[Please solve the following exercises.]]></mattext>
</material>
</objectives>
<assessmentcontrol feedbackswitch="No" hintswitch="No" solutionswitch="Yes"/>
<outcomes_processing scoremodel="SumOfScores">
<outcomes>
<decvar varname="SCORE" vartype="Decimal" cutvalue="0"/>
</outcomes>
</outcomes_processing>
<assessfeedback title="AssessmentFeedback" ident="AssessmentFeedback">
<flow_mat>
<material>
<mattext>##AssessmentFeedback##</mattext>
</material>
</flow_mat>
</assessfeedback>

<section ident="vufgb-anova-022-nl-canvas_570302576_section_1" title="Exercise">

<objectives>
<material>
<mattext><![CDATA[Please answer the following question.]]></mattext>
</material>
</objectives>
<selection_ordering>
<selection>
<selection_number>1</selection_number>
<selection_extension>
<points_per_item>1</points_per_item>
</selection_extension>
</selection>
<order order_type="Random"/>
</selection_ordering>

<item ident="vufgb-anova-022-nl-canvas_570302576_section_1_item_1_schoice" title="Question" maxattempts="1">
<itemcontrol feedbackswitch="No" hintswitch="No" solutionswitch="Yes"/>
<itemmetadata>
<qtimetadata>
<qtimetadatafield>
<fieldlabel>question_type</fieldlabel>
<fieldentry>multiple_choice_question</fieldentry>
</qtimetadatafield>
</qtimetadata>
</itemmetadata>
<presentation>
<flow>
<material>
<matbreak/>
<mattext texttype="text/html" charset="utf-8"><![CDATA[
<p>Welk paar contrasten is orthogonaal?</p>
<p>Contrast 1: (+2 -1 0 -1)</p>
<p>Contrast 2: (+1 +1 0 -2)</p>
<p>Contrast 3: (-1 0 +1 0)</p>
]]></mattext>
<matbreak/>
</material>
<response_lid ident="vufgb-anova-022-nl-canvas_570302576_section_1_item_1_schoice_RESPONSE_6650413" rcardinality="Single" rtiming="No">
<render_choice shuffle="No">
<flow_label class="List">
<response_label ident="vufgb-anova-022-nl-canvas_570302576_section_1_item_1_schoice_9151516557" rshuffle="No">
<material>
<mattext texttype="text/html" charset="utf-8"><![CDATA[
 Contrasten 1 en 2
]]></mattext>
</material>
</response_label>
</flow_label>
<flow_label class="List">
<response_label ident="vufgb-anova-022-nl-canvas_570302576_section_1_item_1_schoice_7290601763" rshuffle="No">
<material>
<mattext texttype="text/html" charset="utf-8"><![CDATA[
 Contrasten 1 en 3
]]></mattext>
</material>
</response_label>
</flow_label>
<flow_label class="List">
<response_label ident="vufgb-anova-022-nl-canvas_570302576_section_1_item_1_schoice_1351575500" rshuffle="No">
<material>
<mattext texttype="text/html" charset="utf-8"><![CDATA[
 Contrasten 2 en 3
]]></mattext>
</material>
</response_label>
</flow_label>
<flow_label class="List">
<response_label ident="vufgb-anova-022-nl-canvas_570302576_section_1_item_1_schoice_6696852967" rshuffle="No">
<material>
<mattext texttype="text/html" charset="utf-8"><![CDATA[
 Geen van de contrastparen.
]]></mattext>
</material>
</response_label>
</flow_label>
</render_choice>
</response_lid>
</flow>
</presentation>
<resprocessing>
<outcomes>
<decvar varname="SCORE" vartype="Decimal" defaultval="0" minvalue="0" maxvalue="1" cutvalue="1"/>
</outcomes>
<respcondition title="Mastery" continue="No">
<conditionvar>
<and>
<varequal respident="vufgb-anova-022-nl-canvas_570302576_section_1_item_1_schoice_RESPONSE_6650413" case="Yes">vufgb-anova-022-nl-canvas_570302576_section_1_item_1_schoice_6696852967</varequal>
<not> <varequal respident="vufgb-anova-022-nl-canvas_570302576_section_1_item_1_schoice_RESPONSE_6650413" case="Yes">vufgb-anova-022-nl-canvas_570302576_section_1_item_1_schoice_9151516557</varequal> </not>
<not> <varequal respident="vufgb-anova-022-nl-canvas_570302576_section_1_item_1_schoice_RESPONSE_6650413" case="Yes">vufgb-anova-022-nl-canvas_570302576_section_1_item_1_schoice_7290601763</varequal> </not>
<not> <varequal respident="vufgb-anova-022-nl-canvas_570302576_section_1_item_1_schoice_RESPONSE_6650413" case="Yes">vufgb-anova-022-nl-canvas_570302576_section_1_item_1_schoice_1351575500</varequal> </not>
</and>
</conditionvar>
<setvar varname="SCORE" action="Set">1</setvar>
<displayfeedback feedbacktype="Response" linkrefid="correct_fb"/>
</respcondition>
<respcondition continue="Yes">
<conditionvar>
<other/>
</conditionvar>
<displayfeedback feedbacktype="Response" linkrefid="general_incorrect_fb"/>
</respcondition>
</resprocessing>
<itemfeedback ident="correct_fb" view="All">
<flow_mat>
<material>
<mattext texttype="text/html"><![CDATA[
<ul>
<li> Contrasten 1 en 2 <br /> Incorrect </li>
<li> Contrasten 1 en 3 <br /> Incorrect </li>
<li> Contrasten 2 en 3 <br /> Incorrect </li>
<li> Geen van de contrastparen. <br /> Correct </li>
</ul>
]]></mattext>
</material>
</flow_mat>
</itemfeedback>
<itemfeedback ident="general_incorrect_fb" view="All">
<flow_mat>
<material>
<mattext texttype="text/html"><![CDATA[
<ul>
<li> Contrasten 1 en 2 <br /> Incorrect </li>
<li> Contrasten 1 en 3 <br /> Incorrect </li>
<li> Contrasten 2 en 3 <br /> Incorrect </li>
<li> Geen van de contrastparen. <br /> Correct </li>
</ul>
]]></mattext>
</material>
</flow_mat>
</itemfeedback>
</item>


</section>

</assessment>
</questestinterop>
