<?xml version="1.0" encoding="UTF-8"?>
<assessmentItem xsi:schemaLocation="http://www.imsglobal.org/xsd/imsqti_v2p1 http://www.imsglobal.org/xsd/qti/qtiv2p1/imsqti_v2p1p1.xsd http://www.w3.org/1998/Math/MathML http://www.w3.org/Math/XMLSchema/mathml2/mathml2.xsd" identifier="vufsw-equation-0041-en-ans_159600634_section_1_item_1_schoice" title="Inferential_Statistics_vufsw-equation-0041-en_vufsw-equation-0041-en_schoice_1" adaptive="false" timeDependent="false" xmlns="http://www.imsglobal.org/xsd/imsqti_v2p1" xmlns:xsi="http://www.w3.org/2001/XMLSchema-instance">
<responseDeclaration identifier="vufsw-equation-0041-en-ans_159600634_section_1_item_1_schoice_RESPONSE_1_3251988" cardinality="single" baseType="identifier">
<correctResponse>
<value>vufsw-equation-0041-en-ans_159600634_section_1_item_1_schoice_2_3116795418</value>
</correctResponse>
<mapping defaultValue="0" lowerBound="0.0">
<mapEntry mapKey="vufsw-equation-0041-en-ans_159600634_section_1_item_1_schoice_1_9296631622" mappedValue="0"/>
<mapEntry mapKey="vufsw-equation-0041-en-ans_159600634_section_1_item_1_schoice_2_3116795418" mappedValue="1"/>
<mapEntry mapKey="vufsw-equation-0041-en-ans_159600634_section_1_item_1_schoice_3_8492797924" mappedValue="0"/>
<mapEntry mapKey="vufsw-equation-0041-en-ans_159600634_section_1_item_1_schoice_4_8906024504" mappedValue="0"/>
<mapEntry mapKey="vufsw-equation-0041-en-ans_159600634_section_1_item_1_schoice_5_1416880060" mappedValue="0"/>
</mapping>
</responseDeclaration>
<outcomeDeclaration identifier="SCORE" cardinality="single" baseType="float" normalMaximum="1" normalMinimum="0">
<defaultValue>
<value>0.0</value>
</defaultValue>
</outcomeDeclaration>
<outcomeDeclaration identifier="MAXSCORE" cardinality="single" baseType="float">
<defaultValue>
<value>1</value>
</defaultValue>
</outcomeDeclaration>
<outcomeDeclaration identifier="FEEDBACKBASIC" cardinality="single" baseType="identifier" view="testConstructor">
<defaultValue>
<value>empty</value>
</defaultValue>
</outcomeDeclaration>
<outcomeDeclaration identifier="FEEDBACKMODAL" cardinality="multiple" baseType="identifier" view="testConstructor"/>
<outcomeDeclaration identifier="SOLUTIONMODAL" cardinality="single" baseType="identifier" view="testConstructor"/>
<outcomeDeclaration identifier="MINSCORE" cardinality="single" baseType="float">
<defaultValue>
<value baseType="float">0</value>
</defaultValue>
</outcomeDeclaration>
<outcomeDeclaration identifier="SCORE_RESPONSE_1" cardinality="single" baseType="float">
<defaultValue>
<value>0.0</value>
</defaultValue>
</outcomeDeclaration>
<outcomeDeclaration identifier="MINSCORE_RESPONSE_1" cardinality="single" baseType="float">
<defaultValue>
<value>0.0</value>
</defaultValue>
</outcomeDeclaration>
<itemBody>
<p>Below are the results of two separate regressions (for women and men
separately). “Gender” is a dummy variable that measures one’s sex (0 =
male; 1 = female). The dependent variable “CGPA” stands for one’s
College Grade Point Average and measures one’s study performance on a
scale from 2.5 (minimum score) to 4.0 (maximum score). “WatchTV” is a
variable that indicates how many minutes per day a person usually spends
watching TV.<br />
What is the correct regression equation for women?</p>
<p><img src="media/supplements1/Untitled.png" /></p>
<choiceInteraction responseIdentifier="vufsw-equation-0041-en-ans_159600634_section_1_item_1_schoice_RESPONSE_1_3251988" shuffle="false" maxChoices="1">
<simpleChoice identifier="vufsw-equation-0041-en-ans_159600634_section_1_item_1_schoice_1_9296631622">
<p>
 Y = 0,085 + 0,001 * X
</p>
</simpleChoice>
<simpleChoice identifier="vufsw-equation-0041-en-ans_159600634_section_1_item_1_schoice_2_3116795418">
<p>
 Y = 3,762 – 0,002 * X
</p>
</simpleChoice>
<simpleChoice identifier="vufsw-equation-0041-en-ans_159600634_section_1_item_1_schoice_3_8492797924">
<p>
 Y = 3,763 – 0,003 * X
</p>
</simpleChoice>
<simpleChoice identifier="vufsw-equation-0041-en-ans_159600634_section_1_item_1_schoice_4_8906024504">
<p>
 Y = –1,645 + 0,108 * X
</p>
</simpleChoice>
<simpleChoice identifier="vufsw-equation-0041-en-ans_159600634_section_1_item_1_schoice_5_1416880060">
<p>
 Y = 3,762 + 0,085 * X
</p>
</simpleChoice>
</choiceInteraction>
</itemBody>
<responseProcessing>
<setOutcomeValue identifier="SCORE_RESPONSE_1">
<sum>
<variable identifier="SCORE_RESPONSE_1"/>
<mapResponse identifier="vufsw-equation-0041-en-ans_159600634_section_1_item_1_schoice_RESPONSE_1_3251988"/>
</sum>
</setOutcomeValue>
<responseCondition>
<responseIf>
<lt>
<variable identifier="SCORE_RESPONSE_1"/>
<variable identifier="MINSCORE_RESPONSE_1"/>
</lt>
<setOutcomeValue identifier="SCORE_RESPONSE_1">
<variable identifier="MINSCORE_RESPONSE_1"/>
</setOutcomeValue>
</responseIf>
</responseCondition>
<responseCondition>
<responseIf>
<isNull>
<variable identifier="vufsw-equation-0041-en-ans_159600634_section_1_item_1_schoice_RESPONSE_1_3251988"/>
</isNull>
<setOutcomeValue identifier="SCORE_RESPONSE_1">
<sum>
<variable identifier="SCORE_RESPONSE_1"/>
<baseValue baseType="float">0</baseValue>
</sum>
</setOutcomeValue>
</responseIf>
</responseCondition>
<setOutcomeValue identifier="SCORE">
<sum>
<variable identifier="SCORE_RESPONSE_1"/>
</sum>
</setOutcomeValue>
<responseCondition>
<responseIf>
<lt>
<variable identifier="SCORE"/>
<variable identifier="MINSCORE"/>
</lt>
<setOutcomeValue identifier="SCORE">
<variable identifier="MINSCORE"/>
</setOutcomeValue>
</responseIf>
</responseCondition>
<responseCondition>
<responseIf>
<lt>
<variable identifier="SCORE"/>
<baseValue baseType="float">1</baseValue>
</lt>
<setOutcomeValue identifier="FEEDBACKMODAL">
<multiple>
<variable identifier="FEEDBACKMODAL"/>
<baseValue baseType="identifier">Feedback201298886</baseValue>
</multiple>
</setOutcomeValue>
</responseIf>
</responseCondition>
</responseProcessing>
<modalFeedback outcomeIdentifier="FEEDBACK" showHide="show" identifier="incorrect">
<p>Language<br />
Nederlands</p>
<p>Levels of Difficulty<br />
Easy</p>
<p>M&amp;T Basics of quantitative research<br />
Basics of quantitative research</p>
<p>M&amp;T BIS<br />
Default value</p>
<br />
<ul>
<li> Y = 0,085 + 0,001 * X <br /> False </li>
<li> Y = 3,762 – 0,002 * X <br /> True </li>
<li> Y = 3,763 – 0,003 * X <br /> False </li>
<li> Y = –1,645 + 0,108 * X <br /> False </li>
<li> Y = 3,762 + 0,085 * X <br /> False </li>
</ul>
</modalFeedback>
</assessmentItem>
