<?xml version="1.0" encoding="UTF-8"?>
<assessmentItem xsi:schemaLocation="http://www.imsglobal.org/xsd/imsqti_v2p1 http://www.imsglobal.org/xsd/qti/qtiv2p1/imsqti_v2p1p1.xsd http://www.w3.org/1998/Math/MathML http://www.w3.org/Math/XMLSchema/mathml2/mathml2.xsd" identifier="uva-normal-1121-nl-ans_608293946_section_1_item_1_schoice" title="Distributions_uva-normal-1121-nl_uva-normal-1121-nl_schoice_1" adaptive="false" timeDependent="false" xmlns="http://www.imsglobal.org/xsd/imsqti_v2p1" xmlns:xsi="http://www.w3.org/2001/XMLSchema-instance">
<responseDeclaration identifier="uva-normal-1121-nl-ans_608293946_section_1_item_1_schoice_RESPONSE_1_5836525" cardinality="single" baseType="identifier">
<correctResponse>
<value>uva-normal-1121-nl-ans_608293946_section_1_item_1_schoice_1_7127209784</value>
</correctResponse>
<mapping defaultValue="0" lowerBound="0.0">
<mapEntry mapKey="uva-normal-1121-nl-ans_608293946_section_1_item_1_schoice_1_7127209784" mappedValue="1"/>
<mapEntry mapKey="uva-normal-1121-nl-ans_608293946_section_1_item_1_schoice_2_1092248607" mappedValue="0"/>
<mapEntry mapKey="uva-normal-1121-nl-ans_608293946_section_1_item_1_schoice_3_8433221977" mappedValue="0"/>
<mapEntry mapKey="uva-normal-1121-nl-ans_608293946_section_1_item_1_schoice_4_5897394051" mappedValue="0"/>
</mapping>
</responseDeclaration>
<outcomeDeclaration identifier="SCORE" cardinality="single" baseType="float" normalMaximum="1" normalMinimum="0">
<defaultValue>
<value>0.0</value>
</defaultValue>
</outcomeDeclaration>
<outcomeDeclaration identifier="MAXSCORE" cardinality="single" baseType="float">
<defaultValue>
<value>1</value>
</defaultValue>
</outcomeDeclaration>
<outcomeDeclaration identifier="FEEDBACKBASIC" cardinality="single" baseType="identifier" view="testConstructor">
<defaultValue>
<value>empty</value>
</defaultValue>
</outcomeDeclaration>
<outcomeDeclaration identifier="FEEDBACKMODAL" cardinality="multiple" baseType="identifier" view="testConstructor"/>
<outcomeDeclaration identifier="SOLUTIONMODAL" cardinality="single" baseType="identifier" view="testConstructor"/>
<outcomeDeclaration identifier="MINSCORE" cardinality="single" baseType="float">
<defaultValue>
<value baseType="float">0</value>
</defaultValue>
</outcomeDeclaration>
<outcomeDeclaration identifier="SCORE_RESPONSE_1" cardinality="single" baseType="float">
<defaultValue>
<value>0.0</value>
</defaultValue>
</outcomeDeclaration>
<outcomeDeclaration identifier="MINSCORE_RESPONSE_1" cardinality="single" baseType="float">
<defaultValue>
<value>0.0</value>
</defaultValue>
</outcomeDeclaration>
<itemBody>
<p>Stel dat de lengte van Nederlandse vrouwen een normale verdeling heeft
met een gemiddelde µ = 65 inches en een standaardafwijking σ = 2,7
inches. Wat is dan de kans dat als je een willekeurig gekozen vrouw in
Nederland kiest, deze 60 inches of korter is?</p>
<choiceInteraction responseIdentifier="uva-normal-1121-nl-ans_608293946_section_1_item_1_schoice_RESPONSE_1_5836525" shuffle="false" maxChoices="1">
<simpleChoice identifier="uva-normal-1121-nl-ans_608293946_section_1_item_1_schoice_1_7127209784">
<p>
 0,032
</p>
</simpleChoice>
<simpleChoice identifier="uva-normal-1121-nl-ans_608293946_section_1_item_1_schoice_2_1092248607">
<p>
 0,500
</p>
</simpleChoice>
<simpleChoice identifier="uva-normal-1121-nl-ans_608293946_section_1_item_1_schoice_3_8433221977">
<p>
 0,923
</p>
</simpleChoice>
<simpleChoice identifier="uva-normal-1121-nl-ans_608293946_section_1_item_1_schoice_4_5897394051">
<p>
 0,968
</p>
</simpleChoice>
</choiceInteraction>
</itemBody>
<responseProcessing>
<setOutcomeValue identifier="SCORE_RESPONSE_1">
<sum>
<variable identifier="SCORE_RESPONSE_1"/>
<mapResponse identifier="uva-normal-1121-nl-ans_608293946_section_1_item_1_schoice_RESPONSE_1_5836525"/>
</sum>
</setOutcomeValue>
<responseCondition>
<responseIf>
<lt>
<variable identifier="SCORE_RESPONSE_1"/>
<variable identifier="MINSCORE_RESPONSE_1"/>
</lt>
<setOutcomeValue identifier="SCORE_RESPONSE_1">
<variable identifier="MINSCORE_RESPONSE_1"/>
</setOutcomeValue>
</responseIf>
</responseCondition>
<responseCondition>
<responseIf>
<isNull>
<variable identifier="uva-normal-1121-nl-ans_608293946_section_1_item_1_schoice_RESPONSE_1_5836525"/>
</isNull>
<setOutcomeValue identifier="SCORE_RESPONSE_1">
<sum>
<variable identifier="SCORE_RESPONSE_1"/>
<baseValue baseType="float">0</baseValue>
</sum>
</setOutcomeValue>
</responseIf>
</responseCondition>
<setOutcomeValue identifier="SCORE">
<sum>
<variable identifier="SCORE_RESPONSE_1"/>
</sum>
</setOutcomeValue>
<responseCondition>
<responseIf>
<lt>
<variable identifier="SCORE"/>
<variable identifier="MINSCORE"/>
</lt>
<setOutcomeValue identifier="SCORE">
<variable identifier="MINSCORE"/>
</setOutcomeValue>
</responseIf>
</responseCondition>
<responseCondition>
<responseIf>
<lt>
<variable identifier="SCORE"/>
<baseValue baseType="float">1</baseValue>
</lt>
<setOutcomeValue identifier="FEEDBACKMODAL">
<multiple>
<variable identifier="FEEDBACKMODAL"/>
<baseValue baseType="identifier">Feedback858979799</baseValue>
</multiple>
</setOutcomeValue>
</responseIf>
</responseCondition>
</responseProcessing>
<modalFeedback outcomeIdentifier="FEEDBACK" showHide="show" identifier="incorrect">
<ul>
<li> 0,032 <br /> 0,032: Correct </li>
<li> 0,500 <br /> 0,500: Incorrect </li>
<li> 0,923 <br /> 0,923: Incorrect </li>
<li> 0,968 <br /> 0,968: Incorrect </li>
</ul>
</modalFeedback>
</assessmentItem>
