<?xml version="1.0" encoding="utf-8" standalone="yes"?>
<assessmentItem identifier="vufsw-moderation-2094-nl-tv_202405230827_item_1_schoice" title="vufsw-moderation-2094-nl-tv_202405230827_item_1_schoice_vufsw-moderation-2094-nl" adaptive="false" timeDependent="false" toolName="Testvision Online" toolVersion="39.0.9084" xmlns="http://www.imsglobal.org/xsd/imsqti_v2p1">
<responseDeclaration identifier="RESPONSE" cardinality="single" baseType="identifier">
<correctResponse>
<value>alt_525873</value>
</correctResponse>
<mapping defaultValue="0" lowerBound="0.0">
<mapEntry mapKey="alt_525873" mappedValue="1"/>
<mapEntry mapKey="alt_811372" mappedValue="-0.333333333333333"/>
<mapEntry mapKey="alt_139085" mappedValue="-0.333333333333333"/>
<mapEntry mapKey="alt_520223" mappedValue="-0.333333333333333"/>
</mapping>
</responseDeclaration>
<outcomeDeclaration identifier="SCORE" cardinality="single" baseType="float" normalMaximum="1" normalMinimum="0" />
<outcomeDeclaration identifier="FEEDBACK" cardinality="single" baseType="identifier" />
<itemBody>
<p>We analyseren data die afkomstig zijn van scholieren van het voortgezet
onderwijs uit de Jongeren &amp; Cultuurdata (Ganzeboom &amp; Nagel, 1998-2002).
Voor dit databestand zijn ruim 3000 jongeren ondervraagd in de leeftijd
van grofweg 14 tot 17 jaar. In onderstaande regressieanalyse is de
participatie in populaire cultuur de afhankelijke variabele (pjcul:
0-100, van weinig naar veel participatie) en zijn de onafhankelijke
variabelen moeders cultuurparticipatie (pmcul: 0-1, van minst naar meest
cultureel actief) en schoolniveau (in dummy’s, referentiegroep =
vmbo-b). Er zijn in model 3 bovendien interacties toegevoegd tussen
moeders cultuurparticipatie en schoolniveau.</p>
<p><img src="mediafiles/supplements1/Schermafbeelding__2019-02-04__om__10.54.16.png"
class="fr-fic fr-dii tvcss_2"
alt="Schermafbeelding 2019-02-04 om 10.54.16" /><br />
<img src="mediafiles/supplements1/Schermafbeelding__2019-02-04__om__10.54.30.png"
class="fr-fic fr-dii tvcss_3"
alt="Schermafbeelding 2019-02-04 om 10.54.30" /><br />
Hoe groot is volgens model 3 in de steekproef het verschil in
participatie in populaire cultuur tussen vmbo-b leerlingen en vwo
leerlingen met een weinig cultureel actieve moeder (pmcul = 0)?</p>
<choiceInteraction responseIdentifier="RESPONSE" shuffle="false" maxChoices="1">
<simpleChoice identifier="alt_525873">
<div class="textblock tvblock tvcss_1"><div class="rte_zone tveditor1">
 -7.576
</div>
</div>
</simpleChoice>
<simpleChoice identifier="alt_811372">
<div class="textblock tvblock tvcss_1"><div class="rte_zone tveditor1">
 35.042
</div>
</div>
</simpleChoice>
<simpleChoice identifier="alt_139085">
<div class="textblock tvblock tvcss_1"><div class="rte_zone tveditor1">
 0.724
</div>
</div>
</simpleChoice>
<simpleChoice identifier="alt_520223">
<div class="textblock tvblock tvcss_1"><div class="rte_zone tveditor1">
 43.342
</div>
</div>
</simpleChoice>
</choiceInteraction>
</itemBody>
<responseProcessing>
<responseCondition>
<responseIf>
<isNull>
<variable identifier="RESPONSE"/>
</isNull>
<setOutcomeValue identifier="SCORE">
<baseValue baseType="float">0.0</baseValue>
</setOutcomeValue>
<setOutcomeValue identifier="FEEDBACK">
<baseValue baseType="identifier">FAILURE</baseValue>
</setOutcomeValue>
</responseIf>
<responseElse>
<setOutcomeValue identifier="SCORE">
<mapResponse identifier="RESPONSE"/>
</setOutcomeValue>
<responseCondition>
<responseIf>
<equal toleranceMode="relative" tolerance="0.001">
<variable identifier="SCORE"/>
<variable identifier="MAXSCORE"/>
</equal>
<setOutcomeValue identifier="FEEDBACK">
<baseValue baseType="identifier">ANSWER_CORRECT</baseValue>
</setOutcomeValue>
</responseIf>
<responseElse>
<setOutcomeValue identifier="FEEDBACK">
<baseValue baseType="identifier">FAILURE</baseValue>
</setOutcomeValue>
</responseElse>
</responseCondition>
</responseElse>
</responseCondition>
</responseProcessing>
<modalFeedback identifier="FAILURE" outcomeIdentifier="FEEDBACK" showHide="show">
<div class="textblock tvblock tvcss_1"><div class="rte_zone tveditor1">
<ul>
<li> -7.576 <br /> True </li>
<li> 35.042 <br /> False </li>
<li> 0.724 <br /> False </li>
<li> 43.342 <br /> False </li>
</ul>
</div>
</div>
</modalFeedback>
<modalFeedback identifier="ANSWER_CORRECT" outcomeIdentifier="FEEDBACK" showHide="show">
<div class="textblock tvblock tvcss_1"><div class="rte_zone tveditor1">
<ul>
<li> -7.576 <br /> True </li>
<li> 35.042 <br /> False </li>
<li> 0.724 <br /> False </li>
<li> 43.342 <br /> False </li>
</ul>
</div>
</div>
</modalFeedback>
<modalFeedback identifier="PARTIAL_CORRECT" outcomeIdentifier="FEEDBACK" showHide="show">
<div class="textblock tvblock tvcss_1"><div class="rte_zone tveditor1">
<ul>
<li> -7.576 <br /> True </li>
<li> 35.042 <br /> False </li>
<li> 0.724 <br /> False </li>
<li> 43.342 <br /> False </li>
</ul>
</div>
</div>
</modalFeedback>
</assessmentItem>
