<?xml version="1.0" encoding="UTF-8"?>
<assessmentItem xsi:schemaLocation="http://www.imsglobal.org/xsd/imsqti_v2p1 http://www.imsglobal.org/xsd/qti/qtiv2p1/imsqti_v2p1p1.xsd http://www.w3.org/1998/Math/MathML http://www.w3.org/Math/XMLSchema/mathml2/mathml2.xsd" identifier="vufgb-oddsratio-011-nl-ans_285185765_section_1_item_1_schoice" title="Inferential_Statistics_vufgb-oddsratio-011-nl_vufgb-oddsratio-011-nl_schoice_1" adaptive="false" timeDependent="false" xmlns="http://www.imsglobal.org/xsd/imsqti_v2p1" xmlns:xsi="http://www.w3.org/2001/XMLSchema-instance">
<responseDeclaration identifier="vufgb-oddsratio-011-nl-ans_285185765_section_1_item_1_schoice_RESPONSE_1_4454263" cardinality="single" baseType="identifier">
<correctResponse>
<value>vufgb-oddsratio-011-nl-ans_285185765_section_1_item_1_schoice_1_5359670794</value>
</correctResponse>
<mapping defaultValue="0" lowerBound="0.0">
<mapEntry mapKey="vufgb-oddsratio-011-nl-ans_285185765_section_1_item_1_schoice_1_5359670794" mappedValue="1"/>
<mapEntry mapKey="vufgb-oddsratio-011-nl-ans_285185765_section_1_item_1_schoice_2_9229339786" mappedValue="0"/>
<mapEntry mapKey="vufgb-oddsratio-011-nl-ans_285185765_section_1_item_1_schoice_3_4704922731" mappedValue="0"/>
<mapEntry mapKey="vufgb-oddsratio-011-nl-ans_285185765_section_1_item_1_schoice_4_3922912916" mappedValue="0"/>
</mapping>
</responseDeclaration>
<outcomeDeclaration identifier="SCORE" cardinality="single" baseType="float" normalMaximum="1" normalMinimum="0">
<defaultValue>
<value>0.0</value>
</defaultValue>
</outcomeDeclaration>
<outcomeDeclaration identifier="MAXSCORE" cardinality="single" baseType="float">
<defaultValue>
<value>1</value>
</defaultValue>
</outcomeDeclaration>
<outcomeDeclaration identifier="FEEDBACKBASIC" cardinality="single" baseType="identifier" view="testConstructor">
<defaultValue>
<value>empty</value>
</defaultValue>
</outcomeDeclaration>
<outcomeDeclaration identifier="FEEDBACKMODAL" cardinality="multiple" baseType="identifier" view="testConstructor"/>
<outcomeDeclaration identifier="SOLUTIONMODAL" cardinality="single" baseType="identifier" view="testConstructor"/>
<outcomeDeclaration identifier="MINSCORE" cardinality="single" baseType="float">
<defaultValue>
<value baseType="float">0</value>
</defaultValue>
</outcomeDeclaration>
<outcomeDeclaration identifier="SCORE_RESPONSE_1" cardinality="single" baseType="float">
<defaultValue>
<value>0.0</value>
</defaultValue>
</outcomeDeclaration>
<outcomeDeclaration identifier="MINSCORE_RESPONSE_1" cardinality="single" baseType="float">
<defaultValue>
<value>0.0</value>
</defaultValue>
</outcomeDeclaration>
<itemBody>
<p>Zie de onderstaande logistische regressie-uitkomsten. In een onderzoek (n = 50), moeten programmeurs een programmeerprobleem in een uur oplossen. Het
resulterende databestand bevat de responsvariabele ‘opgelost’ (dummy, binnen een uur opgelost = 1) en de predictoren ‘ervaring’ (programmeerervaring in maanden) en geslacht (dummy, man = 1).</p>
<p><img src="media/supplements1/vufgb-oddsratio-011-nl-table01.jpg" /></p>
<p>Bij hoeveel maanden ervaring is voor een vrouwelijke programmeur de kans dat zij het probleem oplost 0.50?</p>
<choiceInteraction responseIdentifier="vufgb-oddsratio-011-nl-ans_285185765_section_1_item_1_schoice_RESPONSE_1_4454263" shuffle="false" maxChoices="1">
<simpleChoice identifier="vufgb-oddsratio-011-nl-ans_285185765_section_1_item_1_schoice_1_5359670794">
<p>
 12.0
</p>
</simpleChoice>
<simpleChoice identifier="vufgb-oddsratio-011-nl-ans_285185765_section_1_item_1_schoice_2_9229339786">
<p>
 12.8
</p>
</simpleChoice>
<simpleChoice identifier="vufgb-oddsratio-011-nl-ans_285185765_section_1_item_1_schoice_3_4704922731">
<p>
 11.6
</p>
</simpleChoice>
<simpleChoice identifier="vufgb-oddsratio-011-nl-ans_285185765_section_1_item_1_schoice_4_3922912916">
<p>
 10.9
</p>
</simpleChoice>
</choiceInteraction>
</itemBody>
<responseProcessing>
<setOutcomeValue identifier="SCORE_RESPONSE_1">
<sum>
<variable identifier="SCORE_RESPONSE_1"/>
<mapResponse identifier="vufgb-oddsratio-011-nl-ans_285185765_section_1_item_1_schoice_RESPONSE_1_4454263"/>
</sum>
</setOutcomeValue>
<responseCondition>
<responseIf>
<lt>
<variable identifier="SCORE_RESPONSE_1"/>
<variable identifier="MINSCORE_RESPONSE_1"/>
</lt>
<setOutcomeValue identifier="SCORE_RESPONSE_1">
<variable identifier="MINSCORE_RESPONSE_1"/>
</setOutcomeValue>
</responseIf>
</responseCondition>
<responseCondition>
<responseIf>
<isNull>
<variable identifier="vufgb-oddsratio-011-nl-ans_285185765_section_1_item_1_schoice_RESPONSE_1_4454263"/>
</isNull>
<setOutcomeValue identifier="SCORE_RESPONSE_1">
<sum>
<variable identifier="SCORE_RESPONSE_1"/>
<baseValue baseType="float">0</baseValue>
</sum>
</setOutcomeValue>
</responseIf>
</responseCondition>
<setOutcomeValue identifier="SCORE">
<sum>
<variable identifier="SCORE_RESPONSE_1"/>
</sum>
</setOutcomeValue>
<responseCondition>
<responseIf>
<lt>
<variable identifier="SCORE"/>
<variable identifier="MINSCORE"/>
</lt>
<setOutcomeValue identifier="SCORE">
<variable identifier="MINSCORE"/>
</setOutcomeValue>
</responseIf>
</responseCondition>
<responseCondition>
<responseIf>
<lt>
<variable identifier="SCORE"/>
<baseValue baseType="float">1</baseValue>
</lt>
<setOutcomeValue identifier="FEEDBACKMODAL">
<multiple>
<variable identifier="FEEDBACKMODAL"/>
<baseValue baseType="identifier">Feedback347981730</baseValue>
</multiple>
</setOutcomeValue>
</responseIf>
</responseCondition>
</responseProcessing>
<modalFeedback outcomeIdentifier="FEEDBACK" showHide="show" identifier="incorrect">
<ul>
<li> 12.0 <br /> Correct </li>
<li> 12.8 <br /> Incorrect </li>
<li> 11.6 <br /> Incorrect </li>
<li> 10.9 <br /> Incorrect </li>
</ul>
</modalFeedback>
</assessmentItem>
