<?xml version="1.0" encoding="UTF-8"?>
<assessmentItem xsi:schemaLocation="http://www.imsglobal.org/xsd/imsqti_v2p1 http://www.imsglobal.org/xsd/qti/qtiv2p1/imsqti_v2p1p1.xsd http://www.w3.org/1998/Math/MathML http://www.w3.org/Math/XMLSchema/mathml2/mathml2.xsd" identifier="vufsw-measuresofspread-0001-nl-qti_892946591_section_1_item_1_schoice" title="1" adaptive="false" timeDependent="false" xmlns="http://www.imsglobal.org/xsd/imsqti_v2p1" xmlns:xsi="http://www.w3.org/2001/XMLSchema-instance">
<responseDeclaration identifier="vufsw-measuresofspread-0001-nl-qti_892946591_section_1_item_1_schoice_RESPONSE_1_1217629" cardinality="single" baseType="identifier">
<correctResponse>
<value>vufsw-measuresofspread-0001-nl-qti_892946591_section_1_item_1_schoice_2_3427069914</value>
</correctResponse>
<mapping defaultValue="0" lowerBound="0.0">
<mapEntry mapKey="vufsw-measuresofspread-0001-nl-qti_892946591_section_1_item_1_schoice_1_9294550641" mappedValue="0"/>
<mapEntry mapKey="vufsw-measuresofspread-0001-nl-qti_892946591_section_1_item_1_schoice_2_3427069914" mappedValue="1"/>
<mapEntry mapKey="vufsw-measuresofspread-0001-nl-qti_892946591_section_1_item_1_schoice_3_1796481642" mappedValue="0"/>
<mapEntry mapKey="vufsw-measuresofspread-0001-nl-qti_892946591_section_1_item_1_schoice_4_7798651690" mappedValue="0"/>
<mapEntry mapKey="vufsw-measuresofspread-0001-nl-qti_892946591_section_1_item_1_schoice_5_8610176049" mappedValue="0"/>
</mapping>
</responseDeclaration>
<outcomeDeclaration identifier="SCORE" cardinality="single" baseType="float" normalMaximum="1" normalMinimum="0">
<defaultValue>
<value>0.0</value>
</defaultValue>
</outcomeDeclaration>
<outcomeDeclaration identifier="MAXSCORE" cardinality="single" baseType="float">
<defaultValue>
<value>1</value>
</defaultValue>
</outcomeDeclaration>
<outcomeDeclaration identifier="FEEDBACKBASIC" cardinality="single" baseType="identifier" view="testConstructor">
<defaultValue>
<value>empty</value>
</defaultValue>
</outcomeDeclaration>
<outcomeDeclaration identifier="FEEDBACKMODAL" cardinality="multiple" baseType="identifier" view="testConstructor"/>
<outcomeDeclaration identifier="MINSCORE" cardinality="single" baseType="float">
<defaultValue>
<value baseType="float">0</value>
</defaultValue>
</outcomeDeclaration>
<outcomeDeclaration identifier="SCORE_RESPONSE_1" cardinality="single" baseType="float">
<defaultValue>
<value>0.0</value>
</defaultValue>
</outcomeDeclaration>
<outcomeDeclaration identifier="MINSCORE_RESPONSE_1" cardinality="single" baseType="float">
<defaultValue>
<value>0.0</value>
</defaultValue>
</outcomeDeclaration>
<itemBody>
<p>Een ijverige VU studente noteert haar behaalde eindcijfers van de
afgelopen studiejaren. Op de VU worden eindcijfers gegeven op een schaal
die loopt van 1 t/m 10. Ze analyseert deze gegevens met SPSS. Dat levert
de onderstaande beschrijvende statistieken  op.</p>
<p>Afgaande op deze gegevens lijkt de variabele links scheef verdeeld te
zijn (“skewed to the left”). Waar kunnen we dat uit afleiden? </p>
<p><img src="Screen__Shot__2019-03-24__at__01.47.52.png"
class="fr-fic fr-dii enlargeimage tvcss_2"
alt="Screen Shot 2019-03-24 at 01.47.52" /></p>
<choiceInteraction responseIdentifier="vufsw-measuresofspread-0001-nl-qti_892946591_section_1_item_1_schoice_RESPONSE_1_1217629" shuffle="false" maxChoices="1">
<simpleChoice identifier="vufsw-measuresofspread-0001-nl-qti_892946591_section_1_item_1_schoice_1_9294550641">
<p>
 De waarde van de standaarddeviatie is veel kleiner dan het gemiddelde.
</p>
</simpleChoice>
<simpleChoice identifier="vufsw-measuresofspread-0001-nl-qti_892946591_section_1_item_1_schoice_2_3427069914">
<p>
 De waarde van het gemiddelde is veel kleiner dan de modus.
</p>
</simpleChoice>
<simpleChoice identifier="vufsw-measuresofspread-0001-nl-qti_892946591_section_1_item_1_schoice_3_1796481642">
<p>
 De waarde van de standaarddeviatie ligt veel dichter bij de minimum score dan bij de maximum score.
</p>
</simpleChoice>
<simpleChoice identifier="vufsw-measuresofspread-0001-nl-qti_892946591_section_1_item_1_schoice_4_7798651690">
<p>
 De waarde van het gemiddelde is meer dan 2 keer zo groot als de waarde van de standaarddeviatie.
</p>
</simpleChoice>
<simpleChoice identifier="vufsw-measuresofspread-0001-nl-qti_892946591_section_1_item_1_schoice_5_8610176049">
<p>
 De waarde van de standaarddeviatie is veel kleiner dan 1,96.
</p>
</simpleChoice>
</choiceInteraction>
</itemBody>
<responseProcessing>
<responseCondition>
<responseIf>
<isNull>
<variable identifier="vufsw-measuresofspread-0001-nl-qti_892946591_section_1_item_1_schoice_RESPONSE_1_1217629"/>
</isNull>
<setOutcomeValue identifier="SCORE_RESPONSE_1">
<sum>
<variable identifier="SCORE_RESPONSE_1"/>
<baseValue baseType="float">0</baseValue>
</sum>
</setOutcomeValue>
</responseIf>
</responseCondition>
<setOutcomeValue identifier="SCORE_RESPONSE_1">
<sum>
<variable identifier="SCORE_RESPONSE_1"/>
<mapResponse identifier="vufsw-measuresofspread-0001-nl-qti_892946591_section_1_item_1_schoice_RESPONSE_1_1217629"/>
</sum>
</setOutcomeValue>
<responseCondition>
<responseIf>
<lt>
<variable identifier="SCORE_RESPONSE_1"/>
<variable identifier="MINSCORE_RESPONSE_1"/>
</lt>
<setOutcomeValue identifier="SCORE_RESPONSE_1">
<variable identifier="MINSCORE_RESPONSE_1"/>
</setOutcomeValue>
</responseIf>
</responseCondition>
<setOutcomeValue identifier="SCORE">
<sum>
<variable identifier="SCORE_RESPONSE_1"/>
</sum>
</setOutcomeValue>
<responseCondition>
<responseIf>
<lt>
<variable identifier="SCORE"/>
<variable identifier="MINSCORE"/>
</lt>
<setOutcomeValue identifier="SCORE">
<variable identifier="MINSCORE"/>
</setOutcomeValue>
</responseIf>
</responseCondition>
<responseCondition>
<responseIf>
<lt>
<variable identifier="SCORE"/>
<baseValue baseType="float">1</baseValue>
</lt>
<setOutcomeValue identifier="FEEDBACKMODAL">
<multiple>
<variable identifier="FEEDBACKMODAL"/>
<baseValue baseType="identifier">Feedback621572392</baseValue>
</multiple>
</setOutcomeValue>
</responseIf>
</responseCondition>
</responseProcessing>
<modalFeedback identifier="Feedback621572392" outcomeIdentifier="FEEDBACKMODAL" showHide="show">
<p>Wanneer een variabele scheef verdeeld lijkt te zijn, dan verschillen de
waarden voor het gemiddelde, de mediaan (middelste getal in de reeks) en
de modus (het meest voorkomende getal in de reeks) van elkaar. Bij een
variabele die normaal verdeeld is zijn de waarden van het gemiddelde, de
mediaan en de modus nagenoeg gelijk.</p>
<p>Bij een scheef verdeelde histogram zal de hoogste bar het meest
voorkomende getal voorstellen, ofwel de modus. De mediaan, en daarop
volgend, het gemiddelde zal altijd een lagere bar zijn. Als de modus in
de reeks één van de grotere getallen is, dan zullen de meeste overige
getallen in de reeks kleiner zijn. Daardoor geldt dat voor een histogram
die <em>links </em>scheef verdeeld is, de waarde van het gemiddelde altijd veel
<strong>kleiner</strong> zal zijn dan die van de modus, omdat de overige getallen in
de reeks kleiner zijn en daardoor het gemiddelde ook kleiner is.</p>
<p>M&amp;T ANOVA<br />
Standaardwaarde</p>
<br />
 De waarde van de standaarddeviatie is veel kleiner dan het gemiddelde. <br /> False 
 De waarde van het gemiddelde is veel kleiner dan de modus. <br /> True 
 De waarde van de standaarddeviatie ligt veel dichter bij de minimum score dan bij de maximum score. <br /> False 
 De waarde van het gemiddelde is meer dan 2 keer zo groot als de waarde van de standaarddeviatie. <br /> False 
 De waarde van de standaarddeviatie is veel kleiner dan 1,96. <br /> False 
</modalFeedback>
</assessmentItem>
