<?xml version="1.0" encoding="UTF-8"?>
<assessmentItem xsi:schemaLocation="http://www.imsglobal.org/xsd/imsqti_v2p1 http://www.imsglobal.org/xsd/qti/qtiv2p1/imsqti_v2p1p1.xsd http://www.w3.org/1998/Math/MathML http://www.w3.org/Math/XMLSchema/mathml2/mathml2.xsd" identifier="uu-Hypothesis-807-nl-ans_969631010_section_1_item_1_schoice" title="Inferential_Statistics_uu-Hypothesis-807-nl_uu-Hypothesis-807-nl_schoice_1" adaptive="false" timeDependent="false" xmlns="http://www.imsglobal.org/xsd/imsqti_v2p1" xmlns:xsi="http://www.w3.org/2001/XMLSchema-instance">
<responseDeclaration identifier="uu-Hypothesis-807-nl-ans_969631010_section_1_item_1_schoice_RESPONSE_1_7353334" cardinality="single" baseType="identifier">
<correctResponse>
<value>uu-Hypothesis-807-nl-ans_969631010_section_1_item_1_schoice_3_2435942425</value>
</correctResponse>
<mapping defaultValue="0" lowerBound="0.0">
<mapEntry mapKey="uu-Hypothesis-807-nl-ans_969631010_section_1_item_1_schoice_1_7768606088" mappedValue="0"/>
<mapEntry mapKey="uu-Hypothesis-807-nl-ans_969631010_section_1_item_1_schoice_2_6819409141" mappedValue="0"/>
<mapEntry mapKey="uu-Hypothesis-807-nl-ans_969631010_section_1_item_1_schoice_3_2435942425" mappedValue="1"/>
<mapEntry mapKey="uu-Hypothesis-807-nl-ans_969631010_section_1_item_1_schoice_4_8011398722" mappedValue="0"/>
</mapping>
</responseDeclaration>
<outcomeDeclaration identifier="SCORE" cardinality="single" baseType="float" normalMaximum="1" normalMinimum="0">
<defaultValue>
<value>0.0</value>
</defaultValue>
</outcomeDeclaration>
<outcomeDeclaration identifier="MAXSCORE" cardinality="single" baseType="float">
<defaultValue>
<value>1</value>
</defaultValue>
</outcomeDeclaration>
<outcomeDeclaration identifier="FEEDBACKBASIC" cardinality="single" baseType="identifier" view="testConstructor">
<defaultValue>
<value>empty</value>
</defaultValue>
</outcomeDeclaration>
<outcomeDeclaration identifier="FEEDBACKMODAL" cardinality="multiple" baseType="identifier" view="testConstructor"/>
<outcomeDeclaration identifier="SOLUTIONMODAL" cardinality="single" baseType="identifier" view="testConstructor"/>
<outcomeDeclaration identifier="MINSCORE" cardinality="single" baseType="float">
<defaultValue>
<value baseType="float">0</value>
</defaultValue>
</outcomeDeclaration>
<outcomeDeclaration identifier="SCORE_RESPONSE_1" cardinality="single" baseType="float">
<defaultValue>
<value>0.0</value>
</defaultValue>
</outcomeDeclaration>
<outcomeDeclaration identifier="MINSCORE_RESPONSE_1" cardinality="single" baseType="float">
<defaultValue>
<value>0.0</value>
</defaultValue>
</outcomeDeclaration>
<itemBody>
<p>Een onderzoeker wil onderzoeken of UCU-studenten verschillen van Nederlandse universiteitsstudenten in het algemeen wat betreft de mate van academische stress die zij ervaren (gemeten op een schaal van 0 tot 100). De onderzoeker weet dat de gemiddelde stressscore onder studenten in Nederland 59 is. Voor haar studie heeft de onderzoeker gegevens verzameld van een willekeurige steekproef van 36 UCU-studenten. Het gemiddelde van de academische stressscore in de steekproef was 62 en de geschatte populatievariantie (S2) was 100.</p>
<p>Wat zijn de onderzoekshypothese (HR) en de nulhypothese (H0) van dit onderzoek?</p>
<choiceInteraction responseIdentifier="uu-Hypothesis-807-nl-ans_969631010_section_1_item_1_schoice_RESPONSE_1_7353334" shuffle="false" maxChoices="1">
<simpleChoice identifier="uu-Hypothesis-807-nl-ans_969631010_section_1_item_1_schoice_1_7768606088">
<p>
 HR: Er is geen verschil in stressniveaus tussen UCU-studenten en Nederlandse studenten in het algemeen.H0: Er is een verschil in stressniveaus tussen UCU-studenten en Nederlandse studenten in het algemeen.
</p>
</simpleChoice>
<simpleChoice identifier="uu-Hypothesis-807-nl-ans_969631010_section_1_item_1_schoice_2_6819409141">
<p>
 HR: UCU-studenten ervaren hogere niveaus van academische stress dan Nederlandse studenten in het algemeen. H0: Er is geen verschil in stressniveaus tussen UCU-studenten en Nederlandse studenten in het algemeen.
</p>
</simpleChoice>
<simpleChoice identifier="uu-Hypothesis-807-nl-ans_969631010_section_1_item_1_schoice_3_2435942425">
<p>
 HR: Er is een verschil in stressniveaus tussen UCU-studenten en Nederlandse studenten in het algemeen.H0: Er is geen verschil in stressniveaus tussen UCU-studenten en Nederlandse studenten in het algemeen.
</p>
</simpleChoice>
<simpleChoice identifier="uu-Hypothesis-807-nl-ans_969631010_section_1_item_1_schoice_4_8011398722">
<p>
 HR: UCU-studenten ervaren hogere niveaus van academische stress dan Nederlandse studenten in het algemeen.H0: UCU-studenten ervaren geen hogere niveaus van academische stress dan Nederlandse studenten in het algemeen.
</p>
</simpleChoice>
</choiceInteraction>
</itemBody>
<responseProcessing>
<setOutcomeValue identifier="SCORE_RESPONSE_1">
<sum>
<variable identifier="SCORE_RESPONSE_1"/>
<mapResponse identifier="uu-Hypothesis-807-nl-ans_969631010_section_1_item_1_schoice_RESPONSE_1_7353334"/>
</sum>
</setOutcomeValue>
<responseCondition>
<responseIf>
<lt>
<variable identifier="SCORE_RESPONSE_1"/>
<variable identifier="MINSCORE_RESPONSE_1"/>
</lt>
<setOutcomeValue identifier="SCORE_RESPONSE_1">
<variable identifier="MINSCORE_RESPONSE_1"/>
</setOutcomeValue>
</responseIf>
</responseCondition>
<responseCondition>
<responseIf>
<isNull>
<variable identifier="uu-Hypothesis-807-nl-ans_969631010_section_1_item_1_schoice_RESPONSE_1_7353334"/>
</isNull>
<setOutcomeValue identifier="SCORE_RESPONSE_1">
<sum>
<variable identifier="SCORE_RESPONSE_1"/>
<baseValue baseType="float">0</baseValue>
</sum>
</setOutcomeValue>
</responseIf>
</responseCondition>
<setOutcomeValue identifier="SCORE">
<sum>
<variable identifier="SCORE_RESPONSE_1"/>
</sum>
</setOutcomeValue>
<responseCondition>
<responseIf>
<lt>
<variable identifier="SCORE"/>
<variable identifier="MINSCORE"/>
</lt>
<setOutcomeValue identifier="SCORE">
<variable identifier="MINSCORE"/>
</setOutcomeValue>
</responseIf>
</responseCondition>
<responseCondition>
<responseIf>
<lt>
<variable identifier="SCORE"/>
<baseValue baseType="float">1</baseValue>
</lt>
<setOutcomeValue identifier="FEEDBACKMODAL">
<multiple>
<variable identifier="FEEDBACKMODAL"/>
<baseValue baseType="identifier">Feedback819016880</baseValue>
</multiple>
</setOutcomeValue>
</responseIf>
</responseCondition>
</responseProcessing>
<modalFeedback outcomeIdentifier="FEEDBACK" showHide="show" identifier="incorrect">
</modalFeedback>
</assessmentItem>
