<?xml version="1.0" encoding="UTF-8"?>
<assessmentItem xsi:schemaLocation="http://www.imsglobal.org/xsd/imsqti_v2p1 http://www.imsglobal.org/xsd/qti/qtiv2p1/imsqti_v2p1p1.xsd http://www.w3.org/1998/Math/MathML http://www.w3.org/Math/XMLSchema/mathml2/mathml2.xsd" identifier="uu-Multiple-linear-regression-808-en-ans_276664059_section_1_item_1_schoice" title="Inferential_Statistics_uu-Multiple-linear-regression-808-en_uu-Multiple-linear-regression-808-en_schoice_1" adaptive="false" timeDependent="false" xmlns="http://www.imsglobal.org/xsd/imsqti_v2p1" xmlns:xsi="http://www.w3.org/2001/XMLSchema-instance">
<responseDeclaration identifier="uu-Multiple-linear-regression-808-en-ans_276664059_section_1_item_1_schoice_RESPONSE_1_6180476" cardinality="single" baseType="identifier">
<correctResponse>
<value>uu-Multiple-linear-regression-808-en-ans_276664059_section_1_item_1_schoice_4_4371150113</value>
</correctResponse>
<mapping defaultValue="0" lowerBound="0.0">
<mapEntry mapKey="uu-Multiple-linear-regression-808-en-ans_276664059_section_1_item_1_schoice_1_8046085627" mappedValue="0"/>
<mapEntry mapKey="uu-Multiple-linear-regression-808-en-ans_276664059_section_1_item_1_schoice_2_6952382908" mappedValue="0"/>
<mapEntry mapKey="uu-Multiple-linear-regression-808-en-ans_276664059_section_1_item_1_schoice_3_1096849553" mappedValue="0"/>
<mapEntry mapKey="uu-Multiple-linear-regression-808-en-ans_276664059_section_1_item_1_schoice_4_4371150113" mappedValue="1"/>
</mapping>
</responseDeclaration>
<outcomeDeclaration identifier="SCORE" cardinality="single" baseType="float" normalMaximum="1" normalMinimum="0">
<defaultValue>
<value>0.0</value>
</defaultValue>
</outcomeDeclaration>
<outcomeDeclaration identifier="MAXSCORE" cardinality="single" baseType="float">
<defaultValue>
<value>1</value>
</defaultValue>
</outcomeDeclaration>
<outcomeDeclaration identifier="FEEDBACKBASIC" cardinality="single" baseType="identifier" view="testConstructor">
<defaultValue>
<value>empty</value>
</defaultValue>
</outcomeDeclaration>
<outcomeDeclaration identifier="FEEDBACKMODAL" cardinality="multiple" baseType="identifier" view="testConstructor"/>
<outcomeDeclaration identifier="SOLUTIONMODAL" cardinality="single" baseType="identifier" view="testConstructor"/>
<outcomeDeclaration identifier="MINSCORE" cardinality="single" baseType="float">
<defaultValue>
<value baseType="float">0</value>
</defaultValue>
</outcomeDeclaration>
<outcomeDeclaration identifier="SCORE_RESPONSE_1" cardinality="single" baseType="float">
<defaultValue>
<value>0.0</value>
</defaultValue>
</outcomeDeclaration>
<outcomeDeclaration identifier="MINSCORE_RESPONSE_1" cardinality="single" baseType="float">
<defaultValue>
<value>0.0</value>
</defaultValue>
</outcomeDeclaration>
<itemBody>
<p>An educationalist wants to investigate whether prior knowledge of body parts (PREBODY) depends on residential environment (site) and general development (PEABODY). For residential environment, four categories are distinguished:</p>
<p>Site 1 = city advantaged Site 2 = suburb Site 3 = city disadvantaged Site 4 = village</p>
<p>Data from the Sesame Street survey was used. The output of the analysis (parameter estimates) is given.</p>
<p><img src="media/supplements1/uu-Multiple-linear-regression-808-nl-tabel.jpg" /></p>
<p>Which of the following conclusions is the only one correct?</p>
<choiceInteraction responseIdentifier="uu-Multiple-linear-regression-808-en-ans_276664059_section_1_item_1_schoice_RESPONSE_1_6180476" shuffle="false" maxChoices="1">
<simpleChoice identifier="uu-Multiple-linear-regression-808-en-ans_276664059_section_1_item_1_schoice_1_8046085627">
<p>
 If PEABODY rises one point then the predicted score on PREBODY changes 11.9 points.
</p>
</simpleChoice>
<simpleChoice identifier="uu-Multiple-linear-regression-808-en-ans_276664059_section_1_item_1_schoice_2_6952382908">
<p>
 The difference between the city favored category and the intercept of the reference category is 11.9 points.
</p>
</simpleChoice>
<simpleChoice identifier="uu-Multiple-linear-regression-808-en-ans_276664059_section_1_item_1_schoice_3_1096849553">
<p>
 The average prediction error for the four categories of the variable SITE is equal to 11.9 points.
</p>
</simpleChoice>
<simpleChoice identifier="uu-Multiple-linear-regression-808-en-ans_276664059_section_1_item_1_schoice_4_4371150113">
<p>
 The intercept of the comparison of reference group is equal to 11.9 points.
</p>
</simpleChoice>
</choiceInteraction>
</itemBody>
<responseProcessing>
<setOutcomeValue identifier="SCORE_RESPONSE_1">
<sum>
<variable identifier="SCORE_RESPONSE_1"/>
<mapResponse identifier="uu-Multiple-linear-regression-808-en-ans_276664059_section_1_item_1_schoice_RESPONSE_1_6180476"/>
</sum>
</setOutcomeValue>
<responseCondition>
<responseIf>
<lt>
<variable identifier="SCORE_RESPONSE_1"/>
<variable identifier="MINSCORE_RESPONSE_1"/>
</lt>
<setOutcomeValue identifier="SCORE_RESPONSE_1">
<variable identifier="MINSCORE_RESPONSE_1"/>
</setOutcomeValue>
</responseIf>
</responseCondition>
<responseCondition>
<responseIf>
<isNull>
<variable identifier="uu-Multiple-linear-regression-808-en-ans_276664059_section_1_item_1_schoice_RESPONSE_1_6180476"/>
</isNull>
<setOutcomeValue identifier="SCORE_RESPONSE_1">
<sum>
<variable identifier="SCORE_RESPONSE_1"/>
<baseValue baseType="float">0</baseValue>
</sum>
</setOutcomeValue>
</responseIf>
</responseCondition>
<setOutcomeValue identifier="SCORE">
<sum>
<variable identifier="SCORE_RESPONSE_1"/>
</sum>
</setOutcomeValue>
<responseCondition>
<responseIf>
<lt>
<variable identifier="SCORE"/>
<variable identifier="MINSCORE"/>
</lt>
<setOutcomeValue identifier="SCORE">
<variable identifier="MINSCORE"/>
</setOutcomeValue>
</responseIf>
</responseCondition>
<responseCondition>
<responseIf>
<lt>
<variable identifier="SCORE"/>
<baseValue baseType="float">1</baseValue>
</lt>
<setOutcomeValue identifier="FEEDBACKMODAL">
<multiple>
<variable identifier="FEEDBACKMODAL"/>
<baseValue baseType="identifier">Feedback194483990</baseValue>
</multiple>
</setOutcomeValue>
</responseIf>
</responseCondition>
</responseProcessing>
<modalFeedback outcomeIdentifier="FEEDBACK" showHide="show" identifier="incorrect">
</modalFeedback>
</assessmentItem>
