<?xml version="1.0" encoding="UTF-8"?>
<assessmentItem xsi:schemaLocation="http://www.imsglobal.org/xsd/imsqti_v2p1 http://www.imsglobal.org/xsd/qti/qtiv2p1/imsqti_v2p1p1.xsd http://www.w3.org/1998/Math/MathML http://www.w3.org/Math/XMLSchema/mathml2/mathml2.xsd" identifier="uva-power-1567-en-qti_247159914_section_1_item_1_schoice" title="1" adaptive="false" timeDependent="false" xmlns="http://www.imsglobal.org/xsd/imsqti_v2p1" xmlns:xsi="http://www.w3.org/2001/XMLSchema-instance">
<responseDeclaration identifier="uva-power-1567-en-qti_247159914_section_1_item_1_schoice_RESPONSE_1_8213475" cardinality="single" baseType="identifier">
<correctResponse>
<value>uva-power-1567-en-qti_247159914_section_1_item_1_schoice_3_3341966045</value>
</correctResponse>
<mapping defaultValue="0" lowerBound="0.0">
<mapEntry mapKey="uva-power-1567-en-qti_247159914_section_1_item_1_schoice_1_3198075559" mappedValue="0"/>
<mapEntry mapKey="uva-power-1567-en-qti_247159914_section_1_item_1_schoice_2_1501018132" mappedValue="0"/>
<mapEntry mapKey="uva-power-1567-en-qti_247159914_section_1_item_1_schoice_3_3341966045" mappedValue="1"/>
</mapping>
</responseDeclaration>
<outcomeDeclaration identifier="SCORE" cardinality="single" baseType="float" normalMaximum="1" normalMinimum="0">
<defaultValue>
<value>0.0</value>
</defaultValue>
</outcomeDeclaration>
<outcomeDeclaration identifier="MAXSCORE" cardinality="single" baseType="float">
<defaultValue>
<value>1</value>
</defaultValue>
</outcomeDeclaration>
<outcomeDeclaration identifier="FEEDBACKBASIC" cardinality="single" baseType="identifier" view="testConstructor">
<defaultValue>
<value>empty</value>
</defaultValue>
</outcomeDeclaration>
<outcomeDeclaration identifier="FEEDBACKMODAL" cardinality="multiple" baseType="identifier" view="testConstructor"/>
<outcomeDeclaration identifier="SOLUTIONMODAL" cardinality="single" baseType="identifier" view="testConstructor"/>
<outcomeDeclaration identifier="MINSCORE" cardinality="single" baseType="float">
<defaultValue>
<value baseType="float">0</value>
</defaultValue>
</outcomeDeclaration>
<outcomeDeclaration identifier="SCORE_RESPONSE_1" cardinality="single" baseType="float">
<defaultValue>
<value>0.0</value>
</defaultValue>
</outcomeDeclaration>
<outcomeDeclaration identifier="MINSCORE_RESPONSE_1" cardinality="single" baseType="float">
<defaultValue>
<value>0.0</value>
</defaultValue>
</outcomeDeclaration>
<itemBody>
<p>One tests H<sub>1</sub>: p = 0.4 against H<sub>2</sub>: p = 0.6 in a random sample of n = 10 observations. Testing quantity is the binomially distributed stochast B, the number of successes in the sample. As the right critical limit, the value 6 is used. The discernment power 1 - β is then equal to</p>
<choiceInteraction responseIdentifier="uva-power-1567-en-qti_247159914_section_1_item_1_schoice_RESPONSE_1_8213475" shuffle="false" maxChoices="1">
<simpleChoice identifier="uva-power-1567-en-qti_247159914_section_1_item_1_schoice_1_3198075559">
<p>
 0.48
</p>
</simpleChoice>
<simpleChoice identifier="uva-power-1567-en-qti_247159914_section_1_item_1_schoice_2_1501018132">
<p>
 0.49
</p>
</simpleChoice>
<simpleChoice identifier="uva-power-1567-en-qti_247159914_section_1_item_1_schoice_3_3341966045">
<p>
 0.54
</p>
</simpleChoice>
</choiceInteraction>
</itemBody>
<responseProcessing>
<setOutcomeValue identifier="SCORE_RESPONSE_1">
<sum>
<variable identifier="SCORE_RESPONSE_1"/>
<mapResponse identifier="uva-power-1567-en-qti_247159914_section_1_item_1_schoice_RESPONSE_1_8213475"/>
</sum>
</setOutcomeValue>
<responseCondition>
<responseIf>
<lt>
<variable identifier="SCORE_RESPONSE_1"/>
<variable identifier="MINSCORE_RESPONSE_1"/>
</lt>
<setOutcomeValue identifier="SCORE_RESPONSE_1">
<variable identifier="MINSCORE_RESPONSE_1"/>
</setOutcomeValue>
</responseIf>
</responseCondition>
<responseCondition>
<responseIf>
<isNull>
<variable identifier="uva-power-1567-en-qti_247159914_section_1_item_1_schoice_RESPONSE_1_8213475"/>
</isNull>
<setOutcomeValue identifier="SCORE_RESPONSE_1">
<sum>
<variable identifier="SCORE_RESPONSE_1"/>
<baseValue baseType="float">0</baseValue>
</sum>
</setOutcomeValue>
</responseIf>
</responseCondition>
<setOutcomeValue identifier="SCORE">
<sum>
<variable identifier="SCORE_RESPONSE_1"/>
</sum>
</setOutcomeValue>
<responseCondition>
<responseIf>
<lt>
<variable identifier="SCORE"/>
<variable identifier="MINSCORE"/>
</lt>
<setOutcomeValue identifier="SCORE">
<variable identifier="MINSCORE"/>
</setOutcomeValue>
</responseIf>
</responseCondition>
<responseCondition>
<responseIf>
<lt>
<variable identifier="SCORE"/>
<baseValue baseType="float">1</baseValue>
</lt>
<setOutcomeValue identifier="FEEDBACKMODAL">
<multiple>
<variable identifier="FEEDBACKMODAL"/>
<baseValue baseType="identifier">Feedback117344724</baseValue>
</multiple>
</setOutcomeValue>
</responseIf>
</responseCondition>
</responseProcessing>
<modalFeedback identifier="Feedback117344724" outcomeIdentifier="FEEDBACKMODAL" showHide="show">
<ul>
<li> 0.48 <br /> 0.48: Incorrect </li>
<li> 0.49 <br /> 0.49: Incorrect </li>
<li> 0.54 <br /> 0.54: Correct </li>
</ul>
</modalFeedback>
</assessmentItem>
