<?xml version="1.0" encoding="UTF-8"?>
<!DOCTYPE questestinterop SYSTEM "ims_qtiasiv1p2p1.dtd">

<questestinterop xmlns="http://www.imsglobal.org/xsd/ims_qtiasiv1p2" xmlns:xsi="http://www.w3.org/2001/XMLSchema-instance" xsi:schemaLocation="http://www.imsglobal.org/xsd/ims_qtiasiv1p2 http://www.imsglobal.org/xsd/ims_qtiasiv1p2p1.xsd">
<assessment ident="eur-factor-410-en-canvas_668194288" title="eur-factor-410-en-canvas">

<qtimetadata>
<qtimetadatafield>
<fieldlabel>cc_maxattempts</fieldlabel>
<fieldentry>1</fieldentry>
</qtimetadatafield>
<qtimetadatafield>
<fieldlabel>qmd_assessmenttype</fieldlabel>
<fieldentry>Assessment</fieldentry>
</qtimetadatafield>
</qtimetadata>
<objectives>
<material>
<mattext><![CDATA[Please solve the following exercises.]]></mattext>
</material>
</objectives>
<assessmentcontrol feedbackswitch="No" hintswitch="No" solutionswitch="Yes"/>
<outcomes_processing scoremodel="SumOfScores">
<outcomes>
<decvar varname="SCORE" vartype="Decimal" cutvalue="0"/>
</outcomes>
</outcomes_processing>
<assessfeedback title="AssessmentFeedback" ident="AssessmentFeedback">
<flow_mat>
<material>
<mattext>##AssessmentFeedback##</mattext>
</material>
</flow_mat>
</assessfeedback>

<section ident="eur-factor-410-en-canvas_668194288_section_1" title="Exercise">

<objectives>
<material>
<mattext><![CDATA[Please answer the following question.]]></mattext>
</material>
</objectives>
<selection_ordering>
<selection>
<selection_number>1</selection_number>
<selection_extension>
<points_per_item>1</points_per_item>
</selection_extension>
</selection>
<order order_type="Random"/>
</selection_ordering>

<item ident="eur-factor-410-en-canvas_668194288_section_1_item_1_num" title="Question" maxattempts="1">
<itemcontrol feedbackswitch="No" hintswitch="No" solutionswitch="Yes"/>
<itemmetadata>
<qtimetadata>
<qtimetadatafield>
<fieldlabel>question_type</fieldlabel>
<fieldentry>numerical_question</fieldentry>
</qtimetadatafield>
</qtimetadata>
</itemmetadata>
<presentation>
<flow>
<material>
<matbreak/>
<mattext texttype="text/html" charset="utf-8"><![CDATA[
<p>A researcher working at the psychology institute investigates alcohol abuse among adolescents. The researcher designed 34 statements the adolescents can agree or disagree with on a four-point scale (1 = completely agree; 2 = somewhat agree; 3 = somewhat disagree; 4 = completely disagree). An example of a statement is: When I feel lonely, I enjoy drinking an alcoholic beverage. The answers of 312 girls (0) and boys (1) to the 34 statements are in the dataset.</p>
<p>Conduct a factor analysis with principal axis factoring with 2 factors and a non-orthogonal promax rotation. What is the correlation between factor 1 and factor 2? (3 decimals)</p>
<p>Open the dataset below to answer this question:</p>
<p><strong>Download</strong> <a href="data/supplements_1_1/eur-factor-410-en-data.sav">SPSS file</a>, <a href="data/supplements_1_1/eur-factor-410-en-data.csv">CSV file</a></p>
]]></mattext>
<matbreak/>
</material>
<response_num ident="eur-factor-410-en-canvas_668194288_section_1_item_1_num_RESPONSE_1501712" rcardinality="Single" numtype="Decimal">
<render_fib fibtype="Decimal" maxchars="12">
<flow_label class="Block">
<response_label ident="eur-factor-410-en-canvas_668194288_section_1_item_1_num_RESPONSE_1501712" rshuffle="No"/>
</flow_label>
</render_fib>
</response_num>
<material>
<matbreak/>
</material>
</flow>
</presentation>
<resprocessing>
<outcomes>
<decvar varname="SCORE" vartype="Decimal" defaultval="0" minvalue="0" maxvalue="1" cutvalue="1"/>
</outcomes>
<respcondition title="Mastery" continue="No">
<conditionvar>

<or>
<varequal respident="eur-factor-410-en-canvas_668194288_section_1_item_1_num_RESPONSE_1501712" case="No"><![CDATA[0.009]]></varequal>
<and>
<vargte respident="eur-factor-410-en-canvas_668194288_section_1_item_1_num_RESPONSE_1501712"><![CDATA[0.009]]></vargte>
<varlte respident="eur-factor-410-en-canvas_668194288_section_1_item_1_num_RESPONSE_1501712"><![CDATA[0.009]]></varlte>
</and>
</or>
</conditionvar>
<setvar varname="SCORE" action="Set">1</setvar>
<displayfeedback feedbacktype="Response" linkrefid="correct_fb"/>
</respcondition>
<respcondition continue="Yes">
<conditionvar>
<other/>
</conditionvar>
<displayfeedback feedbacktype="Response" linkrefid="general_incorrect_fb"/>
</respcondition>
</resprocessing>
<itemfeedback ident="correct_fb" view="All">
<flow_mat>
<material>
<mattext texttype="text/html"><![CDATA[
<p>The correlation between factor 1 and factor 2 after promax rotation is 0.009 (see factor correlation matrix).</p>
]]></mattext>
</material>
</flow_mat>
</itemfeedback>
<itemfeedback ident="general_incorrect_fb" view="All">
<flow_mat>
<material>
<mattext texttype="text/html"><![CDATA[
<p>The correlation between factor 1 and factor 2 after promax rotation is 0.009 (see factor correlation matrix).</p>
]]></mattext>
</material>
</flow_mat>
</itemfeedback>
</item>


</section>

</assessment>
</questestinterop>
