<?xml version="1.0" encoding="utf-8" standalone="yes"?>
<assessmentItem identifier="uva-paired-samples-270-nl-tv_202404291201_item_1_schoice" title="uva-paired-samples-270-nl-tv_202404291201_item_1_schoice_uva-paired-samples-270-nl" adaptive="false" timeDependent="false" toolName="Testvision Online" toolVersion="39.0.9084" xmlns="http://www.imsglobal.org/xsd/imsqti_v2p1">
<responseDeclaration identifier="RESPONSE" cardinality="single" baseType="identifier">
<correctResponse>
<value>alt_417796</value>
</correctResponse>
<mapping defaultValue="0" lowerBound="0.0">
<mapEntry mapKey="alt_256155" mappedValue="-0.333333333333333"/>
<mapEntry mapKey="alt_459145" mappedValue="-0.333333333333333"/>
<mapEntry mapKey="alt_221162" mappedValue="-0.333333333333333"/>
<mapEntry mapKey="alt_417796" mappedValue="1"/>
</mapping>
</responseDeclaration>
<outcomeDeclaration identifier="SCORE" cardinality="single" baseType="float" normalMaximum="1" normalMinimum="0" />
<outcomeDeclaration identifier="FEEDBACK" cardinality="single" baseType="identifier" />
<itemBody>
<p>In de gepaarde T-toets wordt de nulhypothese H<sub>0</sub>: μ<sub>D</sub> = μ<sub>voor</sub> -
μ<sub>na</sub> = 0 getoetst. Bij een tweezijdig risico van α = 0.05 moet de
conclusie luiden:</p>
<p><img src="mediafiles/supplements1/uva-paired-samples-270-nl-graph01.png" alt="image"/></p>
<choiceInteraction responseIdentifier="RESPONSE" shuffle="false" maxChoices="1">
<simpleChoice identifier="alt_256155">
<div class="textblock tvblock tvcss_1"><div class="rte_zone tveditor1">
 De gevonden T-waarde ligt in het kritiek gebied, verwerp H0.
</div>
</div>
</simpleChoice>
<simpleChoice identifier="alt_459145">
<div class="textblock tvblock tvcss_1"><div class="rte_zone tveditor1">
 De gevonden T-waarde ligt niet in het kritiek gebied, verwerp H0.
</div>
</div>
</simpleChoice>
<simpleChoice identifier="alt_221162">
<div class="textblock tvblock tvcss_1"><div class="rte_zone tveditor1">
 De gevonden T-waarde ligt in het kritiek gebied, verwerp H0 niet.
</div>
</div>
</simpleChoice>
<simpleChoice identifier="alt_417796">
<div class="textblock tvblock tvcss_1"><div class="rte_zone tveditor1">
 De gevonden T-waarde ligt niet in het kritiek gebied, verwerp H0 niet.
</div>
</div>
</simpleChoice>
</choiceInteraction>
</itemBody>
<responseProcessing>
<responseCondition>
<responseIf>
<isNull>
<variable identifier="RESPONSE"/>
</isNull>
<setOutcomeValue identifier="SCORE">
<baseValue baseType="float">0.0</baseValue>
</setOutcomeValue>
<setOutcomeValue identifier="FEEDBACK">
<baseValue baseType="identifier">FAILURE</baseValue>
</setOutcomeValue>
</responseIf>
<responseElse>
<setOutcomeValue identifier="SCORE">
<mapResponse identifier="RESPONSE"/>
</setOutcomeValue>
<responseCondition>
<responseIf>
<equal toleranceMode="relative" tolerance="0.001">
<variable identifier="SCORE"/>
<variable identifier="MAXSCORE"/>
</equal>
<setOutcomeValue identifier="FEEDBACK">
<baseValue baseType="identifier">ANSWER_CORRECT</baseValue>
</setOutcomeValue>
</responseIf>
<responseElse>
<setOutcomeValue identifier="FEEDBACK">
<baseValue baseType="identifier">FAILURE</baseValue>
</setOutcomeValue>
</responseElse>
</responseCondition>
</responseElse>
</responseCondition>
</responseProcessing>
<modalFeedback identifier="FAILURE" outcomeIdentifier="FEEDBACK" showHide="show">
<div class="textblock tvblock tvcss_1"><div class="rte_zone tveditor1">
<ul>
<li> De gevonden T-waarde ligt in het kritiek gebied, verwerp H0. <br /> De gevonden T-waarde ligt in het kritiek gebied, verwerp H0.: Incorrect </li>
<li> De gevonden T-waarde ligt niet in het kritiek gebied, verwerp H0. <br /> De gevonden T-waarde ligt niet in het kritiek gebied, verwerp H0.: Incorrect </li>
<li> De gevonden T-waarde ligt in het kritiek gebied, verwerp H0 niet. <br /> De gevonden T-waarde ligt in het kritiek gebied, verwerp H0 niet.: Incorrect </li>
<li> De gevonden T-waarde ligt niet in het kritiek gebied, verwerp H0 niet. <br /> De gevonden T-waarde ligt niet in het kritiek gebied, verwerp H0 niet.: Correct </li>
</ul>
</div>
</div>
</modalFeedback>
<modalFeedback identifier="ANSWER_CORRECT" outcomeIdentifier="FEEDBACK" showHide="show">
<div class="textblock tvblock tvcss_1"><div class="rte_zone tveditor1">
<ul>
<li> De gevonden T-waarde ligt in het kritiek gebied, verwerp H0. <br /> De gevonden T-waarde ligt in het kritiek gebied, verwerp H0.: Incorrect </li>
<li> De gevonden T-waarde ligt niet in het kritiek gebied, verwerp H0. <br /> De gevonden T-waarde ligt niet in het kritiek gebied, verwerp H0.: Incorrect </li>
<li> De gevonden T-waarde ligt in het kritiek gebied, verwerp H0 niet. <br /> De gevonden T-waarde ligt in het kritiek gebied, verwerp H0 niet.: Incorrect </li>
<li> De gevonden T-waarde ligt niet in het kritiek gebied, verwerp H0 niet. <br /> De gevonden T-waarde ligt niet in het kritiek gebied, verwerp H0 niet.: Correct </li>
</ul>
</div>
</div>
</modalFeedback>
<modalFeedback identifier="PARTIAL_CORRECT" outcomeIdentifier="FEEDBACK" showHide="show">
<div class="textblock tvblock tvcss_1"><div class="rte_zone tveditor1">
<ul>
<li> De gevonden T-waarde ligt in het kritiek gebied, verwerp H0. <br /> De gevonden T-waarde ligt in het kritiek gebied, verwerp H0.: Incorrect </li>
<li> De gevonden T-waarde ligt niet in het kritiek gebied, verwerp H0. <br /> De gevonden T-waarde ligt niet in het kritiek gebied, verwerp H0.: Incorrect </li>
<li> De gevonden T-waarde ligt in het kritiek gebied, verwerp H0 niet. <br /> De gevonden T-waarde ligt in het kritiek gebied, verwerp H0 niet.: Incorrect </li>
<li> De gevonden T-waarde ligt niet in het kritiek gebied, verwerp H0 niet. <br /> De gevonden T-waarde ligt niet in het kritiek gebied, verwerp H0 niet.: Correct </li>
</ul>
</div>
</div>
</modalFeedback>
</assessmentItem>
