<?xml version="1.0" encoding="UTF-8"?>
<assessmentItem xsi:schemaLocation="http://www.imsglobal.org/xsd/imsqti_v2p1 http://www.imsglobal.org/xsd/qti/qtiv2p1/imsqti_v2p1p1.xsd http://www.w3.org/1998/Math/MathML http://www.w3.org/Math/XMLSchema/mathml2/mathml2.xsd" identifier="uva-interval-412-nl-ans_381043626_section_1_item_1_schoice" title="Measurement-Level_uva-interval-412-nl_uva-interval-412-nl_schoice_1" adaptive="false" timeDependent="false" xmlns="http://www.imsglobal.org/xsd/imsqti_v2p1" xmlns:xsi="http://www.w3.org/2001/XMLSchema-instance">
<responseDeclaration identifier="uva-interval-412-nl-ans_381043626_section_1_item_1_schoice_RESPONSE_1_3163956" cardinality="single" baseType="identifier">
<correctResponse>
<value>uva-interval-412-nl-ans_381043626_section_1_item_1_schoice_3_2399456835</value>
</correctResponse>
<mapping defaultValue="0" lowerBound="0.0">
<mapEntry mapKey="uva-interval-412-nl-ans_381043626_section_1_item_1_schoice_1_3992631802" mappedValue="0"/>
<mapEntry mapKey="uva-interval-412-nl-ans_381043626_section_1_item_1_schoice_2_1116392878" mappedValue="0"/>
<mapEntry mapKey="uva-interval-412-nl-ans_381043626_section_1_item_1_schoice_3_2399456835" mappedValue="1"/>
<mapEntry mapKey="uva-interval-412-nl-ans_381043626_section_1_item_1_schoice_4_2554775710" mappedValue="0"/>
</mapping>
</responseDeclaration>
<outcomeDeclaration identifier="SCORE" cardinality="single" baseType="float" normalMaximum="1" normalMinimum="0">
<defaultValue>
<value>0.0</value>
</defaultValue>
</outcomeDeclaration>
<outcomeDeclaration identifier="MAXSCORE" cardinality="single" baseType="float">
<defaultValue>
<value>1</value>
</defaultValue>
</outcomeDeclaration>
<outcomeDeclaration identifier="FEEDBACKBASIC" cardinality="single" baseType="identifier" view="testConstructor">
<defaultValue>
<value>empty</value>
</defaultValue>
</outcomeDeclaration>
<outcomeDeclaration identifier="FEEDBACKMODAL" cardinality="multiple" baseType="identifier" view="testConstructor"/>
<outcomeDeclaration identifier="SOLUTIONMODAL" cardinality="single" baseType="identifier" view="testConstructor"/>
<outcomeDeclaration identifier="MINSCORE" cardinality="single" baseType="float">
<defaultValue>
<value baseType="float">0</value>
</defaultValue>
</outcomeDeclaration>
<outcomeDeclaration identifier="SCORE_RESPONSE_1" cardinality="single" baseType="float">
<defaultValue>
<value>0.0</value>
</defaultValue>
</outcomeDeclaration>
<outcomeDeclaration identifier="MINSCORE_RESPONSE_1" cardinality="single" baseType="float">
<defaultValue>
<value>0.0</value>
</defaultValue>
</outcomeDeclaration>
<itemBody>
<p>Uit een grote populatie wordt een steekproef van 7 personen getrokken en
hun lichaamstemperatuur (in °C) wordt gemeten, met als uitkomsten: 37.5,
37.1, 38.0, 37.6, 36.8, 37.1, 37.7 Deze variabele wordt gemeten op</p>
<choiceInteraction responseIdentifier="uva-interval-412-nl-ans_381043626_section_1_item_1_schoice_RESPONSE_1_3163956" shuffle="false" maxChoices="1">
<simpleChoice identifier="uva-interval-412-nl-ans_381043626_section_1_item_1_schoice_1_3992631802">
<p>
 nominaal meetniveau
</p>
</simpleChoice>
<simpleChoice identifier="uva-interval-412-nl-ans_381043626_section_1_item_1_schoice_2_1116392878">
<p>
 ordinaal meetniveau
</p>
</simpleChoice>
<simpleChoice identifier="uva-interval-412-nl-ans_381043626_section_1_item_1_schoice_3_2399456835">
<p>
 interval meetniveau
</p>
</simpleChoice>
<simpleChoice identifier="uva-interval-412-nl-ans_381043626_section_1_item_1_schoice_4_2554775710">
<p>
 ratio meetniveau
</p>
</simpleChoice>
</choiceInteraction>
</itemBody>
<responseProcessing>
<setOutcomeValue identifier="SCORE_RESPONSE_1">
<sum>
<variable identifier="SCORE_RESPONSE_1"/>
<mapResponse identifier="uva-interval-412-nl-ans_381043626_section_1_item_1_schoice_RESPONSE_1_3163956"/>
</sum>
</setOutcomeValue>
<responseCondition>
<responseIf>
<lt>
<variable identifier="SCORE_RESPONSE_1"/>
<variable identifier="MINSCORE_RESPONSE_1"/>
</lt>
<setOutcomeValue identifier="SCORE_RESPONSE_1">
<variable identifier="MINSCORE_RESPONSE_1"/>
</setOutcomeValue>
</responseIf>
</responseCondition>
<responseCondition>
<responseIf>
<isNull>
<variable identifier="uva-interval-412-nl-ans_381043626_section_1_item_1_schoice_RESPONSE_1_3163956"/>
</isNull>
<setOutcomeValue identifier="SCORE_RESPONSE_1">
<sum>
<variable identifier="SCORE_RESPONSE_1"/>
<baseValue baseType="float">0</baseValue>
</sum>
</setOutcomeValue>
</responseIf>
</responseCondition>
<setOutcomeValue identifier="SCORE">
<sum>
<variable identifier="SCORE_RESPONSE_1"/>
</sum>
</setOutcomeValue>
<responseCondition>
<responseIf>
<lt>
<variable identifier="SCORE"/>
<variable identifier="MINSCORE"/>
</lt>
<setOutcomeValue identifier="SCORE">
<variable identifier="MINSCORE"/>
</setOutcomeValue>
</responseIf>
</responseCondition>
<responseCondition>
<responseIf>
<lt>
<variable identifier="SCORE"/>
<baseValue baseType="float">1</baseValue>
</lt>
<setOutcomeValue identifier="FEEDBACKMODAL">
<multiple>
<variable identifier="FEEDBACKMODAL"/>
<baseValue baseType="identifier">Feedback506586505</baseValue>
</multiple>
</setOutcomeValue>
</responseIf>
</responseCondition>
</responseProcessing>
<modalFeedback outcomeIdentifier="FEEDBACK" showHide="show" identifier="incorrect">
<ul>
<li> nominaal meetniveau <br /> nominaal meetniveau: Incorrect </li>
<li> ordinaal meetniveau <br /> ordinaal meetniveau: Incorrect </li>
<li> interval meetniveau <br /> interval meetniveau: Correct </li>
<li> ratio meetniveau <br /> ratio meetniveau: Incorrect </li>
</ul>
</modalFeedback>
</assessmentItem>
