<?xml version="1.0" encoding="UTF-8"?>
<!DOCTYPE questestinterop SYSTEM "ims_qtiasiv1p2p1.dtd">

<questestinterop xmlns="http://www.imsglobal.org/xsd/ims_qtiasiv1p2" xmlns:xsi="http://www.w3.org/2001/XMLSchema-instance" xsi:schemaLocation="http://www.imsglobal.org/xsd/ims_qtiasiv1p2 http://www.imsglobal.org/xsd/ims_qtiasiv1p2p1.xsd">
<assessment ident="uva-one-sample-mean-307-nl-canvas_357357764" title="uva-one-sample-mean-307-nl-canvas">

<qtimetadata>
<qtimetadatafield>
<fieldlabel>cc_maxattempts</fieldlabel>
<fieldentry>1</fieldentry>
</qtimetadatafield>
<qtimetadatafield>
<fieldlabel>qmd_assessmenttype</fieldlabel>
<fieldentry>Assessment</fieldentry>
</qtimetadatafield>
</qtimetadata>
<objectives>
<material>
<mattext><![CDATA[Please solve the following exercises.]]></mattext>
</material>
</objectives>
<assessmentcontrol feedbackswitch="No" hintswitch="No" solutionswitch="Yes"/>
<outcomes_processing scoremodel="SumOfScores">
<outcomes>
<decvar varname="SCORE" vartype="Decimal" cutvalue="0"/>
</outcomes>
</outcomes_processing>
<assessfeedback title="AssessmentFeedback" ident="AssessmentFeedback">
<flow_mat>
<material>
<mattext>##AssessmentFeedback##</mattext>
</material>
</flow_mat>
</assessfeedback>

<section ident="uva-one-sample-mean-307-nl-canvas_357357764_section_1" title="Exercise">

<objectives>
<material>
<mattext><![CDATA[Please answer the following question.]]></mattext>
</material>
</objectives>
<selection_ordering>
<selection>
<selection_number>1</selection_number>
<selection_extension>
<points_per_item>1</points_per_item>
</selection_extension>
</selection>
<order order_type="Random"/>
</selection_ordering>

<item ident="uva-one-sample-mean-307-nl-canvas_357357764_section_1_item_1_schoice" title="Question" maxattempts="1">
<itemcontrol feedbackswitch="No" hintswitch="No" solutionswitch="Yes"/>
<itemmetadata>
<qtimetadata>
<qtimetadatafield>
<fieldlabel>question_type</fieldlabel>
<fieldentry>multiple_choice_question</fieldentry>
</qtimetadatafield>
</qtimetadata>
</itemmetadata>
<presentation>
<flow>
<material>
<matbreak/>
<mattext texttype="text/html" charset="utf-8"><![CDATA[
<p>We trekken een steekproef uit een normaal verdeelde populatie N(μ,
σ<sup>²</sup>), met als uitkomsten: 20, 20, 36 en 20. We toetsen H<sub>0</sub>: μ = 20
tegen H<sub>1</sub>: μ ≠ 20 met 5% risico. Er is gegeven dat σ = 8. Hoe moet de
conclusie luiden?</p>
]]></mattext>
<matbreak/>
</material>
<response_lid ident="uva-one-sample-mean-307-nl-canvas_357357764_section_1_item_1_schoice_RESPONSE_2866696" rcardinality="Single" rtiming="No">
<render_choice shuffle="No">
<flow_label class="List">
<response_label ident="uva-one-sample-mean-307-nl-canvas_357357764_section_1_item_1_schoice_1941990313" rshuffle="No">
<material>
<mattext texttype="text/html" charset="utf-8"><![CDATA[
 Het toetsresultaat is significant, verwerp H0
]]></mattext>
</material>
</response_label>
</flow_label>
<flow_label class="List">
<response_label ident="uva-one-sample-mean-307-nl-canvas_357357764_section_1_item_1_schoice_1867057089" rshuffle="No">
<material>
<mattext texttype="text/html" charset="utf-8"><![CDATA[
 Het toetsresultaat is significant, verwerp H0 niet
]]></mattext>
</material>
</response_label>
</flow_label>
<flow_label class="List">
<response_label ident="uva-one-sample-mean-307-nl-canvas_357357764_section_1_item_1_schoice_2508435283" rshuffle="No">
<material>
<mattext texttype="text/html" charset="utf-8"><![CDATA[
 Het toetsresultaat is niet significant, verwerp H0
]]></mattext>
</material>
</response_label>
</flow_label>
<flow_label class="List">
<response_label ident="uva-one-sample-mean-307-nl-canvas_357357764_section_1_item_1_schoice_8215119711" rshuffle="No">
<material>
<mattext texttype="text/html" charset="utf-8"><![CDATA[
 Het toetsresultaat is niet significant, verwerp H0 niet
]]></mattext>
</material>
</response_label>
</flow_label>
</render_choice>
</response_lid>
</flow>
</presentation>
<resprocessing>
<outcomes>
<decvar varname="SCORE" vartype="Decimal" defaultval="0" minvalue="0" maxvalue="1" cutvalue="1"/>
</outcomes>
<respcondition title="Mastery" continue="No">
<conditionvar>
<and>
<varequal respident="uva-one-sample-mean-307-nl-canvas_357357764_section_1_item_1_schoice_RESPONSE_2866696" case="Yes">uva-one-sample-mean-307-nl-canvas_357357764_section_1_item_1_schoice_8215119711</varequal>
<not> <varequal respident="uva-one-sample-mean-307-nl-canvas_357357764_section_1_item_1_schoice_RESPONSE_2866696" case="Yes">uva-one-sample-mean-307-nl-canvas_357357764_section_1_item_1_schoice_1941990313</varequal> </not>
<not> <varequal respident="uva-one-sample-mean-307-nl-canvas_357357764_section_1_item_1_schoice_RESPONSE_2866696" case="Yes">uva-one-sample-mean-307-nl-canvas_357357764_section_1_item_1_schoice_1867057089</varequal> </not>
<not> <varequal respident="uva-one-sample-mean-307-nl-canvas_357357764_section_1_item_1_schoice_RESPONSE_2866696" case="Yes">uva-one-sample-mean-307-nl-canvas_357357764_section_1_item_1_schoice_2508435283</varequal> </not>
</and>
</conditionvar>
<setvar varname="SCORE" action="Set">1</setvar>
<displayfeedback feedbacktype="Response" linkrefid="correct_fb"/>
</respcondition>
<respcondition continue="Yes">
<conditionvar>
<other/>
</conditionvar>
<displayfeedback feedbacktype="Response" linkrefid="general_incorrect_fb"/>
</respcondition>
</resprocessing>
<itemfeedback ident="correct_fb" view="All">
<flow_mat>
<material>
<mattext texttype="text/html"><![CDATA[
<ul>
<li> Het toetsresultaat is significant, verwerp H0 <br /> Het toetsresultaat is significant, verwerp H0: Incorrect </li>
<li> Het toetsresultaat is significant, verwerp H0 niet <br /> Het toetsresultaat is significant, verwerp H0 niet: Incorrect </li>
<li> Het toetsresultaat is niet significant, verwerp H0 <br /> Het toetsresultaat is niet significant, verwerp H0: Incorrect </li>
<li> Het toetsresultaat is niet significant, verwerp H0 niet <br /> Het toetsresultaat is niet significant, verwerp H0 niet: Correct </li>
</ul>
]]></mattext>
</material>
</flow_mat>
</itemfeedback>
<itemfeedback ident="general_incorrect_fb" view="All">
<flow_mat>
<material>
<mattext texttype="text/html"><![CDATA[
<ul>
<li> Het toetsresultaat is significant, verwerp H0 <br /> Het toetsresultaat is significant, verwerp H0: Incorrect </li>
<li> Het toetsresultaat is significant, verwerp H0 niet <br /> Het toetsresultaat is significant, verwerp H0 niet: Incorrect </li>
<li> Het toetsresultaat is niet significant, verwerp H0 <br /> Het toetsresultaat is niet significant, verwerp H0: Incorrect </li>
<li> Het toetsresultaat is niet significant, verwerp H0 niet <br /> Het toetsresultaat is niet significant, verwerp H0 niet: Correct </li>
</ul>
]]></mattext>
</material>
</flow_mat>
</itemfeedback>
</item>


</section>

</assessment>
</questestinterop>
