<?xml version="1.0" encoding="utf-8" standalone="yes"?>
<assessmentItem identifier="uu-Multiple-linear-regression-809-nl-tv_202411271204_item_1_schoice" title="uu-Multiple-linear-regression-809-nl-tv_202411271204_item_1_schoice_uu-Multiple-linear-regression-809-nl.Rmd" adaptive="false" timeDependent="false" toolName="Testvision Online" toolVersion="39.0.9084" xmlns="http://www.imsglobal.org/xsd/imsqti_v2p1">
<responseDeclaration identifier="RESPONSE" cardinality="single" baseType="identifier">
<correctResponse>
<value>alt_457836</value>
</correctResponse>
<mapping defaultValue="0" lowerBound="0.0">
<mapEntry mapKey="alt_699735" mappedValue="-0.333333333333333"/>
<mapEntry mapKey="alt_382283" mappedValue="-0.333333333333333"/>
<mapEntry mapKey="alt_457836" mappedValue="1"/>
<mapEntry mapKey="alt_171954" mappedValue="-0.333333333333333"/>
</mapping>
</responseDeclaration>
<outcomeDeclaration identifier="SCORE" cardinality="single" baseType="float" normalMaximum="1" normalMinimum="0" />
<outcomeDeclaration identifier="FEEDBACK" cardinality="single" baseType="identifier" />
<stylesheet href="css/uu-Multiple-linear-regression-809-nl-tv_202411271204_item_1_schoice.css" type="text/css" />
<itemBody>
<p>Een student aan de universiteit van London heeft data verzameld onder zijn medestudenten. Hij wil een model maken om de lengte van studenten te voorspellen (gemeten in inches, VB: 1,70 m = 67 inches) aan de hand van de lengte van hun ouders, hun sekse (male = 0, female = 1) en hun positie binnen het gezin. Deel van de SPSS data en de SPSS output staan hieronder.</p>
<p><img src="mediafiles/supplements1/uu-Multiple-linear-regression-809-nl-tabel.jpg" alt="image"/></p>
<p>Hoe lang voorspellen we student 64, waarvan we weten dat het een meisje is, aan de hand van bovenstaand model?</p>
<choiceInteraction responseIdentifier="RESPONSE" shuffle="false" maxChoices="1">
<simpleChoice identifier="alt_699735">
<div class="textblock tvblock tvcss_1"><div class="rte_zone tveditor1">
 62.5 inches
</div>
</div>
</simpleChoice>
<simpleChoice identifier="alt_382283">
<div class="textblock tvblock tvcss_1"><div class="rte_zone tveditor1">
 64.4 inches
</div>
</div>
</simpleChoice>
<simpleChoice identifier="alt_457836">
<div class="textblock tvblock tvcss_1"><div class="rte_zone tveditor1">
 65.7 inches
</div>
</div>
</simpleChoice>
<simpleChoice identifier="alt_171954">
<div class="textblock tvblock tvcss_1"><div class="rte_zone tveditor1">
 70.6 inches
</div>
</div>
</simpleChoice>
</choiceInteraction>
</itemBody>
<responseProcessing>
<responseCondition>
<responseIf>
<isNull>
<variable identifier="RESPONSE"/>
</isNull>
<setOutcomeValue identifier="SCORE">
<baseValue baseType="float">0.0</baseValue>
</setOutcomeValue>
<setOutcomeValue identifier="FEEDBACK">
<baseValue baseType="identifier">FAILURE</baseValue>
</setOutcomeValue>
</responseIf>
<responseElse>
<setOutcomeValue identifier="SCORE">
<mapResponse identifier="RESPONSE"/>
</setOutcomeValue>
<responseCondition>
<responseIf>
<equal toleranceMode="relative" tolerance="0.001">
<variable identifier="SCORE"/>
<variable identifier="MAXSCORE"/>
</equal>
<setOutcomeValue identifier="FEEDBACK">
<baseValue baseType="identifier">ANSWER_CORRECT</baseValue>
</setOutcomeValue>
</responseIf>
<responseElse>
<setOutcomeValue identifier="FEEDBACK">
<baseValue baseType="identifier">FAILURE</baseValue>
</setOutcomeValue>
</responseElse>
</responseCondition>
</responseElse>
</responseCondition>
</responseProcessing>
<modalFeedback identifier="FAILURE" outcomeIdentifier="FEEDBACK" showHide="show">
<div class="textblock tvblock tvcss_1"><div class="rte_zone tveditor1">
</div>
</div>
</modalFeedback>
<modalFeedback identifier="ANSWER_CORRECT" outcomeIdentifier="FEEDBACK" showHide="show">
<div class="textblock tvblock tvcss_1"><div class="rte_zone tveditor1">
</div>
</div>
</modalFeedback>
<modalFeedback identifier="PARTIAL_CORRECT" outcomeIdentifier="FEEDBACK" showHide="show">
<div class="textblock tvblock tvcss_1"><div class="rte_zone tveditor1">
</div>
</div>
</modalFeedback>
</assessmentItem>
