<?xml version="1.0" encoding="utf-8" standalone="yes"?>
<assessmentItem identifier="uva-variance-210-en-tv_202510071723_item_1_schoice" title="uva-variance-210-en-tv_202510071723_item_1_schoice_uva-variance-210-en" adaptive="false" timeDependent="false" toolName="Testvision Online" toolVersion="39.0.9084" xmlns="http://www.imsglobal.org/xsd/imsqti_v2p1">
<responseDeclaration identifier="RESPONSE" cardinality="single" baseType="identifier">
<correctResponse>
<value>alt_614451</value>
</correctResponse>
<mapping defaultValue="0" lowerBound="0.0">
<mapEntry mapKey="alt_184237" mappedValue="-0.5"/>
<mapEntry mapKey="alt_803413" mappedValue="-0.5"/>
<mapEntry mapKey="alt_614451" mappedValue="1"/>
</mapping>
</responseDeclaration>
<outcomeDeclaration identifier="SCORE" cardinality="single" baseType="float" normalMaximum="1" normalMinimum="0" />
<outcomeDeclaration identifier="FEEDBACK" cardinality="single" baseType="identifier" />
<stylesheet href="css/uva-variance-210-en-tv_202510071723_item_1_schoice.css" type="text/css" />
<itemBody>
<p>For the probability variable X, Var(X) = 3. A new probability variable W is created using the formula W = 2X. The variance of W, Var(W), is now</p>
<choiceInteraction responseIdentifier="RESPONSE" shuffle="false" maxChoices="1">
<simpleChoice identifier="alt_184237">
<div class="textblock tvblock tvcss_1"><div class="rte_zone tveditor1">
 4
</div>
</div>
</simpleChoice>
<simpleChoice identifier="alt_803413">
<div class="textblock tvblock tvcss_1"><div class="rte_zone tveditor1">
 6
</div>
</div>
</simpleChoice>
<simpleChoice identifier="alt_614451">
<div class="textblock tvblock tvcss_1"><div class="rte_zone tveditor1">
 12
</div>
</div>
</simpleChoice>
</choiceInteraction>
</itemBody>
<responseProcessing>
<responseCondition>
<responseIf>
<isNull>
<variable identifier="RESPONSE"/>
</isNull>
<setOutcomeValue identifier="SCORE">
<baseValue baseType="float">0.0</baseValue>
</setOutcomeValue>
<setOutcomeValue identifier="FEEDBACK">
<baseValue baseType="identifier">FAILURE</baseValue>
</setOutcomeValue>
</responseIf>
<responseElse>
<setOutcomeValue identifier="SCORE">
<mapResponse identifier="RESPONSE"/>
</setOutcomeValue>
<responseCondition>
<responseIf>
<equal toleranceMode="relative" tolerance="0.001">
<variable identifier="SCORE"/>
<variable identifier="MAXSCORE"/>
</equal>
<setOutcomeValue identifier="FEEDBACK">
<baseValue baseType="identifier">ANSWER_CORRECT</baseValue>
</setOutcomeValue>
</responseIf>
<responseElse>
<setOutcomeValue identifier="FEEDBACK">
<baseValue baseType="identifier">FAILURE</baseValue>
</setOutcomeValue>
</responseElse>
</responseCondition>
</responseElse>
</responseCondition>
</responseProcessing>
<modalFeedback identifier="FAILURE" outcomeIdentifier="FEEDBACK" showHide="show">
<div class="textblock tvblock tvcss_1"><div class="rte_zone tveditor1">
<ul>
<li> 4 <br /> 4:Incorrect </li>
<li> 6 <br /> 6: Incorrect </li>
<li> 12 <br /> 12: Correct </li>
</ul>
</div>
</div>
</modalFeedback>
<modalFeedback identifier="ANSWER_CORRECT" outcomeIdentifier="FEEDBACK" showHide="show">
<div class="textblock tvblock tvcss_1"><div class="rte_zone tveditor1">
<ul>
<li> 4 <br /> 4:Incorrect </li>
<li> 6 <br /> 6: Incorrect </li>
<li> 12 <br /> 12: Correct </li>
</ul>
</div>
</div>
</modalFeedback>
<modalFeedback identifier="PARTIAL_CORRECT" outcomeIdentifier="FEEDBACK" showHide="show">
<div class="textblock tvblock tvcss_1"><div class="rte_zone tveditor1">
<ul>
<li> 4 <br /> 4:Incorrect </li>
<li> 6 <br /> 6: Incorrect </li>
<li> 12 <br /> 12: Correct </li>
</ul>
</div>
</div>
</modalFeedback>
</assessmentItem>
