<?xml version="1.0" encoding="UTF-8"?>
<!DOCTYPE questestinterop SYSTEM "ims_qtiasiv1p2p1.dtd">

<questestinterop xmlns="http://www.imsglobal.org/xsd/ims_qtiasiv1p2" xmlns:xsi="http://www.w3.org/2001/XMLSchema-instance" xsi:schemaLocation="http://www.imsglobal.org/xsd/ims_qtiasiv1p2 http://www.imsglobal.org/xsd/ims_qtiasiv1p2p1.xsd">
<assessment ident="uva-variance-1094-en-canvas_585931821" title="uva-variance-1094-en-canvas">

<qtimetadata>
<qtimetadatafield>
<fieldlabel>cc_maxattempts</fieldlabel>
<fieldentry>1</fieldentry>
</qtimetadatafield>
<qtimetadatafield>
<fieldlabel>qmd_assessmenttype</fieldlabel>
<fieldentry>Assessment</fieldentry>
</qtimetadatafield>
</qtimetadata>
<objectives>
<material>
<mattext><![CDATA[Please solve the following exercises.]]></mattext>
</material>
</objectives>
<assessmentcontrol feedbackswitch="No" hintswitch="No" solutionswitch="Yes"/>
<outcomes_processing scoremodel="SumOfScores">
<outcomes>
<decvar varname="SCORE" vartype="Decimal" cutvalue="0"/>
</outcomes>
</outcomes_processing>
<assessfeedback title="AssessmentFeedback" ident="AssessmentFeedback">
<flow_mat>
<material>
<mattext>##AssessmentFeedback##</mattext>
</material>
</flow_mat>
</assessfeedback>

<section ident="uva-variance-1094-en-canvas_585931821_section_1" title="Exercise">

<objectives>
<material>
<mattext><![CDATA[Please answer the following question.]]></mattext>
</material>
</objectives>
<selection_ordering>
<selection>
<selection_number>1</selection_number>
<selection_extension>
<points_per_item>1</points_per_item>
</selection_extension>
</selection>
<order order_type="Random"/>
</selection_ordering>

<item ident="uva-variance-1094-en-canvas_585931821_section_1_item_1_schoice" title="Question" maxattempts="1">
<itemcontrol feedbackswitch="No" hintswitch="No" solutionswitch="Yes"/>
<itemmetadata>
<qtimetadata>
<qtimetadatafield>
<fieldlabel>question_type</fieldlabel>
<fieldentry>multiple_choice_question</fieldentry>
</qtimetadatafield>
</qtimetadata>
</itemmetadata>
<presentation>
<flow>
<material>
<matbreak/>
<mattext texttype="text/html" charset="utf-8"><![CDATA[
<p>You have 1,000 euros and a plan to invest your money. In the following table you will find the possible net profits in a year and the probability of these profits.â  Plan</p>
<p>————- —— Net profit Chance € 20 0,3 € 10 0,2 € 4 0,5 ————- ——</p>
<p> What is the variance of this plan?</p>
]]></mattext>
<matbreak/>
</material>
<response_lid ident="uva-variance-1094-en-canvas_585931821_section_1_item_1_schoice_RESPONSE_3626353" rcardinality="Single" rtiming="No">
<render_choice shuffle="No">
<flow_label class="List">
<response_label ident="uva-variance-1094-en-canvas_585931821_section_1_item_1_schoice_8528522717" rshuffle="No">
<material>
<mattext texttype="text/html" charset="utf-8"><![CDATA[
 € 0
]]></mattext>
</material>
</response_label>
</flow_label>
<flow_label class="List">
<response_label ident="uva-variance-1094-en-canvas_585931821_section_1_item_1_schoice_1488964194" rshuffle="No">
<material>
<mattext texttype="text/html" charset="utf-8"><![CDATA[
 € 18
]]></mattext>
</material>
</response_label>
</flow_label>
<flow_label class="List">
<response_label ident="uva-variance-1094-en-canvas_585931821_section_1_item_1_schoice_9631484561" rshuffle="No">
<material>
<mattext texttype="text/html" charset="utf-8"><![CDATA[
 € 30
]]></mattext>
</material>
</response_label>
</flow_label>
<flow_label class="List">
<response_label ident="uva-variance-1094-en-canvas_585931821_section_1_item_1_schoice_9789198746" rshuffle="No">
<material>
<mattext texttype="text/html" charset="utf-8"><![CDATA[
 € 48
]]></mattext>
</material>
</response_label>
</flow_label>
</render_choice>
</response_lid>
</flow>
</presentation>
<resprocessing>
<outcomes>
<decvar varname="SCORE" vartype="Decimal" defaultval="0" minvalue="0" maxvalue="1" cutvalue="1"/>
</outcomes>
<respcondition title="Mastery" continue="No">
<conditionvar>
<and>
<varequal respident="uva-variance-1094-en-canvas_585931821_section_1_item_1_schoice_RESPONSE_3626353" case="Yes">uva-variance-1094-en-canvas_585931821_section_1_item_1_schoice_9789198746</varequal>
<not> <varequal respident="uva-variance-1094-en-canvas_585931821_section_1_item_1_schoice_RESPONSE_3626353" case="Yes">uva-variance-1094-en-canvas_585931821_section_1_item_1_schoice_8528522717</varequal> </not>
<not> <varequal respident="uva-variance-1094-en-canvas_585931821_section_1_item_1_schoice_RESPONSE_3626353" case="Yes">uva-variance-1094-en-canvas_585931821_section_1_item_1_schoice_1488964194</varequal> </not>
<not> <varequal respident="uva-variance-1094-en-canvas_585931821_section_1_item_1_schoice_RESPONSE_3626353" case="Yes">uva-variance-1094-en-canvas_585931821_section_1_item_1_schoice_9631484561</varequal> </not>
</and>
</conditionvar>
<setvar varname="SCORE" action="Set">1</setvar>
<displayfeedback feedbacktype="Response" linkrefid="correct_fb"/>
</respcondition>
<respcondition continue="Yes">
<conditionvar>
<other/>
</conditionvar>
<displayfeedback feedbacktype="Response" linkrefid="general_incorrect_fb"/>
</respcondition>
</resprocessing>
<itemfeedback ident="correct_fb" view="All">
<flow_mat>
<material>
<mattext texttype="text/html"><![CDATA[
<ul>
<li> € 0 <br /> 0 €: Incorrect </li>
<li> € 18 <br /> € 18: Incorrect </li>
<li> € 30 <br /> € 30: Incorrect </li>
<li> € 48 <br /> € 48: Correct </li>
</ul>
]]></mattext>
</material>
</flow_mat>
</itemfeedback>
<itemfeedback ident="general_incorrect_fb" view="All">
<flow_mat>
<material>
<mattext texttype="text/html"><![CDATA[
<ul>
<li> € 0 <br /> 0 €: Incorrect </li>
<li> € 18 <br /> € 18: Incorrect </li>
<li> € 30 <br /> € 30: Incorrect </li>
<li> € 48 <br /> € 48: Correct </li>
</ul>
]]></mattext>
</material>
</flow_mat>
</itemfeedback>
</item>


</section>

</assessment>
</questestinterop>
