<?xml version="1.0" encoding="UTF-8"?>
<assessmentItem xsi:schemaLocation="http://www.imsglobal.org/xsd/imsqti_v2p1 http://www.imsglobal.org/xsd/qti/qtiv2p1/imsqti_v2p1p1.xsd http://www.w3.org/1998/Math/MathML http://www.w3.org/Math/XMLSchema/mathml2/mathml2.xsd" identifier="uu-ANOVA-823-nl-qti_178827804_section_1_item_1_schoice" title="1" adaptive="false" timeDependent="false" xmlns="http://www.imsglobal.org/xsd/imsqti_v2p1" xmlns:xsi="http://www.w3.org/2001/XMLSchema-instance">
<responseDeclaration identifier="uu-ANOVA-823-nl-qti_178827804_section_1_item_1_schoice_RESPONSE_1_1542233" cardinality="single" baseType="identifier">
<correctResponse>
<value>uu-ANOVA-823-nl-qti_178827804_section_1_item_1_schoice_2_1473734390</value>
</correctResponse>
<mapping defaultValue="0" lowerBound="0.0">
<mapEntry mapKey="uu-ANOVA-823-nl-qti_178827804_section_1_item_1_schoice_1_9587446511" mappedValue="0"/>
<mapEntry mapKey="uu-ANOVA-823-nl-qti_178827804_section_1_item_1_schoice_2_1473734390" mappedValue="1"/>
<mapEntry mapKey="uu-ANOVA-823-nl-qti_178827804_section_1_item_1_schoice_3_1432788075" mappedValue="0"/>
<mapEntry mapKey="uu-ANOVA-823-nl-qti_178827804_section_1_item_1_schoice_4_1897661582" mappedValue="0"/>
</mapping>
</responseDeclaration>
<outcomeDeclaration identifier="SCORE" cardinality="single" baseType="float" normalMaximum="1" normalMinimum="0">
<defaultValue>
<value>0.0</value>
</defaultValue>
</outcomeDeclaration>
<outcomeDeclaration identifier="MAXSCORE" cardinality="single" baseType="float">
<defaultValue>
<value>1</value>
</defaultValue>
</outcomeDeclaration>
<outcomeDeclaration identifier="FEEDBACKBASIC" cardinality="single" baseType="identifier" view="testConstructor">
<defaultValue>
<value>empty</value>
</defaultValue>
</outcomeDeclaration>
<outcomeDeclaration identifier="FEEDBACKMODAL" cardinality="multiple" baseType="identifier" view="testConstructor"/>
<outcomeDeclaration identifier="SOLUTIONMODAL" cardinality="single" baseType="identifier" view="testConstructor"/>
<outcomeDeclaration identifier="MINSCORE" cardinality="single" baseType="float">
<defaultValue>
<value baseType="float">0</value>
</defaultValue>
</outcomeDeclaration>
<outcomeDeclaration identifier="SCORE_RESPONSE_1" cardinality="single" baseType="float">
<defaultValue>
<value>0.0</value>
</defaultValue>
</outcomeDeclaration>
<outcomeDeclaration identifier="MINSCORE_RESPONSE_1" cardinality="single" baseType="float">
<defaultValue>
<value>0.0</value>
</defaultValue>
</outcomeDeclaration>
<itemBody>
<p>Een probleem waar je rekening mee moet houden wanneer je als onderzoeker voor een within-subjects design kiest is:</p>
<choiceInteraction responseIdentifier="uu-ANOVA-823-nl-qti_178827804_section_1_item_1_schoice_RESPONSE_1_1542233" shuffle="false" maxChoices="1">
<simpleChoice identifier="uu-ANOVA-823-nl-qti_178827804_section_1_item_1_schoice_1_9587446511">
<p>
 dat je minder mensen nodig hebt dan in een vergelijkbaar between-subjects design.
</p>
</simpleChoice>
<simpleChoice identifier="uu-ANOVA-823-nl-qti_178827804_section_1_item_1_schoice_2_1473734390">
<p>
 dat je moet omgaan met de problemen van volgorde-effecten.
</p>
</simpleChoice>
<simpleChoice identifier="uu-ANOVA-823-nl-qti_178827804_section_1_item_1_schoice_3_1432788075">
<p>
 dat je verschillende groepen deelnemers op elk niveau van de onafhankelijke variabele onderzoekt.
</p>
</simpleChoice>
<simpleChoice identifier="uu-ANOVA-823-nl-qti_178827804_section_1_item_1_schoice_4_1897661582">
<p>
 dat je minstens drie verschillende groepen deelnemers nodig hebt.
</p>
</simpleChoice>
</choiceInteraction>
</itemBody>
<responseProcessing>
<setOutcomeValue identifier="SCORE_RESPONSE_1">
<sum>
<variable identifier="SCORE_RESPONSE_1"/>
<mapResponse identifier="uu-ANOVA-823-nl-qti_178827804_section_1_item_1_schoice_RESPONSE_1_1542233"/>
</sum>
</setOutcomeValue>
<responseCondition>
<responseIf>
<lt>
<variable identifier="SCORE_RESPONSE_1"/>
<variable identifier="MINSCORE_RESPONSE_1"/>
</lt>
<setOutcomeValue identifier="SCORE_RESPONSE_1">
<variable identifier="MINSCORE_RESPONSE_1"/>
</setOutcomeValue>
</responseIf>
</responseCondition>
<responseCondition>
<responseIf>
<isNull>
<variable identifier="uu-ANOVA-823-nl-qti_178827804_section_1_item_1_schoice_RESPONSE_1_1542233"/>
</isNull>
<setOutcomeValue identifier="SCORE_RESPONSE_1">
<sum>
<variable identifier="SCORE_RESPONSE_1"/>
<baseValue baseType="float">0</baseValue>
</sum>
</setOutcomeValue>
</responseIf>
</responseCondition>
<setOutcomeValue identifier="SCORE">
<sum>
<variable identifier="SCORE_RESPONSE_1"/>
</sum>
</setOutcomeValue>
<responseCondition>
<responseIf>
<lt>
<variable identifier="SCORE"/>
<variable identifier="MINSCORE"/>
</lt>
<setOutcomeValue identifier="SCORE">
<variable identifier="MINSCORE"/>
</setOutcomeValue>
</responseIf>
</responseCondition>
<responseCondition>
<responseIf>
<lt>
<variable identifier="SCORE"/>
<baseValue baseType="float">1</baseValue>
</lt>
<setOutcomeValue identifier="FEEDBACKMODAL">
<multiple>
<variable identifier="FEEDBACKMODAL"/>
<baseValue baseType="identifier">Feedback150619704</baseValue>
</multiple>
</setOutcomeValue>
</responseIf>
</responseCondition>
</responseProcessing>
<modalFeedback identifier="Feedback150619704" outcomeIdentifier="FEEDBACKMODAL" showHide="show">
</modalFeedback>
</assessmentItem>
