<?xml version="1.0" encoding="utf-8" standalone="yes"?>
<assessmentItem identifier="uva-one-sample-mean-867-en-tv_202601131822_item_1_schoice" title="uva-one-sample-mean-867-en-tv_202601131822_item_1_schoice_uva-one-sample-mean-867-en" adaptive="false" timeDependent="false" toolName="Testvision Online" toolVersion="39.0.9084" xmlns="http://www.imsglobal.org/xsd/imsqti_v2p1">
<responseDeclaration identifier="RESPONSE" cardinality="single" baseType="identifier">
<correctResponse>
<value>alt_923008</value>
</correctResponse>
<mapping defaultValue="0" lowerBound="0.0">
<mapEntry mapKey="alt_492292" mappedValue="-0.5"/>
<mapEntry mapKey="alt_370827" mappedValue="-0.5"/>
<mapEntry mapKey="alt_923008" mappedValue="1"/>
</mapping>
</responseDeclaration>
<outcomeDeclaration identifier="SCORE" cardinality="single" baseType="float" normalMaximum="1" normalMinimum="0" />
<outcomeDeclaration identifier="FEEDBACK" cardinality="single" baseType="identifier" />
<stylesheet href="css/uva-one-sample-mean-867-en-tv_202601131822_item_1_schoice.css" type="text/css" />
<itemBody>
<p>One wants to test the hypothesis that the average IQ of Utrecht politicians is 110, against the alternative that the average is higher. In a random sample of 23 politicians from Utrecht, the mean IQ is calculated to be 116 with a standard deviation of 15. the mean IQ is 116 with a standard deviation of 15. It is assumed that IQ is normally distributed. The null hypothesis can now be rejected at a significance level of</p>
<choiceInteraction responseIdentifier="RESPONSE" shuffle="false" maxChoices="1">
<simpleChoice identifier="alt_492292">
<div class="textblock tvblock tvcss_1"><div class="rte_zone tveditor1">
 0.01
</div>
</div>
</simpleChoice>
<simpleChoice identifier="alt_370827">
<div class="textblock tvblock tvcss_1"><div class="rte_zone tveditor1">
 0.025 but not from 0.01
</div>
</div>
</simpleChoice>
<simpleChoice identifier="alt_923008">
<div class="textblock tvblock tvcss_1"><div class="rte_zone tveditor1">
 0.05 but not from 0.025
</div>
</div>
</simpleChoice>
</choiceInteraction>
</itemBody>
<responseProcessing>
<responseCondition>
<responseIf>
<isNull>
<variable identifier="RESPONSE"/>
</isNull>
<setOutcomeValue identifier="SCORE">
<baseValue baseType="float">0.0</baseValue>
</setOutcomeValue>
<setOutcomeValue identifier="FEEDBACK">
<baseValue baseType="identifier">FAILURE</baseValue>
</setOutcomeValue>
</responseIf>
<responseElse>
<setOutcomeValue identifier="SCORE">
<mapResponse identifier="RESPONSE"/>
</setOutcomeValue>
<responseCondition>
<responseIf>
<equal toleranceMode="relative" tolerance="0.001">
<variable identifier="SCORE"/>
<variable identifier="MAXSCORE"/>
</equal>
<setOutcomeValue identifier="FEEDBACK">
<baseValue baseType="identifier">ANSWER_CORRECT</baseValue>
</setOutcomeValue>
</responseIf>
<responseElse>
<setOutcomeValue identifier="FEEDBACK">
<baseValue baseType="identifier">FAILURE</baseValue>
</setOutcomeValue>
</responseElse>
</responseCondition>
</responseElse>
</responseCondition>
</responseProcessing>
<modalFeedback identifier="FAILURE" outcomeIdentifier="FEEDBACK" showHide="show">
<div class="textblock tvblock tvcss_1"><div class="rte_zone tveditor1">
<ul>
<li> 0.01 <br /> 0.01: Incorrect </li>
<li> 0.025 but not from 0.01 <br /> 0.025 but not from 0.01: Incorrect </li>
<li> 0.05 but not from 0.025 <br /> 0.05 but not from 0.025: Correct </li>
</ul>
</div>
</div>
</modalFeedback>
<modalFeedback identifier="ANSWER_CORRECT" outcomeIdentifier="FEEDBACK" showHide="show">
<div class="textblock tvblock tvcss_1"><div class="rte_zone tveditor1">
<ul>
<li> 0.01 <br /> 0.01: Incorrect </li>
<li> 0.025 but not from 0.01 <br /> 0.025 but not from 0.01: Incorrect </li>
<li> 0.05 but not from 0.025 <br /> 0.05 but not from 0.025: Correct </li>
</ul>
</div>
</div>
</modalFeedback>
<modalFeedback identifier="PARTIAL_CORRECT" outcomeIdentifier="FEEDBACK" showHide="show">
<div class="textblock tvblock tvcss_1"><div class="rte_zone tveditor1">
<ul>
<li> 0.01 <br /> 0.01: Incorrect </li>
<li> 0.025 but not from 0.01 <br /> 0.025 but not from 0.01: Incorrect </li>
<li> 0.05 but not from 0.025 <br /> 0.05 but not from 0.025: Correct </li>
</ul>
</div>
</div>
</modalFeedback>
</assessmentItem>
