<?xml version="1.0" encoding="UTF-8"?>
<assessmentItem xsi:schemaLocation="http://www.imsglobal.org/xsd/imsqti_v2p1 http://www.imsglobal.org/xsd/qti/qtiv2p1/imsqti_v2p1p1.xsd http://www.w3.org/1998/Math/MathML http://www.w3.org/Math/XMLSchema/mathml2/mathml2.xsd" identifier="uva-oneway-anova-906-nl-ans_192478872_section_1_item_1_schoice" title="Inferential_Statistics_uva-oneway-anova-906-nl_uva-oneway-anova-906-nl_schoice_1" adaptive="false" timeDependent="false" xmlns="http://www.imsglobal.org/xsd/imsqti_v2p1" xmlns:xsi="http://www.w3.org/2001/XMLSchema-instance">
<responseDeclaration identifier="uva-oneway-anova-906-nl-ans_192478872_section_1_item_1_schoice_RESPONSE_1_3504398" cardinality="single" baseType="identifier">
<correctResponse>
<value>uva-oneway-anova-906-nl-ans_192478872_section_1_item_1_schoice_2_2211817985</value>
</correctResponse>
<mapping defaultValue="0" lowerBound="0.0">
<mapEntry mapKey="uva-oneway-anova-906-nl-ans_192478872_section_1_item_1_schoice_1_7774486154" mappedValue="0"/>
<mapEntry mapKey="uva-oneway-anova-906-nl-ans_192478872_section_1_item_1_schoice_2_2211817985" mappedValue="1"/>
<mapEntry mapKey="uva-oneway-anova-906-nl-ans_192478872_section_1_item_1_schoice_3_6765376032" mappedValue="0"/>
</mapping>
</responseDeclaration>
<outcomeDeclaration identifier="SCORE" cardinality="single" baseType="float" normalMaximum="1" normalMinimum="0">
<defaultValue>
<value>0.0</value>
</defaultValue>
</outcomeDeclaration>
<outcomeDeclaration identifier="MAXSCORE" cardinality="single" baseType="float">
<defaultValue>
<value>1</value>
</defaultValue>
</outcomeDeclaration>
<outcomeDeclaration identifier="FEEDBACKBASIC" cardinality="single" baseType="identifier" view="testConstructor">
<defaultValue>
<value>empty</value>
</defaultValue>
</outcomeDeclaration>
<outcomeDeclaration identifier="FEEDBACKMODAL" cardinality="multiple" baseType="identifier" view="testConstructor"/>
<outcomeDeclaration identifier="SOLUTIONMODAL" cardinality="single" baseType="identifier" view="testConstructor"/>
<outcomeDeclaration identifier="MINSCORE" cardinality="single" baseType="float">
<defaultValue>
<value baseType="float">0</value>
</defaultValue>
</outcomeDeclaration>
<outcomeDeclaration identifier="SCORE_RESPONSE_1" cardinality="single" baseType="float">
<defaultValue>
<value>0.0</value>
</defaultValue>
</outcomeDeclaration>
<outcomeDeclaration identifier="MINSCORE_RESPONSE_1" cardinality="single" baseType="float">
<defaultValue>
<value>0.0</value>
</defaultValue>
</outcomeDeclaration>
<itemBody>
<p>In de tabel staat het resultaat van een ANOVA met één factor.</p>
<table>
<tbody>
<tr class="odd">
<td align="left">Source</td>
<td align="left">df</td>
<td align="left">SS</td>
<td align="left">MS</td>
<td align="left">F</td>
</tr>
<tr class="even">
<td align="left">Groups</td>
<td align="left">2</td>
<td align="left"> </td>
<td align="left"> </td>
<td align="left"> </td>
</tr>
<tr class="odd">
<td align="left">Error</td>
<td align="left">60</td>
<td align="left">900</td>
<td align="left"> </td>
<td align="left"> </td>
</tr>
<tr class="even">
<td align="left">Total</td>
<td align="left">62</td>
<td align="left">1100</td>
<td align="left"> </td>
<td align="left"> </td>
</tr>
</tbody>
</table>
<p>De toets op de nulhypothese ANOVA kan bij een significantieniveau 0.05</p>
<choiceInteraction responseIdentifier="uva-oneway-anova-906-nl-ans_192478872_section_1_item_1_schoice_RESPONSE_1_3504398" shuffle="false" maxChoices="1">
<simpleChoice identifier="uva-oneway-anova-906-nl-ans_192478872_section_1_item_1_schoice_1_7774486154">
<p>
 niet worden verworpen
</p>
</simpleChoice>
<simpleChoice identifier="uva-oneway-anova-906-nl-ans_192478872_section_1_item_1_schoice_2_2211817985">
<p>
 worden verworpen
</p>
</simpleChoice>
<simpleChoice identifier="uva-oneway-anova-906-nl-ans_192478872_section_1_item_1_schoice_3_6765376032">
<p>
 niet worden bepaald
</p>
</simpleChoice>
</choiceInteraction>
</itemBody>
<responseProcessing>
<setOutcomeValue identifier="SCORE_RESPONSE_1">
<sum>
<variable identifier="SCORE_RESPONSE_1"/>
<mapResponse identifier="uva-oneway-anova-906-nl-ans_192478872_section_1_item_1_schoice_RESPONSE_1_3504398"/>
</sum>
</setOutcomeValue>
<responseCondition>
<responseIf>
<lt>
<variable identifier="SCORE_RESPONSE_1"/>
<variable identifier="MINSCORE_RESPONSE_1"/>
</lt>
<setOutcomeValue identifier="SCORE_RESPONSE_1">
<variable identifier="MINSCORE_RESPONSE_1"/>
</setOutcomeValue>
</responseIf>
</responseCondition>
<responseCondition>
<responseIf>
<isNull>
<variable identifier="uva-oneway-anova-906-nl-ans_192478872_section_1_item_1_schoice_RESPONSE_1_3504398"/>
</isNull>
<setOutcomeValue identifier="SCORE_RESPONSE_1">
<sum>
<variable identifier="SCORE_RESPONSE_1"/>
<baseValue baseType="float">0</baseValue>
</sum>
</setOutcomeValue>
</responseIf>
</responseCondition>
<setOutcomeValue identifier="SCORE">
<sum>
<variable identifier="SCORE_RESPONSE_1"/>
</sum>
</setOutcomeValue>
<responseCondition>
<responseIf>
<lt>
<variable identifier="SCORE"/>
<variable identifier="MINSCORE"/>
</lt>
<setOutcomeValue identifier="SCORE">
<variable identifier="MINSCORE"/>
</setOutcomeValue>
</responseIf>
</responseCondition>
<responseCondition>
<responseIf>
<lt>
<variable identifier="SCORE"/>
<baseValue baseType="float">1</baseValue>
</lt>
<setOutcomeValue identifier="FEEDBACKMODAL">
<multiple>
<variable identifier="FEEDBACKMODAL"/>
<baseValue baseType="identifier">Feedback141634324</baseValue>
</multiple>
</setOutcomeValue>
</responseIf>
</responseCondition>
</responseProcessing>
<modalFeedback outcomeIdentifier="FEEDBACK" showHide="show" identifier="incorrect">
<ul>
<li> niet worden verworpen <br /> niet worden verworpen: Incorrect </li>
<li> worden verworpen <br /> worden verworpen: Correct </li>
<li> niet worden bepaald <br /> niet worden bepaald: Incorrect </li>
</ul>
</modalFeedback>
</assessmentItem>
