<?xml version="1.0" encoding="utf-8" standalone="yes"?>
<assessmentItem identifier="eur-reliability-123-nl-tv_202307180613_item_1_num" title="eur-reliability-123-nl-tv_202307180613_item_1_num_eur-reliability-123-nl" adaptive="false" timeDependent="false" toolName="Testvision Online" toolVersion="39.0.9084" xmlns="http://www.imsglobal.org/xsd/imsqti_v2p1">
<responseDeclaration identifier="RESPONSE" cardinality="multiple" baseType="float">
<correctResponse>
<value>53.189</value>
<value>53.189;53.189</value>
</correctResponse>
</responseDeclaration>
<outcomeDeclaration identifier="SCORE" cardinality="single" baseType="float" normalMaximum="1" normalMinimum="0" />
<outcomeDeclaration identifier="FEEDBACK" cardinality="single" baseType="identifier" />
<itemBody>
<p><em>Werk voor psychologen en pedagogen.</em></p>
<p>Een wetenschapper heeft de opdracht gekregen om te onderzoeken of het afgestudeerde psychologen en pedagogen lukt om een baan op niveau te vinden. De onderzoeker heeft hiertoe zelf een vragenlijst ontworpen bestaande uit 12 Likert items met 5 antwoordmogelijkheden die variëren van helemaal mee oneens (1) tot helemaal mee eens (5). Een voorbeeld van een item is: Ik heb veel moeite moeten doen om een vacature voor een baan op niveau te vinden. De antwoorden van 608 pedagogen en psychologen op de twaalf items staan weergegeven in het databestand, waarbij de variabele [psy_ped] pedagogen (1) en psychologen (2) onderscheidt. NB. De totaalscore over de 12 items geeft aan hoe moeilijk iemand het vindt om een baan op niveau te vinden. Hoe hoger de totaalscore des te moeilijker hij/zij het vindt om een baan op niveau te vinden.</p>
<p>Open het databestand.</p>
<p>Uit eerder onderzoek is gebleken dat psychologen meer problemen ondervinden om een baan te vinden dan pedagogen. Een onderzoeker wil om deze reden de betrouwbaarheid van de vragenlijst voor psychologen en pedagogen apart berekenen (variabele [psy_ped] ). Wat is de betrouwbaarheid (Cronbach’s Alpha) van de vragenlijst voor de pedagogen? (3 decimalen)</p>
<p><strong>Download</strong>: <a href="mediafiles/supplements1/eur-reliability-123-nl-data.sav">SPSS file</a>, <a href="mediafiles/supplements1/eur-reliability-123-nl-data.csv">CSV file</a></p>
<extendedTextInteraction responseIdentifier="RESPONSE"/>
</itemBody>
<responseProcessing>
<responseCondition>
<responseIf>
<isNull>
<variable identifier="RESPONSE"/>
</isNull>
<setOutcomeValue identifier="SCORE">
<baseValue baseType="float">0.0</baseValue>
</setOutcomeValue>
<setOutcomeValue identifier="FEEDBACK">
<baseValue baseType="identifier">FAILURE</baseValue>
</setOutcomeValue>
</responseIf>
<responseElse>
<responseCondition>
<responseIf>
<match>
<variable identifier="RESPONSE"/>
<correct identifier="RESPONSE"/>
</match>
<setOutcomeValue identifier="SCORE">
<baseValue baseType="float">1</baseValue>
</setOutcomeValue>
</responseIf>
<responseElse>
<setOutcomeValue identifier="SCORE">
<baseValue baseType="float">0</baseValue>
</setOutcomeValue>
</responseElse>
</responseCondition>
<responseCondition>
<responseIf>
<equal toleranceMode="relative" tolerance="0.001">
<variable identifier="SCORE"/>
<variable identifier="MAXSCORE"/>
</equal>
<setOutcomeValue identifier="FEEDBACK">
<baseValue baseType="identifier">ANSWER_CORRECT</baseValue>
</setOutcomeValue>
</responseIf>
<responseElse>
<setOutcomeValue identifier="FEEDBACK">
<baseValue baseType="identifier">FAILURE</baseValue>
</setOutcomeValue>
</responseElse>
</responseCondition>
</responseElse>
</responseCondition>
</responseProcessing>
<modalFeedback identifier="FAILURE" outcomeIdentifier="FEEDBACK" showHide="show">
<div class="textblock tvblock tvcss_1"><div class="rte_zone tveditor1">
<p>De betrouwbaarheid (Cronbach’s Alpha) van de schaal voor de pedagogen is 0.780.</p>
</div>
</div>
</modalFeedback>
<modalFeedback identifier="ANSWER_CORRECT" outcomeIdentifier="FEEDBACK" showHide="show">
<div class="textblock tvblock tvcss_1"><div class="rte_zone tveditor1">
<p>De betrouwbaarheid (Cronbach’s Alpha) van de schaal voor de pedagogen is 0.780.</p>
</div>
</div>
</modalFeedback>
<modalFeedback identifier="PARTIAL_CORRECT" outcomeIdentifier="FEEDBACK" showHide="show">
<div class="textblock tvblock tvcss_1"><div class="rte_zone tveditor1">
<p>De betrouwbaarheid (Cronbach’s Alpha) van de schaal voor de pedagogen is 0.780.</p>
</div>
</div>
</modalFeedback>
</assessmentItem>
