<?xml version="1.0" encoding="UTF-8"?>
<assessmentItem xsi:schemaLocation="http://www.imsglobal.org/xsd/imsqti_v2p1 http://www.imsglobal.org/xsd/qti/qtiv2p1/imsqti_v2p1p1.xsd http://www.w3.org/1998/Math/MathML http://www.w3.org/Math/XMLSchema/mathml2/mathml2.xsd" identifier="uva-oneway-anova-273-nl-ans_279673640_section_1_item_1_schoice" title="Inferential_Statistics_uva-oneway-anova-273-nl_uva-oneway-anova-273-nl_schoice_1" adaptive="false" timeDependent="false" xmlns="http://www.imsglobal.org/xsd/imsqti_v2p1" xmlns:xsi="http://www.w3.org/2001/XMLSchema-instance">
<responseDeclaration identifier="uva-oneway-anova-273-nl-ans_279673640_section_1_item_1_schoice_RESPONSE_1_4904061" cardinality="single" baseType="identifier">
<correctResponse>
<value>uva-oneway-anova-273-nl-ans_279673640_section_1_item_1_schoice_3_3900283684</value>
</correctResponse>
<mapping defaultValue="0" lowerBound="0.0">
<mapEntry mapKey="uva-oneway-anova-273-nl-ans_279673640_section_1_item_1_schoice_1_1931675432" mappedValue="0"/>
<mapEntry mapKey="uva-oneway-anova-273-nl-ans_279673640_section_1_item_1_schoice_2_8909949469" mappedValue="0"/>
<mapEntry mapKey="uva-oneway-anova-273-nl-ans_279673640_section_1_item_1_schoice_3_3900283684" mappedValue="1"/>
<mapEntry mapKey="uva-oneway-anova-273-nl-ans_279673640_section_1_item_1_schoice_4_3140960401" mappedValue="0"/>
</mapping>
</responseDeclaration>
<outcomeDeclaration identifier="SCORE" cardinality="single" baseType="float" normalMaximum="1" normalMinimum="0">
<defaultValue>
<value>0.0</value>
</defaultValue>
</outcomeDeclaration>
<outcomeDeclaration identifier="MAXSCORE" cardinality="single" baseType="float">
<defaultValue>
<value>1</value>
</defaultValue>
</outcomeDeclaration>
<outcomeDeclaration identifier="FEEDBACKBASIC" cardinality="single" baseType="identifier" view="testConstructor">
<defaultValue>
<value>empty</value>
</defaultValue>
</outcomeDeclaration>
<outcomeDeclaration identifier="FEEDBACKMODAL" cardinality="multiple" baseType="identifier" view="testConstructor"/>
<outcomeDeclaration identifier="SOLUTIONMODAL" cardinality="single" baseType="identifier" view="testConstructor"/>
<outcomeDeclaration identifier="MINSCORE" cardinality="single" baseType="float">
<defaultValue>
<value baseType="float">0</value>
</defaultValue>
</outcomeDeclaration>
<outcomeDeclaration identifier="SCORE_RESPONSE_1" cardinality="single" baseType="float">
<defaultValue>
<value>0.0</value>
</defaultValue>
</outcomeDeclaration>
<outcomeDeclaration identifier="MINSCORE_RESPONSE_1" cardinality="single" baseType="float">
<defaultValue>
<value>0.0</value>
</defaultValue>
</outcomeDeclaration>
<itemBody>
<p>Hieronder staat de (onvolledige) ANOVA-tabel van een CRD-ANOVA
(Completely Randomised Design ANOVA), die is uitgevoerd op gegevens die
verzameld zijn bij 16 personen, verdeeld over 4 groepen. </p>
<table>
<tbody>
<tr class="odd">
<td align="left">Variatiebron</td>
<td align="left">SS</td>
<td align="left">df</td>
<td align="left">MS</td>
<td align="left">F</td>
</tr>
<tr class="even">
<td align="left">Among groups</td>
<td align="left"> </td>
<td align="left"> </td>
<td align="left"> </td>
<td align="left">8.0</td>
</tr>
<tr class="odd">
<td align="left">Within groups</td>
<td align="left">60</td>
<td align="left">12</td>
<td align="left"> </td>
<td align="left"> </td>
</tr>
<tr class="even">
<td align="left">Total</td>
<td align="left">180</td>
<td align="left"> </td>
<td align="left"> </td>
<td align="left"> </td>
</tr>
</tbody>
</table>
<p>De waarde van MS(Among groups) is hier gelijk aan</p>
<choiceInteraction responseIdentifier="uva-oneway-anova-273-nl-ans_279673640_section_1_item_1_schoice_RESPONSE_1_4904061" shuffle="false" maxChoices="1">
<simpleChoice identifier="uva-oneway-anova-273-nl-ans_279673640_section_1_item_1_schoice_1_1931675432">
<p>
 5
</p>
</simpleChoice>
<simpleChoice identifier="uva-oneway-anova-273-nl-ans_279673640_section_1_item_1_schoice_2_8909949469">
<p>
 30
</p>
</simpleChoice>
<simpleChoice identifier="uva-oneway-anova-273-nl-ans_279673640_section_1_item_1_schoice_3_3900283684">
<p>
 40
</p>
</simpleChoice>
<simpleChoice identifier="uva-oneway-anova-273-nl-ans_279673640_section_1_item_1_schoice_4_3140960401">
<p>
 120
</p>
</simpleChoice>
</choiceInteraction>
</itemBody>
<responseProcessing>
<setOutcomeValue identifier="SCORE_RESPONSE_1">
<sum>
<variable identifier="SCORE_RESPONSE_1"/>
<mapResponse identifier="uva-oneway-anova-273-nl-ans_279673640_section_1_item_1_schoice_RESPONSE_1_4904061"/>
</sum>
</setOutcomeValue>
<responseCondition>
<responseIf>
<lt>
<variable identifier="SCORE_RESPONSE_1"/>
<variable identifier="MINSCORE_RESPONSE_1"/>
</lt>
<setOutcomeValue identifier="SCORE_RESPONSE_1">
<variable identifier="MINSCORE_RESPONSE_1"/>
</setOutcomeValue>
</responseIf>
</responseCondition>
<responseCondition>
<responseIf>
<isNull>
<variable identifier="uva-oneway-anova-273-nl-ans_279673640_section_1_item_1_schoice_RESPONSE_1_4904061"/>
</isNull>
<setOutcomeValue identifier="SCORE_RESPONSE_1">
<sum>
<variable identifier="SCORE_RESPONSE_1"/>
<baseValue baseType="float">0</baseValue>
</sum>
</setOutcomeValue>
</responseIf>
</responseCondition>
<setOutcomeValue identifier="SCORE">
<sum>
<variable identifier="SCORE_RESPONSE_1"/>
</sum>
</setOutcomeValue>
<responseCondition>
<responseIf>
<lt>
<variable identifier="SCORE"/>
<variable identifier="MINSCORE"/>
</lt>
<setOutcomeValue identifier="SCORE">
<variable identifier="MINSCORE"/>
</setOutcomeValue>
</responseIf>
</responseCondition>
<responseCondition>
<responseIf>
<lt>
<variable identifier="SCORE"/>
<baseValue baseType="float">1</baseValue>
</lt>
<setOutcomeValue identifier="FEEDBACKMODAL">
<multiple>
<variable identifier="FEEDBACKMODAL"/>
<baseValue baseType="identifier">Feedback934257989</baseValue>
</multiple>
</setOutcomeValue>
</responseIf>
</responseCondition>
</responseProcessing>
<modalFeedback outcomeIdentifier="FEEDBACK" showHide="show" identifier="incorrect">
<ul>
<li> 5 <br /> 5: Incorrect </li>
<li> 30 <br /> 30: Incorrect </li>
<li> 40 <br /> 40: Correct </li>
<li> 120 <br /> 120: Incorrect </li>
</ul>
</modalFeedback>
</assessmentItem>
