<?xml version="1.0" encoding="utf-8" standalone="yes"?>
<assessmentItem identifier="vufgb-manova-001-en-tv_202209061508_item_1_schoice" title="vufgb-manova-001-en-tv_202209061508_item_1_schoice_vufgb-manova-001-en" adaptive="false" timeDependent="false" toolName="Testvision Online" toolVersion="39.0.9084" xmlns="http://www.imsglobal.org/xsd/imsqti_v2p1">
<responseDeclaration identifier="RESPONSE" cardinality="single" baseType="identifier">
<correctResponse>
<value>alt_154491</value>
</correctResponse>
<mapping defaultValue="0" lowerBound="0.0">
<mapEntry mapKey="alt_393124" mappedValue="-0.333333333333333"/>
<mapEntry mapKey="alt_154491" mappedValue="1"/>
<mapEntry mapKey="alt_364261" mappedValue="-0.333333333333333"/>
<mapEntry mapKey="alt_520039" mappedValue="-0.333333333333333"/>
</mapping>
</responseDeclaration>
<outcomeDeclaration identifier="SCORE" cardinality="single" baseType="float" normalMaximum="1" normalMinimum="0" />
<outcomeDeclaration identifier="FEEDBACK" cardinality="single" baseType="identifier" />
<itemBody>
<p>Research has been conducted at a high school regarding potential differences between students that work with 3 different lesson methods (<em>Intervention</em>) on the outcomes English (<math display="inline" xmlns="http://www.w3.org/1998/Math/MathML"><semantics><msub><mi>Y</mi><mn>1</mn></msub><annotation encoding="application/x-tex">Y_{1}</annotation></semantics></math>) and Math (<math display="inline" xmlns="http://www.w3.org/1998/Math/MathML"><semantics><msub><mi>Y</mi><mn>2</mn></msub><annotation encoding="application/x-tex">Y_{2}</annotation></semantics></math>). In addition, it is evaluated whether there are differences between boys and girls (<em>Gender</em>).</p>
<p>Below is the output of this MANOVA analysis. What is a correct interpretation of this output?</p>
<p><img src="mediafiles/supplements1/vufgb-manova-001-en-table01.jpg" alt="image"/></p>
<choiceInteraction responseIdentifier="RESPONSE" shuffle="false" maxChoices="1">
<simpleChoice identifier="alt_393124">
<div class="textblock tvblock tvcss_1"><div class="rte_zone tveditor1">
a. There is no statistical significant difference in outcomes across the 3 lesson methods.
</div>
</div>
</simpleChoice>
<simpleChoice identifier="alt_154491">
<div class="textblock tvblock tvcss_1"><div class="rte_zone tveditor1">
b. Differences in outcomes between lesson methods are related to gender.
</div>
</div>
</simpleChoice>
<simpleChoice identifier="alt_364261">
<div class="textblock tvblock tvcss_1"><div class="rte_zone tveditor1">
c. The statistical significant interaction term between gender and intervention implies that there are differences between lesson methods for both gender groups.
</div>
</div>
</simpleChoice>
<simpleChoice identifier="alt_520039">
<div class="textblock tvblock tvcss_1"><div class="rte_zone tveditor1">
d. The statistical significant interaction term indicatest that one of the MANOVA assumptions has been violated.
</div>
</div>
</simpleChoice>
</choiceInteraction>
</itemBody>
<responseProcessing>
<responseCondition>
<responseIf>
<isNull>
<variable identifier="RESPONSE"/>
</isNull>
<setOutcomeValue identifier="SCORE">
<baseValue baseType="float">0.0</baseValue>
</setOutcomeValue>
<setOutcomeValue identifier="FEEDBACK">
<baseValue baseType="identifier">FAILURE</baseValue>
</setOutcomeValue>
</responseIf>
<responseElse>
<setOutcomeValue identifier="SCORE">
<mapResponse identifier="RESPONSE"/>
</setOutcomeValue>
<responseCondition>
<responseIf>
<equal toleranceMode="relative" tolerance="0.001">
<variable identifier="SCORE"/>
<variable identifier="MAXSCORE"/>
</equal>
<setOutcomeValue identifier="FEEDBACK">
<baseValue baseType="identifier">ANSWER_CORRECT</baseValue>
</setOutcomeValue>
</responseIf>
<responseElse>
<setOutcomeValue identifier="FEEDBACK">
<baseValue baseType="identifier">FAILURE</baseValue>
</setOutcomeValue>
</responseElse>
</responseCondition>
</responseElse>
</responseCondition>
</responseProcessing>
<modalFeedback identifier="FAILURE" outcomeIdentifier="FEEDBACK" showHide="show">
<div class="textblock tvblock tvcss_1"><div class="rte_zone tveditor1">
<ol>
<li> There is no statistical significant difference in outcomes across the 3 lesson methods. <br /> Incorrect </li>
<li> Differences in outcomes between lesson methods are related to gender. <br /> Correct </li>
<li> The statistical significant interaction term between gender and intervention implies that there are differences between lesson methods for both gender groups. <br /> Incorrect </li>
<li> The statistical significant interaction term indicatest that one of the MANOVA assumptions has been violated. <br /> Incorrect </li>
</ol>
</div>
</div>
</modalFeedback>
<modalFeedback identifier="ANSWER_CORRECT" outcomeIdentifier="FEEDBACK" showHide="show">
<div class="textblock tvblock tvcss_1"><div class="rte_zone tveditor1">
<ol>
<li> There is no statistical significant difference in outcomes across the 3 lesson methods. <br /> Incorrect </li>
<li> Differences in outcomes between lesson methods are related to gender. <br /> Correct </li>
<li> The statistical significant interaction term between gender and intervention implies that there are differences between lesson methods for both gender groups. <br /> Incorrect </li>
<li> The statistical significant interaction term indicatest that one of the MANOVA assumptions has been violated. <br /> Incorrect </li>
</ol>
</div>
</div>
</modalFeedback>
<modalFeedback identifier="PARTIAL_CORRECT" outcomeIdentifier="FEEDBACK" showHide="show">
<div class="textblock tvblock tvcss_1"><div class="rte_zone tveditor1">
<ol>
<li> There is no statistical significant difference in outcomes across the 3 lesson methods. <br /> Incorrect </li>
<li> Differences in outcomes between lesson methods are related to gender. <br /> Correct </li>
<li> The statistical significant interaction term between gender and intervention implies that there are differences between lesson methods for both gender groups. <br /> Incorrect </li>
<li> The statistical significant interaction term indicatest that one of the MANOVA assumptions has been violated. <br /> Incorrect </li>
</ol>
</div>
</div>
</modalFeedback>
</assessmentItem>
