<?xml version="1.0" encoding="UTF-8"?>
<assessmentItem xsi:schemaLocation="http://www.imsglobal.org/xsd/imsqti_v2p1 http://www.imsglobal.org/xsd/qti/qtiv2p1/imsqti_v2p1p1.xsd http://www.w3.org/1998/Math/MathML http://www.w3.org/Math/XMLSchema/mathml2/mathml2.xsd" identifier="uu-Normality-800-nl-ans_551954236_section_1_item_1_string" title="Assumptions_uu-Normality-800-nl_uu-Normality-800-nl_string_1" adaptive="false" timeDependent="false" xmlns="http://www.imsglobal.org/xsd/imsqti_v2p1" xmlns:xsi="http://www.w3.org/2001/XMLSchema-instance">
<responseDeclaration identifier="uu-Normality-800-nl-ans_551954236_section_1_item_1_string_RESPONSE_1_9270958" cardinality="single" baseType="string">
<correctResponse>
<value>Geen</value>
</correctResponse>
<mapping defaultValue="0">
<mapEntry mapKey="Geen" mappedValue="1" caseSensitive="true"/>
</mapping>
</responseDeclaration>
<outcomeDeclaration identifier="SCORE" cardinality="single" baseType="float" normalMaximum="1" normalMinimum="0">
<defaultValue>
<value>0.0</value>
</defaultValue>
</outcomeDeclaration>
<outcomeDeclaration identifier="MAXSCORE" cardinality="single" baseType="float">
<defaultValue>
<value>1</value>
</defaultValue>
</outcomeDeclaration>
<outcomeDeclaration identifier="FEEDBACKBASIC" cardinality="single" baseType="identifier" view="testConstructor">
<defaultValue>
<value>empty</value>
</defaultValue>
</outcomeDeclaration>
<outcomeDeclaration identifier="FEEDBACKMODAL" cardinality="multiple" baseType="identifier" view="testConstructor"/>
<outcomeDeclaration identifier="SOLUTIONMODAL" cardinality="single" baseType="identifier" view="testConstructor"/>
<outcomeDeclaration identifier="MINSCORE" cardinality="single" baseType="float">
<defaultValue>
<value baseType="float">0</value>
</defaultValue>
</outcomeDeclaration>
<outcomeDeclaration identifier="SCORE_RESPONSE_1" cardinality="single" baseType="float">
<defaultValue>
<value>0.0</value>
</defaultValue>
</outcomeDeclaration>
<outcomeDeclaration identifier="MINSCORE_RESPONSE_1" cardinality="single" baseType="float">
<defaultValue>
<value>0.0</value>
</defaultValue>
</outcomeDeclaration>
<itemBody>
<p>Deze vraag bevat SPSS-uitvoer van een meervoudig regressiemodel van een dataset van het Amerikaanse National Center of Educational Statistics. Deze dataset heet High School Beyond en bevat gegevens over variabelen met betrekking tot de academische prestaties van leerlingen. Specifiek is de uitkomstvariabele voor het regressiemodel “Wiskunde Score” die wordt voorspeld op basis van “Locus of Control”, “Zelfbeeld” en “Leesscore”. Daarnaast bevat de bijlage grafieken die zijn gemaakt op basis van hetzelfde model. Gebruik de grafieken om vragen te beantwoorden over assumpties van het regressiemodel voor de High School Beyond dataset.</p>
<p>Kunt u alleen op basis van de plots, tabellen en statistieken in de bijlage bepalen of de assumptie van normaliteit wordt ondersteund of geschonden? Zo ja, geef aan welke plot, tabel of statistiek je zou gebruiken en wat je conclusie is. Als de juiste grafiek, tabel of statistiek niet wordt gegeven, noem dan welke grafiek, tabel of statistiek je nodig zou hebben om deze assumptie te beoordelen.</p>
<p><img src="media/supplements1/uu-Normality-800-nl-tabel.jpg" /></p>
<p>
<textEntryInteraction responseIdentifier="uu-Normality-800-nl-ans_551954236_section_1_item_1_string_RESPONSE_1_9270958" expectedLength="12"/>
</p>
</itemBody>
<responseProcessing>
<setOutcomeValue identifier="SCORE_RESPONSE_1">
<sum>
<variable identifier="SCORE_RESPONSE_1"/>
<mapResponse identifier="uu-Normality-800-nl-ans_551954236_section_1_item_1_string_RESPONSE_1_9270958"/>
</sum>
</setOutcomeValue>
<responseCondition>
<responseIf>
<and>
<not>
<isNull>
<variable identifier="uu-Normality-800-nl-ans_551954236_section_1_item_1_string_RESPONSE_1_9270958"/>
</isNull>
</not>
<lt>
<variable identifier="SCORE_RESPONSE_1"/>
<baseValue baseType="float">1</baseValue>
</lt>
</and>
<setOutcomeValue identifier="SCORE_RESPONSE_1">
<sum>
<variable identifier="SCORE_RESPONSE_1"/>
<baseValue baseType="float">0</baseValue>
</sum>
</setOutcomeValue>
</responseIf>
</responseCondition>
<responseCondition>
<responseIf>
<lt>
<variable identifier="SCORE_RESPONSE_1"/>
<variable identifier="MINSCORE_RESPONSE_1"/>
</lt>
<setOutcomeValue identifier="SCORE_RESPONSE_1">
<variable identifier="MINSCORE_RESPONSE_1"/>
</setOutcomeValue>
</responseIf>
</responseCondition>
<responseCondition>
<responseIf>
<isNull>
<variable identifier="uu-Normality-800-nl-ans_551954236_section_1_item_1_string_RESPONSE_1_9270958"/>
</isNull>
<setOutcomeValue identifier="SCORE_RESPONSE_1">
<sum>
<variable identifier="SCORE_RESPONSE_1"/>
<baseValue baseType="float">0</baseValue>
</sum>
</setOutcomeValue>
</responseIf>
</responseCondition>
<setOutcomeValue identifier="SCORE">
<sum>
<variable identifier="SCORE_RESPONSE_1"/>
</sum>
</setOutcomeValue>
<responseCondition>
<responseIf>
<lt>
<variable identifier="SCORE"/>
<variable identifier="MINSCORE"/>
</lt>
<setOutcomeValue identifier="SCORE">
<variable identifier="MINSCORE"/>
</setOutcomeValue>
</responseIf>
</responseCondition>
<responseCondition>
<responseIf>
<lt>
<variable identifier="SCORE"/>
<baseValue baseType="float">1</baseValue>
</lt>
<setOutcomeValue identifier="FEEDBACKMODAL">
<multiple>
<variable identifier="FEEDBACKMODAL"/>
<baseValue baseType="identifier">Feedback549882796</baseValue>
</multiple>
</setOutcomeValue>
</responseIf>
</responseCondition>
</responseProcessing>
<modalFeedback outcomeIdentifier="FEEDBACK" showHide="show" identifier="incorrect">
<p>Nee, ten minste één van deze opties moet worden opgegeven: QQ-plot, PP-plot, Kolmogorov-Smirnov test, Shapiro-Wilk test: 1 pt</p>
<p>Ja, het histogram van residuen helpt, maar er is meer informatie nodig: 0,5 pt</p>
</modalFeedback>
</assessmentItem>
