<?xml version="1.0" encoding="UTF-8"?>
<assessmentItem xsi:schemaLocation="http://www.imsglobal.org/xsd/imsqti_v2p1 http://www.imsglobal.org/xsd/qti/qtiv2p1/imsqti_v2p1p1.xsd http://www.w3.org/1998/Math/MathML http://www.w3.org/Math/XMLSchema/mathml2/mathml2.xsd" identifier="uva-correlation-827-nl-qti_224905086_section_1_item_1_schoice" title="1" adaptive="false" timeDependent="false" xmlns="http://www.imsglobal.org/xsd/imsqti_v2p1" xmlns:xsi="http://www.w3.org/2001/XMLSchema-instance">
<responseDeclaration identifier="uva-correlation-827-nl-qti_224905086_section_1_item_1_schoice_RESPONSE_1_2888027" cardinality="single" baseType="identifier">
<correctResponse>
<value>uva-correlation-827-nl-qti_224905086_section_1_item_1_schoice_3_8290876510</value>
</correctResponse>
<mapping defaultValue="0" lowerBound="0.0">
<mapEntry mapKey="uva-correlation-827-nl-qti_224905086_section_1_item_1_schoice_1_5800609168" mappedValue="0"/>
<mapEntry mapKey="uva-correlation-827-nl-qti_224905086_section_1_item_1_schoice_2_5021026013" mappedValue="0"/>
<mapEntry mapKey="uva-correlation-827-nl-qti_224905086_section_1_item_1_schoice_3_8290876510" mappedValue="1"/>
</mapping>
</responseDeclaration>
<outcomeDeclaration identifier="SCORE" cardinality="single" baseType="float" normalMaximum="1" normalMinimum="0">
<defaultValue>
<value>0.0</value>
</defaultValue>
</outcomeDeclaration>
<outcomeDeclaration identifier="MAXSCORE" cardinality="single" baseType="float">
<defaultValue>
<value>1</value>
</defaultValue>
</outcomeDeclaration>
<outcomeDeclaration identifier="FEEDBACKBASIC" cardinality="single" baseType="identifier" view="testConstructor">
<defaultValue>
<value>empty</value>
</defaultValue>
</outcomeDeclaration>
<outcomeDeclaration identifier="FEEDBACKMODAL" cardinality="multiple" baseType="identifier" view="testConstructor"/>
<outcomeDeclaration identifier="SOLUTIONMODAL" cardinality="single" baseType="identifier" view="testConstructor"/>
<outcomeDeclaration identifier="MINSCORE" cardinality="single" baseType="float">
<defaultValue>
<value baseType="float">0</value>
</defaultValue>
</outcomeDeclaration>
<outcomeDeclaration identifier="SCORE_RESPONSE_1" cardinality="single" baseType="float">
<defaultValue>
<value>0.0</value>
</defaultValue>
</outcomeDeclaration>
<outcomeDeclaration identifier="MINSCORE_RESPONSE_1" cardinality="single" baseType="float">
<defaultValue>
<value>0.0</value>
</defaultValue>
</outcomeDeclaration>
<itemBody>
<p>De regressieformule om iemands lengte (y) te voorspellen vanuit
haar/zijn gewicht (x) is <math display="inline" xmlns="http://www.w3.org/1998/Math/MathML"><semantics><mrow><mover><mi>y</mi><mo accent="true">̂</mo></mover><mo>=</mo><mn>100</mn><mo>+</mo><mn>2</mn><mi>x</mi></mrow><annotation encoding="application/x-tex">\hat{y}=100+2x</annotation></semantics></math>
Wanneer in een groep de standaardafwijking van lengte twee keer zo klein
is als die van gewicht in die groep , is de correlatie tussen lengte en
gewicht gelijk aan</p>
<choiceInteraction responseIdentifier="uva-correlation-827-nl-qti_224905086_section_1_item_1_schoice_RESPONSE_1_2888027" shuffle="false" maxChoices="1">
<simpleChoice identifier="uva-correlation-827-nl-qti_224905086_section_1_item_1_schoice_1_5800609168">
<p>
 0.25
</p>
</simpleChoice>
<simpleChoice identifier="uva-correlation-827-nl-qti_224905086_section_1_item_1_schoice_2_5021026013">
<p>
 0.50
</p>
</simpleChoice>
<simpleChoice identifier="uva-correlation-827-nl-qti_224905086_section_1_item_1_schoice_3_8290876510">
<p>
 1
</p>
</simpleChoice>
</choiceInteraction>
</itemBody>
<responseProcessing>
<setOutcomeValue identifier="SCORE_RESPONSE_1">
<sum>
<variable identifier="SCORE_RESPONSE_1"/>
<mapResponse identifier="uva-correlation-827-nl-qti_224905086_section_1_item_1_schoice_RESPONSE_1_2888027"/>
</sum>
</setOutcomeValue>
<responseCondition>
<responseIf>
<lt>
<variable identifier="SCORE_RESPONSE_1"/>
<variable identifier="MINSCORE_RESPONSE_1"/>
</lt>
<setOutcomeValue identifier="SCORE_RESPONSE_1">
<variable identifier="MINSCORE_RESPONSE_1"/>
</setOutcomeValue>
</responseIf>
</responseCondition>
<responseCondition>
<responseIf>
<isNull>
<variable identifier="uva-correlation-827-nl-qti_224905086_section_1_item_1_schoice_RESPONSE_1_2888027"/>
</isNull>
<setOutcomeValue identifier="SCORE_RESPONSE_1">
<sum>
<variable identifier="SCORE_RESPONSE_1"/>
<baseValue baseType="float">0</baseValue>
</sum>
</setOutcomeValue>
</responseIf>
</responseCondition>
<setOutcomeValue identifier="SCORE">
<sum>
<variable identifier="SCORE_RESPONSE_1"/>
</sum>
</setOutcomeValue>
<responseCondition>
<responseIf>
<lt>
<variable identifier="SCORE"/>
<variable identifier="MINSCORE"/>
</lt>
<setOutcomeValue identifier="SCORE">
<variable identifier="MINSCORE"/>
</setOutcomeValue>
</responseIf>
</responseCondition>
<responseCondition>
<responseIf>
<lt>
<variable identifier="SCORE"/>
<baseValue baseType="float">1</baseValue>
</lt>
<setOutcomeValue identifier="FEEDBACKMODAL">
<multiple>
<variable identifier="FEEDBACKMODAL"/>
<baseValue baseType="identifier">Feedback898737268</baseValue>
</multiple>
</setOutcomeValue>
</responseIf>
</responseCondition>
</responseProcessing>
<modalFeedback identifier="Feedback898737268" outcomeIdentifier="FEEDBACKMODAL" showHide="show">
<ul>
<li> 0.25 <br /> 0.25: Incorrect </li>
<li> 0.50 <br /> 0.50: Incorrect </li>
<li> 1 <br /> 1: Correct </li>
</ul>
</modalFeedback>
</assessmentItem>
