<?xml version="1.0" encoding="UTF-8"?>
<assessmentItem xsi:schemaLocation="http://www.imsglobal.org/xsd/imsqti_v2p1 http://www.imsglobal.org/xsd/qti/qtiv2p1/imsqti_v2p1p1.xsd http://www.w3.org/1998/Math/MathML http://www.w3.org/Math/XMLSchema/mathml2/mathml2.xsd" identifier="vufgb-pvalue-002-nl-qti_681877501_section_1_item_1_schoice" title="1" adaptive="false" timeDependent="false" xmlns="http://www.imsglobal.org/xsd/imsqti_v2p1" xmlns:xsi="http://www.w3.org/2001/XMLSchema-instance">
<responseDeclaration identifier="vufgb-pvalue-002-nl-qti_681877501_section_1_item_1_schoice_RESPONSE_1_2203118" cardinality="single" baseType="identifier">
<correctResponse>
<value>vufgb-pvalue-002-nl-qti_681877501_section_1_item_1_schoice_1_6103155244</value>
</correctResponse>
<mapping defaultValue="0" lowerBound="0.0">
<mapEntry mapKey="vufgb-pvalue-002-nl-qti_681877501_section_1_item_1_schoice_1_6103155244" mappedValue="1"/>
<mapEntry mapKey="vufgb-pvalue-002-nl-qti_681877501_section_1_item_1_schoice_2_5237229716" mappedValue="0"/>
<mapEntry mapKey="vufgb-pvalue-002-nl-qti_681877501_section_1_item_1_schoice_3_1143871305" mappedValue="0"/>
<mapEntry mapKey="vufgb-pvalue-002-nl-qti_681877501_section_1_item_1_schoice_4_8419187919" mappedValue="0"/>
</mapping>
</responseDeclaration>
<outcomeDeclaration identifier="SCORE" cardinality="single" baseType="float" normalMaximum="1" normalMinimum="0">
<defaultValue>
<value>0.0</value>
</defaultValue>
</outcomeDeclaration>
<outcomeDeclaration identifier="MAXSCORE" cardinality="single" baseType="float">
<defaultValue>
<value>1</value>
</defaultValue>
</outcomeDeclaration>
<outcomeDeclaration identifier="FEEDBACKBASIC" cardinality="single" baseType="identifier" view="testConstructor">
<defaultValue>
<value>empty</value>
</defaultValue>
</outcomeDeclaration>
<outcomeDeclaration identifier="FEEDBACKMODAL" cardinality="multiple" baseType="identifier" view="testConstructor"/>
<outcomeDeclaration identifier="MINSCORE" cardinality="single" baseType="float">
<defaultValue>
<value baseType="float">0</value>
</defaultValue>
</outcomeDeclaration>
<outcomeDeclaration identifier="SCORE_RESPONSE_1" cardinality="single" baseType="float">
<defaultValue>
<value>0.0</value>
</defaultValue>
</outcomeDeclaration>
<outcomeDeclaration identifier="MINSCORE_RESPONSE_1" cardinality="single" baseType="float">
<defaultValue>
<value>0.0</value>
</defaultValue>
</outcomeDeclaration>
<itemBody>
<p>Het blijkt dat 18% van de Nederlandse populatie last heeft van rug- en nekklachten. Uit een onderzoek onder studenten blijkt dat 22 van de 100 studenten
last heeft van rug- en nekklachten. Bepaal de bijbehorende p-waarde en test de nulhypothese dat studenten qua rugklachten niet afwijken van de
Nederlandse populatie.</p>
<choiceInteraction responseIdentifier="vufgb-pvalue-002-nl-qti_681877501_section_1_item_1_schoice_RESPONSE_1_2203118" shuffle="false" maxChoices="1">
<simpleChoice identifier="vufgb-pvalue-002-nl-qti_681877501_section_1_item_1_schoice_1_6103155244">
<p>
a. p = 0.294 (<math display="inline" xmlns="http://www.w3.org/1998/Math/MathML"><semantics><msub><mi>H</mi><mn>0</mn></msub><annotation encoding="application/x-tex">H_{0}</annotation></semantics></math> wordt niet verworpen)
</p>
</simpleChoice>
<simpleChoice identifier="vufgb-pvalue-002-nl-qti_681877501_section_1_item_1_schoice_2_5237229716">
<p>
b. p = 0.332 (<math display="inline" xmlns="http://www.w3.org/1998/Math/MathML"><semantics><msub><mi>H</mi><mn>0</mn></msub><annotation encoding="application/x-tex">H_{0}</annotation></semantics></math> wordt niet verworpen)
</p>
</simpleChoice>
<simpleChoice identifier="vufgb-pvalue-002-nl-qti_681877501_section_1_item_1_schoice_3_1143871305">
<p>
c. p = 0.294 (<math display="inline" xmlns="http://www.w3.org/1998/Math/MathML"><semantics><msub><mi>H</mi><mn>0</mn></msub><annotation encoding="application/x-tex">H_{0}</annotation></semantics></math> wordt verworpen)
</p>
</simpleChoice>
<simpleChoice identifier="vufgb-pvalue-002-nl-qti_681877501_section_1_item_1_schoice_4_8419187919">
<p>
d. p = 0.332 (<math display="inline" xmlns="http://www.w3.org/1998/Math/MathML"><semantics><msub><mi>H</mi><mn>0</mn></msub><annotation encoding="application/x-tex">H_{0}</annotation></semantics></math> wordt verworpen)
</p>
</simpleChoice>
</choiceInteraction>
</itemBody>
<responseProcessing>
<responseCondition>
<responseIf>
<isNull>
<variable identifier="vufgb-pvalue-002-nl-qti_681877501_section_1_item_1_schoice_RESPONSE_1_2203118"/>
</isNull>
<setOutcomeValue identifier="SCORE_RESPONSE_1">
<sum>
<variable identifier="SCORE_RESPONSE_1"/>
<baseValue baseType="float">0</baseValue>
</sum>
</setOutcomeValue>
</responseIf>
</responseCondition>
<setOutcomeValue identifier="SCORE_RESPONSE_1">
<sum>
<variable identifier="SCORE_RESPONSE_1"/>
<mapResponse identifier="vufgb-pvalue-002-nl-qti_681877501_section_1_item_1_schoice_RESPONSE_1_2203118"/>
</sum>
</setOutcomeValue>
<responseCondition>
<responseIf>
<lt>
<variable identifier="SCORE_RESPONSE_1"/>
<variable identifier="MINSCORE_RESPONSE_1"/>
</lt>
<setOutcomeValue identifier="SCORE_RESPONSE_1">
<variable identifier="MINSCORE_RESPONSE_1"/>
</setOutcomeValue>
</responseIf>
</responseCondition>
<setOutcomeValue identifier="SCORE">
<sum>
<variable identifier="SCORE_RESPONSE_1"/>
</sum>
</setOutcomeValue>
<responseCondition>
<responseIf>
<lt>
<variable identifier="SCORE"/>
<variable identifier="MINSCORE"/>
</lt>
<setOutcomeValue identifier="SCORE">
<variable identifier="MINSCORE"/>
</setOutcomeValue>
</responseIf>
</responseCondition>
<responseCondition>
<responseIf>
<lt>
<variable identifier="SCORE"/>
<baseValue baseType="float">1</baseValue>
</lt>
<setOutcomeValue identifier="FEEDBACKMODAL">
<multiple>
<variable identifier="FEEDBACKMODAL"/>
<baseValue baseType="identifier">Feedback238567840</baseValue>
</multiple>
</setOutcomeValue>
</responseIf>
</responseCondition>
</responseProcessing>
<modalFeedback identifier="Feedback238567840" outcomeIdentifier="FEEDBACKMODAL" showHide="show">
<ol type = "a">
<li> p = 0.294 (<math display="inline" xmlns="http://www.w3.org/1998/Math/MathML"><semantics><msub><mi>H</mi><mn>0</mn></msub><annotation encoding="application/x-tex">H_{0}</annotation></semantics></math> wordt niet verworpen) <br /> Correct </li>
<li> p = 0.332 (<math display="inline" xmlns="http://www.w3.org/1998/Math/MathML"><semantics><msub><mi>H</mi><mn>0</mn></msub><annotation encoding="application/x-tex">H_{0}</annotation></semantics></math> wordt niet verworpen) <br /> Incorrect </li>
<li> p = 0.294 (<math display="inline" xmlns="http://www.w3.org/1998/Math/MathML"><semantics><msub><mi>H</mi><mn>0</mn></msub><annotation encoding="application/x-tex">H_{0}</annotation></semantics></math> wordt verworpen) <br /> Incorrect </li>
<li> p = 0.332 (<math display="inline" xmlns="http://www.w3.org/1998/Math/MathML"><semantics><msub><mi>H</mi><mn>0</mn></msub><annotation encoding="application/x-tex">H_{0}</annotation></semantics></math> wordt verworpen) <br /> Incorrect </li>
</ol>
</modalFeedback>
</assessmentItem>
