<?xml version="1.0" encoding="UTF-8"?>
<assessmentItem xsi:schemaLocation="http://www.imsglobal.org/xsd/imsqti_v2p1 http://www.imsglobal.org/xsd/qti/qtiv2p1/imsqti_v2p1p1.xsd http://www.w3.org/1998/Math/MathML http://www.w3.org/Math/XMLSchema/mathml2/mathml2.xsd" identifier="uu-Summary-Statistics-008-nl-ans_117830465_section_1_item_1_schoice" title="Descriptive-statistics_uu-Summary-Statistics-008-nl_uu-Summary-Statistics-008-nl_schoice_1" adaptive="false" timeDependent="false" xmlns="http://www.imsglobal.org/xsd/imsqti_v2p1" xmlns:xsi="http://www.w3.org/2001/XMLSchema-instance">
<responseDeclaration identifier="uu-Summary-Statistics-008-nl-ans_117830465_section_1_item_1_schoice_RESPONSE_1_8273966" cardinality="single" baseType="identifier">
<correctResponse>
<value>uu-Summary-Statistics-008-nl-ans_117830465_section_1_item_1_schoice_4_2212169638</value>
</correctResponse>
<mapping defaultValue="0" lowerBound="0.0">
<mapEntry mapKey="uu-Summary-Statistics-008-nl-ans_117830465_section_1_item_1_schoice_1_2766145110" mappedValue="0"/>
<mapEntry mapKey="uu-Summary-Statistics-008-nl-ans_117830465_section_1_item_1_schoice_2_2740749964" mappedValue="0"/>
<mapEntry mapKey="uu-Summary-Statistics-008-nl-ans_117830465_section_1_item_1_schoice_3_9934936717" mappedValue="0"/>
<mapEntry mapKey="uu-Summary-Statistics-008-nl-ans_117830465_section_1_item_1_schoice_4_2212169638" mappedValue="1"/>
</mapping>
</responseDeclaration>
<outcomeDeclaration identifier="SCORE" cardinality="single" baseType="float" normalMaximum="1" normalMinimum="0">
<defaultValue>
<value>0.0</value>
</defaultValue>
</outcomeDeclaration>
<outcomeDeclaration identifier="MAXSCORE" cardinality="single" baseType="float">
<defaultValue>
<value>1</value>
</defaultValue>
</outcomeDeclaration>
<outcomeDeclaration identifier="FEEDBACKBASIC" cardinality="single" baseType="identifier" view="testConstructor">
<defaultValue>
<value>empty</value>
</defaultValue>
</outcomeDeclaration>
<outcomeDeclaration identifier="FEEDBACKMODAL" cardinality="multiple" baseType="identifier" view="testConstructor"/>
<outcomeDeclaration identifier="SOLUTIONMODAL" cardinality="single" baseType="identifier" view="testConstructor"/>
<outcomeDeclaration identifier="MINSCORE" cardinality="single" baseType="float">
<defaultValue>
<value baseType="float">0</value>
</defaultValue>
</outcomeDeclaration>
<outcomeDeclaration identifier="SCORE_RESPONSE_1" cardinality="single" baseType="float">
<defaultValue>
<value>0.0</value>
</defaultValue>
</outcomeDeclaration>
<outcomeDeclaration identifier="MINSCORE_RESPONSE_1" cardinality="single" baseType="float">
<defaultValue>
<value>0.0</value>
</defaultValue>
</outcomeDeclaration>
<itemBody>
<p>De verdeling van het bedrag dat eerstejaars studenten aan boeken uitgeven is rechtsscheef met een gemiddelde van €220 en een standaardafwijking van €80. Een student wordt aselect geselecteerd. Wat is de kans dat deze student meer dan €240 aan boeken uitgeeft?</p>
<choiceInteraction responseIdentifier="uu-Summary-Statistics-008-nl-ans_117830465_section_1_item_1_schoice_RESPONSE_1_8273966" shuffle="false" maxChoices="1">
<simpleChoice identifier="uu-Summary-Statistics-008-nl-ans_117830465_section_1_item_1_schoice_1_2766145110">
<p>
 0.25
</p>
</simpleChoice>
<simpleChoice identifier="uu-Summary-Statistics-008-nl-ans_117830465_section_1_item_1_schoice_2_2740749964">
<p>
 0.4013
</p>
</simpleChoice>
<simpleChoice identifier="uu-Summary-Statistics-008-nl-ans_117830465_section_1_item_1_schoice_3_9934936717">
<p>
 0.0987
</p>
</simpleChoice>
<simpleChoice identifier="uu-Summary-Statistics-008-nl-ans_117830465_section_1_item_1_schoice_4_2212169638">
<p>
 Dit kan niet worden bepaald aan de hand van de gegeven informatie
</p>
</simpleChoice>
</choiceInteraction>
</itemBody>
<responseProcessing>
<setOutcomeValue identifier="SCORE_RESPONSE_1">
<sum>
<variable identifier="SCORE_RESPONSE_1"/>
<mapResponse identifier="uu-Summary-Statistics-008-nl-ans_117830465_section_1_item_1_schoice_RESPONSE_1_8273966"/>
</sum>
</setOutcomeValue>
<responseCondition>
<responseIf>
<lt>
<variable identifier="SCORE_RESPONSE_1"/>
<variable identifier="MINSCORE_RESPONSE_1"/>
</lt>
<setOutcomeValue identifier="SCORE_RESPONSE_1">
<variable identifier="MINSCORE_RESPONSE_1"/>
</setOutcomeValue>
</responseIf>
</responseCondition>
<responseCondition>
<responseIf>
<isNull>
<variable identifier="uu-Summary-Statistics-008-nl-ans_117830465_section_1_item_1_schoice_RESPONSE_1_8273966"/>
</isNull>
<setOutcomeValue identifier="SCORE_RESPONSE_1">
<sum>
<variable identifier="SCORE_RESPONSE_1"/>
<baseValue baseType="float">0</baseValue>
</sum>
</setOutcomeValue>
</responseIf>
</responseCondition>
<setOutcomeValue identifier="SCORE">
<sum>
<variable identifier="SCORE_RESPONSE_1"/>
</sum>
</setOutcomeValue>
<responseCondition>
<responseIf>
<lt>
<variable identifier="SCORE"/>
<variable identifier="MINSCORE"/>
</lt>
<setOutcomeValue identifier="SCORE">
<variable identifier="MINSCORE"/>
</setOutcomeValue>
</responseIf>
</responseCondition>
<responseCondition>
<responseIf>
<lt>
<variable identifier="SCORE"/>
<baseValue baseType="float">1</baseValue>
</lt>
<setOutcomeValue identifier="FEEDBACKMODAL">
<multiple>
<variable identifier="FEEDBACKMODAL"/>
<baseValue baseType="identifier">Feedback693125028</baseValue>
</multiple>
</setOutcomeValue>
</responseIf>
</responseCondition>
</responseProcessing>
<modalFeedback outcomeIdentifier="FEEDBACK" showHide="show" identifier="incorrect">
</modalFeedback>
</assessmentItem>
