<?xml version="1.0" encoding="UTF-8"?>
<!DOCTYPE questestinterop SYSTEM "ims_qtiasiv1p2p1.dtd">

<questestinterop xmlns="http://www.imsglobal.org/xsd/ims_qtiasiv1p2" xmlns:xsi="http://www.w3.org/2001/XMLSchema-instance" xsi:schemaLocation="http://www.imsglobal.org/xsd/ims_qtiasiv1p2 http://www.imsglobal.org/xsd/ims_qtiasiv1p2p1.xsd">
<assessment ident="eur-inferential_statistics-221-en-canvas_276037067" title="eur-inferential_statistics-221-en-canvas">

<qtimetadata>
<qtimetadatafield>
<fieldlabel>cc_maxattempts</fieldlabel>
<fieldentry>1</fieldentry>
</qtimetadatafield>
<qtimetadatafield>
<fieldlabel>qmd_assessmenttype</fieldlabel>
<fieldentry>Assessment</fieldentry>
</qtimetadatafield>
</qtimetadata>
<objectives>
<material>
<mattext><![CDATA[Please solve the following exercises.]]></mattext>
</material>
</objectives>
<assessmentcontrol feedbackswitch="No" hintswitch="No" solutionswitch="Yes"/>
<outcomes_processing scoremodel="SumOfScores">
<outcomes>
<decvar varname="SCORE" vartype="Decimal" cutvalue="0"/>
</outcomes>
</outcomes_processing>
<assessfeedback title="AssessmentFeedback" ident="AssessmentFeedback">
<flow_mat>
<material>
<mattext>##AssessmentFeedback##</mattext>
</material>
</flow_mat>
</assessfeedback>

<section ident="eur-inferential_statistics-221-en-canvas_276037067_section_1" title="Exercise">

<objectives>
<material>
<mattext><![CDATA[Please answer the following question.]]></mattext>
</material>
</objectives>
<selection_ordering>
<selection>
<selection_number>1</selection_number>
<selection_extension>
<points_per_item>1</points_per_item>
</selection_extension>
</selection>
<order order_type="Random"/>
</selection_ordering>

<item ident="eur-inferential_statistics-221-en-canvas_276037067_section_1_item_1_num" title="Question" maxattempts="1">
<itemcontrol feedbackswitch="No" hintswitch="No" solutionswitch="Yes"/>
<itemmetadata>
<qtimetadata>
<qtimetadatafield>
<fieldlabel>question_type</fieldlabel>
<fieldentry>numerical_question</fieldentry>
</qtimetadatafield>
</qtimetadata>
</itemmetadata>
<presentation>
<flow>
<material>
<matbreak/>
<mattext texttype="text/html" charset="utf-8"><![CDATA[
<p>Men and women often comment on each other’s driving in the car. We look at the gender of who is behind the wheel [Driver, where male = 0, female = 1], what make of car someone drives [Car, where Ford = 1, Audi = 2, Toyota = 3, and Volkswagen = 4], the miles driven [Driven_kilometers] and the miles as a co-driver [Co-driver_kilometers]. We also look at who received a collision and who did not [Collision, where no collision = 0, did collision = 1].</p>
<p>Create a new variable where Audi and Volkswagen are one group and Ford and Toyota are the other group. See if the average mileage as a Co-driver for “Audi+Volkswagen” is significantly different from the average for “Ford+Toyota.” Write the p-value found in the answer box (using 3 decimal places).</p>
<ul>
<li>Download**: <a href="data/supplements_1_1/eur-inferential_statistics-221-en-data.sav">SPSS file</a>, <a href="data/supplements_1_1/eur-inferential_statistics-221-en-data.csv">CSV file</a></li>
</ul>
]]></mattext>
<matbreak/>
</material>
<response_num ident="eur-inferential_statistics-221-en-canvas_276037067_section_1_item_1_num_RESPONSE_2493401" rcardinality="Single" numtype="Decimal">
<render_fib fibtype="Decimal" maxchars="12">
<flow_label class="Block">
<response_label ident="eur-inferential_statistics-221-en-canvas_276037067_section_1_item_1_num_RESPONSE_2493401" rshuffle="No"/>
</flow_label>
</render_fib>
</response_num>
<material>
<matbreak/>
</material>
</flow>
</presentation>
<resprocessing>
<outcomes>
<decvar varname="SCORE" vartype="Decimal" defaultval="0" minvalue="0" maxvalue="1" cutvalue="1"/>
</outcomes>
<respcondition title="Mastery" continue="No">
<conditionvar>

<or>
<varequal respident="eur-inferential_statistics-221-en-canvas_276037067_section_1_item_1_num_RESPONSE_2493401" case="No"><![CDATA[0.109]]></varequal>
<and>
<vargte respident="eur-inferential_statistics-221-en-canvas_276037067_section_1_item_1_num_RESPONSE_2493401"><![CDATA[0.109]]></vargte>
<varlte respident="eur-inferential_statistics-221-en-canvas_276037067_section_1_item_1_num_RESPONSE_2493401"><![CDATA[0.109]]></varlte>
</and>
</or>
</conditionvar>
<setvar varname="SCORE" action="Set">1</setvar>
<displayfeedback feedbacktype="Response" linkrefid="correct_fb"/>
</respcondition>
<respcondition continue="Yes">
<conditionvar>
<other/>
</conditionvar>
<displayfeedback feedbacktype="Response" linkrefid="general_incorrect_fb"/>
</respcondition>
</resprocessing>
<itemfeedback ident="correct_fb" view="All">
<flow_mat>
<material>
<mattext texttype="text/html"><![CDATA[
<p>The correct answer is 0.109</p>
]]></mattext>
</material>
</flow_mat>
</itemfeedback>
<itemfeedback ident="general_incorrect_fb" view="All">
<flow_mat>
<material>
<mattext texttype="text/html"><![CDATA[
<p>The correct answer is 0.109</p>
]]></mattext>
</material>
</flow_mat>
</itemfeedback>
</item>


</section>

</assessment>
</questestinterop>
