<?xml version="1.0" encoding="utf-8" standalone="yes"?>
<assessmentItem identifier="vufsw-paired_samples-1275-en-tv_202406101042_item_1_schoice" title="vufsw-paired_samples-1275-en-tv_202406101042_item_1_schoice_vufsw-paired samples-1275-en" adaptive="false" timeDependent="false" toolName="Testvision Online" toolVersion="39.0.9084" xmlns="http://www.imsglobal.org/xsd/imsqti_v2p1">
<responseDeclaration identifier="RESPONSE" cardinality="single" baseType="identifier">
<correctResponse>
<value>alt_840544</value>
</correctResponse>
<mapping defaultValue="0" lowerBound="0.0">
<mapEntry mapKey="alt_893573" mappedValue="-0.25"/>
<mapEntry mapKey="alt_908925" mappedValue="-0.25"/>
<mapEntry mapKey="alt_702703" mappedValue="-0.25"/>
<mapEntry mapKey="alt_978478" mappedValue="-0.25"/>
<mapEntry mapKey="alt_840544" mappedValue="1"/>
</mapping>
</responseDeclaration>
<outcomeDeclaration identifier="SCORE" cardinality="single" baseType="float" normalMaximum="1" normalMinimum="0" />
<outcomeDeclaration identifier="FEEDBACK" cardinality="single" baseType="identifier" />
<itemBody>
<p>A researcher wants to know if workers score better in test B than in
test A. For this purpose, she draws a random sample of 10 workers who
take both tests. The tests concern the same content and in each one of
them, the maximum score is 100 points.</p>
<p>The data are the following:</p>
<table class="tvcss_2 tvcss_3">
<colgroup>
<col style="width: 25%" />
<col style="width: 25%" />
<col style="width: 25%" />
<col style="width: 25%" />
</colgroup>
<tbody>
<tr class="odd">
<td class="tvcss_4">
<strong>Worker</strong>
</td>
<td class="tvcss_5">
<strong>Score test A</strong><br />
</td>
<td class="tvcss_6">
<strong>Score test B</strong><br />
</td>
<td class="tvcss_7">
<strong>Difference (B – A)</strong><br />
</td>
</tr>
<tr class="even">
<td class="tvcss_4">
1<br />
</td>
<td class="tvcss_5 tvcss_8">
95<br />
</td>
<td class="tvcss_6 tvcss_8">
90<br />
</td>
<td class="tvcss_7 tvcss_8">
-5<br />
</td>
</tr>
<tr class="odd">
<td class="tvcss_4">
2<br />
</td>
<td class="tvcss_5 tvcss_8">
45<br />
</td>
<td class="tvcss_6 tvcss_8">
65<br />
</td>
<td class="tvcss_7 tvcss_8">
20<br />
</td>
</tr>
<tr class="even">
<td class="tvcss_4">
3<br />
</td>
<td class="tvcss_5 tvcss_8">
61<br />
</td>
<td class="tvcss_6 tvcss_8">
65<br />
</td>
<td class="tvcss_7 tvcss_8">
4<br />
</td>
</tr>
<tr class="odd">
<td class="tvcss_4">
4<br />
</td>
<td class="tvcss_5 tvcss_8">
88<br />
</td>
<td class="tvcss_6 tvcss_8">
75<br />
</td>
<td class="tvcss_7 tvcss_8">
-13<br />
</td>
</tr>
<tr class="even">
<td class="tvcss_4">
5<br />
</td>
<td class="tvcss_5 tvcss_8">
91<br />
</td>
<td class="tvcss_6 tvcss_8">
92<br />
</td>
<td class="tvcss_7 tvcss_8">
1<br />
</td>
</tr>
<tr class="odd">
<td class="tvcss_4">
6<br />
</td>
<td class="tvcss_5 tvcss_8">
32<br />
</td>
<td class="tvcss_6 tvcss_8">
45<br />
</td>
<td class="tvcss_7 tvcss_8">
13<br />
</td>
</tr>
<tr class="even">
<td class="tvcss_4">
7<br />
</td>
<td class="tvcss_5 tvcss_8">
44<br />
</td>
<td class="tvcss_6 tvcss_8">
65<br />
</td>
<td class="tvcss_7 tvcss_8">
21<br />
</td>
</tr>
<tr class="odd">
<td class="tvcss_4">
8<br />
</td>
<td class="tvcss_5 tvcss_8">
63<br />
</td>
<td class="tvcss_6 tvcss_8">
67<br />
</td>
<td class="tvcss_7 tvcss_8">
4<br />
</td>
</tr>
<tr class="even">
<td class="tvcss_4">
9<br />
</td>
<td class="tvcss_5 tvcss_8">
89<br />
</td>
<td class="tvcss_6 tvcss_8">
84<br />
</td>
<td class="tvcss_7 tvcss_8">
-5<br />
</td>
</tr>
<tr class="odd">
<td class="tvcss_4">
10<br />
</td>
<td class="tvcss_5 tvcss_8">
64<br />
</td>
<td class="tvcss_6 tvcss_8">
63<br />
</td>
<td class="tvcss_7 tvcss_8">
-1<br />
</td>
</tr>
<tr class="even">
<td class="tvcss_4">
<strong>Mean</strong>
</td>
<td class="tvcss_5 tvcss_9">
67.2<br />
</td>
<td class="tvcss_6 tvcss_9">
71.1<br />
</td>
<td class="tvcss_7 tvcss_9">
3.9<br />
</td>
</tr>
</tbody>
</table>
<p>Which statistical test should be used to test the hypothesis that
workers score better in test B than in test A?</p>
<choiceInteraction responseIdentifier="RESPONSE" shuffle="false" maxChoices="1">
<simpleChoice identifier="alt_893573">
<div class="textblock tvblock tvcss_1"><div class="rte_zone tveditor1">
 A one-sample t-test for the mean
</div>
</div>
</simpleChoice>
<simpleChoice identifier="alt_908925">
<div class="textblock tvblock tvcss_1"><div class="rte_zone tveditor1">
 A test for a proportion
</div>
</div>
</simpleChoice>
<simpleChoice identifier="alt_702703">
<div class="textblock tvblock tvcss_1"><div class="rte_zone tveditor1">
 A chi-squared test
</div>
</div>
</simpleChoice>
<simpleChoice identifier="alt_978478">
<div class="textblock tvblock tvcss_1"><div class="rte_zone tveditor1">
 An independent t-test
</div>
</div>
</simpleChoice>
<simpleChoice identifier="alt_840544">
<div class="textblock tvblock tvcss_1"><div class="rte_zone tveditor1">
 A dependent t-test
</div>
</div>
</simpleChoice>
</choiceInteraction>
</itemBody>
<responseProcessing>
<responseCondition>
<responseIf>
<isNull>
<variable identifier="RESPONSE"/>
</isNull>
<setOutcomeValue identifier="SCORE">
<baseValue baseType="float">0.0</baseValue>
</setOutcomeValue>
<setOutcomeValue identifier="FEEDBACK">
<baseValue baseType="identifier">FAILURE</baseValue>
</setOutcomeValue>
</responseIf>
<responseElse>
<setOutcomeValue identifier="SCORE">
<mapResponse identifier="RESPONSE"/>
</setOutcomeValue>
<responseCondition>
<responseIf>
<equal toleranceMode="relative" tolerance="0.001">
<variable identifier="SCORE"/>
<variable identifier="MAXSCORE"/>
</equal>
<setOutcomeValue identifier="FEEDBACK">
<baseValue baseType="identifier">ANSWER_CORRECT</baseValue>
</setOutcomeValue>
</responseIf>
<responseElse>
<setOutcomeValue identifier="FEEDBACK">
<baseValue baseType="identifier">FAILURE</baseValue>
</setOutcomeValue>
</responseElse>
</responseCondition>
</responseElse>
</responseCondition>
</responseProcessing>
<modalFeedback identifier="FAILURE" outcomeIdentifier="FEEDBACK" showHide="show">
<div class="textblock tvblock tvcss_1"><div class="rte_zone tveditor1">
<ul>
<li> A one-sample t-test for the mean <br /> False </li>
<li> A test for a proportion <br /> False </li>
<li> A chi-squared test <br /> False </li>
<li> An independent t-test <br /> False </li>
<li> A dependent t-test <br /> True </li>
</ul>
</div>
</div>
</modalFeedback>
<modalFeedback identifier="ANSWER_CORRECT" outcomeIdentifier="FEEDBACK" showHide="show">
<div class="textblock tvblock tvcss_1"><div class="rte_zone tveditor1">
<ul>
<li> A one-sample t-test for the mean <br /> False </li>
<li> A test for a proportion <br /> False </li>
<li> A chi-squared test <br /> False </li>
<li> An independent t-test <br /> False </li>
<li> A dependent t-test <br /> True </li>
</ul>
</div>
</div>
</modalFeedback>
<modalFeedback identifier="PARTIAL_CORRECT" outcomeIdentifier="FEEDBACK" showHide="show">
<div class="textblock tvblock tvcss_1"><div class="rte_zone tveditor1">
<ul>
<li> A one-sample t-test for the mean <br /> False </li>
<li> A test for a proportion <br /> False </li>
<li> A chi-squared test <br /> False </li>
<li> An independent t-test <br /> False </li>
<li> A dependent t-test <br /> True </li>
</ul>
</div>
</div>
</modalFeedback>
</assessmentItem>
