<?xml version="1.0" encoding="UTF-8"?>
<!DOCTYPE questestinterop SYSTEM "ims_qtiasiv1p2p1.dtd">

<questestinterop xmlns="http://www.imsglobal.org/xsd/ims_qtiasiv1p2" xmlns:xsi="http://www.w3.org/2001/XMLSchema-instance" xsi:schemaLocation="http://www.imsglobal.org/xsd/ims_qtiasiv1p2 http://www.imsglobal.org/xsd/ims_qtiasiv1p2p1.xsd">
<assessment ident="uva-binomial-1058-nl-canvas_371276544" title="uva-binomial-1058-nl-canvas">

<qtimetadata>
<qtimetadatafield>
<fieldlabel>cc_maxattempts</fieldlabel>
<fieldentry>1</fieldentry>
</qtimetadatafield>
<qtimetadatafield>
<fieldlabel>qmd_assessmenttype</fieldlabel>
<fieldentry>Assessment</fieldentry>
</qtimetadatafield>
</qtimetadata>
<objectives>
<material>
<mattext><![CDATA[Please solve the following exercises.]]></mattext>
</material>
</objectives>
<assessmentcontrol feedbackswitch="No" hintswitch="No" solutionswitch="Yes"/>
<outcomes_processing scoremodel="SumOfScores">
<outcomes>
<decvar varname="SCORE" vartype="Decimal" cutvalue="0"/>
</outcomes>
</outcomes_processing>
<assessfeedback title="AssessmentFeedback" ident="AssessmentFeedback">
<flow_mat>
<material>
<mattext>##AssessmentFeedback##</mattext>
</material>
</flow_mat>
</assessfeedback>

<section ident="uva-binomial-1058-nl-canvas_371276544_section_1" title="Exercise">

<objectives>
<material>
<mattext><![CDATA[Please answer the following question.]]></mattext>
</material>
</objectives>
<selection_ordering>
<selection>
<selection_number>1</selection_number>
<selection_extension>
<points_per_item>1</points_per_item>
</selection_extension>
</selection>
<order order_type="Random"/>
</selection_ordering>

<item ident="uva-binomial-1058-nl-canvas_371276544_section_1_item_1_schoice" title="Question" maxattempts="1">
<itemcontrol feedbackswitch="No" hintswitch="No" solutionswitch="Yes"/>
<itemmetadata>
<qtimetadata>
<qtimetadatafield>
<fieldlabel>question_type</fieldlabel>
<fieldentry>multiple_choice_question</fieldentry>
</qtimetadatafield>
</qtimetadata>
</itemmetadata>
<presentation>
<flow>
<material>
<matbreak/>
<mattext texttype="text/html" charset="utf-8"><![CDATA[
<p>5% van de geproduceerde schroeven is defect en de kwaliteit van de
schroeven is onafhankelijk van elkaar. Stel <em>X</em> is het aantal defecte
schroeven en je pakt 10 schroeven als een steekproef. Hieronder zie je
verschillende diagrammen. Welk diagram toont de correcte kansverdeling
behorend bij <em>X</em> = 0, ..., 4?</p>
<p><img src="data/supplements_1_1/uva-binomial-1058-nl-graph01.png" /></p>
]]></mattext>
<matbreak/>
</material>
<response_lid ident="uva-binomial-1058-nl-canvas_371276544_section_1_item_1_schoice_RESPONSE_6026734" rcardinality="Single" rtiming="No">
<render_choice shuffle="No">
<flow_label class="List">
<response_label ident="uva-binomial-1058-nl-canvas_371276544_section_1_item_1_schoice_7234457827" rshuffle="No">
<material>
<mattext texttype="text/html" charset="utf-8"><![CDATA[
 A
]]></mattext>
</material>
</response_label>
</flow_label>
<flow_label class="List">
<response_label ident="uva-binomial-1058-nl-canvas_371276544_section_1_item_1_schoice_5710666103" rshuffle="No">
<material>
<mattext texttype="text/html" charset="utf-8"><![CDATA[
 B
]]></mattext>
</material>
</response_label>
</flow_label>
<flow_label class="List">
<response_label ident="uva-binomial-1058-nl-canvas_371276544_section_1_item_1_schoice_8822094349" rshuffle="No">
<material>
<mattext texttype="text/html" charset="utf-8"><![CDATA[
 C
]]></mattext>
</material>
</response_label>
</flow_label>
<flow_label class="List">
<response_label ident="uva-binomial-1058-nl-canvas_371276544_section_1_item_1_schoice_8007596859" rshuffle="No">
<material>
<mattext texttype="text/html" charset="utf-8"><![CDATA[
 D
]]></mattext>
</material>
</response_label>
</flow_label>
</render_choice>
</response_lid>
</flow>
</presentation>
<resprocessing>
<outcomes>
<decvar varname="SCORE" vartype="Decimal" defaultval="0" minvalue="0" maxvalue="1" cutvalue="1"/>
</outcomes>
<respcondition title="Mastery" continue="No">
<conditionvar>
<and>
<varequal respident="uva-binomial-1058-nl-canvas_371276544_section_1_item_1_schoice_RESPONSE_6026734" case="Yes">uva-binomial-1058-nl-canvas_371276544_section_1_item_1_schoice_8822094349</varequal>
<not> <varequal respident="uva-binomial-1058-nl-canvas_371276544_section_1_item_1_schoice_RESPONSE_6026734" case="Yes">uva-binomial-1058-nl-canvas_371276544_section_1_item_1_schoice_7234457827</varequal> </not>
<not> <varequal respident="uva-binomial-1058-nl-canvas_371276544_section_1_item_1_schoice_RESPONSE_6026734" case="Yes">uva-binomial-1058-nl-canvas_371276544_section_1_item_1_schoice_5710666103</varequal> </not>
<not> <varequal respident="uva-binomial-1058-nl-canvas_371276544_section_1_item_1_schoice_RESPONSE_6026734" case="Yes">uva-binomial-1058-nl-canvas_371276544_section_1_item_1_schoice_8007596859</varequal> </not>
</and>
</conditionvar>
<setvar varname="SCORE" action="Set">1</setvar>
<displayfeedback feedbacktype="Response" linkrefid="correct_fb"/>
</respcondition>
<respcondition continue="Yes">
<conditionvar>
<other/>
</conditionvar>
<displayfeedback feedbacktype="Response" linkrefid="general_incorrect_fb"/>
</respcondition>
</resprocessing>
<itemfeedback ident="correct_fb" view="All">
<flow_mat>
<material>
<mattext texttype="text/html"><![CDATA[
<ul>
<li> A <br /> A: Incorrect </li>
<li> B <br /> B: Incorrect </li>
<li> C <br /> C: Correct </li>
<li> D <br /> D: Incorrect </li>
</ul>
]]></mattext>
</material>
</flow_mat>
</itemfeedback>
<itemfeedback ident="general_incorrect_fb" view="All">
<flow_mat>
<material>
<mattext texttype="text/html"><![CDATA[
<ul>
<li> A <br /> A: Incorrect </li>
<li> B <br /> B: Incorrect </li>
<li> C <br /> C: Correct </li>
<li> D <br /> D: Incorrect </li>
</ul>
]]></mattext>
</material>
</flow_mat>
</itemfeedback>
</item>


</section>

</assessment>
</questestinterop>
