<?xml version="1.0" encoding="UTF-8"?>
<!DOCTYPE questestinterop SYSTEM "ims_qtiasiv1p2p1.dtd">

<questestinterop xmlns="http://www.imsglobal.org/xsd/ims_qtiasiv1p2" xmlns:xsi="http://www.w3.org/2001/XMLSchema-instance" xsi:schemaLocation="http://www.imsglobal.org/xsd/ims_qtiasiv1p2 http://www.imsglobal.org/xsd/ims_qtiasiv1p2p1.xsd">
<assessment ident="uva-paired-samples-1815-nl-canvas_598035211" title="uva-paired-samples-1815-nl-canvas">

<qtimetadata>
<qtimetadatafield>
<fieldlabel>cc_maxattempts</fieldlabel>
<fieldentry>1</fieldentry>
</qtimetadatafield>
<qtimetadatafield>
<fieldlabel>qmd_assessmenttype</fieldlabel>
<fieldentry>Assessment</fieldentry>
</qtimetadatafield>
</qtimetadata>
<objectives>
<material>
<mattext><![CDATA[Please solve the following exercises.]]></mattext>
</material>
</objectives>
<assessmentcontrol feedbackswitch="No" hintswitch="No" solutionswitch="Yes"/>
<outcomes_processing scoremodel="SumOfScores">
<outcomes>
<decvar varname="SCORE" vartype="Decimal" cutvalue="0"/>
</outcomes>
</outcomes_processing>
<assessfeedback title="AssessmentFeedback" ident="AssessmentFeedback">
<flow_mat>
<material>
<mattext>##AssessmentFeedback##</mattext>
</material>
</flow_mat>
</assessfeedback>

<section ident="uva-paired-samples-1815-nl-canvas_598035211_section_1" title="Exercise">

<objectives>
<material>
<mattext><![CDATA[Please answer the following question.]]></mattext>
</material>
</objectives>
<selection_ordering>
<selection>
<selection_number>1</selection_number>
<selection_extension>
<points_per_item>1</points_per_item>
</selection_extension>
</selection>
<order order_type="Random"/>
</selection_ordering>

<item ident="uva-paired-samples-1815-nl-canvas_598035211_section_1_item_1_schoice" title="Question" maxattempts="1">
<itemcontrol feedbackswitch="No" hintswitch="No" solutionswitch="Yes"/>
<itemmetadata>
<qtimetadata>
<qtimetadatafield>
<fieldlabel>question_type</fieldlabel>
<fieldentry>multiple_choice_question</fieldentry>
</qtimetadatafield>
</qtimetadata>
</itemmetadata>
<presentation>
<flow>
<material>
<matbreak/>
<mattext texttype="text/html" charset="utf-8"><![CDATA[
<p>Van 8 proefpersonen wordt voor en na een bepaalde krachtsinspanning de
hartslag gemeten. We willen toetsen of de gemiddelde hartslag voor en na
de inspanning gelijk is. Van de 8 verschillen tussen voor- en nameting
is het gemiddelde 24 en de standaarddeviatie 28. De waarde van de
toetsingsgrootheid van de gepaarde T-toets is dan</p>
]]></mattext>
<matbreak/>
</material>
<response_lid ident="uva-paired-samples-1815-nl-canvas_598035211_section_1_item_1_schoice_RESPONSE_5173189" rcardinality="Single" rtiming="No">
<render_choice shuffle="No">
<flow_label class="List">
<response_label ident="uva-paired-samples-1815-nl-canvas_598035211_section_1_item_1_schoice_7175132926" rshuffle="No">
<material>
<mattext texttype="text/html" charset="utf-8"><![CDATA[
 2.42
]]></mattext>
</material>
</response_label>
</flow_label>
<flow_label class="List">
<response_label ident="uva-paired-samples-1815-nl-canvas_598035211_section_1_item_1_schoice_4827374563" rshuffle="No">
<material>
<mattext texttype="text/html" charset="utf-8"><![CDATA[
 2.89
]]></mattext>
</material>
</response_label>
</flow_label>
<flow_label class="List">
<response_label ident="uva-paired-samples-1815-nl-canvas_598035211_section_1_item_1_schoice_6080653081" rshuffle="No">
<material>
<mattext texttype="text/html" charset="utf-8"><![CDATA[
 3.52
]]></mattext>
</material>
</response_label>
</flow_label>
<flow_label class="List">
<response_label ident="uva-paired-samples-1815-nl-canvas_598035211_section_1_item_1_schoice_1981472802" rshuffle="No">
<material>
<mattext texttype="text/html" charset="utf-8"><![CDATA[
 12.94
]]></mattext>
</material>
</response_label>
</flow_label>
</render_choice>
</response_lid>
</flow>
</presentation>
<resprocessing>
<outcomes>
<decvar varname="SCORE" vartype="Decimal" defaultval="0" minvalue="0" maxvalue="1" cutvalue="1"/>
</outcomes>
<respcondition title="Mastery" continue="No">
<conditionvar>
<and>
<varequal respident="uva-paired-samples-1815-nl-canvas_598035211_section_1_item_1_schoice_RESPONSE_5173189" case="Yes">uva-paired-samples-1815-nl-canvas_598035211_section_1_item_1_schoice_7175132926</varequal>
<not> <varequal respident="uva-paired-samples-1815-nl-canvas_598035211_section_1_item_1_schoice_RESPONSE_5173189" case="Yes">uva-paired-samples-1815-nl-canvas_598035211_section_1_item_1_schoice_4827374563</varequal> </not>
<not> <varequal respident="uva-paired-samples-1815-nl-canvas_598035211_section_1_item_1_schoice_RESPONSE_5173189" case="Yes">uva-paired-samples-1815-nl-canvas_598035211_section_1_item_1_schoice_6080653081</varequal> </not>
<not> <varequal respident="uva-paired-samples-1815-nl-canvas_598035211_section_1_item_1_schoice_RESPONSE_5173189" case="Yes">uva-paired-samples-1815-nl-canvas_598035211_section_1_item_1_schoice_1981472802</varequal> </not>
</and>
</conditionvar>
<setvar varname="SCORE" action="Set">1</setvar>
<displayfeedback feedbacktype="Response" linkrefid="correct_fb"/>
</respcondition>
<respcondition continue="Yes">
<conditionvar>
<other/>
</conditionvar>
<displayfeedback feedbacktype="Response" linkrefid="general_incorrect_fb"/>
</respcondition>
</resprocessing>
<itemfeedback ident="correct_fb" view="All">
<flow_mat>
<material>
<mattext texttype="text/html"><![CDATA[
<ul>
<li> 2.42 <br /> 2.42: Correct </li>
<li> 2.89 <br /> 2.89: Incorrect </li>
<li> 3.52 <br /> 3.52: Incorrect </li>
<li> 12.94 <br /> 12.94: Incorrect </li>
</ul>
]]></mattext>
</material>
</flow_mat>
</itemfeedback>
<itemfeedback ident="general_incorrect_fb" view="All">
<flow_mat>
<material>
<mattext texttype="text/html"><![CDATA[
<ul>
<li> 2.42 <br /> 2.42: Correct </li>
<li> 2.89 <br /> 2.89: Incorrect </li>
<li> 3.52 <br /> 3.52: Incorrect </li>
<li> 12.94 <br /> 12.94: Incorrect </li>
</ul>
]]></mattext>
</material>
</flow_mat>
</itemfeedback>
</item>


</section>

</assessment>
</questestinterop>
