<?xml version="1.0" encoding="UTF-8"?>
<assessmentItem xsi:schemaLocation="http://www.imsglobal.org/xsd/imsqti_v2p1 http://www.imsglobal.org/xsd/qti/qtiv2p1/imsqti_v2p1p1.xsd http://www.w3.org/1998/Math/MathML http://www.w3.org/Math/XMLSchema/mathml2/mathml2.xsd" identifier="uu-mediation-804-en-ans_981946472_section_1_item_1_schoice" title="Inferential_Statistics_uu-mediation-804-en_uu-mediation-804-en_schoice_1" adaptive="false" timeDependent="false" xmlns="http://www.imsglobal.org/xsd/imsqti_v2p1" xmlns:xsi="http://www.w3.org/2001/XMLSchema-instance">
<responseDeclaration identifier="uu-mediation-804-en-ans_981946472_section_1_item_1_schoice_RESPONSE_1_9814451" cardinality="single" baseType="identifier">
<correctResponse>
<value>uu-mediation-804-en-ans_981946472_section_1_item_1_schoice_4_1417032075</value>
</correctResponse>
<mapping defaultValue="0" lowerBound="0.0">
<mapEntry mapKey="uu-mediation-804-en-ans_981946472_section_1_item_1_schoice_1_1041579118" mappedValue="0"/>
<mapEntry mapKey="uu-mediation-804-en-ans_981946472_section_1_item_1_schoice_2_3593816272" mappedValue="0"/>
<mapEntry mapKey="uu-mediation-804-en-ans_981946472_section_1_item_1_schoice_3_6936403313" mappedValue="0"/>
<mapEntry mapKey="uu-mediation-804-en-ans_981946472_section_1_item_1_schoice_4_1417032075" mappedValue="1"/>
</mapping>
</responseDeclaration>
<outcomeDeclaration identifier="SCORE" cardinality="single" baseType="float" normalMaximum="1" normalMinimum="0">
<defaultValue>
<value>0.0</value>
</defaultValue>
</outcomeDeclaration>
<outcomeDeclaration identifier="MAXSCORE" cardinality="single" baseType="float">
<defaultValue>
<value>1</value>
</defaultValue>
</outcomeDeclaration>
<outcomeDeclaration identifier="FEEDBACKBASIC" cardinality="single" baseType="identifier" view="testConstructor">
<defaultValue>
<value>empty</value>
</defaultValue>
</outcomeDeclaration>
<outcomeDeclaration identifier="FEEDBACKMODAL" cardinality="multiple" baseType="identifier" view="testConstructor"/>
<outcomeDeclaration identifier="SOLUTIONMODAL" cardinality="single" baseType="identifier" view="testConstructor"/>
<outcomeDeclaration identifier="MINSCORE" cardinality="single" baseType="float">
<defaultValue>
<value baseType="float">0</value>
</defaultValue>
</outcomeDeclaration>
<outcomeDeclaration identifier="SCORE_RESPONSE_1" cardinality="single" baseType="float">
<defaultValue>
<value>0.0</value>
</defaultValue>
</outcomeDeclaration>
<outcomeDeclaration identifier="MINSCORE_RESPONSE_1" cardinality="single" baseType="float">
<defaultValue>
<value>0.0</value>
</defaultValue>
</outcomeDeclaration>
<itemBody>
<p>Which figure is a graphic representation of the relationship between the variables X, M and Y based on the results in the table?</p>
<p><img src="media/supplements1/uu-mediation-804-en-tabel.jpg" /></p>
<p>A:</p>
<p><img src="media/supplements1/uu-mediation-804-en-tabel2.jpg" /></p>
<p>B:</p>
<p><img src="media/supplements1/uu-mediation-804-en-tabel3.jpg" /></p>
<p>C:</p>
<p><img src="media/supplements1/uu-mediation-804-en-tabel4.jpg" /></p>
<p>D:</p>
<p><img src="media/supplements1/uu-mediation-804-en-tabel5.jpg" /></p>
<choiceInteraction responseIdentifier="uu-mediation-804-en-ans_981946472_section_1_item_1_schoice_RESPONSE_1_9814451" shuffle="false" maxChoices="1">
<simpleChoice identifier="uu-mediation-804-en-ans_981946472_section_1_item_1_schoice_1_1041579118">
<p>
 A
</p>
</simpleChoice>
<simpleChoice identifier="uu-mediation-804-en-ans_981946472_section_1_item_1_schoice_2_3593816272">
<p>
 B
</p>
</simpleChoice>
<simpleChoice identifier="uu-mediation-804-en-ans_981946472_section_1_item_1_schoice_3_6936403313">
<p>
 C
</p>
</simpleChoice>
<simpleChoice identifier="uu-mediation-804-en-ans_981946472_section_1_item_1_schoice_4_1417032075">
<p>
 D
</p>
</simpleChoice>
</choiceInteraction>
</itemBody>
<responseProcessing>
<setOutcomeValue identifier="SCORE_RESPONSE_1">
<sum>
<variable identifier="SCORE_RESPONSE_1"/>
<mapResponse identifier="uu-mediation-804-en-ans_981946472_section_1_item_1_schoice_RESPONSE_1_9814451"/>
</sum>
</setOutcomeValue>
<responseCondition>
<responseIf>
<lt>
<variable identifier="SCORE_RESPONSE_1"/>
<variable identifier="MINSCORE_RESPONSE_1"/>
</lt>
<setOutcomeValue identifier="SCORE_RESPONSE_1">
<variable identifier="MINSCORE_RESPONSE_1"/>
</setOutcomeValue>
</responseIf>
</responseCondition>
<responseCondition>
<responseIf>
<isNull>
<variable identifier="uu-mediation-804-en-ans_981946472_section_1_item_1_schoice_RESPONSE_1_9814451"/>
</isNull>
<setOutcomeValue identifier="SCORE_RESPONSE_1">
<sum>
<variable identifier="SCORE_RESPONSE_1"/>
<baseValue baseType="float">0</baseValue>
</sum>
</setOutcomeValue>
</responseIf>
</responseCondition>
<setOutcomeValue identifier="SCORE">
<sum>
<variable identifier="SCORE_RESPONSE_1"/>
</sum>
</setOutcomeValue>
<responseCondition>
<responseIf>
<lt>
<variable identifier="SCORE"/>
<variable identifier="MINSCORE"/>
</lt>
<setOutcomeValue identifier="SCORE">
<variable identifier="MINSCORE"/>
</setOutcomeValue>
</responseIf>
</responseCondition>
<responseCondition>
<responseIf>
<lt>
<variable identifier="SCORE"/>
<baseValue baseType="float">1</baseValue>
</lt>
<setOutcomeValue identifier="FEEDBACKMODAL">
<multiple>
<variable identifier="FEEDBACKMODAL"/>
<baseValue baseType="identifier">Feedback651452663</baseValue>
</multiple>
</setOutcomeValue>
</responseIf>
</responseCondition>
</responseProcessing>
<modalFeedback outcomeIdentifier="FEEDBACK" showHide="show" identifier="incorrect">
<p>The output shown above belongs to a mediation analysis. The graphic representation in answer A shows a moderation effect, so this answer is wrong.</p>
<p>In the output you can see that the indirect effect is not significant (the value 0 lies within the 95% confidence interval, this means there is no significant effect). The effect of X on Y, given M, is significant (p=.0001). The effect of M on Y, given X, is significant (p&lt;.0001). This corresponds with picture D.</p>
</modalFeedback>
</assessmentItem>
