<?xml version="1.0" encoding="UTF-8"?>
<!DOCTYPE questestinterop SYSTEM "ims_qtiasiv1p2p1.dtd">

<questestinterop xmlns="http://www.imsglobal.org/xsd/ims_qtiasiv1p2" xmlns:xsi="http://www.w3.org/2001/XMLSchema-instance" xsi:schemaLocation="http://www.imsglobal.org/xsd/ims_qtiasiv1p2 http://www.imsglobal.org/xsd/ims_qtiasiv1p2p1.xsd">
<assessment ident="uu-Dummies-805-nl-canvas_361617172" title="uu-Dummies-805-nl-canvas">

<qtimetadata>
<qtimetadatafield>
<fieldlabel>cc_maxattempts</fieldlabel>
<fieldentry>1</fieldentry>
</qtimetadatafield>
<qtimetadatafield>
<fieldlabel>qmd_assessmenttype</fieldlabel>
<fieldentry>Assessment</fieldentry>
</qtimetadatafield>
</qtimetadata>
<objectives>
<material>
<mattext><![CDATA[Please solve the following exercises.]]></mattext>
</material>
</objectives>
<assessmentcontrol feedbackswitch="No" hintswitch="No" solutionswitch="Yes"/>
<outcomes_processing scoremodel="SumOfScores">
<outcomes>
<decvar varname="SCORE" vartype="Decimal" cutvalue="0"/>
</outcomes>
</outcomes_processing>
<assessfeedback title="AssessmentFeedback" ident="AssessmentFeedback">
<flow_mat>
<material>
<mattext>##AssessmentFeedback##</mattext>
</material>
</flow_mat>
</assessfeedback>

<section ident="uu-Dummies-805-nl-canvas_361617172_section_1" title="Exercise">

<objectives>
<material>
<mattext><![CDATA[Please answer the following question.]]></mattext>
</material>
</objectives>
<selection_ordering>
<selection>
<selection_number>1</selection_number>
<selection_extension>
<points_per_item>1</points_per_item>
</selection_extension>
</selection>
<order order_type="Random"/>
</selection_ordering>

<item ident="uu-Dummies-805-nl-canvas_361617172_section_1_item_1_schoice" title="Question" maxattempts="1">
<itemcontrol feedbackswitch="No" hintswitch="No" solutionswitch="Yes"/>
<itemmetadata>
<qtimetadata>
<qtimetadatafield>
<fieldlabel>question_type</fieldlabel>
<fieldentry>multiple_choice_question</fieldentry>
</qtimetadatafield>
</qtimetadata>
</itemmetadata>
<presentation>
<flow>
<material>
<matbreak/>
<mattext texttype="text/html" charset="utf-8"><![CDATA[
<p>De onderzoeksvraag is of rekenvaardigheid (uitgedrukt in een rapportcijfer tussen de 0 en de 10) verschilt tussen 6-jarigen uit Nederland, België en Luxemburg.</p>
<p>Nationaliteit wordt als volgt gerepresenteerd door twee dummy variabelen <span class="math inline">\(D_{1}\)</span> en <span class="math inline">\(D_{2}\)</span>:</p>
<p><img src="data/supplements_1_1/uu-Dummies-805-nl-tabel.jpg" /></p>
<p>De analyse van de data (het ging om 100 kinderen per land), geeft de volgende resultaten:</p>
<p><img src="data/supplements_1_1/uu-Dummies-805-nl-tabel2.jpg" /></p>
<p>Beoordeel de volgende uitspraken van de onderzoeker:</p>
<p>I. De Luxemburgse kinderen rekenen significant (<span class="math inline">\(\alpha\)</span> = 5%) beter dan Nederlandse kinderen.
II. Het voorspelde rekencijfer voor een Belgisch kind is 9.</p>
]]></mattext>
<matbreak/>
</material>
<response_lid ident="uu-Dummies-805-nl-canvas_361617172_section_1_item_1_schoice_RESPONSE_6606733" rcardinality="Single" rtiming="No">
<render_choice shuffle="No">
<flow_label class="List">
<response_label ident="uu-Dummies-805-nl-canvas_361617172_section_1_item_1_schoice_2050888116" rshuffle="No">
<material>
<mattext texttype="text/html" charset="utf-8"><![CDATA[
 I is juist, II is juist.
]]></mattext>
</material>
</response_label>
</flow_label>
<flow_label class="List">
<response_label ident="uu-Dummies-805-nl-canvas_361617172_section_1_item_1_schoice_3081265718" rshuffle="No">
<material>
<mattext texttype="text/html" charset="utf-8"><![CDATA[
 I is juist, II is niet juist.
]]></mattext>
</material>
</response_label>
</flow_label>
<flow_label class="List">
<response_label ident="uu-Dummies-805-nl-canvas_361617172_section_1_item_1_schoice_1764755275" rshuffle="No">
<material>
<mattext texttype="text/html" charset="utf-8"><![CDATA[
 I is niet juist, II is juist.
]]></mattext>
</material>
</response_label>
</flow_label>
<flow_label class="List">
<response_label ident="uu-Dummies-805-nl-canvas_361617172_section_1_item_1_schoice_6977323068" rshuffle="No">
<material>
<mattext texttype="text/html" charset="utf-8"><![CDATA[
 I is niet juist, II is niet juist.
]]></mattext>
</material>
</response_label>
</flow_label>
</render_choice>
</response_lid>
</flow>
</presentation>
<resprocessing>
<outcomes>
<decvar varname="SCORE" vartype="Decimal" defaultval="0" minvalue="0" maxvalue="1" cutvalue="1"/>
</outcomes>
<respcondition title="Mastery" continue="No">
<conditionvar>
<and>
<varequal respident="uu-Dummies-805-nl-canvas_361617172_section_1_item_1_schoice_RESPONSE_6606733" case="Yes">uu-Dummies-805-nl-canvas_361617172_section_1_item_1_schoice_1764755275</varequal>
<not> <varequal respident="uu-Dummies-805-nl-canvas_361617172_section_1_item_1_schoice_RESPONSE_6606733" case="Yes">uu-Dummies-805-nl-canvas_361617172_section_1_item_1_schoice_2050888116</varequal> </not>
<not> <varequal respident="uu-Dummies-805-nl-canvas_361617172_section_1_item_1_schoice_RESPONSE_6606733" case="Yes">uu-Dummies-805-nl-canvas_361617172_section_1_item_1_schoice_3081265718</varequal> </not>
<not> <varequal respident="uu-Dummies-805-nl-canvas_361617172_section_1_item_1_schoice_RESPONSE_6606733" case="Yes">uu-Dummies-805-nl-canvas_361617172_section_1_item_1_schoice_6977323068</varequal> </not>
</and>
</conditionvar>
<setvar varname="SCORE" action="Set">1</setvar>
<displayfeedback feedbacktype="Response" linkrefid="correct_fb"/>
</respcondition>
<respcondition continue="Yes">
<conditionvar>
<other/>
</conditionvar>
<displayfeedback feedbacktype="Response" linkrefid="general_incorrect_fb"/>
</respcondition>
</resprocessing>
<itemfeedback ident="correct_fb" view="All">
<flow_mat>
<material>
<mattext texttype="text/html"><![CDATA[
<p>Stelling 1: De dummyvariabele D2 laat zien hoe de Luxemburgse kinderen scoren ten opzichte van de Nederlandse kinderen. Deze scoren 1.0 lager (want B = -1.0), maar dit verschil is niet significant (p = .21). De stelling is niet waar.
Stelling 2: De regressievergelijking is: <span class="math inline">\(\hat{Y}\)</span>=6.0+<span class="math inline">\(D_{1}\)</span>∙3.0+ <span class="math inline">\(D_{2}\)</span> ∙-1.0
Voor een Belgisch kind vullen we bij <span class="math inline">\(D_{1}\)</span> 1 in, en bij <span class="math inline">\(D_{2}\)</span> een 0. Invullen geeft dan:
<span class="math inline">\(\hat{Y}\)</span>=6.0+1∙3.0+0∙-1=6.0+3.0+0=9.0, De stelling is dus correct.</p>
]]></mattext>
</material>
</flow_mat>
</itemfeedback>
<itemfeedback ident="general_incorrect_fb" view="All">
<flow_mat>
<material>
<mattext texttype="text/html"><![CDATA[
<p>Stelling 1: De dummyvariabele D2 laat zien hoe de Luxemburgse kinderen scoren ten opzichte van de Nederlandse kinderen. Deze scoren 1.0 lager (want B = -1.0), maar dit verschil is niet significant (p = .21). De stelling is niet waar.
Stelling 2: De regressievergelijking is: <span class="math inline">\(\hat{Y}\)</span>=6.0+<span class="math inline">\(D_{1}\)</span>∙3.0+ <span class="math inline">\(D_{2}\)</span> ∙-1.0
Voor een Belgisch kind vullen we bij <span class="math inline">\(D_{1}\)</span> 1 in, en bij <span class="math inline">\(D_{2}\)</span> een 0. Invullen geeft dan:
<span class="math inline">\(\hat{Y}\)</span>=6.0+1∙3.0+0∙-1=6.0+3.0+0=9.0, De stelling is dus correct.</p>
]]></mattext>
</material>
</flow_mat>
</itemfeedback>
</item>


</section>

</assessment>
</questestinterop>
