<?xml version="1.0" encoding="utf-8" standalone="yes"?>
<assessmentItem identifier="uu-Oneway_ANOVA-808-nl-tv_202411271204_item_1_schoice" title="uu-Oneway_ANOVA-808-nl-tv_202411271204_item_1_schoice_uu-Oneway ANOVA-808-nl.Rmd" adaptive="false" timeDependent="false" toolName="Testvision Online" toolVersion="39.0.9084" xmlns="http://www.imsglobal.org/xsd/imsqti_v2p1">
<responseDeclaration identifier="RESPONSE" cardinality="single" baseType="identifier">
<correctResponse>
<value>alt_455433</value>
</correctResponse>
<mapping defaultValue="0" lowerBound="0.0">
<mapEntry mapKey="alt_455433" mappedValue="1"/>
<mapEntry mapKey="alt_806068" mappedValue="-0.333333333333333"/>
<mapEntry mapKey="alt_747161" mappedValue="-0.333333333333333"/>
<mapEntry mapKey="alt_373618" mappedValue="-0.333333333333333"/>
</mapping>
</responseDeclaration>
<outcomeDeclaration identifier="SCORE" cardinality="single" baseType="float" normalMaximum="1" normalMinimum="0" />
<outcomeDeclaration identifier="FEEDBACK" cardinality="single" baseType="identifier" />
<stylesheet href="css/uu-Oneway_ANOVA-808-nl-tv_202411271204_item_1_schoice.css" type="text/css" />
<itemBody>
<p>In een onderzoek naar trouw-leeftijd worden getrouwde mannen gevraagd hoe oud ze waren toen ze (voor het eerst) in het huwelijksbootje stapten. De wetenschapper wil onderzoeken of er verschillen zijn in gemiddelde leeftijd bij eerste huwelijk tussen mannen met verschillende godsdienstelijke voorkeuren: katholiek, protestant, islam, of geen. De SPSS output van de analyse staat hieronder.</p>
<p><img src="mediafiles/supplements1/uu-Oneway-ANOVA-808-nl-tabel.jpg" alt="image"/></p>
<p>Met een p-waarde van 0.007 kunnen we de conclusie trekken dat er significante verschillen zijn tussen de verschillende godsdienstelijke voorkeursgroepen. SPSS wordt gebruikt om een post-hoc toets te doen. De output staat hieronder.</p>
<p><img src="mediafiles/supplements1/uu-Oneway-ANOVA-808-nl-tabel2.jpg" alt="image"/></p>
<p>Welke godsdienstelijke voorkeursgroep levert de grootste bijdrage aan het verwerpen van de H0?</p>
<choiceInteraction responseIdentifier="RESPONSE" shuffle="false" maxChoices="1">
<simpleChoice identifier="alt_455433">
<div class="textblock tvblock tvcss_1"><div class="rte_zone tveditor1">
 Islam
</div>
</div>
</simpleChoice>
<simpleChoice identifier="alt_806068">
<div class="textblock tvblock tvcss_1"><div class="rte_zone tveditor1">
 Katholiek
</div>
</div>
</simpleChoice>
<simpleChoice identifier="alt_747161">
<div class="textblock tvblock tvcss_1"><div class="rte_zone tveditor1">
 Protestant
</div>
</div>
</simpleChoice>
<simpleChoice identifier="alt_373618">
<div class="textblock tvblock tvcss_1"><div class="rte_zone tveditor1">
 Geen
</div>
</div>
</simpleChoice>
</choiceInteraction>
</itemBody>
<responseProcessing>
<responseCondition>
<responseIf>
<isNull>
<variable identifier="RESPONSE"/>
</isNull>
<setOutcomeValue identifier="SCORE">
<baseValue baseType="float">0.0</baseValue>
</setOutcomeValue>
<setOutcomeValue identifier="FEEDBACK">
<baseValue baseType="identifier">FAILURE</baseValue>
</setOutcomeValue>
</responseIf>
<responseElse>
<setOutcomeValue identifier="SCORE">
<mapResponse identifier="RESPONSE"/>
</setOutcomeValue>
<responseCondition>
<responseIf>
<equal toleranceMode="relative" tolerance="0.001">
<variable identifier="SCORE"/>
<variable identifier="MAXSCORE"/>
</equal>
<setOutcomeValue identifier="FEEDBACK">
<baseValue baseType="identifier">ANSWER_CORRECT</baseValue>
</setOutcomeValue>
</responseIf>
<responseElse>
<setOutcomeValue identifier="FEEDBACK">
<baseValue baseType="identifier">FAILURE</baseValue>
</setOutcomeValue>
</responseElse>
</responseCondition>
</responseElse>
</responseCondition>
</responseProcessing>
<modalFeedback identifier="FAILURE" outcomeIdentifier="FEEDBACK" showHide="show">
<div class="textblock tvblock tvcss_1"><div class="rte_zone tveditor1">
</div>
</div>
</modalFeedback>
<modalFeedback identifier="ANSWER_CORRECT" outcomeIdentifier="FEEDBACK" showHide="show">
<div class="textblock tvblock tvcss_1"><div class="rte_zone tveditor1">
</div>
</div>
</modalFeedback>
<modalFeedback identifier="PARTIAL_CORRECT" outcomeIdentifier="FEEDBACK" showHide="show">
<div class="textblock tvblock tvcss_1"><div class="rte_zone tveditor1">
</div>
</div>
</modalFeedback>
</assessmentItem>
