<?xml version="1.0" encoding="utf-8" standalone="yes"?>
<assessmentItem identifier="vufgb-confidenceintervals-017-en-tv_202307180609_item_1_schoice" title="vufgb-confidenceintervals-017-en-tv_202307180609_item_1_schoice_vufgb-confidenceintervals-017-en" adaptive="false" timeDependent="false" toolName="Testvision Online" toolVersion="39.0.9084" xmlns="http://www.imsglobal.org/xsd/imsqti_v2p1">
<responseDeclaration identifier="RESPONSE" cardinality="single" baseType="identifier">
<correctResponse>
<value>alt_892766</value>
</correctResponse>
<mapping defaultValue="0" lowerBound="0.0">
<mapEntry mapKey="alt_892766" mappedValue="1"/>
<mapEntry mapKey="alt_173387" mappedValue="-0.333333333333333"/>
<mapEntry mapKey="alt_246943" mappedValue="-0.333333333333333"/>
<mapEntry mapKey="alt_947680" mappedValue="-0.333333333333333"/>
</mapping>
</responseDeclaration>
<outcomeDeclaration identifier="SCORE" cardinality="single" baseType="float" normalMaximum="1" normalMinimum="0" />
<outcomeDeclaration identifier="FEEDBACK" cardinality="single" baseType="identifier" />
<itemBody>
<p>A randomly selected sample of 560 people filled in a questionnaire about their attitude towards a newly implemented law. A total of 300 participants indicated to be positive, whereas the others were negative. Calculate, based on this sample, the 95% confidence interval for the proportion of people that are positive about this new law.</p>
<choiceInteraction responseIdentifier="RESPONSE" shuffle="false" maxChoices="1">
<simpleChoice identifier="alt_892766">
<div class="textblock tvblock tvcss_1"><div class="rte_zone tveditor1">
 (0.494 , 0.577)
</div>
</div>
</simpleChoice>
<simpleChoice identifier="alt_173387">
<div class="textblock tvblock tvcss_1"><div class="rte_zone tveditor1">
 (0.501, 0.570)
</div>
</div>
</simpleChoice>
<simpleChoice identifier="alt_246943">
<div class="textblock tvblock tvcss_1"><div class="rte_zone tveditor1">
 (0.488, 0.583)
</div>
</div>
</simpleChoice>
<simpleChoice identifier="alt_947680">
<div class="textblock tvblock tvcss_1"><div class="rte_zone tveditor1">
 (0.479, 0.592)
</div>
</div>
</simpleChoice>
</choiceInteraction>
</itemBody>
<responseProcessing>
<responseCondition>
<responseIf>
<isNull>
<variable identifier="RESPONSE"/>
</isNull>
<setOutcomeValue identifier="SCORE">
<baseValue baseType="float">0.0</baseValue>
</setOutcomeValue>
<setOutcomeValue identifier="FEEDBACK">
<baseValue baseType="identifier">FAILURE</baseValue>
</setOutcomeValue>
</responseIf>
<responseElse>
<setOutcomeValue identifier="SCORE">
<mapResponse identifier="RESPONSE"/>
</setOutcomeValue>
<responseCondition>
<responseIf>
<equal toleranceMode="relative" tolerance="0.001">
<variable identifier="SCORE"/>
<variable identifier="MAXSCORE"/>
</equal>
<setOutcomeValue identifier="FEEDBACK">
<baseValue baseType="identifier">ANSWER_CORRECT</baseValue>
</setOutcomeValue>
</responseIf>
<responseElse>
<setOutcomeValue identifier="FEEDBACK">
<baseValue baseType="identifier">FAILURE</baseValue>
</setOutcomeValue>
</responseElse>
</responseCondition>
</responseElse>
</responseCondition>
</responseProcessing>
<modalFeedback identifier="FAILURE" outcomeIdentifier="FEEDBACK" showHide="show">
<div class="textblock tvblock tvcss_1"><div class="rte_zone tveditor1">
 (0.494 , 0.577) <br /> Correct 
 (0.501, 0.570) <br /> Incorrect 
 (0.488, 0.583) <br /> Incorrect 
 (0.479, 0.592) <br /> Incorrect 
</div>
</div>
</modalFeedback>
<modalFeedback identifier="ANSWER_CORRECT" outcomeIdentifier="FEEDBACK" showHide="show">
<div class="textblock tvblock tvcss_1"><div class="rte_zone tveditor1">
 (0.494 , 0.577) <br /> Correct 
 (0.501, 0.570) <br /> Incorrect 
 (0.488, 0.583) <br /> Incorrect 
 (0.479, 0.592) <br /> Incorrect 
</div>
</div>
</modalFeedback>
<modalFeedback identifier="PARTIAL_CORRECT" outcomeIdentifier="FEEDBACK" showHide="show">
<div class="textblock tvblock tvcss_1"><div class="rte_zone tveditor1">
 (0.494 , 0.577) <br /> Correct 
 (0.501, 0.570) <br /> Incorrect 
 (0.488, 0.583) <br /> Incorrect 
 (0.479, 0.592) <br /> Incorrect 
</div>
</div>
</modalFeedback>
</assessmentItem>
