<?xml version="1.0" encoding="utf-8" standalone="yes"?>
<assessmentItem identifier="uu-Standardized-coefficient-804-nl-tv_202307180609_item_1_schoice" title="uu-Standardized-coefficient-804-nl-tv_202307180609_item_1_schoice_uu-Standardized-coefficient-804-nl.Rmd" adaptive="false" timeDependent="false" toolName="Testvision Online" toolVersion="39.0.9084" xmlns="http://www.imsglobal.org/xsd/imsqti_v2p1">
<responseDeclaration identifier="RESPONSE" cardinality="single" baseType="identifier">
<correctResponse>
<value>alt_814619</value>
</correctResponse>
<mapping defaultValue="0" lowerBound="0.0">
<mapEntry mapKey="alt_921848" mappedValue="-0.333333333333333"/>
<mapEntry mapKey="alt_814619" mappedValue="1"/>
<mapEntry mapKey="alt_163831" mappedValue="-0.333333333333333"/>
<mapEntry mapKey="alt_251063" mappedValue="-0.333333333333333"/>
</mapping>
</responseDeclaration>
<outcomeDeclaration identifier="SCORE" cardinality="single" baseType="float" normalMaximum="1" normalMinimum="0" />
<outcomeDeclaration identifier="FEEDBACK" cardinality="single" baseType="identifier" />
<itemBody>
<p>In de onderstaande tabel zie je een deel van de uitvoer van een multipele regressie-analyse.</p>
<p><img src="mediafiles/supplements1/uu-Standardized-coefficient-804-nl-tabel.jpg" alt="image"/></p>
<p>Welke van de vier onafhankelijke variabelen is de beste voorspeller (predictor)?</p>
<choiceInteraction responseIdentifier="RESPONSE" shuffle="false" maxChoices="1">
<simpleChoice identifier="alt_921848">
<div class="textblock tvblock tvcss_1"><div class="rte_zone tveditor1">
 X1
</div>
</div>
</simpleChoice>
<simpleChoice identifier="alt_814619">
<div class="textblock tvblock tvcss_1"><div class="rte_zone tveditor1">
 X2
</div>
</div>
</simpleChoice>
<simpleChoice identifier="alt_163831">
<div class="textblock tvblock tvcss_1"><div class="rte_zone tveditor1">
 X3
</div>
</div>
</simpleChoice>
<simpleChoice identifier="alt_251063">
<div class="textblock tvblock tvcss_1"><div class="rte_zone tveditor1">
 X4
</div>
</div>
</simpleChoice>
</choiceInteraction>
</itemBody>
<responseProcessing>
<responseCondition>
<responseIf>
<isNull>
<variable identifier="RESPONSE"/>
</isNull>
<setOutcomeValue identifier="SCORE">
<baseValue baseType="float">0.0</baseValue>
</setOutcomeValue>
<setOutcomeValue identifier="FEEDBACK">
<baseValue baseType="identifier">FAILURE</baseValue>
</setOutcomeValue>
</responseIf>
<responseElse>
<setOutcomeValue identifier="SCORE">
<mapResponse identifier="RESPONSE"/>
</setOutcomeValue>
<responseCondition>
<responseIf>
<equal toleranceMode="relative" tolerance="0.001">
<variable identifier="SCORE"/>
<variable identifier="MAXSCORE"/>
</equal>
<setOutcomeValue identifier="FEEDBACK">
<baseValue baseType="identifier">ANSWER_CORRECT</baseValue>
</setOutcomeValue>
</responseIf>
<responseElse>
<setOutcomeValue identifier="FEEDBACK">
<baseValue baseType="identifier">FAILURE</baseValue>
</setOutcomeValue>
</responseElse>
</responseCondition>
</responseElse>
</responseCondition>
</responseProcessing>
<modalFeedback identifier="FAILURE" outcomeIdentifier="FEEDBACK" showHide="show">
<div class="textblock tvblock tvcss_1"><div class="rte_zone tveditor1">
</div>
</div>
</modalFeedback>
<modalFeedback identifier="ANSWER_CORRECT" outcomeIdentifier="FEEDBACK" showHide="show">
<div class="textblock tvblock tvcss_1"><div class="rte_zone tveditor1">
</div>
</div>
</modalFeedback>
<modalFeedback identifier="PARTIAL_CORRECT" outcomeIdentifier="FEEDBACK" showHide="show">
<div class="textblock tvblock tvcss_1"><div class="rte_zone tveditor1">
</div>
</div>
</modalFeedback>
</assessmentItem>
