st;vak1;vak2;vak3;vak4;vak5;vak6;vak7;Woon
244355;5,2;1,1;2,1;5,2;6,160382521;0;3,995595219;1
243285;2,8;0,8;5,1;2,8;2,440717969;0;5,68145834;0
243388;8,5;0;3,2;8,5;7,064034907;0;3,928450318;1
243411;5,9;0,5;7,5;5,9;5,755869103;0;8,791514331;1
243662;6,8;5,5;0,2;6,8;6,749986646;0;0;0
243669;8,3;0;0,6;8,3;9,148702029;0;0;1
243825;6,2;0,5;8;6,2;6,446528453;0;9,16129908;1
243860;4,9;0;3,5;4,9;4,990519698;0;3,546679567;0
243881;3,6;0,8;4,3;3,6;3,94953371;0;4,30317356;1
244010;8;2,3;5,8;8;7,961187152;0;5,074728322;0
244160;6,6;0;4,1;6,6;6,694367196;0;4,467393536;0
244259;6,9;1,6;8,7;6,9;7,035390238;0;10,00122603;0
244481;5,8;0,1;6,9;5,8;6,014864334;0;7,770635947;1
244642;8,7;1,2;7;8,7;8,409104338;0;6,311865245;0
244673;9,7;0,1;4,3;9,7;9,922902771;0;4,032957219;1
244564;5,2;1,3;4,5;5,2;5,759754476;0,025427222;5,061775738;1
243417;5,1;0,3;6,2;5,1;5,486455573;0,037963408;7,164196343;0
244675;6,9;0;2,9;6,9;6,386226092;0,07939314;3,621522201;0
243546;10;1,7;2,1;10;8,473838563;0,186594242;1,439625734;1
244526;5,9;0,9;5,6;5,9;5,161754983;0,226666881;5,587841165;1
243293;6;0,1;5,3;6;7,114193692;0,238536823;6,062909504;1
244252;8;1;9,2;8;8,446168128;0,247992198;9,324863441;0
244417;7,3;2;2,2;7,3;7,955960879;0,249915221;2,381352327;1
243362;8,8;0,5;7;8,8;7,211448801;0,256396205;9,652030012;1
244633;8,7;0,5;4,7;8,7;9,147317527;0,267243069;5,646003292;1
244344;7,9;2,3;7,7;7,9;8,85086256;0,326109796;7,902431329;1
243638;9,1;1,6;5,1;9,1;9,922902771;0,39032607;5,902239628;1
243814;7,3;2,5;4,4;7,3;7,693896743;0,44155388;5,3995803;1
244107;7,9;2,8;3,9;7,9;7,104065703;0,485081011;5,853414959;0
243763;4,1;2,6;6,5;4,1;4,811411619;0,496635436;5,60349437;1
244032;10;0,3;5,9;10;9,714624229;0,510256414;6,578504847;0
244697;7,6;2,3;9,3;7,6;7,917775708;0,575712962;10,00122603;1
244178;6,5;1,3;2,6;6,5;6,376414926;0,578581531;3,645933083;1
243690;7,3;1,6;8,2;7,3;8,738082888;0,644388297;7,908489186;0
243856;7,9;1,8;6,8;7,9;7,478020013;0,658530468;7,962050497;0
244469;6,7;2,2;3,6;6,7;7,111900896;0,667544929;1,640083023;1
243577;6,1;0,6;7,1;6,1;5,837665273;0,724235766;8,760236773;1
244257;10;1,6;7;10;9,569262699;0,806257473;8,888366306;1
244128;7,2;2,2;4,2;7,2;6,496393894;0,820263913;6,030446522;0
244335;4,4;0;9,7;4,4;6,649716022;0,822532035;10,00122603;0
244570;9,2;0,8;1,9;9,2;8,473884944;0,870508666;0,59556623;1
243655;4,8;1,8;7,5;4,8;5,614356873;0,89427574;6,294722305;0
244522;2,2;1,5;9;2,2;1,872033447;0,909218593;8,495431969;1
244596;8,8;1,5;4,7;8,8;9,077069973;0,951532654;5,797700874;1
244192;5,8;2,2;2,8;5,8;5,895273586;0,951535418;3,492594665;0
243632;8,6;2,4;1,9;8,6;7,360320012;1,006749978;1,984937443;1
243294;7,1;1,5;5;7,1;7,110233228;1,063827721;2,7950713;1
243840;8,3;2,5;3,5;8,3;8,908737408;1,065373047;4,920860331;1
244353;8,7;2,5;7,9;8,7;8,908208883;1,108536941;9,207640797;0
244302;7,3;1,3;5,9;7,3;8,05684279;1,127328994;6,075641778;0
243297;4,7;2,7;1,5;4,7;4,879716605;1,155906628;0,395503056;1
243609;2,5;2,2;2,9;2,5;4,254512619;1,175491848;3,580454892;0
244033;4,7;3,2;7,6;4,7;2,711729517;1,196531746;7,556047259;1
244391;6,4;3,9;5;6,4;6,703862938;1,23185916;5,631671816;1
243464;6,6;2,3;2,8;6,6;5,955938713;1,234784165;3,876557695;0
243707;5,5;2,3;1,6;5,5;6,036646297;1,235109814;1,084642165;1
243656;6,4;2,5;2,6;6,4;6,243827023;1,245874198;3,665596311;1
244528;7,4;1,8;5,9;7,4;7,510864874;1,251822351;7,462015568;1
243948;7,8;0,8;5,9;7,8;6,712688671;1,255310931;5,226709595;0
244451;8,2;2,1;8,4;8,2;6,998743619;1,26509905;7,615775846;0
244262;9;1,1;7,4;9;7,402894874;1,321362341;8,369978602;0
243862;4,7;1,5;5,3;4,7;5,296604943;1,323424057;7,168302545;0
243865;9,9;3,3;4,6;9,9;9,922902771;1,343128545;2,91941031;0
243473;4,3;1,3;8,4;4,3;3,007835806;1,358640356;8,856631836;1
243935;6,6;0,8;5,4;6,6;5,633032677;1,360890426;6,90437903;0
244068;6,3;3,3;9,2;6,3;4,540906055;1,364767408;8,574639222;0
244377;5,3;1,3;1,2;5,3;3,946456672;1,371363698;0,674627003;0
244625;5,8;0,6;3,1;5,8;5,448230271;1,380132891;2,796618188;0
244436;10;1,4;5,8;10;9,922902771;1,388493306;5,10652702;1
244468;9,1;2,9;6,1;9,1;8,614556623;1,401800485;5,990536321;1
244311;5,4;1,8;3,9;5,4;3,625545796;1,404505533;3,125997249;1
244714;6,6;2,5;5,7;6,6;6,733043742;1,409438245;5,495082456;1
243692;4,3;3,3;4,2;4,3;4,507123229;1,467903971;5,047736946;0
243573;5,2;3,5;9;5,2;2,049742805;1,474196545;9,064121715;1
243648;6,2;3,2;4,6;6,2;5,356682428;1,474887771;5,168649365;0
243394;6,1;2,9;5,7;6,1;6,467197585;1,492398813;7,726255006;0
244046;6,3;2,2;4,6;6,3;6,480149652;1,51515369;5,329430385;0
244566;10;1,6;4,2;10;9,922902771;1,537692327;3,832575261;1
244235;7;1,8;3,2;7;7,180763017;1,552232541;3,580548347;1
243589;1,7;1,7;2,9;1,7;3,339310069;1,557262723;4,444206059;1
243305;10;1,5;4,7;10;9,922902771;1,565249602;4,328381306;1
244276;5,2;2;3,6;5,2;5,443426132;1,570919639;4,104793018;0
243921;5,6;3,8;6,6;5,6;5,314846174;1,593132082;4,438210039;0
244600;6,3;2,4;4,7;6,3;7,421324017;1,594745601;4,421850252;1
244445;8,7;1,8;5,2;8,7;6,816689653;1,607316448;5,257387399;1
243452;3,3;2,2;6,4;3,3;4,743387099;1,607774396;5,033128367;1
243824;5,7;3,4;4,2;5,7;5,037668681;1,624005;4,325895337;1
243995;9,1;2,6;7,6;9,1;9,922902771;1,631710294;7,867061683;0
243556;8,7;2,3;7,3;8,7;8,1866385;1,63792374;9,299082736;0
244584;4,2;3,3;4,3;4,2;3,811717746;1,647712411;5,003375307;1
244233;5,5;2,6;2,8;5,5;5,368747301;1,654596989;4,085778577;1
243425;7;1,7;4;7;6,996537408;1,678031491;4,986853198;0
243539;3,1;2,7;6,2;3,1;1,405016647;1,678238223;5,430620288;0
244354;4,9;2,4;8,2;4,9;6,758310115;1,729381627;7,411438226;0
243784;8,9;0,9;5,5;8,9;9,848222474;1,738690735;7,752162667;0
244630;8,2;0,9;6,6;8,2;8,292100951;1,743591497;7,055257412;1
243660;8,5;3;6;8,5;7,827694934;1,744234578;5,927241671;1
244368;7;1,1;3,8;7;6,240520541;1,753026009;5,001356659;1
244619;5,9;3,6;4,6;5,9;6,742787644;1,75524109;2,010540467;1
244706;8,4;2,3;2,7;8,4;8,36659666;1,771048676;1,907254177;0
243316;5,4;3,2;7,7;5,4;5,119774335;1,772100511;8,17049429;0
243885;6,7;2,1;2,5;6,7;5,77048667;1,772902272;0,797719516;1
243610;8,8;1,8;7,5;8,8;8,710278241;1,773234137;6,674164368;0
243367;4,1;2,8;4,3;4,1;1,50895187;1,789414701;5,066488626;1
243357;8,7;2,9;5,2;8,7;8,305565292;1,793057753;4,675076938;1
244397;4,8;2,1;4,4;4,8;2,466123168;1,797855144;5,046667354;0
243769;7,8;3;4,9;7,8;8,564345173;1,812466582;4,290039782;0
244241;7,4;2,5;6,1;7,4;7,964963702;1,814957854;6,912225079;1
244138;5,9;2;8,3;5,9;6,360029733;1,822671829;7,946018929;1
243257;7,9;1,7;2,3;7,9;8,382950996;1,832369968;2,069819065;1
243461;7,3;2,3;4,7;7,3;7,584265449;1,832836944;5,585780735;0
244559;8,3;1,6;4,8;8,3;8,885786322;1,850481262;3,240697508;0
243973;9,2;3,5;7;9,2;8,968617033;1,855307079;7,574021079;1
244000;7,5;0,8;4,5;7,5;5,970310283;1,859539642;3,991373947;1
243646;5,5;2,4;3;5,5;5,641825574;1,875582468;1,791165458;0
244531;7,6;2,2;5,1;7,6;7,436872283;1,885730311;3,847450643;0
244175;6,4;1,9;5;6,4;5,421172515;1,895032416;5,308519356;0
243601;8,9;2,1;7,6;8,9;8,608845985;1,897588957;7,746546934;0
244492;7,6;0,9;3,9;7,6;8,67804804;1,909678478;5,818846481;0
244672;4,1;2,5;5,8;4,1;3,775548468;1,914345887;4,839970996;0
244520;8,2;1,5;5,2;8,2;9,922902771;1,917227435;4,13395681;1
244521;5,1;1,9;5,1;5,1;5,822694416;1,919214917;4,156220207;0
243652;5,5;3;4,8;5,5;6,974015502;1,920825294;4,116630465;1
243482;8,4;1,3;4,6;8,4;9,60494789;1,926096553;4,543029849;1
244649;8,3;3;6,6;8,3;6,876986555;1,939678028;6,717513017;0
244345;7,8;3,4;1,5;7,8;8,416987161;1,960015663;0;0
243724;7,7;3,7;4,1;7,7;8,250591232;1,961186456;3,461512177;1
244700;8,4;1,9;7,6;8,4;7,335377306;1,988154108;7,245051722;1
243283;5,5;2,2;5,8;5,5;3,958133341;1,988266175;5,067339142;0
244129;7,7;3,4;4,8;7,7;7,898367579;1,994328783;5,59085573;0
244483;6,6;3,8;4,6;6,6;6,010291382;1,996797329;3,767776089;0
243363;4,2;2,3;7,4;4,2;3,782525029;1,999904695;10,00122603;1
243907;4,8;3,6;5,2;4,8;6,435063767;2,004080802;4,22571636;0
243552;7,3;2,6;4,3;7,3;7,053160473;2,01156767;4,95991238;1
243375;5,1;2,4;3,6;5,1;4,933592911;2,023554721;2,087692726;0
243643;3,9;2,9;7;3,9;3,352287202;2,035125665;6,134522175;0
244455;7,5;2,8;3,9;7,5;8,707473682;2,05624029;2,940542178;1
243650;8,4;3;4,9;8,4;9,220044796;2,056860672;6,014671517;0
244589;6,9;3;2,5;6,9;5,753639309;2,073366784;2,718376827;0
244315;7,9;2,2;6,4;7,9;8,667329361;2,076880994;6,921395597;0
244694;8,2;2,9;6,8;8,2;7,058285468;2,086255527;7,294476883;1
243524;5,7;2,2;4;5,7;6,981101308;2,108783152;2,863940193;1
244549;5,3;4,4;6,8;5,3;5,908654522;2,113669723;5,182567633;1
244420;7,2;1,9;3,8;7,2;6,344801485;2,128121109;4,052283232;0
243245;5,5;3,1;5,1;5,5;4,506843118;2,12867071;5,56916608;0
244165;6,1;3,1;6,7;6,1;7,658358705;2,129307681;6,228222626;1
244437;4,3;2,9;2,6;4,3;5,727845698;2,134023534;1,632332588;1
244444;6,9;2,1;5,5;6,9;6,688910121;2,136641824;4,526670114;1
244476;5,8;2,3;7,3;5,8;6,439899318;2,138943536;7,998614257;1
243890;4,1;4,1;6,6;4,1;3,151417962;2,15662533;7,944764537;0
243743;9,1;1;8,4;9,1;9,726732983;2,19411935;6,800077382;1
243871;7,4;2,6;7,2;7,4;5,912969294;2,199933472;10,00122603;1
243793;7,1;1,8;2,7;7,1;6,490369357;2,204536905;4,072868276;0
243720;6,3;2,7;7,9;6,3;6,480903493;2,216845194;7,600258924;1
243988;8,6;1,8;3,6;8,6;8,870432126;2,223258018;3,851201905;0
244628;5,4;2,1;6,1;5,4;4,521037387;2,234676986;7,436673521;0
244667;8,9;3;5,6;8,9;9,410268002;2,252112578;6,311503285;1
243732;6,4;4,8;3,6;6,4;5,198605033;2,260300306;3,802248864;1
244190;6,4;1,5;5;6,4;6,928081348;2,26839187;4,629543949;1
244101;10;2,8;3,9;10;9,922902771;2,295141709;3,335336836;1
244478;9,1;2,6;0,9;9,1;8,293338863;2,298000621;0,837824367;0
244267;4,3;2,6;8,3;4,3;4,777585673;2,300109626;7,69291766;0
244610;4,5;2,6;4,2;4,5;4,781006257;2,3029342;4,695072674;0
243480;7,8;3,3;5,2;7,8;7,563394786;2,315524287;6,381800469;0
243742;8,7;2,6;5,7;8,7;9,52105603;2,327721554;5,612888488;0
244313;8,5;2,4;5,4;8,5;9,102490192;2,345740196;6,295136396;0
243671;10;2,5;6;10;8,846051893;2,34745724;7,130803938;0
243581;7,1;2,4;1,9;7,1;5,474729972;2,351142337;2,046038413;0
244467;7,6;3,1;8;7,6;6,551140391;2,355175583;8,316250265;1
243968;9,6;2,8;7;9,6;9,922902771;2,355447958;4,636631624;0
243964;5,8;4,8;6,8;5,8;6,786663137;2,357468646;6,962863917;1
243455;7,1;4,1;5,4;7,1;5,956120677;2,378070184;6,253480326;1
243788;10;2,4;8,2;10;8,028246674;2,380588242;8,384985665;1
244131;7,7;3,5;5;7,7;7,59816399;2,384834908;4,153519006;1
243831;6,9;4,5;6,2;6,9;7,9072133;2,386423101;7,638358788;1
243571;9,6;3,6;2,5;9,6;9,922902771;2,387121715;1,764332439;1
243348;8,6;1,6;2;8,6;7,086287771;2,39729441;2,265458959;0
243549;10;2,7;9,2;10;9,922902771;2,411195646;9,205240405;1
243730;7,6;2,6;3;7,6;8,772506041;2,412392563;3,590390934;1
243399;8,2;2,4;4,4;8,2;8,449446168;2,414037768;4,492853842;0
244551;6,2;2,5;10;6,2;6,347710093;2,415796652;8,232723263;1
244431;10;0,9;5,6;10;9,922902771;2,419305959;6,236919208;0
243614;1,2;3,6;3,4;1,2;1,496768726;2,426369944;3,78205285;1
243697;7,4;2,5;6,7;7,4;4,861799425;2,430931715;5,45076382;1
244118;4,4;2,9;6,4;4,4;4,901442976;2,439142544;4,869521973;0
243555;8,5;4;9,8;8,5;9,029299597;2,442714898;9,979633779;1
244523;4,3;2,7;7,5;4,3;5,008439783;2,446406759;8,505115231;1
244088;9,4;3,4;4,3;9,4;9,922902771;2,450765855;5,515776077;0
243633;7;2,6;8,3;7;6,618642932;2,451936693;9,114447351;1
243706;5;2,8;8,8;5;5,871045461;2,467467964;9,825071851;0
243237;5,4;2,5;6;5,4;5,448266011;2,479042095;5,931378188;1
244094;7,4;4;4,6;7,4;6,035571626;2,50385372;5,079569707;0
244085;5,5;4,7;7,4;5,5;4,729108543;2,510924533;8,0405158;1
244035;6,3;3,5;1,7;6,3;5,539345172;2,530469554;1,007818305;0
243371;10;3,7;5,2;10;9,936624483;2,53116224;6,215650123;0
243876;8,3;3,7;6,7;8,3;6,849812582;2,532411512;6,283700617;1
243559;4,1;3,2;5,2;4,1;4,287914069;2,543120313;6,084191288;0
243726;5,9;3,3;7,6;5,9;5,3589724;2,543155011;8,363623556;0
243366;8,3;3;3,6;8,3;7,450248756;2,544760917;2,478054087;0
243472;4,1;3,2;4,3;4,1;3,163453025;2,545001155;6,470876629;1
243715;7;3;5,9;7;6,635876521;2,552603517;4,719032282;1
244529;9,2;3,4;5,2;9,2;9,922902771;2,570913666;3,84921054;0
243400;6,5;2,3;6;6,5;5,59199248;2,571264879;4,284401663;1
243404;8,7;2,1;0;8,7;8,673410744;2,573336163;0,542483172;0
243797;4,7;2,6;0,2;4,7;4,828444137;2,573655184;1,900426956;1
244036;7;2,8;2,4;7;7,418816917;2,574438445;2,072441732;0
244318;10;4;8,3;10;9,922902771;2,576100563;9,904775039;0
243693;7,5;2,7;7,1;7,5;6,31453011;2,578722497;7,756116892;1
244655;9,8;3,6;4,8;9,8;9,922902771;2,580321068;3,477390749;0
244291;3,4;2,6;5;3,4;4,674857129;2,62673208;4,774356539;1
244516;10;3,2;6,1;10;9,922902771;2,628130657;5,156598978;0
244446;9,9;5,4;3,8;9,9;8,976592373;2,629268481;3,637871307;1
243545;10;3,2;6,1;10;9,659928069;2,638146356;6,866065278;1
243798;7;2,3;5,4;7;7,205895441;2,657766095;5,304130458;1
244106;5,4;3,1;6,5;5,4;4,374900984;2,660501588;6,357898207;1
243299;6,5;2,7;1,7;6,5;3,18594166;2,660987369;2,549808639;1
244195;7,3;3,8;3,9;7,3;8,104977585;2,673577141;3,707490348;1
244382;9,8;2,2;4,7;9,8;9,922902771;2,674683828;6,102876629;0
243483;4,6;2,7;8,3;4,6;2,653787943;2,678765324;8,282108271;0
244403;5,4;2,5;5,5;5,4;5,633579906;2,687124963;4,645581722;0
243289;5,9;3,1;7,5;5,9;5,456252234;2,696256484;8,642403556;0
243310;9,5;3,1;8,9;9,5;9,725080849;2,705907251;8,698931534;0
244677;5;3,5;3,6;5;6,42655645;2,71103715;2,205973225;1
243936;5,6;4;1,6;5,6;4,959543675;2,717129908;0,010142935;1
244239;4,3;4,7;3,8;4,3;4,365351406;2,724701093;5,993536797;0
244196;7,3;5,2;7,7;7,3;7,313617571;2,726281532;6,7421923;0
244413;7,9;3,1;3,4;7,9;7,082500701;2,742168518;3,190212109;1
243512;7,4;3,3;3,3;7,4;6,130425422;2,748776559;3,479414288;1
243569;7,1;2,4;0,6;7,1;6,685257341;2,761593491;2,451887865;1
243393;10;3,8;5,6;10;9,436338944;2,766966731;6,420469278;1
244411;7,7;3,3;2;7,7;9,582043255;2,772096421;2,797083278;1
243677;1,6;4,4;5,8;1,6;2,770842092;2,778956683;5,504684025;1
243274;9,3;2,4;8,8;9,3;9,067709577;2,785644718;8,859850783;0
244671;8,2;3,3;1,2;8,2;6,017398235;2,788679823;1,671986878;0
244647;7,1;3,6;4,2;7,1;6,608665266;2,788685433;4,954761175;1
244538;10;4,4;8,4;10;9,922902771;2,793866501;6,200699878;1
243819;4;3,4;7,2;4;3,782269691;2,798573996;7,167920947;1
244215;5,5;2,5;4,8;5,5;6,322056655;2,79901797;5,290687733;0
243390;8,2;3,7;2,6;8,2;9,035267894;2,800914309;4,286994871;0
243970;3,5;2,3;2,5;3,5;3,721699443;2,80847484;2,457198482;0
244665;7,6;3,8;3,4;7,6;6,61316004;2,82274825;2,938550553;0
244288;6,6;2,2;8,1;6,6;7,799610368;2,829400474;7,750274621;0
244495;6,5;3,6;7,8;6,5;6,330193674;2,840086461;7,270309524;0
244548;7,4;2,2;3,6;7,4;8,118361753;2,841815771;2,898565893;0
243261;10;2,3;4,8;10;9,922902771;2,84300761;3,224590203;1
243453;4,1;3,4;5,9;4,1;5,078369844;2,85343238;5,029250455;1
243553;7,2;3,2;7,5;7,2;7,0898415;2,856809353;6,903852048;1
243460;8,3;3,7;3,2;8,3;8,067953223;2,863727309;3,151752081;0
243934;4,3;3,7;5;4,3;4,467548212;2,876890869;5,572560124;0
243615;7,2;3,8;3,7;7,2;5,187824768;2,882910996;2,941246276;0
244222;9,7;2,7;8,2;9,7;8,841808399;2,884635147;10,00122603;1
244480;6,8;2,3;1,4;6,8;6,389015341;2,88737843;2,466766719;1
243426;9,8;2,6;2,8;9,8;8,394694621;2,889998432;3,431247131;1
244525;8,7;2,5;2,9;8,7;7,965311343;2,899442619;3,496280168;0
243418;4,7;4,4;3,3;4,7;5,172125816;2,905703012;4,40489103;0
244077;9,6;3,3;4,3;9,6;8,363220276;2,911640648;4,811624939;0
244552;3,6;3;6;3,6;3,19593553;2,916262336;6,162327403;1
244638;3,3;3,1;7,4;3,3;4,716860732;2,916374492;8,032786871;1
244143;8,1;3,3;1,3;8,1;8,068139047;2,925770452;0,894816734;1
243344;7,8;2,2;8,6;7,8;8,495175606;2,92851791;8,944044299;1
243675;8;3;2,4;8;9,623031221;2,933075134;3,103200252;0
244424;8,5;3,3;4,2;8,5;6,153381902;2,934049662;4,382722174;1
243550;10;2,5;5,1;10;9,922902771;2,935844845;4,560876931;0
244326;6,5;3,5;6,8;6,5;6,094714684;2,938043962;7,079178014;1
243736;7;2,8;5,3;7;5,89269835;2,940576759;4,018040725;0
244038;2,5;3,3;8,7;2,5;3,157793883;2,947139012;8,839886095;1
244711;8,4;2,5;4;8,4;7,886312275;2,954887879;2,564361236;0
243496;3,9;3,7;6;3,9;4,07168821;2,960662763;5,556124558;0
244320;4,6;2,5;5;4,6;4,910377329;2,963317631;5,87538975;0
243492;4,6;4,1;3,3;4,6;4,311229464;2,963332399;2,147014339;1
243709;7,1;2,8;5,3;7,1;7,203940795;2,976347729;7,186424469;1
244696;6,6;3;6,8;6,6;5,097424569;2,978248968;6,426398391;0
243432;5,9;3,1;4,4;5,9;5,313552096;2,983321558;4,245867822;0
243765;6,7;3,3;5,1;6,7;5,729279158;2,987608823;3,048137201;1
244450;7,4;2,8;2,5;7,4;8,05046659;2,992804641;3,44776905;0
244004;9,5;3,2;2;9,5;9,922902771;3,001097417;1,710465713;0
243949;7,1;3,3;6,9;7,1;7,66577682;3,001169235;6,966928771;0
243493;9,2;5,1;2,8;9,2;9,918056835;3,010257169;2,634201883;0
244329;4,7;3,5;4,6;4,7;5,535767759;3,014242654;5,305709864;0
244327;8,3;2;9,4;8,3;8,14721271;3,022301316;9,115639531;1
244234;8,3;3,6;5,6;8,3;7,415442978;3,026531371;5,034132317;0
244029;9,1;3,7;6,9;9,1;9,389322236;3,031768579;8,658163057;1
244685;4,8;4,1;5,3;4,8;6,816085302;3,05029532;6,673878406;0
243315;6;4,6;3,5;6;5,885019784;3,052598026;3,699761261;1
244037;3,7;4;4;3,7;4,394906263;3,05806148;4,977627549;1
243654;7,3;2,9;8,6;7,3;6,32564548;3,059977919;9,269436851;1
244261;5,2;2,4;7,9;5,2;3,127659901;3,066009269;7,591656254;0
244567;3,7;2,3;3,4;3,7;1,661589205;3,073237728;3,71861642;1
244272;6,9;2,4;8,3;6,9;8,226992927;3,076834214;7,967670618;1
244721;9,6;3,3;5,8;9,6;8,623539633;3,078307357;7,36051187;1
244168;6,3;2,9;5,9;6,3;5,195091557;3,088429732;5,583323837;1
243996;7,2;3;5,6;7,2;7,305709141;3,089269296;6,051371532;1
243786;9,5;4,6;7,1;9,5;9,922902771;3,103827057;6,914146499;1
244460;5,1;3,1;5,1;5,1;5,663486127;3,107425484;4,598867734;1
243630;10;5,7;5,9;10;9,922902771;3,10951461;6,07904621;0
243568;7,2;4,2;5,1;7,2;7,526219086;3,110314224;5,091494387;1
243486;5,8;5,3;4,4;5,8;4,909273804;3,111869344;4,387274673;1
244360;9,5;3;7,1;9,5;7,786299939;3,113557371;5,592318003;1
244182;5,6;3,2;5,9;5,6;5,053749094;3,118067667;4,774198855;0
244134;5;2,2;5,7;5;5,145600198;3,11811685;6,550247;0
243915;9,7;3,6;7,1;9,7;9,922902771;3,129795221;6,78286062;1
244386;9,5;3,5;4,8;9,5;9,185404006;3,134402247;2,990607419;0
244406;3,6;4,3;4,8;3,6;3,788281868;3,14353354;5,407049497;1
243969;6,1;2,8;4,8;6,1;7,672573265;3,145321239;4,029705991;1
244246;6,6;3,6;5,9;6,6;7,381536563;3,152028246;7,718810312;0
244639;3,6;3,6;5,6;3,6;3,573027179;3,163051351;6,67751459;1
244587;6,9;4,1;5,4;6,9;6,371839945;3,163784138;5,761164972;0
244412;7,7;2,9;2,7;7,7;7,117639149;3,167266417;2,755525622;1
244484;5;5,1;5;5;4,152864388;3,182862153;5,145250234;1
244488;3,4;3,4;6,4;3,4;3,22343643;3,183717929;7,242746944;0
244588;4,9;2,9;3;4,9;4,458591492;3,187210383;3,481458663;0
243359;5,2;3,7;7,2;5,2;5,284715728;3,187476564;7,574864523;0
244454;6,5;4,2;5,6;6,5;6,013510047;3,190871544;4,614012337;1
244177;6,5;4,4;3,2;6,5;8,469884588;3,192926679;2,362726557;1
244224;9,8;3;7,1;9,8;9,214528589;3,195822246;6,29070333;1
243958;7;4,3;1;7;6,949634461;3,208085782;0;1
243386;7,5;3,1;5,1;7,5;6,509424372;3,210550878;5,309947233;1
244317;6,4;3,6;5,5;6,4;4,646563491;3,211295575;6,83923271;1
243235;5,2;2,2;4,6;5,2;6,762722445;3,221878795;5,419655263;1
243946;8,3;2,6;7,1;8,3;9,836539011;3,222741073;7,666970753;0
244441;7,2;3,9;7,3;7,2;8,721748087;3,241908853;7,809965035;1
243764;0;3,9;6,3;0;0,739706589;3,244772096;7,020708533;1
243478;8,8;4,3;3,8;8,8;9,91428142;3,245264738;4,557257989;0
243422;9,2;3,7;7,6;9,2;9,264614349;3,247104907;7,515642093;1
244726;5,3;3,3;4,8;5,3;4,815400648;3,250591959;4,774255297;1
244331;5,3;3,3;6,9;5,3;6,870593837;3,251710555;5,495894218;0
243312;5,6;5,9;6,7;5,6;3,455355072;3,264924278;5,981677854;1
244505;8,5;4,3;6,9;8,5;9,261906465;3,268176171;9,097991004;1
244243;6,3;4,1;3,4;6,3;6,068596472;3,269342709;3,132405285;0
243266;8,8;4,9;5,7;8,8;8,743331212;3,271152267;5,666033607;1
244297;9,5;4,7;1;9,5;9,922902771;3,273880646;0;1
244613;5;4,4;5,9;5;4,495721176;3,277223401;6,799861148;0
244709;7,3;4,5;3,2;7,3;9,922902771;3,27864646;2,741968914;0
243900;4,9;4,3;4,5;4,9;4,839125345;3,281157737;3,720279536;0
243649;9,6;2,8;1,8;9,6;9,922902771;3,281264608;2,140956281;0
243686;9,5;3,5;3,5;9,5;8,776710946;3,28685416;2,006377688;1
244477;3,9;3,9;5,7;3,9;4,248443891;3,287308235;5,306072226;1
243681;5,3;4,5;7,4;5,3;2,733611246;3,287436232;6,371056734;0
244430;10;3,4;7,6;10;8,920790619;3,299827399;8,010865915;0
244108;3,5;4,2;5,9;3,5;4,73884347;3,299930145;6,07188834;1
244146;4,3;4;4,9;4,3;4,711277508;3,31243352;3,725555808;1
244249;9,2;5,7;2,4;9,2;8,953773121;3,319853539;2,019917987;1
244622;8,2;5,3;3,4;8,2;7,507768077;3,326628046;3,372466766;1
243768;4,1;3,6;8,1;4,1;3,22751572;3,327106315;7,871735936;1
243345;8,1;2,5;5,3;8,1;6,240478579;3,332908424;4,459588368;0
243576;6,8;2,5;4,3;6,8;5,482912277;3,336484245;7,242031263;0
243967;7,8;3,9;6,6;7,8;7,773977956;3,336892266;7,53139373;1
243807;8,1;2,8;5,8;8,1;8,164028847;3,338203034;3,677557279;0
243792;6,1;4,1;7,9;6,1;6,650909182;3,33959368;7,004510379;1
243276;7,2;5,8;4,8;7,2;8,225144158;3,340554261;5,367586379;1
243950;7;2,7;2,9;7;6,450079808;3,342498609;2,047490477;1
244126;3,9;3,5;3,5;3,9;6,020396951;3,342806366;3,953559689;0
243587;2,5;5,3;4,2;2,5;2,597615681;3,346196179;3,142375706;1
244684;4;3,5;7,4;4;3,009728969;3,348853656;7,151429415;1
244609;5,8;4,1;8,9;5,8;6,832349339;3,350463619;9,081213868;1
243809;9,1;4,2;8;9,1;8,606444538;3,35281497;6,750231046;1
243758;4,4;3,7;6,2;4,4;5,401340544;3,364807135;5,548457409;1
244465;5,6;4,9;6,1;5,6;5,014801189;3,372512529;5,657124076;1
243538;8,1;4,3;8,7;8,1;8,719803696;3,374073029;9,144734469;1
244604;8;4,1;3,8;8;6,822950279;3,374483362;3,270839397;1
244611;6,8;4,4;4,3;6,8;8,363795847;3,382246608;5,68204601;0
244197;8,1;4;3,6;8,1;8,164817806;3,384704369;3,629253127;1
243270;10;4,6;5,4;10;8,420152529;3,395586215;5,481867872;0
243547;6,2;3,5;2,8;6,2;4,705247733;3,401355596;3,520068304;0
244716;4,9;2,1;5,3;4,9;5,21828684;3,405123715;5,804134652;0
243710;6,5;3,1;4,4;6,5;5,485404862;3,405193509;5,212267249;0
244645;7,7;4,3;4,5;7,7;6,371262391;3,406238942;3,472890005;0
243459;3,9;5;9;3,9;3,707508213;3,406913228;10,00122603;1
244440;2,2;3;5,8;2,2;1,949141219;3,413307238;6,431161102;0
243864;8,6;4,2;4;8,6;8,009887885;3,426693465;3,673656858;0
244489;9;4,3;2,4;9;8,961633095;3,434894048;2,431287358;1
243770;10;3,5;5,1;10;8,212766078;3,441667397;5,961721943;0
244201;8,5;3,6;3,9;8,5;9,922902771;3,443381256;5,416542969;1
243324;9,2;3,5;4,6;9,2;9,922902771;3,446710884;5,377425118;1
243780;5,8;5,5;3,5;5,8;5,133403744;3,450829944;2,40838024;1
243747;9,4;5,5;3,4;9,4;9,288681825;3,46035818;2,75851438;0
244064;9,5;3;5;9,5;8,67061482;3,461558843;5,327501007;0
244724;7;5,3;7,4;7;6,704596535;3,465870947;8,433237031;1
244220;3,3;4;7,9;3,3;2,955426583;3,468661636;7,521100498;1
243423;8,9;4,9;6,4;8,9;8,910501203;3,471530789;5,574198429;0
244306;4,7;4;4,3;4,7;5,112945661;3,476881012;4,897553696;1
244404;6,8;3,4;8,2;6,8;5,63319579;3,488350506;9,031497428;0
244043;7,6;2,2;6,1;7,6;7,080473787;3,494307491;5,080649332;1
243640;6;2,9;4,1;6;4,908765945;3,500914384;2,662402586;0
244396;5,5;5,1;5,9;5,5;5,553962256;3,503719809;7,174311263;0
244070;8;3;7,2;8;8,060330797;3,506850924;6,924950106;1
243670;2,5;3,7;6,1;2,5;2,31021965;3,507525513;4,548719161;0
243916;8,6;4,4;6,3;8,6;9,922902771;3,511262548;6,2577235;0
244283;7,3;3,4;6,4;7,3;7,23623846;3,515835558;7,581870775;1
244100;9,4;3,8;5,3;9,4;9,490834004;3,523161952;4,629908268;1
243884;5,5;2,8;6,1;5,5;5,586102546;3,523331073;6,601982499;0
243489;4,1;2,9;1,9;4,1;3,219701175;3,524755015;1,973766387;0
243540;9,5;4,2;3,7;9,5;9,048729489;3,526227103;2,853944685;0
244049;10;4;7,3;10;9,922902771;3,541829075;6,879327654;0
243972;6,4;4,7;5,8;6,4;6,269791103;3,544839865;6,021767925;0
244075;5,6;4;8,1;5,6;5,167980779;3,546478478;9,79628191;1
244536;7,5;4;5,6;7,5;9,020873158;3,55126673;5,450338508;1
243663;7,5;3,1;5,3;7,5;8,07190963;3,557403298;4,751649291;0
244044;10;4,6;6,6;10;9,922902771;3,557456763;6,748665528;1
244236;4,9;3,9;2,7;4,9;5,315790119;3,558546115;2,768404423;1
244725;7,9;3,4;5,5;7,9;9,922902771;3,565773678;5,699211024;1
243501;6;3,3;7;6;4,956313118;3,566703467;7,298024048;0
244058;8;4,5;3,9;8;6,457267707;3,569629241;4,033866399;0
244688;6,4;4,1;5,8;6,4;6,2609356;3,580259275;5,874892721;1
244008;7,3;4,2;2,4;7,3;6,201025904;3,588328118;2,98101005;0
244678;9,6;4,7;2,1;9,6;9,512882517;3,590497394;0,813935338;1
244264;9,5;3,6;7,5;9,5;9,716727879;3,590709245;7,208232136;1
243494;5,8;3,3;6,8;5,8;6,461355107;3,604530696;6,678720576;0
243392;5,4;3,3;5,8;5,4;7,802469802;3,617341498;6,346923743;1
243990;7,8;3,4;7,7;7,8;8,550075977;3,622922009;7,180855919;0
243557;7,5;4,7;3,4;7,5;8,69371349;3,623235505;2,996282477;1
244026;8,8;4;5,9;8,8;7,749609467;3,635584397;5,044581521;1
243542;6,7;5,4;0,2;6,7;6,714000463;3,641634417;0,87184839;0
244457;4,9;4;4,2;4,9;3,91455764;3,644547402;4,950805052;1
244023;6,9;3,5;5,3;6,9;5,523949836;3,645576769;6,523562359;0
243838;6,2;4;6,6;6,2;5,758838483;3,649053942;5,778651884;1
243314;10;4,2;1,7;10;9,922902771;3,65083497;2,383822158;0
243307;7,6;3,9;2,2;7,6;4,416990333;3,653023744;2,371893577;0
243535;5,2;5,1;5,8;5,2;4,776895129;3,660604836;6,287153631;0
244039;6,4;4,6;6;6,4;7,300343334;3,660972031;4,914448905;1
243931;7,7;4,5;5,8;7,7;9,199336079;3,668045085;5,611022577;0
244343;7,2;5,9;6,3;7,2;7,211531122;3,668499;5,406382485;0
244365;6,8;2,6;2,6;6,8;7,598707394;3,671461089;2,826459488;1
243691;7,1;4,2;5,6;7,1;6,80480703;3,680234045;6,419970216;1
243997;5,8;4,2;7;5,8;4,587724292;3,684106074;7,220771341;1
244517;7,2;3,8;7,9;7,2;4,318120716;3,689803882;7,238966229;1
243334;9,2;3,7;4,6;9,2;7,605293476;3,692863967;2,822050257;0
243504;10;4,4;5,6;10;9,922902771;3,693362559;6,488183616;1
244048;3,3;3,2;2,8;3,3;2,120928407;3,695754459;2,507978791;1
243774;5;2,9;3,9;5;4,073830784;3,69787227;2,715842337;0
244227;9,9;5;5,2;9,9;9,008843005;3,723434834;3,625354477;1
243932;5,2;3,9;4,2;5,2;3,690224345;3,726012646;3,648828342;1
243244;10;4,5;7,1;10;9,597692766;3,744264004;8,417771346;0
243700;3,7;3,8;7,3;3,7;2,22541065;3,746653828;6,460602842;0
244641;10;6,2;4,6;10;9,38790503;3,747238142;5,171841971;1
244132;4,5;2,7;5,5;4,5;4,51456181;3,750749784;6,917972726;1
243456;4,7;4,1;7,1;4,7;5,623919153;3,757016318;7,124352223;0
244144;5,5;3,6;5;5,5;4,98816292;3,763871391;5,62078683;1
244426;5;4,3;3,9;5;4,537577342;3,77525918;2,487916278;0
243847;5,3;4,8;5,8;5,3;5,50505668;3,778651963;7,694035208;0
244506;5,2;3,6;8,6;5,2;5,584404251;3,788332893;9,463954333;0
243714;4,8;3,9;5,6;4,8;6,111546922;3,78926455;6,538277693;1
243533;6,5;4,8;4,9;6,5;6,347925298;3,794087689;4,502190457;1
244543;1,9;3,3;4,3;1,9;2,206323695;3,795872569;4,509960132;1
244493;7,5;3,8;6,9;7,5;5,517897312;3,798350087;6,21079293;1
244719;7,8;4,6;3,7;7,8;9,922902771;3,802539436;3,764440325;1
243259;10;2,6;6,3;10;9,643247114;3,807795509;6,217258973;1
243616;7,3;4,4;6,9;7,3;6,778378832;3,810934194;6,403841883;1
244348;3,9;4,9;3,4;3,9;4,544278571;3,816078965;3,102389014;0
243323;8,5;3;9;8,5;8,759256906;3,816233724;10,00122603;1
243941;6,1;3,9;5,7;6,1;6,976425323;3,82083137;4,880685454;0
244027;4,5;4,9;4,5;4,5;2,921847008;3,82298107;5,278921254;1
244245;7,7;3,5;6,4;7,7;6,273971174;3,829635;5,28327968;1
244061;8,5;2,9;3,7;8,5;7,756439843;3,830449495;4,254611526;1
243469;10;4,5;7;10;9,922902771;3,833933724;6,231587783;1
243626;6,8;3,6;4,6;6,8;5,060533182;3,845736463;4,0603251;0
243867;7,9;3,6;5,7;7,9;7,187778947;3,853835715;6,240683619;0
244644;4,6;3,8;4,4;4,6;5,468760726;3,858907911;5,542395168;1
243467;7,1;3,2;4,7;7,1;8,285704933;3,862888219;4,745675502;0
243330;3,9;4,5;4,8;3,9;3,732375505;3,86388575;4,126283303;1
244524;7,8;4,6;4,7;7,8;7,068935335;3,864893579;4,851813566;1
243239;8,6;3,2;4,5;8,6;8,537698888;3,873826901;4,637131204;0
244429;3,5;3,4;5,1;3,5;3,595275246;3,876114749;5,606907394;1
244256;5,2;4,5;7,8;5,2;3,972569947;3,878591871;7,587326091;0
244439;6,4;4,4;5,4;6,4;7,635980667;3,880076458;5,116865138;1
244189;5,3;3,1;7,2;5,3;6,03865592;3,881809973;7,091408123;0
243377;10;4,2;6,8;10;9,922902771;3,882439033;5,12252088;0
243439;7,3;4,3;6,1;7,3;6,591231559;3,887148717;5,692012832;1
244597;3,3;4,8;6,1;3,3;3,927843834;3,901934646;5,889721282;0
243491;5,6;4;7,3;5,6;4,693331701;3,904917967;8,505409791;0
244473;10;3,5;7,2;10;9,922902771;3,908945148;6,637180412;0
243725;6,7;5,1;5,4;6,7;7,692376559;3,909913104;4,854347749;0
244542;2,8;3,8;8,2;2,8;3,415897792;3,91073864;8,88498185;1
244125;9,5;3,6;6,8;9,5;9,273963791;3,910752026;5,39221612;1
243850;10;4,5;7,1;10;6,740091781;3,915414747;8,072685982;1
244323;8,4;2,6;3,8;8,4;8,553422195;3,916412638;4,902174018;0
244084;6,2;4,4;5,8;6,2;5,128327727;3,918518976;7,760121945;1
244103;7,2;5,1;2,7;7,2;7,764258933;3,919906291;2,85458118;0
244713;3,4;5,2;8,5;3,4;2,115269227;3,92356395;9,618697846;1
243813;6,6;4,4;5,3;6,6;6,968044691;3,924748818;5,251902246;0
243957;6,9;4,5;2,6;6,9;6,503936552;3,925509194;1,759348059;1
243753;8,4;3,9;5,6;8,4;8,363625809;3,929123053;5,877947473;0
244340;6,9;4,5;5,2;6,9;5,619931226;3,92988445;4,550129682;0
244557;5;5,7;1,3;5;4,993380814;3,934825768;2,166381922;1
243421;7,9;3,7;3,7;7,9;8,186878327;3,939273117;4,078914477;1
243543;10;3,9;3,9;10;7,980525515;3,972806448;4,159741092;0
243251;5,7;4,3;7,5;5,7;7,829133247;3,978916597;6,58210715;1
244666;9,3;4,3;3;9,3;8,994045332;3,98522231;3,71496632;1
244532;10;2,7;3,8;10;9,922902771;3,987661309;3,164019458;0
244654;7,6;3,2;7,3;7,6;7,546042756;3,992140786;6,479631737;0
243668;7,4;5,6;5,9;7,4;7,236132295;3,99355653;5,504100333;1
243298;5,6;4,3;6,6;5,6;5,226579333;3,994052031;7,454022878;0
243740;6,5;3,6;4,4;6,5;5,92565247;3,996746741;3,964378578;0
244400;6;3,7;6;6;6,374862277;3,997061897;6,089380238;0
244184;7,4;3,3;2,9;7,4;7,443833809;3,997386051;2,586908654;0
243795;4,1;4,4;5,2;4,1;4,369913453;4,0105534;6,414854233;0
244142;6,8;3,6;6,8;6,8;6,590681361;4,012890528;7,566822697;1
244145;10;3,2;8;10;9,922902771;4,015213308;10,00122603;0
244342;6,7;5,1;3,6;6,7;5,451201868;4,019752248;2,993470353;0
243762;7,9;5,4;8,1;7,9;6,999783008;4,022072241;7,499202982;0
243579;6,2;5,4;4,5;6,2;7,882165256;4,022824925;3,688508002;1
243380;10;4,5;6,4;10;9,922902771;4,024206466;7,385876868;0
243815;7,8;5,1;4,5;7,8;7,72169353;4,024969273;4,370634141;0
243920;9,4;3,6;6,9;9,4;9,65060475;4,025200254;7,730187244;1
244496;4,7;4,4;3;4,7;5,830711413;4,02764867;2,377624153;1
244434;7,9;4,3;8,6;7,9;7,424795093;4,028272865;8,785710162;0
243659;5,9;4,1;5,4;5,9;5,699047811;4,02876623;3,007882712;0
244268;9,9;5;5,5;9,9;9,922902771;4,029643356;4,875069099;0
244497;2,5;4,1;4,4;2,5;3,418351178;4,033255853;5,367501875;1
244127;4,7;5,3;4,2;4,7;4,836257986;4,033833134;5,900708888;0
243521;8,2;3,8;4,6;8,2;9,343603587;4,036086096;2,180130421;0
244209;6,1;4,4;1,2;6,1;6,055894166;4,040892359;1,710510074;1
244427;8,2;4,5;3;8,2;7,224591216;4,042169338;3,943402167;0
244185;4;3,8;3,7;4;4,266533054;4,042908039;5,541330035;0
243718;2,6;3;7,1;2,6;3,794552037;4,049022271;8,429404062;1
244449;6,1;4,4;1,9;6,1;5,346023015;4,058796857;1,521246525;0
244637;6,6;3,5;2,5;6,6;6,044537839;4,061175885;3,893494303;1
243454;5,8;5,9;5,6;5,8;6,207389274;4,061541535;5,537339438;1
244693;6,2;3,9;6,4;6,2;6,073258095;4,065608166;6,90689284;1
243563;7,7;4,9;1,4;7,7;8,487752535;4,065794211;0,248547377;0
244715;2,9;4,6;5,1;2,9;3,169082721;4,068255392;4,550905202;1
244024;5,9;2,9;4,9;5,9;6,30572669;4,068296752;4,409397242;0
243445;8,9;4,5;7,6;8,9;8,360462831;4,09295803;8,613196028;0
244339;5,1;7,4;4,4;5,1;4,595748967;4,093687928;4,167353951;0
243254;5,3;5,7;4,2;5,3;4,877830565;4,093910341;4,198549603;0
243634;10;5;4,3;10;9,664528994;4,094421993;5,642720061;0
243286;6,6;4,2;6,4;6,6;5,040771435;4,098739273;6,742552604;0
243339;8,4;4,5;7,1;8,4;7,719941221;4,101815241;5,731387684;0
244384;8,4;5,2;5,4;8,4;8,678302505;4,104507977;5,893654709;1
243923;7,9;3,7;4,2;7,9;6,669485286;4,107387161;5,44515277;0
243839;7,9;4,5;6,4;7,9;9,922902771;4,110185921;6,153454001;0
244389;4,3;5,7;5,9;4,3;4,402561989;4,113052849;3,963292669;1
243343;7,5;5,1;3,4;7,5;5,392805423;4,121591549;1,626490942;0
244414;7,6;4,2;7,5;7,6;8,901476034;4,128256712;7,727271963;1
243976;10;4,1;1,9;10;9,922902771;4,130857618;2,786806823;0
244202;10;6;4,9;10;9,40089409;4,141355262;6,990288455;0
243999;4;5,3;6,9;4;4,213548366;4,149990891;6,836680822;1
243484;10;5,1;6,9;10;9,922902771;4,152461551;5,240333523;0
243350;5,3;4,1;6,4;5,3;3,931033159;4,16208611;5,834716905;0
244117;3;5,9;8,4;3;3,855420478;4,164968708;7,870686948;1
243396;8,4;3,4;5,2;8,4;8,312642355;4,168725459;5,539495936;1
243870;4,1;5,1;7;4,1;3,69489973;4,172483289;8,377504866;1
243966;7,9;4,4;7,2;7,9;9,278704023;4,17290458;6,864213791;1
244682;10;3,9;4,2;10;9,922902771;4,174178476;3,412949969;0
243506;7,8;4,3;4,1;7,8;6,447857273;4,176714852;3,13583975;1
243874;8;4,8;2,9;8;7,821123761;4,184403523;2,174979277;1
243711;8,5;4,2;3,7;8,5;8,337135224;4,197393069;4,679350924;0
244133;8,3;5,3;2,1;8,3;7,171564952;4,20475118;2,604755599;0
244650;4,2;4;2,6;4,2;5,979447411;4,205754289;2,442869238;1
244218;9,1;4,8;8,8;9,1;7,44844088;4,211487058;10,00122603;0
243696;8;4,8;5,8;8;8,468360318;4,217811906;5,948907437;0
244442;8,1;3,6;3,9;8,1;7,109936154;4,219502533;2,635246374;1
244124;8,1;3,9;4,8;8,1;9,270799059;4,222818866;3,307400881;1
244111;6,5;6,8;5,4;6,5;6,340768275;4,232698539;4,940320653;1
243471;8,7;3,6;4,1;8,7;9,922902771;4,238657907;5,559810871;1
243622;4,4;3,7;4,8;4,4;5,477618497;4,241204372;3,780791454;1
243308;9,1;3,5;3,1;9,1;9,305246811;4,241918389;2,904360101;1
243796;6,1;4,2;3;6,1;5,334333282;4,24421242;3,925607221;0
243275;10;5;9,8;10;9,818941412;4,253343576;10,00122603;1
244504;8,3;7,1;2,6;8,3;8,451410933;4,26215429;2,881714571;1
243574;7,7;4,1;3,6;7,7;9,28500737;4,265462606;4,259056299;0
244387;5,6;4,7;7,1;5,6;4,198046753;4,268313529;6,969631142;1
244052;3,3;4,3;5,4;3,3;2,97701127;4,27081519;5,79318476;1
243331;6,7;4,2;5,7;6,7;6,671731882;4,278108642;3,832735484;1
244031;7,9;4,7;0,3;7,9;8,812162179;4,285886263;1,182488266;0
244691;7,5;5,4;5,2;7,5;6,754117478;4,288954163;7,459855575;1
243442;6,6;4,8;7,7;6,6;7,575937944;4,291183909;7,356248407;1
244139;7,5;4,9;9,4;7,5;5,551501323;4,292269493;10,00122603;0
243387;2,9;5,2;7,6;2,9;1,966693052;4,294165515;8,404477386;1
243858;3,7;3,9;3,7;3,7;4,362378804;4,294249719;4,839902334;0
244074;8;5,6;6,7;8;7,009416344;4,295708169;7,531553483;1
243340;9,3;3,8;4;9,3;7,554597681;4,299093525;5,055372148;0
244690;5,9;3,6;3,6;5,9;3,853553895;4,316633113;4,26564569;1
244616;9,4;4,1;4,5;9,4;9,118958266;4,319088052;4,755414994;0
243645;7,3;3,4;8,1;7,3;7,174153102;4,320828395;8,927736786;1
244021;7,4;5,3;5,1;7,4;7,945549885;4,337719668;3,46745098;1
243954;6,6;3,1;3,8;6,6;7,350804276;4,340085324;4,412655481;0
244322;7,7;6,1;7,6;7,7;7,769823835;4,342037554;6,396787493;1
244298;8,5;3,7;4;8,5;8,511514881;4,342897298;1,946227302;1
244621;4,7;5,2;3,2;4,7;6,027003183;4,355368683;2,329520842;0
244435;4,6;5,7;4,6;4,6;5,220511246;4,357573565;4,677736243;0
243598;8,8;5;5,4;8,8;8,269236316;4,363360955;7,853836494;1
243382;8,1;5,1;5,9;8,1;7,469435931;4,367992557;5,429492837;0
244623;7,9;5,2;4,6;7,9;5,90298857;4,377422106;5,215593802;1
243409;8,1;4,1;4,7;8,1;8,822247053;4,380850425;4,475974623;0
243947;5,9;3,2;3,2;5,9;4,01961389;4,385643899;2,350633705;1
243517;5,2;3,7;4,9;5,2;6,327806438;4,386460128;4,847664705;0
243982;5,6;5;4,9;5,6;4,32730664;4,387349188;4,553700257;1
243338;7,4;5,1;6,7;7,4;8,676625212;4,391548773;7,538716421;1
244629;8,9;4,2;4,2;8,9;8,526162189;4,394198897;4,691414644;0
244631;5,8;4,1;6,2;5,8;5,066064284;4,396084347;6,321563529;1
243580;6,1;4,8;3,9;6,1;7,978816272;4,400437265;2,883696607;0
243629;5,9;4,3;6;5,9;5,412817007;4,404405813;7,191418572;0
243829;5,3;4,7;2,8;5,3;6,779492356;4,407337042;1,583672474;0
243803;6,6;4,5;6,3;6,6;9,179924535;4,410657659;5,955981278;0
244053;10;5,6;0,6;10;9,922902771;4,41213788;0,144240467;1
243833;7,1;5,2;6,8;7,1;7,887163625;4,41481156;5,088551967;0
244703;6,4;3,6;8,2;6,4;5,811897193;4,418003767;10,00122603;0
243346;5,5;4,7;5,3;5,5;5,615233926;4,419499878;6,025706856;1
244183;9,9;4;1,8;9,9;9,922902771;4,421459858;0;1
243295;5,9;4,7;6,7;5,9;4,686121557;4,424456018;5,017655824;1
243253;7,4;6,5;3,5;7,4;7,502346236;4,425833745;2,40738886;0
243374;4,7;4,2;7,4;4,7;4,921649998;4,42610819;7,067442108;0
244296;7,7;4,6;6;7,7;9,103183119;4,431810325;5,520690199;1
243674;4,1;4,2;10;4,1;4,468194536;4,436164031;10,00122603;0
243582;6,1;4,5;6,7;6,1;5,980637943;4,445630684;5,91475489;0
243877;5,1;5;5,5;5,1;5,176082577;4,452420847;8,258671684;1
243666;6;3,8;4,8;6;5,654316953;4,45652658;5,799127459;1
244273;5,3;5,5;5,7;5,3;6,033748081;4,4576883;8,286732172;1
244687;7,4;5,3;4,6;7,4;6,567053849;4,463322942;4,331342149;1
243917;4,2;3,7;2,4;4,2;5,004240395;4,473125606;1,07159304;1
243678;7,5;3,7;4,8;7,5;7,723898675;4,478980221;4,580948875;1
243930;4,5;3,7;5,6;4,5;3,61354652;4,483249403;5,861977013;1
243354;9,1;4,9;6,7;9,1;8,545529061;4,493952648;6,111293767;1
243296;5,6;5,3;3,3;5,6;6,169970891;4,494342996;4,14929677;0
244708;9,2;2,5;6,4;9,2;9,922902771;4,496266311;5,316246271;1
244056;8,3;4,9;5,8;8,3;7,959705551;4,497926696;6,085375685;1
244554;10;5,4;1,6;10;8,87112538;4,510349403;1,113157284;0
244164;6,5;3,7;4,1;6,5;8,487178593;4,510625929;3,655965741;0
244367;5,6;4,5;7,6;5,6;6,231905397;4,528729006;7,961879254;0
244212;6,2;3,1;6,4;6,2;5,308949322;4,532032971;7,049131102;1
244055;7,8;5;1;7,8;7,728761289;4,532043412;0,138488934;1
243419;9,8;3,7;7,3;9,8;8,010472614;4,532521024;8,580684134;1
244617;8,9;5,3;10;8,9;9,949449674;4,55190916;9,650941992;1
244305;7,6;5,1;8;7,6;7,025366268;4,553400773;6,42422991;0
243937;8;6,9;5,3;8;8,130173791;4,558919389;5,219473499;0
243560;9;6,3;2,2;9;8,297524109;4,558985708;2,051674149;0
243267;10;4,3;5,4;10;9,922902771;4,561602456;6,900952384;0
243980;9,2;4,9;5,5;9,2;9,766428558;4,562106191;6,360429501;0
243826;4,1;5,5;4,1;4,1;3,633324777;4,572275124;5,81423866;0
243944;2,4;5,5;4,4;2,4;1,040988286;4,574548603;4,255460549;1
244247;4,4;4,4;4,4;4,4;5,333494517;4,576009717;4,069686354;0
243984;7,9;5,1;3,1;7,9;9,123774184;4,576179789;1,226740799;1
244312;6,3;4;4,8;6,3;7,543875631;4,579780232;4,571522123;0
244392;3,9;4;6,3;3,9;4,103720575;4,583017308;5,527720738;0
243653;5,9;5,4;8,2;5,9;5,888083541;4,597338139;6,433140693;0
244253;7,7;3,2;8,1;7,7;9,168383138;4,608263919;7,845438639;0
243776;5;3,9;4;5;4,135985364;4,615963909;3,39056972;0
243510;9,4;4,4;5,8;9,4;9,922902771;4,625901592;6,282667129;0
244330;8,4;5,8;7,4;8,4;7,961935003;4,627628892;8,411296635;0
244047;7,3;5,1;7,1;7,3;7,80691816;4,628161735;6,247555436;0
244155;7;4,2;7,8;7;8,058898444;4,629447437;9,04911292;1
243748;4,7;7,2;9,3;4,7;4,46039176;4,63475443;9,718765841;1
243282;7,5;4,3;6,8;7,5;8,997024491;4,638337201;6,74386933;0
243284;8,2;3,2;6,9;8,2;8,491930472;4,643643242;8,095852048;0
243414;8,5;3,5;9,1;8,5;9,807658905;4,644479003;8,391666093;1
243684;5,6;3,4;4,7;5,6;5,906728771;4,64836293;3,426872406;0
243594;9,8;5;7;9,8;9,059158105;4,653807325;7,490904171;1
243898;7;4,6;4,9;7;6,057523762;4,657894003;5,234941425;1
243985;7,7;4,8;6,7;7,7;7,337223303;4,658462427;6,448566773;1
243772;6,7;5;1,1;6,7;6,490242128;4,658681443;1,155512169;0
244102;5;5,3;6,1;5;5,293330992;4,660168826;6,371875147;0
244447;10;3,7;2,9;10;9,922902771;4,660230902;3,611721486;1
243863;7,1;5,1;7;7,1;8,013748863;4,66324734;7,24897552;0
243534;4,3;4,5;3,7;4,3;3,548337744;4,664281946;4,223715231;0
244123;6,9;5,1;5,4;6,9;7,448389322;4,666871512;4,671312589;1
244228;8,1;4,3;6,7;8,1;8,46150318;4,667230426;9,074659125;0
243727;7,6;3,7;4,5;7,6;8,590372769;4,671843013;5,842649111;1
244540;7,6;5;5,2;7,6;5,028697096;4,673659674;6,552215475;1
244069;3,8;4,6;7,6;3,8;2,313488987;4,67675331;8,466601739;1
244030;7,9;4;4,4;7,9;7,018083457;4,680753247;5,203424746;0
244503;5,6;3,7;8,7;5,6;5,665552453;4,682978255;9,382349064;1
244282;10;4,9;3,8;10;9,922902771;4,683312422;4,873448355;0
244279;7,2;5,2;5,1;7,2;6,071804794;4,683988614;4,514366768;0
243264;8,6;3,8;3,8;8,6;7,975732065;4,684340109;3,461740675;0
243806;9,3;5,8;6,7;9,3;9,580655253;4,688465544;7,117789792;1
243981;9,3;4,3;6,9;9,3;9,205214802;4,691075905;7,332299591;0
244199;9,3;4,4;5,9;9,3;8,135238559;4,691697148;5,21182788;1
244569;6,6;5,7;6,8;6,6;7,129908071;4,692087836;6,320360109;1
244599;8,2;3,7;6,2;8,2;5,538683357;4,692305603;5,348499981;0
243624;9,6;4;4,1;9,6;9,922902771;4,692527236;4,10124048;1
243536;3,6;4,5;6,2;3,6;2,207111585;4,693925397;5,3807191;1
244418;7,1;5,2;8,9;7,1;7,179309774;4,704701925;10,00122603;0
244319;5,2;4;5,8;5,2;4,721938985;4,707065405;7,77906409;0
244490;7,4;5,5;0,6;7,4;6,257118724;4,715814972;0;1
243757;5,5;4,6;1,9;5,5;5,691553478;4,725000743;1,27843199;1
243733;4,5;4,3;4,4;4,5;4,031178764;4,738650744;3,755713765;1
243370;9,6;5;4,2;9,6;9,721660067;4,739246092;3,780545137;0
243391;9,6;4,1;7,7;9,6;9,888067835;4,743563086;7,563706054;1
243365;6,7;5,4;6,5;6,7;7,49436933;4,74626057;5,567306333;1
243664;9,5;4,1;0;9,5;7,568348847;4,755538948;0;1
243699;3,7;5,4;3,9;3,7;3,720172802;4,764822867;3,997342908;1
244620;7,4;4,6;6;7,4;7,95563753;4,76865158;5,65653721;0
243651;6,6;4,6;7,9;6,6;7,466226056;4,774005143;6,112033939;1
244594;6,3;3,5;3,2;6,3;6,281389788;4,778947059;0,610250319;1
244210;5,1;4,7;2,6;5,1;5,236468681;4,779969963;1,220004596;0
243986;8,3;3,8;4;8,3;6,577130253;4,781915198;4,124656143;1
243994;6,7;5,2;4,4;6,7;5,892467852;4,783232552;4,961929663;1
244238;8,3;6,9;0;8,3;9,448715931;4,784648162;0,494521471;1
243596;4,7;4,9;6,1;4,7;3,190702753;4,787800838;6,117641482;0
243908;6,7;5,3;4,8;6,7;8,248819293;4,792423016;6,388064871;1
243565;4,6;5,9;5,7;4,6;2,916125156;4,798991033;4,420984887;1
244180;7,4;4,3;7,5;7,4;6,680786912;4,800499971;6,612824933;1
243431;7,6;5,4;2,5;7,6;6,994207319;4,808128974;3,026850297;1
243866;6,5;4,9;3,9;6,5;5,100385094;4,808331537;4,383751304;1
244294;7,4;5,5;8,2;7,4;9,469700356;4,814220837;7,955802451;0
243722;7,2;5,5;5,9;7,2;7,240911789;4,815100011;6,56478123;1
244237;3,5;4,5;8,8;3,5;3,28369059;4,818651958;8,75159034;1
243328;7,3;5,3;10;7,3;5,395265654;4,818693547;10,00122603;1
244556;4,7;4,7;7,8;4,7;4,178523825;4,819873496;8,167923723;0
243495;9,5;5,2;2,1;9,5;9,566778703;4,820852564;0,849572537;1
243745;7,2;4,9;6,2;7,2;7,956522316;4,822855179;6,109705368;1
244635;2,9;2,9;3,8;2,9;3,189162959;4,822894291;3,660684671;0
244608;6,3;5,8;4,7;6,3;5,034372799;4,833548353;5,00067417;1
244001;7,6;4,4;5,8;7,6;6,996033234;4,840439895;5,388648399;0
243739;3,7;3,6;3,5;3,7;2,54219335;4,844155146;3,105265442;0
243637;8,1;4,8;4,7;8,1;7,617344721;4,846366462;6,696574732;0
244658;7,1;5;6,3;7,1;5,297101836;4,846640454;6,401207292;0
243401;8,2;6,5;7,9;8,2;8,243011352;4,847150858;6,903674154;1
243604;5;4,8;7;5;4,374427073;4,847808882;7,168085386;0
243904;9,3;4,1;3,2;9,3;8,179310995;4,852558846;3,820723772;0
243680;5,8;5,4;7,3;5,8;8,117596904;4,853040267;9,275771968;0
243676;4,7;4,6;5,4;4,7;4,705633373;4,853670276;5,516095872;0
243992;8,8;4,7;6,5;8,8;9,398663386;4,854011028;7,421942939;1
244653;5,6;4,7;1,1;5,6;4,678760415;4,859356639;1,394544188;0
244574;10;4,5;8,6;10;8,995537111;4,862882223;7,856805601;0
244115;5,9;4;3,5;5,9;4,760613923;4,870329142;3,820361814;0
244193;7;5,4;7,2;7;9,922902771;4,872086052;8,252292902;1
243368;7,1;4,5;6,1;7,1;6,108116066;4,876186956;4,394849605;1
244096;3,9;4,5;5,8;3,9;4,753661037;4,878515131;5,404571132;1
244626;5,6;5,6;5,6;5,6;6,145684259;4,899675338;6,24348691;1
243754;6,2;4;4,2;6,2;5,566727944;4,903319695;4,141239568;0
244114;7;5,8;3;7;7,791413492;4,905882536;1,31724825;0
243477;9,9;5,8;6;9,9;9,922902771;4,908889854;6,962880201;0
243567;5;5,1;7,3;5;4,894171416;4,909352796;9,342742252;0
244372;7,9;4,3;5,2;7,9;7,386245036;4,915601663;4,474857172;1
243612;7,2;4,5;6,9;7,2;7,020603594;4,916159999;7,030203201;1
244544;8;4,9;6,7;8;8,570527787;4,921987402;7,539232674;1
244147;8,5;6,1;3,7;8,5;9,431062627;4,924126808;3,82456984;1
244136;8,5;4,6;3,2;8,5;7,692512452;4,933897463;2,431103201;0
243448;6,5;3,5;4,7;6,5;6,525168568;4,934701022;4,313240028;0
243880;7,1;4,2;5,4;7,1;7,853498873;4,936067421;4,910606968;0
243351;6,1;2,1;7;6,1;5,918694825;4,937792089;8,422436019;1
244652;8,6;5,1;4,4;8,6;9,463433673;4,946441605;3,561095104;0
244211;7,9;3,8;5;7,9;7,481322864;4,947799252;3,828884939;1
244591;3,5;6,1;10;3,5;3,144490659;4,948263471;9,41224415;1
243734;5,2;4;4,7;5,2;5,469521692;4,960191723;4,377117297;0
244285;6,5;5,7;1,4;6,5;4,715293537;4,967768341;1,661964236;1
243335;5,9;3,3;3,6;5,9;5,142383509;4,970772299;1,297851094;0
244301;4,9;4,7;3,8;4,9;5,803692051;4,974270145;2,946359895;1
244729;5,8;3,1;3,3;5,8;4,090492226;4,976847233;2,755074918;0
243834;8,8;6,4;5,6;8,8;9,157834491;4,978818939;5,076560077;1
243689;5,8;3,9;5,5;5,8;6,860815544;4,98079898;5,094539073;0
243746;5,1;4,5;3,1;5,1;6,125803754;4,984628617;2,896376179;0
244159;8,1;3,8;4,3;8,1;7,587850291;4,990687183;4,624391503;0
243378;5,1;4,4;6;5,1;3,632923336;4,992570839;7,362212556;1
244251;5,7;4,6;3,8;5,7;5,994869913;5,00032545;4,725155883;0
244428;6,3;5;5,9;6,3;6,608812397;5,002605175;6,672645778;1
243468;7,4;5,9;6,7;7,4;7,70716807;5,004044554;7,037556407;1
244582;7,9;3,9;9,3;7,9;9,062690836;5,008224181;9,745029024;1
244060;7,2;4,9;7,3;7,2;6,267164424;5,011764133;9,166147403;1
243705;4,1;5,4;1,3;4,1;2,982385166;5,015328338;0,993073314;1
243911;8,7;5,5;6,4;8,7;8,942679522;5,019919104;4,948806185;1
243586;8;3,2;5,2;8;7,406216342;5,026704276;5,590374133;0
244670;5,9;5,9;6,7;5,9;5,517518875;5,026912004;6,74212446;0
243470;7,8;6,6;6,8;7,8;7,558463604;5,029338839;9,23809024;1
244575;6,8;6;6,7;6,8;6,45938541;5,030451323;5,896083515;0
244419;9,6;5,2;6;9,6;9,922902771;5,038397329;5,518725418;1
243719;5,2;5,6;8;5,2;6,638068104;5,045385825;8,033222482;0
243800;8,3;6;2,2;8,3;9,922902771;5,052100333;1,687939798;0
243945;8,1;4,5;5,6;8,1;7,917609661;5,054318445;4,711869082;1
244137;5,2;5,7;10;5,2;6,724977995;5,057264571;10,00122603;0
243760;6;5,1;2,1;6;6,007098045;5,057449757;2,239515696;0
243737;7,9;5,2;3;7,9;6,426600849;5,061756573;0,802710409;0
243735;6,9;5,3;6,9;6,9;5,944587495;5,064060622;8,221243726;1
243744;6,5;5,6;7,7;6,5;5,979131953;5,06446203;6,39134977;0
244358;3,9;4,6;3,8;3,9;4,626664175;5,066626913;4,052518443;0
243548;9,7;4,5;6,5;9,7;8,613849319;5,06907203;8,095615722;1
244534;7,7;6,3;3,7;7,7;8,670576763;5,069870982;5,771018516;1
244443;7,1;5,3;6,4;7,1;8,248600578;5,072697632;5,347987415;0
244585;8,6;4,7;4,9;8,6;8,804256462;5,076154752;5,527306183;0
244664;7;4,4;7,8;7;6,20756265;5,077299176;7,891344396;1
243971;10;4,1;9,1;10;9,922902771;5,078517701;8,135636293;1
244041;5,1;6,7;6,4;5,1;6,406822015;5,078595293;8,325806052;1
244112;7,9;6;6,9;7,9;8,464714044;5,086300233;6,657822252;0
243882;9,3;5,7;4,4;9,3;8,107359116;5,0904684;4,338038473;1
243465;7,5;4,9;7,2;7,5;8,133038296;5,091342023;7,170934525;1
244016;8,5;5,5;9;8,5;7,648766386;5,093676043;8,383763288;1
243661;8,9;5,7;1,3;8,9;9,922902771;5,099933527;2,613058161;1
243771;9,7;3,7;6,3;9,7;9,024057681;5,100281281;6,145669543;0
244486;8,8;5,4;5,5;8,8;9,922902771;5,102002558;5,465725685;1
244425;8;4,5;4,6;8;7,436266234;5,104846434;5,913018256;1
244615;4,4;4;6,4;4,4;2,984463236;5,105683274;4,697290437;1
244553;10;5,1;4,7;10;8,850202067;5,10698736;4,614243182;1
243277;4,8;4,8;6,2;4,8;6,508361486;5,108648903;6,118501501;1
243953;4,5;5,7;1,1;4,5;2,943653339;5,110592458;0,654729495;1
243853;7,2;6;5,8;7,2;5,890385557;5,113928882;5,491042327;1
243505;8,6;5,1;6;8,6;8,460300152;5,114984357;6,605877189;1
244727;3,8;6,8;4,3;3,8;3,475835701;5,116485003;3,451048017;1
243416;6;5,4;7,1;6;5,527191624;5,119420279;9,114532306;0
243782;8;4,8;6,3;8;7,379484221;5,127713925;5,071083513;0
244162;6,8;3,6;6;6,8;6,683769735;5,128397513;4,737281395;1
244577;5,9;4,4;3,8;5,9;4,258875999;5,128485466;3,879375516;0
243361;7,3;4,7;5,2;7,3;8,019358133;5,128598694;6,523255408;1
243790;8,7;4,5;3,7;8,7;7,687650015;5,139510021;3,590445063;0
243412;4,3;6;6,6;4,3;1,647805542;5,14108178;6,814866194;1
243332;9,6;6,1;5,5;9,6;9,725831095;5,141477752;3,720055649;0
243928;6;5,8;7,8;6;5,486108274;5,151344107;7,354391056;1
243775;7,7;5,8;2,6;7,7;8,001601598;5,155009995;2,574988406;0
243878;10;6,4;7,8;10;9,64363352;5,156492912;6,788939602;0
244067;7,8;5,1;5,8;7,8;7,142713689;5,156717161;5,926627423;1
243475;3,2;5,3;6,3;3,2;2,458534001;5,160121011;4,978823464;1
244321;2,9;3,5;2,1;2,9;4,118767429;5,161668875;2,501989331;0
244487;2,8;5;0,7;2,8;4,189500286;5,162959166;0,902413612;0
243889;10;7,1;3,1;10;9,922902771;5,165044405;3,405418415;1
243673;7,4;4,8;3,4;7,4;7,52075193;5,171312217;3,16896233;0
244720;7;4,7;6;7;6,47908994;5,17223072;6,622546691;0
244022;8,5;3,3;5,2;8,5;9,390976832;5,17919651;5,553326464;0
244332;6,3;4,4;5,6;6,3;6,335937568;5,18249223;5,091601659;1
244704;6;4,8;6,2;6;8,110570496;5,190094572;5,076754876;1
243430;9;5,8;6,6;9;7,792629324;5,199645444;7,75244126;0
244598;6;6,7;9,1;6;6,71643468;5,202735688;9,161547082;0
244452;5,6;4,2;7,4;5,6;3,489943901;5,203118116;6,930643863;0
244712;4,8;4,3;4,6;4,8;5,16265293;5,20784634;4,770834226;1
244169;4,4;5,9;3,7;4,4;5,232488033;5,210838224;2,26820757;0
244593;8,8;5,7;5,1;8,8;9,319279548;5,213881173;6,255308657;1
243627;5,5;3,7;6,9;5,5;5,804075027;5,217082121;9,01807589;0
244380;7,7;6,5;5,7;7,7;8,603877661;5,220939716;7,073522674;0
244474;8,6;4,7;5,1;8,6;7,60436212;5,227631627;4,152412916;1
244194;4,3;4,7;6,5;4,3;3,125059714;5,227715636;6,048109553;1
244541;5,5;5,8;6;5,5;5,004516955;5,230219258;6,827315702;1
244303;6;3,9;5,3;6;5,378324412;5,232325572;6,293431007;1
244065;5,6;5,4;4,2;5,6;6,482075601;5,232781536;4,415292917;0
244109;7,4;4,5;2,8;7,4;6,9526929;5,235830446;3,751589402;0
243903;7,2;6,7;4,7;7,2;6,505142834;5,237576439;5,089008492;1
244204;9,1;6;5,4;9,1;9,543007889;5,238237256;5,285862543;1
243635;6,4;4,2;1,4;6,4;5,47181498;5,238653101;1,111478144;1
243268;9,4;5,2;4,1;9,4;9,41740224;5,250125762;3,93917957;0
244730;8,8;6;6,6;8,8;9,487941048;5,251405724;6,263430056;1
244461;9,9;4,6;4,7;9,9;9,922902771;5,251738828;6,676593901;0
243558;10;4,6;3,8;10;9,922902771;5,251827932;2,598999835;0
244448;9,5;5,1;7,1;9,5;9,922902771;5,25482714;6,760345749;0
244571;6,1;6,6;4,6;6,1;6,387184734;5,257195338;5,498921661;1
244462;6,4;3,6;5,7;6,4;6,917794324;5,264820791;6,96732916;1
243585;7,5;4,4;6,8;7,5;8,770550259;5,264854525;6,571036371;0
243688;7,7;6;3,9;7,7;6,461688912;5,267123806;6,096364616;0
243956;6,1;4;1,6;6,1;6,276043201;5,267211719;2,652720464;1
243672;6,2;5;7,3;6,2;6,669751073;5,269888854;7,464608401;0
243311;7,8;4,7;6;7,8;8,378249471;5,285128895;7,322876974;0
244676;6,7;6,4;6,8;6,7;6,052195971;5,287075699;4,47893674;1
243755;6;5,5;4,4;6;7,706627318;5,29272319;4,851162746;1
244281;3,7;6,1;4,6;3,7;3,89363307;5,294194978;2,895727635;1
244459;4,2;4,8;4;4,2;4,314477664;5,296823109;4,207405131;1
243498;8;3,3;5,1;8;9,000235615;5,297553353;5,471447965;0
243861;5,4;5,3;3,1;5,4;5,94976388;5,297728563;3,656745466;1
243657;6,5;5,8;5,1;6,5;5,987226446;5,302402883;5,06660853;0
243685;5,4;5,2;0;5,4;4,271199457;5,305699302;0;1
243397;6,9;5,3;7,1;6,9;5,780103578;5,30727779;7,021076904;0
243933;5,2;4,2;4,7;5,2;6,044733364;5,310094458;4,396340257;0
243440;4,8;5,5;3,4;4,8;3,506327921;5,313235262;3,303771395;0
243914;7,3;4,9;7,1;7,3;7,869947622;5,315954071;6,869194407;1
244042;8,3;7,4;6,6;8,3;6,296530403;5,316362446;6,272775282;0
244359;4,3;5,1;3,1;4,3;4,115957835;5,319845027;2,824538911;0
244416;7,2;6,5;2,6;7,2;8,581347802;5,332063772;1,200888838;0
243875;10;5,5;1,4;10;7,189759972;5,336819236;1,882453237;1
243424;6,7;3,9;7,8;6,7;6,643762855;5,345687921;6,265219027;0
243729;8,3;4,6;7,7;8,3;8,562022954;5,346279492;6,634312513;0
244148;9,3;6,2;2,4;9,3;9,793400894;5,358572746;1,046154926;0
243805;8,6;4,9;5,1;8,6;8,375861687;5,360510334;4,469998705;1
243258;10;5,2;9,3;10;9,922902771;5,364835254;7,843924455;0
244660;3,6;5,4;6,3;3,6;2,52121145;5,383414183;7,49977842;1
243897;8;6,4;5,3;8;8,568487428;5,386177718;2,554994102;0
243625;3,9;5,7;7,7;3,9;3,910777194;5,389101917;9,443152796;0
243466;7,9;5,3;4,9;7,9;7,864148257;5,39287198;4,905624338;1
244466;5,2;5,6;5,6;5,2;6,295021705;5,393774837;5,622523126;1
243280;10;4,9;3,7;10;9,922902771;5,397664671;5,864467425;1
243717;8,5;6,1;6,8;8,5;7,577967532;5,400207824;6,267383327;0
244034;6,7;3;7,8;6,7;6,978730957;5,401759961;7,82634368;0
243488;9,2;5,5;8,1;9,2;7,945600681;5,402521526;8,744048988;1
244269;6,9;7;6,4;6,9;6,801593217;5,404508298;7,338175107;1
244116;7;6,6;5,5;7;5,738378973;5,414346;6,467546015;0
243723;10;5,2;4,6;10;9,860388256;5,420460443;6,216389151;1
244028;7,5;5,4;5,3;7,5;6,076658726;5,424121162;4,752115109;1
244013;7,2;5,7;6,9;7,2;7,790432414;5,430858287;7,47549369;1
244463;9;3,6;8,3;9;9,232065819;5,43343454;8,048985716;1
243961;8,1;6,5;5,4;8,1;7,190142313;5,437681099;6,997385759;0
243983;7,9;6,1;3,5;7,9;8,280598827;5,437886102;5,366704525;1
244076;10;5,5;3,6;10;9,044665457;5,440225633;3,353480697;0
243644;9,1;4,7;5,2;9,1;8,128401428;5,445188429;5,237181735;0
244394;4,7;4,5;1,2;4,7;4,424921206;5,450779304;0,982472488;1
244230;6,5;6,3;4,3;6,5;6,752952757;5,457172202;5,432402615;0
243413;6,2;6,3;4,3;6,2;5,466321987;5,459203618;4,709687947;1
243845;5,9;5,6;3,1;5,9;5,385534268;5,462268205;4,124963806;0
243584;3,3;4,3;7,4;3,3;3,338517291;5,465042593;8,488641912;1
243415;6,1;4,6;2,8;6,1;5,754222114;5,469916827;3,541566574;1
244208;6,8;5,4;4,5;6,8;8,085075518;5,474525183;5,849025987;1
243801;3;5;0,9;3;3,621186179;5,475981529;0,200018393;1
244375;5,8;5,6;3,9;5,8;6,71601364;5,479547189;3,538865747;0
243572;7,2;6,1;5,9;7,2;7,106536481;5,480449201;4,658901677;1
243802;8,8;5,8;3,5;8,8;6,373390672;5,498577788;2,326989994;1
244015;6,7;5,6;5,9;6,7;6,278690781;5,501180132;4,756718555;1
244325;5,3;5;4,5;5,3;3,540134903;5,503367548;3,467263746;0
243428;8,5;5,5;2;8,5;9,048593336;5,504534742;2,941553979;0
243698;8,3;4,9;1;8,3;8,156343447;5,505542155;0,115093755;1
244337;9,3;6,8;10;9,3;9,922902771;5,510671376;9,80006738;0
244009;5;4,7;4,6;5;5,571993973;5,511415295;4,431454866;1
243910;10;6,3;3,6;10;9,922902771;5,51566069;3,190483061;1
243708;5,8;4,4;5,7;5,8;4,634899521;5,518396066;7,55445895;0
243927;6,6;6,1;7,2;6,6;6,276744568;5,518968487;6,109090231;0
243509;3,1;6,4;3,9;3,1;2,785683207;5,523633348;5,253223772;1
244205;6,1;5,9;2;6,1;5,512188207;5,52452118;2,848739655;0
244121;7,3;5;7,2;7,3;7,877628947;5,527452236;8,212364923;1
243896;7,2;5,8;4,2;7,2;7,00492011;5,535272135;5,611508687;1
244172;6,9;6,3;6,5;6,9;6,403136082;5,536021396;5,513488956;1
244350;9,6;5,1;5,3;9,6;9,284536762;5,545946186;6,150048001;1
244512;9,3;6,8;4,8;9,3;8,005717679;5,553597365;6,035928008;0
243756;6,6;7,2;3,1;6,6;6,359821908;5,563413016;4,129537494;1
244580;7;5;3,4;7;7,991692428;5,570561364;1,871904612;0
243716;5,3;6,1;4,2;5,3;6,766255986;5,582542756;3,533644527;0
243248;7,8;5,8;7,1;7,8;6,064621495;5,584084917;7,596506443;1
244668;3,2;4;6,4;3,2;1,402309211;5,585262466;6,123862341;1
243241;9,6;6,1;6,4;9,6;9,922902771;5,586349944;4,914474782;0
243701;4,9;6,6;4,3;4,9;5,015965782;5,587237213;3,764137672;1
243925;6,1;6,7;5,4;6,1;8,498082049;5,588416122;6,271057514;0
244401;3,5;5,8;5,1;3,5;1,706909646;5,591889019;2,252679185;1
244287;10;4,2;7,8;10;9,859915003;5,606589378;8,106432553;0
244225;8,2;4,9;4,5;8,2;8,785329116;5,614205597;4,452059989;1
243450;8;4,8;5,7;8;7,888166173;5,616191504;4,387565871;1
244583;8,4;5,5;7,1;8,4;8,388530364;5,623322961;7,652810992;0
243247;5,4;6;10;5,4;5,501688354;5,6233712;10,00122603;1
244472;7,5;4,6;3,2;7,5;7,914062243;5,633008284;2,596285473;1
243639;4,8;4,9;6,1;4,8;3,127783812;5,633633464;5,939027452;1
243234;8,7;6,6;5,2;8,7;8,489434639;5,635987311;6,45380885;0
243320;4,8;6,3;6,7;4,8;4,434342736;5,638897616;7,284756817;0
243526;6,9;4,9;6,9;6,9;7,2481816;5,643770764;7,257012971;1
244385;8,3;5,5;7,3;8,3;7,981937127;5,646716013;8,096944879;0
243562;10;5,5;6,1;10;9,922902771;5,650885798;6,83648092;1
244558;7,7;5,9;6,4;7,7;7,691616598;5,657733895;6,729145293;1
243849;5,9;5,1;5,5;5,9;5,416907924;5,659143642;5,583784816;1
244423;6,4;4,9;5,2;6,4;6,163986925;5,6597072;5,006370679;0
243508;6,4;4,6;4,6;6,4;7,156690331;5,660414782;5,160275387;0
244356;8,4;3,4;2,6;8,4;8,316918865;5,661896511;1,481866786;0
243821;7,8;5,2;4,1;7,8;7,682147733;5,672796495;4,588914262;0
244163;2,9;5,3;6,8;2,9;1,799373927;5,673550132;7,432750756;1
244550;4,5;6,5;3,2;4,5;4,41918318;5,675458133;5,26124074;0
244304;8,4;7;5,8;8,4;7,614854357;5,684329735;5,566084528;1
243899;10;4,2;4,6;10;8,653461784;5,685737785;4,336339246;1
243242;4,8;4,7;7;4,8;5,134301087;5,687591148;4,939300629;1
244453;6,4;6,5;5,4;6,4;7,698137071;5,690457093;7,181551304;1
243783;6,6;4,1;4;6,6;6,663058628;5,69107068;4,410386285;1
243441;5,3;5,7;8,8;5,3;7,838210951;5,693612557;6,633110735;0
243497;8,1;5,6;8;8,1;8,563286097;5,693655861;8,126748181;1
243529;5,8;5,9;7,9;5,8;6,500873255;5,695839594;6,346934162;1
243341;8,3;5,4;6,2;8,3;7,650303314;5,696269927;7,035838572;0
243271;8,4;6,4;5;8,4;8,330529212;5,697849938;5,842492878;0
243613;3,9;7;7,1;3,9;5,365085625;5,69989026;7,17210846;0
244636;2,9;5,1;5,2;2,9;3,729162527;5,700763372;5,250704472;0
243528;9,3;4,9;8,1;9,3;9,680712393;5,700892763;8,426421423;1
244338;8,6;6,8;6,9;8,6;6,984203545;5,701307133;6,787288643;1
243347;8,1;5,1;7,5;8,1;8,500401434;5,701823847;7,678313297;0
243929;8,4;4,1;3,6;8,4;9,378671934;5,70369925;3,061428862;0
243741;4,2;4,9;5,4;4,2;3,592550875;5,7140555;4,772393829;0
243641;8,3;4,2;6,9;8,3;8,088377471;5,719488164;8,017276023;0
243712;9,9;8;3,6;9,9;9,633723424;5,721916251;4,812384628;0
243410;8,7;5,5;5,8;8,7;9,922902771;5,727732423;5,740638172;0
244082;5,8;4,9;9;5,8;4,384091826;5,728058348;7,301914784;0
244606;7,7;5,8;3,5;7,7;5,540588057;5,730186299;4,014555134;0
244206;6,8;5,2;5,6;6,8;7,624741397;5,750314249;7,359708742;0
244378;7,4;4,4;1,9;7,4;7,915817846;5,763100862;3,51624229;1
244014;5,4;5,3;6,6;5,4;6,512713097;5,765389934;5,857304976;1
243789;8,6;5,6;0,6;8,6;8,451608847;5,773421418;1,602346117;1
244710;8,8;4,3;4,4;8,8;9,922902771;5,775157076;4,023703447;1
244054;5,7;6,5;8,4;5,7;6,652451355;5,77813318;8,488811336;0
243738;7,1;4,1;4,8;7,1;6,524329282;5,780343948;4,083829109;0
243628;6,8;4,6;5,9;6,8;7,566388133;5,784316671;5,403129808;1
244518;8,3;5,8;7,2;8,3;7,495633918;5,785175231;6,579959234;0
244191;6;4,5;6,1;6;5,689812833;5,786522976;6,541818668;0
243376;9,3;4,5;7,8;9,3;9,922902771;5,791382157;9,007158869;0
243808;5,4;4,2;6,3;5,4;4,17713404;5,793643292;6,235876753;1
244229;2,9;6,8;2,8;2,9;3,704528968;5,794220089;2,716963985;0
244648;6,3;4,9;5,1;6,3;4,663971665;5,802639257;7,045824816;1
244188;7;6,8;4,6;7;7,240325561;5,806272699;4,730994124;0
244079;5,3;4,6;5,3;5,3;6,156848165;5,807807586;5,538703329;0
244071;6,7;5,6;6;6,7;7,154079706;5,808814204;6,29047745;0
244692;6,7;6,3;4,9;6,7;7,456424156;5,808842827;3,330739013;1
243887;5,6;5;5,3;5,6;6,028389969;5,8110026;6,166713392;0
243977;8,1;7,2;8,8;8,1;7,303420213;5,811877658;9,805550052;0
244278;6;5,3;5,2;6;7,029974709;5,81912984;6,032569412;1
244226;7,3;6,4;1,4;7,3;8,031960657;5,819782615;0,751755655;1
244421;10;4,5;6,1;10;9,311255831;5,820028345;4,54544556;0
244110;4,9;5,7;4,5;4,9;4,171873652;5,82065423;3,655499958;0
243578;7,6;4,8;4,7;7,6;5,952342123;5,826396207;4,721486839;0
243279;6,9;7,3;6,2;6,9;6,424027532;5,84030176;4,128563684;0
244181;7,4;6,9;7;7,4;6,534700243;5,843850197;7,744935594;1
243759;4,7;5,7;5,5;4,7;4,042059578;5,844552175;4,25790936;0
243879;6,5;5,5;3,6;6,5;7,992744474;5,846064616;5,046638855;1
244274;7,7;5,2;1,2;7,7;8,545052908;5,854047009;1,506327815;0
244149;6,1;6,4;7,1;6,1;6,163057435;5,855773416;7,849195176;1
243857;8,9;5,3;5,7;8,9;8,630867869;5,862619133;5,43889239;1
244634;9;4,6;2,3;9;8,528174185;5,867466568;4,317864227;1
243402;4,2;4,9;2,5;4,2;6,710524155;5,868015082;1,598617961;1
244407;8,2;6,4;4,8;8,2;8,510691305;5,874251957;4,171656299;1
243561;7,1;6,9;3,9;7,1;6,884079936;5,87727308;4,54890872;0
243481;4,1;7,2;4,4;4,1;3,606492119;5,878064505;3,042162728;1
243811;9,9;4,9;5;9,9;9,922902771;5,879471102;5,156479823;1
244731;7,1;6,6;5,4;7,1;7,188931294;5,880095161;4,83853965;1
244005;9;5,7;4,3;9;8,744011965;5,882369476;4,53083084;1
244171;9,8;5,7;2,6;9,8;9,367044535;5,893186239;2,656043678;0
243827;6,2;5,6;6,5;6,2;5,337410534;5,90411891;6,454387874;0
243924;7;5,6;6,8;7;6,113545602;5,908790549;4,823068532;1
244051;5,4;3,9;6,8;5,4;5,150824582;5,922403082;7,896994119;0
244701;10;5,1;4,9;10;9,922902771;5,927126265;4,475740435;0
243683;6,3;5,6;8,2;6,3;6,680607702;5,931438901;9,923385624;1
243766;9,4;4,1;3,2;9,4;9,922902771;5,936733574;2,917164984;1
244651;5,4;3,9;2,8;5,4;5,255526808;5,937479008;3,204230477;0
243975;3,1;5,3;4,8;3,1;2,260942394;5,946380244;4,13651218;0
243256;6,4;5,8;7,9;6,4;6,980016273;5,949979705;7,49789541;1
244371;6,8;6,1;5;6,8;5,620470838;5,950420592;5,355315398;1
244494;8,8;5,9;3,3;8,8;8,704258398;5,950605786;2,38958164;0
243926;5;5,8;4,3;5;5,367182495;5,956441227;2,749531266;0
244244;7;4,8;8,6;7;8,713724294;5,958507753;8,839553399;0
244612;8,2;5,1;5,3;8,2;9,078961307;5,959608821;4,524622388;1
243302;6,4;6,2;2,1;6,4;8,640115163;5,962396894;2,137956548;1
243514;6,4;5,7;6,4;6,4;7,126795425;5,970730475;7,029111784;1
244255;4,3;5,3;7,4;4,3;3,060317574;5,976595732;5,925763522;0
244681;5,6;7;5,1;5,6;6,264916175;5,98693731;5,429948003;0
244695;9;4,8;2,6;9;7,509091929;5,988391561;1,104257204;1
243595;4,5;7,5;3,2;4,5;4,63266478;5,991651272;2,794311164;0
244309;6,9;7,6;6,6;6,9;5,690294897;6,008834496;5,587095014;0
244405;6,6;6,1;3,9;6,6;8,462971477;6,009230618;4,656700248;0
243303;4,5;6,3;3,4;4,5;5,08802367;6,012231522;3,730851062;1
244456;9,3;6,3;6,2;9,3;8,703143154;6,014247705;6,947349062;0
243447;5,6;7;7,9;5,6;5,318032218;6,021919728;6,573499205;0
243522;6,7;7,9;3,2;6,7;5,419921197;6,024572901;4,324479728;0
244223;6;4,6;5,1;6;6,205870312;6,039519457;4,321537984;1
244003;7,1;5,2;5,8;7,1;7,73954835;6,041645583;6,494053336;0
244705;6,9;6,1;6,5;6,9;7,042824589;6,043090246;5,443949803;0
244535;6,9;6,7;7,8;6,9;6,721341231;6,043163247;8,673438229;1
244011;8,8;5,1;2,6;8,8;8,910947407;6,048188321;0,210358568;0
244295;8,3;5,8;7,3;8,3;7,578188327;6,050986435;6,356322874;0
243603;5,8;5,9;6,9;5,8;5,260623775;6,057312739;5,923339363;1
243273;5,8;5,5;4,8;5,8;4,557843075;6,062467864;4,059874871;1
243906;7;6,2;5,9;7;6,728212716;6,06253451;7,351210183;1
243385;4,2;6,9;3,2;4,2;6,254085438;6,065719593;2,818596908;0
244221;9,3;7;3,6;9,3;8,527802681;6,068666678;2,807819858;0
244479;5,6;6,2;7,2;5,6;5,248914899;6,074110809;6,425643307;0
244409;1,4;6,3;4,5;1,4;1,781200946;6,074602466;4,613556031;1
243702;6,2;5,6;3,4;6,2;6,635360923;6,074949193;3,688837098;1
243761;6,6;4,9;4,6;6,6;6,88828923;6,075018199;5,741645958;1
244632;7;6,2;5,2;7;7,427050776;6,07666281;5,806781132;1
244410;9,5;5,2;4,5;9,5;9,922902771;6,079767077;5,124930213;0
244680;3,4;5,7;6,2;3,4;5,177151786;6,087554684;6,453626289;0
244063;7,6;6,4;7,6;7,6;8,172881382;6,091648053;7,950325873;0
243434;5,2;6,8;6,5;5,2;5,095413433;6,093193813;5,686503511;1
243938;4,7;5;5,5;4,7;4,236711751;6,096788211;5,072647839;1
244217;8,1;5,3;3,4;8,1;7,305547789;6,104169648;3,965929929;0
243617;7,1;5,2;6,8;7,1;5,017202637;6,107146124;9,907636094;0
243407;8,3;5,3;4,1;8,3;8,308428313;6,119777531;3,670857211;1
244086;9,9;6;9,2;9,9;9,922902771;6,128981229;10,00122603;0
243912;5,2;5,7;4,9;5,2;4,085151823;6,131318877;4,598567999;0
243292;6,9;4;6,4;6,9;6,466108285;6,136606186;6,537680128;0
243349;5,7;6,6;8,9;5,7;7,067354456;6,138732659;9,609147;0
243406;5,4;6,8;2,6;5,4;5,54873499;6,155833993;2,237943417;1
244140;9,4;6;4;9,4;9,527798061;6,157118377;4,198519877;1
243642;5;7,1;5,8;5;2,641157364;6,157716824;5,357020715;1
244595;5,2;4,4;1,8;5,2;5,864883084;6,163185964;0;0
243894;5,3;5,4;3,1;5,3;6,190420093;6,163396247;3,28359674;0
244399;7,5;4,4;4,9;7,5;7,383742719;6,164044965;3,670532192;0
244207;8,9;5,8;0,7;8,9;8,202923749;6,165487069;1,110896887;1
244590;6;5,6;4,9;6;4,806309777;6,167259757;5,907187214;1
244565;6,2;6,1;2,7;6,2;6,706924678;6,171457203;2,043249603;0
243575;6,6;6,8;3,2;6,6;5,06187323;6,173758238;3,828783235;0
243252;5,1;7,5;3,8;5,1;5,290276986;6,184041355;4,835995609;1
244062;5;6,3;4,9;5;5,78402955;6,185227612;5,428630609;1
244248;8,6;5,7;6,3;8,6;9,490788901;6,198290102;6,460766589;1
244501;5,3;6,6;4,7;5,3;6,103057311;6,200582238;6,163692446;1
243238;8,8;5,9;2,9;8,8;7,721027791;6,202933436;2,953949357;0
243962;8,2;4,6;6,5;8,2;8,133364605;6,203120299;6,657724478;1
243883;6,6;6,1;3;6,6;6,034741324;6,205918039;2,826765213;1
244091;8,2;6,1;7,7;8,2;6,970342795;6,210974807;5,276065617;0
243913;7;4,7;4,4;7;7,210233462;6,219549678;5,111699871;0
244659;9,6;6;3,1;9,6;9,922902771;6,224682573;3,726351278;1
244289;9,9;7,1;2,6;9,9;8,399471206;6,238255343;3,640248924;0
244663;6,1;5,7;1,2;6,1;6,557269721;6,239151697;0,949076194;0
243959;7,1;5,2;2,7;7,1;6,018119088;6,239829367;2,257406578;1
244383;6,8;6,4;4,1;6,8;5,416217443;6,244303326;4,454110639;1
244275;5,5;5,8;7;5,5;6,659063839;6,251057596;6,331594655;0
244491;4,3;4,5;7,2;4,3;4,792009079;6,255954969;8,691580408;0
243260;6,2;5,7;7,4;6,2;6,312017001;6,261070568;9,073505638;0
244341;3,4;7,9;5,2;3,4;3,716058668;6,263501826;5,850100155;1
244509;8,9;5,2;6,4;8,9;8,146315952;6,264946146;6,83262562;1
244562;8,1;4,6;4,4;8,1;8,301576578;6,27017326;3,675153077;0
244601;6,7;6,7;1,2;6,7;4,180072554;6,27036036;2,049244772;0
243364;6,2;5,9;8,1;6,2;4,564930357;6,285458915;8,00613978;0
244157;6,1;5,1;5,3;6,1;6,536176418;6,286305528;3,739059872;1
244507;7,4;5,6;10;7,4;9,208442702;6,297478366;9,520217686;1
243287;8,3;5,7;4,6;8,3;8,710527308;6,306507602;5,834921877;0
244258;10;7,4;8,1;10;8,981452414;6,30703991;7,727074484;1
244464;5,8;6,6;4,1;5,8;6,059955131;6,307497473;3,345919587;1
243832;7;5,5;8;7;6,330279708;6,312003345;8,605527745;0
244686;4,3;6,1;2,5;4,3;6,089021977;6,312213417;1,433705332;0
244500;7,5;4;5,9;7,5;8,448942876;6,314502571;8,211454205;0
244266;9;5;5;9;8,104101824;6,320271871;6,722917162;1
244702;7,4;7,6;6,8;7,4;7,270894961;6,321142003;5,409528681;0
244723;6,4;5,6;8,8;6,4;8,323785117;6,325732629;8,337486504;1
243333;4,9;5,7;5;4,9;6,339185296;6,338366509;6,781913455;1
244537;8,3;5;8,5;8,3;7,022982208;6,34659265;8,179367858;0
243383;5,4;6,2;3,4;5,4;5,590825713;6,349255404;2,951041441;1
243352;6,1;5,9;8,4;6,1;5,453902436;6,35450308;7,914869135;1
243278;6,6;7,2;3,8;6,6;6,552347552;6,363907544;3,306984096;0
243728;4,9;6,3;2,9;4,9;5,659969247;6,37075335;2,707330065;1
243828;6,6;5,7;3,4;6,6;6,366821505;6,375620973;2,961625771;0
243905;5;5,2;2,6;5;6,031225265;6,393254167;2,095818589;0
243474;4,7;7,4;0,2;4,7;3,934010481;6,393335291;1,106032276;1
244020;10;7,5;8;10;9,922902771;6,394027178;7,428473904;0
244352;8,4;6,2;7,3;8,4;9,300369229;6,403520198;5,112415476;0
244351;8,3;6,2;3,5;8,3;8,182480043;6,405059348;1,895009062;1
244376;6;6,1;5,6;6;6,395009793;6,405641973;6,971907913;1
243301;7,2;7,7;3,6;7,2;5,472901818;6,40943645;4,36431888;1
244347;7,1;4,8;4;7,1;6,641283092;6,411793597;4,898448078;0
244592;9,7;7,2;4;9,7;9,273169213;6,415576264;5,251880571;0
244081;7,5;5,7;3,6;7,5;7,837763415;6,417507952;2,958840119;1
244200;5,6;6,8;4,3;5,6;5,473501588;6,42397437;3,364866542;0
244502;8;5,8;9,4;8;6,984326199;6,42926683;9,194778889;1
244602;7,7;4,8;4,8;7,7;6,267521904;6,429662613;3,721819624;1
244176;7;6;10;7;8,140396675;6,432183711;9,578003669;0
243799;6,1;5,6;4,1;6,1;6,822708596;6,432220304;3,286983535;0
244515;8,8;5,5;4,9;8,8;8,290259072;6,44137031;4,948588099;1
243963;8,5;6,5;4,3;8,5;9,704204858;6,443007003;3,588512677;0
244130;8,2;6,4;4;8,2;8,032414388;6,454403288;4,454008969;1
244097;1,4;6,6;3,9;1,4;0;6,458210002;1,454498499;0
244395;9,9;5,2;2,4;9,9;8,940206801;6,463069667;3,407619548;0
244080;4,1;5,6;5,1;4,1;5,157139423;6,464933597;4,42940972;0
243255;7,2;5,1;3,1;7,2;7,078226935;6,469480268;4,367935127;1
243487;5,2;6,3;3;5,2;6,547321986;6,469679012;3,928085585;1
244717;7,7;5,9;6,8;7,7;8,80084605;6,473536891;7,326669518;1
243353;5,6;5,8;3,6;5,6;4,941789815;6,486235763;3,078499851;0
243291;5,6;6,1;6,6;5,6;6,867630086;6,496434762;6,999336961;1
244186;7,5;5,9;7,8;7,5;7,222557292;6,496931268;6,320767669;1
243830;7,5;7,2;8;7,5;7,33744139;6,502240778;8,631412206;1
244324;7,2;4,4;3,8;7,2;6,72119934;6,505570601;2,789171684;0
244307;3,7;7,1;4,6;3,7;3,694147268;6,51008308;4,808092517;0
243420;6,2;6,8;5,9;6,2;8,2168235;6,510481587;4,483080349;1
243389;7,8;6;5,7;7,8;7,235739309;6,51116194;5,688324116;1
244513;3;7,3;6,4;3;3,078512713;6,526359473;6,938504601;1
244254;10;6,6;7;10;9,922902771;6,531344937;6,054241616;0
244555;5,7;6,9;5,5;5,7;5,700547122;6,538171109;5,287144596;0
243525;8,2;6,2;5,1;8,2;7,808929181;6,541238389;5,577920691;1
243960;8,2;5,6;5,6;8,2;9,086561656;6,54577978;5,986898438;0
243687;9,1;7;4,2;9,1;9,922902771;6,550058974;3,519088174;0
244300;2,7;6,5;5,4;2,7;4,485001373;6,551841839;5,56350666;1
244475;8,4;7,5;8,2;8,4;9,922902771;6,553347246;8,053116136;1
243752;3,2;6,2;1;3,2;5,205412955;6,563574616;2,689610389;1
243895;10;6,8;6;10;8,324245526;6,570155967;6,30031305;0
243438;9,2;6,6;6,7;9,2;9,60790283;6,575549356;8,009263606;0
244657;9,5;6,4;5,9;9,5;9,254463211;6,584147642;4,692285334;1
244369;6,1;7;2,1;6,1;6,076614546;6,587271474;1,201429114;1
243500;7,6;4,4;2,4;7,6;7,016100089;6,588474805;2,127975236;1
243290;9,8;6,5;7;9,8;9,922902771;6,591429012;6,705976651;0
243379;8;6,5;5,5;8;7,423070016;6,594073958;3,490997032;0
244573;10;5,4;4,1;10;9,315848404;6,595781285;4,651965747;0
244007;6,6;6,1;2,4;6,6;7,213125634;6,599408781;1,851650862;0
243647;5,3;6,1;2,8;5,3;5,425616166;6,60250199;3,198703811;1
244089;6;4,9;6,7;6;5,929958093;6,603881526;5,752330114;0
243236;6,3;6,2;6,2;6,3;8,70107107;6,604560833;5,054286432;0
243891;4,4;7,3;5,3;4,4;4,694154054;6,605998414;6,868394765;1
243515;6,1;7;5;6,1;6,78096483;6,618064215;7,65926601;1
244083;7,6;6,1;6,4;7,6;7,709994603;6,618550553;4,774336967;0
243457;7,8;6,5;7,6;7,8;6,338952875;6,623065092;8,063766841;1
243785;8,8;6,9;7,7;8,8;9,192021571;6,634206135;8,480218818;1
243309;4,2;5,7;5,6;4,2;3,464940497;6,637959283;5,48014891;0
244732;10;7,3;6,8;10;9,21826397;6,647189062;5,825989476;0
243600;5,2;5,7;5,7;5,2;5,705945404;6,650684859;6,714495153;1
243978;7,4;6,9;5,9;7,4;7,402185291;6,673128725;6,308102495;0
243781;3,7;4,3;6,5;3,7;4,848652773;6,676472624;7,49330092;0
244213;5,8;7,3;4;5,8;6,350739196;6,683903497;3,075910465;0
243322;9,4;5,6;8,3;9,4;9,922902771;6,688866818;6,37842955;1
243836;6;6,1;5,9;6;6,970477237;6,693795993;5,428284297;1
244533;8,4;4,4;2,1;8,4;8,617794286;6,696333465;2,541586528;0
244293;9,8;6,2;3,1;9,8;9,922902771;6,697151429;3,674549561;1
244012;6,8;8,1;0,6;6,8;7,202469476;6,707774195;1,19100476;0
243317;6,9;4,7;4,2;6,9;5,932130425;6,710409812;4,542791566;1
244614;10;5;7,2;10;9,681940941;6,719624603;6,21452763;1
243300;8,3;6;4,5;8,3;5,729918838;6,735108713;4,716192375;1
243537;6,6;5,3;5,7;6,6;6,259022792;6,73709836;4,646347592;0
243527;4;7,6;9,2;4;4,528108274;6,744704316;9,130214416;1
244216;7,3;5,9;7,4;7,3;7,998815862;6,745621083;5,286461168;0
243939;6,8;6;4,8;6,8;7,739735931;6,750904702;3,122252455;0
243269;6,6;7,6;6,3;6,6;6,596101156;6,75527777;7,146074915;1
244336;7,5;5,8;6,9;7,5;7,042112174;6,755521397;7,778602561;1
243608;6,4;6,4;4,3;6,4;5,3780798;6,759046591;4,231761904;0
243520;7,9;5,4;6,1;7,9;7,02971934;6,762751514;6,083650104;0
244728;7,2;6,4;7;7,2;5,500539369;6,774700605;6,409156527;1
243922;6,7;7,5;3;6,7;7,011092835;6,778012343;3,316849961;0
243846;4,1;6;4,6;4,1;2,663074665;6,798263524;5,43300679;1
243979;10;4,7;5,2;10;9,922902771;6,806065237;6,369565544;1
244250;10;6,4;7,2;10;9,766863961;6,807382503;7,685661846;1
243564;9,6;8,2;5,1;9,6;9,458704293;6,816804185;5,673888681;0
244458;8,1;4,5;6,8;8,1;8,334500939;6,818663596;6,459351132;1
243246;10;6,7;6,5;10;9,922902771;6,819001128;5,379351384;1
243342;5,5;5,3;2,8;5,5;6,2460547;6,82043421;3,698434815;0
243955;5,3;5,4;5,5;5,3;6,268931441;6,822970433;5,051234139;0
244432;7,3;6,5;5,4;7,3;7,451069597;6,825504464;4,31941127;0
243588;7;5,8;7,7;7;6,018465315;6,831971318;8,700244104;1
243751;6,5;7,3;4,9;6,5;5,132053428;6,850416073;4,712209701;0
243499;3;6,1;7,2;3;3,243445956;6,85482803;6,664492474;1
244346;5,9;7;5,4;5,9;5,155944445;6,8584159;5,887135047;1
243987;5,6;8,3;5,3;5,6;6,783520414;6,86783455;7,476770136;0
243384;9;7,1;4,9;9;9,474984695;6,868897175;4,220760228;0
243818;6,5;7;1,3;6,5;5,638761683;6,877834538;0,988618636;0
243429;7;6,9;5,1;7;7,744213303;6,893371958;4,49765722;1
244640;6,2;5,8;2,4;6,2;7,362223294;6,901625984;1,8179602;0
243592;6,1;6,3;4,6;6,1;7,703141814;6,90568494;5,109253523;1
243854;10;7,8;3,2;10;9,922902771;6,907867656;0,31760587;1
243318;5,4;6,1;2,9;5,4;6,28780314;6,908678749;2,530970913;1
243395;6,1;8,5;3,9;6,1;6,262022863;6,90888212;5,304363173;1
243326;5;5,5;4,6;5;5,820636483;6,919029828;3,412230151;0
244006;4,6;6,2;7;4,6;6,446788675;6,922015302;6,969856977;1
243631;10;6,8;1,2;10;9,922902771;6,928671336;0,076515157;1
244308;7;7,5;7,1;7;8,593902066;6,935706624;6,554845885;1
244618;9,7;5,7;4,4;9,7;9,922902771;6,947345144;4,609355722;1
243570;4,6;5,7;3,7;4,6;4,519041823;6,948879633;3,98736669;1
244265;4,4;6;2,1;4,4;4,557321212;6,976635866;1,991655294;1
244150;7,6;6,9;5,8;7,6;7,447773393;6,979056318;5,323610886;0
244093;8,4;6,2;2,6;8,4;9,226995698;6,979690765;2,301413468;0
243731;7;8,1;5,6;7;8,128529735;6,98902653;6,071965432;0
243605;5,5;7,1;2,7;5,5;5,859960346;6,998745988;3,403520631;0
244292;3,5;7,2;6,9;3,5;3,165509331;7,015066299;7,302903326;1
244393;8,8;5;4,6;8,8;8,407810035;7,016357035;5,190769749;0
244581;6,3;5,8;3,1;6,3;5,893772152;7,023087229;4,209634005;0
244669;4,2;6,1;2,7;4,2;5,22627791;7,025321268;2,957423479;1
243462;6,2;6,3;4,4;6,2;6,14644698;7,06531249;4,67623721;0
243593;5,3;6,3;6,6;5,3;4,008632777;7,07176377;9,254807824;1
243433;4,9;8,4;7,6;4,9;4,558085926;7,080761519;8,450614826;1
244511;6,8;7,2;6,3;6,8;6,807722213;7,098848222;4,589215314;1
244364;8,9;5,9;7,2;8,9;9,306763727;7,099957432;8,344926527;1
243888;8,7;6,3;8,1;8,7;9,922902771;7,114350531;8,63177449;0
243281;3,1;7,1;6,2;3,1;2,757670099;7,127370308;6,861538433;0
243476;5,5;7,1;1,5;5,5;5,282486514;7,153884708;0,253254196;0
244333;5,2;6,1;6,9;5,2;4,440977754;7,186123009;9,041025491;1
244135;4,3;8,3;3,8;4,3;3,967697074;7,190478009;2,774151604;0
244539;7,1;5,8;6,4;7,1;6,822611868;7,191580674;6,257253494;0
244173;8,9;6,8;5,1;8,9;8,963716031;7,198745561;2,486811938;0
243507;8,1;8,6;0,8;8,1;7,699789598;7,199679778;1,012922101;1
244219;8,6;5,3;5,4;8,6;8,067348152;7,211565982;6,037300626;0
243721;7,7;7,3;4;7,7;8,104188487;7,222770769;5,297350092;0
243777;10;6,6;5,7;10;9,922902771;7,230929451;4,436750586;0
244203;6,5;6,2;5,1;6,5;6,927894858;7,244964092;5,379515122;0
243618;5,2;5,6;9,5;5,2;4,758213838;7,266205932;10,00122603;1
244718;5,2;5,8;3,9;5,2;5,685752544;7,268699861;4,389376222;0
244328;6,6;7,3;4,9;6,6;7,592096551;7,278721854;4,411172533;0
243991;9,8;7,3;7,5;9,8;9,584585927;7,28032034;7,766986449;0
244166;8,6;7,1;2,1;8,6;8,009478667;7,280937311;0,935962251;0
243591;9,4;7,8;5,8;9,4;9,922902771;7,281983976;6,003064653;0
243599;6;7,5;6,9;6;5,836664138;7,284785906;5,416899693;1
244090;9,2;7,6;7;9,2;9,922902771;7,286060531;8,276119105;1
244579;5,1;4,1;3,8;5,1;4,180832348;7,291656201;3,952566247;0
244260;7,1;7,8;5,3;7,1;7,386025916;7,292003756;4,92498145;1
243804;7,3;6,6;8,4;7,3;7,07025565;7,294860456;9,339898239;1
243336;9,6;7,3;6,6;9,6;9,922902771;7,308958809;6,622681686;1
244286;6,4;6,3;6,8;6,4;7,438468005;7,310862998;6,772542513;0
243398;10;7,9;5;10;9,922902771;7,312863447;5,438415086;1
244198;9,4;6,6;5,2;9,4;9,922902771;7,317985819;5,962847623;0
244174;5;7,8;4,1;5;3,296900356;7,340944907;3,944398302;0
244722;7,8;6;7,5;7,8;6,612456243;7,344983038;8,375527756;1
244547;8,2;7,8;2,6;8,2;7,604019282;7,351996756;2,162484076;0
244290;1,6;6,3;5;1,6;1,582921306;7,355746111;3,103959167;1
244170;6,7;7,4;8;6,7;5,910014533;7,356335022;9,296214436;0
244078;5,3;6,4;4,2;5,3;5,215485253;7,358851116;6,343305102;0
243541;8,1;6,6;5,9;8,1;6,88875643;7,359347776;6,431522115;1
243778;4,3;5,9;5,1;4,3;4,625111326;7,361525211;5,139727408;1
243965;6;6,8;5,3;6;6,007244899;7,362759425;7,175039454;1
243812;8,7;8;2;8,7;9,830696747;7,371678824;3,146320766;1
243619;5,6;6,5;8;5,6;5,239924919;7,390859774;7,603023697;0
243848;6,4;7,4;4,4;6,4;5,756776918;7,412275077;5,996297023;0
243820;6,6;7,3;3,4;6,6;7,652446014;7,41334946;2,009721512;1
243855;10;6,2;7,6;10;9,473702446;7,425559931;9,506613199;0
243998;6,9;4,9;4,5;6,9;8,019415499;7,447546813;3,368533727;1
243694;7,9;8,1;4,1;7,9;8,106796943;7,45125713;3,158489803;1
243749;9,6;7,6;6,4;9,6;9,922902771;7,456552992;6,254221551;0
243530;9,1;8,4;7,4;9,1;8,118593481;7,457834068;7,536785351;0
244733;8,5;7,5;1,6;8,5;8,274141909;7,474842789;3,132363801;0
243360;2,9;7,2;6,9;2,9;2,68266897;7,487878298;5,690902857;1
243859;8,1;6,6;4,5;8,1;8,095545488;7,492223974;2,117871163;1
243590;8,1;7,5;10;8,1;7,928111092;7,494792687;9,055735715;1
243816;8;5,7;7,7;8;8,727185561;7,497312656;9,398810972;0
244119;7,4;6,9;4,5;7,4;7,651791268;7,505009695;3,906225497;0
243843;10;6,3;4,7;10;9,172584472;7,524497362;4,704303398;0
243607;8,5;6,8;9,3;8,5;9,896646083;7,529631341;10,00122603;1
244098;5,4;7,4;0,2;5,4;4,336471272;7,538020597;0;0
243943;7,6;6,4;5,9;7,6;6,568259524;7,541667196;5,278791854;1
244607;4,4;6,3;2;4,4;2,698826055;7,550729978;1,859676311;1
243243;10;7,3;6,1;10;9,531028649;7,562890431;7,12414824;0
244499;6,6;6,9;6,9;6,6;4,446123868;7,563062232;7,184394902;1
244662;8,5;5,4;2;8,5;7,88200207;7,568237992;1,674427385;1
243835;7,1;7,2;3,2;7,1;8,1400184;7,580872437;3,443119464;1
243919;6,3;8,6;6,7;6,3;7,381730019;7,589791534;5,822308955;1
243837;7,3;8,5;3,9;7,3;8,182638007;7,600748871;2,833805435;1
244527;5,1;6,8;3,1;5,1;7,687850978;7,601530885;4,7245951;1
243665;7,6;7,4;5,5;7,6;6,639376812;7,602453835;5,89118283;0
243901;6,5;7;8,3;6,5;7,659645817;7,602787997;10,00122603;0
243794;7,4;7,8;7,1;7,4;5,075374398;7,644031527;7,97861234;0
243823;9,2;8,1;6,4;9,2;8,178369173;7,647049344;6,087607192;0
244072;9,7;6,2;6,2;9,7;8,735783797;7,653212233;5,681879209;0
243822;2,9;6,6;3,1;2,9;2,550113123;7,655415855;2,351399426;1
243446;5,9;6,7;3,6;5,9;6,601897188;7,678644711;4,510751636;1
243262;5,9;7,6;4,9;5,9;5,004729226;7,707517083;5,970077075;0
244373;2,8;7,5;8,5;2,8;2,507744997;7,713241912;8,332577149;0
243403;7,4;8,4;7,5;7,4;6,467261463;7,718960538;7,392422398;0
243621;5,8;8,9;5,3;5,8;7,664529628;7,722489562;4,106666576;1
243449;6,5;7,2;3,7;6,5;6,698710518;7,743394996;3,11054249;0
243490;7,4;6,8;5,1;7,4;6,612854961;7,757645694;5,031318494;1
243263;7,8;6,8;3,2;7,8;9,603014232;7,758137581;3,271810968;1
243851;7,2;7,7;6,7;7,2;5,908094073;7,76259156;5,408692539;1
243620;6,8;6;5,7;6,8;7,18867519;7,763054773;5,073339219;1
243502;9,1;7,2;5,3;9,1;8,568552324;7,765379585;4,84784157;1
243597;7,8;7,5;6,3;7,8;8,979628243;7,770779033;5,198338239;0
243503;7,2;7,8;3,5;7,2;4,859084169;7,771395698;2,339326219;0
243989;5,3;6,7;3,7;5,3;5,071377823;7,778472815;3,380865578;0
244546;6,4;7,7;7,4;6,4;6,288287874;7,785664051;6,954340915;0
243321;5;6,6;3,8;5;5,537126943;7,793715547;3,43009964;1
243313;7;8,7;4,5;7;7,767675898;7,796197298;4,495764455;0
244050;5,1;6,2;6,1;5,1;4,225909875;7,806090874;8,519824667;1
243695;5,2;6,7;7,1;5,2;5,593248678;7,81700226;9,487913614;1
243373;10;6,8;8,5;10;9,922902771;7,837637699;8,231272893;1
243842;5,9;8;6,6;5,9;6,991001498;7,83890272;6,670398314;0
244482;10;8,1;6,9;10;9,922902771;7,840144557;6,62388857;0
243892;6,9;8;4,5;6,9;6,194664454;7,842901849;4,549700026;0
244679;5,5;7,7;5,5;5,5;5,632508288;7,852254872;6,156919521;0
243940;5,8;7,1;4,5;5,8;5,478044295;7,852568814;4,798893051;0
243306;7,2;7,7;4,2;7,2;7,149806497;7,853086591;4,788656193;0
243436;7,4;7,4;0,8;7,4;8,757769407;7,861029361;0,334193441;0
243485;5;6,3;6,6;5;4,480895014;7,883393736;5,282092261;0
244363;5,2;7,7;1,8;5,2;5,489750791;7,888830605;0,938173467;1
243583;5,8;7,1;7,2;5,8;4,955331429;7,892349099;7,401187508;1
244161;6,9;7,2;7;6,9;6,839271595;7,930703069;5,343742572;1
243408;7,6;7,3;4,9;7,6;6,307227045;7,932156445;3,364491229;0
243250;5,7;5,5;7,6;5,7;6,670241706;7,94113723;8,51631411;1
244699;8,9;8,5;4,9;8,9;8,50937113;7,95139477;4,023469064;0
243791;3,7;6,2;1,5;3,7;2,885903966;7,964599317;0;1
244498;8,6;6,9;5,8;8,6;9,107743701;7,965260268;5,353707678;0
243902;7,5;7,9;6,1;7,5;8,196459342;7,972946131;6,108919124;1
244698;4,8;5;2,9;4,8;2,94837383;7,984948967;4,167432517;0
243682;6,5;6,8;5,4;6,5;7,563993007;7,988259878;6,622121032;1
244314;6,2;7,6;6,3;6,2;5,784499332;7,990973565;5,816281725;1
244025;6,7;7,5;4,8;6,7;6,150231663;7,99135416;4,907767384;0
244707;10;8,3;8,2;10;9,922902771;8,001258249;8,601985327;0
243893;5,3;7,3;5;5,3;5,914206297;8,003948333;4,754517513;0
243544;7,2;7,5;5,9;7,2;6,814220605;8,009364986;5,072973129;0
244624;5,3;8,9;6,5;5,3;4,849224124;8,013089211;7,076410175;0
243952;8,6;6,6;8,2;8,6;9,922902771;8,01319525;6,696163243;1
243511;4,4;8,9;4,6;4,4;5,542453678;8,02287929;2,782370639;0
244563;6,5;7,1;7,1;6,5;5,301398747;8,029327265;7,373462775;0
244105;5;6,1;5,7;5;5,75678311;8,02965559;5,293157458;0
244099;8,9;8;2,9;8,9;7,56214508;8,030832986;2,494304945;1
244019;7,1;6,5;3,2;7,1;5,495304051;8,038157075;2,577464793;0
243405;4,7;7,7;5,1;4,7;4,475340407;8,04308618;4,526247251;1
243852;7,3;8,1;2,9;7,3;7,200571491;8,04410218;5,460656843;1
244370;5,8;8;0,7;5,8;5,551054395;8,050322527;0,1047998;1
243606;8,1;6,6;7;8,1;9,924428059;8,09766925;8,280960605;0
244545;10;7,5;5,8;10;9,534081375;8,104849655;6,268692375;0
243993;6,7;6,3;4,1;6,7;8,622311726;8,113066109;4,008557749;0
244379;6,2;7,3;5,3;6,2;6,742686105;8,151915647;5,251215727;0
243265;6,1;7,9;3,4;6,1;4,871127033;8,166308932;3,761484846;0
244689;6,3;8,7;5,2;6,3;3,83445196;8,16666414;7,259921215;1
243636;6;8,3;6,8;6;6,640380912;8,194503826;6,446515807;1
243554;6,6;6,8;4,3;6,6;5,550516973;8,198864993;3,27302516;1
244154;8,8;6,7;5,6;8,8;7,702391334;8,204485868;3,444994663;1
243602;10;8;4,7;10;9,922902771;8,209310602;5,081614215;1
244156;5,9;7,7;6,1;5,9;6,006198814;8,213282293;5,891724893;0
244167;9,1;10;4,7;9,1;8,23563813;8,257465272;4,453112558;0
243713;7,6;9;4,6;7,6;8,196605116;8,261515414;2,712394378;1
244362;4,9;8,3;0,2;4,9;3,788702328;8,290495372;1,764360057;0
244113;9,4;7,3;4,1;9,4;9,922902771;8,312291262;6,713579367;1
243427;7,3;7,9;2,8;7,3;5,714272065;8,313652743;3,191465385;0
243767;8,4;10;6;8,4;8,17503648;8,315265097;5,61019366;1
243704;3,5;8,7;7,1;3,5;4,22761011;8,340765057;4,410233793;1
244471;10;8,7;5,9;10;8,084204183;8,34219315;6,982713987;1
244661;6,3;7,4;2,3;6,3;5,257207075;8,372207057;1,472535656;0
244508;8,6;5,9;5,2;8,6;9,094144569;8,416408979;6,181660856;1
243519;5,2;8,2;4,5;5,2;5,127691295;8,417088089;5,561232024;0
244122;6,6;7,7;3,7;6,6;6,138805459;8,41870986;4,075697889;1
244683;9,1;7,6;7,3;9,1;8,397465926;8,420503782;5,760954137;0
243658;7,8;7,8;2,4;7,8;8,393479743;8,423772168;2,161174948;1
244104;8;9,3;7,4;8;8,105817976;8,430992145;7,291375562;1
243611;8,9;9,9;6,1;8,9;8,715474267;8,447398126;6,041051117;0
244674;4,2;7;7,5;4,2;4,542156992;8,453992447;6,459617787;1
243909;9,5;7,8;6,5;9,5;9,358509581;8,454595753;5,669187389;0
244280;6,9;6,9;0;6,9;5,627874968;8,459655932;0;0
244390;8,9;8,1;8,4;8,9;7,854808857;8,475009554;8,282299685;0
244263;9;6,9;3,9;9;8,235347274;8,486372276;2,705449328;1
243325;4,8;7,4;5,2;4,8;5,989728611;8,492065074;4,454963704;0
244568;8,9;7,5;8,2;8,9;8,250099822;8,508332809;5,904262841;0
244656;6,4;9,3;4,8;6,4;6,891662905;8,524566629;4,234956821;1
243372;6,9;7,2;6,9;6,9;7,755716396;8,524923741;7,74099937;0
243868;5,5;9,4;5,9;5,5;5,385376844;8,530483544;4,800888603;0
244366;7,6;8;3,5;7,6;6,695265402;8,5392114;2,260793928;0
243951;5,7;8,1;2;5,7;6,970392085;8,552934377;2,195240128;0
243288;3,9;6,5;6,7;3,9;3,191254346;8,561453147;7,214594886;0
244017;6,4;7,8;6,4;6,4;5,915568977;8,582242958;6,587860543;1
243356;6,4;7,9;8,5;6,4;5,953512093;8,582319727;9,946226873;1
243750;5,3;8,4;1,7;5,3;6,279892266;8,585288095;1,381362557;1
244402;8,8;7,2;5,9;8,8;9,922902771;8,588909849;6,312342038;0
243873;8,3;10;7;8,3;6,827166713;8,609535973;7,959915802;1
243435;6;8,9;5,3;6;6,234868038;8,61275737;5,297752622;0
244586;10;8,3;5,9;10;9,922902771;8,645652524;5,913020076;1
244310;8;7,5;4,1;8;7,580062992;8,670728943;3,555860319;1
244408;6,8;7,4;3;6,8;7,546692284;8,680258983;3,678898072;1
243773;9,9;7,3;3,1;9,9;9,922902771;8,691918722;4,840587209;1
244066;10;7,8;4,6;10;9,671716171;8,700031791;5,163789347;0
244045;6,9;9;6,5;6,9;7,6051149;8,716712369;5,443106668;0
244087;7,2;8,2;5,9;7,2;5,007766404;8,745367013;4,735904817;1
243810;4,9;6,3;3,9;4,9;4,887054202;8,754088409;3,438649059;0
244316;5,6;8,2;4,5;5,6;6,773545698;8,77646127;4,660415831;1
243523;6,4;7,9;7,8;6,4;7,79945715;8,815912353;8,37552504;0
244152;8;8,4;2,7;8;8,072216605;8,819730161;1,778691586;1
244560;10;8,6;8,6;10;9,676701185;8,820099129;7,552731816;1
244357;4,3;8;7,7;4,3;3,373893015;8,852844438;5,708563478;1
243886;7,1;6,5;6;7,1;7,26895192;8,872742957;5,777466669;0
244361;9,9;10;2,4;9,9;8,928264877;8,876210237;1,330602234;1
244374;6,2;7,4;3;6,2;5,791478214;8,908067631;2,99820265;0
243532;8,1;9,1;6,3;8,1;5,920263789;8,917221704;6,402801925;0
244530;7,2;7,5;5,1;7,2;9,177805352;8,948302053;5,646814886;0
244018;9,6;7,8;3;9,6;9,922902771;8,968723472;2,799648545;0
244187;8,8;8,5;4;8,8;8,5799487;8,99513943;3,014175549;0
243841;3,8;9,4;1,5;3,8;5,314949534;9,025675423;2,792949418;1
243679;9,6;8,3;5,8;9,6;9,922902771;9,058985453;5,940012425;0
244643;5;7,2;4,2;5;4,400077504;9,066196487;4,580039031;1
243329;7,4;8;3,3;7,4;7,601907738;9,069792732;2,760083924;1
243437;9,8;9,1;6,2;9,8;9,922902771;9,12857421;7,575648503;0
243358;5,9;9;4,2;5,9;6,721882768;9,137647777;4,441513382;0
244095;8,8;7,8;2,7;8,8;8,065077292;9,164118861;2,038667086;0
244438;7,5;10;5,7;7,5;7,969026999;9,166534879;6,63467388;1
244240;8,2;7,6;6,4;8,2;8,295441914;9,175924234;6,56038551;1
243369;4,5;8,6;3;4,5;4,216963801;9,178850583;3,247786831;0
244271;7,1;8,6;4,9;7,1;7,883726816;9,213449542;4,068937252;1
244605;8,3;7,4;3,2;8,3;7,758676808;9,214246966;1,086575475;1
243444;8,7;7,5;5,4;8,7;8,107892443;9,227479302;4,941341563;0
243703;7,2;7,7;2,7;7,2;6,931180535;9,231000629;1,391650153;0
244299;7,7;8,8;6,8;7,7;9,585824051;9,231168452;5,028106229;1
244381;4,7;8,8;3,1;4,7;4,086824683;9,237772026;2,984374395;1
244572;5,4;7,9;6,4;5,4;4,718357385;9,248272476;5,350373087;1
243551;5,9;8,1;6,2;5,9;6,891825532;9,277265123;7,186506924;1
243443;6,1;8,4;6,2;6,1;5,231228154;9,298838561;4,463288603;1
243463;9,2;9,1;5,9;9,2;9,48764267;9,304174646;5,062310518;1
243381;6,8;9,1;6,4;6,8;6,451502658;9,339723528;5,789670342;1
244334;4;8,1;5,7;4;5,710332012;9,343979885;6,372445454;1
244153;5,8;10;7;5,8;6,107766091;9,351947587;6,184950411;1
244514;6,5;8,9;4,5;6,5;5,06655346;9,356317154;4,097438037;1
244231;6,4;8,5;3,9;6,4;8,348473435;9,395175133;4,840551603;1
243319;7,2;8,1;1,9;7,2;9,071736703;9,423225535;0;1
244073;8,8;9;4,2;8,8;8,230482049;9,429970345;5,800612695;0
243566;5,6;8,2;8,3;5,6;7,759021171;9,435666034;8,242204791;0
243304;10;9,3;6,2;10;8,940711961;9,468100363;6,890299517;0
243516;5,6;6,3;7,1;5,6;4,617761782;9,476423612;6,289252724;0
244627;7,5;7,7;3,5;7,5;7,407198831;9,550153134;1,116941826;1
243337;9,2;8,8;4,4;9,2;9,418278581;9,550267078;5,363227539;0
244603;5,6;7;1,1;5,6;5,644503534;9,574358333;0,439442302;1
244433;6,4;9;6,2;6,4;5,829341734;9,597454509;7,233524797;1
243779;5,2;8,8;6,2;5,2;3,207509291;9,598700376;5,913072423;1
243249;6,1;7,8;2,8;6,1;7,944127376;9,635311888;2,373501843;0
244059;5,4;10;4,8;5,4;3,700820807;9,655512597;5,354705428;1
243518;8;8,7;7,4;8;6,181499898;9,655771686;6,923695735;1
243869;7,4;8,2;4,9;7,4;8,383062497;9,741015657;5,552625477;0
244242;4,3;9,6;1,7;4,3;2,732265896;9,788238568;1,447163091;1
243240;7,6;9;0,2;7,6;6,640779127;9,922902771;0,976424606;1
243355;9;9,7;3,9;9;7,085848097;9,922902771;2,946551429;0
243479;6,5;8,7;0,6;6,5;5,681782135;9,922902771;0,720431159;0
243513;9,1;8,8;1,3;9,1;7,686360341;9,922902771;1,335392218;1
243667;7,6;10;5,6;7,6;7,369183798;9,922902771;5,725688029;1
243787;4,5;9,7;5,9;4,5;3,897680783;9,922902771;5,086546111;0
243817;5,9;8,9;9,2;5,9;5,599899851;9,922902771;8,283206697;1
243918;3,5;7,9;5;3,5;1,327107103;9,922902771;2,88323273;0
244057;8,7;9,5;8,5;8,7;7,160396908;9,922902771;9,069743862;0
244092;10;8;3,2;10;9,14638798;9,922902771;3,191857604;1
244232;5;9;5,3;5;5,606891157;9,922902771;6,747819818;1
244277;6,5;9,5;4,3;6,5;5,521079541;9,922902771;4,837625187;0
244388;6,3;9,5;5,3;6,3;6,045042214;9,922902771;5,245142463;1
244510;9;9,5;3,8;9;9,372136308;9,922902771;3,451976272;1
244576;10;9,1;5,5;10;9,922902771;9,922902771;5,219577599;1
244646;4;9,7;6,4;4;2,934835997;9,922902771;5,258264646;0
