<?xml version="1.0" encoding="UTF-8"?>
<assessmentItem xsi:schemaLocation="http://www.imsglobal.org/xsd/imsqti_v2p1 http://www.imsglobal.org/xsd/qti/qtiv2p1/imsqti_v2p1p1.xsd http://www.w3.org/1998/Math/MathML http://www.w3.org/Math/XMLSchema/mathml2/mathml2.xsd" identifier="uu-Twoway-ANOVA-862-en-ans_521385538_section_1_item_1_schoice" title="Inferential_Statistics_uu-Twoway-ANOVA-862-en_uu-Twoway-ANOVA-862-en_schoice_1" adaptive="false" timeDependent="false" xmlns="http://www.imsglobal.org/xsd/imsqti_v2p1" xmlns:xsi="http://www.w3.org/2001/XMLSchema-instance">
<responseDeclaration identifier="uu-Twoway-ANOVA-862-en-ans_521385538_section_1_item_1_schoice_RESPONSE_1_8847959" cardinality="single" baseType="identifier">
<correctResponse>
<value>uu-Twoway-ANOVA-862-en-ans_521385538_section_1_item_1_schoice_1_1328096511</value>
</correctResponse>
<mapping defaultValue="0" lowerBound="0.0">
<mapEntry mapKey="uu-Twoway-ANOVA-862-en-ans_521385538_section_1_item_1_schoice_1_1328096511" mappedValue="1"/>
<mapEntry mapKey="uu-Twoway-ANOVA-862-en-ans_521385538_section_1_item_1_schoice_2_5702445551" mappedValue="0"/>
<mapEntry mapKey="uu-Twoway-ANOVA-862-en-ans_521385538_section_1_item_1_schoice_3_5582644648" mappedValue="0"/>
<mapEntry mapKey="uu-Twoway-ANOVA-862-en-ans_521385538_section_1_item_1_schoice_4_2636440331" mappedValue="0"/>
</mapping>
</responseDeclaration>
<outcomeDeclaration identifier="SCORE" cardinality="single" baseType="float" normalMaximum="1" normalMinimum="0">
<defaultValue>
<value>0.0</value>
</defaultValue>
</outcomeDeclaration>
<outcomeDeclaration identifier="MAXSCORE" cardinality="single" baseType="float">
<defaultValue>
<value>1</value>
</defaultValue>
</outcomeDeclaration>
<outcomeDeclaration identifier="FEEDBACKBASIC" cardinality="single" baseType="identifier" view="testConstructor">
<defaultValue>
<value>empty</value>
</defaultValue>
</outcomeDeclaration>
<outcomeDeclaration identifier="FEEDBACKMODAL" cardinality="multiple" baseType="identifier" view="testConstructor"/>
<outcomeDeclaration identifier="SOLUTIONMODAL" cardinality="single" baseType="identifier" view="testConstructor"/>
<outcomeDeclaration identifier="MINSCORE" cardinality="single" baseType="float">
<defaultValue>
<value baseType="float">0</value>
</defaultValue>
</outcomeDeclaration>
<outcomeDeclaration identifier="SCORE_RESPONSE_1" cardinality="single" baseType="float">
<defaultValue>
<value>0.0</value>
</defaultValue>
</outcomeDeclaration>
<outcomeDeclaration identifier="MINSCORE_RESPONSE_1" cardinality="single" baseType="float">
<defaultValue>
<value>0.0</value>
</defaultValue>
</outcomeDeclaration>
<itemBody>
<p>A researcher discovers that extroverts can solve a problem better than introverts in a large room, but introverts can solve a problem better than extroverts in a small room. Which of the following answers is TRUE?</p>
<choiceInteraction responseIdentifier="uu-Twoway-ANOVA-862-en-ans_521385538_section_1_item_1_schoice_RESPONSE_1_8847959" shuffle="false" maxChoices="1">
<simpleChoice identifier="uu-Twoway-ANOVA-862-en-ans_521385538_section_1_item_1_schoice_1_1328096511">
<p>
 This rash describes a person through his/her interaction with the environment (PxE).
</p>
</simpleChoice>
<simpleChoice identifier="uu-Twoway-ANOVA-862-en-ans_521385538_section_1_item_1_schoice_2_5702445551">
<p>
 This outcome describes room size as the main effect.
</p>
</simpleChoice>
<simpleChoice identifier="uu-Twoway-ANOVA-862-en-ans_521385538_section_1_item_1_schoice_3_5582644648">
<p>
 This outcome describes personality as the main effect.
</p>
</simpleChoice>
<simpleChoice identifier="uu-Twoway-ANOVA-862-en-ans_521385538_section_1_item_1_schoice_4_2636440331">
<p>
 In this study, there are two main effects (room size and personalities), but there is no interaction.
</p>
</simpleChoice>
</choiceInteraction>
</itemBody>
<responseProcessing>
<setOutcomeValue identifier="SCORE_RESPONSE_1">
<sum>
<variable identifier="SCORE_RESPONSE_1"/>
<mapResponse identifier="uu-Twoway-ANOVA-862-en-ans_521385538_section_1_item_1_schoice_RESPONSE_1_8847959"/>
</sum>
</setOutcomeValue>
<responseCondition>
<responseIf>
<lt>
<variable identifier="SCORE_RESPONSE_1"/>
<variable identifier="MINSCORE_RESPONSE_1"/>
</lt>
<setOutcomeValue identifier="SCORE_RESPONSE_1">
<variable identifier="MINSCORE_RESPONSE_1"/>
</setOutcomeValue>
</responseIf>
</responseCondition>
<responseCondition>
<responseIf>
<isNull>
<variable identifier="uu-Twoway-ANOVA-862-en-ans_521385538_section_1_item_1_schoice_RESPONSE_1_8847959"/>
</isNull>
<setOutcomeValue identifier="SCORE_RESPONSE_1">
<sum>
<variable identifier="SCORE_RESPONSE_1"/>
<baseValue baseType="float">0</baseValue>
</sum>
</setOutcomeValue>
</responseIf>
</responseCondition>
<setOutcomeValue identifier="SCORE">
<sum>
<variable identifier="SCORE_RESPONSE_1"/>
</sum>
</setOutcomeValue>
<responseCondition>
<responseIf>
<lt>
<variable identifier="SCORE"/>
<variable identifier="MINSCORE"/>
</lt>
<setOutcomeValue identifier="SCORE">
<variable identifier="MINSCORE"/>
</setOutcomeValue>
</responseIf>
</responseCondition>
<responseCondition>
<responseIf>
<lt>
<variable identifier="SCORE"/>
<baseValue baseType="float">1</baseValue>
</lt>
<setOutcomeValue identifier="FEEDBACKMODAL">
<multiple>
<variable identifier="FEEDBACKMODAL"/>
<baseValue baseType="identifier">Feedback160745548</baseValue>
</multiple>
</setOutcomeValue>
</responseIf>
</responseCondition>
</responseProcessing>
<modalFeedback outcomeIdentifier="FEEDBACK" showHide="show" identifier="incorrect">
</modalFeedback>
</assessmentItem>
