<?xml version="1.0" encoding="UTF-8"?>
<assessmentItem xsi:schemaLocation="http://www.imsglobal.org/xsd/imsqti_v2p1 http://www.imsglobal.org/xsd/qti/qtiv2p1/imsqti_v2p1p1.xsd http://www.w3.org/1998/Math/MathML http://www.w3.org/Math/XMLSchema/mathml2/mathml2.xsd" identifier="uva-random-sample-191-nl-qti_313881950_section_1_item_1_schoice" title="1" adaptive="false" timeDependent="false" xmlns="http://www.imsglobal.org/xsd/imsqti_v2p1" xmlns:xsi="http://www.w3.org/2001/XMLSchema-instance">
<responseDeclaration identifier="uva-random-sample-191-nl-qti_313881950_section_1_item_1_schoice_RESPONSE_1_1972046" cardinality="single" baseType="identifier">
<correctResponse>
<value>uva-random-sample-191-nl-qti_313881950_section_1_item_1_schoice_1_2774235211</value>
</correctResponse>
<mapping defaultValue="0" lowerBound="0.0">
<mapEntry mapKey="uva-random-sample-191-nl-qti_313881950_section_1_item_1_schoice_1_2774235211" mappedValue="1"/>
<mapEntry mapKey="uva-random-sample-191-nl-qti_313881950_section_1_item_1_schoice_2_7031184524" mappedValue="0"/>
<mapEntry mapKey="uva-random-sample-191-nl-qti_313881950_section_1_item_1_schoice_3_9160888442" mappedValue="0"/>
</mapping>
</responseDeclaration>
<outcomeDeclaration identifier="SCORE" cardinality="single" baseType="float" normalMaximum="1" normalMinimum="0">
<defaultValue>
<value>0.0</value>
</defaultValue>
</outcomeDeclaration>
<outcomeDeclaration identifier="MAXSCORE" cardinality="single" baseType="float">
<defaultValue>
<value>1</value>
</defaultValue>
</outcomeDeclaration>
<outcomeDeclaration identifier="FEEDBACKBASIC" cardinality="single" baseType="identifier" view="testConstructor">
<defaultValue>
<value>empty</value>
</defaultValue>
</outcomeDeclaration>
<outcomeDeclaration identifier="FEEDBACKMODAL" cardinality="multiple" baseType="identifier" view="testConstructor"/>
<outcomeDeclaration identifier="SOLUTIONMODAL" cardinality="single" baseType="identifier" view="testConstructor"/>
<outcomeDeclaration identifier="MINSCORE" cardinality="single" baseType="float">
<defaultValue>
<value baseType="float">0</value>
</defaultValue>
</outcomeDeclaration>
<outcomeDeclaration identifier="SCORE_RESPONSE_1" cardinality="single" baseType="float">
<defaultValue>
<value>0.0</value>
</defaultValue>
</outcomeDeclaration>
<outcomeDeclaration identifier="MINSCORE_RESPONSE_1" cardinality="single" baseType="float">
<defaultValue>
<value>0.0</value>
</defaultValue>
</outcomeDeclaration>
<itemBody>
<p>De UvA had in 2007 272 hoogleraren in dienst. Daarvan was 16% vrouw. Hoe
groot is de kans om in een random sample van 10 hoogleraren tenminste
30% vrouwen te vinden?</p>
<choiceInteraction responseIdentifier="uva-random-sample-191-nl-qti_313881950_section_1_item_1_schoice_RESPONSE_1_1972046" shuffle="false" maxChoices="1">
<simpleChoice identifier="uva-random-sample-191-nl-qti_313881950_section_1_item_1_schoice_1_2774235211">
<p>
 0.11
</p>
</simpleChoice>
<simpleChoice identifier="uva-random-sample-191-nl-qti_313881950_section_1_item_1_schoice_2_7031184524">
<p>
 0.15
</p>
</simpleChoice>
<simpleChoice identifier="uva-random-sample-191-nl-qti_313881950_section_1_item_1_schoice_3_9160888442">
<p>
 0.45
</p>
</simpleChoice>
</choiceInteraction>
</itemBody>
<responseProcessing>
<setOutcomeValue identifier="SCORE_RESPONSE_1">
<sum>
<variable identifier="SCORE_RESPONSE_1"/>
<mapResponse identifier="uva-random-sample-191-nl-qti_313881950_section_1_item_1_schoice_RESPONSE_1_1972046"/>
</sum>
</setOutcomeValue>
<responseCondition>
<responseIf>
<lt>
<variable identifier="SCORE_RESPONSE_1"/>
<variable identifier="MINSCORE_RESPONSE_1"/>
</lt>
<setOutcomeValue identifier="SCORE_RESPONSE_1">
<variable identifier="MINSCORE_RESPONSE_1"/>
</setOutcomeValue>
</responseIf>
</responseCondition>
<responseCondition>
<responseIf>
<isNull>
<variable identifier="uva-random-sample-191-nl-qti_313881950_section_1_item_1_schoice_RESPONSE_1_1972046"/>
</isNull>
<setOutcomeValue identifier="SCORE_RESPONSE_1">
<sum>
<variable identifier="SCORE_RESPONSE_1"/>
<baseValue baseType="float">0</baseValue>
</sum>
</setOutcomeValue>
</responseIf>
</responseCondition>
<setOutcomeValue identifier="SCORE">
<sum>
<variable identifier="SCORE_RESPONSE_1"/>
</sum>
</setOutcomeValue>
<responseCondition>
<responseIf>
<lt>
<variable identifier="SCORE"/>
<variable identifier="MINSCORE"/>
</lt>
<setOutcomeValue identifier="SCORE">
<variable identifier="MINSCORE"/>
</setOutcomeValue>
</responseIf>
</responseCondition>
<responseCondition>
<responseIf>
<lt>
<variable identifier="SCORE"/>
<baseValue baseType="float">1</baseValue>
</lt>
<setOutcomeValue identifier="FEEDBACKMODAL">
<multiple>
<variable identifier="FEEDBACKMODAL"/>
<baseValue baseType="identifier">Feedback613984784</baseValue>
</multiple>
</setOutcomeValue>
</responseIf>
</responseCondition>
</responseProcessing>
<modalFeedback identifier="Feedback613984784" outcomeIdentifier="FEEDBACKMODAL" showHide="show">
<ul>
<li> 0.11 <br /> 0.11: Correct </li>
<li> 0.15 <br /> 0.15: Incorrect </li>
<li> 0.45 <br /> 0.45: Incorrect </li>
</ul>
</modalFeedback>
</assessmentItem>
