<?xml version="1.0" encoding="UTF-8"?>
<assessmentItem xsi:schemaLocation="http://www.imsglobal.org/xsd/imsqti_v2p1 http://www.imsglobal.org/xsd/qti/qtiv2p1/imsqti_v2p1p1.xsd http://www.w3.org/1998/Math/MathML http://www.w3.org/Math/XMLSchema/mathml2/mathml2.xsd" identifier="uu-ANOVA-829-nl-ans_194384966_section_1_item_1_schoice" title="Inferential_Statistics_uu-ANOVA-829-nl_uu-ANOVA-829-nl_schoice_1" adaptive="false" timeDependent="false" xmlns="http://www.imsglobal.org/xsd/imsqti_v2p1" xmlns:xsi="http://www.w3.org/2001/XMLSchema-instance">
<responseDeclaration identifier="uu-ANOVA-829-nl-ans_194384966_section_1_item_1_schoice_RESPONSE_1_7630257" cardinality="single" baseType="identifier">
<correctResponse>
<value>uu-ANOVA-829-nl-ans_194384966_section_1_item_1_schoice_2_1468977208</value>
</correctResponse>
<mapping defaultValue="0" lowerBound="0.0">
<mapEntry mapKey="uu-ANOVA-829-nl-ans_194384966_section_1_item_1_schoice_1_5053533695" mappedValue="0"/>
<mapEntry mapKey="uu-ANOVA-829-nl-ans_194384966_section_1_item_1_schoice_2_1468977208" mappedValue="1"/>
<mapEntry mapKey="uu-ANOVA-829-nl-ans_194384966_section_1_item_1_schoice_3_1861099640" mappedValue="0"/>
<mapEntry mapKey="uu-ANOVA-829-nl-ans_194384966_section_1_item_1_schoice_4_8947033994" mappedValue="0"/>
</mapping>
</responseDeclaration>
<outcomeDeclaration identifier="SCORE" cardinality="single" baseType="float" normalMaximum="1" normalMinimum="0">
<defaultValue>
<value>0.0</value>
</defaultValue>
</outcomeDeclaration>
<outcomeDeclaration identifier="MAXSCORE" cardinality="single" baseType="float">
<defaultValue>
<value>1</value>
</defaultValue>
</outcomeDeclaration>
<outcomeDeclaration identifier="FEEDBACKBASIC" cardinality="single" baseType="identifier" view="testConstructor">
<defaultValue>
<value>empty</value>
</defaultValue>
</outcomeDeclaration>
<outcomeDeclaration identifier="FEEDBACKMODAL" cardinality="multiple" baseType="identifier" view="testConstructor"/>
<outcomeDeclaration identifier="SOLUTIONMODAL" cardinality="single" baseType="identifier" view="testConstructor"/>
<outcomeDeclaration identifier="MINSCORE" cardinality="single" baseType="float">
<defaultValue>
<value baseType="float">0</value>
</defaultValue>
</outcomeDeclaration>
<outcomeDeclaration identifier="SCORE_RESPONSE_1" cardinality="single" baseType="float">
<defaultValue>
<value>0.0</value>
</defaultValue>
</outcomeDeclaration>
<outcomeDeclaration identifier="MINSCORE_RESPONSE_1" cardinality="single" baseType="float">
<defaultValue>
<value>0.0</value>
</defaultValue>
</outcomeDeclaration>
<itemBody>
<p>In 2006 is er een onderzoek uitgevoerd naar gevoelens van spijt ten aanzien van relaties en verschillen in die gevoelens tussen mannen en vrouwen. De proefgroep bestond uit 40 vrouwen en 29 mannen, gemiddelde leeftijd 19 jaar (sd = 1.18). Elke deelnemer heeft een vragenlijst ingevuld volgens de volgende instructies:</p>
<p>Als je terugkijkt op je relatie is er dan iets waar je echt veel spijt van hebt? Iets dat je anders had willen doen. Iets waar je wel of juist geen actie had willen ondernemen.</p>
<p>Teun en Gijs moeten voor hun statistiekcursus een onderzoekje doen. Na het lezen van een artikel over het onderzoek naar spijtgevoelens hebben ze zelf een soortgelijk onderzoek gedaan. Samen hebben ze een lijstje opgesteld met potentieel genante of ongemakkelijke situaties die in relaties voorkomen (de vraag “Ben ik te dik?” met “Ja” beantwoorden, samen naar de sauna, enz.). Veertig medestudenten worden gevraagd om mee te werken aan dit onderzoek: 20 vrouwelijke studenten en 20 mannelijke studenten. Ze worden gevraagd aan te geven hoeveel spijt ze hebben van de beschreven situaties (waar 0 ‘geen spijt’ en 10 ‘heel erg veel spijt’ betekent). De helft van de vrouwen en de helft van de mannen wordt gevraagd de vragen te beantwoorden over een romantische relatie (een vaste vriend of vriendin), de andere helft wordt gevraagd dit te doen over een vriendschappelijke relatie (een goede vriend of vriendin).</p>
<p>Het design dat Gijs en Teun kiezen voor hun experiment is:</p>
<choiceInteraction responseIdentifier="uu-ANOVA-829-nl-ans_194384966_section_1_item_1_schoice_RESPONSE_1_7630257" shuffle="false" maxChoices="1">
<simpleChoice identifier="uu-ANOVA-829-nl-ans_194384966_section_1_item_1_schoice_1_5053533695">
<p>
 Een binnen-personen 2 x 2 factorieel design.
</p>
</simpleChoice>
<simpleChoice identifier="uu-ANOVA-829-nl-ans_194384966_section_1_item_1_schoice_2_1468977208">
<p>
 Een tussen-personen 2 x 2 factorieel design.
</p>
</simpleChoice>
<simpleChoice identifier="uu-ANOVA-829-nl-ans_194384966_section_1_item_1_schoice_3_1861099640">
<p>
 Een tussen-personen experimenteel multilevel-design.
</p>
</simpleChoice>
<simpleChoice identifier="uu-ANOVA-829-nl-ans_194384966_section_1_item_1_schoice_4_8947033994">
<p>
 Dat kun je niet weten, als je niet weet hoeveel afhankelijke variabelen er zijn.
</p>
</simpleChoice>
</choiceInteraction>
</itemBody>
<responseProcessing>
<setOutcomeValue identifier="SCORE_RESPONSE_1">
<sum>
<variable identifier="SCORE_RESPONSE_1"/>
<mapResponse identifier="uu-ANOVA-829-nl-ans_194384966_section_1_item_1_schoice_RESPONSE_1_7630257"/>
</sum>
</setOutcomeValue>
<responseCondition>
<responseIf>
<lt>
<variable identifier="SCORE_RESPONSE_1"/>
<variable identifier="MINSCORE_RESPONSE_1"/>
</lt>
<setOutcomeValue identifier="SCORE_RESPONSE_1">
<variable identifier="MINSCORE_RESPONSE_1"/>
</setOutcomeValue>
</responseIf>
</responseCondition>
<responseCondition>
<responseIf>
<isNull>
<variable identifier="uu-ANOVA-829-nl-ans_194384966_section_1_item_1_schoice_RESPONSE_1_7630257"/>
</isNull>
<setOutcomeValue identifier="SCORE_RESPONSE_1">
<sum>
<variable identifier="SCORE_RESPONSE_1"/>
<baseValue baseType="float">0</baseValue>
</sum>
</setOutcomeValue>
</responseIf>
</responseCondition>
<setOutcomeValue identifier="SCORE">
<sum>
<variable identifier="SCORE_RESPONSE_1"/>
</sum>
</setOutcomeValue>
<responseCondition>
<responseIf>
<lt>
<variable identifier="SCORE"/>
<variable identifier="MINSCORE"/>
</lt>
<setOutcomeValue identifier="SCORE">
<variable identifier="MINSCORE"/>
</setOutcomeValue>
</responseIf>
</responseCondition>
<responseCondition>
<responseIf>
<lt>
<variable identifier="SCORE"/>
<baseValue baseType="float">1</baseValue>
</lt>
<setOutcomeValue identifier="FEEDBACKMODAL">
<multiple>
<variable identifier="FEEDBACKMODAL"/>
<baseValue baseType="identifier">Feedback145736068</baseValue>
</multiple>
</setOutcomeValue>
</responseIf>
</responseCondition>
</responseProcessing>
<modalFeedback outcomeIdentifier="FEEDBACK" showHide="show" identifier="incorrect">
</modalFeedback>
</assessmentItem>
