<?xml version="1.0" encoding="UTF-8"?>
<assessmentItem xsi:schemaLocation="http://www.imsglobal.org/xsd/imsqti_v2p1 http://www.imsglobal.org/xsd/qti/qtiv2p1/imsqti_v2p1p1.xsd http://www.w3.org/1998/Math/MathML http://www.w3.org/Math/XMLSchema/mathml2/mathml2.xsd" identifier="uva-elementary-probability-680-nl-qti_189983228_section_1_item_1_schoice" title="1" adaptive="false" timeDependent="false" xmlns="http://www.imsglobal.org/xsd/imsqti_v2p1" xmlns:xsi="http://www.w3.org/2001/XMLSchema-instance">
<responseDeclaration identifier="uva-elementary-probability-680-nl-qti_189983228_section_1_item_1_schoice_RESPONSE_1_6075252" cardinality="single" baseType="identifier">
<correctResponse>
<value>uva-elementary-probability-680-nl-qti_189983228_section_1_item_1_schoice_3_8329846335</value>
</correctResponse>
<mapping defaultValue="0" lowerBound="0.0">
<mapEntry mapKey="uva-elementary-probability-680-nl-qti_189983228_section_1_item_1_schoice_1_8093617012" mappedValue="0"/>
<mapEntry mapKey="uva-elementary-probability-680-nl-qti_189983228_section_1_item_1_schoice_2_5327450460" mappedValue="0"/>
<mapEntry mapKey="uva-elementary-probability-680-nl-qti_189983228_section_1_item_1_schoice_3_8329846335" mappedValue="1"/>
<mapEntry mapKey="uva-elementary-probability-680-nl-qti_189983228_section_1_item_1_schoice_4_9903611230" mappedValue="0"/>
</mapping>
</responseDeclaration>
<outcomeDeclaration identifier="SCORE" cardinality="single" baseType="float" normalMaximum="1" normalMinimum="0">
<defaultValue>
<value>0.0</value>
</defaultValue>
</outcomeDeclaration>
<outcomeDeclaration identifier="MAXSCORE" cardinality="single" baseType="float">
<defaultValue>
<value>1</value>
</defaultValue>
</outcomeDeclaration>
<outcomeDeclaration identifier="FEEDBACKBASIC" cardinality="single" baseType="identifier" view="testConstructor">
<defaultValue>
<value>empty</value>
</defaultValue>
</outcomeDeclaration>
<outcomeDeclaration identifier="FEEDBACKMODAL" cardinality="multiple" baseType="identifier" view="testConstructor"/>
<outcomeDeclaration identifier="SOLUTIONMODAL" cardinality="single" baseType="identifier" view="testConstructor"/>
<outcomeDeclaration identifier="MINSCORE" cardinality="single" baseType="float">
<defaultValue>
<value baseType="float">0</value>
</defaultValue>
</outcomeDeclaration>
<outcomeDeclaration identifier="SCORE_RESPONSE_1" cardinality="single" baseType="float">
<defaultValue>
<value>0.0</value>
</defaultValue>
</outcomeDeclaration>
<outcomeDeclaration identifier="MINSCORE_RESPONSE_1" cardinality="single" baseType="float">
<defaultValue>
<value>0.0</value>
</defaultValue>
</outcomeDeclaration>
<itemBody>
<p>Abby, Deborah, Sam, Tonya en Roberto werken bij een bedrijf. Dit jaar is
er een conferentie in Parijs. Twee van de vijf mogen ernaar toe. De baas
schrijft alle combinaties op papiertjes en doet deze in een doos. Een
combinatie wordt aselect gepakt. Wat is de kans dat zowel Sam als
Roberto <strong><em>niet</em></strong> gekozen worden? Let op: dit betekent dat ze ook niet
kunnen gaan met andere mensen.</p>
<choiceInteraction responseIdentifier="uva-elementary-probability-680-nl-qti_189983228_section_1_item_1_schoice_RESPONSE_1_6075252" shuffle="false" maxChoices="1">
<simpleChoice identifier="uva-elementary-probability-680-nl-qti_189983228_section_1_item_1_schoice_1_8093617012">
<p>
 1/10
</p>
</simpleChoice>
<simpleChoice identifier="uva-elementary-probability-680-nl-qti_189983228_section_1_item_1_schoice_2_5327450460">
<p>
 2/10
</p>
</simpleChoice>
<simpleChoice identifier="uva-elementary-probability-680-nl-qti_189983228_section_1_item_1_schoice_3_8329846335">
<p>
 3/10
</p>
</simpleChoice>
<simpleChoice identifier="uva-elementary-probability-680-nl-qti_189983228_section_1_item_1_schoice_4_9903611230">
<p>
 5/10
</p>
</simpleChoice>
</choiceInteraction>
</itemBody>
<responseProcessing>
<setOutcomeValue identifier="SCORE_RESPONSE_1">
<sum>
<variable identifier="SCORE_RESPONSE_1"/>
<mapResponse identifier="uva-elementary-probability-680-nl-qti_189983228_section_1_item_1_schoice_RESPONSE_1_6075252"/>
</sum>
</setOutcomeValue>
<responseCondition>
<responseIf>
<lt>
<variable identifier="SCORE_RESPONSE_1"/>
<variable identifier="MINSCORE_RESPONSE_1"/>
</lt>
<setOutcomeValue identifier="SCORE_RESPONSE_1">
<variable identifier="MINSCORE_RESPONSE_1"/>
</setOutcomeValue>
</responseIf>
</responseCondition>
<responseCondition>
<responseIf>
<isNull>
<variable identifier="uva-elementary-probability-680-nl-qti_189983228_section_1_item_1_schoice_RESPONSE_1_6075252"/>
</isNull>
<setOutcomeValue identifier="SCORE_RESPONSE_1">
<sum>
<variable identifier="SCORE_RESPONSE_1"/>
<baseValue baseType="float">0</baseValue>
</sum>
</setOutcomeValue>
</responseIf>
</responseCondition>
<setOutcomeValue identifier="SCORE">
<sum>
<variable identifier="SCORE_RESPONSE_1"/>
</sum>
</setOutcomeValue>
<responseCondition>
<responseIf>
<lt>
<variable identifier="SCORE"/>
<variable identifier="MINSCORE"/>
</lt>
<setOutcomeValue identifier="SCORE">
<variable identifier="MINSCORE"/>
</setOutcomeValue>
</responseIf>
</responseCondition>
<responseCondition>
<responseIf>
<lt>
<variable identifier="SCORE"/>
<baseValue baseType="float">1</baseValue>
</lt>
<setOutcomeValue identifier="FEEDBACKMODAL">
<multiple>
<variable identifier="FEEDBACKMODAL"/>
<baseValue baseType="identifier">Feedback286724834</baseValue>
</multiple>
</setOutcomeValue>
</responseIf>
</responseCondition>
</responseProcessing>
<modalFeedback identifier="Feedback286724834" outcomeIdentifier="FEEDBACKMODAL" showHide="show">
<ul>
<li> 1/10 <br /> 1/10: Incorrect </li>
<li> 2/10 <br /> 2/10: Incorrect </li>
<li> 3/10 <br /> 3/10: Correct </li>
<li> 5/10 <br /> 5/10: Incorrect </li>
</ul>
</modalFeedback>
</assessmentItem>
