<?xml version="1.0" encoding="UTF-8"?>
<!DOCTYPE questestinterop SYSTEM "ims_qtiasiv1p2p1.dtd">

<questestinterop xmlns="http://www.imsglobal.org/xsd/ims_qtiasiv1p2" xmlns:xsi="http://www.w3.org/2001/XMLSchema-instance" xsi:schemaLocation="http://www.imsglobal.org/xsd/ims_qtiasiv1p2 http://www.imsglobal.org/xsd/ims_qtiasiv1p2p1.xsd">
<assessment ident="vufsw-equation-1282-nl-canvas_931826108" title="vufsw-equation-1282-nl-canvas">

<qtimetadata>
<qtimetadatafield>
<fieldlabel>cc_maxattempts</fieldlabel>
<fieldentry>1</fieldentry>
</qtimetadatafield>
<qtimetadatafield>
<fieldlabel>qmd_assessmenttype</fieldlabel>
<fieldentry>Assessment</fieldentry>
</qtimetadatafield>
</qtimetadata>
<objectives>
<material>
<mattext><![CDATA[Please solve the following exercises.]]></mattext>
</material>
</objectives>
<assessmentcontrol feedbackswitch="No" hintswitch="No" solutionswitch="Yes"/>
<outcomes_processing scoremodel="SumOfScores">
<outcomes>
<decvar varname="SCORE" vartype="Decimal" cutvalue="0"/>
</outcomes>
</outcomes_processing>
<assessfeedback title="AssessmentFeedback" ident="AssessmentFeedback">
<flow_mat>
<material>
<mattext>##AssessmentFeedback##</mattext>
</material>
</flow_mat>
</assessfeedback>

<section ident="vufsw-equation-1282-nl-canvas_931826108_section_1" title="Exercise">

<objectives>
<material>
<mattext><![CDATA[Please answer the following question.]]></mattext>
</material>
</objectives>
<selection_ordering>
<selection>
<selection_number>1</selection_number>
<selection_extension>
<points_per_item>1</points_per_item>
</selection_extension>
</selection>
<order order_type="Random"/>
</selection_ordering>

<item ident="vufsw-equation-1282-nl-canvas_931826108_section_1_item_1_schoice" title="Question" maxattempts="1">
<itemcontrol feedbackswitch="No" hintswitch="No" solutionswitch="Yes"/>
<itemmetadata>
<qtimetadata>
<qtimetadatafield>
<fieldlabel>question_type</fieldlabel>
<fieldentry>multiple_choice_question</fieldentry>
</qtimetadatafield>
</qtimetadata>
</itemmetadata>
<presentation>
<flow>
<material>
<matbreak/>
<mattext texttype="text/html" charset="utf-8"><![CDATA[
<p>Een student die werkt aan zijn MSc thesis gebruikt een proefopzet om te testen of mensen die naar een negatief nieuwsbericht keken een lagere beoordeling van het imago van een bepaald bedrijf geven dan mensen die een neutraal nieuws keken. De evaluatie wordt gemeten op een schaal van 1 (extreem negatief) tot 5 (extreem positief). negatief) tot 5 (extreem positief).</p>
<p>De gegevens geven de volgende resultaten:</p>
<table>
<tbody>
<tr class="odd">
<td>
<strong>Experimentele groep (groep 1)</strong>
</td>
<td>
<strong>Controlegroep (groep 2)</strong>
</td>
</tr>
<tr class="even">
<td>
n = 60
</td>
<td>
n = 60
</td>
</tr>
<tr class="odd">
<td>
Gemiddelde = 3,40
</td>
<td>
Gemiddelde = 3,60
</td>
</tr>
<tr class="even">
<td>
SD = 0,60
</td>
<td>
SD = 0,60
</td>
</tr>
</tbody>
</table>
<p>Zet de bovenstaande gegevens om in een regressievergelijking. De afhankelijke variabele (Y) is de evaluatie van de afbeelding (EVALUATIE) en de afhankelijke variabele (X) is de groep (GROUP), waarbij de controlegroep de referentiecategorie is (controlegroep = 0, experimentele groep = 1).</p>
]]></mattext>
<matbreak/>
</material>
<response_lid ident="vufsw-equation-1282-nl-canvas_931826108_section_1_item_1_schoice_RESPONSE_3031936" rcardinality="Single" rtiming="No">
<render_choice shuffle="No">
<flow_label class="List">
<response_label ident="vufsw-equation-1282-nl-canvas_931826108_section_1_item_1_schoice_1700824526" rshuffle="No">
<material>
<mattext texttype="text/html" charset="utf-8"><![CDATA[
 EVALUATIE = 3,40 - 0,20 * GROEP
]]></mattext>
</material>
</response_label>
</flow_label>
<flow_label class="List">
<response_label ident="vufsw-equation-1282-nl-canvas_931826108_section_1_item_1_schoice_7302127413" rshuffle="No">
<material>
<mattext texttype="text/html" charset="utf-8"><![CDATA[
 EVALUATIE = 0,20 + 3,40 GROEP
]]></mattext>
</material>
</response_label>
</flow_label>
<flow_label class="List">
<response_label ident="vufsw-equation-1282-nl-canvas_931826108_section_1_item_1_schoice_5972444535" rshuffle="No">
<material>
<mattext texttype="text/html" charset="utf-8"><![CDATA[
 EVALUATIE = 3,40 - 3,60 * GROEP
]]></mattext>
</material>
</response_label>
</flow_label>
<flow_label class="List">
<response_label ident="vufsw-equation-1282-nl-canvas_931826108_section_1_item_1_schoice_1280981154" rshuffle="No">
<material>
<mattext texttype="text/html" charset="utf-8"><![CDATA[
 EVALUATIE = 3,60 + 3,40 GROEP
]]></mattext>
</material>
</response_label>
</flow_label>
<flow_label class="List">
<response_label ident="vufsw-equation-1282-nl-canvas_931826108_section_1_item_1_schoice_5003385081" rshuffle="No">
<material>
<mattext texttype="text/html" charset="utf-8"><![CDATA[
 EVALUATIE= 3,20 + 0,40 GROEP
]]></mattext>
</material>
</response_label>
</flow_label>
<flow_label class="List">
<response_label ident="vufsw-equation-1282-nl-canvas_931826108_section_1_item_1_schoice_9306822909" rshuffle="No">
<material>
<mattext texttype="text/html" charset="utf-8"><![CDATA[
 EVALUATIE = 3,60 - 0,20 GROEP
]]></mattext>
</material>
</response_label>
</flow_label>
</render_choice>
</response_lid>
</flow>
</presentation>
<resprocessing>
<outcomes>
<decvar varname="SCORE" vartype="Decimal" defaultval="0" minvalue="0" maxvalue="1" cutvalue="1"/>
</outcomes>
<respcondition title="Mastery" continue="No">
<conditionvar>
<and>
<varequal respident="vufsw-equation-1282-nl-canvas_931826108_section_1_item_1_schoice_RESPONSE_3031936" case="Yes">vufsw-equation-1282-nl-canvas_931826108_section_1_item_1_schoice_9306822909</varequal>
<not> <varequal respident="vufsw-equation-1282-nl-canvas_931826108_section_1_item_1_schoice_RESPONSE_3031936" case="Yes">vufsw-equation-1282-nl-canvas_931826108_section_1_item_1_schoice_1700824526</varequal> </not>
<not> <varequal respident="vufsw-equation-1282-nl-canvas_931826108_section_1_item_1_schoice_RESPONSE_3031936" case="Yes">vufsw-equation-1282-nl-canvas_931826108_section_1_item_1_schoice_7302127413</varequal> </not>
<not> <varequal respident="vufsw-equation-1282-nl-canvas_931826108_section_1_item_1_schoice_RESPONSE_3031936" case="Yes">vufsw-equation-1282-nl-canvas_931826108_section_1_item_1_schoice_5972444535</varequal> </not>
<not> <varequal respident="vufsw-equation-1282-nl-canvas_931826108_section_1_item_1_schoice_RESPONSE_3031936" case="Yes">vufsw-equation-1282-nl-canvas_931826108_section_1_item_1_schoice_1280981154</varequal> </not>
<not> <varequal respident="vufsw-equation-1282-nl-canvas_931826108_section_1_item_1_schoice_RESPONSE_3031936" case="Yes">vufsw-equation-1282-nl-canvas_931826108_section_1_item_1_schoice_5003385081</varequal> </not>
</and>
</conditionvar>
<setvar varname="SCORE" action="Set">1</setvar>
<displayfeedback feedbacktype="Response" linkrefid="correct_fb"/>
</respcondition>
<respcondition continue="Yes">
<conditionvar>
<other/>
</conditionvar>
<displayfeedback feedbacktype="Response" linkrefid="general_incorrect_fb"/>
</respcondition>
</resprocessing>
<itemfeedback ident="correct_fb" view="All">
<flow_mat>
<material>
<mattext texttype="text/html"><![CDATA[
<ul>
<li> EVALUATIE = 3,40 - 0,20 * GROEP <br /> Onwaar </li>
<li> EVALUATIE = 0,20 + 3,40 GROEP <br /> Onwaar </li>
<li> EVALUATIE = 3,40 - 3,60 * GROEP <br /> Onwaar </li>
<li> EVALUATIE = 3,60 + 3,40 GROEP <br /> Onwaar </li>
<li> EVALUATIE= 3,20 + 0,40 GROEP <br /> Onjuist </li>
<li> EVALUATIE = 3,60 - 0,20 GROEP <br /> Waar </li>
</ul>
]]></mattext>
</material>
</flow_mat>
</itemfeedback>
<itemfeedback ident="general_incorrect_fb" view="All">
<flow_mat>
<material>
<mattext texttype="text/html"><![CDATA[
<ul>
<li> EVALUATIE = 3,40 - 0,20 * GROEP <br /> Onwaar </li>
<li> EVALUATIE = 0,20 + 3,40 GROEP <br /> Onwaar </li>
<li> EVALUATIE = 3,40 - 3,60 * GROEP <br /> Onwaar </li>
<li> EVALUATIE = 3,60 + 3,40 GROEP <br /> Onwaar </li>
<li> EVALUATIE= 3,20 + 0,40 GROEP <br /> Onjuist </li>
<li> EVALUATIE = 3,60 - 0,20 GROEP <br /> Waar </li>
</ul>
]]></mattext>
</material>
</flow_mat>
</itemfeedback>
</item>


</section>

</assessment>
</questestinterop>
