<?xml version="1.0" encoding="UTF-8"?>
<assessmentItem xsi:schemaLocation="http://www.imsglobal.org/xsd/imsqti_v2p1 http://www.imsglobal.org/xsd/qti/qtiv2p1/imsqti_v2p1p1.xsd http://www.w3.org/1998/Math/MathML http://www.w3.org/Math/XMLSchema/mathml2/mathml2.xsd" identifier="uu-factor-analysis-032-nl_320841653_section_1_item_1_schoice" title="1" adaptive="false" timeDependent="false" xmlns="http://www.imsglobal.org/xsd/imsqti_v2p1" xmlns:xsi="http://www.w3.org/2001/XMLSchema-instance">
<responseDeclaration identifier="uu-factor-analysis-032-nl_320841653_section_1_item_1_schoice_RESPONSE_1_9707933" cardinality="single" baseType="identifier">
<correctResponse>
<value>uu-factor-analysis-032-nl_320841653_section_1_item_1_schoice_4_3543377765</value>
</correctResponse>
<mapping defaultValue="0" lowerBound="0.0">
<mapEntry mapKey="uu-factor-analysis-032-nl_320841653_section_1_item_1_schoice_1_1330042550" mappedValue="0"/>
<mapEntry mapKey="uu-factor-analysis-032-nl_320841653_section_1_item_1_schoice_2_8661515739" mappedValue="0"/>
<mapEntry mapKey="uu-factor-analysis-032-nl_320841653_section_1_item_1_schoice_3_9996677323" mappedValue="0"/>
<mapEntry mapKey="uu-factor-analysis-032-nl_320841653_section_1_item_1_schoice_4_3543377765" mappedValue="1"/>
</mapping>
</responseDeclaration>
<outcomeDeclaration identifier="SCORE" cardinality="single" baseType="float" normalMaximum="1" normalMinimum="0">
<defaultValue>
<value>0.0</value>
</defaultValue>
</outcomeDeclaration>
<outcomeDeclaration identifier="MAXSCORE" cardinality="single" baseType="float">
<defaultValue>
<value>1</value>
</defaultValue>
</outcomeDeclaration>
<outcomeDeclaration identifier="FEEDBACKBASIC" cardinality="single" baseType="identifier" view="testConstructor">
<defaultValue>
<value>empty</value>
</defaultValue>
</outcomeDeclaration>
<outcomeDeclaration identifier="FEEDBACKMODAL" cardinality="multiple" baseType="identifier" view="testConstructor"/>
<outcomeDeclaration identifier="MINSCORE" cardinality="single" baseType="float">
<defaultValue>
<value baseType="float">0</value>
</defaultValue>
</outcomeDeclaration>
<outcomeDeclaration identifier="SCORE_RESPONSE_1" cardinality="single" baseType="float">
<defaultValue>
<value>0.0</value>
</defaultValue>
</outcomeDeclaration>
<outcomeDeclaration identifier="MINSCORE_RESPONSE_1" cardinality="single" baseType="float">
<defaultValue>
<value>0.0</value>
</defaultValue>
</outcomeDeclaration>
<itemBody>
<p>Een onderzoeker neemt een test met verscheidene items (vragen) af. Daarna correleert hij elk item met de andere items,
en zoekt naar items die met elkaar samenhangen. Deze onderzoeker doorloopt de eerste stappen van de volgende procedure:</p>
<hr />
<ul>
<li>Dit antwoord is incorrect.</li>
<li>Dit antwoord is incorrect.</li>
<li>Dit antwoord is incorrect.</li>
<li>Dit antwoord is correct.</li>
</ul>
<choiceInteraction responseIdentifier="uu-factor-analysis-032-nl_320841653_section_1_item_1_schoice_RESPONSE_1_9707933" shuffle="false" maxChoices="1">
<simpleChoice identifier="uu-factor-analysis-032-nl_320841653_section_1_item_1_schoice_1_1330042550">
<p>
a. multipele regressie
</p>
</simpleChoice>
<simpleChoice identifier="uu-factor-analysis-032-nl_320841653_section_1_item_1_schoice_2_8661515739">
<p>
b. partiële correlatie
</p>
</simpleChoice>
<simpleChoice identifier="uu-factor-analysis-032-nl_320841653_section_1_item_1_schoice_3_9996677323">
<p>
c. criteriumvaliditeit
</p>
</simpleChoice>
<simpleChoice identifier="uu-factor-analysis-032-nl_320841653_section_1_item_1_schoice_4_3543377765">
<p>
d. factoranalyse Answerlist
</p>
</simpleChoice>
</choiceInteraction>
</itemBody>
<responseProcessing>
<responseCondition>
<responseIf>
<isNull>
<variable identifier="uu-factor-analysis-032-nl_320841653_section_1_item_1_schoice_RESPONSE_1_9707933"/>
</isNull>
<setOutcomeValue identifier="SCORE_RESPONSE_1">
<sum>
<variable identifier="SCORE_RESPONSE_1"/>
<baseValue baseType="float">0</baseValue>
</sum>
</setOutcomeValue>
</responseIf>
</responseCondition>
<setOutcomeValue identifier="SCORE_RESPONSE_1">
<sum>
<variable identifier="SCORE_RESPONSE_1"/>
<mapResponse identifier="uu-factor-analysis-032-nl_320841653_section_1_item_1_schoice_RESPONSE_1_9707933"/>
</sum>
</setOutcomeValue>
<responseCondition>
<responseIf>
<lt>
<variable identifier="SCORE_RESPONSE_1"/>
<variable identifier="MINSCORE_RESPONSE_1"/>
</lt>
<setOutcomeValue identifier="SCORE_RESPONSE_1">
<variable identifier="MINSCORE_RESPONSE_1"/>
</setOutcomeValue>
</responseIf>
</responseCondition>
<setOutcomeValue identifier="SCORE">
<sum>
<variable identifier="SCORE_RESPONSE_1"/>
</sum>
</setOutcomeValue>
<responseCondition>
<responseIf>
<lt>
<variable identifier="SCORE"/>
<variable identifier="MINSCORE"/>
</lt>
<setOutcomeValue identifier="SCORE">
<variable identifier="MINSCORE"/>
</setOutcomeValue>
</responseIf>
</responseCondition>
<responseCondition>
<responseIf>
<lt>
<variable identifier="SCORE"/>
<baseValue baseType="float">1</baseValue>
</lt>
<setOutcomeValue identifier="FEEDBACKMODAL">
<multiple>
<variable identifier="FEEDBACKMODAL"/>
<baseValue baseType="identifier">Feedback253400959</baseValue>
</multiple>
</setOutcomeValue>
</responseIf>
</responseCondition>
</responseProcessing>
<modalFeedback identifier="Feedback253400959" outcomeIdentifier="FEEDBACKMODAL" showHide="show">
</modalFeedback>
</assessmentItem>
