<?xml version="1.0" encoding="UTF-8"?>
<!DOCTYPE questestinterop SYSTEM "ims_qtiasiv1p2p1.dtd">

<questestinterop xmlns="http://www.imsglobal.org/xsd/ims_qtiasiv1p2" xmlns:xsi="http://www.w3.org/2001/XMLSchema-instance" xsi:schemaLocation="http://www.imsglobal.org/xsd/ims_qtiasiv1p2 http://www.imsglobal.org/xsd/ims_qtiasiv1p2p1.xsd">
<assessment ident="vufgb-standardizedcoefficient-022-en-canvas_183551327" title="vufgb-standardizedcoefficient-022-en-canvas">

<qtimetadata>
<qtimetadatafield>
<fieldlabel>cc_maxattempts</fieldlabel>
<fieldentry>1</fieldentry>
</qtimetadatafield>
<qtimetadatafield>
<fieldlabel>qmd_assessmenttype</fieldlabel>
<fieldentry>Assessment</fieldentry>
</qtimetadatafield>
</qtimetadata>
<objectives>
<material>
<mattext><![CDATA[Please solve the following exercises.]]></mattext>
</material>
</objectives>
<assessmentcontrol feedbackswitch="No" hintswitch="No" solutionswitch="Yes"/>
<outcomes_processing scoremodel="SumOfScores">
<outcomes>
<decvar varname="SCORE" vartype="Decimal" cutvalue="0"/>
</outcomes>
</outcomes_processing>
<assessfeedback title="AssessmentFeedback" ident="AssessmentFeedback">
<flow_mat>
<material>
<mattext>##AssessmentFeedback##</mattext>
</material>
</flow_mat>
</assessfeedback>

<section ident="vufgb-standardizedcoefficient-022-en-canvas_183551327_section_1" title="Exercise">

<objectives>
<material>
<mattext><![CDATA[Please answer the following question.]]></mattext>
</material>
</objectives>
<selection_ordering>
<selection>
<selection_number>1</selection_number>
<selection_extension>
<points_per_item>1</points_per_item>
</selection_extension>
</selection>
<order order_type="Random"/>
</selection_ordering>

<item ident="vufgb-standardizedcoefficient-022-en-canvas_183551327_section_1_item_1_schoice" title="Question" maxattempts="1">
<itemcontrol feedbackswitch="No" hintswitch="No" solutionswitch="Yes"/>
<itemmetadata>
<qtimetadata>
<qtimetadatafield>
<fieldlabel>question_type</fieldlabel>
<fieldentry>multiple_choice_question</fieldentry>
</qtimetadatafield>
</qtimetadata>
</itemmetadata>
<presentation>
<flow>
<material>
<matbreak/>
<mattext texttype="text/html" charset="utf-8"><![CDATA[
<p>Known from one study that the sample averages of <span class="math inline">\(X\)</span> and <span class="math inline">\(Y\)</span>, respectively, are 20 and 9.01, <span class="math inline">\(s_{x} = 2.45\)</span>, <span class="math inline">\(s_{y} = 1.00\)</span> and the estimated regression line is <span class="math inline">\(Y&#39; = 4.61 + 0.22X\)</span>.</p>
<p>How large is the correlation betweand <span class="math inline">\(X\)</span> and <span class="math inline">\(Y\)</span>?</p>
]]></mattext>
<matbreak/>
</material>
<response_lid ident="vufgb-standardizedcoefficient-022-en-canvas_183551327_section_1_item_1_schoice_RESPONSE_2863175" rcardinality="Single" rtiming="No">
<render_choice shuffle="No">
<flow_label class="List">
<response_label ident="vufgb-standardizedcoefficient-022-en-canvas_183551327_section_1_item_1_schoice_6076370446" rshuffle="No">
<material>
<mattext texttype="text/html" charset="utf-8"><![CDATA[
 0.22
]]></mattext>
</material>
</response_label>
</flow_label>
<flow_label class="List">
<response_label ident="vufgb-standardizedcoefficient-022-en-canvas_183551327_section_1_item_1_schoice_1784124033" rshuffle="No">
<material>
<mattext texttype="text/html" charset="utf-8"><![CDATA[
 0.54
]]></mattext>
</material>
</response_label>
</flow_label>
<flow_label class="List">
<response_label ident="vufgb-standardizedcoefficient-022-en-canvas_183551327_section_1_item_1_schoice_5941063019" rshuffle="No">
<material>
<mattext texttype="text/html" charset="utf-8"><![CDATA[
 -0.22
]]></mattext>
</material>
</response_label>
</flow_label>
<flow_label class="List">
<response_label ident="vufgb-standardizedcoefficient-022-en-canvas_183551327_section_1_item_1_schoice_4196301830" rshuffle="No">
<material>
<mattext texttype="text/html" charset="utf-8"><![CDATA[
 -0.54
]]></mattext>
</material>
</response_label>
</flow_label>
</render_choice>
</response_lid>
</flow>
</presentation>
<resprocessing>
<outcomes>
<decvar varname="SCORE" vartype="Decimal" defaultval="0" minvalue="0" maxvalue="1" cutvalue="1"/>
</outcomes>
<respcondition title="Mastery" continue="No">
<conditionvar>
<and>
<varequal respident="vufgb-standardizedcoefficient-022-en-canvas_183551327_section_1_item_1_schoice_RESPONSE_2863175" case="Yes">vufgb-standardizedcoefficient-022-en-canvas_183551327_section_1_item_1_schoice_1784124033</varequal>
<not> <varequal respident="vufgb-standardizedcoefficient-022-en-canvas_183551327_section_1_item_1_schoice_RESPONSE_2863175" case="Yes">vufgb-standardizedcoefficient-022-en-canvas_183551327_section_1_item_1_schoice_6076370446</varequal> </not>
<not> <varequal respident="vufgb-standardizedcoefficient-022-en-canvas_183551327_section_1_item_1_schoice_RESPONSE_2863175" case="Yes">vufgb-standardizedcoefficient-022-en-canvas_183551327_section_1_item_1_schoice_5941063019</varequal> </not>
<not> <varequal respident="vufgb-standardizedcoefficient-022-en-canvas_183551327_section_1_item_1_schoice_RESPONSE_2863175" case="Yes">vufgb-standardizedcoefficient-022-en-canvas_183551327_section_1_item_1_schoice_4196301830</varequal> </not>
</and>
</conditionvar>
<setvar varname="SCORE" action="Set">1</setvar>
<displayfeedback feedbacktype="Response" linkrefid="correct_fb"/>
</respcondition>
<respcondition continue="Yes">
<conditionvar>
<other/>
</conditionvar>
<displayfeedback feedbacktype="Response" linkrefid="general_incorrect_fb"/>
</respcondition>
</resprocessing>
<itemfeedback ident="correct_fb" view="All">
<flow_mat>
<material>
<mattext texttype="text/html"><![CDATA[
<ul>
<li> 0.22 <br /> Incorrect </li>
<li> 0.54 <br /> Correct </li>
<li> -0.22 <br /> Incorrect </li>
<li> -0.54 <br /> Incorrect </li>
</ul>
]]></mattext>
</material>
</flow_mat>
</itemfeedback>
<itemfeedback ident="general_incorrect_fb" view="All">
<flow_mat>
<material>
<mattext texttype="text/html"><![CDATA[
<ul>
<li> 0.22 <br /> Incorrect </li>
<li> 0.54 <br /> Correct </li>
<li> -0.22 <br /> Incorrect </li>
<li> -0.54 <br /> Incorrect </li>
</ul>
]]></mattext>
</material>
</flow_mat>
</itemfeedback>
</item>


</section>

</assessment>
</questestinterop>
