<?xml version="1.0" encoding="UTF-8"?>
<assessmentItem xsi:schemaLocation="http://www.imsglobal.org/xsd/imsqti_v2p1 http://www.imsglobal.org/xsd/qti/qtiv2p1/imsqti_v2p1p1.xsd http://www.w3.org/1998/Math/MathML http://www.w3.org/Math/XMLSchema/mathml2/mathml2.xsd" identifier="uva-normal-1340-en-ans_422211834_section_1_item_1_schoice" title="Distributions_uva-normal-1340-en_uva-normal-1340-en_schoice_1" adaptive="false" timeDependent="false" xmlns="http://www.imsglobal.org/xsd/imsqti_v2p1" xmlns:xsi="http://www.w3.org/2001/XMLSchema-instance">
<responseDeclaration identifier="uva-normal-1340-en-ans_422211834_section_1_item_1_schoice_RESPONSE_1_8654007" cardinality="single" baseType="identifier">
<correctResponse>
<value>uva-normal-1340-en-ans_422211834_section_1_item_1_schoice_2_1815694877</value>
</correctResponse>
<mapping defaultValue="0" lowerBound="0.0">
<mapEntry mapKey="uva-normal-1340-en-ans_422211834_section_1_item_1_schoice_1_9804747195" mappedValue="0"/>
<mapEntry mapKey="uva-normal-1340-en-ans_422211834_section_1_item_1_schoice_2_1815694877" mappedValue="1"/>
<mapEntry mapKey="uva-normal-1340-en-ans_422211834_section_1_item_1_schoice_3_1924839093" mappedValue="0"/>
<mapEntry mapKey="uva-normal-1340-en-ans_422211834_section_1_item_1_schoice_4_3102576197" mappedValue="0"/>
</mapping>
</responseDeclaration>
<outcomeDeclaration identifier="SCORE" cardinality="single" baseType="float" normalMaximum="1" normalMinimum="0">
<defaultValue>
<value>0.0</value>
</defaultValue>
</outcomeDeclaration>
<outcomeDeclaration identifier="MAXSCORE" cardinality="single" baseType="float">
<defaultValue>
<value>1</value>
</defaultValue>
</outcomeDeclaration>
<outcomeDeclaration identifier="FEEDBACKBASIC" cardinality="single" baseType="identifier" view="testConstructor">
<defaultValue>
<value>empty</value>
</defaultValue>
</outcomeDeclaration>
<outcomeDeclaration identifier="FEEDBACKMODAL" cardinality="multiple" baseType="identifier" view="testConstructor"/>
<outcomeDeclaration identifier="SOLUTIONMODAL" cardinality="single" baseType="identifier" view="testConstructor"/>
<outcomeDeclaration identifier="MINSCORE" cardinality="single" baseType="float">
<defaultValue>
<value baseType="float">0</value>
</defaultValue>
</outcomeDeclaration>
<outcomeDeclaration identifier="SCORE_RESPONSE_1" cardinality="single" baseType="float">
<defaultValue>
<value>0.0</value>
</defaultValue>
</outcomeDeclaration>
<outcomeDeclaration identifier="MINSCORE_RESPONSE_1" cardinality="single" baseType="float">
<defaultValue>
<value>0.0</value>
</defaultValue>
</outcomeDeclaration>
<itemBody>
<p>Find the area under the standard normal curve in the following case: To the right of z = 2.05 or to the left of z = -1.44</p>
<p><img src="media/supplements1/uva-normal-1340-nl-graph01.png" /></p>
<choiceInteraction responseIdentifier="uva-normal-1340-en-ans_422211834_section_1_item_1_schoice_RESPONSE_1_8654007" shuffle="false" maxChoices="1">
<simpleChoice identifier="uva-normal-1340-en-ans_422211834_section_1_item_1_schoice_1_9804747195">
<p>
 A
</p>
</simpleChoice>
<simpleChoice identifier="uva-normal-1340-en-ans_422211834_section_1_item_1_schoice_2_1815694877">
<p>
 B
</p>
</simpleChoice>
<simpleChoice identifier="uva-normal-1340-en-ans_422211834_section_1_item_1_schoice_3_1924839093">
<p>
 C
</p>
</simpleChoice>
<simpleChoice identifier="uva-normal-1340-en-ans_422211834_section_1_item_1_schoice_4_3102576197">
<p>
 D
</p>
</simpleChoice>
</choiceInteraction>
</itemBody>
<responseProcessing>
<setOutcomeValue identifier="SCORE_RESPONSE_1">
<sum>
<variable identifier="SCORE_RESPONSE_1"/>
<mapResponse identifier="uva-normal-1340-en-ans_422211834_section_1_item_1_schoice_RESPONSE_1_8654007"/>
</sum>
</setOutcomeValue>
<responseCondition>
<responseIf>
<lt>
<variable identifier="SCORE_RESPONSE_1"/>
<variable identifier="MINSCORE_RESPONSE_1"/>
</lt>
<setOutcomeValue identifier="SCORE_RESPONSE_1">
<variable identifier="MINSCORE_RESPONSE_1"/>
</setOutcomeValue>
</responseIf>
</responseCondition>
<responseCondition>
<responseIf>
<isNull>
<variable identifier="uva-normal-1340-en-ans_422211834_section_1_item_1_schoice_RESPONSE_1_8654007"/>
</isNull>
<setOutcomeValue identifier="SCORE_RESPONSE_1">
<sum>
<variable identifier="SCORE_RESPONSE_1"/>
<baseValue baseType="float">0</baseValue>
</sum>
</setOutcomeValue>
</responseIf>
</responseCondition>
<setOutcomeValue identifier="SCORE">
<sum>
<variable identifier="SCORE_RESPONSE_1"/>
</sum>
</setOutcomeValue>
<responseCondition>
<responseIf>
<lt>
<variable identifier="SCORE"/>
<variable identifier="MINSCORE"/>
</lt>
<setOutcomeValue identifier="SCORE">
<variable identifier="MINSCORE"/>
</setOutcomeValue>
</responseIf>
</responseCondition>
<responseCondition>
<responseIf>
<lt>
<variable identifier="SCORE"/>
<baseValue baseType="float">1</baseValue>
</lt>
<setOutcomeValue identifier="FEEDBACKMODAL">
<multiple>
<variable identifier="FEEDBACKMODAL"/>
<baseValue baseType="identifier">Feedback902762547</baseValue>
</multiple>
</setOutcomeValue>
</responseIf>
</responseCondition>
</responseProcessing>
<modalFeedback outcomeIdentifier="FEEDBACK" showHide="show" identifier="incorrect">
<ul>
<li> A <br /> A: Incorrect </li>
<li> B <br /> B: Correct </li>
<li> C <br /> C: Incorrect </li>
<li> D <br /> D: Incorrect </li>
</ul>
</modalFeedback>
</assessmentItem>
