<?xml version="1.0" encoding="utf-8" standalone="yes"?>
<assessmentItem identifier="uva-standard-deviation-296-en-tv_202510071723_item_1_schoice" title="uva-standard-deviation-296-en-tv_202510071723_item_1_schoice_uva-standard-deviation-296-en" adaptive="false" timeDependent="false" toolName="Testvision Online" toolVersion="39.0.9084" xmlns="http://www.imsglobal.org/xsd/imsqti_v2p1">
<responseDeclaration identifier="RESPONSE" cardinality="single" baseType="identifier">
<correctResponse>
<value>alt_127721</value>
</correctResponse>
<mapping defaultValue="0" lowerBound="0.0">
<mapEntry mapKey="alt_663869" mappedValue="-0.333333333333333"/>
<mapEntry mapKey="alt_833338" mappedValue="-0.333333333333333"/>
<mapEntry mapKey="alt_127721" mappedValue="1"/>
<mapEntry mapKey="alt_251820" mappedValue="-0.333333333333333"/>
</mapping>
</responseDeclaration>
<outcomeDeclaration identifier="SCORE" cardinality="single" baseType="float" normalMaximum="1" normalMinimum="0" />
<outcomeDeclaration identifier="FEEDBACK" cardinality="single" baseType="identifier" />
<stylesheet href="css/uva-standard-deviation-296-en-tv_202510071723_item_1_schoice.css" type="text/css" />
<itemBody>
<p>In 6 patients with adult-onset diabetes, the weight (in kg) was determined with results: 84, 78, 65, 103, 91, 87. The standard deviation of this sample is equal to</p>
<choiceInteraction responseIdentifier="RESPONSE" shuffle="false" maxChoices="1">
<simpleChoice identifier="alt_663869">
<div class="textblock tvblock tvcss_1"><div class="rte_zone tveditor1">
 5.21
</div>
</div>
</simpleChoice>
<simpleChoice identifier="alt_833338">
<div class="textblock tvblock tvcss_1"><div class="rte_zone tveditor1">
 11.64
</div>
</div>
</simpleChoice>
<simpleChoice identifier="alt_127721">
<div class="textblock tvblock tvcss_1"><div class="rte_zone tveditor1">
 12.75
</div>
</div>
</simpleChoice>
<simpleChoice identifier="alt_251820">
<div class="textblock tvblock tvcss_1"><div class="rte_zone tveditor1">
 27.11
</div>
</div>
</simpleChoice>
</choiceInteraction>
</itemBody>
<responseProcessing>
<responseCondition>
<responseIf>
<isNull>
<variable identifier="RESPONSE"/>
</isNull>
<setOutcomeValue identifier="SCORE">
<baseValue baseType="float">0.0</baseValue>
</setOutcomeValue>
<setOutcomeValue identifier="FEEDBACK">
<baseValue baseType="identifier">FAILURE</baseValue>
</setOutcomeValue>
</responseIf>
<responseElse>
<setOutcomeValue identifier="SCORE">
<mapResponse identifier="RESPONSE"/>
</setOutcomeValue>
<responseCondition>
<responseIf>
<equal toleranceMode="relative" tolerance="0.001">
<variable identifier="SCORE"/>
<variable identifier="MAXSCORE"/>
</equal>
<setOutcomeValue identifier="FEEDBACK">
<baseValue baseType="identifier">ANSWER_CORRECT</baseValue>
</setOutcomeValue>
</responseIf>
<responseElse>
<setOutcomeValue identifier="FEEDBACK">
<baseValue baseType="identifier">FAILURE</baseValue>
</setOutcomeValue>
</responseElse>
</responseCondition>
</responseElse>
</responseCondition>
</responseProcessing>
<modalFeedback identifier="FAILURE" outcomeIdentifier="FEEDBACK" showHide="show">
<div class="textblock tvblock tvcss_1"><div class="rte_zone tveditor1">
<ul>
<li> 5.21 <br /> 5.21: Incorrect </li>
<li> 11.64 <br /> 11.64: Incorrect </li>
<li> 12.75 <br /> 12.75: Correct </li>
<li> 27.11 <br /> 27.11: Incorrect </li>
</ul>
</div>
</div>
</modalFeedback>
<modalFeedback identifier="ANSWER_CORRECT" outcomeIdentifier="FEEDBACK" showHide="show">
<div class="textblock tvblock tvcss_1"><div class="rte_zone tveditor1">
<ul>
<li> 5.21 <br /> 5.21: Incorrect </li>
<li> 11.64 <br /> 11.64: Incorrect </li>
<li> 12.75 <br /> 12.75: Correct </li>
<li> 27.11 <br /> 27.11: Incorrect </li>
</ul>
</div>
</div>
</modalFeedback>
<modalFeedback identifier="PARTIAL_CORRECT" outcomeIdentifier="FEEDBACK" showHide="show">
<div class="textblock tvblock tvcss_1"><div class="rte_zone tveditor1">
<ul>
<li> 5.21 <br /> 5.21: Incorrect </li>
<li> 11.64 <br /> 11.64: Incorrect </li>
<li> 12.75 <br /> 12.75: Correct </li>
<li> 27.11 <br /> 27.11: Incorrect </li>
</ul>
</div>
</div>
</modalFeedback>
</assessmentItem>
