<?xml version="1.0" encoding="utf-8" standalone="yes"?>
<assessmentItem identifier="vufgb-mixeddesignanova-004-en-tv_202510071724_item_1_schoice" title="vufgb-mixeddesignanova-004-en-tv_202510071724_item_1_schoice_vufgb-mixeddesignanova-004-EN" adaptive="false" timeDependent="false" toolName="Testvision Online" toolVersion="39.0.9084" xmlns="http://www.imsglobal.org/xsd/imsqti_v2p1">
<responseDeclaration identifier="RESPONSE" cardinality="single" baseType="identifier">
<correctResponse>
<value>alt_697512</value>
</correctResponse>
<mapping defaultValue="0" lowerBound="0.0">
<mapEntry mapKey="alt_372055" mappedValue="-0.333333333333333"/>
<mapEntry mapKey="alt_722682" mappedValue="-0.333333333333333"/>
<mapEntry mapKey="alt_739316" mappedValue="-0.333333333333333"/>
<mapEntry mapKey="alt_697512" mappedValue="1"/>
</mapping>
</responseDeclaration>
<outcomeDeclaration identifier="SCORE" cardinality="single" baseType="float" normalMaximum="1" normalMinimum="0" />
<outcomeDeclaration identifier="FEEDBACK" cardinality="single" baseType="identifier" />
<stylesheet href="css/vufgb-mixeddesignanova-004-en-tv_202510071724_item_1_schoice.css" type="text/css" />
<itemBody>
<p>Which test is used to test a <em>fixed effect</em> in a <em>linear mixed model</em> in SPSS?</p>
<choiceInteraction responseIdentifier="RESPONSE" shuffle="false" maxChoices="1">
<simpleChoice identifier="alt_372055">
<div class="textblock tvblock tvcss_1"><div class="rte_zone tveditor1">
 Wald <em>z</em> test.
</div>
</div>
</simpleChoice>
<simpleChoice identifier="alt_722682">
<div class="textblock tvblock tvcss_1"><div class="rte_zone tveditor1">
 <em>F</em> test.
</div>
</div>
</simpleChoice>
<simpleChoice identifier="alt_739316">
<div class="textblock tvblock tvcss_1"><div class="rte_zone tveditor1">
 <math display="inline" xmlns="http://www.w3.org/1998/Math/MathML"><semantics><msup><mi>χ</mi><mn>2</mn></msup><annotation encoding="application/x-tex">χ^2</annotation></semantics></math>-key.
</div>
</div>
</simpleChoice>
<simpleChoice identifier="alt_697512">
<div class="textblock tvblock tvcss_1"><div class="rte_zone tveditor1">
 <em>t</em> key.
</div>
</div>
</simpleChoice>
</choiceInteraction>
</itemBody>
<responseProcessing>
<responseCondition>
<responseIf>
<isNull>
<variable identifier="RESPONSE"/>
</isNull>
<setOutcomeValue identifier="SCORE">
<baseValue baseType="float">0.0</baseValue>
</setOutcomeValue>
<setOutcomeValue identifier="FEEDBACK">
<baseValue baseType="identifier">FAILURE</baseValue>
</setOutcomeValue>
</responseIf>
<responseElse>
<setOutcomeValue identifier="SCORE">
<mapResponse identifier="RESPONSE"/>
</setOutcomeValue>
<responseCondition>
<responseIf>
<equal toleranceMode="relative" tolerance="0.001">
<variable identifier="SCORE"/>
<variable identifier="MAXSCORE"/>
</equal>
<setOutcomeValue identifier="FEEDBACK">
<baseValue baseType="identifier">ANSWER_CORRECT</baseValue>
</setOutcomeValue>
</responseIf>
<responseElse>
<setOutcomeValue identifier="FEEDBACK">
<baseValue baseType="identifier">FAILURE</baseValue>
</setOutcomeValue>
</responseElse>
</responseCondition>
</responseElse>
</responseCondition>
</responseProcessing>
<modalFeedback identifier="FAILURE" outcomeIdentifier="FEEDBACK" showHide="show">
<div class="textblock tvblock tvcss_1"><div class="rte_zone tveditor1">
</div>
</div>
</modalFeedback>
<modalFeedback identifier="ANSWER_CORRECT" outcomeIdentifier="FEEDBACK" showHide="show">
<div class="textblock tvblock tvcss_1"><div class="rte_zone tveditor1">
</div>
</div>
</modalFeedback>
<modalFeedback identifier="PARTIAL_CORRECT" outcomeIdentifier="FEEDBACK" showHide="show">
<div class="textblock tvblock tvcss_1"><div class="rte_zone tveditor1">
</div>
</div>
</modalFeedback>
</assessmentItem>
