<?xml version="1.0" encoding="UTF-8"?>
<!DOCTYPE questestinterop SYSTEM "ims_qtiasiv1p2p1.dtd">

<questestinterop xmlns="http://www.imsglobal.org/xsd/ims_qtiasiv1p2" xmlns:xsi="http://www.w3.org/2001/XMLSchema-instance" xsi:schemaLocation="http://www.imsglobal.org/xsd/ims_qtiasiv1p2 http://www.imsglobal.org/xsd/ims_qtiasiv1p2p1.xsd">
<assessment ident="vufsw-onewayanova-1285-en-canvas_162890457" title="vufsw-onewayanova-1285-en-canvas">

<qtimetadata>
<qtimetadatafield>
<fieldlabel>cc_maxattempts</fieldlabel>
<fieldentry>1</fieldentry>
</qtimetadatafield>
<qtimetadatafield>
<fieldlabel>qmd_assessmenttype</fieldlabel>
<fieldentry>Assessment</fieldentry>
</qtimetadatafield>
</qtimetadata>
<objectives>
<material>
<mattext><![CDATA[Please solve the following exercises.]]></mattext>
</material>
</objectives>
<assessmentcontrol feedbackswitch="No" hintswitch="No" solutionswitch="Yes"/>
<outcomes_processing scoremodel="SumOfScores">
<outcomes>
<decvar varname="SCORE" vartype="Decimal" cutvalue="0"/>
</outcomes>
</outcomes_processing>
<assessfeedback title="AssessmentFeedback" ident="AssessmentFeedback">
<flow_mat>
<material>
<mattext>##AssessmentFeedback##</mattext>
</material>
</flow_mat>
</assessfeedback>

<section ident="vufsw-onewayanova-1285-en-canvas_162890457_section_1" title="Exercise">

<objectives>
<material>
<mattext><![CDATA[Please answer the following question.]]></mattext>
</material>
</objectives>
<selection_ordering>
<selection>
<selection_number>1</selection_number>
<selection_extension>
<points_per_item>1</points_per_item>
</selection_extension>
</selection>
<order order_type="Random"/>
</selection_ordering>

<item ident="vufsw-onewayanova-1285-en-canvas_162890457_section_1_item_1_schoice" title="Question" maxattempts="1">
<itemcontrol feedbackswitch="No" hintswitch="No" solutionswitch="Yes"/>
<itemmetadata>
<qtimetadata>
<qtimetadatafield>
<fieldlabel>question_type</fieldlabel>
<fieldentry>multiple_choice_question</fieldentry>
</qtimetadatafield>
</qtimetadata>
</itemmetadata>
<presentation>
<flow>
<material>
<matbreak/>
<mattext texttype="text/html" charset="utf-8"><![CDATA[
<p>In a study by Communication Studies students (Van Dun, Emanuels, Visser and De Wilde (2011), respondents were presented with a picture of a girl who was dressed preppy, bohemian or cool (variable: subculture, 1 preppy; 2 bohemian; 3 cool (‘cool’)). Respondents, randomly assigned to the three conditions, had to rate the popularity of the girl. The dependent variable is popularity in terms of ‘social preference’ with items such as “With this girl ….”I would like to hang out with,” and …. “would I want to be friends with” (variable: sp, scale 1-5, a higher score means the girl is more popular). The hypothesis is that clothing style leads to different ratings of the girl’s popularity. Below are some results of an ANOVA.</p>
<p><img src="data/supplements_1_1/Untitled.png" /> 
      </p>
<p>Which sum of squares represents the magnitude of the differences in average popularity in the different conditions?</p>
]]></mattext>
<matbreak/>
</material>
<response_lid ident="vufsw-onewayanova-1285-en-canvas_162890457_section_1_item_1_schoice_RESPONSE_9206147" rcardinality="Single" rtiming="No">
<render_choice shuffle="No">
<flow_label class="List">
<response_label ident="vufsw-onewayanova-1285-en-canvas_162890457_section_1_item_1_schoice_1113400288" rshuffle="No">
<material>
<mattext texttype="text/html" charset="utf-8"><![CDATA[
 1.546
]]></mattext>
</material>
</response_label>
</flow_label>
<flow_label class="List">
<response_label ident="vufsw-onewayanova-1285-en-canvas_162890457_section_1_item_1_schoice_1619037997" rshuffle="No">
<material>
<mattext texttype="text/html" charset="utf-8"><![CDATA[
 67.592
]]></mattext>
</material>
</response_label>
</flow_label>
<flow_label class="List">
<response_label ident="vufsw-onewayanova-1285-en-canvas_162890457_section_1_item_1_schoice_9632327242" rshuffle="No">
<material>
<mattext texttype="text/html" charset="utf-8"><![CDATA[
 69.138
]]></mattext>
</material>
</response_label>
</flow_label>
<flow_label class="List">
<response_label ident="vufsw-onewayanova-1285-en-canvas_162890457_section_1_item_1_schoice_1029514968" rshuffle="No">
<material>
<mattext texttype="text/html" charset="utf-8"><![CDATA[
 1054.000
]]></mattext>
</material>
</response_label>
</flow_label>
</render_choice>
</response_lid>
</flow>
</presentation>
<resprocessing>
<outcomes>
<decvar varname="SCORE" vartype="Decimal" defaultval="0" minvalue="0" maxvalue="1" cutvalue="1"/>
</outcomes>
<respcondition title="Mastery" continue="No">
<conditionvar>
<and>
<varequal respident="vufsw-onewayanova-1285-en-canvas_162890457_section_1_item_1_schoice_RESPONSE_9206147" case="Yes">vufsw-onewayanova-1285-en-canvas_162890457_section_1_item_1_schoice_1113400288</varequal>
<not> <varequal respident="vufsw-onewayanova-1285-en-canvas_162890457_section_1_item_1_schoice_RESPONSE_9206147" case="Yes">vufsw-onewayanova-1285-en-canvas_162890457_section_1_item_1_schoice_1619037997</varequal> </not>
<not> <varequal respident="vufsw-onewayanova-1285-en-canvas_162890457_section_1_item_1_schoice_RESPONSE_9206147" case="Yes">vufsw-onewayanova-1285-en-canvas_162890457_section_1_item_1_schoice_9632327242</varequal> </not>
<not> <varequal respident="vufsw-onewayanova-1285-en-canvas_162890457_section_1_item_1_schoice_RESPONSE_9206147" case="Yes">vufsw-onewayanova-1285-en-canvas_162890457_section_1_item_1_schoice_1029514968</varequal> </not>
</and>
</conditionvar>
<setvar varname="SCORE" action="Set">1</setvar>
<displayfeedback feedbacktype="Response" linkrefid="correct_fb"/>
</respcondition>
<respcondition continue="Yes">
<conditionvar>
<other/>
</conditionvar>
<displayfeedback feedbacktype="Response" linkrefid="general_incorrect_fb"/>
</respcondition>
</resprocessing>
<itemfeedback ident="correct_fb" view="All">
<flow_mat>
<material>
<mattext texttype="text/html"><![CDATA[
<ul>
<li> 1.546 <br /> True </li>
<li> 67.592 <br /> False </li>
<li> 69.138 <br /> False </li>
<li> 1054.000 <br /> False </li>
</ul>
]]></mattext>
</material>
</flow_mat>
</itemfeedback>
<itemfeedback ident="general_incorrect_fb" view="All">
<flow_mat>
<material>
<mattext texttype="text/html"><![CDATA[
<ul>
<li> 1.546 <br /> True </li>
<li> 67.592 <br /> False </li>
<li> 69.138 <br /> False </li>
<li> 1054.000 <br /> False </li>
</ul>
]]></mattext>
</material>
</flow_mat>
</itemfeedback>
</item>


</section>

</assessment>
</questestinterop>
