<?xml version="1.0" encoding="UTF-8"?>
<assessmentItem xsi:schemaLocation="http://www.imsglobal.org/xsd/imsqti_v2p1 http://www.imsglobal.org/xsd/qti/qtiv2p1/imsqti_v2p1p1.xsd http://www.w3.org/1998/Math/MathML http://www.w3.org/Math/XMLSchema/mathml2/mathml2.xsd" identifier="uva-sample-space-752-nl-ans_392242409_section_1_item_1_schoice" title="Probability_uva-sample-space-752-nl_uva-sample-space-752-nl_schoice_1" adaptive="false" timeDependent="false" xmlns="http://www.imsglobal.org/xsd/imsqti_v2p1" xmlns:xsi="http://www.w3.org/2001/XMLSchema-instance">
<responseDeclaration identifier="uva-sample-space-752-nl-ans_392242409_section_1_item_1_schoice_RESPONSE_1_5767970" cardinality="single" baseType="identifier">
<correctResponse>
<value>uva-sample-space-752-nl-ans_392242409_section_1_item_1_schoice_2_1826928948</value>
</correctResponse>
<mapping defaultValue="0" lowerBound="0.0">
<mapEntry mapKey="uva-sample-space-752-nl-ans_392242409_section_1_item_1_schoice_1_1702357308" mappedValue="0"/>
<mapEntry mapKey="uva-sample-space-752-nl-ans_392242409_section_1_item_1_schoice_2_1826928948" mappedValue="1"/>
<mapEntry mapKey="uva-sample-space-752-nl-ans_392242409_section_1_item_1_schoice_3_6115540380" mappedValue="0"/>
<mapEntry mapKey="uva-sample-space-752-nl-ans_392242409_section_1_item_1_schoice_4_5675027417" mappedValue="0"/>
</mapping>
</responseDeclaration>
<outcomeDeclaration identifier="SCORE" cardinality="single" baseType="float" normalMaximum="1" normalMinimum="0">
<defaultValue>
<value>0.0</value>
</defaultValue>
</outcomeDeclaration>
<outcomeDeclaration identifier="MAXSCORE" cardinality="single" baseType="float">
<defaultValue>
<value>1</value>
</defaultValue>
</outcomeDeclaration>
<outcomeDeclaration identifier="FEEDBACKBASIC" cardinality="single" baseType="identifier" view="testConstructor">
<defaultValue>
<value>empty</value>
</defaultValue>
</outcomeDeclaration>
<outcomeDeclaration identifier="FEEDBACKMODAL" cardinality="multiple" baseType="identifier" view="testConstructor"/>
<outcomeDeclaration identifier="SOLUTIONMODAL" cardinality="single" baseType="identifier" view="testConstructor"/>
<outcomeDeclaration identifier="MINSCORE" cardinality="single" baseType="float">
<defaultValue>
<value baseType="float">0</value>
</defaultValue>
</outcomeDeclaration>
<outcomeDeclaration identifier="SCORE_RESPONSE_1" cardinality="single" baseType="float">
<defaultValue>
<value>0.0</value>
</defaultValue>
</outcomeDeclaration>
<outcomeDeclaration identifier="MINSCORE_RESPONSE_1" cardinality="single" baseType="float">
<defaultValue>
<value>0.0</value>
</defaultValue>
</outcomeDeclaration>
<itemBody>
<p>De genetica leert dat kinderen genen erven van hun ouders. Als beide
ouders de genen O en A voor bloedgroep dragen, heeft elke kind een kans
van 0,25 om twee O-genen te erven en zo bloedgroep O te krijgen. Het
aantal kinderen met bloedgroep O onder vijf nakomelingen van deze ouders
is het aantal successen <em>X</em> in vijf onafhankelijke pogingen. Stel dat de
toevalsvariabele <em>X</em> het aantal kinderen is met bloedgroep O. Wat zijn
dan de mogelijke waarden voor X?</p>
<choiceInteraction responseIdentifier="uva-sample-space-752-nl-ans_392242409_section_1_item_1_schoice_RESPONSE_1_5767970" shuffle="false" maxChoices="1">
<simpleChoice identifier="uva-sample-space-752-nl-ans_392242409_section_1_item_1_schoice_1_1702357308">
<p>
 A, B, AB en O
</p>
</simpleChoice>
<simpleChoice identifier="uva-sample-space-752-nl-ans_392242409_section_1_item_1_schoice_2_1826928948">
<p>
 0, 1, 2, 3, 4 en 5
</p>
</simpleChoice>
<simpleChoice identifier="uva-sample-space-752-nl-ans_392242409_section_1_item_1_schoice_3_6115540380">
<p>
 1, 2, 3, 4 en 5
</p>
</simpleChoice>
<simpleChoice identifier="uva-sample-space-752-nl-ans_392242409_section_1_item_1_schoice_4_5675027417">
<p>
 (5, 0,25)
</p>
</simpleChoice>
</choiceInteraction>
</itemBody>
<responseProcessing>
<setOutcomeValue identifier="SCORE_RESPONSE_1">
<sum>
<variable identifier="SCORE_RESPONSE_1"/>
<mapResponse identifier="uva-sample-space-752-nl-ans_392242409_section_1_item_1_schoice_RESPONSE_1_5767970"/>
</sum>
</setOutcomeValue>
<responseCondition>
<responseIf>
<lt>
<variable identifier="SCORE_RESPONSE_1"/>
<variable identifier="MINSCORE_RESPONSE_1"/>
</lt>
<setOutcomeValue identifier="SCORE_RESPONSE_1">
<variable identifier="MINSCORE_RESPONSE_1"/>
</setOutcomeValue>
</responseIf>
</responseCondition>
<responseCondition>
<responseIf>
<isNull>
<variable identifier="uva-sample-space-752-nl-ans_392242409_section_1_item_1_schoice_RESPONSE_1_5767970"/>
</isNull>
<setOutcomeValue identifier="SCORE_RESPONSE_1">
<sum>
<variable identifier="SCORE_RESPONSE_1"/>
<baseValue baseType="float">0</baseValue>
</sum>
</setOutcomeValue>
</responseIf>
</responseCondition>
<setOutcomeValue identifier="SCORE">
<sum>
<variable identifier="SCORE_RESPONSE_1"/>
</sum>
</setOutcomeValue>
<responseCondition>
<responseIf>
<lt>
<variable identifier="SCORE"/>
<variable identifier="MINSCORE"/>
</lt>
<setOutcomeValue identifier="SCORE">
<variable identifier="MINSCORE"/>
</setOutcomeValue>
</responseIf>
</responseCondition>
<responseCondition>
<responseIf>
<lt>
<variable identifier="SCORE"/>
<baseValue baseType="float">1</baseValue>
</lt>
<setOutcomeValue identifier="FEEDBACKMODAL">
<multiple>
<variable identifier="FEEDBACKMODAL"/>
<baseValue baseType="identifier">Feedback816835748</baseValue>
</multiple>
</setOutcomeValue>
</responseIf>
</responseCondition>
</responseProcessing>
<modalFeedback outcomeIdentifier="FEEDBACK" showHide="show" identifier="incorrect">
<ul>
<li> A, B, AB en O <br /> A, B, AB en O: Incorrect </li>
<li> 0, 1, 2, 3, 4 en 5 <br /> 0, 1, 2, 3, 4 en 5: Correct </li>
<li> 1, 2, 3, 4 en 5 <br /> 1, 2, 3, 4 en 5: Incorrect </li>
<li> (5, 0,25) <br /> (5, 0,25): Incorrect </li>
</ul>
</modalFeedback>
</assessmentItem>
