<?xml version="1.0" encoding="UTF-8"?>
<assessmentItem xsi:schemaLocation="http://www.imsglobal.org/xsd/imsqti_v2p1 http://www.imsglobal.org/xsd/qti/qtiv2p1/imsqti_v2p1p1.xsd http://www.w3.org/1998/Math/MathML http://www.w3.org/Math/XMLSchema/mathml2/mathml2.xsd" identifier="vufsw-expectedvalue-1098-en-ans_231826724_section_1_item_1_schoice" title="Probability_vufsw-expectedvalue-1098-en_vufsw-expectedvalue-1098-en_schoice_1" adaptive="false" timeDependent="false" xmlns="http://www.imsglobal.org/xsd/imsqti_v2p1" xmlns:xsi="http://www.w3.org/2001/XMLSchema-instance">
<responseDeclaration identifier="vufsw-expectedvalue-1098-en-ans_231826724_section_1_item_1_schoice_RESPONSE_1_1181552" cardinality="single" baseType="identifier">
<correctResponse>
<value>vufsw-expectedvalue-1098-en-ans_231826724_section_1_item_1_schoice_1_9003126370</value>
</correctResponse>
<mapping defaultValue="0" lowerBound="0.0">
<mapEntry mapKey="vufsw-expectedvalue-1098-en-ans_231826724_section_1_item_1_schoice_1_9003126370" mappedValue="1"/>
<mapEntry mapKey="vufsw-expectedvalue-1098-en-ans_231826724_section_1_item_1_schoice_2_5938841431" mappedValue="0"/>
<mapEntry mapKey="vufsw-expectedvalue-1098-en-ans_231826724_section_1_item_1_schoice_3_6395984709" mappedValue="0"/>
<mapEntry mapKey="vufsw-expectedvalue-1098-en-ans_231826724_section_1_item_1_schoice_4_1103136887" mappedValue="0"/>
<mapEntry mapKey="vufsw-expectedvalue-1098-en-ans_231826724_section_1_item_1_schoice_5_4425511267" mappedValue="0"/>
<mapEntry mapKey="vufsw-expectedvalue-1098-en-ans_231826724_section_1_item_1_schoice_6_2120897280" mappedValue="0"/>
</mapping>
</responseDeclaration>
<outcomeDeclaration identifier="SCORE" cardinality="single" baseType="float" normalMaximum="1" normalMinimum="0">
<defaultValue>
<value>0.0</value>
</defaultValue>
</outcomeDeclaration>
<outcomeDeclaration identifier="MAXSCORE" cardinality="single" baseType="float">
<defaultValue>
<value>1</value>
</defaultValue>
</outcomeDeclaration>
<outcomeDeclaration identifier="FEEDBACKBASIC" cardinality="single" baseType="identifier" view="testConstructor">
<defaultValue>
<value>empty</value>
</defaultValue>
</outcomeDeclaration>
<outcomeDeclaration identifier="FEEDBACKMODAL" cardinality="multiple" baseType="identifier" view="testConstructor"/>
<outcomeDeclaration identifier="SOLUTIONMODAL" cardinality="single" baseType="identifier" view="testConstructor"/>
<outcomeDeclaration identifier="MINSCORE" cardinality="single" baseType="float">
<defaultValue>
<value baseType="float">0</value>
</defaultValue>
</outcomeDeclaration>
<outcomeDeclaration identifier="SCORE_RESPONSE_1" cardinality="single" baseType="float">
<defaultValue>
<value>0.0</value>
</defaultValue>
</outcomeDeclaration>
<outcomeDeclaration identifier="MINSCORE_RESPONSE_1" cardinality="single" baseType="float">
<defaultValue>
<value>0.0</value>
</defaultValue>
</outcomeDeclaration>
<itemBody>
<p>Below you can find a probability distribution.</p>
<p><img src="media/supplements1/vufsw-expectedvalue-1098-en.png" /></p>
<p>What is the expected value <strong>E(y)</strong> of this distribution?</p>
<choiceInteraction responseIdentifier="vufsw-expectedvalue-1098-en-ans_231826724_section_1_item_1_schoice_RESPONSE_1_1181552" shuffle="false" maxChoices="1">
<simpleChoice identifier="vufsw-expectedvalue-1098-en-ans_231826724_section_1_item_1_schoice_1_9003126370">
<p>
 1.12
</p>
</simpleChoice>
<simpleChoice identifier="vufsw-expectedvalue-1098-en-ans_231826724_section_1_item_1_schoice_2_5938841431">
<p>
 0.60
</p>
</simpleChoice>
<simpleChoice identifier="vufsw-expectedvalue-1098-en-ans_231826724_section_1_item_1_schoice_3_6395984709">
<p>
 2.00
</p>
</simpleChoice>
<simpleChoice identifier="vufsw-expectedvalue-1098-en-ans_231826724_section_1_item_1_schoice_4_1103136887">
<p>
 2.20
</p>
</simpleChoice>
<simpleChoice identifier="vufsw-expectedvalue-1098-en-ans_231826724_section_1_item_1_schoice_5_4425511267">
<p>
 0.25
</p>
</simpleChoice>
<simpleChoice identifier="vufsw-expectedvalue-1098-en-ans_231826724_section_1_item_1_schoice_6_2120897280">
<p>
 0.40
</p>
</simpleChoice>
</choiceInteraction>
</itemBody>
<responseProcessing>
<setOutcomeValue identifier="SCORE_RESPONSE_1">
<sum>
<variable identifier="SCORE_RESPONSE_1"/>
<mapResponse identifier="vufsw-expectedvalue-1098-en-ans_231826724_section_1_item_1_schoice_RESPONSE_1_1181552"/>
</sum>
</setOutcomeValue>
<responseCondition>
<responseIf>
<lt>
<variable identifier="SCORE_RESPONSE_1"/>
<variable identifier="MINSCORE_RESPONSE_1"/>
</lt>
<setOutcomeValue identifier="SCORE_RESPONSE_1">
<variable identifier="MINSCORE_RESPONSE_1"/>
</setOutcomeValue>
</responseIf>
</responseCondition>
<responseCondition>
<responseIf>
<isNull>
<variable identifier="vufsw-expectedvalue-1098-en-ans_231826724_section_1_item_1_schoice_RESPONSE_1_1181552"/>
</isNull>
<setOutcomeValue identifier="SCORE_RESPONSE_1">
<sum>
<variable identifier="SCORE_RESPONSE_1"/>
<baseValue baseType="float">0</baseValue>
</sum>
</setOutcomeValue>
</responseIf>
</responseCondition>
<setOutcomeValue identifier="SCORE">
<sum>
<variable identifier="SCORE_RESPONSE_1"/>
</sum>
</setOutcomeValue>
<responseCondition>
<responseIf>
<lt>
<variable identifier="SCORE"/>
<variable identifier="MINSCORE"/>
</lt>
<setOutcomeValue identifier="SCORE">
<variable identifier="MINSCORE"/>
</setOutcomeValue>
</responseIf>
</responseCondition>
<responseCondition>
<responseIf>
<lt>
<variable identifier="SCORE"/>
<baseValue baseType="float">1</baseValue>
</lt>
<setOutcomeValue identifier="FEEDBACKMODAL">
<multiple>
<variable identifier="FEEDBACKMODAL"/>
<baseValue baseType="identifier">Feedback243323964</baseValue>
</multiple>
</setOutcomeValue>
</responseIf>
</responseCondition>
</responseProcessing>
<modalFeedback outcomeIdentifier="FEEDBACK" showHide="show" identifier="incorrect">
<p>To calculate the expected value <strong>E(y)</strong> = <strong>ΣY*P(y)</strong> = (0)(0.40) +
(1)(0.26) + (2)(0.21) + (3)(0.08) + (4)(0.05) = 0 + 0.26 + 0.42 + 0.24 +
0.2 = <strong>1.12</strong></p>
<br />
<ul>
<li> 1.12 <br /> True </li>
<li> 0.60 <br /> False </li>
<li> 2.00 <br /> False </li>
<li> 2.20 <br /> False </li>
<li> 0.25 <br /> False </li>
<li> 0.40 <br /> False </li>
</ul>
</modalFeedback>
</assessmentItem>
