<?xml version="1.0" encoding="UTF-8"?>
<assessmentItem xsi:schemaLocation="http://www.imsglobal.org/xsd/imsqti_v2p1 http://www.imsglobal.org/xsd/qti/qtiv2p1/imsqti_v2p1p1.xsd http://www.w3.org/1998/Math/MathML http://www.w3.org/Math/XMLSchema/mathml2/mathml2.xsd" identifier="uva-independent-events-726-nl-qti_331543848_section_1_item_1_schoice" title="1" adaptive="false" timeDependent="false" xmlns="http://www.imsglobal.org/xsd/imsqti_v2p1" xmlns:xsi="http://www.w3.org/2001/XMLSchema-instance">
<responseDeclaration identifier="uva-independent-events-726-nl-qti_331543848_section_1_item_1_schoice_RESPONSE_1_9962887" cardinality="single" baseType="identifier">
<correctResponse>
<value>uva-independent-events-726-nl-qti_331543848_section_1_item_1_schoice_1_7299677105</value>
</correctResponse>
<mapping defaultValue="0" lowerBound="0.0">
<mapEntry mapKey="uva-independent-events-726-nl-qti_331543848_section_1_item_1_schoice_1_7299677105" mappedValue="1"/>
<mapEntry mapKey="uva-independent-events-726-nl-qti_331543848_section_1_item_1_schoice_2_1889736915" mappedValue="0"/>
<mapEntry mapKey="uva-independent-events-726-nl-qti_331543848_section_1_item_1_schoice_3_1554483338" mappedValue="0"/>
</mapping>
</responseDeclaration>
<outcomeDeclaration identifier="SCORE" cardinality="single" baseType="float" normalMaximum="1" normalMinimum="0">
<defaultValue>
<value>0.0</value>
</defaultValue>
</outcomeDeclaration>
<outcomeDeclaration identifier="MAXSCORE" cardinality="single" baseType="float">
<defaultValue>
<value>1</value>
</defaultValue>
</outcomeDeclaration>
<outcomeDeclaration identifier="FEEDBACKBASIC" cardinality="single" baseType="identifier" view="testConstructor">
<defaultValue>
<value>empty</value>
</defaultValue>
</outcomeDeclaration>
<outcomeDeclaration identifier="FEEDBACKMODAL" cardinality="multiple" baseType="identifier" view="testConstructor"/>
<outcomeDeclaration identifier="SOLUTIONMODAL" cardinality="single" baseType="identifier" view="testConstructor"/>
<outcomeDeclaration identifier="MINSCORE" cardinality="single" baseType="float">
<defaultValue>
<value baseType="float">0</value>
</defaultValue>
</outcomeDeclaration>
<outcomeDeclaration identifier="SCORE_RESPONSE_1" cardinality="single" baseType="float">
<defaultValue>
<value>0.0</value>
</defaultValue>
</outcomeDeclaration>
<outcomeDeclaration identifier="MINSCORE_RESPONSE_1" cardinality="single" baseType="float">
<defaultValue>
<value>0.0</value>
</defaultValue>
</outcomeDeclaration>
<itemBody>
<p>Er wordt aselect een Nederlands echtpaar gekozen. Aan zowel de man als
de vrouw wordt de volgende vraag gesteld 'Bent u tevreden over uw
huwelijk?''. Elke persoon antwoordt met 'ja' of met 'nee'. A is de
gebeurtenis dat de man 'ja' antwoordt. B is de gebeurtenis dat de
vrouw 'ja' antwoordt. Er wordt voor gezorgd dat de beide echtgenoten
niet op de hoogte zijn van het antwoord van de ander. Dit gebeurt door
de beide personen de vraag op hetzelfde moment te stellen in twee
verschillende kamers.<br />
<br />
Op basis van inhoudelijke gronden</p>
<choiceInteraction responseIdentifier="uva-independent-events-726-nl-qti_331543848_section_1_item_1_schoice_RESPONSE_1_9962887" shuffle="false" maxChoices="1">
<simpleChoice identifier="uva-independent-events-726-nl-qti_331543848_section_1_item_1_schoice_1_7299677105">
<p>
 kunnen we er vrijwel van verzekerd zijn dat A en B onafhankelijke gebeurtenissen zijn .
</p>
</simpleChoice>
<simpleChoice identifier="uva-independent-events-726-nl-qti_331543848_section_1_item_1_schoice_2_1889736915">
<p>
 kunnen we er vrijwel van verzekerd zijn dat A en B afhankelijke gebeurtenissen zijn .
</p>
</simpleChoice>
<simpleChoice identifier="uva-independent-events-726-nl-qti_331543848_section_1_item_1_schoice_3_1554483338">
<p>
 is er niets over te zeggen of A en B wel of niet onafhankelijk zullen zijn.
</p>
</simpleChoice>
</choiceInteraction>
</itemBody>
<responseProcessing>
<setOutcomeValue identifier="SCORE_RESPONSE_1">
<sum>
<variable identifier="SCORE_RESPONSE_1"/>
<mapResponse identifier="uva-independent-events-726-nl-qti_331543848_section_1_item_1_schoice_RESPONSE_1_9962887"/>
</sum>
</setOutcomeValue>
<responseCondition>
<responseIf>
<lt>
<variable identifier="SCORE_RESPONSE_1"/>
<variable identifier="MINSCORE_RESPONSE_1"/>
</lt>
<setOutcomeValue identifier="SCORE_RESPONSE_1">
<variable identifier="MINSCORE_RESPONSE_1"/>
</setOutcomeValue>
</responseIf>
</responseCondition>
<responseCondition>
<responseIf>
<isNull>
<variable identifier="uva-independent-events-726-nl-qti_331543848_section_1_item_1_schoice_RESPONSE_1_9962887"/>
</isNull>
<setOutcomeValue identifier="SCORE_RESPONSE_1">
<sum>
<variable identifier="SCORE_RESPONSE_1"/>
<baseValue baseType="float">0</baseValue>
</sum>
</setOutcomeValue>
</responseIf>
</responseCondition>
<setOutcomeValue identifier="SCORE">
<sum>
<variable identifier="SCORE_RESPONSE_1"/>
</sum>
</setOutcomeValue>
<responseCondition>
<responseIf>
<lt>
<variable identifier="SCORE"/>
<variable identifier="MINSCORE"/>
</lt>
<setOutcomeValue identifier="SCORE">
<variable identifier="MINSCORE"/>
</setOutcomeValue>
</responseIf>
</responseCondition>
<responseCondition>
<responseIf>
<lt>
<variable identifier="SCORE"/>
<baseValue baseType="float">1</baseValue>
</lt>
<setOutcomeValue identifier="FEEDBACKMODAL">
<multiple>
<variable identifier="FEEDBACKMODAL"/>
<baseValue baseType="identifier">Feedback423658048</baseValue>
</multiple>
</setOutcomeValue>
</responseIf>
</responseCondition>
</responseProcessing>
<modalFeedback identifier="Feedback423658048" outcomeIdentifier="FEEDBACKMODAL" showHide="show">
<ul>
<li> kunnen we er vrijwel van verzekerd zijn dat A en B onafhankelijke gebeurtenissen zijn . <br /> kunnen we er vrijwel van verzekerd zijn dat A en B onafhankelijke gebeurtenissen zijn .: Correct </li>
<li> kunnen we er vrijwel van verzekerd zijn dat A en B afhankelijke gebeurtenissen zijn . <br /> kunnen we er vrijwel van verzekerd zijn dat A en B afhankelijke gebeurtenissen zijn .: Incorrect </li>
<li> is er niets over te zeggen of A en B wel of niet onafhankelijk zullen zijn. <br /> is er niets over te zeggen of A en B wel of niet onafhankelijk zullen zijn.: Incorrect </li>
</ul>
</modalFeedback>
</assessmentItem>
