<?xml version="1.0" encoding="utf-8" standalone="yes"?>
<assessmentItem identifier="vufgb-anova-017-nl_202209051537_item_1_schoice" title="vufgb-anova-017-nl_202209051537_item_1_schoice_vufgb-anova-017-nl" adaptive="false" timeDependent="false" toolName="Testvision Online" toolVersion="39.0.9084" xmlns="http://www.imsglobal.org/xsd/imsqti_v2p1">
<responseDeclaration identifier="RESPONSE" cardinality="single" baseType="identifier">
<correctResponse>
<value>alt_666397</value>
</correctResponse>
<mapping defaultValue="0" lowerBound="0.0">
<mapEntry mapKey="alt_666397" mappedValue="1"/>
<mapEntry mapKey="alt_205526" mappedValue="-0.333333333333333"/>
<mapEntry mapKey="alt_216554" mappedValue="-0.333333333333333"/>
<mapEntry mapKey="alt_624126" mappedValue="-0.333333333333333"/>
</mapping>
</responseDeclaration>
<outcomeDeclaration identifier="SCORE" cardinality="single" baseType="float" normalMaximum="1" normalMinimum="0" />
<outcomeDeclaration identifier="FEEDBACK" cardinality="single" baseType="identifier" />
<itemBody>
<p>Een onderzoeker heeft een Factoriële ANOVA uitgevoerd om na te gaan of de samenhang tussen GPA (Grade Point Average) scores en onderlinge klassen (class) samenhangt met het aantal punten dat deelnemers krijgen van de docent voor lesparticipatie (nr of points in class). Bereken de F-waarde behorende bij “GPA”:</p>
<p><img src="mediafiles/supplements1/vufgb-anova-017-nl-table01.jpg" alt="image"/></p>
<choiceInteraction responseIdentifier="RESPONSE" shuffle="false" maxChoices="1">
<simpleChoice identifier="alt_666397">
<div class="textblock tvblock tvcss_1"><div class="rte_zone tveditor1">
a. 9.002
</div>
</div>
</simpleChoice>
<simpleChoice identifier="alt_205526">
<div class="textblock tvblock tvcss_1"><div class="rte_zone tveditor1">
b. 0.547
</div>
</div>
</simpleChoice>
<simpleChoice identifier="alt_216554">
<div class="textblock tvblock tvcss_1"><div class="rte_zone tveditor1">
c. 0.034
</div>
</div>
</simpleChoice>
<simpleChoice identifier="alt_624126">
<div class="textblock tvblock tvcss_1"><div class="rte_zone tveditor1">
d. 1.828
</div>
</div>
</simpleChoice>
</choiceInteraction>
</itemBody>
<responseProcessing>
<responseCondition>
<responseIf>
<isNull>
<variable identifier="RESPONSE"/>
</isNull>
<setOutcomeValue identifier="SCORE">
<baseValue baseType="float">0.0</baseValue>
</setOutcomeValue>
<setOutcomeValue identifier="FEEDBACK">
<baseValue baseType="identifier">FAILURE</baseValue>
</setOutcomeValue>
</responseIf>
<responseElse>
<setOutcomeValue identifier="SCORE">
<mapResponse identifier="RESPONSE"/>
</setOutcomeValue>
<responseCondition>
<responseIf>
<equal toleranceMode="relative" tolerance="0.001">
<variable identifier="SCORE"/>
<variable identifier="MAXSCORE"/>
</equal>
<setOutcomeValue identifier="FEEDBACK">
<baseValue baseType="identifier">ANSWER_CORRECT</baseValue>
</setOutcomeValue>
</responseIf>
<responseElse>
<setOutcomeValue identifier="FEEDBACK">
<baseValue baseType="identifier">FAILURE</baseValue>
</setOutcomeValue>
</responseElse>
</responseCondition>
</responseElse>
</responseCondition>
</responseProcessing>
<modalFeedback identifier="FAILURE" outcomeIdentifier="FEEDBACK" showHide="show">
<div class="textblock tvblock tvcss_1"><div class="rte_zone tveditor1">
<ol>
<li> 9.002 <br /> Correct </li>
<li> 0.547 <br /> Incorrect </li>
<li> 0.034 <br /> Incorrect </li>
<li> 1.828 <br /> Incorrect </li>
</ol>
</div>
</div>
</modalFeedback>
<modalFeedback identifier="ANSWER_CORRECT" outcomeIdentifier="FEEDBACK" showHide="show">
<div class="textblock tvblock tvcss_1"><div class="rte_zone tveditor1">
<ol>
<li> 9.002 <br /> Correct </li>
<li> 0.547 <br /> Incorrect </li>
<li> 0.034 <br /> Incorrect </li>
<li> 1.828 <br /> Incorrect </li>
</ol>
</div>
</div>
</modalFeedback>
<modalFeedback identifier="PARTIAL_CORRECT" outcomeIdentifier="FEEDBACK" showHide="show">
<div class="textblock tvblock tvcss_1"><div class="rte_zone tveditor1">
<ol>
<li> 9.002 <br /> Correct </li>
<li> 0.547 <br /> Incorrect </li>
<li> 0.034 <br /> Incorrect </li>
<li> 1.828 <br /> Incorrect </li>
</ol>
</div>
</div>
</modalFeedback>
</assessmentItem>
