<?xml version="1.0" encoding="utf-8" standalone="yes"?>
<assessmentItem identifier="vufsw-moderation-1306-en-tv_202601131823_item_1_schoice" title="vufsw-moderation-1306-en-tv_202601131823_item_1_schoice_vufsw-moderation-1306-en" adaptive="false" timeDependent="false" toolName="Testvision Online" toolVersion="39.0.9084" xmlns="http://www.imsglobal.org/xsd/imsqti_v2p1">
<responseDeclaration identifier="RESPONSE" cardinality="single" baseType="identifier">
<correctResponse>
<value>alt_967556</value>
</correctResponse>
<mapping defaultValue="0" lowerBound="0.0">
<mapEntry mapKey="alt_626509" mappedValue="-0.333333333333333"/>
<mapEntry mapKey="alt_532380" mappedValue="-0.333333333333333"/>
<mapEntry mapKey="alt_955787" mappedValue="-0.333333333333333"/>
<mapEntry mapKey="alt_967556" mappedValue="1"/>
</mapping>
</responseDeclaration>
<outcomeDeclaration identifier="SCORE" cardinality="single" baseType="float" normalMaximum="1" normalMinimum="0" />
<outcomeDeclaration identifier="FEEDBACK" cardinality="single" baseType="identifier" />
<stylesheet href="css/vufsw-moderation-1306-en-tv_202601131823_item_1_schoice.css" type="text/css" />
<itemBody>
<p>The analyses below are derived from data from the research project Youth and Culture (Ganzeboom and Nagel, 1998-2002) in which More than 3,000 schoolchildren aged 14-17 were surveyed about their attitudes toward culture. Furthermore, information about their social background and their parents’ cultural participation. The question is in to what extent the cultural participation of the mother influences the attitudes toward culture of schoolchildren, and whether this influence differs between schoolchildren from Western and non-Western backgrounds.</p>
<p>The dependent variable is “Attitude toward culture” (ATT: a scale 1-4, where a higher score indicates a more positive attitude). Maternal cultural participation (MCUL) is a continuous scale, 0-1, where a higher score means higher participation. The Western versus non-western background of the schoolchildren was measured via the variable ‘MIN’ (0 = western, 1 = non-western). Also, in model 2, the interaction between ‘MIN’ and ‘MCUL’ included (MIN_MCUL).</p>
<p><img src="mediafiles/supplements1/1606660757397.png" alt="image"/></p>
<p>Based on the results, which causal model best represents the relationship in the population between attitudes toward culture (ATT = Y), mother’s mother’s cultural participation (MCUL= X1), and the western or non-Western background of the pupil (MIN = X2)?</p>
<choiceInteraction responseIdentifier="RESPONSE" shuffle="false" maxChoices="1">
<simpleChoice identifier="alt_626509">
<div class="textblock tvblock tvcss_1"><div class="rte_zone tveditor1">
 <img src="mediafiles/supplements1/1602953846278.png" alt="image"/>
</div>
</div>
</simpleChoice>
<simpleChoice identifier="alt_532380">
<div class="textblock tvblock tvcss_1"><div class="rte_zone tveditor1">
 <img src="mediafiles/supplements1/1602953834719.png" alt="image"/>
</div>
</div>
</simpleChoice>
<simpleChoice identifier="alt_955787">
<div class="textblock tvblock tvcss_1"><div class="rte_zone tveditor1">
 <img src="mediafiles/supplements1/1602953860292.png" alt="image"/>
</div>
</div>
</simpleChoice>
<simpleChoice identifier="alt_967556">
<div class="textblock tvblock tvcss_1"><div class="rte_zone tveditor1">
 <img src="mediafiles/supplements1/1602953874532.png" alt="image"/>
</div>
</div>
</simpleChoice>
</choiceInteraction>
</itemBody>
<responseProcessing>
<responseCondition>
<responseIf>
<isNull>
<variable identifier="RESPONSE"/>
</isNull>
<setOutcomeValue identifier="SCORE">
<baseValue baseType="float">0.0</baseValue>
</setOutcomeValue>
<setOutcomeValue identifier="FEEDBACK">
<baseValue baseType="identifier">FAILURE</baseValue>
</setOutcomeValue>
</responseIf>
<responseElse>
<setOutcomeValue identifier="SCORE">
<mapResponse identifier="RESPONSE"/>
</setOutcomeValue>
<responseCondition>
<responseIf>
<equal toleranceMode="relative" tolerance="0.001">
<variable identifier="SCORE"/>
<variable identifier="MAXSCORE"/>
</equal>
<setOutcomeValue identifier="FEEDBACK">
<baseValue baseType="identifier">ANSWER_CORRECT</baseValue>
</setOutcomeValue>
</responseIf>
<responseElse>
<setOutcomeValue identifier="FEEDBACK">
<baseValue baseType="identifier">FAILURE</baseValue>
</setOutcomeValue>
</responseElse>
</responseCondition>
</responseElse>
</responseCondition>
</responseProcessing>
<modalFeedback identifier="FAILURE" outcomeIdentifier="FEEDBACK" showHide="show">
<div class="textblock tvblock tvcss_1"><div class="rte_zone tveditor1">
<ul>
<li> <img src="mediafiles/supplements1/1602953846278.png" alt="image"/> <br alt="image"/> False </li>
<li> <img src="mediafiles/supplements1/1602953834719.png" alt="image"/> <br alt="image"/> False </li>
<li> <img src="mediafiles/supplements1/1602953860292.png" alt="image"/> <br alt="image"/> False </li>
<li> <img src="mediafiles/supplements1/1602953874532.png" alt="image"/> <br alt="image"/> True </li>
</ul>
</div>
</div>
</modalFeedback>
<modalFeedback identifier="ANSWER_CORRECT" outcomeIdentifier="FEEDBACK" showHide="show">
<div class="textblock tvblock tvcss_1"><div class="rte_zone tveditor1">
<ul>
<li> <img src="mediafiles/supplements1/1602953846278.png" alt="image"/> <br alt="image"/> False </li>
<li> <img src="mediafiles/supplements1/1602953834719.png" alt="image"/> <br alt="image"/> False </li>
<li> <img src="mediafiles/supplements1/1602953860292.png" alt="image"/> <br alt="image"/> False </li>
<li> <img src="mediafiles/supplements1/1602953874532.png" alt="image"/> <br alt="image"/> True </li>
</ul>
</div>
</div>
</modalFeedback>
<modalFeedback identifier="PARTIAL_CORRECT" outcomeIdentifier="FEEDBACK" showHide="show">
<div class="textblock tvblock tvcss_1"><div class="rte_zone tveditor1">
<ul>
<li> <img src="mediafiles/supplements1/1602953846278.png" alt="image"/> <br alt="image"/> False </li>
<li> <img src="mediafiles/supplements1/1602953834719.png" alt="image"/> <br alt="image"/> False </li>
<li> <img src="mediafiles/supplements1/1602953860292.png" alt="image"/> <br alt="image"/> False </li>
<li> <img src="mediafiles/supplements1/1602953874532.png" alt="image"/> <br alt="image"/> True </li>
</ul>
</div>
</div>
</modalFeedback>
</assessmentItem>
