<?xml version="1.0" encoding="utf-8" standalone="yes"?>
<assessmentItem identifier="uva-elementary-probability-689-en-tv_202601131819_item_1_schoice" title="uva-elementary-probability-689-en-tv_202601131819_item_1_schoice_uva-elementary-probability-689-en" adaptive="false" timeDependent="false" toolName="Testvision Online" toolVersion="39.0.9084" xmlns="http://www.imsglobal.org/xsd/imsqti_v2p1">
<responseDeclaration identifier="RESPONSE" cardinality="single" baseType="identifier">
<correctResponse>
<value>alt_177684</value>
</correctResponse>
<mapping defaultValue="0" lowerBound="0.0">
<mapEntry mapKey="alt_651831" mappedValue="-0.333333333333333"/>
<mapEntry mapKey="alt_177684" mappedValue="1"/>
<mapEntry mapKey="alt_867811" mappedValue="-0.333333333333333"/>
<mapEntry mapKey="alt_152696" mappedValue="-0.333333333333333"/>
</mapping>
</responseDeclaration>
<outcomeDeclaration identifier="SCORE" cardinality="single" baseType="float" normalMaximum="1" normalMinimum="0" />
<outcomeDeclaration identifier="FEEDBACK" cardinality="single" baseType="identifier" />
<stylesheet href="css/uva-elementary-probability-689-en-tv_202601131819_item_1_schoice.css" type="text/css" />
<itemBody>
<p>Below is a table showing the number of people who committed suicide committed suicide in 2008.</p>
<p>————— ——– ——— ——– Men Women Total With firearm 12,381 1,559 13,940 Other 9,042 2,300 11,342 Total 21,423 3,859 25,282 ————— ——– ——— ——–</p>
<p>If you choose a random person, how likely is it that this person committed suicide with a firearm?</p>
<choiceInteraction responseIdentifier="RESPONSE" shuffle="false" maxChoices="1">
<simpleChoice identifier="alt_651831">
<div class="textblock tvblock tvcss_1"><div class="rte_zone tveditor1">
 0,41
</div>
</div>
</simpleChoice>
<simpleChoice identifier="alt_177684">
<div class="textblock tvblock tvcss_1"><div class="rte_zone tveditor1">
 0,55
</div>
</div>
</simpleChoice>
<simpleChoice identifier="alt_867811">
<div class="textblock tvblock tvcss_1"><div class="rte_zone tveditor1">
 0,58
</div>
</div>
</simpleChoice>
<simpleChoice identifier="alt_152696">
<div class="textblock tvblock tvcss_1"><div class="rte_zone tveditor1">
 0,89
</div>
</div>
</simpleChoice>
</choiceInteraction>
</itemBody>
<responseProcessing>
<responseCondition>
<responseIf>
<isNull>
<variable identifier="RESPONSE"/>
</isNull>
<setOutcomeValue identifier="SCORE">
<baseValue baseType="float">0.0</baseValue>
</setOutcomeValue>
<setOutcomeValue identifier="FEEDBACK">
<baseValue baseType="identifier">FAILURE</baseValue>
</setOutcomeValue>
</responseIf>
<responseElse>
<setOutcomeValue identifier="SCORE">
<mapResponse identifier="RESPONSE"/>
</setOutcomeValue>
<responseCondition>
<responseIf>
<equal toleranceMode="relative" tolerance="0.001">
<variable identifier="SCORE"/>
<variable identifier="MAXSCORE"/>
</equal>
<setOutcomeValue identifier="FEEDBACK">
<baseValue baseType="identifier">ANSWER_CORRECT</baseValue>
</setOutcomeValue>
</responseIf>
<responseElse>
<setOutcomeValue identifier="FEEDBACK">
<baseValue baseType="identifier">FAILURE</baseValue>
</setOutcomeValue>
</responseElse>
</responseCondition>
</responseElse>
</responseCondition>
</responseProcessing>
<modalFeedback identifier="FAILURE" outcomeIdentifier="FEEDBACK" showHide="show">
<div class="textblock tvblock tvcss_1"><div class="rte_zone tveditor1">
<ul>
<li> 0,41 <br /> 0.41: Incorrect </li>
<li> 0,55 <br /> 0.55: Correct </li>
<li> 0,58 <br /> 0.58: Incorrect </li>
<li> 0,89 <br /> 0.89: Incorrect </li>
</ul>
</div>
</div>
</modalFeedback>
<modalFeedback identifier="ANSWER_CORRECT" outcomeIdentifier="FEEDBACK" showHide="show">
<div class="textblock tvblock tvcss_1"><div class="rte_zone tveditor1">
<ul>
<li> 0,41 <br /> 0.41: Incorrect </li>
<li> 0,55 <br /> 0.55: Correct </li>
<li> 0,58 <br /> 0.58: Incorrect </li>
<li> 0,89 <br /> 0.89: Incorrect </li>
</ul>
</div>
</div>
</modalFeedback>
<modalFeedback identifier="PARTIAL_CORRECT" outcomeIdentifier="FEEDBACK" showHide="show">
<div class="textblock tvblock tvcss_1"><div class="rte_zone tveditor1">
<ul>
<li> 0,41 <br /> 0.41: Incorrect </li>
<li> 0,55 <br /> 0.55: Correct </li>
<li> 0,58 <br /> 0.58: Incorrect </li>
<li> 0,89 <br /> 0.89: Incorrect </li>
</ul>
</div>
</div>
</modalFeedback>
</assessmentItem>
