<?xml version="1.0" encoding="utf-8" standalone="yes"?>
<assessmentItem identifier="uu-multiple-linear-regression-821-nl-tv_202601131822_item_1_schoice" title="uu-multiple-linear-regression-821-nl-tv_202601131822_item_1_schoice_uu-multiple-linear-regression-821-nl" adaptive="false" timeDependent="false" toolName="Testvision Online" toolVersion="39.0.9084" xmlns="http://www.imsglobal.org/xsd/imsqti_v2p1">
<responseDeclaration identifier="RESPONSE" cardinality="single" baseType="identifier">
<correctResponse>
<value>alt_608794</value>
</correctResponse>
<mapping defaultValue="0" lowerBound="0.0">
<mapEntry mapKey="alt_929164" mappedValue="-0.333333333333333"/>
<mapEntry mapKey="alt_608794" mappedValue="1"/>
<mapEntry mapKey="alt_906634" mappedValue="-0.333333333333333"/>
<mapEntry mapKey="alt_382668" mappedValue="-0.333333333333333"/>
</mapping>
</responseDeclaration>
<outcomeDeclaration identifier="SCORE" cardinality="single" baseType="float" normalMaximum="1" normalMinimum="0" />
<outcomeDeclaration identifier="FEEDBACK" cardinality="single" baseType="identifier" />
<stylesheet href="css/uu-multiple-linear-regression-821-nl-tv_202601131822_item_1_schoice.css" type="text/css" />
<itemBody>
<p>De tabel hieronder komt uit Kanazawa’s artikel Intelligence, Birth Order, and Family Size (2012).</p>
<p><img src="mediafiles/supplements1/uu-multiple-linear-regression-821-en-tabel.jpg" alt="image"/></p>
<p>In model 2 wordt intelligentie (Algemene intelligentie) voorspeld op basis van geboortevolgorde (Geboortevolgorde) en aantal broers en zussen (Aantal broers en zussen).</p>
<choiceInteraction responseIdentifier="RESPONSE" shuffle="false" maxChoices="1">
<simpleChoice identifier="alt_929164">
<div class="textblock tvblock tvcss_1"><div class="rte_zone tveditor1">
 Aantal broers en zussen versterkt het effect van Geboortevolgorde.
</div>
</div>
</simpleChoice>
<simpleChoice identifier="alt_608794">
<div class="textblock tvblock tvcss_1"><div class="rte_zone tveditor1">
 Aantal broers en zussen is een sterkere voorspeller van intelligentie dan Geboortevolgorde.
</div>
</div>
</simpleChoice>
<simpleChoice identifier="alt_906634">
<div class="textblock tvblock tvcss_1"><div class="rte_zone tveditor1">
 De voorspelde intelligentie van een eerstgeboren kind uit een gezin met 5 kinderen is hoger dan de voorspelde intelligentie van het laatstgeboren kind uit een gezin met 3 kinderen.
</div>
</div>
</simpleChoice>
<simpleChoice identifier="alt_382668">
<div class="textblock tvblock tvcss_1"><div class="rte_zone tveditor1">
 Meer dan één van de drie antwoordmogelijkheden (a, b, c) is juist.
</div>
</div>
</simpleChoice>
</choiceInteraction>
</itemBody>
<responseProcessing>
<responseCondition>
<responseIf>
<isNull>
<variable identifier="RESPONSE"/>
</isNull>
<setOutcomeValue identifier="SCORE">
<baseValue baseType="float">0.0</baseValue>
</setOutcomeValue>
<setOutcomeValue identifier="FEEDBACK">
<baseValue baseType="identifier">FAILURE</baseValue>
</setOutcomeValue>
</responseIf>
<responseElse>
<setOutcomeValue identifier="SCORE">
<mapResponse identifier="RESPONSE"/>
</setOutcomeValue>
<responseCondition>
<responseIf>
<equal toleranceMode="relative" tolerance="0.001">
<variable identifier="SCORE"/>
<variable identifier="MAXSCORE"/>
</equal>
<setOutcomeValue identifier="FEEDBACK">
<baseValue baseType="identifier">ANSWER_CORRECT</baseValue>
</setOutcomeValue>
</responseIf>
<responseElse>
<setOutcomeValue identifier="FEEDBACK">
<baseValue baseType="identifier">FAILURE</baseValue>
</setOutcomeValue>
</responseElse>
</responseCondition>
</responseElse>
</responseCondition>
</responseProcessing>
<modalFeedback identifier="FAILURE" outcomeIdentifier="FEEDBACK" showHide="show">
<div class="textblock tvblock tvcss_1"><div class="rte_zone tveditor1">
<p>Aantal broers en zussen is een sterkere voorspeller van intelligentie dan Geboortevolgorde. Om te bepalen welke voorspeller sterker is, moeten we kijken naar de (absolute) waarde van de gestandaardiseerde regressiecoëfficiënt. In model 2 is de absolute waarde van de gestandaardiseerde regressiecoëfficiënt van het aantal broers en zussen (= -.233) groter dan die van de geboortevolgorde (= .035).</p>
<p>De Stelling Aantal broers en zussen versterkt het effect van Geboortevolgorde is onjuist. Dit zou het geval zijn als de niet-gestandaardiseerde regressiecoëfficiënt van Geboortevolgorde in model 2 zou zijn toegenomen ten opzichte van model 1, of als de p-waarde van het effect van Geboortevolgorde in model 2 zou zijn afgenomen ten opzichte van model 1. Geen van beide is het geval. Geen van beide is het geval, dus het aantal broers en zussen versterkt het effect van Geboortevolgorde niet. De Stelling De voorspelde intelligentie van een eerstgeboren kind uit een gezin met 5 kinderen is hoger dan de voorspelde intelligentie van het laatstgeboren kind uit een gezin met 3 kinderen is onjuist. De regressievergelijking is: Voorspelde intelligentie = 104,171 + 0,357<em>Geboortevolgorde - 1,898</em>Aantal broers en zussen De voorspelde intelligentie van een eerstgeboren kind uit een gezin met 5 kinderen is lager dan de voorspelde intelligentie van het laatstgeboren kind uit een gezin met 3 kinderen.</p>
</div>
</div>
</modalFeedback>
<modalFeedback identifier="ANSWER_CORRECT" outcomeIdentifier="FEEDBACK" showHide="show">
<div class="textblock tvblock tvcss_1"><div class="rte_zone tveditor1">
<p>Aantal broers en zussen is een sterkere voorspeller van intelligentie dan Geboortevolgorde. Om te bepalen welke voorspeller sterker is, moeten we kijken naar de (absolute) waarde van de gestandaardiseerde regressiecoëfficiënt. In model 2 is de absolute waarde van de gestandaardiseerde regressiecoëfficiënt van het aantal broers en zussen (= -.233) groter dan die van de geboortevolgorde (= .035).</p>
<p>De Stelling Aantal broers en zussen versterkt het effect van Geboortevolgorde is onjuist. Dit zou het geval zijn als de niet-gestandaardiseerde regressiecoëfficiënt van Geboortevolgorde in model 2 zou zijn toegenomen ten opzichte van model 1, of als de p-waarde van het effect van Geboortevolgorde in model 2 zou zijn afgenomen ten opzichte van model 1. Geen van beide is het geval. Geen van beide is het geval, dus het aantal broers en zussen versterkt het effect van Geboortevolgorde niet. De Stelling De voorspelde intelligentie van een eerstgeboren kind uit een gezin met 5 kinderen is hoger dan de voorspelde intelligentie van het laatstgeboren kind uit een gezin met 3 kinderen is onjuist. De regressievergelijking is: Voorspelde intelligentie = 104,171 + 0,357<em>Geboortevolgorde - 1,898</em>Aantal broers en zussen De voorspelde intelligentie van een eerstgeboren kind uit een gezin met 5 kinderen is lager dan de voorspelde intelligentie van het laatstgeboren kind uit een gezin met 3 kinderen.</p>
</div>
</div>
</modalFeedback>
<modalFeedback identifier="PARTIAL_CORRECT" outcomeIdentifier="FEEDBACK" showHide="show">
<div class="textblock tvblock tvcss_1"><div class="rte_zone tveditor1">
<p>Aantal broers en zussen is een sterkere voorspeller van intelligentie dan Geboortevolgorde. Om te bepalen welke voorspeller sterker is, moeten we kijken naar de (absolute) waarde van de gestandaardiseerde regressiecoëfficiënt. In model 2 is de absolute waarde van de gestandaardiseerde regressiecoëfficiënt van het aantal broers en zussen (= -.233) groter dan die van de geboortevolgorde (= .035).</p>
<p>De Stelling Aantal broers en zussen versterkt het effect van Geboortevolgorde is onjuist. Dit zou het geval zijn als de niet-gestandaardiseerde regressiecoëfficiënt van Geboortevolgorde in model 2 zou zijn toegenomen ten opzichte van model 1, of als de p-waarde van het effect van Geboortevolgorde in model 2 zou zijn afgenomen ten opzichte van model 1. Geen van beide is het geval. Geen van beide is het geval, dus het aantal broers en zussen versterkt het effect van Geboortevolgorde niet. De Stelling De voorspelde intelligentie van een eerstgeboren kind uit een gezin met 5 kinderen is hoger dan de voorspelde intelligentie van het laatstgeboren kind uit een gezin met 3 kinderen is onjuist. De regressievergelijking is: Voorspelde intelligentie = 104,171 + 0,357<em>Geboortevolgorde - 1,898</em>Aantal broers en zussen De voorspelde intelligentie van een eerstgeboren kind uit een gezin met 5 kinderen is lager dan de voorspelde intelligentie van het laatstgeboren kind uit een gezin met 3 kinderen.</p>
</div>
</div>
</modalFeedback>
</assessmentItem>
