<?xml version="1.0" encoding="UTF-8"?>
<assessmentItem xsi:schemaLocation="http://www.imsglobal.org/xsd/imsqti_v2p1 http://www.imsglobal.org/xsd/qti/qtiv2p1/imsqti_v2p1p1.xsd http://www.w3.org/1998/Math/MathML http://www.w3.org/Math/XMLSchema/mathml2/mathml2.xsd" identifier="vufgb-dummies-002-nl-ans_992734188_section_1_item_1_schoice" title="Inferential_Statistics_vufgb-dummies-002-nl_vufgb-dummies-002-nl_schoice_1" adaptive="false" timeDependent="false" xmlns="http://www.imsglobal.org/xsd/imsqti_v2p1" xmlns:xsi="http://www.w3.org/2001/XMLSchema-instance">
<responseDeclaration identifier="vufgb-dummies-002-nl-ans_992734188_section_1_item_1_schoice_RESPONSE_1_8250002" cardinality="single" baseType="identifier">
<correctResponse>
<value>vufgb-dummies-002-nl-ans_992734188_section_1_item_1_schoice_1_1543253439</value>
</correctResponse>
<mapping defaultValue="0" lowerBound="0.0">
<mapEntry mapKey="vufgb-dummies-002-nl-ans_992734188_section_1_item_1_schoice_1_1543253439" mappedValue="1"/>
<mapEntry mapKey="vufgb-dummies-002-nl-ans_992734188_section_1_item_1_schoice_2_7269318905" mappedValue="0"/>
<mapEntry mapKey="vufgb-dummies-002-nl-ans_992734188_section_1_item_1_schoice_3_4285394980" mappedValue="0"/>
<mapEntry mapKey="vufgb-dummies-002-nl-ans_992734188_section_1_item_1_schoice_4_4398337454" mappedValue="0"/>
</mapping>
</responseDeclaration>
<outcomeDeclaration identifier="SCORE" cardinality="single" baseType="float" normalMaximum="1" normalMinimum="0">
<defaultValue>
<value>0.0</value>
</defaultValue>
</outcomeDeclaration>
<outcomeDeclaration identifier="MAXSCORE" cardinality="single" baseType="float">
<defaultValue>
<value>1</value>
</defaultValue>
</outcomeDeclaration>
<outcomeDeclaration identifier="FEEDBACKBASIC" cardinality="single" baseType="identifier" view="testConstructor">
<defaultValue>
<value>empty</value>
</defaultValue>
</outcomeDeclaration>
<outcomeDeclaration identifier="FEEDBACKMODAL" cardinality="multiple" baseType="identifier" view="testConstructor"/>
<outcomeDeclaration identifier="SOLUTIONMODAL" cardinality="single" baseType="identifier" view="testConstructor"/>
<outcomeDeclaration identifier="MINSCORE" cardinality="single" baseType="float">
<defaultValue>
<value baseType="float">0</value>
</defaultValue>
</outcomeDeclaration>
<outcomeDeclaration identifier="SCORE_RESPONSE_1" cardinality="single" baseType="float">
<defaultValue>
<value>0.0</value>
</defaultValue>
</outcomeDeclaration>
<outcomeDeclaration identifier="MINSCORE_RESPONSE_1" cardinality="single" baseType="float">
<defaultValue>
<value>0.0</value>
</defaultValue>
</outcomeDeclaration>
<itemBody>
<p>Een onderzoeker wil een two-way ANOVA uitvoeren met regressie. Factoren A en B
hebben elk 3 condities. Hoeveel dummyvariabelen zijn er nodig om het <em>interactie-effect</em> tussen Factor A en B te modelleren?</p>
<choiceInteraction responseIdentifier="vufgb-dummies-002-nl-ans_992734188_section_1_item_1_schoice_RESPONSE_1_8250002" shuffle="false" maxChoices="1">
<simpleChoice identifier="vufgb-dummies-002-nl-ans_992734188_section_1_item_1_schoice_1_1543253439">
<p>
 4
</p>
</simpleChoice>
<simpleChoice identifier="vufgb-dummies-002-nl-ans_992734188_section_1_item_1_schoice_2_7269318905">
<p>
 2
</p>
</simpleChoice>
<simpleChoice identifier="vufgb-dummies-002-nl-ans_992734188_section_1_item_1_schoice_3_4285394980">
<p>
 3
</p>
</simpleChoice>
<simpleChoice identifier="vufgb-dummies-002-nl-ans_992734188_section_1_item_1_schoice_4_4398337454">
<p>
 9
</p>
</simpleChoice>
</choiceInteraction>
</itemBody>
<responseProcessing>
<setOutcomeValue identifier="SCORE_RESPONSE_1">
<sum>
<variable identifier="SCORE_RESPONSE_1"/>
<mapResponse identifier="vufgb-dummies-002-nl-ans_992734188_section_1_item_1_schoice_RESPONSE_1_8250002"/>
</sum>
</setOutcomeValue>
<responseCondition>
<responseIf>
<lt>
<variable identifier="SCORE_RESPONSE_1"/>
<variable identifier="MINSCORE_RESPONSE_1"/>
</lt>
<setOutcomeValue identifier="SCORE_RESPONSE_1">
<variable identifier="MINSCORE_RESPONSE_1"/>
</setOutcomeValue>
</responseIf>
</responseCondition>
<responseCondition>
<responseIf>
<isNull>
<variable identifier="vufgb-dummies-002-nl-ans_992734188_section_1_item_1_schoice_RESPONSE_1_8250002"/>
</isNull>
<setOutcomeValue identifier="SCORE_RESPONSE_1">
<sum>
<variable identifier="SCORE_RESPONSE_1"/>
<baseValue baseType="float">0</baseValue>
</sum>
</setOutcomeValue>
</responseIf>
</responseCondition>
<setOutcomeValue identifier="SCORE">
<sum>
<variable identifier="SCORE_RESPONSE_1"/>
</sum>
</setOutcomeValue>
<responseCondition>
<responseIf>
<lt>
<variable identifier="SCORE"/>
<variable identifier="MINSCORE"/>
</lt>
<setOutcomeValue identifier="SCORE">
<variable identifier="MINSCORE"/>
</setOutcomeValue>
</responseIf>
</responseCondition>
<responseCondition>
<responseIf>
<lt>
<variable identifier="SCORE"/>
<baseValue baseType="float">1</baseValue>
</lt>
<setOutcomeValue identifier="FEEDBACKMODAL">
<multiple>
<variable identifier="FEEDBACKMODAL"/>
<baseValue baseType="identifier">Feedback218881866</baseValue>
</multiple>
</setOutcomeValue>
</responseIf>
</responseCondition>
</responseProcessing>
<modalFeedback outcomeIdentifier="FEEDBACK" showHide="show" identifier="incorrect">
<ul>
<li> 4 <br /> Correct </li>
<li> 2 <br /> Incorrect </li>
<li> 3 <br /> Incorrect </li>
<li> 9 <br /> Incorrect </li>
</ul>
</modalFeedback>
</assessmentItem>
