<?xml version="1.0" encoding="utf-8" standalone="yes"?>
<assessmentItem identifier="vufsw-pvalue-0102-nl-tv_202405230827_item_1_schoice" title="vufsw-pvalue-0102-nl-tv_202405230827_item_1_schoice_vufsw-pvalue-0102-nl" adaptive="false" timeDependent="false" toolName="Testvision Online" toolVersion="39.0.9084" xmlns="http://www.imsglobal.org/xsd/imsqti_v2p1">
<responseDeclaration identifier="RESPONSE" cardinality="single" baseType="identifier">
<correctResponse>
<value>alt_346706</value>
</correctResponse>
<mapping defaultValue="0" lowerBound="0.0">
<mapEntry mapKey="alt_940993" mappedValue="-0.2"/>
<mapEntry mapKey="alt_346706" mappedValue="1"/>
<mapEntry mapKey="alt_251525" mappedValue="-0.2"/>
<mapEntry mapKey="alt_413722" mappedValue="-0.2"/>
<mapEntry mapKey="alt_899296" mappedValue="-0.2"/>
<mapEntry mapKey="alt_197233" mappedValue="-0.2"/>
</mapping>
</responseDeclaration>
<outcomeDeclaration identifier="SCORE" cardinality="single" baseType="float" normalMaximum="1" normalMinimum="0" />
<outcomeDeclaration identifier="FEEDBACK" cardinality="single" baseType="identifier" />
<itemBody>
<p>Hieronder staan de resultaten van een meervoudige regressie-analyse met
de mate van vertrouwen in de politie
(variabele: <strong>Rapportcijfer_politie</strong>) als afhankelijke variabele,
gemeten op een schaal die loopt van 1 (heel weinig vertrouwen) t/m 10
(heel veel vertrouwen). De drie onafhankelijke variabelen in het model
zijn:</p>
<ul>
<li><strong>Migratieachtergrond</strong>: 0 = nee; 1 = ja.</li>
<li><strong>Leeftijdscategorie</strong>: gemeten met een schaal met vijf categorieën
die oplopen van score 0 (16 t/m 19 jaar) tot en met 4 (65 jaar of
ouder).</li>
<li><strong>Opleidingsniveau</strong>: de hoogste opleiding die een respondent
momenteel volgt of al afgerond heeft, gemeten met een schaal met zes
categorieën die oplopen van score 0 (geen enkele opleiding) t/m
score 5 (Wetenschappelijk Onderwijs).</li>
</ul>
<p>Leeftijdscategorie en opleidingsniveau hebben een ordinaal meetniveau,
maar zullen we voor het gemak als kwantitatief beschouwen.</p>
<p>Heeft leeftijdscategorie een significante invloed op het vertrouwen in
de politie? En waaruit kun je dat opmaken? De onderzoeker toetst
tweezijdig met α = 0,05 (alpha =5%). </p>
<p><img src="mediafiles/supplements1/Screen__Shot__2020-04-30__at__15.36.58.png"
class="fr-fic fr-dii enlargeimage tvcss_2"
alt="Screen Shot 2020-04-30 at 15.36.58" /></p>
<choiceInteraction responseIdentifier="RESPONSE" shuffle="false" maxChoices="1">
<simpleChoice identifier="alt_940993">
<div class="textblock tvblock tvcss_1"><div class="rte_zone tveditor1">
 <strong>Nee</strong>, leeftijdscategorie heeft <em>geen</em> significante invloed, omdat de <strong>Beta</strong> (gestandaardiseerde b-coëfficient) groter is dan 0,05.
</div>
</div>
</simpleChoice>
<simpleChoice identifier="alt_346706">
<div class="textblock tvblock tvcss_1"><div class="rte_zone tveditor1">
 <strong>Ja</strong>, leeftijdscategorie heeft een significante invloed, omdat de <strong>P-waarde</strong> kleiner is dan 0,05.
</div>
</div>
</simpleChoice>
<simpleChoice identifier="alt_251525">
<div class="textblock tvblock tvcss_1"><div class="rte_zone tveditor1">
 <strong>Nee</strong>, leeftijdscategorie heeft <em>geen</em> significante invloed, omdat de <strong>P-waarde</strong> kleiner is dan 0,05.
</div>
</div>
</simpleChoice>
<simpleChoice identifier="alt_413722">
<div class="textblock tvblock tvcss_1"><div class="rte_zone tveditor1">
 <strong>Ja</strong>, leeftijdscategorie heeft een significante invloed, omdat de <strong>t-waarde</strong> groter is dan 0,05.
</div>
</div>
</simpleChoice>
<simpleChoice identifier="alt_899296">
<div class="textblock tvblock tvcss_1"><div class="rte_zone tveditor1">
 <strong>Nee</strong>, leeftijdscategorie heeft <em>geen</em> significante invloed, omdat de <strong>t-waarde</strong> groter is dan 0,05.
</div>
</div>
</simpleChoice>
<simpleChoice identifier="alt_197233">
<div class="textblock tvblock tvcss_1"><div class="rte_zone tveditor1">
 <strong>Ja</strong>, leeftijdscategorie heeft een significante invloed, omdat de <strong>Beta</strong> (gestandaardiseerde b-coëfficient) groter is dan 0,05.
</div>
</div>
</simpleChoice>
</choiceInteraction>
</itemBody>
<responseProcessing>
<responseCondition>
<responseIf>
<isNull>
<variable identifier="RESPONSE"/>
</isNull>
<setOutcomeValue identifier="SCORE">
<baseValue baseType="float">0.0</baseValue>
</setOutcomeValue>
<setOutcomeValue identifier="FEEDBACK">
<baseValue baseType="identifier">FAILURE</baseValue>
</setOutcomeValue>
</responseIf>
<responseElse>
<setOutcomeValue identifier="SCORE">
<mapResponse identifier="RESPONSE"/>
</setOutcomeValue>
<responseCondition>
<responseIf>
<equal toleranceMode="relative" tolerance="0.001">
<variable identifier="SCORE"/>
<variable identifier="MAXSCORE"/>
</equal>
<setOutcomeValue identifier="FEEDBACK">
<baseValue baseType="identifier">ANSWER_CORRECT</baseValue>
</setOutcomeValue>
</responseIf>
<responseElse>
<setOutcomeValue identifier="FEEDBACK">
<baseValue baseType="identifier">FAILURE</baseValue>
</setOutcomeValue>
</responseElse>
</responseCondition>
</responseElse>
</responseCondition>
</responseProcessing>
<modalFeedback identifier="FAILURE" outcomeIdentifier="FEEDBACK" showHide="show">
<div class="textblock tvblock tvcss_1"><div class="rte_zone tveditor1">
<p>Language<br />
Nederlands</p>
<p>Levels of Difficulty<br />
Easy</p>
<p>M&amp;T Basics of quantitative research<br />
Basics of quantitative research</p>
<p>M&amp;T BIS<br />
Default value</p>
<br />
<ul>
<li> <strong>Nee</strong>, leeftijdscategorie heeft <em>geen</em> significante invloed, omdat de <strong>Beta</strong> (gestandaardiseerde b-coëfficient) groter is dan 0,05. <br /> False </li>
<li> <strong>Ja</strong>, leeftijdscategorie heeft een significante invloed, omdat de <strong>P-waarde</strong> kleiner is dan 0,05. <br /> True </li>
<li> <strong>Nee</strong>, leeftijdscategorie heeft <em>geen</em> significante invloed, omdat de <strong>P-waarde</strong> kleiner is dan 0,05. <br /> False </li>
<li> <strong>Ja</strong>, leeftijdscategorie heeft een significante invloed, omdat de <strong>t-waarde</strong> groter is dan 0,05. <br /> False </li>
<li> <strong>Nee</strong>, leeftijdscategorie heeft <em>geen</em> significante invloed, omdat de <strong>t-waarde</strong> groter is dan 0,05. <br /> False </li>
<li> <strong>Ja</strong>, leeftijdscategorie heeft een significante invloed, omdat de <strong>Beta</strong> (gestandaardiseerde b-coëfficient) groter is dan 0,05. <br /> False </li>
</ul>
</div>
</div>
</modalFeedback>
<modalFeedback identifier="ANSWER_CORRECT" outcomeIdentifier="FEEDBACK" showHide="show">
<div class="textblock tvblock tvcss_1"><div class="rte_zone tveditor1">
<p>Language<br />
Nederlands</p>
<p>Levels of Difficulty<br />
Easy</p>
<p>M&amp;T Basics of quantitative research<br />
Basics of quantitative research</p>
<p>M&amp;T BIS<br />
Default value</p>
<br />
<ul>
<li> <strong>Nee</strong>, leeftijdscategorie heeft <em>geen</em> significante invloed, omdat de <strong>Beta</strong> (gestandaardiseerde b-coëfficient) groter is dan 0,05. <br /> False </li>
<li> <strong>Ja</strong>, leeftijdscategorie heeft een significante invloed, omdat de <strong>P-waarde</strong> kleiner is dan 0,05. <br /> True </li>
<li> <strong>Nee</strong>, leeftijdscategorie heeft <em>geen</em> significante invloed, omdat de <strong>P-waarde</strong> kleiner is dan 0,05. <br /> False </li>
<li> <strong>Ja</strong>, leeftijdscategorie heeft een significante invloed, omdat de <strong>t-waarde</strong> groter is dan 0,05. <br /> False </li>
<li> <strong>Nee</strong>, leeftijdscategorie heeft <em>geen</em> significante invloed, omdat de <strong>t-waarde</strong> groter is dan 0,05. <br /> False </li>
<li> <strong>Ja</strong>, leeftijdscategorie heeft een significante invloed, omdat de <strong>Beta</strong> (gestandaardiseerde b-coëfficient) groter is dan 0,05. <br /> False </li>
</ul>
</div>
</div>
</modalFeedback>
<modalFeedback identifier="PARTIAL_CORRECT" outcomeIdentifier="FEEDBACK" showHide="show">
<div class="textblock tvblock tvcss_1"><div class="rte_zone tveditor1">
<p>Language<br />
Nederlands</p>
<p>Levels of Difficulty<br />
Easy</p>
<p>M&amp;T Basics of quantitative research<br />
Basics of quantitative research</p>
<p>M&amp;T BIS<br />
Default value</p>
<br />
<ul>
<li> <strong>Nee</strong>, leeftijdscategorie heeft <em>geen</em> significante invloed, omdat de <strong>Beta</strong> (gestandaardiseerde b-coëfficient) groter is dan 0,05. <br /> False </li>
<li> <strong>Ja</strong>, leeftijdscategorie heeft een significante invloed, omdat de <strong>P-waarde</strong> kleiner is dan 0,05. <br /> True </li>
<li> <strong>Nee</strong>, leeftijdscategorie heeft <em>geen</em> significante invloed, omdat de <strong>P-waarde</strong> kleiner is dan 0,05. <br /> False </li>
<li> <strong>Ja</strong>, leeftijdscategorie heeft een significante invloed, omdat de <strong>t-waarde</strong> groter is dan 0,05. <br /> False </li>
<li> <strong>Nee</strong>, leeftijdscategorie heeft <em>geen</em> significante invloed, omdat de <strong>t-waarde</strong> groter is dan 0,05. <br /> False </li>
<li> <strong>Ja</strong>, leeftijdscategorie heeft een significante invloed, omdat de <strong>Beta</strong> (gestandaardiseerde b-coëfficient) groter is dan 0,05. <br /> False </li>
</ul>
</div>
</div>
</modalFeedback>
</assessmentItem>
