<?xml version="1.0" encoding="UTF-8"?>
<!DOCTYPE questestinterop SYSTEM "ims_qtiasiv1p2p1.dtd">

<questestinterop xmlns="http://www.imsglobal.org/xsd/ims_qtiasiv1p2" xmlns:xsi="http://www.w3.org/2001/XMLSchema-instance" xsi:schemaLocation="http://www.imsglobal.org/xsd/ims_qtiasiv1p2 http://www.imsglobal.org/xsd/ims_qtiasiv1p2p1.xsd">
<assessment ident="vufgb-pvalue-009-nl-canvas_398088193" title="vufgb-pvalue-009-nl-canvas">

<qtimetadata>
<qtimetadatafield>
<fieldlabel>cc_maxattempts</fieldlabel>
<fieldentry>1</fieldentry>
</qtimetadatafield>
<qtimetadatafield>
<fieldlabel>qmd_assessmenttype</fieldlabel>
<fieldentry>Assessment</fieldentry>
</qtimetadatafield>
</qtimetadata>
<objectives>
<material>
<mattext><![CDATA[Please solve the following exercises.]]></mattext>
</material>
</objectives>
<assessmentcontrol feedbackswitch="No" hintswitch="No" solutionswitch="Yes"/>
<outcomes_processing scoremodel="SumOfScores">
<outcomes>
<decvar varname="SCORE" vartype="Decimal" cutvalue="0"/>
</outcomes>
</outcomes_processing>
<assessfeedback title="AssessmentFeedback" ident="AssessmentFeedback">
<flow_mat>
<material>
<mattext>##AssessmentFeedback##</mattext>
</material>
</flow_mat>
</assessfeedback>

<section ident="vufgb-pvalue-009-nl-canvas_398088193_section_1" title="Exercise">

<objectives>
<material>
<mattext><![CDATA[Please answer the following question.]]></mattext>
</material>
</objectives>
<selection_ordering>
<selection>
<selection_number>1</selection_number>
<selection_extension>
<points_per_item>1</points_per_item>
</selection_extension>
</selection>
<order order_type="Random"/>
</selection_ordering>

<item ident="vufgb-pvalue-009-nl-canvas_398088193_section_1_item_1_schoice" title="Question" maxattempts="1">
<itemcontrol feedbackswitch="No" hintswitch="No" solutionswitch="Yes"/>
<itemmetadata>
<qtimetadata>
<qtimetadatafield>
<fieldlabel>question_type</fieldlabel>
<fieldentry>multiple_choice_question</fieldentry>
</qtimetadatafield>
</qtimetadata>
</itemmetadata>
<presentation>
<flow>
<material>
<matbreak/>
<mattext texttype="text/html" charset="utf-8"><![CDATA[
<p>Bij verkiezingen voor het Europees Parlement in 2014 ging 32% van de stemgerechtigden in Nederland naar de stembus. Er is in datzelfde jaar een onderzoek gedaan onder 200 willekeurig gekozen (stemgerechtigde) studenten. Van hen bleken er 72 gestemd te hebben. Toets de nulhypothese dat studenten niet afwijken van de Nederlandse populatie. Gebruik een significantieniveau van 5%.</p>
]]></mattext>
<matbreak/>
</material>
<response_lid ident="vufgb-pvalue-009-nl-canvas_398088193_section_1_item_1_schoice_RESPONSE_1963751" rcardinality="Single" rtiming="No">
<render_choice shuffle="No">
<flow_label class="List">
<response_label ident="vufgb-pvalue-009-nl-canvas_398088193_section_1_item_1_schoice_9061854261" rshuffle="No">
<material>
<mattext texttype="text/html" charset="utf-8"><![CDATA[
 p = 0.115 (HA wordt aangenomen)
]]></mattext>
</material>
</response_label>
</flow_label>
<flow_label class="List">
<response_label ident="vufgb-pvalue-009-nl-canvas_398088193_section_1_item_1_schoice_9690901501" rshuffle="No">
<material>
<mattext texttype="text/html" charset="utf-8"><![CDATA[
 p = 0.230 (HA wordt aangenomen)
]]></mattext>
</material>
</response_label>
</flow_label>
<flow_label class="List">
<response_label ident="vufgb-pvalue-009-nl-canvas_398088193_section_1_item_1_schoice_1868720015" rshuffle="No">
<material>
<mattext texttype="text/html" charset="utf-8"><![CDATA[
 p = 0.115 (H0 wordt niet verworpen)
]]></mattext>
</material>
</response_label>
</flow_label>
<flow_label class="List">
<response_label ident="vufgb-pvalue-009-nl-canvas_398088193_section_1_item_1_schoice_8525352247" rshuffle="No">
<material>
<mattext texttype="text/html" charset="utf-8"><![CDATA[
 p = 0.230 (H0 wordt niet verworpen)
]]></mattext>
</material>
</response_label>
</flow_label>
</render_choice>
</response_lid>
</flow>
</presentation>
<resprocessing>
<outcomes>
<decvar varname="SCORE" vartype="Decimal" defaultval="0" minvalue="0" maxvalue="1" cutvalue="1"/>
</outcomes>
<respcondition title="Mastery" continue="No">
<conditionvar>
<and>
<varequal respident="vufgb-pvalue-009-nl-canvas_398088193_section_1_item_1_schoice_RESPONSE_1963751" case="Yes">vufgb-pvalue-009-nl-canvas_398088193_section_1_item_1_schoice_8525352247</varequal>
<not> <varequal respident="vufgb-pvalue-009-nl-canvas_398088193_section_1_item_1_schoice_RESPONSE_1963751" case="Yes">vufgb-pvalue-009-nl-canvas_398088193_section_1_item_1_schoice_9061854261</varequal> </not>
<not> <varequal respident="vufgb-pvalue-009-nl-canvas_398088193_section_1_item_1_schoice_RESPONSE_1963751" case="Yes">vufgb-pvalue-009-nl-canvas_398088193_section_1_item_1_schoice_9690901501</varequal> </not>
<not> <varequal respident="vufgb-pvalue-009-nl-canvas_398088193_section_1_item_1_schoice_RESPONSE_1963751" case="Yes">vufgb-pvalue-009-nl-canvas_398088193_section_1_item_1_schoice_1868720015</varequal> </not>
</and>
</conditionvar>
<setvar varname="SCORE" action="Set">1</setvar>
<displayfeedback feedbacktype="Response" linkrefid="correct_fb"/>
</respcondition>
<respcondition continue="Yes">
<conditionvar>
<other/>
</conditionvar>
<displayfeedback feedbacktype="Response" linkrefid="general_incorrect_fb"/>
</respcondition>
</resprocessing>
<itemfeedback ident="correct_fb" view="All">
<flow_mat>
<material>
<mattext texttype="text/html"><![CDATA[
<ul>
<li> p = 0.115 (HA wordt aangenomen) <br /> Incorrect </li>
<li> p = 0.230 (HA wordt aangenomen) <br /> Incorrect </li>
<li> p = 0.115 (H0 wordt niet verworpen) <br /> Incorrect </li>
<li> p = 0.230 (H0 wordt niet verworpen) <br /> Correct </li>
</ul>
]]></mattext>
</material>
</flow_mat>
</itemfeedback>
<itemfeedback ident="general_incorrect_fb" view="All">
<flow_mat>
<material>
<mattext texttype="text/html"><![CDATA[
<ul>
<li> p = 0.115 (HA wordt aangenomen) <br /> Incorrect </li>
<li> p = 0.230 (HA wordt aangenomen) <br /> Incorrect </li>
<li> p = 0.115 (H0 wordt niet verworpen) <br /> Incorrect </li>
<li> p = 0.230 (H0 wordt niet verworpen) <br /> Correct </li>
</ul>
]]></mattext>
</material>
</flow_mat>
</itemfeedback>
</item>


</section>

</assessment>
</questestinterop>
