<?xml version="1.0" encoding="utf-8" standalone="yes"?>
<assessmentItem identifier="uu-Hypothesis-804-nl-tv_202411271204_item_1_schoice" title="uu-Hypothesis-804-nl-tv_202411271204_item_1_schoice_uu-Hypothesis-804-nl" adaptive="false" timeDependent="false" toolName="Testvision Online" toolVersion="39.0.9084" xmlns="http://www.imsglobal.org/xsd/imsqti_v2p1">
<responseDeclaration identifier="RESPONSE" cardinality="single" baseType="identifier">
<correctResponse>
<value>alt_672879</value>
</correctResponse>
<mapping defaultValue="0" lowerBound="0.0">
<mapEntry mapKey="alt_915954" mappedValue="-0.333333333333333"/>
<mapEntry mapKey="alt_468310" mappedValue="-0.333333333333333"/>
<mapEntry mapKey="alt_672879" mappedValue="1"/>
<mapEntry mapKey="alt_670199" mappedValue="-0.333333333333333"/>
</mapping>
</responseDeclaration>
<outcomeDeclaration identifier="SCORE" cardinality="single" baseType="float" normalMaximum="1" normalMinimum="0" />
<outcomeDeclaration identifier="FEEDBACK" cardinality="single" baseType="identifier" />
<stylesheet href="css/uu-Hypothesis-804-nl-tv_202411271204_item_1_schoice.css" type="text/css" />
<itemBody>
<p>Men wil nagaan of er een significante correlatie is tussen aantal keren sporten per maand en hartslag (bij rust) bij 19 personen. Er wordt éénzijdig getoetst op 5%. Het percentage variantie in Y dat verklaard wordt door de variantie in X bedraagt 16%.</p>
<p>Moet de hypothese dat er een correlatie is, worden aanvaard?</p>
<choiceInteraction responseIdentifier="RESPONSE" shuffle="false" maxChoices="1">
<simpleChoice identifier="alt_915954">
<div class="textblock tvblock tvcss_1"><div class="rte_zone tveditor1">
 nee, want robt &lt; rcrit.
</div>
</div>
</simpleChoice>
<simpleChoice identifier="alt_468310">
<div class="textblock tvblock tvcss_1"><div class="rte_zone tveditor1">
 nee, want robt &gt;= rcrit.
</div>
</div>
</simpleChoice>
<simpleChoice identifier="alt_672879">
<div class="textblock tvblock tvcss_1"><div class="rte_zone tveditor1">
 ja, want robt &lt; rcrit.
</div>
</div>
</simpleChoice>
<simpleChoice identifier="alt_670199">
<div class="textblock tvblock tvcss_1"><div class="rte_zone tveditor1">
 ja, want robt =&gt; rcrit.
</div>
</div>
</simpleChoice>
</choiceInteraction>
</itemBody>
<responseProcessing>
<responseCondition>
<responseIf>
<isNull>
<variable identifier="RESPONSE"/>
</isNull>
<setOutcomeValue identifier="SCORE">
<baseValue baseType="float">0.0</baseValue>
</setOutcomeValue>
<setOutcomeValue identifier="FEEDBACK">
<baseValue baseType="identifier">FAILURE</baseValue>
</setOutcomeValue>
</responseIf>
<responseElse>
<setOutcomeValue identifier="SCORE">
<mapResponse identifier="RESPONSE"/>
</setOutcomeValue>
<responseCondition>
<responseIf>
<equal toleranceMode="relative" tolerance="0.001">
<variable identifier="SCORE"/>
<variable identifier="MAXSCORE"/>
</equal>
<setOutcomeValue identifier="FEEDBACK">
<baseValue baseType="identifier">ANSWER_CORRECT</baseValue>
</setOutcomeValue>
</responseIf>
<responseElse>
<setOutcomeValue identifier="FEEDBACK">
<baseValue baseType="identifier">FAILURE</baseValue>
</setOutcomeValue>
</responseElse>
</responseCondition>
</responseElse>
</responseCondition>
</responseProcessing>
<modalFeedback identifier="FAILURE" outcomeIdentifier="FEEDBACK" showHide="show">
<div class="textblock tvblock tvcss_1"><div class="rte_zone tveditor1">
</div>
</div>
</modalFeedback>
<modalFeedback identifier="ANSWER_CORRECT" outcomeIdentifier="FEEDBACK" showHide="show">
<div class="textblock tvblock tvcss_1"><div class="rte_zone tveditor1">
</div>
</div>
</modalFeedback>
<modalFeedback identifier="PARTIAL_CORRECT" outcomeIdentifier="FEEDBACK" showHide="show">
<div class="textblock tvblock tvcss_1"><div class="rte_zone tveditor1">
</div>
</div>
</modalFeedback>
</assessmentItem>
