<?xml version="1.0" encoding="UTF-8"?>
<assessmentItem xsi:schemaLocation="http://www.imsglobal.org/xsd/imsqti_v2p1 http://www.imsglobal.org/xsd/qti/qtiv2p1/imsqti_v2p1p1.xsd http://www.w3.org/1998/Math/MathML http://www.w3.org/Math/XMLSchema/mathml2/mathml2.xsd" identifier="vufsw-nullhypothesis-0100-nl-ans_353971905_section_1_item_1_schoice" title="Inferential_Statistics_vufsw-nullhypothesis-0100-nl_vufsw-nullhypothesis-0100-nl_schoice_1" adaptive="false" timeDependent="false" xmlns="http://www.imsglobal.org/xsd/imsqti_v2p1" xmlns:xsi="http://www.w3.org/2001/XMLSchema-instance">
<responseDeclaration identifier="vufsw-nullhypothesis-0100-nl-ans_353971905_section_1_item_1_schoice_RESPONSE_1_3414804" cardinality="single" baseType="identifier">
<correctResponse>
<value>vufsw-nullhypothesis-0100-nl-ans_353971905_section_1_item_1_schoice_4_3105585150</value>
</correctResponse>
<mapping defaultValue="0" lowerBound="0.0">
<mapEntry mapKey="vufsw-nullhypothesis-0100-nl-ans_353971905_section_1_item_1_schoice_1_3042857644" mappedValue="0"/>
<mapEntry mapKey="vufsw-nullhypothesis-0100-nl-ans_353971905_section_1_item_1_schoice_2_9741012345" mappedValue="0"/>
<mapEntry mapKey="vufsw-nullhypothesis-0100-nl-ans_353971905_section_1_item_1_schoice_3_3060588900" mappedValue="0"/>
<mapEntry mapKey="vufsw-nullhypothesis-0100-nl-ans_353971905_section_1_item_1_schoice_4_3105585150" mappedValue="1"/>
<mapEntry mapKey="vufsw-nullhypothesis-0100-nl-ans_353971905_section_1_item_1_schoice_5_3532758257" mappedValue="0"/>
<mapEntry mapKey="vufsw-nullhypothesis-0100-nl-ans_353971905_section_1_item_1_schoice_6_5772848721" mappedValue="0"/>
</mapping>
</responseDeclaration>
<outcomeDeclaration identifier="SCORE" cardinality="single" baseType="float" normalMaximum="1" normalMinimum="0">
<defaultValue>
<value>0.0</value>
</defaultValue>
</outcomeDeclaration>
<outcomeDeclaration identifier="MAXSCORE" cardinality="single" baseType="float">
<defaultValue>
<value>1</value>
</defaultValue>
</outcomeDeclaration>
<outcomeDeclaration identifier="FEEDBACKBASIC" cardinality="single" baseType="identifier" view="testConstructor">
<defaultValue>
<value>empty</value>
</defaultValue>
</outcomeDeclaration>
<outcomeDeclaration identifier="FEEDBACKMODAL" cardinality="multiple" baseType="identifier" view="testConstructor"/>
<outcomeDeclaration identifier="SOLUTIONMODAL" cardinality="single" baseType="identifier" view="testConstructor"/>
<outcomeDeclaration identifier="MINSCORE" cardinality="single" baseType="float">
<defaultValue>
<value baseType="float">0</value>
</defaultValue>
</outcomeDeclaration>
<outcomeDeclaration identifier="SCORE_RESPONSE_1" cardinality="single" baseType="float">
<defaultValue>
<value>0.0</value>
</defaultValue>
</outcomeDeclaration>
<outcomeDeclaration identifier="MINSCORE_RESPONSE_1" cardinality="single" baseType="float">
<defaultValue>
<value>0.0</value>
</defaultValue>
</outcomeDeclaration>
<itemBody>
<p>Een onderzoeker beweert dat meisjes (groep 1) minder zakgeld krijgen dan
jongens (groep 2). Hij toetst deze éénzijdige hypothese en hanteert een
significantieniveau (alpha) van 5%.</p>
<p>Hoe luidt in dit geval de <strong>nulhypothese</strong>?</p>
<choiceInteraction responseIdentifier="vufsw-nullhypothesis-0100-nl-ans_353971905_section_1_item_1_schoice_RESPONSE_1_3414804" shuffle="false" maxChoices="1">
<simpleChoice identifier="vufsw-nullhypothesis-0100-nl-ans_353971905_section_1_item_1_schoice_1_3042857644">
<p>
 H<sub>0</sub>: µ1 &lt; µ2.
</p>
</simpleChoice>
<simpleChoice identifier="vufsw-nullhypothesis-0100-nl-ans_353971905_section_1_item_1_schoice_2_9741012345">
<p>
 H<sub>0</sub>: µ1 &lt; 0 en µ2 = 0
</p>
</simpleChoice>
<simpleChoice identifier="vufsw-nullhypothesis-0100-nl-ans_353971905_section_1_item_1_schoice_3_3060588900">
<p>
 H<sub>0</sub>: µ1 ≠ µ2.
</p>
</simpleChoice>
<simpleChoice identifier="vufsw-nullhypothesis-0100-nl-ans_353971905_section_1_item_1_schoice_4_3105585150">
<p>
 H<sub>0</sub>: µ1 – µ2 = 0.
</p>
</simpleChoice>
<simpleChoice identifier="vufsw-nullhypothesis-0100-nl-ans_353971905_section_1_item_1_schoice_5_3532758257">
<p>
 H<sub>0</sub>: µ1 = 0 en  µ2 = 0
</p>
</simpleChoice>
<simpleChoice identifier="vufsw-nullhypothesis-0100-nl-ans_353971905_section_1_item_1_schoice_6_5772848721">
<p>
 H<sub>0</sub>: µ1 + µ2 = 0.
</p>
</simpleChoice>
</choiceInteraction>
</itemBody>
<responseProcessing>
<setOutcomeValue identifier="SCORE_RESPONSE_1">
<sum>
<variable identifier="SCORE_RESPONSE_1"/>
<mapResponse identifier="vufsw-nullhypothesis-0100-nl-ans_353971905_section_1_item_1_schoice_RESPONSE_1_3414804"/>
</sum>
</setOutcomeValue>
<responseCondition>
<responseIf>
<lt>
<variable identifier="SCORE_RESPONSE_1"/>
<variable identifier="MINSCORE_RESPONSE_1"/>
</lt>
<setOutcomeValue identifier="SCORE_RESPONSE_1">
<variable identifier="MINSCORE_RESPONSE_1"/>
</setOutcomeValue>
</responseIf>
</responseCondition>
<responseCondition>
<responseIf>
<isNull>
<variable identifier="vufsw-nullhypothesis-0100-nl-ans_353971905_section_1_item_1_schoice_RESPONSE_1_3414804"/>
</isNull>
<setOutcomeValue identifier="SCORE_RESPONSE_1">
<sum>
<variable identifier="SCORE_RESPONSE_1"/>
<baseValue baseType="float">0</baseValue>
</sum>
</setOutcomeValue>
</responseIf>
</responseCondition>
<setOutcomeValue identifier="SCORE">
<sum>
<variable identifier="SCORE_RESPONSE_1"/>
</sum>
</setOutcomeValue>
<responseCondition>
<responseIf>
<lt>
<variable identifier="SCORE"/>
<variable identifier="MINSCORE"/>
</lt>
<setOutcomeValue identifier="SCORE">
<variable identifier="MINSCORE"/>
</setOutcomeValue>
</responseIf>
</responseCondition>
<responseCondition>
<responseIf>
<lt>
<variable identifier="SCORE"/>
<baseValue baseType="float">1</baseValue>
</lt>
<setOutcomeValue identifier="FEEDBACKMODAL">
<multiple>
<variable identifier="FEEDBACKMODAL"/>
<baseValue baseType="identifier">Feedback912212800</baseValue>
</multiple>
</setOutcomeValue>
</responseIf>
</responseCondition>
</responseProcessing>
<modalFeedback outcomeIdentifier="FEEDBACK" showHide="show" identifier="incorrect">
<ul>
<li> H<sub>0</sub>: µ1 &lt; µ2. <br /> False </li>
<li> H<sub>0</sub>: µ1 &lt; 0 en µ2 = 0 <br /> False </li>
<li> H<sub>0</sub>: µ1 ≠ µ2. <br /> False </li>
<li> H<sub>0</sub>: µ1 – µ2 = 0. <br /> True </li>
<li> H<sub>0</sub>: µ1 = 0 en  µ2 = 0 <br /> False </li>
<li> H<sub>0</sub>: µ1 + µ2 = 0. <br /> False </li>
</ul>
</modalFeedback>
</assessmentItem>
