<?xml version="1.0" encoding="UTF-8"?>
<assessmentItem xsi:schemaLocation="http://www.imsglobal.org/xsd/imsqti_v2p1 http://www.imsglobal.org/xsd/qti/qtiv2p1/imsqti_v2p1p1.xsd http://www.w3.org/1998/Math/MathML http://www.w3.org/Math/XMLSchema/mathml2/mathml2.xsd" identifier="vufsw-ancova-2076-nl-qti_989872141_section_1_item_1_schoice" title="1" adaptive="false" timeDependent="false" xmlns="http://www.imsglobal.org/xsd/imsqti_v2p1" xmlns:xsi="http://www.w3.org/2001/XMLSchema-instance">
<responseDeclaration identifier="vufsw-ancova-2076-nl-qti_989872141_section_1_item_1_schoice_RESPONSE_1_2343775" cardinality="single" baseType="identifier">
<correctResponse>
<value>vufsw-ancova-2076-nl-qti_989872141_section_1_item_1_schoice_3_1683856325</value>
</correctResponse>
<mapping defaultValue="0" lowerBound="0.0">
<mapEntry mapKey="vufsw-ancova-2076-nl-qti_989872141_section_1_item_1_schoice_1_1862555258" mappedValue="0"/>
<mapEntry mapKey="vufsw-ancova-2076-nl-qti_989872141_section_1_item_1_schoice_2_3621853191" mappedValue="0"/>
<mapEntry mapKey="vufsw-ancova-2076-nl-qti_989872141_section_1_item_1_schoice_3_1683856325" mappedValue="1"/>
<mapEntry mapKey="vufsw-ancova-2076-nl-qti_989872141_section_1_item_1_schoice_4_1632718452" mappedValue="0"/>
</mapping>
</responseDeclaration>
<outcomeDeclaration identifier="SCORE" cardinality="single" baseType="float" normalMaximum="1" normalMinimum="0">
<defaultValue>
<value>0.0</value>
</defaultValue>
</outcomeDeclaration>
<outcomeDeclaration identifier="MAXSCORE" cardinality="single" baseType="float">
<defaultValue>
<value>1</value>
</defaultValue>
</outcomeDeclaration>
<outcomeDeclaration identifier="FEEDBACKBASIC" cardinality="single" baseType="identifier" view="testConstructor">
<defaultValue>
<value>empty</value>
</defaultValue>
</outcomeDeclaration>
<outcomeDeclaration identifier="FEEDBACKMODAL" cardinality="multiple" baseType="identifier" view="testConstructor"/>
<outcomeDeclaration identifier="MINSCORE" cardinality="single" baseType="float">
<defaultValue>
<value baseType="float">0</value>
</defaultValue>
</outcomeDeclaration>
<outcomeDeclaration identifier="SCORE_RESPONSE_1" cardinality="single" baseType="float">
<defaultValue>
<value>0.0</value>
</defaultValue>
</outcomeDeclaration>
<outcomeDeclaration identifier="MINSCORE_RESPONSE_1" cardinality="single" baseType="float">
<defaultValue>
<value>0.0</value>
</defaultValue>
</outcomeDeclaration>
<itemBody>
<p>In een experiment werden deelnemers random verdeeld over twee groepen
(groepsvariabele: ERROR_APPROACH) die een taak moesten uitvoeren. De
beide groepen werden vooraf verschillend geïnstrueerd: error prevention
 (“ je mag geen fouten maken” ) en error management (“ je mag fouten
maken, je leert ervan”). Hieronder staat een serie AN(C)OVA analyses
waarin onderzocht is of de ‘error-approach’ van invloed is op hoe goed
de taak is uitgevoerd (PERFORMANCE). SELFCONTROL (mate van
zelfdiscipline, gemeten voorafgaand aan het experiment) is in deze
analyses een covariaat.</p>
<p><img src="Schermafbeelding__2019-01-30__om__19.34.46.png"
class="fr-fic fr-dii tvcss_2"
alt="Schermafbeelding 2019-01-30 om 19.34.46" /><img src="Schermafbeelding__2019-01-30__om__19.36.05.png"
class="fr-fic fr-dii tvcss_3"
alt="Schermafbeelding 2019-01-30 om 19.36.05" /></p>
<p>Welke uitspraak klopt voor de populatie?<br />
1: Deelnemers in de ‘error management’ groep, verschillen voorafgaand
aan het experiment in zelfdiscipline van degenen in de ‘error
prevention’ groep<br />
2: Als je rekening houdt met bestaande verschillen in zelfdiscipline,
leidt de ‘error management’ instructie tot een hogere prestatie op de
taak dan de ‘error prevention’ instructie</p>
<choiceInteraction responseIdentifier="vufsw-ancova-2076-nl-qti_989872141_section_1_item_1_schoice_RESPONSE_1_2343775" shuffle="false" maxChoices="1">
<simpleChoice identifier="vufsw-ancova-2076-nl-qti_989872141_section_1_item_1_schoice_1_1862555258">
<p>
a. Uitspraak 1 en 2 kloppen allebei
</p>
</simpleChoice>
<simpleChoice identifier="vufsw-ancova-2076-nl-qti_989872141_section_1_item_1_schoice_2_3621853191">
<p>
b. Alleen uitspraak 1 klopt
</p>
</simpleChoice>
<simpleChoice identifier="vufsw-ancova-2076-nl-qti_989872141_section_1_item_1_schoice_3_1683856325">
<p>
c. Alleen uitspraak 2 klopt
</p>
</simpleChoice>
<simpleChoice identifier="vufsw-ancova-2076-nl-qti_989872141_section_1_item_1_schoice_4_1632718452">
<p>
d. Geen van beide uitspraken klopt
</p>
</simpleChoice>
</choiceInteraction>
</itemBody>
<responseProcessing>
<responseCondition>
<responseIf>
<isNull>
<variable identifier="vufsw-ancova-2076-nl-qti_989872141_section_1_item_1_schoice_RESPONSE_1_2343775"/>
</isNull>
<setOutcomeValue identifier="SCORE_RESPONSE_1">
<sum>
<variable identifier="SCORE_RESPONSE_1"/>
<baseValue baseType="float">0</baseValue>
</sum>
</setOutcomeValue>
</responseIf>
</responseCondition>
<setOutcomeValue identifier="SCORE_RESPONSE_1">
<sum>
<variable identifier="SCORE_RESPONSE_1"/>
<mapResponse identifier="vufsw-ancova-2076-nl-qti_989872141_section_1_item_1_schoice_RESPONSE_1_2343775"/>
</sum>
</setOutcomeValue>
<responseCondition>
<responseIf>
<lt>
<variable identifier="SCORE_RESPONSE_1"/>
<variable identifier="MINSCORE_RESPONSE_1"/>
</lt>
<setOutcomeValue identifier="SCORE_RESPONSE_1">
<variable identifier="MINSCORE_RESPONSE_1"/>
</setOutcomeValue>
</responseIf>
</responseCondition>
<setOutcomeValue identifier="SCORE">
<sum>
<variable identifier="SCORE_RESPONSE_1"/>
</sum>
</setOutcomeValue>
<responseCondition>
<responseIf>
<lt>
<variable identifier="SCORE"/>
<variable identifier="MINSCORE"/>
</lt>
<setOutcomeValue identifier="SCORE">
<variable identifier="MINSCORE"/>
</setOutcomeValue>
</responseIf>
</responseCondition>
<responseCondition>
<responseIf>
<lt>
<variable identifier="SCORE"/>
<baseValue baseType="float">1</baseValue>
</lt>
<setOutcomeValue identifier="FEEDBACKMODAL">
<multiple>
<variable identifier="FEEDBACKMODAL"/>
<baseValue baseType="identifier">Feedback759400876</baseValue>
</multiple>
</setOutcomeValue>
</responseIf>
</responseCondition>
</responseProcessing>
<modalFeedback identifier="Feedback759400876" outcomeIdentifier="FEEDBACKMODAL" showHide="show">
<ol type = "a">
<li> Uitspraak 1 en 2 kloppen allebei <br /> False </li>
<li> Alleen uitspraak 1 klopt <br /> False </li>
<li> Alleen uitspraak 2 klopt <br /> True </li>
<li> Geen van beide uitspraken klopt <br /> False </li>
</ol>
</modalFeedback>
</assessmentItem>
