<?xml version="1.0" encoding="utf-8" standalone="yes"?>
<assessmentItem identifier="vufsw-mediation-2027-en-tv_202510071723_item_1_schoice" title="vufsw-mediation-2027-en-tv_202510071723_item_1_schoice_vufsw-mediation-2027-en" adaptive="false" timeDependent="false" toolName="Testvision Online" toolVersion="39.0.9084" xmlns="http://www.imsglobal.org/xsd/imsqti_v2p1">
<responseDeclaration identifier="RESPONSE" cardinality="single" baseType="identifier">
<correctResponse>
<value>alt_968014</value>
</correctResponse>
<mapping defaultValue="0" lowerBound="0.0">
<mapEntry mapKey="alt_703722" mappedValue="-0.333333333333333"/>
<mapEntry mapKey="alt_562929" mappedValue="-0.333333333333333"/>
<mapEntry mapKey="alt_819876" mappedValue="-0.333333333333333"/>
<mapEntry mapKey="alt_968014" mappedValue="1"/>
</mapping>
</responseDeclaration>
<outcomeDeclaration identifier="SCORE" cardinality="single" baseType="float" normalMaximum="1" normalMinimum="0" />
<outcomeDeclaration identifier="FEEDBACK" cardinality="single" baseType="identifier" />
<stylesheet href="css/vufsw-mediation-2027-en-tv_202510071723_item_1_schoice.css" type="text/css" />
<itemBody>
<p><img src="mediafiles/supplements1/Schermafbeelding__2019-01-30__om__13.05.49.png" alt="image"/></p>
<p>The path analysis above examined how the preference for Dutch music (René Froger, Frans Bauer) of young people (cned ) is related to their own school level, parental education (pareduc) and parents’ preference for Dutch music (pned).</p>
<p>Are pned and school level endogenous or exogenous variables?</p>
<choiceInteraction responseIdentifier="RESPONSE" shuffle="false" maxChoices="1">
<simpleChoice identifier="alt_703722">
<div class="textblock tvblock tvcss_1"><div class="rte_zone tveditor1">
 Pned exogenous; school level endogenous
</div>
</div>
</simpleChoice>
<simpleChoice identifier="alt_562929">
<div class="textblock tvblock tvcss_1"><div class="rte_zone tveditor1">
 Pned endogenous; school level exogenous
</div>
</div>
</simpleChoice>
<simpleChoice identifier="alt_819876">
<div class="textblock tvblock tvcss_1"><div class="rte_zone tveditor1">
 Pned exogenous; school level exogenous
</div>
</div>
</simpleChoice>
<simpleChoice identifier="alt_968014">
<div class="textblock tvblock tvcss_1"><div class="rte_zone tveditor1">
 Pned endogenous; school level endogenous
</div>
</div>
</simpleChoice>
</choiceInteraction>
</itemBody>
<responseProcessing>
<responseCondition>
<responseIf>
<isNull>
<variable identifier="RESPONSE"/>
</isNull>
<setOutcomeValue identifier="SCORE">
<baseValue baseType="float">0.0</baseValue>
</setOutcomeValue>
<setOutcomeValue identifier="FEEDBACK">
<baseValue baseType="identifier">FAILURE</baseValue>
</setOutcomeValue>
</responseIf>
<responseElse>
<setOutcomeValue identifier="SCORE">
<mapResponse identifier="RESPONSE"/>
</setOutcomeValue>
<responseCondition>
<responseIf>
<equal toleranceMode="relative" tolerance="0.001">
<variable identifier="SCORE"/>
<variable identifier="MAXSCORE"/>
</equal>
<setOutcomeValue identifier="FEEDBACK">
<baseValue baseType="identifier">ANSWER_CORRECT</baseValue>
</setOutcomeValue>
</responseIf>
<responseElse>
<setOutcomeValue identifier="FEEDBACK">
<baseValue baseType="identifier">FAILURE</baseValue>
</setOutcomeValue>
</responseElse>
</responseCondition>
</responseElse>
</responseCondition>
</responseProcessing>
<modalFeedback identifier="FAILURE" outcomeIdentifier="FEEDBACK" showHide="show">
<div class="textblock tvblock tvcss_1"><div class="rte_zone tveditor1">
<ul>
<li> Pned exogenous; school level endogenous <br /> False </li>
<li> Pned endogenous; school level exogenous <br /> False </li>
<li> Pned exogenous; school level exogenous <br /> False </li>
<li> Pned endogenous; school level endogenous <br /> True </li>
</ul>
</div>
</div>
</modalFeedback>
<modalFeedback identifier="ANSWER_CORRECT" outcomeIdentifier="FEEDBACK" showHide="show">
<div class="textblock tvblock tvcss_1"><div class="rte_zone tveditor1">
<ul>
<li> Pned exogenous; school level endogenous <br /> False </li>
<li> Pned endogenous; school level exogenous <br /> False </li>
<li> Pned exogenous; school level exogenous <br /> False </li>
<li> Pned endogenous; school level endogenous <br /> True </li>
</ul>
</div>
</div>
</modalFeedback>
<modalFeedback identifier="PARTIAL_CORRECT" outcomeIdentifier="FEEDBACK" showHide="show">
<div class="textblock tvblock tvcss_1"><div class="rte_zone tveditor1">
<ul>
<li> Pned exogenous; school level endogenous <br /> False </li>
<li> Pned endogenous; school level exogenous <br /> False </li>
<li> Pned exogenous; school level exogenous <br /> False </li>
<li> Pned endogenous; school level endogenous <br /> True </li>
</ul>
</div>
</div>
</modalFeedback>
</assessmentItem>
