<?xml version="1.0" encoding="utf-8" standalone="yes"?>
<assessmentItem identifier="vufgb-equation-004-nl-tv_202209061508_item_1_schoice" title="vufgb-equation-004-nl-tv_202209061508_item_1_schoice_vufgb-equation-004-nl" adaptive="false" timeDependent="false" toolName="Testvision Online" toolVersion="39.0.9084" xmlns="http://www.imsglobal.org/xsd/imsqti_v2p1">
<responseDeclaration identifier="RESPONSE" cardinality="single" baseType="identifier">
<correctResponse>
<value>alt_155701</value>
</correctResponse>
<mapping defaultValue="0" lowerBound="0.0">
<mapEntry mapKey="alt_836076" mappedValue="-0.333333333333333"/>
<mapEntry mapKey="alt_977703" mappedValue="-0.333333333333333"/>
<mapEntry mapKey="alt_155701" mappedValue="1"/>
<mapEntry mapKey="alt_272824" mappedValue="-0.333333333333333"/>
</mapping>
</responseDeclaration>
<outcomeDeclaration identifier="SCORE" cardinality="single" baseType="float" normalMaximum="1" normalMinimum="0" />
<outcomeDeclaration identifier="FEEDBACK" cardinality="single" baseType="identifier" />
<itemBody>
<p>Gegeven zijn de volgende drie regressievergelijkingen:</p>
<p><math display="inline" xmlns="http://www.w3.org/1998/Math/MathML"><semantics><mrow><mover><mi>y</mi><mo accent="true">̂</mo></mover><mo>=</mo><mo>−</mo><mn>0.51</mn><mo>+</mo><mn>0.06</mn><msub><mi>x</mi><mn>1</mn></msub></mrow><annotation encoding="application/x-tex">\hat{y} = -0.51+0.06x_{1}</annotation></semantics></math>
<math display="inline" xmlns="http://www.w3.org/1998/Math/MathML"><semantics><mrow><mover><mi>y</mi><mo accent="true">̂</mo></mover><mo>=</mo><mn>7.78</mn><mo>−</mo><mn>0.04</mn><msub><mi>x</mi><mn>2</mn></msub></mrow><annotation encoding="application/x-tex">\hat{y} = 7.78-0.04x_{2}</annotation></semantics></math>
<math display="inline" xmlns="http://www.w3.org/1998/Math/MathML"><semantics><mrow><mover><mi>y</mi><mo accent="true">̂</mo></mover><mo>=</mo><mo>−</mo><mn>7.51</mn><mo>+</mo><mn>0.10</mn><msub><mi>x</mi><mn>1</mn></msub><mo>+</mo><mn>0.08</mn><msub><mi>x</mi><mn>2</mn></msub></mrow><annotation encoding="application/x-tex">\hat{y} = -7.51+0.10x_{1}+0.08x_{2}</annotation></semantics></math></p>
<p>Hoeveel neemt het verwachte gemiddelde op y toe als <math display="inline" xmlns="http://www.w3.org/1998/Math/MathML"><semantics><msub><mi>x</mi><mn>1</mn></msub><annotation encoding="application/x-tex">x_{1}</annotation></semantics></math> met 1 eenheid toeneemt en <math display="inline" xmlns="http://www.w3.org/1998/Math/MathML"><semantics><msub><mi>x</mi><mn>2</mn></msub><annotation encoding="application/x-tex">x_{2}</annotation></semantics></math> constant wordt gehouden?</p>
<choiceInteraction responseIdentifier="RESPONSE" shuffle="false" maxChoices="1">
<simpleChoice identifier="alt_836076">
<div class="textblock tvblock tvcss_1"><div class="rte_zone tveditor1">
a. 0.08
</div>
</div>
</simpleChoice>
<simpleChoice identifier="alt_977703">
<div class="textblock tvblock tvcss_1"><div class="rte_zone tveditor1">
b. 0.06
</div>
</div>
</simpleChoice>
<simpleChoice identifier="alt_155701">
<div class="textblock tvblock tvcss_1"><div class="rte_zone tveditor1">
c. 0.10
</div>
</div>
</simpleChoice>
<simpleChoice identifier="alt_272824">
<div class="textblock tvblock tvcss_1"><div class="rte_zone tveditor1">
d. −0.04
</div>
</div>
</simpleChoice>
</choiceInteraction>
</itemBody>
<responseProcessing>
<responseCondition>
<responseIf>
<isNull>
<variable identifier="RESPONSE"/>
</isNull>
<setOutcomeValue identifier="SCORE">
<baseValue baseType="float">0.0</baseValue>
</setOutcomeValue>
<setOutcomeValue identifier="FEEDBACK">
<baseValue baseType="identifier">FAILURE</baseValue>
</setOutcomeValue>
</responseIf>
<responseElse>
<setOutcomeValue identifier="SCORE">
<mapResponse identifier="RESPONSE"/>
</setOutcomeValue>
<responseCondition>
<responseIf>
<equal toleranceMode="relative" tolerance="0.001">
<variable identifier="SCORE"/>
<variable identifier="MAXSCORE"/>
</equal>
<setOutcomeValue identifier="FEEDBACK">
<baseValue baseType="identifier">ANSWER_CORRECT</baseValue>
</setOutcomeValue>
</responseIf>
<responseElse>
<setOutcomeValue identifier="FEEDBACK">
<baseValue baseType="identifier">FAILURE</baseValue>
</setOutcomeValue>
</responseElse>
</responseCondition>
</responseElse>
</responseCondition>
</responseProcessing>
<modalFeedback identifier="FAILURE" outcomeIdentifier="FEEDBACK" showHide="show">
<div class="textblock tvblock tvcss_1"><div class="rte_zone tveditor1">
<ol>
<li> 0.08 <br /> Incorrect </li>
<li> 0.06 <br /> Incorrect </li>
<li> 0.10 <br /> Correct </li>
<li> −0.04 <br /> Incorrect </li>
</ol>
</div>
</div>
</modalFeedback>
<modalFeedback identifier="ANSWER_CORRECT" outcomeIdentifier="FEEDBACK" showHide="show">
<div class="textblock tvblock tvcss_1"><div class="rte_zone tveditor1">
<ol>
<li> 0.08 <br /> Incorrect </li>
<li> 0.06 <br /> Incorrect </li>
<li> 0.10 <br /> Correct </li>
<li> −0.04 <br /> Incorrect </li>
</ol>
</div>
</div>
</modalFeedback>
<modalFeedback identifier="PARTIAL_CORRECT" outcomeIdentifier="FEEDBACK" showHide="show">
<div class="textblock tvblock tvcss_1"><div class="rte_zone tveditor1">
<ol>
<li> 0.08 <br /> Incorrect </li>
<li> 0.06 <br /> Incorrect </li>
<li> 0.10 <br /> Correct </li>
<li> −0.04 <br /> Incorrect </li>
</ol>
</div>
</div>
</modalFeedback>
</assessmentItem>
