<?xml version="1.0" encoding="utf-8" standalone="yes"?>
<assessmentItem identifier="vufsw-levenestest-1288-nl-tv_202601131820_item_1_schoice" title="vufsw-levenestest-1288-nl-tv_202601131820_item_1_schoice_vufsw-levenestest-1288-nl" adaptive="false" timeDependent="false" toolName="Testvision Online" toolVersion="39.0.9084" xmlns="http://www.imsglobal.org/xsd/imsqti_v2p1">
<responseDeclaration identifier="RESPONSE" cardinality="single" baseType="identifier">
<correctResponse>
<value>alt_238505</value>
</correctResponse>
<mapping defaultValue="0" lowerBound="0.0">
<mapEntry mapKey="alt_238505" mappedValue="1"/>
<mapEntry mapKey="alt_773952" mappedValue="-0.333333333333333"/>
<mapEntry mapKey="alt_173933" mappedValue="-0.333333333333333"/>
<mapEntry mapKey="alt_363607" mappedValue="-0.333333333333333"/>
</mapping>
</responseDeclaration>
<outcomeDeclaration identifier="SCORE" cardinality="single" baseType="float" normalMaximum="1" normalMinimum="0" />
<outcomeDeclaration identifier="FEEDBACK" cardinality="single" baseType="identifier" />
<stylesheet href="css/vufsw-levenestest-1288-nl-tv_202601131820_item_1_schoice.css" type="text/css" />
<itemBody>
<p>In een onderzoek door studenten Communicatiewetenschappen (Van Dun, Emanuels, Visser en De Wilde, 2011) kregen de respondenten een foto te zien van een meisje dat gekleed was in preppy, bohemien of cool (variabele: subcultuur, 1 preppy; 2 bohemien; 3 cool (‘cool’)). De respondenten, die willekeurig aan de drie condities waren toegewezen, moesten de populariteit van het meisje beoordelen. De afhankelijke variabele is populariteit in termen van ‘sociale voorkeur’ met items als “Met dit meisje … zou ik graag omgaan” en … “zou ik vrienden willen zijn” (variabele: sp, schaal 1-5, een hogere score betekent dat het meisje populairder is). De hypothese is dat kledingstijl leidt tot verschillende beoordelingen van de populariteit van het meisje. Hieronder staan enkele resultaten van een ANOVA.</p>
<p><img src="mediafiles/supplements1/Untitled.png" alt="image"/></p>
<p>Volgens de betreffende test, wordt de aanname van gelijke varianties in de groepen vervuld? Uit welk getal leidt u dat af?</p>
<choiceInteraction responseIdentifier="RESPONSE" shuffle="false" maxChoices="1">
<simpleChoice identifier="alt_238505">
<div class="textblock tvblock tvcss_1"><div class="rte_zone tveditor1">
 Ja, dat leid ik af uit <em>F</em>(2,113) = 0,474, <em>p</em> = 0,624
</div>
</div>
</simpleChoice>
<simpleChoice identifier="alt_773952">
<div class="textblock tvblock tvcss_1"><div class="rte_zone tveditor1">
 Ja, dat leid ik af uit <em>F</em>(2,113) = 1,292, <em>p</em> = 0,279
</div>
</div>
</simpleChoice>
<simpleChoice identifier="alt_173933">
<div class="textblock tvblock tvcss_1"><div class="rte_zone tveditor1">
 Nee, dat leid ik af uit <em>F</em>(2,113) = 1,292, <em>p</em> = 0,279
</div>
</div>
</simpleChoice>
<simpleChoice identifier="alt_363607">
<div class="textblock tvblock tvcss_1"><div class="rte_zone tveditor1">
 Nee, dat leid ik af uit <em>F</em>(2,113) = 0,474, <em>p</em> = 0,624
</div>
</div>
</simpleChoice>
</choiceInteraction>
</itemBody>
<responseProcessing>
<responseCondition>
<responseIf>
<isNull>
<variable identifier="RESPONSE"/>
</isNull>
<setOutcomeValue identifier="SCORE">
<baseValue baseType="float">0.0</baseValue>
</setOutcomeValue>
<setOutcomeValue identifier="FEEDBACK">
<baseValue baseType="identifier">FAILURE</baseValue>
</setOutcomeValue>
</responseIf>
<responseElse>
<setOutcomeValue identifier="SCORE">
<mapResponse identifier="RESPONSE"/>
</setOutcomeValue>
<responseCondition>
<responseIf>
<equal toleranceMode="relative" tolerance="0.001">
<variable identifier="SCORE"/>
<variable identifier="MAXSCORE"/>
</equal>
<setOutcomeValue identifier="FEEDBACK">
<baseValue baseType="identifier">ANSWER_CORRECT</baseValue>
</setOutcomeValue>
</responseIf>
<responseElse>
<setOutcomeValue identifier="FEEDBACK">
<baseValue baseType="identifier">FAILURE</baseValue>
</setOutcomeValue>
</responseElse>
</responseCondition>
</responseElse>
</responseCondition>
</responseProcessing>
<modalFeedback identifier="FAILURE" outcomeIdentifier="FEEDBACK" showHide="show">
<div class="textblock tvblock tvcss_1"><div class="rte_zone tveditor1">
<ul>
<li> Ja, dat leid ik af uit <em>F</em>(2,113) = 0,474, <em>p</em> = 0,624 <br /> True </li>
<li> Ja, dat leid ik af uit <em>F</em>(2,113) = 1,292, <em>p</em> = 0,279 <br /> False </li>
<li> Nee, dat leid ik af uit <em>F</em>(2,113) = 1,292, <em>p</em> = 0,279 <br /> False </li>
<li> Nee, dat leid ik af uit <em>F</em>(2,113) = 0,474, <em>p</em> = 0,624 <br /> False </li>
</ul>
</div>
</div>
</modalFeedback>
<modalFeedback identifier="ANSWER_CORRECT" outcomeIdentifier="FEEDBACK" showHide="show">
<div class="textblock tvblock tvcss_1"><div class="rte_zone tveditor1">
<ul>
<li> Ja, dat leid ik af uit <em>F</em>(2,113) = 0,474, <em>p</em> = 0,624 <br /> True </li>
<li> Ja, dat leid ik af uit <em>F</em>(2,113) = 1,292, <em>p</em> = 0,279 <br /> False </li>
<li> Nee, dat leid ik af uit <em>F</em>(2,113) = 1,292, <em>p</em> = 0,279 <br /> False </li>
<li> Nee, dat leid ik af uit <em>F</em>(2,113) = 0,474, <em>p</em> = 0,624 <br /> False </li>
</ul>
</div>
</div>
</modalFeedback>
<modalFeedback identifier="PARTIAL_CORRECT" outcomeIdentifier="FEEDBACK" showHide="show">
<div class="textblock tvblock tvcss_1"><div class="rte_zone tveditor1">
<ul>
<li> Ja, dat leid ik af uit <em>F</em>(2,113) = 0,474, <em>p</em> = 0,624 <br /> True </li>
<li> Ja, dat leid ik af uit <em>F</em>(2,113) = 1,292, <em>p</em> = 0,279 <br /> False </li>
<li> Nee, dat leid ik af uit <em>F</em>(2,113) = 1,292, <em>p</em> = 0,279 <br /> False </li>
<li> Nee, dat leid ik af uit <em>F</em>(2,113) = 0,474, <em>p</em> = 0,624 <br /> False </li>
</ul>
</div>
</div>
</modalFeedback>
</assessmentItem>
