<?xml version="1.0" encoding="UTF-8"?>
<assessmentItem xsi:schemaLocation="http://www.imsglobal.org/xsd/imsqti_v2p1 http://www.imsglobal.org/xsd/qti/qtiv2p1/imsqti_v2p1p1.xsd http://www.w3.org/1998/Math/MathML http://www.w3.org/Math/XMLSchema/mathml2/mathml2.xsd" identifier="uva-elementary-probability-1167-en-qti_155800295_section_1_item_1_schoice" title="1" adaptive="false" timeDependent="false" xmlns="http://www.imsglobal.org/xsd/imsqti_v2p1" xmlns:xsi="http://www.w3.org/2001/XMLSchema-instance">
<responseDeclaration identifier="uva-elementary-probability-1167-en-qti_155800295_section_1_item_1_schoice_RESPONSE_1_1175578" cardinality="single" baseType="identifier">
<correctResponse>
<value>uva-elementary-probability-1167-en-qti_155800295_section_1_item_1_schoice_2_3335950805</value>
</correctResponse>
<mapping defaultValue="0" lowerBound="0.0">
<mapEntry mapKey="uva-elementary-probability-1167-en-qti_155800295_section_1_item_1_schoice_1_3658744901" mappedValue="0"/>
<mapEntry mapKey="uva-elementary-probability-1167-en-qti_155800295_section_1_item_1_schoice_2_3335950805" mappedValue="1"/>
<mapEntry mapKey="uva-elementary-probability-1167-en-qti_155800295_section_1_item_1_schoice_3_1207664571" mappedValue="0"/>
<mapEntry mapKey="uva-elementary-probability-1167-en-qti_155800295_section_1_item_1_schoice_4_4060438181" mappedValue="0"/>
</mapping>
</responseDeclaration>
<outcomeDeclaration identifier="SCORE" cardinality="single" baseType="float" normalMaximum="1" normalMinimum="0">
<defaultValue>
<value>0.0</value>
</defaultValue>
</outcomeDeclaration>
<outcomeDeclaration identifier="MAXSCORE" cardinality="single" baseType="float">
<defaultValue>
<value>1</value>
</defaultValue>
</outcomeDeclaration>
<outcomeDeclaration identifier="FEEDBACKBASIC" cardinality="single" baseType="identifier" view="testConstructor">
<defaultValue>
<value>empty</value>
</defaultValue>
</outcomeDeclaration>
<outcomeDeclaration identifier="FEEDBACKMODAL" cardinality="multiple" baseType="identifier" view="testConstructor"/>
<outcomeDeclaration identifier="SOLUTIONMODAL" cardinality="single" baseType="identifier" view="testConstructor"/>
<outcomeDeclaration identifier="MINSCORE" cardinality="single" baseType="float">
<defaultValue>
<value baseType="float">0</value>
</defaultValue>
</outcomeDeclaration>
<outcomeDeclaration identifier="SCORE_RESPONSE_1" cardinality="single" baseType="float">
<defaultValue>
<value>0.0</value>
</defaultValue>
</outcomeDeclaration>
<outcomeDeclaration identifier="MINSCORE_RESPONSE_1" cardinality="single" baseType="float">
<defaultValue>
<value>0.0</value>
</defaultValue>
</outcomeDeclaration>
<itemBody>
<p>You sell contents insurance. If a burglary occurs, € 5000 to be paid out. Research shows that there are 26.9 burglaries per 1,000 households. What does your insurance have to cost to make a profit?</p>
<choiceInteraction responseIdentifier="uva-elementary-probability-1167-en-qti_155800295_section_1_item_1_schoice_RESPONSE_1_1175578" shuffle="false" maxChoices="1">
<simpleChoice identifier="uva-elementary-probability-1167-en-qti_155800295_section_1_item_1_schoice_1_3658744901">
<p>
 Less than €134.50
</p>
</simpleChoice>
<simpleChoice identifier="uva-elementary-probability-1167-en-qti_155800295_section_1_item_1_schoice_2_3335950805">
<p>
 More than € 134.50
</p>
</simpleChoice>
<simpleChoice identifier="uva-elementary-probability-1167-en-qti_155800295_section_1_item_1_schoice_3_1207664571">
<p>
 Less than € 5000
</p>
</simpleChoice>
<simpleChoice identifier="uva-elementary-probability-1167-en-qti_155800295_section_1_item_1_schoice_4_4060438181">
<p>
 More than € 5000
</p>
</simpleChoice>
</choiceInteraction>
</itemBody>
<responseProcessing>
<setOutcomeValue identifier="SCORE_RESPONSE_1">
<sum>
<variable identifier="SCORE_RESPONSE_1"/>
<mapResponse identifier="uva-elementary-probability-1167-en-qti_155800295_section_1_item_1_schoice_RESPONSE_1_1175578"/>
</sum>
</setOutcomeValue>
<responseCondition>
<responseIf>
<lt>
<variable identifier="SCORE_RESPONSE_1"/>
<variable identifier="MINSCORE_RESPONSE_1"/>
</lt>
<setOutcomeValue identifier="SCORE_RESPONSE_1">
<variable identifier="MINSCORE_RESPONSE_1"/>
</setOutcomeValue>
</responseIf>
</responseCondition>
<responseCondition>
<responseIf>
<isNull>
<variable identifier="uva-elementary-probability-1167-en-qti_155800295_section_1_item_1_schoice_RESPONSE_1_1175578"/>
</isNull>
<setOutcomeValue identifier="SCORE_RESPONSE_1">
<sum>
<variable identifier="SCORE_RESPONSE_1"/>
<baseValue baseType="float">0</baseValue>
</sum>
</setOutcomeValue>
</responseIf>
</responseCondition>
<setOutcomeValue identifier="SCORE">
<sum>
<variable identifier="SCORE_RESPONSE_1"/>
</sum>
</setOutcomeValue>
<responseCondition>
<responseIf>
<lt>
<variable identifier="SCORE"/>
<variable identifier="MINSCORE"/>
</lt>
<setOutcomeValue identifier="SCORE">
<variable identifier="MINSCORE"/>
</setOutcomeValue>
</responseIf>
</responseCondition>
<responseCondition>
<responseIf>
<lt>
<variable identifier="SCORE"/>
<baseValue baseType="float">1</baseValue>
</lt>
<setOutcomeValue identifier="FEEDBACKMODAL">
<multiple>
<variable identifier="FEEDBACKMODAL"/>
<baseValue baseType="identifier">Feedback883561473</baseValue>
</multiple>
</setOutcomeValue>
</responseIf>
</responseCondition>
</responseProcessing>
<modalFeedback identifier="Feedback883561473" outcomeIdentifier="FEEDBACKMODAL" showHide="show">
<ul>
<li> Less than €134.50 <br /> Less than €134.50: Incorrect </li>
<li> More than € 134.50 <br /> More than € 134.50: Correct </li>
<li> Less than € 5000 <br /> Less than € 5000: Incorrect </li>
<li> More than € 5000 <br /> More than € 5000: Incorrect </li>
</ul>
</modalFeedback>
</assessmentItem>
