<?xml version="1.0" encoding="utf-8" standalone="yes"?>
<assessmentItem identifier="vufsw-sum_of_squares-2072-nl_202209051542_item_1_schoice" title="vufsw-sum_of_squares-2072-nl_202209051542_item_1_schoice_vufsw-sum of squares-2072-nl" adaptive="false" timeDependent="false" toolName="Testvision Online" toolVersion="39.0.9084" xmlns="http://www.imsglobal.org/xsd/imsqti_v2p1">
<responseDeclaration identifier="RESPONSE" cardinality="single" baseType="identifier">
<correctResponse>
<value>alt_488596</value>
</correctResponse>
<mapping defaultValue="0" lowerBound="0.0">
<mapEntry mapKey="alt_848391" mappedValue="-0.333333333333333"/>
<mapEntry mapKey="alt_474436" mappedValue="-0.333333333333333"/>
<mapEntry mapKey="alt_891095" mappedValue="-0.333333333333333"/>
<mapEntry mapKey="alt_488596" mappedValue="1"/>
</mapping>
</responseDeclaration>
<outcomeDeclaration identifier="SCORE" cardinality="single" baseType="float" normalMaximum="1" normalMinimum="0" />
<outcomeDeclaration identifier="FEEDBACK" cardinality="single" baseType="identifier" />
<itemBody>
<p>In een experiment werden deelnemers random verdeeld over twee groepen
(groepsvariabele: ERROR_APPROACH) die een taak moesten uitvoeren. De
beide groepen werden vooraf verschillend geïnstrueerd: error prevention
 (“ je mag geen fouten maken” ) en error management (“ je mag fouten
maken, je leert ervan”). Hieronder staat een serie AN(C)OVA analyses
waarin onderzocht is of de ‘error-approach’ van invloed is op hoe goed
de taak is uitgevoerd (PERFORMANCE). SELFCONTROL (mate van
zelfdiscipline, gemeten voorafgaand aan het experiment) is in deze
analyses een covariaat.</p>
<p><img src="Schermafbeelding__2019-01-30__om__19.34.46.png"
class="fr-fic fr-dii tvcss_2"
alt="Schermafbeelding 2019-01-30 om 19.34.46" /><img src="Schermafbeelding__2019-01-30__om__19.36.05.png"
class="fr-fic fr-dii tvcss_3"
alt="Schermafbeelding 2019-01-30 om 19.36.05" /></p>
<p>Welke (originele) sums of squares probeer je te reduceren door het
toevoegen van een covariaat?</p>
<choiceInteraction responseIdentifier="RESPONSE" shuffle="false" maxChoices="1">
<simpleChoice identifier="alt_848391">
<div class="textblock tvblock tvcss_1"><div class="rte_zone tveditor1">
a. 59152.946
</div>
</div>
</simpleChoice>
<simpleChoice identifier="alt_474436">
<div class="textblock tvblock tvcss_1"><div class="rte_zone tveditor1">
b. 47130.432
</div>
</div>
</simpleChoice>
<simpleChoice identifier="alt_891095">
<div class="textblock tvblock tvcss_1"><div class="rte_zone tveditor1">
c. 6554.826
</div>
</div>
</simpleChoice>
<simpleChoice identifier="alt_488596">
<div class="textblock tvblock tvcss_1"><div class="rte_zone tveditor1">
d. 52598.120
</div>
</div>
</simpleChoice>
</choiceInteraction>
</itemBody>
<responseProcessing>
<responseCondition>
<responseIf>
<isNull>
<variable identifier="RESPONSE"/>
</isNull>
<setOutcomeValue identifier="SCORE">
<baseValue baseType="float">0.0</baseValue>
</setOutcomeValue>
<setOutcomeValue identifier="FEEDBACK">
<baseValue baseType="identifier">FAILURE</baseValue>
</setOutcomeValue>
</responseIf>
<responseElse>
<setOutcomeValue identifier="SCORE">
<mapResponse identifier="RESPONSE"/>
</setOutcomeValue>
<responseCondition>
<responseIf>
<equal toleranceMode="relative" tolerance="0.001">
<variable identifier="SCORE"/>
<variable identifier="MAXSCORE"/>
</equal>
<setOutcomeValue identifier="FEEDBACK">
<baseValue baseType="identifier">ANSWER_CORRECT</baseValue>
</setOutcomeValue>
</responseIf>
<responseElse>
<setOutcomeValue identifier="FEEDBACK">
<baseValue baseType="identifier">FAILURE</baseValue>
</setOutcomeValue>
</responseElse>
</responseCondition>
</responseElse>
</responseCondition>
</responseProcessing>
<modalFeedback identifier="FAILURE" outcomeIdentifier="FEEDBACK" showHide="show">
<div class="textblock tvblock tvcss_1"><div class="rte_zone tveditor1">
<ol>
<li> 59152.946 <br /> False </li>
<li> 47130.432 <br /> False </li>
<li> 6554.826 <br /> False </li>
<li> 52598.120 <br /> True </li>
</ol>
</div>
</div>
</modalFeedback>
<modalFeedback identifier="ANSWER_CORRECT" outcomeIdentifier="FEEDBACK" showHide="show">
<div class="textblock tvblock tvcss_1"><div class="rte_zone tveditor1">
<ol>
<li> 59152.946 <br /> False </li>
<li> 47130.432 <br /> False </li>
<li> 6554.826 <br /> False </li>
<li> 52598.120 <br /> True </li>
</ol>
</div>
</div>
</modalFeedback>
<modalFeedback identifier="PARTIAL_CORRECT" outcomeIdentifier="FEEDBACK" showHide="show">
<div class="textblock tvblock tvcss_1"><div class="rte_zone tveditor1">
<ol>
<li> 59152.946 <br /> False </li>
<li> 47130.432 <br /> False </li>
<li> 6554.826 <br /> False </li>
<li> 52598.120 <br /> True </li>
</ol>
</div>
</div>
</modalFeedback>
</assessmentItem>
