<?xml version="1.0" encoding="UTF-8"?>
<assessmentItem xsi:schemaLocation="http://www.imsglobal.org/xsd/imsqti_v2p1 http://www.imsglobal.org/xsd/qti/qtiv2p1/imsqti_v2p1p1.xsd http://www.w3.org/1998/Math/MathML http://www.w3.org/Math/XMLSchema/mathml2/mathml2.xsd" identifier="eur-inferential_statistics-219-nl-ans_239280781_section_1_item_1_schoice" title="Inferential_Statistics_eur-inferential_statistics-219-nl_eur-inferential_statistics-219-nl_schoice_1" adaptive="false" timeDependent="false" xmlns="http://www.imsglobal.org/xsd/imsqti_v2p1" xmlns:xsi="http://www.w3.org/2001/XMLSchema-instance">
<responseDeclaration identifier="eur-inferential_statistics-219-nl-ans_239280781_section_1_item_1_schoice_RESPONSE_1_1013556" cardinality="single" baseType="identifier">
<correctResponse>
<value>eur-inferential_statistics-219-nl-ans_239280781_section_1_item_1_schoice_2_1281236789</value>
</correctResponse>
<mapping defaultValue="0" lowerBound="0.0">
<mapEntry mapKey="eur-inferential_statistics-219-nl-ans_239280781_section_1_item_1_schoice_1_2858169551" mappedValue="0"/>
<mapEntry mapKey="eur-inferential_statistics-219-nl-ans_239280781_section_1_item_1_schoice_2_1281236789" mappedValue="1"/>
<mapEntry mapKey="eur-inferential_statistics-219-nl-ans_239280781_section_1_item_1_schoice_3_5262371212" mappedValue="0"/>
<mapEntry mapKey="eur-inferential_statistics-219-nl-ans_239280781_section_1_item_1_schoice_4_5292002579" mappedValue="0"/>
</mapping>
</responseDeclaration>
<outcomeDeclaration identifier="SCORE" cardinality="single" baseType="float" normalMaximum="1" normalMinimum="0">
<defaultValue>
<value>0.0</value>
</defaultValue>
</outcomeDeclaration>
<outcomeDeclaration identifier="MAXSCORE" cardinality="single" baseType="float">
<defaultValue>
<value>1</value>
</defaultValue>
</outcomeDeclaration>
<outcomeDeclaration identifier="FEEDBACKBASIC" cardinality="single" baseType="identifier" view="testConstructor">
<defaultValue>
<value>empty</value>
</defaultValue>
</outcomeDeclaration>
<outcomeDeclaration identifier="FEEDBACKMODAL" cardinality="multiple" baseType="identifier" view="testConstructor"/>
<outcomeDeclaration identifier="SOLUTIONMODAL" cardinality="single" baseType="identifier" view="testConstructor"/>
<outcomeDeclaration identifier="MINSCORE" cardinality="single" baseType="float">
<defaultValue>
<value baseType="float">0</value>
</defaultValue>
</outcomeDeclaration>
<outcomeDeclaration identifier="SCORE_RESPONSE_1" cardinality="single" baseType="float">
<defaultValue>
<value>0.0</value>
</defaultValue>
</outcomeDeclaration>
<outcomeDeclaration identifier="MINSCORE_RESPONSE_1" cardinality="single" baseType="float">
<defaultValue>
<value>0.0</value>
</defaultValue>
</outcomeDeclaration>
<itemBody>
<p>Een psycholoog voert een ANCOVA uit met de afhankelijke variabele Y, de intersubjectfactor ‘groep’ (1, 2, 3) en de covariaat X met een gemiddelde van 110. Dit resulteert in de volgende SPSS-uitvoer:</p>
<table>
<thead>
<tr class="header">
<th align="left">B</th>
<th align="left">Std.Error</th>
<th align="left">t</th>
<th align="left">Sig</th>
<th align="left">LowerboundCI</th>
<th align="left">UpperboundCI</th>
<th align="left">Partial_Eta</th>
</tr>
</thead>
<tbody>
<tr class="odd">
<td align="left">22.961</td>
<td align="left">6.313</td>
<td align="left">3.637</td>
<td align="left">0.001</td>
<td align="left">9.984</td>
<td align="left">35.939</td>
<td align="left">0.337</td>
</tr>
<tr class="even">
<td align="left">1.139</td>
<td align="left">0.282</td>
<td align="left">4.031</td>
<td align="left">0.000</td>
<td align="left">0.558</td>
<td align="left">1.719</td>
<td align="left">0.385</td>
</tr>
<tr class="odd">
<td align="left">0.191</td>
<td align="left">1.878</td>
<td align="left">0.102</td>
<td align="left">.920</td>
<td align="left">-3.669</td>
<td align="left">4.051</td>
<td align="left">0.000</td>
</tr>
<tr class="even">
<td align="left">5.008</td>
<td align="left">1.831</td>
<td align="left">2.735</td>
<td align="left">0.011</td>
<td align="left">1.244</td>
<td align="left">8.773</td>
<td align="left">0.223</td>
</tr>
<tr class="odd">
<td align="left">0(a)</td>
<td align="left">…</td>
<td align="left">…</td>
<td align="left">…</td>
<td align="left">…</td>
<td align="left">…</td>
<td align="left">…</td>
</tr>
</tbody>
</table>
<p>Wat kan uit bovenstaande tabel worden afgeleid over het aangepaste gemiddelde van groep 3?</p>
<choiceInteraction responseIdentifier="eur-inferential_statistics-219-nl-ans_239280781_section_1_item_1_schoice_RESPONSE_1_1013556" shuffle="false" maxChoices="1">
<simpleChoice identifier="eur-inferential_statistics-219-nl-ans_239280781_section_1_item_1_schoice_1_2858169551">
<p>
 Het verschilt statistisch niet van 0
</p>
</simpleChoice>
<simpleChoice identifier="eur-inferential_statistics-219-nl-ans_239280781_section_1_item_1_schoice_2_1281236789">
<p>
 Het is gelijk aan 22,961 + 1,139 × 110
</p>
</simpleChoice>
<simpleChoice identifier="eur-inferential_statistics-219-nl-ans_239280781_section_1_item_1_schoice_3_5262371212">
<p>
 Het is significant lager dan het aangepaste gemiddelde van groep 1
</p>
</simpleChoice>
<simpleChoice identifier="eur-inferential_statistics-219-nl-ans_239280781_section_1_item_1_schoice_4_5292002579">
<p>
 Er kan niets worden afgeleid over het aangepaste gemiddelde van groep 3, omdat dit de referentiegroep is.
</p>
</simpleChoice>
</choiceInteraction>
</itemBody>
<responseProcessing>
<setOutcomeValue identifier="SCORE_RESPONSE_1">
<sum>
<variable identifier="SCORE_RESPONSE_1"/>
<mapResponse identifier="eur-inferential_statistics-219-nl-ans_239280781_section_1_item_1_schoice_RESPONSE_1_1013556"/>
</sum>
</setOutcomeValue>
<responseCondition>
<responseIf>
<lt>
<variable identifier="SCORE_RESPONSE_1"/>
<variable identifier="MINSCORE_RESPONSE_1"/>
</lt>
<setOutcomeValue identifier="SCORE_RESPONSE_1">
<variable identifier="MINSCORE_RESPONSE_1"/>
</setOutcomeValue>
</responseIf>
</responseCondition>
<responseCondition>
<responseIf>
<isNull>
<variable identifier="eur-inferential_statistics-219-nl-ans_239280781_section_1_item_1_schoice_RESPONSE_1_1013556"/>
</isNull>
<setOutcomeValue identifier="SCORE_RESPONSE_1">
<sum>
<variable identifier="SCORE_RESPONSE_1"/>
<baseValue baseType="float">0</baseValue>
</sum>
</setOutcomeValue>
</responseIf>
</responseCondition>
<setOutcomeValue identifier="SCORE">
<sum>
<variable identifier="SCORE_RESPONSE_1"/>
</sum>
</setOutcomeValue>
<responseCondition>
<responseIf>
<lt>
<variable identifier="SCORE"/>
<variable identifier="MINSCORE"/>
</lt>
<setOutcomeValue identifier="SCORE">
<variable identifier="MINSCORE"/>
</setOutcomeValue>
</responseIf>
</responseCondition>
<responseCondition>
<responseIf>
<lt>
<variable identifier="SCORE"/>
<baseValue baseType="float">1</baseValue>
</lt>
<setOutcomeValue identifier="FEEDBACKMODAL">
<multiple>
<variable identifier="FEEDBACKMODAL"/>
<baseValue baseType="identifier">Feedback735843466</baseValue>
</multiple>
</setOutcomeValue>
</responseIf>
</responseCondition>
</responseProcessing>
<modalFeedback outcomeIdentifier="FEEDBACK" showHide="show" identifier="incorrect">
<p>Het aangepast gemiddelde is het gemiddelde van een groep wanneer de covariabele zijn gemiddelde waarde heeft. Met andere woorden, het is het gemiddelde van een groep gecorrigeerd voor het covariaat. De B-waarden in de tabel geven het verschil weer tussen het aangepaste gemiddelde van de relevante groep en het aangepaste gemiddelde van de referentiegroep.</p>
<p>Je kunt het aangepaste gemiddelde van groep 3 krijgen door de regressieformule uit te schrijven en voor elk van de andere groepen (of de dummy’s) een 0 in te voeren. Voor de covariate vult u de gemiddelde waarde in (in dit geval 110). Dit zie je bij antwoord B.</p>
<p>Gegevens voor groep 3 ontbreken, omdat zij de referentiegroep zijn. Verder geeft de B-waarde voor groep 1 inderdaad het verschil weer tussen groep 1 en de referentiegroep (in dit geval groep 3), maar de tabel laat zien dat dit verschil niet significant is (p = .920).</p>
<br />
<ul>
<li> Het verschilt statistisch niet van 0 <br /> Onwaar </li>
<li> Het is gelijk aan 22,961 + 1,139 × 110 <br /> Waar </li>
<li> Het is significant lager dan het aangepaste gemiddelde van groep 1 <br /> Onwaar </li>
<li> Er kan niets worden afgeleid over het aangepaste gemiddelde van groep 3, omdat dit de referentiegroep is. <br /> Onwaar </li>
</ul>
</modalFeedback>
</assessmentItem>
