<?xml version="1.0" encoding="utf-8" standalone="yes"?>
<assessmentItem identifier="uu-Twoway-ANOVA-815-en-tv_202510071724_item_1_schoice" title="uu-Twoway-ANOVA-815-en-tv_202510071724_item_1_schoice_uu-Twoway-ANOVA-815-en" adaptive="false" timeDependent="false" toolName="Testvision Online" toolVersion="39.0.9084" xmlns="http://www.imsglobal.org/xsd/imsqti_v2p1">
<responseDeclaration identifier="RESPONSE" cardinality="single" baseType="identifier">
<correctResponse>
<value>alt_700145</value>
</correctResponse>
<mapping defaultValue="0" lowerBound="0.0">
<mapEntry mapKey="alt_700145" mappedValue="1"/>
<mapEntry mapKey="alt_148577" mappedValue="-0.333333333333333"/>
<mapEntry mapKey="alt_227738" mappedValue="-0.333333333333333"/>
<mapEntry mapKey="alt_975303" mappedValue="-0.333333333333333"/>
</mapping>
</responseDeclaration>
<outcomeDeclaration identifier="SCORE" cardinality="single" baseType="float" normalMaximum="1" normalMinimum="0" />
<outcomeDeclaration identifier="FEEDBACK" cardinality="single" baseType="identifier" />
<stylesheet href="css/uu-Twoway-ANOVA-815-en-tv_202510071724_item_1_schoice.css" type="text/css" />
<itemBody>
<p>With a p-value of 0.007, we can conclude that there are significant differences between the different religious preference groups. SPSS is used to do a post hoc test. The output is shown below.</p>
<p><img src="mediafiles/supplements1/uu-Twoway-ANOVA-815-nl-tabel.JPG" alt="image"/></p>
<p>Which religious preference group makes the greatest contribution to rejecting the H0?</p>
<choiceInteraction responseIdentifier="RESPONSE" shuffle="false" maxChoices="1">
<simpleChoice identifier="alt_700145">
<div class="textblock tvblock tvcss_1"><div class="rte_zone tveditor1">
 Islam
</div>
</div>
</simpleChoice>
<simpleChoice identifier="alt_148577">
<div class="textblock tvblock tvcss_1"><div class="rte_zone tveditor1">
 Catholic
</div>
</div>
</simpleChoice>
<simpleChoice identifier="alt_227738">
<div class="textblock tvblock tvcss_1"><div class="rte_zone tveditor1">
 Protestant
</div>
</div>
</simpleChoice>
<simpleChoice identifier="alt_975303">
<div class="textblock tvblock tvcss_1"><div class="rte_zone tveditor1">
 None
</div>
</div>
</simpleChoice>
</choiceInteraction>
</itemBody>
<responseProcessing>
<responseCondition>
<responseIf>
<isNull>
<variable identifier="RESPONSE"/>
</isNull>
<setOutcomeValue identifier="SCORE">
<baseValue baseType="float">0.0</baseValue>
</setOutcomeValue>
<setOutcomeValue identifier="FEEDBACK">
<baseValue baseType="identifier">FAILURE</baseValue>
</setOutcomeValue>
</responseIf>
<responseElse>
<setOutcomeValue identifier="SCORE">
<mapResponse identifier="RESPONSE"/>
</setOutcomeValue>
<responseCondition>
<responseIf>
<equal toleranceMode="relative" tolerance="0.001">
<variable identifier="SCORE"/>
<variable identifier="MAXSCORE"/>
</equal>
<setOutcomeValue identifier="FEEDBACK">
<baseValue baseType="identifier">ANSWER_CORRECT</baseValue>
</setOutcomeValue>
</responseIf>
<responseElse>
<setOutcomeValue identifier="FEEDBACK">
<baseValue baseType="identifier">FAILURE</baseValue>
</setOutcomeValue>
</responseElse>
</responseCondition>
</responseElse>
</responseCondition>
</responseProcessing>
<modalFeedback identifier="FAILURE" outcomeIdentifier="FEEDBACK" showHide="show">
<div class="textblock tvblock tvcss_1"><div class="rte_zone tveditor1">
<p>H0: $$1 = $$2 = $$3 = $$4 (when comparing four groups) Persons with Islam as a faith differ significantly in mean age at first marriage from those with a Protestant faith and those with a Catholic faith. There are no other differences between faith groups. Therefore, Islam makes the largest contribution to the rejection of H0.</p>
<br />
<ul>
<li> Islam <br /> This answer is correct. </li>
<li> Catholic <br /> This answer is incorrect. </li>
<li> Protestant <br /> This answer is incorrect. </li>
<li> None <br /> This answer is incorrect. </li>
</ul>
</div>
</div>
</modalFeedback>
<modalFeedback identifier="ANSWER_CORRECT" outcomeIdentifier="FEEDBACK" showHide="show">
<div class="textblock tvblock tvcss_1"><div class="rte_zone tveditor1">
<p>H0: $$1 = $$2 = $$3 = $$4 (when comparing four groups) Persons with Islam as a faith differ significantly in mean age at first marriage from those with a Protestant faith and those with a Catholic faith. There are no other differences between faith groups. Therefore, Islam makes the largest contribution to the rejection of H0.</p>
<br />
<ul>
<li> Islam <br /> This answer is correct. </li>
<li> Catholic <br /> This answer is incorrect. </li>
<li> Protestant <br /> This answer is incorrect. </li>
<li> None <br /> This answer is incorrect. </li>
</ul>
</div>
</div>
</modalFeedback>
<modalFeedback identifier="PARTIAL_CORRECT" outcomeIdentifier="FEEDBACK" showHide="show">
<div class="textblock tvblock tvcss_1"><div class="rte_zone tveditor1">
<p>H0: $$1 = $$2 = $$3 = $$4 (when comparing four groups) Persons with Islam as a faith differ significantly in mean age at first marriage from those with a Protestant faith and those with a Catholic faith. There are no other differences between faith groups. Therefore, Islam makes the largest contribution to the rejection of H0.</p>
<br />
<ul>
<li> Islam <br /> This answer is correct. </li>
<li> Catholic <br /> This answer is incorrect. </li>
<li> Protestant <br /> This answer is incorrect. </li>
<li> None <br /> This answer is incorrect. </li>
</ul>
</div>
</div>
</modalFeedback>
</assessmentItem>
