<?xml version="1.0" encoding="UTF-8"?>
<!DOCTYPE questestinterop SYSTEM "ims_qtiasiv1p2p1.dtd">

<questestinterop xmlns="http://www.imsglobal.org/xsd/ims_qtiasiv1p2" xmlns:xsi="http://www.w3.org/2001/XMLSchema-instance" xsi:schemaLocation="http://www.imsglobal.org/xsd/ims_qtiasiv1p2 http://www.imsglobal.org/xsd/ims_qtiasiv1p2p1.xsd">
<assessment ident="uva-one-sample-mean-103-nl-canvas_522612209" title="uva-one-sample-mean-103-nl-canvas">

<qtimetadata>
<qtimetadatafield>
<fieldlabel>cc_maxattempts</fieldlabel>
<fieldentry>1</fieldentry>
</qtimetadatafield>
<qtimetadatafield>
<fieldlabel>qmd_assessmenttype</fieldlabel>
<fieldentry>Assessment</fieldentry>
</qtimetadatafield>
</qtimetadata>
<objectives>
<material>
<mattext><![CDATA[Please solve the following exercises.]]></mattext>
</material>
</objectives>
<assessmentcontrol feedbackswitch="No" hintswitch="No" solutionswitch="Yes"/>
<outcomes_processing scoremodel="SumOfScores">
<outcomes>
<decvar varname="SCORE" vartype="Decimal" cutvalue="0"/>
</outcomes>
</outcomes_processing>
<assessfeedback title="AssessmentFeedback" ident="AssessmentFeedback">
<flow_mat>
<material>
<mattext>##AssessmentFeedback##</mattext>
</material>
</flow_mat>
</assessfeedback>

<section ident="uva-one-sample-mean-103-nl-canvas_522612209_section_1" title="Exercise">

<objectives>
<material>
<mattext><![CDATA[Please answer the following question.]]></mattext>
</material>
</objectives>
<selection_ordering>
<selection>
<selection_number>1</selection_number>
<selection_extension>
<points_per_item>1</points_per_item>
</selection_extension>
</selection>
<order order_type="Random"/>
</selection_ordering>

<item ident="uva-one-sample-mean-103-nl-canvas_522612209_section_1_item_1_schoice" title="Question" maxattempts="1">
<itemcontrol feedbackswitch="No" hintswitch="No" solutionswitch="Yes"/>
<itemmetadata>
<qtimetadata>
<qtimetadatafield>
<fieldlabel>question_type</fieldlabel>
<fieldentry>multiple_choice_question</fieldentry>
</qtimetadatafield>
</qtimetadata>
</itemmetadata>
<presentation>
<flow>
<material>
<matbreak/>
<mattext texttype="text/html" charset="utf-8"><![CDATA[
<p>Een 95% betrouwbaarheidsinterval voor een gemiddelde in de populatie is
(-2; 5). Dan geldt voor een hypothesetoets met <em>H<sub>0</sub></em>: <em>μ</em> = 0 tegen <em>H<sub>a</sub></em>: <em>μ</em> ≠ 0 en een significantieniveau van 5% dat<br />
</p>
<ul>
<li>I. de Type II fout groter is dan 5%.<br />
</li>
<li><ol start="2" style="list-style-type: upper-roman">
<li>de P-waarde kleiner is dan 5%.</li>
</ol></li>
</ul>
]]></mattext>
<matbreak/>
</material>
<response_lid ident="uva-one-sample-mean-103-nl-canvas_522612209_section_1_item_1_schoice_RESPONSE_3107004" rcardinality="Single" rtiming="No">
<render_choice shuffle="No">
<flow_label class="List">
<response_label ident="uva-one-sample-mean-103-nl-canvas_522612209_section_1_item_1_schoice_8434368085" rshuffle="No">
<material>
<mattext texttype="text/html" charset="utf-8"><![CDATA[
 Stelling I is waar en stelling II is onwaar.
]]></mattext>
</material>
</response_label>
</flow_label>
<flow_label class="List">
<response_label ident="uva-one-sample-mean-103-nl-canvas_522612209_section_1_item_1_schoice_6654581698" rshuffle="No">
<material>
<mattext texttype="text/html" charset="utf-8"><![CDATA[
 Stelling I is onwaar en stelling II is waar.
]]></mattext>
</material>
</response_label>
</flow_label>
<flow_label class="List">
<response_label ident="uva-one-sample-mean-103-nl-canvas_522612209_section_1_item_1_schoice_1996523754" rshuffle="No">
<material>
<mattext texttype="text/html" charset="utf-8"><![CDATA[
 Stelling I en stelling II zijn beide onwaar.
]]></mattext>
</material>
</response_label>
</flow_label>
</render_choice>
</response_lid>
</flow>
</presentation>
<resprocessing>
<outcomes>
<decvar varname="SCORE" vartype="Decimal" defaultval="0" minvalue="0" maxvalue="1" cutvalue="1"/>
</outcomes>
<respcondition title="Mastery" continue="No">
<conditionvar>
<and>
<varequal respident="uva-one-sample-mean-103-nl-canvas_522612209_section_1_item_1_schoice_RESPONSE_3107004" case="Yes">uva-one-sample-mean-103-nl-canvas_522612209_section_1_item_1_schoice_1996523754</varequal>
<not> <varequal respident="uva-one-sample-mean-103-nl-canvas_522612209_section_1_item_1_schoice_RESPONSE_3107004" case="Yes">uva-one-sample-mean-103-nl-canvas_522612209_section_1_item_1_schoice_8434368085</varequal> </not>
<not> <varequal respident="uva-one-sample-mean-103-nl-canvas_522612209_section_1_item_1_schoice_RESPONSE_3107004" case="Yes">uva-one-sample-mean-103-nl-canvas_522612209_section_1_item_1_schoice_6654581698</varequal> </not>
</and>
</conditionvar>
<setvar varname="SCORE" action="Set">1</setvar>
<displayfeedback feedbacktype="Response" linkrefid="correct_fb"/>
</respcondition>
<respcondition continue="Yes">
<conditionvar>
<other/>
</conditionvar>
<displayfeedback feedbacktype="Response" linkrefid="general_incorrect_fb"/>
</respcondition>
</resprocessing>
<itemfeedback ident="correct_fb" view="All">
<flow_mat>
<material>
<mattext texttype="text/html"><![CDATA[
<ul>
<li> Stelling I is waar en stelling II is onwaar. <br /> Stelling I is waar en stelling II is onwaar.: Incorrect </li>
<li> Stelling I is onwaar en stelling II is waar. <br /> Stelling I is onwaar en stelling II is waar.: Incorrect </li>
<li> Stelling I en stelling II zijn beide onwaar. <br /> Stelling I en stelling II zijn beide onwaar.: Correct </li>
</ul>
]]></mattext>
</material>
</flow_mat>
</itemfeedback>
<itemfeedback ident="general_incorrect_fb" view="All">
<flow_mat>
<material>
<mattext texttype="text/html"><![CDATA[
<ul>
<li> Stelling I is waar en stelling II is onwaar. <br /> Stelling I is waar en stelling II is onwaar.: Incorrect </li>
<li> Stelling I is onwaar en stelling II is waar. <br /> Stelling I is onwaar en stelling II is waar.: Incorrect </li>
<li> Stelling I en stelling II zijn beide onwaar. <br /> Stelling I en stelling II zijn beide onwaar.: Correct </li>
</ul>
]]></mattext>
</material>
</flow_mat>
</itemfeedback>
</item>


</section>

</assessment>
</questestinterop>
