<?xml version="1.0" encoding="utf-8" standalone="yes"?>
<assessmentItem identifier="vufgb-standardizedcoefficient-022-nl-tv_202601131821_item_1_schoice" title="vufgb-standardizedcoefficient-022-nl-tv_202601131821_item_1_schoice_vufgb-standardizedcoefficient-022-nl" adaptive="false" timeDependent="false" toolName="Testvision Online" toolVersion="39.0.9084" xmlns="http://www.imsglobal.org/xsd/imsqti_v2p1">
<responseDeclaration identifier="RESPONSE" cardinality="single" baseType="identifier">
<correctResponse>
<value>alt_744355</value>
</correctResponse>
<mapping defaultValue="0" lowerBound="0.0">
<mapEntry mapKey="alt_477503" mappedValue="-0.333333333333333"/>
<mapEntry mapKey="alt_744355" mappedValue="1"/>
<mapEntry mapKey="alt_197720" mappedValue="-0.333333333333333"/>
<mapEntry mapKey="alt_479620" mappedValue="-0.333333333333333"/>
</mapping>
</responseDeclaration>
<outcomeDeclaration identifier="SCORE" cardinality="single" baseType="float" normalMaximum="1" normalMinimum="0" />
<outcomeDeclaration identifier="FEEDBACK" cardinality="single" baseType="identifier" />
<stylesheet href="css/vufgb-standardizedcoefficient-022-nl-tv_202601131821_item_1_schoice.css" type="text/css" />
<itemBody>
<p>Bekend is van een onderzoek dat de steekproefgemiddelden van <math display="inline" xmlns="http://www.w3.org/1998/Math/MathML"><semantics><mi>X</mi><annotation encoding="application/x-tex">X</annotation></semantics></math> en <math display="inline" xmlns="http://www.w3.org/1998/Math/MathML"><semantics><mi>Y</mi><annotation encoding="application/x-tex">Y</annotation></semantics></math>, respectievelijk, 20 en 9.01 zijn, <math display="inline" xmlns="http://www.w3.org/1998/Math/MathML"><semantics><mrow><msub><mi>s</mi><mi>x</mi></msub><mo>=</mo><mn>2.45</mn></mrow><annotation encoding="application/x-tex">s_{x} = 2.45</annotation></semantics></math>, <math display="inline" xmlns="http://www.w3.org/1998/Math/MathML"><semantics><mrow><msub><mi>s</mi><mi>y</mi></msub><mo>=</mo><mn>1.00</mn></mrow><annotation encoding="application/x-tex">s_{y} = 1.00</annotation></semantics></math> en de geschatte regressielijn is <math display="inline" xmlns="http://www.w3.org/1998/Math/MathML"><semantics><mrow><mi>Y</mi><mi>’</mi><mo>=</mo><mn>4.61</mn><mo>+</mo><mn>0.22</mn><mi>X</mi></mrow><annotation encoding="application/x-tex">Y’ = 4.61 + 0.22X</annotation></semantics></math>.</p>
<p>Hoe groot is de correlatie tussen <math display="inline" xmlns="http://www.w3.org/1998/Math/MathML"><semantics><mi>X</mi><annotation encoding="application/x-tex">X</annotation></semantics></math> en <math display="inline" xmlns="http://www.w3.org/1998/Math/MathML"><semantics><mi>Y</mi><annotation encoding="application/x-tex">Y</annotation></semantics></math>?</p>
<choiceInteraction responseIdentifier="RESPONSE" shuffle="false" maxChoices="1">
<simpleChoice identifier="alt_477503">
<div class="textblock tvblock tvcss_1"><div class="rte_zone tveditor1">
 0.22
</div>
</div>
</simpleChoice>
<simpleChoice identifier="alt_744355">
<div class="textblock tvblock tvcss_1"><div class="rte_zone tveditor1">
 0.54
</div>
</div>
</simpleChoice>
<simpleChoice identifier="alt_197720">
<div class="textblock tvblock tvcss_1"><div class="rte_zone tveditor1">
 -0.22
</div>
</div>
</simpleChoice>
<simpleChoice identifier="alt_479620">
<div class="textblock tvblock tvcss_1"><div class="rte_zone tveditor1">
 -0.54
</div>
</div>
</simpleChoice>
</choiceInteraction>
</itemBody>
<responseProcessing>
<responseCondition>
<responseIf>
<isNull>
<variable identifier="RESPONSE"/>
</isNull>
<setOutcomeValue identifier="SCORE">
<baseValue baseType="float">0.0</baseValue>
</setOutcomeValue>
<setOutcomeValue identifier="FEEDBACK">
<baseValue baseType="identifier">FAILURE</baseValue>
</setOutcomeValue>
</responseIf>
<responseElse>
<setOutcomeValue identifier="SCORE">
<mapResponse identifier="RESPONSE"/>
</setOutcomeValue>
<responseCondition>
<responseIf>
<equal toleranceMode="relative" tolerance="0.001">
<variable identifier="SCORE"/>
<variable identifier="MAXSCORE"/>
</equal>
<setOutcomeValue identifier="FEEDBACK">
<baseValue baseType="identifier">ANSWER_CORRECT</baseValue>
</setOutcomeValue>
</responseIf>
<responseElse>
<setOutcomeValue identifier="FEEDBACK">
<baseValue baseType="identifier">FAILURE</baseValue>
</setOutcomeValue>
</responseElse>
</responseCondition>
</responseElse>
</responseCondition>
</responseProcessing>
<modalFeedback identifier="FAILURE" outcomeIdentifier="FEEDBACK" showHide="show">
<div class="textblock tvblock tvcss_1"><div class="rte_zone tveditor1">
<ul>
<li> 0.22 <br /> Incorrect </li>
<li> 0.54 <br /> Correct </li>
<li> -0.22 <br /> Incorrect </li>
<li> -0.54 <br /> Incorrect </li>
</ul>
</div>
</div>
</modalFeedback>
<modalFeedback identifier="ANSWER_CORRECT" outcomeIdentifier="FEEDBACK" showHide="show">
<div class="textblock tvblock tvcss_1"><div class="rte_zone tveditor1">
<ul>
<li> 0.22 <br /> Incorrect </li>
<li> 0.54 <br /> Correct </li>
<li> -0.22 <br /> Incorrect </li>
<li> -0.54 <br /> Incorrect </li>
</ul>
</div>
</div>
</modalFeedback>
<modalFeedback identifier="PARTIAL_CORRECT" outcomeIdentifier="FEEDBACK" showHide="show">
<div class="textblock tvblock tvcss_1"><div class="rte_zone tveditor1">
<ul>
<li> 0.22 <br /> Incorrect </li>
<li> 0.54 <br /> Correct </li>
<li> -0.22 <br /> Incorrect </li>
<li> -0.54 <br /> Incorrect </li>
</ul>
</div>
</div>
</modalFeedback>
</assessmentItem>
