<?xml version="1.0" encoding="utf-8" standalone="yes"?>
<assessmentItem identifier="uva-oneway-anova-542-nl-tv_202601131823_item_1_schoice" title="uva-oneway-anova-542-nl-tv_202601131823_item_1_schoice_uva-oneway-anova-542-nl" adaptive="false" timeDependent="false" toolName="Testvision Online" toolVersion="39.0.9084" xmlns="http://www.imsglobal.org/xsd/imsqti_v2p1"> <responseDeclaration identifier="RESPONSE" cardinality="single" baseType="identifier"> <correctResponse> <value>alt_336174</value> </correctResponse> <mapping defaultValue="0" lowerBound="0.0"> <mapEntry mapKey="alt_336174" mappedValue="1"/> <mapEntry mapKey="alt_187606" mappedValue="-0.333333333333333"/> <mapEntry mapKey="alt_177471" mappedValue="-0.333333333333333"/> <mapEntry mapKey="alt_183703" mappedValue="-0.333333333333333"/> </mapping> </responseDeclaration> <outcomeDeclaration identifier="SCORE" cardinality="single" baseType="float" normalMaximum="1" normalMinimum="0" /> <outcomeDeclaration identifier="FEEDBACK" cardinality="single" baseType="identifier" /> <stylesheet href="css/uva-oneway-anova-542-nl-tv_202601131823_item_1_schoice.css" type="text/css" /> <itemBody> <p>Hieronder staat een onvolledige ANOVA-tabel, behorend bij een Randomized Complete Block ANOVA.</p> <table> <tbody> <tr class="odd"> <td class="recss_2">Variatiebron</td> <td class="recss_2">SS</td> <td class="recss_2">df</td> <td class="recss_2">MS</td> <td class="recss_2">F</td> </tr> <tr class="even"> <td class="recss_2">Groep</td> <td class="recss_2"></td> <td class="recss_2">3</td> <td class="recss_2">39.0</td> <td class="recss_2">8.67</td> </tr> <tr class="odd"> <td class="recss_2">Blok</td> <td class="recss_2"></td> <td class="recss_2">2</td> <td class="recss_2">22.5</td> <td class="recss_2">5.00</td> </tr> <tr class="even"> <td class="recss_2">Error</td> <td class="recss_2"></td> <td class="recss_2">6</td> <td class="recss_2">4.5</td> <td class="recss_2"></td> </tr> <tr class="odd"> <td class="recss_2">Totaal</td> <td class="recss_2"></td> <td class="recss_2">11</td> <td class="recss_2"></td> <td class="recss_2"></td> </tr> </tbody> </table> <p>We willen de nulhypothese testen dat er geen groepseffect is, met 5% risico. Het toetsresultaat is</p> <choiceInteraction responseIdentifier="RESPONSE" shuffle="false" maxChoices="1"> <simpleChoice identifier="alt_336174"> <div class="textblock tvblock tvcss_1"><div class="rte_zone tveditor1">  significant, verwerp H0 </div> </div> </simpleChoice> <simpleChoice identifier="alt_187606"> <div class="textblock tvblock tvcss_1"><div class="rte_zone tveditor1">  significant, verwerp H0 niet </div> </div> </simpleChoice> <simpleChoice identifier="alt_177471"> <div class="textblock tvblock tvcss_1"><div class="rte_zone tveditor1">  niet significant, verwerp H0 </div> </div> </simpleChoice> <simpleChoice identifier="alt_183703"> <div class="textblock tvblock tvcss_1"><div class="rte_zone tveditor1">  niet significant, verwerp H0 niet </div> </div> </simpleChoice> </choiceInteraction> </itemBody> <responseProcessing> <responseCondition> <responseIf> <isNull> <variable identifier="RESPONSE"/> </isNull> <setOutcomeValue identifier="SCORE"> <baseValue baseType="float">0.0</baseValue> </setOutcomeValue> <setOutcomeValue identifier="FEEDBACK"> <baseValue baseType="identifier">FAILURE</baseValue> </setOutcomeValue> </responseIf> <responseElse> <setOutcomeValue identifier="SCORE"> <mapResponse identifier="RESPONSE"/> </setOutcomeValue> <responseCondition> <responseIf> <equal toleranceMode="relative" tolerance="0.001"> <variable identifier="SCORE"/> <variable identifier="MAXSCORE"/> </equal> <setOutcomeValue identifier="FEEDBACK"> <baseValue baseType="identifier">ANSWER_CORRECT</baseValue> </setOutcomeValue> </responseIf> <responseElse> <setOutcomeValue identifier="FEEDBACK"> <baseValue baseType="identifier">FAILURE</baseValue> </setOutcomeValue> </responseElse> </responseCondition> </responseElse> </responseCondition> </responseProcessing> <modalFeedback identifier="FAILURE" outcomeIdentifier="FEEDBACK" showHide="show"> <div class="textblock tvblock tvcss_1"><div class="rte_zone tveditor1"> <ul> <li> significant, verwerp H0 <br /> significant, verwerp H0: Correct </li> <li> significant, verwerp H0 niet <br /> significant, verwerp H0 niet: Incorrect </li> <li> niet significant, verwerp H0 <br /> niet significant, verwerp H0: Incorrect </li> <li> niet significant, verwerp H0 niet <br /> niet significant, verwerp H0 niet: Incorrect </li> </ul> </div> </div> </modalFeedback> <modalFeedback identifier="ANSWER_CORRECT" outcomeIdentifier="FEEDBACK" showHide="show"> <div class="textblock tvblock tvcss_1"><div class="rte_zone tveditor1"> <ul> <li> significant, verwerp H0 <br /> significant, verwerp H0: Correct </li> <li> significant, verwerp H0 niet <br /> significant, verwerp H0 niet: Incorrect </li> <li> niet significant, verwerp H0 <br /> niet significant, verwerp H0: Incorrect </li> <li> niet significant, verwerp H0 niet <br /> niet significant, verwerp H0 niet: Incorrect </li> </ul> </div> </div> </modalFeedback> <modalFeedback identifier="PARTIAL_CORRECT" outcomeIdentifier="FEEDBACK" showHide="show"> <div class="textblock tvblock tvcss_1"><div class="rte_zone tveditor1"> <ul> <li> significant, verwerp H0 <br /> significant, verwerp H0: Correct </li> <li> significant, verwerp H0 niet <br /> significant, verwerp H0 niet: Incorrect </li> <li> niet significant, verwerp H0 <br /> niet significant, verwerp H0: Incorrect </li> <li> niet significant, verwerp H0 niet <br /> niet significant, verwerp H0 niet: Incorrect </li> </ul> </div> </div> </modalFeedback> </assessmentItem>
