<?xml version="1.0" encoding="utf-8" standalone="yes"?>
<assessmentItem identifier="vufsw-one_sample_mean-1085-en-tv_202209061511_item_1_schoice" title="vufsw-one_sample_mean-1085-en-tv_202209061511_item_1_schoice_vufsw-one sample mean-1085-en" adaptive="false" timeDependent="false" toolName="Testvision Online" toolVersion="39.0.9084" xmlns="http://www.imsglobal.org/xsd/imsqti_v2p1">
<responseDeclaration identifier="RESPONSE" cardinality="single" baseType="identifier">
<correctResponse>
<value>alt_855746</value>
</correctResponse>
<mapping defaultValue="0" lowerBound="0.0">
<mapEntry mapKey="alt_380021" mappedValue="-0.25"/>
<mapEntry mapKey="alt_933804" mappedValue="-0.25"/>
<mapEntry mapKey="alt_855746" mappedValue="1"/>
<mapEntry mapKey="alt_333567" mappedValue="-0.25"/>
<mapEntry mapKey="alt_572054" mappedValue="-0.25"/>
</mapping>
</responseDeclaration>
<outcomeDeclaration identifier="SCORE" cardinality="single" baseType="float" normalMaximum="1" normalMinimum="0" />
<outcomeDeclaration identifier="FEEDBACK" cardinality="single" baseType="identifier" />
<itemBody>
<p>According to a survey of 55 men and 68 women of LINDA Magazine (February
2016), women cry 30 to 64 times a year, while men only cry between 6 and
17 times a year. Suppose the population mean “number of times to cry”
for women is 45, with a standard deviation of 8. What is the z-score of
a woman who cries 15 times a year?</p>
<choiceInteraction responseIdentifier="RESPONSE" shuffle="false" maxChoices="1">
<simpleChoice identifier="alt_380021">
<div class="textblock tvblock tvcss_1"><div class="rte_zone tveditor1">
a. -30.92
</div>
</div>
</simpleChoice>
<simpleChoice identifier="alt_933804">
<div class="textblock tvblock tvcss_1"><div class="rte_zone tveditor1">
b. -6.63
</div>
</div>
</simpleChoice>
<simpleChoice identifier="alt_855746">
<div class="textblock tvblock tvcss_1"><div class="rte_zone tveditor1">
c. -3.75
</div>
</div>
</simpleChoice>
<simpleChoice identifier="alt_333567">
<div class="textblock tvblock tvcss_1"><div class="rte_zone tveditor1">
d. -7.00
</div>
</div>
</simpleChoice>
<simpleChoice identifier="alt_572054">
<div class="textblock tvblock tvcss_1"><div class="rte_zone tveditor1">
e. -1.88
</div>
</div>
</simpleChoice>
</choiceInteraction>
</itemBody>
<responseProcessing>
<responseCondition>
<responseIf>
<isNull>
<variable identifier="RESPONSE"/>
</isNull>
<setOutcomeValue identifier="SCORE">
<baseValue baseType="float">0.0</baseValue>
</setOutcomeValue>
<setOutcomeValue identifier="FEEDBACK">
<baseValue baseType="identifier">FAILURE</baseValue>
</setOutcomeValue>
</responseIf>
<responseElse>
<setOutcomeValue identifier="SCORE">
<mapResponse identifier="RESPONSE"/>
</setOutcomeValue>
<responseCondition>
<responseIf>
<equal toleranceMode="relative" tolerance="0.001">
<variable identifier="SCORE"/>
<variable identifier="MAXSCORE"/>
</equal>
<setOutcomeValue identifier="FEEDBACK">
<baseValue baseType="identifier">ANSWER_CORRECT</baseValue>
</setOutcomeValue>
</responseIf>
<responseElse>
<setOutcomeValue identifier="FEEDBACK">
<baseValue baseType="identifier">FAILURE</baseValue>
</setOutcomeValue>
</responseElse>
</responseCondition>
</responseElse>
</responseCondition>
</responseProcessing>
<modalFeedback identifier="FAILURE" outcomeIdentifier="FEEDBACK" showHide="show">
<div class="textblock tvblock tvcss_1"><div class="rte_zone tveditor1">
<p>To <strong>calculate</strong> the <strong>z</strong>-<strong>score</strong>, you will <strong>find</strong> the difference
between a <strong>value</strong> in the sample and the mean, and divide it by the
standard deviation. Thus<br />
(15 - 45) / 8 = -3.75</p>
<br />
<ol>
<li> -30.92 <br /> False </li>
<li> -6.63 <br /> False </li>
<li> -3.75 <br /> True </li>
<li> -7.00 <br /> False </li>
<li> -1.88 <br /> False </li>
</ol>
</div>
</div>
</modalFeedback>
<modalFeedback identifier="ANSWER_CORRECT" outcomeIdentifier="FEEDBACK" showHide="show">
<div class="textblock tvblock tvcss_1"><div class="rte_zone tveditor1">
<p>To <strong>calculate</strong> the <strong>z</strong>-<strong>score</strong>, you will <strong>find</strong> the difference
between a <strong>value</strong> in the sample and the mean, and divide it by the
standard deviation. Thus<br />
(15 - 45) / 8 = -3.75</p>
<br />
<ol>
<li> -30.92 <br /> False </li>
<li> -6.63 <br /> False </li>
<li> -3.75 <br /> True </li>
<li> -7.00 <br /> False </li>
<li> -1.88 <br /> False </li>
</ol>
</div>
</div>
</modalFeedback>
<modalFeedback identifier="PARTIAL_CORRECT" outcomeIdentifier="FEEDBACK" showHide="show">
<div class="textblock tvblock tvcss_1"><div class="rte_zone tveditor1">
<p>To <strong>calculate</strong> the <strong>z</strong>-<strong>score</strong>, you will <strong>find</strong> the difference
between a <strong>value</strong> in the sample and the mean, and divide it by the
standard deviation. Thus<br />
(15 - 45) / 8 = -3.75</p>
<br />
<ol>
<li> -30.92 <br /> False </li>
<li> -6.63 <br /> False </li>
<li> -3.75 <br /> True </li>
<li> -7.00 <br /> False </li>
<li> -1.88 <br /> False </li>
</ol>
</div>
</div>
</modalFeedback>
</assessmentItem>
