<?xml version="1.0" encoding="UTF-8"?>
<!DOCTYPE questestinterop SYSTEM "ims_qtiasiv1p2p1.dtd">

<questestinterop xmlns="http://www.imsglobal.org/xsd/ims_qtiasiv1p2" xmlns:xsi="http://www.w3.org/2001/XMLSchema-instance" xsi:schemaLocation="http://www.imsglobal.org/xsd/ims_qtiasiv1p2 http://www.imsglobal.org/xsd/ims_qtiasiv1p2p1.xsd">
<assessment ident="uva-independent-samples-means-172-nl-canvas_402045635" title="uva-independent-samples-means-172-nl-canvas">

<qtimetadata>
<qtimetadatafield>
<fieldlabel>cc_maxattempts</fieldlabel>
<fieldentry>1</fieldentry>
</qtimetadatafield>
<qtimetadatafield>
<fieldlabel>qmd_assessmenttype</fieldlabel>
<fieldentry>Assessment</fieldentry>
</qtimetadatafield>
</qtimetadata>
<objectives>
<material>
<mattext><![CDATA[Please solve the following exercises.]]></mattext>
</material>
</objectives>
<assessmentcontrol feedbackswitch="No" hintswitch="No" solutionswitch="Yes"/>
<outcomes_processing scoremodel="SumOfScores">
<outcomes>
<decvar varname="SCORE" vartype="Decimal" cutvalue="0"/>
</outcomes>
</outcomes_processing>
<assessfeedback title="AssessmentFeedback" ident="AssessmentFeedback">
<flow_mat>
<material>
<mattext>##AssessmentFeedback##</mattext>
</material>
</flow_mat>
</assessfeedback>

<section ident="uva-independent-samples-means-172-nl-canvas_402045635_section_1" title="Exercise">

<objectives>
<material>
<mattext><![CDATA[Please answer the following question.]]></mattext>
</material>
</objectives>
<selection_ordering>
<selection>
<selection_number>1</selection_number>
<selection_extension>
<points_per_item>1</points_per_item>
</selection_extension>
</selection>
<order order_type="Random"/>
</selection_ordering>

<item ident="uva-independent-samples-means-172-nl-canvas_402045635_section_1_item_1_schoice" title="Question" maxattempts="1">
<itemcontrol feedbackswitch="No" hintswitch="No" solutionswitch="Yes"/>
<itemmetadata>
<qtimetadata>
<qtimetadatafield>
<fieldlabel>question_type</fieldlabel>
<fieldentry>multiple_choice_question</fieldentry>
</qtimetadatafield>
</qtimetadata>
</itemmetadata>
<presentation>
<flow>
<material>
<matbreak/>
<mattext texttype="text/html" charset="utf-8"><![CDATA[
<p>In een onderzoek naar jeugddelinquentie in de Verenigde Staten binnen de
Afro-Amerikaanse bevolkingsgroep, wordt een random steekproef getrokken
van 56 proefpersonen uit de groep jongeren met alleenstaande moeders en
van 52 proefpersonen uit de groep jongeren met beide biologische ouders.
Delinquentie wordt gemeten met vier dichotome (binaire) vragen: (i) ben
je in aanraking geweest met de politie, (ii) ben je ooit gearresteerd
geweest, (iii) ben je ooit voorgeleid voor de rechtbank en (iv) heb je
in de gevangenis gezeten. De score van iedere proefpersoon was het
aantal vragen waarop 'ja' was geantwoord. De gemiddelde score was 1,2
met standaarddeviatie 1,5 voor jongeren met alleenstaande moeders, en
een gemiddelde van 2,7 en standaarddeviatie 1,5 voor jongeren uit een
gezin met beide biologische ouders. De onderzoekers zijn geïnteresseerd
in de vraag of het populatiegemiddelde van de jongeren van de
alleenstaande moeders anders is dan dat van de jongeren met beide
biologische ouders. De onderzoekers nemen aan dat de standaarddeviatie
in beide populaties hetzelfde is en komen tot <em>standard error</em> 0.538
voor het verschil in gemiddelden en vrijheidsgraden 100. De nulhypothese
dat de twee populatiegemiddelden gelijk zijn kan</p>
]]></mattext>
<matbreak/>
</material>
<response_lid ident="uva-independent-samples-means-172-nl-canvas_402045635_section_1_item_1_schoice_RESPONSE_7131620" rcardinality="Single" rtiming="No">
<render_choice shuffle="No">
<flow_label class="List">
<response_label ident="uva-independent-samples-means-172-nl-canvas_402045635_section_1_item_1_schoice_7623712645" rshuffle="No">
<material>
<mattext texttype="text/html" charset="utf-8"><![CDATA[
 niet worden verworpen bij 0.001 maar wel bij 0.002.
]]></mattext>
</material>
</response_label>
</flow_label>
<flow_label class="List">
<response_label ident="uva-independent-samples-means-172-nl-canvas_402045635_section_1_item_1_schoice_6499079534" rshuffle="No">
<material>
<mattext texttype="text/html" charset="utf-8"><![CDATA[
 niet worden verworpen bij 0.002 maar wel bij 0.010.
]]></mattext>
</material>
</response_label>
</flow_label>
<flow_label class="List">
<response_label ident="uva-independent-samples-means-172-nl-canvas_402045635_section_1_item_1_schoice_8759493226" rshuffle="No">
<material>
<mattext texttype="text/html" charset="utf-8"><![CDATA[
 niet worden verworpen bij 0.010 maar wel bij 0.025.
]]></mattext>
</material>
</response_label>
</flow_label>
</render_choice>
</response_lid>
</flow>
</presentation>
<resprocessing>
<outcomes>
<decvar varname="SCORE" vartype="Decimal" defaultval="0" minvalue="0" maxvalue="1" cutvalue="1"/>
</outcomes>
<respcondition title="Mastery" continue="No">
<conditionvar>
<and>
<varequal respident="uva-independent-samples-means-172-nl-canvas_402045635_section_1_item_1_schoice_RESPONSE_7131620" case="Yes">uva-independent-samples-means-172-nl-canvas_402045635_section_1_item_1_schoice_6499079534</varequal>
<not> <varequal respident="uva-independent-samples-means-172-nl-canvas_402045635_section_1_item_1_schoice_RESPONSE_7131620" case="Yes">uva-independent-samples-means-172-nl-canvas_402045635_section_1_item_1_schoice_7623712645</varequal> </not>
<not> <varequal respident="uva-independent-samples-means-172-nl-canvas_402045635_section_1_item_1_schoice_RESPONSE_7131620" case="Yes">uva-independent-samples-means-172-nl-canvas_402045635_section_1_item_1_schoice_8759493226</varequal> </not>
</and>
</conditionvar>
<setvar varname="SCORE" action="Set">1</setvar>
<displayfeedback feedbacktype="Response" linkrefid="correct_fb"/>
</respcondition>
<respcondition continue="Yes">
<conditionvar>
<other/>
</conditionvar>
<displayfeedback feedbacktype="Response" linkrefid="general_incorrect_fb"/>
</respcondition>
</resprocessing>
<itemfeedback ident="correct_fb" view="All">
<flow_mat>
<material>
<mattext texttype="text/html"><![CDATA[
<ul>
<li> niet worden verworpen bij 0.001 maar wel bij 0.002. <br /> niet worden verworpen bij 0.001 maar wel bij 0.002.: Incorrect </li>
<li> niet worden verworpen bij 0.002 maar wel bij 0.010. <br /> niet worden verworpen bij 0.002 maar wel bij 0.010.: Correct </li>
<li> niet worden verworpen bij 0.010 maar wel bij 0.025. <br /> niet worden verworpen bij 0.010 maar wel bij 0.025.: Incorrect </li>
</ul>
]]></mattext>
</material>
</flow_mat>
</itemfeedback>
<itemfeedback ident="general_incorrect_fb" view="All">
<flow_mat>
<material>
<mattext texttype="text/html"><![CDATA[
<ul>
<li> niet worden verworpen bij 0.001 maar wel bij 0.002. <br /> niet worden verworpen bij 0.001 maar wel bij 0.002.: Incorrect </li>
<li> niet worden verworpen bij 0.002 maar wel bij 0.010. <br /> niet worden verworpen bij 0.002 maar wel bij 0.010.: Correct </li>
<li> niet worden verworpen bij 0.010 maar wel bij 0.025. <br /> niet worden verworpen bij 0.010 maar wel bij 0.025.: Incorrect </li>
</ul>
]]></mattext>
</material>
</flow_mat>
</itemfeedback>
</item>


</section>

</assessment>
</questestinterop>
