<?xml version="1.0" encoding="utf-8" standalone="yes"?>
<assessmentItem identifier="uva-events-734-en-tv_202510071722_item_1_schoice" title="uva-events-734-en-tv_202510071722_item_1_schoice_uva-events-734-en" adaptive="false" timeDependent="false" toolName="Testvision Online" toolVersion="39.0.9084" xmlns="http://www.imsglobal.org/xsd/imsqti_v2p1">
<responseDeclaration identifier="RESPONSE" cardinality="single" baseType="identifier">
<correctResponse>
<value>alt_250036</value>
</correctResponse>
<mapping defaultValue="0" lowerBound="0.0">
<mapEntry mapKey="alt_663162" mappedValue="-0.333333333333333"/>
<mapEntry mapKey="alt_250036" mappedValue="1"/>
<mapEntry mapKey="alt_458395" mappedValue="-0.333333333333333"/>
<mapEntry mapKey="alt_625920" mappedValue="-0.333333333333333"/>
</mapping>
</responseDeclaration>
<outcomeDeclaration identifier="SCORE" cardinality="single" baseType="float" normalMaximum="1" normalMinimum="0" />
<outcomeDeclaration identifier="FEEDBACK" cardinality="single" baseType="identifier" />
<stylesheet href="css/uva-events-734-en-tv_202510071722_item_1_schoice.css" type="text/css" />
<itemBody>
<p>When does one call two events <em>disjoint</em>?</p>
<choiceInteraction responseIdentifier="RESPONSE" shuffle="false" maxChoices="1">
<simpleChoice identifier="alt_663162">
<div class="textblock tvblock tvcss_1"><div class="rte_zone tveditor1">
 If the two events have joint outcomes.
</div>
</div>
</simpleChoice>
<simpleChoice identifier="alt_250036">
<div class="textblock tvblock tvcss_1"><div class="rte_zone tveditor1">
 If the two events do not have joint outcomes.
</div>
</div>
</simpleChoice>
<simpleChoice identifier="alt_458395">
<div class="textblock tvblock tvcss_1"><div class="rte_zone tveditor1">
 If the two events are independent of each other.
</div>
</div>
</simpleChoice>
<simpleChoice identifier="alt_625920">
<div class="textblock tvblock tvcss_1"><div class="rte_zone tveditor1">
 None of the above answers is correct.
</div>
</div>
</simpleChoice>
</choiceInteraction>
</itemBody>
<responseProcessing>
<responseCondition>
<responseIf>
<isNull>
<variable identifier="RESPONSE"/>
</isNull>
<setOutcomeValue identifier="SCORE">
<baseValue baseType="float">0.0</baseValue>
</setOutcomeValue>
<setOutcomeValue identifier="FEEDBACK">
<baseValue baseType="identifier">FAILURE</baseValue>
</setOutcomeValue>
</responseIf>
<responseElse>
<setOutcomeValue identifier="SCORE">
<mapResponse identifier="RESPONSE"/>
</setOutcomeValue>
<responseCondition>
<responseIf>
<equal toleranceMode="relative" tolerance="0.001">
<variable identifier="SCORE"/>
<variable identifier="MAXSCORE"/>
</equal>
<setOutcomeValue identifier="FEEDBACK">
<baseValue baseType="identifier">ANSWER_CORRECT</baseValue>
</setOutcomeValue>
</responseIf>
<responseElse>
<setOutcomeValue identifier="FEEDBACK">
<baseValue baseType="identifier">FAILURE</baseValue>
</setOutcomeValue>
</responseElse>
</responseCondition>
</responseElse>
</responseCondition>
</responseProcessing>
<modalFeedback identifier="FAILURE" outcomeIdentifier="FEEDBACK" showHide="show">
<div class="textblock tvblock tvcss_1"><div class="rte_zone tveditor1">
<ul>
<li> If the two events have joint outcomes. <br /> If the two events have joint outcomes: Incorrect </li>
<li> If the two events do not have joint outcomes. <br /> If the two events do not have joint outcomes: Correct </li>
<li> If the two events are independent of each other. <br /> If the two events are independent of each other: Incorrect </li>
<li> None of the above answers is correct. <br /> None of the above answers is correct: Incorrect </li>
</ul>
</div>
</div>
</modalFeedback>
<modalFeedback identifier="ANSWER_CORRECT" outcomeIdentifier="FEEDBACK" showHide="show">
<div class="textblock tvblock tvcss_1"><div class="rte_zone tveditor1">
<ul>
<li> If the two events have joint outcomes. <br /> If the two events have joint outcomes: Incorrect </li>
<li> If the two events do not have joint outcomes. <br /> If the two events do not have joint outcomes: Correct </li>
<li> If the two events are independent of each other. <br /> If the two events are independent of each other: Incorrect </li>
<li> None of the above answers is correct. <br /> None of the above answers is correct: Incorrect </li>
</ul>
</div>
</div>
</modalFeedback>
<modalFeedback identifier="PARTIAL_CORRECT" outcomeIdentifier="FEEDBACK" showHide="show">
<div class="textblock tvblock tvcss_1"><div class="rte_zone tveditor1">
<ul>
<li> If the two events have joint outcomes. <br /> If the two events have joint outcomes: Incorrect </li>
<li> If the two events do not have joint outcomes. <br /> If the two events do not have joint outcomes: Correct </li>
<li> If the two events are independent of each other. <br /> If the two events are independent of each other: Incorrect </li>
<li> None of the above answers is correct. <br /> None of the above answers is correct: Incorrect </li>
</ul>
</div>
</div>
</modalFeedback>
</assessmentItem>
