<?xml version="1.0" encoding="UTF-8"?>
<assessmentItem xsi:schemaLocation="http://www.imsglobal.org/xsd/imsqti_v2p1 http://www.imsglobal.org/xsd/qti/qtiv2p1/imsqti_v2p1p1.xsd http://www.w3.org/1998/Math/MathML http://www.w3.org/Math/XMLSchema/mathml2/mathml2.xsd" identifier="vufgb-confidenceintervals-033-en-ans_206221336_section_1_item_1_schoice" title="Inferential_Statistics_vufgb-confidenceintervals-033-en_vufgb-confidenceintervals-033-en_schoice_1" adaptive="false" timeDependent="false" xmlns="http://www.imsglobal.org/xsd/imsqti_v2p1" xmlns:xsi="http://www.w3.org/2001/XMLSchema-instance">
<responseDeclaration identifier="vufgb-confidenceintervals-033-en-ans_206221336_section_1_item_1_schoice_RESPONSE_1_5587546" cardinality="single" baseType="identifier">
<correctResponse>
<value>vufgb-confidenceintervals-033-en-ans_206221336_section_1_item_1_schoice_1_9696234227</value>
</correctResponse>
<mapping defaultValue="0" lowerBound="0.0">
<mapEntry mapKey="vufgb-confidenceintervals-033-en-ans_206221336_section_1_item_1_schoice_1_9696234227" mappedValue="1"/>
<mapEntry mapKey="vufgb-confidenceintervals-033-en-ans_206221336_section_1_item_1_schoice_2_8198138476" mappedValue="0"/>
<mapEntry mapKey="vufgb-confidenceintervals-033-en-ans_206221336_section_1_item_1_schoice_3_2527099725" mappedValue="0"/>
<mapEntry mapKey="vufgb-confidenceintervals-033-en-ans_206221336_section_1_item_1_schoice_4_1325404155" mappedValue="0"/>
</mapping>
</responseDeclaration>
<outcomeDeclaration identifier="SCORE" cardinality="single" baseType="float" normalMaximum="1" normalMinimum="0">
<defaultValue>
<value>0.0</value>
</defaultValue>
</outcomeDeclaration>
<outcomeDeclaration identifier="MAXSCORE" cardinality="single" baseType="float">
<defaultValue>
<value>1</value>
</defaultValue>
</outcomeDeclaration>
<outcomeDeclaration identifier="FEEDBACKBASIC" cardinality="single" baseType="identifier" view="testConstructor">
<defaultValue>
<value>empty</value>
</defaultValue>
</outcomeDeclaration>
<outcomeDeclaration identifier="FEEDBACKMODAL" cardinality="multiple" baseType="identifier" view="testConstructor"/>
<outcomeDeclaration identifier="SOLUTIONMODAL" cardinality="single" baseType="identifier" view="testConstructor"/>
<outcomeDeclaration identifier="MINSCORE" cardinality="single" baseType="float">
<defaultValue>
<value baseType="float">0</value>
</defaultValue>
</outcomeDeclaration>
<outcomeDeclaration identifier="SCORE_RESPONSE_1" cardinality="single" baseType="float">
<defaultValue>
<value>0.0</value>
</defaultValue>
</outcomeDeclaration>
<outcomeDeclaration identifier="MINSCORE_RESPONSE_1" cardinality="single" baseType="float">
<defaultValue>
<value>0.0</value>
</defaultValue>
</outcomeDeclaration>
<itemBody>
<p>Enter:</p>
<p>As the probability level (<em>confidence level</em>) increases, the corresponding confidence interval becomes …….I……. .</p>
<p>When the accuracy of the point estimator increases, the corresponding confidence interval becomes …..II…… .</p>
<choiceInteraction responseIdentifier="vufgb-confidenceintervals-033-en-ans_206221336_section_1_item_1_schoice_RESPONSE_1_5587546" shuffle="false" maxChoices="1">
<simpleChoice identifier="vufgb-confidenceintervals-033-en-ans_206221336_section_1_item_1_schoice_1_9696234227">
<p>
 I: narrower, II: narrower
</p>
</simpleChoice>
<simpleChoice identifier="vufgb-confidenceintervals-033-en-ans_206221336_section_1_item_1_schoice_2_8198138476">
<p>
 I: narrower, II: wider
</p>
</simpleChoice>
<simpleChoice identifier="vufgb-confidenceintervals-033-en-ans_206221336_section_1_item_1_schoice_3_2527099725">
<p>
 I: wider, II: narrower
</p>
</simpleChoice>
<simpleChoice identifier="vufgb-confidenceintervals-033-en-ans_206221336_section_1_item_1_schoice_4_1325404155">
<p>
 I: wider, II: wider
</p>
</simpleChoice>
</choiceInteraction>
</itemBody>
<responseProcessing>
<setOutcomeValue identifier="SCORE_RESPONSE_1">
<sum>
<variable identifier="SCORE_RESPONSE_1"/>
<mapResponse identifier="vufgb-confidenceintervals-033-en-ans_206221336_section_1_item_1_schoice_RESPONSE_1_5587546"/>
</sum>
</setOutcomeValue>
<responseCondition>
<responseIf>
<lt>
<variable identifier="SCORE_RESPONSE_1"/>
<variable identifier="MINSCORE_RESPONSE_1"/>
</lt>
<setOutcomeValue identifier="SCORE_RESPONSE_1">
<variable identifier="MINSCORE_RESPONSE_1"/>
</setOutcomeValue>
</responseIf>
</responseCondition>
<responseCondition>
<responseIf>
<isNull>
<variable identifier="vufgb-confidenceintervals-033-en-ans_206221336_section_1_item_1_schoice_RESPONSE_1_5587546"/>
</isNull>
<setOutcomeValue identifier="SCORE_RESPONSE_1">
<sum>
<variable identifier="SCORE_RESPONSE_1"/>
<baseValue baseType="float">0</baseValue>
</sum>
</setOutcomeValue>
</responseIf>
</responseCondition>
<setOutcomeValue identifier="SCORE">
<sum>
<variable identifier="SCORE_RESPONSE_1"/>
</sum>
</setOutcomeValue>
<responseCondition>
<responseIf>
<lt>
<variable identifier="SCORE"/>
<variable identifier="MINSCORE"/>
</lt>
<setOutcomeValue identifier="SCORE">
<variable identifier="MINSCORE"/>
</setOutcomeValue>
</responseIf>
</responseCondition>
<responseCondition>
<responseIf>
<lt>
<variable identifier="SCORE"/>
<baseValue baseType="float">1</baseValue>
</lt>
<setOutcomeValue identifier="FEEDBACKMODAL">
<multiple>
<variable identifier="FEEDBACKMODAL"/>
<baseValue baseType="identifier">Feedback106424310</baseValue>
</multiple>
</setOutcomeValue>
</responseIf>
</responseCondition>
</responseProcessing>
<modalFeedback outcomeIdentifier="FEEDBACK" showHide="show" identifier="incorrect">
<ul>
<li> I: narrower, II: narrower <br /> Correct </li>
<li> I: narrower, II: wider <br /> Incorrect </li>
<li> I: wider, II: narrower <br /> Incorrect </li>
<li> I: wider, II: wider <br /> Incorrect </li>
</ul>
</modalFeedback>
</assessmentItem>
