<?xml version="1.0" encoding="UTF-8"?>
<assessmentItem xsi:schemaLocation="http://www.imsglobal.org/xsd/imsqti_v2p1 http://www.imsglobal.org/xsd/qti/qtiv2p1/imsqti_v2p1p1.xsd http://www.w3.org/1998/Math/MathML http://www.w3.org/Math/XMLSchema/mathml2/mathml2.xsd" identifier="vufsw-probability-2004-nl-ans_537871333_section_1_item_1_schoice" title="Probability_vufsw-probability-2004-nl_vufsw-probability-2004-nl_schoice_1" adaptive="false" timeDependent="false" xmlns="http://www.imsglobal.org/xsd/imsqti_v2p1" xmlns:xsi="http://www.w3.org/2001/XMLSchema-instance">
<responseDeclaration identifier="vufsw-probability-2004-nl-ans_537871333_section_1_item_1_schoice_RESPONSE_1_1256201" cardinality="single" baseType="identifier">
<correctResponse>
<value>vufsw-probability-2004-nl-ans_537871333_section_1_item_1_schoice_1_9403891750</value>
</correctResponse>
<mapping defaultValue="0" lowerBound="0.0">
<mapEntry mapKey="vufsw-probability-2004-nl-ans_537871333_section_1_item_1_schoice_1_9403891750" mappedValue="1"/>
<mapEntry mapKey="vufsw-probability-2004-nl-ans_537871333_section_1_item_1_schoice_2_2645660202" mappedValue="0"/>
<mapEntry mapKey="vufsw-probability-2004-nl-ans_537871333_section_1_item_1_schoice_3_5975817210" mappedValue="0"/>
<mapEntry mapKey="vufsw-probability-2004-nl-ans_537871333_section_1_item_1_schoice_4_3400261011" mappedValue="0"/>
</mapping>
</responseDeclaration>
<outcomeDeclaration identifier="SCORE" cardinality="single" baseType="float" normalMaximum="1" normalMinimum="0">
<defaultValue>
<value>0.0</value>
</defaultValue>
</outcomeDeclaration>
<outcomeDeclaration identifier="MAXSCORE" cardinality="single" baseType="float">
<defaultValue>
<value>1</value>
</defaultValue>
</outcomeDeclaration>
<outcomeDeclaration identifier="FEEDBACKBASIC" cardinality="single" baseType="identifier" view="testConstructor">
<defaultValue>
<value>empty</value>
</defaultValue>
</outcomeDeclaration>
<outcomeDeclaration identifier="FEEDBACKMODAL" cardinality="multiple" baseType="identifier" view="testConstructor"/>
<outcomeDeclaration identifier="SOLUTIONMODAL" cardinality="single" baseType="identifier" view="testConstructor"/>
<outcomeDeclaration identifier="MINSCORE" cardinality="single" baseType="float">
<defaultValue>
<value baseType="float">0</value>
</defaultValue>
</outcomeDeclaration>
<outcomeDeclaration identifier="SCORE_RESPONSE_1" cardinality="single" baseType="float">
<defaultValue>
<value>0.0</value>
</defaultValue>
</outcomeDeclaration>
<outcomeDeclaration identifier="MINSCORE_RESPONSE_1" cardinality="single" baseType="float">
<defaultValue>
<value>0.0</value>
</defaultValue>
</outcomeDeclaration>
<itemBody>
<p>In een enquête is aan studenten gevraagd of ze het eens zijn met de
stelling dat de lessen na Corona zoveel mogelijk online moeten blijven.
Onderstaande – fictieve en onvolledige – tabel toont de antwoorden,
uitgesplitst naar mannelijke en vrouwelijke studenten.</p>
<p>Welk percentage vrouwelijke studenten is het <strong>helemaal oneens</strong> met de
stelling?</p>
<p><img src="vufsw-probability-2004-nl.png.png" /></p>
<choiceInteraction responseIdentifier="vufsw-probability-2004-nl-ans_537871333_section_1_item_1_schoice_RESPONSE_1_1256201" shuffle="false" maxChoices="1">
<simpleChoice identifier="vufsw-probability-2004-nl-ans_537871333_section_1_item_1_schoice_1_9403891750">
<p>
 50%
</p>
</simpleChoice>
<simpleChoice identifier="vufsw-probability-2004-nl-ans_537871333_section_1_item_1_schoice_2_2645660202">
<p>
 30%
</p>
</simpleChoice>
<simpleChoice identifier="vufsw-probability-2004-nl-ans_537871333_section_1_item_1_schoice_3_5975817210">
<p>
 28%
</p>
</simpleChoice>
<simpleChoice identifier="vufsw-probability-2004-nl-ans_537871333_section_1_item_1_schoice_4_3400261011">
<p>
 25%
</p>
</simpleChoice>
</choiceInteraction>
</itemBody>
<responseProcessing>
<setOutcomeValue identifier="SCORE_RESPONSE_1">
<sum>
<variable identifier="SCORE_RESPONSE_1"/>
<mapResponse identifier="vufsw-probability-2004-nl-ans_537871333_section_1_item_1_schoice_RESPONSE_1_1256201"/>
</sum>
</setOutcomeValue>
<responseCondition>
<responseIf>
<lt>
<variable identifier="SCORE_RESPONSE_1"/>
<variable identifier="MINSCORE_RESPONSE_1"/>
</lt>
<setOutcomeValue identifier="SCORE_RESPONSE_1">
<variable identifier="MINSCORE_RESPONSE_1"/>
</setOutcomeValue>
</responseIf>
</responseCondition>
<responseCondition>
<responseIf>
<isNull>
<variable identifier="vufsw-probability-2004-nl-ans_537871333_section_1_item_1_schoice_RESPONSE_1_1256201"/>
</isNull>
<setOutcomeValue identifier="SCORE_RESPONSE_1">
<sum>
<variable identifier="SCORE_RESPONSE_1"/>
<baseValue baseType="float">0</baseValue>
</sum>
</setOutcomeValue>
</responseIf>
</responseCondition>
<setOutcomeValue identifier="SCORE">
<sum>
<variable identifier="SCORE_RESPONSE_1"/>
</sum>
</setOutcomeValue>
<responseCondition>
<responseIf>
<lt>
<variable identifier="SCORE"/>
<variable identifier="MINSCORE"/>
</lt>
<setOutcomeValue identifier="SCORE">
<variable identifier="MINSCORE"/>
</setOutcomeValue>
</responseIf>
</responseCondition>
<responseCondition>
<responseIf>
<lt>
<variable identifier="SCORE"/>
<baseValue baseType="float">1</baseValue>
</lt>
<setOutcomeValue identifier="FEEDBACKMODAL">
<multiple>
<variable identifier="FEEDBACKMODAL"/>
<baseValue baseType="identifier">Feedback357501555</baseValue>
</multiple>
</setOutcomeValue>
</responseIf>
</responseCondition>
</responseProcessing>
<modalFeedback outcomeIdentifier="FEEDBACK" showHide="show" identifier="incorrect">
<ul>
<li> 50% <br /> True </li>
<li> 30% <br /> False </li>
<li> 28% <br /> False </li>
<li> 25% <br /> False </li>
</ul>
</modalFeedback>
</assessmentItem>
