<?xml version="1.0" encoding="UTF-8"?>
<assessmentItem xsi:schemaLocation="http://www.imsglobal.org/xsd/imsqti_v2p1 http://www.imsglobal.org/xsd/qti/qtiv2p1/imsqti_v2p1p1.xsd http://www.w3.org/1998/Math/MathML http://www.w3.org/Math/XMLSchema/mathml2/mathml2.xsd" identifier="eur-validity-206-nl-qti_199477160_section_1_item_1_schoice" title="1" adaptive="false" timeDependent="false" xmlns="http://www.imsglobal.org/xsd/imsqti_v2p1" xmlns:xsi="http://www.w3.org/2001/XMLSchema-instance">
<responseDeclaration identifier="eur-validity-206-nl-qti_199477160_section_1_item_1_schoice_RESPONSE_1_9276270" cardinality="single" baseType="identifier">
<correctResponse>
<value>eur-validity-206-nl-qti_199477160_section_1_item_1_schoice_2_8260325630</value>
</correctResponse>
<mapping defaultValue="0" lowerBound="0.0">
<mapEntry mapKey="eur-validity-206-nl-qti_199477160_section_1_item_1_schoice_1_4241925561" mappedValue="0"/>
<mapEntry mapKey="eur-validity-206-nl-qti_199477160_section_1_item_1_schoice_2_8260325630" mappedValue="1"/>
<mapEntry mapKey="eur-validity-206-nl-qti_199477160_section_1_item_1_schoice_3_7740417656" mappedValue="0"/>
<mapEntry mapKey="eur-validity-206-nl-qti_199477160_section_1_item_1_schoice_4_8483922715" mappedValue="0"/>
</mapping>
</responseDeclaration>
<outcomeDeclaration identifier="SCORE" cardinality="single" baseType="float" normalMaximum="1" normalMinimum="0">
<defaultValue>
<value>0.0</value>
</defaultValue>
</outcomeDeclaration>
<outcomeDeclaration identifier="MAXSCORE" cardinality="single" baseType="float">
<defaultValue>
<value>1</value>
</defaultValue>
</outcomeDeclaration>
<outcomeDeclaration identifier="FEEDBACKBASIC" cardinality="single" baseType="identifier" view="testConstructor">
<defaultValue>
<value>empty</value>
</defaultValue>
</outcomeDeclaration>
<outcomeDeclaration identifier="FEEDBACKMODAL" cardinality="multiple" baseType="identifier" view="testConstructor"/>
<outcomeDeclaration identifier="MINSCORE" cardinality="single" baseType="float">
<defaultValue>
<value baseType="float">0</value>
</defaultValue>
</outcomeDeclaration>
<outcomeDeclaration identifier="SCORE_RESPONSE_1" cardinality="single" baseType="float">
<defaultValue>
<value>0.0</value>
</defaultValue>
</outcomeDeclaration>
<outcomeDeclaration identifier="MINSCORE_RESPONSE_1" cardinality="single" baseType="float">
<defaultValue>
<value>0.0</value>
</defaultValue>
</outcomeDeclaration>
<itemBody>
<p>Twee onderzoekers in een TBS kliniek bediscussiëren het effect van malingenering op de betrouwbaarheid en de validiteit van een test die gebruikt wordt om een succesvolle terugkeer in de maatschappij te voorspellen. De patiënten vulden namelijk bij alle 5-punt Likert stellingen een 3 in.</p>
<p>Wat kun je in dit geval stellen over de betrouwbaarheid en de validiteit ?</p>
<choiceInteraction responseIdentifier="eur-validity-206-nl-qti_199477160_section_1_item_1_schoice_RESPONSE_1_9276270" shuffle="false" maxChoices="1">
<simpleChoice identifier="eur-validity-206-nl-qti_199477160_section_1_item_1_schoice_1_4241925561">
<p>
a. Omdat de malingering vooral leidt tot niet-systematische variantie, zal de betrouwbaarheid positief beïnvloed worden. De validiteit wordt ook positief beïnvloed.
</p>
</simpleChoice>
<simpleChoice identifier="eur-validity-206-nl-qti_199477160_section_1_item_1_schoice_2_8260325630">
<p>
b. Omdat de malingering vooral leidt tot systematische variantie, zal de betrouwbaarheid positief beïnvloed worden. De validiteit wordt echter negatief beïnvloed.
</p>
</simpleChoice>
<simpleChoice identifier="eur-validity-206-nl-qti_199477160_section_1_item_1_schoice_3_7740417656">
<p>
c. Omdat de malingering vooral leidt tot niet-systematische variantie, zal de betrouwbaarheid negatief beïnvloed worden. De validiteit wordt ook negatief beïnvloed.
</p>
</simpleChoice>
<simpleChoice identifier="eur-validity-206-nl-qti_199477160_section_1_item_1_schoice_4_8483922715">
<p>
d. Omdat de malingering vooral leidt tot systematische variantie, zal de betrouwbaarheid negatief beïnvloed worden. De validiteit wordt ook negatief beïnvloed.
</p>
</simpleChoice>
</choiceInteraction>
</itemBody>
<responseProcessing>
<responseCondition>
<responseIf>
<isNull>
<variable identifier="eur-validity-206-nl-qti_199477160_section_1_item_1_schoice_RESPONSE_1_9276270"/>
</isNull>
<setOutcomeValue identifier="SCORE_RESPONSE_1">
<sum>
<variable identifier="SCORE_RESPONSE_1"/>
<baseValue baseType="float">0</baseValue>
</sum>
</setOutcomeValue>
</responseIf>
</responseCondition>
<setOutcomeValue identifier="SCORE_RESPONSE_1">
<sum>
<variable identifier="SCORE_RESPONSE_1"/>
<mapResponse identifier="eur-validity-206-nl-qti_199477160_section_1_item_1_schoice_RESPONSE_1_9276270"/>
</sum>
</setOutcomeValue>
<responseCondition>
<responseIf>
<lt>
<variable identifier="SCORE_RESPONSE_1"/>
<variable identifier="MINSCORE_RESPONSE_1"/>
</lt>
<setOutcomeValue identifier="SCORE_RESPONSE_1">
<variable identifier="MINSCORE_RESPONSE_1"/>
</setOutcomeValue>
</responseIf>
</responseCondition>
<setOutcomeValue identifier="SCORE">
<sum>
<variable identifier="SCORE_RESPONSE_1"/>
</sum>
</setOutcomeValue>
<responseCondition>
<responseIf>
<lt>
<variable identifier="SCORE"/>
<variable identifier="MINSCORE"/>
</lt>
<setOutcomeValue identifier="SCORE">
<variable identifier="MINSCORE"/>
</setOutcomeValue>
</responseIf>
</responseCondition>
<responseCondition>
<responseIf>
<lt>
<variable identifier="SCORE"/>
<baseValue baseType="float">1</baseValue>
</lt>
<setOutcomeValue identifier="FEEDBACKMODAL">
<multiple>
<variable identifier="FEEDBACKMODAL"/>
<baseValue baseType="identifier">Feedback600251642</baseValue>
</multiple>
</setOutcomeValue>
</responseIf>
</responseCondition>
</responseProcessing>
<modalFeedback identifier="Feedback600251642" outcomeIdentifier="FEEDBACKMODAL" showHide="show">
<p>Since most of the patients chose the same answer category for most items, their malingering leads to systematic variance which increases the reliability estimate. The validity of their test scores is negatively influenced by their malingering since their scores do not reflect their true successful rehabilitation.</p>
<br />
<ol type = "a">
<li> Omdat de malingering vooral leidt tot niet-systematische variantie, zal de betrouwbaarheid positief beïnvloed worden. De validiteit wordt ook positief beïnvloed. <br /> Fout </li>
<li> Omdat de malingering vooral leidt tot systematische variantie, zal de betrouwbaarheid positief beïnvloed worden. De validiteit wordt echter negatief beïnvloed. <br /> Goed </li>
<li> Omdat de malingering vooral leidt tot niet-systematische variantie, zal de betrouwbaarheid negatief beïnvloed worden. De validiteit wordt ook negatief beïnvloed. <br /> Fout </li>
<li> Omdat de malingering vooral leidt tot systematische variantie, zal de betrouwbaarheid negatief beïnvloed worden. De validiteit wordt ook negatief beïnvloed. <br /> Fout </li>
</ol>
</modalFeedback>
</assessmentItem>
