<?xml version="1.0" encoding="UTF-8"?>
<assessmentItem xsi:schemaLocation="http://www.imsglobal.org/xsd/imsqti_v2p1 http://www.imsglobal.org/xsd/qti/qtiv2p1/imsqti_v2p1p1.xsd http://www.w3.org/1998/Math/MathML http://www.w3.org/Math/XMLSchema/mathml2/mathml2.xsd" identifier="vufgb-standarddeviation-005-nl-ans_735367322_section_1_item_1_schoice" title="Descriptive-statistics_vufgb-standarddeviation-005-nl_vufgb-standarddeviation-005-nl_schoice_1" adaptive="false" timeDependent="false" xmlns="http://www.imsglobal.org/xsd/imsqti_v2p1" xmlns:xsi="http://www.w3.org/2001/XMLSchema-instance">
<responseDeclaration identifier="vufgb-standarddeviation-005-nl-ans_735367322_section_1_item_1_schoice_RESPONSE_1_6173911" cardinality="single" baseType="identifier">
<correctResponse>
<value>vufgb-standarddeviation-005-nl-ans_735367322_section_1_item_1_schoice_1_3964177196</value>
</correctResponse>
<mapping defaultValue="0" lowerBound="0.0">
<mapEntry mapKey="vufgb-standarddeviation-005-nl-ans_735367322_section_1_item_1_schoice_1_3964177196" mappedValue="1"/>
<mapEntry mapKey="vufgb-standarddeviation-005-nl-ans_735367322_section_1_item_1_schoice_2_9708636979" mappedValue="0"/>
<mapEntry mapKey="vufgb-standarddeviation-005-nl-ans_735367322_section_1_item_1_schoice_3_7313270773" mappedValue="0"/>
<mapEntry mapKey="vufgb-standarddeviation-005-nl-ans_735367322_section_1_item_1_schoice_4_4589627764" mappedValue="0"/>
</mapping>
</responseDeclaration>
<outcomeDeclaration identifier="SCORE" cardinality="single" baseType="float" normalMaximum="1" normalMinimum="0">
<defaultValue>
<value>0.0</value>
</defaultValue>
</outcomeDeclaration>
<outcomeDeclaration identifier="MAXSCORE" cardinality="single" baseType="float">
<defaultValue>
<value>1</value>
</defaultValue>
</outcomeDeclaration>
<outcomeDeclaration identifier="FEEDBACKBASIC" cardinality="single" baseType="identifier" view="testConstructor">
<defaultValue>
<value>empty</value>
</defaultValue>
</outcomeDeclaration>
<outcomeDeclaration identifier="FEEDBACKMODAL" cardinality="multiple" baseType="identifier" view="testConstructor"/>
<outcomeDeclaration identifier="SOLUTIONMODAL" cardinality="single" baseType="identifier" view="testConstructor"/>
<outcomeDeclaration identifier="MINSCORE" cardinality="single" baseType="float">
<defaultValue>
<value baseType="float">0</value>
</defaultValue>
</outcomeDeclaration>
<outcomeDeclaration identifier="SCORE_RESPONSE_1" cardinality="single" baseType="float">
<defaultValue>
<value>0.0</value>
</defaultValue>
</outcomeDeclaration>
<outcomeDeclaration identifier="MINSCORE_RESPONSE_1" cardinality="single" baseType="float">
<defaultValue>
<value>0.0</value>
</defaultValue>
</outcomeDeclaration>
<itemBody>
<p>Een onderzoeker meet de Emotionele Stabiliteit van <strong>Artificial Intelligence</strong> studenten met behulp van een persoonlijkheidstest. Ze ontvangt de volgende dataset: 2, 4, 3, 5, 4, 3, 1. Bereken de <strong>steekproefstandaarddeviatie</strong> van deze scores:</p>
<choiceInteraction responseIdentifier="vufgb-standarddeviation-005-nl-ans_735367322_section_1_item_1_schoice_RESPONSE_1_6173911" shuffle="false" maxChoices="1">
<simpleChoice identifier="vufgb-standarddeviation-005-nl-ans_735367322_section_1_item_1_schoice_1_3964177196">
<p>
 1.35
</p>
</simpleChoice>
<simpleChoice identifier="vufgb-standarddeviation-005-nl-ans_735367322_section_1_item_1_schoice_2_9708636979">
<p>
 1.55
</p>
</simpleChoice>
<simpleChoice identifier="vufgb-standarddeviation-005-nl-ans_735367322_section_1_item_1_schoice_3_7313270773">
<p>
 1.25
</p>
</simpleChoice>
<simpleChoice identifier="vufgb-standarddeviation-005-nl-ans_735367322_section_1_item_1_schoice_4_4589627764">
<p>
 1.81
</p>
</simpleChoice>
</choiceInteraction>
</itemBody>
<responseProcessing>
<setOutcomeValue identifier="SCORE_RESPONSE_1">
<sum>
<variable identifier="SCORE_RESPONSE_1"/>
<mapResponse identifier="vufgb-standarddeviation-005-nl-ans_735367322_section_1_item_1_schoice_RESPONSE_1_6173911"/>
</sum>
</setOutcomeValue>
<responseCondition>
<responseIf>
<lt>
<variable identifier="SCORE_RESPONSE_1"/>
<variable identifier="MINSCORE_RESPONSE_1"/>
</lt>
<setOutcomeValue identifier="SCORE_RESPONSE_1">
<variable identifier="MINSCORE_RESPONSE_1"/>
</setOutcomeValue>
</responseIf>
</responseCondition>
<responseCondition>
<responseIf>
<isNull>
<variable identifier="vufgb-standarddeviation-005-nl-ans_735367322_section_1_item_1_schoice_RESPONSE_1_6173911"/>
</isNull>
<setOutcomeValue identifier="SCORE_RESPONSE_1">
<sum>
<variable identifier="SCORE_RESPONSE_1"/>
<baseValue baseType="float">0</baseValue>
</sum>
</setOutcomeValue>
</responseIf>
</responseCondition>
<setOutcomeValue identifier="SCORE">
<sum>
<variable identifier="SCORE_RESPONSE_1"/>
</sum>
</setOutcomeValue>
<responseCondition>
<responseIf>
<lt>
<variable identifier="SCORE"/>
<variable identifier="MINSCORE"/>
</lt>
<setOutcomeValue identifier="SCORE">
<variable identifier="MINSCORE"/>
</setOutcomeValue>
</responseIf>
</responseCondition>
<responseCondition>
<responseIf>
<lt>
<variable identifier="SCORE"/>
<baseValue baseType="float">1</baseValue>
</lt>
<setOutcomeValue identifier="FEEDBACKMODAL">
<multiple>
<variable identifier="FEEDBACKMODAL"/>
<baseValue baseType="identifier">Feedback908917079</baseValue>
</multiple>
</setOutcomeValue>
</responseIf>
</responseCondition>
</responseProcessing>
<modalFeedback outcomeIdentifier="FEEDBACK" showHide="show" identifier="incorrect">
<ul>
<li> 1.35 <br /> Correct </li>
<li> 1.55 <br /> Incorrect </li>
<li> 1.25 <br /> Incorrect </li>
<li> 1.81 <br /> Incorrect </li>
</ul>
</modalFeedback>
</assessmentItem>
