<?xml version="1.0" encoding="UTF-8"?>
<assessmentItem xsi:schemaLocation="http://www.imsglobal.org/xsd/imsqti_v2p1 http://www.imsglobal.org/xsd/qti/qtiv2p1/imsqti_v2p1p1.xsd http://www.w3.org/1998/Math/MathML http://www.w3.org/Math/XMLSchema/mathml2/mathml2.xsd" identifier="uva-two-sided-hypothesis-1724-en-qti_911695845_section_1_item_1_schoice" title="1" adaptive="false" timeDependent="false" xmlns="http://www.imsglobal.org/xsd/imsqti_v2p1" xmlns:xsi="http://www.w3.org/2001/XMLSchema-instance">
<responseDeclaration identifier="uva-two-sided-hypothesis-1724-en-qti_911695845_section_1_item_1_schoice_RESPONSE_1_1598598" cardinality="single" baseType="identifier">
<correctResponse>
<value>uva-two-sided-hypothesis-1724-en-qti_911695845_section_1_item_1_schoice_2_4318046390</value>
</correctResponse>
<mapping defaultValue="0" lowerBound="0.0">
<mapEntry mapKey="uva-two-sided-hypothesis-1724-en-qti_911695845_section_1_item_1_schoice_1_1810833767" mappedValue="0"/>
<mapEntry mapKey="uva-two-sided-hypothesis-1724-en-qti_911695845_section_1_item_1_schoice_2_4318046390" mappedValue="1"/>
<mapEntry mapKey="uva-two-sided-hypothesis-1724-en-qti_911695845_section_1_item_1_schoice_3_5565387938" mappedValue="0"/>
</mapping>
</responseDeclaration>
<outcomeDeclaration identifier="SCORE" cardinality="single" baseType="float" normalMaximum="1" normalMinimum="0">
<defaultValue>
<value>0.0</value>
</defaultValue>
</outcomeDeclaration>
<outcomeDeclaration identifier="MAXSCORE" cardinality="single" baseType="float">
<defaultValue>
<value>1</value>
</defaultValue>
</outcomeDeclaration>
<outcomeDeclaration identifier="FEEDBACKBASIC" cardinality="single" baseType="identifier" view="testConstructor">
<defaultValue>
<value>empty</value>
</defaultValue>
</outcomeDeclaration>
<outcomeDeclaration identifier="FEEDBACKMODAL" cardinality="multiple" baseType="identifier" view="testConstructor"/>
<outcomeDeclaration identifier="SOLUTIONMODAL" cardinality="single" baseType="identifier" view="testConstructor"/>
<outcomeDeclaration identifier="MINSCORE" cardinality="single" baseType="float">
<defaultValue>
<value baseType="float">0</value>
</defaultValue>
</outcomeDeclaration>
<outcomeDeclaration identifier="SCORE_RESPONSE_1" cardinality="single" baseType="float">
<defaultValue>
<value>0.0</value>
</defaultValue>
</outcomeDeclaration>
<outcomeDeclaration identifier="MINSCORE_RESPONSE_1" cardinality="single" baseType="float">
<defaultValue>
<value>0.0</value>
</defaultValue>
</outcomeDeclaration>
<itemBody>
<p>In a survey with a random sample of 61 people, people were asked whether people agreed with the judge’s ruling in the case of Wilders. In that case, the judge ruled that his film did not incite hatred or violence against Muslims. The percentage of people who agreed with the judge’s ruling was 25%. The researchers wanted know if the percentage in the population was greater than 20%. To that end the researchers set up a null hypothesis stating that the percentage of people who agree with the judge is 20%. The P-value under this test is</p>
<choiceInteraction responseIdentifier="uva-two-sided-hypothesis-1724-en-qti_911695845_section_1_item_1_schoice_RESPONSE_1_1598598" shuffle="false" maxChoices="1">
<simpleChoice identifier="uva-two-sided-hypothesis-1724-en-qti_911695845_section_1_item_1_schoice_1_1810833767">
<p>
 0.1148
</p>
</simpleChoice>
<simpleChoice identifier="uva-two-sided-hypothesis-1724-en-qti_911695845_section_1_item_1_schoice_2_4318046390">
<p>
 0.1645
</p>
</simpleChoice>
<simpleChoice identifier="uva-two-sided-hypothesis-1724-en-qti_911695845_section_1_item_1_schoice_3_5565387938">
<p>
 0.1967
</p>
</simpleChoice>
</choiceInteraction>
</itemBody>
<responseProcessing>
<setOutcomeValue identifier="SCORE_RESPONSE_1">
<sum>
<variable identifier="SCORE_RESPONSE_1"/>
<mapResponse identifier="uva-two-sided-hypothesis-1724-en-qti_911695845_section_1_item_1_schoice_RESPONSE_1_1598598"/>
</sum>
</setOutcomeValue>
<responseCondition>
<responseIf>
<lt>
<variable identifier="SCORE_RESPONSE_1"/>
<variable identifier="MINSCORE_RESPONSE_1"/>
</lt>
<setOutcomeValue identifier="SCORE_RESPONSE_1">
<variable identifier="MINSCORE_RESPONSE_1"/>
</setOutcomeValue>
</responseIf>
</responseCondition>
<responseCondition>
<responseIf>
<isNull>
<variable identifier="uva-two-sided-hypothesis-1724-en-qti_911695845_section_1_item_1_schoice_RESPONSE_1_1598598"/>
</isNull>
<setOutcomeValue identifier="SCORE_RESPONSE_1">
<sum>
<variable identifier="SCORE_RESPONSE_1"/>
<baseValue baseType="float">0</baseValue>
</sum>
</setOutcomeValue>
</responseIf>
</responseCondition>
<setOutcomeValue identifier="SCORE">
<sum>
<variable identifier="SCORE_RESPONSE_1"/>
</sum>
</setOutcomeValue>
<responseCondition>
<responseIf>
<lt>
<variable identifier="SCORE"/>
<variable identifier="MINSCORE"/>
</lt>
<setOutcomeValue identifier="SCORE">
<variable identifier="MINSCORE"/>
</setOutcomeValue>
</responseIf>
</responseCondition>
<responseCondition>
<responseIf>
<lt>
<variable identifier="SCORE"/>
<baseValue baseType="float">1</baseValue>
</lt>
<setOutcomeValue identifier="FEEDBACKMODAL">
<multiple>
<variable identifier="FEEDBACKMODAL"/>
<baseValue baseType="identifier">Feedback197200504</baseValue>
</multiple>
</setOutcomeValue>
</responseIf>
</responseCondition>
</responseProcessing>
<modalFeedback identifier="Feedback197200504" outcomeIdentifier="FEEDBACKMODAL" showHide="show">
<ul>
<li> 0.1148 <br /> 0.1148: Incorrect </li>
<li> 0.1645 <br /> 0.1645: Correct </li>
<li> 0.1967 <br /> 0.1967: Incorrect </li>
</ul>
</modalFeedback>
</assessmentItem>
