<?xml version="1.0" encoding="UTF-8"?>
<assessmentItem xsi:schemaLocation="http://www.imsglobal.org/xsd/imsqti_v2p1 http://www.imsglobal.org/xsd/qti/qtiv2p1/imsqti_v2p1p1.xsd http://www.w3.org/1998/Math/MathML http://www.w3.org/Math/XMLSchema/mathml2/mathml2.xsd" identifier="vufsw-residuals-0037-nl-qti_771415170_section_1_item_1_schoice" title="1" adaptive="false" timeDependent="false" xmlns="http://www.imsglobal.org/xsd/imsqti_v2p1" xmlns:xsi="http://www.w3.org/2001/XMLSchema-instance">
<responseDeclaration identifier="vufsw-residuals-0037-nl-qti_771415170_section_1_item_1_schoice_RESPONSE_1_3707937" cardinality="single" baseType="identifier">
<correctResponse>
<value>vufsw-residuals-0037-nl-qti_771415170_section_1_item_1_schoice_5_8438603445</value>
</correctResponse>
<mapping defaultValue="0" lowerBound="0.0">
<mapEntry mapKey="vufsw-residuals-0037-nl-qti_771415170_section_1_item_1_schoice_1_8015859039" mappedValue="0"/>
<mapEntry mapKey="vufsw-residuals-0037-nl-qti_771415170_section_1_item_1_schoice_2_6508759761" mappedValue="0"/>
<mapEntry mapKey="vufsw-residuals-0037-nl-qti_771415170_section_1_item_1_schoice_3_5105176495" mappedValue="0"/>
<mapEntry mapKey="vufsw-residuals-0037-nl-qti_771415170_section_1_item_1_schoice_4_6672811159" mappedValue="0"/>
<mapEntry mapKey="vufsw-residuals-0037-nl-qti_771415170_section_1_item_1_schoice_5_8438603445" mappedValue="1"/>
</mapping>
</responseDeclaration>
<outcomeDeclaration identifier="SCORE" cardinality="single" baseType="float" normalMaximum="1" normalMinimum="0">
<defaultValue>
<value>0.0</value>
</defaultValue>
</outcomeDeclaration>
<outcomeDeclaration identifier="MAXSCORE" cardinality="single" baseType="float">
<defaultValue>
<value>1</value>
</defaultValue>
</outcomeDeclaration>
<outcomeDeclaration identifier="FEEDBACKBASIC" cardinality="single" baseType="identifier" view="testConstructor">
<defaultValue>
<value>empty</value>
</defaultValue>
</outcomeDeclaration>
<outcomeDeclaration identifier="FEEDBACKMODAL" cardinality="multiple" baseType="identifier" view="testConstructor"/>
<outcomeDeclaration identifier="MINSCORE" cardinality="single" baseType="float">
<defaultValue>
<value baseType="float">0</value>
</defaultValue>
</outcomeDeclaration>
<outcomeDeclaration identifier="SCORE_RESPONSE_1" cardinality="single" baseType="float">
<defaultValue>
<value>0.0</value>
</defaultValue>
</outcomeDeclaration>
<outcomeDeclaration identifier="MINSCORE_RESPONSE_1" cardinality="single" baseType="float">
<defaultValue>
<value>0.0</value>
</defaultValue>
</outcomeDeclaration>
<itemBody>
<p>Onderstaande tabel geeft de gegevens van 9 studenten betreft hun
tentamencijfer (Y), gemeten op een schaal van 0 tot 10, en aanwezigheid
bij college (X), gemeten in aantal gevolgde colleges.<br />
De formule die bij de regressielijn hoort is <strong><em>ŷ</em> = 5,2 +
0,4<em>x</em></strong>.</p>
<p>Wat is het residu van de student die 10 colleges heeft gevolgd en het
tentamencijfer 8,2 heeft gehaald?</p>
<p><img src="Screen__Shot__2019-02-21__at__00.36.04.png"
class="fr-fic fr-dii enlargeimage tvcss_2"
alt="Screen Shot 2019-02-21 at 00.36.04" /></p>
<choiceInteraction responseIdentifier="vufsw-residuals-0037-nl-qti_771415170_section_1_item_1_schoice_RESPONSE_1_3707937" shuffle="false" maxChoices="1">
<simpleChoice identifier="vufsw-residuals-0037-nl-qti_771415170_section_1_item_1_schoice_1_8015859039">
<p>
a. -0,50
</p>
</simpleChoice>
<simpleChoice identifier="vufsw-residuals-0037-nl-qti_771415170_section_1_item_1_schoice_2_6508759761">
<p>
b. -2,20
</p>
</simpleChoice>
<simpleChoice identifier="vufsw-residuals-0037-nl-qti_771415170_section_1_item_1_schoice_3_5105176495">
<p>
c. -5,15
</p>
</simpleChoice>
<simpleChoice identifier="vufsw-residuals-0037-nl-qti_771415170_section_1_item_1_schoice_4_6672811159">
<p>
d. -1,50
</p>
</simpleChoice>
<simpleChoice identifier="vufsw-residuals-0037-nl-qti_771415170_section_1_item_1_schoice_5_8438603445">
<p>
e. -1,00
</p>
</simpleChoice>
</choiceInteraction>
</itemBody>
<responseProcessing>
<responseCondition>
<responseIf>
<isNull>
<variable identifier="vufsw-residuals-0037-nl-qti_771415170_section_1_item_1_schoice_RESPONSE_1_3707937"/>
</isNull>
<setOutcomeValue identifier="SCORE_RESPONSE_1">
<sum>
<variable identifier="SCORE_RESPONSE_1"/>
<baseValue baseType="float">0</baseValue>
</sum>
</setOutcomeValue>
</responseIf>
</responseCondition>
<setOutcomeValue identifier="SCORE_RESPONSE_1">
<sum>
<variable identifier="SCORE_RESPONSE_1"/>
<mapResponse identifier="vufsw-residuals-0037-nl-qti_771415170_section_1_item_1_schoice_RESPONSE_1_3707937"/>
</sum>
</setOutcomeValue>
<responseCondition>
<responseIf>
<lt>
<variable identifier="SCORE_RESPONSE_1"/>
<variable identifier="MINSCORE_RESPONSE_1"/>
</lt>
<setOutcomeValue identifier="SCORE_RESPONSE_1">
<variable identifier="MINSCORE_RESPONSE_1"/>
</setOutcomeValue>
</responseIf>
</responseCondition>
<setOutcomeValue identifier="SCORE">
<sum>
<variable identifier="SCORE_RESPONSE_1"/>
</sum>
</setOutcomeValue>
<responseCondition>
<responseIf>
<lt>
<variable identifier="SCORE"/>
<variable identifier="MINSCORE"/>
</lt>
<setOutcomeValue identifier="SCORE">
<variable identifier="MINSCORE"/>
</setOutcomeValue>
</responseIf>
</responseCondition>
<responseCondition>
<responseIf>
<lt>
<variable identifier="SCORE"/>
<baseValue baseType="float">1</baseValue>
</lt>
<setOutcomeValue identifier="FEEDBACKMODAL">
<multiple>
<variable identifier="FEEDBACKMODAL"/>
<baseValue baseType="identifier">Feedback675025211</baseValue>
</multiple>
</setOutcomeValue>
</responseIf>
</responseCondition>
</responseProcessing>
<modalFeedback identifier="Feedback675025211" outcomeIdentifier="FEEDBACKMODAL" showHide="show">
<p>Language<br />
Nederlands</p>
<p>M&amp;T Basics of quantitative research<br />
Basics of quantitative research</p>
<p>M&amp;T BIS<br />
Default value</p>
<br />
<ol type = "a">
<li> -0,50 <br /> False </li>
<li> -2,20 <br /> False </li>
<li> -5,15 <br /> False </li>
<li> -1,50 <br /> False </li>
<li> -1,00 <br /> True </li>
</ol>
</modalFeedback>
</assessmentItem>
