<?xml version="1.0" encoding="utf-8" standalone="yes"?>
<assessmentItem identifier="uva-sample-mean-35-en-tv_202510071723_item_1_schoice" title="uva-sample-mean-35-en-tv_202510071723_item_1_schoice_uva-sample-mean-35-en" adaptive="false" timeDependent="false" toolName="Testvision Online" toolVersion="39.0.9084" xmlns="http://www.imsglobal.org/xsd/imsqti_v2p1">
<responseDeclaration identifier="RESPONSE" cardinality="single" baseType="identifier">
<correctResponse>
<value>alt_208788</value>
</correctResponse>
<mapping defaultValue="0" lowerBound="0.0">
<mapEntry mapKey="alt_154252" mappedValue="-0.5"/>
<mapEntry mapKey="alt_208788" mappedValue="1"/>
<mapEntry mapKey="alt_890185" mappedValue="-0.5"/>
</mapping>
</responseDeclaration>
<outcomeDeclaration identifier="SCORE" cardinality="single" baseType="float" normalMaximum="1" normalMinimum="0" />
<outcomeDeclaration identifier="FEEDBACK" cardinality="single" baseType="identifier" />
<stylesheet href="css/uva-sample-mean-35-en-tv_202510071723_item_1_schoice.css" type="text/css" />
<itemBody>
<p>In the population of psychology students, the variable height has a normal distribution with mean 178.6 cm and standard deviation of 6.0 cm. In a <em>random sample</em> of 36 students, what is the probability of finding a mean height that is less than 176.6?</p>
<choiceInteraction responseIdentifier="RESPONSE" shuffle="false" maxChoices="1">
<simpleChoice identifier="alt_154252">
<div class="textblock tvblock tvcss_1"><div class="rte_zone tveditor1">
 0.000
</div>
</div>
</simpleChoice>
<simpleChoice identifier="alt_208788">
<div class="textblock tvblock tvcss_1"><div class="rte_zone tveditor1">
 0.023
</div>
</div>
</simpleChoice>
<simpleChoice identifier="alt_890185">
<div class="textblock tvblock tvcss_1"><div class="rte_zone tveditor1">
 0.371
</div>
</div>
</simpleChoice>
</choiceInteraction>
</itemBody>
<responseProcessing>
<responseCondition>
<responseIf>
<isNull>
<variable identifier="RESPONSE"/>
</isNull>
<setOutcomeValue identifier="SCORE">
<baseValue baseType="float">0.0</baseValue>
</setOutcomeValue>
<setOutcomeValue identifier="FEEDBACK">
<baseValue baseType="identifier">FAILURE</baseValue>
</setOutcomeValue>
</responseIf>
<responseElse>
<setOutcomeValue identifier="SCORE">
<mapResponse identifier="RESPONSE"/>
</setOutcomeValue>
<responseCondition>
<responseIf>
<equal toleranceMode="relative" tolerance="0.001">
<variable identifier="SCORE"/>
<variable identifier="MAXSCORE"/>
</equal>
<setOutcomeValue identifier="FEEDBACK">
<baseValue baseType="identifier">ANSWER_CORRECT</baseValue>
</setOutcomeValue>
</responseIf>
<responseElse>
<setOutcomeValue identifier="FEEDBACK">
<baseValue baseType="identifier">FAILURE</baseValue>
</setOutcomeValue>
</responseElse>
</responseCondition>
</responseElse>
</responseCondition>
</responseProcessing>
<modalFeedback identifier="FAILURE" outcomeIdentifier="FEEDBACK" showHide="show">
<div class="textblock tvblock tvcss_1"><div class="rte_zone tveditor1">
<ul>
<li> 0.000 <br /> 0.000: Incorrect </li>
<li> 0.023 <br /> 0.023: Correct </li>
<li> 0.371 <br /> 0.371: Incorrect </li>
</ul>
</div>
</div>
</modalFeedback>
<modalFeedback identifier="ANSWER_CORRECT" outcomeIdentifier="FEEDBACK" showHide="show">
<div class="textblock tvblock tvcss_1"><div class="rte_zone tveditor1">
<ul>
<li> 0.000 <br /> 0.000: Incorrect </li>
<li> 0.023 <br /> 0.023: Correct </li>
<li> 0.371 <br /> 0.371: Incorrect </li>
</ul>
</div>
</div>
</modalFeedback>
<modalFeedback identifier="PARTIAL_CORRECT" outcomeIdentifier="FEEDBACK" showHide="show">
<div class="textblock tvblock tvcss_1"><div class="rte_zone tveditor1">
<ul>
<li> 0.000 <br /> 0.000: Incorrect </li>
<li> 0.023 <br /> 0.023: Correct </li>
<li> 0.371 <br /> 0.371: Incorrect </li>
</ul>
</div>
</div>
</modalFeedback>
</assessmentItem>
