<?xml version="1.0" encoding="UTF-8"?>
<assessmentItem xsi:schemaLocation="http://www.imsglobal.org/xsd/imsqti_v2p1 http://www.imsglobal.org/xsd/qti/qtiv2p1/imsqti_v2p1p1.xsd http://www.w3.org/1998/Math/MathML http://www.w3.org/Math/XMLSchema/mathml2/mathml2.xsd" identifier="uva-independent-samples-means-345-nl-qti_547681125_section_1_item_1_schoice" title="1" adaptive="false" timeDependent="false" xmlns="http://www.imsglobal.org/xsd/imsqti_v2p1" xmlns:xsi="http://www.w3.org/2001/XMLSchema-instance">
<responseDeclaration identifier="uva-independent-samples-means-345-nl-qti_547681125_section_1_item_1_schoice_RESPONSE_1_4324974" cardinality="single" baseType="identifier">
<correctResponse>
<value>uva-independent-samples-means-345-nl-qti_547681125_section_1_item_1_schoice_2_4830872985</value>
</correctResponse>
<mapping defaultValue="0" lowerBound="0.0">
<mapEntry mapKey="uva-independent-samples-means-345-nl-qti_547681125_section_1_item_1_schoice_1_1698945373" mappedValue="0"/>
<mapEntry mapKey="uva-independent-samples-means-345-nl-qti_547681125_section_1_item_1_schoice_2_4830872985" mappedValue="1"/>
<mapEntry mapKey="uva-independent-samples-means-345-nl-qti_547681125_section_1_item_1_schoice_3_4212122826" mappedValue="0"/>
<mapEntry mapKey="uva-independent-samples-means-345-nl-qti_547681125_section_1_item_1_schoice_4_5293039247" mappedValue="0"/>
</mapping>
</responseDeclaration>
<outcomeDeclaration identifier="SCORE" cardinality="single" baseType="float" normalMaximum="1" normalMinimum="0">
<defaultValue>
<value>0.0</value>
</defaultValue>
</outcomeDeclaration>
<outcomeDeclaration identifier="MAXSCORE" cardinality="single" baseType="float">
<defaultValue>
<value>1</value>
</defaultValue>
</outcomeDeclaration>
<outcomeDeclaration identifier="FEEDBACKBASIC" cardinality="single" baseType="identifier" view="testConstructor">
<defaultValue>
<value>empty</value>
</defaultValue>
</outcomeDeclaration>
<outcomeDeclaration identifier="FEEDBACKMODAL" cardinality="multiple" baseType="identifier" view="testConstructor"/>
<outcomeDeclaration identifier="SOLUTIONMODAL" cardinality="single" baseType="identifier" view="testConstructor"/>
<outcomeDeclaration identifier="MINSCORE" cardinality="single" baseType="float">
<defaultValue>
<value baseType="float">0</value>
</defaultValue>
</outcomeDeclaration>
<outcomeDeclaration identifier="SCORE_RESPONSE_1" cardinality="single" baseType="float">
<defaultValue>
<value>0.0</value>
</defaultValue>
</outcomeDeclaration>
<outcomeDeclaration identifier="MINSCORE_RESPONSE_1" cardinality="single" baseType="float">
<defaultValue>
<value>0.0</value>
</defaultValue>
</outcomeDeclaration>
<itemBody>
<p>Uit twee normaal verdeelde populaties zijn twee onafhankelijke
steekproeven getrokken en hieruit is het volgende berekend:<br />
Steekproef 1: n = 7, gemiddelde = 34, variantie = 36<br />
Steekproef 2: n = 5, gemiddelde = 25, variantie = 46. De waarde van de
toetsingsgrootheid voor het toetsen van H<sub>0</sub>: σ<sub>1</sub><sup>2</sup> = σ<sub>2</sub><sup>2</sup> is
gelijk aan</p>
<choiceInteraction responseIdentifier="uva-independent-samples-means-345-nl-qti_547681125_section_1_item_1_schoice_RESPONSE_1_4324974" shuffle="false" maxChoices="1">
<simpleChoice identifier="uva-independent-samples-means-345-nl-qti_547681125_section_1_item_1_schoice_1_1698945373">
<p>
 1.130
</p>
</simpleChoice>
<simpleChoice identifier="uva-independent-samples-means-345-nl-qti_547681125_section_1_item_1_schoice_2_4830872985">
<p>
 1.278
</p>
</simpleChoice>
<simpleChoice identifier="uva-independent-samples-means-345-nl-qti_547681125_section_1_item_1_schoice_3_4212122826">
<p>
 1.360
</p>
</simpleChoice>
<simpleChoice identifier="uva-independent-samples-means-345-nl-qti_547681125_section_1_item_1_schoice_4_5293039247">
<p>
 2.430
</p>
</simpleChoice>
</choiceInteraction>
</itemBody>
<responseProcessing>
<setOutcomeValue identifier="SCORE_RESPONSE_1">
<sum>
<variable identifier="SCORE_RESPONSE_1"/>
<mapResponse identifier="uva-independent-samples-means-345-nl-qti_547681125_section_1_item_1_schoice_RESPONSE_1_4324974"/>
</sum>
</setOutcomeValue>
<responseCondition>
<responseIf>
<lt>
<variable identifier="SCORE_RESPONSE_1"/>
<variable identifier="MINSCORE_RESPONSE_1"/>
</lt>
<setOutcomeValue identifier="SCORE_RESPONSE_1">
<variable identifier="MINSCORE_RESPONSE_1"/>
</setOutcomeValue>
</responseIf>
</responseCondition>
<responseCondition>
<responseIf>
<isNull>
<variable identifier="uva-independent-samples-means-345-nl-qti_547681125_section_1_item_1_schoice_RESPONSE_1_4324974"/>
</isNull>
<setOutcomeValue identifier="SCORE_RESPONSE_1">
<sum>
<variable identifier="SCORE_RESPONSE_1"/>
<baseValue baseType="float">0</baseValue>
</sum>
</setOutcomeValue>
</responseIf>
</responseCondition>
<setOutcomeValue identifier="SCORE">
<sum>
<variable identifier="SCORE_RESPONSE_1"/>
</sum>
</setOutcomeValue>
<responseCondition>
<responseIf>
<lt>
<variable identifier="SCORE"/>
<variable identifier="MINSCORE"/>
</lt>
<setOutcomeValue identifier="SCORE">
<variable identifier="MINSCORE"/>
</setOutcomeValue>
</responseIf>
</responseCondition>
<responseCondition>
<responseIf>
<lt>
<variable identifier="SCORE"/>
<baseValue baseType="float">1</baseValue>
</lt>
<setOutcomeValue identifier="FEEDBACKMODAL">
<multiple>
<variable identifier="FEEDBACKMODAL"/>
<baseValue baseType="identifier">Feedback793798303</baseValue>
</multiple>
</setOutcomeValue>
</responseIf>
</responseCondition>
</responseProcessing>
<modalFeedback identifier="Feedback793798303" outcomeIdentifier="FEEDBACKMODAL" showHide="show">
<ul>
<li> 1.130 <br /> 1.130: Incorrect </li>
<li> 1.278 <br /> 1.278: Correct </li>
<li> 1.360 <br /> 1.360: Incorrect </li>
<li> 2.430 <br /> 2.430: Incorrect </li>
</ul>
</modalFeedback>
</assessmentItem>
