<?xml version="1.0" encoding="utf-8" standalone="yes"?>
<assessmentItem identifier="eur-inferential_statistics-130-en-tv_202601131823_item_1_num" title="eur-inferential_statistics-130-en-tv_202601131823_item_1_num_eur-inferential_statistics-130-en" adaptive="false" timeDependent="false" toolName="Testvision Online" toolVersion="39.0.9084" xmlns="http://www.imsglobal.org/xsd/imsqti_v2p1">
<responseDeclaration identifier="RESPONSE" cardinality="multiple" baseType="float">
<correctResponse>
<value>0.456</value>
<value>0.456;0.456</value>
</correctResponse>
</responseDeclaration>
<outcomeDeclaration identifier="SCORE" cardinality="single" baseType="float" normalMaximum="1" normalMinimum="0" />
<outcomeDeclaration identifier="FEEDBACK" cardinality="single" baseType="identifier" />
<stylesheet href="css/eur-inferential_statistics-130-en-tv_202601131823_item_1_num.css" type="text/css" />
<itemBody>
<p>Research has shown that when people learn words from a foreign language they better remember those words if they first study the words and then test themselves trying to recollect the words, compared to just studying the words twice. A researcher from the institute of psychology wants to know whether this so-called testing effect can be proven to exist in the classroom. She divides a group of 60 students into three groups [condition]. The students in group 1 study a list of 30 French words and their Dutch translation twice (1 = restudy). The students in group 2 study the list of 30 French words and their Dutch translation once and then test themselves (2 = testing). The students in group 3 just study the list of 30 French words and their Dutch translation once without testing themselves (3 = study_once). A week after the study phase, the students took a test where they had to give the Dutch translation of the 30 French words that they studied earlier. The total number of correct translations is represented by the variable score [score]. Additionally, the researcher included for each student his/her French grade [French].</p>
<p>Open the data file.</p>
<p>What is in the model with outcome variable [score], independent variable [condition], and covariate [French], the unstandardized regression coefficient of French grade [French]? (3 decimals)</p>
<p><strong>Download</strong>: <a href="mediafiles/supplements1/eur-inferential_statistics-130-en-data.sav">SPSS file</a>, <a href="mediafiles/supplements1/eur-inferential_statistics-130-en-data.csv">CSV file</a></p>
<extendedTextInteraction responseIdentifier="RESPONSE"/>
</itemBody>
<responseProcessing>
<responseCondition>
<responseIf>
<isNull>
<variable identifier="RESPONSE"/>
</isNull>
<setOutcomeValue identifier="SCORE">
<baseValue baseType="float">0.0</baseValue>
</setOutcomeValue>
<setOutcomeValue identifier="FEEDBACK">
<baseValue baseType="identifier">FAILURE</baseValue>
</setOutcomeValue>
</responseIf>
<responseElse>
<responseCondition>
<responseIf>
<match>
<variable identifier="RESPONSE"/>
<correct identifier="RESPONSE"/>
</match>
<setOutcomeValue identifier="SCORE">
<baseValue baseType="float">1</baseValue>
</setOutcomeValue>
</responseIf>
<responseElse>
<setOutcomeValue identifier="SCORE">
<baseValue baseType="float">0</baseValue>
</setOutcomeValue>
</responseElse>
</responseCondition>
<responseCondition>
<responseIf>
<equal toleranceMode="relative" tolerance="0.001">
<variable identifier="SCORE"/>
<variable identifier="MAXSCORE"/>
</equal>
<setOutcomeValue identifier="FEEDBACK">
<baseValue baseType="identifier">ANSWER_CORRECT</baseValue>
</setOutcomeValue>
</responseIf>
<responseElse>
<setOutcomeValue identifier="FEEDBACK">
<baseValue baseType="identifier">FAILURE</baseValue>
</setOutcomeValue>
</responseElse>
</responseCondition>
</responseElse>
</responseCondition>
</responseProcessing>
<modalFeedback identifier="FAILURE" outcomeIdentifier="FEEDBACK" showHide="show">
<div class="textblock tvblock tvcss_1"><div class="rte_zone tveditor1">
<p>The unstandardized regression coefficient of French grade is 0.456.</p>
</div>
</div>
</modalFeedback>
<modalFeedback identifier="ANSWER_CORRECT" outcomeIdentifier="FEEDBACK" showHide="show">
<div class="textblock tvblock tvcss_1"><div class="rte_zone tveditor1">
<p>The unstandardized regression coefficient of French grade is 0.456.</p>
</div>
</div>
</modalFeedback>
<modalFeedback identifier="PARTIAL_CORRECT" outcomeIdentifier="FEEDBACK" showHide="show">
<div class="textblock tvblock tvcss_1"><div class="rte_zone tveditor1">
<p>The unstandardized regression coefficient of French grade is 0.456.</p>
</div>
</div>
</modalFeedback>
</assessmentItem>
