<?xml version="1.0" encoding="utf-8" standalone="yes"?>
<assessmentItem identifier="uu-reliability-015-nl-tv_202601131824_item_1_schoice" title="uu-reliability-015-nl-tv_202601131824_item_1_schoice_uu-reliability-015-nl.Rmd" adaptive="false" timeDependent="false" toolName="Testvision Online" toolVersion="39.0.9084" xmlns="http://www.imsglobal.org/xsd/imsqti_v2p1">
<responseDeclaration identifier="RESPONSE" cardinality="single" baseType="identifier">
<correctResponse>
<value>alt_897173</value>
</correctResponse>
<mapping defaultValue="0" lowerBound="0.0">
<mapEntry mapKey="alt_736475" mappedValue="-0.333333333333333"/>
<mapEntry mapKey="alt_989400" mappedValue="-0.333333333333333"/>
<mapEntry mapKey="alt_897173" mappedValue="1"/>
<mapEntry mapKey="alt_173820" mappedValue="-0.333333333333333"/>
</mapping>
</responseDeclaration>
<outcomeDeclaration identifier="SCORE" cardinality="single" baseType="float" normalMaximum="1" normalMinimum="0" />
<outcomeDeclaration identifier="FEEDBACK" cardinality="single" baseType="identifier" />
<stylesheet href="css/uu-reliability-015-nl-tv_202601131824_item_1_schoice.css" type="text/css" />
<itemBody>
<p>De opleiding Media &amp; Entertainment Management (MEM) van de Hogeschool Inholland is in 2011 door de onderwijsinspectie als zeer zwak beoordeeld. Naar aanleiding van deze berichtgeving wordt onderzoek uitgevoerd naar de tevredenheid van de studenten over deze opleiding. Een experimentele testversie bestaat uit 20 gelijkwaardige items. De betrouwbaarheid rxx’ van deze test bedraagt .85. De onderzoeker moet voor het echte onderzoek de test inkorten door vijf items te verwijderen.</p>
<p>De geschatte betrouwbaarheid van de scores van de verkorte test (r ̂VV’) is dan:</p>
<choiceInteraction responseIdentifier="RESPONSE" shuffle="false" maxChoices="1">
<simpleChoice identifier="alt_736475">
<div class="textblock tvblock tvcss_1"><div class="rte_zone tveditor1">
 lager dan .65
</div>
</div>
</simpleChoice>
<simpleChoice identifier="alt_989400">
<div class="textblock tvblock tvcss_1"><div class="rte_zone tveditor1">
 tussen .65 en .75
</div>
</div>
</simpleChoice>
<simpleChoice identifier="alt_897173">
<div class="textblock tvblock tvcss_1"><div class="rte_zone tveditor1">
 tussen .75 en .85
</div>
</div>
</simpleChoice>
<simpleChoice identifier="alt_173820">
<div class="textblock tvblock tvcss_1"><div class="rte_zone tveditor1">
 hoger dan .85
</div>
</div>
</simpleChoice>
</choiceInteraction>
</itemBody>
<responseProcessing>
<responseCondition>
<responseIf>
<isNull>
<variable identifier="RESPONSE"/>
</isNull>
<setOutcomeValue identifier="SCORE">
<baseValue baseType="float">0.0</baseValue>
</setOutcomeValue>
<setOutcomeValue identifier="FEEDBACK">
<baseValue baseType="identifier">FAILURE</baseValue>
</setOutcomeValue>
</responseIf>
<responseElse>
<setOutcomeValue identifier="SCORE">
<mapResponse identifier="RESPONSE"/>
</setOutcomeValue>
<responseCondition>
<responseIf>
<equal toleranceMode="relative" tolerance="0.001">
<variable identifier="SCORE"/>
<variable identifier="MAXSCORE"/>
</equal>
<setOutcomeValue identifier="FEEDBACK">
<baseValue baseType="identifier">ANSWER_CORRECT</baseValue>
</setOutcomeValue>
</responseIf>
<responseElse>
<setOutcomeValue identifier="FEEDBACK">
<baseValue baseType="identifier">FAILURE</baseValue>
</setOutcomeValue>
</responseElse>
</responseCondition>
</responseElse>
</responseCondition>
</responseProcessing>
<modalFeedback identifier="FAILURE" outcomeIdentifier="FEEDBACK" showHide="show">
<div class="textblock tvblock tvcss_1"><div class="rte_zone tveditor1">
<p>Uitleg: De formule voor de verlengingsfactor is
v - <math display="inline" xmlns="http://www.w3.org/1998/Math/MathML"><semantics><mfrac><mrow><mi>k</mi><mi>′</mi></mrow><mi>k</mi></mfrac><annotation encoding="application/x-tex">\frac {k&#39;}{k}</annotation></semantics></math> waarbij k’het aantal vragen op de nieuwe test (hier 20-5=15 vragen) is en k het aantal vragen op de oorspronkelijke test (hier:20). Invullen geeft v= <math display="inline" xmlns="http://www.w3.org/1998/Math/MathML"><semantics><mrow><mfrac><mn>15</mn><mn>20</mn></mfrac><mo>=</mo><mn>0.75</mn></mrow><annotation encoding="application/x-tex">\frac {15}{20}= 0.75</annotation></semantics></math></p>
<p>De formule voor de betrouwbaarheid van de verlengde test is $r_{xx’} =  =  =  = 0.809 $</p>
<p>Het correcte antwoord is zodoende Optie C.</p>
</div>
</div>
</modalFeedback>
<modalFeedback identifier="ANSWER_CORRECT" outcomeIdentifier="FEEDBACK" showHide="show">
<div class="textblock tvblock tvcss_1"><div class="rte_zone tveditor1">
<p>Uitleg: De formule voor de verlengingsfactor is
v - <math display="inline" xmlns="http://www.w3.org/1998/Math/MathML"><semantics><mfrac><mrow><mi>k</mi><mi>′</mi></mrow><mi>k</mi></mfrac><annotation encoding="application/x-tex">\frac {k&#39;}{k}</annotation></semantics></math> waarbij k’het aantal vragen op de nieuwe test (hier 20-5=15 vragen) is en k het aantal vragen op de oorspronkelijke test (hier:20). Invullen geeft v= <math display="inline" xmlns="http://www.w3.org/1998/Math/MathML"><semantics><mrow><mfrac><mn>15</mn><mn>20</mn></mfrac><mo>=</mo><mn>0.75</mn></mrow><annotation encoding="application/x-tex">\frac {15}{20}= 0.75</annotation></semantics></math></p>
<p>De formule voor de betrouwbaarheid van de verlengde test is $r_{xx’} =  =  =  = 0.809 $</p>
<p>Het correcte antwoord is zodoende Optie C.</p>
</div>
</div>
</modalFeedback>
<modalFeedback identifier="PARTIAL_CORRECT" outcomeIdentifier="FEEDBACK" showHide="show">
<div class="textblock tvblock tvcss_1"><div class="rte_zone tveditor1">
<p>Uitleg: De formule voor de verlengingsfactor is
v - <math display="inline" xmlns="http://www.w3.org/1998/Math/MathML"><semantics><mfrac><mrow><mi>k</mi><mi>′</mi></mrow><mi>k</mi></mfrac><annotation encoding="application/x-tex">\frac {k&#39;}{k}</annotation></semantics></math> waarbij k’het aantal vragen op de nieuwe test (hier 20-5=15 vragen) is en k het aantal vragen op de oorspronkelijke test (hier:20). Invullen geeft v= <math display="inline" xmlns="http://www.w3.org/1998/Math/MathML"><semantics><mrow><mfrac><mn>15</mn><mn>20</mn></mfrac><mo>=</mo><mn>0.75</mn></mrow><annotation encoding="application/x-tex">\frac {15}{20}= 0.75</annotation></semantics></math></p>
<p>De formule voor de betrouwbaarheid van de verlengde test is $r_{xx’} =  =  =  = 0.809 $</p>
<p>Het correcte antwoord is zodoende Optie C.</p>
</div>
</div>
</modalFeedback>
</assessmentItem>
