<?xml version="1.0" encoding="UTF-8"?>
<assessmentItem xsi:schemaLocation="http://www.imsglobal.org/xsd/imsqti_v2p1 http://www.imsglobal.org/xsd/qti/qtiv2p1/imsqti_v2p1p1.xsd http://www.w3.org/1998/Math/MathML http://www.w3.org/Math/XMLSchema/mathml2/mathml2.xsd" identifier="uu-Oneway_ANOVA-822-nl-ans_983726758_section_1_item_1_schoice" title="Inferential_Statistics_uu-Oneway_ANOVA-822-nl_uu-Oneway_ANOVA-822-nl_schoice_1" adaptive="false" timeDependent="false" xmlns="http://www.imsglobal.org/xsd/imsqti_v2p1" xmlns:xsi="http://www.w3.org/2001/XMLSchema-instance">
<responseDeclaration identifier="uu-Oneway_ANOVA-822-nl-ans_983726758_section_1_item_1_schoice_RESPONSE_1_2329910" cardinality="single" baseType="identifier">
<correctResponse>
<value>uu-Oneway_ANOVA-822-nl-ans_983726758_section_1_item_1_schoice_2_4109441306</value>
</correctResponse>
<mapping defaultValue="0" lowerBound="0.0">
<mapEntry mapKey="uu-Oneway_ANOVA-822-nl-ans_983726758_section_1_item_1_schoice_1_3528902883" mappedValue="0"/>
<mapEntry mapKey="uu-Oneway_ANOVA-822-nl-ans_983726758_section_1_item_1_schoice_2_4109441306" mappedValue="1"/>
<mapEntry mapKey="uu-Oneway_ANOVA-822-nl-ans_983726758_section_1_item_1_schoice_3_2945862447" mappedValue="0"/>
<mapEntry mapKey="uu-Oneway_ANOVA-822-nl-ans_983726758_section_1_item_1_schoice_4_1485615180" mappedValue="0"/>
</mapping>
</responseDeclaration>
<outcomeDeclaration identifier="SCORE" cardinality="single" baseType="float" normalMaximum="1" normalMinimum="0">
<defaultValue>
<value>0.0</value>
</defaultValue>
</outcomeDeclaration>
<outcomeDeclaration identifier="MAXSCORE" cardinality="single" baseType="float">
<defaultValue>
<value>1</value>
</defaultValue>
</outcomeDeclaration>
<outcomeDeclaration identifier="FEEDBACKBASIC" cardinality="single" baseType="identifier" view="testConstructor">
<defaultValue>
<value>empty</value>
</defaultValue>
</outcomeDeclaration>
<outcomeDeclaration identifier="FEEDBACKMODAL" cardinality="multiple" baseType="identifier" view="testConstructor"/>
<outcomeDeclaration identifier="SOLUTIONMODAL" cardinality="single" baseType="identifier" view="testConstructor"/>
<outcomeDeclaration identifier="MINSCORE" cardinality="single" baseType="float">
<defaultValue>
<value baseType="float">0</value>
</defaultValue>
</outcomeDeclaration>
<outcomeDeclaration identifier="SCORE_RESPONSE_1" cardinality="single" baseType="float">
<defaultValue>
<value>0.0</value>
</defaultValue>
</outcomeDeclaration>
<outcomeDeclaration identifier="MINSCORE_RESPONSE_1" cardinality="single" baseType="float">
<defaultValue>
<value>0.0</value>
</defaultValue>
</outcomeDeclaration>
<itemBody>
<p>Hieronder staat een incomplete ANOVA-tabel voor het vergelijken van de gemiddelde scores van vier groepen. Hoe groot is de F-ratio en is het resultaat significant bij toetsing met <span class="math inline">\(\alpha\)</span> = .01?</p>
<p><img src="media/supplements1/uu-Oneway-ANOVA-822-nl-tabel.jpg" /></p>
<choiceInteraction responseIdentifier="uu-Oneway_ANOVA-822-nl-ans_983726758_section_1_item_1_schoice_RESPONSE_1_2329910" shuffle="false" maxChoices="1">
<simpleChoice identifier="uu-Oneway_ANOVA-822-nl-ans_983726758_section_1_item_1_schoice_1_3528902883">
<p>
 F = 2.6 en is significant bij <span class="math inline">\(\alpha\)</span> = .01
</p>
</simpleChoice>
<simpleChoice identifier="uu-Oneway_ANOVA-822-nl-ans_983726758_section_1_item_1_schoice_2_4109441306">
<p>
 F = 2.6 en is niet significant bij <span class="math inline">\(\alpha\)</span> = .01
</p>
</simpleChoice>
<simpleChoice identifier="uu-Oneway_ANOVA-822-nl-ans_983726758_section_1_item_1_schoice_3_2945862447">
<p>
 F = 1.9 en is significant bij <span class="math inline">\(\alpha\)</span> = .01
</p>
</simpleChoice>
<simpleChoice identifier="uu-Oneway_ANOVA-822-nl-ans_983726758_section_1_item_1_schoice_4_1485615180">
<p>
 F = 1.9 en is niet significant bij <span class="math inline">\(\alpha\)</span> = .01
</p>
</simpleChoice>
</choiceInteraction>
</itemBody>
<responseProcessing>
<setOutcomeValue identifier="SCORE_RESPONSE_1">
<sum>
<variable identifier="SCORE_RESPONSE_1"/>
<mapResponse identifier="uu-Oneway_ANOVA-822-nl-ans_983726758_section_1_item_1_schoice_RESPONSE_1_2329910"/>
</sum>
</setOutcomeValue>
<responseCondition>
<responseIf>
<lt>
<variable identifier="SCORE_RESPONSE_1"/>
<variable identifier="MINSCORE_RESPONSE_1"/>
</lt>
<setOutcomeValue identifier="SCORE_RESPONSE_1">
<variable identifier="MINSCORE_RESPONSE_1"/>
</setOutcomeValue>
</responseIf>
</responseCondition>
<responseCondition>
<responseIf>
<isNull>
<variable identifier="uu-Oneway_ANOVA-822-nl-ans_983726758_section_1_item_1_schoice_RESPONSE_1_2329910"/>
</isNull>
<setOutcomeValue identifier="SCORE_RESPONSE_1">
<sum>
<variable identifier="SCORE_RESPONSE_1"/>
<baseValue baseType="float">0</baseValue>
</sum>
</setOutcomeValue>
</responseIf>
</responseCondition>
<setOutcomeValue identifier="SCORE">
<sum>
<variable identifier="SCORE_RESPONSE_1"/>
</sum>
</setOutcomeValue>
<responseCondition>
<responseIf>
<lt>
<variable identifier="SCORE"/>
<variable identifier="MINSCORE"/>
</lt>
<setOutcomeValue identifier="SCORE">
<variable identifier="MINSCORE"/>
</setOutcomeValue>
</responseIf>
</responseCondition>
<responseCondition>
<responseIf>
<lt>
<variable identifier="SCORE"/>
<baseValue baseType="float">1</baseValue>
</lt>
<setOutcomeValue identifier="FEEDBACKMODAL">
<multiple>
<variable identifier="FEEDBACKMODAL"/>
<baseValue baseType="identifier">Feedback708582206</baseValue>
</multiple>
</setOutcomeValue>
</responseIf>
</responseCondition>
</responseProcessing>
<modalFeedback outcomeIdentifier="FEEDBACK" showHide="show" identifier="incorrect">
<p>SSwithin = SStotal – SSbetween = 352.6-25.4 = 327.2
dfbetween = k – 1 = 4 – 1 = 3
dfwithin = dftotal - dfbetween = 104 – 3 = 101.</p>
<p>MSbetween = SSbetween / dfbetween 25.4/3 = 8.47
MSwithin = SSwithin / dfwithin = 327.2/101 = 3.24</p>
<p>F = MSbetween/ MSwithin = 8.47/3.24 = 2.6</p>
<p>Fkritiek bij df 3, 100 (101 staat er niet in, dus kijken we bij 100) bij = .01 is 3.98. De verkregen F-waarde is lager dan Fkritiek, dus het resultaat is niet significant bij  = .01.
Wanneer je de df verkeerd bepaald kom je uit op F = 1.9 (dfbetween = 4 en dfwithin = 100)</p>
</modalFeedback>
</assessmentItem>
