<?xml version="1.0" encoding="utf-8" standalone="yes"?>
<assessmentItem identifier="uva-equation-288-nl-tv_202403081018_item_1_schoice" title="uva-equation-288-nl-tv_202403081018_item_1_schoice_uva-equation-288-nl" adaptive="false" timeDependent="false" toolName="Testvision Online" toolVersion="39.0.9084" xmlns="http://www.imsglobal.org/xsd/imsqti_v2p1">
<responseDeclaration identifier="RESPONSE" cardinality="single" baseType="identifier">
<correctResponse>
<value>alt_151650</value>
</correctResponse>
<mapping defaultValue="0" lowerBound="0.0">
<mapEntry mapKey="alt_980560" mappedValue="-0.333333333333333"/>
<mapEntry mapKey="alt_488689" mappedValue="-0.333333333333333"/>
<mapEntry mapKey="alt_316785" mappedValue="-0.333333333333333"/>
<mapEntry mapKey="alt_151650" mappedValue="1"/>
</mapping>
</responseDeclaration>
<outcomeDeclaration identifier="SCORE" cardinality="single" baseType="float" normalMaximum="1" normalMinimum="0" />
<outcomeDeclaration identifier="FEEDBACK" cardinality="single" baseType="identifier" />
<itemBody>
<p>Hieronder staan 4 spreidingsdiagrammen (genaamd A, B, C en D) van X en
Y. In welk van de 4 spreidingsdiagrammen is de vergelijking van de
regressievergelijking gelijk aan Y = 61 + 0.88 X?</p>
<p><img src="mediafiles/supplements1/uva-equation-288-nl-graph01.png" alt="image"/></p>
<choiceInteraction responseIdentifier="RESPONSE" shuffle="false" maxChoices="1">
<simpleChoice identifier="alt_980560">
<div class="textblock tvblock tvcss_1"><div class="rte_zone tveditor1">
 A
</div>
</div>
</simpleChoice>
<simpleChoice identifier="alt_488689">
<div class="textblock tvblock tvcss_1"><div class="rte_zone tveditor1">
 B
</div>
</div>
</simpleChoice>
<simpleChoice identifier="alt_316785">
<div class="textblock tvblock tvcss_1"><div class="rte_zone tveditor1">
 C
</div>
</div>
</simpleChoice>
<simpleChoice identifier="alt_151650">
<div class="textblock tvblock tvcss_1"><div class="rte_zone tveditor1">
 D
</div>
</div>
</simpleChoice>
</choiceInteraction>
</itemBody>
<responseProcessing>
<responseCondition>
<responseIf>
<isNull>
<variable identifier="RESPONSE"/>
</isNull>
<setOutcomeValue identifier="SCORE">
<baseValue baseType="float">0.0</baseValue>
</setOutcomeValue>
<setOutcomeValue identifier="FEEDBACK">
<baseValue baseType="identifier">FAILURE</baseValue>
</setOutcomeValue>
</responseIf>
<responseElse>
<setOutcomeValue identifier="SCORE">
<mapResponse identifier="RESPONSE"/>
</setOutcomeValue>
<responseCondition>
<responseIf>
<equal toleranceMode="relative" tolerance="0.001">
<variable identifier="SCORE"/>
<variable identifier="MAXSCORE"/>
</equal>
<setOutcomeValue identifier="FEEDBACK">
<baseValue baseType="identifier">ANSWER_CORRECT</baseValue>
</setOutcomeValue>
</responseIf>
<responseElse>
<setOutcomeValue identifier="FEEDBACK">
<baseValue baseType="identifier">FAILURE</baseValue>
</setOutcomeValue>
</responseElse>
</responseCondition>
</responseElse>
</responseCondition>
</responseProcessing>
<modalFeedback identifier="FAILURE" outcomeIdentifier="FEEDBACK" showHide="show">
<div class="textblock tvblock tvcss_1"><div class="rte_zone tveditor1">
<p>Het correcte antwoord is:</p>
<ul>
<li>D</li>
</ul>
</div>
</div>
</modalFeedback>
<modalFeedback identifier="ANSWER_CORRECT" outcomeIdentifier="FEEDBACK" showHide="show">
<div class="textblock tvblock tvcss_1"><div class="rte_zone tveditor1">
<p>Het correcte antwoord is:</p>
<ul>
<li>D</li>
</ul>
</div>
</div>
</modalFeedback>
<modalFeedback identifier="PARTIAL_CORRECT" outcomeIdentifier="FEEDBACK" showHide="show">
<div class="textblock tvblock tvcss_1"><div class="rte_zone tveditor1">
<p>Het correcte antwoord is:</p>
<ul>
<li>D</li>
</ul>
</div>
</div>
</modalFeedback>
</assessmentItem>
