<?xml version="1.0" encoding="utf-8" standalone="yes"?>
<assessmentItem identifier="vufsw-chisquared-1203-en-tv_202406101042_item_1_schoice" title="vufsw-chisquared-1203-en-tv_202406101042_item_1_schoice_vufsw-chisquared-1203-en" adaptive="false" timeDependent="false" toolName="Testvision Online" toolVersion="39.0.9084" xmlns="http://www.imsglobal.org/xsd/imsqti_v2p1">
<responseDeclaration identifier="RESPONSE" cardinality="single" baseType="identifier">
<correctResponse>
<value>alt_428056</value>
</correctResponse>
<mapping defaultValue="0" lowerBound="0.0">
<mapEntry mapKey="alt_593079" mappedValue="-0.333333333333333"/>
<mapEntry mapKey="alt_428056" mappedValue="1"/>
<mapEntry mapKey="alt_849805" mappedValue="-0.333333333333333"/>
<mapEntry mapKey="alt_214116" mappedValue="-0.333333333333333"/>
</mapping>
</responseDeclaration>
<outcomeDeclaration identifier="SCORE" cardinality="single" baseType="float" normalMaximum="1" normalMinimum="0" />
<outcomeDeclaration identifier="FEEDBACK" cardinality="single" baseType="identifier" />
<itemBody>
<p>What is the critical chi-squared value for α  = 0.01?.</p>
<choiceInteraction responseIdentifier="RESPONSE" shuffle="false" maxChoices="1">
<simpleChoice identifier="alt_593079">
<div class="textblock tvblock tvcss_1"><div class="rte_zone tveditor1">
 12.59.
</div>
</div>
</simpleChoice>
<simpleChoice identifier="alt_428056">
<div class="textblock tvblock tvcss_1"><div class="rte_zone tveditor1">
 5.99.
</div>
</div>
</simpleChoice>
<simpleChoice identifier="alt_849805">
<div class="textblock tvblock tvcss_1"><div class="rte_zone tveditor1">
 9.21.
</div>
</div>
</simpleChoice>
<simpleChoice identifier="alt_214116">
<div class="textblock tvblock tvcss_1"><div class="rte_zone tveditor1">
 16.81.
</div>
</div>
</simpleChoice>
</choiceInteraction>
</itemBody>
<responseProcessing>
<responseCondition>
<responseIf>
<isNull>
<variable identifier="RESPONSE"/>
</isNull>
<setOutcomeValue identifier="SCORE">
<baseValue baseType="float">0.0</baseValue>
</setOutcomeValue>
<setOutcomeValue identifier="FEEDBACK">
<baseValue baseType="identifier">FAILURE</baseValue>
</setOutcomeValue>
</responseIf>
<responseElse>
<setOutcomeValue identifier="SCORE">
<mapResponse identifier="RESPONSE"/>
</setOutcomeValue>
<responseCondition>
<responseIf>
<equal toleranceMode="relative" tolerance="0.001">
<variable identifier="SCORE"/>
<variable identifier="MAXSCORE"/>
</equal>
<setOutcomeValue identifier="FEEDBACK">
<baseValue baseType="identifier">ANSWER_CORRECT</baseValue>
</setOutcomeValue>
</responseIf>
<responseElse>
<setOutcomeValue identifier="FEEDBACK">
<baseValue baseType="identifier">FAILURE</baseValue>
</setOutcomeValue>
</responseElse>
</responseCondition>
</responseElse>
</responseCondition>
</responseProcessing>
<modalFeedback identifier="FAILURE" outcomeIdentifier="FEEDBACK" showHide="show">
<div class="textblock tvblock tvcss_1"><div class="rte_zone tveditor1">
<ul>
<li> 12.59. <br /> False </li>
<li> 5.99. <br /> True </li>
<li> 9.21. <br /> False </li>
<li> 16.81. <br /> False </li>
</ul>
</div>
</div>
</modalFeedback>
<modalFeedback identifier="ANSWER_CORRECT" outcomeIdentifier="FEEDBACK" showHide="show">
<div class="textblock tvblock tvcss_1"><div class="rte_zone tveditor1">
<ul>
<li> 12.59. <br /> False </li>
<li> 5.99. <br /> True </li>
<li> 9.21. <br /> False </li>
<li> 16.81. <br /> False </li>
</ul>
</div>
</div>
</modalFeedback>
<modalFeedback identifier="PARTIAL_CORRECT" outcomeIdentifier="FEEDBACK" showHide="show">
<div class="textblock tvblock tvcss_1"><div class="rte_zone tveditor1">
<ul>
<li> 12.59. <br /> False </li>
<li> 5.99. <br /> True </li>
<li> 9.21. <br /> False </li>
<li> 16.81. <br /> False </li>
</ul>
</div>
</div>
</modalFeedback>
</assessmentItem>
