<?xml version="1.0" encoding="UTF-8"?>
<assessmentItem xsi:schemaLocation="http://www.imsglobal.org/xsd/imsqti_v2p1 http://www.imsglobal.org/xsd/qti/qtiv2p1/imsqti_v2p1p1.xsd http://www.w3.org/1998/Math/MathML http://www.w3.org/Math/XMLSchema/mathml2/mathml2.xsd" identifier="eur-factor_analysis-202-en-qti_833958244_section_1_item_1_schoice" title="1" adaptive="false" timeDependent="false" xmlns="http://www.imsglobal.org/xsd/imsqti_v2p1" xmlns:xsi="http://www.w3.org/2001/XMLSchema-instance">
<responseDeclaration identifier="eur-factor_analysis-202-en-qti_833958244_section_1_item_1_schoice_RESPONSE_1_3755165" cardinality="single" baseType="identifier">
<correctResponse>
<value>eur-factor_analysis-202-en-qti_833958244_section_1_item_1_schoice_3_5504936165</value>
</correctResponse>
<mapping defaultValue="0" lowerBound="0.0">
<mapEntry mapKey="eur-factor_analysis-202-en-qti_833958244_section_1_item_1_schoice_1_1872335896" mappedValue="0"/>
<mapEntry mapKey="eur-factor_analysis-202-en-qti_833958244_section_1_item_1_schoice_2_9432735645" mappedValue="0"/>
<mapEntry mapKey="eur-factor_analysis-202-en-qti_833958244_section_1_item_1_schoice_3_5504936165" mappedValue="1"/>
<mapEntry mapKey="eur-factor_analysis-202-en-qti_833958244_section_1_item_1_schoice_4_5075901463" mappedValue="0"/>
</mapping>
</responseDeclaration>
<outcomeDeclaration identifier="SCORE" cardinality="single" baseType="float" normalMaximum="1" normalMinimum="0">
<defaultValue>
<value>0.0</value>
</defaultValue>
</outcomeDeclaration>
<outcomeDeclaration identifier="MAXSCORE" cardinality="single" baseType="float">
<defaultValue>
<value>1</value>
</defaultValue>
</outcomeDeclaration>
<outcomeDeclaration identifier="FEEDBACKBASIC" cardinality="single" baseType="identifier" view="testConstructor">
<defaultValue>
<value>empty</value>
</defaultValue>
</outcomeDeclaration>
<outcomeDeclaration identifier="FEEDBACKMODAL" cardinality="multiple" baseType="identifier" view="testConstructor"/>
<outcomeDeclaration identifier="MINSCORE" cardinality="single" baseType="float">
<defaultValue>
<value baseType="float">0</value>
</defaultValue>
</outcomeDeclaration>
<outcomeDeclaration identifier="SCORE_RESPONSE_1" cardinality="single" baseType="float">
<defaultValue>
<value>0.0</value>
</defaultValue>
</outcomeDeclaration>
<outcomeDeclaration identifier="MINSCORE_RESPONSE_1" cardinality="single" baseType="float">
<defaultValue>
<value>0.0</value>
</defaultValue>
</outcomeDeclaration>
<itemBody>
<p>In an oblique rotation spss gives a structure and a pattern matrix as output. Consider the following statements with respect to these matrices:</p>
<ol style="list-style-type: decimal">
<li>The correlations between the factors are zero in the structure matrix.</li>
<li>The numbers in the pattern matrix are the unique correlations between a factor and an item.</li>
</ol>
<choiceInteraction responseIdentifier="eur-factor_analysis-202-en-qti_833958244_section_1_item_1_schoice_RESPONSE_1_3755165" shuffle="false" maxChoices="1">
<simpleChoice identifier="eur-factor_analysis-202-en-qti_833958244_section_1_item_1_schoice_1_1872335896">
<p>
a. Statement 1 and 2 are both correct.
</p>
</simpleChoice>
<simpleChoice identifier="eur-factor_analysis-202-en-qti_833958244_section_1_item_1_schoice_2_9432735645">
<p>
b. Statement 1 is correct and statement 2 is incorrect.
</p>
</simpleChoice>
<simpleChoice identifier="eur-factor_analysis-202-en-qti_833958244_section_1_item_1_schoice_3_5504936165">
<p>
c. Statement 2 is correct and statement 1 is incorrect.
</p>
</simpleChoice>
<simpleChoice identifier="eur-factor_analysis-202-en-qti_833958244_section_1_item_1_schoice_4_5075901463">
<p>
d. Statement 1 and 2 are both incorrect.
</p>
</simpleChoice>
</choiceInteraction>
</itemBody>
<responseProcessing>
<responseCondition>
<responseIf>
<isNull>
<variable identifier="eur-factor_analysis-202-en-qti_833958244_section_1_item_1_schoice_RESPONSE_1_3755165"/>
</isNull>
<setOutcomeValue identifier="SCORE_RESPONSE_1">
<sum>
<variable identifier="SCORE_RESPONSE_1"/>
<baseValue baseType="float">0</baseValue>
</sum>
</setOutcomeValue>
</responseIf>
</responseCondition>
<setOutcomeValue identifier="SCORE_RESPONSE_1">
<sum>
<variable identifier="SCORE_RESPONSE_1"/>
<mapResponse identifier="eur-factor_analysis-202-en-qti_833958244_section_1_item_1_schoice_RESPONSE_1_3755165"/>
</sum>
</setOutcomeValue>
<responseCondition>
<responseIf>
<lt>
<variable identifier="SCORE_RESPONSE_1"/>
<variable identifier="MINSCORE_RESPONSE_1"/>
</lt>
<setOutcomeValue identifier="SCORE_RESPONSE_1">
<variable identifier="MINSCORE_RESPONSE_1"/>
</setOutcomeValue>
</responseIf>
</responseCondition>
<setOutcomeValue identifier="SCORE">
<sum>
<variable identifier="SCORE_RESPONSE_1"/>
</sum>
</setOutcomeValue>
<responseCondition>
<responseIf>
<lt>
<variable identifier="SCORE"/>
<variable identifier="MINSCORE"/>
</lt>
<setOutcomeValue identifier="SCORE">
<variable identifier="MINSCORE"/>
</setOutcomeValue>
</responseIf>
</responseCondition>
<responseCondition>
<responseIf>
<lt>
<variable identifier="SCORE"/>
<baseValue baseType="float">1</baseValue>
</lt>
<setOutcomeValue identifier="FEEDBACKMODAL">
<multiple>
<variable identifier="FEEDBACKMODAL"/>
<baseValue baseType="identifier">Feedback209249004</baseValue>
</multiple>
</setOutcomeValue>
</responseIf>
</responseCondition>
</responseProcessing>
<modalFeedback identifier="Feedback209249004" outcomeIdentifier="FEEDBACKMODAL" showHide="show">
<p>Statement 1 is incorrect. The structure matrix contains the correlations between the items and the factors; in an oblique rotation the correlation between the factors is not necessarily zero. Statement 2 is correct: the pattern matrix contains the correlations between the factor and the items corrected for the correlation between factors.</p>
<br />
<ol type = "a">
<li> Statement 1 and 2 are both correct. <br /> False </li>
<li> Statement 1 is correct and statement 2 is incorrect. <br /> False </li>
<li> Statement 2 is correct and statement 1 is incorrect. <br /> True </li>
<li> Statement 1 and 2 are both incorrect. <br /> False </li>
</ol>
</modalFeedback>
</assessmentItem>
