<?xml version="1.0" encoding="UTF-8"?>
<assessmentItem xsi:schemaLocation="http://www.imsglobal.org/xsd/imsqti_v2p1 http://www.imsglobal.org/xsd/qti/qtiv2p1/imsqti_v2p1p1.xsd http://www.w3.org/1998/Math/MathML http://www.w3.org/Math/XMLSchema/mathml2/mathml2.xsd" identifier="uva-boxplot-777-nl-ans_310203192_section_1_item_1_schoice" title="Descriptive-statistics_uva-boxplot-777-nl_uva-boxplot-777-nl_schoice_1" adaptive="false" timeDependent="false" xmlns="http://www.imsglobal.org/xsd/imsqti_v2p1" xmlns:xsi="http://www.w3.org/2001/XMLSchema-instance">
<responseDeclaration identifier="uva-boxplot-777-nl-ans_310203192_section_1_item_1_schoice_RESPONSE_1_9740648" cardinality="single" baseType="identifier">
<correctResponse>
<value>uva-boxplot-777-nl-ans_310203192_section_1_item_1_schoice_2_9384727265</value>
</correctResponse>
<mapping defaultValue="0" lowerBound="0.0">
<mapEntry mapKey="uva-boxplot-777-nl-ans_310203192_section_1_item_1_schoice_1_4160244626" mappedValue="0"/>
<mapEntry mapKey="uva-boxplot-777-nl-ans_310203192_section_1_item_1_schoice_2_9384727265" mappedValue="1"/>
<mapEntry mapKey="uva-boxplot-777-nl-ans_310203192_section_1_item_1_schoice_3_1941741018" mappedValue="0"/>
</mapping>
</responseDeclaration>
<outcomeDeclaration identifier="SCORE" cardinality="single" baseType="float" normalMaximum="1" normalMinimum="0">
<defaultValue>
<value>0.0</value>
</defaultValue>
</outcomeDeclaration>
<outcomeDeclaration identifier="MAXSCORE" cardinality="single" baseType="float">
<defaultValue>
<value>1</value>
</defaultValue>
</outcomeDeclaration>
<outcomeDeclaration identifier="FEEDBACKBASIC" cardinality="single" baseType="identifier" view="testConstructor">
<defaultValue>
<value>empty</value>
</defaultValue>
</outcomeDeclaration>
<outcomeDeclaration identifier="FEEDBACKMODAL" cardinality="multiple" baseType="identifier" view="testConstructor"/>
<outcomeDeclaration identifier="SOLUTIONMODAL" cardinality="single" baseType="identifier" view="testConstructor"/>
<outcomeDeclaration identifier="MINSCORE" cardinality="single" baseType="float">
<defaultValue>
<value baseType="float">0</value>
</defaultValue>
</outcomeDeclaration>
<outcomeDeclaration identifier="SCORE_RESPONSE_1" cardinality="single" baseType="float">
<defaultValue>
<value>0.0</value>
</defaultValue>
</outcomeDeclaration>
<outcomeDeclaration identifier="MINSCORE_RESPONSE_1" cardinality="single" baseType="float">
<defaultValue>
<value>0.0</value>
</defaultValue>
</outcomeDeclaration>
<itemBody>
<p>Bekijk onderstaande boxplot voor de variabele IQ. Tussen welke twee
waarden ligt precies 50% van de data?</p>
<p><img src="media/supplements1/uva-boxplot-777-nl-graph01.png" /></p>
<choiceInteraction responseIdentifier="uva-boxplot-777-nl-ans_310203192_section_1_item_1_schoice_RESPONSE_1_9740648" shuffle="false" maxChoices="1">
<simpleChoice identifier="uva-boxplot-777-nl-ans_310203192_section_1_item_1_schoice_1_4160244626">
<p>
 Tussen 0 en 8.
</p>
</simpleChoice>
<simpleChoice identifier="uva-boxplot-777-nl-ans_310203192_section_1_item_1_schoice_2_9384727265">
<p>
 Tussen 2 en 5.
</p>
</simpleChoice>
<simpleChoice identifier="uva-boxplot-777-nl-ans_310203192_section_1_item_1_schoice_3_1941741018">
<p>
 Tussen 2 en 3.
</p>
</simpleChoice>
</choiceInteraction>
</itemBody>
<responseProcessing>
<setOutcomeValue identifier="SCORE_RESPONSE_1">
<sum>
<variable identifier="SCORE_RESPONSE_1"/>
<mapResponse identifier="uva-boxplot-777-nl-ans_310203192_section_1_item_1_schoice_RESPONSE_1_9740648"/>
</sum>
</setOutcomeValue>
<responseCondition>
<responseIf>
<lt>
<variable identifier="SCORE_RESPONSE_1"/>
<variable identifier="MINSCORE_RESPONSE_1"/>
</lt>
<setOutcomeValue identifier="SCORE_RESPONSE_1">
<variable identifier="MINSCORE_RESPONSE_1"/>
</setOutcomeValue>
</responseIf>
</responseCondition>
<responseCondition>
<responseIf>
<isNull>
<variable identifier="uva-boxplot-777-nl-ans_310203192_section_1_item_1_schoice_RESPONSE_1_9740648"/>
</isNull>
<setOutcomeValue identifier="SCORE_RESPONSE_1">
<sum>
<variable identifier="SCORE_RESPONSE_1"/>
<baseValue baseType="float">0</baseValue>
</sum>
</setOutcomeValue>
</responseIf>
</responseCondition>
<setOutcomeValue identifier="SCORE">
<sum>
<variable identifier="SCORE_RESPONSE_1"/>
</sum>
</setOutcomeValue>
<responseCondition>
<responseIf>
<lt>
<variable identifier="SCORE"/>
<variable identifier="MINSCORE"/>
</lt>
<setOutcomeValue identifier="SCORE">
<variable identifier="MINSCORE"/>
</setOutcomeValue>
</responseIf>
</responseCondition>
<responseCondition>
<responseIf>
<lt>
<variable identifier="SCORE"/>
<baseValue baseType="float">1</baseValue>
</lt>
<setOutcomeValue identifier="FEEDBACKMODAL">
<multiple>
<variable identifier="FEEDBACKMODAL"/>
<baseValue baseType="identifier">Feedback274229982</baseValue>
</multiple>
</setOutcomeValue>
</responseIf>
</responseCondition>
</responseProcessing>
<modalFeedback outcomeIdentifier="FEEDBACK" showHide="show" identifier="incorrect">
<ul>
<li> Tussen 0 en 8. <br /> Tussen 0 en 8.: Incorrect </li>
<li> Tussen 2 en 5. <br /> Tussen 2 en 5.: Correct </li>
<li> Tussen 2 en 3. <br /> Tussen 2 en 3.: Incorrect </li>
</ul>
</modalFeedback>
</assessmentItem>
