<?xml version="1.0" encoding="UTF-8"?>
<assessmentItem xsi:schemaLocation="http://www.imsglobal.org/xsd/imsqti_v2p1 http://www.imsglobal.org/xsd/qti/qtiv2p1/imsqti_v2p1p1.xsd http://www.w3.org/1998/Math/MathML http://www.w3.org/Math/XMLSchema/mathml2/mathml2.xsd" identifier="vufgb-nhst-005-nl-qti_521258304_section_1_item_1_schoice" title="1" adaptive="false" timeDependent="false" xmlns="http://www.imsglobal.org/xsd/imsqti_v2p1" xmlns:xsi="http://www.w3.org/2001/XMLSchema-instance">
<responseDeclaration identifier="vufgb-nhst-005-nl-qti_521258304_section_1_item_1_schoice_RESPONSE_1_1439881" cardinality="single" baseType="identifier">
<correctResponse>
<value>vufgb-nhst-005-nl-qti_521258304_section_1_item_1_schoice_3_5989521518</value>
</correctResponse>
<mapping defaultValue="0" lowerBound="0.0">
<mapEntry mapKey="vufgb-nhst-005-nl-qti_521258304_section_1_item_1_schoice_1_1195980196" mappedValue="0"/>
<mapEntry mapKey="vufgb-nhst-005-nl-qti_521258304_section_1_item_1_schoice_2_3651576486" mappedValue="0"/>
<mapEntry mapKey="vufgb-nhst-005-nl-qti_521258304_section_1_item_1_schoice_3_5989521518" mappedValue="1"/>
<mapEntry mapKey="vufgb-nhst-005-nl-qti_521258304_section_1_item_1_schoice_4_2355802034" mappedValue="0"/>
</mapping>
</responseDeclaration>
<outcomeDeclaration identifier="SCORE" cardinality="single" baseType="float" normalMaximum="1" normalMinimum="0">
<defaultValue>
<value>0.0</value>
</defaultValue>
</outcomeDeclaration>
<outcomeDeclaration identifier="MAXSCORE" cardinality="single" baseType="float">
<defaultValue>
<value>1</value>
</defaultValue>
</outcomeDeclaration>
<outcomeDeclaration identifier="FEEDBACKBASIC" cardinality="single" baseType="identifier" view="testConstructor">
<defaultValue>
<value>empty</value>
</defaultValue>
</outcomeDeclaration>
<outcomeDeclaration identifier="FEEDBACKMODAL" cardinality="multiple" baseType="identifier" view="testConstructor"/>
<outcomeDeclaration identifier="MINSCORE" cardinality="single" baseType="float">
<defaultValue>
<value baseType="float">0</value>
</defaultValue>
</outcomeDeclaration>
<outcomeDeclaration identifier="SCORE_RESPONSE_1" cardinality="single" baseType="float">
<defaultValue>
<value>0.0</value>
</defaultValue>
</outcomeDeclaration>
<outcomeDeclaration identifier="MINSCORE_RESPONSE_1" cardinality="single" baseType="float">
<defaultValue>
<value>0.0</value>
</defaultValue>
</outcomeDeclaration>
<itemBody>
<p>Vul in:</p>
<p>Door dezelfde regressieanalyse voor een grotere steekproef uit te voeren wordt de .….I….. hoger en de kans op het maken van een …..II….. kleiner.</p>
<choiceInteraction responseIdentifier="vufgb-nhst-005-nl-qti_521258304_section_1_item_1_schoice_RESPONSE_1_1439881" shuffle="false" maxChoices="1">
<simpleChoice identifier="vufgb-nhst-005-nl-qti_521258304_section_1_item_1_schoice_1_1195980196">
<p>
 I: power (onderscheidend vermogen), II: Type I-fout
</p>
</simpleChoice>
<simpleChoice identifier="vufgb-nhst-005-nl-qti_521258304_section_1_item_1_schoice_2_3651576486">
<p>
 I: <strong>correlatiecoëfficiënt</strong>, II: Type II-<strong>fout</strong>
</p>
</simpleChoice>
<simpleChoice identifier="vufgb-nhst-005-nl-qti_521258304_section_1_item_1_schoice_3_5989521518">
<p>
 I: power (onderscheidend vermogen), II: Type II-fout
</p>
</simpleChoice>
<simpleChoice identifier="vufgb-nhst-005-nl-qti_521258304_section_1_item_1_schoice_4_2355802034">
<p>
 I: <strong>correlatiecoëfficiënt</strong>, II: Type I-<strong>fout</strong>
</p>
</simpleChoice>
</choiceInteraction>
</itemBody>
<responseProcessing>
<responseCondition>
<responseIf>
<isNull>
<variable identifier="vufgb-nhst-005-nl-qti_521258304_section_1_item_1_schoice_RESPONSE_1_1439881"/>
</isNull>
<setOutcomeValue identifier="SCORE_RESPONSE_1">
<sum>
<variable identifier="SCORE_RESPONSE_1"/>
<baseValue baseType="float">0</baseValue>
</sum>
</setOutcomeValue>
</responseIf>
</responseCondition>
<setOutcomeValue identifier="SCORE_RESPONSE_1">
<sum>
<variable identifier="SCORE_RESPONSE_1"/>
<mapResponse identifier="vufgb-nhst-005-nl-qti_521258304_section_1_item_1_schoice_RESPONSE_1_1439881"/>
</sum>
</setOutcomeValue>
<responseCondition>
<responseIf>
<lt>
<variable identifier="SCORE_RESPONSE_1"/>
<variable identifier="MINSCORE_RESPONSE_1"/>
</lt>
<setOutcomeValue identifier="SCORE_RESPONSE_1">
<variable identifier="MINSCORE_RESPONSE_1"/>
</setOutcomeValue>
</responseIf>
</responseCondition>
<setOutcomeValue identifier="SCORE">
<sum>
<variable identifier="SCORE_RESPONSE_1"/>
</sum>
</setOutcomeValue>
<responseCondition>
<responseIf>
<lt>
<variable identifier="SCORE"/>
<variable identifier="MINSCORE"/>
</lt>
<setOutcomeValue identifier="SCORE">
<variable identifier="MINSCORE"/>
</setOutcomeValue>
</responseIf>
</responseCondition>
<responseCondition>
<responseIf>
<lt>
<variable identifier="SCORE"/>
<baseValue baseType="float">1</baseValue>
</lt>
<setOutcomeValue identifier="FEEDBACKMODAL">
<multiple>
<variable identifier="FEEDBACKMODAL"/>
<baseValue baseType="identifier">Feedback162600699</baseValue>
</multiple>
</setOutcomeValue>
</responseIf>
</responseCondition>
</responseProcessing>
<modalFeedback identifier="Feedback162600699" outcomeIdentifier="FEEDBACKMODAL" showHide="show">
 I: power (onderscheidend vermogen), II: Type I-fout <br /> Incorrect 
 I: <strong>correlatiecoëfficiënt</strong>, II: Type II-<strong>fout</strong> <br /> Incorrect 
 I: power (onderscheidend vermogen), II: Type II-fout <br /> Correct 
 I: <strong>correlatiecoëfficiënt</strong>, II: Type I-<strong>fout</strong> <br /> Incorrect 
</modalFeedback>
</assessmentItem>
