<?xml version="1.0" encoding="UTF-8"?>
<assessmentItem xsi:schemaLocation="http://www.imsglobal.org/xsd/imsqti_v2p1 http://www.imsglobal.org/xsd/qti/qtiv2p1/imsqti_v2p1p1.xsd http://www.w3.org/1998/Math/MathML http://www.w3.org/Math/XMLSchema/mathml2/mathml2.xsd" identifier="vufgb-onewayanova-007-nl-qti_907541563_section_1_item_1_schoice" title="1" adaptive="false" timeDependent="false" xmlns="http://www.imsglobal.org/xsd/imsqti_v2p1" xmlns:xsi="http://www.w3.org/2001/XMLSchema-instance">
<responseDeclaration identifier="vufgb-onewayanova-007-nl-qti_907541563_section_1_item_1_schoice_RESPONSE_1_9629102" cardinality="single" baseType="identifier">
<correctResponse>
<value>vufgb-onewayanova-007-nl-qti_907541563_section_1_item_1_schoice_2_2901551882</value>
</correctResponse>
<mapping defaultValue="0" lowerBound="0.0">
<mapEntry mapKey="vufgb-onewayanova-007-nl-qti_907541563_section_1_item_1_schoice_1_2034066676" mappedValue="0"/>
<mapEntry mapKey="vufgb-onewayanova-007-nl-qti_907541563_section_1_item_1_schoice_2_2901551882" mappedValue="1"/>
<mapEntry mapKey="vufgb-onewayanova-007-nl-qti_907541563_section_1_item_1_schoice_3_3731492344" mappedValue="0"/>
<mapEntry mapKey="vufgb-onewayanova-007-nl-qti_907541563_section_1_item_1_schoice_4_3010978664" mappedValue="0"/>
</mapping>
</responseDeclaration>
<outcomeDeclaration identifier="SCORE" cardinality="single" baseType="float" normalMaximum="1" normalMinimum="0">
<defaultValue>
<value>0.0</value>
</defaultValue>
</outcomeDeclaration>
<outcomeDeclaration identifier="MAXSCORE" cardinality="single" baseType="float">
<defaultValue>
<value>1</value>
</defaultValue>
</outcomeDeclaration>
<outcomeDeclaration identifier="FEEDBACKBASIC" cardinality="single" baseType="identifier" view="testConstructor">
<defaultValue>
<value>empty</value>
</defaultValue>
</outcomeDeclaration>
<outcomeDeclaration identifier="FEEDBACKMODAL" cardinality="multiple" baseType="identifier" view="testConstructor"/>
<outcomeDeclaration identifier="MINSCORE" cardinality="single" baseType="float">
<defaultValue>
<value baseType="float">0</value>
</defaultValue>
</outcomeDeclaration>
<outcomeDeclaration identifier="SCORE_RESPONSE_1" cardinality="single" baseType="float">
<defaultValue>
<value>0.0</value>
</defaultValue>
</outcomeDeclaration>
<outcomeDeclaration identifier="MINSCORE_RESPONSE_1" cardinality="single" baseType="float">
<defaultValue>
<value>0.0</value>
</defaultValue>
</outcomeDeclaration>
<itemBody>
<p>In een oneway ANOVA wordt een factor met vijf niveau’s opgenomen. Hoeveel paren
van groepen kunnen er worden vergeleken na een significant resultaat?</p>
<choiceInteraction responseIdentifier="vufgb-onewayanova-007-nl-qti_907541563_section_1_item_1_schoice_RESPONSE_1_9629102" shuffle="false" maxChoices="1">
<simpleChoice identifier="vufgb-onewayanova-007-nl-qti_907541563_section_1_item_1_schoice_1_2034066676">
<p>
 4
</p>
</simpleChoice>
<simpleChoice identifier="vufgb-onewayanova-007-nl-qti_907541563_section_1_item_1_schoice_2_2901551882">
<p>
 10
</p>
</simpleChoice>
<simpleChoice identifier="vufgb-onewayanova-007-nl-qti_907541563_section_1_item_1_schoice_3_3731492344">
<p>
 15
</p>
</simpleChoice>
<simpleChoice identifier="vufgb-onewayanova-007-nl-qti_907541563_section_1_item_1_schoice_4_3010978664">
<p>
 5
</p>
</simpleChoice>
</choiceInteraction>
</itemBody>
<responseProcessing>
<responseCondition>
<responseIf>
<isNull>
<variable identifier="vufgb-onewayanova-007-nl-qti_907541563_section_1_item_1_schoice_RESPONSE_1_9629102"/>
</isNull>
<setOutcomeValue identifier="SCORE_RESPONSE_1">
<sum>
<variable identifier="SCORE_RESPONSE_1"/>
<baseValue baseType="float">0</baseValue>
</sum>
</setOutcomeValue>
</responseIf>
</responseCondition>
<setOutcomeValue identifier="SCORE_RESPONSE_1">
<sum>
<variable identifier="SCORE_RESPONSE_1"/>
<mapResponse identifier="vufgb-onewayanova-007-nl-qti_907541563_section_1_item_1_schoice_RESPONSE_1_9629102"/>
</sum>
</setOutcomeValue>
<responseCondition>
<responseIf>
<lt>
<variable identifier="SCORE_RESPONSE_1"/>
<variable identifier="MINSCORE_RESPONSE_1"/>
</lt>
<setOutcomeValue identifier="SCORE_RESPONSE_1">
<variable identifier="MINSCORE_RESPONSE_1"/>
</setOutcomeValue>
</responseIf>
</responseCondition>
<setOutcomeValue identifier="SCORE">
<sum>
<variable identifier="SCORE_RESPONSE_1"/>
</sum>
</setOutcomeValue>
<responseCondition>
<responseIf>
<lt>
<variable identifier="SCORE"/>
<variable identifier="MINSCORE"/>
</lt>
<setOutcomeValue identifier="SCORE">
<variable identifier="MINSCORE"/>
</setOutcomeValue>
</responseIf>
</responseCondition>
<responseCondition>
<responseIf>
<lt>
<variable identifier="SCORE"/>
<baseValue baseType="float">1</baseValue>
</lt>
<setOutcomeValue identifier="FEEDBACKMODAL">
<multiple>
<variable identifier="FEEDBACKMODAL"/>
<baseValue baseType="identifier">Feedback150817346</baseValue>
</multiple>
</setOutcomeValue>
</responseIf>
</responseCondition>
</responseProcessing>
<modalFeedback identifier="Feedback150817346" outcomeIdentifier="FEEDBACKMODAL" showHide="show">
 4 <br /> Incorrect 
 10 <br /> Correct 
 15 <br /> Incorrect 
 5 <br /> Incorrect 
</modalFeedback>
</assessmentItem>
