<?xml version="1.0" encoding="UTF-8"?>
<assessmentItem xsi:schemaLocation="http://www.imsglobal.org/xsd/imsqti_v2p1 http://www.imsglobal.org/xsd/qti/qtiv2p1/imsqti_v2p1p1.xsd http://www.w3.org/1998/Math/MathML http://www.w3.org/Math/XMLSchema/mathml2/mathml2.xsd" identifier="uva-standard-deviation-428-en-ans_726195453_section_1_item_1_schoice" title="Descriptive-statistics_uva-standard-deviation-428-en_uva-standard-deviation-428-en_schoice_1" adaptive="false" timeDependent="false" xmlns="http://www.imsglobal.org/xsd/imsqti_v2p1" xmlns:xsi="http://www.w3.org/2001/XMLSchema-instance">
<responseDeclaration identifier="uva-standard-deviation-428-en-ans_726195453_section_1_item_1_schoice_RESPONSE_1_1967108" cardinality="single" baseType="identifier">
<correctResponse>
<value>uva-standard-deviation-428-en-ans_726195453_section_1_item_1_schoice_3_1981605180</value>
</correctResponse>
<mapping defaultValue="0" lowerBound="0.0">
<mapEntry mapKey="uva-standard-deviation-428-en-ans_726195453_section_1_item_1_schoice_1_9456123844" mappedValue="0"/>
<mapEntry mapKey="uva-standard-deviation-428-en-ans_726195453_section_1_item_1_schoice_2_5013786750" mappedValue="0"/>
<mapEntry mapKey="uva-standard-deviation-428-en-ans_726195453_section_1_item_1_schoice_3_1981605180" mappedValue="1"/>
<mapEntry mapKey="uva-standard-deviation-428-en-ans_726195453_section_1_item_1_schoice_4_2542756328" mappedValue="0"/>
</mapping>
</responseDeclaration>
<outcomeDeclaration identifier="SCORE" cardinality="single" baseType="float" normalMaximum="1" normalMinimum="0">
<defaultValue>
<value>0.0</value>
</defaultValue>
</outcomeDeclaration>
<outcomeDeclaration identifier="MAXSCORE" cardinality="single" baseType="float">
<defaultValue>
<value>1</value>
</defaultValue>
</outcomeDeclaration>
<outcomeDeclaration identifier="FEEDBACKBASIC" cardinality="single" baseType="identifier" view="testConstructor">
<defaultValue>
<value>empty</value>
</defaultValue>
</outcomeDeclaration>
<outcomeDeclaration identifier="FEEDBACKMODAL" cardinality="multiple" baseType="identifier" view="testConstructor"/>
<outcomeDeclaration identifier="SOLUTIONMODAL" cardinality="single" baseType="identifier" view="testConstructor"/>
<outcomeDeclaration identifier="MINSCORE" cardinality="single" baseType="float">
<defaultValue>
<value baseType="float">0</value>
</defaultValue>
</outcomeDeclaration>
<outcomeDeclaration identifier="SCORE_RESPONSE_1" cardinality="single" baseType="float">
<defaultValue>
<value>0.0</value>
</defaultValue>
</outcomeDeclaration>
<outcomeDeclaration identifier="MINSCORE_RESPONSE_1" cardinality="single" baseType="float">
<defaultValue>
<value>0.0</value>
</defaultValue>
</outcomeDeclaration>
<itemBody>
<p>Given two independent stochastic variables X and Y with standard deviations 12 and 5, respectively. Now suppose that Z = X - Y. The s.d. of Z is then equal to</p>
<choiceInteraction responseIdentifier="uva-standard-deviation-428-en-ans_726195453_section_1_item_1_schoice_RESPONSE_1_1967108" shuffle="false" maxChoices="1">
<simpleChoice identifier="uva-standard-deviation-428-en-ans_726195453_section_1_item_1_schoice_1_9456123844">
<p>
 7
</p>
</simpleChoice>
<simpleChoice identifier="uva-standard-deviation-428-en-ans_726195453_section_1_item_1_schoice_2_5013786750">
<p>
 10.9
</p>
</simpleChoice>
<simpleChoice identifier="uva-standard-deviation-428-en-ans_726195453_section_1_item_1_schoice_3_1981605180">
<p>
 13
</p>
</simpleChoice>
<simpleChoice identifier="uva-standard-deviation-428-en-ans_726195453_section_1_item_1_schoice_4_2542756328">
<p>
 17
</p>
</simpleChoice>
</choiceInteraction>
</itemBody>
<responseProcessing>
<setOutcomeValue identifier="SCORE_RESPONSE_1">
<sum>
<variable identifier="SCORE_RESPONSE_1"/>
<mapResponse identifier="uva-standard-deviation-428-en-ans_726195453_section_1_item_1_schoice_RESPONSE_1_1967108"/>
</sum>
</setOutcomeValue>
<responseCondition>
<responseIf>
<lt>
<variable identifier="SCORE_RESPONSE_1"/>
<variable identifier="MINSCORE_RESPONSE_1"/>
</lt>
<setOutcomeValue identifier="SCORE_RESPONSE_1">
<variable identifier="MINSCORE_RESPONSE_1"/>
</setOutcomeValue>
</responseIf>
</responseCondition>
<responseCondition>
<responseIf>
<isNull>
<variable identifier="uva-standard-deviation-428-en-ans_726195453_section_1_item_1_schoice_RESPONSE_1_1967108"/>
</isNull>
<setOutcomeValue identifier="SCORE_RESPONSE_1">
<sum>
<variable identifier="SCORE_RESPONSE_1"/>
<baseValue baseType="float">0</baseValue>
</sum>
</setOutcomeValue>
</responseIf>
</responseCondition>
<setOutcomeValue identifier="SCORE">
<sum>
<variable identifier="SCORE_RESPONSE_1"/>
</sum>
</setOutcomeValue>
<responseCondition>
<responseIf>
<lt>
<variable identifier="SCORE"/>
<variable identifier="MINSCORE"/>
</lt>
<setOutcomeValue identifier="SCORE">
<variable identifier="MINSCORE"/>
</setOutcomeValue>
</responseIf>
</responseCondition>
<responseCondition>
<responseIf>
<lt>
<variable identifier="SCORE"/>
<baseValue baseType="float">1</baseValue>
</lt>
<setOutcomeValue identifier="FEEDBACKMODAL">
<multiple>
<variable identifier="FEEDBACKMODAL"/>
<baseValue baseType="identifier">Feedback921200958</baseValue>
</multiple>
</setOutcomeValue>
</responseIf>
</responseCondition>
</responseProcessing>
<modalFeedback outcomeIdentifier="FEEDBACK" showHide="show" identifier="incorrect">
<ul>
<li> 7 <br /> 7: Incorrect </li>
<li> 10.9 <br /> 10.9: Incorrect </li>
<li> 13 <br /> 13: Correct </li>
<li> 17 <br /> 17: Incorrect </li>
</ul>
</modalFeedback>
</assessmentItem>
