<?xml version="1.0" encoding="utf-8" standalone="yes"?>
<assessmentItem identifier="vufsw-twoway_anova-1328-nl-tv_202209061512_item_1_schoice" title="vufsw-twoway_anova-1328-nl-tv_202209061512_item_1_schoice_vufsw-twoway anova-1328-nl" adaptive="false" timeDependent="false" toolName="Testvision Online" toolVersion="39.0.9084" xmlns="http://www.imsglobal.org/xsd/imsqti_v2p1">
<responseDeclaration identifier="RESPONSE" cardinality="single" baseType="identifier">
<correctResponse>
<value>alt_488326</value>
</correctResponse>
<mapping defaultValue="0" lowerBound="0.0">
<mapEntry mapKey="alt_488326" mappedValue="1"/>
<mapEntry mapKey="alt_743632" mappedValue="-0.333333333333333"/>
<mapEntry mapKey="alt_792726" mappedValue="-0.333333333333333"/>
<mapEntry mapKey="alt_181235" mappedValue="-0.333333333333333"/>
</mapping>
</responseDeclaration>
<outcomeDeclaration identifier="SCORE" cardinality="single" baseType="float" normalMaximum="1" normalMinimum="0" />
<outcomeDeclaration identifier="FEEDBACK" cardinality="single" baseType="identifier" />
<itemBody>
<p>Field beweert dat er een toename is in het aantal spierblessures als
gevolg van het spelen van het computerspel Wii van Nintendo. Een
onderzoekster verwacht dat mensen die sporten hier minder last van
hebben, omdat ze al gewend zijn aan lichaamsbeweging. Voor de
niet-sporters verwacht ze dat een warming-up voorafgaand aan een Wii
sessie zal helpen om deze blessures te voorkomen.</p>
<p>Om dit te onderzoeken selecteert ze 120 sporters en 120 niet-sporters
(‘athlete’ - yes(1)/no(0)). Binnen elk van beide groepen werden de
deelnemers vervolgens random aan twee groepen toegewezen: de helft moest
een stretching (warming-up) doen van 5 minuten, en de andere helft niet
(variabele ‘stretch’ - yes(1)/no(0)). Bij alle deelnemers werden na
afloop van de 4 uur durende Wii sessie de pijnklachten gemeten op een
schaal van 1-10 (‘injury’; 0 = geen pijn, 10 = sterke pijn).</p>
<p>Hieronder staan de resultaten van de analyse.</p>
<p><img src="1606310848601.png" class="fr-fic fr-dii tvcss_2"
alt="1606310848601" /> <img src="1606310861407.png" class="fr-fic fr-dii tvcss_3"
alt="1606310861407" /></p>
<p><img src="1606310896679.png" class="fr-fic fr-dii tvcss_4"
alt="1606310896679" /> <img src="1606310920191.png" class="fr-fic fr-dii tvcss_5"
alt="1606310920191" /></p>
<p>Welk van de onderstaande <em>F</em>-waarden toetst of er verschillen zijn in de
gemiddelde pijnklachten tussen de vier onderscheiden groepen?</p>
<choiceInteraction responseIdentifier="RESPONSE" shuffle="false" maxChoices="1">
<simpleChoice identifier="alt_488326">
<div class="textblock tvblock tvcss_1"><div class="rte_zone tveditor1">
a. 31.316
</div>
</div>
</simpleChoice>
<simpleChoice identifier="alt_743632">
<div class="textblock tvblock tvcss_1"><div class="rte_zone tveditor1">
b. 36.678
</div>
</div>
</simpleChoice>
<simpleChoice identifier="alt_792726">
<div class="textblock tvblock tvcss_1"><div class="rte_zone tveditor1">
c. .785
</div>
</div>
</simpleChoice>
<simpleChoice identifier="alt_181235">
<div class="textblock tvblock tvcss_1"><div class="rte_zone tveditor1">
d. 727.492
</div>
</div>
</simpleChoice>
</choiceInteraction>
</itemBody>
<responseProcessing>
<responseCondition>
<responseIf>
<isNull>
<variable identifier="RESPONSE"/>
</isNull>
<setOutcomeValue identifier="SCORE">
<baseValue baseType="float">0.0</baseValue>
</setOutcomeValue>
<setOutcomeValue identifier="FEEDBACK">
<baseValue baseType="identifier">FAILURE</baseValue>
</setOutcomeValue>
</responseIf>
<responseElse>
<setOutcomeValue identifier="SCORE">
<mapResponse identifier="RESPONSE"/>
</setOutcomeValue>
<responseCondition>
<responseIf>
<equal toleranceMode="relative" tolerance="0.001">
<variable identifier="SCORE"/>
<variable identifier="MAXSCORE"/>
</equal>
<setOutcomeValue identifier="FEEDBACK">
<baseValue baseType="identifier">ANSWER_CORRECT</baseValue>
</setOutcomeValue>
</responseIf>
<responseElse>
<setOutcomeValue identifier="FEEDBACK">
<baseValue baseType="identifier">FAILURE</baseValue>
</setOutcomeValue>
</responseElse>
</responseCondition>
</responseElse>
</responseCondition>
</responseProcessing>
<modalFeedback identifier="FAILURE" outcomeIdentifier="FEEDBACK" showHide="show">
<div class="textblock tvblock tvcss_1"><div class="rte_zone tveditor1">
<ol>
<li> 31.316 <br /> True </li>
<li> 36.678 <br /> False </li>
<li> .785 <br /> False </li>
<li> 727.492 <br /> False </li>
</ol>
</div>
</div>
</modalFeedback>
<modalFeedback identifier="ANSWER_CORRECT" outcomeIdentifier="FEEDBACK" showHide="show">
<div class="textblock tvblock tvcss_1"><div class="rte_zone tveditor1">
<ol>
<li> 31.316 <br /> True </li>
<li> 36.678 <br /> False </li>
<li> .785 <br /> False </li>
<li> 727.492 <br /> False </li>
</ol>
</div>
</div>
</modalFeedback>
<modalFeedback identifier="PARTIAL_CORRECT" outcomeIdentifier="FEEDBACK" showHide="show">
<div class="textblock tvblock tvcss_1"><div class="rte_zone tveditor1">
<ol>
<li> 31.316 <br /> True </li>
<li> 36.678 <br /> False </li>
<li> .785 <br /> False </li>
<li> 727.492 <br /> False </li>
</ol>
</div>
</div>
</modalFeedback>
</assessmentItem>
