<?xml version="1.0" encoding="utf-8" standalone="yes"?>
<assessmentItem identifier="uva-variance-375-en-tv_202510071722_item_1_schoice" title="uva-variance-375-en-tv_202510071722_item_1_schoice_uva-variance-375-en" adaptive="false" timeDependent="false" toolName="Testvision Online" toolVersion="39.0.9084" xmlns="http://www.imsglobal.org/xsd/imsqti_v2p1">
<responseDeclaration identifier="RESPONSE" cardinality="single" baseType="identifier">
<correctResponse>
<value>alt_119035</value>
</correctResponse>
<mapping defaultValue="0" lowerBound="0.0">
<mapEntry mapKey="alt_198212" mappedValue="-0.333333333333333"/>
<mapEntry mapKey="alt_119035" mappedValue="1"/>
<mapEntry mapKey="alt_305827" mappedValue="-0.333333333333333"/>
<mapEntry mapKey="alt_723462" mappedValue="-0.333333333333333"/>
</mapping>
</responseDeclaration>
<outcomeDeclaration identifier="SCORE" cardinality="single" baseType="float" normalMaximum="1" normalMinimum="0" />
<outcomeDeclaration identifier="FEEDBACK" cardinality="single" baseType="identifier" />
<stylesheet href="css/uva-variance-375-en-tv_202510071722_item_1_schoice.css" type="text/css" />
<itemBody>
<p>From a population of asthmatics, a sample of 6 persons is drawn and their vital lung capacity (in liters) is measured, with the outcomes: 2.47, 2.25, 2.65, 2.00, 3.41, 2.22. The estimated variance of the sample mean is</p>
<choiceInteraction responseIdentifier="RESPONSE" shuffle="false" maxChoices="1">
<simpleChoice identifier="alt_198212">
<div class="textblock tvblock tvcss_1"><div class="rte_zone tveditor1">
 0.0345
</div>
</div>
</simpleChoice>
<simpleChoice identifier="alt_119035">
<div class="textblock tvblock tvcss_1"><div class="rte_zone tveditor1">
 0.0414
</div>
</div>
</simpleChoice>
<simpleChoice identifier="alt_305827">
<div class="textblock tvblock tvcss_1"><div class="rte_zone tveditor1">
 0.0497
</div>
</div>
</simpleChoice>
<simpleChoice identifier="alt_723462">
<div class="textblock tvblock tvcss_1"><div class="rte_zone tveditor1">
 0.2035
</div>
</div>
</simpleChoice>
</choiceInteraction>
</itemBody>
<responseProcessing>
<responseCondition>
<responseIf>
<isNull>
<variable identifier="RESPONSE"/>
</isNull>
<setOutcomeValue identifier="SCORE">
<baseValue baseType="float">0.0</baseValue>
</setOutcomeValue>
<setOutcomeValue identifier="FEEDBACK">
<baseValue baseType="identifier">FAILURE</baseValue>
</setOutcomeValue>
</responseIf>
<responseElse>
<setOutcomeValue identifier="SCORE">
<mapResponse identifier="RESPONSE"/>
</setOutcomeValue>
<responseCondition>
<responseIf>
<equal toleranceMode="relative" tolerance="0.001">
<variable identifier="SCORE"/>
<variable identifier="MAXSCORE"/>
</equal>
<setOutcomeValue identifier="FEEDBACK">
<baseValue baseType="identifier">ANSWER_CORRECT</baseValue>
</setOutcomeValue>
</responseIf>
<responseElse>
<setOutcomeValue identifier="FEEDBACK">
<baseValue baseType="identifier">FAILURE</baseValue>
</setOutcomeValue>
</responseElse>
</responseCondition>
</responseElse>
</responseCondition>
</responseProcessing>
<modalFeedback identifier="FAILURE" outcomeIdentifier="FEEDBACK" showHide="show">
<div class="textblock tvblock tvcss_1"><div class="rte_zone tveditor1">
<ul>
<li> 0.0345 <br /> 0.0345: Incorrect </li>
<li> 0.0414 <br /> 0.0414: Correct </li>
<li> 0.0497 <br /> 0.0497: Incorrect </li>
<li> 0.2035 <br /> 0.2035: Incorrect </li>
</ul>
</div>
</div>
</modalFeedback>
<modalFeedback identifier="ANSWER_CORRECT" outcomeIdentifier="FEEDBACK" showHide="show">
<div class="textblock tvblock tvcss_1"><div class="rte_zone tveditor1">
<ul>
<li> 0.0345 <br /> 0.0345: Incorrect </li>
<li> 0.0414 <br /> 0.0414: Correct </li>
<li> 0.0497 <br /> 0.0497: Incorrect </li>
<li> 0.2035 <br /> 0.2035: Incorrect </li>
</ul>
</div>
</div>
</modalFeedback>
<modalFeedback identifier="PARTIAL_CORRECT" outcomeIdentifier="FEEDBACK" showHide="show">
<div class="textblock tvblock tvcss_1"><div class="rte_zone tveditor1">
<ul>
<li> 0.0345 <br /> 0.0345: Incorrect </li>
<li> 0.0414 <br /> 0.0414: Correct </li>
<li> 0.0497 <br /> 0.0497: Incorrect </li>
<li> 0.2035 <br /> 0.2035: Incorrect </li>
</ul>
</div>
</div>
</modalFeedback>
</assessmentItem>
