<?xml version="1.0" encoding="UTF-8"?>
<assessmentItem xsi:schemaLocation="http://www.imsglobal.org/xsd/imsqti_v2p1 http://www.imsglobal.org/xsd/qti/qtiv2p1/imsqti_v2p1p1.xsd http://www.w3.org/1998/Math/MathML http://www.w3.org/Math/XMLSchema/mathml2/mathml2.xsd" identifier="uva-one-sample-mean-307-nl-qti_572291621_section_1_item_1_schoice" title="1" adaptive="false" timeDependent="false" xmlns="http://www.imsglobal.org/xsd/imsqti_v2p1" xmlns:xsi="http://www.w3.org/2001/XMLSchema-instance">
<responseDeclaration identifier="uva-one-sample-mean-307-nl-qti_572291621_section_1_item_1_schoice_RESPONSE_1_1064280" cardinality="single" baseType="identifier">
<correctResponse>
<value>uva-one-sample-mean-307-nl-qti_572291621_section_1_item_1_schoice_4_2297746743</value>
</correctResponse>
<mapping defaultValue="0" lowerBound="0.0">
<mapEntry mapKey="uva-one-sample-mean-307-nl-qti_572291621_section_1_item_1_schoice_1_1145787896" mappedValue="0"/>
<mapEntry mapKey="uva-one-sample-mean-307-nl-qti_572291621_section_1_item_1_schoice_2_9538498547" mappedValue="0"/>
<mapEntry mapKey="uva-one-sample-mean-307-nl-qti_572291621_section_1_item_1_schoice_3_9399984061" mappedValue="0"/>
<mapEntry mapKey="uva-one-sample-mean-307-nl-qti_572291621_section_1_item_1_schoice_4_2297746743" mappedValue="1"/>
</mapping>
</responseDeclaration>
<outcomeDeclaration identifier="SCORE" cardinality="single" baseType="float" normalMaximum="1" normalMinimum="0">
<defaultValue>
<value>0.0</value>
</defaultValue>
</outcomeDeclaration>
<outcomeDeclaration identifier="MAXSCORE" cardinality="single" baseType="float">
<defaultValue>
<value>1</value>
</defaultValue>
</outcomeDeclaration>
<outcomeDeclaration identifier="FEEDBACKBASIC" cardinality="single" baseType="identifier" view="testConstructor">
<defaultValue>
<value>empty</value>
</defaultValue>
</outcomeDeclaration>
<outcomeDeclaration identifier="FEEDBACKMODAL" cardinality="multiple" baseType="identifier" view="testConstructor"/>
<outcomeDeclaration identifier="SOLUTIONMODAL" cardinality="single" baseType="identifier" view="testConstructor"/>
<outcomeDeclaration identifier="MINSCORE" cardinality="single" baseType="float">
<defaultValue>
<value baseType="float">0</value>
</defaultValue>
</outcomeDeclaration>
<outcomeDeclaration identifier="SCORE_RESPONSE_1" cardinality="single" baseType="float">
<defaultValue>
<value>0.0</value>
</defaultValue>
</outcomeDeclaration>
<outcomeDeclaration identifier="MINSCORE_RESPONSE_1" cardinality="single" baseType="float">
<defaultValue>
<value>0.0</value>
</defaultValue>
</outcomeDeclaration>
<itemBody>
<p>We trekken een steekproef uit een normaal verdeelde populatie N(μ,
σ<sup>²</sup>), met als uitkomsten: 20, 20, 36 en 20. We toetsen H<sub>0</sub>: μ = 20
tegen H<sub>1</sub>: μ ≠ 20 met 5% risico. Er is gegeven dat σ = 8. Hoe moet de
conclusie luiden?</p>
<choiceInteraction responseIdentifier="uva-one-sample-mean-307-nl-qti_572291621_section_1_item_1_schoice_RESPONSE_1_1064280" shuffle="false" maxChoices="1">
<simpleChoice identifier="uva-one-sample-mean-307-nl-qti_572291621_section_1_item_1_schoice_1_1145787896">
<p>
 Het toetsresultaat is significant, verwerp H0
</p>
</simpleChoice>
<simpleChoice identifier="uva-one-sample-mean-307-nl-qti_572291621_section_1_item_1_schoice_2_9538498547">
<p>
 Het toetsresultaat is significant, verwerp H0 niet
</p>
</simpleChoice>
<simpleChoice identifier="uva-one-sample-mean-307-nl-qti_572291621_section_1_item_1_schoice_3_9399984061">
<p>
 Het toetsresultaat is niet significant, verwerp H0
</p>
</simpleChoice>
<simpleChoice identifier="uva-one-sample-mean-307-nl-qti_572291621_section_1_item_1_schoice_4_2297746743">
<p>
 Het toetsresultaat is niet significant, verwerp H0 niet
</p>
</simpleChoice>
</choiceInteraction>
</itemBody>
<responseProcessing>
<setOutcomeValue identifier="SCORE_RESPONSE_1">
<sum>
<variable identifier="SCORE_RESPONSE_1"/>
<mapResponse identifier="uva-one-sample-mean-307-nl-qti_572291621_section_1_item_1_schoice_RESPONSE_1_1064280"/>
</sum>
</setOutcomeValue>
<responseCondition>
<responseIf>
<lt>
<variable identifier="SCORE_RESPONSE_1"/>
<variable identifier="MINSCORE_RESPONSE_1"/>
</lt>
<setOutcomeValue identifier="SCORE_RESPONSE_1">
<variable identifier="MINSCORE_RESPONSE_1"/>
</setOutcomeValue>
</responseIf>
</responseCondition>
<responseCondition>
<responseIf>
<isNull>
<variable identifier="uva-one-sample-mean-307-nl-qti_572291621_section_1_item_1_schoice_RESPONSE_1_1064280"/>
</isNull>
<setOutcomeValue identifier="SCORE_RESPONSE_1">
<sum>
<variable identifier="SCORE_RESPONSE_1"/>
<baseValue baseType="float">0</baseValue>
</sum>
</setOutcomeValue>
</responseIf>
</responseCondition>
<setOutcomeValue identifier="SCORE">
<sum>
<variable identifier="SCORE_RESPONSE_1"/>
</sum>
</setOutcomeValue>
<responseCondition>
<responseIf>
<lt>
<variable identifier="SCORE"/>
<variable identifier="MINSCORE"/>
</lt>
<setOutcomeValue identifier="SCORE">
<variable identifier="MINSCORE"/>
</setOutcomeValue>
</responseIf>
</responseCondition>
<responseCondition>
<responseIf>
<lt>
<variable identifier="SCORE"/>
<baseValue baseType="float">1</baseValue>
</lt>
<setOutcomeValue identifier="FEEDBACKMODAL">
<multiple>
<variable identifier="FEEDBACKMODAL"/>
<baseValue baseType="identifier">Feedback174192632</baseValue>
</multiple>
</setOutcomeValue>
</responseIf>
</responseCondition>
</responseProcessing>
<modalFeedback identifier="Feedback174192632" outcomeIdentifier="FEEDBACKMODAL" showHide="show">
<ul>
<li> Het toetsresultaat is significant, verwerp H0 <br /> Het toetsresultaat is significant, verwerp H0: Incorrect </li>
<li> Het toetsresultaat is significant, verwerp H0 niet <br /> Het toetsresultaat is significant, verwerp H0 niet: Incorrect </li>
<li> Het toetsresultaat is niet significant, verwerp H0 <br /> Het toetsresultaat is niet significant, verwerp H0: Incorrect </li>
<li> Het toetsresultaat is niet significant, verwerp H0 niet <br /> Het toetsresultaat is niet significant, verwerp H0 niet: Correct </li>
</ul>
</modalFeedback>
</assessmentItem>
