<?xml version="1.0" encoding="UTF-8"?>
<assessmentItem xsi:schemaLocation="http://www.imsglobal.org/xsd/imsqti_v2p1 http://www.imsglobal.org/xsd/qti/qtiv2p1/imsqti_v2p1p1.xsd http://www.w3.org/1998/Math/MathML http://www.w3.org/Math/XMLSchema/mathml2/mathml2.xsd" identifier="uva-squared-1485-nl-ans_868403219_section_1_item_1_schoice" title="Inferential_Statistics_uva-squared-1485-nl_uva-squared-1485-nl_schoice_1" adaptive="false" timeDependent="false" xmlns="http://www.imsglobal.org/xsd/imsqti_v2p1" xmlns:xsi="http://www.w3.org/2001/XMLSchema-instance">
<responseDeclaration identifier="uva-squared-1485-nl-ans_868403219_section_1_item_1_schoice_RESPONSE_1_3296025" cardinality="single" baseType="identifier">
<correctResponse>
<value>uva-squared-1485-nl-ans_868403219_section_1_item_1_schoice_1_5071011628</value>
</correctResponse>
<mapping defaultValue="0" lowerBound="0.0">
<mapEntry mapKey="uva-squared-1485-nl-ans_868403219_section_1_item_1_schoice_1_5071011628" mappedValue="1"/>
<mapEntry mapKey="uva-squared-1485-nl-ans_868403219_section_1_item_1_schoice_2_6082507084" mappedValue="0"/>
<mapEntry mapKey="uva-squared-1485-nl-ans_868403219_section_1_item_1_schoice_3_1770746364" mappedValue="0"/>
</mapping>
</responseDeclaration>
<outcomeDeclaration identifier="SCORE" cardinality="single" baseType="float" normalMaximum="1" normalMinimum="0">
<defaultValue>
<value>0.0</value>
</defaultValue>
</outcomeDeclaration>
<outcomeDeclaration identifier="MAXSCORE" cardinality="single" baseType="float">
<defaultValue>
<value>1</value>
</defaultValue>
</outcomeDeclaration>
<outcomeDeclaration identifier="FEEDBACKBASIC" cardinality="single" baseType="identifier" view="testConstructor">
<defaultValue>
<value>empty</value>
</defaultValue>
</outcomeDeclaration>
<outcomeDeclaration identifier="FEEDBACKMODAL" cardinality="multiple" baseType="identifier" view="testConstructor"/>
<outcomeDeclaration identifier="SOLUTIONMODAL" cardinality="single" baseType="identifier" view="testConstructor"/>
<outcomeDeclaration identifier="MINSCORE" cardinality="single" baseType="float">
<defaultValue>
<value baseType="float">0</value>
</defaultValue>
</outcomeDeclaration>
<outcomeDeclaration identifier="SCORE_RESPONSE_1" cardinality="single" baseType="float">
<defaultValue>
<value>0.0</value>
</defaultValue>
</outcomeDeclaration>
<outcomeDeclaration identifier="MINSCORE_RESPONSE_1" cardinality="single" baseType="float">
<defaultValue>
<value>0.0</value>
</defaultValue>
</outcomeDeclaration>
<itemBody>
<p>Gegeven is de volgende frequentietabel.</p>
<table>
<tbody>
<tr class="odd">
<td></td>
<td align="left">Sportauto</td>
<td align="left">Familieauto</td>
</tr>
<tr class="even">
<td>Man</td>
<td align="left">20</td>
<td align="left">8</td>
</tr>
<tr class="odd">
<td>Vrouw</td>
<td align="left">17</td>
<td align="left">29</td>
</tr>
</tbody>
</table>
<p>Wat is de verwachte celfrequentie van een Man met Sportauto onder de
aanname van onafhankelijkheid van de nulhypothese?</p>
<choiceInteraction responseIdentifier="uva-squared-1485-nl-ans_868403219_section_1_item_1_schoice_RESPONSE_1_3296025" shuffle="false" maxChoices="1">
<simpleChoice identifier="uva-squared-1485-nl-ans_868403219_section_1_item_1_schoice_1_5071011628">
<p>
 14
</p>
</simpleChoice>
<simpleChoice identifier="uva-squared-1485-nl-ans_868403219_section_1_item_1_schoice_2_6082507084">
<p>
 15
</p>
</simpleChoice>
<simpleChoice identifier="uva-squared-1485-nl-ans_868403219_section_1_item_1_schoice_3_1770746364">
<p>
 18.5
</p>
</simpleChoice>
</choiceInteraction>
</itemBody>
<responseProcessing>
<setOutcomeValue identifier="SCORE_RESPONSE_1">
<sum>
<variable identifier="SCORE_RESPONSE_1"/>
<mapResponse identifier="uva-squared-1485-nl-ans_868403219_section_1_item_1_schoice_RESPONSE_1_3296025"/>
</sum>
</setOutcomeValue>
<responseCondition>
<responseIf>
<lt>
<variable identifier="SCORE_RESPONSE_1"/>
<variable identifier="MINSCORE_RESPONSE_1"/>
</lt>
<setOutcomeValue identifier="SCORE_RESPONSE_1">
<variable identifier="MINSCORE_RESPONSE_1"/>
</setOutcomeValue>
</responseIf>
</responseCondition>
<responseCondition>
<responseIf>
<isNull>
<variable identifier="uva-squared-1485-nl-ans_868403219_section_1_item_1_schoice_RESPONSE_1_3296025"/>
</isNull>
<setOutcomeValue identifier="SCORE_RESPONSE_1">
<sum>
<variable identifier="SCORE_RESPONSE_1"/>
<baseValue baseType="float">0</baseValue>
</sum>
</setOutcomeValue>
</responseIf>
</responseCondition>
<setOutcomeValue identifier="SCORE">
<sum>
<variable identifier="SCORE_RESPONSE_1"/>
</sum>
</setOutcomeValue>
<responseCondition>
<responseIf>
<lt>
<variable identifier="SCORE"/>
<variable identifier="MINSCORE"/>
</lt>
<setOutcomeValue identifier="SCORE">
<variable identifier="MINSCORE"/>
</setOutcomeValue>
</responseIf>
</responseCondition>
<responseCondition>
<responseIf>
<lt>
<variable identifier="SCORE"/>
<baseValue baseType="float">1</baseValue>
</lt>
<setOutcomeValue identifier="FEEDBACKMODAL">
<multiple>
<variable identifier="FEEDBACKMODAL"/>
<baseValue baseType="identifier">Feedback672134603</baseValue>
</multiple>
</setOutcomeValue>
</responseIf>
</responseCondition>
</responseProcessing>
<modalFeedback outcomeIdentifier="FEEDBACK" showHide="show" identifier="incorrect">
<ul>
<li> 14 <br /> 14: Correct </li>
<li> 15 <br /> 15: Incorrect </li>
<li> 18.5 <br /> 18.5: Incorrect </li>
</ul>
</modalFeedback>
</assessmentItem>
