<?xml version="1.0" encoding="UTF-8"?>
<assessmentItem xsi:schemaLocation="http://www.imsglobal.org/xsd/imsqti_v2p1 http://www.imsglobal.org/xsd/qti/qtiv2p1/imsqti_v2p1p1.xsd http://www.w3.org/1998/Math/MathML http://www.w3.org/Math/XMLSchema/mathml2/mathml2.xsd" identifier="vufgb-slope-003-nl_924823383_section_1_item_1_schoice" title="1" adaptive="false" timeDependent="false" xmlns="http://www.imsglobal.org/xsd/imsqti_v2p1" xmlns:xsi="http://www.w3.org/2001/XMLSchema-instance">
<responseDeclaration identifier="vufgb-slope-003-nl_924823383_section_1_item_1_schoice_RESPONSE_1_7197146" cardinality="single" baseType="identifier">
<correctResponse>
<value>vufgb-slope-003-nl_924823383_section_1_item_1_schoice_2_4182896070</value>
</correctResponse>
<mapping defaultValue="0" lowerBound="0.0">
<mapEntry mapKey="vufgb-slope-003-nl_924823383_section_1_item_1_schoice_1_6408835704" mappedValue="0"/>
<mapEntry mapKey="vufgb-slope-003-nl_924823383_section_1_item_1_schoice_2_4182896070" mappedValue="1"/>
<mapEntry mapKey="vufgb-slope-003-nl_924823383_section_1_item_1_schoice_3_8247602726" mappedValue="0"/>
<mapEntry mapKey="vufgb-slope-003-nl_924823383_section_1_item_1_schoice_4_7987649128" mappedValue="0"/>
</mapping>
</responseDeclaration>
<outcomeDeclaration identifier="SCORE" cardinality="single" baseType="float" normalMaximum="1" normalMinimum="0">
<defaultValue>
<value>0.0</value>
</defaultValue>
</outcomeDeclaration>
<outcomeDeclaration identifier="MAXSCORE" cardinality="single" baseType="float">
<defaultValue>
<value>1</value>
</defaultValue>
</outcomeDeclaration>
<outcomeDeclaration identifier="FEEDBACKBASIC" cardinality="single" baseType="identifier" view="testConstructor">
<defaultValue>
<value>empty</value>
</defaultValue>
</outcomeDeclaration>
<outcomeDeclaration identifier="FEEDBACKMODAL" cardinality="multiple" baseType="identifier" view="testConstructor"/>
<outcomeDeclaration identifier="MINSCORE" cardinality="single" baseType="float">
<defaultValue>
<value baseType="float">0</value>
</defaultValue>
</outcomeDeclaration>
<outcomeDeclaration identifier="SCORE_RESPONSE_1" cardinality="single" baseType="float">
<defaultValue>
<value>0.0</value>
</defaultValue>
</outcomeDeclaration>
<outcomeDeclaration identifier="MINSCORE_RESPONSE_1" cardinality="single" baseType="float">
<defaultValue>
<value>0.0</value>
</defaultValue>
</outcomeDeclaration>
<itemBody>
<p>In een meervoudig regressiemodel zijn twee predictoren (<math display="inline" xmlns="http://www.w3.org/1998/Math/MathML"><semantics><msub><mi>x</mi><mn>1</mn></msub><annotation encoding="application/x-tex">x_{1}</annotation></semantics></math> en <math display="inline" xmlns="http://www.w3.org/1998/Math/MathML"><semantics><msub><mi>x</mi><mn>2</mn></msub><annotation encoding="application/x-tex">x_{2}</annotation></semantics></math>) en de interactie tussen <math display="inline" xmlns="http://www.w3.org/1998/Math/MathML"><semantics><msub><mi>x</mi><mn>1</mn></msub><annotation encoding="application/x-tex">x_{1}</annotation></semantics></math> en <math display="inline" xmlns="http://www.w3.org/1998/Math/MathML"><semantics><msub><mi>x</mi><mn>2</mn></msub><annotation encoding="application/x-tex">x_{2}</annotation></semantics></math> opgenomen (<math display="inline" xmlns="http://www.w3.org/1998/Math/MathML"><semantics><mrow><msub><mi>x</mi><mn>1</mn></msub><mo>*</mo><msub><mi>x</mi><mn>2</mn></msub></mrow><annotation encoding="application/x-tex">x_{1}*x_{2}</annotation></semantics></math>). Wat is, na centreren van de predictoren <math display="inline" xmlns="http://www.w3.org/1998/Math/MathML"><semantics><msub><mi>x</mi><mn>1</mn></msub><annotation encoding="application/x-tex">x_{1}</annotation></semantics></math> en <math display="inline" xmlns="http://www.w3.org/1998/Math/MathML"><semantics><msub><mi>x</mi><mn>2</mn></msub><annotation encoding="application/x-tex">x_{2}</annotation></semantics></math>, de juiste interpretatie van de regressiecoëfficiënt (<math display="inline" xmlns="http://www.w3.org/1998/Math/MathML"><semantics><msub><mi>b</mi><mn>1</mn></msub><annotation encoding="application/x-tex">b_{1}</annotation></semantics></math>) die hoort bij de eerste predictor?</p>
<choiceInteraction responseIdentifier="vufgb-slope-003-nl_924823383_section_1_item_1_schoice_RESPONSE_1_7197146" shuffle="false" maxChoices="1">
<simpleChoice identifier="vufgb-slope-003-nl_924823383_section_1_item_1_schoice_1_6408835704">
<p>
a. Het geschatte verband tussen <math display="inline" xmlns="http://www.w3.org/1998/Math/MathML"><semantics><msub><mi>x</mi><mn>1</mn></msub><annotation encoding="application/x-tex">x_{1}</annotation></semantics></math> en y gegeven <math display="inline" xmlns="http://www.w3.org/1998/Math/MathML"><semantics><mrow><msub><mi>x</mi><mn>2</mn></msub><mo>=</mo><mn>0</mn></mrow><annotation encoding="application/x-tex">x_{2} = 0</annotation></semantics></math>
</p>
</simpleChoice>
<simpleChoice identifier="vufgb-slope-003-nl_924823383_section_1_item_1_schoice_2_4182896070">
<p>
b. Het geschatte verband tussen <math display="inline" xmlns="http://www.w3.org/1998/Math/MathML"><semantics><msub><mi>x</mi><mn>1</mn></msub><annotation encoding="application/x-tex">x_{1}</annotation></semantics></math> en y gegeven een gemiddelde score op <math display="inline" xmlns="http://www.w3.org/1998/Math/MathML"><semantics><msub><mi>x</mi><mn>2</mn></msub><annotation encoding="application/x-tex">x_{2}</annotation></semantics></math>
</p>
</simpleChoice>
<simpleChoice identifier="vufgb-slope-003-nl_924823383_section_1_item_1_schoice_3_8247602726">
<p>
c. Het geschatte verband tussen <math display="inline" xmlns="http://www.w3.org/1998/Math/MathML"><semantics><msub><mi>x</mi><mn>1</mn></msub><annotation encoding="application/x-tex">x_{1}</annotation></semantics></math> en y gegeven dat <math display="inline" xmlns="http://www.w3.org/1998/Math/MathML"><semantics><msub><mi>x</mi><mn>2</mn></msub><annotation encoding="application/x-tex">x_{2}</annotation></semantics></math> constant blijft
</p>
</simpleChoice>
<simpleChoice identifier="vufgb-slope-003-nl_924823383_section_1_item_1_schoice_4_7987649128">
<p>
d. Het geschatte verband tussen <math display="inline" xmlns="http://www.w3.org/1998/Math/MathML"><semantics><msub><mi>x</mi><mn>1</mn></msub><annotation encoding="application/x-tex">x_{1}</annotation></semantics></math> en y gegeven een constante van 0
</p>
</simpleChoice>
</choiceInteraction>
</itemBody>
<responseProcessing>
<responseCondition>
<responseIf>
<isNull>
<variable identifier="vufgb-slope-003-nl_924823383_section_1_item_1_schoice_RESPONSE_1_7197146"/>
</isNull>
<setOutcomeValue identifier="SCORE_RESPONSE_1">
<sum>
<variable identifier="SCORE_RESPONSE_1"/>
<baseValue baseType="float">0</baseValue>
</sum>
</setOutcomeValue>
</responseIf>
</responseCondition>
<setOutcomeValue identifier="SCORE_RESPONSE_1">
<sum>
<variable identifier="SCORE_RESPONSE_1"/>
<mapResponse identifier="vufgb-slope-003-nl_924823383_section_1_item_1_schoice_RESPONSE_1_7197146"/>
</sum>
</setOutcomeValue>
<responseCondition>
<responseIf>
<lt>
<variable identifier="SCORE_RESPONSE_1"/>
<variable identifier="MINSCORE_RESPONSE_1"/>
</lt>
<setOutcomeValue identifier="SCORE_RESPONSE_1">
<variable identifier="MINSCORE_RESPONSE_1"/>
</setOutcomeValue>
</responseIf>
</responseCondition>
<setOutcomeValue identifier="SCORE">
<sum>
<variable identifier="SCORE_RESPONSE_1"/>
</sum>
</setOutcomeValue>
<responseCondition>
<responseIf>
<lt>
<variable identifier="SCORE"/>
<variable identifier="MINSCORE"/>
</lt>
<setOutcomeValue identifier="SCORE">
<variable identifier="MINSCORE"/>
</setOutcomeValue>
</responseIf>
</responseCondition>
<responseCondition>
<responseIf>
<lt>
<variable identifier="SCORE"/>
<baseValue baseType="float">1</baseValue>
</lt>
<setOutcomeValue identifier="FEEDBACKMODAL">
<multiple>
<variable identifier="FEEDBACKMODAL"/>
<baseValue baseType="identifier">Feedback741268967</baseValue>
</multiple>
</setOutcomeValue>
</responseIf>
</responseCondition>
</responseProcessing>
<modalFeedback identifier="Feedback741268967" outcomeIdentifier="FEEDBACKMODAL" showHide="show">
<ol type = "a">
<li> Het geschatte verband tussen <math display="inline" xmlns="http://www.w3.org/1998/Math/MathML"><semantics><msub><mi>x</mi><mn>1</mn></msub><annotation encoding="application/x-tex">x_{1}</annotation></semantics></math> en y gegeven <math display="inline" xmlns="http://www.w3.org/1998/Math/MathML"><semantics><mrow><msub><mi>x</mi><mn>2</mn></msub><mo>=</mo><mn>0</mn></mrow><annotation encoding="application/x-tex">x_{2} = 0</annotation></semantics></math> <br /> Incorrect </li>
<li> Het geschatte verband tussen <math display="inline" xmlns="http://www.w3.org/1998/Math/MathML"><semantics><msub><mi>x</mi><mn>1</mn></msub><annotation encoding="application/x-tex">x_{1}</annotation></semantics></math> en y gegeven een gemiddelde score op <math display="inline" xmlns="http://www.w3.org/1998/Math/MathML"><semantics><msub><mi>x</mi><mn>2</mn></msub><annotation encoding="application/x-tex">x_{2}</annotation></semantics></math> <br /> Correct </li>
<li> Het geschatte verband tussen <math display="inline" xmlns="http://www.w3.org/1998/Math/MathML"><semantics><msub><mi>x</mi><mn>1</mn></msub><annotation encoding="application/x-tex">x_{1}</annotation></semantics></math> en y gegeven dat <math display="inline" xmlns="http://www.w3.org/1998/Math/MathML"><semantics><msub><mi>x</mi><mn>2</mn></msub><annotation encoding="application/x-tex">x_{2}</annotation></semantics></math> constant blijft <br /> Incorrect </li>
<li> Het geschatte verband tussen <math display="inline" xmlns="http://www.w3.org/1998/Math/MathML"><semantics><msub><mi>x</mi><mn>1</mn></msub><annotation encoding="application/x-tex">x_{1}</annotation></semantics></math> en y gegeven een constante van 0 <br /> Incorrect </li>
</ol>
</modalFeedback>
</assessmentItem>
