<?xml version="1.0" encoding="UTF-8"?>
<assessmentItem xsi:schemaLocation="http://www.imsglobal.org/xsd/imsqti_v2p1 http://www.imsglobal.org/xsd/qti/qtiv2p1/imsqti_v2p1p1.xsd http://www.w3.org/1998/Math/MathML http://www.w3.org/Math/XMLSchema/mathml2/mathml2.xsd" identifier="eur-inferential_statistics-112-en-qti_223062643_section_1_item_1_schoice" title="1" adaptive="false" timeDependent="false" xmlns="http://www.imsglobal.org/xsd/imsqti_v2p1" xmlns:xsi="http://www.w3.org/2001/XMLSchema-instance">
<responseDeclaration identifier="eur-inferential_statistics-112-en-qti_223062643_section_1_item_1_schoice_RESPONSE_1_3765764" cardinality="single" baseType="identifier">
<correctResponse>
<value>eur-inferential_statistics-112-en-qti_223062643_section_1_item_1_schoice_1_7219146066</value>
</correctResponse>
<mapping defaultValue="0" lowerBound="0.0">
<mapEntry mapKey="eur-inferential_statistics-112-en-qti_223062643_section_1_item_1_schoice_1_7219146066" mappedValue="1"/>
<mapEntry mapKey="eur-inferential_statistics-112-en-qti_223062643_section_1_item_1_schoice_2_8666633502" mappedValue="0"/>
<mapEntry mapKey="eur-inferential_statistics-112-en-qti_223062643_section_1_item_1_schoice_3_9630439526" mappedValue="0"/>
<mapEntry mapKey="eur-inferential_statistics-112-en-qti_223062643_section_1_item_1_schoice_4_5951734034" mappedValue="0"/>
</mapping>
</responseDeclaration>
<outcomeDeclaration identifier="SCORE" cardinality="single" baseType="float" normalMaximum="1" normalMinimum="0">
<defaultValue>
<value>0.0</value>
</defaultValue>
</outcomeDeclaration>
<outcomeDeclaration identifier="MAXSCORE" cardinality="single" baseType="float">
<defaultValue>
<value>1</value>
</defaultValue>
</outcomeDeclaration>
<outcomeDeclaration identifier="FEEDBACKBASIC" cardinality="single" baseType="identifier" view="testConstructor">
<defaultValue>
<value>empty</value>
</defaultValue>
</outcomeDeclaration>
<outcomeDeclaration identifier="FEEDBACKMODAL" cardinality="multiple" baseType="identifier" view="testConstructor"/>
<outcomeDeclaration identifier="SOLUTIONMODAL" cardinality="single" baseType="identifier" view="testConstructor"/>
<outcomeDeclaration identifier="MINSCORE" cardinality="single" baseType="float">
<defaultValue>
<value baseType="float">0</value>
</defaultValue>
</outcomeDeclaration>
<outcomeDeclaration identifier="SCORE_RESPONSE_1" cardinality="single" baseType="float">
<defaultValue>
<value>0.0</value>
</defaultValue>
</outcomeDeclaration>
<outcomeDeclaration identifier="MINSCORE_RESPONSE_1" cardinality="single" baseType="float">
<defaultValue>
<value>0.0</value>
</defaultValue>
</outcomeDeclaration>
<itemBody>
<p>The null hypothesis used in hypothesis testing with the Pearson correlation is:</p>
<choiceInteraction responseIdentifier="eur-inferential_statistics-112-en-qti_223062643_section_1_item_1_schoice_RESPONSE_1_3765764" shuffle="false" maxChoices="1">
<simpleChoice identifier="eur-inferential_statistics-112-en-qti_223062643_section_1_item_1_schoice_1_7219146066">
<p>
 the correlation is 0 in the population
</p>
</simpleChoice>
<simpleChoice identifier="eur-inferential_statistics-112-en-qti_223062643_section_1_item_1_schoice_2_8666633502">
<p>
 the correlation is not equal to 0 in the sample
</p>
</simpleChoice>
<simpleChoice identifier="eur-inferential_statistics-112-en-qti_223062643_section_1_item_1_schoice_3_9630439526">
<p>
 the correlation is not equal to 0 in the population
</p>
</simpleChoice>
<simpleChoice identifier="eur-inferential_statistics-112-en-qti_223062643_section_1_item_1_schoice_4_5951734034">
<p>
 the correlation is 0 in the sample
</p>
</simpleChoice>
</choiceInteraction>
</itemBody>
<responseProcessing>
<setOutcomeValue identifier="SCORE_RESPONSE_1">
<sum>
<variable identifier="SCORE_RESPONSE_1"/>
<mapResponse identifier="eur-inferential_statistics-112-en-qti_223062643_section_1_item_1_schoice_RESPONSE_1_3765764"/>
</sum>
</setOutcomeValue>
<responseCondition>
<responseIf>
<lt>
<variable identifier="SCORE_RESPONSE_1"/>
<variable identifier="MINSCORE_RESPONSE_1"/>
</lt>
<setOutcomeValue identifier="SCORE_RESPONSE_1">
<variable identifier="MINSCORE_RESPONSE_1"/>
</setOutcomeValue>
</responseIf>
</responseCondition>
<responseCondition>
<responseIf>
<isNull>
<variable identifier="eur-inferential_statistics-112-en-qti_223062643_section_1_item_1_schoice_RESPONSE_1_3765764"/>
</isNull>
<setOutcomeValue identifier="SCORE_RESPONSE_1">
<sum>
<variable identifier="SCORE_RESPONSE_1"/>
<baseValue baseType="float">0</baseValue>
</sum>
</setOutcomeValue>
</responseIf>
</responseCondition>
<setOutcomeValue identifier="SCORE">
<sum>
<variable identifier="SCORE_RESPONSE_1"/>
</sum>
</setOutcomeValue>
<responseCondition>
<responseIf>
<lt>
<variable identifier="SCORE"/>
<variable identifier="MINSCORE"/>
</lt>
<setOutcomeValue identifier="SCORE">
<variable identifier="MINSCORE"/>
</setOutcomeValue>
</responseIf>
</responseCondition>
<responseCondition>
<responseIf>
<lt>
<variable identifier="SCORE"/>
<baseValue baseType="float">1</baseValue>
</lt>
<setOutcomeValue identifier="FEEDBACKMODAL">
<multiple>
<variable identifier="FEEDBACKMODAL"/>
<baseValue baseType="identifier">Feedback815092238</baseValue>
</multiple>
</setOutcomeValue>
</responseIf>
</responseCondition>
</responseProcessing>
<modalFeedback identifier="Feedback815092238" outcomeIdentifier="FEEDBACKMODAL" showHide="show">
<p>Hypotheses always revolve around the population, not your sample. And a null hypothesis expects no effect/difference/relation.</p>
<br />
<ul>
<li> the correlation is 0 in the population <br /> This is the correct answer! </li>
<li> the correlation is not equal to 0 in the sample <br /> This answer is incorrect </li>
<li> the correlation is not equal to 0 in the population <br /> This answer is incorrect </li>
<li> the correlation is 0 in the sample <br /> This answer is incorrect </li>
</ul>
</modalFeedback>
</assessmentItem>
