<?xml version="1.0" encoding="utf-8" standalone="yes"?>
<assessmentItem identifier="vufgb-normal-002-nl-tv_202601131819_item_1_schoice" title="vufgb-normal-002-nl-tv_202601131819_item_1_schoice_vufgb-normal-002-nl" adaptive="false" timeDependent="false" toolName="Testvision Online" toolVersion="39.0.9084" xmlns="http://www.imsglobal.org/xsd/imsqti_v2p1">
<responseDeclaration identifier="RESPONSE" cardinality="single" baseType="identifier">
<correctResponse>
<value>alt_568879</value>
</correctResponse>
<mapping defaultValue="0" lowerBound="0.0">
<mapEntry mapKey="alt_769426" mappedValue="-0.333333333333333"/>
<mapEntry mapKey="alt_568879" mappedValue="1"/>
<mapEntry mapKey="alt_588493" mappedValue="-0.333333333333333"/>
<mapEntry mapKey="alt_418088" mappedValue="-0.333333333333333"/>
</mapping>
</responseDeclaration>
<outcomeDeclaration identifier="SCORE" cardinality="single" baseType="float" normalMaximum="1" normalMinimum="0" />
<outcomeDeclaration identifier="FEEDBACK" cardinality="single" baseType="identifier" />
<stylesheet href="css/vufgb-normal-002-nl-tv_202601131819_item_1_schoice.css" type="text/css" />
<itemBody>
<p>Gegeven is een klokvormige verdeling. Gebruik de <em>z</em>-tabel om te bepalen hoeveel procent van de waarnemingen tussen <math display="inline" xmlns="http://www.w3.org/1998/Math/MathML"><semantics><mover><mi>y</mi><mo accent="true">¯</mo></mover><annotation encoding="application/x-tex">\overline{y}</annotation></semantics></math> - 1.5<em>s</em> en <math display="inline" xmlns="http://www.w3.org/1998/Math/MathML"><semantics><mover><mi>y</mi><mo accent="true">¯</mo></mover><annotation encoding="application/x-tex">\overline{y}</annotation></semantics></math> + 1.5<em>s</em> ligt.</p>
<choiceInteraction responseIdentifier="RESPONSE" shuffle="false" maxChoices="1">
<simpleChoice identifier="alt_769426">
<div class="textblock tvblock tvcss_1"><div class="rte_zone tveditor1">
 81.50%
</div>
</div>
</simpleChoice>
<simpleChoice identifier="alt_568879">
<div class="textblock tvblock tvcss_1"><div class="rte_zone tveditor1">
 86.64%
</div>
</div>
</simpleChoice>
<simpleChoice identifier="alt_588493">
<div class="textblock tvblock tvcss_1"><div class="rte_zone tveditor1">
 93.32%
</div>
</div>
</simpleChoice>
<simpleChoice identifier="alt_418088">
<div class="textblock tvblock tvcss_1"><div class="rte_zone tveditor1">
 99.70%
</div>
</div>
</simpleChoice>
</choiceInteraction>
</itemBody>
<responseProcessing>
<responseCondition>
<responseIf>
<isNull>
<variable identifier="RESPONSE"/>
</isNull>
<setOutcomeValue identifier="SCORE">
<baseValue baseType="float">0.0</baseValue>
</setOutcomeValue>
<setOutcomeValue identifier="FEEDBACK">
<baseValue baseType="identifier">FAILURE</baseValue>
</setOutcomeValue>
</responseIf>
<responseElse>
<setOutcomeValue identifier="SCORE">
<mapResponse identifier="RESPONSE"/>
</setOutcomeValue>
<responseCondition>
<responseIf>
<equal toleranceMode="relative" tolerance="0.001">
<variable identifier="SCORE"/>
<variable identifier="MAXSCORE"/>
</equal>
<setOutcomeValue identifier="FEEDBACK">
<baseValue baseType="identifier">ANSWER_CORRECT</baseValue>
</setOutcomeValue>
</responseIf>
<responseElse>
<setOutcomeValue identifier="FEEDBACK">
<baseValue baseType="identifier">FAILURE</baseValue>
</setOutcomeValue>
</responseElse>
</responseCondition>
</responseElse>
</responseCondition>
</responseProcessing>
<modalFeedback identifier="FAILURE" outcomeIdentifier="FEEDBACK" showHide="show">
<div class="textblock tvblock tvcss_1"><div class="rte_zone tveditor1">
</div>
</div>
</modalFeedback>
<modalFeedback identifier="ANSWER_CORRECT" outcomeIdentifier="FEEDBACK" showHide="show">
<div class="textblock tvblock tvcss_1"><div class="rte_zone tveditor1">
</div>
</div>
</modalFeedback>
<modalFeedback identifier="PARTIAL_CORRECT" outcomeIdentifier="FEEDBACK" showHide="show">
<div class="textblock tvblock tvcss_1"><div class="rte_zone tveditor1">
</div>
</div>
</modalFeedback>
</assessmentItem>
