<?xml version="1.0" encoding="UTF-8"?>
<assessmentItem xsi:schemaLocation="http://www.imsglobal.org/xsd/imsqti_v2p1 http://www.imsglobal.org/xsd/qti/qtiv2p1/imsqti_v2p1p1.xsd http://www.w3.org/1998/Math/MathML http://www.w3.org/Math/XMLSchema/mathml2/mathml2.xsd" identifier="uva-summary-statistics-263-nl-ans_345288201_section_1_item_1_schoice" title="Descriptive-statistics_uva-summary-statistics-263-nl_uva-summary-statistics-263-nl_schoice_1" adaptive="false" timeDependent="false" xmlns="http://www.imsglobal.org/xsd/imsqti_v2p1" xmlns:xsi="http://www.w3.org/2001/XMLSchema-instance">
<responseDeclaration identifier="uva-summary-statistics-263-nl-ans_345288201_section_1_item_1_schoice_RESPONSE_1_7149851" cardinality="single" baseType="identifier">
<correctResponse>
<value>uva-summary-statistics-263-nl-ans_345288201_section_1_item_1_schoice_1_2715678053</value>
</correctResponse>
<mapping defaultValue="0" lowerBound="0.0">
<mapEntry mapKey="uva-summary-statistics-263-nl-ans_345288201_section_1_item_1_schoice_1_2715678053" mappedValue="1"/>
<mapEntry mapKey="uva-summary-statistics-263-nl-ans_345288201_section_1_item_1_schoice_2_6328968439" mappedValue="0"/>
<mapEntry mapKey="uva-summary-statistics-263-nl-ans_345288201_section_1_item_1_schoice_3_3334741570" mappedValue="0"/>
<mapEntry mapKey="uva-summary-statistics-263-nl-ans_345288201_section_1_item_1_schoice_4_2612750582" mappedValue="0"/>
</mapping>
</responseDeclaration>
<outcomeDeclaration identifier="SCORE" cardinality="single" baseType="float" normalMaximum="1" normalMinimum="0">
<defaultValue>
<value>0.0</value>
</defaultValue>
</outcomeDeclaration>
<outcomeDeclaration identifier="MAXSCORE" cardinality="single" baseType="float">
<defaultValue>
<value>1</value>
</defaultValue>
</outcomeDeclaration>
<outcomeDeclaration identifier="FEEDBACKBASIC" cardinality="single" baseType="identifier" view="testConstructor">
<defaultValue>
<value>empty</value>
</defaultValue>
</outcomeDeclaration>
<outcomeDeclaration identifier="FEEDBACKMODAL" cardinality="multiple" baseType="identifier" view="testConstructor"/>
<outcomeDeclaration identifier="SOLUTIONMODAL" cardinality="single" baseType="identifier" view="testConstructor"/>
<outcomeDeclaration identifier="MINSCORE" cardinality="single" baseType="float">
<defaultValue>
<value baseType="float">0</value>
</defaultValue>
</outcomeDeclaration>
<outcomeDeclaration identifier="SCORE_RESPONSE_1" cardinality="single" baseType="float">
<defaultValue>
<value>0.0</value>
</defaultValue>
</outcomeDeclaration>
<outcomeDeclaration identifier="MINSCORE_RESPONSE_1" cardinality="single" baseType="float">
<defaultValue>
<value>0.0</value>
</defaultValue>
</outcomeDeclaration>
<itemBody>
<p>Van 60 personen is gedurende een maand bijgehouden hoeveel sigaretten
zij (afgerond) dagelijks roken. De resultaten staan in onderstaande
frequentietabel</p>
<table>
<tbody>
<tr class="odd">
<td align="left">Sigaretten</td>
<td align="left">0</td>
<td align="left">1</td>
<td align="left">2</td>
<td align="left">3</td>
<td align="left">4</td>
<td align="left">5</td>
<td align="left">7</td>
<td align="left">10</td>
<td align="left">12</td>
<td align="left">15</td>
<td align="left">20</td>
<td align="left">30</td>
<td align="left">Totaal</td>
</tr>
<tr class="even">
<td align="left">Frequentie</td>
<td align="left">36</td>
<td align="left">4</td>
<td align="left">3</td>
<td align="left">3</td>
<td align="left">4</td>
<td align="left">2</td>
<td align="left">1</td>
<td align="left">2</td>
<td align="left">1</td>
<td align="left">2</td>
<td align="left">1</td>
<td align="left">1</td>
<td align="left">60</td>
</tr>
</tbody>
</table>
<p>De relatieve frequentie van de waarde 5 is gelijk aan:</p>
<choiceInteraction responseIdentifier="uva-summary-statistics-263-nl-ans_345288201_section_1_item_1_schoice_RESPONSE_1_7149851" shuffle="false" maxChoices="1">
<simpleChoice identifier="uva-summary-statistics-263-nl-ans_345288201_section_1_item_1_schoice_1_2715678053">
<p>
 0.033
</p>
</simpleChoice>
<simpleChoice identifier="uva-summary-statistics-263-nl-ans_345288201_section_1_item_1_schoice_2_6328968439">
<p>
 0.867
</p>
</simpleChoice>
<simpleChoice identifier="uva-summary-statistics-263-nl-ans_345288201_section_1_item_1_schoice_3_3334741570">
<p>
 2
</p>
</simpleChoice>
<simpleChoice identifier="uva-summary-statistics-263-nl-ans_345288201_section_1_item_1_schoice_4_2612750582">
<p>
 52
</p>
</simpleChoice>
</choiceInteraction>
</itemBody>
<responseProcessing>
<setOutcomeValue identifier="SCORE_RESPONSE_1">
<sum>
<variable identifier="SCORE_RESPONSE_1"/>
<mapResponse identifier="uva-summary-statistics-263-nl-ans_345288201_section_1_item_1_schoice_RESPONSE_1_7149851"/>
</sum>
</setOutcomeValue>
<responseCondition>
<responseIf>
<lt>
<variable identifier="SCORE_RESPONSE_1"/>
<variable identifier="MINSCORE_RESPONSE_1"/>
</lt>
<setOutcomeValue identifier="SCORE_RESPONSE_1">
<variable identifier="MINSCORE_RESPONSE_1"/>
</setOutcomeValue>
</responseIf>
</responseCondition>
<responseCondition>
<responseIf>
<isNull>
<variable identifier="uva-summary-statistics-263-nl-ans_345288201_section_1_item_1_schoice_RESPONSE_1_7149851"/>
</isNull>
<setOutcomeValue identifier="SCORE_RESPONSE_1">
<sum>
<variable identifier="SCORE_RESPONSE_1"/>
<baseValue baseType="float">0</baseValue>
</sum>
</setOutcomeValue>
</responseIf>
</responseCondition>
<setOutcomeValue identifier="SCORE">
<sum>
<variable identifier="SCORE_RESPONSE_1"/>
</sum>
</setOutcomeValue>
<responseCondition>
<responseIf>
<lt>
<variable identifier="SCORE"/>
<variable identifier="MINSCORE"/>
</lt>
<setOutcomeValue identifier="SCORE">
<variable identifier="MINSCORE"/>
</setOutcomeValue>
</responseIf>
</responseCondition>
<responseCondition>
<responseIf>
<lt>
<variable identifier="SCORE"/>
<baseValue baseType="float">1</baseValue>
</lt>
<setOutcomeValue identifier="FEEDBACKMODAL">
<multiple>
<variable identifier="FEEDBACKMODAL"/>
<baseValue baseType="identifier">Feedback594906191</baseValue>
</multiple>
</setOutcomeValue>
</responseIf>
</responseCondition>
</responseProcessing>
<modalFeedback outcomeIdentifier="FEEDBACK" showHide="show" identifier="incorrect">
<ul>
<li> 0.033 <br /> 0.033: Correct </li>
<li> 0.867 <br /> 0.867: Incorrect </li>
<li> 2 <br /> 2: Incorrect </li>
<li> 52 <br /> 52: Incorrect </li>
</ul>
</modalFeedback>
</assessmentItem>
