<?xml version="1.0" encoding="utf-8" standalone="yes"?>
<assessmentItem identifier="vufsw-twoway_anova-1374-nl-tv_202209061512_item_1_string" title="vufsw-twoway_anova-1374-nl-tv_202209061512_item_1_string_vufsw-twoway anova-1374-nl" adaptive="false" timeDependent="false" toolName="Testvision Online" toolVersion="39.0.9084" xmlns="http://www.imsglobal.org/xsd/imsqti_v2p1">
<responseDeclaration identifier="RESPONSE" cardinality="single" baseType="string">
<correctResponse>
<value>184.76</value>
</correctResponse>
<mapping defaultValue="0">
<mapEntry mapKey="184.76" mappedValue="1" />
</mapping>
</responseDeclaration>
<outcomeDeclaration identifier="SCORE" cardinality="single" baseType="float" normalMaximum="1" normalMinimum="0" />
<outcomeDeclaration identifier="FEEDBACK" cardinality="single" baseType="identifier" />
<itemBody>
<p>Verandert je muzieksmaak als je ouder wordt? Field verwacht van wel en
onderzoekt dit door in een experiment twee leeftijdsgroepen te
onderscheiden: jong volwassenen onder de 40 en ouderen, boven de 40
(variabele: age). Beide leeftijdsgroepen zijn bovendien random
opgesplitst in drie kleinere groepen, en deze moeten luisteren naar
muziek van Fugazo, Abba, of Barf Grooks (variabele: music). Iedere
deelnemer beoordeelt de muziek op een schaal van -100 tot + 100
(variabele: liking, een hogere score betekent een hogere ‘liking’).<br />
<img src="1602950529966.png" class="fr-fic fr-dii tvcss_2"
alt="1602950529966" /> 
<img src="1602950556931.png" class="fr-fic fr-dii tvcss_3"
alt="1602950556931" /></p>
<p><img src="1602950597019.png" class="fr-fic fr-dii tvcss_4"
alt="1602950597019" /> <img src="1602950627758.png" class="fr-fic fr-dii tvcss_5"
alt="1602950627758" /> 
<img src="1602950646258.png" class="fr-fic fr-dii tvcss_5"
alt="1602950646258" /></p>
<p>De <em>F</em>-waarde van ‘music’  is weggelaten, evenals de mean square. Hoe
groot is de <em>F </em>van ‘music’? <em>Vul alleen (!) een getal in in twee
decimalen, verder niets.</em></p>
<extendedTextInteraction responseIdentifier="RESPONSE" expectedLength="12"/>
</itemBody>
<responseProcessing>
<responseCondition>
<responseIf>
<isNull>
<variable identifier="RESPONSE"/>
</isNull>
<setOutcomeValue identifier="SCORE">
<baseValue baseType="float">0.0</baseValue>
</setOutcomeValue>
<setOutcomeValue identifier="FEEDBACK">
<baseValue baseType="identifier">FAILURE</baseValue>
</setOutcomeValue>
</responseIf>
<responseElse>
<setOutcomeValue identifier="SCORE">
<mapResponse identifier="RESPONSE"/>
</setOutcomeValue>
<responseCondition>
<responseIf>
<equal toleranceMode="relative" tolerance="0.001">
<variable identifier="SCORE"/>
<variable identifier="MAXSCORE"/>
</equal>
<setOutcomeValue identifier="FEEDBACK">
<baseValue baseType="identifier">ANSWER_CORRECT</baseValue>
</setOutcomeValue>
</responseIf>
<responseElse>
<setOutcomeValue identifier="FEEDBACK">
<baseValue baseType="identifier">FAILURE</baseValue>
</setOutcomeValue>
</responseElse>
</responseCondition>
</responseElse>
</responseCondition>
</responseProcessing>
<modalFeedback identifier="FAILURE" outcomeIdentifier="FEEDBACK" showHide="show">
<div class="textblock tvblock tvcss_1"><div class="rte_zone tveditor1">
<p>184.76</p>
</div>
</div>
</modalFeedback>
<modalFeedback identifier="ANSWER_CORRECT" outcomeIdentifier="FEEDBACK" showHide="show">
<div class="textblock tvblock tvcss_1"><div class="rte_zone tveditor1">
<p>184.76</p>
</div>
</div>
</modalFeedback>
<modalFeedback identifier="PARTIAL_CORRECT" outcomeIdentifier="FEEDBACK" showHide="show">
<div class="textblock tvblock tvcss_1"><div class="rte_zone tveditor1">
<p>184.76</p>
</div>
</div>
</modalFeedback>
</assessmentItem>
