<?xml version="1.0" encoding="utf-8" standalone="yes"?>
<assessmentItem identifier="vufsw-mode-0024-nl-tv_202307180606_item_1_schoice" title="vufsw-mode-0024-nl-tv_202307180606_item_1_schoice_vufsw-mode-0024-nl" adaptive="false" timeDependent="false" toolName="Testvision Online" toolVersion="39.0.9084" xmlns="http://www.imsglobal.org/xsd/imsqti_v2p1">
<responseDeclaration identifier="RESPONSE" cardinality="single" baseType="identifier">
<correctResponse>
<value>alt_148345</value>
</correctResponse>
<mapping defaultValue="0" lowerBound="0.0">
<mapEntry mapKey="alt_135222" mappedValue="-0.333333333333333"/>
<mapEntry mapKey="alt_139210" mappedValue="-0.333333333333333"/>
<mapEntry mapKey="alt_100723" mappedValue="-0.333333333333333"/>
<mapEntry mapKey="alt_148345" mappedValue="1"/>
</mapping>
</responseDeclaration>
<outcomeDeclaration identifier="SCORE" cardinality="single" baseType="float" normalMaximum="1" normalMinimum="0" />
<outcomeDeclaration identifier="FEEDBACK" cardinality="single" baseType="identifier" />
<itemBody>
<p>Als je de onderstaande verdeling ziet, wat kun je dan concluderen over
de modus versus het gemiddelde en de mediaan?</p>
<p>De scores op de X-as geven de hoeveelheid tijd weer die nodig is om naar
het werk te reizen (in uren).</p>
<p><img src="Skewed__distribution.jpg" class="fr-fic fr-dii tvcss_2"
alt="Skewed distribution" /></p>
<choiceInteraction responseIdentifier="RESPONSE" shuffle="false" maxChoices="1">
<simpleChoice identifier="alt_135222">
<div class="textblock tvblock tvcss_1"><div class="rte_zone tveditor1">
 De score van het gemiddelde is lager (het aantal uren is lager) dan de score van de modus.
</div>
</div>
</simpleChoice>
<simpleChoice identifier="alt_139210">
<div class="textblock tvblock tvcss_1"><div class="rte_zone tveditor1">
 Zowel de mediaan als het gemiddelde hebben lagere scores (een lager aantal uren) dan de modus.
</div>
</div>
</simpleChoice>
<simpleChoice identifier="alt_100723">
<div class="textblock tvblock tvcss_1"><div class="rte_zone tveditor1">
 De mediaan heeft een lagere score (lager aantal uren) dan de modus.
</div>
</div>
</simpleChoice>
<simpleChoice identifier="alt_148345">
<div class="textblock tvblock tvcss_1"><div class="rte_zone tveditor1">
 De modus heeft de laagste score (laagste aantal uren) van de drie grootheden.
</div>
</div>
</simpleChoice>
</choiceInteraction>
</itemBody>
<responseProcessing>
<responseCondition>
<responseIf>
<isNull>
<variable identifier="RESPONSE"/>
</isNull>
<setOutcomeValue identifier="SCORE">
<baseValue baseType="float">0.0</baseValue>
</setOutcomeValue>
<setOutcomeValue identifier="FEEDBACK">
<baseValue baseType="identifier">FAILURE</baseValue>
</setOutcomeValue>
</responseIf>
<responseElse>
<setOutcomeValue identifier="SCORE">
<mapResponse identifier="RESPONSE"/>
</setOutcomeValue>
<responseCondition>
<responseIf>
<equal toleranceMode="relative" tolerance="0.001">
<variable identifier="SCORE"/>
<variable identifier="MAXSCORE"/>
</equal>
<setOutcomeValue identifier="FEEDBACK">
<baseValue baseType="identifier">ANSWER_CORRECT</baseValue>
</setOutcomeValue>
</responseIf>
<responseElse>
<setOutcomeValue identifier="FEEDBACK">
<baseValue baseType="identifier">FAILURE</baseValue>
</setOutcomeValue>
</responseElse>
</responseCondition>
</responseElse>
</responseCondition>
</responseProcessing>
<modalFeedback identifier="FAILURE" outcomeIdentifier="FEEDBACK" showHide="show">
<div class="textblock tvblock tvcss_1"><div class="rte_zone tveditor1">
 De score van het gemiddelde is lager (het aantal uren is lager) dan de score van de modus. <br /> False 
 Zowel de mediaan als het gemiddelde hebben lagere scores (een lager aantal uren) dan de modus. <br /> False 
 De mediaan heeft een lagere score (lager aantal uren) dan de modus. <br /> False 
 De modus heeft de laagste score (laagste aantal uren) van de drie grootheden. <br /> True 
</div>
</div>
</modalFeedback>
<modalFeedback identifier="ANSWER_CORRECT" outcomeIdentifier="FEEDBACK" showHide="show">
<div class="textblock tvblock tvcss_1"><div class="rte_zone tveditor1">
 De score van het gemiddelde is lager (het aantal uren is lager) dan de score van de modus. <br /> False 
 Zowel de mediaan als het gemiddelde hebben lagere scores (een lager aantal uren) dan de modus. <br /> False 
 De mediaan heeft een lagere score (lager aantal uren) dan de modus. <br /> False 
 De modus heeft de laagste score (laagste aantal uren) van de drie grootheden. <br /> True 
</div>
</div>
</modalFeedback>
<modalFeedback identifier="PARTIAL_CORRECT" outcomeIdentifier="FEEDBACK" showHide="show">
<div class="textblock tvblock tvcss_1"><div class="rte_zone tveditor1">
 De score van het gemiddelde is lager (het aantal uren is lager) dan de score van de modus. <br /> False 
 Zowel de mediaan als het gemiddelde hebben lagere scores (een lager aantal uren) dan de modus. <br /> False 
 De mediaan heeft een lagere score (lager aantal uren) dan de modus. <br /> False 
 De modus heeft de laagste score (laagste aantal uren) van de drie grootheden. <br /> True 
</div>
</div>
</modalFeedback>
</assessmentItem>
