<?xml version="1.0" encoding="utf-8" standalone="yes"?>
<assessmentItem identifier="vufgb-onewayrepeatedmeasuresanova-014-nl-tv_202209061509_item_1_schoice" title="vufgb-onewayrepeatedmeasuresanova-014-nl-tv_202209061509_item_1_schoice_vufgb-onewayrepeatedmeasuresanova-014-nl" adaptive="false" timeDependent="false" toolName="Testvision Online" toolVersion="39.0.9084" xmlns="http://www.imsglobal.org/xsd/imsqti_v2p1">
<responseDeclaration identifier="RESPONSE" cardinality="single" baseType="identifier">
<correctResponse>
<value>alt_151607</value>
</correctResponse>
<mapping defaultValue="0" lowerBound="0.0">
<mapEntry mapKey="alt_657230" mappedValue="-0.333333333333333"/>
<mapEntry mapKey="alt_591936" mappedValue="-0.333333333333333"/>
<mapEntry mapKey="alt_151607" mappedValue="1"/>
<mapEntry mapKey="alt_343489" mappedValue="-0.333333333333333"/>
</mapping>
</responseDeclaration>
<outcomeDeclaration identifier="SCORE" cardinality="single" baseType="float" normalMaximum="1" normalMinimum="0" />
<outcomeDeclaration identifier="FEEDBACK" cardinality="single" baseType="identifier" />
<itemBody>
<p>Welke formule beschrijft de error kwadratensom in een herhaalde metingen ANOVA?</p>
<choiceInteraction responseIdentifier="RESPONSE" shuffle="false" maxChoices="1">
<simpleChoice identifier="alt_657230">
<div class="textblock tvblock tvcss_1"><div class="rte_zone tveditor1">
a. <math display="inline" xmlns="http://www.w3.org/1998/Math/MathML"><semantics><mrow><mi>N</mi><mo>*</mo><mo>∑</mo><msup><mrow><mo stretchy="true" form="prefix">(</mo><msub><mi>M</mi><mrow><mi>T</mi><mi>j</mi></mrow></msub><mo>−</mo><msub><mi>M</mi><mrow><mi>g</mi><mi>r</mi><mi>a</mi><mi>n</mi><mi>d</mi></mrow></msub><mo stretchy="true" form="postfix">)</mo></mrow><mn>2</mn></msup></mrow><annotation encoding="application/x-tex">N*\sum(M_{Tj}-M_{grand})^{2}</annotation></semantics></math>
</div>
</div>
</simpleChoice>
<simpleChoice identifier="alt_591936">
<div class="textblock tvblock tvcss_1"><div class="rte_zone tveditor1">
b. <math display="inline" xmlns="http://www.w3.org/1998/Math/MathML"><semantics><mrow><mo>∑</mo><msup><mrow><mo stretchy="true" form="prefix">(</mo><msub><mi>X</mi><mrow><mi>i</mi><mi>j</mi></mrow></msub><mo>−</mo><msub><mi>M</mi><mrow><mi>g</mi><mi>r</mi><mi>a</mi><mi>n</mi><mi>d</mi></mrow></msub><mo stretchy="true" form="postfix">)</mo></mrow><mn>2</mn></msup></mrow><annotation encoding="application/x-tex">\sum(X_{ij}-M_{grand})^{2}</annotation></semantics></math>
</div>
</div>
</simpleChoice>
<simpleChoice identifier="alt_151607">
<div class="textblock tvblock tvcss_1"><div class="rte_zone tveditor1">
c. <math display="inline" xmlns="http://www.w3.org/1998/Math/MathML"><semantics><mrow><mo>∑</mo><msup><mrow><mo stretchy="true" form="prefix">(</mo><msub><mi>X</mi><mrow><mi>i</mi><mi>j</mi></mrow></msub><mo>−</mo><msub><mi>M</mi><mrow><mi>P</mi><mi>i</mi><mi>T</mi><mi>j</mi></mrow></msub><mo stretchy="true" form="postfix">)</mo></mrow><mn>2</mn></msup></mrow><annotation encoding="application/x-tex">\sum(X_{ij}-M_{PiTj})^{2}</annotation></semantics></math>
</div>
</div>
</simpleChoice>
<simpleChoice identifier="alt_343489">
<div class="textblock tvblock tvcss_1"><div class="rte_zone tveditor1">
d. <math display="inline" xmlns="http://www.w3.org/1998/Math/MathML"><semantics><mrow><mi>k</mi><mo>*</mo><mo>∑</mo><msup><mrow><mo stretchy="true" form="prefix">(</mo><msub><mi>M</mi><mrow><mi>P</mi><mi>i</mi></mrow></msub><mo>−</mo><msub><mi>M</mi><mrow><mi>g</mi><mi>r</mi><mi>a</mi><mi>n</mi><mi>d</mi></mrow></msub><mo stretchy="true" form="postfix">)</mo></mrow><mn>2</mn></msup></mrow><annotation encoding="application/x-tex">k*\sum(M_{Pi}-M_{grand})^{2}</annotation></semantics></math>
</div>
</div>
</simpleChoice>
</choiceInteraction>
</itemBody>
<responseProcessing>
<responseCondition>
<responseIf>
<isNull>
<variable identifier="RESPONSE"/>
</isNull>
<setOutcomeValue identifier="SCORE">
<baseValue baseType="float">0.0</baseValue>
</setOutcomeValue>
<setOutcomeValue identifier="FEEDBACK">
<baseValue baseType="identifier">FAILURE</baseValue>
</setOutcomeValue>
</responseIf>
<responseElse>
<setOutcomeValue identifier="SCORE">
<mapResponse identifier="RESPONSE"/>
</setOutcomeValue>
<responseCondition>
<responseIf>
<equal toleranceMode="relative" tolerance="0.001">
<variable identifier="SCORE"/>
<variable identifier="MAXSCORE"/>
</equal>
<setOutcomeValue identifier="FEEDBACK">
<baseValue baseType="identifier">ANSWER_CORRECT</baseValue>
</setOutcomeValue>
</responseIf>
<responseElse>
<setOutcomeValue identifier="FEEDBACK">
<baseValue baseType="identifier">FAILURE</baseValue>
</setOutcomeValue>
</responseElse>
</responseCondition>
</responseElse>
</responseCondition>
</responseProcessing>
<modalFeedback identifier="FAILURE" outcomeIdentifier="FEEDBACK" showHide="show">
<div class="textblock tvblock tvcss_1"><div class="rte_zone tveditor1">
<ol>
<li> <math display="inline" xmlns="http://www.w3.org/1998/Math/MathML"><semantics><mrow><mi>N</mi><mo>*</mo><mo>∑</mo><msup><mrow><mo stretchy="true" form="prefix">(</mo><msub><mi>M</mi><mrow><mi>T</mi><mi>j</mi></mrow></msub><mo>−</mo><msub><mi>M</mi><mrow><mi>g</mi><mi>r</mi><mi>a</mi><mi>n</mi><mi>d</mi></mrow></msub><mo stretchy="true" form="postfix">)</mo></mrow><mn>2</mn></msup></mrow><annotation encoding="application/x-tex">N*\sum(M_{Tj}-M_{grand})^{2}</annotation></semantics></math> <br /> Incorrect </li>
<li> <math display="inline" xmlns="http://www.w3.org/1998/Math/MathML"><semantics><mrow><mo>∑</mo><msup><mrow><mo stretchy="true" form="prefix">(</mo><msub><mi>X</mi><mrow><mi>i</mi><mi>j</mi></mrow></msub><mo>−</mo><msub><mi>M</mi><mrow><mi>g</mi><mi>r</mi><mi>a</mi><mi>n</mi><mi>d</mi></mrow></msub><mo stretchy="true" form="postfix">)</mo></mrow><mn>2</mn></msup></mrow><annotation encoding="application/x-tex">\sum(X_{ij}-M_{grand})^{2}</annotation></semantics></math> <br /> Incorrect </li>
<li> <math display="inline" xmlns="http://www.w3.org/1998/Math/MathML"><semantics><mrow><mo>∑</mo><msup><mrow><mo stretchy="true" form="prefix">(</mo><msub><mi>X</mi><mrow><mi>i</mi><mi>j</mi></mrow></msub><mo>−</mo><msub><mi>M</mi><mrow><mi>P</mi><mi>i</mi><mi>T</mi><mi>j</mi></mrow></msub><mo stretchy="true" form="postfix">)</mo></mrow><mn>2</mn></msup></mrow><annotation encoding="application/x-tex">\sum(X_{ij}-M_{PiTj})^{2}</annotation></semantics></math> <br /> Correct </li>
<li> <math display="inline" xmlns="http://www.w3.org/1998/Math/MathML"><semantics><mrow><mi>k</mi><mo>*</mo><mo>∑</mo><msup><mrow><mo stretchy="true" form="prefix">(</mo><msub><mi>M</mi><mrow><mi>P</mi><mi>i</mi></mrow></msub><mo>−</mo><msub><mi>M</mi><mrow><mi>g</mi><mi>r</mi><mi>a</mi><mi>n</mi><mi>d</mi></mrow></msub><mo stretchy="true" form="postfix">)</mo></mrow><mn>2</mn></msup></mrow><annotation encoding="application/x-tex">k*\sum(M_{Pi}-M_{grand})^{2}</annotation></semantics></math> <br /> Incorrect </li>
</ol>
</div>
</div>
</modalFeedback>
<modalFeedback identifier="ANSWER_CORRECT" outcomeIdentifier="FEEDBACK" showHide="show">
<div class="textblock tvblock tvcss_1"><div class="rte_zone tveditor1">
<ol>
<li> <math display="inline" xmlns="http://www.w3.org/1998/Math/MathML"><semantics><mrow><mi>N</mi><mo>*</mo><mo>∑</mo><msup><mrow><mo stretchy="true" form="prefix">(</mo><msub><mi>M</mi><mrow><mi>T</mi><mi>j</mi></mrow></msub><mo>−</mo><msub><mi>M</mi><mrow><mi>g</mi><mi>r</mi><mi>a</mi><mi>n</mi><mi>d</mi></mrow></msub><mo stretchy="true" form="postfix">)</mo></mrow><mn>2</mn></msup></mrow><annotation encoding="application/x-tex">N*\sum(M_{Tj}-M_{grand})^{2}</annotation></semantics></math> <br /> Incorrect </li>
<li> <math display="inline" xmlns="http://www.w3.org/1998/Math/MathML"><semantics><mrow><mo>∑</mo><msup><mrow><mo stretchy="true" form="prefix">(</mo><msub><mi>X</mi><mrow><mi>i</mi><mi>j</mi></mrow></msub><mo>−</mo><msub><mi>M</mi><mrow><mi>g</mi><mi>r</mi><mi>a</mi><mi>n</mi><mi>d</mi></mrow></msub><mo stretchy="true" form="postfix">)</mo></mrow><mn>2</mn></msup></mrow><annotation encoding="application/x-tex">\sum(X_{ij}-M_{grand})^{2}</annotation></semantics></math> <br /> Incorrect </li>
<li> <math display="inline" xmlns="http://www.w3.org/1998/Math/MathML"><semantics><mrow><mo>∑</mo><msup><mrow><mo stretchy="true" form="prefix">(</mo><msub><mi>X</mi><mrow><mi>i</mi><mi>j</mi></mrow></msub><mo>−</mo><msub><mi>M</mi><mrow><mi>P</mi><mi>i</mi><mi>T</mi><mi>j</mi></mrow></msub><mo stretchy="true" form="postfix">)</mo></mrow><mn>2</mn></msup></mrow><annotation encoding="application/x-tex">\sum(X_{ij}-M_{PiTj})^{2}</annotation></semantics></math> <br /> Correct </li>
<li> <math display="inline" xmlns="http://www.w3.org/1998/Math/MathML"><semantics><mrow><mi>k</mi><mo>*</mo><mo>∑</mo><msup><mrow><mo stretchy="true" form="prefix">(</mo><msub><mi>M</mi><mrow><mi>P</mi><mi>i</mi></mrow></msub><mo>−</mo><msub><mi>M</mi><mrow><mi>g</mi><mi>r</mi><mi>a</mi><mi>n</mi><mi>d</mi></mrow></msub><mo stretchy="true" form="postfix">)</mo></mrow><mn>2</mn></msup></mrow><annotation encoding="application/x-tex">k*\sum(M_{Pi}-M_{grand})^{2}</annotation></semantics></math> <br /> Incorrect </li>
</ol>
</div>
</div>
</modalFeedback>
<modalFeedback identifier="PARTIAL_CORRECT" outcomeIdentifier="FEEDBACK" showHide="show">
<div class="textblock tvblock tvcss_1"><div class="rte_zone tveditor1">
<ol>
<li> <math display="inline" xmlns="http://www.w3.org/1998/Math/MathML"><semantics><mrow><mi>N</mi><mo>*</mo><mo>∑</mo><msup><mrow><mo stretchy="true" form="prefix">(</mo><msub><mi>M</mi><mrow><mi>T</mi><mi>j</mi></mrow></msub><mo>−</mo><msub><mi>M</mi><mrow><mi>g</mi><mi>r</mi><mi>a</mi><mi>n</mi><mi>d</mi></mrow></msub><mo stretchy="true" form="postfix">)</mo></mrow><mn>2</mn></msup></mrow><annotation encoding="application/x-tex">N*\sum(M_{Tj}-M_{grand})^{2}</annotation></semantics></math> <br /> Incorrect </li>
<li> <math display="inline" xmlns="http://www.w3.org/1998/Math/MathML"><semantics><mrow><mo>∑</mo><msup><mrow><mo stretchy="true" form="prefix">(</mo><msub><mi>X</mi><mrow><mi>i</mi><mi>j</mi></mrow></msub><mo>−</mo><msub><mi>M</mi><mrow><mi>g</mi><mi>r</mi><mi>a</mi><mi>n</mi><mi>d</mi></mrow></msub><mo stretchy="true" form="postfix">)</mo></mrow><mn>2</mn></msup></mrow><annotation encoding="application/x-tex">\sum(X_{ij}-M_{grand})^{2}</annotation></semantics></math> <br /> Incorrect </li>
<li> <math display="inline" xmlns="http://www.w3.org/1998/Math/MathML"><semantics><mrow><mo>∑</mo><msup><mrow><mo stretchy="true" form="prefix">(</mo><msub><mi>X</mi><mrow><mi>i</mi><mi>j</mi></mrow></msub><mo>−</mo><msub><mi>M</mi><mrow><mi>P</mi><mi>i</mi><mi>T</mi><mi>j</mi></mrow></msub><mo stretchy="true" form="postfix">)</mo></mrow><mn>2</mn></msup></mrow><annotation encoding="application/x-tex">\sum(X_{ij}-M_{PiTj})^{2}</annotation></semantics></math> <br /> Correct </li>
<li> <math display="inline" xmlns="http://www.w3.org/1998/Math/MathML"><semantics><mrow><mi>k</mi><mo>*</mo><mo>∑</mo><msup><mrow><mo stretchy="true" form="prefix">(</mo><msub><mi>M</mi><mrow><mi>P</mi><mi>i</mi></mrow></msub><mo>−</mo><msub><mi>M</mi><mrow><mi>g</mi><mi>r</mi><mi>a</mi><mi>n</mi><mi>d</mi></mrow></msub><mo stretchy="true" form="postfix">)</mo></mrow><mn>2</mn></msup></mrow><annotation encoding="application/x-tex">k*\sum(M_{Pi}-M_{grand})^{2}</annotation></semantics></math> <br /> Incorrect </li>
</ol>
</div>
</div>
</modalFeedback>
</assessmentItem>
