<?xml version="1.0" encoding="UTF-8"?>
<!DOCTYPE questestinterop SYSTEM "ims_qtiasiv1p2p1.dtd">

<questestinterop xmlns="http://www.imsglobal.org/xsd/ims_qtiasiv1p2" xmlns:xsi="http://www.w3.org/2001/XMLSchema-instance" xsi:schemaLocation="http://www.imsglobal.org/xsd/ims_qtiasiv1p2 http://www.imsglobal.org/xsd/ims_qtiasiv1p2p1.xsd">
<assessment ident="uva-multiplication-rule-699-en-canvas_105700863" title="uva-multiplication-rule-699-en-canvas">

<qtimetadata>
<qtimetadatafield>
<fieldlabel>cc_maxattempts</fieldlabel>
<fieldentry>1</fieldentry>
</qtimetadatafield>
<qtimetadatafield>
<fieldlabel>qmd_assessmenttype</fieldlabel>
<fieldentry>Assessment</fieldentry>
</qtimetadatafield>
</qtimetadata>
<objectives>
<material>
<mattext><![CDATA[Please solve the following exercises.]]></mattext>
</material>
</objectives>
<assessmentcontrol feedbackswitch="No" hintswitch="No" solutionswitch="Yes"/>
<outcomes_processing scoremodel="SumOfScores">
<outcomes>
<decvar varname="SCORE" vartype="Decimal" cutvalue="0"/>
</outcomes>
</outcomes_processing>
<assessfeedback title="AssessmentFeedback" ident="AssessmentFeedback">
<flow_mat>
<material>
<mattext>##AssessmentFeedback##</mattext>
</material>
</flow_mat>
</assessfeedback>

<section ident="uva-multiplication-rule-699-en-canvas_105700863_section_1" title="Exercise">

<objectives>
<material>
<mattext><![CDATA[Please answer the following question.]]></mattext>
</material>
</objectives>
<selection_ordering>
<selection>
<selection_number>1</selection_number>
<selection_extension>
<points_per_item>1</points_per_item>
</selection_extension>
</selection>
<order order_type="Random"/>
</selection_ordering>

<item ident="uva-multiplication-rule-699-en-canvas_105700863_section_1_item_1_schoice" title="Question" maxattempts="1">
<itemcontrol feedbackswitch="No" hintswitch="No" solutionswitch="Yes"/>
<itemmetadata>
<qtimetadata>
<qtimetadatafield>
<fieldlabel>question_type</fieldlabel>
<fieldentry>multiple_choice_question</fieldentry>
</qtimetadatafield>
</qtimetadata>
</itemmetadata>
<presentation>
<flow>
<material>
<matbreak/>
<mattext texttype="text/html" charset="utf-8"><![CDATA[
<p>Suppose there are two players playing with four pure dice. They must take turns rolling these four dice at the same time. Player <em>A</em> gets a point if no 3 is rolled and player <em>B</em> gets a point if at least one of the four dice has one 3 on top. Is this a fair game for both players according to probability theory?</p>
]]></mattext>
<matbreak/>
</material>
<response_lid ident="uva-multiplication-rule-699-en-canvas_105700863_section_1_item_1_schoice_RESPONSE_4766443" rcardinality="Single" rtiming="No">
<render_choice shuffle="No">
<flow_label class="List">
<response_label ident="uva-multiplication-rule-699-en-canvas_105700863_section_1_item_1_schoice_5075066373" rshuffle="No">
<material>
<mattext texttype="text/html" charset="utf-8"><![CDATA[
 Yes, because both players have the same probability.
]]></mattext>
</material>
</response_label>
</flow_label>
<flow_label class="List">
<response_label ident="uva-multiplication-rule-699-en-canvas_105700863_section_1_item_1_schoice_4548691137" rshuffle="No">
<material>
<mattext texttype="text/html" charset="utf-8"><![CDATA[
 No, because player A has a greater chance than player B.
]]></mattext>
</material>
</response_label>
</flow_label>
<flow_label class="List">
<response_label ident="uva-multiplication-rule-699-en-canvas_105700863_section_1_item_1_schoice_2895729844" rshuffle="No">
<material>
<mattext texttype="text/html" charset="utf-8"><![CDATA[
 No, because player B has a greater chance than player A.
]]></mattext>
</material>
</response_label>
</flow_label>
</render_choice>
</response_lid>
</flow>
</presentation>
<resprocessing>
<outcomes>
<decvar varname="SCORE" vartype="Decimal" defaultval="0" minvalue="0" maxvalue="1" cutvalue="1"/>
</outcomes>
<respcondition title="Mastery" continue="No">
<conditionvar>
<and>
<varequal respident="uva-multiplication-rule-699-en-canvas_105700863_section_1_item_1_schoice_RESPONSE_4766443" case="Yes">uva-multiplication-rule-699-en-canvas_105700863_section_1_item_1_schoice_2895729844</varequal>
<not> <varequal respident="uva-multiplication-rule-699-en-canvas_105700863_section_1_item_1_schoice_RESPONSE_4766443" case="Yes">uva-multiplication-rule-699-en-canvas_105700863_section_1_item_1_schoice_5075066373</varequal> </not>
<not> <varequal respident="uva-multiplication-rule-699-en-canvas_105700863_section_1_item_1_schoice_RESPONSE_4766443" case="Yes">uva-multiplication-rule-699-en-canvas_105700863_section_1_item_1_schoice_4548691137</varequal> </not>
</and>
</conditionvar>
<setvar varname="SCORE" action="Set">1</setvar>
<displayfeedback feedbacktype="Response" linkrefid="correct_fb"/>
</respcondition>
<respcondition continue="Yes">
<conditionvar>
<other/>
</conditionvar>
<displayfeedback feedbacktype="Response" linkrefid="general_incorrect_fb"/>
</respcondition>
</resprocessing>
<itemfeedback ident="correct_fb" view="All">
<flow_mat>
<material>
<mattext texttype="text/html"><![CDATA[
<ul>
<li> Yes, because both players have the same probability. <br /> Yes, because both players have the same odds: Incorrect </li>
<li> No, because player A has a greater chance than player B. <br /> No, because player A has a greater chance than player B.:Incorrect </li>
<li> No, because player B has a greater chance than player A. <br /> No, because player B has a greater chance than player A.: Correct </li>
</ul>
]]></mattext>
</material>
</flow_mat>
</itemfeedback>
<itemfeedback ident="general_incorrect_fb" view="All">
<flow_mat>
<material>
<mattext texttype="text/html"><![CDATA[
<ul>
<li> Yes, because both players have the same probability. <br /> Yes, because both players have the same odds: Incorrect </li>
<li> No, because player A has a greater chance than player B. <br /> No, because player A has a greater chance than player B.:Incorrect </li>
<li> No, because player B has a greater chance than player A. <br /> No, because player B has a greater chance than player A.: Correct </li>
</ul>
]]></mattext>
</material>
</flow_mat>
</itemfeedback>
</item>


</section>

</assessment>
</questestinterop>
