<?xml version="1.0" encoding="UTF-8"?>
<!DOCTYPE questestinterop SYSTEM "ims_qtiasiv1p2p1.dtd">

<questestinterop xmlns="http://www.imsglobal.org/xsd/ims_qtiasiv1p2" xmlns:xsi="http://www.w3.org/2001/XMLSchema-instance" xsi:schemaLocation="http://www.imsglobal.org/xsd/ims_qtiasiv1p2 http://www.imsglobal.org/xsd/ims_qtiasiv1p2p1.xsd">
<assessment ident="uva-normal-1352-en-canvas_847478754" title="uva-normal-1352-en-canvas">

<qtimetadata>
<qtimetadatafield>
<fieldlabel>cc_maxattempts</fieldlabel>
<fieldentry>1</fieldentry>
</qtimetadatafield>
<qtimetadatafield>
<fieldlabel>qmd_assessmenttype</fieldlabel>
<fieldentry>Assessment</fieldentry>
</qtimetadatafield>
</qtimetadata>
<objectives>
<material>
<mattext><![CDATA[Please solve the following exercises.]]></mattext>
</material>
</objectives>
<assessmentcontrol feedbackswitch="No" hintswitch="No" solutionswitch="Yes"/>
<outcomes_processing scoremodel="SumOfScores">
<outcomes>
<decvar varname="SCORE" vartype="Decimal" cutvalue="0"/>
</outcomes>
</outcomes_processing>
<assessfeedback title="AssessmentFeedback" ident="AssessmentFeedback">
<flow_mat>
<material>
<mattext>##AssessmentFeedback##</mattext>
</material>
</flow_mat>
</assessfeedback>

<section ident="uva-normal-1352-en-canvas_847478754_section_1" title="Exercise">

<objectives>
<material>
<mattext><![CDATA[Please answer the following question.]]></mattext>
</material>
</objectives>
<selection_ordering>
<selection>
<selection_number>1</selection_number>
<selection_extension>
<points_per_item>1</points_per_item>
</selection_extension>
</selection>
<order order_type="Random"/>
</selection_ordering>

<item ident="uva-normal-1352-en-canvas_847478754_section_1_item_1_schoice" title="Question" maxattempts="1">
<itemcontrol feedbackswitch="No" hintswitch="No" solutionswitch="Yes"/>
<itemmetadata>
<qtimetadata>
<qtimetadatafield>
<fieldlabel>question_type</fieldlabel>
<fieldentry>multiple_choice_question</fieldentry>
</qtimetadatafield>
</qtimetadata>
</itemmetadata>
<presentation>
<flow>
<material>
<matbreak/>
<mattext texttype="text/html" charset="utf-8"><![CDATA[
<p>Caps of Coke bottles vary slightly in diameter. Suppose you take two random samples of 40 and 60 caps, respectively. Do they have the same distribution?</p>
]]></mattext>
<matbreak/>
</material>
<response_lid ident="uva-normal-1352-en-canvas_847478754_section_1_item_1_schoice_RESPONSE_8003678" rcardinality="Single" rtiming="No">
<render_choice shuffle="No">
<flow_label class="List">
<response_label ident="uva-normal-1352-en-canvas_847478754_section_1_item_1_schoice_1797193916" rshuffle="No">
<material>
<mattext texttype="text/html" charset="utf-8"><![CDATA[
 Yes, they have the same means and standard errors.
]]></mattext>
</material>
</response_label>
</flow_label>
<flow_label class="List">
<response_label ident="uva-normal-1352-en-canvas_847478754_section_1_item_1_schoice_2976255396" rshuffle="No">
<material>
<mattext texttype="text/html" charset="utf-8"><![CDATA[
 No, the sample of 40 caps has a larger mean and standard error than the sample of 60.
]]></mattext>
</material>
</response_label>
</flow_label>
<flow_label class="List">
<response_label ident="uva-normal-1352-en-canvas_847478754_section_1_item_1_schoice_3782814127" rshuffle="No">
<material>
<mattext texttype="text/html" charset="utf-8"><![CDATA[
 No, the sample of 60 caps has a larger mean and standard error than the sample of 40.
]]></mattext>
</material>
</response_label>
</flow_label>
<flow_label class="List">
<response_label ident="uva-normal-1352-en-canvas_847478754_section_1_item_1_schoice_9099333346" rshuffle="No">
<material>
<mattext texttype="text/html" charset="utf-8"><![CDATA[
 No, they have different means and standard errors.
]]></mattext>
</material>
</response_label>
</flow_label>
<flow_label class="List">
<response_label ident="uva-normal-1352-en-canvas_847478754_section_1_item_1_schoice_6402672615" rshuffle="No">
<material>
<mattext texttype="text/html" charset="utf-8"><![CDATA[
 No, they have the same means but different standard errors.
]]></mattext>
</material>
</response_label>
</flow_label>
</render_choice>
</response_lid>
</flow>
</presentation>
<resprocessing>
<outcomes>
<decvar varname="SCORE" vartype="Decimal" defaultval="0" minvalue="0" maxvalue="1" cutvalue="1"/>
</outcomes>
<respcondition title="Mastery" continue="No">
<conditionvar>
<and>
<varequal respident="uva-normal-1352-en-canvas_847478754_section_1_item_1_schoice_RESPONSE_8003678" case="Yes">uva-normal-1352-en-canvas_847478754_section_1_item_1_schoice_6402672615</varequal>
<not> <varequal respident="uva-normal-1352-en-canvas_847478754_section_1_item_1_schoice_RESPONSE_8003678" case="Yes">uva-normal-1352-en-canvas_847478754_section_1_item_1_schoice_1797193916</varequal> </not>
<not> <varequal respident="uva-normal-1352-en-canvas_847478754_section_1_item_1_schoice_RESPONSE_8003678" case="Yes">uva-normal-1352-en-canvas_847478754_section_1_item_1_schoice_2976255396</varequal> </not>
<not> <varequal respident="uva-normal-1352-en-canvas_847478754_section_1_item_1_schoice_RESPONSE_8003678" case="Yes">uva-normal-1352-en-canvas_847478754_section_1_item_1_schoice_3782814127</varequal> </not>
<not> <varequal respident="uva-normal-1352-en-canvas_847478754_section_1_item_1_schoice_RESPONSE_8003678" case="Yes">uva-normal-1352-en-canvas_847478754_section_1_item_1_schoice_9099333346</varequal> </not>
</and>
</conditionvar>
<setvar varname="SCORE" action="Set">1</setvar>
<displayfeedback feedbacktype="Response" linkrefid="correct_fb"/>
</respcondition>
<respcondition continue="Yes">
<conditionvar>
<other/>
</conditionvar>
<displayfeedback feedbacktype="Response" linkrefid="general_incorrect_fb"/>
</respcondition>
</resprocessing>
<itemfeedback ident="correct_fb" view="All">
<flow_mat>
<material>
<mattext texttype="text/html"><![CDATA[
<ul>
<li> Yes, they have the same means and standard errors. <br /> Yes, they have the same averages and standard errors…: Incorrect </li>
<li> No, the sample of 40 caps has a larger mean and standard error than the sample of 60. <br /> No, the sample of 40 caps has a larger mean and standard error than the sample of 60…: Incorrect </li>
<li> No, the sample of 60 caps has a larger mean and standard error than the sample of 40. <br /> No, the sample of 60 caps has a larger mean and standard error than the sample of 40: Incorrect </li>
<li> No, they have different means and standard errors. <br /> No, they have different means and standard errors…: Incorrect </li>
<li> No, they have the same means but different standard errors. <br /> No, they have the same means but different standard errors…: Correct </li>
</ul>
]]></mattext>
</material>
</flow_mat>
</itemfeedback>
<itemfeedback ident="general_incorrect_fb" view="All">
<flow_mat>
<material>
<mattext texttype="text/html"><![CDATA[
<ul>
<li> Yes, they have the same means and standard errors. <br /> Yes, they have the same averages and standard errors…: Incorrect </li>
<li> No, the sample of 40 caps has a larger mean and standard error than the sample of 60. <br /> No, the sample of 40 caps has a larger mean and standard error than the sample of 60…: Incorrect </li>
<li> No, the sample of 60 caps has a larger mean and standard error than the sample of 40. <br /> No, the sample of 60 caps has a larger mean and standard error than the sample of 40: Incorrect </li>
<li> No, they have different means and standard errors. <br /> No, they have different means and standard errors…: Incorrect </li>
<li> No, they have the same means but different standard errors. <br /> No, they have the same means but different standard errors…: Correct </li>
</ul>
]]></mattext>
</material>
</flow_mat>
</itemfeedback>
</item>


</section>

</assessment>
</questestinterop>
