<?xml version="1.0" encoding="utf-8" standalone="yes"?>
<assessmentItem identifier="vufsw-slope-1309-nl-tv_202406101043_item_1_schoice" title="vufsw-slope-1309-nl-tv_202406101043_item_1_schoice_vufsw-slope-1309-nl" adaptive="false" timeDependent="false" toolName="Testvision Online" toolVersion="39.0.9084" xmlns="http://www.imsglobal.org/xsd/imsqti_v2p1">
<responseDeclaration identifier="RESPONSE" cardinality="single" baseType="identifier">
<correctResponse>
<value>alt_462851</value>
</correctResponse>
<mapping defaultValue="0" lowerBound="0.0">
<mapEntry mapKey="alt_275808" mappedValue="-0.333333333333333"/>
<mapEntry mapKey="alt_976883" mappedValue="-0.333333333333333"/>
<mapEntry mapKey="alt_462851" mappedValue="1"/>
<mapEntry mapKey="alt_914847" mappedValue="-0.333333333333333"/>
</mapping>
</responseDeclaration>
<outcomeDeclaration identifier="SCORE" cardinality="single" baseType="float" normalMaximum="1" normalMinimum="0" />
<outcomeDeclaration identifier="FEEDBACK" cardinality="single" baseType="identifier" />
<itemBody>
<p>Onderstaande analyses zijn uitgevoerd op data van een steekproef van
jong volwassenen tussen 20 en 40 jaar die zijn ondervraagd via een
vragenlijst over hun culturele voorkeuren. De onderzoeksvragen zijn (1)
in hoeverre de voorkeur voor culturele vakanties (variabele: CULVAC
(schaal 0-1): een hogere score betekent dat de voorkeur voor culturele
vakanties sterker is) veroorzaakt wordt door de sociale positie van het
ouderlijk milieu (gemeten is de opleiding van de ouders (variabele:
FAMEDUC (schaal 0-7), variërend van primair onderwijs (0) tot
universiteit (7)) een hogere score betekent een hogere opleiding) en (2)
of deze relatie verklaard kan worden door het eigen bereikte
opleidingsniveau (variabele: EDUC (schaal 0-6), variërend van lager
beroepsonderwijs (0) tot universiteit (6)) een hogere score betekent een
hogere opleiding).</p>
<p>Hieronder staan de resultaten van twee regressieanalyses.</p>
<p>Regressieanalyse 1:</p>
<p><img src="mediafiles/supplements1/1606293471454.png" alt="image"/></p>
<p>Regressieanalyse 2:</p>
<p><img src="mediafiles/supplements1/1606293416277.png" alt="image"/></p>
<p>Hoeveel hoger op de schaal ‘CULVAC’ scoren volgens <strong>model 1in de eerste
regressieanalyse</strong> respondenten die opgegroeid zijn in gezinnen met de
hoogst opgeleide ouders vergeleken met respondenten die opgegroeid zijn
in gezinnen met de laagst opgeleide ouders?</p>
<choiceInteraction responseIdentifier="RESPONSE" shuffle="false" maxChoices="1">
<simpleChoice identifier="alt_275808">
<div class="textblock tvblock tvcss_1"><div class="rte_zone tveditor1">
 0.407
</div>
</div>
</simpleChoice>
<simpleChoice identifier="alt_976883">
<div class="textblock tvblock tvcss_1"><div class="rte_zone tveditor1">
 0.031
</div>
</div>
</simpleChoice>
<simpleChoice identifier="alt_462851">
<div class="textblock tvblock tvcss_1"><div class="rte_zone tveditor1">
 0.217
</div>
</div>
</simpleChoice>
<simpleChoice identifier="alt_914847">
<div class="textblock tvblock tvcss_1"><div class="rte_zone tveditor1">
 0.593
</div>
</div>
</simpleChoice>
</choiceInteraction>
</itemBody>
<responseProcessing>
<responseCondition>
<responseIf>
<isNull>
<variable identifier="RESPONSE"/>
</isNull>
<setOutcomeValue identifier="SCORE">
<baseValue baseType="float">0.0</baseValue>
</setOutcomeValue>
<setOutcomeValue identifier="FEEDBACK">
<baseValue baseType="identifier">FAILURE</baseValue>
</setOutcomeValue>
</responseIf>
<responseElse>
<setOutcomeValue identifier="SCORE">
<mapResponse identifier="RESPONSE"/>
</setOutcomeValue>
<responseCondition>
<responseIf>
<equal toleranceMode="relative" tolerance="0.001">
<variable identifier="SCORE"/>
<variable identifier="MAXSCORE"/>
</equal>
<setOutcomeValue identifier="FEEDBACK">
<baseValue baseType="identifier">ANSWER_CORRECT</baseValue>
</setOutcomeValue>
</responseIf>
<responseElse>
<setOutcomeValue identifier="FEEDBACK">
<baseValue baseType="identifier">FAILURE</baseValue>
</setOutcomeValue>
</responseElse>
</responseCondition>
</responseElse>
</responseCondition>
</responseProcessing>
<modalFeedback identifier="FAILURE" outcomeIdentifier="FEEDBACK" showHide="show">
<div class="textblock tvblock tvcss_1"><div class="rte_zone tveditor1">
<ul>
<li> 0.407 <br /> False </li>
<li> 0.031 <br /> False </li>
<li> 0.217 <br /> True </li>
<li> 0.593 <br /> False </li>
</ul>
</div>
</div>
</modalFeedback>
<modalFeedback identifier="ANSWER_CORRECT" outcomeIdentifier="FEEDBACK" showHide="show">
<div class="textblock tvblock tvcss_1"><div class="rte_zone tveditor1">
<ul>
<li> 0.407 <br /> False </li>
<li> 0.031 <br /> False </li>
<li> 0.217 <br /> True </li>
<li> 0.593 <br /> False </li>
</ul>
</div>
</div>
</modalFeedback>
<modalFeedback identifier="PARTIAL_CORRECT" outcomeIdentifier="FEEDBACK" showHide="show">
<div class="textblock tvblock tvcss_1"><div class="rte_zone tveditor1">
<ul>
<li> 0.407 <br /> False </li>
<li> 0.031 <br /> False </li>
<li> 0.217 <br /> True </li>
<li> 0.593 <br /> False </li>
</ul>
</div>
</div>
</modalFeedback>
</assessmentItem>
