<?xml version="1.0" encoding="UTF-8"?>
<assessmentItem xsi:schemaLocation="http://www.imsglobal.org/xsd/imsqti_v2p1 http://www.imsglobal.org/xsd/qti/qtiv2p1/imsqti_v2p1p1.xsd http://www.w3.org/1998/Math/MathML http://www.w3.org/Math/XMLSchema/mathml2/mathml2.xsd" identifier="uva-bayesian-statistics-972-en-qti_637296015_section_1_item_1_schoice" title="1" adaptive="false" timeDependent="false" xmlns="http://www.imsglobal.org/xsd/imsqti_v2p1" xmlns:xsi="http://www.w3.org/2001/XMLSchema-instance">
<responseDeclaration identifier="uva-bayesian-statistics-972-en-qti_637296015_section_1_item_1_schoice_RESPONSE_1_4195116" cardinality="single" baseType="identifier">
<correctResponse>
<value>uva-bayesian-statistics-972-en-qti_637296015_section_1_item_1_schoice_3_1138195086</value>
</correctResponse>
<mapping defaultValue="0" lowerBound="0.0">
<mapEntry mapKey="uva-bayesian-statistics-972-en-qti_637296015_section_1_item_1_schoice_1_9980557425" mappedValue="0"/>
<mapEntry mapKey="uva-bayesian-statistics-972-en-qti_637296015_section_1_item_1_schoice_2_9235677527" mappedValue="0"/>
<mapEntry mapKey="uva-bayesian-statistics-972-en-qti_637296015_section_1_item_1_schoice_3_1138195086" mappedValue="1"/>
<mapEntry mapKey="uva-bayesian-statistics-972-en-qti_637296015_section_1_item_1_schoice_4_9130706463" mappedValue="0"/>
</mapping>
</responseDeclaration>
<outcomeDeclaration identifier="SCORE" cardinality="single" baseType="float" normalMaximum="1" normalMinimum="0">
<defaultValue>
<value>0.0</value>
</defaultValue>
</outcomeDeclaration>
<outcomeDeclaration identifier="MAXSCORE" cardinality="single" baseType="float">
<defaultValue>
<value>1</value>
</defaultValue>
</outcomeDeclaration>
<outcomeDeclaration identifier="FEEDBACKBASIC" cardinality="single" baseType="identifier" view="testConstructor">
<defaultValue>
<value>empty</value>
</defaultValue>
</outcomeDeclaration>
<outcomeDeclaration identifier="FEEDBACKMODAL" cardinality="multiple" baseType="identifier" view="testConstructor"/>
<outcomeDeclaration identifier="SOLUTIONMODAL" cardinality="single" baseType="identifier" view="testConstructor"/>
<outcomeDeclaration identifier="MINSCORE" cardinality="single" baseType="float">
<defaultValue>
<value baseType="float">0</value>
</defaultValue>
</outcomeDeclaration>
<outcomeDeclaration identifier="SCORE_RESPONSE_1" cardinality="single" baseType="float">
<defaultValue>
<value>0.0</value>
</defaultValue>
</outcomeDeclaration>
<outcomeDeclaration identifier="MINSCORE_RESPONSE_1" cardinality="single" baseType="float">
<defaultValue>
<value>0.0</value>
</defaultValue>
</outcomeDeclaration>
<itemBody>
<p>Suppose it is known that a proportion of 0.002 of Dutch women have disease <em>D</em>. There is a test to detect this disease. That test is not always reliable: in 0.04 of the cases in which the person has the disease, the test gives the result Òno disease = negative result’. 0.96 of them are detected with a positive result. Furthermore: 0.96 of those who do not have the disease get a negative result. Marja is told that she has a positive test result.</p>
<p>Set the events:</p>
<ul>
<li><em>G</em> = No disease <em>D</em>,</li>
<li><em>P</em> = The positive test result.</li>
</ul>
<p>Then what is the probability P(<em>G</em> and <em>P</em>) that Marja gets a positive test result and she too has no disease?</p>
<choiceInteraction responseIdentifier="uva-bayesian-statistics-972-en-qti_637296015_section_1_item_1_schoice_RESPONSE_1_4195116" shuffle="false" maxChoices="1">
<simpleChoice identifier="uva-bayesian-statistics-972-en-qti_637296015_section_1_item_1_schoice_1_9980557425">
<p>
 0,0019
</p>
</simpleChoice>
<simpleChoice identifier="uva-bayesian-statistics-972-en-qti_637296015_section_1_item_1_schoice_2_9235677527">
<p>
 0,0008
</p>
</simpleChoice>
<simpleChoice identifier="uva-bayesian-statistics-972-en-qti_637296015_section_1_item_1_schoice_3_1138195086">
<p>
 0,0399
</p>
</simpleChoice>
<simpleChoice identifier="uva-bayesian-statistics-972-en-qti_637296015_section_1_item_1_schoice_4_9130706463">
<p>
 0,9581
</p>
</simpleChoice>
</choiceInteraction>
</itemBody>
<responseProcessing>
<setOutcomeValue identifier="SCORE_RESPONSE_1">
<sum>
<variable identifier="SCORE_RESPONSE_1"/>
<mapResponse identifier="uva-bayesian-statistics-972-en-qti_637296015_section_1_item_1_schoice_RESPONSE_1_4195116"/>
</sum>
</setOutcomeValue>
<responseCondition>
<responseIf>
<lt>
<variable identifier="SCORE_RESPONSE_1"/>
<variable identifier="MINSCORE_RESPONSE_1"/>
</lt>
<setOutcomeValue identifier="SCORE_RESPONSE_1">
<variable identifier="MINSCORE_RESPONSE_1"/>
</setOutcomeValue>
</responseIf>
</responseCondition>
<responseCondition>
<responseIf>
<isNull>
<variable identifier="uva-bayesian-statistics-972-en-qti_637296015_section_1_item_1_schoice_RESPONSE_1_4195116"/>
</isNull>
<setOutcomeValue identifier="SCORE_RESPONSE_1">
<sum>
<variable identifier="SCORE_RESPONSE_1"/>
<baseValue baseType="float">0</baseValue>
</sum>
</setOutcomeValue>
</responseIf>
</responseCondition>
<setOutcomeValue identifier="SCORE">
<sum>
<variable identifier="SCORE_RESPONSE_1"/>
</sum>
</setOutcomeValue>
<responseCondition>
<responseIf>
<lt>
<variable identifier="SCORE"/>
<variable identifier="MINSCORE"/>
</lt>
<setOutcomeValue identifier="SCORE">
<variable identifier="MINSCORE"/>
</setOutcomeValue>
</responseIf>
</responseCondition>
<responseCondition>
<responseIf>
<lt>
<variable identifier="SCORE"/>
<baseValue baseType="float">1</baseValue>
</lt>
<setOutcomeValue identifier="FEEDBACKMODAL">
<multiple>
<variable identifier="FEEDBACKMODAL"/>
<baseValue baseType="identifier">Feedback522228594</baseValue>
</multiple>
</setOutcomeValue>
</responseIf>
</responseCondition>
</responseProcessing>
<modalFeedback identifier="Feedback522228594" outcomeIdentifier="FEEDBACKMODAL" showHide="show">
<ul>
<li> 0,0019 <br /> 0,0019: Incorrect </li>
<li> 0,0008 <br /> 0.0008: Incorrect </li>
<li> 0,0399 <br /> 0.0399: Correct </li>
<li> 0,9581 <br /> 0.9581: Incorrect </li>
</ul>
</modalFeedback>
</assessmentItem>
