<?xml version="1.0" encoding="UTF-8"?>
<assessmentItem xsi:schemaLocation="http://www.imsglobal.org/xsd/imsqti_v2p1 http://www.imsglobal.org/xsd/qti/qtiv2p1/imsqti_v2p1p1.xsd http://www.w3.org/1998/Math/MathML http://www.w3.org/Math/XMLSchema/mathml2/mathml2.xsd" identifier="uva-mean-591-en-qti_660159028_section_1_item_1_schoice" title="1" adaptive="false" timeDependent="false" xmlns="http://www.imsglobal.org/xsd/imsqti_v2p1" xmlns:xsi="http://www.w3.org/2001/XMLSchema-instance">
<responseDeclaration identifier="uva-mean-591-en-qti_660159028_section_1_item_1_schoice_RESPONSE_1_3707093" cardinality="single" baseType="identifier">
<correctResponse>
<value>uva-mean-591-en-qti_660159028_section_1_item_1_schoice_3_4841710295</value>
</correctResponse>
<mapping defaultValue="0" lowerBound="0.0">
<mapEntry mapKey="uva-mean-591-en-qti_660159028_section_1_item_1_schoice_1_9773630789" mappedValue="0"/>
<mapEntry mapKey="uva-mean-591-en-qti_660159028_section_1_item_1_schoice_2_5115326736" mappedValue="0"/>
<mapEntry mapKey="uva-mean-591-en-qti_660159028_section_1_item_1_schoice_3_4841710295" mappedValue="1"/>
<mapEntry mapKey="uva-mean-591-en-qti_660159028_section_1_item_1_schoice_4_2608072940" mappedValue="0"/>
</mapping>
</responseDeclaration>
<outcomeDeclaration identifier="SCORE" cardinality="single" baseType="float" normalMaximum="1" normalMinimum="0">
<defaultValue>
<value>0.0</value>
</defaultValue>
</outcomeDeclaration>
<outcomeDeclaration identifier="MAXSCORE" cardinality="single" baseType="float">
<defaultValue>
<value>1</value>
</defaultValue>
</outcomeDeclaration>
<outcomeDeclaration identifier="FEEDBACKBASIC" cardinality="single" baseType="identifier" view="testConstructor">
<defaultValue>
<value>empty</value>
</defaultValue>
</outcomeDeclaration>
<outcomeDeclaration identifier="FEEDBACKMODAL" cardinality="multiple" baseType="identifier" view="testConstructor"/>
<outcomeDeclaration identifier="SOLUTIONMODAL" cardinality="single" baseType="identifier" view="testConstructor"/>
<outcomeDeclaration identifier="MINSCORE" cardinality="single" baseType="float">
<defaultValue>
<value baseType="float">0</value>
</defaultValue>
</outcomeDeclaration>
<outcomeDeclaration identifier="SCORE_RESPONSE_1" cardinality="single" baseType="float">
<defaultValue>
<value>0.0</value>
</defaultValue>
</outcomeDeclaration>
<outcomeDeclaration identifier="MINSCORE_RESPONSE_1" cardinality="single" baseType="float">
<defaultValue>
<value>0.0</value>
</defaultValue>
</outcomeDeclaration>
<itemBody>
<p>Given a sample with outcomes 4, 12, 9, 4, 10, 4 and 6. The SEM (standard error of the sample mean) is then equal to</p>
<choiceInteraction responseIdentifier="uva-mean-591-en-qti_660159028_section_1_item_1_schoice_RESPONSE_1_3707093" shuffle="false" maxChoices="1">
<simpleChoice identifier="uva-mean-591-en-qti_660159028_section_1_item_1_schoice_1_9773630789">
<p>
 3.32
</p>
</simpleChoice>
<simpleChoice identifier="uva-mean-591-en-qti_660159028_section_1_item_1_schoice_2_5115326736">
<p>
 1.25
</p>
</simpleChoice>
<simpleChoice identifier="uva-mean-591-en-qti_660159028_section_1_item_1_schoice_3_4841710295">
<p>
 1.57
</p>
</simpleChoice>
<simpleChoice identifier="uva-mean-591-en-qti_660159028_section_1_item_1_schoice_4_2608072940">
<p>
 3.07
</p>
</simpleChoice>
</choiceInteraction>
</itemBody>
<responseProcessing>
<setOutcomeValue identifier="SCORE_RESPONSE_1">
<sum>
<variable identifier="SCORE_RESPONSE_1"/>
<mapResponse identifier="uva-mean-591-en-qti_660159028_section_1_item_1_schoice_RESPONSE_1_3707093"/>
</sum>
</setOutcomeValue>
<responseCondition>
<responseIf>
<lt>
<variable identifier="SCORE_RESPONSE_1"/>
<variable identifier="MINSCORE_RESPONSE_1"/>
</lt>
<setOutcomeValue identifier="SCORE_RESPONSE_1">
<variable identifier="MINSCORE_RESPONSE_1"/>
</setOutcomeValue>
</responseIf>
</responseCondition>
<responseCondition>
<responseIf>
<isNull>
<variable identifier="uva-mean-591-en-qti_660159028_section_1_item_1_schoice_RESPONSE_1_3707093"/>
</isNull>
<setOutcomeValue identifier="SCORE_RESPONSE_1">
<sum>
<variable identifier="SCORE_RESPONSE_1"/>
<baseValue baseType="float">0</baseValue>
</sum>
</setOutcomeValue>
</responseIf>
</responseCondition>
<setOutcomeValue identifier="SCORE">
<sum>
<variable identifier="SCORE_RESPONSE_1"/>
</sum>
</setOutcomeValue>
<responseCondition>
<responseIf>
<lt>
<variable identifier="SCORE"/>
<variable identifier="MINSCORE"/>
</lt>
<setOutcomeValue identifier="SCORE">
<variable identifier="MINSCORE"/>
</setOutcomeValue>
</responseIf>
</responseCondition>
<responseCondition>
<responseIf>
<lt>
<variable identifier="SCORE"/>
<baseValue baseType="float">1</baseValue>
</lt>
<setOutcomeValue identifier="FEEDBACKMODAL">
<multiple>
<variable identifier="FEEDBACKMODAL"/>
<baseValue baseType="identifier">Feedback854729524</baseValue>
</multiple>
</setOutcomeValue>
</responseIf>
</responseCondition>
</responseProcessing>
<modalFeedback identifier="Feedback854729524" outcomeIdentifier="FEEDBACKMODAL" showHide="show">
<ul>
<li> 3.32 <br /> 3.32: Incorrect </li>
<li> 1.25 <br /> 1.25: Incorrect </li>
<li> 1.57 <br /> 1.57: Correct </li>
<li> 3.07 <br /> 3.07: Incorrect </li>
</ul>
</modalFeedback>
</assessmentItem>
