<?xml version="1.0" encoding="UTF-8"?>
<assessmentItem xsi:schemaLocation="http://www.imsglobal.org/xsd/imsqti_v2p1 http://www.imsglobal.org/xsd/qti/qtiv2p1/imsqti_v2p1p1.xsd http://www.w3.org/1998/Math/MathML http://www.w3.org/Math/XMLSchema/mathml2/mathml2.xsd" identifier="uva-multiplication-rule-1096-en-qti_745361117_section_1_item_1_schoice" title="1" adaptive="false" timeDependent="false" xmlns="http://www.imsglobal.org/xsd/imsqti_v2p1" xmlns:xsi="http://www.w3.org/2001/XMLSchema-instance">
<responseDeclaration identifier="uva-multiplication-rule-1096-en-qti_745361117_section_1_item_1_schoice_RESPONSE_1_4974464" cardinality="single" baseType="identifier">
<correctResponse>
<value>uva-multiplication-rule-1096-en-qti_745361117_section_1_item_1_schoice_3_9196401598</value>
</correctResponse>
<mapping defaultValue="0" lowerBound="0.0">
<mapEntry mapKey="uva-multiplication-rule-1096-en-qti_745361117_section_1_item_1_schoice_1_9770281943" mappedValue="0"/>
<mapEntry mapKey="uva-multiplication-rule-1096-en-qti_745361117_section_1_item_1_schoice_2_1089201309" mappedValue="0"/>
<mapEntry mapKey="uva-multiplication-rule-1096-en-qti_745361117_section_1_item_1_schoice_3_9196401598" mappedValue="1"/>
<mapEntry mapKey="uva-multiplication-rule-1096-en-qti_745361117_section_1_item_1_schoice_4_1911836278" mappedValue="0"/>
</mapping>
</responseDeclaration>
<outcomeDeclaration identifier="SCORE" cardinality="single" baseType="float" normalMaximum="1" normalMinimum="0">
<defaultValue>
<value>0.0</value>
</defaultValue>
</outcomeDeclaration>
<outcomeDeclaration identifier="MAXSCORE" cardinality="single" baseType="float">
<defaultValue>
<value>1</value>
</defaultValue>
</outcomeDeclaration>
<outcomeDeclaration identifier="FEEDBACKBASIC" cardinality="single" baseType="identifier" view="testConstructor">
<defaultValue>
<value>empty</value>
</defaultValue>
</outcomeDeclaration>
<outcomeDeclaration identifier="FEEDBACKMODAL" cardinality="multiple" baseType="identifier" view="testConstructor"/>
<outcomeDeclaration identifier="SOLUTIONMODAL" cardinality="single" baseType="identifier" view="testConstructor"/>
<outcomeDeclaration identifier="MINSCORE" cardinality="single" baseType="float">
<defaultValue>
<value baseType="float">0</value>
</defaultValue>
</outcomeDeclaration>
<outcomeDeclaration identifier="SCORE_RESPONSE_1" cardinality="single" baseType="float">
<defaultValue>
<value>0.0</value>
</defaultValue>
</outcomeDeclaration>
<outcomeDeclaration identifier="MINSCORE_RESPONSE_1" cardinality="single" baseType="float">
<defaultValue>
<value>0.0</value>
</defaultValue>
</outcomeDeclaration>
<itemBody>
<p>Jack and Linda want to have lunch together. They first toss a coin to determine determine who should pay for lunch. Then they toss another who will pay the tip. What is the probability that Linda will have to pay both lunch and the tip have to pay?</p>
<choiceInteraction responseIdentifier="uva-multiplication-rule-1096-en-qti_745361117_section_1_item_1_schoice_RESPONSE_1_4974464" shuffle="false" maxChoices="1">
<simpleChoice identifier="uva-multiplication-rule-1096-en-qti_745361117_section_1_item_1_schoice_1_9770281943">
<p>
 1/2
</p>
</simpleChoice>
<simpleChoice identifier="uva-multiplication-rule-1096-en-qti_745361117_section_1_item_1_schoice_2_1089201309">
<p>
 3/4
</p>
</simpleChoice>
<simpleChoice identifier="uva-multiplication-rule-1096-en-qti_745361117_section_1_item_1_schoice_3_9196401598">
<p>
 1/4
</p>
</simpleChoice>
<simpleChoice identifier="uva-multiplication-rule-1096-en-qti_745361117_section_1_item_1_schoice_4_1911836278">
<p>
 0
</p>
</simpleChoice>
</choiceInteraction>
</itemBody>
<responseProcessing>
<setOutcomeValue identifier="SCORE_RESPONSE_1">
<sum>
<variable identifier="SCORE_RESPONSE_1"/>
<mapResponse identifier="uva-multiplication-rule-1096-en-qti_745361117_section_1_item_1_schoice_RESPONSE_1_4974464"/>
</sum>
</setOutcomeValue>
<responseCondition>
<responseIf>
<lt>
<variable identifier="SCORE_RESPONSE_1"/>
<variable identifier="MINSCORE_RESPONSE_1"/>
</lt>
<setOutcomeValue identifier="SCORE_RESPONSE_1">
<variable identifier="MINSCORE_RESPONSE_1"/>
</setOutcomeValue>
</responseIf>
</responseCondition>
<responseCondition>
<responseIf>
<isNull>
<variable identifier="uva-multiplication-rule-1096-en-qti_745361117_section_1_item_1_schoice_RESPONSE_1_4974464"/>
</isNull>
<setOutcomeValue identifier="SCORE_RESPONSE_1">
<sum>
<variable identifier="SCORE_RESPONSE_1"/>
<baseValue baseType="float">0</baseValue>
</sum>
</setOutcomeValue>
</responseIf>
</responseCondition>
<setOutcomeValue identifier="SCORE">
<sum>
<variable identifier="SCORE_RESPONSE_1"/>
</sum>
</setOutcomeValue>
<responseCondition>
<responseIf>
<lt>
<variable identifier="SCORE"/>
<variable identifier="MINSCORE"/>
</lt>
<setOutcomeValue identifier="SCORE">
<variable identifier="MINSCORE"/>
</setOutcomeValue>
</responseIf>
</responseCondition>
<responseCondition>
<responseIf>
<lt>
<variable identifier="SCORE"/>
<baseValue baseType="float">1</baseValue>
</lt>
<setOutcomeValue identifier="FEEDBACKMODAL">
<multiple>
<variable identifier="FEEDBACKMODAL"/>
<baseValue baseType="identifier">Feedback668427277</baseValue>
</multiple>
</setOutcomeValue>
</responseIf>
</responseCondition>
</responseProcessing>
<modalFeedback identifier="Feedback668427277" outcomeIdentifier="FEEDBACKMODAL" showHide="show">
<ul>
<li> 1/2 <br /> 1/2: Incorrect </li>
<li> 3/4 <br /> 3/4: Incorrect </li>
<li> 1/4 <br /> 1/4: Correct </li>
<li> 0 <br /> 0: Incorrect </li>
</ul>
</modalFeedback>
</assessmentItem>
