<?xml version="1.0" encoding="UTF-8"?>
<manifest xsi:schemaLocation="http://www.imsglobal.org/xsd/imscp_v1p1 http://www.imsglobal.org/xsd/qti/qtiv2p1/qtiv2p1_imscpv1p2_v1p0.xsd http://www.imsglobal.org/xsd/imsqti_v2p1 http://www.imsglobal.org/xsd/qti/qtiv2p1/imsqti_v2p1p1.xsd http://www.imsglobal.org/xsd/imsqti_metadata_v2p1 http://www.imsglobal.org/xsd/qti/qtiv2p1/imsqti_metadata_v2p1p1.xsd http://ltsc.ieee.org/xsd/LOM http://www.imsglobal.org/xsd/imsmd_loose_v1p3p2.xsd http://www.w3.org/1998/Math/MathML http://www.w3.org/Math/XMLSchema/mathml2/mathml2.xsd" identifier="vufsw-mixeddesignanova-0249-en-ans_112806101_manifest" xmlns="http://www.imsglobal.org/xsd/imscp_v1p1" xmlns:xsi="http://www.w3.org/2001/XMLSchema-instance">
<metadata>
<schema>QTIv2.1 Package</schema>
<schemaversion>1.0.0</schemaversion>
</metadata>
<organizations/>
<resources>
<resource identifier="vufsw-mixeddesignanova-0249-en-ans_112806101_id" type="imsqti_test_xmlv2p1" href="vufsw-mixeddesignanova-0249-en-ans_112806101.xml">
<metadata>
<lom xmlns="http://ltsc.ieee.org/xsd/LOM">
<general>
<identifier>
<entry>vufsw-mixeddesignanova-0249-en-ans_112806101</entry>
</identifier>
<title>
<string language="en_US">vufsw-mixeddesignanova-0249-en-ans</string>
</title>
<description>
<string language="en_US">Please solve the following exercises.</string>
</description>
</general>
<lifeCycle>
<contribute>
<role>
<source>LOMv1.0</source>
<value>author</value>
</role>
<entity>R/exams</entity>
<date>
<dateTime>2025-06-19T10:07:36</dateTime>
</date>
</contribute>
</lifeCycle>
</lom>
</metadata>
<file href="vufsw-mixeddesignanova-0249-en-ans_112806101.xml"/>
<dependency identifierref="vufsw-mixeddesignanova-0249-en-ans_112806101_section_1_item_1_num_id"/>
</resource>
<resource identifier="media_supplements1_Capture12428.gif_id" type="imsqti_item_xmlv2p1" href="media/supplements1/Capture12428.gif">
<file href="media/supplements1/Capture12428.gif"/>
</resource>
<resource identifier="vufsw-mixeddesignanova-0249-en-ans_112806101_section_1_item_1_num_id" type="imsqti_item_xmlv2p1" href="vufsw-mixeddesignanova-0249-en-ans_112806101_section_1_item_1_num.xml">
<file href="vufsw-mixeddesignanova-0249-en-ans_112806101_section_1_item_1_num.xml"/>
</resource>
</resources>
</manifest>
