<?xml version="1.0" encoding="UTF-8"?>
<assessmentItem xsi:schemaLocation="http://www.imsglobal.org/xsd/imsqti_v2p1 http://www.imsglobal.org/xsd/qti/qtiv2p1/imsqti_v2p1p1.xsd http://www.w3.org/1998/Math/MathML http://www.w3.org/Math/XMLSchema/mathml2/mathml2.xsd" identifier="vufsw-moderation-1274-en-ans_541018013_section_1_item_1_schoice" title="Inferential_Statistics_vufsw-moderation-1274-en_vufsw-moderation-1274-en_schoice_1" adaptive="false" timeDependent="false" xmlns="http://www.imsglobal.org/xsd/imsqti_v2p1" xmlns:xsi="http://www.w3.org/2001/XMLSchema-instance">
<responseDeclaration identifier="vufsw-moderation-1274-en-ans_541018013_section_1_item_1_schoice_RESPONSE_1_5119293" cardinality="single" baseType="identifier">
<correctResponse>
<value>vufsw-moderation-1274-en-ans_541018013_section_1_item_1_schoice_4_3465714339</value>
</correctResponse>
<mapping defaultValue="0" lowerBound="0.0">
<mapEntry mapKey="vufsw-moderation-1274-en-ans_541018013_section_1_item_1_schoice_1_1073428965" mappedValue="0"/>
<mapEntry mapKey="vufsw-moderation-1274-en-ans_541018013_section_1_item_1_schoice_2_6850186024" mappedValue="0"/>
<mapEntry mapKey="vufsw-moderation-1274-en-ans_541018013_section_1_item_1_schoice_3_1271033425" mappedValue="0"/>
<mapEntry mapKey="vufsw-moderation-1274-en-ans_541018013_section_1_item_1_schoice_4_3465714339" mappedValue="1"/>
</mapping>
</responseDeclaration>
<outcomeDeclaration identifier="SCORE" cardinality="single" baseType="float" normalMaximum="1" normalMinimum="0">
<defaultValue>
<value>0.0</value>
</defaultValue>
</outcomeDeclaration>
<outcomeDeclaration identifier="MAXSCORE" cardinality="single" baseType="float">
<defaultValue>
<value>1</value>
</defaultValue>
</outcomeDeclaration>
<outcomeDeclaration identifier="FEEDBACKBASIC" cardinality="single" baseType="identifier" view="testConstructor">
<defaultValue>
<value>empty</value>
</defaultValue>
</outcomeDeclaration>
<outcomeDeclaration identifier="FEEDBACKMODAL" cardinality="multiple" baseType="identifier" view="testConstructor"/>
<outcomeDeclaration identifier="SOLUTIONMODAL" cardinality="single" baseType="identifier" view="testConstructor"/>
<outcomeDeclaration identifier="MINSCORE" cardinality="single" baseType="float">
<defaultValue>
<value baseType="float">0</value>
</defaultValue>
</outcomeDeclaration>
<outcomeDeclaration identifier="SCORE_RESPONSE_1" cardinality="single" baseType="float">
<defaultValue>
<value>0.0</value>
</defaultValue>
</outcomeDeclaration>
<outcomeDeclaration identifier="MINSCORE_RESPONSE_1" cardinality="single" baseType="float">
<defaultValue>
<value>0.0</value>
</defaultValue>
</outcomeDeclaration>
<itemBody>
<p>A researcher has drawn a sample among children who have been playing a
musical instrument for five years. He investigated whether the number of
hours a child exercised with the instrument per week influenced the
number of musical exams that the child had achieved (in total there were
8 exams, the first exam being the easiest and the last exam the most
difficult; graph expressed with level of musical skill). The children
were also asked if their parents were very strict when it came to
practicing (whether or not ‘pushy’/ strict). What does the regression
chart below show ?</p>
<p><img src="media/supplements1/image003578f668a.jpg" /></p>
<choiceInteraction responseIdentifier="vufsw-moderation-1274-en-ans_541018013_section_1_item_1_schoice_RESPONSE_1_5119293" shuffle="false" maxChoices="1">
<simpleChoice identifier="vufsw-moderation-1274-en-ans_541018013_section_1_item_1_schoice_1_1073428965">
<p>
 The more a child exercised, the more music exams the child made. This relationship was stronger for the children who did not have strict parents, compared to the children who had severe parents.
</p>
</simpleChoice>
<simpleChoice identifier="vufsw-moderation-1274-en-ans_541018013_section_1_item_1_schoice_2_6850186024">
<p>
 Children with strict parents received more music exams than the children who did not have strict parents. This relationship was stronger for children who exercised a lot, compared with children who did not exercise very much.
</p>
</simpleChoice>
<simpleChoice identifier="vufsw-moderation-1274-en-ans_541018013_section_1_item_1_schoice_3_1271033425">
<p>
 Children with strict parents had more music exams than the children who did not have strict parents. This relationship was stronger for children who practiced little, compared with children who practiced a lot.
</p>
</simpleChoice>
<simpleChoice identifier="vufsw-moderation-1274-en-ans_541018013_section_1_item_1_schoice_4_3465714339">
<p>
 The more a child exercised, the more music exams the child made. This relationship was stronger for the children who had strict parents compared to the children who did not have strict parents.
</p>
</simpleChoice>
</choiceInteraction>
</itemBody>
<responseProcessing>
<setOutcomeValue identifier="SCORE_RESPONSE_1">
<sum>
<variable identifier="SCORE_RESPONSE_1"/>
<mapResponse identifier="vufsw-moderation-1274-en-ans_541018013_section_1_item_1_schoice_RESPONSE_1_5119293"/>
</sum>
</setOutcomeValue>
<responseCondition>
<responseIf>
<lt>
<variable identifier="SCORE_RESPONSE_1"/>
<variable identifier="MINSCORE_RESPONSE_1"/>
</lt>
<setOutcomeValue identifier="SCORE_RESPONSE_1">
<variable identifier="MINSCORE_RESPONSE_1"/>
</setOutcomeValue>
</responseIf>
</responseCondition>
<responseCondition>
<responseIf>
<isNull>
<variable identifier="vufsw-moderation-1274-en-ans_541018013_section_1_item_1_schoice_RESPONSE_1_5119293"/>
</isNull>
<setOutcomeValue identifier="SCORE_RESPONSE_1">
<sum>
<variable identifier="SCORE_RESPONSE_1"/>
<baseValue baseType="float">0</baseValue>
</sum>
</setOutcomeValue>
</responseIf>
</responseCondition>
<setOutcomeValue identifier="SCORE">
<sum>
<variable identifier="SCORE_RESPONSE_1"/>
</sum>
</setOutcomeValue>
<responseCondition>
<responseIf>
<lt>
<variable identifier="SCORE"/>
<variable identifier="MINSCORE"/>
</lt>
<setOutcomeValue identifier="SCORE">
<variable identifier="MINSCORE"/>
</setOutcomeValue>
</responseIf>
</responseCondition>
<responseCondition>
<responseIf>
<lt>
<variable identifier="SCORE"/>
<baseValue baseType="float">1</baseValue>
</lt>
<setOutcomeValue identifier="FEEDBACKMODAL">
<multiple>
<variable identifier="FEEDBACKMODAL"/>
<baseValue baseType="identifier">Feedback691231834</baseValue>
</multiple>
</setOutcomeValue>
</responseIf>
</responseCondition>
</responseProcessing>
<modalFeedback outcomeIdentifier="FEEDBACK" showHide="show" identifier="incorrect">
<p>The right answer is; he more a child exercised, the more music exams the
child made. This relationship was stronger for the children who had
strict parents compared to the children who did not have strict parents.</p>
<p>Language<br />
Nederlands</p>
<p>Levels of Difficulty<br />
Medium</p>
<p>M&amp;T BIS<br />
Default value</p>
<p>M&amp;T Moderation<br />
Default value</p>
<br />
<ul>
<li> The more a child exercised, the more music exams the child made. This relationship was stronger for the children who did not have strict parents, compared to the children who had severe parents. <br /> False </li>
<li> Children with strict parents received more music exams than the children who did not have strict parents. This relationship was stronger for children who exercised a lot, compared with children who did not exercise very much. <br /> False </li>
<li> Children with strict parents had more music exams than the children who did not have strict parents. This relationship was stronger for children who practiced little, compared with children who practiced a lot. <br /> False </li>
<li> The more a child exercised, the more music exams the child made. This relationship was stronger for the children who had strict parents compared to the children who did not have strict parents. <br /> True </li>
</ul>
</modalFeedback>
</assessmentItem>
