<?xml version="1.0" encoding="utf-8" standalone="yes"?>
<assessmentItem identifier="vufsw-onewayanova-0255-en-tv_202307180609_item_1_num" title="vufsw-onewayanova-0255-en-tv_202307180609_item_1_num_vufsw-onewayanova-0255-en" adaptive="false" timeDependent="false" toolName="Testvision Online" toolVersion="39.0.9084" xmlns="http://www.imsglobal.org/xsd/imsqti_v2p1">
<responseDeclaration identifier="RESPONSE" cardinality="multiple" baseType="float">
<correctResponse>
<value>0.5</value>
<value>0.5;0.5</value>
</correctResponse>
</responseDeclaration>
<outcomeDeclaration identifier="SCORE" cardinality="single" baseType="float" normalMaximum="1" normalMinimum="0" />
<outcomeDeclaration identifier="FEEDBACK" cardinality="single" baseType="identifier" />
<itemBody>
<p>In the Netherlands, municipalities are partly allowed to determine the
distribution of their health care expenses.</p>
<p>Two municipalities (‘gemeente A’ and ‘gemeente B’) wondered how
satisfied residents are with the care they receive from the municipality
(on a scale of 1, very dissatisfied to 10, very satisfied) and put this
question to a number of respondents. Below are the results of the
survey.</p>
<p>The null hypothesis is that there is no difference in satisfaction
between the two municipalities and perform an ANOVA for this.</p>
<p>Calculate the Sum of Squares Model (SSM) based on the above data.  Round
to one decimal place</p>
<p><img src="1641299727441.png" class="fr-fic fr-dii tvcss_2"
alt="1641299727441" /></p>
<extendedTextInteraction responseIdentifier="RESPONSE"/>
</itemBody>
<responseProcessing>
<responseCondition>
<responseIf>
<isNull>
<variable identifier="RESPONSE"/>
</isNull>
<setOutcomeValue identifier="SCORE">
<baseValue baseType="float">0.0</baseValue>
</setOutcomeValue>
<setOutcomeValue identifier="FEEDBACK">
<baseValue baseType="identifier">FAILURE</baseValue>
</setOutcomeValue>
</responseIf>
<responseElse>
<responseCondition>
<responseIf>
<match>
<variable identifier="RESPONSE"/>
<correct identifier="RESPONSE"/>
</match>
<setOutcomeValue identifier="SCORE">
<baseValue baseType="float">1</baseValue>
</setOutcomeValue>
</responseIf>
<responseElse>
<setOutcomeValue identifier="SCORE">
<baseValue baseType="float">0</baseValue>
</setOutcomeValue>
</responseElse>
</responseCondition>
<responseCondition>
<responseIf>
<equal toleranceMode="relative" tolerance="0.001">
<variable identifier="SCORE"/>
<variable identifier="MAXSCORE"/>
</equal>
<setOutcomeValue identifier="FEEDBACK">
<baseValue baseType="identifier">ANSWER_CORRECT</baseValue>
</setOutcomeValue>
</responseIf>
<responseElse>
<setOutcomeValue identifier="FEEDBACK">
<baseValue baseType="identifier">FAILURE</baseValue>
</setOutcomeValue>
</responseElse>
</responseCondition>
</responseElse>
</responseCondition>
</responseProcessing>
<modalFeedback identifier="FAILURE" outcomeIdentifier="FEEDBACK" showHide="show">
<div class="textblock tvblock tvcss_1"><div class="rte_zone tveditor1">
<p>gemeente A    score tevredenheid (schaal van 0 tot 10)                  
     <br />
respondent 1    7    0,75    0,5625                <br />
respondent 2    6    -0,25    0,0625                <br />
respondent 3    5    -1,25    1,5625                <br />
respondent 4    7    0,75    0,5625                <br />
gemeente B                            <br />
respondent 5    6    0,25    0,0625                <br />
respondent 6    4    -1,75    3,0625                <br />
respondent 7    5    -0,75    0,5625                <br />
respondent 8    8    2,25    5,0625                <br />
                            <br />
totaal gemiddelde=    6                        <br />
                            <br />
Total sum of squares= Σ(Y-Ῡ)²                            <br />
Model sum of squares=Σnk*(Ῡk-Ῡ)²                            <br />
Residual sum of
squares=Σ(Y-Ῡk)²=(4-5)²+(5-5)²+(6-5)²+(6-6)²+(3-6)²+(9-6)²=20          
                 <br />
Mean square model= MSS/dfm                            <br />
Mean square residual= RSS/dfr=20/4=5                            <br />
F=MSM/MSR                            <br />
                            <br />
                            <br />
                            <br />
 gemeente A    6,25        SSm    0,5            <br />
gemeente B    5,75        SSr    11,5            <br />
            MSM    0,5/1=0,5            <br />
            RSS    11,5/6=1,916667            <br />
                            <br />
    F=    0,5/1,916667=0,261         a very small F so probably not
significant</p>
</div>
</div>
</modalFeedback>
<modalFeedback identifier="ANSWER_CORRECT" outcomeIdentifier="FEEDBACK" showHide="show">
<div class="textblock tvblock tvcss_1"><div class="rte_zone tveditor1">
<p>gemeente A    score tevredenheid (schaal van 0 tot 10)                  
     <br />
respondent 1    7    0,75    0,5625                <br />
respondent 2    6    -0,25    0,0625                <br />
respondent 3    5    -1,25    1,5625                <br />
respondent 4    7    0,75    0,5625                <br />
gemeente B                            <br />
respondent 5    6    0,25    0,0625                <br />
respondent 6    4    -1,75    3,0625                <br />
respondent 7    5    -0,75    0,5625                <br />
respondent 8    8    2,25    5,0625                <br />
                            <br />
totaal gemiddelde=    6                        <br />
                            <br />
Total sum of squares= Σ(Y-Ῡ)²                            <br />
Model sum of squares=Σnk*(Ῡk-Ῡ)²                            <br />
Residual sum of
squares=Σ(Y-Ῡk)²=(4-5)²+(5-5)²+(6-5)²+(6-6)²+(3-6)²+(9-6)²=20          
                 <br />
Mean square model= MSS/dfm                            <br />
Mean square residual= RSS/dfr=20/4=5                            <br />
F=MSM/MSR                            <br />
                            <br />
                            <br />
                            <br />
 gemeente A    6,25        SSm    0,5            <br />
gemeente B    5,75        SSr    11,5            <br />
            MSM    0,5/1=0,5            <br />
            RSS    11,5/6=1,916667            <br />
                            <br />
    F=    0,5/1,916667=0,261         a very small F so probably not
significant</p>
</div>
</div>
</modalFeedback>
<modalFeedback identifier="PARTIAL_CORRECT" outcomeIdentifier="FEEDBACK" showHide="show">
<div class="textblock tvblock tvcss_1"><div class="rte_zone tveditor1">
<p>gemeente A    score tevredenheid (schaal van 0 tot 10)                  
     <br />
respondent 1    7    0,75    0,5625                <br />
respondent 2    6    -0,25    0,0625                <br />
respondent 3    5    -1,25    1,5625                <br />
respondent 4    7    0,75    0,5625                <br />
gemeente B                            <br />
respondent 5    6    0,25    0,0625                <br />
respondent 6    4    -1,75    3,0625                <br />
respondent 7    5    -0,75    0,5625                <br />
respondent 8    8    2,25    5,0625                <br />
                            <br />
totaal gemiddelde=    6                        <br />
                            <br />
Total sum of squares= Σ(Y-Ῡ)²                            <br />
Model sum of squares=Σnk*(Ῡk-Ῡ)²                            <br />
Residual sum of
squares=Σ(Y-Ῡk)²=(4-5)²+(5-5)²+(6-5)²+(6-6)²+(3-6)²+(9-6)²=20          
                 <br />
Mean square model= MSS/dfm                            <br />
Mean square residual= RSS/dfr=20/4=5                            <br />
F=MSM/MSR                            <br />
                            <br />
                            <br />
                            <br />
 gemeente A    6,25        SSm    0,5            <br />
gemeente B    5,75        SSr    11,5            <br />
            MSM    0,5/1=0,5            <br />
            RSS    11,5/6=1,916667            <br />
                            <br />
    F=    0,5/1,916667=0,261         a very small F so probably not
significant</p>
</div>
</div>
</modalFeedback>
</assessmentItem>
