<?xml version="1.0" encoding="UTF-8"?>
<assessmentItem xsi:schemaLocation="http://www.imsglobal.org/xsd/imsqti_v2p1 http://www.imsglobal.org/xsd/qti/qtiv2p1/imsqti_v2p1p1.xsd http://www.w3.org/1998/Math/MathML http://www.w3.org/Math/XMLSchema/mathml2/mathml2.xsd" identifier="uu-Standard-error-of-the-estimate-802-nl-ans_538766789_section_1_item_1_schoice" title="Inferential_Statistics_uu-Standard-error-of-the-estimate-802-nl_uu-Standard-error-of-the-estimate-802-nl_schoice_1" adaptive="false" timeDependent="false" xmlns="http://www.imsglobal.org/xsd/imsqti_v2p1" xmlns:xsi="http://www.w3.org/2001/XMLSchema-instance">
<responseDeclaration identifier="uu-Standard-error-of-the-estimate-802-nl-ans_538766789_section_1_item_1_schoice_RESPONSE_1_7367406" cardinality="single" baseType="identifier">
<correctResponse>
<value>uu-Standard-error-of-the-estimate-802-nl-ans_538766789_section_1_item_1_schoice_4_8985987204</value>
</correctResponse>
<mapping defaultValue="0" lowerBound="0.0">
<mapEntry mapKey="uu-Standard-error-of-the-estimate-802-nl-ans_538766789_section_1_item_1_schoice_1_8070529898" mappedValue="0"/>
<mapEntry mapKey="uu-Standard-error-of-the-estimate-802-nl-ans_538766789_section_1_item_1_schoice_2_1432768835" mappedValue="0"/>
<mapEntry mapKey="uu-Standard-error-of-the-estimate-802-nl-ans_538766789_section_1_item_1_schoice_3_1842292504" mappedValue="0"/>
<mapEntry mapKey="uu-Standard-error-of-the-estimate-802-nl-ans_538766789_section_1_item_1_schoice_4_8985987204" mappedValue="1"/>
</mapping>
</responseDeclaration>
<outcomeDeclaration identifier="SCORE" cardinality="single" baseType="float" normalMaximum="1" normalMinimum="0">
<defaultValue>
<value>0.0</value>
</defaultValue>
</outcomeDeclaration>
<outcomeDeclaration identifier="MAXSCORE" cardinality="single" baseType="float">
<defaultValue>
<value>1</value>
</defaultValue>
</outcomeDeclaration>
<outcomeDeclaration identifier="FEEDBACKBASIC" cardinality="single" baseType="identifier" view="testConstructor">
<defaultValue>
<value>empty</value>
</defaultValue>
</outcomeDeclaration>
<outcomeDeclaration identifier="FEEDBACKMODAL" cardinality="multiple" baseType="identifier" view="testConstructor"/>
<outcomeDeclaration identifier="SOLUTIONMODAL" cardinality="single" baseType="identifier" view="testConstructor"/>
<outcomeDeclaration identifier="MINSCORE" cardinality="single" baseType="float">
<defaultValue>
<value baseType="float">0</value>
</defaultValue>
</outcomeDeclaration>
<outcomeDeclaration identifier="SCORE_RESPONSE_1" cardinality="single" baseType="float">
<defaultValue>
<value>0.0</value>
</defaultValue>
</outcomeDeclaration>
<outcomeDeclaration identifier="MINSCORE_RESPONSE_1" cardinality="single" baseType="float">
<defaultValue>
<value>0.0</value>
</defaultValue>
</outcomeDeclaration>
<itemBody>
<p>De standaardschattingsfout is een maat om de spreiding rond de regressielijn te meten. Bij veel spreiding rond de regressielijn zijn de voorspellingen die we doen met het model veel minder nauwkeurig dan bij weinig spreiding. Wat is de waarde van de standaardschattingsfout voor het model?</p>
<p><img src="media/supplements1/uu-Standard-error-of-the-estimate-802-nl-tabel.jpg" /></p>
<choiceInteraction responseIdentifier="uu-Standard-error-of-the-estimate-802-nl-ans_538766789_section_1_item_1_schoice_RESPONSE_1_7367406" shuffle="false" maxChoices="1">
<simpleChoice identifier="uu-Standard-error-of-the-estimate-802-nl-ans_538766789_section_1_item_1_schoice_1_8070529898">
<p>
 467.549
</p>
</simpleChoice>
<simpleChoice identifier="uu-Standard-error-of-the-estimate-802-nl-ans_538766789_section_1_item_1_schoice_2_1432768835">
<p>
 29.222
</p>
</simpleChoice>
<simpleChoice identifier="uu-Standard-error-of-the-estimate-802-nl-ans_538766789_section_1_item_1_schoice_3_1842292504">
<p>
 27.54
</p>
</simpleChoice>
<simpleChoice identifier="uu-Standard-error-of-the-estimate-802-nl-ans_538766789_section_1_item_1_schoice_4_8985987204">
<p>
 5.406
</p>
</simpleChoice>
</choiceInteraction>
</itemBody>
<responseProcessing>
<setOutcomeValue identifier="SCORE_RESPONSE_1">
<sum>
<variable identifier="SCORE_RESPONSE_1"/>
<mapResponse identifier="uu-Standard-error-of-the-estimate-802-nl-ans_538766789_section_1_item_1_schoice_RESPONSE_1_7367406"/>
</sum>
</setOutcomeValue>
<responseCondition>
<responseIf>
<lt>
<variable identifier="SCORE_RESPONSE_1"/>
<variable identifier="MINSCORE_RESPONSE_1"/>
</lt>
<setOutcomeValue identifier="SCORE_RESPONSE_1">
<variable identifier="MINSCORE_RESPONSE_1"/>
</setOutcomeValue>
</responseIf>
</responseCondition>
<responseCondition>
<responseIf>
<isNull>
<variable identifier="uu-Standard-error-of-the-estimate-802-nl-ans_538766789_section_1_item_1_schoice_RESPONSE_1_7367406"/>
</isNull>
<setOutcomeValue identifier="SCORE_RESPONSE_1">
<sum>
<variable identifier="SCORE_RESPONSE_1"/>
<baseValue baseType="float">0</baseValue>
</sum>
</setOutcomeValue>
</responseIf>
</responseCondition>
<setOutcomeValue identifier="SCORE">
<sum>
<variable identifier="SCORE_RESPONSE_1"/>
</sum>
</setOutcomeValue>
<responseCondition>
<responseIf>
<lt>
<variable identifier="SCORE"/>
<variable identifier="MINSCORE"/>
</lt>
<setOutcomeValue identifier="SCORE">
<variable identifier="MINSCORE"/>
</setOutcomeValue>
</responseIf>
</responseCondition>
<responseCondition>
<responseIf>
<lt>
<variable identifier="SCORE"/>
<baseValue baseType="float">1</baseValue>
</lt>
<setOutcomeValue identifier="FEEDBACKMODAL">
<multiple>
<variable identifier="FEEDBACKMODAL"/>
<baseValue baseType="identifier">Feedback466077161</baseValue>
</multiple>
</setOutcomeValue>
</responseIf>
</responseCondition>
</responseProcessing>
<modalFeedback outcomeIdentifier="FEEDBACK" showHide="show" identifier="incorrect">
</modalFeedback>
</assessmentItem>
