<?xml version="1.0" encoding="utf-8" standalone="yes"?>
<assessmentItem identifier="uu-Power-846-nl-tv_202601131821_item_1_schoice" title="uu-Power-846-nl-tv_202601131821_item_1_schoice_uu-Power-846-nl" adaptive="false" timeDependent="false" toolName="Testvision Online" toolVersion="39.0.9084" xmlns="http://www.imsglobal.org/xsd/imsqti_v2p1">
<responseDeclaration identifier="RESPONSE" cardinality="single" baseType="identifier">
<correctResponse>
<value>alt_732277</value>
</correctResponse>
<mapping defaultValue="0" lowerBound="0.0">
<mapEntry mapKey="alt_364617" mappedValue="-0.333333333333333"/>
<mapEntry mapKey="alt_732277" mappedValue="1"/>
<mapEntry mapKey="alt_729415" mappedValue="-0.333333333333333"/>
<mapEntry mapKey="alt_482503" mappedValue="-0.333333333333333"/>
</mapping>
</responseDeclaration>
<outcomeDeclaration identifier="SCORE" cardinality="single" baseType="float" normalMaximum="1" normalMinimum="0" />
<outcomeDeclaration identifier="FEEDBACK" cardinality="single" baseType="identifier" />
<stylesheet href="css/uu-Power-846-nl-tv_202601131821_item_1_schoice.css" type="text/css" />
<itemBody>
<p>Stel dat op een universiteit iemand een onderzoek wil repliceren, maar met een grotere power. Welk van onderstaande stellingen hierover is correct, aangenomen dat overige omstandigheden gelijk blijven?</p>
<p>I. De power van een toets wordt groter als de steekproefomvang groter wordt.
II. De power van een toets wordt groter als de kans op een fout van de eerste soort
verkleind wordt.</p>
<choiceInteraction responseIdentifier="RESPONSE" shuffle="false" maxChoices="1">
<simpleChoice identifier="alt_364617">
<div class="textblock tvblock tvcss_1"><div class="rte_zone tveditor1">
 Geen van beide stellingen is correct.
</div>
</div>
</simpleChoice>
<simpleChoice identifier="alt_732277">
<div class="textblock tvblock tvcss_1"><div class="rte_zone tveditor1">
 Alleen stelling I is correct.
</div>
</div>
</simpleChoice>
<simpleChoice identifier="alt_729415">
<div class="textblock tvblock tvcss_1"><div class="rte_zone tveditor1">
 Alleen stelling II is correct.
</div>
</div>
</simpleChoice>
<simpleChoice identifier="alt_482503">
<div class="textblock tvblock tvcss_1"><div class="rte_zone tveditor1">
 Beide stellingen zijn correct.
</div>
</div>
</simpleChoice>
</choiceInteraction>
</itemBody>
<responseProcessing>
<responseCondition>
<responseIf>
<isNull>
<variable identifier="RESPONSE"/>
</isNull>
<setOutcomeValue identifier="SCORE">
<baseValue baseType="float">0.0</baseValue>
</setOutcomeValue>
<setOutcomeValue identifier="FEEDBACK">
<baseValue baseType="identifier">FAILURE</baseValue>
</setOutcomeValue>
</responseIf>
<responseElse>
<setOutcomeValue identifier="SCORE">
<mapResponse identifier="RESPONSE"/>
</setOutcomeValue>
<responseCondition>
<responseIf>
<equal toleranceMode="relative" tolerance="0.001">
<variable identifier="SCORE"/>
<variable identifier="MAXSCORE"/>
</equal>
<setOutcomeValue identifier="FEEDBACK">
<baseValue baseType="identifier">ANSWER_CORRECT</baseValue>
</setOutcomeValue>
</responseIf>
<responseElse>
<setOutcomeValue identifier="FEEDBACK">
<baseValue baseType="identifier">FAILURE</baseValue>
</setOutcomeValue>
</responseElse>
</responseCondition>
</responseElse>
</responseCondition>
</responseProcessing>
<modalFeedback identifier="FAILURE" outcomeIdentifier="FEEDBACK" showHide="show">
<div class="textblock tvblock tvcss_1"><div class="rte_zone tveditor1">
</div>
</div>
</modalFeedback>
<modalFeedback identifier="ANSWER_CORRECT" outcomeIdentifier="FEEDBACK" showHide="show">
<div class="textblock tvblock tvcss_1"><div class="rte_zone tveditor1">
</div>
</div>
</modalFeedback>
<modalFeedback identifier="PARTIAL_CORRECT" outcomeIdentifier="FEEDBACK" showHide="show">
<div class="textblock tvblock tvcss_1"><div class="rte_zone tveditor1">
</div>
</div>
</modalFeedback>
</assessmentItem>
