<?xml version="1.0" encoding="UTF-8"?>
<assessmentItem xsi:schemaLocation="http://www.imsglobal.org/xsd/imsqti_v2p1 http://www.imsglobal.org/xsd/qti/qtiv2p1/imsqti_v2p1p1.xsd http://www.w3.org/1998/Math/MathML http://www.w3.org/Math/XMLSchema/mathml2/mathml2.xsd" identifier="uva-sample-mean-1044-nl-qti_767996731_section_1_item_1_schoice" title="1" adaptive="false" timeDependent="false" xmlns="http://www.imsglobal.org/xsd/imsqti_v2p1" xmlns:xsi="http://www.w3.org/2001/XMLSchema-instance">
<responseDeclaration identifier="uva-sample-mean-1044-nl-qti_767996731_section_1_item_1_schoice_RESPONSE_1_2898876" cardinality="single" baseType="identifier">
<correctResponse>
<value>uva-sample-mean-1044-nl-qti_767996731_section_1_item_1_schoice_2_6840087811</value>
</correctResponse>
<mapping defaultValue="0" lowerBound="0.0">
<mapEntry mapKey="uva-sample-mean-1044-nl-qti_767996731_section_1_item_1_schoice_1_1216498619" mappedValue="0"/>
<mapEntry mapKey="uva-sample-mean-1044-nl-qti_767996731_section_1_item_1_schoice_2_6840087811" mappedValue="1"/>
<mapEntry mapKey="uva-sample-mean-1044-nl-qti_767996731_section_1_item_1_schoice_3_9693865425" mappedValue="0"/>
<mapEntry mapKey="uva-sample-mean-1044-nl-qti_767996731_section_1_item_1_schoice_4_7022132520" mappedValue="0"/>
</mapping>
</responseDeclaration>
<outcomeDeclaration identifier="SCORE" cardinality="single" baseType="float" normalMaximum="1" normalMinimum="0">
<defaultValue>
<value>0.0</value>
</defaultValue>
</outcomeDeclaration>
<outcomeDeclaration identifier="MAXSCORE" cardinality="single" baseType="float">
<defaultValue>
<value>1</value>
</defaultValue>
</outcomeDeclaration>
<outcomeDeclaration identifier="FEEDBACKBASIC" cardinality="single" baseType="identifier" view="testConstructor">
<defaultValue>
<value>empty</value>
</defaultValue>
</outcomeDeclaration>
<outcomeDeclaration identifier="FEEDBACKMODAL" cardinality="multiple" baseType="identifier" view="testConstructor"/>
<outcomeDeclaration identifier="SOLUTIONMODAL" cardinality="single" baseType="identifier" view="testConstructor"/>
<outcomeDeclaration identifier="MINSCORE" cardinality="single" baseType="float">
<defaultValue>
<value baseType="float">0</value>
</defaultValue>
</outcomeDeclaration>
<outcomeDeclaration identifier="SCORE_RESPONSE_1" cardinality="single" baseType="float">
<defaultValue>
<value>0.0</value>
</defaultValue>
</outcomeDeclaration>
<outcomeDeclaration identifier="MINSCORE_RESPONSE_1" cardinality="single" baseType="float">
<defaultValue>
<value>0.0</value>
</defaultValue>
</outcomeDeclaration>
<itemBody>
<p>Twee uitgebalanceerde dobbelstenen worden opgegooid. Definieer de
stochastische variabele <em>X</em> is de som van de ogen die boven komen, dus
hebben wij de volgende kans met verschillende waarden van <em>X</em>:</p>
<table>
<tbody>
<tr class="odd">
<td align="left"><em>X</em></td>
<td align="left">2</td>
<td align="left">3</td>
<td align="left">43</td>
<td align="left">5</td>
<td align="left">6</td>
<td align="left">7</td>
<td align="left">8</td>
<td align="left">9</td>
<td align="left">10</td>
<td align="left">11</td>
<td align="left">12</td>
</tr>
<tr class="even">
<td align="left">Kansen</td>
<td align="left">1/36</td>
<td align="left">?</td>
<td align="left">?</td>
<td align="left">?</td>
<td align="left">5/36</td>
<td align="left">?</td>
<td align="left">?</td>
<td align="left">?</td>
<td align="left">?</td>
<td align="left">?</td>
<td align="left">1/36</td>
</tr>
</tbody>
</table>
<p>Wat is dan de kans op <em>X</em> = 4?</p>
<choiceInteraction responseIdentifier="uva-sample-mean-1044-nl-qti_767996731_section_1_item_1_schoice_RESPONSE_1_2898876" shuffle="false" maxChoices="1">
<simpleChoice identifier="uva-sample-mean-1044-nl-qti_767996731_section_1_item_1_schoice_1_1216498619">
<p>
 2/36
</p>
</simpleChoice>
<simpleChoice identifier="uva-sample-mean-1044-nl-qti_767996731_section_1_item_1_schoice_2_6840087811">
<p>
 3/36
</p>
</simpleChoice>
<simpleChoice identifier="uva-sample-mean-1044-nl-qti_767996731_section_1_item_1_schoice_3_9693865425">
<p>
 4/36
</p>
</simpleChoice>
<simpleChoice identifier="uva-sample-mean-1044-nl-qti_767996731_section_1_item_1_schoice_4_7022132520">
<p>
 6/36
</p>
</simpleChoice>
</choiceInteraction>
</itemBody>
<responseProcessing>
<setOutcomeValue identifier="SCORE_RESPONSE_1">
<sum>
<variable identifier="SCORE_RESPONSE_1"/>
<mapResponse identifier="uva-sample-mean-1044-nl-qti_767996731_section_1_item_1_schoice_RESPONSE_1_2898876"/>
</sum>
</setOutcomeValue>
<responseCondition>
<responseIf>
<lt>
<variable identifier="SCORE_RESPONSE_1"/>
<variable identifier="MINSCORE_RESPONSE_1"/>
</lt>
<setOutcomeValue identifier="SCORE_RESPONSE_1">
<variable identifier="MINSCORE_RESPONSE_1"/>
</setOutcomeValue>
</responseIf>
</responseCondition>
<responseCondition>
<responseIf>
<isNull>
<variable identifier="uva-sample-mean-1044-nl-qti_767996731_section_1_item_1_schoice_RESPONSE_1_2898876"/>
</isNull>
<setOutcomeValue identifier="SCORE_RESPONSE_1">
<sum>
<variable identifier="SCORE_RESPONSE_1"/>
<baseValue baseType="float">0</baseValue>
</sum>
</setOutcomeValue>
</responseIf>
</responseCondition>
<setOutcomeValue identifier="SCORE">
<sum>
<variable identifier="SCORE_RESPONSE_1"/>
</sum>
</setOutcomeValue>
<responseCondition>
<responseIf>
<lt>
<variable identifier="SCORE"/>
<variable identifier="MINSCORE"/>
</lt>
<setOutcomeValue identifier="SCORE">
<variable identifier="MINSCORE"/>
</setOutcomeValue>
</responseIf>
</responseCondition>
<responseCondition>
<responseIf>
<lt>
<variable identifier="SCORE"/>
<baseValue baseType="float">1</baseValue>
</lt>
<setOutcomeValue identifier="FEEDBACKMODAL">
<multiple>
<variable identifier="FEEDBACKMODAL"/>
<baseValue baseType="identifier">Feedback827450734</baseValue>
</multiple>
</setOutcomeValue>
</responseIf>
</responseCondition>
</responseProcessing>
<modalFeedback identifier="Feedback827450734" outcomeIdentifier="FEEDBACKMODAL" showHide="show">
<ul>
<li> 2/36 <br /> 2/36: Incorrect </li>
<li> 3/36 <br /> 3/36: Correct </li>
<li> 4/36 <br /> 4/36: Incorrect </li>
<li> 6/36 <br /> 6/36: Incorrect </li>
</ul>
</modalFeedback>
</assessmentItem>
