<?xml version="1.0" encoding="utf-8" standalone="yes"?>
<assessmentItem identifier="vufgb-inferentialstatistics-005-nl-tv_202307180612_item_1_schoice" title="vufgb-inferentialstatistics-005-nl-tv_202307180612_item_1_schoice_vufgb-inferentialstatistics-005-nl" adaptive="false" timeDependent="false" toolName="Testvision Online" toolVersion="39.0.9084" xmlns="http://www.imsglobal.org/xsd/imsqti_v2p1">
<responseDeclaration identifier="RESPONSE" cardinality="single" baseType="identifier">
<correctResponse>
<value>alt_579972</value>
</correctResponse>
<mapping defaultValue="0" lowerBound="0.0">
<mapEntry mapKey="alt_630036" mappedValue="-0.333333333333333"/>
<mapEntry mapKey="alt_591172" mappedValue="-0.333333333333333"/>
<mapEntry mapKey="alt_579972" mappedValue="1"/>
<mapEntry mapKey="alt_919967" mappedValue="-0.333333333333333"/>
</mapping>
</responseDeclaration>
<outcomeDeclaration identifier="SCORE" cardinality="single" baseType="float" normalMaximum="1" normalMinimum="0" />
<outcomeDeclaration identifier="FEEDBACK" cardinality="single" baseType="identifier" />
<itemBody>
<p>Gegeven is onderstaande figuur die hoort bij de uitkomsten van een ANCOVA model. Welke uitspraak over de uitkomsten is waar?</p>
<p><img src="mediafiles/supplements1/vufgb-inferentialstatistics-005-nl-graph-01.png" alt="image"/></p>
<choiceInteraction responseIdentifier="RESPONSE" shuffle="false" maxChoices="1">
<simpleChoice identifier="alt_630036">
<div class="textblock tvblock tvcss_1"><div class="rte_zone tveditor1">
 Het verschil in snelheid van intrede van hypnose tussen methode A en B hangt af van de mate van insensitiviteit.
</div>
</div>
</simpleChoice>
<simpleChoice identifier="alt_591172">
<div class="textblock tvblock tvcss_1"><div class="rte_zone tveditor1">
 De sterkte van het lineaire verband tussen insensitiviteit en snelheid van intrede van hypnose hangt af van methode A of B.
</div>
</div>
</simpleChoice>
<simpleChoice identifier="alt_579972">
<div class="textblock tvblock tvcss_1"><div class="rte_zone tveditor1">
 Als insensitiviteit constant wordt gehouden, leidt methode B tot een snellere intrede van hypnose dan methode A.
</div>
</div>
</simpleChoice>
<simpleChoice identifier="alt_919967">
<div class="textblock tvblock tvcss_1"><div class="rte_zone tveditor1">
 Als insensitiviteit constant wordt gehouden, leidt methode A tot een snellere intrede van hypnose dan methode B.
</div>
</div>
</simpleChoice>
</choiceInteraction>
</itemBody>
<responseProcessing>
<responseCondition>
<responseIf>
<isNull>
<variable identifier="RESPONSE"/>
</isNull>
<setOutcomeValue identifier="SCORE">
<baseValue baseType="float">0.0</baseValue>
</setOutcomeValue>
<setOutcomeValue identifier="FEEDBACK">
<baseValue baseType="identifier">FAILURE</baseValue>
</setOutcomeValue>
</responseIf>
<responseElse>
<setOutcomeValue identifier="SCORE">
<mapResponse identifier="RESPONSE"/>
</setOutcomeValue>
<responseCondition>
<responseIf>
<equal toleranceMode="relative" tolerance="0.001">
<variable identifier="SCORE"/>
<variable identifier="MAXSCORE"/>
</equal>
<setOutcomeValue identifier="FEEDBACK">
<baseValue baseType="identifier">ANSWER_CORRECT</baseValue>
</setOutcomeValue>
</responseIf>
<responseElse>
<setOutcomeValue identifier="FEEDBACK">
<baseValue baseType="identifier">FAILURE</baseValue>
</setOutcomeValue>
</responseElse>
</responseCondition>
</responseElse>
</responseCondition>
</responseProcessing>
<modalFeedback identifier="FAILURE" outcomeIdentifier="FEEDBACK" showHide="show">
<div class="textblock tvblock tvcss_1"><div class="rte_zone tveditor1">
 Het verschil in snelheid van intrede van hypnose tussen methode A en B hangt af van de mate van insensitiviteit. <br /> Incorrect 
 De sterkte van het lineaire verband tussen insensitiviteit en snelheid van intrede van hypnose hangt af van methode A of B. <br /> Incorrect 
 Als insensitiviteit constant wordt gehouden, leidt methode B tot een snellere intrede van hypnose dan methode A. <br /> Correct 
 Als insensitiviteit constant wordt gehouden, leidt methode A tot een snellere intrede van hypnose dan methode B. <br /> Incorrect 
</div>
</div>
</modalFeedback>
<modalFeedback identifier="ANSWER_CORRECT" outcomeIdentifier="FEEDBACK" showHide="show">
<div class="textblock tvblock tvcss_1"><div class="rte_zone tveditor1">
 Het verschil in snelheid van intrede van hypnose tussen methode A en B hangt af van de mate van insensitiviteit. <br /> Incorrect 
 De sterkte van het lineaire verband tussen insensitiviteit en snelheid van intrede van hypnose hangt af van methode A of B. <br /> Incorrect 
 Als insensitiviteit constant wordt gehouden, leidt methode B tot een snellere intrede van hypnose dan methode A. <br /> Correct 
 Als insensitiviteit constant wordt gehouden, leidt methode A tot een snellere intrede van hypnose dan methode B. <br /> Incorrect 
</div>
</div>
</modalFeedback>
<modalFeedback identifier="PARTIAL_CORRECT" outcomeIdentifier="FEEDBACK" showHide="show">
<div class="textblock tvblock tvcss_1"><div class="rte_zone tveditor1">
 Het verschil in snelheid van intrede van hypnose tussen methode A en B hangt af van de mate van insensitiviteit. <br /> Incorrect 
 De sterkte van het lineaire verband tussen insensitiviteit en snelheid van intrede van hypnose hangt af van methode A of B. <br /> Incorrect 
 Als insensitiviteit constant wordt gehouden, leidt methode B tot een snellere intrede van hypnose dan methode A. <br /> Correct 
 Als insensitiviteit constant wordt gehouden, leidt methode A tot een snellere intrede van hypnose dan methode B. <br /> Incorrect 
</div>
</div>
</modalFeedback>
</assessmentItem>
