<?xml version="1.0" encoding="utf-8" standalone="yes"?>
<assessmentItem identifier="uva-distribution-1875-nl-tv_202403081019_item_1_schoice" title="uva-distribution-1875-nl-tv_202403081019_item_1_schoice_uva-distribution-1875-nl" adaptive="false" timeDependent="false" toolName="Testvision Online" toolVersion="39.0.9084" xmlns="http://www.imsglobal.org/xsd/imsqti_v2p1">
<responseDeclaration identifier="RESPONSE" cardinality="single" baseType="identifier">
<correctResponse>
<value>alt_119417</value>
</correctResponse>
<mapping defaultValue="0" lowerBound="0.0">
<mapEntry mapKey="alt_119417" mappedValue="1"/>
<mapEntry mapKey="alt_510664" mappedValue="-0.333333333333333"/>
<mapEntry mapKey="alt_871003" mappedValue="-0.333333333333333"/>
<mapEntry mapKey="alt_319871" mappedValue="-0.333333333333333"/>
</mapping>
</responseDeclaration>
<outcomeDeclaration identifier="SCORE" cardinality="single" baseType="float" normalMaximum="1" normalMinimum="0" />
<outcomeDeclaration identifier="FEEDBACK" cardinality="single" baseType="identifier" />
<itemBody>
<p>Uit ieder van twee normaal verdeelde populaties met gelijke varianties
wordt een steekproef getrokken.<br />
steekproef 1: n = 18, gemiddelde = 46, sd = 8.01<br />
steekproef 2: n = 18, gemiddelde = 48, sd = 10.28<br />
De gepoolde variantieschatter heeft als waarde 84.92. Er wordt getoetst
of de populatiegemiddelden gelijk zijn. De bijbehorende
toetsingsgrootheid volgt, als de nulhypothese waar is,</p>
<choiceInteraction responseIdentifier="RESPONSE" shuffle="false" maxChoices="1">
<simpleChoice identifier="alt_119417">
<div class="textblock tvblock tvcss_1"><div class="rte_zone tveditor1">
 een T-verdeling met 34 vrijheidsgraden
</div>
</div>
</simpleChoice>
<simpleChoice identifier="alt_510664">
<div class="textblock tvblock tvcss_1"><div class="rte_zone tveditor1">
 een T-verdeling met 36 vrijheidsgraden
</div>
</div>
</simpleChoice>
<simpleChoice identifier="alt_871003">
<div class="textblock tvblock tvcss_1"><div class="rte_zone tveditor1">
 een F-verdeling met 18 en 18 vrijheidsgraden
</div>
</div>
</simpleChoice>
<simpleChoice identifier="alt_319871">
<div class="textblock tvblock tvcss_1"><div class="rte_zone tveditor1">
 een F-verdeling met 17 en 17 vrijheidsgraden
</div>
</div>
</simpleChoice>
</choiceInteraction>
</itemBody>
<responseProcessing>
<responseCondition>
<responseIf>
<isNull>
<variable identifier="RESPONSE"/>
</isNull>
<setOutcomeValue identifier="SCORE">
<baseValue baseType="float">0.0</baseValue>
</setOutcomeValue>
<setOutcomeValue identifier="FEEDBACK">
<baseValue baseType="identifier">FAILURE</baseValue>
</setOutcomeValue>
</responseIf>
<responseElse>
<setOutcomeValue identifier="SCORE">
<mapResponse identifier="RESPONSE"/>
</setOutcomeValue>
<responseCondition>
<responseIf>
<equal toleranceMode="relative" tolerance="0.001">
<variable identifier="SCORE"/>
<variable identifier="MAXSCORE"/>
</equal>
<setOutcomeValue identifier="FEEDBACK">
<baseValue baseType="identifier">ANSWER_CORRECT</baseValue>
</setOutcomeValue>
</responseIf>
<responseElse>
<setOutcomeValue identifier="FEEDBACK">
<baseValue baseType="identifier">FAILURE</baseValue>
</setOutcomeValue>
</responseElse>
</responseCondition>
</responseElse>
</responseCondition>
</responseProcessing>
<modalFeedback identifier="FAILURE" outcomeIdentifier="FEEDBACK" showHide="show">
<div class="textblock tvblock tvcss_1"><div class="rte_zone tveditor1">
<p>Het correcte antwoord is:</p>
<ul>
<li>een T-verdeling met 34 vrijheidsgraden</li>
</ul>
</div>
</div>
</modalFeedback>
<modalFeedback identifier="ANSWER_CORRECT" outcomeIdentifier="FEEDBACK" showHide="show">
<div class="textblock tvblock tvcss_1"><div class="rte_zone tveditor1">
<p>Het correcte antwoord is:</p>
<ul>
<li>een T-verdeling met 34 vrijheidsgraden</li>
</ul>
</div>
</div>
</modalFeedback>
<modalFeedback identifier="PARTIAL_CORRECT" outcomeIdentifier="FEEDBACK" showHide="show">
<div class="textblock tvblock tvcss_1"><div class="rte_zone tveditor1">
<p>Het correcte antwoord is:</p>
<ul>
<li>een T-verdeling met 34 vrijheidsgraden</li>
</ul>
</div>
</div>
</modalFeedback>
</assessmentItem>
