<?xml version="1.0" encoding="UTF-8"?>
<assessmentItem xsi:schemaLocation="http://www.imsglobal.org/xsd/imsqti_v2p1 http://www.imsglobal.org/xsd/qti/qtiv2p1/imsqti_v2p1p1.xsd http://www.w3.org/1998/Math/MathML http://www.w3.org/Math/XMLSchema/mathml2/mathml2.xsd" identifier="eur-reliability-201-nl-ans_168241761_section_1_item_1_schoice" title="Reliability_eur-reliability-201-nl_eur-reliability-201-nl_schoice_1" adaptive="false" timeDependent="false" xmlns="http://www.imsglobal.org/xsd/imsqti_v2p1" xmlns:xsi="http://www.w3.org/2001/XMLSchema-instance">
<responseDeclaration identifier="eur-reliability-201-nl-ans_168241761_section_1_item_1_schoice_RESPONSE_1_9003490" cardinality="single" baseType="identifier">
<correctResponse>
<value>eur-reliability-201-nl-ans_168241761_section_1_item_1_schoice_4_3385145522</value>
</correctResponse>
<mapping defaultValue="0" lowerBound="0.0">
<mapEntry mapKey="eur-reliability-201-nl-ans_168241761_section_1_item_1_schoice_1_1793770431" mappedValue="0"/>
<mapEntry mapKey="eur-reliability-201-nl-ans_168241761_section_1_item_1_schoice_2_5592425003" mappedValue="0"/>
<mapEntry mapKey="eur-reliability-201-nl-ans_168241761_section_1_item_1_schoice_3_3305401826" mappedValue="0"/>
<mapEntry mapKey="eur-reliability-201-nl-ans_168241761_section_1_item_1_schoice_4_3385145522" mappedValue="1"/>
</mapping>
</responseDeclaration>
<outcomeDeclaration identifier="SCORE" cardinality="single" baseType="float" normalMaximum="1" normalMinimum="0">
<defaultValue>
<value>0.0</value>
</defaultValue>
</outcomeDeclaration>
<outcomeDeclaration identifier="MAXSCORE" cardinality="single" baseType="float">
<defaultValue>
<value>1</value>
</defaultValue>
</outcomeDeclaration>
<outcomeDeclaration identifier="FEEDBACKBASIC" cardinality="single" baseType="identifier" view="testConstructor">
<defaultValue>
<value>empty</value>
</defaultValue>
</outcomeDeclaration>
<outcomeDeclaration identifier="FEEDBACKMODAL" cardinality="multiple" baseType="identifier" view="testConstructor"/>
<outcomeDeclaration identifier="SOLUTIONMODAL" cardinality="single" baseType="identifier" view="testConstructor"/>
<outcomeDeclaration identifier="MINSCORE" cardinality="single" baseType="float">
<defaultValue>
<value baseType="float">0</value>
</defaultValue>
</outcomeDeclaration>
<outcomeDeclaration identifier="SCORE_RESPONSE_1" cardinality="single" baseType="float">
<defaultValue>
<value>0.0</value>
</defaultValue>
</outcomeDeclaration>
<outcomeDeclaration identifier="MINSCORE_RESPONSE_1" cardinality="single" baseType="float">
<defaultValue>
<value>0.0</value>
</defaultValue>
</outcomeDeclaration>
<itemBody>
<p>Wat is het effect van onevenredig veel gemakkelijke vragen in een prestatietoets voor de betrouwbaarheid van de prestatietoets?</p>
<choiceInteraction responseIdentifier="eur-reliability-201-nl-ans_168241761_section_1_item_1_schoice_RESPONSE_1_9003490" shuffle="false" maxChoices="1">
<simpleChoice identifier="eur-reliability-201-nl-ans_168241761_section_1_item_1_schoice_1_1793770431">
<p>
 De betrouwbaarheid van de test zal min of meer gelijk zijn in een populatie bestaande uit mensen die een relatief lage vaardigheid hebben als in een populatie bestaande uit mensen die een relatief hoge vaardigheid hebben.
</p>
</simpleChoice>
<simpleChoice identifier="eur-reliability-201-nl-ans_168241761_section_1_item_1_schoice_2_5592425003">
<p>
 De betrouwbaarheid van de test is lager in een populatie bestaande uit mensen die een relatief lage vaardigheid hebben dan in een populatie bestaande uit mensen die een relatief hoge vaardigheid hebben.
</p>
</simpleChoice>
<simpleChoice identifier="eur-reliability-201-nl-ans_168241761_section_1_item_1_schoice_3_3305401826">
<p>
 Het is niet mogelijk om op basis van de moeilijkheid van vragen voorspellingen te doen over de hoogte van de betrouwbaarheid van de test in populaties die verschillen wat betreft de gemiddelde vaardigheid.
</p>
</simpleChoice>
<simpleChoice identifier="eur-reliability-201-nl-ans_168241761_section_1_item_1_schoice_4_3385145522">
<p>
 De betrouwbaarheid van de test is hoger in een populatie met mensen die een relatief lage vaardigheid hebben dan in een populatie bestaande uit mensen die een relatief hoge vaardigheid hebben.
</p>
</simpleChoice>
</choiceInteraction>
</itemBody>
<responseProcessing>
<setOutcomeValue identifier="SCORE_RESPONSE_1">
<sum>
<variable identifier="SCORE_RESPONSE_1"/>
<mapResponse identifier="eur-reliability-201-nl-ans_168241761_section_1_item_1_schoice_RESPONSE_1_9003490"/>
</sum>
</setOutcomeValue>
<responseCondition>
<responseIf>
<lt>
<variable identifier="SCORE_RESPONSE_1"/>
<variable identifier="MINSCORE_RESPONSE_1"/>
</lt>
<setOutcomeValue identifier="SCORE_RESPONSE_1">
<variable identifier="MINSCORE_RESPONSE_1"/>
</setOutcomeValue>
</responseIf>
</responseCondition>
<responseCondition>
<responseIf>
<isNull>
<variable identifier="eur-reliability-201-nl-ans_168241761_section_1_item_1_schoice_RESPONSE_1_9003490"/>
</isNull>
<setOutcomeValue identifier="SCORE_RESPONSE_1">
<sum>
<variable identifier="SCORE_RESPONSE_1"/>
<baseValue baseType="float">0</baseValue>
</sum>
</setOutcomeValue>
</responseIf>
</responseCondition>
<setOutcomeValue identifier="SCORE">
<sum>
<variable identifier="SCORE_RESPONSE_1"/>
</sum>
</setOutcomeValue>
<responseCondition>
<responseIf>
<lt>
<variable identifier="SCORE"/>
<variable identifier="MINSCORE"/>
</lt>
<setOutcomeValue identifier="SCORE">
<variable identifier="MINSCORE"/>
</setOutcomeValue>
</responseIf>
</responseCondition>
<responseCondition>
<responseIf>
<lt>
<variable identifier="SCORE"/>
<baseValue baseType="float">1</baseValue>
</lt>
<setOutcomeValue identifier="FEEDBACKMODAL">
<multiple>
<variable identifier="FEEDBACKMODAL"/>
<baseValue baseType="identifier">Feedback866228732</baseValue>
</multiple>
</setOutcomeValue>
</responseIf>
</responseCondition>
</responseProcessing>
<modalFeedback outcomeIdentifier="FEEDBACK" showHide="show" identifier="incorrect">
<p>Relatief veel gemakkelijke items betekent dat de test relatief gemakkelijk is en geschikt voor mensen met een laag vermogen: het discrimineert goed tussen lage vermogensscores. Aangezien mensen met een hoog vermogen de meeste gemakkelijke vragen correct zullen beantwoorden, discrimineert de test minder goed tussen hoge vermogensniveaus. Dus de test is betrouwbaarder voor laag vermogen dan voor hoog vermogen.</p>
<br />
<ul>
<li> De betrouwbaarheid van de test zal min of meer gelijk zijn in een populatie bestaande uit mensen die een relatief lage vaardigheid hebben als in een populatie bestaande uit mensen die een relatief hoge vaardigheid hebben. <br /> Fout </li>
<li> De betrouwbaarheid van de test is lager in een populatie bestaande uit mensen die een relatief lage vaardigheid hebben dan in een populatie bestaande uit mensen die een relatief hoge vaardigheid hebben. <br /> Fout </li>
<li> Het is niet mogelijk om op basis van de moeilijkheid van vragen voorspellingen te doen over de hoogte van de betrouwbaarheid van de test in populaties die verschillen wat betreft de gemiddelde vaardigheid. <br /> Fout </li>
<li> De betrouwbaarheid van de test is hoger in een populatie met mensen die een relatief lage vaardigheid hebben dan in een populatie bestaande uit mensen die een relatief hoge vaardigheid hebben. <br /> Goed </li>
</ul>
</modalFeedback>
</assessmentItem>
