<?xml version="1.0" encoding="utf-8" standalone="yes"?>
<assessmentItem identifier="uva-correlation-1681-nl-tv_202404291202_item_1_schoice" title="uva-correlation-1681-nl-tv_202404291202_item_1_schoice_uva-correlation-1681-nl" adaptive="false" timeDependent="false" toolName="Testvision Online" toolVersion="39.0.9084" xmlns="http://www.imsglobal.org/xsd/imsqti_v2p1">
<responseDeclaration identifier="RESPONSE" cardinality="single" baseType="identifier">
<correctResponse>
<value>alt_602713</value>
</correctResponse>
<mapping defaultValue="0" lowerBound="0.0">
<mapEntry mapKey="alt_233974" mappedValue="-0.333333333333333"/>
<mapEntry mapKey="alt_793713" mappedValue="-0.333333333333333"/>
<mapEntry mapKey="alt_969019" mappedValue="-0.333333333333333"/>
<mapEntry mapKey="alt_602713" mappedValue="1"/>
</mapping>
</responseDeclaration>
<outcomeDeclaration identifier="SCORE" cardinality="single" baseType="float" normalMaximum="1" normalMinimum="0" />
<outcomeDeclaration identifier="FEEDBACK" cardinality="single" baseType="identifier" />
<itemBody>
<p>Hieronder is van 5 individuen aangegeven hoe zij t.o.v. elkaar
gerangschikt zijn op autoritair gedrag en sociale status:<br />
Autoritair gedrag: 4, 1, 2, 5, 3<br />
Sociale status: 4, 3, 1, 5, 2. De waarde van de Spearman
correlatiecoëfficiënt is hier</p>
<choiceInteraction responseIdentifier="RESPONSE" shuffle="false" maxChoices="1">
<simpleChoice identifier="alt_233974">
<div class="textblock tvblock tvcss_1"><div class="rte_zone tveditor1">
 -0.7
</div>
</div>
</simpleChoice>
<simpleChoice identifier="alt_793713">
<div class="textblock tvblock tvcss_1"><div class="rte_zone tveditor1">
 0.4
</div>
</div>
</simpleChoice>
<simpleChoice identifier="alt_969019">
<div class="textblock tvblock tvcss_1"><div class="rte_zone tveditor1">
 0.5
</div>
</div>
</simpleChoice>
<simpleChoice identifier="alt_602713">
<div class="textblock tvblock tvcss_1"><div class="rte_zone tveditor1">
 0.7
</div>
</div>
</simpleChoice>
</choiceInteraction>
</itemBody>
<responseProcessing>
<responseCondition>
<responseIf>
<isNull>
<variable identifier="RESPONSE"/>
</isNull>
<setOutcomeValue identifier="SCORE">
<baseValue baseType="float">0.0</baseValue>
</setOutcomeValue>
<setOutcomeValue identifier="FEEDBACK">
<baseValue baseType="identifier">FAILURE</baseValue>
</setOutcomeValue>
</responseIf>
<responseElse>
<setOutcomeValue identifier="SCORE">
<mapResponse identifier="RESPONSE"/>
</setOutcomeValue>
<responseCondition>
<responseIf>
<equal toleranceMode="relative" tolerance="0.001">
<variable identifier="SCORE"/>
<variable identifier="MAXSCORE"/>
</equal>
<setOutcomeValue identifier="FEEDBACK">
<baseValue baseType="identifier">ANSWER_CORRECT</baseValue>
</setOutcomeValue>
</responseIf>
<responseElse>
<setOutcomeValue identifier="FEEDBACK">
<baseValue baseType="identifier">FAILURE</baseValue>
</setOutcomeValue>
</responseElse>
</responseCondition>
</responseElse>
</responseCondition>
</responseProcessing>
<modalFeedback identifier="FAILURE" outcomeIdentifier="FEEDBACK" showHide="show">
<div class="textblock tvblock tvcss_1"><div class="rte_zone tveditor1">
<ul>
<li> -0.7 <br /> -0.7: Incorrect </li>
<li> 0.4 <br /> 0.4: Incorrect </li>
<li> 0.5 <br /> 0.5: Incorrect </li>
<li> 0.7 <br /> 0.7: Correct </li>
</ul>
</div>
</div>
</modalFeedback>
<modalFeedback identifier="ANSWER_CORRECT" outcomeIdentifier="FEEDBACK" showHide="show">
<div class="textblock tvblock tvcss_1"><div class="rte_zone tveditor1">
<ul>
<li> -0.7 <br /> -0.7: Incorrect </li>
<li> 0.4 <br /> 0.4: Incorrect </li>
<li> 0.5 <br /> 0.5: Incorrect </li>
<li> 0.7 <br /> 0.7: Correct </li>
</ul>
</div>
</div>
</modalFeedback>
<modalFeedback identifier="PARTIAL_CORRECT" outcomeIdentifier="FEEDBACK" showHide="show">
<div class="textblock tvblock tvcss_1"><div class="rte_zone tveditor1">
<ul>
<li> -0.7 <br /> -0.7: Incorrect </li>
<li> 0.4 <br /> 0.4: Incorrect </li>
<li> 0.5 <br /> 0.5: Incorrect </li>
<li> 0.7 <br /> 0.7: Correct </li>
</ul>
</div>
</div>
</modalFeedback>
</assessmentItem>
