<?xml version="1.0" encoding="utf-8" standalone="yes"?>
<assessmentItem identifier="uva-sample-mean-1046-en-tv_202510071723_item_1_schoice" title="uva-sample-mean-1046-en-tv_202510071723_item_1_schoice_uva-sample-mean-1046-en" adaptive="false" timeDependent="false" toolName="Testvision Online" toolVersion="39.0.9084" xmlns="http://www.imsglobal.org/xsd/imsqti_v2p1">
<responseDeclaration identifier="RESPONSE" cardinality="single" baseType="identifier">
<correctResponse>
<value>alt_396177</value>
</correctResponse>
<mapping defaultValue="0" lowerBound="0.0">
<mapEntry mapKey="alt_396177" mappedValue="1"/>
<mapEntry mapKey="alt_508897" mappedValue="-0.333333333333333"/>
<mapEntry mapKey="alt_382744" mappedValue="-0.333333333333333"/>
<mapEntry mapKey="alt_562592" mappedValue="-0.333333333333333"/>
</mapping>
</responseDeclaration>
<outcomeDeclaration identifier="SCORE" cardinality="single" baseType="float" normalMaximum="1" normalMinimum="0" />
<outcomeDeclaration identifier="FEEDBACK" cardinality="single" baseType="identifier" />
<stylesheet href="css/uva-sample-mean-1046-en-tv_202510071723_item_1_schoice.css" type="text/css" />
<itemBody>
<p>Two balanced dice are rolled. Define the stochastic variable <em>X</em> is the sum of the eyes that come up, so we have the following probability with different values of <em>X</em>:</p>
<p>——– —— — —- — —— — — — —- —- —— <em>X</em> 2 3 43 5 6 7 8 9 10 11 12 Odds 1/36 ? ? ? 5/36 ? ? ? ? ? 1/36 ——– —— — —- — —— — — — —- —- ——</p>
<p>What is that probability of <em>X</em> = 10?</p>
<choiceInteraction responseIdentifier="RESPONSE" shuffle="false" maxChoices="1">
<simpleChoice identifier="alt_396177">
<div class="textblock tvblock tvcss_1"><div class="rte_zone tveditor1">
 3/36
</div>
</div>
</simpleChoice>
<simpleChoice identifier="alt_508897">
<div class="textblock tvblock tvcss_1"><div class="rte_zone tveditor1">
 4/36
</div>
</div>
</simpleChoice>
<simpleChoice identifier="alt_382744">
<div class="textblock tvblock tvcss_1"><div class="rte_zone tveditor1">
 5/36
</div>
</div>
</simpleChoice>
<simpleChoice identifier="alt_562592">
<div class="textblock tvblock tvcss_1"><div class="rte_zone tveditor1">
 6/36
</div>
</div>
</simpleChoice>
</choiceInteraction>
</itemBody>
<responseProcessing>
<responseCondition>
<responseIf>
<isNull>
<variable identifier="RESPONSE"/>
</isNull>
<setOutcomeValue identifier="SCORE">
<baseValue baseType="float">0.0</baseValue>
</setOutcomeValue>
<setOutcomeValue identifier="FEEDBACK">
<baseValue baseType="identifier">FAILURE</baseValue>
</setOutcomeValue>
</responseIf>
<responseElse>
<setOutcomeValue identifier="SCORE">
<mapResponse identifier="RESPONSE"/>
</setOutcomeValue>
<responseCondition>
<responseIf>
<equal toleranceMode="relative" tolerance="0.001">
<variable identifier="SCORE"/>
<variable identifier="MAXSCORE"/>
</equal>
<setOutcomeValue identifier="FEEDBACK">
<baseValue baseType="identifier">ANSWER_CORRECT</baseValue>
</setOutcomeValue>
</responseIf>
<responseElse>
<setOutcomeValue identifier="FEEDBACK">
<baseValue baseType="identifier">FAILURE</baseValue>
</setOutcomeValue>
</responseElse>
</responseCondition>
</responseElse>
</responseCondition>
</responseProcessing>
<modalFeedback identifier="FAILURE" outcomeIdentifier="FEEDBACK" showHide="show">
<div class="textblock tvblock tvcss_1"><div class="rte_zone tveditor1">
<ul>
<li> 3/36 <br /> 3/36: Correct </li>
<li> 4/36 <br /> 4/36: Incorrect </li>
<li> 5/36 <br /> 5/36: Incorrect </li>
<li> 6/36 <br /> 6/36: Incorrect </li>
</ul>
</div>
</div>
</modalFeedback>
<modalFeedback identifier="ANSWER_CORRECT" outcomeIdentifier="FEEDBACK" showHide="show">
<div class="textblock tvblock tvcss_1"><div class="rte_zone tveditor1">
<ul>
<li> 3/36 <br /> 3/36: Correct </li>
<li> 4/36 <br /> 4/36: Incorrect </li>
<li> 5/36 <br /> 5/36: Incorrect </li>
<li> 6/36 <br /> 6/36: Incorrect </li>
</ul>
</div>
</div>
</modalFeedback>
<modalFeedback identifier="PARTIAL_CORRECT" outcomeIdentifier="FEEDBACK" showHide="show">
<div class="textblock tvblock tvcss_1"><div class="rte_zone tveditor1">
<ul>
<li> 3/36 <br /> 3/36: Correct </li>
<li> 4/36 <br /> 4/36: Incorrect </li>
<li> 5/36 <br /> 5/36: Incorrect </li>
<li> 6/36 <br /> 6/36: Incorrect </li>
</ul>
</div>
</div>
</modalFeedback>
</assessmentItem>
