<?xml version="1.0" encoding="UTF-8"?>
<assessmentItem xsi:schemaLocation="http://www.imsglobal.org/xsd/imsqti_v2p1 http://www.imsglobal.org/xsd/qti/qtiv2p1/imsqti_v2p1p1.xsd http://www.w3.org/1998/Math/MathML http://www.w3.org/Math/XMLSchema/mathml2/mathml2.xsd" identifier="vufgb-mode-001-nl_366763655_section_1_item_1_schoice" title="1" adaptive="false" timeDependent="false" xmlns="http://www.imsglobal.org/xsd/imsqti_v2p1" xmlns:xsi="http://www.w3.org/2001/XMLSchema-instance">
<responseDeclaration identifier="vufgb-mode-001-nl_366763655_section_1_item_1_schoice_RESPONSE_1_1981170" cardinality="single" baseType="identifier">
<correctResponse>
<value>vufgb-mode-001-nl_366763655_section_1_item_1_schoice_3_7492026407</value>
</correctResponse>
<mapping defaultValue="0" lowerBound="0.0">
<mapEntry mapKey="vufgb-mode-001-nl_366763655_section_1_item_1_schoice_1_9674457477" mappedValue="0"/>
<mapEntry mapKey="vufgb-mode-001-nl_366763655_section_1_item_1_schoice_2_2192854601" mappedValue="0"/>
<mapEntry mapKey="vufgb-mode-001-nl_366763655_section_1_item_1_schoice_3_7492026407" mappedValue="1"/>
<mapEntry mapKey="vufgb-mode-001-nl_366763655_section_1_item_1_schoice_4_6285062041" mappedValue="0"/>
</mapping>
</responseDeclaration>
<outcomeDeclaration identifier="SCORE" cardinality="single" baseType="float" normalMaximum="1" normalMinimum="0">
<defaultValue>
<value>0.0</value>
</defaultValue>
</outcomeDeclaration>
<outcomeDeclaration identifier="MAXSCORE" cardinality="single" baseType="float">
<defaultValue>
<value>1</value>
</defaultValue>
</outcomeDeclaration>
<outcomeDeclaration identifier="FEEDBACKBASIC" cardinality="single" baseType="identifier" view="testConstructor">
<defaultValue>
<value>empty</value>
</defaultValue>
</outcomeDeclaration>
<outcomeDeclaration identifier="FEEDBACKMODAL" cardinality="multiple" baseType="identifier" view="testConstructor"/>
<outcomeDeclaration identifier="MINSCORE" cardinality="single" baseType="float">
<defaultValue>
<value baseType="float">0</value>
</defaultValue>
</outcomeDeclaration>
<outcomeDeclaration identifier="SCORE_RESPONSE_1" cardinality="single" baseType="float">
<defaultValue>
<value>0.0</value>
</defaultValue>
</outcomeDeclaration>
<outcomeDeclaration identifier="MINSCORE_RESPONSE_1" cardinality="single" baseType="float">
<defaultValue>
<value>0.0</value>
</defaultValue>
</outcomeDeclaration>
<itemBody>
<p>Wat is de juiste omschrijving van de modus?</p>
<choiceInteraction responseIdentifier="vufgb-mode-001-nl_366763655_section_1_item_1_schoice_RESPONSE_1_1981170" shuffle="false" maxChoices="1">
<simpleChoice identifier="vufgb-mode-001-nl_366763655_section_1_item_1_schoice_1_9674457477">
<p>
a. De som van de scores gedeeld door het aantal observaties.
</p>
</simpleChoice>
<simpleChoice identifier="vufgb-mode-001-nl_366763655_section_1_item_1_schoice_2_2192854601">
<p>
b. De score die in het midden van een geordende steekproef valt.
</p>
</simpleChoice>
<simpleChoice identifier="vufgb-mode-001-nl_366763655_section_1_item_1_schoice_3_7492026407">
<p>
c. De score die het vaakst voorkomt.
</p>
</simpleChoice>
<simpleChoice identifier="vufgb-mode-001-nl_366763655_section_1_item_1_schoice_4_6285062041">
<p>
d. De score die de steekproef in twee gelijke helften verdeelt.
</p>
</simpleChoice>
</choiceInteraction>
</itemBody>
<responseProcessing>
<responseCondition>
<responseIf>
<isNull>
<variable identifier="vufgb-mode-001-nl_366763655_section_1_item_1_schoice_RESPONSE_1_1981170"/>
</isNull>
<setOutcomeValue identifier="SCORE_RESPONSE_1">
<sum>
<variable identifier="SCORE_RESPONSE_1"/>
<baseValue baseType="float">0</baseValue>
</sum>
</setOutcomeValue>
</responseIf>
</responseCondition>
<setOutcomeValue identifier="SCORE_RESPONSE_1">
<sum>
<variable identifier="SCORE_RESPONSE_1"/>
<mapResponse identifier="vufgb-mode-001-nl_366763655_section_1_item_1_schoice_RESPONSE_1_1981170"/>
</sum>
</setOutcomeValue>
<responseCondition>
<responseIf>
<lt>
<variable identifier="SCORE_RESPONSE_1"/>
<variable identifier="MINSCORE_RESPONSE_1"/>
</lt>
<setOutcomeValue identifier="SCORE_RESPONSE_1">
<variable identifier="MINSCORE_RESPONSE_1"/>
</setOutcomeValue>
</responseIf>
</responseCondition>
<setOutcomeValue identifier="SCORE">
<sum>
<variable identifier="SCORE_RESPONSE_1"/>
</sum>
</setOutcomeValue>
<responseCondition>
<responseIf>
<lt>
<variable identifier="SCORE"/>
<variable identifier="MINSCORE"/>
</lt>
<setOutcomeValue identifier="SCORE">
<variable identifier="MINSCORE"/>
</setOutcomeValue>
</responseIf>
</responseCondition>
<responseCondition>
<responseIf>
<lt>
<variable identifier="SCORE"/>
<baseValue baseType="float">1</baseValue>
</lt>
<setOutcomeValue identifier="FEEDBACKMODAL">
<multiple>
<variable identifier="FEEDBACKMODAL"/>
<baseValue baseType="identifier">Feedback196351558</baseValue>
</multiple>
</setOutcomeValue>
</responseIf>
</responseCondition>
</responseProcessing>
<modalFeedback identifier="Feedback196351558" outcomeIdentifier="FEEDBACKMODAL" showHide="show">
<ol type = "a">
<li> De som van de scores gedeeld door het aantal observaties. <br /> Incorrect </li>
<li> De score die in het midden van een geordende steekproef valt. <br /> Incorrect </li>
<li> De score die het vaakst voorkomt. <br /> Correct </li>
<li> De score die de steekproef in twee gelijke helften verdeelt. <br /> Incorrect </li>
</ol>
</modalFeedback>
</assessmentItem>
