<?xml version="1.0" encoding="UTF-8"?>
<assessmentItem xsi:schemaLocation="http://www.imsglobal.org/xsd/imsqti_v2p1 http://www.imsglobal.org/xsd/qti/qtiv2p1/imsqti_v2p1p1.xsd http://www.w3.org/1998/Math/MathML http://www.w3.org/Math/XMLSchema/mathml2/mathml2.xsd" identifier="uva-bayesian-statistics-968-nl-qti_160718492_section_1_item_1_schoice" title="1" adaptive="false" timeDependent="false" xmlns="http://www.imsglobal.org/xsd/imsqti_v2p1" xmlns:xsi="http://www.w3.org/2001/XMLSchema-instance">
<responseDeclaration identifier="uva-bayesian-statistics-968-nl-qti_160718492_section_1_item_1_schoice_RESPONSE_1_5536409" cardinality="single" baseType="identifier">
<correctResponse>
<value>uva-bayesian-statistics-968-nl-qti_160718492_section_1_item_1_schoice_2_8329857711</value>
</correctResponse>
<mapping defaultValue="0" lowerBound="0.0">
<mapEntry mapKey="uva-bayesian-statistics-968-nl-qti_160718492_section_1_item_1_schoice_1_6244625033" mappedValue="0"/>
<mapEntry mapKey="uva-bayesian-statistics-968-nl-qti_160718492_section_1_item_1_schoice_2_8329857711" mappedValue="1"/>
<mapEntry mapKey="uva-bayesian-statistics-968-nl-qti_160718492_section_1_item_1_schoice_3_5163028637" mappedValue="0"/>
<mapEntry mapKey="uva-bayesian-statistics-968-nl-qti_160718492_section_1_item_1_schoice_4_1160968390" mappedValue="0"/>
</mapping>
</responseDeclaration>
<outcomeDeclaration identifier="SCORE" cardinality="single" baseType="float" normalMaximum="1" normalMinimum="0">
<defaultValue>
<value>0.0</value>
</defaultValue>
</outcomeDeclaration>
<outcomeDeclaration identifier="MAXSCORE" cardinality="single" baseType="float">
<defaultValue>
<value>1</value>
</defaultValue>
</outcomeDeclaration>
<outcomeDeclaration identifier="FEEDBACKBASIC" cardinality="single" baseType="identifier" view="testConstructor">
<defaultValue>
<value>empty</value>
</defaultValue>
</outcomeDeclaration>
<outcomeDeclaration identifier="FEEDBACKMODAL" cardinality="multiple" baseType="identifier" view="testConstructor"/>
<outcomeDeclaration identifier="SOLUTIONMODAL" cardinality="single" baseType="identifier" view="testConstructor"/>
<outcomeDeclaration identifier="MINSCORE" cardinality="single" baseType="float">
<defaultValue>
<value baseType="float">0</value>
</defaultValue>
</outcomeDeclaration>
<outcomeDeclaration identifier="SCORE_RESPONSE_1" cardinality="single" baseType="float">
<defaultValue>
<value>0.0</value>
</defaultValue>
</outcomeDeclaration>
<outcomeDeclaration identifier="MINSCORE_RESPONSE_1" cardinality="single" baseType="float">
<defaultValue>
<value>0.0</value>
</defaultValue>
</outcomeDeclaration>
<itemBody>
<p>Stel dat bekend is dat een proportie van 0,001 van de Nederlandse
vrouwen ziekte <em>D</em> heeft. Er is een test om deze ziekte op te sporen.
Die test is niet altijd betrouwbaar: in 0,05 van de gevallen waarin de
betrokkene de ziekte heeft geeft de test de uitslag 'geen ziekte =
negatief resultaat'. 0,95 van zo'n patiënten wordt ontdekt met een
positieve uitslag. Verder geldt dat iemand die de ziekte niet heeft
krijgt in 0,95 van de gevallen een negatieve uitslag. Wat is de kans als
je een vrouw aselect kiest, dat die de ziekte <em>D</em> heeft, gegeven dat
haar test een positieve testuitslag heeft?</p>
<choiceInteraction responseIdentifier="uva-bayesian-statistics-968-nl-qti_160718492_section_1_item_1_schoice_RESPONSE_1_5536409" shuffle="false" maxChoices="1">
<simpleChoice identifier="uva-bayesian-statistics-968-nl-qti_160718492_section_1_item_1_schoice_1_6244625033">
<p>
 0,001
</p>
</simpleChoice>
<simpleChoice identifier="uva-bayesian-statistics-968-nl-qti_160718492_section_1_item_1_schoice_2_8329857711">
<p>
 0,019
</p>
</simpleChoice>
<simpleChoice identifier="uva-bayesian-statistics-968-nl-qti_160718492_section_1_item_1_schoice_3_5163028637">
<p>
 0,051
</p>
</simpleChoice>
<simpleChoice identifier="uva-bayesian-statistics-968-nl-qti_160718492_section_1_item_1_schoice_4_1160968390">
<p>
 0,958
</p>
</simpleChoice>
</choiceInteraction>
</itemBody>
<responseProcessing>
<setOutcomeValue identifier="SCORE_RESPONSE_1">
<sum>
<variable identifier="SCORE_RESPONSE_1"/>
<mapResponse identifier="uva-bayesian-statistics-968-nl-qti_160718492_section_1_item_1_schoice_RESPONSE_1_5536409"/>
</sum>
</setOutcomeValue>
<responseCondition>
<responseIf>
<lt>
<variable identifier="SCORE_RESPONSE_1"/>
<variable identifier="MINSCORE_RESPONSE_1"/>
</lt>
<setOutcomeValue identifier="SCORE_RESPONSE_1">
<variable identifier="MINSCORE_RESPONSE_1"/>
</setOutcomeValue>
</responseIf>
</responseCondition>
<responseCondition>
<responseIf>
<isNull>
<variable identifier="uva-bayesian-statistics-968-nl-qti_160718492_section_1_item_1_schoice_RESPONSE_1_5536409"/>
</isNull>
<setOutcomeValue identifier="SCORE_RESPONSE_1">
<sum>
<variable identifier="SCORE_RESPONSE_1"/>
<baseValue baseType="float">0</baseValue>
</sum>
</setOutcomeValue>
</responseIf>
</responseCondition>
<setOutcomeValue identifier="SCORE">
<sum>
<variable identifier="SCORE_RESPONSE_1"/>
</sum>
</setOutcomeValue>
<responseCondition>
<responseIf>
<lt>
<variable identifier="SCORE"/>
<variable identifier="MINSCORE"/>
</lt>
<setOutcomeValue identifier="SCORE">
<variable identifier="MINSCORE"/>
</setOutcomeValue>
</responseIf>
</responseCondition>
<responseCondition>
<responseIf>
<lt>
<variable identifier="SCORE"/>
<baseValue baseType="float">1</baseValue>
</lt>
<setOutcomeValue identifier="FEEDBACKMODAL">
<multiple>
<variable identifier="FEEDBACKMODAL"/>
<baseValue baseType="identifier">Feedback727445404</baseValue>
</multiple>
</setOutcomeValue>
</responseIf>
</responseCondition>
</responseProcessing>
<modalFeedback identifier="Feedback727445404" outcomeIdentifier="FEEDBACKMODAL" showHide="show">
<ul>
<li> 0,001 <br /> 0,001: Incorrect </li>
<li> 0,019 <br /> 0,019: Correct </li>
<li> 0,051 <br /> 0,051: Incorrect </li>
<li> 0,958 <br /> 0,958: Incorrect </li>
</ul>
</modalFeedback>
</assessmentItem>
