<?xml version="1.0" encoding="utf-8" standalone="yes"?>
<assessmentItem identifier="vufgb-regressionftest-002-en-tv_202601131822_item_1_schoice" title="vufgb-regressionftest-002-en-tv_202601131822_item_1_schoice_vufgb-regressionftest-002-nl" adaptive="false" timeDependent="false" toolName="Testvision Online" toolVersion="39.0.9084" xmlns="http://www.imsglobal.org/xsd/imsqti_v2p1">
<responseDeclaration identifier="RESPONSE" cardinality="single" baseType="identifier">
<correctResponse>
<value>alt_134494</value>
</correctResponse>
<mapping defaultValue="0" lowerBound="0.0">
<mapEntry mapKey="alt_541919" mappedValue="-0.333333333333333"/>
<mapEntry mapKey="alt_134494" mappedValue="1"/>
<mapEntry mapKey="alt_430012" mappedValue="-0.333333333333333"/>
<mapEntry mapKey="alt_251233" mappedValue="-0.333333333333333"/>
</mapping>
</responseDeclaration>
<outcomeDeclaration identifier="SCORE" cardinality="single" baseType="float" normalMaximum="1" normalMinimum="0" />
<outcomeDeclaration identifier="FEEDBACK" cardinality="single" baseType="identifier" />
<stylesheet href="css/vufgb-regressionftest-002-en-tv_202601131822_item_1_schoice.css" type="text/css" />
<itemBody>
<p>Whand can the F test be used in multiple regression?</p>
<choiceInteraction responseIdentifier="RESPONSE" shuffle="false" maxChoices="1">
<simpleChoice identifier="alt_541919">
<div class="textblock tvblock tvcss_1"><div class="rte_zone tveditor1">
 To test the null hypothesis that at least one <math display="inline" xmlns="http://www.w3.org/1998/Math/MathML"><semantics><mrow><msub><mi>β</mi><mi>i</mi></msub><mo>≠</mo><mn>0</mn></mrow><annotation encoding="application/x-tex">\beta_{i} \neq 0</annotation></semantics></math>.
</div>
</div>
</simpleChoice>
<simpleChoice identifier="alt_134494">
<div class="textblock tvblock tvcss_1"><div class="rte_zone tveditor1">
 To compare the error of two models (<math display="inline" xmlns="http://www.w3.org/1998/Math/MathML"><semantics><msub><mi>E</mi><mi>r</mi></msub><annotation encoding="application/x-tex">E_{r}</annotation></semantics></math> and <math display="inline" xmlns="http://www.w3.org/1998/Math/MathML"><semantics><msub><mi>E</mi><mi>c</mi></msub><annotation encoding="application/x-tex">E_{c}</annotation></semantics></math>) te vergelijkand.
</div>
</div>
</simpleChoice>
<simpleChoice identifier="alt_430012">
<div class="textblock tvblock tvcss_1"><div class="rte_zone tveditor1">
 Om te toetsand of de F-waarde significant van 0 afwijkt.
</div>
</div>
</simpleChoice>
<simpleChoice identifier="alt_251233">
<div class="textblock tvblock tvcss_1"><div class="rte_zone tveditor1">
 Om te toetsand of het intercept significant van 1 afwijkt.
</div>
</div>
</simpleChoice>
</choiceInteraction>
</itemBody>
<responseProcessing>
<responseCondition>
<responseIf>
<isNull>
<variable identifier="RESPONSE"/>
</isNull>
<setOutcomeValue identifier="SCORE">
<baseValue baseType="float">0.0</baseValue>
</setOutcomeValue>
<setOutcomeValue identifier="FEEDBACK">
<baseValue baseType="identifier">FAILURE</baseValue>
</setOutcomeValue>
</responseIf>
<responseElse>
<setOutcomeValue identifier="SCORE">
<mapResponse identifier="RESPONSE"/>
</setOutcomeValue>
<responseCondition>
<responseIf>
<equal toleranceMode="relative" tolerance="0.001">
<variable identifier="SCORE"/>
<variable identifier="MAXSCORE"/>
</equal>
<setOutcomeValue identifier="FEEDBACK">
<baseValue baseType="identifier">ANSWER_CORRECT</baseValue>
</setOutcomeValue>
</responseIf>
<responseElse>
<setOutcomeValue identifier="FEEDBACK">
<baseValue baseType="identifier">FAILURE</baseValue>
</setOutcomeValue>
</responseElse>
</responseCondition>
</responseElse>
</responseCondition>
</responseProcessing>
<modalFeedback identifier="FAILURE" outcomeIdentifier="FEEDBACK" showHide="show">
<div class="textblock tvblock tvcss_1"><div class="rte_zone tveditor1">
<ul>
<li> To test the null hypothesis that at least one <math display="inline" xmlns="http://www.w3.org/1998/Math/MathML"><semantics><mrow><msub><mi>β</mi><mi>i</mi></msub><mo>≠</mo><mn>0</mn></mrow><annotation encoding="application/x-tex">\beta_{i} \neq 0</annotation></semantics></math>. <br /> Incorrect </li>
<li> To compare the error of two models (<math display="inline" xmlns="http://www.w3.org/1998/Math/MathML"><semantics><msub><mi>E</mi><mi>r</mi></msub><annotation encoding="application/x-tex">E_{r}</annotation></semantics></math> and <math display="inline" xmlns="http://www.w3.org/1998/Math/MathML"><semantics><msub><mi>E</mi><mi>c</mi></msub><annotation encoding="application/x-tex">E_{c}</annotation></semantics></math>) te vergelijkand. <br /> Correct </li>
<li> Om te toetsand of de F-waarde significant van 0 afwijkt. <br /> Incorrect </li>
<li> Om te toetsand of het intercept significant van 1 afwijkt. <br /> Incorrect </li>
</ul>
</div>
</div>
</modalFeedback>
<modalFeedback identifier="ANSWER_CORRECT" outcomeIdentifier="FEEDBACK" showHide="show">
<div class="textblock tvblock tvcss_1"><div class="rte_zone tveditor1">
<ul>
<li> To test the null hypothesis that at least one <math display="inline" xmlns="http://www.w3.org/1998/Math/MathML"><semantics><mrow><msub><mi>β</mi><mi>i</mi></msub><mo>≠</mo><mn>0</mn></mrow><annotation encoding="application/x-tex">\beta_{i} \neq 0</annotation></semantics></math>. <br /> Incorrect </li>
<li> To compare the error of two models (<math display="inline" xmlns="http://www.w3.org/1998/Math/MathML"><semantics><msub><mi>E</mi><mi>r</mi></msub><annotation encoding="application/x-tex">E_{r}</annotation></semantics></math> and <math display="inline" xmlns="http://www.w3.org/1998/Math/MathML"><semantics><msub><mi>E</mi><mi>c</mi></msub><annotation encoding="application/x-tex">E_{c}</annotation></semantics></math>) te vergelijkand. <br /> Correct </li>
<li> Om te toetsand of de F-waarde significant van 0 afwijkt. <br /> Incorrect </li>
<li> Om te toetsand of het intercept significant van 1 afwijkt. <br /> Incorrect </li>
</ul>
</div>
</div>
</modalFeedback>
<modalFeedback identifier="PARTIAL_CORRECT" outcomeIdentifier="FEEDBACK" showHide="show">
<div class="textblock tvblock tvcss_1"><div class="rte_zone tveditor1">
<ul>
<li> To test the null hypothesis that at least one <math display="inline" xmlns="http://www.w3.org/1998/Math/MathML"><semantics><mrow><msub><mi>β</mi><mi>i</mi></msub><mo>≠</mo><mn>0</mn></mrow><annotation encoding="application/x-tex">\beta_{i} \neq 0</annotation></semantics></math>. <br /> Incorrect </li>
<li> To compare the error of two models (<math display="inline" xmlns="http://www.w3.org/1998/Math/MathML"><semantics><msub><mi>E</mi><mi>r</mi></msub><annotation encoding="application/x-tex">E_{r}</annotation></semantics></math> and <math display="inline" xmlns="http://www.w3.org/1998/Math/MathML"><semantics><msub><mi>E</mi><mi>c</mi></msub><annotation encoding="application/x-tex">E_{c}</annotation></semantics></math>) te vergelijkand. <br /> Correct </li>
<li> Om te toetsand of de F-waarde significant van 0 afwijkt. <br /> Incorrect </li>
<li> Om te toetsand of het intercept significant van 1 afwijkt. <br /> Incorrect </li>
</ul>
</div>
</div>
</modalFeedback>
</assessmentItem>
