<?xml version="1.0" encoding="UTF-8"?>
<assessmentItem xsi:schemaLocation="http://www.imsglobal.org/xsd/imsqti_v2p1 http://www.imsglobal.org/xsd/qti/qtiv2p1/imsqti_v2p1p1.xsd http://www.w3.org/1998/Math/MathML http://www.w3.org/Math/XMLSchema/mathml2/mathml2.xsd" identifier="vufgb-piechart-001-nl-ans_458009945_section_1_item_1_schoice" title="Descriptive-statistics_vufgb-piechart-001-nl_vufgb-piechart-001-nl_schoice_1" adaptive="false" timeDependent="false" xmlns="http://www.imsglobal.org/xsd/imsqti_v2p1" xmlns:xsi="http://www.w3.org/2001/XMLSchema-instance">
<responseDeclaration identifier="vufgb-piechart-001-nl-ans_458009945_section_1_item_1_schoice_RESPONSE_1_1159094" cardinality="single" baseType="identifier">
<correctResponse>
<value>vufgb-piechart-001-nl-ans_458009945_section_1_item_1_schoice_4_8308875561</value>
</correctResponse>
<mapping defaultValue="0" lowerBound="0.0">
<mapEntry mapKey="vufgb-piechart-001-nl-ans_458009945_section_1_item_1_schoice_1_7196388397" mappedValue="0"/>
<mapEntry mapKey="vufgb-piechart-001-nl-ans_458009945_section_1_item_1_schoice_2_3729774803" mappedValue="0"/>
<mapEntry mapKey="vufgb-piechart-001-nl-ans_458009945_section_1_item_1_schoice_3_5323217728" mappedValue="0"/>
<mapEntry mapKey="vufgb-piechart-001-nl-ans_458009945_section_1_item_1_schoice_4_8308875561" mappedValue="1"/>
</mapping>
</responseDeclaration>
<outcomeDeclaration identifier="SCORE" cardinality="single" baseType="float" normalMaximum="1" normalMinimum="0">
<defaultValue>
<value>0.0</value>
</defaultValue>
</outcomeDeclaration>
<outcomeDeclaration identifier="MAXSCORE" cardinality="single" baseType="float">
<defaultValue>
<value>1</value>
</defaultValue>
</outcomeDeclaration>
<outcomeDeclaration identifier="FEEDBACKBASIC" cardinality="single" baseType="identifier" view="testConstructor">
<defaultValue>
<value>empty</value>
</defaultValue>
</outcomeDeclaration>
<outcomeDeclaration identifier="FEEDBACKMODAL" cardinality="multiple" baseType="identifier" view="testConstructor"/>
<outcomeDeclaration identifier="SOLUTIONMODAL" cardinality="single" baseType="identifier" view="testConstructor"/>
<outcomeDeclaration identifier="MINSCORE" cardinality="single" baseType="float">
<defaultValue>
<value baseType="float">0</value>
</defaultValue>
</outcomeDeclaration>
<outcomeDeclaration identifier="SCORE_RESPONSE_1" cardinality="single" baseType="float">
<defaultValue>
<value>0.0</value>
</defaultValue>
</outcomeDeclaration>
<outcomeDeclaration identifier="MINSCORE_RESPONSE_1" cardinality="single" baseType="float">
<defaultValue>
<value>0.0</value>
</defaultValue>
</outcomeDeclaration>
<itemBody>
<p>Een onderzoeker wil weten of een kwantitatieve variabele bij benadering normaal verdeeld is. Welke figuur is daarvoor <strong>NIET</strong> informatief?</p>
<choiceInteraction responseIdentifier="vufgb-piechart-001-nl-ans_458009945_section_1_item_1_schoice_RESPONSE_1_1159094" shuffle="false" maxChoices="1">
<simpleChoice identifier="vufgb-piechart-001-nl-ans_458009945_section_1_item_1_schoice_1_7196388397">
<p>
 Histogram.
</p>
</simpleChoice>
<simpleChoice identifier="vufgb-piechart-001-nl-ans_458009945_section_1_item_1_schoice_2_3729774803">
<p>
 Boxplot.
</p>
</simpleChoice>
<simpleChoice identifier="vufgb-piechart-001-nl-ans_458009945_section_1_item_1_schoice_3_5323217728">
<p>
 Stem-and-leaf plot.
</p>
</simpleChoice>
<simpleChoice identifier="vufgb-piechart-001-nl-ans_458009945_section_1_item_1_schoice_4_8308875561">
<p>
 Pie chart.
</p>
</simpleChoice>
</choiceInteraction>
</itemBody>
<responseProcessing>
<setOutcomeValue identifier="SCORE_RESPONSE_1">
<sum>
<variable identifier="SCORE_RESPONSE_1"/>
<mapResponse identifier="vufgb-piechart-001-nl-ans_458009945_section_1_item_1_schoice_RESPONSE_1_1159094"/>
</sum>
</setOutcomeValue>
<responseCondition>
<responseIf>
<lt>
<variable identifier="SCORE_RESPONSE_1"/>
<variable identifier="MINSCORE_RESPONSE_1"/>
</lt>
<setOutcomeValue identifier="SCORE_RESPONSE_1">
<variable identifier="MINSCORE_RESPONSE_1"/>
</setOutcomeValue>
</responseIf>
</responseCondition>
<responseCondition>
<responseIf>
<isNull>
<variable identifier="vufgb-piechart-001-nl-ans_458009945_section_1_item_1_schoice_RESPONSE_1_1159094"/>
</isNull>
<setOutcomeValue identifier="SCORE_RESPONSE_1">
<sum>
<variable identifier="SCORE_RESPONSE_1"/>
<baseValue baseType="float">0</baseValue>
</sum>
</setOutcomeValue>
</responseIf>
</responseCondition>
<setOutcomeValue identifier="SCORE">
<sum>
<variable identifier="SCORE_RESPONSE_1"/>
</sum>
</setOutcomeValue>
<responseCondition>
<responseIf>
<lt>
<variable identifier="SCORE"/>
<variable identifier="MINSCORE"/>
</lt>
<setOutcomeValue identifier="SCORE">
<variable identifier="MINSCORE"/>
</setOutcomeValue>
</responseIf>
</responseCondition>
<responseCondition>
<responseIf>
<lt>
<variable identifier="SCORE"/>
<baseValue baseType="float">1</baseValue>
</lt>
<setOutcomeValue identifier="FEEDBACKMODAL">
<multiple>
<variable identifier="FEEDBACKMODAL"/>
<baseValue baseType="identifier">Feedback709545021</baseValue>
</multiple>
</setOutcomeValue>
</responseIf>
</responseCondition>
</responseProcessing>
<modalFeedback outcomeIdentifier="FEEDBACK" showHide="show" identifier="incorrect">
</modalFeedback>
</assessmentItem>
