<?xml version="1.0" encoding="UTF-8"?>
<assessmentItem xsi:schemaLocation="http://www.imsglobal.org/xsd/imsqti_v2p1 http://www.imsglobal.org/xsd/qti/qtiv2p1/imsqti_v2p1p1.xsd http://www.w3.org/1998/Math/MathML http://www.w3.org/Math/XMLSchema/mathml2/mathml2.xsd" identifier="uva-measures-of-location-424-nl-qti_318595916_section_1_item_1_schoice" title="1" adaptive="false" timeDependent="false" xmlns="http://www.imsglobal.org/xsd/imsqti_v2p1" xmlns:xsi="http://www.w3.org/2001/XMLSchema-instance">
<responseDeclaration identifier="uva-measures-of-location-424-nl-qti_318595916_section_1_item_1_schoice_RESPONSE_1_1802820" cardinality="single" baseType="identifier">
<correctResponse>
<value>uva-measures-of-location-424-nl-qti_318595916_section_1_item_1_schoice_4_9810634090</value>
</correctResponse>
<mapping defaultValue="0" lowerBound="0.0">
<mapEntry mapKey="uva-measures-of-location-424-nl-qti_318595916_section_1_item_1_schoice_1_1295487494" mappedValue="0"/>
<mapEntry mapKey="uva-measures-of-location-424-nl-qti_318595916_section_1_item_1_schoice_2_1221732917" mappedValue="0"/>
<mapEntry mapKey="uva-measures-of-location-424-nl-qti_318595916_section_1_item_1_schoice_3_6279529433" mappedValue="0"/>
<mapEntry mapKey="uva-measures-of-location-424-nl-qti_318595916_section_1_item_1_schoice_4_9810634090" mappedValue="1"/>
</mapping>
</responseDeclaration>
<outcomeDeclaration identifier="SCORE" cardinality="single" baseType="float" normalMaximum="1" normalMinimum="0">
<defaultValue>
<value>0.0</value>
</defaultValue>
</outcomeDeclaration>
<outcomeDeclaration identifier="MAXSCORE" cardinality="single" baseType="float">
<defaultValue>
<value>1</value>
</defaultValue>
</outcomeDeclaration>
<outcomeDeclaration identifier="FEEDBACKBASIC" cardinality="single" baseType="identifier" view="testConstructor">
<defaultValue>
<value>empty</value>
</defaultValue>
</outcomeDeclaration>
<outcomeDeclaration identifier="FEEDBACKMODAL" cardinality="multiple" baseType="identifier" view="testConstructor"/>
<outcomeDeclaration identifier="SOLUTIONMODAL" cardinality="single" baseType="identifier" view="testConstructor"/>
<outcomeDeclaration identifier="MINSCORE" cardinality="single" baseType="float">
<defaultValue>
<value baseType="float">0</value>
</defaultValue>
</outcomeDeclaration>
<outcomeDeclaration identifier="SCORE_RESPONSE_1" cardinality="single" baseType="float">
<defaultValue>
<value>0.0</value>
</defaultValue>
</outcomeDeclaration>
<outcomeDeclaration identifier="MINSCORE_RESPONSE_1" cardinality="single" baseType="float">
<defaultValue>
<value>0.0</value>
</defaultValue>
</outcomeDeclaration>
<itemBody>
<p>Gegeven de volgende getallen in een steekproef: 8, 5, 2, 8, 4, 9. Het
95% betrouwbaarheidsinterval voor het gemiddelde van de populatie
waaruit de steekproef is getrokken is:</p>
<choiceInteraction responseIdentifier="uva-measures-of-location-424-nl-qti_318595916_section_1_item_1_schoice_RESPONSE_1_1802820" shuffle="false" maxChoices="1">
<simpleChoice identifier="uva-measures-of-location-424-nl-qti_318595916_section_1_item_1_schoice_1_1295487494">
<p>
 &lt;3.73; 8.27 &gt;
</p>
</simpleChoice>
<simpleChoice identifier="uva-measures-of-location-424-nl-qti_318595916_section_1_item_1_schoice_2_1221732917">
<p>
 &lt;3.49; 8.51 &gt;
</p>
</simpleChoice>
<simpleChoice identifier="uva-measures-of-location-424-nl-qti_318595916_section_1_item_1_schoice_3_6279529433">
<p>
 &lt;3.25; 8.75 &gt;
</p>
</simpleChoice>
<simpleChoice identifier="uva-measures-of-location-424-nl-qti_318595916_section_1_item_1_schoice_4_9810634090">
<p>
 &lt;3.11; 8.89 &gt;
</p>
</simpleChoice>
</choiceInteraction>
</itemBody>
<responseProcessing>
<setOutcomeValue identifier="SCORE_RESPONSE_1">
<sum>
<variable identifier="SCORE_RESPONSE_1"/>
<mapResponse identifier="uva-measures-of-location-424-nl-qti_318595916_section_1_item_1_schoice_RESPONSE_1_1802820"/>
</sum>
</setOutcomeValue>
<responseCondition>
<responseIf>
<lt>
<variable identifier="SCORE_RESPONSE_1"/>
<variable identifier="MINSCORE_RESPONSE_1"/>
</lt>
<setOutcomeValue identifier="SCORE_RESPONSE_1">
<variable identifier="MINSCORE_RESPONSE_1"/>
</setOutcomeValue>
</responseIf>
</responseCondition>
<responseCondition>
<responseIf>
<isNull>
<variable identifier="uva-measures-of-location-424-nl-qti_318595916_section_1_item_1_schoice_RESPONSE_1_1802820"/>
</isNull>
<setOutcomeValue identifier="SCORE_RESPONSE_1">
<sum>
<variable identifier="SCORE_RESPONSE_1"/>
<baseValue baseType="float">0</baseValue>
</sum>
</setOutcomeValue>
</responseIf>
</responseCondition>
<setOutcomeValue identifier="SCORE">
<sum>
<variable identifier="SCORE_RESPONSE_1"/>
</sum>
</setOutcomeValue>
<responseCondition>
<responseIf>
<lt>
<variable identifier="SCORE"/>
<variable identifier="MINSCORE"/>
</lt>
<setOutcomeValue identifier="SCORE">
<variable identifier="MINSCORE"/>
</setOutcomeValue>
</responseIf>
</responseCondition>
<responseCondition>
<responseIf>
<lt>
<variable identifier="SCORE"/>
<baseValue baseType="float">1</baseValue>
</lt>
<setOutcomeValue identifier="FEEDBACKMODAL">
<multiple>
<variable identifier="FEEDBACKMODAL"/>
<baseValue baseType="identifier">Feedback896877852</baseValue>
</multiple>
</setOutcomeValue>
</responseIf>
</responseCondition>
</responseProcessing>
<modalFeedback identifier="Feedback896877852" outcomeIdentifier="FEEDBACKMODAL" showHide="show">
<p>Het correcte antwoord is:</p>
<ul>
<li>&lt;3.11; 8.89 &gt;</li>
</ul>
</modalFeedback>
</assessmentItem>
