<?xml version="1.0" encoding="UTF-8"?>
<assessmentItem xsi:schemaLocation="http://www.imsglobal.org/xsd/imsqti_v2p1 http://www.imsglobal.org/xsd/qti/qtiv2p1/imsqti_v2p1p1.xsd http://www.w3.org/1998/Math/MathML http://www.w3.org/Math/XMLSchema/mathml2/mathml2.xsd" identifier="vufgb-confidenceintervals-013-nl-ans_698518273_section_1_item_1_schoice" title="Inferential_Statistics_vufgb-confidenceintervals-013-nl_vufgb-confidenceintervals-013-nl_schoice_1" adaptive="false" timeDependent="false" xmlns="http://www.imsglobal.org/xsd/imsqti_v2p1" xmlns:xsi="http://www.w3.org/2001/XMLSchema-instance">
<responseDeclaration identifier="vufgb-confidenceintervals-013-nl-ans_698518273_section_1_item_1_schoice_RESPONSE_1_4015059" cardinality="single" baseType="identifier">
<correctResponse>
<value>vufgb-confidenceintervals-013-nl-ans_698518273_section_1_item_1_schoice_1_5189848181</value>
</correctResponse>
<mapping defaultValue="0" lowerBound="0.0">
<mapEntry mapKey="vufgb-confidenceintervals-013-nl-ans_698518273_section_1_item_1_schoice_1_5189848181" mappedValue="1"/>
<mapEntry mapKey="vufgb-confidenceintervals-013-nl-ans_698518273_section_1_item_1_schoice_2_2815429746" mappedValue="0"/>
<mapEntry mapKey="vufgb-confidenceintervals-013-nl-ans_698518273_section_1_item_1_schoice_3_2253604370" mappedValue="0"/>
<mapEntry mapKey="vufgb-confidenceintervals-013-nl-ans_698518273_section_1_item_1_schoice_4_2333111753" mappedValue="0"/>
</mapping>
</responseDeclaration>
<outcomeDeclaration identifier="SCORE" cardinality="single" baseType="float" normalMaximum="1" normalMinimum="0">
<defaultValue>
<value>0.0</value>
</defaultValue>
</outcomeDeclaration>
<outcomeDeclaration identifier="MAXSCORE" cardinality="single" baseType="float">
<defaultValue>
<value>1</value>
</defaultValue>
</outcomeDeclaration>
<outcomeDeclaration identifier="FEEDBACKBASIC" cardinality="single" baseType="identifier" view="testConstructor">
<defaultValue>
<value>empty</value>
</defaultValue>
</outcomeDeclaration>
<outcomeDeclaration identifier="FEEDBACKMODAL" cardinality="multiple" baseType="identifier" view="testConstructor"/>
<outcomeDeclaration identifier="SOLUTIONMODAL" cardinality="single" baseType="identifier" view="testConstructor"/>
<outcomeDeclaration identifier="MINSCORE" cardinality="single" baseType="float">
<defaultValue>
<value baseType="float">0</value>
</defaultValue>
</outcomeDeclaration>
<outcomeDeclaration identifier="SCORE_RESPONSE_1" cardinality="single" baseType="float">
<defaultValue>
<value>0.0</value>
</defaultValue>
</outcomeDeclaration>
<outcomeDeclaration identifier="MINSCORE_RESPONSE_1" cardinality="single" baseType="float">
<defaultValue>
<value>0.0</value>
</defaultValue>
</outcomeDeclaration>
<itemBody>
<p>Vul in:</p>
<p>Het betrouwbaarheidsinterval voor een gemiddelde wordt …..I… naarmate de standaarddeviatie toeneemt.</p>
<p>Het betrouwbaarheidsinterval wordt smaller naarmate het waarschijnlijkheidsniveau (<strong><em>confidence level</em></strong>) …….II……. .</p>
<choiceInteraction responseIdentifier="vufgb-confidenceintervals-013-nl-ans_698518273_section_1_item_1_schoice_RESPONSE_1_4015059" shuffle="false" maxChoices="1">
<simpleChoice identifier="vufgb-confidenceintervals-013-nl-ans_698518273_section_1_item_1_schoice_1_5189848181">
<p>
 I: breder, II: afneemt
</p>
</simpleChoice>
<simpleChoice identifier="vufgb-confidenceintervals-013-nl-ans_698518273_section_1_item_1_schoice_2_2815429746">
<p>
 I: smaller, II: afneemt
</p>
</simpleChoice>
<simpleChoice identifier="vufgb-confidenceintervals-013-nl-ans_698518273_section_1_item_1_schoice_3_2253604370">
<p>
 I: breder, II: toeneemt
</p>
</simpleChoice>
<simpleChoice identifier="vufgb-confidenceintervals-013-nl-ans_698518273_section_1_item_1_schoice_4_2333111753">
<p>
 I: smaller, II: toeneemt
</p>
</simpleChoice>
</choiceInteraction>
</itemBody>
<responseProcessing>
<setOutcomeValue identifier="SCORE_RESPONSE_1">
<sum>
<variable identifier="SCORE_RESPONSE_1"/>
<mapResponse identifier="vufgb-confidenceintervals-013-nl-ans_698518273_section_1_item_1_schoice_RESPONSE_1_4015059"/>
</sum>
</setOutcomeValue>
<responseCondition>
<responseIf>
<lt>
<variable identifier="SCORE_RESPONSE_1"/>
<variable identifier="MINSCORE_RESPONSE_1"/>
</lt>
<setOutcomeValue identifier="SCORE_RESPONSE_1">
<variable identifier="MINSCORE_RESPONSE_1"/>
</setOutcomeValue>
</responseIf>
</responseCondition>
<responseCondition>
<responseIf>
<isNull>
<variable identifier="vufgb-confidenceintervals-013-nl-ans_698518273_section_1_item_1_schoice_RESPONSE_1_4015059"/>
</isNull>
<setOutcomeValue identifier="SCORE_RESPONSE_1">
<sum>
<variable identifier="SCORE_RESPONSE_1"/>
<baseValue baseType="float">0</baseValue>
</sum>
</setOutcomeValue>
</responseIf>
</responseCondition>
<setOutcomeValue identifier="SCORE">
<sum>
<variable identifier="SCORE_RESPONSE_1"/>
</sum>
</setOutcomeValue>
<responseCondition>
<responseIf>
<lt>
<variable identifier="SCORE"/>
<variable identifier="MINSCORE"/>
</lt>
<setOutcomeValue identifier="SCORE">
<variable identifier="MINSCORE"/>
</setOutcomeValue>
</responseIf>
</responseCondition>
<responseCondition>
<responseIf>
<lt>
<variable identifier="SCORE"/>
<baseValue baseType="float">1</baseValue>
</lt>
<setOutcomeValue identifier="FEEDBACKMODAL">
<multiple>
<variable identifier="FEEDBACKMODAL"/>
<baseValue baseType="identifier">Feedback755912815</baseValue>
</multiple>
</setOutcomeValue>
</responseIf>
</responseCondition>
</responseProcessing>
<modalFeedback outcomeIdentifier="FEEDBACK" showHide="show" identifier="incorrect">
<ul>
<li> I: breder, II: afneemt <br /> Correct </li>
<li> I: smaller, II: afneemt <br /> Incorrect </li>
<li> I: breder, II: toeneemt <br /> Incorrect </li>
<li> I: smaller, II: toeneemt <br /> Incorrect </li>
</ul>
</modalFeedback>
</assessmentItem>
