<?xml version="1.0" encoding="utf-8" standalone="yes"?>
<assessmentItem identifier="uva-variance-316-en-tv_202601131819_item_1_schoice" title="uva-variance-316-en-tv_202601131819_item_1_schoice_uva-variance-316-en" adaptive="false" timeDependent="false" toolName="Testvision Online" toolVersion="39.0.9084" xmlns="http://www.imsglobal.org/xsd/imsqti_v2p1">
<responseDeclaration identifier="RESPONSE" cardinality="single" baseType="identifier">
<correctResponse>
<value>alt_494852</value>
</correctResponse>
<mapping defaultValue="0" lowerBound="0.0">
<mapEntry mapKey="alt_494852" mappedValue="1"/>
<mapEntry mapKey="alt_378910" mappedValue="-0.333333333333333"/>
<mapEntry mapKey="alt_212537" mappedValue="-0.333333333333333"/>
<mapEntry mapKey="alt_778062" mappedValue="-0.333333333333333"/>
</mapping>
</responseDeclaration>
<outcomeDeclaration identifier="SCORE" cardinality="single" baseType="float" normalMaximum="1" normalMinimum="0" />
<outcomeDeclaration identifier="FEEDBACK" cardinality="single" baseType="identifier" />
<stylesheet href="css/uva-variance-316-en-tv_202601131819_item_1_schoice.css" type="text/css" />
<itemBody>
<p>4. X<sub>1</sub>, X<sub>2</sub>, X<sub>3</sub> and X<sub>4</sub> are independent draws from a distribution with μ = 3 and σ<sup>2</sup> = 0.25. The variance of (X<sub>1</sub> + X<sub>2</sub> + X<sub>3</sub> + X<sub>4</sub>) / 4 is then equal to</p>
<choiceInteraction responseIdentifier="RESPONSE" shuffle="false" maxChoices="1">
<simpleChoice identifier="alt_494852">
<div class="textblock tvblock tvcss_1"><div class="rte_zone tveditor1">
 0.0625
</div>
</div>
</simpleChoice>
<simpleChoice identifier="alt_378910">
<div class="textblock tvblock tvcss_1"><div class="rte_zone tveditor1">
 0.125
</div>
</div>
</simpleChoice>
<simpleChoice identifier="alt_212537">
<div class="textblock tvblock tvcss_1"><div class="rte_zone tveditor1">
 0.25
</div>
</div>
</simpleChoice>
<simpleChoice identifier="alt_778062">
<div class="textblock tvblock tvcss_1"><div class="rte_zone tveditor1">
 1
</div>
</div>
</simpleChoice>
</choiceInteraction>
</itemBody>
<responseProcessing>
<responseCondition>
<responseIf>
<isNull>
<variable identifier="RESPONSE"/>
</isNull>
<setOutcomeValue identifier="SCORE">
<baseValue baseType="float">0.0</baseValue>
</setOutcomeValue>
<setOutcomeValue identifier="FEEDBACK">
<baseValue baseType="identifier">FAILURE</baseValue>
</setOutcomeValue>
</responseIf>
<responseElse>
<setOutcomeValue identifier="SCORE">
<mapResponse identifier="RESPONSE"/>
</setOutcomeValue>
<responseCondition>
<responseIf>
<equal toleranceMode="relative" tolerance="0.001">
<variable identifier="SCORE"/>
<variable identifier="MAXSCORE"/>
</equal>
<setOutcomeValue identifier="FEEDBACK">
<baseValue baseType="identifier">ANSWER_CORRECT</baseValue>
</setOutcomeValue>
</responseIf>
<responseElse>
<setOutcomeValue identifier="FEEDBACK">
<baseValue baseType="identifier">FAILURE</baseValue>
</setOutcomeValue>
</responseElse>
</responseCondition>
</responseElse>
</responseCondition>
</responseProcessing>
<modalFeedback identifier="FAILURE" outcomeIdentifier="FEEDBACK" showHide="show">
<div class="textblock tvblock tvcss_1"><div class="rte_zone tveditor1">
<ul>
<li> 0.0625 <br /> 0.0625: Correct </li>
<li> 0.125 <br /> 0.125: Incorrect </li>
<li> 0.25 <br /> 0.25: Incorrect </li>
<li> 1 <br /> 1: Incorrect </li>
</ul>
</div>
</div>
</modalFeedback>
<modalFeedback identifier="ANSWER_CORRECT" outcomeIdentifier="FEEDBACK" showHide="show">
<div class="textblock tvblock tvcss_1"><div class="rte_zone tveditor1">
<ul>
<li> 0.0625 <br /> 0.0625: Correct </li>
<li> 0.125 <br /> 0.125: Incorrect </li>
<li> 0.25 <br /> 0.25: Incorrect </li>
<li> 1 <br /> 1: Incorrect </li>
</ul>
</div>
</div>
</modalFeedback>
<modalFeedback identifier="PARTIAL_CORRECT" outcomeIdentifier="FEEDBACK" showHide="show">
<div class="textblock tvblock tvcss_1"><div class="rte_zone tveditor1">
<ul>
<li> 0.0625 <br /> 0.0625: Correct </li>
<li> 0.125 <br /> 0.125: Incorrect </li>
<li> 0.25 <br /> 0.25: Incorrect </li>
<li> 1 <br /> 1: Incorrect </li>
</ul>
</div>
</div>
</modalFeedback>
</assessmentItem>
