<?xml version="1.0" encoding="utf-8" standalone="yes"?>
<assessmentItem identifier="uva-bayesian-statistics-984-en-tv_202601131822_item_1_schoice" title="uva-bayesian-statistics-984-en-tv_202601131822_item_1_schoice_uva-bayesian-statistics-984-en" adaptive="false" timeDependent="false" toolName="Testvision Online" toolVersion="39.0.9084" xmlns="http://www.imsglobal.org/xsd/imsqti_v2p1">
<responseDeclaration identifier="RESPONSE" cardinality="single" baseType="identifier">
<correctResponse>
<value>alt_458992</value>
</correctResponse>
<mapping defaultValue="0" lowerBound="0.0">
<mapEntry mapKey="alt_321534" mappedValue="-0.333333333333333"/>
<mapEntry mapKey="alt_458992" mappedValue="1"/>
<mapEntry mapKey="alt_187444" mappedValue="-0.333333333333333"/>
<mapEntry mapKey="alt_901250" mappedValue="-0.333333333333333"/>
</mapping>
</responseDeclaration>
<outcomeDeclaration identifier="SCORE" cardinality="single" baseType="float" normalMaximum="1" normalMinimum="0" />
<outcomeDeclaration identifier="FEEDBACK" cardinality="single" baseType="identifier" />
<stylesheet href="css/uva-bayesian-statistics-984-en-tv_202601131822_item_1_schoice.css" type="text/css" />
<itemBody>
<p>Suppose P(A<sub>1</sub>) + P(A<sub>2</sub>) =1 and P(B<sub>1</sub> ) + P( B<sub>2</sub>) =1. Given P(A<sub>2</sub>) = 0.70, P(B<sub>1</sub>| A<sub>2</sub>) = 0.45, and P((B<sub>2</sub>| A<sub>1</sub>) = 0.60. What then is P(A<sub>1</sub>| B<sub>1</sub>)?</p>
<choiceInteraction responseIdentifier="RESPONSE" shuffle="false" maxChoices="1">
<simpleChoice identifier="alt_321534">
<div class="textblock tvblock tvcss_1"><div class="rte_zone tveditor1">
 0,12
</div>
</div>
</simpleChoice>
<simpleChoice identifier="alt_458992">
<div class="textblock tvblock tvcss_1"><div class="rte_zone tveditor1">
 0,28
</div>
</div>
</simpleChoice>
<simpleChoice identifier="alt_187444">
<div class="textblock tvblock tvcss_1"><div class="rte_zone tveditor1">
 0,32
</div>
</div>
</simpleChoice>
<simpleChoice identifier="alt_901250">
<div class="textblock tvblock tvcss_1"><div class="rte_zone tveditor1">
 0,44
</div>
</div>
</simpleChoice>
</choiceInteraction>
</itemBody>
<responseProcessing>
<responseCondition>
<responseIf>
<isNull>
<variable identifier="RESPONSE"/>
</isNull>
<setOutcomeValue identifier="SCORE">
<baseValue baseType="float">0.0</baseValue>
</setOutcomeValue>
<setOutcomeValue identifier="FEEDBACK">
<baseValue baseType="identifier">FAILURE</baseValue>
</setOutcomeValue>
</responseIf>
<responseElse>
<setOutcomeValue identifier="SCORE">
<mapResponse identifier="RESPONSE"/>
</setOutcomeValue>
<responseCondition>
<responseIf>
<equal toleranceMode="relative" tolerance="0.001">
<variable identifier="SCORE"/>
<variable identifier="MAXSCORE"/>
</equal>
<setOutcomeValue identifier="FEEDBACK">
<baseValue baseType="identifier">ANSWER_CORRECT</baseValue>
</setOutcomeValue>
</responseIf>
<responseElse>
<setOutcomeValue identifier="FEEDBACK">
<baseValue baseType="identifier">FAILURE</baseValue>
</setOutcomeValue>
</responseElse>
</responseCondition>
</responseElse>
</responseCondition>
</responseProcessing>
<modalFeedback identifier="FAILURE" outcomeIdentifier="FEEDBACK" showHide="show">
<div class="textblock tvblock tvcss_1"><div class="rte_zone tveditor1">
<ul>
<li> 0,12 <br /> 0.12: Incorrect </li>
<li> 0,28 <br /> 0.28: Correct </li>
<li> 0,32 <br /> 0.32: Incorrect </li>
<li> 0,44 <br /> 0.44: Incorrect </li>
</ul>
</div>
</div>
</modalFeedback>
<modalFeedback identifier="ANSWER_CORRECT" outcomeIdentifier="FEEDBACK" showHide="show">
<div class="textblock tvblock tvcss_1"><div class="rte_zone tveditor1">
<ul>
<li> 0,12 <br /> 0.12: Incorrect </li>
<li> 0,28 <br /> 0.28: Correct </li>
<li> 0,32 <br /> 0.32: Incorrect </li>
<li> 0,44 <br /> 0.44: Incorrect </li>
</ul>
</div>
</div>
</modalFeedback>
<modalFeedback identifier="PARTIAL_CORRECT" outcomeIdentifier="FEEDBACK" showHide="show">
<div class="textblock tvblock tvcss_1"><div class="rte_zone tveditor1">
<ul>
<li> 0,12 <br /> 0.12: Incorrect </li>
<li> 0,28 <br /> 0.28: Correct </li>
<li> 0,32 <br /> 0.32: Incorrect </li>
<li> 0,44 <br /> 0.44: Incorrect </li>
</ul>
</div>
</div>
</modalFeedback>
</assessmentItem>
