<?xml version="1.0" encoding="UTF-8"?>
<assessmentItem xsi:schemaLocation="http://www.imsglobal.org/xsd/imsqti_v2p1 http://www.imsglobal.org/xsd/qti/qtiv2p1/imsqti_v2p1p1.xsd http://www.w3.org/1998/Math/MathML http://www.w3.org/Math/XMLSchema/mathml2/mathml2.xsd" identifier="vufsw-moderation-2099-en-ans_672191858_section_1_item_1_schoice" title="Inferential_Statistics_vufsw-moderation-2099-en_vufsw-moderation-2099-en_schoice_1" adaptive="false" timeDependent="false" xmlns="http://www.imsglobal.org/xsd/imsqti_v2p1" xmlns:xsi="http://www.w3.org/2001/XMLSchema-instance">
<responseDeclaration identifier="vufsw-moderation-2099-en-ans_672191858_section_1_item_1_schoice_RESPONSE_1_1424114" cardinality="single" baseType="identifier">
<correctResponse>
<value>vufsw-moderation-2099-en-ans_672191858_section_1_item_1_schoice_2_5013901023</value>
</correctResponse>
<mapping defaultValue="0" lowerBound="0.0">
<mapEntry mapKey="vufsw-moderation-2099-en-ans_672191858_section_1_item_1_schoice_1_6419287453" mappedValue="0"/>
<mapEntry mapKey="vufsw-moderation-2099-en-ans_672191858_section_1_item_1_schoice_2_5013901023" mappedValue="1"/>
<mapEntry mapKey="vufsw-moderation-2099-en-ans_672191858_section_1_item_1_schoice_3_1779761457" mappedValue="0"/>
<mapEntry mapKey="vufsw-moderation-2099-en-ans_672191858_section_1_item_1_schoice_4_4085868614" mappedValue="0"/>
</mapping>
</responseDeclaration>
<outcomeDeclaration identifier="SCORE" cardinality="single" baseType="float" normalMaximum="1" normalMinimum="0">
<defaultValue>
<value>0.0</value>
</defaultValue>
</outcomeDeclaration>
<outcomeDeclaration identifier="MAXSCORE" cardinality="single" baseType="float">
<defaultValue>
<value>1</value>
</defaultValue>
</outcomeDeclaration>
<outcomeDeclaration identifier="FEEDBACKBASIC" cardinality="single" baseType="identifier" view="testConstructor">
<defaultValue>
<value>empty</value>
</defaultValue>
</outcomeDeclaration>
<outcomeDeclaration identifier="FEEDBACKMODAL" cardinality="multiple" baseType="identifier" view="testConstructor"/>
<outcomeDeclaration identifier="SOLUTIONMODAL" cardinality="single" baseType="identifier" view="testConstructor"/>
<outcomeDeclaration identifier="MINSCORE" cardinality="single" baseType="float">
<defaultValue>
<value baseType="float">0</value>
</defaultValue>
</outcomeDeclaration>
<outcomeDeclaration identifier="SCORE_RESPONSE_1" cardinality="single" baseType="float">
<defaultValue>
<value>0.0</value>
</defaultValue>
</outcomeDeclaration>
<outcomeDeclaration identifier="MINSCORE_RESPONSE_1" cardinality="single" baseType="float">
<defaultValue>
<value>0.0</value>
</defaultValue>
</outcomeDeclaration>
<itemBody>
<p>We analyze data obtained from high school students in secondary education from the Youth &amp; Culture Data (Ganzeboom &amp; Nagel, 1998-2002). For this database, over 3,000 young people were surveyed in the age from roughly 14 to 17 years of age. In the regression analysis below, the participation in popular culture is the dependent variable (pjcul: 0-100, from little to much participation) and the independent variables maternal cultural participation (pmcul: 0-1, from least to most culturally active) and school level (in dummies, reference group = vmbo-b). Interactions between mothers’ cultural participation and school level.<br />
<img src="media/supplements1/Schermafbeelding__2019-02-04__om__10.54.16.png" /></p>
<p><img src="media/supplements1/Schermafbeelding__2019-02-04__om__10.54.30.png" />
According to model 3 in the sample, what is the difference in participation in popular culture between vmbo-b students and grammar school students with highly culturally active mothers (pmcul = 1)?</p>
<choiceInteraction responseIdentifier="vufsw-moderation-2099-en-ans_672191858_section_1_item_1_schoice_RESPONSE_1_1424114" shuffle="false" maxChoices="1">
<simpleChoice identifier="vufsw-moderation-2099-en-ans_672191858_section_1_item_1_schoice_1_6419287453">
<p>
 -0.077
</p>
</simpleChoice>
<simpleChoice identifier="vufsw-moderation-2099-en-ans_672191858_section_1_item_1_schoice_2_5013901023">
<p>
 -8.072
</p>
</simpleChoice>
<simpleChoice identifier="vufsw-moderation-2099-en-ans_672191858_section_1_item_1_schoice_3_1779761457">
<p>
 -19.307
</p>
</simpleChoice>
<simpleChoice identifier="vufsw-moderation-2099-en-ans_672191858_section_1_item_1_schoice_4_4085868614">
<p>
 11.235
</p>
</simpleChoice>
</choiceInteraction>
</itemBody>
<responseProcessing>
<setOutcomeValue identifier="SCORE_RESPONSE_1">
<sum>
<variable identifier="SCORE_RESPONSE_1"/>
<mapResponse identifier="vufsw-moderation-2099-en-ans_672191858_section_1_item_1_schoice_RESPONSE_1_1424114"/>
</sum>
</setOutcomeValue>
<responseCondition>
<responseIf>
<lt>
<variable identifier="SCORE_RESPONSE_1"/>
<variable identifier="MINSCORE_RESPONSE_1"/>
</lt>
<setOutcomeValue identifier="SCORE_RESPONSE_1">
<variable identifier="MINSCORE_RESPONSE_1"/>
</setOutcomeValue>
</responseIf>
</responseCondition>
<responseCondition>
<responseIf>
<isNull>
<variable identifier="vufsw-moderation-2099-en-ans_672191858_section_1_item_1_schoice_RESPONSE_1_1424114"/>
</isNull>
<setOutcomeValue identifier="SCORE_RESPONSE_1">
<sum>
<variable identifier="SCORE_RESPONSE_1"/>
<baseValue baseType="float">0</baseValue>
</sum>
</setOutcomeValue>
</responseIf>
</responseCondition>
<setOutcomeValue identifier="SCORE">
<sum>
<variable identifier="SCORE_RESPONSE_1"/>
</sum>
</setOutcomeValue>
<responseCondition>
<responseIf>
<lt>
<variable identifier="SCORE"/>
<variable identifier="MINSCORE"/>
</lt>
<setOutcomeValue identifier="SCORE">
<variable identifier="MINSCORE"/>
</setOutcomeValue>
</responseIf>
</responseCondition>
<responseCondition>
<responseIf>
<lt>
<variable identifier="SCORE"/>
<baseValue baseType="float">1</baseValue>
</lt>
<setOutcomeValue identifier="FEEDBACKMODAL">
<multiple>
<variable identifier="FEEDBACKMODAL"/>
<baseValue baseType="identifier">Feedback103813567</baseValue>
</multiple>
</setOutcomeValue>
</responseIf>
</responseCondition>
</responseProcessing>
<modalFeedback outcomeIdentifier="FEEDBACK" showHide="show" identifier="incorrect">
<ul>
<li> -0.077 <br /> False </li>
<li> -8.072 <br /> True </li>
<li> -19.307 <br /> False </li>
<li> 11.235 <br /> False </li>
</ul>
</modalFeedback>
</assessmentItem>
