<?xml version="1.0" encoding="UTF-8"?>
<assessmentItem xsi:schemaLocation="http://www.imsglobal.org/xsd/imsqti_v2p1 http://www.imsglobal.org/xsd/qti/qtiv2p1/imsqti_v2p1p1.xsd http://www.w3.org/1998/Math/MathML http://www.w3.org/Math/XMLSchema/mathml2/mathml2.xsd" identifier="vufgb-multinomiallogisticregression-004-en-ans_193182384_section_1_item_1_schoice" title="Inferential_Statistics_vufgb-multinomiallogisticregression-004-en_vufgb-multinomiallogisticregression-004-en_schoice_1" adaptive="false" timeDependent="false" xmlns="http://www.imsglobal.org/xsd/imsqti_v2p1" xmlns:xsi="http://www.w3.org/2001/XMLSchema-instance">
<responseDeclaration identifier="vufgb-multinomiallogisticregression-004-en-ans_193182384_section_1_item_1_schoice_RESPONSE_1_2467002" cardinality="single" baseType="identifier">
<correctResponse>
<value>vufgb-multinomiallogisticregression-004-en-ans_193182384_section_1_item_1_schoice_4_5312172817</value>
</correctResponse>
<mapping defaultValue="0" lowerBound="0.0">
<mapEntry mapKey="vufgb-multinomiallogisticregression-004-en-ans_193182384_section_1_item_1_schoice_1_8231246284" mappedValue="0"/>
<mapEntry mapKey="vufgb-multinomiallogisticregression-004-en-ans_193182384_section_1_item_1_schoice_2_8139510185" mappedValue="0"/>
<mapEntry mapKey="vufgb-multinomiallogisticregression-004-en-ans_193182384_section_1_item_1_schoice_3_2839407297" mappedValue="0"/>
<mapEntry mapKey="vufgb-multinomiallogisticregression-004-en-ans_193182384_section_1_item_1_schoice_4_5312172817" mappedValue="1"/>
</mapping>
</responseDeclaration>
<outcomeDeclaration identifier="SCORE" cardinality="single" baseType="float" normalMaximum="1" normalMinimum="0">
<defaultValue>
<value>0.0</value>
</defaultValue>
</outcomeDeclaration>
<outcomeDeclaration identifier="MAXSCORE" cardinality="single" baseType="float">
<defaultValue>
<value>1</value>
</defaultValue>
</outcomeDeclaration>
<outcomeDeclaration identifier="FEEDBACKBASIC" cardinality="single" baseType="identifier" view="testConstructor">
<defaultValue>
<value>empty</value>
</defaultValue>
</outcomeDeclaration>
<outcomeDeclaration identifier="FEEDBACKMODAL" cardinality="multiple" baseType="identifier" view="testConstructor"/>
<outcomeDeclaration identifier="SOLUTIONMODAL" cardinality="single" baseType="identifier" view="testConstructor"/>
<outcomeDeclaration identifier="MINSCORE" cardinality="single" baseType="float">
<defaultValue>
<value baseType="float">0</value>
</defaultValue>
</outcomeDeclaration>
<outcomeDeclaration identifier="SCORE_RESPONSE_1" cardinality="single" baseType="float">
<defaultValue>
<value>0.0</value>
</defaultValue>
</outcomeDeclaration>
<outcomeDeclaration identifier="MINSCORE_RESPONSE_1" cardinality="single" baseType="float">
<defaultValue>
<value>0.0</value>
</defaultValue>
</outcomeDeclaration>
<itemBody>
<p>A dataset contains three categorical variables measured in a sample of teachers working in elementary school in Utrecht: Education (<span class="math inline">\(X_{1};\;0 = reguliere\;PABO,\;1 = universitaire\;PABO\)</span>), Type of class (<span class="math inline">\(X_{2};\;0 = Onderbouw,\;1 = Middenbouw,\;2 = Bovenbouw\)</span>) and Type of school (<span class="math inline">\(Y;\;0 = Openbaar,\;1 = Confessioneel\;bijzonder,\;2 = Algemeen\;bijzonder\)</span>).</p>
<p>What type of analysis can be used to examine whether there is a relationship between Education and Type of School, statistically controlled for Type of Class?</p>
<choiceInteraction responseIdentifier="vufgb-multinomiallogisticregression-004-en-ans_193182384_section_1_item_1_schoice_RESPONSE_1_2467002" shuffle="false" maxChoices="1">
<simpleChoice identifier="vufgb-multinomiallogisticregression-004-en-ans_193182384_section_1_item_1_schoice_1_8231246284">
<p>
 Ordinal logistic regression with interaction.
</p>
</simpleChoice>
<simpleChoice identifier="vufgb-multinomiallogisticregression-004-en-ans_193182384_section_1_item_1_schoice_2_8139510185">
<p>
 Ordinal logistic regression without interaction.
</p>
</simpleChoice>
<simpleChoice identifier="vufgb-multinomiallogisticregression-004-en-ans_193182384_section_1_item_1_schoice_3_2839407297">
<p>
 Multinomial logistic regression with interaction.
</p>
</simpleChoice>
<simpleChoice identifier="vufgb-multinomiallogisticregression-004-en-ans_193182384_section_1_item_1_schoice_4_5312172817">
<p>
 Multinomial logistic regression without interaction.
</p>
</simpleChoice>
</choiceInteraction>
</itemBody>
<responseProcessing>
<setOutcomeValue identifier="SCORE_RESPONSE_1">
<sum>
<variable identifier="SCORE_RESPONSE_1"/>
<mapResponse identifier="vufgb-multinomiallogisticregression-004-en-ans_193182384_section_1_item_1_schoice_RESPONSE_1_2467002"/>
</sum>
</setOutcomeValue>
<responseCondition>
<responseIf>
<lt>
<variable identifier="SCORE_RESPONSE_1"/>
<variable identifier="MINSCORE_RESPONSE_1"/>
</lt>
<setOutcomeValue identifier="SCORE_RESPONSE_1">
<variable identifier="MINSCORE_RESPONSE_1"/>
</setOutcomeValue>
</responseIf>
</responseCondition>
<responseCondition>
<responseIf>
<isNull>
<variable identifier="vufgb-multinomiallogisticregression-004-en-ans_193182384_section_1_item_1_schoice_RESPONSE_1_2467002"/>
</isNull>
<setOutcomeValue identifier="SCORE_RESPONSE_1">
<sum>
<variable identifier="SCORE_RESPONSE_1"/>
<baseValue baseType="float">0</baseValue>
</sum>
</setOutcomeValue>
</responseIf>
</responseCondition>
<setOutcomeValue identifier="SCORE">
<sum>
<variable identifier="SCORE_RESPONSE_1"/>
</sum>
</setOutcomeValue>
<responseCondition>
<responseIf>
<lt>
<variable identifier="SCORE"/>
<variable identifier="MINSCORE"/>
</lt>
<setOutcomeValue identifier="SCORE">
<variable identifier="MINSCORE"/>
</setOutcomeValue>
</responseIf>
</responseCondition>
<responseCondition>
<responseIf>
<lt>
<variable identifier="SCORE"/>
<baseValue baseType="float">1</baseValue>
</lt>
<setOutcomeValue identifier="FEEDBACKMODAL">
<multiple>
<variable identifier="FEEDBACKMODAL"/>
<baseValue baseType="identifier">Feedback701987212</baseValue>
</multiple>
</setOutcomeValue>
</responseIf>
</responseCondition>
</responseProcessing>
<modalFeedback outcomeIdentifier="FEEDBACK" showHide="show" identifier="incorrect">
<ul>
<li> Ordinal logistic regression with interaction. <br /> Incorrect </li>
<li> Ordinal logistic regression without interaction. <br /> Incorrect </li>
<li> Multinomial logistic regression with interaction. <br /> Incorrect </li>
<li> Multinomial logistic regression without interaction. <br /> Correct </li>
</ul>
</modalFeedback>
</assessmentItem>
