<?xml version="1.0" encoding="UTF-8"?>
<assessmentItem xsi:schemaLocation="http://www.imsglobal.org/xsd/imsqti_v2p1 http://www.imsglobal.org/xsd/qti/qtiv2p1/imsqti_v2p1p1.xsd http://www.w3.org/1998/Math/MathML http://www.w3.org/Math/XMLSchema/mathml2/mathml2.xsd" identifier="uva-multiplication-rule-663-nl-qti_856890930_section_1_item_1_schoice" title="1" adaptive="false" timeDependent="false" xmlns="http://www.imsglobal.org/xsd/imsqti_v2p1" xmlns:xsi="http://www.w3.org/2001/XMLSchema-instance">
<responseDeclaration identifier="uva-multiplication-rule-663-nl-qti_856890930_section_1_item_1_schoice_RESPONSE_1_5977606" cardinality="single" baseType="identifier">
<correctResponse>
<value>uva-multiplication-rule-663-nl-qti_856890930_section_1_item_1_schoice_5_1674395391</value>
</correctResponse>
<mapping defaultValue="0" lowerBound="0.0">
<mapEntry mapKey="uva-multiplication-rule-663-nl-qti_856890930_section_1_item_1_schoice_1_7325762360" mappedValue="0"/>
<mapEntry mapKey="uva-multiplication-rule-663-nl-qti_856890930_section_1_item_1_schoice_2_2164242989" mappedValue="0"/>
<mapEntry mapKey="uva-multiplication-rule-663-nl-qti_856890930_section_1_item_1_schoice_3_4114761572" mappedValue="0"/>
<mapEntry mapKey="uva-multiplication-rule-663-nl-qti_856890930_section_1_item_1_schoice_4_6986560326" mappedValue="0"/>
<mapEntry mapKey="uva-multiplication-rule-663-nl-qti_856890930_section_1_item_1_schoice_5_1674395391" mappedValue="1"/>
</mapping>
</responseDeclaration>
<outcomeDeclaration identifier="SCORE" cardinality="single" baseType="float" normalMaximum="1" normalMinimum="0">
<defaultValue>
<value>0.0</value>
</defaultValue>
</outcomeDeclaration>
<outcomeDeclaration identifier="MAXSCORE" cardinality="single" baseType="float">
<defaultValue>
<value>1</value>
</defaultValue>
</outcomeDeclaration>
<outcomeDeclaration identifier="FEEDBACKBASIC" cardinality="single" baseType="identifier" view="testConstructor">
<defaultValue>
<value>empty</value>
</defaultValue>
</outcomeDeclaration>
<outcomeDeclaration identifier="FEEDBACKMODAL" cardinality="multiple" baseType="identifier" view="testConstructor"/>
<outcomeDeclaration identifier="SOLUTIONMODAL" cardinality="single" baseType="identifier" view="testConstructor"/>
<outcomeDeclaration identifier="MINSCORE" cardinality="single" baseType="float">
<defaultValue>
<value baseType="float">0</value>
</defaultValue>
</outcomeDeclaration>
<outcomeDeclaration identifier="SCORE_RESPONSE_1" cardinality="single" baseType="float">
<defaultValue>
<value>0.0</value>
</defaultValue>
</outcomeDeclaration>
<outcomeDeclaration identifier="MINSCORE_RESPONSE_1" cardinality="single" baseType="float">
<defaultValue>
<value>0.0</value>
</defaultValue>
</outcomeDeclaration>
<itemBody>
<p>Een eerste vaas bevat twee witte en drie zwarte balletjes, een tweede
vaas drie witte en één zwarte. Als je aselect één van beide vazen kiest
en je daaruit een balletje trekt, hoe groot is dan de kans dat dit
balletje wit is?</p>
<choiceInteraction responseIdentifier="uva-multiplication-rule-663-nl-qti_856890930_section_1_item_1_schoice_RESPONSE_1_5977606" shuffle="false" maxChoices="1">
<simpleChoice identifier="uva-multiplication-rule-663-nl-qti_856890930_section_1_item_1_schoice_1_7325762360">
<p>
 3/4
</p>
</simpleChoice>
<simpleChoice identifier="uva-multiplication-rule-663-nl-qti_856890930_section_1_item_1_schoice_2_2164242989">
<p>
 3/5
</p>
</simpleChoice>
<simpleChoice identifier="uva-multiplication-rule-663-nl-qti_856890930_section_1_item_1_schoice_3_4114761572">
<p>
 5/9
</p>
</simpleChoice>
<simpleChoice identifier="uva-multiplication-rule-663-nl-qti_856890930_section_1_item_1_schoice_4_6986560326">
<p>
 3/10
</p>
</simpleChoice>
<simpleChoice identifier="uva-multiplication-rule-663-nl-qti_856890930_section_1_item_1_schoice_5_1674395391">
<p>
 23/40
</p>
</simpleChoice>
</choiceInteraction>
</itemBody>
<responseProcessing>
<setOutcomeValue identifier="SCORE_RESPONSE_1">
<sum>
<variable identifier="SCORE_RESPONSE_1"/>
<mapResponse identifier="uva-multiplication-rule-663-nl-qti_856890930_section_1_item_1_schoice_RESPONSE_1_5977606"/>
</sum>
</setOutcomeValue>
<responseCondition>
<responseIf>
<lt>
<variable identifier="SCORE_RESPONSE_1"/>
<variable identifier="MINSCORE_RESPONSE_1"/>
</lt>
<setOutcomeValue identifier="SCORE_RESPONSE_1">
<variable identifier="MINSCORE_RESPONSE_1"/>
</setOutcomeValue>
</responseIf>
</responseCondition>
<responseCondition>
<responseIf>
<isNull>
<variable identifier="uva-multiplication-rule-663-nl-qti_856890930_section_1_item_1_schoice_RESPONSE_1_5977606"/>
</isNull>
<setOutcomeValue identifier="SCORE_RESPONSE_1">
<sum>
<variable identifier="SCORE_RESPONSE_1"/>
<baseValue baseType="float">0</baseValue>
</sum>
</setOutcomeValue>
</responseIf>
</responseCondition>
<setOutcomeValue identifier="SCORE">
<sum>
<variable identifier="SCORE_RESPONSE_1"/>
</sum>
</setOutcomeValue>
<responseCondition>
<responseIf>
<lt>
<variable identifier="SCORE"/>
<variable identifier="MINSCORE"/>
</lt>
<setOutcomeValue identifier="SCORE">
<variable identifier="MINSCORE"/>
</setOutcomeValue>
</responseIf>
</responseCondition>
<responseCondition>
<responseIf>
<lt>
<variable identifier="SCORE"/>
<baseValue baseType="float">1</baseValue>
</lt>
<setOutcomeValue identifier="FEEDBACKMODAL">
<multiple>
<variable identifier="FEEDBACKMODAL"/>
<baseValue baseType="identifier">Feedback605355317</baseValue>
</multiple>
</setOutcomeValue>
</responseIf>
</responseCondition>
</responseProcessing>
<modalFeedback identifier="Feedback605355317" outcomeIdentifier="FEEDBACKMODAL" showHide="show">
<ul>
<li> 3/4 <br /> 3/4: Incorrect </li>
<li> 3/5 <br /> 3/5: Incorrect </li>
<li> 5/9 <br /> 5/9: Incorrect </li>
<li> 3/10 <br /> 3/10: Incorrect </li>
<li> 23/40 <br /> 23/40: Correct </li>
</ul>
</modalFeedback>
</assessmentItem>
