<?xml version="1.0" encoding="UTF-8"?>
<assessmentItem xsi:schemaLocation="http://www.imsglobal.org/xsd/imsqti_v2p1 http://www.imsglobal.org/xsd/qti/qtiv2p1/imsqti_v2p1p1.xsd http://www.w3.org/1998/Math/MathML http://www.w3.org/Math/XMLSchema/mathml2/mathml2.xsd" identifier="vufsw-proportion-1279-nl-ans_864933941_section_1_item_1_schoice" title="Descriptive-statistics_vufsw-proportion-1279-nl_vufsw-proportion-1279-nl_schoice_1" adaptive="false" timeDependent="false" xmlns="http://www.imsglobal.org/xsd/imsqti_v2p1" xmlns:xsi="http://www.w3.org/2001/XMLSchema-instance">
<responseDeclaration identifier="vufsw-proportion-1279-nl-ans_864933941_section_1_item_1_schoice_RESPONSE_1_9250441" cardinality="single" baseType="identifier">
<correctResponse>
<value>vufsw-proportion-1279-nl-ans_864933941_section_1_item_1_schoice_4_4595167855</value>
</correctResponse>
<mapping defaultValue="0" lowerBound="0.0">
<mapEntry mapKey="vufsw-proportion-1279-nl-ans_864933941_section_1_item_1_schoice_1_1142745541" mappedValue="0"/>
<mapEntry mapKey="vufsw-proportion-1279-nl-ans_864933941_section_1_item_1_schoice_2_7830326672" mappedValue="0"/>
<mapEntry mapKey="vufsw-proportion-1279-nl-ans_864933941_section_1_item_1_schoice_3_1764356215" mappedValue="0"/>
<mapEntry mapKey="vufsw-proportion-1279-nl-ans_864933941_section_1_item_1_schoice_4_4595167855" mappedValue="1"/>
<mapEntry mapKey="vufsw-proportion-1279-nl-ans_864933941_section_1_item_1_schoice_5_1881286910" mappedValue="0"/>
</mapping>
</responseDeclaration>
<outcomeDeclaration identifier="SCORE" cardinality="single" baseType="float" normalMaximum="1" normalMinimum="0">
<defaultValue>
<value>0.0</value>
</defaultValue>
</outcomeDeclaration>
<outcomeDeclaration identifier="MAXSCORE" cardinality="single" baseType="float">
<defaultValue>
<value>1</value>
</defaultValue>
</outcomeDeclaration>
<outcomeDeclaration identifier="FEEDBACKBASIC" cardinality="single" baseType="identifier" view="testConstructor">
<defaultValue>
<value>empty</value>
</defaultValue>
</outcomeDeclaration>
<outcomeDeclaration identifier="FEEDBACKMODAL" cardinality="multiple" baseType="identifier" view="testConstructor"/>
<outcomeDeclaration identifier="SOLUTIONMODAL" cardinality="single" baseType="identifier" view="testConstructor"/>
<outcomeDeclaration identifier="MINSCORE" cardinality="single" baseType="float">
<defaultValue>
<value baseType="float">0</value>
</defaultValue>
</outcomeDeclaration>
<outcomeDeclaration identifier="SCORE_RESPONSE_1" cardinality="single" baseType="float">
<defaultValue>
<value>0.0</value>
</defaultValue>
</outcomeDeclaration>
<outcomeDeclaration identifier="MINSCORE_RESPONSE_1" cardinality="single" baseType="float">
<defaultValue>
<value>0.0</value>
</defaultValue>
</outcomeDeclaration>
<itemBody>
<p>Het gemiddelde inkomen van een grote steekproef van studenten die allemaal bij een advocatenkantoor werken is 500 euro (per maand), met een standaardafwijking van 100 euro. advocatenkantoor werken is 500 euro (per maand), met een standaardafwijking van 100 euro. Het gemiddelde inkomen is normaal verdeeld. Wat is het aandeel van studenten met een inkomen hoger dan 450 euro per maand?</p>
<choiceInteraction responseIdentifier="vufsw-proportion-1279-nl-ans_864933941_section_1_item_1_schoice_RESPONSE_1_9250441" shuffle="false" maxChoices="1">
<simpleChoice identifier="vufsw-proportion-1279-nl-ans_864933941_section_1_item_1_schoice_1_1142745541">
<p>
 0.56
</p>
</simpleChoice>
<simpleChoice identifier="vufsw-proportion-1279-nl-ans_864933941_section_1_item_1_schoice_2_7830326672">
<p>
 0.50
</p>
</simpleChoice>
<simpleChoice identifier="vufsw-proportion-1279-nl-ans_864933941_section_1_item_1_schoice_3_1764356215">
<p>
 0.31
</p>
</simpleChoice>
<simpleChoice identifier="vufsw-proportion-1279-nl-ans_864933941_section_1_item_1_schoice_4_4595167855">
<p>
 0.69
</p>
</simpleChoice>
<simpleChoice identifier="vufsw-proportion-1279-nl-ans_864933941_section_1_item_1_schoice_5_1881286910">
<p>
 0.85
</p>
</simpleChoice>
</choiceInteraction>
</itemBody>
<responseProcessing>
<setOutcomeValue identifier="SCORE_RESPONSE_1">
<sum>
<variable identifier="SCORE_RESPONSE_1"/>
<mapResponse identifier="vufsw-proportion-1279-nl-ans_864933941_section_1_item_1_schoice_RESPONSE_1_9250441"/>
</sum>
</setOutcomeValue>
<responseCondition>
<responseIf>
<lt>
<variable identifier="SCORE_RESPONSE_1"/>
<variable identifier="MINSCORE_RESPONSE_1"/>
</lt>
<setOutcomeValue identifier="SCORE_RESPONSE_1">
<variable identifier="MINSCORE_RESPONSE_1"/>
</setOutcomeValue>
</responseIf>
</responseCondition>
<responseCondition>
<responseIf>
<isNull>
<variable identifier="vufsw-proportion-1279-nl-ans_864933941_section_1_item_1_schoice_RESPONSE_1_9250441"/>
</isNull>
<setOutcomeValue identifier="SCORE_RESPONSE_1">
<sum>
<variable identifier="SCORE_RESPONSE_1"/>
<baseValue baseType="float">0</baseValue>
</sum>
</setOutcomeValue>
</responseIf>
</responseCondition>
<setOutcomeValue identifier="SCORE">
<sum>
<variable identifier="SCORE_RESPONSE_1"/>
</sum>
</setOutcomeValue>
<responseCondition>
<responseIf>
<lt>
<variable identifier="SCORE"/>
<variable identifier="MINSCORE"/>
</lt>
<setOutcomeValue identifier="SCORE">
<variable identifier="MINSCORE"/>
</setOutcomeValue>
</responseIf>
</responseCondition>
<responseCondition>
<responseIf>
<lt>
<variable identifier="SCORE"/>
<baseValue baseType="float">1</baseValue>
</lt>
<setOutcomeValue identifier="FEEDBACKMODAL">
<multiple>
<variable identifier="FEEDBACKMODAL"/>
<baseValue baseType="identifier">Feedback661649015</baseValue>
</multiple>
</setOutcomeValue>
</responseIf>
</responseCondition>
</responseProcessing>
<modalFeedback outcomeIdentifier="FEEDBACK" showHide="show" identifier="incorrect">
<p>z = (450-500)/100 = 0,500 (het is een halve sd van het gemiddelde). De Z-score Tabel toont voor z = 0,50 het cijfer 0,3085. Dit is de kans op een inkomen lager dan 450. Dus de kans op een inkomen hoger dan 450 euro per maand is 1-0,3085= 0,6915.</p>
<p>Als je meer wilt weten over hoe je dit berekent, kijk dan hier
<a href="https://www.youtube.com/watch?v=xdHDE_RD6_c&amp;index=7&amp;list=PLyLpEs0x9BnlQ9yc8ZJd6KDm2TGxMYbLV">clip</a></p>
<p>Taal Nederlands</p>
<p>Moeilijkheidsniveaus Gemiddeld</p>
<p>M&amp;T BIS Standaardwaarde</p>
<p>M&amp;T Verdelingen Standaardwaarde</p>
<br />
<ul>
<li> 0.56 <br /> Onwaar </li>
<li> 0.50 <br /> Onwaar </li>
<li> 0.31 <br /> Onwaar </li>
<li> 0.69 <br /> Waar </li>
<li> 0.85 <br /> Onwaar </li>
</ul>
</modalFeedback>
</assessmentItem>
