<?xml version="1.0" encoding="utf-8" standalone="yes"?>
<assessmentItem identifier="vufgb-rsquared-016-nl-tv_202307180612_item_1_schoice" title="vufgb-rsquared-016-nl-tv_202307180612_item_1_schoice_vufgb-rsquared-016-nl" adaptive="false" timeDependent="false" toolName="Testvision Online" toolVersion="39.0.9084" xmlns="http://www.imsglobal.org/xsd/imsqti_v2p1">
<responseDeclaration identifier="RESPONSE" cardinality="single" baseType="identifier">
<correctResponse>
<value>alt_182365</value>
</correctResponse>
<mapping defaultValue="0" lowerBound="0.0">
<mapEntry mapKey="alt_625166" mappedValue="-0.333333333333333"/>
<mapEntry mapKey="alt_216822" mappedValue="-0.333333333333333"/>
<mapEntry mapKey="alt_912238" mappedValue="-0.333333333333333"/>
<mapEntry mapKey="alt_182365" mappedValue="1"/>
</mapping>
</responseDeclaration>
<outcomeDeclaration identifier="SCORE" cardinality="single" baseType="float" normalMaximum="1" normalMinimum="0" />
<outcomeDeclaration identifier="FEEDBACK" cardinality="single" baseType="identifier" />
<itemBody>
<p>Wanneer is de proportie verklaarde variantie (<math display="inline" xmlns="http://www.w3.org/1998/Math/MathML"><semantics><msup><mi>R</mi><mn>2</mn></msup><annotation encoding="application/x-tex">R^{2}</annotation></semantics></math>) in een multipele regressieanalyse gelijk aan 1?</p>
<choiceInteraction responseIdentifier="RESPONSE" shuffle="false" maxChoices="1">
<simpleChoice identifier="alt_625166">
<div class="textblock tvblock tvcss_1"><div class="rte_zone tveditor1">
 Als TSS=1
</div>
</div>
</simpleChoice>
<simpleChoice identifier="alt_216822">
<div class="textblock tvblock tvcss_1"><div class="rte_zone tveditor1">
 Als TSS=0
</div>
</div>
</simpleChoice>
<simpleChoice identifier="alt_912238">
<div class="textblock tvblock tvcss_1"><div class="rte_zone tveditor1">
 Als SSE=1
</div>
</div>
</simpleChoice>
<simpleChoice identifier="alt_182365">
<div class="textblock tvblock tvcss_1"><div class="rte_zone tveditor1">
 Als SSE=0
</div>
</div>
</simpleChoice>
</choiceInteraction>
</itemBody>
<responseProcessing>
<responseCondition>
<responseIf>
<isNull>
<variable identifier="RESPONSE"/>
</isNull>
<setOutcomeValue identifier="SCORE">
<baseValue baseType="float">0.0</baseValue>
</setOutcomeValue>
<setOutcomeValue identifier="FEEDBACK">
<baseValue baseType="identifier">FAILURE</baseValue>
</setOutcomeValue>
</responseIf>
<responseElse>
<setOutcomeValue identifier="SCORE">
<mapResponse identifier="RESPONSE"/>
</setOutcomeValue>
<responseCondition>
<responseIf>
<equal toleranceMode="relative" tolerance="0.001">
<variable identifier="SCORE"/>
<variable identifier="MAXSCORE"/>
</equal>
<setOutcomeValue identifier="FEEDBACK">
<baseValue baseType="identifier">ANSWER_CORRECT</baseValue>
</setOutcomeValue>
</responseIf>
<responseElse>
<setOutcomeValue identifier="FEEDBACK">
<baseValue baseType="identifier">FAILURE</baseValue>
</setOutcomeValue>
</responseElse>
</responseCondition>
</responseElse>
</responseCondition>
</responseProcessing>
<modalFeedback identifier="FAILURE" outcomeIdentifier="FEEDBACK" showHide="show">
<div class="textblock tvblock tvcss_1"><div class="rte_zone tveditor1">
 Als TSS=1 <br /> Incorrect 
 Als TSS=0 <br /> Incorrect 
 Als SSE=1 <br /> Incorrect 
 Als SSE=0 <br /> Correct 
</div>
</div>
</modalFeedback>
<modalFeedback identifier="ANSWER_CORRECT" outcomeIdentifier="FEEDBACK" showHide="show">
<div class="textblock tvblock tvcss_1"><div class="rte_zone tveditor1">
 Als TSS=1 <br /> Incorrect 
 Als TSS=0 <br /> Incorrect 
 Als SSE=1 <br /> Incorrect 
 Als SSE=0 <br /> Correct 
</div>
</div>
</modalFeedback>
<modalFeedback identifier="PARTIAL_CORRECT" outcomeIdentifier="FEEDBACK" showHide="show">
<div class="textblock tvblock tvcss_1"><div class="rte_zone tveditor1">
 Als TSS=1 <br /> Incorrect 
 Als TSS=0 <br /> Incorrect 
 Als SSE=1 <br /> Incorrect 
 Als SSE=0 <br /> Correct 
</div>
</div>
</modalFeedback>
</assessmentItem>
