<?xml version="1.0" encoding="utf-8" standalone="yes"?>
<assessmentItem identifier="vufgb-multicolinearity-001-nl-tv_202307180612_item_1_schoice" title="vufgb-multicolinearity-001-nl-tv_202307180612_item_1_schoice_vufgb-multicolinearity-001-nl" adaptive="false" timeDependent="false" toolName="Testvision Online" toolVersion="39.0.9084" xmlns="http://www.imsglobal.org/xsd/imsqti_v2p1">
<responseDeclaration identifier="RESPONSE" cardinality="single" baseType="identifier">
<correctResponse>
<value>alt_597876</value>
</correctResponse>
<mapping defaultValue="0" lowerBound="0.0">
<mapEntry mapKey="alt_597876" mappedValue="1"/>
<mapEntry mapKey="alt_854279" mappedValue="-0.333333333333333"/>
<mapEntry mapKey="alt_501069" mappedValue="-0.333333333333333"/>
<mapEntry mapKey="alt_257747" mappedValue="-0.333333333333333"/>
</mapping>
</responseDeclaration>
<outcomeDeclaration identifier="SCORE" cardinality="single" baseType="float" normalMaximum="1" normalMinimum="0" />
<outcomeDeclaration identifier="FEEDBACK" cardinality="single" baseType="identifier" />
<itemBody>
<p>Onderstaand Venn-diagram geeft weer welk deel van de variantie in y verklaard wordt door de twee predictoren x1 en x2. Welke conclusie over het Venn-diagram is juist?</p>
<p><img src="mediafiles/supplements1/vufgb-multicolinearity-001-nl-graph-01.png" alt="image"/></p>
<choiceInteraction responseIdentifier="RESPONSE" shuffle="false" maxChoices="1">
<simpleChoice identifier="alt_597876">
<div class="textblock tvblock tvcss_1"><div class="rte_zone tveditor1">
 Er is nauwelijks sprake van multicollineariteit.
</div>
</div>
</simpleChoice>
<simpleChoice identifier="alt_854279">
<div class="textblock tvblock tvcss_1"><div class="rte_zone tveditor1">
 Er is sprake van een lage coëfficiënt van multipele determinatie R^{2}.
</div>
</div>
</simpleChoice>
<simpleChoice identifier="alt_501069">
<div class="textblock tvblock tvcss_1"><div class="rte_zone tveditor1">
 Er is sprake van een lage multipele correlatie <em>R</em>.
</div>
</div>
</simpleChoice>
<simpleChoice identifier="alt_257747">
<div class="textblock tvblock tvcss_1"><div class="rte_zone tveditor1">
 Er is sprake van aanzienlijke interactie.
</div>
</div>
</simpleChoice>
</choiceInteraction>
</itemBody>
<responseProcessing>
<responseCondition>
<responseIf>
<isNull>
<variable identifier="RESPONSE"/>
</isNull>
<setOutcomeValue identifier="SCORE">
<baseValue baseType="float">0.0</baseValue>
</setOutcomeValue>
<setOutcomeValue identifier="FEEDBACK">
<baseValue baseType="identifier">FAILURE</baseValue>
</setOutcomeValue>
</responseIf>
<responseElse>
<setOutcomeValue identifier="SCORE">
<mapResponse identifier="RESPONSE"/>
</setOutcomeValue>
<responseCondition>
<responseIf>
<equal toleranceMode="relative" tolerance="0.001">
<variable identifier="SCORE"/>
<variable identifier="MAXSCORE"/>
</equal>
<setOutcomeValue identifier="FEEDBACK">
<baseValue baseType="identifier">ANSWER_CORRECT</baseValue>
</setOutcomeValue>
</responseIf>
<responseElse>
<setOutcomeValue identifier="FEEDBACK">
<baseValue baseType="identifier">FAILURE</baseValue>
</setOutcomeValue>
</responseElse>
</responseCondition>
</responseElse>
</responseCondition>
</responseProcessing>
<modalFeedback identifier="FAILURE" outcomeIdentifier="FEEDBACK" showHide="show">
<div class="textblock tvblock tvcss_1"><div class="rte_zone tveditor1">
 Er is nauwelijks sprake van multicollineariteit. <br /> Correct 
 Er is sprake van een lage coëfficiënt van multipele determinatie R^{2}. <br /> Incorrect 
 Er is sprake van een lage multipele correlatie <em>R</em>. <br /> Incorrect 
 Er is sprake van aanzienlijke interactie. <br /> Incorrect 
</div>
</div>
</modalFeedback>
<modalFeedback identifier="ANSWER_CORRECT" outcomeIdentifier="FEEDBACK" showHide="show">
<div class="textblock tvblock tvcss_1"><div class="rte_zone tveditor1">
 Er is nauwelijks sprake van multicollineariteit. <br /> Correct 
 Er is sprake van een lage coëfficiënt van multipele determinatie R^{2}. <br /> Incorrect 
 Er is sprake van een lage multipele correlatie <em>R</em>. <br /> Incorrect 
 Er is sprake van aanzienlijke interactie. <br /> Incorrect 
</div>
</div>
</modalFeedback>
<modalFeedback identifier="PARTIAL_CORRECT" outcomeIdentifier="FEEDBACK" showHide="show">
<div class="textblock tvblock tvcss_1"><div class="rte_zone tveditor1">
 Er is nauwelijks sprake van multicollineariteit. <br /> Correct 
 Er is sprake van een lage coëfficiënt van multipele determinatie R^{2}. <br /> Incorrect 
 Er is sprake van een lage multipele correlatie <em>R</em>. <br /> Incorrect 
 Er is sprake van aanzienlijke interactie. <br /> Incorrect 
</div>
</div>
</modalFeedback>
</assessmentItem>
