<?xml version="1.0" encoding="utf-8" standalone="yes"?>
<assessmentItem identifier="vufgb-onewayanova-002-nl-tv_202307180609_item_1_schoice" title="vufgb-onewayanova-002-nl-tv_202307180609_item_1_schoice_vufgb-onewayanova-002-nl" adaptive="false" timeDependent="false" toolName="Testvision Online" toolVersion="39.0.9084" xmlns="http://www.imsglobal.org/xsd/imsqti_v2p1">
<responseDeclaration identifier="RESPONSE" cardinality="single" baseType="identifier">
<correctResponse>
<value>alt_249801</value>
</correctResponse>
<mapping defaultValue="0" lowerBound="0.0">
<mapEntry mapKey="alt_188189" mappedValue="-0.333333333333333"/>
<mapEntry mapKey="alt_249801" mappedValue="1"/>
<mapEntry mapKey="alt_488083" mappedValue="-0.333333333333333"/>
<mapEntry mapKey="alt_227593" mappedValue="-0.333333333333333"/>
</mapping>
</responseDeclaration>
<outcomeDeclaration identifier="SCORE" cardinality="single" baseType="float" normalMaximum="1" normalMinimum="0" />
<outcomeDeclaration identifier="FEEDBACK" cardinality="single" baseType="identifier" />
<itemBody>
<p>Welke nulhypothese hoort bij de eenwegs ANOVA met een factor met g=3 groepen?</p>
<choiceInteraction responseIdentifier="RESPONSE" shuffle="false" maxChoices="1">
<simpleChoice identifier="alt_188189">
<div class="textblock tvblock tvcss_1"><div class="rte_zone tveditor1">
 <math display="inline" xmlns="http://www.w3.org/1998/Math/MathML"><semantics><mrow><msub><mi>H</mi><mn>0</mn></msub><mo>:</mo><msub><mi>μ</mi><mn>1</mn></msub><mo>−</mo><msub><mi>μ</mi><mn>2</mn></msub><mo>−</mo><msub><mi>μ</mi><mn>3</mn></msub><mo>=</mo><mn>0</mn></mrow><annotation encoding="application/x-tex">H_{0}: \mu_{1}- \mu_{2}- \mu_{3}=0</annotation></semantics></math>.
</div>
</div>
</simpleChoice>
<simpleChoice identifier="alt_249801">
<div class="textblock tvblock tvcss_1"><div class="rte_zone tveditor1">
 <math display="inline" xmlns="http://www.w3.org/1998/Math/MathML"><semantics><mrow><msub><mi>H</mi><mn>0</mn></msub><mo>:</mo><msub><mi>μ</mi><mn>1</mn></msub><mo>=</mo><msub><mi>μ</mi><mn>2</mn></msub><mo>=</mo><msub><mi>μ</mi><mn>3</mn></msub></mrow><annotation encoding="application/x-tex">H_{0}: \mu_{1}= \mu_{2}= \mu_{3}</annotation></semantics></math>.
</div>
</div>
</simpleChoice>
<simpleChoice identifier="alt_488083">
<div class="textblock tvblock tvcss_1"><div class="rte_zone tveditor1">
 <math display="inline" xmlns="http://www.w3.org/1998/Math/MathML"><semantics><mrow><msub><mi>H</mi><mn>0</mn></msub><mo>:</mo><msub><mi>μ</mi><mi>i</mi></msub><mo>≠</mo><msub><mi>μ</mi><mi>j</mi></msub></mrow><annotation encoding="application/x-tex">H_{0}: \mu_{i}\neq \mu_{j}</annotation></semantics></math>.
</div>
</div>
</simpleChoice>
<simpleChoice identifier="alt_227593">
<div class="textblock tvblock tvcss_1"><div class="rte_zone tveditor1">
 <math display="inline" xmlns="http://www.w3.org/1998/Math/MathML"><semantics><mrow><msub><mi>H</mi><mn>0</mn></msub><mo>:</mo><msub><mi>μ</mi><mi>g</mi></msub><mo>=</mo><mn>0</mn></mrow><annotation encoding="application/x-tex">H_{0}: \mu_{g}= 0</annotation></semantics></math>.
</div>
</div>
</simpleChoice>
</choiceInteraction>
</itemBody>
<responseProcessing>
<responseCondition>
<responseIf>
<isNull>
<variable identifier="RESPONSE"/>
</isNull>
<setOutcomeValue identifier="SCORE">
<baseValue baseType="float">0.0</baseValue>
</setOutcomeValue>
<setOutcomeValue identifier="FEEDBACK">
<baseValue baseType="identifier">FAILURE</baseValue>
</setOutcomeValue>
</responseIf>
<responseElse>
<setOutcomeValue identifier="SCORE">
<mapResponse identifier="RESPONSE"/>
</setOutcomeValue>
<responseCondition>
<responseIf>
<equal toleranceMode="relative" tolerance="0.001">
<variable identifier="SCORE"/>
<variable identifier="MAXSCORE"/>
</equal>
<setOutcomeValue identifier="FEEDBACK">
<baseValue baseType="identifier">ANSWER_CORRECT</baseValue>
</setOutcomeValue>
</responseIf>
<responseElse>
<setOutcomeValue identifier="FEEDBACK">
<baseValue baseType="identifier">FAILURE</baseValue>
</setOutcomeValue>
</responseElse>
</responseCondition>
</responseElse>
</responseCondition>
</responseProcessing>
<modalFeedback identifier="FAILURE" outcomeIdentifier="FEEDBACK" showHide="show">
<div class="textblock tvblock tvcss_1"><div class="rte_zone tveditor1">
 <math display="inline" xmlns="http://www.w3.org/1998/Math/MathML"><semantics><mrow><msub><mi>H</mi><mn>0</mn></msub><mo>:</mo><msub><mi>μ</mi><mn>1</mn></msub><mo>−</mo><msub><mi>μ</mi><mn>2</mn></msub><mo>−</mo><msub><mi>μ</mi><mn>3</mn></msub><mo>=</mo><mn>0</mn></mrow><annotation encoding="application/x-tex">H_{0}: \mu_{1}- \mu_{2}- \mu_{3}=0</annotation></semantics></math>. <br /> Incorrect 
 <math display="inline" xmlns="http://www.w3.org/1998/Math/MathML"><semantics><mrow><msub><mi>H</mi><mn>0</mn></msub><mo>:</mo><msub><mi>μ</mi><mn>1</mn></msub><mo>=</mo><msub><mi>μ</mi><mn>2</mn></msub><mo>=</mo><msub><mi>μ</mi><mn>3</mn></msub></mrow><annotation encoding="application/x-tex">H_{0}: \mu_{1}= \mu_{2}= \mu_{3}</annotation></semantics></math>. <br /> Correct 
 <math display="inline" xmlns="http://www.w3.org/1998/Math/MathML"><semantics><mrow><msub><mi>H</mi><mn>0</mn></msub><mo>:</mo><msub><mi>μ</mi><mi>i</mi></msub><mo>≠</mo><msub><mi>μ</mi><mi>j</mi></msub></mrow><annotation encoding="application/x-tex">H_{0}: \mu_{i}\neq \mu_{j}</annotation></semantics></math>. <br /> Incorrect 
 <math display="inline" xmlns="http://www.w3.org/1998/Math/MathML"><semantics><mrow><msub><mi>H</mi><mn>0</mn></msub><mo>:</mo><msub><mi>μ</mi><mi>g</mi></msub><mo>=</mo><mn>0</mn></mrow><annotation encoding="application/x-tex">H_{0}: \mu_{g}= 0</annotation></semantics></math>. <br /> Incorrect 
</div>
</div>
</modalFeedback>
<modalFeedback identifier="ANSWER_CORRECT" outcomeIdentifier="FEEDBACK" showHide="show">
<div class="textblock tvblock tvcss_1"><div class="rte_zone tveditor1">
 <math display="inline" xmlns="http://www.w3.org/1998/Math/MathML"><semantics><mrow><msub><mi>H</mi><mn>0</mn></msub><mo>:</mo><msub><mi>μ</mi><mn>1</mn></msub><mo>−</mo><msub><mi>μ</mi><mn>2</mn></msub><mo>−</mo><msub><mi>μ</mi><mn>3</mn></msub><mo>=</mo><mn>0</mn></mrow><annotation encoding="application/x-tex">H_{0}: \mu_{1}- \mu_{2}- \mu_{3}=0</annotation></semantics></math>. <br /> Incorrect 
 <math display="inline" xmlns="http://www.w3.org/1998/Math/MathML"><semantics><mrow><msub><mi>H</mi><mn>0</mn></msub><mo>:</mo><msub><mi>μ</mi><mn>1</mn></msub><mo>=</mo><msub><mi>μ</mi><mn>2</mn></msub><mo>=</mo><msub><mi>μ</mi><mn>3</mn></msub></mrow><annotation encoding="application/x-tex">H_{0}: \mu_{1}= \mu_{2}= \mu_{3}</annotation></semantics></math>. <br /> Correct 
 <math display="inline" xmlns="http://www.w3.org/1998/Math/MathML"><semantics><mrow><msub><mi>H</mi><mn>0</mn></msub><mo>:</mo><msub><mi>μ</mi><mi>i</mi></msub><mo>≠</mo><msub><mi>μ</mi><mi>j</mi></msub></mrow><annotation encoding="application/x-tex">H_{0}: \mu_{i}\neq \mu_{j}</annotation></semantics></math>. <br /> Incorrect 
 <math display="inline" xmlns="http://www.w3.org/1998/Math/MathML"><semantics><mrow><msub><mi>H</mi><mn>0</mn></msub><mo>:</mo><msub><mi>μ</mi><mi>g</mi></msub><mo>=</mo><mn>0</mn></mrow><annotation encoding="application/x-tex">H_{0}: \mu_{g}= 0</annotation></semantics></math>. <br /> Incorrect 
</div>
</div>
</modalFeedback>
<modalFeedback identifier="PARTIAL_CORRECT" outcomeIdentifier="FEEDBACK" showHide="show">
<div class="textblock tvblock tvcss_1"><div class="rte_zone tveditor1">
 <math display="inline" xmlns="http://www.w3.org/1998/Math/MathML"><semantics><mrow><msub><mi>H</mi><mn>0</mn></msub><mo>:</mo><msub><mi>μ</mi><mn>1</mn></msub><mo>−</mo><msub><mi>μ</mi><mn>2</mn></msub><mo>−</mo><msub><mi>μ</mi><mn>3</mn></msub><mo>=</mo><mn>0</mn></mrow><annotation encoding="application/x-tex">H_{0}: \mu_{1}- \mu_{2}- \mu_{3}=0</annotation></semantics></math>. <br /> Incorrect 
 <math display="inline" xmlns="http://www.w3.org/1998/Math/MathML"><semantics><mrow><msub><mi>H</mi><mn>0</mn></msub><mo>:</mo><msub><mi>μ</mi><mn>1</mn></msub><mo>=</mo><msub><mi>μ</mi><mn>2</mn></msub><mo>=</mo><msub><mi>μ</mi><mn>3</mn></msub></mrow><annotation encoding="application/x-tex">H_{0}: \mu_{1}= \mu_{2}= \mu_{3}</annotation></semantics></math>. <br /> Correct 
 <math display="inline" xmlns="http://www.w3.org/1998/Math/MathML"><semantics><mrow><msub><mi>H</mi><mn>0</mn></msub><mo>:</mo><msub><mi>μ</mi><mi>i</mi></msub><mo>≠</mo><msub><mi>μ</mi><mi>j</mi></msub></mrow><annotation encoding="application/x-tex">H_{0}: \mu_{i}\neq \mu_{j}</annotation></semantics></math>. <br /> Incorrect 
 <math display="inline" xmlns="http://www.w3.org/1998/Math/MathML"><semantics><mrow><msub><mi>H</mi><mn>0</mn></msub><mo>:</mo><msub><mi>μ</mi><mi>g</mi></msub><mo>=</mo><mn>0</mn></mrow><annotation encoding="application/x-tex">H_{0}: \mu_{g}= 0</annotation></semantics></math>. <br /> Incorrect 
</div>
</div>
</modalFeedback>
</assessmentItem>
