<?xml version="1.0" encoding="UTF-8"?>
<assessmentItem xsi:schemaLocation="http://www.imsglobal.org/xsd/imsqti_v2p1 http://www.imsglobal.org/xsd/qti/qtiv2p1/imsqti_v2p1p1.xsd http://www.w3.org/1998/Math/MathML http://www.w3.org/Math/XMLSchema/mathml2/mathml2.xsd" identifier="uva-inferential-statistics-39-nl-qti_441011915_section_1_item_1_schoice" title="1" adaptive="false" timeDependent="false" xmlns="http://www.imsglobal.org/xsd/imsqti_v2p1" xmlns:xsi="http://www.w3.org/2001/XMLSchema-instance">
<responseDeclaration identifier="uva-inferential-statistics-39-nl-qti_441011915_section_1_item_1_schoice_RESPONSE_1_1927412" cardinality="single" baseType="identifier">
<correctResponse>
<value>uva-inferential-statistics-39-nl-qti_441011915_section_1_item_1_schoice_1_7133313031</value>
</correctResponse>
<mapping defaultValue="0" lowerBound="0.0">
<mapEntry mapKey="uva-inferential-statistics-39-nl-qti_441011915_section_1_item_1_schoice_1_7133313031" mappedValue="1"/>
<mapEntry mapKey="uva-inferential-statistics-39-nl-qti_441011915_section_1_item_1_schoice_2_4388575592" mappedValue="0"/>
<mapEntry mapKey="uva-inferential-statistics-39-nl-qti_441011915_section_1_item_1_schoice_3_1161599234" mappedValue="0"/>
</mapping>
</responseDeclaration>
<outcomeDeclaration identifier="SCORE" cardinality="single" baseType="float" normalMaximum="1" normalMinimum="0">
<defaultValue>
<value>0.0</value>
</defaultValue>
</outcomeDeclaration>
<outcomeDeclaration identifier="MAXSCORE" cardinality="single" baseType="float">
<defaultValue>
<value>1</value>
</defaultValue>
</outcomeDeclaration>
<outcomeDeclaration identifier="FEEDBACKBASIC" cardinality="single" baseType="identifier" view="testConstructor">
<defaultValue>
<value>empty</value>
</defaultValue>
</outcomeDeclaration>
<outcomeDeclaration identifier="FEEDBACKMODAL" cardinality="multiple" baseType="identifier" view="testConstructor"/>
<outcomeDeclaration identifier="SOLUTIONMODAL" cardinality="single" baseType="identifier" view="testConstructor"/>
<outcomeDeclaration identifier="MINSCORE" cardinality="single" baseType="float">
<defaultValue>
<value baseType="float">0</value>
</defaultValue>
</outcomeDeclaration>
<outcomeDeclaration identifier="SCORE_RESPONSE_1" cardinality="single" baseType="float">
<defaultValue>
<value>0.0</value>
</defaultValue>
</outcomeDeclaration>
<outcomeDeclaration identifier="MINSCORE_RESPONSE_1" cardinality="single" baseType="float">
<defaultValue>
<value>0.0</value>
</defaultValue>
</outcomeDeclaration>
<itemBody>
<p>In <em>repeated measures designs</em> wordt vaak <em>counterbalancing</em> gebruikt.
Waarom wordt dit gedaan?</p>
<choiceInteraction responseIdentifier="uva-inferential-statistics-39-nl-qti_441011915_section_1_item_1_schoice_RESPONSE_1_1927412" shuffle="false" maxChoices="1">
<simpleChoice identifier="uva-inferential-statistics-39-nl-qti_441011915_section_1_item_1_schoice_1_7133313031">
<p>
 Om te voorkomen dat carryover effects de resultaten vertekenen.
</p>
</simpleChoice>
<simpleChoice identifier="uva-inferential-statistics-39-nl-qti_441011915_section_1_item_1_schoice_2_4388575592">
<p>
 Om te zorgen dat carryover effects zullen optreden.
</p>
</simpleChoice>
<simpleChoice identifier="uva-inferential-statistics-39-nl-qti_441011915_section_1_item_1_schoice_3_1161599234">
<p>
 Om achteraf te kunnen nagaan of carryover effects een rol hebben gespeeld.
</p>
</simpleChoice>
</choiceInteraction>
</itemBody>
<responseProcessing>
<setOutcomeValue identifier="SCORE_RESPONSE_1">
<sum>
<variable identifier="SCORE_RESPONSE_1"/>
<mapResponse identifier="uva-inferential-statistics-39-nl-qti_441011915_section_1_item_1_schoice_RESPONSE_1_1927412"/>
</sum>
</setOutcomeValue>
<responseCondition>
<responseIf>
<lt>
<variable identifier="SCORE_RESPONSE_1"/>
<variable identifier="MINSCORE_RESPONSE_1"/>
</lt>
<setOutcomeValue identifier="SCORE_RESPONSE_1">
<variable identifier="MINSCORE_RESPONSE_1"/>
</setOutcomeValue>
</responseIf>
</responseCondition>
<responseCondition>
<responseIf>
<isNull>
<variable identifier="uva-inferential-statistics-39-nl-qti_441011915_section_1_item_1_schoice_RESPONSE_1_1927412"/>
</isNull>
<setOutcomeValue identifier="SCORE_RESPONSE_1">
<sum>
<variable identifier="SCORE_RESPONSE_1"/>
<baseValue baseType="float">0</baseValue>
</sum>
</setOutcomeValue>
</responseIf>
</responseCondition>
<setOutcomeValue identifier="SCORE">
<sum>
<variable identifier="SCORE_RESPONSE_1"/>
</sum>
</setOutcomeValue>
<responseCondition>
<responseIf>
<lt>
<variable identifier="SCORE"/>
<variable identifier="MINSCORE"/>
</lt>
<setOutcomeValue identifier="SCORE">
<variable identifier="MINSCORE"/>
</setOutcomeValue>
</responseIf>
</responseCondition>
<responseCondition>
<responseIf>
<lt>
<variable identifier="SCORE"/>
<baseValue baseType="float">1</baseValue>
</lt>
<setOutcomeValue identifier="FEEDBACKMODAL">
<multiple>
<variable identifier="FEEDBACKMODAL"/>
<baseValue baseType="identifier">Feedback221190677</baseValue>
</multiple>
</setOutcomeValue>
</responseIf>
</responseCondition>
</responseProcessing>
<modalFeedback identifier="Feedback221190677" outcomeIdentifier="FEEDBACKMODAL" showHide="show">
<ul>
<li> Om te voorkomen dat carryover effects de resultaten vertekenen. <br /> Om te voorkomen dat carryover effects de resultaten vertekenen.: Correct </li>
<li> Om te zorgen dat carryover effects zullen optreden. <br /> Om te zorgen dat carryover effects zullen optreden.: Incorrect </li>
<li> Om achteraf te kunnen nagaan of carryover effects een rol hebben gespeeld. <br /> Om achteraf te kunnen nagaan of carryover effects een rol hebben gespeeld.: Incorrect </li>
</ul>
</modalFeedback>
</assessmentItem>
