<?xml version="1.0" encoding="utf-8" standalone="yes"?>
<assessmentItem identifier="vufgb-twowayanova-012-nl-tv_202601131822_item_1_schoice" title="vufgb-twowayanova-012-nl-tv_202601131822_item_1_schoice_vufgb-twowayanova-012-nl" adaptive="false" timeDependent="false" toolName="Testvision Online" toolVersion="39.0.9084" xmlns="http://www.imsglobal.org/xsd/imsqti_v2p1">
<responseDeclaration identifier="RESPONSE" cardinality="single" baseType="identifier">
<correctResponse>
<value>alt_668049</value>
</correctResponse>
<mapping defaultValue="0" lowerBound="0.0">
<mapEntry mapKey="alt_162383" mappedValue="-0.333333333333333"/>
<mapEntry mapKey="alt_413622" mappedValue="-0.333333333333333"/>
<mapEntry mapKey="alt_668049" mappedValue="1"/>
<mapEntry mapKey="alt_919446" mappedValue="-0.333333333333333"/>
</mapping>
</responseDeclaration>
<outcomeDeclaration identifier="SCORE" cardinality="single" baseType="float" normalMaximum="1" normalMinimum="0" />
<outcomeDeclaration identifier="FEEDBACK" cardinality="single" baseType="identifier" />
<stylesheet href="css/vufgb-twowayanova-012-nl-tv_202601131822_item_1_schoice.css" type="text/css" />
<itemBody>
<p>Voor een tweewegs ANOVA worden de kwadratensommen uitgerekend met behulp van een rekenschema, hieronder voor 1 proefpersoon weergegeven. Het algemeen gemiddelde <math display="inline" xmlns="http://www.w3.org/1998/Math/MathML"><semantics><mover><mi>y</mi><mo accent="true">¯</mo></mover><annotation encoding="application/x-tex">\overline{y}</annotation></semantics></math> is 12. Bereken de gekwadrateerde deviatie van deze proefpersoon die hoort bij de kwadratensom van Factor B (<math display="inline" xmlns="http://www.w3.org/1998/Math/MathML"><semantics><mrow><mi>S</mi><msub><mi>S</mi><mi>B</mi></msub></mrow><annotation encoding="application/x-tex">SS_{B}</annotation></semantics></math>).</p>
<p><img src="mediafiles/supplements1/vufgb-twowayanova-012-nl-table01.jpg" alt="image"/></p>
<choiceInteraction responseIdentifier="RESPONSE" shuffle="false" maxChoices="1">
<simpleChoice identifier="alt_162383">
<div class="textblock tvblock tvcss_1"><div class="rte_zone tveditor1">
 -2
</div>
</div>
</simpleChoice>
<simpleChoice identifier="alt_413622">
<div class="textblock tvblock tvcss_1"><div class="rte_zone tveditor1">
 2
</div>
</div>
</simpleChoice>
<simpleChoice identifier="alt_668049">
<div class="textblock tvblock tvcss_1"><div class="rte_zone tveditor1">
 4
</div>
</div>
</simpleChoice>
<simpleChoice identifier="alt_919446">
<div class="textblock tvblock tvcss_1"><div class="rte_zone tveditor1">
 5
</div>
</div>
</simpleChoice>
</choiceInteraction>
</itemBody>
<responseProcessing>
<responseCondition>
<responseIf>
<isNull>
<variable identifier="RESPONSE"/>
</isNull>
<setOutcomeValue identifier="SCORE">
<baseValue baseType="float">0.0</baseValue>
</setOutcomeValue>
<setOutcomeValue identifier="FEEDBACK">
<baseValue baseType="identifier">FAILURE</baseValue>
</setOutcomeValue>
</responseIf>
<responseElse>
<setOutcomeValue identifier="SCORE">
<mapResponse identifier="RESPONSE"/>
</setOutcomeValue>
<responseCondition>
<responseIf>
<equal toleranceMode="relative" tolerance="0.001">
<variable identifier="SCORE"/>
<variable identifier="MAXSCORE"/>
</equal>
<setOutcomeValue identifier="FEEDBACK">
<baseValue baseType="identifier">ANSWER_CORRECT</baseValue>
</setOutcomeValue>
</responseIf>
<responseElse>
<setOutcomeValue identifier="FEEDBACK">
<baseValue baseType="identifier">FAILURE</baseValue>
</setOutcomeValue>
</responseElse>
</responseCondition>
</responseElse>
</responseCondition>
</responseProcessing>
<modalFeedback identifier="FAILURE" outcomeIdentifier="FEEDBACK" showHide="show">
<div class="textblock tvblock tvcss_1"><div class="rte_zone tveditor1">
<ul>
<li> -2 <br /> Incorrect </li>
<li> 2 <br /> Incorrect </li>
<li> 4 <br /> Correct </li>
<li> 5 <br /> Incorrect </li>
</ul>
</div>
</div>
</modalFeedback>
<modalFeedback identifier="ANSWER_CORRECT" outcomeIdentifier="FEEDBACK" showHide="show">
<div class="textblock tvblock tvcss_1"><div class="rte_zone tveditor1">
<ul>
<li> -2 <br /> Incorrect </li>
<li> 2 <br /> Incorrect </li>
<li> 4 <br /> Correct </li>
<li> 5 <br /> Incorrect </li>
</ul>
</div>
</div>
</modalFeedback>
<modalFeedback identifier="PARTIAL_CORRECT" outcomeIdentifier="FEEDBACK" showHide="show">
<div class="textblock tvblock tvcss_1"><div class="rte_zone tveditor1">
<ul>
<li> -2 <br /> Incorrect </li>
<li> 2 <br /> Incorrect </li>
<li> 4 <br /> Correct </li>
<li> 5 <br /> Incorrect </li>
</ul>
</div>
</div>
</modalFeedback>
</assessmentItem>
