<?xml version="1.0" encoding="UTF-8"?>
<assessmentItem xsi:schemaLocation="http://www.imsglobal.org/xsd/imsqti_v2p1 http://www.imsglobal.org/xsd/qti/qtiv2p1/imsqti_v2p1p1.xsd http://www.w3.org/1998/Math/MathML http://www.w3.org/Math/XMLSchema/mathml2/mathml2.xsd" identifier="uva-squared-893-en-ans_464730115_section_1_item_1_schoice" title="Inferential_Statistics_uva-squared-893-en_uva-squared-893-en_schoice_1" adaptive="false" timeDependent="false" xmlns="http://www.imsglobal.org/xsd/imsqti_v2p1" xmlns:xsi="http://www.w3.org/2001/XMLSchema-instance">
<responseDeclaration identifier="uva-squared-893-en-ans_464730115_section_1_item_1_schoice_RESPONSE_1_5383960" cardinality="single" baseType="identifier">
<correctResponse>
<value>uva-squared-893-en-ans_464730115_section_1_item_1_schoice_1_7074532482</value>
</correctResponse>
<mapping defaultValue="0" lowerBound="0.0">
<mapEntry mapKey="uva-squared-893-en-ans_464730115_section_1_item_1_schoice_1_7074532482" mappedValue="1"/>
<mapEntry mapKey="uva-squared-893-en-ans_464730115_section_1_item_1_schoice_2_6864005176" mappedValue="0"/>
<mapEntry mapKey="uva-squared-893-en-ans_464730115_section_1_item_1_schoice_3_2820826449" mappedValue="0"/>
</mapping>
</responseDeclaration>
<outcomeDeclaration identifier="SCORE" cardinality="single" baseType="float" normalMaximum="1" normalMinimum="0">
<defaultValue>
<value>0.0</value>
</defaultValue>
</outcomeDeclaration>
<outcomeDeclaration identifier="MAXSCORE" cardinality="single" baseType="float">
<defaultValue>
<value>1</value>
</defaultValue>
</outcomeDeclaration>
<outcomeDeclaration identifier="FEEDBACKBASIC" cardinality="single" baseType="identifier" view="testConstructor">
<defaultValue>
<value>empty</value>
</defaultValue>
</outcomeDeclaration>
<outcomeDeclaration identifier="FEEDBACKMODAL" cardinality="multiple" baseType="identifier" view="testConstructor"/>
<outcomeDeclaration identifier="SOLUTIONMODAL" cardinality="single" baseType="identifier" view="testConstructor"/>
<outcomeDeclaration identifier="MINSCORE" cardinality="single" baseType="float">
<defaultValue>
<value baseType="float">0</value>
</defaultValue>
</outcomeDeclaration>
<outcomeDeclaration identifier="SCORE_RESPONSE_1" cardinality="single" baseType="float">
<defaultValue>
<value>0.0</value>
</defaultValue>
</outcomeDeclaration>
<outcomeDeclaration identifier="MINSCORE_RESPONSE_1" cardinality="single" baseType="float">
<defaultValue>
<value>0.0</value>
</defaultValue>
</outcomeDeclaration>
<itemBody>
<p>Given is the table for two dichotomous variables</p>
<p>———– —– ——- man woman glasses 40 15 no glasses 35 20 ———– —– ——-</p>
<p>What is the ᵪ<sup>2</sup> value of this data for the test of independence?</p>
<choiceInteraction responseIdentifier="uva-squared-893-en-ans_464730115_section_1_item_1_schoice_RESPONSE_1_5383960" shuffle="false" maxChoices="1">
<simpleChoice identifier="uva-squared-893-en-ans_464730115_section_1_item_1_schoice_1_7074532482">
<p>
 ᵪ2 = 0.337.
</p>
</simpleChoice>
<simpleChoice identifier="uva-squared-893-en-ans_464730115_section_1_item_1_schoice_2_6864005176">
<p>
 ᵪ2 = 0.623.
</p>
</simpleChoice>
<simpleChoice identifier="uva-squared-893-en-ans_464730115_section_1_item_1_schoice_3_2820826449">
<p>
 ᵪ2 = 6.251.
</p>
</simpleChoice>
</choiceInteraction>
</itemBody>
<responseProcessing>
<setOutcomeValue identifier="SCORE_RESPONSE_1">
<sum>
<variable identifier="SCORE_RESPONSE_1"/>
<mapResponse identifier="uva-squared-893-en-ans_464730115_section_1_item_1_schoice_RESPONSE_1_5383960"/>
</sum>
</setOutcomeValue>
<responseCondition>
<responseIf>
<lt>
<variable identifier="SCORE_RESPONSE_1"/>
<variable identifier="MINSCORE_RESPONSE_1"/>
</lt>
<setOutcomeValue identifier="SCORE_RESPONSE_1">
<variable identifier="MINSCORE_RESPONSE_1"/>
</setOutcomeValue>
</responseIf>
</responseCondition>
<responseCondition>
<responseIf>
<isNull>
<variable identifier="uva-squared-893-en-ans_464730115_section_1_item_1_schoice_RESPONSE_1_5383960"/>
</isNull>
<setOutcomeValue identifier="SCORE_RESPONSE_1">
<sum>
<variable identifier="SCORE_RESPONSE_1"/>
<baseValue baseType="float">0</baseValue>
</sum>
</setOutcomeValue>
</responseIf>
</responseCondition>
<setOutcomeValue identifier="SCORE">
<sum>
<variable identifier="SCORE_RESPONSE_1"/>
</sum>
</setOutcomeValue>
<responseCondition>
<responseIf>
<lt>
<variable identifier="SCORE"/>
<variable identifier="MINSCORE"/>
</lt>
<setOutcomeValue identifier="SCORE">
<variable identifier="MINSCORE"/>
</setOutcomeValue>
</responseIf>
</responseCondition>
<responseCondition>
<responseIf>
<lt>
<variable identifier="SCORE"/>
<baseValue baseType="float">1</baseValue>
</lt>
<setOutcomeValue identifier="FEEDBACKMODAL">
<multiple>
<variable identifier="FEEDBACKMODAL"/>
<baseValue baseType="identifier">Feedback226917911</baseValue>
</multiple>
</setOutcomeValue>
</responseIf>
</responseCondition>
</responseProcessing>
<modalFeedback outcomeIdentifier="FEEDBACK" showHide="show" identifier="incorrect">
<ul>
<li> ᵪ2 = 0.337. <br /> ᵪ2 = 0.337.: Correct </li>
<li> ᵪ2 = 0.623. <br /> ᵪ2 = 0.623.: Incorrect </li>
<li> ᵪ2 = 6.251. <br /> ᵪ2 = 6.251.: Incorrect </li>
</ul>
</modalFeedback>
</assessmentItem>
