<?xml version="1.0" encoding="utf-8" standalone="yes"?>
<assessmentItem identifier="uu-Oneway_ANOVA-830-en-tv_202411271203_item_1_schoice" title="uu-Oneway_ANOVA-830-en-tv_202411271203_item_1_schoice_uu-Oneway ANOVA-830-en.Rmd" adaptive="false" timeDependent="false" toolName="Testvision Online" toolVersion="39.0.9084" xmlns="http://www.imsglobal.org/xsd/imsqti_v2p1">
<responseDeclaration identifier="RESPONSE" cardinality="single" baseType="identifier">
<correctResponse>
<value>alt_116910</value>
</correctResponse>
<mapping defaultValue="0" lowerBound="0.0">
<mapEntry mapKey="alt_669533" mappedValue="-0.333333333333333"/>
<mapEntry mapKey="alt_116910" mappedValue="1"/>
<mapEntry mapKey="alt_602111" mappedValue="-0.333333333333333"/>
<mapEntry mapKey="alt_488168" mappedValue="-0.333333333333333"/>
</mapping>
</responseDeclaration>
<outcomeDeclaration identifier="SCORE" cardinality="single" baseType="float" normalMaximum="1" normalMinimum="0" />
<outcomeDeclaration identifier="FEEDBACK" cardinality="single" baseType="identifier" />
<stylesheet href="css/uu-Oneway_ANOVA-830-en-tv_202411271203_item_1_schoice.css" type="text/css" />
<itemBody>
<p>An educational scientist is investigating how mind mapping influences learning among UCU-students. In this research three conditions are present:</p>
<p>I. Pure: Students receive instructions while making a mind map
II. Support: Students are shown part of a mind map as an example and receive instructions while making their mind map,
III. Control: Students do not get any instruction while making a mind map
The next week the students take a knowledge test. The researcher expects that the students in the Pure (I) and Support (II) conditions score higher on the knowledge test than the students in the control condition (III).
The researcher analyses the data with an ANOVA. He writes in the research report:
F(2, 83) = 17.90, p &lt; .001, η2 = .131.
Which of the following statements is correct given the reported results?</p>
<choiceInteraction responseIdentifier="RESPONSE" shuffle="false" maxChoices="1">
<simpleChoice identifier="alt_669533">
<div class="textblock tvblock tvcss_1"><div class="rte_zone tveditor1">
 The means of the experimental conditions I and II are significantly higher than the mean of the control condition III.
</div>
</div>
</simpleChoice>
<simpleChoice identifier="alt_116910">
<div class="textblock tvblock tvcss_1"><div class="rte_zone tveditor1">
 A post-hoc analysis is needed to decide if the means of the experimental conditions I and II are significantly higher than the mean of the control condition III.
</div>
</div>
</simpleChoice>
<simpleChoice identifier="alt_602111">
<div class="textblock tvblock tvcss_1"><div class="rte_zone tveditor1">
 The effect of condition is significant, but not relevant.
</div>
</div>
</simpleChoice>
<simpleChoice identifier="alt_488168">
<div class="textblock tvblock tvcss_1"><div class="rte_zone tveditor1">
 The reported results do not match the research design.
</div>
</div>
</simpleChoice>
</choiceInteraction>
</itemBody>
<responseProcessing>
<responseCondition>
<responseIf>
<isNull>
<variable identifier="RESPONSE"/>
</isNull>
<setOutcomeValue identifier="SCORE">
<baseValue baseType="float">0.0</baseValue>
</setOutcomeValue>
<setOutcomeValue identifier="FEEDBACK">
<baseValue baseType="identifier">FAILURE</baseValue>
</setOutcomeValue>
</responseIf>
<responseElse>
<setOutcomeValue identifier="SCORE">
<mapResponse identifier="RESPONSE"/>
</setOutcomeValue>
<responseCondition>
<responseIf>
<equal toleranceMode="relative" tolerance="0.001">
<variable identifier="SCORE"/>
<variable identifier="MAXSCORE"/>
</equal>
<setOutcomeValue identifier="FEEDBACK">
<baseValue baseType="identifier">ANSWER_CORRECT</baseValue>
</setOutcomeValue>
</responseIf>
<responseElse>
<setOutcomeValue identifier="FEEDBACK">
<baseValue baseType="identifier">FAILURE</baseValue>
</setOutcomeValue>
</responseElse>
</responseCondition>
</responseElse>
</responseCondition>
</responseProcessing>
<modalFeedback identifier="FAILURE" outcomeIdentifier="FEEDBACK" showHide="show">
<div class="textblock tvblock tvcss_1"><div class="rte_zone tveditor1">
</div>
</div>
</modalFeedback>
<modalFeedback identifier="ANSWER_CORRECT" outcomeIdentifier="FEEDBACK" showHide="show">
<div class="textblock tvblock tvcss_1"><div class="rte_zone tveditor1">
</div>
</div>
</modalFeedback>
<modalFeedback identifier="PARTIAL_CORRECT" outcomeIdentifier="FEEDBACK" showHide="show">
<div class="textblock tvblock tvcss_1"><div class="rte_zone tveditor1">
</div>
</div>
</modalFeedback>
</assessmentItem>
