<?xml version="1.0" encoding="UTF-8"?>
<assessmentItem xsi:schemaLocation="http://www.imsglobal.org/xsd/imsqti_v2p1 http://www.imsglobal.org/xsd/qti/qtiv2p1/imsqti_v2p1p1.xsd http://www.w3.org/1998/Math/MathML http://www.w3.org/Math/XMLSchema/mathml2/mathml2.xsd" identifier="uva-multiplication-rule-1109-en-qti_196122091_section_1_item_1_schoice" title="1" adaptive="false" timeDependent="false" xmlns="http://www.imsglobal.org/xsd/imsqti_v2p1" xmlns:xsi="http://www.w3.org/2001/XMLSchema-instance">
<responseDeclaration identifier="uva-multiplication-rule-1109-en-qti_196122091_section_1_item_1_schoice_RESPONSE_1_1708708" cardinality="single" baseType="identifier">
<correctResponse>
<value>uva-multiplication-rule-1109-en-qti_196122091_section_1_item_1_schoice_2_4145471653</value>
</correctResponse>
<mapping defaultValue="0" lowerBound="0.0">
<mapEntry mapKey="uva-multiplication-rule-1109-en-qti_196122091_section_1_item_1_schoice_1_2824093609" mappedValue="0"/>
<mapEntry mapKey="uva-multiplication-rule-1109-en-qti_196122091_section_1_item_1_schoice_2_4145471653" mappedValue="1"/>
<mapEntry mapKey="uva-multiplication-rule-1109-en-qti_196122091_section_1_item_1_schoice_3_1657117625" mappedValue="0"/>
<mapEntry mapKey="uva-multiplication-rule-1109-en-qti_196122091_section_1_item_1_schoice_4_1694468581" mappedValue="0"/>
</mapping>
</responseDeclaration>
<outcomeDeclaration identifier="SCORE" cardinality="single" baseType="float" normalMaximum="1" normalMinimum="0">
<defaultValue>
<value>0.0</value>
</defaultValue>
</outcomeDeclaration>
<outcomeDeclaration identifier="MAXSCORE" cardinality="single" baseType="float">
<defaultValue>
<value>1</value>
</defaultValue>
</outcomeDeclaration>
<outcomeDeclaration identifier="FEEDBACKBASIC" cardinality="single" baseType="identifier" view="testConstructor">
<defaultValue>
<value>empty</value>
</defaultValue>
</outcomeDeclaration>
<outcomeDeclaration identifier="FEEDBACKMODAL" cardinality="multiple" baseType="identifier" view="testConstructor"/>
<outcomeDeclaration identifier="SOLUTIONMODAL" cardinality="single" baseType="identifier" view="testConstructor"/>
<outcomeDeclaration identifier="MINSCORE" cardinality="single" baseType="float">
<defaultValue>
<value baseType="float">0</value>
</defaultValue>
</outcomeDeclaration>
<outcomeDeclaration identifier="SCORE_RESPONSE_1" cardinality="single" baseType="float">
<defaultValue>
<value>0.0</value>
</defaultValue>
</outcomeDeclaration>
<outcomeDeclaration identifier="MINSCORE_RESPONSE_1" cardinality="single" baseType="float">
<defaultValue>
<value>0.0</value>
</defaultValue>
</outcomeDeclaration>
<itemBody>
<p>In recent US elections, 55% of all voters voted Republican and 45% did not. Of the Republicans, 80% vote for candidate X, and of the non-Republicans, 10% vote for candidate X. Take one random voter in the US and define the events:‖  A = Voters are Republicans. B = Voters vote for candidate X.  What then is the probability of P(A and B)?</p>
<choiceInteraction responseIdentifier="uva-multiplication-rule-1109-en-qti_196122091_section_1_item_1_schoice_RESPONSE_1_1708708" shuffle="false" maxChoices="1">
<simpleChoice identifier="uva-multiplication-rule-1109-en-qti_196122091_section_1_item_1_schoice_1_2824093609">
<p>
 0,045
</p>
</simpleChoice>
<simpleChoice identifier="uva-multiplication-rule-1109-en-qti_196122091_section_1_item_1_schoice_2_4145471653">
<p>
 0,440
</p>
</simpleChoice>
<simpleChoice identifier="uva-multiplication-rule-1109-en-qti_196122091_section_1_item_1_schoice_3_1657117625">
<p>
 0,485
</p>
</simpleChoice>
<simpleChoice identifier="uva-multiplication-rule-1109-en-qti_196122091_section_1_item_1_schoice_4_1694468581">
<p>
 0,550
</p>
</simpleChoice>
</choiceInteraction>
</itemBody>
<responseProcessing>
<setOutcomeValue identifier="SCORE_RESPONSE_1">
<sum>
<variable identifier="SCORE_RESPONSE_1"/>
<mapResponse identifier="uva-multiplication-rule-1109-en-qti_196122091_section_1_item_1_schoice_RESPONSE_1_1708708"/>
</sum>
</setOutcomeValue>
<responseCondition>
<responseIf>
<lt>
<variable identifier="SCORE_RESPONSE_1"/>
<variable identifier="MINSCORE_RESPONSE_1"/>
</lt>
<setOutcomeValue identifier="SCORE_RESPONSE_1">
<variable identifier="MINSCORE_RESPONSE_1"/>
</setOutcomeValue>
</responseIf>
</responseCondition>
<responseCondition>
<responseIf>
<isNull>
<variable identifier="uva-multiplication-rule-1109-en-qti_196122091_section_1_item_1_schoice_RESPONSE_1_1708708"/>
</isNull>
<setOutcomeValue identifier="SCORE_RESPONSE_1">
<sum>
<variable identifier="SCORE_RESPONSE_1"/>
<baseValue baseType="float">0</baseValue>
</sum>
</setOutcomeValue>
</responseIf>
</responseCondition>
<setOutcomeValue identifier="SCORE">
<sum>
<variable identifier="SCORE_RESPONSE_1"/>
</sum>
</setOutcomeValue>
<responseCondition>
<responseIf>
<lt>
<variable identifier="SCORE"/>
<variable identifier="MINSCORE"/>
</lt>
<setOutcomeValue identifier="SCORE">
<variable identifier="MINSCORE"/>
</setOutcomeValue>
</responseIf>
</responseCondition>
<responseCondition>
<responseIf>
<lt>
<variable identifier="SCORE"/>
<baseValue baseType="float">1</baseValue>
</lt>
<setOutcomeValue identifier="FEEDBACKMODAL">
<multiple>
<variable identifier="FEEDBACKMODAL"/>
<baseValue baseType="identifier">Feedback264270220</baseValue>
</multiple>
</setOutcomeValue>
</responseIf>
</responseCondition>
</responseProcessing>
<modalFeedback identifier="Feedback264270220" outcomeIdentifier="FEEDBACKMODAL" showHide="show">
<ul>
<li> 0,045 <br /> 0.045: Incorrect </li>
<li> 0,440 <br /> 0.440: Correct </li>
<li> 0,485 <br /> 0.485: Incorrect </li>
<li> 0,550 <br /> 0.550: Incorrect </li>
</ul>
</modalFeedback>
</assessmentItem>
