<?xml version="1.0" encoding="UTF-8"?>
<assessmentItem xsi:schemaLocation="http://www.imsglobal.org/xsd/imsqti_v2p1 http://www.imsglobal.org/xsd/qti/qtiv2p1/imsqti_v2p1p1.xsd http://www.w3.org/1998/Math/MathML http://www.w3.org/Math/XMLSchema/mathml2/mathml2.xsd" identifier="vufsw-multiple_linear_regression-2093-nl-qti_726894781_section_1_item_1_schoice" title="1" adaptive="false" timeDependent="false" xmlns="http://www.imsglobal.org/xsd/imsqti_v2p1" xmlns:xsi="http://www.w3.org/2001/XMLSchema-instance">
<responseDeclaration identifier="vufsw-multiple_linear_regression-2093-nl-qti_726894781_section_1_item_1_schoice_RESPONSE_1_6903719" cardinality="single" baseType="identifier">
<correctResponse>
<value>vufsw-multiple_linear_regression-2093-nl-qti_726894781_section_1_item_1_schoice_2_3485573513</value>
</correctResponse>
<mapping defaultValue="0" lowerBound="0.0">
<mapEntry mapKey="vufsw-multiple_linear_regression-2093-nl-qti_726894781_section_1_item_1_schoice_1_7595524381" mappedValue="0"/>
<mapEntry mapKey="vufsw-multiple_linear_regression-2093-nl-qti_726894781_section_1_item_1_schoice_2_3485573513" mappedValue="1"/>
<mapEntry mapKey="vufsw-multiple_linear_regression-2093-nl-qti_726894781_section_1_item_1_schoice_3_2258606404" mappedValue="0"/>
<mapEntry mapKey="vufsw-multiple_linear_regression-2093-nl-qti_726894781_section_1_item_1_schoice_4_6315608882" mappedValue="0"/>
</mapping>
</responseDeclaration>
<outcomeDeclaration identifier="SCORE" cardinality="single" baseType="float" normalMaximum="1" normalMinimum="0">
<defaultValue>
<value>0.0</value>
</defaultValue>
</outcomeDeclaration>
<outcomeDeclaration identifier="MAXSCORE" cardinality="single" baseType="float">
<defaultValue>
<value>1</value>
</defaultValue>
</outcomeDeclaration>
<outcomeDeclaration identifier="FEEDBACKBASIC" cardinality="single" baseType="identifier" view="testConstructor">
<defaultValue>
<value>empty</value>
</defaultValue>
</outcomeDeclaration>
<outcomeDeclaration identifier="FEEDBACKMODAL" cardinality="multiple" baseType="identifier" view="testConstructor"/>
<outcomeDeclaration identifier="MINSCORE" cardinality="single" baseType="float">
<defaultValue>
<value baseType="float">0</value>
</defaultValue>
</outcomeDeclaration>
<outcomeDeclaration identifier="SCORE_RESPONSE_1" cardinality="single" baseType="float">
<defaultValue>
<value>0.0</value>
</defaultValue>
</outcomeDeclaration>
<outcomeDeclaration identifier="MINSCORE_RESPONSE_1" cardinality="single" baseType="float">
<defaultValue>
<value>0.0</value>
</defaultValue>
</outcomeDeclaration>
<itemBody>
<p>We analyseren data die afkomstig zijn van scholieren van het voortgezet
onderwijs uit de Jongeren &amp; Cultuurdata (Ganzeboom &amp; Nagel, 1998-2002).
Voor dit databestand zijn ruim 3000 jongeren ondervraagd in de leeftijd
van grofweg 14 tot 17 jaar. In onderstaande regressieanalyse is de
participatie in populaire cultuur de afhankelijke variabele (pjcul:
0-100, van weinig naar veel participatie) en zijn de onafhankelijke
variabelen moeders cultuurparticipatie (pmcul: 0-1, van minst naar meest
cultureel actief) en schoolniveau (in dummy’s, referentiegroep =
vmbo-b). Er zijn in model 3 bovendien interacties toegevoegd tussen
moeders cultuurparticipatie en schoolniveau.</p>
<p><img src="Schermafbeelding__2019-02-04__om__10.54.16.png"
class="fr-fic fr-dii tvcss_2"
alt="Schermafbeelding 2019-02-04 om 10.54.16" /><br />
<img src="Schermafbeelding__2019-02-04__om__10.54.30.png"
class="fr-fic fr-dii tvcss_3"
alt="Schermafbeelding 2019-02-04 om 10.54.30" /><br />
Welke conclusie kun je uit model 2 trekken over de populatie
scholieren?<br />
1: Vmbo-b leerlingen doen minder aan populaire cultuur dan gymnasium
leerlingen met een vergelijkbaar cultureel actieve moeder<br />
2: Voor gymnasium leerlingen geldt dat naarmate de moeder meer aan
cultuur doet, zij zelf minder aan populaire cultuur doen.</p>
<choiceInteraction responseIdentifier="vufsw-multiple_linear_regression-2093-nl-qti_726894781_section_1_item_1_schoice_RESPONSE_1_6903719" shuffle="false" maxChoices="1">
<simpleChoice identifier="vufsw-multiple_linear_regression-2093-nl-qti_726894781_section_1_item_1_schoice_1_7595524381">
<p>
a. Alleen 1 is waar
</p>
</simpleChoice>
<simpleChoice identifier="vufsw-multiple_linear_regression-2093-nl-qti_726894781_section_1_item_1_schoice_2_3485573513">
<p>
b. 1 en 2 zijn beide onwaar
</p>
</simpleChoice>
<simpleChoice identifier="vufsw-multiple_linear_regression-2093-nl-qti_726894781_section_1_item_1_schoice_3_2258606404">
<p>
c. Zowel 1 als 2 zijn waar
</p>
</simpleChoice>
<simpleChoice identifier="vufsw-multiple_linear_regression-2093-nl-qti_726894781_section_1_item_1_schoice_4_6315608882">
<p>
d. Alleen 2 is waar
</p>
</simpleChoice>
</choiceInteraction>
</itemBody>
<responseProcessing>
<responseCondition>
<responseIf>
<isNull>
<variable identifier="vufsw-multiple_linear_regression-2093-nl-qti_726894781_section_1_item_1_schoice_RESPONSE_1_6903719"/>
</isNull>
<setOutcomeValue identifier="SCORE_RESPONSE_1">
<sum>
<variable identifier="SCORE_RESPONSE_1"/>
<baseValue baseType="float">0</baseValue>
</sum>
</setOutcomeValue>
</responseIf>
</responseCondition>
<setOutcomeValue identifier="SCORE_RESPONSE_1">
<sum>
<variable identifier="SCORE_RESPONSE_1"/>
<mapResponse identifier="vufsw-multiple_linear_regression-2093-nl-qti_726894781_section_1_item_1_schoice_RESPONSE_1_6903719"/>
</sum>
</setOutcomeValue>
<responseCondition>
<responseIf>
<lt>
<variable identifier="SCORE_RESPONSE_1"/>
<variable identifier="MINSCORE_RESPONSE_1"/>
</lt>
<setOutcomeValue identifier="SCORE_RESPONSE_1">
<variable identifier="MINSCORE_RESPONSE_1"/>
</setOutcomeValue>
</responseIf>
</responseCondition>
<setOutcomeValue identifier="SCORE">
<sum>
<variable identifier="SCORE_RESPONSE_1"/>
</sum>
</setOutcomeValue>
<responseCondition>
<responseIf>
<lt>
<variable identifier="SCORE"/>
<variable identifier="MINSCORE"/>
</lt>
<setOutcomeValue identifier="SCORE">
<variable identifier="MINSCORE"/>
</setOutcomeValue>
</responseIf>
</responseCondition>
<responseCondition>
<responseIf>
<lt>
<variable identifier="SCORE"/>
<baseValue baseType="float">1</baseValue>
</lt>
<setOutcomeValue identifier="FEEDBACKMODAL">
<multiple>
<variable identifier="FEEDBACKMODAL"/>
<baseValue baseType="identifier">Feedback287428396</baseValue>
</multiple>
</setOutcomeValue>
</responseIf>
</responseCondition>
</responseProcessing>
<modalFeedback identifier="Feedback287428396" outcomeIdentifier="FEEDBACKMODAL" showHide="show">
<ol type = "a">
<li> Alleen 1 is waar <br /> False </li>
<li> 1 en 2 zijn beide onwaar <br /> True </li>
<li> Zowel 1 als 2 zijn waar <br /> False </li>
<li> Alleen 2 is waar <br /> False </li>
</ol>
</modalFeedback>
</assessmentItem>
