<?xml version="1.0" encoding="UTF-8"?>
<!DOCTYPE questestinterop SYSTEM "ims_qtiasiv1p2p1.dtd">

<questestinterop xmlns="http://www.imsglobal.org/xsd/ims_qtiasiv1p2" xmlns:xsi="http://www.w3.org/2001/XMLSchema-instance" xsi:schemaLocation="http://www.imsglobal.org/xsd/ims_qtiasiv1p2 http://www.imsglobal.org/xsd/ims_qtiasiv1p2p1.xsd">
<assessment ident="uva-normal-1123-en-canvas_363366822" title="uva-normal-1123-en-canvas">

<qtimetadata>
<qtimetadatafield>
<fieldlabel>cc_maxattempts</fieldlabel>
<fieldentry>1</fieldentry>
</qtimetadatafield>
<qtimetadatafield>
<fieldlabel>qmd_assessmenttype</fieldlabel>
<fieldentry>Assessment</fieldentry>
</qtimetadatafield>
</qtimetadata>
<objectives>
<material>
<mattext><![CDATA[Please solve the following exercises.]]></mattext>
</material>
</objectives>
<assessmentcontrol feedbackswitch="No" hintswitch="No" solutionswitch="Yes"/>
<outcomes_processing scoremodel="SumOfScores">
<outcomes>
<decvar varname="SCORE" vartype="Decimal" cutvalue="0"/>
</outcomes>
</outcomes_processing>
<assessfeedback title="AssessmentFeedback" ident="AssessmentFeedback">
<flow_mat>
<material>
<mattext>##AssessmentFeedback##</mattext>
</material>
</flow_mat>
</assessfeedback>

<section ident="uva-normal-1123-en-canvas_363366822_section_1" title="Exercise">

<objectives>
<material>
<mattext><![CDATA[Please answer the following question.]]></mattext>
</material>
</objectives>
<selection_ordering>
<selection>
<selection_number>1</selection_number>
<selection_extension>
<points_per_item>1</points_per_item>
</selection_extension>
</selection>
<order order_type="Random"/>
</selection_ordering>

<item ident="uva-normal-1123-en-canvas_363366822_section_1_item_1_schoice" title="Question" maxattempts="1">
<itemcontrol feedbackswitch="No" hintswitch="No" solutionswitch="Yes"/>
<itemmetadata>
<qtimetadata>
<qtimetadatafield>
<fieldlabel>question_type</fieldlabel>
<fieldentry>multiple_choice_question</fieldentry>
</qtimetadatafield>
</qtimetadata>
</itemmetadata>
<presentation>
<flow>
<material>
<matbreak/>
<mattext texttype="text/html" charset="utf-8"><![CDATA[
<p>Suppose the height of Dutch women has a normal distribution with a mean µ = 65 inches and a standard deviation σ = 2.7 inches. Then what is the probability that if you choose a randomly selected woman in Netherlands, she will be 68 inches or taller?</p>
]]></mattext>
<matbreak/>
</material>
<response_lid ident="uva-normal-1123-en-canvas_363366822_section_1_item_1_schoice_RESPONSE_1361924" rcardinality="Single" rtiming="No">
<render_choice shuffle="No">
<flow_label class="List">
<response_label ident="uva-normal-1123-en-canvas_363366822_section_1_item_1_schoice_9783689329" rshuffle="No">
<material>
<mattext texttype="text/html" charset="utf-8"><![CDATA[
 0,13
]]></mattext>
</material>
</response_label>
</flow_label>
<flow_label class="List">
<response_label ident="uva-normal-1123-en-canvas_363366822_section_1_item_1_schoice_9719815641" rshuffle="No">
<material>
<mattext texttype="text/html" charset="utf-8"><![CDATA[
 0,84
]]></mattext>
</material>
</response_label>
</flow_label>
<flow_label class="List">
<response_label ident="uva-normal-1123-en-canvas_363366822_section_1_item_1_schoice_1222078749" rshuffle="No">
<material>
<mattext texttype="text/html" charset="utf-8"><![CDATA[
 0,87
]]></mattext>
</material>
</response_label>
</flow_label>
<flow_label class="List">
<response_label ident="uva-normal-1123-en-canvas_363366822_section_1_item_1_schoice_3661288031" rshuffle="No">
<material>
<mattext texttype="text/html" charset="utf-8"><![CDATA[
 1,11
]]></mattext>
</material>
</response_label>
</flow_label>
</render_choice>
</response_lid>
</flow>
</presentation>
<resprocessing>
<outcomes>
<decvar varname="SCORE" vartype="Decimal" defaultval="0" minvalue="0" maxvalue="1" cutvalue="1"/>
</outcomes>
<respcondition title="Mastery" continue="No">
<conditionvar>
<and>
<varequal respident="uva-normal-1123-en-canvas_363366822_section_1_item_1_schoice_RESPONSE_1361924" case="Yes">uva-normal-1123-en-canvas_363366822_section_1_item_1_schoice_9783689329</varequal>
<not> <varequal respident="uva-normal-1123-en-canvas_363366822_section_1_item_1_schoice_RESPONSE_1361924" case="Yes">uva-normal-1123-en-canvas_363366822_section_1_item_1_schoice_9719815641</varequal> </not>
<not> <varequal respident="uva-normal-1123-en-canvas_363366822_section_1_item_1_schoice_RESPONSE_1361924" case="Yes">uva-normal-1123-en-canvas_363366822_section_1_item_1_schoice_1222078749</varequal> </not>
<not> <varequal respident="uva-normal-1123-en-canvas_363366822_section_1_item_1_schoice_RESPONSE_1361924" case="Yes">uva-normal-1123-en-canvas_363366822_section_1_item_1_schoice_3661288031</varequal> </not>
</and>
</conditionvar>
<setvar varname="SCORE" action="Set">1</setvar>
<displayfeedback feedbacktype="Response" linkrefid="correct_fb"/>
</respcondition>
<respcondition continue="Yes">
<conditionvar>
<other/>
</conditionvar>
<displayfeedback feedbacktype="Response" linkrefid="general_incorrect_fb"/>
</respcondition>
</resprocessing>
<itemfeedback ident="correct_fb" view="All">
<flow_mat>
<material>
<mattext texttype="text/html"><![CDATA[
<ul>
<li> 0,13 <br /> 0.13: Correct </li>
<li> 0,84 <br /> 0.84: Incorrect </li>
<li> 0,87 <br /> 0.87: Incorrect </li>
<li> 1,11 <br /> 1.11: Incorrect </li>
</ul>
]]></mattext>
</material>
</flow_mat>
</itemfeedback>
<itemfeedback ident="general_incorrect_fb" view="All">
<flow_mat>
<material>
<mattext texttype="text/html"><![CDATA[
<ul>
<li> 0,13 <br /> 0.13: Correct </li>
<li> 0,84 <br /> 0.84: Incorrect </li>
<li> 0,87 <br /> 0.87: Incorrect </li>
<li> 1,11 <br /> 1.11: Incorrect </li>
</ul>
]]></mattext>
</material>
</flow_mat>
</itemfeedback>
</item>


</section>

</assessment>
</questestinterop>
