<?xml version="1.0" encoding="UTF-8"?>
<assessmentItem xsi:schemaLocation="http://www.imsglobal.org/xsd/imsqti_v2p1 http://www.imsglobal.org/xsd/qti/qtiv2p1/imsqti_v2p1p1.xsd http://www.w3.org/1998/Math/MathML http://www.w3.org/Math/XMLSchema/mathml2/mathml2.xsd" identifier="uva-squared-1467-en-qti_759113361_section_1_item_1_schoice" title="1" adaptive="false" timeDependent="false" xmlns="http://www.imsglobal.org/xsd/imsqti_v2p1" xmlns:xsi="http://www.w3.org/2001/XMLSchema-instance">
<responseDeclaration identifier="uva-squared-1467-en-qti_759113361_section_1_item_1_schoice_RESPONSE_1_3340966" cardinality="single" baseType="identifier">
<correctResponse>
<value>uva-squared-1467-en-qti_759113361_section_1_item_1_schoice_3_6310200702</value>
</correctResponse>
<mapping defaultValue="0" lowerBound="0.0">
<mapEntry mapKey="uva-squared-1467-en-qti_759113361_section_1_item_1_schoice_1_1057194754" mappedValue="0"/>
<mapEntry mapKey="uva-squared-1467-en-qti_759113361_section_1_item_1_schoice_2_4864540315" mappedValue="0"/>
<mapEntry mapKey="uva-squared-1467-en-qti_759113361_section_1_item_1_schoice_3_6310200702" mappedValue="1"/>
</mapping>
</responseDeclaration>
<outcomeDeclaration identifier="SCORE" cardinality="single" baseType="float" normalMaximum="1" normalMinimum="0">
<defaultValue>
<value>0.0</value>
</defaultValue>
</outcomeDeclaration>
<outcomeDeclaration identifier="MAXSCORE" cardinality="single" baseType="float">
<defaultValue>
<value>1</value>
</defaultValue>
</outcomeDeclaration>
<outcomeDeclaration identifier="FEEDBACKBASIC" cardinality="single" baseType="identifier" view="testConstructor">
<defaultValue>
<value>empty</value>
</defaultValue>
</outcomeDeclaration>
<outcomeDeclaration identifier="FEEDBACKMODAL" cardinality="multiple" baseType="identifier" view="testConstructor"/>
<outcomeDeclaration identifier="SOLUTIONMODAL" cardinality="single" baseType="identifier" view="testConstructor"/>
<outcomeDeclaration identifier="MINSCORE" cardinality="single" baseType="float">
<defaultValue>
<value baseType="float">0</value>
</defaultValue>
</outcomeDeclaration>
<outcomeDeclaration identifier="SCORE_RESPONSE_1" cardinality="single" baseType="float">
<defaultValue>
<value>0.0</value>
</defaultValue>
</outcomeDeclaration>
<outcomeDeclaration identifier="MINSCORE_RESPONSE_1" cardinality="single" baseType="float">
<defaultValue>
<value>0.0</value>
</defaultValue>
</outcomeDeclaration>
<itemBody>
<p>Given is the following frequency table.</p>
<p>——- ———– ————- Sports car Family car Male 15 6 Woman 17 4 ——- ———– ————-</p>
<p>What is the expected cell frequency of a Man with Sports Car under the assumption of independence from the null hypothesis?</p>
<choiceInteraction responseIdentifier="uva-squared-1467-en-qti_759113361_section_1_item_1_schoice_RESPONSE_1_3340966" shuffle="false" maxChoices="1">
<simpleChoice identifier="uva-squared-1467-en-qti_759113361_section_1_item_1_schoice_1_1057194754">
<p>
 10.5
</p>
</simpleChoice>
<simpleChoice identifier="uva-squared-1467-en-qti_759113361_section_1_item_1_schoice_2_4864540315">
<p>
 15
</p>
</simpleChoice>
<simpleChoice identifier="uva-squared-1467-en-qti_759113361_section_1_item_1_schoice_3_6310200702">
<p>
 16
</p>
</simpleChoice>
</choiceInteraction>
</itemBody>
<responseProcessing>
<setOutcomeValue identifier="SCORE_RESPONSE_1">
<sum>
<variable identifier="SCORE_RESPONSE_1"/>
<mapResponse identifier="uva-squared-1467-en-qti_759113361_section_1_item_1_schoice_RESPONSE_1_3340966"/>
</sum>
</setOutcomeValue>
<responseCondition>
<responseIf>
<lt>
<variable identifier="SCORE_RESPONSE_1"/>
<variable identifier="MINSCORE_RESPONSE_1"/>
</lt>
<setOutcomeValue identifier="SCORE_RESPONSE_1">
<variable identifier="MINSCORE_RESPONSE_1"/>
</setOutcomeValue>
</responseIf>
</responseCondition>
<responseCondition>
<responseIf>
<isNull>
<variable identifier="uva-squared-1467-en-qti_759113361_section_1_item_1_schoice_RESPONSE_1_3340966"/>
</isNull>
<setOutcomeValue identifier="SCORE_RESPONSE_1">
<sum>
<variable identifier="SCORE_RESPONSE_1"/>
<baseValue baseType="float">0</baseValue>
</sum>
</setOutcomeValue>
</responseIf>
</responseCondition>
<setOutcomeValue identifier="SCORE">
<sum>
<variable identifier="SCORE_RESPONSE_1"/>
</sum>
</setOutcomeValue>
<responseCondition>
<responseIf>
<lt>
<variable identifier="SCORE"/>
<variable identifier="MINSCORE"/>
</lt>
<setOutcomeValue identifier="SCORE">
<variable identifier="MINSCORE"/>
</setOutcomeValue>
</responseIf>
</responseCondition>
<responseCondition>
<responseIf>
<lt>
<variable identifier="SCORE"/>
<baseValue baseType="float">1</baseValue>
</lt>
<setOutcomeValue identifier="FEEDBACKMODAL">
<multiple>
<variable identifier="FEEDBACKMODAL"/>
<baseValue baseType="identifier">Feedback630873562</baseValue>
</multiple>
</setOutcomeValue>
</responseIf>
</responseCondition>
</responseProcessing>
<modalFeedback identifier="Feedback630873562" outcomeIdentifier="FEEDBACKMODAL" showHide="show">
<ul>
<li> 10.5 <br /> 10.5: Incorrect </li>
<li> 15 <br /> 15: Incorrect </li>
<li> 16 <br /> 16: Correct </li>
</ul>
</modalFeedback>
</assessmentItem>
