<?xml version="1.0" encoding="UTF-8"?>
<assessmentItem xsi:schemaLocation="http://www.imsglobal.org/xsd/imsqti_v2p1 http://www.imsglobal.org/xsd/qti/qtiv2p1/imsqti_v2p1p1.xsd http://www.w3.org/1998/Math/MathML http://www.w3.org/Math/XMLSchema/mathml2/mathml2.xsd" identifier="uu-reliability-005-nl_685846093_section_1_item_1_schoice" title="1" adaptive="false" timeDependent="false" xmlns="http://www.imsglobal.org/xsd/imsqti_v2p1" xmlns:xsi="http://www.w3.org/2001/XMLSchema-instance">
<responseDeclaration identifier="uu-reliability-005-nl_685846093_section_1_item_1_schoice_RESPONSE_1_6447897" cardinality="single" baseType="identifier">
<correctResponse>
<value>uu-reliability-005-nl_685846093_section_1_item_1_schoice_2_3622013649</value>
</correctResponse>
<mapping defaultValue="0" lowerBound="0.0">
<mapEntry mapKey="uu-reliability-005-nl_685846093_section_1_item_1_schoice_1_8031616626" mappedValue="0"/>
<mapEntry mapKey="uu-reliability-005-nl_685846093_section_1_item_1_schoice_2_3622013649" mappedValue="1"/>
<mapEntry mapKey="uu-reliability-005-nl_685846093_section_1_item_1_schoice_3_2801115752" mappedValue="0"/>
<mapEntry mapKey="uu-reliability-005-nl_685846093_section_1_item_1_schoice_4_8886231376" mappedValue="0"/>
</mapping>
</responseDeclaration>
<outcomeDeclaration identifier="SCORE" cardinality="single" baseType="float" normalMaximum="1" normalMinimum="0">
<defaultValue>
<value>0.0</value>
</defaultValue>
</outcomeDeclaration>
<outcomeDeclaration identifier="MAXSCORE" cardinality="single" baseType="float">
<defaultValue>
<value>1</value>
</defaultValue>
</outcomeDeclaration>
<outcomeDeclaration identifier="FEEDBACKBASIC" cardinality="single" baseType="identifier" view="testConstructor">
<defaultValue>
<value>empty</value>
</defaultValue>
</outcomeDeclaration>
<outcomeDeclaration identifier="FEEDBACKMODAL" cardinality="multiple" baseType="identifier" view="testConstructor"/>
<outcomeDeclaration identifier="MINSCORE" cardinality="single" baseType="float">
<defaultValue>
<value baseType="float">0</value>
</defaultValue>
</outcomeDeclaration>
<outcomeDeclaration identifier="SCORE_RESPONSE_1" cardinality="single" baseType="float">
<defaultValue>
<value>0.0</value>
</defaultValue>
</outcomeDeclaration>
<outcomeDeclaration identifier="MINSCORE_RESPONSE_1" cardinality="single" baseType="float">
<defaultValue>
<value>0.0</value>
</defaultValue>
</outcomeDeclaration>
<itemBody>
<p>In een experiment naar de gevoeligheid voor omgevingsgeluiden bij de uitvoering van cognitieve taken krijgen de deelnemers tien opgaven. De betrouwbaarheid rXX’ van deze test (berekend over de samengestelde score van de tien opgaven) bedraagt .60. Een onderzoeker besluit tot een uitbreiding met vijf gelijkwaardige opgaven.</p>
<p>De geschatte betrouwbaarheid van de verlengde test (rvv’) is dan:</p>
<choiceInteraction responseIdentifier="uu-reliability-005-nl_685846093_section_1_item_1_schoice_RESPONSE_1_6447897" shuffle="false" maxChoices="1">
<simpleChoice identifier="uu-reliability-005-nl_685846093_section_1_item_1_schoice_1_8031616626">
<p>
a. rvv’ is kleiner of gelijk aan 0.60
</p>
</simpleChoice>
<simpleChoice identifier="uu-reliability-005-nl_685846093_section_1_item_1_schoice_2_3622013649">
<p>
b. rvv’ is groter dan 0.60 maar kleiner of gelijk aan 0.70
</p>
</simpleChoice>
<simpleChoice identifier="uu-reliability-005-nl_685846093_section_1_item_1_schoice_3_2801115752">
<p>
c. rvv’ is groter dan 0.70 maar kleiner of gelijk aan 0.80
</p>
</simpleChoice>
<simpleChoice identifier="uu-reliability-005-nl_685846093_section_1_item_1_schoice_4_8886231376">
<p>
d. rvv’ is groter dan 0.80
</p>
</simpleChoice>
</choiceInteraction>
</itemBody>
<responseProcessing>
<responseCondition>
<responseIf>
<isNull>
<variable identifier="uu-reliability-005-nl_685846093_section_1_item_1_schoice_RESPONSE_1_6447897"/>
</isNull>
<setOutcomeValue identifier="SCORE_RESPONSE_1">
<sum>
<variable identifier="SCORE_RESPONSE_1"/>
<baseValue baseType="float">0</baseValue>
</sum>
</setOutcomeValue>
</responseIf>
</responseCondition>
<setOutcomeValue identifier="SCORE_RESPONSE_1">
<sum>
<variable identifier="SCORE_RESPONSE_1"/>
<mapResponse identifier="uu-reliability-005-nl_685846093_section_1_item_1_schoice_RESPONSE_1_6447897"/>
</sum>
</setOutcomeValue>
<responseCondition>
<responseIf>
<lt>
<variable identifier="SCORE_RESPONSE_1"/>
<variable identifier="MINSCORE_RESPONSE_1"/>
</lt>
<setOutcomeValue identifier="SCORE_RESPONSE_1">
<variable identifier="MINSCORE_RESPONSE_1"/>
</setOutcomeValue>
</responseIf>
</responseCondition>
<setOutcomeValue identifier="SCORE">
<sum>
<variable identifier="SCORE_RESPONSE_1"/>
</sum>
</setOutcomeValue>
<responseCondition>
<responseIf>
<lt>
<variable identifier="SCORE"/>
<variable identifier="MINSCORE"/>
</lt>
<setOutcomeValue identifier="SCORE">
<variable identifier="MINSCORE"/>
</setOutcomeValue>
</responseIf>
</responseCondition>
<responseCondition>
<responseIf>
<lt>
<variable identifier="SCORE"/>
<baseValue baseType="float">1</baseValue>
</lt>
<setOutcomeValue identifier="FEEDBACKMODAL">
<multiple>
<variable identifier="FEEDBACKMODAL"/>
<baseValue baseType="identifier">Feedback173017351</baseValue>
</multiple>
</setOutcomeValue>
</responseIf>
</responseCondition>
</responseProcessing>
<modalFeedback identifier="Feedback173017351" outcomeIdentifier="FEEDBACKMODAL" showHide="show">
<p>We bepalen eerste de verlengingsfactor:</p>
<p><math display="inline" xmlns="http://www.w3.org/1998/Math/MathML"><semantics><mrow><mi>v</mi><mo>=</mo><mfrac><mrow><mi>k</mi><mi>′</mi></mrow><mi>k</mi></mfrac><mo>=</mo><mfrac><mrow><mi>N</mi><mi>i</mi><mi>e</mi><mi>u</mi><mi>w</mi><mi>e</mi><mi>a</mi><mi>a</mi><mi>n</mi><mi>t</mi><mi>a</mi><mi>l</mi><mi>i</mi><mi>t</mi><mi>e</mi><mi>m</mi><mi>s</mi></mrow><mrow><mi>O</mi><mi>o</mi><mi>r</mi><mi>s</mi><mi>p</mi><mi>r</mi><mi>o</mi><mi>n</mi><mi>k</mi><mi>e</mi><mi>l</mi><mi>i</mi><mi>j</mi><mi>k</mi><mi>a</mi><mi>a</mi><mi>n</mi><mi>t</mi><mi>a</mi><mi>l</mi><mi>i</mi><mi>t</mi><mi>e</mi><mi>m</mi><mi>s</mi></mrow></mfrac><mo>=</mo><mfrac><mn>15</mn><mn>10</mn></mfrac><mo>=</mo><mn>1.50</mn></mrow><annotation encoding="application/x-tex">v= \frac {k&#39;}{k} = \frac {Nieuwe aantal items} {Oorspronkelijk aantal items} = \frac {15}{10} = 1.50</annotation></semantics></math></p>
<p>We weten dat de oorspronkelijke betrouwbaarheid van de test .60 was. Met behulp van de SPearman Brown formule berekenen we de geschatte betrouwbaarheid van de verlenge test:</p>
<p>$r_{vv’} =  {1 + (v-1)r{oo’}} =  {1+ (1.50-1) * 0.60} =  = 0.69 $</p>
<br />
<ol type = "a">
<li> rvv’ is kleiner of gelijk aan 0.60 <br />  </li>
<li> rvv’ is groter dan 0.60 maar kleiner of gelijk aan 0.70 <br />  </li>
<li> rvv’ is groter dan 0.70 maar kleiner of gelijk aan 0.80 <br />  </li>
<li> rvv’ is groter dan 0.80 <br />  </li>
</ol>
</modalFeedback>
</assessmentItem>
