<?xml version="1.0" encoding="utf-8" standalone="yes"?>
<assessmentItem identifier="vufgb-anovaftest-005-en-tv_202209061507_item_1_schoice" title="vufgb-anovaftest-005-en-tv_202209061507_item_1_schoice_vufgb-anovaftest-005-en" adaptive="false" timeDependent="false" toolName="Testvision Online" toolVersion="39.0.9084" xmlns="http://www.imsglobal.org/xsd/imsqti_v2p1">
<responseDeclaration identifier="RESPONSE" cardinality="single" baseType="identifier">
<correctResponse>
<value>alt_120704</value>
</correctResponse>
<mapping defaultValue="0" lowerBound="0.0">
<mapEntry mapKey="alt_850079" mappedValue="-0.333333333333333"/>
<mapEntry mapKey="alt_120704" mappedValue="1"/>
<mapEntry mapKey="alt_174319" mappedValue="-0.333333333333333"/>
<mapEntry mapKey="alt_534405" mappedValue="-0.333333333333333"/>
</mapping>
</responseDeclaration>
<outcomeDeclaration identifier="SCORE" cardinality="single" baseType="float" normalMaximum="1" normalMinimum="0" />
<outcomeDeclaration identifier="FEEDBACK" cardinality="single" baseType="identifier" />
<itemBody>
<p>A researcher has performed a Factorial ANOVA to evaluate whether GPA (Grade Point Average) scores and classes (Class) are related to the number of points received from the teacher for class participation (nr of points in class).</p>
<p>Calculate the F-value for “Class”.</p>
<p><img src="mediafiles/supplements1/vufgb-anovaftest-005-en-table01.jpg" alt="image"/></p>
<choiceInteraction responseIdentifier="RESPONSE" shuffle="false" maxChoices="1">
<simpleChoice identifier="alt_850079">
<div class="textblock tvblock tvcss_1"><div class="rte_zone tveditor1">
a. 9.002
</div>
</div>
</simpleChoice>
<simpleChoice identifier="alt_120704">
<div class="textblock tvblock tvcss_1"><div class="rte_zone tveditor1">
b. 0.547
</div>
</div>
</simpleChoice>
<simpleChoice identifier="alt_174319">
<div class="textblock tvblock tvcss_1"><div class="rte_zone tveditor1">
c. 0.034
</div>
</div>
</simpleChoice>
<simpleChoice identifier="alt_534405">
<div class="textblock tvblock tvcss_1"><div class="rte_zone tveditor1">
d. 1.828
</div>
</div>
</simpleChoice>
</choiceInteraction>
</itemBody>
<responseProcessing>
<responseCondition>
<responseIf>
<isNull>
<variable identifier="RESPONSE"/>
</isNull>
<setOutcomeValue identifier="SCORE">
<baseValue baseType="float">0.0</baseValue>
</setOutcomeValue>
<setOutcomeValue identifier="FEEDBACK">
<baseValue baseType="identifier">FAILURE</baseValue>
</setOutcomeValue>
</responseIf>
<responseElse>
<setOutcomeValue identifier="SCORE">
<mapResponse identifier="RESPONSE"/>
</setOutcomeValue>
<responseCondition>
<responseIf>
<equal toleranceMode="relative" tolerance="0.001">
<variable identifier="SCORE"/>
<variable identifier="MAXSCORE"/>
</equal>
<setOutcomeValue identifier="FEEDBACK">
<baseValue baseType="identifier">ANSWER_CORRECT</baseValue>
</setOutcomeValue>
</responseIf>
<responseElse>
<setOutcomeValue identifier="FEEDBACK">
<baseValue baseType="identifier">FAILURE</baseValue>
</setOutcomeValue>
</responseElse>
</responseCondition>
</responseElse>
</responseCondition>
</responseProcessing>
<modalFeedback identifier="FAILURE" outcomeIdentifier="FEEDBACK" showHide="show">
<div class="textblock tvblock tvcss_1"><div class="rte_zone tveditor1">
<ol>
<li> 9.002 <br /> Incorrect </li>
<li> 0.547 <br /> Correct </li>
<li> 0.034 <br /> Incorrect </li>
<li> 1.828 <br /> Incorrect </li>
</ol>
</div>
</div>
</modalFeedback>
<modalFeedback identifier="ANSWER_CORRECT" outcomeIdentifier="FEEDBACK" showHide="show">
<div class="textblock tvblock tvcss_1"><div class="rte_zone tveditor1">
<ol>
<li> 9.002 <br /> Incorrect </li>
<li> 0.547 <br /> Correct </li>
<li> 0.034 <br /> Incorrect </li>
<li> 1.828 <br /> Incorrect </li>
</ol>
</div>
</div>
</modalFeedback>
<modalFeedback identifier="PARTIAL_CORRECT" outcomeIdentifier="FEEDBACK" showHide="show">
<div class="textblock tvblock tvcss_1"><div class="rte_zone tveditor1">
<ol>
<li> 9.002 <br /> Incorrect </li>
<li> 0.547 <br /> Correct </li>
<li> 0.034 <br /> Incorrect </li>
<li> 1.828 <br /> Incorrect </li>
</ol>
</div>
</div>
</modalFeedback>
</assessmentItem>
