<?xml version="1.0" encoding="UTF-8"?>
<!DOCTYPE questestinterop SYSTEM "ims_qtiasiv1p2p1.dtd">

<questestinterop xmlns="http://www.imsglobal.org/xsd/ims_qtiasiv1p2" xmlns:xsi="http://www.w3.org/2001/XMLSchema-instance" xsi:schemaLocation="http://www.imsglobal.org/xsd/ims_qtiasiv1p2 http://www.imsglobal.org/xsd/ims_qtiasiv1p2p1.xsd">
<assessment ident="uva-oneway-anova-542-nl-canvas_507492732" title="uva-oneway-anova-542-nl-canvas">

<qtimetadata>
<qtimetadatafield>
<fieldlabel>cc_maxattempts</fieldlabel>
<fieldentry>1</fieldentry>
</qtimetadatafield>
<qtimetadatafield>
<fieldlabel>qmd_assessmenttype</fieldlabel>
<fieldentry>Assessment</fieldentry>
</qtimetadatafield>
</qtimetadata>
<objectives>
<material>
<mattext><![CDATA[Please solve the following exercises.]]></mattext>
</material>
</objectives>
<assessmentcontrol feedbackswitch="No" hintswitch="No" solutionswitch="Yes"/>
<outcomes_processing scoremodel="SumOfScores">
<outcomes>
<decvar varname="SCORE" vartype="Decimal" cutvalue="0"/>
</outcomes>
</outcomes_processing>
<assessfeedback title="AssessmentFeedback" ident="AssessmentFeedback">
<flow_mat>
<material>
<mattext>##AssessmentFeedback##</mattext>
</material>
</flow_mat>
</assessfeedback>

<section ident="uva-oneway-anova-542-nl-canvas_507492732_section_1" title="Exercise">

<objectives>
<material>
<mattext><![CDATA[Please answer the following question.]]></mattext>
</material>
</objectives>
<selection_ordering>
<selection>
<selection_number>1</selection_number>
<selection_extension>
<points_per_item>1</points_per_item>
</selection_extension>
</selection>
<order order_type="Random"/>
</selection_ordering>

<item ident="uva-oneway-anova-542-nl-canvas_507492732_section_1_item_1_schoice" title="Question" maxattempts="1">
<itemcontrol feedbackswitch="No" hintswitch="No" solutionswitch="Yes"/>
<itemmetadata>
<qtimetadata>
<qtimetadatafield>
<fieldlabel>question_type</fieldlabel>
<fieldentry>multiple_choice_question</fieldentry>
</qtimetadatafield>
</qtimetadata>
</itemmetadata>
<presentation>
<flow>
<material>
<matbreak/>
<mattext texttype="text/html" charset="utf-8"><![CDATA[
<p>Hieronder staat een onvolledige ANOVA-tabel, behorend bij een Randomized
Complete Block ANOVA.</p>
<table>
<tbody>
<tr class="odd">
<td align="left">Variatiebron</td>
<td align="left">SS</td>
<td align="left">df</td>
<td align="left">MS</td>
<td align="left">F</td>
</tr>
<tr class="even">
<td align="left">Groep</td>
<td align="left"></td>
<td align="left">3</td>
<td align="left">39.0</td>
<td align="left">8.67</td>
</tr>
<tr class="odd">
<td align="left">Blok</td>
<td align="left"></td>
<td align="left">2</td>
<td align="left">22.5</td>
<td align="left">5.00</td>
</tr>
<tr class="even">
<td align="left">Error</td>
<td align="left"></td>
<td align="left">6</td>
<td align="left">4.5</td>
<td align="left"></td>
</tr>
<tr class="odd">
<td align="left">Totaal</td>
<td align="left"></td>
<td align="left">11</td>
<td align="left"></td>
<td align="left"></td>
</tr>
</tbody>
</table>
<p>We willen de nulhypothese testen dat er geen groepseffect is, met 5%
risico. Het toetsresultaat is</p>
]]></mattext>
<matbreak/>
</material>
<response_lid ident="uva-oneway-anova-542-nl-canvas_507492732_section_1_item_1_schoice_RESPONSE_6348186" rcardinality="Single" rtiming="No">
<render_choice shuffle="No">
<flow_label class="List">
<response_label ident="uva-oneway-anova-542-nl-canvas_507492732_section_1_item_1_schoice_6564914911" rshuffle="No">
<material>
<mattext texttype="text/html" charset="utf-8"><![CDATA[
 significant, verwerp H0
]]></mattext>
</material>
</response_label>
</flow_label>
<flow_label class="List">
<response_label ident="uva-oneway-anova-542-nl-canvas_507492732_section_1_item_1_schoice_1590749336" rshuffle="No">
<material>
<mattext texttype="text/html" charset="utf-8"><![CDATA[
 significant, verwerp H0 niet
]]></mattext>
</material>
</response_label>
</flow_label>
<flow_label class="List">
<response_label ident="uva-oneway-anova-542-nl-canvas_507492732_section_1_item_1_schoice_9814852692" rshuffle="No">
<material>
<mattext texttype="text/html" charset="utf-8"><![CDATA[
 niet significant, verwerp H0
]]></mattext>
</material>
</response_label>
</flow_label>
<flow_label class="List">
<response_label ident="uva-oneway-anova-542-nl-canvas_507492732_section_1_item_1_schoice_9976419713" rshuffle="No">
<material>
<mattext texttype="text/html" charset="utf-8"><![CDATA[
 niet significant, verwerp H0 niet
]]></mattext>
</material>
</response_label>
</flow_label>
</render_choice>
</response_lid>
</flow>
</presentation>
<resprocessing>
<outcomes>
<decvar varname="SCORE" vartype="Decimal" defaultval="0" minvalue="0" maxvalue="1" cutvalue="1"/>
</outcomes>
<respcondition title="Mastery" continue="No">
<conditionvar>
<and>
<varequal respident="uva-oneway-anova-542-nl-canvas_507492732_section_1_item_1_schoice_RESPONSE_6348186" case="Yes">uva-oneway-anova-542-nl-canvas_507492732_section_1_item_1_schoice_6564914911</varequal>
<not> <varequal respident="uva-oneway-anova-542-nl-canvas_507492732_section_1_item_1_schoice_RESPONSE_6348186" case="Yes">uva-oneway-anova-542-nl-canvas_507492732_section_1_item_1_schoice_1590749336</varequal> </not>
<not> <varequal respident="uva-oneway-anova-542-nl-canvas_507492732_section_1_item_1_schoice_RESPONSE_6348186" case="Yes">uva-oneway-anova-542-nl-canvas_507492732_section_1_item_1_schoice_9814852692</varequal> </not>
<not> <varequal respident="uva-oneway-anova-542-nl-canvas_507492732_section_1_item_1_schoice_RESPONSE_6348186" case="Yes">uva-oneway-anova-542-nl-canvas_507492732_section_1_item_1_schoice_9976419713</varequal> </not>
</and>
</conditionvar>
<setvar varname="SCORE" action="Set">1</setvar>
<displayfeedback feedbacktype="Response" linkrefid="correct_fb"/>
</respcondition>
<respcondition continue="Yes">
<conditionvar>
<other/>
</conditionvar>
<displayfeedback feedbacktype="Response" linkrefid="general_incorrect_fb"/>
</respcondition>
</resprocessing>
<itemfeedback ident="correct_fb" view="All">
<flow_mat>
<material>
<mattext texttype="text/html"><![CDATA[
<ul>
<li> significant, verwerp H0 <br /> significant, verwerp H0: Correct </li>
<li> significant, verwerp H0 niet <br /> significant, verwerp H0 niet: Incorrect </li>
<li> niet significant, verwerp H0 <br /> niet significant, verwerp H0: Incorrect </li>
<li> niet significant, verwerp H0 niet <br /> niet significant, verwerp H0 niet: Incorrect </li>
</ul>
]]></mattext>
</material>
</flow_mat>
</itemfeedback>
<itemfeedback ident="general_incorrect_fb" view="All">
<flow_mat>
<material>
<mattext texttype="text/html"><![CDATA[
<ul>
<li> significant, verwerp H0 <br /> significant, verwerp H0: Correct </li>
<li> significant, verwerp H0 niet <br /> significant, verwerp H0 niet: Incorrect </li>
<li> niet significant, verwerp H0 <br /> niet significant, verwerp H0: Incorrect </li>
<li> niet significant, verwerp H0 niet <br /> niet significant, verwerp H0 niet: Incorrect </li>
</ul>
]]></mattext>
</material>
</flow_mat>
</itemfeedback>
</item>


</section>

</assessment>
</questestinterop>
