<?xml version="1.0" encoding="UTF-8"?>
<assessmentItem xsi:schemaLocation="http://www.imsglobal.org/xsd/imsqti_v2p1 http://www.imsglobal.org/xsd/qti/qtiv2p1/imsqti_v2p1p1.xsd http://www.w3.org/1998/Math/MathML http://www.w3.org/Math/XMLSchema/mathml2/mathml2.xsd" identifier="uva-expected-value-1271-nl-ans_740539108_section_1_item_1_schoice" title="Probability_uva-expected-value-1271-nl_uva-expected-value-1271-nl_schoice_1" adaptive="false" timeDependent="false" xmlns="http://www.imsglobal.org/xsd/imsqti_v2p1" xmlns:xsi="http://www.w3.org/2001/XMLSchema-instance">
<responseDeclaration identifier="uva-expected-value-1271-nl-ans_740539108_section_1_item_1_schoice_RESPONSE_1_8063159" cardinality="single" baseType="identifier">
<correctResponse>
<value>uva-expected-value-1271-nl-ans_740539108_section_1_item_1_schoice_2_1239685770</value>
</correctResponse>
<mapping defaultValue="0" lowerBound="0.0">
<mapEntry mapKey="uva-expected-value-1271-nl-ans_740539108_section_1_item_1_schoice_1_1421404655" mappedValue="0"/>
<mapEntry mapKey="uva-expected-value-1271-nl-ans_740539108_section_1_item_1_schoice_2_1239685770" mappedValue="1"/>
<mapEntry mapKey="uva-expected-value-1271-nl-ans_740539108_section_1_item_1_schoice_3_7876446478" mappedValue="0"/>
<mapEntry mapKey="uva-expected-value-1271-nl-ans_740539108_section_1_item_1_schoice_4_9065030656" mappedValue="0"/>
<mapEntry mapKey="uva-expected-value-1271-nl-ans_740539108_section_1_item_1_schoice_5_6943996338" mappedValue="0"/>
</mapping>
</responseDeclaration>
<outcomeDeclaration identifier="SCORE" cardinality="single" baseType="float" normalMaximum="1" normalMinimum="0">
<defaultValue>
<value>0.0</value>
</defaultValue>
</outcomeDeclaration>
<outcomeDeclaration identifier="MAXSCORE" cardinality="single" baseType="float">
<defaultValue>
<value>1</value>
</defaultValue>
</outcomeDeclaration>
<outcomeDeclaration identifier="FEEDBACKBASIC" cardinality="single" baseType="identifier" view="testConstructor">
<defaultValue>
<value>empty</value>
</defaultValue>
</outcomeDeclaration>
<outcomeDeclaration identifier="FEEDBACKMODAL" cardinality="multiple" baseType="identifier" view="testConstructor"/>
<outcomeDeclaration identifier="SOLUTIONMODAL" cardinality="single" baseType="identifier" view="testConstructor"/>
<outcomeDeclaration identifier="MINSCORE" cardinality="single" baseType="float">
<defaultValue>
<value baseType="float">0</value>
</defaultValue>
</outcomeDeclaration>
<outcomeDeclaration identifier="SCORE_RESPONSE_1" cardinality="single" baseType="float">
<defaultValue>
<value>0.0</value>
</defaultValue>
</outcomeDeclaration>
<outcomeDeclaration identifier="MINSCORE_RESPONSE_1" cardinality="single" baseType="float">
<defaultValue>
<value>0.0</value>
</defaultValue>
</outcomeDeclaration>
<itemBody>
<p>Van elke 100 mensen worden er 10 aselect gekozen die elk een € 5
cadeaubon winnen. Wat is dan de standaardafwijking van het gewonnen
bedrag voor één persoon?</p>
<choiceInteraction responseIdentifier="uva-expected-value-1271-nl-ans_740539108_section_1_item_1_schoice_RESPONSE_1_8063159" shuffle="false" maxChoices="1">
<simpleChoice identifier="uva-expected-value-1271-nl-ans_740539108_section_1_item_1_schoice_1_1421404655">
<p>
 € 0,50
</p>
</simpleChoice>
<simpleChoice identifier="uva-expected-value-1271-nl-ans_740539108_section_1_item_1_schoice_2_1239685770">
<p>
 € 1,50
</p>
</simpleChoice>
<simpleChoice identifier="uva-expected-value-1271-nl-ans_740539108_section_1_item_1_schoice_3_7876446478">
<p>
 € 2,25
</p>
</simpleChoice>
<simpleChoice identifier="uva-expected-value-1271-nl-ans_740539108_section_1_item_1_schoice_4_9065030656">
<p>
 € 2,50
</p>
</simpleChoice>
<simpleChoice identifier="uva-expected-value-1271-nl-ans_740539108_section_1_item_1_schoice_5_6943996338">
<p>
 € 4,50
</p>
</simpleChoice>
</choiceInteraction>
</itemBody>
<responseProcessing>
<setOutcomeValue identifier="SCORE_RESPONSE_1">
<sum>
<variable identifier="SCORE_RESPONSE_1"/>
<mapResponse identifier="uva-expected-value-1271-nl-ans_740539108_section_1_item_1_schoice_RESPONSE_1_8063159"/>
</sum>
</setOutcomeValue>
<responseCondition>
<responseIf>
<lt>
<variable identifier="SCORE_RESPONSE_1"/>
<variable identifier="MINSCORE_RESPONSE_1"/>
</lt>
<setOutcomeValue identifier="SCORE_RESPONSE_1">
<variable identifier="MINSCORE_RESPONSE_1"/>
</setOutcomeValue>
</responseIf>
</responseCondition>
<responseCondition>
<responseIf>
<isNull>
<variable identifier="uva-expected-value-1271-nl-ans_740539108_section_1_item_1_schoice_RESPONSE_1_8063159"/>
</isNull>
<setOutcomeValue identifier="SCORE_RESPONSE_1">
<sum>
<variable identifier="SCORE_RESPONSE_1"/>
<baseValue baseType="float">0</baseValue>
</sum>
</setOutcomeValue>
</responseIf>
</responseCondition>
<setOutcomeValue identifier="SCORE">
<sum>
<variable identifier="SCORE_RESPONSE_1"/>
</sum>
</setOutcomeValue>
<responseCondition>
<responseIf>
<lt>
<variable identifier="SCORE"/>
<variable identifier="MINSCORE"/>
</lt>
<setOutcomeValue identifier="SCORE">
<variable identifier="MINSCORE"/>
</setOutcomeValue>
</responseIf>
</responseCondition>
<responseCondition>
<responseIf>
<lt>
<variable identifier="SCORE"/>
<baseValue baseType="float">1</baseValue>
</lt>
<setOutcomeValue identifier="FEEDBACKMODAL">
<multiple>
<variable identifier="FEEDBACKMODAL"/>
<baseValue baseType="identifier">Feedback274195765</baseValue>
</multiple>
</setOutcomeValue>
</responseIf>
</responseCondition>
</responseProcessing>
<modalFeedback outcomeIdentifier="FEEDBACK" showHide="show" identifier="incorrect">
<ul>
<li> € 0,50 <br /> € 0,50: Incorrect </li>
<li> € 1,50 <br /> € 1,50: Correct </li>
<li> € 2,25 <br /> € 2,25: Incorrect </li>
<li> € 2,50 <br /> € 2,50: Incorrect </li>
<li> € 4,50 <br /> € 4,50: Incorrect </li>
</ul>
</modalFeedback>
</assessmentItem>
