<?xml version="1.0" encoding="UTF-8"?>
<assessmentItem xsi:schemaLocation="http://www.imsglobal.org/xsd/imsqti_v2p1 http://www.imsglobal.org/xsd/qti/qtiv2p1/imsqti_v2p1p1.xsd http://www.w3.org/1998/Math/MathML http://www.w3.org/Math/XMLSchema/mathml2/mathml2.xsd" identifier="uva-conditional-probability-961-en-qti_961879556_section_1_item_1_schoice" title="1" adaptive="false" timeDependent="false" xmlns="http://www.imsglobal.org/xsd/imsqti_v2p1" xmlns:xsi="http://www.w3.org/2001/XMLSchema-instance">
<responseDeclaration identifier="uva-conditional-probability-961-en-qti_961879556_section_1_item_1_schoice_RESPONSE_1_1742496" cardinality="single" baseType="identifier">
<correctResponse>
<value>uva-conditional-probability-961-en-qti_961879556_section_1_item_1_schoice_5_5740112018</value>
</correctResponse>
<mapping defaultValue="0" lowerBound="0.0">
<mapEntry mapKey="uva-conditional-probability-961-en-qti_961879556_section_1_item_1_schoice_1_4115907942" mappedValue="0"/>
<mapEntry mapKey="uva-conditional-probability-961-en-qti_961879556_section_1_item_1_schoice_2_1423456592" mappedValue="0"/>
<mapEntry mapKey="uva-conditional-probability-961-en-qti_961879556_section_1_item_1_schoice_3_4026783138" mappedValue="0"/>
<mapEntry mapKey="uva-conditional-probability-961-en-qti_961879556_section_1_item_1_schoice_4_2128303518" mappedValue="0"/>
<mapEntry mapKey="uva-conditional-probability-961-en-qti_961879556_section_1_item_1_schoice_5_5740112018" mappedValue="1"/>
</mapping>
</responseDeclaration>
<outcomeDeclaration identifier="SCORE" cardinality="single" baseType="float" normalMaximum="1" normalMinimum="0">
<defaultValue>
<value>0.0</value>
</defaultValue>
</outcomeDeclaration>
<outcomeDeclaration identifier="MAXSCORE" cardinality="single" baseType="float">
<defaultValue>
<value>1</value>
</defaultValue>
</outcomeDeclaration>
<outcomeDeclaration identifier="FEEDBACKBASIC" cardinality="single" baseType="identifier" view="testConstructor">
<defaultValue>
<value>empty</value>
</defaultValue>
</outcomeDeclaration>
<outcomeDeclaration identifier="FEEDBACKMODAL" cardinality="multiple" baseType="identifier" view="testConstructor"/>
<outcomeDeclaration identifier="SOLUTIONMODAL" cardinality="single" baseType="identifier" view="testConstructor"/>
<outcomeDeclaration identifier="MINSCORE" cardinality="single" baseType="float">
<defaultValue>
<value baseType="float">0</value>
</defaultValue>
</outcomeDeclaration>
<outcomeDeclaration identifier="SCORE_RESPONSE_1" cardinality="single" baseType="float">
<defaultValue>
<value>0.0</value>
</defaultValue>
</outcomeDeclaration>
<outcomeDeclaration identifier="MINSCORE_RESPONSE_1" cardinality="single" baseType="float">
<defaultValue>
<value>0.0</value>
</defaultValue>
</outcomeDeclaration>
<itemBody>
<p>In a class there are 30 students, three of whom are left-handed. Suppose that you want to randomly choose two of the 30 students sequentially, What is then the probability that two left-handed students will be chosen?</p>
<choiceInteraction responseIdentifier="uva-conditional-probability-961-en-qti_961879556_section_1_item_1_schoice_RESPONSE_1_1742496" shuffle="false" maxChoices="1">
<simpleChoice identifier="uva-conditional-probability-961-en-qti_961879556_section_1_item_1_schoice_1_4115907942">
<p>
 1/30
</p>
</simpleChoice>
<simpleChoice identifier="uva-conditional-probability-961-en-qti_961879556_section_1_item_1_schoice_2_1423456592">
<p>
 2/30
</p>
</simpleChoice>
<simpleChoice identifier="uva-conditional-probability-961-en-qti_961879556_section_1_item_1_schoice_3_4026783138">
<p>
 1/100
</p>
</simpleChoice>
<simpleChoice identifier="uva-conditional-probability-961-en-qti_961879556_section_1_item_1_schoice_4_2128303518">
<p>
 2/100
</p>
</simpleChoice>
<simpleChoice identifier="uva-conditional-probability-961-en-qti_961879556_section_1_item_1_schoice_5_5740112018">
<p>
 1/145
</p>
</simpleChoice>
</choiceInteraction>
</itemBody>
<responseProcessing>
<setOutcomeValue identifier="SCORE_RESPONSE_1">
<sum>
<variable identifier="SCORE_RESPONSE_1"/>
<mapResponse identifier="uva-conditional-probability-961-en-qti_961879556_section_1_item_1_schoice_RESPONSE_1_1742496"/>
</sum>
</setOutcomeValue>
<responseCondition>
<responseIf>
<lt>
<variable identifier="SCORE_RESPONSE_1"/>
<variable identifier="MINSCORE_RESPONSE_1"/>
</lt>
<setOutcomeValue identifier="SCORE_RESPONSE_1">
<variable identifier="MINSCORE_RESPONSE_1"/>
</setOutcomeValue>
</responseIf>
</responseCondition>
<responseCondition>
<responseIf>
<isNull>
<variable identifier="uva-conditional-probability-961-en-qti_961879556_section_1_item_1_schoice_RESPONSE_1_1742496"/>
</isNull>
<setOutcomeValue identifier="SCORE_RESPONSE_1">
<sum>
<variable identifier="SCORE_RESPONSE_1"/>
<baseValue baseType="float">0</baseValue>
</sum>
</setOutcomeValue>
</responseIf>
</responseCondition>
<setOutcomeValue identifier="SCORE">
<sum>
<variable identifier="SCORE_RESPONSE_1"/>
</sum>
</setOutcomeValue>
<responseCondition>
<responseIf>
<lt>
<variable identifier="SCORE"/>
<variable identifier="MINSCORE"/>
</lt>
<setOutcomeValue identifier="SCORE">
<variable identifier="MINSCORE"/>
</setOutcomeValue>
</responseIf>
</responseCondition>
<responseCondition>
<responseIf>
<lt>
<variable identifier="SCORE"/>
<baseValue baseType="float">1</baseValue>
</lt>
<setOutcomeValue identifier="FEEDBACKMODAL">
<multiple>
<variable identifier="FEEDBACKMODAL"/>
<baseValue baseType="identifier">Feedback506267253</baseValue>
</multiple>
</setOutcomeValue>
</responseIf>
</responseCondition>
</responseProcessing>
<modalFeedback identifier="Feedback506267253" outcomeIdentifier="FEEDBACKMODAL" showHide="show">
<ul>
<li> 1/30 <br /> 1/30: Incorrect </li>
<li> 2/30 <br /> 2/30: Incorrect </li>
<li> 1/100 <br /> 1/100: Incorrect </li>
<li> 2/100 <br /> 2/100: Incorrect </li>
<li> 1/145 <br /> 1/145: Correct </li>
</ul>
</modalFeedback>
</assessmentItem>
