<?xml version="1.0" encoding="utf-8" standalone="yes"?>
<assessmentItem identifier="uva-histogram-1215-nl-tv_202601131820_item_1_schoice" title="uva-histogram-1215-nl-tv_202601131820_item_1_schoice_uva-histogram-1215-nl" adaptive="false" timeDependent="false" toolName="Testvision Online" toolVersion="39.0.9084" xmlns="http://www.imsglobal.org/xsd/imsqti_v2p1">
<responseDeclaration identifier="RESPONSE" cardinality="single" baseType="identifier">
<correctResponse>
<value>alt_631883</value>
</correctResponse>
<mapping defaultValue="0" lowerBound="0.0">
<mapEntry mapKey="alt_151210" mappedValue="-0.333333333333333"/>
<mapEntry mapKey="alt_631883" mappedValue="1"/>
<mapEntry mapKey="alt_918029" mappedValue="-0.333333333333333"/>
<mapEntry mapKey="alt_248107" mappedValue="-0.333333333333333"/>
</mapping>
</responseDeclaration>
<outcomeDeclaration identifier="SCORE" cardinality="single" baseType="float" normalMaximum="1" normalMinimum="0" />
<outcomeDeclaration identifier="FEEDBACK" cardinality="single" baseType="identifier" />
<stylesheet href="css/uva-histogram-1215-nl-tv_202601131820_item_1_schoice.css" type="text/css" />
<itemBody>
<p>Hieronder staat een histogram van het haemoglobine-gehalte (Hb) van een
aantal personen.<br />
De relatieve frequentie van het aantal personen met een Hb-gehalte van 6
of minder is gelijk aan:</p>
<p><img src="mediafiles/supplements1/uva-histogram-1215-nl-graph01.png" alt="image"/></p>
<choiceInteraction responseIdentifier="RESPONSE" shuffle="false" maxChoices="1">
<simpleChoice identifier="alt_151210">
<div class="textblock tvblock tvcss_1"><div class="rte_zone tveditor1">
 11%
</div>
</div>
</simpleChoice>
<simpleChoice identifier="alt_631883">
<div class="textblock tvblock tvcss_1"><div class="rte_zone tveditor1">
 22%
</div>
</div>
</simpleChoice>
<simpleChoice identifier="alt_918029">
<div class="textblock tvblock tvcss_1"><div class="rte_zone tveditor1">
 39%
</div>
</div>
</simpleChoice>
<simpleChoice identifier="alt_248107">
<div class="textblock tvblock tvcss_1"><div class="rte_zone tveditor1">
 78%
</div>
</div>
</simpleChoice>
</choiceInteraction>
</itemBody>
<responseProcessing>
<responseCondition>
<responseIf>
<isNull>
<variable identifier="RESPONSE"/>
</isNull>
<setOutcomeValue identifier="SCORE">
<baseValue baseType="float">0.0</baseValue>
</setOutcomeValue>
<setOutcomeValue identifier="FEEDBACK">
<baseValue baseType="identifier">FAILURE</baseValue>
</setOutcomeValue>
</responseIf>
<responseElse>
<setOutcomeValue identifier="SCORE">
<mapResponse identifier="RESPONSE"/>
</setOutcomeValue>
<responseCondition>
<responseIf>
<equal toleranceMode="relative" tolerance="0.001">
<variable identifier="SCORE"/>
<variable identifier="MAXSCORE"/>
</equal>
<setOutcomeValue identifier="FEEDBACK">
<baseValue baseType="identifier">ANSWER_CORRECT</baseValue>
</setOutcomeValue>
</responseIf>
<responseElse>
<setOutcomeValue identifier="FEEDBACK">
<baseValue baseType="identifier">FAILURE</baseValue>
</setOutcomeValue>
</responseElse>
</responseCondition>
</responseElse>
</responseCondition>
</responseProcessing>
<modalFeedback identifier="FAILURE" outcomeIdentifier="FEEDBACK" showHide="show">
<div class="textblock tvblock tvcss_1"><div class="rte_zone tveditor1">
<ul>
<li> 11% <br /> 11%: Incorrect </li>
<li> 22% <br /> 22%: Correct </li>
<li> 39% <br /> 39%: Incorrect </li>
<li> 78% <br /> 78%: Incorrect </li>
</ul>
</div>
</div>
</modalFeedback>
<modalFeedback identifier="ANSWER_CORRECT" outcomeIdentifier="FEEDBACK" showHide="show">
<div class="textblock tvblock tvcss_1"><div class="rte_zone tveditor1">
<ul>
<li> 11% <br /> 11%: Incorrect </li>
<li> 22% <br /> 22%: Correct </li>
<li> 39% <br /> 39%: Incorrect </li>
<li> 78% <br /> 78%: Incorrect </li>
</ul>
</div>
</div>
</modalFeedback>
<modalFeedback identifier="PARTIAL_CORRECT" outcomeIdentifier="FEEDBACK" showHide="show">
<div class="textblock tvblock tvcss_1"><div class="rte_zone tveditor1">
<ul>
<li> 11% <br /> 11%: Incorrect </li>
<li> 22% <br /> 22%: Correct </li>
<li> 39% <br /> 39%: Incorrect </li>
<li> 78% <br /> 78%: Incorrect </li>
</ul>
</div>
</div>
</modalFeedback>
</assessmentItem>
