<?xml version="1.0" encoding="utf-8" standalone="yes"?>
<assessmentItem identifier="uu-Standard-Deviation-802-nl-tv_202307180606_item_1_schoice" title="uu-Standard-Deviation-802-nl-tv_202307180606_item_1_schoice_uu-ancova-123-nl.Rmd" adaptive="false" timeDependent="false" toolName="Testvision Online" toolVersion="39.0.9084" xmlns="http://www.imsglobal.org/xsd/imsqti_v2p1">
<responseDeclaration identifier="RESPONSE" cardinality="single" baseType="identifier">
<correctResponse>
<value>alt_152420</value>
</correctResponse>
<mapping defaultValue="0" lowerBound="0.0">
<mapEntry mapKey="alt_455601" mappedValue="-0.333333333333333"/>
<mapEntry mapKey="alt_152420" mappedValue="1"/>
<mapEntry mapKey="alt_305061" mappedValue="-0.333333333333333"/>
<mapEntry mapKey="alt_605731" mappedValue="-0.333333333333333"/>
</mapping>
</responseDeclaration>
<outcomeDeclaration identifier="SCORE" cardinality="single" baseType="float" normalMaximum="1" normalMinimum="0" />
<outcomeDeclaration identifier="FEEDBACK" cardinality="single" baseType="identifier" />
<itemBody>
<p>Twee groepen jongeren verschillen in hun gemiddeld aantal goede antwoorden op een geheugentest. Wanneer men echter corrigeert voor reactiesnelheid blijken de groepen niet te verschillen. Er is hier sprake van:</p>
<choiceInteraction responseIdentifier="RESPONSE" shuffle="false" maxChoices="1">
<simpleChoice identifier="alt_455601">
<div class="textblock tvblock tvcss_1"><div class="rte_zone tveditor1">
 een suppressor-effect van de covariaat.
</div>
</div>
</simpleChoice>
<simpleChoice identifier="alt_152420">
<div class="textblock tvblock tvcss_1"><div class="rte_zone tveditor1">
 een spurieus effect van de covariaat.
</div>
</div>
</simpleChoice>
<simpleChoice identifier="alt_305061">
<div class="textblock tvblock tvcss_1"><div class="rte_zone tveditor1">
 een omgekeerd effect door de covariaat.
</div>
</div>
</simpleChoice>
<simpleChoice identifier="alt_605731">
<div class="textblock tvblock tvcss_1"><div class="rte_zone tveditor1">
 geen effect van de covariaat.
</div>
</div>
</simpleChoice>
</choiceInteraction>
</itemBody>
<responseProcessing>
<responseCondition>
<responseIf>
<isNull>
<variable identifier="RESPONSE"/>
</isNull>
<setOutcomeValue identifier="SCORE">
<baseValue baseType="float">0.0</baseValue>
</setOutcomeValue>
<setOutcomeValue identifier="FEEDBACK">
<baseValue baseType="identifier">FAILURE</baseValue>
</setOutcomeValue>
</responseIf>
<responseElse>
<setOutcomeValue identifier="SCORE">
<mapResponse identifier="RESPONSE"/>
</setOutcomeValue>
<responseCondition>
<responseIf>
<equal toleranceMode="relative" tolerance="0.001">
<variable identifier="SCORE"/>
<variable identifier="MAXSCORE"/>
</equal>
<setOutcomeValue identifier="FEEDBACK">
<baseValue baseType="identifier">ANSWER_CORRECT</baseValue>
</setOutcomeValue>
</responseIf>
<responseElse>
<setOutcomeValue identifier="FEEDBACK">
<baseValue baseType="identifier">FAILURE</baseValue>
</setOutcomeValue>
</responseElse>
</responseCondition>
</responseElse>
</responseCondition>
</responseProcessing>
<modalFeedback identifier="FAILURE" outcomeIdentifier="FEEDBACK" showHide="show">
<div class="textblock tvblock tvcss_1"><div class="rte_zone tveditor1">
</div>
</div>
</modalFeedback>
<modalFeedback identifier="ANSWER_CORRECT" outcomeIdentifier="FEEDBACK" showHide="show">
<div class="textblock tvblock tvcss_1"><div class="rte_zone tveditor1">
</div>
</div>
</modalFeedback>
<modalFeedback identifier="PARTIAL_CORRECT" outcomeIdentifier="FEEDBACK" showHide="show">
<div class="textblock tvblock tvcss_1"><div class="rte_zone tveditor1">
</div>
</div>
</modalFeedback>
</assessmentItem>
