<?xml version="1.0" encoding="UTF-8"?>
<!DOCTYPE questestinterop SYSTEM "ims_qtiasiv1p2p1.dtd">

<questestinterop xmlns="http://www.imsglobal.org/xsd/ims_qtiasiv1p2" xmlns:xsi="http://www.w3.org/2001/XMLSchema-instance" xsi:schemaLocation="http://www.imsglobal.org/xsd/ims_qtiasiv1p2 http://www.imsglobal.org/xsd/ims_qtiasiv1p2p1.xsd">
<assessment ident="uu-probability-001-en-canvas_720274361" title="uu-probability-001-en-canvas">

<qtimetadata>
<qtimetadatafield>
<fieldlabel>cc_maxattempts</fieldlabel>
<fieldentry>1</fieldentry>
</qtimetadatafield>
<qtimetadatafield>
<fieldlabel>qmd_assessmenttype</fieldlabel>
<fieldentry>Assessment</fieldentry>
</qtimetadatafield>
</qtimetadata>
<objectives>
<material>
<mattext><![CDATA[Please solve the following exercises.]]></mattext>
</material>
</objectives>
<assessmentcontrol feedbackswitch="No" hintswitch="No" solutionswitch="Yes"/>
<outcomes_processing scoremodel="SumOfScores">
<outcomes>
<decvar varname="SCORE" vartype="Decimal" cutvalue="0"/>
</outcomes>
</outcomes_processing>
<assessfeedback title="AssessmentFeedback" ident="AssessmentFeedback">
<flow_mat>
<material>
<mattext>##AssessmentFeedback##</mattext>
</material>
</flow_mat>
</assessfeedback>

<section ident="uu-probability-001-en-canvas_720274361_section_1" title="Exercise">

<objectives>
<material>
<mattext><![CDATA[Please answer the following question.]]></mattext>
</material>
</objectives>
<selection_ordering>
<selection>
<selection_number>1</selection_number>
<selection_extension>
<points_per_item>1</points_per_item>
</selection_extension>
</selection>
<order order_type="Random"/>
</selection_ordering>

<item ident="uu-probability-001-en-canvas_720274361_section_1_item_1_schoice" title="Question" maxattempts="1">
<itemcontrol feedbackswitch="No" hintswitch="No" solutionswitch="Yes"/>
<itemmetadata>
<qtimetadata>
<qtimetadatafield>
<fieldlabel>question_type</fieldlabel>
<fieldentry>multiple_choice_question</fieldentry>
</qtimetadatafield>
</qtimetadata>
</itemmetadata>
<presentation>
<flow>
<material>
<matbreak/>
<mattext texttype="text/html" charset="utf-8"><![CDATA[
<p>Probability samples are those in which each element of the sampled population has … of being included in the sample.</p>
]]></mattext>
<matbreak/>
</material>
<response_lid ident="uu-probability-001-en-canvas_720274361_section_1_item_1_schoice_RESPONSE_1752172" rcardinality="Single" rtiming="No">
<render_choice shuffle="No">
<flow_label class="List">
<response_label ident="uu-probability-001-en-canvas_720274361_section_1_item_1_schoice_7533686879" rshuffle="No">
<material>
<mattext texttype="text/html" charset="utf-8"><![CDATA[
 the same probability
]]></mattext>
</material>
</response_label>
</flow_label>
<flow_label class="List">
<response_label ident="uu-probability-001-en-canvas_720274361_section_1_item_1_schoice_9952755557" rshuffle="No">
<material>
<mattext texttype="text/html" charset="utf-8"><![CDATA[
 a known probability
]]></mattext>
</material>
</response_label>
</flow_label>
<flow_label class="List">
<response_label ident="uu-probability-001-en-canvas_720274361_section_1_item_1_schoice_1511059898" rshuffle="No">
<material>
<mattext texttype="text/html" charset="utf-8"><![CDATA[
 a different probability
]]></mattext>
</material>
</response_label>
</flow_label>
<flow_label class="List">
<response_label ident="uu-probability-001-en-canvas_720274361_section_1_item_1_schoice_1327439535" rshuffle="No">
<material>
<mattext texttype="text/html" charset="utf-8"><![CDATA[
 a random probability
]]></mattext>
</material>
</response_label>
</flow_label>
</render_choice>
</response_lid>
</flow>
</presentation>
<resprocessing>
<outcomes>
<decvar varname="SCORE" vartype="Decimal" defaultval="0" minvalue="0" maxvalue="1" cutvalue="1"/>
</outcomes>
<respcondition title="Mastery" continue="No">
<conditionvar>
<and>
<varequal respident="uu-probability-001-en-canvas_720274361_section_1_item_1_schoice_RESPONSE_1752172" case="Yes">uu-probability-001-en-canvas_720274361_section_1_item_1_schoice_9952755557</varequal>
<not> <varequal respident="uu-probability-001-en-canvas_720274361_section_1_item_1_schoice_RESPONSE_1752172" case="Yes">uu-probability-001-en-canvas_720274361_section_1_item_1_schoice_7533686879</varequal> </not>
<not> <varequal respident="uu-probability-001-en-canvas_720274361_section_1_item_1_schoice_RESPONSE_1752172" case="Yes">uu-probability-001-en-canvas_720274361_section_1_item_1_schoice_1511059898</varequal> </not>
<not> <varequal respident="uu-probability-001-en-canvas_720274361_section_1_item_1_schoice_RESPONSE_1752172" case="Yes">uu-probability-001-en-canvas_720274361_section_1_item_1_schoice_1327439535</varequal> </not>
</and>
</conditionvar>
<setvar varname="SCORE" action="Set">1</setvar>
<displayfeedback feedbacktype="Response" linkrefid="correct_fb"/>
</respcondition>
<respcondition continue="Yes">
<conditionvar>
<other/>
</conditionvar>
<displayfeedback feedbacktype="Response" linkrefid="general_incorrect_fb"/>
</respcondition>
</resprocessing>
<itemfeedback ident="correct_fb" view="All">
<flow_mat>
<material>
<mattext texttype="text/html"><![CDATA[
<ul>
<li> the same probability <br /> This answer is incorrect. Only simple random samples require that all elements have the same probability. </li>
<li> a known probability <br /> This answer is correct. </li>
<li> a different probability <br /> This answer is incorrect. A simple random sample is a probability sample. In that case all elements have the same probability. </li>
<li> a random probability <br /> This answer is incorrect. </li>
</ul>
]]></mattext>
</material>
</flow_mat>
</itemfeedback>
<itemfeedback ident="general_incorrect_fb" view="All">
<flow_mat>
<material>
<mattext texttype="text/html"><![CDATA[
<ul>
<li> the same probability <br /> This answer is incorrect. Only simple random samples require that all elements have the same probability. </li>
<li> a known probability <br /> This answer is correct. </li>
<li> a different probability <br /> This answer is incorrect. A simple random sample is a probability sample. In that case all elements have the same probability. </li>
<li> a random probability <br /> This answer is incorrect. </li>
</ul>
]]></mattext>
</material>
</flow_mat>
</itemfeedback>
</item>


</section>

</assessment>
</questestinterop>
