<?xml version="1.0" encoding="UTF-8"?>
<assessmentItem xsi:schemaLocation="http://www.imsglobal.org/xsd/imsqti_v2p1 http://www.imsglobal.org/xsd/qti/qtiv2p1/imsqti_v2p1p1.xsd http://www.w3.org/1998/Math/MathML http://www.w3.org/Math/XMLSchema/mathml2/mathml2.xsd" identifier="uva-regression-197-nl-ans_232329119_section_1_item_1_schoice" title="Inferential_Statistics_uva-regression-197-nl_uva-regression-197-nl_schoice_1" adaptive="false" timeDependent="false" xmlns="http://www.imsglobal.org/xsd/imsqti_v2p1" xmlns:xsi="http://www.w3.org/2001/XMLSchema-instance">
<responseDeclaration identifier="uva-regression-197-nl-ans_232329119_section_1_item_1_schoice_RESPONSE_1_5500872" cardinality="single" baseType="identifier">
<correctResponse>
<value>uva-regression-197-nl-ans_232329119_section_1_item_1_schoice_1_8923756121</value>
</correctResponse>
<mapping defaultValue="0" lowerBound="0.0">
<mapEntry mapKey="uva-regression-197-nl-ans_232329119_section_1_item_1_schoice_1_8923756121" mappedValue="1"/>
<mapEntry mapKey="uva-regression-197-nl-ans_232329119_section_1_item_1_schoice_2_1324050425" mappedValue="0"/>
<mapEntry mapKey="uva-regression-197-nl-ans_232329119_section_1_item_1_schoice_3_9585025286" mappedValue="0"/>
</mapping>
</responseDeclaration>
<outcomeDeclaration identifier="SCORE" cardinality="single" baseType="float" normalMaximum="1" normalMinimum="0">
<defaultValue>
<value>0.0</value>
</defaultValue>
</outcomeDeclaration>
<outcomeDeclaration identifier="MAXSCORE" cardinality="single" baseType="float">
<defaultValue>
<value>1</value>
</defaultValue>
</outcomeDeclaration>
<outcomeDeclaration identifier="FEEDBACKBASIC" cardinality="single" baseType="identifier" view="testConstructor">
<defaultValue>
<value>empty</value>
</defaultValue>
</outcomeDeclaration>
<outcomeDeclaration identifier="FEEDBACKMODAL" cardinality="multiple" baseType="identifier" view="testConstructor"/>
<outcomeDeclaration identifier="SOLUTIONMODAL" cardinality="single" baseType="identifier" view="testConstructor"/>
<outcomeDeclaration identifier="MINSCORE" cardinality="single" baseType="float">
<defaultValue>
<value baseType="float">0</value>
</defaultValue>
</outcomeDeclaration>
<outcomeDeclaration identifier="SCORE_RESPONSE_1" cardinality="single" baseType="float">
<defaultValue>
<value>0.0</value>
</defaultValue>
</outcomeDeclaration>
<outcomeDeclaration identifier="MINSCORE_RESPONSE_1" cardinality="single" baseType="float">
<defaultValue>
<value>0.0</value>
</defaultValue>
</outcomeDeclaration>
<itemBody>
<p>Een regressie-analyse op de scores x en y van 30 personen levert de
regressievergelijking ŷ = 10 + 6x op. De standard error van de slope b
is gelijk aan 2. Dit betekent dat de nulhypothese dat x en y
onafhankelijk zijn kan worden verworpen bij</p>
<choiceInteraction responseIdentifier="uva-regression-197-nl-ans_232329119_section_1_item_1_schoice_RESPONSE_1_5500872" shuffle="false" maxChoices="1">
<simpleChoice identifier="uva-regression-197-nl-ans_232329119_section_1_item_1_schoice_1_8923756121">
<p>
 α = 0.01
</p>
</simpleChoice>
<simpleChoice identifier="uva-regression-197-nl-ans_232329119_section_1_item_1_schoice_2_1324050425">
<p>
 α = 0.05 maar niet bij α = 0.01
</p>
</simpleChoice>
<simpleChoice identifier="uva-regression-197-nl-ans_232329119_section_1_item_1_schoice_3_9585025286">
<p>
 α = 0.10 maar niet bij α = 0.05
</p>
</simpleChoice>
</choiceInteraction>
</itemBody>
<responseProcessing>
<setOutcomeValue identifier="SCORE_RESPONSE_1">
<sum>
<variable identifier="SCORE_RESPONSE_1"/>
<mapResponse identifier="uva-regression-197-nl-ans_232329119_section_1_item_1_schoice_RESPONSE_1_5500872"/>
</sum>
</setOutcomeValue>
<responseCondition>
<responseIf>
<lt>
<variable identifier="SCORE_RESPONSE_1"/>
<variable identifier="MINSCORE_RESPONSE_1"/>
</lt>
<setOutcomeValue identifier="SCORE_RESPONSE_1">
<variable identifier="MINSCORE_RESPONSE_1"/>
</setOutcomeValue>
</responseIf>
</responseCondition>
<responseCondition>
<responseIf>
<isNull>
<variable identifier="uva-regression-197-nl-ans_232329119_section_1_item_1_schoice_RESPONSE_1_5500872"/>
</isNull>
<setOutcomeValue identifier="SCORE_RESPONSE_1">
<sum>
<variable identifier="SCORE_RESPONSE_1"/>
<baseValue baseType="float">0</baseValue>
</sum>
</setOutcomeValue>
</responseIf>
</responseCondition>
<setOutcomeValue identifier="SCORE">
<sum>
<variable identifier="SCORE_RESPONSE_1"/>
</sum>
</setOutcomeValue>
<responseCondition>
<responseIf>
<lt>
<variable identifier="SCORE"/>
<variable identifier="MINSCORE"/>
</lt>
<setOutcomeValue identifier="SCORE">
<variable identifier="MINSCORE"/>
</setOutcomeValue>
</responseIf>
</responseCondition>
<responseCondition>
<responseIf>
<lt>
<variable identifier="SCORE"/>
<baseValue baseType="float">1</baseValue>
</lt>
<setOutcomeValue identifier="FEEDBACKMODAL">
<multiple>
<variable identifier="FEEDBACKMODAL"/>
<baseValue baseType="identifier">Feedback468337310</baseValue>
</multiple>
</setOutcomeValue>
</responseIf>
</responseCondition>
</responseProcessing>
<modalFeedback outcomeIdentifier="FEEDBACK" showHide="show" identifier="incorrect">
<ul>
<li> α = 0.01 <br /> α = 0.01: Correct </li>
<li> α = 0.05 maar niet bij α = 0.01 <br /> α = 0.05 maar niet bij α = 0.01: Incorrect </li>
<li> α = 0.10 maar niet bij α = 0.05 <br /> α = 0.10 maar niet bij α = 0.05: Incorrect </li>
</ul>
</modalFeedback>
</assessmentItem>
