<?xml version="1.0" encoding="utf-8" standalone="yes"?>
<assessmentItem identifier="vufsw-oneway_anova-1370-nl_202209051541_item_1_schoice" title="vufsw-oneway_anova-1370-nl_202209051541_item_1_schoice_vufsw-oneway anova-1370-nl" adaptive="false" timeDependent="false" toolName="Testvision Online" toolVersion="39.0.9084" xmlns="http://www.imsglobal.org/xsd/imsqti_v2p1">
<responseDeclaration identifier="RESPONSE" cardinality="single" baseType="identifier">
<correctResponse>
<value>alt_913838</value>
</correctResponse>
<mapping defaultValue="0" lowerBound="0.0">
<mapEntry mapKey="alt_207935" mappedValue="-0.333333333333333"/>
<mapEntry mapKey="alt_913838" mappedValue="1"/>
<mapEntry mapKey="alt_785633" mappedValue="-0.333333333333333"/>
<mapEntry mapKey="alt_109726" mappedValue="-0.333333333333333"/>
</mapping>
</responseDeclaration>
<outcomeDeclaration identifier="SCORE" cardinality="single" baseType="float" normalMaximum="1" normalMinimum="0" />
<outcomeDeclaration identifier="FEEDBACK" cardinality="single" baseType="identifier" />
<itemBody>
<p>De onderstaande analyse gaat over de mogelijke schadelijke effecten van
mobiele telefoons. Field stelt zich een fictief experiment voor waarin
proefpersonen een mobiele telefoon op hun hoofd krijgen vastgebonden en
waarin deze telefoon een vast aantal uren per dag wordt aangezet. Na zes
maanden wordt de omvang van de eventuele schade gemeten in de buurt van
het oor (variabele: ear_damage, amount of ear damage). Er worden zes
groepen onderscheiden, die 0, 1, 2, 3, 4, of 5 uren per dag (variabele:
usage) zijn blootgesteld aan deze ‘phone microwaves’.<br />
<img src="1602853914273.png" class="fr-fic fr-dii tvcss_2"
alt="1602853914273" /> 
<img src="1602853939934.png" class="fr-fic fr-dii tvcss_3"
alt="1602853939934" /></p>
<p><img src="1602853960309.png" class="fr-fic fr-dii tvcss_4"
alt="1602853960309" /> <img src="1602853971876.png" class="fr-fic fr-dii tvcss_5"
alt="1602853971876" /></p>
<p>Welk causaal model wordt in dit onderzoek getoetst?</p>
<choiceInteraction responseIdentifier="RESPONSE" shuffle="false" maxChoices="1">
<simpleChoice identifier="alt_207935">
<div class="textblock tvblock tvcss_1"><div class="rte_zone tveditor1">
a. <img src="1602854063507.png" class="fr-fic fr-dii tvcss_8"   alt="1602854063507" />
</div>
</div>
</simpleChoice>
<simpleChoice identifier="alt_913838">
<div class="textblock tvblock tvcss_1"><div class="rte_zone tveditor1">
b. <img src="1602837664810.png" class="fr-fic fr-dii tvcss_6"   alt="1602837664810" />
</div>
</div>
</simpleChoice>
<simpleChoice identifier="alt_785633">
<div class="textblock tvblock tvcss_1"><div class="rte_zone tveditor1">
c. <img src="1602837678070.png" class="fr-fic fr-dii tvcss_9"   alt="1602837678070" />
</div>
</div>
</simpleChoice>
<simpleChoice identifier="alt_109726">
<div class="textblock tvblock tvcss_1"><div class="rte_zone tveditor1">
d. <img src="1602837678070.png" class="fr-fic fr-dii tvcss_7"   alt="1602837678070" />
</div>
</div>
</simpleChoice>
</choiceInteraction>
</itemBody>
<responseProcessing>
<responseCondition>
<responseIf>
<isNull>
<variable identifier="RESPONSE"/>
</isNull>
<setOutcomeValue identifier="SCORE">
<baseValue baseType="float">0.0</baseValue>
</setOutcomeValue>
<setOutcomeValue identifier="FEEDBACK">
<baseValue baseType="identifier">FAILURE</baseValue>
</setOutcomeValue>
</responseIf>
<responseElse>
<setOutcomeValue identifier="SCORE">
<mapResponse identifier="RESPONSE"/>
</setOutcomeValue>
<responseCondition>
<responseIf>
<equal toleranceMode="relative" tolerance="0.001">
<variable identifier="SCORE"/>
<variable identifier="MAXSCORE"/>
</equal>
<setOutcomeValue identifier="FEEDBACK">
<baseValue baseType="identifier">ANSWER_CORRECT</baseValue>
</setOutcomeValue>
</responseIf>
<responseElse>
<setOutcomeValue identifier="FEEDBACK">
<baseValue baseType="identifier">FAILURE</baseValue>
</setOutcomeValue>
</responseElse>
</responseCondition>
</responseElse>
</responseCondition>
</responseProcessing>
<modalFeedback identifier="FAILURE" outcomeIdentifier="FEEDBACK" showHide="show">
<div class="textblock tvblock tvcss_1"><div class="rte_zone tveditor1">
<ol>
<li> <img src="1602854063507.png" class="fr-fic fr-dii tvcss_8"   alt="1602854063507" /> <br /> False </li>
<li> <img src="1602837664810.png" class="fr-fic fr-dii tvcss_6"   alt="1602837664810" /> <br /> True </li>
<li> <img src="1602837678070.png" class="fr-fic fr-dii tvcss_9"   alt="1602837678070" /> <br /> False </li>
<li> <img src="1602837678070.png" class="fr-fic fr-dii tvcss_7"   alt="1602837678070" /> <br /> False </li>
</ol>
</div>
</div>
</modalFeedback>
<modalFeedback identifier="ANSWER_CORRECT" outcomeIdentifier="FEEDBACK" showHide="show">
<div class="textblock tvblock tvcss_1"><div class="rte_zone tveditor1">
<ol>
<li> <img src="1602854063507.png" class="fr-fic fr-dii tvcss_8"   alt="1602854063507" /> <br /> False </li>
<li> <img src="1602837664810.png" class="fr-fic fr-dii tvcss_6"   alt="1602837664810" /> <br /> True </li>
<li> <img src="1602837678070.png" class="fr-fic fr-dii tvcss_9"   alt="1602837678070" /> <br /> False </li>
<li> <img src="1602837678070.png" class="fr-fic fr-dii tvcss_7"   alt="1602837678070" /> <br /> False </li>
</ol>
</div>
</div>
</modalFeedback>
<modalFeedback identifier="PARTIAL_CORRECT" outcomeIdentifier="FEEDBACK" showHide="show">
<div class="textblock tvblock tvcss_1"><div class="rte_zone tveditor1">
<ol>
<li> <img src="1602854063507.png" class="fr-fic fr-dii tvcss_8"   alt="1602854063507" /> <br /> False </li>
<li> <img src="1602837664810.png" class="fr-fic fr-dii tvcss_6"   alt="1602837664810" /> <br /> True </li>
<li> <img src="1602837678070.png" class="fr-fic fr-dii tvcss_9"   alt="1602837678070" /> <br /> False </li>
<li> <img src="1602837678070.png" class="fr-fic fr-dii tvcss_7"   alt="1602837678070" /> <br /> False </li>
</ol>
</div>
</div>
</modalFeedback>
</assessmentItem>
