<?xml version="1.0" encoding="utf-8" standalone="yes"?>
<assessmentItem identifier="vufsw-expectedvalue-0123-nl_202209051542_item_1_schoice" title="vufsw-expectedvalue-0123-nl_202209051542_item_1_schoice_vufsw-expectedvalue-0123-nl" adaptive="false" timeDependent="false" toolName="Testvision Online" toolVersion="39.0.9084" xmlns="http://www.imsglobal.org/xsd/imsqti_v2p1">
<responseDeclaration identifier="RESPONSE" cardinality="single" baseType="identifier">
<correctResponse>
<value>alt_231073</value>
</correctResponse>
<mapping defaultValue="0" lowerBound="0.0">
<mapEntry mapKey="alt_612592" mappedValue="-0.2"/>
<mapEntry mapKey="alt_379128" mappedValue="-0.2"/>
<mapEntry mapKey="alt_287707" mappedValue="-0.2"/>
<mapEntry mapKey="alt_150939" mappedValue="-0.2"/>
<mapEntry mapKey="alt_231073" mappedValue="1"/>
<mapEntry mapKey="alt_718108" mappedValue="-0.2"/>
</mapping>
</responseDeclaration>
<outcomeDeclaration identifier="SCORE" cardinality="single" baseType="float" normalMaximum="1" normalMinimum="0" />
<outcomeDeclaration identifier="FEEDBACK" cardinality="single" baseType="identifier" />
<itemBody>
<p>Gegeven is de onderstaande kansverdeling. Wat is de <em>expected value</em>
E(y) van deze kansverdeling?</p>
<p><img src="1643017364978.png" class="fr-fic fr-dii tvcss_2"
alt="1643017364978" /></p>
<choiceInteraction responseIdentifier="RESPONSE" shuffle="false" maxChoices="1">
<simpleChoice identifier="alt_612592">
<div class="textblock tvblock tvcss_1"><div class="rte_zone tveditor1">
a. 2,20
</div>
</div>
</simpleChoice>
<simpleChoice identifier="alt_379128">
<div class="textblock tvblock tvcss_1"><div class="rte_zone tveditor1">
b. 0,60
</div>
</div>
</simpleChoice>
<simpleChoice identifier="alt_287707">
<div class="textblock tvblock tvcss_1"><div class="rte_zone tveditor1">
c. 2,00
</div>
</div>
</simpleChoice>
<simpleChoice identifier="alt_150939">
<div class="textblock tvblock tvcss_1"><div class="rte_zone tveditor1">
d. 0,25
</div>
</div>
</simpleChoice>
<simpleChoice identifier="alt_231073">
<div class="textblock tvblock tvcss_1"><div class="rte_zone tveditor1">
e. 1,12
</div>
</div>
</simpleChoice>
<simpleChoice identifier="alt_718108">
<div class="textblock tvblock tvcss_1"><div class="rte_zone tveditor1">
f. 0,40
</div>
</div>
</simpleChoice>
</choiceInteraction>
</itemBody>
<responseProcessing>
<responseCondition>
<responseIf>
<isNull>
<variable identifier="RESPONSE"/>
</isNull>
<setOutcomeValue identifier="SCORE">
<baseValue baseType="float">0.0</baseValue>
</setOutcomeValue>
<setOutcomeValue identifier="FEEDBACK">
<baseValue baseType="identifier">FAILURE</baseValue>
</setOutcomeValue>
</responseIf>
<responseElse>
<setOutcomeValue identifier="SCORE">
<mapResponse identifier="RESPONSE"/>
</setOutcomeValue>
<responseCondition>
<responseIf>
<equal toleranceMode="relative" tolerance="0.001">
<variable identifier="SCORE"/>
<variable identifier="MAXSCORE"/>
</equal>
<setOutcomeValue identifier="FEEDBACK">
<baseValue baseType="identifier">ANSWER_CORRECT</baseValue>
</setOutcomeValue>
</responseIf>
<responseElse>
<setOutcomeValue identifier="FEEDBACK">
<baseValue baseType="identifier">FAILURE</baseValue>
</setOutcomeValue>
</responseElse>
</responseCondition>
</responseElse>
</responseCondition>
</responseProcessing>
<modalFeedback identifier="FAILURE" outcomeIdentifier="FEEDBACK" showHide="show">
<div class="textblock tvblock tvcss_1"><div class="rte_zone tveditor1">
<ol>
<li> 2,20 <br /> False </li>
<li> 0,60 <br /> False </li>
<li> 2,00 <br /> False </li>
<li> 0,25 <br /> False </li>
<li> 1,12 <br /> True </li>
<li> 0,40 <br /> False </li>
</ol>
</div>
</div>
</modalFeedback>
<modalFeedback identifier="ANSWER_CORRECT" outcomeIdentifier="FEEDBACK" showHide="show">
<div class="textblock tvblock tvcss_1"><div class="rte_zone tveditor1">
<ol>
<li> 2,20 <br /> False </li>
<li> 0,60 <br /> False </li>
<li> 2,00 <br /> False </li>
<li> 0,25 <br /> False </li>
<li> 1,12 <br /> True </li>
<li> 0,40 <br /> False </li>
</ol>
</div>
</div>
</modalFeedback>
<modalFeedback identifier="PARTIAL_CORRECT" outcomeIdentifier="FEEDBACK" showHide="show">
<div class="textblock tvblock tvcss_1"><div class="rte_zone tveditor1">
<ol>
<li> 2,20 <br /> False </li>
<li> 0,60 <br /> False </li>
<li> 2,00 <br /> False </li>
<li> 0,25 <br /> False </li>
<li> 1,12 <br /> True </li>
<li> 0,40 <br /> False </li>
</ol>
</div>
</div>
</modalFeedback>
</assessmentItem>
