<?xml version="1.0" encoding="utf-8" standalone="yes"?>
<assessmentItem identifier="uu-Twoway-ANOVA-825-nl-tv_202601131823_item_1_schoice" title="uu-Twoway-ANOVA-825-nl-tv_202601131823_item_1_schoice_uu-Twoway-ANOVA-825-nl.Rmd" adaptive="false" timeDependent="false" toolName="Testvision Online" toolVersion="39.0.9084" xmlns="http://www.imsglobal.org/xsd/imsqti_v2p1">
<responseDeclaration identifier="RESPONSE" cardinality="single" baseType="identifier">
<correctResponse>
<value>alt_598465</value>
</correctResponse>
<mapping defaultValue="0" lowerBound="0.0">
<mapEntry mapKey="alt_785980" mappedValue="-0.333333333333333"/>
<mapEntry mapKey="alt_598465" mappedValue="1"/>
<mapEntry mapKey="alt_626699" mappedValue="-0.333333333333333"/>
<mapEntry mapKey="alt_108856" mappedValue="-0.333333333333333"/>
</mapping>
</responseDeclaration>
<outcomeDeclaration identifier="SCORE" cardinality="single" baseType="float" normalMaximum="1" normalMinimum="0" />
<outcomeDeclaration identifier="FEEDBACK" cardinality="single" baseType="identifier" />
<stylesheet href="css/uu-Twoway-ANOVA-825-nl-tv_202601131823_item_1_schoice.css" type="text/css" />
<itemBody>
<p>In een onderzoek van M. van den Berg (2006), onderzoeker en docente aan de Erasmus Universiteit Rotterdam, wordt gekeken naar de sociale mobiliteit van allochtone vrouwen en autochtone vrouwen. Daarbij wordt er ook gekeken naar het verschil tussen stad en platteland. Sociale mobiliteit wordt gemeten in termen van sociale en financiële vooruitgang. In het onderzoek wordt verondersteld dat allochtone vrouwen die in de stad wonen meer sociale mobiliteit hebben dan allochtone vrouwen op het platteland.</p>
<p>In onderstaande output is af te lezen wat de resultaten zijn van het onderzoek van Van den Berg (n = 50).</p>
<p><img src="mediafiles/supplements1/uu-Twoway-ANOVA-825-nl-tabel.jpg" alt="image"/></p>
<p>Wat is het resultaat?</p>
<choiceInteraction responseIdentifier="RESPONSE" shuffle="false" maxChoices="1">
<simpleChoice identifier="alt_785980">
<div class="textblock tvblock tvcss_1"><div class="rte_zone tveditor1">
 Er is alleen een hoofdeffect van woonplaats.
</div>
</div>
</simpleChoice>
<simpleChoice identifier="alt_598465">
<div class="textblock tvblock tvcss_1"><div class="rte_zone tveditor1">
 Er is zowel een hoofdeffect van woonplaats als een hoofdeffect van afkomst.
</div>
</div>
</simpleChoice>
<simpleChoice identifier="alt_626699">
<div class="textblock tvblock tvcss_1"><div class="rte_zone tveditor1">
 Er is alleen een interactie-effect.
</div>
</div>
</simpleChoice>
<simpleChoice identifier="alt_108856">
<div class="textblock tvblock tvcss_1"><div class="rte_zone tveditor1">
 Dat is op basis van bovenstaande informatie niet te bepalen.
</div>
</div>
</simpleChoice>
</choiceInteraction>
</itemBody>
<responseProcessing>
<responseCondition>
<responseIf>
<isNull>
<variable identifier="RESPONSE"/>
</isNull>
<setOutcomeValue identifier="SCORE">
<baseValue baseType="float">0.0</baseValue>
</setOutcomeValue>
<setOutcomeValue identifier="FEEDBACK">
<baseValue baseType="identifier">FAILURE</baseValue>
</setOutcomeValue>
</responseIf>
<responseElse>
<setOutcomeValue identifier="SCORE">
<mapResponse identifier="RESPONSE"/>
</setOutcomeValue>
<responseCondition>
<responseIf>
<equal toleranceMode="relative" tolerance="0.001">
<variable identifier="SCORE"/>
<variable identifier="MAXSCORE"/>
</equal>
<setOutcomeValue identifier="FEEDBACK">
<baseValue baseType="identifier">ANSWER_CORRECT</baseValue>
</setOutcomeValue>
</responseIf>
<responseElse>
<setOutcomeValue identifier="FEEDBACK">
<baseValue baseType="identifier">FAILURE</baseValue>
</setOutcomeValue>
</responseElse>
</responseCondition>
</responseElse>
</responseCondition>
</responseProcessing>
<modalFeedback identifier="FAILURE" outcomeIdentifier="FEEDBACK" showHide="show">
<div class="textblock tvblock tvcss_1"><div class="rte_zone tveditor1">
</div>
</div>
</modalFeedback>
<modalFeedback identifier="ANSWER_CORRECT" outcomeIdentifier="FEEDBACK" showHide="show">
<div class="textblock tvblock tvcss_1"><div class="rte_zone tveditor1">
</div>
</div>
</modalFeedback>
<modalFeedback identifier="PARTIAL_CORRECT" outcomeIdentifier="FEEDBACK" showHide="show">
<div class="textblock tvblock tvcss_1"><div class="rte_zone tveditor1">
</div>
</div>
</modalFeedback>
</assessmentItem>
