<?xml version="1.0" encoding="UTF-8"?>
<!DOCTYPE questestinterop SYSTEM "ims_qtiasiv1p2p1.dtd">

<questestinterop xmlns="http://www.imsglobal.org/xsd/ims_qtiasiv1p2" xmlns:xsi="http://www.w3.org/2001/XMLSchema-instance" xsi:schemaLocation="http://www.imsglobal.org/xsd/ims_qtiasiv1p2 http://www.imsglobal.org/xsd/ims_qtiasiv1p2p1.xsd">
<assessment ident="vufsw-measuresoflocation-1076-nl-canvas_509366721" title="vufsw-measuresoflocation-1076-nl-canvas">

<qtimetadata>
<qtimetadatafield>
<fieldlabel>cc_maxattempts</fieldlabel>
<fieldentry>1</fieldentry>
</qtimetadatafield>
<qtimetadatafield>
<fieldlabel>qmd_assessmenttype</fieldlabel>
<fieldentry>Assessment</fieldentry>
</qtimetadatafield>
</qtimetadata>
<objectives>
<material>
<mattext><![CDATA[Please solve the following exercises.]]></mattext>
</material>
</objectives>
<assessmentcontrol feedbackswitch="No" hintswitch="No" solutionswitch="Yes"/>
<outcomes_processing scoremodel="SumOfScores">
<outcomes>
<decvar varname="SCORE" vartype="Decimal" cutvalue="0"/>
</outcomes>
</outcomes_processing>
<assessfeedback title="AssessmentFeedback" ident="AssessmentFeedback">
<flow_mat>
<material>
<mattext>##AssessmentFeedback##</mattext>
</material>
</flow_mat>
</assessfeedback>

<section ident="vufsw-measuresoflocation-1076-nl-canvas_509366721_section_1" title="Exercise">

<objectives>
<material>
<mattext><![CDATA[Please answer the following question.]]></mattext>
</material>
</objectives>
<selection_ordering>
<selection>
<selection_number>1</selection_number>
<selection_extension>
<points_per_item>1</points_per_item>
</selection_extension>
</selection>
<order order_type="Random"/>
</selection_ordering>

<item ident="vufsw-measuresoflocation-1076-nl-canvas_509366721_section_1_item_1_schoice" title="Question" maxattempts="1">
<itemcontrol feedbackswitch="No" hintswitch="No" solutionswitch="Yes"/>
<itemmetadata>
<qtimetadata>
<qtimetadatafield>
<fieldlabel>question_type</fieldlabel>
<fieldentry>multiple_choice_question</fieldentry>
</qtimetadatafield>
</qtimetadata>
</itemmetadata>
<presentation>
<flow>
<material>
<matbreak/>
<mattext texttype="text/html" charset="utf-8"><![CDATA[
<p>Hieronder vindt u een histogram van een maatstaf voor geluk die is gemaakt uit een willekeurige steekproef van 1919 inwoners van Nederland (bron:
* Uropean Social Survey, 2014*). Specifiek beantwoordden de respondenten de volgende vraag: “Alles bij elkaar genomen, hoe gelukkig zou u zeggen dat u gelukkig bent?”. De antwoordmogelijkheden varieerden van “extreem ongelukkig” (0) tot “extreem gelukkig” (10).</p>
<p><img src="data/supplements_1_1/Screen__Shot__2019-02-21__at__00.20.09.png" /></p>
<p>Is de verdeling van deze variabele rechtsscheef of linksscheef? Wat is de relatie van het gemiddelde met de mediaan en de modus van de verdeling?</p>
<h2 id="antwoordenlijst">Antwoordenlijst</h2>
<ul>
<li>De verdeling is links-scheef. Het gemiddelde is lager dan zowel de modus en de mediaan.</li>
<li>De verdeling is links-scheef. Het gemiddelde is lager dan de modus maar maar hoger dan de mediaan.</li>
<li>De verdeling is rechtsscheef. Het gemiddelde is lager dan de modus maar maar hoger dan de mediaan.</li>
<li>De verdeling is rechtsscheef. Het gemiddelde is lager dan zowel de modus en de mediaan.</li>
</ul>
]]></mattext>
<matbreak/>
</material>
<response_lid ident="vufsw-measuresoflocation-1076-nl-canvas_509366721_section_1_item_1_schoice_RESPONSE_2989930" rcardinality="Single" rtiming="No">
<render_choice shuffle="No">
<flow_label class="List">
<response_label ident="vufsw-measuresoflocation-1076-nl-canvas_509366721_section_1_item_1_schoice_1890611414" rshuffle="No">
<material>
<mattext texttype="text/html" charset="utf-8"><![CDATA[
]]></mattext>
</material>
</response_label>
</flow_label>
<flow_label class="List">
<response_label ident="vufsw-measuresoflocation-1076-nl-canvas_509366721_section_1_item_1_schoice_9454255088" rshuffle="No">
<material>
<mattext texttype="text/html" charset="utf-8"><![CDATA[
]]></mattext>
</material>
</response_label>
</flow_label>
<flow_label class="List">
<response_label ident="vufsw-measuresoflocation-1076-nl-canvas_509366721_section_1_item_1_schoice_2340137812" rshuffle="No">
<material>
<mattext texttype="text/html" charset="utf-8"><![CDATA[
]]></mattext>
</material>
</response_label>
</flow_label>
<flow_label class="List">
<response_label ident="vufsw-measuresoflocation-1076-nl-canvas_509366721_section_1_item_1_schoice_6332821576" rshuffle="No">
<material>
<mattext texttype="text/html" charset="utf-8"><![CDATA[
]]></mattext>
</material>
</response_label>
</flow_label>
</render_choice>
</response_lid>
</flow>
</presentation>
<resprocessing>
<outcomes>
<decvar varname="SCORE" vartype="Decimal" defaultval="0" minvalue="0" maxvalue="1" cutvalue="1"/>
</outcomes>
<respcondition title="Mastery" continue="No">
<conditionvar>
<and>
<varequal respident="vufsw-measuresoflocation-1076-nl-canvas_509366721_section_1_item_1_schoice_RESPONSE_2989930" case="Yes">vufsw-measuresoflocation-1076-nl-canvas_509366721_section_1_item_1_schoice_6332821576</varequal>
<not> <varequal respident="vufsw-measuresoflocation-1076-nl-canvas_509366721_section_1_item_1_schoice_RESPONSE_2989930" case="Yes">vufsw-measuresoflocation-1076-nl-canvas_509366721_section_1_item_1_schoice_1890611414</varequal> </not>
<not> <varequal respident="vufsw-measuresoflocation-1076-nl-canvas_509366721_section_1_item_1_schoice_RESPONSE_2989930" case="Yes">vufsw-measuresoflocation-1076-nl-canvas_509366721_section_1_item_1_schoice_9454255088</varequal> </not>
<not> <varequal respident="vufsw-measuresoflocation-1076-nl-canvas_509366721_section_1_item_1_schoice_RESPONSE_2989930" case="Yes">vufsw-measuresoflocation-1076-nl-canvas_509366721_section_1_item_1_schoice_2340137812</varequal> </not>
</and>
</conditionvar>
<setvar varname="SCORE" action="Set">1</setvar>
<displayfeedback feedbacktype="Response" linkrefid="correct_fb"/>
</respcondition>
<respcondition continue="Yes">
<conditionvar>
<other/>
</conditionvar>
<displayfeedback feedbacktype="Response" linkrefid="general_incorrect_fb"/>
</respcondition>
</resprocessing>
<itemfeedback ident="correct_fb" view="All">
<flow_mat>
<material>
<mattext texttype="text/html"><![CDATA[
<p>Taal Engels</p>
<p>Moeilijkheidsniveaus Gemakkelijk</p>
<p>M&amp;T BIS Standaardwaarde</p>
<p>M&amp;T Beschrijvende statistiek Standaardwaarde</p>
<br />
<ul>
  <br /> Onwaar 
  <br /> Onwaar 
  <br /> Onwaar 
  <br /> Waar 
</ul>
]]></mattext>
</material>
</flow_mat>
</itemfeedback>
<itemfeedback ident="general_incorrect_fb" view="All">
<flow_mat>
<material>
<mattext texttype="text/html"><![CDATA[
<p>Taal Engels</p>
<p>Moeilijkheidsniveaus Gemakkelijk</p>
<p>M&amp;T BIS Standaardwaarde</p>
<p>M&amp;T Beschrijvende statistiek Standaardwaarde</p>
<br />
<ul>
  <br /> Onwaar 
  <br /> Onwaar 
  <br /> Onwaar 
  <br /> Waar 
</ul>
]]></mattext>
</material>
</flow_mat>
</itemfeedback>
</item>


</section>

</assessment>
</questestinterop>
