<?xml version="1.0" encoding="UTF-8"?>
<assessmentItem xsi:schemaLocation="http://www.imsglobal.org/xsd/imsqti_v2p1 http://www.imsglobal.org/xsd/qti/qtiv2p1/imsqti_v2p1p1.xsd http://www.w3.org/1998/Math/MathML http://www.w3.org/Math/XMLSchema/mathml2/mathml2.xsd" identifier="vufsw-assumptions-0265-nl-ans_185861542_section_1_item_1_schoice" title="Assumptions_vufsw-assumptions-0265-nl_vufsw-assumptions-0265-nl_schoice_1" adaptive="false" timeDependent="false" xmlns="http://www.imsglobal.org/xsd/imsqti_v2p1" xmlns:xsi="http://www.w3.org/2001/XMLSchema-instance">
<responseDeclaration identifier="vufsw-assumptions-0265-nl-ans_185861542_section_1_item_1_schoice_RESPONSE_1_5230021" cardinality="single" baseType="identifier">
<correctResponse>
<value>vufsw-assumptions-0265-nl-ans_185861542_section_1_item_1_schoice_1_1452692142</value>
</correctResponse>
<mapping defaultValue="0" lowerBound="0.0">
<mapEntry mapKey="vufsw-assumptions-0265-nl-ans_185861542_section_1_item_1_schoice_1_1452692142" mappedValue="1"/>
<mapEntry mapKey="vufsw-assumptions-0265-nl-ans_185861542_section_1_item_1_schoice_2_3013403298" mappedValue="0"/>
<mapEntry mapKey="vufsw-assumptions-0265-nl-ans_185861542_section_1_item_1_schoice_3_5295800942" mappedValue="0"/>
<mapEntry mapKey="vufsw-assumptions-0265-nl-ans_185861542_section_1_item_1_schoice_4_8000743342" mappedValue="0"/>
</mapping>
</responseDeclaration>
<outcomeDeclaration identifier="SCORE" cardinality="single" baseType="float" normalMaximum="1" normalMinimum="0">
<defaultValue>
<value>0.0</value>
</defaultValue>
</outcomeDeclaration>
<outcomeDeclaration identifier="MAXSCORE" cardinality="single" baseType="float">
<defaultValue>
<value>1</value>
</defaultValue>
</outcomeDeclaration>
<outcomeDeclaration identifier="FEEDBACKBASIC" cardinality="single" baseType="identifier" view="testConstructor">
<defaultValue>
<value>empty</value>
</defaultValue>
</outcomeDeclaration>
<outcomeDeclaration identifier="FEEDBACKMODAL" cardinality="multiple" baseType="identifier" view="testConstructor"/>
<outcomeDeclaration identifier="SOLUTIONMODAL" cardinality="single" baseType="identifier" view="testConstructor"/>
<outcomeDeclaration identifier="MINSCORE" cardinality="single" baseType="float">
<defaultValue>
<value baseType="float">0</value>
</defaultValue>
</outcomeDeclaration>
<outcomeDeclaration identifier="SCORE_RESPONSE_1" cardinality="single" baseType="float">
<defaultValue>
<value>0.0</value>
</defaultValue>
</outcomeDeclaration>
<outcomeDeclaration identifier="MINSCORE_RESPONSE_1" cardinality="single" baseType="float">
<defaultValue>
<value>0.0</value>
</defaultValue>
</outcomeDeclaration>
<itemBody>
<p>Welke assumptie moet in acht genomen worden wanneer er gebruikt wordt
gemaakt van een Mixed Design ANOVA?</p>
<choiceInteraction responseIdentifier="vufsw-assumptions-0265-nl-ans_185861542_section_1_item_1_schoice_RESPONSE_1_5230021" shuffle="false" maxChoices="1">
<simpleChoice identifier="vufsw-assumptions-0265-nl-ans_185861542_section_1_item_1_schoice_1_1452692142">
<p>
 Homogeneity of variances en sphericity
</p>
</simpleChoice>
<simpleChoice identifier="vufsw-assumptions-0265-nl-ans_185861542_section_1_item_1_schoice_2_3013403298">
<p>
 Homogeneity of variances
</p>
</simpleChoice>
<simpleChoice identifier="vufsw-assumptions-0265-nl-ans_185861542_section_1_item_1_schoice_3_5295800942">
<p>
 Sphericity
</p>
</simpleChoice>
<simpleChoice identifier="vufsw-assumptions-0265-nl-ans_185861542_section_1_item_1_schoice_4_8000743342">
<p>
 Homogeneity of covariance matrices
</p>
</simpleChoice>
</choiceInteraction>
</itemBody>
<responseProcessing>
<setOutcomeValue identifier="SCORE_RESPONSE_1">
<sum>
<variable identifier="SCORE_RESPONSE_1"/>
<mapResponse identifier="vufsw-assumptions-0265-nl-ans_185861542_section_1_item_1_schoice_RESPONSE_1_5230021"/>
</sum>
</setOutcomeValue>
<responseCondition>
<responseIf>
<lt>
<variable identifier="SCORE_RESPONSE_1"/>
<variable identifier="MINSCORE_RESPONSE_1"/>
</lt>
<setOutcomeValue identifier="SCORE_RESPONSE_1">
<variable identifier="MINSCORE_RESPONSE_1"/>
</setOutcomeValue>
</responseIf>
</responseCondition>
<responseCondition>
<responseIf>
<isNull>
<variable identifier="vufsw-assumptions-0265-nl-ans_185861542_section_1_item_1_schoice_RESPONSE_1_5230021"/>
</isNull>
<setOutcomeValue identifier="SCORE_RESPONSE_1">
<sum>
<variable identifier="SCORE_RESPONSE_1"/>
<baseValue baseType="float">0</baseValue>
</sum>
</setOutcomeValue>
</responseIf>
</responseCondition>
<setOutcomeValue identifier="SCORE">
<sum>
<variable identifier="SCORE_RESPONSE_1"/>
</sum>
</setOutcomeValue>
<responseCondition>
<responseIf>
<lt>
<variable identifier="SCORE"/>
<variable identifier="MINSCORE"/>
</lt>
<setOutcomeValue identifier="SCORE">
<variable identifier="MINSCORE"/>
</setOutcomeValue>
</responseIf>
</responseCondition>
<responseCondition>
<responseIf>
<lt>
<variable identifier="SCORE"/>
<baseValue baseType="float">1</baseValue>
</lt>
<setOutcomeValue identifier="FEEDBACKMODAL">
<multiple>
<variable identifier="FEEDBACKMODAL"/>
<baseValue baseType="identifier">Feedback501912510</baseValue>
</multiple>
</setOutcomeValue>
</responseIf>
</responseCondition>
</responseProcessing>
<modalFeedback outcomeIdentifier="FEEDBACK" showHide="show" identifier="incorrect">
<p>In one-way ANOVA moeten de varianties van de residuen gelijk zijn voor
alle groepen van de onafhankelijke variabele. Dit is de homogeneity of
variances assumptie.<br />
In Repeated Measures ANOVA moeten de varianties van de verschilscores
van de condities gelijk zijn. Dit is de assumptie van Sphericity.<br />
Een Mixed Design ANOVA is een combinatie van een between-groups design
en een Repeated Measures design. Dus, de assumptie van homogeneity of
variances moet gelden voor het between groups onderdeel en de assumptie
van Sphericity voor het Repeated Measures onderdeel.<br />
In MANOVA moeten de varianties van de residuen van elke afhankelijke
variabele en de covarianties van alle paren van afhankelijke variabelen
gelijk zijn voor alle groepen van de onafhankelijke variabele. Dit is de
assuptie van Homogeneity of Covariance Matrices.</p>
<br />
<ul>
<li> Homogeneity of variances en sphericity <br /> True </li>
<li> Homogeneity of variances <br /> False </li>
<li> Sphericity <br /> False </li>
<li> Homogeneity of covariance matrices <br /> False </li>
</ul>
</modalFeedback>
</assessmentItem>
