<?xml version="1.0" encoding="UTF-8"?>
<assessmentItem xsi:schemaLocation="http://www.imsglobal.org/xsd/imsqti_v2p1 http://www.imsglobal.org/xsd/qti/qtiv2p1/imsqti_v2p1p1.xsd http://www.w3.org/1998/Math/MathML http://www.w3.org/Math/XMLSchema/mathml2/mathml2.xsd" identifier="eur-factor_analysis-201-nl-qti_552403332_section_1_item_1_schoice" title="1" adaptive="false" timeDependent="false" xmlns="http://www.imsglobal.org/xsd/imsqti_v2p1" xmlns:xsi="http://www.w3.org/2001/XMLSchema-instance">
<responseDeclaration identifier="eur-factor_analysis-201-nl-qti_552403332_section_1_item_1_schoice_RESPONSE_1_7088011" cardinality="single" baseType="identifier">
<correctResponse>
<value>eur-factor_analysis-201-nl-qti_552403332_section_1_item_1_schoice_3_6060008263</value>
</correctResponse>
<mapping defaultValue="0" lowerBound="0.0">
<mapEntry mapKey="eur-factor_analysis-201-nl-qti_552403332_section_1_item_1_schoice_1_2158339130" mappedValue="0"/>
<mapEntry mapKey="eur-factor_analysis-201-nl-qti_552403332_section_1_item_1_schoice_2_7587123232" mappedValue="0"/>
<mapEntry mapKey="eur-factor_analysis-201-nl-qti_552403332_section_1_item_1_schoice_3_6060008263" mappedValue="1"/>
<mapEntry mapKey="eur-factor_analysis-201-nl-qti_552403332_section_1_item_1_schoice_4_5091045305" mappedValue="0"/>
</mapping>
</responseDeclaration>
<outcomeDeclaration identifier="SCORE" cardinality="single" baseType="float" normalMaximum="1" normalMinimum="0">
<defaultValue>
<value>0.0</value>
</defaultValue>
</outcomeDeclaration>
<outcomeDeclaration identifier="MAXSCORE" cardinality="single" baseType="float">
<defaultValue>
<value>1</value>
</defaultValue>
</outcomeDeclaration>
<outcomeDeclaration identifier="FEEDBACKBASIC" cardinality="single" baseType="identifier" view="testConstructor">
<defaultValue>
<value>empty</value>
</defaultValue>
</outcomeDeclaration>
<outcomeDeclaration identifier="FEEDBACKMODAL" cardinality="multiple" baseType="identifier" view="testConstructor"/>
<outcomeDeclaration identifier="SOLUTIONMODAL" cardinality="single" baseType="identifier" view="testConstructor"/>
<outcomeDeclaration identifier="MINSCORE" cardinality="single" baseType="float">
<defaultValue>
<value baseType="float">0</value>
</defaultValue>
</outcomeDeclaration>
<outcomeDeclaration identifier="SCORE_RESPONSE_1" cardinality="single" baseType="float">
<defaultValue>
<value>0.0</value>
</defaultValue>
</outcomeDeclaration>
<outcomeDeclaration identifier="MINSCORE_RESPONSE_1" cardinality="single" baseType="float">
<defaultValue>
<value>0.0</value>
</defaultValue>
</outcomeDeclaration>
<itemBody>
<p>Een onderzoeker doet een exploratieve factor analyse en extraheert 3 factoren. Ze voert vervolgens een non-orthogonale rotatie uit. De ladingen (factor loadings) in de pattern en structure matrix blijken nagenoeg hetzelfde voor de drie factoren. Welke conclusie kan hieruit getrokken worden?</p>
<choiceInteraction responseIdentifier="eur-factor_analysis-201-nl-qti_552403332_section_1_item_1_schoice_RESPONSE_1_7088011" shuffle="false" maxChoices="1">
<simpleChoice identifier="eur-factor_analysis-201-nl-qti_552403332_section_1_item_1_schoice_1_2158339130">
<p>
 Het heeft geen zin gehad om een rotatie uit te voeren, omdat het resultaat zonder en met rotatie nagenoeg hetzelfde is.
</p>
</simpleChoice>
<simpleChoice identifier="eur-factor_analysis-201-nl-qti_552403332_section_1_item_1_schoice_2_7587123232">
<p>
 De som van de eigenwaarden is nagenoeg hetzelfde met en zonder rotatie.
</p>
</simpleChoice>
<simpleChoice identifier="eur-factor_analysis-201-nl-qti_552403332_section_1_item_1_schoice_3_6060008263">
<p>
 De drie factoren zijn nauwelijks gecorreleerd.
</p>
</simpleChoice>
<simpleChoice identifier="eur-factor_analysis-201-nl-qti_552403332_section_1_item_1_schoice_4_5091045305">
<p>
 De orthogonale en non-orthogonale rotaties verklaren nagenoeg dezelfde proportie variantie.
</p>
</simpleChoice>
</choiceInteraction>
</itemBody>
<responseProcessing>
<setOutcomeValue identifier="SCORE_RESPONSE_1">
<sum>
<variable identifier="SCORE_RESPONSE_1"/>
<mapResponse identifier="eur-factor_analysis-201-nl-qti_552403332_section_1_item_1_schoice_RESPONSE_1_7088011"/>
</sum>
</setOutcomeValue>
<responseCondition>
<responseIf>
<lt>
<variable identifier="SCORE_RESPONSE_1"/>
<variable identifier="MINSCORE_RESPONSE_1"/>
</lt>
<setOutcomeValue identifier="SCORE_RESPONSE_1">
<variable identifier="MINSCORE_RESPONSE_1"/>
</setOutcomeValue>
</responseIf>
</responseCondition>
<responseCondition>
<responseIf>
<isNull>
<variable identifier="eur-factor_analysis-201-nl-qti_552403332_section_1_item_1_schoice_RESPONSE_1_7088011"/>
</isNull>
<setOutcomeValue identifier="SCORE_RESPONSE_1">
<sum>
<variable identifier="SCORE_RESPONSE_1"/>
<baseValue baseType="float">0</baseValue>
</sum>
</setOutcomeValue>
</responseIf>
</responseCondition>
<setOutcomeValue identifier="SCORE">
<sum>
<variable identifier="SCORE_RESPONSE_1"/>
</sum>
</setOutcomeValue>
<responseCondition>
<responseIf>
<lt>
<variable identifier="SCORE"/>
<variable identifier="MINSCORE"/>
</lt>
<setOutcomeValue identifier="SCORE">
<variable identifier="MINSCORE"/>
</setOutcomeValue>
</responseIf>
</responseCondition>
<responseCondition>
<responseIf>
<lt>
<variable identifier="SCORE"/>
<baseValue baseType="float">1</baseValue>
</lt>
<setOutcomeValue identifier="FEEDBACKMODAL">
<multiple>
<variable identifier="FEEDBACKMODAL"/>
<baseValue baseType="identifier">Feedback446337280</baseValue>
</multiple>
</setOutcomeValue>
</responseIf>
</responseCondition>
</responseProcessing>
<modalFeedback identifier="Feedback446337280" outcomeIdentifier="FEEDBACKMODAL" showHide="show">
<ul>
<li>The comparison between the pattern and structure matrix does not give information about the solution without rotation.<br />
</li>
<li>After extraction the pattern and structure matrix tell us nothing about the initial eigenvalues (these are about the explained variance of all possible factors, so the same number as there are items).</li>
<li>The statement about the proportion of explained variance is incorrect because it does not answer the question. After having extracted a certain number of factors, the proportion explained variance is always the same with and without rotation (even if the loadings in the pattern and structure matrix are very different).</li>
</ul>
<p>Non-orthogonal rotation means that the factors are allowed to correlate. The pattern matrix gives the corrected loadings (corrected for factors that have a higher correlation) between an item and a factor. If the loadings in the pattern and structure matrix are nearly the same, this means that the factors are barely correlated (there is no overlap between the factors to correct).</p>
<br />
<ul>
<li> Het heeft geen zin gehad om een rotatie uit te voeren, omdat het resultaat zonder en met rotatie nagenoeg hetzelfde is. <br /> Fout </li>
<li> De som van de eigenwaarden is nagenoeg hetzelfde met en zonder rotatie. <br /> Fout </li>
<li> De drie factoren zijn nauwelijks gecorreleerd. <br /> Goed </li>
<li> De orthogonale en non-orthogonale rotaties verklaren nagenoeg dezelfde proportie variantie. <br /> Fout </li>
</ul>
</modalFeedback>
</assessmentItem>
