<?xml version="1.0" encoding="UTF-8"?>
<assessmentItem xsi:schemaLocation="http://www.imsglobal.org/xsd/imsqti_v2p1 http://www.imsglobal.org/xsd/qti/qtiv2p1/imsqti_v2p1p1.xsd http://www.w3.org/1998/Math/MathML http://www.w3.org/Math/XMLSchema/mathml2/mathml2.xsd" identifier="uva-independent-events-709-nl-qti_840030454_section_1_item_1_schoice" title="1" adaptive="false" timeDependent="false" xmlns="http://www.imsglobal.org/xsd/imsqti_v2p1" xmlns:xsi="http://www.w3.org/2001/XMLSchema-instance">
<responseDeclaration identifier="uva-independent-events-709-nl-qti_840030454_section_1_item_1_schoice_RESPONSE_1_3705074" cardinality="single" baseType="identifier">
<correctResponse>
<value>uva-independent-events-709-nl-qti_840030454_section_1_item_1_schoice_2_5566584194</value>
</correctResponse>
<mapping defaultValue="0" lowerBound="0.0">
<mapEntry mapKey="uva-independent-events-709-nl-qti_840030454_section_1_item_1_schoice_1_4253178652" mappedValue="0"/>
<mapEntry mapKey="uva-independent-events-709-nl-qti_840030454_section_1_item_1_schoice_2_5566584194" mappedValue="1"/>
<mapEntry mapKey="uva-independent-events-709-nl-qti_840030454_section_1_item_1_schoice_3_9858108393" mappedValue="0"/>
</mapping>
</responseDeclaration>
<outcomeDeclaration identifier="SCORE" cardinality="single" baseType="float" normalMaximum="1" normalMinimum="0">
<defaultValue>
<value>0.0</value>
</defaultValue>
</outcomeDeclaration>
<outcomeDeclaration identifier="MAXSCORE" cardinality="single" baseType="float">
<defaultValue>
<value>1</value>
</defaultValue>
</outcomeDeclaration>
<outcomeDeclaration identifier="FEEDBACKBASIC" cardinality="single" baseType="identifier" view="testConstructor">
<defaultValue>
<value>empty</value>
</defaultValue>
</outcomeDeclaration>
<outcomeDeclaration identifier="FEEDBACKMODAL" cardinality="multiple" baseType="identifier" view="testConstructor"/>
<outcomeDeclaration identifier="SOLUTIONMODAL" cardinality="single" baseType="identifier" view="testConstructor"/>
<outcomeDeclaration identifier="MINSCORE" cardinality="single" baseType="float">
<defaultValue>
<value baseType="float">0</value>
</defaultValue>
</outcomeDeclaration>
<outcomeDeclaration identifier="SCORE_RESPONSE_1" cardinality="single" baseType="float">
<defaultValue>
<value>0.0</value>
</defaultValue>
</outcomeDeclaration>
<outcomeDeclaration identifier="MINSCORE_RESPONSE_1" cardinality="single" baseType="float">
<defaultValue>
<value>0.0</value>
</defaultValue>
</outcomeDeclaration>
<itemBody>
<p>Als P(A) = 0,15; P(B) = 0,45 en P(A∪B) = 0,45, zijn A en B dan
onafhankelijk van elkaar?</p>
<choiceInteraction responseIdentifier="uva-independent-events-709-nl-qti_840030454_section_1_item_1_schoice_RESPONSE_1_3705074" shuffle="false" maxChoices="1">
<simpleChoice identifier="uva-independent-events-709-nl-qti_840030454_section_1_item_1_schoice_1_4253178652">
<p>
 Ja
</p>
</simpleChoice>
<simpleChoice identifier="uva-independent-events-709-nl-qti_840030454_section_1_item_1_schoice_2_5566584194">
<p>
 Nee
</p>
</simpleChoice>
<simpleChoice identifier="uva-independent-events-709-nl-qti_840030454_section_1_item_1_schoice_3_9858108393">
<p>
 Niet te bepalen
</p>
</simpleChoice>
</choiceInteraction>
</itemBody>
<responseProcessing>
<setOutcomeValue identifier="SCORE_RESPONSE_1">
<sum>
<variable identifier="SCORE_RESPONSE_1"/>
<mapResponse identifier="uva-independent-events-709-nl-qti_840030454_section_1_item_1_schoice_RESPONSE_1_3705074"/>
</sum>
</setOutcomeValue>
<responseCondition>
<responseIf>
<lt>
<variable identifier="SCORE_RESPONSE_1"/>
<variable identifier="MINSCORE_RESPONSE_1"/>
</lt>
<setOutcomeValue identifier="SCORE_RESPONSE_1">
<variable identifier="MINSCORE_RESPONSE_1"/>
</setOutcomeValue>
</responseIf>
</responseCondition>
<responseCondition>
<responseIf>
<isNull>
<variable identifier="uva-independent-events-709-nl-qti_840030454_section_1_item_1_schoice_RESPONSE_1_3705074"/>
</isNull>
<setOutcomeValue identifier="SCORE_RESPONSE_1">
<sum>
<variable identifier="SCORE_RESPONSE_1"/>
<baseValue baseType="float">0</baseValue>
</sum>
</setOutcomeValue>
</responseIf>
</responseCondition>
<setOutcomeValue identifier="SCORE">
<sum>
<variable identifier="SCORE_RESPONSE_1"/>
</sum>
</setOutcomeValue>
<responseCondition>
<responseIf>
<lt>
<variable identifier="SCORE"/>
<variable identifier="MINSCORE"/>
</lt>
<setOutcomeValue identifier="SCORE">
<variable identifier="MINSCORE"/>
</setOutcomeValue>
</responseIf>
</responseCondition>
<responseCondition>
<responseIf>
<lt>
<variable identifier="SCORE"/>
<baseValue baseType="float">1</baseValue>
</lt>
<setOutcomeValue identifier="FEEDBACKMODAL">
<multiple>
<variable identifier="FEEDBACKMODAL"/>
<baseValue baseType="identifier">Feedback991160692</baseValue>
</multiple>
</setOutcomeValue>
</responseIf>
</responseCondition>
</responseProcessing>
<modalFeedback identifier="Feedback991160692" outcomeIdentifier="FEEDBACKMODAL" showHide="show">
<ul>
<li> Ja <br /> Ja: Incorrect </li>
<li> Nee <br /> Nee: Correct </li>
<li> Niet te bepalen <br /> Niet te bepalen: Incorrect </li>
</ul>
</modalFeedback>
</assessmentItem>
