<?xml version="1.0" encoding="UTF-8"?>
<assessmentItem xsi:schemaLocation="http://www.imsglobal.org/xsd/imsqti_v2p1 http://www.imsglobal.org/xsd/qti/qtiv2p1/imsqti_v2p1p1.xsd http://www.w3.org/1998/Math/MathML http://www.w3.org/Math/XMLSchema/mathml2/mathml2.xsd" identifier="uu-Oneway_ANOVA-815-nl-qti_856333702_section_1_item_1_schoice" title="1" adaptive="false" timeDependent="false" xmlns="http://www.imsglobal.org/xsd/imsqti_v2p1" xmlns:xsi="http://www.w3.org/2001/XMLSchema-instance">
<responseDeclaration identifier="uu-Oneway_ANOVA-815-nl-qti_856333702_section_1_item_1_schoice_RESPONSE_1_2206220" cardinality="single" baseType="identifier">
<correctResponse>
<value>uu-Oneway_ANOVA-815-nl-qti_856333702_section_1_item_1_schoice_1_3953438578</value>
</correctResponse>
<mapping defaultValue="0" lowerBound="0.0">
<mapEntry mapKey="uu-Oneway_ANOVA-815-nl-qti_856333702_section_1_item_1_schoice_1_3953438578" mappedValue="1"/>
<mapEntry mapKey="uu-Oneway_ANOVA-815-nl-qti_856333702_section_1_item_1_schoice_2_8352438350" mappedValue="0"/>
<mapEntry mapKey="uu-Oneway_ANOVA-815-nl-qti_856333702_section_1_item_1_schoice_3_6474505052" mappedValue="0"/>
<mapEntry mapKey="uu-Oneway_ANOVA-815-nl-qti_856333702_section_1_item_1_schoice_4_1949348420" mappedValue="0"/>
</mapping>
</responseDeclaration>
<outcomeDeclaration identifier="SCORE" cardinality="single" baseType="float" normalMaximum="1" normalMinimum="0">
<defaultValue>
<value>0.0</value>
</defaultValue>
</outcomeDeclaration>
<outcomeDeclaration identifier="MAXSCORE" cardinality="single" baseType="float">
<defaultValue>
<value>1</value>
</defaultValue>
</outcomeDeclaration>
<outcomeDeclaration identifier="FEEDBACKBASIC" cardinality="single" baseType="identifier" view="testConstructor">
<defaultValue>
<value>empty</value>
</defaultValue>
</outcomeDeclaration>
<outcomeDeclaration identifier="FEEDBACKMODAL" cardinality="multiple" baseType="identifier" view="testConstructor"/>
<outcomeDeclaration identifier="MINSCORE" cardinality="single" baseType="float">
<defaultValue>
<value baseType="float">0</value>
</defaultValue>
</outcomeDeclaration>
<outcomeDeclaration identifier="SCORE_RESPONSE_1" cardinality="single" baseType="float">
<defaultValue>
<value>0.0</value>
</defaultValue>
</outcomeDeclaration>
<outcomeDeclaration identifier="MINSCORE_RESPONSE_1" cardinality="single" baseType="float">
<defaultValue>
<value>0.0</value>
</defaultValue>
</outcomeDeclaration>
<itemBody>
<p>Stel dat niet de exacte leeftijd van de ouders bekend is, maar alleen een leeftijdscategorie (&lt;20, 20-29, 30-39, 40-49, ≥50). Van welke toets kunnen we dan gebruik maken om te kijken of er verschillen in stress aanwezig zijn?</p>
<choiceInteraction responseIdentifier="uu-Oneway_ANOVA-815-nl-qti_856333702_section_1_item_1_schoice_RESPONSE_1_2206220" shuffle="false" maxChoices="1">
<simpleChoice identifier="uu-Oneway_ANOVA-815-nl-qti_856333702_section_1_item_1_schoice_1_3953438578">
<p>
 eenweg-ANOVA
</p>
</simpleChoice>
<simpleChoice identifier="uu-Oneway_ANOVA-815-nl-qti_856333702_section_1_item_1_schoice_2_8352438350">
<p>
 tweeweg-ANOVA
</p>
</simpleChoice>
<simpleChoice identifier="uu-Oneway_ANOVA-815-nl-qti_856333702_section_1_item_1_schoice_3_6474505052">
<p>
 $$2-test of independence
</p>
</simpleChoice>
<simpleChoice identifier="uu-Oneway_ANOVA-815-nl-qti_856333702_section_1_item_1_schoice_4_1949348420">
<p>
 Mann-Whitney U-toets
</p>
</simpleChoice>
</choiceInteraction>
</itemBody>
<responseProcessing>
<responseCondition>
<responseIf>
<isNull>
<variable identifier="uu-Oneway_ANOVA-815-nl-qti_856333702_section_1_item_1_schoice_RESPONSE_1_2206220"/>
</isNull>
<setOutcomeValue identifier="SCORE_RESPONSE_1">
<sum>
<variable identifier="SCORE_RESPONSE_1"/>
<baseValue baseType="float">0</baseValue>
</sum>
</setOutcomeValue>
</responseIf>
</responseCondition>
<setOutcomeValue identifier="SCORE_RESPONSE_1">
<sum>
<variable identifier="SCORE_RESPONSE_1"/>
<mapResponse identifier="uu-Oneway_ANOVA-815-nl-qti_856333702_section_1_item_1_schoice_RESPONSE_1_2206220"/>
</sum>
</setOutcomeValue>
<responseCondition>
<responseIf>
<lt>
<variable identifier="SCORE_RESPONSE_1"/>
<variable identifier="MINSCORE_RESPONSE_1"/>
</lt>
<setOutcomeValue identifier="SCORE_RESPONSE_1">
<variable identifier="MINSCORE_RESPONSE_1"/>
</setOutcomeValue>
</responseIf>
</responseCondition>
<setOutcomeValue identifier="SCORE">
<sum>
<variable identifier="SCORE_RESPONSE_1"/>
</sum>
</setOutcomeValue>
<responseCondition>
<responseIf>
<lt>
<variable identifier="SCORE"/>
<variable identifier="MINSCORE"/>
</lt>
<setOutcomeValue identifier="SCORE">
<variable identifier="MINSCORE"/>
</setOutcomeValue>
</responseIf>
</responseCondition>
<responseCondition>
<responseIf>
<lt>
<variable identifier="SCORE"/>
<baseValue baseType="float">1</baseValue>
</lt>
<setOutcomeValue identifier="FEEDBACKMODAL">
<multiple>
<variable identifier="FEEDBACKMODAL"/>
<baseValue baseType="identifier">Feedback975719532</baseValue>
</multiple>
</setOutcomeValue>
</responseIf>
</responseCondition>
</responseProcessing>
<modalFeedback identifier="Feedback975719532" outcomeIdentifier="FEEDBACKMODAL" showHide="show">
<ul>
<li> eenweg-ANOVA <br /> Dit antwoord is correct. </li>
<li> tweeweg-ANOVA <br /> Dit antwoord is incorrect. </li>
<li> $$2-test of independence <br /> Dit antwoord is incorrect. </li>
<li> Mann-Whitney U-toets <br /> Dit antwoord is incorrect. </li>
</ul>
</modalFeedback>
</assessmentItem>
