<?xml version="1.0" encoding="UTF-8"?>
<assessmentItem xsi:schemaLocation="http://www.imsglobal.org/xsd/imsqti_v2p1 http://www.imsglobal.org/xsd/qti/qtiv2p1/imsqti_v2p1p1.xsd http://www.w3.org/1998/Math/MathML http://www.w3.org/Math/XMLSchema/mathml2/mathml2.xsd" identifier="vufsw-criticalvalue-0152-nl-qti_883290966_section_1_item_1_schoice" title="1" adaptive="false" timeDependent="false" xmlns="http://www.imsglobal.org/xsd/imsqti_v2p1" xmlns:xsi="http://www.w3.org/2001/XMLSchema-instance">
<responseDeclaration identifier="vufsw-criticalvalue-0152-nl-qti_883290966_section_1_item_1_schoice_RESPONSE_1_6481451" cardinality="single" baseType="identifier">
<correctResponse>
<value>vufsw-criticalvalue-0152-nl-qti_883290966_section_1_item_1_schoice_3_3930320640</value>
</correctResponse>
<mapping defaultValue="0" lowerBound="0.0">
<mapEntry mapKey="vufsw-criticalvalue-0152-nl-qti_883290966_section_1_item_1_schoice_1_1542262098" mappedValue="0"/>
<mapEntry mapKey="vufsw-criticalvalue-0152-nl-qti_883290966_section_1_item_1_schoice_2_1285095971" mappedValue="0"/>
<mapEntry mapKey="vufsw-criticalvalue-0152-nl-qti_883290966_section_1_item_1_schoice_3_3930320640" mappedValue="1"/>
<mapEntry mapKey="vufsw-criticalvalue-0152-nl-qti_883290966_section_1_item_1_schoice_4_7427323702" mappedValue="0"/>
<mapEntry mapKey="vufsw-criticalvalue-0152-nl-qti_883290966_section_1_item_1_schoice_5_3102681786" mappedValue="0"/>
</mapping>
</responseDeclaration>
<outcomeDeclaration identifier="SCORE" cardinality="single" baseType="float" normalMaximum="1" normalMinimum="0">
<defaultValue>
<value>0.0</value>
</defaultValue>
</outcomeDeclaration>
<outcomeDeclaration identifier="MAXSCORE" cardinality="single" baseType="float">
<defaultValue>
<value>1</value>
</defaultValue>
</outcomeDeclaration>
<outcomeDeclaration identifier="FEEDBACKBASIC" cardinality="single" baseType="identifier" view="testConstructor">
<defaultValue>
<value>empty</value>
</defaultValue>
</outcomeDeclaration>
<outcomeDeclaration identifier="FEEDBACKMODAL" cardinality="multiple" baseType="identifier" view="testConstructor"/>
<outcomeDeclaration identifier="SOLUTIONMODAL" cardinality="single" baseType="identifier" view="testConstructor"/>
<outcomeDeclaration identifier="MINSCORE" cardinality="single" baseType="float">
<defaultValue>
<value baseType="float">0</value>
</defaultValue>
</outcomeDeclaration>
<outcomeDeclaration identifier="SCORE_RESPONSE_1" cardinality="single" baseType="float">
<defaultValue>
<value>0.0</value>
</defaultValue>
</outcomeDeclaration>
<outcomeDeclaration identifier="MINSCORE_RESPONSE_1" cardinality="single" baseType="float">
<defaultValue>
<value>0.0</value>
</defaultValue>
</outcomeDeclaration>
<itemBody>
<p>Een docent is geïnteresseerd in de invloed van het aantal uren dat
studenten hebben gestudeerd (“<strong>UREN</strong>”) op de score op een bepaalde
toets (“<strong>SCORE</strong>”). Hij voert een regressie-analyse uit met deze twee
variabelen, met gegevens van een steekproef van 160 studenten.</p>
<p>Dit leidt tot het volgende lineair model: SCORE = 2,30 + 0,80 * UREN.</p>
<p>De docent wil vaststellen of UREN een positieve invloed heeft op SCORE.
Hij toetst tweezijdig met een significantieniveau van 5% (α = 0,05). Wat
moet de docent in dit geval toetsen?</p>
<choiceInteraction responseIdentifier="vufsw-criticalvalue-0152-nl-qti_883290966_section_1_item_1_schoice_RESPONSE_1_6481451" shuffle="false" maxChoices="1">
<simpleChoice identifier="vufsw-criticalvalue-0152-nl-qti_883290966_section_1_item_1_schoice_1_1542262098">
<p>
 Hij moet nagaan of de waarde 0,80 significant kleiner is dan 1,96.
</p>
</simpleChoice>
<simpleChoice identifier="vufsw-criticalvalue-0152-nl-qti_883290966_section_1_item_1_schoice_2_1285095971">
<p>
 Hij moet nagaan of de waarde 0,80 significant kleiner is dan 0,95.
</p>
</simpleChoice>
<simpleChoice identifier="vufsw-criticalvalue-0152-nl-qti_883290966_section_1_item_1_schoice_3_3930320640">
<p>
 Hij moet nagaan of de waarde 0,80 significant afwijkt van 0,05.
</p>
</simpleChoice>
<simpleChoice identifier="vufsw-criticalvalue-0152-nl-qti_883290966_section_1_item_1_schoice_4_7427323702">
<p>
 Hij moet nagaan of de waarde 0,80 significant afwijkt van 0,00.
</p>
</simpleChoice>
<simpleChoice identifier="vufsw-criticalvalue-0152-nl-qti_883290966_section_1_item_1_schoice_5_3102681786">
<p>
 Hij moet nagaan of de waarde 0,80 significant afwijkt van 0,025.
</p>
</simpleChoice>
</choiceInteraction>
</itemBody>
<responseProcessing>
<setOutcomeValue identifier="SCORE_RESPONSE_1">
<sum>
<variable identifier="SCORE_RESPONSE_1"/>
<mapResponse identifier="vufsw-criticalvalue-0152-nl-qti_883290966_section_1_item_1_schoice_RESPONSE_1_6481451"/>
</sum>
</setOutcomeValue>
<responseCondition>
<responseIf>
<lt>
<variable identifier="SCORE_RESPONSE_1"/>
<variable identifier="MINSCORE_RESPONSE_1"/>
</lt>
<setOutcomeValue identifier="SCORE_RESPONSE_1">
<variable identifier="MINSCORE_RESPONSE_1"/>
</setOutcomeValue>
</responseIf>
</responseCondition>
<responseCondition>
<responseIf>
<isNull>
<variable identifier="vufsw-criticalvalue-0152-nl-qti_883290966_section_1_item_1_schoice_RESPONSE_1_6481451"/>
</isNull>
<setOutcomeValue identifier="SCORE_RESPONSE_1">
<sum>
<variable identifier="SCORE_RESPONSE_1"/>
<baseValue baseType="float">0</baseValue>
</sum>
</setOutcomeValue>
</responseIf>
</responseCondition>
<setOutcomeValue identifier="SCORE">
<sum>
<variable identifier="SCORE_RESPONSE_1"/>
</sum>
</setOutcomeValue>
<responseCondition>
<responseIf>
<lt>
<variable identifier="SCORE"/>
<variable identifier="MINSCORE"/>
</lt>
<setOutcomeValue identifier="SCORE">
<variable identifier="MINSCORE"/>
</setOutcomeValue>
</responseIf>
</responseCondition>
<responseCondition>
<responseIf>
<lt>
<variable identifier="SCORE"/>
<baseValue baseType="float">1</baseValue>
</lt>
<setOutcomeValue identifier="FEEDBACKMODAL">
<multiple>
<variable identifier="FEEDBACKMODAL"/>
<baseValue baseType="identifier">Feedback697345628</baseValue>
</multiple>
</setOutcomeValue>
</responseIf>
</responseCondition>
</responseProcessing>
<modalFeedback identifier="Feedback697345628" outcomeIdentifier="FEEDBACKMODAL" showHide="show">
<ul>
<li> Hij moet nagaan of de waarde 0,80 significant kleiner is dan 1,96. <br /> False </li>
<li> Hij moet nagaan of de waarde 0,80 significant kleiner is dan 0,95. <br /> False </li>
<li> Hij moet nagaan of de waarde 0,80 significant afwijkt van 0,05. <br /> True </li>
<li> Hij moet nagaan of de waarde 0,80 significant afwijkt van 0,00. <br /> False </li>
<li> Hij moet nagaan of de waarde 0,80 significant afwijkt van 0,025. <br /> False </li>
</ul>
</modalFeedback>
</assessmentItem>
