<?xml version="1.0" encoding="utf-8" standalone="yes"?>
<assessmentItem identifier="vufsw-significancelevel-0156-en-tv_202601131821_item_1_schoice" title="vufsw-significancelevel-0156-en-tv_202601131821_item_1_schoice_vufsw-significancelevel-0156-en" adaptive="false" timeDependent="false" toolName="Testvision Online" toolVersion="39.0.9084" xmlns="http://www.imsglobal.org/xsd/imsqti_v2p1">
<responseDeclaration identifier="RESPONSE" cardinality="single" baseType="identifier">
<correctResponse>
<value>alt_857540</value>
</correctResponse>
<mapping defaultValue="0" lowerBound="0.0">
<mapEntry mapKey="alt_224554" mappedValue="-0.25"/>
<mapEntry mapKey="alt_451175" mappedValue="-0.25"/>
<mapEntry mapKey="alt_187564" mappedValue="-0.25"/>
<mapEntry mapKey="alt_563382" mappedValue="-0.25"/>
<mapEntry mapKey="alt_857540" mappedValue="1"/>
</mapping>
</responseDeclaration>
<outcomeDeclaration identifier="SCORE" cardinality="single" baseType="float" normalMaximum="1" normalMinimum="0" />
<outcomeDeclaration identifier="FEEDBACK" cardinality="single" baseType="identifier" />
<stylesheet href="css/vufsw-significancelevel-0156-en-tv_202601131821_item_1_schoice.css" type="text/css" />
<itemBody>
<p>A researcher conducts a multiple regression to determine which factors that influence the extent to which a person watches television (<strong>Y</strong>). The data used comes from the <em>European Social Survey</em> from 2014. The questionnaire was administered to a random sample from the population of the Netherlands aged 18 years and older (N=1362). The extent to which a person watches television was measured with a question in which response options ranged from 1 (“less than half an hour per day”) to 7 (“more than three hours a day”). Education (“<strong>Educyrs</strong>”) was measured in number of years of education completed; scores on this variable range from 0 years to 28 years. The researcher obtains the results below. The researcher examines whether the three independent variables have an impact on Y and conducts a test conducted. He uses a significance level of 5% (α = .05).</p>
<p>Which of the following conclusions is correct?</p>
<p><img src="mediafiles/supplements1/1553595822664.png" alt="image"/></p>
<choiceInteraction responseIdentifier="RESPONSE" shuffle="false" maxChoices="1">
<simpleChoice identifier="alt_224554">
<div class="textblock tvblock tvcss_1"><div class="rte_zone tveditor1">
 Age has a significant positive effect on the extent of TV watching. Men watch TV significantly more often than women.
</div>
</div>
</simpleChoice>
<simpleChoice identifier="alt_451175">
<div class="textblock tvblock tvcss_1"><div class="rte_zone tveditor1">
 Age has a significant positive effect on the level of TV viewing. Women watch TV significantly more often than men.
</div>
</div>
</simpleChoice>
<simpleChoice identifier="alt_187564">
<div class="textblock tvblock tvcss_1"><div class="rte_zone tveditor1">
 Age and years of education both have a significant positive effect on the degree of TV watching.
</div>
</div>
</simpleChoice>
<simpleChoice identifier="alt_563382">
<div class="textblock tvblock tvcss_1"><div class="rte_zone tveditor1">
 Only age has a significant positive effect on the extent of TV watching. Gender and years of education have no significant effect on the degree of TV watching.
</div>
</div>
</simpleChoice>
<simpleChoice identifier="alt_857540">
<div class="textblock tvblock tvcss_1"><div class="rte_zone tveditor1">
 Age has a significant positive effect on the extent of TV watching. The number of years of education completed has a significant negative effect on the degree of TV watching.
</div>
</div>
</simpleChoice>
</choiceInteraction>
</itemBody>
<responseProcessing>
<responseCondition>
<responseIf>
<isNull>
<variable identifier="RESPONSE"/>
</isNull>
<setOutcomeValue identifier="SCORE">
<baseValue baseType="float">0.0</baseValue>
</setOutcomeValue>
<setOutcomeValue identifier="FEEDBACK">
<baseValue baseType="identifier">FAILURE</baseValue>
</setOutcomeValue>
</responseIf>
<responseElse>
<setOutcomeValue identifier="SCORE">
<mapResponse identifier="RESPONSE"/>
</setOutcomeValue>
<responseCondition>
<responseIf>
<equal toleranceMode="relative" tolerance="0.001">
<variable identifier="SCORE"/>
<variable identifier="MAXSCORE"/>
</equal>
<setOutcomeValue identifier="FEEDBACK">
<baseValue baseType="identifier">ANSWER_CORRECT</baseValue>
</setOutcomeValue>
</responseIf>
<responseElse>
<setOutcomeValue identifier="FEEDBACK">
<baseValue baseType="identifier">FAILURE</baseValue>
</setOutcomeValue>
</responseElse>
</responseCondition>
</responseElse>
</responseCondition>
</responseProcessing>
<modalFeedback identifier="FAILURE" outcomeIdentifier="FEEDBACK" showHide="show">
<div class="textblock tvblock tvcss_1"><div class="rte_zone tveditor1">
<ul>
<li> Age has a significant positive effect on the extent of TV watching. Men watch TV significantly more often than women. <br /> False </li>
<li> Age has a significant positive effect on the level of TV viewing. Women watch TV significantly more often than men. <br /> False </li>
<li> Age and years of education both have a significant positive effect on the degree of TV watching. <br /> False </li>
<li> Only age has a significant positive effect on the extent of TV watching. Gender and years of education have no significant effect on the degree of TV watching. <br /> False </li>
<li> Age has a significant positive effect on the extent of TV watching. The number of years of education completed has a significant negative effect on the degree of TV watching. <br /> True </li>
</ul>
</div>
</div>
</modalFeedback>
<modalFeedback identifier="ANSWER_CORRECT" outcomeIdentifier="FEEDBACK" showHide="show">
<div class="textblock tvblock tvcss_1"><div class="rte_zone tveditor1">
<ul>
<li> Age has a significant positive effect on the extent of TV watching. Men watch TV significantly more often than women. <br /> False </li>
<li> Age has a significant positive effect on the level of TV viewing. Women watch TV significantly more often than men. <br /> False </li>
<li> Age and years of education both have a significant positive effect on the degree of TV watching. <br /> False </li>
<li> Only age has a significant positive effect on the extent of TV watching. Gender and years of education have no significant effect on the degree of TV watching. <br /> False </li>
<li> Age has a significant positive effect on the extent of TV watching. The number of years of education completed has a significant negative effect on the degree of TV watching. <br /> True </li>
</ul>
</div>
</div>
</modalFeedback>
<modalFeedback identifier="PARTIAL_CORRECT" outcomeIdentifier="FEEDBACK" showHide="show">
<div class="textblock tvblock tvcss_1"><div class="rte_zone tveditor1">
<ul>
<li> Age has a significant positive effect on the extent of TV watching. Men watch TV significantly more often than women. <br /> False </li>
<li> Age has a significant positive effect on the level of TV viewing. Women watch TV significantly more often than men. <br /> False </li>
<li> Age and years of education both have a significant positive effect on the degree of TV watching. <br /> False </li>
<li> Only age has a significant positive effect on the extent of TV watching. Gender and years of education have no significant effect on the degree of TV watching. <br /> False </li>
<li> Age has a significant positive effect on the extent of TV watching. The number of years of education completed has a significant negative effect on the degree of TV watching. <br /> True </li>
</ul>
</div>
</div>
</modalFeedback>
</assessmentItem>
