<?xml version="1.0" encoding="utf-8" standalone="yes"?>
<assessmentItem identifier="vufgb-regression-012-en-tv_202601131823_item_1_schoice" title="vufgb-regression-012-en-tv_202601131823_item_1_schoice_vufgb-regression-012-en" adaptive="false" timeDependent="false" toolName="Testvision Online" toolVersion="39.0.9084" xmlns="http://www.imsglobal.org/xsd/imsqti_v2p1">
<responseDeclaration identifier="RESPONSE" cardinality="single" baseType="identifier">
<correctResponse>
<value>alt_443630</value>
</correctResponse>
<mapping defaultValue="0" lowerBound="0.0">
<mapEntry mapKey="alt_443630" mappedValue="1"/>
<mapEntry mapKey="alt_853076" mappedValue="-0.333333333333333"/>
<mapEntry mapKey="alt_776287" mappedValue="-0.333333333333333"/>
<mapEntry mapKey="alt_667695" mappedValue="-0.333333333333333"/>
</mapping>
</responseDeclaration>
<outcomeDeclaration identifier="SCORE" cardinality="single" baseType="float" normalMaximum="1" normalMinimum="0" />
<outcomeDeclaration identifier="FEEDBACK" cardinality="single" baseType="identifier" />
<stylesheet href="css/vufgb-regression-012-en-tv_202601131823_item_1_schoice.css" type="text/css" />
<itemBody>
<p>In multiple regression, for the se of parameter <math display="inline" xmlns="http://www.w3.org/1998/Math/MathML"><semantics><msub><mi>b</mi><mi>j</mi></msub><annotation encoding="application/x-tex">b_{j}</annotation></semantics></math>:</p>
<p><math display="inline" xmlns="http://www.w3.org/1998/Math/MathML"><semantics><mrow><mi>s</mi><mi>e</mi><mo>=</mo><mfrac><mn>1</mn><msqrt><mrow><mn>1</mn><mo>−</mo><msubsup><mi>R</mi><mi>j</mi><mn>2</mn></msubsup></mrow></msqrt></mfrac></mrow><annotation encoding="application/x-tex">se = \frac{1}{\sqrt{1-R^{2}_{j}}}</annotation></semantics></math>x<math display="inline" xmlns="http://www.w3.org/1998/Math/MathML"><semantics><mfrac><mi>s</mi><mrow><msub><mi>s</mi><mrow><mi>x</mi><mi>j</mi></mrow></msub><msqrt><mrow><mi>n</mi><mo>−</mo><mn>1</mn></mrow></msqrt></mrow></mfrac><annotation encoding="application/x-tex">\frac{s}{s_{xj}\sqrt{n-1}}</annotation></semantics></math></p>
<p>This shows that se is highest if the correlation between the predictors is … is and the standard deviation on predictor j is … .</p>
<choiceInteraction responseIdentifier="RESPONSE" shuffle="false" maxChoices="1">
<simpleChoice identifier="alt_443630">
<div class="textblock tvblock tvcss_1"><div class="rte_zone tveditor1">
 Large, small
</div>
</div>
</simpleChoice>
<simpleChoice identifier="alt_853076">
<div class="textblock tvblock tvcss_1"><div class="rte_zone tveditor1">
 Large, large
</div>
</div>
</simpleChoice>
<simpleChoice identifier="alt_776287">
<div class="textblock tvblock tvcss_1"><div class="rte_zone tveditor1">
 Small, small
</div>
</div>
</simpleChoice>
<simpleChoice identifier="alt_667695">
<div class="textblock tvblock tvcss_1"><div class="rte_zone tveditor1">
 Small, large
</div>
</div>
</simpleChoice>
</choiceInteraction>
</itemBody>
<responseProcessing>
<responseCondition>
<responseIf>
<isNull>
<variable identifier="RESPONSE"/>
</isNull>
<setOutcomeValue identifier="SCORE">
<baseValue baseType="float">0.0</baseValue>
</setOutcomeValue>
<setOutcomeValue identifier="FEEDBACK">
<baseValue baseType="identifier">FAILURE</baseValue>
</setOutcomeValue>
</responseIf>
<responseElse>
<setOutcomeValue identifier="SCORE">
<mapResponse identifier="RESPONSE"/>
</setOutcomeValue>
<responseCondition>
<responseIf>
<equal toleranceMode="relative" tolerance="0.001">
<variable identifier="SCORE"/>
<variable identifier="MAXSCORE"/>
</equal>
<setOutcomeValue identifier="FEEDBACK">
<baseValue baseType="identifier">ANSWER_CORRECT</baseValue>
</setOutcomeValue>
</responseIf>
<responseElse>
<setOutcomeValue identifier="FEEDBACK">
<baseValue baseType="identifier">FAILURE</baseValue>
</setOutcomeValue>
</responseElse>
</responseCondition>
</responseElse>
</responseCondition>
</responseProcessing>
<modalFeedback identifier="FAILURE" outcomeIdentifier="FEEDBACK" showHide="show">
<div class="textblock tvblock tvcss_1"><div class="rte_zone tveditor1">
<ul>
<li> Large, small <br /> Correct </li>
<li> Large, large <br /> Incorrect </li>
<li> Small, small <br /> Incorrect </li>
<li> Small, large <br /> Incorrect </li>
</ul>
</div>
</div>
</modalFeedback>
<modalFeedback identifier="ANSWER_CORRECT" outcomeIdentifier="FEEDBACK" showHide="show">
<div class="textblock tvblock tvcss_1"><div class="rte_zone tveditor1">
<ul>
<li> Large, small <br /> Correct </li>
<li> Large, large <br /> Incorrect </li>
<li> Small, small <br /> Incorrect </li>
<li> Small, large <br /> Incorrect </li>
</ul>
</div>
</div>
</modalFeedback>
<modalFeedback identifier="PARTIAL_CORRECT" outcomeIdentifier="FEEDBACK" showHide="show">
<div class="textblock tvblock tvcss_1"><div class="rte_zone tveditor1">
<ul>
<li> Large, small <br /> Correct </li>
<li> Large, large <br /> Incorrect </li>
<li> Small, small <br /> Incorrect </li>
<li> Small, large <br /> Incorrect </li>
</ul>
</div>
</div>
</modalFeedback>
</assessmentItem>
