<?xml version="1.0" encoding="utf-8" standalone="yes"?>
<assessmentItem identifier="vufsw-scree_plo-1299-nl-tv_202307180605_item_1_schoice" title="vufsw-scree_plo-1299-nl-tv_202307180605_item_1_schoice_vufsw-scree plo-1299-nl" adaptive="false" timeDependent="false" toolName="Testvision Online" toolVersion="39.0.9084" xmlns="http://www.imsglobal.org/xsd/imsqti_v2p1">
<responseDeclaration identifier="RESPONSE" cardinality="single" baseType="identifier">
<correctResponse>
<value>alt_751787</value>
</correctResponse>
<mapping defaultValue="0" lowerBound="0.0">
<mapEntry mapKey="alt_614898" mappedValue="-0.333333333333333"/>
<mapEntry mapKey="alt_119742" mappedValue="-0.333333333333333"/>
<mapEntry mapKey="alt_189509" mappedValue="-0.333333333333333"/>
<mapEntry mapKey="alt_751787" mappedValue="1"/>
</mapping>
</responseDeclaration>
<outcomeDeclaration identifier="SCORE" cardinality="single" baseType="float" normalMaximum="1" normalMinimum="0" />
<outcomeDeclaration identifier="FEEDBACK" cardinality="single" baseType="identifier" />
<itemBody>
<p><img src="1605700807274.png" class="fr-fic fr-dii tvcss_2"
alt="1605700807274" />  <img src="1605700826628.png" class="fr-fic fr-dii tvcss_3"
alt="1605700826628" /></p>
<p>Zie bovenstaande output. Hoeveel factoren moeten er volgens het Kaiser’s
criterium geëxtraheerd worden, en hoeveel op basis van het scree plot?</p>
<choiceInteraction responseIdentifier="RESPONSE" shuffle="false" maxChoices="1">
<simpleChoice identifier="alt_614898">
<div class="textblock tvblock tvcss_1"><div class="rte_zone tveditor1">
 2 volgens het Kaiser’s criterium; 4 op basis van het scree plot
</div>
</div>
</simpleChoice>
<simpleChoice identifier="alt_119742">
<div class="textblock tvblock tvcss_1"><div class="rte_zone tveditor1">
 4 volgens het Kaiser’s criterium; 4 op basis van het scree plot
</div>
</div>
</simpleChoice>
<simpleChoice identifier="alt_189509">
<div class="textblock tvblock tvcss_1"><div class="rte_zone tveditor1">
 2 volgens het Kaiser’s criterium; 3 op basis van het scree plot
</div>
</div>
</simpleChoice>
<simpleChoice identifier="alt_751787">
<div class="textblock tvblock tvcss_1"><div class="rte_zone tveditor1">
 4 volgens het Kaiser’s criterium; 3 op basis van het scree plot
</div>
</div>
</simpleChoice>
</choiceInteraction>
</itemBody>
<responseProcessing>
<responseCondition>
<responseIf>
<isNull>
<variable identifier="RESPONSE"/>
</isNull>
<setOutcomeValue identifier="SCORE">
<baseValue baseType="float">0.0</baseValue>
</setOutcomeValue>
<setOutcomeValue identifier="FEEDBACK">
<baseValue baseType="identifier">FAILURE</baseValue>
</setOutcomeValue>
</responseIf>
<responseElse>
<setOutcomeValue identifier="SCORE">
<mapResponse identifier="RESPONSE"/>
</setOutcomeValue>
<responseCondition>
<responseIf>
<equal toleranceMode="relative" tolerance="0.001">
<variable identifier="SCORE"/>
<variable identifier="MAXSCORE"/>
</equal>
<setOutcomeValue identifier="FEEDBACK">
<baseValue baseType="identifier">ANSWER_CORRECT</baseValue>
</setOutcomeValue>
</responseIf>
<responseElse>
<setOutcomeValue identifier="FEEDBACK">
<baseValue baseType="identifier">FAILURE</baseValue>
</setOutcomeValue>
</responseElse>
</responseCondition>
</responseElse>
</responseCondition>
</responseProcessing>
<modalFeedback identifier="FAILURE" outcomeIdentifier="FEEDBACK" showHide="show">
<div class="textblock tvblock tvcss_1"><div class="rte_zone tveditor1">
 2 volgens het Kaiser’s criterium; 4 op basis van het scree plot <br /> False 
 4 volgens het Kaiser’s criterium; 4 op basis van het scree plot <br /> False 
 2 volgens het Kaiser’s criterium; 3 op basis van het scree plot <br /> False 
 4 volgens het Kaiser’s criterium; 3 op basis van het scree plot <br /> True 
</div>
</div>
</modalFeedback>
<modalFeedback identifier="ANSWER_CORRECT" outcomeIdentifier="FEEDBACK" showHide="show">
<div class="textblock tvblock tvcss_1"><div class="rte_zone tveditor1">
 2 volgens het Kaiser’s criterium; 4 op basis van het scree plot <br /> False 
 4 volgens het Kaiser’s criterium; 4 op basis van het scree plot <br /> False 
 2 volgens het Kaiser’s criterium; 3 op basis van het scree plot <br /> False 
 4 volgens het Kaiser’s criterium; 3 op basis van het scree plot <br /> True 
</div>
</div>
</modalFeedback>
<modalFeedback identifier="PARTIAL_CORRECT" outcomeIdentifier="FEEDBACK" showHide="show">
<div class="textblock tvblock tvcss_1"><div class="rte_zone tveditor1">
 2 volgens het Kaiser’s criterium; 4 op basis van het scree plot <br /> False 
 4 volgens het Kaiser’s criterium; 4 op basis van het scree plot <br /> False 
 2 volgens het Kaiser’s criterium; 3 op basis van het scree plot <br /> False 
 4 volgens het Kaiser’s criterium; 3 op basis van het scree plot <br /> True 
</div>
</div>
</modalFeedback>
</assessmentItem>
