<?xml version="1.0" encoding="UTF-8"?>
<assessmentItem xsi:schemaLocation="http://www.imsglobal.org/xsd/imsqti_v2p1 http://www.imsglobal.org/xsd/qti/qtiv2p1/imsqti_v2p1p1.xsd http://www.w3.org/1998/Math/MathML http://www.w3.org/Math/XMLSchema/mathml2/mathml2.xsd" identifier="uu-z-score-802-nl_458422656_section_1_item_1_schoice" title="1" adaptive="false" timeDependent="false" xmlns="http://www.imsglobal.org/xsd/imsqti_v2p1" xmlns:xsi="http://www.w3.org/2001/XMLSchema-instance">
<responseDeclaration identifier="uu-z-score-802-nl_458422656_section_1_item_1_schoice_RESPONSE_1_6669028" cardinality="single" baseType="identifier">
<correctResponse>
<value>uu-z-score-802-nl_458422656_section_1_item_1_schoice_4_7372853262</value>
</correctResponse>
<mapping defaultValue="0" lowerBound="0.0">
<mapEntry mapKey="uu-z-score-802-nl_458422656_section_1_item_1_schoice_1_6244116717" mappedValue="0"/>
<mapEntry mapKey="uu-z-score-802-nl_458422656_section_1_item_1_schoice_2_1182145408" mappedValue="0"/>
<mapEntry mapKey="uu-z-score-802-nl_458422656_section_1_item_1_schoice_3_6795025782" mappedValue="0"/>
<mapEntry mapKey="uu-z-score-802-nl_458422656_section_1_item_1_schoice_4_7372853262" mappedValue="1"/>
</mapping>
</responseDeclaration>
<outcomeDeclaration identifier="SCORE" cardinality="single" baseType="float" normalMaximum="1" normalMinimum="0">
<defaultValue>
<value>0.0</value>
</defaultValue>
</outcomeDeclaration>
<outcomeDeclaration identifier="MAXSCORE" cardinality="single" baseType="float">
<defaultValue>
<value>1</value>
</defaultValue>
</outcomeDeclaration>
<outcomeDeclaration identifier="FEEDBACKBASIC" cardinality="single" baseType="identifier" view="testConstructor">
<defaultValue>
<value>empty</value>
</defaultValue>
</outcomeDeclaration>
<outcomeDeclaration identifier="FEEDBACKMODAL" cardinality="multiple" baseType="identifier" view="testConstructor"/>
<outcomeDeclaration identifier="MINSCORE" cardinality="single" baseType="float">
<defaultValue>
<value baseType="float">0</value>
</defaultValue>
</outcomeDeclaration>
<outcomeDeclaration identifier="SCORE_RESPONSE_1" cardinality="single" baseType="float">
<defaultValue>
<value>0.0</value>
</defaultValue>
</outcomeDeclaration>
<outcomeDeclaration identifier="MINSCORE_RESPONSE_1" cardinality="single" baseType="float">
<defaultValue>
<value>0.0</value>
</defaultValue>
</outcomeDeclaration>
<itemBody>
<p>Een 2x2x4 factorial design</p>
<choiceInteraction responseIdentifier="uu-z-score-802-nl_458422656_section_1_item_1_schoice_RESPONSE_1_6669028" shuffle="false" maxChoices="1">
<simpleChoice identifier="uu-z-score-802-nl_458422656_section_1_item_1_schoice_1_6244116717">
<p>
a. heeft drie afhankelijke variabelen
</p>
</simpleChoice>
<simpleChoice identifier="uu-z-score-802-nl_458422656_section_1_item_1_schoice_2_1182145408">
<p>
b. omvat acht verschillende condities
</p>
</simpleChoice>
<simpleChoice identifier="uu-z-score-802-nl_458422656_section_1_item_1_schoice_3_6795025782">
<p>
c. omvat een onafhankelijke variabele met drie niveaus
</p>
</simpleChoice>
<simpleChoice identifier="uu-z-score-802-nl_458422656_section_1_item_1_schoice_4_7372853262">
<p>
d. heeft zestien verschillende condities
</p>
</simpleChoice>
</choiceInteraction>
</itemBody>
<responseProcessing>
<responseCondition>
<responseIf>
<isNull>
<variable identifier="uu-z-score-802-nl_458422656_section_1_item_1_schoice_RESPONSE_1_6669028"/>
</isNull>
<setOutcomeValue identifier="SCORE_RESPONSE_1">
<sum>
<variable identifier="SCORE_RESPONSE_1"/>
<baseValue baseType="float">0</baseValue>
</sum>
</setOutcomeValue>
</responseIf>
</responseCondition>
<setOutcomeValue identifier="SCORE_RESPONSE_1">
<sum>
<variable identifier="SCORE_RESPONSE_1"/>
<mapResponse identifier="uu-z-score-802-nl_458422656_section_1_item_1_schoice_RESPONSE_1_6669028"/>
</sum>
</setOutcomeValue>
<responseCondition>
<responseIf>
<lt>
<variable identifier="SCORE_RESPONSE_1"/>
<variable identifier="MINSCORE_RESPONSE_1"/>
</lt>
<setOutcomeValue identifier="SCORE_RESPONSE_1">
<variable identifier="MINSCORE_RESPONSE_1"/>
</setOutcomeValue>
</responseIf>
</responseCondition>
<setOutcomeValue identifier="SCORE">
<sum>
<variable identifier="SCORE_RESPONSE_1"/>
</sum>
</setOutcomeValue>
<responseCondition>
<responseIf>
<lt>
<variable identifier="SCORE"/>
<variable identifier="MINSCORE"/>
</lt>
<setOutcomeValue identifier="SCORE">
<variable identifier="MINSCORE"/>
</setOutcomeValue>
</responseIf>
</responseCondition>
<responseCondition>
<responseIf>
<lt>
<variable identifier="SCORE"/>
<baseValue baseType="float">1</baseValue>
</lt>
<setOutcomeValue identifier="FEEDBACKMODAL">
<multiple>
<variable identifier="FEEDBACKMODAL"/>
<baseValue baseType="identifier">Feedback816539346</baseValue>
</multiple>
</setOutcomeValue>
</responseIf>
</responseCondition>
</responseProcessing>
<modalFeedback identifier="Feedback816539346" outcomeIdentifier="FEEDBACKMODAL" showHide="show">
<ol type = "a">
<li> heeft drie afhankelijke variabelen <br />  </li>
<li> omvat acht verschillende condities <br />  </li>
<li> omvat een onafhankelijke variabele met drie niveaus <br />  </li>
<li> heeft zestien verschillende condities <br />  </li>
</ol>
</modalFeedback>
</assessmentItem>
