<?xml version="1.0" encoding="UTF-8"?>
<!DOCTYPE questestinterop SYSTEM "ims_qtiasiv1p2p1.dtd">

<questestinterop xmlns="http://www.imsglobal.org/xsd/ims_qtiasiv1p2" xmlns:xsi="http://www.w3.org/2001/XMLSchema-instance" xsi:schemaLocation="http://www.imsglobal.org/xsd/ims_qtiasiv1p2 http://www.imsglobal.org/xsd/ims_qtiasiv1p2p1.xsd">
<assessment ident="uva-inferential-statistics-39-nl-canvas_105649417" title="uva-inferential-statistics-39-nl-canvas">

<qtimetadata>
<qtimetadatafield>
<fieldlabel>cc_maxattempts</fieldlabel>
<fieldentry>1</fieldentry>
</qtimetadatafield>
<qtimetadatafield>
<fieldlabel>qmd_assessmenttype</fieldlabel>
<fieldentry>Assessment</fieldentry>
</qtimetadatafield>
</qtimetadata>
<objectives>
<material>
<mattext><![CDATA[Please solve the following exercises.]]></mattext>
</material>
</objectives>
<assessmentcontrol feedbackswitch="No" hintswitch="No" solutionswitch="Yes"/>
<outcomes_processing scoremodel="SumOfScores">
<outcomes>
<decvar varname="SCORE" vartype="Decimal" cutvalue="0"/>
</outcomes>
</outcomes_processing>
<assessfeedback title="AssessmentFeedback" ident="AssessmentFeedback">
<flow_mat>
<material>
<mattext>##AssessmentFeedback##</mattext>
</material>
</flow_mat>
</assessfeedback>

<section ident="uva-inferential-statistics-39-nl-canvas_105649417_section_1" title="Exercise">

<objectives>
<material>
<mattext><![CDATA[Please answer the following question.]]></mattext>
</material>
</objectives>
<selection_ordering>
<selection>
<selection_number>1</selection_number>
<selection_extension>
<points_per_item>1</points_per_item>
</selection_extension>
</selection>
<order order_type="Random"/>
</selection_ordering>

<item ident="uva-inferential-statistics-39-nl-canvas_105649417_section_1_item_1_schoice" title="Question" maxattempts="1">
<itemcontrol feedbackswitch="No" hintswitch="No" solutionswitch="Yes"/>
<itemmetadata>
<qtimetadata>
<qtimetadatafield>
<fieldlabel>question_type</fieldlabel>
<fieldentry>multiple_choice_question</fieldentry>
</qtimetadatafield>
</qtimetadata>
</itemmetadata>
<presentation>
<flow>
<material>
<matbreak/>
<mattext texttype="text/html" charset="utf-8"><![CDATA[
<p>In <em>repeated measures designs</em> wordt vaak <em>counterbalancing</em> gebruikt.
Waarom wordt dit gedaan?</p>
]]></mattext>
<matbreak/>
</material>
<response_lid ident="uva-inferential-statistics-39-nl-canvas_105649417_section_1_item_1_schoice_RESPONSE_1169384" rcardinality="Single" rtiming="No">
<render_choice shuffle="No">
<flow_label class="List">
<response_label ident="uva-inferential-statistics-39-nl-canvas_105649417_section_1_item_1_schoice_7109683246" rshuffle="No">
<material>
<mattext texttype="text/html" charset="utf-8"><![CDATA[
 Om te voorkomen dat carryover effects de resultaten vertekenen.
]]></mattext>
</material>
</response_label>
</flow_label>
<flow_label class="List">
<response_label ident="uva-inferential-statistics-39-nl-canvas_105649417_section_1_item_1_schoice_7484471641" rshuffle="No">
<material>
<mattext texttype="text/html" charset="utf-8"><![CDATA[
 Om te zorgen dat carryover effects zullen optreden.
]]></mattext>
</material>
</response_label>
</flow_label>
<flow_label class="List">
<response_label ident="uva-inferential-statistics-39-nl-canvas_105649417_section_1_item_1_schoice_1602523854" rshuffle="No">
<material>
<mattext texttype="text/html" charset="utf-8"><![CDATA[
 Om achteraf te kunnen nagaan of carryover effects een rol hebben gespeeld.
]]></mattext>
</material>
</response_label>
</flow_label>
</render_choice>
</response_lid>
</flow>
</presentation>
<resprocessing>
<outcomes>
<decvar varname="SCORE" vartype="Decimal" defaultval="0" minvalue="0" maxvalue="1" cutvalue="1"/>
</outcomes>
<respcondition title="Mastery" continue="No">
<conditionvar>
<and>
<varequal respident="uva-inferential-statistics-39-nl-canvas_105649417_section_1_item_1_schoice_RESPONSE_1169384" case="Yes">uva-inferential-statistics-39-nl-canvas_105649417_section_1_item_1_schoice_7109683246</varequal>
<not> <varequal respident="uva-inferential-statistics-39-nl-canvas_105649417_section_1_item_1_schoice_RESPONSE_1169384" case="Yes">uva-inferential-statistics-39-nl-canvas_105649417_section_1_item_1_schoice_7484471641</varequal> </not>
<not> <varequal respident="uva-inferential-statistics-39-nl-canvas_105649417_section_1_item_1_schoice_RESPONSE_1169384" case="Yes">uva-inferential-statistics-39-nl-canvas_105649417_section_1_item_1_schoice_1602523854</varequal> </not>
</and>
</conditionvar>
<setvar varname="SCORE" action="Set">1</setvar>
<displayfeedback feedbacktype="Response" linkrefid="correct_fb"/>
</respcondition>
<respcondition continue="Yes">
<conditionvar>
<other/>
</conditionvar>
<displayfeedback feedbacktype="Response" linkrefid="general_incorrect_fb"/>
</respcondition>
</resprocessing>
<itemfeedback ident="correct_fb" view="All">
<flow_mat>
<material>
<mattext texttype="text/html"><![CDATA[
<ul>
<li> Om te voorkomen dat carryover effects de resultaten vertekenen. <br /> Om te voorkomen dat carryover effects de resultaten vertekenen.: Correct </li>
<li> Om te zorgen dat carryover effects zullen optreden. <br /> Om te zorgen dat carryover effects zullen optreden.: Incorrect </li>
<li> Om achteraf te kunnen nagaan of carryover effects een rol hebben gespeeld. <br /> Om achteraf te kunnen nagaan of carryover effects een rol hebben gespeeld.: Incorrect </li>
</ul>
]]></mattext>
</material>
</flow_mat>
</itemfeedback>
<itemfeedback ident="general_incorrect_fb" view="All">
<flow_mat>
<material>
<mattext texttype="text/html"><![CDATA[
<ul>
<li> Om te voorkomen dat carryover effects de resultaten vertekenen. <br /> Om te voorkomen dat carryover effects de resultaten vertekenen.: Correct </li>
<li> Om te zorgen dat carryover effects zullen optreden. <br /> Om te zorgen dat carryover effects zullen optreden.: Incorrect </li>
<li> Om achteraf te kunnen nagaan of carryover effects een rol hebben gespeeld. <br /> Om achteraf te kunnen nagaan of carryover effects een rol hebben gespeeld.: Incorrect </li>
</ul>
]]></mattext>
</material>
</flow_mat>
</itemfeedback>
</item>


</section>

</assessment>
</questestinterop>
