<?xml version="1.0" encoding="utf-8" standalone="yes"?>
<assessmentItem identifier="vufsw-summarystatistics-0039-en-tv_202601131820_item_1_schoice" title="vufsw-summarystatistics-0039-en-tv_202601131820_item_1_schoice_vufsw-summarystatistics-0039-en" adaptive="false" timeDependent="false" toolName="Testvision Online" toolVersion="39.0.9084" xmlns="http://www.imsglobal.org/xsd/imsqti_v2p1">
<responseDeclaration identifier="RESPONSE" cardinality="single" baseType="identifier">
<correctResponse>
<value>alt_384950</value>
</correctResponse>
<mapping defaultValue="0" lowerBound="0.0">
<mapEntry mapKey="alt_384950" mappedValue="1"/>
<mapEntry mapKey="alt_516483" mappedValue="-0.333333333333333"/>
<mapEntry mapKey="alt_129454" mappedValue="-0.333333333333333"/>
<mapEntry mapKey="alt_157490" mappedValue="-0.333333333333333"/>
</mapping>
</responseDeclaration>
<outcomeDeclaration identifier="SCORE" cardinality="single" baseType="float" normalMaximum="1" normalMinimum="0" />
<outcomeDeclaration identifier="FEEDBACK" cardinality="single" baseType="identifier" />
<stylesheet href="css/vufsw-summarystatistics-0039-en-tv_202601131820_item_1_schoice.css" type="text/css" />
<itemBody>
<p>Which of the following statements is <strong>correct</strong>?</p>
<choiceInteraction responseIdentifier="RESPONSE" shuffle="false" maxChoices="1">
<simpleChoice identifier="alt_384950">
<div class="textblock tvblock tvcss_1"><div class="rte_zone tveditor1">
 The Standard Error (SE) for both a proportion and a mean is dependent on the sample size.
</div>
</div>
</simpleChoice>
<simpleChoice identifier="alt_516483">
<div class="textblock tvblock tvcss_1"><div class="rte_zone tveditor1">
 The mean of a Standard Normal distribution is always 0.00 and the standard deviation is always 1.96.
</div>
</div>
</simpleChoice>
<simpleChoice identifier="alt_129454">
<div class="textblock tvblock tvcss_1"><div class="rte_zone tveditor1">
 For the Standard Normal Distribution, 10% of the observations must be score at least 1.96 times the standard deviation higher than the mean value.
</div>
</div>
</simpleChoice>
<simpleChoice identifier="alt_157490">
<div class="textblock tvblock tvcss_1"><div class="rte_zone tveditor1">
 With a 95% confidence interval, the sample value is always in the “critical range” of 5%.
</div>
</div>
</simpleChoice>
</choiceInteraction>
</itemBody>
<responseProcessing>
<responseCondition>
<responseIf>
<isNull>
<variable identifier="RESPONSE"/>
</isNull>
<setOutcomeValue identifier="SCORE">
<baseValue baseType="float">0.0</baseValue>
</setOutcomeValue>
<setOutcomeValue identifier="FEEDBACK">
<baseValue baseType="identifier">FAILURE</baseValue>
</setOutcomeValue>
</responseIf>
<responseElse>
<setOutcomeValue identifier="SCORE">
<mapResponse identifier="RESPONSE"/>
</setOutcomeValue>
<responseCondition>
<responseIf>
<equal toleranceMode="relative" tolerance="0.001">
<variable identifier="SCORE"/>
<variable identifier="MAXSCORE"/>
</equal>
<setOutcomeValue identifier="FEEDBACK">
<baseValue baseType="identifier">ANSWER_CORRECT</baseValue>
</setOutcomeValue>
</responseIf>
<responseElse>
<setOutcomeValue identifier="FEEDBACK">
<baseValue baseType="identifier">FAILURE</baseValue>
</setOutcomeValue>
</responseElse>
</responseCondition>
</responseElse>
</responseCondition>
</responseProcessing>
<modalFeedback identifier="FAILURE" outcomeIdentifier="FEEDBACK" showHide="show">
<div class="textblock tvblock tvcss_1"><div class="rte_zone tveditor1">
<ul>
<li> The Standard Error (SE) for both a proportion and a mean is dependent on the sample size. <br /> True </li>
<li> The mean of a Standard Normal distribution is always 0.00 and the standard deviation is always 1.96. <br /> False </li>
<li> For the Standard Normal Distribution, 10% of the observations must be score at least 1.96 times the standard deviation higher than the mean value. <br /> False </li>
<li> With a 95% confidence interval, the sample value is always in the “critical range” of 5%. <br /> False </li>
</ul>
</div>
</div>
</modalFeedback>
<modalFeedback identifier="ANSWER_CORRECT" outcomeIdentifier="FEEDBACK" showHide="show">
<div class="textblock tvblock tvcss_1"><div class="rte_zone tveditor1">
<ul>
<li> The Standard Error (SE) for both a proportion and a mean is dependent on the sample size. <br /> True </li>
<li> The mean of a Standard Normal distribution is always 0.00 and the standard deviation is always 1.96. <br /> False </li>
<li> For the Standard Normal Distribution, 10% of the observations must be score at least 1.96 times the standard deviation higher than the mean value. <br /> False </li>
<li> With a 95% confidence interval, the sample value is always in the “critical range” of 5%. <br /> False </li>
</ul>
</div>
</div>
</modalFeedback>
<modalFeedback identifier="PARTIAL_CORRECT" outcomeIdentifier="FEEDBACK" showHide="show">
<div class="textblock tvblock tvcss_1"><div class="rte_zone tveditor1">
<ul>
<li> The Standard Error (SE) for both a proportion and a mean is dependent on the sample size. <br /> True </li>
<li> The mean of a Standard Normal distribution is always 0.00 and the standard deviation is always 1.96. <br /> False </li>
<li> For the Standard Normal Distribution, 10% of the observations must be score at least 1.96 times the standard deviation higher than the mean value. <br /> False </li>
<li> With a 95% confidence interval, the sample value is always in the “critical range” of 5%. <br /> False </li>
</ul>
</div>
</div>
</modalFeedback>
</assessmentItem>
