<?xml version="1.0" encoding="UTF-8"?>
<assessmentItem xsi:schemaLocation="http://www.imsglobal.org/xsd/imsqti_v2p1 http://www.imsglobal.org/xsd/qti/qtiv2p1/imsqti_v2p1p1.xsd http://www.w3.org/1998/Math/MathML http://www.w3.org/Math/XMLSchema/mathml2/mathml2.xsd" identifier="vufsw-prediction-2059-nl-ans_847486003_section_1_item_1_schoice" title="Inferential_Statistics_vufsw-prediction-2059-nl_vufsw-prediction-2059-nl_schoice_1" adaptive="false" timeDependent="false" xmlns="http://www.imsglobal.org/xsd/imsqti_v2p1" xmlns:xsi="http://www.w3.org/2001/XMLSchema-instance">
<responseDeclaration identifier="vufsw-prediction-2059-nl-ans_847486003_section_1_item_1_schoice_RESPONSE_1_9778348" cardinality="single" baseType="identifier">
<correctResponse>
<value>vufsw-prediction-2059-nl-ans_847486003_section_1_item_1_schoice_3_1121623973</value>
</correctResponse>
<mapping defaultValue="0" lowerBound="0.0">
<mapEntry mapKey="vufsw-prediction-2059-nl-ans_847486003_section_1_item_1_schoice_1_3559545335" mappedValue="0"/>
<mapEntry mapKey="vufsw-prediction-2059-nl-ans_847486003_section_1_item_1_schoice_2_8757032157" mappedValue="0"/>
<mapEntry mapKey="vufsw-prediction-2059-nl-ans_847486003_section_1_item_1_schoice_3_1121623973" mappedValue="1"/>
<mapEntry mapKey="vufsw-prediction-2059-nl-ans_847486003_section_1_item_1_schoice_4_9748216931" mappedValue="0"/>
</mapping>
</responseDeclaration>
<outcomeDeclaration identifier="SCORE" cardinality="single" baseType="float" normalMaximum="1" normalMinimum="0">
<defaultValue>
<value>0.0</value>
</defaultValue>
</outcomeDeclaration>
<outcomeDeclaration identifier="MAXSCORE" cardinality="single" baseType="float">
<defaultValue>
<value>1</value>
</defaultValue>
</outcomeDeclaration>
<outcomeDeclaration identifier="FEEDBACKBASIC" cardinality="single" baseType="identifier" view="testConstructor">
<defaultValue>
<value>empty</value>
</defaultValue>
</outcomeDeclaration>
<outcomeDeclaration identifier="FEEDBACKMODAL" cardinality="multiple" baseType="identifier" view="testConstructor"/>
<outcomeDeclaration identifier="SOLUTIONMODAL" cardinality="single" baseType="identifier" view="testConstructor"/>
<outcomeDeclaration identifier="MINSCORE" cardinality="single" baseType="float">
<defaultValue>
<value baseType="float">0</value>
</defaultValue>
</outcomeDeclaration>
<outcomeDeclaration identifier="SCORE_RESPONSE_1" cardinality="single" baseType="float">
<defaultValue>
<value>0.0</value>
</defaultValue>
</outcomeDeclaration>
<outcomeDeclaration identifier="MINSCORE_RESPONSE_1" cardinality="single" baseType="float">
<defaultValue>
<value>0.0</value>
</defaultValue>
</outcomeDeclaration>
<itemBody>
<p><img src="media/supplements1/Schermafbeelding__2019-01-30__om__14.25.40.png" /></p>
<p>In bovenstaande analyse is de afhankelijke variabele attitude tegenover
cultuur (1-4, hogere score = positievere attitude). De onafhankelijke
variabelen zijn schoolniveau (in dummy’s, vmbo-b is de
referentiecategorie) en moeders cultuurparticipatie (continue schaal
0-1, 0= minst actief, 1 = meest actief).</p>
<p>Hoe groot is de door model 2 de voorspelde attitude van een gym-leerling
met de minst cultureel actieve moeder (pmcul=0)?</p>
<choiceInteraction responseIdentifier="vufsw-prediction-2059-nl-ans_847486003_section_1_item_1_schoice_RESPONSE_1_9778348" shuffle="false" maxChoices="1">
<simpleChoice identifier="vufsw-prediction-2059-nl-ans_847486003_section_1_item_1_schoice_1_3559545335">
<p>
 .851
</p>
</simpleChoice>
<simpleChoice identifier="vufsw-prediction-2059-nl-ans_847486003_section_1_item_1_schoice_2_8757032157">
<p>
 .372
</p>
</simpleChoice>
<simpleChoice identifier="vufsw-prediction-2059-nl-ans_847486003_section_1_item_1_schoice_3_1121623973">
<p>
 2.802
</p>
</simpleChoice>
<simpleChoice identifier="vufsw-prediction-2059-nl-ans_847486003_section_1_item_1_schoice_4_9748216931">
<p>
 3.281
</p>
</simpleChoice>
</choiceInteraction>
</itemBody>
<responseProcessing>
<setOutcomeValue identifier="SCORE_RESPONSE_1">
<sum>
<variable identifier="SCORE_RESPONSE_1"/>
<mapResponse identifier="vufsw-prediction-2059-nl-ans_847486003_section_1_item_1_schoice_RESPONSE_1_9778348"/>
</sum>
</setOutcomeValue>
<responseCondition>
<responseIf>
<lt>
<variable identifier="SCORE_RESPONSE_1"/>
<variable identifier="MINSCORE_RESPONSE_1"/>
</lt>
<setOutcomeValue identifier="SCORE_RESPONSE_1">
<variable identifier="MINSCORE_RESPONSE_1"/>
</setOutcomeValue>
</responseIf>
</responseCondition>
<responseCondition>
<responseIf>
<isNull>
<variable identifier="vufsw-prediction-2059-nl-ans_847486003_section_1_item_1_schoice_RESPONSE_1_9778348"/>
</isNull>
<setOutcomeValue identifier="SCORE_RESPONSE_1">
<sum>
<variable identifier="SCORE_RESPONSE_1"/>
<baseValue baseType="float">0</baseValue>
</sum>
</setOutcomeValue>
</responseIf>
</responseCondition>
<setOutcomeValue identifier="SCORE">
<sum>
<variable identifier="SCORE_RESPONSE_1"/>
</sum>
</setOutcomeValue>
<responseCondition>
<responseIf>
<lt>
<variable identifier="SCORE"/>
<variable identifier="MINSCORE"/>
</lt>
<setOutcomeValue identifier="SCORE">
<variable identifier="MINSCORE"/>
</setOutcomeValue>
</responseIf>
</responseCondition>
<responseCondition>
<responseIf>
<lt>
<variable identifier="SCORE"/>
<baseValue baseType="float">1</baseValue>
</lt>
<setOutcomeValue identifier="FEEDBACKMODAL">
<multiple>
<variable identifier="FEEDBACKMODAL"/>
<baseValue baseType="identifier">Feedback764488117</baseValue>
</multiple>
</setOutcomeValue>
</responseIf>
</responseCondition>
</responseProcessing>
<modalFeedback outcomeIdentifier="FEEDBACK" showHide="show" identifier="incorrect">
<ul>
<li> .851 <br /> False </li>
<li> .372 <br /> False </li>
<li> 2.802 <br /> True </li>
<li> 3.281 <br /> False </li>
</ul>
</modalFeedback>
</assessmentItem>
