<?xml version="1.0" encoding="UTF-8"?>
<assessmentItem xsi:schemaLocation="http://www.imsglobal.org/xsd/imsqti_v2p1 http://www.imsglobal.org/xsd/qti/qtiv2p1/imsqti_v2p1p1.xsd http://www.w3.org/1998/Math/MathML http://www.w3.org/Math/XMLSchema/mathml2/mathml2.xsd" identifier="vufgb-pvalue-012-en-ans_545988669_section_1_item_1_schoice" title="Inferential_Statistics_vufgb-pvalue-012-en_vufgb-pvalue-012-en_schoice_1" adaptive="false" timeDependent="false" xmlns="http://www.imsglobal.org/xsd/imsqti_v2p1" xmlns:xsi="http://www.w3.org/2001/XMLSchema-instance">
<responseDeclaration identifier="vufgb-pvalue-012-en-ans_545988669_section_1_item_1_schoice_RESPONSE_1_2603848" cardinality="single" baseType="identifier">
<correctResponse>
<value>vufgb-pvalue-012-en-ans_545988669_section_1_item_1_schoice_2_6888252101</value>
</correctResponse>
<mapping defaultValue="0" lowerBound="0.0">
<mapEntry mapKey="vufgb-pvalue-012-en-ans_545988669_section_1_item_1_schoice_1_8529307346" mappedValue="0"/>
<mapEntry mapKey="vufgb-pvalue-012-en-ans_545988669_section_1_item_1_schoice_2_6888252101" mappedValue="1"/>
<mapEntry mapKey="vufgb-pvalue-012-en-ans_545988669_section_1_item_1_schoice_3_5525144570" mappedValue="0"/>
<mapEntry mapKey="vufgb-pvalue-012-en-ans_545988669_section_1_item_1_schoice_4_4219714938" mappedValue="0"/>
</mapping>
</responseDeclaration>
<outcomeDeclaration identifier="SCORE" cardinality="single" baseType="float" normalMaximum="1" normalMinimum="0">
<defaultValue>
<value>0.0</value>
</defaultValue>
</outcomeDeclaration>
<outcomeDeclaration identifier="MAXSCORE" cardinality="single" baseType="float">
<defaultValue>
<value>1</value>
</defaultValue>
</outcomeDeclaration>
<outcomeDeclaration identifier="FEEDBACKBASIC" cardinality="single" baseType="identifier" view="testConstructor">
<defaultValue>
<value>empty</value>
</defaultValue>
</outcomeDeclaration>
<outcomeDeclaration identifier="FEEDBACKMODAL" cardinality="multiple" baseType="identifier" view="testConstructor"/>
<outcomeDeclaration identifier="SOLUTIONMODAL" cardinality="single" baseType="identifier" view="testConstructor"/>
<outcomeDeclaration identifier="MINSCORE" cardinality="single" baseType="float">
<defaultValue>
<value baseType="float">0</value>
</defaultValue>
</outcomeDeclaration>
<outcomeDeclaration identifier="SCORE_RESPONSE_1" cardinality="single" baseType="float">
<defaultValue>
<value>0.0</value>
</defaultValue>
</outcomeDeclaration>
<outcomeDeclaration identifier="MINSCORE_RESPONSE_1" cardinality="single" baseType="float">
<defaultValue>
<value>0.0</value>
</defaultValue>
</outcomeDeclaration>
<itemBody>
<p>Complete.</p>
<p>In one-sided testing, an … extreme <em>t</em> value is required for a signifcant result than in two-sided testing.</p>
<p>If two-sided testing is used in SPSS, then in the case of a one-sided hypothesis, the researcher must use the <em>P</em> value found … .</p>
<choiceInteraction responseIdentifier="vufgb-pvalue-012-en-ans_545988669_section_1_item_1_schoice_RESPONSE_1_2603848" shuffle="false" maxChoices="1">
<simpleChoice identifier="vufgb-pvalue-012-en-ans_545988669_section_1_item_1_schoice_1_8529307346">
<p>
 Less, double
</p>
</simpleChoice>
<simpleChoice identifier="vufgb-pvalue-012-en-ans_545988669_section_1_item_1_schoice_2_6888252101">
<p>
 Less, halve
</p>
</simpleChoice>
<simpleChoice identifier="vufgb-pvalue-012-en-ans_545988669_section_1_item_1_schoice_3_5525144570">
<p>
 More, double
</p>
</simpleChoice>
<simpleChoice identifier="vufgb-pvalue-012-en-ans_545988669_section_1_item_1_schoice_4_4219714938">
<p>
 More, halve
</p>
</simpleChoice>
</choiceInteraction>
</itemBody>
<responseProcessing>
<setOutcomeValue identifier="SCORE_RESPONSE_1">
<sum>
<variable identifier="SCORE_RESPONSE_1"/>
<mapResponse identifier="vufgb-pvalue-012-en-ans_545988669_section_1_item_1_schoice_RESPONSE_1_2603848"/>
</sum>
</setOutcomeValue>
<responseCondition>
<responseIf>
<lt>
<variable identifier="SCORE_RESPONSE_1"/>
<variable identifier="MINSCORE_RESPONSE_1"/>
</lt>
<setOutcomeValue identifier="SCORE_RESPONSE_1">
<variable identifier="MINSCORE_RESPONSE_1"/>
</setOutcomeValue>
</responseIf>
</responseCondition>
<responseCondition>
<responseIf>
<isNull>
<variable identifier="vufgb-pvalue-012-en-ans_545988669_section_1_item_1_schoice_RESPONSE_1_2603848"/>
</isNull>
<setOutcomeValue identifier="SCORE_RESPONSE_1">
<sum>
<variable identifier="SCORE_RESPONSE_1"/>
<baseValue baseType="float">0</baseValue>
</sum>
</setOutcomeValue>
</responseIf>
</responseCondition>
<setOutcomeValue identifier="SCORE">
<sum>
<variable identifier="SCORE_RESPONSE_1"/>
</sum>
</setOutcomeValue>
<responseCondition>
<responseIf>
<lt>
<variable identifier="SCORE"/>
<variable identifier="MINSCORE"/>
</lt>
<setOutcomeValue identifier="SCORE">
<variable identifier="MINSCORE"/>
</setOutcomeValue>
</responseIf>
</responseCondition>
<responseCondition>
<responseIf>
<lt>
<variable identifier="SCORE"/>
<baseValue baseType="float">1</baseValue>
</lt>
<setOutcomeValue identifier="FEEDBACKMODAL">
<multiple>
<variable identifier="FEEDBACKMODAL"/>
<baseValue baseType="identifier">Feedback469255646</baseValue>
</multiple>
</setOutcomeValue>
</responseIf>
</responseCondition>
</responseProcessing>
<modalFeedback outcomeIdentifier="FEEDBACK" showHide="show" identifier="incorrect">
<ul>
<li> Less, double <br /> Incorrect </li>
<li> Less, halve <br /> Correct </li>
<li> More, double <br /> Incorrect </li>
<li> More, halve <br /> Incorrect </li>
</ul>
</modalFeedback>
</assessmentItem>
