<?xml version="1.0" encoding="UTF-8"?>
<assessmentItem xsi:schemaLocation="http://www.imsglobal.org/xsd/imsqti_v2p1 http://www.imsglobal.org/xsd/qti/qtiv2p1/imsqti_v2p1p1.xsd http://www.w3.org/1998/Math/MathML http://www.w3.org/Math/XMLSchema/mathml2/mathml2.xsd" identifier="uva-mean-64-nl-qti_482030751_section_1_item_1_schoice" title="1" adaptive="false" timeDependent="false" xmlns="http://www.imsglobal.org/xsd/imsqti_v2p1" xmlns:xsi="http://www.w3.org/2001/XMLSchema-instance">
<responseDeclaration identifier="uva-mean-64-nl-qti_482030751_section_1_item_1_schoice_RESPONSE_1_1930323" cardinality="single" baseType="identifier">
<correctResponse>
<value>uva-mean-64-nl-qti_482030751_section_1_item_1_schoice_2_5316141402</value>
</correctResponse>
<mapping defaultValue="0" lowerBound="0.0">
<mapEntry mapKey="uva-mean-64-nl-qti_482030751_section_1_item_1_schoice_1_2584993610" mappedValue="0"/>
<mapEntry mapKey="uva-mean-64-nl-qti_482030751_section_1_item_1_schoice_2_5316141402" mappedValue="1"/>
<mapEntry mapKey="uva-mean-64-nl-qti_482030751_section_1_item_1_schoice_3_4971683599" mappedValue="0"/>
</mapping>
</responseDeclaration>
<outcomeDeclaration identifier="SCORE" cardinality="single" baseType="float" normalMaximum="1" normalMinimum="0">
<defaultValue>
<value>0.0</value>
</defaultValue>
</outcomeDeclaration>
<outcomeDeclaration identifier="MAXSCORE" cardinality="single" baseType="float">
<defaultValue>
<value>1</value>
</defaultValue>
</outcomeDeclaration>
<outcomeDeclaration identifier="FEEDBACKBASIC" cardinality="single" baseType="identifier" view="testConstructor">
<defaultValue>
<value>empty</value>
</defaultValue>
</outcomeDeclaration>
<outcomeDeclaration identifier="FEEDBACKMODAL" cardinality="multiple" baseType="identifier" view="testConstructor"/>
<outcomeDeclaration identifier="SOLUTIONMODAL" cardinality="single" baseType="identifier" view="testConstructor"/>
<outcomeDeclaration identifier="MINSCORE" cardinality="single" baseType="float">
<defaultValue>
<value baseType="float">0</value>
</defaultValue>
</outcomeDeclaration>
<outcomeDeclaration identifier="SCORE_RESPONSE_1" cardinality="single" baseType="float">
<defaultValue>
<value>0.0</value>
</defaultValue>
</outcomeDeclaration>
<outcomeDeclaration identifier="MINSCORE_RESPONSE_1" cardinality="single" baseType="float">
<defaultValue>
<value>0.0</value>
</defaultValue>
</outcomeDeclaration>
<itemBody>
<p>Van een onderzoek met 5 proefpersonen zijn de volgende gegevens bekend:<br />
groep 1: 34, 12, 29<br />
groep 2: 14, 19<br />
Een hoge score is positief en krijgt dus een hoge rangorde (1 is de
hoogste rangorde). Dan is het verschil tussen de gemiddelde
rangordeningen van (groep 2 – groep 1) gelijk aan</p>
<choiceInteraction responseIdentifier="uva-mean-64-nl-qti_482030751_section_1_item_1_schoice_RESPONSE_1_1930323" shuffle="false" maxChoices="1">
<simpleChoice identifier="uva-mean-64-nl-qti_482030751_section_1_item_1_schoice_1_2584993610">
<p>
 0
</p>
</simpleChoice>
<simpleChoice identifier="uva-mean-64-nl-qti_482030751_section_1_item_1_schoice_2_5316141402">
<p>
 0.8
</p>
</simpleChoice>
<simpleChoice identifier="uva-mean-64-nl-qti_482030751_section_1_item_1_schoice_3_4971683599">
<p>
 1.7
</p>
</simpleChoice>
</choiceInteraction>
</itemBody>
<responseProcessing>
<setOutcomeValue identifier="SCORE_RESPONSE_1">
<sum>
<variable identifier="SCORE_RESPONSE_1"/>
<mapResponse identifier="uva-mean-64-nl-qti_482030751_section_1_item_1_schoice_RESPONSE_1_1930323"/>
</sum>
</setOutcomeValue>
<responseCondition>
<responseIf>
<lt>
<variable identifier="SCORE_RESPONSE_1"/>
<variable identifier="MINSCORE_RESPONSE_1"/>
</lt>
<setOutcomeValue identifier="SCORE_RESPONSE_1">
<variable identifier="MINSCORE_RESPONSE_1"/>
</setOutcomeValue>
</responseIf>
</responseCondition>
<responseCondition>
<responseIf>
<isNull>
<variable identifier="uva-mean-64-nl-qti_482030751_section_1_item_1_schoice_RESPONSE_1_1930323"/>
</isNull>
<setOutcomeValue identifier="SCORE_RESPONSE_1">
<sum>
<variable identifier="SCORE_RESPONSE_1"/>
<baseValue baseType="float">0</baseValue>
</sum>
</setOutcomeValue>
</responseIf>
</responseCondition>
<setOutcomeValue identifier="SCORE">
<sum>
<variable identifier="SCORE_RESPONSE_1"/>
</sum>
</setOutcomeValue>
<responseCondition>
<responseIf>
<lt>
<variable identifier="SCORE"/>
<variable identifier="MINSCORE"/>
</lt>
<setOutcomeValue identifier="SCORE">
<variable identifier="MINSCORE"/>
</setOutcomeValue>
</responseIf>
</responseCondition>
<responseCondition>
<responseIf>
<lt>
<variable identifier="SCORE"/>
<baseValue baseType="float">1</baseValue>
</lt>
<setOutcomeValue identifier="FEEDBACKMODAL">
<multiple>
<variable identifier="FEEDBACKMODAL"/>
<baseValue baseType="identifier">Feedback918963708</baseValue>
</multiple>
</setOutcomeValue>
</responseIf>
</responseCondition>
</responseProcessing>
<modalFeedback identifier="Feedback918963708" outcomeIdentifier="FEEDBACKMODAL" showHide="show">
<ul>
<li> 0 <br /> 0: Incorrect </li>
<li> 0.8 <br /> 0.8: Correct </li>
<li> 1.7 <br /> 1.7: Incorrect </li>
</ul>
</modalFeedback>
</assessmentItem>
