<?xml version="1.0" encoding="UTF-8"?>
<!DOCTYPE questestinterop SYSTEM "ims_qtiasiv1p2p1.dtd">

<questestinterop xmlns="http://www.imsglobal.org/xsd/ims_qtiasiv1p2" xmlns:xsi="http://www.w3.org/2001/XMLSchema-instance" xsi:schemaLocation="http://www.imsglobal.org/xsd/ims_qtiasiv1p2 http://www.imsglobal.org/xsd/ims_qtiasiv1p2p1.xsd">
<assessment ident="vufgb-anova-009-nl-canvas_361038209" title="vufgb-anova-009-nl-canvas">

<qtimetadata>
<qtimetadatafield>
<fieldlabel>cc_maxattempts</fieldlabel>
<fieldentry>1</fieldentry>
</qtimetadatafield>
<qtimetadatafield>
<fieldlabel>qmd_assessmenttype</fieldlabel>
<fieldentry>Assessment</fieldentry>
</qtimetadatafield>
</qtimetadata>
<objectives>
<material>
<mattext><![CDATA[Please solve the following exercises.]]></mattext>
</material>
</objectives>
<assessmentcontrol feedbackswitch="No" hintswitch="No" solutionswitch="Yes"/>
<outcomes_processing scoremodel="SumOfScores">
<outcomes>
<decvar varname="SCORE" vartype="Decimal" cutvalue="0"/>
</outcomes>
</outcomes_processing>
<assessfeedback title="AssessmentFeedback" ident="AssessmentFeedback">
<flow_mat>
<material>
<mattext>##AssessmentFeedback##</mattext>
</material>
</flow_mat>
</assessfeedback>

<section ident="vufgb-anova-009-nl-canvas_361038209_section_1" title="Exercise">

<objectives>
<material>
<mattext><![CDATA[Please answer the following question.]]></mattext>
</material>
</objectives>
<selection_ordering>
<selection>
<selection_number>1</selection_number>
<selection_extension>
<points_per_item>1</points_per_item>
</selection_extension>
</selection>
<order order_type="Random"/>
</selection_ordering>

<item ident="vufgb-anova-009-nl-canvas_361038209_section_1_item_1_schoice" title="Question" maxattempts="1">
<itemcontrol feedbackswitch="No" hintswitch="No" solutionswitch="Yes"/>
<itemmetadata>
<qtimetadata>
<qtimetadatafield>
<fieldlabel>question_type</fieldlabel>
<fieldentry>multiple_choice_question</fieldentry>
</qtimetadatafield>
</qtimetadata>
</itemmetadata>
<presentation>
<flow>
<material>
<matbreak/>
<mattext texttype="text/html" charset="utf-8"><![CDATA[
<p>Een promovendus onderzoekt of er verschillen zijn in sociale competentie tussen leerlingen die Montessori-, Dalton- of regulier onderwijs volgen. De resultaten staan in onderstaande tabel samengevat. Hoe groot is de conditionele variantie, MSE?</p>
<p><img src="data/supplements_1_1/vufgb-anova-009-nl-table01.jpg" /></p>
]]></mattext>
<matbreak/>
</material>
<response_lid ident="vufgb-anova-009-nl-canvas_361038209_section_1_item_1_schoice_RESPONSE_4403944" rcardinality="Single" rtiming="No">
<render_choice shuffle="No">
<flow_label class="List">
<response_label ident="vufgb-anova-009-nl-canvas_361038209_section_1_item_1_schoice_3281088480" rshuffle="No">
<material>
<mattext texttype="text/html" charset="utf-8"><![CDATA[
 23.51
]]></mattext>
</material>
</response_label>
</flow_label>
<flow_label class="List">
<response_label ident="vufgb-anova-009-nl-canvas_361038209_section_1_item_1_schoice_2123750410" rshuffle="No">
<material>
<mattext texttype="text/html" charset="utf-8"><![CDATA[
 24.83
]]></mattext>
</material>
</response_label>
</flow_label>
<flow_label class="List">
<response_label ident="vufgb-anova-009-nl-canvas_361038209_section_1_item_1_schoice_1642278404" rshuffle="No">
<material>
<mattext texttype="text/html" charset="utf-8"><![CDATA[
 26.02
]]></mattext>
</material>
</response_label>
</flow_label>
<flow_label class="List">
<response_label ident="vufgb-anova-009-nl-canvas_361038209_section_1_item_1_schoice_6560482436" rshuffle="No">
<material>
<mattext texttype="text/html" charset="utf-8"><![CDATA[
 27.24
]]></mattext>
</material>
</response_label>
</flow_label>
</render_choice>
</response_lid>
</flow>
</presentation>
<resprocessing>
<outcomes>
<decvar varname="SCORE" vartype="Decimal" defaultval="0" minvalue="0" maxvalue="1" cutvalue="1"/>
</outcomes>
<respcondition title="Mastery" continue="No">
<conditionvar>
<and>
<varequal respident="vufgb-anova-009-nl-canvas_361038209_section_1_item_1_schoice_RESPONSE_4403944" case="Yes">vufgb-anova-009-nl-canvas_361038209_section_1_item_1_schoice_1642278404</varequal>
<not> <varequal respident="vufgb-anova-009-nl-canvas_361038209_section_1_item_1_schoice_RESPONSE_4403944" case="Yes">vufgb-anova-009-nl-canvas_361038209_section_1_item_1_schoice_3281088480</varequal> </not>
<not> <varequal respident="vufgb-anova-009-nl-canvas_361038209_section_1_item_1_schoice_RESPONSE_4403944" case="Yes">vufgb-anova-009-nl-canvas_361038209_section_1_item_1_schoice_2123750410</varequal> </not>
<not> <varequal respident="vufgb-anova-009-nl-canvas_361038209_section_1_item_1_schoice_RESPONSE_4403944" case="Yes">vufgb-anova-009-nl-canvas_361038209_section_1_item_1_schoice_6560482436</varequal> </not>
</and>
</conditionvar>
<setvar varname="SCORE" action="Set">1</setvar>
<displayfeedback feedbacktype="Response" linkrefid="correct_fb"/>
</respcondition>
<respcondition continue="Yes">
<conditionvar>
<other/>
</conditionvar>
<displayfeedback feedbacktype="Response" linkrefid="general_incorrect_fb"/>
</respcondition>
</resprocessing>
<itemfeedback ident="correct_fb" view="All">
<flow_mat>
<material>
<mattext texttype="text/html"><![CDATA[
<ul>
<li> 23.51 <br /> Incorrect </li>
<li> 24.83 <br /> Incorrect </li>
<li> 26.02 <br /> Correct </li>
<li> 27.24 <br /> Incorrect </li>
</ul>
]]></mattext>
</material>
</flow_mat>
</itemfeedback>
<itemfeedback ident="general_incorrect_fb" view="All">
<flow_mat>
<material>
<mattext texttype="text/html"><![CDATA[
<ul>
<li> 23.51 <br /> Incorrect </li>
<li> 24.83 <br /> Incorrect </li>
<li> 26.02 <br /> Correct </li>
<li> 27.24 <br /> Incorrect </li>
</ul>
]]></mattext>
</material>
</flow_mat>
</itemfeedback>
</item>


</section>

</assessment>
</questestinterop>
