<?xml version="1.0" encoding="UTF-8"?>
<!DOCTYPE questestinterop SYSTEM "ims_qtiasiv1p2p1.dtd">

<questestinterop xmlns="http://www.imsglobal.org/xsd/ims_qtiasiv1p2" xmlns:xsi="http://www.w3.org/2001/XMLSchema-instance" xsi:schemaLocation="http://www.imsglobal.org/xsd/ims_qtiasiv1p2 http://www.imsglobal.org/xsd/ims_qtiasiv1p2p1.xsd">
<assessment ident="uva-elementary-probability-953-en-canvas_583239541" title="uva-elementary-probability-953-en-canvas">

<qtimetadata>
<qtimetadatafield>
<fieldlabel>cc_maxattempts</fieldlabel>
<fieldentry>1</fieldentry>
</qtimetadatafield>
<qtimetadatafield>
<fieldlabel>qmd_assessmenttype</fieldlabel>
<fieldentry>Assessment</fieldentry>
</qtimetadatafield>
</qtimetadata>
<objectives>
<material>
<mattext><![CDATA[Please solve the following exercises.]]></mattext>
</material>
</objectives>
<assessmentcontrol feedbackswitch="No" hintswitch="No" solutionswitch="Yes"/>
<outcomes_processing scoremodel="SumOfScores">
<outcomes>
<decvar varname="SCORE" vartype="Decimal" cutvalue="0"/>
</outcomes>
</outcomes_processing>
<assessfeedback title="AssessmentFeedback" ident="AssessmentFeedback">
<flow_mat>
<material>
<mattext>##AssessmentFeedback##</mattext>
</material>
</flow_mat>
</assessfeedback>

<section ident="uva-elementary-probability-953-en-canvas_583239541_section_1" title="Exercise">

<objectives>
<material>
<mattext><![CDATA[Please answer the following question.]]></mattext>
</material>
</objectives>
<selection_ordering>
<selection>
<selection_number>1</selection_number>
<selection_extension>
<points_per_item>1</points_per_item>
</selection_extension>
</selection>
<order order_type="Random"/>
</selection_ordering>

<item ident="uva-elementary-probability-953-en-canvas_583239541_section_1_item_1_schoice" title="Question" maxattempts="1">
<itemcontrol feedbackswitch="No" hintswitch="No" solutionswitch="Yes"/>
<itemmetadata>
<qtimetadata>
<qtimetadatafield>
<fieldlabel>question_type</fieldlabel>
<fieldentry>multiple_choice_question</fieldentry>
</qtimetadatafield>
</qtimetadata>
</itemmetadata>
<presentation>
<flow>
<material>
<matbreak/>
<mattext texttype="text/html" charset="utf-8"><![CDATA[
<p>In a statistics class there are 40 students. Each time, the teacher chooses randomly one student to answer one question and then the teacher not return the chosen name. There are a total of three questions. Marja defines the events:‖<br />
* <em>A</em> = She is called upon to answer the first question,‖ she says.
* <em>B</em> = She is called to answer one of three questions.  Then what is the probability that she is called to answer the first question, given that she is chosen to answer one of the three?</p>
]]></mattext>
<matbreak/>
</material>
<response_lid ident="uva-elementary-probability-953-en-canvas_583239541_section_1_item_1_schoice_RESPONSE_9063957" rcardinality="Single" rtiming="No">
<render_choice shuffle="No">
<flow_label class="List">
<response_label ident="uva-elementary-probability-953-en-canvas_583239541_section_1_item_1_schoice_3420223739" rshuffle="No">
<material>
<mattext texttype="text/html" charset="utf-8"><![CDATA[
 1/50
]]></mattext>
</material>
</response_label>
</flow_label>
<flow_label class="List">
<response_label ident="uva-elementary-probability-953-en-canvas_583239541_section_1_item_1_schoice_6220371156" rshuffle="No">
<material>
<mattext texttype="text/html" charset="utf-8"><![CDATA[
 3/50
]]></mattext>
</material>
</response_label>
</flow_label>
<flow_label class="List">
<response_label ident="uva-elementary-probability-953-en-canvas_583239541_section_1_item_1_schoice_9166952555" rshuffle="No">
<material>
<mattext texttype="text/html" charset="utf-8"><![CDATA[
 1/3
]]></mattext>
</material>
</response_label>
</flow_label>
<flow_label class="List">
<response_label ident="uva-elementary-probability-953-en-canvas_583239541_section_1_item_1_schoice_7125949374" rshuffle="No">
<material>
<mattext texttype="text/html" charset="utf-8"><![CDATA[
 2/3
]]></mattext>
</material>
</response_label>
</flow_label>
</render_choice>
</response_lid>
</flow>
</presentation>
<resprocessing>
<outcomes>
<decvar varname="SCORE" vartype="Decimal" defaultval="0" minvalue="0" maxvalue="1" cutvalue="1"/>
</outcomes>
<respcondition title="Mastery" continue="No">
<conditionvar>
<and>
<varequal respident="uva-elementary-probability-953-en-canvas_583239541_section_1_item_1_schoice_RESPONSE_9063957" case="Yes">uva-elementary-probability-953-en-canvas_583239541_section_1_item_1_schoice_9166952555</varequal>
<not> <varequal respident="uva-elementary-probability-953-en-canvas_583239541_section_1_item_1_schoice_RESPONSE_9063957" case="Yes">uva-elementary-probability-953-en-canvas_583239541_section_1_item_1_schoice_3420223739</varequal> </not>
<not> <varequal respident="uva-elementary-probability-953-en-canvas_583239541_section_1_item_1_schoice_RESPONSE_9063957" case="Yes">uva-elementary-probability-953-en-canvas_583239541_section_1_item_1_schoice_6220371156</varequal> </not>
<not> <varequal respident="uva-elementary-probability-953-en-canvas_583239541_section_1_item_1_schoice_RESPONSE_9063957" case="Yes">uva-elementary-probability-953-en-canvas_583239541_section_1_item_1_schoice_7125949374</varequal> </not>
</and>
</conditionvar>
<setvar varname="SCORE" action="Set">1</setvar>
<displayfeedback feedbacktype="Response" linkrefid="correct_fb"/>
</respcondition>
<respcondition continue="Yes">
<conditionvar>
<other/>
</conditionvar>
<displayfeedback feedbacktype="Response" linkrefid="general_incorrect_fb"/>
</respcondition>
</resprocessing>
<itemfeedback ident="correct_fb" view="All">
<flow_mat>
<material>
<mattext texttype="text/html"><![CDATA[
<ul>
<li> 1/50 <br /> 1/50: Incorrect </li>
<li> 3/50 <br /> 3/50: Incorrect </li>
<li> 1/3 <br /> 1/3: Correct </li>
<li> 2/3 <br /> 2/3: Incorrect </li>
</ul>
]]></mattext>
</material>
</flow_mat>
</itemfeedback>
<itemfeedback ident="general_incorrect_fb" view="All">
<flow_mat>
<material>
<mattext texttype="text/html"><![CDATA[
<ul>
<li> 1/50 <br /> 1/50: Incorrect </li>
<li> 3/50 <br /> 3/50: Incorrect </li>
<li> 1/3 <br /> 1/3: Correct </li>
<li> 2/3 <br /> 2/3: Incorrect </li>
</ul>
]]></mattext>
</material>
</flow_mat>
</itemfeedback>
</item>


</section>

</assessment>
</questestinterop>
