<?xml version="1.0" encoding="UTF-8"?>
<assessmentItem xsi:schemaLocation="http://www.imsglobal.org/xsd/imsqti_v2p1 http://www.imsglobal.org/xsd/qti/qtiv2p1/imsqti_v2p1p1.xsd http://www.w3.org/1998/Math/MathML http://www.w3.org/Math/XMLSchema/mathml2/mathml2.xsd" identifier="uva-elementary-probability-671-nl-qti_776629001_section_1_item_1_schoice" title="1" adaptive="false" timeDependent="false" xmlns="http://www.imsglobal.org/xsd/imsqti_v2p1" xmlns:xsi="http://www.w3.org/2001/XMLSchema-instance">
<responseDeclaration identifier="uva-elementary-probability-671-nl-qti_776629001_section_1_item_1_schoice_RESPONSE_1_1076021" cardinality="single" baseType="identifier">
<correctResponse>
<value>uva-elementary-probability-671-nl-qti_776629001_section_1_item_1_schoice_1_7400655446</value>
</correctResponse>
<mapping defaultValue="0" lowerBound="0.0">
<mapEntry mapKey="uva-elementary-probability-671-nl-qti_776629001_section_1_item_1_schoice_1_7400655446" mappedValue="1"/>
<mapEntry mapKey="uva-elementary-probability-671-nl-qti_776629001_section_1_item_1_schoice_2_6548388128" mappedValue="0"/>
<mapEntry mapKey="uva-elementary-probability-671-nl-qti_776629001_section_1_item_1_schoice_3_8547426505" mappedValue="0"/>
<mapEntry mapKey="uva-elementary-probability-671-nl-qti_776629001_section_1_item_1_schoice_4_2964563607" mappedValue="0"/>
</mapping>
</responseDeclaration>
<outcomeDeclaration identifier="SCORE" cardinality="single" baseType="float" normalMaximum="1" normalMinimum="0">
<defaultValue>
<value>0.0</value>
</defaultValue>
</outcomeDeclaration>
<outcomeDeclaration identifier="MAXSCORE" cardinality="single" baseType="float">
<defaultValue>
<value>1</value>
</defaultValue>
</outcomeDeclaration>
<outcomeDeclaration identifier="FEEDBACKBASIC" cardinality="single" baseType="identifier" view="testConstructor">
<defaultValue>
<value>empty</value>
</defaultValue>
</outcomeDeclaration>
<outcomeDeclaration identifier="FEEDBACKMODAL" cardinality="multiple" baseType="identifier" view="testConstructor"/>
<outcomeDeclaration identifier="SOLUTIONMODAL" cardinality="single" baseType="identifier" view="testConstructor"/>
<outcomeDeclaration identifier="MINSCORE" cardinality="single" baseType="float">
<defaultValue>
<value baseType="float">0</value>
</defaultValue>
</outcomeDeclaration>
<outcomeDeclaration identifier="SCORE_RESPONSE_1" cardinality="single" baseType="float">
<defaultValue>
<value>0.0</value>
</defaultValue>
</outcomeDeclaration>
<outcomeDeclaration identifier="MINSCORE_RESPONSE_1" cardinality="single" baseType="float">
<defaultValue>
<value>0.0</value>
</defaultValue>
</outcomeDeclaration>
<itemBody>
<p>Stel John en jij doen mee aan een spelprogramma. Er zijn drie deuren.
Achter slechts één van de deuren staat een auto. Je vriend John, heeft
de eerste keus gemaakt: de tweede deur en er staat geen auto. Wat is de
kans dat je een auto kan winnen?</p>
<choiceInteraction responseIdentifier="uva-elementary-probability-671-nl-qti_776629001_section_1_item_1_schoice_RESPONSE_1_1076021" shuffle="false" maxChoices="1">
<simpleChoice identifier="uva-elementary-probability-671-nl-qti_776629001_section_1_item_1_schoice_1_7400655446">
<p>
 1/2
</p>
</simpleChoice>
<simpleChoice identifier="uva-elementary-probability-671-nl-qti_776629001_section_1_item_1_schoice_2_6548388128">
<p>
 13/
</p>
</simpleChoice>
<simpleChoice identifier="uva-elementary-probability-671-nl-qti_776629001_section_1_item_1_schoice_3_8547426505">
<p>
 1/4
</p>
</simpleChoice>
<simpleChoice identifier="uva-elementary-probability-671-nl-qti_776629001_section_1_item_1_schoice_4_2964563607">
<p>
 0
</p>
</simpleChoice>
</choiceInteraction>
</itemBody>
<responseProcessing>
<setOutcomeValue identifier="SCORE_RESPONSE_1">
<sum>
<variable identifier="SCORE_RESPONSE_1"/>
<mapResponse identifier="uva-elementary-probability-671-nl-qti_776629001_section_1_item_1_schoice_RESPONSE_1_1076021"/>
</sum>
</setOutcomeValue>
<responseCondition>
<responseIf>
<lt>
<variable identifier="SCORE_RESPONSE_1"/>
<variable identifier="MINSCORE_RESPONSE_1"/>
</lt>
<setOutcomeValue identifier="SCORE_RESPONSE_1">
<variable identifier="MINSCORE_RESPONSE_1"/>
</setOutcomeValue>
</responseIf>
</responseCondition>
<responseCondition>
<responseIf>
<isNull>
<variable identifier="uva-elementary-probability-671-nl-qti_776629001_section_1_item_1_schoice_RESPONSE_1_1076021"/>
</isNull>
<setOutcomeValue identifier="SCORE_RESPONSE_1">
<sum>
<variable identifier="SCORE_RESPONSE_1"/>
<baseValue baseType="float">0</baseValue>
</sum>
</setOutcomeValue>
</responseIf>
</responseCondition>
<setOutcomeValue identifier="SCORE">
<sum>
<variable identifier="SCORE_RESPONSE_1"/>
</sum>
</setOutcomeValue>
<responseCondition>
<responseIf>
<lt>
<variable identifier="SCORE"/>
<variable identifier="MINSCORE"/>
</lt>
<setOutcomeValue identifier="SCORE">
<variable identifier="MINSCORE"/>
</setOutcomeValue>
</responseIf>
</responseCondition>
<responseCondition>
<responseIf>
<lt>
<variable identifier="SCORE"/>
<baseValue baseType="float">1</baseValue>
</lt>
<setOutcomeValue identifier="FEEDBACKMODAL">
<multiple>
<variable identifier="FEEDBACKMODAL"/>
<baseValue baseType="identifier">Feedback581986072</baseValue>
</multiple>
</setOutcomeValue>
</responseIf>
</responseCondition>
</responseProcessing>
<modalFeedback identifier="Feedback581986072" outcomeIdentifier="FEEDBACKMODAL" showHide="show">
<ul>
<li> 1/2 <br /> 1/2: Correct </li>
<li> 13/ <br /> 13/: Incorrect </li>
<li> 1/4 <br /> 1/4: Incorrect </li>
<li> 0 <br /> 0: Incorrect </li>
</ul>
</modalFeedback>
</assessmentItem>
