<?xml version="1.0" encoding="UTF-8"?>
<assessmentItem xsi:schemaLocation="http://www.imsglobal.org/xsd/imsqti_v2p1 http://www.imsglobal.org/xsd/qti/qtiv2p1/imsqti_v2p1p1.xsd http://www.w3.org/1998/Math/MathML http://www.w3.org/Math/XMLSchema/mathml2/mathml2.xsd" identifier="vufgb-posthoctest-001-en-qti_406037713_section_1_item_1_schoice" title="1" adaptive="false" timeDependent="false" xmlns="http://www.imsglobal.org/xsd/imsqti_v2p1" xmlns:xsi="http://www.w3.org/2001/XMLSchema-instance">
<responseDeclaration identifier="vufgb-posthoctest-001-en-qti_406037713_section_1_item_1_schoice_RESPONSE_1_2517198" cardinality="single" baseType="identifier">
<correctResponse>
<value>vufgb-posthoctest-001-en-qti_406037713_section_1_item_1_schoice_1_5051251306</value>
</correctResponse>
<mapping defaultValue="0" lowerBound="0.0">
<mapEntry mapKey="vufgb-posthoctest-001-en-qti_406037713_section_1_item_1_schoice_1_5051251306" mappedValue="1"/>
<mapEntry mapKey="vufgb-posthoctest-001-en-qti_406037713_section_1_item_1_schoice_2_9247850621" mappedValue="0"/>
<mapEntry mapKey="vufgb-posthoctest-001-en-qti_406037713_section_1_item_1_schoice_3_4956816210" mappedValue="0"/>
<mapEntry mapKey="vufgb-posthoctest-001-en-qti_406037713_section_1_item_1_schoice_4_5162746747" mappedValue="0"/>
</mapping>
</responseDeclaration>
<outcomeDeclaration identifier="SCORE" cardinality="single" baseType="float" normalMaximum="1" normalMinimum="0">
<defaultValue>
<value>0.0</value>
</defaultValue>
</outcomeDeclaration>
<outcomeDeclaration identifier="MAXSCORE" cardinality="single" baseType="float">
<defaultValue>
<value>1</value>
</defaultValue>
</outcomeDeclaration>
<outcomeDeclaration identifier="FEEDBACKBASIC" cardinality="single" baseType="identifier" view="testConstructor">
<defaultValue>
<value>empty</value>
</defaultValue>
</outcomeDeclaration>
<outcomeDeclaration identifier="FEEDBACKMODAL" cardinality="multiple" baseType="identifier" view="testConstructor"/>
<outcomeDeclaration identifier="MINSCORE" cardinality="single" baseType="float">
<defaultValue>
<value baseType="float">0</value>
</defaultValue>
</outcomeDeclaration>
<outcomeDeclaration identifier="SCORE_RESPONSE_1" cardinality="single" baseType="float">
<defaultValue>
<value>0.0</value>
</defaultValue>
</outcomeDeclaration>
<outcomeDeclaration identifier="MINSCORE_RESPONSE_1" cardinality="single" baseType="float">
<defaultValue>
<value>0.0</value>
</defaultValue>
</outcomeDeclaration>
<itemBody>
<p>A one-way ANOVA is conducted. The Factor has four levels and the dependent variable is quantitative. We now want to construct the post-hoc Bonferroni confidence intervals. For these post-hoc Bonferroni confidence intervals, calculate the right-tail probability that belongs to the <em>t</em>-value.</p>
<choiceInteraction responseIdentifier="vufgb-posthoctest-001-en-qti_406037713_section_1_item_1_schoice_RESPONSE_1_2517198" shuffle="false" maxChoices="1">
<simpleChoice identifier="vufgb-posthoctest-001-en-qti_406037713_section_1_item_1_schoice_1_5051251306">
<p>
a. 0.0042
</p>
</simpleChoice>
<simpleChoice identifier="vufgb-posthoctest-001-en-qti_406037713_section_1_item_1_schoice_2_9247850621">
<p>
b. 0.0021
</p>
</simpleChoice>
<simpleChoice identifier="vufgb-posthoctest-001-en-qti_406037713_section_1_item_1_schoice_3_4956816210">
<p>
c. 0.0063
</p>
</simpleChoice>
<simpleChoice identifier="vufgb-posthoctest-001-en-qti_406037713_section_1_item_1_schoice_4_5162746747">
<p>
d. 0.013
</p>
</simpleChoice>
</choiceInteraction>
</itemBody>
<responseProcessing>
<responseCondition>
<responseIf>
<isNull>
<variable identifier="vufgb-posthoctest-001-en-qti_406037713_section_1_item_1_schoice_RESPONSE_1_2517198"/>
</isNull>
<setOutcomeValue identifier="SCORE_RESPONSE_1">
<sum>
<variable identifier="SCORE_RESPONSE_1"/>
<baseValue baseType="float">0</baseValue>
</sum>
</setOutcomeValue>
</responseIf>
</responseCondition>
<setOutcomeValue identifier="SCORE_RESPONSE_1">
<sum>
<variable identifier="SCORE_RESPONSE_1"/>
<mapResponse identifier="vufgb-posthoctest-001-en-qti_406037713_section_1_item_1_schoice_RESPONSE_1_2517198"/>
</sum>
</setOutcomeValue>
<responseCondition>
<responseIf>
<lt>
<variable identifier="SCORE_RESPONSE_1"/>
<variable identifier="MINSCORE_RESPONSE_1"/>
</lt>
<setOutcomeValue identifier="SCORE_RESPONSE_1">
<variable identifier="MINSCORE_RESPONSE_1"/>
</setOutcomeValue>
</responseIf>
</responseCondition>
<setOutcomeValue identifier="SCORE">
<sum>
<variable identifier="SCORE_RESPONSE_1"/>
</sum>
</setOutcomeValue>
<responseCondition>
<responseIf>
<lt>
<variable identifier="SCORE"/>
<variable identifier="MINSCORE"/>
</lt>
<setOutcomeValue identifier="SCORE">
<variable identifier="MINSCORE"/>
</setOutcomeValue>
</responseIf>
</responseCondition>
<responseCondition>
<responseIf>
<lt>
<variable identifier="SCORE"/>
<baseValue baseType="float">1</baseValue>
</lt>
<setOutcomeValue identifier="FEEDBACKMODAL">
<multiple>
<variable identifier="FEEDBACKMODAL"/>
<baseValue baseType="identifier">Feedback108058022</baseValue>
</multiple>
</setOutcomeValue>
</responseIf>
</responseCondition>
</responseProcessing>
<modalFeedback identifier="Feedback108058022" outcomeIdentifier="FEEDBACKMODAL" showHide="show">
</modalFeedback>
</assessmentItem>
