<?xml version="1.0" encoding="UTF-8"?>
<assessmentItem xsi:schemaLocation="http://www.imsglobal.org/xsd/imsqti_v2p1 http://www.imsglobal.org/xsd/qti/qtiv2p1/imsqti_v2p1p1.xsd http://www.w3.org/1998/Math/MathML http://www.w3.org/Math/XMLSchema/mathml2/mathml2.xsd" identifier="uu-Homoscedasticity-021-nl-qti_223085060_section_1_item_1_schoice" title="1" adaptive="false" timeDependent="false" xmlns="http://www.imsglobal.org/xsd/imsqti_v2p1" xmlns:xsi="http://www.w3.org/2001/XMLSchema-instance">
<responseDeclaration identifier="uu-Homoscedasticity-021-nl-qti_223085060_section_1_item_1_schoice_RESPONSE_1_1710959" cardinality="single" baseType="identifier">
<correctResponse>
<value>uu-Homoscedasticity-021-nl-qti_223085060_section_1_item_1_schoice_4_8539557130</value>
</correctResponse>
<mapping defaultValue="0" lowerBound="0.0">
<mapEntry mapKey="uu-Homoscedasticity-021-nl-qti_223085060_section_1_item_1_schoice_1_6781439191" mappedValue="0"/>
<mapEntry mapKey="uu-Homoscedasticity-021-nl-qti_223085060_section_1_item_1_schoice_2_9667658210" mappedValue="0"/>
<mapEntry mapKey="uu-Homoscedasticity-021-nl-qti_223085060_section_1_item_1_schoice_3_1798282934" mappedValue="0"/>
<mapEntry mapKey="uu-Homoscedasticity-021-nl-qti_223085060_section_1_item_1_schoice_4_8539557130" mappedValue="1"/>
</mapping>
</responseDeclaration>
<outcomeDeclaration identifier="SCORE" cardinality="single" baseType="float" normalMaximum="1" normalMinimum="0">
<defaultValue>
<value>0.0</value>
</defaultValue>
</outcomeDeclaration>
<outcomeDeclaration identifier="MAXSCORE" cardinality="single" baseType="float">
<defaultValue>
<value>1</value>
</defaultValue>
</outcomeDeclaration>
<outcomeDeclaration identifier="FEEDBACKBASIC" cardinality="single" baseType="identifier" view="testConstructor">
<defaultValue>
<value>empty</value>
</defaultValue>
</outcomeDeclaration>
<outcomeDeclaration identifier="FEEDBACKMODAL" cardinality="multiple" baseType="identifier" view="testConstructor"/>
<outcomeDeclaration identifier="MINSCORE" cardinality="single" baseType="float">
<defaultValue>
<value baseType="float">0</value>
</defaultValue>
</outcomeDeclaration>
<outcomeDeclaration identifier="SCORE_RESPONSE_1" cardinality="single" baseType="float">
<defaultValue>
<value>0.0</value>
</defaultValue>
</outcomeDeclaration>
<outcomeDeclaration identifier="MINSCORE_RESPONSE_1" cardinality="single" baseType="float">
<defaultValue>
<value>0.0</value>
</defaultValue>
</outcomeDeclaration>
<itemBody>
<p>Er is sprake van heteroscedasticiteit als…</p>
<choiceInteraction responseIdentifier="uu-Homoscedasticity-021-nl-qti_223085060_section_1_item_1_schoice_RESPONSE_1_1710959" shuffle="false" maxChoices="1">
<simpleChoice identifier="uu-Homoscedasticity-021-nl-qti_223085060_section_1_item_1_schoice_1_6781439191">
<p>
a. De verklarende variabelen onderling hoog gecorreleerd zijn.
</p>
</simpleChoice>
<simpleChoice identifier="uu-Homoscedasticity-021-nl-qti_223085060_section_1_item_1_schoice_2_9667658210">
<p>
b. De meetfouten (‘errors’) niet normaal verdeeld zijn.
</p>
</simpleChoice>
<simpleChoice identifier="uu-Homoscedasticity-021-nl-qti_223085060_section_1_item_1_schoice_3_1798282934">
<p>
c. De relatie tussen minimaal 1 van de X-variabelen en de Y-variabele niet-lineair is.
</p>
</simpleChoice>
<simpleChoice identifier="uu-Homoscedasticity-021-nl-qti_223085060_section_1_item_1_schoice_4_8539557130">
<p>
d. De variantie van de meetfouten (‘errors’) niet constant is over de X-variabele(n).
</p>
</simpleChoice>
</choiceInteraction>
</itemBody>
<responseProcessing>
<responseCondition>
<responseIf>
<isNull>
<variable identifier="uu-Homoscedasticity-021-nl-qti_223085060_section_1_item_1_schoice_RESPONSE_1_1710959"/>
</isNull>
<setOutcomeValue identifier="SCORE_RESPONSE_1">
<sum>
<variable identifier="SCORE_RESPONSE_1"/>
<baseValue baseType="float">0</baseValue>
</sum>
</setOutcomeValue>
</responseIf>
</responseCondition>
<setOutcomeValue identifier="SCORE_RESPONSE_1">
<sum>
<variable identifier="SCORE_RESPONSE_1"/>
<mapResponse identifier="uu-Homoscedasticity-021-nl-qti_223085060_section_1_item_1_schoice_RESPONSE_1_1710959"/>
</sum>
</setOutcomeValue>
<responseCondition>
<responseIf>
<lt>
<variable identifier="SCORE_RESPONSE_1"/>
<variable identifier="MINSCORE_RESPONSE_1"/>
</lt>
<setOutcomeValue identifier="SCORE_RESPONSE_1">
<variable identifier="MINSCORE_RESPONSE_1"/>
</setOutcomeValue>
</responseIf>
</responseCondition>
<setOutcomeValue identifier="SCORE">
<sum>
<variable identifier="SCORE_RESPONSE_1"/>
</sum>
</setOutcomeValue>
<responseCondition>
<responseIf>
<lt>
<variable identifier="SCORE"/>
<variable identifier="MINSCORE"/>
</lt>
<setOutcomeValue identifier="SCORE">
<variable identifier="MINSCORE"/>
</setOutcomeValue>
</responseIf>
</responseCondition>
<responseCondition>
<responseIf>
<lt>
<variable identifier="SCORE"/>
<baseValue baseType="float">1</baseValue>
</lt>
<setOutcomeValue identifier="FEEDBACKMODAL">
<multiple>
<variable identifier="FEEDBACKMODAL"/>
<baseValue baseType="identifier">Feedback672191797</baseValue>
</multiple>
</setOutcomeValue>
</responseIf>
</responseCondition>
</responseProcessing>
<modalFeedback identifier="Feedback672191797" outcomeIdentifier="FEEDBACKMODAL" showHide="show">
</modalFeedback>
</assessmentItem>
