<?xml version="1.0" encoding="utf-8" standalone="yes"?>
<assessmentItem identifier="uva-addition-rule-1105-nl-tv_202404291202_item_1_schoice" title="uva-addition-rule-1105-nl-tv_202404291202_item_1_schoice_uva-addition-rule-1105-nl" adaptive="false" timeDependent="false" toolName="Testvision Online" toolVersion="39.0.9084" xmlns="http://www.imsglobal.org/xsd/imsqti_v2p1">
<responseDeclaration identifier="RESPONSE" cardinality="single" baseType="identifier">
<correctResponse>
<value>alt_464286</value>
</correctResponse>
<mapping defaultValue="0" lowerBound="0.0">
<mapEntry mapKey="alt_105252" mappedValue="-0.333333333333333"/>
<mapEntry mapKey="alt_464286" mappedValue="1"/>
<mapEntry mapKey="alt_363048" mappedValue="-0.333333333333333"/>
<mapEntry mapKey="alt_458298" mappedValue="-0.333333333333333"/>
</mapping>
</responseDeclaration>
<outcomeDeclaration identifier="SCORE" cardinality="single" baseType="float" normalMaximum="1" normalMinimum="0" />
<outcomeDeclaration identifier="FEEDBACK" cardinality="single" baseType="identifier" />
<itemBody>
<p>Jody volgt drie cursussen: Engels, Geschiedenis en Wiskunde. Stel de
kans dat zij aan het eind van het semester per vak een 8 krijgt:<br />
<br />
P(cijfer 8 voor het examen Engels) = 0,70<br />
P(cijfer 8 voor het examen Geschiedenis) = 0,60<br />
P(cijfer 8 voor het examen wiskunde) = 0,50<br />
<br />
De gebeurtenissen zijn onafhankelijk van elkaar. Wat is dan de kans dat
Jody voor slechts één vak een 8 zal krijgen?</p>
<choiceInteraction responseIdentifier="RESPONSE" shuffle="false" maxChoices="1">
<simpleChoice identifier="alt_105252">
<div class="textblock tvblock tvcss_1"><div class="rte_zone tveditor1">
 0,06
</div>
</div>
</simpleChoice>
<simpleChoice identifier="alt_464286">
<div class="textblock tvblock tvcss_1"><div class="rte_zone tveditor1">
 0,29
</div>
</div>
</simpleChoice>
<simpleChoice identifier="alt_363048">
<div class="textblock tvblock tvcss_1"><div class="rte_zone tveditor1">
 0,40
</div>
</div>
</simpleChoice>
<simpleChoice identifier="alt_458298">
<div class="textblock tvblock tvcss_1"><div class="rte_zone tveditor1">
 0,80
</div>
</div>
</simpleChoice>
</choiceInteraction>
</itemBody>
<responseProcessing>
<responseCondition>
<responseIf>
<isNull>
<variable identifier="RESPONSE"/>
</isNull>
<setOutcomeValue identifier="SCORE">
<baseValue baseType="float">0.0</baseValue>
</setOutcomeValue>
<setOutcomeValue identifier="FEEDBACK">
<baseValue baseType="identifier">FAILURE</baseValue>
</setOutcomeValue>
</responseIf>
<responseElse>
<setOutcomeValue identifier="SCORE">
<mapResponse identifier="RESPONSE"/>
</setOutcomeValue>
<responseCondition>
<responseIf>
<equal toleranceMode="relative" tolerance="0.001">
<variable identifier="SCORE"/>
<variable identifier="MAXSCORE"/>
</equal>
<setOutcomeValue identifier="FEEDBACK">
<baseValue baseType="identifier">ANSWER_CORRECT</baseValue>
</setOutcomeValue>
</responseIf>
<responseElse>
<setOutcomeValue identifier="FEEDBACK">
<baseValue baseType="identifier">FAILURE</baseValue>
</setOutcomeValue>
</responseElse>
</responseCondition>
</responseElse>
</responseCondition>
</responseProcessing>
<modalFeedback identifier="FAILURE" outcomeIdentifier="FEEDBACK" showHide="show">
<div class="textblock tvblock tvcss_1"><div class="rte_zone tveditor1">
<ul>
<li> 0,06 <br /> 0,06: Incorrect </li>
<li> 0,29 <br /> 0,29: Correct </li>
<li> 0,40 <br /> 0,40: Incorrect </li>
<li> 0,80 <br /> 0,80: Incorrect </li>
</ul>
</div>
</div>
</modalFeedback>
<modalFeedback identifier="ANSWER_CORRECT" outcomeIdentifier="FEEDBACK" showHide="show">
<div class="textblock tvblock tvcss_1"><div class="rte_zone tveditor1">
<ul>
<li> 0,06 <br /> 0,06: Incorrect </li>
<li> 0,29 <br /> 0,29: Correct </li>
<li> 0,40 <br /> 0,40: Incorrect </li>
<li> 0,80 <br /> 0,80: Incorrect </li>
</ul>
</div>
</div>
</modalFeedback>
<modalFeedback identifier="PARTIAL_CORRECT" outcomeIdentifier="FEEDBACK" showHide="show">
<div class="textblock tvblock tvcss_1"><div class="rte_zone tveditor1">
<ul>
<li> 0,06 <br /> 0,06: Incorrect </li>
<li> 0,29 <br /> 0,29: Correct </li>
<li> 0,40 <br /> 0,40: Incorrect </li>
<li> 0,80 <br /> 0,80: Incorrect </li>
</ul>
</div>
</div>
</modalFeedback>
</assessmentItem>
