<?xml version="1.0" encoding="UTF-8"?>
<!DOCTYPE questestinterop SYSTEM "ims_qtiasiv1p2p1.dtd">

<questestinterop xmlns="http://www.imsglobal.org/xsd/ims_qtiasiv1p2" xmlns:xsi="http://www.w3.org/2001/XMLSchema-instance" xsi:schemaLocation="http://www.imsglobal.org/xsd/ims_qtiasiv1p2 http://www.imsglobal.org/xsd/ims_qtiasiv1p2p1.xsd">
<assessment ident="uva-oneway-anova-496-nl-canvas_134242869" title="uva-oneway-anova-496-nl-canvas">

<qtimetadata>
<qtimetadatafield>
<fieldlabel>cc_maxattempts</fieldlabel>
<fieldentry>1</fieldentry>
</qtimetadatafield>
<qtimetadatafield>
<fieldlabel>qmd_assessmenttype</fieldlabel>
<fieldentry>Assessment</fieldentry>
</qtimetadatafield>
</qtimetadata>
<objectives>
<material>
<mattext><![CDATA[Please solve the following exercises.]]></mattext>
</material>
</objectives>
<assessmentcontrol feedbackswitch="No" hintswitch="No" solutionswitch="Yes"/>
<outcomes_processing scoremodel="SumOfScores">
<outcomes>
<decvar varname="SCORE" vartype="Decimal" cutvalue="0"/>
</outcomes>
</outcomes_processing>
<assessfeedback title="AssessmentFeedback" ident="AssessmentFeedback">
<flow_mat>
<material>
<mattext>##AssessmentFeedback##</mattext>
</material>
</flow_mat>
</assessfeedback>

<section ident="uva-oneway-anova-496-nl-canvas_134242869_section_1" title="Exercise">

<objectives>
<material>
<mattext><![CDATA[Please answer the following question.]]></mattext>
</material>
</objectives>
<selection_ordering>
<selection>
<selection_number>1</selection_number>
<selection_extension>
<points_per_item>1</points_per_item>
</selection_extension>
</selection>
<order order_type="Random"/>
</selection_ordering>

<item ident="uva-oneway-anova-496-nl-canvas_134242869_section_1_item_1_schoice" title="Question" maxattempts="1">
<itemcontrol feedbackswitch="No" hintswitch="No" solutionswitch="Yes"/>
<itemmetadata>
<qtimetadata>
<qtimetadatafield>
<fieldlabel>question_type</fieldlabel>
<fieldentry>multiple_choice_question</fieldentry>
</qtimetadatafield>
</qtimetadata>
</itemmetadata>
<presentation>
<flow>
<material>
<matbreak/>
<mattext texttype="text/html" charset="utf-8"><![CDATA[
<p>Hieronder staat een gedeeltelijk ingevulde ANOVA-tabel, behorende bij
een Completely Randomized Design (Oneway) ANOVA.</p>
<table>
<tbody>
<tr class="odd">
<td align="left">Source of variation</td>
<td align="left">SS</td>
<td align="left">df</td>
<td align="left">MS</td>
<td align="left">F</td>
</tr>
<tr class="even">
<td align="left">Between groups</td>
<td align="left">27</td>
<td align="left">3</td>
<td align="left"></td>
<td align="left"></td>
</tr>
<tr class="odd">
<td align="left">Within groups</td>
<td align="left">24</td>
<td align="left">12</td>
<td align="left"></td>
<td align="left"></td>
</tr>
</tbody>
</table>
<p>De waarde van de toetsingsgrootheid F om gelijkheid van alle
populatiegemiddelden te toetsen is hier gelijk aan</p>
]]></mattext>
<matbreak/>
</material>
<response_lid ident="uva-oneway-anova-496-nl-canvas_134242869_section_1_item_1_schoice_RESPONSE_5538113" rcardinality="Single" rtiming="No">
<render_choice shuffle="No">
<flow_label class="List">
<response_label ident="uva-oneway-anova-496-nl-canvas_134242869_section_1_item_1_schoice_2760879673" rshuffle="No">
<material>
<mattext texttype="text/html" charset="utf-8"><![CDATA[
 1.13
]]></mattext>
</material>
</response_label>
</flow_label>
<flow_label class="List">
<response_label ident="uva-oneway-anova-496-nl-canvas_134242869_section_1_item_1_schoice_8057665672" rshuffle="No">
<material>
<mattext texttype="text/html" charset="utf-8"><![CDATA[
 3.4
]]></mattext>
</material>
</response_label>
</flow_label>
<flow_label class="List">
<response_label ident="uva-oneway-anova-496-nl-canvas_134242869_section_1_item_1_schoice_2612682800" rshuffle="No">
<material>
<mattext texttype="text/html" charset="utf-8"><![CDATA[
 4.5
]]></mattext>
</material>
</response_label>
</flow_label>
<flow_label class="List">
<response_label ident="uva-oneway-anova-496-nl-canvas_134242869_section_1_item_1_schoice_8639564564" rshuffle="No">
<material>
<mattext texttype="text/html" charset="utf-8"><![CDATA[
 6.19
]]></mattext>
</material>
</response_label>
</flow_label>
</render_choice>
</response_lid>
</flow>
</presentation>
<resprocessing>
<outcomes>
<decvar varname="SCORE" vartype="Decimal" defaultval="0" minvalue="0" maxvalue="1" cutvalue="1"/>
</outcomes>
<respcondition title="Mastery" continue="No">
<conditionvar>
<and>
<varequal respident="uva-oneway-anova-496-nl-canvas_134242869_section_1_item_1_schoice_RESPONSE_5538113" case="Yes">uva-oneway-anova-496-nl-canvas_134242869_section_1_item_1_schoice_2612682800</varequal>
<not> <varequal respident="uva-oneway-anova-496-nl-canvas_134242869_section_1_item_1_schoice_RESPONSE_5538113" case="Yes">uva-oneway-anova-496-nl-canvas_134242869_section_1_item_1_schoice_2760879673</varequal> </not>
<not> <varequal respident="uva-oneway-anova-496-nl-canvas_134242869_section_1_item_1_schoice_RESPONSE_5538113" case="Yes">uva-oneway-anova-496-nl-canvas_134242869_section_1_item_1_schoice_8057665672</varequal> </not>
<not> <varequal respident="uva-oneway-anova-496-nl-canvas_134242869_section_1_item_1_schoice_RESPONSE_5538113" case="Yes">uva-oneway-anova-496-nl-canvas_134242869_section_1_item_1_schoice_8639564564</varequal> </not>
</and>
</conditionvar>
<setvar varname="SCORE" action="Set">1</setvar>
<displayfeedback feedbacktype="Response" linkrefid="correct_fb"/>
</respcondition>
<respcondition continue="Yes">
<conditionvar>
<other/>
</conditionvar>
<displayfeedback feedbacktype="Response" linkrefid="general_incorrect_fb"/>
</respcondition>
</resprocessing>
<itemfeedback ident="correct_fb" view="All">
<flow_mat>
<material>
<mattext texttype="text/html"><![CDATA[
<ul>
<li> 1.13 <br /> 1.13: Incorrect </li>
<li> 3.4 <br /> 3.4: Incorrect </li>
<li> 4.5 <br /> 4.5: Correct </li>
<li> 6.19 <br /> 6.19: Incorrect </li>
</ul>
]]></mattext>
</material>
</flow_mat>
</itemfeedback>
<itemfeedback ident="general_incorrect_fb" view="All">
<flow_mat>
<material>
<mattext texttype="text/html"><![CDATA[
<ul>
<li> 1.13 <br /> 1.13: Incorrect </li>
<li> 3.4 <br /> 3.4: Incorrect </li>
<li> 4.5 <br /> 4.5: Correct </li>
<li> 6.19 <br /> 6.19: Incorrect </li>
</ul>
]]></mattext>
</material>
</flow_mat>
</itemfeedback>
</item>


</section>

</assessment>
</questestinterop>
