<?xml version="1.0" encoding="UTF-8"?>
<assessmentItem xsi:schemaLocation="http://www.imsglobal.org/xsd/imsqti_v2p1 http://www.imsglobal.org/xsd/qti/qtiv2p1/imsqti_v2p1p1.xsd http://www.w3.org/1998/Math/MathML http://www.w3.org/Math/XMLSchema/mathml2/mathml2.xsd" identifier="uva-variance-255-nl-ans_836177766_section_1_item_1_schoice" title="Descriptive-statistics_uva-variance-255-nl_uva-variance-255-nl_schoice_1" adaptive="false" timeDependent="false" xmlns="http://www.imsglobal.org/xsd/imsqti_v2p1" xmlns:xsi="http://www.w3.org/2001/XMLSchema-instance">
<responseDeclaration identifier="uva-variance-255-nl-ans_836177766_section_1_item_1_schoice_RESPONSE_1_5843075" cardinality="single" baseType="identifier">
<correctResponse>
<value>uva-variance-255-nl-ans_836177766_section_1_item_1_schoice_4_7098462603</value>
</correctResponse>
<mapping defaultValue="0" lowerBound="0.0">
<mapEntry mapKey="uva-variance-255-nl-ans_836177766_section_1_item_1_schoice_1_3993453064" mappedValue="0"/>
<mapEntry mapKey="uva-variance-255-nl-ans_836177766_section_1_item_1_schoice_2_9416409025" mappedValue="0"/>
<mapEntry mapKey="uva-variance-255-nl-ans_836177766_section_1_item_1_schoice_3_3076157450" mappedValue="0"/>
<mapEntry mapKey="uva-variance-255-nl-ans_836177766_section_1_item_1_schoice_4_7098462603" mappedValue="1"/>
</mapping>
</responseDeclaration>
<outcomeDeclaration identifier="SCORE" cardinality="single" baseType="float" normalMaximum="1" normalMinimum="0">
<defaultValue>
<value>0.0</value>
</defaultValue>
</outcomeDeclaration>
<outcomeDeclaration identifier="MAXSCORE" cardinality="single" baseType="float">
<defaultValue>
<value>1</value>
</defaultValue>
</outcomeDeclaration>
<outcomeDeclaration identifier="FEEDBACKBASIC" cardinality="single" baseType="identifier" view="testConstructor">
<defaultValue>
<value>empty</value>
</defaultValue>
</outcomeDeclaration>
<outcomeDeclaration identifier="FEEDBACKMODAL" cardinality="multiple" baseType="identifier" view="testConstructor"/>
<outcomeDeclaration identifier="SOLUTIONMODAL" cardinality="single" baseType="identifier" view="testConstructor"/>
<outcomeDeclaration identifier="MINSCORE" cardinality="single" baseType="float">
<defaultValue>
<value baseType="float">0</value>
</defaultValue>
</outcomeDeclaration>
<outcomeDeclaration identifier="SCORE_RESPONSE_1" cardinality="single" baseType="float">
<defaultValue>
<value>0.0</value>
</defaultValue>
</outcomeDeclaration>
<outcomeDeclaration identifier="MINSCORE_RESPONSE_1" cardinality="single" baseType="float">
<defaultValue>
<value>0.0</value>
</defaultValue>
</outcomeDeclaration>
<itemBody>
<p>Op een bepaalde ziekenhuisafdeling wordt gedurende een jaar bijgehouden
hoeveel mannen en hoeveel vrouwen er op de eerste dag van de maand
liggen. <br />
<br />
De getallen voor het aantal vrouwen gedurende dat jaar waren:<br />
10   13   12    9    9    11   12   12   10   14   12   10<br />
De steekproefvariantie  is:</p>
<choiceInteraction responseIdentifier="uva-variance-255-nl-ans_836177766_section_1_item_1_schoice_RESPONSE_1_5843075" shuffle="false" maxChoices="1">
<simpleChoice identifier="uva-variance-255-nl-ans_836177766_section_1_item_1_schoice_1_3993453064">
<p>
 0.192
</p>
</simpleChoice>
<simpleChoice identifier="uva-variance-255-nl-ans_836177766_section_1_item_1_schoice_2_9416409025">
<p>
 1.586
</p>
</simpleChoice>
<simpleChoice identifier="uva-variance-255-nl-ans_836177766_section_1_item_1_schoice_3_3076157450">
<p>
 2.306
</p>
</simpleChoice>
<simpleChoice identifier="uva-variance-255-nl-ans_836177766_section_1_item_1_schoice_4_7098462603">
<p>
 2.515
</p>
</simpleChoice>
</choiceInteraction>
</itemBody>
<responseProcessing>
<setOutcomeValue identifier="SCORE_RESPONSE_1">
<sum>
<variable identifier="SCORE_RESPONSE_1"/>
<mapResponse identifier="uva-variance-255-nl-ans_836177766_section_1_item_1_schoice_RESPONSE_1_5843075"/>
</sum>
</setOutcomeValue>
<responseCondition>
<responseIf>
<lt>
<variable identifier="SCORE_RESPONSE_1"/>
<variable identifier="MINSCORE_RESPONSE_1"/>
</lt>
<setOutcomeValue identifier="SCORE_RESPONSE_1">
<variable identifier="MINSCORE_RESPONSE_1"/>
</setOutcomeValue>
</responseIf>
</responseCondition>
<responseCondition>
<responseIf>
<isNull>
<variable identifier="uva-variance-255-nl-ans_836177766_section_1_item_1_schoice_RESPONSE_1_5843075"/>
</isNull>
<setOutcomeValue identifier="SCORE_RESPONSE_1">
<sum>
<variable identifier="SCORE_RESPONSE_1"/>
<baseValue baseType="float">0</baseValue>
</sum>
</setOutcomeValue>
</responseIf>
</responseCondition>
<setOutcomeValue identifier="SCORE">
<sum>
<variable identifier="SCORE_RESPONSE_1"/>
</sum>
</setOutcomeValue>
<responseCondition>
<responseIf>
<lt>
<variable identifier="SCORE"/>
<variable identifier="MINSCORE"/>
</lt>
<setOutcomeValue identifier="SCORE">
<variable identifier="MINSCORE"/>
</setOutcomeValue>
</responseIf>
</responseCondition>
<responseCondition>
<responseIf>
<lt>
<variable identifier="SCORE"/>
<baseValue baseType="float">1</baseValue>
</lt>
<setOutcomeValue identifier="FEEDBACKMODAL">
<multiple>
<variable identifier="FEEDBACKMODAL"/>
<baseValue baseType="identifier">Feedback515048729</baseValue>
</multiple>
</setOutcomeValue>
</responseIf>
</responseCondition>
</responseProcessing>
<modalFeedback outcomeIdentifier="FEEDBACK" showHide="show" identifier="incorrect">
<ul>
<li> 0.192 <br /> 0.192: Incorrect </li>
<li> 1.586 <br /> 1.586: Incorrect </li>
<li> 2.306 <br /> 2.306: Incorrect </li>
<li> 2.515 <br /> 2.515: Correct </li>
</ul>
</modalFeedback>
</assessmentItem>
