<?xml version="1.0" encoding="UTF-8"?>
<assessmentItem xsi:schemaLocation="http://www.imsglobal.org/xsd/imsqti_v2p1 http://www.imsglobal.org/xsd/qti/qtiv2p1/imsqti_v2p1p1.xsd http://www.w3.org/1998/Math/MathML http://www.w3.org/Math/XMLSchema/mathml2/mathml2.xsd" identifier="uu-Cronbach's-alpha-010-nl-qti_110872824_section_1_item_1_schoice" title="1" adaptive="false" timeDependent="false" xmlns="http://www.imsglobal.org/xsd/imsqti_v2p1" xmlns:xsi="http://www.w3.org/2001/XMLSchema-instance">
<responseDeclaration identifier="uu-Cronbach's-alpha-010-nl-qti_110872824_section_1_item_1_schoice_RESPONSE_1_5320310" cardinality="single" baseType="identifier">
<correctResponse>
<value>uu-Cronbach's-alpha-010-nl-qti_110872824_section_1_item_1_schoice_1_1166223857</value>
</correctResponse>
<mapping defaultValue="0" lowerBound="0.0">
<mapEntry mapKey="uu-Cronbach&apos;s-alpha-010-nl-qti_110872824_section_1_item_1_schoice_1_1166223857" mappedValue="1"/>
<mapEntry mapKey="uu-Cronbach&apos;s-alpha-010-nl-qti_110872824_section_1_item_1_schoice_2_4068495899" mappedValue="0"/>
<mapEntry mapKey="uu-Cronbach&apos;s-alpha-010-nl-qti_110872824_section_1_item_1_schoice_3_2169764357" mappedValue="0"/>
<mapEntry mapKey="uu-Cronbach&apos;s-alpha-010-nl-qti_110872824_section_1_item_1_schoice_4_7536655347" mappedValue="0"/>
</mapping>
</responseDeclaration>
<outcomeDeclaration identifier="SCORE" cardinality="single" baseType="float" normalMaximum="1" normalMinimum="0">
<defaultValue>
<value>0.0</value>
</defaultValue>
</outcomeDeclaration>
<outcomeDeclaration identifier="MAXSCORE" cardinality="single" baseType="float">
<defaultValue>
<value>1</value>
</defaultValue>
</outcomeDeclaration>
<outcomeDeclaration identifier="FEEDBACKBASIC" cardinality="single" baseType="identifier" view="testConstructor">
<defaultValue>
<value>empty</value>
</defaultValue>
</outcomeDeclaration>
<outcomeDeclaration identifier="FEEDBACKMODAL" cardinality="multiple" baseType="identifier" view="testConstructor"/>
<outcomeDeclaration identifier="SOLUTIONMODAL" cardinality="single" baseType="identifier" view="testConstructor"/>
<outcomeDeclaration identifier="MINSCORE" cardinality="single" baseType="float">
<defaultValue>
<value baseType="float">0</value>
</defaultValue>
</outcomeDeclaration>
<outcomeDeclaration identifier="SCORE_RESPONSE_1" cardinality="single" baseType="float">
<defaultValue>
<value>0.0</value>
</defaultValue>
</outcomeDeclaration>
<outcomeDeclaration identifier="MINSCORE_RESPONSE_1" cardinality="single" baseType="float">
<defaultValue>
<value>0.0</value>
</defaultValue>
</outcomeDeclaration>
<itemBody>
<p>Daan heeft een vragenlijst van tien vragen aan een steekproef van 100 mensen gegeven. Hij denkt het construct “eenzaamheid” te meten. Hij voert een betrouwbaarheidsanalyse uit. Deel van de SPSS output staat hieronder.</p>
<p><img src="uu-Cronbach&#39;s-alpha-010-nl-tabel.jpg" />
Welk item komt als eerste in aanmerking voor verwijdering?</p>
<choiceInteraction responseIdentifier="uu-Cronbach's-alpha-010-nl-qti_110872824_section_1_item_1_schoice_RESPONSE_1_5320310" shuffle="false" maxChoices="1">
<simpleChoice identifier="uu-Cronbach's-alpha-010-nl-qti_110872824_section_1_item_1_schoice_1_1166223857">
<p>
 Item 5
</p>
</simpleChoice>
<simpleChoice identifier="uu-Cronbach's-alpha-010-nl-qti_110872824_section_1_item_1_schoice_2_4068495899">
<p>
 Item 6
</p>
</simpleChoice>
<simpleChoice identifier="uu-Cronbach's-alpha-010-nl-qti_110872824_section_1_item_1_schoice_3_2169764357">
<p>
 Item 9
</p>
</simpleChoice>
<simpleChoice identifier="uu-Cronbach's-alpha-010-nl-qti_110872824_section_1_item_1_schoice_4_7536655347">
<p>
 Item 5 en 9
</p>
</simpleChoice>
</choiceInteraction>
</itemBody>
<responseProcessing>
<setOutcomeValue identifier="SCORE_RESPONSE_1">
<sum>
<variable identifier="SCORE_RESPONSE_1"/>
<mapResponse identifier="uu-Cronbach's-alpha-010-nl-qti_110872824_section_1_item_1_schoice_RESPONSE_1_5320310"/>
</sum>
</setOutcomeValue>
<responseCondition>
<responseIf>
<lt>
<variable identifier="SCORE_RESPONSE_1"/>
<variable identifier="MINSCORE_RESPONSE_1"/>
</lt>
<setOutcomeValue identifier="SCORE_RESPONSE_1">
<variable identifier="MINSCORE_RESPONSE_1"/>
</setOutcomeValue>
</responseIf>
</responseCondition>
<responseCondition>
<responseIf>
<isNull>
<variable identifier="uu-Cronbach's-alpha-010-nl-qti_110872824_section_1_item_1_schoice_RESPONSE_1_5320310"/>
</isNull>
<setOutcomeValue identifier="SCORE_RESPONSE_1">
<sum>
<variable identifier="SCORE_RESPONSE_1"/>
<baseValue baseType="float">0</baseValue>
</sum>
</setOutcomeValue>
</responseIf>
</responseCondition>
<setOutcomeValue identifier="SCORE">
<sum>
<variable identifier="SCORE_RESPONSE_1"/>
</sum>
</setOutcomeValue>
<responseCondition>
<responseIf>
<lt>
<variable identifier="SCORE"/>
<variable identifier="MINSCORE"/>
</lt>
<setOutcomeValue identifier="SCORE">
<variable identifier="MINSCORE"/>
</setOutcomeValue>
</responseIf>
</responseCondition>
<responseCondition>
<responseIf>
<lt>
<variable identifier="SCORE"/>
<baseValue baseType="float">1</baseValue>
</lt>
<setOutcomeValue identifier="FEEDBACKMODAL">
<multiple>
<variable identifier="FEEDBACKMODAL"/>
<baseValue baseType="identifier">Feedback359584228</baseValue>
</multiple>
</setOutcomeValue>
</responseIf>
</responseCondition>
</responseProcessing>
<modalFeedback identifier="Feedback359584228" outcomeIdentifier="FEEDBACKMODAL" showHide="show">
<ul>
<li> Item 5 <br /> Goed </li>
<li> Item 6 <br /> Bij welk item is de item-total correlation het laagst? </li>
<li> Item 9 <br /> Bij welk item is de item-total correlation het laagst? </li>
<li> Item 5 en 9 <br /> Bij welk item is de item-total correlation het laagst? </li>
</ul>
</modalFeedback>
</assessmentItem>
