<?xml version="1.0" encoding="UTF-8"?>
<assessmentItem xsi:schemaLocation="http://www.imsglobal.org/xsd/imsqti_v2p1 http://www.imsglobal.org/xsd/qti/qtiv2p1/imsqti_v2p1p1.xsd http://www.w3.org/1998/Math/MathML http://www.w3.org/Math/XMLSchema/mathml2/mathml2.xsd" identifier="vufsw-simplelinearregression-1216-en_554849860_section_1_item_1_schoice" title="1" adaptive="false" timeDependent="false" xmlns="http://www.imsglobal.org/xsd/imsqti_v2p1" xmlns:xsi="http://www.w3.org/2001/XMLSchema-instance">
<responseDeclaration identifier="vufsw-simplelinearregression-1216-en_554849860_section_1_item_1_schoice_RESPONSE_1_4577344" cardinality="single" baseType="identifier">
<correctResponse>
<value>vufsw-simplelinearregression-1216-en_554849860_section_1_item_1_schoice_1_3548909829</value>
</correctResponse>
<mapping defaultValue="0" lowerBound="0.0">
<mapEntry mapKey="vufsw-simplelinearregression-1216-en_554849860_section_1_item_1_schoice_1_3548909829" mappedValue="1"/>
<mapEntry mapKey="vufsw-simplelinearregression-1216-en_554849860_section_1_item_1_schoice_2_5232481601" mappedValue="0"/>
<mapEntry mapKey="vufsw-simplelinearregression-1216-en_554849860_section_1_item_1_schoice_3_4897393321" mappedValue="0"/>
<mapEntry mapKey="vufsw-simplelinearregression-1216-en_554849860_section_1_item_1_schoice_4_1937930660" mappedValue="0"/>
</mapping>
</responseDeclaration>
<outcomeDeclaration identifier="SCORE" cardinality="single" baseType="float" normalMaximum="1" normalMinimum="0">
<defaultValue>
<value>0.0</value>
</defaultValue>
</outcomeDeclaration>
<outcomeDeclaration identifier="MAXSCORE" cardinality="single" baseType="float">
<defaultValue>
<value>1</value>
</defaultValue>
</outcomeDeclaration>
<outcomeDeclaration identifier="FEEDBACKBASIC" cardinality="single" baseType="identifier" view="testConstructor">
<defaultValue>
<value>empty</value>
</defaultValue>
</outcomeDeclaration>
<outcomeDeclaration identifier="FEEDBACKMODAL" cardinality="multiple" baseType="identifier" view="testConstructor"/>
<outcomeDeclaration identifier="MINSCORE" cardinality="single" baseType="float">
<defaultValue>
<value baseType="float">0</value>
</defaultValue>
</outcomeDeclaration>
<outcomeDeclaration identifier="SCORE_RESPONSE_1" cardinality="single" baseType="float">
<defaultValue>
<value>0.0</value>
</defaultValue>
</outcomeDeclaration>
<outcomeDeclaration identifier="MINSCORE_RESPONSE_1" cardinality="single" baseType="float">
<defaultValue>
<value>0.0</value>
</defaultValue>
</outcomeDeclaration>
<itemBody>
<p>We run a bivariate regression with<strong> occupational prestige</strong> as
dependent variable and <strong>income</strong> (measured in euros) as independent
variable. Which statement(s) is/are true?<br />
 <br />
I     The constant represents the average occupational prestige in the
sample.<br />
II    The slope of income represents the average change in occupational
prestige when the individual earns 1 extra euro.</p>
<choiceInteraction responseIdentifier="vufsw-simplelinearregression-1216-en_554849860_section_1_item_1_schoice_RESPONSE_1_4577344" shuffle="false" maxChoices="1">
<simpleChoice identifier="vufsw-simplelinearregression-1216-en_554849860_section_1_item_1_schoice_1_3548909829">
<p>
a. Statement I is false and statement II is true.
</p>
</simpleChoice>
<simpleChoice identifier="vufsw-simplelinearregression-1216-en_554849860_section_1_item_1_schoice_2_5232481601">
<p>
b. Statement I is true and statement II is false.
</p>
</simpleChoice>
<simpleChoice identifier="vufsw-simplelinearregression-1216-en_554849860_section_1_item_1_schoice_3_4897393321">
<p>
c. Both statements I and II are false.
</p>
</simpleChoice>
<simpleChoice identifier="vufsw-simplelinearregression-1216-en_554849860_section_1_item_1_schoice_4_1937930660">
<p>
d. Both statements I and II are true.
</p>
</simpleChoice>
</choiceInteraction>
</itemBody>
<responseProcessing>
<responseCondition>
<responseIf>
<isNull>
<variable identifier="vufsw-simplelinearregression-1216-en_554849860_section_1_item_1_schoice_RESPONSE_1_4577344"/>
</isNull>
<setOutcomeValue identifier="SCORE_RESPONSE_1">
<sum>
<variable identifier="SCORE_RESPONSE_1"/>
<baseValue baseType="float">0</baseValue>
</sum>
</setOutcomeValue>
</responseIf>
</responseCondition>
<setOutcomeValue identifier="SCORE_RESPONSE_1">
<sum>
<variable identifier="SCORE_RESPONSE_1"/>
<mapResponse identifier="vufsw-simplelinearregression-1216-en_554849860_section_1_item_1_schoice_RESPONSE_1_4577344"/>
</sum>
</setOutcomeValue>
<responseCondition>
<responseIf>
<lt>
<variable identifier="SCORE_RESPONSE_1"/>
<variable identifier="MINSCORE_RESPONSE_1"/>
</lt>
<setOutcomeValue identifier="SCORE_RESPONSE_1">
<variable identifier="MINSCORE_RESPONSE_1"/>
</setOutcomeValue>
</responseIf>
</responseCondition>
<setOutcomeValue identifier="SCORE">
<sum>
<variable identifier="SCORE_RESPONSE_1"/>
</sum>
</setOutcomeValue>
<responseCondition>
<responseIf>
<lt>
<variable identifier="SCORE"/>
<variable identifier="MINSCORE"/>
</lt>
<setOutcomeValue identifier="SCORE">
<variable identifier="MINSCORE"/>
</setOutcomeValue>
</responseIf>
</responseCondition>
<responseCondition>
<responseIf>
<lt>
<variable identifier="SCORE"/>
<baseValue baseType="float">1</baseValue>
</lt>
<setOutcomeValue identifier="FEEDBACKMODAL">
<multiple>
<variable identifier="FEEDBACKMODAL"/>
<baseValue baseType="identifier">Feedback210832756</baseValue>
</multiple>
</setOutcomeValue>
</responseIf>
</responseCondition>
</responseProcessing>
<modalFeedback identifier="Feedback210832756" outcomeIdentifier="FEEDBACKMODAL" showHide="show">
<ol type = "a">
<li> Statement I is false and statement II is true. <br /> True </li>
<li> Statement I is true and statement II is false. <br /> False </li>
<li> Both statements I and II are false. <br /> False </li>
<li> Both statements I and II are true. <br /> False </li>
</ol>
</modalFeedback>
</assessmentItem>
