<?xml version="1.0" encoding="UTF-8"?>
<assessmentItem xsi:schemaLocation="http://www.imsglobal.org/xsd/imsqti_v2p1 http://www.imsglobal.org/xsd/qti/qtiv2p1/imsqti_v2p1p1.xsd http://www.w3.org/1998/Math/MathML http://www.w3.org/Math/XMLSchema/mathml2/mathml2.xsd" identifier="uva-median-264-nl-qti_198643472_section_1_item_1_schoice" title="1" adaptive="false" timeDependent="false" xmlns="http://www.imsglobal.org/xsd/imsqti_v2p1" xmlns:xsi="http://www.w3.org/2001/XMLSchema-instance">
<responseDeclaration identifier="uva-median-264-nl-qti_198643472_section_1_item_1_schoice_RESPONSE_1_8862476" cardinality="single" baseType="identifier">
<correctResponse>
<value>uva-median-264-nl-qti_198643472_section_1_item_1_schoice_2_3459665729</value>
</correctResponse>
<mapping defaultValue="0" lowerBound="0.0">
<mapEntry mapKey="uva-median-264-nl-qti_198643472_section_1_item_1_schoice_1_3543620282" mappedValue="0"/>
<mapEntry mapKey="uva-median-264-nl-qti_198643472_section_1_item_1_schoice_2_3459665729" mappedValue="1"/>
<mapEntry mapKey="uva-median-264-nl-qti_198643472_section_1_item_1_schoice_3_6433759898" mappedValue="0"/>
<mapEntry mapKey="uva-median-264-nl-qti_198643472_section_1_item_1_schoice_4_1514405108" mappedValue="0"/>
</mapping>
</responseDeclaration>
<outcomeDeclaration identifier="SCORE" cardinality="single" baseType="float" normalMaximum="1" normalMinimum="0">
<defaultValue>
<value>0.0</value>
</defaultValue>
</outcomeDeclaration>
<outcomeDeclaration identifier="MAXSCORE" cardinality="single" baseType="float">
<defaultValue>
<value>1</value>
</defaultValue>
</outcomeDeclaration>
<outcomeDeclaration identifier="FEEDBACKBASIC" cardinality="single" baseType="identifier" view="testConstructor">
<defaultValue>
<value>empty</value>
</defaultValue>
</outcomeDeclaration>
<outcomeDeclaration identifier="FEEDBACKMODAL" cardinality="multiple" baseType="identifier" view="testConstructor"/>
<outcomeDeclaration identifier="SOLUTIONMODAL" cardinality="single" baseType="identifier" view="testConstructor"/>
<outcomeDeclaration identifier="MINSCORE" cardinality="single" baseType="float">
<defaultValue>
<value baseType="float">0</value>
</defaultValue>
</outcomeDeclaration>
<outcomeDeclaration identifier="SCORE_RESPONSE_1" cardinality="single" baseType="float">
<defaultValue>
<value>0.0</value>
</defaultValue>
</outcomeDeclaration>
<outcomeDeclaration identifier="MINSCORE_RESPONSE_1" cardinality="single" baseType="float">
<defaultValue>
<value>0.0</value>
</defaultValue>
</outcomeDeclaration>
<itemBody>
<p>Van 60 personen is gedurende een maand bijgehouden hoeveel sigaretten
zij (afgerond) dagelijks roken. De resultaten staan in onderstaande
frequentietabel</p>
<table>
<tbody>
<tr class="odd">
<td align="left">Sigaretten</td>
<td align="left">0</td>
<td align="left">1</td>
<td align="left">2</td>
<td align="left">3</td>
<td align="left">4</td>
<td align="left">5</td>
<td align="left">7</td>
<td align="left">10</td>
<td align="left">12</td>
<td align="left">15</td>
<td align="left">20</td>
<td align="left">30</td>
<td align="left">Totaal</td>
</tr>
<tr class="even">
<td align="left">Frequentie</td>
<td align="left">36</td>
<td align="left">4</td>
<td align="left">3</td>
<td align="left">3</td>
<td align="left">4</td>
<td align="left">2</td>
<td align="left">1</td>
<td align="left">2</td>
<td align="left">1</td>
<td align="left">2</td>
<td align="left">1</td>
<td align="left">1</td>
<td align="left">60</td>
</tr>
</tbody>
</table>
<p>Voor de mediaan en modus van deze getallen geldt:</p>
<choiceInteraction responseIdentifier="uva-median-264-nl-qti_198643472_section_1_item_1_schoice_RESPONSE_1_8862476" shuffle="false" maxChoices="1">
<simpleChoice identifier="uva-median-264-nl-qti_198643472_section_1_item_1_schoice_1_3543620282">
<p>
 De mediaan is groter dan de modus
</p>
</simpleChoice>
<simpleChoice identifier="uva-median-264-nl-qti_198643472_section_1_item_1_schoice_2_3459665729">
<p>
 De mediaan en modus zijn even groot
</p>
</simpleChoice>
<simpleChoice identifier="uva-median-264-nl-qti_198643472_section_1_item_1_schoice_3_6433759898">
<p>
 De mediaan is kleiner dan de modus
</p>
</simpleChoice>
<simpleChoice identifier="uva-median-264-nl-qti_198643472_section_1_item_1_schoice_4_1514405108">
<p>
 De mediaan en modus kunnen niet worden vergeleken
</p>
</simpleChoice>
</choiceInteraction>
</itemBody>
<responseProcessing>
<setOutcomeValue identifier="SCORE_RESPONSE_1">
<sum>
<variable identifier="SCORE_RESPONSE_1"/>
<mapResponse identifier="uva-median-264-nl-qti_198643472_section_1_item_1_schoice_RESPONSE_1_8862476"/>
</sum>
</setOutcomeValue>
<responseCondition>
<responseIf>
<lt>
<variable identifier="SCORE_RESPONSE_1"/>
<variable identifier="MINSCORE_RESPONSE_1"/>
</lt>
<setOutcomeValue identifier="SCORE_RESPONSE_1">
<variable identifier="MINSCORE_RESPONSE_1"/>
</setOutcomeValue>
</responseIf>
</responseCondition>
<responseCondition>
<responseIf>
<isNull>
<variable identifier="uva-median-264-nl-qti_198643472_section_1_item_1_schoice_RESPONSE_1_8862476"/>
</isNull>
<setOutcomeValue identifier="SCORE_RESPONSE_1">
<sum>
<variable identifier="SCORE_RESPONSE_1"/>
<baseValue baseType="float">0</baseValue>
</sum>
</setOutcomeValue>
</responseIf>
</responseCondition>
<setOutcomeValue identifier="SCORE">
<sum>
<variable identifier="SCORE_RESPONSE_1"/>
</sum>
</setOutcomeValue>
<responseCondition>
<responseIf>
<lt>
<variable identifier="SCORE"/>
<variable identifier="MINSCORE"/>
</lt>
<setOutcomeValue identifier="SCORE">
<variable identifier="MINSCORE"/>
</setOutcomeValue>
</responseIf>
</responseCondition>
<responseCondition>
<responseIf>
<lt>
<variable identifier="SCORE"/>
<baseValue baseType="float">1</baseValue>
</lt>
<setOutcomeValue identifier="FEEDBACKMODAL">
<multiple>
<variable identifier="FEEDBACKMODAL"/>
<baseValue baseType="identifier">Feedback928181635</baseValue>
</multiple>
</setOutcomeValue>
</responseIf>
</responseCondition>
</responseProcessing>
<modalFeedback identifier="Feedback928181635" outcomeIdentifier="FEEDBACKMODAL" showHide="show">
<ul>
<li> De mediaan is groter dan de modus <br /> De mediaan is groter dan de modus: Incorrect </li>
<li> De mediaan en modus zijn even groot <br /> De mediaan en modus zijn even groot: Correct </li>
<li> De mediaan is kleiner dan de modus <br /> De mediaan is kleiner dan de modus: Incorrect </li>
<li> De mediaan en modus kunnen niet worden vergeleken <br /> De mediaan en modus kunnen niet worden vergeleken: Incorrect </li>
</ul>
</modalFeedback>
</assessmentItem>
