<?xml version="1.0" encoding="UTF-8"?>
<assessmentItem xsi:schemaLocation="http://www.imsglobal.org/xsd/imsqti_v2p1 http://www.imsglobal.org/xsd/qti/qtiv2p1/imsqti_v2p1p1.xsd http://www.w3.org/1998/Math/MathML http://www.w3.org/Math/XMLSchema/mathml2/mathml2.xsd" identifier="uva-paired-samples-595-en-qti_939523561_section_1_item_1_schoice" title="1" adaptive="false" timeDependent="false" xmlns="http://www.imsglobal.org/xsd/imsqti_v2p1" xmlns:xsi="http://www.w3.org/2001/XMLSchema-instance">
<responseDeclaration identifier="uva-paired-samples-595-en-qti_939523561_section_1_item_1_schoice_RESPONSE_1_8264471" cardinality="single" baseType="identifier">
<correctResponse>
<value>uva-paired-samples-595-en-qti_939523561_section_1_item_1_schoice_3_5007378595</value>
</correctResponse>
<mapping defaultValue="0" lowerBound="0.0">
<mapEntry mapKey="uva-paired-samples-595-en-qti_939523561_section_1_item_1_schoice_1_7576646500" mappedValue="0"/>
<mapEntry mapKey="uva-paired-samples-595-en-qti_939523561_section_1_item_1_schoice_2_7299656264" mappedValue="0"/>
<mapEntry mapKey="uva-paired-samples-595-en-qti_939523561_section_1_item_1_schoice_3_5007378595" mappedValue="1"/>
<mapEntry mapKey="uva-paired-samples-595-en-qti_939523561_section_1_item_1_schoice_4_9366917538" mappedValue="0"/>
</mapping>
</responseDeclaration>
<outcomeDeclaration identifier="SCORE" cardinality="single" baseType="float" normalMaximum="1" normalMinimum="0">
<defaultValue>
<value>0.0</value>
</defaultValue>
</outcomeDeclaration>
<outcomeDeclaration identifier="MAXSCORE" cardinality="single" baseType="float">
<defaultValue>
<value>1</value>
</defaultValue>
</outcomeDeclaration>
<outcomeDeclaration identifier="FEEDBACKBASIC" cardinality="single" baseType="identifier" view="testConstructor">
<defaultValue>
<value>empty</value>
</defaultValue>
</outcomeDeclaration>
<outcomeDeclaration identifier="FEEDBACKMODAL" cardinality="multiple" baseType="identifier" view="testConstructor"/>
<outcomeDeclaration identifier="SOLUTIONMODAL" cardinality="single" baseType="identifier" view="testConstructor"/>
<outcomeDeclaration identifier="MINSCORE" cardinality="single" baseType="float">
<defaultValue>
<value baseType="float">0</value>
</defaultValue>
</outcomeDeclaration>
<outcomeDeclaration identifier="SCORE_RESPONSE_1" cardinality="single" baseType="float">
<defaultValue>
<value>0.0</value>
</defaultValue>
</outcomeDeclaration>
<outcomeDeclaration identifier="MINSCORE_RESPONSE_1" cardinality="single" baseType="float">
<defaultValue>
<value>0.0</value>
</defaultValue>
</outcomeDeclaration>
<itemBody>
<p>From a randomly drawn sample of 7 individuals, the length of the left and right arms was measured (in cm.):</p>
<p>———— —- —- —- —- —- —- —- left arm 68 67 70 79 65 70 75 right arm 69 76 69 80 66 73 76 ———— —- —- —- —- —- —- —-</p>
<p>We want keys H<sub>0</sub>: μ(left) - μ(right) = 0. counter H<sub>1</sub>: μ(left) - μ(right) &lt; 0. Give the critical value of the one-sided test with risk 0.05.</p>
<choiceInteraction responseIdentifier="uva-paired-samples-595-en-qti_939523561_section_1_item_1_schoice_RESPONSE_1_8264471" shuffle="false" maxChoices="1">
<simpleChoice identifier="uva-paired-samples-595-en-qti_939523561_section_1_item_1_schoice_1_7576646500">
<p>
 2.44
</p>
</simpleChoice>
<simpleChoice identifier="uva-paired-samples-595-en-qti_939523561_section_1_item_1_schoice_2_7299656264">
<p>
 1.78
</p>
</simpleChoice>
<simpleChoice identifier="uva-paired-samples-595-en-qti_939523561_section_1_item_1_schoice_3_5007378595">
<p>
 -1.75
</p>
</simpleChoice>
<simpleChoice identifier="uva-paired-samples-595-en-qti_939523561_section_1_item_1_schoice_4_9366917538">
<p>
 -2.18
</p>
</simpleChoice>
</choiceInteraction>
</itemBody>
<responseProcessing>
<setOutcomeValue identifier="SCORE_RESPONSE_1">
<sum>
<variable identifier="SCORE_RESPONSE_1"/>
<mapResponse identifier="uva-paired-samples-595-en-qti_939523561_section_1_item_1_schoice_RESPONSE_1_8264471"/>
</sum>
</setOutcomeValue>
<responseCondition>
<responseIf>
<lt>
<variable identifier="SCORE_RESPONSE_1"/>
<variable identifier="MINSCORE_RESPONSE_1"/>
</lt>
<setOutcomeValue identifier="SCORE_RESPONSE_1">
<variable identifier="MINSCORE_RESPONSE_1"/>
</setOutcomeValue>
</responseIf>
</responseCondition>
<responseCondition>
<responseIf>
<isNull>
<variable identifier="uva-paired-samples-595-en-qti_939523561_section_1_item_1_schoice_RESPONSE_1_8264471"/>
</isNull>
<setOutcomeValue identifier="SCORE_RESPONSE_1">
<sum>
<variable identifier="SCORE_RESPONSE_1"/>
<baseValue baseType="float">0</baseValue>
</sum>
</setOutcomeValue>
</responseIf>
</responseCondition>
<setOutcomeValue identifier="SCORE">
<sum>
<variable identifier="SCORE_RESPONSE_1"/>
</sum>
</setOutcomeValue>
<responseCondition>
<responseIf>
<lt>
<variable identifier="SCORE"/>
<variable identifier="MINSCORE"/>
</lt>
<setOutcomeValue identifier="SCORE">
<variable identifier="MINSCORE"/>
</setOutcomeValue>
</responseIf>
</responseCondition>
<responseCondition>
<responseIf>
<lt>
<variable identifier="SCORE"/>
<baseValue baseType="float">1</baseValue>
</lt>
<setOutcomeValue identifier="FEEDBACKMODAL">
<multiple>
<variable identifier="FEEDBACKMODAL"/>
<baseValue baseType="identifier">Feedback610861126</baseValue>
</multiple>
</setOutcomeValue>
</responseIf>
</responseCondition>
</responseProcessing>
<modalFeedback identifier="Feedback610861126" outcomeIdentifier="FEEDBACKMODAL" showHide="show">
<ul>
<li> 2.44 <br /> 2.44: Incorrect </li>
<li> 1.78 <br /> 1.78: Incorrect </li>
<li> -1.75 <br /> 1.75: Correct </li>
<li> -2.18 <br /> 2.18: Incorrect </li>
</ul>
</modalFeedback>
</assessmentItem>
