<?xml version="1.0" encoding="UTF-8"?>
<assessmentItem xsi:schemaLocation="http://www.imsglobal.org/xsd/imsqti_v2p1 http://www.imsglobal.org/xsd/qti/qtiv2p1/imsqti_v2p1p1.xsd http://www.w3.org/1998/Math/MathML http://www.w3.org/Math/XMLSchema/mathml2/mathml2.xsd" identifier="vufgb-rsquared-012-nl-ans_876399418_section_1_item_1_schoice" title="Inferential_Statistics_vufgb-rsquared-012-nl_vufgb-rsquared-012-nl_schoice_1" adaptive="false" timeDependent="false" xmlns="http://www.imsglobal.org/xsd/imsqti_v2p1" xmlns:xsi="http://www.w3.org/2001/XMLSchema-instance">
<responseDeclaration identifier="vufgb-rsquared-012-nl-ans_876399418_section_1_item_1_schoice_RESPONSE_1_1882976" cardinality="single" baseType="identifier">
<correctResponse>
<value>vufgb-rsquared-012-nl-ans_876399418_section_1_item_1_schoice_4_6665537164</value>
</correctResponse>
<mapping defaultValue="0" lowerBound="0.0">
<mapEntry mapKey="vufgb-rsquared-012-nl-ans_876399418_section_1_item_1_schoice_1_8934354212" mappedValue="0"/>
<mapEntry mapKey="vufgb-rsquared-012-nl-ans_876399418_section_1_item_1_schoice_2_1370146138" mappedValue="0"/>
<mapEntry mapKey="vufgb-rsquared-012-nl-ans_876399418_section_1_item_1_schoice_3_4992265552" mappedValue="0"/>
<mapEntry mapKey="vufgb-rsquared-012-nl-ans_876399418_section_1_item_1_schoice_4_6665537164" mappedValue="1"/>
</mapping>
</responseDeclaration>
<outcomeDeclaration identifier="SCORE" cardinality="single" baseType="float" normalMaximum="1" normalMinimum="0">
<defaultValue>
<value>0.0</value>
</defaultValue>
</outcomeDeclaration>
<outcomeDeclaration identifier="MAXSCORE" cardinality="single" baseType="float">
<defaultValue>
<value>1</value>
</defaultValue>
</outcomeDeclaration>
<outcomeDeclaration identifier="FEEDBACKBASIC" cardinality="single" baseType="identifier" view="testConstructor">
<defaultValue>
<value>empty</value>
</defaultValue>
</outcomeDeclaration>
<outcomeDeclaration identifier="FEEDBACKMODAL" cardinality="multiple" baseType="identifier" view="testConstructor"/>
<outcomeDeclaration identifier="SOLUTIONMODAL" cardinality="single" baseType="identifier" view="testConstructor"/>
<outcomeDeclaration identifier="MINSCORE" cardinality="single" baseType="float">
<defaultValue>
<value baseType="float">0</value>
</defaultValue>
</outcomeDeclaration>
<outcomeDeclaration identifier="SCORE_RESPONSE_1" cardinality="single" baseType="float">
<defaultValue>
<value>0.0</value>
</defaultValue>
</outcomeDeclaration>
<outcomeDeclaration identifier="MINSCORE_RESPONSE_1" cardinality="single" baseType="float">
<defaultValue>
<value>0.0</value>
</defaultValue>
</outcomeDeclaration>
<itemBody>
<p>Vul aan.</p>
<p>De coefficient of multiple determination loopt tussen … en 1 en is 1 als SSE … is.</p>
<choiceInteraction responseIdentifier="vufgb-rsquared-012-nl-ans_876399418_section_1_item_1_schoice_RESPONSE_1_1882976" shuffle="false" maxChoices="1">
<simpleChoice identifier="vufgb-rsquared-012-nl-ans_876399418_section_1_item_1_schoice_1_8934354212">
<p>
 -1; 0
</p>
</simpleChoice>
<simpleChoice identifier="vufgb-rsquared-012-nl-ans_876399418_section_1_item_1_schoice_2_1370146138">
<p>
 0; 1
</p>
</simpleChoice>
<simpleChoice identifier="vufgb-rsquared-012-nl-ans_876399418_section_1_item_1_schoice_3_4992265552">
<p>
 -1; 1
</p>
</simpleChoice>
<simpleChoice identifier="vufgb-rsquared-012-nl-ans_876399418_section_1_item_1_schoice_4_6665537164">
<p>
 0; 0
</p>
</simpleChoice>
</choiceInteraction>
</itemBody>
<responseProcessing>
<setOutcomeValue identifier="SCORE_RESPONSE_1">
<sum>
<variable identifier="SCORE_RESPONSE_1"/>
<mapResponse identifier="vufgb-rsquared-012-nl-ans_876399418_section_1_item_1_schoice_RESPONSE_1_1882976"/>
</sum>
</setOutcomeValue>
<responseCondition>
<responseIf>
<lt>
<variable identifier="SCORE_RESPONSE_1"/>
<variable identifier="MINSCORE_RESPONSE_1"/>
</lt>
<setOutcomeValue identifier="SCORE_RESPONSE_1">
<variable identifier="MINSCORE_RESPONSE_1"/>
</setOutcomeValue>
</responseIf>
</responseCondition>
<responseCondition>
<responseIf>
<isNull>
<variable identifier="vufgb-rsquared-012-nl-ans_876399418_section_1_item_1_schoice_RESPONSE_1_1882976"/>
</isNull>
<setOutcomeValue identifier="SCORE_RESPONSE_1">
<sum>
<variable identifier="SCORE_RESPONSE_1"/>
<baseValue baseType="float">0</baseValue>
</sum>
</setOutcomeValue>
</responseIf>
</responseCondition>
<setOutcomeValue identifier="SCORE">
<sum>
<variable identifier="SCORE_RESPONSE_1"/>
</sum>
</setOutcomeValue>
<responseCondition>
<responseIf>
<lt>
<variable identifier="SCORE"/>
<variable identifier="MINSCORE"/>
</lt>
<setOutcomeValue identifier="SCORE">
<variable identifier="MINSCORE"/>
</setOutcomeValue>
</responseIf>
</responseCondition>
<responseCondition>
<responseIf>
<lt>
<variable identifier="SCORE"/>
<baseValue baseType="float">1</baseValue>
</lt>
<setOutcomeValue identifier="FEEDBACKMODAL">
<multiple>
<variable identifier="FEEDBACKMODAL"/>
<baseValue baseType="identifier">Feedback822550415</baseValue>
</multiple>
</setOutcomeValue>
</responseIf>
</responseCondition>
</responseProcessing>
<modalFeedback outcomeIdentifier="FEEDBACK" showHide="show" identifier="incorrect">
<ul>
<li> -1; 0 <br /> Incorrect </li>
<li> 0; 1 <br /> Incorrect </li>
<li> -1; 1 <br /> Incorrect </li>
<li> 0; 0 <br /> Correct </li>
</ul>
</modalFeedback>
</assessmentItem>
