<?xml version="1.0" encoding="UTF-8"?>
<assessmentItem xsi:schemaLocation="http://www.imsglobal.org/xsd/imsqti_v2p1 http://www.imsglobal.org/xsd/qti/qtiv2p1/imsqti_v2p1p1.xsd http://www.w3.org/1998/Math/MathML http://www.w3.org/Math/XMLSchema/mathml2/mathml2.xsd" identifier="uva-conditional-probability-559-nl-ans_221913077_section_1_item_1_schoice" title="Probability_uva-conditional-probability-559-nl_uva-conditional-probability-559-nl_schoice_1" adaptive="false" timeDependent="false" xmlns="http://www.imsglobal.org/xsd/imsqti_v2p1" xmlns:xsi="http://www.w3.org/2001/XMLSchema-instance">
<responseDeclaration identifier="uva-conditional-probability-559-nl-ans_221913077_section_1_item_1_schoice_RESPONSE_1_3632954" cardinality="single" baseType="identifier">
<correctResponse>
<value>uva-conditional-probability-559-nl-ans_221913077_section_1_item_1_schoice_4_5026583251</value>
</correctResponse>
<mapping defaultValue="0" lowerBound="0.0">
<mapEntry mapKey="uva-conditional-probability-559-nl-ans_221913077_section_1_item_1_schoice_1_1665001722" mappedValue="0"/>
<mapEntry mapKey="uva-conditional-probability-559-nl-ans_221913077_section_1_item_1_schoice_2_1046511520" mappedValue="0"/>
<mapEntry mapKey="uva-conditional-probability-559-nl-ans_221913077_section_1_item_1_schoice_3_4039547256" mappedValue="0"/>
<mapEntry mapKey="uva-conditional-probability-559-nl-ans_221913077_section_1_item_1_schoice_4_5026583251" mappedValue="1"/>
</mapping>
</responseDeclaration>
<outcomeDeclaration identifier="SCORE" cardinality="single" baseType="float" normalMaximum="1" normalMinimum="0">
<defaultValue>
<value>0.0</value>
</defaultValue>
</outcomeDeclaration>
<outcomeDeclaration identifier="MAXSCORE" cardinality="single" baseType="float">
<defaultValue>
<value>1</value>
</defaultValue>
</outcomeDeclaration>
<outcomeDeclaration identifier="FEEDBACKBASIC" cardinality="single" baseType="identifier" view="testConstructor">
<defaultValue>
<value>empty</value>
</defaultValue>
</outcomeDeclaration>
<outcomeDeclaration identifier="FEEDBACKMODAL" cardinality="multiple" baseType="identifier" view="testConstructor"/>
<outcomeDeclaration identifier="SOLUTIONMODAL" cardinality="single" baseType="identifier" view="testConstructor"/>
<outcomeDeclaration identifier="MINSCORE" cardinality="single" baseType="float">
<defaultValue>
<value baseType="float">0</value>
</defaultValue>
</outcomeDeclaration>
<outcomeDeclaration identifier="SCORE_RESPONSE_1" cardinality="single" baseType="float">
<defaultValue>
<value>0.0</value>
</defaultValue>
</outcomeDeclaration>
<outcomeDeclaration identifier="MINSCORE_RESPONSE_1" cardinality="single" baseType="float">
<defaultValue>
<value>0.0</value>
</defaultValue>
</outcomeDeclaration>
<itemBody>
<p>In een groep van 300 personen is gekeken naar twee kenmerken. De
resultaten zijn weergegeven in de volgende kruistabel.</p>
<table>
<tbody>
<tr class="odd">
<td align="left"> </td>
<td align="left">A</td>
<td align="left">B</td>
<td align="left">C</td>
<td align="left">D</td>
</tr>
<tr class="even">
<td align="left">I</td>
<td align="left">30</td>
<td align="left">40</td>
<td align="left">80</td>
<td align="left">10</td>
</tr>
<tr class="odd">
<td align="left">II</td>
<td align="left">40</td>
<td align="left">10</td>
<td align="left">60</td>
<td align="left">30</td>
</tr>
</tbody>
</table>
<p>P(A ∪ B | I) =</p>
<choiceInteraction responseIdentifier="uva-conditional-probability-559-nl-ans_221913077_section_1_item_1_schoice_RESPONSE_1_3632954" shuffle="false" maxChoices="1">
<simpleChoice identifier="uva-conditional-probability-559-nl-ans_221913077_section_1_item_1_schoice_1_1665001722">
<p>
 0
</p>
</simpleChoice>
<simpleChoice identifier="uva-conditional-probability-559-nl-ans_221913077_section_1_item_1_schoice_2_1046511520">
<p>
 0.36
</p>
</simpleChoice>
<simpleChoice identifier="uva-conditional-probability-559-nl-ans_221913077_section_1_item_1_schoice_3_4039547256">
<p>
 0.4
</p>
</simpleChoice>
<simpleChoice identifier="uva-conditional-probability-559-nl-ans_221913077_section_1_item_1_schoice_4_5026583251">
<p>
 0.44
</p>
</simpleChoice>
</choiceInteraction>
</itemBody>
<responseProcessing>
<setOutcomeValue identifier="SCORE_RESPONSE_1">
<sum>
<variable identifier="SCORE_RESPONSE_1"/>
<mapResponse identifier="uva-conditional-probability-559-nl-ans_221913077_section_1_item_1_schoice_RESPONSE_1_3632954"/>
</sum>
</setOutcomeValue>
<responseCondition>
<responseIf>
<lt>
<variable identifier="SCORE_RESPONSE_1"/>
<variable identifier="MINSCORE_RESPONSE_1"/>
</lt>
<setOutcomeValue identifier="SCORE_RESPONSE_1">
<variable identifier="MINSCORE_RESPONSE_1"/>
</setOutcomeValue>
</responseIf>
</responseCondition>
<responseCondition>
<responseIf>
<isNull>
<variable identifier="uva-conditional-probability-559-nl-ans_221913077_section_1_item_1_schoice_RESPONSE_1_3632954"/>
</isNull>
<setOutcomeValue identifier="SCORE_RESPONSE_1">
<sum>
<variable identifier="SCORE_RESPONSE_1"/>
<baseValue baseType="float">0</baseValue>
</sum>
</setOutcomeValue>
</responseIf>
</responseCondition>
<setOutcomeValue identifier="SCORE">
<sum>
<variable identifier="SCORE_RESPONSE_1"/>
</sum>
</setOutcomeValue>
<responseCondition>
<responseIf>
<lt>
<variable identifier="SCORE"/>
<variable identifier="MINSCORE"/>
</lt>
<setOutcomeValue identifier="SCORE">
<variable identifier="MINSCORE"/>
</setOutcomeValue>
</responseIf>
</responseCondition>
<responseCondition>
<responseIf>
<lt>
<variable identifier="SCORE"/>
<baseValue baseType="float">1</baseValue>
</lt>
<setOutcomeValue identifier="FEEDBACKMODAL">
<multiple>
<variable identifier="FEEDBACKMODAL"/>
<baseValue baseType="identifier">Feedback939239941</baseValue>
</multiple>
</setOutcomeValue>
</responseIf>
</responseCondition>
</responseProcessing>
<modalFeedback outcomeIdentifier="FEEDBACK" showHide="show" identifier="incorrect">
<ul>
<li> 0 <br /> 0: Incorrect </li>
<li> 0.36 <br /> 0.36: Incorrect </li>
<li> 0.4 <br /> 0.4: Incorrect </li>
<li> 0.44 <br /> 0.44: Correct </li>
</ul>
</modalFeedback>
</assessmentItem>
