<?xml version="1.0" encoding="utf-8" standalone="yes"?>
<assessmentItem identifier="uu-Twoway-ANOVA-855-en-tv_202510071724_item_1_schoice" title="uu-Twoway-ANOVA-855-en-tv_202510071724_item_1_schoice_uu-Twoway-ANOVA-855-en" adaptive="false" timeDependent="false" toolName="Testvision Online" toolVersion="39.0.9084" xmlns="http://www.imsglobal.org/xsd/imsqti_v2p1">
<responseDeclaration identifier="RESPONSE" cardinality="single" baseType="identifier">
<correctResponse>
<value>alt_562426</value>
</correctResponse>
<mapping defaultValue="0" lowerBound="0.0">
<mapEntry mapKey="alt_890867" mappedValue="-0.333333333333333"/>
<mapEntry mapKey="alt_959264" mappedValue="-0.333333333333333"/>
<mapEntry mapKey="alt_180672" mappedValue="-0.333333333333333"/>
<mapEntry mapKey="alt_562426" mappedValue="1"/>
</mapping>
</responseDeclaration>
<outcomeDeclaration identifier="SCORE" cardinality="single" baseType="float" normalMaximum="1" normalMinimum="0" />
<outcomeDeclaration identifier="FEEDBACK" cardinality="single" baseType="identifier" />
<stylesheet href="css/uu-Twoway-ANOVA-855-en-tv_202510071724_item_1_schoice.css" type="text/css" />
<itemBody>
<p>Below is the SPSS output of a study of the effects of worked examples (WORKED with 0 = no worked examples and 1 = worked examples) on students’ performance on a test (TOETS rated with a grade of 1 - 10). This also distinguished the prior knowledge students had about the topic (FORKNOWLED with 0 = little prior knowledge and 1 = a lot of prior knowledge).</p>
<p><img src="mediafiles/supplements1/uu-Twoway-ANOVA-855-nl-graph01.jpg" alt="image"/></p>
<p>Which statement about impact testing is correct (<math display="inline" xmlns="http://www.w3.org/1998/Math/MathML"><semantics><mi>α</mi><annotation encoding="application/x-tex">\alpha</annotation></semantics></math> = .05)?</p>
<choiceInteraction responseIdentifier="RESPONSE" shuffle="false" maxChoices="1">
<simpleChoice identifier="alt_890867">
<div class="textblock tvblock tvcss_1"><div class="rte_zone tveditor1">
 There is no main effect of FORKNIS on TOETS, but there is a main effect of WORKED.
</div>
</div>
</simpleChoice>
<simpleChoice identifier="alt_959264">
<div class="textblock tvblock tvcss_1"><div class="rte_zone tveditor1">
 The effect WORKED is the same for the two categories of FOReknowledge.
</div>
</div>
</simpleChoice>
<simpleChoice identifier="alt_180672">
<div class="textblock tvblock tvcss_1"><div class="rte_zone tveditor1">
 None of the above statements is correct.
</div>
</div>
</simpleChoice>
<simpleChoice identifier="alt_562426">
<div class="textblock tvblock tvcss_1"><div class="rte_zone tveditor1">
 There is a main effect of FORKNESS on TOETS, but no main effect of WORKED.
</div>
</div>
</simpleChoice>
</choiceInteraction>
</itemBody>
<responseProcessing>
<responseCondition>
<responseIf>
<isNull>
<variable identifier="RESPONSE"/>
</isNull>
<setOutcomeValue identifier="SCORE">
<baseValue baseType="float">0.0</baseValue>
</setOutcomeValue>
<setOutcomeValue identifier="FEEDBACK">
<baseValue baseType="identifier">FAILURE</baseValue>
</setOutcomeValue>
</responseIf>
<responseElse>
<setOutcomeValue identifier="SCORE">
<mapResponse identifier="RESPONSE"/>
</setOutcomeValue>
<responseCondition>
<responseIf>
<equal toleranceMode="relative" tolerance="0.001">
<variable identifier="SCORE"/>
<variable identifier="MAXSCORE"/>
</equal>
<setOutcomeValue identifier="FEEDBACK">
<baseValue baseType="identifier">ANSWER_CORRECT</baseValue>
</setOutcomeValue>
</responseIf>
<responseElse>
<setOutcomeValue identifier="FEEDBACK">
<baseValue baseType="identifier">FAILURE</baseValue>
</setOutcomeValue>
</responseElse>
</responseCondition>
</responseElse>
</responseCondition>
</responseProcessing>
<modalFeedback identifier="FAILURE" outcomeIdentifier="FEEDBACK" showHide="show">
<div class="textblock tvblock tvcss_1"><div class="rte_zone tveditor1">
</div>
</div>
</modalFeedback>
<modalFeedback identifier="ANSWER_CORRECT" outcomeIdentifier="FEEDBACK" showHide="show">
<div class="textblock tvblock tvcss_1"><div class="rte_zone tveditor1">
</div>
</div>
</modalFeedback>
<modalFeedback identifier="PARTIAL_CORRECT" outcomeIdentifier="FEEDBACK" showHide="show">
<div class="textblock tvblock tvcss_1"><div class="rte_zone tveditor1">
</div>
</div>
</modalFeedback>
</assessmentItem>
