<?xml version="1.0" encoding="utf-8" standalone="yes"?>
<assessmentItem identifier="uu-ancova-101-en-tv_202601131822_item_1_schoice" title="uu-ancova-101-en-tv_202601131822_item_1_schoice_uu-ancova-101-en" adaptive="false" timeDependent="false" toolName="Testvision Online" toolVersion="39.0.9084" xmlns="http://www.imsglobal.org/xsd/imsqti_v2p1">
<responseDeclaration identifier="RESPONSE" cardinality="single" baseType="identifier">
<correctResponse>
<value>alt_737263</value>
</correctResponse>
<mapping defaultValue="0" lowerBound="0.0">
<mapEntry mapKey="alt_398316" mappedValue="-0.333333333333333"/>
<mapEntry mapKey="alt_737263" mappedValue="1"/>
<mapEntry mapKey="alt_630122" mappedValue="-0.333333333333333"/>
<mapEntry mapKey="alt_222502" mappedValue="-0.333333333333333"/>
</mapping>
</responseDeclaration>
<outcomeDeclaration identifier="SCORE" cardinality="single" baseType="float" normalMaximum="1" normalMinimum="0" />
<outcomeDeclaration identifier="FEEDBACK" cardinality="single" baseType="identifier" />
<stylesheet href="css/uu-ancova-101-en-tv_202601131822_item_1_schoice.css" type="text/css" />
<itemBody>
<p>Two groups of adolescents differ in their average number of correct answers on a memory test. However, when corrected for reaction time, the groups do not appear to differ. There are:</p>
<choiceInteraction responseIdentifier="RESPONSE" shuffle="false" maxChoices="1">
<simpleChoice identifier="alt_398316">
<div class="textblock tvblock tvcss_1"><div class="rte_zone tveditor1">
 A suppressor effect of the covariate.
</div>
</div>
</simpleChoice>
<simpleChoice identifier="alt_737263">
<div class="textblock tvblock tvcss_1"><div class="rte_zone tveditor1">
 A spurious effect of the covariate.
</div>
</div>
</simpleChoice>
<simpleChoice identifier="alt_630122">
<div class="textblock tvblock tvcss_1"><div class="rte_zone tveditor1">
 An inverse effect by the covariate.
</div>
</div>
</simpleChoice>
<simpleChoice identifier="alt_222502">
<div class="textblock tvblock tvcss_1"><div class="rte_zone tveditor1">
 No effect of the covariate.
</div>
</div>
</simpleChoice>
</choiceInteraction>
</itemBody>
<responseProcessing>
<responseCondition>
<responseIf>
<isNull>
<variable identifier="RESPONSE"/>
</isNull>
<setOutcomeValue identifier="SCORE">
<baseValue baseType="float">0.0</baseValue>
</setOutcomeValue>
<setOutcomeValue identifier="FEEDBACK">
<baseValue baseType="identifier">FAILURE</baseValue>
</setOutcomeValue>
</responseIf>
<responseElse>
<setOutcomeValue identifier="SCORE">
<mapResponse identifier="RESPONSE"/>
</setOutcomeValue>
<responseCondition>
<responseIf>
<equal toleranceMode="relative" tolerance="0.001">
<variable identifier="SCORE"/>
<variable identifier="MAXSCORE"/>
</equal>
<setOutcomeValue identifier="FEEDBACK">
<baseValue baseType="identifier">ANSWER_CORRECT</baseValue>
</setOutcomeValue>
</responseIf>
<responseElse>
<setOutcomeValue identifier="FEEDBACK">
<baseValue baseType="identifier">FAILURE</baseValue>
</setOutcomeValue>
</responseElse>
</responseCondition>
</responseElse>
</responseCondition>
</responseProcessing>
<modalFeedback identifier="FAILURE" outcomeIdentifier="FEEDBACK" showHide="show">
<div class="textblock tvblock tvcss_1"><div class="rte_zone tveditor1">
</div>
</div>
</modalFeedback>
<modalFeedback identifier="ANSWER_CORRECT" outcomeIdentifier="FEEDBACK" showHide="show">
<div class="textblock tvblock tvcss_1"><div class="rte_zone tveditor1">
</div>
</div>
</modalFeedback>
<modalFeedback identifier="PARTIAL_CORRECT" outcomeIdentifier="FEEDBACK" showHide="show">
<div class="textblock tvblock tvcss_1"><div class="rte_zone tveditor1">
</div>
</div>
</modalFeedback>
</assessmentItem>
