<?xml version="1.0" encoding="utf-8" standalone="yes"?>
<assessmentItem identifier="uva-distribution-1877-nl-tv_202404291202_item_1_schoice" title="uva-distribution-1877-nl-tv_202404291202_item_1_schoice_uva-distribution-1877-nl" adaptive="false" timeDependent="false" toolName="Testvision Online" toolVersion="39.0.9084" xmlns="http://www.imsglobal.org/xsd/imsqti_v2p1">
<responseDeclaration identifier="RESPONSE" cardinality="single" baseType="identifier">
<correctResponse>
<value>alt_124046</value>
</correctResponse>
<mapping defaultValue="0" lowerBound="0.0">
<mapEntry mapKey="alt_882184" mappedValue="-0.333333333333333"/>
<mapEntry mapKey="alt_230320" mappedValue="-0.333333333333333"/>
<mapEntry mapKey="alt_706723" mappedValue="-0.333333333333333"/>
<mapEntry mapKey="alt_124046" mappedValue="1"/>
</mapping>
</responseDeclaration>
<outcomeDeclaration identifier="SCORE" cardinality="single" baseType="float" normalMaximum="1" normalMinimum="0" />
<outcomeDeclaration identifier="FEEDBACK" cardinality="single" baseType="identifier" />
<itemBody>
<p>Uit ieder van twee normaal verdeelde populaties met gelijke varianties
wordt een steekproef getrokken.<br />
steekproef 1: n = 15, gemiddelde = 42, sd = 12.37<br />
steekproef 2: n = 11, gemiddelde = 53, sd = 6.99<br />
De gepoolde variantieschatter heeft als waarde 109.62. Er wordt getoetst
of de populatiegemiddelden gelijk zijn. De bijbehorende
toetsingsgrootheid volgt, als de nulhypothese waar is,</p>
<choiceInteraction responseIdentifier="RESPONSE" shuffle="false" maxChoices="1">
<simpleChoice identifier="alt_882184">
<div class="textblock tvblock tvcss_1"><div class="rte_zone tveditor1">
 een T-verdeling met 26 vrijheidsgraden
</div>
</div>
</simpleChoice>
<simpleChoice identifier="alt_230320">
<div class="textblock tvblock tvcss_1"><div class="rte_zone tveditor1">
 een F-verdeling met 15 en 11 vrijheidsgraden
</div>
</div>
</simpleChoice>
<simpleChoice identifier="alt_706723">
<div class="textblock tvblock tvcss_1"><div class="rte_zone tveditor1">
 een F-verdeling met 14 en 10 vrijheidsgraden
</div>
</div>
</simpleChoice>
<simpleChoice identifier="alt_124046">
<div class="textblock tvblock tvcss_1"><div class="rte_zone tveditor1">
 een T-verdeling met 24 vrijheidsgraden
</div>
</div>
</simpleChoice>
</choiceInteraction>
</itemBody>
<responseProcessing>
<responseCondition>
<responseIf>
<isNull>
<variable identifier="RESPONSE"/>
</isNull>
<setOutcomeValue identifier="SCORE">
<baseValue baseType="float">0.0</baseValue>
</setOutcomeValue>
<setOutcomeValue identifier="FEEDBACK">
<baseValue baseType="identifier">FAILURE</baseValue>
</setOutcomeValue>
</responseIf>
<responseElse>
<setOutcomeValue identifier="SCORE">
<mapResponse identifier="RESPONSE"/>
</setOutcomeValue>
<responseCondition>
<responseIf>
<equal toleranceMode="relative" tolerance="0.001">
<variable identifier="SCORE"/>
<variable identifier="MAXSCORE"/>
</equal>
<setOutcomeValue identifier="FEEDBACK">
<baseValue baseType="identifier">ANSWER_CORRECT</baseValue>
</setOutcomeValue>
</responseIf>
<responseElse>
<setOutcomeValue identifier="FEEDBACK">
<baseValue baseType="identifier">FAILURE</baseValue>
</setOutcomeValue>
</responseElse>
</responseCondition>
</responseElse>
</responseCondition>
</responseProcessing>
<modalFeedback identifier="FAILURE" outcomeIdentifier="FEEDBACK" showHide="show">
<div class="textblock tvblock tvcss_1"><div class="rte_zone tveditor1">
<ul>
<li> een T-verdeling met 26 vrijheidsgraden <br /> een T-verdeling met 26 vrijheidsgraden: Incorrect </li>
<li> een F-verdeling met 15 en 11 vrijheidsgraden <br /> een F-verdeling met 15 en 11 vrijheidsgraden: Incorrect </li>
<li> een F-verdeling met 14 en 10 vrijheidsgraden <br /> een F-verdeling met 14 en 10 vrijheidsgraden: Incorrect </li>
<li> een T-verdeling met 24 vrijheidsgraden <br /> een T-verdeling met 24 vrijheidsgraden: Correct </li>
</ul>
</div>
</div>
</modalFeedback>
<modalFeedback identifier="ANSWER_CORRECT" outcomeIdentifier="FEEDBACK" showHide="show">
<div class="textblock tvblock tvcss_1"><div class="rte_zone tveditor1">
<ul>
<li> een T-verdeling met 26 vrijheidsgraden <br /> een T-verdeling met 26 vrijheidsgraden: Incorrect </li>
<li> een F-verdeling met 15 en 11 vrijheidsgraden <br /> een F-verdeling met 15 en 11 vrijheidsgraden: Incorrect </li>
<li> een F-verdeling met 14 en 10 vrijheidsgraden <br /> een F-verdeling met 14 en 10 vrijheidsgraden: Incorrect </li>
<li> een T-verdeling met 24 vrijheidsgraden <br /> een T-verdeling met 24 vrijheidsgraden: Correct </li>
</ul>
</div>
</div>
</modalFeedback>
<modalFeedback identifier="PARTIAL_CORRECT" outcomeIdentifier="FEEDBACK" showHide="show">
<div class="textblock tvblock tvcss_1"><div class="rte_zone tveditor1">
<ul>
<li> een T-verdeling met 26 vrijheidsgraden <br /> een T-verdeling met 26 vrijheidsgraden: Incorrect </li>
<li> een F-verdeling met 15 en 11 vrijheidsgraden <br /> een F-verdeling met 15 en 11 vrijheidsgraden: Incorrect </li>
<li> een F-verdeling met 14 en 10 vrijheidsgraden <br /> een F-verdeling met 14 en 10 vrijheidsgraden: Incorrect </li>
<li> een T-verdeling met 24 vrijheidsgraden <br /> een T-verdeling met 24 vrijheidsgraden: Correct </li>
</ul>
</div>
</div>
</modalFeedback>
</assessmentItem>
