<?xml version="1.0" encoding="UTF-8"?>
<assessmentItem xsi:schemaLocation="http://www.imsglobal.org/xsd/imsqti_v2p1 http://www.imsglobal.org/xsd/qti/qtiv2p1/imsqti_v2p1p1.xsd http://www.w3.org/1998/Math/MathML http://www.w3.org/Math/XMLSchema/mathml2/mathml2.xsd" identifier="uva-sample-mean-219-en-ans_610780878_section_1_item_1_schoice" title="Inferential_Statistics_uva-sample-mean-219-en_uva-sample-mean-219-en_schoice_1" adaptive="false" timeDependent="false" xmlns="http://www.imsglobal.org/xsd/imsqti_v2p1" xmlns:xsi="http://www.w3.org/2001/XMLSchema-instance">
<responseDeclaration identifier="uva-sample-mean-219-en-ans_610780878_section_1_item_1_schoice_RESPONSE_1_1838394" cardinality="single" baseType="identifier">
<correctResponse>
<value>uva-sample-mean-219-en-ans_610780878_section_1_item_1_schoice_1_4286626054</value>
</correctResponse>
<mapping defaultValue="0" lowerBound="0.0">
<mapEntry mapKey="uva-sample-mean-219-en-ans_610780878_section_1_item_1_schoice_1_4286626054" mappedValue="1"/>
<mapEntry mapKey="uva-sample-mean-219-en-ans_610780878_section_1_item_1_schoice_2_5305097858" mappedValue="0"/>
<mapEntry mapKey="uva-sample-mean-219-en-ans_610780878_section_1_item_1_schoice_3_7649241862" mappedValue="0"/>
</mapping>
</responseDeclaration>
<outcomeDeclaration identifier="SCORE" cardinality="single" baseType="float" normalMaximum="1" normalMinimum="0">
<defaultValue>
<value>0.0</value>
</defaultValue>
</outcomeDeclaration>
<outcomeDeclaration identifier="MAXSCORE" cardinality="single" baseType="float">
<defaultValue>
<value>1</value>
</defaultValue>
</outcomeDeclaration>
<outcomeDeclaration identifier="FEEDBACKBASIC" cardinality="single" baseType="identifier" view="testConstructor">
<defaultValue>
<value>empty</value>
</defaultValue>
</outcomeDeclaration>
<outcomeDeclaration identifier="FEEDBACKMODAL" cardinality="multiple" baseType="identifier" view="testConstructor"/>
<outcomeDeclaration identifier="SOLUTIONMODAL" cardinality="single" baseType="identifier" view="testConstructor"/>
<outcomeDeclaration identifier="MINSCORE" cardinality="single" baseType="float">
<defaultValue>
<value baseType="float">0</value>
</defaultValue>
</outcomeDeclaration>
<outcomeDeclaration identifier="SCORE_RESPONSE_1" cardinality="single" baseType="float">
<defaultValue>
<value>0.0</value>
</defaultValue>
</outcomeDeclaration>
<outcomeDeclaration identifier="MINSCORE_RESPONSE_1" cardinality="single" baseType="float">
<defaultValue>
<value>0.0</value>
</defaultValue>
</outcomeDeclaration>
<itemBody>
<p>In the population of psychology students, the variable length is normally distributed with mean μ = 175 and standard deviation σ = 6. How large is the probability that in a random sample of n = 9 students the mean height is greater than 180 cm?</p>
<choiceInteraction responseIdentifier="uva-sample-mean-219-en-ans_610780878_section_1_item_1_schoice_RESPONSE_1_1838394" shuffle="false" maxChoices="1">
<simpleChoice identifier="uva-sample-mean-219-en-ans_610780878_section_1_item_1_schoice_1_4286626054">
<p>
 0.01
</p>
</simpleChoice>
<simpleChoice identifier="uva-sample-mean-219-en-ans_610780878_section_1_item_1_schoice_2_5305097858">
<p>
 0.2
</p>
</simpleChoice>
<simpleChoice identifier="uva-sample-mean-219-en-ans_610780878_section_1_item_1_schoice_3_7649241862">
<p>
 0.8
</p>
</simpleChoice>
</choiceInteraction>
</itemBody>
<responseProcessing>
<setOutcomeValue identifier="SCORE_RESPONSE_1">
<sum>
<variable identifier="SCORE_RESPONSE_1"/>
<mapResponse identifier="uva-sample-mean-219-en-ans_610780878_section_1_item_1_schoice_RESPONSE_1_1838394"/>
</sum>
</setOutcomeValue>
<responseCondition>
<responseIf>
<lt>
<variable identifier="SCORE_RESPONSE_1"/>
<variable identifier="MINSCORE_RESPONSE_1"/>
</lt>
<setOutcomeValue identifier="SCORE_RESPONSE_1">
<variable identifier="MINSCORE_RESPONSE_1"/>
</setOutcomeValue>
</responseIf>
</responseCondition>
<responseCondition>
<responseIf>
<isNull>
<variable identifier="uva-sample-mean-219-en-ans_610780878_section_1_item_1_schoice_RESPONSE_1_1838394"/>
</isNull>
<setOutcomeValue identifier="SCORE_RESPONSE_1">
<sum>
<variable identifier="SCORE_RESPONSE_1"/>
<baseValue baseType="float">0</baseValue>
</sum>
</setOutcomeValue>
</responseIf>
</responseCondition>
<setOutcomeValue identifier="SCORE">
<sum>
<variable identifier="SCORE_RESPONSE_1"/>
</sum>
</setOutcomeValue>
<responseCondition>
<responseIf>
<lt>
<variable identifier="SCORE"/>
<variable identifier="MINSCORE"/>
</lt>
<setOutcomeValue identifier="SCORE">
<variable identifier="MINSCORE"/>
</setOutcomeValue>
</responseIf>
</responseCondition>
<responseCondition>
<responseIf>
<lt>
<variable identifier="SCORE"/>
<baseValue baseType="float">1</baseValue>
</lt>
<setOutcomeValue identifier="FEEDBACKMODAL">
<multiple>
<variable identifier="FEEDBACKMODAL"/>
<baseValue baseType="identifier">Feedback361610940</baseValue>
</multiple>
</setOutcomeValue>
</responseIf>
</responseCondition>
</responseProcessing>
<modalFeedback outcomeIdentifier="FEEDBACK" showHide="show" identifier="incorrect">
<ul>
<li> 0.01 <br /> 0.01: Correct </li>
<li> 0.2 <br /> 0.2: Incorrect </li>
<li> 0.8 <br /> 0.8: Incorrect </li>
</ul>
</modalFeedback>
</assessmentItem>
