<?xml version="1.0" encoding="UTF-8"?>
<!DOCTYPE questestinterop SYSTEM "ims_qtiasiv1p2p1.dtd">

<questestinterop xmlns="http://www.imsglobal.org/xsd/ims_qtiasiv1p2" xmlns:xsi="http://www.w3.org/2001/XMLSchema-instance" xsi:schemaLocation="http://www.imsglobal.org/xsd/ims_qtiasiv1p2 http://www.imsglobal.org/xsd/ims_qtiasiv1p2p1.xsd">
<assessment ident="uva-distribution-1853-en-canvas_129401979" title="uva-distribution-1853-en-canvas">

<qtimetadata>
<qtimetadatafield>
<fieldlabel>cc_maxattempts</fieldlabel>
<fieldentry>1</fieldentry>
</qtimetadatafield>
<qtimetadatafield>
<fieldlabel>qmd_assessmenttype</fieldlabel>
<fieldentry>Assessment</fieldentry>
</qtimetadatafield>
</qtimetadata>
<objectives>
<material>
<mattext><![CDATA[Please solve the following exercises.]]></mattext>
</material>
</objectives>
<assessmentcontrol feedbackswitch="No" hintswitch="No" solutionswitch="Yes"/>
<outcomes_processing scoremodel="SumOfScores">
<outcomes>
<decvar varname="SCORE" vartype="Decimal" cutvalue="0"/>
</outcomes>
</outcomes_processing>
<assessfeedback title="AssessmentFeedback" ident="AssessmentFeedback">
<flow_mat>
<material>
<mattext>##AssessmentFeedback##</mattext>
</material>
</flow_mat>
</assessfeedback>

<section ident="uva-distribution-1853-en-canvas_129401979_section_1" title="Exercise">

<objectives>
<material>
<mattext><![CDATA[Please answer the following question.]]></mattext>
</material>
</objectives>
<selection_ordering>
<selection>
<selection_number>1</selection_number>
<selection_extension>
<points_per_item>1</points_per_item>
</selection_extension>
</selection>
<order order_type="Random"/>
</selection_ordering>

<item ident="uva-distribution-1853-en-canvas_129401979_section_1_item_1_schoice" title="Question" maxattempts="1">
<itemcontrol feedbackswitch="No" hintswitch="No" solutionswitch="Yes"/>
<itemmetadata>
<qtimetadata>
<qtimetadatafield>
<fieldlabel>question_type</fieldlabel>
<fieldentry>multiple_choice_question</fieldentry>
</qtimetadatafield>
</qtimetadata>
</itemmetadata>
<presentation>
<flow>
<material>
<matbreak/>
<mattext texttype="text/html" charset="utf-8"><![CDATA[
<p>From each of two normally distributed populations with equal variances a sample is drawn.______________. Sample 1: n = 19, mean = 46, sd = 12.41 Sample 2: n = 20, mean = 35, sd = 7.5. The pooled variance estimator takes the value 103.81. It is tested whether the population averages are equal. The corresponding test size follows, if the null hypothesis is TRUE,</p>
]]></mattext>
<matbreak/>
</material>
<response_lid ident="uva-distribution-1853-en-canvas_129401979_section_1_item_1_schoice_RESPONSE_6928209" rcardinality="Single" rtiming="No">
<render_choice shuffle="No">
<flow_label class="List">
<response_label ident="uva-distribution-1853-en-canvas_129401979_section_1_item_1_schoice_4695563327" rshuffle="No">
<material>
<mattext texttype="text/html" charset="utf-8"><![CDATA[
 A T-distribution with 37 degrees of freedom
]]></mattext>
</material>
</response_label>
</flow_label>
<flow_label class="List">
<response_label ident="uva-distribution-1853-en-canvas_129401979_section_1_item_1_schoice_3690746337" rshuffle="No">
<material>
<mattext texttype="text/html" charset="utf-8"><![CDATA[
 An F-division with 19 and 20 degrees of freedom
]]></mattext>
</material>
</response_label>
</flow_label>
<flow_label class="List">
<response_label ident="uva-distribution-1853-en-canvas_129401979_section_1_item_1_schoice_5858736818" rshuffle="No">
<material>
<mattext texttype="text/html" charset="utf-8"><![CDATA[
 An F-division with 18 and 19 degrees of freedom
]]></mattext>
</material>
</response_label>
</flow_label>
<flow_label class="List">
<response_label ident="uva-distribution-1853-en-canvas_129401979_section_1_item_1_schoice_1746021668" rshuffle="No">
<material>
<mattext texttype="text/html" charset="utf-8"><![CDATA[
 A T distribution with 39 degrees of freedom
]]></mattext>
</material>
</response_label>
</flow_label>
</render_choice>
</response_lid>
</flow>
</presentation>
<resprocessing>
<outcomes>
<decvar varname="SCORE" vartype="Decimal" defaultval="0" minvalue="0" maxvalue="1" cutvalue="1"/>
</outcomes>
<respcondition title="Mastery" continue="No">
<conditionvar>
<and>
<varequal respident="uva-distribution-1853-en-canvas_129401979_section_1_item_1_schoice_RESPONSE_6928209" case="Yes">uva-distribution-1853-en-canvas_129401979_section_1_item_1_schoice_4695563327</varequal>
<not> <varequal respident="uva-distribution-1853-en-canvas_129401979_section_1_item_1_schoice_RESPONSE_6928209" case="Yes">uva-distribution-1853-en-canvas_129401979_section_1_item_1_schoice_3690746337</varequal> </not>
<not> <varequal respident="uva-distribution-1853-en-canvas_129401979_section_1_item_1_schoice_RESPONSE_6928209" case="Yes">uva-distribution-1853-en-canvas_129401979_section_1_item_1_schoice_5858736818</varequal> </not>
<not> <varequal respident="uva-distribution-1853-en-canvas_129401979_section_1_item_1_schoice_RESPONSE_6928209" case="Yes">uva-distribution-1853-en-canvas_129401979_section_1_item_1_schoice_1746021668</varequal> </not>
</and>
</conditionvar>
<setvar varname="SCORE" action="Set">1</setvar>
<displayfeedback feedbacktype="Response" linkrefid="correct_fb"/>
</respcondition>
<respcondition continue="Yes">
<conditionvar>
<other/>
</conditionvar>
<displayfeedback feedbacktype="Response" linkrefid="general_incorrect_fb"/>
</respcondition>
</resprocessing>
<itemfeedback ident="correct_fb" view="All">
<flow_mat>
<material>
<mattext texttype="text/html"><![CDATA[
<ul>
<li> A T-distribution with 37 degrees of freedom <br /> A T-distribution with 37 degrees of freedom: Correct </li>
<li> An F-division with 19 and 20 degrees of freedom <br /> An F-division with 19 and 20 degrees of freedom: Incorrect </li>
<li> An F-division with 18 and 19 degrees of freedom <br /> An F-division with 18 and 19 degrees of freedom: Incorrect </li>
<li> A T distribution with 39 degrees of freedom <br /> A T-division with 39 degrees of freedom: Incorrect </li>
</ul>
]]></mattext>
</material>
</flow_mat>
</itemfeedback>
<itemfeedback ident="general_incorrect_fb" view="All">
<flow_mat>
<material>
<mattext texttype="text/html"><![CDATA[
<ul>
<li> A T-distribution with 37 degrees of freedom <br /> A T-distribution with 37 degrees of freedom: Correct </li>
<li> An F-division with 19 and 20 degrees of freedom <br /> An F-division with 19 and 20 degrees of freedom: Incorrect </li>
<li> An F-division with 18 and 19 degrees of freedom <br /> An F-division with 18 and 19 degrees of freedom: Incorrect </li>
<li> A T distribution with 39 degrees of freedom <br /> A T-division with 39 degrees of freedom: Incorrect </li>
</ul>
]]></mattext>
</material>
</flow_mat>
</itemfeedback>
</item>


</section>

</assessment>
</questestinterop>
