<?xml version="1.0" encoding="utf-8" standalone="yes"?>
<assessmentItem identifier="uu-Normal-800-nl_202209051535_item_1_schoice" title="uu-Normal-800-nl_202209051535_item_1_schoice_uu-Normal-800-nl.Rmd" adaptive="false" timeDependent="false" toolName="Testvision Online" toolVersion="39.0.9084" xmlns="http://www.imsglobal.org/xsd/imsqti_v2p1">
<responseDeclaration identifier="RESPONSE" cardinality="single" baseType="identifier">
<correctResponse>
<value>alt_692827</value>
</correctResponse>
<mapping defaultValue="0" lowerBound="0.0">
<mapEntry mapKey="alt_727533" mappedValue="-0.333333333333333"/>
<mapEntry mapKey="alt_929180" mappedValue="-0.333333333333333"/>
<mapEntry mapKey="alt_692827" mappedValue="1"/>
<mapEntry mapKey="alt_311586" mappedValue="-0.333333333333333"/>
</mapping>
</responseDeclaration>
<outcomeDeclaration identifier="SCORE" cardinality="single" baseType="float" normalMaximum="1" normalMinimum="0" />
<outcomeDeclaration identifier="FEEDBACK" cardinality="single" baseType="identifier" />
<itemBody>
<p>Er wordt een aselecte steekproef van n = 36 scores uit een populatie getrokken. Welke van de volgende verdelingen is normaalverdeeld?</p>
<choiceInteraction responseIdentifier="RESPONSE" shuffle="false" maxChoices="1">
<simpleChoice identifier="alt_727533">
<div class="textblock tvblock tvcss_1"><div class="rte_zone tveditor1">
a. De scores in de steekproef vormen een normale verdeling.
</div>
</div>
</simpleChoice>
<simpleChoice identifier="alt_929180">
<div class="textblock tvblock tvcss_1"><div class="rte_zone tveditor1">
b. De scores in de populatie vormen een normale verdeling.
</div>
</div>
</simpleChoice>
<simpleChoice identifier="alt_692827">
<div class="textblock tvblock tvcss_1"><div class="rte_zone tveditor1">
c. De verdeling van steekproefgemiddelden voor steekproeven van grootte n = 36 vormt een normale verdeling.
</div>
</div>
</simpleChoice>
<simpleChoice identifier="alt_311586">
<div class="textblock tvblock tvcss_1"><div class="rte_zone tveditor1">
d. Geen enkele van de bovengenoemde verdelingen hoeft normaalverdeeld te zijn.
</div>
</div>
</simpleChoice>
</choiceInteraction>
</itemBody>
<responseProcessing>
<responseCondition>
<responseIf>
<isNull>
<variable identifier="RESPONSE"/>
</isNull>
<setOutcomeValue identifier="SCORE">
<baseValue baseType="float">0.0</baseValue>
</setOutcomeValue>
<setOutcomeValue identifier="FEEDBACK">
<baseValue baseType="identifier">FAILURE</baseValue>
</setOutcomeValue>
</responseIf>
<responseElse>
<setOutcomeValue identifier="SCORE">
<mapResponse identifier="RESPONSE"/>
</setOutcomeValue>
<responseCondition>
<responseIf>
<equal toleranceMode="relative" tolerance="0.001">
<variable identifier="SCORE"/>
<variable identifier="MAXSCORE"/>
</equal>
<setOutcomeValue identifier="FEEDBACK">
<baseValue baseType="identifier">ANSWER_CORRECT</baseValue>
</setOutcomeValue>
</responseIf>
<responseElse>
<setOutcomeValue identifier="FEEDBACK">
<baseValue baseType="identifier">FAILURE</baseValue>
</setOutcomeValue>
</responseElse>
</responseCondition>
</responseElse>
</responseCondition>
</responseProcessing>
<modalFeedback identifier="FAILURE" outcomeIdentifier="FEEDBACK" showHide="show">
<div class="textblock tvblock tvcss_1"><div class="rte_zone tveditor1">
<ol>
<li> De scores in de steekproef vormen een normale verdeling. <br />  </li>
<li> De scores in de populatie vormen een normale verdeling. <br />  </li>
<li> De verdeling van steekproefgemiddelden voor steekproeven van grootte n = 36 vormt een normale verdeling. <br />  </li>
<li> Geen enkele van de bovengenoemde verdelingen hoeft normaalverdeeld te zijn. <br />  </li>
</ol>
</div>
</div>
</modalFeedback>
<modalFeedback identifier="ANSWER_CORRECT" outcomeIdentifier="FEEDBACK" showHide="show">
<div class="textblock tvblock tvcss_1"><div class="rte_zone tveditor1">
<ol>
<li> De scores in de steekproef vormen een normale verdeling. <br />  </li>
<li> De scores in de populatie vormen een normale verdeling. <br />  </li>
<li> De verdeling van steekproefgemiddelden voor steekproeven van grootte n = 36 vormt een normale verdeling. <br />  </li>
<li> Geen enkele van de bovengenoemde verdelingen hoeft normaalverdeeld te zijn. <br />  </li>
</ol>
</div>
</div>
</modalFeedback>
<modalFeedback identifier="PARTIAL_CORRECT" outcomeIdentifier="FEEDBACK" showHide="show">
<div class="textblock tvblock tvcss_1"><div class="rte_zone tveditor1">
<ol>
<li> De scores in de steekproef vormen een normale verdeling. <br />  </li>
<li> De scores in de populatie vormen een normale verdeling. <br />  </li>
<li> De verdeling van steekproefgemiddelden voor steekproeven van grootte n = 36 vormt een normale verdeling. <br />  </li>
<li> Geen enkele van de bovengenoemde verdelingen hoeft normaalverdeeld te zijn. <br />  </li>
</ol>
</div>
</div>
</modalFeedback>
</assessmentItem>
