<?xml version="1.0" encoding="utf-8" standalone="yes"?>
<assessmentItem identifier="vufsw-rsquared-0087-nl-tv_202209061512_item_1_schoice" title="vufsw-rsquared-0087-nl-tv_202209061512_item_1_schoice_vufsw-rsquared-0087-nl" adaptive="false" timeDependent="false" toolName="Testvision Online" toolVersion="39.0.9084" xmlns="http://www.imsglobal.org/xsd/imsqti_v2p1">
<responseDeclaration identifier="RESPONSE" cardinality="single" baseType="identifier">
<correctResponse>
<value>alt_483235</value>
</correctResponse>
<mapping defaultValue="0" lowerBound="0.0">
<mapEntry mapKey="alt_267122" mappedValue="-0.25"/>
<mapEntry mapKey="alt_394223" mappedValue="-0.25"/>
<mapEntry mapKey="alt_483235" mappedValue="1"/>
<mapEntry mapKey="alt_516776" mappedValue="-0.25"/>
<mapEntry mapKey="alt_588480" mappedValue="-0.25"/>
</mapping>
</responseDeclaration>
<outcomeDeclaration identifier="SCORE" cardinality="single" baseType="float" normalMaximum="1" normalMinimum="0" />
<outcomeDeclaration identifier="FEEDBACK" cardinality="single" baseType="identifier" />
<itemBody>
<p>De onderzoeker voert een enkelvoudige regressie-analyse uit met de mate
van vertrouwen in de politie (variabele: “<strong>Rapportcijfer_politie</strong>”)
als afhankelijke variabele en de dummy variabele
“<strong>Migrantieachtergrond</strong>” als onafhankelijke variabele.<br />
Wat is de verklaarde variantie van dit regressiemodel? </p>
<p><img src="Screen__Shot__2020-04-30__at__15.09.34.png"
class="fr-fic fr-dii enlargeimage tvcss_2"
alt="Screen Shot 2020-04-30 at 15.09.34" /></p>
<choiceInteraction responseIdentifier="RESPONSE" shuffle="false" maxChoices="1">
<simpleChoice identifier="alt_267122">
<div class="textblock tvblock tvcss_1"><div class="rte_zone tveditor1">
a. 21,9%
</div>
</div>
</simpleChoice>
<simpleChoice identifier="alt_394223">
<div class="textblock tvblock tvcss_1"><div class="rte_zone tveditor1">
b. 2,19%
</div>
</div>
</simpleChoice>
<simpleChoice identifier="alt_483235">
<div class="textblock tvblock tvcss_1"><div class="rte_zone tveditor1">
c. 4,8%
</div>
</div>
</simpleChoice>
<simpleChoice identifier="alt_516776">
<div class="textblock tvblock tvcss_1"><div class="rte_zone tveditor1">
d. 0,048%
</div>
</div>
</simpleChoice>
<simpleChoice identifier="alt_588480">
<div class="textblock tvblock tvcss_1"><div class="rte_zone tveditor1">
e. 0,22%
</div>
</div>
</simpleChoice>
</choiceInteraction>
</itemBody>
<responseProcessing>
<responseCondition>
<responseIf>
<isNull>
<variable identifier="RESPONSE"/>
</isNull>
<setOutcomeValue identifier="SCORE">
<baseValue baseType="float">0.0</baseValue>
</setOutcomeValue>
<setOutcomeValue identifier="FEEDBACK">
<baseValue baseType="identifier">FAILURE</baseValue>
</setOutcomeValue>
</responseIf>
<responseElse>
<setOutcomeValue identifier="SCORE">
<mapResponse identifier="RESPONSE"/>
</setOutcomeValue>
<responseCondition>
<responseIf>
<equal toleranceMode="relative" tolerance="0.001">
<variable identifier="SCORE"/>
<variable identifier="MAXSCORE"/>
</equal>
<setOutcomeValue identifier="FEEDBACK">
<baseValue baseType="identifier">ANSWER_CORRECT</baseValue>
</setOutcomeValue>
</responseIf>
<responseElse>
<setOutcomeValue identifier="FEEDBACK">
<baseValue baseType="identifier">FAILURE</baseValue>
</setOutcomeValue>
</responseElse>
</responseCondition>
</responseElse>
</responseCondition>
</responseProcessing>
<modalFeedback identifier="FAILURE" outcomeIdentifier="FEEDBACK" showHide="show">
<div class="textblock tvblock tvcss_1"><div class="rte_zone tveditor1">
<p>Language<br />
Nederlands</p>
<p>Levels of Difficulty<br />
Easy</p>
<p>M&amp;T Basics of quantitative research<br />
Basics of quantitative research</p>
<p>M&amp;T BIS<br />
Default value</p>
<br />
<ol>
<li> 21,9% <br /> False </li>
<li> 2,19% <br /> False </li>
<li> 4,8% <br /> True </li>
<li> 0,048% <br /> False </li>
<li> 0,22% <br /> False </li>
</ol>
</div>
</div>
</modalFeedback>
<modalFeedback identifier="ANSWER_CORRECT" outcomeIdentifier="FEEDBACK" showHide="show">
<div class="textblock tvblock tvcss_1"><div class="rte_zone tveditor1">
<p>Language<br />
Nederlands</p>
<p>Levels of Difficulty<br />
Easy</p>
<p>M&amp;T Basics of quantitative research<br />
Basics of quantitative research</p>
<p>M&amp;T BIS<br />
Default value</p>
<br />
<ol>
<li> 21,9% <br /> False </li>
<li> 2,19% <br /> False </li>
<li> 4,8% <br /> True </li>
<li> 0,048% <br /> False </li>
<li> 0,22% <br /> False </li>
</ol>
</div>
</div>
</modalFeedback>
<modalFeedback identifier="PARTIAL_CORRECT" outcomeIdentifier="FEEDBACK" showHide="show">
<div class="textblock tvblock tvcss_1"><div class="rte_zone tveditor1">
<p>Language<br />
Nederlands</p>
<p>Levels of Difficulty<br />
Easy</p>
<p>M&amp;T Basics of quantitative research<br />
Basics of quantitative research</p>
<p>M&amp;T BIS<br />
Default value</p>
<br />
<ol>
<li> 21,9% <br /> False </li>
<li> 2,19% <br /> False </li>
<li> 4,8% <br /> True </li>
<li> 0,048% <br /> False </li>
<li> 0,22% <br /> False </li>
</ol>
</div>
</div>
</modalFeedback>
</assessmentItem>
