<?xml version="1.0" encoding="UTF-8"?>
<assessmentItem xsi:schemaLocation="http://www.imsglobal.org/xsd/imsqti_v2p1 http://www.imsglobal.org/xsd/qti/qtiv2p1/imsqti_v2p1p1.xsd http://www.w3.org/1998/Math/MathML http://www.w3.org/Math/XMLSchema/mathml2/mathml2.xsd" identifier="vufgb-onewayanova-006-nl-ans_476050591_section_1_item_1_schoice" title="Inferential_Statistics_vufgb-onewayanova-006-nl_vufgb-onewayanova-006-nl_schoice_1" adaptive="false" timeDependent="false" xmlns="http://www.imsglobal.org/xsd/imsqti_v2p1" xmlns:xsi="http://www.w3.org/2001/XMLSchema-instance">
<responseDeclaration identifier="vufgb-onewayanova-006-nl-ans_476050591_section_1_item_1_schoice_RESPONSE_1_1193579" cardinality="single" baseType="identifier">
<correctResponse>
<value>vufgb-onewayanova-006-nl-ans_476050591_section_1_item_1_schoice_1_4296105502</value>
</correctResponse>
<mapping defaultValue="0" lowerBound="0.0">
<mapEntry mapKey="vufgb-onewayanova-006-nl-ans_476050591_section_1_item_1_schoice_1_4296105502" mappedValue="1"/>
<mapEntry mapKey="vufgb-onewayanova-006-nl-ans_476050591_section_1_item_1_schoice_2_3743429062" mappedValue="0"/>
<mapEntry mapKey="vufgb-onewayanova-006-nl-ans_476050591_section_1_item_1_schoice_3_4671084014" mappedValue="0"/>
<mapEntry mapKey="vufgb-onewayanova-006-nl-ans_476050591_section_1_item_1_schoice_4_7053620593" mappedValue="0"/>
</mapping>
</responseDeclaration>
<outcomeDeclaration identifier="SCORE" cardinality="single" baseType="float" normalMaximum="1" normalMinimum="0">
<defaultValue>
<value>0.0</value>
</defaultValue>
</outcomeDeclaration>
<outcomeDeclaration identifier="MAXSCORE" cardinality="single" baseType="float">
<defaultValue>
<value>1</value>
</defaultValue>
</outcomeDeclaration>
<outcomeDeclaration identifier="FEEDBACKBASIC" cardinality="single" baseType="identifier" view="testConstructor">
<defaultValue>
<value>empty</value>
</defaultValue>
</outcomeDeclaration>
<outcomeDeclaration identifier="FEEDBACKMODAL" cardinality="multiple" baseType="identifier" view="testConstructor"/>
<outcomeDeclaration identifier="SOLUTIONMODAL" cardinality="single" baseType="identifier" view="testConstructor"/>
<outcomeDeclaration identifier="MINSCORE" cardinality="single" baseType="float">
<defaultValue>
<value baseType="float">0</value>
</defaultValue>
</outcomeDeclaration>
<outcomeDeclaration identifier="SCORE_RESPONSE_1" cardinality="single" baseType="float">
<defaultValue>
<value>0.0</value>
</defaultValue>
</outcomeDeclaration>
<outcomeDeclaration identifier="MINSCORE_RESPONSE_1" cardinality="single" baseType="float">
<defaultValue>
<value>0.0</value>
</defaultValue>
</outcomeDeclaration>
<itemBody>
<p>Wat is <strong>geen</strong> aanname voor een ANOVA met één factor (‘One-way ANOVA’)?</p>
<choiceInteraction responseIdentifier="vufgb-onewayanova-006-nl-ans_476050591_section_1_item_1_schoice_RESPONSE_1_1193579" shuffle="false" maxChoices="1">
<simpleChoice identifier="vufgb-onewayanova-006-nl-ans_476050591_section_1_item_1_schoice_1_4296105502">
<p>
 Gelijk aantal personen per groep.
</p>
</simpleChoice>
<simpleChoice identifier="vufgb-onewayanova-006-nl-ans_476050591_section_1_item_1_schoice_2_3743429062">
<p>
 Waarnemingen zijn onafhankelijk.
</p>
</simpleChoice>
<simpleChoice identifier="vufgb-onewayanova-006-nl-ans_476050591_section_1_item_1_schoice_3_4671084014">
<p>
 Afhankelijke variabele is in elke groep normaal verdeeld.
</p>
</simpleChoice>
<simpleChoice identifier="vufgb-onewayanova-006-nl-ans_476050591_section_1_item_1_schoice_4_7053620593">
<p>
 Homogene varianties voor alle groepen.
</p>
</simpleChoice>
</choiceInteraction>
</itemBody>
<responseProcessing>
<setOutcomeValue identifier="SCORE_RESPONSE_1">
<sum>
<variable identifier="SCORE_RESPONSE_1"/>
<mapResponse identifier="vufgb-onewayanova-006-nl-ans_476050591_section_1_item_1_schoice_RESPONSE_1_1193579"/>
</sum>
</setOutcomeValue>
<responseCondition>
<responseIf>
<lt>
<variable identifier="SCORE_RESPONSE_1"/>
<variable identifier="MINSCORE_RESPONSE_1"/>
</lt>
<setOutcomeValue identifier="SCORE_RESPONSE_1">
<variable identifier="MINSCORE_RESPONSE_1"/>
</setOutcomeValue>
</responseIf>
</responseCondition>
<responseCondition>
<responseIf>
<isNull>
<variable identifier="vufgb-onewayanova-006-nl-ans_476050591_section_1_item_1_schoice_RESPONSE_1_1193579"/>
</isNull>
<setOutcomeValue identifier="SCORE_RESPONSE_1">
<sum>
<variable identifier="SCORE_RESPONSE_1"/>
<baseValue baseType="float">0</baseValue>
</sum>
</setOutcomeValue>
</responseIf>
</responseCondition>
<setOutcomeValue identifier="SCORE">
<sum>
<variable identifier="SCORE_RESPONSE_1"/>
</sum>
</setOutcomeValue>
<responseCondition>
<responseIf>
<lt>
<variable identifier="SCORE"/>
<variable identifier="MINSCORE"/>
</lt>
<setOutcomeValue identifier="SCORE">
<variable identifier="MINSCORE"/>
</setOutcomeValue>
</responseIf>
</responseCondition>
<responseCondition>
<responseIf>
<lt>
<variable identifier="SCORE"/>
<baseValue baseType="float">1</baseValue>
</lt>
<setOutcomeValue identifier="FEEDBACKMODAL">
<multiple>
<variable identifier="FEEDBACKMODAL"/>
<baseValue baseType="identifier">Feedback174487695</baseValue>
</multiple>
</setOutcomeValue>
</responseIf>
</responseCondition>
</responseProcessing>
<modalFeedback outcomeIdentifier="FEEDBACK" showHide="show" identifier="incorrect">
<ul>
<li> Gelijk aantal personen per groep. <br /> Correct </li>
<li> Waarnemingen zijn onafhankelijk. <br /> Incorrect </li>
<li> Afhankelijke variabele is in elke groep normaal verdeeld. <br /> Incorrect </li>
<li> Homogene varianties voor alle groepen. <br /> Incorrect </li>
</ul>
</modalFeedback>
</assessmentItem>
