<?xml version="1.0" encoding="UTF-8"?>
<assessmentItem xsi:schemaLocation="http://www.imsglobal.org/xsd/imsqti_v2p1 http://www.imsglobal.org/xsd/qti/qtiv2p1/imsqti_v2p1p1.xsd http://www.w3.org/1998/Math/MathML http://www.w3.org/Math/XMLSchema/mathml2/mathml2.xsd" identifier="vufsw-cronbach'salpha-0070-nl_577801539_section_1_item_1_schoice" title="1" adaptive="false" timeDependent="false" xmlns="http://www.imsglobal.org/xsd/imsqti_v2p1" xmlns:xsi="http://www.w3.org/2001/XMLSchema-instance">
<responseDeclaration identifier="vufsw-cronbach'salpha-0070-nl_577801539_section_1_item_1_schoice_RESPONSE_1_3677047" cardinality="single" baseType="identifier">
<correctResponse>
<value>vufsw-cronbach'salpha-0070-nl_577801539_section_1_item_1_schoice_4_4806927528</value>
</correctResponse>
<mapping defaultValue="0" lowerBound="0.0">
<mapEntry mapKey="vufsw-cronbach&apos;salpha-0070-nl_577801539_section_1_item_1_schoice_1_9242522741" mappedValue="0"/>
<mapEntry mapKey="vufsw-cronbach&apos;salpha-0070-nl_577801539_section_1_item_1_schoice_2_4989430879" mappedValue="0"/>
<mapEntry mapKey="vufsw-cronbach&apos;salpha-0070-nl_577801539_section_1_item_1_schoice_3_1363883512" mappedValue="0"/>
<mapEntry mapKey="vufsw-cronbach&apos;salpha-0070-nl_577801539_section_1_item_1_schoice_4_4806927528" mappedValue="1"/>
</mapping>
</responseDeclaration>
<outcomeDeclaration identifier="SCORE" cardinality="single" baseType="float" normalMaximum="1" normalMinimum="0">
<defaultValue>
<value>0.0</value>
</defaultValue>
</outcomeDeclaration>
<outcomeDeclaration identifier="MAXSCORE" cardinality="single" baseType="float">
<defaultValue>
<value>1</value>
</defaultValue>
</outcomeDeclaration>
<outcomeDeclaration identifier="FEEDBACKBASIC" cardinality="single" baseType="identifier" view="testConstructor">
<defaultValue>
<value>empty</value>
</defaultValue>
</outcomeDeclaration>
<outcomeDeclaration identifier="FEEDBACKMODAL" cardinality="multiple" baseType="identifier" view="testConstructor"/>
<outcomeDeclaration identifier="MINSCORE" cardinality="single" baseType="float">
<defaultValue>
<value baseType="float">0</value>
</defaultValue>
</outcomeDeclaration>
<outcomeDeclaration identifier="SCORE_RESPONSE_1" cardinality="single" baseType="float">
<defaultValue>
<value>0.0</value>
</defaultValue>
</outcomeDeclaration>
<outcomeDeclaration identifier="MINSCORE_RESPONSE_1" cardinality="single" baseType="float">
<defaultValue>
<value>0.0</value>
</defaultValue>
</outcomeDeclaration>
<itemBody>
<p>We voeren een betrouwbaarheidsanalyse uit met zes stellingen die iemands
werktevredenheid meten. Bij deze zes indicatoren lopen de
antwoordmogelijkheden steeds van 1 (“helemaal mee oneens”) tot en met 5
(“helemaal mee eens”). We voegen alle indicatoren samen tot één schaal.
De betrouwbaarheidsanalyse van de zes stellingen laat zien dat de
Cronbach’s alpha van deze schaal 0,90 is.</p>
<p>Wat is de juiste interpretatie van deze uitkomst? Deze meting van
iemands werktevredenheid …</p>
<choiceInteraction responseIdentifier="vufsw-cronbach'salpha-0070-nl_577801539_section_1_item_1_schoice_RESPONSE_1_3677047" shuffle="false" maxChoices="1">
<simpleChoice identifier="vufsw-cronbach'salpha-0070-nl_577801539_section_1_item_1_schoice_1_9242522741">
<p>
a. laat zien dat 90% van de respondenten een hoge mate van werktevredenheid heeft.
</p>
</simpleChoice>
<simpleChoice identifier="vufsw-cronbach'salpha-0070-nl_577801539_section_1_item_1_schoice_2_4989430879">
<p>
b. is voor 90% van de respondenten een valide meting.
</p>
</simpleChoice>
<simpleChoice identifier="vufsw-cronbach'salpha-0070-nl_577801539_section_1_item_1_schoice_3_1363883512">
<p>
c. zal in 90% van de gevallen de daadwerkelijke populatieparameter bevatten.
</p>
</simpleChoice>
<simpleChoice identifier="vufsw-cronbach'salpha-0070-nl_577801539_section_1_item_1_schoice_4_4806927528">
<p>
d. is intern consistent.
</p>
</simpleChoice>
</choiceInteraction>
</itemBody>
<responseProcessing>
<responseCondition>
<responseIf>
<isNull>
<variable identifier="vufsw-cronbach'salpha-0070-nl_577801539_section_1_item_1_schoice_RESPONSE_1_3677047"/>
</isNull>
<setOutcomeValue identifier="SCORE_RESPONSE_1">
<sum>
<variable identifier="SCORE_RESPONSE_1"/>
<baseValue baseType="float">0</baseValue>
</sum>
</setOutcomeValue>
</responseIf>
</responseCondition>
<setOutcomeValue identifier="SCORE_RESPONSE_1">
<sum>
<variable identifier="SCORE_RESPONSE_1"/>
<mapResponse identifier="vufsw-cronbach'salpha-0070-nl_577801539_section_1_item_1_schoice_RESPONSE_1_3677047"/>
</sum>
</setOutcomeValue>
<responseCondition>
<responseIf>
<lt>
<variable identifier="SCORE_RESPONSE_1"/>
<variable identifier="MINSCORE_RESPONSE_1"/>
</lt>
<setOutcomeValue identifier="SCORE_RESPONSE_1">
<variable identifier="MINSCORE_RESPONSE_1"/>
</setOutcomeValue>
</responseIf>
</responseCondition>
<setOutcomeValue identifier="SCORE">
<sum>
<variable identifier="SCORE_RESPONSE_1"/>
</sum>
</setOutcomeValue>
<responseCondition>
<responseIf>
<lt>
<variable identifier="SCORE"/>
<variable identifier="MINSCORE"/>
</lt>
<setOutcomeValue identifier="SCORE">
<variable identifier="MINSCORE"/>
</setOutcomeValue>
</responseIf>
</responseCondition>
<responseCondition>
<responseIf>
<lt>
<variable identifier="SCORE"/>
<baseValue baseType="float">1</baseValue>
</lt>
<setOutcomeValue identifier="FEEDBACKMODAL">
<multiple>
<variable identifier="FEEDBACKMODAL"/>
<baseValue baseType="identifier">Feedback399882193</baseValue>
</multiple>
</setOutcomeValue>
</responseIf>
</responseCondition>
</responseProcessing>
<modalFeedback identifier="Feedback399882193" outcomeIdentifier="FEEDBACKMODAL" showHide="show">
<p>Language<br />
Nederlands</p>
<p>M&amp;T Basics of quantitative research<br />
Basics of quantitative research</p>
<p>M&amp;T BIS<br />
Default value</p>
<br />
<ol type = "a">
<li> laat zien dat 90% van de respondenten een hoge mate van werktevredenheid heeft. <br /> False </li>
<li> is voor 90% van de respondenten een valide meting. <br /> False </li>
<li> zal in 90% van de gevallen de daadwerkelijke populatieparameter bevatten. <br /> False </li>
<li> is intern consistent. <br /> True </li>
</ol>
</modalFeedback>
</assessmentItem>
