<?xml version="1.0" encoding="UTF-8"?>
<assessmentItem xsi:schemaLocation="http://www.imsglobal.org/xsd/imsqti_v2p1 http://www.imsglobal.org/xsd/qti/qtiv2p1/imsqti_v2p1p1.xsd http://www.w3.org/1998/Math/MathML http://www.w3.org/Math/XMLSchema/mathml2/mathml2.xsd" identifier="vufgb-ancova-005-en-ans_818431289_section_1_item_1_schoice" title="Inferential_Statistics_vufgb-ancova-005-en_vufgb-ancova-005-en_schoice_1" adaptive="false" timeDependent="false" xmlns="http://www.imsglobal.org/xsd/imsqti_v2p1" xmlns:xsi="http://www.w3.org/2001/XMLSchema-instance">
<responseDeclaration identifier="vufgb-ancova-005-en-ans_818431289_section_1_item_1_schoice_RESPONSE_1_4488444" cardinality="single" baseType="identifier">
<correctResponse>
<value>vufgb-ancova-005-en-ans_818431289_section_1_item_1_schoice_3_4828702968</value>
</correctResponse>
<mapping defaultValue="0" lowerBound="0.0">
<mapEntry mapKey="vufgb-ancova-005-en-ans_818431289_section_1_item_1_schoice_1_4214586450" mappedValue="0"/>
<mapEntry mapKey="vufgb-ancova-005-en-ans_818431289_section_1_item_1_schoice_2_1298460405" mappedValue="0"/>
<mapEntry mapKey="vufgb-ancova-005-en-ans_818431289_section_1_item_1_schoice_3_4828702968" mappedValue="1"/>
<mapEntry mapKey="vufgb-ancova-005-en-ans_818431289_section_1_item_1_schoice_4_7941367362" mappedValue="0"/>
</mapping>
</responseDeclaration>
<outcomeDeclaration identifier="SCORE" cardinality="single" baseType="float" normalMaximum="1" normalMinimum="0">
<defaultValue>
<value>0.0</value>
</defaultValue>
</outcomeDeclaration>
<outcomeDeclaration identifier="MAXSCORE" cardinality="single" baseType="float">
<defaultValue>
<value>1</value>
</defaultValue>
</outcomeDeclaration>
<outcomeDeclaration identifier="FEEDBACKBASIC" cardinality="single" baseType="identifier" view="testConstructor">
<defaultValue>
<value>empty</value>
</defaultValue>
</outcomeDeclaration>
<outcomeDeclaration identifier="FEEDBACKMODAL" cardinality="multiple" baseType="identifier" view="testConstructor"/>
<outcomeDeclaration identifier="SOLUTIONMODAL" cardinality="single" baseType="identifier" view="testConstructor"/>
<outcomeDeclaration identifier="MINSCORE" cardinality="single" baseType="float">
<defaultValue>
<value baseType="float">0</value>
</defaultValue>
</outcomeDeclaration>
<outcomeDeclaration identifier="SCORE_RESPONSE_1" cardinality="single" baseType="float">
<defaultValue>
<value>0.0</value>
</defaultValue>
</outcomeDeclaration>
<outcomeDeclaration identifier="MINSCORE_RESPONSE_1" cardinality="single" baseType="float">
<defaultValue>
<value>0.0</value>
</defaultValue>
</outcomeDeclaration>
<itemBody>
<p>Provided below is a figure that is part of the outcomes of an ANCOVA model. Which statement about the outcomes is true?</p>
<p><img src="media/supplements1/vufgb-ancova-005-en-figure01.jpg" /></p>
<choiceInteraction responseIdentifier="vufgb-ancova-005-en-ans_818431289_section_1_item_1_schoice_RESPONSE_1_4488444" shuffle="false" maxChoices="1">
<simpleChoice identifier="vufgb-ancova-005-en-ans_818431289_section_1_item_1_schoice_1_4214586450">
<p>
 The difference in time to onset of hypnosis between method A and B depends on the level of insensitivity.
</p>
</simpleChoice>
<simpleChoice identifier="vufgb-ancova-005-en-ans_818431289_section_1_item_1_schoice_2_1298460405">
<p>
 The strength of the linear relation between insensitivity and time to onset of hypnosis depends on method A or B.
</p>
</simpleChoice>
<simpleChoice identifier="vufgb-ancova-005-en-ans_818431289_section_1_item_1_schoice_3_4828702968">
<p>
 When insensitivity is kept constant, method B leads to a faster onset of hypnosis than method A.
</p>
</simpleChoice>
<simpleChoice identifier="vufgb-ancova-005-en-ans_818431289_section_1_item_1_schoice_4_7941367362">
<p>
 When insensitivity is kept constant, method A leads to a faster onset of hypnosis than method B.
</p>
</simpleChoice>
</choiceInteraction>
</itemBody>
<responseProcessing>
<setOutcomeValue identifier="SCORE_RESPONSE_1">
<sum>
<variable identifier="SCORE_RESPONSE_1"/>
<mapResponse identifier="vufgb-ancova-005-en-ans_818431289_section_1_item_1_schoice_RESPONSE_1_4488444"/>
</sum>
</setOutcomeValue>
<responseCondition>
<responseIf>
<lt>
<variable identifier="SCORE_RESPONSE_1"/>
<variable identifier="MINSCORE_RESPONSE_1"/>
</lt>
<setOutcomeValue identifier="SCORE_RESPONSE_1">
<variable identifier="MINSCORE_RESPONSE_1"/>
</setOutcomeValue>
</responseIf>
</responseCondition>
<responseCondition>
<responseIf>
<isNull>
<variable identifier="vufgb-ancova-005-en-ans_818431289_section_1_item_1_schoice_RESPONSE_1_4488444"/>
</isNull>
<setOutcomeValue identifier="SCORE_RESPONSE_1">
<sum>
<variable identifier="SCORE_RESPONSE_1"/>
<baseValue baseType="float">0</baseValue>
</sum>
</setOutcomeValue>
</responseIf>
</responseCondition>
<setOutcomeValue identifier="SCORE">
<sum>
<variable identifier="SCORE_RESPONSE_1"/>
</sum>
</setOutcomeValue>
<responseCondition>
<responseIf>
<lt>
<variable identifier="SCORE"/>
<variable identifier="MINSCORE"/>
</lt>
<setOutcomeValue identifier="SCORE">
<variable identifier="MINSCORE"/>
</setOutcomeValue>
</responseIf>
</responseCondition>
<responseCondition>
<responseIf>
<lt>
<variable identifier="SCORE"/>
<baseValue baseType="float">1</baseValue>
</lt>
<setOutcomeValue identifier="FEEDBACKMODAL">
<multiple>
<variable identifier="FEEDBACKMODAL"/>
<baseValue baseType="identifier">Feedback189861826</baseValue>
</multiple>
</setOutcomeValue>
</responseIf>
</responseCondition>
</responseProcessing>
<modalFeedback outcomeIdentifier="FEEDBACK" showHide="show" identifier="incorrect">
<ul>
<li> The difference in time to onset of hypnosis between method A and B depends on the level of insensitivity. <br /> Incorrect </li>
<li> The strength of the linear relation between insensitivity and time to onset of hypnosis depends on method A or B. <br /> Incorrect </li>
<li> When insensitivity is kept constant, method B leads to a faster onset of hypnosis than method A. <br /> Correct </li>
<li> When insensitivity is kept constant, method A leads to a faster onset of hypnosis than method B. <br /> Incorrect </li>
</ul>
</modalFeedback>
</assessmentItem>
