<?xml version="1.0" encoding="utf-8" standalone="yes"?>
<assessmentItem identifier="vufgb-logisticregression-302-nl-tv_202307180609_item_1_schoice" title="vufgb-logisticregression-302-nl-tv_202307180609_item_1_schoice_vufgb-logisticregression-302-nl" adaptive="false" timeDependent="false" toolName="Testvision Online" toolVersion="39.0.9084" xmlns="http://www.imsglobal.org/xsd/imsqti_v2p1">
<responseDeclaration identifier="RESPONSE" cardinality="single" baseType="identifier">
<correctResponse>
<value>alt_194520</value>
</correctResponse>
<mapping defaultValue="0" lowerBound="0.0">
<mapEntry mapKey="alt_674185" mappedValue="-0.333333333333333"/>
<mapEntry mapKey="alt_912779" mappedValue="-0.333333333333333"/>
<mapEntry mapKey="alt_194520" mappedValue="1"/>
<mapEntry mapKey="alt_141317" mappedValue="-0.333333333333333"/>
</mapping>
</responseDeclaration>
<outcomeDeclaration identifier="SCORE" cardinality="single" baseType="float" normalMaximum="1" normalMinimum="0" />
<outcomeDeclaration identifier="FEEDBACK" cardinality="single" baseType="identifier" />
<itemBody>
<p>Een uitkomstvariabele is nominaal en bestaat uit twee categorieën. Welk model is dan het meest geschikt om de uitkomstvariabele te voorspellen?</p>
<choiceInteraction responseIdentifier="RESPONSE" shuffle="false" maxChoices="1">
<simpleChoice identifier="alt_674185">
<div class="textblock tvblock tvcss_1"><div class="rte_zone tveditor1">
 Multinomiale logistische regressie.
</div>
</div>
</simpleChoice>
<simpleChoice identifier="alt_912779">
<div class="textblock tvblock tvcss_1"><div class="rte_zone tveditor1">
 Ordinale logistische regressie.
</div>
</div>
</simpleChoice>
<simpleChoice identifier="alt_194520">
<div class="textblock tvblock tvcss_1"><div class="rte_zone tveditor1">
 Binaire logistische regressie.
</div>
</div>
</simpleChoice>
<simpleChoice identifier="alt_141317">
<div class="textblock tvblock tvcss_1"><div class="rte_zone tveditor1">
 Proportionele regressie.
</div>
</div>
</simpleChoice>
</choiceInteraction>
</itemBody>
<responseProcessing>
<responseCondition>
<responseIf>
<isNull>
<variable identifier="RESPONSE"/>
</isNull>
<setOutcomeValue identifier="SCORE">
<baseValue baseType="float">0.0</baseValue>
</setOutcomeValue>
<setOutcomeValue identifier="FEEDBACK">
<baseValue baseType="identifier">FAILURE</baseValue>
</setOutcomeValue>
</responseIf>
<responseElse>
<setOutcomeValue identifier="SCORE">
<mapResponse identifier="RESPONSE"/>
</setOutcomeValue>
<responseCondition>
<responseIf>
<equal toleranceMode="relative" tolerance="0.001">
<variable identifier="SCORE"/>
<variable identifier="MAXSCORE"/>
</equal>
<setOutcomeValue identifier="FEEDBACK">
<baseValue baseType="identifier">ANSWER_CORRECT</baseValue>
</setOutcomeValue>
</responseIf>
<responseElse>
<setOutcomeValue identifier="FEEDBACK">
<baseValue baseType="identifier">FAILURE</baseValue>
</setOutcomeValue>
</responseElse>
</responseCondition>
</responseElse>
</responseCondition>
</responseProcessing>
<modalFeedback identifier="FAILURE" outcomeIdentifier="FEEDBACK" showHide="show">
<div class="textblock tvblock tvcss_1"><div class="rte_zone tveditor1">
 Multinomiale logistische regressie. <br /> Incorrect 
 Ordinale logistische regressie. <br /> Incorrect 
 Binaire logistische regressie. <br /> Correct 
 Proportionele regressie. <br /> Incorrect 
</div>
</div>
</modalFeedback>
<modalFeedback identifier="ANSWER_CORRECT" outcomeIdentifier="FEEDBACK" showHide="show">
<div class="textblock tvblock tvcss_1"><div class="rte_zone tveditor1">
 Multinomiale logistische regressie. <br /> Incorrect 
 Ordinale logistische regressie. <br /> Incorrect 
 Binaire logistische regressie. <br /> Correct 
 Proportionele regressie. <br /> Incorrect 
</div>
</div>
</modalFeedback>
<modalFeedback identifier="PARTIAL_CORRECT" outcomeIdentifier="FEEDBACK" showHide="show">
<div class="textblock tvblock tvcss_1"><div class="rte_zone tveditor1">
 Multinomiale logistische regressie. <br /> Incorrect 
 Ordinale logistische regressie. <br /> Incorrect 
 Binaire logistische regressie. <br /> Correct 
 Proportionele regressie. <br /> Incorrect 
</div>
</div>
</modalFeedback>
</assessmentItem>
