<?xml version="1.0" encoding="utf-8" standalone="yes"?>
<assessmentItem identifier="vufsw-cronbach'salpha-0070-nl-tv_202601131824_item_1_schoice" title="vufsw-cronbach'salpha-0070-nl-tv_202601131824_item_1_schoice_vufsw-cronbach'salpha-0070-nl" adaptive="false" timeDependent="false" toolName="Testvision Online" toolVersion="39.0.9084" xmlns="http://www.imsglobal.org/xsd/imsqti_v2p1">
<responseDeclaration identifier="RESPONSE" cardinality="single" baseType="identifier">
<correctResponse>
<value>alt_340071</value>
</correctResponse>
<mapping defaultValue="0" lowerBound="0.0">
<mapEntry mapKey="alt_168226" mappedValue="-0.333333333333333"/>
<mapEntry mapKey="alt_792198" mappedValue="-0.333333333333333"/>
<mapEntry mapKey="alt_340071" mappedValue="1"/>
<mapEntry mapKey="alt_287168" mappedValue="-0.333333333333333"/>
</mapping>
</responseDeclaration>
<outcomeDeclaration identifier="SCORE" cardinality="single" baseType="float" normalMaximum="1" normalMinimum="0" />
<outcomeDeclaration identifier="FEEDBACK" cardinality="single" baseType="identifier" />
<stylesheet href="css/vufsw-cronbach'salpha-0070-nl-tv_202601131824_item_1_schoice.css" type="text/css" />
<itemBody>
<p>We voeren een betrouwbaarheidsanalyse uit met zes stellingen die iemands
werktevredenheid meten. Bij deze zes indicatoren lopen de
antwoordmogelijkheden steeds van 1 (“helemaal mee oneens”) tot en met 5
(“helemaal mee eens”). We voegen alle indicatoren samen tot één schaal.
De betrouwbaarheidsanalyse van de zes stellingen laat zien dat de
Cronbach’s alpha van deze schaal 0,90 is.</p>
<p>Wat is de juiste interpretatie van deze uitkomst? Deze meting van
iemands werktevredenheid …</p>
<choiceInteraction responseIdentifier="RESPONSE" shuffle="false" maxChoices="1">
<simpleChoice identifier="alt_168226">
<div class="textblock tvblock tvcss_1"><div class="rte_zone tveditor1">
 laat zien dat 90% van de respondenten een hoge mate van werktevredenheid heeft.
</div>
</div>
</simpleChoice>
<simpleChoice identifier="alt_792198">
<div class="textblock tvblock tvcss_1"><div class="rte_zone tveditor1">
 zal in 90% van de gevallen de daadwerkelijke populatieparameter bevatten.
</div>
</div>
</simpleChoice>
<simpleChoice identifier="alt_340071">
<div class="textblock tvblock tvcss_1"><div class="rte_zone tveditor1">
 is intern consistent.
</div>
</div>
</simpleChoice>
<simpleChoice identifier="alt_287168">
<div class="textblock tvblock tvcss_1"><div class="rte_zone tveditor1">
 is voor 90% van de respondenten een valide meting.
</div>
</div>
</simpleChoice>
</choiceInteraction>
</itemBody>
<responseProcessing>
<responseCondition>
<responseIf>
<isNull>
<variable identifier="RESPONSE"/>
</isNull>
<setOutcomeValue identifier="SCORE">
<baseValue baseType="float">0.0</baseValue>
</setOutcomeValue>
<setOutcomeValue identifier="FEEDBACK">
<baseValue baseType="identifier">FAILURE</baseValue>
</setOutcomeValue>
</responseIf>
<responseElse>
<setOutcomeValue identifier="SCORE">
<mapResponse identifier="RESPONSE"/>
</setOutcomeValue>
<responseCondition>
<responseIf>
<equal toleranceMode="relative" tolerance="0.001">
<variable identifier="SCORE"/>
<variable identifier="MAXSCORE"/>
</equal>
<setOutcomeValue identifier="FEEDBACK">
<baseValue baseType="identifier">ANSWER_CORRECT</baseValue>
</setOutcomeValue>
</responseIf>
<responseElse>
<setOutcomeValue identifier="FEEDBACK">
<baseValue baseType="identifier">FAILURE</baseValue>
</setOutcomeValue>
</responseElse>
</responseCondition>
</responseElse>
</responseCondition>
</responseProcessing>
<modalFeedback identifier="FAILURE" outcomeIdentifier="FEEDBACK" showHide="show">
<div class="textblock tvblock tvcss_1"><div class="rte_zone tveditor1">
<p>Language<br />
Nederlands</p>
<p>M&amp;T Basics of quantitative research<br />
Basics of quantitative research</p>
<p>M&amp;T BIS<br />
Default value</p>
<br />
<ul>
<li> laat zien dat 90% van de respondenten een hoge mate van werktevredenheid heeft. <br /> False </li>
<li> zal in 90% van de gevallen de daadwerkelijke populatieparameter bevatten. <br /> False </li>
<li> is intern consistent. <br /> True </li>
<li> is voor 90% van de respondenten een valide meting. <br /> False </li>
</ul>
</div>
</div>
</modalFeedback>
<modalFeedback identifier="ANSWER_CORRECT" outcomeIdentifier="FEEDBACK" showHide="show">
<div class="textblock tvblock tvcss_1"><div class="rte_zone tveditor1">
<p>Language<br />
Nederlands</p>
<p>M&amp;T Basics of quantitative research<br />
Basics of quantitative research</p>
<p>M&amp;T BIS<br />
Default value</p>
<br />
<ul>
<li> laat zien dat 90% van de respondenten een hoge mate van werktevredenheid heeft. <br /> False </li>
<li> zal in 90% van de gevallen de daadwerkelijke populatieparameter bevatten. <br /> False </li>
<li> is intern consistent. <br /> True </li>
<li> is voor 90% van de respondenten een valide meting. <br /> False </li>
</ul>
</div>
</div>
</modalFeedback>
<modalFeedback identifier="PARTIAL_CORRECT" outcomeIdentifier="FEEDBACK" showHide="show">
<div class="textblock tvblock tvcss_1"><div class="rte_zone tveditor1">
<p>Language<br />
Nederlands</p>
<p>M&amp;T Basics of quantitative research<br />
Basics of quantitative research</p>
<p>M&amp;T BIS<br />
Default value</p>
<br />
<ul>
<li> laat zien dat 90% van de respondenten een hoge mate van werktevredenheid heeft. <br /> False </li>
<li> zal in 90% van de gevallen de daadwerkelijke populatieparameter bevatten. <br /> False </li>
<li> is intern consistent. <br /> True </li>
<li> is voor 90% van de respondenten een valide meting. <br /> False </li>
</ul>
</div>
</div>
</modalFeedback>
</assessmentItem>
