<?xml version="1.0" encoding="UTF-8"?>
<manifest xsi:schemaLocation="http://www.imsglobal.org/xsd/imscp_v1p1 http://www.imsglobal.org/xsd/qti/qtiv2p1/qtiv2p1_imscpv1p2_v1p0.xsd http://www.imsglobal.org/xsd/imsqti_v2p1 http://www.imsglobal.org/xsd/qti/qtiv2p1/imsqti_v2p1p1.xsd http://www.imsglobal.org/xsd/imsqti_metadata_v2p1 http://www.imsglobal.org/xsd/qti/qtiv2p1/imsqti_metadata_v2p1p1.xsd http://ltsc.ieee.org/xsd/LOM http://www.imsglobal.org/xsd/imsmd_loose_v1p3p2.xsd http://www.w3.org/1998/Math/MathML http://www.w3.org/Math/XMLSchema/mathml2/mathml2.xsd" identifier="vufgb-prediction-001-en-ans_318123942_manifest" xmlns="http://www.imsglobal.org/xsd/imscp_v1p1" xmlns:xsi="http://www.w3.org/2001/XMLSchema-instance">
<metadata>
<schema>QTIv2.1 Package</schema>
<schemaversion>1.0.0</schemaversion>
</metadata>
<organizations/>
<resources>
<resource identifier="vufgb-prediction-001-en-ans_318123942_id" type="imsqti_test_xmlv2p1" href="vufgb-prediction-001-en-ans_318123942.xml">
<metadata>
<lom xmlns="http://ltsc.ieee.org/xsd/LOM">
<general>
<identifier>
<entry>vufgb-prediction-001-en-ans_318123942</entry>
</identifier>
<title>
<string language="en_US">vufgb-prediction-001-en-ans</string>
</title>
<description>
<string language="en_US">Please solve the following exercises.</string>
</description>
</general>
<lifeCycle>
<contribute>
<role>
<source>LOMv1.0</source>
<value>author</value>
</role>
<entity>R/exams</entity>
<date>
<dateTime>2025-06-19T10:06:50</dateTime>
</date>
</contribute>
</lifeCycle>
</lom>
</metadata>
<file href="vufgb-prediction-001-en-ans_318123942.xml"/>
<dependency identifierref="vufgb-prediction-001-en-ans_318123942_section_1_item_1_schoice_id"/>
</resource>
<resource identifier="media_supplements1_vufgb-prediction-001-en-table01.jpg_id" type="imsqti_item_xmlv2p1" href="media/supplements1/vufgb-prediction-001-en-table01.jpg">
<file href="media/supplements1/vufgb-prediction-001-en-table01.jpg"/>
</resource>
<resource identifier="vufgb-prediction-001-en-ans_318123942_section_1_item_1_schoice_id" type="imsqti_item_xmlv2p1" href="vufgb-prediction-001-en-ans_318123942_section_1_item_1_schoice.xml">
<file href="vufgb-prediction-001-en-ans_318123942_section_1_item_1_schoice.xml"/>
</resource>
</resources>
</manifest>
