<?xml version="1.0" encoding="UTF-8"?>
<assessmentItem xsi:schemaLocation="http://www.imsglobal.org/xsd/imsqti_v2p1 http://www.imsglobal.org/xsd/qti/qtiv2p1/imsqti_v2p1p1.xsd http://www.w3.org/1998/Math/MathML http://www.w3.org/Math/XMLSchema/mathml2/mathml2.xsd" identifier="uva-statistical-errors-168-en-ans_638528962_section_1_item_1_schoice" title="Inferential_Statistics_uva-statistical-errors-168-en_uva-statistical-errors-168-en_schoice_1" adaptive="false" timeDependent="false" xmlns="http://www.imsglobal.org/xsd/imsqti_v2p1" xmlns:xsi="http://www.w3.org/2001/XMLSchema-instance">
<responseDeclaration identifier="uva-statistical-errors-168-en-ans_638528962_section_1_item_1_schoice_RESPONSE_1_6860176" cardinality="single" baseType="identifier">
<correctResponse>
<value>uva-statistical-errors-168-en-ans_638528962_section_1_item_1_schoice_3_2533484430</value>
</correctResponse>
<mapping defaultValue="0" lowerBound="0.0">
<mapEntry mapKey="uva-statistical-errors-168-en-ans_638528962_section_1_item_1_schoice_1_4952564944" mappedValue="0"/>
<mapEntry mapKey="uva-statistical-errors-168-en-ans_638528962_section_1_item_1_schoice_2_6299548938" mappedValue="0"/>
<mapEntry mapKey="uva-statistical-errors-168-en-ans_638528962_section_1_item_1_schoice_3_2533484430" mappedValue="1"/>
</mapping>
</responseDeclaration>
<outcomeDeclaration identifier="SCORE" cardinality="single" baseType="float" normalMaximum="1" normalMinimum="0">
<defaultValue>
<value>0.0</value>
</defaultValue>
</outcomeDeclaration>
<outcomeDeclaration identifier="MAXSCORE" cardinality="single" baseType="float">
<defaultValue>
<value>1</value>
</defaultValue>
</outcomeDeclaration>
<outcomeDeclaration identifier="FEEDBACKBASIC" cardinality="single" baseType="identifier" view="testConstructor">
<defaultValue>
<value>empty</value>
</defaultValue>
</outcomeDeclaration>
<outcomeDeclaration identifier="FEEDBACKMODAL" cardinality="multiple" baseType="identifier" view="testConstructor"/>
<outcomeDeclaration identifier="SOLUTIONMODAL" cardinality="single" baseType="identifier" view="testConstructor"/>
<outcomeDeclaration identifier="MINSCORE" cardinality="single" baseType="float">
<defaultValue>
<value baseType="float">0</value>
</defaultValue>
</outcomeDeclaration>
<outcomeDeclaration identifier="SCORE_RESPONSE_1" cardinality="single" baseType="float">
<defaultValue>
<value>0.0</value>
</defaultValue>
</outcomeDeclaration>
<outcomeDeclaration identifier="MINSCORE_RESPONSE_1" cardinality="single" baseType="float">
<defaultValue>
<value>0.0</value>
</defaultValue>
</outcomeDeclaration>
<itemBody>
<p>The probability of a Type II error goes up if. I. the number of subjects goes up II. the significance level goes up</p>
<choiceInteraction responseIdentifier="uva-statistical-errors-168-en-ans_638528962_section_1_item_1_schoice_RESPONSE_1_6860176" shuffle="false" maxChoices="1">
<simpleChoice identifier="uva-statistical-errors-168-en-ans_638528962_section_1_item_1_schoice_1_4952564944">
<p>
 I is TRUE and II is false
</p>
</simpleChoice>
<simpleChoice identifier="uva-statistical-errors-168-en-ans_638528962_section_1_item_1_schoice_2_6299548938">
<p>
 I is false and II is true
</p>
</simpleChoice>
<simpleChoice identifier="uva-statistical-errors-168-en-ans_638528962_section_1_item_1_schoice_3_2533484430">
<p>
 I and II are both untrue
</p>
</simpleChoice>
</choiceInteraction>
</itemBody>
<responseProcessing>
<setOutcomeValue identifier="SCORE_RESPONSE_1">
<sum>
<variable identifier="SCORE_RESPONSE_1"/>
<mapResponse identifier="uva-statistical-errors-168-en-ans_638528962_section_1_item_1_schoice_RESPONSE_1_6860176"/>
</sum>
</setOutcomeValue>
<responseCondition>
<responseIf>
<lt>
<variable identifier="SCORE_RESPONSE_1"/>
<variable identifier="MINSCORE_RESPONSE_1"/>
</lt>
<setOutcomeValue identifier="SCORE_RESPONSE_1">
<variable identifier="MINSCORE_RESPONSE_1"/>
</setOutcomeValue>
</responseIf>
</responseCondition>
<responseCondition>
<responseIf>
<isNull>
<variable identifier="uva-statistical-errors-168-en-ans_638528962_section_1_item_1_schoice_RESPONSE_1_6860176"/>
</isNull>
<setOutcomeValue identifier="SCORE_RESPONSE_1">
<sum>
<variable identifier="SCORE_RESPONSE_1"/>
<baseValue baseType="float">0</baseValue>
</sum>
</setOutcomeValue>
</responseIf>
</responseCondition>
<setOutcomeValue identifier="SCORE">
<sum>
<variable identifier="SCORE_RESPONSE_1"/>
</sum>
</setOutcomeValue>
<responseCondition>
<responseIf>
<lt>
<variable identifier="SCORE"/>
<variable identifier="MINSCORE"/>
</lt>
<setOutcomeValue identifier="SCORE">
<variable identifier="MINSCORE"/>
</setOutcomeValue>
</responseIf>
</responseCondition>
<responseCondition>
<responseIf>
<lt>
<variable identifier="SCORE"/>
<baseValue baseType="float">1</baseValue>
</lt>
<setOutcomeValue identifier="FEEDBACKMODAL">
<multiple>
<variable identifier="FEEDBACKMODAL"/>
<baseValue baseType="identifier">Feedback104116249</baseValue>
</multiple>
</setOutcomeValue>
</responseIf>
</responseCondition>
</responseProcessing>
<modalFeedback outcomeIdentifier="FEEDBACK" showHide="show" identifier="incorrect">
<ul>
<li> I is TRUE and II is false <br /> I is TRUE and II is false: Incorrect </li>
<li> I is false and II is true <br /> I is false and II is true: Incorrect </li>
<li> I and II are both untrue <br /> I and II are both untrue: Correct </li>
</ul>
</modalFeedback>
</assessmentItem>
