<?xml version="1.0" encoding="utf-8" standalone="yes"?>
<assessmentItem identifier="uva-correlation-1654-en-tv_202510071723_item_1_schoice" title="uva-correlation-1654-en-tv_202510071723_item_1_schoice_uva-correlation-1654-en" adaptive="false" timeDependent="false" toolName="Testvision Online" toolVersion="39.0.9084" xmlns="http://www.imsglobal.org/xsd/imsqti_v2p1">
<responseDeclaration identifier="RESPONSE" cardinality="single" baseType="identifier">
<correctResponse>
<value>alt_985950</value>
</correctResponse>
<mapping defaultValue="0" lowerBound="0.0">
<mapEntry mapKey="alt_148075" mappedValue="-0.333333333333333"/>
<mapEntry mapKey="alt_985950" mappedValue="1"/>
<mapEntry mapKey="alt_235156" mappedValue="-0.333333333333333"/>
<mapEntry mapKey="alt_158114" mappedValue="-0.333333333333333"/>
</mapping>
</responseDeclaration>
<outcomeDeclaration identifier="SCORE" cardinality="single" baseType="float" normalMaximum="1" normalMinimum="0" />
<outcomeDeclaration identifier="FEEDBACK" cardinality="single" baseType="identifier" />
<stylesheet href="css/uva-correlation-1654-en-tv_202510071723_item_1_schoice.css" type="text/css" />
<itemBody>
<p>The following is an indication of 5 individuals as to how they are ranked on authoritarian behavior and social status:‖ Authoritarian behavior: 3, 5, 2, 4, 1. Social status: 2, 4, 1, 5, 3. The value of the Spearman correlation coefficient here is</p>
<choiceInteraction responseIdentifier="RESPONSE" shuffle="false" maxChoices="1">
<simpleChoice identifier="alt_148075">
<div class="textblock tvblock tvcss_1"><div class="rte_zone tveditor1">
 0.5
</div>
</div>
</simpleChoice>
<simpleChoice identifier="alt_985950">
<div class="textblock tvblock tvcss_1"><div class="rte_zone tveditor1">
 0.6
</div>
</div>
</simpleChoice>
<simpleChoice identifier="alt_235156">
<div class="textblock tvblock tvcss_1"><div class="rte_zone tveditor1">
 0.667
</div>
</div>
</simpleChoice>
<simpleChoice identifier="alt_158114">
<div class="textblock tvblock tvcss_1"><div class="rte_zone tveditor1">
 0.7
</div>
</div>
</simpleChoice>
</choiceInteraction>
</itemBody>
<responseProcessing>
<responseCondition>
<responseIf>
<isNull>
<variable identifier="RESPONSE"/>
</isNull>
<setOutcomeValue identifier="SCORE">
<baseValue baseType="float">0.0</baseValue>
</setOutcomeValue>
<setOutcomeValue identifier="FEEDBACK">
<baseValue baseType="identifier">FAILURE</baseValue>
</setOutcomeValue>
</responseIf>
<responseElse>
<setOutcomeValue identifier="SCORE">
<mapResponse identifier="RESPONSE"/>
</setOutcomeValue>
<responseCondition>
<responseIf>
<equal toleranceMode="relative" tolerance="0.001">
<variable identifier="SCORE"/>
<variable identifier="MAXSCORE"/>
</equal>
<setOutcomeValue identifier="FEEDBACK">
<baseValue baseType="identifier">ANSWER_CORRECT</baseValue>
</setOutcomeValue>
</responseIf>
<responseElse>
<setOutcomeValue identifier="FEEDBACK">
<baseValue baseType="identifier">FAILURE</baseValue>
</setOutcomeValue>
</responseElse>
</responseCondition>
</responseElse>
</responseCondition>
</responseProcessing>
<modalFeedback identifier="FAILURE" outcomeIdentifier="FEEDBACK" showHide="show">
<div class="textblock tvblock tvcss_1"><div class="rte_zone tveditor1">
<ul>
<li> 0.5 <br /> 0.5: Incorrect </li>
<li> 0.6 <br /> 0.6: Correct </li>
<li> 0.667 <br /> 0.667: Incorrect </li>
<li> 0.7 <br /> 0.7: Incorrect </li>
</ul>
</div>
</div>
</modalFeedback>
<modalFeedback identifier="ANSWER_CORRECT" outcomeIdentifier="FEEDBACK" showHide="show">
<div class="textblock tvblock tvcss_1"><div class="rte_zone tveditor1">
<ul>
<li> 0.5 <br /> 0.5: Incorrect </li>
<li> 0.6 <br /> 0.6: Correct </li>
<li> 0.667 <br /> 0.667: Incorrect </li>
<li> 0.7 <br /> 0.7: Incorrect </li>
</ul>
</div>
</div>
</modalFeedback>
<modalFeedback identifier="PARTIAL_CORRECT" outcomeIdentifier="FEEDBACK" showHide="show">
<div class="textblock tvblock tvcss_1"><div class="rte_zone tveditor1">
<ul>
<li> 0.5 <br /> 0.5: Incorrect </li>
<li> 0.6 <br /> 0.6: Correct </li>
<li> 0.667 <br /> 0.667: Incorrect </li>
<li> 0.7 <br /> 0.7: Incorrect </li>
</ul>
</div>
</div>
</modalFeedback>
</assessmentItem>
