<?xml version="1.0" encoding="UTF-8"?>
<!DOCTYPE questestinterop SYSTEM "ims_qtiasiv1p2p1.dtd">

<questestinterop xmlns="http://www.imsglobal.org/xsd/ims_qtiasiv1p2" xmlns:xsi="http://www.w3.org/2001/XMLSchema-instance" xsi:schemaLocation="http://www.imsglobal.org/xsd/ims_qtiasiv1p2 http://www.imsglobal.org/xsd/ims_qtiasiv1p2p1.xsd">
<assessment ident="vufgb-suppression-005-nl-canvas_545566209" title="vufgb-suppression-005-nl-canvas">

<qtimetadata>
<qtimetadatafield>
<fieldlabel>cc_maxattempts</fieldlabel>
<fieldentry>1</fieldentry>
</qtimetadatafield>
<qtimetadatafield>
<fieldlabel>qmd_assessmenttype</fieldlabel>
<fieldentry>Assessment</fieldentry>
</qtimetadatafield>
</qtimetadata>
<objectives>
<material>
<mattext><![CDATA[Please solve the following exercises.]]></mattext>
</material>
</objectives>
<assessmentcontrol feedbackswitch="No" hintswitch="No" solutionswitch="Yes"/>
<outcomes_processing scoremodel="SumOfScores">
<outcomes>
<decvar varname="SCORE" vartype="Decimal" cutvalue="0"/>
</outcomes>
</outcomes_processing>
<assessfeedback title="AssessmentFeedback" ident="AssessmentFeedback">
<flow_mat>
<material>
<mattext>##AssessmentFeedback##</mattext>
</material>
</flow_mat>
</assessfeedback>

<section ident="vufgb-suppression-005-nl-canvas_545566209_section_1" title="Exercise">

<objectives>
<material>
<mattext><![CDATA[Please answer the following question.]]></mattext>
</material>
</objectives>
<selection_ordering>
<selection>
<selection_number>1</selection_number>
<selection_extension>
<points_per_item>1</points_per_item>
</selection_extension>
</selection>
<order order_type="Random"/>
</selection_ordering>

<item ident="vufgb-suppression-005-nl-canvas_545566209_section_1_item_1_schoice" title="Question" maxattempts="1">
<itemcontrol feedbackswitch="No" hintswitch="No" solutionswitch="Yes"/>
<itemmetadata>
<qtimetadata>
<qtimetadatafield>
<fieldlabel>question_type</fieldlabel>
<fieldentry>multiple_choice_question</fieldentry>
</qtimetadatafield>
</qtimetadata>
</itemmetadata>
<presentation>
<flow>
<material>
<matbreak/>
<mattext texttype="text/html" charset="utf-8"><![CDATA[
<p>Vul aan:</p>
<p>De variabele <span class="math inline">\(X_{2}\)</span> is een ‘suppressor’ variabele als de relatie tussen <span class="math inline">\(X_{1}\)</span> en Y … zodra er wordt gecontroleerd voor <span class="math inline">\(X_{2}\)</span>.</p>
]]></mattext>
<matbreak/>
</material>
<response_lid ident="vufgb-suppression-005-nl-canvas_545566209_section_1_item_1_schoice_RESPONSE_2327124" rcardinality="Single" rtiming="No">
<render_choice shuffle="No">
<flow_label class="List">
<response_label ident="vufgb-suppression-005-nl-canvas_545566209_section_1_item_1_schoice_1917026721" rshuffle="No">
<material>
<mattext texttype="text/html" charset="utf-8"><![CDATA[
 verdwijnt
]]></mattext>
</material>
</response_label>
</flow_label>
<flow_label class="List">
<response_label ident="vufgb-suppression-005-nl-canvas_545566209_section_1_item_1_schoice_1322410297" rshuffle="No">
<material>
<mattext texttype="text/html" charset="utf-8"><![CDATA[
 niet verandert
]]></mattext>
</material>
</response_label>
</flow_label>
<flow_label class="List">
<response_label ident="vufgb-suppression-005-nl-canvas_545566209_section_1_item_1_schoice_9534427809" rshuffle="No">
<material>
<mattext texttype="text/html" charset="utf-8"><![CDATA[
 zichtbaar wordt
]]></mattext>
</material>
</response_label>
</flow_label>
<flow_label class="List">
<response_label ident="vufgb-suppression-005-nl-canvas_545566209_section_1_item_1_schoice_4583427602" rshuffle="No">
<material>
<mattext texttype="text/html" charset="utf-8"><![CDATA[
 een omgekeerde richting krijgt
]]></mattext>
</material>
</response_label>
</flow_label>
</render_choice>
</response_lid>
</flow>
</presentation>
<resprocessing>
<outcomes>
<decvar varname="SCORE" vartype="Decimal" defaultval="0" minvalue="0" maxvalue="1" cutvalue="1"/>
</outcomes>
<respcondition title="Mastery" continue="No">
<conditionvar>
<and>
<varequal respident="vufgb-suppression-005-nl-canvas_545566209_section_1_item_1_schoice_RESPONSE_2327124" case="Yes">vufgb-suppression-005-nl-canvas_545566209_section_1_item_1_schoice_9534427809</varequal>
<not> <varequal respident="vufgb-suppression-005-nl-canvas_545566209_section_1_item_1_schoice_RESPONSE_2327124" case="Yes">vufgb-suppression-005-nl-canvas_545566209_section_1_item_1_schoice_1917026721</varequal> </not>
<not> <varequal respident="vufgb-suppression-005-nl-canvas_545566209_section_1_item_1_schoice_RESPONSE_2327124" case="Yes">vufgb-suppression-005-nl-canvas_545566209_section_1_item_1_schoice_1322410297</varequal> </not>
<not> <varequal respident="vufgb-suppression-005-nl-canvas_545566209_section_1_item_1_schoice_RESPONSE_2327124" case="Yes">vufgb-suppression-005-nl-canvas_545566209_section_1_item_1_schoice_4583427602</varequal> </not>
</and>
</conditionvar>
<setvar varname="SCORE" action="Set">1</setvar>
<displayfeedback feedbacktype="Response" linkrefid="correct_fb"/>
</respcondition>
<respcondition continue="Yes">
<conditionvar>
<other/>
</conditionvar>
<displayfeedback feedbacktype="Response" linkrefid="general_incorrect_fb"/>
</respcondition>
</resprocessing>
<itemfeedback ident="correct_fb" view="All">
<flow_mat>
<material>
<mattext texttype="text/html"><![CDATA[
<ul>
<li> verdwijnt <br /> Incorrect </li>
<li> niet verandert <br /> Incorrect </li>
<li> zichtbaar wordt <br /> Correct </li>
<li> een omgekeerde richting krijgt <br /> Incorrect </li>
</ul>
]]></mattext>
</material>
</flow_mat>
</itemfeedback>
<itemfeedback ident="general_incorrect_fb" view="All">
<flow_mat>
<material>
<mattext texttype="text/html"><![CDATA[
<ul>
<li> verdwijnt <br /> Incorrect </li>
<li> niet verandert <br /> Incorrect </li>
<li> zichtbaar wordt <br /> Correct </li>
<li> een omgekeerde richting krijgt <br /> Incorrect </li>
</ul>
]]></mattext>
</material>
</flow_mat>
</itemfeedback>
</item>


</section>

</assessment>
</questestinterop>
