<?xml version="1.0" encoding="UTF-8"?>
<assessmentItem xsi:schemaLocation="http://www.imsglobal.org/xsd/imsqti_v2p1 http://www.imsglobal.org/xsd/qti/qtiv2p1/imsqti_v2p1p1.xsd http://www.w3.org/1998/Math/MathML http://www.w3.org/Math/XMLSchema/mathml2/mathml2.xsd" identifier="vufgb-twowayanova-005-en-ans_579998827_section_1_item_1_schoice" title="Inferential_Statistics_vufgb-twowayanova-005-en_vufgb-twowayanova-005-en_schoice_1" adaptive="false" timeDependent="false" xmlns="http://www.imsglobal.org/xsd/imsqti_v2p1" xmlns:xsi="http://www.w3.org/2001/XMLSchema-instance">
<responseDeclaration identifier="vufgb-twowayanova-005-en-ans_579998827_section_1_item_1_schoice_RESPONSE_1_1529009" cardinality="single" baseType="identifier">
<correctResponse>
<value>vufgb-twowayanova-005-en-ans_579998827_section_1_item_1_schoice_3_9264114792</value>
</correctResponse>
<mapping defaultValue="0" lowerBound="0.0">
<mapEntry mapKey="vufgb-twowayanova-005-en-ans_579998827_section_1_item_1_schoice_1_6592141959" mappedValue="0"/>
<mapEntry mapKey="vufgb-twowayanova-005-en-ans_579998827_section_1_item_1_schoice_2_7563008640" mappedValue="0"/>
<mapEntry mapKey="vufgb-twowayanova-005-en-ans_579998827_section_1_item_1_schoice_3_9264114792" mappedValue="1"/>
<mapEntry mapKey="vufgb-twowayanova-005-en-ans_579998827_section_1_item_1_schoice_4_7938605280" mappedValue="0"/>
</mapping>
</responseDeclaration>
<outcomeDeclaration identifier="SCORE" cardinality="single" baseType="float" normalMaximum="1" normalMinimum="0">
<defaultValue>
<value>0.0</value>
</defaultValue>
</outcomeDeclaration>
<outcomeDeclaration identifier="MAXSCORE" cardinality="single" baseType="float">
<defaultValue>
<value>1</value>
</defaultValue>
</outcomeDeclaration>
<outcomeDeclaration identifier="FEEDBACKBASIC" cardinality="single" baseType="identifier" view="testConstructor">
<defaultValue>
<value>empty</value>
</defaultValue>
</outcomeDeclaration>
<outcomeDeclaration identifier="FEEDBACKMODAL" cardinality="multiple" baseType="identifier" view="testConstructor"/>
<outcomeDeclaration identifier="SOLUTIONMODAL" cardinality="single" baseType="identifier" view="testConstructor"/>
<outcomeDeclaration identifier="MINSCORE" cardinality="single" baseType="float">
<defaultValue>
<value baseType="float">0</value>
</defaultValue>
</outcomeDeclaration>
<outcomeDeclaration identifier="SCORE_RESPONSE_1" cardinality="single" baseType="float">
<defaultValue>
<value>0.0</value>
</defaultValue>
</outcomeDeclaration>
<outcomeDeclaration identifier="MINSCORE_RESPONSE_1" cardinality="single" baseType="float">
<defaultValue>
<value>0.0</value>
</defaultValue>
</outcomeDeclaration>
<itemBody>
<p>In a clinical study boys and girls are randomly assigned to one of four treatments for internalizing problems. At the end of the treatment period, internalizing problems are measured by means of a questionnaire. Which analysis technique should be used to investigate whether the four treatments are equally effective, and whether this differs for boys and girls?</p>
<choiceInteraction responseIdentifier="vufgb-twowayanova-005-en-ans_579998827_section_1_item_1_schoice_RESPONSE_1_1529009" shuffle="false" maxChoices="1">
<simpleChoice identifier="vufgb-twowayanova-005-en-ans_579998827_section_1_item_1_schoice_1_6592141959">
<p>
 Multiple logistic regression.
</p>
</simpleChoice>
<simpleChoice identifier="vufgb-twowayanova-005-en-ans_579998827_section_1_item_1_schoice_2_7563008640">
<p>
 ANCOVA.
</p>
</simpleChoice>
<simpleChoice identifier="vufgb-twowayanova-005-en-ans_579998827_section_1_item_1_schoice_3_9264114792">
<p>
 Twoway ANOVA.
</p>
</simpleChoice>
<simpleChoice identifier="vufgb-twowayanova-005-en-ans_579998827_section_1_item_1_schoice_4_7938605280">
<p>
 Oneway ANOVA.
</p>
</simpleChoice>
</choiceInteraction>
</itemBody>
<responseProcessing>
<setOutcomeValue identifier="SCORE_RESPONSE_1">
<sum>
<variable identifier="SCORE_RESPONSE_1"/>
<mapResponse identifier="vufgb-twowayanova-005-en-ans_579998827_section_1_item_1_schoice_RESPONSE_1_1529009"/>
</sum>
</setOutcomeValue>
<responseCondition>
<responseIf>
<lt>
<variable identifier="SCORE_RESPONSE_1"/>
<variable identifier="MINSCORE_RESPONSE_1"/>
</lt>
<setOutcomeValue identifier="SCORE_RESPONSE_1">
<variable identifier="MINSCORE_RESPONSE_1"/>
</setOutcomeValue>
</responseIf>
</responseCondition>
<responseCondition>
<responseIf>
<isNull>
<variable identifier="vufgb-twowayanova-005-en-ans_579998827_section_1_item_1_schoice_RESPONSE_1_1529009"/>
</isNull>
<setOutcomeValue identifier="SCORE_RESPONSE_1">
<sum>
<variable identifier="SCORE_RESPONSE_1"/>
<baseValue baseType="float">0</baseValue>
</sum>
</setOutcomeValue>
</responseIf>
</responseCondition>
<setOutcomeValue identifier="SCORE">
<sum>
<variable identifier="SCORE_RESPONSE_1"/>
</sum>
</setOutcomeValue>
<responseCondition>
<responseIf>
<lt>
<variable identifier="SCORE"/>
<variable identifier="MINSCORE"/>
</lt>
<setOutcomeValue identifier="SCORE">
<variable identifier="MINSCORE"/>
</setOutcomeValue>
</responseIf>
</responseCondition>
<responseCondition>
<responseIf>
<lt>
<variable identifier="SCORE"/>
<baseValue baseType="float">1</baseValue>
</lt>
<setOutcomeValue identifier="FEEDBACKMODAL">
<multiple>
<variable identifier="FEEDBACKMODAL"/>
<baseValue baseType="identifier">Feedback473937593</baseValue>
</multiple>
</setOutcomeValue>
</responseIf>
</responseCondition>
</responseProcessing>
<modalFeedback outcomeIdentifier="FEEDBACK" showHide="show" identifier="incorrect">
<ul>
<li> Multiple logistic regression. <br /> Incorrect </li>
<li> ANCOVA. <br /> Incorrect </li>
<li> Twoway ANOVA. <br /> Correct </li>
<li> Oneway ANOVA. <br /> Incorrect </li>
</ul>
</modalFeedback>
</assessmentItem>
