<?xml version="1.0" encoding="UTF-8"?>
<assessmentTest xsi:schemaLocation="http://www.imsglobal.org/xsd/imsqti_v2p1 http://www.imsglobal.org/xsd/qti/qtiv2p1/imsqti_v2p1p1.xsd" identifier="eur-descriptive-415-en-ans_272744538" title="eur-descriptive-415-en-ans" xmlns="http://www.imsglobal.org/xsd/imsqti_v2p1" xmlns:xsi="http://www.w3.org/2001/XMLSchema-instance">
<outcomeDeclaration identifier="SCORE" cardinality="single" baseType="float">
<defaultValue>
<value>0.0</value>
</defaultValue>
</outcomeDeclaration>
<outcomeDeclaration identifier="FEEDBACKMODAL" cardinality="multiple" baseType="identifier" view="testConstructor"/>
<outcomeDeclaration identifier="MAXSCORE" cardinality="single" baseType="float">
<defaultValue>
<value>1</value>
</defaultValue>
</outcomeDeclaration>

<testPart identifier="eur-descriptive-415-en-ans_272744538_part1" navigationMode="nonlinear" submissionMode="individual">
<itemSessionControl allowComment="false" maxAttempts="1" showSolution="true" allowSkipping="true" allowReview="false"/>
<assessmentSection identifier="eur-descriptive-415-en-ans_272744538_section_1" fixed="false" title="" visible="false">
<selection select="1"/>
<ordering shuffle="true"/>

<assessmentItemRef identifier="eur-descriptive-415-en-ans_272744538_section_1_item_1_num" href="eur-descriptive-415-en-ans_272744538_section_1_item_1_num.xml" fixed="false"/>
</assessmentSection>
</testPart>
<outcomeProcessing>
<setOutcomeValue identifier="SCORE">
<sum>
<testVariables variableIdentifier="SCORE"/>
</sum>
</setOutcomeValue>
</outcomeProcessing>
</assessmentTest>
