<?xml version="1.0" encoding="utf-8" standalone="yes"?>
<assessmentItem identifier="vufgb-anovaftest-017-nl-tv_202601131823_item_1_schoice" title="vufgb-anovaftest-017-nl-tv_202601131823_item_1_schoice_vufgb-anovaftest-017-nl" adaptive="false" timeDependent="false" toolName="Testvision Online" toolVersion="39.0.9084" xmlns="http://www.imsglobal.org/xsd/imsqti_v2p1">
<responseDeclaration identifier="RESPONSE" cardinality="single" baseType="identifier">
<correctResponse>
<value>alt_726638</value>
</correctResponse>
<mapping defaultValue="0" lowerBound="0.0">
<mapEntry mapKey="alt_726638" mappedValue="1"/>
<mapEntry mapKey="alt_282375" mappedValue="-0.333333333333333"/>
<mapEntry mapKey="alt_954990" mappedValue="-0.333333333333333"/>
<mapEntry mapKey="alt_173864" mappedValue="-0.333333333333333"/>
</mapping>
</responseDeclaration>
<outcomeDeclaration identifier="SCORE" cardinality="single" baseType="float" normalMaximum="1" normalMinimum="0" />
<outcomeDeclaration identifier="FEEDBACK" cardinality="single" baseType="identifier" />
<stylesheet href="css/vufgb-anovaftest-017-nl-tv_202601131823_item_1_schoice.css" type="text/css" />
<itemBody>
<p>Vul onderstaande tabel aan met resultaten van een eenwegs ANOVA. Wat is de <em>F</em>-waarde, en wat betekent dit?</p>
<p><img src="mediafiles/supplements1/vufgb-anovaftest-017-nl-table01.jpg" alt="image"/></p>
<choiceInteraction responseIdentifier="RESPONSE" shuffle="false" maxChoices="1">
<simpleChoice identifier="alt_726638">
<div class="textblock tvblock tvcss_1"><div class="rte_zone tveditor1">
 <em>F</em> = 5.56, de variantie tussen groepen is groter dan de variantie binnen groepen.
</div>
</div>
</simpleChoice>
<simpleChoice identifier="alt_282375">
<div class="textblock tvblock tvcss_1"><div class="rte_zone tveditor1">
 <em>F</em> = 0.18, de variantie tussen groepen is kleiner dan de variantie binnen groepen.
</div>
</div>
</simpleChoice>
<simpleChoice identifier="alt_954990">
<div class="textblock tvblock tvcss_1"><div class="rte_zone tveditor1">
 <em>F</em> = 5.56, de variantie binnen groepen is groter dan de variantie tussen groepen.
</div>
</div>
</simpleChoice>
<simpleChoice identifier="alt_173864">
<div class="textblock tvblock tvcss_1"><div class="rte_zone tveditor1">
 <em>F</em> = 0.18, de variantie binnen groepen is kleiner dan de variantie tussen groepen.
</div>
</div>
</simpleChoice>
</choiceInteraction>
</itemBody>
<responseProcessing>
<responseCondition>
<responseIf>
<isNull>
<variable identifier="RESPONSE"/>
</isNull>
<setOutcomeValue identifier="SCORE">
<baseValue baseType="float">0.0</baseValue>
</setOutcomeValue>
<setOutcomeValue identifier="FEEDBACK">
<baseValue baseType="identifier">FAILURE</baseValue>
</setOutcomeValue>
</responseIf>
<responseElse>
<setOutcomeValue identifier="SCORE">
<mapResponse identifier="RESPONSE"/>
</setOutcomeValue>
<responseCondition>
<responseIf>
<equal toleranceMode="relative" tolerance="0.001">
<variable identifier="SCORE"/>
<variable identifier="MAXSCORE"/>
</equal>
<setOutcomeValue identifier="FEEDBACK">
<baseValue baseType="identifier">ANSWER_CORRECT</baseValue>
</setOutcomeValue>
</responseIf>
<responseElse>
<setOutcomeValue identifier="FEEDBACK">
<baseValue baseType="identifier">FAILURE</baseValue>
</setOutcomeValue>
</responseElse>
</responseCondition>
</responseElse>
</responseCondition>
</responseProcessing>
<modalFeedback identifier="FAILURE" outcomeIdentifier="FEEDBACK" showHide="show">
<div class="textblock tvblock tvcss_1"><div class="rte_zone tveditor1">
<ul>
<li> <em>F</em> = 5.56, de variantie tussen groepen is groter dan de variantie binnen groepen. <br /> Correct </li>
<li> <em>F</em> = 0.18, de variantie tussen groepen is kleiner dan de variantie binnen groepen. <br /> Incorrect </li>
<li> <em>F</em> = 5.56, de variantie binnen groepen is groter dan de variantie tussen groepen. <br /> Incorrect </li>
<li> <em>F</em> = 0.18, de variantie binnen groepen is kleiner dan de variantie tussen groepen. <br /> Incorrect </li>
</ul>
</div>
</div>
</modalFeedback>
<modalFeedback identifier="ANSWER_CORRECT" outcomeIdentifier="FEEDBACK" showHide="show">
<div class="textblock tvblock tvcss_1"><div class="rte_zone tveditor1">
<ul>
<li> <em>F</em> = 5.56, de variantie tussen groepen is groter dan de variantie binnen groepen. <br /> Correct </li>
<li> <em>F</em> = 0.18, de variantie tussen groepen is kleiner dan de variantie binnen groepen. <br /> Incorrect </li>
<li> <em>F</em> = 5.56, de variantie binnen groepen is groter dan de variantie tussen groepen. <br /> Incorrect </li>
<li> <em>F</em> = 0.18, de variantie binnen groepen is kleiner dan de variantie tussen groepen. <br /> Incorrect </li>
</ul>
</div>
</div>
</modalFeedback>
<modalFeedback identifier="PARTIAL_CORRECT" outcomeIdentifier="FEEDBACK" showHide="show">
<div class="textblock tvblock tvcss_1"><div class="rte_zone tveditor1">
<ul>
<li> <em>F</em> = 5.56, de variantie tussen groepen is groter dan de variantie binnen groepen. <br /> Correct </li>
<li> <em>F</em> = 0.18, de variantie tussen groepen is kleiner dan de variantie binnen groepen. <br /> Incorrect </li>
<li> <em>F</em> = 5.56, de variantie binnen groepen is groter dan de variantie tussen groepen. <br /> Incorrect </li>
<li> <em>F</em> = 0.18, de variantie binnen groepen is kleiner dan de variantie tussen groepen. <br /> Incorrect </li>
</ul>
</div>
</div>
</modalFeedback>
</assessmentItem>
