<?xml version="1.0" encoding="utf-8" standalone="yes"?>
<assessmentItem identifier="eur-reliability-401-en_202209051542_item_1_num" title="eur-reliability-401-en_202209051542_item_1_num_eur-reliability-401-en" adaptive="false" timeDependent="false" toolName="Testvision Online" toolVersion="39.0.9084" xmlns="http://www.imsglobal.org/xsd/imsqti_v2p1">
<responseDeclaration identifier="RESPONSE" cardinality="multiple" baseType="float">
<correctResponse>
<value>53.189</value>
<value>53.189;53.189</value>
</correctResponse>
</responseDeclaration>
<outcomeDeclaration identifier="SCORE" cardinality="single" baseType="float" normalMaximum="1" normalMinimum="0" />
<outcomeDeclaration identifier="FEEDBACK" cardinality="single" baseType="identifier" />
<itemBody>
<p>A researcher working at the psychology institute investigates alcohol abuse among adolescents. The researcher designed a questionnaire with 12 items using Likert scales ranging from 1 (completely disagree) to 5 (completely agree). An example of an item is: When I go out, I often consume more than 5 alcoholic beverages. The answers of 608 adolescent girls (1) and boys (2) to the 12 items are in the dataset. Note: higher scores on the questionnaire reflect more alcohol abuse.</p>
<p>Conduct a reliability analysis. What is the scale variance when all the items are included? (3 decimals)</p>
<p>Open the dataset below to answer this question:</p>
<p><strong>Download</strong> <a href="mediafiles/supplements1/eur-reliability-401-en-data.sav">SPSS file</a>, <a href="mediafiles/supplements1/eur-reliability-401-en-data.csv">CSV file</a></p>
<extendedTextInteraction responseIdentifier="RESPONSE"/>
</itemBody>
<responseProcessing>
<responseCondition>
<responseIf>
<isNull>
<variable identifier="RESPONSE"/>
</isNull>
<setOutcomeValue identifier="SCORE">
<baseValue baseType="float">0.0</baseValue>
</setOutcomeValue>
<setOutcomeValue identifier="FEEDBACK">
<baseValue baseType="identifier">FAILURE</baseValue>
</setOutcomeValue>
</responseIf>
<responseElse>
<responseCondition>
<responseIf>
<match>
<variable identifier="RESPONSE"/>
<correct identifier="RESPONSE"/>
</match>
<setOutcomeValue identifier="SCORE">
<baseValue baseType="float">1</baseValue>
</setOutcomeValue>
</responseIf>
<responseElse>
<setOutcomeValue identifier="SCORE">
<baseValue baseType="float">0</baseValue>
</setOutcomeValue>
</responseElse>
</responseCondition>
<responseCondition>
<responseIf>
<equal toleranceMode="relative" tolerance="0.001">
<variable identifier="SCORE"/>
<variable identifier="MAXSCORE"/>
</equal>
<setOutcomeValue identifier="FEEDBACK">
<baseValue baseType="identifier">ANSWER_CORRECT</baseValue>
</setOutcomeValue>
</responseIf>
<responseElse>
<setOutcomeValue identifier="FEEDBACK">
<baseValue baseType="identifier">FAILURE</baseValue>
</setOutcomeValue>
</responseElse>
</responseCondition>
</responseElse>
</responseCondition>
</responseProcessing>
<modalFeedback identifier="FAILURE" outcomeIdentifier="FEEDBACK" showHide="show">
<div class="textblock tvblock tvcss_1"><div class="rte_zone tveditor1">
<p>The scale variance when all items are included is 53.189 (ask for scale descriptives when conducting the reliability analysis).</p>
</div>
</div>
</modalFeedback>
<modalFeedback identifier="ANSWER_CORRECT" outcomeIdentifier="FEEDBACK" showHide="show">
<div class="textblock tvblock tvcss_1"><div class="rte_zone tveditor1">
<p>The scale variance when all items are included is 53.189 (ask for scale descriptives when conducting the reliability analysis).</p>
</div>
</div>
</modalFeedback>
<modalFeedback identifier="PARTIAL_CORRECT" outcomeIdentifier="FEEDBACK" showHide="show">
<div class="textblock tvblock tvcss_1"><div class="rte_zone tveditor1">
<p>The scale variance when all items are included is 53.189 (ask for scale descriptives when conducting the reliability analysis).</p>
</div>
</div>
</modalFeedback>
</assessmentItem>
