<?xml version="1.0" encoding="UTF-8"?>
<assessmentItem xsi:schemaLocation="http://www.imsglobal.org/xsd/imsqti_v2p1 http://www.imsglobal.org/xsd/qti/qtiv2p1/imsqti_v2p1p1.xsd http://www.w3.org/1998/Math/MathML http://www.w3.org/Math/XMLSchema/mathml2/mathml2.xsd" identifier="vufsw-confidence_intervals-1128-en-qti_321276557_section_1_item_1_schoice" title="1" adaptive="false" timeDependent="false" xmlns="http://www.imsglobal.org/xsd/imsqti_v2p1" xmlns:xsi="http://www.w3.org/2001/XMLSchema-instance">
<responseDeclaration identifier="vufsw-confidence_intervals-1128-en-qti_321276557_section_1_item_1_schoice_RESPONSE_1_1389125" cardinality="single" baseType="identifier">
<correctResponse>
<value>vufsw-confidence_intervals-1128-en-qti_321276557_section_1_item_1_schoice_2_6256643622</value>
</correctResponse>
<mapping defaultValue="0" lowerBound="0.0">
<mapEntry mapKey="vufsw-confidence_intervals-1128-en-qti_321276557_section_1_item_1_schoice_1_9918860788" mappedValue="0"/>
<mapEntry mapKey="vufsw-confidence_intervals-1128-en-qti_321276557_section_1_item_1_schoice_2_6256643622" mappedValue="1"/>
<mapEntry mapKey="vufsw-confidence_intervals-1128-en-qti_321276557_section_1_item_1_schoice_3_8519897618" mappedValue="0"/>
<mapEntry mapKey="vufsw-confidence_intervals-1128-en-qti_321276557_section_1_item_1_schoice_4_9042520665" mappedValue="0"/>
</mapping>
</responseDeclaration>
<outcomeDeclaration identifier="SCORE" cardinality="single" baseType="float" normalMaximum="1" normalMinimum="0">
<defaultValue>
<value>0.0</value>
</defaultValue>
</outcomeDeclaration>
<outcomeDeclaration identifier="MAXSCORE" cardinality="single" baseType="float">
<defaultValue>
<value>1</value>
</defaultValue>
</outcomeDeclaration>
<outcomeDeclaration identifier="FEEDBACKBASIC" cardinality="single" baseType="identifier" view="testConstructor">
<defaultValue>
<value>empty</value>
</defaultValue>
</outcomeDeclaration>
<outcomeDeclaration identifier="FEEDBACKMODAL" cardinality="multiple" baseType="identifier" view="testConstructor"/>
<outcomeDeclaration identifier="MINSCORE" cardinality="single" baseType="float">
<defaultValue>
<value baseType="float">0</value>
</defaultValue>
</outcomeDeclaration>
<outcomeDeclaration identifier="SCORE_RESPONSE_1" cardinality="single" baseType="float">
<defaultValue>
<value>0.0</value>
</defaultValue>
</outcomeDeclaration>
<outcomeDeclaration identifier="MINSCORE_RESPONSE_1" cardinality="single" baseType="float">
<defaultValue>
<value>0.0</value>
</defaultValue>
</outcomeDeclaration>
<itemBody>
<p>22 randomly selected German journalists (group 1) and 20 randomly
selected Argentinian journalists (group 2) were asked to assess the
quality of the German football team. The response scale ranges from 0
(very bad) to 10 (very good). The (fictitious) results show that the
German group gives an average of 8.3 and the Argentinian group an
average of 7.9. A researcher wants to check whether the assessment
differs significantly between both groups. It calculates the 95%
confidence interval of the difference in averages, μ1- μ2. This interval
appears to be (0.15, 0.65).</p>
<p>The researcher concludes that the assessments of the two groups differ
significantly from each other. What can this be derived from?</p>
<choiceInteraction responseIdentifier="vufsw-confidence_intervals-1128-en-qti_321276557_section_1_item_1_schoice_RESPONSE_1_1389125" shuffle="false" maxChoices="1">
<simpleChoice identifier="vufsw-confidence_intervals-1128-en-qti_321276557_section_1_item_1_schoice_1_9918860788">
<p>
 The critical t-value in a two-way test with significance level = 0.05 and df = 40 is 2.02. This number is outside the interval.
</p>
</simpleChoice>
<simpleChoice identifier="vufsw-confidence_intervals-1128-en-qti_321276557_section_1_item_1_schoice_2_6256643622">
<p>
 The number 0.00 is outside the interval.
</p>
</simpleChoice>
<simpleChoice identifier="vufsw-confidence_intervals-1128-en-qti_321276557_section_1_item_1_schoice_3_8519897618">
<p>
 The number 0.95 is outside the interval.
</p>
</simpleChoice>
<simpleChoice identifier="vufsw-confidence_intervals-1128-en-qti_321276557_section_1_item_1_schoice_4_9042520665">
<p>
 The number 0.05 is outside the interval.
</p>
</simpleChoice>
</choiceInteraction>
</itemBody>
<responseProcessing>
<responseCondition>
<responseIf>
<isNull>
<variable identifier="vufsw-confidence_intervals-1128-en-qti_321276557_section_1_item_1_schoice_RESPONSE_1_1389125"/>
</isNull>
<setOutcomeValue identifier="SCORE_RESPONSE_1">
<sum>
<variable identifier="SCORE_RESPONSE_1"/>
<baseValue baseType="float">0</baseValue>
</sum>
</setOutcomeValue>
</responseIf>
</responseCondition>
<setOutcomeValue identifier="SCORE_RESPONSE_1">
<sum>
<variable identifier="SCORE_RESPONSE_1"/>
<mapResponse identifier="vufsw-confidence_intervals-1128-en-qti_321276557_section_1_item_1_schoice_RESPONSE_1_1389125"/>
</sum>
</setOutcomeValue>
<responseCondition>
<responseIf>
<lt>
<variable identifier="SCORE_RESPONSE_1"/>
<variable identifier="MINSCORE_RESPONSE_1"/>
</lt>
<setOutcomeValue identifier="SCORE_RESPONSE_1">
<variable identifier="MINSCORE_RESPONSE_1"/>
</setOutcomeValue>
</responseIf>
</responseCondition>
<setOutcomeValue identifier="SCORE">
<sum>
<variable identifier="SCORE_RESPONSE_1"/>
</sum>
</setOutcomeValue>
<responseCondition>
<responseIf>
<lt>
<variable identifier="SCORE"/>
<variable identifier="MINSCORE"/>
</lt>
<setOutcomeValue identifier="SCORE">
<variable identifier="MINSCORE"/>
</setOutcomeValue>
</responseIf>
</responseCondition>
<responseCondition>
<responseIf>
<lt>
<variable identifier="SCORE"/>
<baseValue baseType="float">1</baseValue>
</lt>
<setOutcomeValue identifier="FEEDBACKMODAL">
<multiple>
<variable identifier="FEEDBACKMODAL"/>
<baseValue baseType="identifier">Feedback339891845</baseValue>
</multiple>
</setOutcomeValue>
</responseIf>
</responseCondition>
</responseProcessing>
<modalFeedback identifier="Feedback339891845" outcomeIdentifier="FEEDBACKMODAL" showHide="show">
<p>The number 0.00 is outside the interval, therefore you can conclude that
the assessments of the two groups differ significantly from each other</p>
<br />
 The critical t-value in a two-way test with significance level = 0.05 and df = 40 is 2.02. This number is outside the interval. <br /> False 
 The number 0.00 is outside the interval. <br /> True 
 The number 0.95 is outside the interval. <br /> False 
 The number 0.05 is outside the interval. <br /> False 
</modalFeedback>
</assessmentItem>
