<?xml version="1.0" encoding="utf-8" standalone="yes"?>
<assessmentItem identifier="uu-Oneway_ANOVA-881-nl-tv_202307180610_item_1_schoice" title="uu-Oneway_ANOVA-881-nl-tv_202307180610_item_1_schoice_uu-Oneway ANOVA-881-nl.Rmd" adaptive="false" timeDependent="false" toolName="Testvision Online" toolVersion="39.0.9084" xmlns="http://www.imsglobal.org/xsd/imsqti_v2p1">
<responseDeclaration identifier="RESPONSE" cardinality="single" baseType="identifier">
<correctResponse>
<value>alt_933339</value>
</correctResponse>
<mapping defaultValue="0" lowerBound="0.0">
<mapEntry mapKey="alt_933339" mappedValue="1"/>
<mapEntry mapKey="alt_570278" mappedValue="-0.333333333333333"/>
<mapEntry mapKey="alt_230287" mappedValue="-0.333333333333333"/>
<mapEntry mapKey="alt_569586" mappedValue="-0.333333333333333"/>
</mapping>
</responseDeclaration>
<outcomeDeclaration identifier="SCORE" cardinality="single" baseType="float" normalMaximum="1" normalMinimum="0" />
<outcomeDeclaration identifier="FEEDBACK" cardinality="single" baseType="identifier" />
<itemBody>
<p>Bij drie populaties met gemiddelden <math display="inline" xmlns="http://www.w3.org/1998/Math/MathML"><semantics><mrow><msub><mi>μ</mi><mn>1</mn></msub><mo>,</mo><msub><mi>μ</mi><mn>2</mn></msub></mrow><annotation encoding="application/x-tex">\mu_1, \mu_2</annotation></semantics></math> en <math display="inline" xmlns="http://www.w3.org/1998/Math/MathML"><semantics><msub><mi>μ</mi><mn>3</mn></msub><annotation encoding="application/x-tex">\mu_3</annotation></semantics></math> en standaardafwijkingen <math display="inline" xmlns="http://www.w3.org/1998/Math/MathML"><semantics><mrow><msub><mi>σ</mi><mn>1</mn></msub><mo>,</mo><msub><mi>σ</mi><mn>2</mn></msub></mrow><annotation encoding="application/x-tex">\sigma_1, \sigma_2</annotation></semantics></math> en <math display="inline" xmlns="http://www.w3.org/1998/Math/MathML"><semantics><msub><mi>σ</mi><mn>3</mn></msub><annotation encoding="application/x-tex">\sigma_3</annotation></semantics></math> wil men de volgende hypothesen toetsen:</p>
<ol style="list-style-type: upper-roman">
<li>Alle <math display="inline" xmlns="http://www.w3.org/1998/Math/MathML"><semantics><mi>μ</mi><annotation encoding="application/x-tex">\mu</annotation></semantics></math>’s zijn gelijk (gemiddelden)</li>
<li><math display="inline" xmlns="http://www.w3.org/1998/Math/MathML"><semantics><mrow><msub><mi>σ</mi><mn>1</mn></msub><mo>=</mo><msub><mi>σ</mi><mn>2</mn></msub><mo>=</mo><msub><mi>σ</mi><mn>3</mn></msub></mrow><annotation encoding="application/x-tex">\sigma_1 = \sigma_2 = \sigma_3</annotation></semantics></math> (standaarafwijkingen)</li>
</ol>
<p>Welke hiervan kan met een gewone variantieanalyse worden getoetst?</p>
<choiceInteraction responseIdentifier="RESPONSE" shuffle="false" maxChoices="1">
<simpleChoice identifier="alt_933339">
<div class="textblock tvblock tvcss_1"><div class="rte_zone tveditor1">
 Alleen I
</div>
</div>
</simpleChoice>
<simpleChoice identifier="alt_570278">
<div class="textblock tvblock tvcss_1"><div class="rte_zone tveditor1">
 Alleen II
</div>
</div>
</simpleChoice>
<simpleChoice identifier="alt_230287">
<div class="textblock tvblock tvcss_1"><div class="rte_zone tveditor1">
 Zowel I als II
</div>
</div>
</simpleChoice>
<simpleChoice identifier="alt_569586">
<div class="textblock tvblock tvcss_1"><div class="rte_zone tveditor1">
 I noch II
</div>
</div>
</simpleChoice>
</choiceInteraction>
</itemBody>
<responseProcessing>
<responseCondition>
<responseIf>
<isNull>
<variable identifier="RESPONSE"/>
</isNull>
<setOutcomeValue identifier="SCORE">
<baseValue baseType="float">0.0</baseValue>
</setOutcomeValue>
<setOutcomeValue identifier="FEEDBACK">
<baseValue baseType="identifier">FAILURE</baseValue>
</setOutcomeValue>
</responseIf>
<responseElse>
<setOutcomeValue identifier="SCORE">
<mapResponse identifier="RESPONSE"/>
</setOutcomeValue>
<responseCondition>
<responseIf>
<equal toleranceMode="relative" tolerance="0.001">
<variable identifier="SCORE"/>
<variable identifier="MAXSCORE"/>
</equal>
<setOutcomeValue identifier="FEEDBACK">
<baseValue baseType="identifier">ANSWER_CORRECT</baseValue>
</setOutcomeValue>
</responseIf>
<responseElse>
<setOutcomeValue identifier="FEEDBACK">
<baseValue baseType="identifier">FAILURE</baseValue>
</setOutcomeValue>
</responseElse>
</responseCondition>
</responseElse>
</responseCondition>
</responseProcessing>
<modalFeedback identifier="FAILURE" outcomeIdentifier="FEEDBACK" showHide="show">
<div class="textblock tvblock tvcss_1"><div class="rte_zone tveditor1">
<p>Een hypothese over standaarafwijkingen kan niet met een ANOVA getoetst worden.</p>
</div>
</div>
</modalFeedback>
<modalFeedback identifier="ANSWER_CORRECT" outcomeIdentifier="FEEDBACK" showHide="show">
<div class="textblock tvblock tvcss_1"><div class="rte_zone tveditor1">
<p>Een hypothese over standaarafwijkingen kan niet met een ANOVA getoetst worden.</p>
</div>
</div>
</modalFeedback>
<modalFeedback identifier="PARTIAL_CORRECT" outcomeIdentifier="FEEDBACK" showHide="show">
<div class="textblock tvblock tvcss_1"><div class="rte_zone tveditor1">
<p>Een hypothese over standaarafwijkingen kan niet met een ANOVA getoetst worden.</p>
</div>
</div>
</modalFeedback>
</assessmentItem>
