<?xml version="1.0" encoding="UTF-8"?>
<assessmentItem xsi:schemaLocation="http://www.imsglobal.org/xsd/imsqti_v2p1 http://www.imsglobal.org/xsd/qti/qtiv2p1/imsqti_v2p1p1.xsd http://www.w3.org/1998/Math/MathML http://www.w3.org/Math/XMLSchema/mathml2/mathml2.xsd" identifier="uva-inferential-statistics-353-nl-ans_701020509_section_1_item_1_schoice" title="Inferential_Statistics_uva-inferential-statistics-353-nl_uva-inferential-statistics-353-nl_schoice_1" adaptive="false" timeDependent="false" xmlns="http://www.imsglobal.org/xsd/imsqti_v2p1" xmlns:xsi="http://www.w3.org/2001/XMLSchema-instance">
<responseDeclaration identifier="uva-inferential-statistics-353-nl-ans_701020509_section_1_item_1_schoice_RESPONSE_1_3763802" cardinality="single" baseType="identifier">
<correctResponse>
<value>uva-inferential-statistics-353-nl-ans_701020509_section_1_item_1_schoice_1_9825208414</value>
</correctResponse>
<mapping defaultValue="0" lowerBound="0.0">
<mapEntry mapKey="uva-inferential-statistics-353-nl-ans_701020509_section_1_item_1_schoice_1_9825208414" mappedValue="1"/>
<mapEntry mapKey="uva-inferential-statistics-353-nl-ans_701020509_section_1_item_1_schoice_2_3955035209" mappedValue="0"/>
<mapEntry mapKey="uva-inferential-statistics-353-nl-ans_701020509_section_1_item_1_schoice_3_1787884276" mappedValue="0"/>
<mapEntry mapKey="uva-inferential-statistics-353-nl-ans_701020509_section_1_item_1_schoice_4_7374415341" mappedValue="0"/>
</mapping>
</responseDeclaration>
<outcomeDeclaration identifier="SCORE" cardinality="single" baseType="float" normalMaximum="1" normalMinimum="0">
<defaultValue>
<value>0.0</value>
</defaultValue>
</outcomeDeclaration>
<outcomeDeclaration identifier="MAXSCORE" cardinality="single" baseType="float">
<defaultValue>
<value>1</value>
</defaultValue>
</outcomeDeclaration>
<outcomeDeclaration identifier="FEEDBACKBASIC" cardinality="single" baseType="identifier" view="testConstructor">
<defaultValue>
<value>empty</value>
</defaultValue>
</outcomeDeclaration>
<outcomeDeclaration identifier="FEEDBACKMODAL" cardinality="multiple" baseType="identifier" view="testConstructor"/>
<outcomeDeclaration identifier="SOLUTIONMODAL" cardinality="single" baseType="identifier" view="testConstructor"/>
<outcomeDeclaration identifier="MINSCORE" cardinality="single" baseType="float">
<defaultValue>
<value baseType="float">0</value>
</defaultValue>
</outcomeDeclaration>
<outcomeDeclaration identifier="SCORE_RESPONSE_1" cardinality="single" baseType="float">
<defaultValue>
<value>0.0</value>
</defaultValue>
</outcomeDeclaration>
<outcomeDeclaration identifier="MINSCORE_RESPONSE_1" cardinality="single" baseType="float">
<defaultValue>
<value>0.0</value>
</defaultValue>
</outcomeDeclaration>
<itemBody>
<p>De standaardfout van het steekproefgemiddelde van <em>n</em> waarnemingen wordt
verkregen uit de standaardafwijking van de steekproef door</p>
<choiceInteraction responseIdentifier="uva-inferential-statistics-353-nl-ans_701020509_section_1_item_1_schoice_RESPONSE_1_3763802" shuffle="false" maxChoices="1">
<simpleChoice identifier="uva-inferential-statistics-353-nl-ans_701020509_section_1_item_1_schoice_1_9825208414">
<p>
 te delen door √ n
</p>
</simpleChoice>
<simpleChoice identifier="uva-inferential-statistics-353-nl-ans_701020509_section_1_item_1_schoice_2_3955035209">
<p>
 te delen door n
</p>
</simpleChoice>
<simpleChoice identifier="uva-inferential-statistics-353-nl-ans_701020509_section_1_item_1_schoice_3_1787884276">
<p>
 te vermenigvuldigen met √ n
</p>
</simpleChoice>
<simpleChoice identifier="uva-inferential-statistics-353-nl-ans_701020509_section_1_item_1_schoice_4_7374415341">
<p>
 te vermenigvuldigen met n
</p>
</simpleChoice>
</choiceInteraction>
</itemBody>
<responseProcessing>
<setOutcomeValue identifier="SCORE_RESPONSE_1">
<sum>
<variable identifier="SCORE_RESPONSE_1"/>
<mapResponse identifier="uva-inferential-statistics-353-nl-ans_701020509_section_1_item_1_schoice_RESPONSE_1_3763802"/>
</sum>
</setOutcomeValue>
<responseCondition>
<responseIf>
<lt>
<variable identifier="SCORE_RESPONSE_1"/>
<variable identifier="MINSCORE_RESPONSE_1"/>
</lt>
<setOutcomeValue identifier="SCORE_RESPONSE_1">
<variable identifier="MINSCORE_RESPONSE_1"/>
</setOutcomeValue>
</responseIf>
</responseCondition>
<responseCondition>
<responseIf>
<isNull>
<variable identifier="uva-inferential-statistics-353-nl-ans_701020509_section_1_item_1_schoice_RESPONSE_1_3763802"/>
</isNull>
<setOutcomeValue identifier="SCORE_RESPONSE_1">
<sum>
<variable identifier="SCORE_RESPONSE_1"/>
<baseValue baseType="float">0</baseValue>
</sum>
</setOutcomeValue>
</responseIf>
</responseCondition>
<setOutcomeValue identifier="SCORE">
<sum>
<variable identifier="SCORE_RESPONSE_1"/>
</sum>
</setOutcomeValue>
<responseCondition>
<responseIf>
<lt>
<variable identifier="SCORE"/>
<variable identifier="MINSCORE"/>
</lt>
<setOutcomeValue identifier="SCORE">
<variable identifier="MINSCORE"/>
</setOutcomeValue>
</responseIf>
</responseCondition>
<responseCondition>
<responseIf>
<lt>
<variable identifier="SCORE"/>
<baseValue baseType="float">1</baseValue>
</lt>
<setOutcomeValue identifier="FEEDBACKMODAL">
<multiple>
<variable identifier="FEEDBACKMODAL"/>
<baseValue baseType="identifier">Feedback194618553</baseValue>
</multiple>
</setOutcomeValue>
</responseIf>
</responseCondition>
</responseProcessing>
<modalFeedback outcomeIdentifier="FEEDBACK" showHide="show" identifier="incorrect">
<ul>
<li> te delen door √ n <br /> te delen door √ n: Correct </li>
<li> te delen door n <br /> te delen door n: Incorrect </li>
<li> te vermenigvuldigen met √ n <br /> te vermenigvuldigen met √ n: Incorrect </li>
<li> te vermenigvuldigen met n <br /> te vermenigvuldigen met n: Incorrect </li>
</ul>
</modalFeedback>
</assessmentItem>
