<?xml version="1.0" encoding="utf-8" standalone="yes"?>
<assessmentItem identifier="vufsw-empiricalrule-0012-nl-tv_202209061505_item_1_schoice" title="vufsw-empiricalrule-0012-nl-tv_202209061505_item_1_schoice_vufsw-empiricalrule-0012-nl" adaptive="false" timeDependent="false" toolName="Testvision Online" toolVersion="39.0.9084" xmlns="http://www.imsglobal.org/xsd/imsqti_v2p1">
<responseDeclaration identifier="RESPONSE" cardinality="single" baseType="identifier">
<correctResponse>
<value>alt_976686</value>
</correctResponse>
<mapping defaultValue="0" lowerBound="0.0">
<mapEntry mapKey="alt_422782" mappedValue="-0.25"/>
<mapEntry mapKey="alt_976686" mappedValue="1"/>
<mapEntry mapKey="alt_367746" mappedValue="-0.25"/>
<mapEntry mapKey="alt_520036" mappedValue="-0.25"/>
<mapEntry mapKey="alt_796838" mappedValue="-0.25"/>
</mapping>
</responseDeclaration>
<outcomeDeclaration identifier="SCORE" cardinality="single" baseType="float" normalMaximum="1" normalMinimum="0" />
<outcomeDeclaration identifier="FEEDBACK" cardinality="single" baseType="identifier" />
<itemBody>
<p>De beschrijvende statistieken van een variabele zien er als volgt uit:</p>
<p><img src="image001578cc6dc.gif" class="fr-fic fr-dii"
alt="image001578cc6dc" /><br />
<img src="image002578cc6dc.gif" class="fr-fic fr-dii"
alt="image002578cc6dc" /><br />
<img src="image003578cc6dc.gif" class="fr-fic fr-dii"
alt="image003578cc6dc" /></p>
<p>Welke van de onderstaande uitspraken over de empirische regel
(“Empirical Rule”) is juist? Als de data normaal verdeeld is, dan geldt
bij benadering dat …</p>
<choiceInteraction responseIdentifier="RESPONSE" shuffle="false" maxChoices="1">
<simpleChoice identifier="alt_422782">
<div class="textblock tvblock tvcss_1"><div class="rte_zone tveditor1">
a. 95% van de z-scores ligt tussen 1.30 en 2.54.
</div>
</div>
</simpleChoice>
<simpleChoice identifier="alt_976686">
<div class="textblock tvblock tvcss_1"><div class="rte_zone tveditor1">
b. 95% van de observaties ligt tussen 1.30 en 2.54.
</div>
</div>
</simpleChoice>
<simpleChoice identifier="alt_367746">
<div class="textblock tvblock tvcss_1"><div class="rte_zone tveditor1">
c. 95% van de standaardfouten ligt tussen 0.28 en 0.34.
</div>
</div>
</simpleChoice>
<simpleChoice identifier="alt_520036">
<div class="textblock tvblock tvcss_1"><div class="rte_zone tveditor1">
d. 95% van de standaarddeviaties ligt tussen 0.28 en 0.34.
</div>
</div>
</simpleChoice>
<simpleChoice identifier="alt_796838">
<div class="textblock tvblock tvcss_1"><div class="rte_zone tveditor1">
e. 95% van de steekproefgemiddelden ligt tussen 1.30 en 2.54
</div>
</div>
</simpleChoice>
</choiceInteraction>
</itemBody>
<responseProcessing>
<responseCondition>
<responseIf>
<isNull>
<variable identifier="RESPONSE"/>
</isNull>
<setOutcomeValue identifier="SCORE">
<baseValue baseType="float">0.0</baseValue>
</setOutcomeValue>
<setOutcomeValue identifier="FEEDBACK">
<baseValue baseType="identifier">FAILURE</baseValue>
</setOutcomeValue>
</responseIf>
<responseElse>
<setOutcomeValue identifier="SCORE">
<mapResponse identifier="RESPONSE"/>
</setOutcomeValue>
<responseCondition>
<responseIf>
<equal toleranceMode="relative" tolerance="0.001">
<variable identifier="SCORE"/>
<variable identifier="MAXSCORE"/>
</equal>
<setOutcomeValue identifier="FEEDBACK">
<baseValue baseType="identifier">ANSWER_CORRECT</baseValue>
</setOutcomeValue>
</responseIf>
<responseElse>
<setOutcomeValue identifier="FEEDBACK">
<baseValue baseType="identifier">FAILURE</baseValue>
</setOutcomeValue>
</responseElse>
</responseCondition>
</responseElse>
</responseCondition>
</responseProcessing>
<modalFeedback identifier="FAILURE" outcomeIdentifier="FEEDBACK" showHide="show">
<div class="textblock tvblock tvcss_1"><div class="rte_zone tveditor1">
<p>The empirical rule is a statistical rule which states that for a normal
distribution, almost all data will fall within three standard deviations
of the mean. Broken down, the empirical rule shows that 68% will fall
within the first standard deviation, 95% within the first two standard
deviations, and 99.7% will fall within the first three standard
deviations of the distribution’s average.</p>
<br />
<ol>
<li> 95% van de z-scores ligt tussen 1.30 en 2.54. <br /> False </li>
<li> 95% van de observaties ligt tussen 1.30 en 2.54. <br /> True </li>
<li> 95% van de standaardfouten ligt tussen 0.28 en 0.34. <br /> False </li>
<li> 95% van de standaarddeviaties ligt tussen 0.28 en 0.34. <br /> False </li>
<li> 95% van de steekproefgemiddelden ligt tussen 1.30 en 2.54 <br /> False </li>
</ol>
</div>
</div>
</modalFeedback>
<modalFeedback identifier="ANSWER_CORRECT" outcomeIdentifier="FEEDBACK" showHide="show">
<div class="textblock tvblock tvcss_1"><div class="rte_zone tveditor1">
<p>The empirical rule is a statistical rule which states that for a normal
distribution, almost all data will fall within three standard deviations
of the mean. Broken down, the empirical rule shows that 68% will fall
within the first standard deviation, 95% within the first two standard
deviations, and 99.7% will fall within the first three standard
deviations of the distribution’s average.</p>
<br />
<ol>
<li> 95% van de z-scores ligt tussen 1.30 en 2.54. <br /> False </li>
<li> 95% van de observaties ligt tussen 1.30 en 2.54. <br /> True </li>
<li> 95% van de standaardfouten ligt tussen 0.28 en 0.34. <br /> False </li>
<li> 95% van de standaarddeviaties ligt tussen 0.28 en 0.34. <br /> False </li>
<li> 95% van de steekproefgemiddelden ligt tussen 1.30 en 2.54 <br /> False </li>
</ol>
</div>
</div>
</modalFeedback>
<modalFeedback identifier="PARTIAL_CORRECT" outcomeIdentifier="FEEDBACK" showHide="show">
<div class="textblock tvblock tvcss_1"><div class="rte_zone tveditor1">
<p>The empirical rule is a statistical rule which states that for a normal
distribution, almost all data will fall within three standard deviations
of the mean. Broken down, the empirical rule shows that 68% will fall
within the first standard deviation, 95% within the first two standard
deviations, and 99.7% will fall within the first three standard
deviations of the distribution’s average.</p>
<br />
<ol>
<li> 95% van de z-scores ligt tussen 1.30 en 2.54. <br /> False </li>
<li> 95% van de observaties ligt tussen 1.30 en 2.54. <br /> True </li>
<li> 95% van de standaardfouten ligt tussen 0.28 en 0.34. <br /> False </li>
<li> 95% van de standaarddeviaties ligt tussen 0.28 en 0.34. <br /> False </li>
<li> 95% van de steekproefgemiddelden ligt tussen 1.30 en 2.54 <br /> False </li>
</ol>
</div>
</div>
</modalFeedback>
</assessmentItem>
