<?xml version="1.0" encoding="utf-8" standalone="yes"?>
<assessmentItem identifier="eur-inferential_statistics-217-nl-tv_202601131822_item_1_schoice" title="eur-inferential_statistics-217-nl-tv_202601131822_item_1_schoice_eur-inferential_statistics-217-nl" adaptive="false" timeDependent="false" toolName="Testvision Online" toolVersion="39.0.9084" xmlns="http://www.imsglobal.org/xsd/imsqti_v2p1">
<responseDeclaration identifier="RESPONSE" cardinality="single" baseType="identifier">
<correctResponse>
<value>alt_793780</value>
</correctResponse>
<mapping defaultValue="0" lowerBound="0.0">
<mapEntry mapKey="alt_187382" mappedValue="-0.333333333333333"/>
<mapEntry mapKey="alt_793780" mappedValue="1"/>
<mapEntry mapKey="alt_238710" mappedValue="-0.333333333333333"/>
<mapEntry mapKey="alt_183166" mappedValue="-0.333333333333333"/>
</mapping>
</responseDeclaration>
<outcomeDeclaration identifier="SCORE" cardinality="single" baseType="float" normalMaximum="1" normalMinimum="0" />
<outcomeDeclaration identifier="FEEDBACK" cardinality="single" baseType="identifier" />
<stylesheet href="css/eur-inferential_statistics-217-nl-tv_202601131822_item_1_schoice.css" type="text/css" />
<itemBody>
<p>De onderstaande figuur is een interactiegrafiek die het resultaat is van een factorial ANOVA met twee tussen-subject factoren, A en B, elk met twee condities en N = 40.</p>
<p><img src="factorial_anova.png" alt="image"/></p>
<p>Welk van de drie effecten in de factorial ANOVA zou zeker NIET significant zijn?</p>
<choiceInteraction responseIdentifier="RESPONSE" shuffle="false" maxChoices="1">
<simpleChoice identifier="alt_187382">
<div class="textblock tvblock tvcss_1"><div class="rte_zone tveditor1">
 Het hoofdeffect van A, we zijn niet zeker van het hoofdeffect van B
</div>
</div>
</simpleChoice>
<simpleChoice identifier="alt_793780">
<div class="textblock tvblock tvcss_1"><div class="rte_zone tveditor1">
 Het hoofdeffect van A én het hoofdeffect van B
</div>
</div>
</simpleChoice>
<simpleChoice identifier="alt_238710">
<div class="textblock tvblock tvcss_1"><div class="rte_zone tveditor1">
 Het interactie-effect A*B
</div>
</div>
</simpleChoice>
<simpleChoice identifier="alt_183166">
<div class="textblock tvblock tvcss_1"><div class="rte_zone tveditor1">
 B en c zijn beide juist
</div>
</div>
</simpleChoice>
</choiceInteraction>
</itemBody>
<responseProcessing>
<responseCondition>
<responseIf>
<isNull>
<variable identifier="RESPONSE"/>
</isNull>
<setOutcomeValue identifier="SCORE">
<baseValue baseType="float">0.0</baseValue>
</setOutcomeValue>
<setOutcomeValue identifier="FEEDBACK">
<baseValue baseType="identifier">FAILURE</baseValue>
</setOutcomeValue>
</responseIf>
<responseElse>
<setOutcomeValue identifier="SCORE">
<mapResponse identifier="RESPONSE"/>
</setOutcomeValue>
<responseCondition>
<responseIf>
<equal toleranceMode="relative" tolerance="0.001">
<variable identifier="SCORE"/>
<variable identifier="MAXSCORE"/>
</equal>
<setOutcomeValue identifier="FEEDBACK">
<baseValue baseType="identifier">ANSWER_CORRECT</baseValue>
</setOutcomeValue>
</responseIf>
<responseElse>
<setOutcomeValue identifier="FEEDBACK">
<baseValue baseType="identifier">FAILURE</baseValue>
</setOutcomeValue>
</responseElse>
</responseCondition>
</responseElse>
</responseCondition>
</responseProcessing>
<modalFeedback identifier="FAILURE" outcomeIdentifier="FEEDBACK" showHide="show">
<div class="textblock tvblock tvcss_1"><div class="rte_zone tveditor1">
<p>Het hoofdeffect van een onafhankelijke variabele verwijst naar het totale effect van deze variabele op de afhankelijke variabele, ongeacht het niveau van de andere onafhankelijke variabele. Uit de grafiek kun je zien dat er geen verschil is in gemiddelden tussen A1 en A2. Dit gemiddelde lijkt hetzelfde te zijn voor beide condities (je kunt dit voor elke conditie van A zien door het midden te nemen tussen de lijnen B1 en B2; het punt dat je vindt voor A1 ligt op dezelfde hoogte als het punt voor A2). Er is dus geen hoofdeffect van A, want in dit geval zou je een verschil verwachten tussen de gemiddelden van A1 en A2. Hetzelfde geldt ook voor B1 en B2. Er is dus ook geen hoofdeffect van B.</p>
<p>Je zou echter wel een interactie verwachten, aangezien de lijnen elkaar zo netjes kruisen.</p>
<br />
<ul>
<li> Het hoofdeffect van A, we zijn niet zeker van het hoofdeffect van B <br /> Onjuist </li>
<li> Het hoofdeffect van A én het hoofdeffect van B <br /> Waar </li>
<li> Het interactie-effect A*B <br /> Onwaar </li>
<li> B en c zijn beide juist <br /> Onwaar </li>
</ul>
</div>
</div>
</modalFeedback>
<modalFeedback identifier="ANSWER_CORRECT" outcomeIdentifier="FEEDBACK" showHide="show">
<div class="textblock tvblock tvcss_1"><div class="rte_zone tveditor1">
<p>Het hoofdeffect van een onafhankelijke variabele verwijst naar het totale effect van deze variabele op de afhankelijke variabele, ongeacht het niveau van de andere onafhankelijke variabele. Uit de grafiek kun je zien dat er geen verschil is in gemiddelden tussen A1 en A2. Dit gemiddelde lijkt hetzelfde te zijn voor beide condities (je kunt dit voor elke conditie van A zien door het midden te nemen tussen de lijnen B1 en B2; het punt dat je vindt voor A1 ligt op dezelfde hoogte als het punt voor A2). Er is dus geen hoofdeffect van A, want in dit geval zou je een verschil verwachten tussen de gemiddelden van A1 en A2. Hetzelfde geldt ook voor B1 en B2. Er is dus ook geen hoofdeffect van B.</p>
<p>Je zou echter wel een interactie verwachten, aangezien de lijnen elkaar zo netjes kruisen.</p>
<br />
<ul>
<li> Het hoofdeffect van A, we zijn niet zeker van het hoofdeffect van B <br /> Onjuist </li>
<li> Het hoofdeffect van A én het hoofdeffect van B <br /> Waar </li>
<li> Het interactie-effect A*B <br /> Onwaar </li>
<li> B en c zijn beide juist <br /> Onwaar </li>
</ul>
</div>
</div>
</modalFeedback>
<modalFeedback identifier="PARTIAL_CORRECT" outcomeIdentifier="FEEDBACK" showHide="show">
<div class="textblock tvblock tvcss_1"><div class="rte_zone tveditor1">
<p>Het hoofdeffect van een onafhankelijke variabele verwijst naar het totale effect van deze variabele op de afhankelijke variabele, ongeacht het niveau van de andere onafhankelijke variabele. Uit de grafiek kun je zien dat er geen verschil is in gemiddelden tussen A1 en A2. Dit gemiddelde lijkt hetzelfde te zijn voor beide condities (je kunt dit voor elke conditie van A zien door het midden te nemen tussen de lijnen B1 en B2; het punt dat je vindt voor A1 ligt op dezelfde hoogte als het punt voor A2). Er is dus geen hoofdeffect van A, want in dit geval zou je een verschil verwachten tussen de gemiddelden van A1 en A2. Hetzelfde geldt ook voor B1 en B2. Er is dus ook geen hoofdeffect van B.</p>
<p>Je zou echter wel een interactie verwachten, aangezien de lijnen elkaar zo netjes kruisen.</p>
<br />
<ul>
<li> Het hoofdeffect van A, we zijn niet zeker van het hoofdeffect van B <br /> Onjuist </li>
<li> Het hoofdeffect van A én het hoofdeffect van B <br /> Waar </li>
<li> Het interactie-effect A*B <br /> Onwaar </li>
<li> B en c zijn beide juist <br /> Onwaar </li>
</ul>
</div>
</div>
</modalFeedback>
</assessmentItem>
