<?xml version="1.0" encoding="UTF-8"?>
<assessmentItem xsi:schemaLocation="http://www.imsglobal.org/xsd/imsqti_v2p1 http://www.imsglobal.org/xsd/qti/qtiv2p1/imsqti_v2p1p1.xsd http://www.w3.org/1998/Math/MathML http://www.w3.org/Math/XMLSchema/mathml2/mathml2.xsd" identifier="vufgb-samplingdistributions-018-en-ans_267615298_section_1_item_1_schoice" title="Inferential_Statistics_vufgb-samplingdistributions-018-en_vufgb-samplingdistributions-018-en_schoice_1" adaptive="false" timeDependent="false" xmlns="http://www.imsglobal.org/xsd/imsqti_v2p1" xmlns:xsi="http://www.w3.org/2001/XMLSchema-instance">
<responseDeclaration identifier="vufgb-samplingdistributions-018-en-ans_267615298_section_1_item_1_schoice_RESPONSE_1_1063343" cardinality="single" baseType="identifier">
<correctResponse>
<value>vufgb-samplingdistributions-018-en-ans_267615298_section_1_item_1_schoice_3_6289196224</value>
</correctResponse>
<mapping defaultValue="0" lowerBound="0.0">
<mapEntry mapKey="vufgb-samplingdistributions-018-en-ans_267615298_section_1_item_1_schoice_1_9759875462" mappedValue="0"/>
<mapEntry mapKey="vufgb-samplingdistributions-018-en-ans_267615298_section_1_item_1_schoice_2_2436761810" mappedValue="0"/>
<mapEntry mapKey="vufgb-samplingdistributions-018-en-ans_267615298_section_1_item_1_schoice_3_6289196224" mappedValue="1"/>
<mapEntry mapKey="vufgb-samplingdistributions-018-en-ans_267615298_section_1_item_1_schoice_4_8372470349" mappedValue="0"/>
</mapping>
</responseDeclaration>
<outcomeDeclaration identifier="SCORE" cardinality="single" baseType="float" normalMaximum="1" normalMinimum="0">
<defaultValue>
<value>0.0</value>
</defaultValue>
</outcomeDeclaration>
<outcomeDeclaration identifier="MAXSCORE" cardinality="single" baseType="float">
<defaultValue>
<value>1</value>
</defaultValue>
</outcomeDeclaration>
<outcomeDeclaration identifier="FEEDBACKBASIC" cardinality="single" baseType="identifier" view="testConstructor">
<defaultValue>
<value>empty</value>
</defaultValue>
</outcomeDeclaration>
<outcomeDeclaration identifier="FEEDBACKMODAL" cardinality="multiple" baseType="identifier" view="testConstructor"/>
<outcomeDeclaration identifier="SOLUTIONMODAL" cardinality="single" baseType="identifier" view="testConstructor"/>
<outcomeDeclaration identifier="MINSCORE" cardinality="single" baseType="float">
<defaultValue>
<value baseType="float">0</value>
</defaultValue>
</outcomeDeclaration>
<outcomeDeclaration identifier="SCORE_RESPONSE_1" cardinality="single" baseType="float">
<defaultValue>
<value>0.0</value>
</defaultValue>
</outcomeDeclaration>
<outcomeDeclaration identifier="MINSCORE_RESPONSE_1" cardinality="single" baseType="float">
<defaultValue>
<value>0.0</value>
</defaultValue>
</outcomeDeclaration>
<itemBody>
<p>The distribution of a continuous variable for measuring anxiety has a population mean of 35 and a standard deviation of 7. Calculate the standard error of the sample mean for a sample of 40 observations.</p>
<choiceInteraction responseIdentifier="vufgb-samplingdistributions-018-en-ans_267615298_section_1_item_1_schoice_RESPONSE_1_1063343" shuffle="false" maxChoices="1">
<simpleChoice identifier="vufgb-samplingdistributions-018-en-ans_267615298_section_1_item_1_schoice_1_9759875462">
<p>
 5.53
</p>
</simpleChoice>
<simpleChoice identifier="vufgb-samplingdistributions-018-en-ans_267615298_section_1_item_1_schoice_2_2436761810">
<p>
 1.18
</p>
</simpleChoice>
<simpleChoice identifier="vufgb-samplingdistributions-018-en-ans_267615298_section_1_item_1_schoice_3_6289196224">
<p>
 1.11
</p>
</simpleChoice>
<simpleChoice identifier="vufgb-samplingdistributions-018-en-ans_267615298_section_1_item_1_schoice_4_8372470349">
<p>
 0.88
</p>
</simpleChoice>
</choiceInteraction>
</itemBody>
<responseProcessing>
<setOutcomeValue identifier="SCORE_RESPONSE_1">
<sum>
<variable identifier="SCORE_RESPONSE_1"/>
<mapResponse identifier="vufgb-samplingdistributions-018-en-ans_267615298_section_1_item_1_schoice_RESPONSE_1_1063343"/>
</sum>
</setOutcomeValue>
<responseCondition>
<responseIf>
<lt>
<variable identifier="SCORE_RESPONSE_1"/>
<variable identifier="MINSCORE_RESPONSE_1"/>
</lt>
<setOutcomeValue identifier="SCORE_RESPONSE_1">
<variable identifier="MINSCORE_RESPONSE_1"/>
</setOutcomeValue>
</responseIf>
</responseCondition>
<responseCondition>
<responseIf>
<isNull>
<variable identifier="vufgb-samplingdistributions-018-en-ans_267615298_section_1_item_1_schoice_RESPONSE_1_1063343"/>
</isNull>
<setOutcomeValue identifier="SCORE_RESPONSE_1">
<sum>
<variable identifier="SCORE_RESPONSE_1"/>
<baseValue baseType="float">0</baseValue>
</sum>
</setOutcomeValue>
</responseIf>
</responseCondition>
<setOutcomeValue identifier="SCORE">
<sum>
<variable identifier="SCORE_RESPONSE_1"/>
</sum>
</setOutcomeValue>
<responseCondition>
<responseIf>
<lt>
<variable identifier="SCORE"/>
<variable identifier="MINSCORE"/>
</lt>
<setOutcomeValue identifier="SCORE">
<variable identifier="MINSCORE"/>
</setOutcomeValue>
</responseIf>
</responseCondition>
<responseCondition>
<responseIf>
<lt>
<variable identifier="SCORE"/>
<baseValue baseType="float">1</baseValue>
</lt>
<setOutcomeValue identifier="FEEDBACKMODAL">
<multiple>
<variable identifier="FEEDBACKMODAL"/>
<baseValue baseType="identifier">Feedback681974175</baseValue>
</multiple>
</setOutcomeValue>
</responseIf>
</responseCondition>
</responseProcessing>
<modalFeedback outcomeIdentifier="FEEDBACK" showHide="show" identifier="incorrect">
<ul>
<li> 5.53 <br /> Incorrect </li>
<li> 1.18 <br /> Incorrect </li>
<li> 1.11 <br /> Correct </li>
<li> 0.88 <br /> Incorrect </li>
</ul>
</modalFeedback>
</assessmentItem>
