<?xml version="1.0" encoding="UTF-8"?>
<assessmentItem xsi:schemaLocation="http://www.imsglobal.org/xsd/imsqti_v2p1 http://www.imsglobal.org/xsd/qti/qtiv2p1/imsqti_v2p1p1.xsd http://www.w3.org/1998/Math/MathML http://www.w3.org/Math/XMLSchema/mathml2/mathml2.xsd" identifier="uva-binomial-205-en-ans_155630885_section_1_item_1_schoice" title="Distributions_uva-binomial-205-en_uva-binomial-205-en_schoice_1" adaptive="false" timeDependent="false" xmlns="http://www.imsglobal.org/xsd/imsqti_v2p1" xmlns:xsi="http://www.w3.org/2001/XMLSchema-instance">
<responseDeclaration identifier="uva-binomial-205-en-ans_155630885_section_1_item_1_schoice_RESPONSE_1_3127455" cardinality="single" baseType="identifier">
<correctResponse>
<value>uva-binomial-205-en-ans_155630885_section_1_item_1_schoice_2_7411522908</value>
</correctResponse>
<mapping defaultValue="0" lowerBound="0.0">
<mapEntry mapKey="uva-binomial-205-en-ans_155630885_section_1_item_1_schoice_1_4952105798" mappedValue="0"/>
<mapEntry mapKey="uva-binomial-205-en-ans_155630885_section_1_item_1_schoice_2_7411522908" mappedValue="1"/>
<mapEntry mapKey="uva-binomial-205-en-ans_155630885_section_1_item_1_schoice_3_1233106346" mappedValue="0"/>
</mapping>
</responseDeclaration>
<outcomeDeclaration identifier="SCORE" cardinality="single" baseType="float" normalMaximum="1" normalMinimum="0">
<defaultValue>
<value>0.0</value>
</defaultValue>
</outcomeDeclaration>
<outcomeDeclaration identifier="MAXSCORE" cardinality="single" baseType="float">
<defaultValue>
<value>1</value>
</defaultValue>
</outcomeDeclaration>
<outcomeDeclaration identifier="FEEDBACKBASIC" cardinality="single" baseType="identifier" view="testConstructor">
<defaultValue>
<value>empty</value>
</defaultValue>
</outcomeDeclaration>
<outcomeDeclaration identifier="FEEDBACKMODAL" cardinality="multiple" baseType="identifier" view="testConstructor"/>
<outcomeDeclaration identifier="SOLUTIONMODAL" cardinality="single" baseType="identifier" view="testConstructor"/>
<outcomeDeclaration identifier="MINSCORE" cardinality="single" baseType="float">
<defaultValue>
<value baseType="float">0</value>
</defaultValue>
</outcomeDeclaration>
<outcomeDeclaration identifier="SCORE_RESPONSE_1" cardinality="single" baseType="float">
<defaultValue>
<value>0.0</value>
</defaultValue>
</outcomeDeclaration>
<outcomeDeclaration identifier="MINSCORE_RESPONSE_1" cardinality="single" baseType="float">
<defaultValue>
<value>0.0</value>
</defaultValue>
</outcomeDeclaration>
<itemBody>
<p>In roulette, suppose a bet is always placed on black and 30 spins of the the roulette wheel is spun. The number of times the ball lands on black (a success) is the probability variable B and it is binomially distributed with probability of success p = 0.47 on each spin of the roulette wheel. Based on the central limit theorem, it can be stated that</p>
<choiceInteraction responseIdentifier="uva-binomial-205-en-ans_155630885_section_1_item_1_schoice_RESPONSE_1_3127455" shuffle="false" maxChoices="1">
<simpleChoice identifier="uva-binomial-205-en-ans_155630885_section_1_item_1_schoice_1_4952105798">
<p>
 The number of successes approaches infinity.
</p>
</simpleChoice>
<simpleChoice identifier="uva-binomial-205-en-ans_155630885_section_1_item_1_schoice_2_7411522908">
<p>
 The variable B is approximately normally distributed.
</p>
</simpleChoice>
<simpleChoice identifier="uva-binomial-205-en-ans_155630885_section_1_item_1_schoice_3_1233106346">
<p>
 The expectation value of B is 1.
</p>
</simpleChoice>
</choiceInteraction>
</itemBody>
<responseProcessing>
<setOutcomeValue identifier="SCORE_RESPONSE_1">
<sum>
<variable identifier="SCORE_RESPONSE_1"/>
<mapResponse identifier="uva-binomial-205-en-ans_155630885_section_1_item_1_schoice_RESPONSE_1_3127455"/>
</sum>
</setOutcomeValue>
<responseCondition>
<responseIf>
<lt>
<variable identifier="SCORE_RESPONSE_1"/>
<variable identifier="MINSCORE_RESPONSE_1"/>
</lt>
<setOutcomeValue identifier="SCORE_RESPONSE_1">
<variable identifier="MINSCORE_RESPONSE_1"/>
</setOutcomeValue>
</responseIf>
</responseCondition>
<responseCondition>
<responseIf>
<isNull>
<variable identifier="uva-binomial-205-en-ans_155630885_section_1_item_1_schoice_RESPONSE_1_3127455"/>
</isNull>
<setOutcomeValue identifier="SCORE_RESPONSE_1">
<sum>
<variable identifier="SCORE_RESPONSE_1"/>
<baseValue baseType="float">0</baseValue>
</sum>
</setOutcomeValue>
</responseIf>
</responseCondition>
<setOutcomeValue identifier="SCORE">
<sum>
<variable identifier="SCORE_RESPONSE_1"/>
</sum>
</setOutcomeValue>
<responseCondition>
<responseIf>
<lt>
<variable identifier="SCORE"/>
<variable identifier="MINSCORE"/>
</lt>
<setOutcomeValue identifier="SCORE">
<variable identifier="MINSCORE"/>
</setOutcomeValue>
</responseIf>
</responseCondition>
<responseCondition>
<responseIf>
<lt>
<variable identifier="SCORE"/>
<baseValue baseType="float">1</baseValue>
</lt>
<setOutcomeValue identifier="FEEDBACKMODAL">
<multiple>
<variable identifier="FEEDBACKMODAL"/>
<baseValue baseType="identifier">Feedback543356465</baseValue>
</multiple>
</setOutcomeValue>
</responseIf>
</responseCondition>
</responseProcessing>
<modalFeedback outcomeIdentifier="FEEDBACK" showHide="show" identifier="incorrect">
<ul>
<li> The number of successes approaches infinity. <br /> The number of successes approaches infinity: Incorrect </li>
<li> The variable B is approximately normally distributed. <br /> The variable B is approximately normally distributed…: Correct </li>
<li> The expectation value of B is 1. <br /> The expectation value of B is 1…: Incorrect </li>
</ul>
</modalFeedback>
</assessmentItem>
