<?xml version="1.0" encoding="UTF-8"?>
<assessmentItem xsi:schemaLocation="http://www.imsglobal.org/xsd/imsqti_v2p1 http://www.imsglobal.org/xsd/qti/qtiv2p1/imsqti_v2p1p1.xsd http://www.w3.org/1998/Math/MathML http://www.w3.org/Math/XMLSchema/mathml2/mathml2.xsd" identifier="uva-equation-1932-nl-ans_330293383_section_1_item_1_schoice" title="Inferential_Statistics_uva-equation-1932-nl_uva-equation-1932-nl_schoice_1" adaptive="false" timeDependent="false" xmlns="http://www.imsglobal.org/xsd/imsqti_v2p1" xmlns:xsi="http://www.w3.org/2001/XMLSchema-instance">
<responseDeclaration identifier="uva-equation-1932-nl-ans_330293383_section_1_item_1_schoice_RESPONSE_1_1370684" cardinality="single" baseType="identifier">
<correctResponse>
<value>uva-equation-1932-nl-ans_330293383_section_1_item_1_schoice_2_3251288960</value>
</correctResponse>
<mapping defaultValue="0" lowerBound="0.0">
<mapEntry mapKey="uva-equation-1932-nl-ans_330293383_section_1_item_1_schoice_1_7044321675" mappedValue="0"/>
<mapEntry mapKey="uva-equation-1932-nl-ans_330293383_section_1_item_1_schoice_2_3251288960" mappedValue="1"/>
<mapEntry mapKey="uva-equation-1932-nl-ans_330293383_section_1_item_1_schoice_3_1827520371" mappedValue="0"/>
</mapping>
</responseDeclaration>
<outcomeDeclaration identifier="SCORE" cardinality="single" baseType="float" normalMaximum="1" normalMinimum="0">
<defaultValue>
<value>0.0</value>
</defaultValue>
</outcomeDeclaration>
<outcomeDeclaration identifier="MAXSCORE" cardinality="single" baseType="float">
<defaultValue>
<value>1</value>
</defaultValue>
</outcomeDeclaration>
<outcomeDeclaration identifier="FEEDBACKBASIC" cardinality="single" baseType="identifier" view="testConstructor">
<defaultValue>
<value>empty</value>
</defaultValue>
</outcomeDeclaration>
<outcomeDeclaration identifier="FEEDBACKMODAL" cardinality="multiple" baseType="identifier" view="testConstructor"/>
<outcomeDeclaration identifier="SOLUTIONMODAL" cardinality="single" baseType="identifier" view="testConstructor"/>
<outcomeDeclaration identifier="MINSCORE" cardinality="single" baseType="float">
<defaultValue>
<value baseType="float">0</value>
</defaultValue>
</outcomeDeclaration>
<outcomeDeclaration identifier="SCORE_RESPONSE_1" cardinality="single" baseType="float">
<defaultValue>
<value>0.0</value>
</defaultValue>
</outcomeDeclaration>
<outcomeDeclaration identifier="MINSCORE_RESPONSE_1" cardinality="single" baseType="float">
<defaultValue>
<value>0.0</value>
</defaultValue>
</outcomeDeclaration>
<itemBody>
<p>We hebben een regressievergelijking <span class="math inline">\(\hat{y} = 7 + 6x_{1} + 7x_{2} + 8x_{3}\)</span> We controleren voor <em>x</em><sub>1</sub> en <em>x</em><sub>3</sub>. Wat is de
toename in voorspelde <em>y</em> indien we voor <em>x</em><sub>2</sub> van 4 naar 7 gaan?</p>
<choiceInteraction responseIdentifier="uva-equation-1932-nl-ans_330293383_section_1_item_1_schoice_RESPONSE_1_1370684" shuffle="false" maxChoices="1">
<simpleChoice identifier="uva-equation-1932-nl-ans_330293383_section_1_item_1_schoice_1_7044321675">
<p>
 3
</p>
</simpleChoice>
<simpleChoice identifier="uva-equation-1932-nl-ans_330293383_section_1_item_1_schoice_2_3251288960">
<p>
 21
</p>
</simpleChoice>
<simpleChoice identifier="uva-equation-1932-nl-ans_330293383_section_1_item_1_schoice_3_1827520371">
<p>
 24
</p>
</simpleChoice>
</choiceInteraction>
</itemBody>
<responseProcessing>
<setOutcomeValue identifier="SCORE_RESPONSE_1">
<sum>
<variable identifier="SCORE_RESPONSE_1"/>
<mapResponse identifier="uva-equation-1932-nl-ans_330293383_section_1_item_1_schoice_RESPONSE_1_1370684"/>
</sum>
</setOutcomeValue>
<responseCondition>
<responseIf>
<lt>
<variable identifier="SCORE_RESPONSE_1"/>
<variable identifier="MINSCORE_RESPONSE_1"/>
</lt>
<setOutcomeValue identifier="SCORE_RESPONSE_1">
<variable identifier="MINSCORE_RESPONSE_1"/>
</setOutcomeValue>
</responseIf>
</responseCondition>
<responseCondition>
<responseIf>
<isNull>
<variable identifier="uva-equation-1932-nl-ans_330293383_section_1_item_1_schoice_RESPONSE_1_1370684"/>
</isNull>
<setOutcomeValue identifier="SCORE_RESPONSE_1">
<sum>
<variable identifier="SCORE_RESPONSE_1"/>
<baseValue baseType="float">0</baseValue>
</sum>
</setOutcomeValue>
</responseIf>
</responseCondition>
<setOutcomeValue identifier="SCORE">
<sum>
<variable identifier="SCORE_RESPONSE_1"/>
</sum>
</setOutcomeValue>
<responseCondition>
<responseIf>
<lt>
<variable identifier="SCORE"/>
<variable identifier="MINSCORE"/>
</lt>
<setOutcomeValue identifier="SCORE">
<variable identifier="MINSCORE"/>
</setOutcomeValue>
</responseIf>
</responseCondition>
<responseCondition>
<responseIf>
<lt>
<variable identifier="SCORE"/>
<baseValue baseType="float">1</baseValue>
</lt>
<setOutcomeValue identifier="FEEDBACKMODAL">
<multiple>
<variable identifier="FEEDBACKMODAL"/>
<baseValue baseType="identifier">Feedback894560131</baseValue>
</multiple>
</setOutcomeValue>
</responseIf>
</responseCondition>
</responseProcessing>
<modalFeedback outcomeIdentifier="FEEDBACK" showHide="show" identifier="incorrect">
<ul>
<li> 3 <br /> 3: Incorrect </li>
<li> 21 <br /> 21: Correct </li>
<li> 24 <br /> 24: Incorrect </li>
</ul>
</modalFeedback>
</assessmentItem>
