<?xml version="1.0" encoding="utf-8" standalone="yes"?>
<assessmentItem identifier="vufsw-critical_value-1276-en-tv_202307180611_item_1_schoice" title="vufsw-critical_value-1276-en-tv_202307180611_item_1_schoice_vufsw-critical value-1276-en" adaptive="false" timeDependent="false" toolName="Testvision Online" toolVersion="39.0.9084" xmlns="http://www.imsglobal.org/xsd/imsqti_v2p1">
<responseDeclaration identifier="RESPONSE" cardinality="single" baseType="identifier">
<correctResponse>
<value>alt_632549</value>
</correctResponse>
<mapping defaultValue="0" lowerBound="0.0">
<mapEntry mapKey="alt_192439" mappedValue="-0.2"/>
<mapEntry mapKey="alt_644233" mappedValue="-0.2"/>
<mapEntry mapKey="alt_836737" mappedValue="-0.2"/>
<mapEntry mapKey="alt_526272" mappedValue="-0.2"/>
<mapEntry mapKey="alt_632549" mappedValue="1"/>
<mapEntry mapKey="alt_724308" mappedValue="-0.2"/>
</mapping>
</responseDeclaration>
<outcomeDeclaration identifier="SCORE" cardinality="single" baseType="float" normalMaximum="1" normalMinimum="0" />
<outcomeDeclaration identifier="FEEDBACK" cardinality="single" baseType="identifier" />
<itemBody>
<p>A researcher is interested in the percentage of residents of the
Netherlands that sometimes feel unsafe in the street. She collects data
from a random sample of 81 individuals. In this sample, 37.5% answers
that they sometimes feel unsafe in the street. He wants to estimate the
95% confidence interval of this variable.</p>
<p>Which is the critical z-value that corresponds to a 95% confidence
interval? Round to 2 decimals.</p>
<choiceInteraction responseIdentifier="RESPONSE" shuffle="false" maxChoices="1">
<simpleChoice identifier="alt_192439">
<div class="textblock tvblock tvcss_1"><div class="rte_zone tveditor1">
 1.99
</div>
</div>
</simpleChoice>
<simpleChoice identifier="alt_644233">
<div class="textblock tvblock tvcss_1"><div class="rte_zone tveditor1">
 2.98
</div>
</div>
</simpleChoice>
<simpleChoice identifier="alt_836737">
<div class="textblock tvblock tvcss_1"><div class="rte_zone tveditor1">
 2.58
</div>
</div>
</simpleChoice>
<simpleChoice identifier="alt_526272">
<div class="textblock tvblock tvcss_1"><div class="rte_zone tveditor1">
 2.64
</div>
</div>
</simpleChoice>
<simpleChoice identifier="alt_632549">
<div class="textblock tvblock tvcss_1"><div class="rte_zone tveditor1">
 1.96
</div>
</div>
</simpleChoice>
<simpleChoice identifier="alt_724308">
<div class="textblock tvblock tvcss_1"><div class="rte_zone tveditor1">
 2.33
</div>
</div>
</simpleChoice>
</choiceInteraction>
</itemBody>
<responseProcessing>
<responseCondition>
<responseIf>
<isNull>
<variable identifier="RESPONSE"/>
</isNull>
<setOutcomeValue identifier="SCORE">
<baseValue baseType="float">0.0</baseValue>
</setOutcomeValue>
<setOutcomeValue identifier="FEEDBACK">
<baseValue baseType="identifier">FAILURE</baseValue>
</setOutcomeValue>
</responseIf>
<responseElse>
<setOutcomeValue identifier="SCORE">
<mapResponse identifier="RESPONSE"/>
</setOutcomeValue>
<responseCondition>
<responseIf>
<equal toleranceMode="relative" tolerance="0.001">
<variable identifier="SCORE"/>
<variable identifier="MAXSCORE"/>
</equal>
<setOutcomeValue identifier="FEEDBACK">
<baseValue baseType="identifier">ANSWER_CORRECT</baseValue>
</setOutcomeValue>
</responseIf>
<responseElse>
<setOutcomeValue identifier="FEEDBACK">
<baseValue baseType="identifier">FAILURE</baseValue>
</setOutcomeValue>
</responseElse>
</responseCondition>
</responseElse>
</responseCondition>
</responseProcessing>
<modalFeedback identifier="FAILURE" outcomeIdentifier="FEEDBACK" showHide="show">
<div class="textblock tvblock tvcss_1"><div class="rte_zone tveditor1">
 1.99 <br /> False 
 2.98 <br /> False 
 2.58 <br /> False 
 2.64 <br /> False 
 1.96 <br /> True 
 2.33 <br /> False 
</div>
</div>
</modalFeedback>
<modalFeedback identifier="ANSWER_CORRECT" outcomeIdentifier="FEEDBACK" showHide="show">
<div class="textblock tvblock tvcss_1"><div class="rte_zone tveditor1">
 1.99 <br /> False 
 2.98 <br /> False 
 2.58 <br /> False 
 2.64 <br /> False 
 1.96 <br /> True 
 2.33 <br /> False 
</div>
</div>
</modalFeedback>
<modalFeedback identifier="PARTIAL_CORRECT" outcomeIdentifier="FEEDBACK" showHide="show">
<div class="textblock tvblock tvcss_1"><div class="rte_zone tveditor1">
 1.99 <br /> False 
 2.98 <br /> False 
 2.58 <br /> False 
 2.64 <br /> False 
 1.96 <br /> True 
 2.33 <br /> False 
</div>
</div>
</modalFeedback>
</assessmentItem>
