<?xml version="1.0" encoding="utf-8" standalone="yes"?>
<assessmentItem identifier="eur-factor-107-nl-tv_202601131820_item_1_string" title="eur-factor-107-nl-tv_202601131820_item_1_string_eur-factor-107-nl" adaptive="false" timeDependent="false" toolName="Testvision Online" toolVersion="39.0.9084" xmlns="http://www.imsglobal.org/xsd/imsqti_v2p1">
<responseDeclaration identifier="RESPONSE" cardinality="single" baseType="string">
<correctResponse>
<value>""</value>
</correctResponse>
<mapping defaultValue="0">
<mapEntry mapKey="""" mappedValue="1" />
</mapping>
</responseDeclaration>
<outcomeDeclaration identifier="SCORE" cardinality="single" baseType="float" normalMaximum="1" normalMinimum="0" />
<outcomeDeclaration identifier="FEEDBACK" cardinality="single" baseType="identifier" />
<stylesheet href="css/eur-factor-107-nl-tv_202601131820_item_1_string.css" type="text/css" />
<itemBody>
<p>Na het uitvoeren van een factoranalyse is het doel vaak om een eenvoudige structuur te vinden. Wat betekent “eenvoudige structuur” en waarom streven onderzoekers naar eenvoudige structuur?</p>
<extendedTextInteraction responseIdentifier="RESPONSE" expectedLength="12"/>
</itemBody>
<responseProcessing>
<responseCondition>
<responseIf>
<isNull>
<variable identifier="RESPONSE"/>
</isNull>
<setOutcomeValue identifier="SCORE">
<baseValue baseType="float">0.0</baseValue>
</setOutcomeValue>
<setOutcomeValue identifier="FEEDBACK">
<baseValue baseType="identifier">FAILURE</baseValue>
</setOutcomeValue>
</responseIf>
<responseElse>
<setOutcomeValue identifier="SCORE">
<mapResponse identifier="RESPONSE"/>
</setOutcomeValue>
<responseCondition>
<responseIf>
<equal toleranceMode="relative" tolerance="0.001">
<variable identifier="SCORE"/>
<variable identifier="MAXSCORE"/>
</equal>
<setOutcomeValue identifier="FEEDBACK">
<baseValue baseType="identifier">ANSWER_CORRECT</baseValue>
</setOutcomeValue>
</responseIf>
<responseElse>
<setOutcomeValue identifier="FEEDBACK">
<baseValue baseType="identifier">FAILURE</baseValue>
</setOutcomeValue>
</responseElse>
</responseCondition>
</responseElse>
</responseCondition>
</responseProcessing>
<modalFeedback identifier="FAILURE" outcomeIdentifier="FEEDBACK" showHide="show">
<div class="textblock tvblock tvcss_1"><div class="rte_zone tveditor1">
<p>Eenvoudige structuur betekent dat items in het bijzonder hoog laden op één factor en laag op andere. Eenvoudige structuur kan worden gecontroleerd in de structuur- en patroonmatrices waarin je hoge ladingen op slechts één factor verwacht. Eenvoudige structuur heeft de voorkeur omdat het de interpreteerbaarheid van de factoren en de items verbetert.</p>
</div>
</div>
</modalFeedback>
<modalFeedback identifier="ANSWER_CORRECT" outcomeIdentifier="FEEDBACK" showHide="show">
<div class="textblock tvblock tvcss_1"><div class="rte_zone tveditor1">
<p>Eenvoudige structuur betekent dat items in het bijzonder hoog laden op één factor en laag op andere. Eenvoudige structuur kan worden gecontroleerd in de structuur- en patroonmatrices waarin je hoge ladingen op slechts één factor verwacht. Eenvoudige structuur heeft de voorkeur omdat het de interpreteerbaarheid van de factoren en de items verbetert.</p>
</div>
</div>
</modalFeedback>
<modalFeedback identifier="PARTIAL_CORRECT" outcomeIdentifier="FEEDBACK" showHide="show">
<div class="textblock tvblock tvcss_1"><div class="rte_zone tveditor1">
<p>Eenvoudige structuur betekent dat items in het bijzonder hoog laden op één factor en laag op andere. Eenvoudige structuur kan worden gecontroleerd in de structuur- en patroonmatrices waarin je hoge ladingen op slechts één factor verwacht. Eenvoudige structuur heeft de voorkeur omdat het de interpreteerbaarheid van de factoren en de items verbetert.</p>
</div>
</div>
</modalFeedback>
</assessmentItem>
