<?xml version="1.0" encoding="utf-8" standalone="yes"?>
<assessmentItem identifier="vufgb-samplemean-002-nl_202209051540_item_1_schoice" title="vufgb-samplemean-002-nl_202209051540_item_1_schoice_vufgb-samplemean-002-nl" adaptive="false" timeDependent="false" toolName="Testvision Online" toolVersion="39.0.9084" xmlns="http://www.imsglobal.org/xsd/imsqti_v2p1">
<responseDeclaration identifier="RESPONSE" cardinality="single" baseType="identifier">
<correctResponse>
<value>alt_461853</value>
</correctResponse>
<mapping defaultValue="0" lowerBound="0.0">
<mapEntry mapKey="alt_184380" mappedValue="-0.333333333333333"/>
<mapEntry mapKey="alt_461853" mappedValue="1"/>
<mapEntry mapKey="alt_476765" mappedValue="-0.333333333333333"/>
<mapEntry mapKey="alt_928668" mappedValue="-0.333333333333333"/>
</mapping>
</responseDeclaration>
<outcomeDeclaration identifier="SCORE" cardinality="single" baseType="float" normalMaximum="1" normalMinimum="0" />
<outcomeDeclaration identifier="FEEDBACK" cardinality="single" baseType="identifier" />
<itemBody>
<p>Onzekerheid ten aanzien van een voorspelling over een populatiegemiddelde verdwijnt wanneer:</p>
<choiceInteraction responseIdentifier="RESPONSE" shuffle="false" maxChoices="1">
<simpleChoice identifier="alt_184380">
<div class="textblock tvblock tvcss_1"><div class="rte_zone tveditor1">
a. De populatiestandaarddeviatie bekend is.
</div>
</div>
</simpleChoice>
<simpleChoice identifier="alt_461853">
<div class="textblock tvblock tvcss_1"><div class="rte_zone tveditor1">
b. De steekproef alle subjecten van een populatie bevat.
</div>
</div>
</simpleChoice>
<simpleChoice identifier="alt_476765">
<div class="textblock tvblock tvcss_1"><div class="rte_zone tveditor1">
c. De t-verdeling een normale verdeling benadert.
</div>
</div>
</simpleChoice>
<simpleChoice identifier="alt_928668">
<div class="textblock tvblock tvcss_1"><div class="rte_zone tveditor1">
d. Zowel a, b en c zijn juist.
</div>
</div>
</simpleChoice>
</choiceInteraction>
</itemBody>
<responseProcessing>
<responseCondition>
<responseIf>
<isNull>
<variable identifier="RESPONSE"/>
</isNull>
<setOutcomeValue identifier="SCORE">
<baseValue baseType="float">0.0</baseValue>
</setOutcomeValue>
<setOutcomeValue identifier="FEEDBACK">
<baseValue baseType="identifier">FAILURE</baseValue>
</setOutcomeValue>
</responseIf>
<responseElse>
<setOutcomeValue identifier="SCORE">
<mapResponse identifier="RESPONSE"/>
</setOutcomeValue>
<responseCondition>
<responseIf>
<equal toleranceMode="relative" tolerance="0.001">
<variable identifier="SCORE"/>
<variable identifier="MAXSCORE"/>
</equal>
<setOutcomeValue identifier="FEEDBACK">
<baseValue baseType="identifier">ANSWER_CORRECT</baseValue>
</setOutcomeValue>
</responseIf>
<responseElse>
<setOutcomeValue identifier="FEEDBACK">
<baseValue baseType="identifier">FAILURE</baseValue>
</setOutcomeValue>
</responseElse>
</responseCondition>
</responseElse>
</responseCondition>
</responseProcessing>
<modalFeedback identifier="FAILURE" outcomeIdentifier="FEEDBACK" showHide="show">
<div class="textblock tvblock tvcss_1"><div class="rte_zone tveditor1">
<ol>
<li> De populatiestandaarddeviatie bekend is. <br /> Incorrect </li>
<li> De steekproef alle subjecten van een populatie bevat. <br /> Correct </li>
<li> De t-verdeling een normale verdeling benadert. <br /> Incorrect </li>
<li> Zowel a, b en c zijn juist. <br /> Incorrect </li>
</ol>
</div>
</div>
</modalFeedback>
<modalFeedback identifier="ANSWER_CORRECT" outcomeIdentifier="FEEDBACK" showHide="show">
<div class="textblock tvblock tvcss_1"><div class="rte_zone tveditor1">
<ol>
<li> De populatiestandaarddeviatie bekend is. <br /> Incorrect </li>
<li> De steekproef alle subjecten van een populatie bevat. <br /> Correct </li>
<li> De t-verdeling een normale verdeling benadert. <br /> Incorrect </li>
<li> Zowel a, b en c zijn juist. <br /> Incorrect </li>
</ol>
</div>
</div>
</modalFeedback>
<modalFeedback identifier="PARTIAL_CORRECT" outcomeIdentifier="FEEDBACK" showHide="show">
<div class="textblock tvblock tvcss_1"><div class="rte_zone tveditor1">
<ol>
<li> De populatiestandaarddeviatie bekend is. <br /> Incorrect </li>
<li> De steekproef alle subjecten van een populatie bevat. <br /> Correct </li>
<li> De t-verdeling een normale verdeling benadert. <br /> Incorrect </li>
<li> Zowel a, b en c zijn juist. <br /> Incorrect </li>
</ol>
</div>
</div>
</modalFeedback>
</assessmentItem>
