<?xml version="1.0" encoding="UTF-8"?>
<!DOCTYPE questestinterop SYSTEM "ims_qtiasiv1p2p1.dtd">

<questestinterop xmlns="http://www.imsglobal.org/xsd/ims_qtiasiv1p2" xmlns:xsi="http://www.w3.org/2001/XMLSchema-instance" xsi:schemaLocation="http://www.imsglobal.org/xsd/ims_qtiasiv1p2 http://www.imsglobal.org/xsd/ims_qtiasiv1p2p1.xsd">
<assessment ident="vufgb-odds-001-nl-canvas_442364318" title="vufgb-odds-001-nl-canvas">

<qtimetadata>
<qtimetadatafield>
<fieldlabel>cc_maxattempts</fieldlabel>
<fieldentry>1</fieldentry>
</qtimetadatafield>
<qtimetadatafield>
<fieldlabel>qmd_assessmenttype</fieldlabel>
<fieldentry>Assessment</fieldentry>
</qtimetadatafield>
</qtimetadata>
<objectives>
<material>
<mattext><![CDATA[Please solve the following exercises.]]></mattext>
</material>
</objectives>
<assessmentcontrol feedbackswitch="No" hintswitch="No" solutionswitch="Yes"/>
<outcomes_processing scoremodel="SumOfScores">
<outcomes>
<decvar varname="SCORE" vartype="Decimal" cutvalue="0"/>
</outcomes>
</outcomes_processing>
<assessfeedback title="AssessmentFeedback" ident="AssessmentFeedback">
<flow_mat>
<material>
<mattext>##AssessmentFeedback##</mattext>
</material>
</flow_mat>
</assessfeedback>

<section ident="vufgb-odds-001-nl-canvas_442364318_section_1" title="Exercise">

<objectives>
<material>
<mattext><![CDATA[Please answer the following question.]]></mattext>
</material>
</objectives>
<selection_ordering>
<selection>
<selection_number>1</selection_number>
<selection_extension>
<points_per_item>1</points_per_item>
</selection_extension>
</selection>
<order order_type="Random"/>
</selection_ordering>

<item ident="vufgb-odds-001-nl-canvas_442364318_section_1_item_1_schoice" title="Question" maxattempts="1">
<itemcontrol feedbackswitch="No" hintswitch="No" solutionswitch="Yes"/>
<itemmetadata>
<qtimetadata>
<qtimetadatafield>
<fieldlabel>question_type</fieldlabel>
<fieldentry>multiple_choice_question</fieldentry>
</qtimetadatafield>
</qtimetadata>
</itemmetadata>
<presentation>
<flow>
<material>
<matbreak/>
<mattext texttype="text/html" charset="utf-8"><![CDATA[
<p>Zie de volgende logistische regressie-output. In de analyse werd de diagnose depressie (ja=1) door een psychiater voorspeld op basis van de score op de GeneralHealth Questionnaire (GHQ) en geslacht (vrouw=1).</p>
<p><img src="data/supplements_1_1/vufgb-odds-001-nl-table01.jpg" /></p>
<p>Wat is volgens het model de kans dat een man met een score 1 op de GHQ een diagnose depressie krijgt?</p>
]]></mattext>
<matbreak/>
</material>
<response_lid ident="vufgb-odds-001-nl-canvas_442364318_section_1_item_1_schoice_RESPONSE_9336074" rcardinality="Single" rtiming="No">
<render_choice shuffle="No">
<flow_label class="List">
<response_label ident="vufgb-odds-001-nl-canvas_442364318_section_1_item_1_schoice_8476168391" rshuffle="No">
<material>
<mattext texttype="text/html" charset="utf-8"><![CDATA[
 0.066
]]></mattext>
</material>
</response_label>
</flow_label>
<flow_label class="List">
<response_label ident="vufgb-odds-001-nl-canvas_442364318_section_1_item_1_schoice_2959491042" rshuffle="No">
<material>
<mattext texttype="text/html" charset="utf-8"><![CDATA[
 0.152
]]></mattext>
</material>
</response_label>
</flow_label>
<flow_label class="List">
<response_label ident="vufgb-odds-001-nl-canvas_442364318_section_1_item_1_schoice_5386417288" rshuffle="No">
<material>
<mattext texttype="text/html" charset="utf-8"><![CDATA[
 0.934
]]></mattext>
</material>
</response_label>
</flow_label>
<flow_label class="List">
<response_label ident="vufgb-odds-001-nl-canvas_442364318_section_1_item_1_schoice_9528818550" rshuffle="No">
<material>
<mattext texttype="text/html" charset="utf-8"><![CDATA[
 0.848
]]></mattext>
</material>
</response_label>
</flow_label>
</render_choice>
</response_lid>
</flow>
</presentation>
<resprocessing>
<outcomes>
<decvar varname="SCORE" vartype="Decimal" defaultval="0" minvalue="0" maxvalue="1" cutvalue="1"/>
</outcomes>
<respcondition title="Mastery" continue="No">
<conditionvar>
<and>
<varequal respident="vufgb-odds-001-nl-canvas_442364318_section_1_item_1_schoice_RESPONSE_9336074" case="Yes">vufgb-odds-001-nl-canvas_442364318_section_1_item_1_schoice_9528818550</varequal>
<not> <varequal respident="vufgb-odds-001-nl-canvas_442364318_section_1_item_1_schoice_RESPONSE_9336074" case="Yes">vufgb-odds-001-nl-canvas_442364318_section_1_item_1_schoice_8476168391</varequal> </not>
<not> <varequal respident="vufgb-odds-001-nl-canvas_442364318_section_1_item_1_schoice_RESPONSE_9336074" case="Yes">vufgb-odds-001-nl-canvas_442364318_section_1_item_1_schoice_2959491042</varequal> </not>
<not> <varequal respident="vufgb-odds-001-nl-canvas_442364318_section_1_item_1_schoice_RESPONSE_9336074" case="Yes">vufgb-odds-001-nl-canvas_442364318_section_1_item_1_schoice_5386417288</varequal> </not>
</and>
</conditionvar>
<setvar varname="SCORE" action="Set">1</setvar>
<displayfeedback feedbacktype="Response" linkrefid="correct_fb"/>
</respcondition>
<respcondition continue="Yes">
<conditionvar>
<other/>
</conditionvar>
<displayfeedback feedbacktype="Response" linkrefid="general_incorrect_fb"/>
</respcondition>
</resprocessing>
<itemfeedback ident="correct_fb" view="All">
<flow_mat>
<material>
<mattext texttype="text/html"><![CDATA[
<ul>
<li> 0.066 <br /> Incorrect </li>
<li> 0.152 <br /> Incorrect </li>
<li> 0.934 <br /> Incorrect </li>
<li> 0.848 <br /> Correct </li>
</ul>
]]></mattext>
</material>
</flow_mat>
</itemfeedback>
<itemfeedback ident="general_incorrect_fb" view="All">
<flow_mat>
<material>
<mattext texttype="text/html"><![CDATA[
<ul>
<li> 0.066 <br /> Incorrect </li>
<li> 0.152 <br /> Incorrect </li>
<li> 0.934 <br /> Incorrect </li>
<li> 0.848 <br /> Correct </li>
</ul>
]]></mattext>
</material>
</flow_mat>
</itemfeedback>
</item>


</section>

</assessment>
</questestinterop>
