<?xml version="1.0" encoding="utf-8" standalone="yes"?>
<assessmentItem identifier="uu-Standard-error-of-the-estimate-801-nl-tv_202601131822_item_1_schoice" title="uu-Standard-error-of-the-estimate-801-nl-tv_202601131822_item_1_schoice_uu-Standard-error-of-the-estimate-801-nl.Rmd" adaptive="false" timeDependent="false" toolName="Testvision Online" toolVersion="39.0.9084" xmlns="http://www.imsglobal.org/xsd/imsqti_v2p1">
<responseDeclaration identifier="RESPONSE" cardinality="single" baseType="identifier">
<correctResponse>
<value>alt_172230</value>
</correctResponse>
<mapping defaultValue="0" lowerBound="0.0">
<mapEntry mapKey="alt_172230" mappedValue="1"/>
<mapEntry mapKey="alt_606069" mappedValue="-0.333333333333333"/>
<mapEntry mapKey="alt_193461" mappedValue="-0.333333333333333"/>
<mapEntry mapKey="alt_151094" mappedValue="-0.333333333333333"/>
</mapping>
</responseDeclaration>
<outcomeDeclaration identifier="SCORE" cardinality="single" baseType="float" normalMaximum="1" normalMinimum="0" />
<outcomeDeclaration identifier="FEEDBACK" cardinality="single" baseType="identifier" />
<stylesheet href="css/uu-Standard-error-of-the-estimate-801-nl-tv_202601131822_item_1_schoice.css" type="text/css" />
<itemBody>
<p>Een psycholoog verbonden aan een gevangenis is geïnteresseerd in de relatie tussen criminaliteit en intelligentie. Een criminaliteitsindex (tussen 0 en 50) wordt geformuleerd die rekening houdt met de zwaarte en de frequentie van de gepleegde misdrijven. Intelligentie wordt gemeten met een gestandaardiseerde IQ test. Achttien veroordeelde jongeren doen mee met dit onderzoek. SPSS is gebruikt om de relatie tussen de twee variabelen te beschrijven. Een deel van de SPSS-output is hieronder te zien.</p>
<p><img src="mediafiles/supplements1/uu-Standard-error-of-the-estimate-801-nl-tabel.JPG" alt="image"/></p>
<p>Welke waarde heeft de (in de tabel onzichtbaar gemaakte) standaardfout van de regressiecoëfficiënt voor IQ?</p>
<choiceInteraction responseIdentifier="RESPONSE" shuffle="false" maxChoices="1">
<simpleChoice identifier="alt_172230">
<div class="textblock tvblock tvcss_1"><div class="rte_zone tveditor1">
 0.091
</div>
</div>
</simpleChoice>
<simpleChoice identifier="alt_606069">
<div class="textblock tvblock tvcss_1"><div class="rte_zone tveditor1">
 0.592
</div>
</div>
</simpleChoice>
<simpleChoice identifier="alt_193461">
<div class="textblock tvblock tvcss_1"><div class="rte_zone tveditor1">
 2.369
</div>
</div>
</simpleChoice>
<simpleChoice identifier="alt_151094">
<div class="textblock tvblock tvcss_1"><div class="rte_zone tveditor1">
 10.96
</div>
</div>
</simpleChoice>
</choiceInteraction>
</itemBody>
<responseProcessing>
<responseCondition>
<responseIf>
<isNull>
<variable identifier="RESPONSE"/>
</isNull>
<setOutcomeValue identifier="SCORE">
<baseValue baseType="float">0.0</baseValue>
</setOutcomeValue>
<setOutcomeValue identifier="FEEDBACK">
<baseValue baseType="identifier">FAILURE</baseValue>
</setOutcomeValue>
</responseIf>
<responseElse>
<setOutcomeValue identifier="SCORE">
<mapResponse identifier="RESPONSE"/>
</setOutcomeValue>
<responseCondition>
<responseIf>
<equal toleranceMode="relative" tolerance="0.001">
<variable identifier="SCORE"/>
<variable identifier="MAXSCORE"/>
</equal>
<setOutcomeValue identifier="FEEDBACK">
<baseValue baseType="identifier">ANSWER_CORRECT</baseValue>
</setOutcomeValue>
</responseIf>
<responseElse>
<setOutcomeValue identifier="FEEDBACK">
<baseValue baseType="identifier">FAILURE</baseValue>
</setOutcomeValue>
</responseElse>
</responseCondition>
</responseElse>
</responseCondition>
</responseProcessing>
<modalFeedback identifier="FAILURE" outcomeIdentifier="FEEDBACK" showHide="show">
<div class="textblock tvblock tvcss_1"><div class="rte_zone tveditor1">
<ul>
<li> 0.091 <br /> Dit antwoord is correct. </li>
<li> 0.592 <br /> Dit antwoord is incorrect. </li>
<li> 2.369 <br /> Dit antwoord is incorrect. </li>
<li> 10.96 <br /> Dit antwoord is incorrect. </li>
</ul>
</div>
</div>
</modalFeedback>
<modalFeedback identifier="ANSWER_CORRECT" outcomeIdentifier="FEEDBACK" showHide="show">
<div class="textblock tvblock tvcss_1"><div class="rte_zone tveditor1">
<ul>
<li> 0.091 <br /> Dit antwoord is correct. </li>
<li> 0.592 <br /> Dit antwoord is incorrect. </li>
<li> 2.369 <br /> Dit antwoord is incorrect. </li>
<li> 10.96 <br /> Dit antwoord is incorrect. </li>
</ul>
</div>
</div>
</modalFeedback>
<modalFeedback identifier="PARTIAL_CORRECT" outcomeIdentifier="FEEDBACK" showHide="show">
<div class="textblock tvblock tvcss_1"><div class="rte_zone tveditor1">
<ul>
<li> 0.091 <br /> Dit antwoord is correct. </li>
<li> 0.592 <br /> Dit antwoord is incorrect. </li>
<li> 2.369 <br /> Dit antwoord is incorrect. </li>
<li> 10.96 <br /> Dit antwoord is incorrect. </li>
</ul>
</div>
</div>
</modalFeedback>
</assessmentItem>
