<?xml version="1.0" encoding="UTF-8"?>
<assessmentItem xsi:schemaLocation="http://www.imsglobal.org/xsd/imsqti_v2p1 http://www.imsglobal.org/xsd/qti/qtiv2p1/imsqti_v2p1p1.xsd http://www.w3.org/1998/Math/MathML http://www.w3.org/Math/XMLSchema/mathml2/mathml2.xsd" identifier="uva-equation-11-nl-ans_334325168_section_1_item_1_schoice" title="Inferential_Statistics_uva-equation-11-nl_uva-equation-11-nl_schoice_1" adaptive="false" timeDependent="false" xmlns="http://www.imsglobal.org/xsd/imsqti_v2p1" xmlns:xsi="http://www.w3.org/2001/XMLSchema-instance">
<responseDeclaration identifier="uva-equation-11-nl-ans_334325168_section_1_item_1_schoice_RESPONSE_1_3192734" cardinality="single" baseType="identifier">
<correctResponse>
<value>uva-equation-11-nl-ans_334325168_section_1_item_1_schoice_2_3731948780</value>
</correctResponse>
<mapping defaultValue="0" lowerBound="0.0">
<mapEntry mapKey="uva-equation-11-nl-ans_334325168_section_1_item_1_schoice_1_7666878462" mappedValue="0"/>
<mapEntry mapKey="uva-equation-11-nl-ans_334325168_section_1_item_1_schoice_2_3731948780" mappedValue="1"/>
<mapEntry mapKey="uva-equation-11-nl-ans_334325168_section_1_item_1_schoice_3_5789676567" mappedValue="0"/>
</mapping>
</responseDeclaration>
<outcomeDeclaration identifier="SCORE" cardinality="single" baseType="float" normalMaximum="1" normalMinimum="0">
<defaultValue>
<value>0.0</value>
</defaultValue>
</outcomeDeclaration>
<outcomeDeclaration identifier="MAXSCORE" cardinality="single" baseType="float">
<defaultValue>
<value>1</value>
</defaultValue>
</outcomeDeclaration>
<outcomeDeclaration identifier="FEEDBACKBASIC" cardinality="single" baseType="identifier" view="testConstructor">
<defaultValue>
<value>empty</value>
</defaultValue>
</outcomeDeclaration>
<outcomeDeclaration identifier="FEEDBACKMODAL" cardinality="multiple" baseType="identifier" view="testConstructor"/>
<outcomeDeclaration identifier="SOLUTIONMODAL" cardinality="single" baseType="identifier" view="testConstructor"/>
<outcomeDeclaration identifier="MINSCORE" cardinality="single" baseType="float">
<defaultValue>
<value baseType="float">0</value>
</defaultValue>
</outcomeDeclaration>
<outcomeDeclaration identifier="SCORE_RESPONSE_1" cardinality="single" baseType="float">
<defaultValue>
<value>0.0</value>
</defaultValue>
</outcomeDeclaration>
<outcomeDeclaration identifier="MINSCORE_RESPONSE_1" cardinality="single" baseType="float">
<defaultValue>
<value>0.0</value>
</defaultValue>
</outcomeDeclaration>
<itemBody>
<p>Bij regressie-analyse is de voorspelde score op <em>y</em> het gemiddelde van
de respons variabele <em>x</em> wanneer</p>
<choiceInteraction responseIdentifier="uva-equation-11-nl-ans_334325168_section_1_item_1_schoice_RESPONSE_1_3192734" shuffle="false" maxChoices="1">
<simpleChoice identifier="uva-equation-11-nl-ans_334325168_section_1_item_1_schoice_1_7666878462">
<p>
 b = 1
</p>
</simpleChoice>
<simpleChoice identifier="uva-equation-11-nl-ans_334325168_section_1_item_1_schoice_2_3731948780">
<p>
 r = 0
</p>
</simpleChoice>
<simpleChoice identifier="uva-equation-11-nl-ans_334325168_section_1_item_1_schoice_3_5789676567">
<p>
 x = 0
</p>
</simpleChoice>
</choiceInteraction>
</itemBody>
<responseProcessing>
<setOutcomeValue identifier="SCORE_RESPONSE_1">
<sum>
<variable identifier="SCORE_RESPONSE_1"/>
<mapResponse identifier="uva-equation-11-nl-ans_334325168_section_1_item_1_schoice_RESPONSE_1_3192734"/>
</sum>
</setOutcomeValue>
<responseCondition>
<responseIf>
<lt>
<variable identifier="SCORE_RESPONSE_1"/>
<variable identifier="MINSCORE_RESPONSE_1"/>
</lt>
<setOutcomeValue identifier="SCORE_RESPONSE_1">
<variable identifier="MINSCORE_RESPONSE_1"/>
</setOutcomeValue>
</responseIf>
</responseCondition>
<responseCondition>
<responseIf>
<isNull>
<variable identifier="uva-equation-11-nl-ans_334325168_section_1_item_1_schoice_RESPONSE_1_3192734"/>
</isNull>
<setOutcomeValue identifier="SCORE_RESPONSE_1">
<sum>
<variable identifier="SCORE_RESPONSE_1"/>
<baseValue baseType="float">0</baseValue>
</sum>
</setOutcomeValue>
</responseIf>
</responseCondition>
<setOutcomeValue identifier="SCORE">
<sum>
<variable identifier="SCORE_RESPONSE_1"/>
</sum>
</setOutcomeValue>
<responseCondition>
<responseIf>
<lt>
<variable identifier="SCORE"/>
<variable identifier="MINSCORE"/>
</lt>
<setOutcomeValue identifier="SCORE">
<variable identifier="MINSCORE"/>
</setOutcomeValue>
</responseIf>
</responseCondition>
<responseCondition>
<responseIf>
<lt>
<variable identifier="SCORE"/>
<baseValue baseType="float">1</baseValue>
</lt>
<setOutcomeValue identifier="FEEDBACKMODAL">
<multiple>
<variable identifier="FEEDBACKMODAL"/>
<baseValue baseType="identifier">Feedback887354333</baseValue>
</multiple>
</setOutcomeValue>
</responseIf>
</responseCondition>
</responseProcessing>
<modalFeedback outcomeIdentifier="FEEDBACK" showHide="show" identifier="incorrect">
<ul>
<li> b = 1 <br /> b = 1: Incorrect </li>
<li> r = 0 <br /> r = 0: Correct </li>
<li> x = 0 <br /> x = 0: Incorrect </li>
</ul>
</modalFeedback>
</assessmentItem>
