<?xml version="1.0" encoding="UTF-8"?>
<!DOCTYPE questestinterop SYSTEM "ims_qtiasiv1p2p1.dtd">

<questestinterop xmlns="http://www.imsglobal.org/xsd/ims_qtiasiv1p2" xmlns:xsi="http://www.w3.org/2001/XMLSchema-instance" xsi:schemaLocation="http://www.imsglobal.org/xsd/ims_qtiasiv1p2 http://www.imsglobal.org/xsd/ims_qtiasiv1p2p1.xsd">
<assessment ident="vufsw-moderation-1348-en-canvas_285241724" title="vufsw-moderation-1348-en-canvas">

<qtimetadata>
<qtimetadatafield>
<fieldlabel>cc_maxattempts</fieldlabel>
<fieldentry>1</fieldentry>
</qtimetadatafield>
<qtimetadatafield>
<fieldlabel>qmd_assessmenttype</fieldlabel>
<fieldentry>Assessment</fieldentry>
</qtimetadatafield>
</qtimetadata>
<objectives>
<material>
<mattext><![CDATA[Please solve the following exercises.]]></mattext>
</material>
</objectives>
<assessmentcontrol feedbackswitch="No" hintswitch="No" solutionswitch="Yes"/>
<outcomes_processing scoremodel="SumOfScores">
<outcomes>
<decvar varname="SCORE" vartype="Decimal" cutvalue="0"/>
</outcomes>
</outcomes_processing>
<assessfeedback title="AssessmentFeedback" ident="AssessmentFeedback">
<flow_mat>
<material>
<mattext>##AssessmentFeedback##</mattext>
</material>
</flow_mat>
</assessfeedback>

<section ident="vufsw-moderation-1348-en-canvas_285241724_section_1" title="Exercise">

<objectives>
<material>
<mattext><![CDATA[Please answer the following question.]]></mattext>
</material>
</objectives>
<selection_ordering>
<selection>
<selection_number>1</selection_number>
<selection_extension>
<points_per_item>1</points_per_item>
</selection_extension>
</selection>
<order order_type="Random"/>
</selection_ordering>

<item ident="vufsw-moderation-1348-en-canvas_285241724_section_1_item_1_schoice" title="Question" maxattempts="1">
<itemcontrol feedbackswitch="No" hintswitch="No" solutionswitch="Yes"/>
<itemmetadata>
<qtimetadata>
<qtimetadatafield>
<fieldlabel>question_type</fieldlabel>
<fieldentry>multiple_choice_question</fieldentry>
</qtimetadatafield>
</qtimetadata>
</itemmetadata>
<presentation>
<flow>
<material>
<matbreak/>
<mattext texttype="text/html" charset="utf-8"><![CDATA[
<p>Field describes a study on the growing interest in cosmetic surgical treatments. He collected data on the quality of life among a sample of respondents some of whom part had undergone cosmetic surgery and some were still on the waiting list for it. He also distinguished between the two main reasons for cosmetic surgery: to correct a physical problem, or to change something about appearance without a physical problem.</p>
<p>Below are the results of a correlation analysis in which first the correlation between quality of life (post_qol: a higher number is higher quality) and whether one underwent the surgery (surgery: 0= waiting list, 1 = underwent surgery) for the whole group was shown. Two separate correlation analyses were then done for the group that gave as a reason to change something about appearance (reason = 0, change appearance) and the group that wanted to fix a physical problem wanted to fix (reason = 1, physical reason).</p>
<p><img src="data/supplements_1_1/1602837169006.png" /></p>
<p>Reason = 0 (change appearance)                                      </p>
<p><img src="data/supplements_1_1/1602837181988.png" /></p>
<p> Reason = 1 (physical problem)<br />
<img src="data/supplements_1_1/1602837197444.png" /></p>
<p> Which causal model best applies to the results of this analysis?</p>
]]></mattext>
<matbreak/>
</material>
<response_lid ident="vufsw-moderation-1348-en-canvas_285241724_section_1_item_1_schoice_RESPONSE_7503032" rcardinality="Single" rtiming="No">
<render_choice shuffle="No">
<flow_label class="List">
<response_label ident="vufsw-moderation-1348-en-canvas_285241724_section_1_item_1_schoice_5357519710" rshuffle="No">
<material>
<mattext texttype="text/html" charset="utf-8"><![CDATA[
 <img src="data/supplements_1_1/1602837678070.png" />
]]></mattext>
</material>
</response_label>
</flow_label>
<flow_label class="List">
<response_label ident="vufsw-moderation-1348-en-canvas_285241724_section_1_item_1_schoice_2868189199" rshuffle="No">
<material>
<mattext texttype="text/html" charset="utf-8"><![CDATA[
 <img src="data/supplements_1_1/1602854063507.png" />
]]></mattext>
</material>
</response_label>
</flow_label>
<flow_label class="List">
<response_label ident="vufsw-moderation-1348-en-canvas_285241724_section_1_item_1_schoice_8615893995" rshuffle="No">
<material>
<mattext texttype="text/html" charset="utf-8"><![CDATA[
 <img src="data/supplements_1_1/1602837695524.png" />
]]></mattext>
</material>
</response_label>
</flow_label>
<flow_label class="List">
<response_label ident="vufsw-moderation-1348-en-canvas_285241724_section_1_item_1_schoice_4121322399" rshuffle="No">
<material>
<mattext texttype="text/html" charset="utf-8"><![CDATA[
 <img src="data/supplements_1_1/1602837664810.png" />
]]></mattext>
</material>
</response_label>
</flow_label>
</render_choice>
</response_lid>
</flow>
</presentation>
<resprocessing>
<outcomes>
<decvar varname="SCORE" vartype="Decimal" defaultval="0" minvalue="0" maxvalue="1" cutvalue="1"/>
</outcomes>
<respcondition title="Mastery" continue="No">
<conditionvar>
<and>
<varequal respident="vufsw-moderation-1348-en-canvas_285241724_section_1_item_1_schoice_RESPONSE_7503032" case="Yes">vufsw-moderation-1348-en-canvas_285241724_section_1_item_1_schoice_8615893995</varequal>
<not> <varequal respident="vufsw-moderation-1348-en-canvas_285241724_section_1_item_1_schoice_RESPONSE_7503032" case="Yes">vufsw-moderation-1348-en-canvas_285241724_section_1_item_1_schoice_5357519710</varequal> </not>
<not> <varequal respident="vufsw-moderation-1348-en-canvas_285241724_section_1_item_1_schoice_RESPONSE_7503032" case="Yes">vufsw-moderation-1348-en-canvas_285241724_section_1_item_1_schoice_2868189199</varequal> </not>
<not> <varequal respident="vufsw-moderation-1348-en-canvas_285241724_section_1_item_1_schoice_RESPONSE_7503032" case="Yes">vufsw-moderation-1348-en-canvas_285241724_section_1_item_1_schoice_4121322399</varequal> </not>
</and>
</conditionvar>
<setvar varname="SCORE" action="Set">1</setvar>
<displayfeedback feedbacktype="Response" linkrefid="correct_fb"/>
</respcondition>
<respcondition continue="Yes">
<conditionvar>
<other/>
</conditionvar>
<displayfeedback feedbacktype="Response" linkrefid="general_incorrect_fb"/>
</respcondition>
</resprocessing>
<itemfeedback ident="correct_fb" view="All">
<flow_mat>
<material>
<mattext texttype="text/html"><![CDATA[
<ul>
<li> <img src="data/supplements_1_1/1602837678070.png" /> <br /> False </li>
<li> <img src="data/supplements_1_1/1602854063507.png" /> <br /> False </li>
<li> <img src="data/supplements_1_1/1602837695524.png" /> <br /> True </li>
<li> <img src="data/supplements_1_1/1602837664810.png" /> <br /> False </li>
</ul>
]]></mattext>
</material>
</flow_mat>
</itemfeedback>
<itemfeedback ident="general_incorrect_fb" view="All">
<flow_mat>
<material>
<mattext texttype="text/html"><![CDATA[
<ul>
<li> <img src="data/supplements_1_1/1602837678070.png" /> <br /> False </li>
<li> <img src="data/supplements_1_1/1602854063507.png" /> <br /> False </li>
<li> <img src="data/supplements_1_1/1602837695524.png" /> <br /> True </li>
<li> <img src="data/supplements_1_1/1602837664810.png" /> <br /> False </li>
</ul>
]]></mattext>
</material>
</flow_mat>
</itemfeedback>
</item>


</section>

</assessment>
</questestinterop>
