<?xml version="1.0" encoding="UTF-8"?>
<!DOCTYPE questestinterop SYSTEM "ims_qtiasiv1p2p1.dtd">

<questestinterop xmlns="http://www.imsglobal.org/xsd/ims_qtiasiv1p2" xmlns:xsi="http://www.w3.org/2001/XMLSchema-instance" xsi:schemaLocation="http://www.imsglobal.org/xsd/ims_qtiasiv1p2 http://www.imsglobal.org/xsd/ims_qtiasiv1p2p1.xsd">
<assessment ident="eur-descriptive-127-nl-canvas_462478905" title="eur-descriptive-127-nl-canvas">

<qtimetadata>
<qtimetadatafield>
<fieldlabel>cc_maxattempts</fieldlabel>
<fieldentry>1</fieldentry>
</qtimetadatafield>
<qtimetadatafield>
<fieldlabel>qmd_assessmenttype</fieldlabel>
<fieldentry>Assessment</fieldentry>
</qtimetadatafield>
</qtimetadata>
<objectives>
<material>
<mattext><![CDATA[Please solve the following exercises.]]></mattext>
</material>
</objectives>
<assessmentcontrol feedbackswitch="No" hintswitch="No" solutionswitch="Yes"/>
<outcomes_processing scoremodel="SumOfScores">
<outcomes>
<decvar varname="SCORE" vartype="Decimal" cutvalue="0"/>
</outcomes>
</outcomes_processing>
<assessfeedback title="AssessmentFeedback" ident="AssessmentFeedback">
<flow_mat>
<material>
<mattext>##AssessmentFeedback##</mattext>
</material>
</flow_mat>
</assessfeedback>

<section ident="eur-descriptive-127-nl-canvas_462478905_section_1" title="Exercise">

<objectives>
<material>
<mattext><![CDATA[Please answer the following question.]]></mattext>
</material>
</objectives>
<selection_ordering>
<selection>
<selection_number>1</selection_number>
<selection_extension>
<points_per_item>1</points_per_item>
</selection_extension>
</selection>
<order order_type="Random"/>
</selection_ordering>

<item ident="eur-descriptive-127-nl-canvas_462478905_section_1_item_1_num" title="Question" maxattempts="1">
<itemcontrol feedbackswitch="No" hintswitch="No" solutionswitch="Yes"/>
<itemmetadata>
<qtimetadata>
<qtimetadatafield>
<fieldlabel>question_type</fieldlabel>
<fieldentry>numerical_question</fieldentry>
</qtimetadatafield>
</qtimetadata>
</itemmetadata>
<presentation>
<flow>
<material>
<matbreak/>
<mattext texttype="text/html" charset="utf-8"><![CDATA[
<p>Open het SPSS-bestand.</p>
<p>Er is een fout gemaakt in de berekening van het cursusexamen van cursus 2.2 (variabele cursus 2_2). Het cijfer van elke student moet herberekend worden door 0,2 punten toe te voegen aan het huidige cijfer. Voer deze herberekening uit en rapporteer het gemiddelde van de nieuwe cijfers voor vak 2.2. Merk op dat voor sommige studenten de nieuwe score voor het examen hoger is dan 10. Daarvoor hoef je niet te corrigeren. Daarvoor hoef je niet te corrigeren in de berekening van het gemiddelde. Rond je antwoord af op 4 decimalen.</p>
<ul>
<li>Download**: <a href="data/supplements_1_1/eur-descriptive-127-en-data.sav">SPSS file</a>, <a href="data/supplements_1_1/eur-descriptive-127-en-data.csv">CSV file</a></li>
</ul>
]]></mattext>
<matbreak/>
</material>
<response_num ident="eur-descriptive-127-nl-canvas_462478905_section_1_item_1_num_RESPONSE_1917442" rcardinality="Single" numtype="Decimal">
<render_fib fibtype="Decimal" maxchars="12">
<flow_label class="Block">
<response_label ident="eur-descriptive-127-nl-canvas_462478905_section_1_item_1_num_RESPONSE_1917442" rshuffle="No"/>
</flow_label>
</render_fib>
</response_num>
<material>
<matbreak/>
</material>
</flow>
</presentation>
<resprocessing>
<outcomes>
<decvar varname="SCORE" vartype="Decimal" defaultval="0" minvalue="0" maxvalue="1" cutvalue="1"/>
</outcomes>
<respcondition title="Mastery" continue="No">
<conditionvar>

<or>
<varequal respident="eur-descriptive-127-nl-canvas_462478905_section_1_item_1_num_RESPONSE_1917442" case="No"><![CDATA[5.3741]]></varequal>
<and>
<vargte respident="eur-descriptive-127-nl-canvas_462478905_section_1_item_1_num_RESPONSE_1917442"><![CDATA[5.3741]]></vargte>
<varlte respident="eur-descriptive-127-nl-canvas_462478905_section_1_item_1_num_RESPONSE_1917442"><![CDATA[5.3741]]></varlte>
</and>
</or>
</conditionvar>
<setvar varname="SCORE" action="Set">1</setvar>
<displayfeedback feedbacktype="Response" linkrefid="correct_fb"/>
</respcondition>
<respcondition continue="Yes">
<conditionvar>
<other/>
</conditionvar>
<displayfeedback feedbacktype="Response" linkrefid="general_incorrect_fb"/>
</respcondition>
</resprocessing>
<itemfeedback ident="correct_fb" view="All">
<flow_mat>
<material>
<mattext texttype="text/html"><![CDATA[
<p>Het gemiddelde voor de nieuwe cijfers van cursus 2.2 is 5,3741.</p>
]]></mattext>
</material>
</flow_mat>
</itemfeedback>
<itemfeedback ident="general_incorrect_fb" view="All">
<flow_mat>
<material>
<mattext texttype="text/html"><![CDATA[
<p>Het gemiddelde voor de nieuwe cijfers van cursus 2.2 is 5,3741.</p>
]]></mattext>
</material>
</flow_mat>
</itemfeedback>
</item>


</section>

</assessment>
</questestinterop>
