<?xml version="1.0" encoding="UTF-8"?>
<assessmentItem xsi:schemaLocation="http://www.imsglobal.org/xsd/imsqti_v2p1 http://www.imsglobal.org/xsd/qti/qtiv2p1/imsqti_v2p1p1.xsd http://www.w3.org/1998/Math/MathML http://www.w3.org/Math/XMLSchema/mathml2/mathml2.xsd" identifier="uu-Cohen's-d-801-nl-ans_769603308_section_1_item_1_schoice" title="Inferential_Statistics_uu-Cohen's-d-801-nl_uu-Cohen's-d-801-nl_schoice_1" adaptive="false" timeDependent="false" xmlns="http://www.imsglobal.org/xsd/imsqti_v2p1" xmlns:xsi="http://www.w3.org/2001/XMLSchema-instance">
<responseDeclaration identifier="uu-Cohen's-d-801-nl-ans_769603308_section_1_item_1_schoice_RESPONSE_1_1157520" cardinality="single" baseType="identifier">
<correctResponse>
<value>uu-Cohen's-d-801-nl-ans_769603308_section_1_item_1_schoice_4_6377779696</value>
</correctResponse>
<mapping defaultValue="0" lowerBound="0.0">
<mapEntry mapKey="uu-Cohen&apos;s-d-801-nl-ans_769603308_section_1_item_1_schoice_1_4265007472" mappedValue="0"/>
<mapEntry mapKey="uu-Cohen&apos;s-d-801-nl-ans_769603308_section_1_item_1_schoice_2_6838270247" mappedValue="0"/>
<mapEntry mapKey="uu-Cohen&apos;s-d-801-nl-ans_769603308_section_1_item_1_schoice_3_9491330756" mappedValue="0"/>
<mapEntry mapKey="uu-Cohen&apos;s-d-801-nl-ans_769603308_section_1_item_1_schoice_4_6377779696" mappedValue="1"/>
</mapping>
</responseDeclaration>
<outcomeDeclaration identifier="SCORE" cardinality="single" baseType="float" normalMaximum="1" normalMinimum="0">
<defaultValue>
<value>0.0</value>
</defaultValue>
</outcomeDeclaration>
<outcomeDeclaration identifier="MAXSCORE" cardinality="single" baseType="float">
<defaultValue>
<value>1</value>
</defaultValue>
</outcomeDeclaration>
<outcomeDeclaration identifier="FEEDBACKBASIC" cardinality="single" baseType="identifier" view="testConstructor">
<defaultValue>
<value>empty</value>
</defaultValue>
</outcomeDeclaration>
<outcomeDeclaration identifier="FEEDBACKMODAL" cardinality="multiple" baseType="identifier" view="testConstructor"/>
<outcomeDeclaration identifier="SOLUTIONMODAL" cardinality="single" baseType="identifier" view="testConstructor"/>
<outcomeDeclaration identifier="MINSCORE" cardinality="single" baseType="float">
<defaultValue>
<value baseType="float">0</value>
</defaultValue>
</outcomeDeclaration>
<outcomeDeclaration identifier="SCORE_RESPONSE_1" cardinality="single" baseType="float">
<defaultValue>
<value>0.0</value>
</defaultValue>
</outcomeDeclaration>
<outcomeDeclaration identifier="MINSCORE_RESPONSE_1" cardinality="single" baseType="float">
<defaultValue>
<value>0.0</value>
</defaultValue>
</outcomeDeclaration>
<itemBody>
<p>Een onderzoeker bereidt zich voor op een interview door het lezen van artikelen. In één van de artikelen is sprake van een relatie tussen intelligentie en agressie. De correlatie blijkt .20 te zijn. Deze correlatie is vertaald in een Cohen’s d, die blijkt 0.40 te zijn. De Cohen’s d is een indicatie van de …</p>
<choiceInteraction responseIdentifier="uu-Cohen's-d-801-nl-ans_769603308_section_1_item_1_schoice_RESPONSE_1_1157520" shuffle="false" maxChoices="1">
<simpleChoice identifier="uu-Cohen's-d-801-nl-ans_769603308_section_1_item_1_schoice_1_4265007472">
<p>
 betrouwbaarheid
</p>
</simpleChoice>
<simpleChoice identifier="uu-Cohen's-d-801-nl-ans_769603308_section_1_item_1_schoice_2_6838270247">
<p>
 stabiliteit
</p>
</simpleChoice>
<simpleChoice identifier="uu-Cohen's-d-801-nl-ans_769603308_section_1_item_1_schoice_3_9491330756">
<p>
 validiteit
</p>
</simpleChoice>
<simpleChoice identifier="uu-Cohen's-d-801-nl-ans_769603308_section_1_item_1_schoice_4_6377779696">
<p>
 effectgrootte
</p>
</simpleChoice>
</choiceInteraction>
</itemBody>
<responseProcessing>
<setOutcomeValue identifier="SCORE_RESPONSE_1">
<sum>
<variable identifier="SCORE_RESPONSE_1"/>
<mapResponse identifier="uu-Cohen's-d-801-nl-ans_769603308_section_1_item_1_schoice_RESPONSE_1_1157520"/>
</sum>
</setOutcomeValue>
<responseCondition>
<responseIf>
<lt>
<variable identifier="SCORE_RESPONSE_1"/>
<variable identifier="MINSCORE_RESPONSE_1"/>
</lt>
<setOutcomeValue identifier="SCORE_RESPONSE_1">
<variable identifier="MINSCORE_RESPONSE_1"/>
</setOutcomeValue>
</responseIf>
</responseCondition>
<responseCondition>
<responseIf>
<isNull>
<variable identifier="uu-Cohen's-d-801-nl-ans_769603308_section_1_item_1_schoice_RESPONSE_1_1157520"/>
</isNull>
<setOutcomeValue identifier="SCORE_RESPONSE_1">
<sum>
<variable identifier="SCORE_RESPONSE_1"/>
<baseValue baseType="float">0</baseValue>
</sum>
</setOutcomeValue>
</responseIf>
</responseCondition>
<setOutcomeValue identifier="SCORE">
<sum>
<variable identifier="SCORE_RESPONSE_1"/>
</sum>
</setOutcomeValue>
<responseCondition>
<responseIf>
<lt>
<variable identifier="SCORE"/>
<variable identifier="MINSCORE"/>
</lt>
<setOutcomeValue identifier="SCORE">
<variable identifier="MINSCORE"/>
</setOutcomeValue>
</responseIf>
</responseCondition>
<responseCondition>
<responseIf>
<lt>
<variable identifier="SCORE"/>
<baseValue baseType="float">1</baseValue>
</lt>
<setOutcomeValue identifier="FEEDBACKMODAL">
<multiple>
<variable identifier="FEEDBACKMODAL"/>
<baseValue baseType="identifier">Feedback130672871</baseValue>
</multiple>
</setOutcomeValue>
</responseIf>
</responseCondition>
</responseProcessing>
<modalFeedback outcomeIdentifier="FEEDBACK" showHide="show" identifier="incorrect">
<ul>
<li> betrouwbaarheid <br /> Dit antwoord is incorrect. </li>
<li> stabiliteit <br /> Dit antwoord is incorrect. </li>
<li> validiteit <br /> Dit antwoord is incorrect. </li>
<li> effectgrootte <br /> Dit antwoord is correct. </li>
</ul>
</modalFeedback>
</assessmentItem>
