<?xml version="1.0" encoding="UTF-8"?>
<!DOCTYPE questestinterop SYSTEM "ims_qtiasiv1p2p1.dtd">

<questestinterop xmlns="http://www.imsglobal.org/xsd/ims_qtiasiv1p2" xmlns:xsi="http://www.w3.org/2001/XMLSchema-instance" xsi:schemaLocation="http://www.imsglobal.org/xsd/ims_qtiasiv1p2 http://www.imsglobal.org/xsd/ims_qtiasiv1p2p1.xsd">
<assessment ident="uva-correlation-175-nl-canvas_362851355" title="uva-correlation-175-nl-canvas">

<qtimetadata>
<qtimetadatafield>
<fieldlabel>cc_maxattempts</fieldlabel>
<fieldentry>1</fieldentry>
</qtimetadatafield>
<qtimetadatafield>
<fieldlabel>qmd_assessmenttype</fieldlabel>
<fieldentry>Assessment</fieldentry>
</qtimetadatafield>
</qtimetadata>
<objectives>
<material>
<mattext><![CDATA[Please solve the following exercises.]]></mattext>
</material>
</objectives>
<assessmentcontrol feedbackswitch="No" hintswitch="No" solutionswitch="Yes"/>
<outcomes_processing scoremodel="SumOfScores">
<outcomes>
<decvar varname="SCORE" vartype="Decimal" cutvalue="0"/>
</outcomes>
</outcomes_processing>
<assessfeedback title="AssessmentFeedback" ident="AssessmentFeedback">
<flow_mat>
<material>
<mattext>##AssessmentFeedback##</mattext>
</material>
</flow_mat>
</assessfeedback>

<section ident="uva-correlation-175-nl-canvas_362851355_section_1" title="Exercise">

<objectives>
<material>
<mattext><![CDATA[Please answer the following question.]]></mattext>
</material>
</objectives>
<selection_ordering>
<selection>
<selection_number>1</selection_number>
<selection_extension>
<points_per_item>1</points_per_item>
</selection_extension>
</selection>
<order order_type="Random"/>
</selection_ordering>

<item ident="uva-correlation-175-nl-canvas_362851355_section_1_item_1_schoice" title="Question" maxattempts="1">
<itemcontrol feedbackswitch="No" hintswitch="No" solutionswitch="Yes"/>
<itemmetadata>
<qtimetadata>
<qtimetadatafield>
<fieldlabel>question_type</fieldlabel>
<fieldentry>multiple_choice_question</fieldentry>
</qtimetadatafield>
</qtimetadata>
</itemmetadata>
<presentation>
<flow>
<material>
<matbreak/>
<mattext texttype="text/html" charset="utf-8"><![CDATA[
<p>In een onderzoek naar de samenhang tussen 'reactietijden op een
eenvoudige taak' (<em>y</em>) en 'IQ' (<em>x</em>) wordt een correlatie gevonden
van <em>r</em> = 0,60. Dit kan worden geïnterpreteerd als</p>
]]></mattext>
<matbreak/>
</material>
<response_lid ident="uva-correlation-175-nl-canvas_362851355_section_1_item_1_schoice_RESPONSE_9119150" rcardinality="Single" rtiming="No">
<render_choice shuffle="No">
<flow_label class="List">
<response_label ident="uva-correlation-175-nl-canvas_362851355_section_1_item_1_schoice_2930753180" rshuffle="No">
<material>
<mattext texttype="text/html" charset="utf-8"><![CDATA[
 een 60% afname in fouten van het voorspellen van y met x.
]]></mattext>
</material>
</response_label>
</flow_label>
<flow_label class="List">
<response_label ident="uva-correlation-175-nl-canvas_362851355_section_1_item_1_schoice_4648535863" rshuffle="No">
<material>
<mattext texttype="text/html" charset="utf-8"><![CDATA[
 een 36% afname in fouten van het voorspellen van y met x.
]]></mattext>
</material>
</response_label>
</flow_label>
<flow_label class="List">
<response_label ident="uva-correlation-175-nl-canvas_362851355_section_1_item_1_schoice_9619301281" rshuffle="No">
<material>
<mattext texttype="text/html" charset="utf-8"><![CDATA[
 dat voor 60% van alle y geldt dat voorspelling (ŷ) = y.
]]></mattext>
</material>
</response_label>
</flow_label>
</render_choice>
</response_lid>
</flow>
</presentation>
<resprocessing>
<outcomes>
<decvar varname="SCORE" vartype="Decimal" defaultval="0" minvalue="0" maxvalue="1" cutvalue="1"/>
</outcomes>
<respcondition title="Mastery" continue="No">
<conditionvar>
<and>
<varequal respident="uva-correlation-175-nl-canvas_362851355_section_1_item_1_schoice_RESPONSE_9119150" case="Yes">uva-correlation-175-nl-canvas_362851355_section_1_item_1_schoice_4648535863</varequal>
<not> <varequal respident="uva-correlation-175-nl-canvas_362851355_section_1_item_1_schoice_RESPONSE_9119150" case="Yes">uva-correlation-175-nl-canvas_362851355_section_1_item_1_schoice_2930753180</varequal> </not>
<not> <varequal respident="uva-correlation-175-nl-canvas_362851355_section_1_item_1_schoice_RESPONSE_9119150" case="Yes">uva-correlation-175-nl-canvas_362851355_section_1_item_1_schoice_9619301281</varequal> </not>
</and>
</conditionvar>
<setvar varname="SCORE" action="Set">1</setvar>
<displayfeedback feedbacktype="Response" linkrefid="correct_fb"/>
</respcondition>
<respcondition continue="Yes">
<conditionvar>
<other/>
</conditionvar>
<displayfeedback feedbacktype="Response" linkrefid="general_incorrect_fb"/>
</respcondition>
</resprocessing>
<itemfeedback ident="correct_fb" view="All">
<flow_mat>
<material>
<mattext texttype="text/html"><![CDATA[
<ul>
<li> een 60% afname in fouten van het voorspellen van y met x. <br /> een 60% afname in fouten van het voorspellen van y met x.: Incorrect </li>
<li> een 36% afname in fouten van het voorspellen van y met x. <br /> een 36% afname in fouten van het voorspellen van y met x.: Correct </li>
<li> dat voor 60% van alle y geldt dat voorspelling (ŷ) = y. <br /> dat voor 60% van alle y geldt dat voorspelling (ŷ) = y.: Incorrect </li>
</ul>
]]></mattext>
</material>
</flow_mat>
</itemfeedback>
<itemfeedback ident="general_incorrect_fb" view="All">
<flow_mat>
<material>
<mattext texttype="text/html"><![CDATA[
<ul>
<li> een 60% afname in fouten van het voorspellen van y met x. <br /> een 60% afname in fouten van het voorspellen van y met x.: Incorrect </li>
<li> een 36% afname in fouten van het voorspellen van y met x. <br /> een 36% afname in fouten van het voorspellen van y met x.: Correct </li>
<li> dat voor 60% van alle y geldt dat voorspelling (ŷ) = y. <br /> dat voor 60% van alle y geldt dat voorspelling (ŷ) = y.: Incorrect </li>
</ul>
]]></mattext>
</material>
</flow_mat>
</itemfeedback>
</item>


</section>

</assessment>
</questestinterop>
