<?xml version="1.0" encoding="UTF-8"?>
<assessmentItem xsi:schemaLocation="http://www.imsglobal.org/xsd/imsqti_v2p1 http://www.imsglobal.org/xsd/qti/qtiv2p1/imsqti_v2p1p1.xsd http://www.w3.org/1998/Math/MathML http://www.w3.org/Math/XMLSchema/mathml2/mathml2.xsd" identifier="uva-standard-deviation-464-nl-qti_642765623_section_1_item_1_schoice" title="1" adaptive="false" timeDependent="false" xmlns="http://www.imsglobal.org/xsd/imsqti_v2p1" xmlns:xsi="http://www.w3.org/2001/XMLSchema-instance">
<responseDeclaration identifier="uva-standard-deviation-464-nl-qti_642765623_section_1_item_1_schoice_RESPONSE_1_1728648" cardinality="single" baseType="identifier">
<correctResponse>
<value>uva-standard-deviation-464-nl-qti_642765623_section_1_item_1_schoice_4_7000214255</value>
</correctResponse>
<mapping defaultValue="0" lowerBound="0.0">
<mapEntry mapKey="uva-standard-deviation-464-nl-qti_642765623_section_1_item_1_schoice_1_8504087036" mappedValue="0"/>
<mapEntry mapKey="uva-standard-deviation-464-nl-qti_642765623_section_1_item_1_schoice_2_6211898452" mappedValue="0"/>
<mapEntry mapKey="uva-standard-deviation-464-nl-qti_642765623_section_1_item_1_schoice_3_1227172298" mappedValue="0"/>
<mapEntry mapKey="uva-standard-deviation-464-nl-qti_642765623_section_1_item_1_schoice_4_7000214255" mappedValue="1"/>
</mapping>
</responseDeclaration>
<outcomeDeclaration identifier="SCORE" cardinality="single" baseType="float" normalMaximum="1" normalMinimum="0">
<defaultValue>
<value>0.0</value>
</defaultValue>
</outcomeDeclaration>
<outcomeDeclaration identifier="MAXSCORE" cardinality="single" baseType="float">
<defaultValue>
<value>1</value>
</defaultValue>
</outcomeDeclaration>
<outcomeDeclaration identifier="FEEDBACKBASIC" cardinality="single" baseType="identifier" view="testConstructor">
<defaultValue>
<value>empty</value>
</defaultValue>
</outcomeDeclaration>
<outcomeDeclaration identifier="FEEDBACKMODAL" cardinality="multiple" baseType="identifier" view="testConstructor"/>
<outcomeDeclaration identifier="SOLUTIONMODAL" cardinality="single" baseType="identifier" view="testConstructor"/>
<outcomeDeclaration identifier="MINSCORE" cardinality="single" baseType="float">
<defaultValue>
<value baseType="float">0</value>
</defaultValue>
</outcomeDeclaration>
<outcomeDeclaration identifier="SCORE_RESPONSE_1" cardinality="single" baseType="float">
<defaultValue>
<value>0.0</value>
</defaultValue>
</outcomeDeclaration>
<outcomeDeclaration identifier="MINSCORE_RESPONSE_1" cardinality="single" baseType="float">
<defaultValue>
<value>0.0</value>
</defaultValue>
</outcomeDeclaration>
<itemBody>
<p>Gegeven de volgende getallen: 7, 5, 8, 4, 9, 8, 7, 8. De geschatte
standaardafwijking van het steekproefgemiddelde is gelijk aan</p>
<choiceInteraction responseIdentifier="uva-standard-deviation-464-nl-qti_642765623_section_1_item_1_schoice_RESPONSE_1_1728648" shuffle="false" maxChoices="1">
<simpleChoice identifier="uva-standard-deviation-464-nl-qti_642765623_section_1_item_1_schoice_1_8504087036">
<p>
 0.36
</p>
</simpleChoice>
<simpleChoice identifier="uva-standard-deviation-464-nl-qti_642765623_section_1_item_1_schoice_2_6211898452">
<p>
 0.56
</p>
</simpleChoice>
<simpleChoice identifier="uva-standard-deviation-464-nl-qti_642765623_section_1_item_1_schoice_3_1227172298">
<p>
 0.6
</p>
</simpleChoice>
<simpleChoice identifier="uva-standard-deviation-464-nl-qti_642765623_section_1_item_1_schoice_4_7000214255">
<p>
 1.69
</p>
</simpleChoice>
</choiceInteraction>
</itemBody>
<responseProcessing>
<setOutcomeValue identifier="SCORE_RESPONSE_1">
<sum>
<variable identifier="SCORE_RESPONSE_1"/>
<mapResponse identifier="uva-standard-deviation-464-nl-qti_642765623_section_1_item_1_schoice_RESPONSE_1_1728648"/>
</sum>
</setOutcomeValue>
<responseCondition>
<responseIf>
<lt>
<variable identifier="SCORE_RESPONSE_1"/>
<variable identifier="MINSCORE_RESPONSE_1"/>
</lt>
<setOutcomeValue identifier="SCORE_RESPONSE_1">
<variable identifier="MINSCORE_RESPONSE_1"/>
</setOutcomeValue>
</responseIf>
</responseCondition>
<responseCondition>
<responseIf>
<isNull>
<variable identifier="uva-standard-deviation-464-nl-qti_642765623_section_1_item_1_schoice_RESPONSE_1_1728648"/>
</isNull>
<setOutcomeValue identifier="SCORE_RESPONSE_1">
<sum>
<variable identifier="SCORE_RESPONSE_1"/>
<baseValue baseType="float">0</baseValue>
</sum>
</setOutcomeValue>
</responseIf>
</responseCondition>
<setOutcomeValue identifier="SCORE">
<sum>
<variable identifier="SCORE_RESPONSE_1"/>
</sum>
</setOutcomeValue>
<responseCondition>
<responseIf>
<lt>
<variable identifier="SCORE"/>
<variable identifier="MINSCORE"/>
</lt>
<setOutcomeValue identifier="SCORE">
<variable identifier="MINSCORE"/>
</setOutcomeValue>
</responseIf>
</responseCondition>
<responseCondition>
<responseIf>
<lt>
<variable identifier="SCORE"/>
<baseValue baseType="float">1</baseValue>
</lt>
<setOutcomeValue identifier="FEEDBACKMODAL">
<multiple>
<variable identifier="FEEDBACKMODAL"/>
<baseValue baseType="identifier">Feedback192049505</baseValue>
</multiple>
</setOutcomeValue>
</responseIf>
</responseCondition>
</responseProcessing>
<modalFeedback identifier="Feedback192049505" outcomeIdentifier="FEEDBACKMODAL" showHide="show">
<ul>
<li> 0.36 <br /> 0.36: Incorrect </li>
<li> 0.56 <br /> 0.56: Incorrect </li>
<li> 0.6 <br /> 0.6: Incorrect </li>
<li> 1.69 <br /> 1.69: Correct </li>
</ul>
</modalFeedback>
</assessmentItem>
