<?xml version="1.0" encoding="UTF-8"?>
<!DOCTYPE questestinterop SYSTEM "ims_qtiasiv1p2p1.dtd">

<questestinterop xmlns="http://www.imsglobal.org/xsd/ims_qtiasiv1p2" xmlns:xsi="http://www.w3.org/2001/XMLSchema-instance" xsi:schemaLocation="http://www.imsglobal.org/xsd/ims_qtiasiv1p2 http://www.imsglobal.org/xsd/ims_qtiasiv1p2p1.xsd">
<assessment ident="uva-twoway-anova-65-nl-canvas_362929325" title="uva-twoway-anova-65-nl-canvas">

<qtimetadata>
<qtimetadatafield>
<fieldlabel>cc_maxattempts</fieldlabel>
<fieldentry>1</fieldentry>
</qtimetadatafield>
<qtimetadatafield>
<fieldlabel>qmd_assessmenttype</fieldlabel>
<fieldentry>Assessment</fieldentry>
</qtimetadatafield>
</qtimetadata>
<objectives>
<material>
<mattext><![CDATA[Please solve the following exercises.]]></mattext>
</material>
</objectives>
<assessmentcontrol feedbackswitch="No" hintswitch="No" solutionswitch="Yes"/>
<outcomes_processing scoremodel="SumOfScores">
<outcomes>
<decvar varname="SCORE" vartype="Decimal" cutvalue="0"/>
</outcomes>
</outcomes_processing>
<assessfeedback title="AssessmentFeedback" ident="AssessmentFeedback">
<flow_mat>
<material>
<mattext>##AssessmentFeedback##</mattext>
</material>
</flow_mat>
</assessfeedback>

<section ident="uva-twoway-anova-65-nl-canvas_362929325_section_1" title="Exercise">

<objectives>
<material>
<mattext><![CDATA[Please answer the following question.]]></mattext>
</material>
</objectives>
<selection_ordering>
<selection>
<selection_number>1</selection_number>
<selection_extension>
<points_per_item>1</points_per_item>
</selection_extension>
</selection>
<order order_type="Random"/>
</selection_ordering>

<item ident="uva-twoway-anova-65-nl-canvas_362929325_section_1_item_1_schoice" title="Question" maxattempts="1">
<itemcontrol feedbackswitch="No" hintswitch="No" solutionswitch="Yes"/>
<itemmetadata>
<qtimetadata>
<qtimetadatafield>
<fieldlabel>question_type</fieldlabel>
<fieldentry>multiple_choice_question</fieldentry>
</qtimetadatafield>
</qtimetadata>
</itemmetadata>
<presentation>
<flow>
<material>
<matbreak/>
<mattext texttype="text/html" charset="utf-8"><![CDATA[
<p>In een onderzoek met twee factoren, A (3 niveau's) en B (2 niveau's),
wordt het volgende gevonden:</p>
<table>
<tbody>
<tr class="odd">
<td align="left">Source</td>
<td align="left">df</td>
<td align="left">SS</td>
<td align="left">MS</td>
<td align="left">F</td>
</tr>
<tr class="even">
<td align="left">A</td>
<td align="left">2</td>
<td align="left">120</td>
<td align="left">60</td>
<td align="left"></td>
</tr>
<tr class="odd">
<td align="left">B</td>
<td align="left">1</td>
<td align="left">80</td>
<td align="left">80</td>
<td align="left"></td>
</tr>
<tr class="even">
<td align="left">A*B</td>
<td align="left">2</td>
<td align="left"></td>
<td align="left"></td>
<td align="left"></td>
</tr>
<tr class="odd">
<td align="left">Error</td>
<td align="left">25</td>
<td align="left">225</td>
<td align="left">9</td>
<td align="left"></td>
</tr>
<tr class="even">
<td align="left">Total</td>
<td align="left">30</td>
<td align="left">500</td>
<td align="left"></td>
<td align="left"></td>
</tr>
</tbody>
</table>
<p>De nulhypothese van geen interactie kan bij significantieniveau 0.05</p>
]]></mattext>
<matbreak/>
</material>
<response_lid ident="uva-twoway-anova-65-nl-canvas_362929325_section_1_item_1_schoice_RESPONSE_2822102" rcardinality="Single" rtiming="No">
<render_choice shuffle="No">
<flow_label class="List">
<response_label ident="uva-twoway-anova-65-nl-canvas_362929325_section_1_item_1_schoice_3865039593" rshuffle="No">
<material>
<mattext texttype="text/html" charset="utf-8"><![CDATA[
 worden verworpen.
]]></mattext>
</material>
</response_label>
</flow_label>
<flow_label class="List">
<response_label ident="uva-twoway-anova-65-nl-canvas_362929325_section_1_item_1_schoice_3657718069" rshuffle="No">
<material>
<mattext texttype="text/html" charset="utf-8"><![CDATA[
 niet worden verworpen.
]]></mattext>
</material>
</response_label>
</flow_label>
<flow_label class="List">
<response_label ident="uva-twoway-anova-65-nl-canvas_362929325_section_1_item_1_schoice_4059267277" rshuffle="No">
<material>
<mattext texttype="text/html" charset="utf-8"><![CDATA[
 niet worden bepaald.
]]></mattext>
</material>
</response_label>
</flow_label>
</render_choice>
</response_lid>
</flow>
</presentation>
<resprocessing>
<outcomes>
<decvar varname="SCORE" vartype="Decimal" defaultval="0" minvalue="0" maxvalue="1" cutvalue="1"/>
</outcomes>
<respcondition title="Mastery" continue="No">
<conditionvar>
<and>
<varequal respident="uva-twoway-anova-65-nl-canvas_362929325_section_1_item_1_schoice_RESPONSE_2822102" case="Yes">uva-twoway-anova-65-nl-canvas_362929325_section_1_item_1_schoice_3865039593</varequal>
<not> <varequal respident="uva-twoway-anova-65-nl-canvas_362929325_section_1_item_1_schoice_RESPONSE_2822102" case="Yes">uva-twoway-anova-65-nl-canvas_362929325_section_1_item_1_schoice_3657718069</varequal> </not>
<not> <varequal respident="uva-twoway-anova-65-nl-canvas_362929325_section_1_item_1_schoice_RESPONSE_2822102" case="Yes">uva-twoway-anova-65-nl-canvas_362929325_section_1_item_1_schoice_4059267277</varequal> </not>
</and>
</conditionvar>
<setvar varname="SCORE" action="Set">1</setvar>
<displayfeedback feedbacktype="Response" linkrefid="correct_fb"/>
</respcondition>
<respcondition continue="Yes">
<conditionvar>
<other/>
</conditionvar>
<displayfeedback feedbacktype="Response" linkrefid="general_incorrect_fb"/>
</respcondition>
</resprocessing>
<itemfeedback ident="correct_fb" view="All">
<flow_mat>
<material>
<mattext texttype="text/html"><![CDATA[
<ul>
<li> worden verworpen. <br /> worden verworpen.: Correct </li>
<li> niet worden verworpen. <br /> niet worden verworpen.: Incorrect </li>
<li> niet worden bepaald. <br /> niet worden bepaald.: Incorrect </li>
</ul>
]]></mattext>
</material>
</flow_mat>
</itemfeedback>
<itemfeedback ident="general_incorrect_fb" view="All">
<flow_mat>
<material>
<mattext texttype="text/html"><![CDATA[
<ul>
<li> worden verworpen. <br /> worden verworpen.: Correct </li>
<li> niet worden verworpen. <br /> niet worden verworpen.: Incorrect </li>
<li> niet worden bepaald. <br /> niet worden bepaald.: Incorrect </li>
</ul>
]]></mattext>
</material>
</flow_mat>
</itemfeedback>
</item>


</section>

</assessment>
</questestinterop>
