<?xml version="1.0" encoding="UTF-8"?>
<assessmentItem xsi:schemaLocation="http://www.imsglobal.org/xsd/imsqti_v2p1 http://www.imsglobal.org/xsd/qti/qtiv2p1/imsqti_v2p1p1.xsd http://www.w3.org/1998/Math/MathML http://www.w3.org/Math/XMLSchema/mathml2/mathml2.xsd" identifier="eur-reliability-112-nl-qti_133569146_section_1_item_1_num" title="1" adaptive="false" timeDependent="false" xmlns="http://www.imsglobal.org/xsd/imsqti_v2p1" xmlns:xsi="http://www.w3.org/2001/XMLSchema-instance">
<responseDeclaration identifier="eur-reliability-112-nl-qti_133569146_section_1_item_1_num_RESPONSE_1_5066496" cardinality="single" baseType="float">
<correctResponse>
<value>0.896</value>
</correctResponse>
</responseDeclaration>
<outcomeDeclaration identifier="SCORE" cardinality="single" baseType="float" normalMaximum="1" normalMinimum="0">
<defaultValue>
<value>0.0</value>
</defaultValue>
</outcomeDeclaration>
<outcomeDeclaration identifier="MAXSCORE" cardinality="single" baseType="float">
<defaultValue>
<value>1</value>
</defaultValue>
</outcomeDeclaration>
<outcomeDeclaration identifier="FEEDBACKBASIC" cardinality="single" baseType="identifier" view="testConstructor">
<defaultValue>
<value>empty</value>
</defaultValue>
</outcomeDeclaration>
<outcomeDeclaration identifier="FEEDBACKMODAL" cardinality="multiple" baseType="identifier" view="testConstructor"/>
<outcomeDeclaration identifier="SOLUTIONMODAL" cardinality="single" baseType="identifier" view="testConstructor"/>
<outcomeDeclaration identifier="MINSCORE" cardinality="single" baseType="float">
<defaultValue>
<value baseType="float">0</value>
</defaultValue>
</outcomeDeclaration>
<outcomeDeclaration identifier="SCORE_RESPONSE_1" cardinality="single" baseType="float">
<defaultValue>
<value>0.0</value>
</defaultValue>
</outcomeDeclaration>
<outcomeDeclaration identifier="MINSCORE_RESPONSE_1" cardinality="single" baseType="float">
<defaultValue>
<value>0.0</value>
</defaultValue>
</outcomeDeclaration>
<itemBody>
<p>Twintig parallelle items worden verwijderd uit een vragenlijst van 80 items die een alpha van .92 had. Wat wordt de nieuwe alpha? Gebruik de formule hieronder:</p>
<p><math display="inline" xmlns="http://www.w3.org/1998/Math/MathML"><semantics><mrow><msub><mi>R</mi><mrow><mi>x</mi><mi>x</mi><mo>−</mo><mi>r</mi><mi>e</mi><mi>v</mi><mi>i</mi><mi>s</mi><mi>e</mi><mi>d</mi></mrow></msub><mo>=</mo><mfrac><mrow><mi>n</mi><mo>×</mo><msub><mi>R</mi><mrow><mi>X</mi><mi>X</mi><mo>−</mo><mi>o</mi><mi>r</mi><mi>i</mi><mi>g</mi><mi>i</mi><mi>n</mi><mi>a</mi><mi>l</mi></mrow></msub></mrow><mrow><mn>1</mn><mo>+</mo><mrow><mo stretchy="true" form="prefix">(</mo><mi>n</mi><mo>−</mo><mn>1</mn><mo stretchy="true" form="postfix">)</mo></mrow><msub><mi>R</mi><mrow><mi>X</mi><mi>X</mi><mo>−</mo><mi>o</mi><mi>r</mi><mi>i</mi><mi>g</mi><mi>i</mi><mi>n</mi><mi>a</mi><mi>l</mi></mrow></msub></mrow></mfrac></mrow><annotation encoding="application/x-tex">R_{xx-revised} = \frac{n \times R_{XX-original}}{1+(n-1) R_{XX-original}}</annotation></semantics></math></p>
<p>Merk op dat n = verlengingsfactor. Oorspronkelijk aantal items x verlengingsfactor = nieuw aantal items.</p>
<p>
<textEntryInteraction responseIdentifier="eur-reliability-112-nl-qti_133569146_section_1_item_1_num_RESPONSE_1_5066496"/>
</p>
</itemBody>
<responseProcessing>
<responseCondition>
<responseIf>
<equal toleranceMode="absolute" tolerance="0 0" includeLowerBound="true" includeUpperBound="true">
<variable identifier="eur-reliability-112-nl-qti_133569146_section_1_item_1_num_RESPONSE_1_5066496"/>
<correct identifier="eur-reliability-112-nl-qti_133569146_section_1_item_1_num_RESPONSE_1_5066496"/>
</equal>
<setOutcomeValue identifier="SCORE_RESPONSE_1">
<sum>
<variable identifier="SCORE_RESPONSE_1"/>
<baseValue baseType="float">1</baseValue>
</sum>
</setOutcomeValue>
</responseIf>
</responseCondition>
<responseCondition>
<responseIf>
<and>
<not>
<isNull>
<variable identifier="eur-reliability-112-nl-qti_133569146_section_1_item_1_num_RESPONSE_1_5066496"/>
</isNull>
</not>
<lt>
<variable identifier="SCORE_RESPONSE_1"/>
<baseValue baseType="float">1</baseValue>
</lt>
</and>
<setOutcomeValue identifier="SCORE_RESPONSE_1">
<sum>
<variable identifier="SCORE_RESPONSE_1"/>
<baseValue baseType="float">0</baseValue>
</sum>
</setOutcomeValue>
</responseIf>
</responseCondition>
<responseCondition>
<responseIf>
<lt>
<variable identifier="SCORE_RESPONSE_1"/>
<variable identifier="MINSCORE_RESPONSE_1"/>
</lt>
<setOutcomeValue identifier="SCORE_RESPONSE_1">
<variable identifier="MINSCORE_RESPONSE_1"/>
</setOutcomeValue>
</responseIf>
</responseCondition>
<responseCondition>
<responseIf>
<isNull>
<variable identifier="eur-reliability-112-nl-qti_133569146_section_1_item_1_num_RESPONSE_1_5066496"/>
</isNull>
<setOutcomeValue identifier="SCORE_RESPONSE_1">
<sum>
<variable identifier="SCORE_RESPONSE_1"/>
<baseValue baseType="float">0</baseValue>
</sum>
</setOutcomeValue>
</responseIf>
</responseCondition>
<setOutcomeValue identifier="SCORE">
<sum>
<variable identifier="SCORE_RESPONSE_1"/>
</sum>
</setOutcomeValue>
<responseCondition>
<responseIf>
<lt>
<variable identifier="SCORE"/>
<variable identifier="MINSCORE"/>
</lt>
<setOutcomeValue identifier="SCORE">
<variable identifier="MINSCORE"/>
</setOutcomeValue>
</responseIf>
</responseCondition>
<responseCondition>
<responseIf>
<lt>
<variable identifier="SCORE"/>
<baseValue baseType="float">1</baseValue>
</lt>
<setOutcomeValue identifier="FEEDBACKMODAL">
<multiple>
<variable identifier="FEEDBACKMODAL"/>
<baseValue baseType="identifier">Feedback161086588</baseValue>
</multiple>
</setOutcomeValue>
</responseIf>
</responseCondition>
</responseProcessing>
<modalFeedback identifier="Feedback161086588" outcomeIdentifier="FEEDBACKMODAL" showHide="show">
<p>Om de nieuwe alfa te berekenen hebben we de Spearman-Brown formule nodig. In dit geval is n <math display="inline" xmlns="http://www.w3.org/1998/Math/MathML"><semantics><mrow><mfrac><mn>60</mn><mn>80</mn></mfrac><mo>=</mo><mn>.75</mn></mrow><annotation encoding="application/x-tex">\frac{60}{80}=.75</annotation></semantics></math>
Dus: <math display="inline" xmlns="http://www.w3.org/1998/Math/MathML"><semantics><mrow><msub><mi>R</mi><mrow><mi>x</mi><mi>x</mi><mo>−</mo><mi>r</mi><mi>e</mi><mi>v</mi><mi>i</mi><mi>s</mi><mi>e</mi><mi>d</mi></mrow></msub><mo>=</mo><mfrac><mrow><mn>.75</mn><mo>×</mo><mn>.92</mn></mrow><mrow><mn>1</mn><mo>+</mo><mrow><mo stretchy="true" form="prefix">(</mo><mn>.75</mn><mo>−</mo><mn>1</mn><mo stretchy="true" form="postfix">)</mo></mrow><mn>.92</mn></mrow></mfrac><mo>=</mo><mn>.896</mn></mrow><annotation encoding="application/x-tex">R_{xx-revised} = \frac{.75\times.92}{1+(.75-1).92} = .896</annotation></semantics></math>.</p>
</modalFeedback>
</assessmentItem>
