<?xml version="1.0" encoding="UTF-8"?>
<assessmentItem xsi:schemaLocation="http://www.imsglobal.org/xsd/imsqti_v2p1 http://www.imsglobal.org/xsd/qti/qtiv2p1/imsqti_v2p1p1.xsd http://www.w3.org/1998/Math/MathML http://www.w3.org/Math/XMLSchema/mathml2/mathml2.xsd" identifier="uva-oneway-anova-496-en-qti_751427334_section_1_item_1_schoice" title="1" adaptive="false" timeDependent="false" xmlns="http://www.imsglobal.org/xsd/imsqti_v2p1" xmlns:xsi="http://www.w3.org/2001/XMLSchema-instance">
<responseDeclaration identifier="uva-oneway-anova-496-en-qti_751427334_section_1_item_1_schoice_RESPONSE_1_3036966" cardinality="single" baseType="identifier">
<correctResponse>
<value>uva-oneway-anova-496-en-qti_751427334_section_1_item_1_schoice_3_4833242267</value>
</correctResponse>
<mapping defaultValue="0" lowerBound="0.0">
<mapEntry mapKey="uva-oneway-anova-496-en-qti_751427334_section_1_item_1_schoice_1_9982132323" mappedValue="0"/>
<mapEntry mapKey="uva-oneway-anova-496-en-qti_751427334_section_1_item_1_schoice_2_8263136935" mappedValue="0"/>
<mapEntry mapKey="uva-oneway-anova-496-en-qti_751427334_section_1_item_1_schoice_3_4833242267" mappedValue="1"/>
<mapEntry mapKey="uva-oneway-anova-496-en-qti_751427334_section_1_item_1_schoice_4_1051976215" mappedValue="0"/>
</mapping>
</responseDeclaration>
<outcomeDeclaration identifier="SCORE" cardinality="single" baseType="float" normalMaximum="1" normalMinimum="0">
<defaultValue>
<value>0.0</value>
</defaultValue>
</outcomeDeclaration>
<outcomeDeclaration identifier="MAXSCORE" cardinality="single" baseType="float">
<defaultValue>
<value>1</value>
</defaultValue>
</outcomeDeclaration>
<outcomeDeclaration identifier="FEEDBACKBASIC" cardinality="single" baseType="identifier" view="testConstructor">
<defaultValue>
<value>empty</value>
</defaultValue>
</outcomeDeclaration>
<outcomeDeclaration identifier="FEEDBACKMODAL" cardinality="multiple" baseType="identifier" view="testConstructor"/>
<outcomeDeclaration identifier="SOLUTIONMODAL" cardinality="single" baseType="identifier" view="testConstructor"/>
<outcomeDeclaration identifier="MINSCORE" cardinality="single" baseType="float">
<defaultValue>
<value baseType="float">0</value>
</defaultValue>
</outcomeDeclaration>
<outcomeDeclaration identifier="SCORE_RESPONSE_1" cardinality="single" baseType="float">
<defaultValue>
<value>0.0</value>
</defaultValue>
</outcomeDeclaration>
<outcomeDeclaration identifier="MINSCORE_RESPONSE_1" cardinality="single" baseType="float">
<defaultValue>
<value>0.0</value>
</defaultValue>
</outcomeDeclaration>
<itemBody>
<p>Below is a partially completed ANOVA table, belonging to a Completely Randomized Design (Oneway) ANOVA.</p>
<p>——————— —- —- —- — Source of variation SS df MS F Between groups 27 3 Within groups 24 12 ——————— —- —- —- —</p>
<p>The value of the test value F to test equality of all population averages is equal to</p>
<choiceInteraction responseIdentifier="uva-oneway-anova-496-en-qti_751427334_section_1_item_1_schoice_RESPONSE_1_3036966" shuffle="false" maxChoices="1">
<simpleChoice identifier="uva-oneway-anova-496-en-qti_751427334_section_1_item_1_schoice_1_9982132323">
<p>
 1.13
</p>
</simpleChoice>
<simpleChoice identifier="uva-oneway-anova-496-en-qti_751427334_section_1_item_1_schoice_2_8263136935">
<p>
 3.4
</p>
</simpleChoice>
<simpleChoice identifier="uva-oneway-anova-496-en-qti_751427334_section_1_item_1_schoice_3_4833242267">
<p>
 4.5
</p>
</simpleChoice>
<simpleChoice identifier="uva-oneway-anova-496-en-qti_751427334_section_1_item_1_schoice_4_1051976215">
<p>
 6.19
</p>
</simpleChoice>
</choiceInteraction>
</itemBody>
<responseProcessing>
<setOutcomeValue identifier="SCORE_RESPONSE_1">
<sum>
<variable identifier="SCORE_RESPONSE_1"/>
<mapResponse identifier="uva-oneway-anova-496-en-qti_751427334_section_1_item_1_schoice_RESPONSE_1_3036966"/>
</sum>
</setOutcomeValue>
<responseCondition>
<responseIf>
<lt>
<variable identifier="SCORE_RESPONSE_1"/>
<variable identifier="MINSCORE_RESPONSE_1"/>
</lt>
<setOutcomeValue identifier="SCORE_RESPONSE_1">
<variable identifier="MINSCORE_RESPONSE_1"/>
</setOutcomeValue>
</responseIf>
</responseCondition>
<responseCondition>
<responseIf>
<isNull>
<variable identifier="uva-oneway-anova-496-en-qti_751427334_section_1_item_1_schoice_RESPONSE_1_3036966"/>
</isNull>
<setOutcomeValue identifier="SCORE_RESPONSE_1">
<sum>
<variable identifier="SCORE_RESPONSE_1"/>
<baseValue baseType="float">0</baseValue>
</sum>
</setOutcomeValue>
</responseIf>
</responseCondition>
<setOutcomeValue identifier="SCORE">
<sum>
<variable identifier="SCORE_RESPONSE_1"/>
</sum>
</setOutcomeValue>
<responseCondition>
<responseIf>
<lt>
<variable identifier="SCORE"/>
<variable identifier="MINSCORE"/>
</lt>
<setOutcomeValue identifier="SCORE">
<variable identifier="MINSCORE"/>
</setOutcomeValue>
</responseIf>
</responseCondition>
<responseCondition>
<responseIf>
<lt>
<variable identifier="SCORE"/>
<baseValue baseType="float">1</baseValue>
</lt>
<setOutcomeValue identifier="FEEDBACKMODAL">
<multiple>
<variable identifier="FEEDBACKMODAL"/>
<baseValue baseType="identifier">Feedback976245742</baseValue>
</multiple>
</setOutcomeValue>
</responseIf>
</responseCondition>
</responseProcessing>
<modalFeedback identifier="Feedback976245742" outcomeIdentifier="FEEDBACKMODAL" showHide="show">
<ul>
<li> 1.13 <br /> 1.13: Incorrect </li>
<li> 3.4 <br /> 3.4: Incorrect </li>
<li> 4.5 <br /> 4.5: Correct </li>
<li> 6.19 <br /> 6.19: Incorrect </li>
</ul>
</modalFeedback>
</assessmentItem>
