<?xml version="1.0" encoding="utf-8" standalone="yes"?>
<assessmentItem identifier="vufgb-oddsratio-010-en-tv_202510071724_item_1_schoice" title="vufgb-oddsratio-010-en-tv_202510071724_item_1_schoice_vufgb-oddsratio-010-en" adaptive="false" timeDependent="false" toolName="Testvision Online" toolVersion="39.0.9084" xmlns="http://www.imsglobal.org/xsd/imsqti_v2p1">
<responseDeclaration identifier="RESPONSE" cardinality="single" baseType="identifier">
<correctResponse>
<value>alt_675278</value>
</correctResponse>
<mapping defaultValue="0" lowerBound="0.0">
<mapEntry mapKey="alt_675278" mappedValue="1"/>
<mapEntry mapKey="alt_792812" mappedValue="-0.333333333333333"/>
<mapEntry mapKey="alt_314009" mappedValue="-0.333333333333333"/>
<mapEntry mapKey="alt_734171" mappedValue="-0.333333333333333"/>
</mapping>
</responseDeclaration>
<outcomeDeclaration identifier="SCORE" cardinality="single" baseType="float" normalMaximum="1" normalMinimum="0" />
<outcomeDeclaration identifier="FEEDBACK" cardinality="single" baseType="identifier" />
<stylesheet href="css/vufgb-oddsratio-010-en-tv_202510071724_item_1_schoice.css" type="text/css" />
<itemBody>
<p>What is the correct description of the Odds Ratio in simple logistic regression?</p>
<choiceInteraction responseIdentifier="RESPONSE" shuffle="false" maxChoices="1">
<simpleChoice identifier="alt_675278">
<div class="textblock tvblock tvcss_1"><div class="rte_zone tveditor1">
 The change in the odds of <em>y</em> for one unit increase on <em>x</em>.
</div>
</div>
</simpleChoice>
<simpleChoice identifier="alt_792812">
<div class="textblock tvblock tvcss_1"><div class="rte_zone tveditor1">
 The change in the odds of <em>x</em> for one unit increase on <em>y</em>.
</div>
</div>
</simpleChoice>
<simpleChoice identifier="alt_314009">
<div class="textblock tvblock tvcss_1"><div class="rte_zone tveditor1">
 The ratio of the odds of <em>y</em>=1 and the odds of <em>y</em>=0.
</div>
</div>
</simpleChoice>
<simpleChoice identifier="alt_734171">
<div class="textblock tvblock tvcss_1"><div class="rte_zone tveditor1">
 The ratio of the odds of <em>y</em>=0 and the odds of <em>y</em>=1.
</div>
</div>
</simpleChoice>
</choiceInteraction>
</itemBody>
<responseProcessing>
<responseCondition>
<responseIf>
<isNull>
<variable identifier="RESPONSE"/>
</isNull>
<setOutcomeValue identifier="SCORE">
<baseValue baseType="float">0.0</baseValue>
</setOutcomeValue>
<setOutcomeValue identifier="FEEDBACK">
<baseValue baseType="identifier">FAILURE</baseValue>
</setOutcomeValue>
</responseIf>
<responseElse>
<setOutcomeValue identifier="SCORE">
<mapResponse identifier="RESPONSE"/>
</setOutcomeValue>
<responseCondition>
<responseIf>
<equal toleranceMode="relative" tolerance="0.001">
<variable identifier="SCORE"/>
<variable identifier="MAXSCORE"/>
</equal>
<setOutcomeValue identifier="FEEDBACK">
<baseValue baseType="identifier">ANSWER_CORRECT</baseValue>
</setOutcomeValue>
</responseIf>
<responseElse>
<setOutcomeValue identifier="FEEDBACK">
<baseValue baseType="identifier">FAILURE</baseValue>
</setOutcomeValue>
</responseElse>
</responseCondition>
</responseElse>
</responseCondition>
</responseProcessing>
<modalFeedback identifier="FAILURE" outcomeIdentifier="FEEDBACK" showHide="show">
<div class="textblock tvblock tvcss_1"><div class="rte_zone tveditor1">
<ul>
<li> The change in the odds of <em>y</em> for one unit increase on <em>x</em>. <br /> Correct </li>
<li> The change in the odds of <em>x</em> for one unit increase on <em>y</em>. <br /> Incorrect </li>
<li> The ratio of the odds of <em>y</em>=1 and the odds of <em>y</em>=0. <br /> Incorrect </li>
<li> The ratio of the odds of <em>y</em>=0 and the odds of <em>y</em>=1. <br /> Incorrect </li>
</ul>
</div>
</div>
</modalFeedback>
<modalFeedback identifier="ANSWER_CORRECT" outcomeIdentifier="FEEDBACK" showHide="show">
<div class="textblock tvblock tvcss_1"><div class="rte_zone tveditor1">
<ul>
<li> The change in the odds of <em>y</em> for one unit increase on <em>x</em>. <br /> Correct </li>
<li> The change in the odds of <em>x</em> for one unit increase on <em>y</em>. <br /> Incorrect </li>
<li> The ratio of the odds of <em>y</em>=1 and the odds of <em>y</em>=0. <br /> Incorrect </li>
<li> The ratio of the odds of <em>y</em>=0 and the odds of <em>y</em>=1. <br /> Incorrect </li>
</ul>
</div>
</div>
</modalFeedback>
<modalFeedback identifier="PARTIAL_CORRECT" outcomeIdentifier="FEEDBACK" showHide="show">
<div class="textblock tvblock tvcss_1"><div class="rte_zone tveditor1">
<ul>
<li> The change in the odds of <em>y</em> for one unit increase on <em>x</em>. <br /> Correct </li>
<li> The change in the odds of <em>x</em> for one unit increase on <em>y</em>. <br /> Incorrect </li>
<li> The ratio of the odds of <em>y</em>=1 and the odds of <em>y</em>=0. <br /> Incorrect </li>
<li> The ratio of the odds of <em>y</em>=0 and the odds of <em>y</em>=1. <br /> Incorrect </li>
</ul>
</div>
</div>
</modalFeedback>
</assessmentItem>
