<?xml version="1.0" encoding="utf-8" standalone="yes"?>
<assessmentItem identifier="uva-sample-mean-238-nl-tv_202601131822_item_1_schoice" title="uva-sample-mean-238-nl-tv_202601131822_item_1_schoice_uva-sample-mean-238-nl" adaptive="false" timeDependent="false" toolName="Testvision Online" toolVersion="39.0.9084" xmlns="http://www.imsglobal.org/xsd/imsqti_v2p1">
<responseDeclaration identifier="RESPONSE" cardinality="single" baseType="identifier">
<correctResponse>
<value>alt_358386</value>
</correctResponse>
<mapping defaultValue="0" lowerBound="0.0">
<mapEntry mapKey="alt_358386" mappedValue="1"/>
<mapEntry mapKey="alt_181235" mappedValue="-0.5"/>
<mapEntry mapKey="alt_229046" mappedValue="-0.5"/>
</mapping>
</responseDeclaration>
<outcomeDeclaration identifier="SCORE" cardinality="single" baseType="float" normalMaximum="1" normalMinimum="0" />
<outcomeDeclaration identifier="FEEDBACK" cardinality="single" baseType="identifier" />
<stylesheet href="css/uva-sample-mean-238-nl-tv_202601131822_item_1_schoice.css" type="text/css" />
<itemBody>
<p>In een bepaalde populatie is de variabele neuroticisme normaal verdeeld
met gemiddelde μ = 25 en standaardafwijking σ = 4. Uit deze populatie
wordt een aselecte steekproef van n = 25 personen getrokken. De kans dat
in deze steekproef de gemiddelde neuroticismescore hoger is dan 27 is
gelijk aan</p>
<choiceInteraction responseIdentifier="RESPONSE" shuffle="false" maxChoices="1">
<simpleChoice identifier="alt_358386">
<div class="textblock tvblock tvcss_1"><div class="rte_zone tveditor1">
 0.01
</div>
</div>
</simpleChoice>
<simpleChoice identifier="alt_181235">
<div class="textblock tvblock tvcss_1"><div class="rte_zone tveditor1">
 0.31
</div>
</div>
</simpleChoice>
<simpleChoice identifier="alt_229046">
<div class="textblock tvblock tvcss_1"><div class="rte_zone tveditor1">
 0.99
</div>
</div>
</simpleChoice>
</choiceInteraction>
</itemBody>
<responseProcessing>
<responseCondition>
<responseIf>
<isNull>
<variable identifier="RESPONSE"/>
</isNull>
<setOutcomeValue identifier="SCORE">
<baseValue baseType="float">0.0</baseValue>
</setOutcomeValue>
<setOutcomeValue identifier="FEEDBACK">
<baseValue baseType="identifier">FAILURE</baseValue>
</setOutcomeValue>
</responseIf>
<responseElse>
<setOutcomeValue identifier="SCORE">
<mapResponse identifier="RESPONSE"/>
</setOutcomeValue>
<responseCondition>
<responseIf>
<equal toleranceMode="relative" tolerance="0.001">
<variable identifier="SCORE"/>
<variable identifier="MAXSCORE"/>
</equal>
<setOutcomeValue identifier="FEEDBACK">
<baseValue baseType="identifier">ANSWER_CORRECT</baseValue>
</setOutcomeValue>
</responseIf>
<responseElse>
<setOutcomeValue identifier="FEEDBACK">
<baseValue baseType="identifier">FAILURE</baseValue>
</setOutcomeValue>
</responseElse>
</responseCondition>
</responseElse>
</responseCondition>
</responseProcessing>
<modalFeedback identifier="FAILURE" outcomeIdentifier="FEEDBACK" showHide="show">
<div class="textblock tvblock tvcss_1"><div class="rte_zone tveditor1">
<ul>
<li> 0.01 <br /> 0.01: Correct </li>
<li> 0.31 <br /> 0.31: Incorrect </li>
<li> 0.99 <br /> 0.99: Incorrect </li>
</ul>
</div>
</div>
</modalFeedback>
<modalFeedback identifier="ANSWER_CORRECT" outcomeIdentifier="FEEDBACK" showHide="show">
<div class="textblock tvblock tvcss_1"><div class="rte_zone tveditor1">
<ul>
<li> 0.01 <br /> 0.01: Correct </li>
<li> 0.31 <br /> 0.31: Incorrect </li>
<li> 0.99 <br /> 0.99: Incorrect </li>
</ul>
</div>
</div>
</modalFeedback>
<modalFeedback identifier="PARTIAL_CORRECT" outcomeIdentifier="FEEDBACK" showHide="show">
<div class="textblock tvblock tvcss_1"><div class="rte_zone tveditor1">
<ul>
<li> 0.01 <br /> 0.01: Correct </li>
<li> 0.31 <br /> 0.31: Incorrect </li>
<li> 0.99 <br /> 0.99: Incorrect </li>
</ul>
</div>
</div>
</modalFeedback>
</assessmentItem>
