<?xml version="1.0" encoding="utf-8" standalone="yes"?>
<assessmentItem identifier="vufsw-assumptions-0286-nl-tv_202601131820_item_1_schoice" title="vufsw-assumptions-0286-nl-tv_202601131820_item_1_schoice_vufsw-assumptions-0286-nl" adaptive="false" timeDependent="false" toolName="Testvision Online" toolVersion="39.0.9084" xmlns="http://www.imsglobal.org/xsd/imsqti_v2p1">
<responseDeclaration identifier="RESPONSE" cardinality="single" baseType="identifier">
<correctResponse>
<value>alt_310086</value>
</correctResponse>
<mapping defaultValue="0" lowerBound="0.0">
<mapEntry mapKey="alt_310086" mappedValue="1"/>
<mapEntry mapKey="alt_439221" mappedValue="-0.333333333333333"/>
<mapEntry mapKey="alt_152654" mappedValue="-0.333333333333333"/>
<mapEntry mapKey="alt_352198" mappedValue="-0.333333333333333"/>
</mapping>
</responseDeclaration>
<outcomeDeclaration identifier="SCORE" cardinality="single" baseType="float" normalMaximum="1" normalMinimum="0" />
<outcomeDeclaration identifier="FEEDBACK" cardinality="single" baseType="identifier" />
<stylesheet href="css/vufsw-assumptions-0286-nl-tv_202601131820_item_1_schoice.css" type="text/css" />
<itemBody>
<p>Welke assumptie over de varianties is van toepassing bij MANOVA?</p>
<choiceInteraction responseIdentifier="RESPONSE" shuffle="false" maxChoices="1">
<simpleChoice identifier="alt_310086">
<div class="textblock tvblock tvcss_1"><div class="rte_zone tveditor1">
 Homogeneity of covariance matrices
</div>
</div>
</simpleChoice>
<simpleChoice identifier="alt_439221">
<div class="textblock tvblock tvcss_1"><div class="rte_zone tveditor1">
 Sphericity
</div>
</div>
</simpleChoice>
<simpleChoice identifier="alt_152654">
<div class="textblock tvblock tvcss_1"><div class="rte_zone tveditor1">
 Homogeneity of variances
</div>
</div>
</simpleChoice>
<simpleChoice identifier="alt_352198">
<div class="textblock tvblock tvcss_1"><div class="rte_zone tveditor1">
 Geen van de andere antwoorden is juist
</div>
</div>
</simpleChoice>
</choiceInteraction>
</itemBody>
<responseProcessing>
<responseCondition>
<responseIf>
<isNull>
<variable identifier="RESPONSE"/>
</isNull>
<setOutcomeValue identifier="SCORE">
<baseValue baseType="float">0.0</baseValue>
</setOutcomeValue>
<setOutcomeValue identifier="FEEDBACK">
<baseValue baseType="identifier">FAILURE</baseValue>
</setOutcomeValue>
</responseIf>
<responseElse>
<setOutcomeValue identifier="SCORE">
<mapResponse identifier="RESPONSE"/>
</setOutcomeValue>
<responseCondition>
<responseIf>
<equal toleranceMode="relative" tolerance="0.001">
<variable identifier="SCORE"/>
<variable identifier="MAXSCORE"/>
</equal>
<setOutcomeValue identifier="FEEDBACK">
<baseValue baseType="identifier">ANSWER_CORRECT</baseValue>
</setOutcomeValue>
</responseIf>
<responseElse>
<setOutcomeValue identifier="FEEDBACK">
<baseValue baseType="identifier">FAILURE</baseValue>
</setOutcomeValue>
</responseElse>
</responseCondition>
</responseElse>
</responseCondition>
</responseProcessing>
<modalFeedback identifier="FAILURE" outcomeIdentifier="FEEDBACK" showHide="show">
<div class="textblock tvblock tvcss_1"><div class="rte_zone tveditor1">
<ul>
<li> Homogeneity of covariance matrices <br /> True </li>
<li> Sphericity <br /> False </li>
<li> Homogeneity of variances <br /> False </li>
<li> Geen van de andere antwoorden is juist <br /> False </li>
</ul>
</div>
</div>
</modalFeedback>
<modalFeedback identifier="ANSWER_CORRECT" outcomeIdentifier="FEEDBACK" showHide="show">
<div class="textblock tvblock tvcss_1"><div class="rte_zone tveditor1">
<ul>
<li> Homogeneity of covariance matrices <br /> True </li>
<li> Sphericity <br /> False </li>
<li> Homogeneity of variances <br /> False </li>
<li> Geen van de andere antwoorden is juist <br /> False </li>
</ul>
</div>
</div>
</modalFeedback>
<modalFeedback identifier="PARTIAL_CORRECT" outcomeIdentifier="FEEDBACK" showHide="show">
<div class="textblock tvblock tvcss_1"><div class="rte_zone tveditor1">
<ul>
<li> Homogeneity of covariance matrices <br /> True </li>
<li> Sphericity <br /> False </li>
<li> Homogeneity of variances <br /> False </li>
<li> Geen van de andere antwoorden is juist <br /> False </li>
</ul>
</div>
</div>
</modalFeedback>
</assessmentItem>
