<?xml version="1.0" encoding="UTF-8"?>
<!DOCTYPE questestinterop SYSTEM "ims_qtiasiv1p2p1.dtd">

<questestinterop xmlns="http://www.imsglobal.org/xsd/ims_qtiasiv1p2" xmlns:xsi="http://www.w3.org/2001/XMLSchema-instance" xsi:schemaLocation="http://www.imsglobal.org/xsd/ims_qtiasiv1p2 http://www.imsglobal.org/xsd/ims_qtiasiv1p2p1.xsd">
<assessment ident="vufsw-moderation-2081-nl-canvas_955003441" title="vufsw-moderation-2081-nl-canvas">

<qtimetadata>
<qtimetadatafield>
<fieldlabel>cc_maxattempts</fieldlabel>
<fieldentry>1</fieldentry>
</qtimetadatafield>
<qtimetadatafield>
<fieldlabel>qmd_assessmenttype</fieldlabel>
<fieldentry>Assessment</fieldentry>
</qtimetadatafield>
</qtimetadata>
<objectives>
<material>
<mattext><![CDATA[Please solve the following exercises.]]></mattext>
</material>
</objectives>
<assessmentcontrol feedbackswitch="No" hintswitch="No" solutionswitch="Yes"/>
<outcomes_processing scoremodel="SumOfScores">
<outcomes>
<decvar varname="SCORE" vartype="Decimal" cutvalue="0"/>
</outcomes>
</outcomes_processing>
<assessfeedback title="AssessmentFeedback" ident="AssessmentFeedback">
<flow_mat>
<material>
<mattext>##AssessmentFeedback##</mattext>
</material>
</flow_mat>
</assessfeedback>

<section ident="vufsw-moderation-2081-nl-canvas_955003441_section_1" title="Exercise">

<objectives>
<material>
<mattext><![CDATA[Please answer the following question.]]></mattext>
</material>
</objectives>
<selection_ordering>
<selection>
<selection_number>1</selection_number>
<selection_extension>
<points_per_item>1</points_per_item>
</selection_extension>
</selection>
<order order_type="Random"/>
</selection_ordering>

<item ident="vufsw-moderation-2081-nl-canvas_955003441_section_1_item_1_schoice" title="Question" maxattempts="1">
<itemcontrol feedbackswitch="No" hintswitch="No" solutionswitch="Yes"/>
<itemmetadata>
<qtimetadata>
<qtimetadatafield>
<fieldlabel>question_type</fieldlabel>
<fieldentry>multiple_choice_question</fieldentry>
</qtimetadatafield>
</qtimetadata>
</itemmetadata>
<presentation>
<flow>
<material>
<matbreak/>
<mattext texttype="text/html" charset="utf-8"><![CDATA[
<p>In onderstaande regressieanalyse is de houding tegenover cultuur de
afhankelijke variabele (att: 1-4, van negatief naar positief) en zijn de
onafhankelijke variabelen leeftijd (lft15 = leeftijd -15, dus 15 = 0) en
schoolniveau (in dummy’s : vmbo-b is de referentiecategorie). Er is in
model 2 een interactie toegevoegd tussen leeftijd en schoolniveau.</p>
<p><img src="data/supplements_1_1/Schermafbeelding__2019-01-30__om__17.22.26.png" /></p>
<p>Welke conclusie kun je uit model 2 trekken over de populatie
scholieren?<br />
1: Op 15-jarige leeftijd zijn gymnasium leerlingen positiever over
cultuur dan vmbo-b leerlingen<br />
2: Oudere vmbo-b leerlingen denken positiever over cultuur dan jongere
vmbo-b leerlingen</p>
]]></mattext>
<matbreak/>
</material>
<response_lid ident="vufsw-moderation-2081-nl-canvas_955003441_section_1_item_1_schoice_RESPONSE_1670722" rcardinality="Single" rtiming="No">
<render_choice shuffle="No">
<flow_label class="List">
<response_label ident="vufsw-moderation-2081-nl-canvas_955003441_section_1_item_1_schoice_2717295878" rshuffle="No">
<material>
<mattext texttype="text/html" charset="utf-8"><![CDATA[
 Zowel 1 als 2 zijn waar
]]></mattext>
</material>
</response_label>
</flow_label>
<flow_label class="List">
<response_label ident="vufsw-moderation-2081-nl-canvas_955003441_section_1_item_1_schoice_6515178780" rshuffle="No">
<material>
<mattext texttype="text/html" charset="utf-8"><![CDATA[
 1 en 2 zijn beide onwaar
]]></mattext>
</material>
</response_label>
</flow_label>
<flow_label class="List">
<response_label ident="vufsw-moderation-2081-nl-canvas_955003441_section_1_item_1_schoice_4127101134" rshuffle="No">
<material>
<mattext texttype="text/html" charset="utf-8"><![CDATA[
 Alleen 1 is waar
]]></mattext>
</material>
</response_label>
</flow_label>
<flow_label class="List">
<response_label ident="vufsw-moderation-2081-nl-canvas_955003441_section_1_item_1_schoice_5832479418" rshuffle="No">
<material>
<mattext texttype="text/html" charset="utf-8"><![CDATA[
 Alleen 2 is waar
]]></mattext>
</material>
</response_label>
</flow_label>
</render_choice>
</response_lid>
</flow>
</presentation>
<resprocessing>
<outcomes>
<decvar varname="SCORE" vartype="Decimal" defaultval="0" minvalue="0" maxvalue="1" cutvalue="1"/>
</outcomes>
<respcondition title="Mastery" continue="No">
<conditionvar>
<and>
<varequal respident="vufsw-moderation-2081-nl-canvas_955003441_section_1_item_1_schoice_RESPONSE_1670722" case="Yes">vufsw-moderation-2081-nl-canvas_955003441_section_1_item_1_schoice_4127101134</varequal>
<not> <varequal respident="vufsw-moderation-2081-nl-canvas_955003441_section_1_item_1_schoice_RESPONSE_1670722" case="Yes">vufsw-moderation-2081-nl-canvas_955003441_section_1_item_1_schoice_2717295878</varequal> </not>
<not> <varequal respident="vufsw-moderation-2081-nl-canvas_955003441_section_1_item_1_schoice_RESPONSE_1670722" case="Yes">vufsw-moderation-2081-nl-canvas_955003441_section_1_item_1_schoice_6515178780</varequal> </not>
<not> <varequal respident="vufsw-moderation-2081-nl-canvas_955003441_section_1_item_1_schoice_RESPONSE_1670722" case="Yes">vufsw-moderation-2081-nl-canvas_955003441_section_1_item_1_schoice_5832479418</varequal> </not>
</and>
</conditionvar>
<setvar varname="SCORE" action="Set">1</setvar>
<displayfeedback feedbacktype="Response" linkrefid="correct_fb"/>
</respcondition>
<respcondition continue="Yes">
<conditionvar>
<other/>
</conditionvar>
<displayfeedback feedbacktype="Response" linkrefid="general_incorrect_fb"/>
</respcondition>
</resprocessing>
<itemfeedback ident="correct_fb" view="All">
<flow_mat>
<material>
<mattext texttype="text/html"><![CDATA[
<ul>
<li> Zowel 1 als 2 zijn waar <br /> False </li>
<li> 1 en 2 zijn beide onwaar <br /> False </li>
<li> Alleen 1 is waar <br /> True </li>
<li> Alleen 2 is waar <br /> False </li>
</ul>
]]></mattext>
</material>
</flow_mat>
</itemfeedback>
<itemfeedback ident="general_incorrect_fb" view="All">
<flow_mat>
<material>
<mattext texttype="text/html"><![CDATA[
<ul>
<li> Zowel 1 als 2 zijn waar <br /> False </li>
<li> 1 en 2 zijn beide onwaar <br /> False </li>
<li> Alleen 1 is waar <br /> True </li>
<li> Alleen 2 is waar <br /> False </li>
</ul>
]]></mattext>
</material>
</flow_mat>
</itemfeedback>
</item>


</section>

</assessment>
</questestinterop>
