<?xml version="1.0" encoding="UTF-8"?>
<assessmentItem xsi:schemaLocation="http://www.imsglobal.org/xsd/imsqti_v2p1 http://www.imsglobal.org/xsd/qti/qtiv2p1/imsqti_v2p1p1.xsd http://www.w3.org/1998/Math/MathML http://www.w3.org/Math/XMLSchema/mathml2/mathml2.xsd" identifier="vufgb-ancova-021-nl-ans_117629535_section_1_item_1_schoice" title="Inferential_Statistics_vufgb-ancova-021-nl_vufgb-ancova-021-nl_schoice_1" adaptive="false" timeDependent="false" xmlns="http://www.imsglobal.org/xsd/imsqti_v2p1" xmlns:xsi="http://www.w3.org/2001/XMLSchema-instance">
<responseDeclaration identifier="vufgb-ancova-021-nl-ans_117629535_section_1_item_1_schoice_RESPONSE_1_1844793" cardinality="single" baseType="identifier">
<correctResponse>
<value>vufgb-ancova-021-nl-ans_117629535_section_1_item_1_schoice_4_5736853403</value>
</correctResponse>
<mapping defaultValue="0" lowerBound="0.0">
<mapEntry mapKey="vufgb-ancova-021-nl-ans_117629535_section_1_item_1_schoice_1_7202724805" mappedValue="0"/>
<mapEntry mapKey="vufgb-ancova-021-nl-ans_117629535_section_1_item_1_schoice_2_5097957754" mappedValue="0"/>
<mapEntry mapKey="vufgb-ancova-021-nl-ans_117629535_section_1_item_1_schoice_3_6025974678" mappedValue="0"/>
<mapEntry mapKey="vufgb-ancova-021-nl-ans_117629535_section_1_item_1_schoice_4_5736853403" mappedValue="1"/>
</mapping>
</responseDeclaration>
<outcomeDeclaration identifier="SCORE" cardinality="single" baseType="float" normalMaximum="1" normalMinimum="0">
<defaultValue>
<value>0.0</value>
</defaultValue>
</outcomeDeclaration>
<outcomeDeclaration identifier="MAXSCORE" cardinality="single" baseType="float">
<defaultValue>
<value>1</value>
</defaultValue>
</outcomeDeclaration>
<outcomeDeclaration identifier="FEEDBACKBASIC" cardinality="single" baseType="identifier" view="testConstructor">
<defaultValue>
<value>empty</value>
</defaultValue>
</outcomeDeclaration>
<outcomeDeclaration identifier="FEEDBACKMODAL" cardinality="multiple" baseType="identifier" view="testConstructor"/>
<outcomeDeclaration identifier="SOLUTIONMODAL" cardinality="single" baseType="identifier" view="testConstructor"/>
<outcomeDeclaration identifier="MINSCORE" cardinality="single" baseType="float">
<defaultValue>
<value baseType="float">0</value>
</defaultValue>
</outcomeDeclaration>
<outcomeDeclaration identifier="SCORE_RESPONSE_1" cardinality="single" baseType="float">
<defaultValue>
<value>0.0</value>
</defaultValue>
</outcomeDeclaration>
<outcomeDeclaration identifier="MINSCORE_RESPONSE_1" cardinality="single" baseType="float">
<defaultValue>
<value>0.0</value>
</defaultValue>
</outcomeDeclaration>
<itemBody>
<p>Een ANCOVA analyse leidt tot gemiddelden voor Vrolijkheid op de nameting voor zowel de experimentele als controle groep die gecorrigeerd zijn voor Vrolijkheid op de voormeting. De resultaten zijn schematisch weergegeven in de figuur. Welke uitspraak over de resultaten is juist?</p>
<p><img src="media/supplements1/vufgb-ancova-021-nl-figure01.jpg" /></p>
<choiceInteraction responseIdentifier="vufgb-ancova-021-nl-ans_117629535_section_1_item_1_schoice_RESPONSE_1_1844793" shuffle="false" maxChoices="1">
<simpleChoice identifier="vufgb-ancova-021-nl-ans_117629535_section_1_item_1_schoice_1_7202724805">
<p>
 Na controleren voor de covariaat zijn de verschillen tussen groepen kleiner geworden.
</p>
</simpleChoice>
<simpleChoice identifier="vufgb-ancova-021-nl-ans_117629535_section_1_item_1_schoice_2_5097957754">
<p>
 In de experimentele groep neemt vrolijkheid toe, en in de controle groep juist af.
</p>
</simpleChoice>
<simpleChoice identifier="vufgb-ancova-021-nl-ans_117629535_section_1_item_1_schoice_3_6025974678">
<p>
 De experimentele en controle groep verschillen niet in vrolijkheid op de voormeting, maar wel op de nameting.
</p>
</simpleChoice>
<simpleChoice identifier="vufgb-ancova-021-nl-ans_117629535_section_1_item_1_schoice_4_5736853403">
<p>
 De controle groep is vrolijker dan de experimentele groep op de voormeting, maar op de nameting is het omgekeerd.
</p>
</simpleChoice>
</choiceInteraction>
</itemBody>
<responseProcessing>
<setOutcomeValue identifier="SCORE_RESPONSE_1">
<sum>
<variable identifier="SCORE_RESPONSE_1"/>
<mapResponse identifier="vufgb-ancova-021-nl-ans_117629535_section_1_item_1_schoice_RESPONSE_1_1844793"/>
</sum>
</setOutcomeValue>
<responseCondition>
<responseIf>
<lt>
<variable identifier="SCORE_RESPONSE_1"/>
<variable identifier="MINSCORE_RESPONSE_1"/>
</lt>
<setOutcomeValue identifier="SCORE_RESPONSE_1">
<variable identifier="MINSCORE_RESPONSE_1"/>
</setOutcomeValue>
</responseIf>
</responseCondition>
<responseCondition>
<responseIf>
<isNull>
<variable identifier="vufgb-ancova-021-nl-ans_117629535_section_1_item_1_schoice_RESPONSE_1_1844793"/>
</isNull>
<setOutcomeValue identifier="SCORE_RESPONSE_1">
<sum>
<variable identifier="SCORE_RESPONSE_1"/>
<baseValue baseType="float">0</baseValue>
</sum>
</setOutcomeValue>
</responseIf>
</responseCondition>
<setOutcomeValue identifier="SCORE">
<sum>
<variable identifier="SCORE_RESPONSE_1"/>
</sum>
</setOutcomeValue>
<responseCondition>
<responseIf>
<lt>
<variable identifier="SCORE"/>
<variable identifier="MINSCORE"/>
</lt>
<setOutcomeValue identifier="SCORE">
<variable identifier="MINSCORE"/>
</setOutcomeValue>
</responseIf>
</responseCondition>
<responseCondition>
<responseIf>
<lt>
<variable identifier="SCORE"/>
<baseValue baseType="float">1</baseValue>
</lt>
<setOutcomeValue identifier="FEEDBACKMODAL">
<multiple>
<variable identifier="FEEDBACKMODAL"/>
<baseValue baseType="identifier">Feedback854083669</baseValue>
</multiple>
</setOutcomeValue>
</responseIf>
</responseCondition>
</responseProcessing>
<modalFeedback outcomeIdentifier="FEEDBACK" showHide="show" identifier="incorrect">
<ul>
<li> Na controleren voor de covariaat zijn de verschillen tussen groepen kleiner geworden. <br /> Incorrect </li>
<li> In de experimentele groep neemt vrolijkheid toe, en in de controle groep juist af. <br /> Incorrect </li>
<li> De experimentele en controle groep verschillen niet in vrolijkheid op de voormeting, maar wel op de nameting. <br /> Incorrect </li>
<li> De controle groep is vrolijker dan de experimentele groep op de voormeting, maar op de nameting is het omgekeerd. <br /> Correct </li>
</ul>
</modalFeedback>
</assessmentItem>
