<?xml version="1.0" encoding="UTF-8"?>
<assessmentItem xsi:schemaLocation="http://www.imsglobal.org/xsd/imsqti_v2p1 http://www.imsglobal.org/xsd/qti/qtiv2p1/imsqti_v2p1p1.xsd http://www.w3.org/1998/Math/MathML http://www.w3.org/Math/XMLSchema/mathml2/mathml2.xsd" identifier="vufgb-measuresoflocation-004-nl-ans_510938642_section_1_item_1_schoice" title="Descriptive-statistics_vufgb-measuresoflocation-004-nl_vufgb-measuresoflocation-004-nl_schoice_1" adaptive="false" timeDependent="false" xmlns="http://www.imsglobal.org/xsd/imsqti_v2p1" xmlns:xsi="http://www.w3.org/2001/XMLSchema-instance">
<responseDeclaration identifier="vufgb-measuresoflocation-004-nl-ans_510938642_section_1_item_1_schoice_RESPONSE_1_2501041" cardinality="single" baseType="identifier">
<correctResponse>
<value>vufgb-measuresoflocation-004-nl-ans_510938642_section_1_item_1_schoice_4_2766471393</value>
</correctResponse>
<mapping defaultValue="0" lowerBound="0.0">
<mapEntry mapKey="vufgb-measuresoflocation-004-nl-ans_510938642_section_1_item_1_schoice_1_7881871144" mappedValue="0"/>
<mapEntry mapKey="vufgb-measuresoflocation-004-nl-ans_510938642_section_1_item_1_schoice_2_6853768308" mappedValue="0"/>
<mapEntry mapKey="vufgb-measuresoflocation-004-nl-ans_510938642_section_1_item_1_schoice_3_3520058214" mappedValue="0"/>
<mapEntry mapKey="vufgb-measuresoflocation-004-nl-ans_510938642_section_1_item_1_schoice_4_2766471393" mappedValue="1"/>
</mapping>
</responseDeclaration>
<outcomeDeclaration identifier="SCORE" cardinality="single" baseType="float" normalMaximum="1" normalMinimum="0">
<defaultValue>
<value>0.0</value>
</defaultValue>
</outcomeDeclaration>
<outcomeDeclaration identifier="MAXSCORE" cardinality="single" baseType="float">
<defaultValue>
<value>1</value>
</defaultValue>
</outcomeDeclaration>
<outcomeDeclaration identifier="FEEDBACKBASIC" cardinality="single" baseType="identifier" view="testConstructor">
<defaultValue>
<value>empty</value>
</defaultValue>
</outcomeDeclaration>
<outcomeDeclaration identifier="FEEDBACKMODAL" cardinality="multiple" baseType="identifier" view="testConstructor"/>
<outcomeDeclaration identifier="SOLUTIONMODAL" cardinality="single" baseType="identifier" view="testConstructor"/>
<outcomeDeclaration identifier="MINSCORE" cardinality="single" baseType="float">
<defaultValue>
<value baseType="float">0</value>
</defaultValue>
</outcomeDeclaration>
<outcomeDeclaration identifier="SCORE_RESPONSE_1" cardinality="single" baseType="float">
<defaultValue>
<value>0.0</value>
</defaultValue>
</outcomeDeclaration>
<outcomeDeclaration identifier="MINSCORE_RESPONSE_1" cardinality="single" baseType="float">
<defaultValue>
<value>0.0</value>
</defaultValue>
</outcomeDeclaration>
<itemBody>
<p>Gegeven is een verdeling scheef naar rechts is.</p>
<p>Vul aan:</p>
<p>van het gemiddelde, de mediaan en de modus heeft … de kleinste waarde en … de grootste waarde.</p>
<choiceInteraction responseIdentifier="vufgb-measuresoflocation-004-nl-ans_510938642_section_1_item_1_schoice_RESPONSE_1_2501041" shuffle="false" maxChoices="1">
<simpleChoice identifier="vufgb-measuresoflocation-004-nl-ans_510938642_section_1_item_1_schoice_1_7881871144">
<p>
 Het gemiddelde; de modus
</p>
</simpleChoice>
<simpleChoice identifier="vufgb-measuresoflocation-004-nl-ans_510938642_section_1_item_1_schoice_2_6853768308">
<p>
 De mediaan; het gemiddelde
</p>
</simpleChoice>
<simpleChoice identifier="vufgb-measuresoflocation-004-nl-ans_510938642_section_1_item_1_schoice_3_3520058214">
<p>
 Het gemiddelde; de mediaan
</p>
</simpleChoice>
<simpleChoice identifier="vufgb-measuresoflocation-004-nl-ans_510938642_section_1_item_1_schoice_4_2766471393">
<p>
 De modus; het gemiddelde
</p>
</simpleChoice>
</choiceInteraction>
</itemBody>
<responseProcessing>
<setOutcomeValue identifier="SCORE_RESPONSE_1">
<sum>
<variable identifier="SCORE_RESPONSE_1"/>
<mapResponse identifier="vufgb-measuresoflocation-004-nl-ans_510938642_section_1_item_1_schoice_RESPONSE_1_2501041"/>
</sum>
</setOutcomeValue>
<responseCondition>
<responseIf>
<lt>
<variable identifier="SCORE_RESPONSE_1"/>
<variable identifier="MINSCORE_RESPONSE_1"/>
</lt>
<setOutcomeValue identifier="SCORE_RESPONSE_1">
<variable identifier="MINSCORE_RESPONSE_1"/>
</setOutcomeValue>
</responseIf>
</responseCondition>
<responseCondition>
<responseIf>
<isNull>
<variable identifier="vufgb-measuresoflocation-004-nl-ans_510938642_section_1_item_1_schoice_RESPONSE_1_2501041"/>
</isNull>
<setOutcomeValue identifier="SCORE_RESPONSE_1">
<sum>
<variable identifier="SCORE_RESPONSE_1"/>
<baseValue baseType="float">0</baseValue>
</sum>
</setOutcomeValue>
</responseIf>
</responseCondition>
<setOutcomeValue identifier="SCORE">
<sum>
<variable identifier="SCORE_RESPONSE_1"/>
</sum>
</setOutcomeValue>
<responseCondition>
<responseIf>
<lt>
<variable identifier="SCORE"/>
<variable identifier="MINSCORE"/>
</lt>
<setOutcomeValue identifier="SCORE">
<variable identifier="MINSCORE"/>
</setOutcomeValue>
</responseIf>
</responseCondition>
<responseCondition>
<responseIf>
<lt>
<variable identifier="SCORE"/>
<baseValue baseType="float">1</baseValue>
</lt>
<setOutcomeValue identifier="FEEDBACKMODAL">
<multiple>
<variable identifier="FEEDBACKMODAL"/>
<baseValue baseType="identifier">Feedback751603559</baseValue>
</multiple>
</setOutcomeValue>
</responseIf>
</responseCondition>
</responseProcessing>
<modalFeedback outcomeIdentifier="FEEDBACK" showHide="show" identifier="incorrect">
<ul>
<li> Het gemiddelde; de modus <br /> Incorrect </li>
<li> De mediaan; het gemiddelde <br /> Incorrect </li>
<li> Het gemiddelde; de mediaan <br /> Incorrect </li>
<li> De modus; het gemiddelde <br /> Correct </li>
</ul>
</modalFeedback>
</assessmentItem>
