<?xml version="1.0" encoding="UTF-8"?>
<assessmentItem xsi:schemaLocation="http://www.imsglobal.org/xsd/imsqti_v2p1 http://www.imsglobal.org/xsd/qti/qtiv2p1/imsqti_v2p1p1.xsd http://www.w3.org/1998/Math/MathML http://www.w3.org/Math/XMLSchema/mathml2/mathml2.xsd" identifier="uva-value-47-nl-qti_315001328_section_1_item_1_schoice" title="1" adaptive="false" timeDependent="false" xmlns="http://www.imsglobal.org/xsd/imsqti_v2p1" xmlns:xsi="http://www.w3.org/2001/XMLSchema-instance">
<responseDeclaration identifier="uva-value-47-nl-qti_315001328_section_1_item_1_schoice_RESPONSE_1_8797772" cardinality="single" baseType="identifier">
<correctResponse>
<value>uva-value-47-nl-qti_315001328_section_1_item_1_schoice_2_1022010937</value>
</correctResponse>
<mapping defaultValue="0" lowerBound="0.0">
<mapEntry mapKey="uva-value-47-nl-qti_315001328_section_1_item_1_schoice_1_8452966095" mappedValue="0"/>
<mapEntry mapKey="uva-value-47-nl-qti_315001328_section_1_item_1_schoice_2_1022010937" mappedValue="1"/>
<mapEntry mapKey="uva-value-47-nl-qti_315001328_section_1_item_1_schoice_3_3410670089" mappedValue="0"/>
</mapping>
</responseDeclaration>
<outcomeDeclaration identifier="SCORE" cardinality="single" baseType="float" normalMaximum="1" normalMinimum="0">
<defaultValue>
<value>0.0</value>
</defaultValue>
</outcomeDeclaration>
<outcomeDeclaration identifier="MAXSCORE" cardinality="single" baseType="float">
<defaultValue>
<value>1</value>
</defaultValue>
</outcomeDeclaration>
<outcomeDeclaration identifier="FEEDBACKBASIC" cardinality="single" baseType="identifier" view="testConstructor">
<defaultValue>
<value>empty</value>
</defaultValue>
</outcomeDeclaration>
<outcomeDeclaration identifier="FEEDBACKMODAL" cardinality="multiple" baseType="identifier" view="testConstructor"/>
<outcomeDeclaration identifier="SOLUTIONMODAL" cardinality="single" baseType="identifier" view="testConstructor"/>
<outcomeDeclaration identifier="MINSCORE" cardinality="single" baseType="float">
<defaultValue>
<value baseType="float">0</value>
</defaultValue>
</outcomeDeclaration>
<outcomeDeclaration identifier="SCORE_RESPONSE_1" cardinality="single" baseType="float">
<defaultValue>
<value>0.0</value>
</defaultValue>
</outcomeDeclaration>
<outcomeDeclaration identifier="MINSCORE_RESPONSE_1" cardinality="single" baseType="float">
<defaultValue>
<value>0.0</value>
</defaultValue>
</outcomeDeclaration>
<itemBody>
<p>Bij een tweezijdige toets op het verschil tussen twee gemiddelden en een
alternatieve hypothese die stelt dat het verschil ongelijk aan 0 is,
betekent een P-waarde van 0.10 dat</p>
<choiceInteraction responseIdentifier="uva-value-47-nl-qti_315001328_section_1_item_1_schoice_RESPONSE_1_8797772" shuffle="false" maxChoices="1">
<simpleChoice identifier="uva-value-47-nl-qti_315001328_section_1_item_1_schoice_1_8452966095">
<p>
 de kans dat de nulhypothese waar is gegeven het gevonden verschil in gemiddelden 0.10 is.
</p>
</simpleChoice>
<simpleChoice identifier="uva-value-47-nl-qti_315001328_section_1_item_1_schoice_2_1022010937">
<p>
 de kans op het gevonden resultaat of extremer gegeven de nulhypothese 0.10 is.
</p>
</simpleChoice>
<simpleChoice identifier="uva-value-47-nl-qti_315001328_section_1_item_1_schoice_3_3410670089">
<p>
 de kans dat de alternatieve hypothese waar is gegeven het gevonden verschil in gemiddelden 0.10 is.
</p>
</simpleChoice>
</choiceInteraction>
</itemBody>
<responseProcessing>
<setOutcomeValue identifier="SCORE_RESPONSE_1">
<sum>
<variable identifier="SCORE_RESPONSE_1"/>
<mapResponse identifier="uva-value-47-nl-qti_315001328_section_1_item_1_schoice_RESPONSE_1_8797772"/>
</sum>
</setOutcomeValue>
<responseCondition>
<responseIf>
<lt>
<variable identifier="SCORE_RESPONSE_1"/>
<variable identifier="MINSCORE_RESPONSE_1"/>
</lt>
<setOutcomeValue identifier="SCORE_RESPONSE_1">
<variable identifier="MINSCORE_RESPONSE_1"/>
</setOutcomeValue>
</responseIf>
</responseCondition>
<responseCondition>
<responseIf>
<isNull>
<variable identifier="uva-value-47-nl-qti_315001328_section_1_item_1_schoice_RESPONSE_1_8797772"/>
</isNull>
<setOutcomeValue identifier="SCORE_RESPONSE_1">
<sum>
<variable identifier="SCORE_RESPONSE_1"/>
<baseValue baseType="float">0</baseValue>
</sum>
</setOutcomeValue>
</responseIf>
</responseCondition>
<setOutcomeValue identifier="SCORE">
<sum>
<variable identifier="SCORE_RESPONSE_1"/>
</sum>
</setOutcomeValue>
<responseCondition>
<responseIf>
<lt>
<variable identifier="SCORE"/>
<variable identifier="MINSCORE"/>
</lt>
<setOutcomeValue identifier="SCORE">
<variable identifier="MINSCORE"/>
</setOutcomeValue>
</responseIf>
</responseCondition>
<responseCondition>
<responseIf>
<lt>
<variable identifier="SCORE"/>
<baseValue baseType="float">1</baseValue>
</lt>
<setOutcomeValue identifier="FEEDBACKMODAL">
<multiple>
<variable identifier="FEEDBACKMODAL"/>
<baseValue baseType="identifier">Feedback965240323</baseValue>
</multiple>
</setOutcomeValue>
</responseIf>
</responseCondition>
</responseProcessing>
<modalFeedback identifier="Feedback965240323" outcomeIdentifier="FEEDBACKMODAL" showHide="show">
<p>Het correcte antwoord is:</p>
<ul>
<li>de kans op het gevonden resultaat of extremer gegeven de nulhypothese 0.10 is.</li>
</ul>
</modalFeedback>
</assessmentItem>
