<?xml version="1.0" encoding="UTF-8"?>
<assessmentItem xsi:schemaLocation="http://www.imsglobal.org/xsd/imsqti_v2p1 http://www.imsglobal.org/xsd/qti/qtiv2p1/imsqti_v2p1p1.xsd http://www.w3.org/1998/Math/MathML http://www.w3.org/Math/XMLSchema/mathml2/mathml2.xsd" identifier="vufsw-residuals-0171-nl-ans_377998293_section_1_item_1_schoice" title="Inferential_Statistics_vufsw-residuals-0171-nl_vufsw-residuals-0171-nl_schoice_1" adaptive="false" timeDependent="false" xmlns="http://www.imsglobal.org/xsd/imsqti_v2p1" xmlns:xsi="http://www.w3.org/2001/XMLSchema-instance">
<responseDeclaration identifier="vufsw-residuals-0171-nl-ans_377998293_section_1_item_1_schoice_RESPONSE_1_9211242" cardinality="single" baseType="identifier">
<correctResponse>
<value>vufsw-residuals-0171-nl-ans_377998293_section_1_item_1_schoice_2_8543454664</value>
</correctResponse>
<mapping defaultValue="0" lowerBound="0.0">
<mapEntry mapKey="vufsw-residuals-0171-nl-ans_377998293_section_1_item_1_schoice_1_1165351929" mappedValue="0"/>
<mapEntry mapKey="vufsw-residuals-0171-nl-ans_377998293_section_1_item_1_schoice_2_8543454664" mappedValue="1"/>
<mapEntry mapKey="vufsw-residuals-0171-nl-ans_377998293_section_1_item_1_schoice_3_7234138050" mappedValue="0"/>
<mapEntry mapKey="vufsw-residuals-0171-nl-ans_377998293_section_1_item_1_schoice_4_3352960006" mappedValue="0"/>
<mapEntry mapKey="vufsw-residuals-0171-nl-ans_377998293_section_1_item_1_schoice_5_5011835516" mappedValue="0"/>
<mapEntry mapKey="vufsw-residuals-0171-nl-ans_377998293_section_1_item_1_schoice_6_8307459248" mappedValue="0"/>
</mapping>
</responseDeclaration>
<outcomeDeclaration identifier="SCORE" cardinality="single" baseType="float" normalMaximum="1" normalMinimum="0">
<defaultValue>
<value>0.0</value>
</defaultValue>
</outcomeDeclaration>
<outcomeDeclaration identifier="MAXSCORE" cardinality="single" baseType="float">
<defaultValue>
<value>1</value>
</defaultValue>
</outcomeDeclaration>
<outcomeDeclaration identifier="FEEDBACKBASIC" cardinality="single" baseType="identifier" view="testConstructor">
<defaultValue>
<value>empty</value>
</defaultValue>
</outcomeDeclaration>
<outcomeDeclaration identifier="FEEDBACKMODAL" cardinality="multiple" baseType="identifier" view="testConstructor"/>
<outcomeDeclaration identifier="SOLUTIONMODAL" cardinality="single" baseType="identifier" view="testConstructor"/>
<outcomeDeclaration identifier="MINSCORE" cardinality="single" baseType="float">
<defaultValue>
<value baseType="float">0</value>
</defaultValue>
</outcomeDeclaration>
<outcomeDeclaration identifier="SCORE_RESPONSE_1" cardinality="single" baseType="float">
<defaultValue>
<value>0.0</value>
</defaultValue>
</outcomeDeclaration>
<outcomeDeclaration identifier="MINSCORE_RESPONSE_1" cardinality="single" baseType="float">
<defaultValue>
<value>0.0</value>
</defaultValue>
</outcomeDeclaration>
<itemBody>
<p>Het verschil tussen de geobserveerde waarde van Y en de voorspelde
waarde van Y op basis van een regressiemodel is …</p>
<choiceInteraction responseIdentifier="vufsw-residuals-0171-nl-ans_377998293_section_1_item_1_schoice_RESPONSE_1_9211242" shuffle="false" maxChoices="1">
<simpleChoice identifier="vufsw-residuals-0171-nl-ans_377998293_section_1_item_1_schoice_1_1165351929">
<p>
 Het <em>prediction interval</em> (het voorspellingsinterval)
</p>
</simpleChoice>
<simpleChoice identifier="vufsw-residuals-0171-nl-ans_377998293_section_1_item_1_schoice_2_8543454664">
<p>
 Het residu
</p>
</simpleChoice>
<simpleChoice identifier="vufsw-residuals-0171-nl-ans_377998293_section_1_item_1_schoice_3_7234138050">
<p>
 Het intercept
</p>
</simpleChoice>
<simpleChoice identifier="vufsw-residuals-0171-nl-ans_377998293_section_1_item_1_schoice_4_3352960006">
<p>
 De conditionele standaarddeviatie
</p>
</simpleChoice>
<simpleChoice identifier="vufsw-residuals-0171-nl-ans_377998293_section_1_item_1_schoice_5_5011835516">
<p>
 De foutmarge
</p>
</simpleChoice>
<simpleChoice identifier="vufsw-residuals-0171-nl-ans_377998293_section_1_item_1_schoice_6_8307459248">
<p>
 De foutenkans
</p>
</simpleChoice>
</choiceInteraction>
</itemBody>
<responseProcessing>
<setOutcomeValue identifier="SCORE_RESPONSE_1">
<sum>
<variable identifier="SCORE_RESPONSE_1"/>
<mapResponse identifier="vufsw-residuals-0171-nl-ans_377998293_section_1_item_1_schoice_RESPONSE_1_9211242"/>
</sum>
</setOutcomeValue>
<responseCondition>
<responseIf>
<lt>
<variable identifier="SCORE_RESPONSE_1"/>
<variable identifier="MINSCORE_RESPONSE_1"/>
</lt>
<setOutcomeValue identifier="SCORE_RESPONSE_1">
<variable identifier="MINSCORE_RESPONSE_1"/>
</setOutcomeValue>
</responseIf>
</responseCondition>
<responseCondition>
<responseIf>
<isNull>
<variable identifier="vufsw-residuals-0171-nl-ans_377998293_section_1_item_1_schoice_RESPONSE_1_9211242"/>
</isNull>
<setOutcomeValue identifier="SCORE_RESPONSE_1">
<sum>
<variable identifier="SCORE_RESPONSE_1"/>
<baseValue baseType="float">0</baseValue>
</sum>
</setOutcomeValue>
</responseIf>
</responseCondition>
<setOutcomeValue identifier="SCORE">
<sum>
<variable identifier="SCORE_RESPONSE_1"/>
</sum>
</setOutcomeValue>
<responseCondition>
<responseIf>
<lt>
<variable identifier="SCORE"/>
<variable identifier="MINSCORE"/>
</lt>
<setOutcomeValue identifier="SCORE">
<variable identifier="MINSCORE"/>
</setOutcomeValue>
</responseIf>
</responseCondition>
<responseCondition>
<responseIf>
<lt>
<variable identifier="SCORE"/>
<baseValue baseType="float">1</baseValue>
</lt>
<setOutcomeValue identifier="FEEDBACKMODAL">
<multiple>
<variable identifier="FEEDBACKMODAL"/>
<baseValue baseType="identifier">Feedback685558865</baseValue>
</multiple>
</setOutcomeValue>
</responseIf>
</responseCondition>
</responseProcessing>
<modalFeedback outcomeIdentifier="FEEDBACK" showHide="show" identifier="incorrect">
<p> the deviation from an individual observation of the average is
expressed by the z score.</p>
<p>Language<br />
Nederlands</p>
<p>Levels of Difficulty<br />
Medium</p>
<p>M&amp;T BIS<br />
Default value</p>
<p>M&amp;T Hypothesis testing: means<br />
Default value</p>
<br />
<ul>
<li> Het <em>prediction interval</em> (het voorspellingsinterval) <br /> False </li>
<li> Het residu <br /> True </li>
<li> Het intercept <br /> False </li>
<li> De conditionele standaarddeviatie <br /> False </li>
<li> De foutmarge <br /> False </li>
<li> De foutenkans <br /> False </li>
</ul>
</modalFeedback>
</assessmentItem>
