<?xml version="1.0" encoding="UTF-8"?>
<assessmentItem xsi:schemaLocation="http://www.imsglobal.org/xsd/imsqti_v2p1 http://www.imsglobal.org/xsd/qti/qtiv2p1/imsqti_v2p1p1.xsd http://www.w3.org/1998/Math/MathML http://www.w3.org/Math/XMLSchema/mathml2/mathml2.xsd" identifier="vufsw-pvalue-0033-nl-qti_917260291_section_1_item_1_schoice" title="1" adaptive="false" timeDependent="false" xmlns="http://www.imsglobal.org/xsd/imsqti_v2p1" xmlns:xsi="http://www.w3.org/2001/XMLSchema-instance">
<responseDeclaration identifier="vufsw-pvalue-0033-nl-qti_917260291_section_1_item_1_schoice_RESPONSE_1_6007301" cardinality="single" baseType="identifier">
<correctResponse>
<value>vufsw-pvalue-0033-nl-qti_917260291_section_1_item_1_schoice_4_2747352411</value>
</correctResponse>
<mapping defaultValue="0" lowerBound="0.0">
<mapEntry mapKey="vufsw-pvalue-0033-nl-qti_917260291_section_1_item_1_schoice_1_9111987615" mappedValue="0"/>
<mapEntry mapKey="vufsw-pvalue-0033-nl-qti_917260291_section_1_item_1_schoice_2_4119524025" mappedValue="0"/>
<mapEntry mapKey="vufsw-pvalue-0033-nl-qti_917260291_section_1_item_1_schoice_3_6223940293" mappedValue="0"/>
<mapEntry mapKey="vufsw-pvalue-0033-nl-qti_917260291_section_1_item_1_schoice_4_2747352411" mappedValue="1"/>
<mapEntry mapKey="vufsw-pvalue-0033-nl-qti_917260291_section_1_item_1_schoice_5_6434374077" mappedValue="0"/>
<mapEntry mapKey="vufsw-pvalue-0033-nl-qti_917260291_section_1_item_1_schoice_6_3050259565" mappedValue="0"/>
</mapping>
</responseDeclaration>
<outcomeDeclaration identifier="SCORE" cardinality="single" baseType="float" normalMaximum="1" normalMinimum="0">
<defaultValue>
<value>0.0</value>
</defaultValue>
</outcomeDeclaration>
<outcomeDeclaration identifier="MAXSCORE" cardinality="single" baseType="float">
<defaultValue>
<value>1</value>
</defaultValue>
</outcomeDeclaration>
<outcomeDeclaration identifier="FEEDBACKBASIC" cardinality="single" baseType="identifier" view="testConstructor">
<defaultValue>
<value>empty</value>
</defaultValue>
</outcomeDeclaration>
<outcomeDeclaration identifier="FEEDBACKMODAL" cardinality="multiple" baseType="identifier" view="testConstructor"/>
<outcomeDeclaration identifier="MINSCORE" cardinality="single" baseType="float">
<defaultValue>
<value baseType="float">0</value>
</defaultValue>
</outcomeDeclaration>
<outcomeDeclaration identifier="SCORE_RESPONSE_1" cardinality="single" baseType="float">
<defaultValue>
<value>0.0</value>
</defaultValue>
</outcomeDeclaration>
<outcomeDeclaration identifier="MINSCORE_RESPONSE_1" cardinality="single" baseType="float">
<defaultValue>
<value>0.0</value>
</defaultValue>
</outcomeDeclaration>
<itemBody>
<p>Een politicus beweert dat het gemiddelde ziekteverzuim onder oudere
werknemers 10 dagen per jaar bedraagt. Een onderzoeker betwijfelt dit en
vermoedt dat het gemiddelde aantal dagen dat oudere werknemers wegens
ziekte afwezig zijn geweest in werkelijkheid lager ligt. Hij besluit een
survey af te nemen onder een aselecte steekproef van 100 werknemers in
Nederland (n=100) en vindt in zijn steekproef een gemiddelde
ziekteverzuim van 9,2 dagen. De standaarddeviatie is 3,6 dagen.</p>
<p>Wat is de kans op zo’n steekproefuitkomst (of een voor de politicus nog
ongunstigere steekproefuitkomst) als we aannemen dat de bewering van de
politicus juist is?</p>
<choiceInteraction responseIdentifier="vufsw-pvalue-0033-nl-qti_917260291_section_1_item_1_schoice_RESPONSE_1_6007301" shuffle="false" maxChoices="1">
<simpleChoice identifier="vufsw-pvalue-0033-nl-qti_917260291_section_1_item_1_schoice_1_9111987615">
<p>
 5,05%
</p>
</simpleChoice>
<simpleChoice identifier="vufsw-pvalue-0033-nl-qti_917260291_section_1_item_1_schoice_2_4119524025">
<p>
 2,50%
</p>
</simpleChoice>
<simpleChoice identifier="vufsw-pvalue-0033-nl-qti_917260291_section_1_item_1_schoice_3_6223940293">
<p>
 0,25%
</p>
</simpleChoice>
<simpleChoice identifier="vufsw-pvalue-0033-nl-qti_917260291_section_1_item_1_schoice_4_2747352411">
<p>
 1,32%
</p>
</simpleChoice>
<simpleChoice identifier="vufsw-pvalue-0033-nl-qti_917260291_section_1_item_1_schoice_5_6434374077">
<p>
 1,14%
</p>
</simpleChoice>
<simpleChoice identifier="vufsw-pvalue-0033-nl-qti_917260291_section_1_item_1_schoice_6_3050259565">
<p>
 2,12%
</p>
</simpleChoice>
</choiceInteraction>
</itemBody>
<responseProcessing>
<responseCondition>
<responseIf>
<isNull>
<variable identifier="vufsw-pvalue-0033-nl-qti_917260291_section_1_item_1_schoice_RESPONSE_1_6007301"/>
</isNull>
<setOutcomeValue identifier="SCORE_RESPONSE_1">
<sum>
<variable identifier="SCORE_RESPONSE_1"/>
<baseValue baseType="float">0</baseValue>
</sum>
</setOutcomeValue>
</responseIf>
</responseCondition>
<setOutcomeValue identifier="SCORE_RESPONSE_1">
<sum>
<variable identifier="SCORE_RESPONSE_1"/>
<mapResponse identifier="vufsw-pvalue-0033-nl-qti_917260291_section_1_item_1_schoice_RESPONSE_1_6007301"/>
</sum>
</setOutcomeValue>
<responseCondition>
<responseIf>
<lt>
<variable identifier="SCORE_RESPONSE_1"/>
<variable identifier="MINSCORE_RESPONSE_1"/>
</lt>
<setOutcomeValue identifier="SCORE_RESPONSE_1">
<variable identifier="MINSCORE_RESPONSE_1"/>
</setOutcomeValue>
</responseIf>
</responseCondition>
<setOutcomeValue identifier="SCORE">
<sum>
<variable identifier="SCORE_RESPONSE_1"/>
</sum>
</setOutcomeValue>
<responseCondition>
<responseIf>
<lt>
<variable identifier="SCORE"/>
<variable identifier="MINSCORE"/>
</lt>
<setOutcomeValue identifier="SCORE">
<variable identifier="MINSCORE"/>
</setOutcomeValue>
</responseIf>
</responseCondition>
<responseCondition>
<responseIf>
<lt>
<variable identifier="SCORE"/>
<baseValue baseType="float">1</baseValue>
</lt>
<setOutcomeValue identifier="FEEDBACKMODAL">
<multiple>
<variable identifier="FEEDBACKMODAL"/>
<baseValue baseType="identifier">Feedback275158560</baseValue>
</multiple>
</setOutcomeValue>
</responseIf>
</responseCondition>
</responseProcessing>
<modalFeedback identifier="Feedback275158560" outcomeIdentifier="FEEDBACKMODAL" showHide="show">
<p>you can calculate it by 131,313/2564,6 = 0,051 (Sum of squares
regression/sum of squares total)<br />
0,051*100%=5,1%</p>
<br />
 5,05% <br /> False 
 2,50% <br /> False 
 0,25% <br /> False 
 1,32% <br /> True 
 1,14% <br /> False 
 2,12% <br /> False 
</modalFeedback>
</assessmentItem>
