<?xml version="1.0" encoding="utf-8" standalone="yes"?>
<assessmentItem identifier="vufsw-mediation-0295-nl_202209051541_item_1_schoice" title="vufsw-mediation-0295-nl_202209051541_item_1_schoice_vufsw-mediation-0295-nl" adaptive="false" timeDependent="false" toolName="Testvision Online" toolVersion="39.0.9084" xmlns="http://www.imsglobal.org/xsd/imsqti_v2p1">
<responseDeclaration identifier="RESPONSE" cardinality="single" baseType="identifier">
<correctResponse>
<value>alt_960437</value>
</correctResponse>
<mapping defaultValue="0" lowerBound="0.0">
<mapEntry mapKey="alt_957880" mappedValue="-0.25"/>
<mapEntry mapKey="alt_538530" mappedValue="-0.25"/>
<mapEntry mapKey="alt_960437" mappedValue="1"/>
<mapEntry mapKey="alt_797736" mappedValue="-0.25"/>
<mapEntry mapKey="alt_301637" mappedValue="-0.25"/>
</mapping>
</responseDeclaration>
<outcomeDeclaration identifier="SCORE" cardinality="single" baseType="float" normalMaximum="1" normalMinimum="0" />
<outcomeDeclaration identifier="FEEDBACK" cardinality="single" baseType="identifier" />
<itemBody>
<p>Kijk naar het onderstaande mediatiemodel. Wat geeft het effect van de
onafhankelijke variabele op de mediator weer?</p>
<p><img src="mediation.png" class="fr-fic fr-dii tvcss_2"
alt="mediation" /></p>
<choiceInteraction responseIdentifier="RESPONSE" shuffle="false" maxChoices="1">
<simpleChoice identifier="alt_957880">
<div class="textblock tvblock tvcss_1"><div class="rte_zone tveditor1">
a. <em>b</em>
</div>
</div>
</simpleChoice>
<simpleChoice identifier="alt_538530">
<div class="textblock tvblock tvcss_1"><div class="rte_zone tveditor1">
b. <em>c’</em>
</div>
</div>
</simpleChoice>
<simpleChoice identifier="alt_960437">
<div class="textblock tvblock tvcss_1"><div class="rte_zone tveditor1">
c. <em>a</em>
</div>
</div>
</simpleChoice>
<simpleChoice identifier="alt_797736">
<div class="textblock tvblock tvcss_1"><div class="rte_zone tveditor1">
d. <em>c</em>
</div>
</div>
</simpleChoice>
<simpleChoice identifier="alt_301637">
<div class="textblock tvblock tvcss_1"><div class="rte_zone tveditor1">
e. <em>ab</em>
</div>
</div>
</simpleChoice>
</choiceInteraction>
</itemBody>
<responseProcessing>
<responseCondition>
<responseIf>
<isNull>
<variable identifier="RESPONSE"/>
</isNull>
<setOutcomeValue identifier="SCORE">
<baseValue baseType="float">0.0</baseValue>
</setOutcomeValue>
<setOutcomeValue identifier="FEEDBACK">
<baseValue baseType="identifier">FAILURE</baseValue>
</setOutcomeValue>
</responseIf>
<responseElse>
<setOutcomeValue identifier="SCORE">
<mapResponse identifier="RESPONSE"/>
</setOutcomeValue>
<responseCondition>
<responseIf>
<equal toleranceMode="relative" tolerance="0.001">
<variable identifier="SCORE"/>
<variable identifier="MAXSCORE"/>
</equal>
<setOutcomeValue identifier="FEEDBACK">
<baseValue baseType="identifier">ANSWER_CORRECT</baseValue>
</setOutcomeValue>
</responseIf>
<responseElse>
<setOutcomeValue identifier="FEEDBACK">
<baseValue baseType="identifier">FAILURE</baseValue>
</setOutcomeValue>
</responseElse>
</responseCondition>
</responseElse>
</responseCondition>
</responseProcessing>
<modalFeedback identifier="FAILURE" outcomeIdentifier="FEEDBACK" showHide="show">
<div class="textblock tvblock tvcss_1"><div class="rte_zone tveditor1">
<p>In een mediatie model met deze notatie:<br />
c: totale effect<br />
c’: directe effect<br />
αb: indirecte effect<br />
α: effect van onafhankelijke op de mediator<br />
b: effect van de mediator op de afhankelijke</p>
<br />
<ol>
<li> <em>b</em> <br /> False </li>
<li> <em>c’</em> <br /> False </li>
<li> <em>a</em> <br /> True </li>
<li> <em>c</em> <br /> False </li>
<li> <em>ab</em> <br /> False </li>
</ol>
</div>
</div>
</modalFeedback>
<modalFeedback identifier="ANSWER_CORRECT" outcomeIdentifier="FEEDBACK" showHide="show">
<div class="textblock tvblock tvcss_1"><div class="rte_zone tveditor1">
<p>In een mediatie model met deze notatie:<br />
c: totale effect<br />
c’: directe effect<br />
αb: indirecte effect<br />
α: effect van onafhankelijke op de mediator<br />
b: effect van de mediator op de afhankelijke</p>
<br />
<ol>
<li> <em>b</em> <br /> False </li>
<li> <em>c’</em> <br /> False </li>
<li> <em>a</em> <br /> True </li>
<li> <em>c</em> <br /> False </li>
<li> <em>ab</em> <br /> False </li>
</ol>
</div>
</div>
</modalFeedback>
<modalFeedback identifier="PARTIAL_CORRECT" outcomeIdentifier="FEEDBACK" showHide="show">
<div class="textblock tvblock tvcss_1"><div class="rte_zone tveditor1">
<p>In een mediatie model met deze notatie:<br />
c: totale effect<br />
c’: directe effect<br />
αb: indirecte effect<br />
α: effect van onafhankelijke op de mediator<br />
b: effect van de mediator op de afhankelijke</p>
<br />
<ol>
<li> <em>b</em> <br /> False </li>
<li> <em>c’</em> <br /> False </li>
<li> <em>a</em> <br /> True </li>
<li> <em>c</em> <br /> False </li>
<li> <em>ab</em> <br /> False </li>
</ol>
</div>
</div>
</modalFeedback>
</assessmentItem>
