<?xml version="1.0" encoding="utf-8" standalone="yes"?>
<assessmentItem identifier="vufsw-manova-0287-nl-tv_202209061511_item_1_schoice" title="vufsw-manova-0287-nl-tv_202209061511_item_1_schoice_vufsw-manova-0287-nl" adaptive="false" timeDependent="false" toolName="Testvision Online" toolVersion="39.0.9084" xmlns="http://www.imsglobal.org/xsd/imsqti_v2p1">
<responseDeclaration identifier="RESPONSE" cardinality="single" baseType="identifier">
<correctResponse>
<value>alt_237125</value>
</correctResponse>
<mapping defaultValue="0" lowerBound="0.0">
<mapEntry mapKey="alt_237125" mappedValue="1"/>
<mapEntry mapKey="alt_375551" mappedValue="-0.333333333333333"/>
<mapEntry mapKey="alt_220501" mappedValue="-0.333333333333333"/>
<mapEntry mapKey="alt_781237" mappedValue="-0.333333333333333"/>
</mapping>
</responseDeclaration>
<outcomeDeclaration identifier="SCORE" cardinality="single" baseType="float" normalMaximum="1" normalMinimum="0" />
<outcomeDeclaration identifier="FEEDBACK" cardinality="single" baseType="identifier" />
<itemBody>
<p>In welke van de onderstaande situaties is MANOVA een geschikt
analysemodel?</p>
<choiceInteraction responseIdentifier="RESPONSE" shuffle="false" maxChoices="1">
<simpleChoice identifier="alt_237125">
<div class="textblock tvblock tvcss_1"><div class="rte_zone tveditor1">
a. Als je het effect onderzoekt van geslacht en opleidingsniveau op de prestatie van scholieren in wiskunde en literatuur samen
</div>
</div>
</simpleChoice>
<simpleChoice identifier="alt_375551">
<div class="textblock tvblock tvcss_1"><div class="rte_zone tveditor1">
b. Als je het effect onderzoekt van geslacht op de prestatie van scholieren in wiskunde
</div>
</div>
</simpleChoice>
<simpleChoice identifier="alt_220501">
<div class="textblock tvblock tvcss_1"><div class="rte_zone tveditor1">
c. Als je het effect onderzoekt van geslacht en opleidingsniveau op de prestatie van scholieren in wiskunde en literatuur apart
</div>
</div>
</simpleChoice>
<simpleChoice identifier="alt_781237">
<div class="textblock tvblock tvcss_1"><div class="rte_zone tveditor1">
d. Als je het effect onderzoekt van geslacht en opleidingsniveau op de prestatie van scholieren in wiskunde
</div>
</div>
</simpleChoice>
</choiceInteraction>
</itemBody>
<responseProcessing>
<responseCondition>
<responseIf>
<isNull>
<variable identifier="RESPONSE"/>
</isNull>
<setOutcomeValue identifier="SCORE">
<baseValue baseType="float">0.0</baseValue>
</setOutcomeValue>
<setOutcomeValue identifier="FEEDBACK">
<baseValue baseType="identifier">FAILURE</baseValue>
</setOutcomeValue>
</responseIf>
<responseElse>
<setOutcomeValue identifier="SCORE">
<mapResponse identifier="RESPONSE"/>
</setOutcomeValue>
<responseCondition>
<responseIf>
<equal toleranceMode="relative" tolerance="0.001">
<variable identifier="SCORE"/>
<variable identifier="MAXSCORE"/>
</equal>
<setOutcomeValue identifier="FEEDBACK">
<baseValue baseType="identifier">ANSWER_CORRECT</baseValue>
</setOutcomeValue>
</responseIf>
<responseElse>
<setOutcomeValue identifier="FEEDBACK">
<baseValue baseType="identifier">FAILURE</baseValue>
</setOutcomeValue>
</responseElse>
</responseCondition>
</responseElse>
</responseCondition>
</responseProcessing>
<modalFeedback identifier="FAILURE" outcomeIdentifier="FEEDBACK" showHide="show">
<div class="textblock tvblock tvcss_1"><div class="rte_zone tveditor1">
<ol>
<li> Als je het effect onderzoekt van geslacht en opleidingsniveau op de prestatie van scholieren in wiskunde en literatuur samen <br /> True </li>
<li> Als je het effect onderzoekt van geslacht op de prestatie van scholieren in wiskunde <br /> False </li>
<li> Als je het effect onderzoekt van geslacht en opleidingsniveau op de prestatie van scholieren in wiskunde en literatuur apart <br /> False </li>
<li> Als je het effect onderzoekt van geslacht en opleidingsniveau op de prestatie van scholieren in wiskunde <br /> False </li>
</ol>
</div>
</div>
</modalFeedback>
<modalFeedback identifier="ANSWER_CORRECT" outcomeIdentifier="FEEDBACK" showHide="show">
<div class="textblock tvblock tvcss_1"><div class="rte_zone tveditor1">
<ol>
<li> Als je het effect onderzoekt van geslacht en opleidingsniveau op de prestatie van scholieren in wiskunde en literatuur samen <br /> True </li>
<li> Als je het effect onderzoekt van geslacht op de prestatie van scholieren in wiskunde <br /> False </li>
<li> Als je het effect onderzoekt van geslacht en opleidingsniveau op de prestatie van scholieren in wiskunde en literatuur apart <br /> False </li>
<li> Als je het effect onderzoekt van geslacht en opleidingsniveau op de prestatie van scholieren in wiskunde <br /> False </li>
</ol>
</div>
</div>
</modalFeedback>
<modalFeedback identifier="PARTIAL_CORRECT" outcomeIdentifier="FEEDBACK" showHide="show">
<div class="textblock tvblock tvcss_1"><div class="rte_zone tveditor1">
<ol>
<li> Als je het effect onderzoekt van geslacht en opleidingsniveau op de prestatie van scholieren in wiskunde en literatuur samen <br /> True </li>
<li> Als je het effect onderzoekt van geslacht op de prestatie van scholieren in wiskunde <br /> False </li>
<li> Als je het effect onderzoekt van geslacht en opleidingsniveau op de prestatie van scholieren in wiskunde en literatuur apart <br /> False </li>
<li> Als je het effect onderzoekt van geslacht en opleidingsniveau op de prestatie van scholieren in wiskunde <br /> False </li>
</ol>
</div>
</div>
</modalFeedback>
</assessmentItem>
