<?xml version="1.0" encoding="utf-8" standalone="yes"?>
<assessmentItem identifier="vufsw-critical_value-1175-en-tv_202209061511_item_1_schoice" title="vufsw-critical_value-1175-en-tv_202209061511_item_1_schoice_vufsw-critical value-1175-en" adaptive="false" timeDependent="false" toolName="Testvision Online" toolVersion="39.0.9084" xmlns="http://www.imsglobal.org/xsd/imsqti_v2p1">
<responseDeclaration identifier="RESPONSE" cardinality="single" baseType="identifier">
<correctResponse>
<value>alt_612690</value>
</correctResponse>
<mapping defaultValue="0" lowerBound="0.0">
<mapEntry mapKey="alt_735184" mappedValue="-0.333333333333333"/>
<mapEntry mapKey="alt_612690" mappedValue="1"/>
<mapEntry mapKey="alt_729364" mappedValue="-0.333333333333333"/>
<mapEntry mapKey="alt_176006" mappedValue="-0.333333333333333"/>
</mapping>
</responseDeclaration>
<outcomeDeclaration identifier="SCORE" cardinality="single" baseType="float" normalMaximum="1" normalMinimum="0" />
<outcomeDeclaration identifier="FEEDBACK" cardinality="single" baseType="identifier" />
<itemBody>
<p>Let’s suppose that, in a hypothesis testing on the effect of variable X
on variable Y, we want to reduce the probability of rejecting the null
hypothesis. What is the best way of doing so?</p>
<choiceInteraction responseIdentifier="RESPONSE" shuffle="false" maxChoices="1">
<simpleChoice identifier="alt_735184">
<div class="textblock tvblock tvcss_1"><div class="rte_zone tveditor1">
a. We run a two-sided test with an alpha of 5%.
</div>
</div>
</simpleChoice>
<simpleChoice identifier="alt_612690">
<div class="textblock tvblock tvcss_1"><div class="rte_zone tveditor1">
b. We run a two-sided test with an alpha of 1%.
</div>
</div>
</simpleChoice>
<simpleChoice identifier="alt_729364">
<div class="textblock tvblock tvcss_1"><div class="rte_zone tveditor1">
c. We run a one-sided test with an alpha of 1%.
</div>
</div>
</simpleChoice>
<simpleChoice identifier="alt_176006">
<div class="textblock tvblock tvcss_1"><div class="rte_zone tveditor1">
d. We run a one-sided test with an alpha of 5%.
</div>
</div>
</simpleChoice>
</choiceInteraction>
</itemBody>
<responseProcessing>
<responseCondition>
<responseIf>
<isNull>
<variable identifier="RESPONSE"/>
</isNull>
<setOutcomeValue identifier="SCORE">
<baseValue baseType="float">0.0</baseValue>
</setOutcomeValue>
<setOutcomeValue identifier="FEEDBACK">
<baseValue baseType="identifier">FAILURE</baseValue>
</setOutcomeValue>
</responseIf>
<responseElse>
<setOutcomeValue identifier="SCORE">
<mapResponse identifier="RESPONSE"/>
</setOutcomeValue>
<responseCondition>
<responseIf>
<equal toleranceMode="relative" tolerance="0.001">
<variable identifier="SCORE"/>
<variable identifier="MAXSCORE"/>
</equal>
<setOutcomeValue identifier="FEEDBACK">
<baseValue baseType="identifier">ANSWER_CORRECT</baseValue>
</setOutcomeValue>
</responseIf>
<responseElse>
<setOutcomeValue identifier="FEEDBACK">
<baseValue baseType="identifier">FAILURE</baseValue>
</setOutcomeValue>
</responseElse>
</responseCondition>
</responseElse>
</responseCondition>
</responseProcessing>
<modalFeedback identifier="FAILURE" outcomeIdentifier="FEEDBACK" showHide="show">
<div class="textblock tvblock tvcss_1"><div class="rte_zone tveditor1">
<ol>
<li> We run a two-sided test with an alpha of 5%. <br /> False </li>
<li> We run a two-sided test with an alpha of 1%. <br /> True </li>
<li> We run a one-sided test with an alpha of 1%. <br /> False </li>
<li> We run a one-sided test with an alpha of 5%. <br /> False </li>
</ol>
</div>
</div>
</modalFeedback>
<modalFeedback identifier="ANSWER_CORRECT" outcomeIdentifier="FEEDBACK" showHide="show">
<div class="textblock tvblock tvcss_1"><div class="rte_zone tveditor1">
<ol>
<li> We run a two-sided test with an alpha of 5%. <br /> False </li>
<li> We run a two-sided test with an alpha of 1%. <br /> True </li>
<li> We run a one-sided test with an alpha of 1%. <br /> False </li>
<li> We run a one-sided test with an alpha of 5%. <br /> False </li>
</ol>
</div>
</div>
</modalFeedback>
<modalFeedback identifier="PARTIAL_CORRECT" outcomeIdentifier="FEEDBACK" showHide="show">
<div class="textblock tvblock tvcss_1"><div class="rte_zone tveditor1">
<ol>
<li> We run a two-sided test with an alpha of 5%. <br /> False </li>
<li> We run a two-sided test with an alpha of 1%. <br /> True </li>
<li> We run a one-sided test with an alpha of 1%. <br /> False </li>
<li> We run a one-sided test with an alpha of 5%. <br /> False </li>
</ol>
</div>
</div>
</modalFeedback>
</assessmentItem>
