<?xml version="1.0" encoding="UTF-8"?>
<assessmentItem xsi:schemaLocation="http://www.imsglobal.org/xsd/imsqti_v2p1 http://www.imsglobal.org/xsd/qti/qtiv2p1/imsqti_v2p1p1.xsd http://www.w3.org/1998/Math/MathML http://www.w3.org/Math/XMLSchema/mathml2/mathml2.xsd" identifier="uva-random-variables-340-nl-qti_887512273_section_1_item_1_schoice" title="1" adaptive="false" timeDependent="false" xmlns="http://www.imsglobal.org/xsd/imsqti_v2p1" xmlns:xsi="http://www.w3.org/2001/XMLSchema-instance">
<responseDeclaration identifier="uva-random-variables-340-nl-qti_887512273_section_1_item_1_schoice_RESPONSE_1_1629429" cardinality="single" baseType="identifier">
<correctResponse>
<value>uva-random-variables-340-nl-qti_887512273_section_1_item_1_schoice_3_5388323939</value>
</correctResponse>
<mapping defaultValue="0" lowerBound="0.0">
<mapEntry mapKey="uva-random-variables-340-nl-qti_887512273_section_1_item_1_schoice_1_1583715268" mappedValue="0"/>
<mapEntry mapKey="uva-random-variables-340-nl-qti_887512273_section_1_item_1_schoice_2_8856119456" mappedValue="0"/>
<mapEntry mapKey="uva-random-variables-340-nl-qti_887512273_section_1_item_1_schoice_3_5388323939" mappedValue="1"/>
<mapEntry mapKey="uva-random-variables-340-nl-qti_887512273_section_1_item_1_schoice_4_4166369817" mappedValue="0"/>
</mapping>
</responseDeclaration>
<outcomeDeclaration identifier="SCORE" cardinality="single" baseType="float" normalMaximum="1" normalMinimum="0">
<defaultValue>
<value>0.0</value>
</defaultValue>
</outcomeDeclaration>
<outcomeDeclaration identifier="MAXSCORE" cardinality="single" baseType="float">
<defaultValue>
<value>1</value>
</defaultValue>
</outcomeDeclaration>
<outcomeDeclaration identifier="FEEDBACKBASIC" cardinality="single" baseType="identifier" view="testConstructor">
<defaultValue>
<value>empty</value>
</defaultValue>
</outcomeDeclaration>
<outcomeDeclaration identifier="FEEDBACKMODAL" cardinality="multiple" baseType="identifier" view="testConstructor"/>
<outcomeDeclaration identifier="SOLUTIONMODAL" cardinality="single" baseType="identifier" view="testConstructor"/>
<outcomeDeclaration identifier="MINSCORE" cardinality="single" baseType="float">
<defaultValue>
<value baseType="float">0</value>
</defaultValue>
</outcomeDeclaration>
<outcomeDeclaration identifier="SCORE_RESPONSE_1" cardinality="single" baseType="float">
<defaultValue>
<value>0.0</value>
</defaultValue>
</outcomeDeclaration>
<outcomeDeclaration identifier="MINSCORE_RESPONSE_1" cardinality="single" baseType="float">
<defaultValue>
<value>0.0</value>
</defaultValue>
</outcomeDeclaration>
<itemBody>
<p>Van 200 mensen is bepaald of zij links- of rechtshandig zijn, en hoe
goed zij artistiek ontwikkeld zijn (goed, matig, slecht). De resultaten
zijn weergegeven in onderstaande kruistabel.</p>
<table>
<tbody>
<tr class="odd">
<td align="left"> </td>
<td align="left">Artistieke ontwikkeling</td>
<td></td>
<td></td>
</tr>
<tr class="even">
<td align="left"> </td>
<td align="left">Goed</td>
<td>Matig</td>
<td>Slecht</td>
</tr>
<tr class="odd">
<td align="left">Rechtshandig</td>
<td align="left">42</td>
<td>72</td>
<td>56</td>
</tr>
<tr class="even">
<td align="left">Linkshandig</td>
<td align="left">18</td>
<td>8</td>
<td>4</td>
</tr>
</tbody>
</table>
<p>Wanneer we aselect een van deze 200 personen trekken, wat is dan de kans
dat deze persoon rechtshandig of artistiek slecht ontwikkeld (of beide)
is?</p>
<choiceInteraction responseIdentifier="uva-random-variables-340-nl-qti_887512273_section_1_item_1_schoice_RESPONSE_1_1629429" shuffle="false" maxChoices="1">
<simpleChoice identifier="uva-random-variables-340-nl-qti_887512273_section_1_item_1_schoice_1_1583715268">
<p>
 0.28
</p>
</simpleChoice>
<simpleChoice identifier="uva-random-variables-340-nl-qti_887512273_section_1_item_1_schoice_2_8856119456">
<p>
 0.33
</p>
</simpleChoice>
<simpleChoice identifier="uva-random-variables-340-nl-qti_887512273_section_1_item_1_schoice_3_5388323939">
<p>
 0.87
</p>
</simpleChoice>
<simpleChoice identifier="uva-random-variables-340-nl-qti_887512273_section_1_item_1_schoice_4_4166369817">
<p>
 0.93
</p>
</simpleChoice>
</choiceInteraction>
</itemBody>
<responseProcessing>
<setOutcomeValue identifier="SCORE_RESPONSE_1">
<sum>
<variable identifier="SCORE_RESPONSE_1"/>
<mapResponse identifier="uva-random-variables-340-nl-qti_887512273_section_1_item_1_schoice_RESPONSE_1_1629429"/>
</sum>
</setOutcomeValue>
<responseCondition>
<responseIf>
<lt>
<variable identifier="SCORE_RESPONSE_1"/>
<variable identifier="MINSCORE_RESPONSE_1"/>
</lt>
<setOutcomeValue identifier="SCORE_RESPONSE_1">
<variable identifier="MINSCORE_RESPONSE_1"/>
</setOutcomeValue>
</responseIf>
</responseCondition>
<responseCondition>
<responseIf>
<isNull>
<variable identifier="uva-random-variables-340-nl-qti_887512273_section_1_item_1_schoice_RESPONSE_1_1629429"/>
</isNull>
<setOutcomeValue identifier="SCORE_RESPONSE_1">
<sum>
<variable identifier="SCORE_RESPONSE_1"/>
<baseValue baseType="float">0</baseValue>
</sum>
</setOutcomeValue>
</responseIf>
</responseCondition>
<setOutcomeValue identifier="SCORE">
<sum>
<variable identifier="SCORE_RESPONSE_1"/>
</sum>
</setOutcomeValue>
<responseCondition>
<responseIf>
<lt>
<variable identifier="SCORE"/>
<variable identifier="MINSCORE"/>
</lt>
<setOutcomeValue identifier="SCORE">
<variable identifier="MINSCORE"/>
</setOutcomeValue>
</responseIf>
</responseCondition>
<responseCondition>
<responseIf>
<lt>
<variable identifier="SCORE"/>
<baseValue baseType="float">1</baseValue>
</lt>
<setOutcomeValue identifier="FEEDBACKMODAL">
<multiple>
<variable identifier="FEEDBACKMODAL"/>
<baseValue baseType="identifier">Feedback307777222</baseValue>
</multiple>
</setOutcomeValue>
</responseIf>
</responseCondition>
</responseProcessing>
<modalFeedback identifier="Feedback307777222" outcomeIdentifier="FEEDBACKMODAL" showHide="show">
<ul>
<li> 0.28 <br /> 0.28: Incorrect </li>
<li> 0.33 <br /> 0.33: Incorrect </li>
<li> 0.87 <br /> 0.87: Correct </li>
<li> 0.93 <br /> 0.93: Incorrect </li>
</ul>
</modalFeedback>
</assessmentItem>
