<?xml version="1.0" encoding="UTF-8"?>
<!DOCTYPE questestinterop SYSTEM "ims_qtiasiv1p2p1.dtd">

<questestinterop xmlns="http://www.imsglobal.org/xsd/ims_qtiasiv1p2" xmlns:xsi="http://www.w3.org/2001/XMLSchema-instance" xsi:schemaLocation="http://www.imsglobal.org/xsd/ims_qtiasiv1p2 http://www.imsglobal.org/xsd/ims_qtiasiv1p2p1.xsd">
<assessment ident="vufsw-chi-squared-1149-en-canvas_921434947" title="vufsw-chi-squared-1149-en-canvas">

<qtimetadata>
<qtimetadatafield>
<fieldlabel>cc_maxattempts</fieldlabel>
<fieldentry>1</fieldentry>
</qtimetadatafield>
<qtimetadatafield>
<fieldlabel>qmd_assessmenttype</fieldlabel>
<fieldentry>Assessment</fieldentry>
</qtimetadatafield>
</qtimetadata>
<objectives>
<material>
<mattext><![CDATA[Please solve the following exercises.]]></mattext>
</material>
</objectives>
<assessmentcontrol feedbackswitch="No" hintswitch="No" solutionswitch="Yes"/>
<outcomes_processing scoremodel="SumOfScores">
<outcomes>
<decvar varname="SCORE" vartype="Decimal" cutvalue="0"/>
</outcomes>
</outcomes_processing>
<assessfeedback title="AssessmentFeedback" ident="AssessmentFeedback">
<flow_mat>
<material>
<mattext>##AssessmentFeedback##</mattext>
</material>
</flow_mat>
</assessfeedback>

<section ident="vufsw-chi-squared-1149-en-canvas_921434947_section_1" title="Exercise">

<objectives>
<material>
<mattext><![CDATA[Please answer the following question.]]></mattext>
</material>
</objectives>
<selection_ordering>
<selection>
<selection_number>1</selection_number>
<selection_extension>
<points_per_item>1</points_per_item>
</selection_extension>
</selection>
<order order_type="Random"/>
</selection_ordering>

<item ident="vufsw-chi-squared-1149-en-canvas_921434947_section_1_item_1_schoice" title="Question" maxattempts="1">
<itemcontrol feedbackswitch="No" hintswitch="No" solutionswitch="Yes"/>
<itemmetadata>
<qtimetadata>
<qtimetadatafield>
<fieldlabel>question_type</fieldlabel>
<fieldentry>multiple_choice_question</fieldentry>
</qtimetadatafield>
</qtimetadata>
</itemmetadata>
<presentation>
<flow>
<material>
<matbreak/>
<mattext texttype="text/html" charset="utf-8"><![CDATA[
<p>A student at VU University Amsterdam conducted research into the use of
social media among young people. For his thesis he collected data on the
use of Facebook from 224 students. In the table below the gender of the
youngsters is plotted to the question whether they have a Facebook
account (actually observed numbers).</p>
<table class="tvcss_2 tvcss_3">
<colgroup>
<col style="width: 25%" />
<col style="width: 25%" />
<col style="width: 25%" />
<col style="width: 25%" />
</colgroup>
<tbody>
<tr class="odd">
<td class="tvcss_4">
Facebook account<br />
</td>
<td class="tvcss_5">
yes<br />
</td>
<td class="tvcss_6">
no<br />
</td>
<td class="tvcss_7">
total<br />
</td>
</tr>
<tr class="even">
<td class="tvcss_4">
men<br />
</td>
<td class="tvcss_5">
97<br />
</td>
<td class="tvcss_6">
12<br />
</td>
<td class="tvcss_7">
109<br />
</td>
</tr>
<tr class="odd">
<td class="tvcss_4">
women<br />
</td>
<td class="tvcss_5">
106<br />
</td>
<td class="tvcss_6">
9<br />
</td>
<td class="tvcss_7">
115<br />
</td>
</tr>
<tr class="even">
<td class="tvcss_4">
total<br />
</td>
<td class="tvcss_5">
203<br />
</td>
<td class="tvcss_6">
21<br />
</td>
<td class="tvcss_7">
224<br />
</td>
</tr>
</tbody>
</table>
<p>The researcher wants to know if female students are more often members
of Facebook than male students. He performs a Chi-square test and
receives a Chi-square value of 0.85. He tests with a significance level
(alpha) of 0.05. What is the correct conclusion based on this Chi-square
test?</p>
]]></mattext>
<matbreak/>
</material>
<response_lid ident="vufsw-chi-squared-1149-en-canvas_921434947_section_1_item_1_schoice_RESPONSE_3265032" rcardinality="Single" rtiming="No">
<render_choice shuffle="No">
<flow_label class="List">
<response_label ident="vufsw-chi-squared-1149-en-canvas_921434947_section_1_item_1_schoice_1511095620" rshuffle="No">
<material>
<mattext texttype="text/html" charset="utf-8"><![CDATA[
 Female students are significantly more likely to be members of Facebook than male students.
]]></mattext>
</material>
</response_label>
</flow_label>
<flow_label class="List">
<response_label ident="vufsw-chi-squared-1149-en-canvas_921434947_section_1_item_1_schoice_7401015663" rshuffle="No">
<material>
<mattext texttype="text/html" charset="utf-8"><![CDATA[
 The above data provide too little information to come te a conclusion.
]]></mattext>
</material>
</response_label>
</flow_label>
<flow_label class="List">
<response_label ident="vufsw-chi-squared-1149-en-canvas_921434947_section_1_item_1_schoice_5146208107" rshuffle="No">
<material>
<mattext texttype="text/html" charset="utf-8"><![CDATA[
 Female students are not significantly more likely to be members of Facebook than male students.
]]></mattext>
</material>
</response_label>
</flow_label>
<flow_label class="List">
<response_label ident="vufsw-chi-squared-1149-en-canvas_921434947_section_1_item_1_schoice_3128619339" rshuffle="No">
<material>
<mattext texttype="text/html" charset="utf-8"><![CDATA[
 For the group of women there is a significant link between gender and Facebook membership, while for the group of men there is none significant relationship between these two variables.
]]></mattext>
</material>
</response_label>
</flow_label>
</render_choice>
</response_lid>
</flow>
</presentation>
<resprocessing>
<outcomes>
<decvar varname="SCORE" vartype="Decimal" defaultval="0" minvalue="0" maxvalue="1" cutvalue="1"/>
</outcomes>
<respcondition title="Mastery" continue="No">
<conditionvar>
<and>
<varequal respident="vufsw-chi-squared-1149-en-canvas_921434947_section_1_item_1_schoice_RESPONSE_3265032" case="Yes">vufsw-chi-squared-1149-en-canvas_921434947_section_1_item_1_schoice_5146208107</varequal>
<not> <varequal respident="vufsw-chi-squared-1149-en-canvas_921434947_section_1_item_1_schoice_RESPONSE_3265032" case="Yes">vufsw-chi-squared-1149-en-canvas_921434947_section_1_item_1_schoice_1511095620</varequal> </not>
<not> <varequal respident="vufsw-chi-squared-1149-en-canvas_921434947_section_1_item_1_schoice_RESPONSE_3265032" case="Yes">vufsw-chi-squared-1149-en-canvas_921434947_section_1_item_1_schoice_7401015663</varequal> </not>
<not> <varequal respident="vufsw-chi-squared-1149-en-canvas_921434947_section_1_item_1_schoice_RESPONSE_3265032" case="Yes">vufsw-chi-squared-1149-en-canvas_921434947_section_1_item_1_schoice_3128619339</varequal> </not>
</and>
</conditionvar>
<setvar varname="SCORE" action="Set">1</setvar>
<displayfeedback feedbacktype="Response" linkrefid="correct_fb"/>
</respcondition>
<respcondition continue="Yes">
<conditionvar>
<other/>
</conditionvar>
<displayfeedback feedbacktype="Response" linkrefid="general_incorrect_fb"/>
</respcondition>
</resprocessing>
<itemfeedback ident="correct_fb" view="All">
<flow_mat>
<material>
<mattext texttype="text/html"><![CDATA[
<p>The chi square is lower than the critical value (see table).<br />
If you want to know more about the chi square test watch this
<a href="https://www.youtube.com/watch?v=izw6vGctckA&amp;index=2&amp;list=PLyLpEs0x9BnkqWS0k674CckSeAeJ4A3W7">clip</a></p>
<br />
<ul>
<li> Female students are significantly more likely to be members of Facebook than male students. <br /> False </li>
<li> The above data provide too little information to come te a conclusion. <br /> False </li>
<li> Female students are not significantly more likely to be members of Facebook than male students. <br /> True </li>
<li> For the group of women there is a significant link between gender and Facebook membership, while for the group of men there is none significant relationship between these two variables. <br /> False </li>
</ul>
]]></mattext>
</material>
</flow_mat>
</itemfeedback>
<itemfeedback ident="general_incorrect_fb" view="All">
<flow_mat>
<material>
<mattext texttype="text/html"><![CDATA[
<p>The chi square is lower than the critical value (see table).<br />
If you want to know more about the chi square test watch this
<a href="https://www.youtube.com/watch?v=izw6vGctckA&amp;index=2&amp;list=PLyLpEs0x9BnkqWS0k674CckSeAeJ4A3W7">clip</a></p>
<br />
<ul>
<li> Female students are significantly more likely to be members of Facebook than male students. <br /> False </li>
<li> The above data provide too little information to come te a conclusion. <br /> False </li>
<li> Female students are not significantly more likely to be members of Facebook than male students. <br /> True </li>
<li> For the group of women there is a significant link between gender and Facebook membership, while for the group of men there is none significant relationship between these two variables. <br /> False </li>
</ul>
]]></mattext>
</material>
</flow_mat>
</itemfeedback>
</item>


</section>

</assessment>
</questestinterop>
