<?xml version="1.0" encoding="UTF-8"?>
<assessmentItem xsi:schemaLocation="http://www.imsglobal.org/xsd/imsqti_v2p1 http://www.imsglobal.org/xsd/qti/qtiv2p1/imsqti_v2p1p1.xsd http://www.w3.org/1998/Math/MathML http://www.w3.org/Math/XMLSchema/mathml2/mathml2.xsd" identifier="vufsw-homogeneityofvariance-0333-nl_168291946_section_1_item_1_schoice" title="1" adaptive="false" timeDependent="false" xmlns="http://www.imsglobal.org/xsd/imsqti_v2p1" xmlns:xsi="http://www.w3.org/2001/XMLSchema-instance">
<responseDeclaration identifier="vufsw-homogeneityofvariance-0333-nl_168291946_section_1_item_1_schoice_RESPONSE_1_2495480" cardinality="single" baseType="identifier">
<correctResponse>
<value>vufsw-homogeneityofvariance-0333-nl_168291946_section_1_item_1_schoice_2_9724868877</value>
</correctResponse>
<mapping defaultValue="0" lowerBound="0.0">
<mapEntry mapKey="vufsw-homogeneityofvariance-0333-nl_168291946_section_1_item_1_schoice_1_7753394037" mappedValue="0"/>
<mapEntry mapKey="vufsw-homogeneityofvariance-0333-nl_168291946_section_1_item_1_schoice_2_9724868877" mappedValue="1"/>
<mapEntry mapKey="vufsw-homogeneityofvariance-0333-nl_168291946_section_1_item_1_schoice_3_2008642412" mappedValue="0"/>
<mapEntry mapKey="vufsw-homogeneityofvariance-0333-nl_168291946_section_1_item_1_schoice_4_7162890229" mappedValue="0"/>
</mapping>
</responseDeclaration>
<outcomeDeclaration identifier="SCORE" cardinality="single" baseType="float" normalMaximum="1" normalMinimum="0">
<defaultValue>
<value>0.0</value>
</defaultValue>
</outcomeDeclaration>
<outcomeDeclaration identifier="MAXSCORE" cardinality="single" baseType="float">
<defaultValue>
<value>1</value>
</defaultValue>
</outcomeDeclaration>
<outcomeDeclaration identifier="FEEDBACKBASIC" cardinality="single" baseType="identifier" view="testConstructor">
<defaultValue>
<value>empty</value>
</defaultValue>
</outcomeDeclaration>
<outcomeDeclaration identifier="FEEDBACKMODAL" cardinality="multiple" baseType="identifier" view="testConstructor"/>
<outcomeDeclaration identifier="MINSCORE" cardinality="single" baseType="float">
<defaultValue>
<value baseType="float">0</value>
</defaultValue>
</outcomeDeclaration>
<outcomeDeclaration identifier="SCORE_RESPONSE_1" cardinality="single" baseType="float">
<defaultValue>
<value>0.0</value>
</defaultValue>
</outcomeDeclaration>
<outcomeDeclaration identifier="MINSCORE_RESPONSE_1" cardinality="single" baseType="float">
<defaultValue>
<value>0.0</value>
</defaultValue>
</outcomeDeclaration>
<itemBody>
<p>Welke assumptie over varianties is van toepassing in one-way ANOVA?</p>
<choiceInteraction responseIdentifier="vufsw-homogeneityofvariance-0333-nl_168291946_section_1_item_1_schoice_RESPONSE_1_2495480" shuffle="false" maxChoices="1">
<simpleChoice identifier="vufsw-homogeneityofvariance-0333-nl_168291946_section_1_item_1_schoice_1_7753394037">
<p>
a. Homogeniteit van covariance matrices
</p>
</simpleChoice>
<simpleChoice identifier="vufsw-homogeneityofvariance-0333-nl_168291946_section_1_item_1_schoice_2_9724868877">
<p>
b. De homogeniteit van varianties
</p>
</simpleChoice>
<simpleChoice identifier="vufsw-homogeneityofvariance-0333-nl_168291946_section_1_item_1_schoice_3_2008642412">
<p>
c. Spericiteit
</p>
</simpleChoice>
<simpleChoice identifier="vufsw-homogeneityofvariance-0333-nl_168291946_section_1_item_1_schoice_4_7162890229">
<p>
d. Homogeniteit van de varianties van de verschilscores
</p>
</simpleChoice>
</choiceInteraction>
</itemBody>
<responseProcessing>
<responseCondition>
<responseIf>
<isNull>
<variable identifier="vufsw-homogeneityofvariance-0333-nl_168291946_section_1_item_1_schoice_RESPONSE_1_2495480"/>
</isNull>
<setOutcomeValue identifier="SCORE_RESPONSE_1">
<sum>
<variable identifier="SCORE_RESPONSE_1"/>
<baseValue baseType="float">0</baseValue>
</sum>
</setOutcomeValue>
</responseIf>
</responseCondition>
<setOutcomeValue identifier="SCORE_RESPONSE_1">
<sum>
<variable identifier="SCORE_RESPONSE_1"/>
<mapResponse identifier="vufsw-homogeneityofvariance-0333-nl_168291946_section_1_item_1_schoice_RESPONSE_1_2495480"/>
</sum>
</setOutcomeValue>
<responseCondition>
<responseIf>
<lt>
<variable identifier="SCORE_RESPONSE_1"/>
<variable identifier="MINSCORE_RESPONSE_1"/>
</lt>
<setOutcomeValue identifier="SCORE_RESPONSE_1">
<variable identifier="MINSCORE_RESPONSE_1"/>
</setOutcomeValue>
</responseIf>
</responseCondition>
<setOutcomeValue identifier="SCORE">
<sum>
<variable identifier="SCORE_RESPONSE_1"/>
</sum>
</setOutcomeValue>
<responseCondition>
<responseIf>
<lt>
<variable identifier="SCORE"/>
<variable identifier="MINSCORE"/>
</lt>
<setOutcomeValue identifier="SCORE">
<variable identifier="MINSCORE"/>
</setOutcomeValue>
</responseIf>
</responseCondition>
<responseCondition>
<responseIf>
<lt>
<variable identifier="SCORE"/>
<baseValue baseType="float">1</baseValue>
</lt>
<setOutcomeValue identifier="FEEDBACKMODAL">
<multiple>
<variable identifier="FEEDBACKMODAL"/>
<baseValue baseType="identifier">Feedback467980604</baseValue>
</multiple>
</setOutcomeValue>
</responseIf>
</responseCondition>
</responseProcessing>
<modalFeedback identifier="Feedback467980604" outcomeIdentifier="FEEDBACKMODAL" showHide="show">
<ol type = "a">
<li> Homogeniteit van covariance matrices <br /> False </li>
<li> De homogeniteit van varianties <br /> True </li>
<li> Spericiteit <br /> False </li>
<li> Homogeniteit van de varianties van de verschilscores <br /> False </li>
</ol>
</modalFeedback>
</assessmentItem>
