<?xml version="1.0" encoding="utf-8" standalone="yes"?>
<assessmentItem identifier="vufgb-equation-010-nl-tv_202601131822_item_1_schoice" title="vufgb-equation-010-nl-tv_202601131822_item_1_schoice_vufgb-equation-010-nl" adaptive="false" timeDependent="false" toolName="Testvision Online" toolVersion="39.0.9084" xmlns="http://www.imsglobal.org/xsd/imsqti_v2p1">
<responseDeclaration identifier="RESPONSE" cardinality="single" baseType="identifier">
<correctResponse>
<value>alt_756047</value>
</correctResponse>
<mapping defaultValue="0" lowerBound="0.0">
<mapEntry mapKey="alt_877178" mappedValue="-0.333333333333333"/>
<mapEntry mapKey="alt_756047" mappedValue="1"/>
<mapEntry mapKey="alt_183407" mappedValue="-0.333333333333333"/>
<mapEntry mapKey="alt_167030" mappedValue="-0.333333333333333"/>
</mapping>
</responseDeclaration>
<outcomeDeclaration identifier="SCORE" cardinality="single" baseType="float" normalMaximum="1" normalMinimum="0" />
<outcomeDeclaration identifier="FEEDBACK" cardinality="single" baseType="identifier" />
<stylesheet href="css/vufgb-equation-010-nl-tv_202601131822_item_1_schoice.css" type="text/css" />
<itemBody>
<p>Welke figuur past bij de kwadratische regressievergelijking <math display="inline" xmlns="http://www.w3.org/1998/Math/MathML"><semantics><mrow><mover><mi>y</mi><mo accent="true">̂</mo></mover><mo>=</mo><mn>4</mn><mo>+</mo><mn>2.5</mn><msub><mi>x</mi><mn>1</mn></msub><mo>−</mo><mn>0.5</mn><msubsup><mi>x</mi><mn>1</mn><mn>2</mn></msubsup></mrow><annotation encoding="application/x-tex">\hat{y} = 4+2.5x_{1}-0.5x_{1}^{2}</annotation></semantics></math>?</p>
<p>Figuur A:</p>
<p><img src="mediafiles/supplements1/vufgb-equation-010-nl-graph01.jpg" alt="image"/>
Figuur B:</p>
<p><img src="mediafiles/supplements1/vufgb-equation-010-nl-graph02.jpg" alt="image"/></p>
<p>Figuur C:</p>
<p><img src="mediafiles/supplements1/vufgb-equation-010-nl-graph03.jpg" alt="image"/>
Figuur D:</p>
<p><img src="mediafiles/supplements1/vufgb-equation-010-nl-graph04.jpg" alt="image"/></p>
<choiceInteraction responseIdentifier="RESPONSE" shuffle="false" maxChoices="1">
<simpleChoice identifier="alt_877178">
<div class="textblock tvblock tvcss_1"><div class="rte_zone tveditor1">
 Figuur A
</div>
</div>
</simpleChoice>
<simpleChoice identifier="alt_756047">
<div class="textblock tvblock tvcss_1"><div class="rte_zone tveditor1">
 Figuur B
</div>
</div>
</simpleChoice>
<simpleChoice identifier="alt_183407">
<div class="textblock tvblock tvcss_1"><div class="rte_zone tveditor1">
 Figuur C
</div>
</div>
</simpleChoice>
<simpleChoice identifier="alt_167030">
<div class="textblock tvblock tvcss_1"><div class="rte_zone tveditor1">
 Figuur D
</div>
</div>
</simpleChoice>
</choiceInteraction>
</itemBody>
<responseProcessing>
<responseCondition>
<responseIf>
<isNull>
<variable identifier="RESPONSE"/>
</isNull>
<setOutcomeValue identifier="SCORE">
<baseValue baseType="float">0.0</baseValue>
</setOutcomeValue>
<setOutcomeValue identifier="FEEDBACK">
<baseValue baseType="identifier">FAILURE</baseValue>
</setOutcomeValue>
</responseIf>
<responseElse>
<setOutcomeValue identifier="SCORE">
<mapResponse identifier="RESPONSE"/>
</setOutcomeValue>
<responseCondition>
<responseIf>
<equal toleranceMode="relative" tolerance="0.001">
<variable identifier="SCORE"/>
<variable identifier="MAXSCORE"/>
</equal>
<setOutcomeValue identifier="FEEDBACK">
<baseValue baseType="identifier">ANSWER_CORRECT</baseValue>
</setOutcomeValue>
</responseIf>
<responseElse>
<setOutcomeValue identifier="FEEDBACK">
<baseValue baseType="identifier">FAILURE</baseValue>
</setOutcomeValue>
</responseElse>
</responseCondition>
</responseElse>
</responseCondition>
</responseProcessing>
<modalFeedback identifier="FAILURE" outcomeIdentifier="FEEDBACK" showHide="show">
<div class="textblock tvblock tvcss_1"><div class="rte_zone tveditor1">
<ul>
<li> Figuur A <br /> Incorrect </li>
<li> Figuur B <br /> Correct </li>
<li> Figuur C <br /> Incorrect </li>
<li> Figuur D <br /> Incorrect </li>
</ul>
</div>
</div>
</modalFeedback>
<modalFeedback identifier="ANSWER_CORRECT" outcomeIdentifier="FEEDBACK" showHide="show">
<div class="textblock tvblock tvcss_1"><div class="rte_zone tveditor1">
<ul>
<li> Figuur A <br /> Incorrect </li>
<li> Figuur B <br /> Correct </li>
<li> Figuur C <br /> Incorrect </li>
<li> Figuur D <br /> Incorrect </li>
</ul>
</div>
</div>
</modalFeedback>
<modalFeedback identifier="PARTIAL_CORRECT" outcomeIdentifier="FEEDBACK" showHide="show">
<div class="textblock tvblock tvcss_1"><div class="rte_zone tveditor1">
<ul>
<li> Figuur A <br /> Incorrect </li>
<li> Figuur B <br /> Correct </li>
<li> Figuur C <br /> Incorrect </li>
<li> Figuur D <br /> Incorrect </li>
</ul>
</div>
</div>
</modalFeedback>
</assessmentItem>
