<?xml version="1.0" encoding="UTF-8"?>
<!DOCTYPE questestinterop SYSTEM "ims_qtiasiv1p2p1.dtd">

<questestinterop xmlns="http://www.imsglobal.org/xsd/ims_qtiasiv1p2" xmlns:xsi="http://www.w3.org/2001/XMLSchema-instance" xsi:schemaLocation="http://www.imsglobal.org/xsd/ims_qtiasiv1p2 http://www.imsglobal.org/xsd/ims_qtiasiv1p2p1.xsd">
<assessment ident="vufsw-proportion-1279-en-canvas_429253535" title="vufsw-proportion-1279-en-canvas">

<qtimetadata>
<qtimetadatafield>
<fieldlabel>cc_maxattempts</fieldlabel>
<fieldentry>1</fieldentry>
</qtimetadatafield>
<qtimetadatafield>
<fieldlabel>qmd_assessmenttype</fieldlabel>
<fieldentry>Assessment</fieldentry>
</qtimetadatafield>
</qtimetadata>
<objectives>
<material>
<mattext><![CDATA[Please solve the following exercises.]]></mattext>
</material>
</objectives>
<assessmentcontrol feedbackswitch="No" hintswitch="No" solutionswitch="Yes"/>
<outcomes_processing scoremodel="SumOfScores">
<outcomes>
<decvar varname="SCORE" vartype="Decimal" cutvalue="0"/>
</outcomes>
</outcomes_processing>
<assessfeedback title="AssessmentFeedback" ident="AssessmentFeedback">
<flow_mat>
<material>
<mattext>##AssessmentFeedback##</mattext>
</material>
</flow_mat>
</assessfeedback>

<section ident="vufsw-proportion-1279-en-canvas_429253535_section_1" title="Exercise">

<objectives>
<material>
<mattext><![CDATA[Please answer the following question.]]></mattext>
</material>
</objectives>
<selection_ordering>
<selection>
<selection_number>1</selection_number>
<selection_extension>
<points_per_item>1</points_per_item>
</selection_extension>
</selection>
<order order_type="Random"/>
</selection_ordering>

<item ident="vufsw-proportion-1279-en-canvas_429253535_section_1_item_1_schoice" title="Question" maxattempts="1">
<itemcontrol feedbackswitch="No" hintswitch="No" solutionswitch="Yes"/>
<itemmetadata>
<qtimetadata>
<qtimetadatafield>
<fieldlabel>question_type</fieldlabel>
<fieldentry>multiple_choice_question</fieldentry>
</qtimetadatafield>
</qtimetadata>
</itemmetadata>
<presentation>
<flow>
<material>
<matbreak/>
<mattext texttype="text/html" charset="utf-8"><![CDATA[
<p>The average income of a large sample of students who all work at a law
firm is 500 euros (per month), with a standard deviation of 100 euros.
The average income is normally distributed. What is the proportion of
students with an income higher than 450 euros per month?</p>
]]></mattext>
<matbreak/>
</material>
<response_lid ident="vufsw-proportion-1279-en-canvas_429253535_section_1_item_1_schoice_RESPONSE_9933860" rcardinality="Single" rtiming="No">
<render_choice shuffle="No">
<flow_label class="List">
<response_label ident="vufsw-proportion-1279-en-canvas_429253535_section_1_item_1_schoice_4418218234" rshuffle="No">
<material>
<mattext texttype="text/html" charset="utf-8"><![CDATA[
 0.56
]]></mattext>
</material>
</response_label>
</flow_label>
<flow_label class="List">
<response_label ident="vufsw-proportion-1279-en-canvas_429253535_section_1_item_1_schoice_2095195297" rshuffle="No">
<material>
<mattext texttype="text/html" charset="utf-8"><![CDATA[
 0.31
]]></mattext>
</material>
</response_label>
</flow_label>
<flow_label class="List">
<response_label ident="vufsw-proportion-1279-en-canvas_429253535_section_1_item_1_schoice_1439200215" rshuffle="No">
<material>
<mattext texttype="text/html" charset="utf-8"><![CDATA[
 0.50
]]></mattext>
</material>
</response_label>
</flow_label>
<flow_label class="List">
<response_label ident="vufsw-proportion-1279-en-canvas_429253535_section_1_item_1_schoice_2686866058" rshuffle="No">
<material>
<mattext texttype="text/html" charset="utf-8"><![CDATA[
 0.85
]]></mattext>
</material>
</response_label>
</flow_label>
<flow_label class="List">
<response_label ident="vufsw-proportion-1279-en-canvas_429253535_section_1_item_1_schoice_7004283707" rshuffle="No">
<material>
<mattext texttype="text/html" charset="utf-8"><![CDATA[
 0.69
]]></mattext>
</material>
</response_label>
</flow_label>
</render_choice>
</response_lid>
</flow>
</presentation>
<resprocessing>
<outcomes>
<decvar varname="SCORE" vartype="Decimal" defaultval="0" minvalue="0" maxvalue="1" cutvalue="1"/>
</outcomes>
<respcondition title="Mastery" continue="No">
<conditionvar>
<and>
<varequal respident="vufsw-proportion-1279-en-canvas_429253535_section_1_item_1_schoice_RESPONSE_9933860" case="Yes">vufsw-proportion-1279-en-canvas_429253535_section_1_item_1_schoice_7004283707</varequal>
<not> <varequal respident="vufsw-proportion-1279-en-canvas_429253535_section_1_item_1_schoice_RESPONSE_9933860" case="Yes">vufsw-proportion-1279-en-canvas_429253535_section_1_item_1_schoice_4418218234</varequal> </not>
<not> <varequal respident="vufsw-proportion-1279-en-canvas_429253535_section_1_item_1_schoice_RESPONSE_9933860" case="Yes">vufsw-proportion-1279-en-canvas_429253535_section_1_item_1_schoice_2095195297</varequal> </not>
<not> <varequal respident="vufsw-proportion-1279-en-canvas_429253535_section_1_item_1_schoice_RESPONSE_9933860" case="Yes">vufsw-proportion-1279-en-canvas_429253535_section_1_item_1_schoice_1439200215</varequal> </not>
<not> <varequal respident="vufsw-proportion-1279-en-canvas_429253535_section_1_item_1_schoice_RESPONSE_9933860" case="Yes">vufsw-proportion-1279-en-canvas_429253535_section_1_item_1_schoice_2686866058</varequal> </not>
</and>
</conditionvar>
<setvar varname="SCORE" action="Set">1</setvar>
<displayfeedback feedbacktype="Response" linkrefid="correct_fb"/>
</respcondition>
<respcondition continue="Yes">
<conditionvar>
<other/>
</conditionvar>
<displayfeedback feedbacktype="Response" linkrefid="general_incorrect_fb"/>
</respcondition>
</resprocessing>
<itemfeedback ident="correct_fb" view="All">
<flow_mat>
<material>
<mattext texttype="text/html"><![CDATA[
<p>z = (450-500)/100 = 0.500 (it is half a sd from the mean). The Z Score
Table shows for z = 0.50 the figure of 0.3085. This is the probability
of an income below 450. Thus, the probability of an income higher than
450 euros per month is 1-0.3085= 0.6915.</p>
<p>If you want to know more about how to calculate this watch this
<a href="https://www.youtube.com/watch?v=xdHDE_RD6_c&amp;index=7&amp;list=PLyLpEs0x9BnlQ9yc8ZJd6KDm2TGxMYbLV">clip</a></p>
<p>Language<br />
Nederlands</p>
<p>Levels of Difficulty<br />
Medium</p>
<p>M&amp;T BIS<br />
Default value</p>
<p>M&amp;T Distributions<br />
Default value</p>
<br />
<ul>
<li> 0.56 <br /> False </li>
<li> 0.31 <br /> False </li>
<li> 0.50 <br /> False </li>
<li> 0.85 <br /> False </li>
<li> 0.69 <br /> True </li>
</ul>
]]></mattext>
</material>
</flow_mat>
</itemfeedback>
<itemfeedback ident="general_incorrect_fb" view="All">
<flow_mat>
<material>
<mattext texttype="text/html"><![CDATA[
<p>z = (450-500)/100 = 0.500 (it is half a sd from the mean). The Z Score
Table shows for z = 0.50 the figure of 0.3085. This is the probability
of an income below 450. Thus, the probability of an income higher than
450 euros per month is 1-0.3085= 0.6915.</p>
<p>If you want to know more about how to calculate this watch this
<a href="https://www.youtube.com/watch?v=xdHDE_RD6_c&amp;index=7&amp;list=PLyLpEs0x9BnlQ9yc8ZJd6KDm2TGxMYbLV">clip</a></p>
<p>Language<br />
Nederlands</p>
<p>Levels of Difficulty<br />
Medium</p>
<p>M&amp;T BIS<br />
Default value</p>
<p>M&amp;T Distributions<br />
Default value</p>
<br />
<ul>
<li> 0.56 <br /> False </li>
<li> 0.31 <br /> False </li>
<li> 0.50 <br /> False </li>
<li> 0.85 <br /> False </li>
<li> 0.69 <br /> True </li>
</ul>
]]></mattext>
</material>
</flow_mat>
</itemfeedback>
</item>


</section>

</assessment>
</questestinterop>
