<?xml version="1.0" encoding="utf-8" standalone="yes"?>
<assessmentItem identifier="vufsw-expectedvalue-0118-nl-tv_202510071722_item_1_schoice" title="vufsw-expectedvalue-0118-nl-tv_202510071722_item_1_schoice_vufsw-expectedvalue-0118-nl" adaptive="false" timeDependent="false" toolName="Testvision Online" toolVersion="39.0.9084" xmlns="http://www.imsglobal.org/xsd/imsqti_v2p1">
<responseDeclaration identifier="RESPONSE" cardinality="single" baseType="identifier">
<correctResponse>
<value>alt_160224</value>
</correctResponse>
<mapping defaultValue="0" lowerBound="0.0">
<mapEntry mapKey="alt_639571" mappedValue="-0.333333333333333"/>
<mapEntry mapKey="alt_759010" mappedValue="-0.333333333333333"/>
<mapEntry mapKey="alt_746008" mappedValue="-0.333333333333333"/>
<mapEntry mapKey="alt_160224" mappedValue="1"/>
</mapping>
</responseDeclaration>
<outcomeDeclaration identifier="SCORE" cardinality="single" baseType="float" normalMaximum="1" normalMinimum="0" />
<outcomeDeclaration identifier="FEEDBACK" cardinality="single" baseType="identifier" />
<stylesheet href="css/vufsw-expectedvalue-0118-nl-tv_202510071722_item_1_schoice.css" type="text/css" />
<itemBody>
<p>Bij het onderzoeken van hoe vaak gamers tussen 18-25 jaar videogames
spelen, vindt een onderzoeker de resultaten in de onderstaande tabel.</p>
<p>Wat is de <strong>verwachte waarde</strong> (<em>expected value</em>) van het aantal uren
dat gamers van 18-25 jaar per week videogames spelen op basis van deze
steekproef? Rond af op één decimaal.</p>
<p><img src="mediafiles/supplements1/vufsw-expectedvalue-0118-nl.png" alt="image"/></p>
<choiceInteraction responseIdentifier="RESPONSE" shuffle="false" maxChoices="1">
<simpleChoice identifier="alt_639571">
<div class="textblock tvblock tvcss_1"><div class="rte_zone tveditor1">
 5,5 uur
</div>
</div>
</simpleChoice>
<simpleChoice identifier="alt_759010">
<div class="textblock tvblock tvcss_1"><div class="rte_zone tveditor1">
 Tussen 3,0 en 5,5 uur
</div>
</div>
</simpleChoice>
<simpleChoice identifier="alt_746008">
<div class="textblock tvblock tvcss_1"><div class="rte_zone tveditor1">
 Tussen 9,5 en 18,0 uur
</div>
</div>
</simpleChoice>
<simpleChoice identifier="alt_160224">
<div class="textblock tvblock tvcss_1"><div class="rte_zone tveditor1">
 7,7 uur
</div>
</div>
</simpleChoice>
</choiceInteraction>
</itemBody>
<responseProcessing>
<responseCondition>
<responseIf>
<isNull>
<variable identifier="RESPONSE"/>
</isNull>
<setOutcomeValue identifier="SCORE">
<baseValue baseType="float">0.0</baseValue>
</setOutcomeValue>
<setOutcomeValue identifier="FEEDBACK">
<baseValue baseType="identifier">FAILURE</baseValue>
</setOutcomeValue>
</responseIf>
<responseElse>
<setOutcomeValue identifier="SCORE">
<mapResponse identifier="RESPONSE"/>
</setOutcomeValue>
<responseCondition>
<responseIf>
<equal toleranceMode="relative" tolerance="0.001">
<variable identifier="SCORE"/>
<variable identifier="MAXSCORE"/>
</equal>
<setOutcomeValue identifier="FEEDBACK">
<baseValue baseType="identifier">ANSWER_CORRECT</baseValue>
</setOutcomeValue>
</responseIf>
<responseElse>
<setOutcomeValue identifier="FEEDBACK">
<baseValue baseType="identifier">FAILURE</baseValue>
</setOutcomeValue>
</responseElse>
</responseCondition>
</responseElse>
</responseCondition>
</responseProcessing>
<modalFeedback identifier="FAILURE" outcomeIdentifier="FEEDBACK" showHide="show">
<div class="textblock tvblock tvcss_1"><div class="rte_zone tveditor1">
<ul>
<li> 5,5 uur <br /> False </li>
<li> Tussen 3,0 en 5,5 uur <br /> False </li>
<li> Tussen 9,5 en 18,0 uur <br /> False </li>
<li> 7,7 uur <br /> True </li>
</ul>
</div>
</div>
</modalFeedback>
<modalFeedback identifier="ANSWER_CORRECT" outcomeIdentifier="FEEDBACK" showHide="show">
<div class="textblock tvblock tvcss_1"><div class="rte_zone tveditor1">
<ul>
<li> 5,5 uur <br /> False </li>
<li> Tussen 3,0 en 5,5 uur <br /> False </li>
<li> Tussen 9,5 en 18,0 uur <br /> False </li>
<li> 7,7 uur <br /> True </li>
</ul>
</div>
</div>
</modalFeedback>
<modalFeedback identifier="PARTIAL_CORRECT" outcomeIdentifier="FEEDBACK" showHide="show">
<div class="textblock tvblock tvcss_1"><div class="rte_zone tveditor1">
<ul>
<li> 5,5 uur <br /> False </li>
<li> Tussen 3,0 en 5,5 uur <br /> False </li>
<li> Tussen 9,5 en 18,0 uur <br /> False </li>
<li> 7,7 uur <br /> True </li>
</ul>
</div>
</div>
</modalFeedback>
</assessmentItem>
