<?xml version="1.0" encoding="utf-8" standalone="yes"?>
<assessmentItem identifier="vufsw-confidenceintervals-0038-en-tv_202307180607_item_1_schoice" title="vufsw-confidenceintervals-0038-en-tv_202307180607_item_1_schoice_vufsw-confidenceintervals-0038-en" adaptive="false" timeDependent="false" toolName="Testvision Online" toolVersion="39.0.9084" xmlns="http://www.imsglobal.org/xsd/imsqti_v2p1">
<responseDeclaration identifier="RESPONSE" cardinality="single" baseType="identifier">
<correctResponse>
<value>alt_108247</value>
</correctResponse>
<mapping defaultValue="0" lowerBound="0.0">
<mapEntry mapKey="alt_190999" mappedValue="-0.2"/>
<mapEntry mapKey="alt_494993" mappedValue="-0.2"/>
<mapEntry mapKey="alt_257805" mappedValue="-0.2"/>
<mapEntry mapKey="alt_717455" mappedValue="-0.2"/>
<mapEntry mapKey="alt_517360" mappedValue="-0.2"/>
<mapEntry mapKey="alt_108247" mappedValue="1"/>
</mapping>
</responseDeclaration>
<outcomeDeclaration identifier="SCORE" cardinality="single" baseType="float" normalMaximum="1" normalMinimum="0" />
<outcomeDeclaration identifier="FEEDBACK" cardinality="single" baseType="identifier" />
<itemBody>
<p>Below is a small section from a research report on the level of employee
satisfaction in a large organisation. A text and a number have been
omitted from this research report.</p>
<p>"The level of job satisfaction was measured by means of 8 questions.
Each of these questions had the following five response options: totally
disagree (1), disagree (2), disagree, disagree (3), agree (4), totally
agree (5). A scale was constructed by taking the average score of these
8 items per respondent.</p>
<p>The data from our sample showed that women differ significantly from men
in the degree of satisfaction with their work. In fact, the calculation
of [—text —] shows that the difference between the mean scores of
the two groups is significantly different from [—number—]."</p>
<p>What is the correct text and number?</p>
<choiceInteraction responseIdentifier="RESPONSE" shuffle="false" maxChoices="1">
<simpleChoice identifier="alt_190999">
<div class="textblock tvblock tvcss_1"><div class="rte_zone tveditor1">
 <strong>Text:</strong> the Cronbach’s alpha. <strong>Number:</strong> 0,80.
</div>
</div>
</simpleChoice>
<simpleChoice identifier="alt_494993">
<div class="textblock tvblock tvcss_1"><div class="rte_zone tveditor1">
 <strong>Text:</strong> the significance level. <strong>Number:</strong> 0,05
</div>
</div>
</simpleChoice>
<simpleChoice identifier="alt_257805">
<div class="textblock tvblock tvcss_1"><div class="rte_zone tveditor1">
 <strong>Text</strong>: the 95% confidence interval. <strong>Number</strong>: 0.
</div>
</div>
</simpleChoice>
<simpleChoice identifier="alt_717455">
<div class="textblock tvblock tvcss_1"><div class="rte_zone tveditor1">
 <strong>Text:</strong> the Cronbach’s alpha. <strong>Numbe</strong>r<strong>:</strong> 0,05.
</div>
</div>
</simpleChoice>
<simpleChoice identifier="alt_517360">
<div class="textblock tvblock tvcss_1"><div class="rte_zone tveditor1">
 <strong>Text:</strong> the significance level. <strong>Number:</strong> 0.
</div>
</div>
</simpleChoice>
<simpleChoice identifier="alt_108247">
<div class="textblock tvblock tvcss_1"><div class="rte_zone tveditor1">
 <strong>Text:</strong> the 95% confidence interval. <strong>Number</strong>: 0.05.
</div>
</div>
</simpleChoice>
</choiceInteraction>
</itemBody>
<responseProcessing>
<responseCondition>
<responseIf>
<isNull>
<variable identifier="RESPONSE"/>
</isNull>
<setOutcomeValue identifier="SCORE">
<baseValue baseType="float">0.0</baseValue>
</setOutcomeValue>
<setOutcomeValue identifier="FEEDBACK">
<baseValue baseType="identifier">FAILURE</baseValue>
</setOutcomeValue>
</responseIf>
<responseElse>
<setOutcomeValue identifier="SCORE">
<mapResponse identifier="RESPONSE"/>
</setOutcomeValue>
<responseCondition>
<responseIf>
<equal toleranceMode="relative" tolerance="0.001">
<variable identifier="SCORE"/>
<variable identifier="MAXSCORE"/>
</equal>
<setOutcomeValue identifier="FEEDBACK">
<baseValue baseType="identifier">ANSWER_CORRECT</baseValue>
</setOutcomeValue>
</responseIf>
<responseElse>
<setOutcomeValue identifier="FEEDBACK">
<baseValue baseType="identifier">FAILURE</baseValue>
</setOutcomeValue>
</responseElse>
</responseCondition>
</responseElse>
</responseCondition>
</responseProcessing>
<modalFeedback identifier="FAILURE" outcomeIdentifier="FEEDBACK" showHide="show">
<div class="textblock tvblock tvcss_1"><div class="rte_zone tveditor1">
 <strong>Text:</strong> the Cronbach’s alpha. <strong>Number:</strong> 0,80. <br /> False 
 <strong>Text:</strong> the significance level. <strong>Number:</strong> 0,05 <br /> False 
 <strong>Text</strong>: the 95% confidence interval. <strong>Number</strong>: 0. <br /> False 
 <strong>Text:</strong> the Cronbach’s alpha. <strong>Numbe</strong>r<strong>:</strong> 0,05. <br /> False 
 <strong>Text:</strong> the significance level. <strong>Number:</strong> 0. <br /> False 
 <strong>Text:</strong> the 95% confidence interval. <strong>Number</strong>: 0.05. <br /> True 
</div>
</div>
</modalFeedback>
<modalFeedback identifier="ANSWER_CORRECT" outcomeIdentifier="FEEDBACK" showHide="show">
<div class="textblock tvblock tvcss_1"><div class="rte_zone tveditor1">
 <strong>Text:</strong> the Cronbach’s alpha. <strong>Number:</strong> 0,80. <br /> False 
 <strong>Text:</strong> the significance level. <strong>Number:</strong> 0,05 <br /> False 
 <strong>Text</strong>: the 95% confidence interval. <strong>Number</strong>: 0. <br /> False 
 <strong>Text:</strong> the Cronbach’s alpha. <strong>Numbe</strong>r<strong>:</strong> 0,05. <br /> False 
 <strong>Text:</strong> the significance level. <strong>Number:</strong> 0. <br /> False 
 <strong>Text:</strong> the 95% confidence interval. <strong>Number</strong>: 0.05. <br /> True 
</div>
</div>
</modalFeedback>
<modalFeedback identifier="PARTIAL_CORRECT" outcomeIdentifier="FEEDBACK" showHide="show">
<div class="textblock tvblock tvcss_1"><div class="rte_zone tveditor1">
 <strong>Text:</strong> the Cronbach’s alpha. <strong>Number:</strong> 0,80. <br /> False 
 <strong>Text:</strong> the significance level. <strong>Number:</strong> 0,05 <br /> False 
 <strong>Text</strong>: the 95% confidence interval. <strong>Number</strong>: 0. <br /> False 
 <strong>Text:</strong> the Cronbach’s alpha. <strong>Numbe</strong>r<strong>:</strong> 0,05. <br /> False 
 <strong>Text:</strong> the significance level. <strong>Number:</strong> 0. <br /> False 
 <strong>Text:</strong> the 95% confidence interval. <strong>Number</strong>: 0.05. <br /> True 
</div>
</div>
</modalFeedback>
</assessmentItem>
