<?xml version="1.0" encoding="utf-8" standalone="yes"?>
<assessmentItem identifier="uva-two-sided-hypothesis-1745-en-tv_202510071723_item_1_schoice" title="uva-two-sided-hypothesis-1745-en-tv_202510071723_item_1_schoice_uva-two-sided-hypothesis-1745-en" adaptive="false" timeDependent="false" toolName="Testvision Online" toolVersion="39.0.9084" xmlns="http://www.imsglobal.org/xsd/imsqti_v2p1">
<responseDeclaration identifier="RESPONSE" cardinality="single" baseType="identifier">
<correctResponse>
<value>alt_377391</value>
</correctResponse>
<mapping defaultValue="0" lowerBound="0.0">
<mapEntry mapKey="alt_823784" mappedValue="-0.5"/>
<mapEntry mapKey="alt_377391" mappedValue="1"/>
<mapEntry mapKey="alt_465450" mappedValue="-0.5"/>
</mapping>
</responseDeclaration>
<outcomeDeclaration identifier="SCORE" cardinality="single" baseType="float" normalMaximum="1" normalMinimum="0" />
<outcomeDeclaration identifier="FEEDBACK" cardinality="single" baseType="identifier" />
<stylesheet href="css/uva-two-sided-hypothesis-1745-en-tv_202510071723_item_1_schoice.css" type="text/css" />
<itemBody>
<p>In a survey with a random sample of 118 people, people were asked whether people agreed with the judge’s ruling in the case of Wilders. In that case, the judge ruled that his film did not incite hatred or violence against Muslims. The percentage of people who agreed with the judge’s ruling was 75%. The researchers wanted know if the percentage in the population was greater than 70%. To that end the researchers set up a null hypothesis stating that the percentage of people who agree with the judge is 70%. The P-value under this test is</p>
<choiceInteraction responseIdentifier="RESPONSE" shuffle="false" maxChoices="1">
<simpleChoice identifier="alt_823784">
<div class="textblock tvblock tvcss_1"><div class="rte_zone tveditor1">
 0.1102
</div>
</div>
</simpleChoice>
<simpleChoice identifier="alt_377391">
<div class="textblock tvblock tvcss_1"><div class="rte_zone tveditor1">
 0.118
</div>
</div>
</simpleChoice>
<simpleChoice identifier="alt_465450">
<div class="textblock tvblock tvcss_1"><div class="rte_zone tveditor1">
 0.1271
</div>
</div>
</simpleChoice>
</choiceInteraction>
</itemBody>
<responseProcessing>
<responseCondition>
<responseIf>
<isNull>
<variable identifier="RESPONSE"/>
</isNull>
<setOutcomeValue identifier="SCORE">
<baseValue baseType="float">0.0</baseValue>
</setOutcomeValue>
<setOutcomeValue identifier="FEEDBACK">
<baseValue baseType="identifier">FAILURE</baseValue>
</setOutcomeValue>
</responseIf>
<responseElse>
<setOutcomeValue identifier="SCORE">
<mapResponse identifier="RESPONSE"/>
</setOutcomeValue>
<responseCondition>
<responseIf>
<equal toleranceMode="relative" tolerance="0.001">
<variable identifier="SCORE"/>
<variable identifier="MAXSCORE"/>
</equal>
<setOutcomeValue identifier="FEEDBACK">
<baseValue baseType="identifier">ANSWER_CORRECT</baseValue>
</setOutcomeValue>
</responseIf>
<responseElse>
<setOutcomeValue identifier="FEEDBACK">
<baseValue baseType="identifier">FAILURE</baseValue>
</setOutcomeValue>
</responseElse>
</responseCondition>
</responseElse>
</responseCondition>
</responseProcessing>
<modalFeedback identifier="FAILURE" outcomeIdentifier="FEEDBACK" showHide="show">
<div class="textblock tvblock tvcss_1"><div class="rte_zone tveditor1">
<ul>
<li> 0.1102 <br /> 0.1102: Incorrect </li>
<li> 0.118 <br /> 0.118: Correct </li>
<li> 0.1271 <br /> 0.1271: Incorrect </li>
</ul>
</div>
</div>
</modalFeedback>
<modalFeedback identifier="ANSWER_CORRECT" outcomeIdentifier="FEEDBACK" showHide="show">
<div class="textblock tvblock tvcss_1"><div class="rte_zone tveditor1">
<ul>
<li> 0.1102 <br /> 0.1102: Incorrect </li>
<li> 0.118 <br /> 0.118: Correct </li>
<li> 0.1271 <br /> 0.1271: Incorrect </li>
</ul>
</div>
</div>
</modalFeedback>
<modalFeedback identifier="PARTIAL_CORRECT" outcomeIdentifier="FEEDBACK" showHide="show">
<div class="textblock tvblock tvcss_1"><div class="rte_zone tveditor1">
<ul>
<li> 0.1102 <br /> 0.1102: Incorrect </li>
<li> 0.118 <br /> 0.118: Correct </li>
<li> 0.1271 <br /> 0.1271: Incorrect </li>
</ul>
</div>
</div>
</modalFeedback>
</assessmentItem>
