<?xml version="1.0" encoding="UTF-8"?>
<assessmentItem xsi:schemaLocation="http://www.imsglobal.org/xsd/imsqti_v2p1 http://www.imsglobal.org/xsd/qti/qtiv2p1/imsqti_v2p1p1.xsd http://www.w3.org/1998/Math/MathML http://www.w3.org/Math/XMLSchema/mathml2/mathml2.xsd" identifier="uu-Two-sided-hypothesis-801-nl-ans_678635533_section_1_item_1_schoice" title="Inferential_Statistics_uu-Two-sided-hypothesis-801-nl_uu-Two-sided-hypothesis-801-nl_schoice_1" adaptive="false" timeDependent="false" xmlns="http://www.imsglobal.org/xsd/imsqti_v2p1" xmlns:xsi="http://www.w3.org/2001/XMLSchema-instance">
<responseDeclaration identifier="uu-Two-sided-hypothesis-801-nl-ans_678635533_section_1_item_1_schoice_RESPONSE_1_9879771" cardinality="single" baseType="identifier">
<correctResponse>
<value>uu-Two-sided-hypothesis-801-nl-ans_678635533_section_1_item_1_schoice_1_4443763819</value>
</correctResponse>
<mapping defaultValue="0" lowerBound="0.0">
<mapEntry mapKey="uu-Two-sided-hypothesis-801-nl-ans_678635533_section_1_item_1_schoice_1_4443763819" mappedValue="1"/>
<mapEntry mapKey="uu-Two-sided-hypothesis-801-nl-ans_678635533_section_1_item_1_schoice_2_8447271336" mappedValue="0"/>
<mapEntry mapKey="uu-Two-sided-hypothesis-801-nl-ans_678635533_section_1_item_1_schoice_3_6610869898" mappedValue="0"/>
<mapEntry mapKey="uu-Two-sided-hypothesis-801-nl-ans_678635533_section_1_item_1_schoice_4_1833453710" mappedValue="0"/>
</mapping>
</responseDeclaration>
<outcomeDeclaration identifier="SCORE" cardinality="single" baseType="float" normalMaximum="1" normalMinimum="0">
<defaultValue>
<value>0.0</value>
</defaultValue>
</outcomeDeclaration>
<outcomeDeclaration identifier="MAXSCORE" cardinality="single" baseType="float">
<defaultValue>
<value>1</value>
</defaultValue>
</outcomeDeclaration>
<outcomeDeclaration identifier="FEEDBACKBASIC" cardinality="single" baseType="identifier" view="testConstructor">
<defaultValue>
<value>empty</value>
</defaultValue>
</outcomeDeclaration>
<outcomeDeclaration identifier="FEEDBACKMODAL" cardinality="multiple" baseType="identifier" view="testConstructor"/>
<outcomeDeclaration identifier="SOLUTIONMODAL" cardinality="single" baseType="identifier" view="testConstructor"/>
<outcomeDeclaration identifier="MINSCORE" cardinality="single" baseType="float">
<defaultValue>
<value baseType="float">0</value>
</defaultValue>
</outcomeDeclaration>
<outcomeDeclaration identifier="SCORE_RESPONSE_1" cardinality="single" baseType="float">
<defaultValue>
<value>0.0</value>
</defaultValue>
</outcomeDeclaration>
<outcomeDeclaration identifier="MINSCORE_RESPONSE_1" cardinality="single" baseType="float">
<defaultValue>
<value>0.0</value>
</defaultValue>
</outcomeDeclaration>
<itemBody>
<p>Een onderzoeker wil twee onafhankelijke groepen (voltijdstudenten en deeltijdstudenten) vergelijken op de verdeling van hun scores op een practicum. Hij beschouwt de scores als gemeten op ordinaal meetniveau. De nulhypothese is dat de twee verdelingen hetzelfde zijn.</p>
<p>Groep 1: 2, 3, 4, 4, 6
Groep 2: 5, 6, 7, 8, 9</p>
<p>Als er tweezijdig wordt getoetst op 5% dan:</p>
<choiceInteraction responseIdentifier="uu-Two-sided-hypothesis-801-nl-ans_678635533_section_1_item_1_schoice_RESPONSE_1_9879771" shuffle="false" maxChoices="1">
<simpleChoice identifier="uu-Two-sided-hypothesis-801-nl-ans_678635533_section_1_item_1_schoice_1_4443763819">
<p>
 moet H0 worden verworpen want Uobt &lt; Ucrit
</p>
</simpleChoice>
<simpleChoice identifier="uu-Two-sided-hypothesis-801-nl-ans_678635533_section_1_item_1_schoice_2_8447271336">
<p>
 moet H0 worden verworpen want Uobt &gt; Ucrit
</p>
</simpleChoice>
<simpleChoice identifier="uu-Two-sided-hypothesis-801-nl-ans_678635533_section_1_item_1_schoice_3_6610869898">
<p>
 moet H0 niet worden verworpen want Uobt &lt; Ucrit
</p>
</simpleChoice>
<simpleChoice identifier="uu-Two-sided-hypothesis-801-nl-ans_678635533_section_1_item_1_schoice_4_1833453710">
<p>
 moet H0 niet worden verworpen want Uobt &gt; Ucrit
</p>
</simpleChoice>
</choiceInteraction>
</itemBody>
<responseProcessing>
<setOutcomeValue identifier="SCORE_RESPONSE_1">
<sum>
<variable identifier="SCORE_RESPONSE_1"/>
<mapResponse identifier="uu-Two-sided-hypothesis-801-nl-ans_678635533_section_1_item_1_schoice_RESPONSE_1_9879771"/>
</sum>
</setOutcomeValue>
<responseCondition>
<responseIf>
<lt>
<variable identifier="SCORE_RESPONSE_1"/>
<variable identifier="MINSCORE_RESPONSE_1"/>
</lt>
<setOutcomeValue identifier="SCORE_RESPONSE_1">
<variable identifier="MINSCORE_RESPONSE_1"/>
</setOutcomeValue>
</responseIf>
</responseCondition>
<responseCondition>
<responseIf>
<isNull>
<variable identifier="uu-Two-sided-hypothesis-801-nl-ans_678635533_section_1_item_1_schoice_RESPONSE_1_9879771"/>
</isNull>
<setOutcomeValue identifier="SCORE_RESPONSE_1">
<sum>
<variable identifier="SCORE_RESPONSE_1"/>
<baseValue baseType="float">0</baseValue>
</sum>
</setOutcomeValue>
</responseIf>
</responseCondition>
<setOutcomeValue identifier="SCORE">
<sum>
<variable identifier="SCORE_RESPONSE_1"/>
</sum>
</setOutcomeValue>
<responseCondition>
<responseIf>
<lt>
<variable identifier="SCORE"/>
<variable identifier="MINSCORE"/>
</lt>
<setOutcomeValue identifier="SCORE">
<variable identifier="MINSCORE"/>
</setOutcomeValue>
</responseIf>
</responseCondition>
<responseCondition>
<responseIf>
<lt>
<variable identifier="SCORE"/>
<baseValue baseType="float">1</baseValue>
</lt>
<setOutcomeValue identifier="FEEDBACKMODAL">
<multiple>
<variable identifier="FEEDBACKMODAL"/>
<baseValue baseType="identifier">Feedback116119350</baseValue>
</multiple>
</setOutcomeValue>
</responseIf>
</responseCondition>
</responseProcessing>
<modalFeedback outcomeIdentifier="FEEDBACK" showHide="show" identifier="incorrect">
<ul>
<li> moet H0 worden verworpen want Uobt &lt; Ucrit <br /> Dit antwoord is correct. </li>
<li> moet H0 worden verworpen want Uobt &gt; Ucrit <br /> Dit antwoord is incorrect. </li>
<li> moet H0 niet worden verworpen want Uobt &lt; Ucrit <br /> Dit antwoord is incorrect. </li>
<li> moet H0 niet worden verworpen want Uobt &gt; Ucrit <br /> Dit antwoord is incorrect. </li>
</ul>
</modalFeedback>
</assessmentItem>
