<?xml version="1.0" encoding="utf-8" standalone="yes"?>
<assessmentItem identifier="vufgb-fstatistic-005-nl-tv_202601131823_item_1_schoice" title="vufgb-fstatistic-005-nl-tv_202601131823_item_1_schoice_vufgb-fstatistic-005-nl" adaptive="false" timeDependent="false" toolName="Testvision Online" toolVersion="39.0.9084" xmlns="http://www.imsglobal.org/xsd/imsqti_v2p1">
<responseDeclaration identifier="RESPONSE" cardinality="single" baseType="identifier">
<correctResponse>
<value>alt_905204</value>
</correctResponse>
<mapping defaultValue="0" lowerBound="0.0">
<mapEntry mapKey="alt_275767" mappedValue="-0.333333333333333"/>
<mapEntry mapKey="alt_752553" mappedValue="-0.333333333333333"/>
<mapEntry mapKey="alt_872926" mappedValue="-0.333333333333333"/>
<mapEntry mapKey="alt_905204" mappedValue="1"/>
</mapping>
</responseDeclaration>
<outcomeDeclaration identifier="SCORE" cardinality="single" baseType="float" normalMaximum="1" normalMinimum="0" />
<outcomeDeclaration identifier="FEEDBACK" cardinality="single" baseType="identifier" />
<stylesheet href="css/vufgb-fstatistic-005-nl-tv_202601131823_item_1_schoice.css" type="text/css" />
<itemBody>
<p>Gegeven is de volgende situatie. In studie A zijn er drie groepen met in totaal 31 deelnemers. In studie B zijn er vier groepen met een onbekend aantal deelnemers. Bij hoeveel deelnemers in studie B zal bij een <math display="inline" xmlns="http://www.w3.org/1998/Math/MathML"><semantics><mi>α</mi><annotation encoding="application/x-tex">\alpha</annotation></semantics></math> van 5% op twee decimalen nauwkeurig de kritieke waarde van de F -toets in beide studies hetzelfde zijn?</p>
<choiceInteraction responseIdentifier="RESPONSE" shuffle="false" maxChoices="1">
<simpleChoice identifier="alt_275767">
<div class="textblock tvblock tvcss_1"><div class="rte_zone tveditor1">
 15 deelnemers
</div>
</div>
</simpleChoice>
<simpleChoice identifier="alt_752553">
<div class="textblock tvblock tvcss_1"><div class="rte_zone tveditor1">
 16 deelnemers
</div>
</div>
</simpleChoice>
<simpleChoice identifier="alt_872926">
<div class="textblock tvblock tvcss_1"><div class="rte_zone tveditor1">
 17 deelnemers
</div>
</div>
</simpleChoice>
<simpleChoice identifier="alt_905204">
<div class="textblock tvblock tvcss_1"><div class="rte_zone tveditor1">
 18 deelnemers
</div>
</div>
</simpleChoice>
</choiceInteraction>
</itemBody>
<responseProcessing>
<responseCondition>
<responseIf>
<isNull>
<variable identifier="RESPONSE"/>
</isNull>
<setOutcomeValue identifier="SCORE">
<baseValue baseType="float">0.0</baseValue>
</setOutcomeValue>
<setOutcomeValue identifier="FEEDBACK">
<baseValue baseType="identifier">FAILURE</baseValue>
</setOutcomeValue>
</responseIf>
<responseElse>
<setOutcomeValue identifier="SCORE">
<mapResponse identifier="RESPONSE"/>
</setOutcomeValue>
<responseCondition>
<responseIf>
<equal toleranceMode="relative" tolerance="0.001">
<variable identifier="SCORE"/>
<variable identifier="MAXSCORE"/>
</equal>
<setOutcomeValue identifier="FEEDBACK">
<baseValue baseType="identifier">ANSWER_CORRECT</baseValue>
</setOutcomeValue>
</responseIf>
<responseElse>
<setOutcomeValue identifier="FEEDBACK">
<baseValue baseType="identifier">FAILURE</baseValue>
</setOutcomeValue>
</responseElse>
</responseCondition>
</responseElse>
</responseCondition>
</responseProcessing>
<modalFeedback identifier="FAILURE" outcomeIdentifier="FEEDBACK" showHide="show">
<div class="textblock tvblock tvcss_1"><div class="rte_zone tveditor1">
<ul>
<li> 15 deelnemers <br /> Incorrect </li>
<li> 16 deelnemers <br /> Incorrect </li>
<li> 17 deelnemers <br /> Incorrect </li>
<li> 18 deelnemers <br /> Correct </li>
</ul>
</div>
</div>
</modalFeedback>
<modalFeedback identifier="ANSWER_CORRECT" outcomeIdentifier="FEEDBACK" showHide="show">
<div class="textblock tvblock tvcss_1"><div class="rte_zone tveditor1">
<ul>
<li> 15 deelnemers <br /> Incorrect </li>
<li> 16 deelnemers <br /> Incorrect </li>
<li> 17 deelnemers <br /> Incorrect </li>
<li> 18 deelnemers <br /> Correct </li>
</ul>
</div>
</div>
</modalFeedback>
<modalFeedback identifier="PARTIAL_CORRECT" outcomeIdentifier="FEEDBACK" showHide="show">
<div class="textblock tvblock tvcss_1"><div class="rte_zone tveditor1">
<ul>
<li> 15 deelnemers <br /> Incorrect </li>
<li> 16 deelnemers <br /> Incorrect </li>
<li> 17 deelnemers <br /> Incorrect </li>
<li> 18 deelnemers <br /> Correct </li>
</ul>
</div>
</div>
</modalFeedback>
</assessmentItem>
