<?xml version="1.0" encoding="utf-8" standalone="yes"?>
<assessmentItem identifier="uva-anova-171-nl-tv_202601131820_item_1_schoice" title="uva-anova-171-nl-tv_202601131820_item_1_schoice_uva-anova-171-nl" adaptive="false" timeDependent="false" toolName="Testvision Online" toolVersion="39.0.9084" xmlns="http://www.imsglobal.org/xsd/imsqti_v2p1">
<responseDeclaration identifier="RESPONSE" cardinality="single" baseType="identifier">
<correctResponse>
<value>alt_147026</value>
</correctResponse>
<mapping defaultValue="0" lowerBound="0.0">
<mapEntry mapKey="alt_147026" mappedValue="1"/>
<mapEntry mapKey="alt_106606" mappedValue="-0.5"/>
<mapEntry mapKey="alt_164554" mappedValue="-0.5"/>
</mapping>
</responseDeclaration>
<outcomeDeclaration identifier="SCORE" cardinality="single" baseType="float" normalMaximum="1" normalMinimum="0" />
<outcomeDeclaration identifier="FEEDBACK" cardinality="single" baseType="identifier" />
<stylesheet href="css/uva-anova-171-nl-tv_202601131820_item_1_schoice.css" type="text/css" />
<itemBody>
<p>Om de werking van drie verschillende medicijnen te onderzoeken, wordt
een onderzoek opgezet. De onderzoeker stelt daartoe drie
betrouwbaarheidsintervallen op voor de mogelijke vergelijking van de
drie medicijnen. Het betrouwbaarheidsniveau wil de onderzoeker voor alle
vergelijkingen op minimaal 95% houden. Dit is een voorbeeld van</p>
<choiceInteraction responseIdentifier="RESPONSE" shuffle="false" maxChoices="1">
<simpleChoice identifier="alt_147026">
<div class="textblock tvblock tvcss_1"><div class="rte_zone tveditor1">
 ‘multiple comparison’
</div>
</div>
</simpleChoice>
<simpleChoice identifier="alt_106606">
<div class="textblock tvblock tvcss_1"><div class="rte_zone tveditor1">
 ‘multiple correlation’
</div>
</div>
</simpleChoice>
<simpleChoice identifier="alt_164554">
<div class="textblock tvblock tvcss_1"><div class="rte_zone tveditor1">
 ‘multiple regression’
</div>
</div>
</simpleChoice>
</choiceInteraction>
</itemBody>
<responseProcessing>
<responseCondition>
<responseIf>
<isNull>
<variable identifier="RESPONSE"/>
</isNull>
<setOutcomeValue identifier="SCORE">
<baseValue baseType="float">0.0</baseValue>
</setOutcomeValue>
<setOutcomeValue identifier="FEEDBACK">
<baseValue baseType="identifier">FAILURE</baseValue>
</setOutcomeValue>
</responseIf>
<responseElse>
<setOutcomeValue identifier="SCORE">
<mapResponse identifier="RESPONSE"/>
</setOutcomeValue>
<responseCondition>
<responseIf>
<equal toleranceMode="relative" tolerance="0.001">
<variable identifier="SCORE"/>
<variable identifier="MAXSCORE"/>
</equal>
<setOutcomeValue identifier="FEEDBACK">
<baseValue baseType="identifier">ANSWER_CORRECT</baseValue>
</setOutcomeValue>
</responseIf>
<responseElse>
<setOutcomeValue identifier="FEEDBACK">
<baseValue baseType="identifier">FAILURE</baseValue>
</setOutcomeValue>
</responseElse>
</responseCondition>
</responseElse>
</responseCondition>
</responseProcessing>
<modalFeedback identifier="FAILURE" outcomeIdentifier="FEEDBACK" showHide="show">
<div class="textblock tvblock tvcss_1"><div class="rte_zone tveditor1">
<ul>
<li> ‘multiple comparison’ <br /> ‘multiple comparison’: Correct </li>
<li> ‘multiple correlation’ <br /> ‘multiple correlation’: Incorrect </li>
<li> ‘multiple regression’ <br /> ‘multiple regression’: Incorrect </li>
</ul>
</div>
</div>
</modalFeedback>
<modalFeedback identifier="ANSWER_CORRECT" outcomeIdentifier="FEEDBACK" showHide="show">
<div class="textblock tvblock tvcss_1"><div class="rte_zone tveditor1">
<ul>
<li> ‘multiple comparison’ <br /> ‘multiple comparison’: Correct </li>
<li> ‘multiple correlation’ <br /> ‘multiple correlation’: Incorrect </li>
<li> ‘multiple regression’ <br /> ‘multiple regression’: Incorrect </li>
</ul>
</div>
</div>
</modalFeedback>
<modalFeedback identifier="PARTIAL_CORRECT" outcomeIdentifier="FEEDBACK" showHide="show">
<div class="textblock tvblock tvcss_1"><div class="rte_zone tveditor1">
<ul>
<li> ‘multiple comparison’ <br /> ‘multiple comparison’: Correct </li>
<li> ‘multiple correlation’ <br /> ‘multiple correlation’: Incorrect </li>
<li> ‘multiple regression’ <br /> ‘multiple regression’: Incorrect </li>
</ul>
</div>
</div>
</modalFeedback>
</assessmentItem>
