<?xml version="1.0" encoding="utf-8" standalone="yes"?>
<assessmentItem identifier="uu-Descriptive-statistics-602-nl-tv_202307180606_item_1_cloze" title="uu-Descriptive-statistics-602-nl-tv_202307180606_item_1_cloze_uu-Descriptive-statistics-602-nl.rmd" adaptive="false" timeDependent="false" toolName="Testvision Online" toolVersion="39.0.9084" xmlns="http://www.imsglobal.org/xsd/imsqti_v2p1">
<responseDeclaration identifier="RESPONSE" cardinality="multiple">
<correctResponse>
<value fieldIdentifier="alt_8964" baseType="float">198</value>
<value fieldIdentifier="alt_8964" baseType="float">198;198</value>
<value fieldIdentifier="alt_8028" baseType="float">10.8629</value>
<value fieldIdentifier="alt_8028" baseType="float">10.8629;10.8629</value>
<value fieldIdentifier="alt_8022" baseType="float">4</value>
<value fieldIdentifier="alt_8022" baseType="float">4;4</value>
<value fieldIdentifier="alt_9699" baseType="float">38</value>
<value fieldIdentifier="alt_9699" baseType="float">38;38</value>
</correctResponse>
<mapping defaultValue="0">
<mapEntry mapKey="alt_8964" mappedValue="0.25" />
<mapEntry mapKey="alt_8028" mappedValue="0.25" />
<mapEntry mapKey="alt_8022" mappedValue="0.25" />
<mapEntry mapKey="alt_9699" mappedValue="0.25" />
</mapping>
</responseDeclaration>
<outcomeDeclaration identifier="SCORE" cardinality="single" baseType="float" normalMaximum="1" normalMinimum="0" />
<outcomeDeclaration identifier="FEEDBACK" cardinality="single" baseType="identifier" />
<itemBody>
<p><strong>Download</strong>: <a href="mediafiles/supplements1/uu-Descriptive-statistics-602-nl-data.sav">SPSS file</a>, <a href="mediafiles/supplements1/uu-Descriptive-statistics-602-nl-data.csv">CSV file</a></p>
<p>Open het databestand.</p>
<p><strong>Beantwoord iedere vraag met alle decimalen die in de output vermeld staan.</strong></p>
<div class="interactieblok">
<div class="textblock tvblock tvcss_1"><div class="rte_zone tveditor1">
a. Het aantal respondenten waarvan de score op begrijpend lezen bekend is, is…
<textEntryInteraction class="multipleinput" id="alt_8964" responseIdentifier="RESPONSE" expectedLength="12" />
</div>
</div>
<div class="textblock tvblock tvcss_1"><div class="rte_zone tveditor1">
b. De gemiddelde score op woordenschat is…
<textEntryInteraction class="multipleinput" id="alt_8028" responseIdentifier="RESPONSE" expectedLength="12" />
</div>
</div>
<div class="textblock tvblock tvcss_1"><div class="rte_zone tveditor1">
c. De minimaal behaalde score op grammatica is…
<textEntryInteraction class="multipleinput" id="alt_8022" responseIdentifier="RESPONSE" expectedLength="12" />
</div>
</div>
<div class="textblock tvblock tvcss_1"><div class="rte_zone tveditor1">
d. De modus van spelling is…
<textEntryInteraction class="multipleinput" id="alt_9699" responseIdentifier="RESPONSE" expectedLength="12" />
</div>
</div>
</div>
</itemBody>
<responseProcessing>
<responseCondition>
<responseIf>
<isNull>
<variable identifier="RESPONSE"/>
</isNull>
<setOutcomeValue identifier="SCORE">
<baseValue baseType="float">0.0</baseValue>
</setOutcomeValue>
<setOutcomeValue identifier="FEEDBACK">
<baseValue baseType="identifier">FAILURE</baseValue>
</setOutcomeValue>
</responseIf>
<responseElse>
<setOutcomeValue identifier="SCORE">
<mapResponse identifier="RESPONSE"/>
</setOutcomeValue>
<responseCondition>
<responseIf>
<equal toleranceMode="relative" tolerance="0.001">
<variable identifier="SCORE"/>
<variable identifier="MAXSCORE"/>
</equal>
<setOutcomeValue identifier="SCORE">
<baseValue baseType="float">1</baseValue>
</setOutcomeValue>
</responseIf>
</responseCondition>
<responseCondition>
<responseIf>
<equal toleranceMode="relative" tolerance="0.001">
<variable identifier="SCORE"/>
<variable identifier="MAXSCORE"/>
</equal>
<setOutcomeValue identifier="FEEDBACK">
<baseValue baseType="identifier">ANSWER_CORRECT</baseValue>
</setOutcomeValue>
</responseIf>
<responseElse>
<setOutcomeValue identifier="FEEDBACK">
<baseValue baseType="identifier">FAILURE</baseValue>
</setOutcomeValue>
</responseElse>
</responseCondition>
</responseElse>
</responseCondition>
</responseProcessing>
<modalFeedback identifier="FAILURE" outcomeIdentifier="FEEDBACK" showHide="show">
<div class="textblock tvblock tvcss_1"><div class="rte_zone tveditor1">
<ol>
<li> Het aantal respondenten waarvan de score op begrijpend lezen bekend is, is… <br /> Answer: 198 </li>
<li> De gemiddelde score op woordenschat is… <br /> Answer: 10.8629 </li>
<li> De minimaal behaalde score op grammatica is… <br /> Answer: 4.00 </li>
<li> De modus van spelling is… <br /> Answer: 38.00 </li>
</ol>
</div>
</div>
</modalFeedback>
<modalFeedback identifier="ANSWER_CORRECT" outcomeIdentifier="FEEDBACK" showHide="show">
<div class="textblock tvblock tvcss_1"><div class="rte_zone tveditor1">
<ol>
<li> Het aantal respondenten waarvan de score op begrijpend lezen bekend is, is… <br /> Answer: 198 </li>
<li> De gemiddelde score op woordenschat is… <br /> Answer: 10.8629 </li>
<li> De minimaal behaalde score op grammatica is… <br /> Answer: 4.00 </li>
<li> De modus van spelling is… <br /> Answer: 38.00 </li>
</ol>
</div>
</div>
</modalFeedback>
<modalFeedback identifier="PARTIAL_CORRECT" outcomeIdentifier="FEEDBACK" showHide="show">
<div class="textblock tvblock tvcss_1"><div class="rte_zone tveditor1">
<ol>
<li> Het aantal respondenten waarvan de score op begrijpend lezen bekend is, is… <br /> Answer: 198 </li>
<li> De gemiddelde score op woordenschat is… <br /> Answer: 10.8629 </li>
<li> De minimaal behaalde score op grammatica is… <br /> Answer: 4.00 </li>
<li> De modus van spelling is… <br /> Answer: 38.00 </li>
</ol>
</div>
</div>
</modalFeedback>
</assessmentItem>
