<?xml version="1.0" encoding="utf-8" standalone="yes"?>
<assessmentItem identifier="vufgb-measuresofspread-001-nl_-tv_202211071547_item_1_schoice" title="vufgb-measuresofspread-001-nl_-tv_202211071547_item_1_schoice_vufgb-measuresofspread-001-nl" adaptive="false" timeDependent="false" toolName="Testvision Online" toolVersion="39.0.9084" xmlns="http://www.imsglobal.org/xsd/imsqti_v2p1">
<responseDeclaration identifier="RESPONSE" cardinality="single" baseType="identifier">
<correctResponse>
<value>alt_273708</value>
</correctResponse>
<mapping defaultValue="0" lowerBound="0.0">
<mapEntry mapKey="alt_530033" mappedValue="-0.333333333333333"/>
<mapEntry mapKey="alt_273708" mappedValue="1"/>
<mapEntry mapKey="alt_855701" mappedValue="-0.333333333333333"/>
<mapEntry mapKey="alt_790876" mappedValue="-0.333333333333333"/>
</mapping>
</responseDeclaration>
<outcomeDeclaration identifier="SCORE" cardinality="single" baseType="float" normalMaximum="1" normalMinimum="0" />
<outcomeDeclaration identifier="FEEDBACK" cardinality="single" baseType="identifier" />
<itemBody>
<p>Gegeven zijn drie histogrammen. In welk histogram is de spreiding het grootst?</p>
<p><img src="mediafiles/supplements1/vufgb-measuresofspread-001-nl-graph-01.png" alt="image"/></p>
<choiceInteraction responseIdentifier="RESPONSE" shuffle="false" maxChoices="1">
<simpleChoice identifier="alt_530033">
<div class="textblock tvblock tvcss_1"><div class="rte_zone tveditor1">
 Histogram (a).
</div>
</div>
</simpleChoice>
<simpleChoice identifier="alt_273708">
<div class="textblock tvblock tvcss_1"><div class="rte_zone tveditor1">
 Histogram (b).
</div>
</div>
</simpleChoice>
<simpleChoice identifier="alt_855701">
<div class="textblock tvblock tvcss_1"><div class="rte_zone tveditor1">
 Histogram (c).
</div>
</div>
</simpleChoice>
<simpleChoice identifier="alt_790876">
<div class="textblock tvblock tvcss_1"><div class="rte_zone tveditor1">
 De spreiding is in alle drie de histogrammen hetzelfde.
</div>
</div>
</simpleChoice>
</choiceInteraction>
</itemBody>
<responseProcessing>
<responseCondition>
<responseIf>
<isNull>
<variable identifier="RESPONSE"/>
</isNull>
<setOutcomeValue identifier="SCORE">
<baseValue baseType="float">0.0</baseValue>
</setOutcomeValue>
<setOutcomeValue identifier="FEEDBACK">
<baseValue baseType="identifier">FAILURE</baseValue>
</setOutcomeValue>
</responseIf>
<responseElse>
<setOutcomeValue identifier="SCORE">
<mapResponse identifier="RESPONSE"/>
</setOutcomeValue>
<responseCondition>
<responseIf>
<equal toleranceMode="relative" tolerance="0.001">
<variable identifier="SCORE"/>
<variable identifier="MAXSCORE"/>
</equal>
<setOutcomeValue identifier="FEEDBACK">
<baseValue baseType="identifier">ANSWER_CORRECT</baseValue>
</setOutcomeValue>
</responseIf>
<responseElse>
<setOutcomeValue identifier="FEEDBACK">
<baseValue baseType="identifier">FAILURE</baseValue>
</setOutcomeValue>
</responseElse>
</responseCondition>
</responseElse>
</responseCondition>
</responseProcessing>
<modalFeedback identifier="FAILURE" outcomeIdentifier="FEEDBACK" showHide="show">
<div class="textblock tvblock tvcss_1"><div class="rte_zone tveditor1">
 Histogram (a). <br /> Incorrect 
 Histogram (b). <br /> Correct 
 Histogram (c). <br /> Incorrect 
 De spreiding is in alle drie de histogrammen hetzelfde. <br /> Incorrect 
</div>
</div>
</modalFeedback>
<modalFeedback identifier="ANSWER_CORRECT" outcomeIdentifier="FEEDBACK" showHide="show">
<div class="textblock tvblock tvcss_1"><div class="rte_zone tveditor1">
 Histogram (a). <br /> Incorrect 
 Histogram (b). <br /> Correct 
 Histogram (c). <br /> Incorrect 
 De spreiding is in alle drie de histogrammen hetzelfde. <br /> Incorrect 
</div>
</div>
</modalFeedback>
<modalFeedback identifier="PARTIAL_CORRECT" outcomeIdentifier="FEEDBACK" showHide="show">
<div class="textblock tvblock tvcss_1"><div class="rte_zone tveditor1">
 Histogram (a). <br /> Incorrect 
 Histogram (b). <br /> Correct 
 Histogram (c). <br /> Incorrect 
 De spreiding is in alle drie de histogrammen hetzelfde. <br /> Incorrect 
</div>
</div>
</modalFeedback>
</assessmentItem>
