<?xml version="1.0" encoding="utf-8" standalone="yes"?>
<assessmentItem identifier="uva-elementary-probability-1098-en-tv_202510071722_item_1_schoice" title="uva-elementary-probability-1098-en-tv_202510071722_item_1_schoice_uva-elementary-probability-1098-en" adaptive="false" timeDependent="false" toolName="Testvision Online" toolVersion="39.0.9084" xmlns="http://www.imsglobal.org/xsd/imsqti_v2p1">
<responseDeclaration identifier="RESPONSE" cardinality="single" baseType="identifier">
<correctResponse>
<value>alt_843244</value>
</correctResponse>
<mapping defaultValue="0" lowerBound="0.0">
<mapEntry mapKey="alt_917460" mappedValue="-0.333333333333333"/>
<mapEntry mapKey="alt_673791" mappedValue="-0.333333333333333"/>
<mapEntry mapKey="alt_198851" mappedValue="-0.333333333333333"/>
<mapEntry mapKey="alt_843244" mappedValue="1"/>
</mapping>
</responseDeclaration>
<outcomeDeclaration identifier="SCORE" cardinality="single" baseType="float" normalMaximum="1" normalMinimum="0" />
<outcomeDeclaration identifier="FEEDBACK" cardinality="single" baseType="identifier" />
<stylesheet href="css/uva-elementary-probability-1098-en-tv_202510071722_item_1_schoice.css" type="text/css" />
<itemBody>
<p>There are 190 students who are asked to choose a “lucky” number choose from 1 through 10. The table below shows the numbers of students for each number chosen.â<br />
</p>
<p>———— — — —- —- —- —- —- —- —- —- ——– Number 1 2 3 4 5 6 7 8 9 10 Total Frequency 2 9 22 21 18 23 56 19 14 6 190 ———— — — —- —- —- —- —- —- —- —- ——–</p>
<p> So what is the probability that someone chose an odd number?</p>
<choiceInteraction responseIdentifier="RESPONSE" shuffle="false" maxChoices="1">
<simpleChoice identifier="alt_917460">
<div class="textblock tvblock tvcss_1"><div class="rte_zone tveditor1">
 0,1
</div>
</div>
</simpleChoice>
<simpleChoice identifier="alt_673791">
<div class="textblock tvblock tvcss_1"><div class="rte_zone tveditor1">
 0,19
</div>
</div>
</simpleChoice>
<simpleChoice identifier="alt_198851">
<div class="textblock tvblock tvcss_1"><div class="rte_zone tveditor1">
 0,50
</div>
</div>
</simpleChoice>
<simpleChoice identifier="alt_843244">
<div class="textblock tvblock tvcss_1"><div class="rte_zone tveditor1">
 0,589
</div>
</div>
</simpleChoice>
</choiceInteraction>
</itemBody>
<responseProcessing>
<responseCondition>
<responseIf>
<isNull>
<variable identifier="RESPONSE"/>
</isNull>
<setOutcomeValue identifier="SCORE">
<baseValue baseType="float">0.0</baseValue>
</setOutcomeValue>
<setOutcomeValue identifier="FEEDBACK">
<baseValue baseType="identifier">FAILURE</baseValue>
</setOutcomeValue>
</responseIf>
<responseElse>
<setOutcomeValue identifier="SCORE">
<mapResponse identifier="RESPONSE"/>
</setOutcomeValue>
<responseCondition>
<responseIf>
<equal toleranceMode="relative" tolerance="0.001">
<variable identifier="SCORE"/>
<variable identifier="MAXSCORE"/>
</equal>
<setOutcomeValue identifier="FEEDBACK">
<baseValue baseType="identifier">ANSWER_CORRECT</baseValue>
</setOutcomeValue>
</responseIf>
<responseElse>
<setOutcomeValue identifier="FEEDBACK">
<baseValue baseType="identifier">FAILURE</baseValue>
</setOutcomeValue>
</responseElse>
</responseCondition>
</responseElse>
</responseCondition>
</responseProcessing>
<modalFeedback identifier="FAILURE" outcomeIdentifier="FEEDBACK" showHide="show">
<div class="textblock tvblock tvcss_1"><div class="rte_zone tveditor1">
<ul>
<li> 0,1 <br /> 0.1: Incorrect </li>
<li> 0,19 <br /> 0.19: Incorrect </li>
<li> 0,50 <br /> 0.50: Incorrect </li>
<li> 0,589 <br /> 0.589: Correct </li>
</ul>
</div>
</div>
</modalFeedback>
<modalFeedback identifier="ANSWER_CORRECT" outcomeIdentifier="FEEDBACK" showHide="show">
<div class="textblock tvblock tvcss_1"><div class="rte_zone tveditor1">
<ul>
<li> 0,1 <br /> 0.1: Incorrect </li>
<li> 0,19 <br /> 0.19: Incorrect </li>
<li> 0,50 <br /> 0.50: Incorrect </li>
<li> 0,589 <br /> 0.589: Correct </li>
</ul>
</div>
</div>
</modalFeedback>
<modalFeedback identifier="PARTIAL_CORRECT" outcomeIdentifier="FEEDBACK" showHide="show">
<div class="textblock tvblock tvcss_1"><div class="rte_zone tveditor1">
<ul>
<li> 0,1 <br /> 0.1: Incorrect </li>
<li> 0,19 <br /> 0.19: Incorrect </li>
<li> 0,50 <br /> 0.50: Incorrect </li>
<li> 0,589 <br /> 0.589: Correct </li>
</ul>
</div>
</div>
</modalFeedback>
</assessmentItem>
