<?xml version="1.0" encoding="UTF-8"?>
<assessmentItem xsi:schemaLocation="http://www.imsglobal.org/xsd/imsqti_v2p1 http://www.imsglobal.org/xsd/qti/qtiv2p1/imsqti_v2p1p1.xsd http://www.w3.org/1998/Math/MathML http://www.w3.org/Math/XMLSchema/mathml2/mathml2.xsd" identifier="uva-probability-1142-nl-qti_913830945_section_1_item_1_schoice" title="1" adaptive="false" timeDependent="false" xmlns="http://www.imsglobal.org/xsd/imsqti_v2p1" xmlns:xsi="http://www.w3.org/2001/XMLSchema-instance">
<responseDeclaration identifier="uva-probability-1142-nl-qti_913830945_section_1_item_1_schoice_RESPONSE_1_9028209" cardinality="single" baseType="identifier">
<correctResponse>
<value>uva-probability-1142-nl-qti_913830945_section_1_item_1_schoice_3_6373464366</value>
</correctResponse>
<mapping defaultValue="0" lowerBound="0.0">
<mapEntry mapKey="uva-probability-1142-nl-qti_913830945_section_1_item_1_schoice_1_7768262028" mappedValue="0"/>
<mapEntry mapKey="uva-probability-1142-nl-qti_913830945_section_1_item_1_schoice_2_1606693815" mappedValue="0"/>
<mapEntry mapKey="uva-probability-1142-nl-qti_913830945_section_1_item_1_schoice_3_6373464366" mappedValue="1"/>
<mapEntry mapKey="uva-probability-1142-nl-qti_913830945_section_1_item_1_schoice_4_8910469131" mappedValue="0"/>
</mapping>
</responseDeclaration>
<outcomeDeclaration identifier="SCORE" cardinality="single" baseType="float" normalMaximum="1" normalMinimum="0">
<defaultValue>
<value>0.0</value>
</defaultValue>
</outcomeDeclaration>
<outcomeDeclaration identifier="MAXSCORE" cardinality="single" baseType="float">
<defaultValue>
<value>1</value>
</defaultValue>
</outcomeDeclaration>
<outcomeDeclaration identifier="FEEDBACKBASIC" cardinality="single" baseType="identifier" view="testConstructor">
<defaultValue>
<value>empty</value>
</defaultValue>
</outcomeDeclaration>
<outcomeDeclaration identifier="FEEDBACKMODAL" cardinality="multiple" baseType="identifier" view="testConstructor"/>
<outcomeDeclaration identifier="SOLUTIONMODAL" cardinality="single" baseType="identifier" view="testConstructor"/>
<outcomeDeclaration identifier="MINSCORE" cardinality="single" baseType="float">
<defaultValue>
<value baseType="float">0</value>
</defaultValue>
</outcomeDeclaration>
<outcomeDeclaration identifier="SCORE_RESPONSE_1" cardinality="single" baseType="float">
<defaultValue>
<value>0.0</value>
</defaultValue>
</outcomeDeclaration>
<outcomeDeclaration identifier="MINSCORE_RESPONSE_1" cardinality="single" baseType="float">
<defaultValue>
<value>0.0</value>
</defaultValue>
</outcomeDeclaration>
<itemBody>
<p>Een uitkomstenruimte bevat de getallen {1,4,5,7}. Welke waarde hoort op
de plaats van het vraagteken te staan?<br />
<br />
</p>
<table>
<tbody>
<tr class="odd">
<td align="left">k</td>
<td align="left">1</td>
<td align="left">4</td>
<td align="left">5</td>
<td align="left">7</td>
</tr>
<tr class="even">
<td align="left">P(<em>X</em>=k)</td>
<td align="left">1/6</td>
<td align="left">1/6</td>
<td align="left">1/6</td>
<td align="left">?</td>
</tr>
</tbody>
</table>
<choiceInteraction responseIdentifier="uva-probability-1142-nl-qti_913830945_section_1_item_1_schoice_RESPONSE_1_9028209" shuffle="false" maxChoices="1">
<simpleChoice identifier="uva-probability-1142-nl-qti_913830945_section_1_item_1_schoice_1_7768262028">
<p>
 1/6
</p>
</simpleChoice>
<simpleChoice identifier="uva-probability-1142-nl-qti_913830945_section_1_item_1_schoice_2_1606693815">
<p>
 2/6
</p>
</simpleChoice>
<simpleChoice identifier="uva-probability-1142-nl-qti_913830945_section_1_item_1_schoice_3_6373464366">
<p>
 3/6
</p>
</simpleChoice>
<simpleChoice identifier="uva-probability-1142-nl-qti_913830945_section_1_item_1_schoice_4_8910469131">
<p>
 1/4
</p>
</simpleChoice>
</choiceInteraction>
</itemBody>
<responseProcessing>
<setOutcomeValue identifier="SCORE_RESPONSE_1">
<sum>
<variable identifier="SCORE_RESPONSE_1"/>
<mapResponse identifier="uva-probability-1142-nl-qti_913830945_section_1_item_1_schoice_RESPONSE_1_9028209"/>
</sum>
</setOutcomeValue>
<responseCondition>
<responseIf>
<lt>
<variable identifier="SCORE_RESPONSE_1"/>
<variable identifier="MINSCORE_RESPONSE_1"/>
</lt>
<setOutcomeValue identifier="SCORE_RESPONSE_1">
<variable identifier="MINSCORE_RESPONSE_1"/>
</setOutcomeValue>
</responseIf>
</responseCondition>
<responseCondition>
<responseIf>
<isNull>
<variable identifier="uva-probability-1142-nl-qti_913830945_section_1_item_1_schoice_RESPONSE_1_9028209"/>
</isNull>
<setOutcomeValue identifier="SCORE_RESPONSE_1">
<sum>
<variable identifier="SCORE_RESPONSE_1"/>
<baseValue baseType="float">0</baseValue>
</sum>
</setOutcomeValue>
</responseIf>
</responseCondition>
<setOutcomeValue identifier="SCORE">
<sum>
<variable identifier="SCORE_RESPONSE_1"/>
</sum>
</setOutcomeValue>
<responseCondition>
<responseIf>
<lt>
<variable identifier="SCORE"/>
<variable identifier="MINSCORE"/>
</lt>
<setOutcomeValue identifier="SCORE">
<variable identifier="MINSCORE"/>
</setOutcomeValue>
</responseIf>
</responseCondition>
<responseCondition>
<responseIf>
<lt>
<variable identifier="SCORE"/>
<baseValue baseType="float">1</baseValue>
</lt>
<setOutcomeValue identifier="FEEDBACKMODAL">
<multiple>
<variable identifier="FEEDBACKMODAL"/>
<baseValue baseType="identifier">Feedback812395094</baseValue>
</multiple>
</setOutcomeValue>
</responseIf>
</responseCondition>
</responseProcessing>
<modalFeedback identifier="Feedback812395094" outcomeIdentifier="FEEDBACKMODAL" showHide="show">
<ul>
<li> 1/6 <br /> 1/6: Incorrect </li>
<li> 2/6 <br /> 2/6: Incorrect </li>
<li> 3/6 <br /> 3/6: Correct </li>
<li> 1/4 <br /> 1/4: Incorrect </li>
</ul>
</modalFeedback>
</assessmentItem>
