<?xml version="1.0" encoding="UTF-8"?>
<assessmentItem xsi:schemaLocation="http://www.imsglobal.org/xsd/imsqti_v2p1 http://www.imsglobal.org/xsd/qti/qtiv2p1/imsqti_v2p1p1.xsd http://www.w3.org/1998/Math/MathML http://www.w3.org/Math/XMLSchema/mathml2/mathml2.xsd" identifier="vufsw-mediation-0300-nl-qti_141499841_section_1_item_1_schoice" title="1" adaptive="false" timeDependent="false" xmlns="http://www.imsglobal.org/xsd/imsqti_v2p1" xmlns:xsi="http://www.w3.org/2001/XMLSchema-instance">
<responseDeclaration identifier="vufsw-mediation-0300-nl-qti_141499841_section_1_item_1_schoice_RESPONSE_1_6250803" cardinality="single" baseType="identifier">
<correctResponse>
<value>vufsw-mediation-0300-nl-qti_141499841_section_1_item_1_schoice_4_8868668924</value>
</correctResponse>
<mapping defaultValue="0" lowerBound="0.0">
<mapEntry mapKey="vufsw-mediation-0300-nl-qti_141499841_section_1_item_1_schoice_1_7806124067" mappedValue="0"/>
<mapEntry mapKey="vufsw-mediation-0300-nl-qti_141499841_section_1_item_1_schoice_2_3397014870" mappedValue="0"/>
<mapEntry mapKey="vufsw-mediation-0300-nl-qti_141499841_section_1_item_1_schoice_3_3363516228" mappedValue="0"/>
<mapEntry mapKey="vufsw-mediation-0300-nl-qti_141499841_section_1_item_1_schoice_4_8868668924" mappedValue="1"/>
<mapEntry mapKey="vufsw-mediation-0300-nl-qti_141499841_section_1_item_1_schoice_5_1344615472" mappedValue="0"/>
<mapEntry mapKey="vufsw-mediation-0300-nl-qti_141499841_section_1_item_1_schoice_6_7125987453" mappedValue="0"/>
<mapEntry mapKey="vufsw-mediation-0300-nl-qti_141499841_section_1_item_1_schoice_7_9914273106" mappedValue="0"/>
<mapEntry mapKey="vufsw-mediation-0300-nl-qti_141499841_section_1_item_1_schoice_8_9597706754" mappedValue="0"/>
</mapping>
</responseDeclaration>
<outcomeDeclaration identifier="SCORE" cardinality="single" baseType="float" normalMaximum="1" normalMinimum="0">
<defaultValue>
<value>0.0</value>
</defaultValue>
</outcomeDeclaration>
<outcomeDeclaration identifier="MAXSCORE" cardinality="single" baseType="float">
<defaultValue>
<value>1</value>
</defaultValue>
</outcomeDeclaration>
<outcomeDeclaration identifier="FEEDBACKBASIC" cardinality="single" baseType="identifier" view="testConstructor">
<defaultValue>
<value>empty</value>
</defaultValue>
</outcomeDeclaration>
<outcomeDeclaration identifier="FEEDBACKMODAL" cardinality="multiple" baseType="identifier" view="testConstructor"/>
<outcomeDeclaration identifier="MINSCORE" cardinality="single" baseType="float">
<defaultValue>
<value baseType="float">0</value>
</defaultValue>
</outcomeDeclaration>
<outcomeDeclaration identifier="SCORE_RESPONSE_1" cardinality="single" baseType="float">
<defaultValue>
<value>0.0</value>
</defaultValue>
</outcomeDeclaration>
<outcomeDeclaration identifier="MINSCORE_RESPONSE_1" cardinality="single" baseType="float">
<defaultValue>
<value>0.0</value>
</defaultValue>
</outcomeDeclaration>
<itemBody>
<p>Je onderzoekt waarom taakvariatie op het werk leidt tot minder stress.
Een mogelijke verklaring daarvoor is dat door taakvariatie
leermogelijkheden toenemen, en daardoor stress vermindert. Kijk naar het
onderstaande mediatiemodel.</p>
<p>Wat geeft een regressie met stress als afhankelijke variabele en
leermogelijkheden als onafhankelijke variabele weer?</p>
<p><img src="mediation.png" class="fr-fic fr-dii" alt="mediation" /></p>
<choiceInteraction responseIdentifier="vufsw-mediation-0300-nl-qti_141499841_section_1_item_1_schoice_RESPONSE_1_6250803" shuffle="false" maxChoices="1">
<simpleChoice identifier="vufsw-mediation-0300-nl-qti_141499841_section_1_item_1_schoice_1_7806124067">
<p>
 <em>a</em>
</p>
</simpleChoice>
<simpleChoice identifier="vufsw-mediation-0300-nl-qti_141499841_section_1_item_1_schoice_2_3397014870">
<p>
 <em>a</em> en <em>b</em>
</p>
</simpleChoice>
<simpleChoice identifier="vufsw-mediation-0300-nl-qti_141499841_section_1_item_1_schoice_3_3363516228">
<p>
 <em>b</em> en <em>c’</em>
</p>
</simpleChoice>
<simpleChoice identifier="vufsw-mediation-0300-nl-qti_141499841_section_1_item_1_schoice_4_8868668924">
<p>
 <em>c</em>
</p>
</simpleChoice>
<simpleChoice identifier="vufsw-mediation-0300-nl-qti_141499841_section_1_item_1_schoice_5_1344615472">
<p>
 <em>b</em>
</p>
</simpleChoice>
<simpleChoice identifier="vufsw-mediation-0300-nl-qti_141499841_section_1_item_1_schoice_6_7125987453">
<p>
 <em>c’</em>
</p>
</simpleChoice>
<simpleChoice identifier="vufsw-mediation-0300-nl-qti_141499841_section_1_item_1_schoice_7_9914273106">
<p>
 Deze regressie is incorrect.
</p>
</simpleChoice>
<simpleChoice identifier="vufsw-mediation-0300-nl-qti_141499841_section_1_item_1_schoice_8_9597706754">
<p>
 <em>a</em> en <em>c’</em>
</p>
</simpleChoice>
</choiceInteraction>
</itemBody>
<responseProcessing>
<responseCondition>
<responseIf>
<isNull>
<variable identifier="vufsw-mediation-0300-nl-qti_141499841_section_1_item_1_schoice_RESPONSE_1_6250803"/>
</isNull>
<setOutcomeValue identifier="SCORE_RESPONSE_1">
<sum>
<variable identifier="SCORE_RESPONSE_1"/>
<baseValue baseType="float">0</baseValue>
</sum>
</setOutcomeValue>
</responseIf>
</responseCondition>
<setOutcomeValue identifier="SCORE_RESPONSE_1">
<sum>
<variable identifier="SCORE_RESPONSE_1"/>
<mapResponse identifier="vufsw-mediation-0300-nl-qti_141499841_section_1_item_1_schoice_RESPONSE_1_6250803"/>
</sum>
</setOutcomeValue>
<responseCondition>
<responseIf>
<lt>
<variable identifier="SCORE_RESPONSE_1"/>
<variable identifier="MINSCORE_RESPONSE_1"/>
</lt>
<setOutcomeValue identifier="SCORE_RESPONSE_1">
<variable identifier="MINSCORE_RESPONSE_1"/>
</setOutcomeValue>
</responseIf>
</responseCondition>
<setOutcomeValue identifier="SCORE">
<sum>
<variable identifier="SCORE_RESPONSE_1"/>
</sum>
</setOutcomeValue>
<responseCondition>
<responseIf>
<lt>
<variable identifier="SCORE"/>
<variable identifier="MINSCORE"/>
</lt>
<setOutcomeValue identifier="SCORE">
<variable identifier="MINSCORE"/>
</setOutcomeValue>
</responseIf>
</responseCondition>
<responseCondition>
<responseIf>
<lt>
<variable identifier="SCORE"/>
<baseValue baseType="float">1</baseValue>
</lt>
<setOutcomeValue identifier="FEEDBACKMODAL">
<multiple>
<variable identifier="FEEDBACKMODAL"/>
<baseValue baseType="identifier">Feedback866391339</baseValue>
</multiple>
</setOutcomeValue>
</responseIf>
</responseCondition>
</responseProcessing>
<modalFeedback identifier="Feedback866391339" outcomeIdentifier="FEEDBACKMODAL" showHide="show">
 <em>a</em> <br /> False 
 <em>a</em> en <em>b</em> <br /> False 
 <em>b</em> en <em>c’</em> <br /> False 
 <em>c</em> <br /> True 
 <em>b</em> <br /> False 
 <em>c’</em> <br /> False 
 Deze regressie is incorrect. <br /> False 
 <em>a</em> en <em>c’</em> <br /> False 
</modalFeedback>
</assessmentItem>
