<?xml version="1.0" encoding="UTF-8"?>
<assessmentItem xsi:schemaLocation="http://www.imsglobal.org/xsd/imsqti_v2p1 http://www.imsglobal.org/xsd/qti/qtiv2p1/imsqti_v2p1p1.xsd http://www.w3.org/1998/Math/MathML http://www.w3.org/Math/XMLSchema/mathml2/mathml2.xsd" identifier="uva-twoway-anova-70-en-qti_978210424_section_1_item_1_schoice" title="1" adaptive="false" timeDependent="false" xmlns="http://www.imsglobal.org/xsd/imsqti_v2p1" xmlns:xsi="http://www.w3.org/2001/XMLSchema-instance">
<responseDeclaration identifier="uva-twoway-anova-70-en-qti_978210424_section_1_item_1_schoice_RESPONSE_1_4256448" cardinality="single" baseType="identifier">
<correctResponse>
<value>uva-twoway-anova-70-en-qti_978210424_section_1_item_1_schoice_3_2900352552</value>
</correctResponse>
<mapping defaultValue="0" lowerBound="0.0">
<mapEntry mapKey="uva-twoway-anova-70-en-qti_978210424_section_1_item_1_schoice_1_3433149747" mappedValue="0"/>
<mapEntry mapKey="uva-twoway-anova-70-en-qti_978210424_section_1_item_1_schoice_2_9284742559" mappedValue="0"/>
<mapEntry mapKey="uva-twoway-anova-70-en-qti_978210424_section_1_item_1_schoice_3_2900352552" mappedValue="1"/>
</mapping>
</responseDeclaration>
<outcomeDeclaration identifier="SCORE" cardinality="single" baseType="float" normalMaximum="1" normalMinimum="0">
<defaultValue>
<value>0.0</value>
</defaultValue>
</outcomeDeclaration>
<outcomeDeclaration identifier="MAXSCORE" cardinality="single" baseType="float">
<defaultValue>
<value>1</value>
</defaultValue>
</outcomeDeclaration>
<outcomeDeclaration identifier="FEEDBACKBASIC" cardinality="single" baseType="identifier" view="testConstructor">
<defaultValue>
<value>empty</value>
</defaultValue>
</outcomeDeclaration>
<outcomeDeclaration identifier="FEEDBACKMODAL" cardinality="multiple" baseType="identifier" view="testConstructor"/>
<outcomeDeclaration identifier="SOLUTIONMODAL" cardinality="single" baseType="identifier" view="testConstructor"/>
<outcomeDeclaration identifier="MINSCORE" cardinality="single" baseType="float">
<defaultValue>
<value baseType="float">0</value>
</defaultValue>
</outcomeDeclaration>
<outcomeDeclaration identifier="SCORE_RESPONSE_1" cardinality="single" baseType="float">
<defaultValue>
<value>0.0</value>
</defaultValue>
</outcomeDeclaration>
<outcomeDeclaration identifier="MINSCORE_RESPONSE_1" cardinality="single" baseType="float">
<defaultValue>
<value>0.0</value>
</defaultValue>
</outcomeDeclaration>
<itemBody>
<p>A one-way ANOVA (one factor) with three groups is performed. The assumptions are checked: the distribution at each group is normal and the variances within each group are equal. Furthermore, the subjects randomly assigned to one of the three groups. A a <em>follow up</em> test is done to examine which of the three groups are differences. The confidence interval of Fisher. This uses the <em>Mean Square within</em> (MS within/Error). This is the average of the three variances calculated within each group is calculated. This method is allowed because (a) the distribution of each group is normal and (b) the variances within each group are equal.</p>
<choiceInteraction responseIdentifier="uva-twoway-anova-70-en-qti_978210424_section_1_item_1_schoice_RESPONSE_1_4256448" shuffle="false" maxChoices="1">
<simpleChoice identifier="uva-twoway-anova-70-en-qti_978210424_section_1_item_1_schoice_1_3433149747">
<p>
 A is TRUE and b is false.
</p>
</simpleChoice>
<simpleChoice identifier="uva-twoway-anova-70-en-qti_978210424_section_1_item_1_schoice_2_9284742559">
<p>
 A is false and b is true.
</p>
</simpleChoice>
<simpleChoice identifier="uva-twoway-anova-70-en-qti_978210424_section_1_item_1_schoice_3_2900352552">
<p>
 Both are TRUE.
</p>
</simpleChoice>
</choiceInteraction>
</itemBody>
<responseProcessing>
<setOutcomeValue identifier="SCORE_RESPONSE_1">
<sum>
<variable identifier="SCORE_RESPONSE_1"/>
<mapResponse identifier="uva-twoway-anova-70-en-qti_978210424_section_1_item_1_schoice_RESPONSE_1_4256448"/>
</sum>
</setOutcomeValue>
<responseCondition>
<responseIf>
<lt>
<variable identifier="SCORE_RESPONSE_1"/>
<variable identifier="MINSCORE_RESPONSE_1"/>
</lt>
<setOutcomeValue identifier="SCORE_RESPONSE_1">
<variable identifier="MINSCORE_RESPONSE_1"/>
</setOutcomeValue>
</responseIf>
</responseCondition>
<responseCondition>
<responseIf>
<isNull>
<variable identifier="uva-twoway-anova-70-en-qti_978210424_section_1_item_1_schoice_RESPONSE_1_4256448"/>
</isNull>
<setOutcomeValue identifier="SCORE_RESPONSE_1">
<sum>
<variable identifier="SCORE_RESPONSE_1"/>
<baseValue baseType="float">0</baseValue>
</sum>
</setOutcomeValue>
</responseIf>
</responseCondition>
<setOutcomeValue identifier="SCORE">
<sum>
<variable identifier="SCORE_RESPONSE_1"/>
</sum>
</setOutcomeValue>
<responseCondition>
<responseIf>
<lt>
<variable identifier="SCORE"/>
<variable identifier="MINSCORE"/>
</lt>
<setOutcomeValue identifier="SCORE">
<variable identifier="MINSCORE"/>
</setOutcomeValue>
</responseIf>
</responseCondition>
<responseCondition>
<responseIf>
<lt>
<variable identifier="SCORE"/>
<baseValue baseType="float">1</baseValue>
</lt>
<setOutcomeValue identifier="FEEDBACKMODAL">
<multiple>
<variable identifier="FEEDBACKMODAL"/>
<baseValue baseType="identifier">Feedback603224005</baseValue>
</multiple>
</setOutcomeValue>
</responseIf>
</responseCondition>
</responseProcessing>
<modalFeedback identifier="Feedback603224005" outcomeIdentifier="FEEDBACKMODAL" showHide="show">
<ul>
<li> A is TRUE and b is false. <br /> A is TRUE and b is false: Incorrect </li>
<li> A is false and b is true. <br /> A is false and b is true: Incorrect </li>
<li> Both are TRUE. <br /> Both are TRUE: Correct </li>
</ul>
</modalFeedback>
</assessmentItem>
