<?xml version="1.0" encoding="utf-8" standalone="yes"?>
<assessmentItem identifier="uva-correlation-826-nl-tv_202403081018_item_1_schoice" title="uva-correlation-826-nl-tv_202403081018_item_1_schoice_uva-correlation-826-nl" adaptive="false" timeDependent="false" toolName="Testvision Online" toolVersion="39.0.9084" xmlns="http://www.imsglobal.org/xsd/imsqti_v2p1">
<responseDeclaration identifier="RESPONSE" cardinality="single" baseType="identifier">
<correctResponse>
<value>alt_965190</value>
</correctResponse>
<mapping defaultValue="0" lowerBound="0.0">
<mapEntry mapKey="alt_965190" mappedValue="1"/>
<mapEntry mapKey="alt_940568" mappedValue="-0.5"/>
<mapEntry mapKey="alt_116556" mappedValue="-0.5"/>
</mapping>
</responseDeclaration>
<outcomeDeclaration identifier="SCORE" cardinality="single" baseType="float" normalMaximum="1" normalMinimum="0" />
<outcomeDeclaration identifier="FEEDBACK" cardinality="single" baseType="identifier" />
<itemBody>
<p>De regressieformule om iemands lengte (y) te voorspellen vanuit
haar/zijn gewicht (x) is <math display="inline" xmlns="http://www.w3.org/1998/Math/MathML"><semantics><mrow><mover><mi>y</mi><mo accent="true">̂</mo></mover><mo>=</mo><mn>100</mn><mo>+</mo><mn>0.5</mn><mi>x</mi></mrow><annotation encoding="application/x-tex">\hat{y}=100+0.5x</annotation></semantics></math>
Wanneer in een groep de standaardafwijking van gewicht twee keer zo
klein is als die van lengte in die groep , is de correlatie tussen
lengte en gewicht gelijk aan</p>
<choiceInteraction responseIdentifier="RESPONSE" shuffle="false" maxChoices="1">
<simpleChoice identifier="alt_965190">
<div class="textblock tvblock tvcss_1"><div class="rte_zone tveditor1">
 0.25
</div>
</div>
</simpleChoice>
<simpleChoice identifier="alt_940568">
<div class="textblock tvblock tvcss_1"><div class="rte_zone tveditor1">
 0.33
</div>
</div>
</simpleChoice>
<simpleChoice identifier="alt_116556">
<div class="textblock tvblock tvcss_1"><div class="rte_zone tveditor1">
 0.50
</div>
</div>
</simpleChoice>
</choiceInteraction>
</itemBody>
<responseProcessing>
<responseCondition>
<responseIf>
<isNull>
<variable identifier="RESPONSE"/>
</isNull>
<setOutcomeValue identifier="SCORE">
<baseValue baseType="float">0.0</baseValue>
</setOutcomeValue>
<setOutcomeValue identifier="FEEDBACK">
<baseValue baseType="identifier">FAILURE</baseValue>
</setOutcomeValue>
</responseIf>
<responseElse>
<setOutcomeValue identifier="SCORE">
<mapResponse identifier="RESPONSE"/>
</setOutcomeValue>
<responseCondition>
<responseIf>
<equal toleranceMode="relative" tolerance="0.001">
<variable identifier="SCORE"/>
<variable identifier="MAXSCORE"/>
</equal>
<setOutcomeValue identifier="FEEDBACK">
<baseValue baseType="identifier">ANSWER_CORRECT</baseValue>
</setOutcomeValue>
</responseIf>
<responseElse>
<setOutcomeValue identifier="FEEDBACK">
<baseValue baseType="identifier">FAILURE</baseValue>
</setOutcomeValue>
</responseElse>
</responseCondition>
</responseElse>
</responseCondition>
</responseProcessing>
<modalFeedback identifier="FAILURE" outcomeIdentifier="FEEDBACK" showHide="show">
<div class="textblock tvblock tvcss_1"><div class="rte_zone tveditor1">
<p>Het correcte antwoord is:</p>
<ul>
<li>0.25</li>
</ul>
</div>
</div>
</modalFeedback>
<modalFeedback identifier="ANSWER_CORRECT" outcomeIdentifier="FEEDBACK" showHide="show">
<div class="textblock tvblock tvcss_1"><div class="rte_zone tveditor1">
<p>Het correcte antwoord is:</p>
<ul>
<li>0.25</li>
</ul>
</div>
</div>
</modalFeedback>
<modalFeedback identifier="PARTIAL_CORRECT" outcomeIdentifier="FEEDBACK" showHide="show">
<div class="textblock tvblock tvcss_1"><div class="rte_zone tveditor1">
<p>Het correcte antwoord is:</p>
<ul>
<li>0.25</li>
</ul>
</div>
</div>
</modalFeedback>
</assessmentItem>
