<?xml version="1.0" encoding="utf-8" standalone="yes"?>
<assessmentItem identifier="uu-assumptions-202-nl-tv_202209061502_item_1_schoice" title="uu-assumptions-202-nl-tv_202209061502_item_1_schoice_uu-assumptions-202-nl" adaptive="false" timeDependent="false" toolName="Testvision Online" toolVersion="39.0.9084" xmlns="http://www.imsglobal.org/xsd/imsqti_v2p1">
<responseDeclaration identifier="RESPONSE" cardinality="single" baseType="identifier">
<correctResponse>
<value>alt_153788</value>
</correctResponse>
<mapping defaultValue="0" lowerBound="0.0">
<mapEntry mapKey="alt_795457" mappedValue="-0.333333333333333"/>
<mapEntry mapKey="alt_251284" mappedValue="-0.333333333333333"/>
<mapEntry mapKey="alt_153788" mappedValue="1"/>
<mapEntry mapKey="alt_514866" mappedValue="-0.333333333333333"/>
</mapping>
</responseDeclaration>
<outcomeDeclaration identifier="SCORE" cardinality="single" baseType="float" normalMaximum="1" normalMinimum="0" />
<outcomeDeclaration identifier="FEEDBACK" cardinality="single" baseType="identifier" />
<itemBody>
<p>Om verder te kijken naar de voorwaarden voor de regressieanalyse is onderstaande tabel uitgedraaid.</p>
<p><img src="mediafiles/supplements1/uu-assumptions-202-nl-tabel.jpg" alt="image"/></p>
<p>Welke conclusie kan getrokken worden op basis van de omcirkelde gegevens?</p>
<choiceInteraction responseIdentifier="RESPONSE" shuffle="false" maxChoices="1">
<simpleChoice identifier="alt_795457">
<div class="textblock tvblock tvcss_1"><div class="rte_zone tveditor1">
a. Er is gekeken of er sprake is van uitschieters in de Y-richting, er is niet voldaan aan de voorwaarde. Met andere woorden: De analyse mag niet uitgevoerd worden.
</div>
</div>
</simpleChoice>
<simpleChoice identifier="alt_251284">
<div class="textblock tvblock tvcss_1"><div class="rte_zone tveditor1">
b. Er is gekeken of er sprake is van uitschieters in de X-richting, er is voldaan aan de voorwaarde. Met andere woorden: De analyse mag wel uitgevoerd worden.
</div>
</div>
</simpleChoice>
<simpleChoice identifier="alt_153788">
<div class="textblock tvblock tvcss_1"><div class="rte_zone tveditor1">
c. Er is gekeken of er sprake is van uitschieters in het XY-vlak, er is voldaan aan de voorwaarde. Met andere woorden: De analyse mag wel uitgevoerd worden.
</div>
</div>
</simpleChoice>
<simpleChoice identifier="alt_514866">
<div class="textblock tvblock tvcss_1"><div class="rte_zone tveditor1">
d. Er is gekeken of er sprake is van multicollineariteit, er is niet voldaan aan de voorwaarde. Met andere woorden: De analyse mag niet uitgevoerd worden.
</div>
</div>
</simpleChoice>
</choiceInteraction>
</itemBody>
<responseProcessing>
<responseCondition>
<responseIf>
<isNull>
<variable identifier="RESPONSE"/>
</isNull>
<setOutcomeValue identifier="SCORE">
<baseValue baseType="float">0.0</baseValue>
</setOutcomeValue>
<setOutcomeValue identifier="FEEDBACK">
<baseValue baseType="identifier">FAILURE</baseValue>
</setOutcomeValue>
</responseIf>
<responseElse>
<setOutcomeValue identifier="SCORE">
<mapResponse identifier="RESPONSE"/>
</setOutcomeValue>
<responseCondition>
<responseIf>
<equal toleranceMode="relative" tolerance="0.001">
<variable identifier="SCORE"/>
<variable identifier="MAXSCORE"/>
</equal>
<setOutcomeValue identifier="FEEDBACK">
<baseValue baseType="identifier">ANSWER_CORRECT</baseValue>
</setOutcomeValue>
</responseIf>
<responseElse>
<setOutcomeValue identifier="FEEDBACK">
<baseValue baseType="identifier">FAILURE</baseValue>
</setOutcomeValue>
</responseElse>
</responseCondition>
</responseElse>
</responseCondition>
</responseProcessing>
<modalFeedback identifier="FAILURE" outcomeIdentifier="FEEDBACK" showHide="show">
<div class="textblock tvblock tvcss_1"><div class="rte_zone tveditor1">
<p>Met Cook’s distance wordt gekeken of er sprake is van uitschieters in XY-ruimte. De vuistregel is dat waardes lager dan 1 niet duiden op uitschieters. De maximale waarde van Cook’s distance in deze analyse is .100. Dit is lager dan 1, er is hier dus voldaan aan de voorwaarde.</p>
</div>
</div>
</modalFeedback>
<modalFeedback identifier="ANSWER_CORRECT" outcomeIdentifier="FEEDBACK" showHide="show">
<div class="textblock tvblock tvcss_1"><div class="rte_zone tveditor1">
<p>Met Cook’s distance wordt gekeken of er sprake is van uitschieters in XY-ruimte. De vuistregel is dat waardes lager dan 1 niet duiden op uitschieters. De maximale waarde van Cook’s distance in deze analyse is .100. Dit is lager dan 1, er is hier dus voldaan aan de voorwaarde.</p>
</div>
</div>
</modalFeedback>
<modalFeedback identifier="PARTIAL_CORRECT" outcomeIdentifier="FEEDBACK" showHide="show">
<div class="textblock tvblock tvcss_1"><div class="rte_zone tveditor1">
<p>Met Cook’s distance wordt gekeken of er sprake is van uitschieters in XY-ruimte. De vuistregel is dat waardes lager dan 1 niet duiden op uitschieters. De maximale waarde van Cook’s distance in deze analyse is .100. Dit is lager dan 1, er is hier dus voldaan aan de voorwaarde.</p>
</div>
</div>
</modalFeedback>
</assessmentItem>
