<?xml version="1.0" encoding="utf-8" standalone="yes"?>
<assessmentItem identifier="uva-confidence-level-884-nl-tv_202403081018_item_1_schoice" title="uva-confidence-level-884-nl-tv_202403081018_item_1_schoice_uva-confidence-level-884-nl" adaptive="false" timeDependent="false" toolName="Testvision Online" toolVersion="39.0.9084" xmlns="http://www.imsglobal.org/xsd/imsqti_v2p1">
<responseDeclaration identifier="RESPONSE" cardinality="single" baseType="identifier">
<correctResponse>
<value>alt_485610</value>
</correctResponse>
<mapping defaultValue="0" lowerBound="0.0">
<mapEntry mapKey="alt_472611" mappedValue="-0.5"/>
<mapEntry mapKey="alt_917920" mappedValue="-0.5"/>
<mapEntry mapKey="alt_485610" mappedValue="1"/>
</mapping>
</responseDeclaration>
<outcomeDeclaration identifier="SCORE" cardinality="single" baseType="float" normalMaximum="1" normalMinimum="0" />
<outcomeDeclaration identifier="FEEDBACK" cardinality="single" baseType="identifier" />
<itemBody>
<p>In een onderzoek naar de tijdsduur van het nemen van een beslissing over
de aankoop van een huis op basis van foto's, hebben onderzoekers 30
mensen aselect toegewezen aan één van twee condities: (1) 20 foto's van
het huis werden getoond en (2) 5 foto's van het huis werden getoond.
Het gemiddelde van groep (1) was 60 minuten en standaarddeviatie 10; het
gemiddelde van groep (2) was 120 minuten en standaarddeviatie 12. De
onderzoekers gaan ervan uit dat de standaarddeviaties in de populatie
gelijk zijn en komen zo tot een <em>standard error</em> van 4.033 en 28
vrijheidsgraden. Een 95% betrouwbaarheidsinterval voor het verschil 1 -
2 is</p>
<choiceInteraction responseIdentifier="RESPONSE" shuffle="false" maxChoices="1">
<simpleChoice identifier="alt_472611">
<div class="textblock tvblock tvcss_1"><div class="rte_zone tveditor1">
 (-60.26, -57.74).
</div>
</div>
</simpleChoice>
<simpleChoice identifier="alt_917920">
<div class="textblock tvblock tvcss_1"><div class="rte_zone tveditor1">
 (-64.26, -53.74).
</div>
</div>
</simpleChoice>
<simpleChoice identifier="alt_485610">
<div class="textblock tvblock tvcss_1"><div class="rte_zone tveditor1">
 (-68.26, -51.74).
</div>
</div>
</simpleChoice>
</choiceInteraction>
</itemBody>
<responseProcessing>
<responseCondition>
<responseIf>
<isNull>
<variable identifier="RESPONSE"/>
</isNull>
<setOutcomeValue identifier="SCORE">
<baseValue baseType="float">0.0</baseValue>
</setOutcomeValue>
<setOutcomeValue identifier="FEEDBACK">
<baseValue baseType="identifier">FAILURE</baseValue>
</setOutcomeValue>
</responseIf>
<responseElse>
<setOutcomeValue identifier="SCORE">
<mapResponse identifier="RESPONSE"/>
</setOutcomeValue>
<responseCondition>
<responseIf>
<equal toleranceMode="relative" tolerance="0.001">
<variable identifier="SCORE"/>
<variable identifier="MAXSCORE"/>
</equal>
<setOutcomeValue identifier="FEEDBACK">
<baseValue baseType="identifier">ANSWER_CORRECT</baseValue>
</setOutcomeValue>
</responseIf>
<responseElse>
<setOutcomeValue identifier="FEEDBACK">
<baseValue baseType="identifier">FAILURE</baseValue>
</setOutcomeValue>
</responseElse>
</responseCondition>
</responseElse>
</responseCondition>
</responseProcessing>
<modalFeedback identifier="FAILURE" outcomeIdentifier="FEEDBACK" showHide="show">
<div class="textblock tvblock tvcss_1"><div class="rte_zone tveditor1">
<p>Het correcte antwoord is:</p>
<ul>
<li>(-68.26, -51.74).</li>
</ul>
</div>
</div>
</modalFeedback>
<modalFeedback identifier="ANSWER_CORRECT" outcomeIdentifier="FEEDBACK" showHide="show">
<div class="textblock tvblock tvcss_1"><div class="rte_zone tveditor1">
<p>Het correcte antwoord is:</p>
<ul>
<li>(-68.26, -51.74).</li>
</ul>
</div>
</div>
</modalFeedback>
<modalFeedback identifier="PARTIAL_CORRECT" outcomeIdentifier="FEEDBACK" showHide="show">
<div class="textblock tvblock tvcss_1"><div class="rte_zone tveditor1">
<p>Het correcte antwoord is:</p>
<ul>
<li>(-68.26, -51.74).</li>
</ul>
</div>
</div>
</modalFeedback>
</assessmentItem>
