<?xml version="1.0" encoding="UTF-8"?>
<assessmentItem xsi:schemaLocation="http://www.imsglobal.org/xsd/imsqti_v2p1 http://www.imsglobal.org/xsd/qti/qtiv2p1/imsqti_v2p1p1.xsd http://www.w3.org/1998/Math/MathML http://www.w3.org/Math/XMLSchema/mathml2/mathml2.xsd" identifier="vufgb-suppression-003-en-qti_869664620_section_1_item_1_schoice" title="1" adaptive="false" timeDependent="false" xmlns="http://www.imsglobal.org/xsd/imsqti_v2p1" xmlns:xsi="http://www.w3.org/2001/XMLSchema-instance">
<responseDeclaration identifier="vufgb-suppression-003-en-qti_869664620_section_1_item_1_schoice_RESPONSE_1_7577281" cardinality="single" baseType="identifier">
<correctResponse>
<value>vufgb-suppression-003-en-qti_869664620_section_1_item_1_schoice_4_9384262360</value>
</correctResponse>
<mapping defaultValue="0" lowerBound="0.0">
<mapEntry mapKey="vufgb-suppression-003-en-qti_869664620_section_1_item_1_schoice_1_1466724402" mappedValue="0"/>
<mapEntry mapKey="vufgb-suppression-003-en-qti_869664620_section_1_item_1_schoice_2_1141374070" mappedValue="0"/>
<mapEntry mapKey="vufgb-suppression-003-en-qti_869664620_section_1_item_1_schoice_3_6131210823" mappedValue="0"/>
<mapEntry mapKey="vufgb-suppression-003-en-qti_869664620_section_1_item_1_schoice_4_9384262360" mappedValue="1"/>
</mapping>
</responseDeclaration>
<outcomeDeclaration identifier="SCORE" cardinality="single" baseType="float" normalMaximum="1" normalMinimum="0">
<defaultValue>
<value>0.0</value>
</defaultValue>
</outcomeDeclaration>
<outcomeDeclaration identifier="MAXSCORE" cardinality="single" baseType="float">
<defaultValue>
<value>1</value>
</defaultValue>
</outcomeDeclaration>
<outcomeDeclaration identifier="FEEDBACKBASIC" cardinality="single" baseType="identifier" view="testConstructor">
<defaultValue>
<value>empty</value>
</defaultValue>
</outcomeDeclaration>
<outcomeDeclaration identifier="FEEDBACKMODAL" cardinality="multiple" baseType="identifier" view="testConstructor"/>
<outcomeDeclaration identifier="SOLUTIONMODAL" cardinality="single" baseType="identifier" view="testConstructor"/>
<outcomeDeclaration identifier="MINSCORE" cardinality="single" baseType="float">
<defaultValue>
<value baseType="float">0</value>
</defaultValue>
</outcomeDeclaration>
<outcomeDeclaration identifier="SCORE_RESPONSE_1" cardinality="single" baseType="float">
<defaultValue>
<value>0.0</value>
</defaultValue>
</outcomeDeclaration>
<outcomeDeclaration identifier="MINSCORE_RESPONSE_1" cardinality="single" baseType="float">
<defaultValue>
<value>0.0</value>
</defaultValue>
</outcomeDeclaration>
<itemBody>
<p>A simple regression shows that intelligence is not related to number of errors during assembly line work. When controlling for boredom in a multiple regression, intelligence does appear to be related to number of errors (negative relationship). What kind of variable is boredom?</p>
<choiceInteraction responseIdentifier="vufgb-suppression-003-en-qti_869664620_section_1_item_1_schoice_RESPONSE_1_7577281" shuffle="false" maxChoices="1">
<simpleChoice identifier="vufgb-suppression-003-en-qti_869664620_section_1_item_1_schoice_1_1466724402">
<p>
 An interaction variable.
</p>
</simpleChoice>
<simpleChoice identifier="vufgb-suppression-003-en-qti_869664620_section_1_item_1_schoice_2_1141374070">
<p>
 A lurking variable.
</p>
</simpleChoice>
<simpleChoice identifier="vufgb-suppression-003-en-qti_869664620_section_1_item_1_schoice_3_6131210823">
<p>
 A confounder variable.
</p>
</simpleChoice>
<simpleChoice identifier="vufgb-suppression-003-en-qti_869664620_section_1_item_1_schoice_4_9384262360">
<p>
 A suppressor variable.
</p>
</simpleChoice>
</choiceInteraction>
</itemBody>
<responseProcessing>
<setOutcomeValue identifier="SCORE_RESPONSE_1">
<sum>
<variable identifier="SCORE_RESPONSE_1"/>
<mapResponse identifier="vufgb-suppression-003-en-qti_869664620_section_1_item_1_schoice_RESPONSE_1_7577281"/>
</sum>
</setOutcomeValue>
<responseCondition>
<responseIf>
<lt>
<variable identifier="SCORE_RESPONSE_1"/>
<variable identifier="MINSCORE_RESPONSE_1"/>
</lt>
<setOutcomeValue identifier="SCORE_RESPONSE_1">
<variable identifier="MINSCORE_RESPONSE_1"/>
</setOutcomeValue>
</responseIf>
</responseCondition>
<responseCondition>
<responseIf>
<isNull>
<variable identifier="vufgb-suppression-003-en-qti_869664620_section_1_item_1_schoice_RESPONSE_1_7577281"/>
</isNull>
<setOutcomeValue identifier="SCORE_RESPONSE_1">
<sum>
<variable identifier="SCORE_RESPONSE_1"/>
<baseValue baseType="float">0</baseValue>
</sum>
</setOutcomeValue>
</responseIf>
</responseCondition>
<setOutcomeValue identifier="SCORE">
<sum>
<variable identifier="SCORE_RESPONSE_1"/>
</sum>
</setOutcomeValue>
<responseCondition>
<responseIf>
<lt>
<variable identifier="SCORE"/>
<variable identifier="MINSCORE"/>
</lt>
<setOutcomeValue identifier="SCORE">
<variable identifier="MINSCORE"/>
</setOutcomeValue>
</responseIf>
</responseCondition>
<responseCondition>
<responseIf>
<lt>
<variable identifier="SCORE"/>
<baseValue baseType="float">1</baseValue>
</lt>
<setOutcomeValue identifier="FEEDBACKMODAL">
<multiple>
<variable identifier="FEEDBACKMODAL"/>
<baseValue baseType="identifier">Feedback991592164</baseValue>
</multiple>
</setOutcomeValue>
</responseIf>
</responseCondition>
</responseProcessing>
<modalFeedback identifier="Feedback991592164" outcomeIdentifier="FEEDBACKMODAL" showHide="show">
<ul>
<li> An interaction variable. <br /> Incorrect </li>
<li> A lurking variable. <br /> Incorrect </li>
<li> A confounder variable. <br /> Incorrect </li>
<li> A suppressor variable. <br /> Correct </li>
</ul>
</modalFeedback>
</assessmentItem>
