<?xml version="1.0" encoding="utf-8" standalone="yes"?>
<assessmentItem identifier="vufgb-confidenceintervals-034-en-tv_202510071724_item_1_schoice" title="vufgb-confidenceintervals-034-en-tv_202510071724_item_1_schoice_vufgb-confidenceintervals-034-en" adaptive="false" timeDependent="false" toolName="Testvision Online" toolVersion="39.0.9084" xmlns="http://www.imsglobal.org/xsd/imsqti_v2p1">
<responseDeclaration identifier="RESPONSE" cardinality="single" baseType="identifier">
<correctResponse>
<value>alt_365096</value>
</correctResponse>
<mapping defaultValue="0" lowerBound="0.0">
<mapEntry mapKey="alt_365096" mappedValue="1"/>
<mapEntry mapKey="alt_409961" mappedValue="-0.333333333333333"/>
<mapEntry mapKey="alt_209826" mappedValue="-0.333333333333333"/>
<mapEntry mapKey="alt_295009" mappedValue="-0.333333333333333"/>
</mapping>
</responseDeclaration>
<outcomeDeclaration identifier="SCORE" cardinality="single" baseType="float" normalMaximum="1" normalMinimum="0" />
<outcomeDeclaration identifier="FEEDBACK" cardinality="single" baseType="identifier" />
<stylesheet href="css/vufgb-confidenceintervals-034-en-tv_202510071724_item_1_schoice.css" type="text/css" />
<itemBody>
<p>Enter:</p>
<p>The confidence interval widens as the accuracy of the point estimator increases …..I……</p>
<p>The confidence interval narrows as the probability level (<em>confidence level</em>) …….II……. .</p>
<choiceInteraction responseIdentifier="RESPONSE" shuffle="false" maxChoices="1">
<simpleChoice identifier="alt_365096">
<div class="textblock tvblock tvcss_1"><div class="rte_zone tveditor1">
 I: decreases, II: decreases
</div>
</div>
</simpleChoice>
<simpleChoice identifier="alt_409961">
<div class="textblock tvblock tvcss_1"><div class="rte_zone tveditor1">
 I: decreases, II: increases
</div>
</div>
</simpleChoice>
<simpleChoice identifier="alt_209826">
<div class="textblock tvblock tvcss_1"><div class="rte_zone tveditor1">
 I: increasing, II: decreasing
</div>
</div>
</simpleChoice>
<simpleChoice identifier="alt_295009">
<div class="textblock tvblock tvcss_1"><div class="rte_zone tveditor1">
 I: increasing, II: increasing
</div>
</div>
</simpleChoice>
</choiceInteraction>
</itemBody>
<responseProcessing>
<responseCondition>
<responseIf>
<isNull>
<variable identifier="RESPONSE"/>
</isNull>
<setOutcomeValue identifier="SCORE">
<baseValue baseType="float">0.0</baseValue>
</setOutcomeValue>
<setOutcomeValue identifier="FEEDBACK">
<baseValue baseType="identifier">FAILURE</baseValue>
</setOutcomeValue>
</responseIf>
<responseElse>
<setOutcomeValue identifier="SCORE">
<mapResponse identifier="RESPONSE"/>
</setOutcomeValue>
<responseCondition>
<responseIf>
<equal toleranceMode="relative" tolerance="0.001">
<variable identifier="SCORE"/>
<variable identifier="MAXSCORE"/>
</equal>
<setOutcomeValue identifier="FEEDBACK">
<baseValue baseType="identifier">ANSWER_CORRECT</baseValue>
</setOutcomeValue>
</responseIf>
<responseElse>
<setOutcomeValue identifier="FEEDBACK">
<baseValue baseType="identifier">FAILURE</baseValue>
</setOutcomeValue>
</responseElse>
</responseCondition>
</responseElse>
</responseCondition>
</responseProcessing>
<modalFeedback identifier="FAILURE" outcomeIdentifier="FEEDBACK" showHide="show">
<div class="textblock tvblock tvcss_1"><div class="rte_zone tveditor1">
<ul>
<li> I: decreases, II: decreases <br /> Correct </li>
<li> I: decreases, II: increases <br /> Incorrect </li>
<li> I: increasing, II: decreasing <br /> Incorrect </li>
<li> I: increasing, II: increasing <br /> Incorrect </li>
</ul>
</div>
</div>
</modalFeedback>
<modalFeedback identifier="ANSWER_CORRECT" outcomeIdentifier="FEEDBACK" showHide="show">
<div class="textblock tvblock tvcss_1"><div class="rte_zone tveditor1">
<ul>
<li> I: decreases, II: decreases <br /> Correct </li>
<li> I: decreases, II: increases <br /> Incorrect </li>
<li> I: increasing, II: decreasing <br /> Incorrect </li>
<li> I: increasing, II: increasing <br /> Incorrect </li>
</ul>
</div>
</div>
</modalFeedback>
<modalFeedback identifier="PARTIAL_CORRECT" outcomeIdentifier="FEEDBACK" showHide="show">
<div class="textblock tvblock tvcss_1"><div class="rte_zone tveditor1">
<ul>
<li> I: decreases, II: decreases <br /> Correct </li>
<li> I: decreases, II: increases <br /> Incorrect </li>
<li> I: increasing, II: decreasing <br /> Incorrect </li>
<li> I: increasing, II: increasing <br /> Incorrect </li>
</ul>
</div>
</div>
</modalFeedback>
</assessmentItem>
