<?xml version="1.0" encoding="UTF-8"?>
<assessmentItem xsi:schemaLocation="http://www.imsglobal.org/xsd/imsqti_v2p1 http://www.imsglobal.org/xsd/qti/qtiv2p1/imsqti_v2p1p1.xsd http://www.w3.org/1998/Math/MathML http://www.w3.org/Math/XMLSchema/mathml2/mathml2.xsd" identifier="uva-mean-587-en-qti_349029380_section_1_item_1_schoice" title="1" adaptive="false" timeDependent="false" xmlns="http://www.imsglobal.org/xsd/imsqti_v2p1" xmlns:xsi="http://www.w3.org/2001/XMLSchema-instance">
<responseDeclaration identifier="uva-mean-587-en-qti_349029380_section_1_item_1_schoice_RESPONSE_1_1350739" cardinality="single" baseType="identifier">
<correctResponse>
<value>uva-mean-587-en-qti_349029380_section_1_item_1_schoice_3_1931068772</value>
</correctResponse>
<mapping defaultValue="0" lowerBound="0.0">
<mapEntry mapKey="uva-mean-587-en-qti_349029380_section_1_item_1_schoice_1_3275123603" mappedValue="0"/>
<mapEntry mapKey="uva-mean-587-en-qti_349029380_section_1_item_1_schoice_2_1229506889" mappedValue="0"/>
<mapEntry mapKey="uva-mean-587-en-qti_349029380_section_1_item_1_schoice_3_1931068772" mappedValue="1"/>
<mapEntry mapKey="uva-mean-587-en-qti_349029380_section_1_item_1_schoice_4_8328730944" mappedValue="0"/>
</mapping>
</responseDeclaration>
<outcomeDeclaration identifier="SCORE" cardinality="single" baseType="float" normalMaximum="1" normalMinimum="0">
<defaultValue>
<value>0.0</value>
</defaultValue>
</outcomeDeclaration>
<outcomeDeclaration identifier="MAXSCORE" cardinality="single" baseType="float">
<defaultValue>
<value>1</value>
</defaultValue>
</outcomeDeclaration>
<outcomeDeclaration identifier="FEEDBACKBASIC" cardinality="single" baseType="identifier" view="testConstructor">
<defaultValue>
<value>empty</value>
</defaultValue>
</outcomeDeclaration>
<outcomeDeclaration identifier="FEEDBACKMODAL" cardinality="multiple" baseType="identifier" view="testConstructor"/>
<outcomeDeclaration identifier="SOLUTIONMODAL" cardinality="single" baseType="identifier" view="testConstructor"/>
<outcomeDeclaration identifier="MINSCORE" cardinality="single" baseType="float">
<defaultValue>
<value baseType="float">0</value>
</defaultValue>
</outcomeDeclaration>
<outcomeDeclaration identifier="SCORE_RESPONSE_1" cardinality="single" baseType="float">
<defaultValue>
<value>0.0</value>
</defaultValue>
</outcomeDeclaration>
<outcomeDeclaration identifier="MINSCORE_RESPONSE_1" cardinality="single" baseType="float">
<defaultValue>
<value>0.0</value>
</defaultValue>
</outcomeDeclaration>
<itemBody>
<p>Suppose that in a population a stochastic variable d is normally distributed with mean 20 and standard deviation 16. We draw from this population a sample of size n = 4. Then the sample mean</p>
<choiceInteraction responseIdentifier="uva-mean-587-en-qti_349029380_section_1_item_1_schoice_RESPONSE_1_1350739" shuffle="false" maxChoices="1">
<simpleChoice identifier="uva-mean-587-en-qti_349029380_section_1_item_1_schoice_1_3275123603">
<p>
 Mean ~ N(μ = 5 , σ = 4)
</p>
</simpleChoice>
<simpleChoice identifier="uva-mean-587-en-qti_349029380_section_1_item_1_schoice_2_1229506889">
<p>
 Mean ~ N(μ = 20 , σ = 4)
</p>
</simpleChoice>
<simpleChoice identifier="uva-mean-587-en-qti_349029380_section_1_item_1_schoice_3_1931068772">
<p>
 Mean ~ N(μ = 20 , σ = 8)
</p>
</simpleChoice>
<simpleChoice identifier="uva-mean-587-en-qti_349029380_section_1_item_1_schoice_4_8328730944">
<p>
 Mean ~ N(μ = 20 , σ = 16)
</p>
</simpleChoice>
</choiceInteraction>
</itemBody>
<responseProcessing>
<setOutcomeValue identifier="SCORE_RESPONSE_1">
<sum>
<variable identifier="SCORE_RESPONSE_1"/>
<mapResponse identifier="uva-mean-587-en-qti_349029380_section_1_item_1_schoice_RESPONSE_1_1350739"/>
</sum>
</setOutcomeValue>
<responseCondition>
<responseIf>
<lt>
<variable identifier="SCORE_RESPONSE_1"/>
<variable identifier="MINSCORE_RESPONSE_1"/>
</lt>
<setOutcomeValue identifier="SCORE_RESPONSE_1">
<variable identifier="MINSCORE_RESPONSE_1"/>
</setOutcomeValue>
</responseIf>
</responseCondition>
<responseCondition>
<responseIf>
<isNull>
<variable identifier="uva-mean-587-en-qti_349029380_section_1_item_1_schoice_RESPONSE_1_1350739"/>
</isNull>
<setOutcomeValue identifier="SCORE_RESPONSE_1">
<sum>
<variable identifier="SCORE_RESPONSE_1"/>
<baseValue baseType="float">0</baseValue>
</sum>
</setOutcomeValue>
</responseIf>
</responseCondition>
<setOutcomeValue identifier="SCORE">
<sum>
<variable identifier="SCORE_RESPONSE_1"/>
</sum>
</setOutcomeValue>
<responseCondition>
<responseIf>
<lt>
<variable identifier="SCORE"/>
<variable identifier="MINSCORE"/>
</lt>
<setOutcomeValue identifier="SCORE">
<variable identifier="MINSCORE"/>
</setOutcomeValue>
</responseIf>
</responseCondition>
<responseCondition>
<responseIf>
<lt>
<variable identifier="SCORE"/>
<baseValue baseType="float">1</baseValue>
</lt>
<setOutcomeValue identifier="FEEDBACKMODAL">
<multiple>
<variable identifier="FEEDBACKMODAL"/>
<baseValue baseType="identifier">Feedback909592468</baseValue>
</multiple>
</setOutcomeValue>
</responseIf>
</responseCondition>
</responseProcessing>
<modalFeedback identifier="Feedback909592468" outcomeIdentifier="FEEDBACKMODAL" showHide="show">
<ul>
<li> Mean ~ N(μ = 5 , σ = 4) <br /> Mean ~ N(μ = 5 , σ = 4): Incorrect </li>
<li> Mean ~ N(μ = 20 , σ = 4) <br /> Mean ~ N(μ = 20 , σ = 4): Incorrect </li>
<li> Mean ~ N(μ = 20 , σ = 8) <br /> Mean ~ N(μ = 20 , σ = 8): Correct </li>
<li> Mean ~ N(μ = 20 , σ = 16) <br /> Mean ~ N(μ = 20 , σ = 16): Incorrect </li>
</ul>
</modalFeedback>
</assessmentItem>
