<?xml version="1.0" encoding="UTF-8"?>
<assessmentItem xsi:schemaLocation="http://www.imsglobal.org/xsd/imsqti_v2p1 http://www.imsglobal.org/xsd/qti/qtiv2p1/imsqti_v2p1p1.xsd http://www.w3.org/1998/Math/MathML http://www.w3.org/Math/XMLSchema/mathml2/mathml2.xsd" identifier="uva-sample-space-1088-en-ans_954519439_section_1_item_1_schoice" title="Probability_uva-sample-space-1088-en_uva-sample-space-1088-en_schoice_1" adaptive="false" timeDependent="false" xmlns="http://www.imsglobal.org/xsd/imsqti_v2p1" xmlns:xsi="http://www.w3.org/2001/XMLSchema-instance">
<responseDeclaration identifier="uva-sample-space-1088-en-ans_954519439_section_1_item_1_schoice_RESPONSE_1_6012519" cardinality="single" baseType="identifier">
<correctResponse>
<value>uva-sample-space-1088-en-ans_954519439_section_1_item_1_schoice_3_6418368960</value>
</correctResponse>
<mapping defaultValue="0" lowerBound="0.0">
<mapEntry mapKey="uva-sample-space-1088-en-ans_954519439_section_1_item_1_schoice_1_3109759922" mappedValue="0"/>
<mapEntry mapKey="uva-sample-space-1088-en-ans_954519439_section_1_item_1_schoice_2_2199271810" mappedValue="0"/>
<mapEntry mapKey="uva-sample-space-1088-en-ans_954519439_section_1_item_1_schoice_3_6418368960" mappedValue="1"/>
<mapEntry mapKey="uva-sample-space-1088-en-ans_954519439_section_1_item_1_schoice_4_1562252482" mappedValue="0"/>
</mapping>
</responseDeclaration>
<outcomeDeclaration identifier="SCORE" cardinality="single" baseType="float" normalMaximum="1" normalMinimum="0">
<defaultValue>
<value>0.0</value>
</defaultValue>
</outcomeDeclaration>
<outcomeDeclaration identifier="MAXSCORE" cardinality="single" baseType="float">
<defaultValue>
<value>1</value>
</defaultValue>
</outcomeDeclaration>
<outcomeDeclaration identifier="FEEDBACKBASIC" cardinality="single" baseType="identifier" view="testConstructor">
<defaultValue>
<value>empty</value>
</defaultValue>
</outcomeDeclaration>
<outcomeDeclaration identifier="FEEDBACKMODAL" cardinality="multiple" baseType="identifier" view="testConstructor"/>
<outcomeDeclaration identifier="SOLUTIONMODAL" cardinality="single" baseType="identifier" view="testConstructor"/>
<outcomeDeclaration identifier="MINSCORE" cardinality="single" baseType="float">
<defaultValue>
<value baseType="float">0</value>
</defaultValue>
</outcomeDeclaration>
<outcomeDeclaration identifier="SCORE_RESPONSE_1" cardinality="single" baseType="float">
<defaultValue>
<value>0.0</value>
</defaultValue>
</outcomeDeclaration>
<outcomeDeclaration identifier="MINSCORE_RESPONSE_1" cardinality="single" baseType="float">
<defaultValue>
<value>0.0</value>
</defaultValue>
</outcomeDeclaration>
<itemBody>
<p>A college student wants to send a bouquet to her mother for Mother’s Day. She can buy two of the following four types of roses: Blue Bell, Yellow Success, Sahara, and Aphrodite. We assume that all outcomes are equally probable. How many possibilities in the outcome space are there?</p>
<choiceInteraction responseIdentifier="uva-sample-space-1088-en-ans_954519439_section_1_item_1_schoice_RESPONSE_1_6012519" shuffle="false" maxChoices="1">
<simpleChoice identifier="uva-sample-space-1088-en-ans_954519439_section_1_item_1_schoice_1_3109759922">
<p>
 2
</p>
</simpleChoice>
<simpleChoice identifier="uva-sample-space-1088-en-ans_954519439_section_1_item_1_schoice_2_2199271810">
<p>
 4
</p>
</simpleChoice>
<simpleChoice identifier="uva-sample-space-1088-en-ans_954519439_section_1_item_1_schoice_3_6418368960">
<p>
 6
</p>
</simpleChoice>
<simpleChoice identifier="uva-sample-space-1088-en-ans_954519439_section_1_item_1_schoice_4_1562252482">
<p>
 8
</p>
</simpleChoice>
</choiceInteraction>
</itemBody>
<responseProcessing>
<setOutcomeValue identifier="SCORE_RESPONSE_1">
<sum>
<variable identifier="SCORE_RESPONSE_1"/>
<mapResponse identifier="uva-sample-space-1088-en-ans_954519439_section_1_item_1_schoice_RESPONSE_1_6012519"/>
</sum>
</setOutcomeValue>
<responseCondition>
<responseIf>
<lt>
<variable identifier="SCORE_RESPONSE_1"/>
<variable identifier="MINSCORE_RESPONSE_1"/>
</lt>
<setOutcomeValue identifier="SCORE_RESPONSE_1">
<variable identifier="MINSCORE_RESPONSE_1"/>
</setOutcomeValue>
</responseIf>
</responseCondition>
<responseCondition>
<responseIf>
<isNull>
<variable identifier="uva-sample-space-1088-en-ans_954519439_section_1_item_1_schoice_RESPONSE_1_6012519"/>
</isNull>
<setOutcomeValue identifier="SCORE_RESPONSE_1">
<sum>
<variable identifier="SCORE_RESPONSE_1"/>
<baseValue baseType="float">0</baseValue>
</sum>
</setOutcomeValue>
</responseIf>
</responseCondition>
<setOutcomeValue identifier="SCORE">
<sum>
<variable identifier="SCORE_RESPONSE_1"/>
</sum>
</setOutcomeValue>
<responseCondition>
<responseIf>
<lt>
<variable identifier="SCORE"/>
<variable identifier="MINSCORE"/>
</lt>
<setOutcomeValue identifier="SCORE">
<variable identifier="MINSCORE"/>
</setOutcomeValue>
</responseIf>
</responseCondition>
<responseCondition>
<responseIf>
<lt>
<variable identifier="SCORE"/>
<baseValue baseType="float">1</baseValue>
</lt>
<setOutcomeValue identifier="FEEDBACKMODAL">
<multiple>
<variable identifier="FEEDBACKMODAL"/>
<baseValue baseType="identifier">Feedback954858760</baseValue>
</multiple>
</setOutcomeValue>
</responseIf>
</responseCondition>
</responseProcessing>
<modalFeedback outcomeIdentifier="FEEDBACK" showHide="show" identifier="incorrect">
<ul>
<li> 2 <br /> 2: Incorrect </li>
<li> 4 <br /> 4: Incorrect </li>
<li> 6 <br /> 6: Correct </li>
<li> 8 <br /> 8: Incorrect </li>
</ul>
</modalFeedback>
</assessmentItem>
