<?xml version="1.0" encoding="UTF-8"?>
<!DOCTYPE questestinterop SYSTEM "ims_qtiasiv1p2p1.dtd">

<questestinterop xmlns="http://www.imsglobal.org/xsd/ims_qtiasiv1p2" xmlns:xsi="http://www.w3.org/2001/XMLSchema-instance" xsi:schemaLocation="http://www.imsglobal.org/xsd/ims_qtiasiv1p2 http://www.imsglobal.org/xsd/ims_qtiasiv1p2p1.xsd">
<assessment ident="uva-central-limit-theorem-1293-en-canvas_166336805" title="uva-central-limit-theorem-1293-en-canvas">

<qtimetadata>
<qtimetadatafield>
<fieldlabel>cc_maxattempts</fieldlabel>
<fieldentry>1</fieldentry>
</qtimetadatafield>
<qtimetadatafield>
<fieldlabel>qmd_assessmenttype</fieldlabel>
<fieldentry>Assessment</fieldentry>
</qtimetadatafield>
</qtimetadata>
<objectives>
<material>
<mattext><![CDATA[Please solve the following exercises.]]></mattext>
</material>
</objectives>
<assessmentcontrol feedbackswitch="No" hintswitch="No" solutionswitch="Yes"/>
<outcomes_processing scoremodel="SumOfScores">
<outcomes>
<decvar varname="SCORE" vartype="Decimal" cutvalue="0"/>
</outcomes>
</outcomes_processing>
<assessfeedback title="AssessmentFeedback" ident="AssessmentFeedback">
<flow_mat>
<material>
<mattext>##AssessmentFeedback##</mattext>
</material>
</flow_mat>
</assessfeedback>

<section ident="uva-central-limit-theorem-1293-en-canvas_166336805_section_1" title="Exercise">

<objectives>
<material>
<mattext><![CDATA[Please answer the following question.]]></mattext>
</material>
</objectives>
<selection_ordering>
<selection>
<selection_number>1</selection_number>
<selection_extension>
<points_per_item>1</points_per_item>
</selection_extension>
</selection>
<order order_type="Random"/>
</selection_ordering>

<item ident="uva-central-limit-theorem-1293-en-canvas_166336805_section_1_item_1_schoice" title="Question" maxattempts="1">
<itemcontrol feedbackswitch="No" hintswitch="No" solutionswitch="Yes"/>
<itemmetadata>
<qtimetadata>
<qtimetadatafield>
<fieldlabel>question_type</fieldlabel>
<fieldentry>multiple_choice_question</fieldentry>
</qtimetadatafield>
</qtimetadata>
</itemmetadata>
<presentation>
<flow>
<material>
<matbreak/>
<mattext texttype="text/html" charset="utf-8"><![CDATA[
<p>A study of rush-hour traffic in Amsterdam shows the number of persons per vehicle entering a highway. Suppose <em>X</em> is the number of persons per vehicle with a mean of 1.5 and a standard deviation of 0.75 in the population.Ó A traffic expert estimates the capacity of an on-ramp to be 700 vehicles per hour. Use the Central Limit Theorem. Calculate an approximate the distribution of the average number of people in 700 randomly selected vehicles:</p>
]]></mattext>
<matbreak/>
</material>
<response_lid ident="uva-central-limit-theorem-1293-en-canvas_166336805_section_1_item_1_schoice_RESPONSE_6543959" rcardinality="Single" rtiming="No">
<render_choice shuffle="No">
<flow_label class="List">
<response_label ident="uva-central-limit-theorem-1293-en-canvas_166336805_section_1_item_1_schoice_9188173747" rshuffle="No">
<material>
<mattext texttype="text/html" charset="utf-8"><![CDATA[
 The distribution has a mean of 1 and a standard deviation of 1.
]]></mattext>
</material>
</response_label>
</flow_label>
<flow_label class="List">
<response_label ident="uva-central-limit-theorem-1293-en-canvas_166336805_section_1_item_1_schoice_5006005519" rshuffle="No">
<material>
<mattext texttype="text/html" charset="utf-8"><![CDATA[
 The distribution has a mean of 1.5 and a standard deviation of 0.028.
]]></mattext>
</material>
</response_label>
</flow_label>
<flow_label class="List">
<response_label ident="uva-central-limit-theorem-1293-en-canvas_166336805_section_1_item_1_schoice_7618989057" rshuffle="No">
<material>
<mattext texttype="text/html" charset="utf-8"><![CDATA[
 The distribution has a mean of 1.5 and a standard deviation of 0.75
]]></mattext>
</material>
</response_label>
</flow_label>
<flow_label class="List">
<response_label ident="uva-central-limit-theorem-1293-en-canvas_166336805_section_1_item_1_schoice_1590584199" rshuffle="No">
<material>
<mattext texttype="text/html" charset="utf-8"><![CDATA[
 The distribution has a mean of 350 and a standard deviation of 700.
]]></mattext>
</material>
</response_label>
</flow_label>
</render_choice>
</response_lid>
</flow>
</presentation>
<resprocessing>
<outcomes>
<decvar varname="SCORE" vartype="Decimal" defaultval="0" minvalue="0" maxvalue="1" cutvalue="1"/>
</outcomes>
<respcondition title="Mastery" continue="No">
<conditionvar>
<and>
<varequal respident="uva-central-limit-theorem-1293-en-canvas_166336805_section_1_item_1_schoice_RESPONSE_6543959" case="Yes">uva-central-limit-theorem-1293-en-canvas_166336805_section_1_item_1_schoice_5006005519</varequal>
<not> <varequal respident="uva-central-limit-theorem-1293-en-canvas_166336805_section_1_item_1_schoice_RESPONSE_6543959" case="Yes">uva-central-limit-theorem-1293-en-canvas_166336805_section_1_item_1_schoice_9188173747</varequal> </not>
<not> <varequal respident="uva-central-limit-theorem-1293-en-canvas_166336805_section_1_item_1_schoice_RESPONSE_6543959" case="Yes">uva-central-limit-theorem-1293-en-canvas_166336805_section_1_item_1_schoice_7618989057</varequal> </not>
<not> <varequal respident="uva-central-limit-theorem-1293-en-canvas_166336805_section_1_item_1_schoice_RESPONSE_6543959" case="Yes">uva-central-limit-theorem-1293-en-canvas_166336805_section_1_item_1_schoice_1590584199</varequal> </not>
</and>
</conditionvar>
<setvar varname="SCORE" action="Set">1</setvar>
<displayfeedback feedbacktype="Response" linkrefid="correct_fb"/>
</respcondition>
<respcondition continue="Yes">
<conditionvar>
<other/>
</conditionvar>
<displayfeedback feedbacktype="Response" linkrefid="general_incorrect_fb"/>
</respcondition>
</resprocessing>
<itemfeedback ident="correct_fb" view="All">
<flow_mat>
<material>
<mattext texttype="text/html"><![CDATA[
<ul>
<li> The distribution has a mean of 1 and a standard deviation of 1. <br /> The distribution has a mean of 1 and a standard deviation of 1.:Incorrect </li>
<li> The distribution has a mean of 1.5 and a standard deviation of 0.028. <br /> The distribution has a mean of 1.5 and a standard deviation of 0.028…: Correct </li>
<li> The distribution has a mean of 1.5 and a standard deviation of 0.75 <br /> The distribution has a mean of 1.5 and a standard deviation of 0.75: Incorrect </li>
<li> The distribution has a mean of 350 and a standard deviation of 700. <br /> The distribution has a mean of 350 and a standard deviation of 700…: Incorrect </li>
</ul>
]]></mattext>
</material>
</flow_mat>
</itemfeedback>
<itemfeedback ident="general_incorrect_fb" view="All">
<flow_mat>
<material>
<mattext texttype="text/html"><![CDATA[
<ul>
<li> The distribution has a mean of 1 and a standard deviation of 1. <br /> The distribution has a mean of 1 and a standard deviation of 1.:Incorrect </li>
<li> The distribution has a mean of 1.5 and a standard deviation of 0.028. <br /> The distribution has a mean of 1.5 and a standard deviation of 0.028…: Correct </li>
<li> The distribution has a mean of 1.5 and a standard deviation of 0.75 <br /> The distribution has a mean of 1.5 and a standard deviation of 0.75: Incorrect </li>
<li> The distribution has a mean of 350 and a standard deviation of 700. <br /> The distribution has a mean of 350 and a standard deviation of 700…: Incorrect </li>
</ul>
]]></mattext>
</material>
</flow_mat>
</itemfeedback>
</item>


</section>

</assessment>
</questestinterop>
