<?xml version="1.0" encoding="UTF-8"?>
<assessmentItem xsi:schemaLocation="http://www.imsglobal.org/xsd/imsqti_v2p1 http://www.imsglobal.org/xsd/qti/qtiv2p1/imsqti_v2p1p1.xsd http://www.w3.org/1998/Math/MathML http://www.w3.org/Math/XMLSchema/mathml2/mathml2.xsd" identifier="vufgb-anovaftest-007-en-ans_635375221_section_1_item_1_schoice" title="Inferential_Statistics_vufgb-anovaftest-007-en_vufgb-anovaftest-007-en_schoice_1" adaptive="false" timeDependent="false" xmlns="http://www.imsglobal.org/xsd/imsqti_v2p1" xmlns:xsi="http://www.w3.org/2001/XMLSchema-instance">
<responseDeclaration identifier="vufgb-anovaftest-007-en-ans_635375221_section_1_item_1_schoice_RESPONSE_1_1474014" cardinality="single" baseType="identifier">
<correctResponse>
<value>vufgb-anovaftest-007-en-ans_635375221_section_1_item_1_schoice_1_7674571457</value>
</correctResponse>
<mapping defaultValue="0" lowerBound="0.0">
<mapEntry mapKey="vufgb-anovaftest-007-en-ans_635375221_section_1_item_1_schoice_1_7674571457" mappedValue="1"/>
<mapEntry mapKey="vufgb-anovaftest-007-en-ans_635375221_section_1_item_1_schoice_2_2925147917" mappedValue="0"/>
<mapEntry mapKey="vufgb-anovaftest-007-en-ans_635375221_section_1_item_1_schoice_3_9181601810" mappedValue="0"/>
<mapEntry mapKey="vufgb-anovaftest-007-en-ans_635375221_section_1_item_1_schoice_4_9322912627" mappedValue="0"/>
</mapping>
</responseDeclaration>
<outcomeDeclaration identifier="SCORE" cardinality="single" baseType="float" normalMaximum="1" normalMinimum="0">
<defaultValue>
<value>0.0</value>
</defaultValue>
</outcomeDeclaration>
<outcomeDeclaration identifier="MAXSCORE" cardinality="single" baseType="float">
<defaultValue>
<value>1</value>
</defaultValue>
</outcomeDeclaration>
<outcomeDeclaration identifier="FEEDBACKBASIC" cardinality="single" baseType="identifier" view="testConstructor">
<defaultValue>
<value>empty</value>
</defaultValue>
</outcomeDeclaration>
<outcomeDeclaration identifier="FEEDBACKMODAL" cardinality="multiple" baseType="identifier" view="testConstructor"/>
<outcomeDeclaration identifier="SOLUTIONMODAL" cardinality="single" baseType="identifier" view="testConstructor"/>
<outcomeDeclaration identifier="MINSCORE" cardinality="single" baseType="float">
<defaultValue>
<value baseType="float">0</value>
</defaultValue>
</outcomeDeclaration>
<outcomeDeclaration identifier="SCORE_RESPONSE_1" cardinality="single" baseType="float">
<defaultValue>
<value>0.0</value>
</defaultValue>
</outcomeDeclaration>
<outcomeDeclaration identifier="MINSCORE_RESPONSE_1" cardinality="single" baseType="float">
<defaultValue>
<value>0.0</value>
</defaultValue>
</outcomeDeclaration>
<itemBody>
<p>In a study of differences in temperament in children who have previously experienced different types of trauma, the following ANOVA table is found. Complete the table and calculate the F value.</p>
<p><img src="media/supplements1/vufgb-anovaftest-007-nl-table01.jpg" /></p>
<choiceInteraction responseIdentifier="vufgb-anovaftest-007-en-ans_635375221_section_1_item_1_schoice_RESPONSE_1_1474014" shuffle="false" maxChoices="1">
<simpleChoice identifier="vufgb-anovaftest-007-en-ans_635375221_section_1_item_1_schoice_1_7674571457">
<p>
 5.62
</p>
</simpleChoice>
<simpleChoice identifier="vufgb-anovaftest-007-en-ans_635375221_section_1_item_1_schoice_2_2925147917">
<p>
 4.69
</p>
</simpleChoice>
<simpleChoice identifier="vufgb-anovaftest-007-en-ans_635375221_section_1_item_1_schoice_3_9181601810">
<p>
 3.91
</p>
</simpleChoice>
<simpleChoice identifier="vufgb-anovaftest-007-en-ans_635375221_section_1_item_1_schoice_4_9322912627">
<p>
 0.20
</p>
</simpleChoice>
</choiceInteraction>
</itemBody>
<responseProcessing>
<setOutcomeValue identifier="SCORE_RESPONSE_1">
<sum>
<variable identifier="SCORE_RESPONSE_1"/>
<mapResponse identifier="vufgb-anovaftest-007-en-ans_635375221_section_1_item_1_schoice_RESPONSE_1_1474014"/>
</sum>
</setOutcomeValue>
<responseCondition>
<responseIf>
<lt>
<variable identifier="SCORE_RESPONSE_1"/>
<variable identifier="MINSCORE_RESPONSE_1"/>
</lt>
<setOutcomeValue identifier="SCORE_RESPONSE_1">
<variable identifier="MINSCORE_RESPONSE_1"/>
</setOutcomeValue>
</responseIf>
</responseCondition>
<responseCondition>
<responseIf>
<isNull>
<variable identifier="vufgb-anovaftest-007-en-ans_635375221_section_1_item_1_schoice_RESPONSE_1_1474014"/>
</isNull>
<setOutcomeValue identifier="SCORE_RESPONSE_1">
<sum>
<variable identifier="SCORE_RESPONSE_1"/>
<baseValue baseType="float">0</baseValue>
</sum>
</setOutcomeValue>
</responseIf>
</responseCondition>
<setOutcomeValue identifier="SCORE">
<sum>
<variable identifier="SCORE_RESPONSE_1"/>
</sum>
</setOutcomeValue>
<responseCondition>
<responseIf>
<lt>
<variable identifier="SCORE"/>
<variable identifier="MINSCORE"/>
</lt>
<setOutcomeValue identifier="SCORE">
<variable identifier="MINSCORE"/>
</setOutcomeValue>
</responseIf>
</responseCondition>
<responseCondition>
<responseIf>
<lt>
<variable identifier="SCORE"/>
<baseValue baseType="float">1</baseValue>
</lt>
<setOutcomeValue identifier="FEEDBACKMODAL">
<multiple>
<variable identifier="FEEDBACKMODAL"/>
<baseValue baseType="identifier">Feedback168022026</baseValue>
</multiple>
</setOutcomeValue>
</responseIf>
</responseCondition>
</responseProcessing>
<modalFeedback outcomeIdentifier="FEEDBACK" showHide="show" identifier="incorrect">
<ul>
<li> 5.62 <br /> Correct </li>
<li> 4.69 <br /> Incorrect </li>
<li> 3.91 <br /> Incorrect </li>
<li> 0.20 <br /> Incorrect </li>
</ul>
</modalFeedback>
</assessmentItem>
