<?xml version="1.0" encoding="UTF-8"?>
<assessmentItem xsi:schemaLocation="http://www.imsglobal.org/xsd/imsqti_v2p1 http://www.imsglobal.org/xsd/qti/qtiv2p1/imsqti_v2p1p1.xsd http://www.w3.org/1998/Math/MathML http://www.w3.org/Math/XMLSchema/mathml2/mathml2.xsd" identifier="uu-factor-analysis-014-nl-qti_395418507_section_1_item_1_schoice" title="1" adaptive="false" timeDependent="false" xmlns="http://www.imsglobal.org/xsd/imsqti_v2p1" xmlns:xsi="http://www.w3.org/2001/XMLSchema-instance">
<responseDeclaration identifier="uu-factor-analysis-014-nl-qti_395418507_section_1_item_1_schoice_RESPONSE_1_7838389" cardinality="single" baseType="identifier">
<correctResponse>
<value>uu-factor-analysis-014-nl-qti_395418507_section_1_item_1_schoice_4_2095144665</value>
</correctResponse>
<mapping defaultValue="0" lowerBound="0.0">
<mapEntry mapKey="uu-factor-analysis-014-nl-qti_395418507_section_1_item_1_schoice_1_7690565403" mappedValue="0"/>
<mapEntry mapKey="uu-factor-analysis-014-nl-qti_395418507_section_1_item_1_schoice_2_9747334263" mappedValue="0"/>
<mapEntry mapKey="uu-factor-analysis-014-nl-qti_395418507_section_1_item_1_schoice_3_4748108960" mappedValue="0"/>
<mapEntry mapKey="uu-factor-analysis-014-nl-qti_395418507_section_1_item_1_schoice_4_2095144665" mappedValue="1"/>
</mapping>
</responseDeclaration>
<outcomeDeclaration identifier="SCORE" cardinality="single" baseType="float" normalMaximum="1" normalMinimum="0">
<defaultValue>
<value>0.0</value>
</defaultValue>
</outcomeDeclaration>
<outcomeDeclaration identifier="MAXSCORE" cardinality="single" baseType="float">
<defaultValue>
<value>1</value>
</defaultValue>
</outcomeDeclaration>
<outcomeDeclaration identifier="FEEDBACKBASIC" cardinality="single" baseType="identifier" view="testConstructor">
<defaultValue>
<value>empty</value>
</defaultValue>
</outcomeDeclaration>
<outcomeDeclaration identifier="FEEDBACKMODAL" cardinality="multiple" baseType="identifier" view="testConstructor"/>
<outcomeDeclaration identifier="MINSCORE" cardinality="single" baseType="float">
<defaultValue>
<value baseType="float">0</value>
</defaultValue>
</outcomeDeclaration>
<outcomeDeclaration identifier="SCORE_RESPONSE_1" cardinality="single" baseType="float">
<defaultValue>
<value>0.0</value>
</defaultValue>
</outcomeDeclaration>
<outcomeDeclaration identifier="MINSCORE_RESPONSE_1" cardinality="single" baseType="float">
<defaultValue>
<value>0.0</value>
</defaultValue>
</outcomeDeclaration>
<itemBody>
<p>Beoordeel de volgende twee uitspraken over factoranalyse:</p>
<ol style="list-style-type: upper-roman">
<li>Voor de interpretatie van een factor beoordelen we de items met een eigenwaarde groter dan 1.</li>
<li>Hoe hoger de communaliteit van een item, hoe minder variantie in het item door de factoroplossing wordt verklaard.</li>
</ol>
<choiceInteraction responseIdentifier="uu-factor-analysis-014-nl-qti_395418507_section_1_item_1_schoice_RESPONSE_1_7838389" shuffle="false" maxChoices="1">
<simpleChoice identifier="uu-factor-analysis-014-nl-qti_395418507_section_1_item_1_schoice_1_7690565403">
<p>
a. I is juist, II is juist
</p>
</simpleChoice>
<simpleChoice identifier="uu-factor-analysis-014-nl-qti_395418507_section_1_item_1_schoice_2_9747334263">
<p>
b. I is juist, II is niet juist
</p>
</simpleChoice>
<simpleChoice identifier="uu-factor-analysis-014-nl-qti_395418507_section_1_item_1_schoice_3_4748108960">
<p>
c. I is niet juist, II is juist
</p>
</simpleChoice>
<simpleChoice identifier="uu-factor-analysis-014-nl-qti_395418507_section_1_item_1_schoice_4_2095144665">
<p>
d. I is niet juist, II is niet juist
</p>
</simpleChoice>
</choiceInteraction>
</itemBody>
<responseProcessing>
<responseCondition>
<responseIf>
<isNull>
<variable identifier="uu-factor-analysis-014-nl-qti_395418507_section_1_item_1_schoice_RESPONSE_1_7838389"/>
</isNull>
<setOutcomeValue identifier="SCORE_RESPONSE_1">
<sum>
<variable identifier="SCORE_RESPONSE_1"/>
<baseValue baseType="float">0</baseValue>
</sum>
</setOutcomeValue>
</responseIf>
</responseCondition>
<setOutcomeValue identifier="SCORE_RESPONSE_1">
<sum>
<variable identifier="SCORE_RESPONSE_1"/>
<mapResponse identifier="uu-factor-analysis-014-nl-qti_395418507_section_1_item_1_schoice_RESPONSE_1_7838389"/>
</sum>
</setOutcomeValue>
<responseCondition>
<responseIf>
<lt>
<variable identifier="SCORE_RESPONSE_1"/>
<variable identifier="MINSCORE_RESPONSE_1"/>
</lt>
<setOutcomeValue identifier="SCORE_RESPONSE_1">
<variable identifier="MINSCORE_RESPONSE_1"/>
</setOutcomeValue>
</responseIf>
</responseCondition>
<setOutcomeValue identifier="SCORE">
<sum>
<variable identifier="SCORE_RESPONSE_1"/>
</sum>
</setOutcomeValue>
<responseCondition>
<responseIf>
<lt>
<variable identifier="SCORE"/>
<variable identifier="MINSCORE"/>
</lt>
<setOutcomeValue identifier="SCORE">
<variable identifier="MINSCORE"/>
</setOutcomeValue>
</responseIf>
</responseCondition>
<responseCondition>
<responseIf>
<lt>
<variable identifier="SCORE"/>
<baseValue baseType="float">1</baseValue>
</lt>
<setOutcomeValue identifier="FEEDBACKMODAL">
<multiple>
<variable identifier="FEEDBACKMODAL"/>
<baseValue baseType="identifier">Feedback175518192</baseValue>
</multiple>
</setOutcomeValue>
</responseIf>
</responseCondition>
</responseProcessing>
<modalFeedback identifier="Feedback175518192" outcomeIdentifier="FEEDBACKMODAL" showHide="show">
<ol type = "a">
<li> I is juist, II is juist <br />  </li>
<li> I is juist, II is niet juist <br />  </li>
<li> I is niet juist, II is juist <br />  </li>
<li> I is niet juist, II is niet juist <br />  </li>
</ol>
</modalFeedback>
</assessmentItem>
