<?xml version="1.0" encoding="UTF-8"?>
<assessmentItem xsi:schemaLocation="http://www.imsglobal.org/xsd/imsqti_v2p1 http://www.imsglobal.org/xsd/qti/qtiv2p1/imsqti_v2p1p1.xsd http://www.w3.org/1998/Math/MathML http://www.w3.org/Math/XMLSchema/mathml2/mathml2.xsd" identifier="uva-mean-413-nl-qti_842555954_section_1_item_1_schoice" title="1" adaptive="false" timeDependent="false" xmlns="http://www.imsglobal.org/xsd/imsqti_v2p1" xmlns:xsi="http://www.w3.org/2001/XMLSchema-instance">
<responseDeclaration identifier="uva-mean-413-nl-qti_842555954_section_1_item_1_schoice_RESPONSE_1_9075897" cardinality="single" baseType="identifier">
<correctResponse>
<value>uva-mean-413-nl-qti_842555954_section_1_item_1_schoice_3_9028164514</value>
</correctResponse>
<mapping defaultValue="0" lowerBound="0.0">
<mapEntry mapKey="uva-mean-413-nl-qti_842555954_section_1_item_1_schoice_1_2885889744" mappedValue="0"/>
<mapEntry mapKey="uva-mean-413-nl-qti_842555954_section_1_item_1_schoice_2_4717304408" mappedValue="0"/>
<mapEntry mapKey="uva-mean-413-nl-qti_842555954_section_1_item_1_schoice_3_9028164514" mappedValue="1"/>
<mapEntry mapKey="uva-mean-413-nl-qti_842555954_section_1_item_1_schoice_4_1224841029" mappedValue="0"/>
</mapping>
</responseDeclaration>
<outcomeDeclaration identifier="SCORE" cardinality="single" baseType="float" normalMaximum="1" normalMinimum="0">
<defaultValue>
<value>0.0</value>
</defaultValue>
</outcomeDeclaration>
<outcomeDeclaration identifier="MAXSCORE" cardinality="single" baseType="float">
<defaultValue>
<value>1</value>
</defaultValue>
</outcomeDeclaration>
<outcomeDeclaration identifier="FEEDBACKBASIC" cardinality="single" baseType="identifier" view="testConstructor">
<defaultValue>
<value>empty</value>
</defaultValue>
</outcomeDeclaration>
<outcomeDeclaration identifier="FEEDBACKMODAL" cardinality="multiple" baseType="identifier" view="testConstructor"/>
<outcomeDeclaration identifier="SOLUTIONMODAL" cardinality="single" baseType="identifier" view="testConstructor"/>
<outcomeDeclaration identifier="MINSCORE" cardinality="single" baseType="float">
<defaultValue>
<value baseType="float">0</value>
</defaultValue>
</outcomeDeclaration>
<outcomeDeclaration identifier="SCORE_RESPONSE_1" cardinality="single" baseType="float">
<defaultValue>
<value>0.0</value>
</defaultValue>
</outcomeDeclaration>
<outcomeDeclaration identifier="MINSCORE_RESPONSE_1" cardinality="single" baseType="float">
<defaultValue>
<value>0.0</value>
</defaultValue>
</outcomeDeclaration>
<itemBody>
<p>Uit een grote populatie wordt een steekproef van 7 personen getrokken en
hun lichaamstemperatuur (in °C) wordt gemeten, met als uitkomsten: 37.5,
37.1, 38.0, 37.6, 36.8, 37.1, 37.7 De mediaan van deze steekproef is
gelijk aan</p>
<choiceInteraction responseIdentifier="uva-mean-413-nl-qti_842555954_section_1_item_1_schoice_RESPONSE_1_9075897" shuffle="false" maxChoices="1">
<simpleChoice identifier="uva-mean-413-nl-qti_842555954_section_1_item_1_schoice_1_2885889744">
<p>
 37.1
</p>
</simpleChoice>
<simpleChoice identifier="uva-mean-413-nl-qti_842555954_section_1_item_1_schoice_2_4717304408">
<p>
 37.4
</p>
</simpleChoice>
<simpleChoice identifier="uva-mean-413-nl-qti_842555954_section_1_item_1_schoice_3_9028164514">
<p>
 37.5
</p>
</simpleChoice>
<simpleChoice identifier="uva-mean-413-nl-qti_842555954_section_1_item_1_schoice_4_1224841029">
<p>
 37.6
</p>
</simpleChoice>
</choiceInteraction>
</itemBody>
<responseProcessing>
<setOutcomeValue identifier="SCORE_RESPONSE_1">
<sum>
<variable identifier="SCORE_RESPONSE_1"/>
<mapResponse identifier="uva-mean-413-nl-qti_842555954_section_1_item_1_schoice_RESPONSE_1_9075897"/>
</sum>
</setOutcomeValue>
<responseCondition>
<responseIf>
<lt>
<variable identifier="SCORE_RESPONSE_1"/>
<variable identifier="MINSCORE_RESPONSE_1"/>
</lt>
<setOutcomeValue identifier="SCORE_RESPONSE_1">
<variable identifier="MINSCORE_RESPONSE_1"/>
</setOutcomeValue>
</responseIf>
</responseCondition>
<responseCondition>
<responseIf>
<isNull>
<variable identifier="uva-mean-413-nl-qti_842555954_section_1_item_1_schoice_RESPONSE_1_9075897"/>
</isNull>
<setOutcomeValue identifier="SCORE_RESPONSE_1">
<sum>
<variable identifier="SCORE_RESPONSE_1"/>
<baseValue baseType="float">0</baseValue>
</sum>
</setOutcomeValue>
</responseIf>
</responseCondition>
<setOutcomeValue identifier="SCORE">
<sum>
<variable identifier="SCORE_RESPONSE_1"/>
</sum>
</setOutcomeValue>
<responseCondition>
<responseIf>
<lt>
<variable identifier="SCORE"/>
<variable identifier="MINSCORE"/>
</lt>
<setOutcomeValue identifier="SCORE">
<variable identifier="MINSCORE"/>
</setOutcomeValue>
</responseIf>
</responseCondition>
<responseCondition>
<responseIf>
<lt>
<variable identifier="SCORE"/>
<baseValue baseType="float">1</baseValue>
</lt>
<setOutcomeValue identifier="FEEDBACKMODAL">
<multiple>
<variable identifier="FEEDBACKMODAL"/>
<baseValue baseType="identifier">Feedback673770865</baseValue>
</multiple>
</setOutcomeValue>
</responseIf>
</responseCondition>
</responseProcessing>
<modalFeedback identifier="Feedback673770865" outcomeIdentifier="FEEDBACKMODAL" showHide="show">
<ul>
<li> 37.1 <br /> 37.1: Incorrect </li>
<li> 37.4 <br /> 37.4: Incorrect </li>
<li> 37.5 <br /> 37.5: Correct </li>
<li> 37.6 <br /> 37.6: Incorrect </li>
</ul>
</modalFeedback>
</assessmentItem>
