<?xml version="1.0" encoding="utf-8" standalone="yes"?>
<assessmentItem identifier="uu-ANOVA-822-nl-tv_202307180609_item_1_schoice" title="uu-ANOVA-822-nl-tv_202307180609_item_1_schoice_uu-ANOVA-822-nl.Rmd" adaptive="false" timeDependent="false" toolName="Testvision Online" toolVersion="39.0.9084" xmlns="http://www.imsglobal.org/xsd/imsqti_v2p1">
<responseDeclaration identifier="RESPONSE" cardinality="single" baseType="identifier">
<correctResponse>
<value>alt_716574</value>
</correctResponse>
<mapping defaultValue="0" lowerBound="0.0">
<mapEntry mapKey="alt_716574" mappedValue="1"/>
<mapEntry mapKey="alt_867020" mappedValue="-0.333333333333333"/>
<mapEntry mapKey="alt_911468" mappedValue="-0.333333333333333"/>
<mapEntry mapKey="alt_590173" mappedValue="-0.333333333333333"/>
</mapping>
</responseDeclaration>
<outcomeDeclaration identifier="SCORE" cardinality="single" baseType="float" normalMaximum="1" normalMinimum="0" />
<outcomeDeclaration identifier="FEEDBACK" cardinality="single" baseType="identifier" />
<itemBody>
<p>Uit een onderzoek is het resultaat in onderstaande ANOVA-tabel gepresenteerd</p>
<p><img src="mediafiles/supplements1/uu-ANOVA-822-nl-tabel.jpg" alt="image"/></p>
<p>Hieruit blijkt dat:</p>
<choiceInteraction responseIdentifier="RESPONSE" shuffle="false" maxChoices="1">
<simpleChoice identifier="alt_716574">
<div class="textblock tvblock tvcss_1"><div class="rte_zone tveditor1">
 Het gevonden resultaat is niet significant op 5% want Fobt &lt; Fcrit.
</div>
</div>
</simpleChoice>
<simpleChoice identifier="alt_867020">
<div class="textblock tvblock tvcss_1"><div class="rte_zone tveditor1">
 Het gevonden resultaat is niet significant op 5% want Fobt &gt; Fcrit
</div>
</div>
</simpleChoice>
<simpleChoice identifier="alt_911468">
<div class="textblock tvblock tvcss_1"><div class="rte_zone tveditor1">
 Het gevonden resultaat is significant op 5% want Fobt &gt; Fcrit.
</div>
</div>
</simpleChoice>
<simpleChoice identifier="alt_590173">
<div class="textblock tvblock tvcss_1"><div class="rte_zone tveditor1">
 Het gevonden resultaat is significant op 5% want Fobt &lt; Fcrit.
</div>
</div>
</simpleChoice>
</choiceInteraction>
</itemBody>
<responseProcessing>
<responseCondition>
<responseIf>
<isNull>
<variable identifier="RESPONSE"/>
</isNull>
<setOutcomeValue identifier="SCORE">
<baseValue baseType="float">0.0</baseValue>
</setOutcomeValue>
<setOutcomeValue identifier="FEEDBACK">
<baseValue baseType="identifier">FAILURE</baseValue>
</setOutcomeValue>
</responseIf>
<responseElse>
<setOutcomeValue identifier="SCORE">
<mapResponse identifier="RESPONSE"/>
</setOutcomeValue>
<responseCondition>
<responseIf>
<equal toleranceMode="relative" tolerance="0.001">
<variable identifier="SCORE"/>
<variable identifier="MAXSCORE"/>
</equal>
<setOutcomeValue identifier="FEEDBACK">
<baseValue baseType="identifier">ANSWER_CORRECT</baseValue>
</setOutcomeValue>
</responseIf>
<responseElse>
<setOutcomeValue identifier="FEEDBACK">
<baseValue baseType="identifier">FAILURE</baseValue>
</setOutcomeValue>
</responseElse>
</responseCondition>
</responseElse>
</responseCondition>
</responseProcessing>
<modalFeedback identifier="FAILURE" outcomeIdentifier="FEEDBACK" showHide="show">
<div class="textblock tvblock tvcss_1"><div class="rte_zone tveditor1">
</div>
</div>
</modalFeedback>
<modalFeedback identifier="ANSWER_CORRECT" outcomeIdentifier="FEEDBACK" showHide="show">
<div class="textblock tvblock tvcss_1"><div class="rte_zone tveditor1">
</div>
</div>
</modalFeedback>
<modalFeedback identifier="PARTIAL_CORRECT" outcomeIdentifier="FEEDBACK" showHide="show">
<div class="textblock tvblock tvcss_1"><div class="rte_zone tveditor1">
</div>
</div>
</modalFeedback>
</assessmentItem>
