<?xml version="1.0" encoding="UTF-8"?>
<assessmentItem xsi:schemaLocation="http://www.imsglobal.org/xsd/imsqti_v2p1 http://www.imsglobal.org/xsd/qti/qtiv2p1/imsqti_v2p1p1.xsd http://www.w3.org/1998/Math/MathML http://www.w3.org/Math/XMLSchema/mathml2/mathml2.xsd" identifier="vufsw-twoway_anova-0271-nl-ans_950426957_section_1_item_1_schoice" title="Inferential_Statistics_vufsw-twoway_anova-0271-nl_vufsw-twoway_anova-0271-nl_schoice_1" adaptive="false" timeDependent="false" xmlns="http://www.imsglobal.org/xsd/imsqti_v2p1" xmlns:xsi="http://www.w3.org/2001/XMLSchema-instance">
<responseDeclaration identifier="vufsw-twoway_anova-0271-nl-ans_950426957_section_1_item_1_schoice_RESPONSE_1_6111775" cardinality="single" baseType="identifier">
<correctResponse>
<value>vufsw-twoway_anova-0271-nl-ans_950426957_section_1_item_1_schoice_1_1526640193</value>
</correctResponse>
<mapping defaultValue="0" lowerBound="0.0">
<mapEntry mapKey="vufsw-twoway_anova-0271-nl-ans_950426957_section_1_item_1_schoice_1_1526640193" mappedValue="1"/>
<mapEntry mapKey="vufsw-twoway_anova-0271-nl-ans_950426957_section_1_item_1_schoice_2_5199004870" mappedValue="0"/>
<mapEntry mapKey="vufsw-twoway_anova-0271-nl-ans_950426957_section_1_item_1_schoice_3_8095593236" mappedValue="0"/>
<mapEntry mapKey="vufsw-twoway_anova-0271-nl-ans_950426957_section_1_item_1_schoice_4_7854580464" mappedValue="0"/>
</mapping>
</responseDeclaration>
<outcomeDeclaration identifier="SCORE" cardinality="single" baseType="float" normalMaximum="1" normalMinimum="0">
<defaultValue>
<value>0.0</value>
</defaultValue>
</outcomeDeclaration>
<outcomeDeclaration identifier="MAXSCORE" cardinality="single" baseType="float">
<defaultValue>
<value>1</value>
</defaultValue>
</outcomeDeclaration>
<outcomeDeclaration identifier="FEEDBACKBASIC" cardinality="single" baseType="identifier" view="testConstructor">
<defaultValue>
<value>empty</value>
</defaultValue>
</outcomeDeclaration>
<outcomeDeclaration identifier="FEEDBACKMODAL" cardinality="multiple" baseType="identifier" view="testConstructor"/>
<outcomeDeclaration identifier="SOLUTIONMODAL" cardinality="single" baseType="identifier" view="testConstructor"/>
<outcomeDeclaration identifier="MINSCORE" cardinality="single" baseType="float">
<defaultValue>
<value baseType="float">0</value>
</defaultValue>
</outcomeDeclaration>
<outcomeDeclaration identifier="SCORE_RESPONSE_1" cardinality="single" baseType="float">
<defaultValue>
<value>0.0</value>
</defaultValue>
</outcomeDeclaration>
<outcomeDeclaration identifier="MINSCORE_RESPONSE_1" cardinality="single" baseType="float">
<defaultValue>
<value>0.0</value>
</defaultValue>
</outcomeDeclaration>
<itemBody>
<p>Welk analyse model wordt toegepast bij een between-groups design met één
afhankelijke variabele en twee categorische  onafhankelijke
variabelen?<br />
De afhankelijke variabele is hierbij een continue variabele.</p>
<choiceInteraction responseIdentifier="vufsw-twoway_anova-0271-nl-ans_950426957_section_1_item_1_schoice_RESPONSE_1_6111775" shuffle="false" maxChoices="1">
<simpleChoice identifier="vufsw-twoway_anova-0271-nl-ans_950426957_section_1_item_1_schoice_1_1526640193">
<p>
 Two-way ANOVA
</p>
</simpleChoice>
<simpleChoice identifier="vufsw-twoway_anova-0271-nl-ans_950426957_section_1_item_1_schoice_2_5199004870">
<p>
 MANOVA
</p>
</simpleChoice>
<simpleChoice identifier="vufsw-twoway_anova-0271-nl-ans_950426957_section_1_item_1_schoice_3_8095593236">
<p>
 ANCOVA
</p>
</simpleChoice>
<simpleChoice identifier="vufsw-twoway_anova-0271-nl-ans_950426957_section_1_item_1_schoice_4_7854580464">
<p>
 One-way ANOVA
</p>
</simpleChoice>
</choiceInteraction>
</itemBody>
<responseProcessing>
<setOutcomeValue identifier="SCORE_RESPONSE_1">
<sum>
<variable identifier="SCORE_RESPONSE_1"/>
<mapResponse identifier="vufsw-twoway_anova-0271-nl-ans_950426957_section_1_item_1_schoice_RESPONSE_1_6111775"/>
</sum>
</setOutcomeValue>
<responseCondition>
<responseIf>
<lt>
<variable identifier="SCORE_RESPONSE_1"/>
<variable identifier="MINSCORE_RESPONSE_1"/>
</lt>
<setOutcomeValue identifier="SCORE_RESPONSE_1">
<variable identifier="MINSCORE_RESPONSE_1"/>
</setOutcomeValue>
</responseIf>
</responseCondition>
<responseCondition>
<responseIf>
<isNull>
<variable identifier="vufsw-twoway_anova-0271-nl-ans_950426957_section_1_item_1_schoice_RESPONSE_1_6111775"/>
</isNull>
<setOutcomeValue identifier="SCORE_RESPONSE_1">
<sum>
<variable identifier="SCORE_RESPONSE_1"/>
<baseValue baseType="float">0</baseValue>
</sum>
</setOutcomeValue>
</responseIf>
</responseCondition>
<setOutcomeValue identifier="SCORE">
<sum>
<variable identifier="SCORE_RESPONSE_1"/>
</sum>
</setOutcomeValue>
<responseCondition>
<responseIf>
<lt>
<variable identifier="SCORE"/>
<variable identifier="MINSCORE"/>
</lt>
<setOutcomeValue identifier="SCORE">
<variable identifier="MINSCORE"/>
</setOutcomeValue>
</responseIf>
</responseCondition>
<responseCondition>
<responseIf>
<lt>
<variable identifier="SCORE"/>
<baseValue baseType="float">1</baseValue>
</lt>
<setOutcomeValue identifier="FEEDBACKMODAL">
<multiple>
<variable identifier="FEEDBACKMODAL"/>
<baseValue baseType="identifier">Feedback349059376</baseValue>
</multiple>
</setOutcomeValue>
</responseIf>
</responseCondition>
</responseProcessing>
<modalFeedback outcomeIdentifier="FEEDBACK" showHide="show" identifier="incorrect">
<p>Een one-way ANOVA is een design met één categorische onafhankelijke
variabele en één afhankelijke variabele.<br />
Een two-way ANOVA is een design met twee categorische onafhankelijke
variabelen en één afhankelijke variabele.<br />
Een ANCOVA is een design met één categorische onafhankelijke variabele
één continue afhankelijke variabele (covariaat) en één afhankelijke
variabele.  <br />
Een MANOVA is een design met één categorische onafhankelijke variabele
en meerdere afhankelijke variabelen.</p>
<br />
<ul>
<li> Two-way ANOVA <br /> True </li>
<li> MANOVA <br /> False </li>
<li> ANCOVA <br /> False </li>
<li> One-way ANOVA <br /> False </li>
</ul>
</modalFeedback>
</assessmentItem>
