<?xml version="1.0" encoding="UTF-8"?>
<!DOCTYPE questestinterop SYSTEM "ims_qtiasiv1p2p1.dtd">

<questestinterop xmlns="http://www.imsglobal.org/xsd/ims_qtiasiv1p2" xmlns:xsi="http://www.w3.org/2001/XMLSchema-instance" xsi:schemaLocation="http://www.imsglobal.org/xsd/ims_qtiasiv1p2 http://www.imsglobal.org/xsd/ims_qtiasiv1p2p1.xsd">
<assessment ident="uu-ANOVA-829-nl-canvas_722036156" title="uu-ANOVA-829-nl-canvas">

<qtimetadata>
<qtimetadatafield>
<fieldlabel>cc_maxattempts</fieldlabel>
<fieldentry>1</fieldentry>
</qtimetadatafield>
<qtimetadatafield>
<fieldlabel>qmd_assessmenttype</fieldlabel>
<fieldentry>Assessment</fieldentry>
</qtimetadatafield>
</qtimetadata>
<objectives>
<material>
<mattext><![CDATA[Please solve the following exercises.]]></mattext>
</material>
</objectives>
<assessmentcontrol feedbackswitch="No" hintswitch="No" solutionswitch="Yes"/>
<outcomes_processing scoremodel="SumOfScores">
<outcomes>
<decvar varname="SCORE" vartype="Decimal" cutvalue="0"/>
</outcomes>
</outcomes_processing>
<assessfeedback title="AssessmentFeedback" ident="AssessmentFeedback">
<flow_mat>
<material>
<mattext>##AssessmentFeedback##</mattext>
</material>
</flow_mat>
</assessfeedback>

<section ident="uu-ANOVA-829-nl-canvas_722036156_section_1" title="Exercise">

<objectives>
<material>
<mattext><![CDATA[Please answer the following question.]]></mattext>
</material>
</objectives>
<selection_ordering>
<selection>
<selection_number>1</selection_number>
<selection_extension>
<points_per_item>1</points_per_item>
</selection_extension>
</selection>
<order order_type="Random"/>
</selection_ordering>

<item ident="uu-ANOVA-829-nl-canvas_722036156_section_1_item_1_schoice" title="Question" maxattempts="1">
<itemcontrol feedbackswitch="No" hintswitch="No" solutionswitch="Yes"/>
<itemmetadata>
<qtimetadata>
<qtimetadatafield>
<fieldlabel>question_type</fieldlabel>
<fieldentry>multiple_choice_question</fieldentry>
</qtimetadatafield>
</qtimetadata>
</itemmetadata>
<presentation>
<flow>
<material>
<matbreak/>
<mattext texttype="text/html" charset="utf-8"><![CDATA[
<p>In 2006 is er een onderzoek uitgevoerd naar gevoelens van spijt ten aanzien van relaties en verschillen in die gevoelens tussen mannen en vrouwen. De proefgroep bestond uit 40 vrouwen en 29 mannen, gemiddelde leeftijd 19 jaar (sd = 1.18). Elke deelnemer heeft een vragenlijst ingevuld volgens de volgende instructies:</p>
<p>Als je terugkijkt op je relatie is er dan iets waar je echt veel spijt van hebt? Iets dat je anders had willen doen. Iets waar je wel of juist geen actie had willen ondernemen.</p>
<p>Teun en Gijs moeten voor hun statistiekcursus een onderzoekje doen. Na het lezen van een artikel over het onderzoek naar spijtgevoelens hebben ze zelf een soortgelijk onderzoek gedaan. Samen hebben ze een lijstje opgesteld met potentieel genante of ongemakkelijke situaties die in relaties voorkomen (de vraag “Ben ik te dik?” met “Ja” beantwoorden, samen naar de sauna, enz.). Veertig medestudenten worden gevraagd om mee te werken aan dit onderzoek: 20 vrouwelijke studenten en 20 mannelijke studenten. Ze worden gevraagd aan te geven hoeveel spijt ze hebben van de beschreven situaties (waar 0 ‘geen spijt’ en 10 ‘heel erg veel spijt’ betekent). De helft van de vrouwen en de helft van de mannen wordt gevraagd de vragen te beantwoorden over een romantische relatie (een vaste vriend of vriendin), de andere helft wordt gevraagd dit te doen over een vriendschappelijke relatie (een goede vriend of vriendin).</p>
<p>Het design dat Gijs en Teun kiezen voor hun experiment is:</p>
]]></mattext>
<matbreak/>
</material>
<response_lid ident="uu-ANOVA-829-nl-canvas_722036156_section_1_item_1_schoice_RESPONSE_3728372" rcardinality="Single" rtiming="No">
<render_choice shuffle="No">
<flow_label class="List">
<response_label ident="uu-ANOVA-829-nl-canvas_722036156_section_1_item_1_schoice_1929261290" rshuffle="No">
<material>
<mattext texttype="text/html" charset="utf-8"><![CDATA[
 Een binnen-personen 2 x 2 factorieel design.
]]></mattext>
</material>
</response_label>
</flow_label>
<flow_label class="List">
<response_label ident="uu-ANOVA-829-nl-canvas_722036156_section_1_item_1_schoice_8492494151" rshuffle="No">
<material>
<mattext texttype="text/html" charset="utf-8"><![CDATA[
 Een tussen-personen 2 x 2 factorieel design.
]]></mattext>
</material>
</response_label>
</flow_label>
<flow_label class="List">
<response_label ident="uu-ANOVA-829-nl-canvas_722036156_section_1_item_1_schoice_4252495765" rshuffle="No">
<material>
<mattext texttype="text/html" charset="utf-8"><![CDATA[
 Een tussen-personen experimenteel multilevel-design.
]]></mattext>
</material>
</response_label>
</flow_label>
<flow_label class="List">
<response_label ident="uu-ANOVA-829-nl-canvas_722036156_section_1_item_1_schoice_1809199917" rshuffle="No">
<material>
<mattext texttype="text/html" charset="utf-8"><![CDATA[
 Dat kun je niet weten, als je niet weet hoeveel afhankelijke variabelen er zijn.
]]></mattext>
</material>
</response_label>
</flow_label>
</render_choice>
</response_lid>
</flow>
</presentation>
<resprocessing>
<outcomes>
<decvar varname="SCORE" vartype="Decimal" defaultval="0" minvalue="0" maxvalue="1" cutvalue="1"/>
</outcomes>
<respcondition title="Mastery" continue="No">
<conditionvar>
<and>
<varequal respident="uu-ANOVA-829-nl-canvas_722036156_section_1_item_1_schoice_RESPONSE_3728372" case="Yes">uu-ANOVA-829-nl-canvas_722036156_section_1_item_1_schoice_8492494151</varequal>
<not> <varequal respident="uu-ANOVA-829-nl-canvas_722036156_section_1_item_1_schoice_RESPONSE_3728372" case="Yes">uu-ANOVA-829-nl-canvas_722036156_section_1_item_1_schoice_1929261290</varequal> </not>
<not> <varequal respident="uu-ANOVA-829-nl-canvas_722036156_section_1_item_1_schoice_RESPONSE_3728372" case="Yes">uu-ANOVA-829-nl-canvas_722036156_section_1_item_1_schoice_4252495765</varequal> </not>
<not> <varequal respident="uu-ANOVA-829-nl-canvas_722036156_section_1_item_1_schoice_RESPONSE_3728372" case="Yes">uu-ANOVA-829-nl-canvas_722036156_section_1_item_1_schoice_1809199917</varequal> </not>
</and>
</conditionvar>
<setvar varname="SCORE" action="Set">1</setvar>
<displayfeedback feedbacktype="Response" linkrefid="correct_fb"/>
</respcondition>
<respcondition continue="Yes">
<conditionvar>
<other/>
</conditionvar>
<displayfeedback feedbacktype="Response" linkrefid="general_incorrect_fb"/>
</respcondition>
</resprocessing>
<itemfeedback ident="correct_fb" view="All">
<flow_mat>
<material>
<mattext texttype="text/html"><![CDATA[

]]></mattext>
</material>
</flow_mat>
</itemfeedback>
<itemfeedback ident="general_incorrect_fb" view="All">
<flow_mat>
<material>
<mattext texttype="text/html"><![CDATA[

]]></mattext>
</material>
</flow_mat>
</itemfeedback>
</item>


</section>

</assessment>
</questestinterop>
