<?xml version="1.0" encoding="UTF-8"?>
<assessmentItem xsi:schemaLocation="http://www.imsglobal.org/xsd/imsqti_v2p1 http://www.imsglobal.org/xsd/qti/qtiv2p1/imsqti_v2p1p1.xsd http://www.w3.org/1998/Math/MathML http://www.w3.org/Math/XMLSchema/mathml2/mathml2.xsd" identifier="vufgb-homogeneityofvariance-002-nl-ans_949979911_section_1_item_1_schoice" title="Assumptions_vufgb-homogeneityofvariance-002-nl_vufgb-homogeneityofvariance-002-nl_schoice_1" adaptive="false" timeDependent="false" xmlns="http://www.imsglobal.org/xsd/imsqti_v2p1" xmlns:xsi="http://www.w3.org/2001/XMLSchema-instance">
<responseDeclaration identifier="vufgb-homogeneityofvariance-002-nl-ans_949979911_section_1_item_1_schoice_RESPONSE_1_3557239" cardinality="single" baseType="identifier">
<correctResponse>
<value>vufgb-homogeneityofvariance-002-nl-ans_949979911_section_1_item_1_schoice_4_3832960575</value>
</correctResponse>
<mapping defaultValue="0" lowerBound="0.0">
<mapEntry mapKey="vufgb-homogeneityofvariance-002-nl-ans_949979911_section_1_item_1_schoice_1_3193060913" mappedValue="0"/>
<mapEntry mapKey="vufgb-homogeneityofvariance-002-nl-ans_949979911_section_1_item_1_schoice_2_5761928044" mappedValue="0"/>
<mapEntry mapKey="vufgb-homogeneityofvariance-002-nl-ans_949979911_section_1_item_1_schoice_3_1602037706" mappedValue="0"/>
<mapEntry mapKey="vufgb-homogeneityofvariance-002-nl-ans_949979911_section_1_item_1_schoice_4_3832960575" mappedValue="1"/>
</mapping>
</responseDeclaration>
<outcomeDeclaration identifier="SCORE" cardinality="single" baseType="float" normalMaximum="1" normalMinimum="0">
<defaultValue>
<value>0.0</value>
</defaultValue>
</outcomeDeclaration>
<outcomeDeclaration identifier="MAXSCORE" cardinality="single" baseType="float">
<defaultValue>
<value>1</value>
</defaultValue>
</outcomeDeclaration>
<outcomeDeclaration identifier="FEEDBACKBASIC" cardinality="single" baseType="identifier" view="testConstructor">
<defaultValue>
<value>empty</value>
</defaultValue>
</outcomeDeclaration>
<outcomeDeclaration identifier="FEEDBACKMODAL" cardinality="multiple" baseType="identifier" view="testConstructor"/>
<outcomeDeclaration identifier="SOLUTIONMODAL" cardinality="single" baseType="identifier" view="testConstructor"/>
<outcomeDeclaration identifier="MINSCORE" cardinality="single" baseType="float">
<defaultValue>
<value baseType="float">0</value>
</defaultValue>
</outcomeDeclaration>
<outcomeDeclaration identifier="SCORE_RESPONSE_1" cardinality="single" baseType="float">
<defaultValue>
<value>0.0</value>
</defaultValue>
</outcomeDeclaration>
<outcomeDeclaration identifier="MINSCORE_RESPONSE_1" cardinality="single" baseType="float">
<defaultValue>
<value>0.0</value>
</defaultValue>
</outcomeDeclaration>
<itemBody>
<p>Een assumptie van het meervoudige lineaire regressiemodel is homogeniteit van varianties. Wat houdt deze assumptie in?</p>
<choiceInteraction responseIdentifier="vufgb-homogeneityofvariance-002-nl-ans_949979911_section_1_item_1_schoice_RESPONSE_1_3557239" shuffle="false" maxChoices="1">
<simpleChoice identifier="vufgb-homogeneityofvariance-002-nl-ans_949979911_section_1_item_1_schoice_1_3193060913">
<p>
 Dat de marginale variantie hetzelfde is voor elke waarde van x.
</p>
</simpleChoice>
<simpleChoice identifier="vufgb-homogeneityofvariance-002-nl-ans_949979911_section_1_item_1_schoice_2_5761928044">
<p>
 Dat de marginale variantie hetzelfde is voor elke waarde van <span class="math inline">\(\hat{y}\)</span>.
</p>
</simpleChoice>
<simpleChoice identifier="vufgb-homogeneityofvariance-002-nl-ans_949979911_section_1_item_1_schoice_3_1602037706">
<p>
 Dat de conditionele variantie hetzelfde is voor elke waarde van x.
</p>
</simpleChoice>
<simpleChoice identifier="vufgb-homogeneityofvariance-002-nl-ans_949979911_section_1_item_1_schoice_4_3832960575">
<p>
 Dat de conditionele variantie hetzelfde is voor elke waarde van <span class="math inline">\(\hat{y}\)</span>.
</p>
</simpleChoice>
</choiceInteraction>
</itemBody>
<responseProcessing>
<setOutcomeValue identifier="SCORE_RESPONSE_1">
<sum>
<variable identifier="SCORE_RESPONSE_1"/>
<mapResponse identifier="vufgb-homogeneityofvariance-002-nl-ans_949979911_section_1_item_1_schoice_RESPONSE_1_3557239"/>
</sum>
</setOutcomeValue>
<responseCondition>
<responseIf>
<lt>
<variable identifier="SCORE_RESPONSE_1"/>
<variable identifier="MINSCORE_RESPONSE_1"/>
</lt>
<setOutcomeValue identifier="SCORE_RESPONSE_1">
<variable identifier="MINSCORE_RESPONSE_1"/>
</setOutcomeValue>
</responseIf>
</responseCondition>
<responseCondition>
<responseIf>
<isNull>
<variable identifier="vufgb-homogeneityofvariance-002-nl-ans_949979911_section_1_item_1_schoice_RESPONSE_1_3557239"/>
</isNull>
<setOutcomeValue identifier="SCORE_RESPONSE_1">
<sum>
<variable identifier="SCORE_RESPONSE_1"/>
<baseValue baseType="float">0</baseValue>
</sum>
</setOutcomeValue>
</responseIf>
</responseCondition>
<setOutcomeValue identifier="SCORE">
<sum>
<variable identifier="SCORE_RESPONSE_1"/>
</sum>
</setOutcomeValue>
<responseCondition>
<responseIf>
<lt>
<variable identifier="SCORE"/>
<variable identifier="MINSCORE"/>
</lt>
<setOutcomeValue identifier="SCORE">
<variable identifier="MINSCORE"/>
</setOutcomeValue>
</responseIf>
</responseCondition>
<responseCondition>
<responseIf>
<lt>
<variable identifier="SCORE"/>
<baseValue baseType="float">1</baseValue>
</lt>
<setOutcomeValue identifier="FEEDBACKMODAL">
<multiple>
<variable identifier="FEEDBACKMODAL"/>
<baseValue baseType="identifier">Feedback255868378</baseValue>
</multiple>
</setOutcomeValue>
</responseIf>
</responseCondition>
</responseProcessing>
<modalFeedback outcomeIdentifier="FEEDBACK" showHide="show" identifier="incorrect">
<ul>
<li> Dat de marginale variantie hetzelfde is voor elke waarde van x. <br /> Incorrect </li>
<li> Dat de marginale variantie hetzelfde is voor elke waarde van <span class="math inline">\(\hat{y}\)</span>. <br /> Incorrect </li>
<li> Dat de conditionele variantie hetzelfde is voor elke waarde van x. <br /> Incorrect </li>
<li> Dat de conditionele variantie hetzelfde is voor elke waarde van <span class="math inline">\(\hat{y}\)</span>. <br /> Correct </li>
</ul>
</modalFeedback>
</assessmentItem>
