<?xml version="1.0" encoding="UTF-8"?>
<assessmentItem xsi:schemaLocation="http://www.imsglobal.org/xsd/imsqti_v2p1 http://www.imsglobal.org/xsd/qti/qtiv2p1/imsqti_v2p1p1.xsd http://www.w3.org/1998/Math/MathML http://www.w3.org/Math/XMLSchema/mathml2/mathml2.xsd" identifier="vufsw-measurementlevel-0011-nl-qti_472608712_section_1_item_1_schoice" title="1" adaptive="false" timeDependent="false" xmlns="http://www.imsglobal.org/xsd/imsqti_v2p1" xmlns:xsi="http://www.w3.org/2001/XMLSchema-instance">
<responseDeclaration identifier="vufsw-measurementlevel-0011-nl-qti_472608712_section_1_item_1_schoice_RESPONSE_1_2751645" cardinality="single" baseType="identifier">
<correctResponse>
<value>vufsw-measurementlevel-0011-nl-qti_472608712_section_1_item_1_schoice_4_2468077084</value>
</correctResponse>
<mapping defaultValue="0" lowerBound="0.0">
<mapEntry mapKey="vufsw-measurementlevel-0011-nl-qti_472608712_section_1_item_1_schoice_1_5760863769" mappedValue="0"/>
<mapEntry mapKey="vufsw-measurementlevel-0011-nl-qti_472608712_section_1_item_1_schoice_2_9737162423" mappedValue="0"/>
<mapEntry mapKey="vufsw-measurementlevel-0011-nl-qti_472608712_section_1_item_1_schoice_3_7697790507" mappedValue="0"/>
<mapEntry mapKey="vufsw-measurementlevel-0011-nl-qti_472608712_section_1_item_1_schoice_4_2468077084" mappedValue="1"/>
</mapping>
</responseDeclaration>
<outcomeDeclaration identifier="SCORE" cardinality="single" baseType="float" normalMaximum="1" normalMinimum="0">
<defaultValue>
<value>0.0</value>
</defaultValue>
</outcomeDeclaration>
<outcomeDeclaration identifier="MAXSCORE" cardinality="single" baseType="float">
<defaultValue>
<value>1</value>
</defaultValue>
</outcomeDeclaration>
<outcomeDeclaration identifier="FEEDBACKBASIC" cardinality="single" baseType="identifier" view="testConstructor">
<defaultValue>
<value>empty</value>
</defaultValue>
</outcomeDeclaration>
<outcomeDeclaration identifier="FEEDBACKMODAL" cardinality="multiple" baseType="identifier" view="testConstructor"/>
<outcomeDeclaration identifier="SOLUTIONMODAL" cardinality="single" baseType="identifier" view="testConstructor"/>
<outcomeDeclaration identifier="MINSCORE" cardinality="single" baseType="float">
<defaultValue>
<value baseType="float">0</value>
</defaultValue>
</outcomeDeclaration>
<outcomeDeclaration identifier="SCORE_RESPONSE_1" cardinality="single" baseType="float">
<defaultValue>
<value>0.0</value>
</defaultValue>
</outcomeDeclaration>
<outcomeDeclaration identifier="MINSCORE_RESPONSE_1" cardinality="single" baseType="float">
<defaultValue>
<value>0.0</value>
</defaultValue>
</outcomeDeclaration>
<itemBody>
<p>Stel dat je geïnteresseerd bent of meer uren studeren per week tot
hogere cijfers zou leiden. Dit wil je onderzoeken onder studenten van de
Vrije Universiteit Amsterdam. Hierbij wil je studenten selecteren van
verschillende opleidingen, zoals sociologie, psychologie, politicologie
en antropologie.</p>
<p>Wat is het meetniveau van de variabele “opleiding”?</p>
<choiceInteraction responseIdentifier="vufsw-measurementlevel-0011-nl-qti_472608712_section_1_item_1_schoice_RESPONSE_1_2751645" shuffle="false" maxChoices="1">
<simpleChoice identifier="vufsw-measurementlevel-0011-nl-qti_472608712_section_1_item_1_schoice_1_5760863769">
<p>
 Ordinaal
</p>
</simpleChoice>
<simpleChoice identifier="vufsw-measurementlevel-0011-nl-qti_472608712_section_1_item_1_schoice_2_9737162423">
<p>
 Dichotoom
</p>
</simpleChoice>
<simpleChoice identifier="vufsw-measurementlevel-0011-nl-qti_472608712_section_1_item_1_schoice_3_7697790507">
<p>
 Interval of Ratio
</p>
</simpleChoice>
<simpleChoice identifier="vufsw-measurementlevel-0011-nl-qti_472608712_section_1_item_1_schoice_4_2468077084">
<p>
 Nominaal
</p>
</simpleChoice>
</choiceInteraction>
</itemBody>
<responseProcessing>
<setOutcomeValue identifier="SCORE_RESPONSE_1">
<sum>
<variable identifier="SCORE_RESPONSE_1"/>
<mapResponse identifier="vufsw-measurementlevel-0011-nl-qti_472608712_section_1_item_1_schoice_RESPONSE_1_2751645"/>
</sum>
</setOutcomeValue>
<responseCondition>
<responseIf>
<lt>
<variable identifier="SCORE_RESPONSE_1"/>
<variable identifier="MINSCORE_RESPONSE_1"/>
</lt>
<setOutcomeValue identifier="SCORE_RESPONSE_1">
<variable identifier="MINSCORE_RESPONSE_1"/>
</setOutcomeValue>
</responseIf>
</responseCondition>
<responseCondition>
<responseIf>
<isNull>
<variable identifier="vufsw-measurementlevel-0011-nl-qti_472608712_section_1_item_1_schoice_RESPONSE_1_2751645"/>
</isNull>
<setOutcomeValue identifier="SCORE_RESPONSE_1">
<sum>
<variable identifier="SCORE_RESPONSE_1"/>
<baseValue baseType="float">0</baseValue>
</sum>
</setOutcomeValue>
</responseIf>
</responseCondition>
<setOutcomeValue identifier="SCORE">
<sum>
<variable identifier="SCORE_RESPONSE_1"/>
</sum>
</setOutcomeValue>
<responseCondition>
<responseIf>
<lt>
<variable identifier="SCORE"/>
<variable identifier="MINSCORE"/>
</lt>
<setOutcomeValue identifier="SCORE">
<variable identifier="MINSCORE"/>
</setOutcomeValue>
</responseIf>
</responseCondition>
<responseCondition>
<responseIf>
<lt>
<variable identifier="SCORE"/>
<baseValue baseType="float">1</baseValue>
</lt>
<setOutcomeValue identifier="FEEDBACKMODAL">
<multiple>
<variable identifier="FEEDBACKMODAL"/>
<baseValue baseType="identifier">Feedback595726353</baseValue>
</multiple>
</setOutcomeValue>
</responseIf>
</responseCondition>
</responseProcessing>
<modalFeedback identifier="Feedback595726353" outcomeIdentifier="FEEDBACKMODAL" showHide="show">
<p>Het correcte antwoord is Nominaal</p>
<br />
<ul>
<li> Ordinaal <br /> Incorrect </li>
<li> Dichotoom <br /> Incorrect </li>
<li> Interval of Ratio <br /> Incorrect </li>
<li> Nominaal <br /> Correct </li>
</ul>
</modalFeedback>
</assessmentItem>
