<?xml version="1.0" encoding="utf-8" standalone="yes"?>
<assessmentItem identifier="vufgb-homogeneityofvariance-003-en-tv_202209061502_item_1_schoice" title="vufgb-homogeneityofvariance-003-en-tv_202209061502_item_1_schoice_vufgb-homogeneityofvariance-003-en" adaptive="false" timeDependent="false" toolName="Testvision Online" toolVersion="39.0.9084" xmlns="http://www.imsglobal.org/xsd/imsqti_v2p1">
<responseDeclaration identifier="RESPONSE" cardinality="single" baseType="identifier">
<correctResponse>
<value>alt_300438</value>
</correctResponse>
<mapping defaultValue="0" lowerBound="0.0">
<mapEntry mapKey="alt_900712" mappedValue="-0.333333333333333"/>
<mapEntry mapKey="alt_874239" mappedValue="-0.333333333333333"/>
<mapEntry mapKey="alt_300438" mappedValue="1"/>
<mapEntry mapKey="alt_276697" mappedValue="-0.333333333333333"/>
</mapping>
</responseDeclaration>
<outcomeDeclaration identifier="SCORE" cardinality="single" baseType="float" normalMaximum="1" normalMinimum="0" />
<outcomeDeclaration identifier="FEEDBACK" cardinality="single" baseType="identifier" />
<itemBody>
<p>See below some data of a study into abstract reasoning in three different groups. What can we deduce from these data?</p>
<p>Complete the following sentence.</p>
<p>The … of the three groups are significantly different, the assumption of … is violated.</p>
<p><img src="mediafiles/supplements1/vufgb-homogeneityofvariance-003-en-table01.jpg" alt="image"/></p>
<choiceInteraction responseIdentifier="RESPONSE" shuffle="false" maxChoices="1">
<simpleChoice identifier="alt_900712">
<div class="textblock tvblock tvcss_1"><div class="rte_zone tveditor1">
a. means; normality
</div>
</div>
</simpleChoice>
<simpleChoice identifier="alt_874239">
<div class="textblock tvblock tvcss_1"><div class="rte_zone tveditor1">
b. means; independent observations
</div>
</div>
</simpleChoice>
<simpleChoice identifier="alt_300438">
<div class="textblock tvblock tvcss_1"><div class="rte_zone tveditor1">
c. variances; homogeneity
</div>
</div>
</simpleChoice>
<simpleChoice identifier="alt_276697">
<div class="textblock tvblock tvcss_1"><div class="rte_zone tveditor1">
d. variances; multicollinearity
</div>
</div>
</simpleChoice>
</choiceInteraction>
</itemBody>
<responseProcessing>
<responseCondition>
<responseIf>
<isNull>
<variable identifier="RESPONSE"/>
</isNull>
<setOutcomeValue identifier="SCORE">
<baseValue baseType="float">0.0</baseValue>
</setOutcomeValue>
<setOutcomeValue identifier="FEEDBACK">
<baseValue baseType="identifier">FAILURE</baseValue>
</setOutcomeValue>
</responseIf>
<responseElse>
<setOutcomeValue identifier="SCORE">
<mapResponse identifier="RESPONSE"/>
</setOutcomeValue>
<responseCondition>
<responseIf>
<equal toleranceMode="relative" tolerance="0.001">
<variable identifier="SCORE"/>
<variable identifier="MAXSCORE"/>
</equal>
<setOutcomeValue identifier="FEEDBACK">
<baseValue baseType="identifier">ANSWER_CORRECT</baseValue>
</setOutcomeValue>
</responseIf>
<responseElse>
<setOutcomeValue identifier="FEEDBACK">
<baseValue baseType="identifier">FAILURE</baseValue>
</setOutcomeValue>
</responseElse>
</responseCondition>
</responseElse>
</responseCondition>
</responseProcessing>
<modalFeedback identifier="FAILURE" outcomeIdentifier="FEEDBACK" showHide="show">
<div class="textblock tvblock tvcss_1"><div class="rte_zone tveditor1">
<ol>
<li> means; normality <br /> Incorrect </li>
<li> means; independent observations <br /> Incorrect </li>
<li> variances; homogeneity <br /> Correct </li>
<li> variances; multicollinearity <br /> Incorrect </li>
</ol>
</div>
</div>
</modalFeedback>
<modalFeedback identifier="ANSWER_CORRECT" outcomeIdentifier="FEEDBACK" showHide="show">
<div class="textblock tvblock tvcss_1"><div class="rte_zone tveditor1">
<ol>
<li> means; normality <br /> Incorrect </li>
<li> means; independent observations <br /> Incorrect </li>
<li> variances; homogeneity <br /> Correct </li>
<li> variances; multicollinearity <br /> Incorrect </li>
</ol>
</div>
</div>
</modalFeedback>
<modalFeedback identifier="PARTIAL_CORRECT" outcomeIdentifier="FEEDBACK" showHide="show">
<div class="textblock tvblock tvcss_1"><div class="rte_zone tveditor1">
<ol>
<li> means; normality <br /> Incorrect </li>
<li> means; independent observations <br /> Incorrect </li>
<li> variances; homogeneity <br /> Correct </li>
<li> variances; multicollinearity <br /> Incorrect </li>
</ol>
</div>
</div>
</modalFeedback>
</assessmentItem>
