<?xml version="1.0" encoding="UTF-8"?>
<!DOCTYPE questestinterop SYSTEM "ims_qtiasiv1p2p1.dtd">

<questestinterop xmlns="http://www.imsglobal.org/xsd/ims_qtiasiv1p2" xmlns:xsi="http://www.w3.org/2001/XMLSchema-instance" xsi:schemaLocation="http://www.imsglobal.org/xsd/ims_qtiasiv1p2 http://www.imsglobal.org/xsd/ims_qtiasiv1p2p1.xsd">
<assessment ident="vufsw-t-statistic-1135-en-canvas_788400647" title="vufsw-t-statistic-1135-en-canvas">

<qtimetadata>
<qtimetadatafield>
<fieldlabel>cc_maxattempts</fieldlabel>
<fieldentry>1</fieldentry>
</qtimetadatafield>
<qtimetadatafield>
<fieldlabel>qmd_assessmenttype</fieldlabel>
<fieldentry>Assessment</fieldentry>
</qtimetadatafield>
</qtimetadata>
<objectives>
<material>
<mattext><![CDATA[Please solve the following exercises.]]></mattext>
</material>
</objectives>
<assessmentcontrol feedbackswitch="No" hintswitch="No" solutionswitch="Yes"/>
<outcomes_processing scoremodel="SumOfScores">
<outcomes>
<decvar varname="SCORE" vartype="Decimal" cutvalue="0"/>
</outcomes>
</outcomes_processing>
<assessfeedback title="AssessmentFeedback" ident="AssessmentFeedback">
<flow_mat>
<material>
<mattext>##AssessmentFeedback##</mattext>
</material>
</flow_mat>
</assessfeedback>

<section ident="vufsw-t-statistic-1135-en-canvas_788400647_section_1" title="Exercise">

<objectives>
<material>
<mattext><![CDATA[Please answer the following question.]]></mattext>
</material>
</objectives>
<selection_ordering>
<selection>
<selection_number>1</selection_number>
<selection_extension>
<points_per_item>1</points_per_item>
</selection_extension>
</selection>
<order order_type="Random"/>
</selection_ordering>

<item ident="vufsw-t-statistic-1135-en-canvas_788400647_section_1_item_1_schoice" title="Question" maxattempts="1">
<itemcontrol feedbackswitch="No" hintswitch="No" solutionswitch="Yes"/>
<itemmetadata>
<qtimetadata>
<qtimetadatafield>
<fieldlabel>question_type</fieldlabel>
<fieldentry>multiple_choice_question</fieldentry>
</qtimetadatafield>
</qtimetadata>
</itemmetadata>
<presentation>
<flow>
<material>
<matbreak/>
<mattext texttype="text/html" charset="utf-8"><![CDATA[
<p>A researcher took a random sample of 50 men and 52 women and, among
other things, asked about the number of hours that respondents spend on
the internet per week. The null hypothesis H<sub>0</sub> is that there
is no difference between men and women; the alternative hypothesis
H<sub>a</sub> of the researcher is that the average number of hours per
week does differ between men and women. This is tested with alpha =
0.01. Below is (a part of) the results.</p>
<table>
<tbody>
<tr class="odd">
<td>
mean difference
</td>
<td>
standard error of the mean difference
</td>
<td>
Degrees of freedom
</td>
</tr>
<tr class="even">
<td>
0.535
</td>
<td>
0.954
</td>
<td>
100
</td>
</tr>
</tbody>
</table>
<p>Suppose the mean number of hours among the men in the sample would have
been much higher. Which quantity (or quantities) change as a result of
the higher average of men?</p>
]]></mattext>
<matbreak/>
</material>
<response_lid ident="vufsw-t-statistic-1135-en-canvas_788400647_section_1_item_1_schoice_RESPONSE_4950164" rcardinality="Single" rtiming="No">
<render_choice shuffle="No">
<flow_label class="List">
<response_label ident="vufsw-t-statistic-1135-en-canvas_788400647_section_1_item_1_schoice_1800162830" rshuffle="No">
<material>
<mattext texttype="text/html" charset="utf-8"><![CDATA[
 The <em>t</em>-value and the alpha
]]></mattext>
</material>
</response_label>
</flow_label>
<flow_label class="List">
<response_label ident="vufsw-t-statistic-1135-en-canvas_788400647_section_1_item_1_schoice_3024906329" rshuffle="No">
<material>
<mattext texttype="text/html" charset="utf-8"><![CDATA[
 The alpha
]]></mattext>
</material>
</response_label>
</flow_label>
<flow_label class="List">
<response_label ident="vufsw-t-statistic-1135-en-canvas_788400647_section_1_item_1_schoice_9463570256" rshuffle="No">
<material>
<mattext texttype="text/html" charset="utf-8"><![CDATA[
 None of the above answers.
]]></mattext>
</material>
</response_label>
</flow_label>
<flow_label class="List">
<response_label ident="vufsw-t-statistic-1135-en-canvas_788400647_section_1_item_1_schoice_2943700570" rshuffle="No">
<material>
<mattext texttype="text/html" charset="utf-8"><![CDATA[
 The <em>t</em>-value.
]]></mattext>
</material>
</response_label>
</flow_label>
</render_choice>
</response_lid>
</flow>
</presentation>
<resprocessing>
<outcomes>
<decvar varname="SCORE" vartype="Decimal" defaultval="0" minvalue="0" maxvalue="1" cutvalue="1"/>
</outcomes>
<respcondition title="Mastery" continue="No">
<conditionvar>
<and>
<varequal respident="vufsw-t-statistic-1135-en-canvas_788400647_section_1_item_1_schoice_RESPONSE_4950164" case="Yes">vufsw-t-statistic-1135-en-canvas_788400647_section_1_item_1_schoice_2943700570</varequal>
<not> <varequal respident="vufsw-t-statistic-1135-en-canvas_788400647_section_1_item_1_schoice_RESPONSE_4950164" case="Yes">vufsw-t-statistic-1135-en-canvas_788400647_section_1_item_1_schoice_1800162830</varequal> </not>
<not> <varequal respident="vufsw-t-statistic-1135-en-canvas_788400647_section_1_item_1_schoice_RESPONSE_4950164" case="Yes">vufsw-t-statistic-1135-en-canvas_788400647_section_1_item_1_schoice_3024906329</varequal> </not>
<not> <varequal respident="vufsw-t-statistic-1135-en-canvas_788400647_section_1_item_1_schoice_RESPONSE_4950164" case="Yes">vufsw-t-statistic-1135-en-canvas_788400647_section_1_item_1_schoice_9463570256</varequal> </not>
</and>
</conditionvar>
<setvar varname="SCORE" action="Set">1</setvar>
<displayfeedback feedbacktype="Response" linkrefid="correct_fb"/>
</respcondition>
<respcondition continue="Yes">
<conditionvar>
<other/>
</conditionvar>
<displayfeedback feedbacktype="Response" linkrefid="general_incorrect_fb"/>
</respcondition>
</resprocessing>
<itemfeedback ident="correct_fb" view="All">
<flow_mat>
<material>
<mattext texttype="text/html"><![CDATA[
<p>The alpha is a quantity you decide on for the testing. The <em>t</em> value can
be calculated with the mean difference divided by the standard error. If
the mean of the men is higher the mean difference will also be higher,
so the <em>t</em> value also higher. </p>
<p>If you want to know more about t test calculation watch this
<a href="https://www.youtube.com/watch?v=A1lLo-np0KU&amp;index=6&amp;list=PLyLpEs0x9Bnl2e68nd7M6lecUqUNu2Sgn">clip</a></p>
<p>Language<br />
Nederlands</p>
<p>Levels of Difficulty<br />
Medium</p>
<p>M&amp;T BIS<br />
Default value</p>
<p>M&amp;T Hypothesis testing: means<br />
Default value</p>
<br />
<ul>
<li> The <em>t</em>-value and the alpha <br /> False </li>
<li> The alpha <br /> False </li>
<li> None of the above answers. <br /> False </li>
<li> The <em>t</em>-value. <br /> True </li>
</ul>
]]></mattext>
</material>
</flow_mat>
</itemfeedback>
<itemfeedback ident="general_incorrect_fb" view="All">
<flow_mat>
<material>
<mattext texttype="text/html"><![CDATA[
<p>The alpha is a quantity you decide on for the testing. The <em>t</em> value can
be calculated with the mean difference divided by the standard error. If
the mean of the men is higher the mean difference will also be higher,
so the <em>t</em> value also higher. </p>
<p>If you want to know more about t test calculation watch this
<a href="https://www.youtube.com/watch?v=A1lLo-np0KU&amp;index=6&amp;list=PLyLpEs0x9Bnl2e68nd7M6lecUqUNu2Sgn">clip</a></p>
<p>Language<br />
Nederlands</p>
<p>Levels of Difficulty<br />
Medium</p>
<p>M&amp;T BIS<br />
Default value</p>
<p>M&amp;T Hypothesis testing: means<br />
Default value</p>
<br />
<ul>
<li> The <em>t</em>-value and the alpha <br /> False </li>
<li> The alpha <br /> False </li>
<li> None of the above answers. <br /> False </li>
<li> The <em>t</em>-value. <br /> True </li>
</ul>
]]></mattext>
</material>
</flow_mat>
</itemfeedback>
</item>


</section>

</assessment>
</questestinterop>
