<?xml version="1.0" encoding="utf-8" standalone="yes"?>
<assessmentItem identifier="uu-Oneway_ANOVA-882-nl-tv_202308242032_item_1_schoice" title="uu-Oneway_ANOVA-882-nl-tv_202308242032_item_1_schoice_uu-Oneway ANOVA-882-nl" adaptive="false" timeDependent="false" toolName="Testvision Online" toolVersion="39.0.9084" xmlns="http://www.imsglobal.org/xsd/imsqti_v2p1">
<responseDeclaration identifier="RESPONSE" cardinality="single" baseType="identifier">
<correctResponse>
<value>alt_508080</value>
</correctResponse>
<mapping defaultValue="0" lowerBound="0.0">
<mapEntry mapKey="alt_873049" mappedValue="-0.333333333333333"/>
<mapEntry mapKey="alt_697958" mappedValue="-0.333333333333333"/>
<mapEntry mapKey="alt_808089" mappedValue="-0.333333333333333"/>
<mapEntry mapKey="alt_508080" mappedValue="1"/>
</mapping>
</responseDeclaration>
<outcomeDeclaration identifier="SCORE" cardinality="single" baseType="float" normalMaximum="1" normalMinimum="0" />
<outcomeDeclaration identifier="FEEDBACK" cardinality="single" baseType="identifier" />
<itemBody>
<p>Op een peuterspeelzaal worden 25 peuters opgedeeld in 5 groepen (rood, blauw, geel, groen en paars). De peuterleidster vergelijkt het vocabulaire van deze kinderen door de woordkennis te testen bij alle kinderen en de gemiddelden uit te rekenen per kleurgroep. Ze vindt een <math display="inline" xmlns="http://www.w3.org/1998/Math/MathML"><semantics><mrow><mi>S</mi><msub><mi>S</mi><mrow><mi>w</mi><mi>i</mi><mi>t</mi><mi>h</mi><mi>i</mi><mi>n</mi></mrow></msub></mrow><annotation encoding="application/x-tex">SS_{within}</annotation></semantics></math> van 50.4. Verder weet ze dat ze 16% van de spreiding heeft verklaard met de groepsindeling in kleuren. Wat is de waarde van de <math display="inline" xmlns="http://www.w3.org/1998/Math/MathML"><semantics><mrow><mi>M</mi><msub><mi>S</mi><mrow><mi>b</mi><mi>e</mi><mi>t</mi><mi>w</mi><mi>e</mi><mi>e</mi><mi>n</mi></mrow></msub></mrow><annotation encoding="application/x-tex">MS_{between}</annotation></semantics></math> die ze heeft gevonden?</p>
<choiceInteraction responseIdentifier="RESPONSE" shuffle="false" maxChoices="1">
<simpleChoice identifier="alt_873049">
<div class="textblock tvblock tvcss_1"><div class="rte_zone tveditor1">
 1,92
</div>
</div>
</simpleChoice>
<simpleChoice identifier="alt_697958">
<div class="textblock tvblock tvcss_1"><div class="rte_zone tveditor1">
 2,52
</div>
</div>
</simpleChoice>
<simpleChoice identifier="alt_808089">
<div class="textblock tvblock tvcss_1"><div class="rte_zone tveditor1">
 9,6
</div>
</div>
</simpleChoice>
<simpleChoice identifier="alt_508080">
<div class="textblock tvblock tvcss_1"><div class="rte_zone tveditor1">
 2,4
</div>
</div>
</simpleChoice>
</choiceInteraction>
</itemBody>
<responseProcessing>
<responseCondition>
<responseIf>
<isNull>
<variable identifier="RESPONSE"/>
</isNull>
<setOutcomeValue identifier="SCORE">
<baseValue baseType="float">0.0</baseValue>
</setOutcomeValue>
<setOutcomeValue identifier="FEEDBACK">
<baseValue baseType="identifier">FAILURE</baseValue>
</setOutcomeValue>
</responseIf>
<responseElse>
<setOutcomeValue identifier="SCORE">
<mapResponse identifier="RESPONSE"/>
</setOutcomeValue>
<responseCondition>
<responseIf>
<equal toleranceMode="relative" tolerance="0.001">
<variable identifier="SCORE"/>
<variable identifier="MAXSCORE"/>
</equal>
<setOutcomeValue identifier="FEEDBACK">
<baseValue baseType="identifier">ANSWER_CORRECT</baseValue>
</setOutcomeValue>
</responseIf>
<responseElse>
<setOutcomeValue identifier="FEEDBACK">
<baseValue baseType="identifier">FAILURE</baseValue>
</setOutcomeValue>
</responseElse>
</responseCondition>
</responseElse>
</responseCondition>
</responseProcessing>
<modalFeedback identifier="FAILURE" outcomeIdentifier="FEEDBACK" showHide="show">
<div class="textblock tvblock tvcss_1"><div class="rte_zone tveditor1">
<ul>
<li> 1,92 <br /> dit is met <math display="inline" xmlns="http://www.w3.org/1998/Math/MathML"><semantics><mrow><mi>D</mi><msub><mi>F</mi><mrow><mi>b</mi><mi>e</mi><mi>t</mi><mi>w</mi><mi>e</mi><mi>e</mi><mi>n</mi></mrow></msub></mrow><annotation encoding="application/x-tex">DF_{between}</annotation></semantics></math> = 5 </li>
<li> 2,52 <br /> dit is alleen <math display="inline" xmlns="http://www.w3.org/1998/Math/MathML"><semantics><mrow><mi>M</mi><msub><mi>S</mi><mrow><mi>W</mi><mi>i</mi><mi>t</mi><mi>h</mi><mi>i</mi><mi>n</mi></mrow></msub></mrow><annotation encoding="application/x-tex">MS_{Within}</annotation></semantics></math> </li>
<li> 9,6 <br /> dit is alleen <math display="inline" xmlns="http://www.w3.org/1998/Math/MathML"><semantics><mrow><mi>S</mi><msub><mi>S</mi><mrow><mi>b</mi><mi>e</mi><mi>t</mi><mi>w</mi><mi>e</mi><mi>e</mi><mi>n</mi></mrow></msub></mrow><annotation encoding="application/x-tex">SS_{between}</annotation></semantics></math> </li>
<li> 2,4 <br /> dit is correct </li>
</ul>
</div>
</div>
</modalFeedback>
<modalFeedback identifier="ANSWER_CORRECT" outcomeIdentifier="FEEDBACK" showHide="show">
<div class="textblock tvblock tvcss_1"><div class="rte_zone tveditor1">
<ul>
<li> 1,92 <br /> dit is met <math display="inline" xmlns="http://www.w3.org/1998/Math/MathML"><semantics><mrow><mi>D</mi><msub><mi>F</mi><mrow><mi>b</mi><mi>e</mi><mi>t</mi><mi>w</mi><mi>e</mi><mi>e</mi><mi>n</mi></mrow></msub></mrow><annotation encoding="application/x-tex">DF_{between}</annotation></semantics></math> = 5 </li>
<li> 2,52 <br /> dit is alleen <math display="inline" xmlns="http://www.w3.org/1998/Math/MathML"><semantics><mrow><mi>M</mi><msub><mi>S</mi><mrow><mi>W</mi><mi>i</mi><mi>t</mi><mi>h</mi><mi>i</mi><mi>n</mi></mrow></msub></mrow><annotation encoding="application/x-tex">MS_{Within}</annotation></semantics></math> </li>
<li> 9,6 <br /> dit is alleen <math display="inline" xmlns="http://www.w3.org/1998/Math/MathML"><semantics><mrow><mi>S</mi><msub><mi>S</mi><mrow><mi>b</mi><mi>e</mi><mi>t</mi><mi>w</mi><mi>e</mi><mi>e</mi><mi>n</mi></mrow></msub></mrow><annotation encoding="application/x-tex">SS_{between}</annotation></semantics></math> </li>
<li> 2,4 <br /> dit is correct </li>
</ul>
</div>
</div>
</modalFeedback>
<modalFeedback identifier="PARTIAL_CORRECT" outcomeIdentifier="FEEDBACK" showHide="show">
<div class="textblock tvblock tvcss_1"><div class="rte_zone tveditor1">
<ul>
<li> 1,92 <br /> dit is met <math display="inline" xmlns="http://www.w3.org/1998/Math/MathML"><semantics><mrow><mi>D</mi><msub><mi>F</mi><mrow><mi>b</mi><mi>e</mi><mi>t</mi><mi>w</mi><mi>e</mi><mi>e</mi><mi>n</mi></mrow></msub></mrow><annotation encoding="application/x-tex">DF_{between}</annotation></semantics></math> = 5 </li>
<li> 2,52 <br /> dit is alleen <math display="inline" xmlns="http://www.w3.org/1998/Math/MathML"><semantics><mrow><mi>M</mi><msub><mi>S</mi><mrow><mi>W</mi><mi>i</mi><mi>t</mi><mi>h</mi><mi>i</mi><mi>n</mi></mrow></msub></mrow><annotation encoding="application/x-tex">MS_{Within}</annotation></semantics></math> </li>
<li> 9,6 <br /> dit is alleen <math display="inline" xmlns="http://www.w3.org/1998/Math/MathML"><semantics><mrow><mi>S</mi><msub><mi>S</mi><mrow><mi>b</mi><mi>e</mi><mi>t</mi><mi>w</mi><mi>e</mi><mi>e</mi><mi>n</mi></mrow></msub></mrow><annotation encoding="application/x-tex">SS_{between}</annotation></semantics></math> </li>
<li> 2,4 <br /> dit is correct </li>
</ul>
</div>
</div>
</modalFeedback>
</assessmentItem>
