<?xml version="1.0" encoding="UTF-8"?>
<assessmentItem xsi:schemaLocation="http://www.imsglobal.org/xsd/imsqti_v2p1 http://www.imsglobal.org/xsd/qti/qtiv2p1/imsqti_v2p1p1.xsd http://www.w3.org/1998/Math/MathML http://www.w3.org/Math/XMLSchema/mathml2/mathml2.xsd" identifier="uva-twoway-anova-74-en-qti_475673914_section_1_item_1_schoice" title="1" adaptive="false" timeDependent="false" xmlns="http://www.imsglobal.org/xsd/imsqti_v2p1" xmlns:xsi="http://www.w3.org/2001/XMLSchema-instance">
<responseDeclaration identifier="uva-twoway-anova-74-en-qti_475673914_section_1_item_1_schoice_RESPONSE_1_3312414" cardinality="single" baseType="identifier">
<correctResponse>
<value>uva-twoway-anova-74-en-qti_475673914_section_1_item_1_schoice_1_3899688056</value>
</correctResponse>
<mapping defaultValue="0" lowerBound="0.0">
<mapEntry mapKey="uva-twoway-anova-74-en-qti_475673914_section_1_item_1_schoice_1_3899688056" mappedValue="1"/>
<mapEntry mapKey="uva-twoway-anova-74-en-qti_475673914_section_1_item_1_schoice_2_7555930422" mappedValue="0"/>
<mapEntry mapKey="uva-twoway-anova-74-en-qti_475673914_section_1_item_1_schoice_3_9002850191" mappedValue="0"/>
</mapping>
</responseDeclaration>
<outcomeDeclaration identifier="SCORE" cardinality="single" baseType="float" normalMaximum="1" normalMinimum="0">
<defaultValue>
<value>0.0</value>
</defaultValue>
</outcomeDeclaration>
<outcomeDeclaration identifier="MAXSCORE" cardinality="single" baseType="float">
<defaultValue>
<value>1</value>
</defaultValue>
</outcomeDeclaration>
<outcomeDeclaration identifier="FEEDBACKBASIC" cardinality="single" baseType="identifier" view="testConstructor">
<defaultValue>
<value>empty</value>
</defaultValue>
</outcomeDeclaration>
<outcomeDeclaration identifier="FEEDBACKMODAL" cardinality="multiple" baseType="identifier" view="testConstructor"/>
<outcomeDeclaration identifier="SOLUTIONMODAL" cardinality="single" baseType="identifier" view="testConstructor"/>
<outcomeDeclaration identifier="MINSCORE" cardinality="single" baseType="float">
<defaultValue>
<value baseType="float">0</value>
</defaultValue>
</outcomeDeclaration>
<outcomeDeclaration identifier="SCORE_RESPONSE_1" cardinality="single" baseType="float">
<defaultValue>
<value>0.0</value>
</defaultValue>
</outcomeDeclaration>
<outcomeDeclaration identifier="MINSCORE_RESPONSE_1" cardinality="single" baseType="float">
<defaultValue>
<value>0.0</value>
</defaultValue>
</outcomeDeclaration>
<itemBody>
<p>The null hypothesis for the interaction of an ANOVA with two factors A and B with two level averages each (A1, A2 and B1, B2), states that at level A1 the difference in averages between B1 and B2 is equal to the difference in averages between B1 and B2 at A2. This means that I. the differences between the levels of B1 and B2 are the same at A1 and at A2. II. the averages at B1 and B2 are the same at A1 as at A2.</p>
<choiceInteraction responseIdentifier="uva-twoway-anova-74-en-qti_475673914_section_1_item_1_schoice_RESPONSE_1_3312414" shuffle="false" maxChoices="1">
<simpleChoice identifier="uva-twoway-anova-74-en-qti_475673914_section_1_item_1_schoice_1_3899688056">
<p>
 I is TRUE and II is false.
</p>
</simpleChoice>
<simpleChoice identifier="uva-twoway-anova-74-en-qti_475673914_section_1_item_1_schoice_2_7555930422">
<p>
 I is false and II is true.
</p>
</simpleChoice>
<simpleChoice identifier="uva-twoway-anova-74-en-qti_475673914_section_1_item_1_schoice_3_9002850191">
<p>
 Both are false.
</p>
</simpleChoice>
</choiceInteraction>
</itemBody>
<responseProcessing>
<setOutcomeValue identifier="SCORE_RESPONSE_1">
<sum>
<variable identifier="SCORE_RESPONSE_1"/>
<mapResponse identifier="uva-twoway-anova-74-en-qti_475673914_section_1_item_1_schoice_RESPONSE_1_3312414"/>
</sum>
</setOutcomeValue>
<responseCondition>
<responseIf>
<lt>
<variable identifier="SCORE_RESPONSE_1"/>
<variable identifier="MINSCORE_RESPONSE_1"/>
</lt>
<setOutcomeValue identifier="SCORE_RESPONSE_1">
<variable identifier="MINSCORE_RESPONSE_1"/>
</setOutcomeValue>
</responseIf>
</responseCondition>
<responseCondition>
<responseIf>
<isNull>
<variable identifier="uva-twoway-anova-74-en-qti_475673914_section_1_item_1_schoice_RESPONSE_1_3312414"/>
</isNull>
<setOutcomeValue identifier="SCORE_RESPONSE_1">
<sum>
<variable identifier="SCORE_RESPONSE_1"/>
<baseValue baseType="float">0</baseValue>
</sum>
</setOutcomeValue>
</responseIf>
</responseCondition>
<setOutcomeValue identifier="SCORE">
<sum>
<variable identifier="SCORE_RESPONSE_1"/>
</sum>
</setOutcomeValue>
<responseCondition>
<responseIf>
<lt>
<variable identifier="SCORE"/>
<variable identifier="MINSCORE"/>
</lt>
<setOutcomeValue identifier="SCORE">
<variable identifier="MINSCORE"/>
</setOutcomeValue>
</responseIf>
</responseCondition>
<responseCondition>
<responseIf>
<lt>
<variable identifier="SCORE"/>
<baseValue baseType="float">1</baseValue>
</lt>
<setOutcomeValue identifier="FEEDBACKMODAL">
<multiple>
<variable identifier="FEEDBACKMODAL"/>
<baseValue baseType="identifier">Feedback644673010</baseValue>
</multiple>
</setOutcomeValue>
</responseIf>
</responseCondition>
</responseProcessing>
<modalFeedback identifier="Feedback644673010" outcomeIdentifier="FEEDBACKMODAL" showHide="show">
<ul>
<li> I is TRUE and II is false. <br /> I is TRUE and II is false: Correct </li>
<li> I is false and II is true. <br /> I is false and II is true: Incorrect </li>
<li> Both are false. <br /> Both are false: Incorrect </li>
</ul>
</modalFeedback>
</assessmentItem>
