<?xml version="1.0" encoding="utf-8" standalone="yes"?>
<assessmentItem identifier="uva-equation-1925-nl-tv_202404291201_item_1_schoice" title="uva-equation-1925-nl-tv_202404291201_item_1_schoice_uva-equation-1925-nl" adaptive="false" timeDependent="false" toolName="Testvision Online" toolVersion="39.0.9084" xmlns="http://www.imsglobal.org/xsd/imsqti_v2p1">
<responseDeclaration identifier="RESPONSE" cardinality="single" baseType="identifier">
<correctResponse>
<value>alt_545836</value>
</correctResponse>
<mapping defaultValue="0" lowerBound="0.0">
<mapEntry mapKey="alt_206063" mappedValue="-0.5"/>
<mapEntry mapKey="alt_545836" mappedValue="1"/>
<mapEntry mapKey="alt_515683" mappedValue="-0.5"/>
</mapping>
</responseDeclaration>
<outcomeDeclaration identifier="SCORE" cardinality="single" baseType="float" normalMaximum="1" normalMinimum="0" />
<outcomeDeclaration identifier="FEEDBACK" cardinality="single" baseType="identifier" />
<itemBody>
<p>We hebben een regressievergelijking <math display="inline" xmlns="http://www.w3.org/1998/Math/MathML"><semantics><mrow><mover><mi>y</mi><mo accent="true">̂</mo></mover><mo>=</mo><mn>6</mn><mo>+</mo><mn>10</mn><msub><mi>x</mi><mn>1</mn></msub><mo>+</mo><mn>4</mn><msub><mi>x</mi><mn>2</mn></msub><mo>+</mo><mn>8</mn><msub><mi>x</mi><mn>3</mn></msub></mrow><annotation encoding="application/x-tex">\hat{y} = 6 + 10x_{1} + 4x_{2} + 8x_{3}</annotation></semantics></math> We controleren voor <em>x</em><sub>2</sub> en <em>x</em><sub>3</sub>. Wat is de
toename in voorspelde <em>y</em> indien we voor <em>x</em><sub>1</sub> van 3 naar 6 gaan?</p>
<choiceInteraction responseIdentifier="RESPONSE" shuffle="false" maxChoices="1">
<simpleChoice identifier="alt_206063">
<div class="textblock tvblock tvcss_1"><div class="rte_zone tveditor1">
 18
</div>
</div>
</simpleChoice>
<simpleChoice identifier="alt_545836">
<div class="textblock tvblock tvcss_1"><div class="rte_zone tveditor1">
 30
</div>
</div>
</simpleChoice>
<simpleChoice identifier="alt_515683">
<div class="textblock tvblock tvcss_1"><div class="rte_zone tveditor1">
 60
</div>
</div>
</simpleChoice>
</choiceInteraction>
</itemBody>
<responseProcessing>
<responseCondition>
<responseIf>
<isNull>
<variable identifier="RESPONSE"/>
</isNull>
<setOutcomeValue identifier="SCORE">
<baseValue baseType="float">0.0</baseValue>
</setOutcomeValue>
<setOutcomeValue identifier="FEEDBACK">
<baseValue baseType="identifier">FAILURE</baseValue>
</setOutcomeValue>
</responseIf>
<responseElse>
<setOutcomeValue identifier="SCORE">
<mapResponse identifier="RESPONSE"/>
</setOutcomeValue>
<responseCondition>
<responseIf>
<equal toleranceMode="relative" tolerance="0.001">
<variable identifier="SCORE"/>
<variable identifier="MAXSCORE"/>
</equal>
<setOutcomeValue identifier="FEEDBACK">
<baseValue baseType="identifier">ANSWER_CORRECT</baseValue>
</setOutcomeValue>
</responseIf>
<responseElse>
<setOutcomeValue identifier="FEEDBACK">
<baseValue baseType="identifier">FAILURE</baseValue>
</setOutcomeValue>
</responseElse>
</responseCondition>
</responseElse>
</responseCondition>
</responseProcessing>
<modalFeedback identifier="FAILURE" outcomeIdentifier="FEEDBACK" showHide="show">
<div class="textblock tvblock tvcss_1"><div class="rte_zone tveditor1">
<ul>
<li> 18 <br /> 18: Incorrect </li>
<li> 30 <br /> 30: Correct </li>
<li> 60 <br /> 60: Incorrect </li>
</ul>
</div>
</div>
</modalFeedback>
<modalFeedback identifier="ANSWER_CORRECT" outcomeIdentifier="FEEDBACK" showHide="show">
<div class="textblock tvblock tvcss_1"><div class="rte_zone tveditor1">
<ul>
<li> 18 <br /> 18: Incorrect </li>
<li> 30 <br /> 30: Correct </li>
<li> 60 <br /> 60: Incorrect </li>
</ul>
</div>
</div>
</modalFeedback>
<modalFeedback identifier="PARTIAL_CORRECT" outcomeIdentifier="FEEDBACK" showHide="show">
<div class="textblock tvblock tvcss_1"><div class="rte_zone tveditor1">
<ul>
<li> 18 <br /> 18: Incorrect </li>
<li> 30 <br /> 30: Correct </li>
<li> 60 <br /> 60: Incorrect </li>
</ul>
</div>
</div>
</modalFeedback>
</assessmentItem>
