<?xml version="1.0" encoding="utf-8" standalone="yes"?>
<assessmentItem identifier="uva-squared-44-en-tv_202510071723_item_1_schoice" title="uva-squared-44-en-tv_202510071723_item_1_schoice_uva-squared-44-en" adaptive="false" timeDependent="false" toolName="Testvision Online" toolVersion="39.0.9084" xmlns="http://www.imsglobal.org/xsd/imsqti_v2p1">
<responseDeclaration identifier="RESPONSE" cardinality="single" baseType="identifier">
<correctResponse>
<value>alt_707471</value>
</correctResponse>
<mapping defaultValue="0" lowerBound="0.0">
<mapEntry mapKey="alt_846193" mappedValue="-0.5"/>
<mapEntry mapKey="alt_707471" mappedValue="1"/>
<mapEntry mapKey="alt_363925" mappedValue="-0.5"/>
</mapping>
</responseDeclaration>
<outcomeDeclaration identifier="SCORE" cardinality="single" baseType="float" normalMaximum="1" normalMinimum="0" />
<outcomeDeclaration identifier="FEEDBACK" cardinality="single" baseType="identifier" />
<stylesheet href="css/uva-squared-44-en-tv_202510071723_item_1_schoice.css" type="text/css" />
<itemBody>
<p>Given is the following frequency table.</p>
<p>——- ———– ————- Sports car Family car male 26 10 woman 24 15 ——- ———– ————-</p>
<p>What is the expected cell frequency of a man with sports car under the assumption of independence from the null hypothesis?</p>
<choiceInteraction responseIdentifier="RESPONSE" shuffle="false" maxChoices="1">
<simpleChoice identifier="alt_846193">
<div class="textblock tvblock tvcss_1"><div class="rte_zone tveditor1">
 20
</div>
</div>
</simpleChoice>
<simpleChoice identifier="alt_707471">
<div class="textblock tvblock tvcss_1"><div class="rte_zone tveditor1">
 24
</div>
</div>
</simpleChoice>
<simpleChoice identifier="alt_363925">
<div class="textblock tvblock tvcss_1"><div class="rte_zone tveditor1">
 26
</div>
</div>
</simpleChoice>
</choiceInteraction>
</itemBody>
<responseProcessing>
<responseCondition>
<responseIf>
<isNull>
<variable identifier="RESPONSE"/>
</isNull>
<setOutcomeValue identifier="SCORE">
<baseValue baseType="float">0.0</baseValue>
</setOutcomeValue>
<setOutcomeValue identifier="FEEDBACK">
<baseValue baseType="identifier">FAILURE</baseValue>
</setOutcomeValue>
</responseIf>
<responseElse>
<setOutcomeValue identifier="SCORE">
<mapResponse identifier="RESPONSE"/>
</setOutcomeValue>
<responseCondition>
<responseIf>
<equal toleranceMode="relative" tolerance="0.001">
<variable identifier="SCORE"/>
<variable identifier="MAXSCORE"/>
</equal>
<setOutcomeValue identifier="FEEDBACK">
<baseValue baseType="identifier">ANSWER_CORRECT</baseValue>
</setOutcomeValue>
</responseIf>
<responseElse>
<setOutcomeValue identifier="FEEDBACK">
<baseValue baseType="identifier">FAILURE</baseValue>
</setOutcomeValue>
</responseElse>
</responseCondition>
</responseElse>
</responseCondition>
</responseProcessing>
<modalFeedback identifier="FAILURE" outcomeIdentifier="FEEDBACK" showHide="show">
<div class="textblock tvblock tvcss_1"><div class="rte_zone tveditor1">
<ul>
<li> 20 <br /> 20: Incorrect </li>
<li> 24 <br /> 24: Correct </li>
<li> 26 <br /> 26: Incorrect </li>
</ul>
</div>
</div>
</modalFeedback>
<modalFeedback identifier="ANSWER_CORRECT" outcomeIdentifier="FEEDBACK" showHide="show">
<div class="textblock tvblock tvcss_1"><div class="rte_zone tveditor1">
<ul>
<li> 20 <br /> 20: Incorrect </li>
<li> 24 <br /> 24: Correct </li>
<li> 26 <br /> 26: Incorrect </li>
</ul>
</div>
</div>
</modalFeedback>
<modalFeedback identifier="PARTIAL_CORRECT" outcomeIdentifier="FEEDBACK" showHide="show">
<div class="textblock tvblock tvcss_1"><div class="rte_zone tveditor1">
<ul>
<li> 20 <br /> 20: Incorrect </li>
<li> 24 <br /> 24: Correct </li>
<li> 26 <br /> 26: Incorrect </li>
</ul>
</div>
</div>
</modalFeedback>
</assessmentItem>
