<?xml version="1.0" encoding="utf-8" standalone="yes"?>
<assessmentItem identifier="vufsw-moderation-2037-nl-tv_202209061511_item_1_schoice" title="vufsw-moderation-2037-nl-tv_202209061511_item_1_schoice_vufsw-moderation-2037-nl" adaptive="false" timeDependent="false" toolName="Testvision Online" toolVersion="39.0.9084" xmlns="http://www.imsglobal.org/xsd/imsqti_v2p1">
<responseDeclaration identifier="RESPONSE" cardinality="single" baseType="identifier">
<correctResponse>
<value>alt_923395</value>
</correctResponse>
<mapping defaultValue="0" lowerBound="0.0">
<mapEntry mapKey="alt_743596" mappedValue="-0.333333333333333"/>
<mapEntry mapKey="alt_992661" mappedValue="-0.333333333333333"/>
<mapEntry mapKey="alt_171400" mappedValue="-0.333333333333333"/>
<mapEntry mapKey="alt_923395" mappedValue="1"/>
</mapping>
</responseDeclaration>
<outcomeDeclaration identifier="SCORE" cardinality="single" baseType="float" normalMaximum="1" normalMinimum="0" />
<outcomeDeclaration identifier="FEEDBACK" cardinality="single" baseType="identifier" />
<itemBody>
<p>We analyseren data die afkomstig zijn van scholieren van het voortgezet
onderwijs uit de Jongeren &amp; Cultuurdata (Ganzeboom &amp; Nagel, 1998-2002).
Voor dit databestand zijn ruim 3000 jongeren ondervraagd in de leeftijd
van grofweg 14 tot 17 jaar.  </p>
<p>In onderstaande regressieanalyse is de participatie in populaire cultuur
de afhankelijke variabele (pjcul: 1-100, van weinig naar veel
participatie) en zijn de onafhankelijke variabelen sekse (vrouw: 0-1, 0=
jongen, 1 = meisje) en moeders cultuurparticipatie (pmcul: 0-1, van
minst naar meest cultureel actief). Er is in model 2 bovendien een
interactie toegevoegd tussen sekse en moeders cultuurparticipatie
(vrouw_pmcul).<br />
<img src="Schermafbeelding__2019-01-30__om__14.57.21.png"
class="fr-fic fr-dii tvcss_2"
alt="Schermafbeelding 2019-01-30 om 14.57.21" /></p>
<p>Welke conclusie kun je uit model 2 trekken over de populatie
scholieren?<br />
1: Het verschil in participatie in populaire cultuur tussen scholieren
met zeer cultureel actieve moeders en scholieren met weinig cultureel
actieve moeders is even groot voor meisjes als voor jongens<br />
2: Voor jongens zijn er geen verschillen in participatie in populaire
cultuur tussen degenen met de minst en de meest cultureel actieve
moeders</p>
<choiceInteraction responseIdentifier="RESPONSE" shuffle="false" maxChoices="1">
<simpleChoice identifier="alt_743596">
<div class="textblock tvblock tvcss_1"><div class="rte_zone tveditor1">
a. 1 en 2 zijn beide onwaar
</div>
</div>
</simpleChoice>
<simpleChoice identifier="alt_992661">
<div class="textblock tvblock tvcss_1"><div class="rte_zone tveditor1">
b. Alleen 2 is waar
</div>
</div>
</simpleChoice>
<simpleChoice identifier="alt_171400">
<div class="textblock tvblock tvcss_1"><div class="rte_zone tveditor1">
c. Zowel 1 als 2 is waar
</div>
</div>
</simpleChoice>
<simpleChoice identifier="alt_923395">
<div class="textblock tvblock tvcss_1"><div class="rte_zone tveditor1">
d. Alleen 1 is waar
</div>
</div>
</simpleChoice>
</choiceInteraction>
</itemBody>
<responseProcessing>
<responseCondition>
<responseIf>
<isNull>
<variable identifier="RESPONSE"/>
</isNull>
<setOutcomeValue identifier="SCORE">
<baseValue baseType="float">0.0</baseValue>
</setOutcomeValue>
<setOutcomeValue identifier="FEEDBACK">
<baseValue baseType="identifier">FAILURE</baseValue>
</setOutcomeValue>
</responseIf>
<responseElse>
<setOutcomeValue identifier="SCORE">
<mapResponse identifier="RESPONSE"/>
</setOutcomeValue>
<responseCondition>
<responseIf>
<equal toleranceMode="relative" tolerance="0.001">
<variable identifier="SCORE"/>
<variable identifier="MAXSCORE"/>
</equal>
<setOutcomeValue identifier="FEEDBACK">
<baseValue baseType="identifier">ANSWER_CORRECT</baseValue>
</setOutcomeValue>
</responseIf>
<responseElse>
<setOutcomeValue identifier="FEEDBACK">
<baseValue baseType="identifier">FAILURE</baseValue>
</setOutcomeValue>
</responseElse>
</responseCondition>
</responseElse>
</responseCondition>
</responseProcessing>
<modalFeedback identifier="FAILURE" outcomeIdentifier="FEEDBACK" showHide="show">
<div class="textblock tvblock tvcss_1"><div class="rte_zone tveditor1">
<ol>
<li> 1 en 2 zijn beide onwaar <br /> False </li>
<li> Alleen 2 is waar <br /> False </li>
<li> Zowel 1 als 2 is waar <br /> False </li>
<li> Alleen 1 is waar <br /> True </li>
</ol>
</div>
</div>
</modalFeedback>
<modalFeedback identifier="ANSWER_CORRECT" outcomeIdentifier="FEEDBACK" showHide="show">
<div class="textblock tvblock tvcss_1"><div class="rte_zone tveditor1">
<ol>
<li> 1 en 2 zijn beide onwaar <br /> False </li>
<li> Alleen 2 is waar <br /> False </li>
<li> Zowel 1 als 2 is waar <br /> False </li>
<li> Alleen 1 is waar <br /> True </li>
</ol>
</div>
</div>
</modalFeedback>
<modalFeedback identifier="PARTIAL_CORRECT" outcomeIdentifier="FEEDBACK" showHide="show">
<div class="textblock tvblock tvcss_1"><div class="rte_zone tveditor1">
<ol>
<li> 1 en 2 zijn beide onwaar <br /> False </li>
<li> Alleen 2 is waar <br /> False </li>
<li> Zowel 1 als 2 is waar <br /> False </li>
<li> Alleen 1 is waar <br /> True </li>
</ol>
</div>
</div>
</modalFeedback>
</assessmentItem>
