<?xml version="1.0" encoding="UTF-8"?>
<assessmentItem xsi:schemaLocation="http://www.imsglobal.org/xsd/imsqti_v2p1 http://www.imsglobal.org/xsd/qti/qtiv2p1/imsqti_v2p1p1.xsd http://www.w3.org/1998/Math/MathML http://www.w3.org/Math/XMLSchema/mathml2/mathml2.xsd" identifier="vufsw-confidenceintervals-0043-en-qti_110680363_section_1_item_1_schoice" title="1" adaptive="false" timeDependent="false" xmlns="http://www.imsglobal.org/xsd/imsqti_v2p1" xmlns:xsi="http://www.w3.org/2001/XMLSchema-instance">
<responseDeclaration identifier="vufsw-confidenceintervals-0043-en-qti_110680363_section_1_item_1_schoice_RESPONSE_1_7328462" cardinality="single" baseType="identifier">
<correctResponse>
<value>vufsw-confidenceintervals-0043-en-qti_110680363_section_1_item_1_schoice_5_3888552138</value>
</correctResponse>
<mapping defaultValue="0" lowerBound="0.0">
<mapEntry mapKey="vufsw-confidenceintervals-0043-en-qti_110680363_section_1_item_1_schoice_1_9399024914" mappedValue="0"/>
<mapEntry mapKey="vufsw-confidenceintervals-0043-en-qti_110680363_section_1_item_1_schoice_2_6583578202" mappedValue="0"/>
<mapEntry mapKey="vufsw-confidenceintervals-0043-en-qti_110680363_section_1_item_1_schoice_3_2609250560" mappedValue="0"/>
<mapEntry mapKey="vufsw-confidenceintervals-0043-en-qti_110680363_section_1_item_1_schoice_4_7736119021" mappedValue="0"/>
<mapEntry mapKey="vufsw-confidenceintervals-0043-en-qti_110680363_section_1_item_1_schoice_5_3888552138" mappedValue="1"/>
<mapEntry mapKey="vufsw-confidenceintervals-0043-en-qti_110680363_section_1_item_1_schoice_6_8913627871" mappedValue="0"/>
</mapping>
</responseDeclaration>
<outcomeDeclaration identifier="SCORE" cardinality="single" baseType="float" normalMaximum="1" normalMinimum="0">
<defaultValue>
<value>0.0</value>
</defaultValue>
</outcomeDeclaration>
<outcomeDeclaration identifier="MAXSCORE" cardinality="single" baseType="float">
<defaultValue>
<value>1</value>
</defaultValue>
</outcomeDeclaration>
<outcomeDeclaration identifier="FEEDBACKBASIC" cardinality="single" baseType="identifier" view="testConstructor">
<defaultValue>
<value>empty</value>
</defaultValue>
</outcomeDeclaration>
<outcomeDeclaration identifier="FEEDBACKMODAL" cardinality="multiple" baseType="identifier" view="testConstructor"/>
<outcomeDeclaration identifier="SOLUTIONMODAL" cardinality="single" baseType="identifier" view="testConstructor"/>
<outcomeDeclaration identifier="MINSCORE" cardinality="single" baseType="float">
<defaultValue>
<value baseType="float">0</value>
</defaultValue>
</outcomeDeclaration>
<outcomeDeclaration identifier="SCORE_RESPONSE_1" cardinality="single" baseType="float">
<defaultValue>
<value>0.0</value>
</defaultValue>
</outcomeDeclaration>
<outcomeDeclaration identifier="MINSCORE_RESPONSE_1" cardinality="single" baseType="float">
<defaultValue>
<value>0.0</value>
</defaultValue>
</outcomeDeclaration>
<itemBody>
<p>A survey of the number of minutes young people spend on social media per
day among a random sample of young people (N=300) yields the following
results: the mean (M) is 192 minutes per day and the standard deviation
(SD) is 30 minutes.</p>
<p>Calculate the 99% confidence interval of the number of minutes young
people spend on social media per day.</p>
<choiceInteraction responseIdentifier="vufsw-confidenceintervals-0043-en-qti_110680363_section_1_item_1_schoice_RESPONSE_1_7328462" shuffle="false" maxChoices="1">
<simpleChoice identifier="vufsw-confidenceintervals-0043-en-qti_110680363_section_1_item_1_schoice_1_9399024914">
<p>
 [190,27; 193,73]
</p>
</simpleChoice>
<simpleChoice identifier="vufsw-confidenceintervals-0043-en-qti_110680363_section_1_item_1_schoice_2_6583578202">
<p>
 [114,60; 269,40]
</p>
</simpleChoice>
<simpleChoice identifier="vufsw-confidenceintervals-0043-en-qti_110680363_section_1_item_1_schoice_3_2609250560">
<p>
 [133,20; 250,80]
</p>
</simpleChoice>
<simpleChoice identifier="vufsw-confidenceintervals-0043-en-qti_110680363_section_1_item_1_schoice_4_7736119021">
<p>
 [188,61; 195,40]
</p>
</simpleChoice>
<simpleChoice identifier="vufsw-confidenceintervals-0043-en-qti_110680363_section_1_item_1_schoice_5_3888552138">
<p>
 [187,53; 196,47]
</p>
</simpleChoice>
<simpleChoice identifier="vufsw-confidenceintervals-0043-en-qti_110680363_section_1_item_1_schoice_6_8913627871">
<p>
 [191,74; 192,26]
</p>
</simpleChoice>
</choiceInteraction>
</itemBody>
<responseProcessing>
<setOutcomeValue identifier="SCORE_RESPONSE_1">
<sum>
<variable identifier="SCORE_RESPONSE_1"/>
<mapResponse identifier="vufsw-confidenceintervals-0043-en-qti_110680363_section_1_item_1_schoice_RESPONSE_1_7328462"/>
</sum>
</setOutcomeValue>
<responseCondition>
<responseIf>
<lt>
<variable identifier="SCORE_RESPONSE_1"/>
<variable identifier="MINSCORE_RESPONSE_1"/>
</lt>
<setOutcomeValue identifier="SCORE_RESPONSE_1">
<variable identifier="MINSCORE_RESPONSE_1"/>
</setOutcomeValue>
</responseIf>
</responseCondition>
<responseCondition>
<responseIf>
<isNull>
<variable identifier="vufsw-confidenceintervals-0043-en-qti_110680363_section_1_item_1_schoice_RESPONSE_1_7328462"/>
</isNull>
<setOutcomeValue identifier="SCORE_RESPONSE_1">
<sum>
<variable identifier="SCORE_RESPONSE_1"/>
<baseValue baseType="float">0</baseValue>
</sum>
</setOutcomeValue>
</responseIf>
</responseCondition>
<setOutcomeValue identifier="SCORE">
<sum>
<variable identifier="SCORE_RESPONSE_1"/>
</sum>
</setOutcomeValue>
<responseCondition>
<responseIf>
<lt>
<variable identifier="SCORE"/>
<variable identifier="MINSCORE"/>
</lt>
<setOutcomeValue identifier="SCORE">
<variable identifier="MINSCORE"/>
</setOutcomeValue>
</responseIf>
</responseCondition>
<responseCondition>
<responseIf>
<lt>
<variable identifier="SCORE"/>
<baseValue baseType="float">1</baseValue>
</lt>
<setOutcomeValue identifier="FEEDBACKMODAL">
<multiple>
<variable identifier="FEEDBACKMODAL"/>
<baseValue baseType="identifier">Feedback437239401</baseValue>
</multiple>
</setOutcomeValue>
</responseIf>
</responseCondition>
</responseProcessing>
<modalFeedback identifier="Feedback437239401" outcomeIdentifier="FEEDBACKMODAL" showHide="show">
<ul>
<li> [190,27; 193,73] <br /> False </li>
<li> [114,60; 269,40] <br /> False </li>
<li> [133,20; 250,80] <br /> False </li>
<li> [188,61; 195,40] <br /> False </li>
<li> [187,53; 196,47] <br /> True </li>
<li> [191,74; 192,26] <br /> False </li>
</ul>
</modalFeedback>
</assessmentItem>
