<?xml version="1.0" encoding="utf-8" standalone="yes"?>
<assessmentItem identifier="vufgb-etasquared-006-en-tv_202510071723_item_1_schoice" title="vufgb-etasquared-006-en-tv_202510071723_item_1_schoice_vufgb-etasquared-006-en" adaptive="false" timeDependent="false" toolName="Testvision Online" toolVersion="39.0.9084" xmlns="http://www.imsglobal.org/xsd/imsqti_v2p1">
<responseDeclaration identifier="RESPONSE" cardinality="single" baseType="identifier">
<correctResponse>
<value>alt_521893</value>
</correctResponse>
<mapping defaultValue="0" lowerBound="0.0">
<mapEntry mapKey="alt_521893" mappedValue="1"/>
<mapEntry mapKey="alt_159537" mappedValue="-0.333333333333333"/>
<mapEntry mapKey="alt_171337" mappedValue="-0.333333333333333"/>
<mapEntry mapKey="alt_372415" mappedValue="-0.333333333333333"/>
</mapping>
</responseDeclaration>
<outcomeDeclaration identifier="SCORE" cardinality="single" baseType="float" normalMaximum="1" normalMinimum="0" />
<outcomeDeclaration identifier="FEEDBACK" cardinality="single" baseType="identifier" />
<stylesheet href="css/vufgb-etasquared-006-en-tv_202510071723_item_1_schoice.css" type="text/css" />
<itemBody>
<p>Given is the following incomplete ANOVA table:</p>
<p><img src="mediafiles/supplements1/vufgb-etasquared-006-nl-table01.jpg" alt="image"/></p>
<p>What is the partial <math display="inline" xmlns="http://www.w3.org/1998/Math/MathML"><semantics><msup><mi>η</mi><mn>2</mn></msup><annotation encoding="application/x-tex">\eta^{2}</annotation></semantics></math> From Education?</p>
<choiceInteraction responseIdentifier="RESPONSE" shuffle="false" maxChoices="1">
<simpleChoice identifier="alt_521893">
<div class="textblock tvblock tvcss_1"><div class="rte_zone tveditor1">
 0.40. This is a large effect.
</div>
</div>
</simpleChoice>
<simpleChoice identifier="alt_159537">
<div class="textblock tvblock tvcss_1"><div class="rte_zone tveditor1">
 0.04. This is a small to medium effect.
</div>
</div>
</simpleChoice>
<simpleChoice identifier="alt_171337">
<div class="textblock tvblock tvcss_1"><div class="rte_zone tveditor1">
 0.40. This is a small to moderate effect.
</div>
</div>
</simpleChoice>
<simpleChoice identifier="alt_372415">
<div class="textblock tvblock tvcss_1"><div class="rte_zone tveditor1">
 0.04. This is a large effect.
</div>
</div>
</simpleChoice>
</choiceInteraction>
</itemBody>
<responseProcessing>
<responseCondition>
<responseIf>
<isNull>
<variable identifier="RESPONSE"/>
</isNull>
<setOutcomeValue identifier="SCORE">
<baseValue baseType="float">0.0</baseValue>
</setOutcomeValue>
<setOutcomeValue identifier="FEEDBACK">
<baseValue baseType="identifier">FAILURE</baseValue>
</setOutcomeValue>
</responseIf>
<responseElse>
<setOutcomeValue identifier="SCORE">
<mapResponse identifier="RESPONSE"/>
</setOutcomeValue>
<responseCondition>
<responseIf>
<equal toleranceMode="relative" tolerance="0.001">
<variable identifier="SCORE"/>
<variable identifier="MAXSCORE"/>
</equal>
<setOutcomeValue identifier="FEEDBACK">
<baseValue baseType="identifier">ANSWER_CORRECT</baseValue>
</setOutcomeValue>
</responseIf>
<responseElse>
<setOutcomeValue identifier="FEEDBACK">
<baseValue baseType="identifier">FAILURE</baseValue>
</setOutcomeValue>
</responseElse>
</responseCondition>
</responseElse>
</responseCondition>
</responseProcessing>
<modalFeedback identifier="FAILURE" outcomeIdentifier="FEEDBACK" showHide="show">
<div class="textblock tvblock tvcss_1"><div class="rte_zone tveditor1">
<ul>
<li> 0.40. This is a large effect. <br /> Correct </li>
<li> 0.04. This is a small to medium effect. <br /> Incorrect </li>
<li> 0.40. This is a small to moderate effect. <br /> Incorrect </li>
<li> 0.04. This is a large effect. <br /> Incorrect </li>
</ul>
</div>
</div>
</modalFeedback>
<modalFeedback identifier="ANSWER_CORRECT" outcomeIdentifier="FEEDBACK" showHide="show">
<div class="textblock tvblock tvcss_1"><div class="rte_zone tveditor1">
<ul>
<li> 0.40. This is a large effect. <br /> Correct </li>
<li> 0.04. This is a small to medium effect. <br /> Incorrect </li>
<li> 0.40. This is a small to moderate effect. <br /> Incorrect </li>
<li> 0.04. This is a large effect. <br /> Incorrect </li>
</ul>
</div>
</div>
</modalFeedback>
<modalFeedback identifier="PARTIAL_CORRECT" outcomeIdentifier="FEEDBACK" showHide="show">
<div class="textblock tvblock tvcss_1"><div class="rte_zone tveditor1">
<ul>
<li> 0.40. This is a large effect. <br /> Correct </li>
<li> 0.04. This is a small to medium effect. <br /> Incorrect </li>
<li> 0.40. This is a small to moderate effect. <br /> Incorrect </li>
<li> 0.04. This is a large effect. <br /> Incorrect </li>
</ul>
</div>
</div>
</modalFeedback>
</assessmentItem>
