<?xml version="1.0" encoding="UTF-8"?>
<assessmentItem xsi:schemaLocation="http://www.imsglobal.org/xsd/imsqti_v2p1 http://www.imsglobal.org/xsd/qti/qtiv2p1/imsqti_v2p1p1.xsd http://www.w3.org/1998/Math/MathML http://www.w3.org/Math/XMLSchema/mathml2/mathml2.xsd" identifier="vufgb-confidenceintervals-024-en-ans_711318515_section_1_item_1_schoice" title="Inferential_Statistics_vufgb-confidenceintervals-024-en_vufgb-confidenceintervals-024-en_schoice_1" adaptive="false" timeDependent="false" xmlns="http://www.imsglobal.org/xsd/imsqti_v2p1" xmlns:xsi="http://www.w3.org/2001/XMLSchema-instance">
<responseDeclaration identifier="vufgb-confidenceintervals-024-en-ans_711318515_section_1_item_1_schoice_RESPONSE_1_4903685" cardinality="single" baseType="identifier">
<correctResponse>
<value>vufgb-confidenceintervals-024-en-ans_711318515_section_1_item_1_schoice_2_1738653100</value>
</correctResponse>
<mapping defaultValue="0" lowerBound="0.0">
<mapEntry mapKey="vufgb-confidenceintervals-024-en-ans_711318515_section_1_item_1_schoice_1_6712135932" mappedValue="0"/>
<mapEntry mapKey="vufgb-confidenceintervals-024-en-ans_711318515_section_1_item_1_schoice_2_1738653100" mappedValue="1"/>
<mapEntry mapKey="vufgb-confidenceintervals-024-en-ans_711318515_section_1_item_1_schoice_3_1892921284" mappedValue="0"/>
<mapEntry mapKey="vufgb-confidenceintervals-024-en-ans_711318515_section_1_item_1_schoice_4_6409407825" mappedValue="0"/>
</mapping>
</responseDeclaration>
<outcomeDeclaration identifier="SCORE" cardinality="single" baseType="float" normalMaximum="1" normalMinimum="0">
<defaultValue>
<value>0.0</value>
</defaultValue>
</outcomeDeclaration>
<outcomeDeclaration identifier="MAXSCORE" cardinality="single" baseType="float">
<defaultValue>
<value>1</value>
</defaultValue>
</outcomeDeclaration>
<outcomeDeclaration identifier="FEEDBACKBASIC" cardinality="single" baseType="identifier" view="testConstructor">
<defaultValue>
<value>empty</value>
</defaultValue>
</outcomeDeclaration>
<outcomeDeclaration identifier="FEEDBACKMODAL" cardinality="multiple" baseType="identifier" view="testConstructor"/>
<outcomeDeclaration identifier="SOLUTIONMODAL" cardinality="single" baseType="identifier" view="testConstructor"/>
<outcomeDeclaration identifier="MINSCORE" cardinality="single" baseType="float">
<defaultValue>
<value baseType="float">0</value>
</defaultValue>
</outcomeDeclaration>
<outcomeDeclaration identifier="SCORE_RESPONSE_1" cardinality="single" baseType="float">
<defaultValue>
<value>0.0</value>
</defaultValue>
</outcomeDeclaration>
<outcomeDeclaration identifier="MINSCORE_RESPONSE_1" cardinality="single" baseType="float">
<defaultValue>
<value>0.0</value>
</defaultValue>
</outcomeDeclaration>
<itemBody>
<p>The mean in a sample of 25 persons is 15, the variance is 9.</p>
<p>Calculate the 95% confidence interval for the population mean.</p>
<choiceInteraction responseIdentifier="vufgb-confidenceintervals-024-en-ans_711318515_section_1_item_1_schoice_RESPONSE_1_4903685" shuffle="false" maxChoices="1">
<simpleChoice identifier="vufgb-confidenceintervals-024-en-ans_711318515_section_1_item_1_schoice_1_6712135932">
<p>
 13.82 ; 16.18
</p>
</simpleChoice>
<simpleChoice identifier="vufgb-confidenceintervals-024-en-ans_711318515_section_1_item_1_schoice_2_1738653100">
<p>
 13.76 ; 16.24
</p>
</simpleChoice>
<simpleChoice identifier="vufgb-confidenceintervals-024-en-ans_711318515_section_1_item_1_schoice_3_1892921284">
<p>
 11.28 ; 18.72
</p>
</simpleChoice>
<simpleChoice identifier="vufgb-confidenceintervals-024-en-ans_711318515_section_1_item_1_schoice_4_6409407825">
<p>
 14.75 ; 15.25
</p>
</simpleChoice>
</choiceInteraction>
</itemBody>
<responseProcessing>
<setOutcomeValue identifier="SCORE_RESPONSE_1">
<sum>
<variable identifier="SCORE_RESPONSE_1"/>
<mapResponse identifier="vufgb-confidenceintervals-024-en-ans_711318515_section_1_item_1_schoice_RESPONSE_1_4903685"/>
</sum>
</setOutcomeValue>
<responseCondition>
<responseIf>
<lt>
<variable identifier="SCORE_RESPONSE_1"/>
<variable identifier="MINSCORE_RESPONSE_1"/>
</lt>
<setOutcomeValue identifier="SCORE_RESPONSE_1">
<variable identifier="MINSCORE_RESPONSE_1"/>
</setOutcomeValue>
</responseIf>
</responseCondition>
<responseCondition>
<responseIf>
<isNull>
<variable identifier="vufgb-confidenceintervals-024-en-ans_711318515_section_1_item_1_schoice_RESPONSE_1_4903685"/>
</isNull>
<setOutcomeValue identifier="SCORE_RESPONSE_1">
<sum>
<variable identifier="SCORE_RESPONSE_1"/>
<baseValue baseType="float">0</baseValue>
</sum>
</setOutcomeValue>
</responseIf>
</responseCondition>
<setOutcomeValue identifier="SCORE">
<sum>
<variable identifier="SCORE_RESPONSE_1"/>
</sum>
</setOutcomeValue>
<responseCondition>
<responseIf>
<lt>
<variable identifier="SCORE"/>
<variable identifier="MINSCORE"/>
</lt>
<setOutcomeValue identifier="SCORE">
<variable identifier="MINSCORE"/>
</setOutcomeValue>
</responseIf>
</responseCondition>
<responseCondition>
<responseIf>
<lt>
<variable identifier="SCORE"/>
<baseValue baseType="float">1</baseValue>
</lt>
<setOutcomeValue identifier="FEEDBACKMODAL">
<multiple>
<variable identifier="FEEDBACKMODAL"/>
<baseValue baseType="identifier">Feedback235990668</baseValue>
</multiple>
</setOutcomeValue>
</responseIf>
</responseCondition>
</responseProcessing>
<modalFeedback outcomeIdentifier="FEEDBACK" showHide="show" identifier="incorrect">
<p><span class="math inline">\(95 \% \; CI: \; mean \pm t._{025} \times se\)</span></p>
<p>So, firstly you have to find the corresponding <em>t</em>-value and calculate the standard error.</p>
<p><em>t</em>-value at <span class="math inline">\(df = n-1 = 25-1 = 24: \; 2.064\)</span></p>
<p><span class="math inline">\(se = \frac{s}{\sqrt{n}} = \frac{3}{5} = 0.6\)</span></p>
<p>When you fill this in, you get: <span class="math inline">\(15 \pm 2.064 \times 0.6\)</span>, which is <span class="math inline">\(13.76 \; ; \; 16.24\)</span>.</p>
<br />
<ul>
<li> 13.82 ; 16.18 <br /> Incorrect </li>
<li> 13.76 ; 16.24 <br /> Correct </li>
<li> 11.28 ; 18.72 <br /> Incorrect </li>
<li> 14.75 ; 15.25 <br /> Incorrect </li>
</ul>
</modalFeedback>
</assessmentItem>
