<?xml version="1.0" encoding="UTF-8"?>
<!DOCTYPE questestinterop SYSTEM "ims_qtiasiv1p2p1.dtd">

<questestinterop xmlns="http://www.imsglobal.org/xsd/ims_qtiasiv1p2" xmlns:xsi="http://www.w3.org/2001/XMLSchema-instance" xsi:schemaLocation="http://www.imsglobal.org/xsd/ims_qtiasiv1p2 http://www.imsglobal.org/xsd/ims_qtiasiv1p2p1.xsd">
<assessment ident="vufgb-pairedsamples-001-nl-canvas_926172805" title="vufgb-pairedsamples-001-nl-canvas">

<qtimetadata>
<qtimetadatafield>
<fieldlabel>cc_maxattempts</fieldlabel>
<fieldentry>1</fieldentry>
</qtimetadatafield>
<qtimetadatafield>
<fieldlabel>qmd_assessmenttype</fieldlabel>
<fieldentry>Assessment</fieldentry>
</qtimetadatafield>
</qtimetadata>
<objectives>
<material>
<mattext><![CDATA[Please solve the following exercises.]]></mattext>
</material>
</objectives>
<assessmentcontrol feedbackswitch="No" hintswitch="No" solutionswitch="Yes"/>
<outcomes_processing scoremodel="SumOfScores">
<outcomes>
<decvar varname="SCORE" vartype="Decimal" cutvalue="0"/>
</outcomes>
</outcomes_processing>
<assessfeedback title="AssessmentFeedback" ident="AssessmentFeedback">
<flow_mat>
<material>
<mattext>##AssessmentFeedback##</mattext>
</material>
</flow_mat>
</assessfeedback>

<section ident="vufgb-pairedsamples-001-nl-canvas_926172805_section_1" title="Exercise">

<objectives>
<material>
<mattext><![CDATA[Please answer the following question.]]></mattext>
</material>
</objectives>
<selection_ordering>
<selection>
<selection_number>1</selection_number>
<selection_extension>
<points_per_item>1</points_per_item>
</selection_extension>
</selection>
<order order_type="Random"/>
</selection_ordering>

<item ident="vufgb-pairedsamples-001-nl-canvas_926172805_section_1_item_1_schoice" title="Question" maxattempts="1">
<itemcontrol feedbackswitch="No" hintswitch="No" solutionswitch="Yes"/>
<itemmetadata>
<qtimetadata>
<qtimetadatafield>
<fieldlabel>question_type</fieldlabel>
<fieldentry>multiple_choice_question</fieldentry>
</qtimetadatafield>
</qtimetadata>
</itemmetadata>
<presentation>
<flow>
<material>
<matbreak/>
<mattext texttype="text/html" charset="utf-8"><![CDATA[
<p>In een onderzoek wordt de prestatie op een puzzeltaak (dat wil zeggen, het aantal correct gelegde puzzelstukjes) gemeten bij kinderen. Dit gebeurt tijdens twee condities. Ten eerste wordt de prestatie op een puzzeltaak gemeten terwijl de kinderen alleen zijn. Ten tweede worden de prestaties van dezelfde kinderen gemeten, maar terwijl hun moeder aanwezig is. We willen weten of er een significant verschil is in de gemiddelde prestaties op de puzzeltaak tussen de twee condities. Met welke statistische techniek kan dit getoetst worden?</p>
]]></mattext>
<matbreak/>
</material>
<response_lid ident="vufgb-pairedsamples-001-nl-canvas_926172805_section_1_item_1_schoice_RESPONSE_4805508" rcardinality="Single" rtiming="No">
<render_choice shuffle="No">
<flow_label class="List">
<response_label ident="vufgb-pairedsamples-001-nl-canvas_926172805_section_1_item_1_schoice_1117700637" rshuffle="No">
<material>
<mattext texttype="text/html" charset="utf-8"><![CDATA[
 De <span class="math inline">\(χ^2\)</span>-toets voor onafhankelijkheid.
]]></mattext>
</material>
</response_label>
</flow_label>
<flow_label class="List">
<response_label ident="vufgb-pairedsamples-001-nl-canvas_926172805_section_1_item_1_schoice_3742339767" rshuffle="No">
<material>
<mattext texttype="text/html" charset="utf-8"><![CDATA[
 De McNemar’s toets voor afhankelijke proporties.
]]></mattext>
</material>
</response_label>
</flow_label>
<flow_label class="List">
<response_label ident="vufgb-pairedsamples-001-nl-canvas_926172805_section_1_item_1_schoice_6227795979" rshuffle="No">
<material>
<mattext texttype="text/html" charset="utf-8"><![CDATA[
 De <em>t</em>-toets voor gepaarde steekproeven (<em>paired samples </em>t<em>-test</em>).
]]></mattext>
</material>
</response_label>
</flow_label>
<flow_label class="List">
<response_label ident="vufgb-pairedsamples-001-nl-canvas_926172805_section_1_item_1_schoice_1213558001" rshuffle="No">
<material>
<mattext texttype="text/html" charset="utf-8"><![CDATA[
 De <em>t</em>-toets voor onafhankelijke steekproeven (<em>independent samples </em>t<em>-test</em>).
]]></mattext>
</material>
</response_label>
</flow_label>
</render_choice>
</response_lid>
</flow>
</presentation>
<resprocessing>
<outcomes>
<decvar varname="SCORE" vartype="Decimal" defaultval="0" minvalue="0" maxvalue="1" cutvalue="1"/>
</outcomes>
<respcondition title="Mastery" continue="No">
<conditionvar>
<and>
<varequal respident="vufgb-pairedsamples-001-nl-canvas_926172805_section_1_item_1_schoice_RESPONSE_4805508" case="Yes">vufgb-pairedsamples-001-nl-canvas_926172805_section_1_item_1_schoice_6227795979</varequal>
<not> <varequal respident="vufgb-pairedsamples-001-nl-canvas_926172805_section_1_item_1_schoice_RESPONSE_4805508" case="Yes">vufgb-pairedsamples-001-nl-canvas_926172805_section_1_item_1_schoice_1117700637</varequal> </not>
<not> <varequal respident="vufgb-pairedsamples-001-nl-canvas_926172805_section_1_item_1_schoice_RESPONSE_4805508" case="Yes">vufgb-pairedsamples-001-nl-canvas_926172805_section_1_item_1_schoice_3742339767</varequal> </not>
<not> <varequal respident="vufgb-pairedsamples-001-nl-canvas_926172805_section_1_item_1_schoice_RESPONSE_4805508" case="Yes">vufgb-pairedsamples-001-nl-canvas_926172805_section_1_item_1_schoice_1213558001</varequal> </not>
</and>
</conditionvar>
<setvar varname="SCORE" action="Set">1</setvar>
<displayfeedback feedbacktype="Response" linkrefid="correct_fb"/>
</respcondition>
<respcondition continue="Yes">
<conditionvar>
<other/>
</conditionvar>
<displayfeedback feedbacktype="Response" linkrefid="general_incorrect_fb"/>
</respcondition>
</resprocessing>
<itemfeedback ident="correct_fb" view="All">
<flow_mat>
<material>
<mattext texttype="text/html"><![CDATA[

]]></mattext>
</material>
</flow_mat>
</itemfeedback>
<itemfeedback ident="general_incorrect_fb" view="All">
<flow_mat>
<material>
<mattext texttype="text/html"><![CDATA[

]]></mattext>
</material>
</flow_mat>
</itemfeedback>
</item>


</section>

</assessment>
</questestinterop>
