<?xml version="1.0" encoding="UTF-8"?>
<assessmentItem xsi:schemaLocation="http://www.imsglobal.org/xsd/imsqti_v2p1 http://www.imsglobal.org/xsd/qti/qtiv2p1/imsqti_v2p1p1.xsd http://www.w3.org/1998/Math/MathML http://www.w3.org/Math/XMLSchema/mathml2/mathml2.xsd" identifier="vufgb-anova-025-nl-qti_817621955_section_1_item_1_schoice" title="1" adaptive="false" timeDependent="false" xmlns="http://www.imsglobal.org/xsd/imsqti_v2p1" xmlns:xsi="http://www.w3.org/2001/XMLSchema-instance">
<responseDeclaration identifier="vufgb-anova-025-nl-qti_817621955_section_1_item_1_schoice_RESPONSE_1_5559820" cardinality="single" baseType="identifier">
<correctResponse>
<value>vufgb-anova-025-nl-qti_817621955_section_1_item_1_schoice_3_1581394139</value>
</correctResponse>
<mapping defaultValue="0" lowerBound="0.0">
<mapEntry mapKey="vufgb-anova-025-nl-qti_817621955_section_1_item_1_schoice_1_3133055452" mappedValue="0"/>
<mapEntry mapKey="vufgb-anova-025-nl-qti_817621955_section_1_item_1_schoice_2_2940836982" mappedValue="0"/>
<mapEntry mapKey="vufgb-anova-025-nl-qti_817621955_section_1_item_1_schoice_3_1581394139" mappedValue="1"/>
<mapEntry mapKey="vufgb-anova-025-nl-qti_817621955_section_1_item_1_schoice_4_1364402942" mappedValue="0"/>
</mapping>
</responseDeclaration>
<outcomeDeclaration identifier="SCORE" cardinality="single" baseType="float" normalMaximum="1" normalMinimum="0">
<defaultValue>
<value>0.0</value>
</defaultValue>
</outcomeDeclaration>
<outcomeDeclaration identifier="MAXSCORE" cardinality="single" baseType="float">
<defaultValue>
<value>1</value>
</defaultValue>
</outcomeDeclaration>
<outcomeDeclaration identifier="FEEDBACKBASIC" cardinality="single" baseType="identifier" view="testConstructor">
<defaultValue>
<value>empty</value>
</defaultValue>
</outcomeDeclaration>
<outcomeDeclaration identifier="FEEDBACKMODAL" cardinality="multiple" baseType="identifier" view="testConstructor"/>
<outcomeDeclaration identifier="MINSCORE" cardinality="single" baseType="float">
<defaultValue>
<value baseType="float">0</value>
</defaultValue>
</outcomeDeclaration>
<outcomeDeclaration identifier="SCORE_RESPONSE_1" cardinality="single" baseType="float">
<defaultValue>
<value>0.0</value>
</defaultValue>
</outcomeDeclaration>
<outcomeDeclaration identifier="MINSCORE_RESPONSE_1" cardinality="single" baseType="float">
<defaultValue>
<value>0.0</value>
</defaultValue>
</outcomeDeclaration>
<itemBody>
<p>Bereken het aantal vrijheidsgraden behorend bij het Interactie-effect AB in een factoriele ANOVA met 3 X 3 design.</p>
<choiceInteraction responseIdentifier="vufgb-anova-025-nl-qti_817621955_section_1_item_1_schoice_RESPONSE_1_5559820" shuffle="false" maxChoices="1">
<simpleChoice identifier="vufgb-anova-025-nl-qti_817621955_section_1_item_1_schoice_1_3133055452">
<p>
a. 2
</p>
</simpleChoice>
<simpleChoice identifier="vufgb-anova-025-nl-qti_817621955_section_1_item_1_schoice_2_2940836982">
<p>
b. 3
</p>
</simpleChoice>
<simpleChoice identifier="vufgb-anova-025-nl-qti_817621955_section_1_item_1_schoice_3_1581394139">
<p>
c. 4
</p>
</simpleChoice>
<simpleChoice identifier="vufgb-anova-025-nl-qti_817621955_section_1_item_1_schoice_4_1364402942">
<p>
d. 9
</p>
</simpleChoice>
</choiceInteraction>
</itemBody>
<responseProcessing>
<responseCondition>
<responseIf>
<isNull>
<variable identifier="vufgb-anova-025-nl-qti_817621955_section_1_item_1_schoice_RESPONSE_1_5559820"/>
</isNull>
<setOutcomeValue identifier="SCORE_RESPONSE_1">
<sum>
<variable identifier="SCORE_RESPONSE_1"/>
<baseValue baseType="float">0</baseValue>
</sum>
</setOutcomeValue>
</responseIf>
</responseCondition>
<setOutcomeValue identifier="SCORE_RESPONSE_1">
<sum>
<variable identifier="SCORE_RESPONSE_1"/>
<mapResponse identifier="vufgb-anova-025-nl-qti_817621955_section_1_item_1_schoice_RESPONSE_1_5559820"/>
</sum>
</setOutcomeValue>
<responseCondition>
<responseIf>
<lt>
<variable identifier="SCORE_RESPONSE_1"/>
<variable identifier="MINSCORE_RESPONSE_1"/>
</lt>
<setOutcomeValue identifier="SCORE_RESPONSE_1">
<variable identifier="MINSCORE_RESPONSE_1"/>
</setOutcomeValue>
</responseIf>
</responseCondition>
<setOutcomeValue identifier="SCORE">
<sum>
<variable identifier="SCORE_RESPONSE_1"/>
</sum>
</setOutcomeValue>
<responseCondition>
<responseIf>
<lt>
<variable identifier="SCORE"/>
<variable identifier="MINSCORE"/>
</lt>
<setOutcomeValue identifier="SCORE">
<variable identifier="MINSCORE"/>
</setOutcomeValue>
</responseIf>
</responseCondition>
<responseCondition>
<responseIf>
<lt>
<variable identifier="SCORE"/>
<baseValue baseType="float">1</baseValue>
</lt>
<setOutcomeValue identifier="FEEDBACKMODAL">
<multiple>
<variable identifier="FEEDBACKMODAL"/>
<baseValue baseType="identifier">Feedback975514697</baseValue>
</multiple>
</setOutcomeValue>
</responseIf>
</responseCondition>
</responseProcessing>
<modalFeedback identifier="Feedback975514697" outcomeIdentifier="FEEDBACKMODAL" showHide="show">
<p><math display="inline" xmlns="http://www.w3.org/1998/Math/MathML"><semantics><mrow><mi>d</mi><mi>f</mi><mo>=</mo><mrow><mo stretchy="true" form="prefix">(</mo><mi>g</mi><mo>−</mo><mn>1</mn><mo stretchy="true" form="postfix">)</mo></mrow><mo>×</mo><mrow><mo stretchy="true" form="prefix">(</mo><mi>h</mi><mo>−</mo><mn>1</mn><mo stretchy="true" form="postfix">)</mo></mrow><mo>=</mo><mrow><mo stretchy="true" form="prefix">(</mo><mn>3</mn><mo>−</mo><mn>1</mn><mo stretchy="true" form="postfix">)</mo></mrow><mo>×</mo><mrow><mo stretchy="true" form="prefix">(</mo><mn>3</mn><mo>−</mo><mn>1</mn><mo stretchy="true" form="postfix">)</mo></mrow><mo>=</mo><mn>2</mn><mo>×</mo><mn>2</mn><mo>=</mo><mn>4</mn></mrow><annotation encoding="application/x-tex">df = (g-1) \times (h-1) = (3-1) \times (3-1) = 2 \times 2 = 4</annotation></semantics></math>.</p>
<p>Als je ANOVA model als regressiemodel met dummy variabelen uitschrijft krijg je twee dummy variabelen voor Factor 1 en twee dummy variabelen voor Factor 2. Dat levert in het regressiemodel <math display="inline" xmlns="http://www.w3.org/1998/Math/MathML"><semantics><mrow><mn>2</mn><mo>×</mo><mn>2</mn><mo>=</mo><mn>4</mn></mrow><annotation encoding="application/x-tex">2 \times 2 = 4</annotation></semantics></math> interactietermen op. Verschil in parameters tussen model met en zonder interactie is dan dus 4.</p>
<p>Dit is de redenering als je de <em>F</em>-toets opvat als model vergelijkingstoets!</p>
<br />
<ol type = "a">
<li> 2 <br /> Incorrect </li>
<li> 3 <br /> Incorrect </li>
<li> 4 <br /> Correct </li>
<li> 9 <br /> Incorrect </li>
</ol>
</modalFeedback>
</assessmentItem>
