<?xml version="1.0" encoding="UTF-8"?>
<assessmentItem xsi:schemaLocation="http://www.imsglobal.org/xsd/imsqti_v2p1 http://www.imsglobal.org/xsd/qti/qtiv2p1/imsqti_v2p1p1.xsd http://www.w3.org/1998/Math/MathML http://www.w3.org/Math/XMLSchema/mathml2/mathml2.xsd" identifier="vufgb-logisticregression-023-nl-qti_915374055_section_1_item_1_schoice" title="1" adaptive="false" timeDependent="false" xmlns="http://www.imsglobal.org/xsd/imsqti_v2p1" xmlns:xsi="http://www.w3.org/2001/XMLSchema-instance">
<responseDeclaration identifier="vufgb-logisticregression-023-nl-qti_915374055_section_1_item_1_schoice_RESPONSE_1_5005100" cardinality="single" baseType="identifier">
<correctResponse>
<value>vufgb-logisticregression-023-nl-qti_915374055_section_1_item_1_schoice_4_6677533272</value>
</correctResponse>
<mapping defaultValue="0" lowerBound="0.0">
<mapEntry mapKey="vufgb-logisticregression-023-nl-qti_915374055_section_1_item_1_schoice_1_3787801519" mappedValue="0"/>
<mapEntry mapKey="vufgb-logisticregression-023-nl-qti_915374055_section_1_item_1_schoice_2_6424498514" mappedValue="0"/>
<mapEntry mapKey="vufgb-logisticregression-023-nl-qti_915374055_section_1_item_1_schoice_3_8663266315" mappedValue="0"/>
<mapEntry mapKey="vufgb-logisticregression-023-nl-qti_915374055_section_1_item_1_schoice_4_6677533272" mappedValue="1"/>
</mapping>
</responseDeclaration>
<outcomeDeclaration identifier="SCORE" cardinality="single" baseType="float" normalMaximum="1" normalMinimum="0">
<defaultValue>
<value>0.0</value>
</defaultValue>
</outcomeDeclaration>
<outcomeDeclaration identifier="MAXSCORE" cardinality="single" baseType="float">
<defaultValue>
<value>1</value>
</defaultValue>
</outcomeDeclaration>
<outcomeDeclaration identifier="FEEDBACKBASIC" cardinality="single" baseType="identifier" view="testConstructor">
<defaultValue>
<value>empty</value>
</defaultValue>
</outcomeDeclaration>
<outcomeDeclaration identifier="FEEDBACKMODAL" cardinality="multiple" baseType="identifier" view="testConstructor"/>
<outcomeDeclaration identifier="MINSCORE" cardinality="single" baseType="float">
<defaultValue>
<value baseType="float">0</value>
</defaultValue>
</outcomeDeclaration>
<outcomeDeclaration identifier="SCORE_RESPONSE_1" cardinality="single" baseType="float">
<defaultValue>
<value>0.0</value>
</defaultValue>
</outcomeDeclaration>
<outcomeDeclaration identifier="MINSCORE_RESPONSE_1" cardinality="single" baseType="float">
<defaultValue>
<value>0.0</value>
</defaultValue>
</outcomeDeclaration>
<itemBody>
<p>In het onderzoekscentrum Quality of life wil men onderzoeken of de voorspelling van depressie (ja/nee) op basis van de score op een klinisch meetinstrument hetzelfde is voor mannen en vrouwen. Welke methode kan daartoe het beste worden gebruikt?</p>
<choiceInteraction responseIdentifier="vufgb-logisticregression-023-nl-qti_915374055_section_1_item_1_schoice_RESPONSE_1_5005100" shuffle="false" maxChoices="1">
<simpleChoice identifier="vufgb-logisticregression-023-nl-qti_915374055_section_1_item_1_schoice_1_3787801519">
<p>
a. Enkelvoudige regressie.
</p>
</simpleChoice>
<simpleChoice identifier="vufgb-logisticregression-023-nl-qti_915374055_section_1_item_1_schoice_2_6424498514">
<p>
b. Multipele regressie.
</p>
</simpleChoice>
<simpleChoice identifier="vufgb-logisticregression-023-nl-qti_915374055_section_1_item_1_schoice_3_8663266315">
<p>
c. Enkelvoudige logistische regressie.
</p>
</simpleChoice>
<simpleChoice identifier="vufgb-logisticregression-023-nl-qti_915374055_section_1_item_1_schoice_4_6677533272">
<p>
d. Multipele logistische regressie.
</p>
</simpleChoice>
</choiceInteraction>
</itemBody>
<responseProcessing>
<responseCondition>
<responseIf>
<isNull>
<variable identifier="vufgb-logisticregression-023-nl-qti_915374055_section_1_item_1_schoice_RESPONSE_1_5005100"/>
</isNull>
<setOutcomeValue identifier="SCORE_RESPONSE_1">
<sum>
<variable identifier="SCORE_RESPONSE_1"/>
<baseValue baseType="float">0</baseValue>
</sum>
</setOutcomeValue>
</responseIf>
</responseCondition>
<setOutcomeValue identifier="SCORE_RESPONSE_1">
<sum>
<variable identifier="SCORE_RESPONSE_1"/>
<mapResponse identifier="vufgb-logisticregression-023-nl-qti_915374055_section_1_item_1_schoice_RESPONSE_1_5005100"/>
</sum>
</setOutcomeValue>
<responseCondition>
<responseIf>
<lt>
<variable identifier="SCORE_RESPONSE_1"/>
<variable identifier="MINSCORE_RESPONSE_1"/>
</lt>
<setOutcomeValue identifier="SCORE_RESPONSE_1">
<variable identifier="MINSCORE_RESPONSE_1"/>
</setOutcomeValue>
</responseIf>
</responseCondition>
<setOutcomeValue identifier="SCORE">
<sum>
<variable identifier="SCORE_RESPONSE_1"/>
</sum>
</setOutcomeValue>
<responseCondition>
<responseIf>
<lt>
<variable identifier="SCORE"/>
<variable identifier="MINSCORE"/>
</lt>
<setOutcomeValue identifier="SCORE">
<variable identifier="MINSCORE"/>
</setOutcomeValue>
</responseIf>
</responseCondition>
<responseCondition>
<responseIf>
<lt>
<variable identifier="SCORE"/>
<baseValue baseType="float">1</baseValue>
</lt>
<setOutcomeValue identifier="FEEDBACKMODAL">
<multiple>
<variable identifier="FEEDBACKMODAL"/>
<baseValue baseType="identifier">Feedback244311494</baseValue>
</multiple>
</setOutcomeValue>
</responseIf>
</responseCondition>
</responseProcessing>
<modalFeedback identifier="Feedback244311494" outcomeIdentifier="FEEDBACKMODAL" showHide="show">
<ol type = "a">
<li> Enkelvoudige regressie. <br /> Incorrect </li>
<li> Multipele regressie. <br /> Incorrect </li>
<li> Enkelvoudige logistische regressie. <br /> Incorrect </li>
<li> Multipele logistische regressie. <br /> Correct </li>
</ol>
</modalFeedback>
</assessmentItem>
