<?xml version="1.0" encoding="utf-8" standalone="yes"?>
<assessmentItem identifier="vufgb-twowayanova-016-nl-tv_202209061510_item_1_schoice" title="vufgb-twowayanova-016-nl-tv_202209061510_item_1_schoice_vufgb-twowayanova-016-nl" adaptive="false" timeDependent="false" toolName="Testvision Online" toolVersion="39.0.9084" xmlns="http://www.imsglobal.org/xsd/imsqti_v2p1">
<responseDeclaration identifier="RESPONSE" cardinality="single" baseType="identifier">
<correctResponse>
<value>alt_253928</value>
</correctResponse>
<mapping defaultValue="0" lowerBound="0.0">
<mapEntry mapKey="alt_837657" mappedValue="-0.333333333333333"/>
<mapEntry mapKey="alt_146850" mappedValue="-0.333333333333333"/>
<mapEntry mapKey="alt_396405" mappedValue="-0.333333333333333"/>
<mapEntry mapKey="alt_253928" mappedValue="1"/>
</mapping>
</responseDeclaration>
<outcomeDeclaration identifier="SCORE" cardinality="single" baseType="float" normalMaximum="1" normalMinimum="0" />
<outcomeDeclaration identifier="FEEDBACK" cardinality="single" baseType="identifier" />
<itemBody>
<p>In onderstaande tabel staan de gemiddeldes voor een uitkomstvariabele voor een ANOVA met twee factoren. Bekijk het patroon van gemiddelden en trek een conclusie.</p>
<p><img src="mediafiles/supplements1/vufgb-twowayanova-016-nl-table01.jpg" alt="image"/></p>
<choiceInteraction responseIdentifier="RESPONSE" shuffle="false" maxChoices="1">
<simpleChoice identifier="alt_837657">
<div class="textblock tvblock tvcss_1"><div class="rte_zone tveditor1">
a. Er is alleen sprake van een hoofdeffect van factor A.
</div>
</div>
</simpleChoice>
<simpleChoice identifier="alt_146850">
<div class="textblock tvblock tvcss_1"><div class="rte_zone tveditor1">
b. Er is alleen sprake van een hoofdeffect van factor B.
</div>
</div>
</simpleChoice>
<simpleChoice identifier="alt_396405">
<div class="textblock tvblock tvcss_1"><div class="rte_zone tveditor1">
c. Er is alleen sprake van hoofdeffecten van factoren A en B.
</div>
</div>
</simpleChoice>
<simpleChoice identifier="alt_253928">
<div class="textblock tvblock tvcss_1"><div class="rte_zone tveditor1">
d. Er is sprake van een interactie-effect tussen factoren A en B.
</div>
</div>
</simpleChoice>
</choiceInteraction>
</itemBody>
<responseProcessing>
<responseCondition>
<responseIf>
<isNull>
<variable identifier="RESPONSE"/>
</isNull>
<setOutcomeValue identifier="SCORE">
<baseValue baseType="float">0.0</baseValue>
</setOutcomeValue>
<setOutcomeValue identifier="FEEDBACK">
<baseValue baseType="identifier">FAILURE</baseValue>
</setOutcomeValue>
</responseIf>
<responseElse>
<setOutcomeValue identifier="SCORE">
<mapResponse identifier="RESPONSE"/>
</setOutcomeValue>
<responseCondition>
<responseIf>
<equal toleranceMode="relative" tolerance="0.001">
<variable identifier="SCORE"/>
<variable identifier="MAXSCORE"/>
</equal>
<setOutcomeValue identifier="FEEDBACK">
<baseValue baseType="identifier">ANSWER_CORRECT</baseValue>
</setOutcomeValue>
</responseIf>
<responseElse>
<setOutcomeValue identifier="FEEDBACK">
<baseValue baseType="identifier">FAILURE</baseValue>
</setOutcomeValue>
</responseElse>
</responseCondition>
</responseElse>
</responseCondition>
</responseProcessing>
<modalFeedback identifier="FAILURE" outcomeIdentifier="FEEDBACK" showHide="show">
<div class="textblock tvblock tvcss_1"><div class="rte_zone tveditor1">
<ol>
<li> Er is alleen sprake van een hoofdeffect van factor A. <br /> Incorrect </li>
<li> Er is alleen sprake van een hoofdeffect van factor B. <br /> Incorrect </li>
<li> Er is alleen sprake van hoofdeffecten van factoren A en B. <br /> Incorrect </li>
<li> Er is sprake van een interactie-effect tussen factoren A en B. <br /> Correct </li>
</ol>
</div>
</div>
</modalFeedback>
<modalFeedback identifier="ANSWER_CORRECT" outcomeIdentifier="FEEDBACK" showHide="show">
<div class="textblock tvblock tvcss_1"><div class="rte_zone tveditor1">
<ol>
<li> Er is alleen sprake van een hoofdeffect van factor A. <br /> Incorrect </li>
<li> Er is alleen sprake van een hoofdeffect van factor B. <br /> Incorrect </li>
<li> Er is alleen sprake van hoofdeffecten van factoren A en B. <br /> Incorrect </li>
<li> Er is sprake van een interactie-effect tussen factoren A en B. <br /> Correct </li>
</ol>
</div>
</div>
</modalFeedback>
<modalFeedback identifier="PARTIAL_CORRECT" outcomeIdentifier="FEEDBACK" showHide="show">
<div class="textblock tvblock tvcss_1"><div class="rte_zone tveditor1">
<ol>
<li> Er is alleen sprake van een hoofdeffect van factor A. <br /> Incorrect </li>
<li> Er is alleen sprake van een hoofdeffect van factor B. <br /> Incorrect </li>
<li> Er is alleen sprake van hoofdeffecten van factoren A en B. <br /> Incorrect </li>
<li> Er is sprake van een interactie-effect tussen factoren A en B. <br /> Correct </li>
</ol>
</div>
</div>
</modalFeedback>
</assessmentItem>
