<?xml version="1.0" encoding="utf-8" standalone="yes"?>
<assessmentItem identifier="uva-twoway-anova-70-en-tv_202510071723_item_1_schoice" title="uva-twoway-anova-70-en-tv_202510071723_item_1_schoice_uva-twoway-anova-70-en" adaptive="false" timeDependent="false" toolName="Testvision Online" toolVersion="39.0.9084" xmlns="http://www.imsglobal.org/xsd/imsqti_v2p1">
<responseDeclaration identifier="RESPONSE" cardinality="single" baseType="identifier">
<correctResponse>
<value>alt_114983</value>
</correctResponse>
<mapping defaultValue="0" lowerBound="0.0">
<mapEntry mapKey="alt_871357" mappedValue="-0.5"/>
<mapEntry mapKey="alt_578671" mappedValue="-0.5"/>
<mapEntry mapKey="alt_114983" mappedValue="1"/>
</mapping>
</responseDeclaration>
<outcomeDeclaration identifier="SCORE" cardinality="single" baseType="float" normalMaximum="1" normalMinimum="0" />
<outcomeDeclaration identifier="FEEDBACK" cardinality="single" baseType="identifier" />
<stylesheet href="css/uva-twoway-anova-70-en-tv_202510071723_item_1_schoice.css" type="text/css" />
<itemBody>
<p>A one-way ANOVA (one factor) with three groups is performed. The assumptions are checked: the distribution at each group is normal and the variances within each group are equal. Furthermore, the subjects randomly assigned to one of the three groups. A a <em>follow up</em> test is done to examine which of the three groups are differences. The confidence interval of Fisher. This uses the <em>Mean Square within</em> (MS within/Error). This is the average of the three variances calculated within each group is calculated. This method is allowed because (a) the distribution of each group is normal and (b) the variances within each group are equal.</p>
<choiceInteraction responseIdentifier="RESPONSE" shuffle="false" maxChoices="1">
<simpleChoice identifier="alt_871357">
<div class="textblock tvblock tvcss_1"><div class="rte_zone tveditor1">
 A is TRUE and b is false.
</div>
</div>
</simpleChoice>
<simpleChoice identifier="alt_578671">
<div class="textblock tvblock tvcss_1"><div class="rte_zone tveditor1">
 A is false and b is true.
</div>
</div>
</simpleChoice>
<simpleChoice identifier="alt_114983">
<div class="textblock tvblock tvcss_1"><div class="rte_zone tveditor1">
 Both are TRUE.
</div>
</div>
</simpleChoice>
</choiceInteraction>
</itemBody>
<responseProcessing>
<responseCondition>
<responseIf>
<isNull>
<variable identifier="RESPONSE"/>
</isNull>
<setOutcomeValue identifier="SCORE">
<baseValue baseType="float">0.0</baseValue>
</setOutcomeValue>
<setOutcomeValue identifier="FEEDBACK">
<baseValue baseType="identifier">FAILURE</baseValue>
</setOutcomeValue>
</responseIf>
<responseElse>
<setOutcomeValue identifier="SCORE">
<mapResponse identifier="RESPONSE"/>
</setOutcomeValue>
<responseCondition>
<responseIf>
<equal toleranceMode="relative" tolerance="0.001">
<variable identifier="SCORE"/>
<variable identifier="MAXSCORE"/>
</equal>
<setOutcomeValue identifier="FEEDBACK">
<baseValue baseType="identifier">ANSWER_CORRECT</baseValue>
</setOutcomeValue>
</responseIf>
<responseElse>
<setOutcomeValue identifier="FEEDBACK">
<baseValue baseType="identifier">FAILURE</baseValue>
</setOutcomeValue>
</responseElse>
</responseCondition>
</responseElse>
</responseCondition>
</responseProcessing>
<modalFeedback identifier="FAILURE" outcomeIdentifier="FEEDBACK" showHide="show">
<div class="textblock tvblock tvcss_1"><div class="rte_zone tveditor1">
<ul>
<li> A is TRUE and b is false. <br /> A is TRUE and b is false: Incorrect </li>
<li> A is false and b is true. <br /> A is false and b is true: Incorrect </li>
<li> Both are TRUE. <br /> Both are TRUE: Correct </li>
</ul>
</div>
</div>
</modalFeedback>
<modalFeedback identifier="ANSWER_CORRECT" outcomeIdentifier="FEEDBACK" showHide="show">
<div class="textblock tvblock tvcss_1"><div class="rte_zone tveditor1">
<ul>
<li> A is TRUE and b is false. <br /> A is TRUE and b is false: Incorrect </li>
<li> A is false and b is true. <br /> A is false and b is true: Incorrect </li>
<li> Both are TRUE. <br /> Both are TRUE: Correct </li>
</ul>
</div>
</div>
</modalFeedback>
<modalFeedback identifier="PARTIAL_CORRECT" outcomeIdentifier="FEEDBACK" showHide="show">
<div class="textblock tvblock tvcss_1"><div class="rte_zone tveditor1">
<ul>
<li> A is TRUE and b is false. <br /> A is TRUE and b is false: Incorrect </li>
<li> A is false and b is true. <br /> A is false and b is true: Incorrect </li>
<li> Both are TRUE. <br /> Both are TRUE: Correct </li>
</ul>
</div>
</div>
</modalFeedback>
</assessmentItem>
