<?xml version="1.0" encoding="UTF-8"?>
<assessmentItem xsi:schemaLocation="http://www.imsglobal.org/xsd/imsqti_v2p1 http://www.imsglobal.org/xsd/qti/qtiv2p1/imsqti_v2p1p1.xsd http://www.w3.org/1998/Math/MathML http://www.w3.org/Math/XMLSchema/mathml2/mathml2.xsd" identifier="uva-normal-1352-nl-qti_406403871_section_1_item_1_schoice" title="1" adaptive="false" timeDependent="false" xmlns="http://www.imsglobal.org/xsd/imsqti_v2p1" xmlns:xsi="http://www.w3.org/2001/XMLSchema-instance">
<responseDeclaration identifier="uva-normal-1352-nl-qti_406403871_section_1_item_1_schoice_RESPONSE_1_1544829" cardinality="single" baseType="identifier">
<correctResponse>
<value>uva-normal-1352-nl-qti_406403871_section_1_item_1_schoice_5_6186412926</value>
</correctResponse>
<mapping defaultValue="0" lowerBound="0.0">
<mapEntry mapKey="uva-normal-1352-nl-qti_406403871_section_1_item_1_schoice_1_6211882038" mappedValue="0"/>
<mapEntry mapKey="uva-normal-1352-nl-qti_406403871_section_1_item_1_schoice_2_5621541577" mappedValue="0"/>
<mapEntry mapKey="uva-normal-1352-nl-qti_406403871_section_1_item_1_schoice_3_1192683784" mappedValue="0"/>
<mapEntry mapKey="uva-normal-1352-nl-qti_406403871_section_1_item_1_schoice_4_9568426873" mappedValue="0"/>
<mapEntry mapKey="uva-normal-1352-nl-qti_406403871_section_1_item_1_schoice_5_6186412926" mappedValue="1"/>
</mapping>
</responseDeclaration>
<outcomeDeclaration identifier="SCORE" cardinality="single" baseType="float" normalMaximum="1" normalMinimum="0">
<defaultValue>
<value>0.0</value>
</defaultValue>
</outcomeDeclaration>
<outcomeDeclaration identifier="MAXSCORE" cardinality="single" baseType="float">
<defaultValue>
<value>1</value>
</defaultValue>
</outcomeDeclaration>
<outcomeDeclaration identifier="FEEDBACKBASIC" cardinality="single" baseType="identifier" view="testConstructor">
<defaultValue>
<value>empty</value>
</defaultValue>
</outcomeDeclaration>
<outcomeDeclaration identifier="FEEDBACKMODAL" cardinality="multiple" baseType="identifier" view="testConstructor"/>
<outcomeDeclaration identifier="SOLUTIONMODAL" cardinality="single" baseType="identifier" view="testConstructor"/>
<outcomeDeclaration identifier="MINSCORE" cardinality="single" baseType="float">
<defaultValue>
<value baseType="float">0</value>
</defaultValue>
</outcomeDeclaration>
<outcomeDeclaration identifier="SCORE_RESPONSE_1" cardinality="single" baseType="float">
<defaultValue>
<value>0.0</value>
</defaultValue>
</outcomeDeclaration>
<outcomeDeclaration identifier="MINSCORE_RESPONSE_1" cardinality="single" baseType="float">
<defaultValue>
<value>0.0</value>
</defaultValue>
</outcomeDeclaration>
<itemBody>
<p>Doppen van Colaflessen variëren iets in diameter. Stel dat je twee
aselecte steekproeven neemt van respectievelijk 40 en 60 doppen. Hebben
ze dezelfde verdeling?</p>
<choiceInteraction responseIdentifier="uva-normal-1352-nl-qti_406403871_section_1_item_1_schoice_RESPONSE_1_1544829" shuffle="false" maxChoices="1">
<simpleChoice identifier="uva-normal-1352-nl-qti_406403871_section_1_item_1_schoice_1_6211882038">
<p>
 Ja, ze hebben dezelfde gemiddelden en standaardfouten.
</p>
</simpleChoice>
<simpleChoice identifier="uva-normal-1352-nl-qti_406403871_section_1_item_1_schoice_2_5621541577">
<p>
 Nee, de steekproef van 40 doppen heeft een groter gemiddelde en standaardfout dan de steekproef van 60.
</p>
</simpleChoice>
<simpleChoice identifier="uva-normal-1352-nl-qti_406403871_section_1_item_1_schoice_3_1192683784">
<p>
 Nee, de steekproef van 60 doppen heeft een groter gemiddelde en standaardfout dan de steekproef van 40.
</p>
</simpleChoice>
<simpleChoice identifier="uva-normal-1352-nl-qti_406403871_section_1_item_1_schoice_4_9568426873">
<p>
 Nee, ze hebben verschillende gemiddelden en standaardfouten.
</p>
</simpleChoice>
<simpleChoice identifier="uva-normal-1352-nl-qti_406403871_section_1_item_1_schoice_5_6186412926">
<p>
 Nee, ze hebben dezelfde gemiddelden maar verschillende standaardfouten.
</p>
</simpleChoice>
</choiceInteraction>
</itemBody>
<responseProcessing>
<setOutcomeValue identifier="SCORE_RESPONSE_1">
<sum>
<variable identifier="SCORE_RESPONSE_1"/>
<mapResponse identifier="uva-normal-1352-nl-qti_406403871_section_1_item_1_schoice_RESPONSE_1_1544829"/>
</sum>
</setOutcomeValue>
<responseCondition>
<responseIf>
<lt>
<variable identifier="SCORE_RESPONSE_1"/>
<variable identifier="MINSCORE_RESPONSE_1"/>
</lt>
<setOutcomeValue identifier="SCORE_RESPONSE_1">
<variable identifier="MINSCORE_RESPONSE_1"/>
</setOutcomeValue>
</responseIf>
</responseCondition>
<responseCondition>
<responseIf>
<isNull>
<variable identifier="uva-normal-1352-nl-qti_406403871_section_1_item_1_schoice_RESPONSE_1_1544829"/>
</isNull>
<setOutcomeValue identifier="SCORE_RESPONSE_1">
<sum>
<variable identifier="SCORE_RESPONSE_1"/>
<baseValue baseType="float">0</baseValue>
</sum>
</setOutcomeValue>
</responseIf>
</responseCondition>
<setOutcomeValue identifier="SCORE">
<sum>
<variable identifier="SCORE_RESPONSE_1"/>
</sum>
</setOutcomeValue>
<responseCondition>
<responseIf>
<lt>
<variable identifier="SCORE"/>
<variable identifier="MINSCORE"/>
</lt>
<setOutcomeValue identifier="SCORE">
<variable identifier="MINSCORE"/>
</setOutcomeValue>
</responseIf>
</responseCondition>
<responseCondition>
<responseIf>
<lt>
<variable identifier="SCORE"/>
<baseValue baseType="float">1</baseValue>
</lt>
<setOutcomeValue identifier="FEEDBACKMODAL">
<multiple>
<variable identifier="FEEDBACKMODAL"/>
<baseValue baseType="identifier">Feedback879267984</baseValue>
</multiple>
</setOutcomeValue>
</responseIf>
</responseCondition>
</responseProcessing>
<modalFeedback identifier="Feedback879267984" outcomeIdentifier="FEEDBACKMODAL" showHide="show">
<ul>
<li> Ja, ze hebben dezelfde gemiddelden en standaardfouten. <br /> Ja, ze hebben dezelfde gemiddelden en standaardfouten.: Incorrect </li>
<li> Nee, de steekproef van 40 doppen heeft een groter gemiddelde en standaardfout dan de steekproef van 60. <br /> Nee, de steekproef van 40 doppen heeft een groter gemiddelde en standaardfout dan de steekproef van 60.: Incorrect </li>
<li> Nee, de steekproef van 60 doppen heeft een groter gemiddelde en standaardfout dan de steekproef van 40. <br /> Nee, de steekproef van 60 doppen heeft een groter gemiddelde en standaardfout dan de steekproef van 40.: Incorrect </li>
<li> Nee, ze hebben verschillende gemiddelden en standaardfouten. <br /> Nee, ze hebben verschillende gemiddelden en standaardfouten.: Incorrect </li>
<li> Nee, ze hebben dezelfde gemiddelden maar verschillende standaardfouten. <br /> Nee, ze hebben dezelfde gemiddelden maar verschillende standaardfouten.: Correct </li>
</ul>
</modalFeedback>
</assessmentItem>
