<?xml version="1.0" encoding="UTF-8"?>
<assessmentItem xsi:schemaLocation="http://www.imsglobal.org/xsd/imsqti_v2p1 http://www.imsglobal.org/xsd/qti/qtiv2p1/imsqti_v2p1p1.xsd http://www.w3.org/1998/Math/MathML http://www.w3.org/Math/XMLSchema/mathml2/mathml2.xsd" identifier="uva-independent-samples-means-434-nl-ans_191010655_section_1_item_1_schoice" title="Inferential_Statistics_uva-independent-samples-means-434-nl_uva-independent-samples-means-434-nl_schoice_1" adaptive="false" timeDependent="false" xmlns="http://www.imsglobal.org/xsd/imsqti_v2p1" xmlns:xsi="http://www.w3.org/2001/XMLSchema-instance">
<responseDeclaration identifier="uva-independent-samples-means-434-nl-ans_191010655_section_1_item_1_schoice_RESPONSE_1_3815685" cardinality="single" baseType="identifier">
<correctResponse>
<value>uva-independent-samples-means-434-nl-ans_191010655_section_1_item_1_schoice_1_1775173725</value>
</correctResponse>
<mapping defaultValue="0" lowerBound="0.0">
<mapEntry mapKey="uva-independent-samples-means-434-nl-ans_191010655_section_1_item_1_schoice_1_1775173725" mappedValue="1"/>
<mapEntry mapKey="uva-independent-samples-means-434-nl-ans_191010655_section_1_item_1_schoice_2_5998594625" mappedValue="0"/>
<mapEntry mapKey="uva-independent-samples-means-434-nl-ans_191010655_section_1_item_1_schoice_3_9449506980" mappedValue="0"/>
<mapEntry mapKey="uva-independent-samples-means-434-nl-ans_191010655_section_1_item_1_schoice_4_1931627494" mappedValue="0"/>
</mapping>
</responseDeclaration>
<outcomeDeclaration identifier="SCORE" cardinality="single" baseType="float" normalMaximum="1" normalMinimum="0">
<defaultValue>
<value>0.0</value>
</defaultValue>
</outcomeDeclaration>
<outcomeDeclaration identifier="MAXSCORE" cardinality="single" baseType="float">
<defaultValue>
<value>1</value>
</defaultValue>
</outcomeDeclaration>
<outcomeDeclaration identifier="FEEDBACKBASIC" cardinality="single" baseType="identifier" view="testConstructor">
<defaultValue>
<value>empty</value>
</defaultValue>
</outcomeDeclaration>
<outcomeDeclaration identifier="FEEDBACKMODAL" cardinality="multiple" baseType="identifier" view="testConstructor"/>
<outcomeDeclaration identifier="SOLUTIONMODAL" cardinality="single" baseType="identifier" view="testConstructor"/>
<outcomeDeclaration identifier="MINSCORE" cardinality="single" baseType="float">
<defaultValue>
<value baseType="float">0</value>
</defaultValue>
</outcomeDeclaration>
<outcomeDeclaration identifier="SCORE_RESPONSE_1" cardinality="single" baseType="float">
<defaultValue>
<value>0.0</value>
</defaultValue>
</outcomeDeclaration>
<outcomeDeclaration identifier="MINSCORE_RESPONSE_1" cardinality="single" baseType="float">
<defaultValue>
<value>0.0</value>
</defaultValue>
</outcomeDeclaration>
<itemBody>
<p>In een onderzoek naar het effect van voorlichting op angstgevoelens bij
patiënten die een onaangename operatie moeten ondergaan, is bij 10
mannen die de standaard voorlichting kregen daarna de angst gemeten via
een VAS-score, alsmede bij 6 mannen na uitgebreide voorlichting.<br />
Standaard: n = 10, gemiddelde = 35.10, standaardafwijking = 29.39<br />
Uitgebreid: n = 6, gemiddelde = 27.17, standaardafwijking = 24.32<br />
De waarde van de toetsingsgrootheid voor het toetsen van de nulhypothese
dat de populatiegemiddelden gelijk zijn, is (zonder eventueel minteken)
gelijk aan</p>
<choiceInteraction responseIdentifier="uva-independent-samples-means-434-nl-ans_191010655_section_1_item_1_schoice_RESPONSE_1_3815685" shuffle="false" maxChoices="1">
<simpleChoice identifier="uva-independent-samples-means-434-nl-ans_191010655_section_1_item_1_schoice_1_1775173725">
<p>
 0.55
</p>
</simpleChoice>
<simpleChoice identifier="uva-independent-samples-means-434-nl-ans_191010655_section_1_item_1_schoice_2_5998594625">
<p>
 1.07
</p>
</simpleChoice>
<simpleChoice identifier="uva-independent-samples-means-434-nl-ans_191010655_section_1_item_1_schoice_3_9449506980">
<p>
 0.039
</p>
</simpleChoice>
<simpleChoice identifier="uva-independent-samples-means-434-nl-ans_191010655_section_1_item_1_schoice_4_1931627494">
<p>
 0.51
</p>
</simpleChoice>
</choiceInteraction>
</itemBody>
<responseProcessing>
<setOutcomeValue identifier="SCORE_RESPONSE_1">
<sum>
<variable identifier="SCORE_RESPONSE_1"/>
<mapResponse identifier="uva-independent-samples-means-434-nl-ans_191010655_section_1_item_1_schoice_RESPONSE_1_3815685"/>
</sum>
</setOutcomeValue>
<responseCondition>
<responseIf>
<lt>
<variable identifier="SCORE_RESPONSE_1"/>
<variable identifier="MINSCORE_RESPONSE_1"/>
</lt>
<setOutcomeValue identifier="SCORE_RESPONSE_1">
<variable identifier="MINSCORE_RESPONSE_1"/>
</setOutcomeValue>
</responseIf>
</responseCondition>
<responseCondition>
<responseIf>
<isNull>
<variable identifier="uva-independent-samples-means-434-nl-ans_191010655_section_1_item_1_schoice_RESPONSE_1_3815685"/>
</isNull>
<setOutcomeValue identifier="SCORE_RESPONSE_1">
<sum>
<variable identifier="SCORE_RESPONSE_1"/>
<baseValue baseType="float">0</baseValue>
</sum>
</setOutcomeValue>
</responseIf>
</responseCondition>
<setOutcomeValue identifier="SCORE">
<sum>
<variable identifier="SCORE_RESPONSE_1"/>
</sum>
</setOutcomeValue>
<responseCondition>
<responseIf>
<lt>
<variable identifier="SCORE"/>
<variable identifier="MINSCORE"/>
</lt>
<setOutcomeValue identifier="SCORE">
<variable identifier="MINSCORE"/>
</setOutcomeValue>
</responseIf>
</responseCondition>
<responseCondition>
<responseIf>
<lt>
<variable identifier="SCORE"/>
<baseValue baseType="float">1</baseValue>
</lt>
<setOutcomeValue identifier="FEEDBACKMODAL">
<multiple>
<variable identifier="FEEDBACKMODAL"/>
<baseValue baseType="identifier">Feedback148921697</baseValue>
</multiple>
</setOutcomeValue>
</responseIf>
</responseCondition>
</responseProcessing>
<modalFeedback outcomeIdentifier="FEEDBACK" showHide="show" identifier="incorrect">
<ul>
<li> 0.55 <br /> 0.55: Correct </li>
<li> 1.07 <br /> 1.07: Incorrect </li>
<li> 0.039 <br /> 0.039: Incorrect </li>
<li> 0.51 <br /> 0.51: Incorrect </li>
</ul>
</modalFeedback>
</assessmentItem>
