<?xml version="1.0" encoding="UTF-8"?>
<assessmentItem xsi:schemaLocation="http://www.imsglobal.org/xsd/imsqti_v2p1 http://www.imsglobal.org/xsd/qti/qtiv2p1/imsqti_v2p1p1.xsd http://www.w3.org/1998/Math/MathML http://www.w3.org/Math/XMLSchema/mathml2/mathml2.xsd" identifier="uva-sample-mean-1360-nl-ans_303999787_section_1_item_1_schoice" title="Inferential_Statistics_uva-sample-mean-1360-nl_uva-sample-mean-1360-nl_schoice_1" adaptive="false" timeDependent="false" xmlns="http://www.imsglobal.org/xsd/imsqti_v2p1" xmlns:xsi="http://www.w3.org/2001/XMLSchema-instance">
<responseDeclaration identifier="uva-sample-mean-1360-nl-ans_303999787_section_1_item_1_schoice_RESPONSE_1_9649929" cardinality="single" baseType="identifier">
<correctResponse>
<value>uva-sample-mean-1360-nl-ans_303999787_section_1_item_1_schoice_4_7049994423</value>
</correctResponse>
<mapping defaultValue="0" lowerBound="0.0">
<mapEntry mapKey="uva-sample-mean-1360-nl-ans_303999787_section_1_item_1_schoice_1_5369837295" mappedValue="0"/>
<mapEntry mapKey="uva-sample-mean-1360-nl-ans_303999787_section_1_item_1_schoice_2_2134381691" mappedValue="0"/>
<mapEntry mapKey="uva-sample-mean-1360-nl-ans_303999787_section_1_item_1_schoice_3_1791929276" mappedValue="0"/>
<mapEntry mapKey="uva-sample-mean-1360-nl-ans_303999787_section_1_item_1_schoice_4_7049994423" mappedValue="1"/>
</mapping>
</responseDeclaration>
<outcomeDeclaration identifier="SCORE" cardinality="single" baseType="float" normalMaximum="1" normalMinimum="0">
<defaultValue>
<value>0.0</value>
</defaultValue>
</outcomeDeclaration>
<outcomeDeclaration identifier="MAXSCORE" cardinality="single" baseType="float">
<defaultValue>
<value>1</value>
</defaultValue>
</outcomeDeclaration>
<outcomeDeclaration identifier="FEEDBACKBASIC" cardinality="single" baseType="identifier" view="testConstructor">
<defaultValue>
<value>empty</value>
</defaultValue>
</outcomeDeclaration>
<outcomeDeclaration identifier="FEEDBACKMODAL" cardinality="multiple" baseType="identifier" view="testConstructor"/>
<outcomeDeclaration identifier="SOLUTIONMODAL" cardinality="single" baseType="identifier" view="testConstructor"/>
<outcomeDeclaration identifier="MINSCORE" cardinality="single" baseType="float">
<defaultValue>
<value baseType="float">0</value>
</defaultValue>
</outcomeDeclaration>
<outcomeDeclaration identifier="SCORE_RESPONSE_1" cardinality="single" baseType="float">
<defaultValue>
<value>0.0</value>
</defaultValue>
</outcomeDeclaration>
<outcomeDeclaration identifier="MINSCORE_RESPONSE_1" cardinality="single" baseType="float">
<defaultValue>
<value>0.0</value>
</defaultValue>
</outcomeDeclaration>
<itemBody>
<p>Hieronder zie je een tabel die het aantal manen toont voor iedere
planeet in onze zonnestelsel. Je krijgt drie verschillende aselect
gekozen planeten waarvan je een omschrijving van de manen van die drie
planeten moet maken. In totaal zijn er 56 verschillende mogelijke
steekproeven van drie planeten. Wat is de kans dat je drie manen of
minder moet omschrijven?<br />
<br />
</p>
<table>
<tbody>
<tr class="odd">
<td align="left">planeet</td>
<td align="left">aantal manen</td>
</tr>
<tr class="even">
<td align="left">Mercurius</td>
<td align="left">0</td>
</tr>
<tr class="odd">
<td align="left">Venus</td>
<td align="left">0</td>
</tr>
<tr class="even">
<td align="left">Aarde</td>
<td align="left">1</td>
</tr>
<tr class="odd">
<td align="left">Mars</td>
<td align="left">2</td>
</tr>
<tr class="even">
<td align="left">Jupiter</td>
<td align="left">63</td>
</tr>
<tr class="odd">
<td align="left">Saturnus</td>
<td align="left">56</td>
</tr>
<tr class="even">
<td align="left">Uranus</td>
<td align="left">27</td>
</tr>
<tr class="odd">
<td align="left">Neptunus</td>
<td align="left">13</td>
</tr>
</tbody>
</table>
<choiceInteraction responseIdentifier="uva-sample-mean-1360-nl-ans_303999787_section_1_item_1_schoice_RESPONSE_1_9649929" shuffle="false" maxChoices="1">
<simpleChoice identifier="uva-sample-mean-1360-nl-ans_303999787_section_1_item_1_schoice_1_5369837295">
<p>
 1/56
</p>
</simpleChoice>
<simpleChoice identifier="uva-sample-mean-1360-nl-ans_303999787_section_1_item_1_schoice_2_2134381691">
<p>
 2/56
</p>
</simpleChoice>
<simpleChoice identifier="uva-sample-mean-1360-nl-ans_303999787_section_1_item_1_schoice_3_1791929276">
<p>
 3/56
</p>
</simpleChoice>
<simpleChoice identifier="uva-sample-mean-1360-nl-ans_303999787_section_1_item_1_schoice_4_7049994423">
<p>
 4/56
</p>
</simpleChoice>
</choiceInteraction>
</itemBody>
<responseProcessing>
<setOutcomeValue identifier="SCORE_RESPONSE_1">
<sum>
<variable identifier="SCORE_RESPONSE_1"/>
<mapResponse identifier="uva-sample-mean-1360-nl-ans_303999787_section_1_item_1_schoice_RESPONSE_1_9649929"/>
</sum>
</setOutcomeValue>
<responseCondition>
<responseIf>
<lt>
<variable identifier="SCORE_RESPONSE_1"/>
<variable identifier="MINSCORE_RESPONSE_1"/>
</lt>
<setOutcomeValue identifier="SCORE_RESPONSE_1">
<variable identifier="MINSCORE_RESPONSE_1"/>
</setOutcomeValue>
</responseIf>
</responseCondition>
<responseCondition>
<responseIf>
<isNull>
<variable identifier="uva-sample-mean-1360-nl-ans_303999787_section_1_item_1_schoice_RESPONSE_1_9649929"/>
</isNull>
<setOutcomeValue identifier="SCORE_RESPONSE_1">
<sum>
<variable identifier="SCORE_RESPONSE_1"/>
<baseValue baseType="float">0</baseValue>
</sum>
</setOutcomeValue>
</responseIf>
</responseCondition>
<setOutcomeValue identifier="SCORE">
<sum>
<variable identifier="SCORE_RESPONSE_1"/>
</sum>
</setOutcomeValue>
<responseCondition>
<responseIf>
<lt>
<variable identifier="SCORE"/>
<variable identifier="MINSCORE"/>
</lt>
<setOutcomeValue identifier="SCORE">
<variable identifier="MINSCORE"/>
</setOutcomeValue>
</responseIf>
</responseCondition>
<responseCondition>
<responseIf>
<lt>
<variable identifier="SCORE"/>
<baseValue baseType="float">1</baseValue>
</lt>
<setOutcomeValue identifier="FEEDBACKMODAL">
<multiple>
<variable identifier="FEEDBACKMODAL"/>
<baseValue baseType="identifier">Feedback437936394</baseValue>
</multiple>
</setOutcomeValue>
</responseIf>
</responseCondition>
</responseProcessing>
<modalFeedback outcomeIdentifier="FEEDBACK" showHide="show" identifier="incorrect">
<ul>
<li> 1/56 <br /> 1/56: Incorrect </li>
<li> 2/56 <br /> 2/56: Incorrect </li>
<li> 3/56 <br /> 3/56: Incorrect </li>
<li> 4/56 <br /> 4/56: Correct </li>
</ul>
</modalFeedback>
</assessmentItem>
