<?xml version="1.0" encoding="utf-8" standalone="yes"?>
<assessmentItem identifier="uu-Twoway-repeated-measures-ANOVA-801-en-tv_202601131822_item_1_schoice" title="uu-Twoway-repeated-measures-ANOVA-801-en-tv_202601131822_item_1_schoice_uu-Twoway-repeated-measures-ANOVA-801-en" adaptive="false" timeDependent="false" toolName="Testvision Online" toolVersion="39.0.9084" xmlns="http://www.imsglobal.org/xsd/imsqti_v2p1">
<responseDeclaration identifier="RESPONSE" cardinality="single" baseType="identifier">
<correctResponse>
<value>alt_816200</value>
</correctResponse>
<mapping defaultValue="0" lowerBound="0.0">
<mapEntry mapKey="alt_362471" mappedValue="-0.333333333333333"/>
<mapEntry mapKey="alt_402414" mappedValue="-0.333333333333333"/>
<mapEntry mapKey="alt_816200" mappedValue="1"/>
<mapEntry mapKey="alt_414865" mappedValue="-0.333333333333333"/>
</mapping>
</responseDeclaration>
<outcomeDeclaration identifier="SCORE" cardinality="single" baseType="float" normalMaximum="1" normalMinimum="0" />
<outcomeDeclaration identifier="FEEDBACK" cardinality="single" baseType="identifier" />
<stylesheet href="css/uu-Twoway-repeated-measures-ANOVA-801-en-tv_202601131822_item_1_schoice.css" type="text/css" />
<itemBody>
<p>Nightmares have a negative impact on school performance. In a study on the effect of students’ sleep problems on learning outcomes, a researcher conducts an experiment. Through referrals from general practitioners, the researcher obtained a group of 60 students suffering from nightmares. The group is randomly divided into three groups:</p>
<ul>
<li>Group 1: Therapy involving learning to influence the course of the dream.</li>
<li>Group 2: A therapy with bedtime relaxation exercises.</li>
<li>Group 3: Control.</li>
</ul>
<p>For one week (7 nights), all participants count the number of times per night they wake up from a nightmare. The progression over time of the number of nightmares can thus be analyzed for the three groups.</p>
<p>What analysis technique can the researcher use to best determine whether the course of the number of nightmares per night differs between the groups?</p>
<choiceInteraction responseIdentifier="RESPONSE" shuffle="false" maxChoices="1">
<simpleChoice identifier="alt_362471">
<div class="textblock tvblock tvcss_1"><div class="rte_zone tveditor1">
 Multiple-way ANOVA.
</div>
</div>
</simpleChoice>
<simpleChoice identifier="alt_402414">
<div class="textblock tvblock tvcss_1"><div class="rte_zone tveditor1">
 Multiple-way ANCOVA.
</div>
</div>
</simpleChoice>
<simpleChoice identifier="alt_816200">
<div class="textblock tvblock tvcss_1"><div class="rte_zone tveditor1">
 Repeated measures analysis.
</div>
</div>
</simpleChoice>
<simpleChoice identifier="alt_414865">
<div class="textblock tvblock tvcss_1"><div class="rte_zone tveditor1">
 Mixed design analysis.
</div>
</div>
</simpleChoice>
</choiceInteraction>
</itemBody>
<responseProcessing>
<responseCondition>
<responseIf>
<isNull>
<variable identifier="RESPONSE"/>
</isNull>
<setOutcomeValue identifier="SCORE">
<baseValue baseType="float">0.0</baseValue>
</setOutcomeValue>
<setOutcomeValue identifier="FEEDBACK">
<baseValue baseType="identifier">FAILURE</baseValue>
</setOutcomeValue>
</responseIf>
<responseElse>
<setOutcomeValue identifier="SCORE">
<mapResponse identifier="RESPONSE"/>
</setOutcomeValue>
<responseCondition>
<responseIf>
<equal toleranceMode="relative" tolerance="0.001">
<variable identifier="SCORE"/>
<variable identifier="MAXSCORE"/>
</equal>
<setOutcomeValue identifier="FEEDBACK">
<baseValue baseType="identifier">ANSWER_CORRECT</baseValue>
</setOutcomeValue>
</responseIf>
<responseElse>
<setOutcomeValue identifier="FEEDBACK">
<baseValue baseType="identifier">FAILURE</baseValue>
</setOutcomeValue>
</responseElse>
</responseCondition>
</responseElse>
</responseCondition>
</responseProcessing>
<modalFeedback identifier="FAILURE" outcomeIdentifier="FEEDBACK" showHide="show">
<div class="textblock tvblock tvcss_1"><div class="rte_zone tveditor1">
<ul>
<li> Multiple-way ANOVA. <br /> This answer is incorrect. </li>
<li> Multiple-way ANCOVA. <br /> This answer is incorrect. </li>
<li> Repeated measures analysis. <br /> This answer is correct. </li>
<li> Mixed design analysis. <br /> This answer is incorrect. </li>
</ul>
</div>
</div>
</modalFeedback>
<modalFeedback identifier="ANSWER_CORRECT" outcomeIdentifier="FEEDBACK" showHide="show">
<div class="textblock tvblock tvcss_1"><div class="rte_zone tveditor1">
<ul>
<li> Multiple-way ANOVA. <br /> This answer is incorrect. </li>
<li> Multiple-way ANCOVA. <br /> This answer is incorrect. </li>
<li> Repeated measures analysis. <br /> This answer is correct. </li>
<li> Mixed design analysis. <br /> This answer is incorrect. </li>
</ul>
</div>
</div>
</modalFeedback>
<modalFeedback identifier="PARTIAL_CORRECT" outcomeIdentifier="FEEDBACK" showHide="show">
<div class="textblock tvblock tvcss_1"><div class="rte_zone tveditor1">
<ul>
<li> Multiple-way ANOVA. <br /> This answer is incorrect. </li>
<li> Multiple-way ANCOVA. <br /> This answer is incorrect. </li>
<li> Repeated measures analysis. <br /> This answer is correct. </li>
<li> Mixed design analysis. <br /> This answer is incorrect. </li>
</ul>
</div>
</div>
</modalFeedback>
</assessmentItem>
