<?xml version="1.0" encoding="UTF-8"?>
<assessmentItem xsi:schemaLocation="http://www.imsglobal.org/xsd/imsqti_v2p1 http://www.imsglobal.org/xsd/qti/qtiv2p1/imsqti_v2p1p1.xsd http://www.w3.org/1998/Math/MathML http://www.w3.org/Math/XMLSchema/mathml2/mathml2.xsd" identifier="vufsw-rsquaredchange-1001-nl-ans_918364677_section_1_item_1_num" title="Inferential_Statistics_vufsw-rsquaredchange-1001-nl_vufsw-rsquaredchange-1001-nl_num_1" adaptive="false" timeDependent="false" xmlns="http://www.imsglobal.org/xsd/imsqti_v2p1" xmlns:xsi="http://www.w3.org/2001/XMLSchema-instance">
<responseDeclaration identifier="vufsw-rsquaredchange-1001-nl-ans_918364677_section_1_item_1_num_RESPONSE_1_4431409" cardinality="single" baseType="string">
<correctResponse>
<value>13.5</value>
</correctResponse>
</responseDeclaration>
<outcomeDeclaration identifier="SCORE" cardinality="single" baseType="float" normalMaximum="1" normalMinimum="0">
<defaultValue>
<value>0.0</value>
</defaultValue>
</outcomeDeclaration>
<outcomeDeclaration identifier="MAXSCORE" cardinality="single" baseType="float">
<defaultValue>
<value>1</value>
</defaultValue>
</outcomeDeclaration>
<outcomeDeclaration identifier="FEEDBACKBASIC" cardinality="single" baseType="identifier" view="testConstructor">
<defaultValue>
<value>empty</value>
</defaultValue>
</outcomeDeclaration>
<outcomeDeclaration identifier="FEEDBACKMODAL" cardinality="multiple" baseType="identifier" view="testConstructor"/>
<outcomeDeclaration identifier="SOLUTIONMODAL" cardinality="single" baseType="identifier" view="testConstructor"/>
<outcomeDeclaration identifier="MINSCORE" cardinality="single" baseType="float">
<defaultValue>
<value baseType="float">0</value>
</defaultValue>
</outcomeDeclaration>
<outcomeDeclaration identifier="SCORE_RESPONSE_1" cardinality="single" baseType="float">
<defaultValue>
<value>0.0</value>
</defaultValue>
</outcomeDeclaration>
<outcomeDeclaration identifier="MINSCORE_RESPONSE_1" cardinality="single" baseType="float">
<defaultValue>
<value>0.0</value>
</defaultValue>
</outcomeDeclaration>
<itemBody>
<p>Een consumentenonderzoeker was geïnteresseerd in welke factoren van invloed zijn op de angstreacties van mensen op horrorfilms. Ze mat het geslacht (0 = vrouw, 1 = man) en hoeveel iemand geneigd is te geloven in dingen die niet bestaan. mannelijk) en in hoeverre iemand geneigd is te geloven in dingen die niet echt zijn (fantasy proneness) op een schaal van 0 tot 4 (0 = helemaal niet echt). echt zijn (fantasiepatroon) op een schaal van 0 tot 4 (0 = helemaal niet fantasiegevoelig, 4 = zeer fantasiegevoelig). Angstreacties werden gemeten op een schaal van 0 (helemaal niet bang) tot 15 (het bangste gevoel dat ik ooit heb gehad). gevoeld). Hoeveel variantie (als percentage) in angst wordt gedeeld door geslacht en fantasiegevoeligheid in de <strong>populatie</strong>? Geef een percentage als antwoord zonder het %-symbool (bijvoorbeeld 10,1). Gebruik slechts één decimaal.</p>
<p><img src="media/supplements1/Capture5.gif" /></p>
<p>
<textEntryInteraction responseIdentifier="vufsw-rsquaredchange-1001-nl-ans_918364677_section_1_item_1_num_RESPONSE_1_4431409"/>
</p>
</itemBody>
<responseProcessing>
<responseCondition>
<responseIf>
<equal tolerance="0" toleranceMode="absolute">
<variable identifier="vufsw-rsquaredchange-1001-nl-ans_918364677_section_1_item_1_num_RESPONSE_1_4431409"/>
<baseValue baseType="float">13.5</baseValue>
</equal>
<setOutcomeValue identifier="SCORE">
<baseValue baseType="float">1</baseValue>
</setOutcomeValue>
</responseIf>
</responseCondition>
<responseCondition>
<responseIf>
<and>
<not>
<isNull>
<variable identifier="vufsw-rsquaredchange-1001-nl-ans_918364677_section_1_item_1_num_RESPONSE_1_4431409"/>
</isNull>
</not>
<lt>
<variable identifier="SCORE_RESPONSE_1"/>
<baseValue baseType="float">1</baseValue>
</lt>
</and>
<setOutcomeValue identifier="SCORE_RESPONSE_1">
<sum>
<variable identifier="SCORE_RESPONSE_1"/>
<baseValue baseType="float">0</baseValue>
</sum>
</setOutcomeValue>
</responseIf>
</responseCondition>
<responseCondition>
<responseIf>
<lt>
<variable identifier="SCORE_RESPONSE_1"/>
<variable identifier="MINSCORE_RESPONSE_1"/>
</lt>
<setOutcomeValue identifier="SCORE_RESPONSE_1">
<variable identifier="MINSCORE_RESPONSE_1"/>
</setOutcomeValue>
</responseIf>
</responseCondition>
<responseCondition>
<responseIf>
<isNull>
<variable identifier="vufsw-rsquaredchange-1001-nl-ans_918364677_section_1_item_1_num_RESPONSE_1_4431409"/>
</isNull>
<setOutcomeValue identifier="SCORE_RESPONSE_1">
<sum>
<variable identifier="SCORE_RESPONSE_1"/>
<baseValue baseType="float">0</baseValue>
</sum>
</setOutcomeValue>
</responseIf>
</responseCondition>
<setOutcomeValue identifier="SCORE">
<sum>
<variable identifier="SCORE_RESPONSE_1"/>
</sum>
</setOutcomeValue>
<responseCondition>
<responseIf>
<lt>
<variable identifier="SCORE"/>
<variable identifier="MINSCORE"/>
</lt>
<setOutcomeValue identifier="SCORE">
<variable identifier="MINSCORE"/>
</setOutcomeValue>
</responseIf>
</responseCondition>
<responseCondition>
<responseIf>
<lt>
<variable identifier="SCORE"/>
<baseValue baseType="float">1</baseValue>
</lt>
<setOutcomeValue identifier="FEEDBACKMODAL">
<multiple>
<variable identifier="FEEDBACKMODAL"/>
<baseValue baseType="identifier">Feedback793299803</baseValue>
</multiple>
</setOutcomeValue>
</responseIf>
</responseCondition>
</responseProcessing>
<modalFeedback outcomeIdentifier="FEEDBACK" showHide="show" identifier="incorrect">
<p>Aangezien je gevraagd wordt om het percentage verklaarde variantie in de populatie, is het juiste antwoord de aangepaste R<sup>2</sup> en niet de R<sup>2</sup>.</p>
<p>Taal Engels</p>
<p>M&amp;T MVA Standaardwaarde</p>
<p>M&amp;T Regressie assumpties Standaardwaarde</p>
</modalFeedback>
</assessmentItem>
