<?xml version="1.0" encoding="utf-8" standalone="yes"?>
<assessmentItem identifier="uu-Homoscedasticity-800-nl-tv_202510071723_item_1_schoice" title="uu-Homoscedasticity-800-nl-tv_202510071723_item_1_schoice_uu-Homoscedasticity-800-nl.Rmd" adaptive="false" timeDependent="false" toolName="Testvision Online" toolVersion="39.0.9084" xmlns="http://www.imsglobal.org/xsd/imsqti_v2p1">
<responseDeclaration identifier="RESPONSE" cardinality="single" baseType="identifier">
<correctResponse>
<value>alt_151817</value>
</correctResponse>
<mapping defaultValue="0" lowerBound="0.0">
<mapEntry mapKey="alt_138537" mappedValue="-0.333333333333333"/>
<mapEntry mapKey="alt_425139" mappedValue="-0.333333333333333"/>
<mapEntry mapKey="alt_111818" mappedValue="-0.333333333333333"/>
<mapEntry mapKey="alt_151817" mappedValue="1"/>
</mapping>
</responseDeclaration>
<outcomeDeclaration identifier="SCORE" cardinality="single" baseType="float" normalMaximum="1" normalMinimum="0" />
<outcomeDeclaration identifier="FEEDBACK" cardinality="single" baseType="identifier" />
<stylesheet href="css/uu-Homoscedasticity-800-nl-tv_202510071723_item_1_schoice.css" type="text/css" />
<itemBody>
<p>Een van de aannames van een regressieanalyse gaat over ‘homoscedasticiteit’. Welke grafiek moeten we gebruiken om deze aanname te controleren?</p>
<choiceInteraction responseIdentifier="RESPONSE" shuffle="false" maxChoices="1">
<simpleChoice identifier="alt_138537">
<div class="textblock tvblock tvcss_1"><div class="rte_zone tveditor1">
 een spreidingsdiagram met de voorspellers op de X-as en de afhankelijke variabele op de Y-as
</div>
</div>
</simpleChoice>
<simpleChoice identifier="alt_425139">
<div class="textblock tvblock tvcss_1"><div class="rte_zone tveditor1">
 een spreidingsdiagram met de residuen op de X-as en de afhankelijke variabele op de Y-as
</div>
</div>
</simpleChoice>
<simpleChoice identifier="alt_111818">
<div class="textblock tvblock tvcss_1"><div class="rte_zone tveditor1">
 een spreidingsdiagram met de residuen op de X-as en de voorspelde waarden op de Y-as
</div>
</div>
</simpleChoice>
<simpleChoice identifier="alt_151817">
<div class="textblock tvblock tvcss_1"><div class="rte_zone tveditor1">
 een spreidingsdiagram met de voorspelde waarden op de X-as en de residuen op de Y-as
</div>
</div>
</simpleChoice>
</choiceInteraction>
</itemBody>
<responseProcessing>
<responseCondition>
<responseIf>
<isNull>
<variable identifier="RESPONSE"/>
</isNull>
<setOutcomeValue identifier="SCORE">
<baseValue baseType="float">0.0</baseValue>
</setOutcomeValue>
<setOutcomeValue identifier="FEEDBACK">
<baseValue baseType="identifier">FAILURE</baseValue>
</setOutcomeValue>
</responseIf>
<responseElse>
<setOutcomeValue identifier="SCORE">
<mapResponse identifier="RESPONSE"/>
</setOutcomeValue>
<responseCondition>
<responseIf>
<equal toleranceMode="relative" tolerance="0.001">
<variable identifier="SCORE"/>
<variable identifier="MAXSCORE"/>
</equal>
<setOutcomeValue identifier="FEEDBACK">
<baseValue baseType="identifier">ANSWER_CORRECT</baseValue>
</setOutcomeValue>
</responseIf>
<responseElse>
<setOutcomeValue identifier="FEEDBACK">
<baseValue baseType="identifier">FAILURE</baseValue>
</setOutcomeValue>
</responseElse>
</responseCondition>
</responseElse>
</responseCondition>
</responseProcessing>
<modalFeedback identifier="FAILURE" outcomeIdentifier="FEEDBACK" showHide="show">
<div class="textblock tvblock tvcss_1"><div class="rte_zone tveditor1">
</div>
</div>
</modalFeedback>
<modalFeedback identifier="ANSWER_CORRECT" outcomeIdentifier="FEEDBACK" showHide="show">
<div class="textblock tvblock tvcss_1"><div class="rte_zone tveditor1">
</div>
</div>
</modalFeedback>
<modalFeedback identifier="PARTIAL_CORRECT" outcomeIdentifier="FEEDBACK" showHide="show">
<div class="textblock tvblock tvcss_1"><div class="rte_zone tveditor1">
</div>
</div>
</modalFeedback>
</assessmentItem>
