<?xml version="1.0" encoding="UTF-8"?>
<assessmentItem xsi:schemaLocation="http://www.imsglobal.org/xsd/imsqti_v2p1 http://www.imsglobal.org/xsd/qti/qtiv2p1/imsqti_v2p1p1.xsd http://www.w3.org/1998/Math/MathML http://www.w3.org/Math/XMLSchema/mathml2/mathml2.xsd" identifier="uva-correlation-1683-en-qti_344444864_section_1_item_1_schoice" title="1" adaptive="false" timeDependent="false" xmlns="http://www.imsglobal.org/xsd/imsqti_v2p1" xmlns:xsi="http://www.w3.org/2001/XMLSchema-instance">
<responseDeclaration identifier="uva-correlation-1683-en-qti_344444864_section_1_item_1_schoice_RESPONSE_1_2069094" cardinality="single" baseType="identifier">
<correctResponse>
<value>uva-correlation-1683-en-qti_344444864_section_1_item_1_schoice_2_3260249877</value>
</correctResponse>
<mapping defaultValue="0" lowerBound="0.0">
<mapEntry mapKey="uva-correlation-1683-en-qti_344444864_section_1_item_1_schoice_1_9332850375" mappedValue="0"/>
<mapEntry mapKey="uva-correlation-1683-en-qti_344444864_section_1_item_1_schoice_2_3260249877" mappedValue="1"/>
<mapEntry mapKey="uva-correlation-1683-en-qti_344444864_section_1_item_1_schoice_3_2721431116" mappedValue="0"/>
<mapEntry mapKey="uva-correlation-1683-en-qti_344444864_section_1_item_1_schoice_4_7661167060" mappedValue="0"/>
</mapping>
</responseDeclaration>
<outcomeDeclaration identifier="SCORE" cardinality="single" baseType="float" normalMaximum="1" normalMinimum="0">
<defaultValue>
<value>0.0</value>
</defaultValue>
</outcomeDeclaration>
<outcomeDeclaration identifier="MAXSCORE" cardinality="single" baseType="float">
<defaultValue>
<value>1</value>
</defaultValue>
</outcomeDeclaration>
<outcomeDeclaration identifier="FEEDBACKBASIC" cardinality="single" baseType="identifier" view="testConstructor">
<defaultValue>
<value>empty</value>
</defaultValue>
</outcomeDeclaration>
<outcomeDeclaration identifier="FEEDBACKMODAL" cardinality="multiple" baseType="identifier" view="testConstructor"/>
<outcomeDeclaration identifier="SOLUTIONMODAL" cardinality="single" baseType="identifier" view="testConstructor"/>
<outcomeDeclaration identifier="MINSCORE" cardinality="single" baseType="float">
<defaultValue>
<value baseType="float">0</value>
</defaultValue>
</outcomeDeclaration>
<outcomeDeclaration identifier="SCORE_RESPONSE_1" cardinality="single" baseType="float">
<defaultValue>
<value>0.0</value>
</defaultValue>
</outcomeDeclaration>
<outcomeDeclaration identifier="MINSCORE_RESPONSE_1" cardinality="single" baseType="float">
<defaultValue>
<value>0.0</value>
</defaultValue>
</outcomeDeclaration>
<itemBody>
<p>The following is an indication of 5 individuals as to how they are ranked in terms of authoritarian behavior and social status:______________. Authoritarian behavior: 3, 2, 4, 1, 5. Social status: 4, 5, 2, 1, 3. The value of the Spearman correlation coefficient here is</p>
<choiceInteraction responseIdentifier="uva-correlation-1683-en-qti_344444864_section_1_item_1_schoice_RESPONSE_1_2069094" shuffle="false" maxChoices="1">
<simpleChoice identifier="uva-correlation-1683-en-qti_344444864_section_1_item_1_schoice_1_9332850375">
<p>
 -0.1
</p>
</simpleChoice>
<simpleChoice identifier="uva-correlation-1683-en-qti_344444864_section_1_item_1_schoice_2_3260249877">
<p>
 0.1
</p>
</simpleChoice>
<simpleChoice identifier="uva-correlation-1683-en-qti_344444864_section_1_item_1_schoice_3_2721431116">
<p>
 0.7
</p>
</simpleChoice>
<simpleChoice identifier="uva-correlation-1683-en-qti_344444864_section_1_item_1_schoice_4_7661167060">
<p>
 1
</p>
</simpleChoice>
</choiceInteraction>
</itemBody>
<responseProcessing>
<setOutcomeValue identifier="SCORE_RESPONSE_1">
<sum>
<variable identifier="SCORE_RESPONSE_1"/>
<mapResponse identifier="uva-correlation-1683-en-qti_344444864_section_1_item_1_schoice_RESPONSE_1_2069094"/>
</sum>
</setOutcomeValue>
<responseCondition>
<responseIf>
<lt>
<variable identifier="SCORE_RESPONSE_1"/>
<variable identifier="MINSCORE_RESPONSE_1"/>
</lt>
<setOutcomeValue identifier="SCORE_RESPONSE_1">
<variable identifier="MINSCORE_RESPONSE_1"/>
</setOutcomeValue>
</responseIf>
</responseCondition>
<responseCondition>
<responseIf>
<isNull>
<variable identifier="uva-correlation-1683-en-qti_344444864_section_1_item_1_schoice_RESPONSE_1_2069094"/>
</isNull>
<setOutcomeValue identifier="SCORE_RESPONSE_1">
<sum>
<variable identifier="SCORE_RESPONSE_1"/>
<baseValue baseType="float">0</baseValue>
</sum>
</setOutcomeValue>
</responseIf>
</responseCondition>
<setOutcomeValue identifier="SCORE">
<sum>
<variable identifier="SCORE_RESPONSE_1"/>
</sum>
</setOutcomeValue>
<responseCondition>
<responseIf>
<lt>
<variable identifier="SCORE"/>
<variable identifier="MINSCORE"/>
</lt>
<setOutcomeValue identifier="SCORE">
<variable identifier="MINSCORE"/>
</setOutcomeValue>
</responseIf>
</responseCondition>
<responseCondition>
<responseIf>
<lt>
<variable identifier="SCORE"/>
<baseValue baseType="float">1</baseValue>
</lt>
<setOutcomeValue identifier="FEEDBACKMODAL">
<multiple>
<variable identifier="FEEDBACKMODAL"/>
<baseValue baseType="identifier">Feedback415005131</baseValue>
</multiple>
</setOutcomeValue>
</responseIf>
</responseCondition>
</responseProcessing>
<modalFeedback identifier="Feedback415005131" outcomeIdentifier="FEEDBACKMODAL" showHide="show">
<ul>
<li> -0.1 <br /> 0.1: Incorrect </li>
<li> 0.1 <br /> 0.1: Correct </li>
<li> 0.7 <br /> 0.7: Incorrect </li>
<li> 1 <br /> 1: Incorrect </li>
</ul>
</modalFeedback>
</assessmentItem>
