<?xml version="1.0" encoding="UTF-8"?>
<!DOCTYPE questestinterop SYSTEM "ims_qtiasiv1p2p1.dtd">

<questestinterop xmlns="http://www.imsglobal.org/xsd/ims_qtiasiv1p2" xmlns:xsi="http://www.w3.org/2001/XMLSchema-instance" xsi:schemaLocation="http://www.imsglobal.org/xsd/ims_qtiasiv1p2 http://www.imsglobal.org/xsd/ims_qtiasiv1p2p1.xsd">
<assessment ident="vufgb-twowayrepeatedmeasuresanova-002-en-canvas_213980082" title="vufgb-twowayrepeatedmeasuresanova-002-en-canvas">

<qtimetadata>
<qtimetadatafield>
<fieldlabel>cc_maxattempts</fieldlabel>
<fieldentry>1</fieldentry>
</qtimetadatafield>
<qtimetadatafield>
<fieldlabel>qmd_assessmenttype</fieldlabel>
<fieldentry>Assessment</fieldentry>
</qtimetadatafield>
</qtimetadata>
<objectives>
<material>
<mattext><![CDATA[Please solve the following exercises.]]></mattext>
</material>
</objectives>
<assessmentcontrol feedbackswitch="No" hintswitch="No" solutionswitch="Yes"/>
<outcomes_processing scoremodel="SumOfScores">
<outcomes>
<decvar varname="SCORE" vartype="Decimal" cutvalue="0"/>
</outcomes>
</outcomes_processing>
<assessfeedback title="AssessmentFeedback" ident="AssessmentFeedback">
<flow_mat>
<material>
<mattext>##AssessmentFeedback##</mattext>
</material>
</flow_mat>
</assessfeedback>

<section ident="vufgb-twowayrepeatedmeasuresanova-002-en-canvas_213980082_section_1" title="Exercise">

<objectives>
<material>
<mattext><![CDATA[Please answer the following question.]]></mattext>
</material>
</objectives>
<selection_ordering>
<selection>
<selection_number>1</selection_number>
<selection_extension>
<points_per_item>1</points_per_item>
</selection_extension>
</selection>
<order order_type="Random"/>
</selection_ordering>

<item ident="vufgb-twowayrepeatedmeasuresanova-002-en-canvas_213980082_section_1_item_1_schoice" title="Question" maxattempts="1">
<itemcontrol feedbackswitch="No" hintswitch="No" solutionswitch="Yes"/>
<itemmetadata>
<qtimetadata>
<qtimetadatafield>
<fieldlabel>question_type</fieldlabel>
<fieldentry>multiple_choice_question</fieldentry>
</qtimetadatafield>
</qtimetadata>
</itemmetadata>
<presentation>
<flow>
<material>
<matbreak/>
<mattext texttype="text/html" charset="utf-8"><![CDATA[
<p>Given is the equation below for the repeated measures ANOVA model:</p>
<p><span class="math inline">\(X_{ij} = \mu+\pi_{i}+\tau_{j}+e_{ij}^{*}\)</span></p>
<p>What it stands for <span class="math inline">\(\tau_{j}\)</span>?</p>
]]></mattext>
<matbreak/>
</material>
<response_lid ident="vufgb-twowayrepeatedmeasuresanova-002-en-canvas_213980082_section_1_item_1_schoice_RESPONSE_9340346" rcardinality="Single" rtiming="No">
<render_choice shuffle="No">
<flow_label class="List">
<response_label ident="vufgb-twowayrepeatedmeasuresanova-002-en-canvas_213980082_section_1_item_1_schoice_5367180634" rshuffle="No">
<material>
<mattext texttype="text/html" charset="utf-8"><![CDATA[
 The average for person <em>j</em> across repeated measurements.
]]></mattext>
</material>
</response_label>
</flow_label>
<flow_label class="List">
<response_label ident="vufgb-twowayrepeatedmeasuresanova-002-en-canvas_213980082_section_1_item_1_schoice_2135632517" rshuffle="No">
<material>
<mattext texttype="text/html" charset="utf-8"><![CDATA[
 The mean for time <em>j</em> across persons.
]]></mattext>
</material>
</response_label>
</flow_label>
<flow_label class="List">
<response_label ident="vufgb-twowayrepeatedmeasuresanova-002-en-canvas_213980082_section_1_item_1_schoice_1556730840" rshuffle="No">
<material>
<mattext texttype="text/html" charset="utf-8"><![CDATA[
 The deviation of person <em>j</em> from the overall mean.
]]></mattext>
</material>
</response_label>
</flow_label>
<flow_label class="List">
<response_label ident="vufgb-twowayrepeatedmeasuresanova-002-en-canvas_213980082_section_1_item_1_schoice_2450004267" rshuffle="No">
<material>
<mattext texttype="text/html" charset="utf-8"><![CDATA[
 The deviation of time <em>j</em> from the overall mean.
]]></mattext>
</material>
</response_label>
</flow_label>
</render_choice>
</response_lid>
</flow>
</presentation>
<resprocessing>
<outcomes>
<decvar varname="SCORE" vartype="Decimal" defaultval="0" minvalue="0" maxvalue="1" cutvalue="1"/>
</outcomes>
<respcondition title="Mastery" continue="No">
<conditionvar>
<and>
<varequal respident="vufgb-twowayrepeatedmeasuresanova-002-en-canvas_213980082_section_1_item_1_schoice_RESPONSE_9340346" case="Yes">vufgb-twowayrepeatedmeasuresanova-002-en-canvas_213980082_section_1_item_1_schoice_2450004267</varequal>
<not> <varequal respident="vufgb-twowayrepeatedmeasuresanova-002-en-canvas_213980082_section_1_item_1_schoice_RESPONSE_9340346" case="Yes">vufgb-twowayrepeatedmeasuresanova-002-en-canvas_213980082_section_1_item_1_schoice_5367180634</varequal> </not>
<not> <varequal respident="vufgb-twowayrepeatedmeasuresanova-002-en-canvas_213980082_section_1_item_1_schoice_RESPONSE_9340346" case="Yes">vufgb-twowayrepeatedmeasuresanova-002-en-canvas_213980082_section_1_item_1_schoice_2135632517</varequal> </not>
<not> <varequal respident="vufgb-twowayrepeatedmeasuresanova-002-en-canvas_213980082_section_1_item_1_schoice_RESPONSE_9340346" case="Yes">vufgb-twowayrepeatedmeasuresanova-002-en-canvas_213980082_section_1_item_1_schoice_1556730840</varequal> </not>
</and>
</conditionvar>
<setvar varname="SCORE" action="Set">1</setvar>
<displayfeedback feedbacktype="Response" linkrefid="correct_fb"/>
</respcondition>
<respcondition continue="Yes">
<conditionvar>
<other/>
</conditionvar>
<displayfeedback feedbacktype="Response" linkrefid="general_incorrect_fb"/>
</respcondition>
</resprocessing>
<itemfeedback ident="correct_fb" view="All">
<flow_mat>
<material>
<mattext texttype="text/html"><![CDATA[
<ul>
<li> The average for person <em>j</em> across repeated measurements. <br /> Incorrect </li>
<li> The mean for time <em>j</em> across persons. <br /> Incorrect </li>
<li> The deviation of person <em>j</em> from the overall mean. <br /> Incorrect </li>
<li> The deviation of time <em>j</em> from the overall mean. <br /> Correct </li>
</ul>
]]></mattext>
</material>
</flow_mat>
</itemfeedback>
<itemfeedback ident="general_incorrect_fb" view="All">
<flow_mat>
<material>
<mattext texttype="text/html"><![CDATA[
<ul>
<li> The average for person <em>j</em> across repeated measurements. <br /> Incorrect </li>
<li> The mean for time <em>j</em> across persons. <br /> Incorrect </li>
<li> The deviation of person <em>j</em> from the overall mean. <br /> Incorrect </li>
<li> The deviation of time <em>j</em> from the overall mean. <br /> Correct </li>
</ul>
]]></mattext>
</material>
</flow_mat>
</itemfeedback>
</item>


</section>

</assessment>
</questestinterop>
