<?xml version="1.0" encoding="UTF-8"?>
<assessmentItem xsi:schemaLocation="http://www.imsglobal.org/xsd/imsqti_v2p1 http://www.imsglobal.org/xsd/qti/qtiv2p1/imsqti_v2p1p1.xsd http://www.w3.org/1998/Math/MathML http://www.w3.org/Math/XMLSchema/mathml2/mathml2.xsd" identifier="vufsw-sum_of_squares-1053-nl-qti_107556441_section_1_item_1_num" title="1" adaptive="false" timeDependent="false" xmlns="http://www.imsglobal.org/xsd/imsqti_v2p1" xmlns:xsi="http://www.w3.org/2001/XMLSchema-instance">
<responseDeclaration identifier="vufsw-sum_of_squares-1053-nl-qti_107556441_section_1_item_1_num_RESPONSE_1_4063761" cardinality="single" baseType="float">
<correctResponse>
<value>26.1</value>
</correctResponse>
</responseDeclaration>
<outcomeDeclaration identifier="SCORE" cardinality="single" baseType="float" normalMaximum="1" normalMinimum="0">
<defaultValue>
<value>0.0</value>
</defaultValue>
</outcomeDeclaration>
<outcomeDeclaration identifier="MAXSCORE" cardinality="single" baseType="float">
<defaultValue>
<value>1</value>
</defaultValue>
</outcomeDeclaration>
<outcomeDeclaration identifier="FEEDBACKBASIC" cardinality="single" baseType="identifier" view="testConstructor">
<defaultValue>
<value>empty</value>
</defaultValue>
</outcomeDeclaration>
<outcomeDeclaration identifier="FEEDBACKMODAL" cardinality="multiple" baseType="identifier" view="testConstructor"/>
<outcomeDeclaration identifier="SOLUTIONMODAL" cardinality="single" baseType="identifier" view="testConstructor"/>
<outcomeDeclaration identifier="MINSCORE" cardinality="single" baseType="float">
<defaultValue>
<value baseType="float">0</value>
</defaultValue>
</outcomeDeclaration>
<outcomeDeclaration identifier="SCORE_RESPONSE_1" cardinality="single" baseType="float">
<defaultValue>
<value>0.0</value>
</defaultValue>
</outcomeDeclaration>
<outcomeDeclaration identifier="MINSCORE_RESPONSE_1" cardinality="single" baseType="float">
<defaultValue>
<value>0.0</value>
</defaultValue>
</outcomeDeclaration>
<itemBody>
<p>Een wetenschapper was geïnteresseerd in het succes van een nieuw
ontwikkeld slaaphulpmiddel, ‘Nachtuil’ genaamd, wat betreft de kwaliteit
van de slaap en het aantal slaapuren. Ze rekruteerde 10 deelnemers die
willekeurig waren toegewezen om gedurende een week een dosis Nachtuil of
een placebo te krijgen. De wetenschapper mat de gemiddelde slaaptijd
(afgerond op het dichtstbijzijnde uur) en de kwaliteit van de slaap (op
een schaal van 0 (slechtste kwaliteit) tot 10 (best mogelijke
kwaliteit)) gedurende twee weken.</p>
<table>
<colgroup>
<col style="width: 33%" />
<col style="width: 33%" />
<col style="width: 33%" />
</colgroup>
<tbody>
<tr class="odd">
<td>
<strong>Group</strong>
</td>
<td>
<strong>Quality</strong>
</td>
<td>
<strong>Quantity</strong>
</td>
</tr>
<tr class="even">
<td rowspan="5">
Night Owl
</td>
<td class="tvcss_2">
4
</td>
<td class="tvcss_2">
4
</td>
</tr>
<tr class="odd">
<td class="tvcss_2">
6
</td>
<td class="tvcss_2">
7
</td>
</tr>
<tr class="even">
<td class="tvcss_2">
3
</td>
<td class="tvcss_2">
3
</td>
</tr>
<tr class="odd">
<td class="tvcss_2">
5
</td>
<td class="tvcss_2">
8
</td>
</tr>
<tr class="even">
<td class="tvcss_2">
5
</td>
<td class="tvcss_2">
4
</td>
</tr>
<tr class="odd">
<td rowspan="5">
Placebo
</td>
<td class="tvcss_2">
4
</td>
<td class="tvcss_2">
7
</td>
</tr>
<tr class="even">
<td class="tvcss_2">
8
</td>
<td class="tvcss_2">
5
</td>
</tr>
<tr class="odd">
<td class="tvcss_2">
4
</td>
<td class="tvcss_2">
4
</td>
</tr>
<tr class="even">
<td class="tvcss_2">
6
</td>
<td class="tvcss_2">
6
</td>
</tr>
<tr class="odd">
<td class="tvcss_2">
2
</td>
<td class="tvcss_2">
1
</td>
</tr>
<tr class="even">
<td>
Grand mean
</td>
<td class="tvcss_2">
4.7
</td>
<td class="tvcss_2">
4.9<br />
</td>
</tr>
</tbody>
</table>
<p>De total Sum of Squares (SS) voor Quality is gelijk aan … . <em>Rond af
op één decimaal.</em></p>
<p>
<textEntryInteraction responseIdentifier="vufsw-sum_of_squares-1053-nl-qti_107556441_section_1_item_1_num_RESPONSE_1_4063761"/>
</p>
</itemBody>
<responseProcessing>
<responseCondition>
<responseIf>
<equal toleranceMode="absolute" tolerance="0 0" includeLowerBound="true" includeUpperBound="true">
<variable identifier="vufsw-sum_of_squares-1053-nl-qti_107556441_section_1_item_1_num_RESPONSE_1_4063761"/>
<correct identifier="vufsw-sum_of_squares-1053-nl-qti_107556441_section_1_item_1_num_RESPONSE_1_4063761"/>
</equal>
<setOutcomeValue identifier="SCORE_RESPONSE_1">
<sum>
<variable identifier="SCORE_RESPONSE_1"/>
<baseValue baseType="float">1</baseValue>
</sum>
</setOutcomeValue>
</responseIf>
</responseCondition>
<responseCondition>
<responseIf>
<and>
<not>
<isNull>
<variable identifier="vufsw-sum_of_squares-1053-nl-qti_107556441_section_1_item_1_num_RESPONSE_1_4063761"/>
</isNull>
</not>
<lt>
<variable identifier="SCORE_RESPONSE_1"/>
<baseValue baseType="float">1</baseValue>
</lt>
</and>
<setOutcomeValue identifier="SCORE_RESPONSE_1">
<sum>
<variable identifier="SCORE_RESPONSE_1"/>
<baseValue baseType="float">0</baseValue>
</sum>
</setOutcomeValue>
</responseIf>
</responseCondition>
<responseCondition>
<responseIf>
<lt>
<variable identifier="SCORE_RESPONSE_1"/>
<variable identifier="MINSCORE_RESPONSE_1"/>
</lt>
<setOutcomeValue identifier="SCORE_RESPONSE_1">
<variable identifier="MINSCORE_RESPONSE_1"/>
</setOutcomeValue>
</responseIf>
</responseCondition>
<responseCondition>
<responseIf>
<isNull>
<variable identifier="vufsw-sum_of_squares-1053-nl-qti_107556441_section_1_item_1_num_RESPONSE_1_4063761"/>
</isNull>
<setOutcomeValue identifier="SCORE_RESPONSE_1">
<sum>
<variable identifier="SCORE_RESPONSE_1"/>
<baseValue baseType="float">0</baseValue>
</sum>
</setOutcomeValue>
</responseIf>
</responseCondition>
<setOutcomeValue identifier="SCORE">
<sum>
<variable identifier="SCORE_RESPONSE_1"/>
</sum>
</setOutcomeValue>
<responseCondition>
<responseIf>
<lt>
<variable identifier="SCORE"/>
<variable identifier="MINSCORE"/>
</lt>
<setOutcomeValue identifier="SCORE">
<variable identifier="MINSCORE"/>
</setOutcomeValue>
</responseIf>
</responseCondition>
<responseCondition>
<responseIf>
<lt>
<variable identifier="SCORE"/>
<baseValue baseType="float">1</baseValue>
</lt>
<setOutcomeValue identifier="FEEDBACKMODAL">
<multiple>
<variable identifier="FEEDBACKMODAL"/>
<baseValue baseType="identifier">Feedback829210728</baseValue>
</multiple>
</setOutcomeValue>
</responseIf>
</responseCondition>
</responseProcessing>
<modalFeedback identifier="Feedback829210728" outcomeIdentifier="FEEDBACKMODAL" showHide="show">
<p>The formula for SStotal for Quality is<br />
Sum ( Quality-mean(Quality)^2 )</p>
</modalFeedback>
</assessmentItem>
