<?xml version="1.0" encoding="utf-8" standalone="yes"?>
<assessmentItem identifier="vufgb-standarddeviation-001-nl_202209051535_item_1_schoice" title="vufgb-standarddeviation-001-nl_202209051535_item_1_schoice_vufgb-standarddeviation-001-nl" adaptive="false" timeDependent="false" toolName="Testvision Online" toolVersion="39.0.9084" xmlns="http://www.imsglobal.org/xsd/imsqti_v2p1">
<responseDeclaration identifier="RESPONSE" cardinality="single" baseType="identifier">
<correctResponse>
<value>alt_173839</value>
</correctResponse>
<mapping defaultValue="0" lowerBound="0.0">
<mapEntry mapKey="alt_663194" mappedValue="-0.333333333333333"/>
<mapEntry mapKey="alt_581083" mappedValue="-0.333333333333333"/>
<mapEntry mapKey="alt_173839" mappedValue="1"/>
<mapEntry mapKey="alt_810272" mappedValue="-0.333333333333333"/>
</mapping>
</responseDeclaration>
<outcomeDeclaration identifier="SCORE" cardinality="single" baseType="float" normalMaximum="1" normalMinimum="0" />
<outcomeDeclaration identifier="FEEDBACK" cardinality="single" baseType="identifier" />
<itemBody>
<p>Een café heeft een week lang bijgehouden hoeveel chocolademuffins er verkocht zijn per dag. De gemeten aantallen zijn 6, 4, 5, 7, 6, 8, 10. Bereken de standaarddeviatie van deze steekproef:</p>
<choiceInteraction responseIdentifier="RESPONSE" shuffle="false" maxChoices="1">
<simpleChoice identifier="alt_663194">
<div class="textblock tvblock tvcss_1"><div class="rte_zone tveditor1">
a. 3.39
</div>
</div>
</simpleChoice>
<simpleChoice identifier="alt_581083">
<div class="textblock tvblock tvcss_1"><div class="rte_zone tveditor1">
b. 3.95
</div>
</div>
</simpleChoice>
<simpleChoice identifier="alt_173839">
<div class="textblock tvblock tvcss_1"><div class="rte_zone tveditor1">
c. 1.99
</div>
</div>
</simpleChoice>
<simpleChoice identifier="alt_810272">
<div class="textblock tvblock tvcss_1"><div class="rte_zone tveditor1">
d. 1.84
</div>
</div>
</simpleChoice>
</choiceInteraction>
</itemBody>
<responseProcessing>
<responseCondition>
<responseIf>
<isNull>
<variable identifier="RESPONSE"/>
</isNull>
<setOutcomeValue identifier="SCORE">
<baseValue baseType="float">0.0</baseValue>
</setOutcomeValue>
<setOutcomeValue identifier="FEEDBACK">
<baseValue baseType="identifier">FAILURE</baseValue>
</setOutcomeValue>
</responseIf>
<responseElse>
<setOutcomeValue identifier="SCORE">
<mapResponse identifier="RESPONSE"/>
</setOutcomeValue>
<responseCondition>
<responseIf>
<equal toleranceMode="relative" tolerance="0.001">
<variable identifier="SCORE"/>
<variable identifier="MAXSCORE"/>
</equal>
<setOutcomeValue identifier="FEEDBACK">
<baseValue baseType="identifier">ANSWER_CORRECT</baseValue>
</setOutcomeValue>
</responseIf>
<responseElse>
<setOutcomeValue identifier="FEEDBACK">
<baseValue baseType="identifier">FAILURE</baseValue>
</setOutcomeValue>
</responseElse>
</responseCondition>
</responseElse>
</responseCondition>
</responseProcessing>
<modalFeedback identifier="FAILURE" outcomeIdentifier="FEEDBACK" showHide="show">
<div class="textblock tvblock tvcss_1"><div class="rte_zone tveditor1">
</div>
</div>
</modalFeedback>
<modalFeedback identifier="ANSWER_CORRECT" outcomeIdentifier="FEEDBACK" showHide="show">
<div class="textblock tvblock tvcss_1"><div class="rte_zone tveditor1">
</div>
</div>
</modalFeedback>
<modalFeedback identifier="PARTIAL_CORRECT" outcomeIdentifier="FEEDBACK" showHide="show">
<div class="textblock tvblock tvcss_1"><div class="rte_zone tveditor1">
</div>
</div>
</modalFeedback>
</assessmentItem>
