<?xml version="1.0" encoding="UTF-8"?>
<assessmentItem xsi:schemaLocation="http://www.imsglobal.org/xsd/imsqti_v2p1 http://www.imsglobal.org/xsd/qti/qtiv2p1/imsqti_v2p1p1.xsd http://www.w3.org/1998/Math/MathML http://www.w3.org/Math/XMLSchema/mathml2/mathml2.xsd" identifier="vufsw-intercept-1119-nl-qti_551264038_section_1_item_1_schoice" title="1" adaptive="false" timeDependent="false" xmlns="http://www.imsglobal.org/xsd/imsqti_v2p1" xmlns:xsi="http://www.w3.org/2001/XMLSchema-instance">
<responseDeclaration identifier="vufsw-intercept-1119-nl-qti_551264038_section_1_item_1_schoice_RESPONSE_1_4112025" cardinality="single" baseType="identifier">
<correctResponse>
<value>vufsw-intercept-1119-nl-qti_551264038_section_1_item_1_schoice_2_7497707897</value>
</correctResponse>
<mapping defaultValue="0" lowerBound="0.0">
<mapEntry mapKey="vufsw-intercept-1119-nl-qti_551264038_section_1_item_1_schoice_1_1896090747" mappedValue="0"/>
<mapEntry mapKey="vufsw-intercept-1119-nl-qti_551264038_section_1_item_1_schoice_2_7497707897" mappedValue="1"/>
<mapEntry mapKey="vufsw-intercept-1119-nl-qti_551264038_section_1_item_1_schoice_3_1261219946" mappedValue="0"/>
<mapEntry mapKey="vufsw-intercept-1119-nl-qti_551264038_section_1_item_1_schoice_4_2175448294" mappedValue="0"/>
</mapping>
</responseDeclaration>
<outcomeDeclaration identifier="SCORE" cardinality="single" baseType="float" normalMaximum="1" normalMinimum="0">
<defaultValue>
<value>0.0</value>
</defaultValue>
</outcomeDeclaration>
<outcomeDeclaration identifier="MAXSCORE" cardinality="single" baseType="float">
<defaultValue>
<value>1</value>
</defaultValue>
</outcomeDeclaration>
<outcomeDeclaration identifier="FEEDBACKBASIC" cardinality="single" baseType="identifier" view="testConstructor">
<defaultValue>
<value>empty</value>
</defaultValue>
</outcomeDeclaration>
<outcomeDeclaration identifier="FEEDBACKMODAL" cardinality="multiple" baseType="identifier" view="testConstructor"/>
<outcomeDeclaration identifier="SOLUTIONMODAL" cardinality="single" baseType="identifier" view="testConstructor"/>
<outcomeDeclaration identifier="MINSCORE" cardinality="single" baseType="float">
<defaultValue>
<value baseType="float">0</value>
</defaultValue>
</outcomeDeclaration>
<outcomeDeclaration identifier="SCORE_RESPONSE_1" cardinality="single" baseType="float">
<defaultValue>
<value>0.0</value>
</defaultValue>
</outcomeDeclaration>
<outcomeDeclaration identifier="MINSCORE_RESPONSE_1" cardinality="single" baseType="float">
<defaultValue>
<value>0.0</value>
</defaultValue>
</outcomeDeclaration>
<itemBody>
<p>Wat is de B0 (intercept) in een regressievergelijking ‘Y=B0+B1*X’?</p>
<choiceInteraction responseIdentifier="vufsw-intercept-1119-nl-qti_551264038_section_1_item_1_schoice_RESPONSE_1_4112025" shuffle="false" maxChoices="1">
<simpleChoice identifier="vufsw-intercept-1119-nl-qti_551264038_section_1_item_1_schoice_1_1896090747">
<p>
 De waarde van Y als X het steekproef gemiddelde is.
</p>
</simpleChoice>
<simpleChoice identifier="vufsw-intercept-1119-nl-qti_551264038_section_1_item_1_schoice_2_7497707897">
<p>
 De waarde van Y als X 0 is.
</p>
</simpleChoice>
<simpleChoice identifier="vufsw-intercept-1119-nl-qti_551264038_section_1_item_1_schoice_3_1261219946">
<p>
 De waarde van X als Y het steekproef gemiddelde is.
</p>
</simpleChoice>
<simpleChoice identifier="vufsw-intercept-1119-nl-qti_551264038_section_1_item_1_schoice_4_2175448294">
<p>
 De waarde van X als Y 0 is.
</p>
</simpleChoice>
</choiceInteraction>
</itemBody>
<responseProcessing>
<setOutcomeValue identifier="SCORE_RESPONSE_1">
<sum>
<variable identifier="SCORE_RESPONSE_1"/>
<mapResponse identifier="vufsw-intercept-1119-nl-qti_551264038_section_1_item_1_schoice_RESPONSE_1_4112025"/>
</sum>
</setOutcomeValue>
<responseCondition>
<responseIf>
<lt>
<variable identifier="SCORE_RESPONSE_1"/>
<variable identifier="MINSCORE_RESPONSE_1"/>
</lt>
<setOutcomeValue identifier="SCORE_RESPONSE_1">
<variable identifier="MINSCORE_RESPONSE_1"/>
</setOutcomeValue>
</responseIf>
</responseCondition>
<responseCondition>
<responseIf>
<isNull>
<variable identifier="vufsw-intercept-1119-nl-qti_551264038_section_1_item_1_schoice_RESPONSE_1_4112025"/>
</isNull>
<setOutcomeValue identifier="SCORE_RESPONSE_1">
<sum>
<variable identifier="SCORE_RESPONSE_1"/>
<baseValue baseType="float">0</baseValue>
</sum>
</setOutcomeValue>
</responseIf>
</responseCondition>
<setOutcomeValue identifier="SCORE">
<sum>
<variable identifier="SCORE_RESPONSE_1"/>
</sum>
</setOutcomeValue>
<responseCondition>
<responseIf>
<lt>
<variable identifier="SCORE"/>
<variable identifier="MINSCORE"/>
</lt>
<setOutcomeValue identifier="SCORE">
<variable identifier="MINSCORE"/>
</setOutcomeValue>
</responseIf>
</responseCondition>
<responseCondition>
<responseIf>
<lt>
<variable identifier="SCORE"/>
<baseValue baseType="float">1</baseValue>
</lt>
<setOutcomeValue identifier="FEEDBACKMODAL">
<multiple>
<variable identifier="FEEDBACKMODAL"/>
<baseValue baseType="identifier">Feedback526904676</baseValue>
</multiple>
</setOutcomeValue>
</responseIf>
</responseCondition>
</responseProcessing>
<modalFeedback identifier="Feedback526904676" outcomeIdentifier="FEEDBACKMODAL" showHide="show">
<ul>
<li> De waarde van Y als X het steekproef gemiddelde is. <br /> False </li>
<li> De waarde van Y als X 0 is. <br /> True </li>
<li> De waarde van X als Y het steekproef gemiddelde is. <br /> False </li>
<li> De waarde van X als Y 0 is. <br /> False </li>
</ul>
</modalFeedback>
</assessmentItem>
