<?xml version="1.0" encoding="UTF-8"?>
<assessmentItem xsi:schemaLocation="http://www.imsglobal.org/xsd/imsqti_v2p1 http://www.imsglobal.org/xsd/qti/qtiv2p1/imsqti_v2p1p1.xsd http://www.w3.org/1998/Math/MathML http://www.w3.org/Math/XMLSchema/mathml2/mathml2.xsd" identifier="vufgb-ancova-002-en-qti_417770625_section_1_item_1_schoice" title="1" adaptive="false" timeDependent="false" xmlns="http://www.imsglobal.org/xsd/imsqti_v2p1" xmlns:xsi="http://www.w3.org/2001/XMLSchema-instance">
<responseDeclaration identifier="vufgb-ancova-002-en-qti_417770625_section_1_item_1_schoice_RESPONSE_1_1548723" cardinality="single" baseType="identifier">
<correctResponse>
<value>vufgb-ancova-002-en-qti_417770625_section_1_item_1_schoice_1_7440918487</value>
</correctResponse>
<mapping defaultValue="0" lowerBound="0.0">
<mapEntry mapKey="vufgb-ancova-002-en-qti_417770625_section_1_item_1_schoice_1_7440918487" mappedValue="1"/>
<mapEntry mapKey="vufgb-ancova-002-en-qti_417770625_section_1_item_1_schoice_2_2783338171" mappedValue="0"/>
<mapEntry mapKey="vufgb-ancova-002-en-qti_417770625_section_1_item_1_schoice_3_5962933134" mappedValue="0"/>
<mapEntry mapKey="vufgb-ancova-002-en-qti_417770625_section_1_item_1_schoice_4_7535161372" mappedValue="0"/>
</mapping>
</responseDeclaration>
<outcomeDeclaration identifier="SCORE" cardinality="single" baseType="float" normalMaximum="1" normalMinimum="0">
<defaultValue>
<value>0.0</value>
</defaultValue>
</outcomeDeclaration>
<outcomeDeclaration identifier="MAXSCORE" cardinality="single" baseType="float">
<defaultValue>
<value>1</value>
</defaultValue>
</outcomeDeclaration>
<outcomeDeclaration identifier="FEEDBACKBASIC" cardinality="single" baseType="identifier" view="testConstructor">
<defaultValue>
<value>empty</value>
</defaultValue>
</outcomeDeclaration>
<outcomeDeclaration identifier="FEEDBACKMODAL" cardinality="multiple" baseType="identifier" view="testConstructor"/>
<outcomeDeclaration identifier="MINSCORE" cardinality="single" baseType="float">
<defaultValue>
<value baseType="float">0</value>
</defaultValue>
</outcomeDeclaration>
<outcomeDeclaration identifier="SCORE_RESPONSE_1" cardinality="single" baseType="float">
<defaultValue>
<value>0.0</value>
</defaultValue>
</outcomeDeclaration>
<outcomeDeclaration identifier="MINSCORE_RESPONSE_1" cardinality="single" baseType="float">
<defaultValue>
<value>0.0</value>
</defaultValue>
</outcomeDeclaration>
<itemBody>
<p>Complete the following sentence: “A reason to conduct an ANCOVA in an experimental study is to … the power of the <em>F</em>-test of the … .”</p>
<choiceInteraction responseIdentifier="vufgb-ancova-002-en-qti_417770625_section_1_item_1_schoice_RESPONSE_1_1548723" shuffle="false" maxChoices="1">
<simpleChoice identifier="vufgb-ancova-002-en-qti_417770625_section_1_item_1_schoice_1_7440918487">
<p>
 increase; Factor.
</p>
</simpleChoice>
<simpleChoice identifier="vufgb-ancova-002-en-qti_417770625_section_1_item_1_schoice_2_2783338171">
<p>
 decrease; Factor.
</p>
</simpleChoice>
<simpleChoice identifier="vufgb-ancova-002-en-qti_417770625_section_1_item_1_schoice_3_5962933134">
<p>
 increase; Covariate.
</p>
</simpleChoice>
<simpleChoice identifier="vufgb-ancova-002-en-qti_417770625_section_1_item_1_schoice_4_7535161372">
<p>
 decrease; Covariate.
</p>
</simpleChoice>
</choiceInteraction>
</itemBody>
<responseProcessing>
<responseCondition>
<responseIf>
<isNull>
<variable identifier="vufgb-ancova-002-en-qti_417770625_section_1_item_1_schoice_RESPONSE_1_1548723"/>
</isNull>
<setOutcomeValue identifier="SCORE_RESPONSE_1">
<sum>
<variable identifier="SCORE_RESPONSE_1"/>
<baseValue baseType="float">0</baseValue>
</sum>
</setOutcomeValue>
</responseIf>
</responseCondition>
<setOutcomeValue identifier="SCORE_RESPONSE_1">
<sum>
<variable identifier="SCORE_RESPONSE_1"/>
<mapResponse identifier="vufgb-ancova-002-en-qti_417770625_section_1_item_1_schoice_RESPONSE_1_1548723"/>
</sum>
</setOutcomeValue>
<responseCondition>
<responseIf>
<lt>
<variable identifier="SCORE_RESPONSE_1"/>
<variable identifier="MINSCORE_RESPONSE_1"/>
</lt>
<setOutcomeValue identifier="SCORE_RESPONSE_1">
<variable identifier="MINSCORE_RESPONSE_1"/>
</setOutcomeValue>
</responseIf>
</responseCondition>
<setOutcomeValue identifier="SCORE">
<sum>
<variable identifier="SCORE_RESPONSE_1"/>
</sum>
</setOutcomeValue>
<responseCondition>
<responseIf>
<lt>
<variable identifier="SCORE"/>
<variable identifier="MINSCORE"/>
</lt>
<setOutcomeValue identifier="SCORE">
<variable identifier="MINSCORE"/>
</setOutcomeValue>
</responseIf>
</responseCondition>
<responseCondition>
<responseIf>
<lt>
<variable identifier="SCORE"/>
<baseValue baseType="float">1</baseValue>
</lt>
<setOutcomeValue identifier="FEEDBACKMODAL">
<multiple>
<variable identifier="FEEDBACKMODAL"/>
<baseValue baseType="identifier">Feedback628432811</baseValue>
</multiple>
</setOutcomeValue>
</responseIf>
</responseCondition>
</responseProcessing>
<modalFeedback identifier="Feedback628432811" outcomeIdentifier="FEEDBACKMODAL" showHide="show">
</modalFeedback>
</assessmentItem>
