<?xml version="1.0" encoding="UTF-8"?>
<assessmentItem xsi:schemaLocation="http://www.imsglobal.org/xsd/imsqti_v2p1 http://www.imsglobal.org/xsd/qti/qtiv2p1/imsqti_v2p1p1.xsd http://www.w3.org/1998/Math/MathML http://www.w3.org/Math/XMLSchema/mathml2/mathml2.xsd" identifier="uva-statistical-errors-196-nl-qti_407189031_section_1_item_1_schoice" title="1" adaptive="false" timeDependent="false" xmlns="http://www.imsglobal.org/xsd/imsqti_v2p1" xmlns:xsi="http://www.w3.org/2001/XMLSchema-instance">
<responseDeclaration identifier="uva-statistical-errors-196-nl-qti_407189031_section_1_item_1_schoice_RESPONSE_1_1329775" cardinality="single" baseType="identifier">
<correctResponse>
<value>uva-statistical-errors-196-nl-qti_407189031_section_1_item_1_schoice_3_4280170532</value>
</correctResponse>
<mapping defaultValue="0" lowerBound="0.0">
<mapEntry mapKey="uva-statistical-errors-196-nl-qti_407189031_section_1_item_1_schoice_1_8273922993" mappedValue="0"/>
<mapEntry mapKey="uva-statistical-errors-196-nl-qti_407189031_section_1_item_1_schoice_2_1595726427" mappedValue="0"/>
<mapEntry mapKey="uva-statistical-errors-196-nl-qti_407189031_section_1_item_1_schoice_3_4280170532" mappedValue="1"/>
</mapping>
</responseDeclaration>
<outcomeDeclaration identifier="SCORE" cardinality="single" baseType="float" normalMaximum="1" normalMinimum="0">
<defaultValue>
<value>0.0</value>
</defaultValue>
</outcomeDeclaration>
<outcomeDeclaration identifier="MAXSCORE" cardinality="single" baseType="float">
<defaultValue>
<value>1</value>
</defaultValue>
</outcomeDeclaration>
<outcomeDeclaration identifier="FEEDBACKBASIC" cardinality="single" baseType="identifier" view="testConstructor">
<defaultValue>
<value>empty</value>
</defaultValue>
</outcomeDeclaration>
<outcomeDeclaration identifier="FEEDBACKMODAL" cardinality="multiple" baseType="identifier" view="testConstructor"/>
<outcomeDeclaration identifier="SOLUTIONMODAL" cardinality="single" baseType="identifier" view="testConstructor"/>
<outcomeDeclaration identifier="MINSCORE" cardinality="single" baseType="float">
<defaultValue>
<value baseType="float">0</value>
</defaultValue>
</outcomeDeclaration>
<outcomeDeclaration identifier="SCORE_RESPONSE_1" cardinality="single" baseType="float">
<defaultValue>
<value>0.0</value>
</defaultValue>
</outcomeDeclaration>
<outcomeDeclaration identifier="MINSCORE_RESPONSE_1" cardinality="single" baseType="float">
<defaultValue>
<value>0.0</value>
</defaultValue>
</outcomeDeclaration>
<itemBody>
<p>Wanneer H<sub>0</sub> bij een significantieniveau van α = 0.05 kan worden
verworpen is</p>
<choiceInteraction responseIdentifier="uva-statistical-errors-196-nl-qti_407189031_section_1_item_1_schoice_RESPONSE_1_1329775" shuffle="false" maxChoices="1">
<simpleChoice identifier="uva-statistical-errors-196-nl-qti_407189031_section_1_item_1_schoice_1_8273922993">
<p>
 de kans 0.05 dat H0 waar is
</p>
</simpleChoice>
<simpleChoice identifier="uva-statistical-errors-196-nl-qti_407189031_section_1_item_1_schoice_2_1595726427">
<p>
 de kans 0.95 dat Ha waar is
</p>
</simpleChoice>
<simpleChoice identifier="uva-statistical-errors-196-nl-qti_407189031_section_1_item_1_schoice_3_4280170532">
<p>
 de P-value kleiner dan of gelijk aan 0.05
</p>
</simpleChoice>
</choiceInteraction>
</itemBody>
<responseProcessing>
<setOutcomeValue identifier="SCORE_RESPONSE_1">
<sum>
<variable identifier="SCORE_RESPONSE_1"/>
<mapResponse identifier="uva-statistical-errors-196-nl-qti_407189031_section_1_item_1_schoice_RESPONSE_1_1329775"/>
</sum>
</setOutcomeValue>
<responseCondition>
<responseIf>
<lt>
<variable identifier="SCORE_RESPONSE_1"/>
<variable identifier="MINSCORE_RESPONSE_1"/>
</lt>
<setOutcomeValue identifier="SCORE_RESPONSE_1">
<variable identifier="MINSCORE_RESPONSE_1"/>
</setOutcomeValue>
</responseIf>
</responseCondition>
<responseCondition>
<responseIf>
<isNull>
<variable identifier="uva-statistical-errors-196-nl-qti_407189031_section_1_item_1_schoice_RESPONSE_1_1329775"/>
</isNull>
<setOutcomeValue identifier="SCORE_RESPONSE_1">
<sum>
<variable identifier="SCORE_RESPONSE_1"/>
<baseValue baseType="float">0</baseValue>
</sum>
</setOutcomeValue>
</responseIf>
</responseCondition>
<setOutcomeValue identifier="SCORE">
<sum>
<variable identifier="SCORE_RESPONSE_1"/>
</sum>
</setOutcomeValue>
<responseCondition>
<responseIf>
<lt>
<variable identifier="SCORE"/>
<variable identifier="MINSCORE"/>
</lt>
<setOutcomeValue identifier="SCORE">
<variable identifier="MINSCORE"/>
</setOutcomeValue>
</responseIf>
</responseCondition>
<responseCondition>
<responseIf>
<lt>
<variable identifier="SCORE"/>
<baseValue baseType="float">1</baseValue>
</lt>
<setOutcomeValue identifier="FEEDBACKMODAL">
<multiple>
<variable identifier="FEEDBACKMODAL"/>
<baseValue baseType="identifier">Feedback818567673</baseValue>
</multiple>
</setOutcomeValue>
</responseIf>
</responseCondition>
</responseProcessing>
<modalFeedback identifier="Feedback818567673" outcomeIdentifier="FEEDBACKMODAL" showHide="show">
<ul>
<li> de kans 0.05 dat H0 waar is <br /> de kans 0.05 dat H0 waar is: Incorrect </li>
<li> de kans 0.95 dat Ha waar is <br /> de kans 0.95 dat Ha waar is: Incorrect </li>
<li> de P-value kleiner dan of gelijk aan 0.05 <br /> de P-value kleiner dan of gelijk aan 0.05: Correct </li>
</ul>
</modalFeedback>
</assessmentItem>
