<?xml version="1.0" encoding="utf-8" standalone="yes"?>
<assessmentItem identifier="vufsw-multiple_linear_regression-2088-nl-tv_202307180608_item_1_schoice" title="vufsw-multiple_linear_regression-2088-nl-tv_202307180608_item_1_schoice_vufsw-multiple linear regression-2088-nl" adaptive="false" timeDependent="false" toolName="Testvision Online" toolVersion="39.0.9084" xmlns="http://www.imsglobal.org/xsd/imsqti_v2p1">
<responseDeclaration identifier="RESPONSE" cardinality="single" baseType="identifier">
<correctResponse>
<value>alt_353469</value>
</correctResponse>
<mapping defaultValue="0" lowerBound="0.0">
<mapEntry mapKey="alt_353469" mappedValue="1"/>
<mapEntry mapKey="alt_320065" mappedValue="-0.333333333333333"/>
<mapEntry mapKey="alt_613195" mappedValue="-0.333333333333333"/>
<mapEntry mapKey="alt_235433" mappedValue="-0.333333333333333"/>
</mapping>
</responseDeclaration>
<outcomeDeclaration identifier="SCORE" cardinality="single" baseType="float" normalMaximum="1" normalMinimum="0" />
<outcomeDeclaration identifier="FEEDBACK" cardinality="single" baseType="identifier" />
<itemBody>
<p>We analyseren data die afkomstig zijn van scholieren van het voortgezet
onderwijs uit de Jongeren &amp; Cultuurdata (Ganzeboom &amp; Nagel, 1998-2002).
Voor dit databestand zijn ruim 3000 jongeren ondervraagd in de leeftijd
van grofweg 14 tot 17 jaar. In onderstaande regressieanalyse is de
participatie in populaire cultuur de afhankelijke variabele (pjcul:
0-100, van weinig naar veel participatie) en zijn de onafhankelijke
variabelen moeders cultuurparticipatie (pmcul: 0-1, van minst naar meest
cultureel actief) en schoolniveau (in dummy’s, referentiegroep =
vmbo-b). Er zijn in model 3 bovendien interacties toegevoegd tussen
moeders cultuurparticipatie en schoolniveau.</p>
<p><img src="Schermafbeelding__2019-02-04__om__10.54.16.png"
class="fr-fic fr-dii tvcss_2"
alt="Schermafbeelding 2019-02-04 om 10.54.16" /><br />
<img src="Schermafbeelding__2019-02-04__om__10.54.30.png"
class="fr-fic fr-dii tvcss_3"
alt="Schermafbeelding 2019-02-04 om 10.54.30" /><br />
Welke conclusie kun je uit model 2 trekken over de populatie
scholieren?<br />
1: Vmbo-b leerlingen doen meer aan populaire cultuur dan vwo leerlingen
met een vergelijkbaar cultureel actieve moeder<br />
2: Voor vwo leerlingen geldt dat naarmate de moeder meer aan cultuur
doet, zij meer aan populaire cultuur doen.</p>
<choiceInteraction responseIdentifier="RESPONSE" shuffle="false" maxChoices="1">
<simpleChoice identifier="alt_353469">
<div class="textblock tvblock tvcss_1"><div class="rte_zone tveditor1">
 Zowel 1 als 2 zijn waar
</div>
</div>
</simpleChoice>
<simpleChoice identifier="alt_320065">
<div class="textblock tvblock tvcss_1"><div class="rte_zone tveditor1">
 1 en 2 zijn beide onwaar
</div>
</div>
</simpleChoice>
<simpleChoice identifier="alt_613195">
<div class="textblock tvblock tvcss_1"><div class="rte_zone tveditor1">
 Alleen 2 is waar
</div>
</div>
</simpleChoice>
<simpleChoice identifier="alt_235433">
<div class="textblock tvblock tvcss_1"><div class="rte_zone tveditor1">
 Alleen 1 is waar
</div>
</div>
</simpleChoice>
</choiceInteraction>
</itemBody>
<responseProcessing>
<responseCondition>
<responseIf>
<isNull>
<variable identifier="RESPONSE"/>
</isNull>
<setOutcomeValue identifier="SCORE">
<baseValue baseType="float">0.0</baseValue>
</setOutcomeValue>
<setOutcomeValue identifier="FEEDBACK">
<baseValue baseType="identifier">FAILURE</baseValue>
</setOutcomeValue>
</responseIf>
<responseElse>
<setOutcomeValue identifier="SCORE">
<mapResponse identifier="RESPONSE"/>
</setOutcomeValue>
<responseCondition>
<responseIf>
<equal toleranceMode="relative" tolerance="0.001">
<variable identifier="SCORE"/>
<variable identifier="MAXSCORE"/>
</equal>
<setOutcomeValue identifier="FEEDBACK">
<baseValue baseType="identifier">ANSWER_CORRECT</baseValue>
</setOutcomeValue>
</responseIf>
<responseElse>
<setOutcomeValue identifier="FEEDBACK">
<baseValue baseType="identifier">FAILURE</baseValue>
</setOutcomeValue>
</responseElse>
</responseCondition>
</responseElse>
</responseCondition>
</responseProcessing>
<modalFeedback identifier="FAILURE" outcomeIdentifier="FEEDBACK" showHide="show">
<div class="textblock tvblock tvcss_1"><div class="rte_zone tveditor1">
 Zowel 1 als 2 zijn waar <br /> True 
 1 en 2 zijn beide onwaar <br /> False 
 Alleen 2 is waar <br /> False 
 Alleen 1 is waar <br /> False 
</div>
</div>
</modalFeedback>
<modalFeedback identifier="ANSWER_CORRECT" outcomeIdentifier="FEEDBACK" showHide="show">
<div class="textblock tvblock tvcss_1"><div class="rte_zone tveditor1">
 Zowel 1 als 2 zijn waar <br /> True 
 1 en 2 zijn beide onwaar <br /> False 
 Alleen 2 is waar <br /> False 
 Alleen 1 is waar <br /> False 
</div>
</div>
</modalFeedback>
<modalFeedback identifier="PARTIAL_CORRECT" outcomeIdentifier="FEEDBACK" showHide="show">
<div class="textblock tvblock tvcss_1"><div class="rte_zone tveditor1">
 Zowel 1 als 2 zijn waar <br /> True 
 1 en 2 zijn beide onwaar <br /> False 
 Alleen 2 is waar <br /> False 
 Alleen 1 is waar <br /> False 
</div>
</div>
</modalFeedback>
</assessmentItem>
