<?xml version="1.0" encoding="utf-8" standalone="yes"?>
<assessmentItem identifier="uu-Histogram-800-en_202209051534_item_1_schoice" title="uu-Histogram-800-en_202209051534_item_1_schoice_uu-Histogram-800-en.Rmd" adaptive="false" timeDependent="false" toolName="Testvision Online" toolVersion="39.0.9084" xmlns="http://www.imsglobal.org/xsd/imsqti_v2p1">
<responseDeclaration identifier="RESPONSE" cardinality="single" baseType="identifier">
<correctResponse>
<value>alt_493960</value>
</correctResponse>
<mapping defaultValue="0" lowerBound="0.0">
<mapEntry mapKey="alt_281868" mappedValue="-0.333333333333333"/>
<mapEntry mapKey="alt_493960" mappedValue="1"/>
<mapEntry mapKey="alt_525232" mappedValue="-0.333333333333333"/>
<mapEntry mapKey="alt_728090" mappedValue="-0.333333333333333"/>
</mapping>
</responseDeclaration>
<outcomeDeclaration identifier="SCORE" cardinality="single" baseType="float" normalMaximum="1" normalMinimum="0" />
<outcomeDeclaration identifier="FEEDBACK" cardinality="single" baseType="identifier" />
<itemBody>
<p>After the reliability analysis the sum score for depression was calculated. The distribution of the sum scores is shown in the histogram. The distribution is …</p>
<p><img src="mediafiles/supplements1/uu-Histogram-800-en-tabel.jpg" alt="image"/></p>
<choiceInteraction responseIdentifier="RESPONSE" shuffle="false" maxChoices="1">
<simpleChoice identifier="alt_281868">
<div class="textblock tvblock tvcss_1"><div class="rte_zone tveditor1">
a. symmetrical.
</div>
</div>
</simpleChoice>
<simpleChoice identifier="alt_493960">
<div class="textblock tvblock tvcss_1"><div class="rte_zone tveditor1">
b. positively skewed.
</div>
</div>
</simpleChoice>
<simpleChoice identifier="alt_525232">
<div class="textblock tvblock tvcss_1"><div class="rte_zone tveditor1">
c. negatively skewed.
</div>
</div>
</simpleChoice>
<simpleChoice identifier="alt_728090">
<div class="textblock tvblock tvcss_1"><div class="rte_zone tveditor1">
d. bimodal.
</div>
</div>
</simpleChoice>
</choiceInteraction>
</itemBody>
<responseProcessing>
<responseCondition>
<responseIf>
<isNull>
<variable identifier="RESPONSE"/>
</isNull>
<setOutcomeValue identifier="SCORE">
<baseValue baseType="float">0.0</baseValue>
</setOutcomeValue>
<setOutcomeValue identifier="FEEDBACK">
<baseValue baseType="identifier">FAILURE</baseValue>
</setOutcomeValue>
</responseIf>
<responseElse>
<setOutcomeValue identifier="SCORE">
<mapResponse identifier="RESPONSE"/>
</setOutcomeValue>
<responseCondition>
<responseIf>
<equal toleranceMode="relative" tolerance="0.001">
<variable identifier="SCORE"/>
<variable identifier="MAXSCORE"/>
</equal>
<setOutcomeValue identifier="FEEDBACK">
<baseValue baseType="identifier">ANSWER_CORRECT</baseValue>
</setOutcomeValue>
</responseIf>
<responseElse>
<setOutcomeValue identifier="FEEDBACK">
<baseValue baseType="identifier">FAILURE</baseValue>
</setOutcomeValue>
</responseElse>
</responseCondition>
</responseElse>
</responseCondition>
</responseProcessing>
<modalFeedback identifier="FAILURE" outcomeIdentifier="FEEDBACK" showHide="show">
<div class="textblock tvblock tvcss_1"><div class="rte_zone tveditor1">
<ol>
<li> symmetrical. <br />  </li>
<li> positively skewed. <br />  </li>
<li> negatively skewed. <br />  </li>
<li> bimodal. <br />  </li>
</ol>
</div>
</div>
</modalFeedback>
<modalFeedback identifier="ANSWER_CORRECT" outcomeIdentifier="FEEDBACK" showHide="show">
<div class="textblock tvblock tvcss_1"><div class="rte_zone tveditor1">
<ol>
<li> symmetrical. <br />  </li>
<li> positively skewed. <br />  </li>
<li> negatively skewed. <br />  </li>
<li> bimodal. <br />  </li>
</ol>
</div>
</div>
</modalFeedback>
<modalFeedback identifier="PARTIAL_CORRECT" outcomeIdentifier="FEEDBACK" showHide="show">
<div class="textblock tvblock tvcss_1"><div class="rte_zone tveditor1">
<ol>
<li> symmetrical. <br />  </li>
<li> positively skewed. <br />  </li>
<li> negatively skewed. <br />  </li>
<li> bimodal. <br />  </li>
</ol>
</div>
</div>
</modalFeedback>
</assessmentItem>
