<?xml version="1.0" encoding="utf-8" standalone="yes"?>
<assessmentItem identifier="uva-distribution-1897-en-tv_202601131819_item_1_schoice" title="uva-distribution-1897-en-tv_202601131819_item_1_schoice_uva-distribution-1897-en" adaptive="false" timeDependent="false" toolName="Testvision Online" toolVersion="39.0.9084" xmlns="http://www.imsglobal.org/xsd/imsqti_v2p1">
<responseDeclaration identifier="RESPONSE" cardinality="single" baseType="identifier">
<correctResponse>
<value>alt_328621</value>
</correctResponse>
<mapping defaultValue="0" lowerBound="0.0">
<mapEntry mapKey="alt_673042" mappedValue="-0.333333333333333"/>
<mapEntry mapKey="alt_328621" mappedValue="1"/>
<mapEntry mapKey="alt_218015" mappedValue="-0.333333333333333"/>
<mapEntry mapKey="alt_158737" mappedValue="-0.333333333333333"/>
</mapping>
</responseDeclaration>
<outcomeDeclaration identifier="SCORE" cardinality="single" baseType="float" normalMaximum="1" normalMinimum="0" />
<outcomeDeclaration identifier="FEEDBACK" cardinality="single" baseType="identifier" />
<stylesheet href="css/uva-distribution-1897-en-tv_202601131819_item_1_schoice.css" type="text/css" />
<itemBody>
<p>From each of two normally distributed populations with equal variances a sample is drawn.______________. Sample 1: n = 15, mean = 32, sd = 6.32 Sample 2: n = 11, mean = 45, sd = 7.49. The pooled variance estimator takes the value 46.67. It is tested whether the population averages are equal. The corresponding test size follows, if the null hypothesis is TRUE,</p>
<choiceInteraction responseIdentifier="RESPONSE" shuffle="false" maxChoices="1">
<simpleChoice identifier="alt_673042">
<div class="textblock tvblock tvcss_1"><div class="rte_zone tveditor1">
 An F-distribution with 14 and 10 degrees of freedom
</div>
</div>
</simpleChoice>
<simpleChoice identifier="alt_328621">
<div class="textblock tvblock tvcss_1"><div class="rte_zone tveditor1">
 A T distribution with 24 degrees of freedom
</div>
</div>
</simpleChoice>
<simpleChoice identifier="alt_218015">
<div class="textblock tvblock tvcss_1"><div class="rte_zone tveditor1">
 A T distribution with 26 degrees of freedom
</div>
</div>
</simpleChoice>
<simpleChoice identifier="alt_158737">
<div class="textblock tvblock tvcss_1"><div class="rte_zone tveditor1">
 An F-division with 15 and 11 degrees of freedom
</div>
</div>
</simpleChoice>
</choiceInteraction>
</itemBody>
<responseProcessing>
<responseCondition>
<responseIf>
<isNull>
<variable identifier="RESPONSE"/>
</isNull>
<setOutcomeValue identifier="SCORE">
<baseValue baseType="float">0.0</baseValue>
</setOutcomeValue>
<setOutcomeValue identifier="FEEDBACK">
<baseValue baseType="identifier">FAILURE</baseValue>
</setOutcomeValue>
</responseIf>
<responseElse>
<setOutcomeValue identifier="SCORE">
<mapResponse identifier="RESPONSE"/>
</setOutcomeValue>
<responseCondition>
<responseIf>
<equal toleranceMode="relative" tolerance="0.001">
<variable identifier="SCORE"/>
<variable identifier="MAXSCORE"/>
</equal>
<setOutcomeValue identifier="FEEDBACK">
<baseValue baseType="identifier">ANSWER_CORRECT</baseValue>
</setOutcomeValue>
</responseIf>
<responseElse>
<setOutcomeValue identifier="FEEDBACK">
<baseValue baseType="identifier">FAILURE</baseValue>
</setOutcomeValue>
</responseElse>
</responseCondition>
</responseElse>
</responseCondition>
</responseProcessing>
<modalFeedback identifier="FAILURE" outcomeIdentifier="FEEDBACK" showHide="show">
<div class="textblock tvblock tvcss_1"><div class="rte_zone tveditor1">
<ul>
<li> An F-distribution with 14 and 10 degrees of freedom <br /> An F-distribution with 14 and 10 degrees of freedom: Incorrect </li>
<li> A T distribution with 24 degrees of freedom <br /> A T-division with 24 degrees of freedom: Correct </li>
<li> A T distribution with 26 degrees of freedom <br /> A T-division with 26 degrees of freedom: Incorrect </li>
<li> An F-division with 15 and 11 degrees of freedom <br /> An F-division with 15 and 11 degrees of freedom: Incorrect </li>
</ul>
</div>
</div>
</modalFeedback>
<modalFeedback identifier="ANSWER_CORRECT" outcomeIdentifier="FEEDBACK" showHide="show">
<div class="textblock tvblock tvcss_1"><div class="rte_zone tveditor1">
<ul>
<li> An F-distribution with 14 and 10 degrees of freedom <br /> An F-distribution with 14 and 10 degrees of freedom: Incorrect </li>
<li> A T distribution with 24 degrees of freedom <br /> A T-division with 24 degrees of freedom: Correct </li>
<li> A T distribution with 26 degrees of freedom <br /> A T-division with 26 degrees of freedom: Incorrect </li>
<li> An F-division with 15 and 11 degrees of freedom <br /> An F-division with 15 and 11 degrees of freedom: Incorrect </li>
</ul>
</div>
</div>
</modalFeedback>
<modalFeedback identifier="PARTIAL_CORRECT" outcomeIdentifier="FEEDBACK" showHide="show">
<div class="textblock tvblock tvcss_1"><div class="rte_zone tveditor1">
<ul>
<li> An F-distribution with 14 and 10 degrees of freedom <br /> An F-distribution with 14 and 10 degrees of freedom: Incorrect </li>
<li> A T distribution with 24 degrees of freedom <br /> A T-division with 24 degrees of freedom: Correct </li>
<li> A T distribution with 26 degrees of freedom <br /> A T-division with 26 degrees of freedom: Incorrect </li>
<li> An F-division with 15 and 11 degrees of freedom <br /> An F-division with 15 and 11 degrees of freedom: Incorrect </li>
</ul>
</div>
</div>
</modalFeedback>
</assessmentItem>
