<?xml version="1.0" encoding="UTF-8"?>
<!DOCTYPE questestinterop SYSTEM "ims_qtiasiv1p2p1.dtd">

<questestinterop xmlns="http://www.imsglobal.org/xsd/ims_qtiasiv1p2" xmlns:xsi="http://www.w3.org/2001/XMLSchema-instance" xsi:schemaLocation="http://www.imsglobal.org/xsd/ims_qtiasiv1p2 http://www.imsglobal.org/xsd/ims_qtiasiv1p2p1.xsd">
<assessment ident="vufsw-slope-0151-en-canvas_133479732" title="vufsw-slope-0151-en-canvas">

<qtimetadata>
<qtimetadatafield>
<fieldlabel>cc_maxattempts</fieldlabel>
<fieldentry>1</fieldentry>
</qtimetadatafield>
<qtimetadatafield>
<fieldlabel>qmd_assessmenttype</fieldlabel>
<fieldentry>Assessment</fieldentry>
</qtimetadatafield>
</qtimetadata>
<objectives>
<material>
<mattext><![CDATA[Please solve the following exercises.]]></mattext>
</material>
</objectives>
<assessmentcontrol feedbackswitch="No" hintswitch="No" solutionswitch="Yes"/>
<outcomes_processing scoremodel="SumOfScores">
<outcomes>
<decvar varname="SCORE" vartype="Decimal" cutvalue="0"/>
</outcomes>
</outcomes_processing>
<assessfeedback title="AssessmentFeedback" ident="AssessmentFeedback">
<flow_mat>
<material>
<mattext>##AssessmentFeedback##</mattext>
</material>
</flow_mat>
</assessfeedback>

<section ident="vufsw-slope-0151-en-canvas_133479732_section_1" title="Exercise">

<objectives>
<material>
<mattext><![CDATA[Please answer the following question.]]></mattext>
</material>
</objectives>
<selection_ordering>
<selection>
<selection_number>1</selection_number>
<selection_extension>
<points_per_item>1</points_per_item>
</selection_extension>
</selection>
<order order_type="Random"/>
</selection_ordering>

<item ident="vufsw-slope-0151-en-canvas_133479732_section_1_item_1_schoice" title="Question" maxattempts="1">
<itemcontrol feedbackswitch="No" hintswitch="No" solutionswitch="Yes"/>
<itemmetadata>
<qtimetadata>
<qtimetadatafield>
<fieldlabel>question_type</fieldlabel>
<fieldentry>multiple_choice_question</fieldentry>
</qtimetadatafield>
</qtimetadata>
</itemmetadata>
<presentation>
<flow>
<material>
<matbreak/>
<mattext texttype="text/html" charset="utf-8"><![CDATA[
<p>A researcher conducts a multiple regression to determine which factors influencing how much a person watches television (Y). The data used comes from the <em>European Social Survey</em> from 2014. The questionnaire was administered to a random sample of the population of the Netherlands aged 18 years and older (N=1362). The extent to which someone watches television was measured with a question where the response options ranged from 1 (“less than half an hour a day”) to 7 (“more than three hours a day”). Education (“<strong>Educyrs</strong>”) was measured in number of years of education completed; scores on this variable range from 0 years to 28 years. The researcher obtains the following results.<br />
Fill in the appropriate texts:</p>
<p>If we compare someone of average age (an “average” person) compare with someone one year older than the average, we expect a higher degree of viewing behavior from
* Expressed on a scale ** **Less than the average.</p>
<p><img src="data/supplements_1_1/1553595822664.png" /></p>
]]></mattext>
<matbreak/>
</material>
<response_lid ident="vufsw-slope-0151-en-canvas_133479732_section_1_item_1_schoice_RESPONSE_8195255" rcardinality="Single" rtiming="No">
<render_choice shuffle="No">
<flow_label class="List">
<response_label ident="vufsw-slope-0151-en-canvas_133479732_section_1_item_1_schoice_9777411330" rshuffle="No">
<material>
<mattext texttype="text/html" charset="utf-8"><![CDATA[
 <strong>Text 1:</strong> 0.029. <strong>Text 2:</strong> from 0 to 1.
]]></mattext>
</material>
</response_label>
</flow_label>
<flow_label class="List">
<response_label ident="vufsw-slope-0151-en-canvas_133479732_section_1_item_1_schoice_1627199940" rshuffle="No">
<material>
<mattext texttype="text/html" charset="utf-8"><![CDATA[
 <strong>Text 1:</strong> 0.029. <strong>Text 2:</strong> from -1 through +1.
]]></mattext>
</material>
</response_label>
</flow_label>
<flow_label class="List">
<response_label ident="vufsw-slope-0151-en-canvas_133479732_section_1_item_1_schoice_4242284090" rshuffle="No">
<material>
<mattext texttype="text/html" charset="utf-8"><![CDATA[
 <strong>Text 1:</strong> 0.258. <strong>Text 2:</strong> from 0 to 1.
]]></mattext>
</material>
</response_label>
</flow_label>
<flow_label class="List">
<response_label ident="vufsw-slope-0151-en-canvas_133479732_section_1_item_1_schoice_1997332211" rshuffle="No">
<material>
<mattext texttype="text/html" charset="utf-8"><![CDATA[
 <strong>Text 1:</strong> 0.029. <strong>Text 2:</strong> from 1 to 7.
]]></mattext>
</material>
</response_label>
</flow_label>
<flow_label class="List">
<response_label ident="vufsw-slope-0151-en-canvas_133479732_section_1_item_1_schoice_4692339750" rshuffle="No">
<material>
<mattext texttype="text/html" charset="utf-8"><![CDATA[
 <strong>Text 1:</strong> 0.258. <strong>Text 2:</strong> from -1 through +1.
]]></mattext>
</material>
</response_label>
</flow_label>
<flow_label class="List">
<response_label ident="vufsw-slope-0151-en-canvas_133479732_section_1_item_1_schoice_8378505672" rshuffle="No">
<material>
<mattext texttype="text/html" charset="utf-8"><![CDATA[
 <strong>Text 1:</strong> 0.258. <strong>Text 2:</strong> from 1 to 7.
]]></mattext>
</material>
</response_label>
</flow_label>
</render_choice>
</response_lid>
</flow>
</presentation>
<resprocessing>
<outcomes>
<decvar varname="SCORE" vartype="Decimal" defaultval="0" minvalue="0" maxvalue="1" cutvalue="1"/>
</outcomes>
<respcondition title="Mastery" continue="No">
<conditionvar>
<and>
<varequal respident="vufsw-slope-0151-en-canvas_133479732_section_1_item_1_schoice_RESPONSE_8195255" case="Yes">vufsw-slope-0151-en-canvas_133479732_section_1_item_1_schoice_1997332211</varequal>
<not> <varequal respident="vufsw-slope-0151-en-canvas_133479732_section_1_item_1_schoice_RESPONSE_8195255" case="Yes">vufsw-slope-0151-en-canvas_133479732_section_1_item_1_schoice_9777411330</varequal> </not>
<not> <varequal respident="vufsw-slope-0151-en-canvas_133479732_section_1_item_1_schoice_RESPONSE_8195255" case="Yes">vufsw-slope-0151-en-canvas_133479732_section_1_item_1_schoice_1627199940</varequal> </not>
<not> <varequal respident="vufsw-slope-0151-en-canvas_133479732_section_1_item_1_schoice_RESPONSE_8195255" case="Yes">vufsw-slope-0151-en-canvas_133479732_section_1_item_1_schoice_4242284090</varequal> </not>
<not> <varequal respident="vufsw-slope-0151-en-canvas_133479732_section_1_item_1_schoice_RESPONSE_8195255" case="Yes">vufsw-slope-0151-en-canvas_133479732_section_1_item_1_schoice_4692339750</varequal> </not>
<not> <varequal respident="vufsw-slope-0151-en-canvas_133479732_section_1_item_1_schoice_RESPONSE_8195255" case="Yes">vufsw-slope-0151-en-canvas_133479732_section_1_item_1_schoice_8378505672</varequal> </not>
</and>
</conditionvar>
<setvar varname="SCORE" action="Set">1</setvar>
<displayfeedback feedbacktype="Response" linkrefid="correct_fb"/>
</respcondition>
<respcondition continue="Yes">
<conditionvar>
<other/>
</conditionvar>
<displayfeedback feedbacktype="Response" linkrefid="general_incorrect_fb"/>
</respcondition>
</resprocessing>
<itemfeedback ident="correct_fb" view="All">
<flow_mat>
<material>
<mattext texttype="text/html"><![CDATA[
<ul>
<li> <strong>Text 1:</strong> 0.029. <strong>Text 2:</strong> from 0 to 1. <br /> False </li>
<li> <strong>Text 1:</strong> 0.029. <strong>Text 2:</strong> from -1 through +1. <br /> False </li>
<li> <strong>Text 1:</strong> 0.258. <strong>Text 2:</strong> from 0 to 1. <br /> False </li>
<li> <strong>Text 1:</strong> 0.029. <strong>Text 2:</strong> from 1 to 7. <br /> True </li>
<li> <strong>Text 1:</strong> 0.258. <strong>Text 2:</strong> from -1 through +1. <br /> False </li>
<li> <strong>Text 1:</strong> 0.258. <strong>Text 2:</strong> from 1 to 7. <br /> False </li>
</ul>
]]></mattext>
</material>
</flow_mat>
</itemfeedback>
<itemfeedback ident="general_incorrect_fb" view="All">
<flow_mat>
<material>
<mattext texttype="text/html"><![CDATA[
<ul>
<li> <strong>Text 1:</strong> 0.029. <strong>Text 2:</strong> from 0 to 1. <br /> False </li>
<li> <strong>Text 1:</strong> 0.029. <strong>Text 2:</strong> from -1 through +1. <br /> False </li>
<li> <strong>Text 1:</strong> 0.258. <strong>Text 2:</strong> from 0 to 1. <br /> False </li>
<li> <strong>Text 1:</strong> 0.029. <strong>Text 2:</strong> from 1 to 7. <br /> True </li>
<li> <strong>Text 1:</strong> 0.258. <strong>Text 2:</strong> from -1 through +1. <br /> False </li>
<li> <strong>Text 1:</strong> 0.258. <strong>Text 2:</strong> from 1 to 7. <br /> False </li>
</ul>
]]></mattext>
</material>
</flow_mat>
</itemfeedback>
</item>


</section>

</assessment>
</questestinterop>
