<?xml version="1.0" encoding="UTF-8"?>
<!DOCTYPE questestinterop SYSTEM "ims_qtiasiv1p2p1.dtd">

<questestinterop xmlns="http://www.imsglobal.org/xsd/ims_qtiasiv1p2" xmlns:xsi="http://www.w3.org/2001/XMLSchema-instance" xsi:schemaLocation="http://www.imsglobal.org/xsd/ims_qtiasiv1p2 http://www.imsglobal.org/xsd/ims_qtiasiv1p2p1.xsd">
<assessment ident="uva-elementary-probability-718-en-canvas_506296123" title="uva-elementary-probability-718-en-canvas">

<qtimetadata>
<qtimetadatafield>
<fieldlabel>cc_maxattempts</fieldlabel>
<fieldentry>1</fieldentry>
</qtimetadatafield>
<qtimetadatafield>
<fieldlabel>qmd_assessmenttype</fieldlabel>
<fieldentry>Assessment</fieldentry>
</qtimetadatafield>
</qtimetadata>
<objectives>
<material>
<mattext><![CDATA[Please solve the following exercises.]]></mattext>
</material>
</objectives>
<assessmentcontrol feedbackswitch="No" hintswitch="No" solutionswitch="Yes"/>
<outcomes_processing scoremodel="SumOfScores">
<outcomes>
<decvar varname="SCORE" vartype="Decimal" cutvalue="0"/>
</outcomes>
</outcomes_processing>
<assessfeedback title="AssessmentFeedback" ident="AssessmentFeedback">
<flow_mat>
<material>
<mattext>##AssessmentFeedback##</mattext>
</material>
</flow_mat>
</assessfeedback>

<section ident="uva-elementary-probability-718-en-canvas_506296123_section_1" title="Exercise">

<objectives>
<material>
<mattext><![CDATA[Please answer the following question.]]></mattext>
</material>
</objectives>
<selection_ordering>
<selection>
<selection_number>1</selection_number>
<selection_extension>
<points_per_item>1</points_per_item>
</selection_extension>
</selection>
<order order_type="Random"/>
</selection_ordering>

<item ident="uva-elementary-probability-718-en-canvas_506296123_section_1_item_1_schoice" title="Question" maxattempts="1">
<itemcontrol feedbackswitch="No" hintswitch="No" solutionswitch="Yes"/>
<itemmetadata>
<qtimetadata>
<qtimetadatafield>
<fieldlabel>question_type</fieldlabel>
<fieldentry>multiple_choice_question</fieldentry>
</qtimetadatafield>
</qtimetadata>
</itemmetadata>
<presentation>
<flow>
<material>
<matbreak/>
<mattext texttype="text/html" charset="utf-8"><![CDATA[
<p>If you simultaneously flip four coins, what is the probability that two coins will have cross above?</p>
]]></mattext>
<matbreak/>
</material>
<response_lid ident="uva-elementary-probability-718-en-canvas_506296123_section_1_item_1_schoice_RESPONSE_7454548" rcardinality="Single" rtiming="No">
<render_choice shuffle="No">
<flow_label class="List">
<response_label ident="uva-elementary-probability-718-en-canvas_506296123_section_1_item_1_schoice_6382503740" rshuffle="No">
<material>
<mattext texttype="text/html" charset="utf-8"><![CDATA[
 <span class="math inline">\(\frac{1}{2}\)</span>
]]></mattext>
</material>
</response_label>
</flow_label>
<flow_label class="List">
<response_label ident="uva-elementary-probability-718-en-canvas_506296123_section_1_item_1_schoice_5125108189" rshuffle="No">
<material>
<mattext texttype="text/html" charset="utf-8"><![CDATA[
 <span class="math inline">\(\frac{1}{3}\)</span>
]]></mattext>
</material>
</response_label>
</flow_label>
<flow_label class="List">
<response_label ident="uva-elementary-probability-718-en-canvas_506296123_section_1_item_1_schoice_8215453909" rshuffle="No">
<material>
<mattext texttype="text/html" charset="utf-8"><![CDATA[
 <span class="math inline">\(\frac{1}{4}\)</span>
]]></mattext>
</material>
</response_label>
</flow_label>
<flow_label class="List">
<response_label ident="uva-elementary-probability-718-en-canvas_506296123_section_1_item_1_schoice_7710934851" rshuffle="No">
<material>
<mattext texttype="text/html" charset="utf-8"><![CDATA[
 <span class="math inline">\(\frac{3}{8}\)</span>
]]></mattext>
</material>
</response_label>
</flow_label>
</render_choice>
</response_lid>
</flow>
</presentation>
<resprocessing>
<outcomes>
<decvar varname="SCORE" vartype="Decimal" defaultval="0" minvalue="0" maxvalue="1" cutvalue="1"/>
</outcomes>
<respcondition title="Mastery" continue="No">
<conditionvar>
<and>
<varequal respident="uva-elementary-probability-718-en-canvas_506296123_section_1_item_1_schoice_RESPONSE_7454548" case="Yes">uva-elementary-probability-718-en-canvas_506296123_section_1_item_1_schoice_7710934851</varequal>
<not> <varequal respident="uva-elementary-probability-718-en-canvas_506296123_section_1_item_1_schoice_RESPONSE_7454548" case="Yes">uva-elementary-probability-718-en-canvas_506296123_section_1_item_1_schoice_6382503740</varequal> </not>
<not> <varequal respident="uva-elementary-probability-718-en-canvas_506296123_section_1_item_1_schoice_RESPONSE_7454548" case="Yes">uva-elementary-probability-718-en-canvas_506296123_section_1_item_1_schoice_5125108189</varequal> </not>
<not> <varequal respident="uva-elementary-probability-718-en-canvas_506296123_section_1_item_1_schoice_RESPONSE_7454548" case="Yes">uva-elementary-probability-718-en-canvas_506296123_section_1_item_1_schoice_8215453909</varequal> </not>
</and>
</conditionvar>
<setvar varname="SCORE" action="Set">1</setvar>
<displayfeedback feedbacktype="Response" linkrefid="correct_fb"/>
</respcondition>
<respcondition continue="Yes">
<conditionvar>
<other/>
</conditionvar>
<displayfeedback feedbacktype="Response" linkrefid="general_incorrect_fb"/>
</respcondition>
</resprocessing>
<itemfeedback ident="correct_fb" view="All">
<flow_mat>
<material>
<mattext texttype="text/html"><![CDATA[
<ul>
<li> <span class="math inline">\(\frac{1}{2}\)</span> <br /> <span class="math inline">\(\frac{1}{2}\)</span>: Incorrect </li>
<li> <span class="math inline">\(\frac{1}{3}\)</span> <br /> <span class="math inline">\(\frac{1}{3}\)</span>: Incorrect </li>
<li> <span class="math inline">\(\frac{1}{4}\)</span> <br /> <span class="math inline">\(\frac{1}{4}\)</span>: Incorrect </li>
<li> <span class="math inline">\(\frac{3}{8}\)</span> <br /> <span class="math inline">\(\frac{3}{8}\)</span>: Correct </li>
</ul>
]]></mattext>
</material>
</flow_mat>
</itemfeedback>
<itemfeedback ident="general_incorrect_fb" view="All">
<flow_mat>
<material>
<mattext texttype="text/html"><![CDATA[
<ul>
<li> <span class="math inline">\(\frac{1}{2}\)</span> <br /> <span class="math inline">\(\frac{1}{2}\)</span>: Incorrect </li>
<li> <span class="math inline">\(\frac{1}{3}\)</span> <br /> <span class="math inline">\(\frac{1}{3}\)</span>: Incorrect </li>
<li> <span class="math inline">\(\frac{1}{4}\)</span> <br /> <span class="math inline">\(\frac{1}{4}\)</span>: Incorrect </li>
<li> <span class="math inline">\(\frac{3}{8}\)</span> <br /> <span class="math inline">\(\frac{3}{8}\)</span>: Correct </li>
</ul>
]]></mattext>
</material>
</flow_mat>
</itemfeedback>
</item>


</section>

</assessment>
</questestinterop>
