<?xml version="1.0" encoding="UTF-8"?>
<!DOCTYPE questestinterop SYSTEM "ims_qtiasiv1p2p1.dtd">

<questestinterop xmlns="http://www.imsglobal.org/xsd/ims_qtiasiv1p2" xmlns:xsi="http://www.w3.org/2001/XMLSchema-instance" xsi:schemaLocation="http://www.imsglobal.org/xsd/ims_qtiasiv1p2 http://www.imsglobal.org/xsd/ims_qtiasiv1p2p1.xsd">
<assessment ident="uva-bayesian-statistics-969-nl-canvas_166172798" title="uva-bayesian-statistics-969-nl-canvas">

<qtimetadata>
<qtimetadatafield>
<fieldlabel>cc_maxattempts</fieldlabel>
<fieldentry>1</fieldentry>
</qtimetadatafield>
<qtimetadatafield>
<fieldlabel>qmd_assessmenttype</fieldlabel>
<fieldentry>Assessment</fieldentry>
</qtimetadatafield>
</qtimetadata>
<objectives>
<material>
<mattext><![CDATA[Please solve the following exercises.]]></mattext>
</material>
</objectives>
<assessmentcontrol feedbackswitch="No" hintswitch="No" solutionswitch="Yes"/>
<outcomes_processing scoremodel="SumOfScores">
<outcomes>
<decvar varname="SCORE" vartype="Decimal" cutvalue="0"/>
</outcomes>
</outcomes_processing>
<assessfeedback title="AssessmentFeedback" ident="AssessmentFeedback">
<flow_mat>
<material>
<mattext>##AssessmentFeedback##</mattext>
</material>
</flow_mat>
</assessfeedback>

<section ident="uva-bayesian-statistics-969-nl-canvas_166172798_section_1" title="Exercise">

<objectives>
<material>
<mattext><![CDATA[Please answer the following question.]]></mattext>
</material>
</objectives>
<selection_ordering>
<selection>
<selection_number>1</selection_number>
<selection_extension>
<points_per_item>1</points_per_item>
</selection_extension>
</selection>
<order order_type="Random"/>
</selection_ordering>

<item ident="uva-bayesian-statistics-969-nl-canvas_166172798_section_1_item_1_schoice" title="Question" maxattempts="1">
<itemcontrol feedbackswitch="No" hintswitch="No" solutionswitch="Yes"/>
<itemmetadata>
<qtimetadata>
<qtimetadatafield>
<fieldlabel>question_type</fieldlabel>
<fieldentry>multiple_choice_question</fieldentry>
</qtimetadatafield>
</qtimetadata>
</itemmetadata>
<presentation>
<flow>
<material>
<matbreak/>
<mattext texttype="text/html" charset="utf-8"><![CDATA[
<p>Vorige week ging Marja naar haar huisarts voor een medisch onderzoek.
Vanmorgen vertelde haar huisarts dat het resultaat positief is ten
aanzien van de ziekte <em>D</em>. In 95% van de gevallen is deze toets
accuraat. Met andere woorden als iemand ziekte <em>D</em> heeft wordt dit in
95% van de gevallen ontdekt met een positief resultaat. En als iemand
geen ziekte <em>D</em> heeft levert dit ook in 95% van de gevallen een
negatieve uitslag op. Eén op de 1000 vrouwen met dezelfde leeftijd als
Marja heeft deze ziekte. Nemen we de gebeurtenissen:<br />
<br />
* <em>D</em> = De ziekte <em>D</em>,<br />
* <em>P</em> = De toets met het positief resultaat.<br />
<br />
Wat is dan de kans P(<em>D</em> en <em>P</em>) dat Marja de ziekte <em>D</em> heeft en de
test ook positief is?</p>
]]></mattext>
<matbreak/>
</material>
<response_lid ident="uva-bayesian-statistics-969-nl-canvas_166172798_section_1_item_1_schoice_RESPONSE_8127302" rcardinality="Single" rtiming="No">
<render_choice shuffle="No">
<flow_label class="List">
<response_label ident="uva-bayesian-statistics-969-nl-canvas_166172798_section_1_item_1_schoice_2101260234" rshuffle="No">
<material>
<mattext texttype="text/html" charset="utf-8"><![CDATA[
 0,0095
]]></mattext>
</material>
</response_label>
</flow_label>
<flow_label class="List">
<response_label ident="uva-bayesian-statistics-969-nl-canvas_166172798_section_1_item_1_schoice_9080210249" rshuffle="No">
<material>
<mattext texttype="text/html" charset="utf-8"><![CDATA[
 0,0025
]]></mattext>
</material>
</response_label>
</flow_label>
<flow_label class="List">
<response_label ident="uva-bayesian-statistics-969-nl-canvas_166172798_section_1_item_1_schoice_4713658550" rshuffle="No">
<material>
<mattext texttype="text/html" charset="utf-8"><![CDATA[
 0,0001
]]></mattext>
</material>
</response_label>
</flow_label>
<flow_label class="List">
<response_label ident="uva-bayesian-statistics-969-nl-canvas_166172798_section_1_item_1_schoice_4965748176" rshuffle="No">
<material>
<mattext texttype="text/html" charset="utf-8"><![CDATA[
 0,9025
]]></mattext>
</material>
</response_label>
</flow_label>
</render_choice>
</response_lid>
</flow>
</presentation>
<resprocessing>
<outcomes>
<decvar varname="SCORE" vartype="Decimal" defaultval="0" minvalue="0" maxvalue="1" cutvalue="1"/>
</outcomes>
<respcondition title="Mastery" continue="No">
<conditionvar>
<and>
<varequal respident="uva-bayesian-statistics-969-nl-canvas_166172798_section_1_item_1_schoice_RESPONSE_8127302" case="Yes">uva-bayesian-statistics-969-nl-canvas_166172798_section_1_item_1_schoice_2101260234</varequal>
<not> <varequal respident="uva-bayesian-statistics-969-nl-canvas_166172798_section_1_item_1_schoice_RESPONSE_8127302" case="Yes">uva-bayesian-statistics-969-nl-canvas_166172798_section_1_item_1_schoice_9080210249</varequal> </not>
<not> <varequal respident="uva-bayesian-statistics-969-nl-canvas_166172798_section_1_item_1_schoice_RESPONSE_8127302" case="Yes">uva-bayesian-statistics-969-nl-canvas_166172798_section_1_item_1_schoice_4713658550</varequal> </not>
<not> <varequal respident="uva-bayesian-statistics-969-nl-canvas_166172798_section_1_item_1_schoice_RESPONSE_8127302" case="Yes">uva-bayesian-statistics-969-nl-canvas_166172798_section_1_item_1_schoice_4965748176</varequal> </not>
</and>
</conditionvar>
<setvar varname="SCORE" action="Set">1</setvar>
<displayfeedback feedbacktype="Response" linkrefid="correct_fb"/>
</respcondition>
<respcondition continue="Yes">
<conditionvar>
<other/>
</conditionvar>
<displayfeedback feedbacktype="Response" linkrefid="general_incorrect_fb"/>
</respcondition>
</resprocessing>
<itemfeedback ident="correct_fb" view="All">
<flow_mat>
<material>
<mattext texttype="text/html"><![CDATA[
<ul>
<li> 0,0095 <br /> 0,0095: Correct </li>
<li> 0,0025 <br /> 0,0025: Incorrect </li>
<li> 0,0001 <br /> 0,0001: Incorrect </li>
<li> 0,9025 <br /> 0,9025: Incorrect </li>
</ul>
]]></mattext>
</material>
</flow_mat>
</itemfeedback>
<itemfeedback ident="general_incorrect_fb" view="All">
<flow_mat>
<material>
<mattext texttype="text/html"><![CDATA[
<ul>
<li> 0,0095 <br /> 0,0095: Correct </li>
<li> 0,0025 <br /> 0,0025: Incorrect </li>
<li> 0,0001 <br /> 0,0001: Incorrect </li>
<li> 0,9025 <br /> 0,9025: Incorrect </li>
</ul>
]]></mattext>
</material>
</flow_mat>
</itemfeedback>
</item>


</section>

</assessment>
</questestinterop>
