<?xml version="1.0" encoding="UTF-8"?>
<assessmentItem xsi:schemaLocation="http://www.imsglobal.org/xsd/imsqti_v2p1 http://www.imsglobal.org/xsd/qti/qtiv2p1/imsqti_v2p1p1.xsd http://www.w3.org/1998/Math/MathML http://www.w3.org/Math/XMLSchema/mathml2/mathml2.xsd" identifier="uva-elementary-probability-978-nl-ans_287021745_section_1_item_1_schoice" title="Probability_uva-elementary-probability-978-nl_uva-elementary-probability-978-nl_schoice_1" adaptive="false" timeDependent="false" xmlns="http://www.imsglobal.org/xsd/imsqti_v2p1" xmlns:xsi="http://www.w3.org/2001/XMLSchema-instance">
<responseDeclaration identifier="uva-elementary-probability-978-nl-ans_287021745_section_1_item_1_schoice_RESPONSE_1_4402613" cardinality="single" baseType="identifier">
<correctResponse>
<value>uva-elementary-probability-978-nl-ans_287021745_section_1_item_1_schoice_4_7159394063</value>
</correctResponse>
<mapping defaultValue="0" lowerBound="0.0">
<mapEntry mapKey="uva-elementary-probability-978-nl-ans_287021745_section_1_item_1_schoice_1_1099464682" mappedValue="0"/>
<mapEntry mapKey="uva-elementary-probability-978-nl-ans_287021745_section_1_item_1_schoice_2_2815432672" mappedValue="0"/>
<mapEntry mapKey="uva-elementary-probability-978-nl-ans_287021745_section_1_item_1_schoice_3_6824487862" mappedValue="0"/>
<mapEntry mapKey="uva-elementary-probability-978-nl-ans_287021745_section_1_item_1_schoice_4_7159394063" mappedValue="1"/>
</mapping>
</responseDeclaration>
<outcomeDeclaration identifier="SCORE" cardinality="single" baseType="float" normalMaximum="1" normalMinimum="0">
<defaultValue>
<value>0.0</value>
</defaultValue>
</outcomeDeclaration>
<outcomeDeclaration identifier="MAXSCORE" cardinality="single" baseType="float">
<defaultValue>
<value>1</value>
</defaultValue>
</outcomeDeclaration>
<outcomeDeclaration identifier="FEEDBACKBASIC" cardinality="single" baseType="identifier" view="testConstructor">
<defaultValue>
<value>empty</value>
</defaultValue>
</outcomeDeclaration>
<outcomeDeclaration identifier="FEEDBACKMODAL" cardinality="multiple" baseType="identifier" view="testConstructor"/>
<outcomeDeclaration identifier="SOLUTIONMODAL" cardinality="single" baseType="identifier" view="testConstructor"/>
<outcomeDeclaration identifier="MINSCORE" cardinality="single" baseType="float">
<defaultValue>
<value baseType="float">0</value>
</defaultValue>
</outcomeDeclaration>
<outcomeDeclaration identifier="SCORE_RESPONSE_1" cardinality="single" baseType="float">
<defaultValue>
<value>0.0</value>
</defaultValue>
</outcomeDeclaration>
<outcomeDeclaration identifier="MINSCORE_RESPONSE_1" cardinality="single" baseType="float">
<defaultValue>
<value>0.0</value>
</defaultValue>
</outcomeDeclaration>
<itemBody>
<p>We nemen aan dat de geboorte van elk kind een onafhankelijke gebeurtenis
is. Een stel wil drie kinderen hebben. Wat is dan de kans dat deze
familie twee jongens en een meisje krijgt in willekeurige volgorde?</p>
<choiceInteraction responseIdentifier="uva-elementary-probability-978-nl-ans_287021745_section_1_item_1_schoice_RESPONSE_1_4402613" shuffle="false" maxChoices="1">
<simpleChoice identifier="uva-elementary-probability-978-nl-ans_287021745_section_1_item_1_schoice_1_1099464682">
<p>
 1/3
</p>
</simpleChoice>
<simpleChoice identifier="uva-elementary-probability-978-nl-ans_287021745_section_1_item_1_schoice_2_2815432672">
<p>
 2/3
</p>
</simpleChoice>
<simpleChoice identifier="uva-elementary-probability-978-nl-ans_287021745_section_1_item_1_schoice_3_6824487862">
<p>
 1/8
</p>
</simpleChoice>
<simpleChoice identifier="uva-elementary-probability-978-nl-ans_287021745_section_1_item_1_schoice_4_7159394063">
<p>
 3/8
</p>
</simpleChoice>
</choiceInteraction>
</itemBody>
<responseProcessing>
<setOutcomeValue identifier="SCORE_RESPONSE_1">
<sum>
<variable identifier="SCORE_RESPONSE_1"/>
<mapResponse identifier="uva-elementary-probability-978-nl-ans_287021745_section_1_item_1_schoice_RESPONSE_1_4402613"/>
</sum>
</setOutcomeValue>
<responseCondition>
<responseIf>
<lt>
<variable identifier="SCORE_RESPONSE_1"/>
<variable identifier="MINSCORE_RESPONSE_1"/>
</lt>
<setOutcomeValue identifier="SCORE_RESPONSE_1">
<variable identifier="MINSCORE_RESPONSE_1"/>
</setOutcomeValue>
</responseIf>
</responseCondition>
<responseCondition>
<responseIf>
<isNull>
<variable identifier="uva-elementary-probability-978-nl-ans_287021745_section_1_item_1_schoice_RESPONSE_1_4402613"/>
</isNull>
<setOutcomeValue identifier="SCORE_RESPONSE_1">
<sum>
<variable identifier="SCORE_RESPONSE_1"/>
<baseValue baseType="float">0</baseValue>
</sum>
</setOutcomeValue>
</responseIf>
</responseCondition>
<setOutcomeValue identifier="SCORE">
<sum>
<variable identifier="SCORE_RESPONSE_1"/>
</sum>
</setOutcomeValue>
<responseCondition>
<responseIf>
<lt>
<variable identifier="SCORE"/>
<variable identifier="MINSCORE"/>
</lt>
<setOutcomeValue identifier="SCORE">
<variable identifier="MINSCORE"/>
</setOutcomeValue>
</responseIf>
</responseCondition>
<responseCondition>
<responseIf>
<lt>
<variable identifier="SCORE"/>
<baseValue baseType="float">1</baseValue>
</lt>
<setOutcomeValue identifier="FEEDBACKMODAL">
<multiple>
<variable identifier="FEEDBACKMODAL"/>
<baseValue baseType="identifier">Feedback191404499</baseValue>
</multiple>
</setOutcomeValue>
</responseIf>
</responseCondition>
</responseProcessing>
<modalFeedback outcomeIdentifier="FEEDBACK" showHide="show" identifier="incorrect">
<ul>
<li> 1/3 <br /> 1/3: Incorrect </li>
<li> 2/3 <br /> 2/3: Incorrect </li>
<li> 1/8 <br /> 1/8: Incorrect </li>
<li> 3/8 <br /> 3/8: Correct </li>
</ul>
</modalFeedback>
</assessmentItem>
