<?xml version="1.0" encoding="UTF-8"?>
<assessmentItem xsi:schemaLocation="http://www.imsglobal.org/xsd/imsqti_v2p1 http://www.imsglobal.org/xsd/qti/qtiv2p1/imsqti_v2p1p1.xsd http://www.w3.org/1998/Math/MathML http://www.w3.org/Math/XMLSchema/mathml2/mathml2.xsd" identifier="uva-measures-of-location-46-en-qti_406035300_section_1_item_1_schoice" title="1" adaptive="false" timeDependent="false" xmlns="http://www.imsglobal.org/xsd/imsqti_v2p1" xmlns:xsi="http://www.w3.org/2001/XMLSchema-instance">
<responseDeclaration identifier="uva-measures-of-location-46-en-qti_406035300_section_1_item_1_schoice_RESPONSE_1_9983944" cardinality="single" baseType="identifier">
<correctResponse>
<value>uva-measures-of-location-46-en-qti_406035300_section_1_item_1_schoice_3_1438537581</value>
</correctResponse>
<mapping defaultValue="0" lowerBound="0.0">
<mapEntry mapKey="uva-measures-of-location-46-en-qti_406035300_section_1_item_1_schoice_1_7823875037" mappedValue="0"/>
<mapEntry mapKey="uva-measures-of-location-46-en-qti_406035300_section_1_item_1_schoice_2_2910359434" mappedValue="0"/>
<mapEntry mapKey="uva-measures-of-location-46-en-qti_406035300_section_1_item_1_schoice_3_1438537581" mappedValue="1"/>
</mapping>
</responseDeclaration>
<outcomeDeclaration identifier="SCORE" cardinality="single" baseType="float" normalMaximum="1" normalMinimum="0">
<defaultValue>
<value>0.0</value>
</defaultValue>
</outcomeDeclaration>
<outcomeDeclaration identifier="MAXSCORE" cardinality="single" baseType="float">
<defaultValue>
<value>1</value>
</defaultValue>
</outcomeDeclaration>
<outcomeDeclaration identifier="FEEDBACKBASIC" cardinality="single" baseType="identifier" view="testConstructor">
<defaultValue>
<value>empty</value>
</defaultValue>
</outcomeDeclaration>
<outcomeDeclaration identifier="FEEDBACKMODAL" cardinality="multiple" baseType="identifier" view="testConstructor"/>
<outcomeDeclaration identifier="SOLUTIONMODAL" cardinality="single" baseType="identifier" view="testConstructor"/>
<outcomeDeclaration identifier="MINSCORE" cardinality="single" baseType="float">
<defaultValue>
<value baseType="float">0</value>
</defaultValue>
</outcomeDeclaration>
<outcomeDeclaration identifier="SCORE_RESPONSE_1" cardinality="single" baseType="float">
<defaultValue>
<value>0.0</value>
</defaultValue>
</outcomeDeclaration>
<outcomeDeclaration identifier="MINSCORE_RESPONSE_1" cardinality="single" baseType="float">
<defaultValue>
<value>0.0</value>
</defaultValue>
</outcomeDeclaration>
<itemBody>
<p>For a confidence interval for the difference between two proportions, the <em>margin of error</em> increases when (a) the confidence level decreases and b) the sample size in both groups increases.</p>
<choiceInteraction responseIdentifier="uva-measures-of-location-46-en-qti_406035300_section_1_item_1_schoice_RESPONSE_1_9983944" shuffle="false" maxChoices="1">
<simpleChoice identifier="uva-measures-of-location-46-en-qti_406035300_section_1_item_1_schoice_1_7823875037">
<p>
 A is TRUE and b is false.
</p>
</simpleChoice>
<simpleChoice identifier="uva-measures-of-location-46-en-qti_406035300_section_1_item_1_schoice_2_2910359434">
<p>
 A is false and b is true.
</p>
</simpleChoice>
<simpleChoice identifier="uva-measures-of-location-46-en-qti_406035300_section_1_item_1_schoice_3_1438537581">
<p>
 Both are false.
</p>
</simpleChoice>
</choiceInteraction>
</itemBody>
<responseProcessing>
<setOutcomeValue identifier="SCORE_RESPONSE_1">
<sum>
<variable identifier="SCORE_RESPONSE_1"/>
<mapResponse identifier="uva-measures-of-location-46-en-qti_406035300_section_1_item_1_schoice_RESPONSE_1_9983944"/>
</sum>
</setOutcomeValue>
<responseCondition>
<responseIf>
<lt>
<variable identifier="SCORE_RESPONSE_1"/>
<variable identifier="MINSCORE_RESPONSE_1"/>
</lt>
<setOutcomeValue identifier="SCORE_RESPONSE_1">
<variable identifier="MINSCORE_RESPONSE_1"/>
</setOutcomeValue>
</responseIf>
</responseCondition>
<responseCondition>
<responseIf>
<isNull>
<variable identifier="uva-measures-of-location-46-en-qti_406035300_section_1_item_1_schoice_RESPONSE_1_9983944"/>
</isNull>
<setOutcomeValue identifier="SCORE_RESPONSE_1">
<sum>
<variable identifier="SCORE_RESPONSE_1"/>
<baseValue baseType="float">0</baseValue>
</sum>
</setOutcomeValue>
</responseIf>
</responseCondition>
<setOutcomeValue identifier="SCORE">
<sum>
<variable identifier="SCORE_RESPONSE_1"/>
</sum>
</setOutcomeValue>
<responseCondition>
<responseIf>
<lt>
<variable identifier="SCORE"/>
<variable identifier="MINSCORE"/>
</lt>
<setOutcomeValue identifier="SCORE">
<variable identifier="MINSCORE"/>
</setOutcomeValue>
</responseIf>
</responseCondition>
<responseCondition>
<responseIf>
<lt>
<variable identifier="SCORE"/>
<baseValue baseType="float">1</baseValue>
</lt>
<setOutcomeValue identifier="FEEDBACKMODAL">
<multiple>
<variable identifier="FEEDBACKMODAL"/>
<baseValue baseType="identifier">Feedback432711161</baseValue>
</multiple>
</setOutcomeValue>
</responseIf>
</responseCondition>
</responseProcessing>
<modalFeedback identifier="Feedback432711161" outcomeIdentifier="FEEDBACKMODAL" showHide="show">
<ul>
<li> A is TRUE and b is false. <br /> A is TRUE and b is false: Incorrect </li>
<li> A is false and b is true. <br /> A is false and b is true: Incorrect </li>
<li> Both are false. <br /> Both are false: Correct </li>
</ul>
</modalFeedback>
</assessmentItem>
