<?xml version="1.0" encoding="utf-8" standalone="yes"?>
<assessmentItem identifier="vufsw-chisquared-0112-nl-tv_202307180612_item_1_schoice" title="vufsw-chisquared-0112-nl-tv_202307180612_item_1_schoice_vufsw-chisquared-0112-nl" adaptive="false" timeDependent="false" toolName="Testvision Online" toolVersion="39.0.9084" xmlns="http://www.imsglobal.org/xsd/imsqti_v2p1">
<responseDeclaration identifier="RESPONSE" cardinality="single" baseType="identifier">
<correctResponse>
<value>alt_177431</value>
</correctResponse>
<mapping defaultValue="0" lowerBound="0.0">
<mapEntry mapKey="alt_177431" mappedValue="1"/>
<mapEntry mapKey="alt_685752" mappedValue="-0.333333333333333"/>
<mapEntry mapKey="alt_403296" mappedValue="-0.333333333333333"/>
<mapEntry mapKey="alt_137519" mappedValue="-0.333333333333333"/>
</mapping>
</responseDeclaration>
<outcomeDeclaration identifier="SCORE" cardinality="single" baseType="float" normalMaximum="1" normalMinimum="0" />
<outcomeDeclaration identifier="FEEDBACK" cardinality="single" baseType="identifier" />
<itemBody>
<p>De volgende vragen gaan over de gegevens van 1770 mensen (N=1770) die op
straat ondervraagd zijn over hun contact en ervaringen met de politie.
Deze gegevens zijn afkomstig van een grootschalig onderzoek onder de
Amsterdamse bevolking dat werd opgezet door Anne Wester (Talentenlab) en
Jair Schalkwijk (Controle Alt Delete). FSW studenten hebben tijdens de
cursus “Methodologie van sociaal-wetenschappelijk onderzoek” in 2019 een
zeer belangrijke bijdrage geleverd aan de uitvoering van dit onderzoek
door het afnemen van de straat-enquêtes.</p>
<p>De survey bevatte onder andere de vraag of iemand gedurende de afgelopen
12 maanden wel eens contact heeft gehad met de politie (ja of nee).
Indien iemand aangaf contact te hebben gehad, werd de vervolgvraag
gesteld hoe het laatste contact tot stand kwam: kwam de politie naar de
respondent, of ging de respondent zelf naar de politie toe?</p>
<p>Respondenten beantwoordden ook een vraag over hun leeftijd. Op basis
hiervan heeft de onderzoeker de respondenten ingedeeld in vijf
leeftijdscategorieën.</p>
<p>Op basis van bovengenoemde twee variabelen wil de onderzoeker nagaan of
er een verband bestaat tussen leeftijd en contact met de politie. De
gegevens hierover staan in Tabel 1.</p>
<p>Bekijk de cel met de respondenten in de leeftijdscategorie van 20 t/m 34
jaar die het afgelopen jaar contact hebben gehad met de politie, waarbij
de politie tijdens het laatste contact naar de respondent kwam (262
respondenten). Het gestandaardiseerde residu van deze cel is 4,2. Hoe
moeten we dit getal interpreteren?</p>
<p>Tabel 1: De samenhang tussen leeftijd en contact met politie.
Geobserveerde aantallen, met gestandaardiseerd residu (<em>standardized
residual</em>) tussen haakjes.<br />
<img src="1643016226841.png" class="fr-fic fr-dii tvcss_2"
alt="1643016226841" /></p>
<choiceInteraction responseIdentifier="RESPONSE" shuffle="false" maxChoices="1">
<simpleChoice identifier="alt_177431">
<div class="textblock tvblock tvcss_1"><div class="rte_zone tveditor1">
 Er zijn meer respondenten in deze cel dan je zou verwachten als er <em>geen</em> enkele samenhang zou zijn tussen leeftijd en contact met politie. Dit verschil is significant (indien we een significantieniveau van 5% hanteren), want de waarde 4,2 is groter dan 1,96.
</div>
</div>
</simpleChoice>
<simpleChoice identifier="alt_685752">
<div class="textblock tvblock tvcss_1"><div class="rte_zone tveditor1">
 Er zijn minder respondenten in deze cel dan je zou verwachten als er <em>geen</em> enkele samenhang zou zijn tussen leeftijd en contact met politie. Dit verschil is echter niet significant (indien we een significantieniveau van 5% hanteren), want de waarde 4,2 is groter dan 1,96.
</div>
</div>
</simpleChoice>
<simpleChoice identifier="alt_403296">
<div class="textblock tvblock tvcss_1"><div class="rte_zone tveditor1">
 Er zijn minder respondenten in deze cel dan je zou verwachten als er <em>geen</em> enkele samenhang zou zijn tussen leeftijd en contact met politie. Dit verschil is significant (indien we een significantieniveau van 5% hanteren), want de waarde 4,2 is groter dan 1,96.
</div>
</div>
</simpleChoice>
<simpleChoice identifier="alt_137519">
<div class="textblock tvblock tvcss_1"><div class="rte_zone tveditor1">
 Er zijn meer respondenten in deze cel dan je zou verwachten als er <em>geen</em> enkele samenhang zou zijn tussen leeftijd en contact met politie. Dit verschil is echter niet significant (indien we een significantieniveau van 5% hanteren), want de waarde 4,2 is groter dan 1,96.
</div>
</div>
</simpleChoice>
</choiceInteraction>
</itemBody>
<responseProcessing>
<responseCondition>
<responseIf>
<isNull>
<variable identifier="RESPONSE"/>
</isNull>
<setOutcomeValue identifier="SCORE">
<baseValue baseType="float">0.0</baseValue>
</setOutcomeValue>
<setOutcomeValue identifier="FEEDBACK">
<baseValue baseType="identifier">FAILURE</baseValue>
</setOutcomeValue>
</responseIf>
<responseElse>
<setOutcomeValue identifier="SCORE">
<mapResponse identifier="RESPONSE"/>
</setOutcomeValue>
<responseCondition>
<responseIf>
<equal toleranceMode="relative" tolerance="0.001">
<variable identifier="SCORE"/>
<variable identifier="MAXSCORE"/>
</equal>
<setOutcomeValue identifier="FEEDBACK">
<baseValue baseType="identifier">ANSWER_CORRECT</baseValue>
</setOutcomeValue>
</responseIf>
<responseElse>
<setOutcomeValue identifier="FEEDBACK">
<baseValue baseType="identifier">FAILURE</baseValue>
</setOutcomeValue>
</responseElse>
</responseCondition>
</responseElse>
</responseCondition>
</responseProcessing>
<modalFeedback identifier="FAILURE" outcomeIdentifier="FEEDBACK" showHide="show">
<div class="textblock tvblock tvcss_1"><div class="rte_zone tveditor1">
 Er zijn meer respondenten in deze cel dan je zou verwachten als er <em>geen</em> enkele samenhang zou zijn tussen leeftijd en contact met politie. Dit verschil is significant (indien we een significantieniveau van 5% hanteren), want de waarde 4,2 is groter dan 1,96. <br /> True 
 Er zijn minder respondenten in deze cel dan je zou verwachten als er <em>geen</em> enkele samenhang zou zijn tussen leeftijd en contact met politie. Dit verschil is echter niet significant (indien we een significantieniveau van 5% hanteren), want de waarde 4,2 is groter dan 1,96. <br /> False 
 Er zijn minder respondenten in deze cel dan je zou verwachten als er <em>geen</em> enkele samenhang zou zijn tussen leeftijd en contact met politie. Dit verschil is significant (indien we een significantieniveau van 5% hanteren), want de waarde 4,2 is groter dan 1,96. <br /> False 
 Er zijn meer respondenten in deze cel dan je zou verwachten als er <em>geen</em> enkele samenhang zou zijn tussen leeftijd en contact met politie. Dit verschil is echter niet significant (indien we een significantieniveau van 5% hanteren), want de waarde 4,2 is groter dan 1,96. <br /> False 
</div>
</div>
</modalFeedback>
<modalFeedback identifier="ANSWER_CORRECT" outcomeIdentifier="FEEDBACK" showHide="show">
<div class="textblock tvblock tvcss_1"><div class="rte_zone tveditor1">
 Er zijn meer respondenten in deze cel dan je zou verwachten als er <em>geen</em> enkele samenhang zou zijn tussen leeftijd en contact met politie. Dit verschil is significant (indien we een significantieniveau van 5% hanteren), want de waarde 4,2 is groter dan 1,96. <br /> True 
 Er zijn minder respondenten in deze cel dan je zou verwachten als er <em>geen</em> enkele samenhang zou zijn tussen leeftijd en contact met politie. Dit verschil is echter niet significant (indien we een significantieniveau van 5% hanteren), want de waarde 4,2 is groter dan 1,96. <br /> False 
 Er zijn minder respondenten in deze cel dan je zou verwachten als er <em>geen</em> enkele samenhang zou zijn tussen leeftijd en contact met politie. Dit verschil is significant (indien we een significantieniveau van 5% hanteren), want de waarde 4,2 is groter dan 1,96. <br /> False 
 Er zijn meer respondenten in deze cel dan je zou verwachten als er <em>geen</em> enkele samenhang zou zijn tussen leeftijd en contact met politie. Dit verschil is echter niet significant (indien we een significantieniveau van 5% hanteren), want de waarde 4,2 is groter dan 1,96. <br /> False 
</div>
</div>
</modalFeedback>
<modalFeedback identifier="PARTIAL_CORRECT" outcomeIdentifier="FEEDBACK" showHide="show">
<div class="textblock tvblock tvcss_1"><div class="rte_zone tveditor1">
 Er zijn meer respondenten in deze cel dan je zou verwachten als er <em>geen</em> enkele samenhang zou zijn tussen leeftijd en contact met politie. Dit verschil is significant (indien we een significantieniveau van 5% hanteren), want de waarde 4,2 is groter dan 1,96. <br /> True 
 Er zijn minder respondenten in deze cel dan je zou verwachten als er <em>geen</em> enkele samenhang zou zijn tussen leeftijd en contact met politie. Dit verschil is echter niet significant (indien we een significantieniveau van 5% hanteren), want de waarde 4,2 is groter dan 1,96. <br /> False 
 Er zijn minder respondenten in deze cel dan je zou verwachten als er <em>geen</em> enkele samenhang zou zijn tussen leeftijd en contact met politie. Dit verschil is significant (indien we een significantieniveau van 5% hanteren), want de waarde 4,2 is groter dan 1,96. <br /> False 
 Er zijn meer respondenten in deze cel dan je zou verwachten als er <em>geen</em> enkele samenhang zou zijn tussen leeftijd en contact met politie. Dit verschil is echter niet significant (indien we een significantieniveau van 5% hanteren), want de waarde 4,2 is groter dan 1,96. <br /> False 
</div>
</div>
</modalFeedback>
</assessmentItem>
