<?xml version="1.0" encoding="UTF-8"?>
<assessmentItem xsi:schemaLocation="http://www.imsglobal.org/xsd/imsqti_v2p1 http://www.imsglobal.org/xsd/qti/qtiv2p1/imsqti_v2p1p1.xsd http://www.w3.org/1998/Math/MathML http://www.w3.org/Math/XMLSchema/mathml2/mathml2.xsd" identifier="uva-equation-1943-nl-qti_166278106_section_1_item_1_schoice" title="1" adaptive="false" timeDependent="false" xmlns="http://www.imsglobal.org/xsd/imsqti_v2p1" xmlns:xsi="http://www.w3.org/2001/XMLSchema-instance">
<responseDeclaration identifier="uva-equation-1943-nl-qti_166278106_section_1_item_1_schoice_RESPONSE_1_5880187" cardinality="single" baseType="identifier">
<correctResponse>
<value>uva-equation-1943-nl-qti_166278106_section_1_item_1_schoice_3_7157749113</value>
</correctResponse>
<mapping defaultValue="0" lowerBound="0.0">
<mapEntry mapKey="uva-equation-1943-nl-qti_166278106_section_1_item_1_schoice_1_8264774154" mappedValue="0"/>
<mapEntry mapKey="uva-equation-1943-nl-qti_166278106_section_1_item_1_schoice_2_5007733366" mappedValue="0"/>
<mapEntry mapKey="uva-equation-1943-nl-qti_166278106_section_1_item_1_schoice_3_7157749113" mappedValue="1"/>
</mapping>
</responseDeclaration>
<outcomeDeclaration identifier="SCORE" cardinality="single" baseType="float" normalMaximum="1" normalMinimum="0">
<defaultValue>
<value>0.0</value>
</defaultValue>
</outcomeDeclaration>
<outcomeDeclaration identifier="MAXSCORE" cardinality="single" baseType="float">
<defaultValue>
<value>1</value>
</defaultValue>
</outcomeDeclaration>
<outcomeDeclaration identifier="FEEDBACKBASIC" cardinality="single" baseType="identifier" view="testConstructor">
<defaultValue>
<value>empty</value>
</defaultValue>
</outcomeDeclaration>
<outcomeDeclaration identifier="FEEDBACKMODAL" cardinality="multiple" baseType="identifier" view="testConstructor"/>
<outcomeDeclaration identifier="SOLUTIONMODAL" cardinality="single" baseType="identifier" view="testConstructor"/>
<outcomeDeclaration identifier="MINSCORE" cardinality="single" baseType="float">
<defaultValue>
<value baseType="float">0</value>
</defaultValue>
</outcomeDeclaration>
<outcomeDeclaration identifier="SCORE_RESPONSE_1" cardinality="single" baseType="float">
<defaultValue>
<value>0.0</value>
</defaultValue>
</outcomeDeclaration>
<outcomeDeclaration identifier="MINSCORE_RESPONSE_1" cardinality="single" baseType="float">
<defaultValue>
<value>0.0</value>
</defaultValue>
</outcomeDeclaration>
<itemBody>
<p>We hebben een regressievergelijking <math display="inline" xmlns="http://www.w3.org/1998/Math/MathML"><semantics><mrow><mover><mi>y</mi><mo accent="true">̂</mo></mover><mo>=</mo><mn>2</mn><mo>+</mo><mn>4</mn><msub><mi>x</mi><mn>1</mn></msub><mo>+</mo><mn>3</mn><msub><mi>x</mi><mn>2</mn></msub><mo>+</mo><mn>5</mn><msub><mi>x</mi><mn>3</mn></msub></mrow><annotation encoding="application/x-tex">\hat{y} = 2 + 4x_{1} + 3x_{2} + 5x_{3}</annotation></semantics></math> We controleren voor <em>x</em><sub>1</sub> en <em>x</em><sub>2</sub>. Wat is de
toename in voorspelde <em>y</em> indien we voor <em>x</em><sub>3</sub> van 3 naar 7 gaan?</p>
<choiceInteraction responseIdentifier="uva-equation-1943-nl-qti_166278106_section_1_item_1_schoice_RESPONSE_1_5880187" shuffle="false" maxChoices="1">
<simpleChoice identifier="uva-equation-1943-nl-qti_166278106_section_1_item_1_schoice_1_8264774154">
<p>
 4
</p>
</simpleChoice>
<simpleChoice identifier="uva-equation-1943-nl-qti_166278106_section_1_item_1_schoice_2_5007733366">
<p>
 16
</p>
</simpleChoice>
<simpleChoice identifier="uva-equation-1943-nl-qti_166278106_section_1_item_1_schoice_3_7157749113">
<p>
 20
</p>
</simpleChoice>
</choiceInteraction>
</itemBody>
<responseProcessing>
<setOutcomeValue identifier="SCORE_RESPONSE_1">
<sum>
<variable identifier="SCORE_RESPONSE_1"/>
<mapResponse identifier="uva-equation-1943-nl-qti_166278106_section_1_item_1_schoice_RESPONSE_1_5880187"/>
</sum>
</setOutcomeValue>
<responseCondition>
<responseIf>
<lt>
<variable identifier="SCORE_RESPONSE_1"/>
<variable identifier="MINSCORE_RESPONSE_1"/>
</lt>
<setOutcomeValue identifier="SCORE_RESPONSE_1">
<variable identifier="MINSCORE_RESPONSE_1"/>
</setOutcomeValue>
</responseIf>
</responseCondition>
<responseCondition>
<responseIf>
<isNull>
<variable identifier="uva-equation-1943-nl-qti_166278106_section_1_item_1_schoice_RESPONSE_1_5880187"/>
</isNull>
<setOutcomeValue identifier="SCORE_RESPONSE_1">
<sum>
<variable identifier="SCORE_RESPONSE_1"/>
<baseValue baseType="float">0</baseValue>
</sum>
</setOutcomeValue>
</responseIf>
</responseCondition>
<setOutcomeValue identifier="SCORE">
<sum>
<variable identifier="SCORE_RESPONSE_1"/>
</sum>
</setOutcomeValue>
<responseCondition>
<responseIf>
<lt>
<variable identifier="SCORE"/>
<variable identifier="MINSCORE"/>
</lt>
<setOutcomeValue identifier="SCORE">
<variable identifier="MINSCORE"/>
</setOutcomeValue>
</responseIf>
</responseCondition>
<responseCondition>
<responseIf>
<lt>
<variable identifier="SCORE"/>
<baseValue baseType="float">1</baseValue>
</lt>
<setOutcomeValue identifier="FEEDBACKMODAL">
<multiple>
<variable identifier="FEEDBACKMODAL"/>
<baseValue baseType="identifier">Feedback152269857</baseValue>
</multiple>
</setOutcomeValue>
</responseIf>
</responseCondition>
</responseProcessing>
<modalFeedback identifier="Feedback152269857" outcomeIdentifier="FEEDBACKMODAL" showHide="show">
<p>Het correcte antwoord is:</p>
<ul>
<li>20</li>
</ul>
</modalFeedback>
</assessmentItem>
