<?xml version="1.0" encoding="UTF-8"?>
<!DOCTYPE questestinterop SYSTEM "ims_qtiasiv1p2p1.dtd">

<questestinterop xmlns="http://www.imsglobal.org/xsd/ims_qtiasiv1p2" xmlns:xsi="http://www.w3.org/2001/XMLSchema-instance" xsi:schemaLocation="http://www.imsglobal.org/xsd/ims_qtiasiv1p2 http://www.imsglobal.org/xsd/ims_qtiasiv1p2p1.xsd">
<assessment ident="uva-rules-for-expected-values-466-en-canvas_819418609" title="uva-rules-for-expected-values-466-en-canvas">

<qtimetadata>
<qtimetadatafield>
<fieldlabel>cc_maxattempts</fieldlabel>
<fieldentry>1</fieldentry>
</qtimetadatafield>
<qtimetadatafield>
<fieldlabel>qmd_assessmenttype</fieldlabel>
<fieldentry>Assessment</fieldentry>
</qtimetadatafield>
</qtimetadata>
<objectives>
<material>
<mattext><![CDATA[Please solve the following exercises.]]></mattext>
</material>
</objectives>
<assessmentcontrol feedbackswitch="No" hintswitch="No" solutionswitch="Yes"/>
<outcomes_processing scoremodel="SumOfScores">
<outcomes>
<decvar varname="SCORE" vartype="Decimal" cutvalue="0"/>
</outcomes>
</outcomes_processing>
<assessfeedback title="AssessmentFeedback" ident="AssessmentFeedback">
<flow_mat>
<material>
<mattext>##AssessmentFeedback##</mattext>
</material>
</flow_mat>
</assessfeedback>

<section ident="uva-rules-for-expected-values-466-en-canvas_819418609_section_1" title="Exercise">

<objectives>
<material>
<mattext><![CDATA[Please answer the following question.]]></mattext>
</material>
</objectives>
<selection_ordering>
<selection>
<selection_number>1</selection_number>
<selection_extension>
<points_per_item>1</points_per_item>
</selection_extension>
</selection>
<order order_type="Random"/>
</selection_ordering>

<item ident="uva-rules-for-expected-values-466-en-canvas_819418609_section_1_item_1_schoice" title="Question" maxattempts="1">
<itemcontrol feedbackswitch="No" hintswitch="No" solutionswitch="Yes"/>
<itemmetadata>
<qtimetadata>
<qtimetadatafield>
<fieldlabel>question_type</fieldlabel>
<fieldentry>multiple_choice_question</fieldentry>
</qtimetadatafield>
</qtimetadata>
</itemmetadata>
<presentation>
<flow>
<material>
<matbreak/>
<mattext texttype="text/html" charset="utf-8"><![CDATA[
<p>Of 400 couples, the education level (1=low, 2=medium, 3=high) of husband and wife was determined and shown in the cross table below.</p>
<p>———————- — ———————— —- —- Frequencies Education level of wife 1 2 3 Education level male 1 75 52 3 2 49 63 12 3 12 45 89 ———————- — ———————— —- —-</p>
<p>If we randomly select a married couple from this sample, what is then the probability that both husband and wife are highly educated?</p>
]]></mattext>
<matbreak/>
</material>
<response_lid ident="uva-rules-for-expected-values-466-en-canvas_819418609_section_1_item_1_schoice_RESPONSE_4465408" rcardinality="Single" rtiming="No">
<render_choice shuffle="No">
<flow_label class="List">
<response_label ident="uva-rules-for-expected-values-466-en-canvas_819418609_section_1_item_1_schoice_4172845566" rshuffle="No">
<material>
<mattext texttype="text/html" charset="utf-8"><![CDATA[
 0.095
]]></mattext>
</material>
</response_label>
</flow_label>
<flow_label class="List">
<response_label ident="uva-rules-for-expected-values-466-en-canvas_819418609_section_1_item_1_schoice_8950865256" rshuffle="No">
<material>
<mattext texttype="text/html" charset="utf-8"><![CDATA[
 0.22
]]></mattext>
</material>
</response_label>
</flow_label>
<flow_label class="List">
<response_label ident="uva-rules-for-expected-values-466-en-canvas_819418609_section_1_item_1_schoice_3724986691" rshuffle="No">
<material>
<mattext texttype="text/html" charset="utf-8"><![CDATA[
 0.4
]]></mattext>
</material>
</response_label>
</flow_label>
<flow_label class="List">
<response_label ident="uva-rules-for-expected-values-466-en-canvas_819418609_section_1_item_1_schoice_2198045417" rshuffle="No">
<material>
<mattext texttype="text/html" charset="utf-8"><![CDATA[
 0.61
]]></mattext>
</material>
</response_label>
</flow_label>
</render_choice>
</response_lid>
</flow>
</presentation>
<resprocessing>
<outcomes>
<decvar varname="SCORE" vartype="Decimal" defaultval="0" minvalue="0" maxvalue="1" cutvalue="1"/>
</outcomes>
<respcondition title="Mastery" continue="No">
<conditionvar>
<and>
<varequal respident="uva-rules-for-expected-values-466-en-canvas_819418609_section_1_item_1_schoice_RESPONSE_4465408" case="Yes">uva-rules-for-expected-values-466-en-canvas_819418609_section_1_item_1_schoice_8950865256</varequal>
<not> <varequal respident="uva-rules-for-expected-values-466-en-canvas_819418609_section_1_item_1_schoice_RESPONSE_4465408" case="Yes">uva-rules-for-expected-values-466-en-canvas_819418609_section_1_item_1_schoice_4172845566</varequal> </not>
<not> <varequal respident="uva-rules-for-expected-values-466-en-canvas_819418609_section_1_item_1_schoice_RESPONSE_4465408" case="Yes">uva-rules-for-expected-values-466-en-canvas_819418609_section_1_item_1_schoice_3724986691</varequal> </not>
<not> <varequal respident="uva-rules-for-expected-values-466-en-canvas_819418609_section_1_item_1_schoice_RESPONSE_4465408" case="Yes">uva-rules-for-expected-values-466-en-canvas_819418609_section_1_item_1_schoice_2198045417</varequal> </not>
</and>
</conditionvar>
<setvar varname="SCORE" action="Set">1</setvar>
<displayfeedback feedbacktype="Response" linkrefid="correct_fb"/>
</respcondition>
<respcondition continue="Yes">
<conditionvar>
<other/>
</conditionvar>
<displayfeedback feedbacktype="Response" linkrefid="general_incorrect_fb"/>
</respcondition>
</resprocessing>
<itemfeedback ident="correct_fb" view="All">
<flow_mat>
<material>
<mattext texttype="text/html"><![CDATA[
<ul>
<li> 0.095 <br /> 0.095: Incorrect </li>
<li> 0.22 <br /> 0.22: Correct </li>
<li> 0.4 <br /> 0.4: Incorrect </li>
<li> 0.61 <br /> 0.61: Incorrect </li>
</ul>
]]></mattext>
</material>
</flow_mat>
</itemfeedback>
<itemfeedback ident="general_incorrect_fb" view="All">
<flow_mat>
<material>
<mattext texttype="text/html"><![CDATA[
<ul>
<li> 0.095 <br /> 0.095: Incorrect </li>
<li> 0.22 <br /> 0.22: Correct </li>
<li> 0.4 <br /> 0.4: Incorrect </li>
<li> 0.61 <br /> 0.61: Incorrect </li>
</ul>
]]></mattext>
</material>
</flow_mat>
</itemfeedback>
</item>


</section>

</assessment>
</questestinterop>
