<?xml version="1.0" encoding="UTF-8"?>
<assessmentItem xsi:schemaLocation="http://www.imsglobal.org/xsd/imsqti_v2p1 http://www.imsglobal.org/xsd/qti/qtiv2p1/imsqti_v2p1p1.xsd http://www.w3.org/1998/Math/MathML http://www.w3.org/Math/XMLSchema/mathml2/mathml2.xsd" identifier="uva-normal-1354-en-ans_807581608_section_1_item_1_schoice" title="Distributions_uva-normal-1354-en_uva-normal-1354-en_schoice_1" adaptive="false" timeDependent="false" xmlns="http://www.imsglobal.org/xsd/imsqti_v2p1" xmlns:xsi="http://www.w3.org/2001/XMLSchema-instance">
<responseDeclaration identifier="uva-normal-1354-en-ans_807581608_section_1_item_1_schoice_RESPONSE_1_3320464" cardinality="single" baseType="identifier">
<correctResponse>
<value>uva-normal-1354-en-ans_807581608_section_1_item_1_schoice_4_5306611574</value>
</correctResponse>
<mapping defaultValue="0" lowerBound="0.0">
<mapEntry mapKey="uva-normal-1354-en-ans_807581608_section_1_item_1_schoice_1_9322685618" mappedValue="0"/>
<mapEntry mapKey="uva-normal-1354-en-ans_807581608_section_1_item_1_schoice_2_1119708069" mappedValue="0"/>
<mapEntry mapKey="uva-normal-1354-en-ans_807581608_section_1_item_1_schoice_3_4197132215" mappedValue="0"/>
<mapEntry mapKey="uva-normal-1354-en-ans_807581608_section_1_item_1_schoice_4_5306611574" mappedValue="1"/>
</mapping>
</responseDeclaration>
<outcomeDeclaration identifier="SCORE" cardinality="single" baseType="float" normalMaximum="1" normalMinimum="0">
<defaultValue>
<value>0.0</value>
</defaultValue>
</outcomeDeclaration>
<outcomeDeclaration identifier="MAXSCORE" cardinality="single" baseType="float">
<defaultValue>
<value>1</value>
</defaultValue>
</outcomeDeclaration>
<outcomeDeclaration identifier="FEEDBACKBASIC" cardinality="single" baseType="identifier" view="testConstructor">
<defaultValue>
<value>empty</value>
</defaultValue>
</outcomeDeclaration>
<outcomeDeclaration identifier="FEEDBACKMODAL" cardinality="multiple" baseType="identifier" view="testConstructor"/>
<outcomeDeclaration identifier="SOLUTIONMODAL" cardinality="single" baseType="identifier" view="testConstructor"/>
<outcomeDeclaration identifier="MINSCORE" cardinality="single" baseType="float">
<defaultValue>
<value baseType="float">0</value>
</defaultValue>
</outcomeDeclaration>
<outcomeDeclaration identifier="SCORE_RESPONSE_1" cardinality="single" baseType="float">
<defaultValue>
<value>0.0</value>
</defaultValue>
</outcomeDeclaration>
<outcomeDeclaration identifier="MINSCORE_RESPONSE_1" cardinality="single" baseType="float">
<defaultValue>
<value>0.0</value>
</defaultValue>
</outcomeDeclaration>
<itemBody>
<p>70% of the Chinese live in rural areas. You take a random sample of 200 Chinese and count the number who live in rural areas. live. The probability that 130 or more Chinese in the sample live in the rural area can be written as:</p>
<choiceInteraction responseIdentifier="uva-normal-1354-en-ans_807581608_section_1_item_1_schoice_RESPONSE_1_3320464" shuffle="false" maxChoices="1">
<simpleChoice identifier="uva-normal-1354-en-ans_807581608_section_1_item_1_schoice_1_9322685618">
<p>
 P(z ≥ 1.54)
</p>
</simpleChoice>
<simpleChoice identifier="uva-normal-1354-en-ans_807581608_section_1_item_1_schoice_2_1119708069">
<p>
 P(z ≤ - 1,54)
</p>
</simpleChoice>
<simpleChoice identifier="uva-normal-1354-en-ans_807581608_section_1_item_1_schoice_3_4197132215">
<p>
 1 - P(z ≥ 1.54)
</p>
</simpleChoice>
<simpleChoice identifier="uva-normal-1354-en-ans_807581608_section_1_item_1_schoice_4_5306611574">
<p>
 1 - P(z ≤ - 1,54)
</p>
</simpleChoice>
</choiceInteraction>
</itemBody>
<responseProcessing>
<setOutcomeValue identifier="SCORE_RESPONSE_1">
<sum>
<variable identifier="SCORE_RESPONSE_1"/>
<mapResponse identifier="uva-normal-1354-en-ans_807581608_section_1_item_1_schoice_RESPONSE_1_3320464"/>
</sum>
</setOutcomeValue>
<responseCondition>
<responseIf>
<lt>
<variable identifier="SCORE_RESPONSE_1"/>
<variable identifier="MINSCORE_RESPONSE_1"/>
</lt>
<setOutcomeValue identifier="SCORE_RESPONSE_1">
<variable identifier="MINSCORE_RESPONSE_1"/>
</setOutcomeValue>
</responseIf>
</responseCondition>
<responseCondition>
<responseIf>
<isNull>
<variable identifier="uva-normal-1354-en-ans_807581608_section_1_item_1_schoice_RESPONSE_1_3320464"/>
</isNull>
<setOutcomeValue identifier="SCORE_RESPONSE_1">
<sum>
<variable identifier="SCORE_RESPONSE_1"/>
<baseValue baseType="float">0</baseValue>
</sum>
</setOutcomeValue>
</responseIf>
</responseCondition>
<setOutcomeValue identifier="SCORE">
<sum>
<variable identifier="SCORE_RESPONSE_1"/>
</sum>
</setOutcomeValue>
<responseCondition>
<responseIf>
<lt>
<variable identifier="SCORE"/>
<variable identifier="MINSCORE"/>
</lt>
<setOutcomeValue identifier="SCORE">
<variable identifier="MINSCORE"/>
</setOutcomeValue>
</responseIf>
</responseCondition>
<responseCondition>
<responseIf>
<lt>
<variable identifier="SCORE"/>
<baseValue baseType="float">1</baseValue>
</lt>
<setOutcomeValue identifier="FEEDBACKMODAL">
<multiple>
<variable identifier="FEEDBACKMODAL"/>
<baseValue baseType="identifier">Feedback529516152</baseValue>
</multiple>
</setOutcomeValue>
</responseIf>
</responseCondition>
</responseProcessing>
<modalFeedback outcomeIdentifier="FEEDBACK" showHide="show" identifier="incorrect">
<ul>
<li> P(z ≥ 1.54) <br /> P(z ≥ 1.54): Incorrect </li>
<li> P(z ≤ - 1,54) <br /> P(z ≤ - 1.54): Incorrect </li>
<li> 1 - P(z ≥ 1.54) <br /> 1 - P(z ≥ 1.54): Incorrect </li>
<li> 1 - P(z ≤ - 1,54) <br /> 1 - P(z ≤ - 1.54): Correct </li>
</ul>
</modalFeedback>
</assessmentItem>
