<?xml version="1.0" encoding="UTF-8"?>
<assessmentItem xsi:schemaLocation="http://www.imsglobal.org/xsd/imsqti_v2p1 http://www.imsglobal.org/xsd/qti/qtiv2p1/imsqti_v2p1p1.xsd http://www.w3.org/1998/Math/MathML http://www.w3.org/Math/XMLSchema/mathml2/mathml2.xsd" identifier="uva-simple-linear-regression-888-en-qti_243098239_section_1_item_1_schoice" title="1" adaptive="false" timeDependent="false" xmlns="http://www.imsglobal.org/xsd/imsqti_v2p1" xmlns:xsi="http://www.w3.org/2001/XMLSchema-instance">
<responseDeclaration identifier="uva-simple-linear-regression-888-en-qti_243098239_section_1_item_1_schoice_RESPONSE_1_5688650" cardinality="single" baseType="identifier">
<correctResponse>
<value>uva-simple-linear-regression-888-en-qti_243098239_section_1_item_1_schoice_3_4121237737</value>
</correctResponse>
<mapping defaultValue="0" lowerBound="0.0">
<mapEntry mapKey="uva-simple-linear-regression-888-en-qti_243098239_section_1_item_1_schoice_1_3009190079" mappedValue="0"/>
<mapEntry mapKey="uva-simple-linear-regression-888-en-qti_243098239_section_1_item_1_schoice_2_8650438416" mappedValue="0"/>
<mapEntry mapKey="uva-simple-linear-regression-888-en-qti_243098239_section_1_item_1_schoice_3_4121237737" mappedValue="1"/>
</mapping>
</responseDeclaration>
<outcomeDeclaration identifier="SCORE" cardinality="single" baseType="float" normalMaximum="1" normalMinimum="0">
<defaultValue>
<value>0.0</value>
</defaultValue>
</outcomeDeclaration>
<outcomeDeclaration identifier="MAXSCORE" cardinality="single" baseType="float">
<defaultValue>
<value>1</value>
</defaultValue>
</outcomeDeclaration>
<outcomeDeclaration identifier="FEEDBACKBASIC" cardinality="single" baseType="identifier" view="testConstructor">
<defaultValue>
<value>empty</value>
</defaultValue>
</outcomeDeclaration>
<outcomeDeclaration identifier="FEEDBACKMODAL" cardinality="multiple" baseType="identifier" view="testConstructor"/>
<outcomeDeclaration identifier="SOLUTIONMODAL" cardinality="single" baseType="identifier" view="testConstructor"/>
<outcomeDeclaration identifier="MINSCORE" cardinality="single" baseType="float">
<defaultValue>
<value baseType="float">0</value>
</defaultValue>
</outcomeDeclaration>
<outcomeDeclaration identifier="SCORE_RESPONSE_1" cardinality="single" baseType="float">
<defaultValue>
<value>0.0</value>
</defaultValue>
</outcomeDeclaration>
<outcomeDeclaration identifier="MINSCORE_RESPONSE_1" cardinality="single" baseType="float">
<defaultValue>
<value>0.0</value>
</defaultValue>
</outcomeDeclaration>
<itemBody>
<p>When testing for a coefficient from a multiple regression with three <em>explanatory variables</em>, the null hypothesis that states that the coefficient is 0 against the alternative that the coefficient is unequal to 0 is. The coefficient is <em>b</em><sub>1</sub> = 2.3 with <em>se</em> = 1.0 and there are 16 degrees of freedom. Then the null hypothesis</p>
<choiceInteraction responseIdentifier="uva-simple-linear-regression-888-en-qti_243098239_section_1_item_1_schoice_RESPONSE_1_5688650" shuffle="false" maxChoices="1">
<simpleChoice identifier="uva-simple-linear-regression-888-en-qti_243098239_section_1_item_1_schoice_1_3009190079">
<p>
 Be rejected at 0.20 but not at 0.10.
</p>
</simpleChoice>
<simpleChoice identifier="uva-simple-linear-regression-888-en-qti_243098239_section_1_item_1_schoice_2_8650438416">
<p>
 Be rejected at 0.10 but not at 0.05.
</p>
</simpleChoice>
<simpleChoice identifier="uva-simple-linear-regression-888-en-qti_243098239_section_1_item_1_schoice_3_4121237737">
<p>
 Be rejected at 0.05 but not at 0.02.
</p>
</simpleChoice>
</choiceInteraction>
</itemBody>
<responseProcessing>
<setOutcomeValue identifier="SCORE_RESPONSE_1">
<sum>
<variable identifier="SCORE_RESPONSE_1"/>
<mapResponse identifier="uva-simple-linear-regression-888-en-qti_243098239_section_1_item_1_schoice_RESPONSE_1_5688650"/>
</sum>
</setOutcomeValue>
<responseCondition>
<responseIf>
<lt>
<variable identifier="SCORE_RESPONSE_1"/>
<variable identifier="MINSCORE_RESPONSE_1"/>
</lt>
<setOutcomeValue identifier="SCORE_RESPONSE_1">
<variable identifier="MINSCORE_RESPONSE_1"/>
</setOutcomeValue>
</responseIf>
</responseCondition>
<responseCondition>
<responseIf>
<isNull>
<variable identifier="uva-simple-linear-regression-888-en-qti_243098239_section_1_item_1_schoice_RESPONSE_1_5688650"/>
</isNull>
<setOutcomeValue identifier="SCORE_RESPONSE_1">
<sum>
<variable identifier="SCORE_RESPONSE_1"/>
<baseValue baseType="float">0</baseValue>
</sum>
</setOutcomeValue>
</responseIf>
</responseCondition>
<setOutcomeValue identifier="SCORE">
<sum>
<variable identifier="SCORE_RESPONSE_1"/>
</sum>
</setOutcomeValue>
<responseCondition>
<responseIf>
<lt>
<variable identifier="SCORE"/>
<variable identifier="MINSCORE"/>
</lt>
<setOutcomeValue identifier="SCORE">
<variable identifier="MINSCORE"/>
</setOutcomeValue>
</responseIf>
</responseCondition>
<responseCondition>
<responseIf>
<lt>
<variable identifier="SCORE"/>
<baseValue baseType="float">1</baseValue>
</lt>
<setOutcomeValue identifier="FEEDBACKMODAL">
<multiple>
<variable identifier="FEEDBACKMODAL"/>
<baseValue baseType="identifier">Feedback245361579</baseValue>
</multiple>
</setOutcomeValue>
</responseIf>
</responseCondition>
</responseProcessing>
<modalFeedback identifier="Feedback245361579" outcomeIdentifier="FEEDBACKMODAL" showHide="show">
<ul>
<li> Be rejected at 0.20 but not at 0.10. <br /> Are rejected at 0.20 but not at 0.10.: Incorrect </li>
<li> Be rejected at 0.10 but not at 0.05. <br /> Are rejected at 0.10 but not at 0.05.: Incorrect </li>
<li> Be rejected at 0.05 but not at 0.02. <br /> Are rejected at 0.05 but not at 0.02.: Correct </li>
</ul>
</modalFeedback>
</assessmentItem>
