<?xml version="1.0" encoding="utf-8" standalone="yes"?>
<assessmentItem identifier="vufgb-ancova-011-en-tv_202510071724_item_1_schoice" title="vufgb-ancova-011-en-tv_202510071724_item_1_schoice_vufgb-ancova-011-en" adaptive="false" timeDependent="false" toolName="Testvision Online" toolVersion="39.0.9084" xmlns="http://www.imsglobal.org/xsd/imsqti_v2p1">
<responseDeclaration identifier="RESPONSE" cardinality="single" baseType="identifier">
<correctResponse>
<value>alt_463785</value>
</correctResponse>
<mapping defaultValue="0" lowerBound="0.0">
<mapEntry mapKey="alt_251307" mappedValue="-0.333333333333333"/>
<mapEntry mapKey="alt_995418" mappedValue="-0.333333333333333"/>
<mapEntry mapKey="alt_948945" mappedValue="-0.333333333333333"/>
<mapEntry mapKey="alt_463785" mappedValue="1"/>
</mapping>
</responseDeclaration>
<outcomeDeclaration identifier="SCORE" cardinality="single" baseType="float" normalMaximum="1" normalMinimum="0" />
<outcomeDeclaration identifier="FEEDBACK" cardinality="single" baseType="identifier" />
<stylesheet href="css/vufgb-ancova-011-en-tv_202510071724_item_1_schoice.css" type="text/css" />
<itemBody>
<p>Given is the figure below. Which model is depicted here?</p>
<p><img src="mediafiles/supplements1/vufgb-ancova-011-nl-graph01.jpg" alt="image"/></p>
<choiceInteraction responseIdentifier="RESPONSE" shuffle="false" maxChoices="1">
<simpleChoice identifier="alt_251307">
<div class="textblock tvblock tvcss_1"><div class="rte_zone tveditor1">
 An ANCOVA model with 1 factor and 1 covariate.
</div>
</div>
</simpleChoice>
<simpleChoice identifier="alt_995418">
<div class="textblock tvblock tvcss_1"><div class="rte_zone tveditor1">
 A regression model with 1 quantitative independent variable and 2 dummy variables.
</div>
</div>
</simpleChoice>
<simpleChoice identifier="alt_948945">
<div class="textblock tvblock tvcss_1"><div class="rte_zone tveditor1">
 A general linear model with interaction between 1 quantitative and 1 categorical variable.
</div>
</div>
</simpleChoice>
<simpleChoice identifier="alt_463785">
<div class="textblock tvblock tvcss_1"><div class="rte_zone tveditor1">
 Answers a, b and c are all correct.
</div>
</div>
</simpleChoice>
</choiceInteraction>
</itemBody>
<responseProcessing>
<responseCondition>
<responseIf>
<isNull>
<variable identifier="RESPONSE"/>
</isNull>
<setOutcomeValue identifier="SCORE">
<baseValue baseType="float">0.0</baseValue>
</setOutcomeValue>
<setOutcomeValue identifier="FEEDBACK">
<baseValue baseType="identifier">FAILURE</baseValue>
</setOutcomeValue>
</responseIf>
<responseElse>
<setOutcomeValue identifier="SCORE">
<mapResponse identifier="RESPONSE"/>
</setOutcomeValue>
<responseCondition>
<responseIf>
<equal toleranceMode="relative" tolerance="0.001">
<variable identifier="SCORE"/>
<variable identifier="MAXSCORE"/>
</equal>
<setOutcomeValue identifier="FEEDBACK">
<baseValue baseType="identifier">ANSWER_CORRECT</baseValue>
</setOutcomeValue>
</responseIf>
<responseElse>
<setOutcomeValue identifier="FEEDBACK">
<baseValue baseType="identifier">FAILURE</baseValue>
</setOutcomeValue>
</responseElse>
</responseCondition>
</responseElse>
</responseCondition>
</responseProcessing>
<modalFeedback identifier="FAILURE" outcomeIdentifier="FEEDBACK" showHide="show">
<div class="textblock tvblock tvcss_1"><div class="rte_zone tveditor1">
<ul>
<li> An ANCOVA model with 1 factor and 1 covariate. <br /> Incorrect </li>
<li> A regression model with 1 quantitative independent variable and 2 dummy variables. <br /> Incorrect </li>
<li> A general linear model with interaction between 1 quantitative and 1 categorical variable. <br /> Incorrect </li>
<li> Answers a, b and c are all correct. <br /> Correct </li>
</ul>
</div>
</div>
</modalFeedback>
<modalFeedback identifier="ANSWER_CORRECT" outcomeIdentifier="FEEDBACK" showHide="show">
<div class="textblock tvblock tvcss_1"><div class="rte_zone tveditor1">
<ul>
<li> An ANCOVA model with 1 factor and 1 covariate. <br /> Incorrect </li>
<li> A regression model with 1 quantitative independent variable and 2 dummy variables. <br /> Incorrect </li>
<li> A general linear model with interaction between 1 quantitative and 1 categorical variable. <br /> Incorrect </li>
<li> Answers a, b and c are all correct. <br /> Correct </li>
</ul>
</div>
</div>
</modalFeedback>
<modalFeedback identifier="PARTIAL_CORRECT" outcomeIdentifier="FEEDBACK" showHide="show">
<div class="textblock tvblock tvcss_1"><div class="rte_zone tveditor1">
<ul>
<li> An ANCOVA model with 1 factor and 1 covariate. <br /> Incorrect </li>
<li> A regression model with 1 quantitative independent variable and 2 dummy variables. <br /> Incorrect </li>
<li> A general linear model with interaction between 1 quantitative and 1 categorical variable. <br /> Incorrect </li>
<li> Answers a, b and c are all correct. <br /> Correct </li>
</ul>
</div>
</div>
</modalFeedback>
</assessmentItem>
