<?xml version="1.0" encoding="UTF-8"?>
<assessmentItem xsi:schemaLocation="http://www.imsglobal.org/xsd/imsqti_v2p1 http://www.imsglobal.org/xsd/qti/qtiv2p1/imsqti_v2p1p1.xsd http://www.w3.org/1998/Math/MathML http://www.w3.org/Math/XMLSchema/mathml2/mathml2.xsd" identifier="uva-independent-events-1064-nl-qti_476144440_section_1_item_1_schoice" title="1" adaptive="false" timeDependent="false" xmlns="http://www.imsglobal.org/xsd/imsqti_v2p1" xmlns:xsi="http://www.w3.org/2001/XMLSchema-instance">
<responseDeclaration identifier="uva-independent-events-1064-nl-qti_476144440_section_1_item_1_schoice_RESPONSE_1_5830152" cardinality="single" baseType="identifier">
<correctResponse>
<value>uva-independent-events-1064-nl-qti_476144440_section_1_item_1_schoice_1_2064540364</value>
</correctResponse>
<mapping defaultValue="0" lowerBound="0.0">
<mapEntry mapKey="uva-independent-events-1064-nl-qti_476144440_section_1_item_1_schoice_1_2064540364" mappedValue="1"/>
<mapEntry mapKey="uva-independent-events-1064-nl-qti_476144440_section_1_item_1_schoice_2_7482798914" mappedValue="0"/>
<mapEntry mapKey="uva-independent-events-1064-nl-qti_476144440_section_1_item_1_schoice_3_6690087252" mappedValue="0"/>
<mapEntry mapKey="uva-independent-events-1064-nl-qti_476144440_section_1_item_1_schoice_4_4660601484" mappedValue="0"/>
</mapping>
</responseDeclaration>
<outcomeDeclaration identifier="SCORE" cardinality="single" baseType="float" normalMaximum="1" normalMinimum="0">
<defaultValue>
<value>0.0</value>
</defaultValue>
</outcomeDeclaration>
<outcomeDeclaration identifier="MAXSCORE" cardinality="single" baseType="float">
<defaultValue>
<value>1</value>
</defaultValue>
</outcomeDeclaration>
<outcomeDeclaration identifier="FEEDBACKBASIC" cardinality="single" baseType="identifier" view="testConstructor">
<defaultValue>
<value>empty</value>
</defaultValue>
</outcomeDeclaration>
<outcomeDeclaration identifier="FEEDBACKMODAL" cardinality="multiple" baseType="identifier" view="testConstructor"/>
<outcomeDeclaration identifier="SOLUTIONMODAL" cardinality="single" baseType="identifier" view="testConstructor"/>
<outcomeDeclaration identifier="MINSCORE" cardinality="single" baseType="float">
<defaultValue>
<value baseType="float">0</value>
</defaultValue>
</outcomeDeclaration>
<outcomeDeclaration identifier="SCORE_RESPONSE_1" cardinality="single" baseType="float">
<defaultValue>
<value>0.0</value>
</defaultValue>
</outcomeDeclaration>
<outcomeDeclaration identifier="MINSCORE_RESPONSE_1" cardinality="single" baseType="float">
<defaultValue>
<value>0.0</value>
</defaultValue>
</outcomeDeclaration>
<itemBody>
<p>Veronderstel dat A, B en C allemaal disjuncte mogelijke uitkomsten zijn
voor dezelfde willekeurige omstandigheid.<br />
<br />
<span lang="en-GB">I. P (A) = 1/3, P (B) = 1/3, P(C) = 1/3</span><br />
II. P (A) = Ѕ, P (B) = Ѕ, P(C) = ј<br />
<br />
Welke uitspraak is juist?</p>
<choiceInteraction responseIdentifier="uva-independent-events-1064-nl-qti_476144440_section_1_item_1_schoice_RESPONSE_1_5830152" shuffle="false" maxChoices="1">
<simpleChoice identifier="uva-independent-events-1064-nl-qti_476144440_section_1_item_1_schoice_1_2064540364">
<p>
 I is mogelijk en II is niet.
</p>
</simpleChoice>
<simpleChoice identifier="uva-independent-events-1064-nl-qti_476144440_section_1_item_1_schoice_2_7482798914">
<p>
 I is niet mogelijk en II is wel.
</p>
</simpleChoice>
<simpleChoice identifier="uva-independent-events-1064-nl-qti_476144440_section_1_item_1_schoice_3_6690087252">
<p>
 I en II zijn allebei mogelijk.
</p>
</simpleChoice>
<simpleChoice identifier="uva-independent-events-1064-nl-qti_476144440_section_1_item_1_schoice_4_4660601484">
<p>
 I en II zijn allebei niet mogelijk.
</p>
</simpleChoice>
</choiceInteraction>
</itemBody>
<responseProcessing>
<setOutcomeValue identifier="SCORE_RESPONSE_1">
<sum>
<variable identifier="SCORE_RESPONSE_1"/>
<mapResponse identifier="uva-independent-events-1064-nl-qti_476144440_section_1_item_1_schoice_RESPONSE_1_5830152"/>
</sum>
</setOutcomeValue>
<responseCondition>
<responseIf>
<lt>
<variable identifier="SCORE_RESPONSE_1"/>
<variable identifier="MINSCORE_RESPONSE_1"/>
</lt>
<setOutcomeValue identifier="SCORE_RESPONSE_1">
<variable identifier="MINSCORE_RESPONSE_1"/>
</setOutcomeValue>
</responseIf>
</responseCondition>
<responseCondition>
<responseIf>
<isNull>
<variable identifier="uva-independent-events-1064-nl-qti_476144440_section_1_item_1_schoice_RESPONSE_1_5830152"/>
</isNull>
<setOutcomeValue identifier="SCORE_RESPONSE_1">
<sum>
<variable identifier="SCORE_RESPONSE_1"/>
<baseValue baseType="float">0</baseValue>
</sum>
</setOutcomeValue>
</responseIf>
</responseCondition>
<setOutcomeValue identifier="SCORE">
<sum>
<variable identifier="SCORE_RESPONSE_1"/>
</sum>
</setOutcomeValue>
<responseCondition>
<responseIf>
<lt>
<variable identifier="SCORE"/>
<variable identifier="MINSCORE"/>
</lt>
<setOutcomeValue identifier="SCORE">
<variable identifier="MINSCORE"/>
</setOutcomeValue>
</responseIf>
</responseCondition>
<responseCondition>
<responseIf>
<lt>
<variable identifier="SCORE"/>
<baseValue baseType="float">1</baseValue>
</lt>
<setOutcomeValue identifier="FEEDBACKMODAL">
<multiple>
<variable identifier="FEEDBACKMODAL"/>
<baseValue baseType="identifier">Feedback460426026</baseValue>
</multiple>
</setOutcomeValue>
</responseIf>
</responseCondition>
</responseProcessing>
<modalFeedback identifier="Feedback460426026" outcomeIdentifier="FEEDBACKMODAL" showHide="show">
<ul>
<li> I is mogelijk en II is niet. <br /> I is mogelijk en II is niet.: Correct </li>
<li> I is niet mogelijk en II is wel. <br /> I is niet mogelijk en II is wel.: Incorrect </li>
<li> I en II zijn allebei mogelijk. <br /> I en II zijn allebei mogelijk.: Incorrect </li>
<li> I en II zijn allebei niet mogelijk. <br /> I en II zijn allebei niet mogelijk.: Incorrect </li>
</ul>
</modalFeedback>
</assessmentItem>
