<?xml version="1.0" encoding="UTF-8"?>
<assessmentItem xsi:schemaLocation="http://www.imsglobal.org/xsd/imsqti_v2p1 http://www.imsglobal.org/xsd/qti/qtiv2p1/imsqti_v2p1p1.xsd http://www.w3.org/1998/Math/MathML http://www.w3.org/Math/XMLSchema/mathml2/mathml2.xsd" identifier="vufgb-onewayanova-011-en-qti_620672099_section_1_item_1_schoice" title="1" adaptive="false" timeDependent="false" xmlns="http://www.imsglobal.org/xsd/imsqti_v2p1" xmlns:xsi="http://www.w3.org/2001/XMLSchema-instance">
<responseDeclaration identifier="vufgb-onewayanova-011-en-qti_620672099_section_1_item_1_schoice_RESPONSE_1_8949637" cardinality="single" baseType="identifier">
<correctResponse>
<value>vufgb-onewayanova-011-en-qti_620672099_section_1_item_1_schoice_4_9359233017</value>
</correctResponse>
<mapping defaultValue="0" lowerBound="0.0">
<mapEntry mapKey="vufgb-onewayanova-011-en-qti_620672099_section_1_item_1_schoice_1_5035044714" mappedValue="0"/>
<mapEntry mapKey="vufgb-onewayanova-011-en-qti_620672099_section_1_item_1_schoice_2_1137557080" mappedValue="0"/>
<mapEntry mapKey="vufgb-onewayanova-011-en-qti_620672099_section_1_item_1_schoice_3_2859949118" mappedValue="0"/>
<mapEntry mapKey="vufgb-onewayanova-011-en-qti_620672099_section_1_item_1_schoice_4_9359233017" mappedValue="1"/>
</mapping>
</responseDeclaration>
<outcomeDeclaration identifier="SCORE" cardinality="single" baseType="float" normalMaximum="1" normalMinimum="0">
<defaultValue>
<value>0.0</value>
</defaultValue>
</outcomeDeclaration>
<outcomeDeclaration identifier="MAXSCORE" cardinality="single" baseType="float">
<defaultValue>
<value>1</value>
</defaultValue>
</outcomeDeclaration>
<outcomeDeclaration identifier="FEEDBACKBASIC" cardinality="single" baseType="identifier" view="testConstructor">
<defaultValue>
<value>empty</value>
</defaultValue>
</outcomeDeclaration>
<outcomeDeclaration identifier="FEEDBACKMODAL" cardinality="multiple" baseType="identifier" view="testConstructor"/>
<outcomeDeclaration identifier="SOLUTIONMODAL" cardinality="single" baseType="identifier" view="testConstructor"/>
<outcomeDeclaration identifier="MINSCORE" cardinality="single" baseType="float">
<defaultValue>
<value baseType="float">0</value>
</defaultValue>
</outcomeDeclaration>
<outcomeDeclaration identifier="SCORE_RESPONSE_1" cardinality="single" baseType="float">
<defaultValue>
<value>0.0</value>
</defaultValue>
</outcomeDeclaration>
<outcomeDeclaration identifier="MINSCORE_RESPONSE_1" cardinality="single" baseType="float">
<defaultValue>
<value>0.0</value>
</defaultValue>
</outcomeDeclaration>
<itemBody>
<p>Adam performs a one-way ANOVA with the null hypothesis <math display="inline" xmlns="http://www.w3.org/1998/Math/MathML"><semantics><mrow><msub><mi>H</mi><mn>0</mn></msub><mo>:</mo><msub><mi>μ</mi><mn>1</mn></msub><mo>=</mo><msub><mi>μ</mi><mn>2</mn></msub><mo>=</mo><msub><mi>μ</mi><mn>3</mn></msub></mrow><annotation encoding="application/x-tex">H_{0}: \mu_{1} = \mu_{2} = \mu_{3}</annotation></semantics></math> and the alternative hypothesis <math display="inline" xmlns="http://www.w3.org/1998/Math/MathML"><semantics><mrow><msub><mi>H</mi><mi>A</mi></msub><mo>:</mo><msub><mi>μ</mi><mi>i</mi></msub><mo>≠</mo><msub><mi>μ</mi><mi>j</mi></msub></mrow><annotation encoding="application/x-tex">H_{A}: \mu_{i} \neq \mu_{j}</annotation></semantics></math>.</p>
<p>Which hypothesis is being tested here? Explain in words.</p>
<choiceInteraction responseIdentifier="vufgb-onewayanova-011-en-qti_620672099_section_1_item_1_schoice_RESPONSE_1_8949637" shuffle="false" maxChoices="1">
<simpleChoice identifier="vufgb-onewayanova-011-en-qti_620672099_section_1_item_1_schoice_1_5035044714">
<p>
 He is testing whether the three sample averages differ from each other.
</p>
</simpleChoice>
<simpleChoice identifier="vufgb-onewayanova-011-en-qti_620672099_section_1_item_1_schoice_2_1137557080">
<p>
 He tests whether two or three groups in a sample differ from each other.
</p>
</simpleChoice>
<simpleChoice identifier="vufgb-onewayanova-011-en-qti_620672099_section_1_item_1_schoice_3_2859949118">
<p>
 He tests whether at least one of the three population averages is different from 0.
</p>
</simpleChoice>
<simpleChoice identifier="vufgb-onewayanova-011-en-qti_620672099_section_1_item_1_schoice_4_9359233017">
<p>
 He tests whether at least one pair of population averages is different from each other.
</p>
</simpleChoice>
</choiceInteraction>
</itemBody>
<responseProcessing>
<setOutcomeValue identifier="SCORE_RESPONSE_1">
<sum>
<variable identifier="SCORE_RESPONSE_1"/>
<mapResponse identifier="vufgb-onewayanova-011-en-qti_620672099_section_1_item_1_schoice_RESPONSE_1_8949637"/>
</sum>
</setOutcomeValue>
<responseCondition>
<responseIf>
<lt>
<variable identifier="SCORE_RESPONSE_1"/>
<variable identifier="MINSCORE_RESPONSE_1"/>
</lt>
<setOutcomeValue identifier="SCORE_RESPONSE_1">
<variable identifier="MINSCORE_RESPONSE_1"/>
</setOutcomeValue>
</responseIf>
</responseCondition>
<responseCondition>
<responseIf>
<isNull>
<variable identifier="vufgb-onewayanova-011-en-qti_620672099_section_1_item_1_schoice_RESPONSE_1_8949637"/>
</isNull>
<setOutcomeValue identifier="SCORE_RESPONSE_1">
<sum>
<variable identifier="SCORE_RESPONSE_1"/>
<baseValue baseType="float">0</baseValue>
</sum>
</setOutcomeValue>
</responseIf>
</responseCondition>
<setOutcomeValue identifier="SCORE">
<sum>
<variable identifier="SCORE_RESPONSE_1"/>
</sum>
</setOutcomeValue>
<responseCondition>
<responseIf>
<lt>
<variable identifier="SCORE"/>
<variable identifier="MINSCORE"/>
</lt>
<setOutcomeValue identifier="SCORE">
<variable identifier="MINSCORE"/>
</setOutcomeValue>
</responseIf>
</responseCondition>
<responseCondition>
<responseIf>
<lt>
<variable identifier="SCORE"/>
<baseValue baseType="float">1</baseValue>
</lt>
<setOutcomeValue identifier="FEEDBACKMODAL">
<multiple>
<variable identifier="FEEDBACKMODAL"/>
<baseValue baseType="identifier">Feedback932678299</baseValue>
</multiple>
</setOutcomeValue>
</responseIf>
</responseCondition>
</responseProcessing>
<modalFeedback identifier="Feedback932678299" outcomeIdentifier="FEEDBACKMODAL" showHide="show">
<ul>
<li> He is testing whether the three sample averages differ from each other. <br /> Incorrect </li>
<li> He tests whether two or three groups in a sample differ from each other. <br /> Incorrect </li>
<li> He tests whether at least one of the three population averages is different from 0. <br /> Incorrect </li>
<li> He tests whether at least one pair of population averages is different from each other. <br /> Correct </li>
</ul>
</modalFeedback>
</assessmentItem>
