<?xml version="1.0" encoding="UTF-8"?>
<assessmentItem xsi:schemaLocation="http://www.imsglobal.org/xsd/imsqti_v2p1 http://www.imsglobal.org/xsd/qti/qtiv2p1/imsqti_v2p1p1.xsd http://www.w3.org/1998/Math/MathML http://www.w3.org/Math/XMLSchema/mathml2/mathml2.xsd" identifier="uva-addition-rule-1106-en-qti_766673373_section_1_item_1_schoice" title="1" adaptive="false" timeDependent="false" xmlns="http://www.imsglobal.org/xsd/imsqti_v2p1" xmlns:xsi="http://www.w3.org/2001/XMLSchema-instance">
<responseDeclaration identifier="uva-addition-rule-1106-en-qti_766673373_section_1_item_1_schoice_RESPONSE_1_4898862" cardinality="single" baseType="identifier">
<correctResponse>
<value>uva-addition-rule-1106-en-qti_766673373_section_1_item_1_schoice_4_5361390672</value>
</correctResponse>
<mapping defaultValue="0" lowerBound="0.0">
<mapEntry mapKey="uva-addition-rule-1106-en-qti_766673373_section_1_item_1_schoice_1_6812607742" mappedValue="0"/>
<mapEntry mapKey="uva-addition-rule-1106-en-qti_766673373_section_1_item_1_schoice_2_4947077141" mappedValue="0"/>
<mapEntry mapKey="uva-addition-rule-1106-en-qti_766673373_section_1_item_1_schoice_3_1267899279" mappedValue="0"/>
<mapEntry mapKey="uva-addition-rule-1106-en-qti_766673373_section_1_item_1_schoice_4_5361390672" mappedValue="1"/>
</mapping>
</responseDeclaration>
<outcomeDeclaration identifier="SCORE" cardinality="single" baseType="float" normalMaximum="1" normalMinimum="0">
<defaultValue>
<value>0.0</value>
</defaultValue>
</outcomeDeclaration>
<outcomeDeclaration identifier="MAXSCORE" cardinality="single" baseType="float">
<defaultValue>
<value>1</value>
</defaultValue>
</outcomeDeclaration>
<outcomeDeclaration identifier="FEEDBACKBASIC" cardinality="single" baseType="identifier" view="testConstructor">
<defaultValue>
<value>empty</value>
</defaultValue>
</outcomeDeclaration>
<outcomeDeclaration identifier="FEEDBACKMODAL" cardinality="multiple" baseType="identifier" view="testConstructor"/>
<outcomeDeclaration identifier="SOLUTIONMODAL" cardinality="single" baseType="identifier" view="testConstructor"/>
<outcomeDeclaration identifier="MINSCORE" cardinality="single" baseType="float">
<defaultValue>
<value baseType="float">0</value>
</defaultValue>
</outcomeDeclaration>
<outcomeDeclaration identifier="SCORE_RESPONSE_1" cardinality="single" baseType="float">
<defaultValue>
<value>0.0</value>
</defaultValue>
</outcomeDeclaration>
<outcomeDeclaration identifier="MINSCORE_RESPONSE_1" cardinality="single" baseType="float">
<defaultValue>
<value>0.0</value>
</defaultValue>
</outcomeDeclaration>
<itemBody>
<p>Jody is taking three courses: English, History and Mathematics. Assume the probability that she will get an 8 in all courses at the end of the semester ______.  P(grade 8 on the English exam) = 0.70. P(grade 8 on the History exam) = 0.60. P(grade 8 on the math exam) = 0.50.  The events are independent of each other. Then what is the probability that Jody will get an 8 for two subjects?</p>
<choiceInteraction responseIdentifier="uva-addition-rule-1106-en-qti_766673373_section_1_item_1_schoice_RESPONSE_1_4898862" shuffle="false" maxChoices="1">
<simpleChoice identifier="uva-addition-rule-1106-en-qti_766673373_section_1_item_1_schoice_1_6812607742">
<p>
 0,09
</p>
</simpleChoice>
<simpleChoice identifier="uva-addition-rule-1106-en-qti_766673373_section_1_item_1_schoice_2_4947077141">
<p>
 0,14
</p>
</simpleChoice>
<simpleChoice identifier="uva-addition-rule-1106-en-qti_766673373_section_1_item_1_schoice_3_1267899279">
<p>
 0,21
</p>
</simpleChoice>
<simpleChoice identifier="uva-addition-rule-1106-en-qti_766673373_section_1_item_1_schoice_4_5361390672">
<p>
 0,44
</p>
</simpleChoice>
</choiceInteraction>
</itemBody>
<responseProcessing>
<setOutcomeValue identifier="SCORE_RESPONSE_1">
<sum>
<variable identifier="SCORE_RESPONSE_1"/>
<mapResponse identifier="uva-addition-rule-1106-en-qti_766673373_section_1_item_1_schoice_RESPONSE_1_4898862"/>
</sum>
</setOutcomeValue>
<responseCondition>
<responseIf>
<lt>
<variable identifier="SCORE_RESPONSE_1"/>
<variable identifier="MINSCORE_RESPONSE_1"/>
</lt>
<setOutcomeValue identifier="SCORE_RESPONSE_1">
<variable identifier="MINSCORE_RESPONSE_1"/>
</setOutcomeValue>
</responseIf>
</responseCondition>
<responseCondition>
<responseIf>
<isNull>
<variable identifier="uva-addition-rule-1106-en-qti_766673373_section_1_item_1_schoice_RESPONSE_1_4898862"/>
</isNull>
<setOutcomeValue identifier="SCORE_RESPONSE_1">
<sum>
<variable identifier="SCORE_RESPONSE_1"/>
<baseValue baseType="float">0</baseValue>
</sum>
</setOutcomeValue>
</responseIf>
</responseCondition>
<setOutcomeValue identifier="SCORE">
<sum>
<variable identifier="SCORE_RESPONSE_1"/>
</sum>
</setOutcomeValue>
<responseCondition>
<responseIf>
<lt>
<variable identifier="SCORE"/>
<variable identifier="MINSCORE"/>
</lt>
<setOutcomeValue identifier="SCORE">
<variable identifier="MINSCORE"/>
</setOutcomeValue>
</responseIf>
</responseCondition>
<responseCondition>
<responseIf>
<lt>
<variable identifier="SCORE"/>
<baseValue baseType="float">1</baseValue>
</lt>
<setOutcomeValue identifier="FEEDBACKMODAL">
<multiple>
<variable identifier="FEEDBACKMODAL"/>
<baseValue baseType="identifier">Feedback115416849</baseValue>
</multiple>
</setOutcomeValue>
</responseIf>
</responseCondition>
</responseProcessing>
<modalFeedback identifier="Feedback115416849" outcomeIdentifier="FEEDBACKMODAL" showHide="show">
<ul>
<li> 0,09 <br /> 0.09: Incorrect </li>
<li> 0,14 <br /> 0.14: Incorrect </li>
<li> 0,21 <br /> 0.21: Incorrect </li>
<li> 0,44 <br /> 0.44: Correct </li>
</ul>
</modalFeedback>
</assessmentItem>
