<?xml version="1.0" encoding="UTF-8"?>
<assessmentItem xsi:schemaLocation="http://www.imsglobal.org/xsd/imsqti_v2p1 http://www.imsglobal.org/xsd/qti/qtiv2p1/imsqti_v2p1p1.xsd http://www.w3.org/1998/Math/MathML http://www.w3.org/Math/XMLSchema/mathml2/mathml2.xsd" identifier="uva-variance-375-en-ans_446823220_section_1_item_1_schoice" title="Descriptive-statistics_uva-variance-375-en_uva-variance-375-en_schoice_1" adaptive="false" timeDependent="false" xmlns="http://www.imsglobal.org/xsd/imsqti_v2p1" xmlns:xsi="http://www.w3.org/2001/XMLSchema-instance">
<responseDeclaration identifier="uva-variance-375-en-ans_446823220_section_1_item_1_schoice_RESPONSE_1_6487545" cardinality="single" baseType="identifier">
<correctResponse>
<value>uva-variance-375-en-ans_446823220_section_1_item_1_schoice_2_3961208156</value>
</correctResponse>
<mapping defaultValue="0" lowerBound="0.0">
<mapEntry mapKey="uva-variance-375-en-ans_446823220_section_1_item_1_schoice_1_1951954698" mappedValue="0"/>
<mapEntry mapKey="uva-variance-375-en-ans_446823220_section_1_item_1_schoice_2_3961208156" mappedValue="1"/>
<mapEntry mapKey="uva-variance-375-en-ans_446823220_section_1_item_1_schoice_3_9698830657" mappedValue="0"/>
<mapEntry mapKey="uva-variance-375-en-ans_446823220_section_1_item_1_schoice_4_3190900039" mappedValue="0"/>
</mapping>
</responseDeclaration>
<outcomeDeclaration identifier="SCORE" cardinality="single" baseType="float" normalMaximum="1" normalMinimum="0">
<defaultValue>
<value>0.0</value>
</defaultValue>
</outcomeDeclaration>
<outcomeDeclaration identifier="MAXSCORE" cardinality="single" baseType="float">
<defaultValue>
<value>1</value>
</defaultValue>
</outcomeDeclaration>
<outcomeDeclaration identifier="FEEDBACKBASIC" cardinality="single" baseType="identifier" view="testConstructor">
<defaultValue>
<value>empty</value>
</defaultValue>
</outcomeDeclaration>
<outcomeDeclaration identifier="FEEDBACKMODAL" cardinality="multiple" baseType="identifier" view="testConstructor"/>
<outcomeDeclaration identifier="SOLUTIONMODAL" cardinality="single" baseType="identifier" view="testConstructor"/>
<outcomeDeclaration identifier="MINSCORE" cardinality="single" baseType="float">
<defaultValue>
<value baseType="float">0</value>
</defaultValue>
</outcomeDeclaration>
<outcomeDeclaration identifier="SCORE_RESPONSE_1" cardinality="single" baseType="float">
<defaultValue>
<value>0.0</value>
</defaultValue>
</outcomeDeclaration>
<outcomeDeclaration identifier="MINSCORE_RESPONSE_1" cardinality="single" baseType="float">
<defaultValue>
<value>0.0</value>
</defaultValue>
</outcomeDeclaration>
<itemBody>
<p>From a population of asthmatics, a sample of 6 persons is drawn and their vital lung capacity (in liters) is measured, with the outcomes: 2.47, 2.25, 2.65, 2.00, 3.41, 2.22. The estimated variance of the sample mean is</p>
<choiceInteraction responseIdentifier="uva-variance-375-en-ans_446823220_section_1_item_1_schoice_RESPONSE_1_6487545" shuffle="false" maxChoices="1">
<simpleChoice identifier="uva-variance-375-en-ans_446823220_section_1_item_1_schoice_1_1951954698">
<p>
 0.0345
</p>
</simpleChoice>
<simpleChoice identifier="uva-variance-375-en-ans_446823220_section_1_item_1_schoice_2_3961208156">
<p>
 0.0414
</p>
</simpleChoice>
<simpleChoice identifier="uva-variance-375-en-ans_446823220_section_1_item_1_schoice_3_9698830657">
<p>
 0.0497
</p>
</simpleChoice>
<simpleChoice identifier="uva-variance-375-en-ans_446823220_section_1_item_1_schoice_4_3190900039">
<p>
 0.2035
</p>
</simpleChoice>
</choiceInteraction>
</itemBody>
<responseProcessing>
<setOutcomeValue identifier="SCORE_RESPONSE_1">
<sum>
<variable identifier="SCORE_RESPONSE_1"/>
<mapResponse identifier="uva-variance-375-en-ans_446823220_section_1_item_1_schoice_RESPONSE_1_6487545"/>
</sum>
</setOutcomeValue>
<responseCondition>
<responseIf>
<lt>
<variable identifier="SCORE_RESPONSE_1"/>
<variable identifier="MINSCORE_RESPONSE_1"/>
</lt>
<setOutcomeValue identifier="SCORE_RESPONSE_1">
<variable identifier="MINSCORE_RESPONSE_1"/>
</setOutcomeValue>
</responseIf>
</responseCondition>
<responseCondition>
<responseIf>
<isNull>
<variable identifier="uva-variance-375-en-ans_446823220_section_1_item_1_schoice_RESPONSE_1_6487545"/>
</isNull>
<setOutcomeValue identifier="SCORE_RESPONSE_1">
<sum>
<variable identifier="SCORE_RESPONSE_1"/>
<baseValue baseType="float">0</baseValue>
</sum>
</setOutcomeValue>
</responseIf>
</responseCondition>
<setOutcomeValue identifier="SCORE">
<sum>
<variable identifier="SCORE_RESPONSE_1"/>
</sum>
</setOutcomeValue>
<responseCondition>
<responseIf>
<lt>
<variable identifier="SCORE"/>
<variable identifier="MINSCORE"/>
</lt>
<setOutcomeValue identifier="SCORE">
<variable identifier="MINSCORE"/>
</setOutcomeValue>
</responseIf>
</responseCondition>
<responseCondition>
<responseIf>
<lt>
<variable identifier="SCORE"/>
<baseValue baseType="float">1</baseValue>
</lt>
<setOutcomeValue identifier="FEEDBACKMODAL">
<multiple>
<variable identifier="FEEDBACKMODAL"/>
<baseValue baseType="identifier">Feedback186573547</baseValue>
</multiple>
</setOutcomeValue>
</responseIf>
</responseCondition>
</responseProcessing>
<modalFeedback outcomeIdentifier="FEEDBACK" showHide="show" identifier="incorrect">
<ul>
<li> 0.0345 <br /> 0.0345: Incorrect </li>
<li> 0.0414 <br /> 0.0414: Correct </li>
<li> 0.0497 <br /> 0.0497: Incorrect </li>
<li> 0.2035 <br /> 0.2035: Incorrect </li>
</ul>
</modalFeedback>
</assessmentItem>
