<?xml version="1.0" encoding="UTF-8"?>
<assessmentItem xsi:schemaLocation="http://www.imsglobal.org/xsd/imsqti_v2p1 http://www.imsglobal.org/xsd/qti/qtiv2p1/imsqti_v2p1p1.xsd http://www.w3.org/1998/Math/MathML http://www.w3.org/Math/XMLSchema/mathml2/mathml2.xsd" identifier="vufgb-moderation-008-nl_834953318_section_1_item_1_schoice" title="1" adaptive="false" timeDependent="false" xmlns="http://www.imsglobal.org/xsd/imsqti_v2p1" xmlns:xsi="http://www.w3.org/2001/XMLSchema-instance">
<responseDeclaration identifier="vufgb-moderation-008-nl_834953318_section_1_item_1_schoice_RESPONSE_1_1456310" cardinality="single" baseType="identifier">
<correctResponse>
<value>vufgb-moderation-008-nl_834953318_section_1_item_1_schoice_2_1154716074</value>
</correctResponse>
<mapping defaultValue="0" lowerBound="0.0">
<mapEntry mapKey="vufgb-moderation-008-nl_834953318_section_1_item_1_schoice_1_4303354824" mappedValue="0"/>
<mapEntry mapKey="vufgb-moderation-008-nl_834953318_section_1_item_1_schoice_2_1154716074" mappedValue="1"/>
<mapEntry mapKey="vufgb-moderation-008-nl_834953318_section_1_item_1_schoice_3_8351615087" mappedValue="0"/>
<mapEntry mapKey="vufgb-moderation-008-nl_834953318_section_1_item_1_schoice_4_1787878175" mappedValue="0"/>
</mapping>
</responseDeclaration>
<outcomeDeclaration identifier="SCORE" cardinality="single" baseType="float" normalMaximum="1" normalMinimum="0">
<defaultValue>
<value>0.0</value>
</defaultValue>
</outcomeDeclaration>
<outcomeDeclaration identifier="MAXSCORE" cardinality="single" baseType="float">
<defaultValue>
<value>1</value>
</defaultValue>
</outcomeDeclaration>
<outcomeDeclaration identifier="FEEDBACKBASIC" cardinality="single" baseType="identifier" view="testConstructor">
<defaultValue>
<value>empty</value>
</defaultValue>
</outcomeDeclaration>
<outcomeDeclaration identifier="FEEDBACKMODAL" cardinality="multiple" baseType="identifier" view="testConstructor"/>
<outcomeDeclaration identifier="MINSCORE" cardinality="single" baseType="float">
<defaultValue>
<value baseType="float">0</value>
</defaultValue>
</outcomeDeclaration>
<outcomeDeclaration identifier="SCORE_RESPONSE_1" cardinality="single" baseType="float">
<defaultValue>
<value>0.0</value>
</defaultValue>
</outcomeDeclaration>
<outcomeDeclaration identifier="MINSCORE_RESPONSE_1" cardinality="single" baseType="float">
<defaultValue>
<value>0.0</value>
</defaultValue>
</outcomeDeclaration>
<itemBody>
<p>Wat is de juiste omschrijving van statistische interactie? Het effect van de ene predictor op de uitkomstvariabele…</p>
<choiceInteraction responseIdentifier="vufgb-moderation-008-nl_834953318_section_1_item_1_schoice_RESPONSE_1_1456310" shuffle="false" maxChoices="1">
<simpleChoice identifier="vufgb-moderation-008-nl_834953318_section_1_item_1_schoice_1_4303354824">
<p>
a. … verdwijnt als de waarde op de andere predictor verschijnt.
</p>
</simpleChoice>
<simpleChoice identifier="vufgb-moderation-008-nl_834953318_section_1_item_1_schoice_2_1154716074">
<p>
b. … verandert als de waarde op de andere predictor verandert.
</p>
</simpleChoice>
<simpleChoice identifier="vufgb-moderation-008-nl_834953318_section_1_item_1_schoice_3_8351615087">
<p>
c. … neemt af als de andere predictor constant wordt gehouden.
</p>
</simpleChoice>
<simpleChoice identifier="vufgb-moderation-008-nl_834953318_section_1_item_1_schoice_4_1787878175">
<p>
d. … verandert van richting als de andere predictor gecentreerd wordt.
</p>
</simpleChoice>
</choiceInteraction>
</itemBody>
<responseProcessing>
<responseCondition>
<responseIf>
<isNull>
<variable identifier="vufgb-moderation-008-nl_834953318_section_1_item_1_schoice_RESPONSE_1_1456310"/>
</isNull>
<setOutcomeValue identifier="SCORE_RESPONSE_1">
<sum>
<variable identifier="SCORE_RESPONSE_1"/>
<baseValue baseType="float">0</baseValue>
</sum>
</setOutcomeValue>
</responseIf>
</responseCondition>
<setOutcomeValue identifier="SCORE_RESPONSE_1">
<sum>
<variable identifier="SCORE_RESPONSE_1"/>
<mapResponse identifier="vufgb-moderation-008-nl_834953318_section_1_item_1_schoice_RESPONSE_1_1456310"/>
</sum>
</setOutcomeValue>
<responseCondition>
<responseIf>
<lt>
<variable identifier="SCORE_RESPONSE_1"/>
<variable identifier="MINSCORE_RESPONSE_1"/>
</lt>
<setOutcomeValue identifier="SCORE_RESPONSE_1">
<variable identifier="MINSCORE_RESPONSE_1"/>
</setOutcomeValue>
</responseIf>
</responseCondition>
<setOutcomeValue identifier="SCORE">
<sum>
<variable identifier="SCORE_RESPONSE_1"/>
</sum>
</setOutcomeValue>
<responseCondition>
<responseIf>
<lt>
<variable identifier="SCORE"/>
<variable identifier="MINSCORE"/>
</lt>
<setOutcomeValue identifier="SCORE">
<variable identifier="MINSCORE"/>
</setOutcomeValue>
</responseIf>
</responseCondition>
<responseCondition>
<responseIf>
<lt>
<variable identifier="SCORE"/>
<baseValue baseType="float">1</baseValue>
</lt>
<setOutcomeValue identifier="FEEDBACKMODAL">
<multiple>
<variable identifier="FEEDBACKMODAL"/>
<baseValue baseType="identifier">Feedback154720726</baseValue>
</multiple>
</setOutcomeValue>
</responseIf>
</responseCondition>
</responseProcessing>
<modalFeedback identifier="Feedback154720726" outcomeIdentifier="FEEDBACKMODAL" showHide="show">
<ol type = "a">
<li> … verdwijnt als de waarde op de andere predictor verschijnt. <br /> Incorrect </li>
<li> … verandert als de waarde op de andere predictor verandert. <br /> Correct </li>
<li> … neemt af als de andere predictor constant wordt gehouden. <br /> Incorrect </li>
<li> … verandert van richting als de andere predictor gecentreerd wordt. <br /> Incorrect </li>
</ol>
</modalFeedback>
</assessmentItem>
