<?xml version="1.0" encoding="utf-8" standalone="yes"?>
<assessmentItem identifier="uva-oneway-anova-273-nl-tv_202601131823_item_1_schoice" title="uva-oneway-anova-273-nl-tv_202601131823_item_1_schoice_uva-oneway-anova-273-nl" adaptive="false" timeDependent="false" toolName="Testvision Online" toolVersion="39.0.9084" xmlns="http://www.imsglobal.org/xsd/imsqti_v2p1"> <responseDeclaration identifier="RESPONSE" cardinality="single" baseType="identifier"> <correctResponse> <value>alt_188465</value> </correctResponse> <mapping defaultValue="0" lowerBound="0.0"> <mapEntry mapKey="alt_718241" mappedValue="-0.333333333333333"/> <mapEntry mapKey="alt_128582" mappedValue="-0.333333333333333"/> <mapEntry mapKey="alt_188465" mappedValue="1"/> <mapEntry mapKey="alt_711828" mappedValue="-0.333333333333333"/> </mapping> </responseDeclaration> <outcomeDeclaration identifier="SCORE" cardinality="single" baseType="float" normalMaximum="1" normalMinimum="0" /> <outcomeDeclaration identifier="FEEDBACK" cardinality="single" baseType="identifier" /> <stylesheet href="css/uva-oneway-anova-273-nl-tv_202601131823_item_1_schoice.css" type="text/css" /> <itemBody> <p>Hieronder staat de (onvolledige) ANOVA-tabel van een CRD-ANOVA (Completely Randomised Design ANOVA), die is uitgevoerd op gegevens die verzameld zijn bij 16 personen, verdeeld over 4 groepen. </p> <table> <tbody> <tr class="odd"> <td class="recss_2">Variatiebron</td> <td class="recss_2">SS</td> <td class="recss_2">df</td> <td class="recss_2">MS</td> <td class="recss_2">F</td> </tr> <tr class="even"> <td class="recss_2">Among groups</td> <td class="recss_2"> </td> <td class="recss_2"> </td> <td class="recss_2"> </td> <td class="recss_2">8.0</td> </tr> <tr class="odd"> <td class="recss_2">Within groups</td> <td class="recss_2">60</td> <td class="recss_2">12</td> <td class="recss_2"> </td> <td class="recss_2"> </td> </tr> <tr class="even"> <td class="recss_2">Total</td> <td class="recss_2">180</td> <td class="recss_2"> </td> <td class="recss_2"> </td> <td class="recss_2"> </td> </tr> </tbody> </table> <p>De waarde van MS(Among groups) is hier gelijk aan</p> <choiceInteraction responseIdentifier="RESPONSE" shuffle="false" maxChoices="1"> <simpleChoice identifier="alt_718241"> <div class="textblock tvblock tvcss_1"><div class="rte_zone tveditor1">  5 </div> </div> </simpleChoice> <simpleChoice identifier="alt_128582"> <div class="textblock tvblock tvcss_1"><div class="rte_zone tveditor1">  30 </div> </div> </simpleChoice> <simpleChoice identifier="alt_188465"> <div class="textblock tvblock tvcss_1"><div class="rte_zone tveditor1">  40 </div> </div> </simpleChoice> <simpleChoice identifier="alt_711828"> <div class="textblock tvblock tvcss_1"><div class="rte_zone tveditor1">  120 </div> </div> </simpleChoice> </choiceInteraction> </itemBody> <responseProcessing> <responseCondition> <responseIf> <isNull> <variable identifier="RESPONSE"/> </isNull> <setOutcomeValue identifier="SCORE"> <baseValue baseType="float">0.0</baseValue> </setOutcomeValue> <setOutcomeValue identifier="FEEDBACK"> <baseValue baseType="identifier">FAILURE</baseValue> </setOutcomeValue> </responseIf> <responseElse> <setOutcomeValue identifier="SCORE"> <mapResponse identifier="RESPONSE"/> </setOutcomeValue> <responseCondition> <responseIf> <equal toleranceMode="relative" tolerance="0.001"> <variable identifier="SCORE"/> <variable identifier="MAXSCORE"/> </equal> <setOutcomeValue identifier="FEEDBACK"> <baseValue baseType="identifier">ANSWER_CORRECT</baseValue> </setOutcomeValue> </responseIf> <responseElse> <setOutcomeValue identifier="FEEDBACK"> <baseValue baseType="identifier">FAILURE</baseValue> </setOutcomeValue> </responseElse> </responseCondition> </responseElse> </responseCondition> </responseProcessing> <modalFeedback identifier="FAILURE" outcomeIdentifier="FEEDBACK" showHide="show"> <div class="textblock tvblock tvcss_1"><div class="rte_zone tveditor1"> <ul> <li> 5 <br /> 5: Incorrect </li> <li> 30 <br /> 30: Incorrect </li> <li> 40 <br /> 40: Correct </li> <li> 120 <br /> 120: Incorrect </li> </ul> </div> </div> </modalFeedback> <modalFeedback identifier="ANSWER_CORRECT" outcomeIdentifier="FEEDBACK" showHide="show"> <div class="textblock tvblock tvcss_1"><div class="rte_zone tveditor1"> <ul> <li> 5 <br /> 5: Incorrect </li> <li> 30 <br /> 30: Incorrect </li> <li> 40 <br /> 40: Correct </li> <li> 120 <br /> 120: Incorrect </li> </ul> </div> </div> </modalFeedback> <modalFeedback identifier="PARTIAL_CORRECT" outcomeIdentifier="FEEDBACK" showHide="show"> <div class="textblock tvblock tvcss_1"><div class="rte_zone tveditor1"> <ul> <li> 5 <br /> 5: Incorrect </li> <li> 30 <br /> 30: Incorrect </li> <li> 40 <br /> 40: Correct </li> <li> 120 <br /> 120: Incorrect </li> </ul> </div> </div> </modalFeedback> </assessmentItem>
