<?xml version="1.0" encoding="utf-8" standalone="yes"?>
<assessmentItem identifier="uva-normal-1342-nl-tv_202403081019_item_1_schoice" title="uva-normal-1342-nl-tv_202403081019_item_1_schoice_uva-normal-1342-nl" adaptive="false" timeDependent="false" toolName="Testvision Online" toolVersion="39.0.9084" xmlns="http://www.imsglobal.org/xsd/imsqti_v2p1">
<responseDeclaration identifier="RESPONSE" cardinality="single" baseType="identifier">
<correctResponse>
<value>alt_776475</value>
</correctResponse>
<mapping defaultValue="0" lowerBound="0.0">
<mapEntry mapKey="alt_991180" mappedValue="-0.333333333333333"/>
<mapEntry mapKey="alt_776475" mappedValue="1"/>
<mapEntry mapKey="alt_175140" mappedValue="-0.333333333333333"/>
<mapEntry mapKey="alt_746503" mappedValue="-0.333333333333333"/>
</mapping>
</responseDeclaration>
<outcomeDeclaration identifier="SCORE" cardinality="single" baseType="float" normalMaximum="1" normalMinimum="0" />
<outcomeDeclaration identifier="FEEDBACK" cardinality="single" baseType="identifier" />
<itemBody>
<p>Uit een rapportage van een wiskunde-examen blijkt dat de scoreverdeling
een gemiddelde score van 78 en een standaardafwijking van 10 heeft.
Definieer de scores van twee studenten die respectievelijk een
gestandaardiseerde score (<em>z</em>-score) van -0,6 en 1,2 hebben.</p>
<choiceInteraction responseIdentifier="RESPONSE" shuffle="false" maxChoices="1">
<simpleChoice identifier="alt_991180">
<div class="textblock tvblock tvcss_1"><div class="rte_zone tveditor1">
 -0,6 en 1,2
</div>
</div>
</simpleChoice>
<simpleChoice identifier="alt_776475">
<div class="textblock tvblock tvcss_1"><div class="rte_zone tveditor1">
 72 en 90
</div>
</div>
</simpleChoice>
<simpleChoice identifier="alt_175140">
<div class="textblock tvblock tvcss_1"><div class="rte_zone tveditor1">
 78 en 68
</div>
</div>
</simpleChoice>
<simpleChoice identifier="alt_746503">
<div class="textblock tvblock tvcss_1"><div class="rte_zone tveditor1">
 84 en 66
</div>
</div>
</simpleChoice>
</choiceInteraction>
</itemBody>
<responseProcessing>
<responseCondition>
<responseIf>
<isNull>
<variable identifier="RESPONSE"/>
</isNull>
<setOutcomeValue identifier="SCORE">
<baseValue baseType="float">0.0</baseValue>
</setOutcomeValue>
<setOutcomeValue identifier="FEEDBACK">
<baseValue baseType="identifier">FAILURE</baseValue>
</setOutcomeValue>
</responseIf>
<responseElse>
<setOutcomeValue identifier="SCORE">
<mapResponse identifier="RESPONSE"/>
</setOutcomeValue>
<responseCondition>
<responseIf>
<equal toleranceMode="relative" tolerance="0.001">
<variable identifier="SCORE"/>
<variable identifier="MAXSCORE"/>
</equal>
<setOutcomeValue identifier="FEEDBACK">
<baseValue baseType="identifier">ANSWER_CORRECT</baseValue>
</setOutcomeValue>
</responseIf>
<responseElse>
<setOutcomeValue identifier="FEEDBACK">
<baseValue baseType="identifier">FAILURE</baseValue>
</setOutcomeValue>
</responseElse>
</responseCondition>
</responseElse>
</responseCondition>
</responseProcessing>
<modalFeedback identifier="FAILURE" outcomeIdentifier="FEEDBACK" showHide="show">
<div class="textblock tvblock tvcss_1"><div class="rte_zone tveditor1">
<p>Het correcte antwoord is:</p>
<ul>
<li>72 en 90</li>
</ul>
</div>
</div>
</modalFeedback>
<modalFeedback identifier="ANSWER_CORRECT" outcomeIdentifier="FEEDBACK" showHide="show">
<div class="textblock tvblock tvcss_1"><div class="rte_zone tveditor1">
<p>Het correcte antwoord is:</p>
<ul>
<li>72 en 90</li>
</ul>
</div>
</div>
</modalFeedback>
<modalFeedback identifier="PARTIAL_CORRECT" outcomeIdentifier="FEEDBACK" showHide="show">
<div class="textblock tvblock tvcss_1"><div class="rte_zone tveditor1">
<p>Het correcte antwoord is:</p>
<ul>
<li>72 en 90</li>
</ul>
</div>
</div>
</modalFeedback>
</assessmentItem>
