<?xml version="1.0" encoding="UTF-8"?>
<!DOCTYPE questestinterop SYSTEM "ims_qtiasiv1p2p1.dtd">

<questestinterop xmlns="http://www.imsglobal.org/xsd/ims_qtiasiv1p2" xmlns:xsi="http://www.w3.org/2001/XMLSchema-instance" xsi:schemaLocation="http://www.imsglobal.org/xsd/ims_qtiasiv1p2 http://www.imsglobal.org/xsd/ims_qtiasiv1p2p1.xsd">
<assessment ident="eur-inferential_statistics-203-nl-canvas_550470276" title="eur-inferential_statistics-203-nl-canvas">

<qtimetadata>
<qtimetadatafield>
<fieldlabel>cc_maxattempts</fieldlabel>
<fieldentry>1</fieldentry>
</qtimetadatafield>
<qtimetadatafield>
<fieldlabel>qmd_assessmenttype</fieldlabel>
<fieldentry>Assessment</fieldentry>
</qtimetadatafield>
</qtimetadata>
<objectives>
<material>
<mattext><![CDATA[Please solve the following exercises.]]></mattext>
</material>
</objectives>
<assessmentcontrol feedbackswitch="No" hintswitch="No" solutionswitch="Yes"/>
<outcomes_processing scoremodel="SumOfScores">
<outcomes>
<decvar varname="SCORE" vartype="Decimal" cutvalue="0"/>
</outcomes>
</outcomes_processing>
<assessfeedback title="AssessmentFeedback" ident="AssessmentFeedback">
<flow_mat>
<material>
<mattext>##AssessmentFeedback##</mattext>
</material>
</flow_mat>
</assessfeedback>

<section ident="eur-inferential_statistics-203-nl-canvas_550470276_section_1" title="Exercise">

<objectives>
<material>
<mattext><![CDATA[Please answer the following question.]]></mattext>
</material>
</objectives>
<selection_ordering>
<selection>
<selection_number>1</selection_number>
<selection_extension>
<points_per_item>1</points_per_item>
</selection_extension>
</selection>
<order order_type="Random"/>
</selection_ordering>

<item ident="eur-inferential_statistics-203-nl-canvas_550470276_section_1_item_1_string" title="Question" maxattempts="1">
<itemcontrol feedbackswitch="No" hintswitch="No" solutionswitch="Yes"/>
<itemmetadata>
<qtimetadata>
<qtimetadatafield>
<fieldlabel>question_type</fieldlabel>
<fieldentry>short_answer_question</fieldentry>
</qtimetadatafield>
</qtimetadata>
</itemmetadata>
<presentation>
<flow>
<material>
<matbreak/>
<mattext texttype="text/html" charset="utf-8"><![CDATA[
<p>Bereken het 95% betrouwbaarheidsinterval van een student met een cijfer van 5,2 gegeven een betrouwbaarheid van .81 voor het examen. De variantie van de cijfers is 4 Formule voor het 95% betrouwbaarheidsinterval: <span class="math inline">\(95\% CI = X_o ± Z_{p=95} \times se_m\)</span>
De formule voor de standaardmeetfout is: <span class="math inline">\(se_m = s_o \times \sqrt{1 - R_{xx}}\)</span></p>
]]></mattext>
<matbreak/>
</material>
<response_str ident="eur-inferential_statistics-203-nl-canvas_550470276_section_1_item_1_string_RESPONSE_6017551" rcardinality="Single" numtype="Decimal">
<render_fib fibtype="Decimal" maxchars="12">
<flow_label class="Block">
<response_label ident="eur-inferential_statistics-203-nl-canvas_550470276_section_1_item_1_string_RESPONSE_6017551" rshuffle="No"/>
</flow_label>
</render_fib>
</response_str>
<material>
<matbreak/>
</material>
</flow>
</presentation>
<resprocessing>
<outcomes>
<decvar varname="SCORE" vartype="Decimal" defaultval="0" minvalue="0" maxvalue="1" cutvalue="1"/>
</outcomes>
<respcondition title="Mastery" continue="No">
<conditionvar>
<varequal respident="eur-inferential_statistics-203-nl-canvas_550470276_section_1_item_1_string_RESPONSE_6017551" case="No"><![CDATA[""]]></varequal>
</conditionvar>
<setvar varname="SCORE" action="Set">1</setvar>
<displayfeedback feedbacktype="Response" linkrefid="correct_fb"/>
</respcondition>
<respcondition continue="Yes" title="Mastery">
<conditionvar>
<varequal respident="eur-inferential_statistics-203-nl-canvas_550470276_section_1_item_1_string_RESPONSE_6017551" case="No"><![CDATA[""]]></varequal>
</conditionvar>
</respcondition>
<respcondition continue="Yes">
<conditionvar>
<other/>
</conditionvar>
<displayfeedback feedbacktype="Response" linkrefid="general_incorrect_fb"/>
</respcondition>
</resprocessing>
<itemfeedback ident="correct_fb" view="All">
<flow_mat>
<material>
<mattext texttype="text/html"><![CDATA[
<p>Je hebt de formule voor het 95%-betrouwbaarheidsinterval nodig: <span class="math inline">\(95\% CI = X_o ± Z_{p=95} \times se_m\)</span></p>
<p><span class="math inline">\(95\% CI = 5.2 ± 1.96 \times se_m\)</span></p>
<p><span class="math inline">\(se_m = 2 \times \sqrt {1-.81} = .872\)</span></p>
<p><span class="math inline">\(95\% CI = 5.2 ± 1.96 \times .872 = 5.2 ± 1.71\)</span></p>
<p>De 95% CI van graad 5.2 is <span class="math inline">\([3.49-6.93]\)</span></p>
]]></mattext>
</material>
</flow_mat>
</itemfeedback>
<itemfeedback ident="general_incorrect_fb" view="All">
<flow_mat>
<material>
<mattext texttype="text/html"><![CDATA[
<p>Je hebt de formule voor het 95%-betrouwbaarheidsinterval nodig: <span class="math inline">\(95\% CI = X_o ± Z_{p=95} \times se_m\)</span></p>
<p><span class="math inline">\(95\% CI = 5.2 ± 1.96 \times se_m\)</span></p>
<p><span class="math inline">\(se_m = 2 \times \sqrt {1-.81} = .872\)</span></p>
<p><span class="math inline">\(95\% CI = 5.2 ± 1.96 \times .872 = 5.2 ± 1.71\)</span></p>
<p>De 95% CI van graad 5.2 is <span class="math inline">\([3.49-6.93]\)</span></p>
]]></mattext>
</material>
</flow_mat>
</itemfeedback>
</item>


</section>

</assessment>
</questestinterop>
