<?xml version="1.0" encoding="utf-8" standalone="yes"?>
<assessmentItem identifier="vufsw-equation-0041-en-tv_202601131823_item_1_schoice" title="vufsw-equation-0041-en-tv_202601131823_item_1_schoice_vufsw-equation-0041-en" adaptive="false" timeDependent="false" toolName="Testvision Online" toolVersion="39.0.9084" xmlns="http://www.imsglobal.org/xsd/imsqti_v2p1">
<responseDeclaration identifier="RESPONSE" cardinality="single" baseType="identifier">
<correctResponse>
<value>alt_823715</value>
</correctResponse>
<mapping defaultValue="0" lowerBound="0.0">
<mapEntry mapKey="alt_890228" mappedValue="-0.25"/>
<mapEntry mapKey="alt_492732" mappedValue="-0.25"/>
<mapEntry mapKey="alt_285845" mappedValue="-0.25"/>
<mapEntry mapKey="alt_823715" mappedValue="1"/>
<mapEntry mapKey="alt_786846" mappedValue="-0.25"/>
</mapping>
</responseDeclaration>
<outcomeDeclaration identifier="SCORE" cardinality="single" baseType="float" normalMaximum="1" normalMinimum="0" />
<outcomeDeclaration identifier="FEEDBACK" cardinality="single" baseType="identifier" />
<stylesheet href="css/vufsw-equation-0041-en-tv_202601131823_item_1_schoice.css" type="text/css" />
<itemBody>
<p>Below are the results of two separate regressions (for women and men
separately). “Gender” is a dummy variable that measures one’s sex (0 =
male; 1 = female). The dependent variable “CGPA” stands for one’s
College Grade Point Average and measures one’s study performance on a
scale from 2.5 (minimum score) to 4.0 (maximum score). “WatchTV” is a
variable that indicates how many minutes per day a person usually spends
watching TV.<br />
What is the correct regression equation for women?</p>
<p><img src="mediafiles/supplements1/Untitled.png" alt="image"/></p>
<choiceInteraction responseIdentifier="RESPONSE" shuffle="false" maxChoices="1">
<simpleChoice identifier="alt_890228">
<div class="textblock tvblock tvcss_1"><div class="rte_zone tveditor1">
 Y = 0,085 + 0,001 * X
</div>
</div>
</simpleChoice>
<simpleChoice identifier="alt_492732">
<div class="textblock tvblock tvcss_1"><div class="rte_zone tveditor1">
 Y = –1,645 + 0,108 * X
</div>
</div>
</simpleChoice>
<simpleChoice identifier="alt_285845">
<div class="textblock tvblock tvcss_1"><div class="rte_zone tveditor1">
 Y = 3,762 + 0,085 * X
</div>
</div>
</simpleChoice>
<simpleChoice identifier="alt_823715">
<div class="textblock tvblock tvcss_1"><div class="rte_zone tveditor1">
 Y = 3,762 – 0,002 * X
</div>
</div>
</simpleChoice>
<simpleChoice identifier="alt_786846">
<div class="textblock tvblock tvcss_1"><div class="rte_zone tveditor1">
 Y = 3,763 – 0,003 * X
</div>
</div>
</simpleChoice>
</choiceInteraction>
</itemBody>
<responseProcessing>
<responseCondition>
<responseIf>
<isNull>
<variable identifier="RESPONSE"/>
</isNull>
<setOutcomeValue identifier="SCORE">
<baseValue baseType="float">0.0</baseValue>
</setOutcomeValue>
<setOutcomeValue identifier="FEEDBACK">
<baseValue baseType="identifier">FAILURE</baseValue>
</setOutcomeValue>
</responseIf>
<responseElse>
<setOutcomeValue identifier="SCORE">
<mapResponse identifier="RESPONSE"/>
</setOutcomeValue>
<responseCondition>
<responseIf>
<equal toleranceMode="relative" tolerance="0.001">
<variable identifier="SCORE"/>
<variable identifier="MAXSCORE"/>
</equal>
<setOutcomeValue identifier="FEEDBACK">
<baseValue baseType="identifier">ANSWER_CORRECT</baseValue>
</setOutcomeValue>
</responseIf>
<responseElse>
<setOutcomeValue identifier="FEEDBACK">
<baseValue baseType="identifier">FAILURE</baseValue>
</setOutcomeValue>
</responseElse>
</responseCondition>
</responseElse>
</responseCondition>
</responseProcessing>
<modalFeedback identifier="FAILURE" outcomeIdentifier="FEEDBACK" showHide="show">
<div class="textblock tvblock tvcss_1"><div class="rte_zone tveditor1">
<p>Language<br />
Nederlands</p>
<p>Levels of Difficulty<br />
Easy</p>
<p>M&amp;T Basics of quantitative research<br />
Basics of quantitative research</p>
<p>M&amp;T BIS<br />
Default value</p>
<br />
<ul>
<li> Y = 0,085 + 0,001 * X <br /> False </li>
<li> Y = –1,645 + 0,108 * X <br /> False </li>
<li> Y = 3,762 + 0,085 * X <br /> False </li>
<li> Y = 3,762 – 0,002 * X <br /> True </li>
<li> Y = 3,763 – 0,003 * X <br /> False </li>
</ul>
</div>
</div>
</modalFeedback>
<modalFeedback identifier="ANSWER_CORRECT" outcomeIdentifier="FEEDBACK" showHide="show">
<div class="textblock tvblock tvcss_1"><div class="rte_zone tveditor1">
<p>Language<br />
Nederlands</p>
<p>Levels of Difficulty<br />
Easy</p>
<p>M&amp;T Basics of quantitative research<br />
Basics of quantitative research</p>
<p>M&amp;T BIS<br />
Default value</p>
<br />
<ul>
<li> Y = 0,085 + 0,001 * X <br /> False </li>
<li> Y = –1,645 + 0,108 * X <br /> False </li>
<li> Y = 3,762 + 0,085 * X <br /> False </li>
<li> Y = 3,762 – 0,002 * X <br /> True </li>
<li> Y = 3,763 – 0,003 * X <br /> False </li>
</ul>
</div>
</div>
</modalFeedback>
<modalFeedback identifier="PARTIAL_CORRECT" outcomeIdentifier="FEEDBACK" showHide="show">
<div class="textblock tvblock tvcss_1"><div class="rte_zone tveditor1">
<p>Language<br />
Nederlands</p>
<p>Levels of Difficulty<br />
Easy</p>
<p>M&amp;T Basics of quantitative research<br />
Basics of quantitative research</p>
<p>M&amp;T BIS<br />
Default value</p>
<br />
<ul>
<li> Y = 0,085 + 0,001 * X <br /> False </li>
<li> Y = –1,645 + 0,108 * X <br /> False </li>
<li> Y = 3,762 + 0,085 * X <br /> False </li>
<li> Y = 3,762 – 0,002 * X <br /> True </li>
<li> Y = 3,763 – 0,003 * X <br /> False </li>
</ul>
</div>
</div>
</modalFeedback>
</assessmentItem>
