<?xml version="1.0" encoding="utf-8" standalone="yes"?>
<assessmentItem identifier="uu-Twoway-ANOVA-861-en-tv_202601131821_item_1_schoice" title="uu-Twoway-ANOVA-861-en-tv_202601131821_item_1_schoice_uu-Twoway-ANOVA-861-en" adaptive="false" timeDependent="false" toolName="Testvision Online" toolVersion="39.0.9084" xmlns="http://www.imsglobal.org/xsd/imsqti_v2p1">
<responseDeclaration identifier="RESPONSE" cardinality="single" baseType="identifier">
<correctResponse>
<value>alt_511588</value>
</correctResponse>
<mapping defaultValue="0" lowerBound="0.0">
<mapEntry mapKey="alt_511588" mappedValue="1"/>
<mapEntry mapKey="alt_331681" mappedValue="-0.333333333333333"/>
<mapEntry mapKey="alt_208133" mappedValue="-0.333333333333333"/>
<mapEntry mapKey="alt_902964" mappedValue="-0.333333333333333"/>
</mapping>
</responseDeclaration>
<outcomeDeclaration identifier="SCORE" cardinality="single" baseType="float" normalMaximum="1" normalMinimum="0" />
<outcomeDeclaration identifier="FEEDBACK" cardinality="single" baseType="identifier" />
<stylesheet href="css/uu-Twoway-ANOVA-861-en-tv_202601131821_item_1_schoice.css" type="text/css" />
<itemBody>
<p>In a study about a needle maze, some subjects are shocked and others are not. Moreover, some are told they will earn 10 euros if they complete the maze correctly in 5 times. The others are told they will get 100 euros in return. It turns out that the shocks have no effect on the subjects’ behavior. But it turns out that those who are promised 100 euros learn faster than those who are promised only 10 euros. This result is an example of</p>
<choiceInteraction responseIdentifier="RESPONSE" shuffle="false" maxChoices="1">
<simpleChoice identifier="alt_511588">
<div class="textblock tvblock tvcss_1"><div class="rte_zone tveditor1">
 A main effect of motive (money).
</div>
</div>
</simpleChoice>
<simpleChoice identifier="alt_331681">
<div class="textblock tvblock tvcss_1"><div class="rte_zone tveditor1">
 A main effect of shock.
</div>
</div>
</simpleChoice>
<simpleChoice identifier="alt_208133">
<div class="textblock tvblock tvcss_1"><div class="rte_zone tveditor1">
 An interaction between shock and motive.
</div>
</div>
</simpleChoice>
<simpleChoice identifier="alt_902964">
<div class="textblock tvblock tvcss_1"><div class="rte_zone tveditor1">
 A, b and c are all correct
</div>
</div>
</simpleChoice>
</choiceInteraction>
</itemBody>
<responseProcessing>
<responseCondition>
<responseIf>
<isNull>
<variable identifier="RESPONSE"/>
</isNull>
<setOutcomeValue identifier="SCORE">
<baseValue baseType="float">0.0</baseValue>
</setOutcomeValue>
<setOutcomeValue identifier="FEEDBACK">
<baseValue baseType="identifier">FAILURE</baseValue>
</setOutcomeValue>
</responseIf>
<responseElse>
<setOutcomeValue identifier="SCORE">
<mapResponse identifier="RESPONSE"/>
</setOutcomeValue>
<responseCondition>
<responseIf>
<equal toleranceMode="relative" tolerance="0.001">
<variable identifier="SCORE"/>
<variable identifier="MAXSCORE"/>
</equal>
<setOutcomeValue identifier="FEEDBACK">
<baseValue baseType="identifier">ANSWER_CORRECT</baseValue>
</setOutcomeValue>
</responseIf>
<responseElse>
<setOutcomeValue identifier="FEEDBACK">
<baseValue baseType="identifier">FAILURE</baseValue>
</setOutcomeValue>
</responseElse>
</responseCondition>
</responseElse>
</responseCondition>
</responseProcessing>
<modalFeedback identifier="FAILURE" outcomeIdentifier="FEEDBACK" showHide="show">
<div class="textblock tvblock tvcss_1"><div class="rte_zone tveditor1">
</div>
</div>
</modalFeedback>
<modalFeedback identifier="ANSWER_CORRECT" outcomeIdentifier="FEEDBACK" showHide="show">
<div class="textblock tvblock tvcss_1"><div class="rte_zone tveditor1">
</div>
</div>
</modalFeedback>
<modalFeedback identifier="PARTIAL_CORRECT" outcomeIdentifier="FEEDBACK" showHide="show">
<div class="textblock tvblock tvcss_1"><div class="rte_zone tveditor1">
</div>
</div>
</modalFeedback>
</assessmentItem>
