<?xml version="1.0" encoding="utf-8" standalone="yes"?>
<assessmentItem identifier="uu-Normality-800-en-tv_202307180613_item_1_string" title="uu-Normality-800-en-tv_202307180613_item_1_string_uu-Normality-800-en.Rmd" adaptive="false" timeDependent="false" toolName="Testvision Online" toolVersion="39.0.9084" xmlns="http://www.imsglobal.org/xsd/imsqti_v2p1">
<responseDeclaration identifier="RESPONSE" cardinality="single" baseType="string">
<correctResponse>
<value>No</value>
</correctResponse>
<mapping defaultValue="0">
<mapEntry mapKey="No" mappedValue="1" />
</mapping>
</responseDeclaration>
<outcomeDeclaration identifier="SCORE" cardinality="single" baseType="float" normalMaximum="1" normalMinimum="0" />
<outcomeDeclaration identifier="FEEDBACK" cardinality="single" baseType="identifier" />
<itemBody>
<p>Included in this question is SPSS output from a multiple regression model from a dataset from the US National Center of Educational Statistics. This dataset is called High School Beyond and has data on variables related to students’ academic achievement. Specifically, the outcome variable for the regression model is “Math Score” which is predicted from “Locus of Control”, “Self-Concept”, and “Reading Score”. In addition, the Appendix includes plots that were created from the same model. Use the plots to help you answer questions about assumptions of the regression model for the High School Beyond dataset.</p>
<p>Using only the plots, tables, and statistics provided in the appendix, can you determine whether the normality assumption is upheld or violated? If yes, state which plot, table, or statistic you would use and state your conclusion. If the appropriate plot, table, or statistic is not provided, name which plot, table or statistic you would need to assess this assumption.</p>
<p><img src="mediafiles/supplements1/uu-Normality-800-en-tabel.jpg" alt="image"/></p>
<extendedTextInteraction responseIdentifier="RESPONSE" expectedLength="12"/>
</itemBody>
<responseProcessing>
<responseCondition>
<responseIf>
<isNull>
<variable identifier="RESPONSE"/>
</isNull>
<setOutcomeValue identifier="SCORE">
<baseValue baseType="float">0.0</baseValue>
</setOutcomeValue>
<setOutcomeValue identifier="FEEDBACK">
<baseValue baseType="identifier">FAILURE</baseValue>
</setOutcomeValue>
</responseIf>
<responseElse>
<setOutcomeValue identifier="SCORE">
<mapResponse identifier="RESPONSE"/>
</setOutcomeValue>
<responseCondition>
<responseIf>
<equal toleranceMode="relative" tolerance="0.001">
<variable identifier="SCORE"/>
<variable identifier="MAXSCORE"/>
</equal>
<setOutcomeValue identifier="FEEDBACK">
<baseValue baseType="identifier">ANSWER_CORRECT</baseValue>
</setOutcomeValue>
</responseIf>
<responseElse>
<setOutcomeValue identifier="FEEDBACK">
<baseValue baseType="identifier">FAILURE</baseValue>
</setOutcomeValue>
</responseElse>
</responseCondition>
</responseElse>
</responseCondition>
</responseProcessing>
<modalFeedback identifier="FAILURE" outcomeIdentifier="FEEDBACK" showHide="show">
<div class="textblock tvblock tvcss_1"><div class="rte_zone tveditor1">
<p>No, at least one of these options should be provided: QQ-plot, PP-plot, Kolmogorov-Smirnov test, Shapiro-Wilk test: 1 pt</p>
<p>Yes, the histogram of residuals helps but need more info: 0.5 pt</p>
</div>
</div>
</modalFeedback>
<modalFeedback identifier="ANSWER_CORRECT" outcomeIdentifier="FEEDBACK" showHide="show">
<div class="textblock tvblock tvcss_1"><div class="rte_zone tveditor1">
<p>No, at least one of these options should be provided: QQ-plot, PP-plot, Kolmogorov-Smirnov test, Shapiro-Wilk test: 1 pt</p>
<p>Yes, the histogram of residuals helps but need more info: 0.5 pt</p>
</div>
</div>
</modalFeedback>
<modalFeedback identifier="PARTIAL_CORRECT" outcomeIdentifier="FEEDBACK" showHide="show">
<div class="textblock tvblock tvcss_1"><div class="rte_zone tveditor1">
<p>No, at least one of these options should be provided: QQ-plot, PP-plot, Kolmogorov-Smirnov test, Shapiro-Wilk test: 1 pt</p>
<p>Yes, the histogram of residuals helps but need more info: 0.5 pt</p>
</div>
</div>
</modalFeedback>
</assessmentItem>
