<?xml version="1.0" encoding="UTF-8"?>
<!DOCTYPE questestinterop SYSTEM "ims_qtiasiv1p2p1.dtd">

<questestinterop xmlns="http://www.imsglobal.org/xsd/ims_qtiasiv1p2" xmlns:xsi="http://www.w3.org/2001/XMLSchema-instance" xsi:schemaLocation="http://www.imsglobal.org/xsd/ims_qtiasiv1p2 http://www.imsglobal.org/xsd/ims_qtiasiv1p2p1.xsd">
<assessment ident="uva-oneway-anova-360-nl-canvas_398240680" title="uva-oneway-anova-360-nl-canvas">

<qtimetadata>
<qtimetadatafield>
<fieldlabel>cc_maxattempts</fieldlabel>
<fieldentry>1</fieldentry>
</qtimetadatafield>
<qtimetadatafield>
<fieldlabel>qmd_assessmenttype</fieldlabel>
<fieldentry>Assessment</fieldentry>
</qtimetadatafield>
</qtimetadata>
<objectives>
<material>
<mattext><![CDATA[Please solve the following exercises.]]></mattext>
</material>
</objectives>
<assessmentcontrol feedbackswitch="No" hintswitch="No" solutionswitch="Yes"/>
<outcomes_processing scoremodel="SumOfScores">
<outcomes>
<decvar varname="SCORE" vartype="Decimal" cutvalue="0"/>
</outcomes>
</outcomes_processing>
<assessfeedback title="AssessmentFeedback" ident="AssessmentFeedback">
<flow_mat>
<material>
<mattext>##AssessmentFeedback##</mattext>
</material>
</flow_mat>
</assessfeedback>

<section ident="uva-oneway-anova-360-nl-canvas_398240680_section_1" title="Exercise">

<objectives>
<material>
<mattext><![CDATA[Please answer the following question.]]></mattext>
</material>
</objectives>
<selection_ordering>
<selection>
<selection_number>1</selection_number>
<selection_extension>
<points_per_item>1</points_per_item>
</selection_extension>
</selection>
<order order_type="Random"/>
</selection_ordering>

<item ident="uva-oneway-anova-360-nl-canvas_398240680_section_1_item_1_schoice" title="Question" maxattempts="1">
<itemcontrol feedbackswitch="No" hintswitch="No" solutionswitch="Yes"/>
<itemmetadata>
<qtimetadata>
<qtimetadatafield>
<fieldlabel>question_type</fieldlabel>
<fieldentry>multiple_choice_question</fieldentry>
</qtimetadatafield>
</qtimetadata>
</itemmetadata>
<presentation>
<flow>
<material>
<matbreak/>
<mattext texttype="text/html" charset="utf-8"><![CDATA[
<p>Een CRD-ANOVA die toetste of de populatiegemiddelden van 4 groepen
gelijk waren bleek significant te zijn. Hieronder staat SPSS-uitvoer van
de Fisher's LSD multiple comparisons post hoc tests die uitgevoerd zijn
om te bepalen welke groepen van elkaar verschillen. Welke groepen zijn
onderling significant verschillend op 5% niveau?</p>
<p><img src="data/supplements_1_1/uva-oneway-anova-360-nl-graph01.png" /></p>
]]></mattext>
<matbreak/>
</material>
<response_lid ident="uva-oneway-anova-360-nl-canvas_398240680_section_1_item_1_schoice_RESPONSE_1654334" rcardinality="Single" rtiming="No">
<render_choice shuffle="No">
<flow_label class="List">
<response_label ident="uva-oneway-anova-360-nl-canvas_398240680_section_1_item_1_schoice_7808801528" rshuffle="No">
<material>
<mattext texttype="text/html" charset="utf-8"><![CDATA[
 2-4
]]></mattext>
</material>
</response_label>
</flow_label>
<flow_label class="List">
<response_label ident="uva-oneway-anova-360-nl-canvas_398240680_section_1_item_1_schoice_8915120383" rshuffle="No">
<material>
<mattext texttype="text/html" charset="utf-8"><![CDATA[
 1-2, 1-3, 1-4, 2-3 en 2-4
]]></mattext>
</material>
</response_label>
</flow_label>
<flow_label class="List">
<response_label ident="uva-oneway-anova-360-nl-canvas_398240680_section_1_item_1_schoice_6064410691" rshuffle="No">
<material>
<mattext texttype="text/html" charset="utf-8"><![CDATA[
 1-3, 1-4 en 2-4
]]></mattext>
</material>
</response_label>
</flow_label>
<flow_label class="List">
<response_label ident="uva-oneway-anova-360-nl-canvas_398240680_section_1_item_1_schoice_2153104648" rshuffle="No">
<material>
<mattext texttype="text/html" charset="utf-8"><![CDATA[
 allemaal
]]></mattext>
</material>
</response_label>
</flow_label>
</render_choice>
</response_lid>
</flow>
</presentation>
<resprocessing>
<outcomes>
<decvar varname="SCORE" vartype="Decimal" defaultval="0" minvalue="0" maxvalue="1" cutvalue="1"/>
</outcomes>
<respcondition title="Mastery" continue="No">
<conditionvar>
<and>
<varequal respident="uva-oneway-anova-360-nl-canvas_398240680_section_1_item_1_schoice_RESPONSE_1654334" case="Yes">uva-oneway-anova-360-nl-canvas_398240680_section_1_item_1_schoice_6064410691</varequal>
<not> <varequal respident="uva-oneway-anova-360-nl-canvas_398240680_section_1_item_1_schoice_RESPONSE_1654334" case="Yes">uva-oneway-anova-360-nl-canvas_398240680_section_1_item_1_schoice_7808801528</varequal> </not>
<not> <varequal respident="uva-oneway-anova-360-nl-canvas_398240680_section_1_item_1_schoice_RESPONSE_1654334" case="Yes">uva-oneway-anova-360-nl-canvas_398240680_section_1_item_1_schoice_8915120383</varequal> </not>
<not> <varequal respident="uva-oneway-anova-360-nl-canvas_398240680_section_1_item_1_schoice_RESPONSE_1654334" case="Yes">uva-oneway-anova-360-nl-canvas_398240680_section_1_item_1_schoice_2153104648</varequal> </not>
</and>
</conditionvar>
<setvar varname="SCORE" action="Set">1</setvar>
<displayfeedback feedbacktype="Response" linkrefid="correct_fb"/>
</respcondition>
<respcondition continue="Yes">
<conditionvar>
<other/>
</conditionvar>
<displayfeedback feedbacktype="Response" linkrefid="general_incorrect_fb"/>
</respcondition>
</resprocessing>
<itemfeedback ident="correct_fb" view="All">
<flow_mat>
<material>
<mattext texttype="text/html"><![CDATA[
<ul>
<li> 2-4 <br /> 2-4: Incorrect </li>
<li> 1-2, 1-3, 1-4, 2-3 en 2-4 <br /> 1-2, 1-3, 1-4, 2-3 en 2-4: Incorrect </li>
<li> 1-3, 1-4 en 2-4 <br /> 1-3, 1-4 en 2-4: Correct </li>
<li> allemaal <br /> allemaal: Incorrect </li>
</ul>
]]></mattext>
</material>
</flow_mat>
</itemfeedback>
<itemfeedback ident="general_incorrect_fb" view="All">
<flow_mat>
<material>
<mattext texttype="text/html"><![CDATA[
<ul>
<li> 2-4 <br /> 2-4: Incorrect </li>
<li> 1-2, 1-3, 1-4, 2-3 en 2-4 <br /> 1-2, 1-3, 1-4, 2-3 en 2-4: Incorrect </li>
<li> 1-3, 1-4 en 2-4 <br /> 1-3, 1-4 en 2-4: Correct </li>
<li> allemaal <br /> allemaal: Incorrect </li>
</ul>
]]></mattext>
</material>
</flow_mat>
</itemfeedback>
</item>


</section>

</assessment>
</questestinterop>
