<?xml version="1.0" encoding="utf-8" standalone="yes"?>
<assessmentItem identifier="uva-normal-300-nl-tv_202601131819_item_1_schoice" title="uva-normal-300-nl-tv_202601131819_item_1_schoice_uva-normal-300-nl" adaptive="false" timeDependent="false" toolName="Testvision Online" toolVersion="39.0.9084" xmlns="http://www.imsglobal.org/xsd/imsqti_v2p1">
<responseDeclaration identifier="RESPONSE" cardinality="single" baseType="identifier">
<correctResponse>
<value>alt_150797</value>
</correctResponse>
<mapping defaultValue="0" lowerBound="0.0">
<mapEntry mapKey="alt_150797" mappedValue="1"/>
<mapEntry mapKey="alt_198014" mappedValue="-0.333333333333333"/>
<mapEntry mapKey="alt_731164" mappedValue="-0.333333333333333"/>
<mapEntry mapKey="alt_330160" mappedValue="-0.333333333333333"/>
</mapping>
</responseDeclaration>
<outcomeDeclaration identifier="SCORE" cardinality="single" baseType="float" normalMaximum="1" normalMinimum="0" />
<outcomeDeclaration identifier="FEEDBACK" cardinality="single" baseType="identifier" />
<stylesheet href="css/uva-normal-300-nl-tv_202601131819_item_1_schoice.css" type="text/css" />
<itemBody>
<p>Y ~ N(6, 2<sup>2</sup>). Dan is P(Y &gt; 10) gelijk aan</p>
<choiceInteraction responseIdentifier="RESPONSE" shuffle="false" maxChoices="1">
<simpleChoice identifier="alt_150797">
<div class="textblock tvblock tvcss_1"><div class="rte_zone tveditor1">
 0.0228
</div>
</div>
</simpleChoice>
<simpleChoice identifier="alt_198014">
<div class="textblock tvblock tvcss_1"><div class="rte_zone tveditor1">
 0.1587
</div>
</div>
</simpleChoice>
<simpleChoice identifier="alt_731164">
<div class="textblock tvblock tvcss_1"><div class="rte_zone tveditor1">
 0.3413
</div>
</div>
</simpleChoice>
<simpleChoice identifier="alt_330160">
<div class="textblock tvblock tvcss_1"><div class="rte_zone tveditor1">
 0.4772
</div>
</div>
</simpleChoice>
</choiceInteraction>
</itemBody>
<responseProcessing>
<responseCondition>
<responseIf>
<isNull>
<variable identifier="RESPONSE"/>
</isNull>
<setOutcomeValue identifier="SCORE">
<baseValue baseType="float">0.0</baseValue>
</setOutcomeValue>
<setOutcomeValue identifier="FEEDBACK">
<baseValue baseType="identifier">FAILURE</baseValue>
</setOutcomeValue>
</responseIf>
<responseElse>
<setOutcomeValue identifier="SCORE">
<mapResponse identifier="RESPONSE"/>
</setOutcomeValue>
<responseCondition>
<responseIf>
<equal toleranceMode="relative" tolerance="0.001">
<variable identifier="SCORE"/>
<variable identifier="MAXSCORE"/>
</equal>
<setOutcomeValue identifier="FEEDBACK">
<baseValue baseType="identifier">ANSWER_CORRECT</baseValue>
</setOutcomeValue>
</responseIf>
<responseElse>
<setOutcomeValue identifier="FEEDBACK">
<baseValue baseType="identifier">FAILURE</baseValue>
</setOutcomeValue>
</responseElse>
</responseCondition>
</responseElse>
</responseCondition>
</responseProcessing>
<modalFeedback identifier="FAILURE" outcomeIdentifier="FEEDBACK" showHide="show">
<div class="textblock tvblock tvcss_1"><div class="rte_zone tveditor1">
<ul>
<li> 0.0228 <br /> 0.0228: Correct </li>
<li> 0.1587 <br /> 0.1587: Incorrect </li>
<li> 0.3413 <br /> 0.3413: Incorrect </li>
<li> 0.4772 <br /> 0.4772: Incorrect </li>
</ul>
</div>
</div>
</modalFeedback>
<modalFeedback identifier="ANSWER_CORRECT" outcomeIdentifier="FEEDBACK" showHide="show">
<div class="textblock tvblock tvcss_1"><div class="rte_zone tveditor1">
<ul>
<li> 0.0228 <br /> 0.0228: Correct </li>
<li> 0.1587 <br /> 0.1587: Incorrect </li>
<li> 0.3413 <br /> 0.3413: Incorrect </li>
<li> 0.4772 <br /> 0.4772: Incorrect </li>
</ul>
</div>
</div>
</modalFeedback>
<modalFeedback identifier="PARTIAL_CORRECT" outcomeIdentifier="FEEDBACK" showHide="show">
<div class="textblock tvblock tvcss_1"><div class="rte_zone tveditor1">
<ul>
<li> 0.0228 <br /> 0.0228: Correct </li>
<li> 0.1587 <br /> 0.1587: Incorrect </li>
<li> 0.3413 <br /> 0.3413: Incorrect </li>
<li> 0.4772 <br /> 0.4772: Incorrect </li>
</ul>
</div>
</div>
</modalFeedback>
</assessmentItem>
