<?xml version="1.0" encoding="UTF-8"?>
<assessmentItem xsi:schemaLocation="http://www.imsglobal.org/xsd/imsqti_v2p1 http://www.imsglobal.org/xsd/qti/qtiv2p1/imsqti_v2p1p1.xsd http://www.w3.org/1998/Math/MathML http://www.w3.org/Math/XMLSchema/mathml2/mathml2.xsd" identifier="uva-simple-linear-regression-178-en-ans_403443341_section_1_item_1_schoice" title="Inferential_Statistics_uva-simple-linear-regression-178-en_uva-simple-linear-regression-178-en_schoice_1" adaptive="false" timeDependent="false" xmlns="http://www.imsglobal.org/xsd/imsqti_v2p1" xmlns:xsi="http://www.w3.org/2001/XMLSchema-instance">
<responseDeclaration identifier="uva-simple-linear-regression-178-en-ans_403443341_section_1_item_1_schoice_RESPONSE_1_7861862" cardinality="single" baseType="identifier">
<correctResponse>
<value>uva-simple-linear-regression-178-en-ans_403443341_section_1_item_1_schoice_2_9031473072</value>
</correctResponse>
<mapping defaultValue="0" lowerBound="0.0">
<mapEntry mapKey="uva-simple-linear-regression-178-en-ans_403443341_section_1_item_1_schoice_1_3785740281" mappedValue="0"/>
<mapEntry mapKey="uva-simple-linear-regression-178-en-ans_403443341_section_1_item_1_schoice_2_9031473072" mappedValue="1"/>
<mapEntry mapKey="uva-simple-linear-regression-178-en-ans_403443341_section_1_item_1_schoice_3_5331196267" mappedValue="0"/>
</mapping>
</responseDeclaration>
<outcomeDeclaration identifier="SCORE" cardinality="single" baseType="float" normalMaximum="1" normalMinimum="0">
<defaultValue>
<value>0.0</value>
</defaultValue>
</outcomeDeclaration>
<outcomeDeclaration identifier="MAXSCORE" cardinality="single" baseType="float">
<defaultValue>
<value>1</value>
</defaultValue>
</outcomeDeclaration>
<outcomeDeclaration identifier="FEEDBACKBASIC" cardinality="single" baseType="identifier" view="testConstructor">
<defaultValue>
<value>empty</value>
</defaultValue>
</outcomeDeclaration>
<outcomeDeclaration identifier="FEEDBACKMODAL" cardinality="multiple" baseType="identifier" view="testConstructor"/>
<outcomeDeclaration identifier="SOLUTIONMODAL" cardinality="single" baseType="identifier" view="testConstructor"/>
<outcomeDeclaration identifier="MINSCORE" cardinality="single" baseType="float">
<defaultValue>
<value baseType="float">0</value>
</defaultValue>
</outcomeDeclaration>
<outcomeDeclaration identifier="SCORE_RESPONSE_1" cardinality="single" baseType="float">
<defaultValue>
<value>0.0</value>
</defaultValue>
</outcomeDeclaration>
<outcomeDeclaration identifier="MINSCORE_RESPONSE_1" cardinality="single" baseType="float">
<defaultValue>
<value>0.0</value>
</defaultValue>
</outcomeDeclaration>
<itemBody>
<p>We have the regression equation <em>ŷ</em> = 4 + 2<em>x</em><sub>1</sub> + 5<em>x</em><sub>2</sub> + 9<em>x</em><sub>3</sub>. We check for <em>x</em><sub>2</sub> and <em>x</em><sub>3</sub>. Now we want to know what the increase in predicted <em>y</em> is if we go from 5 to 10 for <em>x</em><sub>1</sub>.</p>
<choiceInteraction responseIdentifier="uva-simple-linear-regression-178-en-ans_403443341_section_1_item_1_schoice_RESPONSE_1_7861862" shuffle="false" maxChoices="1">
<simpleChoice identifier="uva-simple-linear-regression-178-en-ans_403443341_section_1_item_1_schoice_1_3785740281">
<p>
 5
</p>
</simpleChoice>
<simpleChoice identifier="uva-simple-linear-regression-178-en-ans_403443341_section_1_item_1_schoice_2_9031473072">
<p>
 10
</p>
</simpleChoice>
<simpleChoice identifier="uva-simple-linear-regression-178-en-ans_403443341_section_1_item_1_schoice_3_5331196267">
<p>
 20
</p>
</simpleChoice>
</choiceInteraction>
</itemBody>
<responseProcessing>
<setOutcomeValue identifier="SCORE_RESPONSE_1">
<sum>
<variable identifier="SCORE_RESPONSE_1"/>
<mapResponse identifier="uva-simple-linear-regression-178-en-ans_403443341_section_1_item_1_schoice_RESPONSE_1_7861862"/>
</sum>
</setOutcomeValue>
<responseCondition>
<responseIf>
<lt>
<variable identifier="SCORE_RESPONSE_1"/>
<variable identifier="MINSCORE_RESPONSE_1"/>
</lt>
<setOutcomeValue identifier="SCORE_RESPONSE_1">
<variable identifier="MINSCORE_RESPONSE_1"/>
</setOutcomeValue>
</responseIf>
</responseCondition>
<responseCondition>
<responseIf>
<isNull>
<variable identifier="uva-simple-linear-regression-178-en-ans_403443341_section_1_item_1_schoice_RESPONSE_1_7861862"/>
</isNull>
<setOutcomeValue identifier="SCORE_RESPONSE_1">
<sum>
<variable identifier="SCORE_RESPONSE_1"/>
<baseValue baseType="float">0</baseValue>
</sum>
</setOutcomeValue>
</responseIf>
</responseCondition>
<setOutcomeValue identifier="SCORE">
<sum>
<variable identifier="SCORE_RESPONSE_1"/>
</sum>
</setOutcomeValue>
<responseCondition>
<responseIf>
<lt>
<variable identifier="SCORE"/>
<variable identifier="MINSCORE"/>
</lt>
<setOutcomeValue identifier="SCORE">
<variable identifier="MINSCORE"/>
</setOutcomeValue>
</responseIf>
</responseCondition>
<responseCondition>
<responseIf>
<lt>
<variable identifier="SCORE"/>
<baseValue baseType="float">1</baseValue>
</lt>
<setOutcomeValue identifier="FEEDBACKMODAL">
<multiple>
<variable identifier="FEEDBACKMODAL"/>
<baseValue baseType="identifier">Feedback391439010</baseValue>
</multiple>
</setOutcomeValue>
</responseIf>
</responseCondition>
</responseProcessing>
<modalFeedback outcomeIdentifier="FEEDBACK" showHide="show" identifier="incorrect">
<ul>
<li> 5 <br /> 5: Incorrect </li>
<li> 10 <br /> 10: Correct </li>
<li> 20 <br /> 20: Incorrect </li>
</ul>
</modalFeedback>
</assessmentItem>
