<?xml version="1.0" encoding="utf-8" standalone="yes"?>
<assessmentItem identifier="vufsw-chisquaredforindependence-0086-nl-tv_202209061511_item_1_schoice" title="vufsw-chisquaredforindependence-0086-nl-tv_202209061511_item_1_schoice_vufsw-chisquaredforindependence-0086-nl" adaptive="false" timeDependent="false" toolName="Testvision Online" toolVersion="39.0.9084" xmlns="http://www.imsglobal.org/xsd/imsqti_v2p1">
<responseDeclaration identifier="RESPONSE" cardinality="single" baseType="identifier">
<correctResponse>
<value>alt_155988</value>
</correctResponse>
<mapping defaultValue="0" lowerBound="0.0">
<mapEntry mapKey="alt_295650" mappedValue="-0.25"/>
<mapEntry mapKey="alt_838711" mappedValue="-0.25"/>
<mapEntry mapKey="alt_137469" mappedValue="-0.25"/>
<mapEntry mapKey="alt_515233" mappedValue="-0.25"/>
<mapEntry mapKey="alt_155988" mappedValue="1"/>
</mapping>
</responseDeclaration>
<outcomeDeclaration identifier="SCORE" cardinality="single" baseType="float" normalMaximum="1" normalMinimum="0" />
<outcomeDeclaration identifier="FEEDBACK" cardinality="single" baseType="identifier" />
<itemBody>
<p>Een onderzoeker heeft middels een online survey 120 mensen gevraagd naar
hun favoriete soort TV programma: nieuws/actualiteiten, spelprogramma’s,
sportprogramma’s, soapseries, of overig. Respondenten mochten maar 1
antwoordmogelijkheid aanvinken. De onderzoeker is benieuwd of de
voorkeur voor het soort TV programma afhankelijk is van iemands
geslacht. Welke statistische toets is dan het meest geschikt?</p>
<choiceInteraction responseIdentifier="RESPONSE" shuffle="false" maxChoices="1">
<simpleChoice identifier="alt_295650">
<div class="textblock tvblock tvcss_1"><div class="rte_zone tveditor1">
a. Een Independent t-test
</div>
</div>
</simpleChoice>
<simpleChoice identifier="alt_838711">
<div class="textblock tvblock tvcss_1"><div class="rte_zone tveditor1">
b. Een Dependent t-test
</div>
</div>
</simpleChoice>
<simpleChoice identifier="alt_137469">
<div class="textblock tvblock tvcss_1"><div class="rte_zone tveditor1">
c. Een toets voor één proportie
</div>
</div>
</simpleChoice>
<simpleChoice identifier="alt_515233">
<div class="textblock tvblock tvcss_1"><div class="rte_zone tveditor1">
d. Een toets voor één gemiddelde (One-sample t-test)
</div>
</div>
</simpleChoice>
<simpleChoice identifier="alt_155988">
<div class="textblock tvblock tvcss_1"><div class="rte_zone tveditor1">
e. Een Chi-kwadraat toets (Chi-squared test)
</div>
</div>
</simpleChoice>
</choiceInteraction>
</itemBody>
<responseProcessing>
<responseCondition>
<responseIf>
<isNull>
<variable identifier="RESPONSE"/>
</isNull>
<setOutcomeValue identifier="SCORE">
<baseValue baseType="float">0.0</baseValue>
</setOutcomeValue>
<setOutcomeValue identifier="FEEDBACK">
<baseValue baseType="identifier">FAILURE</baseValue>
</setOutcomeValue>
</responseIf>
<responseElse>
<setOutcomeValue identifier="SCORE">
<mapResponse identifier="RESPONSE"/>
</setOutcomeValue>
<responseCondition>
<responseIf>
<equal toleranceMode="relative" tolerance="0.001">
<variable identifier="SCORE"/>
<variable identifier="MAXSCORE"/>
</equal>
<setOutcomeValue identifier="FEEDBACK">
<baseValue baseType="identifier">ANSWER_CORRECT</baseValue>
</setOutcomeValue>
</responseIf>
<responseElse>
<setOutcomeValue identifier="FEEDBACK">
<baseValue baseType="identifier">FAILURE</baseValue>
</setOutcomeValue>
</responseElse>
</responseCondition>
</responseElse>
</responseCondition>
</responseProcessing>
<modalFeedback identifier="FAILURE" outcomeIdentifier="FEEDBACK" showHide="show">
<div class="textblock tvblock tvcss_1"><div class="rte_zone tveditor1">
<ol>
<li> Een Independent t-test <br /> False </li>
<li> Een Dependent t-test <br /> False </li>
<li> Een toets voor één proportie <br /> False </li>
<li> Een toets voor één gemiddelde (One-sample t-test) <br /> False </li>
<li> Een Chi-kwadraat toets (Chi-squared test) <br /> True </li>
</ol>
</div>
</div>
</modalFeedback>
<modalFeedback identifier="ANSWER_CORRECT" outcomeIdentifier="FEEDBACK" showHide="show">
<div class="textblock tvblock tvcss_1"><div class="rte_zone tveditor1">
<ol>
<li> Een Independent t-test <br /> False </li>
<li> Een Dependent t-test <br /> False </li>
<li> Een toets voor één proportie <br /> False </li>
<li> Een toets voor één gemiddelde (One-sample t-test) <br /> False </li>
<li> Een Chi-kwadraat toets (Chi-squared test) <br /> True </li>
</ol>
</div>
</div>
</modalFeedback>
<modalFeedback identifier="PARTIAL_CORRECT" outcomeIdentifier="FEEDBACK" showHide="show">
<div class="textblock tvblock tvcss_1"><div class="rte_zone tveditor1">
<ol>
<li> Een Independent t-test <br /> False </li>
<li> Een Dependent t-test <br /> False </li>
<li> Een toets voor één proportie <br /> False </li>
<li> Een toets voor één gemiddelde (One-sample t-test) <br /> False </li>
<li> Een Chi-kwadraat toets (Chi-squared test) <br /> True </li>
</ol>
</div>
</div>
</modalFeedback>
</assessmentItem>
