<?xml version="1.0" encoding="UTF-8"?>
<assessmentItem xsi:schemaLocation="http://www.imsglobal.org/xsd/imsqti_v2p1 http://www.imsglobal.org/xsd/qti/qtiv2p1/imsqti_v2p1p1.xsd http://www.w3.org/1998/Math/MathML http://www.w3.org/Math/XMLSchema/mathml2/mathml2.xsd" identifier="uva-variance-362-en-qti_211880144_section_1_item_1_schoice" title="1" adaptive="false" timeDependent="false" xmlns="http://www.imsglobal.org/xsd/imsqti_v2p1" xmlns:xsi="http://www.w3.org/2001/XMLSchema-instance">
<responseDeclaration identifier="uva-variance-362-en-qti_211880144_section_1_item_1_schoice_RESPONSE_1_1248821" cardinality="single" baseType="identifier">
<correctResponse>
<value>uva-variance-362-en-qti_211880144_section_1_item_1_schoice_4_7722796693</value>
</correctResponse>
<mapping defaultValue="0" lowerBound="0.0">
<mapEntry mapKey="uva-variance-362-en-qti_211880144_section_1_item_1_schoice_1_9493689382" mappedValue="0"/>
<mapEntry mapKey="uva-variance-362-en-qti_211880144_section_1_item_1_schoice_2_1717840966" mappedValue="0"/>
<mapEntry mapKey="uva-variance-362-en-qti_211880144_section_1_item_1_schoice_3_7314052090" mappedValue="0"/>
<mapEntry mapKey="uva-variance-362-en-qti_211880144_section_1_item_1_schoice_4_7722796693" mappedValue="1"/>
</mapping>
</responseDeclaration>
<outcomeDeclaration identifier="SCORE" cardinality="single" baseType="float" normalMaximum="1" normalMinimum="0">
<defaultValue>
<value>0.0</value>
</defaultValue>
</outcomeDeclaration>
<outcomeDeclaration identifier="MAXSCORE" cardinality="single" baseType="float">
<defaultValue>
<value>1</value>
</defaultValue>
</outcomeDeclaration>
<outcomeDeclaration identifier="FEEDBACKBASIC" cardinality="single" baseType="identifier" view="testConstructor">
<defaultValue>
<value>empty</value>
</defaultValue>
</outcomeDeclaration>
<outcomeDeclaration identifier="FEEDBACKMODAL" cardinality="multiple" baseType="identifier" view="testConstructor"/>
<outcomeDeclaration identifier="SOLUTIONMODAL" cardinality="single" baseType="identifier" view="testConstructor"/>
<outcomeDeclaration identifier="MINSCORE" cardinality="single" baseType="float">
<defaultValue>
<value baseType="float">0</value>
</defaultValue>
</outcomeDeclaration>
<outcomeDeclaration identifier="SCORE_RESPONSE_1" cardinality="single" baseType="float">
<defaultValue>
<value>0.0</value>
</defaultValue>
</outcomeDeclaration>
<outcomeDeclaration identifier="MINSCORE_RESPONSE_1" cardinality="single" baseType="float">
<defaultValue>
<value>0.0</value>
</defaultValue>
</outcomeDeclaration>
<itemBody>
<p>A sample has the following outcomes: 12, 31, 15, 8, 24. How large is the sample variance of these numbers?</p>
<choiceInteraction responseIdentifier="uva-variance-362-en-qti_211880144_section_1_item_1_schoice_RESPONSE_1_1248821" shuffle="false" maxChoices="1">
<simpleChoice identifier="uva-variance-362-en-qti_211880144_section_1_item_1_schoice_1_9493689382">
<p>
 9.35
</p>
</simpleChoice>
<simpleChoice identifier="uva-variance-362-en-qti_211880144_section_1_item_1_schoice_2_1717840966">
<p>
 17.5
</p>
</simpleChoice>
<simpleChoice identifier="uva-variance-362-en-qti_211880144_section_1_item_1_schoice_3_7314052090">
<p>
 70
</p>
</simpleChoice>
<simpleChoice identifier="uva-variance-362-en-qti_211880144_section_1_item_1_schoice_4_7722796693">
<p>
 87.5
</p>
</simpleChoice>
</choiceInteraction>
</itemBody>
<responseProcessing>
<setOutcomeValue identifier="SCORE_RESPONSE_1">
<sum>
<variable identifier="SCORE_RESPONSE_1"/>
<mapResponse identifier="uva-variance-362-en-qti_211880144_section_1_item_1_schoice_RESPONSE_1_1248821"/>
</sum>
</setOutcomeValue>
<responseCondition>
<responseIf>
<lt>
<variable identifier="SCORE_RESPONSE_1"/>
<variable identifier="MINSCORE_RESPONSE_1"/>
</lt>
<setOutcomeValue identifier="SCORE_RESPONSE_1">
<variable identifier="MINSCORE_RESPONSE_1"/>
</setOutcomeValue>
</responseIf>
</responseCondition>
<responseCondition>
<responseIf>
<isNull>
<variable identifier="uva-variance-362-en-qti_211880144_section_1_item_1_schoice_RESPONSE_1_1248821"/>
</isNull>
<setOutcomeValue identifier="SCORE_RESPONSE_1">
<sum>
<variable identifier="SCORE_RESPONSE_1"/>
<baseValue baseType="float">0</baseValue>
</sum>
</setOutcomeValue>
</responseIf>
</responseCondition>
<setOutcomeValue identifier="SCORE">
<sum>
<variable identifier="SCORE_RESPONSE_1"/>
</sum>
</setOutcomeValue>
<responseCondition>
<responseIf>
<lt>
<variable identifier="SCORE"/>
<variable identifier="MINSCORE"/>
</lt>
<setOutcomeValue identifier="SCORE">
<variable identifier="MINSCORE"/>
</setOutcomeValue>
</responseIf>
</responseCondition>
<responseCondition>
<responseIf>
<lt>
<variable identifier="SCORE"/>
<baseValue baseType="float">1</baseValue>
</lt>
<setOutcomeValue identifier="FEEDBACKMODAL">
<multiple>
<variable identifier="FEEDBACKMODAL"/>
<baseValue baseType="identifier">Feedback954549102</baseValue>
</multiple>
</setOutcomeValue>
</responseIf>
</responseCondition>
</responseProcessing>
<modalFeedback identifier="Feedback954549102" outcomeIdentifier="FEEDBACKMODAL" showHide="show">
<ul>
<li> 9.35 <br /> 9.35: Incorrect </li>
<li> 17.5 <br /> 17.5: Incorrect </li>
<li> 70 <br /> 70: Incorrect </li>
<li> 87.5 <br /> 87.5: Correct </li>
</ul>
</modalFeedback>
</assessmentItem>
