<?xml version="1.0" encoding="UTF-8"?>
<assessmentItem xsi:schemaLocation="http://www.imsglobal.org/xsd/imsqti_v2p1 http://www.imsglobal.org/xsd/qti/qtiv2p1/imsqti_v2p1p1.xsd http://www.w3.org/1998/Math/MathML http://www.w3.org/Math/XMLSchema/mathml2/mathml2.xsd" identifier="uva-sample-mean-1306-nl-qti_604334597_section_1_item_1_schoice" title="1" adaptive="false" timeDependent="false" xmlns="http://www.imsglobal.org/xsd/imsqti_v2p1" xmlns:xsi="http://www.w3.org/2001/XMLSchema-instance">
<responseDeclaration identifier="uva-sample-mean-1306-nl-qti_604334597_section_1_item_1_schoice_RESPONSE_1_1056773" cardinality="single" baseType="identifier">
<correctResponse>
<value>uva-sample-mean-1306-nl-qti_604334597_section_1_item_1_schoice_4_5175387068</value>
</correctResponse>
<mapping defaultValue="0" lowerBound="0.0">
<mapEntry mapKey="uva-sample-mean-1306-nl-qti_604334597_section_1_item_1_schoice_1_3428657886" mappedValue="0"/>
<mapEntry mapKey="uva-sample-mean-1306-nl-qti_604334597_section_1_item_1_schoice_2_1731500742" mappedValue="0"/>
<mapEntry mapKey="uva-sample-mean-1306-nl-qti_604334597_section_1_item_1_schoice_3_2832939673" mappedValue="0"/>
<mapEntry mapKey="uva-sample-mean-1306-nl-qti_604334597_section_1_item_1_schoice_4_5175387068" mappedValue="1"/>
<mapEntry mapKey="uva-sample-mean-1306-nl-qti_604334597_section_1_item_1_schoice_5_9879893318" mappedValue="0"/>
</mapping>
</responseDeclaration>
<outcomeDeclaration identifier="SCORE" cardinality="single" baseType="float" normalMaximum="1" normalMinimum="0">
<defaultValue>
<value>0.0</value>
</defaultValue>
</outcomeDeclaration>
<outcomeDeclaration identifier="MAXSCORE" cardinality="single" baseType="float">
<defaultValue>
<value>1</value>
</defaultValue>
</outcomeDeclaration>
<outcomeDeclaration identifier="FEEDBACKBASIC" cardinality="single" baseType="identifier" view="testConstructor">
<defaultValue>
<value>empty</value>
</defaultValue>
</outcomeDeclaration>
<outcomeDeclaration identifier="FEEDBACKMODAL" cardinality="multiple" baseType="identifier" view="testConstructor"/>
<outcomeDeclaration identifier="SOLUTIONMODAL" cardinality="single" baseType="identifier" view="testConstructor"/>
<outcomeDeclaration identifier="MINSCORE" cardinality="single" baseType="float">
<defaultValue>
<value baseType="float">0</value>
</defaultValue>
</outcomeDeclaration>
<outcomeDeclaration identifier="SCORE_RESPONSE_1" cardinality="single" baseType="float">
<defaultValue>
<value>0.0</value>
</defaultValue>
</outcomeDeclaration>
<outcomeDeclaration identifier="MINSCORE_RESPONSE_1" cardinality="single" baseType="float">
<defaultValue>
<value>0.0</value>
</defaultValue>
</outcomeDeclaration>
<itemBody>
<p>Een farmaceutisch bedrijf verklaart dat 20% van de patiënten die een
nieuwe allergiemedicatie gebruikt zich slaperig voelt. Om deze
verklaring te controleren wordt er aan 500 willekeurig gekozen mensen
gevraagd dit medicijn te gebruiken. We meten <em>X</em> is het aantal mensen
dat zich slaperig voelt. De kans dat 110 of meer mensen in de steekproef
zich slaperig voelen is te schrijven als:</p>
<choiceInteraction responseIdentifier="uva-sample-mean-1306-nl-qti_604334597_section_1_item_1_schoice_RESPONSE_1_1056773" shuffle="false" maxChoices="1">
<simpleChoice identifier="uva-sample-mean-1306-nl-qti_604334597_section_1_item_1_schoice_1_3428657886">
<p>
 P(X ≥ 0,20).
</p>
</simpleChoice>
<simpleChoice identifier="uva-sample-mean-1306-nl-qti_604334597_section_1_item_1_schoice_2_1731500742">
<p>
 P(X ≥ 0,22).
</p>
</simpleChoice>
<simpleChoice identifier="uva-sample-mean-1306-nl-qti_604334597_section_1_item_1_schoice_3_2832939673">
<p>
 P(X ≤ 0,22).
</p>
</simpleChoice>
<simpleChoice identifier="uva-sample-mean-1306-nl-qti_604334597_section_1_item_1_schoice_4_5175387068">
<p>
 P(X ≥ 110).
</p>
</simpleChoice>
<simpleChoice identifier="uva-sample-mean-1306-nl-qti_604334597_section_1_item_1_schoice_5_9879893318">
<p>
 P(110 ≤ X ≤ 550).
</p>
</simpleChoice>
</choiceInteraction>
</itemBody>
<responseProcessing>
<setOutcomeValue identifier="SCORE_RESPONSE_1">
<sum>
<variable identifier="SCORE_RESPONSE_1"/>
<mapResponse identifier="uva-sample-mean-1306-nl-qti_604334597_section_1_item_1_schoice_RESPONSE_1_1056773"/>
</sum>
</setOutcomeValue>
<responseCondition>
<responseIf>
<lt>
<variable identifier="SCORE_RESPONSE_1"/>
<variable identifier="MINSCORE_RESPONSE_1"/>
</lt>
<setOutcomeValue identifier="SCORE_RESPONSE_1">
<variable identifier="MINSCORE_RESPONSE_1"/>
</setOutcomeValue>
</responseIf>
</responseCondition>
<responseCondition>
<responseIf>
<isNull>
<variable identifier="uva-sample-mean-1306-nl-qti_604334597_section_1_item_1_schoice_RESPONSE_1_1056773"/>
</isNull>
<setOutcomeValue identifier="SCORE_RESPONSE_1">
<sum>
<variable identifier="SCORE_RESPONSE_1"/>
<baseValue baseType="float">0</baseValue>
</sum>
</setOutcomeValue>
</responseIf>
</responseCondition>
<setOutcomeValue identifier="SCORE">
<sum>
<variable identifier="SCORE_RESPONSE_1"/>
</sum>
</setOutcomeValue>
<responseCondition>
<responseIf>
<lt>
<variable identifier="SCORE"/>
<variable identifier="MINSCORE"/>
</lt>
<setOutcomeValue identifier="SCORE">
<variable identifier="MINSCORE"/>
</setOutcomeValue>
</responseIf>
</responseCondition>
<responseCondition>
<responseIf>
<lt>
<variable identifier="SCORE"/>
<baseValue baseType="float">1</baseValue>
</lt>
<setOutcomeValue identifier="FEEDBACKMODAL">
<multiple>
<variable identifier="FEEDBACKMODAL"/>
<baseValue baseType="identifier">Feedback880217527</baseValue>
</multiple>
</setOutcomeValue>
</responseIf>
</responseCondition>
</responseProcessing>
<modalFeedback identifier="Feedback880217527" outcomeIdentifier="FEEDBACKMODAL" showHide="show">
<p>Het correcte antwoord is:</p>
<ul>
<li>P(X ≥ 110).</li>
</ul>
</modalFeedback>
</assessmentItem>
