<?xml version="1.0" encoding="UTF-8"?>
<assessmentItem xsi:schemaLocation="http://www.imsglobal.org/xsd/imsqti_v2p1 http://www.imsglobal.org/xsd/qti/qtiv2p1/imsqti_v2p1p1.xsd http://www.w3.org/1998/Math/MathML http://www.w3.org/Math/XMLSchema/mathml2/mathml2.xsd" identifier="vufgb-nhst-002-en-qti_671221544_section_1_item_1_schoice" title="1" adaptive="false" timeDependent="false" xmlns="http://www.imsglobal.org/xsd/imsqti_v2p1" xmlns:xsi="http://www.w3.org/2001/XMLSchema-instance">
<responseDeclaration identifier="vufgb-nhst-002-en-qti_671221544_section_1_item_1_schoice_RESPONSE_1_7139865" cardinality="single" baseType="identifier">
<correctResponse>
<value>vufgb-nhst-002-en-qti_671221544_section_1_item_1_schoice_3_5654030679</value>
</correctResponse>
<mapping defaultValue="0" lowerBound="0.0">
<mapEntry mapKey="vufgb-nhst-002-en-qti_671221544_section_1_item_1_schoice_1_3973947327" mappedValue="0"/>
<mapEntry mapKey="vufgb-nhst-002-en-qti_671221544_section_1_item_1_schoice_2_6584876584" mappedValue="0"/>
<mapEntry mapKey="vufgb-nhst-002-en-qti_671221544_section_1_item_1_schoice_3_5654030679" mappedValue="1"/>
<mapEntry mapKey="vufgb-nhst-002-en-qti_671221544_section_1_item_1_schoice_4_4267344223" mappedValue="0"/>
</mapping>
</responseDeclaration>
<outcomeDeclaration identifier="SCORE" cardinality="single" baseType="float" normalMaximum="1" normalMinimum="0">
<defaultValue>
<value>0.0</value>
</defaultValue>
</outcomeDeclaration>
<outcomeDeclaration identifier="MAXSCORE" cardinality="single" baseType="float">
<defaultValue>
<value>1</value>
</defaultValue>
</outcomeDeclaration>
<outcomeDeclaration identifier="FEEDBACKBASIC" cardinality="single" baseType="identifier" view="testConstructor">
<defaultValue>
<value>empty</value>
</defaultValue>
</outcomeDeclaration>
<outcomeDeclaration identifier="FEEDBACKMODAL" cardinality="multiple" baseType="identifier" view="testConstructor"/>
<outcomeDeclaration identifier="MINSCORE" cardinality="single" baseType="float">
<defaultValue>
<value baseType="float">0</value>
</defaultValue>
</outcomeDeclaration>
<outcomeDeclaration identifier="SCORE_RESPONSE_1" cardinality="single" baseType="float">
<defaultValue>
<value>0.0</value>
</defaultValue>
</outcomeDeclaration>
<outcomeDeclaration identifier="MINSCORE_RESPONSE_1" cardinality="single" baseType="float">
<defaultValue>
<value>0.0</value>
</defaultValue>
</outcomeDeclaration>
<itemBody>
<p>Fill in the blanks:</p>
<p>By performing the same regression analysis on a larger sample size, the …I…
increases and the probability of making a Type-II error …II..</p>
<choiceInteraction responseIdentifier="vufgb-nhst-002-en-qti_671221544_section_1_item_1_schoice_RESPONSE_1_7139865" shuffle="false" maxChoices="1">
<simpleChoice identifier="vufgb-nhst-002-en-qti_671221544_section_1_item_1_schoice_1_3973947327">
<p>
 I: power, II: increases
</p>
</simpleChoice>
<simpleChoice identifier="vufgb-nhst-002-en-qti_671221544_section_1_item_1_schoice_2_6584876584">
<p>
 I: correlation coefficient, II: increases
</p>
</simpleChoice>
<simpleChoice identifier="vufgb-nhst-002-en-qti_671221544_section_1_item_1_schoice_3_5654030679">
<p>
 I: power, II: decreases
</p>
</simpleChoice>
<simpleChoice identifier="vufgb-nhst-002-en-qti_671221544_section_1_item_1_schoice_4_4267344223">
<p>
 I: correlation coefficient, II: decreases
</p>
</simpleChoice>
</choiceInteraction>
</itemBody>
<responseProcessing>
<responseCondition>
<responseIf>
<isNull>
<variable identifier="vufgb-nhst-002-en-qti_671221544_section_1_item_1_schoice_RESPONSE_1_7139865"/>
</isNull>
<setOutcomeValue identifier="SCORE_RESPONSE_1">
<sum>
<variable identifier="SCORE_RESPONSE_1"/>
<baseValue baseType="float">0</baseValue>
</sum>
</setOutcomeValue>
</responseIf>
</responseCondition>
<setOutcomeValue identifier="SCORE_RESPONSE_1">
<sum>
<variable identifier="SCORE_RESPONSE_1"/>
<mapResponse identifier="vufgb-nhst-002-en-qti_671221544_section_1_item_1_schoice_RESPONSE_1_7139865"/>
</sum>
</setOutcomeValue>
<responseCondition>
<responseIf>
<lt>
<variable identifier="SCORE_RESPONSE_1"/>
<variable identifier="MINSCORE_RESPONSE_1"/>
</lt>
<setOutcomeValue identifier="SCORE_RESPONSE_1">
<variable identifier="MINSCORE_RESPONSE_1"/>
</setOutcomeValue>
</responseIf>
</responseCondition>
<setOutcomeValue identifier="SCORE">
<sum>
<variable identifier="SCORE_RESPONSE_1"/>
</sum>
</setOutcomeValue>
<responseCondition>
<responseIf>
<lt>
<variable identifier="SCORE"/>
<variable identifier="MINSCORE"/>
</lt>
<setOutcomeValue identifier="SCORE">
<variable identifier="MINSCORE"/>
</setOutcomeValue>
</responseIf>
</responseCondition>
<responseCondition>
<responseIf>
<lt>
<variable identifier="SCORE"/>
<baseValue baseType="float">1</baseValue>
</lt>
<setOutcomeValue identifier="FEEDBACKMODAL">
<multiple>
<variable identifier="FEEDBACKMODAL"/>
<baseValue baseType="identifier">Feedback539224138</baseValue>
</multiple>
</setOutcomeValue>
</responseIf>
</responseCondition>
</responseProcessing>
<modalFeedback identifier="Feedback539224138" outcomeIdentifier="FEEDBACKMODAL" showHide="show">
 I: power, II: increases <br /> Incorrect 
 I: correlation coefficient, II: increases <br /> Incorrect 
 I: power, II: decreases <br /> Correct 
 I: correlation coefficient, II: decreases <br /> Incorrect 
</modalFeedback>
</assessmentItem>
