<?xml version="1.0" encoding="utf-8" standalone="yes"?>
<assessmentItem identifier="vufgb-chisquared-008-en_202209051537_item_1_schoice" title="vufgb-chisquared-008-en_202209051537_item_1_schoice_vufgb-chisquared-008-en" adaptive="false" timeDependent="false" toolName="Testvision Online" toolVersion="39.0.9084" xmlns="http://www.imsglobal.org/xsd/imsqti_v2p1">
<responseDeclaration identifier="RESPONSE" cardinality="single" baseType="identifier">
<correctResponse>
<value>alt_180416</value>
</correctResponse>
<mapping defaultValue="0" lowerBound="0.0">
<mapEntry mapKey="alt_761061" mappedValue="-0.333333333333333"/>
<mapEntry mapKey="alt_161264" mappedValue="-0.333333333333333"/>
<mapEntry mapKey="alt_180416" mappedValue="1"/>
<mapEntry mapKey="alt_102390" mappedValue="-0.333333333333333"/>
</mapping>
</responseDeclaration>
<outcomeDeclaration identifier="SCORE" cardinality="single" baseType="float" normalMaximum="1" normalMinimum="0" />
<outcomeDeclaration identifier="FEEDBACK" cardinality="single" baseType="identifier" />
<itemBody>
<p>Evaluate the following two statements:</p>
<p>I: The smaller the Chi-square test statistic, the smaller the corresponding p-value will be.</p>
<p>II: The greater the degrees of freedom, the more the Chi-Squared distribution will converge to a normal distribution.</p>
<choiceInteraction responseIdentifier="RESPONSE" shuffle="false" maxChoices="1">
<simpleChoice identifier="alt_761061">
<div class="textblock tvblock tvcss_1"><div class="rte_zone tveditor1">
a. I: false, II: false
</div>
</div>
</simpleChoice>
<simpleChoice identifier="alt_161264">
<div class="textblock tvblock tvcss_1"><div class="rte_zone tveditor1">
b. I: correct, II: false
</div>
</div>
</simpleChoice>
<simpleChoice identifier="alt_180416">
<div class="textblock tvblock tvcss_1"><div class="rte_zone tveditor1">
c. I: false, II: correct
</div>
</div>
</simpleChoice>
<simpleChoice identifier="alt_102390">
<div class="textblock tvblock tvcss_1"><div class="rte_zone tveditor1">
d. I: correct, II: correct
</div>
</div>
</simpleChoice>
</choiceInteraction>
</itemBody>
<responseProcessing>
<responseCondition>
<responseIf>
<isNull>
<variable identifier="RESPONSE"/>
</isNull>
<setOutcomeValue identifier="SCORE">
<baseValue baseType="float">0.0</baseValue>
</setOutcomeValue>
<setOutcomeValue identifier="FEEDBACK">
<baseValue baseType="identifier">FAILURE</baseValue>
</setOutcomeValue>
</responseIf>
<responseElse>
<setOutcomeValue identifier="SCORE">
<mapResponse identifier="RESPONSE"/>
</setOutcomeValue>
<responseCondition>
<responseIf>
<equal toleranceMode="relative" tolerance="0.001">
<variable identifier="SCORE"/>
<variable identifier="MAXSCORE"/>
</equal>
<setOutcomeValue identifier="FEEDBACK">
<baseValue baseType="identifier">ANSWER_CORRECT</baseValue>
</setOutcomeValue>
</responseIf>
<responseElse>
<setOutcomeValue identifier="FEEDBACK">
<baseValue baseType="identifier">FAILURE</baseValue>
</setOutcomeValue>
</responseElse>
</responseCondition>
</responseElse>
</responseCondition>
</responseProcessing>
<modalFeedback identifier="FAILURE" outcomeIdentifier="FEEDBACK" showHide="show">
<div class="textblock tvblock tvcss_1"><div class="rte_zone tveditor1">
<ol>
<li> I: false, II: false <br /> Incorrect </li>
<li> I: correct, II: false <br /> Incorrect </li>
<li> I: false, II: correct <br /> Correct </li>
<li> I: correct, II: correct <br /> Incorrect </li>
</ol>
</div>
</div>
</modalFeedback>
<modalFeedback identifier="ANSWER_CORRECT" outcomeIdentifier="FEEDBACK" showHide="show">
<div class="textblock tvblock tvcss_1"><div class="rte_zone tveditor1">
<ol>
<li> I: false, II: false <br /> Incorrect </li>
<li> I: correct, II: false <br /> Incorrect </li>
<li> I: false, II: correct <br /> Correct </li>
<li> I: correct, II: correct <br /> Incorrect </li>
</ol>
</div>
</div>
</modalFeedback>
<modalFeedback identifier="PARTIAL_CORRECT" outcomeIdentifier="FEEDBACK" showHide="show">
<div class="textblock tvblock tvcss_1"><div class="rte_zone tveditor1">
<ol>
<li> I: false, II: false <br /> Incorrect </li>
<li> I: correct, II: false <br /> Incorrect </li>
<li> I: false, II: correct <br /> Correct </li>
<li> I: correct, II: correct <br /> Incorrect </li>
</ol>
</div>
</div>
</modalFeedback>
</assessmentItem>
