<?xml version="1.0" encoding="utf-8" standalone="yes"?>
<assessmentItem identifier="uu-Twoway-repeated-measures-ANOVA-803-en-tv_202601131823_item_1_schoice" title="uu-Twoway-repeated-measures-ANOVA-803-en-tv_202601131823_item_1_schoice_uu-Twoway-repeated-measures-ANOVA-803-en" adaptive="false" timeDependent="false" toolName="Testvision Online" toolVersion="39.0.9084" xmlns="http://www.imsglobal.org/xsd/imsqti_v2p1">
<responseDeclaration identifier="RESPONSE" cardinality="single" baseType="identifier">
<correctResponse>
<value>alt_685651</value>
</correctResponse>
<mapping defaultValue="0" lowerBound="0.0">
<mapEntry mapKey="alt_370434" mappedValue="-0.333333333333333"/>
<mapEntry mapKey="alt_555496" mappedValue="-0.333333333333333"/>
<mapEntry mapKey="alt_685651" mappedValue="1"/>
<mapEntry mapKey="alt_168585" mappedValue="-0.333333333333333"/>
</mapping>
</responseDeclaration>
<outcomeDeclaration identifier="SCORE" cardinality="single" baseType="float" normalMaximum="1" normalMinimum="0" />
<outcomeDeclaration identifier="FEEDBACK" cardinality="single" baseType="identifier" />
<stylesheet href="css/uu-Twoway-repeated-measures-ANOVA-803-en-tv_202601131823_item_1_schoice.css" type="text/css" />
<itemBody>
<p>In the article by Kammers et al. (2010), a repeated measures analysis is done measuring the responses of 11 female students in different condition. It includes a 2 x 2 x 2 repeated measures anova. How many conditions are there per person in this analysis?</p>
<choiceInteraction responseIdentifier="RESPONSE" shuffle="false" maxChoices="1">
<simpleChoice identifier="alt_370434">
<div class="textblock tvblock tvcss_1"><div class="rte_zone tveditor1">
 2
</div>
</div>
</simpleChoice>
<simpleChoice identifier="alt_555496">
<div class="textblock tvblock tvcss_1"><div class="rte_zone tveditor1">
 4
</div>
</div>
</simpleChoice>
<simpleChoice identifier="alt_685651">
<div class="textblock tvblock tvcss_1"><div class="rte_zone tveditor1">
 8
</div>
</div>
</simpleChoice>
<simpleChoice identifier="alt_168585">
<div class="textblock tvblock tvcss_1"><div class="rte_zone tveditor1">
 16
</div>
</div>
</simpleChoice>
</choiceInteraction>
</itemBody>
<responseProcessing>
<responseCondition>
<responseIf>
<isNull>
<variable identifier="RESPONSE"/>
</isNull>
<setOutcomeValue identifier="SCORE">
<baseValue baseType="float">0.0</baseValue>
</setOutcomeValue>
<setOutcomeValue identifier="FEEDBACK">
<baseValue baseType="identifier">FAILURE</baseValue>
</setOutcomeValue>
</responseIf>
<responseElse>
<setOutcomeValue identifier="SCORE">
<mapResponse identifier="RESPONSE"/>
</setOutcomeValue>
<responseCondition>
<responseIf>
<equal toleranceMode="relative" tolerance="0.001">
<variable identifier="SCORE"/>
<variable identifier="MAXSCORE"/>
</equal>
<setOutcomeValue identifier="FEEDBACK">
<baseValue baseType="identifier">ANSWER_CORRECT</baseValue>
</setOutcomeValue>
</responseIf>
<responseElse>
<setOutcomeValue identifier="FEEDBACK">
<baseValue baseType="identifier">FAILURE</baseValue>
</setOutcomeValue>
</responseElse>
</responseCondition>
</responseElse>
</responseCondition>
</responseProcessing>
<modalFeedback identifier="FAILURE" outcomeIdentifier="FEEDBACK" showHide="show">
<div class="textblock tvblock tvcss_1"><div class="rte_zone tveditor1">
<p>In a repeated measures analysis, all participants participate in all different conditions. A 2 x 2 x 2 design means that there are three factors, each with two different values. For example: factor 1 = A or B, factor 2 = X or Y, and factor 3 = 1 or 2. A total of the following 8 combinations are then possible: AX1 AY1 BX1 BY1 AX2 AY2 BX2 BY2</p>
</div>
</div>
</modalFeedback>
<modalFeedback identifier="ANSWER_CORRECT" outcomeIdentifier="FEEDBACK" showHide="show">
<div class="textblock tvblock tvcss_1"><div class="rte_zone tveditor1">
<p>In a repeated measures analysis, all participants participate in all different conditions. A 2 x 2 x 2 design means that there are three factors, each with two different values. For example: factor 1 = A or B, factor 2 = X or Y, and factor 3 = 1 or 2. A total of the following 8 combinations are then possible: AX1 AY1 BX1 BY1 AX2 AY2 BX2 BY2</p>
</div>
</div>
</modalFeedback>
<modalFeedback identifier="PARTIAL_CORRECT" outcomeIdentifier="FEEDBACK" showHide="show">
<div class="textblock tvblock tvcss_1"><div class="rte_zone tveditor1">
<p>In a repeated measures analysis, all participants participate in all different conditions. A 2 x 2 x 2 design means that there are three factors, each with two different values. For example: factor 1 = A or B, factor 2 = X or Y, and factor 3 = 1 or 2. A total of the following 8 combinations are then possible: AX1 AY1 BX1 BY1 AX2 AY2 BX2 BY2</p>
</div>
</div>
</modalFeedback>
</assessmentItem>
