<?xml version="1.0" encoding="utf-8" standalone="yes"?>
<assessmentItem identifier="uva-correlation-825-nl-tv_202404291202_item_1_schoice" title="uva-correlation-825-nl-tv_202404291202_item_1_schoice_uva-correlation-825-nl" adaptive="false" timeDependent="false" toolName="Testvision Online" toolVersion="39.0.9084" xmlns="http://www.imsglobal.org/xsd/imsqti_v2p1">
<responseDeclaration identifier="RESPONSE" cardinality="single" baseType="identifier">
<correctResponse>
<value>alt_391495</value>
</correctResponse>
<mapping defaultValue="0" lowerBound="0.0">
<mapEntry mapKey="alt_362539" mappedValue="-0.5"/>
<mapEntry mapKey="alt_807486" mappedValue="-0.5"/>
<mapEntry mapKey="alt_391495" mappedValue="1"/>
</mapping>
</responseDeclaration>
<outcomeDeclaration identifier="SCORE" cardinality="single" baseType="float" normalMaximum="1" normalMinimum="0" />
<outcomeDeclaration identifier="FEEDBACK" cardinality="single" baseType="identifier" />
<itemBody>
<p>De regressieformule om iemands lengte (y) te voorspellen vanuit
haar/zijn gewicht (x) is <math display="inline" xmlns="http://www.w3.org/1998/Math/MathML"><semantics><mrow><mover><mi>y</mi><mo accent="true">̂</mo></mover><mo>=</mo><mn>100</mn><mo>+</mo><mi>x</mi></mrow><annotation encoding="application/x-tex">\hat{y}=100+x</annotation></semantics></math>
Wanneer in een groep de standaardafwijking van lengte twee keer zo groot
is als die van gewicht in die groep , is de correlatie tussen lengte en
gewicht gelijk aan</p>
<choiceInteraction responseIdentifier="RESPONSE" shuffle="false" maxChoices="1">
<simpleChoice identifier="alt_362539">
<div class="textblock tvblock tvcss_1"><div class="rte_zone tveditor1">
 0.25
</div>
</div>
</simpleChoice>
<simpleChoice identifier="alt_807486">
<div class="textblock tvblock tvcss_1"><div class="rte_zone tveditor1">
 0.33
</div>
</div>
</simpleChoice>
<simpleChoice identifier="alt_391495">
<div class="textblock tvblock tvcss_1"><div class="rte_zone tveditor1">
 0.50
</div>
</div>
</simpleChoice>
</choiceInteraction>
</itemBody>
<responseProcessing>
<responseCondition>
<responseIf>
<isNull>
<variable identifier="RESPONSE"/>
</isNull>
<setOutcomeValue identifier="SCORE">
<baseValue baseType="float">0.0</baseValue>
</setOutcomeValue>
<setOutcomeValue identifier="FEEDBACK">
<baseValue baseType="identifier">FAILURE</baseValue>
</setOutcomeValue>
</responseIf>
<responseElse>
<setOutcomeValue identifier="SCORE">
<mapResponse identifier="RESPONSE"/>
</setOutcomeValue>
<responseCondition>
<responseIf>
<equal toleranceMode="relative" tolerance="0.001">
<variable identifier="SCORE"/>
<variable identifier="MAXSCORE"/>
</equal>
<setOutcomeValue identifier="FEEDBACK">
<baseValue baseType="identifier">ANSWER_CORRECT</baseValue>
</setOutcomeValue>
</responseIf>
<responseElse>
<setOutcomeValue identifier="FEEDBACK">
<baseValue baseType="identifier">FAILURE</baseValue>
</setOutcomeValue>
</responseElse>
</responseCondition>
</responseElse>
</responseCondition>
</responseProcessing>
<modalFeedback identifier="FAILURE" outcomeIdentifier="FEEDBACK" showHide="show">
<div class="textblock tvblock tvcss_1"><div class="rte_zone tveditor1">
<ul>
<li> 0.25 <br /> 0.25: Incorrect </li>
<li> 0.33 <br /> 0.33: Incorrect </li>
<li> 0.50 <br /> 0.50: Correct </li>
</ul>
</div>
</div>
</modalFeedback>
<modalFeedback identifier="ANSWER_CORRECT" outcomeIdentifier="FEEDBACK" showHide="show">
<div class="textblock tvblock tvcss_1"><div class="rte_zone tveditor1">
<ul>
<li> 0.25 <br /> 0.25: Incorrect </li>
<li> 0.33 <br /> 0.33: Incorrect </li>
<li> 0.50 <br /> 0.50: Correct </li>
</ul>
</div>
</div>
</modalFeedback>
<modalFeedback identifier="PARTIAL_CORRECT" outcomeIdentifier="FEEDBACK" showHide="show">
<div class="textblock tvblock tvcss_1"><div class="rte_zone tveditor1">
<ul>
<li> 0.25 <br /> 0.25: Incorrect </li>
<li> 0.33 <br /> 0.33: Incorrect </li>
<li> 0.50 <br /> 0.50: Correct </li>
</ul>
</div>
</div>
</modalFeedback>
</assessmentItem>
