<?xml version="1.0" encoding="utf-8" standalone="yes"?>
<assessmentItem identifier="vufsw-confidenceintervals-0142-en-tv_202601131821_item_1_schoice" title="vufsw-confidenceintervals-0142-en-tv_202601131821_item_1_schoice_vufsw-confidenceintervals-0142-en" adaptive="false" timeDependent="false" toolName="Testvision Online" toolVersion="39.0.9084" xmlns="http://www.imsglobal.org/xsd/imsqti_v2p1">
<responseDeclaration identifier="RESPONSE" cardinality="single" baseType="identifier">
<correctResponse>
<value>alt_155325</value>
</correctResponse>
<mapping defaultValue="0" lowerBound="0.0">
<mapEntry mapKey="alt_374135" mappedValue="-0.2"/>
<mapEntry mapKey="alt_150479" mappedValue="-0.2"/>
<mapEntry mapKey="alt_302793" mappedValue="-0.2"/>
<mapEntry mapKey="alt_155325" mappedValue="1"/>
<mapEntry mapKey="alt_508932" mappedValue="-0.2"/>
<mapEntry mapKey="alt_973646" mappedValue="-0.2"/>
</mapping>
</responseDeclaration>
<outcomeDeclaration identifier="SCORE" cardinality="single" baseType="float" normalMaximum="1" normalMinimum="0" />
<outcomeDeclaration identifier="FEEDBACK" cardinality="single" baseType="identifier" />
<stylesheet href="css/vufsw-confidenceintervals-0142-en-tv_202601131821_item_1_schoice.css" type="text/css" />
<itemBody>
<p>Suppose a researcher administered to 102 employees of a large company a questionnaire that surveyed how they rated their supervisor rating. The scores ranged from 0 (very negative) to 5 (very positive). It is tested whether people with a permanent contract ______[group 2; n=51] rate their supervisor more positively than those with a temporary contract （group 1; n=51）. He calculates the 95% confidence interval of the difference in averages, µ<sub>1</sub> - µ<sub>2</sub>. This interval turns out to be µ[-0.03; 0.08] are.</p>
<p>Do the mean ratings of the two groups differ significantly from each other? We test two-sided and use a significance level of 5%. And from what can this conclusion be derived?</p>
<choiceInteraction responseIdentifier="RESPONSE" shuffle="false" maxChoices="1">
<simpleChoice identifier="alt_374135">
<div class="textblock tvblock tvcss_1"><div class="rte_zone tveditor1">
 Yes, because the number 0.05 lies within the interval.
</div>
</div>
</simpleChoice>
<simpleChoice identifier="alt_150479">
<div class="textblock tvblock tvcss_1"><div class="rte_zone tveditor1">
 No, because the number 0.025 lies within the interval.
</div>
</div>
</simpleChoice>
<simpleChoice identifier="alt_302793">
<div class="textblock tvblock tvcss_1"><div class="rte_zone tveditor1">
 Yes, because the number 0.00 lies within the interval.
</div>
</div>
</simpleChoice>
<simpleChoice identifier="alt_155325">
<div class="textblock tvblock tvcss_1"><div class="rte_zone tveditor1">
 No, because the number 0.00 lies within the interval.
</div>
</div>
</simpleChoice>
<simpleChoice identifier="alt_508932">
<div class="textblock tvblock tvcss_1"><div class="rte_zone tveditor1">
 No, because the number 0.05 lies within the interval.
</div>
</div>
</simpleChoice>
<simpleChoice identifier="alt_973646">
<div class="textblock tvblock tvcss_1"><div class="rte_zone tveditor1">
 Yes, because the number 0.025 lies within the interval.
</div>
</div>
</simpleChoice>
</choiceInteraction>
</itemBody>
<responseProcessing>
<responseCondition>
<responseIf>
<isNull>
<variable identifier="RESPONSE"/>
</isNull>
<setOutcomeValue identifier="SCORE">
<baseValue baseType="float">0.0</baseValue>
</setOutcomeValue>
<setOutcomeValue identifier="FEEDBACK">
<baseValue baseType="identifier">FAILURE</baseValue>
</setOutcomeValue>
</responseIf>
<responseElse>
<setOutcomeValue identifier="SCORE">
<mapResponse identifier="RESPONSE"/>
</setOutcomeValue>
<responseCondition>
<responseIf>
<equal toleranceMode="relative" tolerance="0.001">
<variable identifier="SCORE"/>
<variable identifier="MAXSCORE"/>
</equal>
<setOutcomeValue identifier="FEEDBACK">
<baseValue baseType="identifier">ANSWER_CORRECT</baseValue>
</setOutcomeValue>
</responseIf>
<responseElse>
<setOutcomeValue identifier="FEEDBACK">
<baseValue baseType="identifier">FAILURE</baseValue>
</setOutcomeValue>
</responseElse>
</responseCondition>
</responseElse>
</responseCondition>
</responseProcessing>
<modalFeedback identifier="FAILURE" outcomeIdentifier="FEEDBACK" showHide="show">
<div class="textblock tvblock tvcss_1"><div class="rte_zone tveditor1">
<ul>
<li> Yes, because the number 0.05 lies within the interval. <br /> False </li>
<li> No, because the number 0.025 lies within the interval. <br /> False </li>
<li> Yes, because the number 0.00 lies within the interval. <br /> False </li>
<li> No, because the number 0.00 lies within the interval. <br /> True </li>
<li> No, because the number 0.05 lies within the interval. <br /> False </li>
<li> Yes, because the number 0.025 lies within the interval. <br /> False </li>
</ul>
</div>
</div>
</modalFeedback>
<modalFeedback identifier="ANSWER_CORRECT" outcomeIdentifier="FEEDBACK" showHide="show">
<div class="textblock tvblock tvcss_1"><div class="rte_zone tveditor1">
<ul>
<li> Yes, because the number 0.05 lies within the interval. <br /> False </li>
<li> No, because the number 0.025 lies within the interval. <br /> False </li>
<li> Yes, because the number 0.00 lies within the interval. <br /> False </li>
<li> No, because the number 0.00 lies within the interval. <br /> True </li>
<li> No, because the number 0.05 lies within the interval. <br /> False </li>
<li> Yes, because the number 0.025 lies within the interval. <br /> False </li>
</ul>
</div>
</div>
</modalFeedback>
<modalFeedback identifier="PARTIAL_CORRECT" outcomeIdentifier="FEEDBACK" showHide="show">
<div class="textblock tvblock tvcss_1"><div class="rte_zone tveditor1">
<ul>
<li> Yes, because the number 0.05 lies within the interval. <br /> False </li>
<li> No, because the number 0.025 lies within the interval. <br /> False </li>
<li> Yes, because the number 0.00 lies within the interval. <br /> False </li>
<li> No, because the number 0.00 lies within the interval. <br /> True </li>
<li> No, because the number 0.05 lies within the interval. <br /> False </li>
<li> Yes, because the number 0.025 lies within the interval. <br /> False </li>
</ul>
</div>
</div>
</modalFeedback>
</assessmentItem>
