<?xml version="1.0" encoding="UTF-8"?>
<manifest identifier="MID_vufsw-mediation-2007-nl-canvas_468397904" xmlns="http://www.imsglobal.org/xsd/imsccv1p1/imscp_v1p1" xmlns:lom="http://ltsc.ieee.org/xsd/imsccv1p1/LOM/resource" xmlns:imsmd="http://www.imsglobal.org/xsd/imsmd_v1p2" xmlns:xsi="http://www.w3.org/2001/XMLSchema-instance" xsi:schemaLocation="http://www.imsglobal.org/xsd/imsccv1p1/imscp_v1p1 http://www.imsglobal.org/xsd/imscp_v1p1.xsd http://ltsc.ieee.org/xsd/imsccv1p1/LOM/resource http://www.imsglobal.org/profile/cc/ccv1p1/LOM/ccv1p1_lomresource_v1p0.xsd http://www.imsglobal.org/xsd/imsmd_v1p2 http://www.imsglobal.org/xsd/imsmd_v1p2p2.xsd">
  <metadata>
    <schema>IMS Content</schema>
    <schemaversion>1.1.3</schemaversion>
    <imsmd:lom>
      <imsmd:general>
        <imsmd:title>
          <imsmd:string>vufsw-mediation-2007-nl-canvas</imsmd:string>
        </imsmd:title>
      </imsmd:general>
      <imsmd:lifeCycle>
        <imsmd:contribute>
          <imsmd:date>
            <imsmd:dateTime>2026-01-13</imsmd:dateTime>
          </imsmd:date>
        </imsmd:contribute>
      </imsmd:lifeCycle>
      <imsmd:rights>
        <imsmd:copyrightAndOtherRestrictions>
          <imsmd:value>yes</imsmd:value>
        </imsmd:copyrightAndOtherRestrictions>
        <imsmd:description>
          <imsmd:string>Private (Copyrighted) - http://en.wikipedia.org/wiki/Copyright</imsmd:string>
        </imsmd:description>
      </imsmd:rights>
    </imsmd:lom>
  </metadata>
  <organizations/>
  <resources>
    <resource identifier="vufsw-mediation-2007-nl-canvas_279758706" type="imsqti_xmlv1p2">
      <file href="vufsw-mediation-2007-nl-canvas_279758706/vufsw-mediation-2007-nl-canvas_279758706.xml"/>
      <dependency identifierref="MID_REF_vufsw-mediation-2007-nl-canvas_468397904"/>
    </resource>
    <resource identifier="MID_REF_vufsw-mediation-2007-nl-canvas_468397904" type="associatedcontent/imscc_xmlv1p1/learning-application-resource" href="vufsw-mediation-2007-nl-canvas_279758706/assessment_meta.xml">
      <file href="vufsw-mediation-2007-nl-canvas_279758706/assessment_meta.xml"/>
    </resource>
    <resource href="data/supplements_1_1/1657817294616.png" identifier="1234" type="webcontent">
      <file href="data/supplements_1_1/1657817294616.png"/>
    </resource>
    <resource href="data/supplements_1_1/1657817324817.png" identifier="1235" type="webcontent">
      <file href="data/supplements_1_1/1657817324817.png"/>
    </resource>
    <resource href="data/supplements_1_1/1657817799761.png" identifier="1236" type="webcontent">
      <file href="data/supplements_1_1/1657817799761.png"/>
    </resource>
    <resource href="data/supplements_1_1/1657817809039.png" identifier="1237" type="webcontent">
      <file href="data/supplements_1_1/1657817809039.png"/>
    </resource>
    <resource href="data/supplements_1_1/1657817812641.png" identifier="1238" type="webcontent">
      <file href="data/supplements_1_1/1657817812641.png"/>
    </resource>
  </resources>
</manifest>
