<?xml version="1.0" encoding="UTF-8"?>
<assessmentItem xsi:schemaLocation="http://www.imsglobal.org/xsd/imsqti_v2p1 http://www.imsglobal.org/xsd/qti/qtiv2p1/imsqti_v2p1p1.xsd http://www.w3.org/1998/Math/MathML http://www.w3.org/Math/XMLSchema/mathml2/mathml2.xsd" identifier="vufsw-slope-2097-nl-qti_224292722_section_1_item_1_schoice" title="1" adaptive="false" timeDependent="false" xmlns="http://www.imsglobal.org/xsd/imsqti_v2p1" xmlns:xsi="http://www.w3.org/2001/XMLSchema-instance">
<responseDeclaration identifier="vufsw-slope-2097-nl-qti_224292722_section_1_item_1_schoice_RESPONSE_1_7855621" cardinality="single" baseType="identifier">
<correctResponse>
<value>vufsw-slope-2097-nl-qti_224292722_section_1_item_1_schoice_2_1329110163</value>
</correctResponse>
<mapping defaultValue="0" lowerBound="0.0">
<mapEntry mapKey="vufsw-slope-2097-nl-qti_224292722_section_1_item_1_schoice_1_8834715190" mappedValue="0"/>
<mapEntry mapKey="vufsw-slope-2097-nl-qti_224292722_section_1_item_1_schoice_2_1329110163" mappedValue="1"/>
<mapEntry mapKey="vufsw-slope-2097-nl-qti_224292722_section_1_item_1_schoice_3_1433281857" mappedValue="0"/>
<mapEntry mapKey="vufsw-slope-2097-nl-qti_224292722_section_1_item_1_schoice_4_2180529386" mappedValue="0"/>
</mapping>
</responseDeclaration>
<outcomeDeclaration identifier="SCORE" cardinality="single" baseType="float" normalMaximum="1" normalMinimum="0">
<defaultValue>
<value>0.0</value>
</defaultValue>
</outcomeDeclaration>
<outcomeDeclaration identifier="MAXSCORE" cardinality="single" baseType="float">
<defaultValue>
<value>1</value>
</defaultValue>
</outcomeDeclaration>
<outcomeDeclaration identifier="FEEDBACKBASIC" cardinality="single" baseType="identifier" view="testConstructor">
<defaultValue>
<value>empty</value>
</defaultValue>
</outcomeDeclaration>
<outcomeDeclaration identifier="FEEDBACKMODAL" cardinality="multiple" baseType="identifier" view="testConstructor"/>
<outcomeDeclaration identifier="MINSCORE" cardinality="single" baseType="float">
<defaultValue>
<value baseType="float">0</value>
</defaultValue>
</outcomeDeclaration>
<outcomeDeclaration identifier="SCORE_RESPONSE_1" cardinality="single" baseType="float">
<defaultValue>
<value>0.0</value>
</defaultValue>
</outcomeDeclaration>
<outcomeDeclaration identifier="MINSCORE_RESPONSE_1" cardinality="single" baseType="float">
<defaultValue>
<value>0.0</value>
</defaultValue>
</outcomeDeclaration>
<itemBody>
<p>We analyseren data die afkomstig zijn van scholieren van het voortgezet
onderwijs uit de Jongeren &amp; Cultuurdata (Ganzeboom &amp; Nagel, 1998-2002).
Voor dit databestand zijn ruim 3000 jongeren ondervraagd in de leeftijd
van grofweg 14 tot 17 jaar. In onderstaande regressieanalyse is de
participatie in populaire cultuur de afhankelijke variabele (pjcul:
0-100, van weinig naar veel participatie) en zijn de onafhankelijke
variabelen moeders cultuurparticipatie (pmcul: 0-1, van minst naar meest
cultureel actief) en schoolniveau (in dummy’s, referentiegroep =
vmbo-b). Er zijn in model 3 bovendien interacties toegevoegd tussen
moeders cultuurparticipatie en schoolniveau.<br />
<img src="Schermafbeelding__2019-02-04__om__10.54.16.png"
class="fr-fic fr-dii tvcss_2"
alt="Schermafbeelding 2019-02-04 om 10.54.16" /></p>
<p><img src="Schermafbeelding__2019-02-04__om__10.54.30.png"
class="fr-fic fr-dii tvcss_3"
alt="Schermafbeelding 2019-02-04 om 10.54.30" /></p>
<p>Hoe groot is volgens model 2 in de steekproef het verschil in
participatie in populaire cultuur tussen vmbo-b en gymnasium leerlingen
met een score op moeders cultuurparticipatie van 1 (pmcul = 1)?</p>
<choiceInteraction responseIdentifier="vufsw-slope-2097-nl-qti_224292722_section_1_item_1_schoice_RESPONSE_1_7855621" shuffle="false" maxChoices="1">
<simpleChoice identifier="vufsw-slope-2097-nl-qti_224292722_section_1_item_1_schoice_1_8834715190">
<p>
 12.368
</p>
</simpleChoice>
<simpleChoice identifier="vufsw-slope-2097-nl-qti_224292722_section_1_item_1_schoice_2_1329110163">
<p>
 -13.943
</p>
</simpleChoice>
<simpleChoice identifier="vufsw-slope-2097-nl-qti_224292722_section_1_item_1_schoice_3_1433281857">
<p>
 -21.330
</p>
</simpleChoice>
<simpleChoice identifier="vufsw-slope-2097-nl-qti_224292722_section_1_item_1_schoice_4_2180529386">
<p>
 4.981
</p>
</simpleChoice>
</choiceInteraction>
</itemBody>
<responseProcessing>
<responseCondition>
<responseIf>
<isNull>
<variable identifier="vufsw-slope-2097-nl-qti_224292722_section_1_item_1_schoice_RESPONSE_1_7855621"/>
</isNull>
<setOutcomeValue identifier="SCORE_RESPONSE_1">
<sum>
<variable identifier="SCORE_RESPONSE_1"/>
<baseValue baseType="float">0</baseValue>
</sum>
</setOutcomeValue>
</responseIf>
</responseCondition>
<setOutcomeValue identifier="SCORE_RESPONSE_1">
<sum>
<variable identifier="SCORE_RESPONSE_1"/>
<mapResponse identifier="vufsw-slope-2097-nl-qti_224292722_section_1_item_1_schoice_RESPONSE_1_7855621"/>
</sum>
</setOutcomeValue>
<responseCondition>
<responseIf>
<lt>
<variable identifier="SCORE_RESPONSE_1"/>
<variable identifier="MINSCORE_RESPONSE_1"/>
</lt>
<setOutcomeValue identifier="SCORE_RESPONSE_1">
<variable identifier="MINSCORE_RESPONSE_1"/>
</setOutcomeValue>
</responseIf>
</responseCondition>
<setOutcomeValue identifier="SCORE">
<sum>
<variable identifier="SCORE_RESPONSE_1"/>
</sum>
</setOutcomeValue>
<responseCondition>
<responseIf>
<lt>
<variable identifier="SCORE"/>
<variable identifier="MINSCORE"/>
</lt>
<setOutcomeValue identifier="SCORE">
<variable identifier="MINSCORE"/>
</setOutcomeValue>
</responseIf>
</responseCondition>
<responseCondition>
<responseIf>
<lt>
<variable identifier="SCORE"/>
<baseValue baseType="float">1</baseValue>
</lt>
<setOutcomeValue identifier="FEEDBACKMODAL">
<multiple>
<variable identifier="FEEDBACKMODAL"/>
<baseValue baseType="identifier">Feedback711682917</baseValue>
</multiple>
</setOutcomeValue>
</responseIf>
</responseCondition>
</responseProcessing>
<modalFeedback identifier="Feedback711682917" outcomeIdentifier="FEEDBACKMODAL" showHide="show">
 12.368 <br /> False 
 -13.943 <br /> True 
 -21.330 <br /> False 
 4.981 <br /> False 
</modalFeedback>
</assessmentItem>
