<?xml version="1.0" encoding="UTF-8"?>
<assessmentItem xsi:schemaLocation="http://www.imsglobal.org/xsd/imsqti_v2p1 http://www.imsglobal.org/xsd/qti/qtiv2p1/imsqti_v2p1p1.xsd http://www.w3.org/1998/Math/MathML http://www.w3.org/Math/XMLSchema/mathml2/mathml2.xsd" identifier="eur-inferential_statistics-215-nl-qti_657292903_section_1_item_1_schoice" title="1" adaptive="false" timeDependent="false" xmlns="http://www.imsglobal.org/xsd/imsqti_v2p1" xmlns:xsi="http://www.w3.org/2001/XMLSchema-instance">
<responseDeclaration identifier="eur-inferential_statistics-215-nl-qti_657292903_section_1_item_1_schoice_RESPONSE_1_9240909" cardinality="single" baseType="identifier">
<correctResponse>
<value>eur-inferential_statistics-215-nl-qti_657292903_section_1_item_1_schoice_4_1677137163</value>
</correctResponse>
<mapping defaultValue="0" lowerBound="0.0">
<mapEntry mapKey="eur-inferential_statistics-215-nl-qti_657292903_section_1_item_1_schoice_1_4305085305" mappedValue="0"/>
<mapEntry mapKey="eur-inferential_statistics-215-nl-qti_657292903_section_1_item_1_schoice_2_4081670903" mappedValue="0"/>
<mapEntry mapKey="eur-inferential_statistics-215-nl-qti_657292903_section_1_item_1_schoice_3_1091370293" mappedValue="0"/>
<mapEntry mapKey="eur-inferential_statistics-215-nl-qti_657292903_section_1_item_1_schoice_4_1677137163" mappedValue="1"/>
</mapping>
</responseDeclaration>
<outcomeDeclaration identifier="SCORE" cardinality="single" baseType="float" normalMaximum="1" normalMinimum="0">
<defaultValue>
<value>0.0</value>
</defaultValue>
</outcomeDeclaration>
<outcomeDeclaration identifier="MAXSCORE" cardinality="single" baseType="float">
<defaultValue>
<value>1</value>
</defaultValue>
</outcomeDeclaration>
<outcomeDeclaration identifier="FEEDBACKBASIC" cardinality="single" baseType="identifier" view="testConstructor">
<defaultValue>
<value>empty</value>
</defaultValue>
</outcomeDeclaration>
<outcomeDeclaration identifier="FEEDBACKMODAL" cardinality="multiple" baseType="identifier" view="testConstructor"/>
<outcomeDeclaration identifier="SOLUTIONMODAL" cardinality="single" baseType="identifier" view="testConstructor"/>
<outcomeDeclaration identifier="MINSCORE" cardinality="single" baseType="float">
<defaultValue>
<value baseType="float">0</value>
</defaultValue>
</outcomeDeclaration>
<outcomeDeclaration identifier="SCORE_RESPONSE_1" cardinality="single" baseType="float">
<defaultValue>
<value>0.0</value>
</defaultValue>
</outcomeDeclaration>
<outcomeDeclaration identifier="MINSCORE_RESPONSE_1" cardinality="single" baseType="float">
<defaultValue>
<value>0.0</value>
</defaultValue>
</outcomeDeclaration>
<itemBody>
<p>In vier verschillende onderzoeken wordt een regressieanalyse met één voorspeller uitgevoerd. Bekijk de t-tests van de regressiecoëfficiënt in de vier verschillende regressiemodellen hieronder. Welke van de vier verschillende t-tests heeft de kleinste p-waarde?</p>
<table>
<thead>
<tr class="header">
<th align="left">Model</th>
<th align="left">t_test</th>
</tr>
</thead>
<tbody>
<tr class="odd">
<td align="left">I</td>
<td align="left">t(29) = -1.3</td>
</tr>
<tr class="even">
<td align="left">II</td>
<td align="left">t(29) = 3.3</td>
</tr>
<tr class="odd">
<td align="left">III</td>
<td align="left">t(299) = 1.3</td>
</tr>
<tr class="even">
<td align="left">IV</td>
<td align="left">t(299) = -3.3</td>
</tr>
</tbody>
</table>
<choiceInteraction responseIdentifier="eur-inferential_statistics-215-nl-qti_657292903_section_1_item_1_schoice_RESPONSE_1_9240909" shuffle="false" maxChoices="1">
<simpleChoice identifier="eur-inferential_statistics-215-nl-qti_657292903_section_1_item_1_schoice_1_4305085305">
<p>
 Model I
</p>
</simpleChoice>
<simpleChoice identifier="eur-inferential_statistics-215-nl-qti_657292903_section_1_item_1_schoice_2_4081670903">
<p>
 Model II
</p>
</simpleChoice>
<simpleChoice identifier="eur-inferential_statistics-215-nl-qti_657292903_section_1_item_1_schoice_3_1091370293">
<p>
 Model III
</p>
</simpleChoice>
<simpleChoice identifier="eur-inferential_statistics-215-nl-qti_657292903_section_1_item_1_schoice_4_1677137163">
<p>
 Model IV
</p>
</simpleChoice>
</choiceInteraction>
</itemBody>
<responseProcessing>
<setOutcomeValue identifier="SCORE_RESPONSE_1">
<sum>
<variable identifier="SCORE_RESPONSE_1"/>
<mapResponse identifier="eur-inferential_statistics-215-nl-qti_657292903_section_1_item_1_schoice_RESPONSE_1_9240909"/>
</sum>
</setOutcomeValue>
<responseCondition>
<responseIf>
<lt>
<variable identifier="SCORE_RESPONSE_1"/>
<variable identifier="MINSCORE_RESPONSE_1"/>
</lt>
<setOutcomeValue identifier="SCORE_RESPONSE_1">
<variable identifier="MINSCORE_RESPONSE_1"/>
</setOutcomeValue>
</responseIf>
</responseCondition>
<responseCondition>
<responseIf>
<isNull>
<variable identifier="eur-inferential_statistics-215-nl-qti_657292903_section_1_item_1_schoice_RESPONSE_1_9240909"/>
</isNull>
<setOutcomeValue identifier="SCORE_RESPONSE_1">
<sum>
<variable identifier="SCORE_RESPONSE_1"/>
<baseValue baseType="float">0</baseValue>
</sum>
</setOutcomeValue>
</responseIf>
</responseCondition>
<setOutcomeValue identifier="SCORE">
<sum>
<variable identifier="SCORE_RESPONSE_1"/>
</sum>
</setOutcomeValue>
<responseCondition>
<responseIf>
<lt>
<variable identifier="SCORE"/>
<variable identifier="MINSCORE"/>
</lt>
<setOutcomeValue identifier="SCORE">
<variable identifier="MINSCORE"/>
</setOutcomeValue>
</responseIf>
</responseCondition>
<responseCondition>
<responseIf>
<lt>
<variable identifier="SCORE"/>
<baseValue baseType="float">1</baseValue>
</lt>
<setOutcomeValue identifier="FEEDBACKMODAL">
<multiple>
<variable identifier="FEEDBACKMODAL"/>
<baseValue baseType="identifier">Feedback123974249</baseValue>
</multiple>
</setOutcomeValue>
</responseIf>
</responseCondition>
</responseProcessing>
<modalFeedback identifier="Feedback123974249" outcomeIdentifier="FEEDBACKMODAL" showHide="show">
<p>Model IV is correct. In het algemeen gaan grotere t-waarden, ongeacht of het een positieve of negatieve waarde is, gepaard met kleinere p-waarden. De steekproefgrootte heeft ook invloed. Dezelfde t-waarde (zoals in model II en IV) heeft een kleinere bijbehorende p-waarde in een grotere steekproef. Volgens deze logica is het juiste antwoord dus model IV. De t-waarde en de steekproefgrootte (zoals weergegeven door de df tussen haakjes) zijn hier het grootst.</p>
<br />
<ul>
<li> Model I <br /> Onjuist </li>
<li> Model II <br /> Onwaar </li>
<li> Model III <br /> Onwaar </li>
<li> Model IV <br /> Waar </li>
</ul>
</modalFeedback>
</assessmentItem>
