<?xml version="1.0" encoding="UTF-8"?>
<!DOCTYPE questestinterop SYSTEM "ims_qtiasiv1p2p1.dtd">

<questestinterop xmlns="http://www.imsglobal.org/xsd/ims_qtiasiv1p2" xmlns:xsi="http://www.w3.org/2001/XMLSchema-instance" xsi:schemaLocation="http://www.imsglobal.org/xsd/ims_qtiasiv1p2 http://www.imsglobal.org/xsd/ims_qtiasiv1p2p1.xsd">
<assessment ident="vufgb-normal-001-nl-canvas_191696762" title="vufgb-normal-001-nl-canvas">

<qtimetadata>
<qtimetadatafield>
<fieldlabel>cc_maxattempts</fieldlabel>
<fieldentry>1</fieldentry>
</qtimetadatafield>
<qtimetadatafield>
<fieldlabel>qmd_assessmenttype</fieldlabel>
<fieldentry>Assessment</fieldentry>
</qtimetadatafield>
</qtimetadata>
<objectives>
<material>
<mattext><![CDATA[Please solve the following exercises.]]></mattext>
</material>
</objectives>
<assessmentcontrol feedbackswitch="No" hintswitch="No" solutionswitch="Yes"/>
<outcomes_processing scoremodel="SumOfScores">
<outcomes>
<decvar varname="SCORE" vartype="Decimal" cutvalue="0"/>
</outcomes>
</outcomes_processing>
<assessfeedback title="AssessmentFeedback" ident="AssessmentFeedback">
<flow_mat>
<material>
<mattext>##AssessmentFeedback##</mattext>
</material>
</flow_mat>
</assessfeedback>

<section ident="vufgb-normal-001-nl-canvas_191696762_section_1" title="Exercise">

<objectives>
<material>
<mattext><![CDATA[Please answer the following question.]]></mattext>
</material>
</objectives>
<selection_ordering>
<selection>
<selection_number>1</selection_number>
<selection_extension>
<points_per_item>1</points_per_item>
</selection_extension>
</selection>
<order order_type="Random"/>
</selection_ordering>

<item ident="vufgb-normal-001-nl-canvas_191696762_section_1_item_1_schoice" title="Question" maxattempts="1">
<itemcontrol feedbackswitch="No" hintswitch="No" solutionswitch="Yes"/>
<itemmetadata>
<qtimetadata>
<qtimetadatafield>
<fieldlabel>question_type</fieldlabel>
<fieldentry>multiple_choice_question</fieldentry>
</qtimetadatafield>
</qtimetadata>
</itemmetadata>
<presentation>
<flow>
<material>
<matbreak/>
<mattext texttype="text/html" charset="utf-8"><![CDATA[
<p>Uit onderzoek is gebleken dat de intelligentie in Nederlander normaal verdeeld is. De gemiddelde IQ-score is 100 met een standaarddeviatie van 15. Maaike heeft een IQ-score van 92.5. Hoeveel procent van de Nederlanders zal een hogere IQ-score hebben dan Maaike?</p>
]]></mattext>
<matbreak/>
</material>
<response_lid ident="vufgb-normal-001-nl-canvas_191696762_section_1_item_1_schoice_RESPONSE_2809147" rcardinality="Single" rtiming="No">
<render_choice shuffle="No">
<flow_label class="List">
<response_label ident="vufgb-normal-001-nl-canvas_191696762_section_1_item_1_schoice_2861720190" rshuffle="No">
<material>
<mattext texttype="text/html" charset="utf-8"><![CDATA[
 48.01%
]]></mattext>
</material>
</response_label>
</flow_label>
<flow_label class="List">
<response_label ident="vufgb-normal-001-nl-canvas_191696762_section_1_item_1_schoice_8499278850" rshuffle="No">
<material>
<mattext texttype="text/html" charset="utf-8"><![CDATA[
 69.15%
]]></mattext>
</material>
</response_label>
</flow_label>
<flow_label class="List">
<response_label ident="vufgb-normal-001-nl-canvas_191696762_section_1_item_1_schoice_3443222825" rshuffle="No">
<material>
<mattext texttype="text/html" charset="utf-8"><![CDATA[
 30.85%
]]></mattext>
</material>
</response_label>
</flow_label>
<flow_label class="List">
<response_label ident="vufgb-normal-001-nl-canvas_191696762_section_1_item_1_schoice_3720229197" rshuffle="No">
<material>
<mattext texttype="text/html" charset="utf-8"><![CDATA[
 51.99%
]]></mattext>
</material>
</response_label>
</flow_label>
</render_choice>
</response_lid>
</flow>
</presentation>
<resprocessing>
<outcomes>
<decvar varname="SCORE" vartype="Decimal" defaultval="0" minvalue="0" maxvalue="1" cutvalue="1"/>
</outcomes>
<respcondition title="Mastery" continue="No">
<conditionvar>
<and>
<varequal respident="vufgb-normal-001-nl-canvas_191696762_section_1_item_1_schoice_RESPONSE_2809147" case="Yes">vufgb-normal-001-nl-canvas_191696762_section_1_item_1_schoice_8499278850</varequal>
<not> <varequal respident="vufgb-normal-001-nl-canvas_191696762_section_1_item_1_schoice_RESPONSE_2809147" case="Yes">vufgb-normal-001-nl-canvas_191696762_section_1_item_1_schoice_2861720190</varequal> </not>
<not> <varequal respident="vufgb-normal-001-nl-canvas_191696762_section_1_item_1_schoice_RESPONSE_2809147" case="Yes">vufgb-normal-001-nl-canvas_191696762_section_1_item_1_schoice_3443222825</varequal> </not>
<not> <varequal respident="vufgb-normal-001-nl-canvas_191696762_section_1_item_1_schoice_RESPONSE_2809147" case="Yes">vufgb-normal-001-nl-canvas_191696762_section_1_item_1_schoice_3720229197</varequal> </not>
</and>
</conditionvar>
<setvar varname="SCORE" action="Set">1</setvar>
<displayfeedback feedbacktype="Response" linkrefid="correct_fb"/>
</respcondition>
<respcondition continue="Yes">
<conditionvar>
<other/>
</conditionvar>
<displayfeedback feedbacktype="Response" linkrefid="general_incorrect_fb"/>
</respcondition>
</resprocessing>
<itemfeedback ident="correct_fb" view="All">
<flow_mat>
<material>
<mattext texttype="text/html"><![CDATA[

]]></mattext>
</material>
</flow_mat>
</itemfeedback>
<itemfeedback ident="general_incorrect_fb" view="All">
<flow_mat>
<material>
<mattext texttype="text/html"><![CDATA[

]]></mattext>
</material>
</flow_mat>
</itemfeedback>
</item>


</section>

</assessment>
</questestinterop>
