<?xml version="1.0" encoding="utf-8" standalone="yes"?>
<assessmentItem identifier="uva-normal-1339-en-tv_202510071722_item_1_schoice" title="uva-normal-1339-en-tv_202510071722_item_1_schoice_uva-normal-1339-en" adaptive="false" timeDependent="false" toolName="Testvision Online" toolVersion="39.0.9084" xmlns="http://www.imsglobal.org/xsd/imsqti_v2p1">
<responseDeclaration identifier="RESPONSE" cardinality="single" baseType="identifier">
<correctResponse>
<value>alt_920420</value>
</correctResponse>
<mapping defaultValue="0" lowerBound="0.0">
<mapEntry mapKey="alt_920420" mappedValue="1"/>
<mapEntry mapKey="alt_923698" mappedValue="-0.333333333333333"/>
<mapEntry mapKey="alt_264994" mappedValue="-0.333333333333333"/>
<mapEntry mapKey="alt_663995" mappedValue="-0.333333333333333"/>
</mapping>
</responseDeclaration>
<outcomeDeclaration identifier="SCORE" cardinality="single" baseType="float" normalMaximum="1" normalMinimum="0" />
<outcomeDeclaration identifier="FEEDBACK" cardinality="single" baseType="identifier" />
<stylesheet href="css/uva-normal-1339-en-tv_202510071722_item_1_schoice.css" type="text/css" />
<itemBody>
<p>Find the area under the standard normal curve in the following case: to the right of z = -1.28</p>
<p><img src="mediafiles/supplements1/uva-normal-1339-nl-graph01.png" alt="image"/></p>
<choiceInteraction responseIdentifier="RESPONSE" shuffle="false" maxChoices="1">
<simpleChoice identifier="alt_920420">
<div class="textblock tvblock tvcss_1"><div class="rte_zone tveditor1">
 A
</div>
</div>
</simpleChoice>
<simpleChoice identifier="alt_923698">
<div class="textblock tvblock tvcss_1"><div class="rte_zone tveditor1">
 B
</div>
</div>
</simpleChoice>
<simpleChoice identifier="alt_264994">
<div class="textblock tvblock tvcss_1"><div class="rte_zone tveditor1">
 C
</div>
</div>
</simpleChoice>
<simpleChoice identifier="alt_663995">
<div class="textblock tvblock tvcss_1"><div class="rte_zone tveditor1">
 D
</div>
</div>
</simpleChoice>
</choiceInteraction>
</itemBody>
<responseProcessing>
<responseCondition>
<responseIf>
<isNull>
<variable identifier="RESPONSE"/>
</isNull>
<setOutcomeValue identifier="SCORE">
<baseValue baseType="float">0.0</baseValue>
</setOutcomeValue>
<setOutcomeValue identifier="FEEDBACK">
<baseValue baseType="identifier">FAILURE</baseValue>
</setOutcomeValue>
</responseIf>
<responseElse>
<setOutcomeValue identifier="SCORE">
<mapResponse identifier="RESPONSE"/>
</setOutcomeValue>
<responseCondition>
<responseIf>
<equal toleranceMode="relative" tolerance="0.001">
<variable identifier="SCORE"/>
<variable identifier="MAXSCORE"/>
</equal>
<setOutcomeValue identifier="FEEDBACK">
<baseValue baseType="identifier">ANSWER_CORRECT</baseValue>
</setOutcomeValue>
</responseIf>
<responseElse>
<setOutcomeValue identifier="FEEDBACK">
<baseValue baseType="identifier">FAILURE</baseValue>
</setOutcomeValue>
</responseElse>
</responseCondition>
</responseElse>
</responseCondition>
</responseProcessing>
<modalFeedback identifier="FAILURE" outcomeIdentifier="FEEDBACK" showHide="show">
<div class="textblock tvblock tvcss_1"><div class="rte_zone tveditor1">
<ul>
<li> A <br /> A: Correct </li>
<li> B <br /> B: Incorrect </li>
<li> C <br /> C: Incorrect </li>
<li> D <br /> D: Incorrect </li>
</ul>
</div>
</div>
</modalFeedback>
<modalFeedback identifier="ANSWER_CORRECT" outcomeIdentifier="FEEDBACK" showHide="show">
<div class="textblock tvblock tvcss_1"><div class="rte_zone tveditor1">
<ul>
<li> A <br /> A: Correct </li>
<li> B <br /> B: Incorrect </li>
<li> C <br /> C: Incorrect </li>
<li> D <br /> D: Incorrect </li>
</ul>
</div>
</div>
</modalFeedback>
<modalFeedback identifier="PARTIAL_CORRECT" outcomeIdentifier="FEEDBACK" showHide="show">
<div class="textblock tvblock tvcss_1"><div class="rte_zone tveditor1">
<ul>
<li> A <br /> A: Correct </li>
<li> B <br /> B: Incorrect </li>
<li> C <br /> C: Incorrect </li>
<li> D <br /> D: Incorrect </li>
</ul>
</div>
</div>
</modalFeedback>
</assessmentItem>
