<?xml version="1.0" encoding="utf-8" standalone="yes"?>
<assessmentItem identifier="vufgb-vif-003-nl-tv_202601131820_item_1_schoice" title="vufgb-vif-003-nl-tv_202601131820_item_1_schoice_vufgb-vif-003-nl" adaptive="false" timeDependent="false" toolName="Testvision Online" toolVersion="39.0.9084" xmlns="http://www.imsglobal.org/xsd/imsqti_v2p1">
<responseDeclaration identifier="RESPONSE" cardinality="single" baseType="identifier">
<correctResponse>
<value>alt_471904</value>
</correctResponse>
<mapping defaultValue="0" lowerBound="0.0">
<mapEntry mapKey="alt_471904" mappedValue="1"/>
<mapEntry mapKey="alt_932958" mappedValue="-0.333333333333333"/>
<mapEntry mapKey="alt_885338" mappedValue="-0.333333333333333"/>
<mapEntry mapKey="alt_560048" mappedValue="-0.333333333333333"/>
</mapping>
</responseDeclaration>
<outcomeDeclaration identifier="SCORE" cardinality="single" baseType="float" normalMaximum="1" normalMinimum="0" />
<outcomeDeclaration identifier="FEEDBACK" cardinality="single" baseType="identifier" />
<stylesheet href="css/vufgb-vif-003-nl-tv_202601131820_item_1_schoice.css" type="text/css" />
<itemBody>
<p>Vul aan.</p>
<p>De Variance Inflation Factor (VIF) is een indicator voor … .</p>
<choiceInteraction responseIdentifier="RESPONSE" shuffle="false" maxChoices="1">
<simpleChoice identifier="alt_471904">
<div class="textblock tvblock tvcss_1"><div class="rte_zone tveditor1">
 Multicollineariteit
</div>
</div>
</simpleChoice>
<simpleChoice identifier="alt_932958">
<div class="textblock tvblock tvcss_1"><div class="rte_zone tveditor1">
 Homoscedasticiteit
</div>
</div>
</simpleChoice>
<simpleChoice identifier="alt_885338">
<div class="textblock tvblock tvcss_1"><div class="rte_zone tveditor1">
 Nonlineariteit
</div>
</div>
</simpleChoice>
<simpleChoice identifier="alt_560048">
<div class="textblock tvblock tvcss_1"><div class="rte_zone tveditor1">
 Sfericiteit
</div>
</div>
</simpleChoice>
</choiceInteraction>
</itemBody>
<responseProcessing>
<responseCondition>
<responseIf>
<isNull>
<variable identifier="RESPONSE"/>
</isNull>
<setOutcomeValue identifier="SCORE">
<baseValue baseType="float">0.0</baseValue>
</setOutcomeValue>
<setOutcomeValue identifier="FEEDBACK">
<baseValue baseType="identifier">FAILURE</baseValue>
</setOutcomeValue>
</responseIf>
<responseElse>
<setOutcomeValue identifier="SCORE">
<mapResponse identifier="RESPONSE"/>
</setOutcomeValue>
<responseCondition>
<responseIf>
<equal toleranceMode="relative" tolerance="0.001">
<variable identifier="SCORE"/>
<variable identifier="MAXSCORE"/>
</equal>
<setOutcomeValue identifier="FEEDBACK">
<baseValue baseType="identifier">ANSWER_CORRECT</baseValue>
</setOutcomeValue>
</responseIf>
<responseElse>
<setOutcomeValue identifier="FEEDBACK">
<baseValue baseType="identifier">FAILURE</baseValue>
</setOutcomeValue>
</responseElse>
</responseCondition>
</responseElse>
</responseCondition>
</responseProcessing>
<modalFeedback identifier="FAILURE" outcomeIdentifier="FEEDBACK" showHide="show">
<div class="textblock tvblock tvcss_1"><div class="rte_zone tveditor1">
<ul>
<li> Multicollineariteit <br /> Correct </li>
<li> Homoscedasticiteit <br /> Incorrect </li>
<li> Nonlineariteit <br /> Incorrect </li>
<li> Sfericiteit <br /> Incorrect </li>
</ul>
</div>
</div>
</modalFeedback>
<modalFeedback identifier="ANSWER_CORRECT" outcomeIdentifier="FEEDBACK" showHide="show">
<div class="textblock tvblock tvcss_1"><div class="rte_zone tveditor1">
<ul>
<li> Multicollineariteit <br /> Correct </li>
<li> Homoscedasticiteit <br /> Incorrect </li>
<li> Nonlineariteit <br /> Incorrect </li>
<li> Sfericiteit <br /> Incorrect </li>
</ul>
</div>
</div>
</modalFeedback>
<modalFeedback identifier="PARTIAL_CORRECT" outcomeIdentifier="FEEDBACK" showHide="show">
<div class="textblock tvblock tvcss_1"><div class="rte_zone tveditor1">
<ul>
<li> Multicollineariteit <br /> Correct </li>
<li> Homoscedasticiteit <br /> Incorrect </li>
<li> Nonlineariteit <br /> Incorrect </li>
<li> Sfericiteit <br /> Incorrect </li>
</ul>
</div>
</div>
</modalFeedback>
</assessmentItem>
