<?xml version="1.0" encoding="UTF-8"?>
<assessmentItem xsi:schemaLocation="http://www.imsglobal.org/xsd/imsqti_v2p1 http://www.imsglobal.org/xsd/qti/qtiv2p1/imsqti_v2p1p1.xsd http://www.w3.org/1998/Math/MathML http://www.w3.org/Math/XMLSchema/mathml2/mathml2.xsd" identifier="uu-Cohen's-d-800-nl-ans_343510932_section_1_item_1_schoice" title="Inferential_Statistics_uu-Cohen's-d-800-nl_uu-Cohen's-d-800-nl_schoice_1" adaptive="false" timeDependent="false" xmlns="http://www.imsglobal.org/xsd/imsqti_v2p1" xmlns:xsi="http://www.w3.org/2001/XMLSchema-instance">
<responseDeclaration identifier="uu-Cohen's-d-800-nl-ans_343510932_section_1_item_1_schoice_RESPONSE_1_1462114" cardinality="single" baseType="identifier">
<correctResponse>
<value>uu-Cohen's-d-800-nl-ans_343510932_section_1_item_1_schoice_2_1013265900</value>
</correctResponse>
<mapping defaultValue="0" lowerBound="0.0">
<mapEntry mapKey="uu-Cohen&apos;s-d-800-nl-ans_343510932_section_1_item_1_schoice_1_6816688112" mappedValue="0"/>
<mapEntry mapKey="uu-Cohen&apos;s-d-800-nl-ans_343510932_section_1_item_1_schoice_2_1013265900" mappedValue="1"/>
<mapEntry mapKey="uu-Cohen&apos;s-d-800-nl-ans_343510932_section_1_item_1_schoice_3_6411049401" mappedValue="0"/>
<mapEntry mapKey="uu-Cohen&apos;s-d-800-nl-ans_343510932_section_1_item_1_schoice_4_4909151638" mappedValue="0"/>
</mapping>
</responseDeclaration>
<outcomeDeclaration identifier="SCORE" cardinality="single" baseType="float" normalMaximum="1" normalMinimum="0">
<defaultValue>
<value>0.0</value>
</defaultValue>
</outcomeDeclaration>
<outcomeDeclaration identifier="MAXSCORE" cardinality="single" baseType="float">
<defaultValue>
<value>1</value>
</defaultValue>
</outcomeDeclaration>
<outcomeDeclaration identifier="FEEDBACKBASIC" cardinality="single" baseType="identifier" view="testConstructor">
<defaultValue>
<value>empty</value>
</defaultValue>
</outcomeDeclaration>
<outcomeDeclaration identifier="FEEDBACKMODAL" cardinality="multiple" baseType="identifier" view="testConstructor"/>
<outcomeDeclaration identifier="SOLUTIONMODAL" cardinality="single" baseType="identifier" view="testConstructor"/>
<outcomeDeclaration identifier="MINSCORE" cardinality="single" baseType="float">
<defaultValue>
<value baseType="float">0</value>
</defaultValue>
</outcomeDeclaration>
<outcomeDeclaration identifier="SCORE_RESPONSE_1" cardinality="single" baseType="float">
<defaultValue>
<value>0.0</value>
</defaultValue>
</outcomeDeclaration>
<outcomeDeclaration identifier="MINSCORE_RESPONSE_1" cardinality="single" baseType="float">
<defaultValue>
<value>0.0</value>
</defaultValue>
</outcomeDeclaration>
<itemBody>
<p>Een kleine effectgrootte (Cohen’s d) kan toch een significant verschil opleveren wanneer…</p>
<choiceInteraction responseIdentifier="uu-Cohen's-d-800-nl-ans_343510932_section_1_item_1_schoice_RESPONSE_1_1462114" shuffle="false" maxChoices="1">
<simpleChoice identifier="uu-Cohen's-d-800-nl-ans_343510932_section_1_item_1_schoice_1_6816688112">
<p>
 de standaardfout van M erg groot is.
</p>
</simpleChoice>
<simpleChoice identifier="uu-Cohen's-d-800-nl-ans_343510932_section_1_item_1_schoice_2_1013265900">
<p>
 de steekproefomvang (n) erg groot is.
</p>
</simpleChoice>
<simpleChoice identifier="uu-Cohen's-d-800-nl-ans_343510932_section_1_item_1_schoice_3_6411049401">
<p>
 de steekproef standaarddeviatie erg groot is.
</p>
</simpleChoice>
<simpleChoice identifier="uu-Cohen's-d-800-nl-ans_343510932_section_1_item_1_schoice_4_4909151638">
<p>
 de drie hiervoor genoemde factoren tegelijk aanwezig zijn.
</p>
</simpleChoice>
</choiceInteraction>
</itemBody>
<responseProcessing>
<setOutcomeValue identifier="SCORE_RESPONSE_1">
<sum>
<variable identifier="SCORE_RESPONSE_1"/>
<mapResponse identifier="uu-Cohen's-d-800-nl-ans_343510932_section_1_item_1_schoice_RESPONSE_1_1462114"/>
</sum>
</setOutcomeValue>
<responseCondition>
<responseIf>
<lt>
<variable identifier="SCORE_RESPONSE_1"/>
<variable identifier="MINSCORE_RESPONSE_1"/>
</lt>
<setOutcomeValue identifier="SCORE_RESPONSE_1">
<variable identifier="MINSCORE_RESPONSE_1"/>
</setOutcomeValue>
</responseIf>
</responseCondition>
<responseCondition>
<responseIf>
<isNull>
<variable identifier="uu-Cohen's-d-800-nl-ans_343510932_section_1_item_1_schoice_RESPONSE_1_1462114"/>
</isNull>
<setOutcomeValue identifier="SCORE_RESPONSE_1">
<sum>
<variable identifier="SCORE_RESPONSE_1"/>
<baseValue baseType="float">0</baseValue>
</sum>
</setOutcomeValue>
</responseIf>
</responseCondition>
<setOutcomeValue identifier="SCORE">
<sum>
<variable identifier="SCORE_RESPONSE_1"/>
</sum>
</setOutcomeValue>
<responseCondition>
<responseIf>
<lt>
<variable identifier="SCORE"/>
<variable identifier="MINSCORE"/>
</lt>
<setOutcomeValue identifier="SCORE">
<variable identifier="MINSCORE"/>
</setOutcomeValue>
</responseIf>
</responseCondition>
<responseCondition>
<responseIf>
<lt>
<variable identifier="SCORE"/>
<baseValue baseType="float">1</baseValue>
</lt>
<setOutcomeValue identifier="FEEDBACKMODAL">
<multiple>
<variable identifier="FEEDBACKMODAL"/>
<baseValue baseType="identifier">Feedback178723681</baseValue>
</multiple>
</setOutcomeValue>
</responseIf>
</responseCondition>
</responseProcessing>
<modalFeedback outcomeIdentifier="FEEDBACK" showHide="show" identifier="incorrect">
<ul>
<li> de standaardfout van M erg groot is. <br /> Dit antwoord is incorrect. </li>
<li> de steekproefomvang (n) erg groot is. <br /> Dit antwoord is correct. </li>
<li> de steekproef standaarddeviatie erg groot is. <br /> Dit antwoord is incorrect. </li>
<li> de drie hiervoor genoemde factoren tegelijk aanwezig zijn. <br /> Dit antwoord is incorrect. </li>
</ul>
</modalFeedback>
</assessmentItem>
