<?xml version="1.0" encoding="utf-8" standalone="yes"?>
<assessmentItem identifier="vufsw-mediation-0299-nl_202209051541_item_1_schoice" title="vufsw-mediation-0299-nl_202209051541_item_1_schoice_vufsw-mediation-0299-nl" adaptive="false" timeDependent="false" toolName="Testvision Online" toolVersion="39.0.9084" xmlns="http://www.imsglobal.org/xsd/imsqti_v2p1">
<responseDeclaration identifier="RESPONSE" cardinality="single" baseType="identifier">
<correctResponse>
<value>alt_637563</value>
</correctResponse>
<mapping defaultValue="0" lowerBound="0.0">
<mapEntry mapKey="alt_886237" mappedValue="-0.142857142857143"/>
<mapEntry mapKey="alt_514387" mappedValue="-0.142857142857143"/>
<mapEntry mapKey="alt_612299" mappedValue="-0.142857142857143"/>
<mapEntry mapKey="alt_197022" mappedValue="-0.142857142857143"/>
<mapEntry mapKey="alt_497292" mappedValue="-0.142857142857143"/>
<mapEntry mapKey="alt_401578" mappedValue="-0.142857142857143"/>
<mapEntry mapKey="alt_942338" mappedValue="-0.142857142857143"/>
<mapEntry mapKey="alt_637563" mappedValue="1"/>
</mapping>
</responseDeclaration>
<outcomeDeclaration identifier="SCORE" cardinality="single" baseType="float" normalMaximum="1" normalMinimum="0" />
<outcomeDeclaration identifier="FEEDBACK" cardinality="single" baseType="identifier" />
<itemBody>
<p>Je onderzoekt waarom taakvariatie op het werk leidt tot minder stress.
Een mogelijke verklaring daarvoor is dat door taakvariatie
leermogelijkheden toenemen, en daardoor stress vermindert. Kijk naar het
onderstaande mediatiemodel.</p>
<p>Wat geeft een regressie met stress als afhankelijke variabele en
taakvariatie en leermogelijkheden als onafhankelijke variabele weer?</p>
<p><img src="mediation.png" class="fr-fic fr-dii" alt="mediation" /></p>
<choiceInteraction responseIdentifier="RESPONSE" shuffle="false" maxChoices="1">
<simpleChoice identifier="alt_886237">
<div class="textblock tvblock tvcss_1"><div class="rte_zone tveditor1">
a. <em>a</em> en <em>b</em>
</div>
</div>
</simpleChoice>
<simpleChoice identifier="alt_514387">
<div class="textblock tvblock tvcss_1"><div class="rte_zone tveditor1">
b. <em>b</em>
</div>
</div>
</simpleChoice>
<simpleChoice identifier="alt_612299">
<div class="textblock tvblock tvcss_1"><div class="rte_zone tveditor1">
c. <em>a</em> en <em>c’</em>
</div>
</div>
</simpleChoice>
<simpleChoice identifier="alt_197022">
<div class="textblock tvblock tvcss_1"><div class="rte_zone tveditor1">
d. <em>a</em>
</div>
</div>
</simpleChoice>
<simpleChoice identifier="alt_497292">
<div class="textblock tvblock tvcss_1"><div class="rte_zone tveditor1">
e. <em>c’</em>
</div>
</div>
</simpleChoice>
<simpleChoice identifier="alt_401578">
<div class="textblock tvblock tvcss_1"><div class="rte_zone tveditor1">
f. <em>c</em>
</div>
</div>
</simpleChoice>
<simpleChoice identifier="alt_942338">
<div class="textblock tvblock tvcss_1"><div class="rte_zone tveditor1">
g. Deze regressie is incorrect.
</div>
</div>
</simpleChoice>
<simpleChoice identifier="alt_637563">
<div class="textblock tvblock tvcss_1"><div class="rte_zone tveditor1">
h. <em>b</em> en <em>c’</em>
</div>
</div>
</simpleChoice>
</choiceInteraction>
</itemBody>
<responseProcessing>
<responseCondition>
<responseIf>
<isNull>
<variable identifier="RESPONSE"/>
</isNull>
<setOutcomeValue identifier="SCORE">
<baseValue baseType="float">0.0</baseValue>
</setOutcomeValue>
<setOutcomeValue identifier="FEEDBACK">
<baseValue baseType="identifier">FAILURE</baseValue>
</setOutcomeValue>
</responseIf>
<responseElse>
<setOutcomeValue identifier="SCORE">
<mapResponse identifier="RESPONSE"/>
</setOutcomeValue>
<responseCondition>
<responseIf>
<equal toleranceMode="relative" tolerance="0.001">
<variable identifier="SCORE"/>
<variable identifier="MAXSCORE"/>
</equal>
<setOutcomeValue identifier="FEEDBACK">
<baseValue baseType="identifier">ANSWER_CORRECT</baseValue>
</setOutcomeValue>
</responseIf>
<responseElse>
<setOutcomeValue identifier="FEEDBACK">
<baseValue baseType="identifier">FAILURE</baseValue>
</setOutcomeValue>
</responseElse>
</responseCondition>
</responseElse>
</responseCondition>
</responseProcessing>
<modalFeedback identifier="FAILURE" outcomeIdentifier="FEEDBACK" showHide="show">
<div class="textblock tvblock tvcss_1"><div class="rte_zone tveditor1">
<ol>
<li> <em>a</em> en <em>b</em> <br /> False </li>
<li> <em>b</em> <br /> False </li>
<li> <em>a</em> en <em>c’</em> <br /> False </li>
<li> <em>a</em> <br /> False </li>
<li> <em>c’</em> <br /> False </li>
<li> <em>c</em> <br /> False </li>
<li> Deze regressie is incorrect. <br /> False </li>
<li> <em>b</em> en <em>c’</em> <br /> True </li>
</ol>
</div>
</div>
</modalFeedback>
<modalFeedback identifier="ANSWER_CORRECT" outcomeIdentifier="FEEDBACK" showHide="show">
<div class="textblock tvblock tvcss_1"><div class="rte_zone tveditor1">
<ol>
<li> <em>a</em> en <em>b</em> <br /> False </li>
<li> <em>b</em> <br /> False </li>
<li> <em>a</em> en <em>c’</em> <br /> False </li>
<li> <em>a</em> <br /> False </li>
<li> <em>c’</em> <br /> False </li>
<li> <em>c</em> <br /> False </li>
<li> Deze regressie is incorrect. <br /> False </li>
<li> <em>b</em> en <em>c’</em> <br /> True </li>
</ol>
</div>
</div>
</modalFeedback>
<modalFeedback identifier="PARTIAL_CORRECT" outcomeIdentifier="FEEDBACK" showHide="show">
<div class="textblock tvblock tvcss_1"><div class="rte_zone tveditor1">
<ol>
<li> <em>a</em> en <em>b</em> <br /> False </li>
<li> <em>b</em> <br /> False </li>
<li> <em>a</em> en <em>c’</em> <br /> False </li>
<li> <em>a</em> <br /> False </li>
<li> <em>c’</em> <br /> False </li>
<li> <em>c</em> <br /> False </li>
<li> Deze regressie is incorrect. <br /> False </li>
<li> <em>b</em> en <em>c’</em> <br /> True </li>
</ol>
</div>
</div>
</modalFeedback>
</assessmentItem>
