<?xml version="1.0" encoding="utf-8" standalone="yes"?>
<assessmentItem identifier="vufsw-intercept-1355-nl_202209051541_item_1_schoice" title="vufsw-intercept-1355-nl_202209051541_item_1_schoice_vufsw-intercept-1355-nl" adaptive="false" timeDependent="false" toolName="Testvision Online" toolVersion="39.0.9084" xmlns="http://www.imsglobal.org/xsd/imsqti_v2p1">
<responseDeclaration identifier="RESPONSE" cardinality="single" baseType="identifier">
<correctResponse>
<value>alt_701558</value>
</correctResponse>
<mapping defaultValue="0" lowerBound="0.0">
<mapEntry mapKey="alt_781759" mappedValue="-0.333333333333333"/>
<mapEntry mapKey="alt_657565" mappedValue="-0.333333333333333"/>
<mapEntry mapKey="alt_955737" mappedValue="-0.333333333333333"/>
<mapEntry mapKey="alt_701558" mappedValue="1"/>
</mapping>
</responseDeclaration>
<outcomeDeclaration identifier="SCORE" cardinality="single" baseType="float" normalMaximum="1" normalMinimum="0" />
<outcomeDeclaration identifier="FEEDBACK" cardinality="single" baseType="identifier" />
<itemBody>
<p>Field beschrijft een onderzoek over de groeiende belangstelling voor
cosmetische chirurgische behandelingen. Hij verzamelde data over de
kwaliteit van leven onder een steekproef van respondenten van wie een
deel een cosmetische operatie had ondergaan en een deel nog op de
wachtlijst stond daarvoor (variabele: surgery: 0 = waiting list, 1 =
cosmetic surgery). Hij meet de kwaliteit van leven bij aanmelding voor
de cosmetische ingreep, de ‘baseline’ kwaliteit van leven (variabele:
Base_Qol, schaal 0-1, een hogere score betekent een hogere kwaliteit
van leven) en na een tijdje, nadat de ingreep had plaatsgevonden voor
degenen die de operatie direct ondergingen, maar ook op hetzelfde moment
voor de groep die nog op de wachtlijst stond (variabele: Post_Qol,
schaal 0-100, een hogere score betekent een hogere kwaliteit van
leven).</p>
<p>Hieronder staan de resultaten van een regressieanalyse met de nameting
van kwaliteit van leven als afhankelijke variabele (Post_Qol), en
waarin het wel of niet hebben ondergaan van de cosmetische ingreep
(Surgery) en de ‘baseline’ kwaliteit van leven (Base_Qol) in het model
zijn opgenomen. In model 2 is bovendien de interactie tussen ‘surgery’
en ‘baseline’ kwaliteit van leven aan het model toegevoegd
(Base_Qol_surgery).</p>
<p><img src="1602953152623.png" class="fr-fic fr-dii tvcss_2"
alt="1602953152623" /></p>
<p>Hoe moet de constante van <strong>model 1</strong> geïnterpreteerd worden?</p>
<choiceInteraction responseIdentifier="RESPONSE" shuffle="false" maxChoices="1">
<simpleChoice identifier="alt_781759">
<div class="textblock tvblock tvcss_1"><div class="rte_zone tveditor1">
a. Als de voorspelde score op de ‘baseline’ kwaliteit van leven, Base_Qol, van iemand die nog op de wachtlijst staat en die een 0 scoort op de ‘Post_Qol’ kwaliteit van leven
</div>
</div>
</simpleChoice>
<simpleChoice identifier="alt_657565">
<div class="textblock tvblock tvcss_1"><div class="rte_zone tveditor1">
b. Als de laagste score op Post_Qol die in de data voorkomt
</div>
</div>
</simpleChoice>
<simpleChoice identifier="alt_955737">
<div class="textblock tvblock tvcss_1"><div class="rte_zone tveditor1">
c. Als de laagste score op Post_Qol die in de data voorkomt waarbij constant gehouden is op de ‘baseline’ kwaliteit van leven en op ‘surgery’
</div>
</div>
</simpleChoice>
<simpleChoice identifier="alt_701558">
<div class="textblock tvblock tvcss_1"><div class="rte_zone tveditor1">
d. Als de voorspelde score op Post_Qol van een iemand die nog op de wachtlijst staat en die een 0 scoort op de ‘baseline’ kwaliteit van leven
</div>
</div>
</simpleChoice>
</choiceInteraction>
</itemBody>
<responseProcessing>
<responseCondition>
<responseIf>
<isNull>
<variable identifier="RESPONSE"/>
</isNull>
<setOutcomeValue identifier="SCORE">
<baseValue baseType="float">0.0</baseValue>
</setOutcomeValue>
<setOutcomeValue identifier="FEEDBACK">
<baseValue baseType="identifier">FAILURE</baseValue>
</setOutcomeValue>
</responseIf>
<responseElse>
<setOutcomeValue identifier="SCORE">
<mapResponse identifier="RESPONSE"/>
</setOutcomeValue>
<responseCondition>
<responseIf>
<equal toleranceMode="relative" tolerance="0.001">
<variable identifier="SCORE"/>
<variable identifier="MAXSCORE"/>
</equal>
<setOutcomeValue identifier="FEEDBACK">
<baseValue baseType="identifier">ANSWER_CORRECT</baseValue>
</setOutcomeValue>
</responseIf>
<responseElse>
<setOutcomeValue identifier="FEEDBACK">
<baseValue baseType="identifier">FAILURE</baseValue>
</setOutcomeValue>
</responseElse>
</responseCondition>
</responseElse>
</responseCondition>
</responseProcessing>
<modalFeedback identifier="FAILURE" outcomeIdentifier="FEEDBACK" showHide="show">
<div class="textblock tvblock tvcss_1"><div class="rte_zone tveditor1">
<ol>
<li> Als de voorspelde score op de ‘baseline’ kwaliteit van leven, Base_Qol, van iemand die nog op de wachtlijst staat en die een 0 scoort op de ‘Post_Qol’ kwaliteit van leven <br /> False </li>
<li> Als de laagste score op Post_Qol die in de data voorkomt <br /> False </li>
<li> Als de laagste score op Post_Qol die in de data voorkomt waarbij constant gehouden is op de ‘baseline’ kwaliteit van leven en op ‘surgery’ <br /> False </li>
<li> Als de voorspelde score op Post_Qol van een iemand die nog op de wachtlijst staat en die een 0 scoort op de ‘baseline’ kwaliteit van leven <br /> True </li>
</ol>
</div>
</div>
</modalFeedback>
<modalFeedback identifier="ANSWER_CORRECT" outcomeIdentifier="FEEDBACK" showHide="show">
<div class="textblock tvblock tvcss_1"><div class="rte_zone tveditor1">
<ol>
<li> Als de voorspelde score op de ‘baseline’ kwaliteit van leven, Base_Qol, van iemand die nog op de wachtlijst staat en die een 0 scoort op de ‘Post_Qol’ kwaliteit van leven <br /> False </li>
<li> Als de laagste score op Post_Qol die in de data voorkomt <br /> False </li>
<li> Als de laagste score op Post_Qol die in de data voorkomt waarbij constant gehouden is op de ‘baseline’ kwaliteit van leven en op ‘surgery’ <br /> False </li>
<li> Als de voorspelde score op Post_Qol van een iemand die nog op de wachtlijst staat en die een 0 scoort op de ‘baseline’ kwaliteit van leven <br /> True </li>
</ol>
</div>
</div>
</modalFeedback>
<modalFeedback identifier="PARTIAL_CORRECT" outcomeIdentifier="FEEDBACK" showHide="show">
<div class="textblock tvblock tvcss_1"><div class="rte_zone tveditor1">
<ol>
<li> Als de voorspelde score op de ‘baseline’ kwaliteit van leven, Base_Qol, van iemand die nog op de wachtlijst staat en die een 0 scoort op de ‘Post_Qol’ kwaliteit van leven <br /> False </li>
<li> Als de laagste score op Post_Qol die in de data voorkomt <br /> False </li>
<li> Als de laagste score op Post_Qol die in de data voorkomt waarbij constant gehouden is op de ‘baseline’ kwaliteit van leven en op ‘surgery’ <br /> False </li>
<li> Als de voorspelde score op Post_Qol van een iemand die nog op de wachtlijst staat en die een 0 scoort op de ‘baseline’ kwaliteit van leven <br /> True </li>
</ol>
</div>
</div>
</modalFeedback>
</assessmentItem>
