<?xml version="1.0" encoding="UTF-8"?>
<assessmentItem xsi:schemaLocation="http://www.imsglobal.org/xsd/imsqti_v2p1 http://www.imsglobal.org/xsd/qti/qtiv2p1/imsqti_v2p1p1.xsd http://www.w3.org/1998/Math/MathML http://www.w3.org/Math/XMLSchema/mathml2/mathml2.xsd" identifier="vufgb-vif-004-nl_325505620_section_1_item_1_schoice" title="1" adaptive="false" timeDependent="false" xmlns="http://www.imsglobal.org/xsd/imsqti_v2p1" xmlns:xsi="http://www.w3.org/2001/XMLSchema-instance">
<responseDeclaration identifier="vufgb-vif-004-nl_325505620_section_1_item_1_schoice_RESPONSE_1_1637875" cardinality="single" baseType="identifier">
<correctResponse>
<value>vufgb-vif-004-nl_325505620_section_1_item_1_schoice_4_7214309344</value>
</correctResponse>
<mapping defaultValue="0" lowerBound="0.0">
<mapEntry mapKey="vufgb-vif-004-nl_325505620_section_1_item_1_schoice_1_7321785405" mappedValue="0"/>
<mapEntry mapKey="vufgb-vif-004-nl_325505620_section_1_item_1_schoice_2_3723467113" mappedValue="0"/>
<mapEntry mapKey="vufgb-vif-004-nl_325505620_section_1_item_1_schoice_3_4829907399" mappedValue="0"/>
<mapEntry mapKey="vufgb-vif-004-nl_325505620_section_1_item_1_schoice_4_7214309344" mappedValue="1"/>
</mapping>
</responseDeclaration>
<outcomeDeclaration identifier="SCORE" cardinality="single" baseType="float" normalMaximum="1" normalMinimum="0">
<defaultValue>
<value>0.0</value>
</defaultValue>
</outcomeDeclaration>
<outcomeDeclaration identifier="MAXSCORE" cardinality="single" baseType="float">
<defaultValue>
<value>1</value>
</defaultValue>
</outcomeDeclaration>
<outcomeDeclaration identifier="FEEDBACKBASIC" cardinality="single" baseType="identifier" view="testConstructor">
<defaultValue>
<value>empty</value>
</defaultValue>
</outcomeDeclaration>
<outcomeDeclaration identifier="FEEDBACKMODAL" cardinality="multiple" baseType="identifier" view="testConstructor"/>
<outcomeDeclaration identifier="MINSCORE" cardinality="single" baseType="float">
<defaultValue>
<value baseType="float">0</value>
</defaultValue>
</outcomeDeclaration>
<outcomeDeclaration identifier="SCORE_RESPONSE_1" cardinality="single" baseType="float">
<defaultValue>
<value>0.0</value>
</defaultValue>
</outcomeDeclaration>
<outcomeDeclaration identifier="MINSCORE_RESPONSE_1" cardinality="single" baseType="float">
<defaultValue>
<value>0.0</value>
</defaultValue>
</outcomeDeclaration>
<itemBody>
<p>Wat is <strong>geen</strong> statistiek om extreme waarnemingen mee op te sporen?</p>
<choiceInteraction responseIdentifier="vufgb-vif-004-nl_325505620_section_1_item_1_schoice_RESPONSE_1_1637875" shuffle="false" maxChoices="1">
<simpleChoice identifier="vufgb-vif-004-nl_325505620_section_1_item_1_schoice_1_7321785405">
<p>
a. Leverage
</p>
</simpleChoice>
<simpleChoice identifier="vufgb-vif-004-nl_325505620_section_1_item_1_schoice_2_3723467113">
<p>
b. DFBETA
</p>
</simpleChoice>
<simpleChoice identifier="vufgb-vif-004-nl_325505620_section_1_item_1_schoice_3_4829907399">
<p>
c. DFFIT
</p>
</simpleChoice>
<simpleChoice identifier="vufgb-vif-004-nl_325505620_section_1_item_1_schoice_4_7214309344">
<p>
d. VIF
</p>
</simpleChoice>
</choiceInteraction>
</itemBody>
<responseProcessing>
<responseCondition>
<responseIf>
<isNull>
<variable identifier="vufgb-vif-004-nl_325505620_section_1_item_1_schoice_RESPONSE_1_1637875"/>
</isNull>
<setOutcomeValue identifier="SCORE_RESPONSE_1">
<sum>
<variable identifier="SCORE_RESPONSE_1"/>
<baseValue baseType="float">0</baseValue>
</sum>
</setOutcomeValue>
</responseIf>
</responseCondition>
<setOutcomeValue identifier="SCORE_RESPONSE_1">
<sum>
<variable identifier="SCORE_RESPONSE_1"/>
<mapResponse identifier="vufgb-vif-004-nl_325505620_section_1_item_1_schoice_RESPONSE_1_1637875"/>
</sum>
</setOutcomeValue>
<responseCondition>
<responseIf>
<lt>
<variable identifier="SCORE_RESPONSE_1"/>
<variable identifier="MINSCORE_RESPONSE_1"/>
</lt>
<setOutcomeValue identifier="SCORE_RESPONSE_1">
<variable identifier="MINSCORE_RESPONSE_1"/>
</setOutcomeValue>
</responseIf>
</responseCondition>
<setOutcomeValue identifier="SCORE">
<sum>
<variable identifier="SCORE_RESPONSE_1"/>
</sum>
</setOutcomeValue>
<responseCondition>
<responseIf>
<lt>
<variable identifier="SCORE"/>
<variable identifier="MINSCORE"/>
</lt>
<setOutcomeValue identifier="SCORE">
<variable identifier="MINSCORE"/>
</setOutcomeValue>
</responseIf>
</responseCondition>
<responseCondition>
<responseIf>
<lt>
<variable identifier="SCORE"/>
<baseValue baseType="float">1</baseValue>
</lt>
<setOutcomeValue identifier="FEEDBACKMODAL">
<multiple>
<variable identifier="FEEDBACKMODAL"/>
<baseValue baseType="identifier">Feedback638249115</baseValue>
</multiple>
</setOutcomeValue>
</responseIf>
</responseCondition>
</responseProcessing>
<modalFeedback identifier="Feedback638249115" outcomeIdentifier="FEEDBACKMODAL" showHide="show">
<ol type = "a">
<li> Leverage <br /> Incorrect </li>
<li> DFBETA <br /> Incorrect </li>
<li> DFFIT <br /> Incorrect </li>
<li> VIF <br /> Correct </li>
</ol>
</modalFeedback>
</assessmentItem>
