<?xml version="1.0" encoding="UTF-8"?>
<assessmentItem xsi:schemaLocation="http://www.imsglobal.org/xsd/imsqti_v2p1 http://www.imsglobal.org/xsd/qti/qtiv2p1/imsqti_v2p1p1.xsd http://www.w3.org/1998/Math/MathML http://www.w3.org/Math/XMLSchema/mathml2/mathml2.xsd" identifier="vufgb-rsquared-006-nl-ans_311394311_section_1_item_1_schoice" title="Inferential_Statistics_vufgb-rsquared-006-nl_vufgb-rsquared-006-nl_schoice_1" adaptive="false" timeDependent="false" xmlns="http://www.imsglobal.org/xsd/imsqti_v2p1" xmlns:xsi="http://www.w3.org/2001/XMLSchema-instance">
<responseDeclaration identifier="vufgb-rsquared-006-nl-ans_311394311_section_1_item_1_schoice_RESPONSE_1_8541023" cardinality="single" baseType="identifier">
<correctResponse>
<value>vufgb-rsquared-006-nl-ans_311394311_section_1_item_1_schoice_1_4838360062</value>
</correctResponse>
<mapping defaultValue="0" lowerBound="0.0">
<mapEntry mapKey="vufgb-rsquared-006-nl-ans_311394311_section_1_item_1_schoice_1_4838360062" mappedValue="1"/>
<mapEntry mapKey="vufgb-rsquared-006-nl-ans_311394311_section_1_item_1_schoice_2_7281041197" mappedValue="0"/>
<mapEntry mapKey="vufgb-rsquared-006-nl-ans_311394311_section_1_item_1_schoice_3_9757926362" mappedValue="0"/>
<mapEntry mapKey="vufgb-rsquared-006-nl-ans_311394311_section_1_item_1_schoice_4_7452721474" mappedValue="0"/>
</mapping>
</responseDeclaration>
<outcomeDeclaration identifier="SCORE" cardinality="single" baseType="float" normalMaximum="1" normalMinimum="0">
<defaultValue>
<value>0.0</value>
</defaultValue>
</outcomeDeclaration>
<outcomeDeclaration identifier="MAXSCORE" cardinality="single" baseType="float">
<defaultValue>
<value>1</value>
</defaultValue>
</outcomeDeclaration>
<outcomeDeclaration identifier="FEEDBACKBASIC" cardinality="single" baseType="identifier" view="testConstructor">
<defaultValue>
<value>empty</value>
</defaultValue>
</outcomeDeclaration>
<outcomeDeclaration identifier="FEEDBACKMODAL" cardinality="multiple" baseType="identifier" view="testConstructor"/>
<outcomeDeclaration identifier="SOLUTIONMODAL" cardinality="single" baseType="identifier" view="testConstructor"/>
<outcomeDeclaration identifier="MINSCORE" cardinality="single" baseType="float">
<defaultValue>
<value baseType="float">0</value>
</defaultValue>
</outcomeDeclaration>
<outcomeDeclaration identifier="SCORE_RESPONSE_1" cardinality="single" baseType="float">
<defaultValue>
<value>0.0</value>
</defaultValue>
</outcomeDeclaration>
<outcomeDeclaration identifier="MINSCORE_RESPONSE_1" cardinality="single" baseType="float">
<defaultValue>
<value>0.0</value>
</defaultValue>
</outcomeDeclaration>
<itemBody>
<p>Een regressieanalyse naar de samenhang tussen IQ en behaalde wiskundecijfers op het eindexamen is uitgevoerd op basis van informatie over 115 eerstejaarsstudenten. Een deel van de output is hieronder weergegeven. Bereken op basis hiervan de R-kwadraat (<em>R-Square</em>).</p>
<p><img src="media/supplements1/vufgb-rsquared-006-nl-table01.jpg" /></p>
<choiceInteraction responseIdentifier="vufgb-rsquared-006-nl-ans_311394311_section_1_item_1_schoice_RESPONSE_1_8541023" shuffle="false" maxChoices="1">
<simpleChoice identifier="vufgb-rsquared-006-nl-ans_311394311_section_1_item_1_schoice_1_4838360062">
<p>
 0.051
</p>
</simpleChoice>
<simpleChoice identifier="vufgb-rsquared-006-nl-ans_311394311_section_1_item_1_schoice_2_7281041197">
<p>
 0.053
</p>
</simpleChoice>
<simpleChoice identifier="vufgb-rsquared-006-nl-ans_311394311_section_1_item_1_schoice_3_9757926362">
<p>
 0.225
</p>
</simpleChoice>
<simpleChoice identifier="vufgb-rsquared-006-nl-ans_311394311_section_1_item_1_schoice_4_7452721474">
<p>
 0.231
</p>
</simpleChoice>
</choiceInteraction>
</itemBody>
<responseProcessing>
<setOutcomeValue identifier="SCORE_RESPONSE_1">
<sum>
<variable identifier="SCORE_RESPONSE_1"/>
<mapResponse identifier="vufgb-rsquared-006-nl-ans_311394311_section_1_item_1_schoice_RESPONSE_1_8541023"/>
</sum>
</setOutcomeValue>
<responseCondition>
<responseIf>
<lt>
<variable identifier="SCORE_RESPONSE_1"/>
<variable identifier="MINSCORE_RESPONSE_1"/>
</lt>
<setOutcomeValue identifier="SCORE_RESPONSE_1">
<variable identifier="MINSCORE_RESPONSE_1"/>
</setOutcomeValue>
</responseIf>
</responseCondition>
<responseCondition>
<responseIf>
<isNull>
<variable identifier="vufgb-rsquared-006-nl-ans_311394311_section_1_item_1_schoice_RESPONSE_1_8541023"/>
</isNull>
<setOutcomeValue identifier="SCORE_RESPONSE_1">
<sum>
<variable identifier="SCORE_RESPONSE_1"/>
<baseValue baseType="float">0</baseValue>
</sum>
</setOutcomeValue>
</responseIf>
</responseCondition>
<setOutcomeValue identifier="SCORE">
<sum>
<variable identifier="SCORE_RESPONSE_1"/>
</sum>
</setOutcomeValue>
<responseCondition>
<responseIf>
<lt>
<variable identifier="SCORE"/>
<variable identifier="MINSCORE"/>
</lt>
<setOutcomeValue identifier="SCORE">
<variable identifier="MINSCORE"/>
</setOutcomeValue>
</responseIf>
</responseCondition>
<responseCondition>
<responseIf>
<lt>
<variable identifier="SCORE"/>
<baseValue baseType="float">1</baseValue>
</lt>
<setOutcomeValue identifier="FEEDBACKMODAL">
<multiple>
<variable identifier="FEEDBACKMODAL"/>
<baseValue baseType="identifier">Feedback563376299</baseValue>
</multiple>
</setOutcomeValue>
</responseIf>
</responseCondition>
</responseProcessing>
<modalFeedback outcomeIdentifier="FEEDBACK" showHide="show" identifier="incorrect">
<ul>
<li> 0.051 <br /> Correct </li>
<li> 0.053 <br /> Incorrect </li>
<li> 0.225 <br /> Incorrect </li>
<li> 0.231 <br /> Incorrect </li>
</ul>
</modalFeedback>
</assessmentItem>
