<?xml version="1.0" encoding="UTF-8"?>
<assessmentItem xsi:schemaLocation="http://www.imsglobal.org/xsd/imsqti_v2p1 http://www.imsglobal.org/xsd/qti/qtiv2p1/imsqti_v2p1p1.xsd http://www.w3.org/1998/Math/MathML http://www.w3.org/Math/XMLSchema/mathml2/mathml2.xsd" identifier="vufgb-multiplelinearregression-022-nl-ans_561554706_section_1_item_1_schoice" title="Inferential_Statistics_vufgb-multiplelinearregression-022-nl_vufgb-multiplelinearregression-022-nl_schoice_1" adaptive="false" timeDependent="false" xmlns="http://www.imsglobal.org/xsd/imsqti_v2p1" xmlns:xsi="http://www.w3.org/2001/XMLSchema-instance">
<responseDeclaration identifier="vufgb-multiplelinearregression-022-nl-ans_561554706_section_1_item_1_schoice_RESPONSE_1_7693235" cardinality="single" baseType="identifier">
<correctResponse>
<value>vufgb-multiplelinearregression-022-nl-ans_561554706_section_1_item_1_schoice_4_3718199004</value>
</correctResponse>
<mapping defaultValue="0" lowerBound="0.0">
<mapEntry mapKey="vufgb-multiplelinearregression-022-nl-ans_561554706_section_1_item_1_schoice_1_8035808204" mappedValue="0"/>
<mapEntry mapKey="vufgb-multiplelinearregression-022-nl-ans_561554706_section_1_item_1_schoice_2_9543497744" mappedValue="0"/>
<mapEntry mapKey="vufgb-multiplelinearregression-022-nl-ans_561554706_section_1_item_1_schoice_3_1338768682" mappedValue="0"/>
<mapEntry mapKey="vufgb-multiplelinearregression-022-nl-ans_561554706_section_1_item_1_schoice_4_3718199004" mappedValue="1"/>
</mapping>
</responseDeclaration>
<outcomeDeclaration identifier="SCORE" cardinality="single" baseType="float" normalMaximum="1" normalMinimum="0">
<defaultValue>
<value>0.0</value>
</defaultValue>
</outcomeDeclaration>
<outcomeDeclaration identifier="MAXSCORE" cardinality="single" baseType="float">
<defaultValue>
<value>1</value>
</defaultValue>
</outcomeDeclaration>
<outcomeDeclaration identifier="FEEDBACKBASIC" cardinality="single" baseType="identifier" view="testConstructor">
<defaultValue>
<value>empty</value>
</defaultValue>
</outcomeDeclaration>
<outcomeDeclaration identifier="FEEDBACKMODAL" cardinality="multiple" baseType="identifier" view="testConstructor"/>
<outcomeDeclaration identifier="SOLUTIONMODAL" cardinality="single" baseType="identifier" view="testConstructor"/>
<outcomeDeclaration identifier="MINSCORE" cardinality="single" baseType="float">
<defaultValue>
<value baseType="float">0</value>
</defaultValue>
</outcomeDeclaration>
<outcomeDeclaration identifier="SCORE_RESPONSE_1" cardinality="single" baseType="float">
<defaultValue>
<value>0.0</value>
</defaultValue>
</outcomeDeclaration>
<outcomeDeclaration identifier="MINSCORE_RESPONSE_1" cardinality="single" baseType="float">
<defaultValue>
<value>0.0</value>
</defaultValue>
</outcomeDeclaration>
<itemBody>
<p>In een onderzoek waaraan 30 proefpersonen meedoen wordt de variabele Blood Pressure voorspeld op basis van Weight en Age. De kwadratensom van de Regressie is 285, de kwadratensom van de residuen is 2400, en de totale kwadratensom is 2685.</p>
<p>Er wordt nog een model geschat; de twee (gestandaariseerde) regressievergelijkingen zijn:</p>
<p>Blood Pressure = 0:59 x Age + 0:34 x Weight</p>
<p>Weight = 0:56 x Age</p>
<p>Wat voor type `multivariate relationship’ wordt hier onderzocht?</p>
<choiceInteraction responseIdentifier="vufgb-multiplelinearregression-022-nl-ans_561554706_section_1_item_1_schoice_RESPONSE_1_7693235" shuffle="false" maxChoices="1">
<simpleChoice identifier="vufgb-multiplelinearregression-022-nl-ans_561554706_section_1_item_1_schoice_1_8035808204">
<p>
 Interactie.
</p>
</simpleChoice>
<simpleChoice identifier="vufgb-multiplelinearregression-022-nl-ans_561554706_section_1_item_1_schoice_2_9543497744">
<p>
 Kettingrelatie.
</p>
</simpleChoice>
<simpleChoice identifier="vufgb-multiplelinearregression-022-nl-ans_561554706_section_1_item_1_schoice_3_1338768682">
<p>
 Meerdere oorzaken.
</p>
</simpleChoice>
<simpleChoice identifier="vufgb-multiplelinearregression-022-nl-ans_561554706_section_1_item_1_schoice_4_3718199004">
<p>
 Directe en indirecte effecten.
</p>
</simpleChoice>
</choiceInteraction>
</itemBody>
<responseProcessing>
<setOutcomeValue identifier="SCORE_RESPONSE_1">
<sum>
<variable identifier="SCORE_RESPONSE_1"/>
<mapResponse identifier="vufgb-multiplelinearregression-022-nl-ans_561554706_section_1_item_1_schoice_RESPONSE_1_7693235"/>
</sum>
</setOutcomeValue>
<responseCondition>
<responseIf>
<lt>
<variable identifier="SCORE_RESPONSE_1"/>
<variable identifier="MINSCORE_RESPONSE_1"/>
</lt>
<setOutcomeValue identifier="SCORE_RESPONSE_1">
<variable identifier="MINSCORE_RESPONSE_1"/>
</setOutcomeValue>
</responseIf>
</responseCondition>
<responseCondition>
<responseIf>
<isNull>
<variable identifier="vufgb-multiplelinearregression-022-nl-ans_561554706_section_1_item_1_schoice_RESPONSE_1_7693235"/>
</isNull>
<setOutcomeValue identifier="SCORE_RESPONSE_1">
<sum>
<variable identifier="SCORE_RESPONSE_1"/>
<baseValue baseType="float">0</baseValue>
</sum>
</setOutcomeValue>
</responseIf>
</responseCondition>
<setOutcomeValue identifier="SCORE">
<sum>
<variable identifier="SCORE_RESPONSE_1"/>
</sum>
</setOutcomeValue>
<responseCondition>
<responseIf>
<lt>
<variable identifier="SCORE"/>
<variable identifier="MINSCORE"/>
</lt>
<setOutcomeValue identifier="SCORE">
<variable identifier="MINSCORE"/>
</setOutcomeValue>
</responseIf>
</responseCondition>
<responseCondition>
<responseIf>
<lt>
<variable identifier="SCORE"/>
<baseValue baseType="float">1</baseValue>
</lt>
<setOutcomeValue identifier="FEEDBACKMODAL">
<multiple>
<variable identifier="FEEDBACKMODAL"/>
<baseValue baseType="identifier">Feedback508761691</baseValue>
</multiple>
</setOutcomeValue>
</responseIf>
</responseCondition>
</responseProcessing>
<modalFeedback outcomeIdentifier="FEEDBACK" showHide="show" identifier="incorrect">
<ul>
<li> Interactie. <br /> Incorrect </li>
<li> Kettingrelatie. <br /> Incorrect </li>
<li> Meerdere oorzaken. <br /> Incorrect </li>
<li> Directe en indirecte effecten. <br /> Correct </li>
</ul>
</modalFeedback>
</assessmentItem>
