<?xml version="1.0" encoding="UTF-8"?>
<assessmentItem xsi:schemaLocation="http://www.imsglobal.org/xsd/imsqti_v2p1 http://www.imsglobal.org/xsd/qti/qtiv2p1/imsqti_v2p1p1.xsd http://www.w3.org/1998/Math/MathML http://www.w3.org/Math/XMLSchema/mathml2/mathml2.xsd" identifier="uva-multiplication-rule-699-en-qti_562527815_section_1_item_1_schoice" title="1" adaptive="false" timeDependent="false" xmlns="http://www.imsglobal.org/xsd/imsqti_v2p1" xmlns:xsi="http://www.w3.org/2001/XMLSchema-instance">
<responseDeclaration identifier="uva-multiplication-rule-699-en-qti_562527815_section_1_item_1_schoice_RESPONSE_1_1245922" cardinality="single" baseType="identifier">
<correctResponse>
<value>uva-multiplication-rule-699-en-qti_562527815_section_1_item_1_schoice_3_3595628066</value>
</correctResponse>
<mapping defaultValue="0" lowerBound="0.0">
<mapEntry mapKey="uva-multiplication-rule-699-en-qti_562527815_section_1_item_1_schoice_1_8404401033" mappedValue="0"/>
<mapEntry mapKey="uva-multiplication-rule-699-en-qti_562527815_section_1_item_1_schoice_2_6255260079" mappedValue="0"/>
<mapEntry mapKey="uva-multiplication-rule-699-en-qti_562527815_section_1_item_1_schoice_3_3595628066" mappedValue="1"/>
</mapping>
</responseDeclaration>
<outcomeDeclaration identifier="SCORE" cardinality="single" baseType="float" normalMaximum="1" normalMinimum="0">
<defaultValue>
<value>0.0</value>
</defaultValue>
</outcomeDeclaration>
<outcomeDeclaration identifier="MAXSCORE" cardinality="single" baseType="float">
<defaultValue>
<value>1</value>
</defaultValue>
</outcomeDeclaration>
<outcomeDeclaration identifier="FEEDBACKBASIC" cardinality="single" baseType="identifier" view="testConstructor">
<defaultValue>
<value>empty</value>
</defaultValue>
</outcomeDeclaration>
<outcomeDeclaration identifier="FEEDBACKMODAL" cardinality="multiple" baseType="identifier" view="testConstructor"/>
<outcomeDeclaration identifier="SOLUTIONMODAL" cardinality="single" baseType="identifier" view="testConstructor"/>
<outcomeDeclaration identifier="MINSCORE" cardinality="single" baseType="float">
<defaultValue>
<value baseType="float">0</value>
</defaultValue>
</outcomeDeclaration>
<outcomeDeclaration identifier="SCORE_RESPONSE_1" cardinality="single" baseType="float">
<defaultValue>
<value>0.0</value>
</defaultValue>
</outcomeDeclaration>
<outcomeDeclaration identifier="MINSCORE_RESPONSE_1" cardinality="single" baseType="float">
<defaultValue>
<value>0.0</value>
</defaultValue>
</outcomeDeclaration>
<itemBody>
<p>Suppose there are two players playing with four pure dice. They must take turns rolling these four dice at the same time. Player <em>A</em> gets a point if no 3 is rolled and player <em>B</em> gets a point if at least one of the four dice has one 3 on top. Is this a fair game for both players according to probability theory?</p>
<choiceInteraction responseIdentifier="uva-multiplication-rule-699-en-qti_562527815_section_1_item_1_schoice_RESPONSE_1_1245922" shuffle="false" maxChoices="1">
<simpleChoice identifier="uva-multiplication-rule-699-en-qti_562527815_section_1_item_1_schoice_1_8404401033">
<p>
 Yes, because both players have the same probability.
</p>
</simpleChoice>
<simpleChoice identifier="uva-multiplication-rule-699-en-qti_562527815_section_1_item_1_schoice_2_6255260079">
<p>
 No, because player A has a greater chance than player B.
</p>
</simpleChoice>
<simpleChoice identifier="uva-multiplication-rule-699-en-qti_562527815_section_1_item_1_schoice_3_3595628066">
<p>
 No, because player B has a greater chance than player A.
</p>
</simpleChoice>
</choiceInteraction>
</itemBody>
<responseProcessing>
<setOutcomeValue identifier="SCORE_RESPONSE_1">
<sum>
<variable identifier="SCORE_RESPONSE_1"/>
<mapResponse identifier="uva-multiplication-rule-699-en-qti_562527815_section_1_item_1_schoice_RESPONSE_1_1245922"/>
</sum>
</setOutcomeValue>
<responseCondition>
<responseIf>
<lt>
<variable identifier="SCORE_RESPONSE_1"/>
<variable identifier="MINSCORE_RESPONSE_1"/>
</lt>
<setOutcomeValue identifier="SCORE_RESPONSE_1">
<variable identifier="MINSCORE_RESPONSE_1"/>
</setOutcomeValue>
</responseIf>
</responseCondition>
<responseCondition>
<responseIf>
<isNull>
<variable identifier="uva-multiplication-rule-699-en-qti_562527815_section_1_item_1_schoice_RESPONSE_1_1245922"/>
</isNull>
<setOutcomeValue identifier="SCORE_RESPONSE_1">
<sum>
<variable identifier="SCORE_RESPONSE_1"/>
<baseValue baseType="float">0</baseValue>
</sum>
</setOutcomeValue>
</responseIf>
</responseCondition>
<setOutcomeValue identifier="SCORE">
<sum>
<variable identifier="SCORE_RESPONSE_1"/>
</sum>
</setOutcomeValue>
<responseCondition>
<responseIf>
<lt>
<variable identifier="SCORE"/>
<variable identifier="MINSCORE"/>
</lt>
<setOutcomeValue identifier="SCORE">
<variable identifier="MINSCORE"/>
</setOutcomeValue>
</responseIf>
</responseCondition>
<responseCondition>
<responseIf>
<lt>
<variable identifier="SCORE"/>
<baseValue baseType="float">1</baseValue>
</lt>
<setOutcomeValue identifier="FEEDBACKMODAL">
<multiple>
<variable identifier="FEEDBACKMODAL"/>
<baseValue baseType="identifier">Feedback273487164</baseValue>
</multiple>
</setOutcomeValue>
</responseIf>
</responseCondition>
</responseProcessing>
<modalFeedback identifier="Feedback273487164" outcomeIdentifier="FEEDBACKMODAL" showHide="show">
<ul>
<li> Yes, because both players have the same probability. <br /> Yes, because both players have the same odds: Incorrect </li>
<li> No, because player A has a greater chance than player B. <br /> No, because player A has a greater chance than player B.:Incorrect </li>
<li> No, because player B has a greater chance than player A. <br /> No, because player B has a greater chance than player A.: Correct </li>
</ul>
</modalFeedback>
</assessmentItem>
