<?xml version="1.0" encoding="UTF-8"?>
<assessmentItem xsi:schemaLocation="http://www.imsglobal.org/xsd/imsqti_v2p1 http://www.imsglobal.org/xsd/qti/qtiv2p1/imsqti_v2p1p1.xsd http://www.w3.org/1998/Math/MathML http://www.w3.org/Math/XMLSchema/mathml2/mathml2.xsd" identifier="vufgb-zscore-007-en-ans_223992815_section_1_item_1_schoice" title="Descriptive-statistics_vufgb-zscore-007-en_vufgb-zscore-007-en_schoice_1" adaptive="false" timeDependent="false" xmlns="http://www.imsglobal.org/xsd/imsqti_v2p1" xmlns:xsi="http://www.w3.org/2001/XMLSchema-instance">
<responseDeclaration identifier="vufgb-zscore-007-en-ans_223992815_section_1_item_1_schoice_RESPONSE_1_8409427" cardinality="single" baseType="identifier">
<correctResponse>
<value>vufgb-zscore-007-en-ans_223992815_section_1_item_1_schoice_1_5484199822</value>
</correctResponse>
<mapping defaultValue="0" lowerBound="0.0">
<mapEntry mapKey="vufgb-zscore-007-en-ans_223992815_section_1_item_1_schoice_1_5484199822" mappedValue="1"/>
<mapEntry mapKey="vufgb-zscore-007-en-ans_223992815_section_1_item_1_schoice_2_1919054511" mappedValue="0"/>
<mapEntry mapKey="vufgb-zscore-007-en-ans_223992815_section_1_item_1_schoice_3_3129805351" mappedValue="0"/>
<mapEntry mapKey="vufgb-zscore-007-en-ans_223992815_section_1_item_1_schoice_4_1800115334" mappedValue="0"/>
</mapping>
</responseDeclaration>
<outcomeDeclaration identifier="SCORE" cardinality="single" baseType="float" normalMaximum="1" normalMinimum="0">
<defaultValue>
<value>0.0</value>
</defaultValue>
</outcomeDeclaration>
<outcomeDeclaration identifier="MAXSCORE" cardinality="single" baseType="float">
<defaultValue>
<value>1</value>
</defaultValue>
</outcomeDeclaration>
<outcomeDeclaration identifier="FEEDBACKBASIC" cardinality="single" baseType="identifier" view="testConstructor">
<defaultValue>
<value>empty</value>
</defaultValue>
</outcomeDeclaration>
<outcomeDeclaration identifier="FEEDBACKMODAL" cardinality="multiple" baseType="identifier" view="testConstructor"/>
<outcomeDeclaration identifier="SOLUTIONMODAL" cardinality="single" baseType="identifier" view="testConstructor"/>
<outcomeDeclaration identifier="MINSCORE" cardinality="single" baseType="float">
<defaultValue>
<value baseType="float">0</value>
</defaultValue>
</outcomeDeclaration>
<outcomeDeclaration identifier="SCORE_RESPONSE_1" cardinality="single" baseType="float">
<defaultValue>
<value>0.0</value>
</defaultValue>
</outcomeDeclaration>
<outcomeDeclaration identifier="MINSCORE_RESPONSE_1" cardinality="single" baseType="float">
<defaultValue>
<value>0.0</value>
</defaultValue>
</outcomeDeclaration>
<itemBody>
<p>It is known that female length in the Netherlands follows a normal distribution with mean 170 cm and standard deviation 9 cm. What percentage of women in the Netherlands is taller than Brad Pitt (180 cm)?</p>
<choiceInteraction responseIdentifier="vufgb-zscore-007-en-ans_223992815_section_1_item_1_schoice_RESPONSE_1_8409427" shuffle="false" maxChoices="1">
<simpleChoice identifier="vufgb-zscore-007-en-ans_223992815_section_1_item_1_schoice_1_5484199822">
<p>
 13%
</p>
</simpleChoice>
<simpleChoice identifier="vufgb-zscore-007-en-ans_223992815_section_1_item_1_schoice_2_1919054511">
<p>
 29%
</p>
</simpleChoice>
<simpleChoice identifier="vufgb-zscore-007-en-ans_223992815_section_1_item_1_schoice_3_3129805351">
<p>
 8%
</p>
</simpleChoice>
<simpleChoice identifier="vufgb-zscore-007-en-ans_223992815_section_1_item_1_schoice_4_1800115334">
<p>
 18%
</p>
</simpleChoice>
</choiceInteraction>
</itemBody>
<responseProcessing>
<setOutcomeValue identifier="SCORE_RESPONSE_1">
<sum>
<variable identifier="SCORE_RESPONSE_1"/>
<mapResponse identifier="vufgb-zscore-007-en-ans_223992815_section_1_item_1_schoice_RESPONSE_1_8409427"/>
</sum>
</setOutcomeValue>
<responseCondition>
<responseIf>
<lt>
<variable identifier="SCORE_RESPONSE_1"/>
<variable identifier="MINSCORE_RESPONSE_1"/>
</lt>
<setOutcomeValue identifier="SCORE_RESPONSE_1">
<variable identifier="MINSCORE_RESPONSE_1"/>
</setOutcomeValue>
</responseIf>
</responseCondition>
<responseCondition>
<responseIf>
<isNull>
<variable identifier="vufgb-zscore-007-en-ans_223992815_section_1_item_1_schoice_RESPONSE_1_8409427"/>
</isNull>
<setOutcomeValue identifier="SCORE_RESPONSE_1">
<sum>
<variable identifier="SCORE_RESPONSE_1"/>
<baseValue baseType="float">0</baseValue>
</sum>
</setOutcomeValue>
</responseIf>
</responseCondition>
<setOutcomeValue identifier="SCORE">
<sum>
<variable identifier="SCORE_RESPONSE_1"/>
</sum>
</setOutcomeValue>
<responseCondition>
<responseIf>
<lt>
<variable identifier="SCORE"/>
<variable identifier="MINSCORE"/>
</lt>
<setOutcomeValue identifier="SCORE">
<variable identifier="MINSCORE"/>
</setOutcomeValue>
</responseIf>
</responseCondition>
<responseCondition>
<responseIf>
<lt>
<variable identifier="SCORE"/>
<baseValue baseType="float">1</baseValue>
</lt>
<setOutcomeValue identifier="FEEDBACKMODAL">
<multiple>
<variable identifier="FEEDBACKMODAL"/>
<baseValue baseType="identifier">Feedback742575462</baseValue>
</multiple>
</setOutcomeValue>
</responseIf>
</responseCondition>
</responseProcessing>
<modalFeedback outcomeIdentifier="FEEDBACK" showHide="show" identifier="incorrect">
<ul>
<li> 13% <br /> Correct </li>
<li> 29% <br /> Incorrect </li>
<li> 8% <br /> Incorrect </li>
<li> 18% <br /> Incorrect </li>
</ul>
</modalFeedback>
</assessmentItem>
