<?xml version="1.0" encoding="UTF-8"?>
<assessmentItem xsi:schemaLocation="http://www.imsglobal.org/xsd/imsqti_v2p1 http://www.imsglobal.org/xsd/qti/qtiv2p1/imsqti_v2p1p1.xsd http://www.w3.org/1998/Math/MathML http://www.w3.org/Math/XMLSchema/mathml2/mathml2.xsd" identifier="vufgb-multiplelinearregression-035-en-qti_612156779_section_1_item_1_schoice" title="1" adaptive="false" timeDependent="false" xmlns="http://www.imsglobal.org/xsd/imsqti_v2p1" xmlns:xsi="http://www.w3.org/2001/XMLSchema-instance">
<responseDeclaration identifier="vufgb-multiplelinearregression-035-en-qti_612156779_section_1_item_1_schoice_RESPONSE_1_8928159" cardinality="single" baseType="identifier">
<correctResponse>
<value>vufgb-multiplelinearregression-035-en-qti_612156779_section_1_item_1_schoice_2_2549753675</value>
</correctResponse>
<mapping defaultValue="0" lowerBound="0.0">
<mapEntry mapKey="vufgb-multiplelinearregression-035-en-qti_612156779_section_1_item_1_schoice_1_2830248170" mappedValue="0"/>
<mapEntry mapKey="vufgb-multiplelinearregression-035-en-qti_612156779_section_1_item_1_schoice_2_2549753675" mappedValue="1"/>
<mapEntry mapKey="vufgb-multiplelinearregression-035-en-qti_612156779_section_1_item_1_schoice_3_3544111375" mappedValue="0"/>
<mapEntry mapKey="vufgb-multiplelinearregression-035-en-qti_612156779_section_1_item_1_schoice_4_1703954456" mappedValue="0"/>
</mapping>
</responseDeclaration>
<outcomeDeclaration identifier="SCORE" cardinality="single" baseType="float" normalMaximum="1" normalMinimum="0">
<defaultValue>
<value>0.0</value>
</defaultValue>
</outcomeDeclaration>
<outcomeDeclaration identifier="MAXSCORE" cardinality="single" baseType="float">
<defaultValue>
<value>1</value>
</defaultValue>
</outcomeDeclaration>
<outcomeDeclaration identifier="FEEDBACKBASIC" cardinality="single" baseType="identifier" view="testConstructor">
<defaultValue>
<value>empty</value>
</defaultValue>
</outcomeDeclaration>
<outcomeDeclaration identifier="FEEDBACKMODAL" cardinality="multiple" baseType="identifier" view="testConstructor"/>
<outcomeDeclaration identifier="SOLUTIONMODAL" cardinality="single" baseType="identifier" view="testConstructor"/>
<outcomeDeclaration identifier="MINSCORE" cardinality="single" baseType="float">
<defaultValue>
<value baseType="float">0</value>
</defaultValue>
</outcomeDeclaration>
<outcomeDeclaration identifier="SCORE_RESPONSE_1" cardinality="single" baseType="float">
<defaultValue>
<value>0.0</value>
</defaultValue>
</outcomeDeclaration>
<outcomeDeclaration identifier="MINSCORE_RESPONSE_1" cardinality="single" baseType="float">
<defaultValue>
<value>0.0</value>
</defaultValue>
</outcomeDeclaration>
<itemBody>
<p>What is the range of values that the multiple correlation <em>R</em> can take in a multiple regression analysis?</p>
<choiceInteraction responseIdentifier="vufgb-multiplelinearregression-035-en-qti_612156779_section_1_item_1_schoice_RESPONSE_1_8928159" shuffle="false" maxChoices="1">
<simpleChoice identifier="vufgb-multiplelinearregression-035-en-qti_612156779_section_1_item_1_schoice_1_2830248170">
<p>
 <math display="inline" xmlns="http://www.w3.org/1998/Math/MathML"><semantics><mrow><mo>−</mo><mn>1</mn><mo>&lt;</mo><mi>R</mi><mo>&lt;</mo><mn>0</mn></mrow><annotation encoding="application/x-tex">-1 &lt; R &lt; 0</annotation></semantics></math>
</p>
</simpleChoice>
<simpleChoice identifier="vufgb-multiplelinearregression-035-en-qti_612156779_section_1_item_1_schoice_2_2549753675">
<p>
 <math display="inline" xmlns="http://www.w3.org/1998/Math/MathML"><semantics><mrow><mn>0</mn><mo>&lt;</mo><mi>R</mi><mo>&lt;</mo><mn>1</mn></mrow><annotation encoding="application/x-tex">0 &lt; R &lt; 1</annotation></semantics></math>
</p>
</simpleChoice>
<simpleChoice identifier="vufgb-multiplelinearregression-035-en-qti_612156779_section_1_item_1_schoice_3_3544111375">
<p>
 <math display="inline" xmlns="http://www.w3.org/1998/Math/MathML"><semantics><mrow><mo>−</mo><mn>1</mn><mo>&lt;</mo><mi>R</mi><mo>&lt;</mo><mn>1</mn></mrow><annotation encoding="application/x-tex">-1 &lt; R &lt; 1</annotation></semantics></math>
</p>
</simpleChoice>
<simpleChoice identifier="vufgb-multiplelinearregression-035-en-qti_612156779_section_1_item_1_schoice_4_1703954456">
<p>
 <math display="inline" xmlns="http://www.w3.org/1998/Math/MathML"><semantics><mrow><mo>−</mo><mi>∞</mi><mo>&lt;</mo><mi>R</mi><mo>&lt;</mo><mi>∞</mi></mrow><annotation encoding="application/x-tex">-\infty &lt; R &lt; \infty</annotation></semantics></math>
</p>
</simpleChoice>
</choiceInteraction>
</itemBody>
<responseProcessing>
<setOutcomeValue identifier="SCORE_RESPONSE_1">
<sum>
<variable identifier="SCORE_RESPONSE_1"/>
<mapResponse identifier="vufgb-multiplelinearregression-035-en-qti_612156779_section_1_item_1_schoice_RESPONSE_1_8928159"/>
</sum>
</setOutcomeValue>
<responseCondition>
<responseIf>
<lt>
<variable identifier="SCORE_RESPONSE_1"/>
<variable identifier="MINSCORE_RESPONSE_1"/>
</lt>
<setOutcomeValue identifier="SCORE_RESPONSE_1">
<variable identifier="MINSCORE_RESPONSE_1"/>
</setOutcomeValue>
</responseIf>
</responseCondition>
<responseCondition>
<responseIf>
<isNull>
<variable identifier="vufgb-multiplelinearregression-035-en-qti_612156779_section_1_item_1_schoice_RESPONSE_1_8928159"/>
</isNull>
<setOutcomeValue identifier="SCORE_RESPONSE_1">
<sum>
<variable identifier="SCORE_RESPONSE_1"/>
<baseValue baseType="float">0</baseValue>
</sum>
</setOutcomeValue>
</responseIf>
</responseCondition>
<setOutcomeValue identifier="SCORE">
<sum>
<variable identifier="SCORE_RESPONSE_1"/>
</sum>
</setOutcomeValue>
<responseCondition>
<responseIf>
<lt>
<variable identifier="SCORE"/>
<variable identifier="MINSCORE"/>
</lt>
<setOutcomeValue identifier="SCORE">
<variable identifier="MINSCORE"/>
</setOutcomeValue>
</responseIf>
</responseCondition>
<responseCondition>
<responseIf>
<lt>
<variable identifier="SCORE"/>
<baseValue baseType="float">1</baseValue>
</lt>
<setOutcomeValue identifier="FEEDBACKMODAL">
<multiple>
<variable identifier="FEEDBACKMODAL"/>
<baseValue baseType="identifier">Feedback276823226</baseValue>
</multiple>
</setOutcomeValue>
</responseIf>
</responseCondition>
</responseProcessing>
<modalFeedback identifier="Feedback276823226" outcomeIdentifier="FEEDBACKMODAL" showHide="show">
<ul>
<li> <math display="inline" xmlns="http://www.w3.org/1998/Math/MathML"><semantics><mrow><mo>−</mo><mn>1</mn><mo>&lt;</mo><mi>R</mi><mo>&lt;</mo><mn>0</mn></mrow><annotation encoding="application/x-tex">-1 &lt; R &lt; 0</annotation></semantics></math> <br /> Incorrect </li>
<li> <math display="inline" xmlns="http://www.w3.org/1998/Math/MathML"><semantics><mrow><mn>0</mn><mo>&lt;</mo><mi>R</mi><mo>&lt;</mo><mn>1</mn></mrow><annotation encoding="application/x-tex">0 &lt; R &lt; 1</annotation></semantics></math> <br /> Correct </li>
<li> <math display="inline" xmlns="http://www.w3.org/1998/Math/MathML"><semantics><mrow><mo>−</mo><mn>1</mn><mo>&lt;</mo><mi>R</mi><mo>&lt;</mo><mn>1</mn></mrow><annotation encoding="application/x-tex">-1 &lt; R &lt; 1</annotation></semantics></math> <br /> Incorrect </li>
<li> <math display="inline" xmlns="http://www.w3.org/1998/Math/MathML"><semantics><mrow><mo>−</mo><mi>∞</mi><mo>&lt;</mo><mi>R</mi><mo>&lt;</mo><mi>∞</mi></mrow><annotation encoding="application/x-tex">-\infty &lt; R &lt; \infty</annotation></semantics></math> <br /> Incorrect </li>
</ul>
</modalFeedback>
</assessmentItem>
