<?xml version="1.0" encoding="UTF-8"?>
<!DOCTYPE questestinterop SYSTEM "ims_qtiasiv1p2p1.dtd">

<questestinterop xmlns="http://www.imsglobal.org/xsd/ims_qtiasiv1p2" xmlns:xsi="http://www.w3.org/2001/XMLSchema-instance" xsi:schemaLocation="http://www.imsglobal.org/xsd/ims_qtiasiv1p2 http://www.imsglobal.org/xsd/ims_qtiasiv1p2p1.xsd">
<assessment ident="uu-reliability-009-nl-canvas_582390238" title="uu-reliability-009-nl-canvas">

<qtimetadata>
<qtimetadatafield>
<fieldlabel>cc_maxattempts</fieldlabel>
<fieldentry>1</fieldentry>
</qtimetadatafield>
<qtimetadatafield>
<fieldlabel>qmd_assessmenttype</fieldlabel>
<fieldentry>Assessment</fieldentry>
</qtimetadatafield>
</qtimetadata>
<objectives>
<material>
<mattext><![CDATA[Please solve the following exercises.]]></mattext>
</material>
</objectives>
<assessmentcontrol feedbackswitch="No" hintswitch="No" solutionswitch="Yes"/>
<outcomes_processing scoremodel="SumOfScores">
<outcomes>
<decvar varname="SCORE" vartype="Decimal" cutvalue="0"/>
</outcomes>
</outcomes_processing>
<assessfeedback title="AssessmentFeedback" ident="AssessmentFeedback">
<flow_mat>
<material>
<mattext>##AssessmentFeedback##</mattext>
</material>
</flow_mat>
</assessfeedback>

<section ident="uu-reliability-009-nl-canvas_582390238_section_1" title="Exercise">

<objectives>
<material>
<mattext><![CDATA[Please answer the following question.]]></mattext>
</material>
</objectives>
<selection_ordering>
<selection>
<selection_number>1</selection_number>
<selection_extension>
<points_per_item>1</points_per_item>
</selection_extension>
</selection>
<order order_type="Random"/>
</selection_ordering>

<item ident="uu-reliability-009-nl-canvas_582390238_section_1_item_1_schoice" title="Question" maxattempts="1">
<itemcontrol feedbackswitch="No" hintswitch="No" solutionswitch="Yes"/>
<itemmetadata>
<qtimetadata>
<qtimetadatafield>
<fieldlabel>question_type</fieldlabel>
<fieldentry>multiple_choice_question</fieldentry>
</qtimetadatafield>
</qtimetadata>
</itemmetadata>
<presentation>
<flow>
<material>
<matbreak/>
<mattext texttype="text/html" charset="utf-8"><![CDATA[
<p>Twee testontwikkelaars spreken over de bruikbaarheid van een nieuwe meetinstrument. Een psychometrica van naam en faam vangt een aantal suggesties voor verbetering van het meetinstrument op.</p>
<p>Welk van onderstaande suggesties vindt zij minder geschikt voor het vergroten van de betrouwbaarheid van het nieuwe meetinstrument?</p>
]]></mattext>
<matbreak/>
</material>
<response_lid ident="uu-reliability-009-nl-canvas_582390238_section_1_item_1_schoice_RESPONSE_9623008" rcardinality="Single" rtiming="No">
<render_choice shuffle="No">
<flow_label class="List">
<response_label ident="uu-reliability-009-nl-canvas_582390238_section_1_item_1_schoice_2353875735" rshuffle="No">
<material>
<mattext texttype="text/html" charset="utf-8"><![CDATA[
 Het verwijderen van items met een lage item-restcorrelatie.
]]></mattext>
</material>
</response_label>
</flow_label>
<flow_label class="List">
<response_label ident="uu-reliability-009-nl-canvas_582390238_section_1_item_1_schoice_8939859256" rshuffle="No">
<material>
<mattext texttype="text/html" charset="utf-8"><![CDATA[
 Het herhalen van de observaties bij dezelfde personen.
]]></mattext>
</material>
</response_label>
</flow_label>
<flow_label class="List">
<response_label ident="uu-reliability-009-nl-canvas_582390238_section_1_item_1_schoice_9232978808" rshuffle="No">
<material>
<mattext texttype="text/html" charset="utf-8"><![CDATA[
 Het vergroten van het aantal gelijkwaardige items.
]]></mattext>
</material>
</response_label>
</flow_label>
<flow_label class="List">
<response_label ident="uu-reliability-009-nl-canvas_582390238_section_1_item_1_schoice_3629410375" rshuffle="No">
<material>
<mattext texttype="text/html" charset="utf-8"><![CDATA[
 Het verbeteren van de instructies over de afname.
]]></mattext>
</material>
</response_label>
</flow_label>
</render_choice>
</response_lid>
</flow>
</presentation>
<resprocessing>
<outcomes>
<decvar varname="SCORE" vartype="Decimal" defaultval="0" minvalue="0" maxvalue="1" cutvalue="1"/>
</outcomes>
<respcondition title="Mastery" continue="No">
<conditionvar>
<and>
<varequal respident="uu-reliability-009-nl-canvas_582390238_section_1_item_1_schoice_RESPONSE_9623008" case="Yes">uu-reliability-009-nl-canvas_582390238_section_1_item_1_schoice_8939859256</varequal>
<not> <varequal respident="uu-reliability-009-nl-canvas_582390238_section_1_item_1_schoice_RESPONSE_9623008" case="Yes">uu-reliability-009-nl-canvas_582390238_section_1_item_1_schoice_2353875735</varequal> </not>
<not> <varequal respident="uu-reliability-009-nl-canvas_582390238_section_1_item_1_schoice_RESPONSE_9623008" case="Yes">uu-reliability-009-nl-canvas_582390238_section_1_item_1_schoice_9232978808</varequal> </not>
<not> <varequal respident="uu-reliability-009-nl-canvas_582390238_section_1_item_1_schoice_RESPONSE_9623008" case="Yes">uu-reliability-009-nl-canvas_582390238_section_1_item_1_schoice_3629410375</varequal> </not>
</and>
</conditionvar>
<setvar varname="SCORE" action="Set">1</setvar>
<displayfeedback feedbacktype="Response" linkrefid="correct_fb"/>
</respcondition>
<respcondition continue="Yes">
<conditionvar>
<other/>
</conditionvar>
<displayfeedback feedbacktype="Response" linkrefid="general_incorrect_fb"/>
</respcondition>
</resprocessing>
<itemfeedback ident="correct_fb" view="All">
<flow_mat>
<material>
<mattext texttype="text/html"><![CDATA[
<p>Uitleg: De betrouwbaarheid van het meetinstrument wordt vergroot door:
Optie A: Items die nauwelijks samenhangen met de overige items te verwijderen
Optie C: Een groter aantal items te gebruiken
Optie D: Te zorgen voor duidelijkheid bij de participanten betreft het invullen.</p>
<p>Optie B zorgt niet voor een betrouwbaarder meetinstrument.</p>
]]></mattext>
</material>
</flow_mat>
</itemfeedback>
<itemfeedback ident="general_incorrect_fb" view="All">
<flow_mat>
<material>
<mattext texttype="text/html"><![CDATA[
<p>Uitleg: De betrouwbaarheid van het meetinstrument wordt vergroot door:
Optie A: Items die nauwelijks samenhangen met de overige items te verwijderen
Optie C: Een groter aantal items te gebruiken
Optie D: Te zorgen voor duidelijkheid bij de participanten betreft het invullen.</p>
<p>Optie B zorgt niet voor een betrouwbaarder meetinstrument.</p>
]]></mattext>
</material>
</flow_mat>
</itemfeedback>
</item>


</section>

</assessment>
</questestinterop>
