<?xml version="1.0" encoding="utf-8" standalone="yes"?>
<assessmentItem identifier="uu-reliability-009-nl-tv_202411271203_item_1_schoice" title="uu-reliability-009-nl-tv_202411271203_item_1_schoice_uu-reliability-009-nl.Rmd" adaptive="false" timeDependent="false" toolName="Testvision Online" toolVersion="39.0.9084" xmlns="http://www.imsglobal.org/xsd/imsqti_v2p1">
<responseDeclaration identifier="RESPONSE" cardinality="single" baseType="identifier">
<correctResponse>
<value>alt_254130</value>
</correctResponse>
<mapping defaultValue="0" lowerBound="0.0">
<mapEntry mapKey="alt_391740" mappedValue="-0.333333333333333"/>
<mapEntry mapKey="alt_254130" mappedValue="1"/>
<mapEntry mapKey="alt_759688" mappedValue="-0.333333333333333"/>
<mapEntry mapKey="alt_109306" mappedValue="-0.333333333333333"/>
</mapping>
</responseDeclaration>
<outcomeDeclaration identifier="SCORE" cardinality="single" baseType="float" normalMaximum="1" normalMinimum="0" />
<outcomeDeclaration identifier="FEEDBACK" cardinality="single" baseType="identifier" />
<stylesheet href="css/uu-reliability-009-nl-tv_202411271203_item_1_schoice.css" type="text/css" />
<itemBody>
<p>Twee testontwikkelaars spreken over de bruikbaarheid van een nieuwe meetinstrument. Een psychometrica van naam en faam vangt een aantal suggesties voor verbetering van het meetinstrument op.</p>
<p>Welk van onderstaande suggesties vindt zij minder geschikt voor het vergroten van de betrouwbaarheid van het nieuwe meetinstrument?</p>
<choiceInteraction responseIdentifier="RESPONSE" shuffle="false" maxChoices="1">
<simpleChoice identifier="alt_391740">
<div class="textblock tvblock tvcss_1"><div class="rte_zone tveditor1">
 Het verwijderen van items met een lage item-restcorrelatie.
</div>
</div>
</simpleChoice>
<simpleChoice identifier="alt_254130">
<div class="textblock tvblock tvcss_1"><div class="rte_zone tveditor1">
 Het herhalen van de observaties bij dezelfde personen.
</div>
</div>
</simpleChoice>
<simpleChoice identifier="alt_759688">
<div class="textblock tvblock tvcss_1"><div class="rte_zone tveditor1">
 Het vergroten van het aantal gelijkwaardige items.
</div>
</div>
</simpleChoice>
<simpleChoice identifier="alt_109306">
<div class="textblock tvblock tvcss_1"><div class="rte_zone tveditor1">
 Het verbeteren van de instructies over de afname.
</div>
</div>
</simpleChoice>
</choiceInteraction>
</itemBody>
<responseProcessing>
<responseCondition>
<responseIf>
<isNull>
<variable identifier="RESPONSE"/>
</isNull>
<setOutcomeValue identifier="SCORE">
<baseValue baseType="float">0.0</baseValue>
</setOutcomeValue>
<setOutcomeValue identifier="FEEDBACK">
<baseValue baseType="identifier">FAILURE</baseValue>
</setOutcomeValue>
</responseIf>
<responseElse>
<setOutcomeValue identifier="SCORE">
<mapResponse identifier="RESPONSE"/>
</setOutcomeValue>
<responseCondition>
<responseIf>
<equal toleranceMode="relative" tolerance="0.001">
<variable identifier="SCORE"/>
<variable identifier="MAXSCORE"/>
</equal>
<setOutcomeValue identifier="FEEDBACK">
<baseValue baseType="identifier">ANSWER_CORRECT</baseValue>
</setOutcomeValue>
</responseIf>
<responseElse>
<setOutcomeValue identifier="FEEDBACK">
<baseValue baseType="identifier">FAILURE</baseValue>
</setOutcomeValue>
</responseElse>
</responseCondition>
</responseElse>
</responseCondition>
</responseProcessing>
<modalFeedback identifier="FAILURE" outcomeIdentifier="FEEDBACK" showHide="show">
<div class="textblock tvblock tvcss_1"><div class="rte_zone tveditor1">
<p>Uitleg: De betrouwbaarheid van het meetinstrument wordt vergroot door:
Optie A: Items die nauwelijks samenhangen met de overige items te verwijderen
Optie C: Een groter aantal items te gebruiken
Optie D: Te zorgen voor duidelijkheid bij de participanten betreft het invullen.</p>
<p>Optie B zorgt niet voor een betrouwbaarder meetinstrument.</p>
</div>
</div>
</modalFeedback>
<modalFeedback identifier="ANSWER_CORRECT" outcomeIdentifier="FEEDBACK" showHide="show">
<div class="textblock tvblock tvcss_1"><div class="rte_zone tveditor1">
<p>Uitleg: De betrouwbaarheid van het meetinstrument wordt vergroot door:
Optie A: Items die nauwelijks samenhangen met de overige items te verwijderen
Optie C: Een groter aantal items te gebruiken
Optie D: Te zorgen voor duidelijkheid bij de participanten betreft het invullen.</p>
<p>Optie B zorgt niet voor een betrouwbaarder meetinstrument.</p>
</div>
</div>
</modalFeedback>
<modalFeedback identifier="PARTIAL_CORRECT" outcomeIdentifier="FEEDBACK" showHide="show">
<div class="textblock tvblock tvcss_1"><div class="rte_zone tveditor1">
<p>Uitleg: De betrouwbaarheid van het meetinstrument wordt vergroot door:
Optie A: Items die nauwelijks samenhangen met de overige items te verwijderen
Optie C: Een groter aantal items te gebruiken
Optie D: Te zorgen voor duidelijkheid bij de participanten betreft het invullen.</p>
<p>Optie B zorgt niet voor een betrouwbaarder meetinstrument.</p>
</div>
</div>
</modalFeedback>
</assessmentItem>
