<?xml version="1.0" encoding="UTF-8"?>
<assessmentItem xsi:schemaLocation="http://www.imsglobal.org/xsd/imsqti_v2p1 http://www.imsglobal.org/xsd/qti/qtiv2p1/imsqti_v2p1p1.xsd http://www.w3.org/1998/Math/MathML http://www.w3.org/Math/XMLSchema/mathml2/mathml2.xsd" identifier="vufsw-r_squared_change-1028-nl_129466501_section_1_item_1_schoice" title="1" adaptive="false" timeDependent="false" xmlns="http://www.imsglobal.org/xsd/imsqti_v2p1" xmlns:xsi="http://www.w3.org/2001/XMLSchema-instance">
<responseDeclaration identifier="vufsw-r_squared_change-1028-nl_129466501_section_1_item_1_schoice_RESPONSE_1_7885848" cardinality="single" baseType="identifier">
<correctResponse>
<value>vufsw-r_squared_change-1028-nl_129466501_section_1_item_1_schoice_4_3762914410</value>
</correctResponse>
<mapping defaultValue="0" lowerBound="0.0">
<mapEntry mapKey="vufsw-r_squared_change-1028-nl_129466501_section_1_item_1_schoice_1_8517777181" mappedValue="0"/>
<mapEntry mapKey="vufsw-r_squared_change-1028-nl_129466501_section_1_item_1_schoice_2_8635346192" mappedValue="0"/>
<mapEntry mapKey="vufsw-r_squared_change-1028-nl_129466501_section_1_item_1_schoice_3_6441648187" mappedValue="0"/>
<mapEntry mapKey="vufsw-r_squared_change-1028-nl_129466501_section_1_item_1_schoice_4_3762914410" mappedValue="1"/>
</mapping>
</responseDeclaration>
<outcomeDeclaration identifier="SCORE" cardinality="single" baseType="float" normalMaximum="1" normalMinimum="0">
<defaultValue>
<value>0.0</value>
</defaultValue>
</outcomeDeclaration>
<outcomeDeclaration identifier="MAXSCORE" cardinality="single" baseType="float">
<defaultValue>
<value>1</value>
</defaultValue>
</outcomeDeclaration>
<outcomeDeclaration identifier="FEEDBACKBASIC" cardinality="single" baseType="identifier" view="testConstructor">
<defaultValue>
<value>empty</value>
</defaultValue>
</outcomeDeclaration>
<outcomeDeclaration identifier="FEEDBACKMODAL" cardinality="multiple" baseType="identifier" view="testConstructor"/>
<outcomeDeclaration identifier="MINSCORE" cardinality="single" baseType="float">
<defaultValue>
<value baseType="float">0</value>
</defaultValue>
</outcomeDeclaration>
<outcomeDeclaration identifier="SCORE_RESPONSE_1" cardinality="single" baseType="float">
<defaultValue>
<value>0.0</value>
</defaultValue>
</outcomeDeclaration>
<outcomeDeclaration identifier="MINSCORE_RESPONSE_1" cardinality="single" baseType="float">
<defaultValue>
<value>0.0</value>
</defaultValue>
</outcomeDeclaration>
<itemBody>
<p>We onderzoeken het effect van uren “<em>hours”</em> training en houding”<em>attitude</em>” op de prestaties “<em>performance</em>” van een specifieke
vaardigheid (bijv. Aantal gescoorde goals).</p>
<p>Voor dit doel voeren we 2 regressies uit met performance als de
afhankelijke variabele. In de eerste regressie worden hours training en
attitude opgenomen als onafhankelijke variabelen, terwijl we in de
tweede regressie ook de interactie tussen hours training en attitude
toevoegen als een onafhankelijke variabele.</p>
<p>We voeren de F-test uit voor de R<sup>2</sup>-verandering om te
beslissen of we de tweede regressie in plaats van de eerste kiezen.</p>
<p>De volgende regressievergelijking verwijst naar de tweede regressie.
Welke van de volgende uitspraken over de R<sup>2</sup>-verandering en de
F-test van de R<sup>2</sup>-verandering is aannemelijk?</p>
<p><em>p<strong>e</strong>r<strong>f</strong>o<strong>r</strong>m<strong>a</strong>n<strong>c</strong>e</em> = 1.23<sup>*</sup> + 0.112 × <em>a<strong>t</strong>t<strong>i</strong>t<strong>u</strong>d<strong>e<em> + 0.531<sup>*</sup> × </em>h</strong>o<strong>u</strong>r<strong>s<em> + 0.167<sup>*</sup> × </em>a</strong>t<strong>t</strong>i<strong>t</strong>u<strong>d</strong>e</em> × <em>h<strong>o</strong>u<strong>r</strong>s</em></p>
<p>* betekent statistisch significant</p>
<choiceInteraction responseIdentifier="vufsw-r_squared_change-1028-nl_129466501_section_1_item_1_schoice_RESPONSE_1_7885848" shuffle="false" maxChoices="1">
<simpleChoice identifier="vufsw-r_squared_change-1028-nl_129466501_section_1_item_1_schoice_1_8517777181">
<p>
a. R<sup>2</sup> change = -0.001, F(1,537)=4.2537, P-value=0.0396
</p>
</simpleChoice>
<simpleChoice identifier="vufsw-r_squared_change-1028-nl_129466501_section_1_item_1_schoice_2_8635346192">
<p>
b. R<sup>2</sup> change = 0.051, F(1,537)=4.2537, P-value=0.396
</p>
</simpleChoice>
<simpleChoice identifier="vufsw-r_squared_change-1028-nl_129466501_section_1_item_1_schoice_3_6441648187">
<p>
c. R<sup>2</sup> change = -0.001, F(1,537)=4.2537, P-value=0.396
</p>
</simpleChoice>
<simpleChoice identifier="vufsw-r_squared_change-1028-nl_129466501_section_1_item_1_schoice_4_3762914410">
<p>
d. R<sup>2</sup> change = 0.051, F(1,537)=4.2537, P-value=0.0396
</p>
</simpleChoice>
</choiceInteraction>
</itemBody>
<responseProcessing>
<responseCondition>
<responseIf>
<isNull>
<variable identifier="vufsw-r_squared_change-1028-nl_129466501_section_1_item_1_schoice_RESPONSE_1_7885848"/>
</isNull>
<setOutcomeValue identifier="SCORE_RESPONSE_1">
<sum>
<variable identifier="SCORE_RESPONSE_1"/>
<baseValue baseType="float">0</baseValue>
</sum>
</setOutcomeValue>
</responseIf>
</responseCondition>
<setOutcomeValue identifier="SCORE_RESPONSE_1">
<sum>
<variable identifier="SCORE_RESPONSE_1"/>
<mapResponse identifier="vufsw-r_squared_change-1028-nl_129466501_section_1_item_1_schoice_RESPONSE_1_7885848"/>
</sum>
</setOutcomeValue>
<responseCondition>
<responseIf>
<lt>
<variable identifier="SCORE_RESPONSE_1"/>
<variable identifier="MINSCORE_RESPONSE_1"/>
</lt>
<setOutcomeValue identifier="SCORE_RESPONSE_1">
<variable identifier="MINSCORE_RESPONSE_1"/>
</setOutcomeValue>
</responseIf>
</responseCondition>
<setOutcomeValue identifier="SCORE">
<sum>
<variable identifier="SCORE_RESPONSE_1"/>
</sum>
</setOutcomeValue>
<responseCondition>
<responseIf>
<lt>
<variable identifier="SCORE"/>
<variable identifier="MINSCORE"/>
</lt>
<setOutcomeValue identifier="SCORE">
<variable identifier="MINSCORE"/>
</setOutcomeValue>
</responseIf>
</responseCondition>
<responseCondition>
<responseIf>
<lt>
<variable identifier="SCORE"/>
<baseValue baseType="float">1</baseValue>
</lt>
<setOutcomeValue identifier="FEEDBACKMODAL">
<multiple>
<variable identifier="FEEDBACKMODAL"/>
<baseValue baseType="identifier">Feedback900893308</baseValue>
</multiple>
</setOutcomeValue>
</responseIf>
</responseCondition>
</responseProcessing>
<modalFeedback identifier="Feedback900893308" outcomeIdentifier="FEEDBACKMODAL" showHide="show">
<p>These numbers indicate an increase in the R<sup>2 </sup>due to the
inclusion of the interaction in the regression and a statistically
significant F-test for the R<sup>2 </sup>change. The interaction effect
between attitude and hours is statistically significant (see the * that
is placed next to it in the regression equation). In the case of a
single interaction, the F-test of the R<sup>2</sup> change always agrees
with the t-test of the interaction. When a variable is included in the
regression the R<sup>2 </sup>always increases, at least by a tiny bit.
In no whatsoever case can the R<sup>2 </sup>decrease due to the
inclusion of a variable in the regression. Moreover, the interaction
effect between attitude and hours is statistically significant (see the
* that is placed next to it in the regression equation). In the case of
a single interaction, the F-test of the R<sup>2</sup> change always
agrees with the t-test of the interaction.</p>
<p>Language<br />
English</p>
<p>M&amp;T Dimitris Pavlopoulos<br />
Default value</p>
<p>M&amp;T Moderation<br />
Default value</p>
<br />
<ol type = "a">
<li> R<sup>2</sup> change = -0.001, F(1,537)=4.2537, P-value=0.0396 <br /> False </li>
<li> R<sup>2</sup> change = 0.051, F(1,537)=4.2537, P-value=0.396 <br /> False </li>
<li> R<sup>2</sup> change = -0.001, F(1,537)=4.2537, P-value=0.396 <br /> False </li>
<li> R<sup>2</sup> change = 0.051, F(1,537)=4.2537, P-value=0.0396 <br /> True </li>
</ol>
</modalFeedback>
</assessmentItem>
