<?xml version="1.0" encoding="UTF-8"?>
<assessmentItem xsi:schemaLocation="http://www.imsglobal.org/xsd/imsqti_v2p1 http://www.imsglobal.org/xsd/qti/qtiv2p1/imsqti_v2p1p1.xsd http://www.w3.org/1998/Math/MathML http://www.w3.org/Math/XMLSchema/mathml2/mathml2.xsd" identifier="uu-Twoway-ANOVA-859-en-qti_811786085_section_1_item_1_schoice" title="1" adaptive="false" timeDependent="false" xmlns="http://www.imsglobal.org/xsd/imsqti_v2p1" xmlns:xsi="http://www.w3.org/2001/XMLSchema-instance">
<responseDeclaration identifier="uu-Twoway-ANOVA-859-en-qti_811786085_section_1_item_1_schoice_RESPONSE_1_9032507" cardinality="single" baseType="identifier">
<correctResponse>
<value>uu-Twoway-ANOVA-859-en-qti_811786085_section_1_item_1_schoice_4_1208435909</value>
</correctResponse>
<mapping defaultValue="0" lowerBound="0.0">
<mapEntry mapKey="uu-Twoway-ANOVA-859-en-qti_811786085_section_1_item_1_schoice_1_6604376225" mappedValue="0"/>
<mapEntry mapKey="uu-Twoway-ANOVA-859-en-qti_811786085_section_1_item_1_schoice_2_6218518823" mappedValue="0"/>
<mapEntry mapKey="uu-Twoway-ANOVA-859-en-qti_811786085_section_1_item_1_schoice_3_8084842282" mappedValue="0"/>
<mapEntry mapKey="uu-Twoway-ANOVA-859-en-qti_811786085_section_1_item_1_schoice_4_1208435909" mappedValue="1"/>
</mapping>
</responseDeclaration>
<outcomeDeclaration identifier="SCORE" cardinality="single" baseType="float" normalMaximum="1" normalMinimum="0">
<defaultValue>
<value>0.0</value>
</defaultValue>
</outcomeDeclaration>
<outcomeDeclaration identifier="MAXSCORE" cardinality="single" baseType="float">
<defaultValue>
<value>1</value>
</defaultValue>
</outcomeDeclaration>
<outcomeDeclaration identifier="FEEDBACKBASIC" cardinality="single" baseType="identifier" view="testConstructor">
<defaultValue>
<value>empty</value>
</defaultValue>
</outcomeDeclaration>
<outcomeDeclaration identifier="FEEDBACKMODAL" cardinality="multiple" baseType="identifier" view="testConstructor"/>
<outcomeDeclaration identifier="SOLUTIONMODAL" cardinality="single" baseType="identifier" view="testConstructor"/>
<outcomeDeclaration identifier="MINSCORE" cardinality="single" baseType="float">
<defaultValue>
<value baseType="float">0</value>
</defaultValue>
</outcomeDeclaration>
<outcomeDeclaration identifier="SCORE_RESPONSE_1" cardinality="single" baseType="float">
<defaultValue>
<value>0.0</value>
</defaultValue>
</outcomeDeclaration>
<outcomeDeclaration identifier="MINSCORE_RESPONSE_1" cardinality="single" baseType="float">
<defaultValue>
<value>0.0</value>
</defaultValue>
</outcomeDeclaration>
<itemBody>
<p>With a 2x2 factorial design (gender = A and income = B), the following results occur: A1B1 = 20, A1B2 = 30, A2B1 = 30, A2B2 = 40</p>
<p>Which of the following answers is TRUE?</p>
<choiceInteraction responseIdentifier="uu-Twoway-ANOVA-859-en-qti_811786085_section_1_item_1_schoice_RESPONSE_1_9032507" shuffle="false" maxChoices="1">
<simpleChoice identifier="uu-Twoway-ANOVA-859-en-qti_811786085_section_1_item_1_schoice_1_6604376225">
<p>
 There is one main effect and an interaction.
</p>
</simpleChoice>
<simpleChoice identifier="uu-Twoway-ANOVA-859-en-qti_811786085_section_1_item_1_schoice_2_6218518823">
<p>
 There is an interaction but no main effect.
</p>
</simpleChoice>
<simpleChoice identifier="uu-Twoway-ANOVA-859-en-qti_811786085_section_1_item_1_schoice_3_8084842282">
<p>
 There are two main effects and one interaction.
</p>
</simpleChoice>
<simpleChoice identifier="uu-Twoway-ANOVA-859-en-qti_811786085_section_1_item_1_schoice_4_1208435909">
<p>
 There are two main effects but no interaction.
</p>
</simpleChoice>
</choiceInteraction>
</itemBody>
<responseProcessing>
<setOutcomeValue identifier="SCORE_RESPONSE_1">
<sum>
<variable identifier="SCORE_RESPONSE_1"/>
<mapResponse identifier="uu-Twoway-ANOVA-859-en-qti_811786085_section_1_item_1_schoice_RESPONSE_1_9032507"/>
</sum>
</setOutcomeValue>
<responseCondition>
<responseIf>
<lt>
<variable identifier="SCORE_RESPONSE_1"/>
<variable identifier="MINSCORE_RESPONSE_1"/>
</lt>
<setOutcomeValue identifier="SCORE_RESPONSE_1">
<variable identifier="MINSCORE_RESPONSE_1"/>
</setOutcomeValue>
</responseIf>
</responseCondition>
<responseCondition>
<responseIf>
<isNull>
<variable identifier="uu-Twoway-ANOVA-859-en-qti_811786085_section_1_item_1_schoice_RESPONSE_1_9032507"/>
</isNull>
<setOutcomeValue identifier="SCORE_RESPONSE_1">
<sum>
<variable identifier="SCORE_RESPONSE_1"/>
<baseValue baseType="float">0</baseValue>
</sum>
</setOutcomeValue>
</responseIf>
</responseCondition>
<setOutcomeValue identifier="SCORE">
<sum>
<variable identifier="SCORE_RESPONSE_1"/>
</sum>
</setOutcomeValue>
<responseCondition>
<responseIf>
<lt>
<variable identifier="SCORE"/>
<variable identifier="MINSCORE"/>
</lt>
<setOutcomeValue identifier="SCORE">
<variable identifier="MINSCORE"/>
</setOutcomeValue>
</responseIf>
</responseCondition>
<responseCondition>
<responseIf>
<lt>
<variable identifier="SCORE"/>
<baseValue baseType="float">1</baseValue>
</lt>
<setOutcomeValue identifier="FEEDBACKMODAL">
<multiple>
<variable identifier="FEEDBACKMODAL"/>
<baseValue baseType="identifier">Feedback166619124</baseValue>
</multiple>
</setOutcomeValue>
</responseIf>
</responseCondition>
</responseProcessing>
<modalFeedback identifier="Feedback166619124" outcomeIdentifier="FEEDBACKMODAL" showHide="show">
</modalFeedback>
</assessmentItem>
