<?xml version="1.0" encoding="utf-8" standalone="yes"?>
<assessmentItem identifier="eur-inferential_statistics-135-nl_202209051536_item_1_num" title="eur-inferential_statistics-135-nl_202209051536_item_1_num_eur-inferential_statistics-135-nl" adaptive="false" timeDependent="false" toolName="Testvision Online" toolVersion="39.0.9084" xmlns="http://www.imsglobal.org/xsd/imsqti_v2p1">
<responseDeclaration identifier="RESPONSE" cardinality="multiple" baseType="float">
<correctResponse>
<value>-0.599</value>
<value>-0.599;-0.599</value>
</correctResponse>
</responseDeclaration>
<outcomeDeclaration identifier="SCORE" cardinality="single" baseType="float" normalMaximum="1" normalMinimum="0" />
<outcomeDeclaration identifier="FEEDBACK" cardinality="single" baseType="identifier" />
<itemBody>
<p>Een onderzoeker is geïnteresseerd in de gevolgen van de dalende benzineprijs op studenten met een auto en wil graag hun aantal gereden kilometers in januari 2015 [km_jan] voorspellen aan de hand van een aantal predictoren. Ze heeft de volgende gegevens verzameld bij 202 studenten: 1) Gereden kilometers in januari 2015 [km_jan]; 2) Gereden kilometers in oktober 2014 [km_okt]; 3) de inkomsten uit een bijbaan in januari 2015 [salary_jan]; 4) het aantal kilometers dat de studenten gemiddeld afleggen met het openbaar vervoer in de maand februari 2015 [ov]; en 5) het type auto [car] (1 = hybride, 2 = sedan, 3 = suv).</p>
<p>Open het databestand.</p>
<p>Voorspel de gereden kilometers in januari 2015 [km_jan] uit de gereden kilometers in oktober 2014 [km_okt], de inkomsten uit een bijbaan in januari 2015 [salary_jan] en het aantal kilometers dat de studenten gemiddeld afleggen met het openbaar vervoer in de maand februari 2015 [ov]. Wat is in dit model het gestandaardiseerde residu voor de persoon die 264.2 gereden kilometers had in januari 2015 [km_jan]? (3 decimalen)</p>
<p><strong>Download</strong>: <a href="mediafiles/supplements1/eur-inferential_statistics-135-nl-data.sav">SPSS file</a>, <a href="mediafiles/supplements1/eur-inferential_statistics-135-nl-data.csv">CSV file</a></p>
<extendedTextInteraction responseIdentifier="RESPONSE"/>
</itemBody>
<responseProcessing>
<responseCondition>
<responseIf>
<isNull>
<variable identifier="RESPONSE"/>
</isNull>
<setOutcomeValue identifier="SCORE">
<baseValue baseType="float">0.0</baseValue>
</setOutcomeValue>
<setOutcomeValue identifier="FEEDBACK">
<baseValue baseType="identifier">FAILURE</baseValue>
</setOutcomeValue>
</responseIf>
<responseElse>
<responseCondition>
<responseIf>
<match>
<variable identifier="RESPONSE"/>
<correct identifier="RESPONSE"/>
</match>
<setOutcomeValue identifier="SCORE">
<baseValue baseType="float">1</baseValue>
</setOutcomeValue>
</responseIf>
<responseElse>
<setOutcomeValue identifier="SCORE">
<baseValue baseType="float">0</baseValue>
</setOutcomeValue>
</responseElse>
</responseCondition>
<responseCondition>
<responseIf>
<equal toleranceMode="relative" tolerance="0.001">
<variable identifier="SCORE"/>
<variable identifier="MAXSCORE"/>
</equal>
<setOutcomeValue identifier="FEEDBACK">
<baseValue baseType="identifier">ANSWER_CORRECT</baseValue>
</setOutcomeValue>
</responseIf>
<responseElse>
<setOutcomeValue identifier="FEEDBACK">
<baseValue baseType="identifier">FAILURE</baseValue>
</setOutcomeValue>
</responseElse>
</responseCondition>
</responseElse>
</responseCondition>
</responseProcessing>
<modalFeedback identifier="FAILURE" outcomeIdentifier="FEEDBACK" showHide="show">
<div class="textblock tvblock tvcss_1"><div class="rte_zone tveditor1">
<p>Het gestandaardiseerde residu is -0.599.</p>
</div>
</div>
</modalFeedback>
<modalFeedback identifier="ANSWER_CORRECT" outcomeIdentifier="FEEDBACK" showHide="show">
<div class="textblock tvblock tvcss_1"><div class="rte_zone tveditor1">
<p>Het gestandaardiseerde residu is -0.599.</p>
</div>
</div>
</modalFeedback>
<modalFeedback identifier="PARTIAL_CORRECT" outcomeIdentifier="FEEDBACK" showHide="show">
<div class="textblock tvblock tvcss_1"><div class="rte_zone tveditor1">
<p>Het gestandaardiseerde residu is -0.599.</p>
</div>
</div>
</modalFeedback>
</assessmentItem>
