<?xml version="1.0" encoding="utf-8" standalone="yes"?>
<assessmentItem identifier="vufsw-regression-1222-en-tv_202209061512_item_1_schoice" title="vufsw-regression-1222-en-tv_202209061512_item_1_schoice_vufsw-regression-1222-en" adaptive="false" timeDependent="false" toolName="Testvision Online" toolVersion="39.0.9084" xmlns="http://www.imsglobal.org/xsd/imsqti_v2p1">
<responseDeclaration identifier="RESPONSE" cardinality="single" baseType="identifier">
<correctResponse>
<value>alt_588115</value>
</correctResponse>
<mapping defaultValue="0" lowerBound="0.0">
<mapEntry mapKey="alt_264384" mappedValue="-0.333333333333333"/>
<mapEntry mapKey="alt_681725" mappedValue="-0.333333333333333"/>
<mapEntry mapKey="alt_588115" mappedValue="1"/>
<mapEntry mapKey="alt_677205" mappedValue="-0.333333333333333"/>
</mapping>
</responseDeclaration>
<outcomeDeclaration identifier="SCORE" cardinality="single" baseType="float" normalMaximum="1" normalMinimum="0" />
<outcomeDeclaration identifier="FEEDBACK" cardinality="single" baseType="identifier" />
<itemBody>
<p>A study investigates if the income of parents affects the highest
achieved education level of their offspring. The researcher also
controls for the gender and nationality of the offspring. In this
research the dependent variable is…</p>
<choiceInteraction responseIdentifier="RESPONSE" shuffle="false" maxChoices="1">
<simpleChoice identifier="alt_264384">
<div class="textblock tvblock tvcss_1"><div class="rte_zone tveditor1">
a. Income of the parents.
</div>
</div>
</simpleChoice>
<simpleChoice identifier="alt_681725">
<div class="textblock tvblock tvcss_1"><div class="rte_zone tveditor1">
b. Nationality.
</div>
</div>
</simpleChoice>
<simpleChoice identifier="alt_588115">
<div class="textblock tvblock tvcss_1"><div class="rte_zone tveditor1">
c. Highest education level of the offspring.
</div>
</div>
</simpleChoice>
<simpleChoice identifier="alt_677205">
<div class="textblock tvblock tvcss_1"><div class="rte_zone tveditor1">
d. Gender.
</div>
</div>
</simpleChoice>
</choiceInteraction>
</itemBody>
<responseProcessing>
<responseCondition>
<responseIf>
<isNull>
<variable identifier="RESPONSE"/>
</isNull>
<setOutcomeValue identifier="SCORE">
<baseValue baseType="float">0.0</baseValue>
</setOutcomeValue>
<setOutcomeValue identifier="FEEDBACK">
<baseValue baseType="identifier">FAILURE</baseValue>
</setOutcomeValue>
</responseIf>
<responseElse>
<setOutcomeValue identifier="SCORE">
<mapResponse identifier="RESPONSE"/>
</setOutcomeValue>
<responseCondition>
<responseIf>
<equal toleranceMode="relative" tolerance="0.001">
<variable identifier="SCORE"/>
<variable identifier="MAXSCORE"/>
</equal>
<setOutcomeValue identifier="FEEDBACK">
<baseValue baseType="identifier">ANSWER_CORRECT</baseValue>
</setOutcomeValue>
</responseIf>
<responseElse>
<setOutcomeValue identifier="FEEDBACK">
<baseValue baseType="identifier">FAILURE</baseValue>
</setOutcomeValue>
</responseElse>
</responseCondition>
</responseElse>
</responseCondition>
</responseProcessing>
<modalFeedback identifier="FAILURE" outcomeIdentifier="FEEDBACK" showHide="show">
<div class="textblock tvblock tvcss_1"><div class="rte_zone tveditor1">
<ol>
<li> Income of the parents. <br /> False </li>
<li> Nationality. <br /> False </li>
<li> Highest education level of the offspring. <br /> True </li>
<li> Gender. <br /> False </li>
</ol>
</div>
</div>
</modalFeedback>
<modalFeedback identifier="ANSWER_CORRECT" outcomeIdentifier="FEEDBACK" showHide="show">
<div class="textblock tvblock tvcss_1"><div class="rte_zone tveditor1">
<ol>
<li> Income of the parents. <br /> False </li>
<li> Nationality. <br /> False </li>
<li> Highest education level of the offspring. <br /> True </li>
<li> Gender. <br /> False </li>
</ol>
</div>
</div>
</modalFeedback>
<modalFeedback identifier="PARTIAL_CORRECT" outcomeIdentifier="FEEDBACK" showHide="show">
<div class="textblock tvblock tvcss_1"><div class="rte_zone tveditor1">
<ol>
<li> Income of the parents. <br /> False </li>
<li> Nationality. <br /> False </li>
<li> Highest education level of the offspring. <br /> True </li>
<li> Gender. <br /> False </li>
</ol>
</div>
</div>
</modalFeedback>
</assessmentItem>
