<?xml version="1.0" encoding="UTF-8"?>
<assessmentItem xsi:schemaLocation="http://www.imsglobal.org/xsd/imsqti_v2p1 http://www.imsglobal.org/xsd/qti/qtiv2p1/imsqti_v2p1p1.xsd http://www.w3.org/1998/Math/MathML http://www.w3.org/Math/XMLSchema/mathml2/mathml2.xsd" identifier="uva-elementary-probability-1173-en-qti_808516386_section_1_item_1_schoice" title="1" adaptive="false" timeDependent="false" xmlns="http://www.imsglobal.org/xsd/imsqti_v2p1" xmlns:xsi="http://www.w3.org/2001/XMLSchema-instance">
<responseDeclaration identifier="uva-elementary-probability-1173-en-qti_808516386_section_1_item_1_schoice_RESPONSE_1_9915315" cardinality="single" baseType="identifier">
<correctResponse>
<value>uva-elementary-probability-1173-en-qti_808516386_section_1_item_1_schoice_4_3479610924</value>
</correctResponse>
<mapping defaultValue="0" lowerBound="0.0">
<mapEntry mapKey="uva-elementary-probability-1173-en-qti_808516386_section_1_item_1_schoice_1_4795422711" mappedValue="0"/>
<mapEntry mapKey="uva-elementary-probability-1173-en-qti_808516386_section_1_item_1_schoice_2_9271007481" mappedValue="0"/>
<mapEntry mapKey="uva-elementary-probability-1173-en-qti_808516386_section_1_item_1_schoice_3_3708833709" mappedValue="0"/>
<mapEntry mapKey="uva-elementary-probability-1173-en-qti_808516386_section_1_item_1_schoice_4_3479610924" mappedValue="1"/>
<mapEntry mapKey="uva-elementary-probability-1173-en-qti_808516386_section_1_item_1_schoice_5_3900225104" mappedValue="0"/>
</mapping>
</responseDeclaration>
<outcomeDeclaration identifier="SCORE" cardinality="single" baseType="float" normalMaximum="1" normalMinimum="0">
<defaultValue>
<value>0.0</value>
</defaultValue>
</outcomeDeclaration>
<outcomeDeclaration identifier="MAXSCORE" cardinality="single" baseType="float">
<defaultValue>
<value>1</value>
</defaultValue>
</outcomeDeclaration>
<outcomeDeclaration identifier="FEEDBACKBASIC" cardinality="single" baseType="identifier" view="testConstructor">
<defaultValue>
<value>empty</value>
</defaultValue>
</outcomeDeclaration>
<outcomeDeclaration identifier="FEEDBACKMODAL" cardinality="multiple" baseType="identifier" view="testConstructor"/>
<outcomeDeclaration identifier="SOLUTIONMODAL" cardinality="single" baseType="identifier" view="testConstructor"/>
<outcomeDeclaration identifier="MINSCORE" cardinality="single" baseType="float">
<defaultValue>
<value baseType="float">0</value>
</defaultValue>
</outcomeDeclaration>
<outcomeDeclaration identifier="SCORE_RESPONSE_1" cardinality="single" baseType="float">
<defaultValue>
<value>0.0</value>
</defaultValue>
</outcomeDeclaration>
<outcomeDeclaration identifier="MINSCORE_RESPONSE_1" cardinality="single" baseType="float">
<defaultValue>
<value>0.0</value>
</defaultValue>
</outcomeDeclaration>
<itemBody>
<p>About 10% of people in the Netherlands aged 17 to 23 years are early school leavers. If you randomly choose five people from this age group then random variable X: the number of early school leavers. What then is the probability distribution of X?  A:<br />
</p>
<p>—— ——– ——– ——– ——– ——– X<em>i</em> 0 1 2 3 4 Odds 0.5905 0.3280 0.0729 0.0081 0.0004 —— ——– ——– ——– ——– ——–</p>
<p> B:<br />
</p>
<p>—— ——– ——– ——– ——– ——– X<em>i</em> 1 2 3 4 5 Odds 0.3280 0.0729 0.0081 0.0004 0.0001 —— ——– ——– ——– ——– ——–</p>
<p> C:<br />
</p>
<p>—— ——– ——– ——– ——– ——– ——– X<em>i</em> 0 1 2 3 4 5 Odds 0.0001 0.0004 0.0081 0.0729 0.3280 0.5905 —— ——– ——– ——– ——– ——– ——–</p>
<pre><code>      \ D:\</code></pre>
<p>—— ——– ——– ——– ——– ——– ——– X<em>i</em> 0 1 2 3 4 5 Odds 0.5905 0.3280 0.0729 0.0081 0.0004 0.0001 —— ——– ——– ——– ——– ——– ——–</p>
<p> E:<br />
</p>
<p>—— ——– ——– ——– ——– ——– ——– X<em>i</em> 1 2 3 4 5 6 Odds 0.5905 0.3280 0.0729 0.0081 0.0004 0.0001 —— ——– ——– ——– ——– ——– ——–</p>
<choiceInteraction responseIdentifier="uva-elementary-probability-1173-en-qti_808516386_section_1_item_1_schoice_RESPONSE_1_9915315" shuffle="false" maxChoices="1">
<simpleChoice identifier="uva-elementary-probability-1173-en-qti_808516386_section_1_item_1_schoice_1_4795422711">
<p>
 A
</p>
</simpleChoice>
<simpleChoice identifier="uva-elementary-probability-1173-en-qti_808516386_section_1_item_1_schoice_2_9271007481">
<p>
 B
</p>
</simpleChoice>
<simpleChoice identifier="uva-elementary-probability-1173-en-qti_808516386_section_1_item_1_schoice_3_3708833709">
<p>
 C
</p>
</simpleChoice>
<simpleChoice identifier="uva-elementary-probability-1173-en-qti_808516386_section_1_item_1_schoice_4_3479610924">
<p>
 D
</p>
</simpleChoice>
<simpleChoice identifier="uva-elementary-probability-1173-en-qti_808516386_section_1_item_1_schoice_5_3900225104">
<p>
 E
</p>
</simpleChoice>
</choiceInteraction>
</itemBody>
<responseProcessing>
<setOutcomeValue identifier="SCORE_RESPONSE_1">
<sum>
<variable identifier="SCORE_RESPONSE_1"/>
<mapResponse identifier="uva-elementary-probability-1173-en-qti_808516386_section_1_item_1_schoice_RESPONSE_1_9915315"/>
</sum>
</setOutcomeValue>
<responseCondition>
<responseIf>
<lt>
<variable identifier="SCORE_RESPONSE_1"/>
<variable identifier="MINSCORE_RESPONSE_1"/>
</lt>
<setOutcomeValue identifier="SCORE_RESPONSE_1">
<variable identifier="MINSCORE_RESPONSE_1"/>
</setOutcomeValue>
</responseIf>
</responseCondition>
<responseCondition>
<responseIf>
<isNull>
<variable identifier="uva-elementary-probability-1173-en-qti_808516386_section_1_item_1_schoice_RESPONSE_1_9915315"/>
</isNull>
<setOutcomeValue identifier="SCORE_RESPONSE_1">
<sum>
<variable identifier="SCORE_RESPONSE_1"/>
<baseValue baseType="float">0</baseValue>
</sum>
</setOutcomeValue>
</responseIf>
</responseCondition>
<setOutcomeValue identifier="SCORE">
<sum>
<variable identifier="SCORE_RESPONSE_1"/>
</sum>
</setOutcomeValue>
<responseCondition>
<responseIf>
<lt>
<variable identifier="SCORE"/>
<variable identifier="MINSCORE"/>
</lt>
<setOutcomeValue identifier="SCORE">
<variable identifier="MINSCORE"/>
</setOutcomeValue>
</responseIf>
</responseCondition>
<responseCondition>
<responseIf>
<lt>
<variable identifier="SCORE"/>
<baseValue baseType="float">1</baseValue>
</lt>
<setOutcomeValue identifier="FEEDBACKMODAL">
<multiple>
<variable identifier="FEEDBACKMODAL"/>
<baseValue baseType="identifier">Feedback116128251</baseValue>
</multiple>
</setOutcomeValue>
</responseIf>
</responseCondition>
</responseProcessing>
<modalFeedback identifier="Feedback116128251" outcomeIdentifier="FEEDBACKMODAL" showHide="show">
<ul>
<li> A <br /> A: Incorrect </li>
<li> B <br /> B: Incorrect </li>
<li> C <br /> C: Incorrect </li>
<li> D <br /> D: Correct </li>
<li> E <br /> E: Incorrect </li>
</ul>
</modalFeedback>
</assessmentItem>
