<?xml version="1.0" encoding="UTF-8"?>
<!DOCTYPE questestinterop SYSTEM "ims_qtiasiv1p2p1.dtd">

<questestinterop xmlns="http://www.imsglobal.org/xsd/ims_qtiasiv1p2" xmlns:xsi="http://www.w3.org/2001/XMLSchema-instance" xsi:schemaLocation="http://www.imsglobal.org/xsd/ims_qtiasiv1p2 http://www.imsglobal.org/xsd/ims_qtiasiv1p2p1.xsd">
<assessment ident="vufsw-residuals-0101-nl-canvas_185444500" title="vufsw-residuals-0101-nl-canvas">

<qtimetadata>
<qtimetadatafield>
<fieldlabel>cc_maxattempts</fieldlabel>
<fieldentry>1</fieldentry>
</qtimetadatafield>
<qtimetadatafield>
<fieldlabel>qmd_assessmenttype</fieldlabel>
<fieldentry>Assessment</fieldentry>
</qtimetadatafield>
</qtimetadata>
<objectives>
<material>
<mattext><![CDATA[Please solve the following exercises.]]></mattext>
</material>
</objectives>
<assessmentcontrol feedbackswitch="No" hintswitch="No" solutionswitch="Yes"/>
<outcomes_processing scoremodel="SumOfScores">
<outcomes>
<decvar varname="SCORE" vartype="Decimal" cutvalue="0"/>
</outcomes>
</outcomes_processing>
<assessfeedback title="AssessmentFeedback" ident="AssessmentFeedback">
<flow_mat>
<material>
<mattext>##AssessmentFeedback##</mattext>
</material>
</flow_mat>
</assessfeedback>

<section ident="vufsw-residuals-0101-nl-canvas_185444500_section_1" title="Exercise">

<objectives>
<material>
<mattext><![CDATA[Please answer the following question.]]></mattext>
</material>
</objectives>
<selection_ordering>
<selection>
<selection_number>1</selection_number>
<selection_extension>
<points_per_item>1</points_per_item>
</selection_extension>
</selection>
<order order_type="Random"/>
</selection_ordering>

<item ident="vufsw-residuals-0101-nl-canvas_185444500_section_1_item_1_schoice" title="Question" maxattempts="1">
<itemcontrol feedbackswitch="No" hintswitch="No" solutionswitch="Yes"/>
<itemmetadata>
<qtimetadata>
<qtimetadatafield>
<fieldlabel>question_type</fieldlabel>
<fieldentry>multiple_choice_question</fieldentry>
</qtimetadatafield>
</qtimetadata>
</itemmetadata>
<presentation>
<flow>
<material>
<matbreak/>
<mattext texttype="text/html" charset="utf-8"><![CDATA[
<p>Een onderzoeker onderzoekt in hoeverre de mate van welvaart van een land
de sterkte van religiositeit van een land kan verklaren. “<strong>Welvaart</strong>”
(X) van een land is gemeten met de Human Development Index (HDI), en
“<strong>Religiositeit</strong>” (Y) is gemeten met een schaal van 0 (niet religieus)
tot 10 (zeer religieus). Een regressieanalyse van de gegevens van 46
landen (n=46) geeft het volgende model: Ŷ = 8,58 – 1,76x.</p>
<p>Canada heeft een HDI score van 0,94. De geobserveerde religiositeitscore
voor dit land was 8,00. Wat is het <strong>residu</strong> van dit land (rond dit
getal af op 2 decimalen). En wat betekent dit getal?</p>
]]></mattext>
<matbreak/>
</material>
<response_lid ident="vufsw-residuals-0101-nl-canvas_185444500_section_1_item_1_schoice_RESPONSE_6364056" rcardinality="Single" rtiming="No">
<render_choice shuffle="No">
<flow_label class="List">
<response_label ident="vufsw-residuals-0101-nl-canvas_185444500_section_1_item_1_schoice_1308220392" rshuffle="No">
<material>
<mattext texttype="text/html" charset="utf-8"><![CDATA[
 1,07. De geobserveerde religiositeit voor Canada is 1,07 hoger dan de voorspelde score.
]]></mattext>
</material>
</response_label>
</flow_label>
<flow_label class="List">
<response_label ident="vufsw-residuals-0101-nl-canvas_185444500_section_1_item_1_schoice_2924302376" rshuffle="No">
<material>
<mattext texttype="text/html" charset="utf-8"><![CDATA[
 6,93. De geobserveerde religiositeit voor Canada is 6,93 hoger dan de voorspelde score.
]]></mattext>
</material>
</response_label>
</flow_label>
<flow_label class="List">
<response_label ident="vufsw-residuals-0101-nl-canvas_185444500_section_1_item_1_schoice_1628197443" rshuffle="No">
<material>
<mattext texttype="text/html" charset="utf-8"><![CDATA[
 6,93. De geobserveerde religiositeit voor Canada is 6,93 standaard deviaties hoger dan de gemiddelde score.
]]></mattext>
</material>
</response_label>
</flow_label>
<flow_label class="List">
<response_label ident="vufsw-residuals-0101-nl-canvas_185444500_section_1_item_1_schoice_3857312176" rshuffle="No">
<material>
<mattext texttype="text/html" charset="utf-8"><![CDATA[
 1,07. De geobserveerde religiositeit voor Canada is 1,07 standaard deviaties hoger dan de gemiddelde score.
]]></mattext>
</material>
</response_label>
</flow_label>
</render_choice>
</response_lid>
</flow>
</presentation>
<resprocessing>
<outcomes>
<decvar varname="SCORE" vartype="Decimal" defaultval="0" minvalue="0" maxvalue="1" cutvalue="1"/>
</outcomes>
<respcondition title="Mastery" continue="No">
<conditionvar>
<and>
<varequal respident="vufsw-residuals-0101-nl-canvas_185444500_section_1_item_1_schoice_RESPONSE_6364056" case="Yes">vufsw-residuals-0101-nl-canvas_185444500_section_1_item_1_schoice_1308220392</varequal>
<not> <varequal respident="vufsw-residuals-0101-nl-canvas_185444500_section_1_item_1_schoice_RESPONSE_6364056" case="Yes">vufsw-residuals-0101-nl-canvas_185444500_section_1_item_1_schoice_2924302376</varequal> </not>
<not> <varequal respident="vufsw-residuals-0101-nl-canvas_185444500_section_1_item_1_schoice_RESPONSE_6364056" case="Yes">vufsw-residuals-0101-nl-canvas_185444500_section_1_item_1_schoice_1628197443</varequal> </not>
<not> <varequal respident="vufsw-residuals-0101-nl-canvas_185444500_section_1_item_1_schoice_RESPONSE_6364056" case="Yes">vufsw-residuals-0101-nl-canvas_185444500_section_1_item_1_schoice_3857312176</varequal> </not>
</and>
</conditionvar>
<setvar varname="SCORE" action="Set">1</setvar>
<displayfeedback feedbacktype="Response" linkrefid="correct_fb"/>
</respcondition>
<respcondition continue="Yes">
<conditionvar>
<other/>
</conditionvar>
<displayfeedback feedbacktype="Response" linkrefid="general_incorrect_fb"/>
</respcondition>
</resprocessing>
<itemfeedback ident="correct_fb" view="All">
<flow_mat>
<material>
<mattext texttype="text/html"><![CDATA[
<ul>
<li> 1,07. De geobserveerde religiositeit voor Canada is 1,07 hoger dan de voorspelde score. <br /> True </li>
<li> 6,93. De geobserveerde religiositeit voor Canada is 6,93 hoger dan de voorspelde score. <br /> False </li>
<li> 6,93. De geobserveerde religiositeit voor Canada is 6,93 standaard deviaties hoger dan de gemiddelde score. <br /> False </li>
<li> 1,07. De geobserveerde religiositeit voor Canada is 1,07 standaard deviaties hoger dan de gemiddelde score. <br /> False </li>
</ul>
]]></mattext>
</material>
</flow_mat>
</itemfeedback>
<itemfeedback ident="general_incorrect_fb" view="All">
<flow_mat>
<material>
<mattext texttype="text/html"><![CDATA[
<ul>
<li> 1,07. De geobserveerde religiositeit voor Canada is 1,07 hoger dan de voorspelde score. <br /> True </li>
<li> 6,93. De geobserveerde religiositeit voor Canada is 6,93 hoger dan de voorspelde score. <br /> False </li>
<li> 6,93. De geobserveerde religiositeit voor Canada is 6,93 standaard deviaties hoger dan de gemiddelde score. <br /> False </li>
<li> 1,07. De geobserveerde religiositeit voor Canada is 1,07 standaard deviaties hoger dan de gemiddelde score. <br /> False </li>
</ul>
]]></mattext>
</material>
</flow_mat>
</itemfeedback>
</item>


</section>

</assessment>
</questestinterop>
