<?xml version="1.0" encoding="UTF-8"?>
<assessmentItem xsi:schemaLocation="http://www.imsglobal.org/xsd/imsqti_v2p1 http://www.imsglobal.org/xsd/qti/qtiv2p1/imsqti_v2p1p1.xsd http://www.w3.org/1998/Math/MathML http://www.w3.org/Math/XMLSchema/mathml2/mathml2.xsd" identifier="vufsw-expectedvalue-0118-nl-ans_328989385_section_1_item_1_schoice" title="Probability_vufsw-expectedvalue-0118-nl_vufsw-expectedvalue-0118-nl_schoice_1" adaptive="false" timeDependent="false" xmlns="http://www.imsglobal.org/xsd/imsqti_v2p1" xmlns:xsi="http://www.w3.org/2001/XMLSchema-instance">
<responseDeclaration identifier="vufsw-expectedvalue-0118-nl-ans_328989385_section_1_item_1_schoice_RESPONSE_1_3284067" cardinality="single" baseType="identifier">
<correctResponse>
<value>vufsw-expectedvalue-0118-nl-ans_328989385_section_1_item_1_schoice_3_9938168226</value>
</correctResponse>
<mapping defaultValue="0" lowerBound="0.0">
<mapEntry mapKey="vufsw-expectedvalue-0118-nl-ans_328989385_section_1_item_1_schoice_1_1448009282" mappedValue="0"/>
<mapEntry mapKey="vufsw-expectedvalue-0118-nl-ans_328989385_section_1_item_1_schoice_2_3694277427" mappedValue="0"/>
<mapEntry mapKey="vufsw-expectedvalue-0118-nl-ans_328989385_section_1_item_1_schoice_3_9938168226" mappedValue="1"/>
<mapEntry mapKey="vufsw-expectedvalue-0118-nl-ans_328989385_section_1_item_1_schoice_4_7998767296" mappedValue="0"/>
</mapping>
</responseDeclaration>
<outcomeDeclaration identifier="SCORE" cardinality="single" baseType="float" normalMaximum="1" normalMinimum="0">
<defaultValue>
<value>0.0</value>
</defaultValue>
</outcomeDeclaration>
<outcomeDeclaration identifier="MAXSCORE" cardinality="single" baseType="float">
<defaultValue>
<value>1</value>
</defaultValue>
</outcomeDeclaration>
<outcomeDeclaration identifier="FEEDBACKBASIC" cardinality="single" baseType="identifier" view="testConstructor">
<defaultValue>
<value>empty</value>
</defaultValue>
</outcomeDeclaration>
<outcomeDeclaration identifier="FEEDBACKMODAL" cardinality="multiple" baseType="identifier" view="testConstructor"/>
<outcomeDeclaration identifier="SOLUTIONMODAL" cardinality="single" baseType="identifier" view="testConstructor"/>
<outcomeDeclaration identifier="MINSCORE" cardinality="single" baseType="float">
<defaultValue>
<value baseType="float">0</value>
</defaultValue>
</outcomeDeclaration>
<outcomeDeclaration identifier="SCORE_RESPONSE_1" cardinality="single" baseType="float">
<defaultValue>
<value>0.0</value>
</defaultValue>
</outcomeDeclaration>
<outcomeDeclaration identifier="MINSCORE_RESPONSE_1" cardinality="single" baseType="float">
<defaultValue>
<value>0.0</value>
</defaultValue>
</outcomeDeclaration>
<itemBody>
<p>Bij het onderzoeken van hoe vaak gamers tussen 18-25 jaar videogames
spelen, vindt een onderzoeker de resultaten in de onderstaande tabel.</p>
<p>Wat is de <strong>verwachte waarde</strong> (<em>expected value</em>) van het aantal uren
dat gamers van 18-25 jaar per week videogames spelen op basis van deze
steekproef? Rond af op één decimaal.</p>
<p><img src="media/supplements1/vufsw-expectedvalue-0118-nl.png" /></p>
<choiceInteraction responseIdentifier="vufsw-expectedvalue-0118-nl-ans_328989385_section_1_item_1_schoice_RESPONSE_1_3284067" shuffle="false" maxChoices="1">
<simpleChoice identifier="vufsw-expectedvalue-0118-nl-ans_328989385_section_1_item_1_schoice_1_1448009282">
<p>
 Tussen 3,0 en 5,5 uur
</p>
</simpleChoice>
<simpleChoice identifier="vufsw-expectedvalue-0118-nl-ans_328989385_section_1_item_1_schoice_2_3694277427">
<p>
 5,5 uur
</p>
</simpleChoice>
<simpleChoice identifier="vufsw-expectedvalue-0118-nl-ans_328989385_section_1_item_1_schoice_3_9938168226">
<p>
 7,7 uur
</p>
</simpleChoice>
<simpleChoice identifier="vufsw-expectedvalue-0118-nl-ans_328989385_section_1_item_1_schoice_4_7998767296">
<p>
 Tussen 9,5 en 18,0 uur
</p>
</simpleChoice>
</choiceInteraction>
</itemBody>
<responseProcessing>
<setOutcomeValue identifier="SCORE_RESPONSE_1">
<sum>
<variable identifier="SCORE_RESPONSE_1"/>
<mapResponse identifier="vufsw-expectedvalue-0118-nl-ans_328989385_section_1_item_1_schoice_RESPONSE_1_3284067"/>
</sum>
</setOutcomeValue>
<responseCondition>
<responseIf>
<lt>
<variable identifier="SCORE_RESPONSE_1"/>
<variable identifier="MINSCORE_RESPONSE_1"/>
</lt>
<setOutcomeValue identifier="SCORE_RESPONSE_1">
<variable identifier="MINSCORE_RESPONSE_1"/>
</setOutcomeValue>
</responseIf>
</responseCondition>
<responseCondition>
<responseIf>
<isNull>
<variable identifier="vufsw-expectedvalue-0118-nl-ans_328989385_section_1_item_1_schoice_RESPONSE_1_3284067"/>
</isNull>
<setOutcomeValue identifier="SCORE_RESPONSE_1">
<sum>
<variable identifier="SCORE_RESPONSE_1"/>
<baseValue baseType="float">0</baseValue>
</sum>
</setOutcomeValue>
</responseIf>
</responseCondition>
<setOutcomeValue identifier="SCORE">
<sum>
<variable identifier="SCORE_RESPONSE_1"/>
</sum>
</setOutcomeValue>
<responseCondition>
<responseIf>
<lt>
<variable identifier="SCORE"/>
<variable identifier="MINSCORE"/>
</lt>
<setOutcomeValue identifier="SCORE">
<variable identifier="MINSCORE"/>
</setOutcomeValue>
</responseIf>
</responseCondition>
<responseCondition>
<responseIf>
<lt>
<variable identifier="SCORE"/>
<baseValue baseType="float">1</baseValue>
</lt>
<setOutcomeValue identifier="FEEDBACKMODAL">
<multiple>
<variable identifier="FEEDBACKMODAL"/>
<baseValue baseType="identifier">Feedback983348748</baseValue>
</multiple>
</setOutcomeValue>
</responseIf>
</responseCondition>
</responseProcessing>
<modalFeedback outcomeIdentifier="FEEDBACK" showHide="show" identifier="incorrect">
<ul>
<li> Tussen 3,0 en 5,5 uur <br /> False </li>
<li> 5,5 uur <br /> False </li>
<li> 7,7 uur <br /> True </li>
<li> Tussen 9,5 en 18,0 uur <br /> False </li>
</ul>
</modalFeedback>
</assessmentItem>
