<?xml version="1.0" encoding="UTF-8"?>
<assessmentItem xsi:schemaLocation="http://www.imsglobal.org/xsd/imsqti_v2p1 http://www.imsglobal.org/xsd/qti/qtiv2p1/imsqti_v2p1p1.xsd http://www.w3.org/1998/Math/MathML http://www.w3.org/Math/XMLSchema/mathml2/mathml2.xsd" identifier="uva-random-variables-405-en-qti_135450667_section_1_item_1_schoice" title="1" adaptive="false" timeDependent="false" xmlns="http://www.imsglobal.org/xsd/imsqti_v2p1" xmlns:xsi="http://www.w3.org/2001/XMLSchema-instance">
<responseDeclaration identifier="uva-random-variables-405-en-qti_135450667_section_1_item_1_schoice_RESPONSE_1_2510646" cardinality="single" baseType="identifier">
<correctResponse>
<value>uva-random-variables-405-en-qti_135450667_section_1_item_1_schoice_3_8908259523</value>
</correctResponse>
<mapping defaultValue="0" lowerBound="0.0">
<mapEntry mapKey="uva-random-variables-405-en-qti_135450667_section_1_item_1_schoice_1_4065112434" mappedValue="0"/>
<mapEntry mapKey="uva-random-variables-405-en-qti_135450667_section_1_item_1_schoice_2_7869103337" mappedValue="0"/>
<mapEntry mapKey="uva-random-variables-405-en-qti_135450667_section_1_item_1_schoice_3_8908259523" mappedValue="1"/>
<mapEntry mapKey="uva-random-variables-405-en-qti_135450667_section_1_item_1_schoice_4_3285178169" mappedValue="0"/>
</mapping>
</responseDeclaration>
<outcomeDeclaration identifier="SCORE" cardinality="single" baseType="float" normalMaximum="1" normalMinimum="0">
<defaultValue>
<value>0.0</value>
</defaultValue>
</outcomeDeclaration>
<outcomeDeclaration identifier="MAXSCORE" cardinality="single" baseType="float">
<defaultValue>
<value>1</value>
</defaultValue>
</outcomeDeclaration>
<outcomeDeclaration identifier="FEEDBACKBASIC" cardinality="single" baseType="identifier" view="testConstructor">
<defaultValue>
<value>empty</value>
</defaultValue>
</outcomeDeclaration>
<outcomeDeclaration identifier="FEEDBACKMODAL" cardinality="multiple" baseType="identifier" view="testConstructor"/>
<outcomeDeclaration identifier="SOLUTIONMODAL" cardinality="single" baseType="identifier" view="testConstructor"/>
<outcomeDeclaration identifier="MINSCORE" cardinality="single" baseType="float">
<defaultValue>
<value baseType="float">0</value>
</defaultValue>
</outcomeDeclaration>
<outcomeDeclaration identifier="SCORE_RESPONSE_1" cardinality="single" baseType="float">
<defaultValue>
<value>0.0</value>
</defaultValue>
</outcomeDeclaration>
<outcomeDeclaration identifier="MINSCORE_RESPONSE_1" cardinality="single" baseType="float">
<defaultValue>
<value>0.0</value>
</defaultValue>
</outcomeDeclaration>
<itemBody>
<p>50 Patients are randomly nursed on one of two types of mattresses, and after three days they are assessed for signs of pressure ulcers. (bedsores):</p>
<p>————— ——————- ————————- frequency some pressure ulcers (D) no pressure ulcers (not D) mattress type I 8 12 mattress type II 10 20 ————— ——————- ————————-</p>
<p>The probability of pressure ulcers, given that mattress type I was used, P(D|I), is equal to</p>
<choiceInteraction responseIdentifier="uva-random-variables-405-en-qti_135450667_section_1_item_1_schoice_RESPONSE_1_2510646" shuffle="false" maxChoices="1">
<simpleChoice identifier="uva-random-variables-405-en-qti_135450667_section_1_item_1_schoice_1_4065112434">
<p>
 0.16
</p>
</simpleChoice>
<simpleChoice identifier="uva-random-variables-405-en-qti_135450667_section_1_item_1_schoice_2_7869103337">
<p>
 0.33
</p>
</simpleChoice>
<simpleChoice identifier="uva-random-variables-405-en-qti_135450667_section_1_item_1_schoice_3_8908259523">
<p>
 0.4
</p>
</simpleChoice>
<simpleChoice identifier="uva-random-variables-405-en-qti_135450667_section_1_item_1_schoice_4_3285178169">
<p>
 0.44
</p>
</simpleChoice>
</choiceInteraction>
</itemBody>
<responseProcessing>
<setOutcomeValue identifier="SCORE_RESPONSE_1">
<sum>
<variable identifier="SCORE_RESPONSE_1"/>
<mapResponse identifier="uva-random-variables-405-en-qti_135450667_section_1_item_1_schoice_RESPONSE_1_2510646"/>
</sum>
</setOutcomeValue>
<responseCondition>
<responseIf>
<lt>
<variable identifier="SCORE_RESPONSE_1"/>
<variable identifier="MINSCORE_RESPONSE_1"/>
</lt>
<setOutcomeValue identifier="SCORE_RESPONSE_1">
<variable identifier="MINSCORE_RESPONSE_1"/>
</setOutcomeValue>
</responseIf>
</responseCondition>
<responseCondition>
<responseIf>
<isNull>
<variable identifier="uva-random-variables-405-en-qti_135450667_section_1_item_1_schoice_RESPONSE_1_2510646"/>
</isNull>
<setOutcomeValue identifier="SCORE_RESPONSE_1">
<sum>
<variable identifier="SCORE_RESPONSE_1"/>
<baseValue baseType="float">0</baseValue>
</sum>
</setOutcomeValue>
</responseIf>
</responseCondition>
<setOutcomeValue identifier="SCORE">
<sum>
<variable identifier="SCORE_RESPONSE_1"/>
</sum>
</setOutcomeValue>
<responseCondition>
<responseIf>
<lt>
<variable identifier="SCORE"/>
<variable identifier="MINSCORE"/>
</lt>
<setOutcomeValue identifier="SCORE">
<variable identifier="MINSCORE"/>
</setOutcomeValue>
</responseIf>
</responseCondition>
<responseCondition>
<responseIf>
<lt>
<variable identifier="SCORE"/>
<baseValue baseType="float">1</baseValue>
</lt>
<setOutcomeValue identifier="FEEDBACKMODAL">
<multiple>
<variable identifier="FEEDBACKMODAL"/>
<baseValue baseType="identifier">Feedback439725105</baseValue>
</multiple>
</setOutcomeValue>
</responseIf>
</responseCondition>
</responseProcessing>
<modalFeedback identifier="Feedback439725105" outcomeIdentifier="FEEDBACKMODAL" showHide="show">
<ul>
<li> 0.16 <br /> 0.16: Incorrect </li>
<li> 0.33 <br /> 0.33: Incorrect </li>
<li> 0.4 <br /> 0.4: Correct </li>
<li> 0.44 <br /> 0.44: Incorrect </li>
</ul>
</modalFeedback>
</assessmentItem>
