<?xml version="1.0" encoding="UTF-8"?>
<assessmentItem xsi:schemaLocation="http://www.imsglobal.org/xsd/imsqti_v2p1 http://www.imsglobal.org/xsd/qti/qtiv2p1/imsqti_v2p1p1.xsd http://www.w3.org/1998/Math/MathML http://www.w3.org/Math/XMLSchema/mathml2/mathml2.xsd" identifier="uva-distribution-862-nl-ans_719587156_section_1_item_1_schoice" title="Distributions_uva-distribution-862-nl_uva-distribution-862-nl_schoice_1" adaptive="false" timeDependent="false" xmlns="http://www.imsglobal.org/xsd/imsqti_v2p1" xmlns:xsi="http://www.w3.org/2001/XMLSchema-instance">
<responseDeclaration identifier="uva-distribution-862-nl-ans_719587156_section_1_item_1_schoice_RESPONSE_1_1354112" cardinality="single" baseType="identifier">
<correctResponse>
<value>uva-distribution-862-nl-ans_719587156_section_1_item_1_schoice_3_6932396428</value>
</correctResponse>
<mapping defaultValue="0" lowerBound="0.0">
<mapEntry mapKey="uva-distribution-862-nl-ans_719587156_section_1_item_1_schoice_1_8267731840" mappedValue="0"/>
<mapEntry mapKey="uva-distribution-862-nl-ans_719587156_section_1_item_1_schoice_2_4110230458" mappedValue="0"/>
<mapEntry mapKey="uva-distribution-862-nl-ans_719587156_section_1_item_1_schoice_3_6932396428" mappedValue="1"/>
</mapping>
</responseDeclaration>
<outcomeDeclaration identifier="SCORE" cardinality="single" baseType="float" normalMaximum="1" normalMinimum="0">
<defaultValue>
<value>0.0</value>
</defaultValue>
</outcomeDeclaration>
<outcomeDeclaration identifier="MAXSCORE" cardinality="single" baseType="float">
<defaultValue>
<value>1</value>
</defaultValue>
</outcomeDeclaration>
<outcomeDeclaration identifier="FEEDBACKBASIC" cardinality="single" baseType="identifier" view="testConstructor">
<defaultValue>
<value>empty</value>
</defaultValue>
</outcomeDeclaration>
<outcomeDeclaration identifier="FEEDBACKMODAL" cardinality="multiple" baseType="identifier" view="testConstructor"/>
<outcomeDeclaration identifier="SOLUTIONMODAL" cardinality="single" baseType="identifier" view="testConstructor"/>
<outcomeDeclaration identifier="MINSCORE" cardinality="single" baseType="float">
<defaultValue>
<value baseType="float">0</value>
</defaultValue>
</outcomeDeclaration>
<outcomeDeclaration identifier="SCORE_RESPONSE_1" cardinality="single" baseType="float">
<defaultValue>
<value>0.0</value>
</defaultValue>
</outcomeDeclaration>
<outcomeDeclaration identifier="MINSCORE_RESPONSE_1" cardinality="single" baseType="float">
<defaultValue>
<value>0.0</value>
</defaultValue>
</outcomeDeclaration>
<itemBody>
<p>Bij een confidence interval voor een gemiddelde moet de z-score
vervangen worden door een t-score wanneer de populatie
standaardafwijking σ onbekend is. Wanneer zo'n interval is gebaseerd op
een steekproef van 12 waarnemingen is die t-score bij een <em>confidence
level</em> van 95% gelijk aan</p>
<choiceInteraction responseIdentifier="uva-distribution-862-nl-ans_719587156_section_1_item_1_schoice_RESPONSE_1_1354112" shuffle="false" maxChoices="1">
<simpleChoice identifier="uva-distribution-862-nl-ans_719587156_section_1_item_1_schoice_1_8267731840">
<p>
 2.16
</p>
</simpleChoice>
<simpleChoice identifier="uva-distribution-862-nl-ans_719587156_section_1_item_1_schoice_2_4110230458">
<p>
 2.18
</p>
</simpleChoice>
<simpleChoice identifier="uva-distribution-862-nl-ans_719587156_section_1_item_1_schoice_3_6932396428">
<p>
 2.20
</p>
</simpleChoice>
</choiceInteraction>
</itemBody>
<responseProcessing>
<setOutcomeValue identifier="SCORE_RESPONSE_1">
<sum>
<variable identifier="SCORE_RESPONSE_1"/>
<mapResponse identifier="uva-distribution-862-nl-ans_719587156_section_1_item_1_schoice_RESPONSE_1_1354112"/>
</sum>
</setOutcomeValue>
<responseCondition>
<responseIf>
<lt>
<variable identifier="SCORE_RESPONSE_1"/>
<variable identifier="MINSCORE_RESPONSE_1"/>
</lt>
<setOutcomeValue identifier="SCORE_RESPONSE_1">
<variable identifier="MINSCORE_RESPONSE_1"/>
</setOutcomeValue>
</responseIf>
</responseCondition>
<responseCondition>
<responseIf>
<isNull>
<variable identifier="uva-distribution-862-nl-ans_719587156_section_1_item_1_schoice_RESPONSE_1_1354112"/>
</isNull>
<setOutcomeValue identifier="SCORE_RESPONSE_1">
<sum>
<variable identifier="SCORE_RESPONSE_1"/>
<baseValue baseType="float">0</baseValue>
</sum>
</setOutcomeValue>
</responseIf>
</responseCondition>
<setOutcomeValue identifier="SCORE">
<sum>
<variable identifier="SCORE_RESPONSE_1"/>
</sum>
</setOutcomeValue>
<responseCondition>
<responseIf>
<lt>
<variable identifier="SCORE"/>
<variable identifier="MINSCORE"/>
</lt>
<setOutcomeValue identifier="SCORE">
<variable identifier="MINSCORE"/>
</setOutcomeValue>
</responseIf>
</responseCondition>
<responseCondition>
<responseIf>
<lt>
<variable identifier="SCORE"/>
<baseValue baseType="float">1</baseValue>
</lt>
<setOutcomeValue identifier="FEEDBACKMODAL">
<multiple>
<variable identifier="FEEDBACKMODAL"/>
<baseValue baseType="identifier">Feedback744124776</baseValue>
</multiple>
</setOutcomeValue>
</responseIf>
</responseCondition>
</responseProcessing>
<modalFeedback outcomeIdentifier="FEEDBACK" showHide="show" identifier="incorrect">
<ul>
<li> 2.16 <br /> 2.16: Incorrect </li>
<li> 2.18 <br /> 2.18: Incorrect </li>
<li> 2.20 <br /> 2.20: Correct </li>
</ul>
</modalFeedback>
</assessmentItem>
