<?xml version="1.0" encoding="UTF-8"?>
<assessmentItem xsi:schemaLocation="http://www.imsglobal.org/xsd/imsqti_v2p1 http://www.imsglobal.org/xsd/qti/qtiv2p1/imsqti_v2p1p1.xsd http://www.w3.org/1998/Math/MathML http://www.w3.org/Math/XMLSchema/mathml2/mathml2.xsd" identifier="uva-general-rules-1180-nl-ans_104085001_section_1_item_1_schoice" title="Probability_uva-general-rules-1180-nl_uva-general-rules-1180-nl_schoice_1" adaptive="false" timeDependent="false" xmlns="http://www.imsglobal.org/xsd/imsqti_v2p1" xmlns:xsi="http://www.w3.org/2001/XMLSchema-instance">
<responseDeclaration identifier="uva-general-rules-1180-nl-ans_104085001_section_1_item_1_schoice_RESPONSE_1_7748021" cardinality="single" baseType="identifier">
<correctResponse>
<value>uva-general-rules-1180-nl-ans_104085001_section_1_item_1_schoice_4_9467259842</value>
</correctResponse>
<mapping defaultValue="0" lowerBound="0.0">
<mapEntry mapKey="uva-general-rules-1180-nl-ans_104085001_section_1_item_1_schoice_1_7527577867" mappedValue="0"/>
<mapEntry mapKey="uva-general-rules-1180-nl-ans_104085001_section_1_item_1_schoice_2_1775814073" mappedValue="0"/>
<mapEntry mapKey="uva-general-rules-1180-nl-ans_104085001_section_1_item_1_schoice_3_6705727741" mappedValue="0"/>
<mapEntry mapKey="uva-general-rules-1180-nl-ans_104085001_section_1_item_1_schoice_4_9467259842" mappedValue="1"/>
</mapping>
</responseDeclaration>
<outcomeDeclaration identifier="SCORE" cardinality="single" baseType="float" normalMaximum="1" normalMinimum="0">
<defaultValue>
<value>0.0</value>
</defaultValue>
</outcomeDeclaration>
<outcomeDeclaration identifier="MAXSCORE" cardinality="single" baseType="float">
<defaultValue>
<value>1</value>
</defaultValue>
</outcomeDeclaration>
<outcomeDeclaration identifier="FEEDBACKBASIC" cardinality="single" baseType="identifier" view="testConstructor">
<defaultValue>
<value>empty</value>
</defaultValue>
</outcomeDeclaration>
<outcomeDeclaration identifier="FEEDBACKMODAL" cardinality="multiple" baseType="identifier" view="testConstructor"/>
<outcomeDeclaration identifier="SOLUTIONMODAL" cardinality="single" baseType="identifier" view="testConstructor"/>
<outcomeDeclaration identifier="MINSCORE" cardinality="single" baseType="float">
<defaultValue>
<value baseType="float">0</value>
</defaultValue>
</outcomeDeclaration>
<outcomeDeclaration identifier="SCORE_RESPONSE_1" cardinality="single" baseType="float">
<defaultValue>
<value>0.0</value>
</defaultValue>
</outcomeDeclaration>
<outcomeDeclaration identifier="MINSCORE_RESPONSE_1" cardinality="single" baseType="float">
<defaultValue>
<value>0.0</value>
</defaultValue>
</outcomeDeclaration>
<itemBody>
<p>De som van de kansen in een binomiale verdeling moet gelijk zijn aan 1.
Om te laten zien dat dit waar is, nemen we eerst <em>q</em> = 1- <em>p</em> zodat <em>q</em> + <em>p</em> = 1. Hieronder zie je een tabel waarin a binomiale verdeling
met <em>n</em> = 1 waarneming, en de som daarvan is 1. Wat zal de kansverdeling
zijn als <em>n</em> = 2, en de kans op succes is <em>p</em>?<br />
<br />
</p>
<table>
<tbody>
<tr class="odd">
<td align="left">Aantal successen</td>
<td align="left">Kans</td>
</tr>
<tr class="even">
<td align="left">0</td>
<td align="left"><em>q</em></td>
</tr>
<tr class="odd">
<td align="left">1</td>
<td align="left"><em>p</em></td>
</tr>
</tbody>
</table>
<p> <br />
<br />
<br />
<br />
<br />
A:<br />
</p>
<table>
<tbody>
<tr class="odd">
<td align="left">Aantal successen</td>
<td align="left">Kans</td>
</tr>
<tr class="even">
<td align="left">0</td>
<td align="left"><em>q</em></td>
</tr>
<tr class="odd">
<td align="left">1</td>
<td align="left"><em>q - p</em></td>
</tr>
<tr class="even">
<td align="left">2</td>
<td align="left"><em>p</em></td>
</tr>
</tbody>
</table>
<p><br />
<br />
<br />
<br />
<br />
<br />
B:<br />
</p>
<table>
<tbody>
<tr class="odd">
<td align="left">Aantal successen</td>
<td align="left">Kans</td>
</tr>
<tr class="even">
<td align="left">0</td>
<td align="left"><em>q</em></td>
</tr>
<tr class="odd">
<td align="left">1</td>
<td align="left"><em>qp</em></td>
</tr>
<tr class="even">
<td align="left">2</td>
<td align="left"><em>p</em></td>
</tr>
</tbody>
</table>
<p><br />
<br />
<br />
<br />
<br />
<br />
C:<br />
</p>
<table>
<tbody>
<tr class="odd">
<td align="left">Aantal successen</td>
<td align="left">Kans</td>
</tr>
<tr class="even">
<td align="left">0</td>
<td align="left"><em>q</em></td>
</tr>
<tr class="odd">
<td align="left">1</td>
<td align="left"><em>p</em></td>
</tr>
<tr class="even">
<td align="left">2</td>
<td align="left"><em>p</em></td>
</tr>
</tbody>
</table>
<p><br />
<br />
<br />
<br />
<br />
<br />
D:<br />
</p>
<table>
<tbody>
<tr class="odd">
<td align="left">Aantal successen</td>
<td align="left">Kans</td>
</tr>
<tr class="even">
<td align="left">0</td>
<td align="left"><em>q</em></td>
</tr>
<tr class="odd">
<td align="left">1</td>
<td align="left"><em>p</em></td>
</tr>
<tr class="even">
<td align="left">2</td>
<td align="left"><em>1- q- p</em></td>
</tr>
</tbody>
</table>
<choiceInteraction responseIdentifier="uva-general-rules-1180-nl-ans_104085001_section_1_item_1_schoice_RESPONSE_1_7748021" shuffle="false" maxChoices="1">
<simpleChoice identifier="uva-general-rules-1180-nl-ans_104085001_section_1_item_1_schoice_1_7527577867">
<p>
 A
</p>
</simpleChoice>
<simpleChoice identifier="uva-general-rules-1180-nl-ans_104085001_section_1_item_1_schoice_2_1775814073">
<p>
 B
</p>
</simpleChoice>
<simpleChoice identifier="uva-general-rules-1180-nl-ans_104085001_section_1_item_1_schoice_3_6705727741">
<p>
 C
</p>
</simpleChoice>
<simpleChoice identifier="uva-general-rules-1180-nl-ans_104085001_section_1_item_1_schoice_4_9467259842">
<p>
 D
</p>
</simpleChoice>
</choiceInteraction>
</itemBody>
<responseProcessing>
<setOutcomeValue identifier="SCORE_RESPONSE_1">
<sum>
<variable identifier="SCORE_RESPONSE_1"/>
<mapResponse identifier="uva-general-rules-1180-nl-ans_104085001_section_1_item_1_schoice_RESPONSE_1_7748021"/>
</sum>
</setOutcomeValue>
<responseCondition>
<responseIf>
<lt>
<variable identifier="SCORE_RESPONSE_1"/>
<variable identifier="MINSCORE_RESPONSE_1"/>
</lt>
<setOutcomeValue identifier="SCORE_RESPONSE_1">
<variable identifier="MINSCORE_RESPONSE_1"/>
</setOutcomeValue>
</responseIf>
</responseCondition>
<responseCondition>
<responseIf>
<isNull>
<variable identifier="uva-general-rules-1180-nl-ans_104085001_section_1_item_1_schoice_RESPONSE_1_7748021"/>
</isNull>
<setOutcomeValue identifier="SCORE_RESPONSE_1">
<sum>
<variable identifier="SCORE_RESPONSE_1"/>
<baseValue baseType="float">0</baseValue>
</sum>
</setOutcomeValue>
</responseIf>
</responseCondition>
<setOutcomeValue identifier="SCORE">
<sum>
<variable identifier="SCORE_RESPONSE_1"/>
</sum>
</setOutcomeValue>
<responseCondition>
<responseIf>
<lt>
<variable identifier="SCORE"/>
<variable identifier="MINSCORE"/>
</lt>
<setOutcomeValue identifier="SCORE">
<variable identifier="MINSCORE"/>
</setOutcomeValue>
</responseIf>
</responseCondition>
<responseCondition>
<responseIf>
<lt>
<variable identifier="SCORE"/>
<baseValue baseType="float">1</baseValue>
</lt>
<setOutcomeValue identifier="FEEDBACKMODAL">
<multiple>
<variable identifier="FEEDBACKMODAL"/>
<baseValue baseType="identifier">Feedback413183387</baseValue>
</multiple>
</setOutcomeValue>
</responseIf>
</responseCondition>
</responseProcessing>
<modalFeedback outcomeIdentifier="FEEDBACK" showHide="show" identifier="incorrect">
<ul>
<li> A <br /> A: Incorrect </li>
<li> B <br /> B: Incorrect </li>
<li> C <br /> C: Incorrect </li>
<li> D <br /> D: Correct </li>
</ul>
</modalFeedback>
</assessmentItem>
