<?xml version="1.0" encoding="UTF-8"?>
<assessmentItem xsi:schemaLocation="http://www.imsglobal.org/xsd/imsqti_v2p1 http://www.imsglobal.org/xsd/qti/qtiv2p1/imsqti_v2p1p1.xsd http://www.w3.org/1998/Math/MathML http://www.w3.org/Math/XMLSchema/mathml2/mathml2.xsd" identifier="uva-confidence-level-791-en-ans_446051406_section_1_item_1_schoice" title="Inferential_Statistics_uva-confidence-level-791-en_uva-confidence-level-791-en_schoice_1" adaptive="false" timeDependent="false" xmlns="http://www.imsglobal.org/xsd/imsqti_v2p1" xmlns:xsi="http://www.w3.org/2001/XMLSchema-instance">
<responseDeclaration identifier="uva-confidence-level-791-en-ans_446051406_section_1_item_1_schoice_RESPONSE_1_6529290" cardinality="single" baseType="identifier">
<correctResponse>
<value>uva-confidence-level-791-en-ans_446051406_section_1_item_1_schoice_1_1376326245</value>
</correctResponse>
<mapping defaultValue="0" lowerBound="0.0">
<mapEntry mapKey="uva-confidence-level-791-en-ans_446051406_section_1_item_1_schoice_1_1376326245" mappedValue="1"/>
<mapEntry mapKey="uva-confidence-level-791-en-ans_446051406_section_1_item_1_schoice_2_5887879507" mappedValue="0"/>
<mapEntry mapKey="uva-confidence-level-791-en-ans_446051406_section_1_item_1_schoice_3_1359579458" mappedValue="0"/>
</mapping>
</responseDeclaration>
<outcomeDeclaration identifier="SCORE" cardinality="single" baseType="float" normalMaximum="1" normalMinimum="0">
<defaultValue>
<value>0.0</value>
</defaultValue>
</outcomeDeclaration>
<outcomeDeclaration identifier="MAXSCORE" cardinality="single" baseType="float">
<defaultValue>
<value>1</value>
</defaultValue>
</outcomeDeclaration>
<outcomeDeclaration identifier="FEEDBACKBASIC" cardinality="single" baseType="identifier" view="testConstructor">
<defaultValue>
<value>empty</value>
</defaultValue>
</outcomeDeclaration>
<outcomeDeclaration identifier="FEEDBACKMODAL" cardinality="multiple" baseType="identifier" view="testConstructor"/>
<outcomeDeclaration identifier="SOLUTIONMODAL" cardinality="single" baseType="identifier" view="testConstructor"/>
<outcomeDeclaration identifier="MINSCORE" cardinality="single" baseType="float">
<defaultValue>
<value baseType="float">0</value>
</defaultValue>
</outcomeDeclaration>
<outcomeDeclaration identifier="SCORE_RESPONSE_1" cardinality="single" baseType="float">
<defaultValue>
<value>0.0</value>
</defaultValue>
</outcomeDeclaration>
<outcomeDeclaration identifier="MINSCORE_RESPONSE_1" cardinality="single" baseType="float">
<defaultValue>
<value>0.0</value>
</defaultValue>
</outcomeDeclaration>
<itemBody>
<p>For comparing two averages, a confidence interval for a difference of two averages μ<sub>1</sub> - μ<sub>2</sub> is calculated. The confidence interval contains only negative numbers. This means that</p>
<choiceInteraction responseIdentifier="uva-confidence-level-791-en-ans_446051406_section_1_item_1_schoice_RESPONSE_1_6529290" shuffle="false" maxChoices="1">
<simpleChoice identifier="uva-confidence-level-791-en-ans_446051406_section_1_item_1_schoice_1_1376326245">
<p>
 Μ1 is smaller than μ2
</p>
</simpleChoice>
<simpleChoice identifier="uva-confidence-level-791-en-ans_446051406_section_1_item_1_schoice_2_5887879507">
<p>
 Μ1 is greater than μ2
</p>
</simpleChoice>
<simpleChoice identifier="uva-confidence-level-791-en-ans_446051406_section_1_item_1_schoice_3_1359579458">
<p>
 Both μ1 and μ2 cannot have been positive
</p>
</simpleChoice>
</choiceInteraction>
</itemBody>
<responseProcessing>
<setOutcomeValue identifier="SCORE_RESPONSE_1">
<sum>
<variable identifier="SCORE_RESPONSE_1"/>
<mapResponse identifier="uva-confidence-level-791-en-ans_446051406_section_1_item_1_schoice_RESPONSE_1_6529290"/>
</sum>
</setOutcomeValue>
<responseCondition>
<responseIf>
<lt>
<variable identifier="SCORE_RESPONSE_1"/>
<variable identifier="MINSCORE_RESPONSE_1"/>
</lt>
<setOutcomeValue identifier="SCORE_RESPONSE_1">
<variable identifier="MINSCORE_RESPONSE_1"/>
</setOutcomeValue>
</responseIf>
</responseCondition>
<responseCondition>
<responseIf>
<isNull>
<variable identifier="uva-confidence-level-791-en-ans_446051406_section_1_item_1_schoice_RESPONSE_1_6529290"/>
</isNull>
<setOutcomeValue identifier="SCORE_RESPONSE_1">
<sum>
<variable identifier="SCORE_RESPONSE_1"/>
<baseValue baseType="float">0</baseValue>
</sum>
</setOutcomeValue>
</responseIf>
</responseCondition>
<setOutcomeValue identifier="SCORE">
<sum>
<variable identifier="SCORE_RESPONSE_1"/>
</sum>
</setOutcomeValue>
<responseCondition>
<responseIf>
<lt>
<variable identifier="SCORE"/>
<variable identifier="MINSCORE"/>
</lt>
<setOutcomeValue identifier="SCORE">
<variable identifier="MINSCORE"/>
</setOutcomeValue>
</responseIf>
</responseCondition>
<responseCondition>
<responseIf>
<lt>
<variable identifier="SCORE"/>
<baseValue baseType="float">1</baseValue>
</lt>
<setOutcomeValue identifier="FEEDBACKMODAL">
<multiple>
<variable identifier="FEEDBACKMODAL"/>
<baseValue baseType="identifier">Feedback503617354</baseValue>
</multiple>
</setOutcomeValue>
</responseIf>
</responseCondition>
</responseProcessing>
<modalFeedback outcomeIdentifier="FEEDBACK" showHide="show" identifier="incorrect">
<ul>
<li> Μ1 is smaller than μ2 <br /> Μ1 is smaller than μ2: Correct </li>
<li> Μ1 is greater than μ2 <br /> Μ1 is greater than μ2: Incorrect </li>
<li> Both μ1 and μ2 cannot have been positive <br /> Both μ1 and μ2 cannot have been positive: Incorrect </li>
</ul>
</modalFeedback>
</assessmentItem>
