<?xml version="1.0" encoding="UTF-8"?>
<assessmentItem xsi:schemaLocation="http://www.imsglobal.org/xsd/imsqti_v2p1 http://www.imsglobal.org/xsd/qti/qtiv2p1/imsqti_v2p1p1.xsd http://www.w3.org/1998/Math/MathML http://www.w3.org/Math/XMLSchema/mathml2/mathml2.xsd" identifier="vufsw-mediation-0295-nl-ans_463056230_section_1_item_1_schoice" title="Inferential_Statistics_vufsw-mediation-0295-nl_vufsw-mediation-0295-nl_schoice_1" adaptive="false" timeDependent="false" xmlns="http://www.imsglobal.org/xsd/imsqti_v2p1" xmlns:xsi="http://www.w3.org/2001/XMLSchema-instance">
<responseDeclaration identifier="vufsw-mediation-0295-nl-ans_463056230_section_1_item_1_schoice_RESPONSE_1_2374898" cardinality="single" baseType="identifier">
<correctResponse>
<value>vufsw-mediation-0295-nl-ans_463056230_section_1_item_1_schoice_1_4184135830</value>
</correctResponse>
<mapping defaultValue="0" lowerBound="0.0">
<mapEntry mapKey="vufsw-mediation-0295-nl-ans_463056230_section_1_item_1_schoice_1_4184135830" mappedValue="1"/>
<mapEntry mapKey="vufsw-mediation-0295-nl-ans_463056230_section_1_item_1_schoice_2_5032646134" mappedValue="0"/>
<mapEntry mapKey="vufsw-mediation-0295-nl-ans_463056230_section_1_item_1_schoice_3_7068654201" mappedValue="0"/>
<mapEntry mapKey="vufsw-mediation-0295-nl-ans_463056230_section_1_item_1_schoice_4_6630157213" mappedValue="0"/>
<mapEntry mapKey="vufsw-mediation-0295-nl-ans_463056230_section_1_item_1_schoice_5_5001062300" mappedValue="0"/>
</mapping>
</responseDeclaration>
<outcomeDeclaration identifier="SCORE" cardinality="single" baseType="float" normalMaximum="1" normalMinimum="0">
<defaultValue>
<value>0.0</value>
</defaultValue>
</outcomeDeclaration>
<outcomeDeclaration identifier="MAXSCORE" cardinality="single" baseType="float">
<defaultValue>
<value>1</value>
</defaultValue>
</outcomeDeclaration>
<outcomeDeclaration identifier="FEEDBACKBASIC" cardinality="single" baseType="identifier" view="testConstructor">
<defaultValue>
<value>empty</value>
</defaultValue>
</outcomeDeclaration>
<outcomeDeclaration identifier="FEEDBACKMODAL" cardinality="multiple" baseType="identifier" view="testConstructor"/>
<outcomeDeclaration identifier="SOLUTIONMODAL" cardinality="single" baseType="identifier" view="testConstructor"/>
<outcomeDeclaration identifier="MINSCORE" cardinality="single" baseType="float">
<defaultValue>
<value baseType="float">0</value>
</defaultValue>
</outcomeDeclaration>
<outcomeDeclaration identifier="SCORE_RESPONSE_1" cardinality="single" baseType="float">
<defaultValue>
<value>0.0</value>
</defaultValue>
</outcomeDeclaration>
<outcomeDeclaration identifier="MINSCORE_RESPONSE_1" cardinality="single" baseType="float">
<defaultValue>
<value>0.0</value>
</defaultValue>
</outcomeDeclaration>
<itemBody>
<p>Kijk naar het onderstaande mediatiemodel. Wat geeft het effect van de
onafhankelijke variabele op de mediator weer?</p>
<p><img src="media/supplements1/mediation.png" /></p>
<choiceInteraction responseIdentifier="vufsw-mediation-0295-nl-ans_463056230_section_1_item_1_schoice_RESPONSE_1_2374898" shuffle="false" maxChoices="1">
<simpleChoice identifier="vufsw-mediation-0295-nl-ans_463056230_section_1_item_1_schoice_1_4184135830">
<p>
 <em>a</em>
</p>
</simpleChoice>
<simpleChoice identifier="vufsw-mediation-0295-nl-ans_463056230_section_1_item_1_schoice_2_5032646134">
<p>
 <em>c</em>
</p>
</simpleChoice>
<simpleChoice identifier="vufsw-mediation-0295-nl-ans_463056230_section_1_item_1_schoice_3_7068654201">
<p>
 <em>b</em>
</p>
</simpleChoice>
<simpleChoice identifier="vufsw-mediation-0295-nl-ans_463056230_section_1_item_1_schoice_4_6630157213">
<p>
 <em>c’</em>
</p>
</simpleChoice>
<simpleChoice identifier="vufsw-mediation-0295-nl-ans_463056230_section_1_item_1_schoice_5_5001062300">
<p>
 <em>ab</em>
</p>
</simpleChoice>
</choiceInteraction>
</itemBody>
<responseProcessing>
<setOutcomeValue identifier="SCORE_RESPONSE_1">
<sum>
<variable identifier="SCORE_RESPONSE_1"/>
<mapResponse identifier="vufsw-mediation-0295-nl-ans_463056230_section_1_item_1_schoice_RESPONSE_1_2374898"/>
</sum>
</setOutcomeValue>
<responseCondition>
<responseIf>
<lt>
<variable identifier="SCORE_RESPONSE_1"/>
<variable identifier="MINSCORE_RESPONSE_1"/>
</lt>
<setOutcomeValue identifier="SCORE_RESPONSE_1">
<variable identifier="MINSCORE_RESPONSE_1"/>
</setOutcomeValue>
</responseIf>
</responseCondition>
<responseCondition>
<responseIf>
<isNull>
<variable identifier="vufsw-mediation-0295-nl-ans_463056230_section_1_item_1_schoice_RESPONSE_1_2374898"/>
</isNull>
<setOutcomeValue identifier="SCORE_RESPONSE_1">
<sum>
<variable identifier="SCORE_RESPONSE_1"/>
<baseValue baseType="float">0</baseValue>
</sum>
</setOutcomeValue>
</responseIf>
</responseCondition>
<setOutcomeValue identifier="SCORE">
<sum>
<variable identifier="SCORE_RESPONSE_1"/>
</sum>
</setOutcomeValue>
<responseCondition>
<responseIf>
<lt>
<variable identifier="SCORE"/>
<variable identifier="MINSCORE"/>
</lt>
<setOutcomeValue identifier="SCORE">
<variable identifier="MINSCORE"/>
</setOutcomeValue>
</responseIf>
</responseCondition>
<responseCondition>
<responseIf>
<lt>
<variable identifier="SCORE"/>
<baseValue baseType="float">1</baseValue>
</lt>
<setOutcomeValue identifier="FEEDBACKMODAL">
<multiple>
<variable identifier="FEEDBACKMODAL"/>
<baseValue baseType="identifier">Feedback925914554</baseValue>
</multiple>
</setOutcomeValue>
</responseIf>
</responseCondition>
</responseProcessing>
<modalFeedback outcomeIdentifier="FEEDBACK" showHide="show" identifier="incorrect">
<p>In een mediatie model met deze notatie:<br />
c: totale effect<br />
c’: directe effect<br />
αb: indirecte effect<br />
α: effect van onafhankelijke op de mediator<br />
b: effect van de mediator op de afhankelijke</p>
<br />
<ul>
<li> <em>a</em> <br /> True </li>
<li> <em>c</em> <br /> False </li>
<li> <em>b</em> <br /> False </li>
<li> <em>c’</em> <br /> False </li>
<li> <em>ab</em> <br /> False </li>
</ul>
</modalFeedback>
</assessmentItem>
