<?xml version="1.0" encoding="UTF-8"?>
<assessmentItem xsi:schemaLocation="http://www.imsglobal.org/xsd/imsqti_v2p1 http://www.imsglobal.org/xsd/qti/qtiv2p1/imsqti_v2p1p1.xsd http://www.w3.org/1998/Math/MathML http://www.w3.org/Math/XMLSchema/mathml2/mathml2.xsd" identifier="uu-Statistical-errors-801-nl-ans_683535637_section_1_item_1_schoice" title="Inferential_Statistics_uu-Statistical-errors-801-nl_uu-Statistical-errors-801-nl_schoice_1" adaptive="false" timeDependent="false" xmlns="http://www.imsglobal.org/xsd/imsqti_v2p1" xmlns:xsi="http://www.w3.org/2001/XMLSchema-instance">
<responseDeclaration identifier="uu-Statistical-errors-801-nl-ans_683535637_section_1_item_1_schoice_RESPONSE_1_7291976" cardinality="single" baseType="identifier">
<correctResponse>
<value>uu-Statistical-errors-801-nl-ans_683535637_section_1_item_1_schoice_3_2835132531</value>
</correctResponse>
<mapping defaultValue="0" lowerBound="0.0">
<mapEntry mapKey="uu-Statistical-errors-801-nl-ans_683535637_section_1_item_1_schoice_1_7445218954" mappedValue="0"/>
<mapEntry mapKey="uu-Statistical-errors-801-nl-ans_683535637_section_1_item_1_schoice_2_8761705881" mappedValue="0"/>
<mapEntry mapKey="uu-Statistical-errors-801-nl-ans_683535637_section_1_item_1_schoice_3_2835132531" mappedValue="1"/>
<mapEntry mapKey="uu-Statistical-errors-801-nl-ans_683535637_section_1_item_1_schoice_4_5075429215" mappedValue="0"/>
</mapping>
</responseDeclaration>
<outcomeDeclaration identifier="SCORE" cardinality="single" baseType="float" normalMaximum="1" normalMinimum="0">
<defaultValue>
<value>0.0</value>
</defaultValue>
</outcomeDeclaration>
<outcomeDeclaration identifier="MAXSCORE" cardinality="single" baseType="float">
<defaultValue>
<value>1</value>
</defaultValue>
</outcomeDeclaration>
<outcomeDeclaration identifier="FEEDBACKBASIC" cardinality="single" baseType="identifier" view="testConstructor">
<defaultValue>
<value>empty</value>
</defaultValue>
</outcomeDeclaration>
<outcomeDeclaration identifier="FEEDBACKMODAL" cardinality="multiple" baseType="identifier" view="testConstructor"/>
<outcomeDeclaration identifier="SOLUTIONMODAL" cardinality="single" baseType="identifier" view="testConstructor"/>
<outcomeDeclaration identifier="MINSCORE" cardinality="single" baseType="float">
<defaultValue>
<value baseType="float">0</value>
</defaultValue>
</outcomeDeclaration>
<outcomeDeclaration identifier="SCORE_RESPONSE_1" cardinality="single" baseType="float">
<defaultValue>
<value>0.0</value>
</defaultValue>
</outcomeDeclaration>
<outcomeDeclaration identifier="MINSCORE_RESPONSE_1" cardinality="single" baseType="float">
<defaultValue>
<value>0.0</value>
</defaultValue>
</outcomeDeclaration>
<itemBody>
<p>Als men meerdere toetsen uitvoert zorgt de Bonferroni-correctie ervoor dat…</p>
<choiceInteraction responseIdentifier="uu-Statistical-errors-801-nl-ans_683535637_section_1_item_1_schoice_RESPONSE_1_7291976" shuffle="false" maxChoices="1">
<simpleChoice identifier="uu-Statistical-errors-801-nl-ans_683535637_section_1_item_1_schoice_1_7445218954">
<p>
 de kans om tenminste één <span class="math inline">\(H_0\)</span> terecht te verwerpen ongeveer gelijk blijft.
</p>
</simpleChoice>
<simpleChoice identifier="uu-Statistical-errors-801-nl-ans_683535637_section_1_item_1_schoice_2_8761705881">
<p>
 de kans om tenminste één <span class="math inline">\(H_0\)</span> terecht NIET te verwerpen ongeveer gelijk blijft.
</p>
</simpleChoice>
<simpleChoice identifier="uu-Statistical-errors-801-nl-ans_683535637_section_1_item_1_schoice_3_2835132531">
<p>
 de kans om tenminste één <span class="math inline">\(H_0\)</span> onterecht te verwerpen ongeveer gelijk blijft.
</p>
</simpleChoice>
<simpleChoice identifier="uu-Statistical-errors-801-nl-ans_683535637_section_1_item_1_schoice_4_5075429215">
<p>
 de kans om tenminste één <span class="math inline">\(H_0\)</span> onterecht NIET te verwerpen ongeveer gelijk blijft.
</p>
</simpleChoice>
</choiceInteraction>
</itemBody>
<responseProcessing>
<setOutcomeValue identifier="SCORE_RESPONSE_1">
<sum>
<variable identifier="SCORE_RESPONSE_1"/>
<mapResponse identifier="uu-Statistical-errors-801-nl-ans_683535637_section_1_item_1_schoice_RESPONSE_1_7291976"/>
</sum>
</setOutcomeValue>
<responseCondition>
<responseIf>
<lt>
<variable identifier="SCORE_RESPONSE_1"/>
<variable identifier="MINSCORE_RESPONSE_1"/>
</lt>
<setOutcomeValue identifier="SCORE_RESPONSE_1">
<variable identifier="MINSCORE_RESPONSE_1"/>
</setOutcomeValue>
</responseIf>
</responseCondition>
<responseCondition>
<responseIf>
<isNull>
<variable identifier="uu-Statistical-errors-801-nl-ans_683535637_section_1_item_1_schoice_RESPONSE_1_7291976"/>
</isNull>
<setOutcomeValue identifier="SCORE_RESPONSE_1">
<sum>
<variable identifier="SCORE_RESPONSE_1"/>
<baseValue baseType="float">0</baseValue>
</sum>
</setOutcomeValue>
</responseIf>
</responseCondition>
<setOutcomeValue identifier="SCORE">
<sum>
<variable identifier="SCORE_RESPONSE_1"/>
</sum>
</setOutcomeValue>
<responseCondition>
<responseIf>
<lt>
<variable identifier="SCORE"/>
<variable identifier="MINSCORE"/>
</lt>
<setOutcomeValue identifier="SCORE">
<variable identifier="MINSCORE"/>
</setOutcomeValue>
</responseIf>
</responseCondition>
<responseCondition>
<responseIf>
<lt>
<variable identifier="SCORE"/>
<baseValue baseType="float">1</baseValue>
</lt>
<setOutcomeValue identifier="FEEDBACKMODAL">
<multiple>
<variable identifier="FEEDBACKMODAL"/>
<baseValue baseType="identifier">Feedback254718316</baseValue>
</multiple>
</setOutcomeValue>
</responseIf>
</responseCondition>
</responseProcessing>
<modalFeedback outcomeIdentifier="FEEDBACK" showHide="show" identifier="incorrect">
</modalFeedback>
</assessmentItem>
