<?xml version="1.0" encoding="UTF-8"?>
<!DOCTYPE questestinterop SYSTEM "ims_qtiasiv1p2p1.dtd">

<questestinterop xmlns="http://www.imsglobal.org/xsd/ims_qtiasiv1p2" xmlns:xsi="http://www.w3.org/2001/XMLSchema-instance" xsi:schemaLocation="http://www.imsglobal.org/xsd/ims_qtiasiv1p2 http://www.imsglobal.org/xsd/ims_qtiasiv1p2p1.xsd">
<assessment ident="vufsw-t-statistic-1144-en-canvas_802393744" title="vufsw-t-statistic-1144-en-canvas">

<qtimetadata>
<qtimetadatafield>
<fieldlabel>cc_maxattempts</fieldlabel>
<fieldentry>1</fieldentry>
</qtimetadatafield>
<qtimetadatafield>
<fieldlabel>qmd_assessmenttype</fieldlabel>
<fieldentry>Assessment</fieldentry>
</qtimetadatafield>
</qtimetadata>
<objectives>
<material>
<mattext><![CDATA[Please solve the following exercises.]]></mattext>
</material>
</objectives>
<assessmentcontrol feedbackswitch="No" hintswitch="No" solutionswitch="Yes"/>
<outcomes_processing scoremodel="SumOfScores">
<outcomes>
<decvar varname="SCORE" vartype="Decimal" cutvalue="0"/>
</outcomes>
</outcomes_processing>
<assessfeedback title="AssessmentFeedback" ident="AssessmentFeedback">
<flow_mat>
<material>
<mattext>##AssessmentFeedback##</mattext>
</material>
</flow_mat>
</assessfeedback>

<section ident="vufsw-t-statistic-1144-en-canvas_802393744_section_1" title="Exercise">

<objectives>
<material>
<mattext><![CDATA[Please answer the following question.]]></mattext>
</material>
</objectives>
<selection_ordering>
<selection>
<selection_number>1</selection_number>
<selection_extension>
<points_per_item>1</points_per_item>
</selection_extension>
</selection>
<order order_type="Random"/>
</selection_ordering>

<item ident="vufsw-t-statistic-1144-en-canvas_802393744_section_1_item_1_schoice" title="Question" maxattempts="1">
<itemcontrol feedbackswitch="No" hintswitch="No" solutionswitch="Yes"/>
<itemmetadata>
<qtimetadata>
<qtimetadatafield>
<fieldlabel>question_type</fieldlabel>
<fieldentry>multiple_choice_question</fieldentry>
</qtimetadatafield>
</qtimetadata>
</itemmetadata>
<presentation>
<flow>
<material>
<matbreak/>
<mattext texttype="text/html" charset="utf-8"><![CDATA[
<p>A researcher asks 160 randomly chosen people what the ideal group size
(in number of persons) is to work as a team on an assignment. The
respondents’ response is on average 6.3, with a standard deviation of
2.8. The researcher tests whether this average deviates significantly
from a test average of 8.</p>
<p>Suppose that instead of 160 people, only 80 people would have
participated in the study, and that the average (6.3) and standard
deviation (2.8) would be the same. What does the decrease in the number
of respondents mean for the calculated (observed) t-value?</p>
]]></mattext>
<matbreak/>
</material>
<response_lid ident="vufsw-t-statistic-1144-en-canvas_802393744_section_1_item_1_schoice_RESPONSE_2076146" rcardinality="Single" rtiming="No">
<render_choice shuffle="No">
<flow_label class="List">
<response_label ident="vufsw-t-statistic-1144-en-canvas_802393744_section_1_item_1_schoice_1911641102" rshuffle="No">
<material>
<mattext texttype="text/html" charset="utf-8"><![CDATA[
 The absolute t-value has become higher.
]]></mattext>
</material>
</response_label>
</flow_label>
<flow_label class="List">
<response_label ident="vufsw-t-statistic-1144-en-canvas_802393744_section_1_item_1_schoice_9192079476" rshuffle="No">
<material>
<mattext texttype="text/html" charset="utf-8"><![CDATA[
 The t-value is unchanged.
]]></mattext>
</material>
</response_label>
</flow_label>
<flow_label class="List">
<response_label ident="vufsw-t-statistic-1144-en-canvas_802393744_section_1_item_1_schoice_8458517088" rshuffle="No">
<material>
<mattext texttype="text/html" charset="utf-8"><![CDATA[
 The absolute t-value has become smaller.
]]></mattext>
</material>
</response_label>
</flow_label>
<flow_label class="List">
<response_label ident="vufsw-t-statistic-1144-en-canvas_802393744_section_1_item_1_schoice_8208010800" rshuffle="No">
<material>
<mattext texttype="text/html" charset="utf-8"><![CDATA[
 Data is missing to calculate the t-value
]]></mattext>
</material>
</response_label>
</flow_label>
</render_choice>
</response_lid>
</flow>
</presentation>
<resprocessing>
<outcomes>
<decvar varname="SCORE" vartype="Decimal" defaultval="0" minvalue="0" maxvalue="1" cutvalue="1"/>
</outcomes>
<respcondition title="Mastery" continue="No">
<conditionvar>
<and>
<varequal respident="vufsw-t-statistic-1144-en-canvas_802393744_section_1_item_1_schoice_RESPONSE_2076146" case="Yes">vufsw-t-statistic-1144-en-canvas_802393744_section_1_item_1_schoice_8458517088</varequal>
<not> <varequal respident="vufsw-t-statistic-1144-en-canvas_802393744_section_1_item_1_schoice_RESPONSE_2076146" case="Yes">vufsw-t-statistic-1144-en-canvas_802393744_section_1_item_1_schoice_1911641102</varequal> </not>
<not> <varequal respident="vufsw-t-statistic-1144-en-canvas_802393744_section_1_item_1_schoice_RESPONSE_2076146" case="Yes">vufsw-t-statistic-1144-en-canvas_802393744_section_1_item_1_schoice_9192079476</varequal> </not>
<not> <varequal respident="vufsw-t-statistic-1144-en-canvas_802393744_section_1_item_1_schoice_RESPONSE_2076146" case="Yes">vufsw-t-statistic-1144-en-canvas_802393744_section_1_item_1_schoice_8208010800</varequal> </not>
</and>
</conditionvar>
<setvar varname="SCORE" action="Set">1</setvar>
<displayfeedback feedbacktype="Response" linkrefid="correct_fb"/>
</respcondition>
<respcondition continue="Yes">
<conditionvar>
<other/>
</conditionvar>
<displayfeedback feedbacktype="Response" linkrefid="general_incorrect_fb"/>
</respcondition>
</resprocessing>
<itemfeedback ident="correct_fb" view="All">
<flow_mat>
<material>
<mattext texttype="text/html"><![CDATA[
<p>The absolute t-value has become smaller.</p>
<p>t=mean-mean(test)/se and the se=S/ √n</p>
<p>If n becomes smaller than the se becomes higher, thus t becomes
smaller.</p>
<p>If you want to know more about this t-test watch this  
<a href="https://www.youtube.com/watch?v=9V6L3Zu3PP0&amp;index=3&amp;list=PLyLpEs0x9BnkUdochj7JEC-2javLshojj">clip</a></p>
<p>Language<br />
Nederlands</p>
<p>Levels of Difficulty<br />
Difficult</p>
<p>M&amp;T BIS<br />
Default value</p>
<p>M&amp;T Hypothesis testing: means<br />
Default value</p>
<br />
<ul>
<li> The absolute t-value has become higher. <br /> False </li>
<li> The t-value is unchanged. <br /> False </li>
<li> The absolute t-value has become smaller. <br /> True </li>
<li> Data is missing to calculate the t-value <br /> False </li>
</ul>
]]></mattext>
</material>
</flow_mat>
</itemfeedback>
<itemfeedback ident="general_incorrect_fb" view="All">
<flow_mat>
<material>
<mattext texttype="text/html"><![CDATA[
<p>The absolute t-value has become smaller.</p>
<p>t=mean-mean(test)/se and the se=S/ √n</p>
<p>If n becomes smaller than the se becomes higher, thus t becomes
smaller.</p>
<p>If you want to know more about this t-test watch this  
<a href="https://www.youtube.com/watch?v=9V6L3Zu3PP0&amp;index=3&amp;list=PLyLpEs0x9BnkUdochj7JEC-2javLshojj">clip</a></p>
<p>Language<br />
Nederlands</p>
<p>Levels of Difficulty<br />
Difficult</p>
<p>M&amp;T BIS<br />
Default value</p>
<p>M&amp;T Hypothesis testing: means<br />
Default value</p>
<br />
<ul>
<li> The absolute t-value has become higher. <br /> False </li>
<li> The t-value is unchanged. <br /> False </li>
<li> The absolute t-value has become smaller. <br /> True </li>
<li> Data is missing to calculate the t-value <br /> False </li>
</ul>
]]></mattext>
</material>
</flow_mat>
</itemfeedback>
</item>


</section>

</assessment>
</questestinterop>
