<?xml version="1.0" encoding="UTF-8"?>
<assessmentItem xsi:schemaLocation="http://www.imsglobal.org/xsd/imsqti_v2p1 http://www.imsglobal.org/xsd/qti/qtiv2p1/imsqti_v2p1p1.xsd http://www.w3.org/1998/Math/MathML http://www.w3.org/Math/XMLSchema/mathml2/mathml2.xsd" identifier="uu-Null-hypothesis-802-en-qti_817921496_section_1_item_1_schoice" title="1" adaptive="false" timeDependent="false" xmlns="http://www.imsglobal.org/xsd/imsqti_v2p1" xmlns:xsi="http://www.w3.org/2001/XMLSchema-instance">
<responseDeclaration identifier="uu-Null-hypothesis-802-en-qti_817921496_section_1_item_1_schoice_RESPONSE_1_1499390" cardinality="single" baseType="identifier">
<correctResponse>
<value>uu-Null-hypothesis-802-en-qti_817921496_section_1_item_1_schoice_1_7014077850</value>
</correctResponse>
<mapping defaultValue="0" lowerBound="0.0">
<mapEntry mapKey="uu-Null-hypothesis-802-en-qti_817921496_section_1_item_1_schoice_1_7014077850" mappedValue="1"/>
<mapEntry mapKey="uu-Null-hypothesis-802-en-qti_817921496_section_1_item_1_schoice_2_8937634836" mappedValue="0"/>
<mapEntry mapKey="uu-Null-hypothesis-802-en-qti_817921496_section_1_item_1_schoice_3_5239306059" mappedValue="0"/>
<mapEntry mapKey="uu-Null-hypothesis-802-en-qti_817921496_section_1_item_1_schoice_4_2230949396" mappedValue="0"/>
</mapping>
</responseDeclaration>
<outcomeDeclaration identifier="SCORE" cardinality="single" baseType="float" normalMaximum="1" normalMinimum="0">
<defaultValue>
<value>0.0</value>
</defaultValue>
</outcomeDeclaration>
<outcomeDeclaration identifier="MAXSCORE" cardinality="single" baseType="float">
<defaultValue>
<value>1</value>
</defaultValue>
</outcomeDeclaration>
<outcomeDeclaration identifier="FEEDBACKBASIC" cardinality="single" baseType="identifier" view="testConstructor">
<defaultValue>
<value>empty</value>
</defaultValue>
</outcomeDeclaration>
<outcomeDeclaration identifier="FEEDBACKMODAL" cardinality="multiple" baseType="identifier" view="testConstructor"/>
<outcomeDeclaration identifier="SOLUTIONMODAL" cardinality="single" baseType="identifier" view="testConstructor"/>
<outcomeDeclaration identifier="MINSCORE" cardinality="single" baseType="float">
<defaultValue>
<value baseType="float">0</value>
</defaultValue>
</outcomeDeclaration>
<outcomeDeclaration identifier="SCORE_RESPONSE_1" cardinality="single" baseType="float">
<defaultValue>
<value>0.0</value>
</defaultValue>
</outcomeDeclaration>
<outcomeDeclaration identifier="MINSCORE_RESPONSE_1" cardinality="single" baseType="float">
<defaultValue>
<value>0.0</value>
</defaultValue>
</outcomeDeclaration>
<itemBody>
<p>Below are two statements:</p>
<p>I By using an objective, predetermined probability of rejecting H0, hypothesis testing is a form of inductive behavior. II Testing H0 according to Neyman and Pearson principles, encourages poor theory building.</p>
<p>Which theorem(s) is/are TRUE?</p>
<choiceInteraction responseIdentifier="uu-Null-hypothesis-802-en-qti_817921496_section_1_item_1_schoice_RESPONSE_1_1499390" shuffle="false" maxChoices="1">
<simpleChoice identifier="uu-Null-hypothesis-802-en-qti_817921496_section_1_item_1_schoice_1_7014077850">
<p>
 Both Theorem I and Theorem II are TRUE.
</p>
</simpleChoice>
<simpleChoice identifier="uu-Null-hypothesis-802-en-qti_817921496_section_1_item_1_schoice_2_8937634836">
<p>
 Theorem I is TRUE, Theorem II is false.
</p>
</simpleChoice>
<simpleChoice identifier="uu-Null-hypothesis-802-en-qti_817921496_section_1_item_1_schoice_3_5239306059">
<p>
 Theorem II is true, Theorem I is false.
</p>
</simpleChoice>
<simpleChoice identifier="uu-Null-hypothesis-802-en-qti_817921496_section_1_item_1_schoice_4_2230949396">
<p>
 Both propositions are TRUE.
</p>
</simpleChoice>
</choiceInteraction>
</itemBody>
<responseProcessing>
<setOutcomeValue identifier="SCORE_RESPONSE_1">
<sum>
<variable identifier="SCORE_RESPONSE_1"/>
<mapResponse identifier="uu-Null-hypothesis-802-en-qti_817921496_section_1_item_1_schoice_RESPONSE_1_1499390"/>
</sum>
</setOutcomeValue>
<responseCondition>
<responseIf>
<lt>
<variable identifier="SCORE_RESPONSE_1"/>
<variable identifier="MINSCORE_RESPONSE_1"/>
</lt>
<setOutcomeValue identifier="SCORE_RESPONSE_1">
<variable identifier="MINSCORE_RESPONSE_1"/>
</setOutcomeValue>
</responseIf>
</responseCondition>
<responseCondition>
<responseIf>
<isNull>
<variable identifier="uu-Null-hypothesis-802-en-qti_817921496_section_1_item_1_schoice_RESPONSE_1_1499390"/>
</isNull>
<setOutcomeValue identifier="SCORE_RESPONSE_1">
<sum>
<variable identifier="SCORE_RESPONSE_1"/>
<baseValue baseType="float">0</baseValue>
</sum>
</setOutcomeValue>
</responseIf>
</responseCondition>
<setOutcomeValue identifier="SCORE">
<sum>
<variable identifier="SCORE_RESPONSE_1"/>
</sum>
</setOutcomeValue>
<responseCondition>
<responseIf>
<lt>
<variable identifier="SCORE"/>
<variable identifier="MINSCORE"/>
</lt>
<setOutcomeValue identifier="SCORE">
<variable identifier="MINSCORE"/>
</setOutcomeValue>
</responseIf>
</responseCondition>
<responseCondition>
<responseIf>
<lt>
<variable identifier="SCORE"/>
<baseValue baseType="float">1</baseValue>
</lt>
<setOutcomeValue identifier="FEEDBACKMODAL">
<multiple>
<variable identifier="FEEDBACKMODAL"/>
<baseValue baseType="identifier">Feedback409862027</baseValue>
</multiple>
</setOutcomeValue>
</responseIf>
</responseCondition>
</responseProcessing>
<modalFeedback identifier="Feedback409862027" outcomeIdentifier="FEEDBACKMODAL" showHide="show">
</modalFeedback>
</assessmentItem>
