<?xml version="1.0" encoding="utf-8" standalone="yes"?>
<assessmentItem identifier="vufgb-confidenceintervals-004-nl_202209051538_item_1_schoice" title="vufgb-confidenceintervals-004-nl_202209051538_item_1_schoice_vufgb-confidenceinterval-004-nl" adaptive="false" timeDependent="false" toolName="Testvision Online" toolVersion="39.0.9084" xmlns="http://www.imsglobal.org/xsd/imsqti_v2p1">
<responseDeclaration identifier="RESPONSE" cardinality="single" baseType="identifier">
<correctResponse>
<value>alt_174795</value>
</correctResponse>
<mapping defaultValue="0" lowerBound="0.0">
<mapEntry mapKey="alt_712676" mappedValue="-0.333333333333333"/>
<mapEntry mapKey="alt_174795" mappedValue="1"/>
<mapEntry mapKey="alt_639011" mappedValue="-0.333333333333333"/>
<mapEntry mapKey="alt_992962" mappedValue="-0.333333333333333"/>
</mapping>
</responseDeclaration>
<outcomeDeclaration identifier="SCORE" cardinality="single" baseType="float" normalMaximum="1" normalMinimum="0" />
<outcomeDeclaration identifier="FEEDBACK" cardinality="single" baseType="identifier" />
<itemBody>
<p>We willen onderzoeken of er een verschil is in stemmingswisselingen tussen personen met en zonder de ziekte van Huntington. We selecteren uit beide groepen een willekeurige steekproef van 11 deelnemers. Zij doen mee aan het onderzoek. Stemmingswisselingen worden gemeten op een numerieke schaal. In de tabel hieronder staan de resultaten. Ga uit van gelijke varianties bij het bepalen van het aantal vrijheidsgraden van de toetsstatistiek. Bereken het 95% betrouwbaarheidsinterval voor het verschil in stemmingswisselingen.</p>
<p><img src="mediafiles/supplements1/vufgb-confidenceintervals-004-nl.png" alt="image"/></p>
<choiceInteraction responseIdentifier="RESPONSE" shuffle="false" maxChoices="1">
<simpleChoice identifier="alt_712676">
<div class="textblock tvblock tvcss_1"><div class="rte_zone tveditor1">
a. (4.59, 8.61)
</div>
</div>
</simpleChoice>
<simpleChoice identifier="alt_174795">
<div class="textblock tvblock tvcss_1"><div class="rte_zone tveditor1">
b. (4.29, 8.91)
</div>
</div>
</simpleChoice>
<simpleChoice identifier="alt_639011">
<div class="textblock tvblock tvcss_1"><div class="rte_zone tveditor1">
c. (4.69, 8.51)
</div>
</div>
</simpleChoice>
<simpleChoice identifier="alt_992962">
<div class="textblock tvblock tvcss_1"><div class="rte_zone tveditor1">
d. (4.13, 9.07)
</div>
</div>
</simpleChoice>
</choiceInteraction>
</itemBody>
<responseProcessing>
<responseCondition>
<responseIf>
<isNull>
<variable identifier="RESPONSE"/>
</isNull>
<setOutcomeValue identifier="SCORE">
<baseValue baseType="float">0.0</baseValue>
</setOutcomeValue>
<setOutcomeValue identifier="FEEDBACK">
<baseValue baseType="identifier">FAILURE</baseValue>
</setOutcomeValue>
</responseIf>
<responseElse>
<setOutcomeValue identifier="SCORE">
<mapResponse identifier="RESPONSE"/>
</setOutcomeValue>
<responseCondition>
<responseIf>
<equal toleranceMode="relative" tolerance="0.001">
<variable identifier="SCORE"/>
<variable identifier="MAXSCORE"/>
</equal>
<setOutcomeValue identifier="FEEDBACK">
<baseValue baseType="identifier">ANSWER_CORRECT</baseValue>
</setOutcomeValue>
</responseIf>
<responseElse>
<setOutcomeValue identifier="FEEDBACK">
<baseValue baseType="identifier">FAILURE</baseValue>
</setOutcomeValue>
</responseElse>
</responseCondition>
</responseElse>
</responseCondition>
</responseProcessing>
<modalFeedback identifier="FAILURE" outcomeIdentifier="FEEDBACK" showHide="show">
<div class="textblock tvblock tvcss_1"><div class="rte_zone tveditor1">
</div>
</div>
</modalFeedback>
<modalFeedback identifier="ANSWER_CORRECT" outcomeIdentifier="FEEDBACK" showHide="show">
<div class="textblock tvblock tvcss_1"><div class="rte_zone tveditor1">
</div>
</div>
</modalFeedback>
<modalFeedback identifier="PARTIAL_CORRECT" outcomeIdentifier="FEEDBACK" showHide="show">
<div class="textblock tvblock tvcss_1"><div class="rte_zone tveditor1">
</div>
</div>
</modalFeedback>
</assessmentItem>
