<?xml version="1.0" encoding="UTF-8"?>
<assessmentItem xsi:schemaLocation="http://www.imsglobal.org/xsd/imsqti_v2p1 http://www.imsglobal.org/xsd/qti/qtiv2p1/imsqti_v2p1p1.xsd http://www.w3.org/1998/Math/MathML http://www.w3.org/Math/XMLSchema/mathml2/mathml2.xsd" identifier="eur-descriptive-201-nl-ans_335891645_section_1_item_1_schoice" title="Descriptive-statistics_eur-descriptive-201-nl_eur-descriptive-201-nl_schoice_1" adaptive="false" timeDependent="false" xmlns="http://www.imsglobal.org/xsd/imsqti_v2p1" xmlns:xsi="http://www.w3.org/2001/XMLSchema-instance">
<responseDeclaration identifier="eur-descriptive-201-nl-ans_335891645_section_1_item_1_schoice_RESPONSE_1_3826719" cardinality="single" baseType="identifier">
<correctResponse>
<value>eur-descriptive-201-nl-ans_335891645_section_1_item_1_schoice_2_3188199417</value>
</correctResponse>
<mapping defaultValue="0" lowerBound="0.0">
<mapEntry mapKey="eur-descriptive-201-nl-ans_335891645_section_1_item_1_schoice_1_7286798657" mappedValue="0"/>
<mapEntry mapKey="eur-descriptive-201-nl-ans_335891645_section_1_item_1_schoice_2_3188199417" mappedValue="1"/>
<mapEntry mapKey="eur-descriptive-201-nl-ans_335891645_section_1_item_1_schoice_3_9814886508" mappedValue="0"/>
<mapEntry mapKey="eur-descriptive-201-nl-ans_335891645_section_1_item_1_schoice_4_9886927399" mappedValue="0"/>
</mapping>
</responseDeclaration>
<outcomeDeclaration identifier="SCORE" cardinality="single" baseType="float" normalMaximum="1" normalMinimum="0">
<defaultValue>
<value>0.0</value>
</defaultValue>
</outcomeDeclaration>
<outcomeDeclaration identifier="MAXSCORE" cardinality="single" baseType="float">
<defaultValue>
<value>1</value>
</defaultValue>
</outcomeDeclaration>
<outcomeDeclaration identifier="FEEDBACKBASIC" cardinality="single" baseType="identifier" view="testConstructor">
<defaultValue>
<value>empty</value>
</defaultValue>
</outcomeDeclaration>
<outcomeDeclaration identifier="FEEDBACKMODAL" cardinality="multiple" baseType="identifier" view="testConstructor"/>
<outcomeDeclaration identifier="SOLUTIONMODAL" cardinality="single" baseType="identifier" view="testConstructor"/>
<outcomeDeclaration identifier="MINSCORE" cardinality="single" baseType="float">
<defaultValue>
<value baseType="float">0</value>
</defaultValue>
</outcomeDeclaration>
<outcomeDeclaration identifier="SCORE_RESPONSE_1" cardinality="single" baseType="float">
<defaultValue>
<value>0.0</value>
</defaultValue>
</outcomeDeclaration>
<outcomeDeclaration identifier="MINSCORE_RESPONSE_1" cardinality="single" baseType="float">
<defaultValue>
<value>0.0</value>
</defaultValue>
</outcomeDeclaration>
<itemBody>
<p>De blokcoordinator van blok 1.4 heeft een examen afgenomen bestaande uit 60 multiple choice vragen waarbij telkens 1 antwoord correct is en 3 antwoorden incorrect zijn. In de instructie staat aangegeven dat vragen die niet zijn beantwoord fout zullen worden gerekend. Het blijkt dat een aantal studenten in tijdnood zijn gekomen en daardoor niet verder dan vraag 40 zijn gekomen. De blokcoordinator wilt de totaal scores berekenen met behulp van SPSS. Welke functie raad je haar aan om te gebruiken?</p>
<choiceInteraction responseIdentifier="eur-descriptive-201-nl-ans_335891645_section_1_item_1_schoice_RESPONSE_1_3826719" shuffle="false" maxChoices="1">
<simpleChoice identifier="eur-descriptive-201-nl-ans_335891645_section_1_item_1_schoice_1_7286798657">
<p>
 rnd(60*mean.40(item1 to item60))
</p>
</simpleChoice>
<simpleChoice identifier="eur-descriptive-201-nl-ans_335891645_section_1_item_1_schoice_2_3188199417">
<p>
 sum(item1 to item60)
</p>
</simpleChoice>
<simpleChoice identifier="eur-descriptive-201-nl-ans_335891645_section_1_item_1_schoice_3_9814886508">
<p>
 rnd(60*mean.60(item1 to item60)
</p>
</simpleChoice>
<simpleChoice identifier="eur-descriptive-201-nl-ans_335891645_section_1_item_1_schoice_4_9886927399">
<p>
 rnd(40*mean.40(item1 to item60))
</p>
</simpleChoice>
</choiceInteraction>
</itemBody>
<responseProcessing>
<setOutcomeValue identifier="SCORE_RESPONSE_1">
<sum>
<variable identifier="SCORE_RESPONSE_1"/>
<mapResponse identifier="eur-descriptive-201-nl-ans_335891645_section_1_item_1_schoice_RESPONSE_1_3826719"/>
</sum>
</setOutcomeValue>
<responseCondition>
<responseIf>
<lt>
<variable identifier="SCORE_RESPONSE_1"/>
<variable identifier="MINSCORE_RESPONSE_1"/>
</lt>
<setOutcomeValue identifier="SCORE_RESPONSE_1">
<variable identifier="MINSCORE_RESPONSE_1"/>
</setOutcomeValue>
</responseIf>
</responseCondition>
<responseCondition>
<responseIf>
<isNull>
<variable identifier="eur-descriptive-201-nl-ans_335891645_section_1_item_1_schoice_RESPONSE_1_3826719"/>
</isNull>
<setOutcomeValue identifier="SCORE_RESPONSE_1">
<sum>
<variable identifier="SCORE_RESPONSE_1"/>
<baseValue baseType="float">0</baseValue>
</sum>
</setOutcomeValue>
</responseIf>
</responseCondition>
<setOutcomeValue identifier="SCORE">
<sum>
<variable identifier="SCORE_RESPONSE_1"/>
</sum>
</setOutcomeValue>
<responseCondition>
<responseIf>
<lt>
<variable identifier="SCORE"/>
<variable identifier="MINSCORE"/>
</lt>
<setOutcomeValue identifier="SCORE">
<variable identifier="MINSCORE"/>
</setOutcomeValue>
</responseIf>
</responseCondition>
<responseCondition>
<responseIf>
<lt>
<variable identifier="SCORE"/>
<baseValue baseType="float">1</baseValue>
</lt>
<setOutcomeValue identifier="FEEDBACKMODAL">
<multiple>
<variable identifier="FEEDBACKMODAL"/>
<baseValue baseType="identifier">Feedback886995794</baseValue>
</multiple>
</setOutcomeValue>
</responseIf>
</responseCondition>
</responseProcessing>
<modalFeedback outcomeIdentifier="FEEDBACK" showHide="show" identifier="incorrect">
<p>Sinds de ontbrekende antwoorden als onjuist worden beoordeeld, kunnen we gewoon de functie “som” gebruiken. Bij som wordt geen rekening gehouden met alle ontbrekende scores, dus de somscore is het aantal juiste antwoorden.</p>
<br />
<ul>
<li> rnd(60*mean.40(item1 to item60)) <br /> Fout </li>
<li> sum(item1 to item60) <br /> Goed </li>
<li> rnd(60*mean.60(item1 to item60) <br /> Fout </li>
<li> rnd(40*mean.40(item1 to item60)) <br /> Fout </li>
</ul>
</modalFeedback>
</assessmentItem>
