<?xml version="1.0" encoding="utf-8" standalone="yes"?>
<assessmentItem identifier="eur-factor-112-nl-tv_202307180605_item_1_num" title="eur-factor-112-nl-tv_202307180605_item_1_num_eur-factor-112-nl" adaptive="false" timeDependent="false" toolName="Testvision Online" toolVersion="39.0.9084" xmlns="http://www.imsglobal.org/xsd/imsqti_v2p1">
<responseDeclaration identifier="RESPONSE" cardinality="multiple" baseType="float">
<correctResponse>
<value>-0.023</value>
<value>-0.023;-0.023</value>
</correctResponse>
</responseDeclaration>
<outcomeDeclaration identifier="SCORE" cardinality="single" baseType="float" normalMaximum="1" normalMinimum="0" />
<outcomeDeclaration identifier="FEEDBACK" cardinality="single" baseType="identifier" />
<itemBody>
<p><em>Werk voor psychologen en pedagogen.</em></p>
<p>Een wetenschapper doet onderzoek naar factoren die kunnen verklaren waarom de carriëremogelijkheden voor psychologen en pedagogen soms gering zijn. Vanuit theoretische inzichten over carriëremogelijkheden heeft de onderzoeker het idee dat er verschillende dimensies onderscheiden kunnen worden die iets te maken hebben met de carriëremogelijkheden. Ze heeft 34 stellingen bedacht waarop respondenten op een 4-puntsschaal (1. helemaal mee eens; 2. een beetje mee eens; 3. niet zo erg mee eens; 4. helemaal niet mee eens) aan kunnen geven of ze het eens zijn met een stelling. Een voorbeeld van een stelling is: “Ik heb tijdens mijn opleiding een relevante stage gelopen”. De vragenlijst is afgenomen bij 312 afgestudeerden. De responsen van de deelnemers op de 34 stellingen staan weergegeven in het databestand.</p>
<p>Open het databestand.</p>
<p>Voer een factor analyse uit met principal axis factoring, waarbij 2 factoren worden geëxtraheerd en een promax rotatie wordt uitgevoerd. Hoe hoog is de correlatie tussen factor 1 en 2? (3 decimalen)</p>
<p><strong>Download</strong>: <a href="mediafiles/supplements1/eur-factor-112-nl-data.sav">SPSS file</a>, <a href="mediafiles/supplements1/eur-factor-112-nl-data.csv">CSV file</a></p>
<extendedTextInteraction responseIdentifier="RESPONSE"/>
</itemBody>
<responseProcessing>
<responseCondition>
<responseIf>
<isNull>
<variable identifier="RESPONSE"/>
</isNull>
<setOutcomeValue identifier="SCORE">
<baseValue baseType="float">0.0</baseValue>
</setOutcomeValue>
<setOutcomeValue identifier="FEEDBACK">
<baseValue baseType="identifier">FAILURE</baseValue>
</setOutcomeValue>
</responseIf>
<responseElse>
<responseCondition>
<responseIf>
<match>
<variable identifier="RESPONSE"/>
<correct identifier="RESPONSE"/>
</match>
<setOutcomeValue identifier="SCORE">
<baseValue baseType="float">1</baseValue>
</setOutcomeValue>
</responseIf>
<responseElse>
<setOutcomeValue identifier="SCORE">
<baseValue baseType="float">0</baseValue>
</setOutcomeValue>
</responseElse>
</responseCondition>
<responseCondition>
<responseIf>
<equal toleranceMode="relative" tolerance="0.001">
<variable identifier="SCORE"/>
<variable identifier="MAXSCORE"/>
</equal>
<setOutcomeValue identifier="FEEDBACK">
<baseValue baseType="identifier">ANSWER_CORRECT</baseValue>
</setOutcomeValue>
</responseIf>
<responseElse>
<setOutcomeValue identifier="FEEDBACK">
<baseValue baseType="identifier">FAILURE</baseValue>
</setOutcomeValue>
</responseElse>
</responseCondition>
</responseElse>
</responseCondition>
</responseProcessing>
<modalFeedback identifier="FAILURE" outcomeIdentifier="FEEDBACK" showHide="show">
<div class="textblock tvblock tvcss_1"><div class="rte_zone tveditor1">
<p>De correlatie tussen factor 1 en 2 na promax rotatie in een oplossing met 2 factoren is -0.023.</p>
</div>
</div>
</modalFeedback>
<modalFeedback identifier="ANSWER_CORRECT" outcomeIdentifier="FEEDBACK" showHide="show">
<div class="textblock tvblock tvcss_1"><div class="rte_zone tveditor1">
<p>De correlatie tussen factor 1 en 2 na promax rotatie in een oplossing met 2 factoren is -0.023.</p>
</div>
</div>
</modalFeedback>
<modalFeedback identifier="PARTIAL_CORRECT" outcomeIdentifier="FEEDBACK" showHide="show">
<div class="textblock tvblock tvcss_1"><div class="rte_zone tveditor1">
<p>De correlatie tussen factor 1 en 2 na promax rotatie in een oplossing met 2 factoren is -0.023.</p>
</div>
</div>
</modalFeedback>
</assessmentItem>
