<?xml version="1.0" encoding="UTF-8"?>
<assessmentItem xsi:schemaLocation="http://www.imsglobal.org/xsd/imsqti_v2p1 http://www.imsglobal.org/xsd/qti/qtiv2p1/imsqti_v2p1p1.xsd http://www.w3.org/1998/Math/MathML http://www.w3.org/Math/XMLSchema/mathml2/mathml2.xsd" identifier="uva-normal-451-nl-qti_130715234_section_1_item_1_schoice" title="1" adaptive="false" timeDependent="false" xmlns="http://www.imsglobal.org/xsd/imsqti_v2p1" xmlns:xsi="http://www.w3.org/2001/XMLSchema-instance">
<responseDeclaration identifier="uva-normal-451-nl-qti_130715234_section_1_item_1_schoice_RESPONSE_1_8582468" cardinality="single" baseType="identifier">
<correctResponse>
<value>uva-normal-451-nl-qti_130715234_section_1_item_1_schoice_2_6397407458</value>
</correctResponse>
<mapping defaultValue="0" lowerBound="0.0">
<mapEntry mapKey="uva-normal-451-nl-qti_130715234_section_1_item_1_schoice_1_2064231668" mappedValue="0"/>
<mapEntry mapKey="uva-normal-451-nl-qti_130715234_section_1_item_1_schoice_2_6397407458" mappedValue="1"/>
<mapEntry mapKey="uva-normal-451-nl-qti_130715234_section_1_item_1_schoice_3_9507175131" mappedValue="0"/>
<mapEntry mapKey="uva-normal-451-nl-qti_130715234_section_1_item_1_schoice_4_8074161964" mappedValue="0"/>
</mapping>
</responseDeclaration>
<outcomeDeclaration identifier="SCORE" cardinality="single" baseType="float" normalMaximum="1" normalMinimum="0">
<defaultValue>
<value>0.0</value>
</defaultValue>
</outcomeDeclaration>
<outcomeDeclaration identifier="MAXSCORE" cardinality="single" baseType="float">
<defaultValue>
<value>1</value>
</defaultValue>
</outcomeDeclaration>
<outcomeDeclaration identifier="FEEDBACKBASIC" cardinality="single" baseType="identifier" view="testConstructor">
<defaultValue>
<value>empty</value>
</defaultValue>
</outcomeDeclaration>
<outcomeDeclaration identifier="FEEDBACKMODAL" cardinality="multiple" baseType="identifier" view="testConstructor"/>
<outcomeDeclaration identifier="SOLUTIONMODAL" cardinality="single" baseType="identifier" view="testConstructor"/>
<outcomeDeclaration identifier="MINSCORE" cardinality="single" baseType="float">
<defaultValue>
<value baseType="float">0</value>
</defaultValue>
</outcomeDeclaration>
<outcomeDeclaration identifier="SCORE_RESPONSE_1" cardinality="single" baseType="float">
<defaultValue>
<value>0.0</value>
</defaultValue>
</outcomeDeclaration>
<outcomeDeclaration identifier="MINSCORE_RESPONSE_1" cardinality="single" baseType="float">
<defaultValue>
<value>0.0</value>
</defaultValue>
</outcomeDeclaration>
<itemBody>
<p>Gegeven dat Y ~ N ( 10, 5<sup>²</sup>). De kans is 33% dat Y een waarde aanneemt
kleiner dan a; a is dan gelijk aan</p>
<choiceInteraction responseIdentifier="uva-normal-451-nl-qti_130715234_section_1_item_1_schoice_RESPONSE_1_8582468" shuffle="false" maxChoices="1">
<simpleChoice identifier="uva-normal-451-nl-qti_130715234_section_1_item_1_schoice_1_2064231668">
<p>
 -1
</p>
</simpleChoice>
<simpleChoice identifier="uva-normal-451-nl-qti_130715234_section_1_item_1_schoice_2_6397407458">
<p>
 7.8
</p>
</simpleChoice>
<simpleChoice identifier="uva-normal-451-nl-qti_130715234_section_1_item_1_schoice_3_9507175131">
<p>
 11.65
</p>
</simpleChoice>
<simpleChoice identifier="uva-normal-451-nl-qti_130715234_section_1_item_1_schoice_4_8074161964">
<p>
 12.2
</p>
</simpleChoice>
</choiceInteraction>
</itemBody>
<responseProcessing>
<setOutcomeValue identifier="SCORE_RESPONSE_1">
<sum>
<variable identifier="SCORE_RESPONSE_1"/>
<mapResponse identifier="uva-normal-451-nl-qti_130715234_section_1_item_1_schoice_RESPONSE_1_8582468"/>
</sum>
</setOutcomeValue>
<responseCondition>
<responseIf>
<lt>
<variable identifier="SCORE_RESPONSE_1"/>
<variable identifier="MINSCORE_RESPONSE_1"/>
</lt>
<setOutcomeValue identifier="SCORE_RESPONSE_1">
<variable identifier="MINSCORE_RESPONSE_1"/>
</setOutcomeValue>
</responseIf>
</responseCondition>
<responseCondition>
<responseIf>
<isNull>
<variable identifier="uva-normal-451-nl-qti_130715234_section_1_item_1_schoice_RESPONSE_1_8582468"/>
</isNull>
<setOutcomeValue identifier="SCORE_RESPONSE_1">
<sum>
<variable identifier="SCORE_RESPONSE_1"/>
<baseValue baseType="float">0</baseValue>
</sum>
</setOutcomeValue>
</responseIf>
</responseCondition>
<setOutcomeValue identifier="SCORE">
<sum>
<variable identifier="SCORE_RESPONSE_1"/>
</sum>
</setOutcomeValue>
<responseCondition>
<responseIf>
<lt>
<variable identifier="SCORE"/>
<variable identifier="MINSCORE"/>
</lt>
<setOutcomeValue identifier="SCORE">
<variable identifier="MINSCORE"/>
</setOutcomeValue>
</responseIf>
</responseCondition>
<responseCondition>
<responseIf>
<lt>
<variable identifier="SCORE"/>
<baseValue baseType="float">1</baseValue>
</lt>
<setOutcomeValue identifier="FEEDBACKMODAL">
<multiple>
<variable identifier="FEEDBACKMODAL"/>
<baseValue baseType="identifier">Feedback170468303</baseValue>
</multiple>
</setOutcomeValue>
</responseIf>
</responseCondition>
</responseProcessing>
<modalFeedback identifier="Feedback170468303" outcomeIdentifier="FEEDBACKMODAL" showHide="show">
<ul>
<li> -1 <br /> -1: Incorrect </li>
<li> 7.8 <br /> 7.8: Correct </li>
<li> 11.65 <br /> 11.65: Incorrect </li>
<li> 12.2 <br /> 12.2: Incorrect </li>
</ul>
</modalFeedback>
</assessmentItem>
