<?xml version="1.0" encoding="utf-8" standalone="yes"?>
<assessmentItem identifier="uva-normal-327-nl-tv_202403081019_item_1_schoice" title="uva-normal-327-nl-tv_202403081019_item_1_schoice_uva-normal-327-nl" adaptive="false" timeDependent="false" toolName="Testvision Online" toolVersion="39.0.9084" xmlns="http://www.imsglobal.org/xsd/imsqti_v2p1">
<responseDeclaration identifier="RESPONSE" cardinality="single" baseType="identifier">
<correctResponse>
<value>alt_483573</value>
</correctResponse>
<mapping defaultValue="0" lowerBound="0.0">
<mapEntry mapKey="alt_483573" mappedValue="1"/>
<mapEntry mapKey="alt_155997" mappedValue="-0.333333333333333"/>
<mapEntry mapKey="alt_162954" mappedValue="-0.333333333333333"/>
<mapEntry mapKey="alt_946419" mappedValue="-0.333333333333333"/>
</mapping>
</responseDeclaration>
<outcomeDeclaration identifier="SCORE" cardinality="single" baseType="float" normalMaximum="1" normalMinimum="0" />
<outcomeDeclaration identifier="FEEDBACK" cardinality="single" baseType="identifier" />
<itemBody>
<p>Een variabele X volgt een normale verdeling, X ~ N (16, 2<sup>2</sup>). Dan
geldt P(X &lt; 14) is gelijk aan:</p>
<choiceInteraction responseIdentifier="RESPONSE" shuffle="false" maxChoices="1">
<simpleChoice identifier="alt_483573">
<div class="textblock tvblock tvcss_1"><div class="rte_zone tveditor1">
 0.1587
</div>
</div>
</simpleChoice>
<simpleChoice identifier="alt_155997">
<div class="textblock tvblock tvcss_1"><div class="rte_zone tveditor1">
 0.3085
</div>
</div>
</simpleChoice>
<simpleChoice identifier="alt_162954">
<div class="textblock tvblock tvcss_1"><div class="rte_zone tveditor1">
 0.3413
</div>
</div>
</simpleChoice>
<simpleChoice identifier="alt_946419">
<div class="textblock tvblock tvcss_1"><div class="rte_zone tveditor1">
 0.8413
</div>
</div>
</simpleChoice>
</choiceInteraction>
</itemBody>
<responseProcessing>
<responseCondition>
<responseIf>
<isNull>
<variable identifier="RESPONSE"/>
</isNull>
<setOutcomeValue identifier="SCORE">
<baseValue baseType="float">0.0</baseValue>
</setOutcomeValue>
<setOutcomeValue identifier="FEEDBACK">
<baseValue baseType="identifier">FAILURE</baseValue>
</setOutcomeValue>
</responseIf>
<responseElse>
<setOutcomeValue identifier="SCORE">
<mapResponse identifier="RESPONSE"/>
</setOutcomeValue>
<responseCondition>
<responseIf>
<equal toleranceMode="relative" tolerance="0.001">
<variable identifier="SCORE"/>
<variable identifier="MAXSCORE"/>
</equal>
<setOutcomeValue identifier="FEEDBACK">
<baseValue baseType="identifier">ANSWER_CORRECT</baseValue>
</setOutcomeValue>
</responseIf>
<responseElse>
<setOutcomeValue identifier="FEEDBACK">
<baseValue baseType="identifier">FAILURE</baseValue>
</setOutcomeValue>
</responseElse>
</responseCondition>
</responseElse>
</responseCondition>
</responseProcessing>
<modalFeedback identifier="FAILURE" outcomeIdentifier="FEEDBACK" showHide="show">
<div class="textblock tvblock tvcss_1"><div class="rte_zone tveditor1">
<p>Het correcte antwoord is:</p>
<ul>
<li>0.1587</li>
</ul>
</div>
</div>
</modalFeedback>
<modalFeedback identifier="ANSWER_CORRECT" outcomeIdentifier="FEEDBACK" showHide="show">
<div class="textblock tvblock tvcss_1"><div class="rte_zone tveditor1">
<p>Het correcte antwoord is:</p>
<ul>
<li>0.1587</li>
</ul>
</div>
</div>
</modalFeedback>
<modalFeedback identifier="PARTIAL_CORRECT" outcomeIdentifier="FEEDBACK" showHide="show">
<div class="textblock tvblock tvcss_1"><div class="rte_zone tveditor1">
<p>Het correcte antwoord is:</p>
<ul>
<li>0.1587</li>
</ul>
</div>
</div>
</modalFeedback>
</assessmentItem>
