<?xml version="1.0" encoding="utf-8" standalone="yes"?>
<assessmentItem identifier="eur-inferential_statistics-125-nl_202209051536_item_1_num" title="eur-inferential_statistics-125-nl_202209051536_item_1_num_eur-inferential_statistics-125-nl" adaptive="false" timeDependent="false" toolName="Testvision Online" toolVersion="39.0.9084" xmlns="http://www.imsglobal.org/xsd/imsqti_v2p1">
<responseDeclaration identifier="RESPONSE" cardinality="multiple" baseType="float">
<correctResponse>
<value>274</value>
<value>274;274</value>
</correctResponse>
</responseDeclaration>
<outcomeDeclaration identifier="SCORE" cardinality="single" baseType="float" normalMaximum="1" normalMinimum="0" />
<outcomeDeclaration identifier="FEEDBACK" cardinality="single" baseType="identifier" />
<itemBody>
<p>Een onderzoeker is geïnteresseerd in de gevolgen van de financiële crisis voor 16- en 17 jarigen en wil graag hun uitgaven aan vrije tijd in november 2012 [expenses_nov] voorspellen aan de hand van een aantal predictoren. Ze heeft de volgende gegevens verzameld bij 202 jongeren: 1) De uitgaven in de maand november 2012 [expenses_nov]; 2) de uitgaven in de maand juli 2012 [expenses_jul]; 3) de inkomsten uit een bijbaan in november 2012 [salary_nov]; 4) het aantal uren dat de jongeren gemiddeld aan hun studie besteedden in de maand december 2012 [studytime]; en 5) het opleidingsniveau [education] (1 = vmbo, 2 = havo, 3 = vwo).</p>
<p>Open het databestand. Voorspel de uitgaven in november 2012 [expenses_nov] uit de uitgaven in de maand juli 2012 [expenses_jul], de inkomsten uit een bijbaan in december 2012 [salary_nov] en studietijd [studytime].</p>
<p>Wat is in dit model de voorspelde uitgave in november 2012 voor de jongere met proefpersoonnummer [pp] 63? (geen decimalen)</p>
<p><strong>Download</strong>: <a href="mediafiles/supplements1/eur-inferential_statistics-125-nl-data.sav">SPSS file</a>, <a href="mediafiles/supplements1/eur-inferential_statistics-125-nl-data.csv">CSV file</a></p>
<extendedTextInteraction responseIdentifier="RESPONSE"/>
</itemBody>
<responseProcessing>
<responseCondition>
<responseIf>
<isNull>
<variable identifier="RESPONSE"/>
</isNull>
<setOutcomeValue identifier="SCORE">
<baseValue baseType="float">0.0</baseValue>
</setOutcomeValue>
<setOutcomeValue identifier="FEEDBACK">
<baseValue baseType="identifier">FAILURE</baseValue>
</setOutcomeValue>
</responseIf>
<responseElse>
<responseCondition>
<responseIf>
<match>
<variable identifier="RESPONSE"/>
<correct identifier="RESPONSE"/>
</match>
<setOutcomeValue identifier="SCORE">
<baseValue baseType="float">1</baseValue>
</setOutcomeValue>
</responseIf>
<responseElse>
<setOutcomeValue identifier="SCORE">
<baseValue baseType="float">0</baseValue>
</setOutcomeValue>
</responseElse>
</responseCondition>
<responseCondition>
<responseIf>
<equal toleranceMode="relative" tolerance="0.001">
<variable identifier="SCORE"/>
<variable identifier="MAXSCORE"/>
</equal>
<setOutcomeValue identifier="FEEDBACK">
<baseValue baseType="identifier">ANSWER_CORRECT</baseValue>
</setOutcomeValue>
</responseIf>
<responseElse>
<setOutcomeValue identifier="FEEDBACK">
<baseValue baseType="identifier">FAILURE</baseValue>
</setOutcomeValue>
</responseElse>
</responseCondition>
</responseElse>
</responseCondition>
</responseProcessing>
<modalFeedback identifier="FAILURE" outcomeIdentifier="FEEDBACK" showHide="show">
<div class="textblock tvblock tvcss_1"><div class="rte_zone tveditor1">
<p>De voorspelde uitgave in november 2012 voor de jongere met proefpersoonnummer 63 is 274.</p>
</div>
</div>
</modalFeedback>
<modalFeedback identifier="ANSWER_CORRECT" outcomeIdentifier="FEEDBACK" showHide="show">
<div class="textblock tvblock tvcss_1"><div class="rte_zone tveditor1">
<p>De voorspelde uitgave in november 2012 voor de jongere met proefpersoonnummer 63 is 274.</p>
</div>
</div>
</modalFeedback>
<modalFeedback identifier="PARTIAL_CORRECT" outcomeIdentifier="FEEDBACK" showHide="show">
<div class="textblock tvblock tvcss_1"><div class="rte_zone tveditor1">
<p>De voorspelde uitgave in november 2012 voor de jongere met proefpersoonnummer 63 is 274.</p>
</div>
</div>
</modalFeedback>
</assessmentItem>
