<?xml version="1.0" encoding="utf-8" standalone="yes"?>
<assessmentItem identifier="uu-Twoway-ANOVA-804-nl-tv_202307180610_item_1_schoice" title="uu-Twoway-ANOVA-804-nl-tv_202307180610_item_1_schoice_uu-Twoway-ANOVA-804-nl.Rmd" adaptive="false" timeDependent="false" toolName="Testvision Online" toolVersion="39.0.9084" xmlns="http://www.imsglobal.org/xsd/imsqti_v2p1">
<responseDeclaration identifier="RESPONSE" cardinality="single" baseType="identifier">
<correctResponse>
<value>alt_829748</value>
</correctResponse>
<mapping defaultValue="0" lowerBound="0.0">
<mapEntry mapKey="alt_229665" mappedValue="-0.333333333333333"/>
<mapEntry mapKey="alt_272595" mappedValue="-0.333333333333333"/>
<mapEntry mapKey="alt_358604" mappedValue="-0.333333333333333"/>
<mapEntry mapKey="alt_829748" mappedValue="1"/>
</mapping>
</responseDeclaration>
<outcomeDeclaration identifier="SCORE" cardinality="single" baseType="float" normalMaximum="1" normalMinimum="0" />
<outcomeDeclaration identifier="FEEDBACK" cardinality="single" baseType="identifier" />
<itemBody>
<p>Bij een 2x2 factorial design (geslacht = A en inkomen = B) komen de volgende resultaten voor: A1B1 = 20, A1B2 = 30, A2B1 = 30, A2B2 = 40</p>
<p>Welke van de volgende antwoorden is waar?</p>
<choiceInteraction responseIdentifier="RESPONSE" shuffle="false" maxChoices="1">
<simpleChoice identifier="alt_229665">
<div class="textblock tvblock tvcss_1"><div class="rte_zone tveditor1">
 er is één hoofdeffect en een interactie.
</div>
</div>
</simpleChoice>
<simpleChoice identifier="alt_272595">
<div class="textblock tvblock tvcss_1"><div class="rte_zone tveditor1">
 er is een interactie, maar geen hoofdeffect.
</div>
</div>
</simpleChoice>
<simpleChoice identifier="alt_358604">
<div class="textblock tvblock tvcss_1"><div class="rte_zone tveditor1">
 er zijn twee hoofdeffecten en een interactie.
</div>
</div>
</simpleChoice>
<simpleChoice identifier="alt_829748">
<div class="textblock tvblock tvcss_1"><div class="rte_zone tveditor1">
 er zijn twee hoofdeffecten, maar geen interactie.
</div>
</div>
</simpleChoice>
</choiceInteraction>
</itemBody>
<responseProcessing>
<responseCondition>
<responseIf>
<isNull>
<variable identifier="RESPONSE"/>
</isNull>
<setOutcomeValue identifier="SCORE">
<baseValue baseType="float">0.0</baseValue>
</setOutcomeValue>
<setOutcomeValue identifier="FEEDBACK">
<baseValue baseType="identifier">FAILURE</baseValue>
</setOutcomeValue>
</responseIf>
<responseElse>
<setOutcomeValue identifier="SCORE">
<mapResponse identifier="RESPONSE"/>
</setOutcomeValue>
<responseCondition>
<responseIf>
<equal toleranceMode="relative" tolerance="0.001">
<variable identifier="SCORE"/>
<variable identifier="MAXSCORE"/>
</equal>
<setOutcomeValue identifier="FEEDBACK">
<baseValue baseType="identifier">ANSWER_CORRECT</baseValue>
</setOutcomeValue>
</responseIf>
<responseElse>
<setOutcomeValue identifier="FEEDBACK">
<baseValue baseType="identifier">FAILURE</baseValue>
</setOutcomeValue>
</responseElse>
</responseCondition>
</responseElse>
</responseCondition>
</responseProcessing>
<modalFeedback identifier="FAILURE" outcomeIdentifier="FEEDBACK" showHide="show">
<div class="textblock tvblock tvcss_1"><div class="rte_zone tveditor1">
 er is één hoofdeffect en een interactie. <br /> Dit antwoord is incorrect. 
 er is een interactie, maar geen hoofdeffect. <br /> Dit antwoord is incorrect. 
 er zijn twee hoofdeffecten en een interactie. <br /> Dit antwoord is incorrect. 
 er zijn twee hoofdeffecten, maar geen interactie. <br /> Dit antwoord is correct. 
</div>
</div>
</modalFeedback>
<modalFeedback identifier="ANSWER_CORRECT" outcomeIdentifier="FEEDBACK" showHide="show">
<div class="textblock tvblock tvcss_1"><div class="rte_zone tveditor1">
 er is één hoofdeffect en een interactie. <br /> Dit antwoord is incorrect. 
 er is een interactie, maar geen hoofdeffect. <br /> Dit antwoord is incorrect. 
 er zijn twee hoofdeffecten en een interactie. <br /> Dit antwoord is incorrect. 
 er zijn twee hoofdeffecten, maar geen interactie. <br /> Dit antwoord is correct. 
</div>
</div>
</modalFeedback>
<modalFeedback identifier="PARTIAL_CORRECT" outcomeIdentifier="FEEDBACK" showHide="show">
<div class="textblock tvblock tvcss_1"><div class="rte_zone tveditor1">
 er is één hoofdeffect en een interactie. <br /> Dit antwoord is incorrect. 
 er is een interactie, maar geen hoofdeffect. <br /> Dit antwoord is incorrect. 
 er zijn twee hoofdeffecten en een interactie. <br /> Dit antwoord is incorrect. 
 er zijn twee hoofdeffecten, maar geen interactie. <br /> Dit antwoord is correct. 
</div>
</div>
</modalFeedback>
</assessmentItem>
