<?xml version="1.0" encoding="UTF-8"?>
<assessmentItem xsi:schemaLocation="http://www.imsglobal.org/xsd/imsqti_v2p1 http://www.imsglobal.org/xsd/qti/qtiv2p1/imsqti_v2p1p1.xsd http://www.w3.org/1998/Math/MathML http://www.w3.org/Math/XMLSchema/mathml2/mathml2.xsd" identifier="uva-simple-linear-regression-891-nl-qti_586083396_section_1_item_1_schoice" title="1" adaptive="false" timeDependent="false" xmlns="http://www.imsglobal.org/xsd/imsqti_v2p1" xmlns:xsi="http://www.w3.org/2001/XMLSchema-instance">
<responseDeclaration identifier="uva-simple-linear-regression-891-nl-qti_586083396_section_1_item_1_schoice_RESPONSE_1_2997337" cardinality="single" baseType="identifier">
<correctResponse>
<value>uva-simple-linear-regression-891-nl-qti_586083396_section_1_item_1_schoice_3_2902663436</value>
</correctResponse>
<mapping defaultValue="0" lowerBound="0.0">
<mapEntry mapKey="uva-simple-linear-regression-891-nl-qti_586083396_section_1_item_1_schoice_1_8160132898" mappedValue="0"/>
<mapEntry mapKey="uva-simple-linear-regression-891-nl-qti_586083396_section_1_item_1_schoice_2_9869588704" mappedValue="0"/>
<mapEntry mapKey="uva-simple-linear-regression-891-nl-qti_586083396_section_1_item_1_schoice_3_2902663436" mappedValue="1"/>
</mapping>
</responseDeclaration>
<outcomeDeclaration identifier="SCORE" cardinality="single" baseType="float" normalMaximum="1" normalMinimum="0">
<defaultValue>
<value>0.0</value>
</defaultValue>
</outcomeDeclaration>
<outcomeDeclaration identifier="MAXSCORE" cardinality="single" baseType="float">
<defaultValue>
<value>1</value>
</defaultValue>
</outcomeDeclaration>
<outcomeDeclaration identifier="FEEDBACKBASIC" cardinality="single" baseType="identifier" view="testConstructor">
<defaultValue>
<value>empty</value>
</defaultValue>
</outcomeDeclaration>
<outcomeDeclaration identifier="FEEDBACKMODAL" cardinality="multiple" baseType="identifier" view="testConstructor"/>
<outcomeDeclaration identifier="SOLUTIONMODAL" cardinality="single" baseType="identifier" view="testConstructor"/>
<outcomeDeclaration identifier="MINSCORE" cardinality="single" baseType="float">
<defaultValue>
<value baseType="float">0</value>
</defaultValue>
</outcomeDeclaration>
<outcomeDeclaration identifier="SCORE_RESPONSE_1" cardinality="single" baseType="float">
<defaultValue>
<value>0.0</value>
</defaultValue>
</outcomeDeclaration>
<outcomeDeclaration identifier="MINSCORE_RESPONSE_1" cardinality="single" baseType="float">
<defaultValue>
<value>0.0</value>
</defaultValue>
</outcomeDeclaration>
<itemBody>
<p>Bij een toets op een coëfficiënt uit een multipele regressie met drie <em>explanatory variables</em>, wordt de nulhypothese getoetst die stelt dat de
coëfficiënt 0 is tegen het alternatief dat de coëfficiënt ongelijk aan 0
is. De coëfficiënt is <em>b</em><sub>1</sub> = 2.3 met <em>se</em> = 0.8 en er zijn 13
vrijheidsgraden. Dan kan de nulhypothese</p>
<choiceInteraction responseIdentifier="uva-simple-linear-regression-891-nl-qti_586083396_section_1_item_1_schoice_RESPONSE_1_2997337" shuffle="false" maxChoices="1">
<simpleChoice identifier="uva-simple-linear-regression-891-nl-qti_586083396_section_1_item_1_schoice_1_8160132898">
<p>
 worden verworpen bij 0.02 maar niet bij 0.10.
</p>
</simpleChoice>
<simpleChoice identifier="uva-simple-linear-regression-891-nl-qti_586083396_section_1_item_1_schoice_2_9869588704">
<p>
 worden verworpen bij 0.05 maar niet bij 0.02.
</p>
</simpleChoice>
<simpleChoice identifier="uva-simple-linear-regression-891-nl-qti_586083396_section_1_item_1_schoice_3_2902663436">
<p>
 worden verworpen bij 0.02 maar niet bij 0.01.
</p>
</simpleChoice>
</choiceInteraction>
</itemBody>
<responseProcessing>
<setOutcomeValue identifier="SCORE_RESPONSE_1">
<sum>
<variable identifier="SCORE_RESPONSE_1"/>
<mapResponse identifier="uva-simple-linear-regression-891-nl-qti_586083396_section_1_item_1_schoice_RESPONSE_1_2997337"/>
</sum>
</setOutcomeValue>
<responseCondition>
<responseIf>
<lt>
<variable identifier="SCORE_RESPONSE_1"/>
<variable identifier="MINSCORE_RESPONSE_1"/>
</lt>
<setOutcomeValue identifier="SCORE_RESPONSE_1">
<variable identifier="MINSCORE_RESPONSE_1"/>
</setOutcomeValue>
</responseIf>
</responseCondition>
<responseCondition>
<responseIf>
<isNull>
<variable identifier="uva-simple-linear-regression-891-nl-qti_586083396_section_1_item_1_schoice_RESPONSE_1_2997337"/>
</isNull>
<setOutcomeValue identifier="SCORE_RESPONSE_1">
<sum>
<variable identifier="SCORE_RESPONSE_1"/>
<baseValue baseType="float">0</baseValue>
</sum>
</setOutcomeValue>
</responseIf>
</responseCondition>
<setOutcomeValue identifier="SCORE">
<sum>
<variable identifier="SCORE_RESPONSE_1"/>
</sum>
</setOutcomeValue>
<responseCondition>
<responseIf>
<lt>
<variable identifier="SCORE"/>
<variable identifier="MINSCORE"/>
</lt>
<setOutcomeValue identifier="SCORE">
<variable identifier="MINSCORE"/>
</setOutcomeValue>
</responseIf>
</responseCondition>
<responseCondition>
<responseIf>
<lt>
<variable identifier="SCORE"/>
<baseValue baseType="float">1</baseValue>
</lt>
<setOutcomeValue identifier="FEEDBACKMODAL">
<multiple>
<variable identifier="FEEDBACKMODAL"/>
<baseValue baseType="identifier">Feedback357448993</baseValue>
</multiple>
</setOutcomeValue>
</responseIf>
</responseCondition>
</responseProcessing>
<modalFeedback identifier="Feedback357448993" outcomeIdentifier="FEEDBACKMODAL" showHide="show">
<p>Het correcte antwoord is:</p>
<ul>
<li>worden verworpen bij 0.02 maar niet bij 0.01.</li>
</ul>
</modalFeedback>
</assessmentItem>
