<?xml version="1.0" encoding="UTF-8"?>
<assessmentItem xsi:schemaLocation="http://www.imsglobal.org/xsd/imsqti_v2p1 http://www.imsglobal.org/xsd/qti/qtiv2p1/imsqti_v2p1p1.xsd http://www.w3.org/1998/Math/MathML http://www.w3.org/Math/XMLSchema/mathml2/mathml2.xsd" identifier="vufsw-graphs-0097-nl-ans_306682761_section_1_item_1_schoice" title="Descriptive-statistics_vufsw-graphs-0097-nl_vufsw-graphs-0097-nl_schoice_1" adaptive="false" timeDependent="false" xmlns="http://www.imsglobal.org/xsd/imsqti_v2p1" xmlns:xsi="http://www.w3.org/2001/XMLSchema-instance">
<responseDeclaration identifier="vufsw-graphs-0097-nl-ans_306682761_section_1_item_1_schoice_RESPONSE_1_4156500" cardinality="single" baseType="identifier">
<correctResponse>
<value>vufsw-graphs-0097-nl-ans_306682761_section_1_item_1_schoice_4_7825122871</value>
</correctResponse>
<mapping defaultValue="0" lowerBound="0.0">
<mapEntry mapKey="vufsw-graphs-0097-nl-ans_306682761_section_1_item_1_schoice_1_3051195176" mappedValue="0"/>
<mapEntry mapKey="vufsw-graphs-0097-nl-ans_306682761_section_1_item_1_schoice_2_9910494559" mappedValue="0"/>
<mapEntry mapKey="vufsw-graphs-0097-nl-ans_306682761_section_1_item_1_schoice_3_3208386659" mappedValue="0"/>
<mapEntry mapKey="vufsw-graphs-0097-nl-ans_306682761_section_1_item_1_schoice_4_7825122871" mappedValue="1"/>
<mapEntry mapKey="vufsw-graphs-0097-nl-ans_306682761_section_1_item_1_schoice_5_4190807698" mappedValue="0"/>
<mapEntry mapKey="vufsw-graphs-0097-nl-ans_306682761_section_1_item_1_schoice_6_7996341745" mappedValue="0"/>
</mapping>
</responseDeclaration>
<outcomeDeclaration identifier="SCORE" cardinality="single" baseType="float" normalMaximum="1" normalMinimum="0">
<defaultValue>
<value>0.0</value>
</defaultValue>
</outcomeDeclaration>
<outcomeDeclaration identifier="MAXSCORE" cardinality="single" baseType="float">
<defaultValue>
<value>1</value>
</defaultValue>
</outcomeDeclaration>
<outcomeDeclaration identifier="FEEDBACKBASIC" cardinality="single" baseType="identifier" view="testConstructor">
<defaultValue>
<value>empty</value>
</defaultValue>
</outcomeDeclaration>
<outcomeDeclaration identifier="FEEDBACKMODAL" cardinality="multiple" baseType="identifier" view="testConstructor"/>
<outcomeDeclaration identifier="SOLUTIONMODAL" cardinality="single" baseType="identifier" view="testConstructor"/>
<outcomeDeclaration identifier="MINSCORE" cardinality="single" baseType="float">
<defaultValue>
<value baseType="float">0</value>
</defaultValue>
</outcomeDeclaration>
<outcomeDeclaration identifier="SCORE_RESPONSE_1" cardinality="single" baseType="float">
<defaultValue>
<value>0.0</value>
</defaultValue>
</outcomeDeclaration>
<outcomeDeclaration identifier="MINSCORE_RESPONSE_1" cardinality="single" baseType="float">
<defaultValue>
<value>0.0</value>
</defaultValue>
</outcomeDeclaration>
<itemBody>
<p>Een student aan de VU heeft onderzoek gedaan naar het gebruik van
sociale media onder FSW studenten. Voor haar thesis verzamelde zij
gegevens over het gebruik van Instagram van 297 studenten. In de
onderstaande tabel wordt de studierichting van de studenten uitgezet
naar de vraag of ze een Instagram account hebben.<br />
De student wil het het verband tussen studierichting en het gebruik van
Instagram beschrijven met behulp van een figuur. Welk soort figuur is
het meest geschikt hiervoor en waarom? </p>
<p><img src="media/supplements1/1641901027144.png" /></p>
<choiceInteraction responseIdentifier="vufsw-graphs-0097-nl-ans_306682761_section_1_item_1_schoice_RESPONSE_1_4156500" shuffle="false" maxChoices="1">
<simpleChoice identifier="vufsw-graphs-0097-nl-ans_306682761_section_1_item_1_schoice_1_3051195176">
<p>
 Een staafdiagram (<em>bar chart</em>), omdat studierichting een continue kwantitatieve variabele is.
</p>
</simpleChoice>
<simpleChoice identifier="vufsw-graphs-0097-nl-ans_306682761_section_1_item_1_schoice_2_9910494559">
<p>
 Een histogram, omdat studierichting een categorische variabele is.
</p>
</simpleChoice>
<simpleChoice identifier="vufsw-graphs-0097-nl-ans_306682761_section_1_item_1_schoice_3_3208386659">
<p>
 Een histogram, omdat studierichting een discrete kwantitatieve variabele is.
</p>
</simpleChoice>
<simpleChoice identifier="vufsw-graphs-0097-nl-ans_306682761_section_1_item_1_schoice_4_7825122871">
<p>
 Een staafdiagram (<em>bar chart</em>), omdat studierichting een categorische variabele is.
</p>
</simpleChoice>
<simpleChoice identifier="vufsw-graphs-0097-nl-ans_306682761_section_1_item_1_schoice_5_4190807698">
<p>
 Een histogram, omdat studierichting een continue kwantitatieve variabele is.
</p>
</simpleChoice>
<simpleChoice identifier="vufsw-graphs-0097-nl-ans_306682761_section_1_item_1_schoice_6_7996341745">
<p>
 Een staafdiagram (<em>bar chart</em>), omdat studierichting een discrete kwantitatieve variabele is.
</p>
</simpleChoice>
</choiceInteraction>
</itemBody>
<responseProcessing>
<setOutcomeValue identifier="SCORE_RESPONSE_1">
<sum>
<variable identifier="SCORE_RESPONSE_1"/>
<mapResponse identifier="vufsw-graphs-0097-nl-ans_306682761_section_1_item_1_schoice_RESPONSE_1_4156500"/>
</sum>
</setOutcomeValue>
<responseCondition>
<responseIf>
<lt>
<variable identifier="SCORE_RESPONSE_1"/>
<variable identifier="MINSCORE_RESPONSE_1"/>
</lt>
<setOutcomeValue identifier="SCORE_RESPONSE_1">
<variable identifier="MINSCORE_RESPONSE_1"/>
</setOutcomeValue>
</responseIf>
</responseCondition>
<responseCondition>
<responseIf>
<isNull>
<variable identifier="vufsw-graphs-0097-nl-ans_306682761_section_1_item_1_schoice_RESPONSE_1_4156500"/>
</isNull>
<setOutcomeValue identifier="SCORE_RESPONSE_1">
<sum>
<variable identifier="SCORE_RESPONSE_1"/>
<baseValue baseType="float">0</baseValue>
</sum>
</setOutcomeValue>
</responseIf>
</responseCondition>
<setOutcomeValue identifier="SCORE">
<sum>
<variable identifier="SCORE_RESPONSE_1"/>
</sum>
</setOutcomeValue>
<responseCondition>
<responseIf>
<lt>
<variable identifier="SCORE"/>
<variable identifier="MINSCORE"/>
</lt>
<setOutcomeValue identifier="SCORE">
<variable identifier="MINSCORE"/>
</setOutcomeValue>
</responseIf>
</responseCondition>
<responseCondition>
<responseIf>
<lt>
<variable identifier="SCORE"/>
<baseValue baseType="float">1</baseValue>
</lt>
<setOutcomeValue identifier="FEEDBACKMODAL">
<multiple>
<variable identifier="FEEDBACKMODAL"/>
<baseValue baseType="identifier">Feedback791877188</baseValue>
</multiple>
</setOutcomeValue>
</responseIf>
</responseCondition>
</responseProcessing>
<modalFeedback outcomeIdentifier="FEEDBACK" showHide="show" identifier="incorrect">
<ul>
<li> Een staafdiagram (<em>bar chart</em>), omdat studierichting een continue kwantitatieve variabele is. <br /> False </li>
<li> Een histogram, omdat studierichting een categorische variabele is. <br /> False </li>
<li> Een histogram, omdat studierichting een discrete kwantitatieve variabele is. <br /> False </li>
<li> Een staafdiagram (<em>bar chart</em>), omdat studierichting een categorische variabele is. <br /> True </li>
<li> Een histogram, omdat studierichting een continue kwantitatieve variabele is. <br /> False </li>
<li> Een staafdiagram (<em>bar chart</em>), omdat studierichting een discrete kwantitatieve variabele is. <br /> False </li>
</ul>
</modalFeedback>
</assessmentItem>
