<?xml version="1.0" encoding="UTF-8"?>
<assessmentItem xsi:schemaLocation="http://www.imsglobal.org/xsd/imsqti_v2p1 http://www.imsglobal.org/xsd/qti/qtiv2p1/imsqti_v2p1p1.xsd http://www.w3.org/1998/Math/MathML http://www.w3.org/Math/XMLSchema/mathml2/mathml2.xsd" identifier="uva-sample-space-995-en-ans_189343776_section_1_item_1_schoice" title="Probability_uva-sample-space-995-en_uva-sample-space-995-en_schoice_1" adaptive="false" timeDependent="false" xmlns="http://www.imsglobal.org/xsd/imsqti_v2p1" xmlns:xsi="http://www.w3.org/2001/XMLSchema-instance">
<responseDeclaration identifier="uva-sample-space-995-en-ans_189343776_section_1_item_1_schoice_RESPONSE_1_8489106" cardinality="single" baseType="identifier">
<correctResponse>
<value>uva-sample-space-995-en-ans_189343776_section_1_item_1_schoice_2_7465164554</value>
</correctResponse>
<mapping defaultValue="0" lowerBound="0.0">
<mapEntry mapKey="uva-sample-space-995-en-ans_189343776_section_1_item_1_schoice_1_2573285438" mappedValue="0"/>
<mapEntry mapKey="uva-sample-space-995-en-ans_189343776_section_1_item_1_schoice_2_7465164554" mappedValue="1"/>
<mapEntry mapKey="uva-sample-space-995-en-ans_189343776_section_1_item_1_schoice_3_5907464925" mappedValue="0"/>
<mapEntry mapKey="uva-sample-space-995-en-ans_189343776_section_1_item_1_schoice_4_7339216785" mappedValue="0"/>
</mapping>
</responseDeclaration>
<outcomeDeclaration identifier="SCORE" cardinality="single" baseType="float" normalMaximum="1" normalMinimum="0">
<defaultValue>
<value>0.0</value>
</defaultValue>
</outcomeDeclaration>
<outcomeDeclaration identifier="MAXSCORE" cardinality="single" baseType="float">
<defaultValue>
<value>1</value>
</defaultValue>
</outcomeDeclaration>
<outcomeDeclaration identifier="FEEDBACKBASIC" cardinality="single" baseType="identifier" view="testConstructor">
<defaultValue>
<value>empty</value>
</defaultValue>
</outcomeDeclaration>
<outcomeDeclaration identifier="FEEDBACKMODAL" cardinality="multiple" baseType="identifier" view="testConstructor"/>
<outcomeDeclaration identifier="SOLUTIONMODAL" cardinality="single" baseType="identifier" view="testConstructor"/>
<outcomeDeclaration identifier="MINSCORE" cardinality="single" baseType="float">
<defaultValue>
<value baseType="float">0</value>
</defaultValue>
</outcomeDeclaration>
<outcomeDeclaration identifier="SCORE_RESPONSE_1" cardinality="single" baseType="float">
<defaultValue>
<value>0.0</value>
</defaultValue>
</outcomeDeclaration>
<outcomeDeclaration identifier="MINSCORE_RESPONSE_1" cardinality="single" baseType="float">
<defaultValue>
<value>0.0</value>
</defaultValue>
</outcomeDeclaration>
<itemBody>
<p>One balanced die is rolled. We define the event <em>E</em> as the number of even eyes that come up. What then is the complement of <em>E</em>, if <span class="math inline">\(\bar{E}\)</span>?</p>
<choiceInteraction responseIdentifier="uva-sample-space-995-en-ans_189343776_section_1_item_1_schoice_RESPONSE_1_8489106" shuffle="false" maxChoices="1">
<simpleChoice identifier="uva-sample-space-995-en-ans_189343776_section_1_item_1_schoice_1_2573285438">
<p>
 <span class="math inline">\(\bar{E}\)</span> = {the number of even eyes}
</p>
</simpleChoice>
<simpleChoice identifier="uva-sample-space-995-en-ans_189343776_section_1_item_1_schoice_2_7465164554">
<p>
 <span class="math inline">\(\bar{E}\)</span> = {the number of odd eyes}
</p>
</simpleChoice>
<simpleChoice identifier="uva-sample-space-995-en-ans_189343776_section_1_item_1_schoice_3_5907464925">
<p>
 <span class="math inline">\(\bar{E}\)</span> = {the total eyes}
</p>
</simpleChoice>
<simpleChoice identifier="uva-sample-space-995-en-ans_189343776_section_1_item_1_schoice_4_7339216785">
<p>
 <span class="math inline">\(\bar{E}\)</span> = {0}
</p>
</simpleChoice>
</choiceInteraction>
</itemBody>
<responseProcessing>
<setOutcomeValue identifier="SCORE_RESPONSE_1">
<sum>
<variable identifier="SCORE_RESPONSE_1"/>
<mapResponse identifier="uva-sample-space-995-en-ans_189343776_section_1_item_1_schoice_RESPONSE_1_8489106"/>
</sum>
</setOutcomeValue>
<responseCondition>
<responseIf>
<lt>
<variable identifier="SCORE_RESPONSE_1"/>
<variable identifier="MINSCORE_RESPONSE_1"/>
</lt>
<setOutcomeValue identifier="SCORE_RESPONSE_1">
<variable identifier="MINSCORE_RESPONSE_1"/>
</setOutcomeValue>
</responseIf>
</responseCondition>
<responseCondition>
<responseIf>
<isNull>
<variable identifier="uva-sample-space-995-en-ans_189343776_section_1_item_1_schoice_RESPONSE_1_8489106"/>
</isNull>
<setOutcomeValue identifier="SCORE_RESPONSE_1">
<sum>
<variable identifier="SCORE_RESPONSE_1"/>
<baseValue baseType="float">0</baseValue>
</sum>
</setOutcomeValue>
</responseIf>
</responseCondition>
<setOutcomeValue identifier="SCORE">
<sum>
<variable identifier="SCORE_RESPONSE_1"/>
</sum>
</setOutcomeValue>
<responseCondition>
<responseIf>
<lt>
<variable identifier="SCORE"/>
<variable identifier="MINSCORE"/>
</lt>
<setOutcomeValue identifier="SCORE">
<variable identifier="MINSCORE"/>
</setOutcomeValue>
</responseIf>
</responseCondition>
<responseCondition>
<responseIf>
<lt>
<variable identifier="SCORE"/>
<baseValue baseType="float">1</baseValue>
</lt>
<setOutcomeValue identifier="FEEDBACKMODAL">
<multiple>
<variable identifier="FEEDBACKMODAL"/>
<baseValue baseType="identifier">Feedback258434458</baseValue>
</multiple>
</setOutcomeValue>
</responseIf>
</responseCondition>
</responseProcessing>
<modalFeedback outcomeIdentifier="FEEDBACK" showHide="show" identifier="incorrect">
<ul>
<li> <span class="math inline">\(\bar{E}\)</span> = {the number of even eyes} <br /> <span class="math inline">\(\bar{E}\)</span> = {the number of even eyes}: Incorrect </li>
<li> <span class="math inline">\(\bar{E}\)</span> = {the number of odd eyes} <br /> <span class="math inline">\(\bar{E}\)</span> = {the number of odd eyes}: Correct </li>
<li> <span class="math inline">\(\bar{E}\)</span> = {the total eyes} <br /> <span class="math inline">\(\bar{E}\)</span> = {the total eyes}: Incorrect </li>
<li> <span class="math inline">\(\bar{E}\)</span> = {0} <br /> <span class="math inline">\(\bar{E}\)</span> = {0}: Incorrect </li>
</ul>
</modalFeedback>
</assessmentItem>
