<?xml version="1.0" encoding="utf-8" standalone="yes"?>
<assessmentItem identifier="vufsw-correlation-1190-nl_202209051541_item_1_schoice" title="vufsw-correlation-1190-nl_202209051541_item_1_schoice_vufsw-correlation-1190-nl" adaptive="false" timeDependent="false" toolName="Testvision Online" toolVersion="39.0.9084" xmlns="http://www.imsglobal.org/xsd/imsqti_v2p1">
<responseDeclaration identifier="RESPONSE" cardinality="single" baseType="identifier">
<correctResponse>
<value>alt_198442</value>
</correctResponse>
<mapping defaultValue="0" lowerBound="0.0">
<mapEntry mapKey="alt_251104" mappedValue="-0.333333333333333"/>
<mapEntry mapKey="alt_198442" mappedValue="1"/>
<mapEntry mapKey="alt_825904" mappedValue="-0.333333333333333"/>
<mapEntry mapKey="alt_452013" mappedValue="-0.333333333333333"/>
</mapping>
</responseDeclaration>
<outcomeDeclaration identifier="SCORE" cardinality="single" baseType="float" normalMaximum="1" normalMinimum="0" />
<outcomeDeclaration identifier="FEEDBACK" cardinality="single" baseType="identifier" />
<itemBody>
<p>Welke uitspraak over correlaties is juist?</p>
<choiceInteraction responseIdentifier="RESPONSE" shuffle="false" maxChoices="1">
<simpleChoice identifier="alt_251104">
<div class="textblock tvblock tvcss_1"><div class="rte_zone tveditor1">
a. Correlatie beschrijft de sterkte van een betrouwbaar verband.
</div>
</div>
</simpleChoice>
<simpleChoice identifier="alt_198442">
<div class="textblock tvblock tvcss_1"><div class="rte_zone tveditor1">
b. Correlatie beschrijft de sterkte van een lineair verband.
</div>
</div>
</simpleChoice>
<simpleChoice identifier="alt_825904">
<div class="textblock tvblock tvcss_1"><div class="rte_zone tveditor1">
c. Correlatie beschrijft de sterkte van een repliceerbaar verband.
</div>
</div>
</simpleChoice>
<simpleChoice identifier="alt_452013">
<div class="textblock tvblock tvcss_1"><div class="rte_zone tveditor1">
d. Correlatie beschrijft de sterkte van een valide verband.
</div>
</div>
</simpleChoice>
</choiceInteraction>
</itemBody>
<responseProcessing>
<responseCondition>
<responseIf>
<isNull>
<variable identifier="RESPONSE"/>
</isNull>
<setOutcomeValue identifier="SCORE">
<baseValue baseType="float">0.0</baseValue>
</setOutcomeValue>
<setOutcomeValue identifier="FEEDBACK">
<baseValue baseType="identifier">FAILURE</baseValue>
</setOutcomeValue>
</responseIf>
<responseElse>
<setOutcomeValue identifier="SCORE">
<mapResponse identifier="RESPONSE"/>
</setOutcomeValue>
<responseCondition>
<responseIf>
<equal toleranceMode="relative" tolerance="0.001">
<variable identifier="SCORE"/>
<variable identifier="MAXSCORE"/>
</equal>
<setOutcomeValue identifier="FEEDBACK">
<baseValue baseType="identifier">ANSWER_CORRECT</baseValue>
</setOutcomeValue>
</responseIf>
<responseElse>
<setOutcomeValue identifier="FEEDBACK">
<baseValue baseType="identifier">FAILURE</baseValue>
</setOutcomeValue>
</responseElse>
</responseCondition>
</responseElse>
</responseCondition>
</responseProcessing>
<modalFeedback identifier="FAILURE" outcomeIdentifier="FEEDBACK" showHide="show">
<div class="textblock tvblock tvcss_1"><div class="rte_zone tveditor1">
<ol>
<li> Correlatie beschrijft de sterkte van een betrouwbaar verband. <br /> False </li>
<li> Correlatie beschrijft de sterkte van een lineair verband. <br /> True </li>
<li> Correlatie beschrijft de sterkte van een repliceerbaar verband. <br /> False </li>
<li> Correlatie beschrijft de sterkte van een valide verband. <br /> False </li>
</ol>
</div>
</div>
</modalFeedback>
<modalFeedback identifier="ANSWER_CORRECT" outcomeIdentifier="FEEDBACK" showHide="show">
<div class="textblock tvblock tvcss_1"><div class="rte_zone tveditor1">
<ol>
<li> Correlatie beschrijft de sterkte van een betrouwbaar verband. <br /> False </li>
<li> Correlatie beschrijft de sterkte van een lineair verband. <br /> True </li>
<li> Correlatie beschrijft de sterkte van een repliceerbaar verband. <br /> False </li>
<li> Correlatie beschrijft de sterkte van een valide verband. <br /> False </li>
</ol>
</div>
</div>
</modalFeedback>
<modalFeedback identifier="PARTIAL_CORRECT" outcomeIdentifier="FEEDBACK" showHide="show">
<div class="textblock tvblock tvcss_1"><div class="rte_zone tveditor1">
<ol>
<li> Correlatie beschrijft de sterkte van een betrouwbaar verband. <br /> False </li>
<li> Correlatie beschrijft de sterkte van een lineair verband. <br /> True </li>
<li> Correlatie beschrijft de sterkte van een repliceerbaar verband. <br /> False </li>
<li> Correlatie beschrijft de sterkte van een valide verband. <br /> False </li>
</ol>
</div>
</div>
</modalFeedback>
</assessmentItem>
