<?xml version="1.0" encoding="utf-8" standalone="yes"?>
<assessmentItem identifier="vufgb-confidenceintervals-019-nl-tv_202601131821_item_1_schoice" title="vufgb-confidenceintervals-019-nl-tv_202601131821_item_1_schoice_vufgb-confidenceintervals-019-nl" adaptive="false" timeDependent="false" toolName="Testvision Online" toolVersion="39.0.9084" xmlns="http://www.imsglobal.org/xsd/imsqti_v2p1">
<responseDeclaration identifier="RESPONSE" cardinality="single" baseType="identifier">
<correctResponse>
<value>alt_145600</value>
</correctResponse>
<mapping defaultValue="0" lowerBound="0.0">
<mapEntry mapKey="alt_145600" mappedValue="1"/>
<mapEntry mapKey="alt_124872" mappedValue="-0.333333333333333"/>
<mapEntry mapKey="alt_428308" mappedValue="-0.333333333333333"/>
<mapEntry mapKey="alt_979000" mappedValue="-0.333333333333333"/>
</mapping>
</responseDeclaration>
<outcomeDeclaration identifier="SCORE" cardinality="single" baseType="float" normalMaximum="1" normalMinimum="0" />
<outcomeDeclaration identifier="FEEDBACK" cardinality="single" baseType="identifier" />
<stylesheet href="css/vufgb-confidenceintervals-019-nl-tv_202601131821_item_1_schoice.css" type="text/css" />
<itemBody>
<p>In een willekeurig getrokken steekproef van 560 personen staan 300 personen positief tegenover een nieuw in te voeren wet en de rest niet. Bereken op basis van deze steekproef het 95 % betrouwbaarheidsinterval van de proportie personen die positief staan tegenover de nieuwe wet.</p>
<choiceInteraction responseIdentifier="RESPONSE" shuffle="false" maxChoices="1">
<simpleChoice identifier="alt_145600">
<div class="textblock tvblock tvcss_1"><div class="rte_zone tveditor1">
 (0.494 , 0.577)
</div>
</div>
</simpleChoice>
<simpleChoice identifier="alt_124872">
<div class="textblock tvblock tvcss_1"><div class="rte_zone tveditor1">
 (0.501, 0.570)
</div>
</div>
</simpleChoice>
<simpleChoice identifier="alt_428308">
<div class="textblock tvblock tvcss_1"><div class="rte_zone tveditor1">
 (0.488, 0.583)
</div>
</div>
</simpleChoice>
<simpleChoice identifier="alt_979000">
<div class="textblock tvblock tvcss_1"><div class="rte_zone tveditor1">
 (0.479, 0.592)
</div>
</div>
</simpleChoice>
</choiceInteraction>
</itemBody>
<responseProcessing>
<responseCondition>
<responseIf>
<isNull>
<variable identifier="RESPONSE"/>
</isNull>
<setOutcomeValue identifier="SCORE">
<baseValue baseType="float">0.0</baseValue>
</setOutcomeValue>
<setOutcomeValue identifier="FEEDBACK">
<baseValue baseType="identifier">FAILURE</baseValue>
</setOutcomeValue>
</responseIf>
<responseElse>
<setOutcomeValue identifier="SCORE">
<mapResponse identifier="RESPONSE"/>
</setOutcomeValue>
<responseCondition>
<responseIf>
<equal toleranceMode="relative" tolerance="0.001">
<variable identifier="SCORE"/>
<variable identifier="MAXSCORE"/>
</equal>
<setOutcomeValue identifier="FEEDBACK">
<baseValue baseType="identifier">ANSWER_CORRECT</baseValue>
</setOutcomeValue>
</responseIf>
<responseElse>
<setOutcomeValue identifier="FEEDBACK">
<baseValue baseType="identifier">FAILURE</baseValue>
</setOutcomeValue>
</responseElse>
</responseCondition>
</responseElse>
</responseCondition>
</responseProcessing>
<modalFeedback identifier="FAILURE" outcomeIdentifier="FEEDBACK" showHide="show">
<div class="textblock tvblock tvcss_1"><div class="rte_zone tveditor1">
<ul>
<li> (0.494 , 0.577) <br /> Correct </li>
<li> (0.501, 0.570) <br /> Incorrect </li>
<li> (0.488, 0.583) <br /> Incorrect </li>
<li> (0.479, 0.592) <br /> Incorrect </li>
</ul>
</div>
</div>
</modalFeedback>
<modalFeedback identifier="ANSWER_CORRECT" outcomeIdentifier="FEEDBACK" showHide="show">
<div class="textblock tvblock tvcss_1"><div class="rte_zone tveditor1">
<ul>
<li> (0.494 , 0.577) <br /> Correct </li>
<li> (0.501, 0.570) <br /> Incorrect </li>
<li> (0.488, 0.583) <br /> Incorrect </li>
<li> (0.479, 0.592) <br /> Incorrect </li>
</ul>
</div>
</div>
</modalFeedback>
<modalFeedback identifier="PARTIAL_CORRECT" outcomeIdentifier="FEEDBACK" showHide="show">
<div class="textblock tvblock tvcss_1"><div class="rte_zone tveditor1">
<ul>
<li> (0.494 , 0.577) <br /> Correct </li>
<li> (0.501, 0.570) <br /> Incorrect </li>
<li> (0.488, 0.583) <br /> Incorrect </li>
<li> (0.479, 0.592) <br /> Incorrect </li>
</ul>
</div>
</div>
</modalFeedback>
</assessmentItem>
