<?xml version="1.0" encoding="UTF-8"?>
<assessmentItem xsi:schemaLocation="http://www.imsglobal.org/xsd/imsqti_v2p1 http://www.imsglobal.org/xsd/qti/qtiv2p1/imsqti_v2p1p1.xsd http://www.w3.org/1998/Math/MathML http://www.w3.org/Math/XMLSchema/mathml2/mathml2.xsd" identifier="uva-sample-mean-876-en-qti_876894310_section_1_item_1_schoice" title="1" adaptive="false" timeDependent="false" xmlns="http://www.imsglobal.org/xsd/imsqti_v2p1" xmlns:xsi="http://www.w3.org/2001/XMLSchema-instance">
<responseDeclaration identifier="uva-sample-mean-876-en-qti_876894310_section_1_item_1_schoice_RESPONSE_1_8274441" cardinality="single" baseType="identifier">
<correctResponse>
<value>uva-sample-mean-876-en-qti_876894310_section_1_item_1_schoice_1_3413381738</value>
</correctResponse>
<mapping defaultValue="0" lowerBound="0.0">
<mapEntry mapKey="uva-sample-mean-876-en-qti_876894310_section_1_item_1_schoice_1_3413381738" mappedValue="1"/>
<mapEntry mapKey="uva-sample-mean-876-en-qti_876894310_section_1_item_1_schoice_2_1267633863" mappedValue="0"/>
<mapEntry mapKey="uva-sample-mean-876-en-qti_876894310_section_1_item_1_schoice_3_7884766698" mappedValue="0"/>
</mapping>
</responseDeclaration>
<outcomeDeclaration identifier="SCORE" cardinality="single" baseType="float" normalMaximum="1" normalMinimum="0">
<defaultValue>
<value>0.0</value>
</defaultValue>
</outcomeDeclaration>
<outcomeDeclaration identifier="MAXSCORE" cardinality="single" baseType="float">
<defaultValue>
<value>1</value>
</defaultValue>
</outcomeDeclaration>
<outcomeDeclaration identifier="FEEDBACKBASIC" cardinality="single" baseType="identifier" view="testConstructor">
<defaultValue>
<value>empty</value>
</defaultValue>
</outcomeDeclaration>
<outcomeDeclaration identifier="FEEDBACKMODAL" cardinality="multiple" baseType="identifier" view="testConstructor"/>
<outcomeDeclaration identifier="SOLUTIONMODAL" cardinality="single" baseType="identifier" view="testConstructor"/>
<outcomeDeclaration identifier="MINSCORE" cardinality="single" baseType="float">
<defaultValue>
<value baseType="float">0</value>
</defaultValue>
</outcomeDeclaration>
<outcomeDeclaration identifier="SCORE_RESPONSE_1" cardinality="single" baseType="float">
<defaultValue>
<value>0.0</value>
</defaultValue>
</outcomeDeclaration>
<outcomeDeclaration identifier="MINSCORE_RESPONSE_1" cardinality="single" baseType="float">
<defaultValue>
<value>0.0</value>
</defaultValue>
</outcomeDeclaration>
<itemBody>
<p>Two <em>random samples</em> are drawn from a population, one with size 60 and one with size 240. Compared to the sample of 60 observations, the <em>standard error</em> of the mean in the sample of 240 observations</p>
<choiceInteraction responseIdentifier="uva-sample-mean-876-en-qti_876894310_section_1_item_1_schoice_RESPONSE_1_8274441" shuffle="false" maxChoices="1">
<simpleChoice identifier="uva-sample-mean-876-en-qti_876894310_section_1_item_1_schoice_1_3413381738">
<p>
 Twice as small.
</p>
</simpleChoice>
<simpleChoice identifier="uva-sample-mean-876-en-qti_876894310_section_1_item_1_schoice_2_1267633863">
<p>
 Four times as small.
</p>
</simpleChoice>
<simpleChoice identifier="uva-sample-mean-876-en-qti_876894310_section_1_item_1_schoice_3_7884766698">
<p>
 About the same size.
</p>
</simpleChoice>
</choiceInteraction>
</itemBody>
<responseProcessing>
<setOutcomeValue identifier="SCORE_RESPONSE_1">
<sum>
<variable identifier="SCORE_RESPONSE_1"/>
<mapResponse identifier="uva-sample-mean-876-en-qti_876894310_section_1_item_1_schoice_RESPONSE_1_8274441"/>
</sum>
</setOutcomeValue>
<responseCondition>
<responseIf>
<lt>
<variable identifier="SCORE_RESPONSE_1"/>
<variable identifier="MINSCORE_RESPONSE_1"/>
</lt>
<setOutcomeValue identifier="SCORE_RESPONSE_1">
<variable identifier="MINSCORE_RESPONSE_1"/>
</setOutcomeValue>
</responseIf>
</responseCondition>
<responseCondition>
<responseIf>
<isNull>
<variable identifier="uva-sample-mean-876-en-qti_876894310_section_1_item_1_schoice_RESPONSE_1_8274441"/>
</isNull>
<setOutcomeValue identifier="SCORE_RESPONSE_1">
<sum>
<variable identifier="SCORE_RESPONSE_1"/>
<baseValue baseType="float">0</baseValue>
</sum>
</setOutcomeValue>
</responseIf>
</responseCondition>
<setOutcomeValue identifier="SCORE">
<sum>
<variable identifier="SCORE_RESPONSE_1"/>
</sum>
</setOutcomeValue>
<responseCondition>
<responseIf>
<lt>
<variable identifier="SCORE"/>
<variable identifier="MINSCORE"/>
</lt>
<setOutcomeValue identifier="SCORE">
<variable identifier="MINSCORE"/>
</setOutcomeValue>
</responseIf>
</responseCondition>
<responseCondition>
<responseIf>
<lt>
<variable identifier="SCORE"/>
<baseValue baseType="float">1</baseValue>
</lt>
<setOutcomeValue identifier="FEEDBACKMODAL">
<multiple>
<variable identifier="FEEDBACKMODAL"/>
<baseValue baseType="identifier">Feedback450826648</baseValue>
</multiple>
</setOutcomeValue>
</responseIf>
</responseCondition>
</responseProcessing>
<modalFeedback identifier="Feedback450826648" outcomeIdentifier="FEEDBACKMODAL" showHide="show">
<ul>
<li> Twice as small. <br /> Twice as small…: Correct </li>
<li> Four times as small. <br /> Four times as small…: Incorrect </li>
<li> About the same size. <br /> About the same size…: Incorrect </li>
</ul>
</modalFeedback>
</assessmentItem>
