<?xml version="1.0" encoding="utf-8" standalone="yes"?>
<assessmentItem identifier="uva-measures-of-location-34-en-tv_202510071723_item_1_schoice" title="uva-measures-of-location-34-en-tv_202510071723_item_1_schoice_uva-measures-of-location-34-en" adaptive="false" timeDependent="false" toolName="Testvision Online" toolVersion="39.0.9084" xmlns="http://www.imsglobal.org/xsd/imsqti_v2p1">
<responseDeclaration identifier="RESPONSE" cardinality="single" baseType="identifier">
<correctResponse>
<value>alt_108916</value>
</correctResponse>
<mapping defaultValue="0" lowerBound="0.0">
<mapEntry mapKey="alt_942738" mappedValue="-0.5"/>
<mapEntry mapKey="alt_379435" mappedValue="-0.5"/>
<mapEntry mapKey="alt_108916" mappedValue="1"/>
</mapping>
</responseDeclaration>
<outcomeDeclaration identifier="SCORE" cardinality="single" baseType="float" normalMaximum="1" normalMinimum="0" />
<outcomeDeclaration identifier="FEEDBACK" cardinality="single" baseType="identifier" />
<stylesheet href="css/uva-measures-of-location-34-en-tv_202510071723_item_1_schoice.css" type="text/css" />
<itemBody>
<p>The <em>margin of error</em> of a <em>confidence interval</em> increases as</p>
<choiceInteraction responseIdentifier="RESPONSE" shuffle="false" maxChoices="1">
<simpleChoice identifier="alt_942738">
<div class="textblock tvblock tvcss_1"><div class="rte_zone tveditor1">
 He sample size increases.
</div>
</div>
</simpleChoice>
<simpleChoice identifier="alt_379435">
<div class="textblock tvblock tvcss_1"><div class="rte_zone tveditor1">
 The variability in the data decreases.
</div>
</div>
</simpleChoice>
<simpleChoice identifier="alt_108916">
<div class="textblock tvblock tvcss_1"><div class="rte_zone tveditor1">
 The confidence level increases.
</div>
</div>
</simpleChoice>
</choiceInteraction>
</itemBody>
<responseProcessing>
<responseCondition>
<responseIf>
<isNull>
<variable identifier="RESPONSE"/>
</isNull>
<setOutcomeValue identifier="SCORE">
<baseValue baseType="float">0.0</baseValue>
</setOutcomeValue>
<setOutcomeValue identifier="FEEDBACK">
<baseValue baseType="identifier">FAILURE</baseValue>
</setOutcomeValue>
</responseIf>
<responseElse>
<setOutcomeValue identifier="SCORE">
<mapResponse identifier="RESPONSE"/>
</setOutcomeValue>
<responseCondition>
<responseIf>
<equal toleranceMode="relative" tolerance="0.001">
<variable identifier="SCORE"/>
<variable identifier="MAXSCORE"/>
</equal>
<setOutcomeValue identifier="FEEDBACK">
<baseValue baseType="identifier">ANSWER_CORRECT</baseValue>
</setOutcomeValue>
</responseIf>
<responseElse>
<setOutcomeValue identifier="FEEDBACK">
<baseValue baseType="identifier">FAILURE</baseValue>
</setOutcomeValue>
</responseElse>
</responseCondition>
</responseElse>
</responseCondition>
</responseProcessing>
<modalFeedback identifier="FAILURE" outcomeIdentifier="FEEDBACK" showHide="show">
<div class="textblock tvblock tvcss_1"><div class="rte_zone tveditor1">
<ul>
<li> He sample size increases. <br /> Sample size increases: Incorrect </li>
<li> The variability in the data decreases. <br /> The variability in the data decreases…: Incorrect </li>
<li> The confidence level increases. <br /> The confidence level increases: Correct </li>
</ul>
</div>
</div>
</modalFeedback>
<modalFeedback identifier="ANSWER_CORRECT" outcomeIdentifier="FEEDBACK" showHide="show">
<div class="textblock tvblock tvcss_1"><div class="rte_zone tveditor1">
<ul>
<li> He sample size increases. <br /> Sample size increases: Incorrect </li>
<li> The variability in the data decreases. <br /> The variability in the data decreases…: Incorrect </li>
<li> The confidence level increases. <br /> The confidence level increases: Correct </li>
</ul>
</div>
</div>
</modalFeedback>
<modalFeedback identifier="PARTIAL_CORRECT" outcomeIdentifier="FEEDBACK" showHide="show">
<div class="textblock tvblock tvcss_1"><div class="rte_zone tveditor1">
<ul>
<li> He sample size increases. <br /> Sample size increases: Incorrect </li>
<li> The variability in the data decreases. <br /> The variability in the data decreases…: Incorrect </li>
<li> The confidence level increases. <br /> The confidence level increases: Correct </li>
</ul>
</div>
</div>
</modalFeedback>
</assessmentItem>
