<?xml version="1.0" encoding="UTF-8"?>
<assessmentItem xsi:schemaLocation="http://www.imsglobal.org/xsd/imsqti_v2p1 http://www.imsglobal.org/xsd/qti/qtiv2p1/imsqti_v2p1p1.xsd http://www.w3.org/1998/Math/MathML http://www.w3.org/Math/XMLSchema/mathml2/mathml2.xsd" identifier="uva-squared-1452-nl-ans_313455871_section_1_item_1_schoice" title="Inferential_Statistics_uva-squared-1452-nl_uva-squared-1452-nl_schoice_1" adaptive="false" timeDependent="false" xmlns="http://www.imsglobal.org/xsd/imsqti_v2p1" xmlns:xsi="http://www.w3.org/2001/XMLSchema-instance">
<responseDeclaration identifier="uva-squared-1452-nl-ans_313455871_section_1_item_1_schoice_RESPONSE_1_4363452" cardinality="single" baseType="identifier">
<correctResponse>
<value>uva-squared-1452-nl-ans_313455871_section_1_item_1_schoice_1_5523595631</value>
</correctResponse>
<mapping defaultValue="0" lowerBound="0.0">
<mapEntry mapKey="uva-squared-1452-nl-ans_313455871_section_1_item_1_schoice_1_5523595631" mappedValue="1"/>
<mapEntry mapKey="uva-squared-1452-nl-ans_313455871_section_1_item_1_schoice_2_9543891830" mappedValue="0"/>
<mapEntry mapKey="uva-squared-1452-nl-ans_313455871_section_1_item_1_schoice_3_4198852398" mappedValue="0"/>
</mapping>
</responseDeclaration>
<outcomeDeclaration identifier="SCORE" cardinality="single" baseType="float" normalMaximum="1" normalMinimum="0">
<defaultValue>
<value>0.0</value>
</defaultValue>
</outcomeDeclaration>
<outcomeDeclaration identifier="MAXSCORE" cardinality="single" baseType="float">
<defaultValue>
<value>1</value>
</defaultValue>
</outcomeDeclaration>
<outcomeDeclaration identifier="FEEDBACKBASIC" cardinality="single" baseType="identifier" view="testConstructor">
<defaultValue>
<value>empty</value>
</defaultValue>
</outcomeDeclaration>
<outcomeDeclaration identifier="FEEDBACKMODAL" cardinality="multiple" baseType="identifier" view="testConstructor"/>
<outcomeDeclaration identifier="SOLUTIONMODAL" cardinality="single" baseType="identifier" view="testConstructor"/>
<outcomeDeclaration identifier="MINSCORE" cardinality="single" baseType="float">
<defaultValue>
<value baseType="float">0</value>
</defaultValue>
</outcomeDeclaration>
<outcomeDeclaration identifier="SCORE_RESPONSE_1" cardinality="single" baseType="float">
<defaultValue>
<value>0.0</value>
</defaultValue>
</outcomeDeclaration>
<outcomeDeclaration identifier="MINSCORE_RESPONSE_1" cardinality="single" baseType="float">
<defaultValue>
<value>0.0</value>
</defaultValue>
</outcomeDeclaration>
<itemBody>
<p>Gegeven is de volgende frequentietabel.</p>
<table>
<tbody>
<tr class="odd">
<td></td>
<td align="left">Sportauto</td>
<td align="left">Familieauto</td>
</tr>
<tr class="even">
<td>Man</td>
<td align="left">5</td>
<td align="left">7</td>
</tr>
<tr class="odd">
<td>Vrouw</td>
<td align="left">7</td>
<td align="left">125</td>
</tr>
</tbody>
</table>
<p>Wat is de verwachte celfrequentie van een Man met Sportauto onder de
aanname van onafhankelijkheid van de nulhypothese?</p>
<choiceInteraction responseIdentifier="uva-squared-1452-nl-ans_313455871_section_1_item_1_schoice_RESPONSE_1_4363452" shuffle="false" maxChoices="1">
<simpleChoice identifier="uva-squared-1452-nl-ans_313455871_section_1_item_1_schoice_1_5523595631">
<p>
 1
</p>
</simpleChoice>
<simpleChoice identifier="uva-squared-1452-nl-ans_313455871_section_1_item_1_schoice_2_9543891830">
<p>
 2
</p>
</simpleChoice>
<simpleChoice identifier="uva-squared-1452-nl-ans_313455871_section_1_item_1_schoice_3_4198852398">
<p>
 36
</p>
</simpleChoice>
</choiceInteraction>
</itemBody>
<responseProcessing>
<setOutcomeValue identifier="SCORE_RESPONSE_1">
<sum>
<variable identifier="SCORE_RESPONSE_1"/>
<mapResponse identifier="uva-squared-1452-nl-ans_313455871_section_1_item_1_schoice_RESPONSE_1_4363452"/>
</sum>
</setOutcomeValue>
<responseCondition>
<responseIf>
<lt>
<variable identifier="SCORE_RESPONSE_1"/>
<variable identifier="MINSCORE_RESPONSE_1"/>
</lt>
<setOutcomeValue identifier="SCORE_RESPONSE_1">
<variable identifier="MINSCORE_RESPONSE_1"/>
</setOutcomeValue>
</responseIf>
</responseCondition>
<responseCondition>
<responseIf>
<isNull>
<variable identifier="uva-squared-1452-nl-ans_313455871_section_1_item_1_schoice_RESPONSE_1_4363452"/>
</isNull>
<setOutcomeValue identifier="SCORE_RESPONSE_1">
<sum>
<variable identifier="SCORE_RESPONSE_1"/>
<baseValue baseType="float">0</baseValue>
</sum>
</setOutcomeValue>
</responseIf>
</responseCondition>
<setOutcomeValue identifier="SCORE">
<sum>
<variable identifier="SCORE_RESPONSE_1"/>
</sum>
</setOutcomeValue>
<responseCondition>
<responseIf>
<lt>
<variable identifier="SCORE"/>
<variable identifier="MINSCORE"/>
</lt>
<setOutcomeValue identifier="SCORE">
<variable identifier="MINSCORE"/>
</setOutcomeValue>
</responseIf>
</responseCondition>
<responseCondition>
<responseIf>
<lt>
<variable identifier="SCORE"/>
<baseValue baseType="float">1</baseValue>
</lt>
<setOutcomeValue identifier="FEEDBACKMODAL">
<multiple>
<variable identifier="FEEDBACKMODAL"/>
<baseValue baseType="identifier">Feedback644827082</baseValue>
</multiple>
</setOutcomeValue>
</responseIf>
</responseCondition>
</responseProcessing>
<modalFeedback outcomeIdentifier="FEEDBACK" showHide="show" identifier="incorrect">
<ul>
<li> 1 <br /> 1: Correct </li>
<li> 2 <br /> 2: Incorrect </li>
<li> 36 <br /> 36: Incorrect </li>
</ul>
</modalFeedback>
</assessmentItem>
