<?xml version="1.0" encoding="UTF-8"?>
<assessmentItem xsi:schemaLocation="http://www.imsglobal.org/xsd/imsqti_v2p1 http://www.imsglobal.org/xsd/qti/qtiv2p1/imsqti_v2p1p1.xsd http://www.w3.org/1998/Math/MathML http://www.w3.org/Math/XMLSchema/mathml2/mathml2.xsd" identifier="uva-rules-for-expected-values-466-en-ans_625671933_section_1_item_1_schoice" title="Probability_uva-rules-for-expected-values-466-en_uva-rules-for-expected-values-466-en_schoice_1" adaptive="false" timeDependent="false" xmlns="http://www.imsglobal.org/xsd/imsqti_v2p1" xmlns:xsi="http://www.w3.org/2001/XMLSchema-instance">
<responseDeclaration identifier="uva-rules-for-expected-values-466-en-ans_625671933_section_1_item_1_schoice_RESPONSE_1_2581580" cardinality="single" baseType="identifier">
<correctResponse>
<value>uva-rules-for-expected-values-466-en-ans_625671933_section_1_item_1_schoice_2_2059707311</value>
</correctResponse>
<mapping defaultValue="0" lowerBound="0.0">
<mapEntry mapKey="uva-rules-for-expected-values-466-en-ans_625671933_section_1_item_1_schoice_1_9798964822" mappedValue="0"/>
<mapEntry mapKey="uva-rules-for-expected-values-466-en-ans_625671933_section_1_item_1_schoice_2_2059707311" mappedValue="1"/>
<mapEntry mapKey="uva-rules-for-expected-values-466-en-ans_625671933_section_1_item_1_schoice_3_2085301455" mappedValue="0"/>
<mapEntry mapKey="uva-rules-for-expected-values-466-en-ans_625671933_section_1_item_1_schoice_4_4669945830" mappedValue="0"/>
</mapping>
</responseDeclaration>
<outcomeDeclaration identifier="SCORE" cardinality="single" baseType="float" normalMaximum="1" normalMinimum="0">
<defaultValue>
<value>0.0</value>
</defaultValue>
</outcomeDeclaration>
<outcomeDeclaration identifier="MAXSCORE" cardinality="single" baseType="float">
<defaultValue>
<value>1</value>
</defaultValue>
</outcomeDeclaration>
<outcomeDeclaration identifier="FEEDBACKBASIC" cardinality="single" baseType="identifier" view="testConstructor">
<defaultValue>
<value>empty</value>
</defaultValue>
</outcomeDeclaration>
<outcomeDeclaration identifier="FEEDBACKMODAL" cardinality="multiple" baseType="identifier" view="testConstructor"/>
<outcomeDeclaration identifier="SOLUTIONMODAL" cardinality="single" baseType="identifier" view="testConstructor"/>
<outcomeDeclaration identifier="MINSCORE" cardinality="single" baseType="float">
<defaultValue>
<value baseType="float">0</value>
</defaultValue>
</outcomeDeclaration>
<outcomeDeclaration identifier="SCORE_RESPONSE_1" cardinality="single" baseType="float">
<defaultValue>
<value>0.0</value>
</defaultValue>
</outcomeDeclaration>
<outcomeDeclaration identifier="MINSCORE_RESPONSE_1" cardinality="single" baseType="float">
<defaultValue>
<value>0.0</value>
</defaultValue>
</outcomeDeclaration>
<itemBody>
<p>Of 400 couples, the education level (1=low, 2=medium, 3=high) of husband and wife was determined and shown in the cross table below.</p>
<p>———————- — ———————— —- —- Frequencies Education level of wife 1 2 3 Education level male 1 75 52 3 2 49 63 12 3 12 45 89 ———————- — ———————— —- —-</p>
<p>If we randomly select a married couple from this sample, what is then the probability that both husband and wife are highly educated?</p>
<choiceInteraction responseIdentifier="uva-rules-for-expected-values-466-en-ans_625671933_section_1_item_1_schoice_RESPONSE_1_2581580" shuffle="false" maxChoices="1">
<simpleChoice identifier="uva-rules-for-expected-values-466-en-ans_625671933_section_1_item_1_schoice_1_9798964822">
<p>
 0.095
</p>
</simpleChoice>
<simpleChoice identifier="uva-rules-for-expected-values-466-en-ans_625671933_section_1_item_1_schoice_2_2059707311">
<p>
 0.22
</p>
</simpleChoice>
<simpleChoice identifier="uva-rules-for-expected-values-466-en-ans_625671933_section_1_item_1_schoice_3_2085301455">
<p>
 0.4
</p>
</simpleChoice>
<simpleChoice identifier="uva-rules-for-expected-values-466-en-ans_625671933_section_1_item_1_schoice_4_4669945830">
<p>
 0.61
</p>
</simpleChoice>
</choiceInteraction>
</itemBody>
<responseProcessing>
<setOutcomeValue identifier="SCORE_RESPONSE_1">
<sum>
<variable identifier="SCORE_RESPONSE_1"/>
<mapResponse identifier="uva-rules-for-expected-values-466-en-ans_625671933_section_1_item_1_schoice_RESPONSE_1_2581580"/>
</sum>
</setOutcomeValue>
<responseCondition>
<responseIf>
<lt>
<variable identifier="SCORE_RESPONSE_1"/>
<variable identifier="MINSCORE_RESPONSE_1"/>
</lt>
<setOutcomeValue identifier="SCORE_RESPONSE_1">
<variable identifier="MINSCORE_RESPONSE_1"/>
</setOutcomeValue>
</responseIf>
</responseCondition>
<responseCondition>
<responseIf>
<isNull>
<variable identifier="uva-rules-for-expected-values-466-en-ans_625671933_section_1_item_1_schoice_RESPONSE_1_2581580"/>
</isNull>
<setOutcomeValue identifier="SCORE_RESPONSE_1">
<sum>
<variable identifier="SCORE_RESPONSE_1"/>
<baseValue baseType="float">0</baseValue>
</sum>
</setOutcomeValue>
</responseIf>
</responseCondition>
<setOutcomeValue identifier="SCORE">
<sum>
<variable identifier="SCORE_RESPONSE_1"/>
</sum>
</setOutcomeValue>
<responseCondition>
<responseIf>
<lt>
<variable identifier="SCORE"/>
<variable identifier="MINSCORE"/>
</lt>
<setOutcomeValue identifier="SCORE">
<variable identifier="MINSCORE"/>
</setOutcomeValue>
</responseIf>
</responseCondition>
<responseCondition>
<responseIf>
<lt>
<variable identifier="SCORE"/>
<baseValue baseType="float">1</baseValue>
</lt>
<setOutcomeValue identifier="FEEDBACKMODAL">
<multiple>
<variable identifier="FEEDBACKMODAL"/>
<baseValue baseType="identifier">Feedback527479228</baseValue>
</multiple>
</setOutcomeValue>
</responseIf>
</responseCondition>
</responseProcessing>
<modalFeedback outcomeIdentifier="FEEDBACK" showHide="show" identifier="incorrect">
<ul>
<li> 0.095 <br /> 0.095: Incorrect </li>
<li> 0.22 <br /> 0.22: Correct </li>
<li> 0.4 <br /> 0.4: Incorrect </li>
<li> 0.61 <br /> 0.61: Incorrect </li>
</ul>
</modalFeedback>
</assessmentItem>
