<?xml version="1.0" encoding="utf-8" standalone="yes"?>
<assessmentItem identifier="uva-oneway-anova-542-en-tv_202510071723_item_1_schoice" title="uva-oneway-anova-542-en-tv_202510071723_item_1_schoice_uva-oneway-anova-542-en" adaptive="false" timeDependent="false" toolName="Testvision Online" toolVersion="39.0.9084" xmlns="http://www.imsglobal.org/xsd/imsqti_v2p1">
<responseDeclaration identifier="RESPONSE" cardinality="single" baseType="identifier">
<correctResponse>
<value>alt_371373</value>
</correctResponse>
<mapping defaultValue="0" lowerBound="0.0">
<mapEntry mapKey="alt_371373" mappedValue="1"/>
<mapEntry mapKey="alt_471323" mappedValue="-0.333333333333333"/>
<mapEntry mapKey="alt_105307" mappedValue="-0.333333333333333"/>
<mapEntry mapKey="alt_924899" mappedValue="-0.333333333333333"/>
</mapping>
</responseDeclaration>
<outcomeDeclaration identifier="SCORE" cardinality="single" baseType="float" normalMaximum="1" normalMinimum="0" />
<outcomeDeclaration identifier="FEEDBACK" cardinality="single" baseType="identifier" />
<stylesheet href="css/uva-oneway-anova-542-en-tv_202510071723_item_1_schoice.css" type="text/css" />
<itemBody>
<p>Below is an incomplete ANOVA table, belonging to a Randomized Complete Block ANOVA.</p>
<p>————– —- —- —— —— Source of variation SS df MS F Group 3 39.0 8.67 Block 2 22.5 5.00 Error 6 4.5 Total 11 ————– —- —- —— ——</p>
<p>We want to test the null hypothesis that there is no group effect, with 5% risk. The test result is</p>
<choiceInteraction responseIdentifier="RESPONSE" shuffle="false" maxChoices="1">
<simpleChoice identifier="alt_371373">
<div class="textblock tvblock tvcss_1"><div class="rte_zone tveditor1">
 Significant, reject H0
</div>
</div>
</simpleChoice>
<simpleChoice identifier="alt_471323">
<div class="textblock tvblock tvcss_1"><div class="rte_zone tveditor1">
 Significant, do not reject H0
</div>
</div>
</simpleChoice>
<simpleChoice identifier="alt_105307">
<div class="textblock tvblock tvcss_1"><div class="rte_zone tveditor1">
 Not significant, reject H0
</div>
</div>
</simpleChoice>
<simpleChoice identifier="alt_924899">
<div class="textblock tvblock tvcss_1"><div class="rte_zone tveditor1">
 Not significant, do not reject H0
</div>
</div>
</simpleChoice>
</choiceInteraction>
</itemBody>
<responseProcessing>
<responseCondition>
<responseIf>
<isNull>
<variable identifier="RESPONSE"/>
</isNull>
<setOutcomeValue identifier="SCORE">
<baseValue baseType="float">0.0</baseValue>
</setOutcomeValue>
<setOutcomeValue identifier="FEEDBACK">
<baseValue baseType="identifier">FAILURE</baseValue>
</setOutcomeValue>
</responseIf>
<responseElse>
<setOutcomeValue identifier="SCORE">
<mapResponse identifier="RESPONSE"/>
</setOutcomeValue>
<responseCondition>
<responseIf>
<equal toleranceMode="relative" tolerance="0.001">
<variable identifier="SCORE"/>
<variable identifier="MAXSCORE"/>
</equal>
<setOutcomeValue identifier="FEEDBACK">
<baseValue baseType="identifier">ANSWER_CORRECT</baseValue>
</setOutcomeValue>
</responseIf>
<responseElse>
<setOutcomeValue identifier="FEEDBACK">
<baseValue baseType="identifier">FAILURE</baseValue>
</setOutcomeValue>
</responseElse>
</responseCondition>
</responseElse>
</responseCondition>
</responseProcessing>
<modalFeedback identifier="FAILURE" outcomeIdentifier="FEEDBACK" showHide="show">
<div class="textblock tvblock tvcss_1"><div class="rte_zone tveditor1">
<ul>
<li> Significant, reject H0 <br /> Significant, reject H0: Correct </li>
<li> Significant, do not reject H0 <br /> Significant, do not reject H0: Incorrect </li>
<li> Not significant, reject H0 <br /> Not significant, reject H0: Incorrect </li>
<li> Not significant, do not reject H0 <br /> Not significant, reject H0: Incorrect </li>
</ul>
</div>
</div>
</modalFeedback>
<modalFeedback identifier="ANSWER_CORRECT" outcomeIdentifier="FEEDBACK" showHide="show">
<div class="textblock tvblock tvcss_1"><div class="rte_zone tveditor1">
<ul>
<li> Significant, reject H0 <br /> Significant, reject H0: Correct </li>
<li> Significant, do not reject H0 <br /> Significant, do not reject H0: Incorrect </li>
<li> Not significant, reject H0 <br /> Not significant, reject H0: Incorrect </li>
<li> Not significant, do not reject H0 <br /> Not significant, reject H0: Incorrect </li>
</ul>
</div>
</div>
</modalFeedback>
<modalFeedback identifier="PARTIAL_CORRECT" outcomeIdentifier="FEEDBACK" showHide="show">
<div class="textblock tvblock tvcss_1"><div class="rte_zone tveditor1">
<ul>
<li> Significant, reject H0 <br /> Significant, reject H0: Correct </li>
<li> Significant, do not reject H0 <br /> Significant, do not reject H0: Incorrect </li>
<li> Not significant, reject H0 <br /> Not significant, reject H0: Incorrect </li>
<li> Not significant, do not reject H0 <br /> Not significant, reject H0: Incorrect </li>
</ul>
</div>
</div>
</modalFeedback>
</assessmentItem>
