<?xml version="1.0" encoding="utf-8" standalone="yes"?>
<assessmentItem identifier="vufsw-cronbach'salpha-0025-nl-tv_202510071724_item_1_schoice" title="vufsw-cronbach'salpha-0025-nl-tv_202510071724_item_1_schoice_vufsw-cronbach'salpha-0025-nl" adaptive="false" timeDependent="false" toolName="Testvision Online" toolVersion="39.0.9084" xmlns="http://www.imsglobal.org/xsd/imsqti_v2p1">
<responseDeclaration identifier="RESPONSE" cardinality="single" baseType="identifier">
<correctResponse>
<value>alt_513159</value>
</correctResponse>
<mapping defaultValue="0" lowerBound="0.0">
<mapEntry mapKey="alt_631617" mappedValue="-0.25"/>
<mapEntry mapKey="alt_716724" mappedValue="-0.25"/>
<mapEntry mapKey="alt_117716" mappedValue="-0.25"/>
<mapEntry mapKey="alt_144240" mappedValue="-0.25"/>
<mapEntry mapKey="alt_513159" mappedValue="1"/>
</mapping>
</responseDeclaration>
<outcomeDeclaration identifier="SCORE" cardinality="single" baseType="float" normalMaximum="1" normalMinimum="0" />
<outcomeDeclaration identifier="FEEDBACK" cardinality="single" baseType="identifier" />
<stylesheet href="css/vufsw-cronbach'salpha-0025-nl-tv_202510071724_item_1_schoice.css" type="text/css" />
<itemBody>
<p>Stel, we krijgen de onderstaande uitkomsten bij een
betrouwbaarheidsanalyse van een schaal met 6 items. Wat kunnen we het
beste met <strong>item V02</strong> doen? En waarom?<br />
<img src="vufsw-cronbach&#39;salpha-0025-nl.png" alt="image"/></p>
<choiceInteraction responseIdentifier="RESPONSE" shuffle="false" maxChoices="1">
<simpleChoice identifier="alt_631617">
<div class="textblock tvblock tvcss_1"><div class="rte_zone tveditor1">
 Dit item kunnen we het beste uit de schaal <strong>verwijderen</strong>, omdat de waarde bij “Cronbach’s Alpha if Item Deleted” lager is dan 0,80.
</div>
</div>
</simpleChoice>
<simpleChoice identifier="alt_716724">
<div class="textblock tvblock tvcss_1"><div class="rte_zone tveditor1">
 Dit item kunnen we het beste <strong>ompolen</strong> (hercoderen), omdat de Item-Total Correlatie een waarde heeft die hoger is dan 0,80.
</div>
</div>
</simpleChoice>
<simpleChoice identifier="alt_117716">
<div class="textblock tvblock tvcss_1"><div class="rte_zone tveditor1">
 Dit item kunnen we het beste <strong>ompolen</strong> (hercoderen), omdat de waarde bij “Cronbach’s Alpha if Item Deleted” lager is dan 0,80.
</div>
</div>
</simpleChoice>
<simpleChoice identifier="alt_144240">
<div class="textblock tvblock tvcss_1"><div class="rte_zone tveditor1">
 Dit item kunnen we het beste uit de schaal <strong>verwijderen</strong>, omdat de Item-Total Correlatie een waarde heeft die lager is dan 0,843.
</div>
</div>
</simpleChoice>
<simpleChoice identifier="alt_513159">
<div class="textblock tvblock tvcss_1"><div class="rte_zone tveditor1">
 Dit item kunnen we het beste ongewijzigd in de schaal <strong>behouden</strong>, omdat de waarde bij “Cronbach’s Alpha if Item Deleted” lager is dan 0,843.
</div>
</div>
</simpleChoice>
</choiceInteraction>
</itemBody>
<responseProcessing>
<responseCondition>
<responseIf>
<isNull>
<variable identifier="RESPONSE"/>
</isNull>
<setOutcomeValue identifier="SCORE">
<baseValue baseType="float">0.0</baseValue>
</setOutcomeValue>
<setOutcomeValue identifier="FEEDBACK">
<baseValue baseType="identifier">FAILURE</baseValue>
</setOutcomeValue>
</responseIf>
<responseElse>
<setOutcomeValue identifier="SCORE">
<mapResponse identifier="RESPONSE"/>
</setOutcomeValue>
<responseCondition>
<responseIf>
<equal toleranceMode="relative" tolerance="0.001">
<variable identifier="SCORE"/>
<variable identifier="MAXSCORE"/>
</equal>
<setOutcomeValue identifier="FEEDBACK">
<baseValue baseType="identifier">ANSWER_CORRECT</baseValue>
</setOutcomeValue>
</responseIf>
<responseElse>
<setOutcomeValue identifier="FEEDBACK">
<baseValue baseType="identifier">FAILURE</baseValue>
</setOutcomeValue>
</responseElse>
</responseCondition>
</responseElse>
</responseCondition>
</responseProcessing>
<modalFeedback identifier="FAILURE" outcomeIdentifier="FEEDBACK" showHide="show">
<div class="textblock tvblock tvcss_1"><div class="rte_zone tveditor1">
<p> all three are correct: diferent sample sizes, significant levels,
samples</p>
<br />
<ul>
<li> Dit item kunnen we het beste uit de schaal <strong>verwijderen</strong>, omdat de waarde bij “Cronbach’s Alpha if Item Deleted” lager is dan 0,80. <br /> False </li>
<li> Dit item kunnen we het beste <strong>ompolen</strong> (hercoderen), omdat de Item-Total Correlatie een waarde heeft die hoger is dan 0,80. <br /> False </li>
<li> Dit item kunnen we het beste <strong>ompolen</strong> (hercoderen), omdat de waarde bij “Cronbach’s Alpha if Item Deleted” lager is dan 0,80. <br /> False </li>
<li> Dit item kunnen we het beste uit de schaal <strong>verwijderen</strong>, omdat de Item-Total Correlatie een waarde heeft die lager is dan 0,843. <br /> False </li>
<li> Dit item kunnen we het beste ongewijzigd in de schaal <strong>behouden</strong>, omdat de waarde bij “Cronbach’s Alpha if Item Deleted” lager is dan 0,843. <br /> True </li>
</ul>
</div>
</div>
</modalFeedback>
<modalFeedback identifier="ANSWER_CORRECT" outcomeIdentifier="FEEDBACK" showHide="show">
<div class="textblock tvblock tvcss_1"><div class="rte_zone tveditor1">
<p> all three are correct: diferent sample sizes, significant levels,
samples</p>
<br />
<ul>
<li> Dit item kunnen we het beste uit de schaal <strong>verwijderen</strong>, omdat de waarde bij “Cronbach’s Alpha if Item Deleted” lager is dan 0,80. <br /> False </li>
<li> Dit item kunnen we het beste <strong>ompolen</strong> (hercoderen), omdat de Item-Total Correlatie een waarde heeft die hoger is dan 0,80. <br /> False </li>
<li> Dit item kunnen we het beste <strong>ompolen</strong> (hercoderen), omdat de waarde bij “Cronbach’s Alpha if Item Deleted” lager is dan 0,80. <br /> False </li>
<li> Dit item kunnen we het beste uit de schaal <strong>verwijderen</strong>, omdat de Item-Total Correlatie een waarde heeft die lager is dan 0,843. <br /> False </li>
<li> Dit item kunnen we het beste ongewijzigd in de schaal <strong>behouden</strong>, omdat de waarde bij “Cronbach’s Alpha if Item Deleted” lager is dan 0,843. <br /> True </li>
</ul>
</div>
</div>
</modalFeedback>
<modalFeedback identifier="PARTIAL_CORRECT" outcomeIdentifier="FEEDBACK" showHide="show">
<div class="textblock tvblock tvcss_1"><div class="rte_zone tveditor1">
<p> all three are correct: diferent sample sizes, significant levels,
samples</p>
<br />
<ul>
<li> Dit item kunnen we het beste uit de schaal <strong>verwijderen</strong>, omdat de waarde bij “Cronbach’s Alpha if Item Deleted” lager is dan 0,80. <br /> False </li>
<li> Dit item kunnen we het beste <strong>ompolen</strong> (hercoderen), omdat de Item-Total Correlatie een waarde heeft die hoger is dan 0,80. <br /> False </li>
<li> Dit item kunnen we het beste <strong>ompolen</strong> (hercoderen), omdat de waarde bij “Cronbach’s Alpha if Item Deleted” lager is dan 0,80. <br /> False </li>
<li> Dit item kunnen we het beste uit de schaal <strong>verwijderen</strong>, omdat de Item-Total Correlatie een waarde heeft die lager is dan 0,843. <br /> False </li>
<li> Dit item kunnen we het beste ongewijzigd in de schaal <strong>behouden</strong>, omdat de waarde bij “Cronbach’s Alpha if Item Deleted” lager is dan 0,843. <br /> True </li>
</ul>
</div>
</div>
</modalFeedback>
</assessmentItem>
