<?xml version="1.0" encoding="UTF-8"?>
<assessmentItem xsi:schemaLocation="http://www.imsglobal.org/xsd/imsqti_v2p1 http://www.imsglobal.org/xsd/qti/qtiv2p1/imsqti_v2p1p1.xsd http://www.w3.org/1998/Math/MathML http://www.w3.org/Math/XMLSchema/mathml2/mathml2.xsd" identifier="uva-oneway-anova-905-en-ans_110204421_section_1_item_1_schoice" title="Inferential_Statistics_uva-oneway-anova-905-en_uva-oneway-anova-905-en_schoice_1" adaptive="false" timeDependent="false" xmlns="http://www.imsglobal.org/xsd/imsqti_v2p1" xmlns:xsi="http://www.w3.org/2001/XMLSchema-instance">
<responseDeclaration identifier="uva-oneway-anova-905-en-ans_110204421_section_1_item_1_schoice_RESPONSE_1_7993478" cardinality="single" baseType="identifier">
<correctResponse>
<value>uva-oneway-anova-905-en-ans_110204421_section_1_item_1_schoice_3_7375021602</value>
</correctResponse>
<mapping defaultValue="0" lowerBound="0.0">
<mapEntry mapKey="uva-oneway-anova-905-en-ans_110204421_section_1_item_1_schoice_1_1803077956" mappedValue="0"/>
<mapEntry mapKey="uva-oneway-anova-905-en-ans_110204421_section_1_item_1_schoice_2_6213670674" mappedValue="0"/>
<mapEntry mapKey="uva-oneway-anova-905-en-ans_110204421_section_1_item_1_schoice_3_7375021602" mappedValue="1"/>
</mapping>
</responseDeclaration>
<outcomeDeclaration identifier="SCORE" cardinality="single" baseType="float" normalMaximum="1" normalMinimum="0">
<defaultValue>
<value>0.0</value>
</defaultValue>
</outcomeDeclaration>
<outcomeDeclaration identifier="MAXSCORE" cardinality="single" baseType="float">
<defaultValue>
<value>1</value>
</defaultValue>
</outcomeDeclaration>
<outcomeDeclaration identifier="FEEDBACKBASIC" cardinality="single" baseType="identifier" view="testConstructor">
<defaultValue>
<value>empty</value>
</defaultValue>
</outcomeDeclaration>
<outcomeDeclaration identifier="FEEDBACKMODAL" cardinality="multiple" baseType="identifier" view="testConstructor"/>
<outcomeDeclaration identifier="SOLUTIONMODAL" cardinality="single" baseType="identifier" view="testConstructor"/>
<outcomeDeclaration identifier="MINSCORE" cardinality="single" baseType="float">
<defaultValue>
<value baseType="float">0</value>
</defaultValue>
</outcomeDeclaration>
<outcomeDeclaration identifier="SCORE_RESPONSE_1" cardinality="single" baseType="float">
<defaultValue>
<value>0.0</value>
</defaultValue>
</outcomeDeclaration>
<outcomeDeclaration identifier="MINSCORE_RESPONSE_1" cardinality="single" baseType="float">
<defaultValue>
<value>0.0</value>
</defaultValue>
</outcomeDeclaration>
<itemBody>
<p>The table shows the result of a one-factor ANOVA.</p>
<p>——– —- —– —- — Source df SS MS F Groups 2 Error 60 300 Total 62 330 ——– —- —– —- —</p>
<p>The test for the null hypothesis ANOVA can be performed at a significance level of 0.05</p>
<choiceInteraction responseIdentifier="uva-oneway-anova-905-en-ans_110204421_section_1_item_1_schoice_RESPONSE_1_7993478" shuffle="false" maxChoices="1">
<simpleChoice identifier="uva-oneway-anova-905-en-ans_110204421_section_1_item_1_schoice_1_1803077956">
<p>
 Cannot be determined
</p>
</simpleChoice>
<simpleChoice identifier="uva-oneway-anova-905-en-ans_110204421_section_1_item_1_schoice_2_6213670674">
<p>
 Be rejected
</p>
</simpleChoice>
<simpleChoice identifier="uva-oneway-anova-905-en-ans_110204421_section_1_item_1_schoice_3_7375021602">
<p>
 Not to be rejected
</p>
</simpleChoice>
</choiceInteraction>
</itemBody>
<responseProcessing>
<setOutcomeValue identifier="SCORE_RESPONSE_1">
<sum>
<variable identifier="SCORE_RESPONSE_1"/>
<mapResponse identifier="uva-oneway-anova-905-en-ans_110204421_section_1_item_1_schoice_RESPONSE_1_7993478"/>
</sum>
</setOutcomeValue>
<responseCondition>
<responseIf>
<lt>
<variable identifier="SCORE_RESPONSE_1"/>
<variable identifier="MINSCORE_RESPONSE_1"/>
</lt>
<setOutcomeValue identifier="SCORE_RESPONSE_1">
<variable identifier="MINSCORE_RESPONSE_1"/>
</setOutcomeValue>
</responseIf>
</responseCondition>
<responseCondition>
<responseIf>
<isNull>
<variable identifier="uva-oneway-anova-905-en-ans_110204421_section_1_item_1_schoice_RESPONSE_1_7993478"/>
</isNull>
<setOutcomeValue identifier="SCORE_RESPONSE_1">
<sum>
<variable identifier="SCORE_RESPONSE_1"/>
<baseValue baseType="float">0</baseValue>
</sum>
</setOutcomeValue>
</responseIf>
</responseCondition>
<setOutcomeValue identifier="SCORE">
<sum>
<variable identifier="SCORE_RESPONSE_1"/>
</sum>
</setOutcomeValue>
<responseCondition>
<responseIf>
<lt>
<variable identifier="SCORE"/>
<variable identifier="MINSCORE"/>
</lt>
<setOutcomeValue identifier="SCORE">
<variable identifier="MINSCORE"/>
</setOutcomeValue>
</responseIf>
</responseCondition>
<responseCondition>
<responseIf>
<lt>
<variable identifier="SCORE"/>
<baseValue baseType="float">1</baseValue>
</lt>
<setOutcomeValue identifier="FEEDBACKMODAL">
<multiple>
<variable identifier="FEEDBACKMODAL"/>
<baseValue baseType="identifier">Feedback110908196</baseValue>
</multiple>
</setOutcomeValue>
</responseIf>
</responseCondition>
</responseProcessing>
<modalFeedback outcomeIdentifier="FEEDBACK" showHide="show" identifier="incorrect">
<ul>
<li> Cannot be determined <br /> Cannot be determined: Incorrect </li>
<li> Be rejected <br /> Be rejected: Incorrect </li>
<li> Not to be rejected <br /> Not be rejected: Correct </li>
</ul>
</modalFeedback>
</assessmentItem>
