<?xml version="1.0" encoding="UTF-8"?>
<!DOCTYPE questestinterop SYSTEM "ims_qtiasiv1p2p1.dtd">

<questestinterop xmlns="http://www.imsglobal.org/xsd/ims_qtiasiv1p2" xmlns:xsi="http://www.w3.org/2001/XMLSchema-instance" xsi:schemaLocation="http://www.imsglobal.org/xsd/ims_qtiasiv1p2 http://www.imsglobal.org/xsd/ims_qtiasiv1p2p1.xsd">
<assessment ident="vufsw-twoway_anova-1375-nl-canvas_444906433" title="vufsw-twoway_anova-1375-nl-canvas">

<qtimetadata>
<qtimetadatafield>
<fieldlabel>cc_maxattempts</fieldlabel>
<fieldentry>1</fieldentry>
</qtimetadatafield>
<qtimetadatafield>
<fieldlabel>qmd_assessmenttype</fieldlabel>
<fieldentry>Assessment</fieldentry>
</qtimetadatafield>
</qtimetadata>
<objectives>
<material>
<mattext><![CDATA[Please solve the following exercises.]]></mattext>
</material>
</objectives>
<assessmentcontrol feedbackswitch="No" hintswitch="No" solutionswitch="Yes"/>
<outcomes_processing scoremodel="SumOfScores">
<outcomes>
<decvar varname="SCORE" vartype="Decimal" cutvalue="0"/>
</outcomes>
</outcomes_processing>
<assessfeedback title="AssessmentFeedback" ident="AssessmentFeedback">
<flow_mat>
<material>
<mattext>##AssessmentFeedback##</mattext>
</material>
</flow_mat>
</assessfeedback>

<section ident="vufsw-twoway_anova-1375-nl-canvas_444906433_section_1" title="Exercise">

<objectives>
<material>
<mattext><![CDATA[Please answer the following question.]]></mattext>
</material>
</objectives>
<selection_ordering>
<selection>
<selection_number>1</selection_number>
<selection_extension>
<points_per_item>1</points_per_item>
</selection_extension>
</selection>
<order order_type="Random"/>
</selection_ordering>

<item ident="vufsw-twoway_anova-1375-nl-canvas_444906433_section_1_item_1_schoice" title="Question" maxattempts="1">
<itemcontrol feedbackswitch="No" hintswitch="No" solutionswitch="Yes"/>
<itemmetadata>
<qtimetadata>
<qtimetadatafield>
<fieldlabel>question_type</fieldlabel>
<fieldentry>multiple_choice_question</fieldentry>
</qtimetadatafield>
</qtimetadata>
</itemmetadata>
<presentation>
<flow>
<material>
<matbreak/>
<mattext texttype="text/html" charset="utf-8"><![CDATA[
<p>Verandert je muzieksmaak als je ouder wordt? Field verwacht van wel en
onderzoekt dit door in een experiment twee leeftijdsgroepen te
onderscheiden: jong volwassenen onder de 40 en ouderen, boven de 40
(variabele: age). Beide leeftijdsgroepen zijn bovendien random
opgesplitst in drie kleinere groepen, en deze moeten luisteren naar
muziek van Fugazo, Abba, of Barf Grooks (variabele: music). Iedere
deelnemer beoordeelt de muziek op een schaal van -100 tot + 100
(variabele: liking,  een hogere score betekent een hogere ‘liking’).<br />
<img src="data/supplements_1_1/1602950529966.png" /> 
<img src="data/supplements_1_1/1602950556931.png" /></p>
<p><img src="data/supplements_1_1/1602950597019.png" /> <img src="data/supplements_1_1/1602950627758.png" /> 
<img src="data/supplements_1_1/1602950646258.png" /></p>
<p>Welk van de onderstaande F-waarden toetst of er verschillen zijn in de
gemiddelde muziekwaardering tussen de (2 leeftijdsgroepen x 3
muzieksoorten =) zes onderscheiden groepen?</p>
]]></mattext>
<matbreak/>
</material>
<response_lid ident="vufsw-twoway_anova-1375-nl-canvas_444906433_section_1_item_1_schoice_RESPONSE_1761685" rcardinality="Single" rtiming="No">
<render_choice shuffle="No">
<flow_label class="List">
<response_label ident="vufsw-twoway_anova-1375-nl-canvas_444906433_section_1_item_1_schoice_8472945125" rshuffle="No">
<material>
<mattext texttype="text/html" charset="utf-8"><![CDATA[
 386.227
]]></mattext>
</material>
</response_label>
</flow_label>
<flow_label class="List">
<response_label ident="vufsw-twoway_anova-1375-nl-canvas_444906433_section_1_item_1_schoice_9277567121" rshuffle="No">
<material>
<mattext texttype="text/html" charset="utf-8"><![CDATA[
 163.330
]]></mattext>
</material>
</response_label>
</flow_label>
<flow_label class="List">
<response_label ident="vufsw-twoway_anova-1375-nl-canvas_444906433_section_1_item_1_schoice_6166772754" rshuffle="No">
<material>
<mattext texttype="text/html" charset="utf-8"><![CDATA[
 1.961
]]></mattext>
</material>
</response_label>
</flow_label>
<flow_label class="List">
<response_label ident="vufsw-twoway_anova-1375-nl-canvas_444906433_section_1_item_1_schoice_7361810752" rshuffle="No">
<material>
<mattext texttype="text/html" charset="utf-8"><![CDATA[
 762.502
]]></mattext>
</material>
</response_label>
</flow_label>
</render_choice>
</response_lid>
</flow>
</presentation>
<resprocessing>
<outcomes>
<decvar varname="SCORE" vartype="Decimal" defaultval="0" minvalue="0" maxvalue="1" cutvalue="1"/>
</outcomes>
<respcondition title="Mastery" continue="No">
<conditionvar>
<and>
<varequal respident="vufsw-twoway_anova-1375-nl-canvas_444906433_section_1_item_1_schoice_RESPONSE_1761685" case="Yes">vufsw-twoway_anova-1375-nl-canvas_444906433_section_1_item_1_schoice_8472945125</varequal>
<not> <varequal respident="vufsw-twoway_anova-1375-nl-canvas_444906433_section_1_item_1_schoice_RESPONSE_1761685" case="Yes">vufsw-twoway_anova-1375-nl-canvas_444906433_section_1_item_1_schoice_9277567121</varequal> </not>
<not> <varequal respident="vufsw-twoway_anova-1375-nl-canvas_444906433_section_1_item_1_schoice_RESPONSE_1761685" case="Yes">vufsw-twoway_anova-1375-nl-canvas_444906433_section_1_item_1_schoice_6166772754</varequal> </not>
<not> <varequal respident="vufsw-twoway_anova-1375-nl-canvas_444906433_section_1_item_1_schoice_RESPONSE_1761685" case="Yes">vufsw-twoway_anova-1375-nl-canvas_444906433_section_1_item_1_schoice_7361810752</varequal> </not>
</and>
</conditionvar>
<setvar varname="SCORE" action="Set">1</setvar>
<displayfeedback feedbacktype="Response" linkrefid="correct_fb"/>
</respcondition>
<respcondition continue="Yes">
<conditionvar>
<other/>
</conditionvar>
<displayfeedback feedbacktype="Response" linkrefid="general_incorrect_fb"/>
</respcondition>
</resprocessing>
<itemfeedback ident="correct_fb" view="All">
<flow_mat>
<material>
<mattext texttype="text/html"><![CDATA[
<ul>
<li> 386.227 <br /> True </li>
<li> 163.330 <br /> False </li>
<li> 1.961 <br /> False </li>
<li> 762.502 <br /> False </li>
</ul>
]]></mattext>
</material>
</flow_mat>
</itemfeedback>
<itemfeedback ident="general_incorrect_fb" view="All">
<flow_mat>
<material>
<mattext texttype="text/html"><![CDATA[
<ul>
<li> 386.227 <br /> True </li>
<li> 163.330 <br /> False </li>
<li> 1.961 <br /> False </li>
<li> 762.502 <br /> False </li>
</ul>
]]></mattext>
</material>
</flow_mat>
</itemfeedback>
</item>


</section>

</assessment>
</questestinterop>
