<?xml version="1.0" encoding="UTF-8"?>
<assessmentItem xsi:schemaLocation="http://www.imsglobal.org/xsd/imsqti_v2p1 http://www.imsglobal.org/xsd/qti/qtiv2p1/imsqti_v2p1p1.xsd http://www.w3.org/1998/Math/MathML http://www.w3.org/Math/XMLSchema/mathml2/mathml2.xsd" identifier="vufgb-logisticregression-036-en-ans_869381827_section_1_item_1_schoice" title="Inferential_Statistics_vufgb-logisticregression-036-en_vufgb-logisticregression-036-en_schoice_1" adaptive="false" timeDependent="false" xmlns="http://www.imsglobal.org/xsd/imsqti_v2p1" xmlns:xsi="http://www.w3.org/2001/XMLSchema-instance">
<responseDeclaration identifier="vufgb-logisticregression-036-en-ans_869381827_section_1_item_1_schoice_RESPONSE_1_1117224" cardinality="single" baseType="identifier">
<correctResponse>
<value>vufgb-logisticregression-036-en-ans_869381827_section_1_item_1_schoice_1_5081071518</value>
</correctResponse>
<mapping defaultValue="0" lowerBound="0.0">
<mapEntry mapKey="vufgb-logisticregression-036-en-ans_869381827_section_1_item_1_schoice_1_5081071518" mappedValue="1"/>
<mapEntry mapKey="vufgb-logisticregression-036-en-ans_869381827_section_1_item_1_schoice_2_1889194907" mappedValue="0"/>
<mapEntry mapKey="vufgb-logisticregression-036-en-ans_869381827_section_1_item_1_schoice_3_4943657569" mappedValue="0"/>
<mapEntry mapKey="vufgb-logisticregression-036-en-ans_869381827_section_1_item_1_schoice_4_2878561182" mappedValue="0"/>
</mapping>
</responseDeclaration>
<outcomeDeclaration identifier="SCORE" cardinality="single" baseType="float" normalMaximum="1" normalMinimum="0">
<defaultValue>
<value>0.0</value>
</defaultValue>
</outcomeDeclaration>
<outcomeDeclaration identifier="MAXSCORE" cardinality="single" baseType="float">
<defaultValue>
<value>1</value>
</defaultValue>
</outcomeDeclaration>
<outcomeDeclaration identifier="FEEDBACKBASIC" cardinality="single" baseType="identifier" view="testConstructor">
<defaultValue>
<value>empty</value>
</defaultValue>
</outcomeDeclaration>
<outcomeDeclaration identifier="FEEDBACKMODAL" cardinality="multiple" baseType="identifier" view="testConstructor"/>
<outcomeDeclaration identifier="SOLUTIONMODAL" cardinality="single" baseType="identifier" view="testConstructor"/>
<outcomeDeclaration identifier="MINSCORE" cardinality="single" baseType="float">
<defaultValue>
<value baseType="float">0</value>
</defaultValue>
</outcomeDeclaration>
<outcomeDeclaration identifier="SCORE_RESPONSE_1" cardinality="single" baseType="float">
<defaultValue>
<value>0.0</value>
</defaultValue>
</outcomeDeclaration>
<outcomeDeclaration identifier="MINSCORE_RESPONSE_1" cardinality="single" baseType="float">
<defaultValue>
<value>0.0</value>
</defaultValue>
</outcomeDeclaration>
<itemBody>
<p>The figure below shows the relationship between a quantitative <em>x</em> and the cumulative probability of an outcome <em>j</em> or smaller for an ordinal <em>y</em>.</p>
<p>Complete.</p>
<p>The probability of a higher outcome on <em>y</em> increases … as <em>x</em> increases, and <em>y</em> consists of … categories.</p>
<p><img src="media/supplements1/vufgb-logisticregression-036-nl-figure01.jpg" /></p>
<choiceInteraction responseIdentifier="vufgb-logisticregression-036-en-ans_869381827_section_1_item_1_schoice_RESPONSE_1_1117224" shuffle="false" maxChoices="1">
<simpleChoice identifier="vufgb-logisticregression-036-en-ans_869381827_section_1_item_1_schoice_1_5081071518">
<p>
 Af ; 4
</p>
</simpleChoice>
<simpleChoice identifier="vufgb-logisticregression-036-en-ans_869381827_section_1_item_1_schoice_2_1889194907">
<p>
 Off ; 3
</p>
</simpleChoice>
<simpleChoice identifier="vufgb-logisticregression-036-en-ans_869381827_section_1_item_1_schoice_3_4943657569">
<p>
 Add ; 4
</p>
</simpleChoice>
<simpleChoice identifier="vufgb-logisticregression-036-en-ans_869381827_section_1_item_1_schoice_4_2878561182">
<p>
 Add ; 3
</p>
</simpleChoice>
</choiceInteraction>
</itemBody>
<responseProcessing>
<setOutcomeValue identifier="SCORE_RESPONSE_1">
<sum>
<variable identifier="SCORE_RESPONSE_1"/>
<mapResponse identifier="vufgb-logisticregression-036-en-ans_869381827_section_1_item_1_schoice_RESPONSE_1_1117224"/>
</sum>
</setOutcomeValue>
<responseCondition>
<responseIf>
<lt>
<variable identifier="SCORE_RESPONSE_1"/>
<variable identifier="MINSCORE_RESPONSE_1"/>
</lt>
<setOutcomeValue identifier="SCORE_RESPONSE_1">
<variable identifier="MINSCORE_RESPONSE_1"/>
</setOutcomeValue>
</responseIf>
</responseCondition>
<responseCondition>
<responseIf>
<isNull>
<variable identifier="vufgb-logisticregression-036-en-ans_869381827_section_1_item_1_schoice_RESPONSE_1_1117224"/>
</isNull>
<setOutcomeValue identifier="SCORE_RESPONSE_1">
<sum>
<variable identifier="SCORE_RESPONSE_1"/>
<baseValue baseType="float">0</baseValue>
</sum>
</setOutcomeValue>
</responseIf>
</responseCondition>
<setOutcomeValue identifier="SCORE">
<sum>
<variable identifier="SCORE_RESPONSE_1"/>
</sum>
</setOutcomeValue>
<responseCondition>
<responseIf>
<lt>
<variable identifier="SCORE"/>
<variable identifier="MINSCORE"/>
</lt>
<setOutcomeValue identifier="SCORE">
<variable identifier="MINSCORE"/>
</setOutcomeValue>
</responseIf>
</responseCondition>
<responseCondition>
<responseIf>
<lt>
<variable identifier="SCORE"/>
<baseValue baseType="float">1</baseValue>
</lt>
<setOutcomeValue identifier="FEEDBACKMODAL">
<multiple>
<variable identifier="FEEDBACKMODAL"/>
<baseValue baseType="identifier">Feedback233129885</baseValue>
</multiple>
</setOutcomeValue>
</responseIf>
</responseCondition>
</responseProcessing>
<modalFeedback outcomeIdentifier="FEEDBACK" showHide="show" identifier="incorrect">
<ul>
<li> Af ; 4 <br /> Correct </li>
<li> Off ; 3 <br /> Incorrect </li>
<li> Add ; 4 <br /> Incorrect </li>
<li> Add ; 3 <br /> Incorrect </li>
</ul>
</modalFeedback>
</assessmentItem>
