<?xml version="1.0" encoding="UTF-8"?>
<assessmentItem xsi:schemaLocation="http://www.imsglobal.org/xsd/imsqti_v2p1 http://www.imsglobal.org/xsd/qti/qtiv2p1/imsqti_v2p1p1.xsd http://www.w3.org/1998/Math/MathML http://www.w3.org/Math/XMLSchema/mathml2/mathml2.xsd" identifier="uu-Twoway-ANOVA-882-nl-ans_183107795_section_1_item_1_schoice" title="Inferential_Statistics_uu-Twoway-ANOVA-882-nl_uu-Twoway-ANOVA-882-nl_schoice_1" adaptive="false" timeDependent="false" xmlns="http://www.imsglobal.org/xsd/imsqti_v2p1" xmlns:xsi="http://www.w3.org/2001/XMLSchema-instance">
<responseDeclaration identifier="uu-Twoway-ANOVA-882-nl-ans_183107795_section_1_item_1_schoice_RESPONSE_1_8920821" cardinality="single" baseType="identifier">
<correctResponse>
<value>uu-Twoway-ANOVA-882-nl-ans_183107795_section_1_item_1_schoice_4_5318239836</value>
</correctResponse>
<mapping defaultValue="0" lowerBound="0.0">
<mapEntry mapKey="uu-Twoway-ANOVA-882-nl-ans_183107795_section_1_item_1_schoice_1_6269299650" mappedValue="0"/>
<mapEntry mapKey="uu-Twoway-ANOVA-882-nl-ans_183107795_section_1_item_1_schoice_2_8605654323" mappedValue="0"/>
<mapEntry mapKey="uu-Twoway-ANOVA-882-nl-ans_183107795_section_1_item_1_schoice_3_7036944640" mappedValue="0"/>
<mapEntry mapKey="uu-Twoway-ANOVA-882-nl-ans_183107795_section_1_item_1_schoice_4_5318239836" mappedValue="1"/>
</mapping>
</responseDeclaration>
<outcomeDeclaration identifier="SCORE" cardinality="single" baseType="float" normalMaximum="1" normalMinimum="0">
<defaultValue>
<value>0.0</value>
</defaultValue>
</outcomeDeclaration>
<outcomeDeclaration identifier="MAXSCORE" cardinality="single" baseType="float">
<defaultValue>
<value>1</value>
</defaultValue>
</outcomeDeclaration>
<outcomeDeclaration identifier="FEEDBACKBASIC" cardinality="single" baseType="identifier" view="testConstructor">
<defaultValue>
<value>empty</value>
</defaultValue>
</outcomeDeclaration>
<outcomeDeclaration identifier="FEEDBACKMODAL" cardinality="multiple" baseType="identifier" view="testConstructor"/>
<outcomeDeclaration identifier="SOLUTIONMODAL" cardinality="single" baseType="identifier" view="testConstructor"/>
<outcomeDeclaration identifier="MINSCORE" cardinality="single" baseType="float">
<defaultValue>
<value baseType="float">0</value>
</defaultValue>
</outcomeDeclaration>
<outcomeDeclaration identifier="SCORE_RESPONSE_1" cardinality="single" baseType="float">
<defaultValue>
<value>0.0</value>
</defaultValue>
</outcomeDeclaration>
<outcomeDeclaration identifier="MINSCORE_RESPONSE_1" cardinality="single" baseType="float">
<defaultValue>
<value>0.0</value>
</defaultValue>
</outcomeDeclaration>
<itemBody>
<p>Bij een 2x2 factorial design (geslacht = A en inkomen = B) komen de volgende resultaten voor: <span class="math inline">\(A_{1}B_{1}\)</span> = 20, <span class="math inline">\(A_{1}B_{2}\)</span> = 30, <span class="math inline">\(A_{2}B_{1}\)</span> = 30, <span class="math inline">\(A_{2}B_{2}\)</span> = 40</p>
<p>Welke van de volgende antwoorden is waar?</p>
<choiceInteraction responseIdentifier="uu-Twoway-ANOVA-882-nl-ans_183107795_section_1_item_1_schoice_RESPONSE_1_8920821" shuffle="false" maxChoices="1">
<simpleChoice identifier="uu-Twoway-ANOVA-882-nl-ans_183107795_section_1_item_1_schoice_1_6269299650">
<p>
 er is één hoofdeffect en een interactie.
</p>
</simpleChoice>
<simpleChoice identifier="uu-Twoway-ANOVA-882-nl-ans_183107795_section_1_item_1_schoice_2_8605654323">
<p>
 er is een interactie, maar geen hoofdeffect.
</p>
</simpleChoice>
<simpleChoice identifier="uu-Twoway-ANOVA-882-nl-ans_183107795_section_1_item_1_schoice_3_7036944640">
<p>
 er zijn twee hoofdeffecten en een interactie.
</p>
</simpleChoice>
<simpleChoice identifier="uu-Twoway-ANOVA-882-nl-ans_183107795_section_1_item_1_schoice_4_5318239836">
<p>
 er zijn twee hoofdeffecten, maar geen interactie.
</p>
</simpleChoice>
</choiceInteraction>
</itemBody>
<responseProcessing>
<setOutcomeValue identifier="SCORE_RESPONSE_1">
<sum>
<variable identifier="SCORE_RESPONSE_1"/>
<mapResponse identifier="uu-Twoway-ANOVA-882-nl-ans_183107795_section_1_item_1_schoice_RESPONSE_1_8920821"/>
</sum>
</setOutcomeValue>
<responseCondition>
<responseIf>
<lt>
<variable identifier="SCORE_RESPONSE_1"/>
<variable identifier="MINSCORE_RESPONSE_1"/>
</lt>
<setOutcomeValue identifier="SCORE_RESPONSE_1">
<variable identifier="MINSCORE_RESPONSE_1"/>
</setOutcomeValue>
</responseIf>
</responseCondition>
<responseCondition>
<responseIf>
<isNull>
<variable identifier="uu-Twoway-ANOVA-882-nl-ans_183107795_section_1_item_1_schoice_RESPONSE_1_8920821"/>
</isNull>
<setOutcomeValue identifier="SCORE_RESPONSE_1">
<sum>
<variable identifier="SCORE_RESPONSE_1"/>
<baseValue baseType="float">0</baseValue>
</sum>
</setOutcomeValue>
</responseIf>
</responseCondition>
<setOutcomeValue identifier="SCORE">
<sum>
<variable identifier="SCORE_RESPONSE_1"/>
</sum>
</setOutcomeValue>
<responseCondition>
<responseIf>
<lt>
<variable identifier="SCORE"/>
<variable identifier="MINSCORE"/>
</lt>
<setOutcomeValue identifier="SCORE">
<variable identifier="MINSCORE"/>
</setOutcomeValue>
</responseIf>
</responseCondition>
<responseCondition>
<responseIf>
<lt>
<variable identifier="SCORE"/>
<baseValue baseType="float">1</baseValue>
</lt>
<setOutcomeValue identifier="FEEDBACKMODAL">
<multiple>
<variable identifier="FEEDBACKMODAL"/>
<baseValue baseType="identifier">Feedback380144920</baseValue>
</multiple>
</setOutcomeValue>
</responseIf>
</responseCondition>
</responseProcessing>
<modalFeedback outcomeIdentifier="FEEDBACK" showHide="show" identifier="incorrect">
</modalFeedback>
</assessmentItem>
