<?xml version="1.0" encoding="utf-8" standalone="yes"?>
<assessmentItem identifier="uva-measures-of-location-23-nl-tv_202601131820_item_1_schoice" title="uva-measures-of-location-23-nl-tv_202601131820_item_1_schoice_uva-measures-of-location-23-nl" adaptive="false" timeDependent="false" toolName="Testvision Online" toolVersion="39.0.9084" xmlns="http://www.imsglobal.org/xsd/imsqti_v2p1">
<responseDeclaration identifier="RESPONSE" cardinality="single" baseType="identifier">
<correctResponse>
<value>alt_643495</value>
</correctResponse>
<mapping defaultValue="0" lowerBound="0.0">
<mapEntry mapKey="alt_643495" mappedValue="1"/>
<mapEntry mapKey="alt_458477" mappedValue="-0.5"/>
<mapEntry mapKey="alt_318942" mappedValue="-0.5"/>
</mapping>
</responseDeclaration>
<outcomeDeclaration identifier="SCORE" cardinality="single" baseType="float" normalMaximum="1" normalMinimum="0" />
<outcomeDeclaration identifier="FEEDBACK" cardinality="single" baseType="identifier" />
<stylesheet href="css/uva-measures-of-location-23-nl-tv_202601131820_item_1_schoice.css" type="text/css" />
<itemBody>
<p>In een experiment naar intelligentie wordt de reactietijd gemeten op een
vraag bij 25 proefpersonen. De gemiddelde reactietijd is 16.2 seconden
en de standaarddeviatie is 2.0 seconden. Een 95% <em>confidence interval</em>
voor dit gemiddelde is</p>
<choiceInteraction responseIdentifier="RESPONSE" shuffle="false" maxChoices="1">
<simpleChoice identifier="alt_643495">
<div class="textblock tvblock tvcss_1"><div class="rte_zone tveditor1">
 (15.37, 17.03).
</div>
</div>
</simpleChoice>
<simpleChoice identifier="alt_458477">
<div class="textblock tvblock tvcss_1"><div class="rte_zone tveditor1">
 (16.03, 16.37).
</div>
</div>
</simpleChoice>
<simpleChoice identifier="alt_318942">
<div class="textblock tvblock tvcss_1"><div class="rte_zone tveditor1">
 (16.04, 16.36).
</div>
</div>
</simpleChoice>
</choiceInteraction>
</itemBody>
<responseProcessing>
<responseCondition>
<responseIf>
<isNull>
<variable identifier="RESPONSE"/>
</isNull>
<setOutcomeValue identifier="SCORE">
<baseValue baseType="float">0.0</baseValue>
</setOutcomeValue>
<setOutcomeValue identifier="FEEDBACK">
<baseValue baseType="identifier">FAILURE</baseValue>
</setOutcomeValue>
</responseIf>
<responseElse>
<setOutcomeValue identifier="SCORE">
<mapResponse identifier="RESPONSE"/>
</setOutcomeValue>
<responseCondition>
<responseIf>
<equal toleranceMode="relative" tolerance="0.001">
<variable identifier="SCORE"/>
<variable identifier="MAXSCORE"/>
</equal>
<setOutcomeValue identifier="FEEDBACK">
<baseValue baseType="identifier">ANSWER_CORRECT</baseValue>
</setOutcomeValue>
</responseIf>
<responseElse>
<setOutcomeValue identifier="FEEDBACK">
<baseValue baseType="identifier">FAILURE</baseValue>
</setOutcomeValue>
</responseElse>
</responseCondition>
</responseElse>
</responseCondition>
</responseProcessing>
<modalFeedback identifier="FAILURE" outcomeIdentifier="FEEDBACK" showHide="show">
<div class="textblock tvblock tvcss_1"><div class="rte_zone tveditor1">
<ul>
<li> (15.37, 17.03). <br /> (15.37, 17.03).: Correct </li>
<li> (16.03, 16.37). <br /> (16.03, 16.37).: Incorrect </li>
<li> (16.04, 16.36). <br /> (16.04, 16.36).: Incorrect </li>
</ul>
</div>
</div>
</modalFeedback>
<modalFeedback identifier="ANSWER_CORRECT" outcomeIdentifier="FEEDBACK" showHide="show">
<div class="textblock tvblock tvcss_1"><div class="rte_zone tveditor1">
<ul>
<li> (15.37, 17.03). <br /> (15.37, 17.03).: Correct </li>
<li> (16.03, 16.37). <br /> (16.03, 16.37).: Incorrect </li>
<li> (16.04, 16.36). <br /> (16.04, 16.36).: Incorrect </li>
</ul>
</div>
</div>
</modalFeedback>
<modalFeedback identifier="PARTIAL_CORRECT" outcomeIdentifier="FEEDBACK" showHide="show">
<div class="textblock tvblock tvcss_1"><div class="rte_zone tveditor1">
<ul>
<li> (15.37, 17.03). <br /> (15.37, 17.03).: Correct </li>
<li> (16.03, 16.37). <br /> (16.03, 16.37).: Incorrect </li>
<li> (16.04, 16.36). <br /> (16.04, 16.36).: Incorrect </li>
</ul>
</div>
</div>
</modalFeedback>
</assessmentItem>
