<?xml version="1.0" encoding="UTF-8"?>
<assessmentItem xsi:schemaLocation="http://www.imsglobal.org/xsd/imsqti_v2p1 http://www.imsglobal.org/xsd/qti/qtiv2p1/imsqti_v2p1p1.xsd http://www.w3.org/1998/Math/MathML http://www.w3.org/Math/XMLSchema/mathml2/mathml2.xsd" identifier="vufgb-multiplelinearregression-001-nl_824088764_section_1_item_1_schoice" title="1" adaptive="false" timeDependent="false" xmlns="http://www.imsglobal.org/xsd/imsqti_v2p1" xmlns:xsi="http://www.w3.org/2001/XMLSchema-instance">
<responseDeclaration identifier="vufgb-multiplelinearregression-001-nl_824088764_section_1_item_1_schoice_RESPONSE_1_4208545" cardinality="single" baseType="identifier">
<correctResponse>
<value>vufgb-multiplelinearregression-001-nl_824088764_section_1_item_1_schoice_2_9976828939</value>
</correctResponse>
<mapping defaultValue="0" lowerBound="0.0">
<mapEntry mapKey="vufgb-multiplelinearregression-001-nl_824088764_section_1_item_1_schoice_1_1569764466" mappedValue="0"/>
<mapEntry mapKey="vufgb-multiplelinearregression-001-nl_824088764_section_1_item_1_schoice_2_9976828939" mappedValue="1"/>
<mapEntry mapKey="vufgb-multiplelinearregression-001-nl_824088764_section_1_item_1_schoice_3_8292686098" mappedValue="0"/>
<mapEntry mapKey="vufgb-multiplelinearregression-001-nl_824088764_section_1_item_1_schoice_4_8036576337" mappedValue="0"/>
</mapping>
</responseDeclaration>
<outcomeDeclaration identifier="SCORE" cardinality="single" baseType="float" normalMaximum="1" normalMinimum="0">
<defaultValue>
<value>0.0</value>
</defaultValue>
</outcomeDeclaration>
<outcomeDeclaration identifier="MAXSCORE" cardinality="single" baseType="float">
<defaultValue>
<value>1</value>
</defaultValue>
</outcomeDeclaration>
<outcomeDeclaration identifier="FEEDBACKBASIC" cardinality="single" baseType="identifier" view="testConstructor">
<defaultValue>
<value>empty</value>
</defaultValue>
</outcomeDeclaration>
<outcomeDeclaration identifier="FEEDBACKMODAL" cardinality="multiple" baseType="identifier" view="testConstructor"/>
<outcomeDeclaration identifier="MINSCORE" cardinality="single" baseType="float">
<defaultValue>
<value baseType="float">0</value>
</defaultValue>
</outcomeDeclaration>
<outcomeDeclaration identifier="SCORE_RESPONSE_1" cardinality="single" baseType="float">
<defaultValue>
<value>0.0</value>
</defaultValue>
</outcomeDeclaration>
<outcomeDeclaration identifier="MINSCORE_RESPONSE_1" cardinality="single" baseType="float">
<defaultValue>
<value>0.0</value>
</defaultValue>
</outcomeDeclaration>
<itemBody>
<p>Renske wil weten of er een verband is tussen het cijfer voor de eindopdracht van Statistiek 2 en het cijfer voor de Bachelortthese. Zij wil hierbij statistisch controleren voor het cijfer voor het tentamen van Statistiek 2. Welke methode kan zij het beste gebruiken?</p>
<choiceInteraction responseIdentifier="vufgb-multiplelinearregression-001-nl_824088764_section_1_item_1_schoice_RESPONSE_1_4208545" shuffle="false" maxChoices="1">
<simpleChoice identifier="vufgb-multiplelinearregression-001-nl_824088764_section_1_item_1_schoice_1_1569764466">
<p>
a. Enkelvoudige lineaire regressie.
</p>
</simpleChoice>
<simpleChoice identifier="vufgb-multiplelinearregression-001-nl_824088764_section_1_item_1_schoice_2_9976828939">
<p>
b. Meervoudige lineaire regressie zonder interactie.
</p>
</simpleChoice>
<simpleChoice identifier="vufgb-multiplelinearregression-001-nl_824088764_section_1_item_1_schoice_3_8292686098">
<p>
c. Meervoudige lineaire regressie met interactie.
</p>
</simpleChoice>
<simpleChoice identifier="vufgb-multiplelinearregression-001-nl_824088764_section_1_item_1_schoice_4_8036576337">
<p>
d. ANCOVA.
</p>
</simpleChoice>
</choiceInteraction>
</itemBody>
<responseProcessing>
<responseCondition>
<responseIf>
<isNull>
<variable identifier="vufgb-multiplelinearregression-001-nl_824088764_section_1_item_1_schoice_RESPONSE_1_4208545"/>
</isNull>
<setOutcomeValue identifier="SCORE_RESPONSE_1">
<sum>
<variable identifier="SCORE_RESPONSE_1"/>
<baseValue baseType="float">0</baseValue>
</sum>
</setOutcomeValue>
</responseIf>
</responseCondition>
<setOutcomeValue identifier="SCORE_RESPONSE_1">
<sum>
<variable identifier="SCORE_RESPONSE_1"/>
<mapResponse identifier="vufgb-multiplelinearregression-001-nl_824088764_section_1_item_1_schoice_RESPONSE_1_4208545"/>
</sum>
</setOutcomeValue>
<responseCondition>
<responseIf>
<lt>
<variable identifier="SCORE_RESPONSE_1"/>
<variable identifier="MINSCORE_RESPONSE_1"/>
</lt>
<setOutcomeValue identifier="SCORE_RESPONSE_1">
<variable identifier="MINSCORE_RESPONSE_1"/>
</setOutcomeValue>
</responseIf>
</responseCondition>
<setOutcomeValue identifier="SCORE">
<sum>
<variable identifier="SCORE_RESPONSE_1"/>
</sum>
</setOutcomeValue>
<responseCondition>
<responseIf>
<lt>
<variable identifier="SCORE"/>
<variable identifier="MINSCORE"/>
</lt>
<setOutcomeValue identifier="SCORE">
<variable identifier="MINSCORE"/>
</setOutcomeValue>
</responseIf>
</responseCondition>
<responseCondition>
<responseIf>
<lt>
<variable identifier="SCORE"/>
<baseValue baseType="float">1</baseValue>
</lt>
<setOutcomeValue identifier="FEEDBACKMODAL">
<multiple>
<variable identifier="FEEDBACKMODAL"/>
<baseValue baseType="identifier">Feedback139216888</baseValue>
</multiple>
</setOutcomeValue>
</responseIf>
</responseCondition>
</responseProcessing>
<modalFeedback identifier="Feedback139216888" outcomeIdentifier="FEEDBACKMODAL" showHide="show">
</modalFeedback>
</assessmentItem>
