<?xml version="1.0" encoding="UTF-8"?>
<assessmentItem xsi:schemaLocation="http://www.imsglobal.org/xsd/imsqti_v2p1 http://www.imsglobal.org/xsd/qti/qtiv2p1/imsqti_v2p1p1.xsd http://www.w3.org/1998/Math/MathML http://www.w3.org/Math/XMLSchema/mathml2/mathml2.xsd" identifier="uva-sample-mean-1378-en-ans_247020877_section_1_item_1_schoice" title="Inferential_Statistics_uva-sample-mean-1378-en_uva-sample-mean-1378-en_schoice_1" adaptive="false" timeDependent="false" xmlns="http://www.imsglobal.org/xsd/imsqti_v2p1" xmlns:xsi="http://www.w3.org/2001/XMLSchema-instance">
<responseDeclaration identifier="uva-sample-mean-1378-en-ans_247020877_section_1_item_1_schoice_RESPONSE_1_6561996" cardinality="single" baseType="identifier">
<correctResponse>
<value>uva-sample-mean-1378-en-ans_247020877_section_1_item_1_schoice_1_1680102264</value>
</correctResponse>
<mapping defaultValue="0" lowerBound="0.0">
<mapEntry mapKey="uva-sample-mean-1378-en-ans_247020877_section_1_item_1_schoice_1_1680102264" mappedValue="1"/>
<mapEntry mapKey="uva-sample-mean-1378-en-ans_247020877_section_1_item_1_schoice_2_5169928755" mappedValue="0"/>
<mapEntry mapKey="uva-sample-mean-1378-en-ans_247020877_section_1_item_1_schoice_3_2956439707" mappedValue="0"/>
<mapEntry mapKey="uva-sample-mean-1378-en-ans_247020877_section_1_item_1_schoice_4_4094709198" mappedValue="0"/>
</mapping>
</responseDeclaration>
<outcomeDeclaration identifier="SCORE" cardinality="single" baseType="float" normalMaximum="1" normalMinimum="0">
<defaultValue>
<value>0.0</value>
</defaultValue>
</outcomeDeclaration>
<outcomeDeclaration identifier="MAXSCORE" cardinality="single" baseType="float">
<defaultValue>
<value>1</value>
</defaultValue>
</outcomeDeclaration>
<outcomeDeclaration identifier="FEEDBACKBASIC" cardinality="single" baseType="identifier" view="testConstructor">
<defaultValue>
<value>empty</value>
</defaultValue>
</outcomeDeclaration>
<outcomeDeclaration identifier="FEEDBACKMODAL" cardinality="multiple" baseType="identifier" view="testConstructor"/>
<outcomeDeclaration identifier="SOLUTIONMODAL" cardinality="single" baseType="identifier" view="testConstructor"/>
<outcomeDeclaration identifier="MINSCORE" cardinality="single" baseType="float">
<defaultValue>
<value baseType="float">0</value>
</defaultValue>
</outcomeDeclaration>
<outcomeDeclaration identifier="SCORE_RESPONSE_1" cardinality="single" baseType="float">
<defaultValue>
<value>0.0</value>
</defaultValue>
</outcomeDeclaration>
<outcomeDeclaration identifier="MINSCORE_RESPONSE_1" cardinality="single" baseType="float">
<defaultValue>
<value>0.0</value>
</defaultValue>
</outcomeDeclaration>
<itemBody>
<p>The distribution of water requirements (in liters) during a flight from Amsterdam to New York has an average of 3 liters per passenger and a variation of 1.6. Suppose you take a random flight with 250 passengers, what is the average water requirement in this sample?</p>
<choiceInteraction responseIdentifier="uva-sample-mean-1378-en-ans_247020877_section_1_item_1_schoice_RESPONSE_1_6561996" shuffle="false" maxChoices="1">
<simpleChoice identifier="uva-sample-mean-1378-en-ans_247020877_section_1_item_1_schoice_1_1680102264">
<p>
 3 liters
</p>
</simpleChoice>
<simpleChoice identifier="uva-sample-mean-1378-en-ans_247020877_section_1_item_1_schoice_2_5169928755">
<p>
 125 liters
</p>
</simpleChoice>
<simpleChoice identifier="uva-sample-mean-1378-en-ans_247020877_section_1_item_1_schoice_3_2956439707">
<p>
 250 liters
</p>
</simpleChoice>
<simpleChoice identifier="uva-sample-mean-1378-en-ans_247020877_section_1_item_1_schoice_4_4094709198">
<p>
 750 liters
</p>
</simpleChoice>
</choiceInteraction>
</itemBody>
<responseProcessing>
<setOutcomeValue identifier="SCORE_RESPONSE_1">
<sum>
<variable identifier="SCORE_RESPONSE_1"/>
<mapResponse identifier="uva-sample-mean-1378-en-ans_247020877_section_1_item_1_schoice_RESPONSE_1_6561996"/>
</sum>
</setOutcomeValue>
<responseCondition>
<responseIf>
<lt>
<variable identifier="SCORE_RESPONSE_1"/>
<variable identifier="MINSCORE_RESPONSE_1"/>
</lt>
<setOutcomeValue identifier="SCORE_RESPONSE_1">
<variable identifier="MINSCORE_RESPONSE_1"/>
</setOutcomeValue>
</responseIf>
</responseCondition>
<responseCondition>
<responseIf>
<isNull>
<variable identifier="uva-sample-mean-1378-en-ans_247020877_section_1_item_1_schoice_RESPONSE_1_6561996"/>
</isNull>
<setOutcomeValue identifier="SCORE_RESPONSE_1">
<sum>
<variable identifier="SCORE_RESPONSE_1"/>
<baseValue baseType="float">0</baseValue>
</sum>
</setOutcomeValue>
</responseIf>
</responseCondition>
<setOutcomeValue identifier="SCORE">
<sum>
<variable identifier="SCORE_RESPONSE_1"/>
</sum>
</setOutcomeValue>
<responseCondition>
<responseIf>
<lt>
<variable identifier="SCORE"/>
<variable identifier="MINSCORE"/>
</lt>
<setOutcomeValue identifier="SCORE">
<variable identifier="MINSCORE"/>
</setOutcomeValue>
</responseIf>
</responseCondition>
<responseCondition>
<responseIf>
<lt>
<variable identifier="SCORE"/>
<baseValue baseType="float">1</baseValue>
</lt>
<setOutcomeValue identifier="FEEDBACKMODAL">
<multiple>
<variable identifier="FEEDBACKMODAL"/>
<baseValue baseType="identifier">Feedback767183784</baseValue>
</multiple>
</setOutcomeValue>
</responseIf>
</responseCondition>
</responseProcessing>
<modalFeedback outcomeIdentifier="FEEDBACK" showHide="show" identifier="incorrect">
<ul>
<li> 3 liters <br /> 3 liters: Correct </li>
<li> 125 liters <br /> 125 liters: Incorrect </li>
<li> 250 liters <br /> 250 liters: Incorrect </li>
<li> 750 liters <br /> 750 liters: Incorrect </li>
</ul>
</modalFeedback>
</assessmentItem>
