<?xml version="1.0" encoding="UTF-8"?>
<assessmentItem xsi:schemaLocation="http://www.imsglobal.org/xsd/imsqti_v2p1 http://www.imsglobal.org/xsd/qti/qtiv2p1/imsqti_v2p1p1.xsd http://www.w3.org/1998/Math/MathML http://www.w3.org/Math/XMLSchema/mathml2/mathml2.xsd" identifier="uu-Power-838-en-ans_108093872_section_1_item_1_schoice" title="Inferential_Statistics_uu-Power-838-en_uu-Power-838-en_schoice_1" adaptive="false" timeDependent="false" xmlns="http://www.imsglobal.org/xsd/imsqti_v2p1" xmlns:xsi="http://www.w3.org/2001/XMLSchema-instance">
<responseDeclaration identifier="uu-Power-838-en-ans_108093872_section_1_item_1_schoice_RESPONSE_1_3855415" cardinality="single" baseType="identifier">
<correctResponse>
<value>uu-Power-838-en-ans_108093872_section_1_item_1_schoice_1_2085014971</value>
</correctResponse>
<mapping defaultValue="0" lowerBound="0.0">
<mapEntry mapKey="uu-Power-838-en-ans_108093872_section_1_item_1_schoice_1_2085014971" mappedValue="1"/>
<mapEntry mapKey="uu-Power-838-en-ans_108093872_section_1_item_1_schoice_2_2153823256" mappedValue="0"/>
<mapEntry mapKey="uu-Power-838-en-ans_108093872_section_1_item_1_schoice_3_8252055056" mappedValue="0"/>
<mapEntry mapKey="uu-Power-838-en-ans_108093872_section_1_item_1_schoice_4_3776072420" mappedValue="0"/>
</mapping>
</responseDeclaration>
<outcomeDeclaration identifier="SCORE" cardinality="single" baseType="float" normalMaximum="1" normalMinimum="0">
<defaultValue>
<value>0.0</value>
</defaultValue>
</outcomeDeclaration>
<outcomeDeclaration identifier="MAXSCORE" cardinality="single" baseType="float">
<defaultValue>
<value>1</value>
</defaultValue>
</outcomeDeclaration>
<outcomeDeclaration identifier="FEEDBACKBASIC" cardinality="single" baseType="identifier" view="testConstructor">
<defaultValue>
<value>empty</value>
</defaultValue>
</outcomeDeclaration>
<outcomeDeclaration identifier="FEEDBACKMODAL" cardinality="multiple" baseType="identifier" view="testConstructor"/>
<outcomeDeclaration identifier="SOLUTIONMODAL" cardinality="single" baseType="identifier" view="testConstructor"/>
<outcomeDeclaration identifier="MINSCORE" cardinality="single" baseType="float">
<defaultValue>
<value baseType="float">0</value>
</defaultValue>
</outcomeDeclaration>
<outcomeDeclaration identifier="SCORE_RESPONSE_1" cardinality="single" baseType="float">
<defaultValue>
<value>0.0</value>
</defaultValue>
</outcomeDeclaration>
<outcomeDeclaration identifier="MINSCORE_RESPONSE_1" cardinality="single" baseType="float">
<defaultValue>
<value>0.0</value>
</defaultValue>
</outcomeDeclaration>
<itemBody>
<p>The police data analyst claims that the officer would be better off taking a larger sample: “This way, the test gets higher power,” the analyst claims.</p>
<p>What exactly does the power measure?</p>
<choiceInteraction responseIdentifier="uu-Power-838-en-ans_108093872_section_1_item_1_schoice_RESPONSE_1_3855415" shuffle="false" maxChoices="1">
<simpleChoice identifier="uu-Power-838-en-ans_108093872_section_1_item_1_schoice_1_2085014971">
<p>
 The probability that we reject H0 while H1 is TRUE.
</p>
</simpleChoice>
<simpleChoice identifier="uu-Power-838-en-ans_108093872_section_1_item_1_schoice_2_2153823256">
<p>
 The probability that we reject H0 while H0 is TRUE.
</p>
</simpleChoice>
<simpleChoice identifier="uu-Power-838-en-ans_108093872_section_1_item_1_schoice_3_8252055056">
<p>
 The probability that we do not reject H0 while H0 is TRUE.
</p>
</simpleChoice>
<simpleChoice identifier="uu-Power-838-en-ans_108093872_section_1_item_1_schoice_4_3776072420">
<p>
 The probability that we do not reject H0 while H1 is TRUE.
</p>
</simpleChoice>
</choiceInteraction>
</itemBody>
<responseProcessing>
<setOutcomeValue identifier="SCORE_RESPONSE_1">
<sum>
<variable identifier="SCORE_RESPONSE_1"/>
<mapResponse identifier="uu-Power-838-en-ans_108093872_section_1_item_1_schoice_RESPONSE_1_3855415"/>
</sum>
</setOutcomeValue>
<responseCondition>
<responseIf>
<lt>
<variable identifier="SCORE_RESPONSE_1"/>
<variable identifier="MINSCORE_RESPONSE_1"/>
</lt>
<setOutcomeValue identifier="SCORE_RESPONSE_1">
<variable identifier="MINSCORE_RESPONSE_1"/>
</setOutcomeValue>
</responseIf>
</responseCondition>
<responseCondition>
<responseIf>
<isNull>
<variable identifier="uu-Power-838-en-ans_108093872_section_1_item_1_schoice_RESPONSE_1_3855415"/>
</isNull>
<setOutcomeValue identifier="SCORE_RESPONSE_1">
<sum>
<variable identifier="SCORE_RESPONSE_1"/>
<baseValue baseType="float">0</baseValue>
</sum>
</setOutcomeValue>
</responseIf>
</responseCondition>
<setOutcomeValue identifier="SCORE">
<sum>
<variable identifier="SCORE_RESPONSE_1"/>
</sum>
</setOutcomeValue>
<responseCondition>
<responseIf>
<lt>
<variable identifier="SCORE"/>
<variable identifier="MINSCORE"/>
</lt>
<setOutcomeValue identifier="SCORE">
<variable identifier="MINSCORE"/>
</setOutcomeValue>
</responseIf>
</responseCondition>
<responseCondition>
<responseIf>
<lt>
<variable identifier="SCORE"/>
<baseValue baseType="float">1</baseValue>
</lt>
<setOutcomeValue identifier="FEEDBACKMODAL">
<multiple>
<variable identifier="FEEDBACKMODAL"/>
<baseValue baseType="identifier">Feedback564795364</baseValue>
</multiple>
</setOutcomeValue>
</responseIf>
</responseCondition>
</responseProcessing>
<modalFeedback outcomeIdentifier="FEEDBACK" showHide="show" identifier="incorrect">
<ul>
<li> The probability that we reject H0 while H1 is TRUE. <br /> This answer is correct. </li>
<li> The probability that we reject H0 while H0 is TRUE. <br /> This answer is incorrect. </li>
<li> The probability that we do not reject H0 while H0 is TRUE. <br /> This answer is incorrect. </li>
<li> The probability that we do not reject H0 while H1 is TRUE. <br /> This answer is incorrect. </li>
</ul>
</modalFeedback>
</assessmentItem>
