<?xml version="1.0" encoding="utf-8" standalone="yes"?>
<assessmentItem identifier="eur-inferential_statistics-226-nl-tv_202209061506_item_1_num" title="eur-inferential_statistics-226-nl-tv_202209061506_item_1_num_eur-inferential_statistics-226-nl" adaptive="false" timeDependent="false" toolName="Testvision Online" toolVersion="39.0.9084" xmlns="http://www.imsglobal.org/xsd/imsqti_v2p1">
<responseDeclaration identifier="RESPONSE" cardinality="multiple" baseType="float">
<correctResponse>
<value>13.8</value>
<value>13.8;13.8</value>
</correctResponse>
</responseDeclaration>
<outcomeDeclaration identifier="SCORE" cardinality="single" baseType="float" normalMaximum="1" normalMinimum="0" />
<outcomeDeclaration identifier="FEEDBACK" cardinality="single" baseType="identifier" />
<itemBody>
<p>Mannen en vrouwen hebben in de auto vaak commentaar op elkaars rijgedrag. We kijken naar het geslacht van wie er achter het stuur zit [Chauffeur, waarbij man = 0, vrouw = 1], in welk merk auto iemand rijdt [Auto, waarbij Ford = 1, Audi = 2, Toyota = 3, en Volkswagen = 4], naar de gereden kilometers [Gereden_kilometers] en naar de kilometers als bijrijder [Bijrijder_kilometers]. Ook kijken we naar wie een botsing heeft gekregen en wie niet [Botsing, waarbij geen botsing = 0, wel botsing = 1].</p>
<p>Er wordt onderzocht of de kans op het krijgen van een botsing [Botsing] procentueel hetzelfde is voor alle vier automerken [Auto]. Als de nulhypothese in dit onderzoek waar zou zijn, wat is dan de verwachte waarde van het aantal Ford-rijders dat een botsing krijgt? Schrijf het verwachte aantal in het antwoordvakje (met 1 cijfer achter de komma).</p>
<p><strong>Download</strong>: <a href="mediafiles/supplements1/eur-inferential_statistics-226-nl-data.sav">SPSS file</a>, <a href="mediafiles/supplements1/eur-inferential_statistics-226-nl-data.csv">CSV file</a></p>
<extendedTextInteraction responseIdentifier="RESPONSE"/>
</itemBody>
<responseProcessing>
<responseCondition>
<responseIf>
<isNull>
<variable identifier="RESPONSE"/>
</isNull>
<setOutcomeValue identifier="SCORE">
<baseValue baseType="float">0.0</baseValue>
</setOutcomeValue>
<setOutcomeValue identifier="FEEDBACK">
<baseValue baseType="identifier">FAILURE</baseValue>
</setOutcomeValue>
</responseIf>
<responseElse>
<responseCondition>
<responseIf>
<match>
<variable identifier="RESPONSE"/>
<correct identifier="RESPONSE"/>
</match>
<setOutcomeValue identifier="SCORE">
<baseValue baseType="float">1</baseValue>
</setOutcomeValue>
</responseIf>
<responseElse>
<setOutcomeValue identifier="SCORE">
<baseValue baseType="float">0</baseValue>
</setOutcomeValue>
</responseElse>
</responseCondition>
<responseCondition>
<responseIf>
<equal toleranceMode="relative" tolerance="0.001">
<variable identifier="SCORE"/>
<variable identifier="MAXSCORE"/>
</equal>
<setOutcomeValue identifier="FEEDBACK">
<baseValue baseType="identifier">ANSWER_CORRECT</baseValue>
</setOutcomeValue>
</responseIf>
<responseElse>
<setOutcomeValue identifier="FEEDBACK">
<baseValue baseType="identifier">FAILURE</baseValue>
</setOutcomeValue>
</responseElse>
</responseCondition>
</responseElse>
</responseCondition>
</responseProcessing>
<modalFeedback identifier="FAILURE" outcomeIdentifier="FEEDBACK" showHide="show">
<div class="textblock tvblock tvcss_1"><div class="rte_zone tveditor1">
<p>Het correcte antwoord is 13.8.</p>
</div>
</div>
</modalFeedback>
<modalFeedback identifier="ANSWER_CORRECT" outcomeIdentifier="FEEDBACK" showHide="show">
<div class="textblock tvblock tvcss_1"><div class="rte_zone tveditor1">
<p>Het correcte antwoord is 13.8.</p>
</div>
</div>
</modalFeedback>
<modalFeedback identifier="PARTIAL_CORRECT" outcomeIdentifier="FEEDBACK" showHide="show">
<div class="textblock tvblock tvcss_1"><div class="rte_zone tveditor1">
<p>Het correcte antwoord is 13.8.</p>
</div>
</div>
</modalFeedback>
</assessmentItem>
