<?xml version="1.0" encoding="UTF-8"?>
<!DOCTYPE questestinterop SYSTEM "ims_qtiasiv1p2p1.dtd">

<questestinterop xmlns="http://www.imsglobal.org/xsd/ims_qtiasiv1p2" xmlns:xsi="http://www.w3.org/2001/XMLSchema-instance" xsi:schemaLocation="http://www.imsglobal.org/xsd/ims_qtiasiv1p2 http://www.imsglobal.org/xsd/ims_qtiasiv1p2p1.xsd">
<assessment ident="vufsw-ancova-2076-nl-canvas_140237830" title="vufsw-ancova-2076-nl-canvas">

<qtimetadata>
<qtimetadatafield>
<fieldlabel>cc_maxattempts</fieldlabel>
<fieldentry>1</fieldentry>
</qtimetadatafield>
<qtimetadatafield>
<fieldlabel>qmd_assessmenttype</fieldlabel>
<fieldentry>Assessment</fieldentry>
</qtimetadatafield>
</qtimetadata>
<objectives>
<material>
<mattext><![CDATA[Please solve the following exercises.]]></mattext>
</material>
</objectives>
<assessmentcontrol feedbackswitch="No" hintswitch="No" solutionswitch="Yes"/>
<outcomes_processing scoremodel="SumOfScores">
<outcomes>
<decvar varname="SCORE" vartype="Decimal" cutvalue="0"/>
</outcomes>
</outcomes_processing>
<assessfeedback title="AssessmentFeedback" ident="AssessmentFeedback">
<flow_mat>
<material>
<mattext>##AssessmentFeedback##</mattext>
</material>
</flow_mat>
</assessfeedback>

<section ident="vufsw-ancova-2076-nl-canvas_140237830_section_1" title="Exercise">

<objectives>
<material>
<mattext><![CDATA[Please answer the following question.]]></mattext>
</material>
</objectives>
<selection_ordering>
<selection>
<selection_number>1</selection_number>
<selection_extension>
<points_per_item>1</points_per_item>
</selection_extension>
</selection>
<order order_type="Random"/>
</selection_ordering>

<item ident="vufsw-ancova-2076-nl-canvas_140237830_section_1_item_1_schoice" title="Question" maxattempts="1">
<itemcontrol feedbackswitch="No" hintswitch="No" solutionswitch="Yes"/>
<itemmetadata>
<qtimetadata>
<qtimetadatafield>
<fieldlabel>question_type</fieldlabel>
<fieldentry>multiple_choice_question</fieldentry>
</qtimetadatafield>
</qtimetadata>
</itemmetadata>
<presentation>
<flow>
<material>
<matbreak/>
<mattext texttype="text/html" charset="utf-8"><![CDATA[
<p>In een experiment werden deelnemers random verdeeld over twee groepen
(groepsvariabele: ERROR_APPROACH) die een taak moesten uitvoeren. De
beide groepen werden vooraf verschillend geïnstrueerd: error prevention
 (“ je mag geen fouten maken” ) en error management (“ je mag fouten
maken, je leert ervan”). Hieronder staat een serie AN(C)OVA analyses
waarin onderzocht is of de ‘error-approach’ van invloed is op hoe goed
de taak is uitgevoerd (PERFORMANCE). SELFCONTROL (mate van
zelfdiscipline, gemeten voorafgaand aan het experiment) is in deze
analyses een covariaat.</p>
<p><img src="data/supplements_1_1/Schermafbeelding__2019-01-30__om__19.34.46.png" /><img src="data/supplements_1_1/Schermafbeelding__2019-01-30__om__19.36.05.png" /></p>
<p>Welke uitspraak klopt voor de populatie?<br />
1: Deelnemers in de ‘error management’ groep, verschillen voorafgaand
aan het experiment in zelfdiscipline van degenen in de ‘error
prevention’ groep<br />
2: Als je rekening houdt met bestaande verschillen in zelfdiscipline,
leidt de ‘error management’ instructie tot een hogere prestatie op de
taak dan de ‘error prevention’ instructie</p>
]]></mattext>
<matbreak/>
</material>
<response_lid ident="vufsw-ancova-2076-nl-canvas_140237830_section_1_item_1_schoice_RESPONSE_8351935" rcardinality="Single" rtiming="No">
<render_choice shuffle="No">
<flow_label class="List">
<response_label ident="vufsw-ancova-2076-nl-canvas_140237830_section_1_item_1_schoice_7472668374" rshuffle="No">
<material>
<mattext texttype="text/html" charset="utf-8"><![CDATA[
 Alleen uitspraak 2 klopt
]]></mattext>
</material>
</response_label>
</flow_label>
<flow_label class="List">
<response_label ident="vufsw-ancova-2076-nl-canvas_140237830_section_1_item_1_schoice_4651014736" rshuffle="No">
<material>
<mattext texttype="text/html" charset="utf-8"><![CDATA[
 Alleen uitspraak 1 klopt
]]></mattext>
</material>
</response_label>
</flow_label>
<flow_label class="List">
<response_label ident="vufsw-ancova-2076-nl-canvas_140237830_section_1_item_1_schoice_8316068238" rshuffle="No">
<material>
<mattext texttype="text/html" charset="utf-8"><![CDATA[
 Uitspraak 1 en 2 kloppen allebei
]]></mattext>
</material>
</response_label>
</flow_label>
<flow_label class="List">
<response_label ident="vufsw-ancova-2076-nl-canvas_140237830_section_1_item_1_schoice_3123623934" rshuffle="No">
<material>
<mattext texttype="text/html" charset="utf-8"><![CDATA[
 Geen van beide uitspraken klopt
]]></mattext>
</material>
</response_label>
</flow_label>
</render_choice>
</response_lid>
</flow>
</presentation>
<resprocessing>
<outcomes>
<decvar varname="SCORE" vartype="Decimal" defaultval="0" minvalue="0" maxvalue="1" cutvalue="1"/>
</outcomes>
<respcondition title="Mastery" continue="No">
<conditionvar>
<and>
<varequal respident="vufsw-ancova-2076-nl-canvas_140237830_section_1_item_1_schoice_RESPONSE_8351935" case="Yes">vufsw-ancova-2076-nl-canvas_140237830_section_1_item_1_schoice_7472668374</varequal>
<not> <varequal respident="vufsw-ancova-2076-nl-canvas_140237830_section_1_item_1_schoice_RESPONSE_8351935" case="Yes">vufsw-ancova-2076-nl-canvas_140237830_section_1_item_1_schoice_4651014736</varequal> </not>
<not> <varequal respident="vufsw-ancova-2076-nl-canvas_140237830_section_1_item_1_schoice_RESPONSE_8351935" case="Yes">vufsw-ancova-2076-nl-canvas_140237830_section_1_item_1_schoice_8316068238</varequal> </not>
<not> <varequal respident="vufsw-ancova-2076-nl-canvas_140237830_section_1_item_1_schoice_RESPONSE_8351935" case="Yes">vufsw-ancova-2076-nl-canvas_140237830_section_1_item_1_schoice_3123623934</varequal> </not>
</and>
</conditionvar>
<setvar varname="SCORE" action="Set">1</setvar>
<displayfeedback feedbacktype="Response" linkrefid="correct_fb"/>
</respcondition>
<respcondition continue="Yes">
<conditionvar>
<other/>
</conditionvar>
<displayfeedback feedbacktype="Response" linkrefid="general_incorrect_fb"/>
</respcondition>
</resprocessing>
<itemfeedback ident="correct_fb" view="All">
<flow_mat>
<material>
<mattext texttype="text/html"><![CDATA[
<ul>
<li> Alleen uitspraak 2 klopt <br /> True </li>
<li> Alleen uitspraak 1 klopt <br /> False </li>
<li> Uitspraak 1 en 2 kloppen allebei <br /> False </li>
<li> Geen van beide uitspraken klopt <br /> False </li>
</ul>
]]></mattext>
</material>
</flow_mat>
</itemfeedback>
<itemfeedback ident="general_incorrect_fb" view="All">
<flow_mat>
<material>
<mattext texttype="text/html"><![CDATA[
<ul>
<li> Alleen uitspraak 2 klopt <br /> True </li>
<li> Alleen uitspraak 1 klopt <br /> False </li>
<li> Uitspraak 1 en 2 kloppen allebei <br /> False </li>
<li> Geen van beide uitspraken klopt <br /> False </li>
</ul>
]]></mattext>
</material>
</flow_mat>
</itemfeedback>
</item>


</section>

</assessment>
</questestinterop>
