<?xml version="1.0" encoding="UTF-8"?>
<assessmentItem xsi:schemaLocation="http://www.imsglobal.org/xsd/imsqti_v2p1 http://www.imsglobal.org/xsd/qti/qtiv2p1/imsqti_v2p1p1.xsd http://www.w3.org/1998/Math/MathML http://www.w3.org/Math/XMLSchema/mathml2/mathml2.xsd" identifier="uva-rules-for-expected-values-923-nl-qti_767943832_section_1_item_1_schoice" title="1" adaptive="false" timeDependent="false" xmlns="http://www.imsglobal.org/xsd/imsqti_v2p1" xmlns:xsi="http://www.w3.org/2001/XMLSchema-instance">
<responseDeclaration identifier="uva-rules-for-expected-values-923-nl-qti_767943832_section_1_item_1_schoice_RESPONSE_1_4861950" cardinality="single" baseType="identifier">
<correctResponse>
<value>uva-rules-for-expected-values-923-nl-qti_767943832_section_1_item_1_schoice_1_5839211154</value>
</correctResponse>
<mapping defaultValue="0" lowerBound="0.0">
<mapEntry mapKey="uva-rules-for-expected-values-923-nl-qti_767943832_section_1_item_1_schoice_1_5839211154" mappedValue="1"/>
<mapEntry mapKey="uva-rules-for-expected-values-923-nl-qti_767943832_section_1_item_1_schoice_2_8610897215" mappedValue="0"/>
<mapEntry mapKey="uva-rules-for-expected-values-923-nl-qti_767943832_section_1_item_1_schoice_3_1540607336" mappedValue="0"/>
<mapEntry mapKey="uva-rules-for-expected-values-923-nl-qti_767943832_section_1_item_1_schoice_4_2784419576" mappedValue="0"/>
</mapping>
</responseDeclaration>
<outcomeDeclaration identifier="SCORE" cardinality="single" baseType="float" normalMaximum="1" normalMinimum="0">
<defaultValue>
<value>0.0</value>
</defaultValue>
</outcomeDeclaration>
<outcomeDeclaration identifier="MAXSCORE" cardinality="single" baseType="float">
<defaultValue>
<value>1</value>
</defaultValue>
</outcomeDeclaration>
<outcomeDeclaration identifier="FEEDBACKBASIC" cardinality="single" baseType="identifier" view="testConstructor">
<defaultValue>
<value>empty</value>
</defaultValue>
</outcomeDeclaration>
<outcomeDeclaration identifier="FEEDBACKMODAL" cardinality="multiple" baseType="identifier" view="testConstructor"/>
<outcomeDeclaration identifier="SOLUTIONMODAL" cardinality="single" baseType="identifier" view="testConstructor"/>
<outcomeDeclaration identifier="MINSCORE" cardinality="single" baseType="float">
<defaultValue>
<value baseType="float">0</value>
</defaultValue>
</outcomeDeclaration>
<outcomeDeclaration identifier="SCORE_RESPONSE_1" cardinality="single" baseType="float">
<defaultValue>
<value>0.0</value>
</defaultValue>
</outcomeDeclaration>
<outcomeDeclaration identifier="MINSCORE_RESPONSE_1" cardinality="single" baseType="float">
<defaultValue>
<value>0.0</value>
</defaultValue>
</outcomeDeclaration>
<itemBody>
<p>John is net afgestudeerd. Er staan 1000 eerstejaars op de wachtlijst
voor zijn kamer, maar slecht één van hen wordt aselect gekozen om Johns
kamer over te nemen. John hoopt dat deze persoon van feesten houdt en
ook snurkt. Hieronder zie je een tabel waarin de 1000 studenten worden
gecategoriseerd.</p>
<table>
<tbody>
<tr class="odd">
<td align="left"> </td>
<td align="left">Snurkt</td>
<td align="left">Snurkt niet</td>
<td align="left">Totaal</td>
</tr>
<tr class="even">
<td align="left">Feestbeest</td>
<td align="left">130</td>
<td align="left">120</td>
<td align="left">250</td>
</tr>
<tr class="odd">
<td align="left">Geen feestbeest</td>
<td align="left">230</td>
<td align="left">520</td>
<td align="left">750</td>
</tr>
<tr class="even">
<td align="left">Totaal</td>
<td align="left">360</td>
<td align="left">640</td>
<td align="left">1000</td>
</tr>
</tbody>
</table>
<p>Wat is de kans dat een persoon gekozen wordt, die snurkt en van feesten
houdt?</p>
<choiceInteraction responseIdentifier="uva-rules-for-expected-values-923-nl-qti_767943832_section_1_item_1_schoice_RESPONSE_1_4861950" shuffle="false" maxChoices="1">
<simpleChoice identifier="uva-rules-for-expected-values-923-nl-qti_767943832_section_1_item_1_schoice_1_5839211154">
<p>
 0,13
</p>
</simpleChoice>
<simpleChoice identifier="uva-rules-for-expected-values-923-nl-qti_767943832_section_1_item_1_schoice_2_8610897215">
<p>
 0,25
</p>
</simpleChoice>
<simpleChoice identifier="uva-rules-for-expected-values-923-nl-qti_767943832_section_1_item_1_schoice_3_1540607336">
<p>
 0,36
</p>
</simpleChoice>
<simpleChoice identifier="uva-rules-for-expected-values-923-nl-qti_767943832_section_1_item_1_schoice_4_2784419576">
<p>
 0,75
</p>
</simpleChoice>
</choiceInteraction>
</itemBody>
<responseProcessing>
<setOutcomeValue identifier="SCORE_RESPONSE_1">
<sum>
<variable identifier="SCORE_RESPONSE_1"/>
<mapResponse identifier="uva-rules-for-expected-values-923-nl-qti_767943832_section_1_item_1_schoice_RESPONSE_1_4861950"/>
</sum>
</setOutcomeValue>
<responseCondition>
<responseIf>
<lt>
<variable identifier="SCORE_RESPONSE_1"/>
<variable identifier="MINSCORE_RESPONSE_1"/>
</lt>
<setOutcomeValue identifier="SCORE_RESPONSE_1">
<variable identifier="MINSCORE_RESPONSE_1"/>
</setOutcomeValue>
</responseIf>
</responseCondition>
<responseCondition>
<responseIf>
<isNull>
<variable identifier="uva-rules-for-expected-values-923-nl-qti_767943832_section_1_item_1_schoice_RESPONSE_1_4861950"/>
</isNull>
<setOutcomeValue identifier="SCORE_RESPONSE_1">
<sum>
<variable identifier="SCORE_RESPONSE_1"/>
<baseValue baseType="float">0</baseValue>
</sum>
</setOutcomeValue>
</responseIf>
</responseCondition>
<setOutcomeValue identifier="SCORE">
<sum>
<variable identifier="SCORE_RESPONSE_1"/>
</sum>
</setOutcomeValue>
<responseCondition>
<responseIf>
<lt>
<variable identifier="SCORE"/>
<variable identifier="MINSCORE"/>
</lt>
<setOutcomeValue identifier="SCORE">
<variable identifier="MINSCORE"/>
</setOutcomeValue>
</responseIf>
</responseCondition>
<responseCondition>
<responseIf>
<lt>
<variable identifier="SCORE"/>
<baseValue baseType="float">1</baseValue>
</lt>
<setOutcomeValue identifier="FEEDBACKMODAL">
<multiple>
<variable identifier="FEEDBACKMODAL"/>
<baseValue baseType="identifier">Feedback127416392</baseValue>
</multiple>
</setOutcomeValue>
</responseIf>
</responseCondition>
</responseProcessing>
<modalFeedback identifier="Feedback127416392" outcomeIdentifier="FEEDBACKMODAL" showHide="show">
<ul>
<li> 0,13 <br /> 0,13: Correct </li>
<li> 0,25 <br /> 0,25: Incorrect </li>
<li> 0,36 <br /> 0,36: Incorrect </li>
<li> 0,75 <br /> 0,75: Incorrect </li>
</ul>
</modalFeedback>
</assessmentItem>
