<?xml version="1.0" encoding="UTF-8"?>
<assessmentItem xsi:schemaLocation="http://www.imsglobal.org/xsd/imsqti_v2p1 http://www.imsglobal.org/xsd/qti/qtiv2p1/imsqti_v2p1p1.xsd http://www.w3.org/1998/Math/MathML http://www.w3.org/Math/XMLSchema/mathml2/mathml2.xsd" identifier="uu-Analysis-002-en-ans_942508243_section_1_item_1_schoice" title="Reliability_uu-Analysis-002-en_uu-Analysis-002-en_schoice_1" adaptive="false" timeDependent="false" xmlns="http://www.imsglobal.org/xsd/imsqti_v2p1" xmlns:xsi="http://www.w3.org/2001/XMLSchema-instance">
<responseDeclaration identifier="uu-Analysis-002-en-ans_942508243_section_1_item_1_schoice_RESPONSE_1_6600635" cardinality="single" baseType="identifier">
<correctResponse>
<value>uu-Analysis-002-en-ans_942508243_section_1_item_1_schoice_1_3116522434</value>
</correctResponse>
<mapping defaultValue="0" lowerBound="0.0">
<mapEntry mapKey="uu-Analysis-002-en-ans_942508243_section_1_item_1_schoice_1_3116522434" mappedValue="1"/>
<mapEntry mapKey="uu-Analysis-002-en-ans_942508243_section_1_item_1_schoice_2_2215372175" mappedValue="0"/>
<mapEntry mapKey="uu-Analysis-002-en-ans_942508243_section_1_item_1_schoice_3_9606402754" mappedValue="0"/>
<mapEntry mapKey="uu-Analysis-002-en-ans_942508243_section_1_item_1_schoice_4_3604384679" mappedValue="0"/>
</mapping>
</responseDeclaration>
<outcomeDeclaration identifier="SCORE" cardinality="single" baseType="float" normalMaximum="1" normalMinimum="0">
<defaultValue>
<value>0.0</value>
</defaultValue>
</outcomeDeclaration>
<outcomeDeclaration identifier="MAXSCORE" cardinality="single" baseType="float">
<defaultValue>
<value>1</value>
</defaultValue>
</outcomeDeclaration>
<outcomeDeclaration identifier="FEEDBACKBASIC" cardinality="single" baseType="identifier" view="testConstructor">
<defaultValue>
<value>empty</value>
</defaultValue>
</outcomeDeclaration>
<outcomeDeclaration identifier="FEEDBACKMODAL" cardinality="multiple" baseType="identifier" view="testConstructor"/>
<outcomeDeclaration identifier="SOLUTIONMODAL" cardinality="single" baseType="identifier" view="testConstructor"/>
<outcomeDeclaration identifier="MINSCORE" cardinality="single" baseType="float">
<defaultValue>
<value baseType="float">0</value>
</defaultValue>
</outcomeDeclaration>
<outcomeDeclaration identifier="SCORE_RESPONSE_1" cardinality="single" baseType="float">
<defaultValue>
<value>0.0</value>
</defaultValue>
</outcomeDeclaration>
<outcomeDeclaration identifier="MINSCORE_RESPONSE_1" cardinality="single" baseType="float">
<defaultValue>
<value>0.0</value>
</defaultValue>
</outcomeDeclaration>
<itemBody>
<p>What are we trying to establish with reliability analysis?</p>
<choiceInteraction responseIdentifier="uu-Analysis-002-en-ans_942508243_section_1_item_1_schoice_RESPONSE_1_6600635" shuffle="false" maxChoices="1">
<simpleChoice identifier="uu-Analysis-002-en-ans_942508243_section_1_item_1_schoice_1_3116522434">
<p>
 How much of the test variance is true variance and not explained by random measurement error
</p>
</simpleChoice>
<simpleChoice identifier="uu-Analysis-002-en-ans_942508243_section_1_item_1_schoice_2_2215372175">
<p>
 How much of the test variance is true variance and not explained by systematic measurement error
</p>
</simpleChoice>
<simpleChoice identifier="uu-Analysis-002-en-ans_942508243_section_1_item_1_schoice_3_9606402754">
<p>
 To what extent the test measures what it is intended to measure
</p>
</simpleChoice>
<simpleChoice identifier="uu-Analysis-002-en-ans_942508243_section_1_item_1_schoice_4_3604384679">
<p>
 The correlation between two halves of the test
</p>
</simpleChoice>
</choiceInteraction>
</itemBody>
<responseProcessing>
<setOutcomeValue identifier="SCORE_RESPONSE_1">
<sum>
<variable identifier="SCORE_RESPONSE_1"/>
<mapResponse identifier="uu-Analysis-002-en-ans_942508243_section_1_item_1_schoice_RESPONSE_1_6600635"/>
</sum>
</setOutcomeValue>
<responseCondition>
<responseIf>
<lt>
<variable identifier="SCORE_RESPONSE_1"/>
<variable identifier="MINSCORE_RESPONSE_1"/>
</lt>
<setOutcomeValue identifier="SCORE_RESPONSE_1">
<variable identifier="MINSCORE_RESPONSE_1"/>
</setOutcomeValue>
</responseIf>
</responseCondition>
<responseCondition>
<responseIf>
<isNull>
<variable identifier="uu-Analysis-002-en-ans_942508243_section_1_item_1_schoice_RESPONSE_1_6600635"/>
</isNull>
<setOutcomeValue identifier="SCORE_RESPONSE_1">
<sum>
<variable identifier="SCORE_RESPONSE_1"/>
<baseValue baseType="float">0</baseValue>
</sum>
</setOutcomeValue>
</responseIf>
</responseCondition>
<setOutcomeValue identifier="SCORE">
<sum>
<variable identifier="SCORE_RESPONSE_1"/>
</sum>
</setOutcomeValue>
<responseCondition>
<responseIf>
<lt>
<variable identifier="SCORE"/>
<variable identifier="MINSCORE"/>
</lt>
<setOutcomeValue identifier="SCORE">
<variable identifier="MINSCORE"/>
</setOutcomeValue>
</responseIf>
</responseCondition>
<responseCondition>
<responseIf>
<lt>
<variable identifier="SCORE"/>
<baseValue baseType="float">1</baseValue>
</lt>
<setOutcomeValue identifier="FEEDBACKMODAL">
<multiple>
<variable identifier="FEEDBACKMODAL"/>
<baseValue baseType="identifier">Feedback616953661</baseValue>
</multiple>
</setOutcomeValue>
</responseIf>
</responseCondition>
</responseProcessing>
<modalFeedback outcomeIdentifier="FEEDBACK" showHide="show" identifier="incorrect">
</modalFeedback>
</assessmentItem>
