<?xml version="1.0" encoding="utf-8" standalone="yes"?>
<assessmentItem identifier="eur-inferential_statistics-141-nl-tv_202601131822_item_1_num" title="eur-inferential_statistics-141-nl-tv_202601131822_item_1_num_eur-inferential_statistics-141-nl" adaptive="false" timeDependent="false" toolName="Testvision Online" toolVersion="39.0.9084" xmlns="http://www.imsglobal.org/xsd/imsqti_v2p1">
<responseDeclaration identifier="RESPONSE" cardinality="multiple" baseType="float">
<correctResponse>
<value>0.451</value>
<value>0.451;0.451</value>
</correctResponse>
</responseDeclaration>
<outcomeDeclaration identifier="SCORE" cardinality="single" baseType="float" normalMaximum="1" normalMinimum="0" />
<outcomeDeclaration identifier="FEEDBACK" cardinality="single" baseType="identifier" />
<stylesheet href="css/eur-inferential_statistics-141-nl-tv_202601131822_item_1_num.css" type="text/css" />
<itemBody>
<p>Er is in het onderwijs veel aandacht voor de voordelen van PGO. Een onderzoeker aan de Erasmus Universiteit heeft op 4 meetmomenten informatie verzameld over de sociale vaardigheden van studenten. De studenten werden tijdens onderwijsgroepen geobserveerd en beoordeeld op sociale vaardigheid 1) 2 dagen na hun eerste PGO les [T1_social] ; 2) een half jaar na hun eerste PGO les [T2_social]; 3) een jaar na hun eerste PGO les [T3_social]; en 4) anderhalf jaar na hun eerste PGO les [T4_social]. Het sociale gedrag werd gescoord middels een semi-gestructureerd interview waarbij de scores kunnen variëren van 0 (niet sociaal) tot 40 (uiterst sociaal). Verder registreert de behandelaar of de patiënten last hebben van verlegenheid of niet [verlegen].</p>
<p>Open het databestand.</p>
<p>De onderzoeker denkt dat het wel of niet hebben van psychoses [psychosis] het verloop van het agressieve gedrag door de tijd beïnvloedt. Voer de juist analyse uit om deze hypothese te toetsen. Wat is de F-waarde voor dit effect volgens de univariate benadering? (3 decimalen)</p>
<p><strong>Download</strong>: <a href="mediafiles/supplements1/eur-inferential_statistics-141-nl-data.sav">SPSS file</a>, <a href="mediafiles/supplements1/eur-inferential_statistics-141-nl-data.csv">CSV file</a></p>
<extendedTextInteraction responseIdentifier="RESPONSE"/>
</itemBody>
<responseProcessing>
<responseCondition>
<responseIf>
<isNull>
<variable identifier="RESPONSE"/>
</isNull>
<setOutcomeValue identifier="SCORE">
<baseValue baseType="float">0.0</baseValue>
</setOutcomeValue>
<setOutcomeValue identifier="FEEDBACK">
<baseValue baseType="identifier">FAILURE</baseValue>
</setOutcomeValue>
</responseIf>
<responseElse>
<responseCondition>
<responseIf>
<match>
<variable identifier="RESPONSE"/>
<correct identifier="RESPONSE"/>
</match>
<setOutcomeValue identifier="SCORE">
<baseValue baseType="float">1</baseValue>
</setOutcomeValue>
</responseIf>
<responseElse>
<setOutcomeValue identifier="SCORE">
<baseValue baseType="float">0</baseValue>
</setOutcomeValue>
</responseElse>
</responseCondition>
<responseCondition>
<responseIf>
<equal toleranceMode="relative" tolerance="0.001">
<variable identifier="SCORE"/>
<variable identifier="MAXSCORE"/>
</equal>
<setOutcomeValue identifier="FEEDBACK">
<baseValue baseType="identifier">ANSWER_CORRECT</baseValue>
</setOutcomeValue>
</responseIf>
<responseElse>
<setOutcomeValue identifier="FEEDBACK">
<baseValue baseType="identifier">FAILURE</baseValue>
</setOutcomeValue>
</responseElse>
</responseCondition>
</responseElse>
</responseCondition>
</responseProcessing>
<modalFeedback identifier="FAILURE" outcomeIdentifier="FEEDBACK" showHide="show">
<div class="textblock tvblock tvcss_1"><div class="rte_zone tveditor1">
<p>De F-waarde is 0.451.</p>
</div>
</div>
</modalFeedback>
<modalFeedback identifier="ANSWER_CORRECT" outcomeIdentifier="FEEDBACK" showHide="show">
<div class="textblock tvblock tvcss_1"><div class="rte_zone tveditor1">
<p>De F-waarde is 0.451.</p>
</div>
</div>
</modalFeedback>
<modalFeedback identifier="PARTIAL_CORRECT" outcomeIdentifier="FEEDBACK" showHide="show">
<div class="textblock tvblock tvcss_1"><div class="rte_zone tveditor1">
<p>De F-waarde is 0.451.</p>
</div>
</div>
</modalFeedback>
</assessmentItem>
