<?xml version="1.0" encoding="utf-8" standalone="yes"?>
<assessmentItem identifier="vufgb-onewayanova-322-nl_202209051539_item_1_schoice" title="vufgb-onewayanova-322-nl_202209051539_item_1_schoice_vufgb-onewayanova-322-nl" adaptive="false" timeDependent="false" toolName="Testvision Online" toolVersion="39.0.9084" xmlns="http://www.imsglobal.org/xsd/imsqti_v2p1">
<responseDeclaration identifier="RESPONSE" cardinality="single" baseType="identifier">
<correctResponse>
<value>alt_400921</value>
</correctResponse>
<mapping defaultValue="0" lowerBound="0.0">
<mapEntry mapKey="alt_400921" mappedValue="1"/>
<mapEntry mapKey="alt_396356" mappedValue="-0.333333333333333"/>
<mapEntry mapKey="alt_367163" mappedValue="-0.333333333333333"/>
<mapEntry mapKey="alt_194863" mappedValue="-0.333333333333333"/>
</mapping>
</responseDeclaration>
<outcomeDeclaration identifier="SCORE" cardinality="single" baseType="float" normalMaximum="1" normalMinimum="0" />
<outcomeDeclaration identifier="FEEDBACK" cardinality="single" baseType="identifier" />
<itemBody>
<p>Onderstaande tabel heeft betrekking op een onderzoek waarbij personen gerandomiseerd zijn toegewezen aan Groep A, B of C. Bereken de mean square error binnen groepen (<em>MS within</em>).</p>
<p><img src="mediafiles/supplements1/vufgb-onewayanova-322-nl-table01.jpg" alt="image"/></p>
<choiceInteraction responseIdentifier="RESPONSE" shuffle="false" maxChoices="1">
<simpleChoice identifier="alt_400921">
<div class="textblock tvblock tvcss_1"><div class="rte_zone tveditor1">
a. 1.5
</div>
</div>
</simpleChoice>
<simpleChoice identifier="alt_396356">
<div class="textblock tvblock tvcss_1"><div class="rte_zone tveditor1">
b. 2.3
</div>
</div>
</simpleChoice>
<simpleChoice identifier="alt_367163">
<div class="textblock tvblock tvcss_1"><div class="rte_zone tveditor1">
c. 3.5
</div>
</div>
</simpleChoice>
<simpleChoice identifier="alt_194863">
<div class="textblock tvblock tvcss_1"><div class="rte_zone tveditor1">
d. 4.5
</div>
</div>
</simpleChoice>
</choiceInteraction>
</itemBody>
<responseProcessing>
<responseCondition>
<responseIf>
<isNull>
<variable identifier="RESPONSE"/>
</isNull>
<setOutcomeValue identifier="SCORE">
<baseValue baseType="float">0.0</baseValue>
</setOutcomeValue>
<setOutcomeValue identifier="FEEDBACK">
<baseValue baseType="identifier">FAILURE</baseValue>
</setOutcomeValue>
</responseIf>
<responseElse>
<setOutcomeValue identifier="SCORE">
<mapResponse identifier="RESPONSE"/>
</setOutcomeValue>
<responseCondition>
<responseIf>
<equal toleranceMode="relative" tolerance="0.001">
<variable identifier="SCORE"/>
<variable identifier="MAXSCORE"/>
</equal>
<setOutcomeValue identifier="FEEDBACK">
<baseValue baseType="identifier">ANSWER_CORRECT</baseValue>
</setOutcomeValue>
</responseIf>
<responseElse>
<setOutcomeValue identifier="FEEDBACK">
<baseValue baseType="identifier">FAILURE</baseValue>
</setOutcomeValue>
</responseElse>
</responseCondition>
</responseElse>
</responseCondition>
</responseProcessing>
<modalFeedback identifier="FAILURE" outcomeIdentifier="FEEDBACK" showHide="show">
<div class="textblock tvblock tvcss_1"><div class="rte_zone tveditor1">
<ol>
<li> 1.5 <br /> Correct </li>
<li> 2.3 <br /> Incorrect </li>
<li> 3.5 <br /> Incorrect </li>
<li> 4.5 <br /> Incorrect </li>
</ol>
</div>
</div>
</modalFeedback>
<modalFeedback identifier="ANSWER_CORRECT" outcomeIdentifier="FEEDBACK" showHide="show">
<div class="textblock tvblock tvcss_1"><div class="rte_zone tveditor1">
<ol>
<li> 1.5 <br /> Correct </li>
<li> 2.3 <br /> Incorrect </li>
<li> 3.5 <br /> Incorrect </li>
<li> 4.5 <br /> Incorrect </li>
</ol>
</div>
</div>
</modalFeedback>
<modalFeedback identifier="PARTIAL_CORRECT" outcomeIdentifier="FEEDBACK" showHide="show">
<div class="textblock tvblock tvcss_1"><div class="rte_zone tveditor1">
<ol>
<li> 1.5 <br /> Correct </li>
<li> 2.3 <br /> Incorrect </li>
<li> 3.5 <br /> Incorrect </li>
<li> 4.5 <br /> Incorrect </li>
</ol>
</div>
</div>
</modalFeedback>
</assessmentItem>
