<?xml version="1.0" encoding="UTF-8"?>
<assessmentItem xsi:schemaLocation="http://www.imsglobal.org/xsd/imsqti_v2p1 http://www.imsglobal.org/xsd/qti/qtiv2p1/imsqti_v2p1p1.xsd http://www.w3.org/1998/Math/MathML http://www.w3.org/Math/XMLSchema/mathml2/mathml2.xsd" identifier="uva-uniform-1118-en-qti_793277685_section_1_item_1_schoice" title="1" adaptive="false" timeDependent="false" xmlns="http://www.imsglobal.org/xsd/imsqti_v2p1" xmlns:xsi="http://www.w3.org/2001/XMLSchema-instance">
<responseDeclaration identifier="uva-uniform-1118-en-qti_793277685_section_1_item_1_schoice_RESPONSE_1_2406999" cardinality="single" baseType="identifier">
<correctResponse>
<value>uva-uniform-1118-en-qti_793277685_section_1_item_1_schoice_1_1286837463</value>
</correctResponse>
<mapping defaultValue="0" lowerBound="0.0">
<mapEntry mapKey="uva-uniform-1118-en-qti_793277685_section_1_item_1_schoice_1_1286837463" mappedValue="1"/>
<mapEntry mapKey="uva-uniform-1118-en-qti_793277685_section_1_item_1_schoice_2_9269866425" mappedValue="0"/>
<mapEntry mapKey="uva-uniform-1118-en-qti_793277685_section_1_item_1_schoice_3_8742613502" mappedValue="0"/>
<mapEntry mapKey="uva-uniform-1118-en-qti_793277685_section_1_item_1_schoice_4_2261793688" mappedValue="0"/>
</mapping>
</responseDeclaration>
<outcomeDeclaration identifier="SCORE" cardinality="single" baseType="float" normalMaximum="1" normalMinimum="0">
<defaultValue>
<value>0.0</value>
</defaultValue>
</outcomeDeclaration>
<outcomeDeclaration identifier="MAXSCORE" cardinality="single" baseType="float">
<defaultValue>
<value>1</value>
</defaultValue>
</outcomeDeclaration>
<outcomeDeclaration identifier="FEEDBACKBASIC" cardinality="single" baseType="identifier" view="testConstructor">
<defaultValue>
<value>empty</value>
</defaultValue>
</outcomeDeclaration>
<outcomeDeclaration identifier="FEEDBACKMODAL" cardinality="multiple" baseType="identifier" view="testConstructor"/>
<outcomeDeclaration identifier="SOLUTIONMODAL" cardinality="single" baseType="identifier" view="testConstructor"/>
<outcomeDeclaration identifier="MINSCORE" cardinality="single" baseType="float">
<defaultValue>
<value baseType="float">0</value>
</defaultValue>
</outcomeDeclaration>
<outcomeDeclaration identifier="SCORE_RESPONSE_1" cardinality="single" baseType="float">
<defaultValue>
<value>0.0</value>
</defaultValue>
</outcomeDeclaration>
<outcomeDeclaration identifier="MINSCORE_RESPONSE_1" cardinality="single" baseType="float">
<defaultValue>
<value>0.0</value>
</defaultValue>
</outcomeDeclaration>
<itemBody>
<p>Every 10 minutes, a bus stops at a bus stop. John arrives at the bus stop at a random time. Define <em>X</em> = the time until the next bus arrives. Then what is the probability that this time for John is 4 to 7 minutes?</p>
<choiceInteraction responseIdentifier="uva-uniform-1118-en-qti_793277685_section_1_item_1_schoice_RESPONSE_1_2406999" shuffle="false" maxChoices="1">
<simpleChoice identifier="uva-uniform-1118-en-qti_793277685_section_1_item_1_schoice_1_1286837463">
<p>
 0,3
</p>
</simpleChoice>
<simpleChoice identifier="uva-uniform-1118-en-qti_793277685_section_1_item_1_schoice_2_9269866425">
<p>
 0,4
</p>
</simpleChoice>
<simpleChoice identifier="uva-uniform-1118-en-qti_793277685_section_1_item_1_schoice_3_8742613502">
<p>
 0,5
</p>
</simpleChoice>
<simpleChoice identifier="uva-uniform-1118-en-qti_793277685_section_1_item_1_schoice_4_2261793688">
<p>
 0,7
</p>
</simpleChoice>
</choiceInteraction>
</itemBody>
<responseProcessing>
<setOutcomeValue identifier="SCORE_RESPONSE_1">
<sum>
<variable identifier="SCORE_RESPONSE_1"/>
<mapResponse identifier="uva-uniform-1118-en-qti_793277685_section_1_item_1_schoice_RESPONSE_1_2406999"/>
</sum>
</setOutcomeValue>
<responseCondition>
<responseIf>
<lt>
<variable identifier="SCORE_RESPONSE_1"/>
<variable identifier="MINSCORE_RESPONSE_1"/>
</lt>
<setOutcomeValue identifier="SCORE_RESPONSE_1">
<variable identifier="MINSCORE_RESPONSE_1"/>
</setOutcomeValue>
</responseIf>
</responseCondition>
<responseCondition>
<responseIf>
<isNull>
<variable identifier="uva-uniform-1118-en-qti_793277685_section_1_item_1_schoice_RESPONSE_1_2406999"/>
</isNull>
<setOutcomeValue identifier="SCORE_RESPONSE_1">
<sum>
<variable identifier="SCORE_RESPONSE_1"/>
<baseValue baseType="float">0</baseValue>
</sum>
</setOutcomeValue>
</responseIf>
</responseCondition>
<setOutcomeValue identifier="SCORE">
<sum>
<variable identifier="SCORE_RESPONSE_1"/>
</sum>
</setOutcomeValue>
<responseCondition>
<responseIf>
<lt>
<variable identifier="SCORE"/>
<variable identifier="MINSCORE"/>
</lt>
<setOutcomeValue identifier="SCORE">
<variable identifier="MINSCORE"/>
</setOutcomeValue>
</responseIf>
</responseCondition>
<responseCondition>
<responseIf>
<lt>
<variable identifier="SCORE"/>
<baseValue baseType="float">1</baseValue>
</lt>
<setOutcomeValue identifier="FEEDBACKMODAL">
<multiple>
<variable identifier="FEEDBACKMODAL"/>
<baseValue baseType="identifier">Feedback789760440</baseValue>
</multiple>
</setOutcomeValue>
</responseIf>
</responseCondition>
</responseProcessing>
<modalFeedback identifier="Feedback789760440" outcomeIdentifier="FEEDBACKMODAL" showHide="show">
<ul>
<li> 0,3 <br /> 0.3: Correct </li>
<li> 0,4 <br /> 0,4: Incorrect </li>
<li> 0,5 <br /> 0.5: Incorrect </li>
<li> 0,7 <br /> 0,7: Incorrect </li>
</ul>
</modalFeedback>
</assessmentItem>
