<?xml version="1.0" encoding="UTF-8"?>
<assessmentItem xsi:schemaLocation="http://www.imsglobal.org/xsd/imsqti_v2p1 http://www.imsglobal.org/xsd/qti/qtiv2p1/imsqti_v2p1p1.xsd http://www.w3.org/1998/Math/MathML http://www.w3.org/Math/XMLSchema/mathml2/mathml2.xsd" identifier="uu-p-value-805-nl-ans_198009049_section_1_item_1_schoice" title="Inferential_Statistics_uu-p-value-805-nl_uu-p-value-805-nl_schoice_1" adaptive="false" timeDependent="false" xmlns="http://www.imsglobal.org/xsd/imsqti_v2p1" xmlns:xsi="http://www.w3.org/2001/XMLSchema-instance">
<responseDeclaration identifier="uu-p-value-805-nl-ans_198009049_section_1_item_1_schoice_RESPONSE_1_9201684" cardinality="single" baseType="identifier">
<correctResponse>
<value>uu-p-value-805-nl-ans_198009049_section_1_item_1_schoice_3_2028897454</value>
</correctResponse>
<mapping defaultValue="0" lowerBound="0.0">
<mapEntry mapKey="uu-p-value-805-nl-ans_198009049_section_1_item_1_schoice_1_1768862837" mappedValue="0"/>
<mapEntry mapKey="uu-p-value-805-nl-ans_198009049_section_1_item_1_schoice_2_1424309588" mappedValue="0"/>
<mapEntry mapKey="uu-p-value-805-nl-ans_198009049_section_1_item_1_schoice_3_2028897454" mappedValue="1"/>
<mapEntry mapKey="uu-p-value-805-nl-ans_198009049_section_1_item_1_schoice_4_5467483510" mappedValue="0"/>
</mapping>
</responseDeclaration>
<outcomeDeclaration identifier="SCORE" cardinality="single" baseType="float" normalMaximum="1" normalMinimum="0">
<defaultValue>
<value>0.0</value>
</defaultValue>
</outcomeDeclaration>
<outcomeDeclaration identifier="MAXSCORE" cardinality="single" baseType="float">
<defaultValue>
<value>1</value>
</defaultValue>
</outcomeDeclaration>
<outcomeDeclaration identifier="FEEDBACKBASIC" cardinality="single" baseType="identifier" view="testConstructor">
<defaultValue>
<value>empty</value>
</defaultValue>
</outcomeDeclaration>
<outcomeDeclaration identifier="FEEDBACKMODAL" cardinality="multiple" baseType="identifier" view="testConstructor"/>
<outcomeDeclaration identifier="SOLUTIONMODAL" cardinality="single" baseType="identifier" view="testConstructor"/>
<outcomeDeclaration identifier="MINSCORE" cardinality="single" baseType="float">
<defaultValue>
<value baseType="float">0</value>
</defaultValue>
</outcomeDeclaration>
<outcomeDeclaration identifier="SCORE_RESPONSE_1" cardinality="single" baseType="float">
<defaultValue>
<value>0.0</value>
</defaultValue>
</outcomeDeclaration>
<outcomeDeclaration identifier="MINSCORE_RESPONSE_1" cardinality="single" baseType="float">
<defaultValue>
<value>0.0</value>
</defaultValue>
</outcomeDeclaration>
<itemBody>
<p>Een van de onderzoekers schrijft: “Het verschil tussen mannen en vrouwen is significant (t = 2.2, p &lt; .05).” Een tweede onderzoeker schrijft: “Het verschil tussen mannen en vrouwen is niet significant (t = 2.2, p &gt; .01). Wie heeft er gelijk?</p>
<choiceInteraction responseIdentifier="uu-p-value-805-nl-ans_198009049_section_1_item_1_schoice_RESPONSE_1_9201684" shuffle="false" maxChoices="1">
<simpleChoice identifier="uu-p-value-805-nl-ans_198009049_section_1_item_1_schoice_1_1768862837">
<p>
 De eerste onderzoekers heeft gelijk, de tweede onderzoeker niet.
</p>
</simpleChoice>
<simpleChoice identifier="uu-p-value-805-nl-ans_198009049_section_1_item_1_schoice_2_1424309588">
<p>
 De eerste onderzoekers heeft geen gelijk, maar de tweede onderzoeker wel.
</p>
</simpleChoice>
<simpleChoice identifier="uu-p-value-805-nl-ans_198009049_section_1_item_1_schoice_3_2028897454">
<p>
 Beide onderzoekers hebben gelijk.
</p>
</simpleChoice>
<simpleChoice identifier="uu-p-value-805-nl-ans_198009049_section_1_item_1_schoice_4_5467483510">
<p>
 Geen van de twee onderzoekers hebben gelijk.
</p>
</simpleChoice>
</choiceInteraction>
</itemBody>
<responseProcessing>
<setOutcomeValue identifier="SCORE_RESPONSE_1">
<sum>
<variable identifier="SCORE_RESPONSE_1"/>
<mapResponse identifier="uu-p-value-805-nl-ans_198009049_section_1_item_1_schoice_RESPONSE_1_9201684"/>
</sum>
</setOutcomeValue>
<responseCondition>
<responseIf>
<lt>
<variable identifier="SCORE_RESPONSE_1"/>
<variable identifier="MINSCORE_RESPONSE_1"/>
</lt>
<setOutcomeValue identifier="SCORE_RESPONSE_1">
<variable identifier="MINSCORE_RESPONSE_1"/>
</setOutcomeValue>
</responseIf>
</responseCondition>
<responseCondition>
<responseIf>
<isNull>
<variable identifier="uu-p-value-805-nl-ans_198009049_section_1_item_1_schoice_RESPONSE_1_9201684"/>
</isNull>
<setOutcomeValue identifier="SCORE_RESPONSE_1">
<sum>
<variable identifier="SCORE_RESPONSE_1"/>
<baseValue baseType="float">0</baseValue>
</sum>
</setOutcomeValue>
</responseIf>
</responseCondition>
<setOutcomeValue identifier="SCORE">
<sum>
<variable identifier="SCORE_RESPONSE_1"/>
</sum>
</setOutcomeValue>
<responseCondition>
<responseIf>
<lt>
<variable identifier="SCORE"/>
<variable identifier="MINSCORE"/>
</lt>
<setOutcomeValue identifier="SCORE">
<variable identifier="MINSCORE"/>
</setOutcomeValue>
</responseIf>
</responseCondition>
<responseCondition>
<responseIf>
<lt>
<variable identifier="SCORE"/>
<baseValue baseType="float">1</baseValue>
</lt>
<setOutcomeValue identifier="FEEDBACKMODAL">
<multiple>
<variable identifier="FEEDBACKMODAL"/>
<baseValue baseType="identifier">Feedback968759250</baseValue>
</multiple>
</setOutcomeValue>
</responseIf>
</responseCondition>
</responseProcessing>
<modalFeedback outcomeIdentifier="FEEDBACK" showHide="show" identifier="incorrect">
</modalFeedback>
</assessmentItem>
