<?xml version="1.0" encoding="UTF-8"?>
<assessmentItem xsi:schemaLocation="http://www.imsglobal.org/xsd/imsqti_v2p1 http://www.imsglobal.org/xsd/qti/qtiv2p1/imsqti_v2p1p1.xsd http://www.w3.org/1998/Math/MathML http://www.w3.org/Math/XMLSchema/mathml2/mathml2.xsd" identifier="vufgb-zscore-007-nl-qti_728970152_section_1_item_1_schoice" title="1" adaptive="false" timeDependent="false" xmlns="http://www.imsglobal.org/xsd/imsqti_v2p1" xmlns:xsi="http://www.w3.org/2001/XMLSchema-instance">
<responseDeclaration identifier="vufgb-zscore-007-nl-qti_728970152_section_1_item_1_schoice_RESPONSE_1_8622397" cardinality="single" baseType="identifier">
<correctResponse>
<value>vufgb-zscore-007-nl-qti_728970152_section_1_item_1_schoice_1_1743668381</value>
</correctResponse>
<mapping defaultValue="0" lowerBound="0.0">
<mapEntry mapKey="vufgb-zscore-007-nl-qti_728970152_section_1_item_1_schoice_1_1743668381" mappedValue="1"/>
<mapEntry mapKey="vufgb-zscore-007-nl-qti_728970152_section_1_item_1_schoice_2_4567991506" mappedValue="0"/>
<mapEntry mapKey="vufgb-zscore-007-nl-qti_728970152_section_1_item_1_schoice_3_9842407760" mappedValue="0"/>
<mapEntry mapKey="vufgb-zscore-007-nl-qti_728970152_section_1_item_1_schoice_4_5471187860" mappedValue="0"/>
</mapping>
</responseDeclaration>
<outcomeDeclaration identifier="SCORE" cardinality="single" baseType="float" normalMaximum="1" normalMinimum="0">
<defaultValue>
<value>0.0</value>
</defaultValue>
</outcomeDeclaration>
<outcomeDeclaration identifier="MAXSCORE" cardinality="single" baseType="float">
<defaultValue>
<value>1</value>
</defaultValue>
</outcomeDeclaration>
<outcomeDeclaration identifier="FEEDBACKBASIC" cardinality="single" baseType="identifier" view="testConstructor">
<defaultValue>
<value>empty</value>
</defaultValue>
</outcomeDeclaration>
<outcomeDeclaration identifier="FEEDBACKMODAL" cardinality="multiple" baseType="identifier" view="testConstructor"/>
<outcomeDeclaration identifier="MINSCORE" cardinality="single" baseType="float">
<defaultValue>
<value baseType="float">0</value>
</defaultValue>
</outcomeDeclaration>
<outcomeDeclaration identifier="SCORE_RESPONSE_1" cardinality="single" baseType="float">
<defaultValue>
<value>0.0</value>
</defaultValue>
</outcomeDeclaration>
<outcomeDeclaration identifier="MINSCORE_RESPONSE_1" cardinality="single" baseType="float">
<defaultValue>
<value>0.0</value>
</defaultValue>
</outcomeDeclaration>
<itemBody>
<p>Uit onderzoek is gebleken dat de gemiddelde lengte van Nederlandse mannen normaal verdeeld is. De gemiddelde lengte is 184.0 cm met een standaarddeviatie van 7.0 cm. Jochem heeft een lengte van 180.5 cm. Hoeveel procent van Nederlandse mannen zal langer zijn dan Jochem?</p>
<choiceInteraction responseIdentifier="vufgb-zscore-007-nl-qti_728970152_section_1_item_1_schoice_RESPONSE_1_8622397" shuffle="false" maxChoices="1">
<simpleChoice identifier="vufgb-zscore-007-nl-qti_728970152_section_1_item_1_schoice_1_1743668381">
<p>
a. 69.15%
</p>
</simpleChoice>
<simpleChoice identifier="vufgb-zscore-007-nl-qti_728970152_section_1_item_1_schoice_2_4567991506">
<p>
b. 30.85%
</p>
</simpleChoice>
<simpleChoice identifier="vufgb-zscore-007-nl-qti_728970152_section_1_item_1_schoice_3_9842407760">
<p>
c. 80.85%
</p>
</simpleChoice>
<simpleChoice identifier="vufgb-zscore-007-nl-qti_728970152_section_1_item_1_schoice_4_5471187860">
<p>
d. 19.15%
</p>
</simpleChoice>
</choiceInteraction>
</itemBody>
<responseProcessing>
<responseCondition>
<responseIf>
<isNull>
<variable identifier="vufgb-zscore-007-nl-qti_728970152_section_1_item_1_schoice_RESPONSE_1_8622397"/>
</isNull>
<setOutcomeValue identifier="SCORE_RESPONSE_1">
<sum>
<variable identifier="SCORE_RESPONSE_1"/>
<baseValue baseType="float">0</baseValue>
</sum>
</setOutcomeValue>
</responseIf>
</responseCondition>
<setOutcomeValue identifier="SCORE_RESPONSE_1">
<sum>
<variable identifier="SCORE_RESPONSE_1"/>
<mapResponse identifier="vufgb-zscore-007-nl-qti_728970152_section_1_item_1_schoice_RESPONSE_1_8622397"/>
</sum>
</setOutcomeValue>
<responseCondition>
<responseIf>
<lt>
<variable identifier="SCORE_RESPONSE_1"/>
<variable identifier="MINSCORE_RESPONSE_1"/>
</lt>
<setOutcomeValue identifier="SCORE_RESPONSE_1">
<variable identifier="MINSCORE_RESPONSE_1"/>
</setOutcomeValue>
</responseIf>
</responseCondition>
<setOutcomeValue identifier="SCORE">
<sum>
<variable identifier="SCORE_RESPONSE_1"/>
</sum>
</setOutcomeValue>
<responseCondition>
<responseIf>
<lt>
<variable identifier="SCORE"/>
<variable identifier="MINSCORE"/>
</lt>
<setOutcomeValue identifier="SCORE">
<variable identifier="MINSCORE"/>
</setOutcomeValue>
</responseIf>
</responseCondition>
<responseCondition>
<responseIf>
<lt>
<variable identifier="SCORE"/>
<baseValue baseType="float">1</baseValue>
</lt>
<setOutcomeValue identifier="FEEDBACKMODAL">
<multiple>
<variable identifier="FEEDBACKMODAL"/>
<baseValue baseType="identifier">Feedback625903788</baseValue>
</multiple>
</setOutcomeValue>
</responseIf>
</responseCondition>
</responseProcessing>
<modalFeedback identifier="Feedback625903788" outcomeIdentifier="FEEDBACKMODAL" showHide="show">
<ol type = "a">
<li> 69.15% <br /> Correct </li>
<li> 30.85% <br /> Incorrect </li>
<li> 80.85% <br /> Incorrect </li>
<li> 19.15% <br /> Incorrect </li>
</ol>
</modalFeedback>
</assessmentItem>
