st;course1_3;course1_4;course2_2;statement1;statement2;gender;profile;living
343234;5,93450891955044;2,6;5,52885978738435;5;6;2;3;0
343235;6,95571483971693;7,4;6,76380084798255;4;5;1;1;0
343236;4,79004819297659;2,1;7,32712040410595;5;3;2;2;1
343237;8,80476946350332;10;1,52696104791486;3;7;2;1;0
343238;8,32124536502721;8,6;6,01823473410395;5;6;2;3;0
343239;7,63404785460014;5,3;5,3949454834334;3;7;2;1;1
343240;5,13783291822792;5,7;3,85733994700845;2;4;2;3;0
343241;3,00716936335337;1;6,86885646531994;1;2;2;2;0
343242;9,23528822737828;10;6,86604938894605;6;1;1;1;0
343243;4,05518478253727;6;7,46154480926017;2;1;1;1;0
343244;2,97166880658559;4,4;4,18497891711516;7;4;1;2;0
343245;6,52217337382941;4,5;5,9299833027444;5;3;1;2;0
343246;7,72366872964975;8,5;4,63405301627026;6;4;2;1;1
343247;5,17450190305634;6;6,07381673312288;2;1;2;1;0
343248;0;1;7,04921089896557;4;6;2;1;1
343249;2,78596588767716;1;4,54792842960487;7;1;2;1;1
343250;4,16078732651501;5,1;9,18609136621486;6;1;1;1;1
343251;3,38753291346081;1;7,69311900540115;7;4;2;2;0
343252;7,35687076262283;10;6,62795984458786;2;7;1;2;1
343253;6,89450583162994;2,2;9,9;6;3;1;2;0
343254;3,41926765906516;5,4;4,84000323670795;7;7;2;2;0
343255;3,49637057655824;2,2;6,17535680347526;5;1;2;1;1
343256;3,60440847096924;2,2;4,65892097150328;12;4;2;1;0
343257;4,16469493779247;7,7;4,49382820691012;4;2;2;1;0
343258;4,25392283509609;2,8;3,20888744991515;2;7;1;3;1
343259;,621333120883736;1,2;6,15115317435463;3;2;2;1;1
343260;4,06803710424121;3,5;2,02326998268575;7;6;1;2;0
343261;0;1,7;2,2714127340735;1;2;2;2;0
343262;4,82486560851864;7,6;2,02274498118172;1;4;2;2;0
343263;6,3899431196604;8,7;3,45245791257984;99;2;2;2;1
343264;3,59575957568182;2;3,24209104221033;6;5;2;1;0
343265;5,05183371855392;4,4;7,18492415239947;4;7;2;2;0
343266;2,01571098881117;1,6;1,85784528490529;7;6;2;2;0
343267;5,15880705317224;5,9;5,16931473631813;23;6;2;1;0
343268;1,97193925023512;2,9;5,47078115055822;4;5;1;1;1
343269;6,83408781689653;5,8;2,57717830046342;1;6;2;1;1
343270;4,377606204284;8,2;2,17195369576896;5;3;1;2;1
343271;1,22922417936481;1;6,13016900383788;4;5;2;3;0
343273;2,58859032084674;3,5;4,69554476524427;5;3;1;1;0
343274;5,74459367290444;5,1;6,24535413552192;6;2;1;1;1
343275;1,42087880203777;4,4;4,53305966785116;6;2;2;1;0
343276;7,34924851833124;7,2;3,38090320970894;1;1;2;2;1
343277;5,85397394841646;4,6;6,94147088683878;2;2;1;2;0
343278;8,35510117502096;8,9;8,12864792169248;6;5;1;2;1
343279;5,19819544377948;3,8;3,39081156983737;3;4;1;2;1
343280;3,37732825800583;4,6;3,99148964317156;7;2;2;2;1
343281;1,59075911484467;1;4,48664566141796;7;5;2;2;0
343282;4,78744650704185;3,9;5,74724812482064;7;1;1;2;1
343283;7,80411627398336;6,6;6,64863442841069;1;4;2;2;1
343284;1,04301325687144;1;6,21276030435143;4;6;1;1;0
343285;7,36810670344614;5,4;4,85795112436019;3;6;1;1;1
343286;7,5156968597131;10;4,79945385056581;2;1;2;3;1
343287;3,67380806831443;1,2;4,72675319663869;6;4;1;1;0
343288;3,07300143498962;1;5,79133442952585;4;4;1;2;1
343289;5,73920715637223;4,2;5,97581092095606;1;4;1;2;1
343290;1,81715168135243;5,3;7,86749503520032;1;1;2;3;0
343291;5,36032512555287;2,3;2,59644661688242;4;3;1;1;0
343292;4,0560298247989;6,8;3,65834865035985;7;7;1;1;1
343293;5,38178461289276;6,1;4,5783142029838;1;3;1;1;0
343294;0;2,2;6,54220564157522;5;7;2;2;0
343295;,485591685739344;1;5,13366367735882;5;3;1;1;0
343296;7,47474610080166;10;0;1;2;1;2;1
343297;,921731156844614;1,7;6,10610994451434;6;2;2;1;1
343298;2,73780024535197;2,1;4,37839404046357;7;1;2;1;1
343299;4,20576804864677;3,1;4,13900068471374;1;4;1;2;0
343300;4,4677849477955;6,9;8,30681069100504;2;6;1;2;0
343301;6,26003793031;7,8;4,50885266471303;4;2;2;2;0
343302;4,34193064938763;2,8;4,10989769120664;4;2;2;1;0
343303;7,76883278533803;10;8,48511688081944;3;4;2;1;0
343304;6,19406376811698;8,5;1,76498418718469;2;2;1;1;0
343305;5,97330663715776;8,2;4,8225524342759;1;4;1;1;1
343306;2,03646733331134;1;5,0361029014719;3;3;1;1;0
343307;,402535970165053;1;6,20872812437857;5;3;1;1;0
343308;6,21018332362961;4,9;3,53946553229431;5;2;2;4;0
343309;3,69976339932024;4,6;6,36458561429115;6;6;1;1;1
343310;4,24887819709704;4,8;3,54282112243937;3;2;1;1;1
343311;1,05131046412817;1;6,08281921331867;4;4;2;1;1
343312;3,84034144130393;5,4;3,246098552882;3;7;1;3;1
343313;3,30890893417689;1,4;4,33479768923381;6;6;2;1;0
343314;3,61867466945163;3,4;2,01760751865698;2;1;2;1;0
343315;5,27104405411661;3,7;7,80760197831943;4;1;1;1;0
343316;3,41027751509719;1;5,01032589856379;7;6;2;2;1
343317;3,08888290138903;1,6;6,53654506834617;2;2;2;2;1
343318;8,18122069631052;9,6;4,98778954492268;1;4;1;2;0
343319;4,95238831971848;3,4;0;1;5;1;1;0
343320;1,81035069375554;1;3,57717876816541;2;5;1;1;1
343321;5,73228272024799;6,8;9,34745112009695;5;5;1;1;1
343322;9,62442069506787;8,8;4,32536301204946;7;7;2;1;0
343323;4,04745748052453;4,8;3,75451964455123;6;2;1;2;1
343324;4,57258239210324;4,2;5,06484301405322;7;6;1;1;0
343325;7,35790627566245;7,4;3,67757976858299;2;6;1;1;1
343326;6,41872328540206;7,9;5,992702120404;7;1;1;2;1
343328;4,33892264656422;3,2;7,45434703646055;2;2;1;1;0
343329;8,24576715029815;7,7;8,37930006531786;6;2;1;2;1
343330;5,79215514195143;5,8;5,07572174541147;4;5;1;3;1
343331;7,39609752254835;6,2;3,90028567863688;4;5;2;1;1
343332;6,18673957044872;7,7;6,10704332712864;5;3;2;2;0
343333;4,10388439887797;2,9;2,35592975435317;6;4;2;1;0
343334;7,14024792429109;4;9,09298741896117;1;3;1;1;1
343335;4,21663639407319;1,4;7,60873745351743;7;7;2;2;1
343336;4,17634764169782;3,1;4,78928439672424;2;1;2;2;0
343337;4,63898107483369;3,7;4,28979367875154;2;6;1;2;0
343338;3,52460366805169;1,2;4,1802818632256;4;3;2;1;0
343339;5,96675287339137;4,7;3,98812885550209;4;4;2;1;1
343340;4,76595861696463;4,2;5,8122318702889;2;6;1;1;0
343341;5,44351009382815;3,8;7,40203954880684;2;2;2;1;1
343342;5,14767749039802;7,3;5,71992431348098;1;6;2;3;1
343343;1,81513270064012;1;2,9975671182357;1;5;1;3;1
343344;4,80729962256642;6,5;1,8061887345272;2;2;2;1;1
343345;7,58972146763368;5,8;4,36676871625503;3;5;1;1;1
343346;3,3511284334599;4,8;6,62498856351936;1;5;2;3;1
343347;3,30963248827744;1;4,08730422819108;6;4;1;1;1
343348;4,37357996871044;6,5;3,58957243734475;5;6;1;1;1
343349;3,67222745208365;6,5;4,75992617445454;1;2;1;1;1
343350;4,70538876634953;8,8;4,09872997079127;6;6;2;1;0
343351;4,40832225415284;6,3;7,15102134886278;5;4;2;3;0
343352;2,43877131533328;1;4,88778298966898;5;7;2;1;0
343353;4,49495468719824;5,8;6,46511266042647;2;2;1;1;0
343354;5,21131285347303;2,8;2,17117318476721;3;3;2;1;1
343355;5,5796983213216;9,9;5,080929754577;5;3;1;3;1
343356;5,50042260078006;5,2;6,76364784583438;2;3;2;3;1
343357;5,68830977133288;3,8;4,81279941972183;1;7;1;1;1
343358;3,46091567942892;1,7;4,81276297126671;6;5;1;2;0
343359;7,77659868812229;9,6;7,09701509606103;4;5;2;1;0
343360;2,84347634390669;1,9;5,02338631122027;6;1;2;2;1
343361;1,48305502739174;6;4,47151830278897;3;1;2;2;0
343362;4,02642494553938;4,7;8,52167962040811;2;2;1;1;1
343363;5,49154684640564;5,6;7,26768957052887;1;6;2;2;1
343364;3,9725834560449;1,4;6,18905488574508;5;7;1;1;1
343365;2,84485867303683;1,9;7,26343921342084;23;1;2;1;1
343366;7,22795559577891;10;4,4677048134891;7;2;1;2;0
343367;7,65786176021958;9,8;4,2575333713571;5;6;2;2;0
343368;6,40753071064318;8,7;3,84887680565419;4;6;2;1;1
343369;6,15388104459199;7,5;8,42395361959416;1;2;1;1;1
343370;4,78394627015555;7;3,39814530069859;3;4;2;1;0
343371;4,2814246439534;2,6;7,7782102482883;5;3;2;1;1
343372;6,05477947208108;3,4;7,97083586899397;7;1;2;3;1
343373;4,97588195124324;6,2;5,73677998173159;7;2;1;1;0
343374;4,60523411369642;3,9;5,63425039942929;5;2;1;1;1
343375;3,66482250845512;2,3;6,05110091822629;3;2;2;2;0
343376;4,25267084169684;3,9;3,39728940928889;3;6;2;3;0
343377;5,28689466177724;5,1;1,81916251759649;2;1;2;2;1
343378;5,3617811951483;2,7;8,82899418834085;5;7;1;1;1
343379;5,55875609676445;5,3;1,87553166547309;5;2;2;1;1
343380;5,75745096231134;6,3;5,73525036097375;45;1;1;1;0
343381;2,84821225595197;5,4;7,71028241825969;3;4;2;1;0
343382;3,79325728709078;1;2,17184564042018;6;2;1;1;1
343383;7,04204114553887;8;5,32660219421385;3;4;2;1;1
343384;3,0063870155623;1;6,42336692710967;4;1;1;2;1
343385;5,72492441335114;7,3;5,40048189157157;1;2;1;1;0
343386;9,05811140864559;10;7,27477870183634;2;6;1;1;1
343387;3,67073969443644;2,9;4,31968247708935;2;7;1;1;0
343388;5,00789487455228;3,7;2,66538058531684;3;4;1;2;0
343389;4,74340982710234;3,1;4,00748794062376;3;3;1;1;0
343390;7,30715066717561;6;1,33138361726768;4;5;2;2;0
343391;6,44218913979048;5,8;3,52515734706663;5;5;1;2;0
343392;8,47842024957412;5,9;2,08861146742059;2;4;1;1;1
343393;3,04189214437615;3,9;8,26267501851252;2;3;2;2;1
343394;5,89623821430816;4,6;6,45214670886739;2;7;2;4;0
343395;6,71820354624287;6,2;5,40832947838203;4;7;1;1;1
343396;2,27637894610357;2,9;2,034504023058;3;2;1;1;0
343397;3,54229269957654;3,1;6,71373461893165;1;4;2;1;0
343398;3,10053066713753;3,1;8,88293887501041;4;1;1;3;1
343399;4,53760462911054;2,9;3,10186912121486;5;2;1;3;1
343400;5,39934929191489;4,8;6,86988777736857;3;5;2;2;0
343401;3,48821527556666;4,7;4,33589558699712;4;1;1;2;1
343402;5,51638108509755;9,2;3,15520035620986;3;3;1;1;1
343403;3,35212399062546;1,8;5,6870027863881;6;4;1;2;0
343404;7,02874746476476;6,1;4,32105720870355;5;6;1;2;0
343405;,319490861947808;1;9,49031015148641;7;2;2;3;1
343406;3,79223392806003;1,4;8,07159039751428;2;4;2;2;0
343407;3,62619764789042;3,8;7,05028239730178;55;4;2;2;1
343408;4,29648924802347;6,9;3,77508012749009;23;5;2;2;0
343409;1,24816186965276;1;4,88888475801639;5;5;1;2;0
343410;3,22685383414046;2,2;7,89340213198474;3;2;1;1;0
343411;8,10509675576248;10;3,41146356587108;5;7;1;1;1
343412;5,9747292692149;6,8;6,40244181691317;1;1;2;2;1
343413;5,61821528644608;10;8,34099996485963;1;5;1;1;0
343414;3,86002650900852;2;1,94933986330812;3;5;2;2;0
343415;5,42812836268014;1,6;3,32058236039055;7;5;2;1;0
343416;,567675002871065;1,6;7,20762211996927;4;6;1;2;0
343417;4,69800374355092;4;5,83340508096118;3;2;1;1;0
343418;3,57588456479794;1;3,29584699489787;3;3;1;1;0
343419;3,75375050864233;2,7;4,30771072972506;2;1;2;1;1
343420;5,91876319180778;7,2;3,75368506843545;6;6;1;2;1
343421;3,54149426813155;5,6;6,42967813727333;5;7;2;1;1
343422;5,01672639582504;2,4;7,24367554003868;7;3;1;2;1
343423;2,9804056653235;2,9;8,83934814866632;6;2;1;3;0
343424;3,90714143170438;5,8;1,80677192654945;5;5;2;1;0
343425;1,69268901173058;1;2,88457484088803;5;7;1;4;1
343426;6,80958427467819;7;1,58656138370432;4;1;1;3;1
343427;0;3,1;4,09421851529394;3;1;2;2;1
343428;4,79579934425949;5,8;5,15462565318599;3;7;1;1;1
343429;1,87672602143476;3;9,9;5;4;2;3;0
343430;6,92113182807446;7,5;,87836159722486;7;5;1;2;1
343431;4,98213583877792;3,9;7,16775855933821;5;6;1;1;0
343432;3,06753099540387;7,7;6,37937958535364;1;7;1;1;1
343433;6,80476789315369;5;5,6831959117795;4;7;2;1;0
343434;5,41627639000621;7,4;5,41354788172299;3;2;2;2;0
343435;4,3921781536577;7;3,39897712662921;2;3;1;2;0
343436;2,36499800924936;1;3,12228527061726;7;2;2;1;0
343437;4,48152040714679;2,8;7,18637598207538;2;5;2;3;0
343438;2,84998948067669;1;9,55441758722648;4;3;2;2;0
343439;3,73413260806725;1,5;5,25622285970855;2;2;1;1;1
343440;4,38065406983134;3,9;3,54593742740424;5;4;1;2;1
343441;2,71817175524836;1;7,16232301454255;6;4;1;2;0
343442;4,19911511842885;4,9;1,0822596027994;3;4;2;1;0
343443;3,14340079043365;3,8;5,58920374192232;1;4;1;2;1
343444;5,76122444904665;7,6;4,66786750549439;4;4;1;1;0
343445;5,92087749090236;6;4,88521006080838;3;2;1;1;0
343446;6,79878171419659;8;6,66682119322622;7;3;2;1;1
343447;1,9040865012842;1;2,46613555719185;2;2;1;1;0
343448;3,0611248592083;1;3,52462729109098;6;1;1;1;1
343449;6,16732587006492;3,8;3,20758685853726;2;5;2;1;1
343450;1,38461443451439;1;6,76982838979487;4;7;2;1;1
343452;8,07260628179109;10;6,90051508006807;1;1;2;3;0
343453;7,44326895471621;1,5;6,6305170031725;6;1;1;1;0
343454;4,1747078991536;1;6,145823287298;3;1;1;3;0
343455;6,24365734788831;6,7;7,4748643456699;4;3;2;2;0
343456;4,68503225435149;7,2;3,20584560213791;5;4;1;2;1
343457;7,6050249566219;10;4,74277301055302;7;5;1;2;0
343459;4,01847250170203;5,5;6,70473786689617;7;5;1;1;1
343460;8,92368866999775;10;8,6333547633498;4;7;2;1;0
343461;4,77727586621606;4,1;7,00089168103918;6;5;1;1;1
343462;7,1345045111374;10;7,27196133935082;1;1;1;1;1
343463;2,81781070556928;2,4;3,99121986072106;6;7;1;2;0
343464;3,23072741739087;4;4,08639715811978;3;6;1;1;1
343465;8,51283277510342;9,6;3,3594066071376;6;4;2;2;1
343466;8,37842006912495;8,8;1,89164052087648;2;2;1;2;1
343467;8,59470192247733;7,1;4,06368617828586;3;5;2;1;0
343468;1,5691348391137;1,7;3,61990381151396;2;6;2;1;0
343469;7,80118535923667;7,7;3,93284017935026;2;3;2;3;1
343470;4,60113868575245;6,6;5,65451782396886;1;4;2;1;1
343471;3,3490235662888;2,8;8,39562594921575;8;5;1;1;1
343472;6,69906195987686;8,5;5,6105406044962;5;7;1;1;1
343473;4,29874235927784;1,8;4,19624765514515;1;5;2;2;0
343474;7,21687481757219;4,3;4,02473886607139;4;4;2;2;0
343475;2,99481791770146;4,2;7,45135180980111;3;2;1;3;0
343476;1,10890477557668;1;5,45190968235387;6;3;1;1;1
343477;,988566860737159;3,5;4,3608996177535;1;1;2;1;1
343478;7,66067496173454;4,7;5,03813020769869;1;2;2;1;1
343479;5,02004155288985;2,4;2,80284984177869;4;1;1;2;1
343480;2,1825649241367;1,4;5,66699910271447;6;1;2;2;0
343481;2,28733923642913;5,1;7,55479520740159;5;7;1;1;1
343482;1,15460083957028;1;4,78437350653115;7;5;1;4;0
343483;5,43966392362491;3,4;9,26289912866271;6;2;1;4;0
343484;2,56670098076745;1,2;5,28757553030644;6;2;1;3;0
343485;2,28870085826032;1;6,7442499957674;4;6;1;1;0
343486;7,72857586849707;8,8;2,86072750370597;2;4;1;1;0
343487;6,03657517160556;6,5;4,9698220794223;2;6;2;3;1
343488;6,48077813565425;6,8;6,12150445155029;2;4;1;3;0
343489;5,88270770903324;6,7;6,79432966780491;3;6;2;1;1
343490;5,35260693898895;8,6;6,27308684817975;3;5;1;2;0
343491;7,88158211844292;7;1,31015718395331;2;1;2;3;0
343492;3,3021278215424;2,7;1,53447652297649;2;5;1;1;1
343493;8,93762145197512;9,2;6,02853627863517;1;7;2;1;0
343494;9,2774901132185;6,4;3,03911056100807;1;5;2;1;1
343495;0;1;6,88954224018782;7;3;2;1;0
343496;3,67491046347546;3,2;2,77773935795904;3;3;2;1;0
343497;5,67676047810264;4,6;9,12309444422136;4;7;2;2;0
343498;5,50420639000614;7,8;7,3104750741604;6;1;2;1;0
343499;1,53028939415275;1,2;5,28075141736431;5;2;1;4;1
343500;4,25128962194958;2,2;5,96303146590871;1;3;1;2;1
343501;3,05944963513853;3,2;2,63660834351408;5;3;1;2;0
343502;3,18637482800276;4,5;8,07491792469164;3;1;1;1;1
343503;,890967179519976;1;4,30424954187161;6;6;1;3;1
343504;2,34004141546015;1,5;7,20545808569904;6;1;2;1;1
343505;2,7869281704761;1,8;3,37801954218613;4;5;2;1;0
343506;3,81561778957727;1;5,25611820219173;3;3;2;3;0
343507;5,31287349516797;5,1;7,25506258777044;3;7;2;3;1
343508;6,19884383223284;7,3;2,46964564598529;4;3;2;1;1
343509;2,85998246041199;5;5,16464397513452;1;3;1;1;0
343510;7,68212648345523;10;3,4621688736879;5;3;2;3;1
343511;4,86577658486245;3,2;4,01289567891419;1;3;2;1;1
343512;8,33901970229565;4;4,38084398097408;4;7;2;2;0
343513;5,37709311550411;4,2;6,9594174342683;7;4;2;1;0
343514;5,1681779290004;4,8;4,43028527851535;6;4;2;1;0
343515;6,85024386990974;9,3;2,82500735254278;3;5;2;1;0
343516;6,78623629696011;7,6;3,77087086941566;99;7;1;2;0
343517;4,76859906810039;1,8;4,29149739005357;3;5;1;3;1
343518;2,98696600685744;5,4;3,88775474475649;3;2;2;2;0
343519;5,76115562645375;3,4;2,8735383557181;4;5;1;2;1
343520;5,96356697227842;3,5;5,2086948650149;6;5;2;1;0
343521;2,93563294170169;7;4,34765875522546;4;4;2;1;1
343522;5,68903421953622;6,1;4,05537329705772;7;5;2;2;0
343523;5,95409125895693;10;3,31834494252571;3;6;2;2;0
343524;5,4371308638697;5,4;,333510585073206;2;4;2;1;0
343525;8,62065327915916;10;9,9;5;6;2;1;0
343526;4,05745266086413;4,7;5,35659235907312;5;5;1;3;1
343527;2,77085126911139;3,6;5,59477708543087;6;7;2;1;0
343528;4,87009796690187;3,2;2,80670419220816;5;1;1;2;1
343529;6,64351126009463;5,9;3,8437819862922;2;4;2;3;0
343530;2,69999602145388;4,1;6,20738139931299;5;6;2;1;1
343532;9,23039740815194;7,7;3,91329044589173;7;3;2;1;1
343533;4,54303326930511;5,1;0;1;7;1;1;1
343534;5,40376464549098;6,8;6,73304766948439;1;3;2;1;0
343535;4,52515678475557;3,4;8,2368868626143;5;5;1;1;0
343536;7,81706311079509;8;3,33908683702014;1;7;1;2;1
343537;5,61682145538161;6,9;6,80853731840472;4;4;1;1;0
343538;3,85763472203478;6,3;5,22334173532683;1;4;2;1;0
343539;7,29935224571884;9,6;5,07796642865338;3;2;2;1;1
343540;7,88221391136735;7,4;3,87081105608579;1;3;2;1;1
343541;8,50465382557743;6,2;3,63710972454018;2;1;1;3;0
343542;4,05405426753232;2,9;2,37945881702418;4;7;2;2;1
343543;3,01848953399582;1;2,9793490382773;6;7;1;2;1
343544;3,37866912167472;3,8;8,10781858994005;5;7;2;2;0
343545;7,11590921721205;10;4,01452506550604;6;3;1;3;1
343546;3,79345873407744;5,1;8,85646146991184;2;3;1;1;0
343547;3,77762459520564;6,1;2,13512165987979;2;2;2;1;1
343548;6,21810770824578;10;9,9;1;7;1;4;0
343549;6,46892730890283;9,2;4,87609050313829;2;3;2;2;0
343550;5,36066314386081;7,1;5,96399726268122;2;4;2;1;0
343551;0;1;5,51503218010822;3;4;1;1;1
343552;6,59357855546396;9,2;,922683508115476;7;1;2;1;1
343553;,472176877761685;1,3;1,96922447269411;3;4;1;3;1
343554;2,1527369130906;1,1;4,08473447336126;4;1;1;1;0
343555;3,37619312852314;1,3;6,46672855076075;5;1;1;2;0
343556;2,53044689880317;4,5;3,09849028572098;6;2;1;3;0
343557;5,20340805402489;3,2;9,9109516411697;2;1;1;2;0
343558;8,91694512122448;6,1;4,54088642616752;5;3;1;2;1
343559;3,87110292937386;1,2;7,27347757702585;4;1;1;3;1
343560;,80607596595021;1,8;4,22537704136301;3;3;2;1;0
343561;7,69028698571774;7,4;2,63862187258944;4;2;1;1;0
343562;1,37055668055607;1;9,9;2;4;2;2;1
343563;3,99389018124378;2,4;8,68205891032313;3;5;2;2;1
343564;2,1029818095775;2,4;6,24488180625615;5;5;2;2;1
343565;7,70926853943457;9,6;5,50494166623077;7;3;1;2;0
343566;5,23732409804069;1,5;5,93432883904388;5;6;2;3;1
343567;1,93932102607524;1,9;4,24538282558987;7;2;1;3;1
343568;2,57456810540563;4,9;3,21088873977479;6;1;1;3;0
343569;5,90927373831631;9,1;5,64537858644432;1;6;2;2;0
343570;8,07510248627449;10;5,66124587773179;7;7;2;3;0
343571;6,11731228664112;5,2;5,84997910410859;2;2;2;2;0
343572;6,33198475429184;3,9;9,91573905772643;6;6;1;3;0
343573;5,61408223353709;2,8;9,47675178903956;2;5;2;2;0
343574;3,78222571355065;3,9;4,99479753378858;3;3;2;1;0
343575;5,01033314572674;6,4;5,20563004881971;7;2;2;2;0
343576;4,23008300660594;4,2;,41085064687668;7;4;1;2;1
343577;3,69883749821798;6,7;2,58895278887885;7;2;2;1;1
343578;4,9401344632695;4,5;4,81289871611688;5;2;1;2;0
343579;3,74370154302203;3,1;4,37194156025423;2;5;2;1;0
343580;3,47110580477957;2,7;7,62881162678249;2;7;1;3;0
343581;2,49765471849897;4,3;4,41922819565957;2;6;2;2;1
343582;3,74951967636198;4,1;6,8344226149031;5;1;2;4;1
343583;3,05757122042043;2,3;3,97112535606287;4;5;1;2;0
343584;3,20841409911635;1,7;7,89539317282963;7;3;2;2;1
343585;4,38072178851987;5,8;4,77807036085386;2;2;1;1;1
343586;5,1165988765547;8,6;4,66251903408403;2;7;1;1;1
343587;2,74554341102168;1,3;3,35238154100794;3;1;2;1;0
343588;3,29066353759132;4,6;5,60894185747659;5;3;1;1;0
343589;7,90067251732741;8,9;1,21319157250148;6;7;1;3;0
343590;5,23635130913318;2,8;7,03786775335055;4;2;2;2;1
343591;4,2285560397287;4,4;5,95821551782346;7;4;1;2;0
343592;6,00449890688669;7,2;1,24857280226207;6;2;1;1;0
343593;3,45841767823434;5,3;5,23569566518399;7;6;2;1;0
343594;4,28010152145878;5,2;2,91169675863763;1;7;1;1;1
343595;5,95746557698516;5,9;4,58094388203109;2;1;1;2;0
343596;7,09029436138932;5,3;6,4641081346114;2;1;2;1;0
343597;4,55363555308456;4;3,81812601434919;4;7;2;2;1
343598;4,97558281359182;7,4;6,74928816570133;3;3;1;2;1
343599;2,51996385579272;1;4,37333934384287;3;6;2;2;1
343600;5,47678771004486;2,6;7,14623941827254;6;2;1;1;0
343601;2,86705169007678;1,9;2,14144488348747;6;6;1;1;1
343602;5,91006190073633;7;3,71375779625347;2;5;2;2;0
343603;3,64485494288743;3,7;3,83839214541427;2;7;2;1;1
343604;3,90158454548922;2,9;5,78185958671393;1;2;2;2;0
343605;4,12346205353264;5,2;6,26809956050071;1;3;2;2;0
343606;3,24403310758254;4,9;,246922635523246;7;4;1;3;1
343607;1,23927455249027;1;6,29510037043659;3;5;2;1;1
343608;5,62879378846285;3,6;6,97446424391897;3;6;2;2;0
343609;1,17360554531263;1,4;2,51517583828575;3;4;1;2;0
343610;3,07982439125889;1,9;4,67451358751079;3;4;2;2;1
343611;5,23321981097648;6;4,30124414921956;3;6;2;2;1
343612;4,93926940983592;2,7;3,76474667859197;7;2;2;1;1
343613;5,40833485844428;6,7;3,7670621345496;3;2;1;1;1
343614;6,11488553156422;2,2;6,86040736735406;4;3;2;1;1
343615;4,91028281357121;2,9;6,29535859688454;1;5;1;1;1
343616;7,52780038498118;9,1;8,22974569629877;3;5;2;1;1
343617;6,35523773296814;2,1;6,98784782174976;4;3;2;2;0
343618;6,28157556592175;5,4;4,70991980971731;6;7;2;2;0
343619;3,80404691121123;2,6;3,85713582402876;2;7;1;3;1
343620;1,26772433111558;1;6,51540663175287;6;5;1;1;1
343621;1,70233730504838;5,7;4,23187841303417;5;4;2;2;0
343622;6,61689407233333;7,6;5,83342170483321;5;3;2;2;1
343624;8,65892312028049;10;0;6;6;1;4;1
343625;7,76576493674062;6,7;2,4155867395707;1;5;1;1;1
343626;2,93984780037066;4,4;4,46350572889359;1;4;1;2;0
343627;2,73929104374396;4,3;4,65247591610293;2;6;2;2;0
343628;1,73237283739823;1;9,05341276821828;5;4;2;1;0
343629;2,58537734376358;2;3,56030004849397;5;7;2;1;1
343630;7,36818165410365;4,1;3,09010199746232;3;1;1;3;0
343631;5,8355758926812;8,2;1,52282099625852;2;2;1;2;0
343632;5,18463685873878;4,7;7,09721526389197;6;3;2;2;0
343633;5,295590894746;2,4;5,81570949162127;3;2;1;2;0
343634;3,54960942946833;1;4,47622860797083;3;6;2;1;0
343635;5,39790568440494;3;1,89358589782407;2;3;2;1;1
343636;6,25989052946392;4,4;2,88406290518908;5;7;1;1;0
343637;2,51654447459261;4,7;9,40719348209741;7;7;2;3;1
343638;6,96322676521668;8,5;6,59300514023967;3;6;1;2;0
343639;3,78112451210165;1,7;4,50438147641608;4;1;1;1;1
343640;6,15256767395342;3,9;3,40459832500338;4;2;2;2;0
343641;7,50850800237558;8,4;6,04644551288945;4;5;1;3;0
343642;4,47629115009558;2,1;3,41654742029357;6;6;1;1;0
343643;4,46893816816203;6;4,77353063010704;5;6;1;3;0
343644;4,77870992478023;4,4;4,37045687664444;2;2;1;1;1
343645;4,3506853062694;2,4;6,75289912220801;1;3;2;2;1
343646;5,27713966749651;7,4;4,34482812800531;6;1;2;1;1
343647;1,01226465277287;2,2;6,02870530744558;3;7;2;1;0
343648;2,48459150835834;4;7,56824072627341;1;3;2;1;1
343649;2,898330443532;4,3;4,84221886956572;5;3;2;2;0
343650;2,85891730721378;2,1;6,38491367966944;5;3;1;1;1
343651;5,29688782166221;7,4;6,72519146275861;7;2;2;3;1
343652;5,73931753156363;7,4;1,74868238346814;3;4;1;2;0
343653;5,95813443183818;6,8;9,72657354252537;2;3;2;1;0
343654;3,28131488659483;1,3;6,47783886246263;1;3;2;2;0
343655;3,91433652013887;4,1;7,07243239402387;4;7;2;1;0
343656;3,64494574380404;3,3;5,74694445848628;5;1;1;1;1
343657;4,98815565718327;3,4;4,60939569749017;2;5;1;2;1
343658;6,38080842498279;5,3;6,97047915179578;7;3;1;2;1
343659;7,12628916955585;7,6;,878270335076515;5;5;2;2;1
343660;2,28581695073036;2,2;5,38311639862963;7;6;2;1;1
343661;7,09729872944505;7,8;7,71363776530089;5;2;1;3;1
343662;3,98481360029774;2,8;4,52717381886168;2;7;2;2;0
343663;5,32835836194764;4;2,4741936187478;6;5;2;1;1
343664;2,79603837251706;3,5;7,86591636312983;3;1;1;3;0
343665;3,15358348844611;2,8;4,10275587145493;3;4;1;2;1
343666;5,40270340522364;7,8;4,32055646979948;5;1;1;1;0
343667;7,41180607860227;6,2;8,00087213487858;5;7;1;1;0
343668;8,84997929862924;6,2;4,85482404426786;1;4;2;2;1
343669;1,48927817455225;1;3,86838359421213;7;2;2;2;0
343670;3,16343021337041;5,3;4,28397197778884;3;3;1;1;0
343671;5,5644189608821;5,9;3,76129794024213;6;3;1;2;0
343672;7,16958573810807;8;3,9239176981119;4;1;2;2;1
343673;2,59679949440096;5;8,71259830599376;5;1;1;1;0
343674;7,60145688771357;9,3;6,41557895476981;4;4;2;1;0
343675;8,74059198044093;6,5;2,74211114741409;3;3;2;1;0
343676;2,13375528611842;1;8,89255526092232;2;1;2;2;1
343677;2,87485360631987;2,5;7,41723141564651;7;3;2;1;1
343678;4,80252876480999;3,7;7,70053955641581;4;4;1;1;1
343679;1,62890613149473;5,4;7,77623368114817;4;4;1;2;1
343680;7,15375071279224;5,1;5,98690532529173;2;5;1;1;1
343681;3,92269996942097;6,2;4,73848233071697;7;3;1;1;1
343682;1,97862786511975;1,8;5,29258735031187;6;7;2;2;0
343683;7,25645710639321;6,9;5,99834835397954;5;3;2;3;1
343684;5,83420000754858;5,8;8,31845287248041;7;5;2;2;1
343685;4,95827651611157;3,3;1,98475235365077;4;5;1;1;1
343686;5,02528875110204;7,6;6,74013460685764;3;5;1;2;1
343687;4,97911450617455;4,8;6,66508207956625;23;4;1;1;1
343688;2,26388828153291;2,2;3,82754668824948;7;7;2;1;0
343689;6,20857576190652;4,5;9,40938673642712;4;1;1;2;1
343690;5,78195644302612;6,1;2,13264584009237;0;5;1;1;1
343691;3,20656228754909;6;5,88305277004451;1;5;1;3;1
343692;4,34748070746921;1,8;1,34842645553413;4;5;2;1;1
343693;4,5873891994758;6,3;4,74430358490028;2;7;1;1;1
343694;3,04145778680371;1;7,83688117561428;23;7;1;1;0
343695;5,21177033931425;7,3;8,00198677288641;4;6;1;3;1
343696;6,43777495800879;10;3,05010370560116;7;4;1;3;0
343697;6,36547181227357;7,8;4,25187410505813;1;6;2;2;1
343698;7,7161552201736;6,6;3,43168279707936;4;3;2;1;0
343699;2,54138258696534;2,1;2,99057361939598;5;6;1;1;1
343700;5,81773054567115;5,4;3,39142884307408;4;1;2;1;1
343701;5,16540596538659;3,4;2,6272786135832;1;3;2;2;1
343702;5,52953088888138;3,5;7,43348491112106;6;5;1;1;1
343703;2,06669043582363;1;7,58261727408989;6;1;2;2;0
343704;3,97847765365579;3,8;7,22472113795064;2;1;1;2;1
343705;3,36974698309293;3;4,59736920038361;2;3;2;1;0
343706;2,16293354669997;1;7,9801756575465;2;7;2;1;1
343707;4,04687600593785;6,5;3,1409725925216;6;1;2;2;1
343708;4,33654374622213;7,4;7,0394798537563;2;6;1;1;1
343709;1,97185932210787;2,7;7,7094044643407;55;7;1;1;0
343710;2,29109718628328;4,5;5,82829621179777;6;4;1;3;1
343711;2,93755248606287;3,2;5,620558336728;7;6;1;2;0
343712;4,06053659467249;2,1;1,00271149702126;2;6;1;2;1
343713;6,28151964628192;5,2;7,24478516812555;1;4;2;2;1
343714;2,53224591868113;3,9;3,84646139313753;2;4;2;3;0
343715;2,97150525844593;4,1;8,84445912505302;4;3;1;1;1
343716;4,08324934974002;3;4,21983171782048;5;7;2;2;1
343717;5,10112931577117;6,4;6,22254881014011;0;6;1;2;1
343718;4,12640098035814;5,5;3,87182562425881;2;4;2;1;0
343719;4,16129887156544;5,3;5,46039821381149;7;5;1;1;1
343720;6,86143718079501;6,8;5,57030746499506;2;1;2;1;1
343721;3,722422674553;5,6;4,17815270063854;2;6;1;2;0
343722;6,55331607947311;1,5;5,06097398870782;7;3;1;1;1
343723;7,46781470004569;6,9;4,77696820950424;7;7;2;1;0
343724;1,54850889812127;2,7;4,38841137921884;3;2;1;2;0
343725;2,8051845696214;3,2;4,674652615921;5;5;1;1;0
343726;5,88344221239066;8,9;1,07617701085023;4;6;1;2;1
343727;2,28773171391972;1,5;3,40979158978394;5;3;1;1;1
343728;7,30014506556059;8,3;6,31527606048033;3;7;1;1;1
343729;3,1157125080561;6,9;1,40536693564611;1;3;1;2;1
343730;3,66553922400549;5,8;5,30920280564974;2;3;1;2;1
343731;4,5634173973183;5,6;6,06762472957984;2;2;2;1;1
343732;2,53935253032252;6;3,88883296061741;2;2;1;2;1
343733;4,54710688198835;8,3;3,85909485753212;2;1;1;1;1
343734;1,60117148503548;4,4;6,39144086082008;3;5;1;2;1
343735;4,12873449759578;7,2;1,92555206743684;7;2;2;1;1
343736;5,12994303557512;5,1;4,56586494509304;3;4;1;2;0
343737;3,98369550823155;5,7;4,85342109363945;6;4;2;1;1
343738;4,09695856530847;3,5;9,18578047425644;1;3;2;3;0
343739;6,86489931187901;5,9;4,5362146204786;4;1;2;1;0
343740;5,68052750999752;4,9;5,64148138276064;4;4;1;4;1
343741;,218009804818748;2,7;5,09533072436765;7;5;2;2;0
343742;3,11099295563493;2,2;9,02438756970011;2;2;1;2;1
343743;7,7120642065475;3,1;7,29638523281969;1;5;2;3;1
343744;8,61821540818902;7,2;5,56305744315299;6;6;2;1;1
343745;,629017692269534;7,1;4,45300393721308;1;7;1;2;1
343746;1,07613485026315;1;5,94758794448383;4;2;1;1;1
343747;0;1;5,73898003757232;3;4;1;2;0
343748;5,45250093201798;3,5;6,28861560631605;2;7;1;3;1
343749;2,07034950943954;4,1;6,32234414323905;7;2;1;1;0
343750;4,56574681653958;5,1;3,41352391376619;1;5;1;2;0
343751;4,18649363388243;5;4,61519607052634;6;1;2;2;1
343752;7,99450102932045;8,1;4,21387699276208;5;3;1;2;1
343753;4,99921978655229;4,1;7,33256663439459;6;7;2;1;1
343754;4,44656980742731;3,4;8,26024307556257;3;1;1;2;1
343755;2,8887497659281;1,9;5,42140388776795;6;7;1;1;1
343756;3,71722695492478;1,2;7,1940046145644;1;6;2;1;1
343757;3,42585406371448;3,7;4,45367123178873;5;3;2;1;0
343758;1,27903792322523;1,5;3,96275334483249;1;1;1;1;0
343759;2,04213087099082;1;7,13710301684892;5;1;2;2;1
343760;4,11663837397203;5,3;4,63122279654836;5;7;2;2;1
343761;4,77475696982666;6,4;6,90070646435733;5;5;2;2;0
343762;3,72777623009653;3,3;1,57070369977513;2;4;2;1;1
343763;2,90897820152318;4,3;2,2226087640003;5;5;1;2;0
343764;3,66224175404683;6;7,2778900116527;5;5;1;1;0
343765;5,10104198880769;6,2;5,15024059352391;5;7;2;3;0
343766;4,18307365851154;5,3;3,08462135543689;5;2;2;2;1
343767;3,86407722658689;3,3;4,58661104355973;1;7;2;2;0
343768;3,87712994125003;4,6;4,35141682272026;12;1;2;1;1
343769;2,78239120027331;1,3;7,52470668270775;5;3;2;1;1
343770;8,02710371592238;5,6;,764030711158415;3;6;1;3;1
343771;6,79392454988226;7,6;4,47204475796467;1;5;1;1;0
343772;5,25174167151999;6,6;4,13454119552984;7;5;1;2;0
343773;3,47819958678097;4,2;4,17709873968562;3;1;2;2;1
343774;7,52882793918712;3,3;4,53283234197454;1;4;1;1;1
343775;1,4467663742769;1;1,07900331173161;3;7;1;2;1
343776;4,04993438730282;1,1;6,02802447654864;2;2;2;3;1
343777;8,61335397443499;6,1;5,47027341969232;7;6;1;2;1
343778;3,15388923150775;3,5;4,74676944231289;4;7;2;2;1
343779;3,89141722098711;2,6;6,42668853193998;6;2;2;1;1
343780;5,04951410531453;2,9;1,8333230323671;5;7;2;3;1
343781;4,14084930480136;4,1;3,23837922608207;1;6;1;1;0
343782;5,5378314836112;6;6,31907164273484;5;3;1;3;1
343783;4,03491666442565;2,6;3,60216155799683;4;1;2;2;0
343784;4,81386448882818;2,7;3,99376993092386;6;6;1;3;1
343785;2,73406346410788;1,3;4,40311814706795;2;6;2;1;0
343786;8,33879541704837;7,5;4,36986150549483;67;2;1;2;0
343787;3,37177133171252;3,4;3,51369122838525;2;3;2;1;1
343788;5,97662587503682;5,9;5,5890367300509;2;2;2;1;0
343789;2,71879692002594;4,2;3,53168231736953;4;6;2;2;0
343790;6,86683677364444;7,7;1,83204911383154;4;5;2;2;0
343791;6,15612564416196;4,7;7,56402719097137;6;1;1;1;1
343792;3,64082338294266;4;2,82114302100845;2;4;1;1;1
343793;4,95603056953337;1;6,81636395477868;2;6;1;1;1
343794;4,17230849340442;3;4,18891838220704;4;1;2;2;0
343795;0;1;7,03186706435706;7;2;2;2;1
343796;8,72650146000973;5,2;4,65101395769177;1;5;1;3;0
343797;,768766133276951;4,3;4,43207714369663;6;2;2;3;0
343798;5,1342249734864;8,4;8,5957907987082;5;7;2;1;0
343799;5,49356466260502;7,2;9,16126373820151;2;1;2;1;1
343800;3,49693905117977;6,2;6,61674176720093;3;5;1;1;1
343801;7,66799761970423;7,5;,987033063222709;7;7;2;1;0
343802;0;1;5,53877401567547;3;6;1;1;1
343803;6,64256336738622;8,7;4,0003475334446;1;5;1;1;1
343804;5,55612342068162;6,3;0;1;2;2;1;0
343805;1,94170919952796;1;4,36603415286696;2;3;2;1;1
343806;3,77310467444885;4,7;4,44911647079762;7;4;2;2;0
343807;2,45513573838228;2,9;6,38483509474618;2;4;1;1;0
343808;3,13745049970333;2,5;9,9;-1;5;2;1;0
343809;4,1839305235786;6,6;5,20403713357344;5;6;1;2;0
343810;2,37219813214525;1;4,13116610757749;3;6;1;2;1
343811;8,55821754037965;6;2,53660961959743;5;3;2;3;1
343812;2,01969987885519;1;7,35752141075488;4;6;2;1;0
343813;8,4736701366446;10;5,49929114866543;2;1;2;3;1
343814;7,05657546316204;9,1;5,93521260417534;3;2;1;1;0
343815;5,55973485657839;5,3;4,48912871913691;7;3;2;3;1
343816;2,83229063507169;4,2;5,85038575157733;4;3;2;3;1
343817;6,33689565402083;6,4;7,09546556560564;4;5;1;1;0
343818;3,62405022713335;4,3;7,10822292524924;6;6;2;1;0
343819;2,70699383157911;6,3;5,38237082308822;1;3;1;1;0
343820;4,36292265510341;1;5,5352576215913;6;7;2;4;1
343821;2,1334222823194;3,7;1,09694822545523;3;6;2;2;1
343822;1,12182060521136;1;4,7871397216203;0;2;1;1;0
343823;3,58317904658186;4;7,44199792464122;7;7;2;1;1
343824;5,56910688592497;5,8;3,23139514939904;1;6;1;2;1
343825;5,36272716159908;6;6,70356423825008;5;1;1;2;1
343826;0;1;7,80048670467868;1;1;1;1;0
343827;3,19578253897706;1;5,09205278937088;7;2;1;2;1
343828;2,7226858134905;1,4;0;5;7;2;3;0
343829;5,33476540926015;3,8;5,92093482835987;4;1;1;1;0
343830;3,03927028713001;4,9;1,98313886016098;3;3;2;1;0
343831;4,31061749466993;1,2;7,36022921752945;6;6;2;1;0
343832;8,29926268635004;10;6,73677290502709;4;4;1;3;1
343833;6,59592312068263;7,2;8,76137255282851;2;3;1;1;0
343834;4,71584429979553;3,7;6,61760350070032;7;2;2;1;0
343835;4,40700335856425;6,1;6,75576321412428;3;4;1;1;1
343836;5,075379075251;4,3;5,73026249311389;4;5;1;1;1
343837;8,56710040683493;9,3;3,36601207311598;4;6;1;1;1
343838;7,50817973972794;6,3;2,3525334512157;3;1;1;2;0
343839;6,03099115904089;7,2;5,0496094145231;3;1;1;1;1
343840;6,99559324383026;6,4;4,9513962943794;2;5;1;1;0
343841;4,85048902628964;3,6;7,40233560395307;7;6;2;1;1
343842;3,19818861593253;6,2;5,9703854985015;3;6;2;1;1
343843;,982813855751425;2,8;3,71973670668144;5;2;1;1;0
343845;5,03740587885777;3,2;7,67079674509968;3;4;1;1;0
343846;1,2117788146482;1,4;,171148228412302;1;4;2;1;1
343847;6,59395610948913;5;5,63125144149201;4;3;2;1;0
343848;6,17764296487516;8,1;8,75013706849365;5;7;2;1;0
343849;6,59321091700765;5,6;3,40578266855775;5;7;1;2;1
343850;4,88532257299908;5,6;4,44905872103854;3;5;2;2;1
343851;6,18806262998915;8,1;5,03149928260023;4;6;2;1;0
343852;7,40418076021554;2,7;1,91252580187257;5;4;1;3;0
343853;3,75717632870156;6,9;5,48351253905317;7;1;2;3;1
343854;4,6741074922997;6;8,21330285992336;2;5;2;2;0
343855;3,0377892480294;3,3;6,19882264175875;5;4;1;2;0
343856;6,06415056784845;2,5;5,34560720303299;6;3;1;3;0
343857;3,57703129575803;2,7;6,53425801524132;12;5;2;1;1
343858;7,45171040201295;6,9;8,04708272463675;7;6;2;4;1
343859;6,20517157389826;4,8;7,35531645736983;6;2;1;2;0
343860;5,15520630634181;8;7,70879043288348;2;7;2;1;0
343861;6,03927529665049;4,9;4,26514269941321;3;7;2;1;0
343862;4,6885422401703;5,5;4,36477942239182;4;6;1;1;0
343863;8,13597678360121;6,4;4,91605225977567;5;1;1;2;1
343864;2,92546683150853;1,1;4,60192258774392;6;7;1;1;0
343865;1,95168893625196;1;3,10170147568659;8;1;2;2;1
343866;5,59354161525948;3,5;4,3769592550347;4;4;1;2;0
343867;1,91028115150339;3,5;6,2252219393557;5;1;1;2;0
343868;5,82756344827432;5,4;4,03561962830087;3;7;1;2;0
343869;,541395486573953;1;4,36680547808809;6;2;2;1;0
343870;3,70819448421101;6,2;5,65407354415749;4;4;1;3;0
343871;5,91922904633836;3,7;3,54537134968492;3;7;2;1;0
343873;3,58259496761693;4,6;6,28088352628592;1;3;1;2;1
343874;3,02857720529977;1,6;2,16509945884969;1;5;1;2;0
343875;3,43784643285835;5,1;9,15597293475369;1;6;2;2;1
343876;2,37292972922071;2,9;6,53385236060081;5;6;1;1;0
343877;2,66762509213309;2,6;4,57263265820786;12;3;2;1;1
343878;6,52714533139952;9,4;6,41772479447404;4;4;1;2;0
343879;7,25084526073999;6,5;5,8310399402072;7;5;1;2;0
343880;5,08893593996374;6,7;4,54666369690765;3;3;2;2;1
343881;4,50229234188869;3;1,14056861543038;1;4;1;2;0
343882;5,72987246334697;4,2;9,75272975511144;5;1;1;2;1
343883;5,13765378351327;4,9;3,66857861169642;4;1;1;1;1
343884;1,42013345620236;1;5,69632743809063;7;4;2;1;1
343885;4,79450514763366;3,8;6,84435550735793;6;5;1;1;0
343886;2,73331330375028;7,2;5,62960835143742;7;4;2;2;1
343887;3,75632206134641;4;3,68551379189523;1;2;2;3;0
343888;6,32346246828013;4,2;3,55236079427524;1;4;1;1;1
343889;2,17430608958349;2,8;4,58019189101987;1;6;2;2;0
343890;,669033071070444;1;5,02289370392194;5;2;2;1;0
343891;6,62800162343346;6,9;3,6527139127562;1;6;2;1;0
343892;8,33958712696548;5,9;4,98969182525808;2;3;2;1;0
343893;5,28435651437323;2,4;3,80196629383531;2;1;2;2;1
343894;1,79936391431068;2,5;2,89765597527964;3;6;2;1;1
343895;2,44831921285383;2,8;4,11054083347682;2;6;1;1;1
343896;3,65053499766007;1,4;3,90024696966226;6;3;2;3;0
343897;1,39044100324441;2,6;3,5132320600886;6;5;2;1;0
343898;9,53651723187684;9,6;,167523130210395;1;7;2;4;0
343899;5,89305972519842;4,4;6,59059697618658;4;2;1;2;0
343900;1,85927780266694;1;6,79193663756282;3;6;2;2;1
343901;8,44886977613667;10;2,86174360559153;2;2;1;2;0
343902;4,34435087636875;6,3;2,26601027021237;1;7;2;1;1
343903;7,03185568785338;6,5;7,37596256967366;2;5;2;2;0
343904;4,17495317882381;3,7;6,92905021844737;4;1;2;2;1
343905;4,96775204272875;6;4,38955441709818;2;6;2;2;0
343906;4,16817899752841;8,2;5,08987646187454;2;4;2;2;1
343907;7,16455858483927;3,7;6,06363900705052;1;4;1;2;0
343908;1,59799870026017;2,2;4,88832564855989;3;2;1;3;1
343909;6,17950350877358;4,5;8,70617588604211;3;5;2;2;0
343910;5,96555519612199;6,5;7,75111134597055;6;4;2;1;0
343911;2,49872596348789;5,5;2,33363950812102;23;2;1;1;0
343912;4,75599924123759;2,1;5,15849843251211;7;6;2;1;0
343913;2,96424116673451;2,6;5,84497315209268;1;3;2;2;1
343914;4,24541978330093;3,5;4,91110714858521;5;7;1;1;0
343915;4,45001051357269;5,2;1,55511115052607;2;2;2;3;0
343916;9,75504177421955;10;6,98723355298392;5;7;2;1;0
343917;4,74374711187551;4,2;3,88771040112943;2;6;1;2;1
343918;5,02475671094566;6,1;2,05382030087525;5;4;1;1;1
343919;2,86261032875816;7,1;3,59238682215514;7;6;2;3;1
343920;6,99796992730436;7,5;2,14936098255187;3;7;2;2;1
343921;5,08114748386305;8,5;5,18760400301338;5;1;2;1;1
343922;6,33242597329245;8,2;4,58273243913035;5;7;1;1;0
343923;5,30157048557668;4,4;5,51935134641127;1;5;1;2;1
343924;2,08417360935446;1,6;3,34465509259127;6;1;1;1;0
343925;3,85022808086546;3,6;0;6;3;1;1;0
343926;6,120006310244;6,4;,63337311383539;6;3;1;1;0
343927;3,06529487779904;2,8;3,74224949106375;1;4;1;1;0
343928;6,2975182696044;7,5;5,69353864287823;5;1;1;2;1
343929;8,22730631412996;8;5,53466454805809;4;4;1;1;0
343930;5,05997093019188;8,1;6,1297205696683;2;2;1;3;1
343931;4,2078036264931;5,5;5,31850241927012;3;4;2;1;1
343932;4,18170770234564;3,9;4,1713547835057;7;4;1;1;1
343933;2,93233036689211;3,5;3,76007007609912;5;5;1;1;1
343934;3,50441965606682;5;2,78876349275795;6;2;1;2;0
343935;7,23596631667226;9,8;4,23177616933307;7;1;1;1;1
343936;6,41806713622245;5,3;8,46936034329934;2;2;1;1;1
343937;2,02272717955689;1,8;4,78395538321617;5;7;2;2;0
343938;5,06837740130062;8;5,82951040621803;1;2;1;1;0
343939;5,44767175045734;6,3;6,66789372817399;6;4;2;2;1
343940;4,40156308607279;3,5;6,47040847591998;5;2;2;3;0
343941;7,33997107448197;7,2;7,09247388340429;3;6;2;1;1
343943;3,45506586540781;7,5;6,40818810031331;2;2;1;1;1
343944;,101477083759203;1;5,31767651105852;6;4;1;1;1
343945;4,93752902394613;3,9;5,61100615904669;7;7;1;1;1
343946;1,46229688916167;1;3,96791375266824;4;1;1;1;0
343947;5,18042914836685;5,2;4,33070773282157;4;6;2;1;0
343948;4,56326682911152;2,5;4,60630618911774;1;6;1;2;0
343949;4,86282282491355;6,5;4,86769601040523;3;6;1;2;1
343950;3,92958191579414;3,6;4,99538634349205;2;6;1;1;0
343951;2,9899101751259;3,4;3,93159948690621;7;1;2;1;0
343952;5,12048095207139;3,5;2,65427689327313;2;3;1;1;0
343953;6,99704656477206;7,3;3,66064381099504;3;5;2;2;0
343954;3,44499186019552;1,8;6,1396088385262;6;4;1;1;0
343955;3,30913936755673;1,7;3,99866355703345;4;6;1;1;0
343956;,386254475835673;1;2,30683706711636;7;4;1;2;0
343957;7,5104436274094;8,8;1,76231771664277;1;2;1;2;1
343958;2,67912347665904;5,3;6,46487832252008;5;6;1;2;0
343959;7,66272506289968;5,3;4,73899399284743;4;6;2;2;0
343960;2,21959173476948;1,5;3,15943929369805;1;7;1;2;0
343961;6,60541873615074;6,3;5,84526581976582;1;4;2;2;1
343962;2,37500539528116;2,2;9,71801768748282;1;7;2;1;0
343963;4,54065538199101;4,7;5,30772403402774;4;5;2;1;0
343964;6,51754978363306;6,3;2,92831564175805;4;7;2;1;0
343965;4,93515915538091;8;7,92997645490607;3;4;1;1;0
343966;1,53275374459084;1;7,75825168179694;6;3;2;1;0
343967;6,6562168314074;6,1;6,08518473122776;2;2;2;1;1
343968;5,16649027830307;3,8;7,97330065287131;7;4;2;2;1
343969;3,23326917238035;5,1;3,9291531366605;2;1;1;1;1
343970;2,95862809413436;4,4;4,63761250897407;1;6;1;3;0
343971;5,41849944463397;3,8;3,45737589086616;7;3;2;1;1
343972;1,68371216050341;3,7;3,12852787193354;3;3;1;1;0
343973;4,41632823699151;7,9;4,01001577223652;7;4;1;1;1
343975;6,19825452917492;4,3;4,95855076362143;3;2;2;2;0
343976;5,34704551845236;4,7;9,14608958694497;3;3;1;1;1
343977;4,39371932374801;5,2;6,04869730844302;6;2;1;1;1
343978;8,3425303318993;5,2;5,0470107633706;5;7;1;1;1
343979;1,56628659314352;3,2;3,51345985281254;1;2;2;1;1
343980;3,32634692119436;2,8;2,12525977710884;2;3;1;2;0
343981;5,73352174340137;3,3;5,5378236755701;7;2;2;2;1
343982;2,24478548638994;1,8;2,72558490205733;7;4;2;1;1
343983;5,72085208401441;5,2;4,20265518868201;7;5;1;1;0
343984;6,11778883029575;8,7;1,14048317727552;3;7;1;1;1
343985;3,35544617294474;3,4;5,26641031105294;3;7;2;1;1
343986;2,93622517211316;4;6,65233829810776;4;3;2;3;1
343987;5,72825722482155;7,1;8,33380485939619;3;5;2;1;1
343988;2,2390792256223;1;5,23754517626903;4;1;2;2;1
343989;4,44362466880753;1,9;5,26042930674419;3;6;1;1;1
343990;2,55711159804705;3,6;6,54168479806048;23;7;2;2;0
343991;4,99608897529756;7,2;4,49953748174226;2;6;2;1;0
343992;2,30957822407425;1;5,87943508894537;6;3;2;2;0
343993;2,95448480835887;5,5;6,96273154805148;2;2;2;1;0
343994;4,51043214613499;4,5;3,84788132191715;5;6;1;1;1
343995;5,35270528846465;1,9;3,8428706286344;3;1;1;3;0
343996;5,66770342831425;6,6;3,62973241986056;6;6;1;3;1
343997;7,47379081967362;9,7;7,2808596924234;2;4;1;1;1
343998;4,19175847554926;3,4;4,52282239163891;4;1;1;2;1
343999;4,42205848348597;3,5;6,83220387409251;1;6;1;1;0
344000;8,66006620634558;9,8;6,82857908230054;5;3;1;1;1
344001;5,07708999428998;2,3;4,26378837256293;5;7;2;2;0
344003;1,94381438013473;1,7;2,23580912618675;3;2;2;2;1
344004;6,87630848607709;7,3;3,80323256024507;5;3;1;2;0
344005;2,21224684132453;3,1;5,96306478685039;8;3;1;2;1
344006;3,93381444215114;2,4;7,07321634889828;1;4;1;1;1
344007;3,82874274092895;5,8;2,54227433747563;5;5;1;1;1
344008;,842585036767218;1;,823696995547787;4;7;1;3;0
344009;4,6566134865343;1;5,34904022119757;1;6;1;1;1
344010;5,42771592163396;6,6;3,96849018302674;3;7;2;2;0
344011;6,80548154198653;7,2;6,33314790527873;1;1;2;1;1
344012;5,19653729334239;6,9;5,41660337651278;4;2;1;1;0
344013;4,2652676641465;3,6;4,38668177887311;4;7;2;1;1
344014;3,90179431706904;3,8;5,61787787255336;3;2;2;2;0
344015;6,1513513524151;10;2,63197685445698;7;6;2;1;1
344016;4,87830807891345;3,3;4,90531464767179;45;7;1;1;1
344017;4,40175102643167;5,9;5,97385580841611;1;4;1;2;0
344018;,822679846271882;1;5,69904154331269;2;7;1;2;1
344019;7,15549629685624;4,1;6,69500767764954;3;4;1;1;0
344020;6,9677970296203;9,8;4,12128908157542;1;5;2;1;1
344021;,682329102056265;1;6,39926690198081;4;5;1;2;0
344022;1,50503904944606;1,6;6,69482688904561;1;7;1;3;1
344023;8,60390336202859;8,5;7,56257998266147;3;5;2;2;1
344024;7,76950095484611;7,6;8,57008147072166;4;7;1;1;0
344025;5,06734514900271;2,5;7,05936899023667;3;6;1;2;1
344026;9,48994273870202;10;4,6515936688022;6;7;1;2;0
344027;7,22411065615369;8,4;8,78213078443959;1;5;1;2;1
344028;,51035524831709;1;2,99726762225582;2;3;1;1;1
344029;5,54514218912053;3;4,48353157385546;5;1;1;1;1
344030;3,62254075475315;3,3;5,07155197724447;2;1;2;2;0
344031;3,9989203922863;2,4;2,60702296498539;3;1;2;1;1
344032;7,06834515051087;4,3;7,72356135864161;2;1;1;1;1
344033;5,10444459343164;3,3;9,13830316160007;1;7;1;2;1
344034;6,45811223882926;9;2,45607344446698;1;4;1;1;0
344035;6,03662889075654;6,9;3,31267895101007;6;3;1;1;1
344036;7,49919127615637;6,6;5,10224474841415;5;5;1;1;1
344037;5,88683526313794;4,9;5,2446222277927;6;2;2;2;0
344038;4,1943744010287;2;5,89062265190242;7;2;2;3;0
344039;6,16768614672416;3,6;5,85909730804266;2;1;1;1;1
344041;3,72056124001935;1,6;5,79730537830966;5;4;1;2;0
344042;3,27359714839616;2,4;6,88390022755577;2;3;2;1;0
344043;4,15665768770167;3,8;5,94837433675752;5;1;2;1;0
344044;2,37730513432341;2;6,32889030514349;2;3;1;2;0
344045;5,09225896617002;2,4;8,72627394849855;1;3;2;1;1
344046;3,33760259842244;3,7;7,68387020458498;3;3;1;1;0
344047;3,73329940183575;4,6;4,28596926675964;6;6;1;1;1
344048;4,76263969836833;4,5;4,47811652351593;7;5;2;2;1
344049;8,61246035187229;10;4,56619289067393;7;5;2;4;0
344050;0;1;,816913925637121;4;3;1;1;0
344051;2,43687280916198;1,4;6,70829542665695;2;3;2;1;0
344052;4,98406855289504;5,1;7,96982668206837;7;1;2;2;1
344053;3,10229464885096;4,1;7,48788511957678;5;1;2;2;0
344054;5,33647601182312;8,2;5,14527323918473;5;2;1;1;1
344055;4,8914517212823;5,8;9,20620008748398;1;3;1;1;0
344056;6,63666945647298;4,8;6,55730151582097;5;1;2;1;1
344057;5,21569366750709;2,5;4,91272716344298;7;4;1;4;0
344058;3,99771641358814;5;6,57643933909775;7;3;2;1;0
344059;2,63140437770372;2,7;6,79054645208959;5;5;2;2;0
344060;4,12335954981417;3,4;2,72255756794756;6;3;1;3;1
344061;5,58736296502225;8,2;7,72901843509704;3;1;1;2;0
344062;4,34012193074376;2,8;2,87957351267479;7;3;1;2;0
344063;4,3743053432789;2,4;9,31939947435345;2;6;1;1;0
344064;4,57336692966314;2,2;,209590934215733;2;6;1;1;0
344065;5,5245404767279;7,7;5,26753779871098;1;5;2;3;1
344066;4,01039966938478;5;7,67316367297121;7;3;2;2;0
344067;4,04955240913529;4,6;8,45111369671762;3;6;1;3;0
344068;2,64797632030813;2,4;4,55624915556793;6;4;1;2;1
344069;7,18264380072599;10;0;5;1;1;3;1
344070;4,69624041913564;4,7;7,143816894498;6;5;1;1;1
344071;4,70149805376608;5,3;2,2002993400089;7;5;1;3;1
344072;4,20474254765373;3,1;4,12729361231998;4;5;2;3;0
344073;3,39789303818252;7,5;5,58513383318682;5;5;2;3;0
344074;5,84984063456838;8,7;4,85854914277804;5;7;2;1;1
344075;3,91503728901014;5,1;4,44288638199686;1;1;1;1;0
344076;8,02853177011431;10;3,9253433691634;3;6;1;1;1
344077;1,26683127772621;1,6;3,38602944961928;6;4;1;2;0
344078;0;1,9;3,92237833908664;2;1;1;3;0
344079;5,28879802606452;4,8;5,66918392545836;1;3;1;1;0
344080;2,82866044365049;3,9;5,91851701891975;1;2;2;1;0
344081;4,45562895109885;6,4;1,00536894428987;7;7;1;2;0
344082;6,14140192268373;5,2;2,50128729686088;3;2;2;1;0
344083;3,11081019993694;2;8,4907376915488;5;5;2;3;1
344084;4,73408868960427;3,6;5,59463432562737;1;6;1;2;1
344085;9,9;10;4,21979515608957;6;2;2;1;1
344086;4,28690134506293;3,6;3,02108384830997;5;3;1;1;1
344087;5,47239629722876;4,5;9,22760183816712;2;1;2;3;1
344088;4,34509528499278;7;5,13591206145176;5;2;1;1;0
344089;1,38871758432387;1;4,71133803422835;7;5;1;1;1
344090;2,45642940632409;5,4;3,01311514078448;2;4;1;1;0
344091;6,03736717500585;6,5;8,19580102872572;1;6;2;2;1
344092;4,57190194491604;1,9;5,51432678710787;4;6;1;2;1
344093;1,4344314857963;1,3;8,40838983701285;2;6;2;2;1
344094;,895176663553874;1,1;3,84706396594475;4;3;1;1;0
344095;6,92149788618545;8,1;5,11987121816235;4;4;2;1;0
344096;5,90929363621247;8,3;,447880680944088;5;7;2;1;1
344097;3,31629462744063;3,4;5,3702191368541;7;1;1;1;1
344098;5,98426708376081;3,5;3,59941677600461;6;1;2;1;0
344099;6,72281329633359;8,1;4,51648615824157;1;5;2;3;1
344100;4,93327839640413;4,2;7,92740100837442;4;1;2;1;1
344101;6,09415869756773;6,5;4,51847854305571;6;3;1;1;1
344102;2,58639087842176;3,5;4,05985144694741;1;6;2;3;0
344103;3,12261333203528;6,1;7,76740356018651;3;3;2;2;0
344104;5,10377608173357;2,4;5,03996924982977;7;7;2;2;0
344105;5,86487436111632;6,5;5,0314832588038;5;4;2;3;1
344106;1,64433570299612;3,4;4,10307528903;3;4;1;2;0
344107;5,91593392664913;7,4;6,18486973517598;4;7;2;1;0
344108;7,52372447122363;5,4;9,84165331584024;6;6;2;1;1
344109;6,89825283228494;6,2;3,5538248894558;7;2;1;2;0
344110;1,85866564095123;2,9;5,34003286293332;1;4;2;1;0
344111;2,20236645429843;1;5,06756527083352;6;2;1;2;0
344112;5,71899367086513;6,4;6,22276172977795;2;1;1;1;1
344113;1,20205431037559;4,2;3,90187174579708;7;3;2;1;0
344114;8,56206326755003;10;7,76700877917472;4;5;1;1;0
344115;5,45485670022932;4,1;6,45061331388774;5;4;1;1;1
344116;6,2061192779731;8,2;7,77240850899894;6;6;1;1;1
344117;5,30133108050834;6,8;3,87882481474264;7;2;2;4;1
344118;3,18493781540476;2,3;6,22958594938351;6;4;2;1;0
344119;4,08161352009065;3,8;2,52806388152239;1;7;1;1;0
344121;6,92901636646127;6,5;6,50149059051217;3;2;2;1;0
344122;4,65046587997891;2,1;7,1424833555293;2;5;1;1;0
344123;3,97248546365638;2,6;3,43397823198282;6;2;1;2;1
344124;6,10417083037951;1;5,16302618727273;6;3;1;1;0
344125;2,61666780669073;3,6;2,91300058263464;7;1;2;1;0
344126;1,15821739669711;1;4,5488866913316;5;3;1;2;0
344127;6,17158316220084;4,9;8,1432108622808;1;5;2;3;0
344128;7,99458573259926;7,9;4,76255536338094;1;2;2;2;0
344129;4,04819760519425;4,3;6,79868010153326;2;1;2;3;1
344130;4,28654573302986;5;5,7428253913341;3;3;2;2;0
344131;5,45565193774876;3,9;2,63552834981487;4;5;2;2;1
344132;,985031095634797;5,8;3,54993243654972;3;2;2;2;1
344133;4,41036755729037;5,3;6,69670487711948;5;2;2;2;0
344134;3,28631810508944;2,9;5,43851518850112;7;1;2;4;0
344135;4,89331058489976;8,5;5,81562519217787;12;5;2;1;0
344136;0;2,3;5,82849176372766;6;7;1;1;1
344137;7,83369567774365;6,5;7,20202551490594;6;5;2;1;1
344138;0;1;6,44690951656609;7;5;1;1;0
344139;3,75644882397605;7,2;1,89341510863411;5;3;2;1;1
344140;,740945463420713;2,5;3,02696175555244;6;6;1;1;1
344142;6,72129970300326;5,7;6,99124635217182;1;5;1;1;0
344143;4,13632535094286;5;4,62776625646529;1;3;2;2;1
344144;4,39060974388438;7,3;3,67742423413427;7;2;1;1;1
344145;4,08212032106615;5,4;1,94661647659297;6;4;1;1;0
344146;2,69089810889251;2,2;8,01316522039465;5;4;1;1;1
344147;3,1066513106373;2,1;2,13461376898988;6;4;1;2;1
344148;2,7295933093835;3,3;2,78448140523926;7;1;1;1;1
344149;1,45172163162292;1;5,34834296653076;5;1;1;2;1
344150;9,53449969754183;9;4,840645518712;3;6;1;2;0
344152;4,10315763353432;2,3;3,1739902151253;1;5;1;2;1
344153;3,9087137787048;4,1;3,17294612018491;7;1;2;3;1
344154;5,48002158530412;4,1;6,87102621422576;7;3;2;2;0
344155;2,96343157931814;4;3,8549748037653;4;1;1;1;1
344156;9,9;7,5;4,30547387483894;4;6;2;1;1
344157;4,64832609133743;5,9;6,56248525577419;6;1;1;2;1
344159;3,53520881623049;2,4;6,38449835686121;1;6;2;2;1
344160;5,98622168656717;1,7;8,22242966951494;1;3;2;3;0
344161;7,9488490525099;8,8;3,45633757422309;7;3;1;2;0
344162;4,7882916826472;3,4;6,40331598591101;3;4;1;2;1
344163;2,20551611367078;4,2;4,42696996148425;1;6;2;1;0
344164;4,42462397062408;4,7;7,55838965274554;2;3;2;3;0
344165;5,84305236322025;5,9;4,45881232167825;4;5;2;3;1
344166;1,71576544661863;2,5;5,40997116801008;2;4;2;1;0
344167;6,35127584254225;5,4;4,6474227063311;5;1;2;1;1
344168;6,11731118636783;5,4;3,71355286201653;5;7;1;1;0
344169;4,40528986866816;2,3;0;5;2;2;1;0
344170;4,52285742894642;4,1;4,90022771692711;7;3;2;1;0
344171;1,39919693662945;2,4;5,53743338522823;1;7;2;2;0
344172;2,07841495637614;1;2,9723537820393;1;5;2;3;0
344173;7,55488919526921;6,1;4,67382632833826;3;4;2;2;1
344174;3,50038380186549;3,1;4,30889957449676;6;1;1;1;1
344175;4,71618170457227;1,7;5,41666883831287;7;2;1;2;0
344176;5,05287521630327;3,9;4,81321908347713;6;5;1;1;0
344177;5,82734940179834;8,6;4,05594444253107;5;7;1;2;1
344178;2,746446480031;4,1;6,67532456816611;5;2;1;1;1
344180;3,74453502922339;6;7,88880473444325;5;7;1;3;1
344181;6,37833880386474;9,3;5,26813075170354;6;5;1;1;1
344182;1,43916193405605;1;1,92189865813493;7;5;2;2;0
344183;4,292612987078;3;4,34410079599414;5;2;1;2;0
344184;6,90857606849994;8,2;8,2744004556153;7;1;1;1;0
344185;0;1;3,67894776521374;3;7;1;2;0
344186;5,56072965352889;4,7;6,37567148031984;5;1;2;1;1
344187;1,40342548877791;1;4,66687471560065;3;6;2;3;1
344188;4,76512287685611;6,3;6,89037385630722;7;4;1;1;1
344189;7,0388412278017;7,6;7,20166096013839;1;4;2;1;1
344190;9,71444372744715;9,9;3,35682170878771;3;5;2;4;1
344191;1,38317822209415;7,4;6,56492143967785;7;5;1;1;1
344192;5,94367975927569;5,9;6,90222315917062;1;4;1;1;1
344193;5,72516839650787;6,7;8,76850706729815;1;1;1;1;0
344194;2,01157116393728;3,2;4,75724848791059;6;2;1;2;1
344195;2,6144573616483;1;4,10401774349932;4;1;2;2;0
344196;5,61988174559959;6,1;9,97847552072262;3;6;1;2;1
344197;7,49821837397308;6,8;3,80607255103257;1;1;1;2;1
344198;9,9;10;9,38389749499083;7;6;1;1;0
344199;3,49860008227991;1,3;3,44145477231931;6;1;1;1;0
344200;7,79318269348156;7,8;5,72989233102399;2;2;1;2;1
344201;0;1,4;4,59340562658006;3;7;2;3;1
344202;7,24349153193153;6,8;8,04364108800888;3;1;2;1;1
344203;3,78479361704148;4,4;7,03840763755094;3;5;1;2;1
344204;2,96667343634484;6,7;4,42389480599002;5;6;2;1;1
344205;3,76524351772553;3,9;4,54524336136908;6;3;2;1;1
344206;5,78795270622121;5,9;5,50047992864395;3;5;2;3;0
344207;5,8030532148972;8,4;7,10056120205891;4;7;1;2;1
344208;2,12727789040731;1,8;4,14833715255163;7;1;1;1;0
344209;3,23261797866072;2,6;4,48970471617161;5;3;2;1;0
344210;5,36532848366112;3,4;4,21829729605377;1;5;2;1;1
344211;2,20838187338297;3;7,11685358296895;4;5;1;1;1
344212;4,81352960160704;1;5,95641051021633;7;1;2;2;0
344213;6,2260442320266;8,7;5,77713045866668;99;4;2;1;1
344215;4,11466314348126;3,7;5,54409119976576;1;3;1;3;0
344216;6,16215389282876;5,3;6,11922902120642;7;2;1;2;0
344217;6,1055277855293;4,9;4,61941872104228;5;3;1;3;0
344218;5,14297790626253;2,3;9,9;3;3;1;2;1
344219;3,86870125028021;3,6;3,37927826020996;1;1;1;2;0
344220;6,4064177916821;8,1;1,91666748425354;3;1;1;1;1
344221;1,58879910416831;1;4,58551313608736;1;4;1;1;0
344222;6,40127543607984;4;7,79402537570797;7;6;2;3;1
344223;1,74131118642301;1;4,41924060870551;5;7;1;2;0
344224;7,28695218511706;9;4,06827814414289;4;4;2;1;0
344225;5,43155756042272;6,2;5,77724202084231;5;5;2;3;1
344226;4,34351157905408;6,2;2,81729126647435;7;3;1;1;0
344227;8,39323244134754;6;5,88397535687132;4;2;2;3;0
344228;4,73035071768714;5,3;3,23791063757232;6;2;1;1;1
344229;2,20742791621395;2,9;4,67016786152574;3;3;2;4;1
344230;4,51163515784586;6,9;4,26827199702334;6;5;2;1;0
344231;4,72854317262964;2,4;3,83271983240192;3;7;2;1;0
344232;6,1648850784113;4;3,86409348115905;2;2;1;3;1
344233;7,63063129045907;8,1;3,94222636000372;2;5;1;1;1
344234;4,55929408122391;5,6;3,76050181302588;6;5;1;1;0
344235;5,43840395191613;5,6;4,82701384332898;6;3;2;2;1
344236;2,28963753210087;7,3;7,19395668049626;3;7;1;1;0
344237;4,26863717736161;2,7;6,17604989354043;5;5;2;1;0
344238;5,52940116858682;5,6;2,25499377354932;7;3;2;2;1
344239;2,52131638581639;3,7;5,56016806479884;7;3;1;4;0
344240;6,73791311149525;4,4;4,04172451778836;4;2;2;2;1
344241;2,88095168756856;3;5,57495437033766;4;4;1;1;0
344242;1,75989700184982;1,3;2,56977869729663;6;2;1;1;0
344243;4,50800531762958;5,1;4,62608556074836;5;4;1;2;1
344244;1,22721312057319;1;4,23318848291059;7;7;1;1;0
344245;9,9;9,1;4,31854924519188;56;7;2;1;1
344246;2,92838643400635;4,6;4,82995199671473;3;5;2;2;0
344247;2,55487041263046;2;5,40209284808763;3;3;2;2;1
344248;4,00618288369991;2,2;4,15808221494209;4;1;1;3;1
344249;6,21844661642369;7,9;4,56632520797286;6;1;2;3;1
344250;4,13675412722342;1;2,00698078253428;4;7;2;2;0
344251;3,59392389408046;4,1;4,60416265650808;7;7;2;1;0
344252;3,68837731402033;3,6;4,60037701357918;1;7;2;2;1
344253;7,09705790334788;6,4;3,93975087366218;3;6;1;1;0
344254;3,0474236113762;1;8,10617782716341;5;1;1;1;0
344255;2,51278485405113;2,5;4,0045940364631;5;3;2;1;0
344256;8,26831096555653;7,8;3,93730807858288;2;2;2;3;1
344257;5,1451878407484;5,5;5,03996930319035;5;2;2;1;0
344258;5,57504396395536;7,9;7,35224490358094;4;2;1;1;0
344259;2,78857241768019;4,7;3,59835866444001;1;5;1;2;1
344260;4,22018375508309;2,1;2,32513551601886;4;2;1;3;1
344261;8,35599671565456;8,8;6,77338403200823;6;1;1;1;1
344262;4,43060523512336;4;4,00471951217288;3;2;2;2;0
344263;4,99885088124405;6,9;6,14308332936387;7;1;2;1;1
344264;4,80607125155566;4,7;7,5722170733751;1;1;2;1;1
344265;7,02119200921357;8,1;4,05157454440352;6;7;1;2;0
344266;7,74464364107282;8,7;4,94574379482877;7;6;2;3;1
344267;6,72670438367466;6,1;5,58298476240244;3;1;1;1;0
344268;7,91815505070449;9,8;5,3956734051613;7;3;2;1;0
344269;2,69740706581558;6,3;6,48752626192039;1;3;1;2;1
344271;9,53454843132452;8,6;5,23371305294365;5;2;2;1;0
344272;6,93596405466212;4;3,59600208557658;7;6;2;1;0
344273;2,30009744955336;1;6,97963082645211;2;7;2;1;0
344274;5,60642336731079;7,4;5,91849190660693;3;4;1;3;0
344275;7,20216071168275;8,9;9,9;2;1;1;3;0
344276;3,93091005344747;4,8;5,7803480901903;5;2;1;4;1
344277;6,22626633971879;5,9;7,22516760794972;6;7;1;1;1
344278;3,47873811822484;5,9;3,69902037808598;3;3;1;3;1
344279;3,04027023193314;6,8;4,05120153559345;4;4;1;2;1
344280;7,19998524808363;6,7;5,60777880825214;3;6;1;1;1
344281;3,46426442786938;3,1;7,3283502184295;6;1;2;2;0
344282;3,54226955059;3,3;3,47053056247502;3;6;2;1;0
344283;5,65448952302098;6,4;4,77819040874114;1;7;2;2;1
344285;5,24019193790521;2,6;4,41363697154447;1;4;2;3;0
344286;5,58254663685834;6,5;6,29323463849195;3;3;1;1;0
344287;6,40677991024727;6,8;3,28325766747357;6;2;2;1;1
344288;9,47458435716709;9,8;6,12970436285638;4;2;1;1;1
344289;5,83761722512583;8;7,52685926102651;4;4;2;3;1
344290;7,51629275464397;6,5;4,55017746719171;2;6;1;1;0
344291;2,25837163121939;1;5,73720122588993;4;5;1;1;0
344292;6,28400481128188;4,8;8,07500122700955;3;5;1;1;0
344293;1,16691014881177;1;5,0901084221814;3;7;2;2;1
344294;2,86873385941787;2,8;5,11375935005317;4;5;2;1;1
344295;6,44921886697295;8,5;8,77188690295652;7;4;1;2;1
344296;7,98070167517424;4,1;4,41815931164958;2;3;2;1;1
344297;3,53368198281242;2,8;4,31136693894162;4;3;2;3;1
344298;3,92215061925585;3,6;6,73726012154209;7;1;1;3;0
344299;3,15159217677291;3,4;5,49520271382559;7;6;1;3;0
344300;1,34813241000603;6,8;5,32294189651682;6;5;1;1;0
344301;6,57497817664019;6,7;1,59018168837268;3;3;1;2;0
344302;7,67062270732298;9;9,9;1;6;2;1;0
344303;7,04251699567917;9,5;6,59523760731506;2;5;2;2;1
344304;1,21321701423043;1;2,50770531571937;4;7;1;2;0
344305;4,59708154305293;4;3,37897238270272;2;1;1;1;1
344306;4,24770837304187;3,8;8,30929772667906;4;6;1;2;1
344307;5,75469727819717;4,3;9,9;4;5;2;2;0
344308;2,32230553013023;3,8;7,68354965707506;2;2;1;1;0
344309;8,40647475336895;7,9;6,27882224241139;2;7;2;2;0
344310;7,44658230834205;7,4;5,19110575354428;6;3;1;1;0
344311;2,62486494774374;1,7;7,28775353176063;2;5;1;1;0
344312;4,2417358904878;2,9;2,37277412298752;4;7;1;1;0
344313;4,72848361883949;8,9;5,19704029395113;4;5;1;1;0
344314;5,12180265441787;7,2;4,637296055734;4;6;2;3;0
344315;1,76162802918693;1;0;5;3;1;2;1
344316;4,86734552139831;5,1;6,23579514287401;6;7;2;2;0
344317;3,95129678512482;6,6;8,59593041695351;6;1;1;2;0
344318;6,0652690534489;4,9;1,6848046908948;4;6;1;1;1
344319;1,27271660001088;1;4,15640777033233;5;1;1;1;0
344320;4,5242378720995;1;5,70444670119029;2;4;2;1;1
344321;4,95055208505281;5;3,72598384302669;1;5;2;2;0
344322;3,49698550191469;2,6;4,41568805964939;2;3;2;2;1
344323;4,89296578095407;7,2;2,9996862353681;3;7;2;1;1
344324;3,94129380008103;1;5,53661116833175;1;4;1;4;1
344325;5,71381780250029;4,8;7,11275464087825;1;4;2;1;1
344326;5,12021684733276;10;4,37144749261417;4;2;1;1;0
344327;3,09077830017255;1;3,48979511871988;6;2;1;1;0
344328;2,32836317233612;1;2,89320328217256;6;2;1;1;1
344329;6,89754126756846;6,1;7,02193739256578;5;4;1;1;0
344330;9,02826870758659;10;7,32557205128212;7;4;2;2;1
344331;7,68047500785551;6,1;4,30021638461031;1;1;1;1;0
344332;7,49695602174122;9,4;8,16116607170968;4;2;1;1;1
344333;3,23108315300088;1,6;4,0080766425851;1;3;2;2;0
344334;2,40862936497163;3,9;7,03983931634065;7;7;2;1;0
344335;6,94262112823525;6,8;6,12032302766788;5;5;2;3;1
344336;4,79186669027224;2,6;4,75264158822927;1;5;2;2;0
344337;4,0626134154859;3,3;7,54085378702394;3;6;2;2;0
344338;2,29174368261847;2,5;7,78324418019207;5;1;2;1;1
344339;4,44374184925647;3,4;6,39132880095239;1;4;2;2;1
344340;5,23767021448856;4,8;5,47971037734867;1;4;1;1;0
344341;3,55282017938234;2,6;7,10810946560382;3;2;2;2;0
344342;5,14015613297479;8,6;7,61532972572183;2;1;1;2;0
344343;4,51549669173927;6,5;6,90747611800137;6;5;2;1;1
344344;3,93657848855583;3,2;6,14319774926878;6;2;2;1;0
344345;7,87470331953569;9,1;7,00038152301741;1;7;1;2;0
344346;4,56046894149952;5,6;6,60549883221497;4;4;2;2;0
344347;7,51623768854248;10;5,23402866610097;2;6;1;3;0
344348;5,00031263288298;4,5;1,86082022686211;2;1;2;1;0
344350;7,55126927073724;6,8;4,15683401262044;3;3;2;1;1
344351;4,93531307104035;5;6,54151765939996;7;3;2;1;1
344352;3,09872658298162;3,6;5,03877568684045;1;3;2;3;1
344353;4,28668940926817;4,6;5,04969879529157;2;2;2;2;1
344354;1,57289603636942;1,3;6,04172872873616;2;2;2;1;1
344355;2,95669526031022;2,1;7,87397795949254;2;3;1;2;0
344356;4,39586433361291;4,5;4,83487532301356;1;3;2;1;0
344357;5,12811303510313;6,3;6,30567317765481;7;7;1;1;0
344358;0;1;2,56444512641792;7;6;2;1;0
344359;2,7252470796274;5,5;7,0642676908281;3;3;2;1;0
344360;3,51445395869463;1,3;5,47663743281762;4;1;1;1;1
344361;3,42156482420995;7,6;1,82835853289862;4;7;2;3;0
344362;3,58353990353737;4,3;7,16959728499463;4;2;1;1;0
344363;4,52595741680485;7,1;4,87177584804973;56;2;1;1;1
344364;5,33195280852832;5,9;3,63021490189424;2;4;2;3;1
344365;1,33488018248688;3,8;6,85996072273727;2;6;2;3;0
344366;4,42254507065324;3,8;2,71643753499771;1;5;1;3;0
344367;7,97449449535286;8,4;7,08863435997855;5;6;2;4;0
344368;6,85152207538197;2,4;6,40983384799502;1;2;1;3;1
344369;5,01998392617333;5;5,11527249373828;6;3;1;3;0
344370;4,32668772113955;1;6,68186014766765;5;7;2;1;0
344371;3,65749871615424;8,2;4,64355689824906;6;3;2;1;0
344372;2,97921283223786;3,9;4,29240697024515;6;3;2;4;1
344373;4,77466245454571;4,3;8,48115801410938;23;4;1;1;0
344374;6,68291724150346;9,9;3,76274866269875;2;4;2;1;1
344375;,55537354211102;2,1;6,94812348009517;7;5;2;2;1
344376;4,53737705098641;7;5,8948969582902;6;4;2;1;1
344377;2,96896346641729;6,4;6,18893989725878;6;6;2;3;0
344378;,427998311682681;1;4,99290750302778;5;1;2;1;0
344379;6,55273447160043;7,4;8,3852035204033;2;6;1;2;1
344380;3,48431606269783;3,9;6,7671891055754;7;3;2;2;0
344381;5,05988927350524;6,5;9,09384328374831;1;6;2;3;0
344382;3,90492660575217;4,4;6,55483678232294;5;2;2;1;0
344383;2,95791818307627;2,1;4,77550406031328;1;4;2;1;0
344384;5,61036206200191;8,3;8,89614477554012;5;5;2;1;1
344385;8,62326891794094;5,8;4,57251714124182;7;4;2;1;0
344386;3,91472586841295;5;5,02663314279315;5;7;2;2;0
344387;4,32843222494047;4,4;3,38896815644785;4;4;2;2;1
344388;2,12389695751464;2,6;7,88383146994306;2;4;2;2;0
344389;3,61681954241984;3,1;3,15038636854859;2;6;2;1;1
344390;4,10172597550345;3,3;6,40427046019121;3;7;2;3;0
344391;6,35443960161867;4,7;2,96102958084646;6;7;2;4;0
344392;2,50212699069008;1;9,32268338707885;6;7;2;1;0
344393;1,78060491512315;3,2;4,5824827013176;5;3;2;1;0
344394;1,36207140311237;1;6,33518229490711;2;2;2;1;0
344395;3,48270691688289;6,8;6,80925179519578;2;4;2;3;0
344396;1,18266268842431;2,5;4,03787944768524;3;4;2;3;0
344397;7,00199018590892;8,7;3,47360449400358;6;5;2;1;0
344399;5,98132010168163;5,4;6,49605135153555;2;7;2;1;0
344400;2,79277679751298;3,2;5,7584893602917;2;7;2;3;1
344401;3,46463423054064;3,9;3,9151991944077;3;1;2;1;1
344402;3,0610077654703;1;6,60850110706265;4;1;2;2;0
344403;6,28172773454179;4,1;6,85243999567108;7;5;2;2;1
344404;2,4998727385499;1;7,71227675992445;3;3;2;3;1
344405;,675834725443659;1;5,84519985782576;5;7;2;1;0
344406;7,49766689961344;7,2;3,5869508171245;4;2;2;1;0
344407;4,20465003960271;4,8;5,76626426644652;4;1;2;1;1
344408;1,62853994969135;1;,414501617200533;7;5;2;2;0
344409;5,77168382043392;2,7;4,74344105551921;7;5;2;2;1
344410;1,92402164537379;6,2;8,40664201910963;2;4;2;2;1
344411;5,95584465809429;7,7;8,81130412026216;6;5;2;2;1
344412;6,49535146532883;10;5,36096233051374;2;6;2;2;1
344413;5,51717847933889;3,7;4,66554192713794;4;3;2;1;1
344414;6,36213901712457;6,9;6,63390149327132;7;6;2;3;0
344416;1,82776384442684;4,8;9,89851862926768;4;6;2;2;1
344417;4,07275551642639;3,4;1,68026955450006;3;3;2;1;0
344418;5,29575184232998;7,9;2,79730963461067;3;4;2;1;1
344419;9,9;3,4;4,96592859804484;3;5;2;2;1
344420;2,22703987219546;1;4,1926338689904;6;7;2;1;0
344421;7,45111275033362;5,4;7,51290443082804;1;6;2;2;0
344423;3,71895307810521;4,4;5,66196760171309;2;2;2;1;1
344424;1,25636692219913;3,3;2,36364499653459;1;6;2;1;0
344425;4,22968295399143;1;4,61903500209052;3;7;2;3;0
344426;3,19611558572007;5,2;9,54063664482365;7;3;2;1;1
344427;5,1305225676406;7;6,00112474333985;4;2;2;3;0
344428;2,63741369242266;4,6;8,61730980643014;6;5;2;2;1
344429;3,70730246796757;5,1;6,36869278190296;3;4;2;2;1
344430;8,05915749913857;7,7;5,71216478758769;6;1;2;2;1
344431;6,11274700989011;5,8;4,48036082966044;6;3;2;2;0
344432;4,66084067177975;6,1;3,65795966408224;1;6;2;4;1
344433;2,71044726725567;2;1,60006885028722;5;5;2;3;0
344434;4,9809838121234;6,4;4,78083138002709;5;6;2;2;1
344435;4,10508228578541;6,5;2,30456500119637;5;4;2;2;1
344436;4,77507322969236;5,7;3,25905949413414;7;2;2;4;0
344437;7,10057999861205;10;3,69478350405412;7;1;2;3;0
344438;,837462864446424;1;4,19568871602527;2;6;2;2;0
344439;2,9528694892671;4,1;7,16295893210591;4;5;2;3;0
344440;8,63367410344535;10;4,853441444162;6;4;2;2;0
344441;8,06991483214338;8,8;4,59738379713093;4;4;2;1;1
344442;8,39930780097096;9;4,10326525299795;2;5;2;2;0
344443;5,70488336104104;6,2;4,69721449836419;4;6;2;2;1
344444;3,6985323609733;4,3;6,592829106185;4;6;2;1;1
344445;3,78330392322902;2,6;6,54737953248713;1;4;2;1;1
344446;2,51801529808656;1;3,76833644942752;3;3;2;2;0
344447;4,24171788339135;4,3;6,18838665953832;6;7;2;2;1
344448;4,40949100771173;4,2;4,87243084278691;1;3;2;2;1
344449;4,66611812005064;5,7;6,07961408840576;3;3;2;2;0
344450;2,85779511414995;1,7;6,03708881464786;5;1;2;1;1
344451;7,66043952724366;4,6;4,3474491280243;1;2;2;1;0
344452;3,61563357890817;3,8;3,99687091537342;2;4;2;2;0
344453;2,63114270749856;1;7,06107962316873;4;6;2;2;1
344454;4,21621943088899;1,9;5,66207502959845;7;2;2;2;0
344455;6,77734449574005;6;3,05718965615006;2;3;2;1;0
344456;5,38670042398287;4,6;6,69219040550604;7;6;2;3;0
344457;6,40507813626229;6,3;7,87494133881825;7;4;2;1;0
344458;4,86373527915583;5,7;5,11868615720609;6;3;2;1;1
344459;6,07622230881093;8,2;3,51162403449945;3;5;2;2;0
344460;0;1;6,51489269939384;3;5;2;4;0
344461;3,72579128390818;1;7,63107609089826;3;6;2;1;0
344462;5,52023229095407;6,6;4,25210998263959;2;3;2;2;0
344463;5,53564194651164;5,4;5,22550543950939;6;7;2;2;0
344464;2,95558342268572;1,6;6,98294260335542;6;3;2;1;1
344465;6,17219252686773;1,3;4,84354744738609;4;5;2;2;0
344466;4,66182178555193;3,5;4,55602425386591;2;6;2;1;0
344467;6,25774170910329;6,5;4,1775540020465;7;4;2;3;0
344468;2,20850154177435;1;6,61715270970668;4;2;2;1;1
344469;2,49179888807903;3,4;6,34900504114373;7;3;2;1;0
344471;4,23630316638226;3,9;9,28982071276086;2;3;2;2;1
344472;2,57631700661091;1;3,51834225619231;12;2;2;3;1
344473;3,1928752823584;3,4;3,53096750525148;1;6;2;1;1
344474;6,27687379398774;6,5;1,96317807978289;5;7;2;1;1
344475;6,68149682967055;3,7;7,37805410051018;2;6;2;1;0
344476;3,35522538850405;1,9;9,07216474136034;2;7;2;2;1
344477;5,61022682401949;5;6,51247852055191;5;1;2;1;0
344478;5,1676771967664;4,6;2,06690799400042;6;3;2;1;0
344479;5,05473223660921;4,5;2,07638358368725;2;4;2;1;1
344480;8,97678007968877;5,1;5,35899632886301;7;2;2;3;0
344481;5,38603171598687;6,6;7,72799713205601;7;4;2;1;0
344482;2,48875653879055;4;8,63099671053661;7;7;2;4;0
344483;4,95072245420139;6;2,9430682499076;6;2;2;1;1
344484;6,65537579980138;8,6;5,51867718379706;5;4;2;1;0
344486;4,72732148312631;1,9;2,34117421516126;6;1;2;3;1
344487;,652257041210435;2;6,15120900365245;2;2;2;1;1
344488;4,17526069003694;4,4;4,93951469736137;4;6;2;1;0
344489;2,62345729825801;6,5;1,27123204724118;2;3;2;1;0
344490;6,15003883525715;7,1;1,62599599837946;7;2;2;1;0
344491;3,13060606215359;1;4,53715989036481;3;3;2;2;1
344492;6,2876726536183;6,5;7,18272085604544;2;7;2;3;1
344493;9,75406201298141;8,8;8,79026147616062;3;4;2;2;1
344494;4,55752936779246;2;1,55900305805512;3;6;2;3;1
344495;3,78514485604438;1,6;7,77613162046256;6;4;2;1;1
344496;4,94363989475665;8,3;3,89852595127502;2;3;2;1;0
344497;5,78079532290806;2,2;5,0465540109487;3;6;2;2;0
344498;2,98695325058824;2,6;5,2757509131811;2;4;2;1;1
344499;5,2011629974321;8,2;2,35658749623651;6;7;2;2;1
344500;3,65350254291981;5,5;8,85601165913019;1;6;2;2;0
344501;3,59071404406628;6,3;6,6626635339299;1;7;2;1;0
344502;3,35320161702629;3,3;7,25369111403212;7;5;2;2;0
344503;5,96122345656523;8,4;5,85187636987736;5;3;2;1;1
344504;2,92893414075652;1,5;6,23900610611488;5;7;2;2;0
344505;4,65759134927383;2,8;2,26002871228764;7;3;2;3;1
344506;2,80715762636133;4,3;5,43072021758707;7;5;2;2;0
344507;2,70933523655337;3,1;5,3305475903649;6;6;2;1;1
344508;6,94543764086554;3,2;7,2043275974321;5;1;2;1;0
344509;5,52746051939275;7,7;8,99519992692458;6;3;2;2;0
344510;2,38976670550822;2,7;5,38767180644457;7;3;2;1;0
344511;4,47602990958314;4,9;4,16408922835583;3;5;2;1;1
344512;4,67160065866516;5,4;4,69052090904882;4;5;2;1;0
344513;7,23341537292089;5,2;1,7588868521611;5;6;2;1;0
344514;6,1299763883198;6,9;5,87971051640719;5;2;2;3;0
344515;2,83173710719228;2;5,54742492176618;1;5;2;3;0
344516;5,05180887951965;6,5;4,35917856601591;4;6;2;1;1
344517;2,701799898953;2,3;4,31894077213203;3;7;2;2;0
344518;,554783352164401;1;4,4937876842531;7;4;2;3;1
344520;1,86239850134735;1,1;0;5;5;2;1;0
344521;3,2220568437021;6,6;4,89073461279075;6;4;2;2;1
344522;4,11820312952711;2,1;6,09302760890195;7;7;2;2;0
344523;5,33726499036677;7,8;6,11150079234227;4;1;2;1;1
344524;7,1903152077763;4,2;6,53384006880613;6;2;2;1;1
344525;6,39476836691749;6,9;5,29109236795784;5;7;2;3;0
344526;5,27937051349862;1,9;6,26108008894534;3;4;2;2;0
344527;7,88374722478173;7;7,45075868951966;7;1;2;2;1
344528;5,03547082131445;5,8;5,30288090336658;2;7;2;2;0
344529;6,66625366943408;7,6;7,42772643454588;7;1;2;1;1
344530;4,34483980955406;1;5,36354474828948;2;6;2;2;0
344531;4,24084852505373;7,1;5,74622935559891;6;5;2;2;1
344532;5,12426838515684;9;3,10130828460096;1;3;2;2;1
344533;3,04211706608839;4,1;2,8422266213217;3;6;2;1;0
344534;5,34613913218632;6,2;4,73641552271539;7;2;2;2;0
344535;4,1813435446857;2,9;6,13139508390232;6;6;2;1;0
344536;6,56380372346616;7,3;4,72069434660182;4;3;2;1;1
344537;4,70021050769482;3,1;6,27687660544643;4;1;2;1;1
344538;2,12908553182709;1;4,90628244500415;7;7;2;2;1
344539;5,47486785224801;4,6;7,40340215752009;5;1;2;1;0
344540;3,19995665487663;2,7;8,41401928008001;6;1;2;2;1
344541;1,63663231620523;1,3;4,09469237160217;7;6;2;2;0
344542;4,12301901091164;3,4;2,1340315675385;6;1;2;1;1
344543;6,27453252539619;7,7;5,23306095840309;4;3;2;1;1
344544;6,18694518165007;5,6;6,02531427281413;1;3;2;1;0
344545;7,78414514453944;6,1;2,5095515031085;3;7;2;2;1
344546;6,92362504892019;4,7;6,50477920205811;6;7;2;2;1
344547;4,04878177385513;6,5;3,62592933292937;6;7;2;3;1
344548;5,19280061209166;8,5;6,05613118614093;3;2;2;3;0
344549;3,62578496866163;5,5;5,27990398112401;2;4;2;1;1
344550;4,22612262315458;3,7;3,22417207750333;6;4;2;4;1
344551;5,01645533616374;4,3;7,07397525785072;4;6;2;2;1
344552;3,46259809925149;4;5,01362908310031;4;2;2;1;0
344553;3,83155531438268;4,7;3,6124812171109;3;6;2;2;1
344554;3,11070910986971;3,9;4,88961097272533;3;3;2;1;0
344555;7,06307957834827;3,7;5,89391702775572;4;3;2;2;1
344556;4,996614810272;5,6;3,09375558310966;5;4;2;2;0
344557;4,06019492595056;2,5;1,82460122263275;2;7;2;2;0
344558;3,71861787018625;3;1,17713874062626;2;1;2;2;0
344559;7,0226247311861;6,8;1,71634520864373;7;3;2;1;0
344560;2,52221529689413;4,4;6,82613688366576;4;6;2;2;0
344562;4,32625058658623;4;3,21636706423133;6;1;2;1;0
344563;2,16213760613031;5,7;4,41875721712451;7;3;2;2;0
344564;6,71579659877784;4,9;8,48665163240095;4;6;2;1;1
344565;3,96655463392506;9,4;7,70470424706198;2;5;2;2;1
344566;7,12248547272455;7;4,47478222204222;6;1;2;3;0
344567;3,14997257153992;3,3;4,04191797583511;3;6;2;1;0
344568;3,48532166871825;3,1;9,08309383853784;7;5;2;1;0
344569;5,8389418880533;8,9;5,51724320884712;7;3;2;2;1
344570;7,37735608444314;5,7;3,67034706108829;6;1;2;2;1
344571;5,28770909700844;7,2;5,46778887120482;1;1;2;3;0
344572;5,33123661236288;7;1,59668450692998;5;5;2;1;0
344573;4,71851183731809;1,9;3,51378530144014;6;4;2;1;0
344574;6,97950729067847;4,9;7,87117626097367;5;6;2;3;1
344575;5,45398849927209;4,7;4,13571856039487;2;6;2;2;0
344576;4,87292776697108;6,1;3,93864993890061;7;3;2;3;0
344577;4,32373067365321;1,9;5,22365365114876;2;1;2;2;1
344579;7,30158073793587;9,3;5,34287737107103;6;3;2;2;0
344580;5,63800585406852;4,2;6,45490923495742;6;7;2;1;1
344581;5,90956065139115;3,6;3,28953943490273;6;7;2;1;0
344582;4,30116768730564;6,3;3,97345192118594;5;3;2;2;1
344583;5,02366536497715;4,1;6,34072613815542;7;5;2;2;1
344584;5,58483020524671;7,7;6,40436305495317;67;4;2;2;0
344585;5,0103352927973;2,6;5,38510439217511;7;4;2;2;0
344586;4,4043509646772;4,1;6,44950396374632;7;5;2;2;0
344587;2,484379218893;1;5,02749472900139;5;7;2;1;1
344588;2,78029472162861;2;6,08681425143752;1;5;2;1;0
344589;3,4537523850091;4,5;4,69373944443236;1;2;2;2;0
344590;5,75495129233782;8,3;3,31591822258884;2;5;2;1;0
344591;4,04114958052888;2,7;5,53873110565213;1;3;2;3;0
344592;3,19151202009353;2,6;4,19827659508929;3;2;2;3;0
344593;2,79894503865374;6,7;7,45609900100967;6;7;2;1;0
344594;8,18061680984542;6,6;4,26546824136409;23;5;2;1;0
344595;2,23285682489439;2,7;1,33876518589249;2;7;2;3;1
344596;3,01591972884441;3,5;6,66809636837027;3;7;2;1;1
344597;5,7172603593095;7;5,03645530302713;5;6;2;2;1
344598;9,53401119363323;9,9;2,09589050564663;4;7;2;1;0
344599;4,84525920245548;1,3;6,76602752330503;6;5;2;3;0
344600;6,96662544524615;6,6;2,91887251632463;4;1;2;2;0
344601;6,40214791806893;3,6;5,69411857350895;1;4;2;1;0
344602;5,77259332737016;5,2;5,87871303514928;7;1;2;3;1
344603;3,67549329846824;5,4;6,57201685240387;1;4;2;1;1
344604;4,0925990495971;5,4;4,52370674565659;1;6;2;1;1
344605;4,31945614428723;5,1;8,18954054996791;7;3;2;1;0
344606;5,94977878071594;7,2;2,83817650044887;4;2;2;1;0
344607;4,96582991432094;6,8;5,66779660063796;7;7;2;1;0
344608;7,44289833262222;3,1;4,69046085219517;3;4;2;3;1
344609;4,22526657839095;6,2;5,70782950714619;3;4;2;3;0
344610;5,67768869958189;3,7;6,32198348485973;7;2;2;1;1
344611;6,18561184635689;5,1;2,742603671748;1;2;2;2;0
344612;6,12530570723477;9,8;5,28101422178521;7;2;2;1;0
344613;5,09035149427277;2,5;5,08361423894316;1;2;2;4;1
344614;5,95999694531094;6,4;7,71432392706596;2;4;2;2;1
344615;2,53177377606193;3;5,95301288019629;7;6;2;1;0
344616;6,08558296891699;3,1;7,19270332914813;2;2;2;1;1
344617;3,33631962564293;4,8;6,98594475463446;6;6;2;2;0
344618;3,76298490819585;6,9;4,08447679368606;6;1;2;1;0
344619;2,7917241872571;3,4;5,24693554990447;5;7;2;3;1
344620;3,24418852656214;1;6,00939105008298;6;6;2;1;1
344621;3,53614112530951;3;5,89467510329549;1;2;2;1;0
344622;5,88576260942868;5,5;4,12598561508356;6;7;2;1;0
344623;2,72946008155456;5,3;4,42219639279784;3;7;2;1;1
344624;3,08039759363395;6;2,30146659731434;3;2;2;2;1
344625;7,72563883533711;7,3;5,79680048141631;6;5;2;1;1
344626;7,15984782208908;9,3;4,74798304690098;7;4;2;3;1
344627;3,78183510023722;5,5;4,53291485137684;3;2;2;2;0
344628;5,23865161197712;6,4;7,41920868660213;4;6;2;1;0
344629;3,60271566211813;3,4;6,45576292587827;3;7;2;2;0
344630;5,00387406762419;7,5;9,08623034155211;4;5;2;2;1
344631;2,86739689664446;5,9;4,73386490860566;7;1;2;1;0
344632;5,77423219701563;5,2;3,35854747862749;4;3;2;3;1
344633;3,03093564459382;3,7;5,77852133694671;5;4;2;2;0
344634;6,66763976882467;6,1;7,28172011523098;5;4;2;1;0
344635;3,17234609042842;3,4;3,54266279240436;3;1;2;2;1
344636;2,87849629249755;1,2;7,4519705997214;5;2;2;1;0
344637;3,9359197298749;5,1;5,83504796500879;2;2;2;1;1
344638;4,67263320807732;6,2;4,89774569933536;1;2;2;1;1
344639;8,33486709441456;10;3,33522548988875;5;1;2;1;0
344640;6,00140201009463;8,2;2,27199942982588;5;7;2;2;1
344641;4,57777606763553;7,3;5,9753100346606;3;7;2;3;0
344642;2,59393207734158;3,7;2,47009911765526;7;1;2;2;0
344643;3,22550843597698;3,3;5,50017438495684;4;4;2;1;0
344644;4,93240055281491;6;2,04057970272944;5;4;2;2;0
344645;3,25654767406935;2,7;5,2532408760604;4;1;2;1;1
344646;5,19509972063149;5,8;6,27699745339604;2;4;2;1;0
344647;5,52093676263892;4,1;5,72814373599222;4;6;2;3;1
344648;3,95318826658631;3,9;5,25597920573346;3;2;2;1;0
344649;3,70683035500993;6,1;7,12647857084956;5;7;2;1;1
344650;3,27550416196945;3,6;3,44374665615231;2;2;2;2;1
344651;7,94477699664612;7,2;8,28743365609202;5;5;2;1;1
344652;4,170802518142;1;4,84577410579507;2;7;2;1;0
344653;7,142904828916;5,6;4,40609037142472;5;1;2;2;0
344654;4,07085377619367;6,3;3,29555424712615;1;4;2;1;0
344655;5,40385869889911;5,6;6,25400968575192;3;6;2;2;1
344656;3,78660286681184;6;,207116804393623;5;5;2;1;0
344657;7,38859855341995;3,8;7,47682920714235;4;2;2;1;1
344658;3,89390406399925;3,9;5,60862452103662;5;3;2;2;0
344659;6,24993734886007;6,1;7,51860164290531;1;2;2;1;1
344660;2,16584329354414;4,9;7,37894146892552;1;1;2;2;1
344661;6,94123237414404;5;4,50283651870608;5;2;2;2;0
344662;6,45987798461104;4;6,6330678573471;7;6;2;1;1
344663;5,02713924918459;6,1;4,77925789577193;4;2;2;2;1
344664;6,0316822693794;3,6;7,36795403196437;6;4;2;1;1
344665;6,21517381576624;4,5;6,6936518274456;2;5;2;2;0
344666;5,33158383277284;4,9;4,37296483044704;3;6;2;1;0
344667;8,71720989960061;10;6,38381009454292;1;7;2;2;0
344668;6,28717690921293;7,7;7,11572144455926;2;3;2;1;1
344669;5,4155975832527;6,5;5,65999515856208;5;2;2;1;1
344670;2,81835550193713;4,2;5,90274848238548;6;4;2;1;0
344671;5,56882743458283;7;4,21923103212417;6;5;2;3;1
344672;6,21270969216832;7,1;4,21859468849916;67;4;2;3;1
344673;3,19935722274983;3,8;2,85322532052637;5;5;2;2;1
344674;3,73224311073906;1;6,21850892825422;5;7;2;2;0
344675;4,96654274026774;4,4;3,4119977872026;5;7;2;2;1
344676;6,57955204201977;6,9;4,68893872288932;2;3;2;1;0
344677;5,1808604445922;3,9;3,15983797262404;6;7;2;1;1
344678;1,06979041504372;1,9;4,97436631786798;7;2;2;1;0
344679;2,14368205419744;1,5;4,81428633418957;7;4;2;1;1
344680;4,20940680426742;4,4;4,96073871382104;6;5;2;1;0
344681;3,13824841480238;6,1;5,81132055276698;1;4;2;2;0
344682;4,009564999888;2,9;4,76735748480962;1;7;2;1;1
344683;3,41855761477879;4,3;5,73483815222337;2;3;2;2;1
344684;4,08523042448637;2,3;3,82198318716988;6;6;2;1;0
344685;6,97384698050578;10;6,11787989253035;4;6;2;1;1
344686;3,46532264990166;5;7,78873157405674;1;6;2;1;0
344687;2,18956605134549;1;8,12089201607499;6;6;2;3;0
344688;1,85412592348683;1,1;4,46435630868687;7;6;2;1;1
344689;4,75007898414239;6,1;2,89307348423234;7;2;2;2;0
344690;5,57928211156694;3,7;6,51801484572566;3;3;2;3;0
344691;6,66819080605627;5,9;4,79926356654984;4;4;2;1;0
344692;6,31239473602153;5,2;3,99963085145436;2;7;2;2;0
344693;5,5251847100101;7;4,77537693451848;4;3;2;1;0
344694;7,40768095708142;5,9;3,18589320986112;4;4;2;3;1
344695;4,29142255523319;4,4;6,19854897186836;5;5;2;1;0
344696;6,05477160925954;5,2;,699064530706747;2;2;2;1;1
344697;4,97755237120742;1;4,17386625806739;5;6;2;1;1
344698;2,89638806730875;4;4,82559961596025;5;4;2;1;0
344699;1,64121813100616;2,2;3,96842331055668;6;6;2;1;0
344700;2,8409439268602;6,1;5,04777842407233;1;5;2;3;0
344701;4,1483365149015;9,2;7,32372502984229;2;3;2;2;1
344702;3,22564634492666;1,9;6,72686428851237;1;1;2;1;1
344703;6,36864121922713;7,4;5,82240331807797;5;3;2;1;0
344704;6,16376094856479;3,9;3,40065646562885;1;4;2;3;1
344705;3,44510851034043;1,1;2,87417514314122;7;1;2;2;0
344706;8,10908388233025;8,8;5,69100870396639;1;1;2;1;0
344707;2,79818362607792;3;5,82822293855539;6;4;2;1;0
344708;7,80005195987987;7,7;3,74643522668532;3;1;2;1;1
344709;7,24322664755972;3,7;7,51635987745392;2;2;2;2;1
344710;2,90000141599206;4,5;2,18567025375749;7;4;2;1;1
344711;4,36779254239429;4,4;5,88136162824966;56;5;2;1;0
344712;4,80482652341804;5,3;4,64012841792155;5;1;2;2;0
344713;2,4308429037978;2,2;4,63035495929066;1;5;2;1;0
344714;4,40304282568923;5,2;6,92483983022669;6;5;2;1;1
344715;2,91947829203856;1,8;6,38046486984282;2;5;2;2;0
344716;4,28854298501922;1;5,13123986970341;3;5;2;4;0
344717;4,3344890172391;5,7;8,89682171882865;1;7;2;2;1
344718;,74492663826929;1;2,29144688470606;5;3;2;2;0
344719;8,17844976525723;10;8,97733015425156;7;6;2;1;0
344720;2,7425267194609;3,2;3,10723854404644;2;4;2;2;0
344721;7,47967367841307;8,3;6,87477600590932;2;6;2;2;1
344722;4,62619689268263;7,7;6,79832865047075;7;1;2;3;0
344723;4,14086726234148;6,6;3,17236958667862;6;1;2;4;1
344724;5,41764794747419;8,2;6,60971100716863;7;7;2;1;0
344725;5,62533925924079;7,9;6,92893104791289;6;3;2;1;0
344726;8,25011784404388;8,4;4,15836460323139;7;7;2;1;0
344727;5,31794206839909;4,4;4,3231313287727;6;1;2;2;0
344728;5,68855661520015;5,3;3,9992567476467;6;3;2;2;0
344729;3,67939260764163;5;3,66105449372917;2;7;2;1;1
344730;2,78503636289891;5,6;4,00235922941943;55;7;2;4;0
344731;7,8100007197382;8,9;6,24649445645102;45;2;2;1;1
344732;4,56559165251695;7,9;7,47159196516927;5;1;2;2;1
344733;4,82372823566083;5,8;4,20805440877265;5;1;2;2;1
