<?xml version="1.0" encoding="utf-8" standalone="yes"?>
<assessmentItem identifier="eur-factor-101-en-tv_202307180605_item_1_num" title="eur-factor-101-en-tv_202307180605_item_1_num_eur-factor-101-en" adaptive="false" timeDependent="false" toolName="Testvision Online" toolVersion="39.0.9084" xmlns="http://www.imsglobal.org/xsd/imsqti_v2p1">
<responseDeclaration identifier="RESPONSE" cardinality="multiple" baseType="float">
<correctResponse>
<value>0.6</value>
<value>0.6;0.6</value>
</correctResponse>
</responseDeclaration>
<outcomeDeclaration identifier="SCORE" cardinality="single" baseType="float" normalMaximum="1" normalMinimum="0" />
<outcomeDeclaration identifier="FEEDBACK" cardinality="single" baseType="identifier" />
<itemBody>
<p>Below you find the output of a factor analyses on 8 items measuring extraversion.</p>
<table>
<caption>Table 1</caption>
<thead>
<tr class="header">
<th align="left">Factor</th>
<th align="left">Eigenvalue</th>
</tr>
</thead>
<tbody>
<tr class="odd">
<td align="left">1</td>
<td align="left">2.2</td>
</tr>
<tr class="even">
<td align="left">2</td>
<td align="left">1.8</td>
</tr>
<tr class="odd">
<td align="left">3</td>
<td align="left">1.1</td>
</tr>
<tr class="even">
<td align="left">4</td>
<td align="left">0.9</td>
</tr>
<tr class="odd">
<td align="left">5</td>
<td align="left">0.8</td>
</tr>
<tr class="even">
<td align="left">6</td>
<td align="left">…</td>
</tr>
<tr class="odd">
<td align="left">7</td>
<td align="left">0.3</td>
</tr>
<tr class="even">
<td align="left">8</td>
<td align="left">0.3</td>
</tr>
</tbody>
</table>
<p>Calculate the eigenvalue of the 6th Factor.</p>
<extendedTextInteraction responseIdentifier="RESPONSE"/>
</itemBody>
<responseProcessing>
<responseCondition>
<responseIf>
<isNull>
<variable identifier="RESPONSE"/>
</isNull>
<setOutcomeValue identifier="SCORE">
<baseValue baseType="float">0.0</baseValue>
</setOutcomeValue>
<setOutcomeValue identifier="FEEDBACK">
<baseValue baseType="identifier">FAILURE</baseValue>
</setOutcomeValue>
</responseIf>
<responseElse>
<responseCondition>
<responseIf>
<match>
<variable identifier="RESPONSE"/>
<correct identifier="RESPONSE"/>
</match>
<setOutcomeValue identifier="SCORE">
<baseValue baseType="float">1</baseValue>
</setOutcomeValue>
</responseIf>
<responseElse>
<setOutcomeValue identifier="SCORE">
<baseValue baseType="float">0</baseValue>
</setOutcomeValue>
</responseElse>
</responseCondition>
<responseCondition>
<responseIf>
<equal toleranceMode="relative" tolerance="0.001">
<variable identifier="SCORE"/>
<variable identifier="MAXSCORE"/>
</equal>
<setOutcomeValue identifier="FEEDBACK">
<baseValue baseType="identifier">ANSWER_CORRECT</baseValue>
</setOutcomeValue>
</responseIf>
<responseElse>
<setOutcomeValue identifier="FEEDBACK">
<baseValue baseType="identifier">FAILURE</baseValue>
</setOutcomeValue>
</responseElse>
</responseCondition>
</responseElse>
</responseCondition>
</responseProcessing>
<modalFeedback identifier="FAILURE" outcomeIdentifier="FEEDBACK" showHide="show">
<div class="textblock tvblock tvcss_1"><div class="rte_zone tveditor1">
<p>The eigenvalue of the 6th factor can be calculated as follows. The sum of the eigenvalues of 8 variables equals 8. The sum of the eigenvalues of the factors present in the table is: <math display="inline" xmlns="http://www.w3.org/1998/Math/MathML"><semantics><mrow><mn>2.2</mn><mo>+</mo><mn>1.8</mn><mo>+</mo><mn>1.1</mn><mo>+</mo><mn>.9</mn><mo>+</mo><mn>.8</mn><mo>+</mo><mn>.3</mn><mo>+</mo><mn>.3</mn><mo>=</mo><mn>7.4</mn></mrow><annotation encoding="application/x-tex">2.2+1.8+1.1+.9+.8+.3+.3=7.4</annotation></semantics></math>. Thus, the eigenvalue of the 6th factor is: <math display="inline" xmlns="http://www.w3.org/1998/Math/MathML"><semantics><mrow><mn>8</mn><mi>‐</mi><mn>7.4</mn><mo>=</mo><mn>.6</mn></mrow><annotation encoding="application/x-tex">8‐7.4= .6</annotation></semantics></math>.</p>
</div>
</div>
</modalFeedback>
<modalFeedback identifier="ANSWER_CORRECT" outcomeIdentifier="FEEDBACK" showHide="show">
<div class="textblock tvblock tvcss_1"><div class="rte_zone tveditor1">
<p>The eigenvalue of the 6th factor can be calculated as follows. The sum of the eigenvalues of 8 variables equals 8. The sum of the eigenvalues of the factors present in the table is: <math display="inline" xmlns="http://www.w3.org/1998/Math/MathML"><semantics><mrow><mn>2.2</mn><mo>+</mo><mn>1.8</mn><mo>+</mo><mn>1.1</mn><mo>+</mo><mn>.9</mn><mo>+</mo><mn>.8</mn><mo>+</mo><mn>.3</mn><mo>+</mo><mn>.3</mn><mo>=</mo><mn>7.4</mn></mrow><annotation encoding="application/x-tex">2.2+1.8+1.1+.9+.8+.3+.3=7.4</annotation></semantics></math>. Thus, the eigenvalue of the 6th factor is: <math display="inline" xmlns="http://www.w3.org/1998/Math/MathML"><semantics><mrow><mn>8</mn><mi>‐</mi><mn>7.4</mn><mo>=</mo><mn>.6</mn></mrow><annotation encoding="application/x-tex">8‐7.4= .6</annotation></semantics></math>.</p>
</div>
</div>
</modalFeedback>
<modalFeedback identifier="PARTIAL_CORRECT" outcomeIdentifier="FEEDBACK" showHide="show">
<div class="textblock tvblock tvcss_1"><div class="rte_zone tveditor1">
<p>The eigenvalue of the 6th factor can be calculated as follows. The sum of the eigenvalues of 8 variables equals 8. The sum of the eigenvalues of the factors present in the table is: <math display="inline" xmlns="http://www.w3.org/1998/Math/MathML"><semantics><mrow><mn>2.2</mn><mo>+</mo><mn>1.8</mn><mo>+</mo><mn>1.1</mn><mo>+</mo><mn>.9</mn><mo>+</mo><mn>.8</mn><mo>+</mo><mn>.3</mn><mo>+</mo><mn>.3</mn><mo>=</mo><mn>7.4</mn></mrow><annotation encoding="application/x-tex">2.2+1.8+1.1+.9+.8+.3+.3=7.4</annotation></semantics></math>. Thus, the eigenvalue of the 6th factor is: <math display="inline" xmlns="http://www.w3.org/1998/Math/MathML"><semantics><mrow><mn>8</mn><mi>‐</mi><mn>7.4</mn><mo>=</mo><mn>.6</mn></mrow><annotation encoding="application/x-tex">8‐7.4= .6</annotation></semantics></math>.</p>
</div>
</div>
</modalFeedback>
</assessmentItem>
