<?xml version="1.0" encoding="utf-8" standalone="yes"?>
<assessmentItem identifier="vufsw-moderation-2041-nl_202209051541_item_1_schoice" title="vufsw-moderation-2041-nl_202209051541_item_1_schoice_vufsw-moderation-2041-nl" adaptive="false" timeDependent="false" toolName="Testvision Online" toolVersion="39.0.9084" xmlns="http://www.imsglobal.org/xsd/imsqti_v2p1">
<responseDeclaration identifier="RESPONSE" cardinality="single" baseType="identifier">
<correctResponse>
<value>alt_692642</value>
</correctResponse>
<mapping defaultValue="0" lowerBound="0.0">
<mapEntry mapKey="alt_121636" mappedValue="-0.333333333333333"/>
<mapEntry mapKey="alt_325602" mappedValue="-0.333333333333333"/>
<mapEntry mapKey="alt_692642" mappedValue="1"/>
<mapEntry mapKey="alt_313241" mappedValue="-0.333333333333333"/>
</mapping>
</responseDeclaration>
<outcomeDeclaration identifier="SCORE" cardinality="single" baseType="float" normalMaximum="1" normalMinimum="0" />
<outcomeDeclaration identifier="FEEDBACK" cardinality="single" baseType="identifier" />
<itemBody>
<p>In onderstaande output is in een steekproef van jongeren in de leeftijd
14-17 jaar onderzocht in hoeverre cultuurparticipatie (culpar: continue
schaal 1-100: laag -&gt; hoog) afhangt van leeftijd (lft15: in jaren, 15
jaar =0) en van de cultuurparticipatie van de moeder (pmcul: continue
schaal 0-1: laag -&gt; hoog). Er is ook een interactieterm opgenomen
tussen leeftijd en de cultuurparticipatie van de moeder (lft_pmcul:
berekend als lft15 * pmcul).</p>
<p><img src="Schermafbeelding__2019-01-30__om__14.57.50.png"
class="fr-fic fr-dii tvcss_2"
alt="Schermafbeelding 2019-01-30 om 14.57.50" /></p>
<choiceInteraction responseIdentifier="RESPONSE" shuffle="false" maxChoices="1">
<simpleChoice identifier="alt_121636">
<div class="textblock tvblock tvcss_1"><div class="rte_zone tveditor1">
a. 38.190
</div>
</div>
</simpleChoice>
<simpleChoice identifier="alt_325602">
<div class="textblock tvblock tvcss_1"><div class="rte_zone tveditor1">
b. 44.674
</div>
</div>
</simpleChoice>
<simpleChoice identifier="alt_692642">
<div class="textblock tvblock tvcss_1"><div class="rte_zone tveditor1">
c. 52.818
</div>
</div>
</simpleChoice>
<simpleChoice identifier="alt_313241">
<div class="textblock tvblock tvcss_1"><div class="rte_zone tveditor1">
d. 48.746
</div>
</div>
</simpleChoice>
</choiceInteraction>
</itemBody>
<responseProcessing>
<responseCondition>
<responseIf>
<isNull>
<variable identifier="RESPONSE"/>
</isNull>
<setOutcomeValue identifier="SCORE">
<baseValue baseType="float">0.0</baseValue>
</setOutcomeValue>
<setOutcomeValue identifier="FEEDBACK">
<baseValue baseType="identifier">FAILURE</baseValue>
</setOutcomeValue>
</responseIf>
<responseElse>
<setOutcomeValue identifier="SCORE">
<mapResponse identifier="RESPONSE"/>
</setOutcomeValue>
<responseCondition>
<responseIf>
<equal toleranceMode="relative" tolerance="0.001">
<variable identifier="SCORE"/>
<variable identifier="MAXSCORE"/>
</equal>
<setOutcomeValue identifier="FEEDBACK">
<baseValue baseType="identifier">ANSWER_CORRECT</baseValue>
</setOutcomeValue>
</responseIf>
<responseElse>
<setOutcomeValue identifier="FEEDBACK">
<baseValue baseType="identifier">FAILURE</baseValue>
</setOutcomeValue>
</responseElse>
</responseCondition>
</responseElse>
</responseCondition>
</responseProcessing>
<modalFeedback identifier="FAILURE" outcomeIdentifier="FEEDBACK" showHide="show">
<div class="textblock tvblock tvcss_1"><div class="rte_zone tveditor1">
<ol>
<li> 38.190 <br /> False </li>
<li> 44.674 <br /> False </li>
<li> 52.818 <br /> True </li>
<li> 48.746 <br /> False </li>
</ol>
</div>
</div>
</modalFeedback>
<modalFeedback identifier="ANSWER_CORRECT" outcomeIdentifier="FEEDBACK" showHide="show">
<div class="textblock tvblock tvcss_1"><div class="rte_zone tveditor1">
<ol>
<li> 38.190 <br /> False </li>
<li> 44.674 <br /> False </li>
<li> 52.818 <br /> True </li>
<li> 48.746 <br /> False </li>
</ol>
</div>
</div>
</modalFeedback>
<modalFeedback identifier="PARTIAL_CORRECT" outcomeIdentifier="FEEDBACK" showHide="show">
<div class="textblock tvblock tvcss_1"><div class="rte_zone tveditor1">
<ol>
<li> 38.190 <br /> False </li>
<li> 44.674 <br /> False </li>
<li> 52.818 <br /> True </li>
<li> 48.746 <br /> False </li>
</ol>
</div>
</div>
</modalFeedback>
</assessmentItem>
