<?xml version="1.0" encoding="UTF-8"?>
<assessmentItem xsi:schemaLocation="http://www.imsglobal.org/xsd/imsqti_v2p1 http://www.imsglobal.org/xsd/qti/qtiv2p1/imsqti_v2p1p1.xsd http://www.w3.org/1998/Math/MathML http://www.w3.org/Math/XMLSchema/mathml2/mathml2.xsd" identifier="uva-value-784-en-qti_254302890_section_1_item_1_schoice" title="1" adaptive="false" timeDependent="false" xmlns="http://www.imsglobal.org/xsd/imsqti_v2p1" xmlns:xsi="http://www.w3.org/2001/XMLSchema-instance">
<responseDeclaration identifier="uva-value-784-en-qti_254302890_section_1_item_1_schoice_RESPONSE_1_1756940" cardinality="single" baseType="identifier">
<correctResponse>
<value>uva-value-784-en-qti_254302890_section_1_item_1_schoice_1_3015718142</value>
</correctResponse>
<mapping defaultValue="0" lowerBound="0.0">
<mapEntry mapKey="uva-value-784-en-qti_254302890_section_1_item_1_schoice_1_3015718142" mappedValue="1"/>
<mapEntry mapKey="uva-value-784-en-qti_254302890_section_1_item_1_schoice_2_9845091911" mappedValue="0"/>
<mapEntry mapKey="uva-value-784-en-qti_254302890_section_1_item_1_schoice_3_1996215403" mappedValue="0"/>
</mapping>
</responseDeclaration>
<outcomeDeclaration identifier="SCORE" cardinality="single" baseType="float" normalMaximum="1" normalMinimum="0">
<defaultValue>
<value>0.0</value>
</defaultValue>
</outcomeDeclaration>
<outcomeDeclaration identifier="MAXSCORE" cardinality="single" baseType="float">
<defaultValue>
<value>1</value>
</defaultValue>
</outcomeDeclaration>
<outcomeDeclaration identifier="FEEDBACKBASIC" cardinality="single" baseType="identifier" view="testConstructor">
<defaultValue>
<value>empty</value>
</defaultValue>
</outcomeDeclaration>
<outcomeDeclaration identifier="FEEDBACKMODAL" cardinality="multiple" baseType="identifier" view="testConstructor"/>
<outcomeDeclaration identifier="SOLUTIONMODAL" cardinality="single" baseType="identifier" view="testConstructor"/>
<outcomeDeclaration identifier="MINSCORE" cardinality="single" baseType="float">
<defaultValue>
<value baseType="float">0</value>
</defaultValue>
</outcomeDeclaration>
<outcomeDeclaration identifier="SCORE_RESPONSE_1" cardinality="single" baseType="float">
<defaultValue>
<value>0.0</value>
</defaultValue>
</outcomeDeclaration>
<outcomeDeclaration identifier="MINSCORE_RESPONSE_1" cardinality="single" baseType="float">
<defaultValue>
<value>0.0</value>
</defaultValue>
</outcomeDeclaration>
<itemBody>
<p>A hypothesis test is conducted for a population proportion. The sample size was 60 and the sample proportion (estimated) was 0.33. For the hypothesis test, calculate the P-value under the null hypothesis which states that the population proportion equals 0.30. The alternative hypothesis is that the population proportion is greater than 0.30. Then the best description of the P value is that it is the probability</p>
<choiceInteraction responseIdentifier="uva-value-784-en-qti_254302890_section_1_item_1_schoice_RESPONSE_1_1756940" shuffle="false" maxChoices="1">
<simpleChoice identifier="uva-value-784-en-qti_254302890_section_1_item_1_schoice_1_3015718142">
<p>
 On the sample proportion or larger given that the population proportion is 0.30.
</p>
</simpleChoice>
<simpleChoice identifier="uva-value-784-en-qti_254302890_section_1_item_1_schoice_2_9845091911">
<p>
 On the population proportion or larger given that the sample proportion is 0.33.
</p>
</simpleChoice>
<simpleChoice identifier="uva-value-784-en-qti_254302890_section_1_item_1_schoice_3_1996215403">
<p>
 On the sample proportion or larger given that the population proportion is greater than 0.30.
</p>
</simpleChoice>
</choiceInteraction>
</itemBody>
<responseProcessing>
<setOutcomeValue identifier="SCORE_RESPONSE_1">
<sum>
<variable identifier="SCORE_RESPONSE_1"/>
<mapResponse identifier="uva-value-784-en-qti_254302890_section_1_item_1_schoice_RESPONSE_1_1756940"/>
</sum>
</setOutcomeValue>
<responseCondition>
<responseIf>
<lt>
<variable identifier="SCORE_RESPONSE_1"/>
<variable identifier="MINSCORE_RESPONSE_1"/>
</lt>
<setOutcomeValue identifier="SCORE_RESPONSE_1">
<variable identifier="MINSCORE_RESPONSE_1"/>
</setOutcomeValue>
</responseIf>
</responseCondition>
<responseCondition>
<responseIf>
<isNull>
<variable identifier="uva-value-784-en-qti_254302890_section_1_item_1_schoice_RESPONSE_1_1756940"/>
</isNull>
<setOutcomeValue identifier="SCORE_RESPONSE_1">
<sum>
<variable identifier="SCORE_RESPONSE_1"/>
<baseValue baseType="float">0</baseValue>
</sum>
</setOutcomeValue>
</responseIf>
</responseCondition>
<setOutcomeValue identifier="SCORE">
<sum>
<variable identifier="SCORE_RESPONSE_1"/>
</sum>
</setOutcomeValue>
<responseCondition>
<responseIf>
<lt>
<variable identifier="SCORE"/>
<variable identifier="MINSCORE"/>
</lt>
<setOutcomeValue identifier="SCORE">
<variable identifier="MINSCORE"/>
</setOutcomeValue>
</responseIf>
</responseCondition>
<responseCondition>
<responseIf>
<lt>
<variable identifier="SCORE"/>
<baseValue baseType="float">1</baseValue>
</lt>
<setOutcomeValue identifier="FEEDBACKMODAL">
<multiple>
<variable identifier="FEEDBACKMODAL"/>
<baseValue baseType="identifier">Feedback156591178</baseValue>
</multiple>
</setOutcomeValue>
</responseIf>
</responseCondition>
</responseProcessing>
<modalFeedback identifier="Feedback156591178" outcomeIdentifier="FEEDBACKMODAL" showHide="show">
<ul>
<li> On the sample proportion or larger given that the population proportion is 0.30. <br /> On sample proportion or larger given that population proportion is 0.30: Correct </li>
<li> On the population proportion or larger given that the sample proportion is 0.33. <br /> On the population proportion or larger given that the sample proportion is 0.33.: Incorrect </li>
<li> On the sample proportion or larger given that the population proportion is greater than 0.30. <br /> On the sample proportion or larger given that the population proportion is greater than 0.30…: Incorrect </li>
</ul>
</modalFeedback>
</assessmentItem>
