<?xml version="1.0" encoding="UTF-8"?>
<assessmentItem xsi:schemaLocation="http://www.imsglobal.org/xsd/imsqti_v2p1 http://www.imsglobal.org/xsd/qti/qtiv2p1/imsqti_v2p1p1.xsd http://www.w3.org/1998/Math/MathML http://www.w3.org/Math/XMLSchema/mathml2/mathml2.xsd" identifier="uu-Standardized-coefficient-810-nl-ans_797249247_section_1_item_1_schoice" title="Inferential_Statistics_uu-Standardized-coefficient-810-nl_uu-Standardized-coefficient-810-nl_schoice_1" adaptive="false" timeDependent="false" xmlns="http://www.imsglobal.org/xsd/imsqti_v2p1" xmlns:xsi="http://www.w3.org/2001/XMLSchema-instance">
<responseDeclaration identifier="uu-Standardized-coefficient-810-nl-ans_797249247_section_1_item_1_schoice_RESPONSE_1_6079501" cardinality="single" baseType="identifier">
<correctResponse>
<value>uu-Standardized-coefficient-810-nl-ans_797249247_section_1_item_1_schoice_4_1070598910</value>
</correctResponse>
<mapping defaultValue="0" lowerBound="0.0">
<mapEntry mapKey="uu-Standardized-coefficient-810-nl-ans_797249247_section_1_item_1_schoice_1_9208788945" mappedValue="0"/>
<mapEntry mapKey="uu-Standardized-coefficient-810-nl-ans_797249247_section_1_item_1_schoice_2_9710275140" mappedValue="0"/>
<mapEntry mapKey="uu-Standardized-coefficient-810-nl-ans_797249247_section_1_item_1_schoice_3_1683790290" mappedValue="0"/>
<mapEntry mapKey="uu-Standardized-coefficient-810-nl-ans_797249247_section_1_item_1_schoice_4_1070598910" mappedValue="1"/>
</mapping>
</responseDeclaration>
<outcomeDeclaration identifier="SCORE" cardinality="single" baseType="float" normalMaximum="1" normalMinimum="0">
<defaultValue>
<value>0.0</value>
</defaultValue>
</outcomeDeclaration>
<outcomeDeclaration identifier="MAXSCORE" cardinality="single" baseType="float">
<defaultValue>
<value>1</value>
</defaultValue>
</outcomeDeclaration>
<outcomeDeclaration identifier="FEEDBACKBASIC" cardinality="single" baseType="identifier" view="testConstructor">
<defaultValue>
<value>empty</value>
</defaultValue>
</outcomeDeclaration>
<outcomeDeclaration identifier="FEEDBACKMODAL" cardinality="multiple" baseType="identifier" view="testConstructor"/>
<outcomeDeclaration identifier="SOLUTIONMODAL" cardinality="single" baseType="identifier" view="testConstructor"/>
<outcomeDeclaration identifier="MINSCORE" cardinality="single" baseType="float">
<defaultValue>
<value baseType="float">0</value>
</defaultValue>
</outcomeDeclaration>
<outcomeDeclaration identifier="SCORE_RESPONSE_1" cardinality="single" baseType="float">
<defaultValue>
<value>0.0</value>
</defaultValue>
</outcomeDeclaration>
<outcomeDeclaration identifier="MINSCORE_RESPONSE_1" cardinality="single" baseType="float">
<defaultValue>
<value>0.0</value>
</defaultValue>
</outcomeDeclaration>
<itemBody>
<p>De invloed van motivatie (M) en intelligentie (IQ) op studiesucces (S) kan via multipele regressie worden geanalyseerd. Een regressieanalyse met SPSS geeft onderstaande uitvoer.</p>
<p><img src="media/supplements1/uu-Standardized-coefficient-810-nl-tabel.jpg" /></p>
<p>Welke van de twee predictoren, M (Motivatie) of I (Intelligentie), is in het regressiemodel de belangrijkste voorspeller voor S (Studiesucces) en waarom?</p>
<choiceInteraction responseIdentifier="uu-Standardized-coefficient-810-nl-ans_797249247_section_1_item_1_schoice_RESPONSE_1_6079501" shuffle="false" maxChoices="1">
<simpleChoice identifier="uu-Standardized-coefficient-810-nl-ans_797249247_section_1_item_1_schoice_1_9208788945">
<p>
 M (Motivatie), want deze predictor heeft van beide de laagste toetsingsgrootheid (t).
</p>
</simpleChoice>
<simpleChoice identifier="uu-Standardized-coefficient-810-nl-ans_797249247_section_1_item_1_schoice_2_9710275140">
<p>
 M (Motivatie), want deze predictor heeft van beide de hoogste ongestandaardiseerde regressiecoëfficiënt (B).
</p>
</simpleChoice>
<simpleChoice identifier="uu-Standardized-coefficient-810-nl-ans_797249247_section_1_item_1_schoice_3_1683790290">
<p>
 IQ (Intelligentie), want deze predictor heeft van beide de kleinste standaardfout (Std. Error).
</p>
</simpleChoice>
<simpleChoice identifier="uu-Standardized-coefficient-810-nl-ans_797249247_section_1_item_1_schoice_4_1070598910">
<p>
 IQ (Intelligentie), want deze predictor heeft van beide de hoogste gestandaardiseerde regressiecoëfficiënt (Beta).
</p>
</simpleChoice>
</choiceInteraction>
</itemBody>
<responseProcessing>
<setOutcomeValue identifier="SCORE_RESPONSE_1">
<sum>
<variable identifier="SCORE_RESPONSE_1"/>
<mapResponse identifier="uu-Standardized-coefficient-810-nl-ans_797249247_section_1_item_1_schoice_RESPONSE_1_6079501"/>
</sum>
</setOutcomeValue>
<responseCondition>
<responseIf>
<lt>
<variable identifier="SCORE_RESPONSE_1"/>
<variable identifier="MINSCORE_RESPONSE_1"/>
</lt>
<setOutcomeValue identifier="SCORE_RESPONSE_1">
<variable identifier="MINSCORE_RESPONSE_1"/>
</setOutcomeValue>
</responseIf>
</responseCondition>
<responseCondition>
<responseIf>
<isNull>
<variable identifier="uu-Standardized-coefficient-810-nl-ans_797249247_section_1_item_1_schoice_RESPONSE_1_6079501"/>
</isNull>
<setOutcomeValue identifier="SCORE_RESPONSE_1">
<sum>
<variable identifier="SCORE_RESPONSE_1"/>
<baseValue baseType="float">0</baseValue>
</sum>
</setOutcomeValue>
</responseIf>
</responseCondition>
<setOutcomeValue identifier="SCORE">
<sum>
<variable identifier="SCORE_RESPONSE_1"/>
</sum>
</setOutcomeValue>
<responseCondition>
<responseIf>
<lt>
<variable identifier="SCORE"/>
<variable identifier="MINSCORE"/>
</lt>
<setOutcomeValue identifier="SCORE">
<variable identifier="MINSCORE"/>
</setOutcomeValue>
</responseIf>
</responseCondition>
<responseCondition>
<responseIf>
<lt>
<variable identifier="SCORE"/>
<baseValue baseType="float">1</baseValue>
</lt>
<setOutcomeValue identifier="FEEDBACKMODAL">
<multiple>
<variable identifier="FEEDBACKMODAL"/>
<baseValue baseType="identifier">Feedback901641319</baseValue>
</multiple>
</setOutcomeValue>
</responseIf>
</responseCondition>
</responseProcessing>
<modalFeedback outcomeIdentifier="FEEDBACK" showHide="show" identifier="incorrect">
<p>Om te bepalen welke variabele de belangrijkste voorspeller is, kan naar 3 aspecten gekeken worden:
- p-waarde: een meer significante predictor is belangrijker dan een minder significante predictor. Een kleinere p-waarde betekent meer significantie (let op: in dit geval is de p-waarde niet nauwkeurig genoeg weergegeven om een uitspraak te doen op basis van de p-waarde. De p-waardes zijn afgerond op 3 decimalen namelijk even groot).
- t-waarde: een hogere t-waarde betekent dat de predictor belangrijker is. (om die reden is antwoordoptie A niet correct, dit is juist verkeerd om).
- Beta: hier worden de gestandaardiseerde regressiecoëfficiënten gegeven. Een hogere beta betekent een meer belangrijke voorspeller. Dit leidt tot het correcte antwoord: D.
Zowel de ongestandaardiseerde regressiecoëfficiënt (B) als de standaardfout (Std. Error) kunnen niet gebruikt worden om de meest belangrijke voorspeller te lokaliseren zonder aanvullende informatie over de schalen.</p>
</modalFeedback>
</assessmentItem>
