<?xml version="1.0" encoding="UTF-8"?>
<assessmentItem xsi:schemaLocation="http://www.imsglobal.org/xsd/imsqti_v2p1 http://www.imsglobal.org/xsd/qti/qtiv2p1/imsqti_v2p1p1.xsd http://www.w3.org/1998/Math/MathML http://www.w3.org/Math/XMLSchema/mathml2/mathml2.xsd" identifier="vufgb-suppresion-001-nl-ans_494727430_section_1_item_1_schoice" title="Inferential_Statistics_vufgb-suppresion-001-nl_vufgb-suppresion-001-nl_schoice_1" adaptive="false" timeDependent="false" xmlns="http://www.imsglobal.org/xsd/imsqti_v2p1" xmlns:xsi="http://www.w3.org/2001/XMLSchema-instance">
<responseDeclaration identifier="vufgb-suppresion-001-nl-ans_494727430_section_1_item_1_schoice_RESPONSE_1_7380180" cardinality="single" baseType="identifier">
<correctResponse>
<value>vufgb-suppresion-001-nl-ans_494727430_section_1_item_1_schoice_3_6002387286</value>
</correctResponse>
<mapping defaultValue="0" lowerBound="0.0">
<mapEntry mapKey="vufgb-suppresion-001-nl-ans_494727430_section_1_item_1_schoice_1_6731288356" mappedValue="0"/>
<mapEntry mapKey="vufgb-suppresion-001-nl-ans_494727430_section_1_item_1_schoice_2_5339322917" mappedValue="0"/>
<mapEntry mapKey="vufgb-suppresion-001-nl-ans_494727430_section_1_item_1_schoice_3_6002387286" mappedValue="1"/>
<mapEntry mapKey="vufgb-suppresion-001-nl-ans_494727430_section_1_item_1_schoice_4_8221692921" mappedValue="0"/>
</mapping>
</responseDeclaration>
<outcomeDeclaration identifier="SCORE" cardinality="single" baseType="float" normalMaximum="1" normalMinimum="0">
<defaultValue>
<value>0.0</value>
</defaultValue>
</outcomeDeclaration>
<outcomeDeclaration identifier="MAXSCORE" cardinality="single" baseType="float">
<defaultValue>
<value>1</value>
</defaultValue>
</outcomeDeclaration>
<outcomeDeclaration identifier="FEEDBACKBASIC" cardinality="single" baseType="identifier" view="testConstructor">
<defaultValue>
<value>empty</value>
</defaultValue>
</outcomeDeclaration>
<outcomeDeclaration identifier="FEEDBACKMODAL" cardinality="multiple" baseType="identifier" view="testConstructor"/>
<outcomeDeclaration identifier="SOLUTIONMODAL" cardinality="single" baseType="identifier" view="testConstructor"/>
<outcomeDeclaration identifier="MINSCORE" cardinality="single" baseType="float">
<defaultValue>
<value baseType="float">0</value>
</defaultValue>
</outcomeDeclaration>
<outcomeDeclaration identifier="SCORE_RESPONSE_1" cardinality="single" baseType="float">
<defaultValue>
<value>0.0</value>
</defaultValue>
</outcomeDeclaration>
<outcomeDeclaration identifier="MINSCORE_RESPONSE_1" cardinality="single" baseType="float">
<defaultValue>
<value>0.0</value>
</defaultValue>
</outcomeDeclaration>
<itemBody>
<p>Wat is de juiste omschrijving van een suppressie effect? Het effect van de ene predictor op de uitkomstvariabele_____ als statistisch gecontroleerd wordt voor de andere predictor.</p>
<choiceInteraction responseIdentifier="vufgb-suppresion-001-nl-ans_494727430_section_1_item_1_schoice_RESPONSE_1_7380180" shuffle="false" maxChoices="1">
<simpleChoice identifier="vufgb-suppresion-001-nl-ans_494727430_section_1_item_1_schoice_1_6731288356">
<p>
 verdwijnt
</p>
</simpleChoice>
<simpleChoice identifier="vufgb-suppresion-001-nl-ans_494727430_section_1_item_1_schoice_2_5339322917">
<p>
 verandert van richting
</p>
</simpleChoice>
<simpleChoice identifier="vufgb-suppresion-001-nl-ans_494727430_section_1_item_1_schoice_3_6002387286">
<p>
 verschijnt
</p>
</simpleChoice>
<simpleChoice identifier="vufgb-suppresion-001-nl-ans_494727430_section_1_item_1_schoice_4_8221692921">
<p>
 blijft onveranderd
</p>
</simpleChoice>
</choiceInteraction>
</itemBody>
<responseProcessing>
<setOutcomeValue identifier="SCORE_RESPONSE_1">
<sum>
<variable identifier="SCORE_RESPONSE_1"/>
<mapResponse identifier="vufgb-suppresion-001-nl-ans_494727430_section_1_item_1_schoice_RESPONSE_1_7380180"/>
</sum>
</setOutcomeValue>
<responseCondition>
<responseIf>
<lt>
<variable identifier="SCORE_RESPONSE_1"/>
<variable identifier="MINSCORE_RESPONSE_1"/>
</lt>
<setOutcomeValue identifier="SCORE_RESPONSE_1">
<variable identifier="MINSCORE_RESPONSE_1"/>
</setOutcomeValue>
</responseIf>
</responseCondition>
<responseCondition>
<responseIf>
<isNull>
<variable identifier="vufgb-suppresion-001-nl-ans_494727430_section_1_item_1_schoice_RESPONSE_1_7380180"/>
</isNull>
<setOutcomeValue identifier="SCORE_RESPONSE_1">
<sum>
<variable identifier="SCORE_RESPONSE_1"/>
<baseValue baseType="float">0</baseValue>
</sum>
</setOutcomeValue>
</responseIf>
</responseCondition>
<setOutcomeValue identifier="SCORE">
<sum>
<variable identifier="SCORE_RESPONSE_1"/>
</sum>
</setOutcomeValue>
<responseCondition>
<responseIf>
<lt>
<variable identifier="SCORE"/>
<variable identifier="MINSCORE"/>
</lt>
<setOutcomeValue identifier="SCORE">
<variable identifier="MINSCORE"/>
</setOutcomeValue>
</responseIf>
</responseCondition>
<responseCondition>
<responseIf>
<lt>
<variable identifier="SCORE"/>
<baseValue baseType="float">1</baseValue>
</lt>
<setOutcomeValue identifier="FEEDBACKMODAL">
<multiple>
<variable identifier="FEEDBACKMODAL"/>
<baseValue baseType="identifier">Feedback168437177</baseValue>
</multiple>
</setOutcomeValue>
</responseIf>
</responseCondition>
</responseProcessing>
<modalFeedback outcomeIdentifier="FEEDBACK" showHide="show" identifier="incorrect">
<ul>
<li> verdwijnt <br /> Incorrect </li>
<li> verandert van richting <br /> Incorrect </li>
<li> verschijnt <br /> Correct </li>
<li> blijft onveranderd <br /> Incorrect </li>
</ul>
</modalFeedback>
</assessmentItem>
