<?xml version="1.0" encoding="UTF-8"?>
<assessmentItem xsi:schemaLocation="http://www.imsglobal.org/xsd/imsqti_v2p1 http://www.imsglobal.org/xsd/qti/qtiv2p1/imsqti_v2p1p1.xsd http://www.w3.org/1998/Math/MathML http://www.w3.org/Math/XMLSchema/mathml2/mathml2.xsd" identifier="uu-Twoway-ANOVA-841-nl-qti_372798308_section_1_item_1_schoice" title="1" adaptive="false" timeDependent="false" xmlns="http://www.imsglobal.org/xsd/imsqti_v2p1" xmlns:xsi="http://www.w3.org/2001/XMLSchema-instance">
<responseDeclaration identifier="uu-Twoway-ANOVA-841-nl-qti_372798308_section_1_item_1_schoice_RESPONSE_1_5474251" cardinality="single" baseType="identifier">
<correctResponse>
<value>uu-Twoway-ANOVA-841-nl-qti_372798308_section_1_item_1_schoice_1_7842408917</value>
</correctResponse>
<mapping defaultValue="0" lowerBound="0.0">
<mapEntry mapKey="uu-Twoway-ANOVA-841-nl-qti_372798308_section_1_item_1_schoice_1_7842408917" mappedValue="1"/>
<mapEntry mapKey="uu-Twoway-ANOVA-841-nl-qti_372798308_section_1_item_1_schoice_2_2663138801" mappedValue="0"/>
<mapEntry mapKey="uu-Twoway-ANOVA-841-nl-qti_372798308_section_1_item_1_schoice_3_5858281373" mappedValue="0"/>
<mapEntry mapKey="uu-Twoway-ANOVA-841-nl-qti_372798308_section_1_item_1_schoice_4_1820808833" mappedValue="0"/>
</mapping>
</responseDeclaration>
<outcomeDeclaration identifier="SCORE" cardinality="single" baseType="float" normalMaximum="1" normalMinimum="0">
<defaultValue>
<value>0.0</value>
</defaultValue>
</outcomeDeclaration>
<outcomeDeclaration identifier="MAXSCORE" cardinality="single" baseType="float">
<defaultValue>
<value>1</value>
</defaultValue>
</outcomeDeclaration>
<outcomeDeclaration identifier="FEEDBACKBASIC" cardinality="single" baseType="identifier" view="testConstructor">
<defaultValue>
<value>empty</value>
</defaultValue>
</outcomeDeclaration>
<outcomeDeclaration identifier="FEEDBACKMODAL" cardinality="multiple" baseType="identifier" view="testConstructor"/>
<outcomeDeclaration identifier="SOLUTIONMODAL" cardinality="single" baseType="identifier" view="testConstructor"/>
<outcomeDeclaration identifier="MINSCORE" cardinality="single" baseType="float">
<defaultValue>
<value baseType="float">0</value>
</defaultValue>
</outcomeDeclaration>
<outcomeDeclaration identifier="SCORE_RESPONSE_1" cardinality="single" baseType="float">
<defaultValue>
<value>0.0</value>
</defaultValue>
</outcomeDeclaration>
<outcomeDeclaration identifier="MINSCORE_RESPONSE_1" cardinality="single" baseType="float">
<defaultValue>
<value>0.0</value>
</defaultValue>
</outcomeDeclaration>
<itemBody>
<p>In elke groep van het onderzoek naar “de mate van seksueel voorgelicht zijn door ouders” wordt een vragenlijst ingevuld over seksualiteit en promiscuïteit. Wanneer we de gemiddelde promiscuïteitsscores willen vergelijken tussen jongens en meisjes en tussen niet en wel voorgelichte jongeren, welke analysetechniek moeten we dan gebruiken?</p>
<choiceInteraction responseIdentifier="uu-Twoway-ANOVA-841-nl-qti_372798308_section_1_item_1_schoice_RESPONSE_1_5474251" shuffle="false" maxChoices="1">
<simpleChoice identifier="uu-Twoway-ANOVA-841-nl-qti_372798308_section_1_item_1_schoice_1_7842408917">
<p>
 Punt-biseriële correlatie
</p>
</simpleChoice>
<simpleChoice identifier="uu-Twoway-ANOVA-841-nl-qti_372798308_section_1_item_1_schoice_2_2663138801">
<p>
 ANOVA
</p>
</simpleChoice>
<simpleChoice identifier="uu-Twoway-ANOVA-841-nl-qti_372798308_section_1_item_1_schoice_3_5858281373">
<p>
 tweeweg ANOVA
</p>
</simpleChoice>
<simpleChoice identifier="uu-Twoway-ANOVA-841-nl-qti_372798308_section_1_item_1_schoice_4_1820808833">
<p>
 Chi-kwadraat test of independence
</p>
</simpleChoice>
</choiceInteraction>
</itemBody>
<responseProcessing>
<setOutcomeValue identifier="SCORE_RESPONSE_1">
<sum>
<variable identifier="SCORE_RESPONSE_1"/>
<mapResponse identifier="uu-Twoway-ANOVA-841-nl-qti_372798308_section_1_item_1_schoice_RESPONSE_1_5474251"/>
</sum>
</setOutcomeValue>
<responseCondition>
<responseIf>
<lt>
<variable identifier="SCORE_RESPONSE_1"/>
<variable identifier="MINSCORE_RESPONSE_1"/>
</lt>
<setOutcomeValue identifier="SCORE_RESPONSE_1">
<variable identifier="MINSCORE_RESPONSE_1"/>
</setOutcomeValue>
</responseIf>
</responseCondition>
<responseCondition>
<responseIf>
<isNull>
<variable identifier="uu-Twoway-ANOVA-841-nl-qti_372798308_section_1_item_1_schoice_RESPONSE_1_5474251"/>
</isNull>
<setOutcomeValue identifier="SCORE_RESPONSE_1">
<sum>
<variable identifier="SCORE_RESPONSE_1"/>
<baseValue baseType="float">0</baseValue>
</sum>
</setOutcomeValue>
</responseIf>
</responseCondition>
<setOutcomeValue identifier="SCORE">
<sum>
<variable identifier="SCORE_RESPONSE_1"/>
</sum>
</setOutcomeValue>
<responseCondition>
<responseIf>
<lt>
<variable identifier="SCORE"/>
<variable identifier="MINSCORE"/>
</lt>
<setOutcomeValue identifier="SCORE">
<variable identifier="MINSCORE"/>
</setOutcomeValue>
</responseIf>
</responseCondition>
<responseCondition>
<responseIf>
<lt>
<variable identifier="SCORE"/>
<baseValue baseType="float">1</baseValue>
</lt>
<setOutcomeValue identifier="FEEDBACKMODAL">
<multiple>
<variable identifier="FEEDBACKMODAL"/>
<baseValue baseType="identifier">Feedback291122358</baseValue>
</multiple>
</setOutcomeValue>
</responseIf>
</responseCondition>
</responseProcessing>
<modalFeedback identifier="Feedback291122358" outcomeIdentifier="FEEDBACKMODAL" showHide="show">
</modalFeedback>
</assessmentItem>
