<?xml version="1.0" encoding="UTF-8"?>
<assessmentItem xsi:schemaLocation="http://www.imsglobal.org/xsd/imsqti_v2p1 http://www.imsglobal.org/xsd/qti/qtiv2p1/imsqti_v2p1p1.xsd http://www.w3.org/1998/Math/MathML http://www.w3.org/Math/XMLSchema/mathml2/mathml2.xsd" identifier="vufsw-confidenceintervals-0142-nl-ans_182370332_section_1_item_1_schoice" title="Inferential_Statistics_vufsw-confidenceintervals-0142-nl_vufsw-confidenceintervals-0142-nl_schoice_1" adaptive="false" timeDependent="false" xmlns="http://www.imsglobal.org/xsd/imsqti_v2p1" xmlns:xsi="http://www.w3.org/2001/XMLSchema-instance">
<responseDeclaration identifier="vufsw-confidenceintervals-0142-nl-ans_182370332_section_1_item_1_schoice_RESPONSE_1_3620123" cardinality="single" baseType="identifier">
<correctResponse>
<value>vufsw-confidenceintervals-0142-nl-ans_182370332_section_1_item_1_schoice_2_8241592475</value>
</correctResponse>
<mapping defaultValue="0" lowerBound="0.0">
<mapEntry mapKey="vufsw-confidenceintervals-0142-nl-ans_182370332_section_1_item_1_schoice_1_4654594866" mappedValue="0"/>
<mapEntry mapKey="vufsw-confidenceintervals-0142-nl-ans_182370332_section_1_item_1_schoice_2_8241592475" mappedValue="1"/>
<mapEntry mapKey="vufsw-confidenceintervals-0142-nl-ans_182370332_section_1_item_1_schoice_3_7497710249" mappedValue="0"/>
<mapEntry mapKey="vufsw-confidenceintervals-0142-nl-ans_182370332_section_1_item_1_schoice_4_1118153038" mappedValue="0"/>
<mapEntry mapKey="vufsw-confidenceintervals-0142-nl-ans_182370332_section_1_item_1_schoice_5_1910876179" mappedValue="0"/>
<mapEntry mapKey="vufsw-confidenceintervals-0142-nl-ans_182370332_section_1_item_1_schoice_6_4937124552" mappedValue="0"/>
</mapping>
</responseDeclaration>
<outcomeDeclaration identifier="SCORE" cardinality="single" baseType="float" normalMaximum="1" normalMinimum="0">
<defaultValue>
<value>0.0</value>
</defaultValue>
</outcomeDeclaration>
<outcomeDeclaration identifier="MAXSCORE" cardinality="single" baseType="float">
<defaultValue>
<value>1</value>
</defaultValue>
</outcomeDeclaration>
<outcomeDeclaration identifier="FEEDBACKBASIC" cardinality="single" baseType="identifier" view="testConstructor">
<defaultValue>
<value>empty</value>
</defaultValue>
</outcomeDeclaration>
<outcomeDeclaration identifier="FEEDBACKMODAL" cardinality="multiple" baseType="identifier" view="testConstructor"/>
<outcomeDeclaration identifier="SOLUTIONMODAL" cardinality="single" baseType="identifier" view="testConstructor"/>
<outcomeDeclaration identifier="MINSCORE" cardinality="single" baseType="float">
<defaultValue>
<value baseType="float">0</value>
</defaultValue>
</outcomeDeclaration>
<outcomeDeclaration identifier="SCORE_RESPONSE_1" cardinality="single" baseType="float">
<defaultValue>
<value>0.0</value>
</defaultValue>
</outcomeDeclaration>
<outcomeDeclaration identifier="MINSCORE_RESPONSE_1" cardinality="single" baseType="float">
<defaultValue>
<value>0.0</value>
</defaultValue>
</outcomeDeclaration>
<itemBody>
<p>Stel, een onderzoeker heeft bij 102 werknemers van een groot bedrijf een
vragenlijst afgenomen die in kaart bracht hoe zij hun leidinggevende
beoordelen. De scores liggen tussen 0 (zeer negatief) en 5 (zeer
positief). Er wordt getoetst of mensen met een vast contract [groep 2;
n=51] hun leidinggevende positiever beoordelen dan mensen met een
tijdelijk contract [groep 1; n=51]. Hij berekent het 95%
betrouwbaarheidsinterval van het verschil in gemiddeldes,
µ<sub>1</sub> - µ<sub>2</sub>. Dit interval blijkt [–0,03; 0,08] te
zijn.</p>
<p>Verschillen de gemiddelde beoordelingen van de twee groepen significant
van elkaar? We toetsen hierbij tweezijdig en hanteren een
significantieniveau van 5%. En waaruit valt deze conclusie af te leiden?</p>
<choiceInteraction responseIdentifier="vufsw-confidenceintervals-0142-nl-ans_182370332_section_1_item_1_schoice_RESPONSE_1_3620123" shuffle="false" maxChoices="1">
<simpleChoice identifier="vufsw-confidenceintervals-0142-nl-ans_182370332_section_1_item_1_schoice_1_4654594866">
<p>
 Nee, want het getal 0,025 ligt binnen het interval.
</p>
</simpleChoice>
<simpleChoice identifier="vufsw-confidenceintervals-0142-nl-ans_182370332_section_1_item_1_schoice_2_8241592475">
<p>
 Nee, want het getal 0,00 ligt binnen het interval.
</p>
</simpleChoice>
<simpleChoice identifier="vufsw-confidenceintervals-0142-nl-ans_182370332_section_1_item_1_schoice_3_7497710249">
<p>
 Ja, want het getal 0,025 ligt binnen het interval.
</p>
</simpleChoice>
<simpleChoice identifier="vufsw-confidenceintervals-0142-nl-ans_182370332_section_1_item_1_schoice_4_1118153038">
<p>
 Ja, want het getal 0,00 ligt binnen het interval.
</p>
</simpleChoice>
<simpleChoice identifier="vufsw-confidenceintervals-0142-nl-ans_182370332_section_1_item_1_schoice_5_1910876179">
<p>
 Nee, want het getal 0,05 ligt binnen het interval.
</p>
</simpleChoice>
<simpleChoice identifier="vufsw-confidenceintervals-0142-nl-ans_182370332_section_1_item_1_schoice_6_4937124552">
<p>
 Ja, want het getal 0,05 ligt binnen het interval.
</p>
</simpleChoice>
</choiceInteraction>
</itemBody>
<responseProcessing>
<setOutcomeValue identifier="SCORE_RESPONSE_1">
<sum>
<variable identifier="SCORE_RESPONSE_1"/>
<mapResponse identifier="vufsw-confidenceintervals-0142-nl-ans_182370332_section_1_item_1_schoice_RESPONSE_1_3620123"/>
</sum>
</setOutcomeValue>
<responseCondition>
<responseIf>
<lt>
<variable identifier="SCORE_RESPONSE_1"/>
<variable identifier="MINSCORE_RESPONSE_1"/>
</lt>
<setOutcomeValue identifier="SCORE_RESPONSE_1">
<variable identifier="MINSCORE_RESPONSE_1"/>
</setOutcomeValue>
</responseIf>
</responseCondition>
<responseCondition>
<responseIf>
<isNull>
<variable identifier="vufsw-confidenceintervals-0142-nl-ans_182370332_section_1_item_1_schoice_RESPONSE_1_3620123"/>
</isNull>
<setOutcomeValue identifier="SCORE_RESPONSE_1">
<sum>
<variable identifier="SCORE_RESPONSE_1"/>
<baseValue baseType="float">0</baseValue>
</sum>
</setOutcomeValue>
</responseIf>
</responseCondition>
<setOutcomeValue identifier="SCORE">
<sum>
<variable identifier="SCORE_RESPONSE_1"/>
</sum>
</setOutcomeValue>
<responseCondition>
<responseIf>
<lt>
<variable identifier="SCORE"/>
<variable identifier="MINSCORE"/>
</lt>
<setOutcomeValue identifier="SCORE">
<variable identifier="MINSCORE"/>
</setOutcomeValue>
</responseIf>
</responseCondition>
<responseCondition>
<responseIf>
<lt>
<variable identifier="SCORE"/>
<baseValue baseType="float">1</baseValue>
</lt>
<setOutcomeValue identifier="FEEDBACKMODAL">
<multiple>
<variable identifier="FEEDBACKMODAL"/>
<baseValue baseType="identifier">Feedback788567317</baseValue>
</multiple>
</setOutcomeValue>
</responseIf>
</responseCondition>
</responseProcessing>
<modalFeedback outcomeIdentifier="FEEDBACK" showHide="show" identifier="incorrect">
<ul>
<li> Nee, want het getal 0,025 ligt binnen het interval. <br /> False </li>
<li> Nee, want het getal 0,00 ligt binnen het interval. <br /> True </li>
<li> Ja, want het getal 0,025 ligt binnen het interval. <br /> False </li>
<li> Ja, want het getal 0,00 ligt binnen het interval. <br /> False </li>
<li> Nee, want het getal 0,05 ligt binnen het interval. <br /> False </li>
<li> Ja, want het getal 0,05 ligt binnen het interval. <br /> False </li>
</ul>
</modalFeedback>
</assessmentItem>
