<?xml version="1.0" encoding="UTF-8"?>
<assessmentItem xsi:schemaLocation="http://www.imsglobal.org/xsd/imsqti_v2p1 http://www.imsglobal.org/xsd/qti/qtiv2p1/imsqti_v2p1p1.xsd http://www.w3.org/1998/Math/MathML http://www.w3.org/Math/XMLSchema/mathml2/mathml2.xsd" identifier="vufsw-moderation-2048-nl-qti_500299110_section_1_item_1_schoice" title="1" adaptive="false" timeDependent="false" xmlns="http://www.imsglobal.org/xsd/imsqti_v2p1" xmlns:xsi="http://www.w3.org/2001/XMLSchema-instance">
<responseDeclaration identifier="vufsw-moderation-2048-nl-qti_500299110_section_1_item_1_schoice_RESPONSE_1_2822546" cardinality="single" baseType="identifier">
<correctResponse>
<value>vufsw-moderation-2048-nl-qti_500299110_section_1_item_1_schoice_4_5284539810</value>
</correctResponse>
<mapping defaultValue="0" lowerBound="0.0">
<mapEntry mapKey="vufsw-moderation-2048-nl-qti_500299110_section_1_item_1_schoice_1_3227387153" mappedValue="0"/>
<mapEntry mapKey="vufsw-moderation-2048-nl-qti_500299110_section_1_item_1_schoice_2_6175266974" mappedValue="0"/>
<mapEntry mapKey="vufsw-moderation-2048-nl-qti_500299110_section_1_item_1_schoice_3_9533297057" mappedValue="0"/>
<mapEntry mapKey="vufsw-moderation-2048-nl-qti_500299110_section_1_item_1_schoice_4_5284539810" mappedValue="1"/>
</mapping>
</responseDeclaration>
<outcomeDeclaration identifier="SCORE" cardinality="single" baseType="float" normalMaximum="1" normalMinimum="0">
<defaultValue>
<value>0.0</value>
</defaultValue>
</outcomeDeclaration>
<outcomeDeclaration identifier="MAXSCORE" cardinality="single" baseType="float">
<defaultValue>
<value>1</value>
</defaultValue>
</outcomeDeclaration>
<outcomeDeclaration identifier="FEEDBACKBASIC" cardinality="single" baseType="identifier" view="testConstructor">
<defaultValue>
<value>empty</value>
</defaultValue>
</outcomeDeclaration>
<outcomeDeclaration identifier="FEEDBACKMODAL" cardinality="multiple" baseType="identifier" view="testConstructor"/>
<outcomeDeclaration identifier="MINSCORE" cardinality="single" baseType="float">
<defaultValue>
<value baseType="float">0</value>
</defaultValue>
</outcomeDeclaration>
<outcomeDeclaration identifier="SCORE_RESPONSE_1" cardinality="single" baseType="float">
<defaultValue>
<value>0.0</value>
</defaultValue>
</outcomeDeclaration>
<outcomeDeclaration identifier="MINSCORE_RESPONSE_1" cardinality="single" baseType="float">
<defaultValue>
<value>0.0</value>
</defaultValue>
</outcomeDeclaration>
<itemBody>
<p>We analyseren data die afkomstig zijn van scholieren van het voortgezet
onderwijs uit de Jongeren &amp; Cultuurdata (Ganzeboom &amp; Nagel, 1998-2002).
Voor dit databestand zijn ruim 3000 jongeren ondervraagd in de leeftijd
van grofweg 14 tot 17 jaar.  </p>
<p>In onderstaande regressieanalyse is de participatie in populaire cultuur
de afhankelijke variabele (pjcul: 1-100, van weinig naar veel
participatie) en zijn de onafhankelijke variabelen sekse (vrouw: 0-1, 0=
jongen, 1 = meisje) en moeders cultuurparticipatie (pmcul: 0-1, van
minst naar meest cultureel actief). Er is in model 2 bovendien een
interactie toegevoegd tussen sekse en moeders cultuurparticipatie
(vrouw_pmcul).</p>
<p><img src="Schermafbeelding__2019-01-30__om__14.57.21.png"
class="fr-fic fr-dii tvcss_2"
alt="Schermafbeelding 2019-01-30 om 14.57.21" /></p>
<p>Hoe groot is volgens model 2 in de steekproef het verschil in
participatie in populaire cultuur tussen meisjes met een zeer weinig en
meisjes met een zeer cultureel actieve moeder?</p>
<choiceInteraction responseIdentifier="vufsw-moderation-2048-nl-qti_500299110_section_1_item_1_schoice_RESPONSE_1_2822546" shuffle="false" maxChoices="1">
<simpleChoice identifier="vufsw-moderation-2048-nl-qti_500299110_section_1_item_1_schoice_1_3227387153">
<p>
 26.044
</p>
</simpleChoice>
<simpleChoice identifier="vufsw-moderation-2048-nl-qti_500299110_section_1_item_1_schoice_2_6175266974">
<p>
 1.831
</p>
</simpleChoice>
<simpleChoice identifier="vufsw-moderation-2048-nl-qti_500299110_section_1_item_1_schoice_3_9533297057">
<p>
 2.888
</p>
</simpleChoice>
<simpleChoice identifier="vufsw-moderation-2048-nl-qti_500299110_section_1_item_1_schoice_4_5284539810">
<p>
 24.213
</p>
</simpleChoice>
</choiceInteraction>
</itemBody>
<responseProcessing>
<responseCondition>
<responseIf>
<isNull>
<variable identifier="vufsw-moderation-2048-nl-qti_500299110_section_1_item_1_schoice_RESPONSE_1_2822546"/>
</isNull>
<setOutcomeValue identifier="SCORE_RESPONSE_1">
<sum>
<variable identifier="SCORE_RESPONSE_1"/>
<baseValue baseType="float">0</baseValue>
</sum>
</setOutcomeValue>
</responseIf>
</responseCondition>
<setOutcomeValue identifier="SCORE_RESPONSE_1">
<sum>
<variable identifier="SCORE_RESPONSE_1"/>
<mapResponse identifier="vufsw-moderation-2048-nl-qti_500299110_section_1_item_1_schoice_RESPONSE_1_2822546"/>
</sum>
</setOutcomeValue>
<responseCondition>
<responseIf>
<lt>
<variable identifier="SCORE_RESPONSE_1"/>
<variable identifier="MINSCORE_RESPONSE_1"/>
</lt>
<setOutcomeValue identifier="SCORE_RESPONSE_1">
<variable identifier="MINSCORE_RESPONSE_1"/>
</setOutcomeValue>
</responseIf>
</responseCondition>
<setOutcomeValue identifier="SCORE">
<sum>
<variable identifier="SCORE_RESPONSE_1"/>
</sum>
</setOutcomeValue>
<responseCondition>
<responseIf>
<lt>
<variable identifier="SCORE"/>
<variable identifier="MINSCORE"/>
</lt>
<setOutcomeValue identifier="SCORE">
<variable identifier="MINSCORE"/>
</setOutcomeValue>
</responseIf>
</responseCondition>
<responseCondition>
<responseIf>
<lt>
<variable identifier="SCORE"/>
<baseValue baseType="float">1</baseValue>
</lt>
<setOutcomeValue identifier="FEEDBACKMODAL">
<multiple>
<variable identifier="FEEDBACKMODAL"/>
<baseValue baseType="identifier">Feedback513803837</baseValue>
</multiple>
</setOutcomeValue>
</responseIf>
</responseCondition>
</responseProcessing>
<modalFeedback identifier="Feedback513803837" outcomeIdentifier="FEEDBACKMODAL" showHide="show">
 26.044 <br /> False 
 1.831 <br /> False 
 2.888 <br /> False 
 24.213 <br /> True 
</modalFeedback>
</assessmentItem>
