<?xml version="1.0" encoding="UTF-8"?>
<assessmentItem xsi:schemaLocation="http://www.imsglobal.org/xsd/imsqti_v2p1 http://www.imsglobal.org/xsd/qti/qtiv2p1/imsqti_v2p1p1.xsd http://www.w3.org/1998/Math/MathML http://www.w3.org/Math/XMLSchema/mathml2/mathml2.xsd" identifier="uu-z-score-801-nl_192107816_section_1_item_1_schoice" title="1" adaptive="false" timeDependent="false" xmlns="http://www.imsglobal.org/xsd/imsqti_v2p1" xmlns:xsi="http://www.w3.org/2001/XMLSchema-instance">
<responseDeclaration identifier="uu-z-score-801-nl_192107816_section_1_item_1_schoice_RESPONSE_1_4832724" cardinality="single" baseType="identifier">
<correctResponse>
<value>uu-z-score-801-nl_192107816_section_1_item_1_schoice_2_1372990221</value>
</correctResponse>
<mapping defaultValue="0" lowerBound="0.0">
<mapEntry mapKey="uu-z-score-801-nl_192107816_section_1_item_1_schoice_1_1832974483" mappedValue="0"/>
<mapEntry mapKey="uu-z-score-801-nl_192107816_section_1_item_1_schoice_2_1372990221" mappedValue="1"/>
<mapEntry mapKey="uu-z-score-801-nl_192107816_section_1_item_1_schoice_3_5010192605" mappedValue="0"/>
<mapEntry mapKey="uu-z-score-801-nl_192107816_section_1_item_1_schoice_4_1924561326" mappedValue="0"/>
</mapping>
</responseDeclaration>
<outcomeDeclaration identifier="SCORE" cardinality="single" baseType="float" normalMaximum="1" normalMinimum="0">
<defaultValue>
<value>0.0</value>
</defaultValue>
</outcomeDeclaration>
<outcomeDeclaration identifier="MAXSCORE" cardinality="single" baseType="float">
<defaultValue>
<value>1</value>
</defaultValue>
</outcomeDeclaration>
<outcomeDeclaration identifier="FEEDBACKBASIC" cardinality="single" baseType="identifier" view="testConstructor">
<defaultValue>
<value>empty</value>
</defaultValue>
</outcomeDeclaration>
<outcomeDeclaration identifier="FEEDBACKMODAL" cardinality="multiple" baseType="identifier" view="testConstructor"/>
<outcomeDeclaration identifier="MINSCORE" cardinality="single" baseType="float">
<defaultValue>
<value baseType="float">0</value>
</defaultValue>
</outcomeDeclaration>
<outcomeDeclaration identifier="SCORE_RESPONSE_1" cardinality="single" baseType="float">
<defaultValue>
<value>0.0</value>
</defaultValue>
</outcomeDeclaration>
<outcomeDeclaration identifier="MINSCORE_RESPONSE_1" cardinality="single" baseType="float">
<defaultValue>
<value>0.0</value>
</defaultValue>
</outcomeDeclaration>
<itemBody>
<p>Men wil weten of mannen en vrouwen verschillen in hun waardering voor een bepaalde reclamecampagne (gemeten op een schaal van 0-10). Daarnaast zijn de onderzoekers ook geïnteresseerd in het effect van opleidingsniveau (gemeten met: MBO of lager, HBO, WO), dus dat wordt ook meegenomen in de analyse.</p>
<p>Welke analysetechniek is het meest geschikt voor dit onderzoek?</p>
<choiceInteraction responseIdentifier="uu-z-score-801-nl_192107816_section_1_item_1_schoice_RESPONSE_1_4832724" shuffle="false" maxChoices="1">
<simpleChoice identifier="uu-z-score-801-nl_192107816_section_1_item_1_schoice_1_1832974483">
<p>
a. MANCOVA
</p>
</simpleChoice>
<simpleChoice identifier="uu-z-score-801-nl_192107816_section_1_item_1_schoice_2_1372990221">
<p>
b. ANOVA
</p>
</simpleChoice>
<simpleChoice identifier="uu-z-score-801-nl_192107816_section_1_item_1_schoice_3_5010192605">
<p>
c. ANCOVA
</p>
</simpleChoice>
<simpleChoice identifier="uu-z-score-801-nl_192107816_section_1_item_1_schoice_4_1924561326">
<p>
d. mixed design
</p>
</simpleChoice>
</choiceInteraction>
</itemBody>
<responseProcessing>
<responseCondition>
<responseIf>
<isNull>
<variable identifier="uu-z-score-801-nl_192107816_section_1_item_1_schoice_RESPONSE_1_4832724"/>
</isNull>
<setOutcomeValue identifier="SCORE_RESPONSE_1">
<sum>
<variable identifier="SCORE_RESPONSE_1"/>
<baseValue baseType="float">0</baseValue>
</sum>
</setOutcomeValue>
</responseIf>
</responseCondition>
<setOutcomeValue identifier="SCORE_RESPONSE_1">
<sum>
<variable identifier="SCORE_RESPONSE_1"/>
<mapResponse identifier="uu-z-score-801-nl_192107816_section_1_item_1_schoice_RESPONSE_1_4832724"/>
</sum>
</setOutcomeValue>
<responseCondition>
<responseIf>
<lt>
<variable identifier="SCORE_RESPONSE_1"/>
<variable identifier="MINSCORE_RESPONSE_1"/>
</lt>
<setOutcomeValue identifier="SCORE_RESPONSE_1">
<variable identifier="MINSCORE_RESPONSE_1"/>
</setOutcomeValue>
</responseIf>
</responseCondition>
<setOutcomeValue identifier="SCORE">
<sum>
<variable identifier="SCORE_RESPONSE_1"/>
</sum>
</setOutcomeValue>
<responseCondition>
<responseIf>
<lt>
<variable identifier="SCORE"/>
<variable identifier="MINSCORE"/>
</lt>
<setOutcomeValue identifier="SCORE">
<variable identifier="MINSCORE"/>
</setOutcomeValue>
</responseIf>
</responseCondition>
<responseCondition>
<responseIf>
<lt>
<variable identifier="SCORE"/>
<baseValue baseType="float">1</baseValue>
</lt>
<setOutcomeValue identifier="FEEDBACKMODAL">
<multiple>
<variable identifier="FEEDBACKMODAL"/>
<baseValue baseType="identifier">Feedback114481001</baseValue>
</multiple>
</setOutcomeValue>
</responseIf>
</responseCondition>
</responseProcessing>
<modalFeedback identifier="Feedback114481001" outcomeIdentifier="FEEDBACKMODAL" showHide="show">
</modalFeedback>
</assessmentItem>
