<?xml version="1.0" encoding="utf-8" standalone="yes"?>
<assessmentItem identifier="vufgb-twowayanova-011-nl-tv_202307180607_item_1_schoice" title="vufgb-twowayanova-011-nl-tv_202307180607_item_1_schoice_vufgb-twowayanova-011-nl" adaptive="false" timeDependent="false" toolName="Testvision Online" toolVersion="39.0.9084" xmlns="http://www.imsglobal.org/xsd/imsqti_v2p1">
<responseDeclaration identifier="RESPONSE" cardinality="single" baseType="identifier">
<correctResponse>
<value>alt_963980</value>
</correctResponse>
<mapping defaultValue="0" lowerBound="0.0">
<mapEntry mapKey="alt_187054" mappedValue="-0.333333333333333"/>
<mapEntry mapKey="alt_963980" mappedValue="1"/>
<mapEntry mapKey="alt_600756" mappedValue="-0.333333333333333"/>
<mapEntry mapKey="alt_854480" mappedValue="-0.333333333333333"/>
</mapping>
</responseDeclaration>
<outcomeDeclaration identifier="SCORE" cardinality="single" baseType="float" normalMaximum="1" normalMinimum="0" />
<outcomeDeclaration identifier="FEEDBACK" cardinality="single" baseType="identifier" />
<itemBody>
<p>Gegeven is een tweewegs ANOVA voor Factor A met 3 groepen en factor B met 4 groepen. Bereken het aantal vrijheidsgraden dat hoort bij de kwadratensom (‘Sum of Squares’) voor het interactie-effect.</p>
<choiceInteraction responseIdentifier="RESPONSE" shuffle="false" maxChoices="1">
<simpleChoice identifier="alt_187054">
<div class="textblock tvblock tvcss_1"><div class="rte_zone tveditor1">
 12
</div>
</div>
</simpleChoice>
<simpleChoice identifier="alt_963980">
<div class="textblock tvblock tvcss_1"><div class="rte_zone tveditor1">
 6
</div>
</div>
</simpleChoice>
<simpleChoice identifier="alt_600756">
<div class="textblock tvblock tvcss_1"><div class="rte_zone tveditor1">
 7
</div>
</div>
</simpleChoice>
<simpleChoice identifier="alt_854480">
<div class="textblock tvblock tvcss_1"><div class="rte_zone tveditor1">
 11
</div>
</div>
</simpleChoice>
</choiceInteraction>
</itemBody>
<responseProcessing>
<responseCondition>
<responseIf>
<isNull>
<variable identifier="RESPONSE"/>
</isNull>
<setOutcomeValue identifier="SCORE">
<baseValue baseType="float">0.0</baseValue>
</setOutcomeValue>
<setOutcomeValue identifier="FEEDBACK">
<baseValue baseType="identifier">FAILURE</baseValue>
</setOutcomeValue>
</responseIf>
<responseElse>
<setOutcomeValue identifier="SCORE">
<mapResponse identifier="RESPONSE"/>
</setOutcomeValue>
<responseCondition>
<responseIf>
<equal toleranceMode="relative" tolerance="0.001">
<variable identifier="SCORE"/>
<variable identifier="MAXSCORE"/>
</equal>
<setOutcomeValue identifier="FEEDBACK">
<baseValue baseType="identifier">ANSWER_CORRECT</baseValue>
</setOutcomeValue>
</responseIf>
<responseElse>
<setOutcomeValue identifier="FEEDBACK">
<baseValue baseType="identifier">FAILURE</baseValue>
</setOutcomeValue>
</responseElse>
</responseCondition>
</responseElse>
</responseCondition>
</responseProcessing>
<modalFeedback identifier="FAILURE" outcomeIdentifier="FEEDBACK" showHide="show">
<div class="textblock tvblock tvcss_1"><div class="rte_zone tveditor1">
 12 <br /> Incorrect 
 6 <br /> Correct 
 7 <br /> Incorrect 
 11 <br /> Incorrect 
</div>
</div>
</modalFeedback>
<modalFeedback identifier="ANSWER_CORRECT" outcomeIdentifier="FEEDBACK" showHide="show">
<div class="textblock tvblock tvcss_1"><div class="rte_zone tveditor1">
 12 <br /> Incorrect 
 6 <br /> Correct 
 7 <br /> Incorrect 
 11 <br /> Incorrect 
</div>
</div>
</modalFeedback>
<modalFeedback identifier="PARTIAL_CORRECT" outcomeIdentifier="FEEDBACK" showHide="show">
<div class="textblock tvblock tvcss_1"><div class="rte_zone tveditor1">
 12 <br /> Incorrect 
 6 <br /> Correct 
 7 <br /> Incorrect 
 11 <br /> Incorrect 
</div>
</div>
</modalFeedback>
</assessmentItem>
