<?xml version="1.0" encoding="UTF-8"?>
<assessmentItem xsi:schemaLocation="http://www.imsglobal.org/xsd/imsqti_v2p1 http://www.imsglobal.org/xsd/qti/qtiv2p1/imsqti_v2p1p1.xsd http://www.w3.org/1998/Math/MathML http://www.w3.org/Math/XMLSchema/mathml2/mathml2.xsd" identifier="vufgb-oddsratio-014-nl-qti_707316930_section_1_item_1_schoice" title="1" adaptive="false" timeDependent="false" xmlns="http://www.imsglobal.org/xsd/imsqti_v2p1" xmlns:xsi="http://www.w3.org/2001/XMLSchema-instance">
<responseDeclaration identifier="vufgb-oddsratio-014-nl-qti_707316930_section_1_item_1_schoice_RESPONSE_1_1714682" cardinality="single" baseType="identifier">
<correctResponse>
<value>vufgb-oddsratio-014-nl-qti_707316930_section_1_item_1_schoice_1_9588483667</value>
</correctResponse>
<mapping defaultValue="0" lowerBound="0.0">
<mapEntry mapKey="vufgb-oddsratio-014-nl-qti_707316930_section_1_item_1_schoice_1_9588483667" mappedValue="1"/>
<mapEntry mapKey="vufgb-oddsratio-014-nl-qti_707316930_section_1_item_1_schoice_2_4281373100" mappedValue="0"/>
<mapEntry mapKey="vufgb-oddsratio-014-nl-qti_707316930_section_1_item_1_schoice_3_8313487818" mappedValue="0"/>
<mapEntry mapKey="vufgb-oddsratio-014-nl-qti_707316930_section_1_item_1_schoice_4_5648999694" mappedValue="0"/>
</mapping>
</responseDeclaration>
<outcomeDeclaration identifier="SCORE" cardinality="single" baseType="float" normalMaximum="1" normalMinimum="0">
<defaultValue>
<value>0.0</value>
</defaultValue>
</outcomeDeclaration>
<outcomeDeclaration identifier="MAXSCORE" cardinality="single" baseType="float">
<defaultValue>
<value>1</value>
</defaultValue>
</outcomeDeclaration>
<outcomeDeclaration identifier="FEEDBACKBASIC" cardinality="single" baseType="identifier" view="testConstructor">
<defaultValue>
<value>empty</value>
</defaultValue>
</outcomeDeclaration>
<outcomeDeclaration identifier="FEEDBACKMODAL" cardinality="multiple" baseType="identifier" view="testConstructor"/>
<outcomeDeclaration identifier="MINSCORE" cardinality="single" baseType="float">
<defaultValue>
<value baseType="float">0</value>
</defaultValue>
</outcomeDeclaration>
<outcomeDeclaration identifier="SCORE_RESPONSE_1" cardinality="single" baseType="float">
<defaultValue>
<value>0.0</value>
</defaultValue>
</outcomeDeclaration>
<outcomeDeclaration identifier="MINSCORE_RESPONSE_1" cardinality="single" baseType="float">
<defaultValue>
<value>0.0</value>
</defaultValue>
</outcomeDeclaration>
<itemBody>
<p>Met een ordinale logistische regressie wordt het verband onderzocht tussen grootte van de schuld (<em>X</em>, in duizenden euro’s) en de mate waarin gezinnen openstaan voor hulp van instanties (<em>Y</em>, 0=‘staat er niet voor open’, 1=‘staat er een beetje voor open’, 2=‘staat er sterk voor open’). Een odds ratio van 0.85 wordt gevonden, met een 95% betrouwbaarheidsinterval van 0.65-1.05.</p>
<p>Wat is de juiste interpretatie van de resultaten?</p>
<choiceInteraction responseIdentifier="vufgb-oddsratio-014-nl-qti_707316930_section_1_item_1_schoice_RESPONSE_1_1714682" shuffle="false" maxChoices="1">
<simpleChoice identifier="vufgb-oddsratio-014-nl-qti_707316930_section_1_item_1_schoice_1_9588483667">
<p>
a. Er is geen significant verband tussen grootte van de schuld en openstaan voor hulp.
</p>
</simpleChoice>
<simpleChoice identifier="vufgb-oddsratio-014-nl-qti_707316930_section_1_item_1_schoice_2_4281373100">
<p>
b. Het verband tussen grootte van de schuld en openstaan voor hulp is significant en negatief.
</p>
</simpleChoice>
<simpleChoice identifier="vufgb-oddsratio-014-nl-qti_707316930_section_1_item_1_schoice_3_8313487818">
<p>
c. Het verband tussen grootte van de schuld en openstaan voor hulp is significant en positief.
</p>
</simpleChoice>
<simpleChoice identifier="vufgb-oddsratio-014-nl-qti_707316930_section_1_item_1_schoice_4_5648999694">
<p>
d. Het verband tussen grootte van de schuld en openstaan voor hulp is een foutpositief.
</p>
</simpleChoice>
</choiceInteraction>
</itemBody>
<responseProcessing>
<responseCondition>
<responseIf>
<isNull>
<variable identifier="vufgb-oddsratio-014-nl-qti_707316930_section_1_item_1_schoice_RESPONSE_1_1714682"/>
</isNull>
<setOutcomeValue identifier="SCORE_RESPONSE_1">
<sum>
<variable identifier="SCORE_RESPONSE_1"/>
<baseValue baseType="float">0</baseValue>
</sum>
</setOutcomeValue>
</responseIf>
</responseCondition>
<setOutcomeValue identifier="SCORE_RESPONSE_1">
<sum>
<variable identifier="SCORE_RESPONSE_1"/>
<mapResponse identifier="vufgb-oddsratio-014-nl-qti_707316930_section_1_item_1_schoice_RESPONSE_1_1714682"/>
</sum>
</setOutcomeValue>
<responseCondition>
<responseIf>
<lt>
<variable identifier="SCORE_RESPONSE_1"/>
<variable identifier="MINSCORE_RESPONSE_1"/>
</lt>
<setOutcomeValue identifier="SCORE_RESPONSE_1">
<variable identifier="MINSCORE_RESPONSE_1"/>
</setOutcomeValue>
</responseIf>
</responseCondition>
<setOutcomeValue identifier="SCORE">
<sum>
<variable identifier="SCORE_RESPONSE_1"/>
</sum>
</setOutcomeValue>
<responseCondition>
<responseIf>
<lt>
<variable identifier="SCORE"/>
<variable identifier="MINSCORE"/>
</lt>
<setOutcomeValue identifier="SCORE">
<variable identifier="MINSCORE"/>
</setOutcomeValue>
</responseIf>
</responseCondition>
<responseCondition>
<responseIf>
<lt>
<variable identifier="SCORE"/>
<baseValue baseType="float">1</baseValue>
</lt>
<setOutcomeValue identifier="FEEDBACKMODAL">
<multiple>
<variable identifier="FEEDBACKMODAL"/>
<baseValue baseType="identifier">Feedback884290005</baseValue>
</multiple>
</setOutcomeValue>
</responseIf>
</responseCondition>
</responseProcessing>
<modalFeedback identifier="Feedback884290005" outcomeIdentifier="FEEDBACKMODAL" showHide="show">
<ol type = "a">
<li> Er is geen significant verband tussen grootte van de schuld en openstaan voor hulp. <br /> Correct </li>
<li> Het verband tussen grootte van de schuld en openstaan voor hulp is significant en negatief. <br /> Incorrect </li>
<li> Het verband tussen grootte van de schuld en openstaan voor hulp is significant en positief. <br /> Incorrect </li>
<li> Het verband tussen grootte van de schuld en openstaan voor hulp is een foutpositief. <br /> Incorrect </li>
</ol>
</modalFeedback>
</assessmentItem>
