<?xml version="1.0" encoding="UTF-8"?>
<assessmentItem xsi:schemaLocation="http://www.imsglobal.org/xsd/imsqti_v2p1 http://www.imsglobal.org/xsd/qti/qtiv2p1/imsqti_v2p1p1.xsd http://www.w3.org/1998/Math/MathML http://www.w3.org/Math/XMLSchema/mathml2/mathml2.xsd" identifier="vufgb-rsquared-009-en-qti_886065604_section_1_item_1_schoice" title="1" adaptive="false" timeDependent="false" xmlns="http://www.imsglobal.org/xsd/imsqti_v2p1" xmlns:xsi="http://www.w3.org/2001/XMLSchema-instance">
<responseDeclaration identifier="vufgb-rsquared-009-en-qti_886065604_section_1_item_1_schoice_RESPONSE_1_1507864" cardinality="single" baseType="identifier">
<correctResponse>
<value>vufgb-rsquared-009-en-qti_886065604_section_1_item_1_schoice_4_8737709103</value>
</correctResponse>
<mapping defaultValue="0" lowerBound="0.0">
<mapEntry mapKey="vufgb-rsquared-009-en-qti_886065604_section_1_item_1_schoice_1_6173879553" mappedValue="0"/>
<mapEntry mapKey="vufgb-rsquared-009-en-qti_886065604_section_1_item_1_schoice_2_1842565736" mappedValue="0"/>
<mapEntry mapKey="vufgb-rsquared-009-en-qti_886065604_section_1_item_1_schoice_3_2896288974" mappedValue="0"/>
<mapEntry mapKey="vufgb-rsquared-009-en-qti_886065604_section_1_item_1_schoice_4_8737709103" mappedValue="1"/>
</mapping>
</responseDeclaration>
<outcomeDeclaration identifier="SCORE" cardinality="single" baseType="float" normalMaximum="1" normalMinimum="0">
<defaultValue>
<value>0.0</value>
</defaultValue>
</outcomeDeclaration>
<outcomeDeclaration identifier="MAXSCORE" cardinality="single" baseType="float">
<defaultValue>
<value>1</value>
</defaultValue>
</outcomeDeclaration>
<outcomeDeclaration identifier="FEEDBACKBASIC" cardinality="single" baseType="identifier" view="testConstructor">
<defaultValue>
<value>empty</value>
</defaultValue>
</outcomeDeclaration>
<outcomeDeclaration identifier="FEEDBACKMODAL" cardinality="multiple" baseType="identifier" view="testConstructor"/>
<outcomeDeclaration identifier="SOLUTIONMODAL" cardinality="single" baseType="identifier" view="testConstructor"/>
<outcomeDeclaration identifier="MINSCORE" cardinality="single" baseType="float">
<defaultValue>
<value baseType="float">0</value>
</defaultValue>
</outcomeDeclaration>
<outcomeDeclaration identifier="SCORE_RESPONSE_1" cardinality="single" baseType="float">
<defaultValue>
<value>0.0</value>
</defaultValue>
</outcomeDeclaration>
<outcomeDeclaration identifier="MINSCORE_RESPONSE_1" cardinality="single" baseType="float">
<defaultValue>
<value>0.0</value>
</defaultValue>
</outcomeDeclaration>
<itemBody>
<p>When is the proportion of variance explained (<math display="inline" xmlns="http://www.w3.org/1998/Math/MathML"><semantics><msup><mi>R</mi><mn>2</mn></msup><annotation encoding="application/x-tex">R^{2}</annotation></semantics></math>) in a multiple regression analysis equal to 1?</p>
<choiceInteraction responseIdentifier="vufgb-rsquared-009-en-qti_886065604_section_1_item_1_schoice_RESPONSE_1_1507864" shuffle="false" maxChoices="1">
<simpleChoice identifier="vufgb-rsquared-009-en-qti_886065604_section_1_item_1_schoice_1_6173879553">
<p>
 When TSS=1.
</p>
</simpleChoice>
<simpleChoice identifier="vufgb-rsquared-009-en-qti_886065604_section_1_item_1_schoice_2_1842565736">
<p>
 When TSS=0.
</p>
</simpleChoice>
<simpleChoice identifier="vufgb-rsquared-009-en-qti_886065604_section_1_item_1_schoice_3_2896288974">
<p>
 When SSE=1.
</p>
</simpleChoice>
<simpleChoice identifier="vufgb-rsquared-009-en-qti_886065604_section_1_item_1_schoice_4_8737709103">
<p>
 When SSE=0.
</p>
</simpleChoice>
</choiceInteraction>
</itemBody>
<responseProcessing>
<setOutcomeValue identifier="SCORE_RESPONSE_1">
<sum>
<variable identifier="SCORE_RESPONSE_1"/>
<mapResponse identifier="vufgb-rsquared-009-en-qti_886065604_section_1_item_1_schoice_RESPONSE_1_1507864"/>
</sum>
</setOutcomeValue>
<responseCondition>
<responseIf>
<lt>
<variable identifier="SCORE_RESPONSE_1"/>
<variable identifier="MINSCORE_RESPONSE_1"/>
</lt>
<setOutcomeValue identifier="SCORE_RESPONSE_1">
<variable identifier="MINSCORE_RESPONSE_1"/>
</setOutcomeValue>
</responseIf>
</responseCondition>
<responseCondition>
<responseIf>
<isNull>
<variable identifier="vufgb-rsquared-009-en-qti_886065604_section_1_item_1_schoice_RESPONSE_1_1507864"/>
</isNull>
<setOutcomeValue identifier="SCORE_RESPONSE_1">
<sum>
<variable identifier="SCORE_RESPONSE_1"/>
<baseValue baseType="float">0</baseValue>
</sum>
</setOutcomeValue>
</responseIf>
</responseCondition>
<setOutcomeValue identifier="SCORE">
<sum>
<variable identifier="SCORE_RESPONSE_1"/>
</sum>
</setOutcomeValue>
<responseCondition>
<responseIf>
<lt>
<variable identifier="SCORE"/>
<variable identifier="MINSCORE"/>
</lt>
<setOutcomeValue identifier="SCORE">
<variable identifier="MINSCORE"/>
</setOutcomeValue>
</responseIf>
</responseCondition>
<responseCondition>
<responseIf>
<lt>
<variable identifier="SCORE"/>
<baseValue baseType="float">1</baseValue>
</lt>
<setOutcomeValue identifier="FEEDBACKMODAL">
<multiple>
<variable identifier="FEEDBACKMODAL"/>
<baseValue baseType="identifier">Feedback994239230</baseValue>
</multiple>
</setOutcomeValue>
</responseIf>
</responseCondition>
</responseProcessing>
<modalFeedback identifier="Feedback994239230" outcomeIdentifier="FEEDBACKMODAL" showHide="show">
<ul>
<li> When TSS=1. <br /> Incorrect </li>
<li> When TSS=0. <br /> Incorrect </li>
<li> When SSE=1. <br /> Incorrect </li>
<li> When SSE=0. <br /> Correct </li>
</ul>
</modalFeedback>
</assessmentItem>
