<?xml version="1.0" encoding="UTF-8"?>
<assessmentItem xsi:schemaLocation="http://www.imsglobal.org/xsd/imsqti_v2p1 http://www.imsglobal.org/xsd/qti/qtiv2p1/imsqti_v2p1p1.xsd http://www.w3.org/1998/Math/MathML http://www.w3.org/Math/XMLSchema/mathml2/mathml2.xsd" identifier="uu-Oneway_ANOVA-813-nl-ans_157500466_section_1_item_1_schoice" title="Inferential_Statistics_uu-Oneway_ANOVA-813-nl_uu-Oneway_ANOVA-813-nl_schoice_1" adaptive="false" timeDependent="false" xmlns="http://www.imsglobal.org/xsd/imsqti_v2p1" xmlns:xsi="http://www.w3.org/2001/XMLSchema-instance">
<responseDeclaration identifier="uu-Oneway_ANOVA-813-nl-ans_157500466_section_1_item_1_schoice_RESPONSE_1_1452112" cardinality="single" baseType="identifier">
<correctResponse>
<value>uu-Oneway_ANOVA-813-nl-ans_157500466_section_1_item_1_schoice_4_1862477600</value>
</correctResponse>
<mapping defaultValue="0" lowerBound="0.0">
<mapEntry mapKey="uu-Oneway_ANOVA-813-nl-ans_157500466_section_1_item_1_schoice_1_1325205995" mappedValue="0"/>
<mapEntry mapKey="uu-Oneway_ANOVA-813-nl-ans_157500466_section_1_item_1_schoice_2_9318647070" mappedValue="0"/>
<mapEntry mapKey="uu-Oneway_ANOVA-813-nl-ans_157500466_section_1_item_1_schoice_3_3400111875" mappedValue="0"/>
<mapEntry mapKey="uu-Oneway_ANOVA-813-nl-ans_157500466_section_1_item_1_schoice_4_1862477600" mappedValue="1"/>
</mapping>
</responseDeclaration>
<outcomeDeclaration identifier="SCORE" cardinality="single" baseType="float" normalMaximum="1" normalMinimum="0">
<defaultValue>
<value>0.0</value>
</defaultValue>
</outcomeDeclaration>
<outcomeDeclaration identifier="MAXSCORE" cardinality="single" baseType="float">
<defaultValue>
<value>1</value>
</defaultValue>
</outcomeDeclaration>
<outcomeDeclaration identifier="FEEDBACKBASIC" cardinality="single" baseType="identifier" view="testConstructor">
<defaultValue>
<value>empty</value>
</defaultValue>
</outcomeDeclaration>
<outcomeDeclaration identifier="FEEDBACKMODAL" cardinality="multiple" baseType="identifier" view="testConstructor"/>
<outcomeDeclaration identifier="SOLUTIONMODAL" cardinality="single" baseType="identifier" view="testConstructor"/>
<outcomeDeclaration identifier="MINSCORE" cardinality="single" baseType="float">
<defaultValue>
<value baseType="float">0</value>
</defaultValue>
</outcomeDeclaration>
<outcomeDeclaration identifier="SCORE_RESPONSE_1" cardinality="single" baseType="float">
<defaultValue>
<value>0.0</value>
</defaultValue>
</outcomeDeclaration>
<outcomeDeclaration identifier="MINSCORE_RESPONSE_1" cardinality="single" baseType="float">
<defaultValue>
<value>0.0</value>
</defaultValue>
</outcomeDeclaration>
<itemBody>
<p>Op basis van een statistische analyse wordt de conclusie getrokken dat de gemiddelde leeftijd bij het voltrekken van het eerste huwelijk significant (alpha = 5%) verschilt tussen groepen met een verschillende geloofsovertuiging (Moslim, Katholiek, Protestant, Niet gelovig). De resultaten van de post-hoc toetsing staan hieronder.</p>
<p><img src="media/supplements1/uu-Oneway-ANOVA-813-nl-tabel.jpg" /></p>
<p>Welke conclusie is terecht bij toetsing (alpha = 5%) van de paarsgewijze verschillen tussen de groepen?</p>
<choiceInteraction responseIdentifier="uu-Oneway_ANOVA-813-nl-ans_157500466_section_1_item_1_schoice_RESPONSE_1_1452112" shuffle="false" maxChoices="1">
<simpleChoice identifier="uu-Oneway_ANOVA-813-nl-ans_157500466_section_1_item_1_schoice_1_1325205995">
<p>
 De groep Niet gelovigen verschilt significant van de groep Protestanten.
</p>
</simpleChoice>
<simpleChoice identifier="uu-Oneway_ANOVA-813-nl-ans_157500466_section_1_item_1_schoice_2_9318647070">
<p>
 De groep Niet gelovigen verschilt significant van de groep Moslims.
</p>
</simpleChoice>
<simpleChoice identifier="uu-Oneway_ANOVA-813-nl-ans_157500466_section_1_item_1_schoice_3_3400111875">
<p>
 De groep Protestanten verschilt significant van de groep Katholieken.
</p>
</simpleChoice>
<simpleChoice identifier="uu-Oneway_ANOVA-813-nl-ans_157500466_section_1_item_1_schoice_4_1862477600">
<p>
 De groep Protestanten verschilt significant van de groep Moslims.
</p>
</simpleChoice>
</choiceInteraction>
</itemBody>
<responseProcessing>
<setOutcomeValue identifier="SCORE_RESPONSE_1">
<sum>
<variable identifier="SCORE_RESPONSE_1"/>
<mapResponse identifier="uu-Oneway_ANOVA-813-nl-ans_157500466_section_1_item_1_schoice_RESPONSE_1_1452112"/>
</sum>
</setOutcomeValue>
<responseCondition>
<responseIf>
<lt>
<variable identifier="SCORE_RESPONSE_1"/>
<variable identifier="MINSCORE_RESPONSE_1"/>
</lt>
<setOutcomeValue identifier="SCORE_RESPONSE_1">
<variable identifier="MINSCORE_RESPONSE_1"/>
</setOutcomeValue>
</responseIf>
</responseCondition>
<responseCondition>
<responseIf>
<isNull>
<variable identifier="uu-Oneway_ANOVA-813-nl-ans_157500466_section_1_item_1_schoice_RESPONSE_1_1452112"/>
</isNull>
<setOutcomeValue identifier="SCORE_RESPONSE_1">
<sum>
<variable identifier="SCORE_RESPONSE_1"/>
<baseValue baseType="float">0</baseValue>
</sum>
</setOutcomeValue>
</responseIf>
</responseCondition>
<setOutcomeValue identifier="SCORE">
<sum>
<variable identifier="SCORE_RESPONSE_1"/>
</sum>
</setOutcomeValue>
<responseCondition>
<responseIf>
<lt>
<variable identifier="SCORE"/>
<variable identifier="MINSCORE"/>
</lt>
<setOutcomeValue identifier="SCORE">
<variable identifier="MINSCORE"/>
</setOutcomeValue>
</responseIf>
</responseCondition>
<responseCondition>
<responseIf>
<lt>
<variable identifier="SCORE"/>
<baseValue baseType="float">1</baseValue>
</lt>
<setOutcomeValue identifier="FEEDBACKMODAL">
<multiple>
<variable identifier="FEEDBACKMODAL"/>
<baseValue baseType="identifier">Feedback567038894</baseValue>
</multiple>
</setOutcomeValue>
</responseIf>
</responseCondition>
</responseProcessing>
<modalFeedback outcomeIdentifier="FEEDBACK" showHide="show" identifier="incorrect">
</modalFeedback>
</assessmentItem>
