<?xml version="1.0" encoding="utf-8" standalone="yes"?>
<assessmentItem identifier="uva-independent-events-729-en-tv_202510071722_item_1_schoice" title="uva-independent-events-729-en-tv_202510071722_item_1_schoice_uva-independent-events-729-en" adaptive="false" timeDependent="false" toolName="Testvision Online" toolVersion="39.0.9084" xmlns="http://www.imsglobal.org/xsd/imsqti_v2p1">
<responseDeclaration identifier="RESPONSE" cardinality="single" baseType="identifier">
<correctResponse>
<value>alt_167661</value>
</correctResponse>
<mapping defaultValue="0" lowerBound="0.0">
<mapEntry mapKey="alt_167661" mappedValue="1"/>
<mapEntry mapKey="alt_202522" mappedValue="-0.5"/>
<mapEntry mapKey="alt_821924" mappedValue="-0.5"/>
</mapping>
</responseDeclaration>
<outcomeDeclaration identifier="SCORE" cardinality="single" baseType="float" normalMaximum="1" normalMinimum="0" />
<outcomeDeclaration identifier="FEEDBACK" cardinality="single" baseType="identifier" />
<stylesheet href="css/uva-independent-events-729-en-tv_202510071722_item_1_schoice.css" type="text/css" />
<itemBody>
<p>A and B are two events in a chance experiment. The following probabilities are given: P(A) = 0.30, P(B) = 0.40, P(A or B) = 0.58. Which of the following statements is correct?</p>
<choiceInteraction responseIdentifier="RESPONSE" shuffle="false" maxChoices="1">
<simpleChoice identifier="alt_167661">
<div class="textblock tvblock tvcss_1"><div class="rte_zone tveditor1">
 A and B are independent.
</div>
</div>
</simpleChoice>
<simpleChoice identifier="alt_202522">
<div class="textblock tvblock tvcss_1"><div class="rte_zone tveditor1">
 A and B are dependent (i.e., not independent).
</div>
</div>
</simpleChoice>
<simpleChoice identifier="alt_821924">
<div class="textblock tvblock tvcss_1"><div class="rte_zone tveditor1">
 Based on the given probabilities, it cannot be concluded with certainty whether A and B are independent or not.
</div>
</div>
</simpleChoice>
</choiceInteraction>
</itemBody>
<responseProcessing>
<responseCondition>
<responseIf>
<isNull>
<variable identifier="RESPONSE"/>
</isNull>
<setOutcomeValue identifier="SCORE">
<baseValue baseType="float">0.0</baseValue>
</setOutcomeValue>
<setOutcomeValue identifier="FEEDBACK">
<baseValue baseType="identifier">FAILURE</baseValue>
</setOutcomeValue>
</responseIf>
<responseElse>
<setOutcomeValue identifier="SCORE">
<mapResponse identifier="RESPONSE"/>
</setOutcomeValue>
<responseCondition>
<responseIf>
<equal toleranceMode="relative" tolerance="0.001">
<variable identifier="SCORE"/>
<variable identifier="MAXSCORE"/>
</equal>
<setOutcomeValue identifier="FEEDBACK">
<baseValue baseType="identifier">ANSWER_CORRECT</baseValue>
</setOutcomeValue>
</responseIf>
<responseElse>
<setOutcomeValue identifier="FEEDBACK">
<baseValue baseType="identifier">FAILURE</baseValue>
</setOutcomeValue>
</responseElse>
</responseCondition>
</responseElse>
</responseCondition>
</responseProcessing>
<modalFeedback identifier="FAILURE" outcomeIdentifier="FEEDBACK" showHide="show">
<div class="textblock tvblock tvcss_1"><div class="rte_zone tveditor1">
<ul>
<li> A and B are independent. <br /> A and B are independent..: Correct </li>
<li> A and B are dependent (i.e., not independent). <br /> A and B are dependent (i.e.: not independent)…: Incorrect </li>
<li> Based on the given probabilities, it cannot be concluded with certainty whether A and B are independent or not. <br /> Based on the given probabilities, it cannot be concluded with certainty whether A and B are independent or not…: Incorrect </li>
</ul>
</div>
</div>
</modalFeedback>
<modalFeedback identifier="ANSWER_CORRECT" outcomeIdentifier="FEEDBACK" showHide="show">
<div class="textblock tvblock tvcss_1"><div class="rte_zone tveditor1">
<ul>
<li> A and B are independent. <br /> A and B are independent..: Correct </li>
<li> A and B are dependent (i.e., not independent). <br /> A and B are dependent (i.e.: not independent)…: Incorrect </li>
<li> Based on the given probabilities, it cannot be concluded with certainty whether A and B are independent or not. <br /> Based on the given probabilities, it cannot be concluded with certainty whether A and B are independent or not…: Incorrect </li>
</ul>
</div>
</div>
</modalFeedback>
<modalFeedback identifier="PARTIAL_CORRECT" outcomeIdentifier="FEEDBACK" showHide="show">
<div class="textblock tvblock tvcss_1"><div class="rte_zone tveditor1">
<ul>
<li> A and B are independent. <br /> A and B are independent..: Correct </li>
<li> A and B are dependent (i.e., not independent). <br /> A and B are dependent (i.e.: not independent)…: Incorrect </li>
<li> Based on the given probabilities, it cannot be concluded with certainty whether A and B are independent or not. <br /> Based on the given probabilities, it cannot be concluded with certainty whether A and B are independent or not…: Incorrect </li>
</ul>
</div>
</div>
</modalFeedback>
</assessmentItem>
