<?xml version="1.0" encoding="UTF-8"?>
<assessmentItem xsi:schemaLocation="http://www.imsglobal.org/xsd/imsqti_v2p1 http://www.imsglobal.org/xsd/qti/qtiv2p1/imsqti_v2p1p1.xsd http://www.w3.org/1998/Math/MathML http://www.w3.org/Math/XMLSchema/mathml2/mathml2.xsd" identifier="vufgb-power-001-en-qti_786195962_section_1_item_1_schoice" title="1" adaptive="false" timeDependent="false" xmlns="http://www.imsglobal.org/xsd/imsqti_v2p1" xmlns:xsi="http://www.w3.org/2001/XMLSchema-instance">
<responseDeclaration identifier="vufgb-power-001-en-qti_786195962_section_1_item_1_schoice_RESPONSE_1_4487084" cardinality="single" baseType="identifier">
<correctResponse>
<value>vufgb-power-001-en-qti_786195962_section_1_item_1_schoice_4_9581616260</value>
</correctResponse>
<mapping defaultValue="0" lowerBound="0.0">
<mapEntry mapKey="vufgb-power-001-en-qti_786195962_section_1_item_1_schoice_1_7082340432" mappedValue="0"/>
<mapEntry mapKey="vufgb-power-001-en-qti_786195962_section_1_item_1_schoice_2_3711986051" mappedValue="0"/>
<mapEntry mapKey="vufgb-power-001-en-qti_786195962_section_1_item_1_schoice_3_5650767908" mappedValue="0"/>
<mapEntry mapKey="vufgb-power-001-en-qti_786195962_section_1_item_1_schoice_4_9581616260" mappedValue="1"/>
</mapping>
</responseDeclaration>
<outcomeDeclaration identifier="SCORE" cardinality="single" baseType="float" normalMaximum="1" normalMinimum="0">
<defaultValue>
<value>0.0</value>
</defaultValue>
</outcomeDeclaration>
<outcomeDeclaration identifier="MAXSCORE" cardinality="single" baseType="float">
<defaultValue>
<value>1</value>
</defaultValue>
</outcomeDeclaration>
<outcomeDeclaration identifier="FEEDBACKBASIC" cardinality="single" baseType="identifier" view="testConstructor">
<defaultValue>
<value>empty</value>
</defaultValue>
</outcomeDeclaration>
<outcomeDeclaration identifier="FEEDBACKMODAL" cardinality="multiple" baseType="identifier" view="testConstructor"/>
<outcomeDeclaration identifier="MINSCORE" cardinality="single" baseType="float">
<defaultValue>
<value baseType="float">0</value>
</defaultValue>
</outcomeDeclaration>
<outcomeDeclaration identifier="SCORE_RESPONSE_1" cardinality="single" baseType="float">
<defaultValue>
<value>0.0</value>
</defaultValue>
</outcomeDeclaration>
<outcomeDeclaration identifier="MINSCORE_RESPONSE_1" cardinality="single" baseType="float">
<defaultValue>
<value>0.0</value>
</defaultValue>
</outcomeDeclaration>
<itemBody>
<p>Which of the factors below does <strong>not</strong> influence the statistical power of a test?</p>
<choiceInteraction responseIdentifier="vufgb-power-001-en-qti_786195962_section_1_item_1_schoice_RESPONSE_1_4487084" shuffle="false" maxChoices="1">
<simpleChoice identifier="vufgb-power-001-en-qti_786195962_section_1_item_1_schoice_1_7082340432">
<p>
a. The sample size.
</p>
</simpleChoice>
<simpleChoice identifier="vufgb-power-001-en-qti_786195962_section_1_item_1_schoice_2_3711986051">
<p>
b. The effect size.
</p>
</simpleChoice>
<simpleChoice identifier="vufgb-power-001-en-qti_786195962_section_1_item_1_schoice_3_5650767908">
<p>
c. The significance level <em>α</em>.
</p>
</simpleChoice>
<simpleChoice identifier="vufgb-power-001-en-qti_786195962_section_1_item_1_schoice_4_9581616260">
<p>
d. The <em>p</em>-value.
</p>
</simpleChoice>
</choiceInteraction>
</itemBody>
<responseProcessing>
<responseCondition>
<responseIf>
<isNull>
<variable identifier="vufgb-power-001-en-qti_786195962_section_1_item_1_schoice_RESPONSE_1_4487084"/>
</isNull>
<setOutcomeValue identifier="SCORE_RESPONSE_1">
<sum>
<variable identifier="SCORE_RESPONSE_1"/>
<baseValue baseType="float">0</baseValue>
</sum>
</setOutcomeValue>
</responseIf>
</responseCondition>
<setOutcomeValue identifier="SCORE_RESPONSE_1">
<sum>
<variable identifier="SCORE_RESPONSE_1"/>
<mapResponse identifier="vufgb-power-001-en-qti_786195962_section_1_item_1_schoice_RESPONSE_1_4487084"/>
</sum>
</setOutcomeValue>
<responseCondition>
<responseIf>
<lt>
<variable identifier="SCORE_RESPONSE_1"/>
<variable identifier="MINSCORE_RESPONSE_1"/>
</lt>
<setOutcomeValue identifier="SCORE_RESPONSE_1">
<variable identifier="MINSCORE_RESPONSE_1"/>
</setOutcomeValue>
</responseIf>
</responseCondition>
<setOutcomeValue identifier="SCORE">
<sum>
<variable identifier="SCORE_RESPONSE_1"/>
</sum>
</setOutcomeValue>
<responseCondition>
<responseIf>
<lt>
<variable identifier="SCORE"/>
<variable identifier="MINSCORE"/>
</lt>
<setOutcomeValue identifier="SCORE">
<variable identifier="MINSCORE"/>
</setOutcomeValue>
</responseIf>
</responseCondition>
<responseCondition>
<responseIf>
<lt>
<variable identifier="SCORE"/>
<baseValue baseType="float">1</baseValue>
</lt>
<setOutcomeValue identifier="FEEDBACKMODAL">
<multiple>
<variable identifier="FEEDBACKMODAL"/>
<baseValue baseType="identifier">Feedback485261763</baseValue>
</multiple>
</setOutcomeValue>
</responseIf>
</responseCondition>
</responseProcessing>
<modalFeedback identifier="Feedback485261763" outcomeIdentifier="FEEDBACKMODAL" showHide="show">
<ol type = "a">
<li> The sample size. <br /> Incorrect </li>
<li> The effect size. <br /> Incorrect </li>
<li> The significance level <em>α</em>. <br /> Incorrect </li>
<li> The <em>p</em>-value. <br /> Correct </li>
</ol>
</modalFeedback>
</assessmentItem>
