<?xml version="1.0" encoding="utf-8" standalone="yes"?>
<assessmentItem identifier="vufgb-mediation-024-nl-tv_202307180610_item_1_schoice" title="vufgb-mediation-024-nl-tv_202307180610_item_1_schoice_vufgb-mediation-024-nl" adaptive="false" timeDependent="false" toolName="Testvision Online" toolVersion="39.0.9084" xmlns="http://www.imsglobal.org/xsd/imsqti_v2p1">
<responseDeclaration identifier="RESPONSE" cardinality="single" baseType="identifier">
<correctResponse>
<value>alt_141190</value>
</correctResponse>
<mapping defaultValue="0" lowerBound="0.0">
<mapEntry mapKey="alt_211572" mappedValue="-0.333333333333333"/>
<mapEntry mapKey="alt_386231" mappedValue="-0.333333333333333"/>
<mapEntry mapKey="alt_141190" mappedValue="1"/>
<mapEntry mapKey="alt_730397" mappedValue="-0.333333333333333"/>
</mapping>
</responseDeclaration>
<outcomeDeclaration identifier="SCORE" cardinality="single" baseType="float" normalMaximum="1" normalMinimum="0" />
<outcomeDeclaration identifier="FEEDBACK" cardinality="single" baseType="identifier" />
<itemBody>
<p>In onderstaande tabel staat een deel van de uitkomsten van een mediatiemodel. Bereken de standaardfout (<math display="inline" xmlns="http://www.w3.org/1998/Math/MathML"><semantics><mrow><mi>S</mi><msub><mi>E</mi><mrow><mi>a</mi><mi>b</mi></mrow></msub></mrow><annotation encoding="application/x-tex">SE_{ab}</annotation></semantics></math>) die hoort bij de Sobel test voor mediatie.</p>
<p><img src="mediafiles/supplements1/vufgb-mediation-024-nl-table01.jpg" alt="image"/></p>
<choiceInteraction responseIdentifier="RESPONSE" shuffle="false" maxChoices="1">
<simpleChoice identifier="alt_211572">
<div class="textblock tvblock tvcss_1"><div class="rte_zone tveditor1">
 0.25
</div>
</div>
</simpleChoice>
<simpleChoice identifier="alt_386231">
<div class="textblock tvblock tvcss_1"><div class="rte_zone tveditor1">
 0.30
</div>
</div>
</simpleChoice>
<simpleChoice identifier="alt_141190">
<div class="textblock tvblock tvcss_1"><div class="rte_zone tveditor1">
 0.31
</div>
</div>
</simpleChoice>
<simpleChoice identifier="alt_730397">
<div class="textblock tvblock tvcss_1"><div class="rte_zone tveditor1">
 0.40
</div>
</div>
</simpleChoice>
</choiceInteraction>
</itemBody>
<responseProcessing>
<responseCondition>
<responseIf>
<isNull>
<variable identifier="RESPONSE"/>
</isNull>
<setOutcomeValue identifier="SCORE">
<baseValue baseType="float">0.0</baseValue>
</setOutcomeValue>
<setOutcomeValue identifier="FEEDBACK">
<baseValue baseType="identifier">FAILURE</baseValue>
</setOutcomeValue>
</responseIf>
<responseElse>
<setOutcomeValue identifier="SCORE">
<mapResponse identifier="RESPONSE"/>
</setOutcomeValue>
<responseCondition>
<responseIf>
<equal toleranceMode="relative" tolerance="0.001">
<variable identifier="SCORE"/>
<variable identifier="MAXSCORE"/>
</equal>
<setOutcomeValue identifier="FEEDBACK">
<baseValue baseType="identifier">ANSWER_CORRECT</baseValue>
</setOutcomeValue>
</responseIf>
<responseElse>
<setOutcomeValue identifier="FEEDBACK">
<baseValue baseType="identifier">FAILURE</baseValue>
</setOutcomeValue>
</responseElse>
</responseCondition>
</responseElse>
</responseCondition>
</responseProcessing>
<modalFeedback identifier="FAILURE" outcomeIdentifier="FEEDBACK" showHide="show">
<div class="textblock tvblock tvcss_1"><div class="rte_zone tveditor1">
 0.25 <br /> Incorrect 
 0.30 <br /> Incorrect 
 0.31 <br /> Correct 
 0.40 <br /> Incorrect 
</div>
</div>
</modalFeedback>
<modalFeedback identifier="ANSWER_CORRECT" outcomeIdentifier="FEEDBACK" showHide="show">
<div class="textblock tvblock tvcss_1"><div class="rte_zone tveditor1">
 0.25 <br /> Incorrect 
 0.30 <br /> Incorrect 
 0.31 <br /> Correct 
 0.40 <br /> Incorrect 
</div>
</div>
</modalFeedback>
<modalFeedback identifier="PARTIAL_CORRECT" outcomeIdentifier="FEEDBACK" showHide="show">
<div class="textblock tvblock tvcss_1"><div class="rte_zone tveditor1">
 0.25 <br /> Incorrect 
 0.30 <br /> Incorrect 
 0.31 <br /> Correct 
 0.40 <br /> Incorrect 
</div>
</div>
</modalFeedback>
</assessmentItem>
