<?xml version="1.0" encoding="UTF-8"?>
<assessmentItem xsi:schemaLocation="http://www.imsglobal.org/xsd/imsqti_v2p1 http://www.imsglobal.org/xsd/qti/qtiv2p1/imsqti_v2p1p1.xsd http://www.w3.org/1998/Math/MathML http://www.w3.org/Math/XMLSchema/mathml2/mathml2.xsd" identifier="uva-measures-of-location-251-nl-ans_610634627_section_1_item_1_schoice" title="Descriptive-statistics_uva-measures-of-location-251-nl_uva-measures-of-location-251-nl_schoice_1" adaptive="false" timeDependent="false" xmlns="http://www.imsglobal.org/xsd/imsqti_v2p1" xmlns:xsi="http://www.w3.org/2001/XMLSchema-instance">
<responseDeclaration identifier="uva-measures-of-location-251-nl-ans_610634627_section_1_item_1_schoice_RESPONSE_1_8930292" cardinality="single" baseType="identifier">
<correctResponse>
<value>uva-measures-of-location-251-nl-ans_610634627_section_1_item_1_schoice_2_1438292640</value>
</correctResponse>
<mapping defaultValue="0" lowerBound="0.0">
<mapEntry mapKey="uva-measures-of-location-251-nl-ans_610634627_section_1_item_1_schoice_1_1855449086" mappedValue="0"/>
<mapEntry mapKey="uva-measures-of-location-251-nl-ans_610634627_section_1_item_1_schoice_2_1438292640" mappedValue="1"/>
<mapEntry mapKey="uva-measures-of-location-251-nl-ans_610634627_section_1_item_1_schoice_3_5205468646" mappedValue="0"/>
</mapping>
</responseDeclaration>
<outcomeDeclaration identifier="SCORE" cardinality="single" baseType="float" normalMaximum="1" normalMinimum="0">
<defaultValue>
<value>0.0</value>
</defaultValue>
</outcomeDeclaration>
<outcomeDeclaration identifier="MAXSCORE" cardinality="single" baseType="float">
<defaultValue>
<value>1</value>
</defaultValue>
</outcomeDeclaration>
<outcomeDeclaration identifier="FEEDBACKBASIC" cardinality="single" baseType="identifier" view="testConstructor">
<defaultValue>
<value>empty</value>
</defaultValue>
</outcomeDeclaration>
<outcomeDeclaration identifier="FEEDBACKMODAL" cardinality="multiple" baseType="identifier" view="testConstructor"/>
<outcomeDeclaration identifier="SOLUTIONMODAL" cardinality="single" baseType="identifier" view="testConstructor"/>
<outcomeDeclaration identifier="MINSCORE" cardinality="single" baseType="float">
<defaultValue>
<value baseType="float">0</value>
</defaultValue>
</outcomeDeclaration>
<outcomeDeclaration identifier="SCORE_RESPONSE_1" cardinality="single" baseType="float">
<defaultValue>
<value>0.0</value>
</defaultValue>
</outcomeDeclaration>
<outcomeDeclaration identifier="MINSCORE_RESPONSE_1" cardinality="single" baseType="float">
<defaultValue>
<value>0.0</value>
</defaultValue>
</outcomeDeclaration>
<itemBody>
<p>In een aselecte steekproef van n = 16 economiestudenten treft men 8
meisjes aan. Het 95% betrouwbaarheidsinterval voor de proportie
vrouwelijke economiestudenten omvat dan de waarden</p>
<choiceInteraction responseIdentifier="uva-measures-of-location-251-nl-ans_610634627_section_1_item_1_schoice_RESPONSE_1_8930292" shuffle="false" maxChoices="1">
<simpleChoice identifier="uva-measures-of-location-251-nl-ans_610634627_section_1_item_1_schoice_1_1855449086">
<p>
 0.20 en 0.60
</p>
</simpleChoice>
<simpleChoice identifier="uva-measures-of-location-251-nl-ans_610634627_section_1_item_1_schoice_2_1438292640">
<p>
 0.35 en 0.70
</p>
</simpleChoice>
<simpleChoice identifier="uva-measures-of-location-251-nl-ans_610634627_section_1_item_1_schoice_3_5205468646">
<p>
 0.35 en 0.80
</p>
</simpleChoice>
</choiceInteraction>
</itemBody>
<responseProcessing>
<setOutcomeValue identifier="SCORE_RESPONSE_1">
<sum>
<variable identifier="SCORE_RESPONSE_1"/>
<mapResponse identifier="uva-measures-of-location-251-nl-ans_610634627_section_1_item_1_schoice_RESPONSE_1_8930292"/>
</sum>
</setOutcomeValue>
<responseCondition>
<responseIf>
<lt>
<variable identifier="SCORE_RESPONSE_1"/>
<variable identifier="MINSCORE_RESPONSE_1"/>
</lt>
<setOutcomeValue identifier="SCORE_RESPONSE_1">
<variable identifier="MINSCORE_RESPONSE_1"/>
</setOutcomeValue>
</responseIf>
</responseCondition>
<responseCondition>
<responseIf>
<isNull>
<variable identifier="uva-measures-of-location-251-nl-ans_610634627_section_1_item_1_schoice_RESPONSE_1_8930292"/>
</isNull>
<setOutcomeValue identifier="SCORE_RESPONSE_1">
<sum>
<variable identifier="SCORE_RESPONSE_1"/>
<baseValue baseType="float">0</baseValue>
</sum>
</setOutcomeValue>
</responseIf>
</responseCondition>
<setOutcomeValue identifier="SCORE">
<sum>
<variable identifier="SCORE_RESPONSE_1"/>
</sum>
</setOutcomeValue>
<responseCondition>
<responseIf>
<lt>
<variable identifier="SCORE"/>
<variable identifier="MINSCORE"/>
</lt>
<setOutcomeValue identifier="SCORE">
<variable identifier="MINSCORE"/>
</setOutcomeValue>
</responseIf>
</responseCondition>
<responseCondition>
<responseIf>
<lt>
<variable identifier="SCORE"/>
<baseValue baseType="float">1</baseValue>
</lt>
<setOutcomeValue identifier="FEEDBACKMODAL">
<multiple>
<variable identifier="FEEDBACKMODAL"/>
<baseValue baseType="identifier">Feedback812833614</baseValue>
</multiple>
</setOutcomeValue>
</responseIf>
</responseCondition>
</responseProcessing>
<modalFeedback outcomeIdentifier="FEEDBACK" showHide="show" identifier="incorrect">
<ul>
<li> 0.20 en 0.60 <br /> 0.20 en 0.60: Incorrect </li>
<li> 0.35 en 0.70 <br /> 0.35 en 0.70: Correct </li>
<li> 0.35 en 0.80 <br /> 0.35 en 0.80: Incorrect </li>
</ul>
</modalFeedback>
</assessmentItem>
