<?xml version="1.0" encoding="utf-8" standalone="yes"?>
<assessmentItem identifier="vufsw-mediation-1367-en-tv_202209061511_item_1_num" title="vufsw-mediation-1367-en-tv_202209061511_item_1_num_vufsw-mediation-1367-en" adaptive="false" timeDependent="false" toolName="Testvision Online" toolVersion="39.0.9084" xmlns="http://www.imsglobal.org/xsd/imsqti_v2p1">
<responseDeclaration identifier="RESPONSE" cardinality="multiple" baseType="float">
<correctResponse>
<value>-0.008</value>
<value>-0.009;-0.007</value>
</correctResponse>
</responseDeclaration>
<outcomeDeclaration identifier="SCORE" cardinality="single" baseType="float" normalMaximum="1" normalMinimum="0" />
<outcomeDeclaration identifier="FEEDBACK" cardinality="single" baseType="identifier" />
<itemBody>
<p>The analyses below were carried out on data from a sample of young
adults aged between 20 and 40 years who were interviewed via a
questionnaire asking about their cultural preferences. The research
questions are (1) to what extent the amount of television viewing
(variable: TVWatching (scale 0-1): a higher score means that more TV is
watched) is caused by the social position of the parental environment
(measured is the education of the parents (variable: FAMEDUC (scale
0-7), ranging from primary education (0) to university (7) a higher
score means a higher education) and (2) whether this relationship can be
explained by the extent to which television used to be watched (when the
respondent was 12 years old) by the parents (variable: FAMTV (scale
0-1), a higher score means that more television was watched).<br />
Below are the results of two regression analyses.</p>
<p>Regression 1:<br />
<img src="1602951598702.png" class="fr-fic fr-dii tvcss_2"
alt="1602951598702" /></p>
<p>Regression 2:<br />
<img src="1602951629778.png" class="fr-fic fr-dii tvcss_3"
alt="1602951629778" /></p>
<p>What is the indirect effect (mediation effect) of ‘fameduc’ through
‘famtv’ on ‘tvwatching’ (use the unstandardized coefficients)? <br />
<em>Just give a number in three decimal places, nothing else.</em></p>
<extendedTextInteraction responseIdentifier="RESPONSE"/>
</itemBody>
<responseProcessing>
<responseCondition>
<responseIf>
<isNull>
<variable identifier="RESPONSE"/>
</isNull>
<setOutcomeValue identifier="SCORE">
<baseValue baseType="float">0.0</baseValue>
</setOutcomeValue>
<setOutcomeValue identifier="FEEDBACK">
<baseValue baseType="identifier">FAILURE</baseValue>
</setOutcomeValue>
</responseIf>
<responseElse>
<responseCondition>
<responseIf>
<match>
<variable identifier="RESPONSE"/>
<correct identifier="RESPONSE"/>
</match>
<setOutcomeValue identifier="SCORE">
<baseValue baseType="float">1</baseValue>
</setOutcomeValue>
</responseIf>
<responseElse>
<setOutcomeValue identifier="SCORE">
<baseValue baseType="float">0</baseValue>
</setOutcomeValue>
</responseElse>
</responseCondition>
<responseCondition>
<responseIf>
<equal toleranceMode="relative" tolerance="0.001">
<variable identifier="SCORE"/>
<variable identifier="MAXSCORE"/>
</equal>
<setOutcomeValue identifier="FEEDBACK">
<baseValue baseType="identifier">ANSWER_CORRECT</baseValue>
</setOutcomeValue>
</responseIf>
<responseElse>
<setOutcomeValue identifier="FEEDBACK">
<baseValue baseType="identifier">FAILURE</baseValue>
</setOutcomeValue>
</responseElse>
</responseCondition>
</responseElse>
</responseCondition>
</responseProcessing>
<modalFeedback identifier="FAILURE" outcomeIdentifier="FEEDBACK" showHide="show">
<div class="textblock tvblock tvcss_1"><div class="rte_zone tveditor1">
</div>
</div>
</modalFeedback>
<modalFeedback identifier="ANSWER_CORRECT" outcomeIdentifier="FEEDBACK" showHide="show">
<div class="textblock tvblock tvcss_1"><div class="rte_zone tveditor1">
</div>
</div>
</modalFeedback>
<modalFeedback identifier="PARTIAL_CORRECT" outcomeIdentifier="FEEDBACK" showHide="show">
<div class="textblock tvblock tvcss_1"><div class="rte_zone tveditor1">
</div>
</div>
</modalFeedback>
</assessmentItem>
