<?xml version="1.0" encoding="UTF-8"?>
<assessmentItem xsi:schemaLocation="http://www.imsglobal.org/xsd/imsqti_v2p1 http://www.imsglobal.org/xsd/qti/qtiv2p1/imsqti_v2p1p1.xsd http://www.w3.org/1998/Math/MathML http://www.w3.org/Math/XMLSchema/mathml2/mathml2.xsd" identifier="uva-variance-616-en-ans_131482163_section_1_item_1_schoice" title="Descriptive-statistics_uva-variance-616-en_uva-variance-616-en_schoice_1" adaptive="false" timeDependent="false" xmlns="http://www.imsglobal.org/xsd/imsqti_v2p1" xmlns:xsi="http://www.w3.org/2001/XMLSchema-instance">
<responseDeclaration identifier="uva-variance-616-en-ans_131482163_section_1_item_1_schoice_RESPONSE_1_9748608" cardinality="single" baseType="identifier">
<correctResponse>
<value>uva-variance-616-en-ans_131482163_section_1_item_1_schoice_1_5651044324</value>
</correctResponse>
<mapping defaultValue="0" lowerBound="0.0">
<mapEntry mapKey="uva-variance-616-en-ans_131482163_section_1_item_1_schoice_1_5651044324" mappedValue="1"/>
<mapEntry mapKey="uva-variance-616-en-ans_131482163_section_1_item_1_schoice_2_6767967272" mappedValue="0"/>
<mapEntry mapKey="uva-variance-616-en-ans_131482163_section_1_item_1_schoice_3_6336387469" mappedValue="0"/>
<mapEntry mapKey="uva-variance-616-en-ans_131482163_section_1_item_1_schoice_4_2156970957" mappedValue="0"/>
</mapping>
</responseDeclaration>
<outcomeDeclaration identifier="SCORE" cardinality="single" baseType="float" normalMaximum="1" normalMinimum="0">
<defaultValue>
<value>0.0</value>
</defaultValue>
</outcomeDeclaration>
<outcomeDeclaration identifier="MAXSCORE" cardinality="single" baseType="float">
<defaultValue>
<value>1</value>
</defaultValue>
</outcomeDeclaration>
<outcomeDeclaration identifier="FEEDBACKBASIC" cardinality="single" baseType="identifier" view="testConstructor">
<defaultValue>
<value>empty</value>
</defaultValue>
</outcomeDeclaration>
<outcomeDeclaration identifier="FEEDBACKMODAL" cardinality="multiple" baseType="identifier" view="testConstructor"/>
<outcomeDeclaration identifier="SOLUTIONMODAL" cardinality="single" baseType="identifier" view="testConstructor"/>
<outcomeDeclaration identifier="MINSCORE" cardinality="single" baseType="float">
<defaultValue>
<value baseType="float">0</value>
</defaultValue>
</outcomeDeclaration>
<outcomeDeclaration identifier="SCORE_RESPONSE_1" cardinality="single" baseType="float">
<defaultValue>
<value>0.0</value>
</defaultValue>
</outcomeDeclaration>
<outcomeDeclaration identifier="MINSCORE_RESPONSE_1" cardinality="single" baseType="float">
<defaultValue>
<value>0.0</value>
</defaultValue>
</outcomeDeclaration>
<itemBody>
<p>Given two independent stochastic variables x ( with mean 3 and variance 5) and y (with mean 6 and variance 4). z = x - y. Mean and variance of z are then respectively.</p>
<choiceInteraction responseIdentifier="uva-variance-616-en-ans_131482163_section_1_item_1_schoice_RESPONSE_1_9748608" shuffle="false" maxChoices="1">
<simpleChoice identifier="uva-variance-616-en-ans_131482163_section_1_item_1_schoice_1_5651044324">
<p>
 -3 and 9
</p>
</simpleChoice>
<simpleChoice identifier="uva-variance-616-en-ans_131482163_section_1_item_1_schoice_2_6767967272">
<p>
 3 and 41
</p>
</simpleChoice>
<simpleChoice identifier="uva-variance-616-en-ans_131482163_section_1_item_1_schoice_3_6336387469">
<p>
 9 and 9
</p>
</simpleChoice>
<simpleChoice identifier="uva-variance-616-en-ans_131482163_section_1_item_1_schoice_4_2156970957">
<p>
 -3 and √41
</p>
</simpleChoice>
</choiceInteraction>
</itemBody>
<responseProcessing>
<setOutcomeValue identifier="SCORE_RESPONSE_1">
<sum>
<variable identifier="SCORE_RESPONSE_1"/>
<mapResponse identifier="uva-variance-616-en-ans_131482163_section_1_item_1_schoice_RESPONSE_1_9748608"/>
</sum>
</setOutcomeValue>
<responseCondition>
<responseIf>
<lt>
<variable identifier="SCORE_RESPONSE_1"/>
<variable identifier="MINSCORE_RESPONSE_1"/>
</lt>
<setOutcomeValue identifier="SCORE_RESPONSE_1">
<variable identifier="MINSCORE_RESPONSE_1"/>
</setOutcomeValue>
</responseIf>
</responseCondition>
<responseCondition>
<responseIf>
<isNull>
<variable identifier="uva-variance-616-en-ans_131482163_section_1_item_1_schoice_RESPONSE_1_9748608"/>
</isNull>
<setOutcomeValue identifier="SCORE_RESPONSE_1">
<sum>
<variable identifier="SCORE_RESPONSE_1"/>
<baseValue baseType="float">0</baseValue>
</sum>
</setOutcomeValue>
</responseIf>
</responseCondition>
<setOutcomeValue identifier="SCORE">
<sum>
<variable identifier="SCORE_RESPONSE_1"/>
</sum>
</setOutcomeValue>
<responseCondition>
<responseIf>
<lt>
<variable identifier="SCORE"/>
<variable identifier="MINSCORE"/>
</lt>
<setOutcomeValue identifier="SCORE">
<variable identifier="MINSCORE"/>
</setOutcomeValue>
</responseIf>
</responseCondition>
<responseCondition>
<responseIf>
<lt>
<variable identifier="SCORE"/>
<baseValue baseType="float">1</baseValue>
</lt>
<setOutcomeValue identifier="FEEDBACKMODAL">
<multiple>
<variable identifier="FEEDBACKMODAL"/>
<baseValue baseType="identifier">Feedback542266868</baseValue>
</multiple>
</setOutcomeValue>
</responseIf>
</responseCondition>
</responseProcessing>
<modalFeedback outcomeIdentifier="FEEDBACK" showHide="show" identifier="incorrect">
<ul>
<li> -3 and 9 <br /> 3 and 9: Correct </li>
<li> 3 and 41 <br /> 3 and 41: Incorrect </li>
<li> 9 and 9 <br /> 9 and 9: Incorrect </li>
<li> -3 and √41 <br /> -3 and √41: Incorrect </li>
</ul>
</modalFeedback>
</assessmentItem>
