<?xml version="1.0" encoding="UTF-8"?>
<assessmentItem xsi:schemaLocation="http://www.imsglobal.org/xsd/imsqti_v2p1 http://www.imsglobal.org/xsd/qti/qtiv2p1/imsqti_v2p1p1.xsd http://www.w3.org/1998/Math/MathML http://www.w3.org/Math/XMLSchema/mathml2/mathml2.xsd" identifier="vufgb-crosstables-001-en-ans_278911844_section_1_item_1_schoice" title="Inferential_Statistics_vufgb-crosstables-001-en_vufgb-crosstables-001-en_schoice_1" adaptive="false" timeDependent="false" xmlns="http://www.imsglobal.org/xsd/imsqti_v2p1" xmlns:xsi="http://www.w3.org/2001/XMLSchema-instance">
<responseDeclaration identifier="vufgb-crosstables-001-en-ans_278911844_section_1_item_1_schoice_RESPONSE_1_5938239" cardinality="single" baseType="identifier">
<correctResponse>
<value>vufgb-crosstables-001-en-ans_278911844_section_1_item_1_schoice_3_3400078064</value>
</correctResponse>
<mapping defaultValue="0" lowerBound="0.0">
<mapEntry mapKey="vufgb-crosstables-001-en-ans_278911844_section_1_item_1_schoice_1_9164382241" mappedValue="0"/>
<mapEntry mapKey="vufgb-crosstables-001-en-ans_278911844_section_1_item_1_schoice_2_1946098447" mappedValue="0"/>
<mapEntry mapKey="vufgb-crosstables-001-en-ans_278911844_section_1_item_1_schoice_3_3400078064" mappedValue="1"/>
<mapEntry mapKey="vufgb-crosstables-001-en-ans_278911844_section_1_item_1_schoice_4_7438012561" mappedValue="0"/>
</mapping>
</responseDeclaration>
<outcomeDeclaration identifier="SCORE" cardinality="single" baseType="float" normalMaximum="1" normalMinimum="0">
<defaultValue>
<value>0.0</value>
</defaultValue>
</outcomeDeclaration>
<outcomeDeclaration identifier="MAXSCORE" cardinality="single" baseType="float">
<defaultValue>
<value>1</value>
</defaultValue>
</outcomeDeclaration>
<outcomeDeclaration identifier="FEEDBACKBASIC" cardinality="single" baseType="identifier" view="testConstructor">
<defaultValue>
<value>empty</value>
</defaultValue>
</outcomeDeclaration>
<outcomeDeclaration identifier="FEEDBACKMODAL" cardinality="multiple" baseType="identifier" view="testConstructor"/>
<outcomeDeclaration identifier="SOLUTIONMODAL" cardinality="single" baseType="identifier" view="testConstructor"/>
<outcomeDeclaration identifier="MINSCORE" cardinality="single" baseType="float">
<defaultValue>
<value baseType="float">0</value>
</defaultValue>
</outcomeDeclaration>
<outcomeDeclaration identifier="SCORE_RESPONSE_1" cardinality="single" baseType="float">
<defaultValue>
<value>0.0</value>
</defaultValue>
</outcomeDeclaration>
<outcomeDeclaration identifier="MINSCORE_RESPONSE_1" cardinality="single" baseType="float">
<defaultValue>
<value>0.0</value>
</defaultValue>
</outcomeDeclaration>
<itemBody>
<p>Fill in the blanks:</p>
<p>The ..I.. test is used <strong>for</strong> <strong>testing</strong> the <strong>difference</strong> in <strong>proportions</strong> <strong>between</strong> dependent samples and the ..II.. test for testing the difference in
proportions between independent samples.</p>
<choiceInteraction responseIdentifier="vufgb-crosstables-001-en-ans_278911844_section_1_item_1_schoice_RESPONSE_1_5938239" shuffle="false" maxChoices="1">
<simpleChoice identifier="vufgb-crosstables-001-en-ans_278911844_section_1_item_1_schoice_1_9164382241">
<p>
 I: binomial, II: Chi-squared
</p>
</simpleChoice>
<simpleChoice identifier="vufgb-crosstables-001-en-ans_278911844_section_1_item_1_schoice_2_1946098447">
<p>
 I: Chi-squared, II: binomial
</p>
</simpleChoice>
<simpleChoice identifier="vufgb-crosstables-001-en-ans_278911844_section_1_item_1_schoice_3_3400078064">
<p>
 I: <strong>McNemar</strong>, II: Fisher’s exact test
</p>
</simpleChoice>
<simpleChoice identifier="vufgb-crosstables-001-en-ans_278911844_section_1_item_1_schoice_4_7438012561">
<p>
 I: Fisher’s exact test, II: <strong>McNemar</strong>
</p>
</simpleChoice>
</choiceInteraction>
</itemBody>
<responseProcessing>
<setOutcomeValue identifier="SCORE_RESPONSE_1">
<sum>
<variable identifier="SCORE_RESPONSE_1"/>
<mapResponse identifier="vufgb-crosstables-001-en-ans_278911844_section_1_item_1_schoice_RESPONSE_1_5938239"/>
</sum>
</setOutcomeValue>
<responseCondition>
<responseIf>
<lt>
<variable identifier="SCORE_RESPONSE_1"/>
<variable identifier="MINSCORE_RESPONSE_1"/>
</lt>
<setOutcomeValue identifier="SCORE_RESPONSE_1">
<variable identifier="MINSCORE_RESPONSE_1"/>
</setOutcomeValue>
</responseIf>
</responseCondition>
<responseCondition>
<responseIf>
<isNull>
<variable identifier="vufgb-crosstables-001-en-ans_278911844_section_1_item_1_schoice_RESPONSE_1_5938239"/>
</isNull>
<setOutcomeValue identifier="SCORE_RESPONSE_1">
<sum>
<variable identifier="SCORE_RESPONSE_1"/>
<baseValue baseType="float">0</baseValue>
</sum>
</setOutcomeValue>
</responseIf>
</responseCondition>
<setOutcomeValue identifier="SCORE">
<sum>
<variable identifier="SCORE_RESPONSE_1"/>
</sum>
</setOutcomeValue>
<responseCondition>
<responseIf>
<lt>
<variable identifier="SCORE"/>
<variable identifier="MINSCORE"/>
</lt>
<setOutcomeValue identifier="SCORE">
<variable identifier="MINSCORE"/>
</setOutcomeValue>
</responseIf>
</responseCondition>
<responseCondition>
<responseIf>
<lt>
<variable identifier="SCORE"/>
<baseValue baseType="float">1</baseValue>
</lt>
<setOutcomeValue identifier="FEEDBACKMODAL">
<multiple>
<variable identifier="FEEDBACKMODAL"/>
<baseValue baseType="identifier">Feedback324563561</baseValue>
</multiple>
</setOutcomeValue>
</responseIf>
</responseCondition>
</responseProcessing>
<modalFeedback outcomeIdentifier="FEEDBACK" showHide="show" identifier="incorrect">
<ul>
<li> I: binomial, II: Chi-squared <br /> Incorrect </li>
<li> I: Chi-squared, II: binomial <br /> Incorrect </li>
<li> I: <strong>McNemar</strong>, II: Fisher’s exact test <br /> Correct </li>
<li> I: Fisher’s exact test, II: <strong>McNemar</strong> <br /> Incorrect </li>
</ul>
</modalFeedback>
</assessmentItem>
