<?xml version="1.0" encoding="UTF-8"?>
<assessmentItem xsi:schemaLocation="http://www.imsglobal.org/xsd/imsqti_v2p1 http://www.imsglobal.org/xsd/qti/qtiv2p1/imsqti_v2p1p1.xsd http://www.w3.org/1998/Math/MathML http://www.w3.org/Math/XMLSchema/mathml2/mathml2.xsd" identifier="uva-one-sample-mean-868-en-ans_178860181_section_1_item_1_schoice" title="Inferential_Statistics_uva-one-sample-mean-868-en_uva-one-sample-mean-868-en_schoice_1" adaptive="false" timeDependent="false" xmlns="http://www.imsglobal.org/xsd/imsqti_v2p1" xmlns:xsi="http://www.w3.org/2001/XMLSchema-instance">
<responseDeclaration identifier="uva-one-sample-mean-868-en-ans_178860181_section_1_item_1_schoice_RESPONSE_1_4486660" cardinality="single" baseType="identifier">
<correctResponse>
<value>uva-one-sample-mean-868-en-ans_178860181_section_1_item_1_schoice_2_4209239640</value>
</correctResponse>
<mapping defaultValue="0" lowerBound="0.0">
<mapEntry mapKey="uva-one-sample-mean-868-en-ans_178860181_section_1_item_1_schoice_1_8172632727" mappedValue="0"/>
<mapEntry mapKey="uva-one-sample-mean-868-en-ans_178860181_section_1_item_1_schoice_2_4209239640" mappedValue="1"/>
<mapEntry mapKey="uva-one-sample-mean-868-en-ans_178860181_section_1_item_1_schoice_3_7589973194" mappedValue="0"/>
</mapping>
</responseDeclaration>
<outcomeDeclaration identifier="SCORE" cardinality="single" baseType="float" normalMaximum="1" normalMinimum="0">
<defaultValue>
<value>0.0</value>
</defaultValue>
</outcomeDeclaration>
<outcomeDeclaration identifier="MAXSCORE" cardinality="single" baseType="float">
<defaultValue>
<value>1</value>
</defaultValue>
</outcomeDeclaration>
<outcomeDeclaration identifier="FEEDBACKBASIC" cardinality="single" baseType="identifier" view="testConstructor">
<defaultValue>
<value>empty</value>
</defaultValue>
</outcomeDeclaration>
<outcomeDeclaration identifier="FEEDBACKMODAL" cardinality="multiple" baseType="identifier" view="testConstructor"/>
<outcomeDeclaration identifier="SOLUTIONMODAL" cardinality="single" baseType="identifier" view="testConstructor"/>
<outcomeDeclaration identifier="MINSCORE" cardinality="single" baseType="float">
<defaultValue>
<value baseType="float">0</value>
</defaultValue>
</outcomeDeclaration>
<outcomeDeclaration identifier="SCORE_RESPONSE_1" cardinality="single" baseType="float">
<defaultValue>
<value>0.0</value>
</defaultValue>
</outcomeDeclaration>
<outcomeDeclaration identifier="MINSCORE_RESPONSE_1" cardinality="single" baseType="float">
<defaultValue>
<value>0.0</value>
</defaultValue>
</outcomeDeclaration>
<itemBody>
<p>One wants to test the hypothesis that the average IQ of Utrecht politicians is 110, against the alternative that the average is higher. In a random sample of 20 politicians from Utrecht, the mean IQ is calculated to be 118 with a standard deviation of 15. the mean IQ is 118 with a standard deviation of 15. It is assumed that IQ is normally distributed. The null hypothesis can now be rejected at a significance level of</p>
<choiceInteraction responseIdentifier="uva-one-sample-mean-868-en-ans_178860181_section_1_item_1_schoice_RESPONSE_1_4486660" shuffle="false" maxChoices="1">
<simpleChoice identifier="uva-one-sample-mean-868-en-ans_178860181_section_1_item_1_schoice_1_8172632727">
<p>
 0.01
</p>
</simpleChoice>
<simpleChoice identifier="uva-one-sample-mean-868-en-ans_178860181_section_1_item_1_schoice_2_4209239640">
<p>
 0.025 but not from 0.01
</p>
</simpleChoice>
<simpleChoice identifier="uva-one-sample-mean-868-en-ans_178860181_section_1_item_1_schoice_3_7589973194">
<p>
 0.05 but not from 0.025
</p>
</simpleChoice>
</choiceInteraction>
</itemBody>
<responseProcessing>
<setOutcomeValue identifier="SCORE_RESPONSE_1">
<sum>
<variable identifier="SCORE_RESPONSE_1"/>
<mapResponse identifier="uva-one-sample-mean-868-en-ans_178860181_section_1_item_1_schoice_RESPONSE_1_4486660"/>
</sum>
</setOutcomeValue>
<responseCondition>
<responseIf>
<lt>
<variable identifier="SCORE_RESPONSE_1"/>
<variable identifier="MINSCORE_RESPONSE_1"/>
</lt>
<setOutcomeValue identifier="SCORE_RESPONSE_1">
<variable identifier="MINSCORE_RESPONSE_1"/>
</setOutcomeValue>
</responseIf>
</responseCondition>
<responseCondition>
<responseIf>
<isNull>
<variable identifier="uva-one-sample-mean-868-en-ans_178860181_section_1_item_1_schoice_RESPONSE_1_4486660"/>
</isNull>
<setOutcomeValue identifier="SCORE_RESPONSE_1">
<sum>
<variable identifier="SCORE_RESPONSE_1"/>
<baseValue baseType="float">0</baseValue>
</sum>
</setOutcomeValue>
</responseIf>
</responseCondition>
<setOutcomeValue identifier="SCORE">
<sum>
<variable identifier="SCORE_RESPONSE_1"/>
</sum>
</setOutcomeValue>
<responseCondition>
<responseIf>
<lt>
<variable identifier="SCORE"/>
<variable identifier="MINSCORE"/>
</lt>
<setOutcomeValue identifier="SCORE">
<variable identifier="MINSCORE"/>
</setOutcomeValue>
</responseIf>
</responseCondition>
<responseCondition>
<responseIf>
<lt>
<variable identifier="SCORE"/>
<baseValue baseType="float">1</baseValue>
</lt>
<setOutcomeValue identifier="FEEDBACKMODAL">
<multiple>
<variable identifier="FEEDBACKMODAL"/>
<baseValue baseType="identifier">Feedback644828827</baseValue>
</multiple>
</setOutcomeValue>
</responseIf>
</responseCondition>
</responseProcessing>
<modalFeedback outcomeIdentifier="FEEDBACK" showHide="show" identifier="incorrect">
<ul>
<li> 0.01 <br /> 0.01: Incorrect </li>
<li> 0.025 but not from 0.01 <br /> 0.025 but not from 0.01: Correct </li>
<li> 0.05 but not from 0.025 <br /> 0.05 but not from 0.025: Incorrect </li>
</ul>
</modalFeedback>
</assessmentItem>
