<?xml version="1.0" encoding="UTF-8"?>
<assessmentItem xsi:schemaLocation="http://www.imsglobal.org/xsd/imsqti_v2p1 http://www.imsglobal.org/xsd/qti/qtiv2p1/imsqti_v2p1p1.xsd http://www.w3.org/1998/Math/MathML http://www.w3.org/Math/XMLSchema/mathml2/mathml2.xsd" identifier="vufgb-ancova-001-nl_130506628_section_1_item_1_schoice" title="1" adaptive="false" timeDependent="false" xmlns="http://www.imsglobal.org/xsd/imsqti_v2p1" xmlns:xsi="http://www.w3.org/2001/XMLSchema-instance">
<responseDeclaration identifier="vufgb-ancova-001-nl_130506628_section_1_item_1_schoice_RESPONSE_1_8168027" cardinality="single" baseType="identifier">
<correctResponse>
<value>vufgb-ancova-001-nl_130506628_section_1_item_1_schoice_4_9022987832</value>
</correctResponse>
<mapping defaultValue="0" lowerBound="0.0">
<mapEntry mapKey="vufgb-ancova-001-nl_130506628_section_1_item_1_schoice_1_6828380794" mappedValue="0"/>
<mapEntry mapKey="vufgb-ancova-001-nl_130506628_section_1_item_1_schoice_2_7105533738" mappedValue="0"/>
<mapEntry mapKey="vufgb-ancova-001-nl_130506628_section_1_item_1_schoice_3_1611078225" mappedValue="0"/>
<mapEntry mapKey="vufgb-ancova-001-nl_130506628_section_1_item_1_schoice_4_9022987832" mappedValue="1"/>
</mapping>
</responseDeclaration>
<outcomeDeclaration identifier="SCORE" cardinality="single" baseType="float" normalMaximum="1" normalMinimum="0">
<defaultValue>
<value>0.0</value>
</defaultValue>
</outcomeDeclaration>
<outcomeDeclaration identifier="MAXSCORE" cardinality="single" baseType="float">
<defaultValue>
<value>1</value>
</defaultValue>
</outcomeDeclaration>
<outcomeDeclaration identifier="FEEDBACKBASIC" cardinality="single" baseType="identifier" view="testConstructor">
<defaultValue>
<value>empty</value>
</defaultValue>
</outcomeDeclaration>
<outcomeDeclaration identifier="FEEDBACKMODAL" cardinality="multiple" baseType="identifier" view="testConstructor"/>
<outcomeDeclaration identifier="MINSCORE" cardinality="single" baseType="float">
<defaultValue>
<value baseType="float">0</value>
</defaultValue>
</outcomeDeclaration>
<outcomeDeclaration identifier="SCORE_RESPONSE_1" cardinality="single" baseType="float">
<defaultValue>
<value>0.0</value>
</defaultValue>
</outcomeDeclaration>
<outcomeDeclaration identifier="MINSCORE_RESPONSE_1" cardinality="single" baseType="float">
<defaultValue>
<value>0.0</value>
</defaultValue>
</outcomeDeclaration>
<itemBody>
<p>In een experiment wordt middels een standaard ANCOVA-analyse het effect van Sociale Stress (Factor met twee groepen: <math display="inline" xmlns="http://www.w3.org/1998/Math/MathML"><semantics><msub><mi>z</mi><mn>1</mn></msub><annotation encoding="application/x-tex">z_{1}</annotation></semantics></math>) op Prestatie (Afhankelijke variabele: <math display="inline" xmlns="http://www.w3.org/1998/Math/MathML"><semantics><mi>y</mi><annotation encoding="application/x-tex">y</annotation></semantics></math> ) onderzocht. We controleren hierbij voor Neuroticisme (Covariaat: <math display="inline" xmlns="http://www.w3.org/1998/Math/MathML"><semantics><mi>x</mi><annotation encoding="application/x-tex">x</annotation></semantics></math>, met <math display="inline" xmlns="http://www.w3.org/1998/Math/MathML"><semantics><mrow><mover><mi>x</mi><mo accent="true">‾</mo></mover><mo>=</mo><mn>20</mn></mrow><annotation encoding="application/x-tex">\bar{x} = 20</annotation></semantics></math>). De volgende geschatte regressievergelijking wordt gevonden: <math display="inline" xmlns="http://www.w3.org/1998/Math/MathML"><semantics><mrow><mover><mi>y</mi><mo accent="true">̂</mo></mover><mo>=</mo><mn>25</mn><mo>+</mo><mn>0.8</mn><mi>x</mi><mo>+</mo><mn>2</mn><msub><mi>z</mi><mn>1</mn></msub></mrow><annotation encoding="application/x-tex">\hat{y}=25+0.8x+2z_{1}</annotation></semantics></math>. Bereken de gecorrigeerde gemiddeldes (<em>adjusted means</em>) voor beide groepen van de Factor.</p>
<choiceInteraction responseIdentifier="vufgb-ancova-001-nl_130506628_section_1_item_1_schoice_RESPONSE_1_8168027" shuffle="false" maxChoices="1">
<simpleChoice identifier="vufgb-ancova-001-nl_130506628_section_1_item_1_schoice_1_6828380794">
<p>
a. 25 en 27.
</p>
</simpleChoice>
<simpleChoice identifier="vufgb-ancova-001-nl_130506628_section_1_item_1_schoice_2_7105533738">
<p>
b. 20 en 25.
</p>
</simpleChoice>
<simpleChoice identifier="vufgb-ancova-001-nl_130506628_section_1_item_1_schoice_3_1611078225">
<p>
c. 16 en 20.
</p>
</simpleChoice>
<simpleChoice identifier="vufgb-ancova-001-nl_130506628_section_1_item_1_schoice_4_9022987832">
<p>
d. 41 en 43.
</p>
</simpleChoice>
</choiceInteraction>
</itemBody>
<responseProcessing>
<responseCondition>
<responseIf>
<isNull>
<variable identifier="vufgb-ancova-001-nl_130506628_section_1_item_1_schoice_RESPONSE_1_8168027"/>
</isNull>
<setOutcomeValue identifier="SCORE_RESPONSE_1">
<sum>
<variable identifier="SCORE_RESPONSE_1"/>
<baseValue baseType="float">0</baseValue>
</sum>
</setOutcomeValue>
</responseIf>
</responseCondition>
<setOutcomeValue identifier="SCORE_RESPONSE_1">
<sum>
<variable identifier="SCORE_RESPONSE_1"/>
<mapResponse identifier="vufgb-ancova-001-nl_130506628_section_1_item_1_schoice_RESPONSE_1_8168027"/>
</sum>
</setOutcomeValue>
<responseCondition>
<responseIf>
<lt>
<variable identifier="SCORE_RESPONSE_1"/>
<variable identifier="MINSCORE_RESPONSE_1"/>
</lt>
<setOutcomeValue identifier="SCORE_RESPONSE_1">
<variable identifier="MINSCORE_RESPONSE_1"/>
</setOutcomeValue>
</responseIf>
</responseCondition>
<setOutcomeValue identifier="SCORE">
<sum>
<variable identifier="SCORE_RESPONSE_1"/>
</sum>
</setOutcomeValue>
<responseCondition>
<responseIf>
<lt>
<variable identifier="SCORE"/>
<variable identifier="MINSCORE"/>
</lt>
<setOutcomeValue identifier="SCORE">
<variable identifier="MINSCORE"/>
</setOutcomeValue>
</responseIf>
</responseCondition>
<responseCondition>
<responseIf>
<lt>
<variable identifier="SCORE"/>
<baseValue baseType="float">1</baseValue>
</lt>
<setOutcomeValue identifier="FEEDBACKMODAL">
<multiple>
<variable identifier="FEEDBACKMODAL"/>
<baseValue baseType="identifier">Feedback110858810</baseValue>
</multiple>
</setOutcomeValue>
</responseIf>
</responseCondition>
</responseProcessing>
<modalFeedback identifier="Feedback110858810" outcomeIdentifier="FEEDBACKMODAL" showHide="show">
</modalFeedback>
</assessmentItem>
