<?xml version="1.0" encoding="UTF-8"?>
<assessmentItem xsi:schemaLocation="http://www.imsglobal.org/xsd/imsqti_v2p1 http://www.imsglobal.org/xsd/qti/qtiv2p1/imsqti_v2p1p1.xsd http://www.w3.org/1998/Math/MathML http://www.w3.org/Math/XMLSchema/mathml2/mathml2.xsd" identifier="uu-Twoway-ANOVA-801-nl-qti_352725705_section_1_item_1_schoice" title="1" adaptive="false" timeDependent="false" xmlns="http://www.imsglobal.org/xsd/imsqti_v2p1" xmlns:xsi="http://www.w3.org/2001/XMLSchema-instance">
<responseDeclaration identifier="uu-Twoway-ANOVA-801-nl-qti_352725705_section_1_item_1_schoice_RESPONSE_1_1223777" cardinality="single" baseType="identifier">
<correctResponse>
<value>uu-Twoway-ANOVA-801-nl-qti_352725705_section_1_item_1_schoice_3_3489386193</value>
</correctResponse>
<mapping defaultValue="0" lowerBound="0.0">
<mapEntry mapKey="uu-Twoway-ANOVA-801-nl-qti_352725705_section_1_item_1_schoice_1_4233654940" mappedValue="0"/>
<mapEntry mapKey="uu-Twoway-ANOVA-801-nl-qti_352725705_section_1_item_1_schoice_2_6756337665" mappedValue="0"/>
<mapEntry mapKey="uu-Twoway-ANOVA-801-nl-qti_352725705_section_1_item_1_schoice_3_3489386193" mappedValue="1"/>
<mapEntry mapKey="uu-Twoway-ANOVA-801-nl-qti_352725705_section_1_item_1_schoice_4_1915001021" mappedValue="0"/>
</mapping>
</responseDeclaration>
<outcomeDeclaration identifier="SCORE" cardinality="single" baseType="float" normalMaximum="1" normalMinimum="0">
<defaultValue>
<value>0.0</value>
</defaultValue>
</outcomeDeclaration>
<outcomeDeclaration identifier="MAXSCORE" cardinality="single" baseType="float">
<defaultValue>
<value>1</value>
</defaultValue>
</outcomeDeclaration>
<outcomeDeclaration identifier="FEEDBACKBASIC" cardinality="single" baseType="identifier" view="testConstructor">
<defaultValue>
<value>empty</value>
</defaultValue>
</outcomeDeclaration>
<outcomeDeclaration identifier="FEEDBACKMODAL" cardinality="multiple" baseType="identifier" view="testConstructor"/>
<outcomeDeclaration identifier="SOLUTIONMODAL" cardinality="single" baseType="identifier" view="testConstructor"/>
<outcomeDeclaration identifier="MINSCORE" cardinality="single" baseType="float">
<defaultValue>
<value baseType="float">0</value>
</defaultValue>
</outcomeDeclaration>
<outcomeDeclaration identifier="SCORE_RESPONSE_1" cardinality="single" baseType="float">
<defaultValue>
<value>0.0</value>
</defaultValue>
</outcomeDeclaration>
<outcomeDeclaration identifier="MINSCORE_RESPONSE_1" cardinality="single" baseType="float">
<defaultValue>
<value>0.0</value>
</defaultValue>
</outcomeDeclaration>
<itemBody>
<p>Prof. J. Richardson doet onderzoek naar dagelijks gedrag. Een van de dingen die onderzocht worden is hoe lang en hoe vaak mensen met een hond als huisdier ook daadwerkelijk met hun hond wandelen. Prof. Richardson denkt dat de lengte van de wandelingen wel eens samen kunnen hangen met leeftijd, want oudere mensen zijn meer thuis dan wat minder oude mensen die de hele dag moeten werken. Hij besluit om leeftijd te operationaliseren als wel of niet met pensioen. Ook kijkt hij naar locatie, waarbij hij bepaalt of de mensen vlak bij een park/buitengebied wonen (lekker om in te wandelen) of niet (bijvoorbeeld in de binnenstad).</p>
<p>Om de gemiddelde lengte van de wandelingen te vergelijken aan de hand van leeftijd en locatie, welke analyse techniek moet hij hier gebruiken?</p>
<choiceInteraction responseIdentifier="uu-Twoway-ANOVA-801-nl-qti_352725705_section_1_item_1_schoice_RESPONSE_1_1223777" shuffle="false" maxChoices="1">
<simpleChoice identifier="uu-Twoway-ANOVA-801-nl-qti_352725705_section_1_item_1_schoice_1_4233654940">
<p>
 Regressieanalyse
</p>
</simpleChoice>
<simpleChoice identifier="uu-Twoway-ANOVA-801-nl-qti_352725705_section_1_item_1_schoice_2_6756337665">
<p>
 Punt-biseriële correlatie
</p>
</simpleChoice>
<simpleChoice identifier="uu-Twoway-ANOVA-801-nl-qti_352725705_section_1_item_1_schoice_3_3489386193">
<p>
 Tweeweg ANOVA
</p>
</simpleChoice>
<simpleChoice identifier="uu-Twoway-ANOVA-801-nl-qti_352725705_section_1_item_1_schoice_4_1915001021">
<p>
 Eenweg ANOVA
</p>
</simpleChoice>
</choiceInteraction>
</itemBody>
<responseProcessing>
<setOutcomeValue identifier="SCORE_RESPONSE_1">
<sum>
<variable identifier="SCORE_RESPONSE_1"/>
<mapResponse identifier="uu-Twoway-ANOVA-801-nl-qti_352725705_section_1_item_1_schoice_RESPONSE_1_1223777"/>
</sum>
</setOutcomeValue>
<responseCondition>
<responseIf>
<lt>
<variable identifier="SCORE_RESPONSE_1"/>
<variable identifier="MINSCORE_RESPONSE_1"/>
</lt>
<setOutcomeValue identifier="SCORE_RESPONSE_1">
<variable identifier="MINSCORE_RESPONSE_1"/>
</setOutcomeValue>
</responseIf>
</responseCondition>
<responseCondition>
<responseIf>
<isNull>
<variable identifier="uu-Twoway-ANOVA-801-nl-qti_352725705_section_1_item_1_schoice_RESPONSE_1_1223777"/>
</isNull>
<setOutcomeValue identifier="SCORE_RESPONSE_1">
<sum>
<variable identifier="SCORE_RESPONSE_1"/>
<baseValue baseType="float">0</baseValue>
</sum>
</setOutcomeValue>
</responseIf>
</responseCondition>
<setOutcomeValue identifier="SCORE">
<sum>
<variable identifier="SCORE_RESPONSE_1"/>
</sum>
</setOutcomeValue>
<responseCondition>
<responseIf>
<lt>
<variable identifier="SCORE"/>
<variable identifier="MINSCORE"/>
</lt>
<setOutcomeValue identifier="SCORE">
<variable identifier="MINSCORE"/>
</setOutcomeValue>
</responseIf>
</responseCondition>
<responseCondition>
<responseIf>
<lt>
<variable identifier="SCORE"/>
<baseValue baseType="float">1</baseValue>
</lt>
<setOutcomeValue identifier="FEEDBACKMODAL">
<multiple>
<variable identifier="FEEDBACKMODAL"/>
<baseValue baseType="identifier">Feedback541475702</baseValue>
</multiple>
</setOutcomeValue>
</responseIf>
</responseCondition>
</responseProcessing>
<modalFeedback identifier="Feedback541475702" outcomeIdentifier="FEEDBACKMODAL" showHide="show">
<p>Er zijn in dit verhaal drie variabelen:
1) leeftijd (wel/niet pensioen), dichotoom, dus nominaal meetniveau
2) locatie (vlak bij een park/niet vlak bij een park), dichotoom, dus nominaal meetniveau
3) Lengte wandelingen (meters of km bijvoorbeeld), ratio, meetniveau</p>
<p>Het gaat er hier om dat de gemiddelde lengtes worden vergeleken tussen de leeftijds- en locatiegroepen, dan is de tweeweg ANOVA het meest geschikt. Er zijn namelijk twee factoren (leeftijd en locatie) en één afhankelijke variabele (lengte wandeling)</p>
<p>Een eenweg ANOVA kan niet, omdat je dan maar 1 factor hebt. Bij een regressie heb je ook maar 2 variabelen, plus dat beide variabelen van minimaal interval meetniveau moeten zijn. Een punt-biseriële correlatie kan ook niet omdat je ook maar 2 variabelen hebt; 1 dichotoom, de ander minimaal interval meetniveau. Daar is hier geen sprake van.</p>
<br />
<ul>
<li> Regressieanalyse <br /> Dit antwoord is incorrect. </li>
<li> Punt-biseriële correlatie <br /> Dit antwoord is incorrect. </li>
<li> Tweeweg ANOVA <br /> Dit antwoord is correct. </li>
<li> Eenweg ANOVA <br /> Dit antwoord is incorrect. </li>
</ul>
</modalFeedback>
</assessmentItem>
