<?xml version="1.0" encoding="utf-8" standalone="yes"?>
<assessmentItem identifier="vufgb-confidenceintervals-042-en-tv_202510071723_item_1_schoice" title="vufgb-confidenceintervals-042-en-tv_202510071723_item_1_schoice_vufgb-confidenceintervals-042-en" adaptive="false" timeDependent="false" toolName="Testvision Online" toolVersion="39.0.9084" xmlns="http://www.imsglobal.org/xsd/imsqti_v2p1">
<responseDeclaration identifier="RESPONSE" cardinality="single" baseType="identifier">
<correctResponse>
<value>alt_138251</value>
</correctResponse>
<mapping defaultValue="0" lowerBound="0.0">
<mapEntry mapKey="alt_138251" mappedValue="1"/>
<mapEntry mapKey="alt_115706" mappedValue="-0.333333333333333"/>
<mapEntry mapKey="alt_400825" mappedValue="-0.333333333333333"/>
<mapEntry mapKey="alt_786140" mappedValue="-0.333333333333333"/>
</mapping>
</responseDeclaration>
<outcomeDeclaration identifier="SCORE" cardinality="single" baseType="float" normalMaximum="1" normalMinimum="0" />
<outcomeDeclaration identifier="FEEDBACK" cardinality="single" baseType="identifier" />
<stylesheet href="css/vufgb-confidenceintervals-042-en-tv_202510071723_item_1_schoice.css" type="text/css" />
<itemBody>
<p>The confidence interval of a parameter consists of two elements, namely … and … .</p>
<choiceInteraction responseIdentifier="RESPONSE" shuffle="false" maxChoices="1">
<simpleChoice identifier="alt_138251">
<div class="textblock tvblock tvcss_1"><div class="rte_zone tveditor1">
 Point estimate; Margin of error
</div>
</div>
</simpleChoice>
<simpleChoice identifier="alt_115706">
<div class="textblock tvblock tvcss_1"><div class="rte_zone tveditor1">
 Point estimate; Standard error
</div>
</div>
</simpleChoice>
<simpleChoice identifier="alt_400825">
<div class="textblock tvblock tvcss_1"><div class="rte_zone tveditor1">
 Mean; Margin of error
</div>
</div>
</simpleChoice>
<simpleChoice identifier="alt_786140">
<div class="textblock tvblock tvcss_1"><div class="rte_zone tveditor1">
 Mean; Standard error
</div>
</div>
</simpleChoice>
</choiceInteraction>
</itemBody>
<responseProcessing>
<responseCondition>
<responseIf>
<isNull>
<variable identifier="RESPONSE"/>
</isNull>
<setOutcomeValue identifier="SCORE">
<baseValue baseType="float">0.0</baseValue>
</setOutcomeValue>
<setOutcomeValue identifier="FEEDBACK">
<baseValue baseType="identifier">FAILURE</baseValue>
</setOutcomeValue>
</responseIf>
<responseElse>
<setOutcomeValue identifier="SCORE">
<mapResponse identifier="RESPONSE"/>
</setOutcomeValue>
<responseCondition>
<responseIf>
<equal toleranceMode="relative" tolerance="0.001">
<variable identifier="SCORE"/>
<variable identifier="MAXSCORE"/>
</equal>
<setOutcomeValue identifier="FEEDBACK">
<baseValue baseType="identifier">ANSWER_CORRECT</baseValue>
</setOutcomeValue>
</responseIf>
<responseElse>
<setOutcomeValue identifier="FEEDBACK">
<baseValue baseType="identifier">FAILURE</baseValue>
</setOutcomeValue>
</responseElse>
</responseCondition>
</responseElse>
</responseCondition>
</responseProcessing>
<modalFeedback identifier="FAILURE" outcomeIdentifier="FEEDBACK" showHide="show">
<div class="textblock tvblock tvcss_1"><div class="rte_zone tveditor1">
<ul>
<li> Point estimate; Margin of error <br /> Correct </li>
<li> Point estimate; Standard error <br /> Incorrect </li>
<li> Mean; Margin of error <br /> Incorrect </li>
<li> Mean; Standard error <br /> Incorrect </li>
</ul>
</div>
</div>
</modalFeedback>
<modalFeedback identifier="ANSWER_CORRECT" outcomeIdentifier="FEEDBACK" showHide="show">
<div class="textblock tvblock tvcss_1"><div class="rte_zone tveditor1">
<ul>
<li> Point estimate; Margin of error <br /> Correct </li>
<li> Point estimate; Standard error <br /> Incorrect </li>
<li> Mean; Margin of error <br /> Incorrect </li>
<li> Mean; Standard error <br /> Incorrect </li>
</ul>
</div>
</div>
</modalFeedback>
<modalFeedback identifier="PARTIAL_CORRECT" outcomeIdentifier="FEEDBACK" showHide="show">
<div class="textblock tvblock tvcss_1"><div class="rte_zone tveditor1">
<ul>
<li> Point estimate; Margin of error <br /> Correct </li>
<li> Point estimate; Standard error <br /> Incorrect </li>
<li> Mean; Margin of error <br /> Incorrect </li>
<li> Mean; Standard error <br /> Incorrect </li>
</ul>
</div>
</div>
</modalFeedback>
</assessmentItem>
