<?xml version="1.0" encoding="UTF-8"?>
<!DOCTYPE questestinterop SYSTEM "ims_qtiasiv1p2p1.dtd">

<questestinterop xmlns="http://www.imsglobal.org/xsd/ims_qtiasiv1p2" xmlns:xsi="http://www.w3.org/2001/XMLSchema-instance" xsi:schemaLocation="http://www.imsglobal.org/xsd/ims_qtiasiv1p2 http://www.imsglobal.org/xsd/ims_qtiasiv1p2p1.xsd">
<assessment ident="uu-Twoway-ANOVA-840-nl-canvas_162961638" title="uu-Twoway-ANOVA-840-nl-canvas">

<qtimetadata>
<qtimetadatafield>
<fieldlabel>cc_maxattempts</fieldlabel>
<fieldentry>1</fieldentry>
</qtimetadatafield>
<qtimetadatafield>
<fieldlabel>qmd_assessmenttype</fieldlabel>
<fieldentry>Assessment</fieldentry>
</qtimetadatafield>
</qtimetadata>
<objectives>
<material>
<mattext><![CDATA[Please solve the following exercises.]]></mattext>
</material>
</objectives>
<assessmentcontrol feedbackswitch="No" hintswitch="No" solutionswitch="Yes"/>
<outcomes_processing scoremodel="SumOfScores">
<outcomes>
<decvar varname="SCORE" vartype="Decimal" cutvalue="0"/>
</outcomes>
</outcomes_processing>
<assessfeedback title="AssessmentFeedback" ident="AssessmentFeedback">
<flow_mat>
<material>
<mattext>##AssessmentFeedback##</mattext>
</material>
</flow_mat>
</assessfeedback>

<section ident="uu-Twoway-ANOVA-840-nl-canvas_162961638_section_1" title="Exercise">

<objectives>
<material>
<mattext><![CDATA[Please answer the following question.]]></mattext>
</material>
</objectives>
<selection_ordering>
<selection>
<selection_number>1</selection_number>
<selection_extension>
<points_per_item>1</points_per_item>
</selection_extension>
</selection>
<order order_type="Random"/>
</selection_ordering>

<item ident="uu-Twoway-ANOVA-840-nl-canvas_162961638_section_1_item_1_schoice" title="Question" maxattempts="1">
<itemcontrol feedbackswitch="No" hintswitch="No" solutionswitch="Yes"/>
<itemmetadata>
<qtimetadata>
<qtimetadatafield>
<fieldlabel>question_type</fieldlabel>
<fieldentry>multiple_choice_question</fieldentry>
</qtimetadatafield>
</qtimetadata>
</itemmetadata>
<presentation>
<flow>
<material>
<matbreak/>
<mattext texttype="text/html" charset="utf-8"><![CDATA[
<p>Uit onderzoek blijkt dat dove kinderen van dove ouders beter functioneren op het gebied van taal en op sociaal gebied. Ook academisch gezien scoren ze hoger dan dove kinderen van horende ouders. De onderzoeker K.L. Hamminga, S. de Vries en J.C. Walsen onderzochten bij 79 dove kinderen of dit ook het geval was voor de motorische ontwikkeling. Hierbij werd bovendien onderscheid gemaakt tussen dove kinderen die op een reguliere school zaten en dove kinderen die naar speciaal (doven)onderwijs gingen.
De proefpersonen werden at random uit de populatie van dove kinderen (6 tot en met 18 jaar) in Nederland getrokken, en getest op motorische ontwikkeling. Dit gebeurde aan de hand van een twaalf testjes zoals rennen, huppelen, springen, vangen ed. die met een camera werden opgenomen. Voor elke handeling is voor elke leeftijd een bepaald criterium vastgesteld, gebaseerd op standaard normen. Bij het bekijken van de video’s kreeg elk kind een punt wanneer het aan het criterium van een bepaalde handeling had voldaan, en kon dus minimaal 0 en maximaal 12 punten scoren. De onderzoekers voerden een tweeweg ANOVA uit.</p>
<p>De onderzoekers voerden een tweeweg ANOVA uit, waarvan de SPSS-output hieronder staat.</p>
<p><img src="data/supplements_1_1/uu-Twoway-ANOVA-840-nl-tabel.jpg" /></p>
<p>In de bovenstaande ANOVA tabel ontbreekt de waarde van Mean Square Error. Wat is de correcte waarde hiervan?</p>
]]></mattext>
<matbreak/>
</material>
<response_lid ident="uu-Twoway-ANOVA-840-nl-canvas_162961638_section_1_item_1_schoice_RESPONSE_3244493" rcardinality="Single" rtiming="No">
<render_choice shuffle="No">
<flow_label class="List">
<response_label ident="uu-Twoway-ANOVA-840-nl-canvas_162961638_section_1_item_1_schoice_7897715784" rshuffle="No">
<material>
<mattext texttype="text/html" charset="utf-8"><![CDATA[
 3.25
]]></mattext>
</material>
</response_label>
</flow_label>
<flow_label class="List">
<response_label ident="uu-Twoway-ANOVA-840-nl-canvas_162961638_section_1_item_1_schoice_4743085748" rshuffle="No">
<material>
<mattext texttype="text/html" charset="utf-8"><![CDATA[
 3.13
]]></mattext>
</material>
</response_label>
</flow_label>
<flow_label class="List">
<response_label ident="uu-Twoway-ANOVA-840-nl-canvas_162961638_section_1_item_1_schoice_8201689046" rshuffle="No">
<material>
<mattext texttype="text/html" charset="utf-8"><![CDATA[
 0.31
]]></mattext>
</material>
</response_label>
</flow_label>
<flow_label class="List">
<response_label ident="uu-Twoway-ANOVA-840-nl-canvas_162961638_section_1_item_1_schoice_9335621787" rshuffle="No">
<material>
<mattext texttype="text/html" charset="utf-8"><![CDATA[
 243.77
]]></mattext>
</material>
</response_label>
</flow_label>
</render_choice>
</response_lid>
</flow>
</presentation>
<resprocessing>
<outcomes>
<decvar varname="SCORE" vartype="Decimal" defaultval="0" minvalue="0" maxvalue="1" cutvalue="1"/>
</outcomes>
<respcondition title="Mastery" continue="No">
<conditionvar>
<and>
<varequal respident="uu-Twoway-ANOVA-840-nl-canvas_162961638_section_1_item_1_schoice_RESPONSE_3244493" case="Yes">uu-Twoway-ANOVA-840-nl-canvas_162961638_section_1_item_1_schoice_7897715784</varequal>
<not> <varequal respident="uu-Twoway-ANOVA-840-nl-canvas_162961638_section_1_item_1_schoice_RESPONSE_3244493" case="Yes">uu-Twoway-ANOVA-840-nl-canvas_162961638_section_1_item_1_schoice_4743085748</varequal> </not>
<not> <varequal respident="uu-Twoway-ANOVA-840-nl-canvas_162961638_section_1_item_1_schoice_RESPONSE_3244493" case="Yes">uu-Twoway-ANOVA-840-nl-canvas_162961638_section_1_item_1_schoice_8201689046</varequal> </not>
<not> <varequal respident="uu-Twoway-ANOVA-840-nl-canvas_162961638_section_1_item_1_schoice_RESPONSE_3244493" case="Yes">uu-Twoway-ANOVA-840-nl-canvas_162961638_section_1_item_1_schoice_9335621787</varequal> </not>
</and>
</conditionvar>
<setvar varname="SCORE" action="Set">1</setvar>
<displayfeedback feedbacktype="Response" linkrefid="correct_fb"/>
</respcondition>
<respcondition continue="Yes">
<conditionvar>
<other/>
</conditionvar>
<displayfeedback feedbacktype="Response" linkrefid="general_incorrect_fb"/>
</respcondition>
</resprocessing>
<itemfeedback ident="correct_fb" view="All">
<flow_mat>
<material>
<mattext texttype="text/html"><![CDATA[

]]></mattext>
</material>
</flow_mat>
</itemfeedback>
<itemfeedback ident="general_incorrect_fb" view="All">
<flow_mat>
<material>
<mattext texttype="text/html"><![CDATA[

]]></mattext>
</material>
</flow_mat>
</itemfeedback>
</item>


</section>

</assessment>
</questestinterop>
