<?xml version="1.0" encoding="utf-8" standalone="yes"?>
<assessmentItem identifier="uva-rules-for-expected-values-925-en-tv_202601131819_item_1_schoice" title="uva-rules-for-expected-values-925-en-tv_202601131819_item_1_schoice_uva-rules-for-expected-values-925-en" adaptive="false" timeDependent="false" toolName="Testvision Online" toolVersion="39.0.9084" xmlns="http://www.imsglobal.org/xsd/imsqti_v2p1">
<responseDeclaration identifier="RESPONSE" cardinality="single" baseType="identifier">
<correctResponse>
<value>alt_767730</value>
</correctResponse>
<mapping defaultValue="0" lowerBound="0.0">
<mapEntry mapKey="alt_991631" mappedValue="-0.333333333333333"/>
<mapEntry mapKey="alt_767730" mappedValue="1"/>
<mapEntry mapKey="alt_324677" mappedValue="-0.333333333333333"/>
<mapEntry mapKey="alt_800413" mappedValue="-0.333333333333333"/>
</mapping>
</responseDeclaration>
<outcomeDeclaration identifier="SCORE" cardinality="single" baseType="float" normalMaximum="1" normalMinimum="0" />
<outcomeDeclaration identifier="FEEDBACK" cardinality="single" baseType="identifier" />
<stylesheet href="css/uva-rules-for-expected-values-925-en-tv_202601131819_item_1_schoice.css" type="text/css" />
<itemBody>
<p>John just graduated. There are 1,000 freshmen on the waiting list for his room, but only one of them is randomly chosen to take over John’s room. John hopes this person likes to party and also snores. Below is a table in which the 1,000 students are categorized.</p>
<p>—————– ——– ————- ——– Snores Snores Not Snores Total Party animal 130 120 250 No party animal 230 520 750 Total 360 640 1000 —————– ——– ————- ——–</p>
<p>What is the probability of choosing a random person who does not snores nor likes partying?</p>
<choiceInteraction responseIdentifier="RESPONSE" shuffle="false" maxChoices="1">
<simpleChoice identifier="alt_991631">
<div class="textblock tvblock tvcss_1"><div class="rte_zone tveditor1">
 0,23
</div>
</div>
</simpleChoice>
<simpleChoice identifier="alt_767730">
<div class="textblock tvblock tvcss_1"><div class="rte_zone tveditor1">
 0,52
</div>
</div>
</simpleChoice>
<simpleChoice identifier="alt_324677">
<div class="textblock tvblock tvcss_1"><div class="rte_zone tveditor1">
 0,64
</div>
</div>
</simpleChoice>
<simpleChoice identifier="alt_800413">
<div class="textblock tvblock tvcss_1"><div class="rte_zone tveditor1">
 0,75
</div>
</div>
</simpleChoice>
</choiceInteraction>
</itemBody>
<responseProcessing>
<responseCondition>
<responseIf>
<isNull>
<variable identifier="RESPONSE"/>
</isNull>
<setOutcomeValue identifier="SCORE">
<baseValue baseType="float">0.0</baseValue>
</setOutcomeValue>
<setOutcomeValue identifier="FEEDBACK">
<baseValue baseType="identifier">FAILURE</baseValue>
</setOutcomeValue>
</responseIf>
<responseElse>
<setOutcomeValue identifier="SCORE">
<mapResponse identifier="RESPONSE"/>
</setOutcomeValue>
<responseCondition>
<responseIf>
<equal toleranceMode="relative" tolerance="0.001">
<variable identifier="SCORE"/>
<variable identifier="MAXSCORE"/>
</equal>
<setOutcomeValue identifier="FEEDBACK">
<baseValue baseType="identifier">ANSWER_CORRECT</baseValue>
</setOutcomeValue>
</responseIf>
<responseElse>
<setOutcomeValue identifier="FEEDBACK">
<baseValue baseType="identifier">FAILURE</baseValue>
</setOutcomeValue>
</responseElse>
</responseCondition>
</responseElse>
</responseCondition>
</responseProcessing>
<modalFeedback identifier="FAILURE" outcomeIdentifier="FEEDBACK" showHide="show">
<div class="textblock tvblock tvcss_1"><div class="rte_zone tveditor1">
<ul>
<li> 0,23 <br /> 0.23: Incorrect </li>
<li> 0,52 <br /> 0.52: Correct </li>
<li> 0,64 <br /> 0.64: Incorrect </li>
<li> 0,75 <br /> 0.75: Incorrect </li>
</ul>
</div>
</div>
</modalFeedback>
<modalFeedback identifier="ANSWER_CORRECT" outcomeIdentifier="FEEDBACK" showHide="show">
<div class="textblock tvblock tvcss_1"><div class="rte_zone tveditor1">
<ul>
<li> 0,23 <br /> 0.23: Incorrect </li>
<li> 0,52 <br /> 0.52: Correct </li>
<li> 0,64 <br /> 0.64: Incorrect </li>
<li> 0,75 <br /> 0.75: Incorrect </li>
</ul>
</div>
</div>
</modalFeedback>
<modalFeedback identifier="PARTIAL_CORRECT" outcomeIdentifier="FEEDBACK" showHide="show">
<div class="textblock tvblock tvcss_1"><div class="rte_zone tveditor1">
<ul>
<li> 0,23 <br /> 0.23: Incorrect </li>
<li> 0,52 <br /> 0.52: Correct </li>
<li> 0,64 <br /> 0.64: Incorrect </li>
<li> 0,75 <br /> 0.75: Incorrect </li>
</ul>
</div>
</div>
</modalFeedback>
</assessmentItem>
