<?xml version="1.0" encoding="utf-8" standalone="yes"?>
<assessmentItem identifier="vufsw-measuresofspread-0069-nl-tv_202406101042_item_1_schoice" title="vufsw-measuresofspread-0069-nl-tv_202406101042_item_1_schoice_vufsw-measuresofspread-0069-nl" adaptive="false" timeDependent="false" toolName="Testvision Online" toolVersion="39.0.9084" xmlns="http://www.imsglobal.org/xsd/imsqti_v2p1">
<responseDeclaration identifier="RESPONSE" cardinality="single" baseType="identifier">
<correctResponse>
<value>alt_633429</value>
</correctResponse>
<mapping defaultValue="0" lowerBound="0.0">
<mapEntry mapKey="alt_657057" mappedValue="-0.25"/>
<mapEntry mapKey="alt_558589" mappedValue="-0.25"/>
<mapEntry mapKey="alt_618074" mappedValue="-0.25"/>
<mapEntry mapKey="alt_633429" mappedValue="1"/>
<mapEntry mapKey="alt_860319" mappedValue="-0.25"/>
</mapping>
</responseDeclaration>
<outcomeDeclaration identifier="SCORE" cardinality="single" baseType="float" normalMaximum="1" normalMinimum="0" />
<outcomeDeclaration identifier="FEEDBACK" cardinality="single" baseType="identifier" />
<itemBody>
<p>Hieronder staan twee formules voor het berekenen van de standaardfout
van de steekproevenverdeling van een proportie, namelijk respectievelijk
de standaardfout (se) en de exacte standaardfout (se<sub>0</sub>).
Wanneer gebruik je welke formule? </p>
<p><img src="mediafiles/supplements1/Screen__Shot__2019-03-22__at__23.57.43.png" alt="image"/></p>
<p><img src="mediafiles/supplements1/Screen__Shot__2019-03-22__at__23.56.23.png" alt="image"/></p>
<choiceInteraction responseIdentifier="RESPONSE" shuffle="false" maxChoices="1">
<simpleChoice identifier="alt_657057">
<div class="textblock tvblock tvcss_1"><div class="rte_zone tveditor1">
 De standaardfout (se) gebruik je voor de alternatieve hypothese (H<sub>a</sub>) en de exacte standaardfout (se<sub>0</sub>) gebruik je voor de nulhypothese (H<sub>0</sub>).
</div>
</div>
</simpleChoice>
<simpleChoice identifier="alt_558589">
<div class="textblock tvblock tvcss_1"><div class="rte_zone tveditor1">
 De standaardfout (se) gebruik je bij een t-verdeling en de exacte standaardfout (se<sub>0</sub>) gebruik je bij de Standaard Normale Verdeling (de z-verdeling).
</div>
</div>
</simpleChoice>
<simpleChoice identifier="alt_618074">
<div class="textblock tvblock tvcss_1"><div class="rte_zone tveditor1">
 De standaardfout (se) gebruik je bij een categorische variabele en de exacte standaardfout (se<sub>0</sub>) bij een kwantitatieve variabele.
</div>
</div>
</simpleChoice>
<simpleChoice identifier="alt_633429">
<div class="textblock tvblock tvcss_1"><div class="rte_zone tveditor1">
 De standaardfout (se) gebruik je bij het berekenen van een betrouwbaarheidsinterval en de exacte standaardfout (se<sub>0</sub>) bij het toetsen van een hypothese.
</div>
</div>
</simpleChoice>
<simpleChoice identifier="alt_860319">
<div class="textblock tvblock tvcss_1"><div class="rte_zone tveditor1">
 De standaardfout (se) gebruik je bij voor <strong>steekproef</strong>verdeling en de exacte standaardfout (se<sub>0</sub>) voor de <strong>steekproeven</strong>verdeling.
</div>
</div>
</simpleChoice>
</choiceInteraction>
</itemBody>
<responseProcessing>
<responseCondition>
<responseIf>
<isNull>
<variable identifier="RESPONSE"/>
</isNull>
<setOutcomeValue identifier="SCORE">
<baseValue baseType="float">0.0</baseValue>
</setOutcomeValue>
<setOutcomeValue identifier="FEEDBACK">
<baseValue baseType="identifier">FAILURE</baseValue>
</setOutcomeValue>
</responseIf>
<responseElse>
<setOutcomeValue identifier="SCORE">
<mapResponse identifier="RESPONSE"/>
</setOutcomeValue>
<responseCondition>
<responseIf>
<equal toleranceMode="relative" tolerance="0.001">
<variable identifier="SCORE"/>
<variable identifier="MAXSCORE"/>
</equal>
<setOutcomeValue identifier="FEEDBACK">
<baseValue baseType="identifier">ANSWER_CORRECT</baseValue>
</setOutcomeValue>
</responseIf>
<responseElse>
<setOutcomeValue identifier="FEEDBACK">
<baseValue baseType="identifier">FAILURE</baseValue>
</setOutcomeValue>
</responseElse>
</responseCondition>
</responseElse>
</responseCondition>
</responseProcessing>
<modalFeedback identifier="FAILURE" outcomeIdentifier="FEEDBACK" showHide="show">
<div class="textblock tvblock tvcss_1"><div class="rte_zone tveditor1">
<ul>
<li> De standaardfout (se) gebruik je voor de alternatieve hypothese (H<sub>a</sub>) en de exacte standaardfout (se<sub>0</sub>) gebruik je voor de nulhypothese (H<sub>0</sub>). <br /> False </li>
<li> De standaardfout (se) gebruik je bij een t-verdeling en de exacte standaardfout (se<sub>0</sub>) gebruik je bij de Standaard Normale Verdeling (de z-verdeling). <br /> False </li>
<li> De standaardfout (se) gebruik je bij een categorische variabele en de exacte standaardfout (se<sub>0</sub>) bij een kwantitatieve variabele. <br /> False </li>
<li> De standaardfout (se) gebruik je bij het berekenen van een betrouwbaarheidsinterval en de exacte standaardfout (se<sub>0</sub>) bij het toetsen van een hypothese. <br /> True </li>
<li> De standaardfout (se) gebruik je bij voor <strong>steekproef</strong>verdeling en de exacte standaardfout (se<sub>0</sub>) voor de <strong>steekproeven</strong>verdeling. <br /> False </li>
</ul>
</div>
</div>
</modalFeedback>
<modalFeedback identifier="ANSWER_CORRECT" outcomeIdentifier="FEEDBACK" showHide="show">
<div class="textblock tvblock tvcss_1"><div class="rte_zone tveditor1">
<ul>
<li> De standaardfout (se) gebruik je voor de alternatieve hypothese (H<sub>a</sub>) en de exacte standaardfout (se<sub>0</sub>) gebruik je voor de nulhypothese (H<sub>0</sub>). <br /> False </li>
<li> De standaardfout (se) gebruik je bij een t-verdeling en de exacte standaardfout (se<sub>0</sub>) gebruik je bij de Standaard Normale Verdeling (de z-verdeling). <br /> False </li>
<li> De standaardfout (se) gebruik je bij een categorische variabele en de exacte standaardfout (se<sub>0</sub>) bij een kwantitatieve variabele. <br /> False </li>
<li> De standaardfout (se) gebruik je bij het berekenen van een betrouwbaarheidsinterval en de exacte standaardfout (se<sub>0</sub>) bij het toetsen van een hypothese. <br /> True </li>
<li> De standaardfout (se) gebruik je bij voor <strong>steekproef</strong>verdeling en de exacte standaardfout (se<sub>0</sub>) voor de <strong>steekproeven</strong>verdeling. <br /> False </li>
</ul>
</div>
</div>
</modalFeedback>
<modalFeedback identifier="PARTIAL_CORRECT" outcomeIdentifier="FEEDBACK" showHide="show">
<div class="textblock tvblock tvcss_1"><div class="rte_zone tveditor1">
<ul>
<li> De standaardfout (se) gebruik je voor de alternatieve hypothese (H<sub>a</sub>) en de exacte standaardfout (se<sub>0</sub>) gebruik je voor de nulhypothese (H<sub>0</sub>). <br /> False </li>
<li> De standaardfout (se) gebruik je bij een t-verdeling en de exacte standaardfout (se<sub>0</sub>) gebruik je bij de Standaard Normale Verdeling (de z-verdeling). <br /> False </li>
<li> De standaardfout (se) gebruik je bij een categorische variabele en de exacte standaardfout (se<sub>0</sub>) bij een kwantitatieve variabele. <br /> False </li>
<li> De standaardfout (se) gebruik je bij het berekenen van een betrouwbaarheidsinterval en de exacte standaardfout (se<sub>0</sub>) bij het toetsen van een hypothese. <br /> True </li>
<li> De standaardfout (se) gebruik je bij voor <strong>steekproef</strong>verdeling en de exacte standaardfout (se<sub>0</sub>) voor de <strong>steekproeven</strong>verdeling. <br /> False </li>
</ul>
</div>
</div>
</modalFeedback>
</assessmentItem>
