<?xml version="1.0" encoding="utf-8" standalone="yes"?>
<assessmentItem identifier="vufgb-summarystatistics-003-nl-tv_202601131820_item_1_schoice" title="vufgb-summarystatistics-003-nl-tv_202601131820_item_1_schoice_vufgb-summarystatistics-003-nl" adaptive="false" timeDependent="false" toolName="Testvision Online" toolVersion="39.0.9084" xmlns="http://www.imsglobal.org/xsd/imsqti_v2p1">
<responseDeclaration identifier="RESPONSE" cardinality="single" baseType="identifier">
<correctResponse>
<value>alt_302885</value>
</correctResponse>
<mapping defaultValue="0" lowerBound="0.0">
<mapEntry mapKey="alt_167203" mappedValue="-0.333333333333333"/>
<mapEntry mapKey="alt_302885" mappedValue="1"/>
<mapEntry mapKey="alt_171400" mappedValue="-0.333333333333333"/>
<mapEntry mapKey="alt_591692" mappedValue="-0.333333333333333"/>
</mapping>
</responseDeclaration>
<outcomeDeclaration identifier="SCORE" cardinality="single" baseType="float" normalMaximum="1" normalMinimum="0" />
<outcomeDeclaration identifier="FEEDBACK" cardinality="single" baseType="identifier" />
<stylesheet href="css/vufgb-summarystatistics-003-nl-tv_202601131820_item_1_schoice.css" type="text/css" />
<itemBody>
<p>De verdeling van twee variabelen (A en B) wordt weergegeven door onderstaande <strong>boxplots</strong>.</p>
<p>Het gemiddelde van variabele A ….I…. de mediaan. De verdeling van variabele B …..II…….</p>
<p><img src="mediafiles/supplements1/vufgb-summarystatistics-003-nl-boxplot01.jpg" alt="image"/></p>
<choiceInteraction responseIdentifier="RESPONSE" shuffle="false" maxChoices="1">
<simpleChoice identifier="alt_167203">
<div class="textblock tvblock tvcss_1"><div class="rte_zone tveditor1">
 I: valt samen met, II: ligt scheef naar links
</div>
</div>
</simpleChoice>
<simpleChoice identifier="alt_302885">
<div class="textblock tvblock tvcss_1"><div class="rte_zone tveditor1">
 I: ligt links van, II: ligt scheef naar rechts
</div>
</div>
</simpleChoice>
<simpleChoice identifier="alt_171400">
<div class="textblock tvblock tvcss_1"><div class="rte_zone tveditor1">
 I: valt samen met, II: ligt scheef naar rechts
</div>
</div>
</simpleChoice>
<simpleChoice identifier="alt_591692">
<div class="textblock tvblock tvcss_1"><div class="rte_zone tveditor1">
 I: ligt rechts van, II: is symmetrisch.
</div>
</div>
</simpleChoice>
</choiceInteraction>
</itemBody>
<responseProcessing>
<responseCondition>
<responseIf>
<isNull>
<variable identifier="RESPONSE"/>
</isNull>
<setOutcomeValue identifier="SCORE">
<baseValue baseType="float">0.0</baseValue>
</setOutcomeValue>
<setOutcomeValue identifier="FEEDBACK">
<baseValue baseType="identifier">FAILURE</baseValue>
</setOutcomeValue>
</responseIf>
<responseElse>
<setOutcomeValue identifier="SCORE">
<mapResponse identifier="RESPONSE"/>
</setOutcomeValue>
<responseCondition>
<responseIf>
<equal toleranceMode="relative" tolerance="0.001">
<variable identifier="SCORE"/>
<variable identifier="MAXSCORE"/>
</equal>
<setOutcomeValue identifier="FEEDBACK">
<baseValue baseType="identifier">ANSWER_CORRECT</baseValue>
</setOutcomeValue>
</responseIf>
<responseElse>
<setOutcomeValue identifier="FEEDBACK">
<baseValue baseType="identifier">FAILURE</baseValue>
</setOutcomeValue>
</responseElse>
</responseCondition>
</responseElse>
</responseCondition>
</responseProcessing>
<modalFeedback identifier="FAILURE" outcomeIdentifier="FEEDBACK" showHide="show">
<div class="textblock tvblock tvcss_1"><div class="rte_zone tveditor1">
<ul>
<li> I: valt samen met, II: ligt scheef naar links <br /> Incorrect </li>
<li> I: ligt links van, II: ligt scheef naar rechts <br /> Correct </li>
<li> I: valt samen met, II: ligt scheef naar rechts <br /> Incorrect </li>
<li> I: ligt rechts van, II: is symmetrisch. <br /> Incorrect </li>
</ul>
</div>
</div>
</modalFeedback>
<modalFeedback identifier="ANSWER_CORRECT" outcomeIdentifier="FEEDBACK" showHide="show">
<div class="textblock tvblock tvcss_1"><div class="rte_zone tveditor1">
<ul>
<li> I: valt samen met, II: ligt scheef naar links <br /> Incorrect </li>
<li> I: ligt links van, II: ligt scheef naar rechts <br /> Correct </li>
<li> I: valt samen met, II: ligt scheef naar rechts <br /> Incorrect </li>
<li> I: ligt rechts van, II: is symmetrisch. <br /> Incorrect </li>
</ul>
</div>
</div>
</modalFeedback>
<modalFeedback identifier="PARTIAL_CORRECT" outcomeIdentifier="FEEDBACK" showHide="show">
<div class="textblock tvblock tvcss_1"><div class="rte_zone tveditor1">
<ul>
<li> I: valt samen met, II: ligt scheef naar links <br /> Incorrect </li>
<li> I: ligt links van, II: ligt scheef naar rechts <br /> Correct </li>
<li> I: valt samen met, II: ligt scheef naar rechts <br /> Incorrect </li>
<li> I: ligt rechts van, II: is symmetrisch. <br /> Incorrect </li>
</ul>
</div>
</div>
</modalFeedback>
</assessmentItem>
