<?xml version="1.0" encoding="utf-8" standalone="yes"?>
<assessmentItem identifier="uva-simple-linear-regression-890-en-tv_202601131823_item_1_schoice" title="uva-simple-linear-regression-890-en-tv_202601131823_item_1_schoice_uva-simple-linear-regression-890-en" adaptive="false" timeDependent="false" toolName="Testvision Online" toolVersion="39.0.9084" xmlns="http://www.imsglobal.org/xsd/imsqti_v2p1">
<responseDeclaration identifier="RESPONSE" cardinality="single" baseType="identifier">
<correctResponse>
<value>alt_214982</value>
</correctResponse>
<mapping defaultValue="0" lowerBound="0.0">
<mapEntry mapKey="alt_214982" mappedValue="1"/>
<mapEntry mapKey="alt_163263" mappedValue="-0.5"/>
<mapEntry mapKey="alt_292650" mappedValue="-0.5"/>
</mapping>
</responseDeclaration>
<outcomeDeclaration identifier="SCORE" cardinality="single" baseType="float" normalMaximum="1" normalMinimum="0" />
<outcomeDeclaration identifier="FEEDBACK" cardinality="single" baseType="identifier" />
<stylesheet href="css/uva-simple-linear-regression-890-en-tv_202601131823_item_1_schoice.css" type="text/css" />
<itemBody>
<p>When testing for a coefficient from a multiple regression with three <em>explanatory variables</em>, the null hypothesis that states that the coefficient is 0 against the alternative that the coefficient is unequal to 0 is. The coefficient is <em>b</em><sub>1</sub> = 2.3 with <em>se</em> = 1.5 and there are 16 degrees of freedom. Then the null hypothesis</p>
<choiceInteraction responseIdentifier="RESPONSE" shuffle="false" maxChoices="1">
<simpleChoice identifier="alt_214982">
<div class="textblock tvblock tvcss_1"><div class="rte_zone tveditor1">
 Be rejected at 0.20 but not at 0.10.
</div>
</div>
</simpleChoice>
<simpleChoice identifier="alt_163263">
<div class="textblock tvblock tvcss_1"><div class="rte_zone tveditor1">
 Be rejected at 0.10 but not at 0.05.
</div>
</div>
</simpleChoice>
<simpleChoice identifier="alt_292650">
<div class="textblock tvblock tvcss_1"><div class="rte_zone tveditor1">
 Be rejected at 0.05 but not at 0.02.
</div>
</div>
</simpleChoice>
</choiceInteraction>
</itemBody>
<responseProcessing>
<responseCondition>
<responseIf>
<isNull>
<variable identifier="RESPONSE"/>
</isNull>
<setOutcomeValue identifier="SCORE">
<baseValue baseType="float">0.0</baseValue>
</setOutcomeValue>
<setOutcomeValue identifier="FEEDBACK">
<baseValue baseType="identifier">FAILURE</baseValue>
</setOutcomeValue>
</responseIf>
<responseElse>
<setOutcomeValue identifier="SCORE">
<mapResponse identifier="RESPONSE"/>
</setOutcomeValue>
<responseCondition>
<responseIf>
<equal toleranceMode="relative" tolerance="0.001">
<variable identifier="SCORE"/>
<variable identifier="MAXSCORE"/>
</equal>
<setOutcomeValue identifier="FEEDBACK">
<baseValue baseType="identifier">ANSWER_CORRECT</baseValue>
</setOutcomeValue>
</responseIf>
<responseElse>
<setOutcomeValue identifier="FEEDBACK">
<baseValue baseType="identifier">FAILURE</baseValue>
</setOutcomeValue>
</responseElse>
</responseCondition>
</responseElse>
</responseCondition>
</responseProcessing>
<modalFeedback identifier="FAILURE" outcomeIdentifier="FEEDBACK" showHide="show">
<div class="textblock tvblock tvcss_1"><div class="rte_zone tveditor1">
<ul>
<li> Be rejected at 0.20 but not at 0.10. <br /> Are rejected at 0.20 but not at 0.10.: Correct </li>
<li> Be rejected at 0.10 but not at 0.05. <br /> Are rejected at 0.10 but not at 0.05.: Incorrect </li>
<li> Be rejected at 0.05 but not at 0.02. <br /> Are rejected at 0.05 but not at 0.02.: Incorrect </li>
</ul>
</div>
</div>
</modalFeedback>
<modalFeedback identifier="ANSWER_CORRECT" outcomeIdentifier="FEEDBACK" showHide="show">
<div class="textblock tvblock tvcss_1"><div class="rte_zone tveditor1">
<ul>
<li> Be rejected at 0.20 but not at 0.10. <br /> Are rejected at 0.20 but not at 0.10.: Correct </li>
<li> Be rejected at 0.10 but not at 0.05. <br /> Are rejected at 0.10 but not at 0.05.: Incorrect </li>
<li> Be rejected at 0.05 but not at 0.02. <br /> Are rejected at 0.05 but not at 0.02.: Incorrect </li>
</ul>
</div>
</div>
</modalFeedback>
<modalFeedback identifier="PARTIAL_CORRECT" outcomeIdentifier="FEEDBACK" showHide="show">
<div class="textblock tvblock tvcss_1"><div class="rte_zone tveditor1">
<ul>
<li> Be rejected at 0.20 but not at 0.10. <br /> Are rejected at 0.20 but not at 0.10.: Correct </li>
<li> Be rejected at 0.10 but not at 0.05. <br /> Are rejected at 0.10 but not at 0.05.: Incorrect </li>
<li> Be rejected at 0.05 but not at 0.02. <br /> Are rejected at 0.05 but not at 0.02.: Incorrect </li>
</ul>
</div>
</div>
</modalFeedback>
</assessmentItem>
