<?xml version="1.0" encoding="UTF-8"?>
<assessmentItem xsi:schemaLocation="http://www.imsglobal.org/xsd/imsqti_v2p1 http://www.imsglobal.org/xsd/qti/qtiv2p1/imsqti_v2p1p1.xsd http://www.w3.org/1998/Math/MathML http://www.w3.org/Math/XMLSchema/mathml2/mathml2.xsd" identifier="uva-paired-samples-1823-en-ans_621221416_section_1_item_1_schoice" title="Inferential_Statistics_uva-paired-samples-1823-en_uva-paired-samples-1823-en_schoice_1" adaptive="false" timeDependent="false" xmlns="http://www.imsglobal.org/xsd/imsqti_v2p1" xmlns:xsi="http://www.w3.org/2001/XMLSchema-instance">
<responseDeclaration identifier="uva-paired-samples-1823-en-ans_621221416_section_1_item_1_schoice_RESPONSE_1_4054174" cardinality="single" baseType="identifier">
<correctResponse>
<value>uva-paired-samples-1823-en-ans_621221416_section_1_item_1_schoice_2_6911730631</value>
</correctResponse>
<mapping defaultValue="0" lowerBound="0.0">
<mapEntry mapKey="uva-paired-samples-1823-en-ans_621221416_section_1_item_1_schoice_1_5078411975" mappedValue="0"/>
<mapEntry mapKey="uva-paired-samples-1823-en-ans_621221416_section_1_item_1_schoice_2_6911730631" mappedValue="1"/>
<mapEntry mapKey="uva-paired-samples-1823-en-ans_621221416_section_1_item_1_schoice_3_8204486328" mappedValue="0"/>
<mapEntry mapKey="uva-paired-samples-1823-en-ans_621221416_section_1_item_1_schoice_4_6674971187" mappedValue="0"/>
</mapping>
</responseDeclaration>
<outcomeDeclaration identifier="SCORE" cardinality="single" baseType="float" normalMaximum="1" normalMinimum="0">
<defaultValue>
<value>0.0</value>
</defaultValue>
</outcomeDeclaration>
<outcomeDeclaration identifier="MAXSCORE" cardinality="single" baseType="float">
<defaultValue>
<value>1</value>
</defaultValue>
</outcomeDeclaration>
<outcomeDeclaration identifier="FEEDBACKBASIC" cardinality="single" baseType="identifier" view="testConstructor">
<defaultValue>
<value>empty</value>
</defaultValue>
</outcomeDeclaration>
<outcomeDeclaration identifier="FEEDBACKMODAL" cardinality="multiple" baseType="identifier" view="testConstructor"/>
<outcomeDeclaration identifier="SOLUTIONMODAL" cardinality="single" baseType="identifier" view="testConstructor"/>
<outcomeDeclaration identifier="MINSCORE" cardinality="single" baseType="float">
<defaultValue>
<value baseType="float">0</value>
</defaultValue>
</outcomeDeclaration>
<outcomeDeclaration identifier="SCORE_RESPONSE_1" cardinality="single" baseType="float">
<defaultValue>
<value>0.0</value>
</defaultValue>
</outcomeDeclaration>
<outcomeDeclaration identifier="MINSCORE_RESPONSE_1" cardinality="single" baseType="float">
<defaultValue>
<value>0.0</value>
</defaultValue>
</outcomeDeclaration>
<itemBody>
<p>Of 7 subjects, before and after a given effort of force, the heart rate is measured. We want to test whether the average heart rate before and after the effort is equal. Of the 7 differences between pre- and post-measurement the mean is 34 and the standard deviation is 32. The value of the test size of the paired T test is then</p>
<choiceInteraction responseIdentifier="uva-paired-samples-1823-en-ans_621221416_section_1_item_1_schoice_RESPONSE_1_4054174" shuffle="false" maxChoices="1">
<simpleChoice identifier="uva-paired-samples-1823-en-ans_621221416_section_1_item_1_schoice_1_5078411975">
<p>
 2.44
</p>
</simpleChoice>
<simpleChoice identifier="uva-paired-samples-1823-en-ans_621221416_section_1_item_1_schoice_2_6911730631">
<p>
 2.81
</p>
</simpleChoice>
<simpleChoice identifier="uva-paired-samples-1823-en-ans_621221416_section_1_item_1_schoice_3_8204486328">
<p>
 2.85
</p>
</simpleChoice>
<simpleChoice identifier="uva-paired-samples-1823-en-ans_621221416_section_1_item_1_schoice_4_6674971187">
<p>
 8.46
</p>
</simpleChoice>
</choiceInteraction>
</itemBody>
<responseProcessing>
<setOutcomeValue identifier="SCORE_RESPONSE_1">
<sum>
<variable identifier="SCORE_RESPONSE_1"/>
<mapResponse identifier="uva-paired-samples-1823-en-ans_621221416_section_1_item_1_schoice_RESPONSE_1_4054174"/>
</sum>
</setOutcomeValue>
<responseCondition>
<responseIf>
<lt>
<variable identifier="SCORE_RESPONSE_1"/>
<variable identifier="MINSCORE_RESPONSE_1"/>
</lt>
<setOutcomeValue identifier="SCORE_RESPONSE_1">
<variable identifier="MINSCORE_RESPONSE_1"/>
</setOutcomeValue>
</responseIf>
</responseCondition>
<responseCondition>
<responseIf>
<isNull>
<variable identifier="uva-paired-samples-1823-en-ans_621221416_section_1_item_1_schoice_RESPONSE_1_4054174"/>
</isNull>
<setOutcomeValue identifier="SCORE_RESPONSE_1">
<sum>
<variable identifier="SCORE_RESPONSE_1"/>
<baseValue baseType="float">0</baseValue>
</sum>
</setOutcomeValue>
</responseIf>
</responseCondition>
<setOutcomeValue identifier="SCORE">
<sum>
<variable identifier="SCORE_RESPONSE_1"/>
</sum>
</setOutcomeValue>
<responseCondition>
<responseIf>
<lt>
<variable identifier="SCORE"/>
<variable identifier="MINSCORE"/>
</lt>
<setOutcomeValue identifier="SCORE">
<variable identifier="MINSCORE"/>
</setOutcomeValue>
</responseIf>
</responseCondition>
<responseCondition>
<responseIf>
<lt>
<variable identifier="SCORE"/>
<baseValue baseType="float">1</baseValue>
</lt>
<setOutcomeValue identifier="FEEDBACKMODAL">
<multiple>
<variable identifier="FEEDBACKMODAL"/>
<baseValue baseType="identifier">Feedback189552149</baseValue>
</multiple>
</setOutcomeValue>
</responseIf>
</responseCondition>
</responseProcessing>
<modalFeedback outcomeIdentifier="FEEDBACK" showHide="show" identifier="incorrect">
<ul>
<li> 2.44 <br /> 2.44: Incorrect </li>
<li> 2.81 <br /> 2.81: Correct </li>
<li> 2.85 <br /> 2.85: Incorrect </li>
<li> 8.46 <br /> 8.46: Incorrect </li>
</ul>
</modalFeedback>
</assessmentItem>
