<?xml version="1.0" encoding="utf-8" standalone="yes"?>
<assessmentItem identifier="uu-Multiple-linear-regression-800-en-tv_202601131821_item_1_schoice" title="uu-Multiple-linear-regression-800-en-tv_202601131821_item_1_schoice_uu-Multiple-linear-regression-800-en" adaptive="false" timeDependent="false" toolName="Testvision Online" toolVersion="39.0.9084" xmlns="http://www.imsglobal.org/xsd/imsqti_v2p1">
<responseDeclaration identifier="RESPONSE" cardinality="single" baseType="identifier">
<correctResponse>
<value>alt_837169</value>
</correctResponse>
<mapping defaultValue="0" lowerBound="0.0">
<mapEntry mapKey="alt_526123" mappedValue="-0.333333333333333"/>
<mapEntry mapKey="alt_415538" mappedValue="-0.333333333333333"/>
<mapEntry mapKey="alt_386317" mappedValue="-0.333333333333333"/>
<mapEntry mapKey="alt_837169" mappedValue="1"/>
</mapping>
</responseDeclaration>
<outcomeDeclaration identifier="SCORE" cardinality="single" baseType="float" normalMaximum="1" normalMinimum="0" />
<outcomeDeclaration identifier="FEEDBACK" cardinality="single" baseType="identifier" />
<stylesheet href="css/uu-Multiple-linear-regression-800-en-tv_202601131821_item_1_schoice.css" type="text/css" />
<itemBody>
<p>Using data from a study of adolescent fear of failure, an analysis examined the influence of age (Age), sex (Gender), maternal age (Age_M) and degree of neuroticism (NEURO) on fear of failure.</p>
<p>The table below shows the regression coefficients of the four predictors for the dependent variable degree of fear of failure (FAILURE).</p>
<p><img src="mediafiles/supplements1/uu-Multiple-linear-regression-800-nl-tabel.jpg" alt="image"/></p>
<p>Which predictor (given the other three predictors) contributes most to the prediction of the dependent variable fear of failure?</p>
<choiceInteraction responseIdentifier="RESPONSE" shuffle="false" maxChoices="1">
<simpleChoice identifier="alt_526123">
<div class="textblock tvblock tvcss_1"><div class="rte_zone tveditor1">
 Age of the mother
</div>
</div>
</simpleChoice>
<simpleChoice identifier="alt_415538">
<div class="textblock tvblock tvcss_1"><div class="rte_zone tveditor1">
 Gender of the adolescent
</div>
</div>
</simpleChoice>
<simpleChoice identifier="alt_386317">
<div class="textblock tvblock tvcss_1"><div class="rte_zone tveditor1">
 Age of the adolescent
</div>
</div>
</simpleChoice>
<simpleChoice identifier="alt_837169">
<div class="textblock tvblock tvcss_1"><div class="rte_zone tveditor1">
 Neuroticism
</div>
</div>
</simpleChoice>
</choiceInteraction>
</itemBody>
<responseProcessing>
<responseCondition>
<responseIf>
<isNull>
<variable identifier="RESPONSE"/>
</isNull>
<setOutcomeValue identifier="SCORE">
<baseValue baseType="float">0.0</baseValue>
</setOutcomeValue>
<setOutcomeValue identifier="FEEDBACK">
<baseValue baseType="identifier">FAILURE</baseValue>
</setOutcomeValue>
</responseIf>
<responseElse>
<setOutcomeValue identifier="SCORE">
<mapResponse identifier="RESPONSE"/>
</setOutcomeValue>
<responseCondition>
<responseIf>
<equal toleranceMode="relative" tolerance="0.001">
<variable identifier="SCORE"/>
<variable identifier="MAXSCORE"/>
</equal>
<setOutcomeValue identifier="FEEDBACK">
<baseValue baseType="identifier">ANSWER_CORRECT</baseValue>
</setOutcomeValue>
</responseIf>
<responseElse>
<setOutcomeValue identifier="FEEDBACK">
<baseValue baseType="identifier">FAILURE</baseValue>
</setOutcomeValue>
</responseElse>
</responseCondition>
</responseElse>
</responseCondition>
</responseProcessing>
<modalFeedback identifier="FAILURE" outcomeIdentifier="FEEDBACK" showHide="show">
<div class="textblock tvblock tvcss_1"><div class="rte_zone tveditor1">
</div>
</div>
</modalFeedback>
<modalFeedback identifier="ANSWER_CORRECT" outcomeIdentifier="FEEDBACK" showHide="show">
<div class="textblock tvblock tvcss_1"><div class="rte_zone tveditor1">
</div>
</div>
</modalFeedback>
<modalFeedback identifier="PARTIAL_CORRECT" outcomeIdentifier="FEEDBACK" showHide="show">
<div class="textblock tvblock tvcss_1"><div class="rte_zone tveditor1">
</div>
</div>
</modalFeedback>
</assessmentItem>
