<?xml version="1.0" encoding="utf-8" standalone="yes"?>
<assessmentItem identifier="uva-conditional-probability-684-en-tv_202601131819_item_1_schoice" title="uva-conditional-probability-684-en-tv_202601131819_item_1_schoice_uva-conditional-probability-684-en" adaptive="false" timeDependent="false" toolName="Testvision Online" toolVersion="39.0.9084" xmlns="http://www.imsglobal.org/xsd/imsqti_v2p1">
<responseDeclaration identifier="RESPONSE" cardinality="single" baseType="identifier">
<correctResponse>
<value>alt_450587</value>
</correctResponse>
<mapping defaultValue="0" lowerBound="0.0">
<mapEntry mapKey="alt_710817" mappedValue="-0.333333333333333"/>
<mapEntry mapKey="alt_943377" mappedValue="-0.333333333333333"/>
<mapEntry mapKey="alt_450587" mappedValue="1"/>
<mapEntry mapKey="alt_109253" mappedValue="-0.333333333333333"/>
</mapping>
</responseDeclaration>
<outcomeDeclaration identifier="SCORE" cardinality="single" baseType="float" normalMaximum="1" normalMinimum="0" />
<outcomeDeclaration identifier="FEEDBACK" cardinality="single" baseType="identifier" />
<stylesheet href="css/uva-conditional-probability-684-en-tv_202601131819_item_1_schoice.css" type="text/css" />
<itemBody>
<p>Randomly select an employee in a firm. A is the set of all female employees and B of the employees with a managerial position. We assume that A and B are independent of each other. It holds that P(A) = 0.46, P(B) = 0.15. what is the conditional probability that choose a woman, if it is given that the randomly chosen person has a managerial position?</p>
<choiceInteraction responseIdentifier="RESPONSE" shuffle="false" maxChoices="1">
<simpleChoice identifier="alt_710817">
<div class="textblock tvblock tvcss_1"><div class="rte_zone tveditor1">
 0,15
</div>
</div>
</simpleChoice>
<simpleChoice identifier="alt_943377">
<div class="textblock tvblock tvcss_1"><div class="rte_zone tveditor1">
 0,32
</div>
</div>
</simpleChoice>
<simpleChoice identifier="alt_450587">
<div class="textblock tvblock tvcss_1"><div class="rte_zone tveditor1">
 0,46
</div>
</div>
</simpleChoice>
<simpleChoice identifier="alt_109253">
<div class="textblock tvblock tvcss_1"><div class="rte_zone tveditor1">
 0,78
</div>
</div>
</simpleChoice>
</choiceInteraction>
</itemBody>
<responseProcessing>
<responseCondition>
<responseIf>
<isNull>
<variable identifier="RESPONSE"/>
</isNull>
<setOutcomeValue identifier="SCORE">
<baseValue baseType="float">0.0</baseValue>
</setOutcomeValue>
<setOutcomeValue identifier="FEEDBACK">
<baseValue baseType="identifier">FAILURE</baseValue>
</setOutcomeValue>
</responseIf>
<responseElse>
<setOutcomeValue identifier="SCORE">
<mapResponse identifier="RESPONSE"/>
</setOutcomeValue>
<responseCondition>
<responseIf>
<equal toleranceMode="relative" tolerance="0.001">
<variable identifier="SCORE"/>
<variable identifier="MAXSCORE"/>
</equal>
<setOutcomeValue identifier="FEEDBACK">
<baseValue baseType="identifier">ANSWER_CORRECT</baseValue>
</setOutcomeValue>
</responseIf>
<responseElse>
<setOutcomeValue identifier="FEEDBACK">
<baseValue baseType="identifier">FAILURE</baseValue>
</setOutcomeValue>
</responseElse>
</responseCondition>
</responseElse>
</responseCondition>
</responseProcessing>
<modalFeedback identifier="FAILURE" outcomeIdentifier="FEEDBACK" showHide="show">
<div class="textblock tvblock tvcss_1"><div class="rte_zone tveditor1">
<ul>
<li> 0,15 <br /> 0.15: Incorrect </li>
<li> 0,32 <br /> 0.32: Incorrect </li>
<li> 0,46 <br /> 0.46: Correct </li>
<li> 0,78 <br /> 0.78: Incorrect </li>
</ul>
</div>
</div>
</modalFeedback>
<modalFeedback identifier="ANSWER_CORRECT" outcomeIdentifier="FEEDBACK" showHide="show">
<div class="textblock tvblock tvcss_1"><div class="rte_zone tveditor1">
<ul>
<li> 0,15 <br /> 0.15: Incorrect </li>
<li> 0,32 <br /> 0.32: Incorrect </li>
<li> 0,46 <br /> 0.46: Correct </li>
<li> 0,78 <br /> 0.78: Incorrect </li>
</ul>
</div>
</div>
</modalFeedback>
<modalFeedback identifier="PARTIAL_CORRECT" outcomeIdentifier="FEEDBACK" showHide="show">
<div class="textblock tvblock tvcss_1"><div class="rte_zone tveditor1">
<ul>
<li> 0,15 <br /> 0.15: Incorrect </li>
<li> 0,32 <br /> 0.32: Incorrect </li>
<li> 0,46 <br /> 0.46: Correct </li>
<li> 0,78 <br /> 0.78: Incorrect </li>
</ul>
</div>
</div>
</modalFeedback>
</assessmentItem>
