<?xml version="1.0" encoding="UTF-8"?>
<!DOCTYPE questestinterop SYSTEM "ims_qtiasiv1p2p1.dtd">

<questestinterop xmlns="http://www.imsglobal.org/xsd/ims_qtiasiv1p2" xmlns:xsi="http://www.w3.org/2001/XMLSchema-instance" xsi:schemaLocation="http://www.imsglobal.org/xsd/ims_qtiasiv1p2 http://www.imsglobal.org/xsd/ims_qtiasiv1p2p1.xsd">
<assessment ident="eur-inferential_statistics-215-nl-canvas_216090432" title="eur-inferential_statistics-215-nl-canvas">

<qtimetadata>
<qtimetadatafield>
<fieldlabel>cc_maxattempts</fieldlabel>
<fieldentry>1</fieldentry>
</qtimetadatafield>
<qtimetadatafield>
<fieldlabel>qmd_assessmenttype</fieldlabel>
<fieldentry>Assessment</fieldentry>
</qtimetadatafield>
</qtimetadata>
<objectives>
<material>
<mattext><![CDATA[Please solve the following exercises.]]></mattext>
</material>
</objectives>
<assessmentcontrol feedbackswitch="No" hintswitch="No" solutionswitch="Yes"/>
<outcomes_processing scoremodel="SumOfScores">
<outcomes>
<decvar varname="SCORE" vartype="Decimal" cutvalue="0"/>
</outcomes>
</outcomes_processing>
<assessfeedback title="AssessmentFeedback" ident="AssessmentFeedback">
<flow_mat>
<material>
<mattext>##AssessmentFeedback##</mattext>
</material>
</flow_mat>
</assessfeedback>

<section ident="eur-inferential_statistics-215-nl-canvas_216090432_section_1" title="Exercise">

<objectives>
<material>
<mattext><![CDATA[Please answer the following question.]]></mattext>
</material>
</objectives>
<selection_ordering>
<selection>
<selection_number>1</selection_number>
<selection_extension>
<points_per_item>1</points_per_item>
</selection_extension>
</selection>
<order order_type="Random"/>
</selection_ordering>

<item ident="eur-inferential_statistics-215-nl-canvas_216090432_section_1_item_1_schoice" title="Question" maxattempts="1">
<itemcontrol feedbackswitch="No" hintswitch="No" solutionswitch="Yes"/>
<itemmetadata>
<qtimetadata>
<qtimetadatafield>
<fieldlabel>question_type</fieldlabel>
<fieldentry>multiple_choice_question</fieldentry>
</qtimetadatafield>
</qtimetadata>
</itemmetadata>
<presentation>
<flow>
<material>
<matbreak/>
<mattext texttype="text/html" charset="utf-8"><![CDATA[
<p>In vier verschillende onderzoeken wordt een regressieanalyse met één voorspeller uitgevoerd. Bekijk de t-tests van de regressiecoëfficiënt in de vier verschillende regressiemodellen hieronder. Welke van de vier verschillende t-tests heeft de kleinste p-waarde?</p>
<table>
<thead>
<tr class="header">
<th align="left">Model</th>
<th align="left">t_test</th>
</tr>
</thead>
<tbody>
<tr class="odd">
<td align="left">I</td>
<td align="left">t(29) = -1.3</td>
</tr>
<tr class="even">
<td align="left">II</td>
<td align="left">t(29) = 3.3</td>
</tr>
<tr class="odd">
<td align="left">III</td>
<td align="left">t(299) = 1.3</td>
</tr>
<tr class="even">
<td align="left">IV</td>
<td align="left">t(299) = -3.3</td>
</tr>
</tbody>
</table>
]]></mattext>
<matbreak/>
</material>
<response_lid ident="eur-inferential_statistics-215-nl-canvas_216090432_section_1_item_1_schoice_RESPONSE_2644546" rcardinality="Single" rtiming="No">
<render_choice shuffle="No">
<flow_label class="List">
<response_label ident="eur-inferential_statistics-215-nl-canvas_216090432_section_1_item_1_schoice_3823848887" rshuffle="No">
<material>
<mattext texttype="text/html" charset="utf-8"><![CDATA[
 Model I
]]></mattext>
</material>
</response_label>
</flow_label>
<flow_label class="List">
<response_label ident="eur-inferential_statistics-215-nl-canvas_216090432_section_1_item_1_schoice_4635640974" rshuffle="No">
<material>
<mattext texttype="text/html" charset="utf-8"><![CDATA[
 Model II
]]></mattext>
</material>
</response_label>
</flow_label>
<flow_label class="List">
<response_label ident="eur-inferential_statistics-215-nl-canvas_216090432_section_1_item_1_schoice_4771249620" rshuffle="No">
<material>
<mattext texttype="text/html" charset="utf-8"><![CDATA[
 Model III
]]></mattext>
</material>
</response_label>
</flow_label>
<flow_label class="List">
<response_label ident="eur-inferential_statistics-215-nl-canvas_216090432_section_1_item_1_schoice_4926191710" rshuffle="No">
<material>
<mattext texttype="text/html" charset="utf-8"><![CDATA[
 Model IV
]]></mattext>
</material>
</response_label>
</flow_label>
</render_choice>
</response_lid>
</flow>
</presentation>
<resprocessing>
<outcomes>
<decvar varname="SCORE" vartype="Decimal" defaultval="0" minvalue="0" maxvalue="1" cutvalue="1"/>
</outcomes>
<respcondition title="Mastery" continue="No">
<conditionvar>
<and>
<varequal respident="eur-inferential_statistics-215-nl-canvas_216090432_section_1_item_1_schoice_RESPONSE_2644546" case="Yes">eur-inferential_statistics-215-nl-canvas_216090432_section_1_item_1_schoice_4926191710</varequal>
<not> <varequal respident="eur-inferential_statistics-215-nl-canvas_216090432_section_1_item_1_schoice_RESPONSE_2644546" case="Yes">eur-inferential_statistics-215-nl-canvas_216090432_section_1_item_1_schoice_3823848887</varequal> </not>
<not> <varequal respident="eur-inferential_statistics-215-nl-canvas_216090432_section_1_item_1_schoice_RESPONSE_2644546" case="Yes">eur-inferential_statistics-215-nl-canvas_216090432_section_1_item_1_schoice_4635640974</varequal> </not>
<not> <varequal respident="eur-inferential_statistics-215-nl-canvas_216090432_section_1_item_1_schoice_RESPONSE_2644546" case="Yes">eur-inferential_statistics-215-nl-canvas_216090432_section_1_item_1_schoice_4771249620</varequal> </not>
</and>
</conditionvar>
<setvar varname="SCORE" action="Set">1</setvar>
<displayfeedback feedbacktype="Response" linkrefid="correct_fb"/>
</respcondition>
<respcondition continue="Yes">
<conditionvar>
<other/>
</conditionvar>
<displayfeedback feedbacktype="Response" linkrefid="general_incorrect_fb"/>
</respcondition>
</resprocessing>
<itemfeedback ident="correct_fb" view="All">
<flow_mat>
<material>
<mattext texttype="text/html"><![CDATA[
<p>Model IV is correct. In het algemeen gaan grotere t-waarden, ongeacht of het een positieve of negatieve waarde is, gepaard met kleinere p-waarden. De steekproefgrootte heeft ook invloed. Dezelfde t-waarde (zoals in model II en IV) heeft een kleinere bijbehorende p-waarde in een grotere steekproef. Volgens deze logica is het juiste antwoord dus model IV. De t-waarde en de steekproefgrootte (zoals weergegeven door de df tussen haakjes) zijn hier het grootst.</p>
<br />
<ul>
<li> Model I <br /> Onjuist </li>
<li> Model II <br /> Onwaar </li>
<li> Model III <br /> Onwaar </li>
<li> Model IV <br /> Waar </li>
</ul>
]]></mattext>
</material>
</flow_mat>
</itemfeedback>
<itemfeedback ident="general_incorrect_fb" view="All">
<flow_mat>
<material>
<mattext texttype="text/html"><![CDATA[
<p>Model IV is correct. In het algemeen gaan grotere t-waarden, ongeacht of het een positieve of negatieve waarde is, gepaard met kleinere p-waarden. De steekproefgrootte heeft ook invloed. Dezelfde t-waarde (zoals in model II en IV) heeft een kleinere bijbehorende p-waarde in een grotere steekproef. Volgens deze logica is het juiste antwoord dus model IV. De t-waarde en de steekproefgrootte (zoals weergegeven door de df tussen haakjes) zijn hier het grootst.</p>
<br />
<ul>
<li> Model I <br /> Onjuist </li>
<li> Model II <br /> Onwaar </li>
<li> Model III <br /> Onwaar </li>
<li> Model IV <br /> Waar </li>
</ul>
]]></mattext>
</material>
</flow_mat>
</itemfeedback>
</item>


</section>

</assessment>
</questestinterop>
