<?xml version="1.0" encoding="UTF-8"?>
<assessmentItem xsi:schemaLocation="http://www.imsglobal.org/xsd/imsqti_v2p1 http://www.imsglobal.org/xsd/qti/qtiv2p1/imsqti_v2p1p1.xsd http://www.w3.org/1998/Math/MathML http://www.w3.org/Math/XMLSchema/mathml2/mathml2.xsd" identifier="uu-Null-hypothesis-803-nl-ans_120007748_section_1_item_1_schoice" title="Inferential_Statistics_uu-Null-hypothesis-803-nl_uu-Null-hypothesis-803-nl_schoice_1" adaptive="false" timeDependent="false" xmlns="http://www.imsglobal.org/xsd/imsqti_v2p1" xmlns:xsi="http://www.w3.org/2001/XMLSchema-instance">
<responseDeclaration identifier="uu-Null-hypothesis-803-nl-ans_120007748_section_1_item_1_schoice_RESPONSE_1_6065910" cardinality="single" baseType="identifier">
<correctResponse>
<value>uu-Null-hypothesis-803-nl-ans_120007748_section_1_item_1_schoice_2_7983903955</value>
</correctResponse>
<mapping defaultValue="0" lowerBound="0.0">
<mapEntry mapKey="uu-Null-hypothesis-803-nl-ans_120007748_section_1_item_1_schoice_1_9135313778" mappedValue="0"/>
<mapEntry mapKey="uu-Null-hypothesis-803-nl-ans_120007748_section_1_item_1_schoice_2_7983903955" mappedValue="1"/>
<mapEntry mapKey="uu-Null-hypothesis-803-nl-ans_120007748_section_1_item_1_schoice_3_3046683973" mappedValue="0"/>
<mapEntry mapKey="uu-Null-hypothesis-803-nl-ans_120007748_section_1_item_1_schoice_4_4650098644" mappedValue="0"/>
</mapping>
</responseDeclaration>
<outcomeDeclaration identifier="SCORE" cardinality="single" baseType="float" normalMaximum="1" normalMinimum="0">
<defaultValue>
<value>0.0</value>
</defaultValue>
</outcomeDeclaration>
<outcomeDeclaration identifier="MAXSCORE" cardinality="single" baseType="float">
<defaultValue>
<value>1</value>
</defaultValue>
</outcomeDeclaration>
<outcomeDeclaration identifier="FEEDBACKBASIC" cardinality="single" baseType="identifier" view="testConstructor">
<defaultValue>
<value>empty</value>
</defaultValue>
</outcomeDeclaration>
<outcomeDeclaration identifier="FEEDBACKMODAL" cardinality="multiple" baseType="identifier" view="testConstructor"/>
<outcomeDeclaration identifier="SOLUTIONMODAL" cardinality="single" baseType="identifier" view="testConstructor"/>
<outcomeDeclaration identifier="MINSCORE" cardinality="single" baseType="float">
<defaultValue>
<value baseType="float">0</value>
</defaultValue>
</outcomeDeclaration>
<outcomeDeclaration identifier="SCORE_RESPONSE_1" cardinality="single" baseType="float">
<defaultValue>
<value>0.0</value>
</defaultValue>
</outcomeDeclaration>
<outcomeDeclaration identifier="MINSCORE_RESPONSE_1" cardinality="single" baseType="float">
<defaultValue>
<value>0.0</value>
</defaultValue>
</outcomeDeclaration>
<itemBody>
<p>In het zwembad zijn twee draaihekjes bij de ingang geplaatst. Omdat het eerste hekje pal naast de kassa is geplaats en het tweede hekje een paar meter verderop, wordt er verwacht dat het eerste draaihekje twee keer zoveel gebruikt wordt als het tweede hekje. Om dit te toetsen wordt het aantal mensen dat door ieder hekje naar binnen gaat geteld tijdens een drukke periode in de middag. De verzamelde data staat in de tabel hieronder.</p>
<p><img src="media/supplements1/uu-Null-hypothesis-803-nl-tabel.jpg" /></p>
<p>Wat is de nulhypothese die hier getoetst moet worden?</p>
<choiceInteraction responseIdentifier="uu-Null-hypothesis-803-nl-ans_120007748_section_1_item_1_schoice_RESPONSE_1_6065910" shuffle="false" maxChoices="1">
<simpleChoice identifier="uu-Null-hypothesis-803-nl-ans_120007748_section_1_item_1_schoice_1_9135313778">
<p>
 H0: Hekje I= 1/2; Hekje II 1/4
</p>
</simpleChoice>
<simpleChoice identifier="uu-Null-hypothesis-803-nl-ans_120007748_section_1_item_1_schoice_2_7983903955">
<p>
 H0: Hekje I= 2/3; Hekje II 1/3
</p>
</simpleChoice>
<simpleChoice identifier="uu-Null-hypothesis-803-nl-ans_120007748_section_1_item_1_schoice_3_3046683973">
<p>
 H0: Hekje I= 68; Hekje II 31
</p>
</simpleChoice>
<simpleChoice identifier="uu-Null-hypothesis-803-nl-ans_120007748_section_1_item_1_schoice_4_4650098644">
<p>
 H0: Hekje I= 66; Hekje II 33
</p>
</simpleChoice>
</choiceInteraction>
</itemBody>
<responseProcessing>
<setOutcomeValue identifier="SCORE_RESPONSE_1">
<sum>
<variable identifier="SCORE_RESPONSE_1"/>
<mapResponse identifier="uu-Null-hypothesis-803-nl-ans_120007748_section_1_item_1_schoice_RESPONSE_1_6065910"/>
</sum>
</setOutcomeValue>
<responseCondition>
<responseIf>
<lt>
<variable identifier="SCORE_RESPONSE_1"/>
<variable identifier="MINSCORE_RESPONSE_1"/>
</lt>
<setOutcomeValue identifier="SCORE_RESPONSE_1">
<variable identifier="MINSCORE_RESPONSE_1"/>
</setOutcomeValue>
</responseIf>
</responseCondition>
<responseCondition>
<responseIf>
<isNull>
<variable identifier="uu-Null-hypothesis-803-nl-ans_120007748_section_1_item_1_schoice_RESPONSE_1_6065910"/>
</isNull>
<setOutcomeValue identifier="SCORE_RESPONSE_1">
<sum>
<variable identifier="SCORE_RESPONSE_1"/>
<baseValue baseType="float">0</baseValue>
</sum>
</setOutcomeValue>
</responseIf>
</responseCondition>
<setOutcomeValue identifier="SCORE">
<sum>
<variable identifier="SCORE_RESPONSE_1"/>
</sum>
</setOutcomeValue>
<responseCondition>
<responseIf>
<lt>
<variable identifier="SCORE"/>
<variable identifier="MINSCORE"/>
</lt>
<setOutcomeValue identifier="SCORE">
<variable identifier="MINSCORE"/>
</setOutcomeValue>
</responseIf>
</responseCondition>
<responseCondition>
<responseIf>
<lt>
<variable identifier="SCORE"/>
<baseValue baseType="float">1</baseValue>
</lt>
<setOutcomeValue identifier="FEEDBACKMODAL">
<multiple>
<variable identifier="FEEDBACKMODAL"/>
<baseValue baseType="identifier">Feedback376418738</baseValue>
</multiple>
</setOutcomeValue>
</responseIf>
</responseCondition>
</responseProcessing>
<modalFeedback outcomeIdentifier="FEEDBACK" showHide="show" identifier="incorrect">
</modalFeedback>
</assessmentItem>
