<?xml version="1.0" encoding="UTF-8"?>
<!DOCTYPE questestinterop SYSTEM "ims_qtiasiv1p2p1.dtd">

<questestinterop xmlns="http://www.imsglobal.org/xsd/ims_qtiasiv1p2" xmlns:xsi="http://www.w3.org/2001/XMLSchema-instance" xsi:schemaLocation="http://www.imsglobal.org/xsd/ims_qtiasiv1p2 http://www.imsglobal.org/xsd/ims_qtiasiv1p2p1.xsd">
<assessment ident="uva-measures-of-location-384-nl-canvas_729105947" title="uva-measures-of-location-384-nl-canvas">

<qtimetadata>
<qtimetadatafield>
<fieldlabel>cc_maxattempts</fieldlabel>
<fieldentry>1</fieldentry>
</qtimetadatafield>
<qtimetadatafield>
<fieldlabel>qmd_assessmenttype</fieldlabel>
<fieldentry>Assessment</fieldentry>
</qtimetadatafield>
</qtimetadata>
<objectives>
<material>
<mattext><![CDATA[Please solve the following exercises.]]></mattext>
</material>
</objectives>
<assessmentcontrol feedbackswitch="No" hintswitch="No" solutionswitch="Yes"/>
<outcomes_processing scoremodel="SumOfScores">
<outcomes>
<decvar varname="SCORE" vartype="Decimal" cutvalue="0"/>
</outcomes>
</outcomes_processing>
<assessfeedback title="AssessmentFeedback" ident="AssessmentFeedback">
<flow_mat>
<material>
<mattext>##AssessmentFeedback##</mattext>
</material>
</flow_mat>
</assessfeedback>

<section ident="uva-measures-of-location-384-nl-canvas_729105947_section_1" title="Exercise">

<objectives>
<material>
<mattext><![CDATA[Please answer the following question.]]></mattext>
</material>
</objectives>
<selection_ordering>
<selection>
<selection_number>1</selection_number>
<selection_extension>
<points_per_item>1</points_per_item>
</selection_extension>
</selection>
<order order_type="Random"/>
</selection_ordering>

<item ident="uva-measures-of-location-384-nl-canvas_729105947_section_1_item_1_schoice" title="Question" maxattempts="1">
<itemcontrol feedbackswitch="No" hintswitch="No" solutionswitch="Yes"/>
<itemmetadata>
<qtimetadata>
<qtimetadatafield>
<fieldlabel>question_type</fieldlabel>
<fieldentry>multiple_choice_question</fieldentry>
</qtimetadatafield>
</qtimetadata>
</itemmetadata>
<presentation>
<flow>
<material>
<matbreak/>
<mattext texttype="text/html" charset="utf-8"><![CDATA[
<p>Gegeven zijn de volgende steekproefuitkomsten: 29, 22, 17, 23, 23, 19,
21. Het 90% betrouwbaarheidsinterval voor het populatiegemiddelde μ is
gelijk aan</p>
]]></mattext>
<matbreak/>
</material>
<response_lid ident="uva-measures-of-location-384-nl-canvas_729105947_section_1_item_1_schoice_RESPONSE_9340545" rcardinality="Single" rtiming="No">
<render_choice shuffle="No">
<flow_label class="List">
<response_label ident="uva-measures-of-location-384-nl-canvas_729105947_section_1_item_1_schoice_5545668813" rshuffle="No">
<material>
<mattext texttype="text/html" charset="utf-8"><![CDATA[
 &lt; 18.50 ; 25.50 &gt;
]]></mattext>
</material>
</response_label>
</flow_label>
<flow_label class="List">
<response_label ident="uva-measures-of-location-384-nl-canvas_729105947_section_1_item_1_schoice_1929186068" rshuffle="No">
<material>
<mattext texttype="text/html" charset="utf-8"><![CDATA[
 &lt; 19.22 ; 24.78 &gt;
]]></mattext>
</material>
</response_label>
</flow_label>
<flow_label class="List">
<response_label ident="uva-measures-of-location-384-nl-canvas_729105947_section_1_item_1_schoice_5442341039" rshuffle="No">
<material>
<mattext texttype="text/html" charset="utf-8"><![CDATA[
 &lt; 19.29 ; 24.71 &gt;
]]></mattext>
</material>
</response_label>
</flow_label>
<flow_label class="List">
<response_label ident="uva-measures-of-location-384-nl-canvas_729105947_section_1_item_1_schoice_5671267809" rshuffle="No">
<material>
<mattext texttype="text/html" charset="utf-8"><![CDATA[
 &lt; 19.65 ; 24.35 &gt;
]]></mattext>
</material>
</response_label>
</flow_label>
</render_choice>
</response_lid>
</flow>
</presentation>
<resprocessing>
<outcomes>
<decvar varname="SCORE" vartype="Decimal" defaultval="0" minvalue="0" maxvalue="1" cutvalue="1"/>
</outcomes>
<respcondition title="Mastery" continue="No">
<conditionvar>
<and>
<varequal respident="uva-measures-of-location-384-nl-canvas_729105947_section_1_item_1_schoice_RESPONSE_9340545" case="Yes">uva-measures-of-location-384-nl-canvas_729105947_section_1_item_1_schoice_1929186068</varequal>
<not> <varequal respident="uva-measures-of-location-384-nl-canvas_729105947_section_1_item_1_schoice_RESPONSE_9340545" case="Yes">uva-measures-of-location-384-nl-canvas_729105947_section_1_item_1_schoice_5545668813</varequal> </not>
<not> <varequal respident="uva-measures-of-location-384-nl-canvas_729105947_section_1_item_1_schoice_RESPONSE_9340545" case="Yes">uva-measures-of-location-384-nl-canvas_729105947_section_1_item_1_schoice_5442341039</varequal> </not>
<not> <varequal respident="uva-measures-of-location-384-nl-canvas_729105947_section_1_item_1_schoice_RESPONSE_9340545" case="Yes">uva-measures-of-location-384-nl-canvas_729105947_section_1_item_1_schoice_5671267809</varequal> </not>
</and>
</conditionvar>
<setvar varname="SCORE" action="Set">1</setvar>
<displayfeedback feedbacktype="Response" linkrefid="correct_fb"/>
</respcondition>
<respcondition continue="Yes">
<conditionvar>
<other/>
</conditionvar>
<displayfeedback feedbacktype="Response" linkrefid="general_incorrect_fb"/>
</respcondition>
</resprocessing>
<itemfeedback ident="correct_fb" view="All">
<flow_mat>
<material>
<mattext texttype="text/html"><![CDATA[
<ul>
<li> &lt; 18.50 ; 25.50 &gt; <br /> &lt; 18.50 ; 25.50 &gt;: Incorrect </li>
<li> &lt; 19.22 ; 24.78 &gt; <br /> &lt; 19.22 ; 24.78 &gt;: Correct </li>
<li> &lt; 19.29 ; 24.71 &gt; <br /> &lt; 19.29 ; 24.71 &gt;: Incorrect </li>
<li> &lt; 19.65 ; 24.35 &gt; <br /> &lt; 19.65 ; 24.35 &gt;: Incorrect </li>
</ul>
]]></mattext>
</material>
</flow_mat>
</itemfeedback>
<itemfeedback ident="general_incorrect_fb" view="All">
<flow_mat>
<material>
<mattext texttype="text/html"><![CDATA[
<ul>
<li> &lt; 18.50 ; 25.50 &gt; <br /> &lt; 18.50 ; 25.50 &gt;: Incorrect </li>
<li> &lt; 19.22 ; 24.78 &gt; <br /> &lt; 19.22 ; 24.78 &gt;: Correct </li>
<li> &lt; 19.29 ; 24.71 &gt; <br /> &lt; 19.29 ; 24.71 &gt;: Incorrect </li>
<li> &lt; 19.65 ; 24.35 &gt; <br /> &lt; 19.65 ; 24.35 &gt;: Incorrect </li>
</ul>
]]></mattext>
</material>
</flow_mat>
</itemfeedback>
</item>


</section>

</assessment>
</questestinterop>
