<?xml version="1.0" encoding="UTF-8"?>
<assessmentItem xsi:schemaLocation="http://www.imsglobal.org/xsd/imsqti_v2p1 http://www.imsglobal.org/xsd/qti/qtiv2p1/imsqti_v2p1p1.xsd http://www.w3.org/1998/Math/MathML http://www.w3.org/Math/XMLSchema/mathml2/mathml2.xsd" identifier="vufgb-anova-022-nl-qti_157199411_section_1_item_1_schoice" title="1" adaptive="false" timeDependent="false" xmlns="http://www.imsglobal.org/xsd/imsqti_v2p1" xmlns:xsi="http://www.w3.org/2001/XMLSchema-instance">
<responseDeclaration identifier="vufgb-anova-022-nl-qti_157199411_section_1_item_1_schoice_RESPONSE_1_6670412" cardinality="single" baseType="identifier">
<correctResponse>
<value>vufgb-anova-022-nl-qti_157199411_section_1_item_1_schoice_4_1080400813</value>
</correctResponse>
<mapping defaultValue="0" lowerBound="0.0">
<mapEntry mapKey="vufgb-anova-022-nl-qti_157199411_section_1_item_1_schoice_1_1024921907" mappedValue="0"/>
<mapEntry mapKey="vufgb-anova-022-nl-qti_157199411_section_1_item_1_schoice_2_6855031863" mappedValue="0"/>
<mapEntry mapKey="vufgb-anova-022-nl-qti_157199411_section_1_item_1_schoice_3_3577094157" mappedValue="0"/>
<mapEntry mapKey="vufgb-anova-022-nl-qti_157199411_section_1_item_1_schoice_4_1080400813" mappedValue="1"/>
</mapping>
</responseDeclaration>
<outcomeDeclaration identifier="SCORE" cardinality="single" baseType="float" normalMaximum="1" normalMinimum="0">
<defaultValue>
<value>0.0</value>
</defaultValue>
</outcomeDeclaration>
<outcomeDeclaration identifier="MAXSCORE" cardinality="single" baseType="float">
<defaultValue>
<value>1</value>
</defaultValue>
</outcomeDeclaration>
<outcomeDeclaration identifier="FEEDBACKBASIC" cardinality="single" baseType="identifier" view="testConstructor">
<defaultValue>
<value>empty</value>
</defaultValue>
</outcomeDeclaration>
<outcomeDeclaration identifier="FEEDBACKMODAL" cardinality="multiple" baseType="identifier" view="testConstructor"/>
<outcomeDeclaration identifier="MINSCORE" cardinality="single" baseType="float">
<defaultValue>
<value baseType="float">0</value>
</defaultValue>
</outcomeDeclaration>
<outcomeDeclaration identifier="SCORE_RESPONSE_1" cardinality="single" baseType="float">
<defaultValue>
<value>0.0</value>
</defaultValue>
</outcomeDeclaration>
<outcomeDeclaration identifier="MINSCORE_RESPONSE_1" cardinality="single" baseType="float">
<defaultValue>
<value>0.0</value>
</defaultValue>
</outcomeDeclaration>
<itemBody>
<p>Welk paar contrasten is orthogonaal?</p>
<p>Contrast 1: (+2 -1 0 -1)</p>
<p>Contrast 2: (+1 +1 0 -2)</p>
<p>Contrast 3: (-1 0 +1 0)</p>
<choiceInteraction responseIdentifier="vufgb-anova-022-nl-qti_157199411_section_1_item_1_schoice_RESPONSE_1_6670412" shuffle="false" maxChoices="1">
<simpleChoice identifier="vufgb-anova-022-nl-qti_157199411_section_1_item_1_schoice_1_1024921907">
<p>
a. Contrasten 1 en 2
</p>
</simpleChoice>
<simpleChoice identifier="vufgb-anova-022-nl-qti_157199411_section_1_item_1_schoice_2_6855031863">
<p>
b. Contrasten 1 en 3
</p>
</simpleChoice>
<simpleChoice identifier="vufgb-anova-022-nl-qti_157199411_section_1_item_1_schoice_3_3577094157">
<p>
c. Contrasten 2 en 3
</p>
</simpleChoice>
<simpleChoice identifier="vufgb-anova-022-nl-qti_157199411_section_1_item_1_schoice_4_1080400813">
<p>
d. Geen van de contrastparen.
</p>
</simpleChoice>
</choiceInteraction>
</itemBody>
<responseProcessing>
<responseCondition>
<responseIf>
<isNull>
<variable identifier="vufgb-anova-022-nl-qti_157199411_section_1_item_1_schoice_RESPONSE_1_6670412"/>
</isNull>
<setOutcomeValue identifier="SCORE_RESPONSE_1">
<sum>
<variable identifier="SCORE_RESPONSE_1"/>
<baseValue baseType="float">0</baseValue>
</sum>
</setOutcomeValue>
</responseIf>
</responseCondition>
<setOutcomeValue identifier="SCORE_RESPONSE_1">
<sum>
<variable identifier="SCORE_RESPONSE_1"/>
<mapResponse identifier="vufgb-anova-022-nl-qti_157199411_section_1_item_1_schoice_RESPONSE_1_6670412"/>
</sum>
</setOutcomeValue>
<responseCondition>
<responseIf>
<lt>
<variable identifier="SCORE_RESPONSE_1"/>
<variable identifier="MINSCORE_RESPONSE_1"/>
</lt>
<setOutcomeValue identifier="SCORE_RESPONSE_1">
<variable identifier="MINSCORE_RESPONSE_1"/>
</setOutcomeValue>
</responseIf>
</responseCondition>
<setOutcomeValue identifier="SCORE">
<sum>
<variable identifier="SCORE_RESPONSE_1"/>
</sum>
</setOutcomeValue>
<responseCondition>
<responseIf>
<lt>
<variable identifier="SCORE"/>
<variable identifier="MINSCORE"/>
</lt>
<setOutcomeValue identifier="SCORE">
<variable identifier="MINSCORE"/>
</setOutcomeValue>
</responseIf>
</responseCondition>
<responseCondition>
<responseIf>
<lt>
<variable identifier="SCORE"/>
<baseValue baseType="float">1</baseValue>
</lt>
<setOutcomeValue identifier="FEEDBACKMODAL">
<multiple>
<variable identifier="FEEDBACKMODAL"/>
<baseValue baseType="identifier">Feedback592630038</baseValue>
</multiple>
</setOutcomeValue>
</responseIf>
</responseCondition>
</responseProcessing>
<modalFeedback identifier="Feedback592630038" outcomeIdentifier="FEEDBACKMODAL" showHide="show">
<ol type = "a">
<li> Contrasten 1 en 2 <br /> Incorrect </li>
<li> Contrasten 1 en 3 <br /> Incorrect </li>
<li> Contrasten 2 en 3 <br /> Incorrect </li>
<li> Geen van de contrastparen. <br /> Correct </li>
</ol>
</modalFeedback>
</assessmentItem>
