<?xml version="1.0" encoding="utf-8" standalone="yes"?>
<assessmentItem identifier="uva-bayesian-statistics-983-en-tv_202601131823_item_1_schoice" title="uva-bayesian-statistics-983-en-tv_202601131823_item_1_schoice_uva-bayesian-statistics-983-en" adaptive="false" timeDependent="false" toolName="Testvision Online" toolVersion="39.0.9084" xmlns="http://www.imsglobal.org/xsd/imsqti_v2p1">
<responseDeclaration identifier="RESPONSE" cardinality="single" baseType="identifier">
<correctResponse>
<value>alt_550953</value>
</correctResponse>
<mapping defaultValue="0" lowerBound="0.0">
<mapEntry mapKey="alt_484826" mappedValue="-0.25"/>
<mapEntry mapKey="alt_424894" mappedValue="-0.25"/>
<mapEntry mapKey="alt_193496" mappedValue="-0.25"/>
<mapEntry mapKey="alt_550953" mappedValue="1"/>
<mapEntry mapKey="alt_838412" mappedValue="-0.25"/>
</mapping>
</responseDeclaration>
<outcomeDeclaration identifier="SCORE" cardinality="single" baseType="float" normalMaximum="1" normalMinimum="0" />
<outcomeDeclaration identifier="FEEDBACK" cardinality="single" baseType="identifier" />
<stylesheet href="css/uva-bayesian-statistics-983-en-tv_202601131823_item_1_schoice.css" type="text/css" />
<itemBody>
<p>Suppose P(A<sub>1</sub>) + P(A<sub>2</sub>) =1 and P(B<sub>1</sub> ) + P( B<sub>2</sub>) =1. Given P(A<sub>2</sub>) = 0.70, P(B<sub>1</sub>| A<sub>2</sub>) = 0.45, and P((B<sub>2</sub>| A<sub>1</sub>) = 0.60. What then is P(A<sub>2</sub>| B<sub>2</sub>)?</p>
<choiceInteraction responseIdentifier="RESPONSE" shuffle="false" maxChoices="1">
<simpleChoice identifier="alt_484826">
<div class="textblock tvblock tvcss_1"><div class="rte_zone tveditor1">
 0,39
</div>
</div>
</simpleChoice>
<simpleChoice identifier="alt_424894">
<div class="textblock tvblock tvcss_1"><div class="rte_zone tveditor1">
 0,42
</div>
</div>
</simpleChoice>
<simpleChoice identifier="alt_193496">
<div class="textblock tvblock tvcss_1"><div class="rte_zone tveditor1">
 0,57
</div>
</div>
</simpleChoice>
<simpleChoice identifier="alt_550953">
<div class="textblock tvblock tvcss_1"><div class="rte_zone tveditor1">
 0,68
</div>
</div>
</simpleChoice>
<simpleChoice identifier="alt_838412">
<div class="textblock tvblock tvcss_1"><div class="rte_zone tveditor1">
 0,70
</div>
</div>
</simpleChoice>
</choiceInteraction>
</itemBody>
<responseProcessing>
<responseCondition>
<responseIf>
<isNull>
<variable identifier="RESPONSE"/>
</isNull>
<setOutcomeValue identifier="SCORE">
<baseValue baseType="float">0.0</baseValue>
</setOutcomeValue>
<setOutcomeValue identifier="FEEDBACK">
<baseValue baseType="identifier">FAILURE</baseValue>
</setOutcomeValue>
</responseIf>
<responseElse>
<setOutcomeValue identifier="SCORE">
<mapResponse identifier="RESPONSE"/>
</setOutcomeValue>
<responseCondition>
<responseIf>
<equal toleranceMode="relative" tolerance="0.001">
<variable identifier="SCORE"/>
<variable identifier="MAXSCORE"/>
</equal>
<setOutcomeValue identifier="FEEDBACK">
<baseValue baseType="identifier">ANSWER_CORRECT</baseValue>
</setOutcomeValue>
</responseIf>
<responseElse>
<setOutcomeValue identifier="FEEDBACK">
<baseValue baseType="identifier">FAILURE</baseValue>
</setOutcomeValue>
</responseElse>
</responseCondition>
</responseElse>
</responseCondition>
</responseProcessing>
<modalFeedback identifier="FAILURE" outcomeIdentifier="FEEDBACK" showHide="show">
<div class="textblock tvblock tvcss_1"><div class="rte_zone tveditor1">
<ul>
<li> 0,39 <br /> 0.39: Incorrect </li>
<li> 0,42 <br /> 0.42: Incorrect </li>
<li> 0,57 <br /> 0.57: Incorrect </li>
<li> 0,68 <br /> 0.68: Correct </li>
<li> 0,70 <br /> 0.70: Incorrect </li>
</ul>
</div>
</div>
</modalFeedback>
<modalFeedback identifier="ANSWER_CORRECT" outcomeIdentifier="FEEDBACK" showHide="show">
<div class="textblock tvblock tvcss_1"><div class="rte_zone tveditor1">
<ul>
<li> 0,39 <br /> 0.39: Incorrect </li>
<li> 0,42 <br /> 0.42: Incorrect </li>
<li> 0,57 <br /> 0.57: Incorrect </li>
<li> 0,68 <br /> 0.68: Correct </li>
<li> 0,70 <br /> 0.70: Incorrect </li>
</ul>
</div>
</div>
</modalFeedback>
<modalFeedback identifier="PARTIAL_CORRECT" outcomeIdentifier="FEEDBACK" showHide="show">
<div class="textblock tvblock tvcss_1"><div class="rte_zone tveditor1">
<ul>
<li> 0,39 <br /> 0.39: Incorrect </li>
<li> 0,42 <br /> 0.42: Incorrect </li>
<li> 0,57 <br /> 0.57: Incorrect </li>
<li> 0,68 <br /> 0.68: Correct </li>
<li> 0,70 <br /> 0.70: Incorrect </li>
</ul>
</div>
</div>
</modalFeedback>
</assessmentItem>
