<?xml version="1.0" encoding="utf-8" standalone="yes"?>
<assessmentItem identifier="uu-factor-analysis-029-nl_202209051537_item_1_schoice" title="uu-factor-analysis-029-nl_202209051537_item_1_schoice_uu-factor-analysis-029-nl.Rmd" adaptive="false" timeDependent="false" toolName="Testvision Online" toolVersion="39.0.9084" xmlns="http://www.imsglobal.org/xsd/imsqti_v2p1">
<responseDeclaration identifier="RESPONSE" cardinality="single" baseType="identifier">
<correctResponse>
<value>alt_687394</value>
</correctResponse>
<mapping defaultValue="0" lowerBound="0.0">
<mapEntry mapKey="alt_336683" mappedValue="-0.333333333333333"/>
<mapEntry mapKey="alt_702272" mappedValue="-0.333333333333333"/>
<mapEntry mapKey="alt_332572" mappedValue="-0.333333333333333"/>
<mapEntry mapKey="alt_687394" mappedValue="1"/>
</mapping>
</responseDeclaration>
<outcomeDeclaration identifier="SCORE" cardinality="single" baseType="float" normalMaximum="1" normalMinimum="0" />
<outcomeDeclaration identifier="FEEDBACK" cardinality="single" baseType="identifier" />
<itemBody>
<p>Wat is geen doel van een factoranalyse?</p>
<choiceInteraction responseIdentifier="RESPONSE" shuffle="false" maxChoices="1">
<simpleChoice identifier="alt_336683">
<div class="textblock tvblock tvcss_1"><div class="rte_zone tveditor1">
a. Validatie van de vragenlijst
</div>
</div>
</simpleChoice>
<simpleChoice identifier="alt_702272">
<div class="textblock tvblock tvcss_1"><div class="rte_zone tveditor1">
b. Data-reductie
</div>
</div>
</simpleChoice>
<simpleChoice identifier="alt_332572">
<div class="textblock tvblock tvcss_1"><div class="rte_zone tveditor1">
c. Dimensionaliteit van de vragenlijst vaststellen
</div>
</div>
</simpleChoice>
<simpleChoice identifier="alt_687394">
<div class="textblock tvblock tvcss_1"><div class="rte_zone tveditor1">
d. Consistentie van de schalen vaststellen
</div>
</div>
</simpleChoice>
</choiceInteraction>
</itemBody>
<responseProcessing>
<responseCondition>
<responseIf>
<isNull>
<variable identifier="RESPONSE"/>
</isNull>
<setOutcomeValue identifier="SCORE">
<baseValue baseType="float">0.0</baseValue>
</setOutcomeValue>
<setOutcomeValue identifier="FEEDBACK">
<baseValue baseType="identifier">FAILURE</baseValue>
</setOutcomeValue>
</responseIf>
<responseElse>
<setOutcomeValue identifier="SCORE">
<mapResponse identifier="RESPONSE"/>
</setOutcomeValue>
<responseCondition>
<responseIf>
<equal toleranceMode="relative" tolerance="0.001">
<variable identifier="SCORE"/>
<variable identifier="MAXSCORE"/>
</equal>
<setOutcomeValue identifier="FEEDBACK">
<baseValue baseType="identifier">ANSWER_CORRECT</baseValue>
</setOutcomeValue>
</responseIf>
<responseElse>
<setOutcomeValue identifier="FEEDBACK">
<baseValue baseType="identifier">FAILURE</baseValue>
</setOutcomeValue>
</responseElse>
</responseCondition>
</responseElse>
</responseCondition>
</responseProcessing>
<modalFeedback identifier="FAILURE" outcomeIdentifier="FEEDBACK" showHide="show">
<div class="textblock tvblock tvcss_1"><div class="rte_zone tveditor1">
<p>Consistentie van de schalen vaststellen is geen doel van een factoranalyse.</p>
<br />
<ol>
<li> Validatie van de vragenlijst <br />  </li>
<li> Data-reductie <br />  </li>
<li> Dimensionaliteit van de vragenlijst vaststellen <br />  </li>
<li> Consistentie van de schalen vaststellen <br />  </li>
</ol>
</div>
</div>
</modalFeedback>
<modalFeedback identifier="ANSWER_CORRECT" outcomeIdentifier="FEEDBACK" showHide="show">
<div class="textblock tvblock tvcss_1"><div class="rte_zone tveditor1">
<p>Consistentie van de schalen vaststellen is geen doel van een factoranalyse.</p>
<br />
<ol>
<li> Validatie van de vragenlijst <br />  </li>
<li> Data-reductie <br />  </li>
<li> Dimensionaliteit van de vragenlijst vaststellen <br />  </li>
<li> Consistentie van de schalen vaststellen <br />  </li>
</ol>
</div>
</div>
</modalFeedback>
<modalFeedback identifier="PARTIAL_CORRECT" outcomeIdentifier="FEEDBACK" showHide="show">
<div class="textblock tvblock tvcss_1"><div class="rte_zone tveditor1">
<p>Consistentie van de schalen vaststellen is geen doel van een factoranalyse.</p>
<br />
<ol>
<li> Validatie van de vragenlijst <br />  </li>
<li> Data-reductie <br />  </li>
<li> Dimensionaliteit van de vragenlijst vaststellen <br />  </li>
<li> Consistentie van de schalen vaststellen <br />  </li>
</ol>
</div>
</div>
</modalFeedback>
</assessmentItem>
