<?xml version="1.0" encoding="utf-8" standalone="yes"?>
<assessmentItem identifier="vufgb-correlation-002-en-tv_202601131820_item_1_schoice" title="vufgb-correlation-002-en-tv_202601131820_item_1_schoice_vufgb-correlation-002-en" adaptive="false" timeDependent="false" toolName="Testvision Online" toolVersion="39.0.9084" xmlns="http://www.imsglobal.org/xsd/imsqti_v2p1">
<responseDeclaration identifier="RESPONSE" cardinality="single" baseType="identifier">
<correctResponse>
<value>alt_248585</value>
</correctResponse>
<mapping defaultValue="0" lowerBound="0.0">
<mapEntry mapKey="alt_248585" mappedValue="1"/>
<mapEntry mapKey="alt_144481" mappedValue="-0.333333333333333"/>
<mapEntry mapKey="alt_837643" mappedValue="-0.333333333333333"/>
<mapEntry mapKey="alt_116202" mappedValue="-0.333333333333333"/>
</mapping>
</responseDeclaration>
<outcomeDeclaration identifier="SCORE" cardinality="single" baseType="float" normalMaximum="1" normalMinimum="0" />
<outcomeDeclaration identifier="FEEDBACK" cardinality="single" baseType="identifier" />
<stylesheet href="css/vufgb-correlation-002-en-tv_202601131820_item_1_schoice.css" type="text/css" />
<itemBody>
<p>In a particular study, the sample means of X and Y are 90 and 82 respectively. Also, <math display="inline" xmlns="http://www.w3.org/1998/Math/MathML"><semantics><mrow><msub><mi>S</mi><mi>x</mi></msub><mo>=</mo><mn>12</mn></mrow><annotation encoding="application/x-tex">S_{x} = 12</annotation></semantics></math>, <math display="inline" xmlns="http://www.w3.org/1998/Math/MathML"><semantics><mrow><msub><mi>S</mi><mi>y</mi></msub><mo>=</mo><mn>7.8</mn></mrow><annotation encoding="application/x-tex">S_{y} = 7.8</annotation></semantics></math> and the estimated regression equation is <math display="inline" xmlns="http://www.w3.org/1998/Math/MathML"><semantics><mrow><mi>Y</mi><mi>′</mi><mo>=</mo><mn>23.4</mn><mo>+</mo><mn>0.62</mn><mi>X</mi></mrow><annotation encoding="application/x-tex">{Y}&#39; = 23.4+0.62X</annotation></semantics></math>.</p>
<p>What is the correlation between X and Y?</p>
<choiceInteraction responseIdentifier="RESPONSE" shuffle="false" maxChoices="1">
<simpleChoice identifier="alt_248585">
<div class="textblock tvblock tvcss_1"><div class="rte_zone tveditor1">
 0.95
</div>
</div>
</simpleChoice>
<simpleChoice identifier="alt_144481">
<div class="textblock tvblock tvcss_1"><div class="rte_zone tveditor1">
 0.40
</div>
</div>
</simpleChoice>
<simpleChoice identifier="alt_837643">
<div class="textblock tvblock tvcss_1"><div class="rte_zone tveditor1">
 -0.95
</div>
</div>
</simpleChoice>
<simpleChoice identifier="alt_116202">
<div class="textblock tvblock tvcss_1"><div class="rte_zone tveditor1">
 -0.40
</div>
</div>
</simpleChoice>
</choiceInteraction>
</itemBody>
<responseProcessing>
<responseCondition>
<responseIf>
<isNull>
<variable identifier="RESPONSE"/>
</isNull>
<setOutcomeValue identifier="SCORE">
<baseValue baseType="float">0.0</baseValue>
</setOutcomeValue>
<setOutcomeValue identifier="FEEDBACK">
<baseValue baseType="identifier">FAILURE</baseValue>
</setOutcomeValue>
</responseIf>
<responseElse>
<setOutcomeValue identifier="SCORE">
<mapResponse identifier="RESPONSE"/>
</setOutcomeValue>
<responseCondition>
<responseIf>
<equal toleranceMode="relative" tolerance="0.001">
<variable identifier="SCORE"/>
<variable identifier="MAXSCORE"/>
</equal>
<setOutcomeValue identifier="FEEDBACK">
<baseValue baseType="identifier">ANSWER_CORRECT</baseValue>
</setOutcomeValue>
</responseIf>
<responseElse>
<setOutcomeValue identifier="FEEDBACK">
<baseValue baseType="identifier">FAILURE</baseValue>
</setOutcomeValue>
</responseElse>
</responseCondition>
</responseElse>
</responseCondition>
</responseProcessing>
<modalFeedback identifier="FAILURE" outcomeIdentifier="FEEDBACK" showHide="show">
<div class="textblock tvblock tvcss_1"><div class="rte_zone tveditor1">
<ul>
<li> 0.95 <br /> Correct </li>
<li> 0.40 <br /> Incorrect </li>
<li> -0.95 <br /> Incorrect </li>
<li> -0.40 <br /> Incorrect </li>
</ul>
</div>
</div>
</modalFeedback>
<modalFeedback identifier="ANSWER_CORRECT" outcomeIdentifier="FEEDBACK" showHide="show">
<div class="textblock tvblock tvcss_1"><div class="rte_zone tveditor1">
<ul>
<li> 0.95 <br /> Correct </li>
<li> 0.40 <br /> Incorrect </li>
<li> -0.95 <br /> Incorrect </li>
<li> -0.40 <br /> Incorrect </li>
</ul>
</div>
</div>
</modalFeedback>
<modalFeedback identifier="PARTIAL_CORRECT" outcomeIdentifier="FEEDBACK" showHide="show">
<div class="textblock tvblock tvcss_1"><div class="rte_zone tveditor1">
<ul>
<li> 0.95 <br /> Correct </li>
<li> 0.40 <br /> Incorrect </li>
<li> -0.95 <br /> Incorrect </li>
<li> -0.40 <br /> Incorrect </li>
</ul>
</div>
</div>
</modalFeedback>
</assessmentItem>
