<?xml version="1.0" encoding="utf-8" standalone="yes"?>
<assessmentItem identifier="vufsw-width-1335-nl-tv_202307180608_item_1_schoice" title="vufsw-width-1335-nl-tv_202307180608_item_1_schoice_vufsw-width-1335-nl" adaptive="false" timeDependent="false" toolName="Testvision Online" toolVersion="39.0.9084" xmlns="http://www.imsglobal.org/xsd/imsqti_v2p1">
<responseDeclaration identifier="RESPONSE" cardinality="single" baseType="identifier">
<correctResponse>
<value>alt_969821</value>
</correctResponse>
<mapping defaultValue="0" lowerBound="0.0">
<mapEntry mapKey="alt_308522" mappedValue="-0.333333333333333"/>
<mapEntry mapKey="alt_254965" mappedValue="-0.333333333333333"/>
<mapEntry mapKey="alt_689917" mappedValue="-0.333333333333333"/>
<mapEntry mapKey="alt_969821" mappedValue="1"/>
</mapping>
</responseDeclaration>
<outcomeDeclaration identifier="SCORE" cardinality="single" baseType="float" normalMaximum="1" normalMinimum="0" />
<outcomeDeclaration identifier="FEEDBACK" cardinality="single" baseType="identifier" />
<itemBody>
<p><img src="1631181429909.png" class="fr-fic fr-dii tvcss_2"
alt="1631181429909" /></p>
<p>Hierboven is de correlatiematrix weergegeven met de correlatie tussen de
mate waarin plezier beleefd is aan de literatuurlessen vroeger op school
en de latere attitude tegenover lezen. Via bootstrapping is het 95%
 betrouwbaarheidsinterval weergegeven dat loopt van .230 tot .385.</p>
<p>Wat betekent dit interval?</p>
<choiceInteraction responseIdentifier="RESPONSE" shuffle="false" maxChoices="1">
<simpleChoice identifier="alt_308522">
<div class="textblock tvblock tvcss_1"><div class="rte_zone tveditor1">
 Er is 95% kans dat de populatiewaarde in het interval tussen .230 en .385 ligt.
</div>
</div>
</simpleChoice>
<simpleChoice identifier="alt_254965">
<div class="textblock tvblock tvcss_1"><div class="rte_zone tveditor1">
 Voor 95% kun je er op vertrouwen dat de populatiewaarde tussen .230 en .385 ligt.
</div>
</div>
</simpleChoice>
<simpleChoice identifier="alt_689917">
<div class="textblock tvblock tvcss_1"><div class="rte_zone tveditor1">
 Met 95% zekerheid fluctueert de populatiewaarde tussen .230 en .385.
</div>
</div>
</simpleChoice>
<simpleChoice identifier="alt_969821">
<div class="textblock tvblock tvcss_1"><div class="rte_zone tveditor1">
 Als we aannemen dat deze steekproef tot de 95% van de steekproeven behoort die de populatiewaarde bevat, is de correlatie in de populatie tussen .230 en .385.
</div>
</div>
</simpleChoice>
</choiceInteraction>
</itemBody>
<responseProcessing>
<responseCondition>
<responseIf>
<isNull>
<variable identifier="RESPONSE"/>
</isNull>
<setOutcomeValue identifier="SCORE">
<baseValue baseType="float">0.0</baseValue>
</setOutcomeValue>
<setOutcomeValue identifier="FEEDBACK">
<baseValue baseType="identifier">FAILURE</baseValue>
</setOutcomeValue>
</responseIf>
<responseElse>
<setOutcomeValue identifier="SCORE">
<mapResponse identifier="RESPONSE"/>
</setOutcomeValue>
<responseCondition>
<responseIf>
<equal toleranceMode="relative" tolerance="0.001">
<variable identifier="SCORE"/>
<variable identifier="MAXSCORE"/>
</equal>
<setOutcomeValue identifier="FEEDBACK">
<baseValue baseType="identifier">ANSWER_CORRECT</baseValue>
</setOutcomeValue>
</responseIf>
<responseElse>
<setOutcomeValue identifier="FEEDBACK">
<baseValue baseType="identifier">FAILURE</baseValue>
</setOutcomeValue>
</responseElse>
</responseCondition>
</responseElse>
</responseCondition>
</responseProcessing>
<modalFeedback identifier="FAILURE" outcomeIdentifier="FEEDBACK" showHide="show">
<div class="textblock tvblock tvcss_1"><div class="rte_zone tveditor1">
 Er is 95% kans dat de populatiewaarde in het interval tussen .230 en .385 ligt. <br /> False 
 Voor 95% kun je er op vertrouwen dat de populatiewaarde tussen .230 en .385 ligt. <br /> False 
 Met 95% zekerheid fluctueert de populatiewaarde tussen .230 en .385. <br /> False 
 Als we aannemen dat deze steekproef tot de 95% van de steekproeven behoort die de populatiewaarde bevat, is de correlatie in de populatie tussen .230 en .385. <br /> True 
</div>
</div>
</modalFeedback>
<modalFeedback identifier="ANSWER_CORRECT" outcomeIdentifier="FEEDBACK" showHide="show">
<div class="textblock tvblock tvcss_1"><div class="rte_zone tveditor1">
 Er is 95% kans dat de populatiewaarde in het interval tussen .230 en .385 ligt. <br /> False 
 Voor 95% kun je er op vertrouwen dat de populatiewaarde tussen .230 en .385 ligt. <br /> False 
 Met 95% zekerheid fluctueert de populatiewaarde tussen .230 en .385. <br /> False 
 Als we aannemen dat deze steekproef tot de 95% van de steekproeven behoort die de populatiewaarde bevat, is de correlatie in de populatie tussen .230 en .385. <br /> True 
</div>
</div>
</modalFeedback>
<modalFeedback identifier="PARTIAL_CORRECT" outcomeIdentifier="FEEDBACK" showHide="show">
<div class="textblock tvblock tvcss_1"><div class="rte_zone tveditor1">
 Er is 95% kans dat de populatiewaarde in het interval tussen .230 en .385 ligt. <br /> False 
 Voor 95% kun je er op vertrouwen dat de populatiewaarde tussen .230 en .385 ligt. <br /> False 
 Met 95% zekerheid fluctueert de populatiewaarde tussen .230 en .385. <br /> False 
 Als we aannemen dat deze steekproef tot de 95% van de steekproeven behoort die de populatiewaarde bevat, is de correlatie in de populatie tussen .230 en .385. <br /> True 
</div>
</div>
</modalFeedback>
</assessmentItem>
