<?xml version="1.0" encoding="utf-8" standalone="yes"?>
<assessmentItem identifier="vufgb-oddsratio-002-en_202209051535_item_1_schoice" title="vufgb-oddsratio-002-en_202209051535_item_1_schoice_vufgb-oddsratio-002-en" adaptive="false" timeDependent="false" toolName="Testvision Online" toolVersion="39.0.9084" xmlns="http://www.imsglobal.org/xsd/imsqti_v2p1">
<responseDeclaration identifier="RESPONSE" cardinality="single" baseType="identifier">
<correctResponse>
<value>alt_539516</value>
</correctResponse>
<mapping defaultValue="0" lowerBound="0.0">
<mapEntry mapKey="alt_539516" mappedValue="1"/>
<mapEntry mapKey="alt_758457" mappedValue="-0.333333333333333"/>
<mapEntry mapKey="alt_741965" mappedValue="-0.333333333333333"/>
<mapEntry mapKey="alt_331463" mappedValue="-0.333333333333333"/>
</mapping>
</responseDeclaration>
<outcomeDeclaration identifier="SCORE" cardinality="single" baseType="float" normalMaximum="1" normalMinimum="0" />
<outcomeDeclaration identifier="FEEDBACK" cardinality="single" baseType="identifier" />
<itemBody>
<p>A researcher would like to know if there is a difference between females (group 1) and males (group 2) in the share of owning a car.</p>
<p>Based on the table below, calculate the odds ratio indicating this difference.</p>
<p>Formula for the odds ratio:</p>
<p><math display="inline" xmlns="http://www.w3.org/1998/Math/MathML"><semantics><mrow><mi>θ</mi><mo>=</mo><mfrac><mfrac><msub><mi>π</mi><mn>1</mn></msub><mrow><mo stretchy="true" form="prefix">(</mo><mn>1</mn><mo>−</mo><msub><mi>π</mi><mn>1</mn></msub><mo stretchy="true" form="postfix">)</mo></mrow></mfrac><mfrac><msub><mi>π</mi><mn>2</mn></msub><mrow><mo stretchy="true" form="prefix">(</mo><mn>1</mn><mo>−</mo><msub><mi>π</mi><mn>2</mn></msub><mo stretchy="true" form="postfix">)</mo></mrow></mfrac></mfrac></mrow><annotation encoding="application/x-tex">\theta = \frac{\frac{\pi_{1}}{(1-\pi_{1})}}{\frac{\pi_{2}}{(1-\pi_{2})}}</annotation></semantics></math></p>
<p><img src="mediafiles/supplements1/vufgb-oddsratio-002-en-table01.jpg" alt="image"/></p>
<choiceInteraction responseIdentifier="RESPONSE" shuffle="false" maxChoices="1">
<simpleChoice identifier="alt_539516">
<div class="textblock tvblock tvcss_1"><div class="rte_zone tveditor1">
a. 0.22
</div>
</div>
</simpleChoice>
<simpleChoice identifier="alt_758457">
<div class="textblock tvblock tvcss_1"><div class="rte_zone tveditor1">
b. 0.12
</div>
</div>
</simpleChoice>
<simpleChoice identifier="alt_741965">
<div class="textblock tvblock tvcss_1"><div class="rte_zone tveditor1">
c. 0.51
</div>
</div>
</simpleChoice>
<simpleChoice identifier="alt_331463">
<div class="textblock tvblock tvcss_1"><div class="rte_zone tveditor1">
d. 0.54
</div>
</div>
</simpleChoice>
</choiceInteraction>
</itemBody>
<responseProcessing>
<responseCondition>
<responseIf>
<isNull>
<variable identifier="RESPONSE"/>
</isNull>
<setOutcomeValue identifier="SCORE">
<baseValue baseType="float">0.0</baseValue>
</setOutcomeValue>
<setOutcomeValue identifier="FEEDBACK">
<baseValue baseType="identifier">FAILURE</baseValue>
</setOutcomeValue>
</responseIf>
<responseElse>
<setOutcomeValue identifier="SCORE">
<mapResponse identifier="RESPONSE"/>
</setOutcomeValue>
<responseCondition>
<responseIf>
<equal toleranceMode="relative" tolerance="0.001">
<variable identifier="SCORE"/>
<variable identifier="MAXSCORE"/>
</equal>
<setOutcomeValue identifier="FEEDBACK">
<baseValue baseType="identifier">ANSWER_CORRECT</baseValue>
</setOutcomeValue>
</responseIf>
<responseElse>
<setOutcomeValue identifier="FEEDBACK">
<baseValue baseType="identifier">FAILURE</baseValue>
</setOutcomeValue>
</responseElse>
</responseCondition>
</responseElse>
</responseCondition>
</responseProcessing>
<modalFeedback identifier="FAILURE" outcomeIdentifier="FEEDBACK" showHide="show">
<div class="textblock tvblock tvcss_1"><div class="rte_zone tveditor1">
<ol>
<li> 0.22 <br /> Correct </li>
<li> 0.12 <br /> Incorrect </li>
<li> 0.51 <br /> Incorrect </li>
<li> 0.54 <br /> Incorrect </li>
</ol>
</div>
</div>
</modalFeedback>
<modalFeedback identifier="ANSWER_CORRECT" outcomeIdentifier="FEEDBACK" showHide="show">
<div class="textblock tvblock tvcss_1"><div class="rte_zone tveditor1">
<ol>
<li> 0.22 <br /> Correct </li>
<li> 0.12 <br /> Incorrect </li>
<li> 0.51 <br /> Incorrect </li>
<li> 0.54 <br /> Incorrect </li>
</ol>
</div>
</div>
</modalFeedback>
<modalFeedback identifier="PARTIAL_CORRECT" outcomeIdentifier="FEEDBACK" showHide="show">
<div class="textblock tvblock tvcss_1"><div class="rte_zone tveditor1">
<ol>
<li> 0.22 <br /> Correct </li>
<li> 0.12 <br /> Incorrect </li>
<li> 0.51 <br /> Incorrect </li>
<li> 0.54 <br /> Incorrect </li>
</ol>
</div>
</div>
</modalFeedback>
</assessmentItem>
