<?xml version="1.0" encoding="UTF-8"?>
<assessmentItem xsi:schemaLocation="http://www.imsglobal.org/xsd/imsqti_v2p1 http://www.imsglobal.org/xsd/qti/qtiv2p1/imsqti_v2p1p1.xsd http://www.w3.org/1998/Math/MathML http://www.w3.org/Math/XMLSchema/mathml2/mathml2.xsd" identifier="vufgb-confidenceintervals-036-nl-qti_970871936_section_1_item_1_schoice" title="1" adaptive="false" timeDependent="false" xmlns="http://www.imsglobal.org/xsd/imsqti_v2p1" xmlns:xsi="http://www.w3.org/2001/XMLSchema-instance">
<responseDeclaration identifier="vufgb-confidenceintervals-036-nl-qti_970871936_section_1_item_1_schoice_RESPONSE_1_3714344" cardinality="single" baseType="identifier">
<correctResponse>
<value>vufgb-confidenceintervals-036-nl-qti_970871936_section_1_item_1_schoice_4_9471851475</value>
</correctResponse>
<mapping defaultValue="0" lowerBound="0.0">
<mapEntry mapKey="vufgb-confidenceintervals-036-nl-qti_970871936_section_1_item_1_schoice_1_2795461236" mappedValue="0"/>
<mapEntry mapKey="vufgb-confidenceintervals-036-nl-qti_970871936_section_1_item_1_schoice_2_5897996767" mappedValue="0"/>
<mapEntry mapKey="vufgb-confidenceintervals-036-nl-qti_970871936_section_1_item_1_schoice_3_7517452459" mappedValue="0"/>
<mapEntry mapKey="vufgb-confidenceintervals-036-nl-qti_970871936_section_1_item_1_schoice_4_9471851475" mappedValue="1"/>
</mapping>
</responseDeclaration>
<outcomeDeclaration identifier="SCORE" cardinality="single" baseType="float" normalMaximum="1" normalMinimum="0">
<defaultValue>
<value>0.0</value>
</defaultValue>
</outcomeDeclaration>
<outcomeDeclaration identifier="MAXSCORE" cardinality="single" baseType="float">
<defaultValue>
<value>1</value>
</defaultValue>
</outcomeDeclaration>
<outcomeDeclaration identifier="FEEDBACKBASIC" cardinality="single" baseType="identifier" view="testConstructor">
<defaultValue>
<value>empty</value>
</defaultValue>
</outcomeDeclaration>
<outcomeDeclaration identifier="FEEDBACKMODAL" cardinality="multiple" baseType="identifier" view="testConstructor"/>
<outcomeDeclaration identifier="MINSCORE" cardinality="single" baseType="float">
<defaultValue>
<value baseType="float">0</value>
</defaultValue>
</outcomeDeclaration>
<outcomeDeclaration identifier="SCORE_RESPONSE_1" cardinality="single" baseType="float">
<defaultValue>
<value>0.0</value>
</defaultValue>
</outcomeDeclaration>
<outcomeDeclaration identifier="MINSCORE_RESPONSE_1" cardinality="single" baseType="float">
<defaultValue>
<value>0.0</value>
</defaultValue>
</outcomeDeclaration>
<itemBody>
<p>Vul de volgende stellingen aan.</p>
<p>De overige omstandigheden gelijkblijvend, hoe hoger de
betrouwbaarheid (<em>confidence level</em>), hoe … het betrouwbaarheidsinterval (BI).</p>
<p>Als het aantal observaties toeneemt, dan wordt het BI … .</p>
<choiceInteraction responseIdentifier="vufgb-confidenceintervals-036-nl-qti_970871936_section_1_item_1_schoice_RESPONSE_1_3714344" shuffle="false" maxChoices="1">
<simpleChoice identifier="vufgb-confidenceintervals-036-nl-qti_970871936_section_1_item_1_schoice_1_2795461236">
<p>
 smaller, breder
</p>
</simpleChoice>
<simpleChoice identifier="vufgb-confidenceintervals-036-nl-qti_970871936_section_1_item_1_schoice_2_5897996767">
<p>
 breder, breder
</p>
</simpleChoice>
<simpleChoice identifier="vufgb-confidenceintervals-036-nl-qti_970871936_section_1_item_1_schoice_3_7517452459">
<p>
 smaller, smaller
</p>
</simpleChoice>
<simpleChoice identifier="vufgb-confidenceintervals-036-nl-qti_970871936_section_1_item_1_schoice_4_9471851475">
<p>
 breder, smaller
</p>
</simpleChoice>
</choiceInteraction>
</itemBody>
<responseProcessing>
<responseCondition>
<responseIf>
<isNull>
<variable identifier="vufgb-confidenceintervals-036-nl-qti_970871936_section_1_item_1_schoice_RESPONSE_1_3714344"/>
</isNull>
<setOutcomeValue identifier="SCORE_RESPONSE_1">
<sum>
<variable identifier="SCORE_RESPONSE_1"/>
<baseValue baseType="float">0</baseValue>
</sum>
</setOutcomeValue>
</responseIf>
</responseCondition>
<setOutcomeValue identifier="SCORE_RESPONSE_1">
<sum>
<variable identifier="SCORE_RESPONSE_1"/>
<mapResponse identifier="vufgb-confidenceintervals-036-nl-qti_970871936_section_1_item_1_schoice_RESPONSE_1_3714344"/>
</sum>
</setOutcomeValue>
<responseCondition>
<responseIf>
<lt>
<variable identifier="SCORE_RESPONSE_1"/>
<variable identifier="MINSCORE_RESPONSE_1"/>
</lt>
<setOutcomeValue identifier="SCORE_RESPONSE_1">
<variable identifier="MINSCORE_RESPONSE_1"/>
</setOutcomeValue>
</responseIf>
</responseCondition>
<setOutcomeValue identifier="SCORE">
<sum>
<variable identifier="SCORE_RESPONSE_1"/>
</sum>
</setOutcomeValue>
<responseCondition>
<responseIf>
<lt>
<variable identifier="SCORE"/>
<variable identifier="MINSCORE"/>
</lt>
<setOutcomeValue identifier="SCORE">
<variable identifier="MINSCORE"/>
</setOutcomeValue>
</responseIf>
</responseCondition>
<responseCondition>
<responseIf>
<lt>
<variable identifier="SCORE"/>
<baseValue baseType="float">1</baseValue>
</lt>
<setOutcomeValue identifier="FEEDBACKMODAL">
<multiple>
<variable identifier="FEEDBACKMODAL"/>
<baseValue baseType="identifier">Feedback778119413</baseValue>
</multiple>
</setOutcomeValue>
</responseIf>
</responseCondition>
</responseProcessing>
<modalFeedback identifier="Feedback778119413" outcomeIdentifier="FEEDBACKMODAL" showHide="show">
 smaller, breder <br /> Incorrect 
 breder, breder <br /> Incorrect 
 smaller, smaller <br /> Incorrect 
 breder, smaller <br /> Correct 
</modalFeedback>
</assessmentItem>
