<?xml version="1.0" encoding="utf-8" standalone="yes"?>
<assessmentItem identifier="vufsw-slope-2044-nl-tv_202601131822_item_1_schoice" title="vufsw-slope-2044-nl-tv_202601131822_item_1_schoice_vufsw-slope-2044-nl" adaptive="false" timeDependent="false" toolName="Testvision Online" toolVersion="39.0.9084" xmlns="http://www.imsglobal.org/xsd/imsqti_v2p1">
<responseDeclaration identifier="RESPONSE" cardinality="single" baseType="identifier">
<correctResponse>
<value>alt_713409</value>
</correctResponse>
<mapping defaultValue="0" lowerBound="0.0">
<mapEntry mapKey="alt_515103" mappedValue="-0.333333333333333"/>
<mapEntry mapKey="alt_713409" mappedValue="1"/>
<mapEntry mapKey="alt_249014" mappedValue="-0.333333333333333"/>
<mapEntry mapKey="alt_930186" mappedValue="-0.333333333333333"/>
</mapping>
</responseDeclaration>
<outcomeDeclaration identifier="SCORE" cardinality="single" baseType="float" normalMaximum="1" normalMinimum="0" />
<outcomeDeclaration identifier="FEEDBACK" cardinality="single" baseType="identifier" />
<stylesheet href="css/vufsw-slope-2044-nl-tv_202601131822_item_1_schoice.css" type="text/css" />
<itemBody>
<p>We analyseren data die afkomstig zijn van scholieren van het voortgezet
onderwijs uit de Jongeren &amp; Cultuurdata (Ganzeboom &amp; Nagel, 1998-2002).
Voor dit databestand zijn ruim 3000 jongeren ondervraagd in de leeftijd
van grofweg 14 tot 17 jaar.  </p>
<p>In onderstaande regressieanalyse is de participatie in populaire cultuur
de afhankelijke variabele (pjcul: 1-100, van weinig naar veel
participatie) en zijn de onafhankelijke variabelen sekse (vrouw: 0-1, 0=
jongen, 1 = meisje) en moeders cultuurparticipatie (pmcul: 0-1, van
minst naar meest cultureel actief). Er is in model 2 bovendien een
interactie toegevoegd tussen sekse en moeders cultuurparticipatie
(vrouw_pmcul).</p>
<p><img src="mediafiles/supplements1/Schermafbeelding__2019-01-30__om__14.57.21.png" alt="image"/></p>
<p>Hoe groot is volgens model 1 in de steekproef het verschil in
participatie in populaire cultuur tussen jongens met een zeer weinig en
jongens met een zeer cultureel actieve moeder?</p>
<choiceInteraction responseIdentifier="RESPONSE" shuffle="false" maxChoices="1">
<simpleChoice identifier="alt_515103">
<div class="textblock tvblock tvcss_1"><div class="rte_zone tveditor1">
 2.380
</div>
</div>
</simpleChoice>
<simpleChoice identifier="alt_713409">
<div class="textblock tvblock tvcss_1"><div class="rte_zone tveditor1">
 23.687
</div>
</div>
</simpleChoice>
<simpleChoice identifier="alt_249014">
<div class="textblock tvblock tvcss_1"><div class="rte_zone tveditor1">
 62.629
</div>
</div>
</simpleChoice>
<simpleChoice identifier="alt_930186">
<div class="textblock tvblock tvcss_1"><div class="rte_zone tveditor1">
 26.067
</div>
</div>
</simpleChoice>
</choiceInteraction>
</itemBody>
<responseProcessing>
<responseCondition>
<responseIf>
<isNull>
<variable identifier="RESPONSE"/>
</isNull>
<setOutcomeValue identifier="SCORE">
<baseValue baseType="float">0.0</baseValue>
</setOutcomeValue>
<setOutcomeValue identifier="FEEDBACK">
<baseValue baseType="identifier">FAILURE</baseValue>
</setOutcomeValue>
</responseIf>
<responseElse>
<setOutcomeValue identifier="SCORE">
<mapResponse identifier="RESPONSE"/>
</setOutcomeValue>
<responseCondition>
<responseIf>
<equal toleranceMode="relative" tolerance="0.001">
<variable identifier="SCORE"/>
<variable identifier="MAXSCORE"/>
</equal>
<setOutcomeValue identifier="FEEDBACK">
<baseValue baseType="identifier">ANSWER_CORRECT</baseValue>
</setOutcomeValue>
</responseIf>
<responseElse>
<setOutcomeValue identifier="FEEDBACK">
<baseValue baseType="identifier">FAILURE</baseValue>
</setOutcomeValue>
</responseElse>
</responseCondition>
</responseElse>
</responseCondition>
</responseProcessing>
<modalFeedback identifier="FAILURE" outcomeIdentifier="FEEDBACK" showHide="show">
<div class="textblock tvblock tvcss_1"><div class="rte_zone tveditor1">
<ul>
<li> 2.380 <br /> False </li>
<li> 23.687 <br /> True </li>
<li> 62.629 <br /> False </li>
<li> 26.067 <br /> False </li>
</ul>
</div>
</div>
</modalFeedback>
<modalFeedback identifier="ANSWER_CORRECT" outcomeIdentifier="FEEDBACK" showHide="show">
<div class="textblock tvblock tvcss_1"><div class="rte_zone tveditor1">
<ul>
<li> 2.380 <br /> False </li>
<li> 23.687 <br /> True </li>
<li> 62.629 <br /> False </li>
<li> 26.067 <br /> False </li>
</ul>
</div>
</div>
</modalFeedback>
<modalFeedback identifier="PARTIAL_CORRECT" outcomeIdentifier="FEEDBACK" showHide="show">
<div class="textblock tvblock tvcss_1"><div class="rte_zone tveditor1">
<ul>
<li> 2.380 <br /> False </li>
<li> 23.687 <br /> True </li>
<li> 62.629 <br /> False </li>
<li> 26.067 <br /> False </li>
</ul>
</div>
</div>
</modalFeedback>
</assessmentItem>
