<?xml version="1.0" encoding="UTF-8"?>
<!DOCTYPE questestinterop SYSTEM "ims_qtiasiv1p2p1.dtd">

<questestinterop xmlns="http://www.imsglobal.org/xsd/ims_qtiasiv1p2" xmlns:xsi="http://www.w3.org/2001/XMLSchema-instance" xsi:schemaLocation="http://www.imsglobal.org/xsd/ims_qtiasiv1p2 http://www.imsglobal.org/xsd/ims_qtiasiv1p2p1.xsd">
<assessment ident="uva-rules-for-expected-values-923-en-canvas_196789422" title="uva-rules-for-expected-values-923-en-canvas">

<qtimetadata>
<qtimetadatafield>
<fieldlabel>cc_maxattempts</fieldlabel>
<fieldentry>1</fieldentry>
</qtimetadatafield>
<qtimetadatafield>
<fieldlabel>qmd_assessmenttype</fieldlabel>
<fieldentry>Assessment</fieldentry>
</qtimetadatafield>
</qtimetadata>
<objectives>
<material>
<mattext><![CDATA[Please solve the following exercises.]]></mattext>
</material>
</objectives>
<assessmentcontrol feedbackswitch="No" hintswitch="No" solutionswitch="Yes"/>
<outcomes_processing scoremodel="SumOfScores">
<outcomes>
<decvar varname="SCORE" vartype="Decimal" cutvalue="0"/>
</outcomes>
</outcomes_processing>
<assessfeedback title="AssessmentFeedback" ident="AssessmentFeedback">
<flow_mat>
<material>
<mattext>##AssessmentFeedback##</mattext>
</material>
</flow_mat>
</assessfeedback>

<section ident="uva-rules-for-expected-values-923-en-canvas_196789422_section_1" title="Exercise">

<objectives>
<material>
<mattext><![CDATA[Please answer the following question.]]></mattext>
</material>
</objectives>
<selection_ordering>
<selection>
<selection_number>1</selection_number>
<selection_extension>
<points_per_item>1</points_per_item>
</selection_extension>
</selection>
<order order_type="Random"/>
</selection_ordering>

<item ident="uva-rules-for-expected-values-923-en-canvas_196789422_section_1_item_1_schoice" title="Question" maxattempts="1">
<itemcontrol feedbackswitch="No" hintswitch="No" solutionswitch="Yes"/>
<itemmetadata>
<qtimetadata>
<qtimetadatafield>
<fieldlabel>question_type</fieldlabel>
<fieldentry>multiple_choice_question</fieldentry>
</qtimetadatafield>
</qtimetadata>
</itemmetadata>
<presentation>
<flow>
<material>
<matbreak/>
<mattext texttype="text/html" charset="utf-8"><![CDATA[
<p>John just graduated. There are 1,000 freshmen on the waiting list for his room, but only one of them is randomly chosen to take over John’s room. John hopes this person likes to party and also snores. Below is a table in which the 1,000 students are categorized.</p>
<p>—————– ——– ————- ——– Snores Snores Not Snores Total Party animal 130 120 250 No party animal 230 520 750 Total 360 640 1000 —————– ——– ————- ——–</p>
<p>What is the probability of electing a person who snores and likes to party likes partying?</p>
]]></mattext>
<matbreak/>
</material>
<response_lid ident="uva-rules-for-expected-values-923-en-canvas_196789422_section_1_item_1_schoice_RESPONSE_3044198" rcardinality="Single" rtiming="No">
<render_choice shuffle="No">
<flow_label class="List">
<response_label ident="uva-rules-for-expected-values-923-en-canvas_196789422_section_1_item_1_schoice_1649371898" rshuffle="No">
<material>
<mattext texttype="text/html" charset="utf-8"><![CDATA[
 0,13
]]></mattext>
</material>
</response_label>
</flow_label>
<flow_label class="List">
<response_label ident="uva-rules-for-expected-values-923-en-canvas_196789422_section_1_item_1_schoice_6461763555" rshuffle="No">
<material>
<mattext texttype="text/html" charset="utf-8"><![CDATA[
 0,25
]]></mattext>
</material>
</response_label>
</flow_label>
<flow_label class="List">
<response_label ident="uva-rules-for-expected-values-923-en-canvas_196789422_section_1_item_1_schoice_5931548240" rshuffle="No">
<material>
<mattext texttype="text/html" charset="utf-8"><![CDATA[
 0,36
]]></mattext>
</material>
</response_label>
</flow_label>
<flow_label class="List">
<response_label ident="uva-rules-for-expected-values-923-en-canvas_196789422_section_1_item_1_schoice_2107602283" rshuffle="No">
<material>
<mattext texttype="text/html" charset="utf-8"><![CDATA[
 0,75
]]></mattext>
</material>
</response_label>
</flow_label>
</render_choice>
</response_lid>
</flow>
</presentation>
<resprocessing>
<outcomes>
<decvar varname="SCORE" vartype="Decimal" defaultval="0" minvalue="0" maxvalue="1" cutvalue="1"/>
</outcomes>
<respcondition title="Mastery" continue="No">
<conditionvar>
<and>
<varequal respident="uva-rules-for-expected-values-923-en-canvas_196789422_section_1_item_1_schoice_RESPONSE_3044198" case="Yes">uva-rules-for-expected-values-923-en-canvas_196789422_section_1_item_1_schoice_1649371898</varequal>
<not> <varequal respident="uva-rules-for-expected-values-923-en-canvas_196789422_section_1_item_1_schoice_RESPONSE_3044198" case="Yes">uva-rules-for-expected-values-923-en-canvas_196789422_section_1_item_1_schoice_6461763555</varequal> </not>
<not> <varequal respident="uva-rules-for-expected-values-923-en-canvas_196789422_section_1_item_1_schoice_RESPONSE_3044198" case="Yes">uva-rules-for-expected-values-923-en-canvas_196789422_section_1_item_1_schoice_5931548240</varequal> </not>
<not> <varequal respident="uva-rules-for-expected-values-923-en-canvas_196789422_section_1_item_1_schoice_RESPONSE_3044198" case="Yes">uva-rules-for-expected-values-923-en-canvas_196789422_section_1_item_1_schoice_2107602283</varequal> </not>
</and>
</conditionvar>
<setvar varname="SCORE" action="Set">1</setvar>
<displayfeedback feedbacktype="Response" linkrefid="correct_fb"/>
</respcondition>
<respcondition continue="Yes">
<conditionvar>
<other/>
</conditionvar>
<displayfeedback feedbacktype="Response" linkrefid="general_incorrect_fb"/>
</respcondition>
</resprocessing>
<itemfeedback ident="correct_fb" view="All">
<flow_mat>
<material>
<mattext texttype="text/html"><![CDATA[
<ul>
<li> 0,13 <br /> 0.13: Correct </li>
<li> 0,25 <br /> 0.25: Incorrect </li>
<li> 0,36 <br /> 0.36: Incorrect </li>
<li> 0,75 <br /> 0.75: Incorrect </li>
</ul>
]]></mattext>
</material>
</flow_mat>
</itemfeedback>
<itemfeedback ident="general_incorrect_fb" view="All">
<flow_mat>
<material>
<mattext texttype="text/html"><![CDATA[
<ul>
<li> 0,13 <br /> 0.13: Correct </li>
<li> 0,25 <br /> 0.25: Incorrect </li>
<li> 0,36 <br /> 0.36: Incorrect </li>
<li> 0,75 <br /> 0.75: Incorrect </li>
</ul>
]]></mattext>
</material>
</flow_mat>
</itemfeedback>
</item>


</section>

</assessment>
</questestinterop>
