<?xml version="1.0" encoding="UTF-8"?>
<assessmentItem xsi:schemaLocation="http://www.imsglobal.org/xsd/imsqti_v2p1 http://www.imsglobal.org/xsd/qti/qtiv2p1/imsqti_v2p1p1.xsd http://www.w3.org/1998/Math/MathML http://www.w3.org/Math/XMLSchema/mathml2/mathml2.xsd" identifier="vufgb-anova-019-nl-ans_492693451_section_1_item_1_schoice" title="Inferential_Statistics_vufgb-anova-019-nl_vufgb-anova-019-nl_schoice_1" adaptive="false" timeDependent="false" xmlns="http://www.imsglobal.org/xsd/imsqti_v2p1" xmlns:xsi="http://www.w3.org/2001/XMLSchema-instance">
<responseDeclaration identifier="vufgb-anova-019-nl-ans_492693451_section_1_item_1_schoice_RESPONSE_1_2829926" cardinality="single" baseType="identifier">
<correctResponse>
<value>vufgb-anova-019-nl-ans_492693451_section_1_item_1_schoice_4_2109142080</value>
</correctResponse>
<mapping defaultValue="0" lowerBound="0.0">
<mapEntry mapKey="vufgb-anova-019-nl-ans_492693451_section_1_item_1_schoice_1_8195943523" mappedValue="0"/>
<mapEntry mapKey="vufgb-anova-019-nl-ans_492693451_section_1_item_1_schoice_2_3153487215" mappedValue="0"/>
<mapEntry mapKey="vufgb-anova-019-nl-ans_492693451_section_1_item_1_schoice_3_4747792779" mappedValue="0"/>
<mapEntry mapKey="vufgb-anova-019-nl-ans_492693451_section_1_item_1_schoice_4_2109142080" mappedValue="1"/>
</mapping>
</responseDeclaration>
<outcomeDeclaration identifier="SCORE" cardinality="single" baseType="float" normalMaximum="1" normalMinimum="0">
<defaultValue>
<value>0.0</value>
</defaultValue>
</outcomeDeclaration>
<outcomeDeclaration identifier="MAXSCORE" cardinality="single" baseType="float">
<defaultValue>
<value>1</value>
</defaultValue>
</outcomeDeclaration>
<outcomeDeclaration identifier="FEEDBACKBASIC" cardinality="single" baseType="identifier" view="testConstructor">
<defaultValue>
<value>empty</value>
</defaultValue>
</outcomeDeclaration>
<outcomeDeclaration identifier="FEEDBACKMODAL" cardinality="multiple" baseType="identifier" view="testConstructor"/>
<outcomeDeclaration identifier="SOLUTIONMODAL" cardinality="single" baseType="identifier" view="testConstructor"/>
<outcomeDeclaration identifier="MINSCORE" cardinality="single" baseType="float">
<defaultValue>
<value baseType="float">0</value>
</defaultValue>
</outcomeDeclaration>
<outcomeDeclaration identifier="SCORE_RESPONSE_1" cardinality="single" baseType="float">
<defaultValue>
<value>0.0</value>
</defaultValue>
</outcomeDeclaration>
<outcomeDeclaration identifier="MINSCORE_RESPONSE_1" cardinality="single" baseType="float">
<defaultValue>
<value>0.0</value>
</defaultValue>
</outcomeDeclaration>
<itemBody>
<p>In een ANOVA worden de hoofdeffecten van Factor A en Factor B opgenomen. De studie in kwestie heeft een ongebalanceerd design, waardoor onderstaande overlap het gevolg is. Welke verklaarde variantie wordt toegeschreven aan Factor A indien er Type III kwadratensommen worden bepaald en Factor A het eerst in het model wordt geplaatst?</p>
<p><img src="media/supplements1/vufgb-anova-019-nl-venndiagram01.jpg" /></p>
<choiceInteraction responseIdentifier="vufgb-anova-019-nl-ans_492693451_section_1_item_1_schoice_RESPONSE_1_2829926" shuffle="false" maxChoices="1">
<simpleChoice identifier="vufgb-anova-019-nl-ans_492693451_section_1_item_1_schoice_1_8195943523">
<p>
 2+5+6+7
</p>
</simpleChoice>
<simpleChoice identifier="vufgb-anova-019-nl-ans_492693451_section_1_item_1_schoice_2_3153487215">
<p>
 5+6+7
</p>
</simpleChoice>
<simpleChoice identifier="vufgb-anova-019-nl-ans_492693451_section_1_item_1_schoice_3_4747792779">
<p>
 6+7
</p>
</simpleChoice>
<simpleChoice identifier="vufgb-anova-019-nl-ans_492693451_section_1_item_1_schoice_4_2109142080">
<p>
 7
</p>
</simpleChoice>
</choiceInteraction>
</itemBody>
<responseProcessing>
<setOutcomeValue identifier="SCORE_RESPONSE_1">
<sum>
<variable identifier="SCORE_RESPONSE_1"/>
<mapResponse identifier="vufgb-anova-019-nl-ans_492693451_section_1_item_1_schoice_RESPONSE_1_2829926"/>
</sum>
</setOutcomeValue>
<responseCondition>
<responseIf>
<lt>
<variable identifier="SCORE_RESPONSE_1"/>
<variable identifier="MINSCORE_RESPONSE_1"/>
</lt>
<setOutcomeValue identifier="SCORE_RESPONSE_1">
<variable identifier="MINSCORE_RESPONSE_1"/>
</setOutcomeValue>
</responseIf>
</responseCondition>
<responseCondition>
<responseIf>
<isNull>
<variable identifier="vufgb-anova-019-nl-ans_492693451_section_1_item_1_schoice_RESPONSE_1_2829926"/>
</isNull>
<setOutcomeValue identifier="SCORE_RESPONSE_1">
<sum>
<variable identifier="SCORE_RESPONSE_1"/>
<baseValue baseType="float">0</baseValue>
</sum>
</setOutcomeValue>
</responseIf>
</responseCondition>
<setOutcomeValue identifier="SCORE">
<sum>
<variable identifier="SCORE_RESPONSE_1"/>
</sum>
</setOutcomeValue>
<responseCondition>
<responseIf>
<lt>
<variable identifier="SCORE"/>
<variable identifier="MINSCORE"/>
</lt>
<setOutcomeValue identifier="SCORE">
<variable identifier="MINSCORE"/>
</setOutcomeValue>
</responseIf>
</responseCondition>
<responseCondition>
<responseIf>
<lt>
<variable identifier="SCORE"/>
<baseValue baseType="float">1</baseValue>
</lt>
<setOutcomeValue identifier="FEEDBACKMODAL">
<multiple>
<variable identifier="FEEDBACKMODAL"/>
<baseValue baseType="identifier">Feedback796175685</baseValue>
</multiple>
</setOutcomeValue>
</responseIf>
</responseCondition>
</responseProcessing>
<modalFeedback outcomeIdentifier="FEEDBACK" showHide="show" identifier="incorrect">
<ul>
<li> 2+5+6+7 <br /> Incorrect </li>
<li> 5+6+7 <br /> Incorrect </li>
<li> 6+7 <br /> Incorrect </li>
<li> 7 <br /> Correct </li>
</ul>
</modalFeedback>
</assessmentItem>
