<?xml version="1.0" encoding="UTF-8"?>
<assessmentItem xsi:schemaLocation="http://www.imsglobal.org/xsd/imsqti_v2p1 http://www.imsglobal.org/xsd/qti/qtiv2p1/imsqti_v2p1p1.xsd http://www.w3.org/1998/Math/MathML http://www.w3.org/Math/XMLSchema/mathml2/mathml2.xsd" identifier="uva-variance-218-nl-ans_187365813_section_1_item_1_schoice" title="Descriptive-statistics_uva-variance-218-nl_uva-variance-218-nl_schoice_1" adaptive="false" timeDependent="false" xmlns="http://www.imsglobal.org/xsd/imsqti_v2p1" xmlns:xsi="http://www.w3.org/2001/XMLSchema-instance">
<responseDeclaration identifier="uva-variance-218-nl-ans_187365813_section_1_item_1_schoice_RESPONSE_1_4976234" cardinality="single" baseType="identifier">
<correctResponse>
<value>uva-variance-218-nl-ans_187365813_section_1_item_1_schoice_1_8008818614</value>
</correctResponse>
<mapping defaultValue="0" lowerBound="0.0">
<mapEntry mapKey="uva-variance-218-nl-ans_187365813_section_1_item_1_schoice_1_8008818614" mappedValue="1"/>
<mapEntry mapKey="uva-variance-218-nl-ans_187365813_section_1_item_1_schoice_2_1350578877" mappedValue="0"/>
<mapEntry mapKey="uva-variance-218-nl-ans_187365813_section_1_item_1_schoice_3_6671177366" mappedValue="0"/>
</mapping>
</responseDeclaration>
<outcomeDeclaration identifier="SCORE" cardinality="single" baseType="float" normalMaximum="1" normalMinimum="0">
<defaultValue>
<value>0.0</value>
</defaultValue>
</outcomeDeclaration>
<outcomeDeclaration identifier="MAXSCORE" cardinality="single" baseType="float">
<defaultValue>
<value>1</value>
</defaultValue>
</outcomeDeclaration>
<outcomeDeclaration identifier="FEEDBACKBASIC" cardinality="single" baseType="identifier" view="testConstructor">
<defaultValue>
<value>empty</value>
</defaultValue>
</outcomeDeclaration>
<outcomeDeclaration identifier="FEEDBACKMODAL" cardinality="multiple" baseType="identifier" view="testConstructor"/>
<outcomeDeclaration identifier="SOLUTIONMODAL" cardinality="single" baseType="identifier" view="testConstructor"/>
<outcomeDeclaration identifier="MINSCORE" cardinality="single" baseType="float">
<defaultValue>
<value baseType="float">0</value>
</defaultValue>
</outcomeDeclaration>
<outcomeDeclaration identifier="SCORE_RESPONSE_1" cardinality="single" baseType="float">
<defaultValue>
<value>0.0</value>
</defaultValue>
</outcomeDeclaration>
<outcomeDeclaration identifier="MINSCORE_RESPONSE_1" cardinality="single" baseType="float">
<defaultValue>
<value>0.0</value>
</defaultValue>
</outcomeDeclaration>
<itemBody>
<p>Gegeven is de volgende tabel</p>
<table>
<tbody>
<tr class="odd">
<td align="left">X</td>
<td align="left">1</td>
<td align="left">2</td>
<td align="left">3</td>
<td align="left">4</td>
</tr>
<tr class="even">
<td align="left">P(X = x)</td>
<td align="left">0.2</td>
<td align="left">0.3</td>
<td align="left">0.3</td>
<td align="left">0.2</td>
</tr>
</tbody>
</table>
<p>De variantie van de kansvariabele X, Var(X), is</p>
<choiceInteraction responseIdentifier="uva-variance-218-nl-ans_187365813_section_1_item_1_schoice_RESPONSE_1_4976234" shuffle="false" maxChoices="1">
<simpleChoice identifier="uva-variance-218-nl-ans_187365813_section_1_item_1_schoice_1_8008818614">
<p>
 1.05
</p>
</simpleChoice>
<simpleChoice identifier="uva-variance-218-nl-ans_187365813_section_1_item_1_schoice_2_1350578877">
<p>
 2.5
</p>
</simpleChoice>
<simpleChoice identifier="uva-variance-218-nl-ans_187365813_section_1_item_1_schoice_3_6671177366">
<p>
 6.25
</p>
</simpleChoice>
</choiceInteraction>
</itemBody>
<responseProcessing>
<setOutcomeValue identifier="SCORE_RESPONSE_1">
<sum>
<variable identifier="SCORE_RESPONSE_1"/>
<mapResponse identifier="uva-variance-218-nl-ans_187365813_section_1_item_1_schoice_RESPONSE_1_4976234"/>
</sum>
</setOutcomeValue>
<responseCondition>
<responseIf>
<lt>
<variable identifier="SCORE_RESPONSE_1"/>
<variable identifier="MINSCORE_RESPONSE_1"/>
</lt>
<setOutcomeValue identifier="SCORE_RESPONSE_1">
<variable identifier="MINSCORE_RESPONSE_1"/>
</setOutcomeValue>
</responseIf>
</responseCondition>
<responseCondition>
<responseIf>
<isNull>
<variable identifier="uva-variance-218-nl-ans_187365813_section_1_item_1_schoice_RESPONSE_1_4976234"/>
</isNull>
<setOutcomeValue identifier="SCORE_RESPONSE_1">
<sum>
<variable identifier="SCORE_RESPONSE_1"/>
<baseValue baseType="float">0</baseValue>
</sum>
</setOutcomeValue>
</responseIf>
</responseCondition>
<setOutcomeValue identifier="SCORE">
<sum>
<variable identifier="SCORE_RESPONSE_1"/>
</sum>
</setOutcomeValue>
<responseCondition>
<responseIf>
<lt>
<variable identifier="SCORE"/>
<variable identifier="MINSCORE"/>
</lt>
<setOutcomeValue identifier="SCORE">
<variable identifier="MINSCORE"/>
</setOutcomeValue>
</responseIf>
</responseCondition>
<responseCondition>
<responseIf>
<lt>
<variable identifier="SCORE"/>
<baseValue baseType="float">1</baseValue>
</lt>
<setOutcomeValue identifier="FEEDBACKMODAL">
<multiple>
<variable identifier="FEEDBACKMODAL"/>
<baseValue baseType="identifier">Feedback238199031</baseValue>
</multiple>
</setOutcomeValue>
</responseIf>
</responseCondition>
</responseProcessing>
<modalFeedback outcomeIdentifier="FEEDBACK" showHide="show" identifier="incorrect">
<ul>
<li> 1.05 <br /> 1.05: Correct </li>
<li> 2.5 <br /> 2.5: Incorrect </li>
<li> 6.25 <br /> 6.25: Incorrect </li>
</ul>
</modalFeedback>
</assessmentItem>
