<?xml version="1.0" encoding="utf-8" standalone="yes"?>
<assessmentItem identifier="vufgb-equation-011-nl_202209051538_item_1_schoice" title="vufgb-equation-011-nl_202209051538_item_1_schoice_vufgb-equation-011-nl" adaptive="false" timeDependent="false" toolName="Testvision Online" toolVersion="39.0.9084" xmlns="http://www.imsglobal.org/xsd/imsqti_v2p1">
<responseDeclaration identifier="RESPONSE" cardinality="single" baseType="identifier">
<correctResponse>
<value>alt_658705</value>
</correctResponse>
<mapping defaultValue="0" lowerBound="0.0">
<mapEntry mapKey="alt_361544" mappedValue="-0.333333333333333"/>
<mapEntry mapKey="alt_658705" mappedValue="1"/>
<mapEntry mapKey="alt_267298" mappedValue="-0.333333333333333"/>
<mapEntry mapKey="alt_472186" mappedValue="-0.333333333333333"/>
</mapping>
</responseDeclaration>
<outcomeDeclaration identifier="SCORE" cardinality="single" baseType="float" normalMaximum="1" normalMinimum="0" />
<outcomeDeclaration identifier="FEEDBACK" cardinality="single" baseType="identifier" />
<itemBody>
<p>Bereken met behulp van onderstaande gegevens de constante <em>a</em> van de geschatte regressielijn die het verband tussen <em>x</em> en <em>y</em> beschrijft.</p>
<p><img src="mediafiles/supplements1/vufgb-equation-011-nl-table01.jpg" alt="image"/></p>
<choiceInteraction responseIdentifier="RESPONSE" shuffle="false" maxChoices="1">
<simpleChoice identifier="alt_361544">
<div class="textblock tvblock tvcss_1"><div class="rte_zone tveditor1">
a. 2.20
</div>
</div>
</simpleChoice>
<simpleChoice identifier="alt_658705">
<div class="textblock tvblock tvcss_1"><div class="rte_zone tveditor1">
b. 2.28
</div>
</div>
</simpleChoice>
<simpleChoice identifier="alt_267298">
<div class="textblock tvblock tvcss_1"><div class="rte_zone tveditor1">
c. 4.72
</div>
</div>
</simpleChoice>
<simpleChoice identifier="alt_472186">
<div class="textblock tvblock tvcss_1"><div class="rte_zone tveditor1">
d. 12.80
</div>
</div>
</simpleChoice>
</choiceInteraction>
</itemBody>
<responseProcessing>
<responseCondition>
<responseIf>
<isNull>
<variable identifier="RESPONSE"/>
</isNull>
<setOutcomeValue identifier="SCORE">
<baseValue baseType="float">0.0</baseValue>
</setOutcomeValue>
<setOutcomeValue identifier="FEEDBACK">
<baseValue baseType="identifier">FAILURE</baseValue>
</setOutcomeValue>
</responseIf>
<responseElse>
<setOutcomeValue identifier="SCORE">
<mapResponse identifier="RESPONSE"/>
</setOutcomeValue>
<responseCondition>
<responseIf>
<equal toleranceMode="relative" tolerance="0.001">
<variable identifier="SCORE"/>
<variable identifier="MAXSCORE"/>
</equal>
<setOutcomeValue identifier="FEEDBACK">
<baseValue baseType="identifier">ANSWER_CORRECT</baseValue>
</setOutcomeValue>
</responseIf>
<responseElse>
<setOutcomeValue identifier="FEEDBACK">
<baseValue baseType="identifier">FAILURE</baseValue>
</setOutcomeValue>
</responseElse>
</responseCondition>
</responseElse>
</responseCondition>
</responseProcessing>
<modalFeedback identifier="FAILURE" outcomeIdentifier="FEEDBACK" showHide="show">
<div class="textblock tvblock tvcss_1"><div class="rte_zone tveditor1">
<ol>
<li> 2.20 <br /> Incorrect </li>
<li> 2.28 <br /> Correct </li>
<li> 4.72 <br /> Incorrect </li>
<li> 12.80 <br /> Incorrect </li>
</ol>
</div>
</div>
</modalFeedback>
<modalFeedback identifier="ANSWER_CORRECT" outcomeIdentifier="FEEDBACK" showHide="show">
<div class="textblock tvblock tvcss_1"><div class="rte_zone tveditor1">
<ol>
<li> 2.20 <br /> Incorrect </li>
<li> 2.28 <br /> Correct </li>
<li> 4.72 <br /> Incorrect </li>
<li> 12.80 <br /> Incorrect </li>
</ol>
</div>
</div>
</modalFeedback>
<modalFeedback identifier="PARTIAL_CORRECT" outcomeIdentifier="FEEDBACK" showHide="show">
<div class="textblock tvblock tvcss_1"><div class="rte_zone tveditor1">
<ol>
<li> 2.20 <br /> Incorrect </li>
<li> 2.28 <br /> Correct </li>
<li> 4.72 <br /> Incorrect </li>
<li> 12.80 <br /> Incorrect </li>
</ol>
</div>
</div>
</modalFeedback>
</assessmentItem>
