<?xml version="1.0" encoding="UTF-8"?>
<assessmentItem xsi:schemaLocation="http://www.imsglobal.org/xsd/imsqti_v2p1 http://www.imsglobal.org/xsd/qti/qtiv2p1/imsqti_v2p1p1.xsd http://www.w3.org/1998/Math/MathML http://www.w3.org/Math/XMLSchema/mathml2/mathml2.xsd" identifier="uva-correlation-1658-nl-ans_916153373_section_1_item_1_schoice" title="Descriptive-statistics_uva-correlation-1658-nl_uva-correlation-1658-nl_schoice_1" adaptive="false" timeDependent="false" xmlns="http://www.imsglobal.org/xsd/imsqti_v2p1" xmlns:xsi="http://www.w3.org/2001/XMLSchema-instance">
<responseDeclaration identifier="uva-correlation-1658-nl-ans_916153373_section_1_item_1_schoice_RESPONSE_1_2151744" cardinality="single" baseType="identifier">
<correctResponse>
<value>uva-correlation-1658-nl-ans_916153373_section_1_item_1_schoice_3_9714186103</value>
</correctResponse>
<mapping defaultValue="0" lowerBound="0.0">
<mapEntry mapKey="uva-correlation-1658-nl-ans_916153373_section_1_item_1_schoice_1_7435525510" mappedValue="0"/>
<mapEntry mapKey="uva-correlation-1658-nl-ans_916153373_section_1_item_1_schoice_2_1522649997" mappedValue="0"/>
<mapEntry mapKey="uva-correlation-1658-nl-ans_916153373_section_1_item_1_schoice_3_9714186103" mappedValue="1"/>
<mapEntry mapKey="uva-correlation-1658-nl-ans_916153373_section_1_item_1_schoice_4_9463134909" mappedValue="0"/>
</mapping>
</responseDeclaration>
<outcomeDeclaration identifier="SCORE" cardinality="single" baseType="float" normalMaximum="1" normalMinimum="0">
<defaultValue>
<value>0.0</value>
</defaultValue>
</outcomeDeclaration>
<outcomeDeclaration identifier="MAXSCORE" cardinality="single" baseType="float">
<defaultValue>
<value>1</value>
</defaultValue>
</outcomeDeclaration>
<outcomeDeclaration identifier="FEEDBACKBASIC" cardinality="single" baseType="identifier" view="testConstructor">
<defaultValue>
<value>empty</value>
</defaultValue>
</outcomeDeclaration>
<outcomeDeclaration identifier="FEEDBACKMODAL" cardinality="multiple" baseType="identifier" view="testConstructor"/>
<outcomeDeclaration identifier="SOLUTIONMODAL" cardinality="single" baseType="identifier" view="testConstructor"/>
<outcomeDeclaration identifier="MINSCORE" cardinality="single" baseType="float">
<defaultValue>
<value baseType="float">0</value>
</defaultValue>
</outcomeDeclaration>
<outcomeDeclaration identifier="SCORE_RESPONSE_1" cardinality="single" baseType="float">
<defaultValue>
<value>0.0</value>
</defaultValue>
</outcomeDeclaration>
<outcomeDeclaration identifier="MINSCORE_RESPONSE_1" cardinality="single" baseType="float">
<defaultValue>
<value>0.0</value>
</defaultValue>
</outcomeDeclaration>
<itemBody>
<p>Hieronder is van 5 individuen aangegeven hoe zij t.o.v. elkaar
gerangschikt zijn op autoritair gedrag en sociale status:<br />
Autoritair gedrag: 3, 2, 4, 5, 1<br />
Sociale status: 2, 1, 4, 5, 3. De waarde van de Spearman
correlatiecoëfficiënt is hier</p>
<choiceInteraction responseIdentifier="uva-correlation-1658-nl-ans_916153373_section_1_item_1_schoice_RESPONSE_1_2151744" shuffle="false" maxChoices="1">
<simpleChoice identifier="uva-correlation-1658-nl-ans_916153373_section_1_item_1_schoice_1_7435525510">
<p>
 0.2
</p>
</simpleChoice>
<simpleChoice identifier="uva-correlation-1658-nl-ans_916153373_section_1_item_1_schoice_2_1522649997">
<p>
 0.622
</p>
</simpleChoice>
<simpleChoice identifier="uva-correlation-1658-nl-ans_916153373_section_1_item_1_schoice_3_9714186103">
<p>
 0.7
</p>
</simpleChoice>
<simpleChoice identifier="uva-correlation-1658-nl-ans_916153373_section_1_item_1_schoice_4_9463134909">
<p>
 0.8
</p>
</simpleChoice>
</choiceInteraction>
</itemBody>
<responseProcessing>
<setOutcomeValue identifier="SCORE_RESPONSE_1">
<sum>
<variable identifier="SCORE_RESPONSE_1"/>
<mapResponse identifier="uva-correlation-1658-nl-ans_916153373_section_1_item_1_schoice_RESPONSE_1_2151744"/>
</sum>
</setOutcomeValue>
<responseCondition>
<responseIf>
<lt>
<variable identifier="SCORE_RESPONSE_1"/>
<variable identifier="MINSCORE_RESPONSE_1"/>
</lt>
<setOutcomeValue identifier="SCORE_RESPONSE_1">
<variable identifier="MINSCORE_RESPONSE_1"/>
</setOutcomeValue>
</responseIf>
</responseCondition>
<responseCondition>
<responseIf>
<isNull>
<variable identifier="uva-correlation-1658-nl-ans_916153373_section_1_item_1_schoice_RESPONSE_1_2151744"/>
</isNull>
<setOutcomeValue identifier="SCORE_RESPONSE_1">
<sum>
<variable identifier="SCORE_RESPONSE_1"/>
<baseValue baseType="float">0</baseValue>
</sum>
</setOutcomeValue>
</responseIf>
</responseCondition>
<setOutcomeValue identifier="SCORE">
<sum>
<variable identifier="SCORE_RESPONSE_1"/>
</sum>
</setOutcomeValue>
<responseCondition>
<responseIf>
<lt>
<variable identifier="SCORE"/>
<variable identifier="MINSCORE"/>
</lt>
<setOutcomeValue identifier="SCORE">
<variable identifier="MINSCORE"/>
</setOutcomeValue>
</responseIf>
</responseCondition>
<responseCondition>
<responseIf>
<lt>
<variable identifier="SCORE"/>
<baseValue baseType="float">1</baseValue>
</lt>
<setOutcomeValue identifier="FEEDBACKMODAL">
<multiple>
<variable identifier="FEEDBACKMODAL"/>
<baseValue baseType="identifier">Feedback125352782</baseValue>
</multiple>
</setOutcomeValue>
</responseIf>
</responseCondition>
</responseProcessing>
<modalFeedback outcomeIdentifier="FEEDBACK" showHide="show" identifier="incorrect">
<ul>
<li> 0.2 <br /> 0.2: Incorrect </li>
<li> 0.622 <br /> 0.622: Incorrect </li>
<li> 0.7 <br /> 0.7: Correct </li>
<li> 0.8 <br /> 0.8: Incorrect </li>
</ul>
</modalFeedback>
</assessmentItem>
