<?xml version="1.0" encoding="UTF-8"?>
<assessmentItem xsi:schemaLocation="http://www.imsglobal.org/xsd/imsqti_v2p1 http://www.imsglobal.org/xsd/qti/qtiv2p1/imsqti_v2p1p1.xsd http://www.w3.org/1998/Math/MathML http://www.w3.org/Math/XMLSchema/mathml2/mathml2.xsd" identifier="vufsw-manova-0287-en-ans_409982330_section_1_item_1_schoice" title="Inferential_Statistics_vufsw-manova-0287-en_vufsw-manova-0287-en_schoice_1" adaptive="false" timeDependent="false" xmlns="http://www.imsglobal.org/xsd/imsqti_v2p1" xmlns:xsi="http://www.w3.org/2001/XMLSchema-instance">
<responseDeclaration identifier="vufsw-manova-0287-en-ans_409982330_section_1_item_1_schoice_RESPONSE_1_5109269" cardinality="single" baseType="identifier">
<correctResponse>
<value>vufsw-manova-0287-en-ans_409982330_section_1_item_1_schoice_2_8842305332</value>
</correctResponse>
<mapping defaultValue="0" lowerBound="0.0">
<mapEntry mapKey="vufsw-manova-0287-en-ans_409982330_section_1_item_1_schoice_1_7431348160" mappedValue="0"/>
<mapEntry mapKey="vufsw-manova-0287-en-ans_409982330_section_1_item_1_schoice_2_8842305332" mappedValue="1"/>
<mapEntry mapKey="vufsw-manova-0287-en-ans_409982330_section_1_item_1_schoice_3_9611020932" mappedValue="0"/>
<mapEntry mapKey="vufsw-manova-0287-en-ans_409982330_section_1_item_1_schoice_4_1039620561" mappedValue="0"/>
</mapping>
</responseDeclaration>
<outcomeDeclaration identifier="SCORE" cardinality="single" baseType="float" normalMaximum="1" normalMinimum="0">
<defaultValue>
<value>0.0</value>
</defaultValue>
</outcomeDeclaration>
<outcomeDeclaration identifier="MAXSCORE" cardinality="single" baseType="float">
<defaultValue>
<value>1</value>
</defaultValue>
</outcomeDeclaration>
<outcomeDeclaration identifier="FEEDBACKBASIC" cardinality="single" baseType="identifier" view="testConstructor">
<defaultValue>
<value>empty</value>
</defaultValue>
</outcomeDeclaration>
<outcomeDeclaration identifier="FEEDBACKMODAL" cardinality="multiple" baseType="identifier" view="testConstructor"/>
<outcomeDeclaration identifier="SOLUTIONMODAL" cardinality="single" baseType="identifier" view="testConstructor"/>
<outcomeDeclaration identifier="MINSCORE" cardinality="single" baseType="float">
<defaultValue>
<value baseType="float">0</value>
</defaultValue>
</outcomeDeclaration>
<outcomeDeclaration identifier="SCORE_RESPONSE_1" cardinality="single" baseType="float">
<defaultValue>
<value>0.0</value>
</defaultValue>
</outcomeDeclaration>
<outcomeDeclaration identifier="MINSCORE_RESPONSE_1" cardinality="single" baseType="float">
<defaultValue>
<value>0.0</value>
</defaultValue>
</outcomeDeclaration>
<itemBody>
<p>In which of the following situations is MANOVA an appropriate analysis model?</p>
<choiceInteraction responseIdentifier="vufsw-manova-0287-en-ans_409982330_section_1_item_1_schoice_RESPONSE_1_5109269" shuffle="false" maxChoices="1">
<simpleChoice identifier="vufsw-manova-0287-en-ans_409982330_section_1_item_1_schoice_1_7431348160">
<p>
 When examining the effect of gender and education level on the students’ achievement in mathematics
</p>
</simpleChoice>
<simpleChoice identifier="vufsw-manova-0287-en-ans_409982330_section_1_item_1_schoice_2_8842305332">
<p>
 If you examine the effect of gender and education level on the students’ achievement in mathematics and literature together
</p>
</simpleChoice>
<simpleChoice identifier="vufsw-manova-0287-en-ans_409982330_section_1_item_1_schoice_3_9611020932">
<p>
 If you examine the effect of gender on scholars’ achievement in mathematics
</p>
</simpleChoice>
<simpleChoice identifier="vufsw-manova-0287-en-ans_409982330_section_1_item_1_schoice_4_1039620561">
<p>
 If you examine the effect of gender and educational attainment on the achievement of scholars in mathematics and literature separately
</p>
</simpleChoice>
</choiceInteraction>
</itemBody>
<responseProcessing>
<setOutcomeValue identifier="SCORE_RESPONSE_1">
<sum>
<variable identifier="SCORE_RESPONSE_1"/>
<mapResponse identifier="vufsw-manova-0287-en-ans_409982330_section_1_item_1_schoice_RESPONSE_1_5109269"/>
</sum>
</setOutcomeValue>
<responseCondition>
<responseIf>
<lt>
<variable identifier="SCORE_RESPONSE_1"/>
<variable identifier="MINSCORE_RESPONSE_1"/>
</lt>
<setOutcomeValue identifier="SCORE_RESPONSE_1">
<variable identifier="MINSCORE_RESPONSE_1"/>
</setOutcomeValue>
</responseIf>
</responseCondition>
<responseCondition>
<responseIf>
<isNull>
<variable identifier="vufsw-manova-0287-en-ans_409982330_section_1_item_1_schoice_RESPONSE_1_5109269"/>
</isNull>
<setOutcomeValue identifier="SCORE_RESPONSE_1">
<sum>
<variable identifier="SCORE_RESPONSE_1"/>
<baseValue baseType="float">0</baseValue>
</sum>
</setOutcomeValue>
</responseIf>
</responseCondition>
<setOutcomeValue identifier="SCORE">
<sum>
<variable identifier="SCORE_RESPONSE_1"/>
</sum>
</setOutcomeValue>
<responseCondition>
<responseIf>
<lt>
<variable identifier="SCORE"/>
<variable identifier="MINSCORE"/>
</lt>
<setOutcomeValue identifier="SCORE">
<variable identifier="MINSCORE"/>
</setOutcomeValue>
</responseIf>
</responseCondition>
<responseCondition>
<responseIf>
<lt>
<variable identifier="SCORE"/>
<baseValue baseType="float">1</baseValue>
</lt>
<setOutcomeValue identifier="FEEDBACKMODAL">
<multiple>
<variable identifier="FEEDBACKMODAL"/>
<baseValue baseType="identifier">Feedback294115321</baseValue>
</multiple>
</setOutcomeValue>
</responseIf>
</responseCondition>
</responseProcessing>
<modalFeedback outcomeIdentifier="FEEDBACK" showHide="show" identifier="incorrect">
<ul>
<li> When examining the effect of gender and education level on the students’ achievement in mathematics <br /> False </li>
<li> If you examine the effect of gender and education level on the students’ achievement in mathematics and literature together <br /> True </li>
<li> If you examine the effect of gender on scholars’ achievement in mathematics <br /> False </li>
<li> If you examine the effect of gender and educational attainment on the achievement of scholars in mathematics and literature separately <br /> False </li>
</ul>
</modalFeedback>
</assessmentItem>
