<?xml version="1.0" encoding="utf-8" standalone="yes"?>
<assessmentItem identifier="uu-Descriptive-statistics-607-nl-tv_202601131820_item_1_cloze" title="uu-Descriptive-statistics-607-nl-tv_202601131820_item_1_cloze_uu-Descriptive-statistics-607-nl.rmd" adaptive="false" timeDependent="false" toolName="Testvision Online" toolVersion="39.0.9084" xmlns="http://www.imsglobal.org/xsd/imsqti_v2p1">
<responseDeclaration identifier="RESPONSE" cardinality="multiple">
<correctResponse>
<value fieldIdentifier="alt_5980" baseType="float">192</value>
<value fieldIdentifier="alt_5980" baseType="float">192;192</value>
<value fieldIdentifier="alt_5190" baseType="float">15.08422</value>
<value fieldIdentifier="alt_5190" baseType="float">15.08422;15.08422</value>
<value fieldIdentifier="alt_1749" baseType="float">19</value>
<value fieldIdentifier="alt_1749" baseType="float">19;19</value>
<value fieldIdentifier="alt_9073" baseType="float">19</value>
<value fieldIdentifier="alt_9073" baseType="float">19;19</value>
</correctResponse>
<mapping defaultValue="0">
<mapEntry mapKey="alt_5980" mappedValue="0.25" />
<mapEntry mapKey="alt_5190" mappedValue="0.25" />
<mapEntry mapKey="alt_1749" mappedValue="0.25" />
<mapEntry mapKey="alt_9073" mappedValue="0.25" />
</mapping>
</responseDeclaration>
<outcomeDeclaration identifier="SCORE" cardinality="single" baseType="float" normalMaximum="1" normalMinimum="0" />
<outcomeDeclaration identifier="FEEDBACK" cardinality="single" baseType="identifier" />
<stylesheet href="css/uu-Descriptive-statistics-607-nl-tv_202601131820_item_1_cloze.css" type="text/css" />
<itemBody>
<p><strong>Download</strong>: <a href="mediafiles/supplements1/uu-Descriptive-statistics-607-nl-data.sav">SPSS file</a>, <a href="mediafiles/supplements1/uu-Descriptive-statistics-607-nl-data.csv">CSV file</a></p>
<p>Open het databestand.</p>
<p>Beantwoord de volgende vragen.</p>
<p><strong>Beantwoord iedere vraag met alle decimalen die in de output vermeld staan.</strong></p>
<div class="interactieblok">
<div class="textblock tvblock tvcss_1"><div class="rte_zone tveditor1">
 Het aantal respondenten waarvan de score op herkennen van vormen bekend is, is…
<textEntryInteraction class="multipleinput" id="alt_5980" responseIdentifier="RESPONSE" expectedLength="12" />
</div>
</div>
<div class="textblock tvblock tvcss_1"><div class="rte_zone tveditor1">
 De standaardafwijking van herkennen van dieren is…
<textEntryInteraction class="multipleinput" id="alt_5190" responseIdentifier="RESPONSE" expectedLength="12" />
</div>
</div>
<div class="textblock tvblock tvcss_1"><div class="rte_zone tveditor1">
 De maximaal behaalde score op herkennen van kleuren is…
<textEntryInteraction class="multipleinput" id="alt_1749" responseIdentifier="RESPONSE" expectedLength="12" />
</div>
</div>
<div class="textblock tvblock tvcss_1"><div class="rte_zone tveditor1">
 De modus van herkennen van woorden is…
<textEntryInteraction class="multipleinput" id="alt_9073" responseIdentifier="RESPONSE" expectedLength="12" />
</div>
</div>
</div>
</itemBody>
<responseProcessing>
<responseCondition>
<responseIf>
<isNull>
<variable identifier="RESPONSE"/>
</isNull>
<setOutcomeValue identifier="SCORE">
<baseValue baseType="float">0.0</baseValue>
</setOutcomeValue>
<setOutcomeValue identifier="FEEDBACK">
<baseValue baseType="identifier">FAILURE</baseValue>
</setOutcomeValue>
</responseIf>
<responseElse>
<setOutcomeValue identifier="SCORE">
<mapResponse identifier="RESPONSE"/>
</setOutcomeValue>
<responseCondition>
<responseIf>
<equal toleranceMode="relative" tolerance="0.001">
<variable identifier="SCORE"/>
<variable identifier="MAXSCORE"/>
</equal>
<setOutcomeValue identifier="SCORE">
<baseValue baseType="float">1</baseValue>
</setOutcomeValue>
</responseIf>
</responseCondition>
<responseCondition>
<responseIf>
<equal toleranceMode="relative" tolerance="0.001">
<variable identifier="SCORE"/>
<variable identifier="MAXSCORE"/>
</equal>
<setOutcomeValue identifier="FEEDBACK">
<baseValue baseType="identifier">ANSWER_CORRECT</baseValue>
</setOutcomeValue>
</responseIf>
<responseElse>
<setOutcomeValue identifier="FEEDBACK">
<baseValue baseType="identifier">FAILURE</baseValue>
</setOutcomeValue>
</responseElse>
</responseCondition>
</responseElse>
</responseCondition>
</responseProcessing>
<modalFeedback identifier="FAILURE" outcomeIdentifier="FEEDBACK" showHide="show">
<div class="textblock tvblock tvcss_1"><div class="rte_zone tveditor1">
<ul>
<li> Het aantal respondenten waarvan de score op herkennen van vormen bekend is, is… <br /> Answer: 192 </li>
<li> De standaardafwijking van herkennen van dieren is… <br /> Answer: 15.08422 </li>
<li> De maximaal behaalde score op herkennen van kleuren is… <br /> Answer: 19.00 </li>
<li> De modus van herkennen van woorden is… <br /> Answer: 19.00 </li>
</ul>
</div>
</div>
</modalFeedback>
<modalFeedback identifier="ANSWER_CORRECT" outcomeIdentifier="FEEDBACK" showHide="show">
<div class="textblock tvblock tvcss_1"><div class="rte_zone tveditor1">
<ul>
<li> Het aantal respondenten waarvan de score op herkennen van vormen bekend is, is… <br /> Answer: 192 </li>
<li> De standaardafwijking van herkennen van dieren is… <br /> Answer: 15.08422 </li>
<li> De maximaal behaalde score op herkennen van kleuren is… <br /> Answer: 19.00 </li>
<li> De modus van herkennen van woorden is… <br /> Answer: 19.00 </li>
</ul>
</div>
</div>
</modalFeedback>
<modalFeedback identifier="PARTIAL_CORRECT" outcomeIdentifier="FEEDBACK" showHide="show">
<div class="textblock tvblock tvcss_1"><div class="rte_zone tveditor1">
<ul>
<li> Het aantal respondenten waarvan de score op herkennen van vormen bekend is, is… <br /> Answer: 192 </li>
<li> De standaardafwijking van herkennen van dieren is… <br /> Answer: 15.08422 </li>
<li> De maximaal behaalde score op herkennen van kleuren is… <br /> Answer: 19.00 </li>
<li> De modus van herkennen van woorden is… <br /> Answer: 19.00 </li>
</ul>
</div>
</div>
</modalFeedback>
</assessmentItem>
