<?xml version="1.0" encoding="UTF-8"?>
<assessmentItem xsi:schemaLocation="http://www.imsglobal.org/xsd/imsqti_v2p1 http://www.imsglobal.org/xsd/qti/qtiv2p1/imsqti_v2p1p1.xsd http://www.w3.org/1998/Math/MathML http://www.w3.org/Math/XMLSchema/mathml2/mathml2.xsd" identifier="uu-Histogram-001-nl-qti_132601594_section_1_item_1_schoice" title="1" adaptive="false" timeDependent="false" xmlns="http://www.imsglobal.org/xsd/imsqti_v2p1" xmlns:xsi="http://www.w3.org/2001/XMLSchema-instance">
<responseDeclaration identifier="uu-Histogram-001-nl-qti_132601594_section_1_item_1_schoice_RESPONSE_1_5459907" cardinality="single" baseType="identifier">
<correctResponse>
<value>uu-Histogram-001-nl-qti_132601594_section_1_item_1_schoice_2_1678705190</value>
</correctResponse>
<mapping defaultValue="0" lowerBound="0.0">
<mapEntry mapKey="uu-Histogram-001-nl-qti_132601594_section_1_item_1_schoice_1_4087151068" mappedValue="0"/>
<mapEntry mapKey="uu-Histogram-001-nl-qti_132601594_section_1_item_1_schoice_2_1678705190" mappedValue="1"/>
<mapEntry mapKey="uu-Histogram-001-nl-qti_132601594_section_1_item_1_schoice_3_6905636570" mappedValue="0"/>
<mapEntry mapKey="uu-Histogram-001-nl-qti_132601594_section_1_item_1_schoice_4_8883625750" mappedValue="0"/>
</mapping>
</responseDeclaration>
<outcomeDeclaration identifier="SCORE" cardinality="single" baseType="float" normalMaximum="1" normalMinimum="0">
<defaultValue>
<value>0.0</value>
</defaultValue>
</outcomeDeclaration>
<outcomeDeclaration identifier="MAXSCORE" cardinality="single" baseType="float">
<defaultValue>
<value>1</value>
</defaultValue>
</outcomeDeclaration>
<outcomeDeclaration identifier="FEEDBACKBASIC" cardinality="single" baseType="identifier" view="testConstructor">
<defaultValue>
<value>empty</value>
</defaultValue>
</outcomeDeclaration>
<outcomeDeclaration identifier="FEEDBACKMODAL" cardinality="multiple" baseType="identifier" view="testConstructor"/>
<outcomeDeclaration identifier="MINSCORE" cardinality="single" baseType="float">
<defaultValue>
<value baseType="float">0</value>
</defaultValue>
</outcomeDeclaration>
<outcomeDeclaration identifier="SCORE_RESPONSE_1" cardinality="single" baseType="float">
<defaultValue>
<value>0.0</value>
</defaultValue>
</outcomeDeclaration>
<outcomeDeclaration identifier="MINSCORE_RESPONSE_1" cardinality="single" baseType="float">
<defaultValue>
<value>0.0</value>
</defaultValue>
</outcomeDeclaration>
<itemBody>
<p>In een onderzoek van Wiede et al. (2005) wordt er gekeken naar de hoeveelheid empathie (inlevingsvermogen) van agressieve kinderen tussen de 8 en 12 jaar, waarbij ook gekeken wordt naar het verschil tussen jongens en meisjes. Hierbij is er onderscheid gemaakt tussen agressieve kinderen, agressieve kinderen die ook met ADHD gediagnosticeerd zijn, en kinderen zonder gedragsproblemen (controlegroep). Empathie wordt gemeten door een video te laten zien van een jongetje die van zijn fiets valt, waarna er een vragenlijst wordt afgenomen die gescoord kan worden op een schaal van 0 tot 100.</p>
<p>Onderstaande output hoort bij dit onderzoek.</p>
<p><img src="uu-Histogram-001-nl-tabel.jpg" /></p>
<p>Hoe kan de voorwaarde van normaalverdeling gecontroleerd worden?</p>
<choiceInteraction responseIdentifier="uu-Histogram-001-nl-qti_132601594_section_1_item_1_schoice_RESPONSE_1_5459907" shuffle="false" maxChoices="1">
<simpleChoice identifier="uu-Histogram-001-nl-qti_132601594_section_1_item_1_schoice_1_4087151068">
<p>
a. door de Test van Levene uit te voeren
</p>
</simpleChoice>
<simpleChoice identifier="uu-Histogram-001-nl-qti_132601594_section_1_item_1_schoice_2_1678705190">
<p>
b. door het maken van een histogram
</p>
</simpleChoice>
<simpleChoice identifier="uu-Histogram-001-nl-qti_132601594_section_1_item_1_schoice_3_6905636570">
<p>
c. door een gemiddeldendiagram (Profile Plot) te maken
</p>
</simpleChoice>
<simpleChoice identifier="uu-Histogram-001-nl-qti_132601594_section_1_item_1_schoice_4_8883625750">
<p>
d. door een One-way ANOVA uit te voeren
</p>
</simpleChoice>
</choiceInteraction>
</itemBody>
<responseProcessing>
<responseCondition>
<responseIf>
<isNull>
<variable identifier="uu-Histogram-001-nl-qti_132601594_section_1_item_1_schoice_RESPONSE_1_5459907"/>
</isNull>
<setOutcomeValue identifier="SCORE_RESPONSE_1">
<sum>
<variable identifier="SCORE_RESPONSE_1"/>
<baseValue baseType="float">0</baseValue>
</sum>
</setOutcomeValue>
</responseIf>
</responseCondition>
<setOutcomeValue identifier="SCORE_RESPONSE_1">
<sum>
<variable identifier="SCORE_RESPONSE_1"/>
<mapResponse identifier="uu-Histogram-001-nl-qti_132601594_section_1_item_1_schoice_RESPONSE_1_5459907"/>
</sum>
</setOutcomeValue>
<responseCondition>
<responseIf>
<lt>
<variable identifier="SCORE_RESPONSE_1"/>
<variable identifier="MINSCORE_RESPONSE_1"/>
</lt>
<setOutcomeValue identifier="SCORE_RESPONSE_1">
<variable identifier="MINSCORE_RESPONSE_1"/>
</setOutcomeValue>
</responseIf>
</responseCondition>
<setOutcomeValue identifier="SCORE">
<sum>
<variable identifier="SCORE_RESPONSE_1"/>
</sum>
</setOutcomeValue>
<responseCondition>
<responseIf>
<lt>
<variable identifier="SCORE"/>
<variable identifier="MINSCORE"/>
</lt>
<setOutcomeValue identifier="SCORE">
<variable identifier="MINSCORE"/>
</setOutcomeValue>
</responseIf>
</responseCondition>
<responseCondition>
<responseIf>
<lt>
<variable identifier="SCORE"/>
<baseValue baseType="float">1</baseValue>
</lt>
<setOutcomeValue identifier="FEEDBACKMODAL">
<multiple>
<variable identifier="FEEDBACKMODAL"/>
<baseValue baseType="identifier">Feedback432921828</baseValue>
</multiple>
</setOutcomeValue>
</responseIf>
</responseCondition>
</responseProcessing>
<modalFeedback identifier="Feedback432921828" outcomeIdentifier="FEEDBACKMODAL" showHide="show">
<ol type = "a">
<li> door de Test van Levene uit te voeren <br /> Dit antwoord is incorrect. </li>
<li> door het maken van een histogram <br /> Dit antwoord is correct. </li>
<li> door een gemiddeldendiagram (Profile Plot) te maken <br /> Dit antwoord is incorrect. </li>
<li> door een One-way ANOVA uit te voeren <br /> Dit antwoord is incorrect. </li>
</ol>
</modalFeedback>
</assessmentItem>
