<?xml version="1.0" encoding="UTF-8"?>
<!DOCTYPE questestinterop SYSTEM "ims_qtiasiv1p2p1.dtd">

<questestinterop xmlns="http://www.imsglobal.org/xsd/ims_qtiasiv1p2" xmlns:xsi="http://www.w3.org/2001/XMLSchema-instance" xsi:schemaLocation="http://www.imsglobal.org/xsd/ims_qtiasiv1p2 http://www.imsglobal.org/xsd/ims_qtiasiv1p2p1.xsd">
<assessment ident="uu-ANCOVA-882-nl-canvas_513547689" title="uu-ANCOVA-882-nl-canvas">

<qtimetadata>
<qtimetadatafield>
<fieldlabel>cc_maxattempts</fieldlabel>
<fieldentry>1</fieldentry>
</qtimetadatafield>
<qtimetadatafield>
<fieldlabel>qmd_assessmenttype</fieldlabel>
<fieldentry>Assessment</fieldentry>
</qtimetadatafield>
</qtimetadata>
<objectives>
<material>
<mattext><![CDATA[Please solve the following exercises.]]></mattext>
</material>
</objectives>
<assessmentcontrol feedbackswitch="No" hintswitch="No" solutionswitch="Yes"/>
<outcomes_processing scoremodel="SumOfScores">
<outcomes>
<decvar varname="SCORE" vartype="Decimal" cutvalue="0"/>
</outcomes>
</outcomes_processing>
<assessfeedback title="AssessmentFeedback" ident="AssessmentFeedback">
<flow_mat>
<material>
<mattext>##AssessmentFeedback##</mattext>
</material>
</flow_mat>
</assessfeedback>

<section ident="uu-ANCOVA-882-nl-canvas_513547689_section_1" title="Exercise">

<objectives>
<material>
<mattext><![CDATA[Please answer the following question.]]></mattext>
</material>
</objectives>
<selection_ordering>
<selection>
<selection_number>1</selection_number>
<selection_extension>
<points_per_item>1</points_per_item>
</selection_extension>
</selection>
<order order_type="Random"/>
</selection_ordering>

<item ident="uu-ANCOVA-882-nl-canvas_513547689_section_1_item_1_schoice" title="Question" maxattempts="1">
<itemcontrol feedbackswitch="No" hintswitch="No" solutionswitch="Yes"/>
<itemmetadata>
<qtimetadata>
<qtimetadatafield>
<fieldlabel>question_type</fieldlabel>
<fieldentry>multiple_choice_question</fieldentry>
</qtimetadatafield>
</qtimetadata>
</itemmetadata>
<presentation>
<flow>
<material>
<matbreak/>
<mattext texttype="text/html" charset="utf-8"><![CDATA[
<p>Er wordt onderzoek gedaan van het effect van onderwijscategorie en aantal jaren op pestgedrag.
We zien dat er na correctie geen significante verschillen zijn tussen de drie onderwijscategorieën. Welk eigenschap naast de p-waarde in bovenstaande tabel geeft aan dat we te maken hebben met een niet significant resultaat?</p>
<p><img src="data/supplements_1_1/uu-ANCOVA-882-nl-graph01.jpg" /></p>
]]></mattext>
<matbreak/>
</material>
<response_lid ident="uu-ANCOVA-882-nl-canvas_513547689_section_1_item_1_schoice_RESPONSE_4195288" rcardinality="Single" rtiming="No">
<render_choice shuffle="No">
<flow_label class="List">
<response_label ident="uu-ANCOVA-882-nl-canvas_513547689_section_1_item_1_schoice_2399604250" rshuffle="No">
<material>
<mattext texttype="text/html" charset="utf-8"><![CDATA[
 <span class="math inline">\(MS_{categorie}\)</span> &lt; 0.001
]]></mattext>
</material>
</response_label>
</flow_label>
<flow_label class="List">
<response_label ident="uu-ANCOVA-882-nl-canvas_513547689_section_1_item_1_schoice_6288486017" rshuffle="No">
<material>
<mattext texttype="text/html" charset="utf-8"><![CDATA[
 MSR ≈ 0
]]></mattext>
</material>
</response_label>
</flow_label>
<flow_label class="List">
<response_label ident="uu-ANCOVA-882-nl-canvas_513547689_section_1_item_1_schoice_2780537172" rshuffle="No">
<material>
<mattext texttype="text/html" charset="utf-8"><![CDATA[
 <span class="math inline">\(R^2\)</span> &gt; 90%
]]></mattext>
</material>
</response_label>
</flow_label>
<flow_label class="List">
<response_label ident="uu-ANCOVA-882-nl-canvas_513547689_section_1_item_1_schoice_3472571342" rshuffle="No">
<material>
<mattext texttype="text/html" charset="utf-8"><![CDATA[
 Fcategorie &lt; 1
]]></mattext>
</material>
</response_label>
</flow_label>
</render_choice>
</response_lid>
</flow>
</presentation>
<resprocessing>
<outcomes>
<decvar varname="SCORE" vartype="Decimal" defaultval="0" minvalue="0" maxvalue="1" cutvalue="1"/>
</outcomes>
<respcondition title="Mastery" continue="No">
<conditionvar>
<and>
<varequal respident="uu-ANCOVA-882-nl-canvas_513547689_section_1_item_1_schoice_RESPONSE_4195288" case="Yes">uu-ANCOVA-882-nl-canvas_513547689_section_1_item_1_schoice_3472571342</varequal>
<not> <varequal respident="uu-ANCOVA-882-nl-canvas_513547689_section_1_item_1_schoice_RESPONSE_4195288" case="Yes">uu-ANCOVA-882-nl-canvas_513547689_section_1_item_1_schoice_2399604250</varequal> </not>
<not> <varequal respident="uu-ANCOVA-882-nl-canvas_513547689_section_1_item_1_schoice_RESPONSE_4195288" case="Yes">uu-ANCOVA-882-nl-canvas_513547689_section_1_item_1_schoice_6288486017</varequal> </not>
<not> <varequal respident="uu-ANCOVA-882-nl-canvas_513547689_section_1_item_1_schoice_RESPONSE_4195288" case="Yes">uu-ANCOVA-882-nl-canvas_513547689_section_1_item_1_schoice_2780537172</varequal> </not>
</and>
</conditionvar>
<setvar varname="SCORE" action="Set">1</setvar>
<displayfeedback feedbacktype="Response" linkrefid="correct_fb"/>
</respcondition>
<respcondition continue="Yes">
<conditionvar>
<other/>
</conditionvar>
<displayfeedback feedbacktype="Response" linkrefid="general_incorrect_fb"/>
</respcondition>
</resprocessing>
<itemfeedback ident="correct_fb" view="All">
<flow_mat>
<material>
<mattext texttype="text/html"><![CDATA[

]]></mattext>
</material>
</flow_mat>
</itemfeedback>
<itemfeedback ident="general_incorrect_fb" view="All">
<flow_mat>
<material>
<mattext texttype="text/html"><![CDATA[

]]></mattext>
</material>
</flow_mat>
</itemfeedback>
</item>


</section>

</assessment>
</questestinterop>
