<?xml version="1.0" encoding="utf-8" standalone="yes"?>
<assessmentItem identifier="uva-distribution-1860-en-tv_202510071722_item_1_schoice" title="uva-distribution-1860-en-tv_202510071722_item_1_schoice_uva-distribution-1860-en" adaptive="false" timeDependent="false" toolName="Testvision Online" toolVersion="39.0.9084" xmlns="http://www.imsglobal.org/xsd/imsqti_v2p1">
<responseDeclaration identifier="RESPONSE" cardinality="single" baseType="identifier">
<correctResponse>
<value>alt_574002</value>
</correctResponse>
<mapping defaultValue="0" lowerBound="0.0">
<mapEntry mapKey="alt_574002" mappedValue="1"/>
<mapEntry mapKey="alt_364855" mappedValue="-0.333333333333333"/>
<mapEntry mapKey="alt_174016" mappedValue="-0.333333333333333"/>
<mapEntry mapKey="alt_525625" mappedValue="-0.333333333333333"/>
</mapping>
</responseDeclaration>
<outcomeDeclaration identifier="SCORE" cardinality="single" baseType="float" normalMaximum="1" normalMinimum="0" />
<outcomeDeclaration identifier="FEEDBACK" cardinality="single" baseType="identifier" />
<stylesheet href="css/uva-distribution-1860-en-tv_202510071722_item_1_schoice.css" type="text/css" />
<itemBody>
<p>From each of two normally distributed populations with equal variances a sample is drawn.______________. Sample 1: n = 19, mean = 44, sd = 3.43 Sample 2: n = 10, mean = 29, sd = 6.52. The pooled variance estimator takes the value of 22.01. It is tested Whether the population averages are equal. The corresponding test size follows, if the null hypothesis is TRUE,</p>
<choiceInteraction responseIdentifier="RESPONSE" shuffle="false" maxChoices="1">
<simpleChoice identifier="alt_574002">
<div class="textblock tvblock tvcss_1"><div class="rte_zone tveditor1">
 A T distribution with 27 degrees of freedom
</div>
</div>
</simpleChoice>
<simpleChoice identifier="alt_364855">
<div class="textblock tvblock tvcss_1"><div class="rte_zone tveditor1">
 An F-division with 19 and 10 degrees of freedom
</div>
</div>
</simpleChoice>
<simpleChoice identifier="alt_174016">
<div class="textblock tvblock tvcss_1"><div class="rte_zone tveditor1">
 An F-division with 18 and 9 degrees of freedom
</div>
</div>
</simpleChoice>
<simpleChoice identifier="alt_525625">
<div class="textblock tvblock tvcss_1"><div class="rte_zone tveditor1">
 A T distribution with 29 degrees of freedom
</div>
</div>
</simpleChoice>
</choiceInteraction>
</itemBody>
<responseProcessing>
<responseCondition>
<responseIf>
<isNull>
<variable identifier="RESPONSE"/>
</isNull>
<setOutcomeValue identifier="SCORE">
<baseValue baseType="float">0.0</baseValue>
</setOutcomeValue>
<setOutcomeValue identifier="FEEDBACK">
<baseValue baseType="identifier">FAILURE</baseValue>
</setOutcomeValue>
</responseIf>
<responseElse>
<setOutcomeValue identifier="SCORE">
<mapResponse identifier="RESPONSE"/>
</setOutcomeValue>
<responseCondition>
<responseIf>
<equal toleranceMode="relative" tolerance="0.001">
<variable identifier="SCORE"/>
<variable identifier="MAXSCORE"/>
</equal>
<setOutcomeValue identifier="FEEDBACK">
<baseValue baseType="identifier">ANSWER_CORRECT</baseValue>
</setOutcomeValue>
</responseIf>
<responseElse>
<setOutcomeValue identifier="FEEDBACK">
<baseValue baseType="identifier">FAILURE</baseValue>
</setOutcomeValue>
</responseElse>
</responseCondition>
</responseElse>
</responseCondition>
</responseProcessing>
<modalFeedback identifier="FAILURE" outcomeIdentifier="FEEDBACK" showHide="show">
<div class="textblock tvblock tvcss_1"><div class="rte_zone tveditor1">
<ul>
<li> A T distribution with 27 degrees of freedom <br /> A T-distribution with 27 degrees of freedom: Correct </li>
<li> An F-division with 19 and 10 degrees of freedom <br /> An F-division with 19 and 10 degrees of freedom: Incorrect </li>
<li> An F-division with 18 and 9 degrees of freedom <br /> An F-division with 18 and 9 degrees of freedom: Incorrect </li>
<li> A T distribution with 29 degrees of freedom <br /> A T-division with 29 degrees of freedom: Incorrect </li>
</ul>
</div>
</div>
</modalFeedback>
<modalFeedback identifier="ANSWER_CORRECT" outcomeIdentifier="FEEDBACK" showHide="show">
<div class="textblock tvblock tvcss_1"><div class="rte_zone tveditor1">
<ul>
<li> A T distribution with 27 degrees of freedom <br /> A T-distribution with 27 degrees of freedom: Correct </li>
<li> An F-division with 19 and 10 degrees of freedom <br /> An F-division with 19 and 10 degrees of freedom: Incorrect </li>
<li> An F-division with 18 and 9 degrees of freedom <br /> An F-division with 18 and 9 degrees of freedom: Incorrect </li>
<li> A T distribution with 29 degrees of freedom <br /> A T-division with 29 degrees of freedom: Incorrect </li>
</ul>
</div>
</div>
</modalFeedback>
<modalFeedback identifier="PARTIAL_CORRECT" outcomeIdentifier="FEEDBACK" showHide="show">
<div class="textblock tvblock tvcss_1"><div class="rte_zone tveditor1">
<ul>
<li> A T distribution with 27 degrees of freedom <br /> A T-distribution with 27 degrees of freedom: Correct </li>
<li> An F-division with 19 and 10 degrees of freedom <br /> An F-division with 19 and 10 degrees of freedom: Incorrect </li>
<li> An F-division with 18 and 9 degrees of freedom <br /> An F-division with 18 and 9 degrees of freedom: Incorrect </li>
<li> A T distribution with 29 degrees of freedom <br /> A T-division with 29 degrees of freedom: Incorrect </li>
</ul>
</div>
</div>
</modalFeedback>
</assessmentItem>
