<?xml version="1.0" encoding="UTF-8"?>
<assessmentItem xsi:schemaLocation="http://www.imsglobal.org/xsd/imsqti_v2p1 http://www.imsglobal.org/xsd/qti/qtiv2p1/imsqti_v2p1p1.xsd http://www.w3.org/1998/Math/MathML http://www.w3.org/Math/XMLSchema/mathml2/mathml2.xsd" identifier="uva-conditional-probability-770-en-ans_283402575_section_1_item_1_schoice" title="Probability_uva-conditional-probability-770-en_uva-conditional-probability-770-en_schoice_1" adaptive="false" timeDependent="false" xmlns="http://www.imsglobal.org/xsd/imsqti_v2p1" xmlns:xsi="http://www.w3.org/2001/XMLSchema-instance">
<responseDeclaration identifier="uva-conditional-probability-770-en-ans_283402575_section_1_item_1_schoice_RESPONSE_1_4621910" cardinality="single" baseType="identifier">
<correctResponse>
<value>uva-conditional-probability-770-en-ans_283402575_section_1_item_1_schoice_2_2312158514</value>
</correctResponse>
<mapping defaultValue="0" lowerBound="0.0">
<mapEntry mapKey="uva-conditional-probability-770-en-ans_283402575_section_1_item_1_schoice_1_1246308405" mappedValue="0"/>
<mapEntry mapKey="uva-conditional-probability-770-en-ans_283402575_section_1_item_1_schoice_2_2312158514" mappedValue="1"/>
<mapEntry mapKey="uva-conditional-probability-770-en-ans_283402575_section_1_item_1_schoice_3_2406808099" mappedValue="0"/>
</mapping>
</responseDeclaration>
<outcomeDeclaration identifier="SCORE" cardinality="single" baseType="float" normalMaximum="1" normalMinimum="0">
<defaultValue>
<value>0.0</value>
</defaultValue>
</outcomeDeclaration>
<outcomeDeclaration identifier="MAXSCORE" cardinality="single" baseType="float">
<defaultValue>
<value>1</value>
</defaultValue>
</outcomeDeclaration>
<outcomeDeclaration identifier="FEEDBACKBASIC" cardinality="single" baseType="identifier" view="testConstructor">
<defaultValue>
<value>empty</value>
</defaultValue>
</outcomeDeclaration>
<outcomeDeclaration identifier="FEEDBACKMODAL" cardinality="multiple" baseType="identifier" view="testConstructor"/>
<outcomeDeclaration identifier="SOLUTIONMODAL" cardinality="single" baseType="identifier" view="testConstructor"/>
<outcomeDeclaration identifier="MINSCORE" cardinality="single" baseType="float">
<defaultValue>
<value baseType="float">0</value>
</defaultValue>
</outcomeDeclaration>
<outcomeDeclaration identifier="SCORE_RESPONSE_1" cardinality="single" baseType="float">
<defaultValue>
<value>0.0</value>
</defaultValue>
</outcomeDeclaration>
<outcomeDeclaration identifier="MINSCORE_RESPONSE_1" cardinality="single" baseType="float">
<defaultValue>
<value>0.0</value>
</defaultValue>
</outcomeDeclaration>
<itemBody>
<p>Of a group of respondents, 20% wear glasses and drive regularly (more often more than three times a week), 40% wear glasses but do not drive regularly drive a car, 30% do not have glasses but do drive a car regularly and 10% does not wear glasses and does not drive a car regularly. What is the probability that a randomly drawn person drives car given that this person drives a wears glasses, in other words, what is the probability P(car=yes|glasses=yes)?</p>
<choiceInteraction responseIdentifier="uva-conditional-probability-770-en-ans_283402575_section_1_item_1_schoice_RESPONSE_1_4621910" shuffle="false" maxChoices="1">
<simpleChoice identifier="uva-conditional-probability-770-en-ans_283402575_section_1_item_1_schoice_1_1246308405">
<p>
 0.2
</p>
</simpleChoice>
<simpleChoice identifier="uva-conditional-probability-770-en-ans_283402575_section_1_item_1_schoice_2_2312158514">
<p>
 0.33
</p>
</simpleChoice>
<simpleChoice identifier="uva-conditional-probability-770-en-ans_283402575_section_1_item_1_schoice_3_2406808099">
<p>
 0,67
</p>
</simpleChoice>
</choiceInteraction>
</itemBody>
<responseProcessing>
<setOutcomeValue identifier="SCORE_RESPONSE_1">
<sum>
<variable identifier="SCORE_RESPONSE_1"/>
<mapResponse identifier="uva-conditional-probability-770-en-ans_283402575_section_1_item_1_schoice_RESPONSE_1_4621910"/>
</sum>
</setOutcomeValue>
<responseCondition>
<responseIf>
<lt>
<variable identifier="SCORE_RESPONSE_1"/>
<variable identifier="MINSCORE_RESPONSE_1"/>
</lt>
<setOutcomeValue identifier="SCORE_RESPONSE_1">
<variable identifier="MINSCORE_RESPONSE_1"/>
</setOutcomeValue>
</responseIf>
</responseCondition>
<responseCondition>
<responseIf>
<isNull>
<variable identifier="uva-conditional-probability-770-en-ans_283402575_section_1_item_1_schoice_RESPONSE_1_4621910"/>
</isNull>
<setOutcomeValue identifier="SCORE_RESPONSE_1">
<sum>
<variable identifier="SCORE_RESPONSE_1"/>
<baseValue baseType="float">0</baseValue>
</sum>
</setOutcomeValue>
</responseIf>
</responseCondition>
<setOutcomeValue identifier="SCORE">
<sum>
<variable identifier="SCORE_RESPONSE_1"/>
</sum>
</setOutcomeValue>
<responseCondition>
<responseIf>
<lt>
<variable identifier="SCORE"/>
<variable identifier="MINSCORE"/>
</lt>
<setOutcomeValue identifier="SCORE">
<variable identifier="MINSCORE"/>
</setOutcomeValue>
</responseIf>
</responseCondition>
<responseCondition>
<responseIf>
<lt>
<variable identifier="SCORE"/>
<baseValue baseType="float">1</baseValue>
</lt>
<setOutcomeValue identifier="FEEDBACKMODAL">
<multiple>
<variable identifier="FEEDBACKMODAL"/>
<baseValue baseType="identifier">Feedback754919454</baseValue>
</multiple>
</setOutcomeValue>
</responseIf>
</responseCondition>
</responseProcessing>
<modalFeedback outcomeIdentifier="FEEDBACK" showHide="show" identifier="incorrect">
<ul>
<li> 0.2 <br /> 0.2: Incorrect </li>
<li> 0.33 <br /> 0.33: Correct </li>
<li> 0,67 <br /> 0.67: Incorrect </li>
</ul>
</modalFeedback>
</assessmentItem>
