<?xml version="1.0" encoding="UTF-8"?>
<assessmentItem xsi:schemaLocation="http://www.imsglobal.org/xsd/imsqti_v2p1 http://www.imsglobal.org/xsd/qti/qtiv2p1/imsqti_v2p1p1.xsd http://www.w3.org/1998/Math/MathML http://www.w3.org/Math/XMLSchema/mathml2/mathml2.xsd" identifier="vufgb-multiplelinearregression-004-nl-ans_323951359_section_1_item_1_schoice" title="Inferential_Statistics_vufgb-multiplelinearregression-004-nl_vufgb-multiplelinearregression-004-nl_schoice_1" adaptive="false" timeDependent="false" xmlns="http://www.imsglobal.org/xsd/imsqti_v2p1" xmlns:xsi="http://www.w3.org/2001/XMLSchema-instance">
<responseDeclaration identifier="vufgb-multiplelinearregression-004-nl-ans_323951359_section_1_item_1_schoice_RESPONSE_1_5926176" cardinality="single" baseType="identifier">
<correctResponse>
<value>vufgb-multiplelinearregression-004-nl-ans_323951359_section_1_item_1_schoice_2_7733374588</value>
</correctResponse>
<mapping defaultValue="0" lowerBound="0.0">
<mapEntry mapKey="vufgb-multiplelinearregression-004-nl-ans_323951359_section_1_item_1_schoice_1_1402651911" mappedValue="0"/>
<mapEntry mapKey="vufgb-multiplelinearregression-004-nl-ans_323951359_section_1_item_1_schoice_2_7733374588" mappedValue="1"/>
<mapEntry mapKey="vufgb-multiplelinearregression-004-nl-ans_323951359_section_1_item_1_schoice_3_1983711454" mappedValue="0"/>
<mapEntry mapKey="vufgb-multiplelinearregression-004-nl-ans_323951359_section_1_item_1_schoice_4_1352028762" mappedValue="0"/>
</mapping>
</responseDeclaration>
<outcomeDeclaration identifier="SCORE" cardinality="single" baseType="float" normalMaximum="1" normalMinimum="0">
<defaultValue>
<value>0.0</value>
</defaultValue>
</outcomeDeclaration>
<outcomeDeclaration identifier="MAXSCORE" cardinality="single" baseType="float">
<defaultValue>
<value>1</value>
</defaultValue>
</outcomeDeclaration>
<outcomeDeclaration identifier="FEEDBACKBASIC" cardinality="single" baseType="identifier" view="testConstructor">
<defaultValue>
<value>empty</value>
</defaultValue>
</outcomeDeclaration>
<outcomeDeclaration identifier="FEEDBACKMODAL" cardinality="multiple" baseType="identifier" view="testConstructor"/>
<outcomeDeclaration identifier="SOLUTIONMODAL" cardinality="single" baseType="identifier" view="testConstructor"/>
<outcomeDeclaration identifier="MINSCORE" cardinality="single" baseType="float">
<defaultValue>
<value baseType="float">0</value>
</defaultValue>
</outcomeDeclaration>
<outcomeDeclaration identifier="SCORE_RESPONSE_1" cardinality="single" baseType="float">
<defaultValue>
<value>0.0</value>
</defaultValue>
</outcomeDeclaration>
<outcomeDeclaration identifier="MINSCORE_RESPONSE_1" cardinality="single" baseType="float">
<defaultValue>
<value>0.0</value>
</defaultValue>
</outcomeDeclaration>
<itemBody>
<p>Zie de volgende resultaten van een regressiemodel met interactie. De steekproef bestond uit 101 personen.</p>
<p><img src="media/supplements1/vufgb-multiplelinearregression-004-nl.png" /></p>
<p>Stel een 95% betrouwbaarheidsinterval op om te bepalen of de interactie tussen geheimhouding en relatiestatus (“SCS*Alleen”) significant is.</p>
<choiceInteraction responseIdentifier="vufgb-multiplelinearregression-004-nl-ans_323951359_section_1_item_1_schoice_RESPONSE_1_5926176" shuffle="false" maxChoices="1">
<simpleChoice identifier="vufgb-multiplelinearregression-004-nl-ans_323951359_section_1_item_1_schoice_1_1402651911">
<p>
 <em>t</em>(<em>df</em> = 98) = -1.03, <em>p</em> &gt; .05; interactie is niet significant.
</p>
</simpleChoice>
<simpleChoice identifier="vufgb-multiplelinearregression-004-nl-ans_323951359_section_1_item_1_schoice_2_7733374588">
<p>
 <em>t</em>(<em>df</em> = 97) = -1.03, <em>p</em> &gt; .05; interactie is niet significant.
</p>
</simpleChoice>
<simpleChoice identifier="vufgb-multiplelinearregression-004-nl-ans_323951359_section_1_item_1_schoice_3_1983711454">
<p>
 <em>t</em>(<em>df</em> = 98) = 1.70, <em>p</em> &gt; .05; interactie is niet significant.
</p>
</simpleChoice>
<simpleChoice identifier="vufgb-multiplelinearregression-004-nl-ans_323951359_section_1_item_1_schoice_4_1352028762">
<p>
 <em>t</em>(<em>df</em> = 97) = 1.70, <em>p</em> &gt; .05; interactie is niet significant.
</p>
</simpleChoice>
</choiceInteraction>
</itemBody>
<responseProcessing>
<setOutcomeValue identifier="SCORE_RESPONSE_1">
<sum>
<variable identifier="SCORE_RESPONSE_1"/>
<mapResponse identifier="vufgb-multiplelinearregression-004-nl-ans_323951359_section_1_item_1_schoice_RESPONSE_1_5926176"/>
</sum>
</setOutcomeValue>
<responseCondition>
<responseIf>
<lt>
<variable identifier="SCORE_RESPONSE_1"/>
<variable identifier="MINSCORE_RESPONSE_1"/>
</lt>
<setOutcomeValue identifier="SCORE_RESPONSE_1">
<variable identifier="MINSCORE_RESPONSE_1"/>
</setOutcomeValue>
</responseIf>
</responseCondition>
<responseCondition>
<responseIf>
<isNull>
<variable identifier="vufgb-multiplelinearregression-004-nl-ans_323951359_section_1_item_1_schoice_RESPONSE_1_5926176"/>
</isNull>
<setOutcomeValue identifier="SCORE_RESPONSE_1">
<sum>
<variable identifier="SCORE_RESPONSE_1"/>
<baseValue baseType="float">0</baseValue>
</sum>
</setOutcomeValue>
</responseIf>
</responseCondition>
<setOutcomeValue identifier="SCORE">
<sum>
<variable identifier="SCORE_RESPONSE_1"/>
</sum>
</setOutcomeValue>
<responseCondition>
<responseIf>
<lt>
<variable identifier="SCORE"/>
<variable identifier="MINSCORE"/>
</lt>
<setOutcomeValue identifier="SCORE">
<variable identifier="MINSCORE"/>
</setOutcomeValue>
</responseIf>
</responseCondition>
<responseCondition>
<responseIf>
<lt>
<variable identifier="SCORE"/>
<baseValue baseType="float">1</baseValue>
</lt>
<setOutcomeValue identifier="FEEDBACKMODAL">
<multiple>
<variable identifier="FEEDBACKMODAL"/>
<baseValue baseType="identifier">Feedback904543768</baseValue>
</multiple>
</setOutcomeValue>
</responseIf>
</responseCondition>
</responseProcessing>
<modalFeedback outcomeIdentifier="FEEDBACK" showHide="show" identifier="incorrect">
</modalFeedback>
</assessmentItem>
