<?xml version="1.0" encoding="utf-8" standalone="yes"?>
<assessmentItem identifier="uva-paired-samples-1845-nl-tv_202601131822_item_1_schoice" title="uva-paired-samples-1845-nl-tv_202601131822_item_1_schoice_uva-paired-samples-1845-nl" adaptive="false" timeDependent="false" toolName="Testvision Online" toolVersion="39.0.9084" xmlns="http://www.imsglobal.org/xsd/imsqti_v2p1">
<responseDeclaration identifier="RESPONSE" cardinality="single" baseType="identifier">
<correctResponse>
<value>alt_100079</value>
</correctResponse>
<mapping defaultValue="0" lowerBound="0.0">
<mapEntry mapKey="alt_490159" mappedValue="-0.333333333333333"/>
<mapEntry mapKey="alt_668306" mappedValue="-0.333333333333333"/>
<mapEntry mapKey="alt_100079" mappedValue="1"/>
<mapEntry mapKey="alt_392705" mappedValue="-0.333333333333333"/>
</mapping>
</responseDeclaration>
<outcomeDeclaration identifier="SCORE" cardinality="single" baseType="float" normalMaximum="1" normalMinimum="0" />
<outcomeDeclaration identifier="FEEDBACK" cardinality="single" baseType="identifier" />
<stylesheet href="css/uva-paired-samples-1845-nl-tv_202601131822_item_1_schoice.css" type="text/css" />
<itemBody>
<p>Van 19 proefpersonen wordt voor en na een bepaalde krachtsinspanning de
hartslag gemeten. We willen toetsen of de gemiddelde hartslag voor en na
de inspanning gelijk is. Van de 19 verschillen tussen voor- en nameting
is het gemiddelde 19 en de standaarddeviatie 37. De waarde van de
toetsingsgrootheid van de gepaarde T-toets is dan</p>
<choiceInteraction responseIdentifier="RESPONSE" shuffle="false" maxChoices="1">
<simpleChoice identifier="alt_490159">
<div class="textblock tvblock tvcss_1"><div class="rte_zone tveditor1">
 1.35
</div>
</div>
</simpleChoice>
<simpleChoice identifier="alt_668306">
<div class="textblock tvblock tvcss_1"><div class="rte_zone tveditor1">
 2.11
</div>
</div>
</simpleChoice>
<simpleChoice identifier="alt_100079">
<div class="textblock tvblock tvcss_1"><div class="rte_zone tveditor1">
 2.24
</div>
</div>
</simpleChoice>
<simpleChoice identifier="alt_392705">
<div class="textblock tvblock tvcss_1"><div class="rte_zone tveditor1">
 16.2
</div>
</div>
</simpleChoice>
</choiceInteraction>
</itemBody>
<responseProcessing>
<responseCondition>
<responseIf>
<isNull>
<variable identifier="RESPONSE"/>
</isNull>
<setOutcomeValue identifier="SCORE">
<baseValue baseType="float">0.0</baseValue>
</setOutcomeValue>
<setOutcomeValue identifier="FEEDBACK">
<baseValue baseType="identifier">FAILURE</baseValue>
</setOutcomeValue>
</responseIf>
<responseElse>
<setOutcomeValue identifier="SCORE">
<mapResponse identifier="RESPONSE"/>
</setOutcomeValue>
<responseCondition>
<responseIf>
<equal toleranceMode="relative" tolerance="0.001">
<variable identifier="SCORE"/>
<variable identifier="MAXSCORE"/>
</equal>
<setOutcomeValue identifier="FEEDBACK">
<baseValue baseType="identifier">ANSWER_CORRECT</baseValue>
</setOutcomeValue>
</responseIf>
<responseElse>
<setOutcomeValue identifier="FEEDBACK">
<baseValue baseType="identifier">FAILURE</baseValue>
</setOutcomeValue>
</responseElse>
</responseCondition>
</responseElse>
</responseCondition>
</responseProcessing>
<modalFeedback identifier="FAILURE" outcomeIdentifier="FEEDBACK" showHide="show">
<div class="textblock tvblock tvcss_1"><div class="rte_zone tveditor1">
<ul>
<li> 1.35 <br /> 1.35: Incorrect </li>
<li> 2.11 <br /> 2.11: Incorrect </li>
<li> 2.24 <br /> 2.24: Correct </li>
<li> 16.2 <br /> 16.2: Incorrect </li>
</ul>
</div>
</div>
</modalFeedback>
<modalFeedback identifier="ANSWER_CORRECT" outcomeIdentifier="FEEDBACK" showHide="show">
<div class="textblock tvblock tvcss_1"><div class="rte_zone tveditor1">
<ul>
<li> 1.35 <br /> 1.35: Incorrect </li>
<li> 2.11 <br /> 2.11: Incorrect </li>
<li> 2.24 <br /> 2.24: Correct </li>
<li> 16.2 <br /> 16.2: Incorrect </li>
</ul>
</div>
</div>
</modalFeedback>
<modalFeedback identifier="PARTIAL_CORRECT" outcomeIdentifier="FEEDBACK" showHide="show">
<div class="textblock tvblock tvcss_1"><div class="rte_zone tveditor1">
<ul>
<li> 1.35 <br /> 1.35: Incorrect </li>
<li> 2.11 <br /> 2.11: Incorrect </li>
<li> 2.24 <br /> 2.24: Correct </li>
<li> 16.2 <br /> 16.2: Incorrect </li>
</ul>
</div>
</div>
</modalFeedback>
</assessmentItem>
