<?xml version="1.0" encoding="UTF-8"?>
<assessmentItem xsi:schemaLocation="http://www.imsglobal.org/xsd/imsqti_v2p1 http://www.imsglobal.org/xsd/qti/qtiv2p1/imsqti_v2p1p1.xsd http://www.w3.org/1998/Math/MathML http://www.w3.org/Math/XMLSchema/mathml2/mathml2.xsd" identifier="vufsw-variabletype-1091-en-qti_136376607_section_1_item_1_schoice" title="1" adaptive="false" timeDependent="false" xmlns="http://www.imsglobal.org/xsd/imsqti_v2p1" xmlns:xsi="http://www.w3.org/2001/XMLSchema-instance">
<responseDeclaration identifier="vufsw-variabletype-1091-en-qti_136376607_section_1_item_1_schoice_RESPONSE_1_3775567" cardinality="single" baseType="identifier">
<correctResponse>
<value>vufsw-variabletype-1091-en-qti_136376607_section_1_item_1_schoice_1_3013345506</value>
</correctResponse>
<mapping defaultValue="0" lowerBound="0.0">
<mapEntry mapKey="vufsw-variabletype-1091-en-qti_136376607_section_1_item_1_schoice_1_3013345506" mappedValue="1"/>
<mapEntry mapKey="vufsw-variabletype-1091-en-qti_136376607_section_1_item_1_schoice_2_9351544554" mappedValue="0"/>
<mapEntry mapKey="vufsw-variabletype-1091-en-qti_136376607_section_1_item_1_schoice_3_3356735781" mappedValue="0"/>
<mapEntry mapKey="vufsw-variabletype-1091-en-qti_136376607_section_1_item_1_schoice_4_3647599784" mappedValue="0"/>
</mapping>
</responseDeclaration>
<outcomeDeclaration identifier="SCORE" cardinality="single" baseType="float" normalMaximum="1" normalMinimum="0">
<defaultValue>
<value>0.0</value>
</defaultValue>
</outcomeDeclaration>
<outcomeDeclaration identifier="MAXSCORE" cardinality="single" baseType="float">
<defaultValue>
<value>1</value>
</defaultValue>
</outcomeDeclaration>
<outcomeDeclaration identifier="FEEDBACKBASIC" cardinality="single" baseType="identifier" view="testConstructor">
<defaultValue>
<value>empty</value>
</defaultValue>
</outcomeDeclaration>
<outcomeDeclaration identifier="FEEDBACKMODAL" cardinality="multiple" baseType="identifier" view="testConstructor"/>
<outcomeDeclaration identifier="MINSCORE" cardinality="single" baseType="float">
<defaultValue>
<value baseType="float">0</value>
</defaultValue>
</outcomeDeclaration>
<outcomeDeclaration identifier="SCORE_RESPONSE_1" cardinality="single" baseType="float">
<defaultValue>
<value>0.0</value>
</defaultValue>
</outcomeDeclaration>
<outcomeDeclaration identifier="MINSCORE_RESPONSE_1" cardinality="single" baseType="float">
<defaultValue>
<value>0.0</value>
</defaultValue>
</outcomeDeclaration>
<itemBody>
<p>A lecturer wants to know whether the average examination grades of two
different classes differ from each other because they followed education
in a different way. One group received interactive education, the other
did not. The two classes are indicated by the variable ‘Interactive
class’ (yes / no). In this case:</p>
<choiceInteraction responseIdentifier="vufsw-variabletype-1091-en-qti_136376607_section_1_item_1_schoice_RESPONSE_1_3775567" shuffle="false" maxChoices="1">
<simpleChoice identifier="vufsw-variabletype-1091-en-qti_136376607_section_1_item_1_schoice_1_3013345506">
<p>
a. The variable ‘Interactive class’ is the independent variable and the average exam grade is the dependent variable.
</p>
</simpleChoice>
<simpleChoice identifier="vufsw-variabletype-1091-en-qti_136376607_section_1_item_1_schoice_2_9351544554">
<p>
b. The average exam grade is the independent variable and the variable ‘Interactive class’ the dependent variable.
</p>
</simpleChoice>
<simpleChoice identifier="vufsw-variabletype-1091-en-qti_136376607_section_1_item_1_schoice_3_3356735781">
<p>
c. The average exam grade is the independent variable and the number of students in the interactive class is the dependent variable.
</p>
</simpleChoice>
<simpleChoice identifier="vufsw-variabletype-1091-en-qti_136376607_section_1_item_1_schoice_4_3647599784">
<p>
d. The number of students in the interactive class is the independent variable and the average exam grade is the dependent variable.
</p>
</simpleChoice>
</choiceInteraction>
</itemBody>
<responseProcessing>
<responseCondition>
<responseIf>
<isNull>
<variable identifier="vufsw-variabletype-1091-en-qti_136376607_section_1_item_1_schoice_RESPONSE_1_3775567"/>
</isNull>
<setOutcomeValue identifier="SCORE_RESPONSE_1">
<sum>
<variable identifier="SCORE_RESPONSE_1"/>
<baseValue baseType="float">0</baseValue>
</sum>
</setOutcomeValue>
</responseIf>
</responseCondition>
<setOutcomeValue identifier="SCORE_RESPONSE_1">
<sum>
<variable identifier="SCORE_RESPONSE_1"/>
<mapResponse identifier="vufsw-variabletype-1091-en-qti_136376607_section_1_item_1_schoice_RESPONSE_1_3775567"/>
</sum>
</setOutcomeValue>
<responseCondition>
<responseIf>
<lt>
<variable identifier="SCORE_RESPONSE_1"/>
<variable identifier="MINSCORE_RESPONSE_1"/>
</lt>
<setOutcomeValue identifier="SCORE_RESPONSE_1">
<variable identifier="MINSCORE_RESPONSE_1"/>
</setOutcomeValue>
</responseIf>
</responseCondition>
<setOutcomeValue identifier="SCORE">
<sum>
<variable identifier="SCORE_RESPONSE_1"/>
</sum>
</setOutcomeValue>
<responseCondition>
<responseIf>
<lt>
<variable identifier="SCORE"/>
<variable identifier="MINSCORE"/>
</lt>
<setOutcomeValue identifier="SCORE">
<variable identifier="MINSCORE"/>
</setOutcomeValue>
</responseIf>
</responseCondition>
<responseCondition>
<responseIf>
<lt>
<variable identifier="SCORE"/>
<baseValue baseType="float">1</baseValue>
</lt>
<setOutcomeValue identifier="FEEDBACKMODAL">
<multiple>
<variable identifier="FEEDBACKMODAL"/>
<baseValue baseType="identifier">Feedback107388423</baseValue>
</multiple>
</setOutcomeValue>
</responseIf>
</responseCondition>
</responseProcessing>
<modalFeedback identifier="Feedback107388423" outcomeIdentifier="FEEDBACKMODAL" showHide="show">
<p>The variable ‘Interactive class’ is the independent variable and the
average exam grade is the dependent variable.</p>
<p>Language<br />
English</p>
<p>Levels of Difficulty<br />
Easy</p>
<p>M&amp;T BIS<br />
Default value</p>
<p>M&amp;T Bivariate linear regression<br />
Bivariate linear regression</p>
<p>M&amp;T Multivariate linear regression<br />
Default value</p>
<br />
<ol type = "a">
<li> The variable ‘Interactive class’ is the independent variable and the average exam grade is the dependent variable. <br /> True </li>
<li> The average exam grade is the independent variable and the variable ‘Interactive class’ the dependent variable. <br /> False </li>
<li> The average exam grade is the independent variable and the number of students in the interactive class is the dependent variable. <br /> False </li>
<li> The number of students in the interactive class is the independent variable and the average exam grade is the dependent variable. <br /> False </li>
</ol>
</modalFeedback>
</assessmentItem>
