<?xml version="1.0" encoding="utf-8" standalone="yes"?>
<assessmentItem identifier="vufgb-coefficientttest-001-nl-tv_202307180611_item_1_schoice" title="vufgb-coefficientttest-001-nl-tv_202307180611_item_1_schoice_vufgb-coefficientttest-001-nl" adaptive="false" timeDependent="false" toolName="Testvision Online" toolVersion="39.0.9084" xmlns="http://www.imsglobal.org/xsd/imsqti_v2p1">
<responseDeclaration identifier="RESPONSE" cardinality="single" baseType="identifier">
<correctResponse>
<value>alt_756719</value>
</correctResponse>
<mapping defaultValue="0" lowerBound="0.0">
<mapEntry mapKey="alt_756719" mappedValue="1"/>
<mapEntry mapKey="alt_184006" mappedValue="-0.333333333333333"/>
<mapEntry mapKey="alt_292642" mappedValue="-0.333333333333333"/>
<mapEntry mapKey="alt_124576" mappedValue="-0.333333333333333"/>
</mapping>
</responseDeclaration>
<outcomeDeclaration identifier="SCORE" cardinality="single" baseType="float" normalMaximum="1" normalMinimum="0" />
<outcomeDeclaration identifier="FEEDBACK" cardinality="single" baseType="identifier" />
<itemBody>
<p>We bespreken een lineaire regressieanalyse met twee predictoren. Het aantal proefpersonen is 12. Bereken het aantal vrijheidsgraden en bepaal de kritieke <em>t</em>-waarde die nodig zijn voor het opstellen van een 95% betrouwbaarheidsinterval voor een regressiecoëfficiënt in dit model.</p>
<choiceInteraction responseIdentifier="RESPONSE" shuffle="false" maxChoices="1">
<simpleChoice identifier="alt_756719">
<div class="textblock tvblock tvcss_1"><div class="rte_zone tveditor1">
 <em>df</em> = 9; <em>t</em> = 2.262.
</div>
</div>
</simpleChoice>
<simpleChoice identifier="alt_184006">
<div class="textblock tvblock tvcss_1"><div class="rte_zone tveditor1">
 <em>df</em> = 9; <em>t</em> = 1.833.
</div>
</div>
</simpleChoice>
<simpleChoice identifier="alt_292642">
<div class="textblock tvblock tvcss_1"><div class="rte_zone tveditor1">
 <em>df</em> = 10; <em>t</em> = 2.228.
</div>
</div>
</simpleChoice>
<simpleChoice identifier="alt_124576">
<div class="textblock tvblock tvcss_1"><div class="rte_zone tveditor1">
 <em>df</em> = 10; <em>t</em> = 1.812.
</div>
</div>
</simpleChoice>
</choiceInteraction>
</itemBody>
<responseProcessing>
<responseCondition>
<responseIf>
<isNull>
<variable identifier="RESPONSE"/>
</isNull>
<setOutcomeValue identifier="SCORE">
<baseValue baseType="float">0.0</baseValue>
</setOutcomeValue>
<setOutcomeValue identifier="FEEDBACK">
<baseValue baseType="identifier">FAILURE</baseValue>
</setOutcomeValue>
</responseIf>
<responseElse>
<setOutcomeValue identifier="SCORE">
<mapResponse identifier="RESPONSE"/>
</setOutcomeValue>
<responseCondition>
<responseIf>
<equal toleranceMode="relative" tolerance="0.001">
<variable identifier="SCORE"/>
<variable identifier="MAXSCORE"/>
</equal>
<setOutcomeValue identifier="FEEDBACK">
<baseValue baseType="identifier">ANSWER_CORRECT</baseValue>
</setOutcomeValue>
</responseIf>
<responseElse>
<setOutcomeValue identifier="FEEDBACK">
<baseValue baseType="identifier">FAILURE</baseValue>
</setOutcomeValue>
</responseElse>
</responseCondition>
</responseElse>
</responseCondition>
</responseProcessing>
<modalFeedback identifier="FAILURE" outcomeIdentifier="FEEDBACK" showHide="show">
<div class="textblock tvblock tvcss_1"><div class="rte_zone tveditor1">
</div>
</div>
</modalFeedback>
<modalFeedback identifier="ANSWER_CORRECT" outcomeIdentifier="FEEDBACK" showHide="show">
<div class="textblock tvblock tvcss_1"><div class="rte_zone tveditor1">
</div>
</div>
</modalFeedback>
<modalFeedback identifier="PARTIAL_CORRECT" outcomeIdentifier="FEEDBACK" showHide="show">
<div class="textblock tvblock tvcss_1"><div class="rte_zone tveditor1">
</div>
</div>
</modalFeedback>
</assessmentItem>
