<?xml version="1.0" encoding="UTF-8"?>
<assessmentItem xsi:schemaLocation="http://www.imsglobal.org/xsd/imsqti_v2p1 http://www.imsglobal.org/xsd/qti/qtiv2p1/imsqti_v2p1p1.xsd http://www.w3.org/1998/Math/MathML http://www.w3.org/Math/XMLSchema/mathml2/mathml2.xsd" identifier="uu-p-value-809-nl-qti_438988743_section_1_item_1_schoice" title="1" adaptive="false" timeDependent="false" xmlns="http://www.imsglobal.org/xsd/imsqti_v2p1" xmlns:xsi="http://www.w3.org/2001/XMLSchema-instance">
<responseDeclaration identifier="uu-p-value-809-nl-qti_438988743_section_1_item_1_schoice_RESPONSE_1_8518283" cardinality="single" baseType="identifier">
<correctResponse>
<value>uu-p-value-809-nl-qti_438988743_section_1_item_1_schoice_1_3767972117</value>
</correctResponse>
<mapping defaultValue="0" lowerBound="0.0">
<mapEntry mapKey="uu-p-value-809-nl-qti_438988743_section_1_item_1_schoice_1_3767972117" mappedValue="1"/>
<mapEntry mapKey="uu-p-value-809-nl-qti_438988743_section_1_item_1_schoice_2_8200572892" mappedValue="0"/>
<mapEntry mapKey="uu-p-value-809-nl-qti_438988743_section_1_item_1_schoice_3_5003395123" mappedValue="0"/>
<mapEntry mapKey="uu-p-value-809-nl-qti_438988743_section_1_item_1_schoice_4_1349993208" mappedValue="0"/>
</mapping>
</responseDeclaration>
<outcomeDeclaration identifier="SCORE" cardinality="single" baseType="float" normalMaximum="1" normalMinimum="0">
<defaultValue>
<value>0.0</value>
</defaultValue>
</outcomeDeclaration>
<outcomeDeclaration identifier="MAXSCORE" cardinality="single" baseType="float">
<defaultValue>
<value>1</value>
</defaultValue>
</outcomeDeclaration>
<outcomeDeclaration identifier="FEEDBACKBASIC" cardinality="single" baseType="identifier" view="testConstructor">
<defaultValue>
<value>empty</value>
</defaultValue>
</outcomeDeclaration>
<outcomeDeclaration identifier="FEEDBACKMODAL" cardinality="multiple" baseType="identifier" view="testConstructor"/>
<outcomeDeclaration identifier="MINSCORE" cardinality="single" baseType="float">
<defaultValue>
<value baseType="float">0</value>
</defaultValue>
</outcomeDeclaration>
<outcomeDeclaration identifier="SCORE_RESPONSE_1" cardinality="single" baseType="float">
<defaultValue>
<value>0.0</value>
</defaultValue>
</outcomeDeclaration>
<outcomeDeclaration identifier="MINSCORE_RESPONSE_1" cardinality="single" baseType="float">
<defaultValue>
<value>0.0</value>
</defaultValue>
</outcomeDeclaration>
<itemBody>
<p>Een onderzoeker schrijft dat de p-waarde (p &lt; .001) van een t-toets waarbij de gemiddelde motivatiescores van allochtone en autochtone kinderen vergeleken worden, zeer laag is. Dit zegt vooral iets over …</p>
<choiceInteraction responseIdentifier="uu-p-value-809-nl-qti_438988743_section_1_item_1_schoice_RESPONSE_1_8518283" shuffle="false" maxChoices="1">
<simpleChoice identifier="uu-p-value-809-nl-qti_438988743_section_1_item_1_schoice_1_3767972117">
<p>
 de significantie
</p>
</simpleChoice>
<simpleChoice identifier="uu-p-value-809-nl-qti_438988743_section_1_item_1_schoice_2_8200572892">
<p>
 de relevantie
</p>
</simpleChoice>
<simpleChoice identifier="uu-p-value-809-nl-qti_438988743_section_1_item_1_schoice_3_5003395123">
<p>
 de effect size
</p>
</simpleChoice>
<simpleChoice identifier="uu-p-value-809-nl-qti_438988743_section_1_item_1_schoice_4_1349993208">
<p>
 de relevantie en de effect size
</p>
</simpleChoice>
</choiceInteraction>
</itemBody>
<responseProcessing>
<responseCondition>
<responseIf>
<isNull>
<variable identifier="uu-p-value-809-nl-qti_438988743_section_1_item_1_schoice_RESPONSE_1_8518283"/>
</isNull>
<setOutcomeValue identifier="SCORE_RESPONSE_1">
<sum>
<variable identifier="SCORE_RESPONSE_1"/>
<baseValue baseType="float">0</baseValue>
</sum>
</setOutcomeValue>
</responseIf>
</responseCondition>
<setOutcomeValue identifier="SCORE_RESPONSE_1">
<sum>
<variable identifier="SCORE_RESPONSE_1"/>
<mapResponse identifier="uu-p-value-809-nl-qti_438988743_section_1_item_1_schoice_RESPONSE_1_8518283"/>
</sum>
</setOutcomeValue>
<responseCondition>
<responseIf>
<lt>
<variable identifier="SCORE_RESPONSE_1"/>
<variable identifier="MINSCORE_RESPONSE_1"/>
</lt>
<setOutcomeValue identifier="SCORE_RESPONSE_1">
<variable identifier="MINSCORE_RESPONSE_1"/>
</setOutcomeValue>
</responseIf>
</responseCondition>
<setOutcomeValue identifier="SCORE">
<sum>
<variable identifier="SCORE_RESPONSE_1"/>
</sum>
</setOutcomeValue>
<responseCondition>
<responseIf>
<lt>
<variable identifier="SCORE"/>
<variable identifier="MINSCORE"/>
</lt>
<setOutcomeValue identifier="SCORE">
<variable identifier="MINSCORE"/>
</setOutcomeValue>
</responseIf>
</responseCondition>
<responseCondition>
<responseIf>
<lt>
<variable identifier="SCORE"/>
<baseValue baseType="float">1</baseValue>
</lt>
<setOutcomeValue identifier="FEEDBACKMODAL">
<multiple>
<variable identifier="FEEDBACKMODAL"/>
<baseValue baseType="identifier">Feedback689469573</baseValue>
</multiple>
</setOutcomeValue>
</responseIf>
</responseCondition>
</responseProcessing>
<modalFeedback identifier="Feedback689469573" outcomeIdentifier="FEEDBACKMODAL" showHide="show">
 de significantie <br /> Dit antwoord is correct. 
 de relevantie <br /> Dit antwoord is incorrect. 
 de effect size <br /> Dit antwoord is incorrect. 
 de relevantie en de effect size <br /> Dit antwoord is incorrect. 
</modalFeedback>
</assessmentItem>
