<?xml version="1.0" encoding="UTF-8"?>
<assessmentItem xsi:schemaLocation="http://www.imsglobal.org/xsd/imsqti_v2p1 http://www.imsglobal.org/xsd/qti/qtiv2p1/imsqti_v2p1p1.xsd http://www.w3.org/1998/Math/MathML http://www.w3.org/Math/XMLSchema/mathml2/mathml2.xsd" identifier="uva-conditional-probability-954-en-ans_302738307_section_1_item_1_schoice" title="Probability_uva-conditional-probability-954-en_uva-conditional-probability-954-en_schoice_1" adaptive="false" timeDependent="false" xmlns="http://www.imsglobal.org/xsd/imsqti_v2p1" xmlns:xsi="http://www.w3.org/2001/XMLSchema-instance">
<responseDeclaration identifier="uva-conditional-probability-954-en-ans_302738307_section_1_item_1_schoice_RESPONSE_1_6767565" cardinality="single" baseType="identifier">
<correctResponse>
<value>uva-conditional-probability-954-en-ans_302738307_section_1_item_1_schoice_2_3724251543</value>
</correctResponse>
<mapping defaultValue="0" lowerBound="0.0">
<mapEntry mapKey="uva-conditional-probability-954-en-ans_302738307_section_1_item_1_schoice_1_1761822371" mappedValue="0"/>
<mapEntry mapKey="uva-conditional-probability-954-en-ans_302738307_section_1_item_1_schoice_2_3724251543" mappedValue="1"/>
<mapEntry mapKey="uva-conditional-probability-954-en-ans_302738307_section_1_item_1_schoice_3_4573372935" mappedValue="0"/>
<mapEntry mapKey="uva-conditional-probability-954-en-ans_302738307_section_1_item_1_schoice_4_5684781646" mappedValue="0"/>
</mapping>
</responseDeclaration>
<outcomeDeclaration identifier="SCORE" cardinality="single" baseType="float" normalMaximum="1" normalMinimum="0">
<defaultValue>
<value>0.0</value>
</defaultValue>
</outcomeDeclaration>
<outcomeDeclaration identifier="MAXSCORE" cardinality="single" baseType="float">
<defaultValue>
<value>1</value>
</defaultValue>
</outcomeDeclaration>
<outcomeDeclaration identifier="FEEDBACKBASIC" cardinality="single" baseType="identifier" view="testConstructor">
<defaultValue>
<value>empty</value>
</defaultValue>
</outcomeDeclaration>
<outcomeDeclaration identifier="FEEDBACKMODAL" cardinality="multiple" baseType="identifier" view="testConstructor"/>
<outcomeDeclaration identifier="SOLUTIONMODAL" cardinality="single" baseType="identifier" view="testConstructor"/>
<outcomeDeclaration identifier="MINSCORE" cardinality="single" baseType="float">
<defaultValue>
<value baseType="float">0</value>
</defaultValue>
</outcomeDeclaration>
<outcomeDeclaration identifier="SCORE_RESPONSE_1" cardinality="single" baseType="float">
<defaultValue>
<value>0.0</value>
</defaultValue>
</outcomeDeclaration>
<outcomeDeclaration identifier="MINSCORE_RESPONSE_1" cardinality="single" baseType="float">
<defaultValue>
<value>0.0</value>
</defaultValue>
</outcomeDeclaration>
<itemBody>
<p>In a statistics class there are 40 students. Each time, the teacher chooses one student at random to answer three questions (without backtracking). Marja is relieved because the first two questions are answered by her classmates. What is now the probability for Marja to have to answer the third question have to answer?</p>
<choiceInteraction responseIdentifier="uva-conditional-probability-954-en-ans_302738307_section_1_item_1_schoice_RESPONSE_1_6767565" shuffle="false" maxChoices="1">
<simpleChoice identifier="uva-conditional-probability-954-en-ans_302738307_section_1_item_1_schoice_1_1761822371">
<p>
 1/50
</p>
</simpleChoice>
<simpleChoice identifier="uva-conditional-probability-954-en-ans_302738307_section_1_item_1_schoice_2_3724251543">
<p>
 1/38
</p>
</simpleChoice>
<simpleChoice identifier="uva-conditional-probability-954-en-ans_302738307_section_1_item_1_schoice_3_4573372935">
<p>
 3/50
</p>
</simpleChoice>
<simpleChoice identifier="uva-conditional-probability-954-en-ans_302738307_section_1_item_1_schoice_4_5684781646">
<p>
 1/3
</p>
</simpleChoice>
</choiceInteraction>
</itemBody>
<responseProcessing>
<setOutcomeValue identifier="SCORE_RESPONSE_1">
<sum>
<variable identifier="SCORE_RESPONSE_1"/>
<mapResponse identifier="uva-conditional-probability-954-en-ans_302738307_section_1_item_1_schoice_RESPONSE_1_6767565"/>
</sum>
</setOutcomeValue>
<responseCondition>
<responseIf>
<lt>
<variable identifier="SCORE_RESPONSE_1"/>
<variable identifier="MINSCORE_RESPONSE_1"/>
</lt>
<setOutcomeValue identifier="SCORE_RESPONSE_1">
<variable identifier="MINSCORE_RESPONSE_1"/>
</setOutcomeValue>
</responseIf>
</responseCondition>
<responseCondition>
<responseIf>
<isNull>
<variable identifier="uva-conditional-probability-954-en-ans_302738307_section_1_item_1_schoice_RESPONSE_1_6767565"/>
</isNull>
<setOutcomeValue identifier="SCORE_RESPONSE_1">
<sum>
<variable identifier="SCORE_RESPONSE_1"/>
<baseValue baseType="float">0</baseValue>
</sum>
</setOutcomeValue>
</responseIf>
</responseCondition>
<setOutcomeValue identifier="SCORE">
<sum>
<variable identifier="SCORE_RESPONSE_1"/>
</sum>
</setOutcomeValue>
<responseCondition>
<responseIf>
<lt>
<variable identifier="SCORE"/>
<variable identifier="MINSCORE"/>
</lt>
<setOutcomeValue identifier="SCORE">
<variable identifier="MINSCORE"/>
</setOutcomeValue>
</responseIf>
</responseCondition>
<responseCondition>
<responseIf>
<lt>
<variable identifier="SCORE"/>
<baseValue baseType="float">1</baseValue>
</lt>
<setOutcomeValue identifier="FEEDBACKMODAL">
<multiple>
<variable identifier="FEEDBACKMODAL"/>
<baseValue baseType="identifier">Feedback670469763</baseValue>
</multiple>
</setOutcomeValue>
</responseIf>
</responseCondition>
</responseProcessing>
<modalFeedback outcomeIdentifier="FEEDBACK" showHide="show" identifier="incorrect">
<ul>
<li> 1/50 <br /> 1/50: Incorrect </li>
<li> 1/38 <br /> 1/38: Correct </li>
<li> 3/50 <br /> 3/50: Incorrect </li>
<li> 1/3 <br /> 1/3: Incorrect </li>
</ul>
</modalFeedback>
</assessmentItem>
