<?xml version="1.0" encoding="UTF-8"?>
<assessmentItem xsi:schemaLocation="http://www.imsglobal.org/xsd/imsqti_v2p1 http://www.imsglobal.org/xsd/qti/qtiv2p1/imsqti_v2p1p1.xsd http://www.w3.org/1998/Math/MathML http://www.w3.org/Math/XMLSchema/mathml2/mathml2.xsd" identifier="uva-random-variables-474-nl-qti_172701663_section_1_item_1_schoice" title="1" adaptive="false" timeDependent="false" xmlns="http://www.imsglobal.org/xsd/imsqti_v2p1" xmlns:xsi="http://www.w3.org/2001/XMLSchema-instance">
<responseDeclaration identifier="uva-random-variables-474-nl-qti_172701663_section_1_item_1_schoice_RESPONSE_1_9628124" cardinality="single" baseType="identifier">
<correctResponse>
<value>uva-random-variables-474-nl-qti_172701663_section_1_item_1_schoice_1_6901923333</value>
</correctResponse>
<mapping defaultValue="0" lowerBound="0.0">
<mapEntry mapKey="uva-random-variables-474-nl-qti_172701663_section_1_item_1_schoice_1_6901923333" mappedValue="1"/>
<mapEntry mapKey="uva-random-variables-474-nl-qti_172701663_section_1_item_1_schoice_2_1276028293" mappedValue="0"/>
<mapEntry mapKey="uva-random-variables-474-nl-qti_172701663_section_1_item_1_schoice_3_3061322385" mappedValue="0"/>
<mapEntry mapKey="uva-random-variables-474-nl-qti_172701663_section_1_item_1_schoice_4_4185415812" mappedValue="0"/>
</mapping>
</responseDeclaration>
<outcomeDeclaration identifier="SCORE" cardinality="single" baseType="float" normalMaximum="1" normalMinimum="0">
<defaultValue>
<value>0.0</value>
</defaultValue>
</outcomeDeclaration>
<outcomeDeclaration identifier="MAXSCORE" cardinality="single" baseType="float">
<defaultValue>
<value>1</value>
</defaultValue>
</outcomeDeclaration>
<outcomeDeclaration identifier="FEEDBACKBASIC" cardinality="single" baseType="identifier" view="testConstructor">
<defaultValue>
<value>empty</value>
</defaultValue>
</outcomeDeclaration>
<outcomeDeclaration identifier="FEEDBACKMODAL" cardinality="multiple" baseType="identifier" view="testConstructor"/>
<outcomeDeclaration identifier="SOLUTIONMODAL" cardinality="single" baseType="identifier" view="testConstructor"/>
<outcomeDeclaration identifier="MINSCORE" cardinality="single" baseType="float">
<defaultValue>
<value baseType="float">0</value>
</defaultValue>
</outcomeDeclaration>
<outcomeDeclaration identifier="SCORE_RESPONSE_1" cardinality="single" baseType="float">
<defaultValue>
<value>0.0</value>
</defaultValue>
</outcomeDeclaration>
<outcomeDeclaration identifier="MINSCORE_RESPONSE_1" cardinality="single" baseType="float">
<defaultValue>
<value>0.0</value>
</defaultValue>
</outcomeDeclaration>
<itemBody>
<p>Gegeven is de volgende kruistabel betreffende de gezondheidstoestand van
200 personen, en hun uitslag op een zekere diagnostische test.</p>
<table>
<tbody>
<tr class="odd">
<td align="left"> </td>
<td align="left">ziek</td>
<td align="left">gezond</td>
</tr>
<tr class="even">
<td align="left">Test positief</td>
<td align="left">40</td>
<td align="left">10</td>
</tr>
<tr class="odd">
<td align="left">Test negatief</td>
<td align="left">20</td>
<td align="left">130</td>
</tr>
</tbody>
</table>
<p>Uit de 200 individuen wordt aselect een persoon getrokken. Hoe groot is
de kans dat deze persoon ziek is en een positieve testuitslag heeft?</p>
<choiceInteraction responseIdentifier="uva-random-variables-474-nl-qti_172701663_section_1_item_1_schoice_RESPONSE_1_9628124" shuffle="false" maxChoices="1">
<simpleChoice identifier="uva-random-variables-474-nl-qti_172701663_section_1_item_1_schoice_1_6901923333">
<p>
 0.2
</p>
</simpleChoice>
<simpleChoice identifier="uva-random-variables-474-nl-qti_172701663_section_1_item_1_schoice_2_1276028293">
<p>
 0.35
</p>
</simpleChoice>
<simpleChoice identifier="uva-random-variables-474-nl-qti_172701663_section_1_item_1_schoice_3_3061322385">
<p>
 0.55
</p>
</simpleChoice>
<simpleChoice identifier="uva-random-variables-474-nl-qti_172701663_section_1_item_1_schoice_4_4185415812">
<p>
 0.8
</p>
</simpleChoice>
</choiceInteraction>
</itemBody>
<responseProcessing>
<setOutcomeValue identifier="SCORE_RESPONSE_1">
<sum>
<variable identifier="SCORE_RESPONSE_1"/>
<mapResponse identifier="uva-random-variables-474-nl-qti_172701663_section_1_item_1_schoice_RESPONSE_1_9628124"/>
</sum>
</setOutcomeValue>
<responseCondition>
<responseIf>
<lt>
<variable identifier="SCORE_RESPONSE_1"/>
<variable identifier="MINSCORE_RESPONSE_1"/>
</lt>
<setOutcomeValue identifier="SCORE_RESPONSE_1">
<variable identifier="MINSCORE_RESPONSE_1"/>
</setOutcomeValue>
</responseIf>
</responseCondition>
<responseCondition>
<responseIf>
<isNull>
<variable identifier="uva-random-variables-474-nl-qti_172701663_section_1_item_1_schoice_RESPONSE_1_9628124"/>
</isNull>
<setOutcomeValue identifier="SCORE_RESPONSE_1">
<sum>
<variable identifier="SCORE_RESPONSE_1"/>
<baseValue baseType="float">0</baseValue>
</sum>
</setOutcomeValue>
</responseIf>
</responseCondition>
<setOutcomeValue identifier="SCORE">
<sum>
<variable identifier="SCORE_RESPONSE_1"/>
</sum>
</setOutcomeValue>
<responseCondition>
<responseIf>
<lt>
<variable identifier="SCORE"/>
<variable identifier="MINSCORE"/>
</lt>
<setOutcomeValue identifier="SCORE">
<variable identifier="MINSCORE"/>
</setOutcomeValue>
</responseIf>
</responseCondition>
<responseCondition>
<responseIf>
<lt>
<variable identifier="SCORE"/>
<baseValue baseType="float">1</baseValue>
</lt>
<setOutcomeValue identifier="FEEDBACKMODAL">
<multiple>
<variable identifier="FEEDBACKMODAL"/>
<baseValue baseType="identifier">Feedback801989762</baseValue>
</multiple>
</setOutcomeValue>
</responseIf>
</responseCondition>
</responseProcessing>
<modalFeedback identifier="Feedback801989762" outcomeIdentifier="FEEDBACKMODAL" showHide="show">
<ul>
<li> 0.2 <br /> 0.2: Correct </li>
<li> 0.35 <br /> 0.35: Incorrect </li>
<li> 0.55 <br /> 0.55: Incorrect </li>
<li> 0.8 <br /> 0.8: Incorrect </li>
</ul>
</modalFeedback>
</assessmentItem>
