<?xml version="1.0" encoding="utf-8" standalone="yes"?>
<assessmentItem identifier="uu-Eigenvalues-003-nl-tv_202209061507_item_1_schoice" title="uu-Eigenvalues-003-nl-tv_202209061507_item_1_schoice_uu-Eigenvalues-003-nl.Rmd" adaptive="false" timeDependent="false" toolName="Testvision Online" toolVersion="39.0.9084" xmlns="http://www.imsglobal.org/xsd/imsqti_v2p1">
<responseDeclaration identifier="RESPONSE" cardinality="single" baseType="identifier">
<correctResponse>
<value>alt_562277</value>
</correctResponse>
<mapping defaultValue="0" lowerBound="0.0">
<mapEntry mapKey="alt_946103" mappedValue="-0.333333333333333"/>
<mapEntry mapKey="alt_562277" mappedValue="1"/>
<mapEntry mapKey="alt_517031" mappedValue="-0.333333333333333"/>
<mapEntry mapKey="alt_560839" mappedValue="-0.333333333333333"/>
</mapping>
</responseDeclaration>
<outcomeDeclaration identifier="SCORE" cardinality="single" baseType="float" normalMaximum="1" normalMinimum="0" />
<outcomeDeclaration identifier="FEEDBACK" cardinality="single" baseType="identifier" />
<itemBody>
<p>‘Aan moderne ouders worden zoveel eisen gesteld, dat ze gemakkelijk faalangst kunnen oplopen’ (Trouw, 7 januari 2014).</p>
<p>In een onderzoek naar de onzekerheden en faalangst van ouders is aan een aselecte steekproef van ouders een verzameling van tien relevante items voorgelegd. De respondenten moesten voor elk item aangeven in welke mate het van toepassing was (1 = geheel niet op mij van toepassing tot en met 7 = geheel op mij van toepassing).</p>
<p>Voorbeeld: De verantwoordelijkheid van de opvoeding valt mij zwaar.</p>
<p>Zie onderstaande uitvoer van een hoofdcomponentenanalyse voor tien items over onzekerheid en faalangst van ouders.</p>
<p>Hoeveel factoren selecteer je op basis van het eigenwaarde criterium?</p>
<p><img src="mediafiles/supplements1/uu-Eigenvalues-003-nl-tabel.jpg" alt="image"/></p>
<choiceInteraction responseIdentifier="RESPONSE" shuffle="false" maxChoices="1">
<simpleChoice identifier="alt_946103">
<div class="textblock tvblock tvcss_1"><div class="rte_zone tveditor1">
a. 1
</div>
</div>
</simpleChoice>
<simpleChoice identifier="alt_562277">
<div class="textblock tvblock tvcss_1"><div class="rte_zone tveditor1">
b. 2
</div>
</div>
</simpleChoice>
<simpleChoice identifier="alt_517031">
<div class="textblock tvblock tvcss_1"><div class="rte_zone tveditor1">
c. 3
</div>
</div>
</simpleChoice>
<simpleChoice identifier="alt_560839">
<div class="textblock tvblock tvcss_1"><div class="rte_zone tveditor1">
d. 4
</div>
</div>
</simpleChoice>
</choiceInteraction>
</itemBody>
<responseProcessing>
<responseCondition>
<responseIf>
<isNull>
<variable identifier="RESPONSE"/>
</isNull>
<setOutcomeValue identifier="SCORE">
<baseValue baseType="float">0.0</baseValue>
</setOutcomeValue>
<setOutcomeValue identifier="FEEDBACK">
<baseValue baseType="identifier">FAILURE</baseValue>
</setOutcomeValue>
</responseIf>
<responseElse>
<setOutcomeValue identifier="SCORE">
<mapResponse identifier="RESPONSE"/>
</setOutcomeValue>
<responseCondition>
<responseIf>
<equal toleranceMode="relative" tolerance="0.001">
<variable identifier="SCORE"/>
<variable identifier="MAXSCORE"/>
</equal>
<setOutcomeValue identifier="FEEDBACK">
<baseValue baseType="identifier">ANSWER_CORRECT</baseValue>
</setOutcomeValue>
</responseIf>
<responseElse>
<setOutcomeValue identifier="FEEDBACK">
<baseValue baseType="identifier">FAILURE</baseValue>
</setOutcomeValue>
</responseElse>
</responseCondition>
</responseElse>
</responseCondition>
</responseProcessing>
<modalFeedback identifier="FAILURE" outcomeIdentifier="FEEDBACK" showHide="show">
<div class="textblock tvblock tvcss_1"><div class="rte_zone tveditor1">
<p>Uitleg: Het eigenwaardecriterium houdt in dat factor met een eigenwaarde hoger dan 1.00 worden meegenomen. Er zijn 2 factoren met een eigenwaarde hoger dan 1.00. Deze vraag betrof enkel het eigenwaardecriterium, er mocht geen rekening gehouden worden met alternatieve selectiecriteria.</p>
<br />
<ol>
<li> 1 <br />  </li>
<li> 2 <br />  </li>
<li> 3 <br />  </li>
<li> 4 <br />  </li>
</ol>
</div>
</div>
</modalFeedback>
<modalFeedback identifier="ANSWER_CORRECT" outcomeIdentifier="FEEDBACK" showHide="show">
<div class="textblock tvblock tvcss_1"><div class="rte_zone tveditor1">
<p>Uitleg: Het eigenwaardecriterium houdt in dat factor met een eigenwaarde hoger dan 1.00 worden meegenomen. Er zijn 2 factoren met een eigenwaarde hoger dan 1.00. Deze vraag betrof enkel het eigenwaardecriterium, er mocht geen rekening gehouden worden met alternatieve selectiecriteria.</p>
<br />
<ol>
<li> 1 <br />  </li>
<li> 2 <br />  </li>
<li> 3 <br />  </li>
<li> 4 <br />  </li>
</ol>
</div>
</div>
</modalFeedback>
<modalFeedback identifier="PARTIAL_CORRECT" outcomeIdentifier="FEEDBACK" showHide="show">
<div class="textblock tvblock tvcss_1"><div class="rte_zone tveditor1">
<p>Uitleg: Het eigenwaardecriterium houdt in dat factor met een eigenwaarde hoger dan 1.00 worden meegenomen. Er zijn 2 factoren met een eigenwaarde hoger dan 1.00. Deze vraag betrof enkel het eigenwaardecriterium, er mocht geen rekening gehouden worden met alternatieve selectiecriteria.</p>
<br />
<ol>
<li> 1 <br />  </li>
<li> 2 <br />  </li>
<li> 3 <br />  </li>
<li> 4 <br />  </li>
</ol>
</div>
</div>
</modalFeedback>
</assessmentItem>
