<?xml version="1.0" encoding="UTF-8"?>
<assessmentItem xsi:schemaLocation="http://www.imsglobal.org/xsd/imsqti_v2p1 http://www.imsglobal.org/xsd/qti/qtiv2p1/imsqti_v2p1p1.xsd http://www.w3.org/1998/Math/MathML http://www.w3.org/Math/XMLSchema/mathml2/mathml2.xsd" identifier="vufsw-mixeddesignanova-0250-en-qti_724064860_section_1_item_1_schoice" title="1" adaptive="false" timeDependent="false" xmlns="http://www.imsglobal.org/xsd/imsqti_v2p1" xmlns:xsi="http://www.w3.org/2001/XMLSchema-instance">
<responseDeclaration identifier="vufsw-mixeddesignanova-0250-en-qti_724064860_section_1_item_1_schoice_RESPONSE_1_3060303" cardinality="single" baseType="identifier">
<correctResponse>
<value>vufsw-mixeddesignanova-0250-en-qti_724064860_section_1_item_1_schoice_2_7093304705</value>
</correctResponse>
<mapping defaultValue="0" lowerBound="0.0">
<mapEntry mapKey="vufsw-mixeddesignanova-0250-en-qti_724064860_section_1_item_1_schoice_1_4247308646" mappedValue="0"/>
<mapEntry mapKey="vufsw-mixeddesignanova-0250-en-qti_724064860_section_1_item_1_schoice_2_7093304705" mappedValue="1"/>
<mapEntry mapKey="vufsw-mixeddesignanova-0250-en-qti_724064860_section_1_item_1_schoice_3_6816087809" mappedValue="0"/>
<mapEntry mapKey="vufsw-mixeddesignanova-0250-en-qti_724064860_section_1_item_1_schoice_4_6475654051" mappedValue="0"/>
</mapping>
</responseDeclaration>
<outcomeDeclaration identifier="SCORE" cardinality="single" baseType="float" normalMaximum="1" normalMinimum="0">
<defaultValue>
<value>0.0</value>
</defaultValue>
</outcomeDeclaration>
<outcomeDeclaration identifier="MAXSCORE" cardinality="single" baseType="float">
<defaultValue>
<value>1</value>
</defaultValue>
</outcomeDeclaration>
<outcomeDeclaration identifier="FEEDBACKBASIC" cardinality="single" baseType="identifier" view="testConstructor">
<defaultValue>
<value>empty</value>
</defaultValue>
</outcomeDeclaration>
<outcomeDeclaration identifier="FEEDBACKMODAL" cardinality="multiple" baseType="identifier" view="testConstructor"/>
<outcomeDeclaration identifier="MINSCORE" cardinality="single" baseType="float">
<defaultValue>
<value baseType="float">0</value>
</defaultValue>
</outcomeDeclaration>
<outcomeDeclaration identifier="SCORE_RESPONSE_1" cardinality="single" baseType="float">
<defaultValue>
<value>0.0</value>
</defaultValue>
</outcomeDeclaration>
<outcomeDeclaration identifier="MINSCORE_RESPONSE_1" cardinality="single" baseType="float">
<defaultValue>
<value>0.0</value>
</defaultValue>
</outcomeDeclaration>
<itemBody>
<p>Which of the following statements are correct?</p>
<p>I. In a mixed-design ANOVA there is always one dependent variable<br />
II. In a mixed-design ANOVA there is always more than one variable that
defines between group differences</p>
<choiceInteraction responseIdentifier="vufsw-mixeddesignanova-0250-en-qti_724064860_section_1_item_1_schoice_RESPONSE_1_3060303" shuffle="false" maxChoices="1">
<simpleChoice identifier="vufsw-mixeddesignanova-0250-en-qti_724064860_section_1_item_1_schoice_1_4247308646">
<p>
 Both statements are incorrect.
</p>
</simpleChoice>
<simpleChoice identifier="vufsw-mixeddesignanova-0250-en-qti_724064860_section_1_item_1_schoice_2_7093304705">
<p>
 Statement I is correct and statement II is incorrect.
</p>
</simpleChoice>
<simpleChoice identifier="vufsw-mixeddesignanova-0250-en-qti_724064860_section_1_item_1_schoice_3_6816087809">
<p>
 Statement I is incorrect and statement II is correct.
</p>
</simpleChoice>
<simpleChoice identifier="vufsw-mixeddesignanova-0250-en-qti_724064860_section_1_item_1_schoice_4_6475654051">
<p>
 Both statements are correct.
</p>
</simpleChoice>
</choiceInteraction>
</itemBody>
<responseProcessing>
<responseCondition>
<responseIf>
<isNull>
<variable identifier="vufsw-mixeddesignanova-0250-en-qti_724064860_section_1_item_1_schoice_RESPONSE_1_3060303"/>
</isNull>
<setOutcomeValue identifier="SCORE_RESPONSE_1">
<sum>
<variable identifier="SCORE_RESPONSE_1"/>
<baseValue baseType="float">0</baseValue>
</sum>
</setOutcomeValue>
</responseIf>
</responseCondition>
<setOutcomeValue identifier="SCORE_RESPONSE_1">
<sum>
<variable identifier="SCORE_RESPONSE_1"/>
<mapResponse identifier="vufsw-mixeddesignanova-0250-en-qti_724064860_section_1_item_1_schoice_RESPONSE_1_3060303"/>
</sum>
</setOutcomeValue>
<responseCondition>
<responseIf>
<lt>
<variable identifier="SCORE_RESPONSE_1"/>
<variable identifier="MINSCORE_RESPONSE_1"/>
</lt>
<setOutcomeValue identifier="SCORE_RESPONSE_1">
<variable identifier="MINSCORE_RESPONSE_1"/>
</setOutcomeValue>
</responseIf>
</responseCondition>
<setOutcomeValue identifier="SCORE">
<sum>
<variable identifier="SCORE_RESPONSE_1"/>
</sum>
</setOutcomeValue>
<responseCondition>
<responseIf>
<lt>
<variable identifier="SCORE"/>
<variable identifier="MINSCORE"/>
</lt>
<setOutcomeValue identifier="SCORE">
<variable identifier="MINSCORE"/>
</setOutcomeValue>
</responseIf>
</responseCondition>
<responseCondition>
<responseIf>
<lt>
<variable identifier="SCORE"/>
<baseValue baseType="float">1</baseValue>
</lt>
<setOutcomeValue identifier="FEEDBACKMODAL">
<multiple>
<variable identifier="FEEDBACKMODAL"/>
<baseValue baseType="identifier">Feedback705774107</baseValue>
</multiple>
</setOutcomeValue>
</responseIf>
</responseCondition>
</responseProcessing>
<modalFeedback identifier="Feedback705774107" outcomeIdentifier="FEEDBACKMODAL" showHide="show">
<p>There is always only one dependent variable in a mixed design ANOVA. So,
statement I is correct.<br />
However, there can be one or more between variables. So, statement II is
incorrect.</p>
<p>Language<br />
English &amp; Nederlands</p>
<p>M&amp;T Mixed design ANOVA<br />
Default value</p>
<p>M&amp;T MVA<br />
Standaardwaarde</p>
<br />
 Both statements are incorrect. <br /> False 
 Statement I is correct and statement II is incorrect. <br /> True 
 Statement I is incorrect and statement II is correct. <br /> False 
 Both statements are correct. <br /> False 
</modalFeedback>
</assessmentItem>
