<?xml version="1.0" encoding="UTF-8"?>
<!DOCTYPE questestinterop SYSTEM "ims_qtiasiv1p2p1.dtd">

<questestinterop xmlns="http://www.imsglobal.org/xsd/ims_qtiasiv1p2" xmlns:xsi="http://www.w3.org/2001/XMLSchema-instance" xsi:schemaLocation="http://www.imsglobal.org/xsd/ims_qtiasiv1p2 http://www.imsglobal.org/xsd/ims_qtiasiv1p2p1.xsd">
<assessment ident="uva-elementary-probability-1002-en-canvas_956913995" title="uva-elementary-probability-1002-en-canvas">

<qtimetadata>
<qtimetadatafield>
<fieldlabel>cc_maxattempts</fieldlabel>
<fieldentry>1</fieldentry>
</qtimetadatafield>
<qtimetadatafield>
<fieldlabel>qmd_assessmenttype</fieldlabel>
<fieldentry>Assessment</fieldentry>
</qtimetadatafield>
</qtimetadata>
<objectives>
<material>
<mattext><![CDATA[Please solve the following exercises.]]></mattext>
</material>
</objectives>
<assessmentcontrol feedbackswitch="No" hintswitch="No" solutionswitch="Yes"/>
<outcomes_processing scoremodel="SumOfScores">
<outcomes>
<decvar varname="SCORE" vartype="Decimal" cutvalue="0"/>
</outcomes>
</outcomes_processing>
<assessfeedback title="AssessmentFeedback" ident="AssessmentFeedback">
<flow_mat>
<material>
<mattext>##AssessmentFeedback##</mattext>
</material>
</flow_mat>
</assessfeedback>

<section ident="uva-elementary-probability-1002-en-canvas_956913995_section_1" title="Exercise">

<objectives>
<material>
<mattext><![CDATA[Please answer the following question.]]></mattext>
</material>
</objectives>
<selection_ordering>
<selection>
<selection_number>1</selection_number>
<selection_extension>
<points_per_item>1</points_per_item>
</selection_extension>
</selection>
<order order_type="Random"/>
</selection_ordering>

<item ident="uva-elementary-probability-1002-en-canvas_956913995_section_1_item_1_schoice" title="Question" maxattempts="1">
<itemcontrol feedbackswitch="No" hintswitch="No" solutionswitch="Yes"/>
<itemmetadata>
<qtimetadata>
<qtimetadatafield>
<fieldlabel>question_type</fieldlabel>
<fieldentry>multiple_choice_question</fieldentry>
</qtimetadatafield>
</qtimetadata>
</itemmetadata>
<presentation>
<flow>
<material>
<matbreak/>
<mattext texttype="text/html" charset="utf-8"><![CDATA[
<p>There are 60 screws in a box. One of these screws has both a defective head and a defective thread. Three of the screws have a defective head and two have a defective thread. We call the events:‛<br />
* <em>A</em> = {a defective thread}
* <em>B</em> = {a defective head}.
* <em>C</em> = {both a defective head and a defective wire}.  What then is the relative frequency of <em>B</em>?</p>
]]></mattext>
<matbreak/>
</material>
<response_lid ident="uva-elementary-probability-1002-en-canvas_956913995_section_1_item_1_schoice_RESPONSE_1388033" rcardinality="Single" rtiming="No">
<render_choice shuffle="No">
<flow_label class="List">
<response_label ident="uva-elementary-probability-1002-en-canvas_956913995_section_1_item_1_schoice_3802308848" rshuffle="No">
<material>
<mattext texttype="text/html" charset="utf-8"><![CDATA[
 1/60
]]></mattext>
</material>
</response_label>
</flow_label>
<flow_label class="List">
<response_label ident="uva-elementary-probability-1002-en-canvas_956913995_section_1_item_1_schoice_6850905259" rshuffle="No">
<material>
<mattext texttype="text/html" charset="utf-8"><![CDATA[
 2/60
]]></mattext>
</material>
</response_label>
</flow_label>
<flow_label class="List">
<response_label ident="uva-elementary-probability-1002-en-canvas_956913995_section_1_item_1_schoice_8482445223" rshuffle="No">
<material>
<mattext texttype="text/html" charset="utf-8"><![CDATA[
 3/60
]]></mattext>
</material>
</response_label>
</flow_label>
<flow_label class="List">
<response_label ident="uva-elementary-probability-1002-en-canvas_956913995_section_1_item_1_schoice_6538086139" rshuffle="No">
<material>
<mattext texttype="text/html" charset="utf-8"><![CDATA[
 4/60
]]></mattext>
</material>
</response_label>
</flow_label>
</render_choice>
</response_lid>
</flow>
</presentation>
<resprocessing>
<outcomes>
<decvar varname="SCORE" vartype="Decimal" defaultval="0" minvalue="0" maxvalue="1" cutvalue="1"/>
</outcomes>
<respcondition title="Mastery" continue="No">
<conditionvar>
<and>
<varequal respident="uva-elementary-probability-1002-en-canvas_956913995_section_1_item_1_schoice_RESPONSE_1388033" case="Yes">uva-elementary-probability-1002-en-canvas_956913995_section_1_item_1_schoice_8482445223</varequal>
<not> <varequal respident="uva-elementary-probability-1002-en-canvas_956913995_section_1_item_1_schoice_RESPONSE_1388033" case="Yes">uva-elementary-probability-1002-en-canvas_956913995_section_1_item_1_schoice_3802308848</varequal> </not>
<not> <varequal respident="uva-elementary-probability-1002-en-canvas_956913995_section_1_item_1_schoice_RESPONSE_1388033" case="Yes">uva-elementary-probability-1002-en-canvas_956913995_section_1_item_1_schoice_6850905259</varequal> </not>
<not> <varequal respident="uva-elementary-probability-1002-en-canvas_956913995_section_1_item_1_schoice_RESPONSE_1388033" case="Yes">uva-elementary-probability-1002-en-canvas_956913995_section_1_item_1_schoice_6538086139</varequal> </not>
</and>
</conditionvar>
<setvar varname="SCORE" action="Set">1</setvar>
<displayfeedback feedbacktype="Response" linkrefid="correct_fb"/>
</respcondition>
<respcondition continue="Yes">
<conditionvar>
<other/>
</conditionvar>
<displayfeedback feedbacktype="Response" linkrefid="general_incorrect_fb"/>
</respcondition>
</resprocessing>
<itemfeedback ident="correct_fb" view="All">
<flow_mat>
<material>
<mattext texttype="text/html"><![CDATA[
<ul>
<li> 1/60 <br /> 1/60: Incorrect </li>
<li> 2/60 <br /> 2/60: Incorrect </li>
<li> 3/60 <br /> 3/60: Correct </li>
<li> 4/60 <br /> 4/60: Incorrect </li>
</ul>
]]></mattext>
</material>
</flow_mat>
</itemfeedback>
<itemfeedback ident="general_incorrect_fb" view="All">
<flow_mat>
<material>
<mattext texttype="text/html"><![CDATA[
<ul>
<li> 1/60 <br /> 1/60: Incorrect </li>
<li> 2/60 <br /> 2/60: Incorrect </li>
<li> 3/60 <br /> 3/60: Correct </li>
<li> 4/60 <br /> 4/60: Incorrect </li>
</ul>
]]></mattext>
</material>
</flow_mat>
</itemfeedback>
</item>


</section>

</assessment>
</questestinterop>
