<?xml version="1.0" encoding="utf-8" standalone="yes"?>
<assessmentItem identifier="uu-Null-hypothesis-816-nl-tv_202601131821_item_1_schoice" title="uu-Null-hypothesis-816-nl-tv_202601131821_item_1_schoice_uu-Null-hypothesis-816-nl" adaptive="false" timeDependent="false" toolName="Testvision Online" toolVersion="39.0.9084" xmlns="http://www.imsglobal.org/xsd/imsqti_v2p1">
<responseDeclaration identifier="RESPONSE" cardinality="single" baseType="identifier">
<correctResponse>
<value>alt_202225</value>
</correctResponse>
<mapping defaultValue="0" lowerBound="0.0">
<mapEntry mapKey="alt_995881" mappedValue="-0.333333333333333"/>
<mapEntry mapKey="alt_655028" mappedValue="-0.333333333333333"/>
<mapEntry mapKey="alt_202225" mappedValue="1"/>
<mapEntry mapKey="alt_106065" mappedValue="-0.333333333333333"/>
</mapping>
</responseDeclaration>
<outcomeDeclaration identifier="SCORE" cardinality="single" baseType="float" normalMaximum="1" normalMinimum="0" />
<outcomeDeclaration identifier="FEEDBACK" cardinality="single" baseType="identifier" />
<stylesheet href="css/uu-Null-hypothesis-816-nl-tv_202601131821_item_1_schoice.css" type="text/css" />
<itemBody>
<p>Een team onderzoekers is geïnteresseerd in posttraumatische stresssymptomen die reddingswerkers ervaren na een zware aardbeving. Ze willen onderzoeken of vrijwillige reddingswerkers hogere niveaus van PTSS ervaren dan leden van professionele reddingsploegen. Drie weken na de aardbeving vulden 95 vrijwilligers en 123 professionele reddingswerkers een vragenlijst in waarin PTSS-symptomen werden gemeten op een schaal van 0 tot 100.</p>
<p>Ze vonden de volgende resultaten:</p>
<p><img src="mediafiles/supplements1/uu-Null-hypothesis-816-en-tabel.jpg" alt="image"/></p>
<p>Bij een significantieniveau van <math display="inline" xmlns="http://www.w3.org/1998/Math/MathML"><semantics><mi>α</mi><annotation encoding="application/x-tex">\alpha</annotation></semantics></math> = .05, moeten de onderzoekers dan de nulhypothese verwerpen?</p>
<choiceInteraction responseIdentifier="RESPONSE" shuffle="false" maxChoices="1">
<simpleChoice identifier="alt_995881">
<div class="textblock tvblock tvcss_1"><div class="rte_zone tveditor1">
 Ze moeten H0 verwerpen, omdat de resultaten een significant verschil in stressniveaus aangeven.
</div>
</div>
</simpleChoice>
<simpleChoice identifier="alt_655028">
<div class="textblock tvblock tvcss_1"><div class="rte_zone tveditor1">
 Ze zouden H0 niet moeten verwerpen, omdat de resultaten aangeven dat er geen verschil is in stressniveaus tussen vrijwilligers en professionals.
</div>
</div>
</simpleChoice>
<simpleChoice identifier="alt_202225">
<div class="textblock tvblock tvcss_1"><div class="rte_zone tveditor1">
 Ze zouden H0 niet moeten verwerpen, ook al is de p-waarde die SPSS geeft kleiner dan <math display="inline" xmlns="http://www.w3.org/1998/Math/MathML"><semantics><mi>α</mi><annotation encoding="application/x-tex">\alpha</annotation></semantics></math>.
</div>
</div>
</simpleChoice>
<simpleChoice identifier="alt_106065">
<div class="textblock tvblock tvcss_1"><div class="rte_zone tveditor1">
 Ze moeten H0 verwerpen omdat het verschil tussen de groepen niet significant is.
</div>
</div>
</simpleChoice>
</choiceInteraction>
</itemBody>
<responseProcessing>
<responseCondition>
<responseIf>
<isNull>
<variable identifier="RESPONSE"/>
</isNull>
<setOutcomeValue identifier="SCORE">
<baseValue baseType="float">0.0</baseValue>
</setOutcomeValue>
<setOutcomeValue identifier="FEEDBACK">
<baseValue baseType="identifier">FAILURE</baseValue>
</setOutcomeValue>
</responseIf>
<responseElse>
<setOutcomeValue identifier="SCORE">
<mapResponse identifier="RESPONSE"/>
</setOutcomeValue>
<responseCondition>
<responseIf>
<equal toleranceMode="relative" tolerance="0.001">
<variable identifier="SCORE"/>
<variable identifier="MAXSCORE"/>
</equal>
<setOutcomeValue identifier="FEEDBACK">
<baseValue baseType="identifier">ANSWER_CORRECT</baseValue>
</setOutcomeValue>
</responseIf>
<responseElse>
<setOutcomeValue identifier="FEEDBACK">
<baseValue baseType="identifier">FAILURE</baseValue>
</setOutcomeValue>
</responseElse>
</responseCondition>
</responseElse>
</responseCondition>
</responseProcessing>
<modalFeedback identifier="FAILURE" outcomeIdentifier="FEEDBACK" showHide="show">
<div class="textblock tvblock tvcss_1"><div class="rte_zone tveditor1">
</div>
</div>
</modalFeedback>
<modalFeedback identifier="ANSWER_CORRECT" outcomeIdentifier="FEEDBACK" showHide="show">
<div class="textblock tvblock tvcss_1"><div class="rte_zone tveditor1">
</div>
</div>
</modalFeedback>
<modalFeedback identifier="PARTIAL_CORRECT" outcomeIdentifier="FEEDBACK" showHide="show">
<div class="textblock tvblock tvcss_1"><div class="rte_zone tveditor1">
</div>
</div>
</modalFeedback>
</assessmentItem>
