<?xml version="1.0" encoding="UTF-8"?>
<assessmentItem xsi:schemaLocation="http://www.imsglobal.org/xsd/imsqti_v2p1 http://www.imsglobal.org/xsd/qti/qtiv2p1/imsqti_v2p1p1.xsd http://www.w3.org/1998/Math/MathML http://www.w3.org/Math/XMLSchema/mathml2/mathml2.xsd" identifier="uva-distribution-1881-nl-qti_641558514_section_1_item_1_schoice" title="1" adaptive="false" timeDependent="false" xmlns="http://www.imsglobal.org/xsd/imsqti_v2p1" xmlns:xsi="http://www.w3.org/2001/XMLSchema-instance">
<responseDeclaration identifier="uva-distribution-1881-nl-qti_641558514_section_1_item_1_schoice_RESPONSE_1_1807545" cardinality="single" baseType="identifier">
<correctResponse>
<value>uva-distribution-1881-nl-qti_641558514_section_1_item_1_schoice_1_4086663972</value>
</correctResponse>
<mapping defaultValue="0" lowerBound="0.0">
<mapEntry mapKey="uva-distribution-1881-nl-qti_641558514_section_1_item_1_schoice_1_4086663972" mappedValue="1"/>
<mapEntry mapKey="uva-distribution-1881-nl-qti_641558514_section_1_item_1_schoice_2_9891413063" mappedValue="0"/>
<mapEntry mapKey="uva-distribution-1881-nl-qti_641558514_section_1_item_1_schoice_3_1048791612" mappedValue="0"/>
<mapEntry mapKey="uva-distribution-1881-nl-qti_641558514_section_1_item_1_schoice_4_3789527993" mappedValue="0"/>
</mapping>
</responseDeclaration>
<outcomeDeclaration identifier="SCORE" cardinality="single" baseType="float" normalMaximum="1" normalMinimum="0">
<defaultValue>
<value>0.0</value>
</defaultValue>
</outcomeDeclaration>
<outcomeDeclaration identifier="MAXSCORE" cardinality="single" baseType="float">
<defaultValue>
<value>1</value>
</defaultValue>
</outcomeDeclaration>
<outcomeDeclaration identifier="FEEDBACKBASIC" cardinality="single" baseType="identifier" view="testConstructor">
<defaultValue>
<value>empty</value>
</defaultValue>
</outcomeDeclaration>
<outcomeDeclaration identifier="FEEDBACKMODAL" cardinality="multiple" baseType="identifier" view="testConstructor"/>
<outcomeDeclaration identifier="SOLUTIONMODAL" cardinality="single" baseType="identifier" view="testConstructor"/>
<outcomeDeclaration identifier="MINSCORE" cardinality="single" baseType="float">
<defaultValue>
<value baseType="float">0</value>
</defaultValue>
</outcomeDeclaration>
<outcomeDeclaration identifier="SCORE_RESPONSE_1" cardinality="single" baseType="float">
<defaultValue>
<value>0.0</value>
</defaultValue>
</outcomeDeclaration>
<outcomeDeclaration identifier="MINSCORE_RESPONSE_1" cardinality="single" baseType="float">
<defaultValue>
<value>0.0</value>
</defaultValue>
</outcomeDeclaration>
<itemBody>
<p>Uit ieder van twee normaal verdeelde populaties met gelijke varianties
wordt een steekproef getrokken.<br />
steekproef 1: n = 12, gemiddelde = 39, sd = 9.36<br />
steekproef 2: n = 17, gemiddelde = 33, sd = 11.67<br />
De gepoolde variantieschatter heeft als waarde 116.4. Er wordt getoetst
of de populatiegemiddelden gelijk zijn. De bijbehorende
toetsingsgrootheid volgt, als de nulhypothese waar is,</p>
<choiceInteraction responseIdentifier="uva-distribution-1881-nl-qti_641558514_section_1_item_1_schoice_RESPONSE_1_1807545" shuffle="false" maxChoices="1">
<simpleChoice identifier="uva-distribution-1881-nl-qti_641558514_section_1_item_1_schoice_1_4086663972">
<p>
 een T-verdeling met 27 vrijheidsgraden
</p>
</simpleChoice>
<simpleChoice identifier="uva-distribution-1881-nl-qti_641558514_section_1_item_1_schoice_2_9891413063">
<p>
 een F-verdeling met 11 en 16 vrijheidsgraden
</p>
</simpleChoice>
<simpleChoice identifier="uva-distribution-1881-nl-qti_641558514_section_1_item_1_schoice_3_1048791612">
<p>
 een T-verdeling met 29 vrijheidsgraden
</p>
</simpleChoice>
<simpleChoice identifier="uva-distribution-1881-nl-qti_641558514_section_1_item_1_schoice_4_3789527993">
<p>
 een F-verdeling met 12 en 17 vrijheidsgraden
</p>
</simpleChoice>
</choiceInteraction>
</itemBody>
<responseProcessing>
<setOutcomeValue identifier="SCORE_RESPONSE_1">
<sum>
<variable identifier="SCORE_RESPONSE_1"/>
<mapResponse identifier="uva-distribution-1881-nl-qti_641558514_section_1_item_1_schoice_RESPONSE_1_1807545"/>
</sum>
</setOutcomeValue>
<responseCondition>
<responseIf>
<lt>
<variable identifier="SCORE_RESPONSE_1"/>
<variable identifier="MINSCORE_RESPONSE_1"/>
</lt>
<setOutcomeValue identifier="SCORE_RESPONSE_1">
<variable identifier="MINSCORE_RESPONSE_1"/>
</setOutcomeValue>
</responseIf>
</responseCondition>
<responseCondition>
<responseIf>
<isNull>
<variable identifier="uva-distribution-1881-nl-qti_641558514_section_1_item_1_schoice_RESPONSE_1_1807545"/>
</isNull>
<setOutcomeValue identifier="SCORE_RESPONSE_1">
<sum>
<variable identifier="SCORE_RESPONSE_1"/>
<baseValue baseType="float">0</baseValue>
</sum>
</setOutcomeValue>
</responseIf>
</responseCondition>
<setOutcomeValue identifier="SCORE">
<sum>
<variable identifier="SCORE_RESPONSE_1"/>
</sum>
</setOutcomeValue>
<responseCondition>
<responseIf>
<lt>
<variable identifier="SCORE"/>
<variable identifier="MINSCORE"/>
</lt>
<setOutcomeValue identifier="SCORE">
<variable identifier="MINSCORE"/>
</setOutcomeValue>
</responseIf>
</responseCondition>
<responseCondition>
<responseIf>
<lt>
<variable identifier="SCORE"/>
<baseValue baseType="float">1</baseValue>
</lt>
<setOutcomeValue identifier="FEEDBACKMODAL">
<multiple>
<variable identifier="FEEDBACKMODAL"/>
<baseValue baseType="identifier">Feedback152144374</baseValue>
</multiple>
</setOutcomeValue>
</responseIf>
</responseCondition>
</responseProcessing>
<modalFeedback identifier="Feedback152144374" outcomeIdentifier="FEEDBACKMODAL" showHide="show">
<p>Het correcte antwoord is:</p>
<ul>
<li>een T-verdeling met 27 vrijheidsgraden</li>
</ul>
</modalFeedback>
</assessmentItem>
