<?xml version="1.0" encoding="UTF-8"?>
<!DOCTYPE questestinterop SYSTEM "ims_qtiasiv1p2p1.dtd">

<questestinterop xmlns="http://www.imsglobal.org/xsd/ims_qtiasiv1p2" xmlns:xsi="http://www.w3.org/2001/XMLSchema-instance" xsi:schemaLocation="http://www.imsglobal.org/xsd/ims_qtiasiv1p2 http://www.imsglobal.org/xsd/ims_qtiasiv1p2p1.xsd">
<assessment ident="uva-uniform-1118-nl-canvas_221257923" title="uva-uniform-1118-nl-canvas">

<qtimetadata>
<qtimetadatafield>
<fieldlabel>cc_maxattempts</fieldlabel>
<fieldentry>1</fieldentry>
</qtimetadatafield>
<qtimetadatafield>
<fieldlabel>qmd_assessmenttype</fieldlabel>
<fieldentry>Assessment</fieldentry>
</qtimetadatafield>
</qtimetadata>
<objectives>
<material>
<mattext><![CDATA[Please solve the following exercises.]]></mattext>
</material>
</objectives>
<assessmentcontrol feedbackswitch="No" hintswitch="No" solutionswitch="Yes"/>
<outcomes_processing scoremodel="SumOfScores">
<outcomes>
<decvar varname="SCORE" vartype="Decimal" cutvalue="0"/>
</outcomes>
</outcomes_processing>
<assessfeedback title="AssessmentFeedback" ident="AssessmentFeedback">
<flow_mat>
<material>
<mattext>##AssessmentFeedback##</mattext>
</material>
</flow_mat>
</assessfeedback>

<section ident="uva-uniform-1118-nl-canvas_221257923_section_1" title="Exercise">

<objectives>
<material>
<mattext><![CDATA[Please answer the following question.]]></mattext>
</material>
</objectives>
<selection_ordering>
<selection>
<selection_number>1</selection_number>
<selection_extension>
<points_per_item>1</points_per_item>
</selection_extension>
</selection>
<order order_type="Random"/>
</selection_ordering>

<item ident="uva-uniform-1118-nl-canvas_221257923_section_1_item_1_schoice" title="Question" maxattempts="1">
<itemcontrol feedbackswitch="No" hintswitch="No" solutionswitch="Yes"/>
<itemmetadata>
<qtimetadata>
<qtimetadatafield>
<fieldlabel>question_type</fieldlabel>
<fieldentry>multiple_choice_question</fieldentry>
</qtimetadatafield>
</qtimetadata>
</itemmetadata>
<presentation>
<flow>
<material>
<matbreak/>
<mattext texttype="text/html" charset="utf-8"><![CDATA[
<p>Elke 10 minuten stopt een bus bij een bushalte. John arriveert bij de
bushalte op een willekeurig moment. Definieer <em>X</em> = de tijd tot de
volgende bus komt. Wat is dan de kans dat deze tijd voor John 4 tot 7
minuten is?<br />
</p>
]]></mattext>
<matbreak/>
</material>
<response_lid ident="uva-uniform-1118-nl-canvas_221257923_section_1_item_1_schoice_RESPONSE_8522713" rcardinality="Single" rtiming="No">
<render_choice shuffle="No">
<flow_label class="List">
<response_label ident="uva-uniform-1118-nl-canvas_221257923_section_1_item_1_schoice_6410864129" rshuffle="No">
<material>
<mattext texttype="text/html" charset="utf-8"><![CDATA[
 0,3
]]></mattext>
</material>
</response_label>
</flow_label>
<flow_label class="List">
<response_label ident="uva-uniform-1118-nl-canvas_221257923_section_1_item_1_schoice_9779412609" rshuffle="No">
<material>
<mattext texttype="text/html" charset="utf-8"><![CDATA[
 0,4
]]></mattext>
</material>
</response_label>
</flow_label>
<flow_label class="List">
<response_label ident="uva-uniform-1118-nl-canvas_221257923_section_1_item_1_schoice_1903174667" rshuffle="No">
<material>
<mattext texttype="text/html" charset="utf-8"><![CDATA[
 0,5
]]></mattext>
</material>
</response_label>
</flow_label>
<flow_label class="List">
<response_label ident="uva-uniform-1118-nl-canvas_221257923_section_1_item_1_schoice_2721840211" rshuffle="No">
<material>
<mattext texttype="text/html" charset="utf-8"><![CDATA[
 0,7
]]></mattext>
</material>
</response_label>
</flow_label>
</render_choice>
</response_lid>
</flow>
</presentation>
<resprocessing>
<outcomes>
<decvar varname="SCORE" vartype="Decimal" defaultval="0" minvalue="0" maxvalue="1" cutvalue="1"/>
</outcomes>
<respcondition title="Mastery" continue="No">
<conditionvar>
<and>
<varequal respident="uva-uniform-1118-nl-canvas_221257923_section_1_item_1_schoice_RESPONSE_8522713" case="Yes">uva-uniform-1118-nl-canvas_221257923_section_1_item_1_schoice_6410864129</varequal>
<not> <varequal respident="uva-uniform-1118-nl-canvas_221257923_section_1_item_1_schoice_RESPONSE_8522713" case="Yes">uva-uniform-1118-nl-canvas_221257923_section_1_item_1_schoice_9779412609</varequal> </not>
<not> <varequal respident="uva-uniform-1118-nl-canvas_221257923_section_1_item_1_schoice_RESPONSE_8522713" case="Yes">uva-uniform-1118-nl-canvas_221257923_section_1_item_1_schoice_1903174667</varequal> </not>
<not> <varequal respident="uva-uniform-1118-nl-canvas_221257923_section_1_item_1_schoice_RESPONSE_8522713" case="Yes">uva-uniform-1118-nl-canvas_221257923_section_1_item_1_schoice_2721840211</varequal> </not>
</and>
</conditionvar>
<setvar varname="SCORE" action="Set">1</setvar>
<displayfeedback feedbacktype="Response" linkrefid="correct_fb"/>
</respcondition>
<respcondition continue="Yes">
<conditionvar>
<other/>
</conditionvar>
<displayfeedback feedbacktype="Response" linkrefid="general_incorrect_fb"/>
</respcondition>
</resprocessing>
<itemfeedback ident="correct_fb" view="All">
<flow_mat>
<material>
<mattext texttype="text/html"><![CDATA[
<ul>
<li> 0,3 <br /> 0,3: Correct </li>
<li> 0,4 <br /> 0,4: Incorrect </li>
<li> 0,5 <br /> 0,5: Incorrect </li>
<li> 0,7 <br /> 0,7: Incorrect </li>
</ul>
]]></mattext>
</material>
</flow_mat>
</itemfeedback>
<itemfeedback ident="general_incorrect_fb" view="All">
<flow_mat>
<material>
<mattext texttype="text/html"><![CDATA[
<ul>
<li> 0,3 <br /> 0,3: Correct </li>
<li> 0,4 <br /> 0,4: Incorrect </li>
<li> 0,5 <br /> 0,5: Incorrect </li>
<li> 0,7 <br /> 0,7: Incorrect </li>
</ul>
]]></mattext>
</material>
</flow_mat>
</itemfeedback>
</item>


</section>

</assessment>
</questestinterop>
