<?xml version="1.0" encoding="utf-8" standalone="yes"?>
<assessmentItem identifier="vufgb-mean-003-nl-tv_202601131820_item_1_schoice" title="vufgb-mean-003-nl-tv_202601131820_item_1_schoice_vufgb-mean-003-nl" adaptive="false" timeDependent="false" toolName="Testvision Online" toolVersion="39.0.9084" xmlns="http://www.imsglobal.org/xsd/imsqti_v2p1">
<responseDeclaration identifier="RESPONSE" cardinality="single" baseType="identifier">
<correctResponse>
<value>alt_583277</value>
</correctResponse>
<mapping defaultValue="0" lowerBound="0.0">
<mapEntry mapKey="alt_874352" mappedValue="-0.333333333333333"/>
<mapEntry mapKey="alt_583277" mappedValue="1"/>
<mapEntry mapKey="alt_169138" mappedValue="-0.333333333333333"/>
<mapEntry mapKey="alt_234557" mappedValue="-0.333333333333333"/>
</mapping>
</responseDeclaration>
<outcomeDeclaration identifier="SCORE" cardinality="single" baseType="float" normalMaximum="1" normalMinimum="0" />
<outcomeDeclaration identifier="FEEDBACK" cardinality="single" baseType="identifier" />
<stylesheet href="css/vufgb-mean-003-nl-tv_202601131820_item_1_schoice.css" type="text/css" />
<itemBody>
<p>Gegeven zijn zeven scores: 12, 14, 11, 15, 16, 13, 17.</p>
<p>Bereken het gemiddelde.</p>
<choiceInteraction responseIdentifier="RESPONSE" shuffle="false" maxChoices="1">
<simpleChoice identifier="alt_874352">
<div class="textblock tvblock tvcss_1"><div class="rte_zone tveditor1">
 16.33
</div>
</div>
</simpleChoice>
<simpleChoice identifier="alt_583277">
<div class="textblock tvblock tvcss_1"><div class="rte_zone tveditor1">
 14
</div>
</div>
</simpleChoice>
<simpleChoice identifier="alt_169138">
<div class="textblock tvblock tvcss_1"><div class="rte_zone tveditor1">
 15
</div>
</div>
</simpleChoice>
<simpleChoice identifier="alt_234557">
<div class="textblock tvblock tvcss_1"><div class="rte_zone tveditor1">
 15.5
</div>
</div>
</simpleChoice>
</choiceInteraction>
</itemBody>
<responseProcessing>
<responseCondition>
<responseIf>
<isNull>
<variable identifier="RESPONSE"/>
</isNull>
<setOutcomeValue identifier="SCORE">
<baseValue baseType="float">0.0</baseValue>
</setOutcomeValue>
<setOutcomeValue identifier="FEEDBACK">
<baseValue baseType="identifier">FAILURE</baseValue>
</setOutcomeValue>
</responseIf>
<responseElse>
<setOutcomeValue identifier="SCORE">
<mapResponse identifier="RESPONSE"/>
</setOutcomeValue>
<responseCondition>
<responseIf>
<equal toleranceMode="relative" tolerance="0.001">
<variable identifier="SCORE"/>
<variable identifier="MAXSCORE"/>
</equal>
<setOutcomeValue identifier="FEEDBACK">
<baseValue baseType="identifier">ANSWER_CORRECT</baseValue>
</setOutcomeValue>
</responseIf>
<responseElse>
<setOutcomeValue identifier="FEEDBACK">
<baseValue baseType="identifier">FAILURE</baseValue>
</setOutcomeValue>
</responseElse>
</responseCondition>
</responseElse>
</responseCondition>
</responseProcessing>
<modalFeedback identifier="FAILURE" outcomeIdentifier="FEEDBACK" showHide="show">
<div class="textblock tvblock tvcss_1"><div class="rte_zone tveditor1">
<ul>
<li> 16.33 <br /> Incorrect </li>
<li> 14 <br /> Correct </li>
<li> 15 <br /> Incorrect </li>
<li> 15.5 <br /> Incorrect </li>
</ul>
</div>
</div>
</modalFeedback>
<modalFeedback identifier="ANSWER_CORRECT" outcomeIdentifier="FEEDBACK" showHide="show">
<div class="textblock tvblock tvcss_1"><div class="rte_zone tveditor1">
<ul>
<li> 16.33 <br /> Incorrect </li>
<li> 14 <br /> Correct </li>
<li> 15 <br /> Incorrect </li>
<li> 15.5 <br /> Incorrect </li>
</ul>
</div>
</div>
</modalFeedback>
<modalFeedback identifier="PARTIAL_CORRECT" outcomeIdentifier="FEEDBACK" showHide="show">
<div class="textblock tvblock tvcss_1"><div class="rte_zone tveditor1">
<ul>
<li> 16.33 <br /> Incorrect </li>
<li> 14 <br /> Correct </li>
<li> 15 <br /> Incorrect </li>
<li> 15.5 <br /> Incorrect </li>
</ul>
</div>
</div>
</modalFeedback>
</assessmentItem>
