<?xml version="1.0" encoding="UTF-8"?>
<assessmentItem xsi:schemaLocation="http://www.imsglobal.org/xsd/imsqti_v2p1 http://www.imsglobal.org/xsd/qti/qtiv2p1/imsqti_v2p1p1.xsd http://www.w3.org/1998/Math/MathML http://www.w3.org/Math/XMLSchema/mathml2/mathml2.xsd" identifier="uva-scatterplot-1219-nl-ans_105199378_section_1_item_1_schoice" title="Descriptive-statistics_uva-scatterplot-1219-nl_uva-scatterplot-1219-nl_schoice_1" adaptive="false" timeDependent="false" xmlns="http://www.imsglobal.org/xsd/imsqti_v2p1" xmlns:xsi="http://www.w3.org/2001/XMLSchema-instance">
<responseDeclaration identifier="uva-scatterplot-1219-nl-ans_105199378_section_1_item_1_schoice_RESPONSE_1_2857830" cardinality="single" baseType="identifier">
<correctResponse>
<value>uva-scatterplot-1219-nl-ans_105199378_section_1_item_1_schoice_3_5102316329</value>
</correctResponse>
<mapping defaultValue="0" lowerBound="0.0">
<mapEntry mapKey="uva-scatterplot-1219-nl-ans_105199378_section_1_item_1_schoice_1_9020733118" mappedValue="0"/>
<mapEntry mapKey="uva-scatterplot-1219-nl-ans_105199378_section_1_item_1_schoice_2_8510473222" mappedValue="0"/>
<mapEntry mapKey="uva-scatterplot-1219-nl-ans_105199378_section_1_item_1_schoice_3_5102316329" mappedValue="1"/>
<mapEntry mapKey="uva-scatterplot-1219-nl-ans_105199378_section_1_item_1_schoice_4_9997957764" mappedValue="0"/>
</mapping>
</responseDeclaration>
<outcomeDeclaration identifier="SCORE" cardinality="single" baseType="float" normalMaximum="1" normalMinimum="0">
<defaultValue>
<value>0.0</value>
</defaultValue>
</outcomeDeclaration>
<outcomeDeclaration identifier="MAXSCORE" cardinality="single" baseType="float">
<defaultValue>
<value>1</value>
</defaultValue>
</outcomeDeclaration>
<outcomeDeclaration identifier="FEEDBACKBASIC" cardinality="single" baseType="identifier" view="testConstructor">
<defaultValue>
<value>empty</value>
</defaultValue>
</outcomeDeclaration>
<outcomeDeclaration identifier="FEEDBACKMODAL" cardinality="multiple" baseType="identifier" view="testConstructor"/>
<outcomeDeclaration identifier="SOLUTIONMODAL" cardinality="single" baseType="identifier" view="testConstructor"/>
<outcomeDeclaration identifier="MINSCORE" cardinality="single" baseType="float">
<defaultValue>
<value baseType="float">0</value>
</defaultValue>
</outcomeDeclaration>
<outcomeDeclaration identifier="SCORE_RESPONSE_1" cardinality="single" baseType="float">
<defaultValue>
<value>0.0</value>
</defaultValue>
</outcomeDeclaration>
<outcomeDeclaration identifier="MINSCORE_RESPONSE_1" cardinality="single" baseType="float">
<defaultValue>
<value>0.0</value>
</defaultValue>
</outcomeDeclaration>
<itemBody>
<p>Twee verpleegkundigen (vpk1 en vpk2) meten bij 41 patiënten vlak na
elkaar de hartslag. De uitkomsten staan in bijgaand spreidingsdiagram,
vergezeld van een 45 graden lijn door de oorsprong.<br />
De maximale afwijking in gemeten hartslag tussen de beide
verpleegkundigen is gelijk aan:</p>
<p><img src="media/supplements1/uva-scatterplot-1219-nl-graph01.png" /></p>
<choiceInteraction responseIdentifier="uva-scatterplot-1219-nl-ans_105199378_section_1_item_1_schoice_RESPONSE_1_2857830" shuffle="false" maxChoices="1">
<simpleChoice identifier="uva-scatterplot-1219-nl-ans_105199378_section_1_item_1_schoice_1_9020733118">
<p>
 12
</p>
</simpleChoice>
<simpleChoice identifier="uva-scatterplot-1219-nl-ans_105199378_section_1_item_1_schoice_2_8510473222">
<p>
 14
</p>
</simpleChoice>
<simpleChoice identifier="uva-scatterplot-1219-nl-ans_105199378_section_1_item_1_schoice_3_5102316329">
<p>
 17
</p>
</simpleChoice>
<simpleChoice identifier="uva-scatterplot-1219-nl-ans_105199378_section_1_item_1_schoice_4_9997957764">
<p>
 22
</p>
</simpleChoice>
</choiceInteraction>
</itemBody>
<responseProcessing>
<setOutcomeValue identifier="SCORE_RESPONSE_1">
<sum>
<variable identifier="SCORE_RESPONSE_1"/>
<mapResponse identifier="uva-scatterplot-1219-nl-ans_105199378_section_1_item_1_schoice_RESPONSE_1_2857830"/>
</sum>
</setOutcomeValue>
<responseCondition>
<responseIf>
<lt>
<variable identifier="SCORE_RESPONSE_1"/>
<variable identifier="MINSCORE_RESPONSE_1"/>
</lt>
<setOutcomeValue identifier="SCORE_RESPONSE_1">
<variable identifier="MINSCORE_RESPONSE_1"/>
</setOutcomeValue>
</responseIf>
</responseCondition>
<responseCondition>
<responseIf>
<isNull>
<variable identifier="uva-scatterplot-1219-nl-ans_105199378_section_1_item_1_schoice_RESPONSE_1_2857830"/>
</isNull>
<setOutcomeValue identifier="SCORE_RESPONSE_1">
<sum>
<variable identifier="SCORE_RESPONSE_1"/>
<baseValue baseType="float">0</baseValue>
</sum>
</setOutcomeValue>
</responseIf>
</responseCondition>
<setOutcomeValue identifier="SCORE">
<sum>
<variable identifier="SCORE_RESPONSE_1"/>
</sum>
</setOutcomeValue>
<responseCondition>
<responseIf>
<lt>
<variable identifier="SCORE"/>
<variable identifier="MINSCORE"/>
</lt>
<setOutcomeValue identifier="SCORE">
<variable identifier="MINSCORE"/>
</setOutcomeValue>
</responseIf>
</responseCondition>
<responseCondition>
<responseIf>
<lt>
<variable identifier="SCORE"/>
<baseValue baseType="float">1</baseValue>
</lt>
<setOutcomeValue identifier="FEEDBACKMODAL">
<multiple>
<variable identifier="FEEDBACKMODAL"/>
<baseValue baseType="identifier">Feedback145585829</baseValue>
</multiple>
</setOutcomeValue>
</responseIf>
</responseCondition>
</responseProcessing>
<modalFeedback outcomeIdentifier="FEEDBACK" showHide="show" identifier="incorrect">
<ul>
<li> 12 <br /> 12: Incorrect </li>
<li> 14 <br /> 14: Incorrect </li>
<li> 17 <br /> 17: Correct </li>
<li> 22 <br /> 22: Incorrect </li>
</ul>
</modalFeedback>
</assessmentItem>
