<?xml version="1.0" encoding="utf-8" standalone="yes"?>
<assessmentItem identifier="uva-correlation-1399-en-tv_202601131820_item_1_schoice" title="uva-correlation-1399-en-tv_202601131820_item_1_schoice_uva-correlation-1399-en" adaptive="false" timeDependent="false" toolName="Testvision Online" toolVersion="39.0.9084" xmlns="http://www.imsglobal.org/xsd/imsqti_v2p1">
<responseDeclaration identifier="RESPONSE" cardinality="single" baseType="identifier">
<correctResponse>
<value>alt_254796</value>
</correctResponse>
<mapping defaultValue="0" lowerBound="0.0">
<mapEntry mapKey="alt_698576" mappedValue="-0.333333333333333"/>
<mapEntry mapKey="alt_107980" mappedValue="-0.333333333333333"/>
<mapEntry mapKey="alt_254796" mappedValue="1"/>
<mapEntry mapKey="alt_107999" mappedValue="-0.333333333333333"/>
</mapping>
</responseDeclaration>
<outcomeDeclaration identifier="SCORE" cardinality="single" baseType="float" normalMaximum="1" normalMinimum="0" />
<outcomeDeclaration identifier="FEEDBACK" cardinality="single" baseType="identifier" />
<stylesheet href="css/uva-correlation-1399-en-tv_202601131820_item_1_schoice.css" type="text/css" />
<itemBody>
<p>One study looked at 33 elderly people to examine the relationship between education level (number of years in school) and the ability to focus on something focus. Below is a scatterplot of the results, with the corresponding regression line.Ê Suppose an additional person with 18 years of education is measured. For which value of focus for that person would the correlation coefficient increase the most increase?</p>
<p><img src="mediafiles/supplements1/uva-correlation-1399-en-graph01.png" alt="image"/></p>
<choiceInteraction responseIdentifier="RESPONSE" shuffle="false" maxChoices="1">
<simpleChoice identifier="alt_698576">
<div class="textblock tvblock tvcss_1"><div class="rte_zone tveditor1">
 -7.7
</div>
</div>
</simpleChoice>
<simpleChoice identifier="alt_107980">
<div class="textblock tvblock tvcss_1"><div class="rte_zone tveditor1">
 0
</div>
</div>
</simpleChoice>
<simpleChoice identifier="alt_254796">
<div class="textblock tvblock tvcss_1"><div class="rte_zone tveditor1">
 2.4
</div>
</div>
</simpleChoice>
<simpleChoice identifier="alt_107999">
<div class="textblock tvblock tvcss_1"><div class="rte_zone tveditor1">
 10.0
</div>
</div>
</simpleChoice>
</choiceInteraction>
</itemBody>
<responseProcessing>
<responseCondition>
<responseIf>
<isNull>
<variable identifier="RESPONSE"/>
</isNull>
<setOutcomeValue identifier="SCORE">
<baseValue baseType="float">0.0</baseValue>
</setOutcomeValue>
<setOutcomeValue identifier="FEEDBACK">
<baseValue baseType="identifier">FAILURE</baseValue>
</setOutcomeValue>
</responseIf>
<responseElse>
<setOutcomeValue identifier="SCORE">
<mapResponse identifier="RESPONSE"/>
</setOutcomeValue>
<responseCondition>
<responseIf>
<equal toleranceMode="relative" tolerance="0.001">
<variable identifier="SCORE"/>
<variable identifier="MAXSCORE"/>
</equal>
<setOutcomeValue identifier="FEEDBACK">
<baseValue baseType="identifier">ANSWER_CORRECT</baseValue>
</setOutcomeValue>
</responseIf>
<responseElse>
<setOutcomeValue identifier="FEEDBACK">
<baseValue baseType="identifier">FAILURE</baseValue>
</setOutcomeValue>
</responseElse>
</responseCondition>
</responseElse>
</responseCondition>
</responseProcessing>
<modalFeedback identifier="FAILURE" outcomeIdentifier="FEEDBACK" showHide="show">
<div class="textblock tvblock tvcss_1"><div class="rte_zone tveditor1">
<ul>
<li> -7.7 <br /> 7.7: Incorrect </li>
<li> 0 <br /> 0: Incorrect </li>
<li> 2.4 <br /> 2.4: Correct </li>
<li> 10.0 <br /> 10.0: Incorrect </li>
</ul>
</div>
</div>
</modalFeedback>
<modalFeedback identifier="ANSWER_CORRECT" outcomeIdentifier="FEEDBACK" showHide="show">
<div class="textblock tvblock tvcss_1"><div class="rte_zone tveditor1">
<ul>
<li> -7.7 <br /> 7.7: Incorrect </li>
<li> 0 <br /> 0: Incorrect </li>
<li> 2.4 <br /> 2.4: Correct </li>
<li> 10.0 <br /> 10.0: Incorrect </li>
</ul>
</div>
</div>
</modalFeedback>
<modalFeedback identifier="PARTIAL_CORRECT" outcomeIdentifier="FEEDBACK" showHide="show">
<div class="textblock tvblock tvcss_1"><div class="rte_zone tveditor1">
<ul>
<li> -7.7 <br /> 7.7: Incorrect </li>
<li> 0 <br /> 0: Incorrect </li>
<li> 2.4 <br /> 2.4: Correct </li>
<li> 10.0 <br /> 10.0: Incorrect </li>
</ul>
</div>
</div>
</modalFeedback>
</assessmentItem>
