<?xml version="1.0" encoding="UTF-8"?>
<assessmentItem xsi:schemaLocation="http://www.imsglobal.org/xsd/imsqti_v2p1 http://www.imsglobal.org/xsd/qti/qtiv2p1/imsqti_v2p1p1.xsd http://www.w3.org/1998/Math/MathML http://www.w3.org/Math/XMLSchema/mathml2/mathml2.xsd" identifier="uva-outliers-83-nl-ans_507992130_section_1_item_1_schoice" title="Descriptive-statistics_uva-outliers-83-nl_uva-outliers-83-nl_schoice_1" adaptive="false" timeDependent="false" xmlns="http://www.imsglobal.org/xsd/imsqti_v2p1" xmlns:xsi="http://www.w3.org/2001/XMLSchema-instance">
<responseDeclaration identifier="uva-outliers-83-nl-ans_507992130_section_1_item_1_schoice_RESPONSE_1_3096611" cardinality="single" baseType="identifier">
<correctResponse>
<value>uva-outliers-83-nl-ans_507992130_section_1_item_1_schoice_1_1299568864</value>
</correctResponse>
<mapping defaultValue="0" lowerBound="0.0">
<mapEntry mapKey="uva-outliers-83-nl-ans_507992130_section_1_item_1_schoice_1_1299568864" mappedValue="1"/>
<mapEntry mapKey="uva-outliers-83-nl-ans_507992130_section_1_item_1_schoice_2_3116147373" mappedValue="0"/>
<mapEntry mapKey="uva-outliers-83-nl-ans_507992130_section_1_item_1_schoice_3_6337650769" mappedValue="0"/>
</mapping>
</responseDeclaration>
<outcomeDeclaration identifier="SCORE" cardinality="single" baseType="float" normalMaximum="1" normalMinimum="0">
<defaultValue>
<value>0.0</value>
</defaultValue>
</outcomeDeclaration>
<outcomeDeclaration identifier="MAXSCORE" cardinality="single" baseType="float">
<defaultValue>
<value>1</value>
</defaultValue>
</outcomeDeclaration>
<outcomeDeclaration identifier="FEEDBACKBASIC" cardinality="single" baseType="identifier" view="testConstructor">
<defaultValue>
<value>empty</value>
</defaultValue>
</outcomeDeclaration>
<outcomeDeclaration identifier="FEEDBACKMODAL" cardinality="multiple" baseType="identifier" view="testConstructor"/>
<outcomeDeclaration identifier="SOLUTIONMODAL" cardinality="single" baseType="identifier" view="testConstructor"/>
<outcomeDeclaration identifier="MINSCORE" cardinality="single" baseType="float">
<defaultValue>
<value baseType="float">0</value>
</defaultValue>
</outcomeDeclaration>
<outcomeDeclaration identifier="SCORE_RESPONSE_1" cardinality="single" baseType="float">
<defaultValue>
<value>0.0</value>
</defaultValue>
</outcomeDeclaration>
<outcomeDeclaration identifier="MINSCORE_RESPONSE_1" cardinality="single" baseType="float">
<defaultValue>
<value>0.0</value>
</defaultValue>
</outcomeDeclaration>
<itemBody>
<p>De centrummaat die sterk beïnvloed kan worden door een <em>outlier</em> is</p>
<choiceInteraction responseIdentifier="uva-outliers-83-nl-ans_507992130_section_1_item_1_schoice_RESPONSE_1_3096611" shuffle="false" maxChoices="1">
<simpleChoice identifier="uva-outliers-83-nl-ans_507992130_section_1_item_1_schoice_1_1299568864">
<p>
 het gemiddelde
</p>
</simpleChoice>
<simpleChoice identifier="uva-outliers-83-nl-ans_507992130_section_1_item_1_schoice_2_3116147373">
<p>
 de mediaan
</p>
</simpleChoice>
<simpleChoice identifier="uva-outliers-83-nl-ans_507992130_section_1_item_1_schoice_3_6337650769">
<p>
 de modus
</p>
</simpleChoice>
</choiceInteraction>
</itemBody>
<responseProcessing>
<setOutcomeValue identifier="SCORE_RESPONSE_1">
<sum>
<variable identifier="SCORE_RESPONSE_1"/>
<mapResponse identifier="uva-outliers-83-nl-ans_507992130_section_1_item_1_schoice_RESPONSE_1_3096611"/>
</sum>
</setOutcomeValue>
<responseCondition>
<responseIf>
<lt>
<variable identifier="SCORE_RESPONSE_1"/>
<variable identifier="MINSCORE_RESPONSE_1"/>
</lt>
<setOutcomeValue identifier="SCORE_RESPONSE_1">
<variable identifier="MINSCORE_RESPONSE_1"/>
</setOutcomeValue>
</responseIf>
</responseCondition>
<responseCondition>
<responseIf>
<isNull>
<variable identifier="uva-outliers-83-nl-ans_507992130_section_1_item_1_schoice_RESPONSE_1_3096611"/>
</isNull>
<setOutcomeValue identifier="SCORE_RESPONSE_1">
<sum>
<variable identifier="SCORE_RESPONSE_1"/>
<baseValue baseType="float">0</baseValue>
</sum>
</setOutcomeValue>
</responseIf>
</responseCondition>
<setOutcomeValue identifier="SCORE">
<sum>
<variable identifier="SCORE_RESPONSE_1"/>
</sum>
</setOutcomeValue>
<responseCondition>
<responseIf>
<lt>
<variable identifier="SCORE"/>
<variable identifier="MINSCORE"/>
</lt>
<setOutcomeValue identifier="SCORE">
<variable identifier="MINSCORE"/>
</setOutcomeValue>
</responseIf>
</responseCondition>
<responseCondition>
<responseIf>
<lt>
<variable identifier="SCORE"/>
<baseValue baseType="float">1</baseValue>
</lt>
<setOutcomeValue identifier="FEEDBACKMODAL">
<multiple>
<variable identifier="FEEDBACKMODAL"/>
<baseValue baseType="identifier">Feedback275696248</baseValue>
</multiple>
</setOutcomeValue>
</responseIf>
</responseCondition>
</responseProcessing>
<modalFeedback outcomeIdentifier="FEEDBACK" showHide="show" identifier="incorrect">
<ul>
<li> het gemiddelde <br /> het gemiddelde: Correct </li>
<li> de mediaan <br /> de mediaan: Incorrect </li>
<li> de modus <br /> de modus: Incorrect </li>
</ul>
</modalFeedback>
</assessmentItem>
