<?xml version="1.0" encoding="UTF-8"?>
<assessmentItem xsi:schemaLocation="http://www.imsglobal.org/xsd/imsqti_v2p1 http://www.imsglobal.org/xsd/qti/qtiv2p1/imsqti_v2p1p1.xsd http://www.w3.org/1998/Math/MathML http://www.w3.org/Math/XMLSchema/mathml2/mathml2.xsd" identifier="uva-rules-for-expected-values-773-en-ans_646809258_section_1_item_1_schoice" title="Probability_uva-rules-for-expected-values-773-en_uva-rules-for-expected-values-773-en_schoice_1" adaptive="false" timeDependent="false" xmlns="http://www.imsglobal.org/xsd/imsqti_v2p1" xmlns:xsi="http://www.w3.org/2001/XMLSchema-instance">
<responseDeclaration identifier="uva-rules-for-expected-values-773-en-ans_646809258_section_1_item_1_schoice_RESPONSE_1_2825212" cardinality="single" baseType="identifier">
<correctResponse>
<value>uva-rules-for-expected-values-773-en-ans_646809258_section_1_item_1_schoice_1_7882759334</value>
</correctResponse>
<mapping defaultValue="0" lowerBound="0.0">
<mapEntry mapKey="uva-rules-for-expected-values-773-en-ans_646809258_section_1_item_1_schoice_1_7882759334" mappedValue="1"/>
<mapEntry mapKey="uva-rules-for-expected-values-773-en-ans_646809258_section_1_item_1_schoice_2_5014050890" mappedValue="0"/>
<mapEntry mapKey="uva-rules-for-expected-values-773-en-ans_646809258_section_1_item_1_schoice_3_4686096170" mappedValue="0"/>
</mapping>
</responseDeclaration>
<outcomeDeclaration identifier="SCORE" cardinality="single" baseType="float" normalMaximum="1" normalMinimum="0">
<defaultValue>
<value>0.0</value>
</defaultValue>
</outcomeDeclaration>
<outcomeDeclaration identifier="MAXSCORE" cardinality="single" baseType="float">
<defaultValue>
<value>1</value>
</defaultValue>
</outcomeDeclaration>
<outcomeDeclaration identifier="FEEDBACKBASIC" cardinality="single" baseType="identifier" view="testConstructor">
<defaultValue>
<value>empty</value>
</defaultValue>
</outcomeDeclaration>
<outcomeDeclaration identifier="FEEDBACKMODAL" cardinality="multiple" baseType="identifier" view="testConstructor"/>
<outcomeDeclaration identifier="SOLUTIONMODAL" cardinality="single" baseType="identifier" view="testConstructor"/>
<outcomeDeclaration identifier="MINSCORE" cardinality="single" baseType="float">
<defaultValue>
<value baseType="float">0</value>
</defaultValue>
</outcomeDeclaration>
<outcomeDeclaration identifier="SCORE_RESPONSE_1" cardinality="single" baseType="float">
<defaultValue>
<value>0.0</value>
</defaultValue>
</outcomeDeclaration>
<outcomeDeclaration identifier="MINSCORE_RESPONSE_1" cardinality="single" baseType="float">
<defaultValue>
<value>0.0</value>
</defaultValue>
</outcomeDeclaration>
<itemBody>
<p>A survey of people with depression asks (among other things) asked questions about sports and partnership. Of the 200 interviewees 120 participate in sports and there are 50 interviewees who participate in sports and have no partner. The probability that a randomly drawn person in this survey plays sports and has a partner is equal to</p>
<choiceInteraction responseIdentifier="uva-rules-for-expected-values-773-en-ans_646809258_section_1_item_1_schoice_RESPONSE_1_2825212" shuffle="false" maxChoices="1">
<simpleChoice identifier="uva-rules-for-expected-values-773-en-ans_646809258_section_1_item_1_schoice_1_7882759334">
<p>
 0.35.
</p>
</simpleChoice>
<simpleChoice identifier="uva-rules-for-expected-values-773-en-ans_646809258_section_1_item_1_schoice_2_5014050890">
<p>
 0.60.
</p>
</simpleChoice>
<simpleChoice identifier="uva-rules-for-expected-values-773-en-ans_646809258_section_1_item_1_schoice_3_4686096170">
<p>
 0.75.
</p>
</simpleChoice>
</choiceInteraction>
</itemBody>
<responseProcessing>
<setOutcomeValue identifier="SCORE_RESPONSE_1">
<sum>
<variable identifier="SCORE_RESPONSE_1"/>
<mapResponse identifier="uva-rules-for-expected-values-773-en-ans_646809258_section_1_item_1_schoice_RESPONSE_1_2825212"/>
</sum>
</setOutcomeValue>
<responseCondition>
<responseIf>
<lt>
<variable identifier="SCORE_RESPONSE_1"/>
<variable identifier="MINSCORE_RESPONSE_1"/>
</lt>
<setOutcomeValue identifier="SCORE_RESPONSE_1">
<variable identifier="MINSCORE_RESPONSE_1"/>
</setOutcomeValue>
</responseIf>
</responseCondition>
<responseCondition>
<responseIf>
<isNull>
<variable identifier="uva-rules-for-expected-values-773-en-ans_646809258_section_1_item_1_schoice_RESPONSE_1_2825212"/>
</isNull>
<setOutcomeValue identifier="SCORE_RESPONSE_1">
<sum>
<variable identifier="SCORE_RESPONSE_1"/>
<baseValue baseType="float">0</baseValue>
</sum>
</setOutcomeValue>
</responseIf>
</responseCondition>
<setOutcomeValue identifier="SCORE">
<sum>
<variable identifier="SCORE_RESPONSE_1"/>
</sum>
</setOutcomeValue>
<responseCondition>
<responseIf>
<lt>
<variable identifier="SCORE"/>
<variable identifier="MINSCORE"/>
</lt>
<setOutcomeValue identifier="SCORE">
<variable identifier="MINSCORE"/>
</setOutcomeValue>
</responseIf>
</responseCondition>
<responseCondition>
<responseIf>
<lt>
<variable identifier="SCORE"/>
<baseValue baseType="float">1</baseValue>
</lt>
<setOutcomeValue identifier="FEEDBACKMODAL">
<multiple>
<variable identifier="FEEDBACKMODAL"/>
<baseValue baseType="identifier">Feedback834661323</baseValue>
</multiple>
</setOutcomeValue>
</responseIf>
</responseCondition>
</responseProcessing>
<modalFeedback outcomeIdentifier="FEEDBACK" showHide="show" identifier="incorrect">
<ul>
<li> 0.35. <br /> 0.35.: Correct </li>
<li> 0.60. <br /> 0.60.: Incorrect </li>
<li> 0.75. <br /> 0.75.: Incorrect </li>
</ul>
</modalFeedback>
</assessmentItem>
