<?xml version="1.0" encoding="utf-8" standalone="yes"?>
<assessmentItem identifier="vufsw-mixeddesignanova-0337-en-tv_202307180607_item_1_num" title="vufsw-mixeddesignanova-0337-en-tv_202307180607_item_1_num_vufsw-mixeddesignanova-0337-en" adaptive="false" timeDependent="false" toolName="Testvision Online" toolVersion="39.0.9084" xmlns="http://www.imsglobal.org/xsd/imsqti_v2p1">
<responseDeclaration identifier="RESPONSE" cardinality="multiple" baseType="float">
<correctResponse>
<value>538.906</value>
<value>538.906;538.906</value>
</correctResponse>
</responseDeclaration>
<outcomeDeclaration identifier="SCORE" cardinality="single" baseType="float" normalMaximum="1" normalMinimum="0" />
<outcomeDeclaration identifier="FEEDBACK" cardinality="single" baseType="identifier" />
<itemBody>
<p>We analyse whether the performance of pupils differs between 3 subjects:
literature, essay writing and mathematics (they are in this order in the
data set). In addition, we investigate whether any differences between
the 3 subjects vary between male and female students. Therefore, we use
a Mixed Design ANOVA. The output of this analysis is shown below. Female
is coded as 0: male, 1: female.</p>
<p><img src="Capture.gif" class="fr-fic fr-dii tvcss_2" alt="Capture" /><br />
<img src="Capture1.gif" class="fr-fic fr-dii tvcss_3" alt="Capture1" /><br />
Which Mean Square Model do we use in the F-test that tests whether there
is an interaction between pupils’ performance in the 3 subjects and
gender?<br />
<em>Round to three decimal places.</em></p>
<extendedTextInteraction responseIdentifier="RESPONSE"/>
</itemBody>
<responseProcessing>
<responseCondition>
<responseIf>
<isNull>
<variable identifier="RESPONSE"/>
</isNull>
<setOutcomeValue identifier="SCORE">
<baseValue baseType="float">0.0</baseValue>
</setOutcomeValue>
<setOutcomeValue identifier="FEEDBACK">
<baseValue baseType="identifier">FAILURE</baseValue>
</setOutcomeValue>
</responseIf>
<responseElse>
<responseCondition>
<responseIf>
<match>
<variable identifier="RESPONSE"/>
<correct identifier="RESPONSE"/>
</match>
<setOutcomeValue identifier="SCORE">
<baseValue baseType="float">1</baseValue>
</setOutcomeValue>
</responseIf>
<responseElse>
<setOutcomeValue identifier="SCORE">
<baseValue baseType="float">0</baseValue>
</setOutcomeValue>
</responseElse>
</responseCondition>
<responseCondition>
<responseIf>
<equal toleranceMode="relative" tolerance="0.001">
<variable identifier="SCORE"/>
<variable identifier="MAXSCORE"/>
</equal>
<setOutcomeValue identifier="FEEDBACK">
<baseValue baseType="identifier">ANSWER_CORRECT</baseValue>
</setOutcomeValue>
</responseIf>
<responseElse>
<setOutcomeValue identifier="FEEDBACK">
<baseValue baseType="identifier">FAILURE</baseValue>
</setOutcomeValue>
</responseElse>
</responseCondition>
</responseElse>
</responseCondition>
</responseProcessing>
<modalFeedback identifier="FAILURE" outcomeIdentifier="FEEDBACK" showHide="show">
<div class="textblock tvblock tvcss_1"><div class="rte_zone tveditor1">
<p>Dit is de Mean Square Model van de interactie met Sphericity Assumed (de
Mauchly’s test is niet significant) in de tabel van Within-subject
effects.</p>
</div>
</div>
</modalFeedback>
<modalFeedback identifier="ANSWER_CORRECT" outcomeIdentifier="FEEDBACK" showHide="show">
<div class="textblock tvblock tvcss_1"><div class="rte_zone tveditor1">
<p>Dit is de Mean Square Model van de interactie met Sphericity Assumed (de
Mauchly’s test is niet significant) in de tabel van Within-subject
effects.</p>
</div>
</div>
</modalFeedback>
<modalFeedback identifier="PARTIAL_CORRECT" outcomeIdentifier="FEEDBACK" showHide="show">
<div class="textblock tvblock tvcss_1"><div class="rte_zone tveditor1">
<p>Dit is de Mean Square Model van de interactie met Sphericity Assumed (de
Mauchly’s test is niet significant) in de tabel van Within-subject
effects.</p>
</div>
</div>
</modalFeedback>
</assessmentItem>
