<?xml version="1.0" encoding="UTF-8"?>
<!DOCTYPE questestinterop SYSTEM "ims_qtiasiv1p2p1.dtd">

<questestinterop xmlns="http://www.imsglobal.org/xsd/ims_qtiasiv1p2" xmlns:xsi="http://www.w3.org/2001/XMLSchema-instance" xsi:schemaLocation="http://www.imsglobal.org/xsd/ims_qtiasiv1p2 http://www.imsglobal.org/xsd/ims_qtiasiv1p2p1.xsd">
<assessment ident="vufsw-ancova-0273-nl-canvas_156283813" title="vufsw-ancova-0273-nl-canvas">

<qtimetadata>
<qtimetadatafield>
<fieldlabel>cc_maxattempts</fieldlabel>
<fieldentry>1</fieldentry>
</qtimetadatafield>
<qtimetadatafield>
<fieldlabel>qmd_assessmenttype</fieldlabel>
<fieldentry>Assessment</fieldentry>
</qtimetadatafield>
</qtimetadata>
<objectives>
<material>
<mattext><![CDATA[Please solve the following exercises.]]></mattext>
</material>
</objectives>
<assessmentcontrol feedbackswitch="No" hintswitch="No" solutionswitch="Yes"/>
<outcomes_processing scoremodel="SumOfScores">
<outcomes>
<decvar varname="SCORE" vartype="Decimal" cutvalue="0"/>
</outcomes>
</outcomes_processing>
<assessfeedback title="AssessmentFeedback" ident="AssessmentFeedback">
<flow_mat>
<material>
<mattext>##AssessmentFeedback##</mattext>
</material>
</flow_mat>
</assessfeedback>

<section ident="vufsw-ancova-0273-nl-canvas_156283813_section_1" title="Exercise">

<objectives>
<material>
<mattext><![CDATA[Please answer the following question.]]></mattext>
</material>
</objectives>
<selection_ordering>
<selection>
<selection_number>1</selection_number>
<selection_extension>
<points_per_item>1</points_per_item>
</selection_extension>
</selection>
<order order_type="Random"/>
</selection_ordering>

<item ident="vufsw-ancova-0273-nl-canvas_156283813_section_1_item_1_schoice" title="Question" maxattempts="1">
<itemcontrol feedbackswitch="No" hintswitch="No" solutionswitch="Yes"/>
<itemmetadata>
<qtimetadata>
<qtimetadatafield>
<fieldlabel>question_type</fieldlabel>
<fieldentry>multiple_choice_question</fieldentry>
</qtimetadatafield>
</qtimetadata>
</itemmetadata>
<presentation>
<flow>
<material>
<matbreak/>
<mattext texttype="text/html" charset="utf-8"><![CDATA[
<p>Welk analyse model wordt toegepast bij een between-groups design met één
categorische en één continue onafhankelijke variabele en één
afhankelijke variabele?<br />
De afhankelijke variabele is hierbij een continue variabele.</p>
]]></mattext>
<matbreak/>
</material>
<response_lid ident="vufsw-ancova-0273-nl-canvas_156283813_section_1_item_1_schoice_RESPONSE_1138019" rcardinality="Single" rtiming="No">
<render_choice shuffle="No">
<flow_label class="List">
<response_label ident="vufsw-ancova-0273-nl-canvas_156283813_section_1_item_1_schoice_6737405490" rshuffle="No">
<material>
<mattext texttype="text/html" charset="utf-8"><![CDATA[
 One-way ANOVA
]]></mattext>
</material>
</response_label>
</flow_label>
<flow_label class="List">
<response_label ident="vufsw-ancova-0273-nl-canvas_156283813_section_1_item_1_schoice_6451233481" rshuffle="No">
<material>
<mattext texttype="text/html" charset="utf-8"><![CDATA[
 MANOVA
]]></mattext>
</material>
</response_label>
</flow_label>
<flow_label class="List">
<response_label ident="vufsw-ancova-0273-nl-canvas_156283813_section_1_item_1_schoice_3277888111" rshuffle="No">
<material>
<mattext texttype="text/html" charset="utf-8"><![CDATA[
 ANCOVA
]]></mattext>
</material>
</response_label>
</flow_label>
<flow_label class="List">
<response_label ident="vufsw-ancova-0273-nl-canvas_156283813_section_1_item_1_schoice_3699528575" rshuffle="No">
<material>
<mattext texttype="text/html" charset="utf-8"><![CDATA[
 Two-way ANOVA
]]></mattext>
</material>
</response_label>
</flow_label>
</render_choice>
</response_lid>
</flow>
</presentation>
<resprocessing>
<outcomes>
<decvar varname="SCORE" vartype="Decimal" defaultval="0" minvalue="0" maxvalue="1" cutvalue="1"/>
</outcomes>
<respcondition title="Mastery" continue="No">
<conditionvar>
<and>
<varequal respident="vufsw-ancova-0273-nl-canvas_156283813_section_1_item_1_schoice_RESPONSE_1138019" case="Yes">vufsw-ancova-0273-nl-canvas_156283813_section_1_item_1_schoice_3277888111</varequal>
<not> <varequal respident="vufsw-ancova-0273-nl-canvas_156283813_section_1_item_1_schoice_RESPONSE_1138019" case="Yes">vufsw-ancova-0273-nl-canvas_156283813_section_1_item_1_schoice_6737405490</varequal> </not>
<not> <varequal respident="vufsw-ancova-0273-nl-canvas_156283813_section_1_item_1_schoice_RESPONSE_1138019" case="Yes">vufsw-ancova-0273-nl-canvas_156283813_section_1_item_1_schoice_6451233481</varequal> </not>
<not> <varequal respident="vufsw-ancova-0273-nl-canvas_156283813_section_1_item_1_schoice_RESPONSE_1138019" case="Yes">vufsw-ancova-0273-nl-canvas_156283813_section_1_item_1_schoice_3699528575</varequal> </not>
</and>
</conditionvar>
<setvar varname="SCORE" action="Set">1</setvar>
<displayfeedback feedbacktype="Response" linkrefid="correct_fb"/>
</respcondition>
<respcondition continue="Yes">
<conditionvar>
<other/>
</conditionvar>
<displayfeedback feedbacktype="Response" linkrefid="general_incorrect_fb"/>
</respcondition>
</resprocessing>
<itemfeedback ident="correct_fb" view="All">
<flow_mat>
<material>
<mattext texttype="text/html"><![CDATA[
<p>Een one-way ANOVA is een design met één categorische onafhankelijke
variabele en één afhankelijke variabele.<br />
Een two-way ANOVA is een design met twee categorische onafhankelijke
variabelen en één afhankelijke variabele.<br />
Een ANCOVA is een design met één categorische onafhankelijke variabele
één continue afhankelijke variabele (covariaat) en één afhankelijke
variabele.  <br />
Een MANOVA is een design met één categorische onafhankelijke variabele
en meerdere afhankelijke variabelen.</p>
<br />
<ul>
<li> One-way ANOVA <br /> False </li>
<li> MANOVA <br /> False </li>
<li> ANCOVA <br /> True </li>
<li> Two-way ANOVA <br /> False </li>
</ul>
]]></mattext>
</material>
</flow_mat>
</itemfeedback>
<itemfeedback ident="general_incorrect_fb" view="All">
<flow_mat>
<material>
<mattext texttype="text/html"><![CDATA[
<p>Een one-way ANOVA is een design met één categorische onafhankelijke
variabele en één afhankelijke variabele.<br />
Een two-way ANOVA is een design met twee categorische onafhankelijke
variabelen en één afhankelijke variabele.<br />
Een ANCOVA is een design met één categorische onafhankelijke variabele
één continue afhankelijke variabele (covariaat) en één afhankelijke
variabele.  <br />
Een MANOVA is een design met één categorische onafhankelijke variabele
en meerdere afhankelijke variabelen.</p>
<br />
<ul>
<li> One-way ANOVA <br /> False </li>
<li> MANOVA <br /> False </li>
<li> ANCOVA <br /> True </li>
<li> Two-way ANOVA <br /> False </li>
</ul>
]]></mattext>
</material>
</flow_mat>
</itemfeedback>
</item>


</section>

</assessment>
</questestinterop>
