<?xml version="1.0" encoding="UTF-8"?>
<assessmentItem xsi:schemaLocation="http://www.imsglobal.org/xsd/imsqti_v2p1 http://www.imsglobal.org/xsd/qti/qtiv2p1/imsqti_v2p1p1.xsd http://www.w3.org/1998/Math/MathML http://www.w3.org/Math/XMLSchema/mathml2/mathml2.xsd" identifier="uva-histogram-1244-en-ans_113495970_section_1_item_1_schoice" title="Descriptive-statistics_uva-histogram-1244-en_uva-histogram-1244-en_schoice_1" adaptive="false" timeDependent="false" xmlns="http://www.imsglobal.org/xsd/imsqti_v2p1" xmlns:xsi="http://www.w3.org/2001/XMLSchema-instance">
<responseDeclaration identifier="uva-histogram-1244-en-ans_113495970_section_1_item_1_schoice_RESPONSE_1_8044560" cardinality="single" baseType="identifier">
<correctResponse>
<value>uva-histogram-1244-en-ans_113495970_section_1_item_1_schoice_3_5556618804</value>
</correctResponse>
<mapping defaultValue="0" lowerBound="0.0">
<mapEntry mapKey="uva-histogram-1244-en-ans_113495970_section_1_item_1_schoice_1_5901057354" mappedValue="0"/>
<mapEntry mapKey="uva-histogram-1244-en-ans_113495970_section_1_item_1_schoice_2_1682595053" mappedValue="0"/>
<mapEntry mapKey="uva-histogram-1244-en-ans_113495970_section_1_item_1_schoice_3_5556618804" mappedValue="1"/>
<mapEntry mapKey="uva-histogram-1244-en-ans_113495970_section_1_item_1_schoice_4_9854439643" mappedValue="0"/>
</mapping>
</responseDeclaration>
<outcomeDeclaration identifier="SCORE" cardinality="single" baseType="float" normalMaximum="1" normalMinimum="0">
<defaultValue>
<value>0.0</value>
</defaultValue>
</outcomeDeclaration>
<outcomeDeclaration identifier="MAXSCORE" cardinality="single" baseType="float">
<defaultValue>
<value>1</value>
</defaultValue>
</outcomeDeclaration>
<outcomeDeclaration identifier="FEEDBACKBASIC" cardinality="single" baseType="identifier" view="testConstructor">
<defaultValue>
<value>empty</value>
</defaultValue>
</outcomeDeclaration>
<outcomeDeclaration identifier="FEEDBACKMODAL" cardinality="multiple" baseType="identifier" view="testConstructor"/>
<outcomeDeclaration identifier="SOLUTIONMODAL" cardinality="single" baseType="identifier" view="testConstructor"/>
<outcomeDeclaration identifier="MINSCORE" cardinality="single" baseType="float">
<defaultValue>
<value baseType="float">0</value>
</defaultValue>
</outcomeDeclaration>
<outcomeDeclaration identifier="SCORE_RESPONSE_1" cardinality="single" baseType="float">
<defaultValue>
<value>0.0</value>
</defaultValue>
</outcomeDeclaration>
<outcomeDeclaration identifier="MINSCORE_RESPONSE_1" cardinality="single" baseType="float">
<defaultValue>
<value>0.0</value>
</defaultValue>
</outcomeDeclaration>
<itemBody>
<p>Below are histograms of four samples A through D. From which sample is the median smallest?</p>
<p><img src="media/supplements1/uva-histogram-1244-en-graph01.png" /></p>
<choiceInteraction responseIdentifier="uva-histogram-1244-en-ans_113495970_section_1_item_1_schoice_RESPONSE_1_8044560" shuffle="false" maxChoices="1">
<simpleChoice identifier="uva-histogram-1244-en-ans_113495970_section_1_item_1_schoice_1_5901057354">
<p>
 A
</p>
</simpleChoice>
<simpleChoice identifier="uva-histogram-1244-en-ans_113495970_section_1_item_1_schoice_2_1682595053">
<p>
 B
</p>
</simpleChoice>
<simpleChoice identifier="uva-histogram-1244-en-ans_113495970_section_1_item_1_schoice_3_5556618804">
<p>
 C
</p>
</simpleChoice>
<simpleChoice identifier="uva-histogram-1244-en-ans_113495970_section_1_item_1_schoice_4_9854439643">
<p>
 D
</p>
</simpleChoice>
</choiceInteraction>
</itemBody>
<responseProcessing>
<setOutcomeValue identifier="SCORE_RESPONSE_1">
<sum>
<variable identifier="SCORE_RESPONSE_1"/>
<mapResponse identifier="uva-histogram-1244-en-ans_113495970_section_1_item_1_schoice_RESPONSE_1_8044560"/>
</sum>
</setOutcomeValue>
<responseCondition>
<responseIf>
<lt>
<variable identifier="SCORE_RESPONSE_1"/>
<variable identifier="MINSCORE_RESPONSE_1"/>
</lt>
<setOutcomeValue identifier="SCORE_RESPONSE_1">
<variable identifier="MINSCORE_RESPONSE_1"/>
</setOutcomeValue>
</responseIf>
</responseCondition>
<responseCondition>
<responseIf>
<isNull>
<variable identifier="uva-histogram-1244-en-ans_113495970_section_1_item_1_schoice_RESPONSE_1_8044560"/>
</isNull>
<setOutcomeValue identifier="SCORE_RESPONSE_1">
<sum>
<variable identifier="SCORE_RESPONSE_1"/>
<baseValue baseType="float">0</baseValue>
</sum>
</setOutcomeValue>
</responseIf>
</responseCondition>
<setOutcomeValue identifier="SCORE">
<sum>
<variable identifier="SCORE_RESPONSE_1"/>
</sum>
</setOutcomeValue>
<responseCondition>
<responseIf>
<lt>
<variable identifier="SCORE"/>
<variable identifier="MINSCORE"/>
</lt>
<setOutcomeValue identifier="SCORE">
<variable identifier="MINSCORE"/>
</setOutcomeValue>
</responseIf>
</responseCondition>
<responseCondition>
<responseIf>
<lt>
<variable identifier="SCORE"/>
<baseValue baseType="float">1</baseValue>
</lt>
<setOutcomeValue identifier="FEEDBACKMODAL">
<multiple>
<variable identifier="FEEDBACKMODAL"/>
<baseValue baseType="identifier">Feedback676750141</baseValue>
</multiple>
</setOutcomeValue>
</responseIf>
</responseCondition>
</responseProcessing>
<modalFeedback outcomeIdentifier="FEEDBACK" showHide="show" identifier="incorrect">
<ul>
<li> A <br /> A: Incorrect </li>
<li> B <br /> B: Incorrect </li>
<li> C <br /> C: Correct </li>
<li> D <br /> D: Incorrect </li>
</ul>
</modalFeedback>
</assessmentItem>
