<?xml version="1.0" encoding="UTF-8"?>
<!DOCTYPE questestinterop SYSTEM "ims_qtiasiv1p2p1.dtd">

<questestinterop xmlns="http://www.imsglobal.org/xsd/ims_qtiasiv1p2" xmlns:xsi="http://www.w3.org/2001/XMLSchema-instance" xsi:schemaLocation="http://www.imsglobal.org/xsd/ims_qtiasiv1p2 http://www.imsglobal.org/xsd/ims_qtiasiv1p2p1.xsd">
<assessment ident="vufsw-moderation-0115-nl-canvas_225308716" title="vufsw-moderation-0115-nl-canvas">

<qtimetadata>
<qtimetadatafield>
<fieldlabel>cc_maxattempts</fieldlabel>
<fieldentry>1</fieldentry>
</qtimetadatafield>
<qtimetadatafield>
<fieldlabel>qmd_assessmenttype</fieldlabel>
<fieldentry>Assessment</fieldentry>
</qtimetadatafield>
</qtimetadata>
<objectives>
<material>
<mattext><![CDATA[Please solve the following exercises.]]></mattext>
</material>
</objectives>
<assessmentcontrol feedbackswitch="No" hintswitch="No" solutionswitch="Yes"/>
<outcomes_processing scoremodel="SumOfScores">
<outcomes>
<decvar varname="SCORE" vartype="Decimal" cutvalue="0"/>
</outcomes>
</outcomes_processing>
<assessfeedback title="AssessmentFeedback" ident="AssessmentFeedback">
<flow_mat>
<material>
<mattext>##AssessmentFeedback##</mattext>
</material>
</flow_mat>
</assessfeedback>

<section ident="vufsw-moderation-0115-nl-canvas_225308716_section_1" title="Exercise">

<objectives>
<material>
<mattext><![CDATA[Please answer the following question.]]></mattext>
</material>
</objectives>
<selection_ordering>
<selection>
<selection_number>1</selection_number>
<selection_extension>
<points_per_item>1</points_per_item>
</selection_extension>
</selection>
<order order_type="Random"/>
</selection_ordering>

<item ident="vufsw-moderation-0115-nl-canvas_225308716_section_1_item_1_schoice" title="Question" maxattempts="1">
<itemcontrol feedbackswitch="No" hintswitch="No" solutionswitch="Yes"/>
<itemmetadata>
<qtimetadata>
<qtimetadatafield>
<fieldlabel>question_type</fieldlabel>
<fieldentry>multiple_choice_question</fieldentry>
</qtimetadatafield>
</qtimetadata>
</itemmetadata>
<presentation>
<flow>
<material>
<matbreak/>
<mattext texttype="text/html" charset="utf-8"><![CDATA[
<p>Hieronder staat de resultaten van een stapsgewijze regressie-analyse. De
afhankelijke variabele “<strong>Rapportcijfer_politie</strong>” is iemands
vertrouwen in de politie gemeten op een schaal die loopt van 1 (heel
weinig vertrouwen) t/m 10 (heel veel vertrouwen).
“<strong>Migratieachtergrond</strong> (1 = ja, 0 = nee) is een dummy variabele die
aangeeft op iemand een migratieachtergrond heeft.”<strong>Politie_naar_respondent</strong>”<strong> </strong>is een dummy variabele die aangeeft
of iemand het afgelopen jaar contact had met de politie omdat de politie
naar hem/haar toekwam (score = 1) of iemand daarentegen geen contact had
of iemand zelf naar de politie toeging (score = 0). Tot slot is
“<strong>Politie_naar_respondent_Migratieachtergrond</strong>”<strong> </strong>een
multiplicatieve interactie-term van de variabelen Migratieachtergrond en
Politie_naar_respondent.</p>
<p>Bestudeer het regressiemodel met de interactie-term (Model 2).</p>
<p>Stel, we vergelijken twee personen <strong>zonder</strong> een migratieachtergrond
met elkaar, Donny en Klaas Jan. Donny heeft afgelopen jaar contact gehad
met de politie omdat de politie naar hem toe kwam; Klaas Jan had het
afgelopen jaar <em>geen</em> contact met de politie. Hoeveel lager is het
geschatte vertrouwen in de politie van Donny in vergelijking met Klaas
Jan?</p>
<p>En stel dat we nu twee personen <strong>met</strong> een migratieachtergrond met
elkaar vergelijken, Dušan en Hakim. Dušan heeft afgelopen jaar contact
gehad met de politie omdat de politie naar hem toe kwam; Hakim had het
afgelopen jaar <em>geen</em> contact met de politie. Hoeveel lager is het
geschatte vertrouwen in de politie van Dušan in vergelijking met
Hakim?</p>
<p><img src="data/supplements_1_1/Screen__Shot__2020-04-30__at__22.56.25.png" /></p>
]]></mattext>
<matbreak/>
</material>
<response_lid ident="vufsw-moderation-0115-nl-canvas_225308716_section_1_item_1_schoice_RESPONSE_1031033" rcardinality="Single" rtiming="No">
<render_choice shuffle="No">
<flow_label class="List">
<response_label ident="vufsw-moderation-0115-nl-canvas_225308716_section_1_item_1_schoice_4779802237" rshuffle="No">
<material>
<mattext texttype="text/html" charset="utf-8"><![CDATA[
 Donny heeft <strong>1,144</strong> (0,606 + 0,538) <em>minder</em> vertrouwen in de politie dan Klaas Jan. En Dušan heeft <strong>0,606</strong><em>minder</em> vertrouwen in de politie dan Hakim.
]]></mattext>
</material>
</response_label>
</flow_label>
<flow_label class="List">
<response_label ident="vufsw-moderation-0115-nl-canvas_225308716_section_1_item_1_schoice_2025212931" rshuffle="No">
<material>
<mattext texttype="text/html" charset="utf-8"><![CDATA[
 Donny heeft <strong>0,538</strong><em>minder</em> vertrouwen in de politie dan Klaas Jan. En Dušan heeft <strong>1,144</strong> (0,538 + 0,606) <em>minder</em> vertrouwen in de politie dan Hakim.
]]></mattext>
</material>
</response_label>
</flow_label>
<flow_label class="List">
<response_label ident="vufsw-moderation-0115-nl-canvas_225308716_section_1_item_1_schoice_4513585873" rshuffle="No">
<material>
<mattext texttype="text/html" charset="utf-8"><![CDATA[
 Donny heeft <strong>0,068</strong> (0,606 – 0,538) <em>minder</em> vertrouwen in de politie dan Klaas Jan. En Dušan heeft <strong>0,606</strong><em>minder</em> vertrouwen in de politie dan Hakim.
]]></mattext>
</material>
</response_label>
</flow_label>
<flow_label class="List">
<response_label ident="vufsw-moderation-0115-nl-canvas_225308716_section_1_item_1_schoice_1185518357" rshuffle="No">
<material>
<mattext texttype="text/html" charset="utf-8"><![CDATA[
 Donny heeft <strong>0,606</strong><em>minder</em> vertrouwen in de politie dan Klaas Jan. En Dušan heeft <strong>1,144</strong> (0,538 + 0,606) <em>minder</em> vertrouwen in de politie dan Hakim.
]]></mattext>
</material>
</response_label>
</flow_label>
</render_choice>
</response_lid>
</flow>
</presentation>
<resprocessing>
<outcomes>
<decvar varname="SCORE" vartype="Decimal" defaultval="0" minvalue="0" maxvalue="1" cutvalue="1"/>
</outcomes>
<respcondition title="Mastery" continue="No">
<conditionvar>
<and>
<varequal respident="vufsw-moderation-0115-nl-canvas_225308716_section_1_item_1_schoice_RESPONSE_1031033" case="Yes">vufsw-moderation-0115-nl-canvas_225308716_section_1_item_1_schoice_2025212931</varequal>
<not> <varequal respident="vufsw-moderation-0115-nl-canvas_225308716_section_1_item_1_schoice_RESPONSE_1031033" case="Yes">vufsw-moderation-0115-nl-canvas_225308716_section_1_item_1_schoice_4779802237</varequal> </not>
<not> <varequal respident="vufsw-moderation-0115-nl-canvas_225308716_section_1_item_1_schoice_RESPONSE_1031033" case="Yes">vufsw-moderation-0115-nl-canvas_225308716_section_1_item_1_schoice_4513585873</varequal> </not>
<not> <varequal respident="vufsw-moderation-0115-nl-canvas_225308716_section_1_item_1_schoice_RESPONSE_1031033" case="Yes">vufsw-moderation-0115-nl-canvas_225308716_section_1_item_1_schoice_1185518357</varequal> </not>
</and>
</conditionvar>
<setvar varname="SCORE" action="Set">1</setvar>
<displayfeedback feedbacktype="Response" linkrefid="correct_fb"/>
</respcondition>
<respcondition continue="Yes">
<conditionvar>
<other/>
</conditionvar>
<displayfeedback feedbacktype="Response" linkrefid="general_incorrect_fb"/>
</respcondition>
</resprocessing>
<itemfeedback ident="correct_fb" view="All">
<flow_mat>
<material>
<mattext texttype="text/html"><![CDATA[
<p>Language<br />
Nederlands</p>
<p>Levels of Difficulty<br />
Easy</p>
<p>M&amp;T Basics of quantitative research<br />
Basics of quantitative research</p>
<p>M&amp;T BIS<br />
Default value</p>
<br />
<ul>
<li> Donny heeft <strong>1,144</strong> (0,606 + 0,538) <em>minder</em> vertrouwen in de politie dan Klaas Jan. En Dušan heeft <strong>0,606</strong><em>minder</em> vertrouwen in de politie dan Hakim. <br /> False </li>
<li> Donny heeft <strong>0,538</strong><em>minder</em> vertrouwen in de politie dan Klaas Jan. En Dušan heeft <strong>1,144</strong> (0,538 + 0,606) <em>minder</em> vertrouwen in de politie dan Hakim. <br /> True </li>
<li> Donny heeft <strong>0,068</strong> (0,606 – 0,538) <em>minder</em> vertrouwen in de politie dan Klaas Jan. En Dušan heeft <strong>0,606</strong><em>minder</em> vertrouwen in de politie dan Hakim. <br /> False </li>
<li> Donny heeft <strong>0,606</strong><em>minder</em> vertrouwen in de politie dan Klaas Jan. En Dušan heeft <strong>1,144</strong> (0,538 + 0,606) <em>minder</em> vertrouwen in de politie dan Hakim. <br /> False </li>
</ul>
]]></mattext>
</material>
</flow_mat>
</itemfeedback>
<itemfeedback ident="general_incorrect_fb" view="All">
<flow_mat>
<material>
<mattext texttype="text/html"><![CDATA[
<p>Language<br />
Nederlands</p>
<p>Levels of Difficulty<br />
Easy</p>
<p>M&amp;T Basics of quantitative research<br />
Basics of quantitative research</p>
<p>M&amp;T BIS<br />
Default value</p>
<br />
<ul>
<li> Donny heeft <strong>1,144</strong> (0,606 + 0,538) <em>minder</em> vertrouwen in de politie dan Klaas Jan. En Dušan heeft <strong>0,606</strong><em>minder</em> vertrouwen in de politie dan Hakim. <br /> False </li>
<li> Donny heeft <strong>0,538</strong><em>minder</em> vertrouwen in de politie dan Klaas Jan. En Dušan heeft <strong>1,144</strong> (0,538 + 0,606) <em>minder</em> vertrouwen in de politie dan Hakim. <br /> True </li>
<li> Donny heeft <strong>0,068</strong> (0,606 – 0,538) <em>minder</em> vertrouwen in de politie dan Klaas Jan. En Dušan heeft <strong>0,606</strong><em>minder</em> vertrouwen in de politie dan Hakim. <br /> False </li>
<li> Donny heeft <strong>0,606</strong><em>minder</em> vertrouwen in de politie dan Klaas Jan. En Dušan heeft <strong>1,144</strong> (0,538 + 0,606) <em>minder</em> vertrouwen in de politie dan Hakim. <br /> False </li>
</ul>
]]></mattext>
</material>
</flow_mat>
</itemfeedback>
</item>


</section>

</assessment>
</questestinterop>
