<?xml version="1.0" encoding="UTF-8"?>
<!DOCTYPE questestinterop SYSTEM "ims_qtiasiv1p2p1.dtd">

<questestinterop xmlns="http://www.imsglobal.org/xsd/ims_qtiasiv1p2" xmlns:xsi="http://www.w3.org/2001/XMLSchema-instance" xsi:schemaLocation="http://www.imsglobal.org/xsd/ims_qtiasiv1p2 http://www.imsglobal.org/xsd/ims_qtiasiv1p2p1.xsd">
<assessment ident="vufgb-equation-026-nl-canvas_422961659" title="vufgb-equation-026-nl-canvas">

<qtimetadata>
<qtimetadatafield>
<fieldlabel>cc_maxattempts</fieldlabel>
<fieldentry>1</fieldentry>
</qtimetadatafield>
<qtimetadatafield>
<fieldlabel>qmd_assessmenttype</fieldlabel>
<fieldentry>Assessment</fieldentry>
</qtimetadatafield>
</qtimetadata>
<objectives>
<material>
<mattext><![CDATA[Please solve the following exercises.]]></mattext>
</material>
</objectives>
<assessmentcontrol feedbackswitch="No" hintswitch="No" solutionswitch="Yes"/>
<outcomes_processing scoremodel="SumOfScores">
<outcomes>
<decvar varname="SCORE" vartype="Decimal" cutvalue="0"/>
</outcomes>
</outcomes_processing>
<assessfeedback title="AssessmentFeedback" ident="AssessmentFeedback">
<flow_mat>
<material>
<mattext>##AssessmentFeedback##</mattext>
</material>
</flow_mat>
</assessfeedback>

<section ident="vufgb-equation-026-nl-canvas_422961659_section_1" title="Exercise">

<objectives>
<material>
<mattext><![CDATA[Please answer the following question.]]></mattext>
</material>
</objectives>
<selection_ordering>
<selection>
<selection_number>1</selection_number>
<selection_extension>
<points_per_item>1</points_per_item>
</selection_extension>
</selection>
<order order_type="Random"/>
</selection_ordering>

<item ident="vufgb-equation-026-nl-canvas_422961659_section_1_item_1_schoice" title="Question" maxattempts="1">
<itemcontrol feedbackswitch="No" hintswitch="No" solutionswitch="Yes"/>
<itemmetadata>
<qtimetadata>
<qtimetadatafield>
<fieldlabel>question_type</fieldlabel>
<fieldentry>multiple_choice_question</fieldentry>
</qtimetadatafield>
</qtimetadata>
</itemmetadata>
<presentation>
<flow>
<material>
<matbreak/>
<mattext texttype="text/html" charset="utf-8"><![CDATA[
<p>Een onderzoekster past een lineair regressie model waarin een kwadratisch effect wordt opgenomen, en vindt <span class="math inline">\(\hat{y} = 8.67+3.44x-2.93x^{2}\)</span>.</p>
<p>Bij welke x-waarde ligt het maximum?</p>
]]></mattext>
<matbreak/>
</material>
<response_lid ident="vufgb-equation-026-nl-canvas_422961659_section_1_item_1_schoice_RESPONSE_6087022" rcardinality="Single" rtiming="No">
<render_choice shuffle="No">
<flow_label class="List">
<response_label ident="vufgb-equation-026-nl-canvas_422961659_section_1_item_1_schoice_3293635328" rshuffle="No">
<material>
<mattext texttype="text/html" charset="utf-8"><![CDATA[
 <span class="math inline">\(x = 0.59\)</span>
]]></mattext>
</material>
</response_label>
</flow_label>
<flow_label class="List">
<response_label ident="vufgb-equation-026-nl-canvas_422961659_section_1_item_1_schoice_9611226098" rshuffle="No">
<material>
<mattext texttype="text/html" charset="utf-8"><![CDATA[
 <span class="math inline">\(x = -0.59\)</span>
]]></mattext>
</material>
</response_label>
</flow_label>
<flow_label class="List">
<response_label ident="vufgb-equation-026-nl-canvas_422961659_section_1_item_1_schoice_3577363836" rshuffle="No">
<material>
<mattext texttype="text/html" charset="utf-8"><![CDATA[
 <span class="math inline">\(x = 1.17\)</span>
]]></mattext>
</material>
</response_label>
</flow_label>
<flow_label class="List">
<response_label ident="vufgb-equation-026-nl-canvas_422961659_section_1_item_1_schoice_6816584811" rshuffle="No">
<material>
<mattext texttype="text/html" charset="utf-8"><![CDATA[
 <span class="math inline">\(x = -1.17\)</span>
]]></mattext>
</material>
</response_label>
</flow_label>
</render_choice>
</response_lid>
</flow>
</presentation>
<resprocessing>
<outcomes>
<decvar varname="SCORE" vartype="Decimal" defaultval="0" minvalue="0" maxvalue="1" cutvalue="1"/>
</outcomes>
<respcondition title="Mastery" continue="No">
<conditionvar>
<and>
<varequal respident="vufgb-equation-026-nl-canvas_422961659_section_1_item_1_schoice_RESPONSE_6087022" case="Yes">vufgb-equation-026-nl-canvas_422961659_section_1_item_1_schoice_3293635328</varequal>
<not> <varequal respident="vufgb-equation-026-nl-canvas_422961659_section_1_item_1_schoice_RESPONSE_6087022" case="Yes">vufgb-equation-026-nl-canvas_422961659_section_1_item_1_schoice_9611226098</varequal> </not>
<not> <varequal respident="vufgb-equation-026-nl-canvas_422961659_section_1_item_1_schoice_RESPONSE_6087022" case="Yes">vufgb-equation-026-nl-canvas_422961659_section_1_item_1_schoice_3577363836</varequal> </not>
<not> <varequal respident="vufgb-equation-026-nl-canvas_422961659_section_1_item_1_schoice_RESPONSE_6087022" case="Yes">vufgb-equation-026-nl-canvas_422961659_section_1_item_1_schoice_6816584811</varequal> </not>
</and>
</conditionvar>
<setvar varname="SCORE" action="Set">1</setvar>
<displayfeedback feedbacktype="Response" linkrefid="correct_fb"/>
</respcondition>
<respcondition continue="Yes">
<conditionvar>
<other/>
</conditionvar>
<displayfeedback feedbacktype="Response" linkrefid="general_incorrect_fb"/>
</respcondition>
</resprocessing>
<itemfeedback ident="correct_fb" view="All">
<flow_mat>
<material>
<mattext texttype="text/html"><![CDATA[
<p>Gebruik formule <span class="math inline">\(x = \frac{-b_{1}}{2b_{2}} = \frac{-3.44}{2 \times -2.93} = 0.59\)</span>.</p>
<br />
<ul>
<li> <span class="math inline">\(x = 0.59\)</span> <br /> Correct </li>
<li> <span class="math inline">\(x = -0.59\)</span> <br /> Incorrect </li>
<li> <span class="math inline">\(x = 1.17\)</span> <br /> Incorrect </li>
<li> <span class="math inline">\(x = -1.17\)</span> <br /> Incorrect </li>
</ul>
]]></mattext>
</material>
</flow_mat>
</itemfeedback>
<itemfeedback ident="general_incorrect_fb" view="All">
<flow_mat>
<material>
<mattext texttype="text/html"><![CDATA[
<p>Gebruik formule <span class="math inline">\(x = \frac{-b_{1}}{2b_{2}} = \frac{-3.44}{2 \times -2.93} = 0.59\)</span>.</p>
<br />
<ul>
<li> <span class="math inline">\(x = 0.59\)</span> <br /> Correct </li>
<li> <span class="math inline">\(x = -0.59\)</span> <br /> Incorrect </li>
<li> <span class="math inline">\(x = 1.17\)</span> <br /> Incorrect </li>
<li> <span class="math inline">\(x = -1.17\)</span> <br /> Incorrect </li>
</ul>
]]></mattext>
</material>
</flow_mat>
</itemfeedback>
</item>


</section>

</assessment>
</questestinterop>
