<?xml version="1.0" encoding="utf-8" standalone="yes"?>
<assessmentItem identifier="uu-F-statistic-807-nl-tv_202601131822_item_1_schoice" title="uu-F-statistic-807-nl-tv_202601131822_item_1_schoice_uu-F-statistic-807-nl.Rmd" adaptive="false" timeDependent="false" toolName="Testvision Online" toolVersion="39.0.9084" xmlns="http://www.imsglobal.org/xsd/imsqti_v2p1">
<responseDeclaration identifier="RESPONSE" cardinality="single" baseType="identifier">
<correctResponse>
<value>alt_920304</value>
</correctResponse>
<mapping defaultValue="0" lowerBound="0.0">
<mapEntry mapKey="alt_791065" mappedValue="-0.333333333333333"/>
<mapEntry mapKey="alt_767335" mappedValue="-0.333333333333333"/>
<mapEntry mapKey="alt_920304" mappedValue="1"/>
<mapEntry mapKey="alt_749564" mappedValue="-0.333333333333333"/>
</mapping>
</responseDeclaration>
<outcomeDeclaration identifier="SCORE" cardinality="single" baseType="float" normalMaximum="1" normalMinimum="0" />
<outcomeDeclaration identifier="FEEDBACK" cardinality="single" baseType="identifier" />
<stylesheet href="css/uu-F-statistic-807-nl-tv_202601131822_item_1_schoice.css" type="text/css" />
<itemBody>
<p>Een steekproef van 235 studenten in de Faculteit Sociale Wetenschappen aan de Universiteit Utrecht krijgt een vragenlijst in te vullen over gevoelens. Een van de vragen luidt: “Wat vind je over je eigen lengte?” De antwoordcategorieën waren: te kort, ongeveer juist, te lang. Een totaalscore is berekend voor alle studenten, deze meet de zelfwaarde van de studenten. De resultaten van de zelfwaardescores worden vergeleken tussen de drie lengte-gevoelensgroepen en tussen jongens en meisjes. De F-ratio voor het interactie-effect tussen lengte-gevoelens en sekse is 4.98 met een p-waarde van 0.008.</p>
<p>Hoeveel vrijheidsgraden horen er bij de F-ratio die het interactie-effect meet?</p>
<choiceInteraction responseIdentifier="RESPONSE" shuffle="false" maxChoices="1">
<simpleChoice identifier="alt_791065">
<div class="textblock tvblock tvcss_1"><div class="rte_zone tveditor1">
 6 en 235
</div>
</div>
</simpleChoice>
<simpleChoice identifier="alt_767335">
<div class="textblock tvblock tvcss_1"><div class="rte_zone tveditor1">
 5 en 234
</div>
</div>
</simpleChoice>
<simpleChoice identifier="alt_920304">
<div class="textblock tvblock tvcss_1"><div class="rte_zone tveditor1">
 2 en 229
</div>
</div>
</simpleChoice>
<simpleChoice identifier="alt_749564">
<div class="textblock tvblock tvcss_1"><div class="rte_zone tveditor1">
 2 en 234
</div>
</div>
</simpleChoice>
</choiceInteraction>
</itemBody>
<responseProcessing>
<responseCondition>
<responseIf>
<isNull>
<variable identifier="RESPONSE"/>
</isNull>
<setOutcomeValue identifier="SCORE">
<baseValue baseType="float">0.0</baseValue>
</setOutcomeValue>
<setOutcomeValue identifier="FEEDBACK">
<baseValue baseType="identifier">FAILURE</baseValue>
</setOutcomeValue>
</responseIf>
<responseElse>
<setOutcomeValue identifier="SCORE">
<mapResponse identifier="RESPONSE"/>
</setOutcomeValue>
<responseCondition>
<responseIf>
<equal toleranceMode="relative" tolerance="0.001">
<variable identifier="SCORE"/>
<variable identifier="MAXSCORE"/>
</equal>
<setOutcomeValue identifier="FEEDBACK">
<baseValue baseType="identifier">ANSWER_CORRECT</baseValue>
</setOutcomeValue>
</responseIf>
<responseElse>
<setOutcomeValue identifier="FEEDBACK">
<baseValue baseType="identifier">FAILURE</baseValue>
</setOutcomeValue>
</responseElse>
</responseCondition>
</responseElse>
</responseCondition>
</responseProcessing>
<modalFeedback identifier="FAILURE" outcomeIdentifier="FEEDBACK" showHide="show">
<div class="textblock tvblock tvcss_1"><div class="rte_zone tveditor1">
<ul>
<li> 6 en 235 <br /> Dit antwoord is incorrect. </li>
<li> 5 en 234 <br /> Dit antwoord is incorrect. </li>
<li> 2 en 229 <br /> Dit antwoord is correct. </li>
<li> 2 en 234 <br /> Dit antwoord is incorrect. </li>
</ul>
</div>
</div>
</modalFeedback>
<modalFeedback identifier="ANSWER_CORRECT" outcomeIdentifier="FEEDBACK" showHide="show">
<div class="textblock tvblock tvcss_1"><div class="rte_zone tveditor1">
<ul>
<li> 6 en 235 <br /> Dit antwoord is incorrect. </li>
<li> 5 en 234 <br /> Dit antwoord is incorrect. </li>
<li> 2 en 229 <br /> Dit antwoord is correct. </li>
<li> 2 en 234 <br /> Dit antwoord is incorrect. </li>
</ul>
</div>
</div>
</modalFeedback>
<modalFeedback identifier="PARTIAL_CORRECT" outcomeIdentifier="FEEDBACK" showHide="show">
<div class="textblock tvblock tvcss_1"><div class="rte_zone tveditor1">
<ul>
<li> 6 en 235 <br /> Dit antwoord is incorrect. </li>
<li> 5 en 234 <br /> Dit antwoord is incorrect. </li>
<li> 2 en 229 <br /> Dit antwoord is correct. </li>
<li> 2 en 234 <br /> Dit antwoord is incorrect. </li>
</ul>
</div>
</div>
</modalFeedback>
</assessmentItem>
