<?xml version="1.0" encoding="UTF-8"?>
<assessmentItem xsi:schemaLocation="http://www.imsglobal.org/xsd/imsqti_v2p1 http://www.imsglobal.org/xsd/qti/qtiv2p1/imsqti_v2p1p1.xsd http://www.w3.org/1998/Math/MathML http://www.w3.org/Math/XMLSchema/mathml2/mathml2.xsd" identifier="uva-elementary-probability-1152-en-ans_578750699_section_1_item_1_schoice" title="Probability_uva-elementary-probability-1152-en_uva-elementary-probability-1152-en_schoice_1" adaptive="false" timeDependent="false" xmlns="http://www.imsglobal.org/xsd/imsqti_v2p1" xmlns:xsi="http://www.w3.org/2001/XMLSchema-instance">
<responseDeclaration identifier="uva-elementary-probability-1152-en-ans_578750699_section_1_item_1_schoice_RESPONSE_1_8985535" cardinality="single" baseType="identifier">
<correctResponse>
<value>uva-elementary-probability-1152-en-ans_578750699_section_1_item_1_schoice_3_3873067574</value>
</correctResponse>
<mapping defaultValue="0" lowerBound="0.0">
<mapEntry mapKey="uva-elementary-probability-1152-en-ans_578750699_section_1_item_1_schoice_1_7535555827" mappedValue="0"/>
<mapEntry mapKey="uva-elementary-probability-1152-en-ans_578750699_section_1_item_1_schoice_2_1082698124" mappedValue="0"/>
<mapEntry mapKey="uva-elementary-probability-1152-en-ans_578750699_section_1_item_1_schoice_3_3873067574" mappedValue="1"/>
<mapEntry mapKey="uva-elementary-probability-1152-en-ans_578750699_section_1_item_1_schoice_4_1364815668" mappedValue="0"/>
</mapping>
</responseDeclaration>
<outcomeDeclaration identifier="SCORE" cardinality="single" baseType="float" normalMaximum="1" normalMinimum="0">
<defaultValue>
<value>0.0</value>
</defaultValue>
</outcomeDeclaration>
<outcomeDeclaration identifier="MAXSCORE" cardinality="single" baseType="float">
<defaultValue>
<value>1</value>
</defaultValue>
</outcomeDeclaration>
<outcomeDeclaration identifier="FEEDBACKBASIC" cardinality="single" baseType="identifier" view="testConstructor">
<defaultValue>
<value>empty</value>
</defaultValue>
</outcomeDeclaration>
<outcomeDeclaration identifier="FEEDBACKMODAL" cardinality="multiple" baseType="identifier" view="testConstructor"/>
<outcomeDeclaration identifier="SOLUTIONMODAL" cardinality="single" baseType="identifier" view="testConstructor"/>
<outcomeDeclaration identifier="MINSCORE" cardinality="single" baseType="float">
<defaultValue>
<value baseType="float">0</value>
</defaultValue>
</outcomeDeclaration>
<outcomeDeclaration identifier="SCORE_RESPONSE_1" cardinality="single" baseType="float">
<defaultValue>
<value>0.0</value>
</defaultValue>
</outcomeDeclaration>
<outcomeDeclaration identifier="MINSCORE_RESPONSE_1" cardinality="single" baseType="float">
<defaultValue>
<value>0.0</value>
</defaultValue>
</outcomeDeclaration>
<itemBody>
<p>Below you can see the information about all accidents on the Dutch roads in a recent year.<br />
</p>
<p>————————— ————————— ———————— ——— Driver without alcohol Driver with alcohol Total Speed not related 137,981 6,392 144,373 Speed related 82,640 4,426 87,066 Total 220,621 10,818 231,439 ————————— ————————— ———————— ———</p>
<p> Then, in a randomly selected accident, what is the probability that the driver had <strong>no</strong> alcohol on?</p>
<choiceInteraction responseIdentifier="uva-elementary-probability-1152-en-ans_578750699_section_1_item_1_schoice_RESPONSE_1_8985535" shuffle="false" maxChoices="1">
<simpleChoice identifier="uva-elementary-probability-1152-en-ans_578750699_section_1_item_1_schoice_1_7535555827">
<p>
 0,59
</p>
</simpleChoice>
<simpleChoice identifier="uva-elementary-probability-1152-en-ans_578750699_section_1_item_1_schoice_2_1082698124">
<p>
 0,62
</p>
</simpleChoice>
<simpleChoice identifier="uva-elementary-probability-1152-en-ans_578750699_section_1_item_1_schoice_3_3873067574">
<p>
 0,95
</p>
</simpleChoice>
<simpleChoice identifier="uva-elementary-probability-1152-en-ans_578750699_section_1_item_1_schoice_4_1364815668">
<p>
 0,98
</p>
</simpleChoice>
</choiceInteraction>
</itemBody>
<responseProcessing>
<setOutcomeValue identifier="SCORE_RESPONSE_1">
<sum>
<variable identifier="SCORE_RESPONSE_1"/>
<mapResponse identifier="uva-elementary-probability-1152-en-ans_578750699_section_1_item_1_schoice_RESPONSE_1_8985535"/>
</sum>
</setOutcomeValue>
<responseCondition>
<responseIf>
<lt>
<variable identifier="SCORE_RESPONSE_1"/>
<variable identifier="MINSCORE_RESPONSE_1"/>
</lt>
<setOutcomeValue identifier="SCORE_RESPONSE_1">
<variable identifier="MINSCORE_RESPONSE_1"/>
</setOutcomeValue>
</responseIf>
</responseCondition>
<responseCondition>
<responseIf>
<isNull>
<variable identifier="uva-elementary-probability-1152-en-ans_578750699_section_1_item_1_schoice_RESPONSE_1_8985535"/>
</isNull>
<setOutcomeValue identifier="SCORE_RESPONSE_1">
<sum>
<variable identifier="SCORE_RESPONSE_1"/>
<baseValue baseType="float">0</baseValue>
</sum>
</setOutcomeValue>
</responseIf>
</responseCondition>
<setOutcomeValue identifier="SCORE">
<sum>
<variable identifier="SCORE_RESPONSE_1"/>
</sum>
</setOutcomeValue>
<responseCondition>
<responseIf>
<lt>
<variable identifier="SCORE"/>
<variable identifier="MINSCORE"/>
</lt>
<setOutcomeValue identifier="SCORE">
<variable identifier="MINSCORE"/>
</setOutcomeValue>
</responseIf>
</responseCondition>
<responseCondition>
<responseIf>
<lt>
<variable identifier="SCORE"/>
<baseValue baseType="float">1</baseValue>
</lt>
<setOutcomeValue identifier="FEEDBACKMODAL">
<multiple>
<variable identifier="FEEDBACKMODAL"/>
<baseValue baseType="identifier">Feedback874623660</baseValue>
</multiple>
</setOutcomeValue>
</responseIf>
</responseCondition>
</responseProcessing>
<modalFeedback outcomeIdentifier="FEEDBACK" showHide="show" identifier="incorrect">
<ul>
<li> 0,59 <br /> 0.59: Incorrect </li>
<li> 0,62 <br /> 0.62: Incorrect </li>
<li> 0,95 <br /> 0.95: Correct </li>
<li> 0,98 <br /> 0.98: Incorrect </li>
</ul>
</modalFeedback>
</assessmentItem>
