<?xml version="1.0" encoding="UTF-8"?>
<!DOCTYPE questestinterop SYSTEM "ims_qtiasiv1p2p1.dtd">

<questestinterop xmlns="http://www.imsglobal.org/xsd/ims_qtiasiv1p2" xmlns:xsi="http://www.w3.org/2001/XMLSchema-instance" xsi:schemaLocation="http://www.imsglobal.org/xsd/ims_qtiasiv1p2 http://www.imsglobal.org/xsd/ims_qtiasiv1p2p1.xsd">
<assessment ident="vufsw-prediction-2096-nl-canvas_704598018" title="vufsw-prediction-2096-nl-canvas">

<qtimetadata>
<qtimetadatafield>
<fieldlabel>cc_maxattempts</fieldlabel>
<fieldentry>1</fieldentry>
</qtimetadatafield>
<qtimetadatafield>
<fieldlabel>qmd_assessmenttype</fieldlabel>
<fieldentry>Assessment</fieldentry>
</qtimetadatafield>
</qtimetadata>
<objectives>
<material>
<mattext><![CDATA[Please solve the following exercises.]]></mattext>
</material>
</objectives>
<assessmentcontrol feedbackswitch="No" hintswitch="No" solutionswitch="Yes"/>
<outcomes_processing scoremodel="SumOfScores">
<outcomes>
<decvar varname="SCORE" vartype="Decimal" cutvalue="0"/>
</outcomes>
</outcomes_processing>
<assessfeedback title="AssessmentFeedback" ident="AssessmentFeedback">
<flow_mat>
<material>
<mattext>##AssessmentFeedback##</mattext>
</material>
</flow_mat>
</assessfeedback>

<section ident="vufsw-prediction-2096-nl-canvas_704598018_section_1" title="Exercise">

<objectives>
<material>
<mattext><![CDATA[Please answer the following question.]]></mattext>
</material>
</objectives>
<selection_ordering>
<selection>
<selection_number>1</selection_number>
<selection_extension>
<points_per_item>1</points_per_item>
</selection_extension>
</selection>
<order order_type="Random"/>
</selection_ordering>

<item ident="vufsw-prediction-2096-nl-canvas_704598018_section_1_item_1_schoice" title="Question" maxattempts="1">
<itemcontrol feedbackswitch="No" hintswitch="No" solutionswitch="Yes"/>
<itemmetadata>
<qtimetadata>
<qtimetadatafield>
<fieldlabel>question_type</fieldlabel>
<fieldentry>multiple_choice_question</fieldentry>
</qtimetadatafield>
</qtimetadata>
</itemmetadata>
<presentation>
<flow>
<material>
<matbreak/>
<mattext texttype="text/html" charset="utf-8"><![CDATA[
<p>We analyseren data die afkomstig zijn van scholieren van het voortgezet
onderwijs uit de Jongeren &amp; Cultuurdata (Ganzeboom &amp; Nagel, 1998-2002).
Voor dit databestand zijn ruim 3000 jongeren ondervraagd in de leeftijd
van grofweg 14 tot 17 jaar. In onderstaande regressieanalyse is de
participatie in populaire cultuur de afhankelijke variabele (pjcul:
0-100, van weinig naar veel participatie) en zijn de onafhankelijke
variabelen moeders cultuurparticipatie (pmcul: 0-1, van minst naar meest
cultureel actief) en schoolniveau (in dummy’s, referentiegroep =
vmbo-b). Er zijn in model 3 bovendien interacties toegevoegd tussen
moeders cultuurparticipatie en schoolniveau.</p>
<p><img src="data/supplements_1_1/Schermafbeelding__2019-02-04__om__10.54.16.png" /><img src="data/supplements_1_1/Schermafbeelding__2019-02-04__om__10.54.30.png" />
Hoe groot is volgens model 1 in de steekproef de score op populaire
cultuur van een gymnasium leerling?</p>
]]></mattext>
<matbreak/>
</material>
<response_lid ident="vufsw-prediction-2096-nl-canvas_704598018_section_1_item_1_schoice_RESPONSE_5229595" rcardinality="Single" rtiming="No">
<render_choice shuffle="No">
<flow_label class="List">
<response_label ident="vufsw-prediction-2096-nl-canvas_704598018_section_1_item_1_schoice_5914247046" rshuffle="No">
<material>
<mattext texttype="text/html" charset="utf-8"><![CDATA[
 -7.797
]]></mattext>
</material>
</response_label>
</flow_label>
<flow_label class="List">
<response_label ident="vufsw-prediction-2096-nl-canvas_704598018_section_1_item_1_schoice_9416311842" rshuffle="No">
<material>
<mattext texttype="text/html" charset="utf-8"><![CDATA[
 42.390
]]></mattext>
</material>
</response_label>
</flow_label>
<flow_label class="List">
<response_label ident="vufsw-prediction-2096-nl-canvas_704598018_section_1_item_1_schoice_6862194364" rshuffle="No">
<material>
<mattext texttype="text/html" charset="utf-8"><![CDATA[
 -6.421
]]></mattext>
</material>
</response_label>
</flow_label>
<flow_label class="List">
<response_label ident="vufsw-prediction-2096-nl-canvas_704598018_section_1_item_1_schoice_4686009147" rshuffle="No">
<material>
<mattext texttype="text/html" charset="utf-8"><![CDATA[
 43.766
]]></mattext>
</material>
</response_label>
</flow_label>
</render_choice>
</response_lid>
</flow>
</presentation>
<resprocessing>
<outcomes>
<decvar varname="SCORE" vartype="Decimal" defaultval="0" minvalue="0" maxvalue="1" cutvalue="1"/>
</outcomes>
<respcondition title="Mastery" continue="No">
<conditionvar>
<and>
<varequal respident="vufsw-prediction-2096-nl-canvas_704598018_section_1_item_1_schoice_RESPONSE_5229595" case="Yes">vufsw-prediction-2096-nl-canvas_704598018_section_1_item_1_schoice_9416311842</varequal>
<not> <varequal respident="vufsw-prediction-2096-nl-canvas_704598018_section_1_item_1_schoice_RESPONSE_5229595" case="Yes">vufsw-prediction-2096-nl-canvas_704598018_section_1_item_1_schoice_5914247046</varequal> </not>
<not> <varequal respident="vufsw-prediction-2096-nl-canvas_704598018_section_1_item_1_schoice_RESPONSE_5229595" case="Yes">vufsw-prediction-2096-nl-canvas_704598018_section_1_item_1_schoice_6862194364</varequal> </not>
<not> <varequal respident="vufsw-prediction-2096-nl-canvas_704598018_section_1_item_1_schoice_RESPONSE_5229595" case="Yes">vufsw-prediction-2096-nl-canvas_704598018_section_1_item_1_schoice_4686009147</varequal> </not>
</and>
</conditionvar>
<setvar varname="SCORE" action="Set">1</setvar>
<displayfeedback feedbacktype="Response" linkrefid="correct_fb"/>
</respcondition>
<respcondition continue="Yes">
<conditionvar>
<other/>
</conditionvar>
<displayfeedback feedbacktype="Response" linkrefid="general_incorrect_fb"/>
</respcondition>
</resprocessing>
<itemfeedback ident="correct_fb" view="All">
<flow_mat>
<material>
<mattext texttype="text/html"><![CDATA[
<ul>
<li> -7.797 <br /> False </li>
<li> 42.390 <br /> True </li>
<li> -6.421 <br /> False </li>
<li> 43.766 <br /> False </li>
</ul>
]]></mattext>
</material>
</flow_mat>
</itemfeedback>
<itemfeedback ident="general_incorrect_fb" view="All">
<flow_mat>
<material>
<mattext texttype="text/html"><![CDATA[
<ul>
<li> -7.797 <br /> False </li>
<li> 42.390 <br /> True </li>
<li> -6.421 <br /> False </li>
<li> 43.766 <br /> False </li>
</ul>
]]></mattext>
</material>
</flow_mat>
</itemfeedback>
</item>


</section>

</assessment>
</questestinterop>
