<?xml version="1.0" encoding="utf-8" standalone="yes"?>
<assessmentItem identifier="vufgb-confidenceintervals-019-en-tv_202307180612_item_1_schoice" title="vufgb-confidenceintervals-019-en-tv_202307180612_item_1_schoice_vufgb-confidenceintervals-019-en" adaptive="false" timeDependent="false" toolName="Testvision Online" toolVersion="39.0.9084" xmlns="http://www.imsglobal.org/xsd/imsqti_v2p1">
<responseDeclaration identifier="RESPONSE" cardinality="single" baseType="identifier">
<correctResponse>
<value>alt_811873</value>
</correctResponse>
<mapping defaultValue="0" lowerBound="0.0">
<mapEntry mapKey="alt_811873" mappedValue="1"/>
<mapEntry mapKey="alt_254931" mappedValue="-0.333333333333333"/>
<mapEntry mapKey="alt_143213" mappedValue="-0.333333333333333"/>
<mapEntry mapKey="alt_983232" mappedValue="-0.333333333333333"/>
</mapping>
</responseDeclaration>
<outcomeDeclaration identifier="SCORE" cardinality="single" baseType="float" normalMaximum="1" normalMinimum="0" />
<outcomeDeclaration identifier="FEEDBACK" cardinality="single" baseType="identifier" />
<itemBody>
<p>To investigate whether there is a difference in self-regulation between people dealing with and without depression, a random sample of 15 participants is selected from both groups and asked to participate in the research. The results are in the table below. Calculate the 95% confidence interval for the difference in self-regulation.</p>
<p><img src="mediafiles/supplements1/vufgb-confidenceintervals-019-en-table01.jpg" alt="image"/></p>
<choiceInteraction responseIdentifier="RESPONSE" shuffle="false" maxChoices="1">
<simpleChoice identifier="alt_811873">
<div class="textblock tvblock tvcss_1"><div class="rte_zone tveditor1">
 (4.65 , 8.55)
</div>
</div>
</simpleChoice>
<simpleChoice identifier="alt_254931">
<div class="textblock tvblock tvcss_1"><div class="rte_zone tveditor1">
 (4.56 , 8.64)
</div>
</div>
</simpleChoice>
<simpleChoice identifier="alt_143213">
<div class="textblock tvblock tvcss_1"><div class="rte_zone tveditor1">
 (4.98 , 8.22)
</div>
</div>
</simpleChoice>
<simpleChoice identifier="alt_983232">
<div class="textblock tvblock tvcss_1"><div class="rte_zone tveditor1">
 (4.93 , 8.27)
</div>
</div>
</simpleChoice>
</choiceInteraction>
</itemBody>
<responseProcessing>
<responseCondition>
<responseIf>
<isNull>
<variable identifier="RESPONSE"/>
</isNull>
<setOutcomeValue identifier="SCORE">
<baseValue baseType="float">0.0</baseValue>
</setOutcomeValue>
<setOutcomeValue identifier="FEEDBACK">
<baseValue baseType="identifier">FAILURE</baseValue>
</setOutcomeValue>
</responseIf>
<responseElse>
<setOutcomeValue identifier="SCORE">
<mapResponse identifier="RESPONSE"/>
</setOutcomeValue>
<responseCondition>
<responseIf>
<equal toleranceMode="relative" tolerance="0.001">
<variable identifier="SCORE"/>
<variable identifier="MAXSCORE"/>
</equal>
<setOutcomeValue identifier="FEEDBACK">
<baseValue baseType="identifier">ANSWER_CORRECT</baseValue>
</setOutcomeValue>
</responseIf>
<responseElse>
<setOutcomeValue identifier="FEEDBACK">
<baseValue baseType="identifier">FAILURE</baseValue>
</setOutcomeValue>
</responseElse>
</responseCondition>
</responseElse>
</responseCondition>
</responseProcessing>
<modalFeedback identifier="FAILURE" outcomeIdentifier="FEEDBACK" showHide="show">
<div class="textblock tvblock tvcss_1"><div class="rte_zone tveditor1">
 (4.65 , 8.55) <br /> Correct 
 (4.56 , 8.64) <br /> Incorrect 
 (4.98 , 8.22) <br /> Incorrect 
 (4.93 , 8.27) <br /> Incorrect 
</div>
</div>
</modalFeedback>
<modalFeedback identifier="ANSWER_CORRECT" outcomeIdentifier="FEEDBACK" showHide="show">
<div class="textblock tvblock tvcss_1"><div class="rte_zone tveditor1">
 (4.65 , 8.55) <br /> Correct 
 (4.56 , 8.64) <br /> Incorrect 
 (4.98 , 8.22) <br /> Incorrect 
 (4.93 , 8.27) <br /> Incorrect 
</div>
</div>
</modalFeedback>
<modalFeedback identifier="PARTIAL_CORRECT" outcomeIdentifier="FEEDBACK" showHide="show">
<div class="textblock tvblock tvcss_1"><div class="rte_zone tveditor1">
 (4.65 , 8.55) <br /> Correct 
 (4.56 , 8.64) <br /> Incorrect 
 (4.98 , 8.22) <br /> Incorrect 
 (4.93 , 8.27) <br /> Incorrect 
</div>
</div>
</modalFeedback>
</assessmentItem>
