<?xml version="1.0" encoding="UTF-8"?>
<assessmentItem xsi:schemaLocation="http://www.imsglobal.org/xsd/imsqti_v2p1 http://www.imsglobal.org/xsd/qti/qtiv2p1/imsqti_v2p1p1.xsd http://www.w3.org/1998/Math/MathML http://www.w3.org/Math/XMLSchema/mathml2/mathml2.xsd" identifier="uva-rules-for-expected-values-1296-nl-ans_631474890_section_1_item_1_schoice" title="Probability_uva-rules-for-expected-values-1296-nl_uva-rules-for-expected-values-1296-nl_schoice_1" adaptive="false" timeDependent="false" xmlns="http://www.imsglobal.org/xsd/imsqti_v2p1" xmlns:xsi="http://www.w3.org/2001/XMLSchema-instance">
<responseDeclaration identifier="uva-rules-for-expected-values-1296-nl-ans_631474890_section_1_item_1_schoice_RESPONSE_1_5022323" cardinality="single" baseType="identifier">
<correctResponse>
<value>uva-rules-for-expected-values-1296-nl-ans_631474890_section_1_item_1_schoice_3_1042322471</value>
</correctResponse>
<mapping defaultValue="0" lowerBound="0.0">
<mapEntry mapKey="uva-rules-for-expected-values-1296-nl-ans_631474890_section_1_item_1_schoice_1_2538220638" mappedValue="0"/>
<mapEntry mapKey="uva-rules-for-expected-values-1296-nl-ans_631474890_section_1_item_1_schoice_2_7706796541" mappedValue="0"/>
<mapEntry mapKey="uva-rules-for-expected-values-1296-nl-ans_631474890_section_1_item_1_schoice_3_1042322471" mappedValue="1"/>
<mapEntry mapKey="uva-rules-for-expected-values-1296-nl-ans_631474890_section_1_item_1_schoice_4_9529301819" mappedValue="0"/>
<mapEntry mapKey="uva-rules-for-expected-values-1296-nl-ans_631474890_section_1_item_1_schoice_5_8209350918" mappedValue="0"/>
</mapping>
</responseDeclaration>
<outcomeDeclaration identifier="SCORE" cardinality="single" baseType="float" normalMaximum="1" normalMinimum="0">
<defaultValue>
<value>0.0</value>
</defaultValue>
</outcomeDeclaration>
<outcomeDeclaration identifier="MAXSCORE" cardinality="single" baseType="float">
<defaultValue>
<value>1</value>
</defaultValue>
</outcomeDeclaration>
<outcomeDeclaration identifier="FEEDBACKBASIC" cardinality="single" baseType="identifier" view="testConstructor">
<defaultValue>
<value>empty</value>
</defaultValue>
</outcomeDeclaration>
<outcomeDeclaration identifier="FEEDBACKMODAL" cardinality="multiple" baseType="identifier" view="testConstructor"/>
<outcomeDeclaration identifier="SOLUTIONMODAL" cardinality="single" baseType="identifier" view="testConstructor"/>
<outcomeDeclaration identifier="MINSCORE" cardinality="single" baseType="float">
<defaultValue>
<value baseType="float">0</value>
</defaultValue>
</outcomeDeclaration>
<outcomeDeclaration identifier="SCORE_RESPONSE_1" cardinality="single" baseType="float">
<defaultValue>
<value>0.0</value>
</defaultValue>
</outcomeDeclaration>
<outcomeDeclaration identifier="MINSCORE_RESPONSE_1" cardinality="single" baseType="float">
<defaultValue>
<value>0.0</value>
</defaultValue>
</outcomeDeclaration>
<itemBody>
<p>Een commissie van drie studenten dient te worden gevormd uit zes
junioren en vijf senioren. Als drie namen willekeurig worden getrokken,
wat is dan de kans dat de commissie zal bestaan ​​uit allemaal junioren of
allemaal senioren?</p>
<choiceInteraction responseIdentifier="uva-rules-for-expected-values-1296-nl-ans_631474890_section_1_item_1_schoice_RESPONSE_1_5022323" shuffle="false" maxChoices="1">
<simpleChoice identifier="uva-rules-for-expected-values-1296-nl-ans_631474890_section_1_item_1_schoice_1_2538220638">
<p>
 2/33
</p>
</simpleChoice>
<simpleChoice identifier="uva-rules-for-expected-values-1296-nl-ans_631474890_section_1_item_1_schoice_2_7706796541">
<p>
 4/33
</p>
</simpleChoice>
<simpleChoice identifier="uva-rules-for-expected-values-1296-nl-ans_631474890_section_1_item_1_schoice_3_1042322471">
<p>
 6/33
</p>
</simpleChoice>
<simpleChoice identifier="uva-rules-for-expected-values-1296-nl-ans_631474890_section_1_item_1_schoice_4_9529301819">
<p>
 1/3
</p>
</simpleChoice>
<simpleChoice identifier="uva-rules-for-expected-values-1296-nl-ans_631474890_section_1_item_1_schoice_5_8209350918">
<p>
 1/2
</p>
</simpleChoice>
</choiceInteraction>
</itemBody>
<responseProcessing>
<setOutcomeValue identifier="SCORE_RESPONSE_1">
<sum>
<variable identifier="SCORE_RESPONSE_1"/>
<mapResponse identifier="uva-rules-for-expected-values-1296-nl-ans_631474890_section_1_item_1_schoice_RESPONSE_1_5022323"/>
</sum>
</setOutcomeValue>
<responseCondition>
<responseIf>
<lt>
<variable identifier="SCORE_RESPONSE_1"/>
<variable identifier="MINSCORE_RESPONSE_1"/>
</lt>
<setOutcomeValue identifier="SCORE_RESPONSE_1">
<variable identifier="MINSCORE_RESPONSE_1"/>
</setOutcomeValue>
</responseIf>
</responseCondition>
<responseCondition>
<responseIf>
<isNull>
<variable identifier="uva-rules-for-expected-values-1296-nl-ans_631474890_section_1_item_1_schoice_RESPONSE_1_5022323"/>
</isNull>
<setOutcomeValue identifier="SCORE_RESPONSE_1">
<sum>
<variable identifier="SCORE_RESPONSE_1"/>
<baseValue baseType="float">0</baseValue>
</sum>
</setOutcomeValue>
</responseIf>
</responseCondition>
<setOutcomeValue identifier="SCORE">
<sum>
<variable identifier="SCORE_RESPONSE_1"/>
</sum>
</setOutcomeValue>
<responseCondition>
<responseIf>
<lt>
<variable identifier="SCORE"/>
<variable identifier="MINSCORE"/>
</lt>
<setOutcomeValue identifier="SCORE">
<variable identifier="MINSCORE"/>
</setOutcomeValue>
</responseIf>
</responseCondition>
<responseCondition>
<responseIf>
<lt>
<variable identifier="SCORE"/>
<baseValue baseType="float">1</baseValue>
</lt>
<setOutcomeValue identifier="FEEDBACKMODAL">
<multiple>
<variable identifier="FEEDBACKMODAL"/>
<baseValue baseType="identifier">Feedback940707703</baseValue>
</multiple>
</setOutcomeValue>
</responseIf>
</responseCondition>
</responseProcessing>
<modalFeedback outcomeIdentifier="FEEDBACK" showHide="show" identifier="incorrect">
<ul>
<li> 2/33 <br /> 2/33: Incorrect </li>
<li> 4/33 <br /> 4/33: Incorrect </li>
<li> 6/33 <br /> 6/33: Correct </li>
<li> 1/3 <br /> 1/3: Incorrect </li>
<li> 1/2 <br /> 1/2: Incorrect </li>
</ul>
</modalFeedback>
</assessmentItem>
