<?xml version="1.0" encoding="UTF-8"?>
<assessmentItem xsi:schemaLocation="http://www.imsglobal.org/xsd/imsqti_v2p1 http://www.imsglobal.org/xsd/qti/qtiv2p1/imsqti_v2p1p1.xsd http://www.w3.org/1998/Math/MathML http://www.w3.org/Math/XMLSchema/mathml2/mathml2.xsd" identifier="uu-Oneway_ANOVA-828-nl-ans_621873479_section_1_item_1_schoice" title="Inferential_Statistics_uu-Oneway_ANOVA-828-nl_uu-Oneway_ANOVA-828-nl_schoice_1" adaptive="false" timeDependent="false" xmlns="http://www.imsglobal.org/xsd/imsqti_v2p1" xmlns:xsi="http://www.w3.org/2001/XMLSchema-instance">
<responseDeclaration identifier="uu-Oneway_ANOVA-828-nl-ans_621873479_section_1_item_1_schoice_RESPONSE_1_5260575" cardinality="single" baseType="identifier">
<correctResponse>
<value>uu-Oneway_ANOVA-828-nl-ans_621873479_section_1_item_1_schoice_1_1985902112</value>
</correctResponse>
<mapping defaultValue="0" lowerBound="0.0">
<mapEntry mapKey="uu-Oneway_ANOVA-828-nl-ans_621873479_section_1_item_1_schoice_1_1985902112" mappedValue="1"/>
<mapEntry mapKey="uu-Oneway_ANOVA-828-nl-ans_621873479_section_1_item_1_schoice_2_2185682553" mappedValue="0"/>
<mapEntry mapKey="uu-Oneway_ANOVA-828-nl-ans_621873479_section_1_item_1_schoice_3_1912398300" mappedValue="0"/>
<mapEntry mapKey="uu-Oneway_ANOVA-828-nl-ans_621873479_section_1_item_1_schoice_4_1584832048" mappedValue="0"/>
</mapping>
</responseDeclaration>
<outcomeDeclaration identifier="SCORE" cardinality="single" baseType="float" normalMaximum="1" normalMinimum="0">
<defaultValue>
<value>0.0</value>
</defaultValue>
</outcomeDeclaration>
<outcomeDeclaration identifier="MAXSCORE" cardinality="single" baseType="float">
<defaultValue>
<value>1</value>
</defaultValue>
</outcomeDeclaration>
<outcomeDeclaration identifier="FEEDBACKBASIC" cardinality="single" baseType="identifier" view="testConstructor">
<defaultValue>
<value>empty</value>
</defaultValue>
</outcomeDeclaration>
<outcomeDeclaration identifier="FEEDBACKMODAL" cardinality="multiple" baseType="identifier" view="testConstructor"/>
<outcomeDeclaration identifier="SOLUTIONMODAL" cardinality="single" baseType="identifier" view="testConstructor"/>
<outcomeDeclaration identifier="MINSCORE" cardinality="single" baseType="float">
<defaultValue>
<value baseType="float">0</value>
</defaultValue>
</outcomeDeclaration>
<outcomeDeclaration identifier="SCORE_RESPONSE_1" cardinality="single" baseType="float">
<defaultValue>
<value>0.0</value>
</defaultValue>
</outcomeDeclaration>
<outcomeDeclaration identifier="MINSCORE_RESPONSE_1" cardinality="single" baseType="float">
<defaultValue>
<value>0.0</value>
</defaultValue>
</outcomeDeclaration>
<itemBody>
<p>In de examentijd is er veel aandacht voor de vraag hoe je het beste kunt concentreren op het bestuderen van de opgegeven stof. Onder andere wordt de vraag gesteld of je beter kunt leren in een hele stille omgeving, of juist in een omgeving met wat achtergrondgeluid. In dit onderzoek zijn studenten ingedeeld in drie groepen van elk 10 studenten. De eerste groep moest een toets over begrijpend lezen uitvoeren in een stille omgeving, de tweede in een omgeving met wat achtergrondgeluiden, en de derde groep moest de toets maken naast een ruimte waar verbouwd werd. Hieronder vind je het resultaat van de variantie-analyse.</p>
<p><img src="media/supplements1/uu-Oneway-ANOVA-828-nl-tabel.jpg" /></p>
<p>Wat is de conclusie bij toetsing met een significantieniveau van 5%?</p>
<choiceInteraction responseIdentifier="uu-Oneway_ANOVA-828-nl-ans_621873479_section_1_item_1_schoice_RESPONSE_1_5260575" shuffle="false" maxChoices="1">
<simpleChoice identifier="uu-Oneway_ANOVA-828-nl-ans_621873479_section_1_item_1_schoice_1_1985902112">
<p>
 De groepen verschillen niet significant van elkaar in hun score op begrijpend lezen.
</p>
</simpleChoice>
<simpleChoice identifier="uu-Oneway_ANOVA-828-nl-ans_621873479_section_1_item_1_schoice_2_2185682553">
<p>
 Er zijn significante verschillen tussen de gemiddelden. Het verschil tussen de groep in een stille ruimte en de groep met verstorend geluid is significant.
</p>
</simpleChoice>
<simpleChoice identifier="uu-Oneway_ANOVA-828-nl-ans_621873479_section_1_item_1_schoice_3_1912398300">
<p>
 Er zijn significante verschillen tussen de gemiddelden. de verschillen tussen de groepen in een stille ruimte en met achtergrondgeluid, en de groepen met achtergrondgeluid en verstorend geluid zijn significant.
</p>
</simpleChoice>
<simpleChoice identifier="uu-Oneway_ANOVA-828-nl-ans_621873479_section_1_item_1_schoice_4_1584832048">
<p>
 Er zijn significante verschillen tussen de gemiddelden. Alle drie de gemiddelden verschillen significant van elkaar.
</p>
</simpleChoice>
</choiceInteraction>
</itemBody>
<responseProcessing>
<setOutcomeValue identifier="SCORE_RESPONSE_1">
<sum>
<variable identifier="SCORE_RESPONSE_1"/>
<mapResponse identifier="uu-Oneway_ANOVA-828-nl-ans_621873479_section_1_item_1_schoice_RESPONSE_1_5260575"/>
</sum>
</setOutcomeValue>
<responseCondition>
<responseIf>
<lt>
<variable identifier="SCORE_RESPONSE_1"/>
<variable identifier="MINSCORE_RESPONSE_1"/>
</lt>
<setOutcomeValue identifier="SCORE_RESPONSE_1">
<variable identifier="MINSCORE_RESPONSE_1"/>
</setOutcomeValue>
</responseIf>
</responseCondition>
<responseCondition>
<responseIf>
<isNull>
<variable identifier="uu-Oneway_ANOVA-828-nl-ans_621873479_section_1_item_1_schoice_RESPONSE_1_5260575"/>
</isNull>
<setOutcomeValue identifier="SCORE_RESPONSE_1">
<sum>
<variable identifier="SCORE_RESPONSE_1"/>
<baseValue baseType="float">0</baseValue>
</sum>
</setOutcomeValue>
</responseIf>
</responseCondition>
<setOutcomeValue identifier="SCORE">
<sum>
<variable identifier="SCORE_RESPONSE_1"/>
</sum>
</setOutcomeValue>
<responseCondition>
<responseIf>
<lt>
<variable identifier="SCORE"/>
<variable identifier="MINSCORE"/>
</lt>
<setOutcomeValue identifier="SCORE">
<variable identifier="MINSCORE"/>
</setOutcomeValue>
</responseIf>
</responseCondition>
<responseCondition>
<responseIf>
<lt>
<variable identifier="SCORE"/>
<baseValue baseType="float">1</baseValue>
</lt>
<setOutcomeValue identifier="FEEDBACKMODAL">
<multiple>
<variable identifier="FEEDBACKMODAL"/>
<baseValue baseType="identifier">Feedback493571958</baseValue>
</multiple>
</setOutcomeValue>
</responseIf>
</responseCondition>
</responseProcessing>
<modalFeedback outcomeIdentifier="FEEDBACK" showHide="show" identifier="incorrect">
<p>De F-toets van de ANOVA geeft aan dat er geen significant effect is van geluidsniveau bij een alphaniveau van 5%. Dus daarom verschillen de groepen niet significant van elkaar.
Pas als de F-toets voor een factor significant is, kijk je naar de POST-HOC toetsen.</p>
</modalFeedback>
</assessmentItem>
