<?xml version="1.0" encoding="UTF-8"?>
<!DOCTYPE questestinterop SYSTEM "ims_qtiasiv1p2p1.dtd">

<questestinterop xmlns="http://www.imsglobal.org/xsd/ims_qtiasiv1p2" xmlns:xsi="http://www.w3.org/2001/XMLSchema-instance" xsi:schemaLocation="http://www.imsglobal.org/xsd/ims_qtiasiv1p2 http://www.imsglobal.org/xsd/ims_qtiasiv1p2p1.xsd">
<assessment ident="uu-Equation-803-en-canvas_764376471" title="uu-Equation-803-en-canvas">

<qtimetadata>
<qtimetadatafield>
<fieldlabel>cc_maxattempts</fieldlabel>
<fieldentry>1</fieldentry>
</qtimetadatafield>
<qtimetadatafield>
<fieldlabel>qmd_assessmenttype</fieldlabel>
<fieldentry>Assessment</fieldentry>
</qtimetadatafield>
</qtimetadata>
<objectives>
<material>
<mattext><![CDATA[Please solve the following exercises.]]></mattext>
</material>
</objectives>
<assessmentcontrol feedbackswitch="No" hintswitch="No" solutionswitch="Yes"/>
<outcomes_processing scoremodel="SumOfScores">
<outcomes>
<decvar varname="SCORE" vartype="Decimal" cutvalue="0"/>
</outcomes>
</outcomes_processing>
<assessfeedback title="AssessmentFeedback" ident="AssessmentFeedback">
<flow_mat>
<material>
<mattext>##AssessmentFeedback##</mattext>
</material>
</flow_mat>
</assessfeedback>

<section ident="uu-Equation-803-en-canvas_764376471_section_1" title="Exercise">

<objectives>
<material>
<mattext><![CDATA[Please answer the following question.]]></mattext>
</material>
</objectives>
<selection_ordering>
<selection>
<selection_number>1</selection_number>
<selection_extension>
<points_per_item>1</points_per_item>
</selection_extension>
</selection>
<order order_type="Random"/>
</selection_ordering>

<item ident="uu-Equation-803-en-canvas_764376471_section_1_item_1_schoice" title="Question" maxattempts="1">
<itemcontrol feedbackswitch="No" hintswitch="No" solutionswitch="Yes"/>
<itemmetadata>
<qtimetadata>
<qtimetadatafield>
<fieldlabel>question_type</fieldlabel>
<fieldentry>multiple_choice_question</fieldentry>
</qtimetadatafield>
</qtimetadata>
</itemmetadata>
<presentation>
<flow>
<material>
<matbreak/>
<mattext texttype="text/html" charset="utf-8"><![CDATA[
<p>The following regression equation is given to predict mild depression:</p>
<p>y =a+b_1 (Exercise)+b_2 (Gender)+b_3 (Gender*Exercise),</p>
<p>where the variable Gender is coded as Male = 0 and Female = 1. Which of the following figures matches the following statements: b_1&lt;0, b_2&gt;0, and b_3&gt;0?</p>
<p><img src="data/supplements_1_1/uu-Equation-803-en-tabel.JPG" /></p>
]]></mattext>
<matbreak/>
</material>
<response_lid ident="uu-Equation-803-en-canvas_764376471_section_1_item_1_schoice_RESPONSE_6334114" rcardinality="Single" rtiming="No">
<render_choice shuffle="No">
<flow_label class="List">
<response_label ident="uu-Equation-803-en-canvas_764376471_section_1_item_1_schoice_9349887602" rshuffle="No">
<material>
<mattext texttype="text/html" charset="utf-8"><![CDATA[
 Figure 1
]]></mattext>
</material>
</response_label>
</flow_label>
<flow_label class="List">
<response_label ident="uu-Equation-803-en-canvas_764376471_section_1_item_1_schoice_2360295580" rshuffle="No">
<material>
<mattext texttype="text/html" charset="utf-8"><![CDATA[
 Figure 2
]]></mattext>
</material>
</response_label>
</flow_label>
<flow_label class="List">
<response_label ident="uu-Equation-803-en-canvas_764376471_section_1_item_1_schoice_3087908656" rshuffle="No">
<material>
<mattext texttype="text/html" charset="utf-8"><![CDATA[
 Figure 3
]]></mattext>
</material>
</response_label>
</flow_label>
<flow_label class="List">
<response_label ident="uu-Equation-803-en-canvas_764376471_section_1_item_1_schoice_9589917594" rshuffle="No">
<material>
<mattext texttype="text/html" charset="utf-8"><![CDATA[
 Figure 4
]]></mattext>
</material>
</response_label>
</flow_label>
</render_choice>
</response_lid>
</flow>
</presentation>
<resprocessing>
<outcomes>
<decvar varname="SCORE" vartype="Decimal" defaultval="0" minvalue="0" maxvalue="1" cutvalue="1"/>
</outcomes>
<respcondition title="Mastery" continue="No">
<conditionvar>
<and>
<varequal respident="uu-Equation-803-en-canvas_764376471_section_1_item_1_schoice_RESPONSE_6334114" case="Yes">uu-Equation-803-en-canvas_764376471_section_1_item_1_schoice_9589917594</varequal>
<not> <varequal respident="uu-Equation-803-en-canvas_764376471_section_1_item_1_schoice_RESPONSE_6334114" case="Yes">uu-Equation-803-en-canvas_764376471_section_1_item_1_schoice_9349887602</varequal> </not>
<not> <varequal respident="uu-Equation-803-en-canvas_764376471_section_1_item_1_schoice_RESPONSE_6334114" case="Yes">uu-Equation-803-en-canvas_764376471_section_1_item_1_schoice_2360295580</varequal> </not>
<not> <varequal respident="uu-Equation-803-en-canvas_764376471_section_1_item_1_schoice_RESPONSE_6334114" case="Yes">uu-Equation-803-en-canvas_764376471_section_1_item_1_schoice_3087908656</varequal> </not>
</and>
</conditionvar>
<setvar varname="SCORE" action="Set">1</setvar>
<displayfeedback feedbacktype="Response" linkrefid="correct_fb"/>
</respcondition>
<respcondition continue="Yes">
<conditionvar>
<other/>
</conditionvar>
<displayfeedback feedbacktype="Response" linkrefid="general_incorrect_fb"/>
</respcondition>
</resprocessing>
<itemfeedback ident="correct_fb" view="All">
<flow_mat>
<material>
<mattext texttype="text/html"><![CDATA[
<ul>
<li> Figure 1 <br /> This answer is incorrect. </li>
<li> Figure 2 <br /> This answer is incorrect. </li>
<li> Figure 3 <br /> This answer is incorrect. </li>
<li> Figure 4 <br /> This answer is correct. </li>
</ul>
]]></mattext>
</material>
</flow_mat>
</itemfeedback>
<itemfeedback ident="general_incorrect_fb" view="All">
<flow_mat>
<material>
<mattext texttype="text/html"><![CDATA[
<ul>
<li> Figure 1 <br /> This answer is incorrect. </li>
<li> Figure 2 <br /> This answer is incorrect. </li>
<li> Figure 3 <br /> This answer is incorrect. </li>
<li> Figure 4 <br /> This answer is correct. </li>
</ul>
]]></mattext>
</material>
</flow_mat>
</itemfeedback>
</item>


</section>

</assessment>
</questestinterop>
