<?xml version="1.0" encoding="utf-8" standalone="yes"?>
<assessmentItem identifier="vufsw-twoway_anova-0271-nl-tv_202405230827_item_1_schoice" title="vufsw-twoway_anova-0271-nl-tv_202405230827_item_1_schoice_vufsw-twoway anova-0271-nl" adaptive="false" timeDependent="false" toolName="Testvision Online" toolVersion="39.0.9084" xmlns="http://www.imsglobal.org/xsd/imsqti_v2p1">
<responseDeclaration identifier="RESPONSE" cardinality="single" baseType="identifier">
<correctResponse>
<value>alt_137596</value>
</correctResponse>
<mapping defaultValue="0" lowerBound="0.0">
<mapEntry mapKey="alt_664927" mappedValue="-0.333333333333333"/>
<mapEntry mapKey="alt_137596" mappedValue="1"/>
<mapEntry mapKey="alt_941077" mappedValue="-0.333333333333333"/>
<mapEntry mapKey="alt_799621" mappedValue="-0.333333333333333"/>
</mapping>
</responseDeclaration>
<outcomeDeclaration identifier="SCORE" cardinality="single" baseType="float" normalMaximum="1" normalMinimum="0" />
<outcomeDeclaration identifier="FEEDBACK" cardinality="single" baseType="identifier" />
<itemBody>
<p>Welk analyse model wordt toegepast bij een between-groups design met één
afhankelijke variabele en twee categorische  onafhankelijke
variabelen?<br />
De afhankelijke variabele is hierbij een continue variabele.</p>
<choiceInteraction responseIdentifier="RESPONSE" shuffle="false" maxChoices="1">
<simpleChoice identifier="alt_664927">
<div class="textblock tvblock tvcss_1"><div class="rte_zone tveditor1">
 MANOVA
</div>
</div>
</simpleChoice>
<simpleChoice identifier="alt_137596">
<div class="textblock tvblock tvcss_1"><div class="rte_zone tveditor1">
 Two-way ANOVA
</div>
</div>
</simpleChoice>
<simpleChoice identifier="alt_941077">
<div class="textblock tvblock tvcss_1"><div class="rte_zone tveditor1">
 One-way ANOVA
</div>
</div>
</simpleChoice>
<simpleChoice identifier="alt_799621">
<div class="textblock tvblock tvcss_1"><div class="rte_zone tveditor1">
 ANCOVA
</div>
</div>
</simpleChoice>
</choiceInteraction>
</itemBody>
<responseProcessing>
<responseCondition>
<responseIf>
<isNull>
<variable identifier="RESPONSE"/>
</isNull>
<setOutcomeValue identifier="SCORE">
<baseValue baseType="float">0.0</baseValue>
</setOutcomeValue>
<setOutcomeValue identifier="FEEDBACK">
<baseValue baseType="identifier">FAILURE</baseValue>
</setOutcomeValue>
</responseIf>
<responseElse>
<setOutcomeValue identifier="SCORE">
<mapResponse identifier="RESPONSE"/>
</setOutcomeValue>
<responseCondition>
<responseIf>
<equal toleranceMode="relative" tolerance="0.001">
<variable identifier="SCORE"/>
<variable identifier="MAXSCORE"/>
</equal>
<setOutcomeValue identifier="FEEDBACK">
<baseValue baseType="identifier">ANSWER_CORRECT</baseValue>
</setOutcomeValue>
</responseIf>
<responseElse>
<setOutcomeValue identifier="FEEDBACK">
<baseValue baseType="identifier">FAILURE</baseValue>
</setOutcomeValue>
</responseElse>
</responseCondition>
</responseElse>
</responseCondition>
</responseProcessing>
<modalFeedback identifier="FAILURE" outcomeIdentifier="FEEDBACK" showHide="show">
<div class="textblock tvblock tvcss_1"><div class="rte_zone tveditor1">
<p>Een one-way ANOVA is een design met één categorische onafhankelijke
variabele en één afhankelijke variabele.<br />
Een two-way ANOVA is een design met twee categorische onafhankelijke
variabelen en één afhankelijke variabele.<br />
Een ANCOVA is een design met één categorische onafhankelijke variabele
één continue afhankelijke variabele (covariaat) en één afhankelijke
variabele.  <br />
Een MANOVA is een design met één categorische onafhankelijke variabele
en meerdere afhankelijke variabelen.</p>
<br />
<ul>
<li> MANOVA <br /> False </li>
<li> Two-way ANOVA <br /> True </li>
<li> One-way ANOVA <br /> False </li>
<li> ANCOVA <br /> False </li>
</ul>
</div>
</div>
</modalFeedback>
<modalFeedback identifier="ANSWER_CORRECT" outcomeIdentifier="FEEDBACK" showHide="show">
<div class="textblock tvblock tvcss_1"><div class="rte_zone tveditor1">
<p>Een one-way ANOVA is een design met één categorische onafhankelijke
variabele en één afhankelijke variabele.<br />
Een two-way ANOVA is een design met twee categorische onafhankelijke
variabelen en één afhankelijke variabele.<br />
Een ANCOVA is een design met één categorische onafhankelijke variabele
één continue afhankelijke variabele (covariaat) en één afhankelijke
variabele.  <br />
Een MANOVA is een design met één categorische onafhankelijke variabele
en meerdere afhankelijke variabelen.</p>
<br />
<ul>
<li> MANOVA <br /> False </li>
<li> Two-way ANOVA <br /> True </li>
<li> One-way ANOVA <br /> False </li>
<li> ANCOVA <br /> False </li>
</ul>
</div>
</div>
</modalFeedback>
<modalFeedback identifier="PARTIAL_CORRECT" outcomeIdentifier="FEEDBACK" showHide="show">
<div class="textblock tvblock tvcss_1"><div class="rte_zone tveditor1">
<p>Een one-way ANOVA is een design met één categorische onafhankelijke
variabele en één afhankelijke variabele.<br />
Een two-way ANOVA is een design met twee categorische onafhankelijke
variabelen en één afhankelijke variabele.<br />
Een ANCOVA is een design met één categorische onafhankelijke variabele
één continue afhankelijke variabele (covariaat) en één afhankelijke
variabele.  <br />
Een MANOVA is een design met één categorische onafhankelijke variabele
en meerdere afhankelijke variabelen.</p>
<br />
<ul>
<li> MANOVA <br /> False </li>
<li> Two-way ANOVA <br /> True </li>
<li> One-way ANOVA <br /> False </li>
<li> ANCOVA <br /> False </li>
</ul>
</div>
</div>
</modalFeedback>
</assessmentItem>
