<?xml version="1.0" encoding="UTF-8"?>
<assessmentItem xsi:schemaLocation="http://www.imsglobal.org/xsd/imsqti_v2p1 http://www.imsglobal.org/xsd/qti/qtiv2p1/imsqti_v2p1p1.xsd http://www.w3.org/1998/Math/MathML http://www.w3.org/Math/XMLSchema/mathml2/mathml2.xsd" identifier="vufsw-chisquaredforindependence-0186-en-qti_398741510_section_1_item_1_schoice" title="1" adaptive="false" timeDependent="false" xmlns="http://www.imsglobal.org/xsd/imsqti_v2p1" xmlns:xsi="http://www.w3.org/2001/XMLSchema-instance">
<responseDeclaration identifier="vufsw-chisquaredforindependence-0186-en-qti_398741510_section_1_item_1_schoice_RESPONSE_1_9635640" cardinality="single" baseType="identifier">
<correctResponse>
<value>vufsw-chisquaredforindependence-0186-en-qti_398741510_section_1_item_1_schoice_2_4878007332</value>
</correctResponse>
<mapping defaultValue="0" lowerBound="0.0">
<mapEntry mapKey="vufsw-chisquaredforindependence-0186-en-qti_398741510_section_1_item_1_schoice_1_3938536432" mappedValue="0"/>
<mapEntry mapKey="vufsw-chisquaredforindependence-0186-en-qti_398741510_section_1_item_1_schoice_2_4878007332" mappedValue="1"/>
<mapEntry mapKey="vufsw-chisquaredforindependence-0186-en-qti_398741510_section_1_item_1_schoice_3_1266152776" mappedValue="0"/>
<mapEntry mapKey="vufsw-chisquaredforindependence-0186-en-qti_398741510_section_1_item_1_schoice_4_6098464331" mappedValue="0"/>
</mapping>
</responseDeclaration>
<outcomeDeclaration identifier="SCORE" cardinality="single" baseType="float" normalMaximum="1" normalMinimum="0">
<defaultValue>
<value>0.0</value>
</defaultValue>
</outcomeDeclaration>
<outcomeDeclaration identifier="MAXSCORE" cardinality="single" baseType="float">
<defaultValue>
<value>1</value>
</defaultValue>
</outcomeDeclaration>
<outcomeDeclaration identifier="FEEDBACKBASIC" cardinality="single" baseType="identifier" view="testConstructor">
<defaultValue>
<value>empty</value>
</defaultValue>
</outcomeDeclaration>
<outcomeDeclaration identifier="FEEDBACKMODAL" cardinality="multiple" baseType="identifier" view="testConstructor"/>
<outcomeDeclaration identifier="MINSCORE" cardinality="single" baseType="float">
<defaultValue>
<value baseType="float">0</value>
</defaultValue>
</outcomeDeclaration>
<outcomeDeclaration identifier="SCORE_RESPONSE_1" cardinality="single" baseType="float">
<defaultValue>
<value>0.0</value>
</defaultValue>
</outcomeDeclaration>
<outcomeDeclaration identifier="MINSCORE_RESPONSE_1" cardinality="single" baseType="float">
<defaultValue>
<value>0.0</value>
</defaultValue>
</outcomeDeclaration>
<itemBody>
<p>A researcher asked 120 people in an online survey about their favourite
type of TV programme: news/ current affairs, game shows, sports
programmes, soap operas, or other. Respondents were only allowed to tick
one answer option. The researcher is curious to know whether the
preference for the type of TV programme depends on a person’s gender.
Which statistical test would then be most suitable?</p>
<choiceInteraction responseIdentifier="vufsw-chisquaredforindependence-0186-en-qti_398741510_section_1_item_1_schoice_RESPONSE_1_9635640" shuffle="false" maxChoices="1">
<simpleChoice identifier="vufsw-chisquaredforindependence-0186-en-qti_398741510_section_1_item_1_schoice_1_3938536432">
<p>
 A test of a 95% confidence interval.
</p>
</simpleChoice>
<simpleChoice identifier="vufsw-chisquaredforindependence-0186-en-qti_398741510_section_1_item_1_schoice_2_4878007332">
<p>
 A Chi-kwadraat toets (Chi-squared test).
</p>
</simpleChoice>
<simpleChoice identifier="vufsw-chisquaredforindependence-0186-en-qti_398741510_section_1_item_1_schoice_3_1266152776">
<p>
 A Dependent Samples T-test.
</p>
</simpleChoice>
<simpleChoice identifier="vufsw-chisquaredforindependence-0186-en-qti_398741510_section_1_item_1_schoice_4_6098464331">
<p>
 An Independent Samples T-test.
</p>
</simpleChoice>
</choiceInteraction>
</itemBody>
<responseProcessing>
<responseCondition>
<responseIf>
<isNull>
<variable identifier="vufsw-chisquaredforindependence-0186-en-qti_398741510_section_1_item_1_schoice_RESPONSE_1_9635640"/>
</isNull>
<setOutcomeValue identifier="SCORE_RESPONSE_1">
<sum>
<variable identifier="SCORE_RESPONSE_1"/>
<baseValue baseType="float">0</baseValue>
</sum>
</setOutcomeValue>
</responseIf>
</responseCondition>
<setOutcomeValue identifier="SCORE_RESPONSE_1">
<sum>
<variable identifier="SCORE_RESPONSE_1"/>
<mapResponse identifier="vufsw-chisquaredforindependence-0186-en-qti_398741510_section_1_item_1_schoice_RESPONSE_1_9635640"/>
</sum>
</setOutcomeValue>
<responseCondition>
<responseIf>
<lt>
<variable identifier="SCORE_RESPONSE_1"/>
<variable identifier="MINSCORE_RESPONSE_1"/>
</lt>
<setOutcomeValue identifier="SCORE_RESPONSE_1">
<variable identifier="MINSCORE_RESPONSE_1"/>
</setOutcomeValue>
</responseIf>
</responseCondition>
<setOutcomeValue identifier="SCORE">
<sum>
<variable identifier="SCORE_RESPONSE_1"/>
</sum>
</setOutcomeValue>
<responseCondition>
<responseIf>
<lt>
<variable identifier="SCORE"/>
<variable identifier="MINSCORE"/>
</lt>
<setOutcomeValue identifier="SCORE">
<variable identifier="MINSCORE"/>
</setOutcomeValue>
</responseIf>
</responseCondition>
<responseCondition>
<responseIf>
<lt>
<variable identifier="SCORE"/>
<baseValue baseType="float">1</baseValue>
</lt>
<setOutcomeValue identifier="FEEDBACKMODAL">
<multiple>
<variable identifier="FEEDBACKMODAL"/>
<baseValue baseType="identifier">Feedback862428895</baseValue>
</multiple>
</setOutcomeValue>
</responseIf>
</responseCondition>
</responseProcessing>
<modalFeedback identifier="Feedback862428895" outcomeIdentifier="FEEDBACKMODAL" showHide="show">
<p>Language<br />
Nederlands</p>
<p>Levels of Difficulty<br />
Easy</p>
<p>M&amp;T Basics of quantitative research<br />
Basics of quantitative research</p>
<p>M&amp;T BIS<br />
Default value</p>
<br />
 A test of a 95% confidence interval. <br /> False 
 A Chi-kwadraat toets (Chi-squared test). <br /> True 
 A Dependent Samples T-test. <br /> False 
 An Independent Samples T-test. <br /> False 
</modalFeedback>
</assessmentItem>
