<?xml version="1.0" encoding="UTF-8"?>
<assessmentItem xsi:schemaLocation="http://www.imsglobal.org/xsd/imsqti_v2p1 http://www.imsglobal.org/xsd/qti/qtiv2p1/imsqti_v2p1p1.xsd http://www.w3.org/1998/Math/MathML http://www.w3.org/Math/XMLSchema/mathml2/mathml2.xsd" identifier="eur-reliability-210-en-ans_992448711_section_1_item_1_schoice" title="Reliability_eur-reliability-210-en_eur-reliability-210-en_schoice_1" adaptive="false" timeDependent="false" xmlns="http://www.imsglobal.org/xsd/imsqti_v2p1" xmlns:xsi="http://www.w3.org/2001/XMLSchema-instance">
<responseDeclaration identifier="eur-reliability-210-en-ans_992448711_section_1_item_1_schoice_RESPONSE_1_6895040" cardinality="single" baseType="identifier">
<correctResponse>
<value>eur-reliability-210-en-ans_992448711_section_1_item_1_schoice_2_1539766591</value>
</correctResponse>
<mapping defaultValue="0" lowerBound="0.0">
<mapEntry mapKey="eur-reliability-210-en-ans_992448711_section_1_item_1_schoice_1_2873879101" mappedValue="0"/>
<mapEntry mapKey="eur-reliability-210-en-ans_992448711_section_1_item_1_schoice_2_1539766591" mappedValue="1"/>
<mapEntry mapKey="eur-reliability-210-en-ans_992448711_section_1_item_1_schoice_3_5788771867" mappedValue="0"/>
<mapEntry mapKey="eur-reliability-210-en-ans_992448711_section_1_item_1_schoice_4_8161048858" mappedValue="0"/>
</mapping>
</responseDeclaration>
<outcomeDeclaration identifier="SCORE" cardinality="single" baseType="float" normalMaximum="1" normalMinimum="0">
<defaultValue>
<value>0.0</value>
</defaultValue>
</outcomeDeclaration>
<outcomeDeclaration identifier="MAXSCORE" cardinality="single" baseType="float">
<defaultValue>
<value>1</value>
</defaultValue>
</outcomeDeclaration>
<outcomeDeclaration identifier="FEEDBACKBASIC" cardinality="single" baseType="identifier" view="testConstructor">
<defaultValue>
<value>empty</value>
</defaultValue>
</outcomeDeclaration>
<outcomeDeclaration identifier="FEEDBACKMODAL" cardinality="multiple" baseType="identifier" view="testConstructor"/>
<outcomeDeclaration identifier="SOLUTIONMODAL" cardinality="single" baseType="identifier" view="testConstructor"/>
<outcomeDeclaration identifier="MINSCORE" cardinality="single" baseType="float">
<defaultValue>
<value baseType="float">0</value>
</defaultValue>
</outcomeDeclaration>
<outcomeDeclaration identifier="SCORE_RESPONSE_1" cardinality="single" baseType="float">
<defaultValue>
<value>0.0</value>
</defaultValue>
</outcomeDeclaration>
<outcomeDeclaration identifier="MINSCORE_RESPONSE_1" cardinality="single" baseType="float">
<defaultValue>
<value>0.0</value>
</defaultValue>
</outcomeDeclaration>
<itemBody>
<p>In the population, shyness is normally distributed with a mean of 12 and a standard deviation of 5. The reliability of a shyness test is .78 (Cronbach’s alpha). In a study on shyness, the 40 shyest children were selected (children with the highest scores on the test). Twenty of these children were assigned to a control groups and 20 to a treatment group. The children in the treatment group received an assertiveness intervention. After the intervention, the shyness test was administered again to all of the children. Below, the means of the control and the treatment groups on both measurements are given.</p>
<table>
<thead>
<tr class="header">
<th align="left">Group</th>
<th align="left">Mean_pretest</th>
<th align="left">Mean_posttest</th>
</tr>
</thead>
<tbody>
<tr class="odd">
<td align="left">Control group (n=20)</td>
<td align="left">20</td>
<td align="left">18</td>
</tr>
<tr class="even">
<td align="left">Treatment group (n=20)</td>
<td align="left">20</td>
<td align="left">16</td>
</tr>
</tbody>
</table>
<p>Evaluate the statements below:</p>
<p>I. If the reliability of the shyness test were to be 0, then the mean on the pre-test would have been higher for both groups.</p>
<ol start="2" style="list-style-type: upper-roman">
<li>Because there is a control group, there is no regression to the mean in this case.</li>
</ol>
<choiceInteraction responseIdentifier="eur-reliability-210-en-ans_992448711_section_1_item_1_schoice_RESPONSE_1_6895040" shuffle="false" maxChoices="1">
<simpleChoice identifier="eur-reliability-210-en-ans_992448711_section_1_item_1_schoice_1_2873879101">
<p>
 Statement I is true and statement II is false
</p>
</simpleChoice>
<simpleChoice identifier="eur-reliability-210-en-ans_992448711_section_1_item_1_schoice_2_1539766591">
<p>
 Statement I and statement II are both false
</p>
</simpleChoice>
<simpleChoice identifier="eur-reliability-210-en-ans_992448711_section_1_item_1_schoice_3_5788771867">
<p>
 Statement I and statement II are both true
</p>
</simpleChoice>
<simpleChoice identifier="eur-reliability-210-en-ans_992448711_section_1_item_1_schoice_4_8161048858">
<p>
 Statement I is false and statement II is true
</p>
</simpleChoice>
</choiceInteraction>
</itemBody>
<responseProcessing>
<setOutcomeValue identifier="SCORE_RESPONSE_1">
<sum>
<variable identifier="SCORE_RESPONSE_1"/>
<mapResponse identifier="eur-reliability-210-en-ans_992448711_section_1_item_1_schoice_RESPONSE_1_6895040"/>
</sum>
</setOutcomeValue>
<responseCondition>
<responseIf>
<lt>
<variable identifier="SCORE_RESPONSE_1"/>
<variable identifier="MINSCORE_RESPONSE_1"/>
</lt>
<setOutcomeValue identifier="SCORE_RESPONSE_1">
<variable identifier="MINSCORE_RESPONSE_1"/>
</setOutcomeValue>
</responseIf>
</responseCondition>
<responseCondition>
<responseIf>
<isNull>
<variable identifier="eur-reliability-210-en-ans_992448711_section_1_item_1_schoice_RESPONSE_1_6895040"/>
</isNull>
<setOutcomeValue identifier="SCORE_RESPONSE_1">
<sum>
<variable identifier="SCORE_RESPONSE_1"/>
<baseValue baseType="float">0</baseValue>
</sum>
</setOutcomeValue>
</responseIf>
</responseCondition>
<setOutcomeValue identifier="SCORE">
<sum>
<variable identifier="SCORE_RESPONSE_1"/>
</sum>
</setOutcomeValue>
<responseCondition>
<responseIf>
<lt>
<variable identifier="SCORE"/>
<variable identifier="MINSCORE"/>
</lt>
<setOutcomeValue identifier="SCORE">
<variable identifier="MINSCORE"/>
</setOutcomeValue>
</responseIf>
</responseCondition>
<responseCondition>
<responseIf>
<lt>
<variable identifier="SCORE"/>
<baseValue baseType="float">1</baseValue>
</lt>
<setOutcomeValue identifier="FEEDBACKMODAL">
<multiple>
<variable identifier="FEEDBACKMODAL"/>
<baseValue baseType="identifier">Feedback164282358</baseValue>
</multiple>
</setOutcomeValue>
</responseIf>
</responseCondition>
</responseProcessing>
<modalFeedback outcomeIdentifier="FEEDBACK" showHide="show" identifier="incorrect">
<p>Both statements are false. If the reliability were 0, then you have only measurement error and in that case the scores on the pre-test could have been either higher, lower, or equal. Including a control group does not influence the presence of regression to the mean, but merely concerns the design of the study and whether causal conclusions may be drawn (see WE chapter 7).</p>
<br />
<ul>
<li> Statement I is true and statement II is false <br /> False </li>
<li> Statement I and statement II are both false <br /> True </li>
<li> Statement I and statement II are both true <br /> False </li>
<li> Statement I is false and statement II is true <br /> False </li>
</ul>
</modalFeedback>
</assessmentItem>
