<?xml version="1.0" encoding="utf-8" standalone="yes"?>
<assessmentItem identifier="vufsw-sum_of_squares-2067-nl-tv_202601131822_item_1_schoice" title="vufsw-sum_of_squares-2067-nl-tv_202601131822_item_1_schoice_vufsw-sum of squares-2067-nl" adaptive="false" timeDependent="false" toolName="Testvision Online" toolVersion="39.0.9084" xmlns="http://www.imsglobal.org/xsd/imsqti_v2p1">
<responseDeclaration identifier="RESPONSE" cardinality="single" baseType="identifier">
<correctResponse>
<value>alt_587629</value>
</correctResponse>
<mapping defaultValue="0" lowerBound="0.0">
<mapEntry mapKey="alt_346151" mappedValue="-0.333333333333333"/>
<mapEntry mapKey="alt_916130" mappedValue="-0.333333333333333"/>
<mapEntry mapKey="alt_326567" mappedValue="-0.333333333333333"/>
<mapEntry mapKey="alt_587629" mappedValue="1"/>
</mapping>
</responseDeclaration>
<outcomeDeclaration identifier="SCORE" cardinality="single" baseType="float" normalMaximum="1" normalMinimum="0" />
<outcomeDeclaration identifier="FEEDBACK" cardinality="single" baseType="identifier" />
<stylesheet href="css/vufsw-sum_of_squares-2067-nl-tv_202601131822_item_1_schoice.css" type="text/css" />
<itemBody>
<p>Hieronder staan een aantal output tabellen van een serie ANOVA- en een
ANCOVA analyses van cultuurparticipatie, dat gemeten is op tijdstip 1
(culpar_1: vóórdat het cjp werd uitgedeeld) en op tijdstip 2
(culpar_2)  onder dezelfde respondenten die in 2 groepen onder te
verdelen zijn: een groep die geen cjp krijgt  en een groep die tussen
tijdstip 1 en 2 een CJP heeft gekregen (een groep die al een cjp had is
buiten beschouwing gelaten).</p>
<p><img src="mediafiles/supplements1/Schermafbeelding__2019-01-30__om__19.20.50.png" alt="image"/><img src="mediafiles/supplements1/Schermafbeelding__2019-01-30__om__19.21.31.png" alt="image"/></p>
<p>Welke (originele) sums of squares probeer je te reduceren door het
toevoegen van een covariaat?</p>
<choiceInteraction responseIdentifier="RESPONSE" shuffle="false" maxChoices="1">
<simpleChoice identifier="alt_346151">
<div class="textblock tvblock tvcss_1"><div class="rte_zone tveditor1">
 12.755
</div>
</div>
</simpleChoice>
<simpleChoice identifier="alt_916130">
<div class="textblock tvblock tvcss_1"><div class="rte_zone tveditor1">
 13974.139
</div>
</div>
</simpleChoice>
<simpleChoice identifier="alt_326567">
<div class="textblock tvblock tvcss_1"><div class="rte_zone tveditor1">
 59006.209
</div>
</div>
</simpleChoice>
<simpleChoice identifier="alt_587629">
<div class="textblock tvblock tvcss_1"><div class="rte_zone tveditor1">
 58993.454
</div>
</div>
</simpleChoice>
</choiceInteraction>
</itemBody>
<responseProcessing>
<responseCondition>
<responseIf>
<isNull>
<variable identifier="RESPONSE"/>
</isNull>
<setOutcomeValue identifier="SCORE">
<baseValue baseType="float">0.0</baseValue>
</setOutcomeValue>
<setOutcomeValue identifier="FEEDBACK">
<baseValue baseType="identifier">FAILURE</baseValue>
</setOutcomeValue>
</responseIf>
<responseElse>
<setOutcomeValue identifier="SCORE">
<mapResponse identifier="RESPONSE"/>
</setOutcomeValue>
<responseCondition>
<responseIf>
<equal toleranceMode="relative" tolerance="0.001">
<variable identifier="SCORE"/>
<variable identifier="MAXSCORE"/>
</equal>
<setOutcomeValue identifier="FEEDBACK">
<baseValue baseType="identifier">ANSWER_CORRECT</baseValue>
</setOutcomeValue>
</responseIf>
<responseElse>
<setOutcomeValue identifier="FEEDBACK">
<baseValue baseType="identifier">FAILURE</baseValue>
</setOutcomeValue>
</responseElse>
</responseCondition>
</responseElse>
</responseCondition>
</responseProcessing>
<modalFeedback identifier="FAILURE" outcomeIdentifier="FEEDBACK" showHide="show">
<div class="textblock tvblock tvcss_1"><div class="rte_zone tveditor1">
<ul>
<li> 12.755 <br /> False </li>
<li> 13974.139 <br /> False </li>
<li> 59006.209 <br /> False </li>
<li> 58993.454 <br /> True </li>
</ul>
</div>
</div>
</modalFeedback>
<modalFeedback identifier="ANSWER_CORRECT" outcomeIdentifier="FEEDBACK" showHide="show">
<div class="textblock tvblock tvcss_1"><div class="rte_zone tveditor1">
<ul>
<li> 12.755 <br /> False </li>
<li> 13974.139 <br /> False </li>
<li> 59006.209 <br /> False </li>
<li> 58993.454 <br /> True </li>
</ul>
</div>
</div>
</modalFeedback>
<modalFeedback identifier="PARTIAL_CORRECT" outcomeIdentifier="FEEDBACK" showHide="show">
<div class="textblock tvblock tvcss_1"><div class="rte_zone tveditor1">
<ul>
<li> 12.755 <br /> False </li>
<li> 13974.139 <br /> False </li>
<li> 59006.209 <br /> False </li>
<li> 58993.454 <br /> True </li>
</ul>
</div>
</div>
</modalFeedback>
</assessmentItem>
