<?xml version="1.0" encoding="UTF-8"?>
<assessmentItem xsi:schemaLocation="http://www.imsglobal.org/xsd/imsqti_v2p1 http://www.imsglobal.org/xsd/qti/qtiv2p1/imsqti_v2p1p1.xsd http://www.w3.org/1998/Math/MathML http://www.w3.org/Math/XMLSchema/mathml2/mathml2.xsd" identifier="uva-uniform-1130-nl-qti_935544808_section_1_item_1_schoice" title="1" adaptive="false" timeDependent="false" xmlns="http://www.imsglobal.org/xsd/imsqti_v2p1" xmlns:xsi="http://www.w3.org/2001/XMLSchema-instance">
<responseDeclaration identifier="uva-uniform-1130-nl-qti_935544808_section_1_item_1_schoice_RESPONSE_1_8983118" cardinality="single" baseType="identifier">
<correctResponse>
<value>uva-uniform-1130-nl-qti_935544808_section_1_item_1_schoice_3_7499207344</value>
</correctResponse>
<mapping defaultValue="0" lowerBound="0.0">
<mapEntry mapKey="uva-uniform-1130-nl-qti_935544808_section_1_item_1_schoice_1_3861519087" mappedValue="0"/>
<mapEntry mapKey="uva-uniform-1130-nl-qti_935544808_section_1_item_1_schoice_2_6167090901" mappedValue="0"/>
<mapEntry mapKey="uva-uniform-1130-nl-qti_935544808_section_1_item_1_schoice_3_7499207344" mappedValue="1"/>
<mapEntry mapKey="uva-uniform-1130-nl-qti_935544808_section_1_item_1_schoice_4_2308850188" mappedValue="0"/>
</mapping>
</responseDeclaration>
<outcomeDeclaration identifier="SCORE" cardinality="single" baseType="float" normalMaximum="1" normalMinimum="0">
<defaultValue>
<value>0.0</value>
</defaultValue>
</outcomeDeclaration>
<outcomeDeclaration identifier="MAXSCORE" cardinality="single" baseType="float">
<defaultValue>
<value>1</value>
</defaultValue>
</outcomeDeclaration>
<outcomeDeclaration identifier="FEEDBACKBASIC" cardinality="single" baseType="identifier" view="testConstructor">
<defaultValue>
<value>empty</value>
</defaultValue>
</outcomeDeclaration>
<outcomeDeclaration identifier="FEEDBACKMODAL" cardinality="multiple" baseType="identifier" view="testConstructor"/>
<outcomeDeclaration identifier="SOLUTIONMODAL" cardinality="single" baseType="identifier" view="testConstructor"/>
<outcomeDeclaration identifier="MINSCORE" cardinality="single" baseType="float">
<defaultValue>
<value baseType="float">0</value>
</defaultValue>
</outcomeDeclaration>
<outcomeDeclaration identifier="SCORE_RESPONSE_1" cardinality="single" baseType="float">
<defaultValue>
<value>0.0</value>
</defaultValue>
</outcomeDeclaration>
<outcomeDeclaration identifier="MINSCORE_RESPONSE_1" cardinality="single" baseType="float">
<defaultValue>
<value>0.0</value>
</defaultValue>
</outcomeDeclaration>
<itemBody>
<p>Een spel wordt gespeeld met een spinner op een cirkel, zoals een wijzer
van een klok die constant door een motortje wordt aangedreven. De cirkel
is gelijkmatig verdeeld in segmenten genummerd van <strong><em>1 tot en met
100</em></strong>. De speler draait de spinner en het resulterende nummer is de
tijd (in seconden) die de speler krijgt om een vraag te beantwoorden.
Stel de uniforme toevalsvariabele <em>X</em> = de hoeveelheid tijd van de
speler. Wat is dan de kans op <em>P</em>(X≤ 15)?<br />
</p>
<choiceInteraction responseIdentifier="uva-uniform-1130-nl-qti_935544808_section_1_item_1_schoice_RESPONSE_1_8983118" shuffle="false" maxChoices="1">
<simpleChoice identifier="uva-uniform-1130-nl-qti_935544808_section_1_item_1_schoice_1_3861519087">
<p>
 0,01
</p>
</simpleChoice>
<simpleChoice identifier="uva-uniform-1130-nl-qti_935544808_section_1_item_1_schoice_2_6167090901">
<p>
 0,10
</p>
</simpleChoice>
<simpleChoice identifier="uva-uniform-1130-nl-qti_935544808_section_1_item_1_schoice_3_7499207344">
<p>
 0,15
</p>
</simpleChoice>
<simpleChoice identifier="uva-uniform-1130-nl-qti_935544808_section_1_item_1_schoice_4_2308850188">
<p>
 0,85
</p>
</simpleChoice>
</choiceInteraction>
</itemBody>
<responseProcessing>
<setOutcomeValue identifier="SCORE_RESPONSE_1">
<sum>
<variable identifier="SCORE_RESPONSE_1"/>
<mapResponse identifier="uva-uniform-1130-nl-qti_935544808_section_1_item_1_schoice_RESPONSE_1_8983118"/>
</sum>
</setOutcomeValue>
<responseCondition>
<responseIf>
<lt>
<variable identifier="SCORE_RESPONSE_1"/>
<variable identifier="MINSCORE_RESPONSE_1"/>
</lt>
<setOutcomeValue identifier="SCORE_RESPONSE_1">
<variable identifier="MINSCORE_RESPONSE_1"/>
</setOutcomeValue>
</responseIf>
</responseCondition>
<responseCondition>
<responseIf>
<isNull>
<variable identifier="uva-uniform-1130-nl-qti_935544808_section_1_item_1_schoice_RESPONSE_1_8983118"/>
</isNull>
<setOutcomeValue identifier="SCORE_RESPONSE_1">
<sum>
<variable identifier="SCORE_RESPONSE_1"/>
<baseValue baseType="float">0</baseValue>
</sum>
</setOutcomeValue>
</responseIf>
</responseCondition>
<setOutcomeValue identifier="SCORE">
<sum>
<variable identifier="SCORE_RESPONSE_1"/>
</sum>
</setOutcomeValue>
<responseCondition>
<responseIf>
<lt>
<variable identifier="SCORE"/>
<variable identifier="MINSCORE"/>
</lt>
<setOutcomeValue identifier="SCORE">
<variable identifier="MINSCORE"/>
</setOutcomeValue>
</responseIf>
</responseCondition>
<responseCondition>
<responseIf>
<lt>
<variable identifier="SCORE"/>
<baseValue baseType="float">1</baseValue>
</lt>
<setOutcomeValue identifier="FEEDBACKMODAL">
<multiple>
<variable identifier="FEEDBACKMODAL"/>
<baseValue baseType="identifier">Feedback185713352</baseValue>
</multiple>
</setOutcomeValue>
</responseIf>
</responseCondition>
</responseProcessing>
<modalFeedback identifier="Feedback185713352" outcomeIdentifier="FEEDBACKMODAL" showHide="show">
<ul>
<li> 0,01 <br /> 0,01: Incorrect </li>
<li> 0,10 <br /> 0,10: Incorrect </li>
<li> 0,15 <br /> 0,15: Correct </li>
<li> 0,85 <br /> 0,85: Incorrect </li>
</ul>
</modalFeedback>
</assessmentItem>
