<?xml version="1.0" encoding="UTF-8"?>
<!DOCTYPE questestinterop SYSTEM "ims_qtiasiv1p2p1.dtd">

<questestinterop xmlns="http://www.imsglobal.org/xsd/ims_qtiasiv1p2" xmlns:xsi="http://www.w3.org/2001/XMLSchema-instance" xsi:schemaLocation="http://www.imsglobal.org/xsd/ims_qtiasiv1p2 http://www.imsglobal.org/xsd/ims_qtiasiv1p2p1.xsd">
<assessment ident="vufsw-correlations-1297-en-canvas_813652810" title="vufsw-correlations-1297-en-canvas">

<qtimetadata>
<qtimetadatafield>
<fieldlabel>cc_maxattempts</fieldlabel>
<fieldentry>1</fieldentry>
</qtimetadatafield>
<qtimetadatafield>
<fieldlabel>qmd_assessmenttype</fieldlabel>
<fieldentry>Assessment</fieldentry>
</qtimetadatafield>
</qtimetadata>
<objectives>
<material>
<mattext><![CDATA[Please solve the following exercises.]]></mattext>
</material>
</objectives>
<assessmentcontrol feedbackswitch="No" hintswitch="No" solutionswitch="Yes"/>
<outcomes_processing scoremodel="SumOfScores">
<outcomes>
<decvar varname="SCORE" vartype="Decimal" cutvalue="0"/>
</outcomes>
</outcomes_processing>
<assessfeedback title="AssessmentFeedback" ident="AssessmentFeedback">
<flow_mat>
<material>
<mattext>##AssessmentFeedback##</mattext>
</material>
</flow_mat>
</assessfeedback>

<section ident="vufsw-correlations-1297-en-canvas_813652810_section_1" title="Exercise">

<objectives>
<material>
<mattext><![CDATA[Please answer the following question.]]></mattext>
</material>
</objectives>
<selection_ordering>
<selection>
<selection_number>1</selection_number>
<selection_extension>
<points_per_item>1</points_per_item>
</selection_extension>
</selection>
<order order_type="Random"/>
</selection_ordering>

<item ident="vufsw-correlations-1297-en-canvas_813652810_section_1_item_1_schoice" title="Question" maxattempts="1">
<itemcontrol feedbackswitch="No" hintswitch="No" solutionswitch="Yes"/>
<itemmetadata>
<qtimetadata>
<qtimetadatafield>
<fieldlabel>question_type</fieldlabel>
<fieldentry>multiple_choice_question</fieldentry>
</qtimetadatafield>
</qtimetadata>
</itemmetadata>
<presentation>
<flow>
<material>
<matbreak/>
<mattext texttype="text/html" charset="utf-8"><![CDATA[
<p><img src="data/supplements_1_1/1605617449406.png" /></p>
<p>In the partial correlation matrix below, including zero-order correlations, we examined the extent to which preference for healthy foods, such as granola or fish (HEALTHYFOOD), is correlated with education (EDUCATION) and income (INCOME). The data are from representative survey data among people between the ages of 20 and 40. Education is measured as last attained or current level of education (1-7: a higher score means a higher level of education). Income is measured in euros per month. The assumption is that education in causal order precedes income. Healthy eating (HEALTHYFOOD) is a continuous scale from 0 to 1.</p>
<p><img src="data/supplements_1_1/1605617642249.png" /></p>
<p>Which causal model best applies to the results of the partial correlation analysis?</p>
<p><img src="data/supplements_1_1/1606486551882.png" /></p>
]]></mattext>
<matbreak/>
</material>
<response_lid ident="vufsw-correlations-1297-en-canvas_813652810_section_1_item_1_schoice_RESPONSE_2745954" rcardinality="Single" rtiming="No">
<render_choice shuffle="No">
<flow_label class="List">
<response_label ident="vufsw-correlations-1297-en-canvas_813652810_section_1_item_1_schoice_1302421812" rshuffle="No">
<material>
<mattext texttype="text/html" charset="utf-8"><![CDATA[
 Model B
]]></mattext>
</material>
</response_label>
</flow_label>
<flow_label class="List">
<response_label ident="vufsw-correlations-1297-en-canvas_813652810_section_1_item_1_schoice_7353359166" rshuffle="No">
<material>
<mattext texttype="text/html" charset="utf-8"><![CDATA[
 Model A
]]></mattext>
</material>
</response_label>
</flow_label>
<flow_label class="List">
<response_label ident="vufsw-correlations-1297-en-canvas_813652810_section_1_item_1_schoice_1690865693" rshuffle="No">
<material>
<mattext texttype="text/html" charset="utf-8"><![CDATA[
 Model D
]]></mattext>
</material>
</response_label>
</flow_label>
<flow_label class="List">
<response_label ident="vufsw-correlations-1297-en-canvas_813652810_section_1_item_1_schoice_6493865919" rshuffle="No">
<material>
<mattext texttype="text/html" charset="utf-8"><![CDATA[
 Model C
]]></mattext>
</material>
</response_label>
</flow_label>
</render_choice>
</response_lid>
</flow>
</presentation>
<resprocessing>
<outcomes>
<decvar varname="SCORE" vartype="Decimal" defaultval="0" minvalue="0" maxvalue="1" cutvalue="1"/>
</outcomes>
<respcondition title="Mastery" continue="No">
<conditionvar>
<and>
<varequal respident="vufsw-correlations-1297-en-canvas_813652810_section_1_item_1_schoice_RESPONSE_2745954" case="Yes">vufsw-correlations-1297-en-canvas_813652810_section_1_item_1_schoice_6493865919</varequal>
<not> <varequal respident="vufsw-correlations-1297-en-canvas_813652810_section_1_item_1_schoice_RESPONSE_2745954" case="Yes">vufsw-correlations-1297-en-canvas_813652810_section_1_item_1_schoice_1302421812</varequal> </not>
<not> <varequal respident="vufsw-correlations-1297-en-canvas_813652810_section_1_item_1_schoice_RESPONSE_2745954" case="Yes">vufsw-correlations-1297-en-canvas_813652810_section_1_item_1_schoice_7353359166</varequal> </not>
<not> <varequal respident="vufsw-correlations-1297-en-canvas_813652810_section_1_item_1_schoice_RESPONSE_2745954" case="Yes">vufsw-correlations-1297-en-canvas_813652810_section_1_item_1_schoice_1690865693</varequal> </not>
</and>
</conditionvar>
<setvar varname="SCORE" action="Set">1</setvar>
<displayfeedback feedbacktype="Response" linkrefid="correct_fb"/>
</respcondition>
<respcondition continue="Yes">
<conditionvar>
<other/>
</conditionvar>
<displayfeedback feedbacktype="Response" linkrefid="general_incorrect_fb"/>
</respcondition>
</resprocessing>
<itemfeedback ident="correct_fb" view="All">
<flow_mat>
<material>
<mattext texttype="text/html"><![CDATA[
<ul>
<li> Model B <br /> False </li>
<li> Model A <br /> False </li>
<li> Model D <br /> False </li>
<li> Model C <br /> True </li>
</ul>
]]></mattext>
</material>
</flow_mat>
</itemfeedback>
<itemfeedback ident="general_incorrect_fb" view="All">
<flow_mat>
<material>
<mattext texttype="text/html"><![CDATA[
<ul>
<li> Model B <br /> False </li>
<li> Model A <br /> False </li>
<li> Model D <br /> False </li>
<li> Model C <br /> True </li>
</ul>
]]></mattext>
</material>
</flow_mat>
</itemfeedback>
</item>


</section>

</assessment>
</questestinterop>
