<?xml version="1.0" encoding="UTF-8"?>
<assessmentItem xsi:schemaLocation="http://www.imsglobal.org/xsd/imsqti_v2p1 http://www.imsglobal.org/xsd/qti/qtiv2p1/imsqti_v2p1p1.xsd http://www.w3.org/1998/Math/MathML http://www.w3.org/Math/XMLSchema/mathml2/mathml2.xsd" identifier="vufgb-regressionftest-004-en-ans_597860613_section_1_item_1_schoice" title="Inferential_Statistics_vufgb-regressionftest-004-en_vufgb-regressionftest-004-en_schoice_1" adaptive="false" timeDependent="false" xmlns="http://www.imsglobal.org/xsd/imsqti_v2p1" xmlns:xsi="http://www.w3.org/2001/XMLSchema-instance">
<responseDeclaration identifier="vufgb-regressionftest-004-en-ans_597860613_section_1_item_1_schoice_RESPONSE_1_7861672" cardinality="single" baseType="identifier">
<correctResponse>
<value>vufgb-regressionftest-004-en-ans_597860613_section_1_item_1_schoice_3_3491539248</value>
</correctResponse>
<mapping defaultValue="0" lowerBound="0.0">
<mapEntry mapKey="vufgb-regressionftest-004-en-ans_597860613_section_1_item_1_schoice_1_1291613955" mappedValue="0"/>
<mapEntry mapKey="vufgb-regressionftest-004-en-ans_597860613_section_1_item_1_schoice_2_9585960752" mappedValue="0"/>
<mapEntry mapKey="vufgb-regressionftest-004-en-ans_597860613_section_1_item_1_schoice_3_3491539248" mappedValue="1"/>
<mapEntry mapKey="vufgb-regressionftest-004-en-ans_597860613_section_1_item_1_schoice_4_8103002084" mappedValue="0"/>
</mapping>
</responseDeclaration>
<outcomeDeclaration identifier="SCORE" cardinality="single" baseType="float" normalMaximum="1" normalMinimum="0">
<defaultValue>
<value>0.0</value>
</defaultValue>
</outcomeDeclaration>
<outcomeDeclaration identifier="MAXSCORE" cardinality="single" baseType="float">
<defaultValue>
<value>1</value>
</defaultValue>
</outcomeDeclaration>
<outcomeDeclaration identifier="FEEDBACKBASIC" cardinality="single" baseType="identifier" view="testConstructor">
<defaultValue>
<value>empty</value>
</defaultValue>
</outcomeDeclaration>
<outcomeDeclaration identifier="FEEDBACKMODAL" cardinality="multiple" baseType="identifier" view="testConstructor"/>
<outcomeDeclaration identifier="SOLUTIONMODAL" cardinality="single" baseType="identifier" view="testConstructor"/>
<outcomeDeclaration identifier="MINSCORE" cardinality="single" baseType="float">
<defaultValue>
<value baseType="float">0</value>
</defaultValue>
</outcomeDeclaration>
<outcomeDeclaration identifier="SCORE_RESPONSE_1" cardinality="single" baseType="float">
<defaultValue>
<value>0.0</value>
</defaultValue>
</outcomeDeclaration>
<outcomeDeclaration identifier="MINSCORE_RESPONSE_1" cardinality="single" baseType="float">
<defaultValue>
<value>0.0</value>
</defaultValue>
</outcomeDeclaration>
<itemBody>
<p>In a sample of 125 individuals, a multiple regression model with two predictors is compared with a single regression model. The <span class="math inline">\(R^{2}\)</span> of the full model is 0.30, that of the reduced model is 0.25.</p>
<p>Calculate <span class="math inline">\(F_{inc}\)</span>.</p>
<choiceInteraction responseIdentifier="vufgb-regressionftest-004-en-ans_597860613_section_1_item_1_schoice_RESPONSE_1_7861672" shuffle="false" maxChoices="1">
<simpleChoice identifier="vufgb-regressionftest-004-en-ans_597860613_section_1_item_1_schoice_1_1291613955">
<p>
 8.13
</p>
</simpleChoice>
<simpleChoice identifier="vufgb-regressionftest-004-en-ans_597860613_section_1_item_1_schoice_2_9585960752">
<p>
 8.33
</p>
</simpleChoice>
<simpleChoice identifier="vufgb-regressionftest-004-en-ans_597860613_section_1_item_1_schoice_3_3491539248">
<p>
 8.71
</p>
</simpleChoice>
<simpleChoice identifier="vufgb-regressionftest-004-en-ans_597860613_section_1_item_1_schoice_4_8103002084">
<p>
 8.93
</p>
</simpleChoice>
</choiceInteraction>
</itemBody>
<responseProcessing>
<setOutcomeValue identifier="SCORE_RESPONSE_1">
<sum>
<variable identifier="SCORE_RESPONSE_1"/>
<mapResponse identifier="vufgb-regressionftest-004-en-ans_597860613_section_1_item_1_schoice_RESPONSE_1_7861672"/>
</sum>
</setOutcomeValue>
<responseCondition>
<responseIf>
<lt>
<variable identifier="SCORE_RESPONSE_1"/>
<variable identifier="MINSCORE_RESPONSE_1"/>
</lt>
<setOutcomeValue identifier="SCORE_RESPONSE_1">
<variable identifier="MINSCORE_RESPONSE_1"/>
</setOutcomeValue>
</responseIf>
</responseCondition>
<responseCondition>
<responseIf>
<isNull>
<variable identifier="vufgb-regressionftest-004-en-ans_597860613_section_1_item_1_schoice_RESPONSE_1_7861672"/>
</isNull>
<setOutcomeValue identifier="SCORE_RESPONSE_1">
<sum>
<variable identifier="SCORE_RESPONSE_1"/>
<baseValue baseType="float">0</baseValue>
</sum>
</setOutcomeValue>
</responseIf>
</responseCondition>
<setOutcomeValue identifier="SCORE">
<sum>
<variable identifier="SCORE_RESPONSE_1"/>
</sum>
</setOutcomeValue>
<responseCondition>
<responseIf>
<lt>
<variable identifier="SCORE"/>
<variable identifier="MINSCORE"/>
</lt>
<setOutcomeValue identifier="SCORE">
<variable identifier="MINSCORE"/>
</setOutcomeValue>
</responseIf>
</responseCondition>
<responseCondition>
<responseIf>
<lt>
<variable identifier="SCORE"/>
<baseValue baseType="float">1</baseValue>
</lt>
<setOutcomeValue identifier="FEEDBACKMODAL">
<multiple>
<variable identifier="FEEDBACKMODAL"/>
<baseValue baseType="identifier">Feedback633293333</baseValue>
</multiple>
</setOutcomeValue>
</responseIf>
</responseCondition>
</responseProcessing>
<modalFeedback outcomeIdentifier="FEEDBACK" showHide="show" identifier="incorrect">
<ul>
<li> 8.13 <br /> Incorrect </li>
<li> 8.33 <br /> Incorrect </li>
<li> 8.71 <br /> Correct </li>
<li> 8.93 <br /> Incorrect </li>
</ul>
</modalFeedback>
</assessmentItem>
