<?xml version="1.0" encoding="utf-8" standalone="yes"?>
<assessmentItem identifier="uva-equation-1932-nl-tv_202601131821_item_1_schoice" title="uva-equation-1932-nl-tv_202601131821_item_1_schoice_uva-equation-1932-nl" adaptive="false" timeDependent="false" toolName="Testvision Online" toolVersion="39.0.9084" xmlns="http://www.imsglobal.org/xsd/imsqti_v2p1">
<responseDeclaration identifier="RESPONSE" cardinality="single" baseType="identifier">
<correctResponse>
<value>alt_176406</value>
</correctResponse>
<mapping defaultValue="0" lowerBound="0.0">
<mapEntry mapKey="alt_674208" mappedValue="-0.5"/>
<mapEntry mapKey="alt_176406" mappedValue="1"/>
<mapEntry mapKey="alt_189206" mappedValue="-0.5"/>
</mapping>
</responseDeclaration>
<outcomeDeclaration identifier="SCORE" cardinality="single" baseType="float" normalMaximum="1" normalMinimum="0" />
<outcomeDeclaration identifier="FEEDBACK" cardinality="single" baseType="identifier" />
<stylesheet href="css/uva-equation-1932-nl-tv_202601131821_item_1_schoice.css" type="text/css" />
<itemBody>
<p>We hebben een regressievergelijking <math display="inline" xmlns="http://www.w3.org/1998/Math/MathML"><semantics><mrow><mover><mi>y</mi><mo accent="true">̂</mo></mover><mo>=</mo><mn>7</mn><mo>+</mo><mn>6</mn><msub><mi>x</mi><mn>1</mn></msub><mo>+</mo><mn>7</mn><msub><mi>x</mi><mn>2</mn></msub><mo>+</mo><mn>8</mn><msub><mi>x</mi><mn>3</mn></msub></mrow><annotation encoding="application/x-tex">\hat{y} = 7 + 6x_{1} + 7x_{2} + 8x_{3}</annotation></semantics></math> We controleren voor <em>x</em><sub>1</sub> en <em>x</em><sub>3</sub>. Wat is de
toename in voorspelde <em>y</em> indien we voor <em>x</em><sub>2</sub> van 4 naar 7 gaan?</p>
<choiceInteraction responseIdentifier="RESPONSE" shuffle="false" maxChoices="1">
<simpleChoice identifier="alt_674208">
<div class="textblock tvblock tvcss_1"><div class="rte_zone tveditor1">
 3
</div>
</div>
</simpleChoice>
<simpleChoice identifier="alt_176406">
<div class="textblock tvblock tvcss_1"><div class="rte_zone tveditor1">
 21
</div>
</div>
</simpleChoice>
<simpleChoice identifier="alt_189206">
<div class="textblock tvblock tvcss_1"><div class="rte_zone tveditor1">
 24
</div>
</div>
</simpleChoice>
</choiceInteraction>
</itemBody>
<responseProcessing>
<responseCondition>
<responseIf>
<isNull>
<variable identifier="RESPONSE"/>
</isNull>
<setOutcomeValue identifier="SCORE">
<baseValue baseType="float">0.0</baseValue>
</setOutcomeValue>
<setOutcomeValue identifier="FEEDBACK">
<baseValue baseType="identifier">FAILURE</baseValue>
</setOutcomeValue>
</responseIf>
<responseElse>
<setOutcomeValue identifier="SCORE">
<mapResponse identifier="RESPONSE"/>
</setOutcomeValue>
<responseCondition>
<responseIf>
<equal toleranceMode="relative" tolerance="0.001">
<variable identifier="SCORE"/>
<variable identifier="MAXSCORE"/>
</equal>
<setOutcomeValue identifier="FEEDBACK">
<baseValue baseType="identifier">ANSWER_CORRECT</baseValue>
</setOutcomeValue>
</responseIf>
<responseElse>
<setOutcomeValue identifier="FEEDBACK">
<baseValue baseType="identifier">FAILURE</baseValue>
</setOutcomeValue>
</responseElse>
</responseCondition>
</responseElse>
</responseCondition>
</responseProcessing>
<modalFeedback identifier="FAILURE" outcomeIdentifier="FEEDBACK" showHide="show">
<div class="textblock tvblock tvcss_1"><div class="rte_zone tveditor1">
<ul>
<li> 3 <br /> 3: Incorrect </li>
<li> 21 <br /> 21: Correct </li>
<li> 24 <br /> 24: Incorrect </li>
</ul>
</div>
</div>
</modalFeedback>
<modalFeedback identifier="ANSWER_CORRECT" outcomeIdentifier="FEEDBACK" showHide="show">
<div class="textblock tvblock tvcss_1"><div class="rte_zone tveditor1">
<ul>
<li> 3 <br /> 3: Incorrect </li>
<li> 21 <br /> 21: Correct </li>
<li> 24 <br /> 24: Incorrect </li>
</ul>
</div>
</div>
</modalFeedback>
<modalFeedback identifier="PARTIAL_CORRECT" outcomeIdentifier="FEEDBACK" showHide="show">
<div class="textblock tvblock tvcss_1"><div class="rte_zone tveditor1">
<ul>
<li> 3 <br /> 3: Incorrect </li>
<li> 21 <br /> 21: Correct </li>
<li> 24 <br /> 24: Incorrect </li>
</ul>
</div>
</div>
</modalFeedback>
</assessmentItem>
