<?xml version="1.0" encoding="UTF-8"?>
<assessmentItem xsi:schemaLocation="http://www.imsglobal.org/xsd/imsqti_v2p1 http://www.imsglobal.org/xsd/qti/qtiv2p1/imsqti_v2p1p1.xsd http://www.w3.org/1998/Math/MathML http://www.w3.org/Math/XMLSchema/mathml2/mathml2.xsd" identifier="uu-Component-correlation-matrix-002-nl-ans_531662500_section_1_item_1_schoice" title="Factor-analysis_uu-Component-correlation-matrix-002-nl_uu-Component-correlation-matrix-002-nl_schoice_1" adaptive="false" timeDependent="false" xmlns="http://www.imsglobal.org/xsd/imsqti_v2p1" xmlns:xsi="http://www.w3.org/2001/XMLSchema-instance">
<responseDeclaration identifier="uu-Component-correlation-matrix-002-nl-ans_531662500_section_1_item_1_schoice_RESPONSE_1_5019703" cardinality="single" baseType="identifier">
<correctResponse>
<value>uu-Component-correlation-matrix-002-nl-ans_531662500_section_1_item_1_schoice_1_7967413840</value>
</correctResponse>
<mapping defaultValue="0" lowerBound="0.0">
<mapEntry mapKey="uu-Component-correlation-matrix-002-nl-ans_531662500_section_1_item_1_schoice_1_7967413840" mappedValue="1"/>
<mapEntry mapKey="uu-Component-correlation-matrix-002-nl-ans_531662500_section_1_item_1_schoice_2_6133166099" mappedValue="0"/>
<mapEntry mapKey="uu-Component-correlation-matrix-002-nl-ans_531662500_section_1_item_1_schoice_3_1427265701" mappedValue="0"/>
<mapEntry mapKey="uu-Component-correlation-matrix-002-nl-ans_531662500_section_1_item_1_schoice_4_8251444647" mappedValue="0"/>
</mapping>
</responseDeclaration>
<outcomeDeclaration identifier="SCORE" cardinality="single" baseType="float" normalMaximum="1" normalMinimum="0">
<defaultValue>
<value>0.0</value>
</defaultValue>
</outcomeDeclaration>
<outcomeDeclaration identifier="MAXSCORE" cardinality="single" baseType="float">
<defaultValue>
<value>1</value>
</defaultValue>
</outcomeDeclaration>
<outcomeDeclaration identifier="FEEDBACKBASIC" cardinality="single" baseType="identifier" view="testConstructor">
<defaultValue>
<value>empty</value>
</defaultValue>
</outcomeDeclaration>
<outcomeDeclaration identifier="FEEDBACKMODAL" cardinality="multiple" baseType="identifier" view="testConstructor"/>
<outcomeDeclaration identifier="SOLUTIONMODAL" cardinality="single" baseType="identifier" view="testConstructor"/>
<outcomeDeclaration identifier="MINSCORE" cardinality="single" baseType="float">
<defaultValue>
<value baseType="float">0</value>
</defaultValue>
</outcomeDeclaration>
<outcomeDeclaration identifier="SCORE_RESPONSE_1" cardinality="single" baseType="float">
<defaultValue>
<value>0.0</value>
</defaultValue>
</outcomeDeclaration>
<outcomeDeclaration identifier="MINSCORE_RESPONSE_1" cardinality="single" baseType="float">
<defaultValue>
<value>0.0</value>
</defaultValue>
</outcomeDeclaration>
<itemBody>
<p>Op de testscores van vijf persoonlijkheidstests (X1 tot en met X5) uit een testbatterij is een hogere orde factoranalyse uitgevoerd. Hieronder de factorladingen voor de ongeroteerde twee-factoroplossing.</p>
<p><img src="media/supplements1/uu-Component-correlation-matrix-002-nl-tabel.jpg" /></p>
<p>Beoordeel, op basis van deze resultaten, de volgende twee uitspraken.</p>
<p>I. Factor 2 verklaart meer dan 10% van de totale variantie van de testbatterij met vijf persoonlijkheidstests.
II. Persoonlijkheidstest 4 is het minst indicatief voor een inhoudelijke interpretatie van factor 2.</p>
<choiceInteraction responseIdentifier="uu-Component-correlation-matrix-002-nl-ans_531662500_section_1_item_1_schoice_RESPONSE_1_5019703" shuffle="false" maxChoices="1">
<simpleChoice identifier="uu-Component-correlation-matrix-002-nl-ans_531662500_section_1_item_1_schoice_1_7967413840">
<p>
 I is juist, II is juist
</p>
</simpleChoice>
<simpleChoice identifier="uu-Component-correlation-matrix-002-nl-ans_531662500_section_1_item_1_schoice_2_6133166099">
<p>
 I is juist, II is niet juist
</p>
</simpleChoice>
<simpleChoice identifier="uu-Component-correlation-matrix-002-nl-ans_531662500_section_1_item_1_schoice_3_1427265701">
<p>
 I is niet juist, II is juist
</p>
</simpleChoice>
<simpleChoice identifier="uu-Component-correlation-matrix-002-nl-ans_531662500_section_1_item_1_schoice_4_8251444647">
<p>
 I is niet juist, II is niet juist
</p>
</simpleChoice>
</choiceInteraction>
</itemBody>
<responseProcessing>
<setOutcomeValue identifier="SCORE_RESPONSE_1">
<sum>
<variable identifier="SCORE_RESPONSE_1"/>
<mapResponse identifier="uu-Component-correlation-matrix-002-nl-ans_531662500_section_1_item_1_schoice_RESPONSE_1_5019703"/>
</sum>
</setOutcomeValue>
<responseCondition>
<responseIf>
<lt>
<variable identifier="SCORE_RESPONSE_1"/>
<variable identifier="MINSCORE_RESPONSE_1"/>
</lt>
<setOutcomeValue identifier="SCORE_RESPONSE_1">
<variable identifier="MINSCORE_RESPONSE_1"/>
</setOutcomeValue>
</responseIf>
</responseCondition>
<responseCondition>
<responseIf>
<isNull>
<variable identifier="uu-Component-correlation-matrix-002-nl-ans_531662500_section_1_item_1_schoice_RESPONSE_1_5019703"/>
</isNull>
<setOutcomeValue identifier="SCORE_RESPONSE_1">
<sum>
<variable identifier="SCORE_RESPONSE_1"/>
<baseValue baseType="float">0</baseValue>
</sum>
</setOutcomeValue>
</responseIf>
</responseCondition>
<setOutcomeValue identifier="SCORE">
<sum>
<variable identifier="SCORE_RESPONSE_1"/>
</sum>
</setOutcomeValue>
<responseCondition>
<responseIf>
<lt>
<variable identifier="SCORE"/>
<variable identifier="MINSCORE"/>
</lt>
<setOutcomeValue identifier="SCORE">
<variable identifier="MINSCORE"/>
</setOutcomeValue>
</responseIf>
</responseCondition>
<responseCondition>
<responseIf>
<lt>
<variable identifier="SCORE"/>
<baseValue baseType="float">1</baseValue>
</lt>
<setOutcomeValue identifier="FEEDBACKMODAL">
<multiple>
<variable identifier="FEEDBACKMODAL"/>
<baseValue baseType="identifier">Feedback702514724</baseValue>
</multiple>
</setOutcomeValue>
</responseIf>
</responseCondition>
</responseProcessing>
<modalFeedback outcomeIdentifier="FEEDBACK" showHide="show" identifier="incorrect">
<p>Uitleg: Stelling 1: Deze vraag betreft de verklaarde variantie van de factor. Om die te berekenen, dient eerst de eigenwaarde van de factor bepaald te worden. Om deze te berekenen kwadrateren we de factorladingen van de items op factor 2, en tellen deze op:
<span class="math inline">\((-.19)^2+(-.33)^2+ (.60)^2+(-.07)^2+(.58^2)\)</span>= .036 +.109 +.360 +.005 + .336= .846
Dit wordt vervolgens door het aantal items gedeeld om de verklaarde variantie te krijgen:
.846/5= .169
Er wordt dus liefst 17% van de totale variantie verklaard door factor 2.</p>
<p>Stelling 2: Deze vraag betreft de factorlading van de items. Het item met de laagste absolute factorlading, is het minst indicatief voor een inhoudelijke interpretatie van de factor. Immers, deze laadt het slechtst op de factor. Omgekeerd: het item met de hoogste lading is het best te gebruiken als interpretatie. Item X4 laadt het laagst, met een absolute factorlading van .07.</p>
</modalFeedback>
</assessmentItem>
