<?xml version="1.0" encoding="UTF-8"?>
<!DOCTYPE questestinterop SYSTEM "ims_qtiasiv1p2p1.dtd">

<questestinterop xmlns="http://www.imsglobal.org/xsd/ims_qtiasiv1p2" xmlns:xsi="http://www.w3.org/2001/XMLSchema-instance" xsi:schemaLocation="http://www.imsglobal.org/xsd/ims_qtiasiv1p2 http://www.imsglobal.org/xsd/ims_qtiasiv1p2p1.xsd">
<assessment ident="uva-bayesian-statistics-974-en-canvas_139153599" title="uva-bayesian-statistics-974-en-canvas">

<qtimetadata>
<qtimetadatafield>
<fieldlabel>cc_maxattempts</fieldlabel>
<fieldentry>1</fieldentry>
</qtimetadatafield>
<qtimetadatafield>
<fieldlabel>qmd_assessmenttype</fieldlabel>
<fieldentry>Assessment</fieldentry>
</qtimetadatafield>
</qtimetadata>
<objectives>
<material>
<mattext><![CDATA[Please solve the following exercises.]]></mattext>
</material>
</objectives>
<assessmentcontrol feedbackswitch="No" hintswitch="No" solutionswitch="Yes"/>
<outcomes_processing scoremodel="SumOfScores">
<outcomes>
<decvar varname="SCORE" vartype="Decimal" cutvalue="0"/>
</outcomes>
</outcomes_processing>
<assessfeedback title="AssessmentFeedback" ident="AssessmentFeedback">
<flow_mat>
<material>
<mattext>##AssessmentFeedback##</mattext>
</material>
</flow_mat>
</assessfeedback>

<section ident="uva-bayesian-statistics-974-en-canvas_139153599_section_1" title="Exercise">

<objectives>
<material>
<mattext><![CDATA[Please answer the following question.]]></mattext>
</material>
</objectives>
<selection_ordering>
<selection>
<selection_number>1</selection_number>
<selection_extension>
<points_per_item>1</points_per_item>
</selection_extension>
</selection>
<order order_type="Random"/>
</selection_ordering>

<item ident="uva-bayesian-statistics-974-en-canvas_139153599_section_1_item_1_schoice" title="Question" maxattempts="1">
<itemcontrol feedbackswitch="No" hintswitch="No" solutionswitch="Yes"/>
<itemmetadata>
<qtimetadata>
<qtimetadatafield>
<fieldlabel>question_type</fieldlabel>
<fieldentry>multiple_choice_question</fieldentry>
</qtimetadatafield>
</qtimetadata>
</itemmetadata>
<presentation>
<flow>
<material>
<matbreak/>
<mattext texttype="text/html" charset="utf-8"><![CDATA[
<p>Suppose it is known that 0.1 of Dutch women have disease <em>D</em>. There is a test to detect this disease. That test is not always reliable: in 0.05 of the cases in which the person concerned has the disease the test gives the result as healthy. And 0.05 of the women who are not sick get a positive result that they are sick. Marja has taken such a test. What are the chances of her getting a positive result get?</p>
]]></mattext>
<matbreak/>
</material>
<response_lid ident="uva-bayesian-statistics-974-en-canvas_139153599_section_1_item_1_schoice_RESPONSE_1496516" rcardinality="Single" rtiming="No">
<render_choice shuffle="No">
<flow_label class="List">
<response_label ident="uva-bayesian-statistics-974-en-canvas_139153599_section_1_item_1_schoice_9394056179" rshuffle="No">
<material>
<mattext texttype="text/html" charset="utf-8"><![CDATA[
 0,001
]]></mattext>
</material>
</response_label>
</flow_label>
<flow_label class="List">
<response_label ident="uva-bayesian-statistics-974-en-canvas_139153599_section_1_item_1_schoice_9467526528" rshuffle="No">
<material>
<mattext texttype="text/html" charset="utf-8"><![CDATA[
 0,019
]]></mattext>
</material>
</response_label>
</flow_label>
<flow_label class="List">
<response_label ident="uva-bayesian-statistics-974-en-canvas_139153599_section_1_item_1_schoice_3430107738" rshuffle="No">
<material>
<mattext texttype="text/html" charset="utf-8"><![CDATA[
 0,051
]]></mattext>
</material>
</response_label>
</flow_label>
<flow_label class="List">
<response_label ident="uva-bayesian-statistics-974-en-canvas_139153599_section_1_item_1_schoice_1089291663" rshuffle="No">
<material>
<mattext texttype="text/html" charset="utf-8"><![CDATA[
 0,958
]]></mattext>
</material>
</response_label>
</flow_label>
</render_choice>
</response_lid>
</flow>
</presentation>
<resprocessing>
<outcomes>
<decvar varname="SCORE" vartype="Decimal" defaultval="0" minvalue="0" maxvalue="1" cutvalue="1"/>
</outcomes>
<respcondition title="Mastery" continue="No">
<conditionvar>
<and>
<varequal respident="uva-bayesian-statistics-974-en-canvas_139153599_section_1_item_1_schoice_RESPONSE_1496516" case="Yes">uva-bayesian-statistics-974-en-canvas_139153599_section_1_item_1_schoice_3430107738</varequal>
<not> <varequal respident="uva-bayesian-statistics-974-en-canvas_139153599_section_1_item_1_schoice_RESPONSE_1496516" case="Yes">uva-bayesian-statistics-974-en-canvas_139153599_section_1_item_1_schoice_9394056179</varequal> </not>
<not> <varequal respident="uva-bayesian-statistics-974-en-canvas_139153599_section_1_item_1_schoice_RESPONSE_1496516" case="Yes">uva-bayesian-statistics-974-en-canvas_139153599_section_1_item_1_schoice_9467526528</varequal> </not>
<not> <varequal respident="uva-bayesian-statistics-974-en-canvas_139153599_section_1_item_1_schoice_RESPONSE_1496516" case="Yes">uva-bayesian-statistics-974-en-canvas_139153599_section_1_item_1_schoice_1089291663</varequal> </not>
</and>
</conditionvar>
<setvar varname="SCORE" action="Set">1</setvar>
<displayfeedback feedbacktype="Response" linkrefid="correct_fb"/>
</respcondition>
<respcondition continue="Yes">
<conditionvar>
<other/>
</conditionvar>
<displayfeedback feedbacktype="Response" linkrefid="general_incorrect_fb"/>
</respcondition>
</resprocessing>
<itemfeedback ident="correct_fb" view="All">
<flow_mat>
<material>
<mattext texttype="text/html"><![CDATA[
<ul>
<li> 0,001 <br /> 0.001: Incorrect </li>
<li> 0,019 <br /> 0,019: Incorrect </li>
<li> 0,051 <br /> 0.051: Correct </li>
<li> 0,958 <br /> 0.958: Incorrect </li>
</ul>
]]></mattext>
</material>
</flow_mat>
</itemfeedback>
<itemfeedback ident="general_incorrect_fb" view="All">
<flow_mat>
<material>
<mattext texttype="text/html"><![CDATA[
<ul>
<li> 0,001 <br /> 0.001: Incorrect </li>
<li> 0,019 <br /> 0,019: Incorrect </li>
<li> 0,051 <br /> 0.051: Correct </li>
<li> 0,958 <br /> 0.958: Incorrect </li>
</ul>
]]></mattext>
</material>
</flow_mat>
</itemfeedback>
</item>


</section>

</assessment>
</questestinterop>
