<?xml version="1.0" encoding="UTF-8"?>
<!DOCTYPE questestinterop SYSTEM "ims_qtiasiv1p2p1.dtd">

<questestinterop xmlns="http://www.imsglobal.org/xsd/ims_qtiasiv1p2" xmlns:xsi="http://www.w3.org/2001/XMLSchema-instance" xsi:schemaLocation="http://www.imsglobal.org/xsd/ims_qtiasiv1p2 http://www.imsglobal.org/xsd/ims_qtiasiv1p2p1.xsd">
<assessment ident="vufgb-anova-024-nl-canvas_340218017" title="vufgb-anova-024-nl-canvas">

<qtimetadata>
<qtimetadatafield>
<fieldlabel>cc_maxattempts</fieldlabel>
<fieldentry>1</fieldentry>
</qtimetadatafield>
<qtimetadatafield>
<fieldlabel>qmd_assessmenttype</fieldlabel>
<fieldentry>Assessment</fieldentry>
</qtimetadatafield>
</qtimetadata>
<objectives>
<material>
<mattext><![CDATA[Please solve the following exercises.]]></mattext>
</material>
</objectives>
<assessmentcontrol feedbackswitch="No" hintswitch="No" solutionswitch="Yes"/>
<outcomes_processing scoremodel="SumOfScores">
<outcomes>
<decvar varname="SCORE" vartype="Decimal" cutvalue="0"/>
</outcomes>
</outcomes_processing>
<assessfeedback title="AssessmentFeedback" ident="AssessmentFeedback">
<flow_mat>
<material>
<mattext>##AssessmentFeedback##</mattext>
</material>
</flow_mat>
</assessfeedback>

<section ident="vufgb-anova-024-nl-canvas_340218017_section_1" title="Exercise">

<objectives>
<material>
<mattext><![CDATA[Please answer the following question.]]></mattext>
</material>
</objectives>
<selection_ordering>
<selection>
<selection_number>1</selection_number>
<selection_extension>
<points_per_item>1</points_per_item>
</selection_extension>
</selection>
<order order_type="Random"/>
</selection_ordering>

<item ident="vufgb-anova-024-nl-canvas_340218017_section_1_item_1_schoice" title="Question" maxattempts="1">
<itemcontrol feedbackswitch="No" hintswitch="No" solutionswitch="Yes"/>
<itemmetadata>
<qtimetadata>
<qtimetadatafield>
<fieldlabel>question_type</fieldlabel>
<fieldentry>multiple_choice_question</fieldentry>
</qtimetadatafield>
</qtimetadata>
</itemmetadata>
<presentation>
<flow>
<material>
<matbreak/>
<mattext texttype="text/html" charset="utf-8"><![CDATA[
<p>In een onderzoek wordt het exploratiegedrag (gemeten aan hand van de duur van spelen met speelgoed) bestudeerd in drie even grote groepen van 12-maanden oude baby’s met een verschillende gehechtheidsclassificatie (Groep 1: Veilig, Groep 2: Onveilig-Vermijdend, Groep 3: Onveilig-Ambivalent). De totale steekproef bestaat uit 30 baby’s. In onderstaande tabel staat voor elke groep de gemiddelde duur van spelen met speelgoed, en de standaarddeviatie.</p>
<p>Hoe groot is de Mean Square Within (<span class="math inline">\(MS_{Within}\)</span>) van het ANOVA model?</p>
<p><img src="data/supplements_1_1/vufgb-anova-024-nl-table01.jpg" /></p>
]]></mattext>
<matbreak/>
</material>
<response_lid ident="vufgb-anova-024-nl-canvas_340218017_section_1_item_1_schoice_RESPONSE_2944718" rcardinality="Single" rtiming="No">
<render_choice shuffle="No">
<flow_label class="List">
<response_label ident="vufgb-anova-024-nl-canvas_340218017_section_1_item_1_schoice_1744621877" rshuffle="No">
<material>
<mattext texttype="text/html" charset="utf-8"><![CDATA[
 23.1
]]></mattext>
</material>
</response_label>
</flow_label>
<flow_label class="List">
<response_label ident="vufgb-anova-024-nl-canvas_340218017_section_1_item_1_schoice_8894744026" rshuffle="No">
<material>
<mattext texttype="text/html" charset="utf-8"><![CDATA[
 25.7
]]></mattext>
</material>
</response_label>
</flow_label>
<flow_label class="List">
<response_label ident="vufgb-anova-024-nl-canvas_340218017_section_1_item_1_schoice_1989391548" rshuffle="No">
<material>
<mattext texttype="text/html" charset="utf-8"><![CDATA[
 693
]]></mattext>
</material>
</response_label>
</flow_label>
<flow_label class="List">
<response_label ident="vufgb-anova-024-nl-canvas_340218017_section_1_item_1_schoice_2847602056" rshuffle="No">
<material>
<mattext texttype="text/html" charset="utf-8"><![CDATA[
 770
]]></mattext>
</material>
</response_label>
</flow_label>
</render_choice>
</response_lid>
</flow>
</presentation>
<resprocessing>
<outcomes>
<decvar varname="SCORE" vartype="Decimal" defaultval="0" minvalue="0" maxvalue="1" cutvalue="1"/>
</outcomes>
<respcondition title="Mastery" continue="No">
<conditionvar>
<and>
<varequal respident="vufgb-anova-024-nl-canvas_340218017_section_1_item_1_schoice_RESPONSE_2944718" case="Yes">vufgb-anova-024-nl-canvas_340218017_section_1_item_1_schoice_8894744026</varequal>
<not> <varequal respident="vufgb-anova-024-nl-canvas_340218017_section_1_item_1_schoice_RESPONSE_2944718" case="Yes">vufgb-anova-024-nl-canvas_340218017_section_1_item_1_schoice_1744621877</varequal> </not>
<not> <varequal respident="vufgb-anova-024-nl-canvas_340218017_section_1_item_1_schoice_RESPONSE_2944718" case="Yes">vufgb-anova-024-nl-canvas_340218017_section_1_item_1_schoice_1989391548</varequal> </not>
<not> <varequal respident="vufgb-anova-024-nl-canvas_340218017_section_1_item_1_schoice_RESPONSE_2944718" case="Yes">vufgb-anova-024-nl-canvas_340218017_section_1_item_1_schoice_2847602056</varequal> </not>
</and>
</conditionvar>
<setvar varname="SCORE" action="Set">1</setvar>
<displayfeedback feedbacktype="Response" linkrefid="correct_fb"/>
</respcondition>
<respcondition continue="Yes">
<conditionvar>
<other/>
</conditionvar>
<displayfeedback feedbacktype="Response" linkrefid="general_incorrect_fb"/>
</respcondition>
</resprocessing>
<itemfeedback ident="correct_fb" view="All">
<flow_mat>
<material>
<mattext texttype="text/html"><![CDATA[
<p><span class="math inline">\(MS_{Within} = \sum{\frac{(y_{i}-y_{g})^2}{(N-g)}}\)</span>. De teller kan herschreven worden als: <span class="math inline">\(\sum{(y_{i}-y_{1})^2} + \sum{(y_{i}-y_{2})^2} + \sum{(y_{i}-y_{3})^2}\)</span>. Deze kwadratensommen kunnen afgeleid worden uit de SD binnen elke groep.</p>
<p>Er geldt bijvoorbeeld: <span class="math inline">\(SD_{1}=\sqrt{\sum{\frac{(y_{i}-y_{1})^2}{(n_{1}-1)}}}\)</span>.
Herschrijven geeft: <span class="math inline">\(\sum{(y_{i}-y_{1})^2} = SD_{1}^{2} \times (n_{1}-1)\)</span>.</p>
<p>Invullen in de teller voor de formule voor <span class="math inline">\(MS_{Within}\)</span> geeft: <span class="math inline">\(MS_{Within}= \frac{SD_{1}^{2} \times (n_{1}-1) + SD_{2}^{2} \times (n_{2}-1) + SD_{3}^{2} \times (n_{3}-1)}{(N-g)} = \frac{5^2 \times 9 + 4^2 \times 9 + 6^2 \times 9}{(30-3)} = \frac{693}{27}=25.7\)</span>.</p>
<br />
<ul>
<li> 23.1 <br /> Incorrect </li>
<li> 25.7 <br /> Correct </li>
<li> 693 <br /> Incorrect </li>
<li> 770 <br /> Incorrect </li>
</ul>
]]></mattext>
</material>
</flow_mat>
</itemfeedback>
<itemfeedback ident="general_incorrect_fb" view="All">
<flow_mat>
<material>
<mattext texttype="text/html"><![CDATA[
<p><span class="math inline">\(MS_{Within} = \sum{\frac{(y_{i}-y_{g})^2}{(N-g)}}\)</span>. De teller kan herschreven worden als: <span class="math inline">\(\sum{(y_{i}-y_{1})^2} + \sum{(y_{i}-y_{2})^2} + \sum{(y_{i}-y_{3})^2}\)</span>. Deze kwadratensommen kunnen afgeleid worden uit de SD binnen elke groep.</p>
<p>Er geldt bijvoorbeeld: <span class="math inline">\(SD_{1}=\sqrt{\sum{\frac{(y_{i}-y_{1})^2}{(n_{1}-1)}}}\)</span>.
Herschrijven geeft: <span class="math inline">\(\sum{(y_{i}-y_{1})^2} = SD_{1}^{2} \times (n_{1}-1)\)</span>.</p>
<p>Invullen in de teller voor de formule voor <span class="math inline">\(MS_{Within}\)</span> geeft: <span class="math inline">\(MS_{Within}= \frac{SD_{1}^{2} \times (n_{1}-1) + SD_{2}^{2} \times (n_{2}-1) + SD_{3}^{2} \times (n_{3}-1)}{(N-g)} = \frac{5^2 \times 9 + 4^2 \times 9 + 6^2 \times 9}{(30-3)} = \frac{693}{27}=25.7\)</span>.</p>
<br />
<ul>
<li> 23.1 <br /> Incorrect </li>
<li> 25.7 <br /> Correct </li>
<li> 693 <br /> Incorrect </li>
<li> 770 <br /> Incorrect </li>
</ul>
]]></mattext>
</material>
</flow_mat>
</itemfeedback>
</item>


</section>

</assessment>
</questestinterop>
