<?xml version="1.0" encoding="UTF-8"?>
<assessmentItem xsi:schemaLocation="http://www.imsglobal.org/xsd/imsqti_v2p1 http://www.imsglobal.org/xsd/qti/qtiv2p1/imsqti_v2p1p1.xsd http://www.w3.org/1998/Math/MathML http://www.w3.org/Math/XMLSchema/mathml2/mathml2.xsd" identifier="uva-standard-deviation-445-nl-qti_426543428_section_1_item_1_schoice" title="1" adaptive="false" timeDependent="false" xmlns="http://www.imsglobal.org/xsd/imsqti_v2p1" xmlns:xsi="http://www.w3.org/2001/XMLSchema-instance">
<responseDeclaration identifier="uva-standard-deviation-445-nl-qti_426543428_section_1_item_1_schoice_RESPONSE_1_1752831" cardinality="single" baseType="identifier">
<correctResponse>
<value>uva-standard-deviation-445-nl-qti_426543428_section_1_item_1_schoice_2_1583543849</value>
</correctResponse>
<mapping defaultValue="0" lowerBound="0.0">
<mapEntry mapKey="uva-standard-deviation-445-nl-qti_426543428_section_1_item_1_schoice_1_2995637441" mappedValue="0"/>
<mapEntry mapKey="uva-standard-deviation-445-nl-qti_426543428_section_1_item_1_schoice_2_1583543849" mappedValue="1"/>
<mapEntry mapKey="uva-standard-deviation-445-nl-qti_426543428_section_1_item_1_schoice_3_2821338910" mappedValue="0"/>
<mapEntry mapKey="uva-standard-deviation-445-nl-qti_426543428_section_1_item_1_schoice_4_1975801577" mappedValue="0"/>
</mapping>
</responseDeclaration>
<outcomeDeclaration identifier="SCORE" cardinality="single" baseType="float" normalMaximum="1" normalMinimum="0">
<defaultValue>
<value>0.0</value>
</defaultValue>
</outcomeDeclaration>
<outcomeDeclaration identifier="MAXSCORE" cardinality="single" baseType="float">
<defaultValue>
<value>1</value>
</defaultValue>
</outcomeDeclaration>
<outcomeDeclaration identifier="FEEDBACKBASIC" cardinality="single" baseType="identifier" view="testConstructor">
<defaultValue>
<value>empty</value>
</defaultValue>
</outcomeDeclaration>
<outcomeDeclaration identifier="FEEDBACKMODAL" cardinality="multiple" baseType="identifier" view="testConstructor"/>
<outcomeDeclaration identifier="SOLUTIONMODAL" cardinality="single" baseType="identifier" view="testConstructor"/>
<outcomeDeclaration identifier="MINSCORE" cardinality="single" baseType="float">
<defaultValue>
<value baseType="float">0</value>
</defaultValue>
</outcomeDeclaration>
<outcomeDeclaration identifier="SCORE_RESPONSE_1" cardinality="single" baseType="float">
<defaultValue>
<value>0.0</value>
</defaultValue>
</outcomeDeclaration>
<outcomeDeclaration identifier="MINSCORE_RESPONSE_1" cardinality="single" baseType="float">
<defaultValue>
<value>0.0</value>
</defaultValue>
</outcomeDeclaration>
<itemBody>
<p>Gegeven de volgende 16 uitkomsten van een steekproeftrekking: 21, 26,
18, 17, 24, 33, 37, 30, 24, 28, 24, 31, 35, 29, 18, 21. De
steekproefstandaardafwijking van de 16 getallen is</p>
<choiceInteraction responseIdentifier="uva-standard-deviation-445-nl-qti_426543428_section_1_item_1_schoice_RESPONSE_1_1752831" shuffle="false" maxChoices="1">
<simpleChoice identifier="uva-standard-deviation-445-nl-qti_426543428_section_1_item_1_schoice_1_2995637441">
<p>
 1.55
</p>
</simpleChoice>
<simpleChoice identifier="uva-standard-deviation-445-nl-qti_426543428_section_1_item_1_schoice_2_1583543849">
<p>
 6.2
</p>
</simpleChoice>
<simpleChoice identifier="uva-standard-deviation-445-nl-qti_426543428_section_1_item_1_schoice_3_2821338910">
<p>
 36
</p>
</simpleChoice>
<simpleChoice identifier="uva-standard-deviation-445-nl-qti_426543428_section_1_item_1_schoice_4_1975801577">
<p>
 38.4
</p>
</simpleChoice>
</choiceInteraction>
</itemBody>
<responseProcessing>
<setOutcomeValue identifier="SCORE_RESPONSE_1">
<sum>
<variable identifier="SCORE_RESPONSE_1"/>
<mapResponse identifier="uva-standard-deviation-445-nl-qti_426543428_section_1_item_1_schoice_RESPONSE_1_1752831"/>
</sum>
</setOutcomeValue>
<responseCondition>
<responseIf>
<lt>
<variable identifier="SCORE_RESPONSE_1"/>
<variable identifier="MINSCORE_RESPONSE_1"/>
</lt>
<setOutcomeValue identifier="SCORE_RESPONSE_1">
<variable identifier="MINSCORE_RESPONSE_1"/>
</setOutcomeValue>
</responseIf>
</responseCondition>
<responseCondition>
<responseIf>
<isNull>
<variable identifier="uva-standard-deviation-445-nl-qti_426543428_section_1_item_1_schoice_RESPONSE_1_1752831"/>
</isNull>
<setOutcomeValue identifier="SCORE_RESPONSE_1">
<sum>
<variable identifier="SCORE_RESPONSE_1"/>
<baseValue baseType="float">0</baseValue>
</sum>
</setOutcomeValue>
</responseIf>
</responseCondition>
<setOutcomeValue identifier="SCORE">
<sum>
<variable identifier="SCORE_RESPONSE_1"/>
</sum>
</setOutcomeValue>
<responseCondition>
<responseIf>
<lt>
<variable identifier="SCORE"/>
<variable identifier="MINSCORE"/>
</lt>
<setOutcomeValue identifier="SCORE">
<variable identifier="MINSCORE"/>
</setOutcomeValue>
</responseIf>
</responseCondition>
<responseCondition>
<responseIf>
<lt>
<variable identifier="SCORE"/>
<baseValue baseType="float">1</baseValue>
</lt>
<setOutcomeValue identifier="FEEDBACKMODAL">
<multiple>
<variable identifier="FEEDBACKMODAL"/>
<baseValue baseType="identifier">Feedback911892041</baseValue>
</multiple>
</setOutcomeValue>
</responseIf>
</responseCondition>
</responseProcessing>
<modalFeedback identifier="Feedback911892041" outcomeIdentifier="FEEDBACKMODAL" showHide="show">
<ul>
<li> 1.55 <br /> 1.55: Incorrect </li>
<li> 6.2 <br /> 6.2: Correct </li>
<li> 36 <br /> 36: Incorrect </li>
<li> 38.4 <br /> 38.4: Incorrect </li>
</ul>
</modalFeedback>
</assessmentItem>
