<?xml version="1.0" encoding="utf-8" standalone="yes"?>
<assessmentItem identifier="vufsw-manova-1047-nl_202209051541_item_1_schoice" title="vufsw-manova-1047-nl_202209051541_item_1_schoice_vufsw-manova-1047-nl" adaptive="false" timeDependent="false" toolName="Testvision Online" toolVersion="39.0.9084" xmlns="http://www.imsglobal.org/xsd/imsqti_v2p1">
<responseDeclaration identifier="RESPONSE" cardinality="single" baseType="identifier">
<correctResponse>
<value>alt_747853</value>
</correctResponse>
<mapping defaultValue="0" lowerBound="0.0">
<mapEntry mapKey="alt_228740" mappedValue="-0.333333333333333"/>
<mapEntry mapKey="alt_725935" mappedValue="-0.333333333333333"/>
<mapEntry mapKey="alt_970718" mappedValue="-0.333333333333333"/>
<mapEntry mapKey="alt_747853" mappedValue="1"/>
</mapping>
</responseDeclaration>
<outcomeDeclaration identifier="SCORE" cardinality="single" baseType="float" normalMaximum="1" normalMinimum="0" />
<outcomeDeclaration identifier="FEEDBACK" cardinality="single" baseType="identifier" />
<itemBody>
<p>Wat is geen aanname van MANOVA?</p>
<choiceInteraction responseIdentifier="RESPONSE" shuffle="false" maxChoices="1">
<simpleChoice identifier="alt_228740">
<div class="textblock tvblock tvcss_1"><div class="rte_zone tveditor1">
a. Independence of observations
</div>
</div>
</simpleChoice>
<simpleChoice identifier="alt_725935">
<div class="textblock tvblock tvcss_1"><div class="rte_zone tveditor1">
b. Homogeneity of covariate matrices
</div>
</div>
</simpleChoice>
<simpleChoice identifier="alt_970718">
<div class="textblock tvblock tvcss_1"><div class="rte_zone tveditor1">
c. Multivariate normality
</div>
</div>
</simpleChoice>
<simpleChoice identifier="alt_747853">
<div class="textblock tvblock tvcss_1"><div class="rte_zone tveditor1">
d. Sphericity
</div>
</div>
</simpleChoice>
</choiceInteraction>
</itemBody>
<responseProcessing>
<responseCondition>
<responseIf>
<isNull>
<variable identifier="RESPONSE"/>
</isNull>
<setOutcomeValue identifier="SCORE">
<baseValue baseType="float">0.0</baseValue>
</setOutcomeValue>
<setOutcomeValue identifier="FEEDBACK">
<baseValue baseType="identifier">FAILURE</baseValue>
</setOutcomeValue>
</responseIf>
<responseElse>
<setOutcomeValue identifier="SCORE">
<mapResponse identifier="RESPONSE"/>
</setOutcomeValue>
<responseCondition>
<responseIf>
<equal toleranceMode="relative" tolerance="0.001">
<variable identifier="SCORE"/>
<variable identifier="MAXSCORE"/>
</equal>
<setOutcomeValue identifier="FEEDBACK">
<baseValue baseType="identifier">ANSWER_CORRECT</baseValue>
</setOutcomeValue>
</responseIf>
<responseElse>
<setOutcomeValue identifier="FEEDBACK">
<baseValue baseType="identifier">FAILURE</baseValue>
</setOutcomeValue>
</responseElse>
</responseCondition>
</responseElse>
</responseCondition>
</responseProcessing>
<modalFeedback identifier="FAILURE" outcomeIdentifier="FEEDBACK" showHide="show">
<div class="textblock tvblock tvcss_1"><div class="rte_zone tveditor1">
<p>The assumptions of MANOVA are: multivariate normality, homogeneity of
the covariance matrices and independence of observations. Therefore
sphericity is the correct answer as this is not an assumption of MANOVA</p>
<br />
<ol>
<li> Independence of observations <br /> False </li>
<li> Homogeneity of covariate matrices <br /> False </li>
<li> Multivariate normality <br /> False </li>
<li> Sphericity <br /> True </li>
</ol>
</div>
</div>
</modalFeedback>
<modalFeedback identifier="ANSWER_CORRECT" outcomeIdentifier="FEEDBACK" showHide="show">
<div class="textblock tvblock tvcss_1"><div class="rte_zone tveditor1">
<p>The assumptions of MANOVA are: multivariate normality, homogeneity of
the covariance matrices and independence of observations. Therefore
sphericity is the correct answer as this is not an assumption of MANOVA</p>
<br />
<ol>
<li> Independence of observations <br /> False </li>
<li> Homogeneity of covariate matrices <br /> False </li>
<li> Multivariate normality <br /> False </li>
<li> Sphericity <br /> True </li>
</ol>
</div>
</div>
</modalFeedback>
<modalFeedback identifier="PARTIAL_CORRECT" outcomeIdentifier="FEEDBACK" showHide="show">
<div class="textblock tvblock tvcss_1"><div class="rte_zone tveditor1">
<p>The assumptions of MANOVA are: multivariate normality, homogeneity of
the covariance matrices and independence of observations. Therefore
sphericity is the correct answer as this is not an assumption of MANOVA</p>
<br />
<ol>
<li> Independence of observations <br /> False </li>
<li> Homogeneity of covariate matrices <br /> False </li>
<li> Multivariate normality <br /> False </li>
<li> Sphericity <br /> True </li>
</ol>
</div>
</div>
</modalFeedback>
</assessmentItem>
