<?xml version="1.0" encoding="UTF-8"?>
<assessmentItem xsi:schemaLocation="http://www.imsglobal.org/xsd/imsqti_v2p1 http://www.imsglobal.org/xsd/qti/qtiv2p1/imsqti_v2p1p1.xsd http://www.w3.org/1998/Math/MathML http://www.w3.org/Math/XMLSchema/mathml2/mathml2.xsd" identifier="vufgb-scatterplot-004-en-ans_250253033_section_1_item_1_schoice" title="Descriptive-statistics_vufgb-scatterplot-004-en_vufgb-scatterplot-004-en_schoice_1" adaptive="false" timeDependent="false" xmlns="http://www.imsglobal.org/xsd/imsqti_v2p1" xmlns:xsi="http://www.w3.org/2001/XMLSchema-instance">
<responseDeclaration identifier="vufgb-scatterplot-004-en-ans_250253033_section_1_item_1_schoice_RESPONSE_1_5003960" cardinality="single" baseType="identifier">
<correctResponse>
<value>vufgb-scatterplot-004-en-ans_250253033_section_1_item_1_schoice_1_1795928670</value>
</correctResponse>
<mapping defaultValue="0" lowerBound="0.0">
<mapEntry mapKey="vufgb-scatterplot-004-en-ans_250253033_section_1_item_1_schoice_1_1795928670" mappedValue="1"/>
<mapEntry mapKey="vufgb-scatterplot-004-en-ans_250253033_section_1_item_1_schoice_2_8963156638" mappedValue="0"/>
<mapEntry mapKey="vufgb-scatterplot-004-en-ans_250253033_section_1_item_1_schoice_3_8093185005" mappedValue="0"/>
<mapEntry mapKey="vufgb-scatterplot-004-en-ans_250253033_section_1_item_1_schoice_4_6801322374" mappedValue="0"/>
</mapping>
</responseDeclaration>
<outcomeDeclaration identifier="SCORE" cardinality="single" baseType="float" normalMaximum="1" normalMinimum="0">
<defaultValue>
<value>0.0</value>
</defaultValue>
</outcomeDeclaration>
<outcomeDeclaration identifier="MAXSCORE" cardinality="single" baseType="float">
<defaultValue>
<value>1</value>
</defaultValue>
</outcomeDeclaration>
<outcomeDeclaration identifier="FEEDBACKBASIC" cardinality="single" baseType="identifier" view="testConstructor">
<defaultValue>
<value>empty</value>
</defaultValue>
</outcomeDeclaration>
<outcomeDeclaration identifier="FEEDBACKMODAL" cardinality="multiple" baseType="identifier" view="testConstructor"/>
<outcomeDeclaration identifier="SOLUTIONMODAL" cardinality="single" baseType="identifier" view="testConstructor"/>
<outcomeDeclaration identifier="MINSCORE" cardinality="single" baseType="float">
<defaultValue>
<value baseType="float">0</value>
</defaultValue>
</outcomeDeclaration>
<outcomeDeclaration identifier="SCORE_RESPONSE_1" cardinality="single" baseType="float">
<defaultValue>
<value>0.0</value>
</defaultValue>
</outcomeDeclaration>
<outcomeDeclaration identifier="MINSCORE_RESPONSE_1" cardinality="single" baseType="float">
<defaultValue>
<value>0.0</value>
</defaultValue>
</outcomeDeclaration>
<itemBody>
<p>Complete.</p>
<p>A scatterplot of the relationship between y and x allows … an impression be obtained of whether the relationship is positive or negative and … whether the relationship is linear or nonlinear.</p>
<choiceInteraction responseIdentifier="vufgb-scatterplot-004-en-ans_250253033_section_1_item_1_schoice_RESPONSE_1_5003960" shuffle="false" maxChoices="1">
<simpleChoice identifier="vufgb-scatterplot-004-en-ans_250253033_section_1_item_1_schoice_1_1795928670">
<p>
 Yes, yes
</p>
</simpleChoice>
<simpleChoice identifier="vufgb-scatterplot-004-en-ans_250253033_section_1_item_1_schoice_2_8963156638">
<p>
 Not, not
</p>
</simpleChoice>
<simpleChoice identifier="vufgb-scatterplot-004-en-ans_250253033_section_1_item_1_schoice_3_8093185005">
<p>
 Yes, not
</p>
</simpleChoice>
<simpleChoice identifier="vufgb-scatterplot-004-en-ans_250253033_section_1_item_1_schoice_4_6801322374">
<p>
 Not, well
</p>
</simpleChoice>
</choiceInteraction>
</itemBody>
<responseProcessing>
<setOutcomeValue identifier="SCORE_RESPONSE_1">
<sum>
<variable identifier="SCORE_RESPONSE_1"/>
<mapResponse identifier="vufgb-scatterplot-004-en-ans_250253033_section_1_item_1_schoice_RESPONSE_1_5003960"/>
</sum>
</setOutcomeValue>
<responseCondition>
<responseIf>
<lt>
<variable identifier="SCORE_RESPONSE_1"/>
<variable identifier="MINSCORE_RESPONSE_1"/>
</lt>
<setOutcomeValue identifier="SCORE_RESPONSE_1">
<variable identifier="MINSCORE_RESPONSE_1"/>
</setOutcomeValue>
</responseIf>
</responseCondition>
<responseCondition>
<responseIf>
<isNull>
<variable identifier="vufgb-scatterplot-004-en-ans_250253033_section_1_item_1_schoice_RESPONSE_1_5003960"/>
</isNull>
<setOutcomeValue identifier="SCORE_RESPONSE_1">
<sum>
<variable identifier="SCORE_RESPONSE_1"/>
<baseValue baseType="float">0</baseValue>
</sum>
</setOutcomeValue>
</responseIf>
</responseCondition>
<setOutcomeValue identifier="SCORE">
<sum>
<variable identifier="SCORE_RESPONSE_1"/>
</sum>
</setOutcomeValue>
<responseCondition>
<responseIf>
<lt>
<variable identifier="SCORE"/>
<variable identifier="MINSCORE"/>
</lt>
<setOutcomeValue identifier="SCORE">
<variable identifier="MINSCORE"/>
</setOutcomeValue>
</responseIf>
</responseCondition>
<responseCondition>
<responseIf>
<lt>
<variable identifier="SCORE"/>
<baseValue baseType="float">1</baseValue>
</lt>
<setOutcomeValue identifier="FEEDBACKMODAL">
<multiple>
<variable identifier="FEEDBACKMODAL"/>
<baseValue baseType="identifier">Feedback625950140</baseValue>
</multiple>
</setOutcomeValue>
</responseIf>
</responseCondition>
</responseProcessing>
<modalFeedback outcomeIdentifier="FEEDBACK" showHide="show" identifier="incorrect">
<ul>
<li> Yes, yes <br /> Correct </li>
<li> Not, not <br /> Incorrect </li>
<li> Yes, not <br /> Incorrect </li>
<li> Not, well <br /> Incorrect </li>
</ul>
</modalFeedback>
</assessmentItem>
