<?xml version="1.0" encoding="UTF-8"?>
<assessmentItem xsi:schemaLocation="http://www.imsglobal.org/xsd/imsqti_v2p1 http://www.imsglobal.org/xsd/qti/qtiv2p1/imsqti_v2p1p1.xsd http://www.w3.org/1998/Math/MathML http://www.w3.org/Math/XMLSchema/mathml2/mathml2.xsd" identifier="vufsw-significancelevel-0156-nl-qti_274444826_section_1_item_1_schoice" title="1" adaptive="false" timeDependent="false" xmlns="http://www.imsglobal.org/xsd/imsqti_v2p1" xmlns:xsi="http://www.w3.org/2001/XMLSchema-instance">
<responseDeclaration identifier="vufsw-significancelevel-0156-nl-qti_274444826_section_1_item_1_schoice_RESPONSE_1_7306038" cardinality="single" baseType="identifier">
<correctResponse>
<value>vufsw-significancelevel-0156-nl-qti_274444826_section_1_item_1_schoice_5_4728743001</value>
</correctResponse>
<mapping defaultValue="0" lowerBound="0.0">
<mapEntry mapKey="vufsw-significancelevel-0156-nl-qti_274444826_section_1_item_1_schoice_1_1693174737" mappedValue="0"/>
<mapEntry mapKey="vufsw-significancelevel-0156-nl-qti_274444826_section_1_item_1_schoice_2_5703295872" mappedValue="0"/>
<mapEntry mapKey="vufsw-significancelevel-0156-nl-qti_274444826_section_1_item_1_schoice_3_4942519290" mappedValue="0"/>
<mapEntry mapKey="vufsw-significancelevel-0156-nl-qti_274444826_section_1_item_1_schoice_4_3004819128" mappedValue="0"/>
<mapEntry mapKey="vufsw-significancelevel-0156-nl-qti_274444826_section_1_item_1_schoice_5_4728743001" mappedValue="1"/>
</mapping>
</responseDeclaration>
<outcomeDeclaration identifier="SCORE" cardinality="single" baseType="float" normalMaximum="1" normalMinimum="0">
<defaultValue>
<value>0.0</value>
</defaultValue>
</outcomeDeclaration>
<outcomeDeclaration identifier="MAXSCORE" cardinality="single" baseType="float">
<defaultValue>
<value>1</value>
</defaultValue>
</outcomeDeclaration>
<outcomeDeclaration identifier="FEEDBACKBASIC" cardinality="single" baseType="identifier" view="testConstructor">
<defaultValue>
<value>empty</value>
</defaultValue>
</outcomeDeclaration>
<outcomeDeclaration identifier="FEEDBACKMODAL" cardinality="multiple" baseType="identifier" view="testConstructor"/>
<outcomeDeclaration identifier="MINSCORE" cardinality="single" baseType="float">
<defaultValue>
<value baseType="float">0</value>
</defaultValue>
</outcomeDeclaration>
<outcomeDeclaration identifier="SCORE_RESPONSE_1" cardinality="single" baseType="float">
<defaultValue>
<value>0.0</value>
</defaultValue>
</outcomeDeclaration>
<outcomeDeclaration identifier="MINSCORE_RESPONSE_1" cardinality="single" baseType="float">
<defaultValue>
<value>0.0</value>
</defaultValue>
</outcomeDeclaration>
<itemBody>
<p>Een onderzoeker voert een multipele regressie uit om te bepalen welke
factoren van invloed zijn op de mate waarin iemand televisie kijkt
(<strong>Y</strong>). De gebruikte gegevens zijn afkomstig uit de <em>European Social
Survey</em> uit 2014. De vragenlijst is voorgelegd aan een willekeurige
steekproef uit de bevolking van Nederland van 18 jaar en ouder (N=1362).
De mate waarin iemand televisie kijkt is gemeten met een vraag waarbij
de antwoordmogelijkheden opliepen van 1 (“minder dan een half uur per
dag”) tot en met 7 (“meer dan drie uur per dag”). Opleiding
(“<strong>Educyrs</strong>”) is gemeten in aantal jaren gevolgde opleiding; de scores
op deze variabele lopen van 0 jaar t/m 28 jaar. De onderzoeker krijgt de
onderstaande resultaten. De onderzoeker onderzoekt of de drie
onafhankelijke variabelen een invloed hebben op Y en voert een toetsing
uit. Hij hanteert hierbij een significantieniveau van 5% (α = .05).</p>
<p>Welke van de onderstaande conclusies is juist?</p>
<p><img src="1553595822664.png" class="fr-fic fr-dii tvcss_2"
alt="1553595822664" /></p>
<choiceInteraction responseIdentifier="vufsw-significancelevel-0156-nl-qti_274444826_section_1_item_1_schoice_RESPONSE_1_7306038" shuffle="false" maxChoices="1">
<simpleChoice identifier="vufsw-significancelevel-0156-nl-qti_274444826_section_1_item_1_schoice_1_1693174737">
<p>
a. Alleen leeftijd heeft een significant positief effect op de mate van TV kijken. Geslacht en aantal jaren gevolgde opleiding hebben geen significant effect op de mate van TV kijken.
</p>
</simpleChoice>
<simpleChoice identifier="vufsw-significancelevel-0156-nl-qti_274444826_section_1_item_1_schoice_2_5703295872">
<p>
b. Leeftijd heeft een significant positief effect op de mate van TV kijken. Mannen kijken significant vaker TV dan vrouwen.
</p>
</simpleChoice>
<simpleChoice identifier="vufsw-significancelevel-0156-nl-qti_274444826_section_1_item_1_schoice_3_4942519290">
<p>
c. Leeftijd heeft een significant positief effect op de mate van TV kijken. Vrouwen kijken significant vaker TV dan mannen.
</p>
</simpleChoice>
<simpleChoice identifier="vufsw-significancelevel-0156-nl-qti_274444826_section_1_item_1_schoice_4_3004819128">
<p>
d. Leeftijd en het aantal jaren gevolgde opleiding hebben allebei een significant positief effect op de mate van TV kijken.
</p>
</simpleChoice>
<simpleChoice identifier="vufsw-significancelevel-0156-nl-qti_274444826_section_1_item_1_schoice_5_4728743001">
<p>
e. Leeftijd heeft een significant positief effect op de mate van TV kijken. Het aantal jaren gevolgde opleiding heeft een significant negatief effect op de mate van TV kijken.
</p>
</simpleChoice>
</choiceInteraction>
</itemBody>
<responseProcessing>
<responseCondition>
<responseIf>
<isNull>
<variable identifier="vufsw-significancelevel-0156-nl-qti_274444826_section_1_item_1_schoice_RESPONSE_1_7306038"/>
</isNull>
<setOutcomeValue identifier="SCORE_RESPONSE_1">
<sum>
<variable identifier="SCORE_RESPONSE_1"/>
<baseValue baseType="float">0</baseValue>
</sum>
</setOutcomeValue>
</responseIf>
</responseCondition>
<setOutcomeValue identifier="SCORE_RESPONSE_1">
<sum>
<variable identifier="SCORE_RESPONSE_1"/>
<mapResponse identifier="vufsw-significancelevel-0156-nl-qti_274444826_section_1_item_1_schoice_RESPONSE_1_7306038"/>
</sum>
</setOutcomeValue>
<responseCondition>
<responseIf>
<lt>
<variable identifier="SCORE_RESPONSE_1"/>
<variable identifier="MINSCORE_RESPONSE_1"/>
</lt>
<setOutcomeValue identifier="SCORE_RESPONSE_1">
<variable identifier="MINSCORE_RESPONSE_1"/>
</setOutcomeValue>
</responseIf>
</responseCondition>
<setOutcomeValue identifier="SCORE">
<sum>
<variable identifier="SCORE_RESPONSE_1"/>
</sum>
</setOutcomeValue>
<responseCondition>
<responseIf>
<lt>
<variable identifier="SCORE"/>
<variable identifier="MINSCORE"/>
</lt>
<setOutcomeValue identifier="SCORE">
<variable identifier="MINSCORE"/>
</setOutcomeValue>
</responseIf>
</responseCondition>
<responseCondition>
<responseIf>
<lt>
<variable identifier="SCORE"/>
<baseValue baseType="float">1</baseValue>
</lt>
<setOutcomeValue identifier="FEEDBACKMODAL">
<multiple>
<variable identifier="FEEDBACKMODAL"/>
<baseValue baseType="identifier">Feedback426606097</baseValue>
</multiple>
</setOutcomeValue>
</responseIf>
</responseCondition>
</responseProcessing>
<modalFeedback identifier="Feedback426606097" outcomeIdentifier="FEEDBACKMODAL" showHide="show">
<ol type = "a">
<li> Alleen leeftijd heeft een significant positief effect op de mate van TV kijken. Geslacht en aantal jaren gevolgde opleiding hebben geen significant effect op de mate van TV kijken. <br /> False </li>
<li> Leeftijd heeft een significant positief effect op de mate van TV kijken. Mannen kijken significant vaker TV dan vrouwen. <br /> False </li>
<li> Leeftijd heeft een significant positief effect op de mate van TV kijken. Vrouwen kijken significant vaker TV dan mannen. <br /> False </li>
<li> Leeftijd en het aantal jaren gevolgde opleiding hebben allebei een significant positief effect op de mate van TV kijken. <br /> False </li>
<li> Leeftijd heeft een significant positief effect op de mate van TV kijken. Het aantal jaren gevolgde opleiding heeft een significant negatief effect op de mate van TV kijken. <br /> True </li>
</ol>
</modalFeedback>
</assessmentItem>
