<?xml version="1.0" encoding="UTF-8"?>
<!DOCTYPE questestinterop SYSTEM "ims_qtiasiv1p2p1.dtd">

<questestinterop xmlns="http://www.imsglobal.org/xsd/ims_qtiasiv1p2" xmlns:xsi="http://www.w3.org/2001/XMLSchema-instance" xsi:schemaLocation="http://www.imsglobal.org/xsd/ims_qtiasiv1p2 http://www.imsglobal.org/xsd/ims_qtiasiv1p2p1.xsd">
<assessment ident="uu-variance-600-nl-canvas_455686654" title="uu-variance-600-nl-canvas">

<qtimetadata>
<qtimetadatafield>
<fieldlabel>cc_maxattempts</fieldlabel>
<fieldentry>1</fieldentry>
</qtimetadatafield>
<qtimetadatafield>
<fieldlabel>qmd_assessmenttype</fieldlabel>
<fieldentry>Assessment</fieldentry>
</qtimetadatafield>
</qtimetadata>
<objectives>
<material>
<mattext><![CDATA[Please solve the following exercises.]]></mattext>
</material>
</objectives>
<assessmentcontrol feedbackswitch="No" hintswitch="No" solutionswitch="Yes"/>
<outcomes_processing scoremodel="SumOfScores">
<outcomes>
<decvar varname="SCORE" vartype="Decimal" cutvalue="0"/>
</outcomes>
</outcomes_processing>
<assessfeedback title="AssessmentFeedback" ident="AssessmentFeedback">
<flow_mat>
<material>
<mattext>##AssessmentFeedback##</mattext>
</material>
</flow_mat>
</assessfeedback>

<section ident="uu-variance-600-nl-canvas_455686654_section_1" title="Exercise">

<objectives>
<material>
<mattext><![CDATA[Please answer the following question.]]></mattext>
</material>
</objectives>
<selection_ordering>
<selection>
<selection_number>1</selection_number>
<selection_extension>
<points_per_item>1</points_per_item>
</selection_extension>
</selection>
<order order_type="Random"/>
</selection_ordering>

<item ident="uu-variance-600-nl-canvas_455686654_section_1_item_1_schoice" title="Question" maxattempts="1">
<itemcontrol feedbackswitch="No" hintswitch="No" solutionswitch="Yes"/>
<itemmetadata>
<qtimetadata>
<qtimetadatafield>
<fieldlabel>question_type</fieldlabel>
<fieldentry>multiple_choice_question</fieldentry>
</qtimetadatafield>
</qtimetadata>
</itemmetadata>
<presentation>
<flow>
<material>
<matbreak/>
<mattext texttype="text/html" charset="utf-8"><![CDATA[
<p>In een populatie van 5 personen met een uiterst zeldzame ziekte is de leeftijd gemeten waarop de ziekte zich voor het eerst heeft geopenbaard. In de onderstaande tabel zijn voor deze 5 personen de deviatiescores voor leeftijd weergegeven. Wat is de variantie van de verdeling van leeftijd in deze populatie?</p>
<p><img src="data/supplements_1_1/uu-variance-600-nl-tabel.jpg" /></p>
]]></mattext>
<matbreak/>
</material>
<response_lid ident="uu-variance-600-nl-canvas_455686654_section_1_item_1_schoice_RESPONSE_5454923" rcardinality="Single" rtiming="No">
<render_choice shuffle="No">
<flow_label class="List">
<response_label ident="uu-variance-600-nl-canvas_455686654_section_1_item_1_schoice_6409114985" rshuffle="No">
<material>
<mattext texttype="text/html" charset="utf-8"><![CDATA[
 Deze kan niet worden bepaald zonder dat het gemiddelde µ van de verdeling is gegeven.
]]></mattext>
</material>
</response_label>
</flow_label>
<flow_label class="List">
<response_label ident="uu-variance-600-nl-canvas_455686654_section_1_item_1_schoice_5982964373" rshuffle="No">
<material>
<mattext texttype="text/html" charset="utf-8"><![CDATA[
 2
]]></mattext>
</material>
</response_label>
</flow_label>
<flow_label class="List">
<response_label ident="uu-variance-600-nl-canvas_455686654_section_1_item_1_schoice_7217302703" rshuffle="No">
<material>
<mattext texttype="text/html" charset="utf-8"><![CDATA[
 5.5
]]></mattext>
</material>
</response_label>
</flow_label>
<flow_label class="List">
<response_label ident="uu-variance-600-nl-canvas_455686654_section_1_item_1_schoice_1887997636" rshuffle="No">
<material>
<mattext texttype="text/html" charset="utf-8"><![CDATA[
 6
]]></mattext>
</material>
</response_label>
</flow_label>
</render_choice>
</response_lid>
</flow>
</presentation>
<resprocessing>
<outcomes>
<decvar varname="SCORE" vartype="Decimal" defaultval="0" minvalue="0" maxvalue="1" cutvalue="1"/>
</outcomes>
<respcondition title="Mastery" continue="No">
<conditionvar>
<and>
<varequal respident="uu-variance-600-nl-canvas_455686654_section_1_item_1_schoice_RESPONSE_5454923" case="Yes">uu-variance-600-nl-canvas_455686654_section_1_item_1_schoice_1887997636</varequal>
<not> <varequal respident="uu-variance-600-nl-canvas_455686654_section_1_item_1_schoice_RESPONSE_5454923" case="Yes">uu-variance-600-nl-canvas_455686654_section_1_item_1_schoice_6409114985</varequal> </not>
<not> <varequal respident="uu-variance-600-nl-canvas_455686654_section_1_item_1_schoice_RESPONSE_5454923" case="Yes">uu-variance-600-nl-canvas_455686654_section_1_item_1_schoice_5982964373</varequal> </not>
<not> <varequal respident="uu-variance-600-nl-canvas_455686654_section_1_item_1_schoice_RESPONSE_5454923" case="Yes">uu-variance-600-nl-canvas_455686654_section_1_item_1_schoice_7217302703</varequal> </not>
</and>
</conditionvar>
<setvar varname="SCORE" action="Set">1</setvar>
<displayfeedback feedbacktype="Response" linkrefid="correct_fb"/>
</respcondition>
<respcondition continue="Yes">
<conditionvar>
<other/>
</conditionvar>
<displayfeedback feedbacktype="Response" linkrefid="general_incorrect_fb"/>
</respcondition>
</resprocessing>
<itemfeedback ident="correct_fb" view="All">
<flow_mat>
<material>
<mattext texttype="text/html"><![CDATA[
<ul>
<li> Deze kan niet worden bepaald zonder dat het gemiddelde µ van de verdeling is gegeven. <br /> Dat kan wel: de deviatiescores staan in de tabel. </li>
<li> 2 <br /> Nee, dat klopt niet helaas. </li>
<li> 5.5 <br /> Nee, dat klopt niet helaas. </li>
<li> 6 <br /> Het juiste antwoord is 6. </li>
</ul>
]]></mattext>
</material>
</flow_mat>
</itemfeedback>
<itemfeedback ident="general_incorrect_fb" view="All">
<flow_mat>
<material>
<mattext texttype="text/html"><![CDATA[
<ul>
<li> Deze kan niet worden bepaald zonder dat het gemiddelde µ van de verdeling is gegeven. <br /> Dat kan wel: de deviatiescores staan in de tabel. </li>
<li> 2 <br /> Nee, dat klopt niet helaas. </li>
<li> 5.5 <br /> Nee, dat klopt niet helaas. </li>
<li> 6 <br /> Het juiste antwoord is 6. </li>
</ul>
]]></mattext>
</material>
</flow_mat>
</itemfeedback>
</item>


</section>

</assessment>
</questestinterop>
