<?xml version="1.0" encoding="UTF-8"?>
<!DOCTYPE questestinterop SYSTEM "ims_qtiasiv1p2p1.dtd">

<questestinterop xmlns="http://www.imsglobal.org/xsd/ims_qtiasiv1p2" xmlns:xsi="http://www.w3.org/2001/XMLSchema-instance" xsi:schemaLocation="http://www.imsglobal.org/xsd/ims_qtiasiv1p2 http://www.imsglobal.org/xsd/ims_qtiasiv1p2p1.xsd">
<assessment ident="vufsw-moderation-2081-en-canvas_394592570" title="vufsw-moderation-2081-en-canvas">

<qtimetadata>
<qtimetadatafield>
<fieldlabel>cc_maxattempts</fieldlabel>
<fieldentry>1</fieldentry>
</qtimetadatafield>
<qtimetadatafield>
<fieldlabel>qmd_assessmenttype</fieldlabel>
<fieldentry>Assessment</fieldentry>
</qtimetadatafield>
</qtimetadata>
<objectives>
<material>
<mattext><![CDATA[Please solve the following exercises.]]></mattext>
</material>
</objectives>
<assessmentcontrol feedbackswitch="No" hintswitch="No" solutionswitch="Yes"/>
<outcomes_processing scoremodel="SumOfScores">
<outcomes>
<decvar varname="SCORE" vartype="Decimal" cutvalue="0"/>
</outcomes>
</outcomes_processing>
<assessfeedback title="AssessmentFeedback" ident="AssessmentFeedback">
<flow_mat>
<material>
<mattext>##AssessmentFeedback##</mattext>
</material>
</flow_mat>
</assessfeedback>

<section ident="vufsw-moderation-2081-en-canvas_394592570_section_1" title="Exercise">

<objectives>
<material>
<mattext><![CDATA[Please answer the following question.]]></mattext>
</material>
</objectives>
<selection_ordering>
<selection>
<selection_number>1</selection_number>
<selection_extension>
<points_per_item>1</points_per_item>
</selection_extension>
</selection>
<order order_type="Random"/>
</selection_ordering>

<item ident="vufsw-moderation-2081-en-canvas_394592570_section_1_item_1_schoice" title="Question" maxattempts="1">
<itemcontrol feedbackswitch="No" hintswitch="No" solutionswitch="Yes"/>
<itemmetadata>
<qtimetadata>
<qtimetadatafield>
<fieldlabel>question_type</fieldlabel>
<fieldentry>multiple_choice_question</fieldentry>
</qtimetadatafield>
</qtimetadata>
</itemmetadata>
<presentation>
<flow>
<material>
<matbreak/>
<mattext texttype="text/html" charset="utf-8"><![CDATA[
<p>In the regression analysis below, attitude toward culture is the dependent variable (att: 1-4, from negative to positive) and the independent variables are age (lft15 = age -15, so 15 = 0) and school level (in dummies : vmbo-b is the reference category). There is in model 2 added an interaction between age and school level.</p>
<p><img src="data/supplements_1_1/Schermafbeelding__2019-01-30__om__17.22.26.png" /></p>
<p>What conclusion can you draw from model 2 about the population of schoolchildren?<br />
1: At age 15, grammar school students are more positive about culture than vmbo-b students 2: Older vmbo-b students think more positively about culture than younger vmbo-b students</p>
]]></mattext>
<matbreak/>
</material>
<response_lid ident="vufsw-moderation-2081-en-canvas_394592570_section_1_item_1_schoice_RESPONSE_7372099" rcardinality="Single" rtiming="No">
<render_choice shuffle="No">
<flow_label class="List">
<response_label ident="vufsw-moderation-2081-en-canvas_394592570_section_1_item_1_schoice_9597174140" rshuffle="No">
<material>
<mattext texttype="text/html" charset="utf-8"><![CDATA[
 Both 1 and 2 are TRUE
]]></mattext>
</material>
</response_label>
</flow_label>
<flow_label class="List">
<response_label ident="vufsw-moderation-2081-en-canvas_394592570_section_1_item_1_schoice_5208191244" rshuffle="No">
<material>
<mattext texttype="text/html" charset="utf-8"><![CDATA[
 Only 1 is TRUE.
]]></mattext>
</material>
</response_label>
</flow_label>
<flow_label class="List">
<response_label ident="vufsw-moderation-2081-en-canvas_394592570_section_1_item_1_schoice_5766472370" rshuffle="No">
<material>
<mattext texttype="text/html" charset="utf-8"><![CDATA[
 Only 2 is TRUE
]]></mattext>
</material>
</response_label>
</flow_label>
<flow_label class="List">
<response_label ident="vufsw-moderation-2081-en-canvas_394592570_section_1_item_1_schoice_1391009566" rshuffle="No">
<material>
<mattext texttype="text/html" charset="utf-8"><![CDATA[
 Both 1 and 2 are false
]]></mattext>
</material>
</response_label>
</flow_label>
</render_choice>
</response_lid>
</flow>
</presentation>
<resprocessing>
<outcomes>
<decvar varname="SCORE" vartype="Decimal" defaultval="0" minvalue="0" maxvalue="1" cutvalue="1"/>
</outcomes>
<respcondition title="Mastery" continue="No">
<conditionvar>
<and>
<varequal respident="vufsw-moderation-2081-en-canvas_394592570_section_1_item_1_schoice_RESPONSE_7372099" case="Yes">vufsw-moderation-2081-en-canvas_394592570_section_1_item_1_schoice_5208191244</varequal>
<not> <varequal respident="vufsw-moderation-2081-en-canvas_394592570_section_1_item_1_schoice_RESPONSE_7372099" case="Yes">vufsw-moderation-2081-en-canvas_394592570_section_1_item_1_schoice_9597174140</varequal> </not>
<not> <varequal respident="vufsw-moderation-2081-en-canvas_394592570_section_1_item_1_schoice_RESPONSE_7372099" case="Yes">vufsw-moderation-2081-en-canvas_394592570_section_1_item_1_schoice_5766472370</varequal> </not>
<not> <varequal respident="vufsw-moderation-2081-en-canvas_394592570_section_1_item_1_schoice_RESPONSE_7372099" case="Yes">vufsw-moderation-2081-en-canvas_394592570_section_1_item_1_schoice_1391009566</varequal> </not>
</and>
</conditionvar>
<setvar varname="SCORE" action="Set">1</setvar>
<displayfeedback feedbacktype="Response" linkrefid="correct_fb"/>
</respcondition>
<respcondition continue="Yes">
<conditionvar>
<other/>
</conditionvar>
<displayfeedback feedbacktype="Response" linkrefid="general_incorrect_fb"/>
</respcondition>
</resprocessing>
<itemfeedback ident="correct_fb" view="All">
<flow_mat>
<material>
<mattext texttype="text/html"><![CDATA[
<ul>
<li> Both 1 and 2 are TRUE <br /> False </li>
<li> Only 1 is TRUE. <br /> True </li>
<li> Only 2 is TRUE <br /> False </li>
<li> Both 1 and 2 are false <br /> False </li>
</ul>
]]></mattext>
</material>
</flow_mat>
</itemfeedback>
<itemfeedback ident="general_incorrect_fb" view="All">
<flow_mat>
<material>
<mattext texttype="text/html"><![CDATA[
<ul>
<li> Both 1 and 2 are TRUE <br /> False </li>
<li> Only 1 is TRUE. <br /> True </li>
<li> Only 2 is TRUE <br /> False </li>
<li> Both 1 and 2 are false <br /> False </li>
</ul>
]]></mattext>
</material>
</flow_mat>
</itemfeedback>
</item>


</section>

</assessment>
</questestinterop>
