<?xml version="1.0" encoding="UTF-8"?>
<assessmentItem xsi:schemaLocation="http://www.imsglobal.org/xsd/imsqti_v2p1 http://www.imsglobal.org/xsd/qti/qtiv2p1/imsqti_v2p1p1.xsd http://www.w3.org/1998/Math/MathML http://www.w3.org/Math/XMLSchema/mathml2/mathml2.xsd" identifier="uva-measures-of-location-23-en-qti_583485239_section_1_item_1_schoice" title="1" adaptive="false" timeDependent="false" xmlns="http://www.imsglobal.org/xsd/imsqti_v2p1" xmlns:xsi="http://www.w3.org/2001/XMLSchema-instance">
<responseDeclaration identifier="uva-measures-of-location-23-en-qti_583485239_section_1_item_1_schoice_RESPONSE_1_1078825" cardinality="single" baseType="identifier">
<correctResponse>
<value>uva-measures-of-location-23-en-qti_583485239_section_1_item_1_schoice_1_8793355826</value>
</correctResponse>
<mapping defaultValue="0" lowerBound="0.0">
<mapEntry mapKey="uva-measures-of-location-23-en-qti_583485239_section_1_item_1_schoice_1_8793355826" mappedValue="1"/>
<mapEntry mapKey="uva-measures-of-location-23-en-qti_583485239_section_1_item_1_schoice_2_3165004207" mappedValue="0"/>
<mapEntry mapKey="uva-measures-of-location-23-en-qti_583485239_section_1_item_1_schoice_3_6964494002" mappedValue="0"/>
</mapping>
</responseDeclaration>
<outcomeDeclaration identifier="SCORE" cardinality="single" baseType="float" normalMaximum="1" normalMinimum="0">
<defaultValue>
<value>0.0</value>
</defaultValue>
</outcomeDeclaration>
<outcomeDeclaration identifier="MAXSCORE" cardinality="single" baseType="float">
<defaultValue>
<value>1</value>
</defaultValue>
</outcomeDeclaration>
<outcomeDeclaration identifier="FEEDBACKBASIC" cardinality="single" baseType="identifier" view="testConstructor">
<defaultValue>
<value>empty</value>
</defaultValue>
</outcomeDeclaration>
<outcomeDeclaration identifier="FEEDBACKMODAL" cardinality="multiple" baseType="identifier" view="testConstructor"/>
<outcomeDeclaration identifier="SOLUTIONMODAL" cardinality="single" baseType="identifier" view="testConstructor"/>
<outcomeDeclaration identifier="MINSCORE" cardinality="single" baseType="float">
<defaultValue>
<value baseType="float">0</value>
</defaultValue>
</outcomeDeclaration>
<outcomeDeclaration identifier="SCORE_RESPONSE_1" cardinality="single" baseType="float">
<defaultValue>
<value>0.0</value>
</defaultValue>
</outcomeDeclaration>
<outcomeDeclaration identifier="MINSCORE_RESPONSE_1" cardinality="single" baseType="float">
<defaultValue>
<value>0.0</value>
</defaultValue>
</outcomeDeclaration>
<itemBody>
<p>In an experiment on intelligence, reaction time is measured to a question in 25 subjects. The mean reaction time is 16.2 seconds and the standard deviation is 2.0 seconds. A 95% <em>confidence interval</em> for this mean is</p>
<choiceInteraction responseIdentifier="uva-measures-of-location-23-en-qti_583485239_section_1_item_1_schoice_RESPONSE_1_1078825" shuffle="false" maxChoices="1">
<simpleChoice identifier="uva-measures-of-location-23-en-qti_583485239_section_1_item_1_schoice_1_8793355826">
<p>
 (15.37, 17.03).
</p>
</simpleChoice>
<simpleChoice identifier="uva-measures-of-location-23-en-qti_583485239_section_1_item_1_schoice_2_3165004207">
<p>
 (16.03, 16.37).
</p>
</simpleChoice>
<simpleChoice identifier="uva-measures-of-location-23-en-qti_583485239_section_1_item_1_schoice_3_6964494002">
<p>
 (16.04, 16.36).
</p>
</simpleChoice>
</choiceInteraction>
</itemBody>
<responseProcessing>
<setOutcomeValue identifier="SCORE_RESPONSE_1">
<sum>
<variable identifier="SCORE_RESPONSE_1"/>
<mapResponse identifier="uva-measures-of-location-23-en-qti_583485239_section_1_item_1_schoice_RESPONSE_1_1078825"/>
</sum>
</setOutcomeValue>
<responseCondition>
<responseIf>
<lt>
<variable identifier="SCORE_RESPONSE_1"/>
<variable identifier="MINSCORE_RESPONSE_1"/>
</lt>
<setOutcomeValue identifier="SCORE_RESPONSE_1">
<variable identifier="MINSCORE_RESPONSE_1"/>
</setOutcomeValue>
</responseIf>
</responseCondition>
<responseCondition>
<responseIf>
<isNull>
<variable identifier="uva-measures-of-location-23-en-qti_583485239_section_1_item_1_schoice_RESPONSE_1_1078825"/>
</isNull>
<setOutcomeValue identifier="SCORE_RESPONSE_1">
<sum>
<variable identifier="SCORE_RESPONSE_1"/>
<baseValue baseType="float">0</baseValue>
</sum>
</setOutcomeValue>
</responseIf>
</responseCondition>
<setOutcomeValue identifier="SCORE">
<sum>
<variable identifier="SCORE_RESPONSE_1"/>
</sum>
</setOutcomeValue>
<responseCondition>
<responseIf>
<lt>
<variable identifier="SCORE"/>
<variable identifier="MINSCORE"/>
</lt>
<setOutcomeValue identifier="SCORE">
<variable identifier="MINSCORE"/>
</setOutcomeValue>
</responseIf>
</responseCondition>
<responseCondition>
<responseIf>
<lt>
<variable identifier="SCORE"/>
<baseValue baseType="float">1</baseValue>
</lt>
<setOutcomeValue identifier="FEEDBACKMODAL">
<multiple>
<variable identifier="FEEDBACKMODAL"/>
<baseValue baseType="identifier">Feedback284715007</baseValue>
</multiple>
</setOutcomeValue>
</responseIf>
</responseCondition>
</responseProcessing>
<modalFeedback identifier="Feedback284715007" outcomeIdentifier="FEEDBACKMODAL" showHide="show">
<ul>
<li> (15.37, 17.03). <br /> (15.37, 17.03).: Correct </li>
<li> (16.03, 16.37). <br /> (16.03, 16.37).: Incorrect </li>
<li> (16.04, 16.36). <br /> (16.04, 16.36).: Incorrect </li>
</ul>
</modalFeedback>
</assessmentItem>
