<?xml version="1.0" encoding="UTF-8"?>
<assessmentItem xsi:schemaLocation="http://www.imsglobal.org/xsd/imsqti_v2p1 http://www.imsglobal.org/xsd/qti/qtiv2p1/imsqti_v2p1p1.xsd http://www.w3.org/1998/Math/MathML http://www.w3.org/Math/XMLSchema/mathml2/mathml2.xsd" identifier="uva-squared-1460-nl-qti_684600113_section_1_item_1_schoice" title="1" adaptive="false" timeDependent="false" xmlns="http://www.imsglobal.org/xsd/imsqti_v2p1" xmlns:xsi="http://www.w3.org/2001/XMLSchema-instance">
<responseDeclaration identifier="uva-squared-1460-nl-qti_684600113_section_1_item_1_schoice_RESPONSE_1_3206239" cardinality="single" baseType="identifier">
<correctResponse>
<value>uva-squared-1460-nl-qti_684600113_section_1_item_1_schoice_2_8256978337</value>
</correctResponse>
<mapping defaultValue="0" lowerBound="0.0">
<mapEntry mapKey="uva-squared-1460-nl-qti_684600113_section_1_item_1_schoice_1_5911276764" mappedValue="0"/>
<mapEntry mapKey="uva-squared-1460-nl-qti_684600113_section_1_item_1_schoice_2_8256978337" mappedValue="1"/>
<mapEntry mapKey="uva-squared-1460-nl-qti_684600113_section_1_item_1_schoice_3_5453162700" mappedValue="0"/>
</mapping>
</responseDeclaration>
<outcomeDeclaration identifier="SCORE" cardinality="single" baseType="float" normalMaximum="1" normalMinimum="0">
<defaultValue>
<value>0.0</value>
</defaultValue>
</outcomeDeclaration>
<outcomeDeclaration identifier="MAXSCORE" cardinality="single" baseType="float">
<defaultValue>
<value>1</value>
</defaultValue>
</outcomeDeclaration>
<outcomeDeclaration identifier="FEEDBACKBASIC" cardinality="single" baseType="identifier" view="testConstructor">
<defaultValue>
<value>empty</value>
</defaultValue>
</outcomeDeclaration>
<outcomeDeclaration identifier="FEEDBACKMODAL" cardinality="multiple" baseType="identifier" view="testConstructor"/>
<outcomeDeclaration identifier="SOLUTIONMODAL" cardinality="single" baseType="identifier" view="testConstructor"/>
<outcomeDeclaration identifier="MINSCORE" cardinality="single" baseType="float">
<defaultValue>
<value baseType="float">0</value>
</defaultValue>
</outcomeDeclaration>
<outcomeDeclaration identifier="SCORE_RESPONSE_1" cardinality="single" baseType="float">
<defaultValue>
<value>0.0</value>
</defaultValue>
</outcomeDeclaration>
<outcomeDeclaration identifier="MINSCORE_RESPONSE_1" cardinality="single" baseType="float">
<defaultValue>
<value>0.0</value>
</defaultValue>
</outcomeDeclaration>
<itemBody>
<p>Gegeven is de volgende frequentietabel.</p>
<table>
<tbody>
<tr class="odd">
<td></td>
<td align="left">Sportauto</td>
<td align="left">Familieauto</td>
</tr>
<tr class="even">
<td>Man</td>
<td align="left">9</td>
<td align="left">5</td>
</tr>
<tr class="odd">
<td>Vrouw</td>
<td align="left">6</td>
<td align="left">1</td>
</tr>
</tbody>
</table>
<p>Wat is de verwachte celfrequentie van een Man met Sportauto onder de
aanname van onafhankelijkheid van de nulhypothese?</p>
<choiceInteraction responseIdentifier="uva-squared-1460-nl-qti_684600113_section_1_item_1_schoice_RESPONSE_1_3206239" shuffle="false" maxChoices="1">
<simpleChoice identifier="uva-squared-1460-nl-qti_684600113_section_1_item_1_schoice_1_5911276764">
<p>
 9
</p>
</simpleChoice>
<simpleChoice identifier="uva-squared-1460-nl-qti_684600113_section_1_item_1_schoice_2_8256978337">
<p>
 10
</p>
</simpleChoice>
<simpleChoice identifier="uva-squared-1460-nl-qti_684600113_section_1_item_1_schoice_3_5453162700">
<p>
 11
</p>
</simpleChoice>
</choiceInteraction>
</itemBody>
<responseProcessing>
<setOutcomeValue identifier="SCORE_RESPONSE_1">
<sum>
<variable identifier="SCORE_RESPONSE_1"/>
<mapResponse identifier="uva-squared-1460-nl-qti_684600113_section_1_item_1_schoice_RESPONSE_1_3206239"/>
</sum>
</setOutcomeValue>
<responseCondition>
<responseIf>
<lt>
<variable identifier="SCORE_RESPONSE_1"/>
<variable identifier="MINSCORE_RESPONSE_1"/>
</lt>
<setOutcomeValue identifier="SCORE_RESPONSE_1">
<variable identifier="MINSCORE_RESPONSE_1"/>
</setOutcomeValue>
</responseIf>
</responseCondition>
<responseCondition>
<responseIf>
<isNull>
<variable identifier="uva-squared-1460-nl-qti_684600113_section_1_item_1_schoice_RESPONSE_1_3206239"/>
</isNull>
<setOutcomeValue identifier="SCORE_RESPONSE_1">
<sum>
<variable identifier="SCORE_RESPONSE_1"/>
<baseValue baseType="float">0</baseValue>
</sum>
</setOutcomeValue>
</responseIf>
</responseCondition>
<setOutcomeValue identifier="SCORE">
<sum>
<variable identifier="SCORE_RESPONSE_1"/>
</sum>
</setOutcomeValue>
<responseCondition>
<responseIf>
<lt>
<variable identifier="SCORE"/>
<variable identifier="MINSCORE"/>
</lt>
<setOutcomeValue identifier="SCORE">
<variable identifier="MINSCORE"/>
</setOutcomeValue>
</responseIf>
</responseCondition>
<responseCondition>
<responseIf>
<lt>
<variable identifier="SCORE"/>
<baseValue baseType="float">1</baseValue>
</lt>
<setOutcomeValue identifier="FEEDBACKMODAL">
<multiple>
<variable identifier="FEEDBACKMODAL"/>
<baseValue baseType="identifier">Feedback264226608</baseValue>
</multiple>
</setOutcomeValue>
</responseIf>
</responseCondition>
</responseProcessing>
<modalFeedback identifier="Feedback264226608" outcomeIdentifier="FEEDBACKMODAL" showHide="show">
<ul>
<li> 9 <br /> 9: Incorrect </li>
<li> 10 <br /> 10: Correct </li>
<li> 11 <br /> 11: Incorrect </li>
</ul>
</modalFeedback>
</assessmentItem>
