<?xml version="1.0" encoding="UTF-8"?>
<assessmentItem xsi:schemaLocation="http://www.imsglobal.org/xsd/imsqti_v2p1 http://www.imsglobal.org/xsd/qti/qtiv2p1/imsqti_v2p1p1.xsd http://www.w3.org/1998/Math/MathML http://www.w3.org/Math/XMLSchema/mathml2/mathml2.xsd" identifier="uva-multiplication-rule-736-nl-ans_889681511_section_1_item_1_schoice" title="Probability_uva-multiplication-rule-736-nl_uva-multiplication-rule-736-nl_schoice_1" adaptive="false" timeDependent="false" xmlns="http://www.imsglobal.org/xsd/imsqti_v2p1" xmlns:xsi="http://www.w3.org/2001/XMLSchema-instance">
<responseDeclaration identifier="uva-multiplication-rule-736-nl-ans_889681511_section_1_item_1_schoice_RESPONSE_1_8927320" cardinality="single" baseType="identifier">
<correctResponse>
<value>uva-multiplication-rule-736-nl-ans_889681511_section_1_item_1_schoice_1_2071252548</value>
</correctResponse>
<mapping defaultValue="0" lowerBound="0.0">
<mapEntry mapKey="uva-multiplication-rule-736-nl-ans_889681511_section_1_item_1_schoice_1_2071252548" mappedValue="1"/>
<mapEntry mapKey="uva-multiplication-rule-736-nl-ans_889681511_section_1_item_1_schoice_2_1720008501" mappedValue="0"/>
<mapEntry mapKey="uva-multiplication-rule-736-nl-ans_889681511_section_1_item_1_schoice_3_4824544769" mappedValue="0"/>
<mapEntry mapKey="uva-multiplication-rule-736-nl-ans_889681511_section_1_item_1_schoice_4_7977183158" mappedValue="0"/>
</mapping>
</responseDeclaration>
<outcomeDeclaration identifier="SCORE" cardinality="single" baseType="float" normalMaximum="1" normalMinimum="0">
<defaultValue>
<value>0.0</value>
</defaultValue>
</outcomeDeclaration>
<outcomeDeclaration identifier="MAXSCORE" cardinality="single" baseType="float">
<defaultValue>
<value>1</value>
</defaultValue>
</outcomeDeclaration>
<outcomeDeclaration identifier="FEEDBACKBASIC" cardinality="single" baseType="identifier" view="testConstructor">
<defaultValue>
<value>empty</value>
</defaultValue>
</outcomeDeclaration>
<outcomeDeclaration identifier="FEEDBACKMODAL" cardinality="multiple" baseType="identifier" view="testConstructor"/>
<outcomeDeclaration identifier="SOLUTIONMODAL" cardinality="single" baseType="identifier" view="testConstructor"/>
<outcomeDeclaration identifier="MINSCORE" cardinality="single" baseType="float">
<defaultValue>
<value baseType="float">0</value>
</defaultValue>
</outcomeDeclaration>
<outcomeDeclaration identifier="SCORE_RESPONSE_1" cardinality="single" baseType="float">
<defaultValue>
<value>0.0</value>
</defaultValue>
</outcomeDeclaration>
<outcomeDeclaration identifier="MINSCORE_RESPONSE_1" cardinality="single" baseType="float">
<defaultValue>
<value>0.0</value>
</defaultValue>
</outcomeDeclaration>
<itemBody>
<p>Op de Nederlandse universiteiten stroomt jaarlijks 3% van de studenten
na hun afstuderen door naar een promotieplek. Na 10 jaar is 80% van de
gepromoveerde studenten nog steeds werkzaam aan een wetenschappelijk
instituut. Wat is de kans dat een aselect gekozen universitair student
10 jaar na zijn afstuderen werkzaam is bij een wetenschappelijk
instituut?</p>
<choiceInteraction responseIdentifier="uva-multiplication-rule-736-nl-ans_889681511_section_1_item_1_schoice_RESPONSE_1_8927320" shuffle="false" maxChoices="1">
<simpleChoice identifier="uva-multiplication-rule-736-nl-ans_889681511_section_1_item_1_schoice_1_2071252548">
<p>
 0,024
</p>
</simpleChoice>
<simpleChoice identifier="uva-multiplication-rule-736-nl-ans_889681511_section_1_item_1_schoice_2_1720008501">
<p>
 0,062
</p>
</simpleChoice>
<simpleChoice identifier="uva-multiplication-rule-736-nl-ans_889681511_section_1_item_1_schoice_3_4824544769">
<p>
 0,125
</p>
</simpleChoice>
<simpleChoice identifier="uva-multiplication-rule-736-nl-ans_889681511_section_1_item_1_schoice_4_7977183158">
<p>
 0,830
</p>
</simpleChoice>
</choiceInteraction>
</itemBody>
<responseProcessing>
<setOutcomeValue identifier="SCORE_RESPONSE_1">
<sum>
<variable identifier="SCORE_RESPONSE_1"/>
<mapResponse identifier="uva-multiplication-rule-736-nl-ans_889681511_section_1_item_1_schoice_RESPONSE_1_8927320"/>
</sum>
</setOutcomeValue>
<responseCondition>
<responseIf>
<lt>
<variable identifier="SCORE_RESPONSE_1"/>
<variable identifier="MINSCORE_RESPONSE_1"/>
</lt>
<setOutcomeValue identifier="SCORE_RESPONSE_1">
<variable identifier="MINSCORE_RESPONSE_1"/>
</setOutcomeValue>
</responseIf>
</responseCondition>
<responseCondition>
<responseIf>
<isNull>
<variable identifier="uva-multiplication-rule-736-nl-ans_889681511_section_1_item_1_schoice_RESPONSE_1_8927320"/>
</isNull>
<setOutcomeValue identifier="SCORE_RESPONSE_1">
<sum>
<variable identifier="SCORE_RESPONSE_1"/>
<baseValue baseType="float">0</baseValue>
</sum>
</setOutcomeValue>
</responseIf>
</responseCondition>
<setOutcomeValue identifier="SCORE">
<sum>
<variable identifier="SCORE_RESPONSE_1"/>
</sum>
</setOutcomeValue>
<responseCondition>
<responseIf>
<lt>
<variable identifier="SCORE"/>
<variable identifier="MINSCORE"/>
</lt>
<setOutcomeValue identifier="SCORE">
<variable identifier="MINSCORE"/>
</setOutcomeValue>
</responseIf>
</responseCondition>
<responseCondition>
<responseIf>
<lt>
<variable identifier="SCORE"/>
<baseValue baseType="float">1</baseValue>
</lt>
<setOutcomeValue identifier="FEEDBACKMODAL">
<multiple>
<variable identifier="FEEDBACKMODAL"/>
<baseValue baseType="identifier">Feedback901729371</baseValue>
</multiple>
</setOutcomeValue>
</responseIf>
</responseCondition>
</responseProcessing>
<modalFeedback outcomeIdentifier="FEEDBACK" showHide="show" identifier="incorrect">
<ul>
<li> 0,024 <br /> 0,024: Correct </li>
<li> 0,062 <br /> 0,062: Incorrect </li>
<li> 0,125 <br /> 0,125: Incorrect </li>
<li> 0,830 <br /> 0,830: Incorrect </li>
</ul>
</modalFeedback>
</assessmentItem>
