<?xml version="1.0" encoding="UTF-8"?>
<assessmentItem xsi:schemaLocation="http://www.imsglobal.org/xsd/imsqti_v2p1 http://www.imsglobal.org/xsd/qti/qtiv2p1/imsqti_v2p1p1.xsd http://www.w3.org/1998/Math/MathML http://www.w3.org/Math/XMLSchema/mathml2/mathml2.xsd" identifier="uva-confidence-level-861-en-ans_583783430_section_1_item_1_schoice" title="Inferential_Statistics_uva-confidence-level-861-en_uva-confidence-level-861-en_schoice_1" adaptive="false" timeDependent="false" xmlns="http://www.imsglobal.org/xsd/imsqti_v2p1" xmlns:xsi="http://www.w3.org/2001/XMLSchema-instance">
<responseDeclaration identifier="uva-confidence-level-861-en-ans_583783430_section_1_item_1_schoice_RESPONSE_1_7948027" cardinality="single" baseType="identifier">
<correctResponse>
<value>uva-confidence-level-861-en-ans_583783430_section_1_item_1_schoice_3_1782818885</value>
</correctResponse>
<mapping defaultValue="0" lowerBound="0.0">
<mapEntry mapKey="uva-confidence-level-861-en-ans_583783430_section_1_item_1_schoice_1_6811365138" mappedValue="0"/>
<mapEntry mapKey="uva-confidence-level-861-en-ans_583783430_section_1_item_1_schoice_2_7289749183" mappedValue="0"/>
<mapEntry mapKey="uva-confidence-level-861-en-ans_583783430_section_1_item_1_schoice_3_1782818885" mappedValue="1"/>
</mapping>
</responseDeclaration>
<outcomeDeclaration identifier="SCORE" cardinality="single" baseType="float" normalMaximum="1" normalMinimum="0">
<defaultValue>
<value>0.0</value>
</defaultValue>
</outcomeDeclaration>
<outcomeDeclaration identifier="MAXSCORE" cardinality="single" baseType="float">
<defaultValue>
<value>1</value>
</defaultValue>
</outcomeDeclaration>
<outcomeDeclaration identifier="FEEDBACKBASIC" cardinality="single" baseType="identifier" view="testConstructor">
<defaultValue>
<value>empty</value>
</defaultValue>
</outcomeDeclaration>
<outcomeDeclaration identifier="FEEDBACKMODAL" cardinality="multiple" baseType="identifier" view="testConstructor"/>
<outcomeDeclaration identifier="SOLUTIONMODAL" cardinality="single" baseType="identifier" view="testConstructor"/>
<outcomeDeclaration identifier="MINSCORE" cardinality="single" baseType="float">
<defaultValue>
<value baseType="float">0</value>
</defaultValue>
</outcomeDeclaration>
<outcomeDeclaration identifier="SCORE_RESPONSE_1" cardinality="single" baseType="float">
<defaultValue>
<value>0.0</value>
</defaultValue>
</outcomeDeclaration>
<outcomeDeclaration identifier="MINSCORE_RESPONSE_1" cardinality="single" baseType="float">
<defaultValue>
<value>0.0</value>
</defaultValue>
</outcomeDeclaration>
<itemBody>
<p>It examines how many people would answer yes when asked whether they ever feel depressed. The percentage who answered with “yes. answers is 37% from a sample of 350 randomly asked people. The researchers want to know if the percentage is greater than 35%. To that end they set the null hypothesis at H<sub>0</sub>: <em>p</em><sub>0</sub> = 35%. From what percentage can the null hypothesis be rejected when a significance level is used of 2.5%?</p>
<choiceInteraction responseIdentifier="uva-confidence-level-861-en-ans_583783430_section_1_item_1_schoice_RESPONSE_1_7948027" shuffle="false" maxChoices="1">
<simpleChoice identifier="uva-confidence-level-861-en-ans_583783430_section_1_item_1_schoice_1_6811365138">
<p>
 30%
</p>
</simpleChoice>
<simpleChoice identifier="uva-confidence-level-861-en-ans_583783430_section_1_item_1_schoice_2_7289749183">
<p>
 35%
</p>
</simpleChoice>
<simpleChoice identifier="uva-confidence-level-861-en-ans_583783430_section_1_item_1_schoice_3_1782818885">
<p>
 40%
</p>
</simpleChoice>
</choiceInteraction>
</itemBody>
<responseProcessing>
<setOutcomeValue identifier="SCORE_RESPONSE_1">
<sum>
<variable identifier="SCORE_RESPONSE_1"/>
<mapResponse identifier="uva-confidence-level-861-en-ans_583783430_section_1_item_1_schoice_RESPONSE_1_7948027"/>
</sum>
</setOutcomeValue>
<responseCondition>
<responseIf>
<lt>
<variable identifier="SCORE_RESPONSE_1"/>
<variable identifier="MINSCORE_RESPONSE_1"/>
</lt>
<setOutcomeValue identifier="SCORE_RESPONSE_1">
<variable identifier="MINSCORE_RESPONSE_1"/>
</setOutcomeValue>
</responseIf>
</responseCondition>
<responseCondition>
<responseIf>
<isNull>
<variable identifier="uva-confidence-level-861-en-ans_583783430_section_1_item_1_schoice_RESPONSE_1_7948027"/>
</isNull>
<setOutcomeValue identifier="SCORE_RESPONSE_1">
<sum>
<variable identifier="SCORE_RESPONSE_1"/>
<baseValue baseType="float">0</baseValue>
</sum>
</setOutcomeValue>
</responseIf>
</responseCondition>
<setOutcomeValue identifier="SCORE">
<sum>
<variable identifier="SCORE_RESPONSE_1"/>
</sum>
</setOutcomeValue>
<responseCondition>
<responseIf>
<lt>
<variable identifier="SCORE"/>
<variable identifier="MINSCORE"/>
</lt>
<setOutcomeValue identifier="SCORE">
<variable identifier="MINSCORE"/>
</setOutcomeValue>
</responseIf>
</responseCondition>
<responseCondition>
<responseIf>
<lt>
<variable identifier="SCORE"/>
<baseValue baseType="float">1</baseValue>
</lt>
<setOutcomeValue identifier="FEEDBACKMODAL">
<multiple>
<variable identifier="FEEDBACKMODAL"/>
<baseValue baseType="identifier">Feedback198607969</baseValue>
</multiple>
</setOutcomeValue>
</responseIf>
</responseCondition>
</responseProcessing>
<modalFeedback outcomeIdentifier="FEEDBACK" showHide="show" identifier="incorrect">
<ul>
<li> 30% <br /> 30%: Incorrect </li>
<li> 35% <br /> 35%: Incorrect </li>
<li> 40% <br /> 40%: Correct </li>
</ul>
</modalFeedback>
</assessmentItem>
