<?xml version="1.0" encoding="UTF-8"?>
<assessmentItem xsi:schemaLocation="http://www.imsglobal.org/xsd/imsqti_v2p1 http://www.imsglobal.org/xsd/qti/qtiv2p1/imsqti_v2p1p1.xsd http://www.w3.org/1998/Math/MathML http://www.w3.org/Math/XMLSchema/mathml2/mathml2.xsd" identifier="vufsw-moderation-2050-nl-qti_297456644_section_1_item_1_schoice" title="1" adaptive="false" timeDependent="false" xmlns="http://www.imsglobal.org/xsd/imsqti_v2p1" xmlns:xsi="http://www.w3.org/2001/XMLSchema-instance">
<responseDeclaration identifier="vufsw-moderation-2050-nl-qti_297456644_section_1_item_1_schoice_RESPONSE_1_2412795" cardinality="single" baseType="identifier">
<correctResponse>
<value>vufsw-moderation-2050-nl-qti_297456644_section_1_item_1_schoice_2_1477336693</value>
</correctResponse>
<mapping defaultValue="0" lowerBound="0.0">
<mapEntry mapKey="vufsw-moderation-2050-nl-qti_297456644_section_1_item_1_schoice_1_5848118546" mappedValue="0"/>
<mapEntry mapKey="vufsw-moderation-2050-nl-qti_297456644_section_1_item_1_schoice_2_1477336693" mappedValue="1"/>
<mapEntry mapKey="vufsw-moderation-2050-nl-qti_297456644_section_1_item_1_schoice_3_6696005171" mappedValue="0"/>
<mapEntry mapKey="vufsw-moderation-2050-nl-qti_297456644_section_1_item_1_schoice_4_4120810597" mappedValue="0"/>
</mapping>
</responseDeclaration>
<outcomeDeclaration identifier="SCORE" cardinality="single" baseType="float" normalMaximum="1" normalMinimum="0">
<defaultValue>
<value>0.0</value>
</defaultValue>
</outcomeDeclaration>
<outcomeDeclaration identifier="MAXSCORE" cardinality="single" baseType="float">
<defaultValue>
<value>1</value>
</defaultValue>
</outcomeDeclaration>
<outcomeDeclaration identifier="FEEDBACKBASIC" cardinality="single" baseType="identifier" view="testConstructor">
<defaultValue>
<value>empty</value>
</defaultValue>
</outcomeDeclaration>
<outcomeDeclaration identifier="FEEDBACKMODAL" cardinality="multiple" baseType="identifier" view="testConstructor"/>
<outcomeDeclaration identifier="MINSCORE" cardinality="single" baseType="float">
<defaultValue>
<value baseType="float">0</value>
</defaultValue>
</outcomeDeclaration>
<outcomeDeclaration identifier="SCORE_RESPONSE_1" cardinality="single" baseType="float">
<defaultValue>
<value>0.0</value>
</defaultValue>
</outcomeDeclaration>
<outcomeDeclaration identifier="MINSCORE_RESPONSE_1" cardinality="single" baseType="float">
<defaultValue>
<value>0.0</value>
</defaultValue>
</outcomeDeclaration>
<itemBody>
<p>In onderstaande output is in een steekproef van jongeren in de leeftijd
14-17 jaar onderzocht in hoeverre cultuurparticipatie (culpar: continue
schaal 1-100: laag -&gt; hoog) afhangt van leeftijd (lft15: in jaren, 15
jaar =0) en van de cultuurparticipatie van de moeder (pmcul: continue
schaal 0-1: laag -&gt; hoog). Er is ook een interactieterm opgenomen
tussen leeftijd en de cultuurparticipatie van de moeder (lft_pmcul:
berekend als lft15 * pmcul).</p>
<p><img src="Schermafbeelding__2019-01-30__om__14.57.50.png"
class="fr-fic fr-dii tvcss_2"
alt="Schermafbeelding 2019-01-30 om 14.57.50" /><br />
Welke conclusie kun je op basis van deze analyse uit model 2 trekken
over de populatie?<br />
1: De invloed van de cultuurparticipatie van de moeder neemt af naarmate
adolescenten ouder worden<br />
2: Leeftijdsverschillen nemen toe naarmate de moeder cultureel actiever
is</p>
<choiceInteraction responseIdentifier="vufsw-moderation-2050-nl-qti_297456644_section_1_item_1_schoice_RESPONSE_1_2412795" shuffle="false" maxChoices="1">
<simpleChoice identifier="vufsw-moderation-2050-nl-qti_297456644_section_1_item_1_schoice_1_5848118546">
<p>
a. Zowel uitspraak 1 als uitspraak 2 klopt
</p>
</simpleChoice>
<simpleChoice identifier="vufsw-moderation-2050-nl-qti_297456644_section_1_item_1_schoice_2_1477336693">
<p>
b. Alleen uitspraak 1 klopt
</p>
</simpleChoice>
<simpleChoice identifier="vufsw-moderation-2050-nl-qti_297456644_section_1_item_1_schoice_3_6696005171">
<p>
c. Alleen uitspraak 2 klopt
</p>
</simpleChoice>
<simpleChoice identifier="vufsw-moderation-2050-nl-qti_297456644_section_1_item_1_schoice_4_4120810597">
<p>
d. Geen van beide uitspraken klopt
</p>
</simpleChoice>
</choiceInteraction>
</itemBody>
<responseProcessing>
<responseCondition>
<responseIf>
<isNull>
<variable identifier="vufsw-moderation-2050-nl-qti_297456644_section_1_item_1_schoice_RESPONSE_1_2412795"/>
</isNull>
<setOutcomeValue identifier="SCORE_RESPONSE_1">
<sum>
<variable identifier="SCORE_RESPONSE_1"/>
<baseValue baseType="float">0</baseValue>
</sum>
</setOutcomeValue>
</responseIf>
</responseCondition>
<setOutcomeValue identifier="SCORE_RESPONSE_1">
<sum>
<variable identifier="SCORE_RESPONSE_1"/>
<mapResponse identifier="vufsw-moderation-2050-nl-qti_297456644_section_1_item_1_schoice_RESPONSE_1_2412795"/>
</sum>
</setOutcomeValue>
<responseCondition>
<responseIf>
<lt>
<variable identifier="SCORE_RESPONSE_1"/>
<variable identifier="MINSCORE_RESPONSE_1"/>
</lt>
<setOutcomeValue identifier="SCORE_RESPONSE_1">
<variable identifier="MINSCORE_RESPONSE_1"/>
</setOutcomeValue>
</responseIf>
</responseCondition>
<setOutcomeValue identifier="SCORE">
<sum>
<variable identifier="SCORE_RESPONSE_1"/>
</sum>
</setOutcomeValue>
<responseCondition>
<responseIf>
<lt>
<variable identifier="SCORE"/>
<variable identifier="MINSCORE"/>
</lt>
<setOutcomeValue identifier="SCORE">
<variable identifier="MINSCORE"/>
</setOutcomeValue>
</responseIf>
</responseCondition>
<responseCondition>
<responseIf>
<lt>
<variable identifier="SCORE"/>
<baseValue baseType="float">1</baseValue>
</lt>
<setOutcomeValue identifier="FEEDBACKMODAL">
<multiple>
<variable identifier="FEEDBACKMODAL"/>
<baseValue baseType="identifier">Feedback338481875</baseValue>
</multiple>
</setOutcomeValue>
</responseIf>
</responseCondition>
</responseProcessing>
<modalFeedback identifier="Feedback338481875" outcomeIdentifier="FEEDBACKMODAL" showHide="show">
<ol type = "a">
<li> Zowel uitspraak 1 als uitspraak 2 klopt <br /> False </li>
<li> Alleen uitspraak 1 klopt <br /> True </li>
<li> Alleen uitspraak 2 klopt <br /> False </li>
<li> Geen van beide uitspraken klopt <br /> False </li>
</ol>
</modalFeedback>
</assessmentItem>
