<?xml version="1.0" encoding="UTF-8"?>
<assessmentItem xsi:schemaLocation="http://www.imsglobal.org/xsd/imsqti_v2p1 http://www.imsglobal.org/xsd/qti/qtiv2p1/imsqti_v2p1p1.xsd http://www.w3.org/1998/Math/MathML http://www.w3.org/Math/XMLSchema/mathml2/mathml2.xsd" identifier="vufgb-residuals-002-nl-qti_944735026_section_1_item_1_schoice" title="1" adaptive="false" timeDependent="false" xmlns="http://www.imsglobal.org/xsd/imsqti_v2p1" xmlns:xsi="http://www.w3.org/2001/XMLSchema-instance">
<responseDeclaration identifier="vufgb-residuals-002-nl-qti_944735026_section_1_item_1_schoice_RESPONSE_1_1124851" cardinality="single" baseType="identifier">
<correctResponse>
<value>vufgb-residuals-002-nl-qti_944735026_section_1_item_1_schoice_3_6443730162</value>
</correctResponse>
<mapping defaultValue="0" lowerBound="0.0">
<mapEntry mapKey="vufgb-residuals-002-nl-qti_944735026_section_1_item_1_schoice_1_6516600565" mappedValue="0"/>
<mapEntry mapKey="vufgb-residuals-002-nl-qti_944735026_section_1_item_1_schoice_2_7630455990" mappedValue="0"/>
<mapEntry mapKey="vufgb-residuals-002-nl-qti_944735026_section_1_item_1_schoice_3_6443730162" mappedValue="1"/>
<mapEntry mapKey="vufgb-residuals-002-nl-qti_944735026_section_1_item_1_schoice_4_9451213860" mappedValue="0"/>
</mapping>
</responseDeclaration>
<outcomeDeclaration identifier="SCORE" cardinality="single" baseType="float" normalMaximum="1" normalMinimum="0">
<defaultValue>
<value>0.0</value>
</defaultValue>
</outcomeDeclaration>
<outcomeDeclaration identifier="MAXSCORE" cardinality="single" baseType="float">
<defaultValue>
<value>1</value>
</defaultValue>
</outcomeDeclaration>
<outcomeDeclaration identifier="FEEDBACKBASIC" cardinality="single" baseType="identifier" view="testConstructor">
<defaultValue>
<value>empty</value>
</defaultValue>
</outcomeDeclaration>
<outcomeDeclaration identifier="FEEDBACKMODAL" cardinality="multiple" baseType="identifier" view="testConstructor"/>
<outcomeDeclaration identifier="MINSCORE" cardinality="single" baseType="float">
<defaultValue>
<value baseType="float">0</value>
</defaultValue>
</outcomeDeclaration>
<outcomeDeclaration identifier="SCORE_RESPONSE_1" cardinality="single" baseType="float">
<defaultValue>
<value>0.0</value>
</defaultValue>
</outcomeDeclaration>
<outcomeDeclaration identifier="MINSCORE_RESPONSE_1" cardinality="single" baseType="float">
<defaultValue>
<value>0.0</value>
</defaultValue>
</outcomeDeclaration>
<itemBody>
<p>Vul de volgende zin aan: “De conditionele variantie <math display="inline" xmlns="http://www.w3.org/1998/Math/MathML"><semantics><msup><mi>s</mi><mn>2</mn></msup><annotation encoding="application/x-tex">s^2</annotation></semantics></math> betreft de variantie van de …”</p>
<choiceInteraction responseIdentifier="vufgb-residuals-002-nl-qti_944735026_section_1_item_1_schoice_RESPONSE_1_1124851" shuffle="false" maxChoices="1">
<simpleChoice identifier="vufgb-residuals-002-nl-qti_944735026_section_1_item_1_schoice_1_6516600565">
<p>
a. Geobserveerde <em>y</em>-scores.
</p>
</simpleChoice>
<simpleChoice identifier="vufgb-residuals-002-nl-qti_944735026_section_1_item_1_schoice_2_7630455990">
<p>
b. Voorspelde <em>y</em>-scores.
</p>
</simpleChoice>
<simpleChoice identifier="vufgb-residuals-002-nl-qti_944735026_section_1_item_1_schoice_3_6443730162">
<p>
c. Residuen.
</p>
</simpleChoice>
<simpleChoice identifier="vufgb-residuals-002-nl-qti_944735026_section_1_item_1_schoice_4_9451213860">
<p>
d. <em>t</em>-waardes.
</p>
</simpleChoice>
</choiceInteraction>
</itemBody>
<responseProcessing>
<responseCondition>
<responseIf>
<isNull>
<variable identifier="vufgb-residuals-002-nl-qti_944735026_section_1_item_1_schoice_RESPONSE_1_1124851"/>
</isNull>
<setOutcomeValue identifier="SCORE_RESPONSE_1">
<sum>
<variable identifier="SCORE_RESPONSE_1"/>
<baseValue baseType="float">0</baseValue>
</sum>
</setOutcomeValue>
</responseIf>
</responseCondition>
<setOutcomeValue identifier="SCORE_RESPONSE_1">
<sum>
<variable identifier="SCORE_RESPONSE_1"/>
<mapResponse identifier="vufgb-residuals-002-nl-qti_944735026_section_1_item_1_schoice_RESPONSE_1_1124851"/>
</sum>
</setOutcomeValue>
<responseCondition>
<responseIf>
<lt>
<variable identifier="SCORE_RESPONSE_1"/>
<variable identifier="MINSCORE_RESPONSE_1"/>
</lt>
<setOutcomeValue identifier="SCORE_RESPONSE_1">
<variable identifier="MINSCORE_RESPONSE_1"/>
</setOutcomeValue>
</responseIf>
</responseCondition>
<setOutcomeValue identifier="SCORE">
<sum>
<variable identifier="SCORE_RESPONSE_1"/>
</sum>
</setOutcomeValue>
<responseCondition>
<responseIf>
<lt>
<variable identifier="SCORE"/>
<variable identifier="MINSCORE"/>
</lt>
<setOutcomeValue identifier="SCORE">
<variable identifier="MINSCORE"/>
</setOutcomeValue>
</responseIf>
</responseCondition>
<responseCondition>
<responseIf>
<lt>
<variable identifier="SCORE"/>
<baseValue baseType="float">1</baseValue>
</lt>
<setOutcomeValue identifier="FEEDBACKMODAL">
<multiple>
<variable identifier="FEEDBACKMODAL"/>
<baseValue baseType="identifier">Feedback427490274</baseValue>
</multiple>
</setOutcomeValue>
</responseIf>
</responseCondition>
</responseProcessing>
<modalFeedback identifier="Feedback427490274" outcomeIdentifier="FEEDBACKMODAL" showHide="show">
</modalFeedback>
</assessmentItem>
