<?xml version="1.0" encoding="UTF-8"?>
<assessmentItem xsi:schemaLocation="http://www.imsglobal.org/xsd/imsqti_v2p1 http://www.imsglobal.org/xsd/qti/qtiv2p1/imsqti_v2p1p1.xsd http://www.w3.org/1998/Math/MathML http://www.w3.org/Math/XMLSchema/mathml2/mathml2.xsd" identifier="vufsw-summarystatistics-0039-nl-qti_274634399_section_1_item_1_schoice" title="1" adaptive="false" timeDependent="false" xmlns="http://www.imsglobal.org/xsd/imsqti_v2p1" xmlns:xsi="http://www.w3.org/2001/XMLSchema-instance">
<responseDeclaration identifier="vufsw-summarystatistics-0039-nl-qti_274634399_section_1_item_1_schoice_RESPONSE_1_7142690" cardinality="single" baseType="identifier">
<correctResponse>
<value>vufsw-summarystatistics-0039-nl-qti_274634399_section_1_item_1_schoice_2_3082502045</value>
</correctResponse>
<mapping defaultValue="0" lowerBound="0.0">
<mapEntry mapKey="vufsw-summarystatistics-0039-nl-qti_274634399_section_1_item_1_schoice_1_4498634752" mappedValue="0"/>
<mapEntry mapKey="vufsw-summarystatistics-0039-nl-qti_274634399_section_1_item_1_schoice_2_3082502045" mappedValue="1"/>
<mapEntry mapKey="vufsw-summarystatistics-0039-nl-qti_274634399_section_1_item_1_schoice_3_3741039643" mappedValue="0"/>
<mapEntry mapKey="vufsw-summarystatistics-0039-nl-qti_274634399_section_1_item_1_schoice_4_1305419933" mappedValue="0"/>
</mapping>
</responseDeclaration>
<outcomeDeclaration identifier="SCORE" cardinality="single" baseType="float" normalMaximum="1" normalMinimum="0">
<defaultValue>
<value>0.0</value>
</defaultValue>
</outcomeDeclaration>
<outcomeDeclaration identifier="MAXSCORE" cardinality="single" baseType="float">
<defaultValue>
<value>1</value>
</defaultValue>
</outcomeDeclaration>
<outcomeDeclaration identifier="FEEDBACKBASIC" cardinality="single" baseType="identifier" view="testConstructor">
<defaultValue>
<value>empty</value>
</defaultValue>
</outcomeDeclaration>
<outcomeDeclaration identifier="FEEDBACKMODAL" cardinality="multiple" baseType="identifier" view="testConstructor"/>
<outcomeDeclaration identifier="SOLUTIONMODAL" cardinality="single" baseType="identifier" view="testConstructor"/>
<outcomeDeclaration identifier="MINSCORE" cardinality="single" baseType="float">
<defaultValue>
<value baseType="float">0</value>
</defaultValue>
</outcomeDeclaration>
<outcomeDeclaration identifier="SCORE_RESPONSE_1" cardinality="single" baseType="float">
<defaultValue>
<value>0.0</value>
</defaultValue>
</outcomeDeclaration>
<outcomeDeclaration identifier="MINSCORE_RESPONSE_1" cardinality="single" baseType="float">
<defaultValue>
<value>0.0</value>
</defaultValue>
</outcomeDeclaration>
<itemBody>
<p>Welke van de onderstaande uitspraken is <strong>juist</strong>?</p>
<choiceInteraction responseIdentifier="vufsw-summarystatistics-0039-nl-qti_274634399_section_1_item_1_schoice_RESPONSE_1_7142690" shuffle="false" maxChoices="1">
<simpleChoice identifier="vufsw-summarystatistics-0039-nl-qti_274634399_section_1_item_1_schoice_1_4498634752">
<p>
 Bij een 95% betrouwbaarheidsinterval ligt de steekproefwaarde altijd in het “kritieke gebied” van 5%.
</p>
</simpleChoice>
<simpleChoice identifier="vufsw-summarystatistics-0039-nl-qti_274634399_section_1_item_1_schoice_2_3082502045">
<p>
 De Standard Error (SE) is bij zowel een proportie als bij een gemiddelde afhankelijk van de steekproefgrootte.
</p>
</simpleChoice>
<simpleChoice identifier="vufsw-summarystatistics-0039-nl-qti_274634399_section_1_item_1_schoice_3_3741039643">
<p>
 Bij de Standaard Normale Verdeling geldt dat 10% van de observaties minstens 1.96 keer de standaard deviatie hoger scoort dan de gemiddelde waarde.
</p>
</simpleChoice>
<simpleChoice identifier="vufsw-summarystatistics-0039-nl-qti_274634399_section_1_item_1_schoice_4_1305419933">
<p>
 Het gemiddelde van een Standaard Normale verdeling is altijd 0.00 en de standaarddeviatie is altijd 1.96.
</p>
</simpleChoice>
</choiceInteraction>
</itemBody>
<responseProcessing>
<setOutcomeValue identifier="SCORE_RESPONSE_1">
<sum>
<variable identifier="SCORE_RESPONSE_1"/>
<mapResponse identifier="vufsw-summarystatistics-0039-nl-qti_274634399_section_1_item_1_schoice_RESPONSE_1_7142690"/>
</sum>
</setOutcomeValue>
<responseCondition>
<responseIf>
<lt>
<variable identifier="SCORE_RESPONSE_1"/>
<variable identifier="MINSCORE_RESPONSE_1"/>
</lt>
<setOutcomeValue identifier="SCORE_RESPONSE_1">
<variable identifier="MINSCORE_RESPONSE_1"/>
</setOutcomeValue>
</responseIf>
</responseCondition>
<responseCondition>
<responseIf>
<isNull>
<variable identifier="vufsw-summarystatistics-0039-nl-qti_274634399_section_1_item_1_schoice_RESPONSE_1_7142690"/>
</isNull>
<setOutcomeValue identifier="SCORE_RESPONSE_1">
<sum>
<variable identifier="SCORE_RESPONSE_1"/>
<baseValue baseType="float">0</baseValue>
</sum>
</setOutcomeValue>
</responseIf>
</responseCondition>
<setOutcomeValue identifier="SCORE">
<sum>
<variable identifier="SCORE_RESPONSE_1"/>
</sum>
</setOutcomeValue>
<responseCondition>
<responseIf>
<lt>
<variable identifier="SCORE"/>
<variable identifier="MINSCORE"/>
</lt>
<setOutcomeValue identifier="SCORE">
<variable identifier="MINSCORE"/>
</setOutcomeValue>
</responseIf>
</responseCondition>
<responseCondition>
<responseIf>
<lt>
<variable identifier="SCORE"/>
<baseValue baseType="float">1</baseValue>
</lt>
<setOutcomeValue identifier="FEEDBACKMODAL">
<multiple>
<variable identifier="FEEDBACKMODAL"/>
<baseValue baseType="identifier">Feedback890535141</baseValue>
</multiple>
</setOutcomeValue>
</responseIf>
</responseCondition>
</responseProcessing>
<modalFeedback identifier="Feedback890535141" outcomeIdentifier="FEEDBACKMODAL" showHide="show">
<ul>
<li> Bij een 95% betrouwbaarheidsinterval ligt de steekproefwaarde altijd in het “kritieke gebied” van 5%. <br /> False </li>
<li> De Standard Error (SE) is bij zowel een proportie als bij een gemiddelde afhankelijk van de steekproefgrootte. <br /> True </li>
<li> Bij de Standaard Normale Verdeling geldt dat 10% van de observaties minstens 1.96 keer de standaard deviatie hoger scoort dan de gemiddelde waarde. <br /> False </li>
<li> Het gemiddelde van een Standaard Normale verdeling is altijd 0.00 en de standaarddeviatie is altijd 1.96. <br /> False </li>
</ul>
</modalFeedback>
</assessmentItem>
