<?xml version="1.0" encoding="UTF-8"?>
<!DOCTYPE questestinterop SYSTEM "ims_qtiasiv1p2p1.dtd">

<questestinterop xmlns="http://www.imsglobal.org/xsd/ims_qtiasiv1p2" xmlns:xsi="http://www.w3.org/2001/XMLSchema-instance" xsi:schemaLocation="http://www.imsglobal.org/xsd/ims_qtiasiv1p2 http://www.imsglobal.org/xsd/ims_qtiasiv1p2p1.xsd">
<assessment ident="eur-reliability-401-nl-canvas_714456675" title="eur-reliability-401-nl-canvas">

<qtimetadata>
<qtimetadatafield>
<fieldlabel>cc_maxattempts</fieldlabel>
<fieldentry>1</fieldentry>
</qtimetadatafield>
<qtimetadatafield>
<fieldlabel>qmd_assessmenttype</fieldlabel>
<fieldentry>Assessment</fieldentry>
</qtimetadatafield>
</qtimetadata>
<objectives>
<material>
<mattext><![CDATA[Please solve the following exercises.]]></mattext>
</material>
</objectives>
<assessmentcontrol feedbackswitch="No" hintswitch="No" solutionswitch="Yes"/>
<outcomes_processing scoremodel="SumOfScores">
<outcomes>
<decvar varname="SCORE" vartype="Decimal" cutvalue="0"/>
</outcomes>
</outcomes_processing>
<assessfeedback title="AssessmentFeedback" ident="AssessmentFeedback">
<flow_mat>
<material>
<mattext>##AssessmentFeedback##</mattext>
</material>
</flow_mat>
</assessfeedback>

<section ident="eur-reliability-401-nl-canvas_714456675_section_1" title="Exercise">

<objectives>
<material>
<mattext><![CDATA[Please answer the following question.]]></mattext>
</material>
</objectives>
<selection_ordering>
<selection>
<selection_number>1</selection_number>
<selection_extension>
<points_per_item>1</points_per_item>
</selection_extension>
</selection>
<order order_type="Random"/>
</selection_ordering>

<item ident="eur-reliability-401-nl-canvas_714456675_section_1_item_1_num" title="Question" maxattempts="1">
<itemcontrol feedbackswitch="No" hintswitch="No" solutionswitch="Yes"/>
<itemmetadata>
<qtimetadata>
<qtimetadatafield>
<fieldlabel>question_type</fieldlabel>
<fieldentry>numerical_question</fieldentry>
</qtimetadatafield>
</qtimetadata>
</itemmetadata>
<presentation>
<flow>
<material>
<matbreak/>
<mattext texttype="text/html" charset="utf-8"><![CDATA[
<p>Een onderzoeker van het instituut voor psychologie doet onderzoek naar alcoholmisbruik onder adolescenten. De onderzoeker ontwierp een vragenlijst met 12 items op Likert-schalen van 1 (helemaal mee oneens) tot 5 (helemaal mee eens). Een voorbeeld van een item is: Als ik uitga, drink ik vaak meer dan 5 alcoholische dranken. De antwoorden van 608 adolescente meisjes (1) en jongens (2) op de 12 items zitten in de dataset. Let op: hogere scores op de vragenlijst duiden op meer alcoholmisbruik.</p>
<p>Voer een betrouwbaarheidsanalyse uit. Wat is de schaalvariantie als alle items worden meegenomen? (3 decimalen)</p>
<p>Open de dataset hieronder om deze vraag te beantwoorden:</p>
<p><strong>Download</strong> <a href="data/supplements_1_1/eur-reliability-401-nl-data.sav">SPSS file</a>, <a href="data/supplements_1_1/eur-reliability-401-nl-data.csv">CSV file</a></p>
]]></mattext>
<matbreak/>
</material>
<response_num ident="eur-reliability-401-nl-canvas_714456675_section_1_item_1_num_RESPONSE_6691832" rcardinality="Single" numtype="Decimal">
<render_fib fibtype="Decimal" maxchars="12">
<flow_label class="Block">
<response_label ident="eur-reliability-401-nl-canvas_714456675_section_1_item_1_num_RESPONSE_6691832" rshuffle="No"/>
</flow_label>
</render_fib>
</response_num>
<material>
<matbreak/>
</material>
</flow>
</presentation>
<resprocessing>
<outcomes>
<decvar varname="SCORE" vartype="Decimal" defaultval="0" minvalue="0" maxvalue="1" cutvalue="1"/>
</outcomes>
<respcondition title="Mastery" continue="No">
<conditionvar>

<or>
<varequal respident="eur-reliability-401-nl-canvas_714456675_section_1_item_1_num_RESPONSE_6691832" case="No"><![CDATA[53.189]]></varequal>
<and>
<vargte respident="eur-reliability-401-nl-canvas_714456675_section_1_item_1_num_RESPONSE_6691832"><![CDATA[53.189]]></vargte>
<varlte respident="eur-reliability-401-nl-canvas_714456675_section_1_item_1_num_RESPONSE_6691832"><![CDATA[53.189]]></varlte>
</and>
</or>
</conditionvar>
<setvar varname="SCORE" action="Set">1</setvar>
<displayfeedback feedbacktype="Response" linkrefid="correct_fb"/>
</respcondition>
<respcondition continue="Yes">
<conditionvar>
<other/>
</conditionvar>
<displayfeedback feedbacktype="Response" linkrefid="general_incorrect_fb"/>
</respcondition>
</resprocessing>
<itemfeedback ident="correct_fb" view="All">
<flow_mat>
<material>
<mattext texttype="text/html"><![CDATA[
<p>De schaalvariantie als alle items worden meegenomen is 53,189 (vraag naar de schaalbeschrijvingen bij het uitvoeren van de betrouwbaarheidsanalyse).</p>
]]></mattext>
</material>
</flow_mat>
</itemfeedback>
<itemfeedback ident="general_incorrect_fb" view="All">
<flow_mat>
<material>
<mattext texttype="text/html"><![CDATA[
<p>De schaalvariantie als alle items worden meegenomen is 53,189 (vraag naar de schaalbeschrijvingen bij het uitvoeren van de betrouwbaarheidsanalyse).</p>
]]></mattext>
</material>
</flow_mat>
</itemfeedback>
</item>


</section>

</assessment>
</questestinterop>
