<?xml version="1.0" encoding="utf-8" standalone="yes"?>
<assessmentItem identifier="vufgb-multilevelanalysis-003-nl-tv_202307180610_item_1_schoice" title="vufgb-multilevelanalysis-003-nl-tv_202307180610_item_1_schoice_vufgb-multilevelanalysis-003-nl" adaptive="false" timeDependent="false" toolName="Testvision Online" toolVersion="39.0.9084" xmlns="http://www.imsglobal.org/xsd/imsqti_v2p1">
<responseDeclaration identifier="RESPONSE" cardinality="single" baseType="identifier">
<correctResponse>
<value>alt_405021</value>
</correctResponse>
<mapping defaultValue="0" lowerBound="0.0">
<mapEntry mapKey="alt_640746" mappedValue="-0.333333333333333"/>
<mapEntry mapKey="alt_293619" mappedValue="-0.333333333333333"/>
<mapEntry mapKey="alt_442769" mappedValue="-0.333333333333333"/>
<mapEntry mapKey="alt_405021" mappedValue="1"/>
</mapping>
</responseDeclaration>
<outcomeDeclaration identifier="SCORE" cardinality="single" baseType="float" normalMaximum="1" normalMinimum="0" />
<outcomeDeclaration identifier="FEEDBACK" cardinality="single" baseType="identifier" />
<itemBody>
<p>Welke uitspraak over een random effect in een linear mixed model is waar?</p>
<p>Een random effect is…</p>
<choiceInteraction responseIdentifier="RESPONSE" shuffle="false" maxChoices="1">
<simpleChoice identifier="alt_640746">
<div class="textblock tvblock tvcss_1"><div class="rte_zone tveditor1">
 …een ongeobserveerde variabele die 1 geschatte waarde aanneemt.
</div>
</div>
</simpleChoice>
<simpleChoice identifier="alt_293619">
<div class="textblock tvblock tvcss_1"><div class="rte_zone tveditor1">
 …een geobserveerde variabele die verschillende waardes kan aannemen.
</div>
</div>
</simpleChoice>
<simpleChoice identifier="alt_442769">
<div class="textblock tvblock tvcss_1"><div class="rte_zone tveditor1">
 …een geobserveerde variabele met een gestandaardiseerde normaalverdeling.
</div>
</div>
</simpleChoice>
<simpleChoice identifier="alt_405021">
<div class="textblock tvblock tvcss_1"><div class="rte_zone tveditor1">
 …een ongeobserveerde variabele met gemiddelde 0 en onbekende variantie.
</div>
</div>
</simpleChoice>
</choiceInteraction>
</itemBody>
<responseProcessing>
<responseCondition>
<responseIf>
<isNull>
<variable identifier="RESPONSE"/>
</isNull>
<setOutcomeValue identifier="SCORE">
<baseValue baseType="float">0.0</baseValue>
</setOutcomeValue>
<setOutcomeValue identifier="FEEDBACK">
<baseValue baseType="identifier">FAILURE</baseValue>
</setOutcomeValue>
</responseIf>
<responseElse>
<setOutcomeValue identifier="SCORE">
<mapResponse identifier="RESPONSE"/>
</setOutcomeValue>
<responseCondition>
<responseIf>
<equal toleranceMode="relative" tolerance="0.001">
<variable identifier="SCORE"/>
<variable identifier="MAXSCORE"/>
</equal>
<setOutcomeValue identifier="FEEDBACK">
<baseValue baseType="identifier">ANSWER_CORRECT</baseValue>
</setOutcomeValue>
</responseIf>
<responseElse>
<setOutcomeValue identifier="FEEDBACK">
<baseValue baseType="identifier">FAILURE</baseValue>
</setOutcomeValue>
</responseElse>
</responseCondition>
</responseElse>
</responseCondition>
</responseProcessing>
<modalFeedback identifier="FAILURE" outcomeIdentifier="FEEDBACK" showHide="show">
<div class="textblock tvblock tvcss_1"><div class="rte_zone tveditor1">
 …een ongeobserveerde variabele die 1 geschatte waarde aanneemt. <br /> Incorrect 
 …een geobserveerde variabele die verschillende waardes kan aannemen. <br /> Incorrect 
 …een geobserveerde variabele met een gestandaardiseerde normaalverdeling. <br /> Incorrect 
 …een ongeobserveerde variabele met gemiddelde 0 en onbekende variantie. <br /> Correct 
</div>
</div>
</modalFeedback>
<modalFeedback identifier="ANSWER_CORRECT" outcomeIdentifier="FEEDBACK" showHide="show">
<div class="textblock tvblock tvcss_1"><div class="rte_zone tveditor1">
 …een ongeobserveerde variabele die 1 geschatte waarde aanneemt. <br /> Incorrect 
 …een geobserveerde variabele die verschillende waardes kan aannemen. <br /> Incorrect 
 …een geobserveerde variabele met een gestandaardiseerde normaalverdeling. <br /> Incorrect 
 …een ongeobserveerde variabele met gemiddelde 0 en onbekende variantie. <br /> Correct 
</div>
</div>
</modalFeedback>
<modalFeedback identifier="PARTIAL_CORRECT" outcomeIdentifier="FEEDBACK" showHide="show">
<div class="textblock tvblock tvcss_1"><div class="rte_zone tveditor1">
 …een ongeobserveerde variabele die 1 geschatte waarde aanneemt. <br /> Incorrect 
 …een geobserveerde variabele die verschillende waardes kan aannemen. <br /> Incorrect 
 …een geobserveerde variabele met een gestandaardiseerde normaalverdeling. <br /> Incorrect 
 …een ongeobserveerde variabele met gemiddelde 0 en onbekende variantie. <br /> Correct 
</div>
</div>
</modalFeedback>
</assessmentItem>
