<?xml version="1.0" encoding="UTF-8"?>
<assessmentItem xsi:schemaLocation="http://www.imsglobal.org/xsd/imsqti_v2p1 http://www.imsglobal.org/xsd/qti/qtiv2p1/imsqti_v2p1p1.xsd http://www.w3.org/1998/Math/MathML http://www.w3.org/Math/XMLSchema/mathml2/mathml2.xsd" identifier="vufsw-simple_linear_regression-1258-en_908570001_section_1_item_1_schoice" title="1" adaptive="false" timeDependent="false" xmlns="http://www.imsglobal.org/xsd/imsqti_v2p1" xmlns:xsi="http://www.w3.org/2001/XMLSchema-instance">
<responseDeclaration identifier="vufsw-simple_linear_regression-1258-en_908570001_section_1_item_1_schoice_RESPONSE_1_1682576" cardinality="single" baseType="identifier">
<correctResponse>
<value>vufsw-simple_linear_regression-1258-en_908570001_section_1_item_1_schoice_1_5015607209</value>
</correctResponse>
<mapping defaultValue="0" lowerBound="0.0">
<mapEntry mapKey="vufsw-simple_linear_regression-1258-en_908570001_section_1_item_1_schoice_1_5015607209" mappedValue="1"/>
<mapEntry mapKey="vufsw-simple_linear_regression-1258-en_908570001_section_1_item_1_schoice_2_3698839932" mappedValue="0"/>
<mapEntry mapKey="vufsw-simple_linear_regression-1258-en_908570001_section_1_item_1_schoice_3_9457756698" mappedValue="0"/>
<mapEntry mapKey="vufsw-simple_linear_regression-1258-en_908570001_section_1_item_1_schoice_4_1140355758" mappedValue="0"/>
</mapping>
</responseDeclaration>
<outcomeDeclaration identifier="SCORE" cardinality="single" baseType="float" normalMaximum="1" normalMinimum="0">
<defaultValue>
<value>0.0</value>
</defaultValue>
</outcomeDeclaration>
<outcomeDeclaration identifier="MAXSCORE" cardinality="single" baseType="float">
<defaultValue>
<value>1</value>
</defaultValue>
</outcomeDeclaration>
<outcomeDeclaration identifier="FEEDBACKBASIC" cardinality="single" baseType="identifier" view="testConstructor">
<defaultValue>
<value>empty</value>
</defaultValue>
</outcomeDeclaration>
<outcomeDeclaration identifier="FEEDBACKMODAL" cardinality="multiple" baseType="identifier" view="testConstructor"/>
<outcomeDeclaration identifier="MINSCORE" cardinality="single" baseType="float">
<defaultValue>
<value baseType="float">0</value>
</defaultValue>
</outcomeDeclaration>
<outcomeDeclaration identifier="SCORE_RESPONSE_1" cardinality="single" baseType="float">
<defaultValue>
<value>0.0</value>
</defaultValue>
</outcomeDeclaration>
<outcomeDeclaration identifier="MINSCORE_RESPONSE_1" cardinality="single" baseType="float">
<defaultValue>
<value>0.0</value>
</defaultValue>
</outcomeDeclaration>
<itemBody>
<p>A researcher wants to know how much beer students drink during a night
out. He is curious whether the money a student has to spend per month
(in euros) has an influence on the amount of alcohol that the student
drinks (measured in the number of glasses of alcohol). Which statistical
test or technique is most suitable for testing this?</p>
<choiceInteraction responseIdentifier="vufsw-simple_linear_regression-1258-en_908570001_section_1_item_1_schoice_RESPONSE_1_1682576" shuffle="false" maxChoices="1">
<simpleChoice identifier="vufsw-simple_linear_regression-1258-en_908570001_section_1_item_1_schoice_1_5015607209">
<p>
a. Simple regression
</p>
</simpleChoice>
<simpleChoice identifier="vufsw-simple_linear_regression-1258-en_908570001_section_1_item_1_schoice_2_3698839932">
<p>
b. Dependent t-test
</p>
</simpleChoice>
<simpleChoice identifier="vufsw-simple_linear_regression-1258-en_908570001_section_1_item_1_schoice_3_9457756698">
<p>
c. Reliability test
</p>
</simpleChoice>
<simpleChoice identifier="vufsw-simple_linear_regression-1258-en_908570001_section_1_item_1_schoice_4_1140355758">
<p>
d. Chi-square test
</p>
</simpleChoice>
</choiceInteraction>
</itemBody>
<responseProcessing>
<responseCondition>
<responseIf>
<isNull>
<variable identifier="vufsw-simple_linear_regression-1258-en_908570001_section_1_item_1_schoice_RESPONSE_1_1682576"/>
</isNull>
<setOutcomeValue identifier="SCORE_RESPONSE_1">
<sum>
<variable identifier="SCORE_RESPONSE_1"/>
<baseValue baseType="float">0</baseValue>
</sum>
</setOutcomeValue>
</responseIf>
</responseCondition>
<setOutcomeValue identifier="SCORE_RESPONSE_1">
<sum>
<variable identifier="SCORE_RESPONSE_1"/>
<mapResponse identifier="vufsw-simple_linear_regression-1258-en_908570001_section_1_item_1_schoice_RESPONSE_1_1682576"/>
</sum>
</setOutcomeValue>
<responseCondition>
<responseIf>
<lt>
<variable identifier="SCORE_RESPONSE_1"/>
<variable identifier="MINSCORE_RESPONSE_1"/>
</lt>
<setOutcomeValue identifier="SCORE_RESPONSE_1">
<variable identifier="MINSCORE_RESPONSE_1"/>
</setOutcomeValue>
</responseIf>
</responseCondition>
<setOutcomeValue identifier="SCORE">
<sum>
<variable identifier="SCORE_RESPONSE_1"/>
</sum>
</setOutcomeValue>
<responseCondition>
<responseIf>
<lt>
<variable identifier="SCORE"/>
<variable identifier="MINSCORE"/>
</lt>
<setOutcomeValue identifier="SCORE">
<variable identifier="MINSCORE"/>
</setOutcomeValue>
</responseIf>
</responseCondition>
<responseCondition>
<responseIf>
<lt>
<variable identifier="SCORE"/>
<baseValue baseType="float">1</baseValue>
</lt>
<setOutcomeValue identifier="FEEDBACKMODAL">
<multiple>
<variable identifier="FEEDBACKMODAL"/>
<baseValue baseType="identifier">Feedback413020533</baseValue>
</multiple>
</setOutcomeValue>
</responseIf>
</responseCondition>
</responseProcessing>
<modalFeedback identifier="Feedback413020533" outcomeIdentifier="FEEDBACKMODAL" showHide="show">
<p> It is a simple regression.</p>
<p>The dependent t-test (also called the paired t-test or paired-samples
t-test) compares the means of two related groups to determine whether
there is a statistically significant difference between these means.</p>
<p>The chi-squared test is used to determine whether there is a significant
difference between the expected frequencies and the observed frequencies
in one or more categories.</p>
<p>Simple linear regression is a statistical method that allows us to
summarize and study relationships between two continuous (quantitative)
variables.</p>
<p>Reliability in scientific investigation usually means the stability and
repeatability of measures, or the ability of a test to produce the same
results under the same conditions</p>
<p>Levels of Difficulty<br />
Easy</p>
<p>M&amp;T Bivariate linear regression<br />
Bivariate linear regression</p>
<p>M&amp;T Model selection<br />
Default value</p>
<br />
<ol type = "a">
<li> Simple regression <br /> True </li>
<li> Dependent t-test <br /> False </li>
<li> Reliability test <br /> False </li>
<li> Chi-square test <br /> False </li>
</ol>
</modalFeedback>
</assessmentItem>
