<?xml version="1.0" encoding="UTF-8"?>
<assessmentItem xsi:schemaLocation="http://www.imsglobal.org/xsd/imsqti_v2p1 http://www.imsglobal.org/xsd/qti/qtiv2p1/imsqti_v2p1p1.xsd http://www.w3.org/1998/Math/MathML http://www.w3.org/Math/XMLSchema/mathml2/mathml2.xsd" identifier="uva-sample-space-1019-nl-qti_681043669_section_1_item_1_schoice" title="1" adaptive="false" timeDependent="false" xmlns="http://www.imsglobal.org/xsd/imsqti_v2p1" xmlns:xsi="http://www.w3.org/2001/XMLSchema-instance">
<responseDeclaration identifier="uva-sample-space-1019-nl-qti_681043669_section_1_item_1_schoice_RESPONSE_1_7771559" cardinality="single" baseType="identifier">
<correctResponse>
<value>uva-sample-space-1019-nl-qti_681043669_section_1_item_1_schoice_2_2526161128</value>
</correctResponse>
<mapping defaultValue="0" lowerBound="0.0">
<mapEntry mapKey="uva-sample-space-1019-nl-qti_681043669_section_1_item_1_schoice_1_6668831137" mappedValue="0"/>
<mapEntry mapKey="uva-sample-space-1019-nl-qti_681043669_section_1_item_1_schoice_2_2526161128" mappedValue="1"/>
<mapEntry mapKey="uva-sample-space-1019-nl-qti_681043669_section_1_item_1_schoice_3_1197888993" mappedValue="0"/>
<mapEntry mapKey="uva-sample-space-1019-nl-qti_681043669_section_1_item_1_schoice_4_7175672465" mappedValue="0"/>
</mapping>
</responseDeclaration>
<outcomeDeclaration identifier="SCORE" cardinality="single" baseType="float" normalMaximum="1" normalMinimum="0">
<defaultValue>
<value>0.0</value>
</defaultValue>
</outcomeDeclaration>
<outcomeDeclaration identifier="MAXSCORE" cardinality="single" baseType="float">
<defaultValue>
<value>1</value>
</defaultValue>
</outcomeDeclaration>
<outcomeDeclaration identifier="FEEDBACKBASIC" cardinality="single" baseType="identifier" view="testConstructor">
<defaultValue>
<value>empty</value>
</defaultValue>
</outcomeDeclaration>
<outcomeDeclaration identifier="FEEDBACKMODAL" cardinality="multiple" baseType="identifier" view="testConstructor"/>
<outcomeDeclaration identifier="SOLUTIONMODAL" cardinality="single" baseType="identifier" view="testConstructor"/>
<outcomeDeclaration identifier="MINSCORE" cardinality="single" baseType="float">
<defaultValue>
<value baseType="float">0</value>
</defaultValue>
</outcomeDeclaration>
<outcomeDeclaration identifier="SCORE_RESPONSE_1" cardinality="single" baseType="float">
<defaultValue>
<value>0.0</value>
</defaultValue>
</outcomeDeclaration>
<outcomeDeclaration identifier="MINSCORE_RESPONSE_1" cardinality="single" baseType="float">
<defaultValue>
<value>0.0</value>
</defaultValue>
</outcomeDeclaration>
<itemBody>
<p>Gooi je tegelijkertijd twee zuivere dobbelstenen op dan zijn er 36
mogelijke uitkomsten. Definieer de gebeurtenis <em>A</em> als: de som van het
aantal ogen is gelijk aan 6, en <em>B</em> als: de som van het aantal ogen is
kleiner dan 6. Welke uitspraak hieronder klopt?<br />
<br />
I. Bij gebeurtenis <em>A</em> horen 5 uitkomsten.<br />
II. Bij gebeurtenis <em>B</em> horen 15 uitkomsten.</p>
<choiceInteraction responseIdentifier="uva-sample-space-1019-nl-qti_681043669_section_1_item_1_schoice_RESPONSE_1_7771559" shuffle="false" maxChoices="1">
<simpleChoice identifier="uva-sample-space-1019-nl-qti_681043669_section_1_item_1_schoice_1_6668831137">
<p>
 I is waar en II is waar.
</p>
</simpleChoice>
<simpleChoice identifier="uva-sample-space-1019-nl-qti_681043669_section_1_item_1_schoice_2_2526161128">
<p>
 I is waar en II is onwaar.
</p>
</simpleChoice>
<simpleChoice identifier="uva-sample-space-1019-nl-qti_681043669_section_1_item_1_schoice_3_1197888993">
<p>
 I is onwaar en II is waar.
</p>
</simpleChoice>
<simpleChoice identifier="uva-sample-space-1019-nl-qti_681043669_section_1_item_1_schoice_4_7175672465">
<p>
 I is onwaar en II is onwaar
</p>
</simpleChoice>
</choiceInteraction>
</itemBody>
<responseProcessing>
<setOutcomeValue identifier="SCORE_RESPONSE_1">
<sum>
<variable identifier="SCORE_RESPONSE_1"/>
<mapResponse identifier="uva-sample-space-1019-nl-qti_681043669_section_1_item_1_schoice_RESPONSE_1_7771559"/>
</sum>
</setOutcomeValue>
<responseCondition>
<responseIf>
<lt>
<variable identifier="SCORE_RESPONSE_1"/>
<variable identifier="MINSCORE_RESPONSE_1"/>
</lt>
<setOutcomeValue identifier="SCORE_RESPONSE_1">
<variable identifier="MINSCORE_RESPONSE_1"/>
</setOutcomeValue>
</responseIf>
</responseCondition>
<responseCondition>
<responseIf>
<isNull>
<variable identifier="uva-sample-space-1019-nl-qti_681043669_section_1_item_1_schoice_RESPONSE_1_7771559"/>
</isNull>
<setOutcomeValue identifier="SCORE_RESPONSE_1">
<sum>
<variable identifier="SCORE_RESPONSE_1"/>
<baseValue baseType="float">0</baseValue>
</sum>
</setOutcomeValue>
</responseIf>
</responseCondition>
<setOutcomeValue identifier="SCORE">
<sum>
<variable identifier="SCORE_RESPONSE_1"/>
</sum>
</setOutcomeValue>
<responseCondition>
<responseIf>
<lt>
<variable identifier="SCORE"/>
<variable identifier="MINSCORE"/>
</lt>
<setOutcomeValue identifier="SCORE">
<variable identifier="MINSCORE"/>
</setOutcomeValue>
</responseIf>
</responseCondition>
<responseCondition>
<responseIf>
<lt>
<variable identifier="SCORE"/>
<baseValue baseType="float">1</baseValue>
</lt>
<setOutcomeValue identifier="FEEDBACKMODAL">
<multiple>
<variable identifier="FEEDBACKMODAL"/>
<baseValue baseType="identifier">Feedback131010762</baseValue>
</multiple>
</setOutcomeValue>
</responseIf>
</responseCondition>
</responseProcessing>
<modalFeedback identifier="Feedback131010762" outcomeIdentifier="FEEDBACKMODAL" showHide="show">
<ul>
<li> I is waar en II is waar. <br /> I is waar en II is waar.: Incorrect </li>
<li> I is waar en II is onwaar. <br /> I is waar en II is onwaar.: Correct </li>
<li> I is onwaar en II is waar. <br /> I is onwaar en II is waar.: Incorrect </li>
<li> I is onwaar en II is onwaar <br /> I is onwaar en II is onwaar: Incorrect </li>
</ul>
</modalFeedback>
</assessmentItem>
