<?xml version="1.0" encoding="utf-8" standalone="yes"?>
<assessmentItem identifier="vufgb-multicolinearity-005-en-tv_202601131820_item_1_schoice" title="vufgb-multicolinearity-005-en-tv_202601131820_item_1_schoice_vufgb-multicolinearity-005-en" adaptive="false" timeDependent="false" toolName="Testvision Online" toolVersion="39.0.9084" xmlns="http://www.imsglobal.org/xsd/imsqti_v2p1">
<responseDeclaration identifier="RESPONSE" cardinality="single" baseType="identifier">
<correctResponse>
<value>alt_967354</value>
</correctResponse>
<mapping defaultValue="0" lowerBound="0.0">
<mapEntry mapKey="alt_967354" mappedValue="1"/>
<mapEntry mapKey="alt_319824" mappedValue="-0.333333333333333"/>
<mapEntry mapKey="alt_474966" mappedValue="-0.333333333333333"/>
<mapEntry mapKey="alt_329977" mappedValue="-0.333333333333333"/>
</mapping>
</responseDeclaration>
<outcomeDeclaration identifier="SCORE" cardinality="single" baseType="float" normalMaximum="1" normalMinimum="0" />
<outcomeDeclaration identifier="FEEDBACK" cardinality="single" baseType="identifier" />
<stylesheet href="css/vufgb-multicolinearity-005-en-tv_202601131820_item_1_schoice.css" type="text/css" />
<itemBody>
<p>Which of the following statements is <strong>incorrect</strong>?</p>
<p>If there is multicollinearity then….</p>
<choiceInteraction responseIdentifier="RESPONSE" shuffle="false" maxChoices="1">
<simpleChoice identifier="alt_967354">
<div class="textblock tvblock tvcss_1"><div class="rte_zone tveditor1">
 …the proportion of variance explained is very large.
</div>
</div>
</simpleChoice>
<simpleChoice identifier="alt_319824">
<div class="textblock tvblock tvcss_1"><div class="rte_zone tveditor1">
 …a significant model can still give large P values for the predictors.
</div>
</div>
</simpleChoice>
<simpleChoice identifier="alt_474966">
<div class="textblock tvblock tvcss_1"><div class="rte_zone tveditor1">
 …the standard errors of regression parameters become larger.
</div>
</div>
</simpleChoice>
<simpleChoice identifier="alt_329977">
<div class="textblock tvblock tvcss_1"><div class="rte_zone tveditor1">
 …Variance Inflation Factors (VIFs) will be high.
</div>
</div>
</simpleChoice>
</choiceInteraction>
</itemBody>
<responseProcessing>
<responseCondition>
<responseIf>
<isNull>
<variable identifier="RESPONSE"/>
</isNull>
<setOutcomeValue identifier="SCORE">
<baseValue baseType="float">0.0</baseValue>
</setOutcomeValue>
<setOutcomeValue identifier="FEEDBACK">
<baseValue baseType="identifier">FAILURE</baseValue>
</setOutcomeValue>
</responseIf>
<responseElse>
<setOutcomeValue identifier="SCORE">
<mapResponse identifier="RESPONSE"/>
</setOutcomeValue>
<responseCondition>
<responseIf>
<equal toleranceMode="relative" tolerance="0.001">
<variable identifier="SCORE"/>
<variable identifier="MAXSCORE"/>
</equal>
<setOutcomeValue identifier="FEEDBACK">
<baseValue baseType="identifier">ANSWER_CORRECT</baseValue>
</setOutcomeValue>
</responseIf>
<responseElse>
<setOutcomeValue identifier="FEEDBACK">
<baseValue baseType="identifier">FAILURE</baseValue>
</setOutcomeValue>
</responseElse>
</responseCondition>
</responseElse>
</responseCondition>
</responseProcessing>
<modalFeedback identifier="FAILURE" outcomeIdentifier="FEEDBACK" showHide="show">
<div class="textblock tvblock tvcss_1"><div class="rte_zone tveditor1">
<ul>
<li> …the proportion of variance explained is very large. <br /> Correct </li>
<li> …a significant model can still give large P values for the predictors. <br /> Incorrect </li>
<li> …the standard errors of regression parameters become larger. <br /> Incorrect </li>
<li> …Variance Inflation Factors (VIFs) will be high. <br /> Incorrect </li>
</ul>
</div>
</div>
</modalFeedback>
<modalFeedback identifier="ANSWER_CORRECT" outcomeIdentifier="FEEDBACK" showHide="show">
<div class="textblock tvblock tvcss_1"><div class="rte_zone tveditor1">
<ul>
<li> …the proportion of variance explained is very large. <br /> Correct </li>
<li> …a significant model can still give large P values for the predictors. <br /> Incorrect </li>
<li> …the standard errors of regression parameters become larger. <br /> Incorrect </li>
<li> …Variance Inflation Factors (VIFs) will be high. <br /> Incorrect </li>
</ul>
</div>
</div>
</modalFeedback>
<modalFeedback identifier="PARTIAL_CORRECT" outcomeIdentifier="FEEDBACK" showHide="show">
<div class="textblock tvblock tvcss_1"><div class="rte_zone tveditor1">
<ul>
<li> …the proportion of variance explained is very large. <br /> Correct </li>
<li> …a significant model can still give large P values for the predictors. <br /> Incorrect </li>
<li> …the standard errors of regression parameters become larger. <br /> Incorrect </li>
<li> …Variance Inflation Factors (VIFs) will be high. <br /> Incorrect </li>
</ul>
</div>
</div>
</modalFeedback>
</assessmentItem>
