<?xml version="1.0" encoding="utf-8" standalone="yes"?>
<assessmentItem identifier="vufgb-regression-004-nl_202209051539_item_1_schoice" title="vufgb-regression-004-nl_202209051539_item_1_schoice_vufgb-regression-004-nl" adaptive="false" timeDependent="false" toolName="Testvision Online" toolVersion="39.0.9084" xmlns="http://www.imsglobal.org/xsd/imsqti_v2p1">
<responseDeclaration identifier="RESPONSE" cardinality="single" baseType="identifier">
<correctResponse>
<value>alt_651576</value>
</correctResponse>
<mapping defaultValue="0" lowerBound="0.0">
<mapEntry mapKey="alt_655852" mappedValue="-0.333333333333333"/>
<mapEntry mapKey="alt_353478" mappedValue="-0.333333333333333"/>
<mapEntry mapKey="alt_657830" mappedValue="-0.333333333333333"/>
<mapEntry mapKey="alt_651576" mappedValue="1"/>
</mapping>
</responseDeclaration>
<outcomeDeclaration identifier="SCORE" cardinality="single" baseType="float" normalMaximum="1" normalMinimum="0" />
<outcomeDeclaration identifier="FEEDBACK" cardinality="single" baseType="identifier" />
<itemBody>
<p>Een onderzoeker heeft gegevens over een gedragsmaat <math display="inline" xmlns="http://www.w3.org/1998/Math/MathML"><semantics><mi>y</mi><annotation encoding="application/x-tex">y</annotation></semantics></math> en de hoeveelheid inname van een medicijn <math display="inline" xmlns="http://www.w3.org/1998/Math/MathML"><semantics><mi>x</mi><annotation encoding="application/x-tex">x</annotation></semantics></math>. Het volgende regressie model wordt geschat: <math display="inline" xmlns="http://www.w3.org/1998/Math/MathML"><semantics><mrow><mover><mi>y</mi><mo accent="true">̂</mo></mover><mo>=</mo><mn>6</mn><mo>+</mo><mn>15</mn><mi>x</mi><mo>−</mo><mn>0.04</mn><msup><mi>x</mi><mn>2</mn></msup></mrow><annotation encoding="application/x-tex">\hat{y} = 6+15x−0.04x^{2}</annotation></semantics></math>. Trek je conclusie over het optimum volgens dit model.</p>
<choiceInteraction responseIdentifier="RESPONSE" shuffle="false" maxChoices="1">
<simpleChoice identifier="alt_655852">
<div class="textblock tvblock tvcss_1"><div class="rte_zone tveditor1">
a. De maximale <math display="inline" xmlns="http://www.w3.org/1998/Math/MathML"><semantics><mi>y</mi><annotation encoding="application/x-tex">y</annotation></semantics></math> ligt bij <math display="inline" xmlns="http://www.w3.org/1998/Math/MathML"><semantics><mrow><mi>x</mi><mo>=</mo><mn>6.0</mn></mrow><annotation encoding="application/x-tex">x = 6.0</annotation></semantics></math>.
</div>
</div>
</simpleChoice>
<simpleChoice identifier="alt_353478">
<div class="textblock tvblock tvcss_1"><div class="rte_zone tveditor1">
b. De maximale <math display="inline" xmlns="http://www.w3.org/1998/Math/MathML"><semantics><mi>y</mi><annotation encoding="application/x-tex">y</annotation></semantics></math> ligt bij <math display="inline" xmlns="http://www.w3.org/1998/Math/MathML"><semantics><mrow><mi>x</mi><mo>=</mo><mn>187.5</mn></mrow><annotation encoding="application/x-tex">x = 187.5</annotation></semantics></math>.
</div>
</div>
</simpleChoice>
<simpleChoice identifier="alt_657830">
<div class="textblock tvblock tvcss_1"><div class="rte_zone tveditor1">
c. De minimale <math display="inline" xmlns="http://www.w3.org/1998/Math/MathML"><semantics><mi>y</mi><annotation encoding="application/x-tex">y</annotation></semantics></math> ligt bij <math display="inline" xmlns="http://www.w3.org/1998/Math/MathML"><semantics><mrow><mi>x</mi><mo>=</mo><mn>6.0</mn></mrow><annotation encoding="application/x-tex">x = 6.0</annotation></semantics></math>.
</div>
</div>
</simpleChoice>
<simpleChoice identifier="alt_651576">
<div class="textblock tvblock tvcss_1"><div class="rte_zone tveditor1">
d. De minimale <math display="inline" xmlns="http://www.w3.org/1998/Math/MathML"><semantics><mi>y</mi><annotation encoding="application/x-tex">y</annotation></semantics></math> ligt bij <math display="inline" xmlns="http://www.w3.org/1998/Math/MathML"><semantics><mrow><mi>x</mi><mo>=</mo><mn>187.5</mn></mrow><annotation encoding="application/x-tex">x = 187.5</annotation></semantics></math>.
</div>
</div>
</simpleChoice>
</choiceInteraction>
</itemBody>
<responseProcessing>
<responseCondition>
<responseIf>
<isNull>
<variable identifier="RESPONSE"/>
</isNull>
<setOutcomeValue identifier="SCORE">
<baseValue baseType="float">0.0</baseValue>
</setOutcomeValue>
<setOutcomeValue identifier="FEEDBACK">
<baseValue baseType="identifier">FAILURE</baseValue>
</setOutcomeValue>
</responseIf>
<responseElse>
<setOutcomeValue identifier="SCORE">
<mapResponse identifier="RESPONSE"/>
</setOutcomeValue>
<responseCondition>
<responseIf>
<equal toleranceMode="relative" tolerance="0.001">
<variable identifier="SCORE"/>
<variable identifier="MAXSCORE"/>
</equal>
<setOutcomeValue identifier="FEEDBACK">
<baseValue baseType="identifier">ANSWER_CORRECT</baseValue>
</setOutcomeValue>
</responseIf>
<responseElse>
<setOutcomeValue identifier="FEEDBACK">
<baseValue baseType="identifier">FAILURE</baseValue>
</setOutcomeValue>
</responseElse>
</responseCondition>
</responseElse>
</responseCondition>
</responseProcessing>
<modalFeedback identifier="FAILURE" outcomeIdentifier="FEEDBACK" showHide="show">
<div class="textblock tvblock tvcss_1"><div class="rte_zone tveditor1">
<ol>
<li> De maximale <math display="inline" xmlns="http://www.w3.org/1998/Math/MathML"><semantics><mi>y</mi><annotation encoding="application/x-tex">y</annotation></semantics></math> ligt bij <math display="inline" xmlns="http://www.w3.org/1998/Math/MathML"><semantics><mrow><mi>x</mi><mo>=</mo><mn>6.0</mn></mrow><annotation encoding="application/x-tex">x = 6.0</annotation></semantics></math>. <br /> Incorrect </li>
<li> De maximale <math display="inline" xmlns="http://www.w3.org/1998/Math/MathML"><semantics><mi>y</mi><annotation encoding="application/x-tex">y</annotation></semantics></math> ligt bij <math display="inline" xmlns="http://www.w3.org/1998/Math/MathML"><semantics><mrow><mi>x</mi><mo>=</mo><mn>187.5</mn></mrow><annotation encoding="application/x-tex">x = 187.5</annotation></semantics></math>. <br /> Incorrect </li>
<li> De minimale <math display="inline" xmlns="http://www.w3.org/1998/Math/MathML"><semantics><mi>y</mi><annotation encoding="application/x-tex">y</annotation></semantics></math> ligt bij <math display="inline" xmlns="http://www.w3.org/1998/Math/MathML"><semantics><mrow><mi>x</mi><mo>=</mo><mn>6.0</mn></mrow><annotation encoding="application/x-tex">x = 6.0</annotation></semantics></math>. <br /> Incorrect </li>
<li> De minimale <math display="inline" xmlns="http://www.w3.org/1998/Math/MathML"><semantics><mi>y</mi><annotation encoding="application/x-tex">y</annotation></semantics></math> ligt bij <math display="inline" xmlns="http://www.w3.org/1998/Math/MathML"><semantics><mrow><mi>x</mi><mo>=</mo><mn>187.5</mn></mrow><annotation encoding="application/x-tex">x = 187.5</annotation></semantics></math>. <br /> Correct </li>
</ol>
</div>
</div>
</modalFeedback>
<modalFeedback identifier="ANSWER_CORRECT" outcomeIdentifier="FEEDBACK" showHide="show">
<div class="textblock tvblock tvcss_1"><div class="rte_zone tveditor1">
<ol>
<li> De maximale <math display="inline" xmlns="http://www.w3.org/1998/Math/MathML"><semantics><mi>y</mi><annotation encoding="application/x-tex">y</annotation></semantics></math> ligt bij <math display="inline" xmlns="http://www.w3.org/1998/Math/MathML"><semantics><mrow><mi>x</mi><mo>=</mo><mn>6.0</mn></mrow><annotation encoding="application/x-tex">x = 6.0</annotation></semantics></math>. <br /> Incorrect </li>
<li> De maximale <math display="inline" xmlns="http://www.w3.org/1998/Math/MathML"><semantics><mi>y</mi><annotation encoding="application/x-tex">y</annotation></semantics></math> ligt bij <math display="inline" xmlns="http://www.w3.org/1998/Math/MathML"><semantics><mrow><mi>x</mi><mo>=</mo><mn>187.5</mn></mrow><annotation encoding="application/x-tex">x = 187.5</annotation></semantics></math>. <br /> Incorrect </li>
<li> De minimale <math display="inline" xmlns="http://www.w3.org/1998/Math/MathML"><semantics><mi>y</mi><annotation encoding="application/x-tex">y</annotation></semantics></math> ligt bij <math display="inline" xmlns="http://www.w3.org/1998/Math/MathML"><semantics><mrow><mi>x</mi><mo>=</mo><mn>6.0</mn></mrow><annotation encoding="application/x-tex">x = 6.0</annotation></semantics></math>. <br /> Incorrect </li>
<li> De minimale <math display="inline" xmlns="http://www.w3.org/1998/Math/MathML"><semantics><mi>y</mi><annotation encoding="application/x-tex">y</annotation></semantics></math> ligt bij <math display="inline" xmlns="http://www.w3.org/1998/Math/MathML"><semantics><mrow><mi>x</mi><mo>=</mo><mn>187.5</mn></mrow><annotation encoding="application/x-tex">x = 187.5</annotation></semantics></math>. <br /> Correct </li>
</ol>
</div>
</div>
</modalFeedback>
<modalFeedback identifier="PARTIAL_CORRECT" outcomeIdentifier="FEEDBACK" showHide="show">
<div class="textblock tvblock tvcss_1"><div class="rte_zone tveditor1">
<ol>
<li> De maximale <math display="inline" xmlns="http://www.w3.org/1998/Math/MathML"><semantics><mi>y</mi><annotation encoding="application/x-tex">y</annotation></semantics></math> ligt bij <math display="inline" xmlns="http://www.w3.org/1998/Math/MathML"><semantics><mrow><mi>x</mi><mo>=</mo><mn>6.0</mn></mrow><annotation encoding="application/x-tex">x = 6.0</annotation></semantics></math>. <br /> Incorrect </li>
<li> De maximale <math display="inline" xmlns="http://www.w3.org/1998/Math/MathML"><semantics><mi>y</mi><annotation encoding="application/x-tex">y</annotation></semantics></math> ligt bij <math display="inline" xmlns="http://www.w3.org/1998/Math/MathML"><semantics><mrow><mi>x</mi><mo>=</mo><mn>187.5</mn></mrow><annotation encoding="application/x-tex">x = 187.5</annotation></semantics></math>. <br /> Incorrect </li>
<li> De minimale <math display="inline" xmlns="http://www.w3.org/1998/Math/MathML"><semantics><mi>y</mi><annotation encoding="application/x-tex">y</annotation></semantics></math> ligt bij <math display="inline" xmlns="http://www.w3.org/1998/Math/MathML"><semantics><mrow><mi>x</mi><mo>=</mo><mn>6.0</mn></mrow><annotation encoding="application/x-tex">x = 6.0</annotation></semantics></math>. <br /> Incorrect </li>
<li> De minimale <math display="inline" xmlns="http://www.w3.org/1998/Math/MathML"><semantics><mi>y</mi><annotation encoding="application/x-tex">y</annotation></semantics></math> ligt bij <math display="inline" xmlns="http://www.w3.org/1998/Math/MathML"><semantics><mrow><mi>x</mi><mo>=</mo><mn>187.5</mn></mrow><annotation encoding="application/x-tex">x = 187.5</annotation></semantics></math>. <br /> Correct </li>
</ol>
</div>
</div>
</modalFeedback>
</assessmentItem>
