<?xml version="1.0" encoding="utf-8" standalone="yes"?>
<assessmentItem identifier="uva-statistical-errors-186-nl-tv_202403081018_item_1_schoice" title="uva-statistical-errors-186-nl-tv_202403081018_item_1_schoice_uva-statistical-errors-186-nl" adaptive="false" timeDependent="false" toolName="Testvision Online" toolVersion="39.0.9084" xmlns="http://www.imsglobal.org/xsd/imsqti_v2p1">
<responseDeclaration identifier="RESPONSE" cardinality="single" baseType="identifier">
<correctResponse>
<value>alt_727778</value>
</correctResponse>
<mapping defaultValue="0" lowerBound="0.0">
<mapEntry mapKey="alt_713724" mappedValue="-0.5"/>
<mapEntry mapKey="alt_727778" mappedValue="1"/>
<mapEntry mapKey="alt_930544" mappedValue="-0.5"/>
</mapping>
</responseDeclaration>
<outcomeDeclaration identifier="SCORE" cardinality="single" baseType="float" normalMaximum="1" normalMinimum="0" />
<outcomeDeclaration identifier="FEEDBACK" cardinality="single" baseType="identifier" />
<itemBody>
<p>De kans op een Type II error wordt groter naarmate</p>
<choiceInteraction responseIdentifier="RESPONSE" shuffle="false" maxChoices="1">
<simpleChoice identifier="alt_713724">
<div class="textblock tvblock tvcss_1"><div class="rte_zone tveditor1">
 de effect size groter wordt
</div>
</div>
</simpleChoice>
<simpleChoice identifier="alt_727778">
<div class="textblock tvblock tvcss_1"><div class="rte_zone tveditor1">
 de kans op een Type I error kleiner wordt
</div>
</div>
</simpleChoice>
<simpleChoice identifier="alt_930544">
<div class="textblock tvblock tvcss_1"><div class="rte_zone tveditor1">
 de steekproef groter wordt
</div>
</div>
</simpleChoice>
</choiceInteraction>
</itemBody>
<responseProcessing>
<responseCondition>
<responseIf>
<isNull>
<variable identifier="RESPONSE"/>
</isNull>
<setOutcomeValue identifier="SCORE">
<baseValue baseType="float">0.0</baseValue>
</setOutcomeValue>
<setOutcomeValue identifier="FEEDBACK">
<baseValue baseType="identifier">FAILURE</baseValue>
</setOutcomeValue>
</responseIf>
<responseElse>
<setOutcomeValue identifier="SCORE">
<mapResponse identifier="RESPONSE"/>
</setOutcomeValue>
<responseCondition>
<responseIf>
<equal toleranceMode="relative" tolerance="0.001">
<variable identifier="SCORE"/>
<variable identifier="MAXSCORE"/>
</equal>
<setOutcomeValue identifier="FEEDBACK">
<baseValue baseType="identifier">ANSWER_CORRECT</baseValue>
</setOutcomeValue>
</responseIf>
<responseElse>
<setOutcomeValue identifier="FEEDBACK">
<baseValue baseType="identifier">FAILURE</baseValue>
</setOutcomeValue>
</responseElse>
</responseCondition>
</responseElse>
</responseCondition>
</responseProcessing>
<modalFeedback identifier="FAILURE" outcomeIdentifier="FEEDBACK" showHide="show">
<div class="textblock tvblock tvcss_1"><div class="rte_zone tveditor1">
<p>Het correcte antwoord is:</p>
<ul>
<li>de kans op een Type I error kleiner wordt</li>
</ul>
</div>
</div>
</modalFeedback>
<modalFeedback identifier="ANSWER_CORRECT" outcomeIdentifier="FEEDBACK" showHide="show">
<div class="textblock tvblock tvcss_1"><div class="rte_zone tveditor1">
<p>Het correcte antwoord is:</p>
<ul>
<li>de kans op een Type I error kleiner wordt</li>
</ul>
</div>
</div>
</modalFeedback>
<modalFeedback identifier="PARTIAL_CORRECT" outcomeIdentifier="FEEDBACK" showHide="show">
<div class="textblock tvblock tvcss_1"><div class="rte_zone tveditor1">
<p>Het correcte antwoord is:</p>
<ul>
<li>de kans op een Type I error kleiner wordt</li>
</ul>
</div>
</div>
</modalFeedback>
</assessmentItem>
