<?xml version="1.0" encoding="UTF-8"?>
<!DOCTYPE questestinterop SYSTEM "ims_qtiasiv1p2p1.dtd">

<questestinterop xmlns="http://www.imsglobal.org/xsd/ims_qtiasiv1p2" xmlns:xsi="http://www.w3.org/2001/XMLSchema-instance" xsi:schemaLocation="http://www.imsglobal.org/xsd/ims_qtiasiv1p2 http://www.imsglobal.org/xsd/ims_qtiasiv1p2p1.xsd">
<assessment ident="uva-statistical-errors-282-en-canvas_516478320" title="uva-statistical-errors-282-en-canvas">

<qtimetadata>
<qtimetadatafield>
<fieldlabel>cc_maxattempts</fieldlabel>
<fieldentry>1</fieldentry>
</qtimetadatafield>
<qtimetadatafield>
<fieldlabel>qmd_assessmenttype</fieldlabel>
<fieldentry>Assessment</fieldentry>
</qtimetadatafield>
</qtimetadata>
<objectives>
<material>
<mattext><![CDATA[Please solve the following exercises.]]></mattext>
</material>
</objectives>
<assessmentcontrol feedbackswitch="No" hintswitch="No" solutionswitch="Yes"/>
<outcomes_processing scoremodel="SumOfScores">
<outcomes>
<decvar varname="SCORE" vartype="Decimal" cutvalue="0"/>
</outcomes>
</outcomes_processing>
<assessfeedback title="AssessmentFeedback" ident="AssessmentFeedback">
<flow_mat>
<material>
<mattext>##AssessmentFeedback##</mattext>
</material>
</flow_mat>
</assessfeedback>

<section ident="uva-statistical-errors-282-en-canvas_516478320_section_1" title="Exercise">

<objectives>
<material>
<mattext><![CDATA[Please answer the following question.]]></mattext>
</material>
</objectives>
<selection_ordering>
<selection>
<selection_number>1</selection_number>
<selection_extension>
<points_per_item>1</points_per_item>
</selection_extension>
</selection>
<order order_type="Random"/>
</selection_ordering>

<item ident="uva-statistical-errors-282-en-canvas_516478320_section_1_item_1_schoice" title="Question" maxattempts="1">
<itemcontrol feedbackswitch="No" hintswitch="No" solutionswitch="Yes"/>
<itemmetadata>
<qtimetadata>
<qtimetadatafield>
<fieldlabel>question_type</fieldlabel>
<fieldentry>multiple_choice_question</fieldentry>
</qtimetadatafield>
</qtimetadata>
</itemmetadata>
<presentation>
<flow>
<material>
<matbreak/>
<mattext texttype="text/html" charset="utf-8"><![CDATA[
<p>Below are two statements. Which of these are correct? I: The power of a test can be increased by decreasing α. II: The power of a test can be increased by reducing σ<sup>²</sup>.</p>
]]></mattext>
<matbreak/>
</material>
<response_lid ident="uva-statistical-errors-282-en-canvas_516478320_section_1_item_1_schoice_RESPONSE_9714593" rcardinality="Single" rtiming="No">
<render_choice shuffle="No">
<flow_label class="List">
<response_label ident="uva-statistical-errors-282-en-canvas_516478320_section_1_item_1_schoice_5320559007" rshuffle="No">
<material>
<mattext texttype="text/html" charset="utf-8"><![CDATA[
 Both statements are correct.
]]></mattext>
</material>
</response_label>
</flow_label>
<flow_label class="List">
<response_label ident="uva-statistical-errors-282-en-canvas_516478320_section_1_item_1_schoice_6098931999" rshuffle="No">
<material>
<mattext texttype="text/html" charset="utf-8"><![CDATA[
 Utterance I is correct, utterance II is incorrect.
]]></mattext>
</material>
</response_label>
</flow_label>
<flow_label class="List">
<response_label ident="uva-statistical-errors-282-en-canvas_516478320_section_1_item_1_schoice_7053821010" rshuffle="No">
<material>
<mattext texttype="text/html" charset="utf-8"><![CDATA[
 Utterance I is incorrect, utterance II is correct.
]]></mattext>
</material>
</response_label>
</flow_label>
<flow_label class="List">
<response_label ident="uva-statistical-errors-282-en-canvas_516478320_section_1_item_1_schoice_6543762295" rshuffle="No">
<material>
<mattext texttype="text/html" charset="utf-8"><![CDATA[
 Both pronunciation are incorrect.
]]></mattext>
</material>
</response_label>
</flow_label>
</render_choice>
</response_lid>
</flow>
</presentation>
<resprocessing>
<outcomes>
<decvar varname="SCORE" vartype="Decimal" defaultval="0" minvalue="0" maxvalue="1" cutvalue="1"/>
</outcomes>
<respcondition title="Mastery" continue="No">
<conditionvar>
<and>
<varequal respident="uva-statistical-errors-282-en-canvas_516478320_section_1_item_1_schoice_RESPONSE_9714593" case="Yes">uva-statistical-errors-282-en-canvas_516478320_section_1_item_1_schoice_7053821010</varequal>
<not> <varequal respident="uva-statistical-errors-282-en-canvas_516478320_section_1_item_1_schoice_RESPONSE_9714593" case="Yes">uva-statistical-errors-282-en-canvas_516478320_section_1_item_1_schoice_5320559007</varequal> </not>
<not> <varequal respident="uva-statistical-errors-282-en-canvas_516478320_section_1_item_1_schoice_RESPONSE_9714593" case="Yes">uva-statistical-errors-282-en-canvas_516478320_section_1_item_1_schoice_6098931999</varequal> </not>
<not> <varequal respident="uva-statistical-errors-282-en-canvas_516478320_section_1_item_1_schoice_RESPONSE_9714593" case="Yes">uva-statistical-errors-282-en-canvas_516478320_section_1_item_1_schoice_6543762295</varequal> </not>
</and>
</conditionvar>
<setvar varname="SCORE" action="Set">1</setvar>
<displayfeedback feedbacktype="Response" linkrefid="correct_fb"/>
</respcondition>
<respcondition continue="Yes">
<conditionvar>
<other/>
</conditionvar>
<displayfeedback feedbacktype="Response" linkrefid="general_incorrect_fb"/>
</respcondition>
</resprocessing>
<itemfeedback ident="correct_fb" view="All">
<flow_mat>
<material>
<mattext texttype="text/html"><![CDATA[
<ul>
<li> Both statements are correct. <br /> Both pronunciation are correct: Incorrect </li>
<li> Utterance I is correct, utterance II is incorrect. <br /> Pronunciation I is correct, pronunciation II is incorrect: Incorrect </li>
<li> Utterance I is incorrect, utterance II is correct. <br /> Pronunciation I is incorrect, pronunciation II is correct: Correct </li>
<li> Both pronunciation are incorrect. <br /> Both pronunciation are incorrect: Incorrect </li>
</ul>
]]></mattext>
</material>
</flow_mat>
</itemfeedback>
<itemfeedback ident="general_incorrect_fb" view="All">
<flow_mat>
<material>
<mattext texttype="text/html"><![CDATA[
<ul>
<li> Both statements are correct. <br /> Both pronunciation are correct: Incorrect </li>
<li> Utterance I is correct, utterance II is incorrect. <br /> Pronunciation I is correct, pronunciation II is incorrect: Incorrect </li>
<li> Utterance I is incorrect, utterance II is correct. <br /> Pronunciation I is incorrect, pronunciation II is correct: Correct </li>
<li> Both pronunciation are incorrect. <br /> Both pronunciation are incorrect: Incorrect </li>
</ul>
]]></mattext>
</material>
</flow_mat>
</itemfeedback>
</item>


</section>

</assessment>
</questestinterop>
