<?xml version="1.0" encoding="UTF-8"?>
<assessmentItem xsi:schemaLocation="http://www.imsglobal.org/xsd/imsqti_v2p1 http://www.imsglobal.org/xsd/qti/qtiv2p1/imsqti_v2p1p1.xsd http://www.w3.org/1998/Math/MathML http://www.w3.org/Math/XMLSchema/mathml2/mathml2.xsd" identifier="vufsw-rsquared-0048-nl_974378439_section_1_item_1_schoice" title="1" adaptive="false" timeDependent="false" xmlns="http://www.imsglobal.org/xsd/imsqti_v2p1" xmlns:xsi="http://www.w3.org/2001/XMLSchema-instance">
<responseDeclaration identifier="vufsw-rsquared-0048-nl_974378439_section_1_item_1_schoice_RESPONSE_1_2928758" cardinality="single" baseType="identifier">
<correctResponse>
<value>vufsw-rsquared-0048-nl_974378439_section_1_item_1_schoice_4_1756242676</value>
</correctResponse>
<mapping defaultValue="0" lowerBound="0.0">
<mapEntry mapKey="vufsw-rsquared-0048-nl_974378439_section_1_item_1_schoice_1_9171451870" mappedValue="0"/>
<mapEntry mapKey="vufsw-rsquared-0048-nl_974378439_section_1_item_1_schoice_2_9388854217" mappedValue="0"/>
<mapEntry mapKey="vufsw-rsquared-0048-nl_974378439_section_1_item_1_schoice_3_5927130853" mappedValue="0"/>
<mapEntry mapKey="vufsw-rsquared-0048-nl_974378439_section_1_item_1_schoice_4_1756242676" mappedValue="1"/>
</mapping>
</responseDeclaration>
<outcomeDeclaration identifier="SCORE" cardinality="single" baseType="float" normalMaximum="1" normalMinimum="0">
<defaultValue>
<value>0.0</value>
</defaultValue>
</outcomeDeclaration>
<outcomeDeclaration identifier="MAXSCORE" cardinality="single" baseType="float">
<defaultValue>
<value>1</value>
</defaultValue>
</outcomeDeclaration>
<outcomeDeclaration identifier="FEEDBACKBASIC" cardinality="single" baseType="identifier" view="testConstructor">
<defaultValue>
<value>empty</value>
</defaultValue>
</outcomeDeclaration>
<outcomeDeclaration identifier="FEEDBACKMODAL" cardinality="multiple" baseType="identifier" view="testConstructor"/>
<outcomeDeclaration identifier="MINSCORE" cardinality="single" baseType="float">
<defaultValue>
<value baseType="float">0</value>
</defaultValue>
</outcomeDeclaration>
<outcomeDeclaration identifier="SCORE_RESPONSE_1" cardinality="single" baseType="float">
<defaultValue>
<value>0.0</value>
</defaultValue>
</outcomeDeclaration>
<outcomeDeclaration identifier="MINSCORE_RESPONSE_1" cardinality="single" baseType="float">
<defaultValue>
<value>0.0</value>
</defaultValue>
</outcomeDeclaration>
<itemBody>
<p>Welke uitspraak over R<sup>2</sup> is <strong>juist</strong>?</p>
<choiceInteraction responseIdentifier="vufsw-rsquared-0048-nl_974378439_section_1_item_1_schoice_RESPONSE_1_2928758" shuffle="false" maxChoices="1">
<simpleChoice identifier="vufsw-rsquared-0048-nl_974378439_section_1_item_1_schoice_1_9171451870">
<p>
a. R<sup>2</sup> = 0 indien er geen enkele correlatie is tussen alle onafhankelijke variabelen in het regressiemodel.
</p>
</simpleChoice>
<simpleChoice identifier="vufsw-rsquared-0048-nl_974378439_section_1_item_1_schoice_2_9388854217">
<p>
b. R<sup>2</sup> = 1 indien de B-coëfficiënten van alle onafhankelijke variabelen in het regressiemodel de waarde 0 hebben.
</p>
</simpleChoice>
<simpleChoice identifier="vufsw-rsquared-0048-nl_974378439_section_1_item_1_schoice_3_5927130853">
<p>
c. De waarde van R<sup>2 </sup>ligt altijd tussen -1 en 1.
</p>
</simpleChoice>
<simpleChoice identifier="vufsw-rsquared-0048-nl_974378439_section_1_item_1_schoice_4_1756242676">
<p>
d. R<sup>2</sup> = 1 indien het regressiemodel geen enkele voorspellingsfout (‘prediction error’) maakt.
</p>
</simpleChoice>
</choiceInteraction>
</itemBody>
<responseProcessing>
<responseCondition>
<responseIf>
<isNull>
<variable identifier="vufsw-rsquared-0048-nl_974378439_section_1_item_1_schoice_RESPONSE_1_2928758"/>
</isNull>
<setOutcomeValue identifier="SCORE_RESPONSE_1">
<sum>
<variable identifier="SCORE_RESPONSE_1"/>
<baseValue baseType="float">0</baseValue>
</sum>
</setOutcomeValue>
</responseIf>
</responseCondition>
<setOutcomeValue identifier="SCORE_RESPONSE_1">
<sum>
<variable identifier="SCORE_RESPONSE_1"/>
<mapResponse identifier="vufsw-rsquared-0048-nl_974378439_section_1_item_1_schoice_RESPONSE_1_2928758"/>
</sum>
</setOutcomeValue>
<responseCondition>
<responseIf>
<lt>
<variable identifier="SCORE_RESPONSE_1"/>
<variable identifier="MINSCORE_RESPONSE_1"/>
</lt>
<setOutcomeValue identifier="SCORE_RESPONSE_1">
<variable identifier="MINSCORE_RESPONSE_1"/>
</setOutcomeValue>
</responseIf>
</responseCondition>
<setOutcomeValue identifier="SCORE">
<sum>
<variable identifier="SCORE_RESPONSE_1"/>
</sum>
</setOutcomeValue>
<responseCondition>
<responseIf>
<lt>
<variable identifier="SCORE"/>
<variable identifier="MINSCORE"/>
</lt>
<setOutcomeValue identifier="SCORE">
<variable identifier="MINSCORE"/>
</setOutcomeValue>
</responseIf>
</responseCondition>
<responseCondition>
<responseIf>
<lt>
<variable identifier="SCORE"/>
<baseValue baseType="float">1</baseValue>
</lt>
<setOutcomeValue identifier="FEEDBACKMODAL">
<multiple>
<variable identifier="FEEDBACKMODAL"/>
<baseValue baseType="identifier">Feedback177362879</baseValue>
</multiple>
</setOutcomeValue>
</responseIf>
</responseCondition>
</responseProcessing>
<modalFeedback identifier="Feedback177362879" outcomeIdentifier="FEEDBACKMODAL" showHide="show">
<p>Language<br />
Nederlands</p>
<p>Levels of Difficulty<br />
Easy</p>
<p>M&amp;T Basics of quantitative research<br />
Basics of quantitative research</p>
<p>M&amp;T BIS<br />
Default value</p>
<p>M&amp;T Non-parametric test<br />
Default value</p>
<br />
<ol type = "a">
<li> R<sup>2</sup> = 0 indien er geen enkele correlatie is tussen alle onafhankelijke variabelen in het regressiemodel. <br /> False </li>
<li> R<sup>2</sup> = 1 indien de B-coëfficiënten van alle onafhankelijke variabelen in het regressiemodel de waarde 0 hebben. <br /> False </li>
<li> De waarde van R<sup>2 </sup>ligt altijd tussen -1 en 1. <br /> False </li>
<li> R<sup>2</sup> = 1 indien het regressiemodel geen enkele voorspellingsfout (‘prediction error’) maakt. <br /> True </li>
</ol>
</modalFeedback>
</assessmentItem>
