<?xml version="1.0" encoding="UTF-8"?>
<assessmentItem xsi:schemaLocation="http://www.imsglobal.org/xsd/imsqti_v2p1 http://www.imsglobal.org/xsd/qti/qtiv2p1/imsqti_v2p1p1.xsd http://www.w3.org/1998/Math/MathML http://www.w3.org/Math/XMLSchema/mathml2/mathml2.xsd" identifier="vufgb-twowayanova-005-nl-qti_138436868_section_1_item_1_schoice" title="1" adaptive="false" timeDependent="false" xmlns="http://www.imsglobal.org/xsd/imsqti_v2p1" xmlns:xsi="http://www.w3.org/2001/XMLSchema-instance">
<responseDeclaration identifier="vufgb-twowayanova-005-nl-qti_138436868_section_1_item_1_schoice_RESPONSE_1_1809672" cardinality="single" baseType="identifier">
<correctResponse>
<value>vufgb-twowayanova-005-nl-qti_138436868_section_1_item_1_schoice_1_5019792947</value>
</correctResponse>
<mapping defaultValue="0" lowerBound="0.0">
<mapEntry mapKey="vufgb-twowayanova-005-nl-qti_138436868_section_1_item_1_schoice_1_5019792947" mappedValue="1"/>
<mapEntry mapKey="vufgb-twowayanova-005-nl-qti_138436868_section_1_item_1_schoice_2_2925133347" mappedValue="0"/>
<mapEntry mapKey="vufgb-twowayanova-005-nl-qti_138436868_section_1_item_1_schoice_3_1577823187" mappedValue="0"/>
<mapEntry mapKey="vufgb-twowayanova-005-nl-qti_138436868_section_1_item_1_schoice_4_1469076587" mappedValue="0"/>
</mapping>
</responseDeclaration>
<outcomeDeclaration identifier="SCORE" cardinality="single" baseType="float" normalMaximum="1" normalMinimum="0">
<defaultValue>
<value>0.0</value>
</defaultValue>
</outcomeDeclaration>
<outcomeDeclaration identifier="MAXSCORE" cardinality="single" baseType="float">
<defaultValue>
<value>1</value>
</defaultValue>
</outcomeDeclaration>
<outcomeDeclaration identifier="FEEDBACKBASIC" cardinality="single" baseType="identifier" view="testConstructor">
<defaultValue>
<value>empty</value>
</defaultValue>
</outcomeDeclaration>
<outcomeDeclaration identifier="FEEDBACKMODAL" cardinality="multiple" baseType="identifier" view="testConstructor"/>
<outcomeDeclaration identifier="MINSCORE" cardinality="single" baseType="float">
<defaultValue>
<value baseType="float">0</value>
</defaultValue>
</outcomeDeclaration>
<outcomeDeclaration identifier="SCORE_RESPONSE_1" cardinality="single" baseType="float">
<defaultValue>
<value>0.0</value>
</defaultValue>
</outcomeDeclaration>
<outcomeDeclaration identifier="MINSCORE_RESPONSE_1" cardinality="single" baseType="float">
<defaultValue>
<value>0.0</value>
</defaultValue>
</outcomeDeclaration>
<itemBody>
<p>Een tweewegs ANOVA wordt gebruikt om de interactie tussen geslacht (jongen/meisje) en drie onderwijsmethodes op leesvaardigheid te toetsen. Bereken het aantal vrijheidsgraden dat hoort bij de toets voor interactie.</p>
<choiceInteraction responseIdentifier="vufgb-twowayanova-005-nl-qti_138436868_section_1_item_1_schoice_RESPONSE_1_1809672" shuffle="false" maxChoices="1">
<simpleChoice identifier="vufgb-twowayanova-005-nl-qti_138436868_section_1_item_1_schoice_1_5019792947">
<p>
a. 2
</p>
</simpleChoice>
<simpleChoice identifier="vufgb-twowayanova-005-nl-qti_138436868_section_1_item_1_schoice_2_2925133347">
<p>
b. 3
</p>
</simpleChoice>
<simpleChoice identifier="vufgb-twowayanova-005-nl-qti_138436868_section_1_item_1_schoice_3_1577823187">
<p>
c. 4
</p>
</simpleChoice>
<simpleChoice identifier="vufgb-twowayanova-005-nl-qti_138436868_section_1_item_1_schoice_4_1469076587">
<p>
d. 6
</p>
</simpleChoice>
</choiceInteraction>
</itemBody>
<responseProcessing>
<responseCondition>
<responseIf>
<isNull>
<variable identifier="vufgb-twowayanova-005-nl-qti_138436868_section_1_item_1_schoice_RESPONSE_1_1809672"/>
</isNull>
<setOutcomeValue identifier="SCORE_RESPONSE_1">
<sum>
<variable identifier="SCORE_RESPONSE_1"/>
<baseValue baseType="float">0</baseValue>
</sum>
</setOutcomeValue>
</responseIf>
</responseCondition>
<setOutcomeValue identifier="SCORE_RESPONSE_1">
<sum>
<variable identifier="SCORE_RESPONSE_1"/>
<mapResponse identifier="vufgb-twowayanova-005-nl-qti_138436868_section_1_item_1_schoice_RESPONSE_1_1809672"/>
</sum>
</setOutcomeValue>
<responseCondition>
<responseIf>
<lt>
<variable identifier="SCORE_RESPONSE_1"/>
<variable identifier="MINSCORE_RESPONSE_1"/>
</lt>
<setOutcomeValue identifier="SCORE_RESPONSE_1">
<variable identifier="MINSCORE_RESPONSE_1"/>
</setOutcomeValue>
</responseIf>
</responseCondition>
<setOutcomeValue identifier="SCORE">
<sum>
<variable identifier="SCORE_RESPONSE_1"/>
</sum>
</setOutcomeValue>
<responseCondition>
<responseIf>
<lt>
<variable identifier="SCORE"/>
<variable identifier="MINSCORE"/>
</lt>
<setOutcomeValue identifier="SCORE">
<variable identifier="MINSCORE"/>
</setOutcomeValue>
</responseIf>
</responseCondition>
<responseCondition>
<responseIf>
<lt>
<variable identifier="SCORE"/>
<baseValue baseType="float">1</baseValue>
</lt>
<setOutcomeValue identifier="FEEDBACKMODAL">
<multiple>
<variable identifier="FEEDBACKMODAL"/>
<baseValue baseType="identifier">Feedback724659157</baseValue>
</multiple>
</setOutcomeValue>
</responseIf>
</responseCondition>
</responseProcessing>
<modalFeedback identifier="Feedback724659157" outcomeIdentifier="FEEDBACKMODAL" showHide="show">
<ol type = "a">
<li> 2 <br /> Correct </li>
<li> 3 <br /> Incorrect </li>
<li> 4 <br /> Incorrect </li>
<li> 6 <br /> Incorrect </li>
</ol>
</modalFeedback>
</assessmentItem>
