<?xml version="1.0" encoding="utf-8" standalone="yes"?>
<assessmentItem identifier="vufgb-multilinearregression-016-en-tv_202510071724_item_1_schoice" title="vufgb-multilinearregression-016-en-tv_202510071724_item_1_schoice_vufgb-multilinearregression-016-en" adaptive="false" timeDependent="false" toolName="Testvision Online" toolVersion="39.0.9084" xmlns="http://www.imsglobal.org/xsd/imsqti_v2p1">
<responseDeclaration identifier="RESPONSE" cardinality="single" baseType="identifier">
<correctResponse>
<value>alt_221245</value>
</correctResponse>
<mapping defaultValue="0" lowerBound="0.0">
<mapEntry mapKey="alt_588813" mappedValue="-0.333333333333333"/>
<mapEntry mapKey="alt_221245" mappedValue="1"/>
<mapEntry mapKey="alt_812543" mappedValue="-0.333333333333333"/>
<mapEntry mapKey="alt_686368" mappedValue="-0.333333333333333"/>
</mapping>
</responseDeclaration>
<outcomeDeclaration identifier="SCORE" cardinality="single" baseType="float" normalMaximum="1" normalMinimum="0" />
<outcomeDeclaration identifier="FEEDBACK" cardinality="single" baseType="identifier" />
<stylesheet href="css/vufgb-multilinearregression-016-en-tv_202510071724_item_1_schoice.css" type="text/css" />
<itemBody>
<p>A selection psychologist has data on numeracy, motivation and performance from a group of supermarket employees. What analysis technique can he best use to determine the effect of numeracy on performance while holding motivation constant?</p>
<choiceInteraction responseIdentifier="RESPONSE" shuffle="false" maxChoices="1">
<simpleChoice identifier="alt_588813">
<div class="textblock tvblock tvcss_1"><div class="rte_zone tveditor1">
 Single regression
</div>
</div>
</simpleChoice>
<simpleChoice identifier="alt_221245">
<div class="textblock tvblock tvcss_1"><div class="rte_zone tveditor1">
 Multiple regression
</div>
</div>
</simpleChoice>
<simpleChoice identifier="alt_812543">
<div class="textblock tvblock tvcss_1"><div class="rte_zone tveditor1">
 Two-way ANOVA
</div>
</div>
</simpleChoice>
<simpleChoice identifier="alt_686368">
<div class="textblock tvblock tvcss_1"><div class="rte_zone tveditor1">
 ANCOVA
</div>
</div>
</simpleChoice>
</choiceInteraction>
</itemBody>
<responseProcessing>
<responseCondition>
<responseIf>
<isNull>
<variable identifier="RESPONSE"/>
</isNull>
<setOutcomeValue identifier="SCORE">
<baseValue baseType="float">0.0</baseValue>
</setOutcomeValue>
<setOutcomeValue identifier="FEEDBACK">
<baseValue baseType="identifier">FAILURE</baseValue>
</setOutcomeValue>
</responseIf>
<responseElse>
<setOutcomeValue identifier="SCORE">
<mapResponse identifier="RESPONSE"/>
</setOutcomeValue>
<responseCondition>
<responseIf>
<equal toleranceMode="relative" tolerance="0.001">
<variable identifier="SCORE"/>
<variable identifier="MAXSCORE"/>
</equal>
<setOutcomeValue identifier="FEEDBACK">
<baseValue baseType="identifier">ANSWER_CORRECT</baseValue>
</setOutcomeValue>
</responseIf>
<responseElse>
<setOutcomeValue identifier="FEEDBACK">
<baseValue baseType="identifier">FAILURE</baseValue>
</setOutcomeValue>
</responseElse>
</responseCondition>
</responseElse>
</responseCondition>
</responseProcessing>
<modalFeedback identifier="FAILURE" outcomeIdentifier="FEEDBACK" showHide="show">
<div class="textblock tvblock tvcss_1"><div class="rte_zone tveditor1">
<ul>
<li> Single regression <br /> Incorrect </li>
<li> Multiple regression <br /> Correct </li>
<li> Two-way ANOVA <br /> Incorrect </li>
<li> ANCOVA <br /> Incorrect </li>
</ul>
</div>
</div>
</modalFeedback>
<modalFeedback identifier="ANSWER_CORRECT" outcomeIdentifier="FEEDBACK" showHide="show">
<div class="textblock tvblock tvcss_1"><div class="rte_zone tveditor1">
<ul>
<li> Single regression <br /> Incorrect </li>
<li> Multiple regression <br /> Correct </li>
<li> Two-way ANOVA <br /> Incorrect </li>
<li> ANCOVA <br /> Incorrect </li>
</ul>
</div>
</div>
</modalFeedback>
<modalFeedback identifier="PARTIAL_CORRECT" outcomeIdentifier="FEEDBACK" showHide="show">
<div class="textblock tvblock tvcss_1"><div class="rte_zone tveditor1">
<ul>
<li> Single regression <br /> Incorrect </li>
<li> Multiple regression <br /> Correct </li>
<li> Two-way ANOVA <br /> Incorrect </li>
<li> ANCOVA <br /> Incorrect </li>
</ul>
</div>
</div>
</modalFeedback>
</assessmentItem>
