<?xml version="1.0" encoding="UTF-8"?>
<!DOCTYPE questestinterop SYSTEM "ims_qtiasiv1p2p1.dtd">

<questestinterop xmlns="http://www.imsglobal.org/xsd/ims_qtiasiv1p2" xmlns:xsi="http://www.w3.org/2001/XMLSchema-instance" xsi:schemaLocation="http://www.imsglobal.org/xsd/ims_qtiasiv1p2 http://www.imsglobal.org/xsd/ims_qtiasiv1p2p1.xsd">
<assessment ident="uva-multiplication-rule-1117-en-canvas_949717622" title="uva-multiplication-rule-1117-en-canvas">

<qtimetadata>
<qtimetadatafield>
<fieldlabel>cc_maxattempts</fieldlabel>
<fieldentry>1</fieldentry>
</qtimetadatafield>
<qtimetadatafield>
<fieldlabel>qmd_assessmenttype</fieldlabel>
<fieldentry>Assessment</fieldentry>
</qtimetadatafield>
</qtimetadata>
<objectives>
<material>
<mattext><![CDATA[Please solve the following exercises.]]></mattext>
</material>
</objectives>
<assessmentcontrol feedbackswitch="No" hintswitch="No" solutionswitch="Yes"/>
<outcomes_processing scoremodel="SumOfScores">
<outcomes>
<decvar varname="SCORE" vartype="Decimal" cutvalue="0"/>
</outcomes>
</outcomes_processing>
<assessfeedback title="AssessmentFeedback" ident="AssessmentFeedback">
<flow_mat>
<material>
<mattext>##AssessmentFeedback##</mattext>
</material>
</flow_mat>
</assessfeedback>

<section ident="uva-multiplication-rule-1117-en-canvas_949717622_section_1" title="Exercise">

<objectives>
<material>
<mattext><![CDATA[Please answer the following question.]]></mattext>
</material>
</objectives>
<selection_ordering>
<selection>
<selection_number>1</selection_number>
<selection_extension>
<points_per_item>1</points_per_item>
</selection_extension>
</selection>
<order order_type="Random"/>
</selection_ordering>

<item ident="uva-multiplication-rule-1117-en-canvas_949717622_section_1_item_1_schoice" title="Question" maxattempts="1">
<itemcontrol feedbackswitch="No" hintswitch="No" solutionswitch="Yes"/>
<itemmetadata>
<qtimetadata>
<qtimetadatafield>
<fieldlabel>question_type</fieldlabel>
<fieldentry>multiple_choice_question</fieldentry>
</qtimetadatafield>
</qtimetadata>
</itemmetadata>
<presentation>
<flow>
<material>
<matbreak/>
<mattext texttype="text/html" charset="utf-8"><![CDATA[
<p>A club organizes a raffle. Of the 40 members, 10 are close friends of the president. The latter has to draw two random names sequentially from a box as winners, and the chosen name is <strong>not</strong> put back. What is then the probability that both winners are <strong>not</strong> close friends of the president?</p>
]]></mattext>
<matbreak/>
</material>
<response_lid ident="uva-multiplication-rule-1117-en-canvas_949717622_section_1_item_1_schoice_RESPONSE_1951894" rcardinality="Single" rtiming="No">
<render_choice shuffle="No">
<flow_label class="List">
<response_label ident="uva-multiplication-rule-1117-en-canvas_949717622_section_1_item_1_schoice_4900413384" rshuffle="No">
<material>
<mattext texttype="text/html" charset="utf-8"><![CDATA[
 0,063
]]></mattext>
</material>
</response_label>
</flow_label>
<flow_label class="List">
<response_label ident="uva-multiplication-rule-1117-en-canvas_949717622_section_1_item_1_schoice_7600614854" rshuffle="No">
<material>
<mattext texttype="text/html" charset="utf-8"><![CDATA[
 0,250
]]></mattext>
</material>
</response_label>
</flow_label>
<flow_label class="List">
<response_label ident="uva-multiplication-rule-1117-en-canvas_949717622_section_1_item_1_schoice_1792549220" rshuffle="No">
<material>
<mattext texttype="text/html" charset="utf-8"><![CDATA[
 0,558
]]></mattext>
</material>
</response_label>
</flow_label>
<flow_label class="List">
<response_label ident="uva-multiplication-rule-1117-en-canvas_949717622_section_1_item_1_schoice_8477323156" rshuffle="No">
<material>
<mattext texttype="text/html" charset="utf-8"><![CDATA[
 0,560
]]></mattext>
</material>
</response_label>
</flow_label>
</render_choice>
</response_lid>
</flow>
</presentation>
<resprocessing>
<outcomes>
<decvar varname="SCORE" vartype="Decimal" defaultval="0" minvalue="0" maxvalue="1" cutvalue="1"/>
</outcomes>
<respcondition title="Mastery" continue="No">
<conditionvar>
<and>
<varequal respident="uva-multiplication-rule-1117-en-canvas_949717622_section_1_item_1_schoice_RESPONSE_1951894" case="Yes">uva-multiplication-rule-1117-en-canvas_949717622_section_1_item_1_schoice_1792549220</varequal>
<not> <varequal respident="uva-multiplication-rule-1117-en-canvas_949717622_section_1_item_1_schoice_RESPONSE_1951894" case="Yes">uva-multiplication-rule-1117-en-canvas_949717622_section_1_item_1_schoice_4900413384</varequal> </not>
<not> <varequal respident="uva-multiplication-rule-1117-en-canvas_949717622_section_1_item_1_schoice_RESPONSE_1951894" case="Yes">uva-multiplication-rule-1117-en-canvas_949717622_section_1_item_1_schoice_7600614854</varequal> </not>
<not> <varequal respident="uva-multiplication-rule-1117-en-canvas_949717622_section_1_item_1_schoice_RESPONSE_1951894" case="Yes">uva-multiplication-rule-1117-en-canvas_949717622_section_1_item_1_schoice_8477323156</varequal> </not>
</and>
</conditionvar>
<setvar varname="SCORE" action="Set">1</setvar>
<displayfeedback feedbacktype="Response" linkrefid="correct_fb"/>
</respcondition>
<respcondition continue="Yes">
<conditionvar>
<other/>
</conditionvar>
<displayfeedback feedbacktype="Response" linkrefid="general_incorrect_fb"/>
</respcondition>
</resprocessing>
<itemfeedback ident="correct_fb" view="All">
<flow_mat>
<material>
<mattext texttype="text/html"><![CDATA[
<ul>
<li> 0,063 <br /> 0.063: Incorrect </li>
<li> 0,250 <br /> 0.250: Incorrect </li>
<li> 0,558 <br /> 0,558: Correct </li>
<li> 0,560 <br /> 0.560: Incorrect </li>
</ul>
]]></mattext>
</material>
</flow_mat>
</itemfeedback>
<itemfeedback ident="general_incorrect_fb" view="All">
<flow_mat>
<material>
<mattext texttype="text/html"><![CDATA[
<ul>
<li> 0,063 <br /> 0.063: Incorrect </li>
<li> 0,250 <br /> 0.250: Incorrect </li>
<li> 0,558 <br /> 0,558: Correct </li>
<li> 0,560 <br /> 0.560: Incorrect </li>
</ul>
]]></mattext>
</material>
</flow_mat>
</itemfeedback>
</item>


</section>

</assessment>
</questestinterop>
