<?xml version="1.0" encoding="utf-8" standalone="yes"?>
<assessmentItem identifier="vufsw-moderation-2085-en-tv_202510071723_item_1_schoice" title="vufsw-moderation-2085-en-tv_202510071723_item_1_schoice_vufsw-moderation-2085-en" adaptive="false" timeDependent="false" toolName="Testvision Online" toolVersion="39.0.9084" xmlns="http://www.imsglobal.org/xsd/imsqti_v2p1">
<responseDeclaration identifier="RESPONSE" cardinality="single" baseType="identifier">
<correctResponse>
<value>alt_645040</value>
</correctResponse>
<mapping defaultValue="0" lowerBound="0.0">
<mapEntry mapKey="alt_824952" mappedValue="-0.333333333333333"/>
<mapEntry mapKey="alt_374545" mappedValue="-0.333333333333333"/>
<mapEntry mapKey="alt_645040" mappedValue="1"/>
<mapEntry mapKey="alt_193084" mappedValue="-0.333333333333333"/>
</mapping>
</responseDeclaration>
<outcomeDeclaration identifier="SCORE" cardinality="single" baseType="float" normalMaximum="1" normalMinimum="0" />
<outcomeDeclaration identifier="FEEDBACK" cardinality="single" baseType="identifier" />
<stylesheet href="css/vufsw-moderation-2085-en-tv_202510071723_item_1_schoice.css" type="text/css" />
<itemBody>
<p>In the regression analysis below, attitude toward culture is the dependent variable (att: 1-4, from negative to positive) and the independent variables are age (lft15 = age -15, so 15 = 0) and school level (in dummies : vmbo-b is the reference category). There is in model 2 added an interaction between age and school level.</p>
<p><img src="mediafiles/supplements1/Schermafbeelding__2019-01-30__om__17.45.24.png" alt="image"/></p>
<p>What conclusion can you draw from model 2 about the population of schoolchildren?<br />
1: Gymnasium students differ at the age of 15 in the attitude towards culture of vmbo-b students 2: Vmbo-b students become more positive towards culture as they get grow older</p>
<choiceInteraction responseIdentifier="RESPONSE" shuffle="false" maxChoices="1">
<simpleChoice identifier="alt_824952">
<div class="textblock tvblock tvcss_1"><div class="rte_zone tveditor1">
 Both 1 and 2 are TRUE
</div>
</div>
</simpleChoice>
<simpleChoice identifier="alt_374545">
<div class="textblock tvblock tvcss_1"><div class="rte_zone tveditor1">
 Both 1 and 2 are false
</div>
</div>
</simpleChoice>
<simpleChoice identifier="alt_645040">
<div class="textblock tvblock tvcss_1"><div class="rte_zone tveditor1">
 Only 1 is TRUE.
</div>
</div>
</simpleChoice>
<simpleChoice identifier="alt_193084">
<div class="textblock tvblock tvcss_1"><div class="rte_zone tveditor1">
 Only 2 is TRUE
</div>
</div>
</simpleChoice>
</choiceInteraction>
</itemBody>
<responseProcessing>
<responseCondition>
<responseIf>
<isNull>
<variable identifier="RESPONSE"/>
</isNull>
<setOutcomeValue identifier="SCORE">
<baseValue baseType="float">0.0</baseValue>
</setOutcomeValue>
<setOutcomeValue identifier="FEEDBACK">
<baseValue baseType="identifier">FAILURE</baseValue>
</setOutcomeValue>
</responseIf>
<responseElse>
<setOutcomeValue identifier="SCORE">
<mapResponse identifier="RESPONSE"/>
</setOutcomeValue>
<responseCondition>
<responseIf>
<equal toleranceMode="relative" tolerance="0.001">
<variable identifier="SCORE"/>
<variable identifier="MAXSCORE"/>
</equal>
<setOutcomeValue identifier="FEEDBACK">
<baseValue baseType="identifier">ANSWER_CORRECT</baseValue>
</setOutcomeValue>
</responseIf>
<responseElse>
<setOutcomeValue identifier="FEEDBACK">
<baseValue baseType="identifier">FAILURE</baseValue>
</setOutcomeValue>
</responseElse>
</responseCondition>
</responseElse>
</responseCondition>
</responseProcessing>
<modalFeedback identifier="FAILURE" outcomeIdentifier="FEEDBACK" showHide="show">
<div class="textblock tvblock tvcss_1"><div class="rte_zone tveditor1">
<ul>
<li> Both 1 and 2 are TRUE <br /> False </li>
<li> Both 1 and 2 are false <br /> False </li>
<li> Only 1 is TRUE. <br /> True </li>
<li> Only 2 is TRUE <br /> False </li>
</ul>
</div>
</div>
</modalFeedback>
<modalFeedback identifier="ANSWER_CORRECT" outcomeIdentifier="FEEDBACK" showHide="show">
<div class="textblock tvblock tvcss_1"><div class="rte_zone tveditor1">
<ul>
<li> Both 1 and 2 are TRUE <br /> False </li>
<li> Both 1 and 2 are false <br /> False </li>
<li> Only 1 is TRUE. <br /> True </li>
<li> Only 2 is TRUE <br /> False </li>
</ul>
</div>
</div>
</modalFeedback>
<modalFeedback identifier="PARTIAL_CORRECT" outcomeIdentifier="FEEDBACK" showHide="show">
<div class="textblock tvblock tvcss_1"><div class="rte_zone tveditor1">
<ul>
<li> Both 1 and 2 are TRUE <br /> False </li>
<li> Both 1 and 2 are false <br /> False </li>
<li> Only 1 is TRUE. <br /> True </li>
<li> Only 2 is TRUE <br /> False </li>
</ul>
</div>
</div>
</modalFeedback>
</assessmentItem>
