<?xml version="1.0" encoding="UTF-8"?>
<!DOCTYPE questestinterop SYSTEM "ims_qtiasiv1p2p1.dtd">

<questestinterop xmlns="http://www.imsglobal.org/xsd/ims_qtiasiv1p2" xmlns:xsi="http://www.w3.org/2001/XMLSchema-instance" xsi:schemaLocation="http://www.imsglobal.org/xsd/ims_qtiasiv1p2 http://www.imsglobal.org/xsd/ims_qtiasiv1p2p1.xsd">
<assessment ident="uu-Mediation-806-nl-canvas_793686540" title="uu-Mediation-806-nl-canvas">

<qtimetadata>
<qtimetadatafield>
<fieldlabel>cc_maxattempts</fieldlabel>
<fieldentry>1</fieldentry>
</qtimetadatafield>
<qtimetadatafield>
<fieldlabel>qmd_assessmenttype</fieldlabel>
<fieldentry>Assessment</fieldentry>
</qtimetadatafield>
</qtimetadata>
<objectives>
<material>
<mattext><![CDATA[Please solve the following exercises.]]></mattext>
</material>
</objectives>
<assessmentcontrol feedbackswitch="No" hintswitch="No" solutionswitch="Yes"/>
<outcomes_processing scoremodel="SumOfScores">
<outcomes>
<decvar varname="SCORE" vartype="Decimal" cutvalue="0"/>
</outcomes>
</outcomes_processing>
<assessfeedback title="AssessmentFeedback" ident="AssessmentFeedback">
<flow_mat>
<material>
<mattext>##AssessmentFeedback##</mattext>
</material>
</flow_mat>
</assessfeedback>

<section ident="uu-Mediation-806-nl-canvas_793686540_section_1" title="Exercise">

<objectives>
<material>
<mattext><![CDATA[Please answer the following question.]]></mattext>
</material>
</objectives>
<selection_ordering>
<selection>
<selection_number>1</selection_number>
<selection_extension>
<points_per_item>1</points_per_item>
</selection_extension>
</selection>
<order order_type="Random"/>
</selection_ordering>

<item ident="uu-Mediation-806-nl-canvas_793686540_section_1_item_1_schoice" title="Question" maxattempts="1">
<itemcontrol feedbackswitch="No" hintswitch="No" solutionswitch="Yes"/>
<itemmetadata>
<qtimetadata>
<qtimetadatafield>
<fieldlabel>question_type</fieldlabel>
<fieldentry>multiple_choice_question</fieldentry>
</qtimetadatafield>
</qtimetadata>
</itemmetadata>
<presentation>
<flow>
<material>
<matbreak/>
<mattext texttype="text/html" charset="utf-8"><![CDATA[
<p>Een arbeidspsycholoog onderzoekt of het effect van leeftijd op employability verloopt via loopbaancompetenties.
De arbeidspsycholoog krijgt onder andere de volgende output:</p>
<p><img src="data/supplements_1_1/uu-Mediation-806-nl-tabel.jpg" /></p>
]]></mattext>
<matbreak/>
</material>
<response_lid ident="uu-Mediation-806-nl-canvas_793686540_section_1_item_1_schoice_RESPONSE_4407737" rcardinality="Single" rtiming="No">
<render_choice shuffle="No">
<flow_label class="List">
<response_label ident="uu-Mediation-806-nl-canvas_793686540_section_1_item_1_schoice_9460433629" rshuffle="No">
<material>
<mattext texttype="text/html" charset="utf-8"><![CDATA[
 Er is sprake van volledige mediatie
]]></mattext>
</material>
</response_label>
</flow_label>
<flow_label class="List">
<response_label ident="uu-Mediation-806-nl-canvas_793686540_section_1_item_1_schoice_1125628862" rshuffle="No">
<material>
<mattext texttype="text/html" charset="utf-8"><![CDATA[
 Er is sprake van partiële mediatie
]]></mattext>
</material>
</response_label>
</flow_label>
<flow_label class="List">
<response_label ident="uu-Mediation-806-nl-canvas_793686540_section_1_item_1_schoice_9635809463" rshuffle="No">
<material>
<mattext texttype="text/html" charset="utf-8"><![CDATA[
 Er is geen sprake van mediatie
]]></mattext>
</material>
</response_label>
</flow_label>
<flow_label class="List">
<response_label ident="uu-Mediation-806-nl-canvas_793686540_section_1_item_1_schoice_1265145422" rshuffle="No">
<material>
<mattext texttype="text/html" charset="utf-8"><![CDATA[
 Er kan geen conclusie worden getrokken over mediatie op basis van de output.
]]></mattext>
</material>
</response_label>
</flow_label>
</render_choice>
</response_lid>
</flow>
</presentation>
<resprocessing>
<outcomes>
<decvar varname="SCORE" vartype="Decimal" defaultval="0" minvalue="0" maxvalue="1" cutvalue="1"/>
</outcomes>
<respcondition title="Mastery" continue="No">
<conditionvar>
<and>
<varequal respident="uu-Mediation-806-nl-canvas_793686540_section_1_item_1_schoice_RESPONSE_4407737" case="Yes">uu-Mediation-806-nl-canvas_793686540_section_1_item_1_schoice_9460433629</varequal>
<not> <varequal respident="uu-Mediation-806-nl-canvas_793686540_section_1_item_1_schoice_RESPONSE_4407737" case="Yes">uu-Mediation-806-nl-canvas_793686540_section_1_item_1_schoice_1125628862</varequal> </not>
<not> <varequal respident="uu-Mediation-806-nl-canvas_793686540_section_1_item_1_schoice_RESPONSE_4407737" case="Yes">uu-Mediation-806-nl-canvas_793686540_section_1_item_1_schoice_9635809463</varequal> </not>
<not> <varequal respident="uu-Mediation-806-nl-canvas_793686540_section_1_item_1_schoice_RESPONSE_4407737" case="Yes">uu-Mediation-806-nl-canvas_793686540_section_1_item_1_schoice_1265145422</varequal> </not>
</and>
</conditionvar>
<setvar varname="SCORE" action="Set">1</setvar>
<displayfeedback feedbacktype="Response" linkrefid="correct_fb"/>
</respcondition>
<respcondition continue="Yes">
<conditionvar>
<other/>
</conditionvar>
<displayfeedback feedbacktype="Response" linkrefid="general_incorrect_fb"/>
</respcondition>
</resprocessing>
<itemfeedback ident="correct_fb" view="All">
<flow_mat>
<material>
<mattext texttype="text/html"><![CDATA[

]]></mattext>
</material>
</flow_mat>
</itemfeedback>
<itemfeedback ident="general_incorrect_fb" view="All">
<flow_mat>
<material>
<mattext texttype="text/html"><![CDATA[

]]></mattext>
</material>
</flow_mat>
</itemfeedback>
</item>


</section>

</assessment>
</questestinterop>
