<?xml version="1.0" encoding="utf-8" standalone="yes"?>
<assessmentItem identifier="uu-Power-828-nl-tv_202601131821_item_1_schoice" title="uu-Power-828-nl-tv_202601131821_item_1_schoice_uu-Power-828-nl.Rmd" adaptive="false" timeDependent="false" toolName="Testvision Online" toolVersion="39.0.9084" xmlns="http://www.imsglobal.org/xsd/imsqti_v2p1">
<responseDeclaration identifier="RESPONSE" cardinality="single" baseType="identifier">
<correctResponse>
<value>alt_759669</value>
</correctResponse>
<mapping defaultValue="0" lowerBound="0.0">
<mapEntry mapKey="alt_428330" mappedValue="-0.333333333333333"/>
<mapEntry mapKey="alt_664147" mappedValue="-0.333333333333333"/>
<mapEntry mapKey="alt_766072" mappedValue="-0.333333333333333"/>
<mapEntry mapKey="alt_759669" mappedValue="1"/>
</mapping>
</responseDeclaration>
<outcomeDeclaration identifier="SCORE" cardinality="single" baseType="float" normalMaximum="1" normalMinimum="0" />
<outcomeDeclaration identifier="FEEDBACK" cardinality="single" baseType="identifier" />
<stylesheet href="css/uu-Power-828-nl-tv_202601131821_item_1_schoice.css" type="text/css" />
<itemBody>
<p>Een hoogleraar psychologie is bezig met een onderzoek naar depressieve gevoelens bij studenten van de Universiteit Utrecht die allemaal zijn relaxatietherapie volgen. De hypotheses die hij wil toetsen zijn H0: <math display="inline" xmlns="http://www.w3.org/1998/Math/MathML"><semantics><mi>μ</mi><annotation encoding="application/x-tex">\mu</annotation></semantics></math> = 3.0 vs. H1: <math display="inline" xmlns="http://www.w3.org/1998/Math/MathML"><semantics><mi>μ</mi><annotation encoding="application/x-tex">\mu</annotation></semantics></math> &lt; 3.0. Hiervoor wil hij een steekproef van 25 studenten gebruiken die allemaal een vragenlijst zullen invullen over depressieve gevoelens (met scores op een 5-punts Likertschaal). Hij kiest voor deze toets een significantieniveau van <math display="inline" xmlns="http://www.w3.org/1998/Math/MathML"><semantics><mi>α</mi><annotation encoding="application/x-tex">\alpha</annotation></semantics></math> = 1%. De power wordt uitgerekend voor deze toets en blijkt maar 68% te zijn. Bij welk van de onderstaande situaties zal de power niet omhoog gaan?</p>
<choiceInteraction responseIdentifier="RESPONSE" shuffle="false" maxChoices="1">
<simpleChoice identifier="alt_428330">
<div class="textblock tvblock tvcss_1"><div class="rte_zone tveditor1">
 Een steekproef van 50 studenten gebruiken.
</div>
</div>
</simpleChoice>
<simpleChoice identifier="alt_664147">
<div class="textblock tvblock tvcss_1"><div class="rte_zone tveditor1">
 Toetsen bij <math display="inline" xmlns="http://www.w3.org/1998/Math/MathML"><semantics><mi>α</mi><annotation encoding="application/x-tex">\alpha</annotation></semantics></math> = 5%.
</div>
</div>
</simpleChoice>
<simpleChoice identifier="alt_766072">
<div class="textblock tvblock tvcss_1"><div class="rte_zone tveditor1">
 De power uitrekenen met een groter verwacht effect.
</div>
</div>
</simpleChoice>
<simpleChoice identifier="alt_759669">
<div class="textblock tvblock tvcss_1"><div class="rte_zone tveditor1">
 Tweezijdig toetsen.
</div>
</div>
</simpleChoice>
</choiceInteraction>
</itemBody>
<responseProcessing>
<responseCondition>
<responseIf>
<isNull>
<variable identifier="RESPONSE"/>
</isNull>
<setOutcomeValue identifier="SCORE">
<baseValue baseType="float">0.0</baseValue>
</setOutcomeValue>
<setOutcomeValue identifier="FEEDBACK">
<baseValue baseType="identifier">FAILURE</baseValue>
</setOutcomeValue>
</responseIf>
<responseElse>
<setOutcomeValue identifier="SCORE">
<mapResponse identifier="RESPONSE"/>
</setOutcomeValue>
<responseCondition>
<responseIf>
<equal toleranceMode="relative" tolerance="0.001">
<variable identifier="SCORE"/>
<variable identifier="MAXSCORE"/>
</equal>
<setOutcomeValue identifier="FEEDBACK">
<baseValue baseType="identifier">ANSWER_CORRECT</baseValue>
</setOutcomeValue>
</responseIf>
<responseElse>
<setOutcomeValue identifier="FEEDBACK">
<baseValue baseType="identifier">FAILURE</baseValue>
</setOutcomeValue>
</responseElse>
</responseCondition>
</responseElse>
</responseCondition>
</responseProcessing>
<modalFeedback identifier="FAILURE" outcomeIdentifier="FEEDBACK" showHide="show">
<div class="textblock tvblock tvcss_1"><div class="rte_zone tveditor1">
<ul>
<li> Een steekproef van 50 studenten gebruiken. <br /> Dit antwoord is incorrect. </li>
<li> Toetsen bij <math display="inline" xmlns="http://www.w3.org/1998/Math/MathML"><semantics><mi>α</mi><annotation encoding="application/x-tex">\alpha</annotation></semantics></math> = 5%. <br /> Dit antwoord is incorrect. </li>
<li> De power uitrekenen met een groter verwacht effect. <br /> Dit antwoord is incorrect. </li>
<li> Tweezijdig toetsen. <br /> Dit antwoord is correct. </li>
</ul>
</div>
</div>
</modalFeedback>
<modalFeedback identifier="ANSWER_CORRECT" outcomeIdentifier="FEEDBACK" showHide="show">
<div class="textblock tvblock tvcss_1"><div class="rte_zone tveditor1">
<ul>
<li> Een steekproef van 50 studenten gebruiken. <br /> Dit antwoord is incorrect. </li>
<li> Toetsen bij <math display="inline" xmlns="http://www.w3.org/1998/Math/MathML"><semantics><mi>α</mi><annotation encoding="application/x-tex">\alpha</annotation></semantics></math> = 5%. <br /> Dit antwoord is incorrect. </li>
<li> De power uitrekenen met een groter verwacht effect. <br /> Dit antwoord is incorrect. </li>
<li> Tweezijdig toetsen. <br /> Dit antwoord is correct. </li>
</ul>
</div>
</div>
</modalFeedback>
<modalFeedback identifier="PARTIAL_CORRECT" outcomeIdentifier="FEEDBACK" showHide="show">
<div class="textblock tvblock tvcss_1"><div class="rte_zone tveditor1">
<ul>
<li> Een steekproef van 50 studenten gebruiken. <br /> Dit antwoord is incorrect. </li>
<li> Toetsen bij <math display="inline" xmlns="http://www.w3.org/1998/Math/MathML"><semantics><mi>α</mi><annotation encoding="application/x-tex">\alpha</annotation></semantics></math> = 5%. <br /> Dit antwoord is incorrect. </li>
<li> De power uitrekenen met een groter verwacht effect. <br /> Dit antwoord is incorrect. </li>
<li> Tweezijdig toetsen. <br /> Dit antwoord is correct. </li>
</ul>
</div>
</div>
</modalFeedback>
</assessmentItem>
