<?xml version="1.0" encoding="UTF-8"?>
<assessmentItem xsi:schemaLocation="http://www.imsglobal.org/xsd/imsqti_v2p1 http://www.imsglobal.org/xsd/qti/qtiv2p1/imsqti_v2p1p1.xsd http://www.w3.org/1998/Math/MathML http://www.w3.org/Math/XMLSchema/mathml2/mathml2.xsd" identifier="uu-Multiple-linear-regression-817-en-qti_816528753_section_1_item_1_schoice" title="1" adaptive="false" timeDependent="false" xmlns="http://www.imsglobal.org/xsd/imsqti_v2p1" xmlns:xsi="http://www.w3.org/2001/XMLSchema-instance">
<responseDeclaration identifier="uu-Multiple-linear-regression-817-en-qti_816528753_section_1_item_1_schoice_RESPONSE_1_5839855" cardinality="single" baseType="identifier">
<correctResponse>
<value>uu-Multiple-linear-regression-817-en-qti_816528753_section_1_item_1_schoice_2_2559618776</value>
</correctResponse>
<mapping defaultValue="0" lowerBound="0.0">
<mapEntry mapKey="uu-Multiple-linear-regression-817-en-qti_816528753_section_1_item_1_schoice_1_4125376021" mappedValue="0"/>
<mapEntry mapKey="uu-Multiple-linear-regression-817-en-qti_816528753_section_1_item_1_schoice_2_2559618776" mappedValue="1"/>
<mapEntry mapKey="uu-Multiple-linear-regression-817-en-qti_816528753_section_1_item_1_schoice_3_1619719357" mappedValue="0"/>
<mapEntry mapKey="uu-Multiple-linear-regression-817-en-qti_816528753_section_1_item_1_schoice_4_4458143611" mappedValue="0"/>
</mapping>
</responseDeclaration>
<outcomeDeclaration identifier="SCORE" cardinality="single" baseType="float" normalMaximum="1" normalMinimum="0">
<defaultValue>
<value>0.0</value>
</defaultValue>
</outcomeDeclaration>
<outcomeDeclaration identifier="MAXSCORE" cardinality="single" baseType="float">
<defaultValue>
<value>1</value>
</defaultValue>
</outcomeDeclaration>
<outcomeDeclaration identifier="FEEDBACKBASIC" cardinality="single" baseType="identifier" view="testConstructor">
<defaultValue>
<value>empty</value>
</defaultValue>
</outcomeDeclaration>
<outcomeDeclaration identifier="FEEDBACKMODAL" cardinality="multiple" baseType="identifier" view="testConstructor"/>
<outcomeDeclaration identifier="SOLUTIONMODAL" cardinality="single" baseType="identifier" view="testConstructor"/>
<outcomeDeclaration identifier="MINSCORE" cardinality="single" baseType="float">
<defaultValue>
<value baseType="float">0</value>
</defaultValue>
</outcomeDeclaration>
<outcomeDeclaration identifier="SCORE_RESPONSE_1" cardinality="single" baseType="float">
<defaultValue>
<value>0.0</value>
</defaultValue>
</outcomeDeclaration>
<outcomeDeclaration identifier="MINSCORE_RESPONSE_1" cardinality="single" baseType="float">
<defaultValue>
<value>0.0</value>
</defaultValue>
</outcomeDeclaration>
<itemBody>
<p>A researcher wants to know the effect of the number of hours of FREE TIME per week on students’ sense of HELLOW (questionnaire with scale of 0-20). However, the researcher also has reason to expect that STUDY RESULTS (insufficient, sufficient) may have an impact on this relationship.</p>
<p>In what way can the researcher best analyze whether the relationship between number of free hours per week and feeling of happiness is moderated by study results?</p>
<choiceInteraction responseIdentifier="uu-Multiple-linear-regression-817-en-qti_816528753_section_1_item_1_schoice_RESPONSE_1_5839855" shuffle="false" maxChoices="1">
<simpleChoice identifier="uu-Multiple-linear-regression-817-en-qti_816528753_section_1_item_1_schoice_1_4125376021">
<p>
 Multiple regression analysis using as predictors FREE TIME, STUDY RESULTS and the interaction term STUDY RESULTS×BELIEF.
</p>
</simpleChoice>
<simpleChoice identifier="uu-Multiple-linear-regression-817-en-qti_816528753_section_1_item_1_schoice_2_2559618776">
<p>
 Multiple regression analysis using as predictors FREE TIME, STUDY RESULTS and the interaction term STUDY RESULTS×FREE TIME.
</p>
</simpleChoice>
<simpleChoice identifier="uu-Multiple-linear-regression-817-en-qti_816528753_section_1_item_1_schoice_3_1619719357">
<p>
 Hierarchical regression analysis where in model 1 TRUE is included as a predictor and in model 2 STUDY RESULTS is added as a predictor.
</p>
</simpleChoice>
<simpleChoice identifier="uu-Multiple-linear-regression-817-en-qti_816528753_section_1_item_1_schoice_4_4458143611">
<p>
 Hierarchical regression analysis where in model 1 FREE TIME is included as a predictor and in model 2 STUDY RESULTS is added as a predictor.
</p>
</simpleChoice>
</choiceInteraction>
</itemBody>
<responseProcessing>
<setOutcomeValue identifier="SCORE_RESPONSE_1">
<sum>
<variable identifier="SCORE_RESPONSE_1"/>
<mapResponse identifier="uu-Multiple-linear-regression-817-en-qti_816528753_section_1_item_1_schoice_RESPONSE_1_5839855"/>
</sum>
</setOutcomeValue>
<responseCondition>
<responseIf>
<lt>
<variable identifier="SCORE_RESPONSE_1"/>
<variable identifier="MINSCORE_RESPONSE_1"/>
</lt>
<setOutcomeValue identifier="SCORE_RESPONSE_1">
<variable identifier="MINSCORE_RESPONSE_1"/>
</setOutcomeValue>
</responseIf>
</responseCondition>
<responseCondition>
<responseIf>
<isNull>
<variable identifier="uu-Multiple-linear-regression-817-en-qti_816528753_section_1_item_1_schoice_RESPONSE_1_5839855"/>
</isNull>
<setOutcomeValue identifier="SCORE_RESPONSE_1">
<sum>
<variable identifier="SCORE_RESPONSE_1"/>
<baseValue baseType="float">0</baseValue>
</sum>
</setOutcomeValue>
</responseIf>
</responseCondition>
<setOutcomeValue identifier="SCORE">
<sum>
<variable identifier="SCORE_RESPONSE_1"/>
</sum>
</setOutcomeValue>
<responseCondition>
<responseIf>
<lt>
<variable identifier="SCORE"/>
<variable identifier="MINSCORE"/>
</lt>
<setOutcomeValue identifier="SCORE">
<variable identifier="MINSCORE"/>
</setOutcomeValue>
</responseIf>
</responseCondition>
<responseCondition>
<responseIf>
<lt>
<variable identifier="SCORE"/>
<baseValue baseType="float">1</baseValue>
</lt>
<setOutcomeValue identifier="FEEDBACKMODAL">
<multiple>
<variable identifier="FEEDBACKMODAL"/>
<baseValue baseType="identifier">Feedback102487772</baseValue>
</multiple>
</setOutcomeValue>
</responseIf>
</responseCondition>
</responseProcessing>
<modalFeedback identifier="Feedback102487772" outcomeIdentifier="FEEDBACKMODAL" showHide="show">
</modalFeedback>
</assessmentItem>
