<?xml version="1.0" encoding="UTF-8"?>
<assessmentItem xsi:schemaLocation="http://www.imsglobal.org/xsd/imsqti_v2p1 http://www.imsglobal.org/xsd/qti/qtiv2p1/imsqti_v2p1p1.xsd http://www.w3.org/1998/Math/MathML http://www.w3.org/Math/XMLSchema/mathml2/mathml2.xsd" identifier="eur-inferential_statistics-210-en-qti_626903550_section_1_item_1_schoice" title="1" adaptive="false" timeDependent="false" xmlns="http://www.imsglobal.org/xsd/imsqti_v2p1" xmlns:xsi="http://www.w3.org/2001/XMLSchema-instance">
<responseDeclaration identifier="eur-inferential_statistics-210-en-qti_626903550_section_1_item_1_schoice_RESPONSE_1_3697496" cardinality="single" baseType="identifier">
<correctResponse>
<value>eur-inferential_statistics-210-en-qti_626903550_section_1_item_1_schoice_4_3620332079</value>
</correctResponse>
<mapping defaultValue="0" lowerBound="0.0">
<mapEntry mapKey="eur-inferential_statistics-210-en-qti_626903550_section_1_item_1_schoice_1_2990929453" mappedValue="0"/>
<mapEntry mapKey="eur-inferential_statistics-210-en-qti_626903550_section_1_item_1_schoice_2_7215639842" mappedValue="0"/>
<mapEntry mapKey="eur-inferential_statistics-210-en-qti_626903550_section_1_item_1_schoice_3_6346688920" mappedValue="0"/>
<mapEntry mapKey="eur-inferential_statistics-210-en-qti_626903550_section_1_item_1_schoice_4_3620332079" mappedValue="1"/>
</mapping>
</responseDeclaration>
<outcomeDeclaration identifier="SCORE" cardinality="single" baseType="float" normalMaximum="1" normalMinimum="0">
<defaultValue>
<value>0.0</value>
</defaultValue>
</outcomeDeclaration>
<outcomeDeclaration identifier="MAXSCORE" cardinality="single" baseType="float">
<defaultValue>
<value>1</value>
</defaultValue>
</outcomeDeclaration>
<outcomeDeclaration identifier="FEEDBACKBASIC" cardinality="single" baseType="identifier" view="testConstructor">
<defaultValue>
<value>empty</value>
</defaultValue>
</outcomeDeclaration>
<outcomeDeclaration identifier="FEEDBACKMODAL" cardinality="multiple" baseType="identifier" view="testConstructor"/>
<outcomeDeclaration identifier="MINSCORE" cardinality="single" baseType="float">
<defaultValue>
<value baseType="float">0</value>
</defaultValue>
</outcomeDeclaration>
<outcomeDeclaration identifier="SCORE_RESPONSE_1" cardinality="single" baseType="float">
<defaultValue>
<value>0.0</value>
</defaultValue>
</outcomeDeclaration>
<outcomeDeclaration identifier="MINSCORE_RESPONSE_1" cardinality="single" baseType="float">
<defaultValue>
<value>0.0</value>
</defaultValue>
</outcomeDeclaration>
<itemBody>
<p>A psychologist conducts a study to test the effect of rational emotive therapy (RET). He includes a random sample of patients, who are subjected to weekly therapy sessions during a period of
one year. The outcome variable is the level of anxiety-complaints experienced in the week prior to each measurement. The outcome variable (level of experienced complaints over the last week) is
measured at the beginning of the year, after one year of therapy, and two years after the final therapy session.</p>
<p>What is the best term to describe the design of this study?</p>
<choiceInteraction responseIdentifier="eur-inferential_statistics-210-en-qti_626903550_section_1_item_1_schoice_RESPONSE_1_3697496" shuffle="false" maxChoices="1">
<simpleChoice identifier="eur-inferential_statistics-210-en-qti_626903550_section_1_item_1_schoice_1_2990929453">
<p>
 Factorial design
</p>
</simpleChoice>
<simpleChoice identifier="eur-inferential_statistics-210-en-qti_626903550_section_1_item_1_schoice_2_7215639842">
<p>
 Between-subjects design
</p>
</simpleChoice>
<simpleChoice identifier="eur-inferential_statistics-210-en-qti_626903550_section_1_item_1_schoice_3_6346688920">
<p>
 Mixed design
</p>
</simpleChoice>
<simpleChoice identifier="eur-inferential_statistics-210-en-qti_626903550_section_1_item_1_schoice_4_3620332079">
<p>
 Within-subjects design
</p>
</simpleChoice>
</choiceInteraction>
</itemBody>
<responseProcessing>
<responseCondition>
<responseIf>
<isNull>
<variable identifier="eur-inferential_statistics-210-en-qti_626903550_section_1_item_1_schoice_RESPONSE_1_3697496"/>
</isNull>
<setOutcomeValue identifier="SCORE_RESPONSE_1">
<sum>
<variable identifier="SCORE_RESPONSE_1"/>
<baseValue baseType="float">0</baseValue>
</sum>
</setOutcomeValue>
</responseIf>
</responseCondition>
<setOutcomeValue identifier="SCORE_RESPONSE_1">
<sum>
<variable identifier="SCORE_RESPONSE_1"/>
<mapResponse identifier="eur-inferential_statistics-210-en-qti_626903550_section_1_item_1_schoice_RESPONSE_1_3697496"/>
</sum>
</setOutcomeValue>
<responseCondition>
<responseIf>
<lt>
<variable identifier="SCORE_RESPONSE_1"/>
<variable identifier="MINSCORE_RESPONSE_1"/>
</lt>
<setOutcomeValue identifier="SCORE_RESPONSE_1">
<variable identifier="MINSCORE_RESPONSE_1"/>
</setOutcomeValue>
</responseIf>
</responseCondition>
<setOutcomeValue identifier="SCORE">
<sum>
<variable identifier="SCORE_RESPONSE_1"/>
</sum>
</setOutcomeValue>
<responseCondition>
<responseIf>
<lt>
<variable identifier="SCORE"/>
<variable identifier="MINSCORE"/>
</lt>
<setOutcomeValue identifier="SCORE">
<variable identifier="MINSCORE"/>
</setOutcomeValue>
</responseIf>
</responseCondition>
<responseCondition>
<responseIf>
<lt>
<variable identifier="SCORE"/>
<baseValue baseType="float">1</baseValue>
</lt>
<setOutcomeValue identifier="FEEDBACKMODAL">
<multiple>
<variable identifier="FEEDBACKMODAL"/>
<baseValue baseType="identifier">Feedback976296989</baseValue>
</multiple>
</setOutcomeValue>
</responseIf>
</responseCondition>
</responseProcessing>
<modalFeedback identifier="Feedback976296989" outcomeIdentifier="FEEDBACKMODAL" showHide="show">
<p>The right answer here is within-subjects design. Factorial designs refer to designs with two or more independent variables, whereas here we only have one independent variable (time). Furthermore, we are not assigning people into different groups, nor are we comparing different groups of people, meaning that both between-subjects design and mixed-design do not fit.</p>
<br />
 Factorial design <br /> False 
 Between-subjects design <br /> False 
 Mixed design <br /> False 
 Within-subjects design <br /> True 
</modalFeedback>
</assessmentItem>
