<?xml version="1.0" encoding="UTF-8"?>
<assessmentItem xsi:schemaLocation="http://www.imsglobal.org/xsd/imsqti_v2p1 http://www.imsglobal.org/xsd/qti/qtiv2p1/imsqti_v2p1p1.xsd http://www.w3.org/1998/Math/MathML http://www.w3.org/Math/XMLSchema/mathml2/mathml2.xsd" identifier="uu-moderation-804-en-ans_307966209_section_1_item_1_schoice" title="Inferential_Statistics_uu-moderation-804-en_uu-moderation-804-en_schoice_1" adaptive="false" timeDependent="false" xmlns="http://www.imsglobal.org/xsd/imsqti_v2p1" xmlns:xsi="http://www.w3.org/2001/XMLSchema-instance">
<responseDeclaration identifier="uu-moderation-804-en-ans_307966209_section_1_item_1_schoice_RESPONSE_1_8301719" cardinality="single" baseType="identifier">
<correctResponse>
<value>uu-moderation-804-en-ans_307966209_section_1_item_1_schoice_3_5808188847</value>
</correctResponse>
<mapping defaultValue="0" lowerBound="0.0">
<mapEntry mapKey="uu-moderation-804-en-ans_307966209_section_1_item_1_schoice_1_1827766596" mappedValue="0"/>
<mapEntry mapKey="uu-moderation-804-en-ans_307966209_section_1_item_1_schoice_2_7702486825" mappedValue="0"/>
<mapEntry mapKey="uu-moderation-804-en-ans_307966209_section_1_item_1_schoice_3_5808188847" mappedValue="1"/>
<mapEntry mapKey="uu-moderation-804-en-ans_307966209_section_1_item_1_schoice_4_1056583815" mappedValue="0"/>
</mapping>
</responseDeclaration>
<outcomeDeclaration identifier="SCORE" cardinality="single" baseType="float" normalMaximum="1" normalMinimum="0">
<defaultValue>
<value>0.0</value>
</defaultValue>
</outcomeDeclaration>
<outcomeDeclaration identifier="MAXSCORE" cardinality="single" baseType="float">
<defaultValue>
<value>1</value>
</defaultValue>
</outcomeDeclaration>
<outcomeDeclaration identifier="FEEDBACKBASIC" cardinality="single" baseType="identifier" view="testConstructor">
<defaultValue>
<value>empty</value>
</defaultValue>
</outcomeDeclaration>
<outcomeDeclaration identifier="FEEDBACKMODAL" cardinality="multiple" baseType="identifier" view="testConstructor"/>
<outcomeDeclaration identifier="SOLUTIONMODAL" cardinality="single" baseType="identifier" view="testConstructor"/>
<outcomeDeclaration identifier="MINSCORE" cardinality="single" baseType="float">
<defaultValue>
<value baseType="float">0</value>
</defaultValue>
</outcomeDeclaration>
<outcomeDeclaration identifier="SCORE_RESPONSE_1" cardinality="single" baseType="float">
<defaultValue>
<value>0.0</value>
</defaultValue>
</outcomeDeclaration>
<outcomeDeclaration identifier="MINSCORE_RESPONSE_1" cardinality="single" baseType="float">
<defaultValue>
<value>0.0</value>
</defaultValue>
</outcomeDeclaration>
<itemBody>
<p>A study of behavior in traffic is being conducted at Maastricht University. The researchers want to know if there are differences between people living in rural areas and those living in cities. The researchers also want to know if ethnicity has an influence on this. The table below shows the results of the study. (Note: the numbers represent group averages of the behavioral scores assigned to the participants in this study).</p>
<p><img src="media/supplements1/uu-moderation-804-nl-tabel.jpg" /></p>
<p>What type of effect is visible in the table above?</p>
<choiceInteraction responseIdentifier="uu-moderation-804-en-ans_307966209_section_1_item_1_schoice_RESPONSE_1_8301719" shuffle="false" maxChoices="1">
<simpleChoice identifier="uu-moderation-804-en-ans_307966209_section_1_item_1_schoice_1_1827766596">
<p>
 A main effect of ethnicity and an interaction effect.
</p>
</simpleChoice>
<simpleChoice identifier="uu-moderation-804-en-ans_307966209_section_1_item_1_schoice_2_7702486825">
<p>
 A main effect of residence and an interaction effect.
</p>
</simpleChoice>
<simpleChoice identifier="uu-moderation-804-en-ans_307966209_section_1_item_1_schoice_3_5808188847">
<p>
 A main effect of both ethnicity and residence, and also an interaction effect.
</p>
</simpleChoice>
<simpleChoice identifier="uu-moderation-804-en-ans_307966209_section_1_item_1_schoice_4_1056583815">
<p>
 A main effect of both ethnicity and place of residence, but no interaction effect.
</p>
</simpleChoice>
</choiceInteraction>
</itemBody>
<responseProcessing>
<setOutcomeValue identifier="SCORE_RESPONSE_1">
<sum>
<variable identifier="SCORE_RESPONSE_1"/>
<mapResponse identifier="uu-moderation-804-en-ans_307966209_section_1_item_1_schoice_RESPONSE_1_8301719"/>
</sum>
</setOutcomeValue>
<responseCondition>
<responseIf>
<lt>
<variable identifier="SCORE_RESPONSE_1"/>
<variable identifier="MINSCORE_RESPONSE_1"/>
</lt>
<setOutcomeValue identifier="SCORE_RESPONSE_1">
<variable identifier="MINSCORE_RESPONSE_1"/>
</setOutcomeValue>
</responseIf>
</responseCondition>
<responseCondition>
<responseIf>
<isNull>
<variable identifier="uu-moderation-804-en-ans_307966209_section_1_item_1_schoice_RESPONSE_1_8301719"/>
</isNull>
<setOutcomeValue identifier="SCORE_RESPONSE_1">
<sum>
<variable identifier="SCORE_RESPONSE_1"/>
<baseValue baseType="float">0</baseValue>
</sum>
</setOutcomeValue>
</responseIf>
</responseCondition>
<setOutcomeValue identifier="SCORE">
<sum>
<variable identifier="SCORE_RESPONSE_1"/>
</sum>
</setOutcomeValue>
<responseCondition>
<responseIf>
<lt>
<variable identifier="SCORE"/>
<variable identifier="MINSCORE"/>
</lt>
<setOutcomeValue identifier="SCORE">
<variable identifier="MINSCORE"/>
</setOutcomeValue>
</responseIf>
</responseCondition>
<responseCondition>
<responseIf>
<lt>
<variable identifier="SCORE"/>
<baseValue baseType="float">1</baseValue>
</lt>
<setOutcomeValue identifier="FEEDBACKMODAL">
<multiple>
<variable identifier="FEEDBACKMODAL"/>
<baseValue baseType="identifier">Feedback181239121</baseValue>
</multiple>
</setOutcomeValue>
</responseIf>
</responseCondition>
</responseProcessing>
<modalFeedback outcomeIdentifier="FEEDBACK" showHide="show" identifier="incorrect">
</modalFeedback>
</assessmentItem>
