<?xml version="1.0" encoding="utf-8" standalone="yes"?>
<assessmentItem identifier="uva-inferential-statistics-21-en-tv_202601131821_item_1_schoice" title="uva-inferential-statistics-21-en-tv_202601131821_item_1_schoice_uva-inferential-statistics-21-en" adaptive="false" timeDependent="false" toolName="Testvision Online" toolVersion="39.0.9084" xmlns="http://www.imsglobal.org/xsd/imsqti_v2p1">
<responseDeclaration identifier="RESPONSE" cardinality="single" baseType="identifier">
<correctResponse>
<value>alt_841776</value>
</correctResponse>
<mapping defaultValue="0" lowerBound="0.0">
<mapEntry mapKey="alt_492149" mappedValue="-0.5"/>
<mapEntry mapKey="alt_255475" mappedValue="-0.5"/>
<mapEntry mapKey="alt_841776" mappedValue="1"/>
</mapping>
</responseDeclaration>
<outcomeDeclaration identifier="SCORE" cardinality="single" baseType="float" normalMaximum="1" normalMinimum="0" />
<outcomeDeclaration identifier="FEEDBACK" cardinality="single" baseType="identifier" />
<stylesheet href="css/uva-inferential-statistics-21-en-tv_202601131821_item_1_schoice.css" type="text/css" />
<itemBody>
<p>When setting up an experiment, a researcher wants to make sure that he maximizes the probability of a significant result. TRUE what should he pay attention to?</p>
<choiceInteraction responseIdentifier="RESPONSE" shuffle="false" maxChoices="1">
<simpleChoice identifier="alt_492149">
<div class="textblock tvblock tvcss_1"><div class="rte_zone tveditor1">
 That the measurement of the independent variable is reliable.
</div>
</div>
</simpleChoice>
<simpleChoice identifier="alt_255475">
<div class="textblock tvblock tvcss_1"><div class="rte_zone tveditor1">
 That there is no observer bias.
</div>
</div>
</simpleChoice>
<simpleChoice identifier="alt_841776">
<div class="textblock tvblock tvcss_1"><div class="rte_zone tveditor1">
 That the measurement of the dependent variable is reliable.
</div>
</div>
</simpleChoice>
</choiceInteraction>
</itemBody>
<responseProcessing>
<responseCondition>
<responseIf>
<isNull>
<variable identifier="RESPONSE"/>
</isNull>
<setOutcomeValue identifier="SCORE">
<baseValue baseType="float">0.0</baseValue>
</setOutcomeValue>
<setOutcomeValue identifier="FEEDBACK">
<baseValue baseType="identifier">FAILURE</baseValue>
</setOutcomeValue>
</responseIf>
<responseElse>
<setOutcomeValue identifier="SCORE">
<mapResponse identifier="RESPONSE"/>
</setOutcomeValue>
<responseCondition>
<responseIf>
<equal toleranceMode="relative" tolerance="0.001">
<variable identifier="SCORE"/>
<variable identifier="MAXSCORE"/>
</equal>
<setOutcomeValue identifier="FEEDBACK">
<baseValue baseType="identifier">ANSWER_CORRECT</baseValue>
</setOutcomeValue>
</responseIf>
<responseElse>
<setOutcomeValue identifier="FEEDBACK">
<baseValue baseType="identifier">FAILURE</baseValue>
</setOutcomeValue>
</responseElse>
</responseCondition>
</responseElse>
</responseCondition>
</responseProcessing>
<modalFeedback identifier="FAILURE" outcomeIdentifier="FEEDBACK" showHide="show">
<div class="textblock tvblock tvcss_1"><div class="rte_zone tveditor1">
<ul>
<li> That the measurement of the independent variable is reliable. <br /> That the measurement of the independent variable is reliable…: Incorrect </li>
<li> That there is no observer bias. <br /> That there is no observer bias: Incorrect </li>
<li> That the measurement of the dependent variable is reliable. <br /> That the measurement of the dependent variable is reliable…: Correct </li>
</ul>
</div>
</div>
</modalFeedback>
<modalFeedback identifier="ANSWER_CORRECT" outcomeIdentifier="FEEDBACK" showHide="show">
<div class="textblock tvblock tvcss_1"><div class="rte_zone tveditor1">
<ul>
<li> That the measurement of the independent variable is reliable. <br /> That the measurement of the independent variable is reliable…: Incorrect </li>
<li> That there is no observer bias. <br /> That there is no observer bias: Incorrect </li>
<li> That the measurement of the dependent variable is reliable. <br /> That the measurement of the dependent variable is reliable…: Correct </li>
</ul>
</div>
</div>
</modalFeedback>
<modalFeedback identifier="PARTIAL_CORRECT" outcomeIdentifier="FEEDBACK" showHide="show">
<div class="textblock tvblock tvcss_1"><div class="rte_zone tveditor1">
<ul>
<li> That the measurement of the independent variable is reliable. <br /> That the measurement of the independent variable is reliable…: Incorrect </li>
<li> That there is no observer bias. <br /> That there is no observer bias: Incorrect </li>
<li> That the measurement of the dependent variable is reliable. <br /> That the measurement of the dependent variable is reliable…: Correct </li>
</ul>
</div>
</div>
</modalFeedback>
</assessmentItem>
