<?xml version="1.0" encoding="utf-8" standalone="yes"?>
<assessmentItem identifier="uva-binomial-205-en-tv_202510071722_item_1_schoice" title="uva-binomial-205-en-tv_202510071722_item_1_schoice_uva-binomial-205-en" adaptive="false" timeDependent="false" toolName="Testvision Online" toolVersion="39.0.9084" xmlns="http://www.imsglobal.org/xsd/imsqti_v2p1">
<responseDeclaration identifier="RESPONSE" cardinality="single" baseType="identifier">
<correctResponse>
<value>alt_782463</value>
</correctResponse>
<mapping defaultValue="0" lowerBound="0.0">
<mapEntry mapKey="alt_697727" mappedValue="-0.5"/>
<mapEntry mapKey="alt_782463" mappedValue="1"/>
<mapEntry mapKey="alt_754295" mappedValue="-0.5"/>
</mapping>
</responseDeclaration>
<outcomeDeclaration identifier="SCORE" cardinality="single" baseType="float" normalMaximum="1" normalMinimum="0" />
<outcomeDeclaration identifier="FEEDBACK" cardinality="single" baseType="identifier" />
<stylesheet href="css/uva-binomial-205-en-tv_202510071722_item_1_schoice.css" type="text/css" />
<itemBody>
<p>In roulette, suppose a bet is always placed on black and 30 spins of the the roulette wheel is spun. The number of times the ball lands on black (a success) is the probability variable B and it is binomially distributed with probability of success p = 0.47 on each spin of the roulette wheel. Based on the central limit theorem, it can be stated that</p>
<choiceInteraction responseIdentifier="RESPONSE" shuffle="false" maxChoices="1">
<simpleChoice identifier="alt_697727">
<div class="textblock tvblock tvcss_1"><div class="rte_zone tveditor1">
 The number of successes approaches infinity.
</div>
</div>
</simpleChoice>
<simpleChoice identifier="alt_782463">
<div class="textblock tvblock tvcss_1"><div class="rte_zone tveditor1">
 The variable B is approximately normally distributed.
</div>
</div>
</simpleChoice>
<simpleChoice identifier="alt_754295">
<div class="textblock tvblock tvcss_1"><div class="rte_zone tveditor1">
 The expectation value of B is 1.
</div>
</div>
</simpleChoice>
</choiceInteraction>
</itemBody>
<responseProcessing>
<responseCondition>
<responseIf>
<isNull>
<variable identifier="RESPONSE"/>
</isNull>
<setOutcomeValue identifier="SCORE">
<baseValue baseType="float">0.0</baseValue>
</setOutcomeValue>
<setOutcomeValue identifier="FEEDBACK">
<baseValue baseType="identifier">FAILURE</baseValue>
</setOutcomeValue>
</responseIf>
<responseElse>
<setOutcomeValue identifier="SCORE">
<mapResponse identifier="RESPONSE"/>
</setOutcomeValue>
<responseCondition>
<responseIf>
<equal toleranceMode="relative" tolerance="0.001">
<variable identifier="SCORE"/>
<variable identifier="MAXSCORE"/>
</equal>
<setOutcomeValue identifier="FEEDBACK">
<baseValue baseType="identifier">ANSWER_CORRECT</baseValue>
</setOutcomeValue>
</responseIf>
<responseElse>
<setOutcomeValue identifier="FEEDBACK">
<baseValue baseType="identifier">FAILURE</baseValue>
</setOutcomeValue>
</responseElse>
</responseCondition>
</responseElse>
</responseCondition>
</responseProcessing>
<modalFeedback identifier="FAILURE" outcomeIdentifier="FEEDBACK" showHide="show">
<div class="textblock tvblock tvcss_1"><div class="rte_zone tveditor1">
<ul>
<li> The number of successes approaches infinity. <br /> The number of successes approaches infinity: Incorrect </li>
<li> The variable B is approximately normally distributed. <br /> The variable B is approximately normally distributed…: Correct </li>
<li> The expectation value of B is 1. <br /> The expectation value of B is 1…: Incorrect </li>
</ul>
</div>
</div>
</modalFeedback>
<modalFeedback identifier="ANSWER_CORRECT" outcomeIdentifier="FEEDBACK" showHide="show">
<div class="textblock tvblock tvcss_1"><div class="rte_zone tveditor1">
<ul>
<li> The number of successes approaches infinity. <br /> The number of successes approaches infinity: Incorrect </li>
<li> The variable B is approximately normally distributed. <br /> The variable B is approximately normally distributed…: Correct </li>
<li> The expectation value of B is 1. <br /> The expectation value of B is 1…: Incorrect </li>
</ul>
</div>
</div>
</modalFeedback>
<modalFeedback identifier="PARTIAL_CORRECT" outcomeIdentifier="FEEDBACK" showHide="show">
<div class="textblock tvblock tvcss_1"><div class="rte_zone tveditor1">
<ul>
<li> The number of successes approaches infinity. <br /> The number of successes approaches infinity: Incorrect </li>
<li> The variable B is approximately normally distributed. <br /> The variable B is approximately normally distributed…: Correct </li>
<li> The expectation value of B is 1. <br /> The expectation value of B is 1…: Incorrect </li>
</ul>
</div>
</div>
</modalFeedback>
</assessmentItem>
