<?xml version="1.0" encoding="UTF-8"?>
<assessmentItem xsi:schemaLocation="http://www.imsglobal.org/xsd/imsqti_v2p1 http://www.imsglobal.org/xsd/qti/qtiv2p1/imsqti_v2p1p1.xsd http://www.w3.org/1998/Math/MathML http://www.w3.org/Math/XMLSchema/mathml2/mathml2.xsd" identifier="uva-independent-events-725-nl-qti_243404058_section_1_item_1_schoice" title="1" adaptive="false" timeDependent="false" xmlns="http://www.imsglobal.org/xsd/imsqti_v2p1" xmlns:xsi="http://www.w3.org/2001/XMLSchema-instance">
<responseDeclaration identifier="uva-independent-events-725-nl-qti_243404058_section_1_item_1_schoice_RESPONSE_1_8597544" cardinality="single" baseType="identifier">
<correctResponse>
<value>uva-independent-events-725-nl-qti_243404058_section_1_item_1_schoice_2_5747194920</value>
</correctResponse>
<mapping defaultValue="0" lowerBound="0.0">
<mapEntry mapKey="uva-independent-events-725-nl-qti_243404058_section_1_item_1_schoice_1_1990870507" mappedValue="0"/>
<mapEntry mapKey="uva-independent-events-725-nl-qti_243404058_section_1_item_1_schoice_2_5747194920" mappedValue="1"/>
<mapEntry mapKey="uva-independent-events-725-nl-qti_243404058_section_1_item_1_schoice_3_5771594823" mappedValue="0"/>
</mapping>
</responseDeclaration>
<outcomeDeclaration identifier="SCORE" cardinality="single" baseType="float" normalMaximum="1" normalMinimum="0">
<defaultValue>
<value>0.0</value>
</defaultValue>
</outcomeDeclaration>
<outcomeDeclaration identifier="MAXSCORE" cardinality="single" baseType="float">
<defaultValue>
<value>1</value>
</defaultValue>
</outcomeDeclaration>
<outcomeDeclaration identifier="FEEDBACKBASIC" cardinality="single" baseType="identifier" view="testConstructor">
<defaultValue>
<value>empty</value>
</defaultValue>
</outcomeDeclaration>
<outcomeDeclaration identifier="FEEDBACKMODAL" cardinality="multiple" baseType="identifier" view="testConstructor"/>
<outcomeDeclaration identifier="SOLUTIONMODAL" cardinality="single" baseType="identifier" view="testConstructor"/>
<outcomeDeclaration identifier="MINSCORE" cardinality="single" baseType="float">
<defaultValue>
<value baseType="float">0</value>
</defaultValue>
</outcomeDeclaration>
<outcomeDeclaration identifier="SCORE_RESPONSE_1" cardinality="single" baseType="float">
<defaultValue>
<value>0.0</value>
</defaultValue>
</outcomeDeclaration>
<outcomeDeclaration identifier="MINSCORE_RESPONSE_1" cardinality="single" baseType="float">
<defaultValue>
<value>0.0</value>
</defaultValue>
</outcomeDeclaration>
<itemBody>
<p>A en B zijn twee gebeurtenissen bij een toevalsexperiment. De kans op A
en de kans op B zijn positief. Als gegeven is dat A en B elkaar
uitsluiten, dan</p>
<choiceInteraction responseIdentifier="uva-independent-events-725-nl-qti_243404058_section_1_item_1_schoice_RESPONSE_1_8597544" shuffle="false" maxChoices="1">
<simpleChoice identifier="uva-independent-events-725-nl-qti_243404058_section_1_item_1_schoice_1_1990870507">
<p>
 zijn A en B noodzakelijkerwijs onafhankelijk.
</p>
</simpleChoice>
<simpleChoice identifier="uva-independent-events-725-nl-qti_243404058_section_1_item_1_schoice_2_5747194920">
<p>
 zijn A en B noodzakelijkerwijs afhankelijk (dat wil zeggen: niet onafhankelijk).
</p>
</simpleChoice>
<simpleChoice identifier="uva-independent-events-725-nl-qti_243404058_section_1_item_1_schoice_3_5771594823">
<p>
 is nog niet te zeggen of A en B wel of niet onafhankelijk zijn.
</p>
</simpleChoice>
</choiceInteraction>
</itemBody>
<responseProcessing>
<setOutcomeValue identifier="SCORE_RESPONSE_1">
<sum>
<variable identifier="SCORE_RESPONSE_1"/>
<mapResponse identifier="uva-independent-events-725-nl-qti_243404058_section_1_item_1_schoice_RESPONSE_1_8597544"/>
</sum>
</setOutcomeValue>
<responseCondition>
<responseIf>
<lt>
<variable identifier="SCORE_RESPONSE_1"/>
<variable identifier="MINSCORE_RESPONSE_1"/>
</lt>
<setOutcomeValue identifier="SCORE_RESPONSE_1">
<variable identifier="MINSCORE_RESPONSE_1"/>
</setOutcomeValue>
</responseIf>
</responseCondition>
<responseCondition>
<responseIf>
<isNull>
<variable identifier="uva-independent-events-725-nl-qti_243404058_section_1_item_1_schoice_RESPONSE_1_8597544"/>
</isNull>
<setOutcomeValue identifier="SCORE_RESPONSE_1">
<sum>
<variable identifier="SCORE_RESPONSE_1"/>
<baseValue baseType="float">0</baseValue>
</sum>
</setOutcomeValue>
</responseIf>
</responseCondition>
<setOutcomeValue identifier="SCORE">
<sum>
<variable identifier="SCORE_RESPONSE_1"/>
</sum>
</setOutcomeValue>
<responseCondition>
<responseIf>
<lt>
<variable identifier="SCORE"/>
<variable identifier="MINSCORE"/>
</lt>
<setOutcomeValue identifier="SCORE">
<variable identifier="MINSCORE"/>
</setOutcomeValue>
</responseIf>
</responseCondition>
<responseCondition>
<responseIf>
<lt>
<variable identifier="SCORE"/>
<baseValue baseType="float">1</baseValue>
</lt>
<setOutcomeValue identifier="FEEDBACKMODAL">
<multiple>
<variable identifier="FEEDBACKMODAL"/>
<baseValue baseType="identifier">Feedback188965747</baseValue>
</multiple>
</setOutcomeValue>
</responseIf>
</responseCondition>
</responseProcessing>
<modalFeedback identifier="Feedback188965747" outcomeIdentifier="FEEDBACKMODAL" showHide="show">
<ul>
<li> zijn A en B noodzakelijkerwijs onafhankelijk. <br /> zijn A en B noodzakelijkerwijs onafhankelijk.: Incorrect </li>
<li> zijn A en B noodzakelijkerwijs afhankelijk (dat wil zeggen: niet onafhankelijk). <br /> zijn A en B noodzakelijkerwijs afhankelijk (dat wil zeggen: niet onafhankelijk).: Correct </li>
<li> is nog niet te zeggen of A en B wel of niet onafhankelijk zijn. <br /> is nog niet te zeggen of A en B wel of niet onafhankelijk zijn.: Incorrect </li>
</ul>
</modalFeedback>
</assessmentItem>
