<?xml version="1.0" encoding="utf-8" standalone="yes"?>
<assessmentItem identifier="uva-general-rules-956-en-tv_202601131819_item_1_schoice" title="uva-general-rules-956-en-tv_202601131819_item_1_schoice_uva-general-rules-956-en" adaptive="false" timeDependent="false" toolName="Testvision Online" toolVersion="39.0.9084" xmlns="http://www.imsglobal.org/xsd/imsqti_v2p1">
<responseDeclaration identifier="RESPONSE" cardinality="single" baseType="identifier">
<correctResponse>
<value>alt_146652</value>
</correctResponse>
<mapping defaultValue="0" lowerBound="0.0">
<mapEntry mapKey="alt_951678" mappedValue="-0.333333333333333"/>
<mapEntry mapKey="alt_121940" mappedValue="-0.333333333333333"/>
<mapEntry mapKey="alt_922689" mappedValue="-0.333333333333333"/>
<mapEntry mapKey="alt_146652" mappedValue="1"/>
</mapping>
</responseDeclaration>
<outcomeDeclaration identifier="SCORE" cardinality="single" baseType="float" normalMaximum="1" normalMinimum="0" />
<outcomeDeclaration identifier="FEEDBACK" cardinality="single" baseType="identifier" />
<stylesheet href="css/uva-general-rules-956-en-tv_202601131819_item_1_schoice.css" type="text/css" />
<itemBody>
<p>A crime has been committed, and it is known that the criminal is part is part of a population of 6 million. Through research, the police know that only one person in a million has DNA that matches the DNA of the perpetrator. What then is the probability that a person with the same DNA as the perpetrator, is innocent?</p>
<choiceInteraction responseIdentifier="RESPONSE" shuffle="false" maxChoices="1">
<simpleChoice identifier="alt_951678">
<div class="textblock tvblock tvcss_1"><div class="rte_zone tveditor1">
 1/6,000,000
</div>
</div>
</simpleChoice>
<simpleChoice identifier="alt_121940">
<div class="textblock tvblock tvcss_1"><div class="rte_zone tveditor1">
 1/1,000,000
</div>
</div>
</simpleChoice>
<simpleChoice identifier="alt_922689">
<div class="textblock tvblock tvcss_1"><div class="rte_zone tveditor1">
 1/6
</div>
</div>
</simpleChoice>
<simpleChoice identifier="alt_146652">
<div class="textblock tvblock tvcss_1"><div class="rte_zone tveditor1">
 5/6
</div>
</div>
</simpleChoice>
</choiceInteraction>
</itemBody>
<responseProcessing>
<responseCondition>
<responseIf>
<isNull>
<variable identifier="RESPONSE"/>
</isNull>
<setOutcomeValue identifier="SCORE">
<baseValue baseType="float">0.0</baseValue>
</setOutcomeValue>
<setOutcomeValue identifier="FEEDBACK">
<baseValue baseType="identifier">FAILURE</baseValue>
</setOutcomeValue>
</responseIf>
<responseElse>
<setOutcomeValue identifier="SCORE">
<mapResponse identifier="RESPONSE"/>
</setOutcomeValue>
<responseCondition>
<responseIf>
<equal toleranceMode="relative" tolerance="0.001">
<variable identifier="SCORE"/>
<variable identifier="MAXSCORE"/>
</equal>
<setOutcomeValue identifier="FEEDBACK">
<baseValue baseType="identifier">ANSWER_CORRECT</baseValue>
</setOutcomeValue>
</responseIf>
<responseElse>
<setOutcomeValue identifier="FEEDBACK">
<baseValue baseType="identifier">FAILURE</baseValue>
</setOutcomeValue>
</responseElse>
</responseCondition>
</responseElse>
</responseCondition>
</responseProcessing>
<modalFeedback identifier="FAILURE" outcomeIdentifier="FEEDBACK" showHide="show">
<div class="textblock tvblock tvcss_1"><div class="rte_zone tveditor1">
<ul>
<li> 1/6,000,000 <br /> 1/6,000,000: Incorrect </li>
<li> 1/1,000,000 <br /> 1/1,000,000: Incorrect </li>
<li> 1/6 <br /> 1/6: Incorrect </li>
<li> 5/6 <br /> 5/6: Correct </li>
</ul>
</div>
</div>
</modalFeedback>
<modalFeedback identifier="ANSWER_CORRECT" outcomeIdentifier="FEEDBACK" showHide="show">
<div class="textblock tvblock tvcss_1"><div class="rte_zone tveditor1">
<ul>
<li> 1/6,000,000 <br /> 1/6,000,000: Incorrect </li>
<li> 1/1,000,000 <br /> 1/1,000,000: Incorrect </li>
<li> 1/6 <br /> 1/6: Incorrect </li>
<li> 5/6 <br /> 5/6: Correct </li>
</ul>
</div>
</div>
</modalFeedback>
<modalFeedback identifier="PARTIAL_CORRECT" outcomeIdentifier="FEEDBACK" showHide="show">
<div class="textblock tvblock tvcss_1"><div class="rte_zone tveditor1">
<ul>
<li> 1/6,000,000 <br /> 1/6,000,000: Incorrect </li>
<li> 1/1,000,000 <br /> 1/1,000,000: Incorrect </li>
<li> 1/6 <br /> 1/6: Incorrect </li>
<li> 5/6 <br /> 5/6: Correct </li>
</ul>
</div>
</div>
</modalFeedback>
</assessmentItem>
