<?xml version="1.0" encoding="UTF-8"?>
<!DOCTYPE questestinterop SYSTEM "ims_qtiasiv1p2p1.dtd">

<questestinterop xmlns="http://www.imsglobal.org/xsd/ims_qtiasiv1p2" xmlns:xsi="http://www.w3.org/2001/XMLSchema-instance" xsi:schemaLocation="http://www.imsglobal.org/xsd/ims_qtiasiv1p2 http://www.imsglobal.org/xsd/ims_qtiasiv1p2p1.xsd">
<assessment ident="eur-descriptive-406-nl-canvas_671468202" title="eur-descriptive-406-nl-canvas">

<qtimetadata>
<qtimetadatafield>
<fieldlabel>cc_maxattempts</fieldlabel>
<fieldentry>1</fieldentry>
</qtimetadatafield>
<qtimetadatafield>
<fieldlabel>qmd_assessmenttype</fieldlabel>
<fieldentry>Assessment</fieldentry>
</qtimetadatafield>
</qtimetadata>
<objectives>
<material>
<mattext><![CDATA[Please solve the following exercises.]]></mattext>
</material>
</objectives>
<assessmentcontrol feedbackswitch="No" hintswitch="No" solutionswitch="Yes"/>
<outcomes_processing scoremodel="SumOfScores">
<outcomes>
<decvar varname="SCORE" vartype="Decimal" cutvalue="0"/>
</outcomes>
</outcomes_processing>
<assessfeedback title="AssessmentFeedback" ident="AssessmentFeedback">
<flow_mat>
<material>
<mattext>##AssessmentFeedback##</mattext>
</material>
</flow_mat>
</assessfeedback>

<section ident="eur-descriptive-406-nl-canvas_671468202_section_1" title="Exercise">

<objectives>
<material>
<mattext><![CDATA[Please answer the following question.]]></mattext>
</material>
</objectives>
<selection_ordering>
<selection>
<selection_number>1</selection_number>
<selection_extension>
<points_per_item>1</points_per_item>
</selection_extension>
</selection>
<order order_type="Random"/>
</selection_ordering>

<item ident="eur-descriptive-406-nl-canvas_671468202_section_1_item_1_num" title="Question" maxattempts="1">
<itemcontrol feedbackswitch="No" hintswitch="No" solutionswitch="Yes"/>
<itemmetadata>
<qtimetadata>
<qtimetadatafield>
<fieldlabel>question_type</fieldlabel>
<fieldentry>numerical_question</fieldentry>
</qtimetadatafield>
</qtimetadata>
</itemmetadata>
<presentation>
<flow>
<material>
<matbreak/>
<mattext texttype="text/html" charset="utf-8"><![CDATA[
<p>Een kennistest over alcohol bevat 20 items en wordt afgenomen bij 202 middelbare scholieren. De variabele total_score geeft de totale juiste scores. Geslacht (gender; 0 = vrouw; 1 = man) en alcoholgebruik (alcohol_use; 0 = heel vaak; 1 = vaak; 2 = soms; 3 = nooit) zijn ook opgenomen in de dataset.</p>
<p>Wat is de kans op een totaalscore van 13,0 of lager onder de assumptie dat de scores afkomstig zijn van een normaal verdeelde populatie? (3 decimalen)</p>
<p>Open de dataset hieronder om deze vraag te beantwoorden:</p>
<ul>
<li>Download** <a href="data/supplements_1_1/eur-descriptive-406-en-data.sav">SPSS file</a>, <a href="data/supplements_1_1/eur-descriptive-406-en-data.csv">CSV file</a></li>
</ul>
]]></mattext>
<matbreak/>
</material>
<response_num ident="eur-descriptive-406-nl-canvas_671468202_section_1_item_1_num_RESPONSE_5317868" rcardinality="Single" numtype="Decimal">
<render_fib fibtype="Decimal" maxchars="12">
<flow_label class="Block">
<response_label ident="eur-descriptive-406-nl-canvas_671468202_section_1_item_1_num_RESPONSE_5317868" rshuffle="No"/>
</flow_label>
</render_fib>
</response_num>
<material>
<matbreak/>
</material>
</flow>
</presentation>
<resprocessing>
<outcomes>
<decvar varname="SCORE" vartype="Decimal" defaultval="0" minvalue="0" maxvalue="1" cutvalue="1"/>
</outcomes>
<respcondition title="Mastery" continue="No">
<conditionvar>

<or>
<varequal respident="eur-descriptive-406-nl-canvas_671468202_section_1_item_1_num_RESPONSE_5317868" case="No"><![CDATA[0.47]]></varequal>
<and>
<vargte respident="eur-descriptive-406-nl-canvas_671468202_section_1_item_1_num_RESPONSE_5317868"><![CDATA[0.47]]></vargte>
<varlte respident="eur-descriptive-406-nl-canvas_671468202_section_1_item_1_num_RESPONSE_5317868"><![CDATA[0.47]]></varlte>
</and>
</or>
</conditionvar>
<setvar varname="SCORE" action="Set">1</setvar>
<displayfeedback feedbacktype="Response" linkrefid="correct_fb"/>
</respcondition>
<respcondition continue="Yes">
<conditionvar>
<other/>
</conditionvar>
<displayfeedback feedbacktype="Response" linkrefid="general_incorrect_fb"/>
</respcondition>
</resprocessing>
<itemfeedback ident="correct_fb" view="All">
<flow_mat>
<material>
<mattext texttype="text/html"><![CDATA[
<p>De kans op een totaalscore van 13,0 of lager is 0,47 als we uitgaan van normaliteit (gebruik de functie cdf.normal om de p-waarden te berekenen en zoek dan de p-waarde op die hoort bij een score van 13).</p>
]]></mattext>
</material>
</flow_mat>
</itemfeedback>
<itemfeedback ident="general_incorrect_fb" view="All">
<flow_mat>
<material>
<mattext texttype="text/html"><![CDATA[
<p>De kans op een totaalscore van 13,0 of lager is 0,47 als we uitgaan van normaliteit (gebruik de functie cdf.normal om de p-waarden te berekenen en zoek dan de p-waarde op die hoort bij een score van 13).</p>
]]></mattext>
</material>
</flow_mat>
</itemfeedback>
</item>


</section>

</assessment>
</questestinterop>
