<?xml version="1.0" encoding="UTF-8"?>
<assessmentItem xsi:schemaLocation="http://www.imsglobal.org/xsd/imsqti_v2p1 http://www.imsglobal.org/xsd/qti/qtiv2p1/imsqti_v2p1p1.xsd http://www.w3.org/1998/Math/MathML http://www.w3.org/Math/XMLSchema/mathml2/mathml2.xsd" identifier="vufsw-mediation-2026-nl_804181545_section_1_item_1_schoice" title="1" adaptive="false" timeDependent="false" xmlns="http://www.imsglobal.org/xsd/imsqti_v2p1" xmlns:xsi="http://www.w3.org/2001/XMLSchema-instance">
<responseDeclaration identifier="vufsw-mediation-2026-nl_804181545_section_1_item_1_schoice_RESPONSE_1_9760921" cardinality="single" baseType="identifier">
<correctResponse>
<value>vufsw-mediation-2026-nl_804181545_section_1_item_1_schoice_3_5622532796</value>
</correctResponse>
<mapping defaultValue="0" lowerBound="0.0">
<mapEntry mapKey="vufsw-mediation-2026-nl_804181545_section_1_item_1_schoice_1_6477181567" mappedValue="0"/>
<mapEntry mapKey="vufsw-mediation-2026-nl_804181545_section_1_item_1_schoice_2_1619177597" mappedValue="0"/>
<mapEntry mapKey="vufsw-mediation-2026-nl_804181545_section_1_item_1_schoice_3_5622532796" mappedValue="1"/>
<mapEntry mapKey="vufsw-mediation-2026-nl_804181545_section_1_item_1_schoice_4_7188057740" mappedValue="0"/>
</mapping>
</responseDeclaration>
<outcomeDeclaration identifier="SCORE" cardinality="single" baseType="float" normalMaximum="1" normalMinimum="0">
<defaultValue>
<value>0.0</value>
</defaultValue>
</outcomeDeclaration>
<outcomeDeclaration identifier="MAXSCORE" cardinality="single" baseType="float">
<defaultValue>
<value>1</value>
</defaultValue>
</outcomeDeclaration>
<outcomeDeclaration identifier="FEEDBACKBASIC" cardinality="single" baseType="identifier" view="testConstructor">
<defaultValue>
<value>empty</value>
</defaultValue>
</outcomeDeclaration>
<outcomeDeclaration identifier="FEEDBACKMODAL" cardinality="multiple" baseType="identifier" view="testConstructor"/>
<outcomeDeclaration identifier="MINSCORE" cardinality="single" baseType="float">
<defaultValue>
<value baseType="float">0</value>
</defaultValue>
</outcomeDeclaration>
<outcomeDeclaration identifier="SCORE_RESPONSE_1" cardinality="single" baseType="float">
<defaultValue>
<value>0.0</value>
</defaultValue>
</outcomeDeclaration>
<outcomeDeclaration identifier="MINSCORE_RESPONSE_1" cardinality="single" baseType="float">
<defaultValue>
<value>0.0</value>
</defaultValue>
</outcomeDeclaration>
<itemBody>
<p><img src="Schermafbeelding__2019-01-30__om__13.05.49.png"
class="fr-fic fr-dii tvcss_2"
alt="Schermafbeelding 2019-01-30 om 13.05.49" /></p>
<p>In bovenstaande padanalyse is onderzocht hoe de voorkeur voor
Nederlandse muziek (René Froger, Frans Bauer) van jongeren (cned )
samenhangt met het eigen schoolniveau, de opleiding van de ouders
(pareduc) en de voorkeur voor Nederlandse muziek van de ouders (pned).</p>
<p>Hoe groot is de totale correlatie tussen de opleiding van de ouders (X)
en de voorkeur voor Nederlandse muziek van hun kinderen (Y)?</p>
<choiceInteraction responseIdentifier="vufsw-mediation-2026-nl_804181545_section_1_item_1_schoice_RESPONSE_1_9760921" shuffle="false" maxChoices="1">
<simpleChoice identifier="vufsw-mediation-2026-nl_804181545_section_1_item_1_schoice_1_6477181567">
<p>
a. 0.227
</p>
</simpleChoice>
<simpleChoice identifier="vufsw-mediation-2026-nl_804181545_section_1_item_1_schoice_2_1619177597">
<p>
b. -0.015
</p>
</simpleChoice>
<simpleChoice identifier="vufsw-mediation-2026-nl_804181545_section_1_item_1_schoice_3_5622532796">
<p>
c. -0.130
</p>
</simpleChoice>
<simpleChoice identifier="vufsw-mediation-2026-nl_804181545_section_1_item_1_schoice_4_7188057740">
<p>
d. -0.002
</p>
</simpleChoice>
</choiceInteraction>
</itemBody>
<responseProcessing>
<responseCondition>
<responseIf>
<isNull>
<variable identifier="vufsw-mediation-2026-nl_804181545_section_1_item_1_schoice_RESPONSE_1_9760921"/>
</isNull>
<setOutcomeValue identifier="SCORE_RESPONSE_1">
<sum>
<variable identifier="SCORE_RESPONSE_1"/>
<baseValue baseType="float">0</baseValue>
</sum>
</setOutcomeValue>
</responseIf>
</responseCondition>
<setOutcomeValue identifier="SCORE_RESPONSE_1">
<sum>
<variable identifier="SCORE_RESPONSE_1"/>
<mapResponse identifier="vufsw-mediation-2026-nl_804181545_section_1_item_1_schoice_RESPONSE_1_9760921"/>
</sum>
</setOutcomeValue>
<responseCondition>
<responseIf>
<lt>
<variable identifier="SCORE_RESPONSE_1"/>
<variable identifier="MINSCORE_RESPONSE_1"/>
</lt>
<setOutcomeValue identifier="SCORE_RESPONSE_1">
<variable identifier="MINSCORE_RESPONSE_1"/>
</setOutcomeValue>
</responseIf>
</responseCondition>
<setOutcomeValue identifier="SCORE">
<sum>
<variable identifier="SCORE_RESPONSE_1"/>
</sum>
</setOutcomeValue>
<responseCondition>
<responseIf>
<lt>
<variable identifier="SCORE"/>
<variable identifier="MINSCORE"/>
</lt>
<setOutcomeValue identifier="SCORE">
<variable identifier="MINSCORE"/>
</setOutcomeValue>
</responseIf>
</responseCondition>
<responseCondition>
<responseIf>
<lt>
<variable identifier="SCORE"/>
<baseValue baseType="float">1</baseValue>
</lt>
<setOutcomeValue identifier="FEEDBACKMODAL">
<multiple>
<variable identifier="FEEDBACKMODAL"/>
<baseValue baseType="identifier">Feedback115533448</baseValue>
</multiple>
</setOutcomeValue>
</responseIf>
</responseCondition>
</responseProcessing>
<modalFeedback identifier="Feedback115533448" outcomeIdentifier="FEEDBACKMODAL" showHide="show">
<ol type = "a">
<li> 0.227 <br /> False </li>
<li> -0.015 <br /> False </li>
<li> -0.130 <br /> True </li>
<li> -0.002 <br /> False </li>
</ol>
</modalFeedback>
</assessmentItem>
