<?xml version="1.0" encoding="utf-8" standalone="yes"?>
<assessmentItem identifier="uu-factor-analysis-010-nl_202209051536_item_1_schoice" title="uu-factor-analysis-010-nl_202209051536_item_1_schoice_uu-factor-analysis-010-nl.Rmd" adaptive="false" timeDependent="false" toolName="Testvision Online" toolVersion="39.0.9084" xmlns="http://www.imsglobal.org/xsd/imsqti_v2p1">
<responseDeclaration identifier="RESPONSE" cardinality="single" baseType="identifier">
<correctResponse>
<value>alt_183386</value>
</correctResponse>
<mapping defaultValue="0" lowerBound="0.0">
<mapEntry mapKey="alt_569629" mappedValue="-0.333333333333333"/>
<mapEntry mapKey="alt_435420" mappedValue="-0.333333333333333"/>
<mapEntry mapKey="alt_584746" mappedValue="-0.333333333333333"/>
<mapEntry mapKey="alt_183386" mappedValue="1"/>
</mapping>
</responseDeclaration>
<outcomeDeclaration identifier="SCORE" cardinality="single" baseType="float" normalMaximum="1" normalMinimum="0" />
<outcomeDeclaration identifier="FEEDBACK" cardinality="single" baseType="identifier" />
<itemBody>
<p>Hedonisten veranderen in altruïsten als ze zelf kinderen krijgen. Voor een empirisch onderzoek naar deze verwachting moet een meetinstrument voor altruïsme-hedonisme ontwikkeld worden.</p>
<p>Beoordeel de volgende twee uitspraken over een factoranalyse van een verzameling items voor de altruïsme-hedonisme schaal.</p>
<ol style="list-style-type: upper-roman">
<li><p>Met het eigenwaarde groter dan 1 criterium selecteert men een aantal factoren op basis van een inhoudelijke criterium.</p></li>
<li><p>Na rotatie van factoren wordt de interpretatie van de factoren meestal aanzienlijk veel lastiger dan voor de rotatie.</p></li>
</ol>
<choiceInteraction responseIdentifier="RESPONSE" shuffle="false" maxChoices="1">
<simpleChoice identifier="alt_569629">
<div class="textblock tvblock tvcss_1"><div class="rte_zone tveditor1">
a. Uitspraak I en II zijn beide juist.
</div>
</div>
</simpleChoice>
<simpleChoice identifier="alt_435420">
<div class="textblock tvblock tvcss_1"><div class="rte_zone tveditor1">
b. Alleen uitspraak I is juist.
</div>
</div>
</simpleChoice>
<simpleChoice identifier="alt_584746">
<div class="textblock tvblock tvcss_1"><div class="rte_zone tveditor1">
c. Alleen uitspraak II is juist.
</div>
</div>
</simpleChoice>
<simpleChoice identifier="alt_183386">
<div class="textblock tvblock tvcss_1"><div class="rte_zone tveditor1">
d. Uitspraak I en II zijn beide onjuist.
</div>
</div>
</simpleChoice>
</choiceInteraction>
</itemBody>
<responseProcessing>
<responseCondition>
<responseIf>
<isNull>
<variable identifier="RESPONSE"/>
</isNull>
<setOutcomeValue identifier="SCORE">
<baseValue baseType="float">0.0</baseValue>
</setOutcomeValue>
<setOutcomeValue identifier="FEEDBACK">
<baseValue baseType="identifier">FAILURE</baseValue>
</setOutcomeValue>
</responseIf>
<responseElse>
<setOutcomeValue identifier="SCORE">
<mapResponse identifier="RESPONSE"/>
</setOutcomeValue>
<responseCondition>
<responseIf>
<equal toleranceMode="relative" tolerance="0.001">
<variable identifier="SCORE"/>
<variable identifier="MAXSCORE"/>
</equal>
<setOutcomeValue identifier="FEEDBACK">
<baseValue baseType="identifier">ANSWER_CORRECT</baseValue>
</setOutcomeValue>
</responseIf>
<responseElse>
<setOutcomeValue identifier="FEEDBACK">
<baseValue baseType="identifier">FAILURE</baseValue>
</setOutcomeValue>
</responseElse>
</responseCondition>
</responseElse>
</responseCondition>
</responseProcessing>
<modalFeedback identifier="FAILURE" outcomeIdentifier="FEEDBACK" showHide="show">
<div class="textblock tvblock tvcss_1"><div class="rte_zone tveditor1">
<p>Uitleg:</p>
<p>Stelling 1: Het eigenwaardecriterium is een statistisch criterium. Er wordt gekeken naar statistische gegevens zonder de inhoud van de items of een verwacht aantal factoren in ogenschouw te nemen.</p>
<p>Stelling 2: Rotatie van de factoren heeft juist tot doel om de items sterker te laten laden op de factoren, waardoor de interpretatie van de factoren (aanzienlijk) makkelijker zal worden.</p>
<br />
<ol>
<li> Uitspraak I en II zijn beide juist. <br />  </li>
<li> Alleen uitspraak I is juist. <br />  </li>
<li> Alleen uitspraak II is juist. <br />  </li>
<li> Uitspraak I en II zijn beide onjuist. <br />  </li>
</ol>
</div>
</div>
</modalFeedback>
<modalFeedback identifier="ANSWER_CORRECT" outcomeIdentifier="FEEDBACK" showHide="show">
<div class="textblock tvblock tvcss_1"><div class="rte_zone tveditor1">
<p>Uitleg:</p>
<p>Stelling 1: Het eigenwaardecriterium is een statistisch criterium. Er wordt gekeken naar statistische gegevens zonder de inhoud van de items of een verwacht aantal factoren in ogenschouw te nemen.</p>
<p>Stelling 2: Rotatie van de factoren heeft juist tot doel om de items sterker te laten laden op de factoren, waardoor de interpretatie van de factoren (aanzienlijk) makkelijker zal worden.</p>
<br />
<ol>
<li> Uitspraak I en II zijn beide juist. <br />  </li>
<li> Alleen uitspraak I is juist. <br />  </li>
<li> Alleen uitspraak II is juist. <br />  </li>
<li> Uitspraak I en II zijn beide onjuist. <br />  </li>
</ol>
</div>
</div>
</modalFeedback>
<modalFeedback identifier="PARTIAL_CORRECT" outcomeIdentifier="FEEDBACK" showHide="show">
<div class="textblock tvblock tvcss_1"><div class="rte_zone tveditor1">
<p>Uitleg:</p>
<p>Stelling 1: Het eigenwaardecriterium is een statistisch criterium. Er wordt gekeken naar statistische gegevens zonder de inhoud van de items of een verwacht aantal factoren in ogenschouw te nemen.</p>
<p>Stelling 2: Rotatie van de factoren heeft juist tot doel om de items sterker te laten laden op de factoren, waardoor de interpretatie van de factoren (aanzienlijk) makkelijker zal worden.</p>
<br />
<ol>
<li> Uitspraak I en II zijn beide juist. <br />  </li>
<li> Alleen uitspraak I is juist. <br />  </li>
<li> Alleen uitspraak II is juist. <br />  </li>
<li> Uitspraak I en II zijn beide onjuist. <br />  </li>
</ol>
</div>
</div>
</modalFeedback>
</assessmentItem>
