<?xml version="1.0" encoding="UTF-8"?>
<assessmentItem xsi:schemaLocation="http://www.imsglobal.org/xsd/imsqti_v2p1 http://www.imsglobal.org/xsd/qti/qtiv2p1/imsqti_v2p1p1.xsd http://www.w3.org/1998/Math/MathML http://www.w3.org/Math/XMLSchema/mathml2/mathml2.xsd" identifier="uva-normal-1351-en-ans_131545773_section_1_item_1_schoice" title="Distributions_uva-normal-1351-en_uva-normal-1351-en_schoice_1" adaptive="false" timeDependent="false" xmlns="http://www.imsglobal.org/xsd/imsqti_v2p1" xmlns:xsi="http://www.w3.org/2001/XMLSchema-instance">
<responseDeclaration identifier="uva-normal-1351-en-ans_131545773_section_1_item_1_schoice_RESPONSE_1_3998506" cardinality="single" baseType="identifier">
<correctResponse>
<value>uva-normal-1351-en-ans_131545773_section_1_item_1_schoice_3_6642938330</value>
</correctResponse>
<mapping defaultValue="0" lowerBound="0.0">
<mapEntry mapKey="uva-normal-1351-en-ans_131545773_section_1_item_1_schoice_1_5091532002" mappedValue="0"/>
<mapEntry mapKey="uva-normal-1351-en-ans_131545773_section_1_item_1_schoice_2_8606847892" mappedValue="0"/>
<mapEntry mapKey="uva-normal-1351-en-ans_131545773_section_1_item_1_schoice_3_6642938330" mappedValue="1"/>
<mapEntry mapKey="uva-normal-1351-en-ans_131545773_section_1_item_1_schoice_4_7637444792" mappedValue="0"/>
</mapping>
</responseDeclaration>
<outcomeDeclaration identifier="SCORE" cardinality="single" baseType="float" normalMaximum="1" normalMinimum="0">
<defaultValue>
<value>0.0</value>
</defaultValue>
</outcomeDeclaration>
<outcomeDeclaration identifier="MAXSCORE" cardinality="single" baseType="float">
<defaultValue>
<value>1</value>
</defaultValue>
</outcomeDeclaration>
<outcomeDeclaration identifier="FEEDBACKBASIC" cardinality="single" baseType="identifier" view="testConstructor">
<defaultValue>
<value>empty</value>
</defaultValue>
</outcomeDeclaration>
<outcomeDeclaration identifier="FEEDBACKMODAL" cardinality="multiple" baseType="identifier" view="testConstructor"/>
<outcomeDeclaration identifier="SOLUTIONMODAL" cardinality="single" baseType="identifier" view="testConstructor"/>
<outcomeDeclaration identifier="MINSCORE" cardinality="single" baseType="float">
<defaultValue>
<value baseType="float">0</value>
</defaultValue>
</outcomeDeclaration>
<outcomeDeclaration identifier="SCORE_RESPONSE_1" cardinality="single" baseType="float">
<defaultValue>
<value>0.0</value>
</defaultValue>
</outcomeDeclaration>
<outcomeDeclaration identifier="MINSCORE_RESPONSE_1" cardinality="single" baseType="float">
<defaultValue>
<value>0.0</value>
</defaultValue>
</outcomeDeclaration>
<itemBody>
<p>The diameter of bottle caps has a normal distribution with a mean of 36 mm and a standard deviation of 1 mm. Suppose you take random samples of 10, 20 and 40. Which sample distribution has the smallest standard deviation?</p>
<choiceInteraction responseIdentifier="uva-normal-1351-en-ans_131545773_section_1_item_1_schoice_RESPONSE_1_3998506" shuffle="false" maxChoices="1">
<simpleChoice identifier="uva-normal-1351-en-ans_131545773_section_1_item_1_schoice_1_5091532002">
<p>
 10
</p>
</simpleChoice>
<simpleChoice identifier="uva-normal-1351-en-ans_131545773_section_1_item_1_schoice_2_8606847892">
<p>
 20
</p>
</simpleChoice>
<simpleChoice identifier="uva-normal-1351-en-ans_131545773_section_1_item_1_schoice_3_6642938330">
<p>
 40
</p>
</simpleChoice>
<simpleChoice identifier="uva-normal-1351-en-ans_131545773_section_1_item_1_schoice_4_7637444792">
<p>
 The standard deviations are equally large.
</p>
</simpleChoice>
</choiceInteraction>
</itemBody>
<responseProcessing>
<setOutcomeValue identifier="SCORE_RESPONSE_1">
<sum>
<variable identifier="SCORE_RESPONSE_1"/>
<mapResponse identifier="uva-normal-1351-en-ans_131545773_section_1_item_1_schoice_RESPONSE_1_3998506"/>
</sum>
</setOutcomeValue>
<responseCondition>
<responseIf>
<lt>
<variable identifier="SCORE_RESPONSE_1"/>
<variable identifier="MINSCORE_RESPONSE_1"/>
</lt>
<setOutcomeValue identifier="SCORE_RESPONSE_1">
<variable identifier="MINSCORE_RESPONSE_1"/>
</setOutcomeValue>
</responseIf>
</responseCondition>
<responseCondition>
<responseIf>
<isNull>
<variable identifier="uva-normal-1351-en-ans_131545773_section_1_item_1_schoice_RESPONSE_1_3998506"/>
</isNull>
<setOutcomeValue identifier="SCORE_RESPONSE_1">
<sum>
<variable identifier="SCORE_RESPONSE_1"/>
<baseValue baseType="float">0</baseValue>
</sum>
</setOutcomeValue>
</responseIf>
</responseCondition>
<setOutcomeValue identifier="SCORE">
<sum>
<variable identifier="SCORE_RESPONSE_1"/>
</sum>
</setOutcomeValue>
<responseCondition>
<responseIf>
<lt>
<variable identifier="SCORE"/>
<variable identifier="MINSCORE"/>
</lt>
<setOutcomeValue identifier="SCORE">
<variable identifier="MINSCORE"/>
</setOutcomeValue>
</responseIf>
</responseCondition>
<responseCondition>
<responseIf>
<lt>
<variable identifier="SCORE"/>
<baseValue baseType="float">1</baseValue>
</lt>
<setOutcomeValue identifier="FEEDBACKMODAL">
<multiple>
<variable identifier="FEEDBACKMODAL"/>
<baseValue baseType="identifier">Feedback855077864</baseValue>
</multiple>
</setOutcomeValue>
</responseIf>
</responseCondition>
</responseProcessing>
<modalFeedback outcomeIdentifier="FEEDBACK" showHide="show" identifier="incorrect">
<ul>
<li> 10 <br /> 10:Incorrect </li>
<li> 20 <br /> 20: Incorrect </li>
<li> 40 <br /> 40: Correct </li>
<li> The standard deviations are equally large. <br /> The standard deviations are equally large…: Incorrect </li>
</ul>
</modalFeedback>
</assessmentItem>
