<?xml version="1.0" encoding="utf-8" standalone="yes"?>
<assessmentItem identifier="uva-squared-1475-nl-tv_202404291202_item_1_schoice" title="uva-squared-1475-nl-tv_202404291202_item_1_schoice_uva-squared-1475-nl" adaptive="false" timeDependent="false" toolName="Testvision Online" toolVersion="39.0.9084" xmlns="http://www.imsglobal.org/xsd/imsqti_v2p1">
<responseDeclaration identifier="RESPONSE" cardinality="single" baseType="identifier">
<correctResponse>
<value>alt_639914</value>
</correctResponse>
<mapping defaultValue="0" lowerBound="0.0">
<mapEntry mapKey="alt_639914" mappedValue="1"/>
<mapEntry mapKey="alt_861323" mappedValue="-0.5"/>
<mapEntry mapKey="alt_111022" mappedValue="-0.5"/>
</mapping>
</responseDeclaration>
<outcomeDeclaration identifier="SCORE" cardinality="single" baseType="float" normalMaximum="1" normalMinimum="0" />
<outcomeDeclaration identifier="FEEDBACK" cardinality="single" baseType="identifier" />
<itemBody>
<p>Gegeven is de volgende frequentietabel.</p>
<table>
<tbody>
<tr class="odd">
<td></td>
<td align="left">Sportauto</td>
<td align="left">Familieauto</td>
</tr>
<tr class="even">
<td>Man</td>
<td align="left">6</td>
<td align="left">13</td>
</tr>
<tr class="odd">
<td>Vrouw</td>
<td align="left">33</td>
<td align="left">5</td>
</tr>
</tbody>
</table>
<p>Wat is de verwachte celfrequentie van een Man met Sportauto onder de
aanname van onafhankelijkheid van de nulhypothese?</p>
<choiceInteraction responseIdentifier="RESPONSE" shuffle="false" maxChoices="1">
<simpleChoice identifier="alt_639914">
<div class="textblock tvblock tvcss_1"><div class="rte_zone tveditor1">
 13
</div>
</div>
</simpleChoice>
<simpleChoice identifier="alt_861323">
<div class="textblock tvblock tvcss_1"><div class="rte_zone tveditor1">
 14.25
</div>
</div>
</simpleChoice>
<simpleChoice identifier="alt_111022">
<div class="textblock tvblock tvcss_1"><div class="rte_zone tveditor1">
 26
</div>
</div>
</simpleChoice>
</choiceInteraction>
</itemBody>
<responseProcessing>
<responseCondition>
<responseIf>
<isNull>
<variable identifier="RESPONSE"/>
</isNull>
<setOutcomeValue identifier="SCORE">
<baseValue baseType="float">0.0</baseValue>
</setOutcomeValue>
<setOutcomeValue identifier="FEEDBACK">
<baseValue baseType="identifier">FAILURE</baseValue>
</setOutcomeValue>
</responseIf>
<responseElse>
<setOutcomeValue identifier="SCORE">
<mapResponse identifier="RESPONSE"/>
</setOutcomeValue>
<responseCondition>
<responseIf>
<equal toleranceMode="relative" tolerance="0.001">
<variable identifier="SCORE"/>
<variable identifier="MAXSCORE"/>
</equal>
<setOutcomeValue identifier="FEEDBACK">
<baseValue baseType="identifier">ANSWER_CORRECT</baseValue>
</setOutcomeValue>
</responseIf>
<responseElse>
<setOutcomeValue identifier="FEEDBACK">
<baseValue baseType="identifier">FAILURE</baseValue>
</setOutcomeValue>
</responseElse>
</responseCondition>
</responseElse>
</responseCondition>
</responseProcessing>
<modalFeedback identifier="FAILURE" outcomeIdentifier="FEEDBACK" showHide="show">
<div class="textblock tvblock tvcss_1"><div class="rte_zone tveditor1">
<ul>
<li> 13 <br /> 13: Correct </li>
<li> 14.25 <br /> 14.25: Incorrect </li>
<li> 26 <br /> 26: Incorrect </li>
</ul>
</div>
</div>
</modalFeedback>
<modalFeedback identifier="ANSWER_CORRECT" outcomeIdentifier="FEEDBACK" showHide="show">
<div class="textblock tvblock tvcss_1"><div class="rte_zone tveditor1">
<ul>
<li> 13 <br /> 13: Correct </li>
<li> 14.25 <br /> 14.25: Incorrect </li>
<li> 26 <br /> 26: Incorrect </li>
</ul>
</div>
</div>
</modalFeedback>
<modalFeedback identifier="PARTIAL_CORRECT" outcomeIdentifier="FEEDBACK" showHide="show">
<div class="textblock tvblock tvcss_1"><div class="rte_zone tveditor1">
<ul>
<li> 13 <br /> 13: Correct </li>
<li> 14.25 <br /> 14.25: Incorrect </li>
<li> 26 <br /> 26: Incorrect </li>
</ul>
</div>
</div>
</modalFeedback>
</assessmentItem>
