<?xml version="1.0" encoding="UTF-8"?>
<assessmentItem xsi:schemaLocation="http://www.imsglobal.org/xsd/imsqti_v2p1 http://www.imsglobal.org/xsd/qti/qtiv2p1/imsqti_v2p1p1.xsd http://www.w3.org/1998/Math/MathML http://www.w3.org/Math/XMLSchema/mathml2/mathml2.xsd" identifier="uva-normal-1278-nl-ans_284444626_section_1_item_1_schoice" title="Distributions_uva-normal-1278-nl_uva-normal-1278-nl_schoice_1" adaptive="false" timeDependent="false" xmlns="http://www.imsglobal.org/xsd/imsqti_v2p1" xmlns:xsi="http://www.w3.org/2001/XMLSchema-instance">
<responseDeclaration identifier="uva-normal-1278-nl-ans_284444626_section_1_item_1_schoice_RESPONSE_1_7823895" cardinality="single" baseType="identifier">
<correctResponse>
<value>uva-normal-1278-nl-ans_284444626_section_1_item_1_schoice_1_2661349851</value>
</correctResponse>
<mapping defaultValue="0" lowerBound="0.0">
<mapEntry mapKey="uva-normal-1278-nl-ans_284444626_section_1_item_1_schoice_1_2661349851" mappedValue="1"/>
<mapEntry mapKey="uva-normal-1278-nl-ans_284444626_section_1_item_1_schoice_2_2961632004" mappedValue="0"/>
<mapEntry mapKey="uva-normal-1278-nl-ans_284444626_section_1_item_1_schoice_3_4353360828" mappedValue="0"/>
<mapEntry mapKey="uva-normal-1278-nl-ans_284444626_section_1_item_1_schoice_4_6626259365" mappedValue="0"/>
</mapping>
</responseDeclaration>
<outcomeDeclaration identifier="SCORE" cardinality="single" baseType="float" normalMaximum="1" normalMinimum="0">
<defaultValue>
<value>0.0</value>
</defaultValue>
</outcomeDeclaration>
<outcomeDeclaration identifier="MAXSCORE" cardinality="single" baseType="float">
<defaultValue>
<value>1</value>
</defaultValue>
</outcomeDeclaration>
<outcomeDeclaration identifier="FEEDBACKBASIC" cardinality="single" baseType="identifier" view="testConstructor">
<defaultValue>
<value>empty</value>
</defaultValue>
</outcomeDeclaration>
<outcomeDeclaration identifier="FEEDBACKMODAL" cardinality="multiple" baseType="identifier" view="testConstructor"/>
<outcomeDeclaration identifier="SOLUTIONMODAL" cardinality="single" baseType="identifier" view="testConstructor"/>
<outcomeDeclaration identifier="MINSCORE" cardinality="single" baseType="float">
<defaultValue>
<value baseType="float">0</value>
</defaultValue>
</outcomeDeclaration>
<outcomeDeclaration identifier="SCORE_RESPONSE_1" cardinality="single" baseType="float">
<defaultValue>
<value>0.0</value>
</defaultValue>
</outcomeDeclaration>
<outcomeDeclaration identifier="MINSCORE_RESPONSE_1" cardinality="single" baseType="float">
<defaultValue>
<value>0.0</value>
</defaultValue>
</outcomeDeclaration>
<itemBody>
<p>20% van de volwassenen in Nederland zakt voor hun rijexamen. Als je
aselect 60 volwassen Nederlanders kiest, beschrijf dan de vorm, het
centrum en de verspreiding van deze steekproefverdeling van het aantal
geslaagden:</p>
<choiceInteraction responseIdentifier="uva-normal-1278-nl-ans_284444626_section_1_item_1_schoice_RESPONSE_1_7823895" shuffle="false" maxChoices="1">
<simpleChoice identifier="uva-normal-1278-nl-ans_284444626_section_1_item_1_schoice_1_2661349851">
<p>
 Het is een normaalverdeling met gemiddelde 12 en standaardafwijking 1.
</p>
</simpleChoice>
<simpleChoice identifier="uva-normal-1278-nl-ans_284444626_section_1_item_1_schoice_2_2961632004">
<p>
 Het is een normaalverdeling met gemiddelde 12 en standaardafwijking 3,1.
</p>
</simpleChoice>
<simpleChoice identifier="uva-normal-1278-nl-ans_284444626_section_1_item_1_schoice_3_4353360828">
<p>
 Het is een normaalverdeling met gemiddelde 30 en standaardafwijking 2.
</p>
</simpleChoice>
<simpleChoice identifier="uva-normal-1278-nl-ans_284444626_section_1_item_1_schoice_4_6626259365">
<p>
 Het is een normaalverdeling met gemiddelde 30 en standaardafwijking 20.
</p>
</simpleChoice>
</choiceInteraction>
</itemBody>
<responseProcessing>
<setOutcomeValue identifier="SCORE_RESPONSE_1">
<sum>
<variable identifier="SCORE_RESPONSE_1"/>
<mapResponse identifier="uva-normal-1278-nl-ans_284444626_section_1_item_1_schoice_RESPONSE_1_7823895"/>
</sum>
</setOutcomeValue>
<responseCondition>
<responseIf>
<lt>
<variable identifier="SCORE_RESPONSE_1"/>
<variable identifier="MINSCORE_RESPONSE_1"/>
</lt>
<setOutcomeValue identifier="SCORE_RESPONSE_1">
<variable identifier="MINSCORE_RESPONSE_1"/>
</setOutcomeValue>
</responseIf>
</responseCondition>
<responseCondition>
<responseIf>
<isNull>
<variable identifier="uva-normal-1278-nl-ans_284444626_section_1_item_1_schoice_RESPONSE_1_7823895"/>
</isNull>
<setOutcomeValue identifier="SCORE_RESPONSE_1">
<sum>
<variable identifier="SCORE_RESPONSE_1"/>
<baseValue baseType="float">0</baseValue>
</sum>
</setOutcomeValue>
</responseIf>
</responseCondition>
<setOutcomeValue identifier="SCORE">
<sum>
<variable identifier="SCORE_RESPONSE_1"/>
</sum>
</setOutcomeValue>
<responseCondition>
<responseIf>
<lt>
<variable identifier="SCORE"/>
<variable identifier="MINSCORE"/>
</lt>
<setOutcomeValue identifier="SCORE">
<variable identifier="MINSCORE"/>
</setOutcomeValue>
</responseIf>
</responseCondition>
<responseCondition>
<responseIf>
<lt>
<variable identifier="SCORE"/>
<baseValue baseType="float">1</baseValue>
</lt>
<setOutcomeValue identifier="FEEDBACKMODAL">
<multiple>
<variable identifier="FEEDBACKMODAL"/>
<baseValue baseType="identifier">Feedback109975632</baseValue>
</multiple>
</setOutcomeValue>
</responseIf>
</responseCondition>
</responseProcessing>
<modalFeedback outcomeIdentifier="FEEDBACK" showHide="show" identifier="incorrect">
<ul>
<li> Het is een normaalverdeling met gemiddelde 12 en standaardafwijking 1. <br /> Het is een normaalverdeling met gemiddelde 12 en standaardafwijking 1.: Correct </li>
<li> Het is een normaalverdeling met gemiddelde 12 en standaardafwijking 3,1. <br /> Het is een normaalverdeling met gemiddelde 12 en standaardafwijking 3,1.: Incorrect </li>
<li> Het is een normaalverdeling met gemiddelde 30 en standaardafwijking 2. <br /> Het is een normaalverdeling met gemiddelde 30 en standaardafwijking 2.: Incorrect </li>
<li> Het is een normaalverdeling met gemiddelde 30 en standaardafwijking 20. <br /> Het is een normaalverdeling met gemiddelde 30 en standaardafwijking 20.: Incorrect </li>
</ul>
</modalFeedback>
</assessmentItem>
