<?xml version="1.0" encoding="UTF-8"?>
<!DOCTYPE questestinterop SYSTEM "ims_qtiasiv1p2p1.dtd">

<questestinterop xmlns="http://www.imsglobal.org/xsd/ims_qtiasiv1p2" xmlns:xsi="http://www.w3.org/2001/XMLSchema-instance" xsi:schemaLocation="http://www.imsglobal.org/xsd/ims_qtiasiv1p2 http://www.imsglobal.org/xsd/ims_qtiasiv1p2p1.xsd">
<assessment ident="vufgb-dummies-001-en-canvas_146090487" title="vufgb-dummies-001-en-canvas">

<qtimetadata>
<qtimetadatafield>
<fieldlabel>cc_maxattempts</fieldlabel>
<fieldentry>1</fieldentry>
</qtimetadatafield>
<qtimetadatafield>
<fieldlabel>qmd_assessmenttype</fieldlabel>
<fieldentry>Assessment</fieldentry>
</qtimetadatafield>
</qtimetadata>
<objectives>
<material>
<mattext><![CDATA[Please solve the following exercises.]]></mattext>
</material>
</objectives>
<assessmentcontrol feedbackswitch="No" hintswitch="No" solutionswitch="Yes"/>
<outcomes_processing scoremodel="SumOfScores">
<outcomes>
<decvar varname="SCORE" vartype="Decimal" cutvalue="0"/>
</outcomes>
</outcomes_processing>
<assessfeedback title="AssessmentFeedback" ident="AssessmentFeedback">
<flow_mat>
<material>
<mattext>##AssessmentFeedback##</mattext>
</material>
</flow_mat>
</assessfeedback>

<section ident="vufgb-dummies-001-en-canvas_146090487_section_1" title="Exercise">

<objectives>
<material>
<mattext><![CDATA[Please answer the following question.]]></mattext>
</material>
</objectives>
<selection_ordering>
<selection>
<selection_number>1</selection_number>
<selection_extension>
<points_per_item>1</points_per_item>
</selection_extension>
</selection>
<order order_type="Random"/>
</selection_ordering>

<item ident="vufgb-dummies-001-en-canvas_146090487_section_1_item_1_schoice" title="Question" maxattempts="1">
<itemcontrol feedbackswitch="No" hintswitch="No" solutionswitch="Yes"/>
<itemmetadata>
<qtimetadata>
<qtimetadatafield>
<fieldlabel>question_type</fieldlabel>
<fieldentry>multiple_choice_question</fieldentry>
</qtimetadatafield>
</qtimetadata>
</itemmetadata>
<presentation>
<flow>
<material>
<matbreak/>
<mattext texttype="text/html" charset="utf-8"><![CDATA[
<p>The following three group means are found: <span class="math inline">\(\bar{y}_1 = 12\)</span>, <span class="math inline">\(\bar{y}_2 = 8\)</span> and <span class="math inline">\(\bar{y}_3 = 10\)</span>. Group 3 is the reference category. We look at the corresponding estimated ANOVA model, but present it as a regression model with dummy variables. The formula is: <span class="math inline">\(\hat{y} = 10 + 2Z_1 - 2Z_2\)</span>. What would the estimated model look like if group 1 were chosen as the reference category?</p>
]]></mattext>
<matbreak/>
</material>
<response_lid ident="vufgb-dummies-001-en-canvas_146090487_section_1_item_1_schoice_RESPONSE_1651142" rcardinality="Single" rtiming="No">
<render_choice shuffle="No">
<flow_label class="List">
<response_label ident="vufgb-dummies-001-en-canvas_146090487_section_1_item_1_schoice_5571323946" rshuffle="No">
<material>
<mattext texttype="text/html" charset="utf-8"><![CDATA[
 <span class="math inline">\(\hat{y} = 10 - 2Z_1 + 2Z_2\)</span>
]]></mattext>
</material>
</response_label>
</flow_label>
<flow_label class="List">
<response_label ident="vufgb-dummies-001-en-canvas_146090487_section_1_item_1_schoice_6710077102" rshuffle="No">
<material>
<mattext texttype="text/html" charset="utf-8"><![CDATA[
 <span class="math inline">\(\hat{y} = 12 + 2Z_1 - 2Z_2\)</span>
]]></mattext>
</material>
</response_label>
</flow_label>
<flow_label class="List">
<response_label ident="vufgb-dummies-001-en-canvas_146090487_section_1_item_1_schoice_6079799729" rshuffle="No">
<material>
<mattext texttype="text/html" charset="utf-8"><![CDATA[
 <span class="math inline">\(\hat{y} = 12 - 2Z_1 + 2Z_2\)</span>
]]></mattext>
</material>
</response_label>
</flow_label>
<flow_label class="List">
<response_label ident="vufgb-dummies-001-en-canvas_146090487_section_1_item_1_schoice_4283697825" rshuffle="No">
<material>
<mattext texttype="text/html" charset="utf-8"><![CDATA[
 <span class="math inline">\(\hat{y} = 12 - 4Z_1 - 2Z_2\)</span>
]]></mattext>
</material>
</response_label>
</flow_label>
</render_choice>
</response_lid>
</flow>
</presentation>
<resprocessing>
<outcomes>
<decvar varname="SCORE" vartype="Decimal" defaultval="0" minvalue="0" maxvalue="1" cutvalue="1"/>
</outcomes>
<respcondition title="Mastery" continue="No">
<conditionvar>
<and>
<varequal respident="vufgb-dummies-001-en-canvas_146090487_section_1_item_1_schoice_RESPONSE_1651142" case="Yes">vufgb-dummies-001-en-canvas_146090487_section_1_item_1_schoice_4283697825</varequal>
<not> <varequal respident="vufgb-dummies-001-en-canvas_146090487_section_1_item_1_schoice_RESPONSE_1651142" case="Yes">vufgb-dummies-001-en-canvas_146090487_section_1_item_1_schoice_5571323946</varequal> </not>
<not> <varequal respident="vufgb-dummies-001-en-canvas_146090487_section_1_item_1_schoice_RESPONSE_1651142" case="Yes">vufgb-dummies-001-en-canvas_146090487_section_1_item_1_schoice_6710077102</varequal> </not>
<not> <varequal respident="vufgb-dummies-001-en-canvas_146090487_section_1_item_1_schoice_RESPONSE_1651142" case="Yes">vufgb-dummies-001-en-canvas_146090487_section_1_item_1_schoice_6079799729</varequal> </not>
</and>
</conditionvar>
<setvar varname="SCORE" action="Set">1</setvar>
<displayfeedback feedbacktype="Response" linkrefid="correct_fb"/>
</respcondition>
<respcondition continue="Yes">
<conditionvar>
<other/>
</conditionvar>
<displayfeedback feedbacktype="Response" linkrefid="general_incorrect_fb"/>
</respcondition>
</resprocessing>
<itemfeedback ident="correct_fb" view="All">
<flow_mat>
<material>
<mattext texttype="text/html"><![CDATA[

]]></mattext>
</material>
</flow_mat>
</itemfeedback>
<itemfeedback ident="general_incorrect_fb" view="All">
<flow_mat>
<material>
<mattext texttype="text/html"><![CDATA[

]]></mattext>
</material>
</flow_mat>
</itemfeedback>
</item>


</section>

</assessment>
</questestinterop>
