<?xml version="1.0" encoding="utf-8" standalone="yes"?>
<assessmentItem identifier="vufgb-equation-013-nl-tv_202406101042_item_1_schoice" title="vufgb-equation-013-nl-tv_202406101042_item_1_schoice_vufgb-equation-013-nl" adaptive="false" timeDependent="false" toolName="Testvision Online" toolVersion="39.0.9084" xmlns="http://www.imsglobal.org/xsd/imsqti_v2p1">
<responseDeclaration identifier="RESPONSE" cardinality="single" baseType="identifier">
<correctResponse>
<value>alt_372950</value>
</correctResponse>
<mapping defaultValue="0" lowerBound="0.0">
<mapEntry mapKey="alt_965497" mappedValue="-0.333333333333333"/>
<mapEntry mapKey="alt_280850" mappedValue="-0.333333333333333"/>
<mapEntry mapKey="alt_116221" mappedValue="-0.333333333333333"/>
<mapEntry mapKey="alt_372950" mappedValue="1"/>
</mapping>
</responseDeclaration>
<outcomeDeclaration identifier="SCORE" cardinality="single" baseType="float" normalMaximum="1" normalMinimum="0" />
<outcomeDeclaration identifier="FEEDBACK" cardinality="single" baseType="identifier" />
<itemBody>
<p>Zie onderstaande tabel. Bepaal de regressielijn van y op x als al bekend is dat de gemiddelden 6.50 en 8.75 zijn, en de correlatie tussen x en y 0.52 is.</p>
<p><img src="mediafiles/supplements1/vufgb-equation-013-nl-table01.jpg" alt="image"/></p>
<choiceInteraction responseIdentifier="RESPONSE" shuffle="false" maxChoices="1">
<simpleChoice identifier="alt_965497">
<div class="textblock tvblock tvcss_1"><div class="rte_zone tveditor1">
 <math display="inline" xmlns="http://www.w3.org/1998/Math/MathML"><semantics><mrow><mover><mi>y</mi><mo accent="true">̂</mo></mover><mo>=</mo><mn>0.50</mn><mo>+</mo><mn>5.50</mn><mi>x</mi></mrow><annotation encoding="application/x-tex">\hat{y} = 0.50+5.50x</annotation></semantics></math>
</div>
</div>
</simpleChoice>
<simpleChoice identifier="alt_280850">
<div class="textblock tvblock tvcss_1"><div class="rte_zone tveditor1">
 <math display="inline" xmlns="http://www.w3.org/1998/Math/MathML"><semantics><mrow><mover><mi>y</mi><mo accent="true">̂</mo></mover><mo>=</mo><mn>1.73</mn><mo>+</mo><mn>0.55</mn><mi>x</mi></mrow><annotation encoding="application/x-tex">\hat{y} = 1.73+0.55x</annotation></semantics></math>
</div>
</div>
</simpleChoice>
<simpleChoice identifier="alt_116221">
<div class="textblock tvblock tvcss_1"><div class="rte_zone tveditor1">
 <math display="inline" xmlns="http://www.w3.org/1998/Math/MathML"><semantics><mrow><mover><mi>y</mi><mo accent="true">̂</mo></mover><mo>=</mo><mn>0.55</mn><mo>+</mo><mn>1.73</mn><mi>x</mi></mrow><annotation encoding="application/x-tex">\hat{y} = 0.55+1.73x</annotation></semantics></math>
</div>
</div>
</simpleChoice>
<simpleChoice identifier="alt_372950">
<div class="textblock tvblock tvcss_1"><div class="rte_zone tveditor1">
 <math display="inline" xmlns="http://www.w3.org/1998/Math/MathML"><semantics><mrow><mover><mi>y</mi><mo accent="true">̂</mo></mover><mo>=</mo><mn>5.50</mn><mo>+</mo><mn>0.50</mn><mi>x</mi></mrow><annotation encoding="application/x-tex">\hat{y} = 5.50+0.50x</annotation></semantics></math>
</div>
</div>
</simpleChoice>
</choiceInteraction>
</itemBody>
<responseProcessing>
<responseCondition>
<responseIf>
<isNull>
<variable identifier="RESPONSE"/>
</isNull>
<setOutcomeValue identifier="SCORE">
<baseValue baseType="float">0.0</baseValue>
</setOutcomeValue>
<setOutcomeValue identifier="FEEDBACK">
<baseValue baseType="identifier">FAILURE</baseValue>
</setOutcomeValue>
</responseIf>
<responseElse>
<setOutcomeValue identifier="SCORE">
<mapResponse identifier="RESPONSE"/>
</setOutcomeValue>
<responseCondition>
<responseIf>
<equal toleranceMode="relative" tolerance="0.001">
<variable identifier="SCORE"/>
<variable identifier="MAXSCORE"/>
</equal>
<setOutcomeValue identifier="FEEDBACK">
<baseValue baseType="identifier">ANSWER_CORRECT</baseValue>
</setOutcomeValue>
</responseIf>
<responseElse>
<setOutcomeValue identifier="FEEDBACK">
<baseValue baseType="identifier">FAILURE</baseValue>
</setOutcomeValue>
</responseElse>
</responseCondition>
</responseElse>
</responseCondition>
</responseProcessing>
<modalFeedback identifier="FAILURE" outcomeIdentifier="FEEDBACK" showHide="show">
<div class="textblock tvblock tvcss_1"><div class="rte_zone tveditor1">
<ul>
<li> <math display="inline" xmlns="http://www.w3.org/1998/Math/MathML"><semantics><mrow><mover><mi>y</mi><mo accent="true">̂</mo></mover><mo>=</mo><mn>0.50</mn><mo>+</mo><mn>5.50</mn><mi>x</mi></mrow><annotation encoding="application/x-tex">\hat{y} = 0.50+5.50x</annotation></semantics></math> <br /> Incorrect </li>
<li> <math display="inline" xmlns="http://www.w3.org/1998/Math/MathML"><semantics><mrow><mover><mi>y</mi><mo accent="true">̂</mo></mover><mo>=</mo><mn>1.73</mn><mo>+</mo><mn>0.55</mn><mi>x</mi></mrow><annotation encoding="application/x-tex">\hat{y} = 1.73+0.55x</annotation></semantics></math> <br /> Incorrect </li>
<li> <math display="inline" xmlns="http://www.w3.org/1998/Math/MathML"><semantics><mrow><mover><mi>y</mi><mo accent="true">̂</mo></mover><mo>=</mo><mn>0.55</mn><mo>+</mo><mn>1.73</mn><mi>x</mi></mrow><annotation encoding="application/x-tex">\hat{y} = 0.55+1.73x</annotation></semantics></math> <br /> Incorrect </li>
<li> <math display="inline" xmlns="http://www.w3.org/1998/Math/MathML"><semantics><mrow><mover><mi>y</mi><mo accent="true">̂</mo></mover><mo>=</mo><mn>5.50</mn><mo>+</mo><mn>0.50</mn><mi>x</mi></mrow><annotation encoding="application/x-tex">\hat{y} = 5.50+0.50x</annotation></semantics></math> <br /> Correct </li>
</ul>
</div>
</div>
</modalFeedback>
<modalFeedback identifier="ANSWER_CORRECT" outcomeIdentifier="FEEDBACK" showHide="show">
<div class="textblock tvblock tvcss_1"><div class="rte_zone tveditor1">
<ul>
<li> <math display="inline" xmlns="http://www.w3.org/1998/Math/MathML"><semantics><mrow><mover><mi>y</mi><mo accent="true">̂</mo></mover><mo>=</mo><mn>0.50</mn><mo>+</mo><mn>5.50</mn><mi>x</mi></mrow><annotation encoding="application/x-tex">\hat{y} = 0.50+5.50x</annotation></semantics></math> <br /> Incorrect </li>
<li> <math display="inline" xmlns="http://www.w3.org/1998/Math/MathML"><semantics><mrow><mover><mi>y</mi><mo accent="true">̂</mo></mover><mo>=</mo><mn>1.73</mn><mo>+</mo><mn>0.55</mn><mi>x</mi></mrow><annotation encoding="application/x-tex">\hat{y} = 1.73+0.55x</annotation></semantics></math> <br /> Incorrect </li>
<li> <math display="inline" xmlns="http://www.w3.org/1998/Math/MathML"><semantics><mrow><mover><mi>y</mi><mo accent="true">̂</mo></mover><mo>=</mo><mn>0.55</mn><mo>+</mo><mn>1.73</mn><mi>x</mi></mrow><annotation encoding="application/x-tex">\hat{y} = 0.55+1.73x</annotation></semantics></math> <br /> Incorrect </li>
<li> <math display="inline" xmlns="http://www.w3.org/1998/Math/MathML"><semantics><mrow><mover><mi>y</mi><mo accent="true">̂</mo></mover><mo>=</mo><mn>5.50</mn><mo>+</mo><mn>0.50</mn><mi>x</mi></mrow><annotation encoding="application/x-tex">\hat{y} = 5.50+0.50x</annotation></semantics></math> <br /> Correct </li>
</ul>
</div>
</div>
</modalFeedback>
<modalFeedback identifier="PARTIAL_CORRECT" outcomeIdentifier="FEEDBACK" showHide="show">
<div class="textblock tvblock tvcss_1"><div class="rte_zone tveditor1">
<ul>
<li> <math display="inline" xmlns="http://www.w3.org/1998/Math/MathML"><semantics><mrow><mover><mi>y</mi><mo accent="true">̂</mo></mover><mo>=</mo><mn>0.50</mn><mo>+</mo><mn>5.50</mn><mi>x</mi></mrow><annotation encoding="application/x-tex">\hat{y} = 0.50+5.50x</annotation></semantics></math> <br /> Incorrect </li>
<li> <math display="inline" xmlns="http://www.w3.org/1998/Math/MathML"><semantics><mrow><mover><mi>y</mi><mo accent="true">̂</mo></mover><mo>=</mo><mn>1.73</mn><mo>+</mo><mn>0.55</mn><mi>x</mi></mrow><annotation encoding="application/x-tex">\hat{y} = 1.73+0.55x</annotation></semantics></math> <br /> Incorrect </li>
<li> <math display="inline" xmlns="http://www.w3.org/1998/Math/MathML"><semantics><mrow><mover><mi>y</mi><mo accent="true">̂</mo></mover><mo>=</mo><mn>0.55</mn><mo>+</mo><mn>1.73</mn><mi>x</mi></mrow><annotation encoding="application/x-tex">\hat{y} = 0.55+1.73x</annotation></semantics></math> <br /> Incorrect </li>
<li> <math display="inline" xmlns="http://www.w3.org/1998/Math/MathML"><semantics><mrow><mover><mi>y</mi><mo accent="true">̂</mo></mover><mo>=</mo><mn>5.50</mn><mo>+</mo><mn>0.50</mn><mi>x</mi></mrow><annotation encoding="application/x-tex">\hat{y} = 5.50+0.50x</annotation></semantics></math> <br /> Correct </li>
</ul>
</div>
</div>
</modalFeedback>
</assessmentItem>
