<?xml version="1.0" encoding="utf-8" standalone="yes"?>
<assessmentItem identifier="uva-graphs-1388-nl-tv_202601131820_item_1_schoice" title="uva-graphs-1388-nl-tv_202601131820_item_1_schoice_uva-graphs-1388-nl" adaptive="false" timeDependent="false" toolName="Testvision Online" toolVersion="39.0.9084" xmlns="http://www.imsglobal.org/xsd/imsqti_v2p1">
<responseDeclaration identifier="RESPONSE" cardinality="single" baseType="identifier">
<correctResponse>
<value>alt_363509</value>
</correctResponse>
<mapping defaultValue="0" lowerBound="0.0">
<mapEntry mapKey="alt_757560" mappedValue="-0.333333333333333"/>
<mapEntry mapKey="alt_336434" mappedValue="-0.333333333333333"/>
<mapEntry mapKey="alt_513602" mappedValue="-0.333333333333333"/>
<mapEntry mapKey="alt_363509" mappedValue="1"/>
</mapping>
</responseDeclaration>
<outcomeDeclaration identifier="SCORE" cardinality="single" baseType="float" normalMaximum="1" normalMinimum="0" />
<outcomeDeclaration identifier="FEEDBACK" cardinality="single" baseType="identifier" />
<stylesheet href="css/uva-graphs-1388-nl-tv_202601131820_item_1_schoice.css" type="text/css" />
<itemBody>
<p>Vetpercentage kan geschat worden met behulp van (de logaritme van) de
som van de huidplooidiktes van biceps en triceps.<br />
Bijgaand is een spreidingsdiagram waarin deze beide variabelen tegen
elkaar staan uitgezet.<br />
Hoe ziet de boxpot van alleen de variabele vetpercentage eruit?</p>
<p><img src="mediafiles/supplements1/uva-graphs-1388-nl-graph01.png" alt="image"/></p>
<choiceInteraction responseIdentifier="RESPONSE" shuffle="false" maxChoices="1">
<simpleChoice identifier="alt_757560">
<div class="textblock tvblock tvcss_1"><div class="rte_zone tveditor1">
 A
</div>
</div>
</simpleChoice>
<simpleChoice identifier="alt_336434">
<div class="textblock tvblock tvcss_1"><div class="rte_zone tveditor1">
 B
</div>
</div>
</simpleChoice>
<simpleChoice identifier="alt_513602">
<div class="textblock tvblock tvcss_1"><div class="rte_zone tveditor1">
 C
</div>
</div>
</simpleChoice>
<simpleChoice identifier="alt_363509">
<div class="textblock tvblock tvcss_1"><div class="rte_zone tveditor1">
 D
</div>
</div>
</simpleChoice>
</choiceInteraction>
</itemBody>
<responseProcessing>
<responseCondition>
<responseIf>
<isNull>
<variable identifier="RESPONSE"/>
</isNull>
<setOutcomeValue identifier="SCORE">
<baseValue baseType="float">0.0</baseValue>
</setOutcomeValue>
<setOutcomeValue identifier="FEEDBACK">
<baseValue baseType="identifier">FAILURE</baseValue>
</setOutcomeValue>
</responseIf>
<responseElse>
<setOutcomeValue identifier="SCORE">
<mapResponse identifier="RESPONSE"/>
</setOutcomeValue>
<responseCondition>
<responseIf>
<equal toleranceMode="relative" tolerance="0.001">
<variable identifier="SCORE"/>
<variable identifier="MAXSCORE"/>
</equal>
<setOutcomeValue identifier="FEEDBACK">
<baseValue baseType="identifier">ANSWER_CORRECT</baseValue>
</setOutcomeValue>
</responseIf>
<responseElse>
<setOutcomeValue identifier="FEEDBACK">
<baseValue baseType="identifier">FAILURE</baseValue>
</setOutcomeValue>
</responseElse>
</responseCondition>
</responseElse>
</responseCondition>
</responseProcessing>
<modalFeedback identifier="FAILURE" outcomeIdentifier="FEEDBACK" showHide="show">
<div class="textblock tvblock tvcss_1"><div class="rte_zone tveditor1">
<ul>
<li> A <br /> A: Incorrect </li>
<li> B <br /> B: Incorrect </li>
<li> C <br /> C: Incorrect </li>
<li> D <br /> D: Correct </li>
</ul>
</div>
</div>
</modalFeedback>
<modalFeedback identifier="ANSWER_CORRECT" outcomeIdentifier="FEEDBACK" showHide="show">
<div class="textblock tvblock tvcss_1"><div class="rte_zone tveditor1">
<ul>
<li> A <br /> A: Incorrect </li>
<li> B <br /> B: Incorrect </li>
<li> C <br /> C: Incorrect </li>
<li> D <br /> D: Correct </li>
</ul>
</div>
</div>
</modalFeedback>
<modalFeedback identifier="PARTIAL_CORRECT" outcomeIdentifier="FEEDBACK" showHide="show">
<div class="textblock tvblock tvcss_1"><div class="rte_zone tveditor1">
<ul>
<li> A <br /> A: Incorrect </li>
<li> B <br /> B: Incorrect </li>
<li> C <br /> C: Incorrect </li>
<li> D <br /> D: Correct </li>
</ul>
</div>
</div>
</modalFeedback>
</assessmentItem>
