<?xml version="1.0" encoding="utf-8" standalone="yes"?>
<assessmentItem identifier="uva-mean-444-en-tv_202601131820_item_1_schoice" title="uva-mean-444-en-tv_202601131820_item_1_schoice_uva-mean-444-en" adaptive="false" timeDependent="false" toolName="Testvision Online" toolVersion="39.0.9084" xmlns="http://www.imsglobal.org/xsd/imsqti_v2p1">
<responseDeclaration identifier="RESPONSE" cardinality="single" baseType="identifier">
<correctResponse>
<value>alt_114195</value>
</correctResponse>
<mapping defaultValue="0" lowerBound="0.0">
<mapEntry mapKey="alt_103728" mappedValue="-0.333333333333333"/>
<mapEntry mapKey="alt_114195" mappedValue="1"/>
<mapEntry mapKey="alt_595019" mappedValue="-0.333333333333333"/>
<mapEntry mapKey="alt_593047" mappedValue="-0.333333333333333"/>
</mapping>
</responseDeclaration>
<outcomeDeclaration identifier="SCORE" cardinality="single" baseType="float" normalMaximum="1" normalMinimum="0" />
<outcomeDeclaration identifier="FEEDBACK" cardinality="single" baseType="identifier" />
<stylesheet href="css/uva-mean-444-en-tv_202601131820_item_1_schoice.css" type="text/css" />
<itemBody>
<p>Given the following 16 outcomes of a sampling: 21, 26, 18, 17, 24, 33, 37, 30, 24, 28, 24, 31, 35, 29, 18, 21. The median of these 16 numbers is equal to</p>
<choiceInteraction responseIdentifier="RESPONSE" shuffle="false" maxChoices="1">
<simpleChoice identifier="alt_103728">
<div class="textblock tvblock tvcss_1"><div class="rte_zone tveditor1">
 24
</div>
</div>
</simpleChoice>
<simpleChoice identifier="alt_114195">
<div class="textblock tvblock tvcss_1"><div class="rte_zone tveditor1">
 25
</div>
</div>
</simpleChoice>
<simpleChoice identifier="alt_595019">
<div class="textblock tvblock tvcss_1"><div class="rte_zone tveditor1">
 26
</div>
</div>
</simpleChoice>
<simpleChoice identifier="alt_593047">
<div class="textblock tvblock tvcss_1"><div class="rte_zone tveditor1">
 27
</div>
</div>
</simpleChoice>
</choiceInteraction>
</itemBody>
<responseProcessing>
<responseCondition>
<responseIf>
<isNull>
<variable identifier="RESPONSE"/>
</isNull>
<setOutcomeValue identifier="SCORE">
<baseValue baseType="float">0.0</baseValue>
</setOutcomeValue>
<setOutcomeValue identifier="FEEDBACK">
<baseValue baseType="identifier">FAILURE</baseValue>
</setOutcomeValue>
</responseIf>
<responseElse>
<setOutcomeValue identifier="SCORE">
<mapResponse identifier="RESPONSE"/>
</setOutcomeValue>
<responseCondition>
<responseIf>
<equal toleranceMode="relative" tolerance="0.001">
<variable identifier="SCORE"/>
<variable identifier="MAXSCORE"/>
</equal>
<setOutcomeValue identifier="FEEDBACK">
<baseValue baseType="identifier">ANSWER_CORRECT</baseValue>
</setOutcomeValue>
</responseIf>
<responseElse>
<setOutcomeValue identifier="FEEDBACK">
<baseValue baseType="identifier">FAILURE</baseValue>
</setOutcomeValue>
</responseElse>
</responseCondition>
</responseElse>
</responseCondition>
</responseProcessing>
<modalFeedback identifier="FAILURE" outcomeIdentifier="FEEDBACK" showHide="show">
<div class="textblock tvblock tvcss_1"><div class="rte_zone tveditor1">
<ul>
<li> 24 <br /> 24: Incorrect </li>
<li> 25 <br /> 25: Correct </li>
<li> 26 <br /> 26: Incorrect </li>
<li> 27 <br /> 27: Incorrect </li>
</ul>
</div>
</div>
</modalFeedback>
<modalFeedback identifier="ANSWER_CORRECT" outcomeIdentifier="FEEDBACK" showHide="show">
<div class="textblock tvblock tvcss_1"><div class="rte_zone tveditor1">
<ul>
<li> 24 <br /> 24: Incorrect </li>
<li> 25 <br /> 25: Correct </li>
<li> 26 <br /> 26: Incorrect </li>
<li> 27 <br /> 27: Incorrect </li>
</ul>
</div>
</div>
</modalFeedback>
<modalFeedback identifier="PARTIAL_CORRECT" outcomeIdentifier="FEEDBACK" showHide="show">
<div class="textblock tvblock tvcss_1"><div class="rte_zone tveditor1">
<ul>
<li> 24 <br /> 24: Incorrect </li>
<li> 25 <br /> 25: Correct </li>
<li> 26 <br /> 26: Incorrect </li>
<li> 27 <br /> 27: Incorrect </li>
</ul>
</div>
</div>
</modalFeedback>
</assessmentItem>
