<?xml version="1.0" encoding="UTF-8"?>
<!DOCTYPE questestinterop SYSTEM "ims_qtiasiv1p2p1.dtd">

<questestinterop xmlns="http://www.imsglobal.org/xsd/ims_qtiasiv1p2" xmlns:xsi="http://www.w3.org/2001/XMLSchema-instance" xsi:schemaLocation="http://www.imsglobal.org/xsd/ims_qtiasiv1p2 http://www.imsglobal.org/xsd/ims_qtiasiv1p2p1.xsd">
<assessment ident="uva-conditional-probability-770-nl-canvas_468999172" title="uva-conditional-probability-770-nl-canvas">

<qtimetadata>
<qtimetadatafield>
<fieldlabel>cc_maxattempts</fieldlabel>
<fieldentry>1</fieldentry>
</qtimetadatafield>
<qtimetadatafield>
<fieldlabel>qmd_assessmenttype</fieldlabel>
<fieldentry>Assessment</fieldentry>
</qtimetadatafield>
</qtimetadata>
<objectives>
<material>
<mattext><![CDATA[Please solve the following exercises.]]></mattext>
</material>
</objectives>
<assessmentcontrol feedbackswitch="No" hintswitch="No" solutionswitch="Yes"/>
<outcomes_processing scoremodel="SumOfScores">
<outcomes>
<decvar varname="SCORE" vartype="Decimal" cutvalue="0"/>
</outcomes>
</outcomes_processing>
<assessfeedback title="AssessmentFeedback" ident="AssessmentFeedback">
<flow_mat>
<material>
<mattext>##AssessmentFeedback##</mattext>
</material>
</flow_mat>
</assessfeedback>

<section ident="uva-conditional-probability-770-nl-canvas_468999172_section_1" title="Exercise">

<objectives>
<material>
<mattext><![CDATA[Please answer the following question.]]></mattext>
</material>
</objectives>
<selection_ordering>
<selection>
<selection_number>1</selection_number>
<selection_extension>
<points_per_item>1</points_per_item>
</selection_extension>
</selection>
<order order_type="Random"/>
</selection_ordering>

<item ident="uva-conditional-probability-770-nl-canvas_468999172_section_1_item_1_schoice" title="Question" maxattempts="1">
<itemcontrol feedbackswitch="No" hintswitch="No" solutionswitch="Yes"/>
<itemmetadata>
<qtimetadata>
<qtimetadatafield>
<fieldlabel>question_type</fieldlabel>
<fieldentry>multiple_choice_question</fieldentry>
</qtimetadatafield>
</qtimetadata>
</itemmetadata>
<presentation>
<flow>
<material>
<matbreak/>
<mattext texttype="text/html" charset="utf-8"><![CDATA[
<p>Van een groep ondervraagden draagt 20% een bril en rijdt geregeld (vaker
dan drie keer per week) auto, 40% draagt een bril maar rijdt niet
geregeld auto, 30% heeft geen bril maar rijdt wel geregeld auto en 10%
draagt geen bril en rijdt niet geregeld auto. Wat is de kans dat een
willekeurig getrokken persoon auto rijdt gegeven dat deze persoon een
bril draagt, met andere woorden, wat is de kans P(auto=ja|bril=ja)?</p>
]]></mattext>
<matbreak/>
</material>
<response_lid ident="uva-conditional-probability-770-nl-canvas_468999172_section_1_item_1_schoice_RESPONSE_8596434" rcardinality="Single" rtiming="No">
<render_choice shuffle="No">
<flow_label class="List">
<response_label ident="uva-conditional-probability-770-nl-canvas_468999172_section_1_item_1_schoice_2629536883" rshuffle="No">
<material>
<mattext texttype="text/html" charset="utf-8"><![CDATA[
 0.2
]]></mattext>
</material>
</response_label>
</flow_label>
<flow_label class="List">
<response_label ident="uva-conditional-probability-770-nl-canvas_468999172_section_1_item_1_schoice_9521574747" rshuffle="No">
<material>
<mattext texttype="text/html" charset="utf-8"><![CDATA[
 0.33
]]></mattext>
</material>
</response_label>
</flow_label>
<flow_label class="List">
<response_label ident="uva-conditional-probability-770-nl-canvas_468999172_section_1_item_1_schoice_3768389948" rshuffle="No">
<material>
<mattext texttype="text/html" charset="utf-8"><![CDATA[
 0,67
]]></mattext>
</material>
</response_label>
</flow_label>
</render_choice>
</response_lid>
</flow>
</presentation>
<resprocessing>
<outcomes>
<decvar varname="SCORE" vartype="Decimal" defaultval="0" minvalue="0" maxvalue="1" cutvalue="1"/>
</outcomes>
<respcondition title="Mastery" continue="No">
<conditionvar>
<and>
<varequal respident="uva-conditional-probability-770-nl-canvas_468999172_section_1_item_1_schoice_RESPONSE_8596434" case="Yes">uva-conditional-probability-770-nl-canvas_468999172_section_1_item_1_schoice_9521574747</varequal>
<not> <varequal respident="uva-conditional-probability-770-nl-canvas_468999172_section_1_item_1_schoice_RESPONSE_8596434" case="Yes">uva-conditional-probability-770-nl-canvas_468999172_section_1_item_1_schoice_2629536883</varequal> </not>
<not> <varequal respident="uva-conditional-probability-770-nl-canvas_468999172_section_1_item_1_schoice_RESPONSE_8596434" case="Yes">uva-conditional-probability-770-nl-canvas_468999172_section_1_item_1_schoice_3768389948</varequal> </not>
</and>
</conditionvar>
<setvar varname="SCORE" action="Set">1</setvar>
<displayfeedback feedbacktype="Response" linkrefid="correct_fb"/>
</respcondition>
<respcondition continue="Yes">
<conditionvar>
<other/>
</conditionvar>
<displayfeedback feedbacktype="Response" linkrefid="general_incorrect_fb"/>
</respcondition>
</resprocessing>
<itemfeedback ident="correct_fb" view="All">
<flow_mat>
<material>
<mattext texttype="text/html"><![CDATA[
<ul>
<li> 0.2 <br /> 0.2: Incorrect </li>
<li> 0.33 <br /> 0.33: Correct </li>
<li> 0,67 <br /> 0,67: Incorrect </li>
</ul>
]]></mattext>
</material>
</flow_mat>
</itemfeedback>
<itemfeedback ident="general_incorrect_fb" view="All">
<flow_mat>
<material>
<mattext texttype="text/html"><![CDATA[
<ul>
<li> 0.2 <br /> 0.2: Incorrect </li>
<li> 0.33 <br /> 0.33: Correct </li>
<li> 0,67 <br /> 0,67: Incorrect </li>
</ul>
]]></mattext>
</material>
</flow_mat>
</itemfeedback>
</item>


</section>

</assessment>
</questestinterop>
