<?xml version="1.0" encoding="UTF-8"?>
<assessmentItem xsi:schemaLocation="http://www.imsglobal.org/xsd/imsqti_v2p1 http://www.imsglobal.org/xsd/qti/qtiv2p1/imsqti_v2p1p1.xsd http://www.w3.org/1998/Math/MathML http://www.w3.org/Math/XMLSchema/mathml2/mathml2.xsd" identifier="uu-Multiple-linear-regression-818-nl-qti_571488824_section_1_item_1_schoice" title="1" adaptive="false" timeDependent="false" xmlns="http://www.imsglobal.org/xsd/imsqti_v2p1" xmlns:xsi="http://www.w3.org/2001/XMLSchema-instance">
<responseDeclaration identifier="uu-Multiple-linear-regression-818-nl-qti_571488824_section_1_item_1_schoice_RESPONSE_1_2581500" cardinality="single" baseType="identifier">
<correctResponse>
<value>uu-Multiple-linear-regression-818-nl-qti_571488824_section_1_item_1_schoice_4_4745541622</value>
</correctResponse>
<mapping defaultValue="0" lowerBound="0.0">
<mapEntry mapKey="uu-Multiple-linear-regression-818-nl-qti_571488824_section_1_item_1_schoice_1_1176417093" mappedValue="0"/>
<mapEntry mapKey="uu-Multiple-linear-regression-818-nl-qti_571488824_section_1_item_1_schoice_2_1883729860" mappedValue="0"/>
<mapEntry mapKey="uu-Multiple-linear-regression-818-nl-qti_571488824_section_1_item_1_schoice_3_1025775332" mappedValue="0"/>
<mapEntry mapKey="uu-Multiple-linear-regression-818-nl-qti_571488824_section_1_item_1_schoice_4_4745541622" mappedValue="1"/>
</mapping>
</responseDeclaration>
<outcomeDeclaration identifier="SCORE" cardinality="single" baseType="float" normalMaximum="1" normalMinimum="0">
<defaultValue>
<value>0.0</value>
</defaultValue>
</outcomeDeclaration>
<outcomeDeclaration identifier="MAXSCORE" cardinality="single" baseType="float">
<defaultValue>
<value>1</value>
</defaultValue>
</outcomeDeclaration>
<outcomeDeclaration identifier="FEEDBACKBASIC" cardinality="single" baseType="identifier" view="testConstructor">
<defaultValue>
<value>empty</value>
</defaultValue>
</outcomeDeclaration>
<outcomeDeclaration identifier="FEEDBACKMODAL" cardinality="multiple" baseType="identifier" view="testConstructor"/>
<outcomeDeclaration identifier="SOLUTIONMODAL" cardinality="single" baseType="identifier" view="testConstructor"/>
<outcomeDeclaration identifier="MINSCORE" cardinality="single" baseType="float">
<defaultValue>
<value baseType="float">0</value>
</defaultValue>
</outcomeDeclaration>
<outcomeDeclaration identifier="SCORE_RESPONSE_1" cardinality="single" baseType="float">
<defaultValue>
<value>0.0</value>
</defaultValue>
</outcomeDeclaration>
<outcomeDeclaration identifier="MINSCORE_RESPONSE_1" cardinality="single" baseType="float">
<defaultValue>
<value>0.0</value>
</defaultValue>
</outcomeDeclaration>
<itemBody>
<p>Er is een regressiemodel gebruikt om het inkomen onder Nederlandse volwassenen te voorspellen op basis van de volgende voorspellers: I. Opleidingsniveau (3 categorieën): (a) alleen middelbare school, (b) universitair diploma, en (c) doctoraal diploma II. Leeftijd (in jaren) III. Geslacht</p>
<p>Hoeveel voorspellers heb je nodig in je multiple regressiemodel om inkomen te voorspellen zonder interacties (tel het intercept niet mee in je antwoord)?</p>
<choiceInteraction responseIdentifier="uu-Multiple-linear-regression-818-nl-qti_571488824_section_1_item_1_schoice_RESPONSE_1_2581500" shuffle="false" maxChoices="1">
<simpleChoice identifier="uu-Multiple-linear-regression-818-nl-qti_571488824_section_1_item_1_schoice_1_1176417093">
<p>
 6
</p>
</simpleChoice>
<simpleChoice identifier="uu-Multiple-linear-regression-818-nl-qti_571488824_section_1_item_1_schoice_2_1883729860">
<p>
 3
</p>
</simpleChoice>
<simpleChoice identifier="uu-Multiple-linear-regression-818-nl-qti_571488824_section_1_item_1_schoice_3_1025775332">
<p>
 5
</p>
</simpleChoice>
<simpleChoice identifier="uu-Multiple-linear-regression-818-nl-qti_571488824_section_1_item_1_schoice_4_4745541622">
<p>
 4
</p>
</simpleChoice>
</choiceInteraction>
</itemBody>
<responseProcessing>
<setOutcomeValue identifier="SCORE_RESPONSE_1">
<sum>
<variable identifier="SCORE_RESPONSE_1"/>
<mapResponse identifier="uu-Multiple-linear-regression-818-nl-qti_571488824_section_1_item_1_schoice_RESPONSE_1_2581500"/>
</sum>
</setOutcomeValue>
<responseCondition>
<responseIf>
<lt>
<variable identifier="SCORE_RESPONSE_1"/>
<variable identifier="MINSCORE_RESPONSE_1"/>
</lt>
<setOutcomeValue identifier="SCORE_RESPONSE_1">
<variable identifier="MINSCORE_RESPONSE_1"/>
</setOutcomeValue>
</responseIf>
</responseCondition>
<responseCondition>
<responseIf>
<isNull>
<variable identifier="uu-Multiple-linear-regression-818-nl-qti_571488824_section_1_item_1_schoice_RESPONSE_1_2581500"/>
</isNull>
<setOutcomeValue identifier="SCORE_RESPONSE_1">
<sum>
<variable identifier="SCORE_RESPONSE_1"/>
<baseValue baseType="float">0</baseValue>
</sum>
</setOutcomeValue>
</responseIf>
</responseCondition>
<setOutcomeValue identifier="SCORE">
<sum>
<variable identifier="SCORE_RESPONSE_1"/>
</sum>
</setOutcomeValue>
<responseCondition>
<responseIf>
<lt>
<variable identifier="SCORE"/>
<variable identifier="MINSCORE"/>
</lt>
<setOutcomeValue identifier="SCORE">
<variable identifier="MINSCORE"/>
</setOutcomeValue>
</responseIf>
</responseCondition>
<responseCondition>
<responseIf>
<lt>
<variable identifier="SCORE"/>
<baseValue baseType="float">1</baseValue>
</lt>
<setOutcomeValue identifier="FEEDBACKMODAL">
<multiple>
<variable identifier="FEEDBACKMODAL"/>
<baseValue baseType="identifier">Feedback284175248</baseValue>
</multiple>
</setOutcomeValue>
</responseIf>
</responseCondition>
</responseProcessing>
<modalFeedback identifier="Feedback284175248" outcomeIdentifier="FEEDBACKMODAL" showHide="show">
<ul>
<li> 6 <br /> Dit antwoord is onjuist. </li>
<li> 3 <br /> Dit antwoord is onjuist. </li>
<li> 5 <br /> Dit antwoord is onjuist. </li>
<li> 4 <br /> Dit antwoord is juist. </li>
</ul>
</modalFeedback>
</assessmentItem>
