<?xml version="1.0" encoding="utf-8" standalone="yes"?>
<assessmentItem identifier="vufgb-tstatistic-001-nl_202209051540_item_1_schoice" title="vufgb-tstatistic-001-nl_202209051540_item_1_schoice_vufgb-tstatistic-001-nl" adaptive="false" timeDependent="false" toolName="Testvision Online" toolVersion="39.0.9084" xmlns="http://www.imsglobal.org/xsd/imsqti_v2p1">
<responseDeclaration identifier="RESPONSE" cardinality="single" baseType="identifier">
<correctResponse>
<value>alt_118340</value>
</correctResponse>
<mapping defaultValue="0" lowerBound="0.0">
<mapEntry mapKey="alt_118340" mappedValue="1"/>
<mapEntry mapKey="alt_210899" mappedValue="-0.333333333333333"/>
<mapEntry mapKey="alt_105407" mappedValue="-0.333333333333333"/>
<mapEntry mapKey="alt_610580" mappedValue="-0.333333333333333"/>
</mapping>
</responseDeclaration>
<outcomeDeclaration identifier="SCORE" cardinality="single" baseType="float" normalMaximum="1" normalMinimum="0" />
<outcomeDeclaration identifier="FEEDBACK" cardinality="single" baseType="identifier" />
<itemBody>
<p>Renske verwacht een positief verband tussen twee variabelen en wil dit toetsen met lineaire regressieanalyse. Zij overweegt een eenzijdige of tweezijdige toets. Welke uitspraak is waar? Vul aan. De _____ waarde bij een eenzijdige toets is _____ vergeleken met een tweezijdige toets.</p>
<choiceInteraction responseIdentifier="RESPONSE" shuffle="false" maxChoices="1">
<simpleChoice identifier="alt_118340">
<div class="textblock tvblock tvcss_1"><div class="rte_zone tveditor1">
a. Kritieke; lager.
</div>
</div>
</simpleChoice>
<simpleChoice identifier="alt_210899">
<div class="textblock tvblock tvcss_1"><div class="rte_zone tveditor1">
b. Kritieke; hoger.
</div>
</div>
</simpleChoice>
<simpleChoice identifier="alt_105407">
<div class="textblock tvblock tvcss_1"><div class="rte_zone tveditor1">
c. Gevonden; lager.
</div>
</div>
</simpleChoice>
<simpleChoice identifier="alt_610580">
<div class="textblock tvblock tvcss_1"><div class="rte_zone tveditor1">
d. Gevonden; hoger.
</div>
</div>
</simpleChoice>
</choiceInteraction>
</itemBody>
<responseProcessing>
<responseCondition>
<responseIf>
<isNull>
<variable identifier="RESPONSE"/>
</isNull>
<setOutcomeValue identifier="SCORE">
<baseValue baseType="float">0.0</baseValue>
</setOutcomeValue>
<setOutcomeValue identifier="FEEDBACK">
<baseValue baseType="identifier">FAILURE</baseValue>
</setOutcomeValue>
</responseIf>
<responseElse>
<setOutcomeValue identifier="SCORE">
<mapResponse identifier="RESPONSE"/>
</setOutcomeValue>
<responseCondition>
<responseIf>
<equal toleranceMode="relative" tolerance="0.001">
<variable identifier="SCORE"/>
<variable identifier="MAXSCORE"/>
</equal>
<setOutcomeValue identifier="FEEDBACK">
<baseValue baseType="identifier">ANSWER_CORRECT</baseValue>
</setOutcomeValue>
</responseIf>
<responseElse>
<setOutcomeValue identifier="FEEDBACK">
<baseValue baseType="identifier">FAILURE</baseValue>
</setOutcomeValue>
</responseElse>
</responseCondition>
</responseElse>
</responseCondition>
</responseProcessing>
<modalFeedback identifier="FAILURE" outcomeIdentifier="FEEDBACK" showHide="show">
<div class="textblock tvblock tvcss_1"><div class="rte_zone tveditor1">
<ol>
<li> Kritieke; lager. <br /> Correct </li>
<li> Kritieke; hoger. <br /> Incorrect </li>
<li> Gevonden; lager. <br /> Incorrect </li>
<li> Gevonden; hoger. <br /> Incorrect </li>
</ol>
</div>
</div>
</modalFeedback>
<modalFeedback identifier="ANSWER_CORRECT" outcomeIdentifier="FEEDBACK" showHide="show">
<div class="textblock tvblock tvcss_1"><div class="rte_zone tveditor1">
<ol>
<li> Kritieke; lager. <br /> Correct </li>
<li> Kritieke; hoger. <br /> Incorrect </li>
<li> Gevonden; lager. <br /> Incorrect </li>
<li> Gevonden; hoger. <br /> Incorrect </li>
</ol>
</div>
</div>
</modalFeedback>
<modalFeedback identifier="PARTIAL_CORRECT" outcomeIdentifier="FEEDBACK" showHide="show">
<div class="textblock tvblock tvcss_1"><div class="rte_zone tveditor1">
<ol>
<li> Kritieke; lager. <br /> Correct </li>
<li> Kritieke; hoger. <br /> Incorrect </li>
<li> Gevonden; lager. <br /> Incorrect </li>
<li> Gevonden; hoger. <br /> Incorrect </li>
</ol>
</div>
</div>
</modalFeedback>
</assessmentItem>
