<?xml version="1.0" encoding="UTF-8"?>
<assessmentItem xsi:schemaLocation="http://www.imsglobal.org/xsd/imsqti_v2p1 http://www.imsglobal.org/xsd/qti/qtiv2p1/imsqti_v2p1p1.xsd http://www.w3.org/1998/Math/MathML http://www.w3.org/Math/XMLSchema/mathml2/mathml2.xsd" identifier="uva-independent-samples-means-249-en-ans_555802775_section_1_item_1_schoice" title="Inferential_Statistics_uva-independent-samples-means-249-en_uva-independent-samples-means-249-en_schoice_1" adaptive="false" timeDependent="false" xmlns="http://www.imsglobal.org/xsd/imsqti_v2p1" xmlns:xsi="http://www.w3.org/2001/XMLSchema-instance">
<responseDeclaration identifier="uva-independent-samples-means-249-en-ans_555802775_section_1_item_1_schoice_RESPONSE_1_2261515" cardinality="single" baseType="identifier">
<correctResponse>
<value>uva-independent-samples-means-249-en-ans_555802775_section_1_item_1_schoice_2_5401521499</value>
</correctResponse>
<mapping defaultValue="0" lowerBound="0.0">
<mapEntry mapKey="uva-independent-samples-means-249-en-ans_555802775_section_1_item_1_schoice_1_1843916076" mappedValue="0"/>
<mapEntry mapKey="uva-independent-samples-means-249-en-ans_555802775_section_1_item_1_schoice_2_5401521499" mappedValue="1"/>
<mapEntry mapKey="uva-independent-samples-means-249-en-ans_555802775_section_1_item_1_schoice_3_4589874184" mappedValue="0"/>
</mapping>
</responseDeclaration>
<outcomeDeclaration identifier="SCORE" cardinality="single" baseType="float" normalMaximum="1" normalMinimum="0">
<defaultValue>
<value>0.0</value>
</defaultValue>
</outcomeDeclaration>
<outcomeDeclaration identifier="MAXSCORE" cardinality="single" baseType="float">
<defaultValue>
<value>1</value>
</defaultValue>
</outcomeDeclaration>
<outcomeDeclaration identifier="FEEDBACKBASIC" cardinality="single" baseType="identifier" view="testConstructor">
<defaultValue>
<value>empty</value>
</defaultValue>
</outcomeDeclaration>
<outcomeDeclaration identifier="FEEDBACKMODAL" cardinality="multiple" baseType="identifier" view="testConstructor"/>
<outcomeDeclaration identifier="SOLUTIONMODAL" cardinality="single" baseType="identifier" view="testConstructor"/>
<outcomeDeclaration identifier="MINSCORE" cardinality="single" baseType="float">
<defaultValue>
<value baseType="float">0</value>
</defaultValue>
</outcomeDeclaration>
<outcomeDeclaration identifier="SCORE_RESPONSE_1" cardinality="single" baseType="float">
<defaultValue>
<value>0.0</value>
</defaultValue>
</outcomeDeclaration>
<outcomeDeclaration identifier="MINSCORE_RESPONSE_1" cardinality="single" baseType="float">
<defaultValue>
<value>0.0</value>
</defaultValue>
</outcomeDeclaration>
<itemBody>
<p>One tests the hypothesis that the average IQ score in a given population is equal to 120, against the alternative hypothesis that that mean is greater than 120. In both cases, the standard deviation is equal to 17. In a random sample of n = 49 individuals, one finds a sample mean of 125. The hypothesis that the population mean is equal to 120 can then be rejected at</p>
<choiceInteraction responseIdentifier="uva-independent-samples-means-249-en-ans_555802775_section_1_item_1_schoice_RESPONSE_1_2261515" shuffle="false" maxChoices="1">
<simpleChoice identifier="uva-independent-samples-means-249-en-ans_555802775_section_1_item_1_schoice_1_1843916076">
<p>
 Α = 0.01
</p>
</simpleChoice>
<simpleChoice identifier="uva-independent-samples-means-249-en-ans_555802775_section_1_item_1_schoice_2_5401521499">
<p>
 Α = 0.05, but not at α = 0.01
</p>
</simpleChoice>
<simpleChoice identifier="uva-independent-samples-means-249-en-ans_555802775_section_1_item_1_schoice_3_4589874184">
<p>
 Α = 0.10, but not at α = 0.05
</p>
</simpleChoice>
</choiceInteraction>
</itemBody>
<responseProcessing>
<setOutcomeValue identifier="SCORE_RESPONSE_1">
<sum>
<variable identifier="SCORE_RESPONSE_1"/>
<mapResponse identifier="uva-independent-samples-means-249-en-ans_555802775_section_1_item_1_schoice_RESPONSE_1_2261515"/>
</sum>
</setOutcomeValue>
<responseCondition>
<responseIf>
<lt>
<variable identifier="SCORE_RESPONSE_1"/>
<variable identifier="MINSCORE_RESPONSE_1"/>
</lt>
<setOutcomeValue identifier="SCORE_RESPONSE_1">
<variable identifier="MINSCORE_RESPONSE_1"/>
</setOutcomeValue>
</responseIf>
</responseCondition>
<responseCondition>
<responseIf>
<isNull>
<variable identifier="uva-independent-samples-means-249-en-ans_555802775_section_1_item_1_schoice_RESPONSE_1_2261515"/>
</isNull>
<setOutcomeValue identifier="SCORE_RESPONSE_1">
<sum>
<variable identifier="SCORE_RESPONSE_1"/>
<baseValue baseType="float">0</baseValue>
</sum>
</setOutcomeValue>
</responseIf>
</responseCondition>
<setOutcomeValue identifier="SCORE">
<sum>
<variable identifier="SCORE_RESPONSE_1"/>
</sum>
</setOutcomeValue>
<responseCondition>
<responseIf>
<lt>
<variable identifier="SCORE"/>
<variable identifier="MINSCORE"/>
</lt>
<setOutcomeValue identifier="SCORE">
<variable identifier="MINSCORE"/>
</setOutcomeValue>
</responseIf>
</responseCondition>
<responseCondition>
<responseIf>
<lt>
<variable identifier="SCORE"/>
<baseValue baseType="float">1</baseValue>
</lt>
<setOutcomeValue identifier="FEEDBACKMODAL">
<multiple>
<variable identifier="FEEDBACKMODAL"/>
<baseValue baseType="identifier">Feedback653747173</baseValue>
</multiple>
</setOutcomeValue>
</responseIf>
</responseCondition>
</responseProcessing>
<modalFeedback outcomeIdentifier="FEEDBACK" showHide="show" identifier="incorrect">
<ul>
<li> Α = 0.01 <br /> Α = 0.01: Incorrect </li>
<li> Α = 0.05, but not at α = 0.01 <br /> Α = 0.05, but not at α = 0.01: Correct </li>
<li> Α = 0.10, but not at α = 0.05 <br /> Α = 0.10, but not at α = 0.05: Incorrect </li>
</ul>
</modalFeedback>
</assessmentItem>
