<?xml version="1.0" encoding="utf-8" standalone="yes"?>
<assessmentItem identifier="uva-value-28-en-tv_202601131823_item_1_schoice" title="uva-value-28-en-tv_202601131823_item_1_schoice_uva-value-28-en" adaptive="false" timeDependent="false" toolName="Testvision Online" toolVersion="39.0.9084" xmlns="http://www.imsglobal.org/xsd/imsqti_v2p1">
<responseDeclaration identifier="RESPONSE" cardinality="single" baseType="identifier">
<correctResponse>
<value>alt_307981</value>
</correctResponse>
<mapping defaultValue="0" lowerBound="0.0">
<mapEntry mapKey="alt_187430" mappedValue="-0.5"/>
<mapEntry mapKey="alt_307981" mappedValue="1"/>
<mapEntry mapKey="alt_713068" mappedValue="-0.5"/>
</mapping>
</responseDeclaration>
<outcomeDeclaration identifier="SCORE" cardinality="single" baseType="float" normalMaximum="1" normalMinimum="0" />
<outcomeDeclaration identifier="FEEDBACK" cardinality="single" baseType="identifier" />
<stylesheet href="css/uva-value-28-en-tv_202601131823_item_1_schoice.css" type="text/css" />
<itemBody>
<p>Which of the following statements best represents what the researcher wants to achieve when using a t-test for mean difference to check whether the difference between conditions that he or she expects is is significant?</p>
<choiceInteraction responseIdentifier="RESPONSE" shuffle="false" maxChoices="1">
<simpleChoice identifier="alt_187430">
<div class="textblock tvblock tvcss_1"><div class="rte_zone tveditor1">
 The researcher wants to support the null hypothesis through a p-value below .05.
</div>
</div>
</simpleChoice>
<simpleChoice identifier="alt_307981">
<div class="textblock tvblock tvcss_1"><div class="rte_zone tveditor1">
 The researcher wants to reject the null hypothesis using a p-value below .05.
</div>
</div>
</simpleChoice>
<simpleChoice identifier="alt_713068">
<div class="textblock tvblock tvcss_1"><div class="rte_zone tveditor1">
 The researcher wants to reject the null hypothesis using a p-value above .05.
</div>
</div>
</simpleChoice>
</choiceInteraction>
</itemBody>
<responseProcessing>
<responseCondition>
<responseIf>
<isNull>
<variable identifier="RESPONSE"/>
</isNull>
<setOutcomeValue identifier="SCORE">
<baseValue baseType="float">0.0</baseValue>
</setOutcomeValue>
<setOutcomeValue identifier="FEEDBACK">
<baseValue baseType="identifier">FAILURE</baseValue>
</setOutcomeValue>
</responseIf>
<responseElse>
<setOutcomeValue identifier="SCORE">
<mapResponse identifier="RESPONSE"/>
</setOutcomeValue>
<responseCondition>
<responseIf>
<equal toleranceMode="relative" tolerance="0.001">
<variable identifier="SCORE"/>
<variable identifier="MAXSCORE"/>
</equal>
<setOutcomeValue identifier="FEEDBACK">
<baseValue baseType="identifier">ANSWER_CORRECT</baseValue>
</setOutcomeValue>
</responseIf>
<responseElse>
<setOutcomeValue identifier="FEEDBACK">
<baseValue baseType="identifier">FAILURE</baseValue>
</setOutcomeValue>
</responseElse>
</responseCondition>
</responseElse>
</responseCondition>
</responseProcessing>
<modalFeedback identifier="FAILURE" outcomeIdentifier="FEEDBACK" showHide="show">
<div class="textblock tvblock tvcss_1"><div class="rte_zone tveditor1">
<ul>
<li> The researcher wants to support the null hypothesis through a p-value below .05. <br /> The researcher wants to support the null hypothesis using a p-value below .05…: Incorrect </li>
<li> The researcher wants to reject the null hypothesis using a p-value below .05. <br /> The researcher wants to reject the null hypothesis using a p-value below .05: Correct </li>
<li> The researcher wants to reject the null hypothesis using a p-value above .05. <br /> The researcher wants to reject the null hypothesis using a p-value above .05: Incorrect </li>
</ul>
</div>
</div>
</modalFeedback>
<modalFeedback identifier="ANSWER_CORRECT" outcomeIdentifier="FEEDBACK" showHide="show">
<div class="textblock tvblock tvcss_1"><div class="rte_zone tveditor1">
<ul>
<li> The researcher wants to support the null hypothesis through a p-value below .05. <br /> The researcher wants to support the null hypothesis using a p-value below .05…: Incorrect </li>
<li> The researcher wants to reject the null hypothesis using a p-value below .05. <br /> The researcher wants to reject the null hypothesis using a p-value below .05: Correct </li>
<li> The researcher wants to reject the null hypothesis using a p-value above .05. <br /> The researcher wants to reject the null hypothesis using a p-value above .05: Incorrect </li>
</ul>
</div>
</div>
</modalFeedback>
<modalFeedback identifier="PARTIAL_CORRECT" outcomeIdentifier="FEEDBACK" showHide="show">
<div class="textblock tvblock tvcss_1"><div class="rte_zone tveditor1">
<ul>
<li> The researcher wants to support the null hypothesis through a p-value below .05. <br /> The researcher wants to support the null hypothesis using a p-value below .05…: Incorrect </li>
<li> The researcher wants to reject the null hypothesis using a p-value below .05. <br /> The researcher wants to reject the null hypothesis using a p-value below .05: Correct </li>
<li> The researcher wants to reject the null hypothesis using a p-value above .05. <br /> The researcher wants to reject the null hypothesis using a p-value above .05: Incorrect </li>
</ul>
</div>
</div>
</modalFeedback>
</assessmentItem>
