<?xml version="1.0" encoding="UTF-8"?>
<assessmentItem xsi:schemaLocation="http://www.imsglobal.org/xsd/imsqti_v2p1 http://www.imsglobal.org/xsd/qti/qtiv2p1/imsqti_v2p1p1.xsd http://www.w3.org/1998/Math/MathML http://www.w3.org/Math/XMLSchema/mathml2/mathml2.xsd" identifier="uu-Kolmogorov-Smirnov-801-nl-ans_143733791_section_1_item_1_schoice" title="Assumptions_uu-Kolmogorov-Smirnov-801-nl_uu-Kolmogorov-Smirnov-801-nl_schoice_1" adaptive="false" timeDependent="false" xmlns="http://www.imsglobal.org/xsd/imsqti_v2p1" xmlns:xsi="http://www.w3.org/2001/XMLSchema-instance">
<responseDeclaration identifier="uu-Kolmogorov-Smirnov-801-nl-ans_143733791_section_1_item_1_schoice_RESPONSE_1_8448986" cardinality="single" baseType="identifier">
<correctResponse>
<value>uu-Kolmogorov-Smirnov-801-nl-ans_143733791_section_1_item_1_schoice_4_6792710211</value>
</correctResponse>
<mapping defaultValue="0" lowerBound="0.0">
<mapEntry mapKey="uu-Kolmogorov-Smirnov-801-nl-ans_143733791_section_1_item_1_schoice_1_8777702516" mappedValue="0"/>
<mapEntry mapKey="uu-Kolmogorov-Smirnov-801-nl-ans_143733791_section_1_item_1_schoice_2_9037985797" mappedValue="0"/>
<mapEntry mapKey="uu-Kolmogorov-Smirnov-801-nl-ans_143733791_section_1_item_1_schoice_3_1554618985" mappedValue="0"/>
<mapEntry mapKey="uu-Kolmogorov-Smirnov-801-nl-ans_143733791_section_1_item_1_schoice_4_6792710211" mappedValue="1"/>
</mapping>
</responseDeclaration>
<outcomeDeclaration identifier="SCORE" cardinality="single" baseType="float" normalMaximum="1" normalMinimum="0">
<defaultValue>
<value>0.0</value>
</defaultValue>
</outcomeDeclaration>
<outcomeDeclaration identifier="MAXSCORE" cardinality="single" baseType="float">
<defaultValue>
<value>1</value>
</defaultValue>
</outcomeDeclaration>
<outcomeDeclaration identifier="FEEDBACKBASIC" cardinality="single" baseType="identifier" view="testConstructor">
<defaultValue>
<value>empty</value>
</defaultValue>
</outcomeDeclaration>
<outcomeDeclaration identifier="FEEDBACKMODAL" cardinality="multiple" baseType="identifier" view="testConstructor"/>
<outcomeDeclaration identifier="SOLUTIONMODAL" cardinality="single" baseType="identifier" view="testConstructor"/>
<outcomeDeclaration identifier="MINSCORE" cardinality="single" baseType="float">
<defaultValue>
<value baseType="float">0</value>
</defaultValue>
</outcomeDeclaration>
<outcomeDeclaration identifier="SCORE_RESPONSE_1" cardinality="single" baseType="float">
<defaultValue>
<value>0.0</value>
</defaultValue>
</outcomeDeclaration>
<outcomeDeclaration identifier="MINSCORE_RESPONSE_1" cardinality="single" baseType="float">
<defaultValue>
<value>0.0</value>
</defaultValue>
</outcomeDeclaration>
<itemBody>
<p>Een vriend van je weet dat je een cursus statistiek volgt en wil je iets vragen over zijn scriptie. Hij gebruikt meervoudige lineaire regressie en berekent de Kolmogorov-Smirnov test. De test geeft een p-waarde van <span class="math inline">\(.054\)</span> en je vriend weet niet zeker of hij de assumptie van homoscedasticiteit heeft geschonden. Welk advies moet je je vriend geven als <span class="math inline">\(\alpha =.05\)</span> wordt gebruikt?</p>
<choiceInteraction responseIdentifier="uu-Kolmogorov-Smirnov-801-nl-ans_143733791_section_1_item_1_schoice_RESPONSE_1_8448986" shuffle="false" maxChoices="1">
<simpleChoice identifier="uu-Kolmogorov-Smirnov-801-nl-ans_143733791_section_1_item_1_schoice_1_8777702516">
<p>
 Homoscedasticiteit wordt gehandhaafd omdat de p-waarde groter is dan .05.
</p>
</simpleChoice>
<simpleChoice identifier="uu-Kolmogorov-Smirnov-801-nl-ans_143733791_section_1_item_1_schoice_2_9037985797">
<p>
 Homoscedasticiteit wordt geschonden omdat de p-waarde groter is dan .05.
</p>
</simpleChoice>
<simpleChoice identifier="uu-Kolmogorov-Smirnov-801-nl-ans_143733791_section_1_item_1_schoice_3_1554618985">
<p>
 Er is enig bewijs dat homoscedasticiteit mogelijk wordt geschonden, maar het is belangrijk om de steekproefgrootte te kennen voordat een definitieve conclusie wordt getrokken.
</p>
</simpleChoice>
<simpleChoice identifier="uu-Kolmogorov-Smirnov-801-nl-ans_143733791_section_1_item_1_schoice_4_6792710211">
<p>
 Je kunt je vriend niet helpen omdat deze test niet ingaat op de assumptie van homoscedasticiteit.
</p>
</simpleChoice>
</choiceInteraction>
</itemBody>
<responseProcessing>
<setOutcomeValue identifier="SCORE_RESPONSE_1">
<sum>
<variable identifier="SCORE_RESPONSE_1"/>
<mapResponse identifier="uu-Kolmogorov-Smirnov-801-nl-ans_143733791_section_1_item_1_schoice_RESPONSE_1_8448986"/>
</sum>
</setOutcomeValue>
<responseCondition>
<responseIf>
<lt>
<variable identifier="SCORE_RESPONSE_1"/>
<variable identifier="MINSCORE_RESPONSE_1"/>
</lt>
<setOutcomeValue identifier="SCORE_RESPONSE_1">
<variable identifier="MINSCORE_RESPONSE_1"/>
</setOutcomeValue>
</responseIf>
</responseCondition>
<responseCondition>
<responseIf>
<isNull>
<variable identifier="uu-Kolmogorov-Smirnov-801-nl-ans_143733791_section_1_item_1_schoice_RESPONSE_1_8448986"/>
</isNull>
<setOutcomeValue identifier="SCORE_RESPONSE_1">
<sum>
<variable identifier="SCORE_RESPONSE_1"/>
<baseValue baseType="float">0</baseValue>
</sum>
</setOutcomeValue>
</responseIf>
</responseCondition>
<setOutcomeValue identifier="SCORE">
<sum>
<variable identifier="SCORE_RESPONSE_1"/>
</sum>
</setOutcomeValue>
<responseCondition>
<responseIf>
<lt>
<variable identifier="SCORE"/>
<variable identifier="MINSCORE"/>
</lt>
<setOutcomeValue identifier="SCORE">
<variable identifier="MINSCORE"/>
</setOutcomeValue>
</responseIf>
</responseCondition>
<responseCondition>
<responseIf>
<lt>
<variable identifier="SCORE"/>
<baseValue baseType="float">1</baseValue>
</lt>
<setOutcomeValue identifier="FEEDBACKMODAL">
<multiple>
<variable identifier="FEEDBACKMODAL"/>
<baseValue baseType="identifier">Feedback854481878</baseValue>
</multiple>
</setOutcomeValue>
</responseIf>
</responseCondition>
</responseProcessing>
<modalFeedback outcomeIdentifier="FEEDBACK" showHide="show" identifier="incorrect">
</modalFeedback>
</assessmentItem>
