<?xml version="1.0" encoding="UTF-8"?>
<assessmentItem xsi:schemaLocation="http://www.imsglobal.org/xsd/imsqti_v2p1 http://www.imsglobal.org/xsd/qti/qtiv2p1/imsqti_v2p1p1.xsd http://www.w3.org/1998/Math/MathML http://www.w3.org/Math/XMLSchema/mathml2/mathml2.xsd" identifier="uva-confidence-level-805-nl-qti_467708681_section_1_item_1_schoice" title="1" adaptive="false" timeDependent="false" xmlns="http://www.imsglobal.org/xsd/imsqti_v2p1" xmlns:xsi="http://www.w3.org/2001/XMLSchema-instance">
<responseDeclaration identifier="uva-confidence-level-805-nl-qti_467708681_section_1_item_1_schoice_RESPONSE_1_5003747" cardinality="single" baseType="identifier">
<correctResponse>
<value>uva-confidence-level-805-nl-qti_467708681_section_1_item_1_schoice_1_3445208719</value>
</correctResponse>
<mapping defaultValue="0" lowerBound="0.0">
<mapEntry mapKey="uva-confidence-level-805-nl-qti_467708681_section_1_item_1_schoice_1_3445208719" mappedValue="1"/>
<mapEntry mapKey="uva-confidence-level-805-nl-qti_467708681_section_1_item_1_schoice_2_7822543962" mappedValue="0"/>
<mapEntry mapKey="uva-confidence-level-805-nl-qti_467708681_section_1_item_1_schoice_3_1255948096" mappedValue="0"/>
</mapping>
</responseDeclaration>
<outcomeDeclaration identifier="SCORE" cardinality="single" baseType="float" normalMaximum="1" normalMinimum="0">
<defaultValue>
<value>0.0</value>
</defaultValue>
</outcomeDeclaration>
<outcomeDeclaration identifier="MAXSCORE" cardinality="single" baseType="float">
<defaultValue>
<value>1</value>
</defaultValue>
</outcomeDeclaration>
<outcomeDeclaration identifier="FEEDBACKBASIC" cardinality="single" baseType="identifier" view="testConstructor">
<defaultValue>
<value>empty</value>
</defaultValue>
</outcomeDeclaration>
<outcomeDeclaration identifier="FEEDBACKMODAL" cardinality="multiple" baseType="identifier" view="testConstructor"/>
<outcomeDeclaration identifier="SOLUTIONMODAL" cardinality="single" baseType="identifier" view="testConstructor"/>
<outcomeDeclaration identifier="MINSCORE" cardinality="single" baseType="float">
<defaultValue>
<value baseType="float">0</value>
</defaultValue>
</outcomeDeclaration>
<outcomeDeclaration identifier="SCORE_RESPONSE_1" cardinality="single" baseType="float">
<defaultValue>
<value>0.0</value>
</defaultValue>
</outcomeDeclaration>
<outcomeDeclaration identifier="MINSCORE_RESPONSE_1" cardinality="single" baseType="float">
<defaultValue>
<value>0.0</value>
</defaultValue>
</outcomeDeclaration>
<itemBody>
<p>Stel een onderzoeker wil meerdere gemiddelden met elkaar vergelijken.
Hiertoe berekent ze meerdere betrouwbaarheidsintervallen. Om te zorgen
dat het <em>overall confidence level</em> 0.95 blijft, gebruikt ze voor het
berekenen van elk afzonderlijk betrouwbaarheidsinterval een hoger <em>confidence level</em> (bijvoorbeeld 0.99). Een methode om dit te doen is</p>
<choiceInteraction responseIdentifier="uva-confidence-level-805-nl-qti_467708681_section_1_item_1_schoice_RESPONSE_1_5003747" shuffle="false" maxChoices="1">
<simpleChoice identifier="uva-confidence-level-805-nl-qti_467708681_section_1_item_1_schoice_1_3445208719">
<p>
 de Bonferroni methode.
</p>
</simpleChoice>
<simpleChoice identifier="uva-confidence-level-805-nl-qti_467708681_section_1_item_1_schoice_2_7822543962">
<p>
 de Wilcoxon methode.
</p>
</simpleChoice>
<simpleChoice identifier="uva-confidence-level-805-nl-qti_467708681_section_1_item_1_schoice_3_1255948096">
<p>
 de Kruskal-Wallis methode.
</p>
</simpleChoice>
</choiceInteraction>
</itemBody>
<responseProcessing>
<setOutcomeValue identifier="SCORE_RESPONSE_1">
<sum>
<variable identifier="SCORE_RESPONSE_1"/>
<mapResponse identifier="uva-confidence-level-805-nl-qti_467708681_section_1_item_1_schoice_RESPONSE_1_5003747"/>
</sum>
</setOutcomeValue>
<responseCondition>
<responseIf>
<lt>
<variable identifier="SCORE_RESPONSE_1"/>
<variable identifier="MINSCORE_RESPONSE_1"/>
</lt>
<setOutcomeValue identifier="SCORE_RESPONSE_1">
<variable identifier="MINSCORE_RESPONSE_1"/>
</setOutcomeValue>
</responseIf>
</responseCondition>
<responseCondition>
<responseIf>
<isNull>
<variable identifier="uva-confidence-level-805-nl-qti_467708681_section_1_item_1_schoice_RESPONSE_1_5003747"/>
</isNull>
<setOutcomeValue identifier="SCORE_RESPONSE_1">
<sum>
<variable identifier="SCORE_RESPONSE_1"/>
<baseValue baseType="float">0</baseValue>
</sum>
</setOutcomeValue>
</responseIf>
</responseCondition>
<setOutcomeValue identifier="SCORE">
<sum>
<variable identifier="SCORE_RESPONSE_1"/>
</sum>
</setOutcomeValue>
<responseCondition>
<responseIf>
<lt>
<variable identifier="SCORE"/>
<variable identifier="MINSCORE"/>
</lt>
<setOutcomeValue identifier="SCORE">
<variable identifier="MINSCORE"/>
</setOutcomeValue>
</responseIf>
</responseCondition>
<responseCondition>
<responseIf>
<lt>
<variable identifier="SCORE"/>
<baseValue baseType="float">1</baseValue>
</lt>
<setOutcomeValue identifier="FEEDBACKMODAL">
<multiple>
<variable identifier="FEEDBACKMODAL"/>
<baseValue baseType="identifier">Feedback922751262</baseValue>
</multiple>
</setOutcomeValue>
</responseIf>
</responseCondition>
</responseProcessing>
<modalFeedback identifier="Feedback922751262" outcomeIdentifier="FEEDBACKMODAL" showHide="show">
<p>Het correcte antwoord is:</p>
<ul>
<li>de Bonferroni methode.</li>
</ul>
</modalFeedback>
</assessmentItem>
