<?xml version="1.0" encoding="UTF-8"?>
<assessmentItem xsi:schemaLocation="http://www.imsglobal.org/xsd/imsqti_v2p1 http://www.imsglobal.org/xsd/qti/qtiv2p1/imsqti_v2p1p1.xsd http://www.w3.org/1998/Math/MathML http://www.w3.org/Math/XMLSchema/mathml2/mathml2.xsd" identifier="vufgb-pvalue-010-nl-qti_538598073_section_1_item_1_schoice" title="1" adaptive="false" timeDependent="false" xmlns="http://www.imsglobal.org/xsd/imsqti_v2p1" xmlns:xsi="http://www.w3.org/2001/XMLSchema-instance">
<responseDeclaration identifier="vufgb-pvalue-010-nl-qti_538598073_section_1_item_1_schoice_RESPONSE_1_4039103" cardinality="single" baseType="identifier">
<correctResponse>
<value>vufgb-pvalue-010-nl-qti_538598073_section_1_item_1_schoice_3_1559091120</value>
</correctResponse>
<mapping defaultValue="0" lowerBound="0.0">
<mapEntry mapKey="vufgb-pvalue-010-nl-qti_538598073_section_1_item_1_schoice_1_2735546725" mappedValue="0"/>
<mapEntry mapKey="vufgb-pvalue-010-nl-qti_538598073_section_1_item_1_schoice_2_7025296324" mappedValue="0"/>
<mapEntry mapKey="vufgb-pvalue-010-nl-qti_538598073_section_1_item_1_schoice_3_1559091120" mappedValue="1"/>
<mapEntry mapKey="vufgb-pvalue-010-nl-qti_538598073_section_1_item_1_schoice_4_6578023565" mappedValue="0"/>
</mapping>
</responseDeclaration>
<outcomeDeclaration identifier="SCORE" cardinality="single" baseType="float" normalMaximum="1" normalMinimum="0">
<defaultValue>
<value>0.0</value>
</defaultValue>
</outcomeDeclaration>
<outcomeDeclaration identifier="MAXSCORE" cardinality="single" baseType="float">
<defaultValue>
<value>1</value>
</defaultValue>
</outcomeDeclaration>
<outcomeDeclaration identifier="FEEDBACKBASIC" cardinality="single" baseType="identifier" view="testConstructor">
<defaultValue>
<value>empty</value>
</defaultValue>
</outcomeDeclaration>
<outcomeDeclaration identifier="FEEDBACKMODAL" cardinality="multiple" baseType="identifier" view="testConstructor"/>
<outcomeDeclaration identifier="SOLUTIONMODAL" cardinality="single" baseType="identifier" view="testConstructor"/>
<outcomeDeclaration identifier="MINSCORE" cardinality="single" baseType="float">
<defaultValue>
<value baseType="float">0</value>
</defaultValue>
</outcomeDeclaration>
<outcomeDeclaration identifier="SCORE_RESPONSE_1" cardinality="single" baseType="float">
<defaultValue>
<value>0.0</value>
</defaultValue>
</outcomeDeclaration>
<outcomeDeclaration identifier="MINSCORE_RESPONSE_1" cardinality="single" baseType="float">
<defaultValue>
<value>0.0</value>
</defaultValue>
</outcomeDeclaration>
<itemBody>
<p>Vul de stellingen over de partieële correlatiecoëfficiënt aan.</p>
<p><math display="inline" xmlns="http://www.w3.org/1998/Math/MathML"><semantics><msub><mi>r</mi><mrow><mi>y</mi><mi>x</mi><mn>1</mn><mi>.</mi><mi>x</mi><mn>2</mn></mrow></msub><annotation encoding="application/x-tex">r_{yx1.x2}</annotation></semantics></math> heeft … hetzelfde teken (+/−) als de <math display="inline" xmlns="http://www.w3.org/1998/Math/MathML"><semantics><msub><mi>b</mi><mn>1</mn></msub><annotation encoding="application/x-tex">b_{1}</annotation></semantics></math> in de regressievoorspelling <math display="inline" xmlns="http://www.w3.org/1998/Math/MathML"><semantics><mrow><mover><mi>y</mi><mo accent="true">̂</mo></mover><mo>=</mo><mi>a</mi><mo>+</mo><msub><mi>b</mi><mn>1</mn></msub><msub><mi>x</mi><mn>1</mn></msub><mo>+</mo><msub><mi>b</mi><mn>2</mn></msub><msub><mi>x</mi><mn>2</mn></msub></mrow><annotation encoding="application/x-tex">\hat{y} = a+b_{1}x_{1}+b_{2}x_{2}</annotation></semantics></math>.</p>
<p>De p-waarde horende bij de toets voor <math display="inline" xmlns="http://www.w3.org/1998/Math/MathML"><semantics><msub><mi>r</mi><mrow><mi>y</mi><mi>x</mi><mn>1</mn><mi>.</mi><mi>x</mi><mn>2</mn></mrow></msub><annotation encoding="application/x-tex">r_{yx1.x2}</annotation></semantics></math> is … gelijk aan de p-waarde horende bij de toets voor <math display="inline" xmlns="http://www.w3.org/1998/Math/MathML"><semantics><msub><mi>b</mi><mn>1</mn></msub><annotation encoding="application/x-tex">b_{1}</annotation></semantics></math>.</p>
<choiceInteraction responseIdentifier="vufgb-pvalue-010-nl-qti_538598073_section_1_item_1_schoice_RESPONSE_1_4039103" shuffle="false" maxChoices="1">
<simpleChoice identifier="vufgb-pvalue-010-nl-qti_538598073_section_1_item_1_schoice_1_2735546725">
<p>
 wel, niet
</p>
</simpleChoice>
<simpleChoice identifier="vufgb-pvalue-010-nl-qti_538598073_section_1_item_1_schoice_2_7025296324">
<p>
 niet, wel
</p>
</simpleChoice>
<simpleChoice identifier="vufgb-pvalue-010-nl-qti_538598073_section_1_item_1_schoice_3_1559091120">
<p>
 wel, wel
</p>
</simpleChoice>
<simpleChoice identifier="vufgb-pvalue-010-nl-qti_538598073_section_1_item_1_schoice_4_6578023565">
<p>
 niet, niet
</p>
</simpleChoice>
</choiceInteraction>
</itemBody>
<responseProcessing>
<setOutcomeValue identifier="SCORE_RESPONSE_1">
<sum>
<variable identifier="SCORE_RESPONSE_1"/>
<mapResponse identifier="vufgb-pvalue-010-nl-qti_538598073_section_1_item_1_schoice_RESPONSE_1_4039103"/>
</sum>
</setOutcomeValue>
<responseCondition>
<responseIf>
<lt>
<variable identifier="SCORE_RESPONSE_1"/>
<variable identifier="MINSCORE_RESPONSE_1"/>
</lt>
<setOutcomeValue identifier="SCORE_RESPONSE_1">
<variable identifier="MINSCORE_RESPONSE_1"/>
</setOutcomeValue>
</responseIf>
</responseCondition>
<responseCondition>
<responseIf>
<isNull>
<variable identifier="vufgb-pvalue-010-nl-qti_538598073_section_1_item_1_schoice_RESPONSE_1_4039103"/>
</isNull>
<setOutcomeValue identifier="SCORE_RESPONSE_1">
<sum>
<variable identifier="SCORE_RESPONSE_1"/>
<baseValue baseType="float">0</baseValue>
</sum>
</setOutcomeValue>
</responseIf>
</responseCondition>
<setOutcomeValue identifier="SCORE">
<sum>
<variable identifier="SCORE_RESPONSE_1"/>
</sum>
</setOutcomeValue>
<responseCondition>
<responseIf>
<lt>
<variable identifier="SCORE"/>
<variable identifier="MINSCORE"/>
</lt>
<setOutcomeValue identifier="SCORE">
<variable identifier="MINSCORE"/>
</setOutcomeValue>
</responseIf>
</responseCondition>
<responseCondition>
<responseIf>
<lt>
<variable identifier="SCORE"/>
<baseValue baseType="float">1</baseValue>
</lt>
<setOutcomeValue identifier="FEEDBACKMODAL">
<multiple>
<variable identifier="FEEDBACKMODAL"/>
<baseValue baseType="identifier">Feedback352281322</baseValue>
</multiple>
</setOutcomeValue>
</responseIf>
</responseCondition>
</responseProcessing>
<modalFeedback identifier="Feedback352281322" outcomeIdentifier="FEEDBACKMODAL" showHide="show">
<ul>
<li> wel, niet <br /> Incorrect </li>
<li> niet, wel <br /> Incorrect </li>
<li> wel, wel <br /> Correct </li>
<li> niet, niet <br /> Incorrect </li>
</ul>
</modalFeedback>
</assessmentItem>
