<?xml version="1.0" encoding="UTF-8"?>
<!DOCTYPE questestinterop SYSTEM "ims_qtiasiv1p2p1.dtd">

<questestinterop xmlns="http://www.imsglobal.org/xsd/ims_qtiasiv1p2" xmlns:xsi="http://www.w3.org/2001/XMLSchema-instance" xsi:schemaLocation="http://www.imsglobal.org/xsd/ims_qtiasiv1p2 http://www.imsglobal.org/xsd/ims_qtiasiv1p2p1.xsd">
<assessment ident="eur-assumptions-101-nl-canvas_372658086" title="eur-assumptions-101-nl-canvas">

<qtimetadata>
<qtimetadatafield>
<fieldlabel>cc_maxattempts</fieldlabel>
<fieldentry>1</fieldentry>
</qtimetadatafield>
<qtimetadatafield>
<fieldlabel>qmd_assessmenttype</fieldlabel>
<fieldentry>Assessment</fieldentry>
</qtimetadatafield>
</qtimetadata>
<objectives>
<material>
<mattext><![CDATA[Please solve the following exercises.]]></mattext>
</material>
</objectives>
<assessmentcontrol feedbackswitch="No" hintswitch="No" solutionswitch="Yes"/>
<outcomes_processing scoremodel="SumOfScores">
<outcomes>
<decvar varname="SCORE" vartype="Decimal" cutvalue="0"/>
</outcomes>
</outcomes_processing>
<assessfeedback title="AssessmentFeedback" ident="AssessmentFeedback">
<flow_mat>
<material>
<mattext>##AssessmentFeedback##</mattext>
</material>
</flow_mat>
</assessfeedback>

<section ident="eur-assumptions-101-nl-canvas_372658086_section_1" title="Exercise">

<objectives>
<material>
<mattext><![CDATA[Please answer the following question.]]></mattext>
</material>
</objectives>
<selection_ordering>
<selection>
<selection_number>1</selection_number>
<selection_extension>
<points_per_item>1</points_per_item>
</selection_extension>
</selection>
<order order_type="Random"/>
</selection_ordering>

<item ident="eur-assumptions-101-nl-canvas_372658086_section_1_item_1_num" title="Question" maxattempts="1">
<itemcontrol feedbackswitch="No" hintswitch="No" solutionswitch="Yes"/>
<itemmetadata>
<qtimetadata>
<qtimetadatafield>
<fieldlabel>question_type</fieldlabel>
<fieldentry>numerical_question</fieldentry>
</qtimetadatafield>
</qtimetadata>
</itemmetadata>
<presentation>
<flow>
<material>
<matbreak/>
<mattext texttype="text/html" charset="utf-8"><![CDATA[
<p><em>Testing effect</em></p>
<p>Uit onderzoek is gebleken dat wanneer mensen woordjes leren uit een vreemde taal zij deze woordjes op de lange termijn beter kunnen onthouden wanneer zij de woordjes eerst bestuderen en daarna zichzelf testen op de woordjes, dan wanneer zij de woordjes twee keer bestuderen. Een onderzoeker aan het instituut voor psychologie wil weten of dit zogenaamde testing effect zich ook in het klaslokaal openbaart. Ze deelt een groep van 60 4VWO leerlingen in in drie groepen [condition]. De leerlingen in groep 1 bestuderen 2 keer achter elkaar een lijst met 30 nieuwe Franse woordjes (1 = restudy), de leerlingen in groep 2 bestuderen dezelfde lijst 1 keer en testen zichzelf daarna (2 = testing). Hierbij moeten ze hun hand op de Nederlandse vertaling van de Franse woordjes leggen en zelf bedenken wat de betekenis is. Leerlingen in groep 3 bestuderen de lijst met Franse woordjes slechts 1 keer (3 = study_once). Een week na het bestuderen krijgen alle leerlingen een test waarbij zij de 30 Franse woordjes opnieuw te zien krijgen en de Nederlandse vertaling moeten geven. Het totaal aantal correcte vertalingen staat weergegeven in de variabele score [score]. De onderzoeker heeft verder nog voor iedere leerling het rapportcijfer voor Frans [French] verzameld.</p>
<p>Open het databestand.</p>
<p>Doe een analyse om te bepalen of er verschil is tussen de drie condities [condition] op het aantal correct Nederlandse vertalingen [score]. Toets of de assumptie van homogene varianties in de drie condities geschonden wordt. Hoe groot is de F-waarde die bij deze assumptietoets hoort? (3 decimalen)</p>
<p><strong>Download</strong>: <a href="data/supplements_1_1/eur-assumptions-101-nl-data.sav">SPSS file</a>, <a href="data/supplements_1_1/eur-assumptions-101-nl-data.csv">CSV file</a></p>
]]></mattext>
<matbreak/>
</material>
<response_num ident="eur-assumptions-101-nl-canvas_372658086_section_1_item_1_num_RESPONSE_6280983" rcardinality="Single" numtype="Decimal">
<render_fib fibtype="Decimal" maxchars="12">
<flow_label class="Block">
<response_label ident="eur-assumptions-101-nl-canvas_372658086_section_1_item_1_num_RESPONSE_6280983" rshuffle="No"/>
</flow_label>
</render_fib>
</response_num>
<material>
<matbreak/>
</material>
</flow>
</presentation>
<resprocessing>
<outcomes>
<decvar varname="SCORE" vartype="Decimal" defaultval="0" minvalue="0" maxvalue="1" cutvalue="1"/>
</outcomes>
<respcondition title="Mastery" continue="No">
<conditionvar>

<or>
<varequal respident="eur-assumptions-101-nl-canvas_372658086_section_1_item_1_num_RESPONSE_6280983" case="No"><![CDATA[0.291]]></varequal>
<and>
<vargte respident="eur-assumptions-101-nl-canvas_372658086_section_1_item_1_num_RESPONSE_6280983"><![CDATA[0.291]]></vargte>
<varlte respident="eur-assumptions-101-nl-canvas_372658086_section_1_item_1_num_RESPONSE_6280983"><![CDATA[0.291]]></varlte>
</and>
</or>
</conditionvar>
<setvar varname="SCORE" action="Set">1</setvar>
<displayfeedback feedbacktype="Response" linkrefid="correct_fb"/>
</respcondition>
<respcondition continue="Yes">
<conditionvar>
<other/>
</conditionvar>
<displayfeedback feedbacktype="Response" linkrefid="general_incorrect_fb"/>
</respcondition>
</resprocessing>
<itemfeedback ident="correct_fb" view="All">
<flow_mat>
<material>
<mattext texttype="text/html"><![CDATA[
<p>De F-waarde is .291. De correcte analyse is ANOVA with met een zogenaamde ‘homogeneity test’. In SPSS is dit Levene’s test.</p>
]]></mattext>
</material>
</flow_mat>
</itemfeedback>
<itemfeedback ident="general_incorrect_fb" view="All">
<flow_mat>
<material>
<mattext texttype="text/html"><![CDATA[
<p>De F-waarde is .291. De correcte analyse is ANOVA with met een zogenaamde ‘homogeneity test’. In SPSS is dit Levene’s test.</p>
]]></mattext>
</material>
</flow_mat>
</itemfeedback>
</item>


</section>

</assessment>
</questestinterop>
