<?xml version="1.0" encoding="utf-8" standalone="yes"?>
<assessmentItem identifier="vufgb-confidenceintervals-001-en-tv_202209061507_item_1_schoice" title="vufgb-confidenceintervals-001-en-tv_202209061507_item_1_schoice_vufgb-confidenceintervals-001-en" adaptive="false" timeDependent="false" toolName="Testvision Online" toolVersion="39.0.9084" xmlns="http://www.imsglobal.org/xsd/imsqti_v2p1">
<responseDeclaration identifier="RESPONSE" cardinality="single" baseType="identifier">
<correctResponse>
<value>alt_884305</value>
</correctResponse>
<mapping defaultValue="0" lowerBound="0.0">
<mapEntry mapKey="alt_577097" mappedValue="-0.333333333333333"/>
<mapEntry mapKey="alt_541530" mappedValue="-0.333333333333333"/>
<mapEntry mapKey="alt_884305" mappedValue="1"/>
<mapEntry mapKey="alt_656678" mappedValue="-0.333333333333333"/>
</mapping>
</responseDeclaration>
<outcomeDeclaration identifier="SCORE" cardinality="single" baseType="float" normalMaximum="1" normalMinimum="0" />
<outcomeDeclaration identifier="FEEDBACK" cardinality="single" baseType="identifier" />
<itemBody>
<p>Evaluate the following two statements:</p>
<ol style="list-style-type: lower-roman">
<li>An increase in the confidence level will yield a wider confidence interval.</li>
<li>An decrease in sample size will yield a wider confidence interval.</li>
</ol>
<choiceInteraction responseIdentifier="RESPONSE" shuffle="false" maxChoices="1">
<simpleChoice identifier="alt_577097">
<div class="textblock tvblock tvcss_1"><div class="rte_zone tveditor1">
a. i: correct, ii: false.
</div>
</div>
</simpleChoice>
<simpleChoice identifier="alt_541530">
<div class="textblock tvblock tvcss_1"><div class="rte_zone tveditor1">
b. i: false, ii: correct.
</div>
</div>
</simpleChoice>
<simpleChoice identifier="alt_884305">
<div class="textblock tvblock tvcss_1"><div class="rte_zone tveditor1">
c. i: correct, ii: correct.
</div>
</div>
</simpleChoice>
<simpleChoice identifier="alt_656678">
<div class="textblock tvblock tvcss_1"><div class="rte_zone tveditor1">
d. i: false, ii: false.
</div>
</div>
</simpleChoice>
</choiceInteraction>
</itemBody>
<responseProcessing>
<responseCondition>
<responseIf>
<isNull>
<variable identifier="RESPONSE"/>
</isNull>
<setOutcomeValue identifier="SCORE">
<baseValue baseType="float">0.0</baseValue>
</setOutcomeValue>
<setOutcomeValue identifier="FEEDBACK">
<baseValue baseType="identifier">FAILURE</baseValue>
</setOutcomeValue>
</responseIf>
<responseElse>
<setOutcomeValue identifier="SCORE">
<mapResponse identifier="RESPONSE"/>
</setOutcomeValue>
<responseCondition>
<responseIf>
<equal toleranceMode="relative" tolerance="0.001">
<variable identifier="SCORE"/>
<variable identifier="MAXSCORE"/>
</equal>
<setOutcomeValue identifier="FEEDBACK">
<baseValue baseType="identifier">ANSWER_CORRECT</baseValue>
</setOutcomeValue>
</responseIf>
<responseElse>
<setOutcomeValue identifier="FEEDBACK">
<baseValue baseType="identifier">FAILURE</baseValue>
</setOutcomeValue>
</responseElse>
</responseCondition>
</responseElse>
</responseCondition>
</responseProcessing>
<modalFeedback identifier="FAILURE" outcomeIdentifier="FEEDBACK" showHide="show">
<div class="textblock tvblock tvcss_1"><div class="rte_zone tveditor1">
</div>
</div>
</modalFeedback>
<modalFeedback identifier="ANSWER_CORRECT" outcomeIdentifier="FEEDBACK" showHide="show">
<div class="textblock tvblock tvcss_1"><div class="rte_zone tveditor1">
</div>
</div>
</modalFeedback>
<modalFeedback identifier="PARTIAL_CORRECT" outcomeIdentifier="FEEDBACK" showHide="show">
<div class="textblock tvblock tvcss_1"><div class="rte_zone tveditor1">
</div>
</div>
</modalFeedback>
</assessmentItem>
