<?xml version="1.0" encoding="utf-8" standalone="yes"?>
<assessmentItem identifier="uva-general-rules-1175-en-tv_202510071722_item_1_schoice" title="uva-general-rules-1175-en-tv_202510071722_item_1_schoice_uva-general-rules-1175-en" adaptive="false" timeDependent="false" toolName="Testvision Online" toolVersion="39.0.9084" xmlns="http://www.imsglobal.org/xsd/imsqti_v2p1">
<responseDeclaration identifier="RESPONSE" cardinality="single" baseType="identifier">
<correctResponse>
<value>alt_569447</value>
</correctResponse>
<mapping defaultValue="0" lowerBound="0.0">
<mapEntry mapKey="alt_409937" mappedValue="-0.333333333333333"/>
<mapEntry mapKey="alt_166403" mappedValue="-0.333333333333333"/>
<mapEntry mapKey="alt_222346" mappedValue="-0.333333333333333"/>
<mapEntry mapKey="alt_569447" mappedValue="1"/>
</mapping>
</responseDeclaration>
<outcomeDeclaration identifier="SCORE" cardinality="single" baseType="float" normalMaximum="1" normalMinimum="0" />
<outcomeDeclaration identifier="FEEDBACK" cardinality="single" baseType="identifier" />
<stylesheet href="css/uva-general-rules-1175-en-tv_202510071722_item_1_schoice.css" type="text/css" />
<itemBody>
<p>You buy 15 lottery tickets for €1 each. With each lottery ticket you have a chance of 0.06 to win €10. If you take into account the cost of the lottery tickets, what is your expected profit?</p>
<choiceInteraction responseIdentifier="RESPONSE" shuffle="false" maxChoices="1">
<simpleChoice identifier="alt_409937">
<div class="textblock tvblock tvcss_1"><div class="rte_zone tveditor1">
 € 150
</div>
</div>
</simpleChoice>
<simpleChoice identifier="alt_166403">
<div class="textblock tvblock tvcss_1"><div class="rte_zone tveditor1">
 € 10
</div>
</div>
</simpleChoice>
<simpleChoice identifier="alt_222346">
<div class="textblock tvblock tvcss_1"><div class="rte_zone tveditor1">
 € 9
</div>
</div>
</simpleChoice>
<simpleChoice identifier="alt_569447">
<div class="textblock tvblock tvcss_1"><div class="rte_zone tveditor1">
 <ul>
<li>€ 6</li>
</ul>
</div>
</div>
</simpleChoice>
</choiceInteraction>
</itemBody>
<responseProcessing>
<responseCondition>
<responseIf>
<isNull>
<variable identifier="RESPONSE"/>
</isNull>
<setOutcomeValue identifier="SCORE">
<baseValue baseType="float">0.0</baseValue>
</setOutcomeValue>
<setOutcomeValue identifier="FEEDBACK">
<baseValue baseType="identifier">FAILURE</baseValue>
</setOutcomeValue>
</responseIf>
<responseElse>
<setOutcomeValue identifier="SCORE">
<mapResponse identifier="RESPONSE"/>
</setOutcomeValue>
<responseCondition>
<responseIf>
<equal toleranceMode="relative" tolerance="0.001">
<variable identifier="SCORE"/>
<variable identifier="MAXSCORE"/>
</equal>
<setOutcomeValue identifier="FEEDBACK">
<baseValue baseType="identifier">ANSWER_CORRECT</baseValue>
</setOutcomeValue>
</responseIf>
<responseElse>
<setOutcomeValue identifier="FEEDBACK">
<baseValue baseType="identifier">FAILURE</baseValue>
</setOutcomeValue>
</responseElse>
</responseCondition>
</responseElse>
</responseCondition>
</responseProcessing>
<modalFeedback identifier="FAILURE" outcomeIdentifier="FEEDBACK" showHide="show">
<div class="textblock tvblock tvcss_1"><div class="rte_zone tveditor1">
<ul>
<li> € 150 <br /> € 150: Incorrect </li>
<li> € 10 <br /> 10 €: Incorrect </li>
<li> € 9 <br /> 9 €: Incorrect </li>
<li> <ul>
<li>€ 6</li>
</ul> <br /> <ul>
<li>€ 6: Correct</li>
</ul> </li>
</ul>
</div>
</div>
</modalFeedback>
<modalFeedback identifier="ANSWER_CORRECT" outcomeIdentifier="FEEDBACK" showHide="show">
<div class="textblock tvblock tvcss_1"><div class="rte_zone tveditor1">
<ul>
<li> € 150 <br /> € 150: Incorrect </li>
<li> € 10 <br /> 10 €: Incorrect </li>
<li> € 9 <br /> 9 €: Incorrect </li>
<li> <ul>
<li>€ 6</li>
</ul> <br /> <ul>
<li>€ 6: Correct</li>
</ul> </li>
</ul>
</div>
</div>
</modalFeedback>
<modalFeedback identifier="PARTIAL_CORRECT" outcomeIdentifier="FEEDBACK" showHide="show">
<div class="textblock tvblock tvcss_1"><div class="rte_zone tveditor1">
<ul>
<li> € 150 <br /> € 150: Incorrect </li>
<li> € 10 <br /> 10 €: Incorrect </li>
<li> € 9 <br /> 9 €: Incorrect </li>
<li> <ul>
<li>€ 6</li>
</ul> <br /> <ul>
<li>€ 6: Correct</li>
</ul> </li>
</ul>
</div>
</div>
</modalFeedback>
</assessmentItem>
