<?xml version="1.0" encoding="utf-8" standalone="yes"?>
<assessmentItem identifier="uva-random-variables-266-en-tv_202510071722_item_1_schoice" title="uva-random-variables-266-en-tv_202510071722_item_1_schoice_uva-random-variables-266-en" adaptive="false" timeDependent="false" toolName="Testvision Online" toolVersion="39.0.9084" xmlns="http://www.imsglobal.org/xsd/imsqti_v2p1">
<responseDeclaration identifier="RESPONSE" cardinality="single" baseType="identifier">
<correctResponse>
<value>alt_942428</value>
</correctResponse>
<mapping defaultValue="0" lowerBound="0.0">
<mapEntry mapKey="alt_616437" mappedValue="-0.333333333333333"/>
<mapEntry mapKey="alt_554667" mappedValue="-0.333333333333333"/>
<mapEntry mapKey="alt_107811" mappedValue="-0.333333333333333"/>
<mapEntry mapKey="alt_942428" mappedValue="1"/>
</mapping>
</responseDeclaration>
<outcomeDeclaration identifier="SCORE" cardinality="single" baseType="float" normalMaximum="1" normalMinimum="0" />
<outcomeDeclaration identifier="FEEDBACK" cardinality="single" baseType="identifier" />
<stylesheet href="css/uva-random-variables-266-en-tv_202510071722_item_1_schoice.css" type="text/css" />
<itemBody>
<p>A record was kept of how many cigarettes from 60 individuals for one month they smoke (rounded) daily. The results are shown in the frequency table</p>
<p>———— —- — — — — — — —- —- —- —- —- ——– Cigarettes 0 1 2 3 4 5 7 10 12 15 20 30 Total Frequency 36 4 3 3 4 2 1 2 1 2 1 1 1 60 ———— —- — — — — — — —- —- —- —- —- ——–</p>
<p>If we draw 1 person from this group, then the probability that this person will have smokes 10 or more cigarettes a day on average, <em>given that they are a smoker</em>, is equal to</p>
<choiceInteraction responseIdentifier="RESPONSE" shuffle="false" maxChoices="1">
<simpleChoice identifier="alt_616437">
<div class="textblock tvblock tvcss_1"><div class="rte_zone tveditor1">
 0.083
</div>
</div>
</simpleChoice>
<simpleChoice identifier="alt_554667">
<div class="textblock tvblock tvcss_1"><div class="rte_zone tveditor1">
 0.117
</div>
</div>
</simpleChoice>
<simpleChoice identifier="alt_107811">
<div class="textblock tvblock tvcss_1"><div class="rte_zone tveditor1">
 0.208
</div>
</div>
</simpleChoice>
<simpleChoice identifier="alt_942428">
<div class="textblock tvblock tvcss_1"><div class="rte_zone tveditor1">
 0.292
</div>
</div>
</simpleChoice>
</choiceInteraction>
</itemBody>
<responseProcessing>
<responseCondition>
<responseIf>
<isNull>
<variable identifier="RESPONSE"/>
</isNull>
<setOutcomeValue identifier="SCORE">
<baseValue baseType="float">0.0</baseValue>
</setOutcomeValue>
<setOutcomeValue identifier="FEEDBACK">
<baseValue baseType="identifier">FAILURE</baseValue>
</setOutcomeValue>
</responseIf>
<responseElse>
<setOutcomeValue identifier="SCORE">
<mapResponse identifier="RESPONSE"/>
</setOutcomeValue>
<responseCondition>
<responseIf>
<equal toleranceMode="relative" tolerance="0.001">
<variable identifier="SCORE"/>
<variable identifier="MAXSCORE"/>
</equal>
<setOutcomeValue identifier="FEEDBACK">
<baseValue baseType="identifier">ANSWER_CORRECT</baseValue>
</setOutcomeValue>
</responseIf>
<responseElse>
<setOutcomeValue identifier="FEEDBACK">
<baseValue baseType="identifier">FAILURE</baseValue>
</setOutcomeValue>
</responseElse>
</responseCondition>
</responseElse>
</responseCondition>
</responseProcessing>
<modalFeedback identifier="FAILURE" outcomeIdentifier="FEEDBACK" showHide="show">
<div class="textblock tvblock tvcss_1"><div class="rte_zone tveditor1">
<ul>
<li> 0.083 <br /> 0.083: Incorrect </li>
<li> 0.117 <br /> 0.117: Incorrect </li>
<li> 0.208 <br /> 0.208: Incorrect </li>
<li> 0.292 <br /> 0.292: Correct </li>
</ul>
</div>
</div>
</modalFeedback>
<modalFeedback identifier="ANSWER_CORRECT" outcomeIdentifier="FEEDBACK" showHide="show">
<div class="textblock tvblock tvcss_1"><div class="rte_zone tveditor1">
<ul>
<li> 0.083 <br /> 0.083: Incorrect </li>
<li> 0.117 <br /> 0.117: Incorrect </li>
<li> 0.208 <br /> 0.208: Incorrect </li>
<li> 0.292 <br /> 0.292: Correct </li>
</ul>
</div>
</div>
</modalFeedback>
<modalFeedback identifier="PARTIAL_CORRECT" outcomeIdentifier="FEEDBACK" showHide="show">
<div class="textblock tvblock tvcss_1"><div class="rte_zone tveditor1">
<ul>
<li> 0.083 <br /> 0.083: Incorrect </li>
<li> 0.117 <br /> 0.117: Incorrect </li>
<li> 0.208 <br /> 0.208: Incorrect </li>
<li> 0.292 <br /> 0.292: Correct </li>
</ul>
</div>
</div>
</modalFeedback>
</assessmentItem>
