<?xml version="1.0" encoding="UTF-8"?>
<assessmentItem xsi:schemaLocation="http://www.imsglobal.org/xsd/imsqti_v2p1 http://www.imsglobal.org/xsd/qti/qtiv2p1/imsqti_v2p1p1.xsd http://www.w3.org/1998/Math/MathML http://www.w3.org/Math/XMLSchema/mathml2/mathml2.xsd" identifier="vufsw-simplelinearregression-0076-en-ans_390566421_section_1_item_1_schoice" title="Inferential_Statistics_vufsw-simplelinearregression-0076-en_vufsw-simplelinearregression-0076-en_schoice_1" adaptive="false" timeDependent="false" xmlns="http://www.imsglobal.org/xsd/imsqti_v2p1" xmlns:xsi="http://www.w3.org/2001/XMLSchema-instance">
<responseDeclaration identifier="vufsw-simplelinearregression-0076-en-ans_390566421_section_1_item_1_schoice_RESPONSE_1_7150487" cardinality="single" baseType="identifier">
<correctResponse>
<value>vufsw-simplelinearregression-0076-en-ans_390566421_section_1_item_1_schoice_2_2749922832</value>
</correctResponse>
<mapping defaultValue="0" lowerBound="0.0">
<mapEntry mapKey="vufsw-simplelinearregression-0076-en-ans_390566421_section_1_item_1_schoice_1_6053810282" mappedValue="0"/>
<mapEntry mapKey="vufsw-simplelinearregression-0076-en-ans_390566421_section_1_item_1_schoice_2_2749922832" mappedValue="1"/>
<mapEntry mapKey="vufsw-simplelinearregression-0076-en-ans_390566421_section_1_item_1_schoice_3_3084146723" mappedValue="0"/>
<mapEntry mapKey="vufsw-simplelinearregression-0076-en-ans_390566421_section_1_item_1_schoice_4_2987365902" mappedValue="0"/>
</mapping>
</responseDeclaration>
<outcomeDeclaration identifier="SCORE" cardinality="single" baseType="float" normalMaximum="1" normalMinimum="0">
<defaultValue>
<value>0.0</value>
</defaultValue>
</outcomeDeclaration>
<outcomeDeclaration identifier="MAXSCORE" cardinality="single" baseType="float">
<defaultValue>
<value>1</value>
</defaultValue>
</outcomeDeclaration>
<outcomeDeclaration identifier="FEEDBACKBASIC" cardinality="single" baseType="identifier" view="testConstructor">
<defaultValue>
<value>empty</value>
</defaultValue>
</outcomeDeclaration>
<outcomeDeclaration identifier="FEEDBACKMODAL" cardinality="multiple" baseType="identifier" view="testConstructor"/>
<outcomeDeclaration identifier="SOLUTIONMODAL" cardinality="single" baseType="identifier" view="testConstructor"/>
<outcomeDeclaration identifier="MINSCORE" cardinality="single" baseType="float">
<defaultValue>
<value baseType="float">0</value>
</defaultValue>
</outcomeDeclaration>
<outcomeDeclaration identifier="SCORE_RESPONSE_1" cardinality="single" baseType="float">
<defaultValue>
<value>0.0</value>
</defaultValue>
</outcomeDeclaration>
<outcomeDeclaration identifier="MINSCORE_RESPONSE_1" cardinality="single" baseType="float">
<defaultValue>
<value>0.0</value>
</defaultValue>
</outcomeDeclaration>
<itemBody>
<p>A researcher conducted a regression analysis to predict a person’s interest in politics (Y) based on how often a person per week reads news articles <span class="tvcss_2 tvcss_3 tvcss_4 tvcss_5 tvcss_6 tvcss_7">(X). </span>Political interest was measured using a scale ranging from 1 (‘not at all interested’) to 10 (<span class="tvcss_2 tvcss_3 tvcss_4 tvcss_5 tvcss_6 tvcss_7">‘</span>very interested’). The formula associated with the regression line is shown below.<br />
What can you say about the <strong>causality</strong> between X and Y? </p>
<p><img src="media/supplements1/Screenshot__2021-02-13__at__12.28.08.png" /></p>
<choiceInteraction responseIdentifier="vufsw-simplelinearregression-0076-en-ans_390566421_section_1_item_1_schoice_RESPONSE_1_7150487" shuffle="false" maxChoices="1">
<simpleChoice identifier="vufsw-simplelinearregression-0076-en-ans_390566421_section_1_item_1_schoice_1_6053810282">
<p>
 How often someone reads news articles per week is causally related to one’s political interest if there are no <em>influential outliers</em> (influential outliers).
</p>
</simpleChoice>
<simpleChoice identifier="vufsw-simplelinearregression-0076-en-ans_390566421_section_1_item_1_schoice_2_2749922832">
<p>
 We cannot draw a firm conclusion based on regression analysis draw about causality and should think carefully about possible alternative explanations for the relationship found.
</p>
</simpleChoice>
<simpleChoice identifier="vufsw-simplelinearregression-0076-en-ans_390566421_section_1_item_1_schoice_3_3084146723">
<p>
 How often someone reads news articles per week is causally related to one’s political interest if there are no <em>prediction errors</em> (prediction errors).
</p>
</simpleChoice>
<simpleChoice identifier="vufsw-simplelinearregression-0076-en-ans_390566421_section_1_item_1_schoice_4_2987365902">
<p>
 How often a person reads news articles per week is only causally related to one’s political interest if there is no extrapolation occurs outside the observed range.
</p>
</simpleChoice>
</choiceInteraction>
</itemBody>
<responseProcessing>
<setOutcomeValue identifier="SCORE_RESPONSE_1">
<sum>
<variable identifier="SCORE_RESPONSE_1"/>
<mapResponse identifier="vufsw-simplelinearregression-0076-en-ans_390566421_section_1_item_1_schoice_RESPONSE_1_7150487"/>
</sum>
</setOutcomeValue>
<responseCondition>
<responseIf>
<lt>
<variable identifier="SCORE_RESPONSE_1"/>
<variable identifier="MINSCORE_RESPONSE_1"/>
</lt>
<setOutcomeValue identifier="SCORE_RESPONSE_1">
<variable identifier="MINSCORE_RESPONSE_1"/>
</setOutcomeValue>
</responseIf>
</responseCondition>
<responseCondition>
<responseIf>
<isNull>
<variable identifier="vufsw-simplelinearregression-0076-en-ans_390566421_section_1_item_1_schoice_RESPONSE_1_7150487"/>
</isNull>
<setOutcomeValue identifier="SCORE_RESPONSE_1">
<sum>
<variable identifier="SCORE_RESPONSE_1"/>
<baseValue baseType="float">0</baseValue>
</sum>
</setOutcomeValue>
</responseIf>
</responseCondition>
<setOutcomeValue identifier="SCORE">
<sum>
<variable identifier="SCORE_RESPONSE_1"/>
</sum>
</setOutcomeValue>
<responseCondition>
<responseIf>
<lt>
<variable identifier="SCORE"/>
<variable identifier="MINSCORE"/>
</lt>
<setOutcomeValue identifier="SCORE">
<variable identifier="MINSCORE"/>
</setOutcomeValue>
</responseIf>
</responseCondition>
<responseCondition>
<responseIf>
<lt>
<variable identifier="SCORE"/>
<baseValue baseType="float">1</baseValue>
</lt>
<setOutcomeValue identifier="FEEDBACKMODAL">
<multiple>
<variable identifier="FEEDBACKMODAL"/>
<baseValue baseType="identifier">Feedback416524232</baseValue>
</multiple>
</setOutcomeValue>
</responseIf>
</responseCondition>
</responseProcessing>
<modalFeedback outcomeIdentifier="FEEDBACK" showHide="show" identifier="incorrect">
<ul>
<li> How often someone reads news articles per week is causally related to one’s political interest if there are no <em>influential outliers</em> (influential outliers). <br /> False </li>
<li> We cannot draw a firm conclusion based on regression analysis draw about causality and should think carefully about possible alternative explanations for the relationship found. <br /> True </li>
<li> How often someone reads news articles per week is causally related to one’s political interest if there are no <em>prediction errors</em> (prediction errors). <br /> False </li>
<li> How often a person reads news articles per week is only causally related to one’s political interest if there is no extrapolation occurs outside the observed range. <br /> False </li>
</ul>
</modalFeedback>
</assessmentItem>
