<?xml version="1.0" encoding="UTF-8"?>
<!DOCTYPE questestinterop SYSTEM "ims_qtiasiv1p2p1.dtd">

<questestinterop xmlns="http://www.imsglobal.org/xsd/ims_qtiasiv1p2" xmlns:xsi="http://www.w3.org/2001/XMLSchema-instance" xsi:schemaLocation="http://www.imsglobal.org/xsd/ims_qtiasiv1p2 http://www.imsglobal.org/xsd/ims_qtiasiv1p2p1.xsd">
<assessment ident="vufsw-prediction-2064-nl-canvas_554984718" title="vufsw-prediction-2064-nl-canvas">

<qtimetadata>
<qtimetadatafield>
<fieldlabel>cc_maxattempts</fieldlabel>
<fieldentry>1</fieldentry>
</qtimetadatafield>
<qtimetadatafield>
<fieldlabel>qmd_assessmenttype</fieldlabel>
<fieldentry>Assessment</fieldentry>
</qtimetadatafield>
</qtimetadata>
<objectives>
<material>
<mattext><![CDATA[Please solve the following exercises.]]></mattext>
</material>
</objectives>
<assessmentcontrol feedbackswitch="No" hintswitch="No" solutionswitch="Yes"/>
<outcomes_processing scoremodel="SumOfScores">
<outcomes>
<decvar varname="SCORE" vartype="Decimal" cutvalue="0"/>
</outcomes>
</outcomes_processing>
<assessfeedback title="AssessmentFeedback" ident="AssessmentFeedback">
<flow_mat>
<material>
<mattext>##AssessmentFeedback##</mattext>
</material>
</flow_mat>
</assessfeedback>

<section ident="vufsw-prediction-2064-nl-canvas_554984718_section_1" title="Exercise">

<objectives>
<material>
<mattext><![CDATA[Please answer the following question.]]></mattext>
</material>
</objectives>
<selection_ordering>
<selection>
<selection_number>1</selection_number>
<selection_extension>
<points_per_item>1</points_per_item>
</selection_extension>
</selection>
<order order_type="Random"/>
</selection_ordering>

<item ident="vufsw-prediction-2064-nl-canvas_554984718_section_1_item_1_schoice" title="Question" maxattempts="1">
<itemcontrol feedbackswitch="No" hintswitch="No" solutionswitch="Yes"/>
<itemmetadata>
<qtimetadata>
<qtimetadatafield>
<fieldlabel>question_type</fieldlabel>
<fieldentry>multiple_choice_question</fieldentry>
</qtimetadatafield>
</qtimetadata>
</itemmetadata>
<presentation>
<flow>
<material>
<matbreak/>
<mattext texttype="text/html" charset="utf-8"><![CDATA[
<p><img src="data/supplements_1_1/Schermafbeelding__2019-01-30__om__14.25.40.png" /></p>
<p>In bovenstaande analyse is de afhankelijke variabele attitude tegenover
cultuur (1-4, hogere score = positievere attitude). De onafhankelijke
variabelen zijn schoolniveau (in dummy’s, vmbo-b is de
referentiecategorie) en moeders cultuurparticipatie (continue schaal
0-1, 0= minst actief, 1 = meest actief).</p>
<p>Hoe groot is de door model 2 de voorspelde attitude van een
vmbo-b-leerling met de minst cultureel actieve moeder (pmcul=0)?</p>
]]></mattext>
<matbreak/>
</material>
<response_lid ident="vufsw-prediction-2064-nl-canvas_554984718_section_1_item_1_schoice_RESPONSE_1609658" rcardinality="Single" rtiming="No">
<render_choice shuffle="No">
<flow_label class="List">
<response_label ident="vufsw-prediction-2064-nl-canvas_554984718_section_1_item_1_schoice_4077982166" rshuffle="No">
<material>
<mattext texttype="text/html" charset="utf-8"><![CDATA[
 1.267
]]></mattext>
</material>
</response_label>
</flow_label>
<flow_label class="List">
<response_label ident="vufsw-prediction-2064-nl-canvas_554984718_section_1_item_1_schoice_1417343960" rshuffle="No">
<material>
<mattext texttype="text/html" charset="utf-8"><![CDATA[
 0.000
]]></mattext>
</material>
</response_label>
</flow_label>
<flow_label class="List">
<response_label ident="vufsw-prediction-2064-nl-canvas_554984718_section_1_item_1_schoice_8041249115" rshuffle="No">
<material>
<mattext texttype="text/html" charset="utf-8"><![CDATA[
 2.430
]]></mattext>
</material>
</response_label>
</flow_label>
<flow_label class="List">
<response_label ident="vufsw-prediction-2064-nl-canvas_554984718_section_1_item_1_schoice_9267764941" rshuffle="No">
<material>
<mattext texttype="text/html" charset="utf-8"><![CDATA[
 1.579
]]></mattext>
</material>
</response_label>
</flow_label>
</render_choice>
</response_lid>
</flow>
</presentation>
<resprocessing>
<outcomes>
<decvar varname="SCORE" vartype="Decimal" defaultval="0" minvalue="0" maxvalue="1" cutvalue="1"/>
</outcomes>
<respcondition title="Mastery" continue="No">
<conditionvar>
<and>
<varequal respident="vufsw-prediction-2064-nl-canvas_554984718_section_1_item_1_schoice_RESPONSE_1609658" case="Yes">vufsw-prediction-2064-nl-canvas_554984718_section_1_item_1_schoice_8041249115</varequal>
<not> <varequal respident="vufsw-prediction-2064-nl-canvas_554984718_section_1_item_1_schoice_RESPONSE_1609658" case="Yes">vufsw-prediction-2064-nl-canvas_554984718_section_1_item_1_schoice_4077982166</varequal> </not>
<not> <varequal respident="vufsw-prediction-2064-nl-canvas_554984718_section_1_item_1_schoice_RESPONSE_1609658" case="Yes">vufsw-prediction-2064-nl-canvas_554984718_section_1_item_1_schoice_1417343960</varequal> </not>
<not> <varequal respident="vufsw-prediction-2064-nl-canvas_554984718_section_1_item_1_schoice_RESPONSE_1609658" case="Yes">vufsw-prediction-2064-nl-canvas_554984718_section_1_item_1_schoice_9267764941</varequal> </not>
</and>
</conditionvar>
<setvar varname="SCORE" action="Set">1</setvar>
<displayfeedback feedbacktype="Response" linkrefid="correct_fb"/>
</respcondition>
<respcondition continue="Yes">
<conditionvar>
<other/>
</conditionvar>
<displayfeedback feedbacktype="Response" linkrefid="general_incorrect_fb"/>
</respcondition>
</resprocessing>
<itemfeedback ident="correct_fb" view="All">
<flow_mat>
<material>
<mattext texttype="text/html"><![CDATA[
<ul>
<li> 1.267 <br /> False </li>
<li> 0.000 <br /> False </li>
<li> 2.430 <br /> True </li>
<li> 1.579 <br /> False </li>
</ul>
]]></mattext>
</material>
</flow_mat>
</itemfeedback>
<itemfeedback ident="general_incorrect_fb" view="All">
<flow_mat>
<material>
<mattext texttype="text/html"><![CDATA[
<ul>
<li> 1.267 <br /> False </li>
<li> 0.000 <br /> False </li>
<li> 2.430 <br /> True </li>
<li> 1.579 <br /> False </li>
</ul>
]]></mattext>
</material>
</flow_mat>
</itemfeedback>
</item>


</section>

</assessment>
</questestinterop>
