<?xml version="1.0" encoding="utf-8" standalone="yes"?>
<assessmentItem identifier="vufsw-equation-1282-en-tv_202406101042_item_1_schoice" title="vufsw-equation-1282-en-tv_202406101042_item_1_schoice_vufsw-equation-1282-en" adaptive="false" timeDependent="false" toolName="Testvision Online" toolVersion="39.0.9084" xmlns="http://www.imsglobal.org/xsd/imsqti_v2p1">
<responseDeclaration identifier="RESPONSE" cardinality="single" baseType="identifier">
<correctResponse>
<value>alt_264044</value>
</correctResponse>
<mapping defaultValue="0" lowerBound="0.0">
<mapEntry mapKey="alt_935303" mappedValue="-0.2"/>
<mapEntry mapKey="alt_264044" mappedValue="1"/>
<mapEntry mapKey="alt_537587" mappedValue="-0.2"/>
<mapEntry mapKey="alt_750865" mappedValue="-0.2"/>
<mapEntry mapKey="alt_345685" mappedValue="-0.2"/>
<mapEntry mapKey="alt_749094" mappedValue="-0.2"/>
</mapping>
</responseDeclaration>
<outcomeDeclaration identifier="SCORE" cardinality="single" baseType="float" normalMaximum="1" normalMinimum="0" />
<outcomeDeclaration identifier="FEEDBACK" cardinality="single" baseType="identifier" />
<itemBody>
<p>A student working on his MSc thesis uses an experimental design to test
if people that watched a negative piece of news give a lower evaluation
of the image of a specific company than people that watched a neutral
piece of news. The evaluation is measured on a scale of 1 (extremely
negative) to 5 (extremely positive).</p>
<p>The data give the following results:</p>
<table>
<tbody>
<tr class="odd">
<td>
<strong>Experimental group (group 1)</strong>
</td>
<td>
<strong>Control group (group 2)</strong>
</td>
</tr>
<tr class="even">
<td>
n = 60
</td>
<td>
n = 60
</td>
</tr>
<tr class="odd">
<td>
Mean = 3.40
</td>
<td>
Mean = 3.60
</td>
</tr>
<tr class="even">
<td>
SD = 0.60
</td>
<td>
SD = 0.60
</td>
</tr>
</tbody>
</table>
<p>Transform the data given above into a regression equation. The dependent
variable (Y) is the evaluation of the image (EVALUATION) and the
dependent variable (X) is the group (GROUP), where the control group is
the reference category (control group = 0, experimental group = 1).</p>
<choiceInteraction responseIdentifier="RESPONSE" shuffle="false" maxChoices="1">
<simpleChoice identifier="alt_935303">
<div class="textblock tvblock tvcss_1"><div class="rte_zone tveditor1">
 EVALUATION = 3.60 + 3.40 * GROUP
</div>
</div>
</simpleChoice>
<simpleChoice identifier="alt_264044">
<div class="textblock tvblock tvcss_1"><div class="rte_zone tveditor1">
 EVALUATION= 3.60 – 0.20 * GROUP
</div>
</div>
</simpleChoice>
<simpleChoice identifier="alt_537587">
<div class="textblock tvblock tvcss_1"><div class="rte_zone tveditor1">
 EVALUATION = 0.20 + 3.40 * GROUP
</div>
</div>
</simpleChoice>
<simpleChoice identifier="alt_750865">
<div class="textblock tvblock tvcss_1"><div class="rte_zone tveditor1">
 EVALUATION = 3.40 – 3.60 * GROUP
</div>
</div>
</simpleChoice>
<simpleChoice identifier="alt_345685">
<div class="textblock tvblock tvcss_1"><div class="rte_zone tveditor1">
 EVALUATION= 3.20 + 0.40 * GROUP
</div>
</div>
</simpleChoice>
<simpleChoice identifier="alt_749094">
<div class="textblock tvblock tvcss_1"><div class="rte_zone tveditor1">
 EVALUATION = 3.40 – 0.20 * GROUP
</div>
</div>
</simpleChoice>
</choiceInteraction>
</itemBody>
<responseProcessing>
<responseCondition>
<responseIf>
<isNull>
<variable identifier="RESPONSE"/>
</isNull>
<setOutcomeValue identifier="SCORE">
<baseValue baseType="float">0.0</baseValue>
</setOutcomeValue>
<setOutcomeValue identifier="FEEDBACK">
<baseValue baseType="identifier">FAILURE</baseValue>
</setOutcomeValue>
</responseIf>
<responseElse>
<setOutcomeValue identifier="SCORE">
<mapResponse identifier="RESPONSE"/>
</setOutcomeValue>
<responseCondition>
<responseIf>
<equal toleranceMode="relative" tolerance="0.001">
<variable identifier="SCORE"/>
<variable identifier="MAXSCORE"/>
</equal>
<setOutcomeValue identifier="FEEDBACK">
<baseValue baseType="identifier">ANSWER_CORRECT</baseValue>
</setOutcomeValue>
</responseIf>
<responseElse>
<setOutcomeValue identifier="FEEDBACK">
<baseValue baseType="identifier">FAILURE</baseValue>
</setOutcomeValue>
</responseElse>
</responseCondition>
</responseElse>
</responseCondition>
</responseProcessing>
<modalFeedback identifier="FAILURE" outcomeIdentifier="FEEDBACK" showHide="show">
<div class="textblock tvblock tvcss_1"><div class="rte_zone tveditor1">
<ul>
<li> EVALUATION = 3.60 + 3.40 * GROUP <br /> False </li>
<li> EVALUATION= 3.60 – 0.20 * GROUP <br /> True </li>
<li> EVALUATION = 0.20 + 3.40 * GROUP <br /> False </li>
<li> EVALUATION = 3.40 – 3.60 * GROUP <br /> False </li>
<li> EVALUATION= 3.20 + 0.40 * GROUP <br /> False </li>
<li> EVALUATION = 3.40 – 0.20 * GROUP <br /> False </li>
</ul>
</div>
</div>
</modalFeedback>
<modalFeedback identifier="ANSWER_CORRECT" outcomeIdentifier="FEEDBACK" showHide="show">
<div class="textblock tvblock tvcss_1"><div class="rte_zone tveditor1">
<ul>
<li> EVALUATION = 3.60 + 3.40 * GROUP <br /> False </li>
<li> EVALUATION= 3.60 – 0.20 * GROUP <br /> True </li>
<li> EVALUATION = 0.20 + 3.40 * GROUP <br /> False </li>
<li> EVALUATION = 3.40 – 3.60 * GROUP <br /> False </li>
<li> EVALUATION= 3.20 + 0.40 * GROUP <br /> False </li>
<li> EVALUATION = 3.40 – 0.20 * GROUP <br /> False </li>
</ul>
</div>
</div>
</modalFeedback>
<modalFeedback identifier="PARTIAL_CORRECT" outcomeIdentifier="FEEDBACK" showHide="show">
<div class="textblock tvblock tvcss_1"><div class="rte_zone tveditor1">
<ul>
<li> EVALUATION = 3.60 + 3.40 * GROUP <br /> False </li>
<li> EVALUATION= 3.60 – 0.20 * GROUP <br /> True </li>
<li> EVALUATION = 0.20 + 3.40 * GROUP <br /> False </li>
<li> EVALUATION = 3.40 – 3.60 * GROUP <br /> False </li>
<li> EVALUATION= 3.20 + 0.40 * GROUP <br /> False </li>
<li> EVALUATION = 3.40 – 0.20 * GROUP <br /> False </li>
</ul>
</div>
</div>
</modalFeedback>
</assessmentItem>
