<?xml version="1.0" encoding="UTF-8"?>
<assessmentItem xsi:schemaLocation="http://www.imsglobal.org/xsd/imsqti_v2p1 http://www.imsglobal.org/xsd/qti/qtiv2p1/imsqti_v2p1p1.xsd http://www.w3.org/1998/Math/MathML http://www.w3.org/Math/XMLSchema/mathml2/mathml2.xsd" identifier="uva-multiplication-rule-1330-nl-ans_950278655_section_1_item_1_schoice" title="Probability_uva-multiplication-rule-1330-nl_uva-multiplication-rule-1330-nl_schoice_1" adaptive="false" timeDependent="false" xmlns="http://www.imsglobal.org/xsd/imsqti_v2p1" xmlns:xsi="http://www.w3.org/2001/XMLSchema-instance">
<responseDeclaration identifier="uva-multiplication-rule-1330-nl-ans_950278655_section_1_item_1_schoice_RESPONSE_1_1370089" cardinality="single" baseType="identifier">
<correctResponse>
<value>uva-multiplication-rule-1330-nl-ans_950278655_section_1_item_1_schoice_1_9068539990</value>
</correctResponse>
<mapping defaultValue="0" lowerBound="0.0">
<mapEntry mapKey="uva-multiplication-rule-1330-nl-ans_950278655_section_1_item_1_schoice_1_9068539990" mappedValue="1"/>
<mapEntry mapKey="uva-multiplication-rule-1330-nl-ans_950278655_section_1_item_1_schoice_2_2582795353" mappedValue="0"/>
<mapEntry mapKey="uva-multiplication-rule-1330-nl-ans_950278655_section_1_item_1_schoice_3_5216062730" mappedValue="0"/>
<mapEntry mapKey="uva-multiplication-rule-1330-nl-ans_950278655_section_1_item_1_schoice_4_2224664763" mappedValue="0"/>
</mapping>
</responseDeclaration>
<outcomeDeclaration identifier="SCORE" cardinality="single" baseType="float" normalMaximum="1" normalMinimum="0">
<defaultValue>
<value>0.0</value>
</defaultValue>
</outcomeDeclaration>
<outcomeDeclaration identifier="MAXSCORE" cardinality="single" baseType="float">
<defaultValue>
<value>1</value>
</defaultValue>
</outcomeDeclaration>
<outcomeDeclaration identifier="FEEDBACKBASIC" cardinality="single" baseType="identifier" view="testConstructor">
<defaultValue>
<value>empty</value>
</defaultValue>
</outcomeDeclaration>
<outcomeDeclaration identifier="FEEDBACKMODAL" cardinality="multiple" baseType="identifier" view="testConstructor"/>
<outcomeDeclaration identifier="SOLUTIONMODAL" cardinality="single" baseType="identifier" view="testConstructor"/>
<outcomeDeclaration identifier="MINSCORE" cardinality="single" baseType="float">
<defaultValue>
<value baseType="float">0</value>
</defaultValue>
</outcomeDeclaration>
<outcomeDeclaration identifier="SCORE_RESPONSE_1" cardinality="single" baseType="float">
<defaultValue>
<value>0.0</value>
</defaultValue>
</outcomeDeclaration>
<outcomeDeclaration identifier="MINSCORE_RESPONSE_1" cardinality="single" baseType="float">
<defaultValue>
<value>0.0</value>
</defaultValue>
</outcomeDeclaration>
<itemBody>
<p>11% van de eerstejaars studenten doet een aanvullende cursus Statistiek.
Stel dat je een willekeurige steekproef neemt van 12
eerstejaarsstudenten. Wat is dan de kans dat alle 12 studenten aan de
cursus Statistiek meedoen?</p>
<choiceInteraction responseIdentifier="uva-multiplication-rule-1330-nl-ans_950278655_section_1_item_1_schoice_RESPONSE_1_1370089" shuffle="false" maxChoices="1">
<simpleChoice identifier="uva-multiplication-rule-1330-nl-ans_950278655_section_1_item_1_schoice_1_9068539990">
<p>
 0,1112
</p>
</simpleChoice>
<simpleChoice identifier="uva-multiplication-rule-1330-nl-ans_950278655_section_1_item_1_schoice_2_2582795353">
<p>
 0,11
</p>
</simpleChoice>
<simpleChoice identifier="uva-multiplication-rule-1330-nl-ans_950278655_section_1_item_1_schoice_3_5216062730">
<p>
 0,8912
</p>
</simpleChoice>
<simpleChoice identifier="uva-multiplication-rule-1330-nl-ans_950278655_section_1_item_1_schoice_4_2224664763">
<p>
 0,89
</p>
</simpleChoice>
</choiceInteraction>
</itemBody>
<responseProcessing>
<setOutcomeValue identifier="SCORE_RESPONSE_1">
<sum>
<variable identifier="SCORE_RESPONSE_1"/>
<mapResponse identifier="uva-multiplication-rule-1330-nl-ans_950278655_section_1_item_1_schoice_RESPONSE_1_1370089"/>
</sum>
</setOutcomeValue>
<responseCondition>
<responseIf>
<lt>
<variable identifier="SCORE_RESPONSE_1"/>
<variable identifier="MINSCORE_RESPONSE_1"/>
</lt>
<setOutcomeValue identifier="SCORE_RESPONSE_1">
<variable identifier="MINSCORE_RESPONSE_1"/>
</setOutcomeValue>
</responseIf>
</responseCondition>
<responseCondition>
<responseIf>
<isNull>
<variable identifier="uva-multiplication-rule-1330-nl-ans_950278655_section_1_item_1_schoice_RESPONSE_1_1370089"/>
</isNull>
<setOutcomeValue identifier="SCORE_RESPONSE_1">
<sum>
<variable identifier="SCORE_RESPONSE_1"/>
<baseValue baseType="float">0</baseValue>
</sum>
</setOutcomeValue>
</responseIf>
</responseCondition>
<setOutcomeValue identifier="SCORE">
<sum>
<variable identifier="SCORE_RESPONSE_1"/>
</sum>
</setOutcomeValue>
<responseCondition>
<responseIf>
<lt>
<variable identifier="SCORE"/>
<variable identifier="MINSCORE"/>
</lt>
<setOutcomeValue identifier="SCORE">
<variable identifier="MINSCORE"/>
</setOutcomeValue>
</responseIf>
</responseCondition>
<responseCondition>
<responseIf>
<lt>
<variable identifier="SCORE"/>
<baseValue baseType="float">1</baseValue>
</lt>
<setOutcomeValue identifier="FEEDBACKMODAL">
<multiple>
<variable identifier="FEEDBACKMODAL"/>
<baseValue baseType="identifier">Feedback171198009</baseValue>
</multiple>
</setOutcomeValue>
</responseIf>
</responseCondition>
</responseProcessing>
<modalFeedback outcomeIdentifier="FEEDBACK" showHide="show" identifier="incorrect">
<ul>
<li> 0,1112 <br /> 0,1112: Correct </li>
<li> 0,11 <br /> 0,11: Incorrect </li>
<li> 0,8912 <br /> 0,8912: Incorrect </li>
<li> 0,89 <br /> 0,89: Incorrect </li>
</ul>
</modalFeedback>
</assessmentItem>
