<?xml version="1.0" encoding="UTF-8"?>
<assessmentItem xsi:schemaLocation="http://www.imsglobal.org/xsd/imsqti_v2p1 http://www.imsglobal.org/xsd/qti/qtiv2p1/imsqti_v2p1p1.xsd http://www.w3.org/1998/Math/MathML http://www.w3.org/Math/XMLSchema/mathml2/mathml2.xsd" identifier="vufgb-dummies-007-en-qti_335405436_section_1_item_1_schoice" title="1" adaptive="false" timeDependent="false" xmlns="http://www.imsglobal.org/xsd/imsqti_v2p1" xmlns:xsi="http://www.w3.org/2001/XMLSchema-instance">
<responseDeclaration identifier="vufgb-dummies-007-en-qti_335405436_section_1_item_1_schoice_RESPONSE_1_4998184" cardinality="single" baseType="identifier">
<correctResponse>
<value>vufgb-dummies-007-en-qti_335405436_section_1_item_1_schoice_3_9114611289</value>
</correctResponse>
<mapping defaultValue="0" lowerBound="0.0">
<mapEntry mapKey="vufgb-dummies-007-en-qti_335405436_section_1_item_1_schoice_1_6711230416" mappedValue="0"/>
<mapEntry mapKey="vufgb-dummies-007-en-qti_335405436_section_1_item_1_schoice_2_7598396866" mappedValue="0"/>
<mapEntry mapKey="vufgb-dummies-007-en-qti_335405436_section_1_item_1_schoice_3_9114611289" mappedValue="1"/>
<mapEntry mapKey="vufgb-dummies-007-en-qti_335405436_section_1_item_1_schoice_4_6203213700" mappedValue="0"/>
</mapping>
</responseDeclaration>
<outcomeDeclaration identifier="SCORE" cardinality="single" baseType="float" normalMaximum="1" normalMinimum="0">
<defaultValue>
<value>0.0</value>
</defaultValue>
</outcomeDeclaration>
<outcomeDeclaration identifier="MAXSCORE" cardinality="single" baseType="float">
<defaultValue>
<value>1</value>
</defaultValue>
</outcomeDeclaration>
<outcomeDeclaration identifier="FEEDBACKBASIC" cardinality="single" baseType="identifier" view="testConstructor">
<defaultValue>
<value>empty</value>
</defaultValue>
</outcomeDeclaration>
<outcomeDeclaration identifier="FEEDBACKMODAL" cardinality="multiple" baseType="identifier" view="testConstructor"/>
<outcomeDeclaration identifier="SOLUTIONMODAL" cardinality="single" baseType="identifier" view="testConstructor"/>
<outcomeDeclaration identifier="MINSCORE" cardinality="single" baseType="float">
<defaultValue>
<value baseType="float">0</value>
</defaultValue>
</outcomeDeclaration>
<outcomeDeclaration identifier="SCORE_RESPONSE_1" cardinality="single" baseType="float">
<defaultValue>
<value>0.0</value>
</defaultValue>
</outcomeDeclaration>
<outcomeDeclaration identifier="MINSCORE_RESPONSE_1" cardinality="single" baseType="float">
<defaultValue>
<value>0.0</value>
</defaultValue>
</outcomeDeclaration>
<itemBody>
<p>A researcher is interested in the effect of physical exercise (<em>z</em> = 0 for no physical exercise, <em>z</em> = 1 for physical exercise) on <em>y</em> = working memory. In doing so, she wants to control for <em>x</em> = age. The regression equation is <math display="inline" xmlns="http://www.w3.org/1998/Math/MathML"><semantics><mrow><mover><mi>y</mi><mo accent="true">̂</mo></mover><mo>=</mo><mn>120</mn><mo>+</mo><mn>10</mn><mi>z</mi><mo>−</mo><mn>0.5</mn><mi>x</mi></mrow><annotation encoding="application/x-tex">\hat{y} = 120+10z-0.5x</annotation></semantics></math>. The average age is 60 for no physical activity and 50 for physical activity. The overall mean age is 55. Calculate the adjusted mean (“adjusted mean”) of working memory for well physical exercise.</p>
<choiceInteraction responseIdentifier="vufgb-dummies-007-en-qti_335405436_section_1_item_1_schoice_RESPONSE_1_4998184" shuffle="false" maxChoices="1">
<simpleChoice identifier="vufgb-dummies-007-en-qti_335405436_section_1_item_1_schoice_1_6711230416">
<p>
 92.5
</p>
</simpleChoice>
<simpleChoice identifier="vufgb-dummies-007-en-qti_335405436_section_1_item_1_schoice_2_7598396866">
<p>
 95
</p>
</simpleChoice>
<simpleChoice identifier="vufgb-dummies-007-en-qti_335405436_section_1_item_1_schoice_3_9114611289">
<p>
 102.5
</p>
</simpleChoice>
<simpleChoice identifier="vufgb-dummies-007-en-qti_335405436_section_1_item_1_schoice_4_6203213700">
<p>
 105
</p>
</simpleChoice>
</choiceInteraction>
</itemBody>
<responseProcessing>
<setOutcomeValue identifier="SCORE_RESPONSE_1">
<sum>
<variable identifier="SCORE_RESPONSE_1"/>
<mapResponse identifier="vufgb-dummies-007-en-qti_335405436_section_1_item_1_schoice_RESPONSE_1_4998184"/>
</sum>
</setOutcomeValue>
<responseCondition>
<responseIf>
<lt>
<variable identifier="SCORE_RESPONSE_1"/>
<variable identifier="MINSCORE_RESPONSE_1"/>
</lt>
<setOutcomeValue identifier="SCORE_RESPONSE_1">
<variable identifier="MINSCORE_RESPONSE_1"/>
</setOutcomeValue>
</responseIf>
</responseCondition>
<responseCondition>
<responseIf>
<isNull>
<variable identifier="vufgb-dummies-007-en-qti_335405436_section_1_item_1_schoice_RESPONSE_1_4998184"/>
</isNull>
<setOutcomeValue identifier="SCORE_RESPONSE_1">
<sum>
<variable identifier="SCORE_RESPONSE_1"/>
<baseValue baseType="float">0</baseValue>
</sum>
</setOutcomeValue>
</responseIf>
</responseCondition>
<setOutcomeValue identifier="SCORE">
<sum>
<variable identifier="SCORE_RESPONSE_1"/>
</sum>
</setOutcomeValue>
<responseCondition>
<responseIf>
<lt>
<variable identifier="SCORE"/>
<variable identifier="MINSCORE"/>
</lt>
<setOutcomeValue identifier="SCORE">
<variable identifier="MINSCORE"/>
</setOutcomeValue>
</responseIf>
</responseCondition>
<responseCondition>
<responseIf>
<lt>
<variable identifier="SCORE"/>
<baseValue baseType="float">1</baseValue>
</lt>
<setOutcomeValue identifier="FEEDBACKMODAL">
<multiple>
<variable identifier="FEEDBACKMODAL"/>
<baseValue baseType="identifier">Feedback220186857</baseValue>
</multiple>
</setOutcomeValue>
</responseIf>
</responseCondition>
</responseProcessing>
<modalFeedback identifier="Feedback220186857" outcomeIdentifier="FEEDBACKMODAL" showHide="show">
<ul>
<li> 92.5 <br /> Incorrect </li>
<li> 95 <br /> Incorrect </li>
<li> 102.5 <br /> Correct </li>
<li> 105 <br /> Incorrect </li>
</ul>
</modalFeedback>
</assessmentItem>
