<?xml version="1.0" encoding="UTF-8"?>
<assessmentItem xsi:schemaLocation="http://www.imsglobal.org/xsd/imsqti_v2p1 http://www.imsglobal.org/xsd/qti/qtiv2p1/imsqti_v2p1p1.xsd http://www.w3.org/1998/Math/MathML http://www.w3.org/Math/XMLSchema/mathml2/mathml2.xsd" identifier="uva-elementary-probability-1003-en-qti_615425125_section_1_item_1_schoice" title="1" adaptive="false" timeDependent="false" xmlns="http://www.imsglobal.org/xsd/imsqti_v2p1" xmlns:xsi="http://www.w3.org/2001/XMLSchema-instance">
<responseDeclaration identifier="uva-elementary-probability-1003-en-qti_615425125_section_1_item_1_schoice_RESPONSE_1_9936898" cardinality="single" baseType="identifier">
<correctResponse>
<value>uva-elementary-probability-1003-en-qti_615425125_section_1_item_1_schoice_1_3212611637</value>
</correctResponse>
<mapping defaultValue="0" lowerBound="0.0">
<mapEntry mapKey="uva-elementary-probability-1003-en-qti_615425125_section_1_item_1_schoice_1_3212611637" mappedValue="1"/>
<mapEntry mapKey="uva-elementary-probability-1003-en-qti_615425125_section_1_item_1_schoice_2_8594022873" mappedValue="0"/>
<mapEntry mapKey="uva-elementary-probability-1003-en-qti_615425125_section_1_item_1_schoice_3_7664881964" mappedValue="0"/>
<mapEntry mapKey="uva-elementary-probability-1003-en-qti_615425125_section_1_item_1_schoice_4_5284106673" mappedValue="0"/>
</mapping>
</responseDeclaration>
<outcomeDeclaration identifier="SCORE" cardinality="single" baseType="float" normalMaximum="1" normalMinimum="0">
<defaultValue>
<value>0.0</value>
</defaultValue>
</outcomeDeclaration>
<outcomeDeclaration identifier="MAXSCORE" cardinality="single" baseType="float">
<defaultValue>
<value>1</value>
</defaultValue>
</outcomeDeclaration>
<outcomeDeclaration identifier="FEEDBACKBASIC" cardinality="single" baseType="identifier" view="testConstructor">
<defaultValue>
<value>empty</value>
</defaultValue>
</outcomeDeclaration>
<outcomeDeclaration identifier="FEEDBACKMODAL" cardinality="multiple" baseType="identifier" view="testConstructor"/>
<outcomeDeclaration identifier="SOLUTIONMODAL" cardinality="single" baseType="identifier" view="testConstructor"/>
<outcomeDeclaration identifier="MINSCORE" cardinality="single" baseType="float">
<defaultValue>
<value baseType="float">0</value>
</defaultValue>
</outcomeDeclaration>
<outcomeDeclaration identifier="SCORE_RESPONSE_1" cardinality="single" baseType="float">
<defaultValue>
<value>0.0</value>
</defaultValue>
</outcomeDeclaration>
<outcomeDeclaration identifier="MINSCORE_RESPONSE_1" cardinality="single" baseType="float">
<defaultValue>
<value>0.0</value>
</defaultValue>
</outcomeDeclaration>
<itemBody>
<p>We have 60 screws in a box. One of these screws has both a defective head and a defective thread. Three of the screws have a defective head and two have a defective thread. We call the events:‛<br />
* <em>A</em> = {a defective thread}
* <em>B</em> = {a defective head}.
* <em>C</em> = {both a defective head and a defective wire}.  Then what is the relative frequency of <em>C</em>?</p>
<choiceInteraction responseIdentifier="uva-elementary-probability-1003-en-qti_615425125_section_1_item_1_schoice_RESPONSE_1_9936898" shuffle="false" maxChoices="1">
<simpleChoice identifier="uva-elementary-probability-1003-en-qti_615425125_section_1_item_1_schoice_1_3212611637">
<p>
 1/60
</p>
</simpleChoice>
<simpleChoice identifier="uva-elementary-probability-1003-en-qti_615425125_section_1_item_1_schoice_2_8594022873">
<p>
 2/60
</p>
</simpleChoice>
<simpleChoice identifier="uva-elementary-probability-1003-en-qti_615425125_section_1_item_1_schoice_3_7664881964">
<p>
 3/60
</p>
</simpleChoice>
<simpleChoice identifier="uva-elementary-probability-1003-en-qti_615425125_section_1_item_1_schoice_4_5284106673">
<p>
 4/60
</p>
</simpleChoice>
</choiceInteraction>
</itemBody>
<responseProcessing>
<setOutcomeValue identifier="SCORE_RESPONSE_1">
<sum>
<variable identifier="SCORE_RESPONSE_1"/>
<mapResponse identifier="uva-elementary-probability-1003-en-qti_615425125_section_1_item_1_schoice_RESPONSE_1_9936898"/>
</sum>
</setOutcomeValue>
<responseCondition>
<responseIf>
<lt>
<variable identifier="SCORE_RESPONSE_1"/>
<variable identifier="MINSCORE_RESPONSE_1"/>
</lt>
<setOutcomeValue identifier="SCORE_RESPONSE_1">
<variable identifier="MINSCORE_RESPONSE_1"/>
</setOutcomeValue>
</responseIf>
</responseCondition>
<responseCondition>
<responseIf>
<isNull>
<variable identifier="uva-elementary-probability-1003-en-qti_615425125_section_1_item_1_schoice_RESPONSE_1_9936898"/>
</isNull>
<setOutcomeValue identifier="SCORE_RESPONSE_1">
<sum>
<variable identifier="SCORE_RESPONSE_1"/>
<baseValue baseType="float">0</baseValue>
</sum>
</setOutcomeValue>
</responseIf>
</responseCondition>
<setOutcomeValue identifier="SCORE">
<sum>
<variable identifier="SCORE_RESPONSE_1"/>
</sum>
</setOutcomeValue>
<responseCondition>
<responseIf>
<lt>
<variable identifier="SCORE"/>
<variable identifier="MINSCORE"/>
</lt>
<setOutcomeValue identifier="SCORE">
<variable identifier="MINSCORE"/>
</setOutcomeValue>
</responseIf>
</responseCondition>
<responseCondition>
<responseIf>
<lt>
<variable identifier="SCORE"/>
<baseValue baseType="float">1</baseValue>
</lt>
<setOutcomeValue identifier="FEEDBACKMODAL">
<multiple>
<variable identifier="FEEDBACKMODAL"/>
<baseValue baseType="identifier">Feedback364057071</baseValue>
</multiple>
</setOutcomeValue>
</responseIf>
</responseCondition>
</responseProcessing>
<modalFeedback identifier="Feedback364057071" outcomeIdentifier="FEEDBACKMODAL" showHide="show">
<ul>
<li> 1/60 <br /> 1/60: Correct </li>
<li> 2/60 <br /> 2/60: Incorrect </li>
<li> 3/60 <br /> 3/60: Incorrect </li>
<li> 4/60 <br /> 4/60: Incorrect </li>
</ul>
</modalFeedback>
</assessmentItem>
