<?xml version="1.0" encoding="UTF-8"?>
<assessmentItem xsi:schemaLocation="http://www.imsglobal.org/xsd/imsqti_v2p1 http://www.imsglobal.org/xsd/qti/qtiv2p1/imsqti_v2p1p1.xsd http://www.w3.org/1998/Math/MathML http://www.w3.org/Math/XMLSchema/mathml2/mathml2.xsd" identifier="vufgb-bivariatestatistics-001-nl-qti_946465797_section_1_item_1_schoice" title="1" adaptive="false" timeDependent="false" xmlns="http://www.imsglobal.org/xsd/imsqti_v2p1" xmlns:xsi="http://www.w3.org/2001/XMLSchema-instance">
<responseDeclaration identifier="vufgb-bivariatestatistics-001-nl-qti_946465797_section_1_item_1_schoice_RESPONSE_1_8302410" cardinality="single" baseType="identifier">
<correctResponse>
<value>vufgb-bivariatestatistics-001-nl-qti_946465797_section_1_item_1_schoice_3_4950346256</value>
</correctResponse>
<mapping defaultValue="0" lowerBound="0.0">
<mapEntry mapKey="vufgb-bivariatestatistics-001-nl-qti_946465797_section_1_item_1_schoice_1_8500211829" mappedValue="0"/>
<mapEntry mapKey="vufgb-bivariatestatistics-001-nl-qti_946465797_section_1_item_1_schoice_2_6329302667" mappedValue="0"/>
<mapEntry mapKey="vufgb-bivariatestatistics-001-nl-qti_946465797_section_1_item_1_schoice_3_4950346256" mappedValue="1"/>
<mapEntry mapKey="vufgb-bivariatestatistics-001-nl-qti_946465797_section_1_item_1_schoice_4_8968658671" mappedValue="0"/>
</mapping>
</responseDeclaration>
<outcomeDeclaration identifier="SCORE" cardinality="single" baseType="float" normalMaximum="1" normalMinimum="0">
<defaultValue>
<value>0.0</value>
</defaultValue>
</outcomeDeclaration>
<outcomeDeclaration identifier="MAXSCORE" cardinality="single" baseType="float">
<defaultValue>
<value>1</value>
</defaultValue>
</outcomeDeclaration>
<outcomeDeclaration identifier="FEEDBACKBASIC" cardinality="single" baseType="identifier" view="testConstructor">
<defaultValue>
<value>empty</value>
</defaultValue>
</outcomeDeclaration>
<outcomeDeclaration identifier="FEEDBACKMODAL" cardinality="multiple" baseType="identifier" view="testConstructor"/>
<outcomeDeclaration identifier="SOLUTIONMODAL" cardinality="single" baseType="identifier" view="testConstructor"/>
<outcomeDeclaration identifier="MINSCORE" cardinality="single" baseType="float">
<defaultValue>
<value baseType="float">0</value>
</defaultValue>
</outcomeDeclaration>
<outcomeDeclaration identifier="SCORE_RESPONSE_1" cardinality="single" baseType="float">
<defaultValue>
<value>0.0</value>
</defaultValue>
</outcomeDeclaration>
<outcomeDeclaration identifier="MINSCORE_RESPONSE_1" cardinality="single" baseType="float">
<defaultValue>
<value>0.0</value>
</defaultValue>
</outcomeDeclaration>
<itemBody>
<p>Een hoogleraar onderzoekt of de mate van drugsmisbruik onder pubers beïnvloed wordt door het aantal kinderen in een huishouden. De mate van drugsmisbruik wordt gemeten op een schaal van 1 tot 100. Dit is een voorbeeld van:</p>
<choiceInteraction responseIdentifier="vufgb-bivariatestatistics-001-nl-qti_946465797_section_1_item_1_schoice_RESPONSE_1_8302410" shuffle="false" maxChoices="1">
<simpleChoice identifier="vufgb-bivariatestatistics-001-nl-qti_946465797_section_1_item_1_schoice_1_8500211829">
<p>
 Univariate statistiek met drugsmisbruik als afhankelijke variabele.
</p>
</simpleChoice>
<simpleChoice identifier="vufgb-bivariatestatistics-001-nl-qti_946465797_section_1_item_1_schoice_2_6329302667">
<p>
 Univariate statistiek met drugsmisbruik als onafhankelijke variabele.
</p>
</simpleChoice>
<simpleChoice identifier="vufgb-bivariatestatistics-001-nl-qti_946465797_section_1_item_1_schoice_3_4950346256">
<p>
 Bivariate statistiek met drugsmisbruik als afhankelijke variabele.
</p>
</simpleChoice>
<simpleChoice identifier="vufgb-bivariatestatistics-001-nl-qti_946465797_section_1_item_1_schoice_4_8968658671">
<p>
 Bivariate statistiek met drugsmisbruik als onafhankelijke variabele.
</p>
</simpleChoice>
</choiceInteraction>
</itemBody>
<responseProcessing>
<setOutcomeValue identifier="SCORE_RESPONSE_1">
<sum>
<variable identifier="SCORE_RESPONSE_1"/>
<mapResponse identifier="vufgb-bivariatestatistics-001-nl-qti_946465797_section_1_item_1_schoice_RESPONSE_1_8302410"/>
</sum>
</setOutcomeValue>
<responseCondition>
<responseIf>
<lt>
<variable identifier="SCORE_RESPONSE_1"/>
<variable identifier="MINSCORE_RESPONSE_1"/>
</lt>
<setOutcomeValue identifier="SCORE_RESPONSE_1">
<variable identifier="MINSCORE_RESPONSE_1"/>
</setOutcomeValue>
</responseIf>
</responseCondition>
<responseCondition>
<responseIf>
<isNull>
<variable identifier="vufgb-bivariatestatistics-001-nl-qti_946465797_section_1_item_1_schoice_RESPONSE_1_8302410"/>
</isNull>
<setOutcomeValue identifier="SCORE_RESPONSE_1">
<sum>
<variable identifier="SCORE_RESPONSE_1"/>
<baseValue baseType="float">0</baseValue>
</sum>
</setOutcomeValue>
</responseIf>
</responseCondition>
<setOutcomeValue identifier="SCORE">
<sum>
<variable identifier="SCORE_RESPONSE_1"/>
</sum>
</setOutcomeValue>
<responseCondition>
<responseIf>
<lt>
<variable identifier="SCORE"/>
<variable identifier="MINSCORE"/>
</lt>
<setOutcomeValue identifier="SCORE">
<variable identifier="MINSCORE"/>
</setOutcomeValue>
</responseIf>
</responseCondition>
<responseCondition>
<responseIf>
<lt>
<variable identifier="SCORE"/>
<baseValue baseType="float">1</baseValue>
</lt>
<setOutcomeValue identifier="FEEDBACKMODAL">
<multiple>
<variable identifier="FEEDBACKMODAL"/>
<baseValue baseType="identifier">Feedback370751315</baseValue>
</multiple>
</setOutcomeValue>
</responseIf>
</responseCondition>
</responseProcessing>
<modalFeedback identifier="Feedback370751315" outcomeIdentifier="FEEDBACKMODAL" showHide="show">
<ul>
<li> Univariate statistiek met drugsmisbruik als afhankelijke variabele. <br /> Incorrect </li>
<li> Univariate statistiek met drugsmisbruik als onafhankelijke variabele. <br /> Incorrect </li>
<li> Bivariate statistiek met drugsmisbruik als afhankelijke variabele. <br /> Correct </li>
<li> Bivariate statistiek met drugsmisbruik als onafhankelijke variabele. <br /> Incorrect </li>
</ul>
</modalFeedback>
</assessmentItem>
