<?xml version="1.0" encoding="UTF-8"?>
<assessmentItem xsi:schemaLocation="http://www.imsglobal.org/xsd/imsqti_v2p1 http://www.imsglobal.org/xsd/qti/qtiv2p1/imsqti_v2p1p1.xsd http://www.w3.org/1998/Math/MathML http://www.w3.org/Math/XMLSchema/mathml2/mathml2.xsd" identifier="uva-critical-value-247-en-qti_467921563_section_1_item_1_schoice" title="1" adaptive="false" timeDependent="false" xmlns="http://www.imsglobal.org/xsd/imsqti_v2p1" xmlns:xsi="http://www.w3.org/2001/XMLSchema-instance">
<responseDeclaration identifier="uva-critical-value-247-en-qti_467921563_section_1_item_1_schoice_RESPONSE_1_3529075" cardinality="single" baseType="identifier">
<correctResponse>
<value>uva-critical-value-247-en-qti_467921563_section_1_item_1_schoice_3_3151656560</value>
</correctResponse>
<mapping defaultValue="0" lowerBound="0.0">
<mapEntry mapKey="uva-critical-value-247-en-qti_467921563_section_1_item_1_schoice_1_9312165524" mappedValue="0"/>
<mapEntry mapKey="uva-critical-value-247-en-qti_467921563_section_1_item_1_schoice_2_8367465655" mappedValue="0"/>
<mapEntry mapKey="uva-critical-value-247-en-qti_467921563_section_1_item_1_schoice_3_3151656560" mappedValue="1"/>
</mapping>
</responseDeclaration>
<outcomeDeclaration identifier="SCORE" cardinality="single" baseType="float" normalMaximum="1" normalMinimum="0">
<defaultValue>
<value>0.0</value>
</defaultValue>
</outcomeDeclaration>
<outcomeDeclaration identifier="MAXSCORE" cardinality="single" baseType="float">
<defaultValue>
<value>1</value>
</defaultValue>
</outcomeDeclaration>
<outcomeDeclaration identifier="FEEDBACKBASIC" cardinality="single" baseType="identifier" view="testConstructor">
<defaultValue>
<value>empty</value>
</defaultValue>
</outcomeDeclaration>
<outcomeDeclaration identifier="FEEDBACKMODAL" cardinality="multiple" baseType="identifier" view="testConstructor"/>
<outcomeDeclaration identifier="SOLUTIONMODAL" cardinality="single" baseType="identifier" view="testConstructor"/>
<outcomeDeclaration identifier="MINSCORE" cardinality="single" baseType="float">
<defaultValue>
<value baseType="float">0</value>
</defaultValue>
</outcomeDeclaration>
<outcomeDeclaration identifier="SCORE_RESPONSE_1" cardinality="single" baseType="float">
<defaultValue>
<value>0.0</value>
</defaultValue>
</outcomeDeclaration>
<outcomeDeclaration identifier="MINSCORE_RESPONSE_1" cardinality="single" baseType="float">
<defaultValue>
<value>0.0</value>
</defaultValue>
</outcomeDeclaration>
<itemBody>
<p>A null hypothesis is rejected when the exceedance probability p of the found value of the test quantity is less than</p>
<choiceInteraction responseIdentifier="uva-critical-value-247-en-qti_467921563_section_1_item_1_schoice_RESPONSE_1_3529075" shuffle="false" maxChoices="1">
<simpleChoice identifier="uva-critical-value-247-en-qti_467921563_section_1_item_1_schoice_1_9312165524">
<p>
 The critical limit Z1 - α
</p>
</simpleChoice>
<simpleChoice identifier="uva-critical-value-247-en-qti_467921563_section_1_item_1_schoice_2_8367465655">
<p>
 The power of discernment 1 - β
</p>
</simpleChoice>
<simpleChoice identifier="uva-critical-value-247-en-qti_467921563_section_1_item_1_schoice_3_3151656560">
<p>
 The significance level α
</p>
</simpleChoice>
</choiceInteraction>
</itemBody>
<responseProcessing>
<setOutcomeValue identifier="SCORE_RESPONSE_1">
<sum>
<variable identifier="SCORE_RESPONSE_1"/>
<mapResponse identifier="uva-critical-value-247-en-qti_467921563_section_1_item_1_schoice_RESPONSE_1_3529075"/>
</sum>
</setOutcomeValue>
<responseCondition>
<responseIf>
<lt>
<variable identifier="SCORE_RESPONSE_1"/>
<variable identifier="MINSCORE_RESPONSE_1"/>
</lt>
<setOutcomeValue identifier="SCORE_RESPONSE_1">
<variable identifier="MINSCORE_RESPONSE_1"/>
</setOutcomeValue>
</responseIf>
</responseCondition>
<responseCondition>
<responseIf>
<isNull>
<variable identifier="uva-critical-value-247-en-qti_467921563_section_1_item_1_schoice_RESPONSE_1_3529075"/>
</isNull>
<setOutcomeValue identifier="SCORE_RESPONSE_1">
<sum>
<variable identifier="SCORE_RESPONSE_1"/>
<baseValue baseType="float">0</baseValue>
</sum>
</setOutcomeValue>
</responseIf>
</responseCondition>
<setOutcomeValue identifier="SCORE">
<sum>
<variable identifier="SCORE_RESPONSE_1"/>
</sum>
</setOutcomeValue>
<responseCondition>
<responseIf>
<lt>
<variable identifier="SCORE"/>
<variable identifier="MINSCORE"/>
</lt>
<setOutcomeValue identifier="SCORE">
<variable identifier="MINSCORE"/>
</setOutcomeValue>
</responseIf>
</responseCondition>
<responseCondition>
<responseIf>
<lt>
<variable identifier="SCORE"/>
<baseValue baseType="float">1</baseValue>
</lt>
<setOutcomeValue identifier="FEEDBACKMODAL">
<multiple>
<variable identifier="FEEDBACKMODAL"/>
<baseValue baseType="identifier">Feedback816221267</baseValue>
</multiple>
</setOutcomeValue>
</responseIf>
</responseCondition>
</responseProcessing>
<modalFeedback identifier="Feedback816221267" outcomeIdentifier="FEEDBACKMODAL" showHide="show">
<ul>
<li> The critical limit Z1 - α <br /> The critical limit Z1 - α: Incorrect </li>
<li> The power of discernment 1 - β <br /> The discernment 1 - β: Incorrect </li>
<li> The significance level α <br /> The significance level α: Correct </li>
</ul>
</modalFeedback>
</assessmentItem>
