<?xml version="1.0" encoding="UTF-8"?>
<assessmentItem xsi:schemaLocation="http://www.imsglobal.org/xsd/imsqti_v2p1 http://www.imsglobal.org/xsd/qti/qtiv2p1/imsqti_v2p1p1.xsd http://www.w3.org/1998/Math/MathML http://www.w3.org/Math/XMLSchema/mathml2/mathml2.xsd" identifier="vufgb-logisticregression-007-nl-qti_454755993_section_1_item_1_schoice" title="1" adaptive="false" timeDependent="false" xmlns="http://www.imsglobal.org/xsd/imsqti_v2p1" xmlns:xsi="http://www.w3.org/2001/XMLSchema-instance">
<responseDeclaration identifier="vufgb-logisticregression-007-nl-qti_454755993_section_1_item_1_schoice_RESPONSE_1_8558387" cardinality="single" baseType="identifier">
<correctResponse>
<value>vufgb-logisticregression-007-nl-qti_454755993_section_1_item_1_schoice_4_7286297322</value>
</correctResponse>
<mapping defaultValue="0" lowerBound="0.0">
<mapEntry mapKey="vufgb-logisticregression-007-nl-qti_454755993_section_1_item_1_schoice_1_7973899513" mappedValue="0"/>
<mapEntry mapKey="vufgb-logisticregression-007-nl-qti_454755993_section_1_item_1_schoice_2_1039478625" mappedValue="0"/>
<mapEntry mapKey="vufgb-logisticregression-007-nl-qti_454755993_section_1_item_1_schoice_3_3666875582" mappedValue="0"/>
<mapEntry mapKey="vufgb-logisticregression-007-nl-qti_454755993_section_1_item_1_schoice_4_7286297322" mappedValue="1"/>
</mapping>
</responseDeclaration>
<outcomeDeclaration identifier="SCORE" cardinality="single" baseType="float" normalMaximum="1" normalMinimum="0">
<defaultValue>
<value>0.0</value>
</defaultValue>
</outcomeDeclaration>
<outcomeDeclaration identifier="MAXSCORE" cardinality="single" baseType="float">
<defaultValue>
<value>1</value>
</defaultValue>
</outcomeDeclaration>
<outcomeDeclaration identifier="FEEDBACKBASIC" cardinality="single" baseType="identifier" view="testConstructor">
<defaultValue>
<value>empty</value>
</defaultValue>
</outcomeDeclaration>
<outcomeDeclaration identifier="FEEDBACKMODAL" cardinality="multiple" baseType="identifier" view="testConstructor"/>
<outcomeDeclaration identifier="SOLUTIONMODAL" cardinality="single" baseType="identifier" view="testConstructor"/>
<outcomeDeclaration identifier="MINSCORE" cardinality="single" baseType="float">
<defaultValue>
<value baseType="float">0</value>
</defaultValue>
</outcomeDeclaration>
<outcomeDeclaration identifier="SCORE_RESPONSE_1" cardinality="single" baseType="float">
<defaultValue>
<value>0.0</value>
</defaultValue>
</outcomeDeclaration>
<outcomeDeclaration identifier="MINSCORE_RESPONSE_1" cardinality="single" baseType="float">
<defaultValue>
<value>0.0</value>
</defaultValue>
</outcomeDeclaration>
<itemBody>
<p>We doen een enkelvoudige binaire logistische regressie-analyse. Daar vinden we de volgende parameterschattingen: <math display="inline" xmlns="http://www.w3.org/1998/Math/MathML"><semantics><mrow><msub><mi>B</mi><mn>0</mn></msub><mo>=</mo><mn>0.3</mn></mrow><annotation encoding="application/x-tex">B_0 = 0.3</annotation></semantics></math> en $B_1 = $. Wat is de voorspelde kans op <math display="inline" xmlns="http://www.w3.org/1998/Math/MathML"><semantics><mrow><mi>Y</mi><mo>=</mo><mn>1</mn></mrow><annotation encoding="application/x-tex">Y = 1</annotation></semantics></math> als <math display="inline" xmlns="http://www.w3.org/1998/Math/MathML"><semantics><mrow><mi>X</mi><mo>=</mo><mn>2</mn></mrow><annotation encoding="application/x-tex">X = 2</annotation></semantics></math>?</p>
<choiceInteraction responseIdentifier="vufgb-logisticregression-007-nl-qti_454755993_section_1_item_1_schoice_RESPONSE_1_8558387" shuffle="false" maxChoices="1">
<simpleChoice identifier="vufgb-logisticregression-007-nl-qti_454755993_section_1_item_1_schoice_1_7973899513">
<p>
 0.40
</p>
</simpleChoice>
<simpleChoice identifier="vufgb-logisticregression-007-nl-qti_454755993_section_1_item_1_schoice_2_1039478625">
<p>
 0.50
</p>
</simpleChoice>
<simpleChoice identifier="vufgb-logisticregression-007-nl-qti_454755993_section_1_item_1_schoice_3_3666875582">
<p>
 0.60
</p>
</simpleChoice>
<simpleChoice identifier="vufgb-logisticregression-007-nl-qti_454755993_section_1_item_1_schoice_4_7286297322">
<p>
 0.62
</p>
</simpleChoice>
</choiceInteraction>
</itemBody>
<responseProcessing>
<setOutcomeValue identifier="SCORE_RESPONSE_1">
<sum>
<variable identifier="SCORE_RESPONSE_1"/>
<mapResponse identifier="vufgb-logisticregression-007-nl-qti_454755993_section_1_item_1_schoice_RESPONSE_1_8558387"/>
</sum>
</setOutcomeValue>
<responseCondition>
<responseIf>
<lt>
<variable identifier="SCORE_RESPONSE_1"/>
<variable identifier="MINSCORE_RESPONSE_1"/>
</lt>
<setOutcomeValue identifier="SCORE_RESPONSE_1">
<variable identifier="MINSCORE_RESPONSE_1"/>
</setOutcomeValue>
</responseIf>
</responseCondition>
<responseCondition>
<responseIf>
<isNull>
<variable identifier="vufgb-logisticregression-007-nl-qti_454755993_section_1_item_1_schoice_RESPONSE_1_8558387"/>
</isNull>
<setOutcomeValue identifier="SCORE_RESPONSE_1">
<sum>
<variable identifier="SCORE_RESPONSE_1"/>
<baseValue baseType="float">0</baseValue>
</sum>
</setOutcomeValue>
</responseIf>
</responseCondition>
<setOutcomeValue identifier="SCORE">
<sum>
<variable identifier="SCORE_RESPONSE_1"/>
</sum>
</setOutcomeValue>
<responseCondition>
<responseIf>
<lt>
<variable identifier="SCORE"/>
<variable identifier="MINSCORE"/>
</lt>
<setOutcomeValue identifier="SCORE">
<variable identifier="MINSCORE"/>
</setOutcomeValue>
</responseIf>
</responseCondition>
<responseCondition>
<responseIf>
<lt>
<variable identifier="SCORE"/>
<baseValue baseType="float">1</baseValue>
</lt>
<setOutcomeValue identifier="FEEDBACKMODAL">
<multiple>
<variable identifier="FEEDBACKMODAL"/>
<baseValue baseType="identifier">Feedback628688634</baseValue>
</multiple>
</setOutcomeValue>
</responseIf>
</responseCondition>
</responseProcessing>
<modalFeedback identifier="Feedback628688634" outcomeIdentifier="FEEDBACKMODAL" showHide="show">
</modalFeedback>
</assessmentItem>
