<?xml version="1.0" encoding="utf-8" standalone="yes"?>
<assessmentItem identifier="eur-descriptive-115-nl-tv_202601131819_item_1_schoice" title="eur-descriptive-115-nl-tv_202601131819_item_1_schoice_eur-descriptive-115-nl" adaptive="false" timeDependent="false" toolName="Testvision Online" toolVersion="39.0.9084" xmlns="http://www.imsglobal.org/xsd/imsqti_v2p1">
<responseDeclaration identifier="RESPONSE" cardinality="single" baseType="identifier">
<correctResponse>
<value>alt_835932</value>
</correctResponse>
<mapping defaultValue="0" lowerBound="0.0">
<mapEntry mapKey="alt_835932" mappedValue="1"/>
<mapEntry mapKey="alt_109850" mappedValue="-0.333333333333333"/>
<mapEntry mapKey="alt_718626" mappedValue="-0.333333333333333"/>
<mapEntry mapKey="alt_890364" mappedValue="-0.333333333333333"/>
</mapping>
</responseDeclaration>
<outcomeDeclaration identifier="SCORE" cardinality="single" baseType="float" normalMaximum="1" normalMinimum="0" />
<outcomeDeclaration identifier="FEEDBACK" cardinality="single" baseType="identifier" />
<stylesheet href="css/eur-descriptive-115-nl-tv_202601131819_item_1_schoice.css" type="text/css" />
<itemBody>
<p>Als we de sterkte van het lineaire verband tussen twee continue variabelen willen bepalen met behulp van een scatterplot, letten we op:</p>
<choiceInteraction responseIdentifier="RESPONSE" shuffle="false" maxChoices="1">
<simpleChoice identifier="alt_835932">
<div class="textblock tvblock tvcss_1"><div class="rte_zone tveditor1">
 Hoe dicht liggen de punten bij een rechte lijn?
</div>
</div>
</simpleChoice>
<simpleChoice identifier="alt_109850">
<div class="textblock tvblock tvcss_1"><div class="rte_zone tveditor1">
 Hoe dicht de punten bij elkaar liggen
</div>
</div>
</simpleChoice>
<simpleChoice identifier="alt_718626">
<div class="textblock tvblock tvcss_1"><div class="rte_zone tveditor1">
 Of de punten een stijgende of dalende lijn vertonen
</div>
</div>
</simpleChoice>
<simpleChoice identifier="alt_890364">
<div class="textblock tvblock tvcss_1"><div class="rte_zone tveditor1">
 Hoe dicht de punten bij de verticale (Y-)as van de grafiek liggen
</div>
</div>
</simpleChoice>
</choiceInteraction>
</itemBody>
<responseProcessing>
<responseCondition>
<responseIf>
<isNull>
<variable identifier="RESPONSE"/>
</isNull>
<setOutcomeValue identifier="SCORE">
<baseValue baseType="float">0.0</baseValue>
</setOutcomeValue>
<setOutcomeValue identifier="FEEDBACK">
<baseValue baseType="identifier">FAILURE</baseValue>
</setOutcomeValue>
</responseIf>
<responseElse>
<setOutcomeValue identifier="SCORE">
<mapResponse identifier="RESPONSE"/>
</setOutcomeValue>
<responseCondition>
<responseIf>
<equal toleranceMode="relative" tolerance="0.001">
<variable identifier="SCORE"/>
<variable identifier="MAXSCORE"/>
</equal>
<setOutcomeValue identifier="FEEDBACK">
<baseValue baseType="identifier">ANSWER_CORRECT</baseValue>
</setOutcomeValue>
</responseIf>
<responseElse>
<setOutcomeValue identifier="FEEDBACK">
<baseValue baseType="identifier">FAILURE</baseValue>
</setOutcomeValue>
</responseElse>
</responseCondition>
</responseElse>
</responseCondition>
</responseProcessing>
<modalFeedback identifier="FAILURE" outcomeIdentifier="FEEDBACK" showHide="show">
<div class="textblock tvblock tvcss_1"><div class="rte_zone tveditor1">
<ul>
<li> Hoe dicht liggen de punten bij een rechte lijn? <br /> Dit is het goede antwoord! </li>
<li> Hoe dicht de punten bij elkaar liggen <br /> Dit antwoord is onjuist </li>
<li> Of de punten een stijgende of dalende lijn vertonen <br /> Dit antwoord is onjuist </li>
<li> Hoe dicht de punten bij de verticale (Y-)as van de grafiek liggen <br /> Dit antwoord is onjuist </li>
</ul>
</div>
</div>
</modalFeedback>
<modalFeedback identifier="ANSWER_CORRECT" outcomeIdentifier="FEEDBACK" showHide="show">
<div class="textblock tvblock tvcss_1"><div class="rte_zone tveditor1">
<ul>
<li> Hoe dicht liggen de punten bij een rechte lijn? <br /> Dit is het goede antwoord! </li>
<li> Hoe dicht de punten bij elkaar liggen <br /> Dit antwoord is onjuist </li>
<li> Of de punten een stijgende of dalende lijn vertonen <br /> Dit antwoord is onjuist </li>
<li> Hoe dicht de punten bij de verticale (Y-)as van de grafiek liggen <br /> Dit antwoord is onjuist </li>
</ul>
</div>
</div>
</modalFeedback>
<modalFeedback identifier="PARTIAL_CORRECT" outcomeIdentifier="FEEDBACK" showHide="show">
<div class="textblock tvblock tvcss_1"><div class="rte_zone tveditor1">
<ul>
<li> Hoe dicht liggen de punten bij een rechte lijn? <br /> Dit is het goede antwoord! </li>
<li> Hoe dicht de punten bij elkaar liggen <br /> Dit antwoord is onjuist </li>
<li> Of de punten een stijgende of dalende lijn vertonen <br /> Dit antwoord is onjuist </li>
<li> Hoe dicht de punten bij de verticale (Y-)as van de grafiek liggen <br /> Dit antwoord is onjuist </li>
</ul>
</div>
</div>
</modalFeedback>
</assessmentItem>
