<?xml version="1.0" encoding="UTF-8"?>
<assessmentItem xsi:schemaLocation="http://www.imsglobal.org/xsd/imsqti_v2p1 http://www.imsglobal.org/xsd/qti/qtiv2p1/imsqti_v2p1p1.xsd http://www.w3.org/1998/Math/MathML http://www.w3.org/Math/XMLSchema/mathml2/mathml2.xsd" identifier="vufgb-multicolinearity-003-en-ans_645272638_section_1_item_1_schoice" title="Assumptions_vufgb-multicolinearity-003-en_vufgb-multicolinearity-003-en_schoice_1" adaptive="false" timeDependent="false" xmlns="http://www.imsglobal.org/xsd/imsqti_v2p1" xmlns:xsi="http://www.w3.org/2001/XMLSchema-instance">
<responseDeclaration identifier="vufgb-multicolinearity-003-en-ans_645272638_section_1_item_1_schoice_RESPONSE_1_7573799" cardinality="single" baseType="identifier">
<correctResponse>
<value>vufgb-multicolinearity-003-en-ans_645272638_section_1_item_1_schoice_2_3927551688</value>
</correctResponse>
<mapping defaultValue="0" lowerBound="0.0">
<mapEntry mapKey="vufgb-multicolinearity-003-en-ans_645272638_section_1_item_1_schoice_1_5426729033" mappedValue="0"/>
<mapEntry mapKey="vufgb-multicolinearity-003-en-ans_645272638_section_1_item_1_schoice_2_3927551688" mappedValue="1"/>
<mapEntry mapKey="vufgb-multicolinearity-003-en-ans_645272638_section_1_item_1_schoice_3_2722939786" mappedValue="0"/>
<mapEntry mapKey="vufgb-multicolinearity-003-en-ans_645272638_section_1_item_1_schoice_4_7713024800" mappedValue="0"/>
</mapping>
</responseDeclaration>
<outcomeDeclaration identifier="SCORE" cardinality="single" baseType="float" normalMaximum="1" normalMinimum="0">
<defaultValue>
<value>0.0</value>
</defaultValue>
</outcomeDeclaration>
<outcomeDeclaration identifier="MAXSCORE" cardinality="single" baseType="float">
<defaultValue>
<value>1</value>
</defaultValue>
</outcomeDeclaration>
<outcomeDeclaration identifier="FEEDBACKBASIC" cardinality="single" baseType="identifier" view="testConstructor">
<defaultValue>
<value>empty</value>
</defaultValue>
</outcomeDeclaration>
<outcomeDeclaration identifier="FEEDBACKMODAL" cardinality="multiple" baseType="identifier" view="testConstructor"/>
<outcomeDeclaration identifier="SOLUTIONMODAL" cardinality="single" baseType="identifier" view="testConstructor"/>
<outcomeDeclaration identifier="MINSCORE" cardinality="single" baseType="float">
<defaultValue>
<value baseType="float">0</value>
</defaultValue>
</outcomeDeclaration>
<outcomeDeclaration identifier="SCORE_RESPONSE_1" cardinality="single" baseType="float">
<defaultValue>
<value>0.0</value>
</defaultValue>
</outcomeDeclaration>
<outcomeDeclaration identifier="MINSCORE_RESPONSE_1" cardinality="single" baseType="float">
<defaultValue>
<value>0.0</value>
</defaultValue>
</outcomeDeclaration>
<itemBody>
<p>What is a solution for multicollinearity between two quantitative predictors?</p>
<choiceInteraction responseIdentifier="vufgb-multicolinearity-003-en-ans_645272638_section_1_item_1_schoice_RESPONSE_1_7573799" shuffle="false" maxChoices="1">
<simpleChoice identifier="vufgb-multicolinearity-003-en-ans_645272638_section_1_item_1_schoice_1_5426729033">
<p>
 Categorize the variables into groups.
</p>
</simpleChoice>
<simpleChoice identifier="vufgb-multicolinearity-003-en-ans_645272638_section_1_item_1_schoice_2_3927551688">
<p>
 Combine the variables by making an index or sum.
</p>
</simpleChoice>
<simpleChoice identifier="vufgb-multicolinearity-003-en-ans_645272638_section_1_item_1_schoice_3_2722939786">
<p>
 Choose another dependent variable for the model.
</p>
</simpleChoice>
<simpleChoice identifier="vufgb-multicolinearity-003-en-ans_645272638_section_1_item_1_schoice_4_7713024800">
<p>
 First center the dependent variable in the model.
</p>
</simpleChoice>
</choiceInteraction>
</itemBody>
<responseProcessing>
<setOutcomeValue identifier="SCORE_RESPONSE_1">
<sum>
<variable identifier="SCORE_RESPONSE_1"/>
<mapResponse identifier="vufgb-multicolinearity-003-en-ans_645272638_section_1_item_1_schoice_RESPONSE_1_7573799"/>
</sum>
</setOutcomeValue>
<responseCondition>
<responseIf>
<lt>
<variable identifier="SCORE_RESPONSE_1"/>
<variable identifier="MINSCORE_RESPONSE_1"/>
</lt>
<setOutcomeValue identifier="SCORE_RESPONSE_1">
<variable identifier="MINSCORE_RESPONSE_1"/>
</setOutcomeValue>
</responseIf>
</responseCondition>
<responseCondition>
<responseIf>
<isNull>
<variable identifier="vufgb-multicolinearity-003-en-ans_645272638_section_1_item_1_schoice_RESPONSE_1_7573799"/>
</isNull>
<setOutcomeValue identifier="SCORE_RESPONSE_1">
<sum>
<variable identifier="SCORE_RESPONSE_1"/>
<baseValue baseType="float">0</baseValue>
</sum>
</setOutcomeValue>
</responseIf>
</responseCondition>
<setOutcomeValue identifier="SCORE">
<sum>
<variable identifier="SCORE_RESPONSE_1"/>
</sum>
</setOutcomeValue>
<responseCondition>
<responseIf>
<lt>
<variable identifier="SCORE"/>
<variable identifier="MINSCORE"/>
</lt>
<setOutcomeValue identifier="SCORE">
<variable identifier="MINSCORE"/>
</setOutcomeValue>
</responseIf>
</responseCondition>
<responseCondition>
<responseIf>
<lt>
<variable identifier="SCORE"/>
<baseValue baseType="float">1</baseValue>
</lt>
<setOutcomeValue identifier="FEEDBACKMODAL">
<multiple>
<variable identifier="FEEDBACKMODAL"/>
<baseValue baseType="identifier">Feedback521525855</baseValue>
</multiple>
</setOutcomeValue>
</responseIf>
</responseCondition>
</responseProcessing>
<modalFeedback outcomeIdentifier="FEEDBACK" showHide="show" identifier="incorrect">
<ul>
<li> Categorize the variables into groups. <br /> Incorrect </li>
<li> Combine the variables by making an index or sum. <br /> Correct </li>
<li> Choose another dependent variable for the model. <br /> Incorrect </li>
<li> First center the dependent variable in the model. <br /> Incorrect </li>
</ul>
</modalFeedback>
</assessmentItem>
