<?xml version="1.0" encoding="UTF-8"?>
<assessmentItem xsi:schemaLocation="http://www.imsglobal.org/xsd/imsqti_v2p1 http://www.imsglobal.org/xsd/qti/qtiv2p1/imsqti_v2p1p1.xsd http://www.w3.org/1998/Math/MathML http://www.w3.org/Math/XMLSchema/mathml2/mathml2.xsd" identifier="eur-inferential_statistics-213-en-qti_503755858_section_1_item_1_schoice" title="1" adaptive="false" timeDependent="false" xmlns="http://www.imsglobal.org/xsd/imsqti_v2p1" xmlns:xsi="http://www.w3.org/2001/XMLSchema-instance">
<responseDeclaration identifier="eur-inferential_statistics-213-en-qti_503755858_section_1_item_1_schoice_RESPONSE_1_2260176" cardinality="single" baseType="identifier">
<correctResponse>
<value>eur-inferential_statistics-213-en-qti_503755858_section_1_item_1_schoice_4_1610032958</value>
</correctResponse>
<mapping defaultValue="0" lowerBound="0.0">
<mapEntry mapKey="eur-inferential_statistics-213-en-qti_503755858_section_1_item_1_schoice_1_3118141519" mappedValue="0"/>
<mapEntry mapKey="eur-inferential_statistics-213-en-qti_503755858_section_1_item_1_schoice_2_8509778493" mappedValue="0"/>
<mapEntry mapKey="eur-inferential_statistics-213-en-qti_503755858_section_1_item_1_schoice_3_2214502871" mappedValue="0"/>
<mapEntry mapKey="eur-inferential_statistics-213-en-qti_503755858_section_1_item_1_schoice_4_1610032958" mappedValue="1"/>
</mapping>
</responseDeclaration>
<outcomeDeclaration identifier="SCORE" cardinality="single" baseType="float" normalMaximum="1" normalMinimum="0">
<defaultValue>
<value>0.0</value>
</defaultValue>
</outcomeDeclaration>
<outcomeDeclaration identifier="MAXSCORE" cardinality="single" baseType="float">
<defaultValue>
<value>1</value>
</defaultValue>
</outcomeDeclaration>
<outcomeDeclaration identifier="FEEDBACKBASIC" cardinality="single" baseType="identifier" view="testConstructor">
<defaultValue>
<value>empty</value>
</defaultValue>
</outcomeDeclaration>
<outcomeDeclaration identifier="FEEDBACKMODAL" cardinality="multiple" baseType="identifier" view="testConstructor"/>
<outcomeDeclaration identifier="SOLUTIONMODAL" cardinality="single" baseType="identifier" view="testConstructor"/>
<outcomeDeclaration identifier="MINSCORE" cardinality="single" baseType="float">
<defaultValue>
<value baseType="float">0</value>
</defaultValue>
</outcomeDeclaration>
<outcomeDeclaration identifier="SCORE_RESPONSE_1" cardinality="single" baseType="float">
<defaultValue>
<value>0.0</value>
</defaultValue>
</outcomeDeclaration>
<outcomeDeclaration identifier="MINSCORE_RESPONSE_1" cardinality="single" baseType="float">
<defaultValue>
<value>0.0</value>
</defaultValue>
</outcomeDeclaration>
<itemBody>
<p>A researcher wants to compare four groups (group 0, 1, 2 and 3) with respect to their average high school grade. However, she has only regression analysis at hand, and therefore she transforms the variable “group” into dummy variables. Group 0 has a score of 0 on each of the dummy variables. She gets the following output:</p>
<table>
<thead>
<tr class="header">
<th align="left">Group</th>
<th align="left">B</th>
<th align="left">Std.Error</th>
<th align="left">Beta</th>
<th align="left">t</th>
<th align="left">Sig</th>
</tr>
</thead>
<tbody>
<tr class="odd">
<td align="left">(Constant)</td>
<td align="left">3.75</td>
<td align="left">0.758</td>
<td align="left"></td>
<td align="left">4.945</td>
<td align="left">0.001</td>
</tr>
<tr class="even">
<td align="left">Group 1</td>
<td align="left">3.5</td>
<td align="left">1.072</td>
<td align="left">0.691</td>
<td align="left">3.264</td>
<td align="left">0.009</td>
</tr>
<tr class="odd">
<td align="left">Group 2</td>
<td align="left">2.75</td>
<td align="left">1.072</td>
<td align="left">0.543</td>
<td align="left">2.564</td>
<td align="left">0.028</td>
</tr>
<tr class="even">
<td align="left">Group 3</td>
<td align="left">2.5</td>
<td align="left">1.313</td>
<td align="left">0.38</td>
<td align="left">1.904</td>
<td align="left">0.061</td>
</tr>
</tbody>
</table>
<p>Which of the following statements about the group means is correct?</p>
<choiceInteraction responseIdentifier="eur-inferential_statistics-213-en-qti_503755858_section_1_item_1_schoice_RESPONSE_1_2260176" shuffle="false" maxChoices="1">
<simpleChoice identifier="eur-inferential_statistics-213-en-qti_503755858_section_1_item_1_schoice_1_3118141519">
<p>
 The grand mean equals 3.75
</p>
</simpleChoice>
<simpleChoice identifier="eur-inferential_statistics-213-en-qti_503755858_section_1_item_1_schoice_2_8509778493">
<p>
 Approximately, there is a linear decrease in means for groups 0 to 3
</p>
</simpleChoice>
<simpleChoice identifier="eur-inferential_statistics-213-en-qti_503755858_section_1_item_1_schoice_3_2214502871">
<p>
 Group 3 has to lowest mean
</p>
</simpleChoice>
<simpleChoice identifier="eur-inferential_statistics-213-en-qti_503755858_section_1_item_1_schoice_4_1610032958">
<p>
 The means of groups 0 and 1 differ significantly
</p>
</simpleChoice>
</choiceInteraction>
</itemBody>
<responseProcessing>
<setOutcomeValue identifier="SCORE_RESPONSE_1">
<sum>
<variable identifier="SCORE_RESPONSE_1"/>
<mapResponse identifier="eur-inferential_statistics-213-en-qti_503755858_section_1_item_1_schoice_RESPONSE_1_2260176"/>
</sum>
</setOutcomeValue>
<responseCondition>
<responseIf>
<lt>
<variable identifier="SCORE_RESPONSE_1"/>
<variable identifier="MINSCORE_RESPONSE_1"/>
</lt>
<setOutcomeValue identifier="SCORE_RESPONSE_1">
<variable identifier="MINSCORE_RESPONSE_1"/>
</setOutcomeValue>
</responseIf>
</responseCondition>
<responseCondition>
<responseIf>
<isNull>
<variable identifier="eur-inferential_statistics-213-en-qti_503755858_section_1_item_1_schoice_RESPONSE_1_2260176"/>
</isNull>
<setOutcomeValue identifier="SCORE_RESPONSE_1">
<sum>
<variable identifier="SCORE_RESPONSE_1"/>
<baseValue baseType="float">0</baseValue>
</sum>
</setOutcomeValue>
</responseIf>
</responseCondition>
<setOutcomeValue identifier="SCORE">
<sum>
<variable identifier="SCORE_RESPONSE_1"/>
</sum>
</setOutcomeValue>
<responseCondition>
<responseIf>
<lt>
<variable identifier="SCORE"/>
<variable identifier="MINSCORE"/>
</lt>
<setOutcomeValue identifier="SCORE">
<variable identifier="MINSCORE"/>
</setOutcomeValue>
</responseIf>
</responseCondition>
<responseCondition>
<responseIf>
<lt>
<variable identifier="SCORE"/>
<baseValue baseType="float">1</baseValue>
</lt>
<setOutcomeValue identifier="FEEDBACKMODAL">
<multiple>
<variable identifier="FEEDBACKMODAL"/>
<baseValue baseType="identifier">Feedback747178579</baseValue>
</multiple>
</setOutcomeValue>
</responseIf>
</responseCondition>
</responseProcessing>
<modalFeedback identifier="Feedback747178579" outcomeIdentifier="FEEDBACKMODAL" showHide="show">
<p>The correct answer is that group 0 and 1 differ. Group 0 is your reference group; the unstandardized B coefficients show the difference in means between one of the three groups and group 0. When looking at group 1, you can see that the B coefficient is 3.5, which signifies a mean difference of 3.5; this difference is significant at p &lt; .05.</p>
<p>The B of 3.75 here refers to the mean of the reference group, which is group 0. Furthermore, there is no linear decrease in means from groups 0 to 3, nor does group 3 have the lowest mean. Instead, group 0 has the lowest mean, followed by group 3, then group 2. Group 1 has the highest mean.</p>
<br />
<ul>
<li> The grand mean equals 3.75 <br /> False </li>
<li> Approximately, there is a linear decrease in means for groups 0 to 3 <br /> False </li>
<li> Group 3 has to lowest mean <br /> False </li>
<li> The means of groups 0 and 1 differ significantly <br /> True </li>
</ul>
</modalFeedback>
</assessmentItem>
