<?xml version="1.0" encoding="utf-8" standalone="yes"?>
<assessmentItem identifier="uu-Twoway-ANOVA-851-en-tv_202510071724_item_1_schoice" title="uu-Twoway-ANOVA-851-en-tv_202510071724_item_1_schoice_uu-Twoway-ANOVA-851-en" adaptive="false" timeDependent="false" toolName="Testvision Online" toolVersion="39.0.9084" xmlns="http://www.imsglobal.org/xsd/imsqti_v2p1">
<responseDeclaration identifier="RESPONSE" cardinality="single" baseType="identifier">
<correctResponse>
<value>alt_180972</value>
</correctResponse>
<mapping defaultValue="0" lowerBound="0.0">
<mapEntry mapKey="alt_104141" mappedValue="-0.333333333333333"/>
<mapEntry mapKey="alt_803974" mappedValue="-0.333333333333333"/>
<mapEntry mapKey="alt_155542" mappedValue="-0.333333333333333"/>
<mapEntry mapKey="alt_180972" mappedValue="1"/>
</mapping>
</responseDeclaration>
<outcomeDeclaration identifier="SCORE" cardinality="single" baseType="float" normalMaximum="1" normalMinimum="0" />
<outcomeDeclaration identifier="FEEDBACK" cardinality="single" baseType="identifier" />
<stylesheet href="css/uu-Twoway-ANOVA-851-en-tv_202510071724_item_1_schoice.css" type="text/css" />
<itemBody>
<p>A survey is conducted by a representative of people working in nursing on the income level of nurses. It is expected that nurses who are active in nursing patients in the hospital are paid more than nurses who mainly do office work in the hospital (indicated by the variable position). An “Independent Samples T-Test” shows that this is indeed so and shows that the difference in hourly pay is significant (p &lt; .001). The representative now wants to see if there are also differences between three different age groups and if the differences in hourly wages between the two types of nurses differ within these age groups.</p>
<p>Part of the SPSS output from the analysis of the data collected by the representative is below.</p>
<p><img src="mediafiles/supplements1/uu-Twoway-ANOVA-851-nl-graph01.jpg" alt="image"/></p>
<p>The main effect of position is significant in this model. What is the magnitude of this effect?</p>
<choiceInteraction responseIdentifier="RESPONSE" shuffle="false" maxChoices="1">
<simpleChoice identifier="alt_104141">
<div class="textblock tvblock tvcss_1"><div class="rte_zone tveditor1">
 4.8%
</div>
</div>
</simpleChoice>
<simpleChoice identifier="alt_803974">
<div class="textblock tvblock tvcss_1"><div class="rte_zone tveditor1">
 0.19%
</div>
</div>
</simpleChoice>
<simpleChoice identifier="alt_155542">
<div class="textblock tvblock tvcss_1"><div class="rte_zone tveditor1">
 7.8%
</div>
</div>
</simpleChoice>
<simpleChoice identifier="alt_180972">
<div class="textblock tvblock tvcss_1"><div class="rte_zone tveditor1">
 5.0%
</div>
</div>
</simpleChoice>
</choiceInteraction>
</itemBody>
<responseProcessing>
<responseCondition>
<responseIf>
<isNull>
<variable identifier="RESPONSE"/>
</isNull>
<setOutcomeValue identifier="SCORE">
<baseValue baseType="float">0.0</baseValue>
</setOutcomeValue>
<setOutcomeValue identifier="FEEDBACK">
<baseValue baseType="identifier">FAILURE</baseValue>
</setOutcomeValue>
</responseIf>
<responseElse>
<setOutcomeValue identifier="SCORE">
<mapResponse identifier="RESPONSE"/>
</setOutcomeValue>
<responseCondition>
<responseIf>
<equal toleranceMode="relative" tolerance="0.001">
<variable identifier="SCORE"/>
<variable identifier="MAXSCORE"/>
</equal>
<setOutcomeValue identifier="FEEDBACK">
<baseValue baseType="identifier">ANSWER_CORRECT</baseValue>
</setOutcomeValue>
</responseIf>
<responseElse>
<setOutcomeValue identifier="FEEDBACK">
<baseValue baseType="identifier">FAILURE</baseValue>
</setOutcomeValue>
</responseElse>
</responseCondition>
</responseElse>
</responseCondition>
</responseProcessing>
<modalFeedback identifier="FAILURE" outcomeIdentifier="FEEDBACK" showHide="show">
<div class="textblock tvblock tvcss_1"><div class="rte_zone tveditor1">
</div>
</div>
</modalFeedback>
<modalFeedback identifier="ANSWER_CORRECT" outcomeIdentifier="FEEDBACK" showHide="show">
<div class="textblock tvblock tvcss_1"><div class="rte_zone tveditor1">
</div>
</div>
</modalFeedback>
<modalFeedback identifier="PARTIAL_CORRECT" outcomeIdentifier="FEEDBACK" showHide="show">
<div class="textblock tvblock tvcss_1"><div class="rte_zone tveditor1">
</div>
</div>
</modalFeedback>
</assessmentItem>
