<?xml version="1.0" encoding="utf-8" standalone="yes"?>
<assessmentItem identifier="vufsw-onewayanova-0316-en-tv_202601131822_item_1_schoice" title="vufsw-onewayanova-0316-en-tv_202601131822_item_1_schoice_vufsw-onewayanova-0316-en" adaptive="false" timeDependent="false" toolName="Testvision Online" toolVersion="39.0.9084" xmlns="http://www.imsglobal.org/xsd/imsqti_v2p1">
<responseDeclaration identifier="RESPONSE" cardinality="single" baseType="identifier">
<correctResponse>
<value>alt_784925</value>
</correctResponse>
<mapping defaultValue="0" lowerBound="0.0">
<mapEntry mapKey="alt_754617" mappedValue="-0.333333333333333"/>
<mapEntry mapKey="alt_275631" mappedValue="-0.333333333333333"/>
<mapEntry mapKey="alt_784925" mappedValue="1"/>
<mapEntry mapKey="alt_516633" mappedValue="-0.333333333333333"/>
</mapping>
</responseDeclaration>
<outcomeDeclaration identifier="SCORE" cardinality="single" baseType="float" normalMaximum="1" normalMinimum="0" />
<outcomeDeclaration identifier="FEEDBACK" cardinality="single" baseType="identifier" />
<stylesheet href="css/vufsw-onewayanova-0316-en-tv_202601131822_item_1_schoice.css" type="text/css" />
<itemBody>
<p>You perform a one-way ANOVA with 3 conditions (1,2,3). Which of the sets of contrasts below are orthogonal?</p>
<choiceInteraction responseIdentifier="RESPONSE" shuffle="false" maxChoices="1">
<simpleChoice identifier="alt_754617">
<div class="textblock tvblock tvcss_1"><div class="rte_zone tveditor1">
 1 vs. 2 2 vs. 3
</div>
</div>
</simpleChoice>
<simpleChoice identifier="alt_275631">
<div class="textblock tvblock tvcss_1"><div class="rte_zone tveditor1">
 1 vs. 3 2 vs. 3
</div>
</div>
</simpleChoice>
<simpleChoice identifier="alt_784925">
<div class="textblock tvblock tvcss_1"><div class="rte_zone tveditor1">
 3 vs. (2, 1) 2 vs. 1
</div>
</div>
</simpleChoice>
<simpleChoice identifier="alt_516633">
<div class="textblock tvblock tvcss_1"><div class="rte_zone tveditor1">
 1 vs. (1, 2, 3) 2 vs. (1, 2, 3)
</div>
</div>
</simpleChoice>
</choiceInteraction>
</itemBody>
<responseProcessing>
<responseCondition>
<responseIf>
<isNull>
<variable identifier="RESPONSE"/>
</isNull>
<setOutcomeValue identifier="SCORE">
<baseValue baseType="float">0.0</baseValue>
</setOutcomeValue>
<setOutcomeValue identifier="FEEDBACK">
<baseValue baseType="identifier">FAILURE</baseValue>
</setOutcomeValue>
</responseIf>
<responseElse>
<setOutcomeValue identifier="SCORE">
<mapResponse identifier="RESPONSE"/>
</setOutcomeValue>
<responseCondition>
<responseIf>
<equal toleranceMode="relative" tolerance="0.001">
<variable identifier="SCORE"/>
<variable identifier="MAXSCORE"/>
</equal>
<setOutcomeValue identifier="FEEDBACK">
<baseValue baseType="identifier">ANSWER_CORRECT</baseValue>
</setOutcomeValue>
</responseIf>
<responseElse>
<setOutcomeValue identifier="FEEDBACK">
<baseValue baseType="identifier">FAILURE</baseValue>
</setOutcomeValue>
</responseElse>
</responseCondition>
</responseElse>
</responseCondition>
</responseProcessing>
<modalFeedback identifier="FAILURE" outcomeIdentifier="FEEDBACK" showHide="show">
<div class="textblock tvblock tvcss_1"><div class="rte_zone tveditor1">
<p>Contrasts are orthogonal if each group is compared only once compared in the set of contrasts.</p>
<br />
<ul>
<li> 1 vs. 2 2 vs. 3 <br /> False </li>
<li> 1 vs. 3 2 vs. 3 <br /> False </li>
<li> 3 vs. (2, 1) 2 vs. 1 <br /> True </li>
<li> 1 vs. (1, 2, 3) 2 vs. (1, 2, 3) <br /> False </li>
</ul>
</div>
</div>
</modalFeedback>
<modalFeedback identifier="ANSWER_CORRECT" outcomeIdentifier="FEEDBACK" showHide="show">
<div class="textblock tvblock tvcss_1"><div class="rte_zone tveditor1">
<p>Contrasts are orthogonal if each group is compared only once compared in the set of contrasts.</p>
<br />
<ul>
<li> 1 vs. 2 2 vs. 3 <br /> False </li>
<li> 1 vs. 3 2 vs. 3 <br /> False </li>
<li> 3 vs. (2, 1) 2 vs. 1 <br /> True </li>
<li> 1 vs. (1, 2, 3) 2 vs. (1, 2, 3) <br /> False </li>
</ul>
</div>
</div>
</modalFeedback>
<modalFeedback identifier="PARTIAL_CORRECT" outcomeIdentifier="FEEDBACK" showHide="show">
<div class="textblock tvblock tvcss_1"><div class="rte_zone tveditor1">
<p>Contrasts are orthogonal if each group is compared only once compared in the set of contrasts.</p>
<br />
<ul>
<li> 1 vs. 2 2 vs. 3 <br /> False </li>
<li> 1 vs. 3 2 vs. 3 <br /> False </li>
<li> 3 vs. (2, 1) 2 vs. 1 <br /> True </li>
<li> 1 vs. (1, 2, 3) 2 vs. (1, 2, 3) <br /> False </li>
</ul>
</div>
</div>
</modalFeedback>
</assessmentItem>
