<?xml version="1.0" encoding="UTF-8"?>
<assessmentItem xsi:schemaLocation="http://www.imsglobal.org/xsd/imsqti_v2p1 http://www.imsglobal.org/xsd/qti/qtiv2p1/imsqti_v2p1p1.xsd http://www.w3.org/1998/Math/MathML http://www.w3.org/Math/XMLSchema/mathml2/mathml2.xsd" identifier="vufgb-oddsratio-004-nl-ans_905056069_section_1_item_1_schoice" title="Descriptive-statistics_vufgb-oddsratio-004-nl_vufgb-oddsratio-004-nl_schoice_1" adaptive="false" timeDependent="false" xmlns="http://www.imsglobal.org/xsd/imsqti_v2p1" xmlns:xsi="http://www.w3.org/2001/XMLSchema-instance">
<responseDeclaration identifier="vufgb-oddsratio-004-nl-ans_905056069_section_1_item_1_schoice_RESPONSE_1_5530549" cardinality="single" baseType="identifier">
<correctResponse>
<value>vufgb-oddsratio-004-nl-ans_905056069_section_1_item_1_schoice_3_2593443105</value>
</correctResponse>
<mapping defaultValue="0" lowerBound="0.0">
<mapEntry mapKey="vufgb-oddsratio-004-nl-ans_905056069_section_1_item_1_schoice_1_7929326124" mappedValue="0"/>
<mapEntry mapKey="vufgb-oddsratio-004-nl-ans_905056069_section_1_item_1_schoice_2_1624433557" mappedValue="0"/>
<mapEntry mapKey="vufgb-oddsratio-004-nl-ans_905056069_section_1_item_1_schoice_3_2593443105" mappedValue="1"/>
<mapEntry mapKey="vufgb-oddsratio-004-nl-ans_905056069_section_1_item_1_schoice_4_4744040257" mappedValue="0"/>
</mapping>
</responseDeclaration>
<outcomeDeclaration identifier="SCORE" cardinality="single" baseType="float" normalMaximum="1" normalMinimum="0">
<defaultValue>
<value>0.0</value>
</defaultValue>
</outcomeDeclaration>
<outcomeDeclaration identifier="MAXSCORE" cardinality="single" baseType="float">
<defaultValue>
<value>1</value>
</defaultValue>
</outcomeDeclaration>
<outcomeDeclaration identifier="FEEDBACKBASIC" cardinality="single" baseType="identifier" view="testConstructor">
<defaultValue>
<value>empty</value>
</defaultValue>
</outcomeDeclaration>
<outcomeDeclaration identifier="FEEDBACKMODAL" cardinality="multiple" baseType="identifier" view="testConstructor"/>
<outcomeDeclaration identifier="SOLUTIONMODAL" cardinality="single" baseType="identifier" view="testConstructor"/>
<outcomeDeclaration identifier="MINSCORE" cardinality="single" baseType="float">
<defaultValue>
<value baseType="float">0</value>
</defaultValue>
</outcomeDeclaration>
<outcomeDeclaration identifier="SCORE_RESPONSE_1" cardinality="single" baseType="float">
<defaultValue>
<value>0.0</value>
</defaultValue>
</outcomeDeclaration>
<outcomeDeclaration identifier="MINSCORE_RESPONSE_1" cardinality="single" baseType="float">
<defaultValue>
<value>0.0</value>
</defaultValue>
</outcomeDeclaration>
<itemBody>
<p>Een onderzoeker wil weten of er een verschil is tussen mannen (groep 1) en vrouwen (groep 2) in het al dan niet vegetarisch zijn. Bereken op basis van onderstaande tabel de <strong>odds ratio</strong> om dit verschil weer te geven.</p>
<p>Formule voor de odds ratio:</p>
<p><span class="math inline">\(\theta = \frac{\frac{\pi_{1}}{(1-\pi_{1})}}{\frac{\pi_{2}}{(1-\pi_{2})}}\)</span></p>
<p><img src="media/supplements1/vufgb-oddsratio-004-nl-table01.jpg" /></p>
<choiceInteraction responseIdentifier="vufgb-oddsratio-004-nl-ans_905056069_section_1_item_1_schoice_RESPONSE_1_5530549" shuffle="false" maxChoices="1">
<simpleChoice identifier="vufgb-oddsratio-004-nl-ans_905056069_section_1_item_1_schoice_1_7929326124">
<p>
 0.22
</p>
</simpleChoice>
<simpleChoice identifier="vufgb-oddsratio-004-nl-ans_905056069_section_1_item_1_schoice_2_1624433557">
<p>
 0.30
</p>
</simpleChoice>
<simpleChoice identifier="vufgb-oddsratio-004-nl-ans_905056069_section_1_item_1_schoice_3_2593443105">
<p>
 0.70
</p>
</simpleChoice>
<simpleChoice identifier="vufgb-oddsratio-004-nl-ans_905056069_section_1_item_1_schoice_4_4744040257">
<p>
 0.78
</p>
</simpleChoice>
</choiceInteraction>
</itemBody>
<responseProcessing>
<setOutcomeValue identifier="SCORE_RESPONSE_1">
<sum>
<variable identifier="SCORE_RESPONSE_1"/>
<mapResponse identifier="vufgb-oddsratio-004-nl-ans_905056069_section_1_item_1_schoice_RESPONSE_1_5530549"/>
</sum>
</setOutcomeValue>
<responseCondition>
<responseIf>
<lt>
<variable identifier="SCORE_RESPONSE_1"/>
<variable identifier="MINSCORE_RESPONSE_1"/>
</lt>
<setOutcomeValue identifier="SCORE_RESPONSE_1">
<variable identifier="MINSCORE_RESPONSE_1"/>
</setOutcomeValue>
</responseIf>
</responseCondition>
<responseCondition>
<responseIf>
<isNull>
<variable identifier="vufgb-oddsratio-004-nl-ans_905056069_section_1_item_1_schoice_RESPONSE_1_5530549"/>
</isNull>
<setOutcomeValue identifier="SCORE_RESPONSE_1">
<sum>
<variable identifier="SCORE_RESPONSE_1"/>
<baseValue baseType="float">0</baseValue>
</sum>
</setOutcomeValue>
</responseIf>
</responseCondition>
<setOutcomeValue identifier="SCORE">
<sum>
<variable identifier="SCORE_RESPONSE_1"/>
</sum>
</setOutcomeValue>
<responseCondition>
<responseIf>
<lt>
<variable identifier="SCORE"/>
<variable identifier="MINSCORE"/>
</lt>
<setOutcomeValue identifier="SCORE">
<variable identifier="MINSCORE"/>
</setOutcomeValue>
</responseIf>
</responseCondition>
<responseCondition>
<responseIf>
<lt>
<variable identifier="SCORE"/>
<baseValue baseType="float">1</baseValue>
</lt>
<setOutcomeValue identifier="FEEDBACKMODAL">
<multiple>
<variable identifier="FEEDBACKMODAL"/>
<baseValue baseType="identifier">Feedback177318420</baseValue>
</multiple>
</setOutcomeValue>
</responseIf>
</responseCondition>
</responseProcessing>
<modalFeedback outcomeIdentifier="FEEDBACK" showHide="show" identifier="incorrect">
<ul>
<li> 0.22 <br /> Incorrect </li>
<li> 0.30 <br /> Incorrect </li>
<li> 0.70 <br /> Correct </li>
<li> 0.78 <br /> Incorrect </li>
</ul>
</modalFeedback>
</assessmentItem>
