<?xml version="1.0" encoding="utf-8" standalone="yes"?>
<assessmentItem identifier="uva-uniform-1131-en-tv_202510071722_item_1_schoice" title="uva-uniform-1131-en-tv_202510071722_item_1_schoice_uva-uniform-1131-en" adaptive="false" timeDependent="false" toolName="Testvision Online" toolVersion="39.0.9084" xmlns="http://www.imsglobal.org/xsd/imsqti_v2p1">
<responseDeclaration identifier="RESPONSE" cardinality="single" baseType="identifier">
<correctResponse>
<value>alt_601771</value>
</correctResponse>
<mapping defaultValue="0" lowerBound="0.0">
<mapEntry mapKey="alt_601771" mappedValue="1"/>
<mapEntry mapKey="alt_317326" mappedValue="-0.5"/>
</mapping>
</responseDeclaration>
<outcomeDeclaration identifier="SCORE" cardinality="single" baseType="float" normalMaximum="1" normalMinimum="0" />
<outcomeDeclaration identifier="FEEDBACK" cardinality="single" baseType="identifier" />
<stylesheet href="css/uva-uniform-1131-en-tv_202510071722_item_1_schoice.css" type="text/css" />
<itemBody>
<p>A game is played with a spinner on a circle, like a hand of a clock constantly driven by a motor. The circle is divided evenly into segments numbered 1 through 100. The player spins the spinner and the resulting number is the time (in seconds) given to the player to answer a question. Suppose <em>X</em> is the amount of time for the player. Is <em>X</em> a uniform random variable?</p>
<choiceInteraction responseIdentifier="RESPONSE" shuffle="false" maxChoices="1">
<simpleChoice identifier="alt_601771">
<div class="textblock tvblock tvcss_1"><div class="rte_zone tveditor1">
 Yes
</div>
</div>
</simpleChoice>
<simpleChoice identifier="alt_317326">
<div class="textblock tvblock tvcss_1"><div class="rte_zone tveditor1">
 No
</div>
</div>
</simpleChoice>
</choiceInteraction>
</itemBody>
<responseProcessing>
<responseCondition>
<responseIf>
<isNull>
<variable identifier="RESPONSE"/>
</isNull>
<setOutcomeValue identifier="SCORE">
<baseValue baseType="float">0.0</baseValue>
</setOutcomeValue>
<setOutcomeValue identifier="FEEDBACK">
<baseValue baseType="identifier">FAILURE</baseValue>
</setOutcomeValue>
</responseIf>
<responseElse>
<setOutcomeValue identifier="SCORE">
<mapResponse identifier="RESPONSE"/>
</setOutcomeValue>
<responseCondition>
<responseIf>
<equal toleranceMode="relative" tolerance="0.001">
<variable identifier="SCORE"/>
<variable identifier="MAXSCORE"/>
</equal>
<setOutcomeValue identifier="FEEDBACK">
<baseValue baseType="identifier">ANSWER_CORRECT</baseValue>
</setOutcomeValue>
</responseIf>
<responseElse>
<setOutcomeValue identifier="FEEDBACK">
<baseValue baseType="identifier">FAILURE</baseValue>
</setOutcomeValue>
</responseElse>
</responseCondition>
</responseElse>
</responseCondition>
</responseProcessing>
<modalFeedback identifier="FAILURE" outcomeIdentifier="FEEDBACK" showHide="show">
<div class="textblock tvblock tvcss_1"><div class="rte_zone tveditor1">
<ul>
<li> Yes <br /> Yes: Correct </li>
<li> No <br /> No: Incorrect </li>
</ul>
</div>
</div>
</modalFeedback>
<modalFeedback identifier="ANSWER_CORRECT" outcomeIdentifier="FEEDBACK" showHide="show">
<div class="textblock tvblock tvcss_1"><div class="rte_zone tveditor1">
<ul>
<li> Yes <br /> Yes: Correct </li>
<li> No <br /> No: Incorrect </li>
</ul>
</div>
</div>
</modalFeedback>
<modalFeedback identifier="PARTIAL_CORRECT" outcomeIdentifier="FEEDBACK" showHide="show">
<div class="textblock tvblock tvcss_1"><div class="rte_zone tveditor1">
<ul>
<li> Yes <br /> Yes: Correct </li>
<li> No <br /> No: Incorrect </li>
</ul>
</div>
</div>
</modalFeedback>
</assessmentItem>
