<?xml version="1.0" encoding="utf-8" standalone="yes"?>
<assessmentItem identifier="uva-boxplot-1209-nl-tv_202403081019_item_1_schoice" title="uva-boxplot-1209-nl-tv_202403081019_item_1_schoice_uva-boxplot-1209-nl" adaptive="false" timeDependent="false" toolName="Testvision Online" toolVersion="39.0.9084" xmlns="http://www.imsglobal.org/xsd/imsqti_v2p1">
<responseDeclaration identifier="RESPONSE" cardinality="single" baseType="identifier">
<correctResponse>
<value>alt_394449</value>
</correctResponse>
<mapping defaultValue="0" lowerBound="0.0">
<mapEntry mapKey="alt_579261" mappedValue="-0.333333333333333"/>
<mapEntry mapKey="alt_637045" mappedValue="-0.333333333333333"/>
<mapEntry mapKey="alt_515536" mappedValue="-0.333333333333333"/>
<mapEntry mapKey="alt_394449" mappedValue="1"/>
</mapping>
</responseDeclaration>
<outcomeDeclaration identifier="SCORE" cardinality="single" baseType="float" normalMaximum="1" normalMinimum="0" />
<outcomeDeclaration identifier="FEEDBACK" cardinality="single" baseType="identifier" />
<itemBody>
<p>Hieronder staat een boxplot van een steekproef van 60 waarnemingen.<br />
Welke van onderstaande 4 histogrammen is afkomstig van dezelfde dataset
als het boxplot?</p>
<p><img src="mediafiles/supplements1/uva-boxplot-1209-nl-graph01.png" alt="image"/></p>
<choiceInteraction responseIdentifier="RESPONSE" shuffle="false" maxChoices="1">
<simpleChoice identifier="alt_579261">
<div class="textblock tvblock tvcss_1"><div class="rte_zone tveditor1">
 a
</div>
</div>
</simpleChoice>
<simpleChoice identifier="alt_637045">
<div class="textblock tvblock tvcss_1"><div class="rte_zone tveditor1">
 b
</div>
</div>
</simpleChoice>
<simpleChoice identifier="alt_515536">
<div class="textblock tvblock tvcss_1"><div class="rte_zone tveditor1">
 c
</div>
</div>
</simpleChoice>
<simpleChoice identifier="alt_394449">
<div class="textblock tvblock tvcss_1"><div class="rte_zone tveditor1">
 d
</div>
</div>
</simpleChoice>
</choiceInteraction>
</itemBody>
<responseProcessing>
<responseCondition>
<responseIf>
<isNull>
<variable identifier="RESPONSE"/>
</isNull>
<setOutcomeValue identifier="SCORE">
<baseValue baseType="float">0.0</baseValue>
</setOutcomeValue>
<setOutcomeValue identifier="FEEDBACK">
<baseValue baseType="identifier">FAILURE</baseValue>
</setOutcomeValue>
</responseIf>
<responseElse>
<setOutcomeValue identifier="SCORE">
<mapResponse identifier="RESPONSE"/>
</setOutcomeValue>
<responseCondition>
<responseIf>
<equal toleranceMode="relative" tolerance="0.001">
<variable identifier="SCORE"/>
<variable identifier="MAXSCORE"/>
</equal>
<setOutcomeValue identifier="FEEDBACK">
<baseValue baseType="identifier">ANSWER_CORRECT</baseValue>
</setOutcomeValue>
</responseIf>
<responseElse>
<setOutcomeValue identifier="FEEDBACK">
<baseValue baseType="identifier">FAILURE</baseValue>
</setOutcomeValue>
</responseElse>
</responseCondition>
</responseElse>
</responseCondition>
</responseProcessing>
<modalFeedback identifier="FAILURE" outcomeIdentifier="FEEDBACK" showHide="show">
<div class="textblock tvblock tvcss_1"><div class="rte_zone tveditor1">
<p>Het correcte antwoord is:</p>
<ul>
<li>d</li>
</ul>
</div>
</div>
</modalFeedback>
<modalFeedback identifier="ANSWER_CORRECT" outcomeIdentifier="FEEDBACK" showHide="show">
<div class="textblock tvblock tvcss_1"><div class="rte_zone tveditor1">
<p>Het correcte antwoord is:</p>
<ul>
<li>d</li>
</ul>
</div>
</div>
</modalFeedback>
<modalFeedback identifier="PARTIAL_CORRECT" outcomeIdentifier="FEEDBACK" showHide="show">
<div class="textblock tvblock tvcss_1"><div class="rte_zone tveditor1">
<p>Het correcte antwoord is:</p>
<ul>
<li>d</li>
</ul>
</div>
</div>
</modalFeedback>
</assessmentItem>
