<?xml version="1.0" encoding="utf-8" standalone="yes"?>
<assessmentItem identifier="vufgb-logisticregression-018-nl_202209051538_item_1_schoice" title="vufgb-logisticregression-018-nl_202209051538_item_1_schoice_vufgb-logisticregression-xxx-nl" adaptive="false" timeDependent="false" toolName="Testvision Online" toolVersion="39.0.9084" xmlns="http://www.imsglobal.org/xsd/imsqti_v2p1">
<responseDeclaration identifier="RESPONSE" cardinality="single" baseType="identifier">
<correctResponse>
<value>alt_159501</value>
</correctResponse>
<mapping defaultValue="0" lowerBound="0.0">
<mapEntry mapKey="alt_778286" mappedValue="-0.333333333333333"/>
<mapEntry mapKey="alt_450317" mappedValue="-0.333333333333333"/>
<mapEntry mapKey="alt_159501" mappedValue="1"/>
<mapEntry mapKey="alt_593806" mappedValue="-0.333333333333333"/>
</mapping>
</responseDeclaration>
<outcomeDeclaration identifier="SCORE" cardinality="single" baseType="float" normalMaximum="1" normalMinimum="0" />
<outcomeDeclaration identifier="FEEDBACK" cardinality="single" baseType="identifier" />
<itemBody>
<p>Welk model is <em>geen</em> onderdeel van het Algemene Lineaire Model?</p>
<choiceInteraction responseIdentifier="RESPONSE" shuffle="false" maxChoices="1">
<simpleChoice identifier="alt_778286">
<div class="textblock tvblock tvcss_1"><div class="rte_zone tveditor1">
a. Enkelvoudige lineaire regressie
</div>
</div>
</simpleChoice>
<simpleChoice identifier="alt_450317">
<div class="textblock tvblock tvcss_1"><div class="rte_zone tveditor1">
b. ANCOVA
</div>
</div>
</simpleChoice>
<simpleChoice identifier="alt_159501">
<div class="textblock tvblock tvcss_1"><div class="rte_zone tveditor1">
c. Enkelvoudige logistische regressie
</div>
</div>
</simpleChoice>
<simpleChoice identifier="alt_593806">
<div class="textblock tvblock tvcss_1"><div class="rte_zone tveditor1">
d. Factoriele ANOVA met interactie
</div>
</div>
</simpleChoice>
</choiceInteraction>
</itemBody>
<responseProcessing>
<responseCondition>
<responseIf>
<isNull>
<variable identifier="RESPONSE"/>
</isNull>
<setOutcomeValue identifier="SCORE">
<baseValue baseType="float">0.0</baseValue>
</setOutcomeValue>
<setOutcomeValue identifier="FEEDBACK">
<baseValue baseType="identifier">FAILURE</baseValue>
</setOutcomeValue>
</responseIf>
<responseElse>
<setOutcomeValue identifier="SCORE">
<mapResponse identifier="RESPONSE"/>
</setOutcomeValue>
<responseCondition>
<responseIf>
<equal toleranceMode="relative" tolerance="0.001">
<variable identifier="SCORE"/>
<variable identifier="MAXSCORE"/>
</equal>
<setOutcomeValue identifier="FEEDBACK">
<baseValue baseType="identifier">ANSWER_CORRECT</baseValue>
</setOutcomeValue>
</responseIf>
<responseElse>
<setOutcomeValue identifier="FEEDBACK">
<baseValue baseType="identifier">FAILURE</baseValue>
</setOutcomeValue>
</responseElse>
</responseCondition>
</responseElse>
</responseCondition>
</responseProcessing>
<modalFeedback identifier="FAILURE" outcomeIdentifier="FEEDBACK" showHide="show">
<div class="textblock tvblock tvcss_1"><div class="rte_zone tveditor1">
<ol>
<li> Enkelvoudige lineaire regressie <br /> Incorrect </li>
<li> ANCOVA <br /> Incorrect </li>
<li> Enkelvoudige logistische regressie <br /> Correct </li>
<li> Factoriele ANOVA met interactie <br /> Incorrect </li>
</ol>
</div>
</div>
</modalFeedback>
<modalFeedback identifier="ANSWER_CORRECT" outcomeIdentifier="FEEDBACK" showHide="show">
<div class="textblock tvblock tvcss_1"><div class="rte_zone tveditor1">
<ol>
<li> Enkelvoudige lineaire regressie <br /> Incorrect </li>
<li> ANCOVA <br /> Incorrect </li>
<li> Enkelvoudige logistische regressie <br /> Correct </li>
<li> Factoriele ANOVA met interactie <br /> Incorrect </li>
</ol>
</div>
</div>
</modalFeedback>
<modalFeedback identifier="PARTIAL_CORRECT" outcomeIdentifier="FEEDBACK" showHide="show">
<div class="textblock tvblock tvcss_1"><div class="rte_zone tveditor1">
<ol>
<li> Enkelvoudige lineaire regressie <br /> Incorrect </li>
<li> ANCOVA <br /> Incorrect </li>
<li> Enkelvoudige logistische regressie <br /> Correct </li>
<li> Factoriele ANOVA met interactie <br /> Incorrect </li>
</ol>
</div>
</div>
</modalFeedback>
</assessmentItem>
