<?xml version="1.0" encoding="UTF-8"?>
<assessmentItem xsi:schemaLocation="http://www.imsglobal.org/xsd/imsqti_v2p1 http://www.imsglobal.org/xsd/qti/qtiv2p1/imsqti_v2p1p1.xsd http://www.w3.org/1998/Math/MathML http://www.w3.org/Math/XMLSchema/mathml2/mathml2.xsd" identifier="vufsw-multiple_linear_regression-1211-en-ans_299737487_section_1_item_1_schoice" title="Inferential_Statistics_vufsw-multiple_linear_regression-1211-en_vufsw-multiple_linear_regression-1211-en_schoice_1" adaptive="false" timeDependent="false" xmlns="http://www.imsglobal.org/xsd/imsqti_v2p1" xmlns:xsi="http://www.w3.org/2001/XMLSchema-instance">
<responseDeclaration identifier="vufsw-multiple_linear_regression-1211-en-ans_299737487_section_1_item_1_schoice_RESPONSE_1_4118841" cardinality="single" baseType="identifier">
<correctResponse>
<value>vufsw-multiple_linear_regression-1211-en-ans_299737487_section_1_item_1_schoice_2_5707565453</value>
</correctResponse>
<mapping defaultValue="0" lowerBound="0.0">
<mapEntry mapKey="vufsw-multiple_linear_regression-1211-en-ans_299737487_section_1_item_1_schoice_1_6221728715" mappedValue="0"/>
<mapEntry mapKey="vufsw-multiple_linear_regression-1211-en-ans_299737487_section_1_item_1_schoice_2_5707565453" mappedValue="1"/>
<mapEntry mapKey="vufsw-multiple_linear_regression-1211-en-ans_299737487_section_1_item_1_schoice_3_8564272656" mappedValue="0"/>
<mapEntry mapKey="vufsw-multiple_linear_regression-1211-en-ans_299737487_section_1_item_1_schoice_4_7494772381" mappedValue="0"/>
</mapping>
</responseDeclaration>
<outcomeDeclaration identifier="SCORE" cardinality="single" baseType="float" normalMaximum="1" normalMinimum="0">
<defaultValue>
<value>0.0</value>
</defaultValue>
</outcomeDeclaration>
<outcomeDeclaration identifier="MAXSCORE" cardinality="single" baseType="float">
<defaultValue>
<value>1</value>
</defaultValue>
</outcomeDeclaration>
<outcomeDeclaration identifier="FEEDBACKBASIC" cardinality="single" baseType="identifier" view="testConstructor">
<defaultValue>
<value>empty</value>
</defaultValue>
</outcomeDeclaration>
<outcomeDeclaration identifier="FEEDBACKMODAL" cardinality="multiple" baseType="identifier" view="testConstructor"/>
<outcomeDeclaration identifier="SOLUTIONMODAL" cardinality="single" baseType="identifier" view="testConstructor"/>
<outcomeDeclaration identifier="MINSCORE" cardinality="single" baseType="float">
<defaultValue>
<value baseType="float">0</value>
</defaultValue>
</outcomeDeclaration>
<outcomeDeclaration identifier="SCORE_RESPONSE_1" cardinality="single" baseType="float">
<defaultValue>
<value>0.0</value>
</defaultValue>
</outcomeDeclaration>
<outcomeDeclaration identifier="MINSCORE_RESPONSE_1" cardinality="single" baseType="float">
<defaultValue>
<value>0.0</value>
</defaultValue>
</outcomeDeclaration>
<itemBody>
<p>We run a multivariate regression with occupational prestige as the
dependent variable. The independent variables are income (measured in
euros), age and the number of workers at the establishment. We use the
F-test to…</p>
<choiceInteraction responseIdentifier="vufsw-multiple_linear_regression-1211-en-ans_299737487_section_1_item_1_schoice_RESPONSE_1_4118841" shuffle="false" maxChoices="1">
<simpleChoice identifier="vufsw-multiple_linear_regression-1211-en-ans_299737487_section_1_item_1_schoice_1_6221728715">
<p>
 Find the percentage of variance in occupational prestige that is explained by the 3 independent variables.
</p>
</simpleChoice>
<simpleChoice identifier="vufsw-multiple_linear_regression-1211-en-ans_299737487_section_1_item_1_schoice_2_5707565453">
<p>
 Test if the independent variables together have an effect on occupational prestige.
</p>
</simpleChoice>
<simpleChoice identifier="vufsw-multiple_linear_regression-1211-en-ans_299737487_section_1_item_1_schoice_3_8564272656">
<p>
 None of the above.
</p>
</simpleChoice>
<simpleChoice identifier="vufsw-multiple_linear_regression-1211-en-ans_299737487_section_1_item_1_schoice_4_7494772381">
<p>
 Test which of the variables has the strongest effect on the occupational prestige.
</p>
</simpleChoice>
</choiceInteraction>
</itemBody>
<responseProcessing>
<setOutcomeValue identifier="SCORE_RESPONSE_1">
<sum>
<variable identifier="SCORE_RESPONSE_1"/>
<mapResponse identifier="vufsw-multiple_linear_regression-1211-en-ans_299737487_section_1_item_1_schoice_RESPONSE_1_4118841"/>
</sum>
</setOutcomeValue>
<responseCondition>
<responseIf>
<lt>
<variable identifier="SCORE_RESPONSE_1"/>
<variable identifier="MINSCORE_RESPONSE_1"/>
</lt>
<setOutcomeValue identifier="SCORE_RESPONSE_1">
<variable identifier="MINSCORE_RESPONSE_1"/>
</setOutcomeValue>
</responseIf>
</responseCondition>
<responseCondition>
<responseIf>
<isNull>
<variable identifier="vufsw-multiple_linear_regression-1211-en-ans_299737487_section_1_item_1_schoice_RESPONSE_1_4118841"/>
</isNull>
<setOutcomeValue identifier="SCORE_RESPONSE_1">
<sum>
<variable identifier="SCORE_RESPONSE_1"/>
<baseValue baseType="float">0</baseValue>
</sum>
</setOutcomeValue>
</responseIf>
</responseCondition>
<setOutcomeValue identifier="SCORE">
<sum>
<variable identifier="SCORE_RESPONSE_1"/>
</sum>
</setOutcomeValue>
<responseCondition>
<responseIf>
<lt>
<variable identifier="SCORE"/>
<variable identifier="MINSCORE"/>
</lt>
<setOutcomeValue identifier="SCORE">
<variable identifier="MINSCORE"/>
</setOutcomeValue>
</responseIf>
</responseCondition>
<responseCondition>
<responseIf>
<lt>
<variable identifier="SCORE"/>
<baseValue baseType="float">1</baseValue>
</lt>
<setOutcomeValue identifier="FEEDBACKMODAL">
<multiple>
<variable identifier="FEEDBACKMODAL"/>
<baseValue baseType="identifier">Feedback545679421</baseValue>
</multiple>
</setOutcomeValue>
</responseIf>
</responseCondition>
</responseProcessing>
<modalFeedback outcomeIdentifier="FEEDBACK" showHide="show" identifier="incorrect">
<ul>
<li> Find the percentage of variance in occupational prestige that is explained by the 3 independent variables. <br /> False </li>
<li> Test if the independent variables together have an effect on occupational prestige. <br /> True </li>
<li> None of the above. <br /> False </li>
<li> Test which of the variables has the strongest effect on the occupational prestige. <br /> False </li>
</ul>
</modalFeedback>
</assessmentItem>
