<?xml version="1.0" encoding="UTF-8"?>
<assessmentItem xsi:schemaLocation="http://www.imsglobal.org/xsd/imsqti_v2p1 http://www.imsglobal.org/xsd/qti/qtiv2p1/imsqti_v2p1p1.xsd http://www.w3.org/1998/Math/MathML http://www.w3.org/Math/XMLSchema/mathml2/mathml2.xsd" identifier="vufgb-sumofsquares-007-nl-qti_119678845_section_1_item_1_schoice" title="1" adaptive="false" timeDependent="false" xmlns="http://www.imsglobal.org/xsd/imsqti_v2p1" xmlns:xsi="http://www.w3.org/2001/XMLSchema-instance">
<responseDeclaration identifier="vufgb-sumofsquares-007-nl-qti_119678845_section_1_item_1_schoice_RESPONSE_1_4485937" cardinality="single" baseType="identifier">
<correctResponse>
<value>vufgb-sumofsquares-007-nl-qti_119678845_section_1_item_1_schoice_2_5167021136</value>
</correctResponse>
<mapping defaultValue="0" lowerBound="0.0">
<mapEntry mapKey="vufgb-sumofsquares-007-nl-qti_119678845_section_1_item_1_schoice_1_3036707646" mappedValue="0"/>
<mapEntry mapKey="vufgb-sumofsquares-007-nl-qti_119678845_section_1_item_1_schoice_2_5167021136" mappedValue="1"/>
<mapEntry mapKey="vufgb-sumofsquares-007-nl-qti_119678845_section_1_item_1_schoice_3_3409586690" mappedValue="0"/>
<mapEntry mapKey="vufgb-sumofsquares-007-nl-qti_119678845_section_1_item_1_schoice_4_8028766734" mappedValue="0"/>
</mapping>
</responseDeclaration>
<outcomeDeclaration identifier="SCORE" cardinality="single" baseType="float" normalMaximum="1" normalMinimum="0">
<defaultValue>
<value>0.0</value>
</defaultValue>
</outcomeDeclaration>
<outcomeDeclaration identifier="MAXSCORE" cardinality="single" baseType="float">
<defaultValue>
<value>1</value>
</defaultValue>
</outcomeDeclaration>
<outcomeDeclaration identifier="FEEDBACKBASIC" cardinality="single" baseType="identifier" view="testConstructor">
<defaultValue>
<value>empty</value>
</defaultValue>
</outcomeDeclaration>
<outcomeDeclaration identifier="FEEDBACKMODAL" cardinality="multiple" baseType="identifier" view="testConstructor"/>
<outcomeDeclaration identifier="MINSCORE" cardinality="single" baseType="float">
<defaultValue>
<value baseType="float">0</value>
</defaultValue>
</outcomeDeclaration>
<outcomeDeclaration identifier="SCORE_RESPONSE_1" cardinality="single" baseType="float">
<defaultValue>
<value>0.0</value>
</defaultValue>
</outcomeDeclaration>
<outcomeDeclaration identifier="MINSCORE_RESPONSE_1" cardinality="single" baseType="float">
<defaultValue>
<value>0.0</value>
</defaultValue>
</outcomeDeclaration>
<itemBody>
<p>Welke kwadratensom vormt bij enkelvoudige regressie de basis voor de berekening van de geschatte conditionele standaardafwijking s?</p>
<choiceInteraction responseIdentifier="vufgb-sumofsquares-007-nl-qti_119678845_section_1_item_1_schoice_RESPONSE_1_4485937" shuffle="false" maxChoices="1">
<simpleChoice identifier="vufgb-sumofsquares-007-nl-qti_119678845_section_1_item_1_schoice_1_3036707646">
<p>
 Regression SS
</p>
</simpleChoice>
<simpleChoice identifier="vufgb-sumofsquares-007-nl-qti_119678845_section_1_item_1_schoice_2_5167021136">
<p>
 Residual SS
</p>
</simpleChoice>
<simpleChoice identifier="vufgb-sumofsquares-007-nl-qti_119678845_section_1_item_1_schoice_3_3409586690">
<p>
 Total SS
</p>
</simpleChoice>
<simpleChoice identifier="vufgb-sumofsquares-007-nl-qti_119678845_section_1_item_1_schoice_4_8028766734">
<p>
 Between-groups SS
</p>
</simpleChoice>
</choiceInteraction>
</itemBody>
<responseProcessing>
<responseCondition>
<responseIf>
<isNull>
<variable identifier="vufgb-sumofsquares-007-nl-qti_119678845_section_1_item_1_schoice_RESPONSE_1_4485937"/>
</isNull>
<setOutcomeValue identifier="SCORE_RESPONSE_1">
<sum>
<variable identifier="SCORE_RESPONSE_1"/>
<baseValue baseType="float">0</baseValue>
</sum>
</setOutcomeValue>
</responseIf>
</responseCondition>
<setOutcomeValue identifier="SCORE_RESPONSE_1">
<sum>
<variable identifier="SCORE_RESPONSE_1"/>
<mapResponse identifier="vufgb-sumofsquares-007-nl-qti_119678845_section_1_item_1_schoice_RESPONSE_1_4485937"/>
</sum>
</setOutcomeValue>
<responseCondition>
<responseIf>
<lt>
<variable identifier="SCORE_RESPONSE_1"/>
<variable identifier="MINSCORE_RESPONSE_1"/>
</lt>
<setOutcomeValue identifier="SCORE_RESPONSE_1">
<variable identifier="MINSCORE_RESPONSE_1"/>
</setOutcomeValue>
</responseIf>
</responseCondition>
<setOutcomeValue identifier="SCORE">
<sum>
<variable identifier="SCORE_RESPONSE_1"/>
</sum>
</setOutcomeValue>
<responseCondition>
<responseIf>
<lt>
<variable identifier="SCORE"/>
<variable identifier="MINSCORE"/>
</lt>
<setOutcomeValue identifier="SCORE">
<variable identifier="MINSCORE"/>
</setOutcomeValue>
</responseIf>
</responseCondition>
<responseCondition>
<responseIf>
<lt>
<variable identifier="SCORE"/>
<baseValue baseType="float">1</baseValue>
</lt>
<setOutcomeValue identifier="FEEDBACKMODAL">
<multiple>
<variable identifier="FEEDBACKMODAL"/>
<baseValue baseType="identifier">Feedback978859555</baseValue>
</multiple>
</setOutcomeValue>
</responseIf>
</responseCondition>
</responseProcessing>
<modalFeedback identifier="Feedback978859555" outcomeIdentifier="FEEDBACKMODAL" showHide="show">
 Regression SS <br /> Incorrect 
 Residual SS <br /> Correct 
 Total SS <br /> Incorrect 
 Between-groups SS <br /> Incorrect 
</modalFeedback>
</assessmentItem>
