<?xml version="1.0" encoding="UTF-8"?>
<assessmentItem xsi:schemaLocation="http://www.imsglobal.org/xsd/imsqti_v2p1 http://www.imsglobal.org/xsd/qti/qtiv2p1/imsqti_v2p1p1.xsd http://www.w3.org/1998/Math/MathML http://www.w3.org/Math/XMLSchema/mathml2/mathml2.xsd" identifier="uva-variance-1094-nl-ans_472404919_section_1_item_1_schoice" title="Probability_uva-variance-1094-nl_uva-variance-1094-nl_schoice_1" adaptive="false" timeDependent="false" xmlns="http://www.imsglobal.org/xsd/imsqti_v2p1" xmlns:xsi="http://www.w3.org/2001/XMLSchema-instance">
<responseDeclaration identifier="uva-variance-1094-nl-ans_472404919_section_1_item_1_schoice_RESPONSE_1_1056742" cardinality="single" baseType="identifier">
<correctResponse>
<value>uva-variance-1094-nl-ans_472404919_section_1_item_1_schoice_4_2867735390</value>
</correctResponse>
<mapping defaultValue="0" lowerBound="0.0">
<mapEntry mapKey="uva-variance-1094-nl-ans_472404919_section_1_item_1_schoice_1_3808520048" mappedValue="0"/>
<mapEntry mapKey="uva-variance-1094-nl-ans_472404919_section_1_item_1_schoice_2_9786953235" mappedValue="0"/>
<mapEntry mapKey="uva-variance-1094-nl-ans_472404919_section_1_item_1_schoice_3_6024570508" mappedValue="0"/>
<mapEntry mapKey="uva-variance-1094-nl-ans_472404919_section_1_item_1_schoice_4_2867735390" mappedValue="1"/>
</mapping>
</responseDeclaration>
<outcomeDeclaration identifier="SCORE" cardinality="single" baseType="float" normalMaximum="1" normalMinimum="0">
<defaultValue>
<value>0.0</value>
</defaultValue>
</outcomeDeclaration>
<outcomeDeclaration identifier="MAXSCORE" cardinality="single" baseType="float">
<defaultValue>
<value>1</value>
</defaultValue>
</outcomeDeclaration>
<outcomeDeclaration identifier="FEEDBACKBASIC" cardinality="single" baseType="identifier" view="testConstructor">
<defaultValue>
<value>empty</value>
</defaultValue>
</outcomeDeclaration>
<outcomeDeclaration identifier="FEEDBACKMODAL" cardinality="multiple" baseType="identifier" view="testConstructor"/>
<outcomeDeclaration identifier="SOLUTIONMODAL" cardinality="single" baseType="identifier" view="testConstructor"/>
<outcomeDeclaration identifier="MINSCORE" cardinality="single" baseType="float">
<defaultValue>
<value baseType="float">0</value>
</defaultValue>
</outcomeDeclaration>
<outcomeDeclaration identifier="SCORE_RESPONSE_1" cardinality="single" baseType="float">
<defaultValue>
<value>0.0</value>
</defaultValue>
</outcomeDeclaration>
<outcomeDeclaration identifier="MINSCORE_RESPONSE_1" cardinality="single" baseType="float">
<defaultValue>
<value>0.0</value>
</defaultValue>
</outcomeDeclaration>
<itemBody>
<p>Je hebt 1000 euro en een plan om je geld te investeren. In onderstaande
tabel vind je de mogelijke nettowinsten in een jaar en de kans op deze
winsten.<br />
<br />
Plan:<br />
</p>
<table>
<tbody>
<tr class="odd">
<td align="left">Netto winst</td>
<td align="left">Kans</td>
</tr>
<tr class="even">
<td align="left">€ 20</td>
<td align="left">0,3</td>
</tr>
<tr class="odd">
<td align="left">€ 10</td>
<td align="left">0,2</td>
</tr>
<tr class="even">
<td align="left">€ 4</td>
<td align="left">0,5</td>
</tr>
</tbody>
</table>
<p><br />
Wat is de variantie van dit plan?</p>
<choiceInteraction responseIdentifier="uva-variance-1094-nl-ans_472404919_section_1_item_1_schoice_RESPONSE_1_1056742" shuffle="false" maxChoices="1">
<simpleChoice identifier="uva-variance-1094-nl-ans_472404919_section_1_item_1_schoice_1_3808520048">
<p>
 € 0
</p>
</simpleChoice>
<simpleChoice identifier="uva-variance-1094-nl-ans_472404919_section_1_item_1_schoice_2_9786953235">
<p>
 € 18
</p>
</simpleChoice>
<simpleChoice identifier="uva-variance-1094-nl-ans_472404919_section_1_item_1_schoice_3_6024570508">
<p>
 € 30
</p>
</simpleChoice>
<simpleChoice identifier="uva-variance-1094-nl-ans_472404919_section_1_item_1_schoice_4_2867735390">
<p>
 € 48
</p>
</simpleChoice>
</choiceInteraction>
</itemBody>
<responseProcessing>
<setOutcomeValue identifier="SCORE_RESPONSE_1">
<sum>
<variable identifier="SCORE_RESPONSE_1"/>
<mapResponse identifier="uva-variance-1094-nl-ans_472404919_section_1_item_1_schoice_RESPONSE_1_1056742"/>
</sum>
</setOutcomeValue>
<responseCondition>
<responseIf>
<lt>
<variable identifier="SCORE_RESPONSE_1"/>
<variable identifier="MINSCORE_RESPONSE_1"/>
</lt>
<setOutcomeValue identifier="SCORE_RESPONSE_1">
<variable identifier="MINSCORE_RESPONSE_1"/>
</setOutcomeValue>
</responseIf>
</responseCondition>
<responseCondition>
<responseIf>
<isNull>
<variable identifier="uva-variance-1094-nl-ans_472404919_section_1_item_1_schoice_RESPONSE_1_1056742"/>
</isNull>
<setOutcomeValue identifier="SCORE_RESPONSE_1">
<sum>
<variable identifier="SCORE_RESPONSE_1"/>
<baseValue baseType="float">0</baseValue>
</sum>
</setOutcomeValue>
</responseIf>
</responseCondition>
<setOutcomeValue identifier="SCORE">
<sum>
<variable identifier="SCORE_RESPONSE_1"/>
</sum>
</setOutcomeValue>
<responseCondition>
<responseIf>
<lt>
<variable identifier="SCORE"/>
<variable identifier="MINSCORE"/>
</lt>
<setOutcomeValue identifier="SCORE">
<variable identifier="MINSCORE"/>
</setOutcomeValue>
</responseIf>
</responseCondition>
<responseCondition>
<responseIf>
<lt>
<variable identifier="SCORE"/>
<baseValue baseType="float">1</baseValue>
</lt>
<setOutcomeValue identifier="FEEDBACKMODAL">
<multiple>
<variable identifier="FEEDBACKMODAL"/>
<baseValue baseType="identifier">Feedback106269406</baseValue>
</multiple>
</setOutcomeValue>
</responseIf>
</responseCondition>
</responseProcessing>
<modalFeedback outcomeIdentifier="FEEDBACK" showHide="show" identifier="incorrect">
<ul>
<li> € 0 <br /> € 0: Incorrect </li>
<li> € 18 <br /> € 18: Incorrect </li>
<li> € 30 <br /> € 30: Incorrect </li>
<li> € 48 <br /> € 48: Correct </li>
</ul>
</modalFeedback>
</assessmentItem>
