<?xml version="1.0" encoding="utf-8" standalone="yes"?>
<assessmentItem identifier="uva-simple-linear-regression-833-en-tv_202601131822_item_1_schoice" title="uva-simple-linear-regression-833-en-tv_202601131822_item_1_schoice_uva-simple-linear-regression-833-en" adaptive="false" timeDependent="false" toolName="Testvision Online" toolVersion="39.0.9084" xmlns="http://www.imsglobal.org/xsd/imsqti_v2p1">
<responseDeclaration identifier="RESPONSE" cardinality="single" baseType="identifier">
<correctResponse>
<value>alt_186621</value>
</correctResponse>
<mapping defaultValue="0" lowerBound="0.0">
<mapEntry mapKey="alt_662497" mappedValue="-0.5"/>
<mapEntry mapKey="alt_186621" mappedValue="1"/>
<mapEntry mapKey="alt_112687" mappedValue="-0.5"/>
</mapping>
</responseDeclaration>
<outcomeDeclaration identifier="SCORE" cardinality="single" baseType="float" normalMaximum="1" normalMinimum="0" />
<outcomeDeclaration identifier="FEEDBACK" cardinality="single" baseType="identifier" />
<stylesheet href="css/uva-simple-linear-regression-833-en-tv_202601131822_item_1_schoice.css" type="text/css" />
<itemBody>
<p>In regression analysis, the predicted score on y is the average of the response variable y when</p>
<choiceInteraction responseIdentifier="RESPONSE" shuffle="false" maxChoices="1">
<simpleChoice identifier="alt_662497">
<div class="textblock tvblock tvcss_1"><div class="rte_zone tveditor1">
 B = 1
</div>
</div>
</simpleChoice>
<simpleChoice identifier="alt_186621">
<div class="textblock tvblock tvcss_1"><div class="rte_zone tveditor1">
 R = 0
</div>
</div>
</simpleChoice>
<simpleChoice identifier="alt_112687">
<div class="textblock tvblock tvcss_1"><div class="rte_zone tveditor1">
 X = 0
</div>
</div>
</simpleChoice>
</choiceInteraction>
</itemBody>
<responseProcessing>
<responseCondition>
<responseIf>
<isNull>
<variable identifier="RESPONSE"/>
</isNull>
<setOutcomeValue identifier="SCORE">
<baseValue baseType="float">0.0</baseValue>
</setOutcomeValue>
<setOutcomeValue identifier="FEEDBACK">
<baseValue baseType="identifier">FAILURE</baseValue>
</setOutcomeValue>
</responseIf>
<responseElse>
<setOutcomeValue identifier="SCORE">
<mapResponse identifier="RESPONSE"/>
</setOutcomeValue>
<responseCondition>
<responseIf>
<equal toleranceMode="relative" tolerance="0.001">
<variable identifier="SCORE"/>
<variable identifier="MAXSCORE"/>
</equal>
<setOutcomeValue identifier="FEEDBACK">
<baseValue baseType="identifier">ANSWER_CORRECT</baseValue>
</setOutcomeValue>
</responseIf>
<responseElse>
<setOutcomeValue identifier="FEEDBACK">
<baseValue baseType="identifier">FAILURE</baseValue>
</setOutcomeValue>
</responseElse>
</responseCondition>
</responseElse>
</responseCondition>
</responseProcessing>
<modalFeedback identifier="FAILURE" outcomeIdentifier="FEEDBACK" showHide="show">
<div class="textblock tvblock tvcss_1"><div class="rte_zone tveditor1">
<ul>
<li> B = 1 <br /> B = 1: Incorrect </li>
<li> R = 0 <br /> R = 0: Correct </li>
<li> X = 0 <br /> X = 0: Incorrect </li>
</ul>
</div>
</div>
</modalFeedback>
<modalFeedback identifier="ANSWER_CORRECT" outcomeIdentifier="FEEDBACK" showHide="show">
<div class="textblock tvblock tvcss_1"><div class="rte_zone tveditor1">
<ul>
<li> B = 1 <br /> B = 1: Incorrect </li>
<li> R = 0 <br /> R = 0: Correct </li>
<li> X = 0 <br /> X = 0: Incorrect </li>
</ul>
</div>
</div>
</modalFeedback>
<modalFeedback identifier="PARTIAL_CORRECT" outcomeIdentifier="FEEDBACK" showHide="show">
<div class="textblock tvblock tvcss_1"><div class="rte_zone tveditor1">
<ul>
<li> B = 1 <br /> B = 1: Incorrect </li>
<li> R = 0 <br /> R = 0: Correct </li>
<li> X = 0 <br /> X = 0: Incorrect </li>
</ul>
</div>
</div>
</modalFeedback>
</assessmentItem>
