<?xml version="1.0" encoding="UTF-8"?>
<assessmentItem xsi:schemaLocation="http://www.imsglobal.org/xsd/imsqti_v2p1 http://www.imsglobal.org/xsd/qti/qtiv2p1/imsqti_v2p1p1.xsd http://www.w3.org/1998/Math/MathML http://www.w3.org/Math/XMLSchema/mathml2/mathml2.xsd" identifier="uu-Oneway_ANOVA-882-nl-qti_557278449_section_1_item_1_schoice" title="1" adaptive="false" timeDependent="false" xmlns="http://www.imsglobal.org/xsd/imsqti_v2p1" xmlns:xsi="http://www.w3.org/2001/XMLSchema-instance">
<responseDeclaration identifier="uu-Oneway_ANOVA-882-nl-qti_557278449_section_1_item_1_schoice_RESPONSE_1_2255772" cardinality="single" baseType="identifier">
<correctResponse>
<value>uu-Oneway_ANOVA-882-nl-qti_557278449_section_1_item_1_schoice_4_1486807135</value>
</correctResponse>
<mapping defaultValue="0" lowerBound="0.0">
<mapEntry mapKey="uu-Oneway_ANOVA-882-nl-qti_557278449_section_1_item_1_schoice_1_9671399759" mappedValue="0"/>
<mapEntry mapKey="uu-Oneway_ANOVA-882-nl-qti_557278449_section_1_item_1_schoice_2_2036664014" mappedValue="0"/>
<mapEntry mapKey="uu-Oneway_ANOVA-882-nl-qti_557278449_section_1_item_1_schoice_3_1430505720" mappedValue="0"/>
<mapEntry mapKey="uu-Oneway_ANOVA-882-nl-qti_557278449_section_1_item_1_schoice_4_1486807135" mappedValue="1"/>
</mapping>
</responseDeclaration>
<outcomeDeclaration identifier="SCORE" cardinality="single" baseType="float" normalMaximum="1" normalMinimum="0">
<defaultValue>
<value>0.0</value>
</defaultValue>
</outcomeDeclaration>
<outcomeDeclaration identifier="MAXSCORE" cardinality="single" baseType="float">
<defaultValue>
<value>1</value>
</defaultValue>
</outcomeDeclaration>
<outcomeDeclaration identifier="FEEDBACKBASIC" cardinality="single" baseType="identifier" view="testConstructor">
<defaultValue>
<value>empty</value>
</defaultValue>
</outcomeDeclaration>
<outcomeDeclaration identifier="FEEDBACKMODAL" cardinality="multiple" baseType="identifier" view="testConstructor"/>
<outcomeDeclaration identifier="MINSCORE" cardinality="single" baseType="float">
<defaultValue>
<value baseType="float">0</value>
</defaultValue>
</outcomeDeclaration>
<outcomeDeclaration identifier="SCORE_RESPONSE_1" cardinality="single" baseType="float">
<defaultValue>
<value>0.0</value>
</defaultValue>
</outcomeDeclaration>
<outcomeDeclaration identifier="MINSCORE_RESPONSE_1" cardinality="single" baseType="float">
<defaultValue>
<value>0.0</value>
</defaultValue>
</outcomeDeclaration>
<itemBody>
<p>Op een peuterspeelzaal worden 25 peuters opgedeeld in 5 groepen (rood, blauw, geel, groen en paars). De peuterleidster vergelijkt het vocabulaire van deze kinderen door de woordkennis te testen bij alle kinderen en de gemiddelden uit te rekenen per kleurgroep. Ze vindt een <math display="inline" xmlns="http://www.w3.org/1998/Math/MathML"><semantics><mrow><mi>S</mi><msub><mi>S</mi><mrow><mi>w</mi><mi>i</mi><mi>t</mi><mi>h</mi><mi>i</mi><mi>n</mi></mrow></msub></mrow><annotation encoding="application/x-tex">SS_{within}</annotation></semantics></math> van 50.4. Verder weet ze dat ze 16% van de spreiding heeft verklaard met de groepsindeling in kleuren. Wat is de waarde van de <math display="inline" xmlns="http://www.w3.org/1998/Math/MathML"><semantics><mrow><mi>M</mi><msub><mi>S</mi><mrow><mi>b</mi><mi>e</mi><mi>t</mi><mi>w</mi><mi>e</mi><mi>e</mi><mi>n</mi></mrow></msub></mrow><annotation encoding="application/x-tex">MS_{between}</annotation></semantics></math> die ze heeft gevonden?</p>
<choiceInteraction responseIdentifier="uu-Oneway_ANOVA-882-nl-qti_557278449_section_1_item_1_schoice_RESPONSE_1_2255772" shuffle="false" maxChoices="1">
<simpleChoice identifier="uu-Oneway_ANOVA-882-nl-qti_557278449_section_1_item_1_schoice_1_9671399759">
<p>
 1,92
</p>
</simpleChoice>
<simpleChoice identifier="uu-Oneway_ANOVA-882-nl-qti_557278449_section_1_item_1_schoice_2_2036664014">
<p>
 2,52
</p>
</simpleChoice>
<simpleChoice identifier="uu-Oneway_ANOVA-882-nl-qti_557278449_section_1_item_1_schoice_3_1430505720">
<p>
 9,6
</p>
</simpleChoice>
<simpleChoice identifier="uu-Oneway_ANOVA-882-nl-qti_557278449_section_1_item_1_schoice_4_1486807135">
<p>
 2,4
</p>
</simpleChoice>
</choiceInteraction>
</itemBody>
<responseProcessing>
<responseCondition>
<responseIf>
<isNull>
<variable identifier="uu-Oneway_ANOVA-882-nl-qti_557278449_section_1_item_1_schoice_RESPONSE_1_2255772"/>
</isNull>
<setOutcomeValue identifier="SCORE_RESPONSE_1">
<sum>
<variable identifier="SCORE_RESPONSE_1"/>
<baseValue baseType="float">0</baseValue>
</sum>
</setOutcomeValue>
</responseIf>
</responseCondition>
<setOutcomeValue identifier="SCORE_RESPONSE_1">
<sum>
<variable identifier="SCORE_RESPONSE_1"/>
<mapResponse identifier="uu-Oneway_ANOVA-882-nl-qti_557278449_section_1_item_1_schoice_RESPONSE_1_2255772"/>
</sum>
</setOutcomeValue>
<responseCondition>
<responseIf>
<lt>
<variable identifier="SCORE_RESPONSE_1"/>
<variable identifier="MINSCORE_RESPONSE_1"/>
</lt>
<setOutcomeValue identifier="SCORE_RESPONSE_1">
<variable identifier="MINSCORE_RESPONSE_1"/>
</setOutcomeValue>
</responseIf>
</responseCondition>
<setOutcomeValue identifier="SCORE">
<sum>
<variable identifier="SCORE_RESPONSE_1"/>
</sum>
</setOutcomeValue>
<responseCondition>
<responseIf>
<lt>
<variable identifier="SCORE"/>
<variable identifier="MINSCORE"/>
</lt>
<setOutcomeValue identifier="SCORE">
<variable identifier="MINSCORE"/>
</setOutcomeValue>
</responseIf>
</responseCondition>
<responseCondition>
<responseIf>
<lt>
<variable identifier="SCORE"/>
<baseValue baseType="float">1</baseValue>
</lt>
<setOutcomeValue identifier="FEEDBACKMODAL">
<multiple>
<variable identifier="FEEDBACKMODAL"/>
<baseValue baseType="identifier">Feedback233621022</baseValue>
</multiple>
</setOutcomeValue>
</responseIf>
</responseCondition>
</responseProcessing>
<modalFeedback identifier="Feedback233621022" outcomeIdentifier="FEEDBACKMODAL" showHide="show">
<ul>
<li> 1,92 <br /> dit is met <math display="inline" xmlns="http://www.w3.org/1998/Math/MathML"><semantics><mrow><mi>D</mi><msub><mi>F</mi><mrow><mi>b</mi><mi>e</mi><mi>t</mi><mi>w</mi><mi>e</mi><mi>e</mi><mi>n</mi></mrow></msub></mrow><annotation encoding="application/x-tex">DF_{between}</annotation></semantics></math> = 5 </li>
<li> 2,52 <br /> dit is alleen <math display="inline" xmlns="http://www.w3.org/1998/Math/MathML"><semantics><mrow><mi>M</mi><msub><mi>S</mi><mrow><mi>W</mi><mi>i</mi><mi>t</mi><mi>h</mi><mi>i</mi><mi>n</mi></mrow></msub></mrow><annotation encoding="application/x-tex">MS_{Within}</annotation></semantics></math> </li>
<li> 9,6 <br /> dit is alleen <math display="inline" xmlns="http://www.w3.org/1998/Math/MathML"><semantics><mrow><mi>S</mi><msub><mi>S</mi><mrow><mi>b</mi><mi>e</mi><mi>t</mi><mi>w</mi><mi>e</mi><mi>e</mi><mi>n</mi></mrow></msub></mrow><annotation encoding="application/x-tex">SS_{between}</annotation></semantics></math> </li>
<li> 2,4 <br /> dit is correct </li>
</ul>
</modalFeedback>
</assessmentItem>
