<?xml version="1.0" encoding="UTF-8"?>
<assessmentItem xsi:schemaLocation="http://www.imsglobal.org/xsd/imsqti_v2p1 http://www.imsglobal.org/xsd/qti/qtiv2p1/imsqti_v2p1p1.xsd http://www.w3.org/1998/Math/MathML http://www.w3.org/Math/XMLSchema/mathml2/mathml2.xsd" identifier="vufsw-simple_linear_regression-1209-en-qti_560869267_section_1_item_1_schoice" title="1" adaptive="false" timeDependent="false" xmlns="http://www.imsglobal.org/xsd/imsqti_v2p1" xmlns:xsi="http://www.w3.org/2001/XMLSchema-instance">
<responseDeclaration identifier="vufsw-simple_linear_regression-1209-en-qti_560869267_section_1_item_1_schoice_RESPONSE_1_6853824" cardinality="single" baseType="identifier">
<correctResponse>
<value>vufsw-simple_linear_regression-1209-en-qti_560869267_section_1_item_1_schoice_4_2762157105</value>
</correctResponse>
<mapping defaultValue="0" lowerBound="0.0">
<mapEntry mapKey="vufsw-simple_linear_regression-1209-en-qti_560869267_section_1_item_1_schoice_1_7305774201" mappedValue="0"/>
<mapEntry mapKey="vufsw-simple_linear_regression-1209-en-qti_560869267_section_1_item_1_schoice_2_3211950301" mappedValue="0"/>
<mapEntry mapKey="vufsw-simple_linear_regression-1209-en-qti_560869267_section_1_item_1_schoice_3_2850167557" mappedValue="0"/>
<mapEntry mapKey="vufsw-simple_linear_regression-1209-en-qti_560869267_section_1_item_1_schoice_4_2762157105" mappedValue="1"/>
</mapping>
</responseDeclaration>
<outcomeDeclaration identifier="SCORE" cardinality="single" baseType="float" normalMaximum="1" normalMinimum="0">
<defaultValue>
<value>0.0</value>
</defaultValue>
</outcomeDeclaration>
<outcomeDeclaration identifier="MAXSCORE" cardinality="single" baseType="float">
<defaultValue>
<value>1</value>
</defaultValue>
</outcomeDeclaration>
<outcomeDeclaration identifier="FEEDBACKBASIC" cardinality="single" baseType="identifier" view="testConstructor">
<defaultValue>
<value>empty</value>
</defaultValue>
</outcomeDeclaration>
<outcomeDeclaration identifier="FEEDBACKMODAL" cardinality="multiple" baseType="identifier" view="testConstructor"/>
<outcomeDeclaration identifier="SOLUTIONMODAL" cardinality="single" baseType="identifier" view="testConstructor"/>
<outcomeDeclaration identifier="MINSCORE" cardinality="single" baseType="float">
<defaultValue>
<value baseType="float">0</value>
</defaultValue>
</outcomeDeclaration>
<outcomeDeclaration identifier="SCORE_RESPONSE_1" cardinality="single" baseType="float">
<defaultValue>
<value>0.0</value>
</defaultValue>
</outcomeDeclaration>
<outcomeDeclaration identifier="MINSCORE_RESPONSE_1" cardinality="single" baseType="float">
<defaultValue>
<value>0.0</value>
</defaultValue>
</outcomeDeclaration>
<itemBody>
<p>We run a bivariate regression with occupational prestige as a dependent
variable and income (measured in euros and mean-centred) as the
independent variable, income is centred. Which statement(s) is/are
true?<br />
 <br />
I     The constant represents the average occupational prestige in the
sample.<br />
II    The slope of income represents the average change in occupational
prestige when the individual earns 1 extra euro.</p>
<choiceInteraction responseIdentifier="vufsw-simple_linear_regression-1209-en-qti_560869267_section_1_item_1_schoice_RESPONSE_1_6853824" shuffle="false" maxChoices="1">
<simpleChoice identifier="vufsw-simple_linear_regression-1209-en-qti_560869267_section_1_item_1_schoice_1_7305774201">
<p>
 Both statements I and II are false.
</p>
</simpleChoice>
<simpleChoice identifier="vufsw-simple_linear_regression-1209-en-qti_560869267_section_1_item_1_schoice_2_3211950301">
<p>
 Statement I is true and statement II is false.
</p>
</simpleChoice>
<simpleChoice identifier="vufsw-simple_linear_regression-1209-en-qti_560869267_section_1_item_1_schoice_3_2850167557">
<p>
 Statement I is false and statement II is true.
</p>
</simpleChoice>
<simpleChoice identifier="vufsw-simple_linear_regression-1209-en-qti_560869267_section_1_item_1_schoice_4_2762157105">
<p>
 Both statements I and II are true.
</p>
</simpleChoice>
</choiceInteraction>
</itemBody>
<responseProcessing>
<setOutcomeValue identifier="SCORE_RESPONSE_1">
<sum>
<variable identifier="SCORE_RESPONSE_1"/>
<mapResponse identifier="vufsw-simple_linear_regression-1209-en-qti_560869267_section_1_item_1_schoice_RESPONSE_1_6853824"/>
</sum>
</setOutcomeValue>
<responseCondition>
<responseIf>
<lt>
<variable identifier="SCORE_RESPONSE_1"/>
<variable identifier="MINSCORE_RESPONSE_1"/>
</lt>
<setOutcomeValue identifier="SCORE_RESPONSE_1">
<variable identifier="MINSCORE_RESPONSE_1"/>
</setOutcomeValue>
</responseIf>
</responseCondition>
<responseCondition>
<responseIf>
<isNull>
<variable identifier="vufsw-simple_linear_regression-1209-en-qti_560869267_section_1_item_1_schoice_RESPONSE_1_6853824"/>
</isNull>
<setOutcomeValue identifier="SCORE_RESPONSE_1">
<sum>
<variable identifier="SCORE_RESPONSE_1"/>
<baseValue baseType="float">0</baseValue>
</sum>
</setOutcomeValue>
</responseIf>
</responseCondition>
<setOutcomeValue identifier="SCORE">
<sum>
<variable identifier="SCORE_RESPONSE_1"/>
</sum>
</setOutcomeValue>
<responseCondition>
<responseIf>
<lt>
<variable identifier="SCORE"/>
<variable identifier="MINSCORE"/>
</lt>
<setOutcomeValue identifier="SCORE">
<variable identifier="MINSCORE"/>
</setOutcomeValue>
</responseIf>
</responseCondition>
<responseCondition>
<responseIf>
<lt>
<variable identifier="SCORE"/>
<baseValue baseType="float">1</baseValue>
</lt>
<setOutcomeValue identifier="FEEDBACKMODAL">
<multiple>
<variable identifier="FEEDBACKMODAL"/>
<baseValue baseType="identifier">Feedback538026654</baseValue>
</multiple>
</setOutcomeValue>
</responseIf>
</responseCondition>
</responseProcessing>
<modalFeedback identifier="Feedback538026654" outcomeIdentifier="FEEDBACKMODAL" showHide="show">
<ul>
<li> Both statements I and II are false. <br /> False </li>
<li> Statement I is true and statement II is false. <br /> False </li>
<li> Statement I is false and statement II is true. <br /> False </li>
<li> Both statements I and II are true. <br /> True </li>
</ul>
</modalFeedback>
</assessmentItem>
