<?xml version="1.0" encoding="utf-8" standalone="yes"?>
<assessmentItem identifier="uva-two-sided-hypothesis-1731-nl-tv_202404291202_item_1_schoice" title="uva-two-sided-hypothesis-1731-nl-tv_202404291202_item_1_schoice_uva-two-sided-hypothesis-1731-nl" adaptive="false" timeDependent="false" toolName="Testvision Online" toolVersion="39.0.9084" xmlns="http://www.imsglobal.org/xsd/imsqti_v2p1">
<responseDeclaration identifier="RESPONSE" cardinality="single" baseType="identifier">
<correctResponse>
<value>alt_385729</value>
</correctResponse>
<mapping defaultValue="0" lowerBound="0.0">
<mapEntry mapKey="alt_354930" mappedValue="-0.5"/>
<mapEntry mapKey="alt_385729" mappedValue="1"/>
<mapEntry mapKey="alt_174496" mappedValue="-0.5"/>
</mapping>
</responseDeclaration>
<outcomeDeclaration identifier="SCORE" cardinality="single" baseType="float" normalMaximum="1" normalMinimum="0" />
<outcomeDeclaration identifier="FEEDBACK" cardinality="single" baseType="identifier" />
<itemBody>
<p>In een onderzoek met een random steekproef van 70 mensen werd gevraagd
of mensen het eens waren met de uitspraak van de rechter in de zaak
Wilders. In die zaak besloot de rechter dat zijn film 'Fitna' niet
oproept tot haat of geweld tegen moslims. Het percentage mensen dat het
eens was met de uitspraak van de rechter was 50%. De onderzoekers wilden
weten of het percentage in de populatie groter was dan 45%. Daartoe
stelden de onderzoekers een nulhypothese op die stelt dathet percentage
mensen die het eens is met de rechter 45% is. De P-waarde bij deze toets
is</p>
<choiceInteraction responseIdentifier="RESPONSE" shuffle="false" maxChoices="1">
<simpleChoice identifier="alt_354930">
<div class="textblock tvblock tvcss_1"><div class="rte_zone tveditor1">
 0.1714
</div>
</div>
</simpleChoice>
<simpleChoice identifier="alt_385729">
<div class="textblock tvblock tvcss_1"><div class="rte_zone tveditor1">
 0.2002
</div>
</div>
</simpleChoice>
<simpleChoice identifier="alt_174496">
<div class="textblock tvblock tvcss_1"><div class="rte_zone tveditor1">
 0.7857
</div>
</div>
</simpleChoice>
</choiceInteraction>
</itemBody>
<responseProcessing>
<responseCondition>
<responseIf>
<isNull>
<variable identifier="RESPONSE"/>
</isNull>
<setOutcomeValue identifier="SCORE">
<baseValue baseType="float">0.0</baseValue>
</setOutcomeValue>
<setOutcomeValue identifier="FEEDBACK">
<baseValue baseType="identifier">FAILURE</baseValue>
</setOutcomeValue>
</responseIf>
<responseElse>
<setOutcomeValue identifier="SCORE">
<mapResponse identifier="RESPONSE"/>
</setOutcomeValue>
<responseCondition>
<responseIf>
<equal toleranceMode="relative" tolerance="0.001">
<variable identifier="SCORE"/>
<variable identifier="MAXSCORE"/>
</equal>
<setOutcomeValue identifier="FEEDBACK">
<baseValue baseType="identifier">ANSWER_CORRECT</baseValue>
</setOutcomeValue>
</responseIf>
<responseElse>
<setOutcomeValue identifier="FEEDBACK">
<baseValue baseType="identifier">FAILURE</baseValue>
</setOutcomeValue>
</responseElse>
</responseCondition>
</responseElse>
</responseCondition>
</responseProcessing>
<modalFeedback identifier="FAILURE" outcomeIdentifier="FEEDBACK" showHide="show">
<div class="textblock tvblock tvcss_1"><div class="rte_zone tveditor1">
<ul>
<li> 0.1714 <br /> 0.1714: Incorrect </li>
<li> 0.2002 <br /> 0.2002: Correct </li>
<li> 0.7857 <br /> 0.7857: Incorrect </li>
</ul>
</div>
</div>
</modalFeedback>
<modalFeedback identifier="ANSWER_CORRECT" outcomeIdentifier="FEEDBACK" showHide="show">
<div class="textblock tvblock tvcss_1"><div class="rte_zone tveditor1">
<ul>
<li> 0.1714 <br /> 0.1714: Incorrect </li>
<li> 0.2002 <br /> 0.2002: Correct </li>
<li> 0.7857 <br /> 0.7857: Incorrect </li>
</ul>
</div>
</div>
</modalFeedback>
<modalFeedback identifier="PARTIAL_CORRECT" outcomeIdentifier="FEEDBACK" showHide="show">
<div class="textblock tvblock tvcss_1"><div class="rte_zone tveditor1">
<ul>
<li> 0.1714 <br /> 0.1714: Incorrect </li>
<li> 0.2002 <br /> 0.2002: Correct </li>
<li> 0.7857 <br /> 0.7857: Incorrect </li>
</ul>
</div>
</div>
</modalFeedback>
</assessmentItem>
