<?xml version="1.0" encoding="utf-8" standalone="yes"?>
<assessmentItem identifier="uva-sample-mean-1361-nl-tv_202403081018_item_1_schoice" title="uva-sample-mean-1361-nl-tv_202403081018_item_1_schoice_uva-sample-mean-1361-nl" adaptive="false" timeDependent="false" toolName="Testvision Online" toolVersion="39.0.9084" xmlns="http://www.imsglobal.org/xsd/imsqti_v2p1">
<responseDeclaration identifier="RESPONSE" cardinality="single" baseType="identifier">
<correctResponse>
<value>alt_145692</value>
</correctResponse>
<mapping defaultValue="0" lowerBound="0.0">
<mapEntry mapKey="alt_159057" mappedValue="-0.333333333333333"/>
<mapEntry mapKey="alt_124086" mappedValue="-0.333333333333333"/>
<mapEntry mapKey="alt_145692" mappedValue="1"/>
<mapEntry mapKey="alt_400629" mappedValue="-0.333333333333333"/>
</mapping>
</responseDeclaration>
<outcomeDeclaration identifier="SCORE" cardinality="single" baseType="float" normalMaximum="1" normalMinimum="0" />
<outcomeDeclaration identifier="FEEDBACK" cardinality="single" baseType="identifier" />
<itemBody>
<p>Vijf tennisballen in een doos hebben respectievelijk een diameter 62,
63, 64, 64 en 65 mm. Wat is het gemiddelde en de standaarddeviatie van
deze populatie?</p>
<choiceInteraction responseIdentifier="RESPONSE" shuffle="false" maxChoices="1">
<simpleChoice identifier="alt_159057">
<div class="textblock tvblock tvcss_1"><div class="rte_zone tveditor1">
 Het gemiddelde is 2,5 en de standaarddeviatie is 1.
</div>
</div>
</simpleChoice>
<simpleChoice identifier="alt_124086">
<div class="textblock tvblock tvcss_1"><div class="rte_zone tveditor1">
 Het gemiddelde is 63 en de standaarddeviatie is 1.
</div>
</div>
</simpleChoice>
<simpleChoice identifier="alt_145692">
<div class="textblock tvblock tvcss_1"><div class="rte_zone tveditor1">
 Het gemiddelde is 63,6 en de standaarddeviatie is 1,02.
</div>
</div>
</simpleChoice>
<simpleChoice identifier="alt_400629">
<div class="textblock tvblock tvcss_1"><div class="rte_zone tveditor1">
 Het gemiddelde is 64 en de standaarddeviatie is 1.
</div>
</div>
</simpleChoice>
</choiceInteraction>
</itemBody>
<responseProcessing>
<responseCondition>
<responseIf>
<isNull>
<variable identifier="RESPONSE"/>
</isNull>
<setOutcomeValue identifier="SCORE">
<baseValue baseType="float">0.0</baseValue>
</setOutcomeValue>
<setOutcomeValue identifier="FEEDBACK">
<baseValue baseType="identifier">FAILURE</baseValue>
</setOutcomeValue>
</responseIf>
<responseElse>
<setOutcomeValue identifier="SCORE">
<mapResponse identifier="RESPONSE"/>
</setOutcomeValue>
<responseCondition>
<responseIf>
<equal toleranceMode="relative" tolerance="0.001">
<variable identifier="SCORE"/>
<variable identifier="MAXSCORE"/>
</equal>
<setOutcomeValue identifier="FEEDBACK">
<baseValue baseType="identifier">ANSWER_CORRECT</baseValue>
</setOutcomeValue>
</responseIf>
<responseElse>
<setOutcomeValue identifier="FEEDBACK">
<baseValue baseType="identifier">FAILURE</baseValue>
</setOutcomeValue>
</responseElse>
</responseCondition>
</responseElse>
</responseCondition>
</responseProcessing>
<modalFeedback identifier="FAILURE" outcomeIdentifier="FEEDBACK" showHide="show">
<div class="textblock tvblock tvcss_1"><div class="rte_zone tveditor1">
<p>Het correcte antwoord is:</p>
<ul>
<li>Het gemiddelde is 63,6 en de standaarddeviatie is 1,02.</li>
</ul>
</div>
</div>
</modalFeedback>
<modalFeedback identifier="ANSWER_CORRECT" outcomeIdentifier="FEEDBACK" showHide="show">
<div class="textblock tvblock tvcss_1"><div class="rte_zone tveditor1">
<p>Het correcte antwoord is:</p>
<ul>
<li>Het gemiddelde is 63,6 en de standaarddeviatie is 1,02.</li>
</ul>
</div>
</div>
</modalFeedback>
<modalFeedback identifier="PARTIAL_CORRECT" outcomeIdentifier="FEEDBACK" showHide="show">
<div class="textblock tvblock tvcss_1"><div class="rte_zone tveditor1">
<p>Het correcte antwoord is:</p>
<ul>
<li>Het gemiddelde is 63,6 en de standaarddeviatie is 1,02.</li>
</ul>
</div>
</div>
</modalFeedback>
</assessmentItem>
