<?xml version="1.0" encoding="utf-8" standalone="yes"?>
<assessmentItem identifier="vufsw-tstatistic-0111-nl-tv_202405230827_item_1_schoice" title="vufsw-tstatistic-0111-nl-tv_202405230827_item_1_schoice_vufsw-tstatistic-0111-nl" adaptive="false" timeDependent="false" toolName="Testvision Online" toolVersion="39.0.9084" xmlns="http://www.imsglobal.org/xsd/imsqti_v2p1">
<responseDeclaration identifier="RESPONSE" cardinality="single" baseType="identifier">
<correctResponse>
<value>alt_519729</value>
</correctResponse>
<mapping defaultValue="0" lowerBound="0.0">
<mapEntry mapKey="alt_174719" mappedValue="-0.2"/>
<mapEntry mapKey="alt_613965" mappedValue="-0.2"/>
<mapEntry mapKey="alt_519729" mappedValue="1"/>
<mapEntry mapKey="alt_105180" mappedValue="-0.2"/>
<mapEntry mapKey="alt_399544" mappedValue="-0.2"/>
<mapEntry mapKey="alt_181154" mappedValue="-0.2"/>
</mapping>
</responseDeclaration>
<outcomeDeclaration identifier="SCORE" cardinality="single" baseType="float" normalMaximum="1" normalMinimum="0" />
<outcomeDeclaration identifier="FEEDBACK" cardinality="single" baseType="identifier" />
<itemBody>
<p>Een student heeft voor haar Master thesis met behulp van een
experimenteel design onderzocht of proefpersonen die een ongunstig
nieuwsbericht moesten lezen een minder positieve beoordeling geven
betreft het imago van een bepaald bedrijf dan proefpersonen die een
neutraal nieuwsbericht hebben gelezen. De beoordeling is gemeten op een
schaal van 1 (zeer negatief) t/m 5 (zeer positief).</p>
<p>Uit de resultaten blijkt dat de gemiddelde beoordeling van de twee
groepen als volgt is (zie hieronder)</p>
<p>De éénzijdige hypothese van de onderzoeker is dat de gemiddelde
beoordeling van de experimentele groep significant lager is dan bij de
controlegroep. Zij hanteert bij deze toetsing een significantieniveau
van 5% (α = .05).</p>
<p>Wat is de <strong>geobserveerde absolute t-waarde</strong>? (afgerond op 2
decimalen)<br />
<img src="mediafiles/supplements1/1643016030727.png" class="fr-fic fr-dii tvcss_2"
alt="1643016030727" /></p>
<choiceInteraction responseIdentifier="RESPONSE" shuffle="false" maxChoices="1">
<simpleChoice identifier="alt_174719">
<div class="textblock tvblock tvcss_1"><div class="rte_zone tveditor1">
 3,90
</div>
</div>
</simpleChoice>
<simpleChoice identifier="alt_613965">
<div class="textblock tvblock tvcss_1"><div class="rte_zone tveditor1">
 2,77
</div>
</div>
</simpleChoice>
<simpleChoice identifier="alt_519729">
<div class="textblock tvblock tvcss_1"><div class="rte_zone tveditor1">
 1,83
</div>
</div>
</simpleChoice>
<simpleChoice identifier="alt_105180">
<div class="textblock tvblock tvcss_1"><div class="rte_zone tveditor1">
 0,98
</div>
</div>
</simpleChoice>
<simpleChoice identifier="alt_399544">
<div class="textblock tvblock tvcss_1"><div class="rte_zone tveditor1">
 2,03
</div>
</div>
</simpleChoice>
<simpleChoice identifier="alt_181154">
<div class="textblock tvblock tvcss_1"><div class="rte_zone tveditor1">
 3,65
</div>
</div>
</simpleChoice>
</choiceInteraction>
</itemBody>
<responseProcessing>
<responseCondition>
<responseIf>
<isNull>
<variable identifier="RESPONSE"/>
</isNull>
<setOutcomeValue identifier="SCORE">
<baseValue baseType="float">0.0</baseValue>
</setOutcomeValue>
<setOutcomeValue identifier="FEEDBACK">
<baseValue baseType="identifier">FAILURE</baseValue>
</setOutcomeValue>
</responseIf>
<responseElse>
<setOutcomeValue identifier="SCORE">
<mapResponse identifier="RESPONSE"/>
</setOutcomeValue>
<responseCondition>
<responseIf>
<equal toleranceMode="relative" tolerance="0.001">
<variable identifier="SCORE"/>
<variable identifier="MAXSCORE"/>
</equal>
<setOutcomeValue identifier="FEEDBACK">
<baseValue baseType="identifier">ANSWER_CORRECT</baseValue>
</setOutcomeValue>
</responseIf>
<responseElse>
<setOutcomeValue identifier="FEEDBACK">
<baseValue baseType="identifier">FAILURE</baseValue>
</setOutcomeValue>
</responseElse>
</responseCondition>
</responseElse>
</responseCondition>
</responseProcessing>
<modalFeedback identifier="FAILURE" outcomeIdentifier="FEEDBACK" showHide="show">
<div class="textblock tvblock tvcss_1"><div class="rte_zone tveditor1">
<ul>
<li> 3,90 <br /> False </li>
<li> 2,77 <br /> False </li>
<li> 1,83 <br /> True </li>
<li> 0,98 <br /> False </li>
<li> 2,03 <br /> False </li>
<li> 3,65 <br /> False </li>
</ul>
</div>
</div>
</modalFeedback>
<modalFeedback identifier="ANSWER_CORRECT" outcomeIdentifier="FEEDBACK" showHide="show">
<div class="textblock tvblock tvcss_1"><div class="rte_zone tveditor1">
<ul>
<li> 3,90 <br /> False </li>
<li> 2,77 <br /> False </li>
<li> 1,83 <br /> True </li>
<li> 0,98 <br /> False </li>
<li> 2,03 <br /> False </li>
<li> 3,65 <br /> False </li>
</ul>
</div>
</div>
</modalFeedback>
<modalFeedback identifier="PARTIAL_CORRECT" outcomeIdentifier="FEEDBACK" showHide="show">
<div class="textblock tvblock tvcss_1"><div class="rte_zone tveditor1">
<ul>
<li> 3,90 <br /> False </li>
<li> 2,77 <br /> False </li>
<li> 1,83 <br /> True </li>
<li> 0,98 <br /> False </li>
<li> 2,03 <br /> False </li>
<li> 3,65 <br /> False </li>
</ul>
</div>
</div>
</modalFeedback>
</assessmentItem>
