<?xml version="1.0" encoding="UTF-8"?>
<assessmentItem xsi:schemaLocation="http://www.imsglobal.org/xsd/imsqti_v2p1 http://www.imsglobal.org/xsd/qti/qtiv2p1/imsqti_v2p1p1.xsd http://www.w3.org/1998/Math/MathML http://www.w3.org/Math/XMLSchema/mathml2/mathml2.xsd" identifier="uu-multiple-linear-regression-820-nl-ans_424348589_section_1_item_1_schoice" title="Inferential_Statistics_uu-multiple-linear-regression-820-nl_uu-multiple-linear-regression-820-nl_schoice_1" adaptive="false" timeDependent="false" xmlns="http://www.imsglobal.org/xsd/imsqti_v2p1" xmlns:xsi="http://www.w3.org/2001/XMLSchema-instance">
<responseDeclaration identifier="uu-multiple-linear-regression-820-nl-ans_424348589_section_1_item_1_schoice_RESPONSE_1_6465369" cardinality="single" baseType="identifier">
<correctResponse>
<value>uu-multiple-linear-regression-820-nl-ans_424348589_section_1_item_1_schoice_4_6352644053</value>
</correctResponse>
<mapping defaultValue="0" lowerBound="0.0">
<mapEntry mapKey="uu-multiple-linear-regression-820-nl-ans_424348589_section_1_item_1_schoice_1_1463636080" mappedValue="0"/>
<mapEntry mapKey="uu-multiple-linear-regression-820-nl-ans_424348589_section_1_item_1_schoice_2_2470483901" mappedValue="0"/>
<mapEntry mapKey="uu-multiple-linear-regression-820-nl-ans_424348589_section_1_item_1_schoice_3_8619820753" mappedValue="0"/>
<mapEntry mapKey="uu-multiple-linear-regression-820-nl-ans_424348589_section_1_item_1_schoice_4_6352644053" mappedValue="1"/>
</mapping>
</responseDeclaration>
<outcomeDeclaration identifier="SCORE" cardinality="single" baseType="float" normalMaximum="1" normalMinimum="0">
<defaultValue>
<value>0.0</value>
</defaultValue>
</outcomeDeclaration>
<outcomeDeclaration identifier="MAXSCORE" cardinality="single" baseType="float">
<defaultValue>
<value>1</value>
</defaultValue>
</outcomeDeclaration>
<outcomeDeclaration identifier="FEEDBACKBASIC" cardinality="single" baseType="identifier" view="testConstructor">
<defaultValue>
<value>empty</value>
</defaultValue>
</outcomeDeclaration>
<outcomeDeclaration identifier="FEEDBACKMODAL" cardinality="multiple" baseType="identifier" view="testConstructor"/>
<outcomeDeclaration identifier="SOLUTIONMODAL" cardinality="single" baseType="identifier" view="testConstructor"/>
<outcomeDeclaration identifier="MINSCORE" cardinality="single" baseType="float">
<defaultValue>
<value baseType="float">0</value>
</defaultValue>
</outcomeDeclaration>
<outcomeDeclaration identifier="SCORE_RESPONSE_1" cardinality="single" baseType="float">
<defaultValue>
<value>0.0</value>
</defaultValue>
</outcomeDeclaration>
<outcomeDeclaration identifier="MINSCORE_RESPONSE_1" cardinality="single" baseType="float">
<defaultValue>
<value>0.0</value>
</defaultValue>
</outcomeDeclaration>
<itemBody>
<p>De tabel hieronder komt uit Kanazawa’s artikel Intelligence, Birth Order, and Family Size (2012).</p>
<p><img src="media/supplements1/uu-multiple-linear-regression-820-en-tabel.jpg" /></p>
<p>Welke conclusie is juist op basis van de tabel?</p>
<choiceInteraction responseIdentifier="uu-multiple-linear-regression-820-nl-ans_424348589_section_1_item_1_schoice_RESPONSE_1_6465369" shuffle="false" maxChoices="1">
<simpleChoice identifier="uu-multiple-linear-regression-820-nl-ans_424348589_section_1_item_1_schoice_1_1463636080">
<p>
 In model 2 wordt 9,1% meer variantie verklaard dan in model 1.
</p>
</simpleChoice>
<simpleChoice identifier="uu-multiple-linear-regression-820-nl-ans_424348589_section_1_item_1_schoice_2_2470483901">
<p>
 De voorspelde Intelligentie van één kind is hoger op basis van model 1 dan op basis van model 2.
</p>
</simpleChoice>
<simpleChoice identifier="uu-multiple-linear-regression-820-nl-ans_424348589_section_1_item_1_schoice_3_8619820753">
<p>
 In model 4 is Sociale klasse bij geboorte een sterkere voorspeller van Intelligentie dan Aantal broers en zussen.
</p>
</simpleChoice>
<simpleChoice identifier="uu-multiple-linear-regression-820-nl-ans_424348589_section_1_item_1_schoice_4_6352644053">
<p>
 Van 35 deelnemers is het aantal broers en zussen onbekend.
</p>
</simpleChoice>
</choiceInteraction>
</itemBody>
<responseProcessing>
<setOutcomeValue identifier="SCORE_RESPONSE_1">
<sum>
<variable identifier="SCORE_RESPONSE_1"/>
<mapResponse identifier="uu-multiple-linear-regression-820-nl-ans_424348589_section_1_item_1_schoice_RESPONSE_1_6465369"/>
</sum>
</setOutcomeValue>
<responseCondition>
<responseIf>
<lt>
<variable identifier="SCORE_RESPONSE_1"/>
<variable identifier="MINSCORE_RESPONSE_1"/>
</lt>
<setOutcomeValue identifier="SCORE_RESPONSE_1">
<variable identifier="MINSCORE_RESPONSE_1"/>
</setOutcomeValue>
</responseIf>
</responseCondition>
<responseCondition>
<responseIf>
<isNull>
<variable identifier="uu-multiple-linear-regression-820-nl-ans_424348589_section_1_item_1_schoice_RESPONSE_1_6465369"/>
</isNull>
<setOutcomeValue identifier="SCORE_RESPONSE_1">
<sum>
<variable identifier="SCORE_RESPONSE_1"/>
<baseValue baseType="float">0</baseValue>
</sum>
</setOutcomeValue>
</responseIf>
</responseCondition>
<setOutcomeValue identifier="SCORE">
<sum>
<variable identifier="SCORE_RESPONSE_1"/>
</sum>
</setOutcomeValue>
<responseCondition>
<responseIf>
<lt>
<variable identifier="SCORE"/>
<variable identifier="MINSCORE"/>
</lt>
<setOutcomeValue identifier="SCORE">
<variable identifier="MINSCORE"/>
</setOutcomeValue>
</responseIf>
</responseCondition>
<responseCondition>
<responseIf>
<lt>
<variable identifier="SCORE"/>
<baseValue baseType="float">1</baseValue>
</lt>
<setOutcomeValue identifier="FEEDBACKMODAL">
<multiple>
<variable identifier="FEEDBACKMODAL"/>
<baseValue baseType="identifier">Feedback256931453</baseValue>
</multiple>
</setOutcomeValue>
</responseIf>
</responseCondition>
</responseProcessing>
<modalFeedback outcomeIdentifier="FEEDBACK" showHide="show" identifier="incorrect">
<p>In model 2 wordt een tweede voorspeller: Aantal broers en zussen toegevoegd aan het model. Onderaan de tabel kun je zien dat het aantal deelnemers met 35 daalt van model 1 (9.421 respondenten) naar model 2 (9.386 respondenten). Dus als de voorspeller Aantal broers en zussen aan het model wordt toegevoegd, zijn er 35 deelnemers minder in de analyse. Dit betekent dat van deze 35 deelnemers niet bekend is hoeveel broers of zussen ze hebben.</p>
<p>Waarom zijn de andere antwoorden onjuist?</p>
<p>-In model 2 wordt 9,1% meer variantie verklaard dan in model 1. In model 2 wordt 9,1% (R kwadraat = .091) variantie verklaard. In model 1 wordt 5,1% (R^2 = .051) variantie verklaard. Het verschil in verklaarde variantie tussen de twee modellen is: 9.1% - 5.1% = 4%.</p>
<p>-De voorspelde Intelligentie van een alleenstaand kind is hoger op basis van model 1 dan op basis van model 2. De voorspelde Intelligentie van een alleenstaand kind in model 1 is: 105.590 - 2.348<em>1 = 103.242. De voorspelde Intelligentie van een alleenstaand kind in model 2 is: 106.678 - 0.267</em>1 - 2.314* 0 = 106.411.</p>
<p>-In model 4 is Sociale klasse bij geboorte een sterkere voorspeller van Intelligentie dan Aantal broers en zussen. Dit is onjuist. Om te bepalen welke voorspeller de sterkste is, moeten we kijken naar de gestandaardiseerde regressiecoëfficiënten. Dat zijn de cursief gedrukte getallen. De gestandaardiseerde regressiecoëfficiënt van Sociale klasse bij geboorte is gelijk aan 0,177 en de gestandaardiseerde regressiecoëfficiënt van Aantal broers en zussen is gelijk aan -0,226. Aantal broers en zussen heeft de grootste absolute waarde van de gestandaardiseerde regressiecoëfficiënt en is dus de sterkste voorspeller van de twee.</p>
</modalFeedback>
</assessmentItem>
