<?xml version="1.0" encoding="UTF-8"?>
<!DOCTYPE questestinterop SYSTEM "ims_qtiasiv1p2p1.dtd">

<questestinterop xmlns="http://www.imsglobal.org/xsd/ims_qtiasiv1p2" xmlns:xsi="http://www.w3.org/2001/XMLSchema-instance" xsi:schemaLocation="http://www.imsglobal.org/xsd/ims_qtiasiv1p2 http://www.imsglobal.org/xsd/ims_qtiasiv1p2p1.xsd">
<assessment ident="uva-summary-statistics-1184-nl-canvas_742129655" title="uva-summary-statistics-1184-nl-canvas">

<qtimetadata>
<qtimetadatafield>
<fieldlabel>cc_maxattempts</fieldlabel>
<fieldentry>1</fieldentry>
</qtimetadatafield>
<qtimetadatafield>
<fieldlabel>qmd_assessmenttype</fieldlabel>
<fieldentry>Assessment</fieldentry>
</qtimetadatafield>
</qtimetadata>
<objectives>
<material>
<mattext><![CDATA[Please solve the following exercises.]]></mattext>
</material>
</objectives>
<assessmentcontrol feedbackswitch="No" hintswitch="No" solutionswitch="Yes"/>
<outcomes_processing scoremodel="SumOfScores">
<outcomes>
<decvar varname="SCORE" vartype="Decimal" cutvalue="0"/>
</outcomes>
</outcomes_processing>
<assessfeedback title="AssessmentFeedback" ident="AssessmentFeedback">
<flow_mat>
<material>
<mattext>##AssessmentFeedback##</mattext>
</material>
</flow_mat>
</assessfeedback>

<section ident="uva-summary-statistics-1184-nl-canvas_742129655_section_1" title="Exercise">

<objectives>
<material>
<mattext><![CDATA[Please answer the following question.]]></mattext>
</material>
</objectives>
<selection_ordering>
<selection>
<selection_number>1</selection_number>
<selection_extension>
<points_per_item>1</points_per_item>
</selection_extension>
</selection>
<order order_type="Random"/>
</selection_ordering>

<item ident="uva-summary-statistics-1184-nl-canvas_742129655_section_1_item_1_schoice" title="Question" maxattempts="1">
<itemcontrol feedbackswitch="No" hintswitch="No" solutionswitch="Yes"/>
<itemmetadata>
<qtimetadata>
<qtimetadatafield>
<fieldlabel>question_type</fieldlabel>
<fieldentry>multiple_choice_question</fieldentry>
</qtimetadatafield>
</qtimetadata>
</itemmetadata>
<presentation>
<flow>
<material>
<matbreak/>
<mattext texttype="text/html" charset="utf-8"><![CDATA[
<p>Otto loopt elke dag 10 mijl om 13:00 uur. Gemiddeld is hij klaar om
15:50 uur met een standaardafwijking van 10 minuten. Zijn vriendin Sien
begint 30 minuten later en zij rent elke dag de 10 mijl precies twee
keer zo snel als Otto. Wat is de gemiddelde tijd dat Sien finisht, en
wat is de standaardafwijking in minuten wanneer zij de finish haalt?</p>
]]></mattext>
<matbreak/>
</material>
<response_lid ident="uva-summary-statistics-1184-nl-canvas_742129655_section_1_item_1_schoice_RESPONSE_4776875" rcardinality="Single" rtiming="No">
<render_choice shuffle="No">
<flow_label class="List">
<response_label ident="uva-summary-statistics-1184-nl-canvas_742129655_section_1_item_1_schoice_4868054170" rshuffle="No">
<material>
<mattext texttype="text/html" charset="utf-8"><![CDATA[
 gemiddeld om 14:25 uur, standaardafwijking 5 minuten
]]></mattext>
</material>
</response_label>
</flow_label>
<flow_label class="List">
<response_label ident="uva-summary-statistics-1184-nl-canvas_742129655_section_1_item_1_schoice_2621319516" rshuffle="No">
<material>
<mattext texttype="text/html" charset="utf-8"><![CDATA[
 gemiddeld om 14:25 uur, standaardafwijking 20 minuten
]]></mattext>
</material>
</response_label>
</flow_label>
<flow_label class="List">
<response_label ident="uva-summary-statistics-1184-nl-canvas_742129655_section_1_item_1_schoice_3920839768" rshuffle="No">
<material>
<mattext texttype="text/html" charset="utf-8"><![CDATA[
 gemiddeld om 14:25 uur, standaardafwijking 35 minuten
]]></mattext>
</material>
</response_label>
</flow_label>
<flow_label class="List">
<response_label ident="uva-summary-statistics-1184-nl-canvas_742129655_section_1_item_1_schoice_7252643261" rshuffle="No">
<material>
<mattext texttype="text/html" charset="utf-8"><![CDATA[
 gemiddeld om 14:55 uur, standaardafwijking 5 minuten
]]></mattext>
</material>
</response_label>
</flow_label>
<flow_label class="List">
<response_label ident="uva-summary-statistics-1184-nl-canvas_742129655_section_1_item_1_schoice_6897655435" rshuffle="No">
<material>
<mattext texttype="text/html" charset="utf-8"><![CDATA[
 gemiddeld om 14:55 uur, standaardafwijking 35 minuten
]]></mattext>
</material>
</response_label>
</flow_label>
</render_choice>
</response_lid>
</flow>
</presentation>
<resprocessing>
<outcomes>
<decvar varname="SCORE" vartype="Decimal" defaultval="0" minvalue="0" maxvalue="1" cutvalue="1"/>
</outcomes>
<respcondition title="Mastery" continue="No">
<conditionvar>
<and>
<varequal respident="uva-summary-statistics-1184-nl-canvas_742129655_section_1_item_1_schoice_RESPONSE_4776875" case="Yes">uva-summary-statistics-1184-nl-canvas_742129655_section_1_item_1_schoice_7252643261</varequal>
<not> <varequal respident="uva-summary-statistics-1184-nl-canvas_742129655_section_1_item_1_schoice_RESPONSE_4776875" case="Yes">uva-summary-statistics-1184-nl-canvas_742129655_section_1_item_1_schoice_4868054170</varequal> </not>
<not> <varequal respident="uva-summary-statistics-1184-nl-canvas_742129655_section_1_item_1_schoice_RESPONSE_4776875" case="Yes">uva-summary-statistics-1184-nl-canvas_742129655_section_1_item_1_schoice_2621319516</varequal> </not>
<not> <varequal respident="uva-summary-statistics-1184-nl-canvas_742129655_section_1_item_1_schoice_RESPONSE_4776875" case="Yes">uva-summary-statistics-1184-nl-canvas_742129655_section_1_item_1_schoice_3920839768</varequal> </not>
<not> <varequal respident="uva-summary-statistics-1184-nl-canvas_742129655_section_1_item_1_schoice_RESPONSE_4776875" case="Yes">uva-summary-statistics-1184-nl-canvas_742129655_section_1_item_1_schoice_6897655435</varequal> </not>
</and>
</conditionvar>
<setvar varname="SCORE" action="Set">1</setvar>
<displayfeedback feedbacktype="Response" linkrefid="correct_fb"/>
</respcondition>
<respcondition continue="Yes">
<conditionvar>
<other/>
</conditionvar>
<displayfeedback feedbacktype="Response" linkrefid="general_incorrect_fb"/>
</respcondition>
</resprocessing>
<itemfeedback ident="correct_fb" view="All">
<flow_mat>
<material>
<mattext texttype="text/html"><![CDATA[
<ul>
<li> gemiddeld om 14:25 uur, standaardafwijking 5 minuten <br /> gemiddeld om 14:25 uur, standaardafwijking 5 minuten: Incorrect </li>
<li> gemiddeld om 14:25 uur, standaardafwijking 20 minuten <br /> gemiddeld om 14:25 uur, standaardafwijking 20 minuten: Incorrect </li>
<li> gemiddeld om 14:25 uur, standaardafwijking 35 minuten <br /> gemiddeld om 14:25 uur, standaardafwijking 35 minuten: Incorrect </li>
<li> gemiddeld om 14:55 uur, standaardafwijking 5 minuten <br /> gemiddeld om 14:55 uur, standaardafwijking 5 minuten: Correct </li>
<li> gemiddeld om 14:55 uur, standaardafwijking 35 minuten <br /> gemiddeld om 14:55 uur, standaardafwijking 35 minuten: Incorrect </li>
</ul>
]]></mattext>
</material>
</flow_mat>
</itemfeedback>
<itemfeedback ident="general_incorrect_fb" view="All">
<flow_mat>
<material>
<mattext texttype="text/html"><![CDATA[
<ul>
<li> gemiddeld om 14:25 uur, standaardafwijking 5 minuten <br /> gemiddeld om 14:25 uur, standaardafwijking 5 minuten: Incorrect </li>
<li> gemiddeld om 14:25 uur, standaardafwijking 20 minuten <br /> gemiddeld om 14:25 uur, standaardafwijking 20 minuten: Incorrect </li>
<li> gemiddeld om 14:25 uur, standaardafwijking 35 minuten <br /> gemiddeld om 14:25 uur, standaardafwijking 35 minuten: Incorrect </li>
<li> gemiddeld om 14:55 uur, standaardafwijking 5 minuten <br /> gemiddeld om 14:55 uur, standaardafwijking 5 minuten: Correct </li>
<li> gemiddeld om 14:55 uur, standaardafwijking 35 minuten <br /> gemiddeld om 14:55 uur, standaardafwijking 35 minuten: Incorrect </li>
</ul>
]]></mattext>
</material>
</flow_mat>
</itemfeedback>
</item>


</section>

</assessment>
</questestinterop>
