<?xml version="1.0" encoding="utf-8" standalone="yes"?>
<assessmentItem identifier="vufgb-twowayanova-024-nl-tv_202307180609_item_1_schoice" title="vufgb-twowayanova-024-nl-tv_202307180609_item_1_schoice_vufgb-twowayanova-024-nl" adaptive="false" timeDependent="false" toolName="Testvision Online" toolVersion="39.0.9084" xmlns="http://www.imsglobal.org/xsd/imsqti_v2p1">
<responseDeclaration identifier="RESPONSE" cardinality="single" baseType="identifier">
<correctResponse>
<value>alt_144920</value>
</correctResponse>
<mapping defaultValue="0" lowerBound="0.0">
<mapEntry mapKey="alt_300401" mappedValue="-0.333333333333333"/>
<mapEntry mapKey="alt_144920" mappedValue="1"/>
<mapEntry mapKey="alt_847190" mappedValue="-0.333333333333333"/>
<mapEntry mapKey="alt_855652" mappedValue="-0.333333333333333"/>
</mapping>
</responseDeclaration>
<outcomeDeclaration identifier="SCORE" cardinality="single" baseType="float" normalMaximum="1" normalMinimum="0" />
<outcomeDeclaration identifier="FEEDBACK" cardinality="single" baseType="identifier" />
<itemBody>
<p>Gegeven is onderstaande plot met geschatte gemiddelden (‘estimated means’). Welk type ANOVA analyse is gebruikt?</p>
<p><img src="mediafiles/supplements1/vufgb-twowayanova-024-nl-figure01.jpg" alt="image"/></p>
<choiceInteraction responseIdentifier="RESPONSE" shuffle="false" maxChoices="1">
<simpleChoice identifier="alt_300401">
<div class="textblock tvblock tvcss_1"><div class="rte_zone tveditor1">
 Eenwegs variantieanalyse (‘One-way ANOVA’)
</div>
</div>
</simpleChoice>
<simpleChoice identifier="alt_144920">
<div class="textblock tvblock tvcss_1"><div class="rte_zone tveditor1">
 Tweewegs variantieanalyse (‘Two-way ANOVA’)
</div>
</div>
</simpleChoice>
<simpleChoice identifier="alt_847190">
<div class="textblock tvblock tvcss_1"><div class="rte_zone tveditor1">
 Driewegs variantieanalyse (‘Three-way ANOVA’)
</div>
</div>
</simpleChoice>
<simpleChoice identifier="alt_855652">
<div class="textblock tvblock tvcss_1"><div class="rte_zone tveditor1">
 Covariantieanalyse (ANCOVA)
</div>
</div>
</simpleChoice>
</choiceInteraction>
</itemBody>
<responseProcessing>
<responseCondition>
<responseIf>
<isNull>
<variable identifier="RESPONSE"/>
</isNull>
<setOutcomeValue identifier="SCORE">
<baseValue baseType="float">0.0</baseValue>
</setOutcomeValue>
<setOutcomeValue identifier="FEEDBACK">
<baseValue baseType="identifier">FAILURE</baseValue>
</setOutcomeValue>
</responseIf>
<responseElse>
<setOutcomeValue identifier="SCORE">
<mapResponse identifier="RESPONSE"/>
</setOutcomeValue>
<responseCondition>
<responseIf>
<equal toleranceMode="relative" tolerance="0.001">
<variable identifier="SCORE"/>
<variable identifier="MAXSCORE"/>
</equal>
<setOutcomeValue identifier="FEEDBACK">
<baseValue baseType="identifier">ANSWER_CORRECT</baseValue>
</setOutcomeValue>
</responseIf>
<responseElse>
<setOutcomeValue identifier="FEEDBACK">
<baseValue baseType="identifier">FAILURE</baseValue>
</setOutcomeValue>
</responseElse>
</responseCondition>
</responseElse>
</responseCondition>
</responseProcessing>
<modalFeedback identifier="FAILURE" outcomeIdentifier="FEEDBACK" showHide="show">
<div class="textblock tvblock tvcss_1"><div class="rte_zone tveditor1">
 Eenwegs variantieanalyse (‘One-way ANOVA’) <br /> Incorrect 
 Tweewegs variantieanalyse (‘Two-way ANOVA’) <br /> Correct 
 Driewegs variantieanalyse (‘Three-way ANOVA’) <br /> Incorrect 
 Covariantieanalyse (ANCOVA) <br /> Incorrect 
</div>
</div>
</modalFeedback>
<modalFeedback identifier="ANSWER_CORRECT" outcomeIdentifier="FEEDBACK" showHide="show">
<div class="textblock tvblock tvcss_1"><div class="rte_zone tveditor1">
 Eenwegs variantieanalyse (‘One-way ANOVA’) <br /> Incorrect 
 Tweewegs variantieanalyse (‘Two-way ANOVA’) <br /> Correct 
 Driewegs variantieanalyse (‘Three-way ANOVA’) <br /> Incorrect 
 Covariantieanalyse (ANCOVA) <br /> Incorrect 
</div>
</div>
</modalFeedback>
<modalFeedback identifier="PARTIAL_CORRECT" outcomeIdentifier="FEEDBACK" showHide="show">
<div class="textblock tvblock tvcss_1"><div class="rte_zone tveditor1">
 Eenwegs variantieanalyse (‘One-way ANOVA’) <br /> Incorrect 
 Tweewegs variantieanalyse (‘Two-way ANOVA’) <br /> Correct 
 Driewegs variantieanalyse (‘Three-way ANOVA’) <br /> Incorrect 
 Covariantieanalyse (ANCOVA) <br /> Incorrect 
</div>
</div>
</modalFeedback>
</assessmentItem>
