<?xml version="1.0" encoding="UTF-8"?>
<assessmentItem xsi:schemaLocation="http://www.imsglobal.org/xsd/imsqti_v2p1 http://www.imsglobal.org/xsd/qti/qtiv2p1/imsqti_v2p1p1.xsd http://www.w3.org/1998/Math/MathML http://www.w3.org/Math/XMLSchema/mathml2/mathml2.xsd" identifier="uu-Effect-size-802-en-qti_346638856_section_1_item_1_schoice" title="1" adaptive="false" timeDependent="false" xmlns="http://www.imsglobal.org/xsd/imsqti_v2p1" xmlns:xsi="http://www.w3.org/2001/XMLSchema-instance">
<responseDeclaration identifier="uu-Effect-size-802-en-qti_346638856_section_1_item_1_schoice_RESPONSE_1_7698218" cardinality="single" baseType="identifier">
<correctResponse>
<value>uu-Effect-size-802-en-qti_346638856_section_1_item_1_schoice_3_2637685686</value>
</correctResponse>
<mapping defaultValue="0" lowerBound="0.0">
<mapEntry mapKey="uu-Effect-size-802-en-qti_346638856_section_1_item_1_schoice_1_8257449906" mappedValue="0"/>
<mapEntry mapKey="uu-Effect-size-802-en-qti_346638856_section_1_item_1_schoice_2_2087169370" mappedValue="0"/>
<mapEntry mapKey="uu-Effect-size-802-en-qti_346638856_section_1_item_1_schoice_3_2637685686" mappedValue="1"/>
<mapEntry mapKey="uu-Effect-size-802-en-qti_346638856_section_1_item_1_schoice_4_2944673959" mappedValue="0"/>
</mapping>
</responseDeclaration>
<outcomeDeclaration identifier="SCORE" cardinality="single" baseType="float" normalMaximum="1" normalMinimum="0">
<defaultValue>
<value>0.0</value>
</defaultValue>
</outcomeDeclaration>
<outcomeDeclaration identifier="MAXSCORE" cardinality="single" baseType="float">
<defaultValue>
<value>1</value>
</defaultValue>
</outcomeDeclaration>
<outcomeDeclaration identifier="FEEDBACKBASIC" cardinality="single" baseType="identifier" view="testConstructor">
<defaultValue>
<value>empty</value>
</defaultValue>
</outcomeDeclaration>
<outcomeDeclaration identifier="FEEDBACKMODAL" cardinality="multiple" baseType="identifier" view="testConstructor"/>
<outcomeDeclaration identifier="SOLUTIONMODAL" cardinality="single" baseType="identifier" view="testConstructor"/>
<outcomeDeclaration identifier="MINSCORE" cardinality="single" baseType="float">
<defaultValue>
<value baseType="float">0</value>
</defaultValue>
</outcomeDeclaration>
<outcomeDeclaration identifier="SCORE_RESPONSE_1" cardinality="single" baseType="float">
<defaultValue>
<value>0.0</value>
</defaultValue>
</outcomeDeclaration>
<outcomeDeclaration identifier="MINSCORE_RESPONSE_1" cardinality="single" baseType="float">
<defaultValue>
<value>0.0</value>
</defaultValue>
</outcomeDeclaration>
<itemBody>
<p>Which statement about effect size is incorrect?</p>
<choiceInteraction responseIdentifier="uu-Effect-size-802-en-qti_346638856_section_1_item_1_schoice_RESPONSE_1_7698218" shuffle="false" maxChoices="1">
<simpleChoice identifier="uu-Effect-size-802-en-qti_346638856_section_1_item_1_schoice_1_8257449906">
<p>
 At a <math display="inline" xmlns="http://www.w3.org/1998/Math/MathML"><semantics><msup><mi>χ</mi><mn>2</mn></msup><annotation encoding="application/x-tex">\chi^2</annotation></semantics></math>-key, Cramèr’s V is used as a measure of effect size.
</p>
</simpleChoice>
<simpleChoice identifier="uu-Effect-size-802-en-qti_346638856_section_1_item_1_schoice_2_2087169370">
<p>
 <math display="inline" xmlns="http://www.w3.org/1998/Math/MathML"><semantics><msup><mi>η</mi><mn>2</mn></msup><annotation encoding="application/x-tex">\eta^2</annotation></semantics></math> Indicates the percentage of variance explained in variance analysis.
</p>
</simpleChoice>
<simpleChoice identifier="uu-Effect-size-802-en-qti_346638856_section_1_item_1_schoice_3_2637685686">
<p>
 Cohen’s <math display="inline" xmlns="http://www.w3.org/1998/Math/MathML"><semantics><mi>d</mi><annotation encoding="application/x-tex">d</annotation></semantics></math> of 0.1 is a large effect.
</p>
</simpleChoice>
<simpleChoice identifier="uu-Effect-size-802-en-qti_346638856_section_1_item_1_schoice_4_2944673959">
<p>
 <math display="inline" xmlns="http://www.w3.org/1998/Math/MathML"><semantics><msup><mi>r</mi><mn>2</mn></msup><annotation encoding="application/x-tex">r^2</annotation></semantics></math> can never be greater than 1.
</p>
</simpleChoice>
</choiceInteraction>
</itemBody>
<responseProcessing>
<setOutcomeValue identifier="SCORE_RESPONSE_1">
<sum>
<variable identifier="SCORE_RESPONSE_1"/>
<mapResponse identifier="uu-Effect-size-802-en-qti_346638856_section_1_item_1_schoice_RESPONSE_1_7698218"/>
</sum>
</setOutcomeValue>
<responseCondition>
<responseIf>
<lt>
<variable identifier="SCORE_RESPONSE_1"/>
<variable identifier="MINSCORE_RESPONSE_1"/>
</lt>
<setOutcomeValue identifier="SCORE_RESPONSE_1">
<variable identifier="MINSCORE_RESPONSE_1"/>
</setOutcomeValue>
</responseIf>
</responseCondition>
<responseCondition>
<responseIf>
<isNull>
<variable identifier="uu-Effect-size-802-en-qti_346638856_section_1_item_1_schoice_RESPONSE_1_7698218"/>
</isNull>
<setOutcomeValue identifier="SCORE_RESPONSE_1">
<sum>
<variable identifier="SCORE_RESPONSE_1"/>
<baseValue baseType="float">0</baseValue>
</sum>
</setOutcomeValue>
</responseIf>
</responseCondition>
<setOutcomeValue identifier="SCORE">
<sum>
<variable identifier="SCORE_RESPONSE_1"/>
</sum>
</setOutcomeValue>
<responseCondition>
<responseIf>
<lt>
<variable identifier="SCORE"/>
<variable identifier="MINSCORE"/>
</lt>
<setOutcomeValue identifier="SCORE">
<variable identifier="MINSCORE"/>
</setOutcomeValue>
</responseIf>
</responseCondition>
<responseCondition>
<responseIf>
<lt>
<variable identifier="SCORE"/>
<baseValue baseType="float">1</baseValue>
</lt>
<setOutcomeValue identifier="FEEDBACKMODAL">
<multiple>
<variable identifier="FEEDBACKMODAL"/>
<baseValue baseType="identifier">Feedback136449645</baseValue>
</multiple>
</setOutcomeValue>
</responseIf>
</responseCondition>
</responseProcessing>
<modalFeedback identifier="Feedback136449645" outcomeIdentifier="FEEDBACKMODAL" showHide="show">
</modalFeedback>
</assessmentItem>
