<?xml version="1.0" encoding="UTF-8"?>
<!DOCTYPE questestinterop SYSTEM "ims_qtiasiv1p2p1.dtd">

<questestinterop xmlns="http://www.imsglobal.org/xsd/ims_qtiasiv1p2" xmlns:xsi="http://www.w3.org/2001/XMLSchema-instance" xsi:schemaLocation="http://www.imsglobal.org/xsd/ims_qtiasiv1p2 http://www.imsglobal.org/xsd/ims_qtiasiv1p2p1.xsd">
<assessment ident="uva-expected-value-743-en-canvas_608144454" title="uva-expected-value-743-en-canvas">

<qtimetadata>
<qtimetadatafield>
<fieldlabel>cc_maxattempts</fieldlabel>
<fieldentry>1</fieldentry>
</qtimetadatafield>
<qtimetadatafield>
<fieldlabel>qmd_assessmenttype</fieldlabel>
<fieldentry>Assessment</fieldentry>
</qtimetadatafield>
</qtimetadata>
<objectives>
<material>
<mattext><![CDATA[Please solve the following exercises.]]></mattext>
</material>
</objectives>
<assessmentcontrol feedbackswitch="No" hintswitch="No" solutionswitch="Yes"/>
<outcomes_processing scoremodel="SumOfScores">
<outcomes>
<decvar varname="SCORE" vartype="Decimal" cutvalue="0"/>
</outcomes>
</outcomes_processing>
<assessfeedback title="AssessmentFeedback" ident="AssessmentFeedback">
<flow_mat>
<material>
<mattext>##AssessmentFeedback##</mattext>
</material>
</flow_mat>
</assessfeedback>

<section ident="uva-expected-value-743-en-canvas_608144454_section_1" title="Exercise">

<objectives>
<material>
<mattext><![CDATA[Please answer the following question.]]></mattext>
</material>
</objectives>
<selection_ordering>
<selection>
<selection_number>1</selection_number>
<selection_extension>
<points_per_item>1</points_per_item>
</selection_extension>
</selection>
<order order_type="Random"/>
</selection_ordering>

<item ident="uva-expected-value-743-en-canvas_608144454_section_1_item_1_schoice" title="Question" maxattempts="1">
<itemcontrol feedbackswitch="No" hintswitch="No" solutionswitch="Yes"/>
<itemmetadata>
<qtimetadata>
<qtimetadatafield>
<fieldlabel>question_type</fieldlabel>
<fieldentry>multiple_choice_question</fieldentry>
</qtimetadatafield>
</qtimetadata>
</itemmetadata>
<presentation>
<flow>
<material>
<matbreak/>
<mattext texttype="text/html" charset="utf-8"><![CDATA[
<p>At the company Tata Steel, a study was conducted on the efficiency of the production process in the field of mold making. The study revealed that the time required to create a blueprint (step 1) to make a mold in the long run varies with an expectation of 3 hours and a standard deviation of 0.7 hours. In addition, it has been shown that the actual fabrication (step 2) of a mold varies with an expectation of 7.5 hours and a standard deviation of 3.2 hours. Both steps in the manufacturing process (blueprint and fabrication) are independent of each other. Read the two situations below and choose then choose the correct answer.ÊÊ  I. Reducing the standard deviation of the blueprint from 0.75 to 0.5 leads to a reduction in the expected time of the entire manufacturing process (both blueprint and fabrication).™ II. If the two components in the manufacturing process did depend on each other, this will affect the expected time of the production process.</p>
]]></mattext>
<matbreak/>
</material>
<response_lid ident="uva-expected-value-743-en-canvas_608144454_section_1_item_1_schoice_RESPONSE_2931528" rcardinality="Single" rtiming="No">
<render_choice shuffle="No">
<flow_label class="List">
<response_label ident="uva-expected-value-743-en-canvas_608144454_section_1_item_1_schoice_6657532362" rshuffle="No">
<material>
<mattext texttype="text/html" charset="utf-8"><![CDATA[
 I is correct, II is correct
]]></mattext>
</material>
</response_label>
</flow_label>
<flow_label class="List">
<response_label ident="uva-expected-value-743-en-canvas_608144454_section_1_item_1_schoice_7203314013" rshuffle="No">
<material>
<mattext texttype="text/html" charset="utf-8"><![CDATA[
 I is true, II is false
]]></mattext>
</material>
</response_label>
</flow_label>
<flow_label class="List">
<response_label ident="uva-expected-value-743-en-canvas_608144454_section_1_item_1_schoice_2760543298" rshuffle="No">
<material>
<mattext texttype="text/html" charset="utf-8"><![CDATA[
 I is incorrect, II is correct
]]></mattext>
</material>
</response_label>
</flow_label>
<flow_label class="List">
<response_label ident="uva-expected-value-743-en-canvas_608144454_section_1_item_1_schoice_1540474581" rshuffle="No">
<material>
<mattext texttype="text/html" charset="utf-8"><![CDATA[
 I is incorrect, II is incorrect
]]></mattext>
</material>
</response_label>
</flow_label>
</render_choice>
</response_lid>
</flow>
</presentation>
<resprocessing>
<outcomes>
<decvar varname="SCORE" vartype="Decimal" defaultval="0" minvalue="0" maxvalue="1" cutvalue="1"/>
</outcomes>
<respcondition title="Mastery" continue="No">
<conditionvar>
<and>
<varequal respident="uva-expected-value-743-en-canvas_608144454_section_1_item_1_schoice_RESPONSE_2931528" case="Yes">uva-expected-value-743-en-canvas_608144454_section_1_item_1_schoice_1540474581</varequal>
<not> <varequal respident="uva-expected-value-743-en-canvas_608144454_section_1_item_1_schoice_RESPONSE_2931528" case="Yes">uva-expected-value-743-en-canvas_608144454_section_1_item_1_schoice_6657532362</varequal> </not>
<not> <varequal respident="uva-expected-value-743-en-canvas_608144454_section_1_item_1_schoice_RESPONSE_2931528" case="Yes">uva-expected-value-743-en-canvas_608144454_section_1_item_1_schoice_7203314013</varequal> </not>
<not> <varequal respident="uva-expected-value-743-en-canvas_608144454_section_1_item_1_schoice_RESPONSE_2931528" case="Yes">uva-expected-value-743-en-canvas_608144454_section_1_item_1_schoice_2760543298</varequal> </not>
</and>
</conditionvar>
<setvar varname="SCORE" action="Set">1</setvar>
<displayfeedback feedbacktype="Response" linkrefid="correct_fb"/>
</respcondition>
<respcondition continue="Yes">
<conditionvar>
<other/>
</conditionvar>
<displayfeedback feedbacktype="Response" linkrefid="general_incorrect_fb"/>
</respcondition>
</resprocessing>
<itemfeedback ident="correct_fb" view="All">
<flow_mat>
<material>
<mattext texttype="text/html"><![CDATA[
<ul>
<li> I is correct, II is correct <br /> I is true, II is true: Incorrect </li>
<li> I is true, II is false <br /> I is true, II is false: Incorrect </li>
<li> I is incorrect, II is correct <br /> I is incorrect, II is correct: Incorrect </li>
<li> I is incorrect, II is incorrect <br /> I is incorrect, II is incorrect: Correct </li>
</ul>
]]></mattext>
</material>
</flow_mat>
</itemfeedback>
<itemfeedback ident="general_incorrect_fb" view="All">
<flow_mat>
<material>
<mattext texttype="text/html"><![CDATA[
<ul>
<li> I is correct, II is correct <br /> I is true, II is true: Incorrect </li>
<li> I is true, II is false <br /> I is true, II is false: Incorrect </li>
<li> I is incorrect, II is correct <br /> I is incorrect, II is correct: Incorrect </li>
<li> I is incorrect, II is incorrect <br /> I is incorrect, II is incorrect: Correct </li>
</ul>
]]></mattext>
</material>
</flow_mat>
</itemfeedback>
</item>


</section>

</assessment>
</questestinterop>
