<?xml version="1.0" encoding="UTF-8"?>
<!DOCTYPE questestinterop SYSTEM "ims_qtiasiv1p2p1.dtd">

<questestinterop xmlns="http://www.imsglobal.org/xsd/ims_qtiasiv1p2" xmlns:xsi="http://www.w3.org/2001/XMLSchema-instance" xsi:schemaLocation="http://www.imsglobal.org/xsd/ims_qtiasiv1p2 http://www.imsglobal.org/xsd/ims_qtiasiv1p2p1.xsd">
<assessment ident="uu-Twoway-ANOVA-867-en-canvas_705200995" title="uu-Twoway-ANOVA-867-en-canvas">

<qtimetadata>
<qtimetadatafield>
<fieldlabel>cc_maxattempts</fieldlabel>
<fieldentry>1</fieldentry>
</qtimetadatafield>
<qtimetadatafield>
<fieldlabel>qmd_assessmenttype</fieldlabel>
<fieldentry>Assessment</fieldentry>
</qtimetadatafield>
</qtimetadata>
<objectives>
<material>
<mattext><![CDATA[Please solve the following exercises.]]></mattext>
</material>
</objectives>
<assessmentcontrol feedbackswitch="No" hintswitch="No" solutionswitch="Yes"/>
<outcomes_processing scoremodel="SumOfScores">
<outcomes>
<decvar varname="SCORE" vartype="Decimal" cutvalue="0"/>
</outcomes>
</outcomes_processing>
<assessfeedback title="AssessmentFeedback" ident="AssessmentFeedback">
<flow_mat>
<material>
<mattext>##AssessmentFeedback##</mattext>
</material>
</flow_mat>
</assessfeedback>

<section ident="uu-Twoway-ANOVA-867-en-canvas_705200995_section_1" title="Exercise">

<objectives>
<material>
<mattext><![CDATA[Please answer the following question.]]></mattext>
</material>
</objectives>
<selection_ordering>
<selection>
<selection_number>1</selection_number>
<selection_extension>
<points_per_item>1</points_per_item>
</selection_extension>
</selection>
<order order_type="Random"/>
</selection_ordering>

<item ident="uu-Twoway-ANOVA-867-en-canvas_705200995_section_1_item_1_schoice" title="Question" maxattempts="1">
<itemcontrol feedbackswitch="No" hintswitch="No" solutionswitch="Yes"/>
<itemmetadata>
<qtimetadata>
<qtimetadatafield>
<fieldlabel>question_type</fieldlabel>
<fieldentry>multiple_choice_question</fieldentry>
</qtimetadatafield>
</qtimetadata>
</itemmetadata>
<presentation>
<flow>
<material>
<matbreak/>
<mattext texttype="text/html" charset="utf-8"><![CDATA[
<p>A 2006 study was conducted on feelings of regret regarding relationships and differences in those feelings between men and women. The experimental group consisted of 40 women and 29 men, mean age 19 years (sd = 1.18). Each participant completed a questionnaire according to the following instructions:</p>
<p>Looking back on your relationship is there anything you really regret a lot? Something you wish you had done differently. TRUE something you would have liked to do or not done.</p>
<p>Teun and Gijs have to do a little research for their statistics course. After reading an article about the research on regrets, they did a similar research themselves. Together they made a list of potentially embarrassing or uncomfortable situations that occur in relationships (answering the question “Am I too fat?” with “Yes,” going to the sauna together, etc.). Forty fellow students are asked to participate in this study: 20 female students and 20 male students. They are asked to indicate how much they regret the situations described (TRUE where 0 means “no regret” and 10 means “very much regret”). Half of the women and half of the men are asked to answer the questions about a romantic relationship (a steady boyfriend or girlfriend), and the other half are asked to do so about a friendly relationship (a close friend or girlfriend).</p>
<p>In the original 2006 survey, the main effect for gender was significant (p =.01). What conclusions can Gijs and Teun draw from the original survey?</p>
]]></mattext>
<matbreak/>
</material>
<response_lid ident="uu-Twoway-ANOVA-867-en-canvas_705200995_section_1_item_1_schoice_RESPONSE_7136837" rcardinality="Single" rtiming="No">
<render_choice shuffle="No">
<flow_label class="List">
<response_label ident="uu-Twoway-ANOVA-867-en-canvas_705200995_section_1_item_1_schoice_2906292837" rshuffle="No">
<material>
<mattext texttype="text/html" charset="utf-8"><![CDATA[
 They now know the probability that H0 is possibly TRUE (p = .01).
]]></mattext>
</material>
</response_label>
</flow_label>
<flow_label class="List">
<response_label ident="uu-Twoway-ANOVA-867-en-canvas_705200995_section_1_item_1_schoice_9592622095" rshuffle="No">
<material>
<mattext texttype="text/html" charset="utf-8"><![CDATA[
 They know that H1 is proven; there is a sex difference for the things a person feels regret about within relationships.
]]></mattext>
</material>
</response_label>
</flow_label>
<flow_label class="List">
<response_label ident="uu-Twoway-ANOVA-867-en-canvas_705200995_section_1_item_1_schoice_3934177353" rshuffle="No">
<material>
<mattext texttype="text/html" charset="utf-8"><![CDATA[
 They now know that repeating the experiment will find another significant result in 99% of cases.
]]></mattext>
</material>
</response_label>
</flow_label>
<flow_label class="List">
<response_label ident="uu-Twoway-ANOVA-867-en-canvas_705200995_section_1_item_1_schoice_4014903376" rshuffle="No">
<material>
<mattext texttype="text/html" charset="utf-8"><![CDATA[
 None of the above statements is correct.
]]></mattext>
</material>
</response_label>
</flow_label>
</render_choice>
</response_lid>
</flow>
</presentation>
<resprocessing>
<outcomes>
<decvar varname="SCORE" vartype="Decimal" defaultval="0" minvalue="0" maxvalue="1" cutvalue="1"/>
</outcomes>
<respcondition title="Mastery" continue="No">
<conditionvar>
<and>
<varequal respident="uu-Twoway-ANOVA-867-en-canvas_705200995_section_1_item_1_schoice_RESPONSE_7136837" case="Yes">uu-Twoway-ANOVA-867-en-canvas_705200995_section_1_item_1_schoice_4014903376</varequal>
<not> <varequal respident="uu-Twoway-ANOVA-867-en-canvas_705200995_section_1_item_1_schoice_RESPONSE_7136837" case="Yes">uu-Twoway-ANOVA-867-en-canvas_705200995_section_1_item_1_schoice_2906292837</varequal> </not>
<not> <varequal respident="uu-Twoway-ANOVA-867-en-canvas_705200995_section_1_item_1_schoice_RESPONSE_7136837" case="Yes">uu-Twoway-ANOVA-867-en-canvas_705200995_section_1_item_1_schoice_9592622095</varequal> </not>
<not> <varequal respident="uu-Twoway-ANOVA-867-en-canvas_705200995_section_1_item_1_schoice_RESPONSE_7136837" case="Yes">uu-Twoway-ANOVA-867-en-canvas_705200995_section_1_item_1_schoice_3934177353</varequal> </not>
</and>
</conditionvar>
<setvar varname="SCORE" action="Set">1</setvar>
<displayfeedback feedbacktype="Response" linkrefid="correct_fb"/>
</respcondition>
<respcondition continue="Yes">
<conditionvar>
<other/>
</conditionvar>
<displayfeedback feedbacktype="Response" linkrefid="general_incorrect_fb"/>
</respcondition>
</resprocessing>
<itemfeedback ident="correct_fb" view="All">
<flow_mat>
<material>
<mattext texttype="text/html"><![CDATA[
<ul>
<li> They now know the probability that H0 is possibly TRUE (p = .01). <br /> This answer is incorrect. </li>
<li> They know that H1 is proven; there is a sex difference for the things a person feels regret about within relationships. <br /> This answer is incorrect. </li>
<li> They now know that repeating the experiment will find another significant result in 99% of cases. <br /> This answer is incorrect. </li>
<li> None of the above statements is correct. <br /> This answer is correct. </li>
</ul>
]]></mattext>
</material>
</flow_mat>
</itemfeedback>
<itemfeedback ident="general_incorrect_fb" view="All">
<flow_mat>
<material>
<mattext texttype="text/html"><![CDATA[
<ul>
<li> They now know the probability that H0 is possibly TRUE (p = .01). <br /> This answer is incorrect. </li>
<li> They know that H1 is proven; there is a sex difference for the things a person feels regret about within relationships. <br /> This answer is incorrect. </li>
<li> They now know that repeating the experiment will find another significant result in 99% of cases. <br /> This answer is incorrect. </li>
<li> None of the above statements is correct. <br /> This answer is correct. </li>
</ul>
]]></mattext>
</material>
</flow_mat>
</itemfeedback>
</item>


</section>

</assessment>
</questestinterop>
