<?xml version="1.0" encoding="utf-8" standalone="yes"?>
<assessmentItem identifier="uu-Correlation-803-nl-tv_202209061504_item_1_schoice" title="uu-Correlation-803-nl-tv_202209061504_item_1_schoice_uu-Correlation-803-nl.Rmd" adaptive="false" timeDependent="false" toolName="Testvision Online" toolVersion="39.0.9084" xmlns="http://www.imsglobal.org/xsd/imsqti_v2p1">
<responseDeclaration identifier="RESPONSE" cardinality="single" baseType="identifier">
<correctResponse>
<value>alt_379580</value>
</correctResponse>
<mapping defaultValue="0" lowerBound="0.0">
<mapEntry mapKey="alt_379580" mappedValue="1"/>
<mapEntry mapKey="alt_816462" mappedValue="-0.333333333333333"/>
<mapEntry mapKey="alt_170884" mappedValue="-0.333333333333333"/>
<mapEntry mapKey="alt_256947" mappedValue="-0.333333333333333"/>
</mapping>
</responseDeclaration>
<outcomeDeclaration identifier="SCORE" cardinality="single" baseType="float" normalMaximum="1" normalMinimum="0" />
<outcomeDeclaration identifier="FEEDBACK" cardinality="single" baseType="identifier" />
<itemBody>
<p>Als bij twee variabelen X en Y die lineair samenhangen de range van de X-waarden beperkt wordt, dan wordt de correlatie hierdoor waarschijnlijk</p>
<choiceInteraction responseIdentifier="RESPONSE" shuffle="false" maxChoices="1">
<simpleChoice identifier="alt_379580">
<div class="textblock tvblock tvcss_1"><div class="rte_zone tveditor1">
a. minder extreem (dichter bij 0)
</div>
</div>
</simpleChoice>
<simpleChoice identifier="alt_816462">
<div class="textblock tvblock tvcss_1"><div class="rte_zone tveditor1">
b. extremer
</div>
</div>
</simpleChoice>
<simpleChoice identifier="alt_170884">
<div class="textblock tvblock tvcss_1"><div class="rte_zone tveditor1">
c. niet beïnvloed
</div>
</div>
</simpleChoice>
<simpleChoice identifier="alt_256947">
<div class="textblock tvblock tvcss_1"><div class="rte_zone tveditor1">
d. Misschien gereduceerd of misschien vergroot, dat is op basis van deze gegevens niet uit te maken
</div>
</div>
</simpleChoice>
</choiceInteraction>
</itemBody>
<responseProcessing>
<responseCondition>
<responseIf>
<isNull>
<variable identifier="RESPONSE"/>
</isNull>
<setOutcomeValue identifier="SCORE">
<baseValue baseType="float">0.0</baseValue>
</setOutcomeValue>
<setOutcomeValue identifier="FEEDBACK">
<baseValue baseType="identifier">FAILURE</baseValue>
</setOutcomeValue>
</responseIf>
<responseElse>
<setOutcomeValue identifier="SCORE">
<mapResponse identifier="RESPONSE"/>
</setOutcomeValue>
<responseCondition>
<responseIf>
<equal toleranceMode="relative" tolerance="0.001">
<variable identifier="SCORE"/>
<variable identifier="MAXSCORE"/>
</equal>
<setOutcomeValue identifier="FEEDBACK">
<baseValue baseType="identifier">ANSWER_CORRECT</baseValue>
</setOutcomeValue>
</responseIf>
<responseElse>
<setOutcomeValue identifier="FEEDBACK">
<baseValue baseType="identifier">FAILURE</baseValue>
</setOutcomeValue>
</responseElse>
</responseCondition>
</responseElse>
</responseCondition>
</responseProcessing>
<modalFeedback identifier="FAILURE" outcomeIdentifier="FEEDBACK" showHide="show">
<div class="textblock tvblock tvcss_1"><div class="rte_zone tveditor1">
</div>
</div>
</modalFeedback>
<modalFeedback identifier="ANSWER_CORRECT" outcomeIdentifier="FEEDBACK" showHide="show">
<div class="textblock tvblock tvcss_1"><div class="rte_zone tveditor1">
</div>
</div>
</modalFeedback>
<modalFeedback identifier="PARTIAL_CORRECT" outcomeIdentifier="FEEDBACK" showHide="show">
<div class="textblock tvblock tvcss_1"><div class="rte_zone tveditor1">
</div>
</div>
</modalFeedback>
</assessmentItem>
