<?xml version="1.0" encoding="utf-8" standalone="yes"?>
<assessmentItem identifier="uva-normal-397-nl-tv_202601131819_item_1_schoice" title="uva-normal-397-nl-tv_202601131819_item_1_schoice_uva-normal-397-nl" adaptive="false" timeDependent="false" toolName="Testvision Online" toolVersion="39.0.9084" xmlns="http://www.imsglobal.org/xsd/imsqti_v2p1">
<responseDeclaration identifier="RESPONSE" cardinality="single" baseType="identifier">
<correctResponse>
<value>alt_850839</value>
</correctResponse>
<mapping defaultValue="0" lowerBound="0.0">
<mapEntry mapKey="alt_290925" mappedValue="-0.333333333333333"/>
<mapEntry mapKey="alt_850839" mappedValue="1"/>
<mapEntry mapKey="alt_173140" mappedValue="-0.333333333333333"/>
<mapEntry mapKey="alt_981628" mappedValue="-0.333333333333333"/>
</mapping>
</responseDeclaration>
<outcomeDeclaration identifier="SCORE" cardinality="single" baseType="float" normalMaximum="1" normalMinimum="0" />
<outcomeDeclaration identifier="FEEDBACK" cardinality="single" baseType="identifier" />
<stylesheet href="css/uva-normal-397-nl-tv_202601131819_item_1_schoice.css" type="text/css" />
<itemBody>
<p>Een stochastische variabele X volgt een normale verdeling, X ~ N(1,
0.5<sup>2</sup>). De kans dat X een negatieve waarde aanneemt is gelijk aan</p>
<choiceInteraction responseIdentifier="RESPONSE" shuffle="false" maxChoices="1">
<simpleChoice identifier="alt_290925">
<div class="textblock tvblock tvcss_1"><div class="rte_zone tveditor1">
 0
</div>
</div>
</simpleChoice>
<simpleChoice identifier="alt_850839">
<div class="textblock tvblock tvcss_1"><div class="rte_zone tveditor1">
 0.0228
</div>
</div>
</simpleChoice>
<simpleChoice identifier="alt_173140">
<div class="textblock tvblock tvcss_1"><div class="rte_zone tveditor1">
 0.3413
</div>
</div>
</simpleChoice>
<simpleChoice identifier="alt_981628">
<div class="textblock tvblock tvcss_1"><div class="rte_zone tveditor1">
 0.5
</div>
</div>
</simpleChoice>
</choiceInteraction>
</itemBody>
<responseProcessing>
<responseCondition>
<responseIf>
<isNull>
<variable identifier="RESPONSE"/>
</isNull>
<setOutcomeValue identifier="SCORE">
<baseValue baseType="float">0.0</baseValue>
</setOutcomeValue>
<setOutcomeValue identifier="FEEDBACK">
<baseValue baseType="identifier">FAILURE</baseValue>
</setOutcomeValue>
</responseIf>
<responseElse>
<setOutcomeValue identifier="SCORE">
<mapResponse identifier="RESPONSE"/>
</setOutcomeValue>
<responseCondition>
<responseIf>
<equal toleranceMode="relative" tolerance="0.001">
<variable identifier="SCORE"/>
<variable identifier="MAXSCORE"/>
</equal>
<setOutcomeValue identifier="FEEDBACK">
<baseValue baseType="identifier">ANSWER_CORRECT</baseValue>
</setOutcomeValue>
</responseIf>
<responseElse>
<setOutcomeValue identifier="FEEDBACK">
<baseValue baseType="identifier">FAILURE</baseValue>
</setOutcomeValue>
</responseElse>
</responseCondition>
</responseElse>
</responseCondition>
</responseProcessing>
<modalFeedback identifier="FAILURE" outcomeIdentifier="FEEDBACK" showHide="show">
<div class="textblock tvblock tvcss_1"><div class="rte_zone tveditor1">
<ul>
<li> 0 <br /> 0: Incorrect </li>
<li> 0.0228 <br /> 0.0228: Correct </li>
<li> 0.3413 <br /> 0.3413: Incorrect </li>
<li> 0.5 <br /> 0.5: Incorrect </li>
</ul>
</div>
</div>
</modalFeedback>
<modalFeedback identifier="ANSWER_CORRECT" outcomeIdentifier="FEEDBACK" showHide="show">
<div class="textblock tvblock tvcss_1"><div class="rte_zone tveditor1">
<ul>
<li> 0 <br /> 0: Incorrect </li>
<li> 0.0228 <br /> 0.0228: Correct </li>
<li> 0.3413 <br /> 0.3413: Incorrect </li>
<li> 0.5 <br /> 0.5: Incorrect </li>
</ul>
</div>
</div>
</modalFeedback>
<modalFeedback identifier="PARTIAL_CORRECT" outcomeIdentifier="FEEDBACK" showHide="show">
<div class="textblock tvblock tvcss_1"><div class="rte_zone tveditor1">
<ul>
<li> 0 <br /> 0: Incorrect </li>
<li> 0.0228 <br /> 0.0228: Correct </li>
<li> 0.3413 <br /> 0.3413: Incorrect </li>
<li> 0.5 <br /> 0.5: Incorrect </li>
</ul>
</div>
</div>
</modalFeedback>
</assessmentItem>
