<?xml version="1.0" encoding="UTF-8"?>
<!DOCTYPE questestinterop SYSTEM "ims_qtiasiv1p2p1.dtd">

<questestinterop xmlns="http://www.imsglobal.org/xsd/ims_qtiasiv1p2" xmlns:xsi="http://www.w3.org/2001/XMLSchema-instance" xsi:schemaLocation="http://www.imsglobal.org/xsd/ims_qtiasiv1p2 http://www.imsglobal.org/xsd/ims_qtiasiv1p2p1.xsd">
<assessment ident="uva-squared-54-nl-canvas_748115821" title="uva-squared-54-nl-canvas">

<qtimetadata>
<qtimetadatafield>
<fieldlabel>cc_maxattempts</fieldlabel>
<fieldentry>1</fieldentry>
</qtimetadatafield>
<qtimetadatafield>
<fieldlabel>qmd_assessmenttype</fieldlabel>
<fieldentry>Assessment</fieldentry>
</qtimetadatafield>
</qtimetadata>
<objectives>
<material>
<mattext><![CDATA[Please solve the following exercises.]]></mattext>
</material>
</objectives>
<assessmentcontrol feedbackswitch="No" hintswitch="No" solutionswitch="Yes"/>
<outcomes_processing scoremodel="SumOfScores">
<outcomes>
<decvar varname="SCORE" vartype="Decimal" cutvalue="0"/>
</outcomes>
</outcomes_processing>
<assessfeedback title="AssessmentFeedback" ident="AssessmentFeedback">
<flow_mat>
<material>
<mattext>##AssessmentFeedback##</mattext>
</material>
</flow_mat>
</assessfeedback>

<section ident="uva-squared-54-nl-canvas_748115821_section_1" title="Exercise">

<objectives>
<material>
<mattext><![CDATA[Please answer the following question.]]></mattext>
</material>
</objectives>
<selection_ordering>
<selection>
<selection_number>1</selection_number>
<selection_extension>
<points_per_item>1</points_per_item>
</selection_extension>
</selection>
<order order_type="Random"/>
</selection_ordering>

<item ident="uva-squared-54-nl-canvas_748115821_section_1_item_1_schoice" title="Question" maxattempts="1">
<itemcontrol feedbackswitch="No" hintswitch="No" solutionswitch="Yes"/>
<itemmetadata>
<qtimetadata>
<qtimetadatafield>
<fieldlabel>question_type</fieldlabel>
<fieldentry>multiple_choice_question</fieldentry>
</qtimetadatafield>
</qtimetadata>
</itemmetadata>
<presentation>
<flow>
<material>
<matbreak/>
<mattext texttype="text/html" charset="utf-8"><![CDATA[
<p>Gegeven is de volgende tabel.</p>
<table>
<tbody>
<tr class="odd">
<td></td>
<td align="left">Hoge opleiding</td>
<td align="left">Lage opleiding</td>
<td align="left">Totaal</td>
</tr>
<tr class="even">
<td>man</td>
<td align="left">12</td>
<td align="left">8</td>
<td align="left">20</td>
</tr>
<tr class="odd">
<td>vrouw</td>
<td align="left">13</td>
<td align="left">7</td>
<td align="left">20</td>
</tr>
<tr class="even">
<td>Totaal</td>
<td align="left">25</td>
<td align="left">15</td>
<td align="left">40</td>
</tr>
</tbody>
</table>
<p>De nulhypothese voor onafhankelijkheid bij twee categorische variabelen
kan</p>
]]></mattext>
<matbreak/>
</material>
<response_lid ident="uva-squared-54-nl-canvas_748115821_section_1_item_1_schoice_RESPONSE_8653366" rcardinality="Single" rtiming="No">
<render_choice shuffle="No">
<flow_label class="List">
<response_label ident="uva-squared-54-nl-canvas_748115821_section_1_item_1_schoice_1902036347" rshuffle="No">
<material>
<mattext texttype="text/html" charset="utf-8"><![CDATA[
 niet worden verworpen bij significantieniveau 0.250.
]]></mattext>
</material>
</response_label>
</flow_label>
<flow_label class="List">
<response_label ident="uva-squared-54-nl-canvas_748115821_section_1_item_1_schoice_8022459402" rshuffle="No">
<material>
<mattext texttype="text/html" charset="utf-8"><![CDATA[
 worden verworpen bij significantieniveau 0.250.
]]></mattext>
</material>
</response_label>
</flow_label>
<flow_label class="List">
<response_label ident="uva-squared-54-nl-canvas_748115821_section_1_item_1_schoice_3300076380" rshuffle="No">
<material>
<mattext texttype="text/html" charset="utf-8"><![CDATA[
 worden verworpen bij significantieniveau 0.100.
]]></mattext>
</material>
</response_label>
</flow_label>
</render_choice>
</response_lid>
</flow>
</presentation>
<resprocessing>
<outcomes>
<decvar varname="SCORE" vartype="Decimal" defaultval="0" minvalue="0" maxvalue="1" cutvalue="1"/>
</outcomes>
<respcondition title="Mastery" continue="No">
<conditionvar>
<and>
<varequal respident="uva-squared-54-nl-canvas_748115821_section_1_item_1_schoice_RESPONSE_8653366" case="Yes">uva-squared-54-nl-canvas_748115821_section_1_item_1_schoice_1902036347</varequal>
<not> <varequal respident="uva-squared-54-nl-canvas_748115821_section_1_item_1_schoice_RESPONSE_8653366" case="Yes">uva-squared-54-nl-canvas_748115821_section_1_item_1_schoice_8022459402</varequal> </not>
<not> <varequal respident="uva-squared-54-nl-canvas_748115821_section_1_item_1_schoice_RESPONSE_8653366" case="Yes">uva-squared-54-nl-canvas_748115821_section_1_item_1_schoice_3300076380</varequal> </not>
</and>
</conditionvar>
<setvar varname="SCORE" action="Set">1</setvar>
<displayfeedback feedbacktype="Response" linkrefid="correct_fb"/>
</respcondition>
<respcondition continue="Yes">
<conditionvar>
<other/>
</conditionvar>
<displayfeedback feedbacktype="Response" linkrefid="general_incorrect_fb"/>
</respcondition>
</resprocessing>
<itemfeedback ident="correct_fb" view="All">
<flow_mat>
<material>
<mattext texttype="text/html"><![CDATA[
<ul>
<li> niet worden verworpen bij significantieniveau 0.250. <br /> niet worden verworpen bij significantieniveau 0.250.: Correct </li>
<li> worden verworpen bij significantieniveau 0.250. <br /> worden verworpen bij significantieniveau 0.250.: Incorrect </li>
<li> worden verworpen bij significantieniveau 0.100. <br /> worden verworpen bij significantieniveau 0.100.: Incorrect </li>
</ul>
]]></mattext>
</material>
</flow_mat>
</itemfeedback>
<itemfeedback ident="general_incorrect_fb" view="All">
<flow_mat>
<material>
<mattext texttype="text/html"><![CDATA[
<ul>
<li> niet worden verworpen bij significantieniveau 0.250. <br /> niet worden verworpen bij significantieniveau 0.250.: Correct </li>
<li> worden verworpen bij significantieniveau 0.250. <br /> worden verworpen bij significantieniveau 0.250.: Incorrect </li>
<li> worden verworpen bij significantieniveau 0.100. <br /> worden verworpen bij significantieniveau 0.100.: Incorrect </li>
</ul>
]]></mattext>
</material>
</flow_mat>
</itemfeedback>
</item>


</section>

</assessment>
</questestinterop>
