<?xml version="1.0" encoding="UTF-8"?>
<!DOCTYPE questestinterop SYSTEM "ims_qtiasiv1p2p1.dtd">

<questestinterop xmlns="http://www.imsglobal.org/xsd/ims_qtiasiv1p2" xmlns:xsi="http://www.w3.org/2001/XMLSchema-instance" xsi:schemaLocation="http://www.imsglobal.org/xsd/ims_qtiasiv1p2 http://www.imsglobal.org/xsd/ims_qtiasiv1p2p1.xsd">
<assessment ident="eur-descriptive-118-en-canvas_332145153" title="eur-descriptive-118-en-canvas">

<qtimetadata>
<qtimetadatafield>
<fieldlabel>cc_maxattempts</fieldlabel>
<fieldentry>1</fieldentry>
</qtimetadatafield>
<qtimetadatafield>
<fieldlabel>qmd_assessmenttype</fieldlabel>
<fieldentry>Assessment</fieldentry>
</qtimetadatafield>
</qtimetadata>
<objectives>
<material>
<mattext><![CDATA[Please solve the following exercises.]]></mattext>
</material>
</objectives>
<assessmentcontrol feedbackswitch="No" hintswitch="No" solutionswitch="Yes"/>
<outcomes_processing scoremodel="SumOfScores">
<outcomes>
<decvar varname="SCORE" vartype="Decimal" cutvalue="0"/>
</outcomes>
</outcomes_processing>
<assessfeedback title="AssessmentFeedback" ident="AssessmentFeedback">
<flow_mat>
<material>
<mattext>##AssessmentFeedback##</mattext>
</material>
</flow_mat>
</assessfeedback>

<section ident="eur-descriptive-118-en-canvas_332145153_section_1" title="Exercise">

<objectives>
<material>
<mattext><![CDATA[Please answer the following question.]]></mattext>
</material>
</objectives>
<selection_ordering>
<selection>
<selection_number>1</selection_number>
<selection_extension>
<points_per_item>1</points_per_item>
</selection_extension>
</selection>
<order order_type="Random"/>
</selection_ordering>

<item ident="eur-descriptive-118-en-canvas_332145153_section_1_item_1_num" title="Question" maxattempts="1">
<itemcontrol feedbackswitch="No" hintswitch="No" solutionswitch="Yes"/>
<itemmetadata>
<qtimetadata>
<qtimetadatafield>
<fieldlabel>question_type</fieldlabel>
<fieldentry>numerical_question</fieldentry>
</qtimetadatafield>
</qtimetadata>
</itemmetadata>
<presentation>
<flow>
<material>
<matbreak/>
<mattext texttype="text/html" charset="utf-8"><![CDATA[
<p><em>Work for psychologists and educators.</em></p>
<p>A scientist was commissioned to investigate whether psychology and education graduates succeed in finding level jobs. The researcher designed his own questionnaire consisting of 12 Likert items with 5 response options ranging from completely disagree (1) to completely agree (5). An example of an item is: I had to put a lot of effort to find a job opening for a level job. The responses of 608 educators (1) and psychologists (2), distinguished in the variable [psy_ped], to the 12 items are shown in the data file. NOTES. The more the respondent agrees with the statements, the more difficult he/she finds it to find a level job.</p>
<p>Open the data file.</p>
<p>Calculate the total score as the sum of all responses to all items. Take into account the misses when calculating the total score and exclude individuals who gave less than 8 answers. Round total scores to whole numbers. What is the mean of the total score? (3 decimal places)</p>
<ul>
<li>Download**: <a href="data/supplements_1_1/eur-descriptive-118-nl-data.sav">SPSS file</a>, <a href="data/supplements_1_1/eur-descriptive-118-nl-data.csv">CSV file</a></li>
</ul>
]]></mattext>
<matbreak/>
</material>
<response_num ident="eur-descriptive-118-en-canvas_332145153_section_1_item_1_num_RESPONSE_3475876" rcardinality="Single" numtype="Decimal">
<render_fib fibtype="Decimal" maxchars="12">
<flow_label class="Block">
<response_label ident="eur-descriptive-118-en-canvas_332145153_section_1_item_1_num_RESPONSE_3475876" rshuffle="No"/>
</flow_label>
</render_fib>
</response_num>
<material>
<matbreak/>
</material>
</flow>
</presentation>
<resprocessing>
<outcomes>
<decvar varname="SCORE" vartype="Decimal" defaultval="0" minvalue="0" maxvalue="1" cutvalue="1"/>
</outcomes>
<respcondition title="Mastery" continue="No">
<conditionvar>

<or>
<varequal respident="eur-descriptive-118-en-canvas_332145153_section_1_item_1_num_RESPONSE_3475876" case="No"><![CDATA[33.799]]></varequal>
<and>
<vargte respident="eur-descriptive-118-en-canvas_332145153_section_1_item_1_num_RESPONSE_3475876"><![CDATA[33.799]]></vargte>
<varlte respident="eur-descriptive-118-en-canvas_332145153_section_1_item_1_num_RESPONSE_3475876"><![CDATA[33.799]]></varlte>
</and>
</or>
</conditionvar>
<setvar varname="SCORE" action="Set">1</setvar>
<displayfeedback feedbacktype="Response" linkrefid="correct_fb"/>
</respcondition>
<respcondition continue="Yes">
<conditionvar>
<other/>
</conditionvar>
<displayfeedback feedbacktype="Response" linkrefid="general_incorrect_fb"/>
</respcondition>
</resprocessing>
<itemfeedback ident="correct_fb" view="All">
<flow_mat>
<material>
<mattext texttype="text/html"><![CDATA[
<p>The average total score is 33,799.</p>
]]></mattext>
</material>
</flow_mat>
</itemfeedback>
<itemfeedback ident="general_incorrect_fb" view="All">
<flow_mat>
<material>
<mattext texttype="text/html"><![CDATA[
<p>The average total score is 33,799.</p>
]]></mattext>
</material>
</flow_mat>
</itemfeedback>
</item>


</section>

</assessment>
</questestinterop>
