<?xml version="1.0" encoding="UTF-8"?>
<assessmentItem xsi:schemaLocation="http://www.imsglobal.org/xsd/imsqti_v2p1 http://www.imsglobal.org/xsd/qti/qtiv2p1/imsqti_v2p1p1.xsd http://www.w3.org/1998/Math/MathML http://www.w3.org/Math/XMLSchema/mathml2/mathml2.xsd" identifier="uva-oneway-anova-498-nl-ans_557244106_section_1_item_1_schoice" title="Inferential_Statistics_uva-oneway-anova-498-nl_uva-oneway-anova-498-nl_schoice_1" adaptive="false" timeDependent="false" xmlns="http://www.imsglobal.org/xsd/imsqti_v2p1" xmlns:xsi="http://www.w3.org/2001/XMLSchema-instance">
<responseDeclaration identifier="uva-oneway-anova-498-nl-ans_557244106_section_1_item_1_schoice_RESPONSE_1_8297728" cardinality="single" baseType="identifier">
<correctResponse>
<value>uva-oneway-anova-498-nl-ans_557244106_section_1_item_1_schoice_1_7495584812</value>
</correctResponse>
<mapping defaultValue="0" lowerBound="0.0">
<mapEntry mapKey="uva-oneway-anova-498-nl-ans_557244106_section_1_item_1_schoice_1_7495584812" mappedValue="1"/>
<mapEntry mapKey="uva-oneway-anova-498-nl-ans_557244106_section_1_item_1_schoice_2_6538673176" mappedValue="0"/>
<mapEntry mapKey="uva-oneway-anova-498-nl-ans_557244106_section_1_item_1_schoice_3_2089084409" mappedValue="0"/>
<mapEntry mapKey="uva-oneway-anova-498-nl-ans_557244106_section_1_item_1_schoice_4_1114709052" mappedValue="0"/>
</mapping>
</responseDeclaration>
<outcomeDeclaration identifier="SCORE" cardinality="single" baseType="float" normalMaximum="1" normalMinimum="0">
<defaultValue>
<value>0.0</value>
</defaultValue>
</outcomeDeclaration>
<outcomeDeclaration identifier="MAXSCORE" cardinality="single" baseType="float">
<defaultValue>
<value>1</value>
</defaultValue>
</outcomeDeclaration>
<outcomeDeclaration identifier="FEEDBACKBASIC" cardinality="single" baseType="identifier" view="testConstructor">
<defaultValue>
<value>empty</value>
</defaultValue>
</outcomeDeclaration>
<outcomeDeclaration identifier="FEEDBACKMODAL" cardinality="multiple" baseType="identifier" view="testConstructor"/>
<outcomeDeclaration identifier="SOLUTIONMODAL" cardinality="single" baseType="identifier" view="testConstructor"/>
<outcomeDeclaration identifier="MINSCORE" cardinality="single" baseType="float">
<defaultValue>
<value baseType="float">0</value>
</defaultValue>
</outcomeDeclaration>
<outcomeDeclaration identifier="SCORE_RESPONSE_1" cardinality="single" baseType="float">
<defaultValue>
<value>0.0</value>
</defaultValue>
</outcomeDeclaration>
<outcomeDeclaration identifier="MINSCORE_RESPONSE_1" cardinality="single" baseType="float">
<defaultValue>
<value>0.0</value>
</defaultValue>
</outcomeDeclaration>
<itemBody>
<p>Hieronder staat een gedeeltelijk ingevulde ANOVA-tabel, behorende bij
een Completely Randomized Design (Oneway) ANOVA.</p>
<table>
<tbody>
<tr class="odd">
<td align="left">Source of variation</td>
<td align="left">SS</td>
<td align="left">df</td>
<td align="left">MS</td>
<td align="left">F</td>
</tr>
<tr class="even">
<td align="left">Between groups</td>
<td align="left">27</td>
<td align="left">3</td>
<td align="left"></td>
<td align="left"></td>
</tr>
<tr class="odd">
<td align="left">Within groups</td>
<td align="left">24</td>
<td align="left">12</td>
<td align="left"></td>
<td align="left"></td>
</tr>
</tbody>
</table>
<p>Een aanname bij deze variantieanalyse is dat de waarnemingen komen uit
normaal verdeelde populaties met gelijke varianties. De beste schatting
van deze variantie is gelijk aan</p>
<choiceInteraction responseIdentifier="uva-oneway-anova-498-nl-ans_557244106_section_1_item_1_schoice_RESPONSE_1_8297728" shuffle="false" maxChoices="1">
<simpleChoice identifier="uva-oneway-anova-498-nl-ans_557244106_section_1_item_1_schoice_1_7495584812">
<p>
 2
</p>
</simpleChoice>
<simpleChoice identifier="uva-oneway-anova-498-nl-ans_557244106_section_1_item_1_schoice_2_6538673176">
<p>
 3.4
</p>
</simpleChoice>
<simpleChoice identifier="uva-oneway-anova-498-nl-ans_557244106_section_1_item_1_schoice_3_2089084409">
<p>
 4.9
</p>
</simpleChoice>
<simpleChoice identifier="uva-oneway-anova-498-nl-ans_557244106_section_1_item_1_schoice_4_1114709052">
<p>
 9
</p>
</simpleChoice>
</choiceInteraction>
</itemBody>
<responseProcessing>
<setOutcomeValue identifier="SCORE_RESPONSE_1">
<sum>
<variable identifier="SCORE_RESPONSE_1"/>
<mapResponse identifier="uva-oneway-anova-498-nl-ans_557244106_section_1_item_1_schoice_RESPONSE_1_8297728"/>
</sum>
</setOutcomeValue>
<responseCondition>
<responseIf>
<lt>
<variable identifier="SCORE_RESPONSE_1"/>
<variable identifier="MINSCORE_RESPONSE_1"/>
</lt>
<setOutcomeValue identifier="SCORE_RESPONSE_1">
<variable identifier="MINSCORE_RESPONSE_1"/>
</setOutcomeValue>
</responseIf>
</responseCondition>
<responseCondition>
<responseIf>
<isNull>
<variable identifier="uva-oneway-anova-498-nl-ans_557244106_section_1_item_1_schoice_RESPONSE_1_8297728"/>
</isNull>
<setOutcomeValue identifier="SCORE_RESPONSE_1">
<sum>
<variable identifier="SCORE_RESPONSE_1"/>
<baseValue baseType="float">0</baseValue>
</sum>
</setOutcomeValue>
</responseIf>
</responseCondition>
<setOutcomeValue identifier="SCORE">
<sum>
<variable identifier="SCORE_RESPONSE_1"/>
</sum>
</setOutcomeValue>
<responseCondition>
<responseIf>
<lt>
<variable identifier="SCORE"/>
<variable identifier="MINSCORE"/>
</lt>
<setOutcomeValue identifier="SCORE">
<variable identifier="MINSCORE"/>
</setOutcomeValue>
</responseIf>
</responseCondition>
<responseCondition>
<responseIf>
<lt>
<variable identifier="SCORE"/>
<baseValue baseType="float">1</baseValue>
</lt>
<setOutcomeValue identifier="FEEDBACKMODAL">
<multiple>
<variable identifier="FEEDBACKMODAL"/>
<baseValue baseType="identifier">Feedback911368869</baseValue>
</multiple>
</setOutcomeValue>
</responseIf>
</responseCondition>
</responseProcessing>
<modalFeedback outcomeIdentifier="FEEDBACK" showHide="show" identifier="incorrect">
<ul>
<li> 2 <br /> 2: Correct </li>
<li> 3.4 <br /> 3.4: Incorrect </li>
<li> 4.9 <br /> 4.9: Incorrect </li>
<li> 9 <br /> 9: Incorrect </li>
</ul>
</modalFeedback>
</assessmentItem>
