<?xml version="1.0" encoding="UTF-8"?>
<!DOCTYPE questestinterop SYSTEM "ims_qtiasiv1p2p1.dtd">

<questestinterop xmlns="http://www.imsglobal.org/xsd/ims_qtiasiv1p2" xmlns:xsi="http://www.w3.org/2001/XMLSchema-instance" xsi:schemaLocation="http://www.imsglobal.org/xsd/ims_qtiasiv1p2 http://www.imsglobal.org/xsd/ims_qtiasiv1p2p1.xsd">
<assessment ident="uu-factor-analysis-009-nl-canvas_153079238" title="uu-factor-analysis-009-nl-canvas">

<qtimetadata>
<qtimetadatafield>
<fieldlabel>cc_maxattempts</fieldlabel>
<fieldentry>1</fieldentry>
</qtimetadatafield>
<qtimetadatafield>
<fieldlabel>qmd_assessmenttype</fieldlabel>
<fieldentry>Assessment</fieldentry>
</qtimetadatafield>
</qtimetadata>
<objectives>
<material>
<mattext><![CDATA[Please solve the following exercises.]]></mattext>
</material>
</objectives>
<assessmentcontrol feedbackswitch="No" hintswitch="No" solutionswitch="Yes"/>
<outcomes_processing scoremodel="SumOfScores">
<outcomes>
<decvar varname="SCORE" vartype="Decimal" cutvalue="0"/>
</outcomes>
</outcomes_processing>
<assessfeedback title="AssessmentFeedback" ident="AssessmentFeedback">
<flow_mat>
<material>
<mattext>##AssessmentFeedback##</mattext>
</material>
</flow_mat>
</assessfeedback>

<section ident="uu-factor-analysis-009-nl-canvas_153079238_section_1" title="Exercise">

<objectives>
<material>
<mattext><![CDATA[Please answer the following question.]]></mattext>
</material>
</objectives>
<selection_ordering>
<selection>
<selection_number>1</selection_number>
<selection_extension>
<points_per_item>1</points_per_item>
</selection_extension>
</selection>
<order order_type="Random"/>
</selection_ordering>

<item ident="uu-factor-analysis-009-nl-canvas_153079238_section_1_item_1_schoice" title="Question" maxattempts="1">
<itemcontrol feedbackswitch="No" hintswitch="No" solutionswitch="Yes"/>
<itemmetadata>
<qtimetadata>
<qtimetadatafield>
<fieldlabel>question_type</fieldlabel>
<fieldentry>multiple_choice_question</fieldentry>
</qtimetadatafield>
</qtimetadata>
</itemmetadata>
<presentation>
<flow>
<material>
<matbreak/>
<mattext texttype="text/html" charset="utf-8"><![CDATA[
<p>Een factoranalyse wordt uitgevoerd op vijftien items die bij kinderen de angst voor Sinterklaas moeten meten. De hoofdcomponentenanalyse met obliminrotatie resulteert in twee statistische en inhoudelijke interessante dimensies. Factor A betreft de angst voor Sinterklaas en factor B de angst voor Zwarte Piet.</p>
<p>Beoordeel de volgende twee uitspraken over factoranalyse.</p>
<ol style="list-style-type: upper-roman">
<li>In het algemeen geldt dat factoren met een eigenwaarde groter dan 1 meer testvariantie verklaren dan een afzonderlijk item.</li>
<li>Als een item (na de rotatie) een hoge factorlading (|a| &gt; .40) heeft op factor A, hangt factor A sterk samen met factor B.</li>
</ol>
]]></mattext>
<matbreak/>
</material>
<response_lid ident="uu-factor-analysis-009-nl-canvas_153079238_section_1_item_1_schoice_RESPONSE_1759538" rcardinality="Single" rtiming="No">
<render_choice shuffle="No">
<flow_label class="List">
<response_label ident="uu-factor-analysis-009-nl-canvas_153079238_section_1_item_1_schoice_2865241977" rshuffle="No">
<material>
<mattext texttype="text/html" charset="utf-8"><![CDATA[
 I is juist, II is juist
]]></mattext>
</material>
</response_label>
</flow_label>
<flow_label class="List">
<response_label ident="uu-factor-analysis-009-nl-canvas_153079238_section_1_item_1_schoice_4759128189" rshuffle="No">
<material>
<mattext texttype="text/html" charset="utf-8"><![CDATA[
 I is juist, II is niet juist
]]></mattext>
</material>
</response_label>
</flow_label>
<flow_label class="List">
<response_label ident="uu-factor-analysis-009-nl-canvas_153079238_section_1_item_1_schoice_5677350064" rshuffle="No">
<material>
<mattext texttype="text/html" charset="utf-8"><![CDATA[
 I is niet juist, II is juist
]]></mattext>
</material>
</response_label>
</flow_label>
<flow_label class="List">
<response_label ident="uu-factor-analysis-009-nl-canvas_153079238_section_1_item_1_schoice_1311738687" rshuffle="No">
<material>
<mattext texttype="text/html" charset="utf-8"><![CDATA[
 I is niet juist, II is niet juist
]]></mattext>
</material>
</response_label>
</flow_label>
</render_choice>
</response_lid>
</flow>
</presentation>
<resprocessing>
<outcomes>
<decvar varname="SCORE" vartype="Decimal" defaultval="0" minvalue="0" maxvalue="1" cutvalue="1"/>
</outcomes>
<respcondition title="Mastery" continue="No">
<conditionvar>
<and>
<varequal respident="uu-factor-analysis-009-nl-canvas_153079238_section_1_item_1_schoice_RESPONSE_1759538" case="Yes">uu-factor-analysis-009-nl-canvas_153079238_section_1_item_1_schoice_4759128189</varequal>
<not> <varequal respident="uu-factor-analysis-009-nl-canvas_153079238_section_1_item_1_schoice_RESPONSE_1759538" case="Yes">uu-factor-analysis-009-nl-canvas_153079238_section_1_item_1_schoice_2865241977</varequal> </not>
<not> <varequal respident="uu-factor-analysis-009-nl-canvas_153079238_section_1_item_1_schoice_RESPONSE_1759538" case="Yes">uu-factor-analysis-009-nl-canvas_153079238_section_1_item_1_schoice_5677350064</varequal> </not>
<not> <varequal respident="uu-factor-analysis-009-nl-canvas_153079238_section_1_item_1_schoice_RESPONSE_1759538" case="Yes">uu-factor-analysis-009-nl-canvas_153079238_section_1_item_1_schoice_1311738687</varequal> </not>
</and>
</conditionvar>
<setvar varname="SCORE" action="Set">1</setvar>
<displayfeedback feedbacktype="Response" linkrefid="correct_fb"/>
</respcondition>
<respcondition continue="Yes">
<conditionvar>
<other/>
</conditionvar>
<displayfeedback feedbacktype="Response" linkrefid="general_incorrect_fb"/>
</respcondition>
</resprocessing>
<itemfeedback ident="correct_fb" view="All">
<flow_mat>
<material>
<mattext texttype="text/html"><![CDATA[
<p>Stelling 1: De eigenwaarde wordt berekend door:</p>
<ul>
<li><p>Per item wordt gekeken hoeveel variantie van dat item verklaard wordt door de factor</p></li>
<li><p>Dit wordt omgezet in een proportie (bijvoorbeeld: .60 (=60%) van het item wordt verklaard door de factor)</p></li>
<li><p>De proportie van alle items worden bij elkaar opgeteld om de eigenwaarde van een factor te bepalen.</p></li>
</ul>
<p>Elk item heeft dus een variantie van 1.00. Wanneer een factor een eigenwaarde &gt;1.00 heeft, verklaart de factor meer variantie dan een afzonderlijk item.</p>
<p>Stelling 2: De factorlading van één item op één van de factoren zegt niets over de correlatie tussen de factoren.</p>
]]></mattext>
</material>
</flow_mat>
</itemfeedback>
<itemfeedback ident="general_incorrect_fb" view="All">
<flow_mat>
<material>
<mattext texttype="text/html"><![CDATA[
<p>Stelling 1: De eigenwaarde wordt berekend door:</p>
<ul>
<li><p>Per item wordt gekeken hoeveel variantie van dat item verklaard wordt door de factor</p></li>
<li><p>Dit wordt omgezet in een proportie (bijvoorbeeld: .60 (=60%) van het item wordt verklaard door de factor)</p></li>
<li><p>De proportie van alle items worden bij elkaar opgeteld om de eigenwaarde van een factor te bepalen.</p></li>
</ul>
<p>Elk item heeft dus een variantie van 1.00. Wanneer een factor een eigenwaarde &gt;1.00 heeft, verklaart de factor meer variantie dan een afzonderlijk item.</p>
<p>Stelling 2: De factorlading van één item op één van de factoren zegt niets over de correlatie tussen de factoren.</p>
]]></mattext>
</material>
</flow_mat>
</itemfeedback>
</item>


</section>

</assessment>
</questestinterop>
