<?xml version="1.0" encoding="utf-8" standalone="yes"?>
<assessmentItem identifier="vufsw-explained_variance-2113-en-tv_202601131820_item_1_schoice" title="vufsw-explained_variance-2113-en-tv_202601131820_item_1_schoice_vufsw-explained variance-2113-en" adaptive="false" timeDependent="false" toolName="Testvision Online" toolVersion="39.0.9084" xmlns="http://www.imsglobal.org/xsd/imsqti_v2p1">
<responseDeclaration identifier="RESPONSE" cardinality="single" baseType="identifier">
<correctResponse>
<value>alt_676260</value>
</correctResponse>
<mapping defaultValue="0" lowerBound="0.0">
<mapEntry mapKey="alt_824778" mappedValue="-0.333333333333333"/>
<mapEntry mapKey="alt_676260" mappedValue="1"/>
<mapEntry mapKey="alt_978874" mappedValue="-0.333333333333333"/>
<mapEntry mapKey="alt_855100" mappedValue="-0.333333333333333"/>
</mapping>
</responseDeclaration>
<outcomeDeclaration identifier="SCORE" cardinality="single" baseType="float" normalMaximum="1" normalMinimum="0" />
<outcomeDeclaration identifier="FEEDBACK" cardinality="single" baseType="identifier" />
<stylesheet href="css/vufsw-explained_variance-2113-en-tv_202601131820_item_1_schoice.css" type="text/css" />
<itemBody>
<p>The following question relates to the accompanying output of a factor
analysis on items that aim to measure students’ fear of SPSS.<br />
What is the percentage of variance explained - before rotation and after
extraction - by the extracted factors?</p>
<p><img src="mediafiles/supplements1/1658143402810.png" alt="image"/></p>
<choiceInteraction responseIdentifier="RESPONSE" shuffle="false" maxChoices="1">
<simpleChoice identifier="alt_824778">
<div class="textblock tvblock tvcss_1"><div class="rte_zone tveditor1">
 6,4%
</div>
</div>
</simpleChoice>
<simpleChoice identifier="alt_676260">
<div class="textblock tvblock tvcss_1"><div class="rte_zone tveditor1">
 44,2%
</div>
</div>
</simpleChoice>
<simpleChoice identifier="alt_978874">
<div class="textblock tvblock tvcss_1"><div class="rte_zone tveditor1">
 52,6%
</div>
</div>
</simpleChoice>
<simpleChoice identifier="alt_855100">
<div class="textblock tvblock tvcss_1"><div class="rte_zone tveditor1">
 38,4%
</div>
</div>
</simpleChoice>
</choiceInteraction>
</itemBody>
<responseProcessing>
<responseCondition>
<responseIf>
<isNull>
<variable identifier="RESPONSE"/>
</isNull>
<setOutcomeValue identifier="SCORE">
<baseValue baseType="float">0.0</baseValue>
</setOutcomeValue>
<setOutcomeValue identifier="FEEDBACK">
<baseValue baseType="identifier">FAILURE</baseValue>
</setOutcomeValue>
</responseIf>
<responseElse>
<setOutcomeValue identifier="SCORE">
<mapResponse identifier="RESPONSE"/>
</setOutcomeValue>
<responseCondition>
<responseIf>
<equal toleranceMode="relative" tolerance="0.001">
<variable identifier="SCORE"/>
<variable identifier="MAXSCORE"/>
</equal>
<setOutcomeValue identifier="FEEDBACK">
<baseValue baseType="identifier">ANSWER_CORRECT</baseValue>
</setOutcomeValue>
</responseIf>
<responseElse>
<setOutcomeValue identifier="FEEDBACK">
<baseValue baseType="identifier">FAILURE</baseValue>
</setOutcomeValue>
</responseElse>
</responseCondition>
</responseElse>
</responseCondition>
</responseProcessing>
<modalFeedback identifier="FAILURE" outcomeIdentifier="FEEDBACK" showHide="show">
<div class="textblock tvblock tvcss_1"><div class="rte_zone tveditor1">
<ul>
<li> 6,4% <br /> False </li>
<li> 44,2% <br /> True </li>
<li> 52,6% <br /> False </li>
<li> 38,4% <br /> False </li>
</ul>
</div>
</div>
</modalFeedback>
<modalFeedback identifier="ANSWER_CORRECT" outcomeIdentifier="FEEDBACK" showHide="show">
<div class="textblock tvblock tvcss_1"><div class="rte_zone tveditor1">
<ul>
<li> 6,4% <br /> False </li>
<li> 44,2% <br /> True </li>
<li> 52,6% <br /> False </li>
<li> 38,4% <br /> False </li>
</ul>
</div>
</div>
</modalFeedback>
<modalFeedback identifier="PARTIAL_CORRECT" outcomeIdentifier="FEEDBACK" showHide="show">
<div class="textblock tvblock tvcss_1"><div class="rte_zone tveditor1">
<ul>
<li> 6,4% <br /> False </li>
<li> 44,2% <br /> True </li>
<li> 52,6% <br /> False </li>
<li> 38,4% <br /> False </li>
</ul>
</div>
</div>
</modalFeedback>
</assessmentItem>
