<?xml version="1.0" encoding="UTF-8"?>
<!DOCTYPE questestinterop SYSTEM "ims_qtiasiv1p2p1.dtd">

<questestinterop xmlns="http://www.imsglobal.org/xsd/ims_qtiasiv1p2" xmlns:xsi="http://www.w3.org/2001/XMLSchema-instance" xsi:schemaLocation="http://www.imsglobal.org/xsd/ims_qtiasiv1p2 http://www.imsglobal.org/xsd/ims_qtiasiv1p2p1.xsd">
<assessment ident="uu-mediation-802-en-canvas_808435389" title="uu-mediation-802-en-canvas">

<qtimetadata>
<qtimetadatafield>
<fieldlabel>cc_maxattempts</fieldlabel>
<fieldentry>1</fieldentry>
</qtimetadatafield>
<qtimetadatafield>
<fieldlabel>qmd_assessmenttype</fieldlabel>
<fieldentry>Assessment</fieldentry>
</qtimetadatafield>
</qtimetadata>
<objectives>
<material>
<mattext><![CDATA[Please solve the following exercises.]]></mattext>
</material>
</objectives>
<assessmentcontrol feedbackswitch="No" hintswitch="No" solutionswitch="Yes"/>
<outcomes_processing scoremodel="SumOfScores">
<outcomes>
<decvar varname="SCORE" vartype="Decimal" cutvalue="0"/>
</outcomes>
</outcomes_processing>
<assessfeedback title="AssessmentFeedback" ident="AssessmentFeedback">
<flow_mat>
<material>
<mattext>##AssessmentFeedback##</mattext>
</material>
</flow_mat>
</assessfeedback>

<section ident="uu-mediation-802-en-canvas_808435389_section_1" title="Exercise">

<objectives>
<material>
<mattext><![CDATA[Please answer the following question.]]></mattext>
</material>
</objectives>
<selection_ordering>
<selection>
<selection_number>1</selection_number>
<selection_extension>
<points_per_item>1</points_per_item>
</selection_extension>
</selection>
<order order_type="Random"/>
</selection_ordering>

<item ident="uu-mediation-802-en-canvas_808435389_section_1_item_1_schoice" title="Question" maxattempts="1">
<itemcontrol feedbackswitch="No" hintswitch="No" solutionswitch="Yes"/>
<itemmetadata>
<qtimetadata>
<qtimetadatafield>
<fieldlabel>question_type</fieldlabel>
<fieldentry>multiple_choice_question</fieldentry>
</qtimetadatafield>
</qtimetadata>
</itemmetadata>
<presentation>
<flow>
<material>
<matbreak/>
<mattext texttype="text/html" charset="utf-8"><![CDATA[
<p>The table below is from the article by Boelen and Klugkist (2011), Cognitive behavioral variables mediate the associations of neuroticism and attachment insecurity with Prolonged Grief Disorder</p>
<p><img src="data/supplements_1_1/uu-mediation-802-nl-tabel.jpg" /></p>
<p>A psychologist formulates the following conclusion based on the above table: Unrealness does not fully mediate the relationship between Attachment Avoidance and PGD. Is this correct?</p>
]]></mattext>
<matbreak/>
</material>
<response_lid ident="uu-mediation-802-en-canvas_808435389_section_1_item_1_schoice_RESPONSE_8712298" rcardinality="Single" rtiming="No">
<render_choice shuffle="No">
<flow_label class="List">
<response_label ident="uu-mediation-802-en-canvas_808435389_section_1_item_1_schoice_9128623540" rshuffle="No">
<material>
<mattext texttype="text/html" charset="utf-8"><![CDATA[
 Yes, because the direct effect is significant
]]></mattext>
</material>
</response_label>
</flow_label>
<flow_label class="List">
<response_label ident="uu-mediation-802-en-canvas_808435389_section_1_item_1_schoice_4179237688" rshuffle="No">
<material>
<mattext texttype="text/html" charset="utf-8"><![CDATA[
 Yes, because the total effect is significant
]]></mattext>
</material>
</response_label>
</flow_label>
<flow_label class="List">
<response_label ident="uu-mediation-802-en-canvas_808435389_section_1_item_1_schoice_3800553819" rshuffle="No">
<material>
<mattext texttype="text/html" charset="utf-8"><![CDATA[
 No, because the total indirect effect is significant
]]></mattext>
</material>
</response_label>
</flow_label>
<flow_label class="List">
<response_label ident="uu-mediation-802-en-canvas_808435389_section_1_item_1_schoice_1080031899" rshuffle="No">
<material>
<mattext texttype="text/html" charset="utf-8"><![CDATA[
 No, because the unique indirect effect is significant
]]></mattext>
</material>
</response_label>
</flow_label>
</render_choice>
</response_lid>
</flow>
</presentation>
<resprocessing>
<outcomes>
<decvar varname="SCORE" vartype="Decimal" defaultval="0" minvalue="0" maxvalue="1" cutvalue="1"/>
</outcomes>
<respcondition title="Mastery" continue="No">
<conditionvar>
<and>
<varequal respident="uu-mediation-802-en-canvas_808435389_section_1_item_1_schoice_RESPONSE_8712298" case="Yes">uu-mediation-802-en-canvas_808435389_section_1_item_1_schoice_9128623540</varequal>
<not> <varequal respident="uu-mediation-802-en-canvas_808435389_section_1_item_1_schoice_RESPONSE_8712298" case="Yes">uu-mediation-802-en-canvas_808435389_section_1_item_1_schoice_4179237688</varequal> </not>
<not> <varequal respident="uu-mediation-802-en-canvas_808435389_section_1_item_1_schoice_RESPONSE_8712298" case="Yes">uu-mediation-802-en-canvas_808435389_section_1_item_1_schoice_3800553819</varequal> </not>
<not> <varequal respident="uu-mediation-802-en-canvas_808435389_section_1_item_1_schoice_RESPONSE_8712298" case="Yes">uu-mediation-802-en-canvas_808435389_section_1_item_1_schoice_1080031899</varequal> </not>
</and>
</conditionvar>
<setvar varname="SCORE" action="Set">1</setvar>
<displayfeedback feedbacktype="Response" linkrefid="correct_fb"/>
</respcondition>
<respcondition continue="Yes">
<conditionvar>
<other/>
</conditionvar>
<displayfeedback feedbacktype="Response" linkrefid="general_incorrect_fb"/>
</respcondition>
</resprocessing>
<itemfeedback ident="correct_fb" view="All">
<flow_mat>
<material>
<mattext texttype="text/html"><![CDATA[
<p>The table shows that the direct effect is also significant. If the direct effect is also significant (direct effect of X on Y), there is not full mediation, but partial mediation. Thus, in this case, the effect of X on Y is not completely through the mediator.</p>
]]></mattext>
</material>
</flow_mat>
</itemfeedback>
<itemfeedback ident="general_incorrect_fb" view="All">
<flow_mat>
<material>
<mattext texttype="text/html"><![CDATA[
<p>The table shows that the direct effect is also significant. If the direct effect is also significant (direct effect of X on Y), there is not full mediation, but partial mediation. Thus, in this case, the effect of X on Y is not completely through the mediator.</p>
]]></mattext>
</material>
</flow_mat>
</itemfeedback>
</item>


</section>

</assessment>
</questestinterop>
