<?xml version="1.0" encoding="utf-8" standalone="yes"?>
<assessmentItem identifier="vufgb-multilevelanalysis-008-nl_202209051539_item_1_schoice" title="vufgb-multilevelanalysis-008-nl_202209051539_item_1_schoice_vufgb-multilevelanalysis-008-nl" adaptive="false" timeDependent="false" toolName="Testvision Online" toolVersion="39.0.9084" xmlns="http://www.imsglobal.org/xsd/imsqti_v2p1">
<responseDeclaration identifier="RESPONSE" cardinality="single" baseType="identifier">
<correctResponse>
<value>alt_706529</value>
</correctResponse>
<mapping defaultValue="0" lowerBound="0.0">
<mapEntry mapKey="alt_511153" mappedValue="-0.333333333333333"/>
<mapEntry mapKey="alt_617194" mappedValue="-0.333333333333333"/>
<mapEntry mapKey="alt_706529" mappedValue="1"/>
<mapEntry mapKey="alt_554313" mappedValue="-0.333333333333333"/>
</mapping>
</responseDeclaration>
<outcomeDeclaration identifier="SCORE" cardinality="single" baseType="float" normalMaximum="1" normalMinimum="0" />
<outcomeDeclaration identifier="FEEDBACK" cardinality="single" baseType="identifier" />
<itemBody>
<p>Onderstaande parameterschattingen worden gevonden voor de fixed effecten in een linear mixed model.</p>
<p>Voer de <em>t</em>-toets uit voor het fixed effect van Tijd.</p>
<p><img src="mediafiles/supplements1/vufgb-multilevelanalysis-008-nl-table01.jpg" alt="image"/></p>
<choiceInteraction responseIdentifier="RESPONSE" shuffle="false" maxChoices="1">
<simpleChoice identifier="alt_511153">
<div class="textblock tvblock tvcss_1"><div class="rte_zone tveditor1">
a. <math display="inline" xmlns="http://www.w3.org/1998/Math/MathML"><semantics><mrow><mi>t</mi><mrow><mo stretchy="true" form="prefix">(</mo><mi>d</mi><mi>f</mi><mo>=</mo><mn>100</mn><mo stretchy="true" form="postfix">)</mo></mrow><mo>=</mo><mn>1.80</mn><mo>,</mo><mspace width="0.278em"></mspace><mi>p</mi><mo>&gt;</mo><mn>0.05</mn></mrow><annotation encoding="application/x-tex">t(df = 100) = 1.80,\;p &gt; 0.05</annotation></semantics></math>.
</div>
</div>
</simpleChoice>
<simpleChoice identifier="alt_617194">
<div class="textblock tvblock tvcss_1"><div class="rte_zone tveditor1">
b. <math display="inline" xmlns="http://www.w3.org/1998/Math/MathML"><semantics><mrow><mi>t</mi><mrow><mo stretchy="true" form="prefix">(</mo><mi>d</mi><mi>f</mi><mo>=</mo><mn>100</mn><mo stretchy="true" form="postfix">)</mo></mrow><mo>=</mo><mn>1.80</mn><mo>,</mo><mspace width="0.278em"></mspace><mi>p</mi><mo>&lt;</mo><mn>0.05</mn></mrow><annotation encoding="application/x-tex">t(df = 100) = 1.80,\;p &lt; 0.05</annotation></semantics></math>.
</div>
</div>
</simpleChoice>
<simpleChoice identifier="alt_706529">
<div class="textblock tvblock tvcss_1"><div class="rte_zone tveditor1">
c. <math display="inline" xmlns="http://www.w3.org/1998/Math/MathML"><semantics><mrow><mi>t</mi><mrow><mo stretchy="true" form="prefix">(</mo><mi>d</mi><mi>f</mi><mo>=</mo><mn>100</mn><mo stretchy="true" form="postfix">)</mo></mrow><mo>=</mo><mn>1.97</mn><mo>,</mo><mspace width="0.278em"></mspace><mi>p</mi><mo>&gt;</mo><mn>0.05</mn></mrow><annotation encoding="application/x-tex">t(df = 100) = 1.97,\;p &gt; 0.05</annotation></semantics></math>.
</div>
</div>
</simpleChoice>
<simpleChoice identifier="alt_554313">
<div class="textblock tvblock tvcss_1"><div class="rte_zone tveditor1">
d. <math display="inline" xmlns="http://www.w3.org/1998/Math/MathML"><semantics><mrow><mi>t</mi><mrow><mo stretchy="true" form="prefix">(</mo><mi>d</mi><mi>f</mi><mo>=</mo><mn>100</mn><mo stretchy="true" form="postfix">)</mo></mrow><mo>=</mo><mn>1.97</mn><mo>,</mo><mspace width="0.278em"></mspace><mi>p</mi><mo>&lt;</mo><mn>0.05</mn></mrow><annotation encoding="application/x-tex">t(df = 100) = 1.97,\;p &lt; 0.05</annotation></semantics></math>.
</div>
</div>
</simpleChoice>
</choiceInteraction>
</itemBody>
<responseProcessing>
<responseCondition>
<responseIf>
<isNull>
<variable identifier="RESPONSE"/>
</isNull>
<setOutcomeValue identifier="SCORE">
<baseValue baseType="float">0.0</baseValue>
</setOutcomeValue>
<setOutcomeValue identifier="FEEDBACK">
<baseValue baseType="identifier">FAILURE</baseValue>
</setOutcomeValue>
</responseIf>
<responseElse>
<setOutcomeValue identifier="SCORE">
<mapResponse identifier="RESPONSE"/>
</setOutcomeValue>
<responseCondition>
<responseIf>
<equal toleranceMode="relative" tolerance="0.001">
<variable identifier="SCORE"/>
<variable identifier="MAXSCORE"/>
</equal>
<setOutcomeValue identifier="FEEDBACK">
<baseValue baseType="identifier">ANSWER_CORRECT</baseValue>
</setOutcomeValue>
</responseIf>
<responseElse>
<setOutcomeValue identifier="FEEDBACK">
<baseValue baseType="identifier">FAILURE</baseValue>
</setOutcomeValue>
</responseElse>
</responseCondition>
</responseElse>
</responseCondition>
</responseProcessing>
<modalFeedback identifier="FAILURE" outcomeIdentifier="FEEDBACK" showHide="show">
<div class="textblock tvblock tvcss_1"><div class="rte_zone tveditor1">
<ol>
<li> <math display="inline" xmlns="http://www.w3.org/1998/Math/MathML"><semantics><mrow><mi>t</mi><mrow><mo stretchy="true" form="prefix">(</mo><mi>d</mi><mi>f</mi><mo>=</mo><mn>100</mn><mo stretchy="true" form="postfix">)</mo></mrow><mo>=</mo><mn>1.80</mn><mo>,</mo><mspace width="0.278em"></mspace><mi>p</mi><mo>&gt;</mo><mn>0.05</mn></mrow><annotation encoding="application/x-tex">t(df = 100) = 1.80,\;p &gt; 0.05</annotation></semantics></math>. <br /> Incorrect </li>
<li> <math display="inline" xmlns="http://www.w3.org/1998/Math/MathML"><semantics><mrow><mi>t</mi><mrow><mo stretchy="true" form="prefix">(</mo><mi>d</mi><mi>f</mi><mo>=</mo><mn>100</mn><mo stretchy="true" form="postfix">)</mo></mrow><mo>=</mo><mn>1.80</mn><mo>,</mo><mspace width="0.278em"></mspace><mi>p</mi><mo>&lt;</mo><mn>0.05</mn></mrow><annotation encoding="application/x-tex">t(df = 100) = 1.80,\;p &lt; 0.05</annotation></semantics></math>. <br /> Incorrect </li>
<li> <math display="inline" xmlns="http://www.w3.org/1998/Math/MathML"><semantics><mrow><mi>t</mi><mrow><mo stretchy="true" form="prefix">(</mo><mi>d</mi><mi>f</mi><mo>=</mo><mn>100</mn><mo stretchy="true" form="postfix">)</mo></mrow><mo>=</mo><mn>1.97</mn><mo>,</mo><mspace width="0.278em"></mspace><mi>p</mi><mo>&gt;</mo><mn>0.05</mn></mrow><annotation encoding="application/x-tex">t(df = 100) = 1.97,\;p &gt; 0.05</annotation></semantics></math>. <br /> Correct </li>
<li> <math display="inline" xmlns="http://www.w3.org/1998/Math/MathML"><semantics><mrow><mi>t</mi><mrow><mo stretchy="true" form="prefix">(</mo><mi>d</mi><mi>f</mi><mo>=</mo><mn>100</mn><mo stretchy="true" form="postfix">)</mo></mrow><mo>=</mo><mn>1.97</mn><mo>,</mo><mspace width="0.278em"></mspace><mi>p</mi><mo>&lt;</mo><mn>0.05</mn></mrow><annotation encoding="application/x-tex">t(df = 100) = 1.97,\;p &lt; 0.05</annotation></semantics></math>. <br /> Incorrect </li>
</ol>
</div>
</div>
</modalFeedback>
<modalFeedback identifier="ANSWER_CORRECT" outcomeIdentifier="FEEDBACK" showHide="show">
<div class="textblock tvblock tvcss_1"><div class="rte_zone tveditor1">
<ol>
<li> <math display="inline" xmlns="http://www.w3.org/1998/Math/MathML"><semantics><mrow><mi>t</mi><mrow><mo stretchy="true" form="prefix">(</mo><mi>d</mi><mi>f</mi><mo>=</mo><mn>100</mn><mo stretchy="true" form="postfix">)</mo></mrow><mo>=</mo><mn>1.80</mn><mo>,</mo><mspace width="0.278em"></mspace><mi>p</mi><mo>&gt;</mo><mn>0.05</mn></mrow><annotation encoding="application/x-tex">t(df = 100) = 1.80,\;p &gt; 0.05</annotation></semantics></math>. <br /> Incorrect </li>
<li> <math display="inline" xmlns="http://www.w3.org/1998/Math/MathML"><semantics><mrow><mi>t</mi><mrow><mo stretchy="true" form="prefix">(</mo><mi>d</mi><mi>f</mi><mo>=</mo><mn>100</mn><mo stretchy="true" form="postfix">)</mo></mrow><mo>=</mo><mn>1.80</mn><mo>,</mo><mspace width="0.278em"></mspace><mi>p</mi><mo>&lt;</mo><mn>0.05</mn></mrow><annotation encoding="application/x-tex">t(df = 100) = 1.80,\;p &lt; 0.05</annotation></semantics></math>. <br /> Incorrect </li>
<li> <math display="inline" xmlns="http://www.w3.org/1998/Math/MathML"><semantics><mrow><mi>t</mi><mrow><mo stretchy="true" form="prefix">(</mo><mi>d</mi><mi>f</mi><mo>=</mo><mn>100</mn><mo stretchy="true" form="postfix">)</mo></mrow><mo>=</mo><mn>1.97</mn><mo>,</mo><mspace width="0.278em"></mspace><mi>p</mi><mo>&gt;</mo><mn>0.05</mn></mrow><annotation encoding="application/x-tex">t(df = 100) = 1.97,\;p &gt; 0.05</annotation></semantics></math>. <br /> Correct </li>
<li> <math display="inline" xmlns="http://www.w3.org/1998/Math/MathML"><semantics><mrow><mi>t</mi><mrow><mo stretchy="true" form="prefix">(</mo><mi>d</mi><mi>f</mi><mo>=</mo><mn>100</mn><mo stretchy="true" form="postfix">)</mo></mrow><mo>=</mo><mn>1.97</mn><mo>,</mo><mspace width="0.278em"></mspace><mi>p</mi><mo>&lt;</mo><mn>0.05</mn></mrow><annotation encoding="application/x-tex">t(df = 100) = 1.97,\;p &lt; 0.05</annotation></semantics></math>. <br /> Incorrect </li>
</ol>
</div>
</div>
</modalFeedback>
<modalFeedback identifier="PARTIAL_CORRECT" outcomeIdentifier="FEEDBACK" showHide="show">
<div class="textblock tvblock tvcss_1"><div class="rte_zone tveditor1">
<ol>
<li> <math display="inline" xmlns="http://www.w3.org/1998/Math/MathML"><semantics><mrow><mi>t</mi><mrow><mo stretchy="true" form="prefix">(</mo><mi>d</mi><mi>f</mi><mo>=</mo><mn>100</mn><mo stretchy="true" form="postfix">)</mo></mrow><mo>=</mo><mn>1.80</mn><mo>,</mo><mspace width="0.278em"></mspace><mi>p</mi><mo>&gt;</mo><mn>0.05</mn></mrow><annotation encoding="application/x-tex">t(df = 100) = 1.80,\;p &gt; 0.05</annotation></semantics></math>. <br /> Incorrect </li>
<li> <math display="inline" xmlns="http://www.w3.org/1998/Math/MathML"><semantics><mrow><mi>t</mi><mrow><mo stretchy="true" form="prefix">(</mo><mi>d</mi><mi>f</mi><mo>=</mo><mn>100</mn><mo stretchy="true" form="postfix">)</mo></mrow><mo>=</mo><mn>1.80</mn><mo>,</mo><mspace width="0.278em"></mspace><mi>p</mi><mo>&lt;</mo><mn>0.05</mn></mrow><annotation encoding="application/x-tex">t(df = 100) = 1.80,\;p &lt; 0.05</annotation></semantics></math>. <br /> Incorrect </li>
<li> <math display="inline" xmlns="http://www.w3.org/1998/Math/MathML"><semantics><mrow><mi>t</mi><mrow><mo stretchy="true" form="prefix">(</mo><mi>d</mi><mi>f</mi><mo>=</mo><mn>100</mn><mo stretchy="true" form="postfix">)</mo></mrow><mo>=</mo><mn>1.97</mn><mo>,</mo><mspace width="0.278em"></mspace><mi>p</mi><mo>&gt;</mo><mn>0.05</mn></mrow><annotation encoding="application/x-tex">t(df = 100) = 1.97,\;p &gt; 0.05</annotation></semantics></math>. <br /> Correct </li>
<li> <math display="inline" xmlns="http://www.w3.org/1998/Math/MathML"><semantics><mrow><mi>t</mi><mrow><mo stretchy="true" form="prefix">(</mo><mi>d</mi><mi>f</mi><mo>=</mo><mn>100</mn><mo stretchy="true" form="postfix">)</mo></mrow><mo>=</mo><mn>1.97</mn><mo>,</mo><mspace width="0.278em"></mspace><mi>p</mi><mo>&lt;</mo><mn>0.05</mn></mrow><annotation encoding="application/x-tex">t(df = 100) = 1.97,\;p &lt; 0.05</annotation></semantics></math>. <br /> Incorrect </li>
</ol>
</div>
</div>
</modalFeedback>
</assessmentItem>
