<?xml version="1.0" encoding="UTF-8"?>
<assessmentItem xsi:schemaLocation="http://www.imsglobal.org/xsd/imsqti_v2p1 http://www.imsglobal.org/xsd/qti/qtiv2p1/imsqti_v2p1p1.xsd http://www.w3.org/1998/Math/MathML http://www.w3.org/Math/XMLSchema/mathml2/mathml2.xsd" identifier="uva-general-rules-1114-nl-qti_819060241_section_1_item_1_schoice" title="1" adaptive="false" timeDependent="false" xmlns="http://www.imsglobal.org/xsd/imsqti_v2p1" xmlns:xsi="http://www.w3.org/2001/XMLSchema-instance">
<responseDeclaration identifier="uva-general-rules-1114-nl-qti_819060241_section_1_item_1_schoice_RESPONSE_1_9467049" cardinality="single" baseType="identifier">
<correctResponse>
<value>uva-general-rules-1114-nl-qti_819060241_section_1_item_1_schoice_4_4590057839</value>
</correctResponse>
<mapping defaultValue="0" lowerBound="0.0">
<mapEntry mapKey="uva-general-rules-1114-nl-qti_819060241_section_1_item_1_schoice_1_6345720459" mappedValue="0"/>
<mapEntry mapKey="uva-general-rules-1114-nl-qti_819060241_section_1_item_1_schoice_2_8588847097" mappedValue="0"/>
<mapEntry mapKey="uva-general-rules-1114-nl-qti_819060241_section_1_item_1_schoice_3_2317291274" mappedValue="0"/>
<mapEntry mapKey="uva-general-rules-1114-nl-qti_819060241_section_1_item_1_schoice_4_4590057839" mappedValue="1"/>
</mapping>
</responseDeclaration>
<outcomeDeclaration identifier="SCORE" cardinality="single" baseType="float" normalMaximum="1" normalMinimum="0">
<defaultValue>
<value>0.0</value>
</defaultValue>
</outcomeDeclaration>
<outcomeDeclaration identifier="MAXSCORE" cardinality="single" baseType="float">
<defaultValue>
<value>1</value>
</defaultValue>
</outcomeDeclaration>
<outcomeDeclaration identifier="FEEDBACKBASIC" cardinality="single" baseType="identifier" view="testConstructor">
<defaultValue>
<value>empty</value>
</defaultValue>
</outcomeDeclaration>
<outcomeDeclaration identifier="FEEDBACKMODAL" cardinality="multiple" baseType="identifier" view="testConstructor"/>
<outcomeDeclaration identifier="SOLUTIONMODAL" cardinality="single" baseType="identifier" view="testConstructor"/>
<outcomeDeclaration identifier="MINSCORE" cardinality="single" baseType="float">
<defaultValue>
<value baseType="float">0</value>
</defaultValue>
</outcomeDeclaration>
<outcomeDeclaration identifier="SCORE_RESPONSE_1" cardinality="single" baseType="float">
<defaultValue>
<value>0.0</value>
</defaultValue>
</outcomeDeclaration>
<outcomeDeclaration identifier="MINSCORE_RESPONSE_1" cardinality="single" baseType="float">
<defaultValue>
<value>0.0</value>
</defaultValue>
</outcomeDeclaration>
<itemBody>
<p>Daan en Marieke zijn van plan om samen een cruise te maken. Maar ze
wonen in verschillende steden in de VS. De cruise vertrekt vanuit New
York. Ze moeten naar New York vliegen en op tijd bij het schip aankomen.
Volgens hun reisplan is de kans dat de vlucht van Daan op tijd zal zijn
65%, en voor Mariekes vlucht is die kans 75%. We nemen aan dat de
gebeurtenissen onafhankelijk van elkaar zijn. Hoe groot is dan de kans
dat één van hen op tijd arriveert?</p>
<choiceInteraction responseIdentifier="uva-general-rules-1114-nl-qti_819060241_section_1_item_1_schoice_RESPONSE_1_9467049" shuffle="false" maxChoices="1">
<simpleChoice identifier="uva-general-rules-1114-nl-qti_819060241_section_1_item_1_schoice_1_6345720459">
<p>
 0,15
</p>
</simpleChoice>
<simpleChoice identifier="uva-general-rules-1114-nl-qti_819060241_section_1_item_1_schoice_2_8588847097">
<p>
 0,49
</p>
</simpleChoice>
<simpleChoice identifier="uva-general-rules-1114-nl-qti_819060241_section_1_item_1_schoice_3_2317291274">
<p>
 0,75
</p>
</simpleChoice>
<simpleChoice identifier="uva-general-rules-1114-nl-qti_819060241_section_1_item_1_schoice_4_4590057839">
<p>
 0,91
</p>
</simpleChoice>
</choiceInteraction>
</itemBody>
<responseProcessing>
<setOutcomeValue identifier="SCORE_RESPONSE_1">
<sum>
<variable identifier="SCORE_RESPONSE_1"/>
<mapResponse identifier="uva-general-rules-1114-nl-qti_819060241_section_1_item_1_schoice_RESPONSE_1_9467049"/>
</sum>
</setOutcomeValue>
<responseCondition>
<responseIf>
<lt>
<variable identifier="SCORE_RESPONSE_1"/>
<variable identifier="MINSCORE_RESPONSE_1"/>
</lt>
<setOutcomeValue identifier="SCORE_RESPONSE_1">
<variable identifier="MINSCORE_RESPONSE_1"/>
</setOutcomeValue>
</responseIf>
</responseCondition>
<responseCondition>
<responseIf>
<isNull>
<variable identifier="uva-general-rules-1114-nl-qti_819060241_section_1_item_1_schoice_RESPONSE_1_9467049"/>
</isNull>
<setOutcomeValue identifier="SCORE_RESPONSE_1">
<sum>
<variable identifier="SCORE_RESPONSE_1"/>
<baseValue baseType="float">0</baseValue>
</sum>
</setOutcomeValue>
</responseIf>
</responseCondition>
<setOutcomeValue identifier="SCORE">
<sum>
<variable identifier="SCORE_RESPONSE_1"/>
</sum>
</setOutcomeValue>
<responseCondition>
<responseIf>
<lt>
<variable identifier="SCORE"/>
<variable identifier="MINSCORE"/>
</lt>
<setOutcomeValue identifier="SCORE">
<variable identifier="MINSCORE"/>
</setOutcomeValue>
</responseIf>
</responseCondition>
<responseCondition>
<responseIf>
<lt>
<variable identifier="SCORE"/>
<baseValue baseType="float">1</baseValue>
</lt>
<setOutcomeValue identifier="FEEDBACKMODAL">
<multiple>
<variable identifier="FEEDBACKMODAL"/>
<baseValue baseType="identifier">Feedback411562957</baseValue>
</multiple>
</setOutcomeValue>
</responseIf>
</responseCondition>
</responseProcessing>
<modalFeedback identifier="Feedback411562957" outcomeIdentifier="FEEDBACKMODAL" showHide="show">
<ul>
<li> 0,15 <br /> 0,15: Incorrect </li>
<li> 0,49 <br /> 0,49: Incorrect </li>
<li> 0,75 <br /> 0,75: Incorrect </li>
<li> 0,91 <br /> 0,91: Correct </li>
</ul>
</modalFeedback>
</assessmentItem>
