<?xml version="1.0" encoding="utf-8" standalone="yes"?>
<assessmentItem identifier="uva-inferential-statistics-3-en-tv_202601131821_item_1_schoice" title="uva-inferential-statistics-3-en-tv_202601131821_item_1_schoice_uva-inferential-statistics-3-en" adaptive="false" timeDependent="false" toolName="Testvision Online" toolVersion="39.0.9084" xmlns="http://www.imsglobal.org/xsd/imsqti_v2p1">
<responseDeclaration identifier="RESPONSE" cardinality="single" baseType="identifier">
<correctResponse>
<value>alt_126110</value>
</correctResponse>
<mapping defaultValue="0" lowerBound="0.0">
<mapEntry mapKey="alt_126110" mappedValue="1"/>
<mapEntry mapKey="alt_714144" mappedValue="-0.5"/>
<mapEntry mapKey="alt_137421" mappedValue="-0.5"/>
</mapping>
</responseDeclaration>
<outcomeDeclaration identifier="SCORE" cardinality="single" baseType="float" normalMaximum="1" normalMinimum="0" />
<outcomeDeclaration identifier="FEEDBACK" cardinality="single" baseType="identifier" />
<stylesheet href="css/uva-inferential-statistics-3-en-tv_202601131821_item_1_schoice.css" type="text/css" />
<itemBody>
<p>Simpson’s paradox is that the direction of the <em>slope</em> that describes the relationship between the <em>response</em> and <em>explanatory</em> variables greatly changes</p>
<choiceInteraction responseIdentifier="RESPONSE" shuffle="false" maxChoices="1">
<simpleChoice identifier="alt_126110">
<div class="textblock tvblock tvcss_1"><div class="rte_zone tveditor1">
 When splitting the data using a third (categorical) variable.
</div>
</div>
</simpleChoice>
<simpleChoice identifier="alt_714144">
<div class="textblock tvblock tvcss_1"><div class="rte_zone tveditor1">
 By splitting the data using the explanatory variable when there is a lurking variable.
</div>
</div>
</simpleChoice>
<simpleChoice identifier="alt_137421">
<div class="textblock tvblock tvcss_1"><div class="rte_zone tveditor1">
 By splitting the data using the response variable when there is a lurking variable.
</div>
</div>
</simpleChoice>
</choiceInteraction>
</itemBody>
<responseProcessing>
<responseCondition>
<responseIf>
<isNull>
<variable identifier="RESPONSE"/>
</isNull>
<setOutcomeValue identifier="SCORE">
<baseValue baseType="float">0.0</baseValue>
</setOutcomeValue>
<setOutcomeValue identifier="FEEDBACK">
<baseValue baseType="identifier">FAILURE</baseValue>
</setOutcomeValue>
</responseIf>
<responseElse>
<setOutcomeValue identifier="SCORE">
<mapResponse identifier="RESPONSE"/>
</setOutcomeValue>
<responseCondition>
<responseIf>
<equal toleranceMode="relative" tolerance="0.001">
<variable identifier="SCORE"/>
<variable identifier="MAXSCORE"/>
</equal>
<setOutcomeValue identifier="FEEDBACK">
<baseValue baseType="identifier">ANSWER_CORRECT</baseValue>
</setOutcomeValue>
</responseIf>
<responseElse>
<setOutcomeValue identifier="FEEDBACK">
<baseValue baseType="identifier">FAILURE</baseValue>
</setOutcomeValue>
</responseElse>
</responseCondition>
</responseElse>
</responseCondition>
</responseProcessing>
<modalFeedback identifier="FAILURE" outcomeIdentifier="FEEDBACK" showHide="show">
<div class="textblock tvblock tvcss_1"><div class="rte_zone tveditor1">
<ul>
<li> When splitting the data using a third (categorical) variable. <br /> When the data is split by a third (categorical) variable…: Correct </li>
<li> By splitting the data using the explanatory variable when there is a lurking variable. <br /> By splitting the data using the explanatory variable when there is a lurking variable…: Incorrect </li>
<li> By splitting the data using the response variable when there is a lurking variable. <br /> By splitting the data using the response variable when there is a lurking variable…: Incorrect </li>
</ul>
</div>
</div>
</modalFeedback>
<modalFeedback identifier="ANSWER_CORRECT" outcomeIdentifier="FEEDBACK" showHide="show">
<div class="textblock tvblock tvcss_1"><div class="rte_zone tveditor1">
<ul>
<li> When splitting the data using a third (categorical) variable. <br /> When the data is split by a third (categorical) variable…: Correct </li>
<li> By splitting the data using the explanatory variable when there is a lurking variable. <br /> By splitting the data using the explanatory variable when there is a lurking variable…: Incorrect </li>
<li> By splitting the data using the response variable when there is a lurking variable. <br /> By splitting the data using the response variable when there is a lurking variable…: Incorrect </li>
</ul>
</div>
</div>
</modalFeedback>
<modalFeedback identifier="PARTIAL_CORRECT" outcomeIdentifier="FEEDBACK" showHide="show">
<div class="textblock tvblock tvcss_1"><div class="rte_zone tveditor1">
<ul>
<li> When splitting the data using a third (categorical) variable. <br /> When the data is split by a third (categorical) variable…: Correct </li>
<li> By splitting the data using the explanatory variable when there is a lurking variable. <br /> By splitting the data using the explanatory variable when there is a lurking variable…: Incorrect </li>
<li> By splitting the data using the response variable when there is a lurking variable. <br /> By splitting the data using the response variable when there is a lurking variable…: Incorrect </li>
</ul>
</div>
</div>
</modalFeedback>
</assessmentItem>
