<?xml version="1.0" encoding="UTF-8"?>
<assessmentItem xsi:schemaLocation="http://www.imsglobal.org/xsd/imsqti_v2p1 http://www.imsglobal.org/xsd/qti/qtiv2p1/imsqti_v2p1p1.xsd http://www.w3.org/1998/Math/MathML http://www.w3.org/Math/XMLSchema/mathml2/mathml2.xsd" identifier="uva-expected-value-1134-en-ans_924519009_section_1_item_1_schoice" title="Probability_uva-expected-value-1134-en_uva-expected-value-1134-en_schoice_1" adaptive="false" timeDependent="false" xmlns="http://www.imsglobal.org/xsd/imsqti_v2p1" xmlns:xsi="http://www.w3.org/2001/XMLSchema-instance">
<responseDeclaration identifier="uva-expected-value-1134-en-ans_924519009_section_1_item_1_schoice_RESPONSE_1_2484054" cardinality="single" baseType="identifier">
<correctResponse>
<value>uva-expected-value-1134-en-ans_924519009_section_1_item_1_schoice_2_9559612043</value>
</correctResponse>
<mapping defaultValue="0" lowerBound="0.0">
<mapEntry mapKey="uva-expected-value-1134-en-ans_924519009_section_1_item_1_schoice_1_1643862699" mappedValue="0"/>
<mapEntry mapKey="uva-expected-value-1134-en-ans_924519009_section_1_item_1_schoice_2_9559612043" mappedValue="1"/>
<mapEntry mapKey="uva-expected-value-1134-en-ans_924519009_section_1_item_1_schoice_3_9839903442" mappedValue="0"/>
<mapEntry mapKey="uva-expected-value-1134-en-ans_924519009_section_1_item_1_schoice_4_6326153154" mappedValue="0"/>
</mapping>
</responseDeclaration>
<outcomeDeclaration identifier="SCORE" cardinality="single" baseType="float" normalMaximum="1" normalMinimum="0">
<defaultValue>
<value>0.0</value>
</defaultValue>
</outcomeDeclaration>
<outcomeDeclaration identifier="MAXSCORE" cardinality="single" baseType="float">
<defaultValue>
<value>1</value>
</defaultValue>
</outcomeDeclaration>
<outcomeDeclaration identifier="FEEDBACKBASIC" cardinality="single" baseType="identifier" view="testConstructor">
<defaultValue>
<value>empty</value>
</defaultValue>
</outcomeDeclaration>
<outcomeDeclaration identifier="FEEDBACKMODAL" cardinality="multiple" baseType="identifier" view="testConstructor"/>
<outcomeDeclaration identifier="SOLUTIONMODAL" cardinality="single" baseType="identifier" view="testConstructor"/>
<outcomeDeclaration identifier="MINSCORE" cardinality="single" baseType="float">
<defaultValue>
<value baseType="float">0</value>
</defaultValue>
</outcomeDeclaration>
<outcomeDeclaration identifier="SCORE_RESPONSE_1" cardinality="single" baseType="float">
<defaultValue>
<value>0.0</value>
</defaultValue>
</outcomeDeclaration>
<outcomeDeclaration identifier="MINSCORE_RESPONSE_1" cardinality="single" baseType="float">
<defaultValue>
<value>0.0</value>
</defaultValue>
</outcomeDeclaration>
<itemBody>
<p>The probability of winning €2 in a gambling game is 0.3 and the probability of losing €1 is 0.7. What is the expected amount a player will win or lose per gamble if he plays the gambling game for an extended period of time?</p>
<choiceInteraction responseIdentifier="uva-expected-value-1134-en-ans_924519009_section_1_item_1_schoice_RESPONSE_1_2484054" shuffle="false" maxChoices="1">
<simpleChoice identifier="uva-expected-value-1134-en-ans_924519009_section_1_item_1_schoice_1_1643862699">
<p>
 <ul>
<li>€ 0.70 (loss)</li>
</ul>
</p>
</simpleChoice>
<simpleChoice identifier="uva-expected-value-1134-en-ans_924519009_section_1_item_1_schoice_2_9559612043">
<p>
 <ul>
<li>€ 0.10 (loss)</li>
</ul>
</p>
</simpleChoice>
<simpleChoice identifier="uva-expected-value-1134-en-ans_924519009_section_1_item_1_schoice_3_9839903442">
<p>
 € 0.30 (profit)
</p>
</simpleChoice>
<simpleChoice identifier="uva-expected-value-1134-en-ans_924519009_section_1_item_1_schoice_4_6326153154">
<p>
 € 0.70 (profit)
</p>
</simpleChoice>
</choiceInteraction>
</itemBody>
<responseProcessing>
<setOutcomeValue identifier="SCORE_RESPONSE_1">
<sum>
<variable identifier="SCORE_RESPONSE_1"/>
<mapResponse identifier="uva-expected-value-1134-en-ans_924519009_section_1_item_1_schoice_RESPONSE_1_2484054"/>
</sum>
</setOutcomeValue>
<responseCondition>
<responseIf>
<lt>
<variable identifier="SCORE_RESPONSE_1"/>
<variable identifier="MINSCORE_RESPONSE_1"/>
</lt>
<setOutcomeValue identifier="SCORE_RESPONSE_1">
<variable identifier="MINSCORE_RESPONSE_1"/>
</setOutcomeValue>
</responseIf>
</responseCondition>
<responseCondition>
<responseIf>
<isNull>
<variable identifier="uva-expected-value-1134-en-ans_924519009_section_1_item_1_schoice_RESPONSE_1_2484054"/>
</isNull>
<setOutcomeValue identifier="SCORE_RESPONSE_1">
<sum>
<variable identifier="SCORE_RESPONSE_1"/>
<baseValue baseType="float">0</baseValue>
</sum>
</setOutcomeValue>
</responseIf>
</responseCondition>
<setOutcomeValue identifier="SCORE">
<sum>
<variable identifier="SCORE_RESPONSE_1"/>
</sum>
</setOutcomeValue>
<responseCondition>
<responseIf>
<lt>
<variable identifier="SCORE"/>
<variable identifier="MINSCORE"/>
</lt>
<setOutcomeValue identifier="SCORE">
<variable identifier="MINSCORE"/>
</setOutcomeValue>
</responseIf>
</responseCondition>
<responseCondition>
<responseIf>
<lt>
<variable identifier="SCORE"/>
<baseValue baseType="float">1</baseValue>
</lt>
<setOutcomeValue identifier="FEEDBACKMODAL">
<multiple>
<variable identifier="FEEDBACKMODAL"/>
<baseValue baseType="identifier">Feedback963090726</baseValue>
</multiple>
</setOutcomeValue>
</responseIf>
</responseCondition>
</responseProcessing>
<modalFeedback outcomeIdentifier="FEEDBACK" showHide="show" identifier="incorrect">
<ul>
<li> <ul>
<li>€ 0.70 (loss)</li>
</ul> <br /> <ul>
<li>€0.70 (loss): Incorrect</li>
</ul> </li>
<li> <ul>
<li>€ 0.10 (loss)</li>
</ul> <br /> <ul>
<li>€ 0.10 (loss): Correct</li>
</ul> </li>
<li> € 0.30 (profit) <br /> € 0.30 (profit): Incorrect </li>
<li> € 0.70 (profit) <br /> € 0.70 (profit): Incorrect </li>
</ul>
</modalFeedback>
</assessmentItem>
