<?xml version="1.0" encoding="UTF-8"?>
<assessmentItem xsi:schemaLocation="http://www.imsglobal.org/xsd/imsqti_v2p1 http://www.imsglobal.org/xsd/qti/qtiv2p1/imsqti_v2p1p1.xsd http://www.w3.org/1998/Math/MathML http://www.w3.org/Math/XMLSchema/mathml2/mathml2.xsd" identifier="vufsw-cronbachsalpha-0044-nl-qti_674979702_section_1_item_1_schoice" title="1" adaptive="false" timeDependent="false" xmlns="http://www.imsglobal.org/xsd/imsqti_v2p1" xmlns:xsi="http://www.w3.org/2001/XMLSchema-instance">
<responseDeclaration identifier="vufsw-cronbachsalpha-0044-nl-qti_674979702_section_1_item_1_schoice_RESPONSE_1_8982486" cardinality="single" baseType="identifier">
<correctResponse>
<value>vufsw-cronbachsalpha-0044-nl-qti_674979702_section_1_item_1_schoice_3_8952856055</value>
</correctResponse>
<mapping defaultValue="0" lowerBound="0.0">
<mapEntry mapKey="vufsw-cronbachsalpha-0044-nl-qti_674979702_section_1_item_1_schoice_1_3186623876" mappedValue="0"/>
<mapEntry mapKey="vufsw-cronbachsalpha-0044-nl-qti_674979702_section_1_item_1_schoice_2_3399464154" mappedValue="0"/>
<mapEntry mapKey="vufsw-cronbachsalpha-0044-nl-qti_674979702_section_1_item_1_schoice_3_8952856055" mappedValue="1"/>
<mapEntry mapKey="vufsw-cronbachsalpha-0044-nl-qti_674979702_section_1_item_1_schoice_4_4282186815" mappedValue="0"/>
</mapping>
</responseDeclaration>
<outcomeDeclaration identifier="SCORE" cardinality="single" baseType="float" normalMaximum="1" normalMinimum="0">
<defaultValue>
<value>0.0</value>
</defaultValue>
</outcomeDeclaration>
<outcomeDeclaration identifier="MAXSCORE" cardinality="single" baseType="float">
<defaultValue>
<value>1</value>
</defaultValue>
</outcomeDeclaration>
<outcomeDeclaration identifier="FEEDBACKBASIC" cardinality="single" baseType="identifier" view="testConstructor">
<defaultValue>
<value>empty</value>
</defaultValue>
</outcomeDeclaration>
<outcomeDeclaration identifier="FEEDBACKMODAL" cardinality="multiple" baseType="identifier" view="testConstructor"/>
<outcomeDeclaration identifier="MINSCORE" cardinality="single" baseType="float">
<defaultValue>
<value baseType="float">0</value>
</defaultValue>
</outcomeDeclaration>
<outcomeDeclaration identifier="SCORE_RESPONSE_1" cardinality="single" baseType="float">
<defaultValue>
<value>0.0</value>
</defaultValue>
</outcomeDeclaration>
<outcomeDeclaration identifier="MINSCORE_RESPONSE_1" cardinality="single" baseType="float">
<defaultValue>
<value>0.0</value>
</defaultValue>
</outcomeDeclaration>
<itemBody>
<p>Een afstudeerder heeft voor zijn scriptieonderzoek de mate van
zelfvertrouwen van studenten gemeten met een schaal die bestaat uit 6
items en die loopt van 1 (weinig zelfvertrouwen) tot en met 10 (veel
zelfvertrouwen). De Cronbach’s alpha van deze schaal is 0,78.</p>
<p>De Cronbach’s alpha zou verhoogd kunnen worden door…</p>
<choiceInteraction responseIdentifier="vufsw-cronbachsalpha-0044-nl-qti_674979702_section_1_item_1_schoice_RESPONSE_1_8982486" shuffle="false" maxChoices="1">
<simpleChoice identifier="vufsw-cronbachsalpha-0044-nl-qti_674979702_section_1_item_1_schoice_1_3186623876">
<p>
a. Extra respondenten in het onderzoek mee te nemen (N te vergroten).
</p>
</simpleChoice>
<simpleChoice identifier="vufsw-cronbachsalpha-0044-nl-qti_674979702_section_1_item_1_schoice_2_3399464154">
<p>
b. Als kritieke grens een z-score van 1,96 te gebruiken, in plaats van 2.
</p>
</simpleChoice>
<simpleChoice identifier="vufsw-cronbachsalpha-0044-nl-qti_674979702_section_1_item_1_schoice_3_8952856055">
<p>
c. Een item met een waarde van 0,82 bij “Cronbach’s alpha if item deleted” te verwijderen.
</p>
</simpleChoice>
<simpleChoice identifier="vufsw-cronbachsalpha-0044-nl-qti_674979702_section_1_item_1_schoice_4_4282186815">
<p>
d. Een item met een hoge positieve “Corrected item-total correlation” te verwijderen.
</p>
</simpleChoice>
</choiceInteraction>
</itemBody>
<responseProcessing>
<responseCondition>
<responseIf>
<isNull>
<variable identifier="vufsw-cronbachsalpha-0044-nl-qti_674979702_section_1_item_1_schoice_RESPONSE_1_8982486"/>
</isNull>
<setOutcomeValue identifier="SCORE_RESPONSE_1">
<sum>
<variable identifier="SCORE_RESPONSE_1"/>
<baseValue baseType="float">0</baseValue>
</sum>
</setOutcomeValue>
</responseIf>
</responseCondition>
<setOutcomeValue identifier="SCORE_RESPONSE_1">
<sum>
<variable identifier="SCORE_RESPONSE_1"/>
<mapResponse identifier="vufsw-cronbachsalpha-0044-nl-qti_674979702_section_1_item_1_schoice_RESPONSE_1_8982486"/>
</sum>
</setOutcomeValue>
<responseCondition>
<responseIf>
<lt>
<variable identifier="SCORE_RESPONSE_1"/>
<variable identifier="MINSCORE_RESPONSE_1"/>
</lt>
<setOutcomeValue identifier="SCORE_RESPONSE_1">
<variable identifier="MINSCORE_RESPONSE_1"/>
</setOutcomeValue>
</responseIf>
</responseCondition>
<setOutcomeValue identifier="SCORE">
<sum>
<variable identifier="SCORE_RESPONSE_1"/>
</sum>
</setOutcomeValue>
<responseCondition>
<responseIf>
<lt>
<variable identifier="SCORE"/>
<variable identifier="MINSCORE"/>
</lt>
<setOutcomeValue identifier="SCORE">
<variable identifier="MINSCORE"/>
</setOutcomeValue>
</responseIf>
</responseCondition>
<responseCondition>
<responseIf>
<lt>
<variable identifier="SCORE"/>
<baseValue baseType="float">1</baseValue>
</lt>
<setOutcomeValue identifier="FEEDBACKMODAL">
<multiple>
<variable identifier="FEEDBACKMODAL"/>
<baseValue baseType="identifier">Feedback189049624</baseValue>
</multiple>
</setOutcomeValue>
</responseIf>
</responseCondition>
</responseProcessing>
<modalFeedback identifier="Feedback189049624" outcomeIdentifier="FEEDBACKMODAL" showHide="show">
<p>Language<br />
Nederlands</p>
<p>M&amp;T Basics of quantitative research<br />
Basics of quantitative research</p>
<p>M&amp;T BIS<br />
Default value</p>
<br />
<ol type = "a">
<li> Extra respondenten in het onderzoek mee te nemen (N te vergroten). <br /> False </li>
<li> Als kritieke grens een z-score van 1,96 te gebruiken, in plaats van 2. <br /> False </li>
<li> Een item met een waarde van 0,82 bij “Cronbach’s alpha if item deleted” te verwijderen. <br /> True </li>
<li> Een item met een hoge positieve “Corrected item-total correlation” te verwijderen. <br /> False </li>
</ol>
</modalFeedback>
</assessmentItem>
