<?xml version="1.0" encoding="UTF-8"?>
<assessmentItem xsi:schemaLocation="http://www.imsglobal.org/xsd/imsqti_v2p1 http://www.imsglobal.org/xsd/qti/qtiv2p1/imsqti_v2p1p1.xsd http://www.w3.org/1998/Math/MathML http://www.w3.org/Math/XMLSchema/mathml2/mathml2.xsd" identifier="vufgb-regression-010-en-ans_997216876_section_1_item_1_schoice" title="Inferential_Statistics_vufgb-regression-010-en_vufgb-regression-010-en_schoice_1" adaptive="false" timeDependent="false" xmlns="http://www.imsglobal.org/xsd/imsqti_v2p1" xmlns:xsi="http://www.w3.org/2001/XMLSchema-instance">
<responseDeclaration identifier="vufgb-regression-010-en-ans_997216876_section_1_item_1_schoice_RESPONSE_1_2828879" cardinality="single" baseType="identifier">
<correctResponse>
<value>vufgb-regression-010-en-ans_997216876_section_1_item_1_schoice_1_4187708985</value>
</correctResponse>
<mapping defaultValue="0" lowerBound="0.0">
<mapEntry mapKey="vufgb-regression-010-en-ans_997216876_section_1_item_1_schoice_1_4187708985" mappedValue="1"/>
<mapEntry mapKey="vufgb-regression-010-en-ans_997216876_section_1_item_1_schoice_2_1142328995" mappedValue="0"/>
<mapEntry mapKey="vufgb-regression-010-en-ans_997216876_section_1_item_1_schoice_3_5039719491" mappedValue="0"/>
<mapEntry mapKey="vufgb-regression-010-en-ans_997216876_section_1_item_1_schoice_4_8159601895" mappedValue="0"/>
</mapping>
</responseDeclaration>
<outcomeDeclaration identifier="SCORE" cardinality="single" baseType="float" normalMaximum="1" normalMinimum="0">
<defaultValue>
<value>0.0</value>
</defaultValue>
</outcomeDeclaration>
<outcomeDeclaration identifier="MAXSCORE" cardinality="single" baseType="float">
<defaultValue>
<value>1</value>
</defaultValue>
</outcomeDeclaration>
<outcomeDeclaration identifier="FEEDBACKBASIC" cardinality="single" baseType="identifier" view="testConstructor">
<defaultValue>
<value>empty</value>
</defaultValue>
</outcomeDeclaration>
<outcomeDeclaration identifier="FEEDBACKMODAL" cardinality="multiple" baseType="identifier" view="testConstructor"/>
<outcomeDeclaration identifier="SOLUTIONMODAL" cardinality="single" baseType="identifier" view="testConstructor"/>
<outcomeDeclaration identifier="MINSCORE" cardinality="single" baseType="float">
<defaultValue>
<value baseType="float">0</value>
</defaultValue>
</outcomeDeclaration>
<outcomeDeclaration identifier="SCORE_RESPONSE_1" cardinality="single" baseType="float">
<defaultValue>
<value>0.0</value>
</defaultValue>
</outcomeDeclaration>
<outcomeDeclaration identifier="MINSCORE_RESPONSE_1" cardinality="single" baseType="float">
<defaultValue>
<value>0.0</value>
</defaultValue>
</outcomeDeclaration>
<itemBody>
<p>Givand is a multiple regression model with two predictors <span class="math inline">\(x_{1}\)</span> and <span class="math inline">\(x_{2}\)</span> zonder interactie: <span class="math inline">\(\hat{y} = a+b_{1}x_{1}+b_{2}x_{2}\)</span>. Hoe ziand de regressielijnand er uit voor verschillandde waardes van <span class="math inline">\(x_{2}\)</span>? De regressielijnand verschilland…</p>
<choiceInteraction responseIdentifier="vufgb-regression-010-en-ans_997216876_section_1_item_1_schoice_RESPONSE_1_2828879" shuffle="false" maxChoices="1">
<simpleChoice identifier="vufgb-regression-010-en-ans_997216876_section_1_item_1_schoice_1_4187708985">
<p>
 Alleand voor het intercept, maar niet voor de slope.
</p>
</simpleChoice>
<simpleChoice identifier="vufgb-regression-010-en-ans_997216876_section_1_item_1_schoice_2_1142328995">
<p>
 Alleand voor de slope, maar niet voor het intercept.
</p>
</simpleChoice>
<simpleChoice identifier="vufgb-regression-010-en-ans_997216876_section_1_item_1_schoice_3_5039719491">
<p>
 Zowel voor intercept als slope.
</p>
</simpleChoice>
<simpleChoice identifier="vufgb-regression-010-en-ans_997216876_section_1_item_1_schoice_4_8159601895">
<p>
 De regressielijnand verschilland niet van elkaar.
</p>
</simpleChoice>
</choiceInteraction>
</itemBody>
<responseProcessing>
<setOutcomeValue identifier="SCORE_RESPONSE_1">
<sum>
<variable identifier="SCORE_RESPONSE_1"/>
<mapResponse identifier="vufgb-regression-010-en-ans_997216876_section_1_item_1_schoice_RESPONSE_1_2828879"/>
</sum>
</setOutcomeValue>
<responseCondition>
<responseIf>
<lt>
<variable identifier="SCORE_RESPONSE_1"/>
<variable identifier="MINSCORE_RESPONSE_1"/>
</lt>
<setOutcomeValue identifier="SCORE_RESPONSE_1">
<variable identifier="MINSCORE_RESPONSE_1"/>
</setOutcomeValue>
</responseIf>
</responseCondition>
<responseCondition>
<responseIf>
<isNull>
<variable identifier="vufgb-regression-010-en-ans_997216876_section_1_item_1_schoice_RESPONSE_1_2828879"/>
</isNull>
<setOutcomeValue identifier="SCORE_RESPONSE_1">
<sum>
<variable identifier="SCORE_RESPONSE_1"/>
<baseValue baseType="float">0</baseValue>
</sum>
</setOutcomeValue>
</responseIf>
</responseCondition>
<setOutcomeValue identifier="SCORE">
<sum>
<variable identifier="SCORE_RESPONSE_1"/>
</sum>
</setOutcomeValue>
<responseCondition>
<responseIf>
<lt>
<variable identifier="SCORE"/>
<variable identifier="MINSCORE"/>
</lt>
<setOutcomeValue identifier="SCORE">
<variable identifier="MINSCORE"/>
</setOutcomeValue>
</responseIf>
</responseCondition>
<responseCondition>
<responseIf>
<lt>
<variable identifier="SCORE"/>
<baseValue baseType="float">1</baseValue>
</lt>
<setOutcomeValue identifier="FEEDBACKMODAL">
<multiple>
<variable identifier="FEEDBACKMODAL"/>
<baseValue baseType="identifier">Feedback507272220</baseValue>
</multiple>
</setOutcomeValue>
</responseIf>
</responseCondition>
</responseProcessing>
<modalFeedback outcomeIdentifier="FEEDBACK" showHide="show" identifier="incorrect">
<ul>
<li> Alleand voor het intercept, maar niet voor de slope. <br /> Correct </li>
<li> Alleand voor de slope, maar niet voor het intercept. <br /> Incorrect </li>
<li> Zowel voor intercept als slope. <br /> Incorrect </li>
<li> De regressielijnand verschilland niet van elkaar. <br /> Incorrect </li>
</ul>
</modalFeedback>
</assessmentItem>
