<?xml version="1.0" encoding="UTF-8"?>
<assessmentItem xsi:schemaLocation="http://www.imsglobal.org/xsd/imsqti_v2p1 http://www.imsglobal.org/xsd/qti/qtiv2p1/imsqti_v2p1p1.xsd http://www.w3.org/1998/Math/MathML http://www.w3.org/Math/XMLSchema/mathml2/mathml2.xsd" identifier="vufgb-samplingdistributions-015-nl-qti_193474106_section_1_item_1_schoice" title="1" adaptive="false" timeDependent="false" xmlns="http://www.imsglobal.org/xsd/imsqti_v2p1" xmlns:xsi="http://www.w3.org/2001/XMLSchema-instance">
<responseDeclaration identifier="vufgb-samplingdistributions-015-nl-qti_193474106_section_1_item_1_schoice_RESPONSE_1_5148456" cardinality="single" baseType="identifier">
<correctResponse>
<value>vufgb-samplingdistributions-015-nl-qti_193474106_section_1_item_1_schoice_3_4039321327</value>
</correctResponse>
<mapping defaultValue="0" lowerBound="0.0">
<mapEntry mapKey="vufgb-samplingdistributions-015-nl-qti_193474106_section_1_item_1_schoice_1_1125691365" mappedValue="0"/>
<mapEntry mapKey="vufgb-samplingdistributions-015-nl-qti_193474106_section_1_item_1_schoice_2_1299524283" mappedValue="0"/>
<mapEntry mapKey="vufgb-samplingdistributions-015-nl-qti_193474106_section_1_item_1_schoice_3_4039321327" mappedValue="1"/>
<mapEntry mapKey="vufgb-samplingdistributions-015-nl-qti_193474106_section_1_item_1_schoice_4_5363595823" mappedValue="0"/>
</mapping>
</responseDeclaration>
<outcomeDeclaration identifier="SCORE" cardinality="single" baseType="float" normalMaximum="1" normalMinimum="0">
<defaultValue>
<value>0.0</value>
</defaultValue>
</outcomeDeclaration>
<outcomeDeclaration identifier="MAXSCORE" cardinality="single" baseType="float">
<defaultValue>
<value>1</value>
</defaultValue>
</outcomeDeclaration>
<outcomeDeclaration identifier="FEEDBACKBASIC" cardinality="single" baseType="identifier" view="testConstructor">
<defaultValue>
<value>empty</value>
</defaultValue>
</outcomeDeclaration>
<outcomeDeclaration identifier="FEEDBACKMODAL" cardinality="multiple" baseType="identifier" view="testConstructor"/>
<outcomeDeclaration identifier="SOLUTIONMODAL" cardinality="single" baseType="identifier" view="testConstructor"/>
<outcomeDeclaration identifier="MINSCORE" cardinality="single" baseType="float">
<defaultValue>
<value baseType="float">0</value>
</defaultValue>
</outcomeDeclaration>
<outcomeDeclaration identifier="SCORE_RESPONSE_1" cardinality="single" baseType="float">
<defaultValue>
<value>0.0</value>
</defaultValue>
</outcomeDeclaration>
<outcomeDeclaration identifier="MINSCORE_RESPONSE_1" cardinality="single" baseType="float">
<defaultValue>
<value>0.0</value>
</defaultValue>
</outcomeDeclaration>
<itemBody>
<p>Vul in:</p>
<p>Een <strong>puntschatter</strong> is een voorspelling voor de …..I……. Een <strong>intervalschatter</strong> houdt rekening met de foutenmarge en in het midden van dit interval ligt de ….II…..</p>
<choiceInteraction responseIdentifier="vufgb-samplingdistributions-015-nl-qti_193474106_section_1_item_1_schoice_RESPONSE_1_5148456" shuffle="false" maxChoices="1">
<simpleChoice identifier="vufgb-samplingdistributions-015-nl-qti_193474106_section_1_item_1_schoice_1_1125691365">
<p>
 I: steekproefgrootheid, II: steekproefgrootheid
</p>
</simpleChoice>
<simpleChoice identifier="vufgb-samplingdistributions-015-nl-qti_193474106_section_1_item_1_schoice_2_1299524283">
<p>
 I: steekproefgrootheid, II: populatiewaarde
</p>
</simpleChoice>
<simpleChoice identifier="vufgb-samplingdistributions-015-nl-qti_193474106_section_1_item_1_schoice_3_4039321327">
<p>
 I: populatiewaarde, II: steekproefgrootheid
</p>
</simpleChoice>
<simpleChoice identifier="vufgb-samplingdistributions-015-nl-qti_193474106_section_1_item_1_schoice_4_5363595823">
<p>
 I: populatiewaarde, II: populatiewaarde
</p>
</simpleChoice>
</choiceInteraction>
</itemBody>
<responseProcessing>
<setOutcomeValue identifier="SCORE_RESPONSE_1">
<sum>
<variable identifier="SCORE_RESPONSE_1"/>
<mapResponse identifier="vufgb-samplingdistributions-015-nl-qti_193474106_section_1_item_1_schoice_RESPONSE_1_5148456"/>
</sum>
</setOutcomeValue>
<responseCondition>
<responseIf>
<lt>
<variable identifier="SCORE_RESPONSE_1"/>
<variable identifier="MINSCORE_RESPONSE_1"/>
</lt>
<setOutcomeValue identifier="SCORE_RESPONSE_1">
<variable identifier="MINSCORE_RESPONSE_1"/>
</setOutcomeValue>
</responseIf>
</responseCondition>
<responseCondition>
<responseIf>
<isNull>
<variable identifier="vufgb-samplingdistributions-015-nl-qti_193474106_section_1_item_1_schoice_RESPONSE_1_5148456"/>
</isNull>
<setOutcomeValue identifier="SCORE_RESPONSE_1">
<sum>
<variable identifier="SCORE_RESPONSE_1"/>
<baseValue baseType="float">0</baseValue>
</sum>
</setOutcomeValue>
</responseIf>
</responseCondition>
<setOutcomeValue identifier="SCORE">
<sum>
<variable identifier="SCORE_RESPONSE_1"/>
</sum>
</setOutcomeValue>
<responseCondition>
<responseIf>
<lt>
<variable identifier="SCORE"/>
<variable identifier="MINSCORE"/>
</lt>
<setOutcomeValue identifier="SCORE">
<variable identifier="MINSCORE"/>
</setOutcomeValue>
</responseIf>
</responseCondition>
<responseCondition>
<responseIf>
<lt>
<variable identifier="SCORE"/>
<baseValue baseType="float">1</baseValue>
</lt>
<setOutcomeValue identifier="FEEDBACKMODAL">
<multiple>
<variable identifier="FEEDBACKMODAL"/>
<baseValue baseType="identifier">Feedback805440797</baseValue>
</multiple>
</setOutcomeValue>
</responseIf>
</responseCondition>
</responseProcessing>
<modalFeedback identifier="Feedback805440797" outcomeIdentifier="FEEDBACKMODAL" showHide="show">
<ul>
<li> I: steekproefgrootheid, II: steekproefgrootheid <br /> Incorrect </li>
<li> I: steekproefgrootheid, II: populatiewaarde <br /> Incorrect </li>
<li> I: populatiewaarde, II: steekproefgrootheid <br /> Correct </li>
<li> I: populatiewaarde, II: populatiewaarde <br /> Incorrect </li>
</ul>
</modalFeedback>
</assessmentItem>
