<?xml version="1.0" encoding="UTF-8"?>
<assessmentItem xsi:schemaLocation="http://www.imsglobal.org/xsd/imsqti_v2p1 http://www.imsglobal.org/xsd/qti/qtiv2p1/imsqti_v2p1p1.xsd http://www.w3.org/1998/Math/MathML http://www.w3.org/Math/XMLSchema/mathml2/mathml2.xsd" identifier="uu-Power-835-nl-qti_831897704_section_1_item_1_schoice" title="1" adaptive="false" timeDependent="false" xmlns="http://www.imsglobal.org/xsd/imsqti_v2p1" xmlns:xsi="http://www.w3.org/2001/XMLSchema-instance">
<responseDeclaration identifier="uu-Power-835-nl-qti_831897704_section_1_item_1_schoice_RESPONSE_1_1341537" cardinality="single" baseType="identifier">
<correctResponse>
<value>uu-Power-835-nl-qti_831897704_section_1_item_1_schoice_4_5861389291</value>
</correctResponse>
<mapping defaultValue="0" lowerBound="0.0">
<mapEntry mapKey="uu-Power-835-nl-qti_831897704_section_1_item_1_schoice_1_3371611732" mappedValue="0"/>
<mapEntry mapKey="uu-Power-835-nl-qti_831897704_section_1_item_1_schoice_2_7644044094" mappedValue="0"/>
<mapEntry mapKey="uu-Power-835-nl-qti_831897704_section_1_item_1_schoice_3_3781580710" mappedValue="0"/>
<mapEntry mapKey="uu-Power-835-nl-qti_831897704_section_1_item_1_schoice_4_5861389291" mappedValue="1"/>
</mapping>
</responseDeclaration>
<outcomeDeclaration identifier="SCORE" cardinality="single" baseType="float" normalMaximum="1" normalMinimum="0">
<defaultValue>
<value>0.0</value>
</defaultValue>
</outcomeDeclaration>
<outcomeDeclaration identifier="MAXSCORE" cardinality="single" baseType="float">
<defaultValue>
<value>1</value>
</defaultValue>
</outcomeDeclaration>
<outcomeDeclaration identifier="FEEDBACKBASIC" cardinality="single" baseType="identifier" view="testConstructor">
<defaultValue>
<value>empty</value>
</defaultValue>
</outcomeDeclaration>
<outcomeDeclaration identifier="FEEDBACKMODAL" cardinality="multiple" baseType="identifier" view="testConstructor"/>
<outcomeDeclaration identifier="MINSCORE" cardinality="single" baseType="float">
<defaultValue>
<value baseType="float">0</value>
</defaultValue>
</outcomeDeclaration>
<outcomeDeclaration identifier="SCORE_RESPONSE_1" cardinality="single" baseType="float">
<defaultValue>
<value>0.0</value>
</defaultValue>
</outcomeDeclaration>
<outcomeDeclaration identifier="MINSCORE_RESPONSE_1" cardinality="single" baseType="float">
<defaultValue>
<value>0.0</value>
</defaultValue>
</outcomeDeclaration>
<itemBody>
<p>Welk van onderstaande stellingen is correct, aangenomen dat overige omstandigheden gelijk blijven?</p>
<p>I De power van een toets verandert als de steekproefomvang verandert.
II De power van een toets verandert als de kans op een fout van de eerste soort verandert.</p>
<choiceInteraction responseIdentifier="uu-Power-835-nl-qti_831897704_section_1_item_1_schoice_RESPONSE_1_1341537" shuffle="false" maxChoices="1">
<simpleChoice identifier="uu-Power-835-nl-qti_831897704_section_1_item_1_schoice_1_3371611732">
<p>
 Geen van beide stellingen is correct.
</p>
</simpleChoice>
<simpleChoice identifier="uu-Power-835-nl-qti_831897704_section_1_item_1_schoice_2_7644044094">
<p>
 Alleen stelling I is correct.
</p>
</simpleChoice>
<simpleChoice identifier="uu-Power-835-nl-qti_831897704_section_1_item_1_schoice_3_3781580710">
<p>
 Alleen stelling II is correct.
</p>
</simpleChoice>
<simpleChoice identifier="uu-Power-835-nl-qti_831897704_section_1_item_1_schoice_4_5861389291">
<p>
 Beide stellingen zijn correct.
</p>
</simpleChoice>
</choiceInteraction>
</itemBody>
<responseProcessing>
<responseCondition>
<responseIf>
<isNull>
<variable identifier="uu-Power-835-nl-qti_831897704_section_1_item_1_schoice_RESPONSE_1_1341537"/>
</isNull>
<setOutcomeValue identifier="SCORE_RESPONSE_1">
<sum>
<variable identifier="SCORE_RESPONSE_1"/>
<baseValue baseType="float">0</baseValue>
</sum>
</setOutcomeValue>
</responseIf>
</responseCondition>
<setOutcomeValue identifier="SCORE_RESPONSE_1">
<sum>
<variable identifier="SCORE_RESPONSE_1"/>
<mapResponse identifier="uu-Power-835-nl-qti_831897704_section_1_item_1_schoice_RESPONSE_1_1341537"/>
</sum>
</setOutcomeValue>
<responseCondition>
<responseIf>
<lt>
<variable identifier="SCORE_RESPONSE_1"/>
<variable identifier="MINSCORE_RESPONSE_1"/>
</lt>
<setOutcomeValue identifier="SCORE_RESPONSE_1">
<variable identifier="MINSCORE_RESPONSE_1"/>
</setOutcomeValue>
</responseIf>
</responseCondition>
<setOutcomeValue identifier="SCORE">
<sum>
<variable identifier="SCORE_RESPONSE_1"/>
</sum>
</setOutcomeValue>
<responseCondition>
<responseIf>
<lt>
<variable identifier="SCORE"/>
<variable identifier="MINSCORE"/>
</lt>
<setOutcomeValue identifier="SCORE">
<variable identifier="MINSCORE"/>
</setOutcomeValue>
</responseIf>
</responseCondition>
<responseCondition>
<responseIf>
<lt>
<variable identifier="SCORE"/>
<baseValue baseType="float">1</baseValue>
</lt>
<setOutcomeValue identifier="FEEDBACKMODAL">
<multiple>
<variable identifier="FEEDBACKMODAL"/>
<baseValue baseType="identifier">Feedback980591419</baseValue>
</multiple>
</setOutcomeValue>
</responseIf>
</responseCondition>
</responseProcessing>
<modalFeedback identifier="Feedback980591419" outcomeIdentifier="FEEDBACKMODAL" showHide="show">
 Geen van beide stellingen is correct. <br /> Dit antwoord is incorrect. 
 Alleen stelling I is correct. <br /> Dit antwoord is incorrect. 
 Alleen stelling II is correct. <br /> Dit antwoord is incorrect. 
 Beide stellingen zijn correct. <br /> Dit antwoord is correct. 
</modalFeedback>
</assessmentItem>
