<?xml version="1.0" encoding="utf-8" standalone="yes"?>
<assessmentItem identifier="uu-Residuals-801-en-tv_202209061502_item_1_string" title="uu-Residuals-801-en-tv_202209061502_item_1_string_uu-Residuals-801-en.Rmd" adaptive="false" timeDependent="false" toolName="Testvision Online" toolVersion="39.0.9084" xmlns="http://www.imsglobal.org/xsd/imsqti_v2p1">
<responseDeclaration identifier="RESPONSE" cardinality="single" baseType="string">
<correctResponse>
<value>Partially</value>
</correctResponse>
<mapping defaultValue="0">
<mapEntry mapKey="Partially" mappedValue="1" />
</mapping>
</responseDeclaration>
<outcomeDeclaration identifier="SCORE" cardinality="single" baseType="float" normalMaximum="1" normalMinimum="0" />
<outcomeDeclaration identifier="FEEDBACK" cardinality="single" baseType="identifier" />
<itemBody>
<p>Included in this question is part of the SPSS output from a multiple regression model from a dataset from the US National Center of Educational Statistics. This dataset is called High School Beyond and has data on variables related to students’ academic achievement. Specifically, the outcome variable for the regression model is “Math Score” which is predicted from “Locus of Control”, “Self-Concept”, and “Reading Score”.</p>
<p>Using only the information given below, provide information on three different types of outliers. For each type of outlier, give (1) the type of outlier; (2) which part of the output or which graph you used; and (3) whether there is cause for concern and why.</p>
<p><img src="mediafiles/supplements1/uu-Residuals-801-en-tabel.jpg" alt="image"/></p>
<extendedTextInteraction responseIdentifier="RESPONSE" expectedLength="12"/>
</itemBody>
<responseProcessing>
<responseCondition>
<responseIf>
<isNull>
<variable identifier="RESPONSE"/>
</isNull>
<setOutcomeValue identifier="SCORE">
<baseValue baseType="float">0.0</baseValue>
</setOutcomeValue>
<setOutcomeValue identifier="FEEDBACK">
<baseValue baseType="identifier">FAILURE</baseValue>
</setOutcomeValue>
</responseIf>
<responseElse>
<setOutcomeValue identifier="SCORE">
<mapResponse identifier="RESPONSE"/>
</setOutcomeValue>
<responseCondition>
<responseIf>
<equal toleranceMode="relative" tolerance="0.001">
<variable identifier="SCORE"/>
<variable identifier="MAXSCORE"/>
</equal>
<setOutcomeValue identifier="FEEDBACK">
<baseValue baseType="identifier">ANSWER_CORRECT</baseValue>
</setOutcomeValue>
</responseIf>
<responseElse>
<setOutcomeValue identifier="FEEDBACK">
<baseValue baseType="identifier">FAILURE</baseValue>
</setOutcomeValue>
</responseElse>
</responseCondition>
</responseElse>
</responseCondition>
</responseProcessing>
<modalFeedback identifier="FAILURE" outcomeIdentifier="FEEDBACK" showHide="show">
<div class="textblock tvblock tvcss_1"><div class="rte_zone tveditor1">
<p><math display="inline" xmlns="http://www.w3.org/1998/Math/MathML"><semantics><mi>x</mi><annotation encoding="application/x-tex">x</annotation></semantics></math>-space: Mahalanobis distance: <math display="inline" xmlns="http://www.w3.org/1998/Math/MathML"><semantics><mrow><mn>17.8</mn><mo>&gt;</mo><mn>16</mn></mrow><annotation encoding="application/x-tex">17.8&gt;16</annotation></semantics></math> therefore concern about outliers in <math display="inline" xmlns="http://www.w3.org/1998/Math/MathML"><semantics><mi>x</mi><annotation encoding="application/x-tex">x</annotation></semantics></math>-space.</p>
<p><math display="inline" xmlns="http://www.w3.org/1998/Math/MathML"><semantics><mi>y</mi><annotation encoding="application/x-tex">y</annotation></semantics></math>-space: Standardized residuals <math display="inline" xmlns="http://www.w3.org/1998/Math/MathML"><semantics><mrow><mo>&gt;</mo><mn>3.3</mn></mrow><annotation encoding="application/x-tex">&gt;3.3</annotation></semantics></math> or <math display="inline" xmlns="http://www.w3.org/1998/Math/MathML"><semantics><mrow><mo>&lt;</mo><mo>−</mo><mn>3.3</mn></mrow><annotation encoding="application/x-tex">&lt;-3.3</annotation></semantics></math>: This is not the case, therefore no concern.</p>
<p><math display="inline" xmlns="http://www.w3.org/1998/Math/MathML"><semantics><mrow><mi>x</mi><mi>y</mi></mrow><annotation encoding="application/x-tex">xy</annotation></semantics></math>-space: Cook’s distance <math display="inline" xmlns="http://www.w3.org/1998/Math/MathML"><semantics><mrow><mo>&gt;</mo><mn>1</mn></mrow><annotation encoding="application/x-tex">&gt;1</annotation></semantics></math>: This is not the case, therefore no concern.</p>
</div>
</div>
</modalFeedback>
<modalFeedback identifier="ANSWER_CORRECT" outcomeIdentifier="FEEDBACK" showHide="show">
<div class="textblock tvblock tvcss_1"><div class="rte_zone tveditor1">
<p><math display="inline" xmlns="http://www.w3.org/1998/Math/MathML"><semantics><mi>x</mi><annotation encoding="application/x-tex">x</annotation></semantics></math>-space: Mahalanobis distance: <math display="inline" xmlns="http://www.w3.org/1998/Math/MathML"><semantics><mrow><mn>17.8</mn><mo>&gt;</mo><mn>16</mn></mrow><annotation encoding="application/x-tex">17.8&gt;16</annotation></semantics></math> therefore concern about outliers in <math display="inline" xmlns="http://www.w3.org/1998/Math/MathML"><semantics><mi>x</mi><annotation encoding="application/x-tex">x</annotation></semantics></math>-space.</p>
<p><math display="inline" xmlns="http://www.w3.org/1998/Math/MathML"><semantics><mi>y</mi><annotation encoding="application/x-tex">y</annotation></semantics></math>-space: Standardized residuals <math display="inline" xmlns="http://www.w3.org/1998/Math/MathML"><semantics><mrow><mo>&gt;</mo><mn>3.3</mn></mrow><annotation encoding="application/x-tex">&gt;3.3</annotation></semantics></math> or <math display="inline" xmlns="http://www.w3.org/1998/Math/MathML"><semantics><mrow><mo>&lt;</mo><mo>−</mo><mn>3.3</mn></mrow><annotation encoding="application/x-tex">&lt;-3.3</annotation></semantics></math>: This is not the case, therefore no concern.</p>
<p><math display="inline" xmlns="http://www.w3.org/1998/Math/MathML"><semantics><mrow><mi>x</mi><mi>y</mi></mrow><annotation encoding="application/x-tex">xy</annotation></semantics></math>-space: Cook’s distance <math display="inline" xmlns="http://www.w3.org/1998/Math/MathML"><semantics><mrow><mo>&gt;</mo><mn>1</mn></mrow><annotation encoding="application/x-tex">&gt;1</annotation></semantics></math>: This is not the case, therefore no concern.</p>
</div>
</div>
</modalFeedback>
<modalFeedback identifier="PARTIAL_CORRECT" outcomeIdentifier="FEEDBACK" showHide="show">
<div class="textblock tvblock tvcss_1"><div class="rte_zone tveditor1">
<p><math display="inline" xmlns="http://www.w3.org/1998/Math/MathML"><semantics><mi>x</mi><annotation encoding="application/x-tex">x</annotation></semantics></math>-space: Mahalanobis distance: <math display="inline" xmlns="http://www.w3.org/1998/Math/MathML"><semantics><mrow><mn>17.8</mn><mo>&gt;</mo><mn>16</mn></mrow><annotation encoding="application/x-tex">17.8&gt;16</annotation></semantics></math> therefore concern about outliers in <math display="inline" xmlns="http://www.w3.org/1998/Math/MathML"><semantics><mi>x</mi><annotation encoding="application/x-tex">x</annotation></semantics></math>-space.</p>
<p><math display="inline" xmlns="http://www.w3.org/1998/Math/MathML"><semantics><mi>y</mi><annotation encoding="application/x-tex">y</annotation></semantics></math>-space: Standardized residuals <math display="inline" xmlns="http://www.w3.org/1998/Math/MathML"><semantics><mrow><mo>&gt;</mo><mn>3.3</mn></mrow><annotation encoding="application/x-tex">&gt;3.3</annotation></semantics></math> or <math display="inline" xmlns="http://www.w3.org/1998/Math/MathML"><semantics><mrow><mo>&lt;</mo><mo>−</mo><mn>3.3</mn></mrow><annotation encoding="application/x-tex">&lt;-3.3</annotation></semantics></math>: This is not the case, therefore no concern.</p>
<p><math display="inline" xmlns="http://www.w3.org/1998/Math/MathML"><semantics><mrow><mi>x</mi><mi>y</mi></mrow><annotation encoding="application/x-tex">xy</annotation></semantics></math>-space: Cook’s distance <math display="inline" xmlns="http://www.w3.org/1998/Math/MathML"><semantics><mrow><mo>&gt;</mo><mn>1</mn></mrow><annotation encoding="application/x-tex">&gt;1</annotation></semantics></math>: This is not the case, therefore no concern.</p>
</div>
</div>
</modalFeedback>
</assessmentItem>
