<?xml version="1.0" encoding="utf-8" standalone="yes"?>
<assessmentItem identifier="vufsw-mixeddesignanova-0322-en-tv_202601131821_item_1_schoice" title="vufsw-mixeddesignanova-0322-en-tv_202601131821_item_1_schoice_vufsw-mixeddesignanova-0322-en" adaptive="false" timeDependent="false" toolName="Testvision Online" toolVersion="39.0.9084" xmlns="http://www.imsglobal.org/xsd/imsqti_v2p1">
<responseDeclaration identifier="RESPONSE" cardinality="single" baseType="identifier">
<correctResponse>
<value>alt_730771</value>
</correctResponse>
<mapping defaultValue="0" lowerBound="0.0">
<mapEntry mapKey="alt_791223" mappedValue="-0.333333333333333"/>
<mapEntry mapKey="alt_112113" mappedValue="-0.333333333333333"/>
<mapEntry mapKey="alt_103077" mappedValue="-0.333333333333333"/>
<mapEntry mapKey="alt_730771" mappedValue="1"/>
</mapping>
</responseDeclaration>
<outcomeDeclaration identifier="SCORE" cardinality="single" baseType="float" normalMaximum="1" normalMinimum="0" />
<outcomeDeclaration identifier="FEEDBACK" cardinality="single" baseType="identifier" />
<stylesheet href="css/vufsw-mixeddesignanova-0322-en-tv_202601131821_item_1_schoice.css" type="text/css" />
<itemBody>
<p>In a study of positive outcomes of mindfulness training, researchers wanted to examine the extent to which the light in the room and the duration of the training affect how people rate the training. In addition, they are curious whether these effects depend on the gender of the subjects. To investigate this, the researchers are giving 9 weeks of mindfulness training to subjects, each night with a different light in the room and with a different duration of the training. The sizes of the different types of light are dark, medium and light, and the duration of the training sessions are short (1), medium (2) and long (3). The subjects had to give a grade after each workout about how they workout had experienced. What method of analysis is best for researchers to best to use?</p>
<choiceInteraction responseIdentifier="RESPONSE" shuffle="false" maxChoices="1">
<simpleChoice identifier="alt_791223">
<div class="textblock tvblock tvcss_1"><div class="rte_zone tveditor1">
 Repeated Measures ANOVA with light, duration and gender as within variables
</div>
</div>
</simpleChoice>
<simpleChoice identifier="alt_112113">
<div class="textblock tvblock tvcss_1"><div class="rte_zone tveditor1">
 Repeated Measures ANOVA with light and duration as within variables
</div>
</div>
</simpleChoice>
<simpleChoice identifier="alt_103077">
<div class="textblock tvblock tvcss_1"><div class="rte_zone tveditor1">
 Mixed design ANOVA with light and gender as within variables and duration as between variables
</div>
</div>
</simpleChoice>
<simpleChoice identifier="alt_730771">
<div class="textblock tvblock tvcss_1"><div class="rte_zone tveditor1">
 Mixed design ANOVA with light and duration as within variables and gender as between variables
</div>
</div>
</simpleChoice>
</choiceInteraction>
</itemBody>
<responseProcessing>
<responseCondition>
<responseIf>
<isNull>
<variable identifier="RESPONSE"/>
</isNull>
<setOutcomeValue identifier="SCORE">
<baseValue baseType="float">0.0</baseValue>
</setOutcomeValue>
<setOutcomeValue identifier="FEEDBACK">
<baseValue baseType="identifier">FAILURE</baseValue>
</setOutcomeValue>
</responseIf>
<responseElse>
<setOutcomeValue identifier="SCORE">
<mapResponse identifier="RESPONSE"/>
</setOutcomeValue>
<responseCondition>
<responseIf>
<equal toleranceMode="relative" tolerance="0.001">
<variable identifier="SCORE"/>
<variable identifier="MAXSCORE"/>
</equal>
<setOutcomeValue identifier="FEEDBACK">
<baseValue baseType="identifier">ANSWER_CORRECT</baseValue>
</setOutcomeValue>
</responseIf>
<responseElse>
<setOutcomeValue identifier="FEEDBACK">
<baseValue baseType="identifier">FAILURE</baseValue>
</setOutcomeValue>
</responseElse>
</responseCondition>
</responseElse>
</responseCondition>
</responseProcessing>
<modalFeedback identifier="FAILURE" outcomeIdentifier="FEEDBACK" showHide="show">
<div class="textblock tvblock tvcss_1"><div class="rte_zone tveditor1">
<ul>
<li> Repeated Measures ANOVA with light, duration and gender as within variables <br /> False </li>
<li> Repeated Measures ANOVA with light and duration as within variables <br /> False </li>
<li> Mixed design ANOVA with light and gender as within variables and duration as between variables <br /> False </li>
<li> Mixed design ANOVA with light and duration as within variables and gender as between variables <br /> True </li>
</ul>
</div>
</div>
</modalFeedback>
<modalFeedback identifier="ANSWER_CORRECT" outcomeIdentifier="FEEDBACK" showHide="show">
<div class="textblock tvblock tvcss_1"><div class="rte_zone tveditor1">
<ul>
<li> Repeated Measures ANOVA with light, duration and gender as within variables <br /> False </li>
<li> Repeated Measures ANOVA with light and duration as within variables <br /> False </li>
<li> Mixed design ANOVA with light and gender as within variables and duration as between variables <br /> False </li>
<li> Mixed design ANOVA with light and duration as within variables and gender as between variables <br /> True </li>
</ul>
</div>
</div>
</modalFeedback>
<modalFeedback identifier="PARTIAL_CORRECT" outcomeIdentifier="FEEDBACK" showHide="show">
<div class="textblock tvblock tvcss_1"><div class="rte_zone tveditor1">
<ul>
<li> Repeated Measures ANOVA with light, duration and gender as within variables <br /> False </li>
<li> Repeated Measures ANOVA with light and duration as within variables <br /> False </li>
<li> Mixed design ANOVA with light and gender as within variables and duration as between variables <br /> False </li>
<li> Mixed design ANOVA with light and duration as within variables and gender as between variables <br /> True </li>
</ul>
</div>
</div>
</modalFeedback>
</assessmentItem>
