<?xml version="1.0" encoding="utf-8" standalone="yes"?>
<assessmentItem identifier="uu-Twoway-ANOVA-836-nl-tv_202601131822_item_1_schoice" title="uu-Twoway-ANOVA-836-nl-tv_202601131822_item_1_schoice_uu-Twoway-ANOVA-836-nl.Rmd" adaptive="false" timeDependent="false" toolName="Testvision Online" toolVersion="39.0.9084" xmlns="http://www.imsglobal.org/xsd/imsqti_v2p1">
<responseDeclaration identifier="RESPONSE" cardinality="single" baseType="identifier">
<correctResponse>
<value>alt_883193</value>
</correctResponse>
<mapping defaultValue="0" lowerBound="0.0">
<mapEntry mapKey="alt_259980" mappedValue="-0.333333333333333"/>
<mapEntry mapKey="alt_883193" mappedValue="1"/>
<mapEntry mapKey="alt_140085" mappedValue="-0.333333333333333"/>
<mapEntry mapKey="alt_594345" mappedValue="-0.333333333333333"/>
</mapping>
</responseDeclaration>
<outcomeDeclaration identifier="SCORE" cardinality="single" baseType="float" normalMaximum="1" normalMinimum="0" />
<outcomeDeclaration identifier="FEEDBACK" cardinality="single" baseType="identifier" />
<stylesheet href="css/uu-Twoway-ANOVA-836-nl-tv_202601131822_item_1_schoice.css" type="text/css" />
<itemBody>
<p>In het onderzoek van Danielle Mohren van de Universiteit Maastricht worden twee factoren geïdentificeerd die van invloed zijn op arbeidstevredenheid van werknemers. Namelijk de eisen die een werkgever stelt (hoog of laag) en de motivatie van de werknemer zelf (hoog-matig-laag). Er wordt verwacht dat werknemers waar hoge eisen aan worden gesteld, minder tevreden zijn over hun werk dan collega’s waar minder eisen aan worden gesteld. Voor haar onderzoek gebruikte de onderzoekster vragenlijsten voor 27.000 werknemers, ruim 12.000 reageerden. Een hogere score op de tevredenheidsmeting betekent dat de persoon meer tevreden is.</p>
<p>Jij besluit het onderzoek van Mohren te repliceren. Onderstaande tabel geeft jouw resultaten weer. Welk(e) effect(en) is/zijn zichtbaar?</p>
<p><img src="mediafiles/supplements1/uu-Twoway-ANOVA-836-nl-tabel.jpg" alt="image"/></p>
<choiceInteraction responseIdentifier="RESPONSE" shuffle="false" maxChoices="1">
<simpleChoice identifier="alt_259980">
<div class="textblock tvblock tvcss_1"><div class="rte_zone tveditor1">
 Een hoofdeffect van eisen werkgever en een interactie-effect.
</div>
</div>
</simpleChoice>
<simpleChoice identifier="alt_883193">
<div class="textblock tvblock tvcss_1"><div class="rte_zone tveditor1">
 Een hoofdeffect van motivatie werknemer en een interactie-effect.
</div>
</div>
</simpleChoice>
<simpleChoice identifier="alt_140085">
<div class="textblock tvblock tvcss_1"><div class="rte_zone tveditor1">
 Een hoofdeffect van zowel eisen werkgever als motivatie werknemer, en ook een interactie-effect.
</div>
</div>
</simpleChoice>
<simpleChoice identifier="alt_594345">
<div class="textblock tvblock tvcss_1"><div class="rte_zone tveditor1">
 Een hoofdeffect van zowel eisen werkgever als motivatie werknemer, en geen interactie-effect.
</div>
</div>
</simpleChoice>
</choiceInteraction>
</itemBody>
<responseProcessing>
<responseCondition>
<responseIf>
<isNull>
<variable identifier="RESPONSE"/>
</isNull>
<setOutcomeValue identifier="SCORE">
<baseValue baseType="float">0.0</baseValue>
</setOutcomeValue>
<setOutcomeValue identifier="FEEDBACK">
<baseValue baseType="identifier">FAILURE</baseValue>
</setOutcomeValue>
</responseIf>
<responseElse>
<setOutcomeValue identifier="SCORE">
<mapResponse identifier="RESPONSE"/>
</setOutcomeValue>
<responseCondition>
<responseIf>
<equal toleranceMode="relative" tolerance="0.001">
<variable identifier="SCORE"/>
<variable identifier="MAXSCORE"/>
</equal>
<setOutcomeValue identifier="FEEDBACK">
<baseValue baseType="identifier">ANSWER_CORRECT</baseValue>
</setOutcomeValue>
</responseIf>
<responseElse>
<setOutcomeValue identifier="FEEDBACK">
<baseValue baseType="identifier">FAILURE</baseValue>
</setOutcomeValue>
</responseElse>
</responseCondition>
</responseElse>
</responseCondition>
</responseProcessing>
<modalFeedback identifier="FAILURE" outcomeIdentifier="FEEDBACK" showHide="show">
<div class="textblock tvblock tvcss_1"><div class="rte_zone tveditor1">
</div>
</div>
</modalFeedback>
<modalFeedback identifier="ANSWER_CORRECT" outcomeIdentifier="FEEDBACK" showHide="show">
<div class="textblock tvblock tvcss_1"><div class="rte_zone tveditor1">
</div>
</div>
</modalFeedback>
<modalFeedback identifier="PARTIAL_CORRECT" outcomeIdentifier="FEEDBACK" showHide="show">
<div class="textblock tvblock tvcss_1"><div class="rte_zone tveditor1">
</div>
</div>
</modalFeedback>
</assessmentItem>
