<?xml version="1.0" encoding="UTF-8"?>
<assessmentItem xsi:schemaLocation="http://www.imsglobal.org/xsd/imsqti_v2p1 http://www.imsglobal.org/xsd/qti/qtiv2p1/imsqti_v2p1p1.xsd http://www.w3.org/1998/Math/MathML http://www.w3.org/Math/XMLSchema/mathml2/mathml2.xsd" identifier="uva-mean-344-en-qti_319929647_section_1_item_1_schoice" title="1" adaptive="false" timeDependent="false" xmlns="http://www.imsglobal.org/xsd/imsqti_v2p1" xmlns:xsi="http://www.w3.org/2001/XMLSchema-instance">
<responseDeclaration identifier="uva-mean-344-en-qti_319929647_section_1_item_1_schoice_RESPONSE_1_6153295" cardinality="single" baseType="identifier">
<correctResponse>
<value>uva-mean-344-en-qti_319929647_section_1_item_1_schoice_1_9403585123</value>
</correctResponse>
<mapping defaultValue="0" lowerBound="0.0">
<mapEntry mapKey="uva-mean-344-en-qti_319929647_section_1_item_1_schoice_1_9403585123" mappedValue="1"/>
<mapEntry mapKey="uva-mean-344-en-qti_319929647_section_1_item_1_schoice_2_2963909567" mappedValue="0"/>
<mapEntry mapKey="uva-mean-344-en-qti_319929647_section_1_item_1_schoice_3_3363480161" mappedValue="0"/>
<mapEntry mapKey="uva-mean-344-en-qti_319929647_section_1_item_1_schoice_4_6429540841" mappedValue="0"/>
</mapping>
</responseDeclaration>
<outcomeDeclaration identifier="SCORE" cardinality="single" baseType="float" normalMaximum="1" normalMinimum="0">
<defaultValue>
<value>0.0</value>
</defaultValue>
</outcomeDeclaration>
<outcomeDeclaration identifier="MAXSCORE" cardinality="single" baseType="float">
<defaultValue>
<value>1</value>
</defaultValue>
</outcomeDeclaration>
<outcomeDeclaration identifier="FEEDBACKBASIC" cardinality="single" baseType="identifier" view="testConstructor">
<defaultValue>
<value>empty</value>
</defaultValue>
</outcomeDeclaration>
<outcomeDeclaration identifier="FEEDBACKMODAL" cardinality="multiple" baseType="identifier" view="testConstructor"/>
<outcomeDeclaration identifier="SOLUTIONMODAL" cardinality="single" baseType="identifier" view="testConstructor"/>
<outcomeDeclaration identifier="MINSCORE" cardinality="single" baseType="float">
<defaultValue>
<value baseType="float">0</value>
</defaultValue>
</outcomeDeclaration>
<outcomeDeclaration identifier="SCORE_RESPONSE_1" cardinality="single" baseType="float">
<defaultValue>
<value>0.0</value>
</defaultValue>
</outcomeDeclaration>
<outcomeDeclaration identifier="MINSCORE_RESPONSE_1" cardinality="single" baseType="float">
<defaultValue>
<value>0.0</value>
</defaultValue>
</outcomeDeclaration>
<itemBody>
<p>Given a sample with outcomes 14, 17, 19, 24 and 26, the standard error of the sample mean is equal to</p>
<choiceInteraction responseIdentifier="uva-mean-344-en-qti_319929647_section_1_item_1_schoice_RESPONSE_1_6153295" shuffle="false" maxChoices="1">
<simpleChoice identifier="uva-mean-344-en-qti_319929647_section_1_item_1_schoice_1_9403585123">
<p>
 2.21
</p>
</simpleChoice>
<simpleChoice identifier="uva-mean-344-en-qti_319929647_section_1_item_1_schoice_2_2963909567">
<p>
 2.47
</p>
</simpleChoice>
<simpleChoice identifier="uva-mean-344-en-qti_319929647_section_1_item_1_schoice_3_3363480161">
<p>
 4.9
</p>
</simpleChoice>
<simpleChoice identifier="uva-mean-344-en-qti_319929647_section_1_item_1_schoice_4_6429540841">
<p>
 4.95
</p>
</simpleChoice>
</choiceInteraction>
</itemBody>
<responseProcessing>
<setOutcomeValue identifier="SCORE_RESPONSE_1">
<sum>
<variable identifier="SCORE_RESPONSE_1"/>
<mapResponse identifier="uva-mean-344-en-qti_319929647_section_1_item_1_schoice_RESPONSE_1_6153295"/>
</sum>
</setOutcomeValue>
<responseCondition>
<responseIf>
<lt>
<variable identifier="SCORE_RESPONSE_1"/>
<variable identifier="MINSCORE_RESPONSE_1"/>
</lt>
<setOutcomeValue identifier="SCORE_RESPONSE_1">
<variable identifier="MINSCORE_RESPONSE_1"/>
</setOutcomeValue>
</responseIf>
</responseCondition>
<responseCondition>
<responseIf>
<isNull>
<variable identifier="uva-mean-344-en-qti_319929647_section_1_item_1_schoice_RESPONSE_1_6153295"/>
</isNull>
<setOutcomeValue identifier="SCORE_RESPONSE_1">
<sum>
<variable identifier="SCORE_RESPONSE_1"/>
<baseValue baseType="float">0</baseValue>
</sum>
</setOutcomeValue>
</responseIf>
</responseCondition>
<setOutcomeValue identifier="SCORE">
<sum>
<variable identifier="SCORE_RESPONSE_1"/>
</sum>
</setOutcomeValue>
<responseCondition>
<responseIf>
<lt>
<variable identifier="SCORE"/>
<variable identifier="MINSCORE"/>
</lt>
<setOutcomeValue identifier="SCORE">
<variable identifier="MINSCORE"/>
</setOutcomeValue>
</responseIf>
</responseCondition>
<responseCondition>
<responseIf>
<lt>
<variable identifier="SCORE"/>
<baseValue baseType="float">1</baseValue>
</lt>
<setOutcomeValue identifier="FEEDBACKMODAL">
<multiple>
<variable identifier="FEEDBACKMODAL"/>
<baseValue baseType="identifier">Feedback828981146</baseValue>
</multiple>
</setOutcomeValue>
</responseIf>
</responseCondition>
</responseProcessing>
<modalFeedback identifier="Feedback828981146" outcomeIdentifier="FEEDBACKMODAL" showHide="show">
<ul>
<li> 2.21 <br /> 2.21: Correct </li>
<li> 2.47 <br /> 2.47: Incorrect </li>
<li> 4.9 <br /> 4.9: Incorrect </li>
<li> 4.95 <br /> 4.95: Incorrect </li>
</ul>
</modalFeedback>
</assessmentItem>
