<?xml version="1.0" encoding="utf-8" standalone="yes"?>
<assessmentItem identifier="uva-correlation-579-nl-tv_202405221607_item_1_schoice" title="uva-correlation-579-nl-tv_202405221607_item_1_schoice_uva-correlation-579-nl" adaptive="false" timeDependent="false" toolName="Testvision Online" toolVersion="39.0.9084" xmlns="http://www.imsglobal.org/xsd/imsqti_v2p1">
<responseDeclaration identifier="RESPONSE" cardinality="single" baseType="identifier">
<correctResponse>
<value>alt_210235</value>
</correctResponse>
<mapping defaultValue="0" lowerBound="0.0">
<mapEntry mapKey="alt_578724" mappedValue="-0.333333333333333"/>
<mapEntry mapKey="alt_794510" mappedValue="-0.333333333333333"/>
<mapEntry mapKey="alt_210235" mappedValue="1"/>
<mapEntry mapKey="alt_104878" mappedValue="-0.333333333333333"/>
</mapping>
</responseDeclaration>
<outcomeDeclaration identifier="SCORE" cardinality="single" baseType="float" normalMaximum="1" normalMinimum="0" />
<outcomeDeclaration identifier="FEEDBACK" cardinality="single" baseType="identifier" />
<itemBody>
<p>Bereken de Pearson correlatiecoefficient, als gegeven is</p>
<ul>
<li>Gemiddelde van X: 0.5</li>
<li>Gemiddelde van Y: 0.5</li>
<li>Standaarddeviatie van X: 0.2</li>
<li>Standaarddeviatie van Y: 0.25</li>
<li>Covariantie tussen X en Y: 0.039</li>
</ul>
<choiceInteraction responseIdentifier="RESPONSE" shuffle="false" maxChoices="1">
<simpleChoice identifier="alt_578724">
<div class="textblock tvblock tvcss_1"><div class="rte_zone tveditor1">
 -0.57
</div>
</div>
</simpleChoice>
<simpleChoice identifier="alt_794510">
<div class="textblock tvblock tvcss_1"><div class="rte_zone tveditor1">
 -0.36
</div>
</div>
</simpleChoice>
<simpleChoice identifier="alt_210235">
<div class="textblock tvblock tvcss_1"><div class="rte_zone tveditor1">
 0.78
</div>
</div>
</simpleChoice>
<simpleChoice identifier="alt_104878">
<div class="textblock tvblock tvcss_1"><div class="rte_zone tveditor1">
 1
</div>
</div>
</simpleChoice>
</choiceInteraction>
</itemBody>
<responseProcessing>
<responseCondition>
<responseIf>
<isNull>
<variable identifier="RESPONSE"/>
</isNull>
<setOutcomeValue identifier="SCORE">
<baseValue baseType="float">0.0</baseValue>
</setOutcomeValue>
<setOutcomeValue identifier="FEEDBACK">
<baseValue baseType="identifier">FAILURE</baseValue>
</setOutcomeValue>
</responseIf>
<responseElse>
<setOutcomeValue identifier="SCORE">
<mapResponse identifier="RESPONSE"/>
</setOutcomeValue>
<responseCondition>
<responseIf>
<equal toleranceMode="relative" tolerance="0.001">
<variable identifier="SCORE"/>
<variable identifier="MAXSCORE"/>
</equal>
<setOutcomeValue identifier="FEEDBACK">
<baseValue baseType="identifier">ANSWER_CORRECT</baseValue>
</setOutcomeValue>
</responseIf>
<responseElse>
<setOutcomeValue identifier="FEEDBACK">
<baseValue baseType="identifier">FAILURE</baseValue>
</setOutcomeValue>
</responseElse>
</responseCondition>
</responseElse>
</responseCondition>
</responseProcessing>
<modalFeedback identifier="FAILURE" outcomeIdentifier="FEEDBACK" showHide="show">
<div class="textblock tvblock tvcss_1"><div class="rte_zone tveditor1">
<p>Om de Pearson correlatiecoëfficiënt te berekenen, hebben we niet alleen de gemiddelden en standaarddeviaties van de twee variabelen nodig, maar ook de covariantie tussen de variabelen. Hier is de formule die we zullen gebruiken:</p>
<p><math display="inline" xmlns="http://www.w3.org/1998/Math/MathML"><semantics><mrow><mi>r</mi><mo>=</mo><mfrac><mrow><mtext mathvariant="normal">cov</mtext><mo stretchy="false" form="prefix">(</mo><mi>X</mi><mo>,</mo><mi>Y</mi><mo stretchy="false" form="postfix">)</mo></mrow><mrow><msub><mi>σ</mi><mi>X</mi></msub><msub><mi>σ</mi><mi>Y</mi></msub></mrow></mfrac></mrow><annotation encoding="application/x-tex">r = \frac{\text{cov}(X, Y)}{\sigma_X \sigma_Y}</annotation></semantics></math></p>
<p>waarbij:
- <math display="inline" xmlns="http://www.w3.org/1998/Math/MathML"><semantics><mi>r</mi><annotation encoding="application/x-tex">r</annotation></semantics></math> de Pearson correlatiecoëfficiënt is.
- <math display="inline" xmlns="http://www.w3.org/1998/Math/MathML"><semantics><mrow><mtext mathvariant="normal">cov</mtext><mo stretchy="false" form="prefix">(</mo><mi>X</mi><mo>,</mo><mi>Y</mi><mo stretchy="false" form="postfix">)</mo></mrow><annotation encoding="application/x-tex">\text{cov}(X, Y)</annotation></semantics></math> de covariantie tussen <math display="inline" xmlns="http://www.w3.org/1998/Math/MathML"><semantics><mi>X</mi><annotation encoding="application/x-tex">X</annotation></semantics></math> en <math display="inline" xmlns="http://www.w3.org/1998/Math/MathML"><semantics><mi>Y</mi><annotation encoding="application/x-tex">Y</annotation></semantics></math> is.
- <math display="inline" xmlns="http://www.w3.org/1998/Math/MathML"><semantics><msub><mi>σ</mi><mi>X</mi></msub><annotation encoding="application/x-tex">\sigma_X</annotation></semantics></math> de standaarddeviatie van <math display="inline" xmlns="http://www.w3.org/1998/Math/MathML"><semantics><mi>X</mi><annotation encoding="application/x-tex">X</annotation></semantics></math> is.
- <math display="inline" xmlns="http://www.w3.org/1998/Math/MathML"><semantics><msub><mi>σ</mi><mi>Y</mi></msub><annotation encoding="application/x-tex">\sigma_Y</annotation></semantics></math> de standaarddeviatie van <math display="inline" xmlns="http://www.w3.org/1998/Math/MathML"><semantics><mi>Y</mi><annotation encoding="application/x-tex">Y</annotation></semantics></math> is.</p>
<br />
<ul>
<li> -0.57 <br /> -0.57: Incorrect </li>
<li> -0.36 <br /> -0.36: Incorrect </li>
<li> 0.78 <br /> 0.78: Correct </li>
<li> 1 <br /> 1: Incorrect </li>
</ul>
</div>
</div>
</modalFeedback>
<modalFeedback identifier="ANSWER_CORRECT" outcomeIdentifier="FEEDBACK" showHide="show">
<div class="textblock tvblock tvcss_1"><div class="rte_zone tveditor1">
<p>Om de Pearson correlatiecoëfficiënt te berekenen, hebben we niet alleen de gemiddelden en standaarddeviaties van de twee variabelen nodig, maar ook de covariantie tussen de variabelen. Hier is de formule die we zullen gebruiken:</p>
<p><math display="inline" xmlns="http://www.w3.org/1998/Math/MathML"><semantics><mrow><mi>r</mi><mo>=</mo><mfrac><mrow><mtext mathvariant="normal">cov</mtext><mo stretchy="false" form="prefix">(</mo><mi>X</mi><mo>,</mo><mi>Y</mi><mo stretchy="false" form="postfix">)</mo></mrow><mrow><msub><mi>σ</mi><mi>X</mi></msub><msub><mi>σ</mi><mi>Y</mi></msub></mrow></mfrac></mrow><annotation encoding="application/x-tex">r = \frac{\text{cov}(X, Y)}{\sigma_X \sigma_Y}</annotation></semantics></math></p>
<p>waarbij:
- <math display="inline" xmlns="http://www.w3.org/1998/Math/MathML"><semantics><mi>r</mi><annotation encoding="application/x-tex">r</annotation></semantics></math> de Pearson correlatiecoëfficiënt is.
- <math display="inline" xmlns="http://www.w3.org/1998/Math/MathML"><semantics><mrow><mtext mathvariant="normal">cov</mtext><mo stretchy="false" form="prefix">(</mo><mi>X</mi><mo>,</mo><mi>Y</mi><mo stretchy="false" form="postfix">)</mo></mrow><annotation encoding="application/x-tex">\text{cov}(X, Y)</annotation></semantics></math> de covariantie tussen <math display="inline" xmlns="http://www.w3.org/1998/Math/MathML"><semantics><mi>X</mi><annotation encoding="application/x-tex">X</annotation></semantics></math> en <math display="inline" xmlns="http://www.w3.org/1998/Math/MathML"><semantics><mi>Y</mi><annotation encoding="application/x-tex">Y</annotation></semantics></math> is.
- <math display="inline" xmlns="http://www.w3.org/1998/Math/MathML"><semantics><msub><mi>σ</mi><mi>X</mi></msub><annotation encoding="application/x-tex">\sigma_X</annotation></semantics></math> de standaarddeviatie van <math display="inline" xmlns="http://www.w3.org/1998/Math/MathML"><semantics><mi>X</mi><annotation encoding="application/x-tex">X</annotation></semantics></math> is.
- <math display="inline" xmlns="http://www.w3.org/1998/Math/MathML"><semantics><msub><mi>σ</mi><mi>Y</mi></msub><annotation encoding="application/x-tex">\sigma_Y</annotation></semantics></math> de standaarddeviatie van <math display="inline" xmlns="http://www.w3.org/1998/Math/MathML"><semantics><mi>Y</mi><annotation encoding="application/x-tex">Y</annotation></semantics></math> is.</p>
<br />
<ul>
<li> -0.57 <br /> -0.57: Incorrect </li>
<li> -0.36 <br /> -0.36: Incorrect </li>
<li> 0.78 <br /> 0.78: Correct </li>
<li> 1 <br /> 1: Incorrect </li>
</ul>
</div>
</div>
</modalFeedback>
<modalFeedback identifier="PARTIAL_CORRECT" outcomeIdentifier="FEEDBACK" showHide="show">
<div class="textblock tvblock tvcss_1"><div class="rte_zone tveditor1">
<p>Om de Pearson correlatiecoëfficiënt te berekenen, hebben we niet alleen de gemiddelden en standaarddeviaties van de twee variabelen nodig, maar ook de covariantie tussen de variabelen. Hier is de formule die we zullen gebruiken:</p>
<p><math display="inline" xmlns="http://www.w3.org/1998/Math/MathML"><semantics><mrow><mi>r</mi><mo>=</mo><mfrac><mrow><mtext mathvariant="normal">cov</mtext><mo stretchy="false" form="prefix">(</mo><mi>X</mi><mo>,</mo><mi>Y</mi><mo stretchy="false" form="postfix">)</mo></mrow><mrow><msub><mi>σ</mi><mi>X</mi></msub><msub><mi>σ</mi><mi>Y</mi></msub></mrow></mfrac></mrow><annotation encoding="application/x-tex">r = \frac{\text{cov}(X, Y)}{\sigma_X \sigma_Y}</annotation></semantics></math></p>
<p>waarbij:
- <math display="inline" xmlns="http://www.w3.org/1998/Math/MathML"><semantics><mi>r</mi><annotation encoding="application/x-tex">r</annotation></semantics></math> de Pearson correlatiecoëfficiënt is.
- <math display="inline" xmlns="http://www.w3.org/1998/Math/MathML"><semantics><mrow><mtext mathvariant="normal">cov</mtext><mo stretchy="false" form="prefix">(</mo><mi>X</mi><mo>,</mo><mi>Y</mi><mo stretchy="false" form="postfix">)</mo></mrow><annotation encoding="application/x-tex">\text{cov}(X, Y)</annotation></semantics></math> de covariantie tussen <math display="inline" xmlns="http://www.w3.org/1998/Math/MathML"><semantics><mi>X</mi><annotation encoding="application/x-tex">X</annotation></semantics></math> en <math display="inline" xmlns="http://www.w3.org/1998/Math/MathML"><semantics><mi>Y</mi><annotation encoding="application/x-tex">Y</annotation></semantics></math> is.
- <math display="inline" xmlns="http://www.w3.org/1998/Math/MathML"><semantics><msub><mi>σ</mi><mi>X</mi></msub><annotation encoding="application/x-tex">\sigma_X</annotation></semantics></math> de standaarddeviatie van <math display="inline" xmlns="http://www.w3.org/1998/Math/MathML"><semantics><mi>X</mi><annotation encoding="application/x-tex">X</annotation></semantics></math> is.
- <math display="inline" xmlns="http://www.w3.org/1998/Math/MathML"><semantics><msub><mi>σ</mi><mi>Y</mi></msub><annotation encoding="application/x-tex">\sigma_Y</annotation></semantics></math> de standaarddeviatie van <math display="inline" xmlns="http://www.w3.org/1998/Math/MathML"><semantics><mi>Y</mi><annotation encoding="application/x-tex">Y</annotation></semantics></math> is.</p>
<br />
<ul>
<li> -0.57 <br /> -0.57: Incorrect </li>
<li> -0.36 <br /> -0.36: Incorrect </li>
<li> 0.78 <br /> 0.78: Correct </li>
<li> 1 <br /> 1: Incorrect </li>
</ul>
</div>
</div>
</modalFeedback>
</assessmentItem>
