<?xml version="1.0" encoding="UTF-8"?>
<assessmentItem xsi:schemaLocation="http://www.imsglobal.org/xsd/imsqti_v2p1 http://www.imsglobal.org/xsd/qti/qtiv2p1/imsqti_v2p1p1.xsd http://www.w3.org/1998/Math/MathML http://www.w3.org/Math/XMLSchema/mathml2/mathml2.xsd" identifier="vufsw-cronbach's_alpha-1337-nl-ans_545405436_section_1_item_1_schoice" title="Reliability_vufsw-cronbach's_alpha-1337-nl_vufsw-cronbach's_alpha-1337-nl_schoice_1" adaptive="false" timeDependent="false" xmlns="http://www.imsglobal.org/xsd/imsqti_v2p1" xmlns:xsi="http://www.w3.org/2001/XMLSchema-instance">
<responseDeclaration identifier="vufsw-cronbach's_alpha-1337-nl-ans_545405436_section_1_item_1_schoice_RESPONSE_1_2406012" cardinality="single" baseType="identifier">
<correctResponse>
<value>vufsw-cronbach's_alpha-1337-nl-ans_545405436_section_1_item_1_schoice_3_8510249581</value>
</correctResponse>
<mapping defaultValue="0" lowerBound="0.0">
<mapEntry mapKey="vufsw-cronbach&apos;s_alpha-1337-nl-ans_545405436_section_1_item_1_schoice_1_5156785417" mappedValue="0"/>
<mapEntry mapKey="vufsw-cronbach&apos;s_alpha-1337-nl-ans_545405436_section_1_item_1_schoice_2_5910241181" mappedValue="0"/>
<mapEntry mapKey="vufsw-cronbach&apos;s_alpha-1337-nl-ans_545405436_section_1_item_1_schoice_3_8510249581" mappedValue="1"/>
<mapEntry mapKey="vufsw-cronbach&apos;s_alpha-1337-nl-ans_545405436_section_1_item_1_schoice_4_9337136529" mappedValue="0"/>
</mapping>
</responseDeclaration>
<outcomeDeclaration identifier="SCORE" cardinality="single" baseType="float" normalMaximum="1" normalMinimum="0">
<defaultValue>
<value>0.0</value>
</defaultValue>
</outcomeDeclaration>
<outcomeDeclaration identifier="MAXSCORE" cardinality="single" baseType="float">
<defaultValue>
<value>1</value>
</defaultValue>
</outcomeDeclaration>
<outcomeDeclaration identifier="FEEDBACKBASIC" cardinality="single" baseType="identifier" view="testConstructor">
<defaultValue>
<value>empty</value>
</defaultValue>
</outcomeDeclaration>
<outcomeDeclaration identifier="FEEDBACKMODAL" cardinality="multiple" baseType="identifier" view="testConstructor"/>
<outcomeDeclaration identifier="SOLUTIONMODAL" cardinality="single" baseType="identifier" view="testConstructor"/>
<outcomeDeclaration identifier="MINSCORE" cardinality="single" baseType="float">
<defaultValue>
<value baseType="float">0</value>
</defaultValue>
</outcomeDeclaration>
<outcomeDeclaration identifier="SCORE_RESPONSE_1" cardinality="single" baseType="float">
<defaultValue>
<value>0.0</value>
</defaultValue>
</outcomeDeclaration>
<outcomeDeclaration identifier="MINSCORE_RESPONSE_1" cardinality="single" baseType="float">
<defaultValue>
<value>0.0</value>
</defaultValue>
</outcomeDeclaration>
<itemBody>
<p><img src="vufsw-cronbach&#39;s_alpha-1337-nl.png" /></p>
<p>Hierboven staat de correlatiematrix van een aantal items die allemaal de
attitude tegenover lezen meten. Respondenten moesten bij elk item
aangeven of ze het helemaal niet eens, niet eens, eens of helemaal eens
waren.</p>
<p>De Cronbach’s alpha van deze schaal op basis van deze items is laag,
.097. Wat is de volgende stap in de constructie van een schaal van deze
items?</p>
<choiceInteraction responseIdentifier="vufsw-cronbach's_alpha-1337-nl-ans_545405436_section_1_item_1_schoice_RESPONSE_1_2406012" shuffle="false" maxChoices="1">
<simpleChoice identifier="vufsw-cronbach's_alpha-1337-nl-ans_545405436_section_1_item_1_schoice_1_5156785417">
<p>
 Item g51k weglaten en de betrouwbaarheid van de schaal analyseren met de resterende vier items
</p>
</simpleChoice>
<simpleChoice identifier="vufsw-cronbach's_alpha-1337-nl-ans_545405436_section_1_item_1_schoice_2_5910241181">
<p>
 Direct een schaal construeren van de items g51a, g51b, g51l, g51w
</p>
</simpleChoice>
<simpleChoice identifier="vufsw-cronbach's_alpha-1337-nl-ans_545405436_section_1_item_1_schoice_3_8510249581">
<p>
 Item g51k ompolen (hercoderen)
</p>
</simpleChoice>
<simpleChoice identifier="vufsw-cronbach's_alpha-1337-nl-ans_545405436_section_1_item_1_schoice_4_9337136529">
<p>
 Direct een schaal construeren van alle vijf items
</p>
</simpleChoice>
</choiceInteraction>
</itemBody>
<responseProcessing>
<setOutcomeValue identifier="SCORE_RESPONSE_1">
<sum>
<variable identifier="SCORE_RESPONSE_1"/>
<mapResponse identifier="vufsw-cronbach's_alpha-1337-nl-ans_545405436_section_1_item_1_schoice_RESPONSE_1_2406012"/>
</sum>
</setOutcomeValue>
<responseCondition>
<responseIf>
<lt>
<variable identifier="SCORE_RESPONSE_1"/>
<variable identifier="MINSCORE_RESPONSE_1"/>
</lt>
<setOutcomeValue identifier="SCORE_RESPONSE_1">
<variable identifier="MINSCORE_RESPONSE_1"/>
</setOutcomeValue>
</responseIf>
</responseCondition>
<responseCondition>
<responseIf>
<isNull>
<variable identifier="vufsw-cronbach's_alpha-1337-nl-ans_545405436_section_1_item_1_schoice_RESPONSE_1_2406012"/>
</isNull>
<setOutcomeValue identifier="SCORE_RESPONSE_1">
<sum>
<variable identifier="SCORE_RESPONSE_1"/>
<baseValue baseType="float">0</baseValue>
</sum>
</setOutcomeValue>
</responseIf>
</responseCondition>
<setOutcomeValue identifier="SCORE">
<sum>
<variable identifier="SCORE_RESPONSE_1"/>
</sum>
</setOutcomeValue>
<responseCondition>
<responseIf>
<lt>
<variable identifier="SCORE"/>
<variable identifier="MINSCORE"/>
</lt>
<setOutcomeValue identifier="SCORE">
<variable identifier="MINSCORE"/>
</setOutcomeValue>
</responseIf>
</responseCondition>
<responseCondition>
<responseIf>
<lt>
<variable identifier="SCORE"/>
<baseValue baseType="float">1</baseValue>
</lt>
<setOutcomeValue identifier="FEEDBACKMODAL">
<multiple>
<variable identifier="FEEDBACKMODAL"/>
<baseValue baseType="identifier">Feedback105293238</baseValue>
</multiple>
</setOutcomeValue>
</responseIf>
</responseCondition>
</responseProcessing>
<modalFeedback outcomeIdentifier="FEEDBACK" showHide="show" identifier="incorrect">
<ul>
<li> Item g51k weglaten en de betrouwbaarheid van de schaal analyseren met de resterende vier items <br /> False </li>
<li> Direct een schaal construeren van de items g51a, g51b, g51l, g51w <br /> False </li>
<li> Item g51k ompolen (hercoderen) <br /> True </li>
<li> Direct een schaal construeren van alle vijf items <br /> False </li>
</ul>
</modalFeedback>
</assessmentItem>
