<?xml version="1.0" encoding="UTF-8"?>
<assessmentItem xsi:schemaLocation="http://www.imsglobal.org/xsd/imsqti_v2p1 http://www.imsglobal.org/xsd/qti/qtiv2p1/imsqti_v2p1p1.xsd http://www.w3.org/1998/Math/MathML http://www.w3.org/Math/XMLSchema/mathml2/mathml2.xsd" identifier="uva-equation-1943-en-ans_730071637_section_1_item_1_schoice" title="Inferential_Statistics_uva-equation-1943-en_uva-equation-1943-en_schoice_1" adaptive="false" timeDependent="false" xmlns="http://www.imsglobal.org/xsd/imsqti_v2p1" xmlns:xsi="http://www.w3.org/2001/XMLSchema-instance">
<responseDeclaration identifier="uva-equation-1943-en-ans_730071637_section_1_item_1_schoice_RESPONSE_1_1043406" cardinality="single" baseType="identifier">
<correctResponse>
<value>uva-equation-1943-en-ans_730071637_section_1_item_1_schoice_3_2868622910</value>
</correctResponse>
<mapping defaultValue="0" lowerBound="0.0">
<mapEntry mapKey="uva-equation-1943-en-ans_730071637_section_1_item_1_schoice_1_6216660213" mappedValue="0"/>
<mapEntry mapKey="uva-equation-1943-en-ans_730071637_section_1_item_1_schoice_2_7638897701" mappedValue="0"/>
<mapEntry mapKey="uva-equation-1943-en-ans_730071637_section_1_item_1_schoice_3_2868622910" mappedValue="1"/>
</mapping>
</responseDeclaration>
<outcomeDeclaration identifier="SCORE" cardinality="single" baseType="float" normalMaximum="1" normalMinimum="0">
<defaultValue>
<value>0.0</value>
</defaultValue>
</outcomeDeclaration>
<outcomeDeclaration identifier="MAXSCORE" cardinality="single" baseType="float">
<defaultValue>
<value>1</value>
</defaultValue>
</outcomeDeclaration>
<outcomeDeclaration identifier="FEEDBACKBASIC" cardinality="single" baseType="identifier" view="testConstructor">
<defaultValue>
<value>empty</value>
</defaultValue>
</outcomeDeclaration>
<outcomeDeclaration identifier="FEEDBACKMODAL" cardinality="multiple" baseType="identifier" view="testConstructor"/>
<outcomeDeclaration identifier="SOLUTIONMODAL" cardinality="single" baseType="identifier" view="testConstructor"/>
<outcomeDeclaration identifier="MINSCORE" cardinality="single" baseType="float">
<defaultValue>
<value baseType="float">0</value>
</defaultValue>
</outcomeDeclaration>
<outcomeDeclaration identifier="SCORE_RESPONSE_1" cardinality="single" baseType="float">
<defaultValue>
<value>0.0</value>
</defaultValue>
</outcomeDeclaration>
<outcomeDeclaration identifier="MINSCORE_RESPONSE_1" cardinality="single" baseType="float">
<defaultValue>
<value>0.0</value>
</defaultValue>
</outcomeDeclaration>
<itemBody>
<p>We have a regression equation <span class="math inline">\(\hat{y} = 2 + 4x_{1} + 3x_{2} + 5x_{3}\)</span> We check for <em>x</em><sub>1</sub> and <em>x</em><sub>2</sub>. What is the increase in predicted <em>y</em> if we go from 3 to 7 for <em>x</em><sub>3</sub>?</p>
<choiceInteraction responseIdentifier="uva-equation-1943-en-ans_730071637_section_1_item_1_schoice_RESPONSE_1_1043406" shuffle="false" maxChoices="1">
<simpleChoice identifier="uva-equation-1943-en-ans_730071637_section_1_item_1_schoice_1_6216660213">
<p>
 4
</p>
</simpleChoice>
<simpleChoice identifier="uva-equation-1943-en-ans_730071637_section_1_item_1_schoice_2_7638897701">
<p>
 16
</p>
</simpleChoice>
<simpleChoice identifier="uva-equation-1943-en-ans_730071637_section_1_item_1_schoice_3_2868622910">
<p>
 20
</p>
</simpleChoice>
</choiceInteraction>
</itemBody>
<responseProcessing>
<setOutcomeValue identifier="SCORE_RESPONSE_1">
<sum>
<variable identifier="SCORE_RESPONSE_1"/>
<mapResponse identifier="uva-equation-1943-en-ans_730071637_section_1_item_1_schoice_RESPONSE_1_1043406"/>
</sum>
</setOutcomeValue>
<responseCondition>
<responseIf>
<lt>
<variable identifier="SCORE_RESPONSE_1"/>
<variable identifier="MINSCORE_RESPONSE_1"/>
</lt>
<setOutcomeValue identifier="SCORE_RESPONSE_1">
<variable identifier="MINSCORE_RESPONSE_1"/>
</setOutcomeValue>
</responseIf>
</responseCondition>
<responseCondition>
<responseIf>
<isNull>
<variable identifier="uva-equation-1943-en-ans_730071637_section_1_item_1_schoice_RESPONSE_1_1043406"/>
</isNull>
<setOutcomeValue identifier="SCORE_RESPONSE_1">
<sum>
<variable identifier="SCORE_RESPONSE_1"/>
<baseValue baseType="float">0</baseValue>
</sum>
</setOutcomeValue>
</responseIf>
</responseCondition>
<setOutcomeValue identifier="SCORE">
<sum>
<variable identifier="SCORE_RESPONSE_1"/>
</sum>
</setOutcomeValue>
<responseCondition>
<responseIf>
<lt>
<variable identifier="SCORE"/>
<variable identifier="MINSCORE"/>
</lt>
<setOutcomeValue identifier="SCORE">
<variable identifier="MINSCORE"/>
</setOutcomeValue>
</responseIf>
</responseCondition>
<responseCondition>
<responseIf>
<lt>
<variable identifier="SCORE"/>
<baseValue baseType="float">1</baseValue>
</lt>
<setOutcomeValue identifier="FEEDBACKMODAL">
<multiple>
<variable identifier="FEEDBACKMODAL"/>
<baseValue baseType="identifier">Feedback423846592</baseValue>
</multiple>
</setOutcomeValue>
</responseIf>
</responseCondition>
</responseProcessing>
<modalFeedback outcomeIdentifier="FEEDBACK" showHide="show" identifier="incorrect">
<ul>
<li> 4 <br /> 4:Incorrect </li>
<li> 16 <br /> 16: Incorrect </li>
<li> 20 <br /> 20: Correct </li>
</ul>
</modalFeedback>
</assessmentItem>
