<?xml version="1.0" encoding="UTF-8"?>
<!DOCTYPE questestinterop SYSTEM "ims_qtiasiv1p2p1.dtd">

<questestinterop xmlns="http://www.imsglobal.org/xsd/ims_qtiasiv1p2" xmlns:xsi="http://www.w3.org/2001/XMLSchema-instance" xsi:schemaLocation="http://www.imsglobal.org/xsd/ims_qtiasiv1p2 http://www.imsglobal.org/xsd/ims_qtiasiv1p2p1.xsd">
<assessment ident="uva-bayesian-statistics-980-nl-canvas_591785446" title="uva-bayesian-statistics-980-nl-canvas">

<qtimetadata>
<qtimetadatafield>
<fieldlabel>cc_maxattempts</fieldlabel>
<fieldentry>1</fieldentry>
</qtimetadatafield>
<qtimetadatafield>
<fieldlabel>qmd_assessmenttype</fieldlabel>
<fieldentry>Assessment</fieldentry>
</qtimetadatafield>
</qtimetadata>
<objectives>
<material>
<mattext><![CDATA[Please solve the following exercises.]]></mattext>
</material>
</objectives>
<assessmentcontrol feedbackswitch="No" hintswitch="No" solutionswitch="Yes"/>
<outcomes_processing scoremodel="SumOfScores">
<outcomes>
<decvar varname="SCORE" vartype="Decimal" cutvalue="0"/>
</outcomes>
</outcomes_processing>
<assessfeedback title="AssessmentFeedback" ident="AssessmentFeedback">
<flow_mat>
<material>
<mattext>##AssessmentFeedback##</mattext>
</material>
</flow_mat>
</assessfeedback>

<section ident="uva-bayesian-statistics-980-nl-canvas_591785446_section_1" title="Exercise">

<objectives>
<material>
<mattext><![CDATA[Please answer the following question.]]></mattext>
</material>
</objectives>
<selection_ordering>
<selection>
<selection_number>1</selection_number>
<selection_extension>
<points_per_item>1</points_per_item>
</selection_extension>
</selection>
<order order_type="Random"/>
</selection_ordering>

<item ident="uva-bayesian-statistics-980-nl-canvas_591785446_section_1_item_1_schoice" title="Question" maxattempts="1">
<itemcontrol feedbackswitch="No" hintswitch="No" solutionswitch="Yes"/>
<itemmetadata>
<qtimetadata>
<qtimetadatafield>
<fieldlabel>question_type</fieldlabel>
<fieldentry>multiple_choice_question</fieldentry>
</qtimetadatafield>
</qtimetadata>
</itemmetadata>
<presentation>
<flow>
<material>
<matbreak/>
<mattext texttype="text/html" charset="utf-8"><![CDATA[
<p>In de bevolking lijdt 2 op de 100 mensen aan de ziekte <em>F</em>. Onderzoekers
ontwerpen een test waarmee men de ziekte kan ontdekken. Maar deze test
is niet 100% waterdicht. De kans op een negatief resultaat bij
afwezigheid van de ziekte is 0,8 en een positief resultaat bij
aanwezigheid is 0,6. Stel de gebeurtenissen:<br />
<br />
* <em>A</em>: iemand die ziekte <em>F</em> heeft,<br />
* <em>B</em>: de test met een positief resultaat.<br />
<br />
Wat is dan de kans dat de onderzochte persoon de ziekte <em>F</em> heeft,
gegeven dat er een positieve uitslag is?</p>
]]></mattext>
<matbreak/>
</material>
<response_lid ident="uva-bayesian-statistics-980-nl-canvas_591785446_section_1_item_1_schoice_RESPONSE_9877063" rcardinality="Single" rtiming="No">
<render_choice shuffle="No">
<flow_label class="List">
<response_label ident="uva-bayesian-statistics-980-nl-canvas_591785446_section_1_item_1_schoice_1860866223" rshuffle="No">
<material>
<mattext texttype="text/html" charset="utf-8"><![CDATA[
 0,061
]]></mattext>
</material>
</response_label>
</flow_label>
<flow_label class="List">
<response_label ident="uva-bayesian-statistics-980-nl-canvas_591785446_section_1_item_1_schoice_5830367545" rshuffle="No">
<material>
<mattext texttype="text/html" charset="utf-8"><![CDATA[
 0,120
]]></mattext>
</material>
</response_label>
</flow_label>
<flow_label class="List">
<response_label ident="uva-bayesian-statistics-980-nl-canvas_591785446_section_1_item_1_schoice_7885661319" rshuffle="No">
<material>
<mattext texttype="text/html" charset="utf-8"><![CDATA[
 0,160
]]></mattext>
</material>
</response_label>
</flow_label>
<flow_label class="List">
<response_label ident="uva-bayesian-statistics-980-nl-canvas_591785446_section_1_item_1_schoice_6798217388" rshuffle="No">
<material>
<mattext texttype="text/html" charset="utf-8"><![CDATA[
 0,480
]]></mattext>
</material>
</response_label>
</flow_label>
</render_choice>
</response_lid>
</flow>
</presentation>
<resprocessing>
<outcomes>
<decvar varname="SCORE" vartype="Decimal" defaultval="0" minvalue="0" maxvalue="1" cutvalue="1"/>
</outcomes>
<respcondition title="Mastery" continue="No">
<conditionvar>
<and>
<varequal respident="uva-bayesian-statistics-980-nl-canvas_591785446_section_1_item_1_schoice_RESPONSE_9877063" case="Yes">uva-bayesian-statistics-980-nl-canvas_591785446_section_1_item_1_schoice_1860866223</varequal>
<not> <varequal respident="uva-bayesian-statistics-980-nl-canvas_591785446_section_1_item_1_schoice_RESPONSE_9877063" case="Yes">uva-bayesian-statistics-980-nl-canvas_591785446_section_1_item_1_schoice_5830367545</varequal> </not>
<not> <varequal respident="uva-bayesian-statistics-980-nl-canvas_591785446_section_1_item_1_schoice_RESPONSE_9877063" case="Yes">uva-bayesian-statistics-980-nl-canvas_591785446_section_1_item_1_schoice_7885661319</varequal> </not>
<not> <varequal respident="uva-bayesian-statistics-980-nl-canvas_591785446_section_1_item_1_schoice_RESPONSE_9877063" case="Yes">uva-bayesian-statistics-980-nl-canvas_591785446_section_1_item_1_schoice_6798217388</varequal> </not>
</and>
</conditionvar>
<setvar varname="SCORE" action="Set">1</setvar>
<displayfeedback feedbacktype="Response" linkrefid="correct_fb"/>
</respcondition>
<respcondition continue="Yes">
<conditionvar>
<other/>
</conditionvar>
<displayfeedback feedbacktype="Response" linkrefid="general_incorrect_fb"/>
</respcondition>
</resprocessing>
<itemfeedback ident="correct_fb" view="All">
<flow_mat>
<material>
<mattext texttype="text/html"><![CDATA[
<ul>
<li> 0,061 <br /> 0,061: Correct </li>
<li> 0,120 <br /> 0,120: Incorrect </li>
<li> 0,160 <br /> 0,160: Incorrect </li>
<li> 0,480 <br /> 0,480: Incorrect </li>
</ul>
]]></mattext>
</material>
</flow_mat>
</itemfeedback>
<itemfeedback ident="general_incorrect_fb" view="All">
<flow_mat>
<material>
<mattext texttype="text/html"><![CDATA[
<ul>
<li> 0,061 <br /> 0,061: Correct </li>
<li> 0,120 <br /> 0,120: Incorrect </li>
<li> 0,160 <br /> 0,160: Incorrect </li>
<li> 0,480 <br /> 0,480: Incorrect </li>
</ul>
]]></mattext>
</material>
</flow_mat>
</itemfeedback>
</item>


</section>

</assessment>
</questestinterop>
