<?xml version="1.0" encoding="UTF-8"?>
<assessmentItem xsi:schemaLocation="http://www.imsglobal.org/xsd/imsqti_v2p1 http://www.imsglobal.org/xsd/qti/qtiv2p1/imsqti_v2p1p1.xsd http://www.w3.org/1998/Math/MathML http://www.w3.org/Math/XMLSchema/mathml2/mathml2.xsd" identifier="vufsw-measuresofspread-0069-nl-qti_461813627_section_1_item_1_schoice" title="1" adaptive="false" timeDependent="false" xmlns="http://www.imsglobal.org/xsd/imsqti_v2p1" xmlns:xsi="http://www.w3.org/2001/XMLSchema-instance">
<responseDeclaration identifier="vufsw-measuresofspread-0069-nl-qti_461813627_section_1_item_1_schoice_RESPONSE_1_3986679" cardinality="single" baseType="identifier">
<correctResponse>
<value>vufsw-measuresofspread-0069-nl-qti_461813627_section_1_item_1_schoice_2_8759497260</value>
</correctResponse>
<mapping defaultValue="0" lowerBound="0.0">
<mapEntry mapKey="vufsw-measuresofspread-0069-nl-qti_461813627_section_1_item_1_schoice_1_1247255447" mappedValue="0"/>
<mapEntry mapKey="vufsw-measuresofspread-0069-nl-qti_461813627_section_1_item_1_schoice_2_8759497260" mappedValue="1"/>
<mapEntry mapKey="vufsw-measuresofspread-0069-nl-qti_461813627_section_1_item_1_schoice_3_3041832974" mappedValue="0"/>
<mapEntry mapKey="vufsw-measuresofspread-0069-nl-qti_461813627_section_1_item_1_schoice_4_7808435474" mappedValue="0"/>
<mapEntry mapKey="vufsw-measuresofspread-0069-nl-qti_461813627_section_1_item_1_schoice_5_6772178867" mappedValue="0"/>
</mapping>
</responseDeclaration>
<outcomeDeclaration identifier="SCORE" cardinality="single" baseType="float" normalMaximum="1" normalMinimum="0">
<defaultValue>
<value>0.0</value>
</defaultValue>
</outcomeDeclaration>
<outcomeDeclaration identifier="MAXSCORE" cardinality="single" baseType="float">
<defaultValue>
<value>1</value>
</defaultValue>
</outcomeDeclaration>
<outcomeDeclaration identifier="FEEDBACKBASIC" cardinality="single" baseType="identifier" view="testConstructor">
<defaultValue>
<value>empty</value>
</defaultValue>
</outcomeDeclaration>
<outcomeDeclaration identifier="FEEDBACKMODAL" cardinality="multiple" baseType="identifier" view="testConstructor"/>
<outcomeDeclaration identifier="MINSCORE" cardinality="single" baseType="float">
<defaultValue>
<value baseType="float">0</value>
</defaultValue>
</outcomeDeclaration>
<outcomeDeclaration identifier="SCORE_RESPONSE_1" cardinality="single" baseType="float">
<defaultValue>
<value>0.0</value>
</defaultValue>
</outcomeDeclaration>
<outcomeDeclaration identifier="MINSCORE_RESPONSE_1" cardinality="single" baseType="float">
<defaultValue>
<value>0.0</value>
</defaultValue>
</outcomeDeclaration>
<itemBody>
<p>Hieronder staan twee formules voor het berekenen van de standaardfout
van de steekproevenverdeling van een proportie, namelijk respectievelijk
de standaardfout (se) en de exacte standaardfout (se<sub>0</sub>).
Wanneer gebruik je welke formule? </p>
<p><img src="Screen__Shot__2019-03-22__at__23.57.43.png"
class="fr-fic fr-dii enlargeimage tvcss_2"
alt="Screen Shot 2019-03-22 at 23.57.43" /></p>
<p><img src="Screen__Shot__2019-03-22__at__23.56.23.png"
class="fr-fic fr-dii enlargeimage tvcss_3"
alt="Screen Shot 2019-03-22 at 23.56.23" /></p>
<choiceInteraction responseIdentifier="vufsw-measuresofspread-0069-nl-qti_461813627_section_1_item_1_schoice_RESPONSE_1_3986679" shuffle="false" maxChoices="1">
<simpleChoice identifier="vufsw-measuresofspread-0069-nl-qti_461813627_section_1_item_1_schoice_1_1247255447">
<p>
a. De standaardfout (se) gebruik je bij een t-verdeling en de exacte standaardfout (se<sub>0</sub>) gebruik je bij de Standaard Normale Verdeling (de z-verdeling).
</p>
</simpleChoice>
<simpleChoice identifier="vufsw-measuresofspread-0069-nl-qti_461813627_section_1_item_1_schoice_2_8759497260">
<p>
b. De standaardfout (se) gebruik je bij het berekenen van een betrouwbaarheidsinterval en de exacte standaardfout (se<sub>0</sub>) bij het toetsen van een hypothese.
</p>
</simpleChoice>
<simpleChoice identifier="vufsw-measuresofspread-0069-nl-qti_461813627_section_1_item_1_schoice_3_3041832974">
<p>
c. De standaardfout (se) gebruik je bij voor <strong>steekproef</strong>verdeling en de exacte standaardfout (se<sub>0</sub>) voor de <strong>steekproeven</strong>verdeling.
</p>
</simpleChoice>
<simpleChoice identifier="vufsw-measuresofspread-0069-nl-qti_461813627_section_1_item_1_schoice_4_7808435474">
<p>
d. De standaardfout (se) gebruik je bij een categorische variabele en de exacte standaardfout (se<sub>0</sub>) bij een kwantitatieve variabele.
</p>
</simpleChoice>
<simpleChoice identifier="vufsw-measuresofspread-0069-nl-qti_461813627_section_1_item_1_schoice_5_6772178867">
<p>
e. De standaardfout (se) gebruik je voor de alternatieve hypothese (H<sub>a</sub>) en de exacte standaardfout (se<sub>0</sub>) gebruik je voor de nulhypothese (H<sub>0</sub>).
</p>
</simpleChoice>
</choiceInteraction>
</itemBody>
<responseProcessing>
<responseCondition>
<responseIf>
<isNull>
<variable identifier="vufsw-measuresofspread-0069-nl-qti_461813627_section_1_item_1_schoice_RESPONSE_1_3986679"/>
</isNull>
<setOutcomeValue identifier="SCORE_RESPONSE_1">
<sum>
<variable identifier="SCORE_RESPONSE_1"/>
<baseValue baseType="float">0</baseValue>
</sum>
</setOutcomeValue>
</responseIf>
</responseCondition>
<setOutcomeValue identifier="SCORE_RESPONSE_1">
<sum>
<variable identifier="SCORE_RESPONSE_1"/>
<mapResponse identifier="vufsw-measuresofspread-0069-nl-qti_461813627_section_1_item_1_schoice_RESPONSE_1_3986679"/>
</sum>
</setOutcomeValue>
<responseCondition>
<responseIf>
<lt>
<variable identifier="SCORE_RESPONSE_1"/>
<variable identifier="MINSCORE_RESPONSE_1"/>
</lt>
<setOutcomeValue identifier="SCORE_RESPONSE_1">
<variable identifier="MINSCORE_RESPONSE_1"/>
</setOutcomeValue>
</responseIf>
</responseCondition>
<setOutcomeValue identifier="SCORE">
<sum>
<variable identifier="SCORE_RESPONSE_1"/>
</sum>
</setOutcomeValue>
<responseCondition>
<responseIf>
<lt>
<variable identifier="SCORE"/>
<variable identifier="MINSCORE"/>
</lt>
<setOutcomeValue identifier="SCORE">
<variable identifier="MINSCORE"/>
</setOutcomeValue>
</responseIf>
</responseCondition>
<responseCondition>
<responseIf>
<lt>
<variable identifier="SCORE"/>
<baseValue baseType="float">1</baseValue>
</lt>
<setOutcomeValue identifier="FEEDBACKMODAL">
<multiple>
<variable identifier="FEEDBACKMODAL"/>
<baseValue baseType="identifier">Feedback996371111</baseValue>
</multiple>
</setOutcomeValue>
</responseIf>
</responseCondition>
</responseProcessing>
<modalFeedback identifier="Feedback996371111" outcomeIdentifier="FEEDBACKMODAL" showHide="show">
<ol type = "a">
<li> De standaardfout (se) gebruik je bij een t-verdeling en de exacte standaardfout (se<sub>0</sub>) gebruik je bij de Standaard Normale Verdeling (de z-verdeling). <br /> False </li>
<li> De standaardfout (se) gebruik je bij het berekenen van een betrouwbaarheidsinterval en de exacte standaardfout (se<sub>0</sub>) bij het toetsen van een hypothese. <br /> True </li>
<li> De standaardfout (se) gebruik je bij voor <strong>steekproef</strong>verdeling en de exacte standaardfout (se<sub>0</sub>) voor de <strong>steekproeven</strong>verdeling. <br /> False </li>
<li> De standaardfout (se) gebruik je bij een categorische variabele en de exacte standaardfout (se<sub>0</sub>) bij een kwantitatieve variabele. <br /> False </li>
<li> De standaardfout (se) gebruik je voor de alternatieve hypothese (H<sub>a</sub>) en de exacte standaardfout (se<sub>0</sub>) gebruik je voor de nulhypothese (H<sub>0</sub>). <br /> False </li>
</ol>
</modalFeedback>
</assessmentItem>
