<?xml version="1.0" encoding="utf-8" standalone="yes"?>
<assessmentItem identifier="uva-general-rules-1331-en-tv_202601131819_item_1_schoice" title="uva-general-rules-1331-en-tv_202601131819_item_1_schoice_uva-general-rules-1331-en" adaptive="false" timeDependent="false" toolName="Testvision Online" toolVersion="39.0.9084" xmlns="http://www.imsglobal.org/xsd/imsqti_v2p1">
<responseDeclaration identifier="RESPONSE" cardinality="single" baseType="identifier">
<correctResponse>
<value>alt_271388</value>
</correctResponse>
<mapping defaultValue="0" lowerBound="0.0">
<mapEntry mapKey="alt_626550" mappedValue="-0.333333333333333"/>
<mapEntry mapKey="alt_575099" mappedValue="-0.333333333333333"/>
<mapEntry mapKey="alt_196052" mappedValue="-0.333333333333333"/>
<mapEntry mapKey="alt_271388" mappedValue="1"/>
</mapping>
</responseDeclaration>
<outcomeDeclaration identifier="SCORE" cardinality="single" baseType="float" normalMaximum="1" normalMinimum="0" />
<outcomeDeclaration identifier="FEEDBACK" cardinality="single" baseType="identifier" />
<stylesheet href="css/uva-general-rules-1331-en-tv_202601131819_item_1_schoice.css" type="text/css" />
<itemBody>
<p>11% of first-year students take an additional course in Statistics. Suppose you take a random sample of 12 first-year students.‖ What is then the probability that there is at least one student who takes the course Statistics course?</p>
<choiceInteraction responseIdentifier="RESPONSE" shuffle="false" maxChoices="1">
<simpleChoice identifier="alt_626550">
<div class="textblock tvblock tvcss_1"><div class="rte_zone tveditor1">
 0,1111
</div>
</div>
</simpleChoice>
<simpleChoice identifier="alt_575099">
<div class="textblock tvblock tvcss_1"><div class="rte_zone tveditor1">
 1-0,1111
</div>
</div>
</simpleChoice>
<simpleChoice identifier="alt_196052">
<div class="textblock tvblock tvcss_1"><div class="rte_zone tveditor1">
 0,8912
</div>
</div>
</simpleChoice>
<simpleChoice identifier="alt_271388">
<div class="textblock tvblock tvcss_1"><div class="rte_zone tveditor1">
 1-0,8912
</div>
</div>
</simpleChoice>
</choiceInteraction>
</itemBody>
<responseProcessing>
<responseCondition>
<responseIf>
<isNull>
<variable identifier="RESPONSE"/>
</isNull>
<setOutcomeValue identifier="SCORE">
<baseValue baseType="float">0.0</baseValue>
</setOutcomeValue>
<setOutcomeValue identifier="FEEDBACK">
<baseValue baseType="identifier">FAILURE</baseValue>
</setOutcomeValue>
</responseIf>
<responseElse>
<setOutcomeValue identifier="SCORE">
<mapResponse identifier="RESPONSE"/>
</setOutcomeValue>
<responseCondition>
<responseIf>
<equal toleranceMode="relative" tolerance="0.001">
<variable identifier="SCORE"/>
<variable identifier="MAXSCORE"/>
</equal>
<setOutcomeValue identifier="FEEDBACK">
<baseValue baseType="identifier">ANSWER_CORRECT</baseValue>
</setOutcomeValue>
</responseIf>
<responseElse>
<setOutcomeValue identifier="FEEDBACK">
<baseValue baseType="identifier">FAILURE</baseValue>
</setOutcomeValue>
</responseElse>
</responseCondition>
</responseElse>
</responseCondition>
</responseProcessing>
<modalFeedback identifier="FAILURE" outcomeIdentifier="FEEDBACK" showHide="show">
<div class="textblock tvblock tvcss_1"><div class="rte_zone tveditor1">
<ul>
<li> 0,1111 <br /> 0,1111: Incorrect </li>
<li> 1-0,1111 <br /> 1-0,1111: Incorrect </li>
<li> 0,8912 <br /> 0.8912: Incorrect </li>
<li> 1-0,8912 <br /> 1-0,8912: Correct </li>
</ul>
</div>
</div>
</modalFeedback>
<modalFeedback identifier="ANSWER_CORRECT" outcomeIdentifier="FEEDBACK" showHide="show">
<div class="textblock tvblock tvcss_1"><div class="rte_zone tveditor1">
<ul>
<li> 0,1111 <br /> 0,1111: Incorrect </li>
<li> 1-0,1111 <br /> 1-0,1111: Incorrect </li>
<li> 0,8912 <br /> 0.8912: Incorrect </li>
<li> 1-0,8912 <br /> 1-0,8912: Correct </li>
</ul>
</div>
</div>
</modalFeedback>
<modalFeedback identifier="PARTIAL_CORRECT" outcomeIdentifier="FEEDBACK" showHide="show">
<div class="textblock tvblock tvcss_1"><div class="rte_zone tveditor1">
<ul>
<li> 0,1111 <br /> 0,1111: Incorrect </li>
<li> 1-0,1111 <br /> 1-0,1111: Incorrect </li>
<li> 0,8912 <br /> 0.8912: Incorrect </li>
<li> 1-0,8912 <br /> 1-0,8912: Correct </li>
</ul>
</div>
</div>
</modalFeedback>
</assessmentItem>
