<?xml version="1.0" encoding="UTF-8"?>
<assessmentItem xsi:schemaLocation="http://www.imsglobal.org/xsd/imsqti_v2p1 http://www.imsglobal.org/xsd/qti/qtiv2p1/imsqti_v2p1p1.xsd http://www.w3.org/1998/Math/MathML http://www.w3.org/Math/XMLSchema/mathml2/mathml2.xsd" identifier="vufsw-onewayanova-1247-nl-ans_878153605_section_1_item_1_schoice" title="Inferential_Statistics_vufsw-onewayanova-1247-nl_vufsw-onewayanova-1247-nl_schoice_1" adaptive="false" timeDependent="false" xmlns="http://www.imsglobal.org/xsd/imsqti_v2p1" xmlns:xsi="http://www.w3.org/2001/XMLSchema-instance">
<responseDeclaration identifier="vufsw-onewayanova-1247-nl-ans_878153605_section_1_item_1_schoice_RESPONSE_1_5795831" cardinality="single" baseType="identifier">
<correctResponse>
<value>vufsw-onewayanova-1247-nl-ans_878153605_section_1_item_1_schoice_3_1700163816</value>
</correctResponse>
<mapping defaultValue="0" lowerBound="0.0">
<mapEntry mapKey="vufsw-onewayanova-1247-nl-ans_878153605_section_1_item_1_schoice_1_1772796556" mappedValue="0"/>
<mapEntry mapKey="vufsw-onewayanova-1247-nl-ans_878153605_section_1_item_1_schoice_2_6723567327" mappedValue="0"/>
<mapEntry mapKey="vufsw-onewayanova-1247-nl-ans_878153605_section_1_item_1_schoice_3_1700163816" mappedValue="1"/>
<mapEntry mapKey="vufsw-onewayanova-1247-nl-ans_878153605_section_1_item_1_schoice_4_5907124456" mappedValue="0"/>
</mapping>
</responseDeclaration>
<outcomeDeclaration identifier="SCORE" cardinality="single" baseType="float" normalMaximum="1" normalMinimum="0">
<defaultValue>
<value>0.0</value>
</defaultValue>
</outcomeDeclaration>
<outcomeDeclaration identifier="MAXSCORE" cardinality="single" baseType="float">
<defaultValue>
<value>1</value>
</defaultValue>
</outcomeDeclaration>
<outcomeDeclaration identifier="FEEDBACKBASIC" cardinality="single" baseType="identifier" view="testConstructor">
<defaultValue>
<value>empty</value>
</defaultValue>
</outcomeDeclaration>
<outcomeDeclaration identifier="FEEDBACKMODAL" cardinality="multiple" baseType="identifier" view="testConstructor"/>
<outcomeDeclaration identifier="SOLUTIONMODAL" cardinality="single" baseType="identifier" view="testConstructor"/>
<outcomeDeclaration identifier="MINSCORE" cardinality="single" baseType="float">
<defaultValue>
<value baseType="float">0</value>
</defaultValue>
</outcomeDeclaration>
<outcomeDeclaration identifier="SCORE_RESPONSE_1" cardinality="single" baseType="float">
<defaultValue>
<value>0.0</value>
</defaultValue>
</outcomeDeclaration>
<outcomeDeclaration identifier="MINSCORE_RESPONSE_1" cardinality="single" baseType="float">
<defaultValue>
<value>0.0</value>
</defaultValue>
</outcomeDeclaration>
<itemBody>
<p>Een onderzoeker voert een regressieanalyse uit met SPSS en krijgt de volgende ANOVA-tabel:</p>
<p><img src="media/supplements1/1644915328114.png" /></p>
<p>Hoeveel variantie van Y wordt verklaard door dit regressiemodel?</p>
<choiceInteraction responseIdentifier="vufsw-onewayanova-1247-nl-ans_878153605_section_1_item_1_schoice_RESPONSE_1_5795831" shuffle="false" maxChoices="1">
<simpleChoice identifier="vufsw-onewayanova-1247-nl-ans_878153605_section_1_item_1_schoice_1_1772796556">
<p>
 Dit kan niet worden berekend op basis van bovenstaande output.
</p>
</simpleChoice>
<simpleChoice identifier="vufsw-onewayanova-1247-nl-ans_878153605_section_1_item_1_schoice_2_6723567327">
<p>
 4.2%
</p>
</simpleChoice>
<simpleChoice identifier="vufsw-onewayanova-1247-nl-ans_878153605_section_1_item_1_schoice_3_1700163816">
<p>
 5.1%
</p>
</simpleChoice>
<simpleChoice identifier="vufsw-onewayanova-1247-nl-ans_878153605_section_1_item_1_schoice_4_5907124456">
<p>
 4.8%
</p>
</simpleChoice>
</choiceInteraction>
</itemBody>
<responseProcessing>
<setOutcomeValue identifier="SCORE_RESPONSE_1">
<sum>
<variable identifier="SCORE_RESPONSE_1"/>
<mapResponse identifier="vufsw-onewayanova-1247-nl-ans_878153605_section_1_item_1_schoice_RESPONSE_1_5795831"/>
</sum>
</setOutcomeValue>
<responseCondition>
<responseIf>
<lt>
<variable identifier="SCORE_RESPONSE_1"/>
<variable identifier="MINSCORE_RESPONSE_1"/>
</lt>
<setOutcomeValue identifier="SCORE_RESPONSE_1">
<variable identifier="MINSCORE_RESPONSE_1"/>
</setOutcomeValue>
</responseIf>
</responseCondition>
<responseCondition>
<responseIf>
<isNull>
<variable identifier="vufsw-onewayanova-1247-nl-ans_878153605_section_1_item_1_schoice_RESPONSE_1_5795831"/>
</isNull>
<setOutcomeValue identifier="SCORE_RESPONSE_1">
<sum>
<variable identifier="SCORE_RESPONSE_1"/>
<baseValue baseType="float">0</baseValue>
</sum>
</setOutcomeValue>
</responseIf>
</responseCondition>
<setOutcomeValue identifier="SCORE">
<sum>
<variable identifier="SCORE_RESPONSE_1"/>
</sum>
</setOutcomeValue>
<responseCondition>
<responseIf>
<lt>
<variable identifier="SCORE"/>
<variable identifier="MINSCORE"/>
</lt>
<setOutcomeValue identifier="SCORE">
<variable identifier="MINSCORE"/>
</setOutcomeValue>
</responseIf>
</responseCondition>
<responseCondition>
<responseIf>
<lt>
<variable identifier="SCORE"/>
<baseValue baseType="float">1</baseValue>
</lt>
<setOutcomeValue identifier="FEEDBACKMODAL">
<multiple>
<variable identifier="FEEDBACKMODAL"/>
<baseValue baseType="identifier">Feedback135271100</baseValue>
</multiple>
</setOutcomeValue>
</responseIf>
</responseCondition>
</responseProcessing>
<modalFeedback outcomeIdentifier="FEEDBACK" showHide="show" identifier="incorrect">
<p>Je kunt de R<sup>2</sup> berekenen door (totale som van kwadraten -restant) / totale som van kwadraten=(2564.601-2433.288)/ 2564.601= 131,313/2564,601=0,051 Dus 5,1</p>
<p>Moeilijkheidsniveaus Moeilijk</p>
<p>M&amp;T Bivariate lineaire regressie Bivariate lineaire regressie</p>
<p>M&amp;T Multivariate lineaire regressie Standaardwaarde</p>
<br />
<ul>
<li> Dit kan niet worden berekend op basis van bovenstaande output. <br /> Onwaar </li>
<li> 4.2% <br /> Onwaar </li>
<li> 5.1% <br /> Waar </li>
<li> 4.8% <br /> Onwaar </li>
</ul>
</modalFeedback>
</assessmentItem>
