<?xml version="1.0" encoding="UTF-8"?>
<assessmentItem xsi:schemaLocation="http://www.imsglobal.org/xsd/imsqti_v2p1 http://www.imsglobal.org/xsd/qti/qtiv2p1/imsqti_v2p1p1.xsd http://www.w3.org/1998/Math/MathML http://www.w3.org/Math/XMLSchema/mathml2/mathml2.xsd" identifier="uva-sample-mean-593-en-qti_621782952_section_1_item_1_schoice" title="1" adaptive="false" timeDependent="false" xmlns="http://www.imsglobal.org/xsd/imsqti_v2p1" xmlns:xsi="http://www.w3.org/2001/XMLSchema-instance">
<responseDeclaration identifier="uva-sample-mean-593-en-qti_621782952_section_1_item_1_schoice_RESPONSE_1_3669524" cardinality="single" baseType="identifier">
<correctResponse>
<value>uva-sample-mean-593-en-qti_621782952_section_1_item_1_schoice_2_9019912557</value>
</correctResponse>
<mapping defaultValue="0" lowerBound="0.0">
<mapEntry mapKey="uva-sample-mean-593-en-qti_621782952_section_1_item_1_schoice_1_2080206334" mappedValue="0"/>
<mapEntry mapKey="uva-sample-mean-593-en-qti_621782952_section_1_item_1_schoice_2_9019912557" mappedValue="1"/>
<mapEntry mapKey="uva-sample-mean-593-en-qti_621782952_section_1_item_1_schoice_3_4252934100" mappedValue="0"/>
<mapEntry mapKey="uva-sample-mean-593-en-qti_621782952_section_1_item_1_schoice_4_7192219062" mappedValue="0"/>
</mapping>
</responseDeclaration>
<outcomeDeclaration identifier="SCORE" cardinality="single" baseType="float" normalMaximum="1" normalMinimum="0">
<defaultValue>
<value>0.0</value>
</defaultValue>
</outcomeDeclaration>
<outcomeDeclaration identifier="MAXSCORE" cardinality="single" baseType="float">
<defaultValue>
<value>1</value>
</defaultValue>
</outcomeDeclaration>
<outcomeDeclaration identifier="FEEDBACKBASIC" cardinality="single" baseType="identifier" view="testConstructor">
<defaultValue>
<value>empty</value>
</defaultValue>
</outcomeDeclaration>
<outcomeDeclaration identifier="FEEDBACKMODAL" cardinality="multiple" baseType="identifier" view="testConstructor"/>
<outcomeDeclaration identifier="SOLUTIONMODAL" cardinality="single" baseType="identifier" view="testConstructor"/>
<outcomeDeclaration identifier="MINSCORE" cardinality="single" baseType="float">
<defaultValue>
<value baseType="float">0</value>
</defaultValue>
</outcomeDeclaration>
<outcomeDeclaration identifier="SCORE_RESPONSE_1" cardinality="single" baseType="float">
<defaultValue>
<value>0.0</value>
</defaultValue>
</outcomeDeclaration>
<outcomeDeclaration identifier="MINSCORE_RESPONSE_1" cardinality="single" baseType="float">
<defaultValue>
<value>0.0</value>
</defaultValue>
</outcomeDeclaration>
<itemBody>
<p>Suppose a stochastic variable r is normally distributed with μ = 15 and σ<sup>²</sup> = 25. What is the probability that a randomly drawn value from this distribution value lies between 10 and 13?</p>
<choiceInteraction responseIdentifier="uva-sample-mean-593-en-qti_621782952_section_1_item_1_schoice_RESPONSE_1_3669524" shuffle="false" maxChoices="1">
<simpleChoice identifier="uva-sample-mean-593-en-qti_621782952_section_1_item_1_schoice_1_2080206334">
<p>
 0.4967
</p>
</simpleChoice>
<simpleChoice identifier="uva-sample-mean-593-en-qti_621782952_section_1_item_1_schoice_2_9019912557">
<p>
 0.1859
</p>
</simpleChoice>
<simpleChoice identifier="uva-sample-mean-593-en-qti_621782952_section_1_item_1_schoice_3_4252934100">
<p>
 0.3141
</p>
</simpleChoice>
<simpleChoice identifier="uva-sample-mean-593-en-qti_621782952_section_1_item_1_schoice_4_7192219062">
<p>
 0.6859
</p>
</simpleChoice>
</choiceInteraction>
</itemBody>
<responseProcessing>
<setOutcomeValue identifier="SCORE_RESPONSE_1">
<sum>
<variable identifier="SCORE_RESPONSE_1"/>
<mapResponse identifier="uva-sample-mean-593-en-qti_621782952_section_1_item_1_schoice_RESPONSE_1_3669524"/>
</sum>
</setOutcomeValue>
<responseCondition>
<responseIf>
<lt>
<variable identifier="SCORE_RESPONSE_1"/>
<variable identifier="MINSCORE_RESPONSE_1"/>
</lt>
<setOutcomeValue identifier="SCORE_RESPONSE_1">
<variable identifier="MINSCORE_RESPONSE_1"/>
</setOutcomeValue>
</responseIf>
</responseCondition>
<responseCondition>
<responseIf>
<isNull>
<variable identifier="uva-sample-mean-593-en-qti_621782952_section_1_item_1_schoice_RESPONSE_1_3669524"/>
</isNull>
<setOutcomeValue identifier="SCORE_RESPONSE_1">
<sum>
<variable identifier="SCORE_RESPONSE_1"/>
<baseValue baseType="float">0</baseValue>
</sum>
</setOutcomeValue>
</responseIf>
</responseCondition>
<setOutcomeValue identifier="SCORE">
<sum>
<variable identifier="SCORE_RESPONSE_1"/>
</sum>
</setOutcomeValue>
<responseCondition>
<responseIf>
<lt>
<variable identifier="SCORE"/>
<variable identifier="MINSCORE"/>
</lt>
<setOutcomeValue identifier="SCORE">
<variable identifier="MINSCORE"/>
</setOutcomeValue>
</responseIf>
</responseCondition>
<responseCondition>
<responseIf>
<lt>
<variable identifier="SCORE"/>
<baseValue baseType="float">1</baseValue>
</lt>
<setOutcomeValue identifier="FEEDBACKMODAL">
<multiple>
<variable identifier="FEEDBACKMODAL"/>
<baseValue baseType="identifier">Feedback908026712</baseValue>
</multiple>
</setOutcomeValue>
</responseIf>
</responseCondition>
</responseProcessing>
<modalFeedback identifier="Feedback908026712" outcomeIdentifier="FEEDBACKMODAL" showHide="show">
<ul>
<li> 0.4967 <br /> 0.4967: Incorrect </li>
<li> 0.1859 <br /> 0.1859: Correct </li>
<li> 0.3141 <br /> 0.3141: Incorrect </li>
<li> 0.6859 <br /> 0.6859: Incorrect </li>
</ul>
</modalFeedback>
</assessmentItem>
