<?xml version="1.0" encoding="UTF-8"?>
<!DOCTYPE questestinterop SYSTEM "ims_qtiasiv1p2p1.dtd">

<questestinterop xmlns="http://www.imsglobal.org/xsd/ims_qtiasiv1p2" xmlns:xsi="http://www.w3.org/2001/XMLSchema-instance" xsi:schemaLocation="http://www.imsglobal.org/xsd/ims_qtiasiv1p2 http://www.imsglobal.org/xsd/ims_qtiasiv1p2p1.xsd">
<assessment ident="vufsw-correlations-1295-nl-canvas_140066245" title="vufsw-correlations-1295-nl-canvas">

<qtimetadata>
<qtimetadatafield>
<fieldlabel>cc_maxattempts</fieldlabel>
<fieldentry>1</fieldentry>
</qtimetadatafield>
<qtimetadatafield>
<fieldlabel>qmd_assessmenttype</fieldlabel>
<fieldentry>Assessment</fieldentry>
</qtimetadatafield>
</qtimetadata>
<objectives>
<material>
<mattext><![CDATA[Please solve the following exercises.]]></mattext>
</material>
</objectives>
<assessmentcontrol feedbackswitch="No" hintswitch="No" solutionswitch="Yes"/>
<outcomes_processing scoremodel="SumOfScores">
<outcomes>
<decvar varname="SCORE" vartype="Decimal" cutvalue="0"/>
</outcomes>
</outcomes_processing>
<assessfeedback title="AssessmentFeedback" ident="AssessmentFeedback">
<flow_mat>
<material>
<mattext>##AssessmentFeedback##</mattext>
</material>
</flow_mat>
</assessfeedback>

<section ident="vufsw-correlations-1295-nl-canvas_140066245_section_1" title="Exercise">

<objectives>
<material>
<mattext><![CDATA[Please answer the following question.]]></mattext>
</material>
</objectives>
<selection_ordering>
<selection>
<selection_number>1</selection_number>
<selection_extension>
<points_per_item>1</points_per_item>
</selection_extension>
</selection>
<order order_type="Random"/>
</selection_ordering>

<item ident="vufsw-correlations-1295-nl-canvas_140066245_section_1_item_1_schoice" title="Question" maxattempts="1">
<itemcontrol feedbackswitch="No" hintswitch="No" solutionswitch="Yes"/>
<itemmetadata>
<qtimetadata>
<qtimetadatafield>
<fieldlabel>question_type</fieldlabel>
<fieldentry>multiple_choice_question</fieldentry>
</qtimetadatafield>
</qtimetadata>
</itemmetadata>
<presentation>
<flow>
<material>
<matbreak/>
<mattext texttype="text/html" charset="utf-8"><![CDATA[
<p>In de onderstaande partiële correlatiematrix, inclusief zero-order
correlaties, is het verband tussen sekse en inkomen onderzocht en of
deze relatie verandert wanneer je het aantal arbeidsuren constant houdt.
Er geldt Y = inkomen (INCOME: een hogere score betekent een hoger
inkomen uit arbeid), X = sekse (GENDER: 0 = man; 1 = vrouw), en de
variabele (Z) die constant gehouden wordt in het onderste deel van de
matrix is arbeidsuren (WRKHRS: aantal uren per week besteed aan
arbeid).</p>
<p><img src="data/supplements_1_1/1605614559401.png" /></p>
<p>Hoe moeten we de correlatie van -.346 inhoudelijk interpreteren?</p>
]]></mattext>
<matbreak/>
</material>
<response_lid ident="vufsw-correlations-1295-nl-canvas_140066245_section_1_item_1_schoice_RESPONSE_3690145" rcardinality="Single" rtiming="No">
<render_choice shuffle="No">
<flow_label class="List">
<response_label ident="vufsw-correlations-1295-nl-canvas_140066245_section_1_item_1_schoice_1693521464" rshuffle="No">
<material>
<mattext texttype="text/html" charset="utf-8"><![CDATA[
 Hoe hoger het inkomen, des te minder het aantal uren dat gewerkt wordt, waarbij sekse constant is gehouden.
]]></mattext>
</material>
</response_label>
</flow_label>
<flow_label class="List">
<response_label ident="vufsw-correlations-1295-nl-canvas_140066245_section_1_item_1_schoice_4432428577" rshuffle="No">
<material>
<mattext texttype="text/html" charset="utf-8"><![CDATA[
 Vrouwen werken minder uren dan mannen, wanneer mannen en vrouwen met hetzelfde inkomen worden vergeleken.
]]></mattext>
</material>
</response_label>
</flow_label>
<flow_label class="List">
<response_label ident="vufsw-correlations-1295-nl-canvas_140066245_section_1_item_1_schoice_2268381558" rshuffle="No">
<material>
<mattext texttype="text/html" charset="utf-8"><![CDATA[
 Hoe meer uren gewerkt worden, des hoger het inkomen, waarbij sekse constant is gehouden.
]]></mattext>
</material>
</response_label>
</flow_label>
<flow_label class="List">
<response_label ident="vufsw-correlations-1295-nl-canvas_140066245_section_1_item_1_schoice_8695425073" rshuffle="No">
<material>
<mattext texttype="text/html" charset="utf-8"><![CDATA[
 Vrouwen hebben een lager inkomen dan mannen, wanneer mannen en vrouwen met hetzelfde aantal arbeidsuren worden vergeleken.
]]></mattext>
</material>
</response_label>
</flow_label>
</render_choice>
</response_lid>
</flow>
</presentation>
<resprocessing>
<outcomes>
<decvar varname="SCORE" vartype="Decimal" defaultval="0" minvalue="0" maxvalue="1" cutvalue="1"/>
</outcomes>
<respcondition title="Mastery" continue="No">
<conditionvar>
<and>
<varequal respident="vufsw-correlations-1295-nl-canvas_140066245_section_1_item_1_schoice_RESPONSE_3690145" case="Yes">vufsw-correlations-1295-nl-canvas_140066245_section_1_item_1_schoice_8695425073</varequal>
<not> <varequal respident="vufsw-correlations-1295-nl-canvas_140066245_section_1_item_1_schoice_RESPONSE_3690145" case="Yes">vufsw-correlations-1295-nl-canvas_140066245_section_1_item_1_schoice_1693521464</varequal> </not>
<not> <varequal respident="vufsw-correlations-1295-nl-canvas_140066245_section_1_item_1_schoice_RESPONSE_3690145" case="Yes">vufsw-correlations-1295-nl-canvas_140066245_section_1_item_1_schoice_4432428577</varequal> </not>
<not> <varequal respident="vufsw-correlations-1295-nl-canvas_140066245_section_1_item_1_schoice_RESPONSE_3690145" case="Yes">vufsw-correlations-1295-nl-canvas_140066245_section_1_item_1_schoice_2268381558</varequal> </not>
</and>
</conditionvar>
<setvar varname="SCORE" action="Set">1</setvar>
<displayfeedback feedbacktype="Response" linkrefid="correct_fb"/>
</respcondition>
<respcondition continue="Yes">
<conditionvar>
<other/>
</conditionvar>
<displayfeedback feedbacktype="Response" linkrefid="general_incorrect_fb"/>
</respcondition>
</resprocessing>
<itemfeedback ident="correct_fb" view="All">
<flow_mat>
<material>
<mattext texttype="text/html"><![CDATA[
<ul>
<li> Hoe hoger het inkomen, des te minder het aantal uren dat gewerkt wordt, waarbij sekse constant is gehouden. <br /> False </li>
<li> Vrouwen werken minder uren dan mannen, wanneer mannen en vrouwen met hetzelfde inkomen worden vergeleken. <br /> False </li>
<li> Hoe meer uren gewerkt worden, des hoger het inkomen, waarbij sekse constant is gehouden. <br /> False </li>
<li> Vrouwen hebben een lager inkomen dan mannen, wanneer mannen en vrouwen met hetzelfde aantal arbeidsuren worden vergeleken. <br /> True </li>
</ul>
]]></mattext>
</material>
</flow_mat>
</itemfeedback>
<itemfeedback ident="general_incorrect_fb" view="All">
<flow_mat>
<material>
<mattext texttype="text/html"><![CDATA[
<ul>
<li> Hoe hoger het inkomen, des te minder het aantal uren dat gewerkt wordt, waarbij sekse constant is gehouden. <br /> False </li>
<li> Vrouwen werken minder uren dan mannen, wanneer mannen en vrouwen met hetzelfde inkomen worden vergeleken. <br /> False </li>
<li> Hoe meer uren gewerkt worden, des hoger het inkomen, waarbij sekse constant is gehouden. <br /> False </li>
<li> Vrouwen hebben een lager inkomen dan mannen, wanneer mannen en vrouwen met hetzelfde aantal arbeidsuren worden vergeleken. <br /> True </li>
</ul>
]]></mattext>
</material>
</flow_mat>
</itemfeedback>
</item>


</section>

</assessment>
</questestinterop>
