<?xml version="1.0" encoding="UTF-8"?>
<!DOCTYPE questestinterop SYSTEM "ims_qtiasiv1p2p1.dtd">

<questestinterop xmlns="http://www.imsglobal.org/xsd/ims_qtiasiv1p2" xmlns:xsi="http://www.w3.org/2001/XMLSchema-instance" xsi:schemaLocation="http://www.imsglobal.org/xsd/ims_qtiasiv1p2 http://www.imsglobal.org/xsd/ims_qtiasiv1p2p1.xsd">
<assessment ident="vufgb-logisticregression-005-en-canvas_171761098" title="vufgb-logisticregression-005-en-canvas">

<qtimetadata>
<qtimetadatafield>
<fieldlabel>cc_maxattempts</fieldlabel>
<fieldentry>1</fieldentry>
</qtimetadatafield>
<qtimetadatafield>
<fieldlabel>qmd_assessmenttype</fieldlabel>
<fieldentry>Assessment</fieldentry>
</qtimetadatafield>
</qtimetadata>
<objectives>
<material>
<mattext><![CDATA[Please solve the following exercises.]]></mattext>
</material>
</objectives>
<assessmentcontrol feedbackswitch="No" hintswitch="No" solutionswitch="Yes"/>
<outcomes_processing scoremodel="SumOfScores">
<outcomes>
<decvar varname="SCORE" vartype="Decimal" cutvalue="0"/>
</outcomes>
</outcomes_processing>
<assessfeedback title="AssessmentFeedback" ident="AssessmentFeedback">
<flow_mat>
<material>
<mattext>##AssessmentFeedback##</mattext>
</material>
</flow_mat>
</assessfeedback>

<section ident="vufgb-logisticregression-005-en-canvas_171761098_section_1" title="Exercise">

<objectives>
<material>
<mattext><![CDATA[Please answer the following question.]]></mattext>
</material>
</objectives>
<selection_ordering>
<selection>
<selection_number>1</selection_number>
<selection_extension>
<points_per_item>1</points_per_item>
</selection_extension>
</selection>
<order order_type="Random"/>
</selection_ordering>

<item ident="vufgb-logisticregression-005-en-canvas_171761098_section_1_item_1_schoice" title="Question" maxattempts="1">
<itemcontrol feedbackswitch="No" hintswitch="No" solutionswitch="Yes"/>
<itemmetadata>
<qtimetadata>
<qtimetadatafield>
<fieldlabel>question_type</fieldlabel>
<fieldentry>multiple_choice_question</fieldentry>
</qtimetadatafield>
</qtimetadata>
</itemmetadata>
<presentation>
<flow>
<material>
<matbreak/>
<mattext texttype="text/html" charset="utf-8"><![CDATA[
<p>Given is the table below with results of a multinomial logistic regression analysis.</p>
<p><img src="data/supplements_1_1/vufgb-logisticregression-005-nl.png" /></p>
<p>The predictor “Female” is dummy-coded (0 = male, 1 = female). Which statement about women and ice cream is TRUE, looking at the result <em>Exp</em>(<em>B</em>) = 2.263?</p>
]]></mattext>
<matbreak/>
</material>
<response_lid ident="vufgb-logisticregression-005-en-canvas_171761098_section_1_item_1_schoice_RESPONSE_1039292" rcardinality="Single" rtiming="No">
<render_choice shuffle="No">
<flow_label class="List">
<response_label ident="vufgb-logisticregression-005-en-canvas_171761098_section_1_item_1_schoice_3904600315" rshuffle="No">
<material>
<mattext texttype="text/html" charset="utf-8"><![CDATA[
 The ratio of women to men who prefer chocolate ice cream is more than two.
]]></mattext>
</material>
</response_label>
</flow_label>
<flow_label class="List">
<response_label ident="vufgb-logisticregression-005-en-canvas_171761098_section_1_item_1_schoice_5490301141" rshuffle="No">
<material>
<mattext texttype="text/html" charset="utf-8"><![CDATA[
 The odds ratio of women liking chocolate ice cream is more than twice that for men.
]]></mattext>
</material>
</response_label>
</flow_label>
<flow_label class="List">
<response_label ident="vufgb-logisticregression-005-en-canvas_171761098_section_1_item_1_schoice_1429162457" rshuffle="No">
<material>
<mattext texttype="text/html" charset="utf-8"><![CDATA[
 The odds ratio of liking chocolate ice cream over vanilla ice cream is over two for women versus men.
]]></mattext>
</material>
</response_label>
</flow_label>
<flow_label class="List">
<response_label ident="vufgb-logisticregression-005-en-canvas_171761098_section_1_item_1_schoice_3491500937" rshuffle="No">
<material>
<mattext texttype="text/html" charset="utf-8"><![CDATA[
 The odds ratio between men and women is more than twice as high for chocolate ice cream versus strawberry ice cream.
]]></mattext>
</material>
</response_label>
</flow_label>
</render_choice>
</response_lid>
</flow>
</presentation>
<resprocessing>
<outcomes>
<decvar varname="SCORE" vartype="Decimal" defaultval="0" minvalue="0" maxvalue="1" cutvalue="1"/>
</outcomes>
<respcondition title="Mastery" continue="No">
<conditionvar>
<and>
<varequal respident="vufgb-logisticregression-005-en-canvas_171761098_section_1_item_1_schoice_RESPONSE_1039292" case="Yes">vufgb-logisticregression-005-en-canvas_171761098_section_1_item_1_schoice_1429162457</varequal>
<not> <varequal respident="vufgb-logisticregression-005-en-canvas_171761098_section_1_item_1_schoice_RESPONSE_1039292" case="Yes">vufgb-logisticregression-005-en-canvas_171761098_section_1_item_1_schoice_3904600315</varequal> </not>
<not> <varequal respident="vufgb-logisticregression-005-en-canvas_171761098_section_1_item_1_schoice_RESPONSE_1039292" case="Yes">vufgb-logisticregression-005-en-canvas_171761098_section_1_item_1_schoice_5490301141</varequal> </not>
<not> <varequal respident="vufgb-logisticregression-005-en-canvas_171761098_section_1_item_1_schoice_RESPONSE_1039292" case="Yes">vufgb-logisticregression-005-en-canvas_171761098_section_1_item_1_schoice_3491500937</varequal> </not>
</and>
</conditionvar>
<setvar varname="SCORE" action="Set">1</setvar>
<displayfeedback feedbacktype="Response" linkrefid="correct_fb"/>
</respcondition>
<respcondition continue="Yes">
<conditionvar>
<other/>
</conditionvar>
<displayfeedback feedbacktype="Response" linkrefid="general_incorrect_fb"/>
</respcondition>
</resprocessing>
<itemfeedback ident="correct_fb" view="All">
<flow_mat>
<material>
<mattext texttype="text/html"><![CDATA[

]]></mattext>
</material>
</flow_mat>
</itemfeedback>
<itemfeedback ident="general_incorrect_fb" view="All">
<flow_mat>
<material>
<mattext texttype="text/html"><![CDATA[

]]></mattext>
</material>
</flow_mat>
</itemfeedback>
</item>


</section>

</assessment>
</questestinterop>
