<?xml version="1.0" encoding="UTF-8"?>
<assessmentItem xsi:schemaLocation="http://www.imsglobal.org/xsd/imsqti_v2p1 http://www.imsglobal.org/xsd/qti/qtiv2p1/imsqti_v2p1p1.xsd http://www.w3.org/1998/Math/MathML http://www.w3.org/Math/XMLSchema/mathml2/mathml2.xsd" identifier="uva-binomial-1035-nl-qti_313165818_section_1_item_1_schoice" title="1" adaptive="false" timeDependent="false" xmlns="http://www.imsglobal.org/xsd/imsqti_v2p1" xmlns:xsi="http://www.w3.org/2001/XMLSchema-instance">
<responseDeclaration identifier="uva-binomial-1035-nl-qti_313165818_section_1_item_1_schoice_RESPONSE_1_4166136" cardinality="single" baseType="identifier">
<correctResponse>
<value>uva-binomial-1035-nl-qti_313165818_section_1_item_1_schoice_3_9561507024</value>
</correctResponse>
<mapping defaultValue="0" lowerBound="0.0">
<mapEntry mapKey="uva-binomial-1035-nl-qti_313165818_section_1_item_1_schoice_1_6762133529" mappedValue="0"/>
<mapEntry mapKey="uva-binomial-1035-nl-qti_313165818_section_1_item_1_schoice_2_5870598642" mappedValue="0"/>
<mapEntry mapKey="uva-binomial-1035-nl-qti_313165818_section_1_item_1_schoice_3_9561507024" mappedValue="1"/>
<mapEntry mapKey="uva-binomial-1035-nl-qti_313165818_section_1_item_1_schoice_4_4020102469" mappedValue="0"/>
</mapping>
</responseDeclaration>
<outcomeDeclaration identifier="SCORE" cardinality="single" baseType="float" normalMaximum="1" normalMinimum="0">
<defaultValue>
<value>0.0</value>
</defaultValue>
</outcomeDeclaration>
<outcomeDeclaration identifier="MAXSCORE" cardinality="single" baseType="float">
<defaultValue>
<value>1</value>
</defaultValue>
</outcomeDeclaration>
<outcomeDeclaration identifier="FEEDBACKBASIC" cardinality="single" baseType="identifier" view="testConstructor">
<defaultValue>
<value>empty</value>
</defaultValue>
</outcomeDeclaration>
<outcomeDeclaration identifier="FEEDBACKMODAL" cardinality="multiple" baseType="identifier" view="testConstructor"/>
<outcomeDeclaration identifier="SOLUTIONMODAL" cardinality="single" baseType="identifier" view="testConstructor"/>
<outcomeDeclaration identifier="MINSCORE" cardinality="single" baseType="float">
<defaultValue>
<value baseType="float">0</value>
</defaultValue>
</outcomeDeclaration>
<outcomeDeclaration identifier="SCORE_RESPONSE_1" cardinality="single" baseType="float">
<defaultValue>
<value>0.0</value>
</defaultValue>
</outcomeDeclaration>
<outcomeDeclaration identifier="MINSCORE_RESPONSE_1" cardinality="single" baseType="float">
<defaultValue>
<value>0.0</value>
</defaultValue>
</outcomeDeclaration>
<itemBody>
<p>We nemen aan dat de gebeurtenissen van de geboorte van een meisje of een
jongen van elkaar onafhankelijk zijn. Als één familie 3 kinderen heeft,
wat is dan de kans dat ze geen enkele jongen hebben gekregen?</p>
<choiceInteraction responseIdentifier="uva-binomial-1035-nl-qti_313165818_section_1_item_1_schoice_RESPONSE_1_4166136" shuffle="false" maxChoices="1">
<simpleChoice identifier="uva-binomial-1035-nl-qti_313165818_section_1_item_1_schoice_1_6762133529">
<p>
 1/2
</p>
</simpleChoice>
<simpleChoice identifier="uva-binomial-1035-nl-qti_313165818_section_1_item_1_schoice_2_5870598642">
<p>
 1/3
</p>
</simpleChoice>
<simpleChoice identifier="uva-binomial-1035-nl-qti_313165818_section_1_item_1_schoice_3_9561507024">
<p>
 1/8
</p>
</simpleChoice>
<simpleChoice identifier="uva-binomial-1035-nl-qti_313165818_section_1_item_1_schoice_4_4020102469">
<p>
 0
</p>
</simpleChoice>
</choiceInteraction>
</itemBody>
<responseProcessing>
<setOutcomeValue identifier="SCORE_RESPONSE_1">
<sum>
<variable identifier="SCORE_RESPONSE_1"/>
<mapResponse identifier="uva-binomial-1035-nl-qti_313165818_section_1_item_1_schoice_RESPONSE_1_4166136"/>
</sum>
</setOutcomeValue>
<responseCondition>
<responseIf>
<lt>
<variable identifier="SCORE_RESPONSE_1"/>
<variable identifier="MINSCORE_RESPONSE_1"/>
</lt>
<setOutcomeValue identifier="SCORE_RESPONSE_1">
<variable identifier="MINSCORE_RESPONSE_1"/>
</setOutcomeValue>
</responseIf>
</responseCondition>
<responseCondition>
<responseIf>
<isNull>
<variable identifier="uva-binomial-1035-nl-qti_313165818_section_1_item_1_schoice_RESPONSE_1_4166136"/>
</isNull>
<setOutcomeValue identifier="SCORE_RESPONSE_1">
<sum>
<variable identifier="SCORE_RESPONSE_1"/>
<baseValue baseType="float">0</baseValue>
</sum>
</setOutcomeValue>
</responseIf>
</responseCondition>
<setOutcomeValue identifier="SCORE">
<sum>
<variable identifier="SCORE_RESPONSE_1"/>
</sum>
</setOutcomeValue>
<responseCondition>
<responseIf>
<lt>
<variable identifier="SCORE"/>
<variable identifier="MINSCORE"/>
</lt>
<setOutcomeValue identifier="SCORE">
<variable identifier="MINSCORE"/>
</setOutcomeValue>
</responseIf>
</responseCondition>
<responseCondition>
<responseIf>
<lt>
<variable identifier="SCORE"/>
<baseValue baseType="float">1</baseValue>
</lt>
<setOutcomeValue identifier="FEEDBACKMODAL">
<multiple>
<variable identifier="FEEDBACKMODAL"/>
<baseValue baseType="identifier">Feedback175079418</baseValue>
</multiple>
</setOutcomeValue>
</responseIf>
</responseCondition>
</responseProcessing>
<modalFeedback identifier="Feedback175079418" outcomeIdentifier="FEEDBACKMODAL" showHide="show">
<ul>
<li> 1/2 <br /> 1/2: Incorrect </li>
<li> 1/3 <br /> 1/3: Incorrect </li>
<li> 1/8 <br /> 1/8: Correct </li>
<li> 0 <br /> 0: Incorrect </li>
</ul>
</modalFeedback>
</assessmentItem>
