<?xml version="1.0" encoding="UTF-8"?>
<!DOCTYPE questestinterop SYSTEM "ims_qtiasiv1p2p1.dtd">

<questestinterop xmlns="http://www.imsglobal.org/xsd/ims_qtiasiv1p2" xmlns:xsi="http://www.w3.org/2001/XMLSchema-instance" xsi:schemaLocation="http://www.imsglobal.org/xsd/ims_qtiasiv1p2 http://www.imsglobal.org/xsd/ims_qtiasiv1p2p1.xsd">
<assessment ident="uva-measures-of-location-180-nl-canvas_677455880" title="uva-measures-of-location-180-nl-canvas">

<qtimetadata>
<qtimetadatafield>
<fieldlabel>cc_maxattempts</fieldlabel>
<fieldentry>1</fieldentry>
</qtimetadatafield>
<qtimetadatafield>
<fieldlabel>qmd_assessmenttype</fieldlabel>
<fieldentry>Assessment</fieldentry>
</qtimetadatafield>
</qtimetadata>
<objectives>
<material>
<mattext><![CDATA[Please solve the following exercises.]]></mattext>
</material>
</objectives>
<assessmentcontrol feedbackswitch="No" hintswitch="No" solutionswitch="Yes"/>
<outcomes_processing scoremodel="SumOfScores">
<outcomes>
<decvar varname="SCORE" vartype="Decimal" cutvalue="0"/>
</outcomes>
</outcomes_processing>
<assessfeedback title="AssessmentFeedback" ident="AssessmentFeedback">
<flow_mat>
<material>
<mattext>##AssessmentFeedback##</mattext>
</material>
</flow_mat>
</assessfeedback>

<section ident="uva-measures-of-location-180-nl-canvas_677455880_section_1" title="Exercise">

<objectives>
<material>
<mattext><![CDATA[Please answer the following question.]]></mattext>
</material>
</objectives>
<selection_ordering>
<selection>
<selection_number>1</selection_number>
<selection_extension>
<points_per_item>1</points_per_item>
</selection_extension>
</selection>
<order order_type="Random"/>
</selection_ordering>

<item ident="uva-measures-of-location-180-nl-canvas_677455880_section_1_item_1_schoice" title="Question" maxattempts="1">
<itemcontrol feedbackswitch="No" hintswitch="No" solutionswitch="Yes"/>
<itemmetadata>
<qtimetadata>
<qtimetadatafield>
<fieldlabel>question_type</fieldlabel>
<fieldentry>multiple_choice_question</fieldentry>
</qtimetadatafield>
</qtimetadata>
</itemmetadata>
<presentation>
<flow>
<material>
<matbreak/>
<mattext texttype="text/html" charset="utf-8"><![CDATA[
<p>In een onderzoek naar de tijdsduur van het nemen van een beslissing over
de aankoop van een huis op basis van foto's, hebben onderzoekers 30
mensen aselect toegewezen aan één van twee condities: (1) 20 foto's van
het huis werden getoond en (2) 5 foto's van het huis werden getoond.
Het gemiddelde van groep (1) was 2.0 uur en standaarddeviatie 2.1; het
gemiddelde van groep (2) was 4.8 uur en standaarddeviatie 3.2. De
onderzoekers gaan ervan uit dat de standaarddeviaties in de populatie
gelijk zijn en komen zo tot een <em>standard error</em> van 1.025 en 28
vrijheidsgraden. Een 95% betrouwbaarheidsinterval voor het verschil <em>μ</em><sub>1</sub> - <em>μ</em><sub>2</sub> is</p>
]]></mattext>
<matbreak/>
</material>
<response_lid ident="uva-measures-of-location-180-nl-canvas_677455880_section_1_item_1_schoice_RESPONSE_1790675" rcardinality="Single" rtiming="No">
<render_choice shuffle="No">
<flow_label class="List">
<response_label ident="uva-measures-of-location-180-nl-canvas_677455880_section_1_item_1_schoice_5780965097" rshuffle="No">
<material>
<mattext texttype="text/html" charset="utf-8"><![CDATA[
 (-3.80;-1.80).
]]></mattext>
</material>
</response_label>
</flow_label>
<flow_label class="List">
<response_label ident="uva-measures-of-location-180-nl-canvas_677455880_section_1_item_1_schoice_4615516856" rshuffle="No">
<material>
<mattext texttype="text/html" charset="utf-8"><![CDATA[
 (-4.90; -0.70).
]]></mattext>
</material>
</response_label>
</flow_label>
<flow_label class="List">
<response_label ident="uva-measures-of-location-180-nl-canvas_677455880_section_1_item_1_schoice_8274073503" rshuffle="No">
<material>
<mattext texttype="text/html" charset="utf-8"><![CDATA[
 (-5.1; -0.90).
]]></mattext>
</material>
</response_label>
</flow_label>
</render_choice>
</response_lid>
</flow>
</presentation>
<resprocessing>
<outcomes>
<decvar varname="SCORE" vartype="Decimal" defaultval="0" minvalue="0" maxvalue="1" cutvalue="1"/>
</outcomes>
<respcondition title="Mastery" continue="No">
<conditionvar>
<and>
<varequal respident="uva-measures-of-location-180-nl-canvas_677455880_section_1_item_1_schoice_RESPONSE_1790675" case="Yes">uva-measures-of-location-180-nl-canvas_677455880_section_1_item_1_schoice_4615516856</varequal>
<not> <varequal respident="uva-measures-of-location-180-nl-canvas_677455880_section_1_item_1_schoice_RESPONSE_1790675" case="Yes">uva-measures-of-location-180-nl-canvas_677455880_section_1_item_1_schoice_5780965097</varequal> </not>
<not> <varequal respident="uva-measures-of-location-180-nl-canvas_677455880_section_1_item_1_schoice_RESPONSE_1790675" case="Yes">uva-measures-of-location-180-nl-canvas_677455880_section_1_item_1_schoice_8274073503</varequal> </not>
</and>
</conditionvar>
<setvar varname="SCORE" action="Set">1</setvar>
<displayfeedback feedbacktype="Response" linkrefid="correct_fb"/>
</respcondition>
<respcondition continue="Yes">
<conditionvar>
<other/>
</conditionvar>
<displayfeedback feedbacktype="Response" linkrefid="general_incorrect_fb"/>
</respcondition>
</resprocessing>
<itemfeedback ident="correct_fb" view="All">
<flow_mat>
<material>
<mattext texttype="text/html"><![CDATA[
<ul>
<li> (-3.80;-1.80). <br /> (-3.80;-1.80).: Incorrect </li>
<li> (-4.90; -0.70). <br /> (-4.90; -0.70).: Correct </li>
<li> (-5.1; -0.90). <br /> (-5.1; -0.90).: Incorrect </li>
</ul>
]]></mattext>
</material>
</flow_mat>
</itemfeedback>
<itemfeedback ident="general_incorrect_fb" view="All">
<flow_mat>
<material>
<mattext texttype="text/html"><![CDATA[
<ul>
<li> (-3.80;-1.80). <br /> (-3.80;-1.80).: Incorrect </li>
<li> (-4.90; -0.70). <br /> (-4.90; -0.70).: Correct </li>
<li> (-5.1; -0.90). <br /> (-5.1; -0.90).: Incorrect </li>
</ul>
]]></mattext>
</material>
</flow_mat>
</itemfeedback>
</item>


</section>

</assessment>
</questestinterop>
