<?xml version="1.0" encoding="UTF-8"?>
<!DOCTYPE questestinterop SYSTEM "ims_qtiasiv1p2p1.dtd">

<questestinterop xmlns="http://www.imsglobal.org/xsd/ims_qtiasiv1p2" xmlns:xsi="http://www.w3.org/2001/XMLSchema-instance" xsi:schemaLocation="http://www.imsglobal.org/xsd/ims_qtiasiv1p2 http://www.imsglobal.org/xsd/ims_qtiasiv1p2p1.xsd">
<assessment ident="eur-reliability-406-nl-canvas_617870664" title="eur-reliability-406-nl-canvas">

<qtimetadata>
<qtimetadatafield>
<fieldlabel>cc_maxattempts</fieldlabel>
<fieldentry>1</fieldentry>
</qtimetadatafield>
<qtimetadatafield>
<fieldlabel>qmd_assessmenttype</fieldlabel>
<fieldentry>Assessment</fieldentry>
</qtimetadatafield>
</qtimetadata>
<objectives>
<material>
<mattext><![CDATA[Please solve the following exercises.]]></mattext>
</material>
</objectives>
<assessmentcontrol feedbackswitch="No" hintswitch="No" solutionswitch="Yes"/>
<outcomes_processing scoremodel="SumOfScores">
<outcomes>
<decvar varname="SCORE" vartype="Decimal" cutvalue="0"/>
</outcomes>
</outcomes_processing>
<assessfeedback title="AssessmentFeedback" ident="AssessmentFeedback">
<flow_mat>
<material>
<mattext>##AssessmentFeedback##</mattext>
</material>
</flow_mat>
</assessfeedback>

<section ident="eur-reliability-406-nl-canvas_617870664_section_1" title="Exercise">

<objectives>
<material>
<mattext><![CDATA[Please answer the following question.]]></mattext>
</material>
</objectives>
<selection_ordering>
<selection>
<selection_number>1</selection_number>
<selection_extension>
<points_per_item>1</points_per_item>
</selection_extension>
</selection>
<order order_type="Random"/>
</selection_ordering>

<item ident="eur-reliability-406-nl-canvas_617870664_section_1_item_1_num" title="Question" maxattempts="1">
<itemcontrol feedbackswitch="No" hintswitch="No" solutionswitch="Yes"/>
<itemmetadata>
<qtimetadata>
<qtimetadatafield>
<fieldlabel>question_type</fieldlabel>
<fieldentry>numerical_question</fieldentry>
</qtimetadatafield>
</qtimetadata>
</itemmetadata>
<presentation>
<flow>
<material>
<matbreak/>
<mattext texttype="text/html" charset="utf-8"><![CDATA[
<p>Een onderzoeker van het instituut voor psychologie doet onderzoek naar alcoholmisbruik onder adolescenten. De onderzoeker ontwierp 34 stellingen waar de adolescenten het mee eens of oneens kunnen zijn op een vierpuntsschaal (1 = helemaal mee eens; 2 = enigszins mee eens; 3 = enigszins mee oneens; 4 = helemaal mee oneens). Een voorbeeld van een stelling is: Als ik me eenzaam voel, drink ik graag een alcoholische drank. De antwoorden van 312 meisjes (0) en jongens (1) op de 34 stellingen staan in de dataset.</p>
<p>Welk item heeft de laagste correlatie met de totaalscore exclusief het item zelf? (geen decimalen)</p>
<p>Open de dataset hieronder om deze vraag te beantwoorden:</p>
<p><strong>Download</strong> <a href="data/supplements_1_1/eur-reliability-406-nl-data.sav">SPSS file</a>, <a href="data/supplements_1_1/eur-reliability-406-nl-data.csv">CSV file</a></p>
]]></mattext>
<matbreak/>
</material>
<response_num ident="eur-reliability-406-nl-canvas_617870664_section_1_item_1_num_RESPONSE_3939075" rcardinality="Single" numtype="Decimal">
<render_fib fibtype="Decimal" maxchars="12">
<flow_label class="Block">
<response_label ident="eur-reliability-406-nl-canvas_617870664_section_1_item_1_num_RESPONSE_3939075" rshuffle="No"/>
</flow_label>
</render_fib>
</response_num>
<material>
<matbreak/>
</material>
</flow>
</presentation>
<resprocessing>
<outcomes>
<decvar varname="SCORE" vartype="Decimal" defaultval="0" minvalue="0" maxvalue="1" cutvalue="1"/>
</outcomes>
<respcondition title="Mastery" continue="No">
<conditionvar>

<or>
<varequal respident="eur-reliability-406-nl-canvas_617870664_section_1_item_1_num_RESPONSE_3939075" case="No"><![CDATA[29]]></varequal>
<and>
<vargte respident="eur-reliability-406-nl-canvas_617870664_section_1_item_1_num_RESPONSE_3939075"><![CDATA[29]]></vargte>
<varlte respident="eur-reliability-406-nl-canvas_617870664_section_1_item_1_num_RESPONSE_3939075"><![CDATA[29]]></varlte>
</and>
</or>
</conditionvar>
<setvar varname="SCORE" action="Set">1</setvar>
<displayfeedback feedbacktype="Response" linkrefid="correct_fb"/>
</respcondition>
<respcondition continue="Yes">
<conditionvar>
<other/>
</conditionvar>
<displayfeedback feedbacktype="Response" linkrefid="general_incorrect_fb"/>
</respcondition>
</resprocessing>
<itemfeedback ident="correct_fb" view="All">
<flow_mat>
<material>
<mattext texttype="text/html"><![CDATA[
<p>Het item met de laagste correlatie met de totaalscore (exclusief het item zelf) is item 29. Vraag bij het uitvoeren van de betrouwbaarheidsanalyse naar de beschrijvingen van de schaal als het item verwijderd is en zoek het item met de laagste item-gecorrigeerde totale correlatie.</p>
]]></mattext>
</material>
</flow_mat>
</itemfeedback>
<itemfeedback ident="general_incorrect_fb" view="All">
<flow_mat>
<material>
<mattext texttype="text/html"><![CDATA[
<p>Het item met de laagste correlatie met de totaalscore (exclusief het item zelf) is item 29. Vraag bij het uitvoeren van de betrouwbaarheidsanalyse naar de beschrijvingen van de schaal als het item verwijderd is en zoek het item met de laagste item-gecorrigeerde totale correlatie.</p>
]]></mattext>
</material>
</flow_mat>
</itemfeedback>
</item>


</section>

</assessment>
</questestinterop>
