<?xml version="1.0" encoding="utf-8" standalone="yes"?>
<assessmentItem identifier="uva-conditional-probability-549-en-tv_202510071722_item_1_schoice" title="uva-conditional-probability-549-en-tv_202510071722_item_1_schoice_uva-conditional-probability-549-en" adaptive="false" timeDependent="false" toolName="Testvision Online" toolVersion="39.0.9084" xmlns="http://www.imsglobal.org/xsd/imsqti_v2p1">
<responseDeclaration identifier="RESPONSE" cardinality="single" baseType="identifier">
<correctResponse>
<value>alt_184934</value>
</correctResponse>
<mapping defaultValue="0" lowerBound="0.0">
<mapEntry mapKey="alt_773772" mappedValue="-0.333333333333333"/>
<mapEntry mapKey="alt_604964" mappedValue="-0.333333333333333"/>
<mapEntry mapKey="alt_684195" mappedValue="-0.333333333333333"/>
<mapEntry mapKey="alt_184934" mappedValue="1"/>
</mapping>
</responseDeclaration>
<outcomeDeclaration identifier="SCORE" cardinality="single" baseType="float" normalMaximum="1" normalMinimum="0" />
<outcomeDeclaration identifier="FEEDBACK" cardinality="single" baseType="identifier" />
<stylesheet href="css/uva-conditional-probability-549-en-tv_202510071722_item_1_schoice.css" type="text/css" />
<itemBody>
<p>Two events A and B are independent. It is given that P(A) = 0.4 and P(B) = 0.2. The probability of event A <em>given</em> event B is equal to</p>
<choiceInteraction responseIdentifier="RESPONSE" shuffle="false" maxChoices="1">
<simpleChoice identifier="alt_773772">
<div class="textblock tvblock tvcss_1"><div class="rte_zone tveditor1">
 0
</div>
</div>
</simpleChoice>
<simpleChoice identifier="alt_604964">
<div class="textblock tvblock tvcss_1"><div class="rte_zone tveditor1">
 0.08
</div>
</div>
</simpleChoice>
<simpleChoice identifier="alt_684195">
<div class="textblock tvblock tvcss_1"><div class="rte_zone tveditor1">
 0.2
</div>
</div>
</simpleChoice>
<simpleChoice identifier="alt_184934">
<div class="textblock tvblock tvcss_1"><div class="rte_zone tveditor1">
 0.4
</div>
</div>
</simpleChoice>
</choiceInteraction>
</itemBody>
<responseProcessing>
<responseCondition>
<responseIf>
<isNull>
<variable identifier="RESPONSE"/>
</isNull>
<setOutcomeValue identifier="SCORE">
<baseValue baseType="float">0.0</baseValue>
</setOutcomeValue>
<setOutcomeValue identifier="FEEDBACK">
<baseValue baseType="identifier">FAILURE</baseValue>
</setOutcomeValue>
</responseIf>
<responseElse>
<setOutcomeValue identifier="SCORE">
<mapResponse identifier="RESPONSE"/>
</setOutcomeValue>
<responseCondition>
<responseIf>
<equal toleranceMode="relative" tolerance="0.001">
<variable identifier="SCORE"/>
<variable identifier="MAXSCORE"/>
</equal>
<setOutcomeValue identifier="FEEDBACK">
<baseValue baseType="identifier">ANSWER_CORRECT</baseValue>
</setOutcomeValue>
</responseIf>
<responseElse>
<setOutcomeValue identifier="FEEDBACK">
<baseValue baseType="identifier">FAILURE</baseValue>
</setOutcomeValue>
</responseElse>
</responseCondition>
</responseElse>
</responseCondition>
</responseProcessing>
<modalFeedback identifier="FAILURE" outcomeIdentifier="FEEDBACK" showHide="show">
<div class="textblock tvblock tvcss_1"><div class="rte_zone tveditor1">
<ul>
<li> 0 <br /> 0: Incorrect </li>
<li> 0.08 <br /> 0.08: Incorrect </li>
<li> 0.2 <br /> 0.2: Incorrect </li>
<li> 0.4 <br /> 0.4: Correct </li>
</ul>
</div>
</div>
</modalFeedback>
<modalFeedback identifier="ANSWER_CORRECT" outcomeIdentifier="FEEDBACK" showHide="show">
<div class="textblock tvblock tvcss_1"><div class="rte_zone tveditor1">
<ul>
<li> 0 <br /> 0: Incorrect </li>
<li> 0.08 <br /> 0.08: Incorrect </li>
<li> 0.2 <br /> 0.2: Incorrect </li>
<li> 0.4 <br /> 0.4: Correct </li>
</ul>
</div>
</div>
</modalFeedback>
<modalFeedback identifier="PARTIAL_CORRECT" outcomeIdentifier="FEEDBACK" showHide="show">
<div class="textblock tvblock tvcss_1"><div class="rte_zone tveditor1">
<ul>
<li> 0 <br /> 0: Incorrect </li>
<li> 0.08 <br /> 0.08: Incorrect </li>
<li> 0.2 <br /> 0.2: Incorrect </li>
<li> 0.4 <br /> 0.4: Correct </li>
</ul>
</div>
</div>
</modalFeedback>
</assessmentItem>
