<?xml version="1.0" encoding="UTF-8"?>
<assessmentItem xsi:schemaLocation="http://www.imsglobal.org/xsd/imsqti_v2p1 http://www.imsglobal.org/xsd/qti/qtiv2p1/imsqti_v2p1p1.xsd http://www.w3.org/1998/Math/MathML http://www.w3.org/Math/XMLSchema/mathml2/mathml2.xsd" identifier="uva-normal-1071-nl-ans_716266742_section_1_item_1_schoice" title="Distributions_uva-normal-1071-nl_uva-normal-1071-nl_schoice_1" adaptive="false" timeDependent="false" xmlns="http://www.imsglobal.org/xsd/imsqti_v2p1" xmlns:xsi="http://www.w3.org/2001/XMLSchema-instance">
<responseDeclaration identifier="uva-normal-1071-nl-ans_716266742_section_1_item_1_schoice_RESPONSE_1_2050955" cardinality="single" baseType="identifier">
<correctResponse>
<value>uva-normal-1071-nl-ans_716266742_section_1_item_1_schoice_1_6208126106</value>
</correctResponse>
<mapping defaultValue="0" lowerBound="0.0">
<mapEntry mapKey="uva-normal-1071-nl-ans_716266742_section_1_item_1_schoice_1_6208126106" mappedValue="1"/>
<mapEntry mapKey="uva-normal-1071-nl-ans_716266742_section_1_item_1_schoice_2_8729640653" mappedValue="0"/>
<mapEntry mapKey="uva-normal-1071-nl-ans_716266742_section_1_item_1_schoice_3_8226498242" mappedValue="0"/>
<mapEntry mapKey="uva-normal-1071-nl-ans_716266742_section_1_item_1_schoice_4_9734571894" mappedValue="0"/>
</mapping>
</responseDeclaration>
<outcomeDeclaration identifier="SCORE" cardinality="single" baseType="float" normalMaximum="1" normalMinimum="0">
<defaultValue>
<value>0.0</value>
</defaultValue>
</outcomeDeclaration>
<outcomeDeclaration identifier="MAXSCORE" cardinality="single" baseType="float">
<defaultValue>
<value>1</value>
</defaultValue>
</outcomeDeclaration>
<outcomeDeclaration identifier="FEEDBACKBASIC" cardinality="single" baseType="identifier" view="testConstructor">
<defaultValue>
<value>empty</value>
</defaultValue>
</outcomeDeclaration>
<outcomeDeclaration identifier="FEEDBACKMODAL" cardinality="multiple" baseType="identifier" view="testConstructor"/>
<outcomeDeclaration identifier="SOLUTIONMODAL" cardinality="single" baseType="identifier" view="testConstructor"/>
<outcomeDeclaration identifier="MINSCORE" cardinality="single" baseType="float">
<defaultValue>
<value baseType="float">0</value>
</defaultValue>
</outcomeDeclaration>
<outcomeDeclaration identifier="SCORE_RESPONSE_1" cardinality="single" baseType="float">
<defaultValue>
<value>0.0</value>
</defaultValue>
</outcomeDeclaration>
<outcomeDeclaration identifier="MINSCORE_RESPONSE_1" cardinality="single" baseType="float">
<defaultValue>
<value>0.0</value>
</defaultValue>
</outcomeDeclaration>
<itemBody>
<p>Stel <em>X</em> = de hartslag van vrouwen, waarbij het ​​gemiddelde 75 is en de
standaardafwijking 8. Wij nemen aan dat de populatie een normale
verdeling heeft. Hoe groot is dan de kans op P(<em>X</em> ≤ 71)?</p>
<choiceInteraction responseIdentifier="uva-normal-1071-nl-ans_716266742_section_1_item_1_schoice_RESPONSE_1_2050955" shuffle="false" maxChoices="1">
<simpleChoice identifier="uva-normal-1071-nl-ans_716266742_section_1_item_1_schoice_1_6208126106">
<p>
 0,31
</p>
</simpleChoice>
<simpleChoice identifier="uva-normal-1071-nl-ans_716266742_section_1_item_1_schoice_2_8729640653">
<p>
 0,50
</p>
</simpleChoice>
<simpleChoice identifier="uva-normal-1071-nl-ans_716266742_section_1_item_1_schoice_3_8226498242">
<p>
 0,58
</p>
</simpleChoice>
<simpleChoice identifier="uva-normal-1071-nl-ans_716266742_section_1_item_1_schoice_4_9734571894">
<p>
 0,69
</p>
</simpleChoice>
</choiceInteraction>
</itemBody>
<responseProcessing>
<setOutcomeValue identifier="SCORE_RESPONSE_1">
<sum>
<variable identifier="SCORE_RESPONSE_1"/>
<mapResponse identifier="uva-normal-1071-nl-ans_716266742_section_1_item_1_schoice_RESPONSE_1_2050955"/>
</sum>
</setOutcomeValue>
<responseCondition>
<responseIf>
<lt>
<variable identifier="SCORE_RESPONSE_1"/>
<variable identifier="MINSCORE_RESPONSE_1"/>
</lt>
<setOutcomeValue identifier="SCORE_RESPONSE_1">
<variable identifier="MINSCORE_RESPONSE_1"/>
</setOutcomeValue>
</responseIf>
</responseCondition>
<responseCondition>
<responseIf>
<isNull>
<variable identifier="uva-normal-1071-nl-ans_716266742_section_1_item_1_schoice_RESPONSE_1_2050955"/>
</isNull>
<setOutcomeValue identifier="SCORE_RESPONSE_1">
<sum>
<variable identifier="SCORE_RESPONSE_1"/>
<baseValue baseType="float">0</baseValue>
</sum>
</setOutcomeValue>
</responseIf>
</responseCondition>
<setOutcomeValue identifier="SCORE">
<sum>
<variable identifier="SCORE_RESPONSE_1"/>
</sum>
</setOutcomeValue>
<responseCondition>
<responseIf>
<lt>
<variable identifier="SCORE"/>
<variable identifier="MINSCORE"/>
</lt>
<setOutcomeValue identifier="SCORE">
<variable identifier="MINSCORE"/>
</setOutcomeValue>
</responseIf>
</responseCondition>
<responseCondition>
<responseIf>
<lt>
<variable identifier="SCORE"/>
<baseValue baseType="float">1</baseValue>
</lt>
<setOutcomeValue identifier="FEEDBACKMODAL">
<multiple>
<variable identifier="FEEDBACKMODAL"/>
<baseValue baseType="identifier">Feedback429083525</baseValue>
</multiple>
</setOutcomeValue>
</responseIf>
</responseCondition>
</responseProcessing>
<modalFeedback outcomeIdentifier="FEEDBACK" showHide="show" identifier="incorrect">
<ul>
<li> 0,31 <br /> 0,31: Correct </li>
<li> 0,50 <br /> 0,50: Incorrect </li>
<li> 0,58 <br /> 0,58: Incorrect </li>
<li> 0,69 <br /> 0,69: Incorrect </li>
</ul>
</modalFeedback>
</assessmentItem>
