<?xml version="1.0" encoding="utf-8" standalone="yes"?>
<assessmentItem identifier="uva-value-784-en-tv_202510071723_item_1_schoice" title="uva-value-784-en-tv_202510071723_item_1_schoice_uva-value-784-en" adaptive="false" timeDependent="false" toolName="Testvision Online" toolVersion="39.0.9084" xmlns="http://www.imsglobal.org/xsd/imsqti_v2p1">
<responseDeclaration identifier="RESPONSE" cardinality="single" baseType="identifier">
<correctResponse>
<value>alt_976948</value>
</correctResponse>
<mapping defaultValue="0" lowerBound="0.0">
<mapEntry mapKey="alt_976948" mappedValue="1"/>
<mapEntry mapKey="alt_956856" mappedValue="-0.5"/>
<mapEntry mapKey="alt_114569" mappedValue="-0.5"/>
</mapping>
</responseDeclaration>
<outcomeDeclaration identifier="SCORE" cardinality="single" baseType="float" normalMaximum="1" normalMinimum="0" />
<outcomeDeclaration identifier="FEEDBACK" cardinality="single" baseType="identifier" />
<stylesheet href="css/uva-value-784-en-tv_202510071723_item_1_schoice.css" type="text/css" />
<itemBody>
<p>A hypothesis test is conducted for a population proportion. The sample size was 60 and the sample proportion (estimated) was 0.33. For the hypothesis test, calculate the P-value under the null hypothesis which states that the population proportion equals 0.30. The alternative hypothesis is that the population proportion is greater than 0.30. Then the best description of the P value is that it is the probability</p>
<choiceInteraction responseIdentifier="RESPONSE" shuffle="false" maxChoices="1">
<simpleChoice identifier="alt_976948">
<div class="textblock tvblock tvcss_1"><div class="rte_zone tveditor1">
 On the sample proportion or larger given that the population proportion is 0.30.
</div>
</div>
</simpleChoice>
<simpleChoice identifier="alt_956856">
<div class="textblock tvblock tvcss_1"><div class="rte_zone tveditor1">
 On the population proportion or larger given that the sample proportion is 0.33.
</div>
</div>
</simpleChoice>
<simpleChoice identifier="alt_114569">
<div class="textblock tvblock tvcss_1"><div class="rte_zone tveditor1">
 On the sample proportion or larger given that the population proportion is greater than 0.30.
</div>
</div>
</simpleChoice>
</choiceInteraction>
</itemBody>
<responseProcessing>
<responseCondition>
<responseIf>
<isNull>
<variable identifier="RESPONSE"/>
</isNull>
<setOutcomeValue identifier="SCORE">
<baseValue baseType="float">0.0</baseValue>
</setOutcomeValue>
<setOutcomeValue identifier="FEEDBACK">
<baseValue baseType="identifier">FAILURE</baseValue>
</setOutcomeValue>
</responseIf>
<responseElse>
<setOutcomeValue identifier="SCORE">
<mapResponse identifier="RESPONSE"/>
</setOutcomeValue>
<responseCondition>
<responseIf>
<equal toleranceMode="relative" tolerance="0.001">
<variable identifier="SCORE"/>
<variable identifier="MAXSCORE"/>
</equal>
<setOutcomeValue identifier="FEEDBACK">
<baseValue baseType="identifier">ANSWER_CORRECT</baseValue>
</setOutcomeValue>
</responseIf>
<responseElse>
<setOutcomeValue identifier="FEEDBACK">
<baseValue baseType="identifier">FAILURE</baseValue>
</setOutcomeValue>
</responseElse>
</responseCondition>
</responseElse>
</responseCondition>
</responseProcessing>
<modalFeedback identifier="FAILURE" outcomeIdentifier="FEEDBACK" showHide="show">
<div class="textblock tvblock tvcss_1"><div class="rte_zone tveditor1">
<ul>
<li> On the sample proportion or larger given that the population proportion is 0.30. <br /> On sample proportion or larger given that population proportion is 0.30: Correct </li>
<li> On the population proportion or larger given that the sample proportion is 0.33. <br /> On the population proportion or larger given that the sample proportion is 0.33.: Incorrect </li>
<li> On the sample proportion or larger given that the population proportion is greater than 0.30. <br /> On the sample proportion or larger given that the population proportion is greater than 0.30…: Incorrect </li>
</ul>
</div>
</div>
</modalFeedback>
<modalFeedback identifier="ANSWER_CORRECT" outcomeIdentifier="FEEDBACK" showHide="show">
<div class="textblock tvblock tvcss_1"><div class="rte_zone tveditor1">
<ul>
<li> On the sample proportion or larger given that the population proportion is 0.30. <br /> On sample proportion or larger given that population proportion is 0.30: Correct </li>
<li> On the population proportion or larger given that the sample proportion is 0.33. <br /> On the population proportion or larger given that the sample proportion is 0.33.: Incorrect </li>
<li> On the sample proportion or larger given that the population proportion is greater than 0.30. <br /> On the sample proportion or larger given that the population proportion is greater than 0.30…: Incorrect </li>
</ul>
</div>
</div>
</modalFeedback>
<modalFeedback identifier="PARTIAL_CORRECT" outcomeIdentifier="FEEDBACK" showHide="show">
<div class="textblock tvblock tvcss_1"><div class="rte_zone tveditor1">
<ul>
<li> On the sample proportion or larger given that the population proportion is 0.30. <br /> On sample proportion or larger given that population proportion is 0.30: Correct </li>
<li> On the population proportion or larger given that the sample proportion is 0.33. <br /> On the population proportion or larger given that the sample proportion is 0.33.: Incorrect </li>
<li> On the sample proportion or larger given that the population proportion is greater than 0.30. <br /> On the sample proportion or larger given that the population proportion is greater than 0.30…: Incorrect </li>
</ul>
</div>
</div>
</modalFeedback>
</assessmentItem>
