<?xml version="1.0" encoding="UTF-8"?>
<assessmentItem xsi:schemaLocation="http://www.imsglobal.org/xsd/imsqti_v2p1 http://www.imsglobal.org/xsd/qti/qtiv2p1/imsqti_v2p1p1.xsd http://www.w3.org/1998/Math/MathML http://www.w3.org/Math/XMLSchema/mathml2/mathml2.xsd" identifier="vufsw-type_I_error-1245-en-qti_547856573_section_1_item_1_schoice" title="1" adaptive="false" timeDependent="false" xmlns="http://www.imsglobal.org/xsd/imsqti_v2p1" xmlns:xsi="http://www.w3.org/2001/XMLSchema-instance">
<responseDeclaration identifier="vufsw-type_I_error-1245-en-qti_547856573_section_1_item_1_schoice_RESPONSE_1_1721131" cardinality="single" baseType="identifier">
<correctResponse>
<value>vufsw-type_I_error-1245-en-qti_547856573_section_1_item_1_schoice_3_3982933971</value>
</correctResponse>
<mapping defaultValue="0" lowerBound="0.0">
<mapEntry mapKey="vufsw-type_I_error-1245-en-qti_547856573_section_1_item_1_schoice_1_1464851614" mappedValue="0"/>
<mapEntry mapKey="vufsw-type_I_error-1245-en-qti_547856573_section_1_item_1_schoice_2_8187834792" mappedValue="0"/>
<mapEntry mapKey="vufsw-type_I_error-1245-en-qti_547856573_section_1_item_1_schoice_3_3982933971" mappedValue="1"/>
<mapEntry mapKey="vufsw-type_I_error-1245-en-qti_547856573_section_1_item_1_schoice_4_6899538163" mappedValue="0"/>
</mapping>
</responseDeclaration>
<outcomeDeclaration identifier="SCORE" cardinality="single" baseType="float" normalMaximum="1" normalMinimum="0">
<defaultValue>
<value>0.0</value>
</defaultValue>
</outcomeDeclaration>
<outcomeDeclaration identifier="MAXSCORE" cardinality="single" baseType="float">
<defaultValue>
<value>1</value>
</defaultValue>
</outcomeDeclaration>
<outcomeDeclaration identifier="FEEDBACKBASIC" cardinality="single" baseType="identifier" view="testConstructor">
<defaultValue>
<value>empty</value>
</defaultValue>
</outcomeDeclaration>
<outcomeDeclaration identifier="FEEDBACKMODAL" cardinality="multiple" baseType="identifier" view="testConstructor"/>
<outcomeDeclaration identifier="SOLUTIONMODAL" cardinality="single" baseType="identifier" view="testConstructor"/>
<outcomeDeclaration identifier="MINSCORE" cardinality="single" baseType="float">
<defaultValue>
<value baseType="float">0</value>
</defaultValue>
</outcomeDeclaration>
<outcomeDeclaration identifier="SCORE_RESPONSE_1" cardinality="single" baseType="float">
<defaultValue>
<value>0.0</value>
</defaultValue>
</outcomeDeclaration>
<outcomeDeclaration identifier="MINSCORE_RESPONSE_1" cardinality="single" baseType="float">
<defaultValue>
<value>0.0</value>
</defaultValue>
</outcomeDeclaration>
<itemBody>
<p>Suppose we use a significance level of 5% for testing our hypothesis. If
we wrongly reject the null hypothesis, then …</p>
<choiceInteraction responseIdentifier="vufsw-type_I_error-1245-en-qti_547856573_section_1_item_1_schoice_RESPONSE_1_1721131" shuffle="false" maxChoices="1">
<simpleChoice identifier="vufsw-type_I_error-1245-en-qti_547856573_section_1_item_1_schoice_1_1464851614">
<p>
 We are going to make a Type II error. The probability of this error is 5%
</p>
</simpleChoice>
<simpleChoice identifier="vufsw-type_I_error-1245-en-qti_547856573_section_1_item_1_schoice_2_8187834792">
<p>
 We are going to make a Type II error. The chance of this error is always unknown.
</p>
</simpleChoice>
<simpleChoice identifier="vufsw-type_I_error-1245-en-qti_547856573_section_1_item_1_schoice_3_3982933971">
<p>
 We are going to make a Type I error. The probability of this error is 5%
</p>
</simpleChoice>
<simpleChoice identifier="vufsw-type_I_error-1245-en-qti_547856573_section_1_item_1_schoice_4_6899538163">
<p>
 We are going to make a Type I error. The chance of this error is always unkown.
</p>
</simpleChoice>
</choiceInteraction>
</itemBody>
<responseProcessing>
<setOutcomeValue identifier="SCORE_RESPONSE_1">
<sum>
<variable identifier="SCORE_RESPONSE_1"/>
<mapResponse identifier="vufsw-type_I_error-1245-en-qti_547856573_section_1_item_1_schoice_RESPONSE_1_1721131"/>
</sum>
</setOutcomeValue>
<responseCondition>
<responseIf>
<lt>
<variable identifier="SCORE_RESPONSE_1"/>
<variable identifier="MINSCORE_RESPONSE_1"/>
</lt>
<setOutcomeValue identifier="SCORE_RESPONSE_1">
<variable identifier="MINSCORE_RESPONSE_1"/>
</setOutcomeValue>
</responseIf>
</responseCondition>
<responseCondition>
<responseIf>
<isNull>
<variable identifier="vufsw-type_I_error-1245-en-qti_547856573_section_1_item_1_schoice_RESPONSE_1_1721131"/>
</isNull>
<setOutcomeValue identifier="SCORE_RESPONSE_1">
<sum>
<variable identifier="SCORE_RESPONSE_1"/>
<baseValue baseType="float">0</baseValue>
</sum>
</setOutcomeValue>
</responseIf>
</responseCondition>
<setOutcomeValue identifier="SCORE">
<sum>
<variable identifier="SCORE_RESPONSE_1"/>
</sum>
</setOutcomeValue>
<responseCondition>
<responseIf>
<lt>
<variable identifier="SCORE"/>
<variable identifier="MINSCORE"/>
</lt>
<setOutcomeValue identifier="SCORE">
<variable identifier="MINSCORE"/>
</setOutcomeValue>
</responseIf>
</responseCondition>
<responseCondition>
<responseIf>
<lt>
<variable identifier="SCORE"/>
<baseValue baseType="float">1</baseValue>
</lt>
<setOutcomeValue identifier="FEEDBACKMODAL">
<multiple>
<variable identifier="FEEDBACKMODAL"/>
<baseValue baseType="identifier">Feedback804460551</baseValue>
</multiple>
</setOutcomeValue>
</responseIf>
</responseCondition>
</responseProcessing>
<modalFeedback identifier="Feedback804460551" outcomeIdentifier="FEEDBACKMODAL" showHide="show">
<p>We are going to make a type I error. The probability of this error is
5%. A <strong>type I error</strong> is the rejection of a true <a href="https://en.wikipedia.org/wiki/Null_hypothesis">null
hypothesis</a> (also known
as a “false positive” finding), while a <strong>type II error</strong> is failing to
reject a false null hypothesis (also known as a “false negative”
finding).<sup><a href="https://en.wikipedia.org/wiki/Type_I_and_type_II_errors#cite_note-1">[1]</a></sup>
More simply stated, a type I error is to falsely infer the existence of
something that is not there (confirming to common belief with false
information), while a type II error is to falsely infer the absence of
something present (going against the common belief with false
information).</p>
<p>M&amp;T Hypothesis testing: means<br />
Default value</p>
<p>M&amp;T Hypothesis testing: proportions<br />
Default value</p>
<br />
<ul>
<li> We are going to make a Type II error. The probability of this error is 5% <br /> False </li>
<li> We are going to make a Type II error. The chance of this error is always unknown. <br /> False </li>
<li> We are going to make a Type I error. The probability of this error is 5% <br /> True </li>
<li> We are going to make a Type I error. The chance of this error is always unkown. <br /> False </li>
</ul>
</modalFeedback>
</assessmentItem>
