<?xml version="1.0" encoding="utf-8" standalone="yes"?>
<assessmentItem identifier="uva-probability-115-en-tv_202510071722_item_1_schoice" title="uva-probability-115-en-tv_202510071722_item_1_schoice_uva-probability-115-en" adaptive="false" timeDependent="false" toolName="Testvision Online" toolVersion="39.0.9084" xmlns="http://www.imsglobal.org/xsd/imsqti_v2p1">
<responseDeclaration identifier="RESPONSE" cardinality="single" baseType="identifier">
<correctResponse>
<value>alt_405512</value>
</correctResponse>
<mapping defaultValue="0" lowerBound="0.0">
<mapEntry mapKey="alt_861740" mappedValue="-0.5"/>
<mapEntry mapKey="alt_405512" mappedValue="1"/>
<mapEntry mapKey="alt_111323" mappedValue="-0.5"/>
</mapping>
</responseDeclaration>
<outcomeDeclaration identifier="SCORE" cardinality="single" baseType="float" normalMaximum="1" normalMinimum="0" />
<outcomeDeclaration identifier="FEEDBACK" cardinality="single" baseType="identifier" />
<stylesheet href="css/uva-probability-115-en-tv_202510071722_item_1_schoice.css" type="text/css" />
<itemBody>
<p>One predicts the number of ecs that applied algebra students achieve in their first year (response variable <em>y</em>) based on their final mathematics exam grade (exploratory variable <em>x</em>). The predicted score for someone with <em>x</em> = 4 equals 30, and that for someone with <em>x</em> = 10 equals 40. What is the predicted score for someone with <em>x</em> = 7?</p>
<choiceInteraction responseIdentifier="RESPONSE" shuffle="false" maxChoices="1">
<simpleChoice identifier="alt_861740">
<div class="textblock tvblock tvcss_1"><div class="rte_zone tveditor1">
 34
</div>
</div>
</simpleChoice>
<simpleChoice identifier="alt_405512">
<div class="textblock tvblock tvcss_1"><div class="rte_zone tveditor1">
 35
</div>
</div>
</simpleChoice>
<simpleChoice identifier="alt_111323">
<div class="textblock tvblock tvcss_1"><div class="rte_zone tveditor1">
 36
</div>
</div>
</simpleChoice>
</choiceInteraction>
</itemBody>
<responseProcessing>
<responseCondition>
<responseIf>
<isNull>
<variable identifier="RESPONSE"/>
</isNull>
<setOutcomeValue identifier="SCORE">
<baseValue baseType="float">0.0</baseValue>
</setOutcomeValue>
<setOutcomeValue identifier="FEEDBACK">
<baseValue baseType="identifier">FAILURE</baseValue>
</setOutcomeValue>
</responseIf>
<responseElse>
<setOutcomeValue identifier="SCORE">
<mapResponse identifier="RESPONSE"/>
</setOutcomeValue>
<responseCondition>
<responseIf>
<equal toleranceMode="relative" tolerance="0.001">
<variable identifier="SCORE"/>
<variable identifier="MAXSCORE"/>
</equal>
<setOutcomeValue identifier="FEEDBACK">
<baseValue baseType="identifier">ANSWER_CORRECT</baseValue>
</setOutcomeValue>
</responseIf>
<responseElse>
<setOutcomeValue identifier="FEEDBACK">
<baseValue baseType="identifier">FAILURE</baseValue>
</setOutcomeValue>
</responseElse>
</responseCondition>
</responseElse>
</responseCondition>
</responseProcessing>
<modalFeedback identifier="FAILURE" outcomeIdentifier="FEEDBACK" showHide="show">
<div class="textblock tvblock tvcss_1"><div class="rte_zone tveditor1">
<ul>
<li> 34 <br /> 34: Incorrect </li>
<li> 35 <br /> 35: Correct </li>
<li> 36 <br /> 36: Incorrect </li>
</ul>
</div>
</div>
</modalFeedback>
<modalFeedback identifier="ANSWER_CORRECT" outcomeIdentifier="FEEDBACK" showHide="show">
<div class="textblock tvblock tvcss_1"><div class="rte_zone tveditor1">
<ul>
<li> 34 <br /> 34: Incorrect </li>
<li> 35 <br /> 35: Correct </li>
<li> 36 <br /> 36: Incorrect </li>
</ul>
</div>
</div>
</modalFeedback>
<modalFeedback identifier="PARTIAL_CORRECT" outcomeIdentifier="FEEDBACK" showHide="show">
<div class="textblock tvblock tvcss_1"><div class="rte_zone tveditor1">
<ul>
<li> 34 <br /> 34: Incorrect </li>
<li> 35 <br /> 35: Correct </li>
<li> 36 <br /> 36: Incorrect </li>
</ul>
</div>
</div>
</modalFeedback>
</assessmentItem>
