<?xml version="1.0" encoding="UTF-8"?>
<assessmentItem xsi:schemaLocation="http://www.imsglobal.org/xsd/imsqti_v2p1 http://www.imsglobal.org/xsd/qti/qtiv2p1/imsqti_v2p1p1.xsd http://www.w3.org/1998/Math/MathML http://www.w3.org/Math/XMLSchema/mathml2/mathml2.xsd" identifier="uva-standard-deviation-556-nl-qti_728476925_section_1_item_1_schoice" title="1" adaptive="false" timeDependent="false" xmlns="http://www.imsglobal.org/xsd/imsqti_v2p1" xmlns:xsi="http://www.w3.org/2001/XMLSchema-instance">
<responseDeclaration identifier="uva-standard-deviation-556-nl-qti_728476925_section_1_item_1_schoice_RESPONSE_1_2663752" cardinality="single" baseType="identifier">
<correctResponse>
<value>uva-standard-deviation-556-nl-qti_728476925_section_1_item_1_schoice_1_3930199380</value>
</correctResponse>
<mapping defaultValue="0" lowerBound="0.0">
<mapEntry mapKey="uva-standard-deviation-556-nl-qti_728476925_section_1_item_1_schoice_1_3930199380" mappedValue="1"/>
<mapEntry mapKey="uva-standard-deviation-556-nl-qti_728476925_section_1_item_1_schoice_2_3005282859" mappedValue="0"/>
<mapEntry mapKey="uva-standard-deviation-556-nl-qti_728476925_section_1_item_1_schoice_3_3661073438" mappedValue="0"/>
<mapEntry mapKey="uva-standard-deviation-556-nl-qti_728476925_section_1_item_1_schoice_4_9049161416" mappedValue="0"/>
</mapping>
</responseDeclaration>
<outcomeDeclaration identifier="SCORE" cardinality="single" baseType="float" normalMaximum="1" normalMinimum="0">
<defaultValue>
<value>0.0</value>
</defaultValue>
</outcomeDeclaration>
<outcomeDeclaration identifier="MAXSCORE" cardinality="single" baseType="float">
<defaultValue>
<value>1</value>
</defaultValue>
</outcomeDeclaration>
<outcomeDeclaration identifier="FEEDBACKBASIC" cardinality="single" baseType="identifier" view="testConstructor">
<defaultValue>
<value>empty</value>
</defaultValue>
</outcomeDeclaration>
<outcomeDeclaration identifier="FEEDBACKMODAL" cardinality="multiple" baseType="identifier" view="testConstructor"/>
<outcomeDeclaration identifier="SOLUTIONMODAL" cardinality="single" baseType="identifier" view="testConstructor"/>
<outcomeDeclaration identifier="MINSCORE" cardinality="single" baseType="float">
<defaultValue>
<value baseType="float">0</value>
</defaultValue>
</outcomeDeclaration>
<outcomeDeclaration identifier="SCORE_RESPONSE_1" cardinality="single" baseType="float">
<defaultValue>
<value>0.0</value>
</defaultValue>
</outcomeDeclaration>
<outcomeDeclaration identifier="MINSCORE_RESPONSE_1" cardinality="single" baseType="float">
<defaultValue>
<value>0.0</value>
</defaultValue>
</outcomeDeclaration>
<itemBody>
<p>Gegeven een steekproef met uitkomsten 27, 25, 28, 27, 29, 25, 19, 25,
29. De steekproefvariantie is gelijk aan 9.50. De SEM (standaardfout van
het steekproefgemiddelde) is dan gelijk aan</p>
<choiceInteraction responseIdentifier="uva-standard-deviation-556-nl-qti_728476925_section_1_item_1_schoice_RESPONSE_1_2663752" shuffle="false" maxChoices="1">
<simpleChoice identifier="uva-standard-deviation-556-nl-qti_728476925_section_1_item_1_schoice_1_3930199380">
<p>
 1.03
</p>
</simpleChoice>
<simpleChoice identifier="uva-standard-deviation-556-nl-qti_728476925_section_1_item_1_schoice_2_3005282859">
<p>
 1.78
</p>
</simpleChoice>
<simpleChoice identifier="uva-standard-deviation-556-nl-qti_728476925_section_1_item_1_schoice_3_3661073438">
<p>
 3.08
</p>
</simpleChoice>
<simpleChoice identifier="uva-standard-deviation-556-nl-qti_728476925_section_1_item_1_schoice_4_9049161416">
<p>
 3.17
</p>
</simpleChoice>
</choiceInteraction>
</itemBody>
<responseProcessing>
<setOutcomeValue identifier="SCORE_RESPONSE_1">
<sum>
<variable identifier="SCORE_RESPONSE_1"/>
<mapResponse identifier="uva-standard-deviation-556-nl-qti_728476925_section_1_item_1_schoice_RESPONSE_1_2663752"/>
</sum>
</setOutcomeValue>
<responseCondition>
<responseIf>
<lt>
<variable identifier="SCORE_RESPONSE_1"/>
<variable identifier="MINSCORE_RESPONSE_1"/>
</lt>
<setOutcomeValue identifier="SCORE_RESPONSE_1">
<variable identifier="MINSCORE_RESPONSE_1"/>
</setOutcomeValue>
</responseIf>
</responseCondition>
<responseCondition>
<responseIf>
<isNull>
<variable identifier="uva-standard-deviation-556-nl-qti_728476925_section_1_item_1_schoice_RESPONSE_1_2663752"/>
</isNull>
<setOutcomeValue identifier="SCORE_RESPONSE_1">
<sum>
<variable identifier="SCORE_RESPONSE_1"/>
<baseValue baseType="float">0</baseValue>
</sum>
</setOutcomeValue>
</responseIf>
</responseCondition>
<setOutcomeValue identifier="SCORE">
<sum>
<variable identifier="SCORE_RESPONSE_1"/>
</sum>
</setOutcomeValue>
<responseCondition>
<responseIf>
<lt>
<variable identifier="SCORE"/>
<variable identifier="MINSCORE"/>
</lt>
<setOutcomeValue identifier="SCORE">
<variable identifier="MINSCORE"/>
</setOutcomeValue>
</responseIf>
</responseCondition>
<responseCondition>
<responseIf>
<lt>
<variable identifier="SCORE"/>
<baseValue baseType="float">1</baseValue>
</lt>
<setOutcomeValue identifier="FEEDBACKMODAL">
<multiple>
<variable identifier="FEEDBACKMODAL"/>
<baseValue baseType="identifier">Feedback354881757</baseValue>
</multiple>
</setOutcomeValue>
</responseIf>
</responseCondition>
</responseProcessing>
<modalFeedback identifier="Feedback354881757" outcomeIdentifier="FEEDBACKMODAL" showHide="show">
<ul>
<li> 1.03 <br /> 1.03: Correct </li>
<li> 1.78 <br /> 1.78: Incorrect </li>
<li> 3.08 <br /> 3.08: Incorrect </li>
<li> 3.17 <br /> 3.17: Incorrect </li>
</ul>
</modalFeedback>
</assessmentItem>
