<?xml version="1.0" encoding="utf-8" standalone="yes"?>
<assessmentItem identifier="uva-general-rules-1157-en-tv_202601131819_item_1_schoice" title="uva-general-rules-1157-en-tv_202601131819_item_1_schoice_uva-general-rules-1157-en" adaptive="false" timeDependent="false" toolName="Testvision Online" toolVersion="39.0.9084" xmlns="http://www.imsglobal.org/xsd/imsqti_v2p1">
<responseDeclaration identifier="RESPONSE" cardinality="single" baseType="identifier">
<correctResponse>
<value>alt_615990</value>
</correctResponse>
<mapping defaultValue="0" lowerBound="0.0">
<mapEntry mapKey="alt_615990" mappedValue="1"/>
<mapEntry mapKey="alt_329214" mappedValue="-0.333333333333333"/>
<mapEntry mapKey="alt_138184" mappedValue="-0.333333333333333"/>
<mapEntry mapKey="alt_142862" mappedValue="-0.333333333333333"/>
</mapping>
</responseDeclaration>
<outcomeDeclaration identifier="SCORE" cardinality="single" baseType="float" normalMaximum="1" normalMinimum="0" />
<outcomeDeclaration identifier="FEEDBACK" cardinality="single" baseType="identifier" />
<stylesheet href="css/uva-general-rules-1157-en-tv_202601131819_item_1_schoice.css" type="text/css" />
<itemBody>
<p>Research shows that 22% of all adults are interested in a trip to Mars. Of these adults, 75% are under the age of 26. As we assume that age and interest are independent of each other are, what is the probability that a randomly selected adult will be someone is someone who wants to go to Mars and is older than 26?</p>
<choiceInteraction responseIdentifier="RESPONSE" shuffle="false" maxChoices="1">
<simpleChoice identifier="alt_615990">
<div class="textblock tvblock tvcss_1"><div class="rte_zone tveditor1">
 0,06
</div>
</div>
</simpleChoice>
<simpleChoice identifier="alt_329214">
<div class="textblock tvblock tvcss_1"><div class="rte_zone tveditor1">
 0,17
</div>
</div>
</simpleChoice>
<simpleChoice identifier="alt_138184">
<div class="textblock tvblock tvcss_1"><div class="rte_zone tveditor1">
 0,22
</div>
</div>
</simpleChoice>
<simpleChoice identifier="alt_142862">
<div class="textblock tvblock tvcss_1"><div class="rte_zone tveditor1">
 0,25
</div>
</div>
</simpleChoice>
</choiceInteraction>
</itemBody>
<responseProcessing>
<responseCondition>
<responseIf>
<isNull>
<variable identifier="RESPONSE"/>
</isNull>
<setOutcomeValue identifier="SCORE">
<baseValue baseType="float">0.0</baseValue>
</setOutcomeValue>
<setOutcomeValue identifier="FEEDBACK">
<baseValue baseType="identifier">FAILURE</baseValue>
</setOutcomeValue>
</responseIf>
<responseElse>
<setOutcomeValue identifier="SCORE">
<mapResponse identifier="RESPONSE"/>
</setOutcomeValue>
<responseCondition>
<responseIf>
<equal toleranceMode="relative" tolerance="0.001">
<variable identifier="SCORE"/>
<variable identifier="MAXSCORE"/>
</equal>
<setOutcomeValue identifier="FEEDBACK">
<baseValue baseType="identifier">ANSWER_CORRECT</baseValue>
</setOutcomeValue>
</responseIf>
<responseElse>
<setOutcomeValue identifier="FEEDBACK">
<baseValue baseType="identifier">FAILURE</baseValue>
</setOutcomeValue>
</responseElse>
</responseCondition>
</responseElse>
</responseCondition>
</responseProcessing>
<modalFeedback identifier="FAILURE" outcomeIdentifier="FEEDBACK" showHide="show">
<div class="textblock tvblock tvcss_1"><div class="rte_zone tveditor1">
<ul>
<li> 0,06 <br /> 0.06: Correct </li>
<li> 0,17 <br /> 0.17: Incorrect </li>
<li> 0,22 <br /> 0.22: Incorrect </li>
<li> 0,25 <br /> 0.25: Incorrect </li>
</ul>
</div>
</div>
</modalFeedback>
<modalFeedback identifier="ANSWER_CORRECT" outcomeIdentifier="FEEDBACK" showHide="show">
<div class="textblock tvblock tvcss_1"><div class="rte_zone tveditor1">
<ul>
<li> 0,06 <br /> 0.06: Correct </li>
<li> 0,17 <br /> 0.17: Incorrect </li>
<li> 0,22 <br /> 0.22: Incorrect </li>
<li> 0,25 <br /> 0.25: Incorrect </li>
</ul>
</div>
</div>
</modalFeedback>
<modalFeedback identifier="PARTIAL_CORRECT" outcomeIdentifier="FEEDBACK" showHide="show">
<div class="textblock tvblock tvcss_1"><div class="rte_zone tveditor1">
<ul>
<li> 0,06 <br /> 0.06: Correct </li>
<li> 0,17 <br /> 0.17: Incorrect </li>
<li> 0,22 <br /> 0.22: Incorrect </li>
<li> 0,25 <br /> 0.25: Incorrect </li>
</ul>
</div>
</div>
</modalFeedback>
</assessmentItem>
