<?xml version="1.0" encoding="utf-8" standalone="yes"?>
<assessmentItem identifier="uu-Cronbach's-alpha-008-nl-tv_202601131824_item_1_schoice" title="uu-Cronbach's-alpha-008-nl-tv_202601131824_item_1_schoice_uu-Cronbach's-alpha-008-nl" adaptive="false" timeDependent="false" toolName="Testvision Online" toolVersion="39.0.9084" xmlns="http://www.imsglobal.org/xsd/imsqti_v2p1">
<responseDeclaration identifier="RESPONSE" cardinality="single" baseType="identifier">
<correctResponse>
<value>alt_162931</value>
</correctResponse>
<mapping defaultValue="0" lowerBound="0.0">
<mapEntry mapKey="alt_875208" mappedValue="-0.333333333333333"/>
<mapEntry mapKey="alt_575588" mappedValue="-0.333333333333333"/>
<mapEntry mapKey="alt_451270" mappedValue="-0.333333333333333"/>
<mapEntry mapKey="alt_162931" mappedValue="1"/>
</mapping>
</responseDeclaration>
<outcomeDeclaration identifier="SCORE" cardinality="single" baseType="float" normalMaximum="1" normalMinimum="0" />
<outcomeDeclaration identifier="FEEDBACK" cardinality="single" baseType="identifier" />
<stylesheet href="css/uu-Cronbach's-alpha-008-nl-tv_202601131824_item_1_schoice.css" type="text/css" />
<itemBody>
<p>De onderstaande SPSS-uitvoer van de betrouwbaarheidsanalyse voor de schaal Negatieve Faalangst is gebaseerd op de gegevens van de Prestatie Motivatie Test voor Kinderen (PMTK).</p>
<p><img src="uu-Cronbach&#39;s-alpha-008-nl-tabel.jpg" alt="image"/></p>
<p>Stel dat je de test moet verkorten, welk van de vier genoemde items komt dan het eerst in aanmerking om uit de schaal te verwijderen?</p>
<choiceInteraction responseIdentifier="RESPONSE" shuffle="false" maxChoices="1">
<simpleChoice identifier="alt_875208">
<div class="textblock tvblock tvcss_1"><div class="rte_zone tveditor1">
 Item 14
</div>
</div>
</simpleChoice>
<simpleChoice identifier="alt_575588">
<div class="textblock tvblock tvcss_1"><div class="rte_zone tveditor1">
 Item 11
</div>
</div>
</simpleChoice>
<simpleChoice identifier="alt_451270">
<div class="textblock tvblock tvcss_1"><div class="rte_zone tveditor1">
 Item 2
</div>
</div>
</simpleChoice>
<simpleChoice identifier="alt_162931">
<div class="textblock tvblock tvcss_1"><div class="rte_zone tveditor1">
 Geen van deze items
</div>
</div>
</simpleChoice>
</choiceInteraction>
</itemBody>
<responseProcessing>
<responseCondition>
<responseIf>
<isNull>
<variable identifier="RESPONSE"/>
</isNull>
<setOutcomeValue identifier="SCORE">
<baseValue baseType="float">0.0</baseValue>
</setOutcomeValue>
<setOutcomeValue identifier="FEEDBACK">
<baseValue baseType="identifier">FAILURE</baseValue>
</setOutcomeValue>
</responseIf>
<responseElse>
<setOutcomeValue identifier="SCORE">
<mapResponse identifier="RESPONSE"/>
</setOutcomeValue>
<responseCondition>
<responseIf>
<equal toleranceMode="relative" tolerance="0.001">
<variable identifier="SCORE"/>
<variable identifier="MAXSCORE"/>
</equal>
<setOutcomeValue identifier="FEEDBACK">
<baseValue baseType="identifier">ANSWER_CORRECT</baseValue>
</setOutcomeValue>
</responseIf>
<responseElse>
<setOutcomeValue identifier="FEEDBACK">
<baseValue baseType="identifier">FAILURE</baseValue>
</setOutcomeValue>
</responseElse>
</responseCondition>
</responseElse>
</responseCondition>
</responseProcessing>
<modalFeedback identifier="FAILURE" outcomeIdentifier="FEEDBACK" showHide="show">
<div class="textblock tvblock tvcss_1"><div class="rte_zone tveditor1">
<ul>
<li> Item 14 <br /> Door verwijdering van item 14, zou Cronbach’s Alpha lager worden. Is dat wat je wil? </li>
<li> Item 11 <br /> Door verwijdering van item 11, zou Cronbach’s Alpha lager worden. Is dat wat je wil? </li>
<li> Item 2 <br /> Door verwijdering van item 2, zou Cronbach’s Alpha lager worden. Is dat wat je wil? </li>
<li> Geen van deze items <br /> Goed </li>
</ul>
</div>
</div>
</modalFeedback>
<modalFeedback identifier="ANSWER_CORRECT" outcomeIdentifier="FEEDBACK" showHide="show">
<div class="textblock tvblock tvcss_1"><div class="rte_zone tveditor1">
<ul>
<li> Item 14 <br /> Door verwijdering van item 14, zou Cronbach’s Alpha lager worden. Is dat wat je wil? </li>
<li> Item 11 <br /> Door verwijdering van item 11, zou Cronbach’s Alpha lager worden. Is dat wat je wil? </li>
<li> Item 2 <br /> Door verwijdering van item 2, zou Cronbach’s Alpha lager worden. Is dat wat je wil? </li>
<li> Geen van deze items <br /> Goed </li>
</ul>
</div>
</div>
</modalFeedback>
<modalFeedback identifier="PARTIAL_CORRECT" outcomeIdentifier="FEEDBACK" showHide="show">
<div class="textblock tvblock tvcss_1"><div class="rte_zone tveditor1">
<ul>
<li> Item 14 <br /> Door verwijdering van item 14, zou Cronbach’s Alpha lager worden. Is dat wat je wil? </li>
<li> Item 11 <br /> Door verwijdering van item 11, zou Cronbach’s Alpha lager worden. Is dat wat je wil? </li>
<li> Item 2 <br /> Door verwijdering van item 2, zou Cronbach’s Alpha lager worden. Is dat wat je wil? </li>
<li> Geen van deze items <br /> Goed </li>
</ul>
</div>
</div>
</modalFeedback>
</assessmentItem>
