<?xml version="1.0" encoding="utf-8" standalone="yes"?>
<assessmentItem identifier="uva-oneway-anova-808-nl-tv_202404291202_item_1_schoice" title="uva-oneway-anova-808-nl-tv_202404291202_item_1_schoice_uva-oneway-anova-808-nl" adaptive="false" timeDependent="false" toolName="Testvision Online" toolVersion="39.0.9084" xmlns="http://www.imsglobal.org/xsd/imsqti_v2p1">
<responseDeclaration identifier="RESPONSE" cardinality="single" baseType="identifier">
<correctResponse>
<value>alt_463635</value>
</correctResponse>
<mapping defaultValue="0" lowerBound="0.0">
<mapEntry mapKey="alt_463635" mappedValue="1"/>
<mapEntry mapKey="alt_370183" mappedValue="-0.5"/>
<mapEntry mapKey="alt_420950" mappedValue="-0.5"/>
</mapping>
</responseDeclaration>
<outcomeDeclaration identifier="SCORE" cardinality="single" baseType="float" normalMaximum="1" normalMinimum="0" />
<outcomeDeclaration identifier="FEEDBACK" cardinality="single" baseType="identifier" />
<itemBody>
<p>Een onderzoeker heeft onderzoek gedaan en komt met de volgende tabel,
waarbij geld dat alpha = .05.</p>
<table>
<tbody>
<tr class="odd">
<td align="left">Source</td>
<td align="left">df</td>
<td align="left">SS</td>
<td align="left">MS</td>
<td align="left">F</td>
</tr>
<tr class="even">
<td align="left">Groups</td>
<td align="left">4</td>
<td align="left">40</td>
<td align="left"> </td>
<td align="left"> </td>
</tr>
<tr class="odd">
<td align="left">Error</td>
<td align="left">25</td>
<td align="left"> </td>
<td align="left"> </td>
<td align="left"> </td>
</tr>
<tr class="even">
<td align="left">Total</td>
<td align="left">29</td>
<td align="left">90</td>
<td align="left"> </td>
<td align="left"> </td>
</tr>
</tbody>
</table>
<p>Kun je de nulhypothese verwerpen?</p>
<choiceInteraction responseIdentifier="RESPONSE" shuffle="false" maxChoices="1">
<simpleChoice identifier="alt_463635">
<div class="textblock tvblock tvcss_1"><div class="rte_zone tveditor1">
 Ja
</div>
</div>
</simpleChoice>
<simpleChoice identifier="alt_370183">
<div class="textblock tvblock tvcss_1"><div class="rte_zone tveditor1">
 Nee
</div>
</div>
</simpleChoice>
<simpleChoice identifier="alt_420950">
<div class="textblock tvblock tvcss_1"><div class="rte_zone tveditor1">
 Niet te bepalen
</div>
</div>
</simpleChoice>
</choiceInteraction>
</itemBody>
<responseProcessing>
<responseCondition>
<responseIf>
<isNull>
<variable identifier="RESPONSE"/>
</isNull>
<setOutcomeValue identifier="SCORE">
<baseValue baseType="float">0.0</baseValue>
</setOutcomeValue>
<setOutcomeValue identifier="FEEDBACK">
<baseValue baseType="identifier">FAILURE</baseValue>
</setOutcomeValue>
</responseIf>
<responseElse>
<setOutcomeValue identifier="SCORE">
<mapResponse identifier="RESPONSE"/>
</setOutcomeValue>
<responseCondition>
<responseIf>
<equal toleranceMode="relative" tolerance="0.001">
<variable identifier="SCORE"/>
<variable identifier="MAXSCORE"/>
</equal>
<setOutcomeValue identifier="FEEDBACK">
<baseValue baseType="identifier">ANSWER_CORRECT</baseValue>
</setOutcomeValue>
</responseIf>
<responseElse>
<setOutcomeValue identifier="FEEDBACK">
<baseValue baseType="identifier">FAILURE</baseValue>
</setOutcomeValue>
</responseElse>
</responseCondition>
</responseElse>
</responseCondition>
</responseProcessing>
<modalFeedback identifier="FAILURE" outcomeIdentifier="FEEDBACK" showHide="show">
<div class="textblock tvblock tvcss_1"><div class="rte_zone tveditor1">
<ul>
<li> Ja <br /> Ja: Correct </li>
<li> Nee <br /> Nee: Incorrect </li>
<li> Niet te bepalen <br /> Niet te bepalen: Incorrect </li>
</ul>
</div>
</div>
</modalFeedback>
<modalFeedback identifier="ANSWER_CORRECT" outcomeIdentifier="FEEDBACK" showHide="show">
<div class="textblock tvblock tvcss_1"><div class="rte_zone tveditor1">
<ul>
<li> Ja <br /> Ja: Correct </li>
<li> Nee <br /> Nee: Incorrect </li>
<li> Niet te bepalen <br /> Niet te bepalen: Incorrect </li>
</ul>
</div>
</div>
</modalFeedback>
<modalFeedback identifier="PARTIAL_CORRECT" outcomeIdentifier="FEEDBACK" showHide="show">
<div class="textblock tvblock tvcss_1"><div class="rte_zone tveditor1">
<ul>
<li> Ja <br /> Ja: Correct </li>
<li> Nee <br /> Nee: Incorrect </li>
<li> Niet te bepalen <br /> Niet te bepalen: Incorrect </li>
</ul>
</div>
</div>
</modalFeedback>
</assessmentItem>
