<?xml version="1.0" encoding="UTF-8"?>
<assessmentItem xsi:schemaLocation="http://www.imsglobal.org/xsd/imsqti_v2p1 http://www.imsglobal.org/xsd/qti/qtiv2p1/imsqti_v2p1p1.xsd http://www.w3.org/1998/Math/MathML http://www.w3.org/Math/XMLSchema/mathml2/mathml2.xsd" identifier="uva-bayesian-statistics-838-en-ans_713668391_section_1_item_1_schoice" title="Inferential_Statistics_uva-bayesian-statistics-838-en_uva-bayesian-statistics-838-en_schoice_1" adaptive="false" timeDependent="false" xmlns="http://www.imsglobal.org/xsd/imsqti_v2p1" xmlns:xsi="http://www.w3.org/2001/XMLSchema-instance">
<responseDeclaration identifier="uva-bayesian-statistics-838-en-ans_713668391_section_1_item_1_schoice_RESPONSE_1_7100244" cardinality="single" baseType="identifier">
<correctResponse>
<value>uva-bayesian-statistics-838-en-ans_713668391_section_1_item_1_schoice_1_8453308778</value>
</correctResponse>
<mapping defaultValue="0" lowerBound="0.0">
<mapEntry mapKey="uva-bayesian-statistics-838-en-ans_713668391_section_1_item_1_schoice_1_8453308778" mappedValue="1"/>
<mapEntry mapKey="uva-bayesian-statistics-838-en-ans_713668391_section_1_item_1_schoice_2_1693971803" mappedValue="0"/>
<mapEntry mapKey="uva-bayesian-statistics-838-en-ans_713668391_section_1_item_1_schoice_3_5850140837" mappedValue="0"/>
</mapping>
</responseDeclaration>
<outcomeDeclaration identifier="SCORE" cardinality="single" baseType="float" normalMaximum="1" normalMinimum="0">
<defaultValue>
<value>0.0</value>
</defaultValue>
</outcomeDeclaration>
<outcomeDeclaration identifier="MAXSCORE" cardinality="single" baseType="float">
<defaultValue>
<value>1</value>
</defaultValue>
</outcomeDeclaration>
<outcomeDeclaration identifier="FEEDBACKBASIC" cardinality="single" baseType="identifier" view="testConstructor">
<defaultValue>
<value>empty</value>
</defaultValue>
</outcomeDeclaration>
<outcomeDeclaration identifier="FEEDBACKMODAL" cardinality="multiple" baseType="identifier" view="testConstructor"/>
<outcomeDeclaration identifier="SOLUTIONMODAL" cardinality="single" baseType="identifier" view="testConstructor"/>
<outcomeDeclaration identifier="MINSCORE" cardinality="single" baseType="float">
<defaultValue>
<value baseType="float">0</value>
</defaultValue>
</outcomeDeclaration>
<outcomeDeclaration identifier="SCORE_RESPONSE_1" cardinality="single" baseType="float">
<defaultValue>
<value>0.0</value>
</defaultValue>
</outcomeDeclaration>
<outcomeDeclaration identifier="MINSCORE_RESPONSE_1" cardinality="single" baseType="float">
<defaultValue>
<value>0.0</value>
</defaultValue>
</outcomeDeclaration>
<itemBody>
<p>A diagnostic tool for the rare tropical disease Waldorps Black Fever (WBF) has sensitivity 0.90 and specificity 0.80. The probability of a traveler contracting the disease is 0.01. What is the probability that someone who the instrument says has the disease actually has WBF leads?</p>
<choiceInteraction responseIdentifier="uva-bayesian-statistics-838-en-ans_713668391_section_1_item_1_schoice_RESPONSE_1_7100244" shuffle="false" maxChoices="1">
<simpleChoice identifier="uva-bayesian-statistics-838-en-ans_713668391_section_1_item_1_schoice_1_8453308778">
<p>
 0.04
</p>
</simpleChoice>
<simpleChoice identifier="uva-bayesian-statistics-838-en-ans_713668391_section_1_item_1_schoice_2_1693971803">
<p>
 0.14
</p>
</simpleChoice>
<simpleChoice identifier="uva-bayesian-statistics-838-en-ans_713668391_section_1_item_1_schoice_3_5850140837">
<p>
 0.24
</p>
</simpleChoice>
</choiceInteraction>
</itemBody>
<responseProcessing>
<setOutcomeValue identifier="SCORE_RESPONSE_1">
<sum>
<variable identifier="SCORE_RESPONSE_1"/>
<mapResponse identifier="uva-bayesian-statistics-838-en-ans_713668391_section_1_item_1_schoice_RESPONSE_1_7100244"/>
</sum>
</setOutcomeValue>
<responseCondition>
<responseIf>
<lt>
<variable identifier="SCORE_RESPONSE_1"/>
<variable identifier="MINSCORE_RESPONSE_1"/>
</lt>
<setOutcomeValue identifier="SCORE_RESPONSE_1">
<variable identifier="MINSCORE_RESPONSE_1"/>
</setOutcomeValue>
</responseIf>
</responseCondition>
<responseCondition>
<responseIf>
<isNull>
<variable identifier="uva-bayesian-statistics-838-en-ans_713668391_section_1_item_1_schoice_RESPONSE_1_7100244"/>
</isNull>
<setOutcomeValue identifier="SCORE_RESPONSE_1">
<sum>
<variable identifier="SCORE_RESPONSE_1"/>
<baseValue baseType="float">0</baseValue>
</sum>
</setOutcomeValue>
</responseIf>
</responseCondition>
<setOutcomeValue identifier="SCORE">
<sum>
<variable identifier="SCORE_RESPONSE_1"/>
</sum>
</setOutcomeValue>
<responseCondition>
<responseIf>
<lt>
<variable identifier="SCORE"/>
<variable identifier="MINSCORE"/>
</lt>
<setOutcomeValue identifier="SCORE">
<variable identifier="MINSCORE"/>
</setOutcomeValue>
</responseIf>
</responseCondition>
<responseCondition>
<responseIf>
<lt>
<variable identifier="SCORE"/>
<baseValue baseType="float">1</baseValue>
</lt>
<setOutcomeValue identifier="FEEDBACKMODAL">
<multiple>
<variable identifier="FEEDBACKMODAL"/>
<baseValue baseType="identifier">Feedback778054248</baseValue>
</multiple>
</setOutcomeValue>
</responseIf>
</responseCondition>
</responseProcessing>
<modalFeedback outcomeIdentifier="FEEDBACK" showHide="show" identifier="incorrect">
<ul>
<li> 0.04 <br /> 0.04: Correct </li>
<li> 0.14 <br /> 0.14: Incorrect </li>
<li> 0.24 <br /> 0.24: Incorrect </li>
</ul>
</modalFeedback>
</assessmentItem>
