<?xml version="1.0" encoding="UTF-8"?>
<assessmentItem xsi:schemaLocation="http://www.imsglobal.org/xsd/imsqti_v2p1 http://www.imsglobal.org/xsd/qti/qtiv2p1/imsqti_v2p1p1.xsd http://www.w3.org/1998/Math/MathML http://www.w3.org/Math/XMLSchema/mathml2/mathml2.xsd" identifier="uva-confidence-level-858-nl-qti_113647768_section_1_item_1_schoice" title="1" adaptive="false" timeDependent="false" xmlns="http://www.imsglobal.org/xsd/imsqti_v2p1" xmlns:xsi="http://www.w3.org/2001/XMLSchema-instance">
<responseDeclaration identifier="uva-confidence-level-858-nl-qti_113647768_section_1_item_1_schoice_RESPONSE_1_6716858" cardinality="single" baseType="identifier">
<correctResponse>
<value>uva-confidence-level-858-nl-qti_113647768_section_1_item_1_schoice_3_8408727768</value>
</correctResponse>
<mapping defaultValue="0" lowerBound="0.0">
<mapEntry mapKey="uva-confidence-level-858-nl-qti_113647768_section_1_item_1_schoice_1_3696886503" mappedValue="0"/>
<mapEntry mapKey="uva-confidence-level-858-nl-qti_113647768_section_1_item_1_schoice_2_8752208925" mappedValue="0"/>
<mapEntry mapKey="uva-confidence-level-858-nl-qti_113647768_section_1_item_1_schoice_3_8408727768" mappedValue="1"/>
</mapping>
</responseDeclaration>
<outcomeDeclaration identifier="SCORE" cardinality="single" baseType="float" normalMaximum="1" normalMinimum="0">
<defaultValue>
<value>0.0</value>
</defaultValue>
</outcomeDeclaration>
<outcomeDeclaration identifier="MAXSCORE" cardinality="single" baseType="float">
<defaultValue>
<value>1</value>
</defaultValue>
</outcomeDeclaration>
<outcomeDeclaration identifier="FEEDBACKBASIC" cardinality="single" baseType="identifier" view="testConstructor">
<defaultValue>
<value>empty</value>
</defaultValue>
</outcomeDeclaration>
<outcomeDeclaration identifier="FEEDBACKMODAL" cardinality="multiple" baseType="identifier" view="testConstructor"/>
<outcomeDeclaration identifier="SOLUTIONMODAL" cardinality="single" baseType="identifier" view="testConstructor"/>
<outcomeDeclaration identifier="MINSCORE" cardinality="single" baseType="float">
<defaultValue>
<value baseType="float">0</value>
</defaultValue>
</outcomeDeclaration>
<outcomeDeclaration identifier="SCORE_RESPONSE_1" cardinality="single" baseType="float">
<defaultValue>
<value>0.0</value>
</defaultValue>
</outcomeDeclaration>
<outcomeDeclaration identifier="MINSCORE_RESPONSE_1" cardinality="single" baseType="float">
<defaultValue>
<value>0.0</value>
</defaultValue>
</outcomeDeclaration>
<itemBody>
<p>Er wordt onderzocht hoeveel mensen 'ja' zouden antwoorden op de vraag
of ze zich wel eens depressief voelen. Het percentage dat met 'ja'
antwoordt is 33% uit een steekproef van 350 aselect gevraagde mensen. De
onderzoekers willen weten of het percentage groter is dan 30%. Daartoe
stellen zij de nulhypothese op H<sub>0</sub>: <em>p</em><sub>0</sub> = 30%. Vanaf welk percentage
kan de nulhypothese worden verworpen wanneer een significantieniveau
wordt gebruikt van 2,5%?</p>
<choiceInteraction responseIdentifier="uva-confidence-level-858-nl-qti_113647768_section_1_item_1_schoice_RESPONSE_1_6716858" shuffle="false" maxChoices="1">
<simpleChoice identifier="uva-confidence-level-858-nl-qti_113647768_section_1_item_1_schoice_1_3696886503">
<p>
 25%
</p>
</simpleChoice>
<simpleChoice identifier="uva-confidence-level-858-nl-qti_113647768_section_1_item_1_schoice_2_8752208925">
<p>
 30%
</p>
</simpleChoice>
<simpleChoice identifier="uva-confidence-level-858-nl-qti_113647768_section_1_item_1_schoice_3_8408727768">
<p>
 35%
</p>
</simpleChoice>
</choiceInteraction>
</itemBody>
<responseProcessing>
<setOutcomeValue identifier="SCORE_RESPONSE_1">
<sum>
<variable identifier="SCORE_RESPONSE_1"/>
<mapResponse identifier="uva-confidence-level-858-nl-qti_113647768_section_1_item_1_schoice_RESPONSE_1_6716858"/>
</sum>
</setOutcomeValue>
<responseCondition>
<responseIf>
<lt>
<variable identifier="SCORE_RESPONSE_1"/>
<variable identifier="MINSCORE_RESPONSE_1"/>
</lt>
<setOutcomeValue identifier="SCORE_RESPONSE_1">
<variable identifier="MINSCORE_RESPONSE_1"/>
</setOutcomeValue>
</responseIf>
</responseCondition>
<responseCondition>
<responseIf>
<isNull>
<variable identifier="uva-confidence-level-858-nl-qti_113647768_section_1_item_1_schoice_RESPONSE_1_6716858"/>
</isNull>
<setOutcomeValue identifier="SCORE_RESPONSE_1">
<sum>
<variable identifier="SCORE_RESPONSE_1"/>
<baseValue baseType="float">0</baseValue>
</sum>
</setOutcomeValue>
</responseIf>
</responseCondition>
<setOutcomeValue identifier="SCORE">
<sum>
<variable identifier="SCORE_RESPONSE_1"/>
</sum>
</setOutcomeValue>
<responseCondition>
<responseIf>
<lt>
<variable identifier="SCORE"/>
<variable identifier="MINSCORE"/>
</lt>
<setOutcomeValue identifier="SCORE">
<variable identifier="MINSCORE"/>
</setOutcomeValue>
</responseIf>
</responseCondition>
<responseCondition>
<responseIf>
<lt>
<variable identifier="SCORE"/>
<baseValue baseType="float">1</baseValue>
</lt>
<setOutcomeValue identifier="FEEDBACKMODAL">
<multiple>
<variable identifier="FEEDBACKMODAL"/>
<baseValue baseType="identifier">Feedback672805651</baseValue>
</multiple>
</setOutcomeValue>
</responseIf>
</responseCondition>
</responseProcessing>
<modalFeedback identifier="Feedback672805651" outcomeIdentifier="FEEDBACKMODAL" showHide="show">
<ul>
<li> 25% <br /> 25%: Incorrect </li>
<li> 30% <br /> 30%: Incorrect </li>
<li> 35% <br /> 35%: Correct </li>
</ul>
</modalFeedback>
</assessmentItem>
