<?xml version="1.0" encoding="utf-8" standalone="yes"?>
<assessmentItem identifier="vufgb-rsquared-003-en-tv_202307180608_item_1_schoice" title="vufgb-rsquared-003-en-tv_202307180608_item_1_schoice_vufgb-rsquared-003-en" adaptive="false" timeDependent="false" toolName="Testvision Online" toolVersion="39.0.9084" xmlns="http://www.imsglobal.org/xsd/imsqti_v2p1">
<responseDeclaration identifier="RESPONSE" cardinality="single" baseType="identifier">
<correctResponse>
<value>alt_532618</value>
</correctResponse>
<mapping defaultValue="0" lowerBound="0.0">
<mapEntry mapKey="alt_532618" mappedValue="1"/>
<mapEntry mapKey="alt_798570" mappedValue="-0.333333333333333"/>
<mapEntry mapKey="alt_240667" mappedValue="-0.333333333333333"/>
<mapEntry mapKey="alt_865556" mappedValue="-0.333333333333333"/>
</mapping>
</responseDeclaration>
<outcomeDeclaration identifier="SCORE" cardinality="single" baseType="float" normalMaximum="1" normalMinimum="0" />
<outcomeDeclaration identifier="FEEDBACK" cardinality="single" baseType="identifier" />
<itemBody>
<p>From the regression analysis performed on survey results for 200 participants it
is apparent that there is a statistically significant positive association between
a students’ science score and their reading score. Part of the regression output
is provided below. What percentage of the total variance in reading score remains
unexplained in this model?</p>
<p><img src="mediafiles/supplements1/vufgb-rsquared-003-en-table01.jpg" alt="image"/></p>
<choiceInteraction responseIdentifier="RESPONSE" shuffle="false" maxChoices="1">
<simpleChoice identifier="alt_532618">
<div class="textblock tvblock tvcss_1"><div class="rte_zone tveditor1">
 51.1%
</div>
</div>
</simpleChoice>
<simpleChoice identifier="alt_798570">
<div class="textblock tvblock tvcss_1"><div class="rte_zone tveditor1">
 48.9%
</div>
</div>
</simpleChoice>
<simpleChoice identifier="alt_240667">
<div class="textblock tvblock tvcss_1"><div class="rte_zone tveditor1">
 195.8%
</div>
</div>
</simpleChoice>
<simpleChoice identifier="alt_865556">
<div class="textblock tvblock tvcss_1"><div class="rte_zone tveditor1">
 4.2%
</div>
</div>
</simpleChoice>
</choiceInteraction>
</itemBody>
<responseProcessing>
<responseCondition>
<responseIf>
<isNull>
<variable identifier="RESPONSE"/>
</isNull>
<setOutcomeValue identifier="SCORE">
<baseValue baseType="float">0.0</baseValue>
</setOutcomeValue>
<setOutcomeValue identifier="FEEDBACK">
<baseValue baseType="identifier">FAILURE</baseValue>
</setOutcomeValue>
</responseIf>
<responseElse>
<setOutcomeValue identifier="SCORE">
<mapResponse identifier="RESPONSE"/>
</setOutcomeValue>
<responseCondition>
<responseIf>
<equal toleranceMode="relative" tolerance="0.001">
<variable identifier="SCORE"/>
<variable identifier="MAXSCORE"/>
</equal>
<setOutcomeValue identifier="FEEDBACK">
<baseValue baseType="identifier">ANSWER_CORRECT</baseValue>
</setOutcomeValue>
</responseIf>
<responseElse>
<setOutcomeValue identifier="FEEDBACK">
<baseValue baseType="identifier">FAILURE</baseValue>
</setOutcomeValue>
</responseElse>
</responseCondition>
</responseElse>
</responseCondition>
</responseProcessing>
<modalFeedback identifier="FAILURE" outcomeIdentifier="FEEDBACK" showHide="show">
<div class="textblock tvblock tvcss_1"><div class="rte_zone tveditor1">
 51.1% <br /> Correct 
 48.9% <br /> Incorrect 
 195.8% <br /> Incorrect 
 4.2% <br /> Incorrect 
</div>
</div>
</modalFeedback>
<modalFeedback identifier="ANSWER_CORRECT" outcomeIdentifier="FEEDBACK" showHide="show">
<div class="textblock tvblock tvcss_1"><div class="rte_zone tveditor1">
 51.1% <br /> Correct 
 48.9% <br /> Incorrect 
 195.8% <br /> Incorrect 
 4.2% <br /> Incorrect 
</div>
</div>
</modalFeedback>
<modalFeedback identifier="PARTIAL_CORRECT" outcomeIdentifier="FEEDBACK" showHide="show">
<div class="textblock tvblock tvcss_1"><div class="rte_zone tveditor1">
 51.1% <br /> Correct 
 48.9% <br /> Incorrect 
 195.8% <br /> Incorrect 
 4.2% <br /> Incorrect 
</div>
</div>
</modalFeedback>
</assessmentItem>
