<?xml version="1.0" encoding="UTF-8"?>
<!DOCTYPE questestinterop SYSTEM "ims_qtiasiv1p2p1.dtd">

<questestinterop xmlns="http://www.imsglobal.org/xsd/ims_qtiasiv1p2" xmlns:xsi="http://www.w3.org/2001/XMLSchema-instance" xsi:schemaLocation="http://www.imsglobal.org/xsd/ims_qtiasiv1p2 http://www.imsglobal.org/xsd/ims_qtiasiv1p2p1.xsd">
<assessment ident="eur-descriptive-115-en-canvas_742559148" title="eur-descriptive-115-en-canvas">

<qtimetadata>
<qtimetadatafield>
<fieldlabel>cc_maxattempts</fieldlabel>
<fieldentry>1</fieldentry>
</qtimetadatafield>
<qtimetadatafield>
<fieldlabel>qmd_assessmenttype</fieldlabel>
<fieldentry>Assessment</fieldentry>
</qtimetadatafield>
</qtimetadata>
<objectives>
<material>
<mattext><![CDATA[Please solve the following exercises.]]></mattext>
</material>
</objectives>
<assessmentcontrol feedbackswitch="No" hintswitch="No" solutionswitch="Yes"/>
<outcomes_processing scoremodel="SumOfScores">
<outcomes>
<decvar varname="SCORE" vartype="Decimal" cutvalue="0"/>
</outcomes>
</outcomes_processing>
<assessfeedback title="AssessmentFeedback" ident="AssessmentFeedback">
<flow_mat>
<material>
<mattext>##AssessmentFeedback##</mattext>
</material>
</flow_mat>
</assessfeedback>

<section ident="eur-descriptive-115-en-canvas_742559148_section_1" title="Exercise">

<objectives>
<material>
<mattext><![CDATA[Please answer the following question.]]></mattext>
</material>
</objectives>
<selection_ordering>
<selection>
<selection_number>1</selection_number>
<selection_extension>
<points_per_item>1</points_per_item>
</selection_extension>
</selection>
<order order_type="Random"/>
</selection_ordering>

<item ident="eur-descriptive-115-en-canvas_742559148_section_1_item_1_schoice" title="Question" maxattempts="1">
<itemcontrol feedbackswitch="No" hintswitch="No" solutionswitch="Yes"/>
<itemmetadata>
<qtimetadata>
<qtimetadatafield>
<fieldlabel>question_type</fieldlabel>
<fieldentry>multiple_choice_question</fieldentry>
</qtimetadatafield>
</qtimetadata>
</itemmetadata>
<presentation>
<flow>
<material>
<matbreak/>
<mattext texttype="text/html" charset="utf-8"><![CDATA[
<p>If we want to determine the strength of the linear relation between two continuous variables using a scatterplot, we pay attention to:</p>
]]></mattext>
<matbreak/>
</material>
<response_lid ident="eur-descriptive-115-en-canvas_742559148_section_1_item_1_schoice_RESPONSE_3061916" rcardinality="Single" rtiming="No">
<render_choice shuffle="No">
<flow_label class="List">
<response_label ident="eur-descriptive-115-en-canvas_742559148_section_1_item_1_schoice_1274745605" rshuffle="No">
<material>
<mattext texttype="text/html" charset="utf-8"><![CDATA[
 How close are the points to a straight line
]]></mattext>
</material>
</response_label>
</flow_label>
<flow_label class="List">
<response_label ident="eur-descriptive-115-en-canvas_742559148_section_1_item_1_schoice_5021081755" rshuffle="No">
<material>
<mattext texttype="text/html" charset="utf-8"><![CDATA[
 How close the points are together
]]></mattext>
</material>
</response_label>
</flow_label>
<flow_label class="List">
<response_label ident="eur-descriptive-115-en-canvas_742559148_section_1_item_1_schoice_2172572729" rshuffle="No">
<material>
<mattext texttype="text/html" charset="utf-8"><![CDATA[
 Whether the points show an increasing or a decreasing relation
]]></mattext>
</material>
</response_label>
</flow_label>
<flow_label class="List">
<response_label ident="eur-descriptive-115-en-canvas_742559148_section_1_item_1_schoice_9920076391" rshuffle="No">
<material>
<mattext texttype="text/html" charset="utf-8"><![CDATA[
 How close the points are to the vertical (Y-) axis of the plot
]]></mattext>
</material>
</response_label>
</flow_label>
</render_choice>
</response_lid>
</flow>
</presentation>
<resprocessing>
<outcomes>
<decvar varname="SCORE" vartype="Decimal" defaultval="0" minvalue="0" maxvalue="1" cutvalue="1"/>
</outcomes>
<respcondition title="Mastery" continue="No">
<conditionvar>
<and>
<varequal respident="eur-descriptive-115-en-canvas_742559148_section_1_item_1_schoice_RESPONSE_3061916" case="Yes">eur-descriptive-115-en-canvas_742559148_section_1_item_1_schoice_1274745605</varequal>
<not> <varequal respident="eur-descriptive-115-en-canvas_742559148_section_1_item_1_schoice_RESPONSE_3061916" case="Yes">eur-descriptive-115-en-canvas_742559148_section_1_item_1_schoice_5021081755</varequal> </not>
<not> <varequal respident="eur-descriptive-115-en-canvas_742559148_section_1_item_1_schoice_RESPONSE_3061916" case="Yes">eur-descriptive-115-en-canvas_742559148_section_1_item_1_schoice_2172572729</varequal> </not>
<not> <varequal respident="eur-descriptive-115-en-canvas_742559148_section_1_item_1_schoice_RESPONSE_3061916" case="Yes">eur-descriptive-115-en-canvas_742559148_section_1_item_1_schoice_9920076391</varequal> </not>
</and>
</conditionvar>
<setvar varname="SCORE" action="Set">1</setvar>
<displayfeedback feedbacktype="Response" linkrefid="correct_fb"/>
</respcondition>
<respcondition continue="Yes">
<conditionvar>
<other/>
</conditionvar>
<displayfeedback feedbacktype="Response" linkrefid="general_incorrect_fb"/>
</respcondition>
</resprocessing>
<itemfeedback ident="correct_fb" view="All">
<flow_mat>
<material>
<mattext texttype="text/html"><![CDATA[
<ul>
<li> How close are the points to a straight line <br /> This is the correct answer! </li>
<li> How close the points are together <br /> This answer is incorrect </li>
<li> Whether the points show an increasing or a decreasing relation <br /> This answer is incorrect </li>
<li> How close the points are to the vertical (Y-) axis of the plot <br /> This answer is incorrect </li>
</ul>
]]></mattext>
</material>
</flow_mat>
</itemfeedback>
<itemfeedback ident="general_incorrect_fb" view="All">
<flow_mat>
<material>
<mattext texttype="text/html"><![CDATA[
<ul>
<li> How close are the points to a straight line <br /> This is the correct answer! </li>
<li> How close the points are together <br /> This answer is incorrect </li>
<li> Whether the points show an increasing or a decreasing relation <br /> This answer is incorrect </li>
<li> How close the points are to the vertical (Y-) axis of the plot <br /> This answer is incorrect </li>
</ul>
]]></mattext>
</material>
</flow_mat>
</itemfeedback>
</item>


</section>

</assessment>
</questestinterop>
