<?xml version="1.0" encoding="UTF-8"?>
<assessmentItem xsi:schemaLocation="http://www.imsglobal.org/xsd/imsqti_v2p1 http://www.imsglobal.org/xsd/qti/qtiv2p1/imsqti_v2p1p1.xsd http://www.w3.org/1998/Math/MathML http://www.w3.org/Math/XMLSchema/mathml2/mathml2.xsd" identifier="uva-general-rules-1169-nl-qti_217257164_section_1_item_1_schoice" title="1" adaptive="false" timeDependent="false" xmlns="http://www.imsglobal.org/xsd/imsqti_v2p1" xmlns:xsi="http://www.w3.org/2001/XMLSchema-instance">
<responseDeclaration identifier="uva-general-rules-1169-nl-qti_217257164_section_1_item_1_schoice_RESPONSE_1_1492130" cardinality="single" baseType="identifier">
<correctResponse>
<value>uva-general-rules-1169-nl-qti_217257164_section_1_item_1_schoice_2_7037692165</value>
</correctResponse>
<mapping defaultValue="0" lowerBound="0.0">
<mapEntry mapKey="uva-general-rules-1169-nl-qti_217257164_section_1_item_1_schoice_1_5726809331" mappedValue="0"/>
<mapEntry mapKey="uva-general-rules-1169-nl-qti_217257164_section_1_item_1_schoice_2_7037692165" mappedValue="1"/>
<mapEntry mapKey="uva-general-rules-1169-nl-qti_217257164_section_1_item_1_schoice_3_9683877929" mappedValue="0"/>
<mapEntry mapKey="uva-general-rules-1169-nl-qti_217257164_section_1_item_1_schoice_4_5349993803" mappedValue="0"/>
</mapping>
</responseDeclaration>
<outcomeDeclaration identifier="SCORE" cardinality="single" baseType="float" normalMaximum="1" normalMinimum="0">
<defaultValue>
<value>0.0</value>
</defaultValue>
</outcomeDeclaration>
<outcomeDeclaration identifier="MAXSCORE" cardinality="single" baseType="float">
<defaultValue>
<value>1</value>
</defaultValue>
</outcomeDeclaration>
<outcomeDeclaration identifier="FEEDBACKBASIC" cardinality="single" baseType="identifier" view="testConstructor">
<defaultValue>
<value>empty</value>
</defaultValue>
</outcomeDeclaration>
<outcomeDeclaration identifier="FEEDBACKMODAL" cardinality="multiple" baseType="identifier" view="testConstructor"/>
<outcomeDeclaration identifier="SOLUTIONMODAL" cardinality="single" baseType="identifier" view="testConstructor"/>
<outcomeDeclaration identifier="MINSCORE" cardinality="single" baseType="float">
<defaultValue>
<value baseType="float">0</value>
</defaultValue>
</outcomeDeclaration>
<outcomeDeclaration identifier="SCORE_RESPONSE_1" cardinality="single" baseType="float">
<defaultValue>
<value>0.0</value>
</defaultValue>
</outcomeDeclaration>
<outcomeDeclaration identifier="MINSCORE_RESPONSE_1" cardinality="single" baseType="float">
<defaultValue>
<value>0.0</value>
</defaultValue>
</outcomeDeclaration>
<itemBody>
<p>Je hebt twee loten gekocht. De eerste <em>X</em> heeft een winstverwachting van
€ 0,50 met een standaardafwijking van € 0,25 en de tweede <em>Y</em> € 0,75
winstverwachting met € 0,32 standaardafwijking. Als je de kosten van de
loten niet meerekent, wat is dan je verwachtingswaarde van de totale
winst en de standaardafwijking daarvan?</p>
<choiceInteraction responseIdentifier="uva-general-rules-1169-nl-qti_217257164_section_1_item_1_schoice_RESPONSE_1_1492130" shuffle="false" maxChoices="1">
<simpleChoice identifier="uva-general-rules-1169-nl-qti_217257164_section_1_item_1_schoice_1_5726809331">
<p>
 µX+Y = 0,50; σX+Y = 0,72
</p>
</simpleChoice>
<simpleChoice identifier="uva-general-rules-1169-nl-qti_217257164_section_1_item_1_schoice_2_7037692165">
<p>
 µX+Y = 1,25; σX+Y = 0,41
</p>
</simpleChoice>
<simpleChoice identifier="uva-general-rules-1169-nl-qti_217257164_section_1_item_1_schoice_3_9683877929">
<p>
 µX+Y = 0,75; σX+Y = 0,41
</p>
</simpleChoice>
<simpleChoice identifier="uva-general-rules-1169-nl-qti_217257164_section_1_item_1_schoice_4_5349993803">
<p>
 µX+Y = 1,25; σX+Y = 0,16
</p>
</simpleChoice>
</choiceInteraction>
</itemBody>
<responseProcessing>
<setOutcomeValue identifier="SCORE_RESPONSE_1">
<sum>
<variable identifier="SCORE_RESPONSE_1"/>
<mapResponse identifier="uva-general-rules-1169-nl-qti_217257164_section_1_item_1_schoice_RESPONSE_1_1492130"/>
</sum>
</setOutcomeValue>
<responseCondition>
<responseIf>
<lt>
<variable identifier="SCORE_RESPONSE_1"/>
<variable identifier="MINSCORE_RESPONSE_1"/>
</lt>
<setOutcomeValue identifier="SCORE_RESPONSE_1">
<variable identifier="MINSCORE_RESPONSE_1"/>
</setOutcomeValue>
</responseIf>
</responseCondition>
<responseCondition>
<responseIf>
<isNull>
<variable identifier="uva-general-rules-1169-nl-qti_217257164_section_1_item_1_schoice_RESPONSE_1_1492130"/>
</isNull>
<setOutcomeValue identifier="SCORE_RESPONSE_1">
<sum>
<variable identifier="SCORE_RESPONSE_1"/>
<baseValue baseType="float">0</baseValue>
</sum>
</setOutcomeValue>
</responseIf>
</responseCondition>
<setOutcomeValue identifier="SCORE">
<sum>
<variable identifier="SCORE_RESPONSE_1"/>
</sum>
</setOutcomeValue>
<responseCondition>
<responseIf>
<lt>
<variable identifier="SCORE"/>
<variable identifier="MINSCORE"/>
</lt>
<setOutcomeValue identifier="SCORE">
<variable identifier="MINSCORE"/>
</setOutcomeValue>
</responseIf>
</responseCondition>
<responseCondition>
<responseIf>
<lt>
<variable identifier="SCORE"/>
<baseValue baseType="float">1</baseValue>
</lt>
<setOutcomeValue identifier="FEEDBACKMODAL">
<multiple>
<variable identifier="FEEDBACKMODAL"/>
<baseValue baseType="identifier">Feedback876614184</baseValue>
</multiple>
</setOutcomeValue>
</responseIf>
</responseCondition>
</responseProcessing>
<modalFeedback identifier="Feedback876614184" outcomeIdentifier="FEEDBACKMODAL" showHide="show">
<ul>
<li> µX+Y = 0,50; σX+Y = 0,72 <br /> µX+Y = 0,50; σX+Y = 0,72: Incorrect </li>
<li> µX+Y = 1,25; σX+Y = 0,41 <br /> µX+Y = 1,25; σX+Y = 0,41: Correct </li>
<li> µX+Y = 0,75; σX+Y = 0,41 <br /> µX+Y = 0,75; σX+Y = 0,41: Incorrect </li>
<li> µX+Y = 1,25; σX+Y = 0,16 <br /> µX+Y = 1,25; σX+Y = 0,16: Incorrect </li>
</ul>
</modalFeedback>
</assessmentItem>
