<?xml version="1.0" encoding="UTF-8"?>
<assessmentItem xsi:schemaLocation="http://www.imsglobal.org/xsd/imsqti_v2p1 http://www.imsglobal.org/xsd/qti/qtiv2p1/imsqti_v2p1p1.xsd http://www.w3.org/1998/Math/MathML http://www.w3.org/Math/XMLSchema/mathml2/mathml2.xsd" identifier="uva-oneway-anova-567-en-ans_558075354_section_1_item_1_schoice" title="Inferential_Statistics_uva-oneway-anova-567-en_uva-oneway-anova-567-en_schoice_1" adaptive="false" timeDependent="false" xmlns="http://www.imsglobal.org/xsd/imsqti_v2p1" xmlns:xsi="http://www.w3.org/2001/XMLSchema-instance">
<responseDeclaration identifier="uva-oneway-anova-567-en-ans_558075354_section_1_item_1_schoice_RESPONSE_1_2016804" cardinality="single" baseType="identifier">
<correctResponse>
<value>uva-oneway-anova-567-en-ans_558075354_section_1_item_1_schoice_3_2507158025</value>
</correctResponse>
<mapping defaultValue="0" lowerBound="0.0">
<mapEntry mapKey="uva-oneway-anova-567-en-ans_558075354_section_1_item_1_schoice_1_1276659893" mappedValue="0"/>
<mapEntry mapKey="uva-oneway-anova-567-en-ans_558075354_section_1_item_1_schoice_2_8868664801" mappedValue="0"/>
<mapEntry mapKey="uva-oneway-anova-567-en-ans_558075354_section_1_item_1_schoice_3_2507158025" mappedValue="1"/>
<mapEntry mapKey="uva-oneway-anova-567-en-ans_558075354_section_1_item_1_schoice_4_1407127613" mappedValue="0"/>
</mapping>
</responseDeclaration>
<outcomeDeclaration identifier="SCORE" cardinality="single" baseType="float" normalMaximum="1" normalMinimum="0">
<defaultValue>
<value>0.0</value>
</defaultValue>
</outcomeDeclaration>
<outcomeDeclaration identifier="MAXSCORE" cardinality="single" baseType="float">
<defaultValue>
<value>1</value>
</defaultValue>
</outcomeDeclaration>
<outcomeDeclaration identifier="FEEDBACKBASIC" cardinality="single" baseType="identifier" view="testConstructor">
<defaultValue>
<value>empty</value>
</defaultValue>
</outcomeDeclaration>
<outcomeDeclaration identifier="FEEDBACKMODAL" cardinality="multiple" baseType="identifier" view="testConstructor"/>
<outcomeDeclaration identifier="SOLUTIONMODAL" cardinality="single" baseType="identifier" view="testConstructor"/>
<outcomeDeclaration identifier="MINSCORE" cardinality="single" baseType="float">
<defaultValue>
<value baseType="float">0</value>
</defaultValue>
</outcomeDeclaration>
<outcomeDeclaration identifier="SCORE_RESPONSE_1" cardinality="single" baseType="float">
<defaultValue>
<value>0.0</value>
</defaultValue>
</outcomeDeclaration>
<outcomeDeclaration identifier="MINSCORE_RESPONSE_1" cardinality="single" baseType="float">
<defaultValue>
<value>0.0</value>
</defaultValue>
</outcomeDeclaration>
<itemBody>
<p>Below is a portion of an ANOVA table belonging to an RCB ANOVA.</p>
<p>————– —- —- —- — Variation source df SS MS F Treatment 4 48 Block 2 22 Error 8 20 Total 14 90 ————– —- —- —- —</p>
<p>In the experiment to which this table refers, how many observations were to which this table refers?</p>
<choiceInteraction responseIdentifier="uva-oneway-anova-567-en-ans_558075354_section_1_item_1_schoice_RESPONSE_1_2016804" shuffle="false" maxChoices="1">
<simpleChoice identifier="uva-oneway-anova-567-en-ans_558075354_section_1_item_1_schoice_1_1276659893">
<p>
 5
</p>
</simpleChoice>
<simpleChoice identifier="uva-oneway-anova-567-en-ans_558075354_section_1_item_1_schoice_2_8868664801">
<p>
 14
</p>
</simpleChoice>
<simpleChoice identifier="uva-oneway-anova-567-en-ans_558075354_section_1_item_1_schoice_3_2507158025">
<p>
 15
</p>
</simpleChoice>
<simpleChoice identifier="uva-oneway-anova-567-en-ans_558075354_section_1_item_1_schoice_4_1407127613">
<p>
 28
</p>
</simpleChoice>
</choiceInteraction>
</itemBody>
<responseProcessing>
<setOutcomeValue identifier="SCORE_RESPONSE_1">
<sum>
<variable identifier="SCORE_RESPONSE_1"/>
<mapResponse identifier="uva-oneway-anova-567-en-ans_558075354_section_1_item_1_schoice_RESPONSE_1_2016804"/>
</sum>
</setOutcomeValue>
<responseCondition>
<responseIf>
<lt>
<variable identifier="SCORE_RESPONSE_1"/>
<variable identifier="MINSCORE_RESPONSE_1"/>
</lt>
<setOutcomeValue identifier="SCORE_RESPONSE_1">
<variable identifier="MINSCORE_RESPONSE_1"/>
</setOutcomeValue>
</responseIf>
</responseCondition>
<responseCondition>
<responseIf>
<isNull>
<variable identifier="uva-oneway-anova-567-en-ans_558075354_section_1_item_1_schoice_RESPONSE_1_2016804"/>
</isNull>
<setOutcomeValue identifier="SCORE_RESPONSE_1">
<sum>
<variable identifier="SCORE_RESPONSE_1"/>
<baseValue baseType="float">0</baseValue>
</sum>
</setOutcomeValue>
</responseIf>
</responseCondition>
<setOutcomeValue identifier="SCORE">
<sum>
<variable identifier="SCORE_RESPONSE_1"/>
</sum>
</setOutcomeValue>
<responseCondition>
<responseIf>
<lt>
<variable identifier="SCORE"/>
<variable identifier="MINSCORE"/>
</lt>
<setOutcomeValue identifier="SCORE">
<variable identifier="MINSCORE"/>
</setOutcomeValue>
</responseIf>
</responseCondition>
<responseCondition>
<responseIf>
<lt>
<variable identifier="SCORE"/>
<baseValue baseType="float">1</baseValue>
</lt>
<setOutcomeValue identifier="FEEDBACKMODAL">
<multiple>
<variable identifier="FEEDBACKMODAL"/>
<baseValue baseType="identifier">Feedback874249044</baseValue>
</multiple>
</setOutcomeValue>
</responseIf>
</responseCondition>
</responseProcessing>
<modalFeedback outcomeIdentifier="FEEDBACK" showHide="show" identifier="incorrect">
<ul>
<li> 5 <br /> 5: Incorrect </li>
<li> 14 <br /> 14: Incorrect </li>
<li> 15 <br /> 15: Correct </li>
<li> 28 <br /> 28: Incorrect </li>
</ul>
</modalFeedback>
</assessmentItem>
