<?xml version="1.0" encoding="UTF-8"?>
<assessmentItem xsi:schemaLocation="http://www.imsglobal.org/xsd/imsqti_v2p1 http://www.imsglobal.org/xsd/qti/qtiv2p1/imsqti_v2p1p1.xsd http://www.w3.org/1998/Math/MathML http://www.w3.org/Math/XMLSchema/mathml2/mathml2.xsd" identifier="vufgb-ancova-027-en-ans_474900711_section_1_item_1_schoice" title="Inferential_Statistics_vufgb-ancova-027-en_vufgb-ancova-027-en_schoice_1" adaptive="false" timeDependent="false" xmlns="http://www.imsglobal.org/xsd/imsqti_v2p1" xmlns:xsi="http://www.w3.org/2001/XMLSchema-instance">
<responseDeclaration identifier="vufgb-ancova-027-en-ans_474900711_section_1_item_1_schoice_RESPONSE_1_9866598" cardinality="single" baseType="identifier">
<correctResponse>
<value>vufgb-ancova-027-en-ans_474900711_section_1_item_1_schoice_1_7052526131</value>
</correctResponse>
<mapping defaultValue="0" lowerBound="0.0">
<mapEntry mapKey="vufgb-ancova-027-en-ans_474900711_section_1_item_1_schoice_1_7052526131" mappedValue="1"/>
<mapEntry mapKey="vufgb-ancova-027-en-ans_474900711_section_1_item_1_schoice_2_9482313665" mappedValue="0"/>
<mapEntry mapKey="vufgb-ancova-027-en-ans_474900711_section_1_item_1_schoice_3_1042054358" mappedValue="0"/>
<mapEntry mapKey="vufgb-ancova-027-en-ans_474900711_section_1_item_1_schoice_4_4706851785" mappedValue="0"/>
</mapping>
</responseDeclaration>
<outcomeDeclaration identifier="SCORE" cardinality="single" baseType="float" normalMaximum="1" normalMinimum="0">
<defaultValue>
<value>0.0</value>
</defaultValue>
</outcomeDeclaration>
<outcomeDeclaration identifier="MAXSCORE" cardinality="single" baseType="float">
<defaultValue>
<value>1</value>
</defaultValue>
</outcomeDeclaration>
<outcomeDeclaration identifier="FEEDBACKBASIC" cardinality="single" baseType="identifier" view="testConstructor">
<defaultValue>
<value>empty</value>
</defaultValue>
</outcomeDeclaration>
<outcomeDeclaration identifier="FEEDBACKMODAL" cardinality="multiple" baseType="identifier" view="testConstructor"/>
<outcomeDeclaration identifier="SOLUTIONMODAL" cardinality="single" baseType="identifier" view="testConstructor"/>
<outcomeDeclaration identifier="MINSCORE" cardinality="single" baseType="float">
<defaultValue>
<value baseType="float">0</value>
</defaultValue>
</outcomeDeclaration>
<outcomeDeclaration identifier="SCORE_RESPONSE_1" cardinality="single" baseType="float">
<defaultValue>
<value>0.0</value>
</defaultValue>
</outcomeDeclaration>
<outcomeDeclaration identifier="MINSCORE_RESPONSE_1" cardinality="single" baseType="float">
<defaultValue>
<value>0.0</value>
</defaultValue>
</outcomeDeclaration>
<itemBody>
<p>The factorial ANCOVA is an omnibus test and gives a statistically significant result. If you want to know which group averages are statistically significantly different from each other you can:</p>
<choiceInteraction responseIdentifier="vufgb-ancova-027-en-ans_474900711_section_1_item_1_schoice_RESPONSE_1_9866598" shuffle="false" maxChoices="1">
<simpleChoice identifier="vufgb-ancova-027-en-ans_474900711_section_1_item_1_schoice_1_7052526131">
<p>
 Perform contrasts and post hoc analyses on the adjusted averages.
</p>
</simpleChoice>
<simpleChoice identifier="vufgb-ancova-027-en-ans_474900711_section_1_item_1_schoice_2_9482313665">
<p>
 Perform contrasts only, the post-hoc analyses are no longer reliable.
</p>
</simpleChoice>
<simpleChoice identifier="vufgb-ancova-027-en-ans_474900711_section_1_item_1_schoice_3_1042054358">
<p>
 Perform both contrasts and post-hoc analyses on the unadjusted averages.
</p>
</simpleChoice>
<simpleChoice identifier="vufgb-ancova-027-en-ans_474900711_section_1_item_1_schoice_4_4706851785">
<p>
 Run only post-hoc analyses.
</p>
</simpleChoice>
</choiceInteraction>
</itemBody>
<responseProcessing>
<setOutcomeValue identifier="SCORE_RESPONSE_1">
<sum>
<variable identifier="SCORE_RESPONSE_1"/>
<mapResponse identifier="vufgb-ancova-027-en-ans_474900711_section_1_item_1_schoice_RESPONSE_1_9866598"/>
</sum>
</setOutcomeValue>
<responseCondition>
<responseIf>
<lt>
<variable identifier="SCORE_RESPONSE_1"/>
<variable identifier="MINSCORE_RESPONSE_1"/>
</lt>
<setOutcomeValue identifier="SCORE_RESPONSE_1">
<variable identifier="MINSCORE_RESPONSE_1"/>
</setOutcomeValue>
</responseIf>
</responseCondition>
<responseCondition>
<responseIf>
<isNull>
<variable identifier="vufgb-ancova-027-en-ans_474900711_section_1_item_1_schoice_RESPONSE_1_9866598"/>
</isNull>
<setOutcomeValue identifier="SCORE_RESPONSE_1">
<sum>
<variable identifier="SCORE_RESPONSE_1"/>
<baseValue baseType="float">0</baseValue>
</sum>
</setOutcomeValue>
</responseIf>
</responseCondition>
<setOutcomeValue identifier="SCORE">
<sum>
<variable identifier="SCORE_RESPONSE_1"/>
</sum>
</setOutcomeValue>
<responseCondition>
<responseIf>
<lt>
<variable identifier="SCORE"/>
<variable identifier="MINSCORE"/>
</lt>
<setOutcomeValue identifier="SCORE">
<variable identifier="MINSCORE"/>
</setOutcomeValue>
</responseIf>
</responseCondition>
<responseCondition>
<responseIf>
<lt>
<variable identifier="SCORE"/>
<baseValue baseType="float">1</baseValue>
</lt>
<setOutcomeValue identifier="FEEDBACKMODAL">
<multiple>
<variable identifier="FEEDBACKMODAL"/>
<baseValue baseType="identifier">Feedback166575118</baseValue>
</multiple>
</setOutcomeValue>
</responseIf>
</responseCondition>
</responseProcessing>
<modalFeedback outcomeIdentifier="FEEDBACK" showHide="show" identifier="incorrect">
<ul>
<li> Perform contrasts and post hoc analyses on the adjusted averages. <br /> Correct </li>
<li> Perform contrasts only, the post-hoc analyses are no longer reliable. <br /> Incorrect </li>
<li> Perform both contrasts and post-hoc analyses on the unadjusted averages. <br /> Incorrect </li>
<li> Run only post-hoc analyses. <br /> Incorrect </li>
</ul>
</modalFeedback>
</assessmentItem>
