<?xml version="1.0" encoding="utf-8" standalone="yes"?>
<assessmentItem identifier="vufsw-manova-1042-nl-tv_202307180612_item_1_schoice" title="vufsw-manova-1042-nl-tv_202307180612_item_1_schoice_vufsw-manova-1042-nl" adaptive="false" timeDependent="false" toolName="Testvision Online" toolVersion="39.0.9084" xmlns="http://www.imsglobal.org/xsd/imsqti_v2p1">
<responseDeclaration identifier="RESPONSE" cardinality="single" baseType="identifier">
<correctResponse>
<value>alt_836675</value>
</correctResponse>
<mapping defaultValue="0" lowerBound="0.0">
<mapEntry mapKey="alt_836675" mappedValue="1"/>
<mapEntry mapKey="alt_931780" mappedValue="-0.333333333333333"/>
<mapEntry mapKey="alt_411610" mappedValue="-0.333333333333333"/>
<mapEntry mapKey="alt_397403" mappedValue="-0.333333333333333"/>
</mapping>
</responseDeclaration>
<outcomeDeclaration identifier="SCORE" cardinality="single" baseType="float" normalMaximum="1" normalMinimum="0" />
<outcomeDeclaration identifier="FEEDBACK" cardinality="single" baseType="identifier" />
<itemBody>
<p>Om een MANOVA te verkiezen boven afzonderlijke ANOVA’s, dan zouden de
afhankelijke variabelen …</p>
<choiceInteraction responseIdentifier="RESPONSE" shuffle="false" maxChoices="1">
<simpleChoice identifier="alt_836675">
<div class="textblock tvblock tvcss_1"><div class="rte_zone tveditor1">
 Gematigd gecorreleerd moeten zijn.
</div>
</div>
</simpleChoice>
<simpleChoice identifier="alt_931780">
<div class="textblock tvblock tvcss_1"><div class="rte_zone tveditor1">
 Perfect gecorreleerd moeten zijn.
</div>
</div>
</simpleChoice>
<simpleChoice identifier="alt_411610">
<div class="textblock tvblock tvcss_1"><div class="rte_zone tveditor1">
 Zeer sterk gecorreleerd moeten zijn.
</div>
</div>
</simpleChoice>
<simpleChoice identifier="alt_397403">
<div class="textblock tvblock tvcss_1"><div class="rte_zone tveditor1">
 Zwak gecorreleerd moeten zijn.
</div>
</div>
</simpleChoice>
</choiceInteraction>
</itemBody>
<responseProcessing>
<responseCondition>
<responseIf>
<isNull>
<variable identifier="RESPONSE"/>
</isNull>
<setOutcomeValue identifier="SCORE">
<baseValue baseType="float">0.0</baseValue>
</setOutcomeValue>
<setOutcomeValue identifier="FEEDBACK">
<baseValue baseType="identifier">FAILURE</baseValue>
</setOutcomeValue>
</responseIf>
<responseElse>
<setOutcomeValue identifier="SCORE">
<mapResponse identifier="RESPONSE"/>
</setOutcomeValue>
<responseCondition>
<responseIf>
<equal toleranceMode="relative" tolerance="0.001">
<variable identifier="SCORE"/>
<variable identifier="MAXSCORE"/>
</equal>
<setOutcomeValue identifier="FEEDBACK">
<baseValue baseType="identifier">ANSWER_CORRECT</baseValue>
</setOutcomeValue>
</responseIf>
<responseElse>
<setOutcomeValue identifier="FEEDBACK">
<baseValue baseType="identifier">FAILURE</baseValue>
</setOutcomeValue>
</responseElse>
</responseCondition>
</responseElse>
</responseCondition>
</responseProcessing>
<modalFeedback identifier="FAILURE" outcomeIdentifier="FEEDBACK" showHide="show">
<div class="textblock tvblock tvcss_1"><div class="rte_zone tveditor1">
<p>The intuition is that since MANOVA accounts for the correlation between
the dependent variables, then if the dependent variables are not
correlated then there is no need for a MANOVA and you can run simple
ANOVAs. If there is a very high correlation, then by explaining the
variance in one of the dependent variables, you explain what you can
explain with this model. So, again there is no need for a MANOVA.</p>
<br />
 Gematigd gecorreleerd moeten zijn. <br /> True 
 Perfect gecorreleerd moeten zijn. <br /> False 
 Zeer sterk gecorreleerd moeten zijn. <br /> False 
 Zwak gecorreleerd moeten zijn. <br /> False 
</div>
</div>
</modalFeedback>
<modalFeedback identifier="ANSWER_CORRECT" outcomeIdentifier="FEEDBACK" showHide="show">
<div class="textblock tvblock tvcss_1"><div class="rte_zone tveditor1">
<p>The intuition is that since MANOVA accounts for the correlation between
the dependent variables, then if the dependent variables are not
correlated then there is no need for a MANOVA and you can run simple
ANOVAs. If there is a very high correlation, then by explaining the
variance in one of the dependent variables, you explain what you can
explain with this model. So, again there is no need for a MANOVA.</p>
<br />
 Gematigd gecorreleerd moeten zijn. <br /> True 
 Perfect gecorreleerd moeten zijn. <br /> False 
 Zeer sterk gecorreleerd moeten zijn. <br /> False 
 Zwak gecorreleerd moeten zijn. <br /> False 
</div>
</div>
</modalFeedback>
<modalFeedback identifier="PARTIAL_CORRECT" outcomeIdentifier="FEEDBACK" showHide="show">
<div class="textblock tvblock tvcss_1"><div class="rte_zone tveditor1">
<p>The intuition is that since MANOVA accounts for the correlation between
the dependent variables, then if the dependent variables are not
correlated then there is no need for a MANOVA and you can run simple
ANOVAs. If there is a very high correlation, then by explaining the
variance in one of the dependent variables, you explain what you can
explain with this model. So, again there is no need for a MANOVA.</p>
<br />
 Gematigd gecorreleerd moeten zijn. <br /> True 
 Perfect gecorreleerd moeten zijn. <br /> False 
 Zeer sterk gecorreleerd moeten zijn. <br /> False 
 Zwak gecorreleerd moeten zijn. <br /> False 
</div>
</div>
</modalFeedback>
</assessmentItem>
