<?xml version="1.0" encoding="UTF-8"?>
<!DOCTYPE questestinterop SYSTEM "ims_qtiasiv1p2p1.dtd">

<questestinterop xmlns="http://www.imsglobal.org/xsd/ims_qtiasiv1p2" xmlns:xsi="http://www.w3.org/2001/XMLSchema-instance" xsi:schemaLocation="http://www.imsglobal.org/xsd/ims_qtiasiv1p2 http://www.imsglobal.org/xsd/ims_qtiasiv1p2p1.xsd">
<assessment ident="uu-Mediation-807-nl-canvas_115847396" title="uu-Mediation-807-nl-canvas">

<qtimetadata>
<qtimetadatafield>
<fieldlabel>cc_maxattempts</fieldlabel>
<fieldentry>1</fieldentry>
</qtimetadatafield>
<qtimetadatafield>
<fieldlabel>qmd_assessmenttype</fieldlabel>
<fieldentry>Assessment</fieldentry>
</qtimetadatafield>
</qtimetadata>
<objectives>
<material>
<mattext><![CDATA[Please solve the following exercises.]]></mattext>
</material>
</objectives>
<assessmentcontrol feedbackswitch="No" hintswitch="No" solutionswitch="Yes"/>
<outcomes_processing scoremodel="SumOfScores">
<outcomes>
<decvar varname="SCORE" vartype="Decimal" cutvalue="0"/>
</outcomes>
</outcomes_processing>
<assessfeedback title="AssessmentFeedback" ident="AssessmentFeedback">
<flow_mat>
<material>
<mattext>##AssessmentFeedback##</mattext>
</material>
</flow_mat>
</assessfeedback>

<section ident="uu-Mediation-807-nl-canvas_115847396_section_1" title="Exercise">

<objectives>
<material>
<mattext><![CDATA[Please answer the following question.]]></mattext>
</material>
</objectives>
<selection_ordering>
<selection>
<selection_number>1</selection_number>
<selection_extension>
<points_per_item>1</points_per_item>
</selection_extension>
</selection>
<order order_type="Random"/>
</selection_ordering>

<item ident="uu-Mediation-807-nl-canvas_115847396_section_1_item_1_schoice" title="Question" maxattempts="1">
<itemcontrol feedbackswitch="No" hintswitch="No" solutionswitch="Yes"/>
<itemmetadata>
<qtimetadata>
<qtimetadatafield>
<fieldlabel>question_type</fieldlabel>
<fieldentry>multiple_choice_question</fieldentry>
</qtimetadatafield>
</qtimetadata>
</itemmetadata>
<presentation>
<flow>
<material>
<matbreak/>
<mattext texttype="text/html" charset="utf-8"><![CDATA[
<p>In een onderzoek naar conflictoplossing (Y) bij adolescenten wordt de extraversie (X) gemeten en wordt er gekeken naar de mate van agressie (M). Onderzocht wordt of M een mediator is. Men doet twee stappen:</p>
<ol style="list-style-type: decimal">
<li>regressie met Y als afhankelijke en X als onafhankelijke variabele.</li>
<li>regressie met M als afhankelijke en X als onafhankelijke variabele.</li>
</ol>
<p>Gesteld dat er bij stap (1) en (2) sprake is van significante resultaten, wat is de volgende stap?</p>
]]></mattext>
<matbreak/>
</material>
<response_lid ident="uu-Mediation-807-nl-canvas_115847396_section_1_item_1_schoice_RESPONSE_5402559" rcardinality="Single" rtiming="No">
<render_choice shuffle="No">
<flow_label class="List">
<response_label ident="uu-Mediation-807-nl-canvas_115847396_section_1_item_1_schoice_1367658151" rshuffle="No">
<material>
<mattext texttype="text/html" charset="utf-8"><![CDATA[
 Regressie met Y en M als onafhankelijke variabelen en X als afhankelijke.
]]></mattext>
</material>
</response_label>
</flow_label>
<flow_label class="List">
<response_label ident="uu-Mediation-807-nl-canvas_115847396_section_1_item_1_schoice_1673141789" rshuffle="No">
<material>
<mattext texttype="text/html" charset="utf-8"><![CDATA[
 Regressie met X en Y als onafhankelijke variabelen en M als afhankelijke.
]]></mattext>
</material>
</response_label>
</flow_label>
<flow_label class="List">
<response_label ident="uu-Mediation-807-nl-canvas_115847396_section_1_item_1_schoice_8349413952" rshuffle="No">
<material>
<mattext texttype="text/html" charset="utf-8"><![CDATA[
 Regressie met X en M als onafhankelijke variabelen en Y als afhankelijke.
]]></mattext>
</material>
</response_label>
</flow_label>
<flow_label class="List">
<response_label ident="uu-Mediation-807-nl-canvas_115847396_section_1_item_1_schoice_9552437584" rshuffle="No">
<material>
<mattext texttype="text/html" charset="utf-8"><![CDATA[
 Regressie met Y als onafhankelijke variabele en X als afhankelijke.
]]></mattext>
</material>
</response_label>
</flow_label>
</render_choice>
</response_lid>
</flow>
</presentation>
<resprocessing>
<outcomes>
<decvar varname="SCORE" vartype="Decimal" defaultval="0" minvalue="0" maxvalue="1" cutvalue="1"/>
</outcomes>
<respcondition title="Mastery" continue="No">
<conditionvar>
<and>
<varequal respident="uu-Mediation-807-nl-canvas_115847396_section_1_item_1_schoice_RESPONSE_5402559" case="Yes">uu-Mediation-807-nl-canvas_115847396_section_1_item_1_schoice_8349413952</varequal>
<not> <varequal respident="uu-Mediation-807-nl-canvas_115847396_section_1_item_1_schoice_RESPONSE_5402559" case="Yes">uu-Mediation-807-nl-canvas_115847396_section_1_item_1_schoice_1367658151</varequal> </not>
<not> <varequal respident="uu-Mediation-807-nl-canvas_115847396_section_1_item_1_schoice_RESPONSE_5402559" case="Yes">uu-Mediation-807-nl-canvas_115847396_section_1_item_1_schoice_1673141789</varequal> </not>
<not> <varequal respident="uu-Mediation-807-nl-canvas_115847396_section_1_item_1_schoice_RESPONSE_5402559" case="Yes">uu-Mediation-807-nl-canvas_115847396_section_1_item_1_schoice_9552437584</varequal> </not>
</and>
</conditionvar>
<setvar varname="SCORE" action="Set">1</setvar>
<displayfeedback feedbacktype="Response" linkrefid="correct_fb"/>
</respcondition>
<respcondition continue="Yes">
<conditionvar>
<other/>
</conditionvar>
<displayfeedback feedbacktype="Response" linkrefid="general_incorrect_fb"/>
</respcondition>
</resprocessing>
<itemfeedback ident="correct_fb" view="All">
<flow_mat>
<material>
<mattext texttype="text/html"><![CDATA[
<p>Om mediatie te toetsen onderzoeken we de volgende vier stappen:
1. Is er een significante relatie tussen X en Y?
2. Is er een significante relatie tussen X en M?
3. Is er een significante relatie tussen M en Y, als er gecontroleerd is voor M?
4. Is de relatie tussen X en Y nog steeds significant, wanneer er gecontroleerd is voor M?</p>
<p>Stap 1 en 2 zijn ondernomen. De volgende stap is om een regressie-analyse te doen met X en M als onafhankelijke variabelen en Y als afhankelijke. De resultaten van deze analyse kunnen zowel voor stap 3 als stap 4 gebruikt worden.</p>
]]></mattext>
</material>
</flow_mat>
</itemfeedback>
<itemfeedback ident="general_incorrect_fb" view="All">
<flow_mat>
<material>
<mattext texttype="text/html"><![CDATA[
<p>Om mediatie te toetsen onderzoeken we de volgende vier stappen:
1. Is er een significante relatie tussen X en Y?
2. Is er een significante relatie tussen X en M?
3. Is er een significante relatie tussen M en Y, als er gecontroleerd is voor M?
4. Is de relatie tussen X en Y nog steeds significant, wanneer er gecontroleerd is voor M?</p>
<p>Stap 1 en 2 zijn ondernomen. De volgende stap is om een regressie-analyse te doen met X en M als onafhankelijke variabelen en Y als afhankelijke. De resultaten van deze analyse kunnen zowel voor stap 3 als stap 4 gebruikt worden.</p>
]]></mattext>
</material>
</flow_mat>
</itemfeedback>
</item>


</section>

</assessment>
</questestinterop>
