<?xml version="1.0" encoding="UTF-8"?>
<assessmentItem xsi:schemaLocation="http://www.imsglobal.org/xsd/imsqti_v2p1 http://www.imsglobal.org/xsd/qti/qtiv2p1/imsqti_v2p1p1.xsd http://www.w3.org/1998/Math/MathML http://www.w3.org/Math/XMLSchema/mathml2/mathml2.xsd" identifier="uu-power-845-nl-qti_920353606_section_1_item_1_schoice" title="1" adaptive="false" timeDependent="false" xmlns="http://www.imsglobal.org/xsd/imsqti_v2p1" xmlns:xsi="http://www.w3.org/2001/XMLSchema-instance">
<responseDeclaration identifier="uu-power-845-nl-qti_920353606_section_1_item_1_schoice_RESPONSE_1_4566832" cardinality="single" baseType="identifier">
<correctResponse>
<value>uu-power-845-nl-qti_920353606_section_1_item_1_schoice_2_6051049807</value>
</correctResponse>
<mapping defaultValue="0" lowerBound="0.0">
<mapEntry mapKey="uu-power-845-nl-qti_920353606_section_1_item_1_schoice_1_4701718206" mappedValue="0"/>
<mapEntry mapKey="uu-power-845-nl-qti_920353606_section_1_item_1_schoice_2_6051049807" mappedValue="1"/>
<mapEntry mapKey="uu-power-845-nl-qti_920353606_section_1_item_1_schoice_3_4521392054" mappedValue="0"/>
<mapEntry mapKey="uu-power-845-nl-qti_920353606_section_1_item_1_schoice_4_9712856123" mappedValue="0"/>
</mapping>
</responseDeclaration>
<outcomeDeclaration identifier="SCORE" cardinality="single" baseType="float" normalMaximum="1" normalMinimum="0">
<defaultValue>
<value>0.0</value>
</defaultValue>
</outcomeDeclaration>
<outcomeDeclaration identifier="MAXSCORE" cardinality="single" baseType="float">
<defaultValue>
<value>1</value>
</defaultValue>
</outcomeDeclaration>
<outcomeDeclaration identifier="FEEDBACKBASIC" cardinality="single" baseType="identifier" view="testConstructor">
<defaultValue>
<value>empty</value>
</defaultValue>
</outcomeDeclaration>
<outcomeDeclaration identifier="FEEDBACKMODAL" cardinality="multiple" baseType="identifier" view="testConstructor"/>
<outcomeDeclaration identifier="SOLUTIONMODAL" cardinality="single" baseType="identifier" view="testConstructor"/>
<outcomeDeclaration identifier="MINSCORE" cardinality="single" baseType="float">
<defaultValue>
<value baseType="float">0</value>
</defaultValue>
</outcomeDeclaration>
<outcomeDeclaration identifier="SCORE_RESPONSE_1" cardinality="single" baseType="float">
<defaultValue>
<value>0.0</value>
</defaultValue>
</outcomeDeclaration>
<outcomeDeclaration identifier="MINSCORE_RESPONSE_1" cardinality="single" baseType="float">
<defaultValue>
<value>0.0</value>
</defaultValue>
</outcomeDeclaration>
<itemBody>
<p>We are interested in evaluating the effect of a natural product on reducing blood pressure. This is done by comparing the mean reduction in blood pressure of a treatment (natural product) group and a placebo group using a two-sample t test. The standard deviations are approximately the same, so the researchers will use an independent samples t test, and based on previous work the researchers are able to specify a common sample standard deviation. The researchers have specified <math display="inline" xmlns="http://www.w3.org/1998/Math/MathML"><semantics><msub><mi>μ</mi><mn>1</mn></msub><annotation encoding="application/x-tex">\mu_{1}</annotation></semantics></math> – <math display="inline" xmlns="http://www.w3.org/1998/Math/MathML"><semantics><msub><mi>μ</mi><mn>2</mn></msub><annotation encoding="application/x-tex">\mu_{2}</annotation></semantics></math> = 7 as an alternative they would like to be able to detect with a significance level of 1%. Sample sizes of 50 in each group are selected and found to have a power of 80%. If the researchers now decide they are interested in the alternative <math display="inline" xmlns="http://www.w3.org/1998/Math/MathML"><semantics><msub><mi>μ</mi><mn>1</mn></msub><annotation encoding="application/x-tex">\mu_{1}</annotation></semantics></math> – <math display="inline" xmlns="http://www.w3.org/1998/Math/MathML"><semantics><msub><mi>μ</mi><mn>2</mn></msub><annotation encoding="application/x-tex">\mu_{2}</annotation></semantics></math> = 5 instead, how would the power of the study for this alternative compare to the previous one?</p>
<choiceInteraction responseIdentifier="uu-power-845-nl-qti_920353606_section_1_item_1_schoice_RESPONSE_1_4566832" shuffle="false" maxChoices="1">
<simpleChoice identifier="uu-power-845-nl-qti_920353606_section_1_item_1_schoice_1_4701718206">
<p>
 It would be greater than 80%.
</p>
</simpleChoice>
<simpleChoice identifier="uu-power-845-nl-qti_920353606_section_1_item_1_schoice_2_6051049807">
<p>
 It would be less than 80%.
</p>
</simpleChoice>
<simpleChoice identifier="uu-power-845-nl-qti_920353606_section_1_item_1_schoice_3_4521392054">
<p>
 It could be either less than or greater than 80%, depending on whether the natural product is effective.
</p>
</simpleChoice>
<simpleChoice identifier="uu-power-845-nl-qti_920353606_section_1_item_1_schoice_4_9712856123">
<p>
 It could be either less than or greater than 80%, depending on the standard deviation.
</p>
</simpleChoice>
</choiceInteraction>
</itemBody>
<responseProcessing>
<setOutcomeValue identifier="SCORE_RESPONSE_1">
<sum>
<variable identifier="SCORE_RESPONSE_1"/>
<mapResponse identifier="uu-power-845-nl-qti_920353606_section_1_item_1_schoice_RESPONSE_1_4566832"/>
</sum>
</setOutcomeValue>
<responseCondition>
<responseIf>
<lt>
<variable identifier="SCORE_RESPONSE_1"/>
<variable identifier="MINSCORE_RESPONSE_1"/>
</lt>
<setOutcomeValue identifier="SCORE_RESPONSE_1">
<variable identifier="MINSCORE_RESPONSE_1"/>
</setOutcomeValue>
</responseIf>
</responseCondition>
<responseCondition>
<responseIf>
<isNull>
<variable identifier="uu-power-845-nl-qti_920353606_section_1_item_1_schoice_RESPONSE_1_4566832"/>
</isNull>
<setOutcomeValue identifier="SCORE_RESPONSE_1">
<sum>
<variable identifier="SCORE_RESPONSE_1"/>
<baseValue baseType="float">0</baseValue>
</sum>
</setOutcomeValue>
</responseIf>
</responseCondition>
<setOutcomeValue identifier="SCORE">
<sum>
<variable identifier="SCORE_RESPONSE_1"/>
</sum>
</setOutcomeValue>
<responseCondition>
<responseIf>
<lt>
<variable identifier="SCORE"/>
<variable identifier="MINSCORE"/>
</lt>
<setOutcomeValue identifier="SCORE">
<variable identifier="MINSCORE"/>
</setOutcomeValue>
</responseIf>
</responseCondition>
<responseCondition>
<responseIf>
<lt>
<variable identifier="SCORE"/>
<baseValue baseType="float">1</baseValue>
</lt>
<setOutcomeValue identifier="FEEDBACKMODAL">
<multiple>
<variable identifier="FEEDBACKMODAL"/>
<baseValue baseType="identifier">Feedback199191045</baseValue>
</multiple>
</setOutcomeValue>
</responseIf>
</responseCondition>
</responseProcessing>
<modalFeedback identifier="Feedback199191045" outcomeIdentifier="FEEDBACKMODAL" showHide="show">
</modalFeedback>
</assessmentItem>
