<?xml version="1.0" encoding="utf-8" standalone="yes"?>
<assessmentItem identifier="uva-confidence-level-858-en-tv_202601131822_item_1_schoice" title="uva-confidence-level-858-en-tv_202601131822_item_1_schoice_uva-confidence-level-858-en" adaptive="false" timeDependent="false" toolName="Testvision Online" toolVersion="39.0.9084" xmlns="http://www.imsglobal.org/xsd/imsqti_v2p1">
<responseDeclaration identifier="RESPONSE" cardinality="single" baseType="identifier">
<correctResponse>
<value>alt_791279</value>
</correctResponse>
<mapping defaultValue="0" lowerBound="0.0">
<mapEntry mapKey="alt_998635" mappedValue="-0.5"/>
<mapEntry mapKey="alt_390598" mappedValue="-0.5"/>
<mapEntry mapKey="alt_791279" mappedValue="1"/>
</mapping>
</responseDeclaration>
<outcomeDeclaration identifier="SCORE" cardinality="single" baseType="float" normalMaximum="1" normalMinimum="0" />
<outcomeDeclaration identifier="FEEDBACK" cardinality="single" baseType="identifier" />
<stylesheet href="css/uva-confidence-level-858-en-tv_202601131822_item_1_schoice.css" type="text/css" />
<itemBody>
<p>It examines how many people would answer yes when asked whether they ever feel depressed. The percentage who answered with “yes. answers is 33% from a sample of 350 randomly asked people. The researchers want to know if the percentage exceeds 30%. To that end they set the null hypothesis at H<sub>0</sub>: <em>p</em><sub>0</sub> = 30%. From what percentage can the null hypothesis be rejected when a significance level is used of 2.5%?</p>
<choiceInteraction responseIdentifier="RESPONSE" shuffle="false" maxChoices="1">
<simpleChoice identifier="alt_998635">
<div class="textblock tvblock tvcss_1"><div class="rte_zone tveditor1">
 25%
</div>
</div>
</simpleChoice>
<simpleChoice identifier="alt_390598">
<div class="textblock tvblock tvcss_1"><div class="rte_zone tveditor1">
 30%
</div>
</div>
</simpleChoice>
<simpleChoice identifier="alt_791279">
<div class="textblock tvblock tvcss_1"><div class="rte_zone tveditor1">
 35%
</div>
</div>
</simpleChoice>
</choiceInteraction>
</itemBody>
<responseProcessing>
<responseCondition>
<responseIf>
<isNull>
<variable identifier="RESPONSE"/>
</isNull>
<setOutcomeValue identifier="SCORE">
<baseValue baseType="float">0.0</baseValue>
</setOutcomeValue>
<setOutcomeValue identifier="FEEDBACK">
<baseValue baseType="identifier">FAILURE</baseValue>
</setOutcomeValue>
</responseIf>
<responseElse>
<setOutcomeValue identifier="SCORE">
<mapResponse identifier="RESPONSE"/>
</setOutcomeValue>
<responseCondition>
<responseIf>
<equal toleranceMode="relative" tolerance="0.001">
<variable identifier="SCORE"/>
<variable identifier="MAXSCORE"/>
</equal>
<setOutcomeValue identifier="FEEDBACK">
<baseValue baseType="identifier">ANSWER_CORRECT</baseValue>
</setOutcomeValue>
</responseIf>
<responseElse>
<setOutcomeValue identifier="FEEDBACK">
<baseValue baseType="identifier">FAILURE</baseValue>
</setOutcomeValue>
</responseElse>
</responseCondition>
</responseElse>
</responseCondition>
</responseProcessing>
<modalFeedback identifier="FAILURE" outcomeIdentifier="FEEDBACK" showHide="show">
<div class="textblock tvblock tvcss_1"><div class="rte_zone tveditor1">
<ul>
<li> 25% <br /> 25%: Incorrect </li>
<li> 30% <br /> 30%: Incorrect </li>
<li> 35% <br /> 35%: Correct </li>
</ul>
</div>
</div>
</modalFeedback>
<modalFeedback identifier="ANSWER_CORRECT" outcomeIdentifier="FEEDBACK" showHide="show">
<div class="textblock tvblock tvcss_1"><div class="rte_zone tveditor1">
<ul>
<li> 25% <br /> 25%: Incorrect </li>
<li> 30% <br /> 30%: Incorrect </li>
<li> 35% <br /> 35%: Correct </li>
</ul>
</div>
</div>
</modalFeedback>
<modalFeedback identifier="PARTIAL_CORRECT" outcomeIdentifier="FEEDBACK" showHide="show">
<div class="textblock tvblock tvcss_1"><div class="rte_zone tveditor1">
<ul>
<li> 25% <br /> 25%: Incorrect </li>
<li> 30% <br /> 30%: Incorrect </li>
<li> 35% <br /> 35%: Correct </li>
</ul>
</div>
</div>
</modalFeedback>
</assessmentItem>
