<?xml version="1.0" encoding="UTF-8"?>
<assessmentItem xsi:schemaLocation="http://www.imsglobal.org/xsd/imsqti_v2p1 http://www.imsglobal.org/xsd/qti/qtiv2p1/imsqti_v2p1p1.xsd http://www.w3.org/1998/Math/MathML http://www.w3.org/Math/XMLSchema/mathml2/mathml2.xsd" identifier="vufgb-pearson-012-en-ans_414073541_section_1_item_1_schoice" title="Inferential_Statistics_vufgb-pearson-012-en_vufgb-pearson-012-en_schoice_1" adaptive="false" timeDependent="false" xmlns="http://www.imsglobal.org/xsd/imsqti_v2p1" xmlns:xsi="http://www.w3.org/2001/XMLSchema-instance">
<responseDeclaration identifier="vufgb-pearson-012-en-ans_414073541_section_1_item_1_schoice_RESPONSE_1_1742848" cardinality="single" baseType="identifier">
<correctResponse>
<value>vufgb-pearson-012-en-ans_414073541_section_1_item_1_schoice_2_8121795075</value>
</correctResponse>
<mapping defaultValue="0" lowerBound="0.0">
<mapEntry mapKey="vufgb-pearson-012-en-ans_414073541_section_1_item_1_schoice_1_5486248991" mappedValue="0"/>
<mapEntry mapKey="vufgb-pearson-012-en-ans_414073541_section_1_item_1_schoice_2_8121795075" mappedValue="1"/>
<mapEntry mapKey="vufgb-pearson-012-en-ans_414073541_section_1_item_1_schoice_3_9975249982" mappedValue="0"/>
<mapEntry mapKey="vufgb-pearson-012-en-ans_414073541_section_1_item_1_schoice_4_8257188325" mappedValue="0"/>
</mapping>
</responseDeclaration>
<outcomeDeclaration identifier="SCORE" cardinality="single" baseType="float" normalMaximum="1" normalMinimum="0">
<defaultValue>
<value>0.0</value>
</defaultValue>
</outcomeDeclaration>
<outcomeDeclaration identifier="MAXSCORE" cardinality="single" baseType="float">
<defaultValue>
<value>1</value>
</defaultValue>
</outcomeDeclaration>
<outcomeDeclaration identifier="FEEDBACKBASIC" cardinality="single" baseType="identifier" view="testConstructor">
<defaultValue>
<value>empty</value>
</defaultValue>
</outcomeDeclaration>
<outcomeDeclaration identifier="FEEDBACKMODAL" cardinality="multiple" baseType="identifier" view="testConstructor"/>
<outcomeDeclaration identifier="SOLUTIONMODAL" cardinality="single" baseType="identifier" view="testConstructor"/>
<outcomeDeclaration identifier="MINSCORE" cardinality="single" baseType="float">
<defaultValue>
<value baseType="float">0</value>
</defaultValue>
</outcomeDeclaration>
<outcomeDeclaration identifier="SCORE_RESPONSE_1" cardinality="single" baseType="float">
<defaultValue>
<value>0.0</value>
</defaultValue>
</outcomeDeclaration>
<outcomeDeclaration identifier="MINSCORE_RESPONSE_1" cardinality="single" baseType="float">
<defaultValue>
<value>0.0</value>
</defaultValue>
</outcomeDeclaration>
<itemBody>
<p>Complete.</p>
<p>The multiple correlation <em>R</em> is the correlation between <em>y</em> and … and ranges from … to 1.</p>
<choiceInteraction responseIdentifier="vufgb-pearson-012-en-ans_414073541_section_1_item_1_schoice_RESPONSE_1_1742848" shuffle="false" maxChoices="1">
<simpleChoice identifier="vufgb-pearson-012-en-ans_414073541_section_1_item_1_schoice_1_5486248991">
<p>
 <span class="math inline">\(\hat{y}\)</span>; -1
</p>
</simpleChoice>
<simpleChoice identifier="vufgb-pearson-012-en-ans_414073541_section_1_item_1_schoice_2_8121795075">
<p>
 <span class="math inline">\(\hat{y}\)</span>; 0
</p>
</simpleChoice>
<simpleChoice identifier="vufgb-pearson-012-en-ans_414073541_section_1_item_1_schoice_3_9975249982">
<p>
 <span class="math inline">\(\overline{y}\)</span>; -1
</p>
</simpleChoice>
<simpleChoice identifier="vufgb-pearson-012-en-ans_414073541_section_1_item_1_schoice_4_8257188325">
<p>
 <span class="math inline">\(\overline{y}\)</span>; 0
</p>
</simpleChoice>
</choiceInteraction>
</itemBody>
<responseProcessing>
<setOutcomeValue identifier="SCORE_RESPONSE_1">
<sum>
<variable identifier="SCORE_RESPONSE_1"/>
<mapResponse identifier="vufgb-pearson-012-en-ans_414073541_section_1_item_1_schoice_RESPONSE_1_1742848"/>
</sum>
</setOutcomeValue>
<responseCondition>
<responseIf>
<lt>
<variable identifier="SCORE_RESPONSE_1"/>
<variable identifier="MINSCORE_RESPONSE_1"/>
</lt>
<setOutcomeValue identifier="SCORE_RESPONSE_1">
<variable identifier="MINSCORE_RESPONSE_1"/>
</setOutcomeValue>
</responseIf>
</responseCondition>
<responseCondition>
<responseIf>
<isNull>
<variable identifier="vufgb-pearson-012-en-ans_414073541_section_1_item_1_schoice_RESPONSE_1_1742848"/>
</isNull>
<setOutcomeValue identifier="SCORE_RESPONSE_1">
<sum>
<variable identifier="SCORE_RESPONSE_1"/>
<baseValue baseType="float">0</baseValue>
</sum>
</setOutcomeValue>
</responseIf>
</responseCondition>
<setOutcomeValue identifier="SCORE">
<sum>
<variable identifier="SCORE_RESPONSE_1"/>
</sum>
</setOutcomeValue>
<responseCondition>
<responseIf>
<lt>
<variable identifier="SCORE"/>
<variable identifier="MINSCORE"/>
</lt>
<setOutcomeValue identifier="SCORE">
<variable identifier="MINSCORE"/>
</setOutcomeValue>
</responseIf>
</responseCondition>
<responseCondition>
<responseIf>
<lt>
<variable identifier="SCORE"/>
<baseValue baseType="float">1</baseValue>
</lt>
<setOutcomeValue identifier="FEEDBACKMODAL">
<multiple>
<variable identifier="FEEDBACKMODAL"/>
<baseValue baseType="identifier">Feedback464833391</baseValue>
</multiple>
</setOutcomeValue>
</responseIf>
</responseCondition>
</responseProcessing>
<modalFeedback outcomeIdentifier="FEEDBACK" showHide="show" identifier="incorrect">
<ul>
<li> <span class="math inline">\(\hat{y}\)</span>; -1 <br /> Incorrect </li>
<li> <span class="math inline">\(\hat{y}\)</span>; 0 <br /> Correct </li>
<li> <span class="math inline">\(\overline{y}\)</span>; -1 <br /> Incorrect </li>
<li> <span class="math inline">\(\overline{y}\)</span>; 0 <br /> Incorrect </li>
</ul>
</modalFeedback>
</assessmentItem>
