<?xml version="1.0" encoding="UTF-8"?>
<assessmentItem xsi:schemaLocation="http://www.imsglobal.org/xsd/imsqti_v2p1 http://www.imsglobal.org/xsd/qti/qtiv2p1/imsqti_v2p1p1.xsd http://www.w3.org/1998/Math/MathML http://www.w3.org/Math/XMLSchema/mathml2/mathml2.xsd" identifier="vufsw-standarddeviation-0020-en-qti_662391109_section_1_item_1_schoice" title="1" adaptive="false" timeDependent="false" xmlns="http://www.imsglobal.org/xsd/imsqti_v2p1" xmlns:xsi="http://www.w3.org/2001/XMLSchema-instance">
<responseDeclaration identifier="vufsw-standarddeviation-0020-en-qti_662391109_section_1_item_1_schoice_RESPONSE_1_1687159" cardinality="single" baseType="identifier">
<correctResponse>
<value>vufsw-standarddeviation-0020-en-qti_662391109_section_1_item_1_schoice_2_9730849603</value>
</correctResponse>
<mapping defaultValue="0" lowerBound="0.0">
<mapEntry mapKey="vufsw-standarddeviation-0020-en-qti_662391109_section_1_item_1_schoice_1_1209610351" mappedValue="0"/>
<mapEntry mapKey="vufsw-standarddeviation-0020-en-qti_662391109_section_1_item_1_schoice_2_9730849603" mappedValue="1"/>
<mapEntry mapKey="vufsw-standarddeviation-0020-en-qti_662391109_section_1_item_1_schoice_3_1425934443" mappedValue="0"/>
<mapEntry mapKey="vufsw-standarddeviation-0020-en-qti_662391109_section_1_item_1_schoice_4_7562772720" mappedValue="0"/>
</mapping>
</responseDeclaration>
<outcomeDeclaration identifier="SCORE" cardinality="single" baseType="float" normalMaximum="1" normalMinimum="0">
<defaultValue>
<value>0.0</value>
</defaultValue>
</outcomeDeclaration>
<outcomeDeclaration identifier="MAXSCORE" cardinality="single" baseType="float">
<defaultValue>
<value>1</value>
</defaultValue>
</outcomeDeclaration>
<outcomeDeclaration identifier="FEEDBACKBASIC" cardinality="single" baseType="identifier" view="testConstructor">
<defaultValue>
<value>empty</value>
</defaultValue>
</outcomeDeclaration>
<outcomeDeclaration identifier="FEEDBACKMODAL" cardinality="multiple" baseType="identifier" view="testConstructor"/>
<outcomeDeclaration identifier="SOLUTIONMODAL" cardinality="single" baseType="identifier" view="testConstructor"/>
<outcomeDeclaration identifier="MINSCORE" cardinality="single" baseType="float">
<defaultValue>
<value baseType="float">0</value>
</defaultValue>
</outcomeDeclaration>
<outcomeDeclaration identifier="SCORE_RESPONSE_1" cardinality="single" baseType="float">
<defaultValue>
<value>0.0</value>
</defaultValue>
</outcomeDeclaration>
<outcomeDeclaration identifier="MINSCORE_RESPONSE_1" cardinality="single" baseType="float">
<defaultValue>
<value>0.0</value>
</defaultValue>
</outcomeDeclaration>
<itemBody>
<p>What is the best description of a standard deviation (SD)?</p>
<choiceInteraction responseIdentifier="vufsw-standarddeviation-0020-en-qti_662391109_section_1_item_1_schoice_RESPONSE_1_1687159" shuffle="false" maxChoices="1">
<simpleChoice identifier="vufsw-standarddeviation-0020-en-qti_662391109_section_1_item_1_schoice_1_1209610351">
<p>
 The SD is the number of observations that deviate from the standard normal distribution. deviation.
</p>
</simpleChoice>
<simpleChoice identifier="vufsw-standarddeviation-0020-en-qti_662391109_section_1_item_1_schoice_2_9730849603">
<p>
 The SD is the mean deviation from the mean.
</p>
</simpleChoice>
<simpleChoice identifier="vufsw-standarddeviation-0020-en-qti_662391109_section_1_item_1_schoice_3_1425934443">
<p>
 The SD is the difference between the mean and the spread of a distribution.
</p>
</simpleChoice>
<simpleChoice identifier="vufsw-standarddeviation-0020-en-qti_662391109_section_1_item_1_schoice_4_7562772720">
<p>
 The SD expresses what percentage of the units of analysis deviate from the mean deviate.
</p>
</simpleChoice>
</choiceInteraction>
</itemBody>
<responseProcessing>
<setOutcomeValue identifier="SCORE_RESPONSE_1">
<sum>
<variable identifier="SCORE_RESPONSE_1"/>
<mapResponse identifier="vufsw-standarddeviation-0020-en-qti_662391109_section_1_item_1_schoice_RESPONSE_1_1687159"/>
</sum>
</setOutcomeValue>
<responseCondition>
<responseIf>
<lt>
<variable identifier="SCORE_RESPONSE_1"/>
<variable identifier="MINSCORE_RESPONSE_1"/>
</lt>
<setOutcomeValue identifier="SCORE_RESPONSE_1">
<variable identifier="MINSCORE_RESPONSE_1"/>
</setOutcomeValue>
</responseIf>
</responseCondition>
<responseCondition>
<responseIf>
<isNull>
<variable identifier="vufsw-standarddeviation-0020-en-qti_662391109_section_1_item_1_schoice_RESPONSE_1_1687159"/>
</isNull>
<setOutcomeValue identifier="SCORE_RESPONSE_1">
<sum>
<variable identifier="SCORE_RESPONSE_1"/>
<baseValue baseType="float">0</baseValue>
</sum>
</setOutcomeValue>
</responseIf>
</responseCondition>
<setOutcomeValue identifier="SCORE">
<sum>
<variable identifier="SCORE_RESPONSE_1"/>
</sum>
</setOutcomeValue>
<responseCondition>
<responseIf>
<lt>
<variable identifier="SCORE"/>
<variable identifier="MINSCORE"/>
</lt>
<setOutcomeValue identifier="SCORE">
<variable identifier="MINSCORE"/>
</setOutcomeValue>
</responseIf>
</responseCondition>
<responseCondition>
<responseIf>
<lt>
<variable identifier="SCORE"/>
<baseValue baseType="float">1</baseValue>
</lt>
<setOutcomeValue identifier="FEEDBACKMODAL">
<multiple>
<variable identifier="FEEDBACKMODAL"/>
<baseValue baseType="identifier">Feedback244186792</baseValue>
</multiple>
</setOutcomeValue>
</responseIf>
</responseCondition>
</responseProcessing>
<modalFeedback identifier="Feedback244186792" outcomeIdentifier="FEEDBACKMODAL" showHide="show">
<ul>
<li> The SD is the number of observations that deviate from the standard normal distribution. deviation. <br /> False </li>
<li> The SD is the mean deviation from the mean. <br /> True </li>
<li> The SD is the difference between the mean and the spread of a distribution. <br /> False </li>
<li> The SD expresses what percentage of the units of analysis deviate from the mean deviate. <br /> False </li>
</ul>
</modalFeedback>
</assessmentItem>
