<?xml version="1.0" encoding="UTF-8"?>
<!DOCTYPE questestinterop SYSTEM "ims_qtiasiv1p2p1.dtd">

<questestinterop xmlns="http://www.imsglobal.org/xsd/ims_qtiasiv1p2" xmlns:xsi="http://www.w3.org/2001/XMLSchema-instance" xsi:schemaLocation="http://www.imsglobal.org/xsd/ims_qtiasiv1p2 http://www.imsglobal.org/xsd/ims_qtiasiv1p2p1.xsd">
<assessment ident="uva-squared-1491-nl-canvas_335299607" title="uva-squared-1491-nl-canvas">

<qtimetadata>
<qtimetadatafield>
<fieldlabel>cc_maxattempts</fieldlabel>
<fieldentry>1</fieldentry>
</qtimetadatafield>
<qtimetadatafield>
<fieldlabel>qmd_assessmenttype</fieldlabel>
<fieldentry>Assessment</fieldentry>
</qtimetadatafield>
</qtimetadata>
<objectives>
<material>
<mattext><![CDATA[Please solve the following exercises.]]></mattext>
</material>
</objectives>
<assessmentcontrol feedbackswitch="No" hintswitch="No" solutionswitch="Yes"/>
<outcomes_processing scoremodel="SumOfScores">
<outcomes>
<decvar varname="SCORE" vartype="Decimal" cutvalue="0"/>
</outcomes>
</outcomes_processing>
<assessfeedback title="AssessmentFeedback" ident="AssessmentFeedback">
<flow_mat>
<material>
<mattext>##AssessmentFeedback##</mattext>
</material>
</flow_mat>
</assessfeedback>

<section ident="uva-squared-1491-nl-canvas_335299607_section_1" title="Exercise">

<objectives>
<material>
<mattext><![CDATA[Please answer the following question.]]></mattext>
</material>
</objectives>
<selection_ordering>
<selection>
<selection_number>1</selection_number>
<selection_extension>
<points_per_item>1</points_per_item>
</selection_extension>
</selection>
<order order_type="Random"/>
</selection_ordering>

<item ident="uva-squared-1491-nl-canvas_335299607_section_1_item_1_schoice" title="Question" maxattempts="1">
<itemcontrol feedbackswitch="No" hintswitch="No" solutionswitch="Yes"/>
<itemmetadata>
<qtimetadata>
<qtimetadatafield>
<fieldlabel>question_type</fieldlabel>
<fieldentry>multiple_choice_question</fieldentry>
</qtimetadatafield>
</qtimetadata>
</itemmetadata>
<presentation>
<flow>
<material>
<matbreak/>
<mattext texttype="text/html" charset="utf-8"><![CDATA[
<p>Gegeven is de volgende frequentietabel.</p>
<table>
<tbody>
<tr class="odd">
<td></td>
<td align="left">Sportauto</td>
<td align="left">Familieauto</td>
</tr>
<tr class="even">
<td>Man</td>
<td align="left">11</td>
<td align="left">7</td>
</tr>
<tr class="odd">
<td>Vrouw</td>
<td align="left">1</td>
<td align="left">17</td>
</tr>
</tbody>
</table>
<p>Wat is de verwachte celfrequentie van een Man met Sportauto onder de
aanname van onafhankelijkheid van de nulhypothese?</p>
]]></mattext>
<matbreak/>
</material>
<response_lid ident="uva-squared-1491-nl-canvas_335299607_section_1_item_1_schoice_RESPONSE_5167209" rcardinality="Single" rtiming="No">
<render_choice shuffle="No">
<flow_label class="List">
<response_label ident="uva-squared-1491-nl-canvas_335299607_section_1_item_1_schoice_5610670535" rshuffle="No">
<material>
<mattext texttype="text/html" charset="utf-8"><![CDATA[
 6
]]></mattext>
</material>
</response_label>
</flow_label>
<flow_label class="List">
<response_label ident="uva-squared-1491-nl-canvas_335299607_section_1_item_1_schoice_5838605808" rshuffle="No">
<material>
<mattext texttype="text/html" charset="utf-8"><![CDATA[
 9
]]></mattext>
</material>
</response_label>
</flow_label>
<flow_label class="List">
<response_label ident="uva-squared-1491-nl-canvas_335299607_section_1_item_1_schoice_1077741292" rshuffle="No">
<material>
<mattext texttype="text/html" charset="utf-8"><![CDATA[
 12
]]></mattext>
</material>
</response_label>
</flow_label>
</render_choice>
</response_lid>
</flow>
</presentation>
<resprocessing>
<outcomes>
<decvar varname="SCORE" vartype="Decimal" defaultval="0" minvalue="0" maxvalue="1" cutvalue="1"/>
</outcomes>
<respcondition title="Mastery" continue="No">
<conditionvar>
<and>
<varequal respident="uva-squared-1491-nl-canvas_335299607_section_1_item_1_schoice_RESPONSE_5167209" case="Yes">uva-squared-1491-nl-canvas_335299607_section_1_item_1_schoice_5610670535</varequal>
<not> <varequal respident="uva-squared-1491-nl-canvas_335299607_section_1_item_1_schoice_RESPONSE_5167209" case="Yes">uva-squared-1491-nl-canvas_335299607_section_1_item_1_schoice_5838605808</varequal> </not>
<not> <varequal respident="uva-squared-1491-nl-canvas_335299607_section_1_item_1_schoice_RESPONSE_5167209" case="Yes">uva-squared-1491-nl-canvas_335299607_section_1_item_1_schoice_1077741292</varequal> </not>
</and>
</conditionvar>
<setvar varname="SCORE" action="Set">1</setvar>
<displayfeedback feedbacktype="Response" linkrefid="correct_fb"/>
</respcondition>
<respcondition continue="Yes">
<conditionvar>
<other/>
</conditionvar>
<displayfeedback feedbacktype="Response" linkrefid="general_incorrect_fb"/>
</respcondition>
</resprocessing>
<itemfeedback ident="correct_fb" view="All">
<flow_mat>
<material>
<mattext texttype="text/html"><![CDATA[
<ul>
<li> 6 <br /> 6: Correct </li>
<li> 9 <br /> 9: Incorrect </li>
<li> 12 <br /> 12: Incorrect </li>
</ul>
]]></mattext>
</material>
</flow_mat>
</itemfeedback>
<itemfeedback ident="general_incorrect_fb" view="All">
<flow_mat>
<material>
<mattext texttype="text/html"><![CDATA[
<ul>
<li> 6 <br /> 6: Correct </li>
<li> 9 <br /> 9: Incorrect </li>
<li> 12 <br /> 12: Incorrect </li>
</ul>
]]></mattext>
</material>
</flow_mat>
</itemfeedback>
</item>


</section>

</assessment>
</questestinterop>
