<?xml version="1.0" encoding="utf-8" standalone="yes"?>
<assessmentItem identifier="eur-factor-105-nl-tv_202601131820_item_1_string" title="eur-factor-105-nl-tv_202601131820_item_1_string_eur-factor-105-nl" adaptive="false" timeDependent="false" toolName="Testvision Online" toolVersion="39.0.9084" xmlns="http://www.imsglobal.org/xsd/imsqti_v2p1">
<responseDeclaration identifier="RESPONSE" cardinality="single" baseType="string">
<correctResponse>
<value>""</value>
</correctResponse>
<mapping defaultValue="0">
<mapEntry mapKey="""" mappedValue="1" />
</mapping>
</responseDeclaration>
<outcomeDeclaration identifier="SCORE" cardinality="single" baseType="float" normalMaximum="1" normalMinimum="0" />
<outcomeDeclaration identifier="FEEDBACK" cardinality="single" baseType="identifier" />
<stylesheet href="css/eur-factor-105-nl-tv_202601131820_item_1_string.css" type="text/css" />
<itemBody>
<p>Een onderzoeker is geïnteresseerd in het meten van motivatie. Ze realiseert zich dat motivatie uit verschillende aspecten of dimensies bestaat. Op basis van de resultaten van een factoranalyse kan ze 4 dimensies extraheren. Een collega adviseert haar om rotatie toe te passen. Wat is een voordeel van het uitvoeren van een (schuine) rotatie?</p>
<extendedTextInteraction responseIdentifier="RESPONSE" expectedLength="12"/>
</itemBody>
<responseProcessing>
<responseCondition>
<responseIf>
<isNull>
<variable identifier="RESPONSE"/>
</isNull>
<setOutcomeValue identifier="SCORE">
<baseValue baseType="float">0.0</baseValue>
</setOutcomeValue>
<setOutcomeValue identifier="FEEDBACK">
<baseValue baseType="identifier">FAILURE</baseValue>
</setOutcomeValue>
</responseIf>
<responseElse>
<setOutcomeValue identifier="SCORE">
<mapResponse identifier="RESPONSE"/>
</setOutcomeValue>
<responseCondition>
<responseIf>
<equal toleranceMode="relative" tolerance="0.001">
<variable identifier="SCORE"/>
<variable identifier="MAXSCORE"/>
</equal>
<setOutcomeValue identifier="FEEDBACK">
<baseValue baseType="identifier">ANSWER_CORRECT</baseValue>
</setOutcomeValue>
</responseIf>
<responseElse>
<setOutcomeValue identifier="FEEDBACK">
<baseValue baseType="identifier">FAILURE</baseValue>
</setOutcomeValue>
</responseElse>
</responseCondition>
</responseElse>
</responseCondition>
</responseProcessing>
<modalFeedback identifier="FAILURE" outcomeIdentifier="FEEDBACK" showHide="show">
<div class="textblock tvblock tvcss_1"><div class="rte_zone tveditor1">
<p>Het uitvoeren van a(n) (schuine) rotatie is erg nuttig bij het interpreteren van de factoren. Met deze techniek kun je ontdekken of er een eenvoudige structuur bestaat en dus onderzoeken of items die theoretisch hetzelfde meten uitsluitend op dezelfde factor laden.</p>
</div>
</div>
</modalFeedback>
<modalFeedback identifier="ANSWER_CORRECT" outcomeIdentifier="FEEDBACK" showHide="show">
<div class="textblock tvblock tvcss_1"><div class="rte_zone tveditor1">
<p>Het uitvoeren van a(n) (schuine) rotatie is erg nuttig bij het interpreteren van de factoren. Met deze techniek kun je ontdekken of er een eenvoudige structuur bestaat en dus onderzoeken of items die theoretisch hetzelfde meten uitsluitend op dezelfde factor laden.</p>
</div>
</div>
</modalFeedback>
<modalFeedback identifier="PARTIAL_CORRECT" outcomeIdentifier="FEEDBACK" showHide="show">
<div class="textblock tvblock tvcss_1"><div class="rte_zone tveditor1">
<p>Het uitvoeren van a(n) (schuine) rotatie is erg nuttig bij het interpreteren van de factoren. Met deze techniek kun je ontdekken of er een eenvoudige structuur bestaat en dus onderzoeken of items die theoretisch hetzelfde meten uitsluitend op dezelfde factor laden.</p>
</div>
</div>
</modalFeedback>
</assessmentItem>
