<?xml version="1.0" encoding="UTF-8"?>
<assessmentItem xsi:schemaLocation="http://www.imsglobal.org/xsd/imsqti_v2p1 http://www.imsglobal.org/xsd/qti/qtiv2p1/imsqti_v2p1p1.xsd http://www.w3.org/1998/Math/MathML http://www.w3.org/Math/XMLSchema/mathml2/mathml2.xsd" identifier="vufgb-confidenceintervals-041-en-ans_446158427_section_1_item_1_schoice" title="Inferential_Statistics_vufgb-confidenceintervals-041-en_vufgb-confidenceintervals-041-en_schoice_1" adaptive="false" timeDependent="false" xmlns="http://www.imsglobal.org/xsd/imsqti_v2p1" xmlns:xsi="http://www.w3.org/2001/XMLSchema-instance">
<responseDeclaration identifier="vufgb-confidenceintervals-041-en-ans_446158427_section_1_item_1_schoice_RESPONSE_1_1471337" cardinality="single" baseType="identifier">
<correctResponse>
<value>vufgb-confidenceintervals-041-en-ans_446158427_section_1_item_1_schoice_1_2672401019</value>
</correctResponse>
<mapping defaultValue="0" lowerBound="0.0">
<mapEntry mapKey="vufgb-confidenceintervals-041-en-ans_446158427_section_1_item_1_schoice_1_2672401019" mappedValue="1"/>
<mapEntry mapKey="vufgb-confidenceintervals-041-en-ans_446158427_section_1_item_1_schoice_2_1040134545" mappedValue="0"/>
<mapEntry mapKey="vufgb-confidenceintervals-041-en-ans_446158427_section_1_item_1_schoice_3_7563005025" mappedValue="0"/>
<mapEntry mapKey="vufgb-confidenceintervals-041-en-ans_446158427_section_1_item_1_schoice_4_2356476708" mappedValue="0"/>
</mapping>
</responseDeclaration>
<outcomeDeclaration identifier="SCORE" cardinality="single" baseType="float" normalMaximum="1" normalMinimum="0">
<defaultValue>
<value>0.0</value>
</defaultValue>
</outcomeDeclaration>
<outcomeDeclaration identifier="MAXSCORE" cardinality="single" baseType="float">
<defaultValue>
<value>1</value>
</defaultValue>
</outcomeDeclaration>
<outcomeDeclaration identifier="FEEDBACKBASIC" cardinality="single" baseType="identifier" view="testConstructor">
<defaultValue>
<value>empty</value>
</defaultValue>
</outcomeDeclaration>
<outcomeDeclaration identifier="FEEDBACKMODAL" cardinality="multiple" baseType="identifier" view="testConstructor"/>
<outcomeDeclaration identifier="SOLUTIONMODAL" cardinality="single" baseType="identifier" view="testConstructor"/>
<outcomeDeclaration identifier="MINSCORE" cardinality="single" baseType="float">
<defaultValue>
<value baseType="float">0</value>
</defaultValue>
</outcomeDeclaration>
<outcomeDeclaration identifier="SCORE_RESPONSE_1" cardinality="single" baseType="float">
<defaultValue>
<value>0.0</value>
</defaultValue>
</outcomeDeclaration>
<outcomeDeclaration identifier="MINSCORE_RESPONSE_1" cardinality="single" baseType="float">
<defaultValue>
<value>0.0</value>
</defaultValue>
</outcomeDeclaration>
<itemBody>
<p>Complete.</p>
<p>A confidence level of 0.95 means that there is a one in 20 chance that the method produces an interval that has the … … contains.</p>
<choiceInteraction responseIdentifier="vufgb-confidenceintervals-041-en-ans_446158427_section_1_item_1_schoice_RESPONSE_1_1471337" shuffle="false" maxChoices="1">
<simpleChoice identifier="vufgb-confidenceintervals-041-en-ans_446158427_section_1_item_1_schoice_1_2672401019">
<p>
 Parameter; not
</p>
</simpleChoice>
<simpleChoice identifier="vufgb-confidenceintervals-041-en-ans_446158427_section_1_item_1_schoice_2_1040134545">
<p>
 Parameter; yes
</p>
</simpleChoice>
<simpleChoice identifier="vufgb-confidenceintervals-041-en-ans_446158427_section_1_item_1_schoice_3_7563005025">
<p>
 Sample quantity; not
</p>
</simpleChoice>
<simpleChoice identifier="vufgb-confidenceintervals-041-en-ans_446158427_section_1_item_1_schoice_4_2356476708">
<p>
 Sample quantity; yes
</p>
</simpleChoice>
</choiceInteraction>
</itemBody>
<responseProcessing>
<setOutcomeValue identifier="SCORE_RESPONSE_1">
<sum>
<variable identifier="SCORE_RESPONSE_1"/>
<mapResponse identifier="vufgb-confidenceintervals-041-en-ans_446158427_section_1_item_1_schoice_RESPONSE_1_1471337"/>
</sum>
</setOutcomeValue>
<responseCondition>
<responseIf>
<lt>
<variable identifier="SCORE_RESPONSE_1"/>
<variable identifier="MINSCORE_RESPONSE_1"/>
</lt>
<setOutcomeValue identifier="SCORE_RESPONSE_1">
<variable identifier="MINSCORE_RESPONSE_1"/>
</setOutcomeValue>
</responseIf>
</responseCondition>
<responseCondition>
<responseIf>
<isNull>
<variable identifier="vufgb-confidenceintervals-041-en-ans_446158427_section_1_item_1_schoice_RESPONSE_1_1471337"/>
</isNull>
<setOutcomeValue identifier="SCORE_RESPONSE_1">
<sum>
<variable identifier="SCORE_RESPONSE_1"/>
<baseValue baseType="float">0</baseValue>
</sum>
</setOutcomeValue>
</responseIf>
</responseCondition>
<setOutcomeValue identifier="SCORE">
<sum>
<variable identifier="SCORE_RESPONSE_1"/>
</sum>
</setOutcomeValue>
<responseCondition>
<responseIf>
<lt>
<variable identifier="SCORE"/>
<variable identifier="MINSCORE"/>
</lt>
<setOutcomeValue identifier="SCORE">
<variable identifier="MINSCORE"/>
</setOutcomeValue>
</responseIf>
</responseCondition>
<responseCondition>
<responseIf>
<lt>
<variable identifier="SCORE"/>
<baseValue baseType="float">1</baseValue>
</lt>
<setOutcomeValue identifier="FEEDBACKMODAL">
<multiple>
<variable identifier="FEEDBACKMODAL"/>
<baseValue baseType="identifier">Feedback430896138</baseValue>
</multiple>
</setOutcomeValue>
</responseIf>
</responseCondition>
</responseProcessing>
<modalFeedback outcomeIdentifier="FEEDBACK" showHide="show" identifier="incorrect">
<ul>
<li> Parameter; not <br /> Correct </li>
<li> Parameter; yes <br /> Incorrect </li>
<li> Sample quantity; not <br /> Incorrect </li>
<li> Sample quantity; yes <br /> Incorrect </li>
</ul>
</modalFeedback>
</assessmentItem>
