<?xml version="1.0" encoding="UTF-8"?>
<assessmentItem xsi:schemaLocation="http://www.imsglobal.org/xsd/imsqti_v2p1 http://www.imsglobal.org/xsd/qti/qtiv2p1/imsqti_v2p1p1.xsd http://www.w3.org/1998/Math/MathML http://www.w3.org/Math/XMLSchema/mathml2/mathml2.xsd" identifier="uva-general-rules-931-nl-ans_458285124_section_1_item_1_schoice" title="Probability_uva-general-rules-931-nl_uva-general-rules-931-nl_schoice_1" adaptive="false" timeDependent="false" xmlns="http://www.imsglobal.org/xsd/imsqti_v2p1" xmlns:xsi="http://www.w3.org/2001/XMLSchema-instance">
<responseDeclaration identifier="uva-general-rules-931-nl-ans_458285124_section_1_item_1_schoice_RESPONSE_1_9203653" cardinality="single" baseType="identifier">
<correctResponse>
<value>uva-general-rules-931-nl-ans_458285124_section_1_item_1_schoice_4_2673662245</value>
</correctResponse>
<mapping defaultValue="0" lowerBound="0.0">
<mapEntry mapKey="uva-general-rules-931-nl-ans_458285124_section_1_item_1_schoice_1_4149122489" mappedValue="0"/>
<mapEntry mapKey="uva-general-rules-931-nl-ans_458285124_section_1_item_1_schoice_2_8847939173" mappedValue="0"/>
<mapEntry mapKey="uva-general-rules-931-nl-ans_458285124_section_1_item_1_schoice_3_7533685628" mappedValue="0"/>
<mapEntry mapKey="uva-general-rules-931-nl-ans_458285124_section_1_item_1_schoice_4_2673662245" mappedValue="1"/>
</mapping>
</responseDeclaration>
<outcomeDeclaration identifier="SCORE" cardinality="single" baseType="float" normalMaximum="1" normalMinimum="0">
<defaultValue>
<value>0.0</value>
</defaultValue>
</outcomeDeclaration>
<outcomeDeclaration identifier="MAXSCORE" cardinality="single" baseType="float">
<defaultValue>
<value>1</value>
</defaultValue>
</outcomeDeclaration>
<outcomeDeclaration identifier="FEEDBACKBASIC" cardinality="single" baseType="identifier" view="testConstructor">
<defaultValue>
<value>empty</value>
</defaultValue>
</outcomeDeclaration>
<outcomeDeclaration identifier="FEEDBACKMODAL" cardinality="multiple" baseType="identifier" view="testConstructor"/>
<outcomeDeclaration identifier="SOLUTIONMODAL" cardinality="single" baseType="identifier" view="testConstructor"/>
<outcomeDeclaration identifier="MINSCORE" cardinality="single" baseType="float">
<defaultValue>
<value baseType="float">0</value>
</defaultValue>
</outcomeDeclaration>
<outcomeDeclaration identifier="SCORE_RESPONSE_1" cardinality="single" baseType="float">
<defaultValue>
<value>0.0</value>
</defaultValue>
</outcomeDeclaration>
<outcomeDeclaration identifier="MINSCORE_RESPONSE_1" cardinality="single" baseType="float">
<defaultValue>
<value>0.0</value>
</defaultValue>
</outcomeDeclaration>
<itemBody>
<p>Stel de onafhankelijke kans dat drie personen <em>A</em>, <em>B</em> en <em>C</em> over 30
jaar nog leven gelijk is aan respectievelijk 0,4; 0,3 en 0,5. Wat is dan
de kans dat er ten minste één nog in leven zal zijn?</p>
<choiceInteraction responseIdentifier="uva-general-rules-931-nl-ans_458285124_section_1_item_1_schoice_RESPONSE_1_9203653" shuffle="false" maxChoices="1">
<simpleChoice identifier="uva-general-rules-931-nl-ans_458285124_section_1_item_1_schoice_1_4149122489">
<p>
 0,06
</p>
</simpleChoice>
<simpleChoice identifier="uva-general-rules-931-nl-ans_458285124_section_1_item_1_schoice_2_8847939173">
<p>
 0,21
</p>
</simpleChoice>
<simpleChoice identifier="uva-general-rules-931-nl-ans_458285124_section_1_item_1_schoice_3_7533685628">
<p>
 0,44
</p>
</simpleChoice>
<simpleChoice identifier="uva-general-rules-931-nl-ans_458285124_section_1_item_1_schoice_4_2673662245">
<p>
 0,79
</p>
</simpleChoice>
</choiceInteraction>
</itemBody>
<responseProcessing>
<setOutcomeValue identifier="SCORE_RESPONSE_1">
<sum>
<variable identifier="SCORE_RESPONSE_1"/>
<mapResponse identifier="uva-general-rules-931-nl-ans_458285124_section_1_item_1_schoice_RESPONSE_1_9203653"/>
</sum>
</setOutcomeValue>
<responseCondition>
<responseIf>
<lt>
<variable identifier="SCORE_RESPONSE_1"/>
<variable identifier="MINSCORE_RESPONSE_1"/>
</lt>
<setOutcomeValue identifier="SCORE_RESPONSE_1">
<variable identifier="MINSCORE_RESPONSE_1"/>
</setOutcomeValue>
</responseIf>
</responseCondition>
<responseCondition>
<responseIf>
<isNull>
<variable identifier="uva-general-rules-931-nl-ans_458285124_section_1_item_1_schoice_RESPONSE_1_9203653"/>
</isNull>
<setOutcomeValue identifier="SCORE_RESPONSE_1">
<sum>
<variable identifier="SCORE_RESPONSE_1"/>
<baseValue baseType="float">0</baseValue>
</sum>
</setOutcomeValue>
</responseIf>
</responseCondition>
<setOutcomeValue identifier="SCORE">
<sum>
<variable identifier="SCORE_RESPONSE_1"/>
</sum>
</setOutcomeValue>
<responseCondition>
<responseIf>
<lt>
<variable identifier="SCORE"/>
<variable identifier="MINSCORE"/>
</lt>
<setOutcomeValue identifier="SCORE">
<variable identifier="MINSCORE"/>
</setOutcomeValue>
</responseIf>
</responseCondition>
<responseCondition>
<responseIf>
<lt>
<variable identifier="SCORE"/>
<baseValue baseType="float">1</baseValue>
</lt>
<setOutcomeValue identifier="FEEDBACKMODAL">
<multiple>
<variable identifier="FEEDBACKMODAL"/>
<baseValue baseType="identifier">Feedback923657422</baseValue>
</multiple>
</setOutcomeValue>
</responseIf>
</responseCondition>
</responseProcessing>
<modalFeedback outcomeIdentifier="FEEDBACK" showHide="show" identifier="incorrect">
<ul>
<li> 0,06 <br /> 0,06: Incorrect </li>
<li> 0,21 <br /> 0,21: Incorrect </li>
<li> 0,44 <br /> 0,44: Incorrect </li>
<li> 0,79 <br /> 0,79: Correct </li>
</ul>
</modalFeedback>
</assessmentItem>
