<?xml version="1.0" encoding="utf-8" standalone="yes"?>
<assessmentItem identifier="uu-t-statistic-804-nl-tv_202510071723_item_1_schoice" title="uu-t-statistic-804-nl-tv_202510071723_item_1_schoice_uu-t-statistic-804-nl" adaptive="false" timeDependent="false" toolName="Testvision Online" toolVersion="39.0.9084" xmlns="http://www.imsglobal.org/xsd/imsqti_v2p1">
<responseDeclaration identifier="RESPONSE" cardinality="single" baseType="identifier">
<correctResponse>
<value>alt_377645</value>
</correctResponse>
<mapping defaultValue="0" lowerBound="0.0">
<mapEntry mapKey="alt_966276" mappedValue="-0.333333333333333"/>
<mapEntry mapKey="alt_377645" mappedValue="1"/>
<mapEntry mapKey="alt_189535" mappedValue="-0.333333333333333"/>
<mapEntry mapKey="alt_482217" mappedValue="-0.333333333333333"/>
</mapping>
</responseDeclaration>
<outcomeDeclaration identifier="SCORE" cardinality="single" baseType="float" normalMaximum="1" normalMinimum="0" />
<outcomeDeclaration identifier="FEEDBACK" cardinality="single" baseType="identifier" />
<stylesheet href="css/uu-t-statistic-804-nl-tv_202510071723_item_1_schoice.css" type="text/css" />
<itemBody>
<p>Wat is geen kenmerk van de single-sample t-test?</p>
<choiceInteraction responseIdentifier="RESPONSE" shuffle="false" maxChoices="1">
<simpleChoice identifier="alt_966276">
<div class="textblock tvblock tvcss_1"><div class="rte_zone tveditor1">
 Het populatiegemiddelde is bekend.
</div>
</div>
</simpleChoice>
<simpleChoice identifier="alt_377645">
<div class="textblock tvblock tvcss_1"><div class="rte_zone tveditor1">
 De populatievariantie is bekend.
</div>
</div>
</simpleChoice>
<simpleChoice identifier="alt_189535">
<div class="textblock tvblock tvcss_1"><div class="rte_zone tveditor1">
 Elke deelnemer heeft één score.
</div>
</div>
</simpleChoice>
<simpleChoice identifier="alt_482217">
<div class="textblock tvblock tvcss_1"><div class="rte_zone tveditor1">
 De test wordt niet uitgevoerd op verschilscores.
</div>
</div>
</simpleChoice>
</choiceInteraction>
</itemBody>
<responseProcessing>
<responseCondition>
<responseIf>
<isNull>
<variable identifier="RESPONSE"/>
</isNull>
<setOutcomeValue identifier="SCORE">
<baseValue baseType="float">0.0</baseValue>
</setOutcomeValue>
<setOutcomeValue identifier="FEEDBACK">
<baseValue baseType="identifier">FAILURE</baseValue>
</setOutcomeValue>
</responseIf>
<responseElse>
<setOutcomeValue identifier="SCORE">
<mapResponse identifier="RESPONSE"/>
</setOutcomeValue>
<responseCondition>
<responseIf>
<equal toleranceMode="relative" tolerance="0.001">
<variable identifier="SCORE"/>
<variable identifier="MAXSCORE"/>
</equal>
<setOutcomeValue identifier="FEEDBACK">
<baseValue baseType="identifier">ANSWER_CORRECT</baseValue>
</setOutcomeValue>
</responseIf>
<responseElse>
<setOutcomeValue identifier="FEEDBACK">
<baseValue baseType="identifier">FAILURE</baseValue>
</setOutcomeValue>
</responseElse>
</responseCondition>
</responseElse>
</responseCondition>
</responseProcessing>
<modalFeedback identifier="FAILURE" outcomeIdentifier="FEEDBACK" showHide="show">
<div class="textblock tvblock tvcss_1"><div class="rte_zone tveditor1">
<ul>
<li> Het populatiegemiddelde is bekend. <br /> Dit antwoord is onjuist. </li>
<li> De populatievariantie is bekend. <br /> Dit antwoord is juist. </li>
<li> Elke deelnemer heeft één score. <br /> Dit antwoord is onjuist. </li>
<li> De test wordt niet uitgevoerd op verschilscores. <br /> Dit antwoord is onjuist. </li>
</ul>
</div>
</div>
</modalFeedback>
<modalFeedback identifier="ANSWER_CORRECT" outcomeIdentifier="FEEDBACK" showHide="show">
<div class="textblock tvblock tvcss_1"><div class="rte_zone tveditor1">
<ul>
<li> Het populatiegemiddelde is bekend. <br /> Dit antwoord is onjuist. </li>
<li> De populatievariantie is bekend. <br /> Dit antwoord is juist. </li>
<li> Elke deelnemer heeft één score. <br /> Dit antwoord is onjuist. </li>
<li> De test wordt niet uitgevoerd op verschilscores. <br /> Dit antwoord is onjuist. </li>
</ul>
</div>
</div>
</modalFeedback>
<modalFeedback identifier="PARTIAL_CORRECT" outcomeIdentifier="FEEDBACK" showHide="show">
<div class="textblock tvblock tvcss_1"><div class="rte_zone tveditor1">
<ul>
<li> Het populatiegemiddelde is bekend. <br /> Dit antwoord is onjuist. </li>
<li> De populatievariantie is bekend. <br /> Dit antwoord is juist. </li>
<li> Elke deelnemer heeft één score. <br /> Dit antwoord is onjuist. </li>
<li> De test wordt niet uitgevoerd op verschilscores. <br /> Dit antwoord is onjuist. </li>
</ul>
</div>
</div>
</modalFeedback>
</assessmentItem>
