<?xml version="1.0" encoding="UTF-8"?>
<assessmentItem xsi:schemaLocation="http://www.imsglobal.org/xsd/imsqti_v2p1 http://www.imsglobal.org/xsd/qti/qtiv2p1/imsqti_v2p1p1.xsd http://www.w3.org/1998/Math/MathML http://www.w3.org/Math/XMLSchema/mathml2/mathml2.xsd" identifier="vufsw-z-score-1176-en-qti_128971032_section_1_item_1_schoice" title="1" adaptive="false" timeDependent="false" xmlns="http://www.imsglobal.org/xsd/imsqti_v2p1" xmlns:xsi="http://www.w3.org/2001/XMLSchema-instance">
<responseDeclaration identifier="vufsw-z-score-1176-en-qti_128971032_section_1_item_1_schoice_RESPONSE_1_2020765" cardinality="single" baseType="identifier">
<correctResponse>
<value>vufsw-z-score-1176-en-qti_128971032_section_1_item_1_schoice_3_6790581609</value>
</correctResponse>
<mapping defaultValue="0" lowerBound="0.0">
<mapEntry mapKey="vufsw-z-score-1176-en-qti_128971032_section_1_item_1_schoice_1_3795079866" mappedValue="0"/>
<mapEntry mapKey="vufsw-z-score-1176-en-qti_128971032_section_1_item_1_schoice_2_3415597791" mappedValue="0"/>
<mapEntry mapKey="vufsw-z-score-1176-en-qti_128971032_section_1_item_1_schoice_3_6790581609" mappedValue="1"/>
<mapEntry mapKey="vufsw-z-score-1176-en-qti_128971032_section_1_item_1_schoice_4_7797559241" mappedValue="0"/>
<mapEntry mapKey="vufsw-z-score-1176-en-qti_128971032_section_1_item_1_schoice_5_5394293541" mappedValue="0"/>
</mapping>
</responseDeclaration>
<outcomeDeclaration identifier="SCORE" cardinality="single" baseType="float" normalMaximum="1" normalMinimum="0">
<defaultValue>
<value>0.0</value>
</defaultValue>
</outcomeDeclaration>
<outcomeDeclaration identifier="MAXSCORE" cardinality="single" baseType="float">
<defaultValue>
<value>1</value>
</defaultValue>
</outcomeDeclaration>
<outcomeDeclaration identifier="FEEDBACKBASIC" cardinality="single" baseType="identifier" view="testConstructor">
<defaultValue>
<value>empty</value>
</defaultValue>
</outcomeDeclaration>
<outcomeDeclaration identifier="FEEDBACKMODAL" cardinality="multiple" baseType="identifier" view="testConstructor"/>
<outcomeDeclaration identifier="SOLUTIONMODAL" cardinality="single" baseType="identifier" view="testConstructor"/>
<outcomeDeclaration identifier="MINSCORE" cardinality="single" baseType="float">
<defaultValue>
<value baseType="float">0</value>
</defaultValue>
</outcomeDeclaration>
<outcomeDeclaration identifier="SCORE_RESPONSE_1" cardinality="single" baseType="float">
<defaultValue>
<value>0.0</value>
</defaultValue>
</outcomeDeclaration>
<outcomeDeclaration identifier="MINSCORE_RESPONSE_1" cardinality="single" baseType="float">
<defaultValue>
<value>0.0</value>
</defaultValue>
</outcomeDeclaration>
<itemBody>
<p>Suppose that the current American president claims that the American
population gives the current US president an average approval score of 7
(on a scale of 1 to 10).</p>
<p>A researcher has doubts about this claim and conducts a random survey
among 121 American respondents. This sample shows that the average
approval score is 6.5 (st.dev. = 1.8).</p>
<p>If we assume that the claim of the president is correct (i.e. that the
average approval score in the population is 7), what is then then
probability that we would find this sample statistic (this sample mean
of 6.5)<em>?</em></p>
<p>​The probability<em> </em>is<em> …</em></p>
<choiceInteraction responseIdentifier="vufsw-z-score-1176-en-qti_128971032_section_1_item_1_schoice_RESPONSE_1_2020765" shuffle="false" maxChoices="1">
<simpleChoice identifier="vufsw-z-score-1176-en-qti_128971032_section_1_item_1_schoice_1_3795079866">
<p>
 0.87%
</p>
</simpleChoice>
<simpleChoice identifier="vufsw-z-score-1176-en-qti_128971032_section_1_item_1_schoice_2_3415597791">
<p>
 2.05%
</p>
</simpleChoice>
<simpleChoice identifier="vufsw-z-score-1176-en-qti_128971032_section_1_item_1_schoice_3_6790581609">
<p>
 0.11%
</p>
</simpleChoice>
<simpleChoice identifier="vufsw-z-score-1176-en-qti_128971032_section_1_item_1_schoice_4_7797559241">
<p>
 3.06%
</p>
</simpleChoice>
<simpleChoice identifier="vufsw-z-score-1176-en-qti_128971032_section_1_item_1_schoice_5_5394293541">
<p>
 1.96%
</p>
</simpleChoice>
</choiceInteraction>
</itemBody>
<responseProcessing>
<setOutcomeValue identifier="SCORE_RESPONSE_1">
<sum>
<variable identifier="SCORE_RESPONSE_1"/>
<mapResponse identifier="vufsw-z-score-1176-en-qti_128971032_section_1_item_1_schoice_RESPONSE_1_2020765"/>
</sum>
</setOutcomeValue>
<responseCondition>
<responseIf>
<lt>
<variable identifier="SCORE_RESPONSE_1"/>
<variable identifier="MINSCORE_RESPONSE_1"/>
</lt>
<setOutcomeValue identifier="SCORE_RESPONSE_1">
<variable identifier="MINSCORE_RESPONSE_1"/>
</setOutcomeValue>
</responseIf>
</responseCondition>
<responseCondition>
<responseIf>
<isNull>
<variable identifier="vufsw-z-score-1176-en-qti_128971032_section_1_item_1_schoice_RESPONSE_1_2020765"/>
</isNull>
<setOutcomeValue identifier="SCORE_RESPONSE_1">
<sum>
<variable identifier="SCORE_RESPONSE_1"/>
<baseValue baseType="float">0</baseValue>
</sum>
</setOutcomeValue>
</responseIf>
</responseCondition>
<setOutcomeValue identifier="SCORE">
<sum>
<variable identifier="SCORE_RESPONSE_1"/>
</sum>
</setOutcomeValue>
<responseCondition>
<responseIf>
<lt>
<variable identifier="SCORE"/>
<variable identifier="MINSCORE"/>
</lt>
<setOutcomeValue identifier="SCORE">
<variable identifier="MINSCORE"/>
</setOutcomeValue>
</responseIf>
</responseCondition>
<responseCondition>
<responseIf>
<lt>
<variable identifier="SCORE"/>
<baseValue baseType="float">1</baseValue>
</lt>
<setOutcomeValue identifier="FEEDBACKMODAL">
<multiple>
<variable identifier="FEEDBACKMODAL"/>
<baseValue baseType="identifier">Feedback146186826</baseValue>
</multiple>
</setOutcomeValue>
</responseIf>
</responseCondition>
</responseProcessing>
<modalFeedback identifier="Feedback146186826" outcomeIdentifier="FEEDBACKMODAL" showHide="show">
<p>We first need to calculate the standard error: se = 0.1636.<br />
Subsequently, we need to calculate the z-score for our sample statistic:
z = (6.5 - 7) / 0.1636 = -3.06</p>
<p>We can then find the P-value for this z-score (see Table A). The P-value
of z-score -3.06 = <strong>0.0011 </strong></p>
<p>Expressed in percentage: 0.0011 * 100% = 0.11%</p>
<br />
<ul>
<li> 0.87% <br /> False </li>
<li> 2.05% <br /> False </li>
<li> 0.11% <br /> True </li>
<li> 3.06% <br /> False </li>
<li> 1.96% <br /> False </li>
</ul>
</modalFeedback>
</assessmentItem>
