<?xml version="1.0" encoding="UTF-8"?>
<!DOCTYPE questestinterop SYSTEM "ims_qtiasiv1p2p1.dtd">

<questestinterop xmlns="http://www.imsglobal.org/xsd/ims_qtiasiv1p2" xmlns:xsi="http://www.w3.org/2001/XMLSchema-instance" xsi:schemaLocation="http://www.imsglobal.org/xsd/ims_qtiasiv1p2 http://www.imsglobal.org/xsd/ims_qtiasiv1p2p1.xsd">
<assessment ident="uva-addition-rule-678-nl-canvas_186231844" title="uva-addition-rule-678-nl-canvas">

<qtimetadata>
<qtimetadatafield>
<fieldlabel>cc_maxattempts</fieldlabel>
<fieldentry>1</fieldentry>
</qtimetadatafield>
<qtimetadatafield>
<fieldlabel>qmd_assessmenttype</fieldlabel>
<fieldentry>Assessment</fieldentry>
</qtimetadatafield>
</qtimetadata>
<objectives>
<material>
<mattext><![CDATA[Please solve the following exercises.]]></mattext>
</material>
</objectives>
<assessmentcontrol feedbackswitch="No" hintswitch="No" solutionswitch="Yes"/>
<outcomes_processing scoremodel="SumOfScores">
<outcomes>
<decvar varname="SCORE" vartype="Decimal" cutvalue="0"/>
</outcomes>
</outcomes_processing>
<assessfeedback title="AssessmentFeedback" ident="AssessmentFeedback">
<flow_mat>
<material>
<mattext>##AssessmentFeedback##</mattext>
</material>
</flow_mat>
</assessfeedback>

<section ident="uva-addition-rule-678-nl-canvas_186231844_section_1" title="Exercise">

<objectives>
<material>
<mattext><![CDATA[Please answer the following question.]]></mattext>
</material>
</objectives>
<selection_ordering>
<selection>
<selection_number>1</selection_number>
<selection_extension>
<points_per_item>1</points_per_item>
</selection_extension>
</selection>
<order order_type="Random"/>
</selection_ordering>

<item ident="uva-addition-rule-678-nl-canvas_186231844_section_1_item_1_schoice" title="Question" maxattempts="1">
<itemcontrol feedbackswitch="No" hintswitch="No" solutionswitch="Yes"/>
<itemmetadata>
<qtimetadata>
<qtimetadatafield>
<fieldlabel>question_type</fieldlabel>
<fieldentry>multiple_choice_question</fieldentry>
</qtimetadatafield>
</qtimetadata>
</itemmetadata>
<presentation>
<flow>
<material>
<matbreak/>
<mattext texttype="text/html" charset="utf-8"><![CDATA[
<p>Menselijk bloed bestaat uit een van de bloedgroepen O, A, B of AB. Maar
de verdeling van deze bloedgroepen is verschillend bij verschillende
rassen. Hieronder staat een tabel waarin de kans voor elke bloedgroep
bij zwarte mensen in Amerika:</p>
<table>
<tbody>
<tr class="odd">
<td align="left">Bloedgroep</td>
<td align="left">O</td>
<td align="left">A</td>
<td align="left">B</td>
<td align="left">AB</td>
</tr>
<tr class="even">
<td align="left">Kans</td>
<td align="left">0,49</td>
<td align="left">0,27</td>
<td align="left">0,20</td>
<td align="left">?</td>
</tr>
</tbody>
</table>
<p>John heeft bloedgroep B en kan alleen veilig bloedtransfusies accepteren
van mensen met bloedgroep O of B. Als wij aselect een zwarte persoon
kiezen, hoe groot is dan de kans voor John om geschikt bloed te vinden?</p>
]]></mattext>
<matbreak/>
</material>
<response_lid ident="uva-addition-rule-678-nl-canvas_186231844_section_1_item_1_schoice_RESPONSE_5873900" rcardinality="Single" rtiming="No">
<render_choice shuffle="No">
<flow_label class="List">
<response_label ident="uva-addition-rule-678-nl-canvas_186231844_section_1_item_1_schoice_8664734778" rshuffle="No">
<material>
<mattext texttype="text/html" charset="utf-8"><![CDATA[
 0,20
]]></mattext>
</material>
</response_label>
</flow_label>
<flow_label class="List">
<response_label ident="uva-addition-rule-678-nl-canvas_186231844_section_1_item_1_schoice_6504932249" rshuffle="No">
<material>
<mattext texttype="text/html" charset="utf-8"><![CDATA[
 0,49
]]></mattext>
</material>
</response_label>
</flow_label>
<flow_label class="List">
<response_label ident="uva-addition-rule-678-nl-canvas_186231844_section_1_item_1_schoice_5644480998" rshuffle="No">
<material>
<mattext texttype="text/html" charset="utf-8"><![CDATA[
 0,69
]]></mattext>
</material>
</response_label>
</flow_label>
<flow_label class="List">
<response_label ident="uva-addition-rule-678-nl-canvas_186231844_section_1_item_1_schoice_8217649899" rshuffle="No">
<material>
<mattext texttype="text/html" charset="utf-8"><![CDATA[
 0,76
]]></mattext>
</material>
</response_label>
</flow_label>
</render_choice>
</response_lid>
</flow>
</presentation>
<resprocessing>
<outcomes>
<decvar varname="SCORE" vartype="Decimal" defaultval="0" minvalue="0" maxvalue="1" cutvalue="1"/>
</outcomes>
<respcondition title="Mastery" continue="No">
<conditionvar>
<and>
<varequal respident="uva-addition-rule-678-nl-canvas_186231844_section_1_item_1_schoice_RESPONSE_5873900" case="Yes">uva-addition-rule-678-nl-canvas_186231844_section_1_item_1_schoice_5644480998</varequal>
<not> <varequal respident="uva-addition-rule-678-nl-canvas_186231844_section_1_item_1_schoice_RESPONSE_5873900" case="Yes">uva-addition-rule-678-nl-canvas_186231844_section_1_item_1_schoice_8664734778</varequal> </not>
<not> <varequal respident="uva-addition-rule-678-nl-canvas_186231844_section_1_item_1_schoice_RESPONSE_5873900" case="Yes">uva-addition-rule-678-nl-canvas_186231844_section_1_item_1_schoice_6504932249</varequal> </not>
<not> <varequal respident="uva-addition-rule-678-nl-canvas_186231844_section_1_item_1_schoice_RESPONSE_5873900" case="Yes">uva-addition-rule-678-nl-canvas_186231844_section_1_item_1_schoice_8217649899</varequal> </not>
</and>
</conditionvar>
<setvar varname="SCORE" action="Set">1</setvar>
<displayfeedback feedbacktype="Response" linkrefid="correct_fb"/>
</respcondition>
<respcondition continue="Yes">
<conditionvar>
<other/>
</conditionvar>
<displayfeedback feedbacktype="Response" linkrefid="general_incorrect_fb"/>
</respcondition>
</resprocessing>
<itemfeedback ident="correct_fb" view="All">
<flow_mat>
<material>
<mattext texttype="text/html"><![CDATA[
<ul>
<li> 0,20 <br /> 0,20: Incorrect </li>
<li> 0,49 <br /> 0,49: Incorrect </li>
<li> 0,69 <br /> 0,69: Correct </li>
<li> 0,76 <br /> 0,76: Incorrect </li>
</ul>
]]></mattext>
</material>
</flow_mat>
</itemfeedback>
<itemfeedback ident="general_incorrect_fb" view="All">
<flow_mat>
<material>
<mattext texttype="text/html"><![CDATA[
<ul>
<li> 0,20 <br /> 0,20: Incorrect </li>
<li> 0,49 <br /> 0,49: Incorrect </li>
<li> 0,69 <br /> 0,69: Correct </li>
<li> 0,76 <br /> 0,76: Incorrect </li>
</ul>
]]></mattext>
</material>
</flow_mat>
</itemfeedback>
</item>


</section>

</assessment>
</questestinterop>
