<?xml version="1.0" encoding="utf-8" standalone="yes"?>
<assessmentItem identifier="vufgb-logisticregression-014-nl-tv_202209061508_item_1_schoice" title="vufgb-logisticregression-014-nl-tv_202209061508_item_1_schoice_vufgb-logisticregression-014-nl" adaptive="false" timeDependent="false" toolName="Testvision Online" toolVersion="39.0.9084" xmlns="http://www.imsglobal.org/xsd/imsqti_v2p1">
<responseDeclaration identifier="RESPONSE" cardinality="single" baseType="identifier">
<correctResponse>
<value>alt_134729</value>
</correctResponse>
<mapping defaultValue="0" lowerBound="0.0">
<mapEntry mapKey="alt_134729" mappedValue="1"/>
<mapEntry mapKey="alt_745260" mappedValue="-0.333333333333333"/>
<mapEntry mapKey="alt_142507" mappedValue="-0.333333333333333"/>
<mapEntry mapKey="alt_793656" mappedValue="-0.333333333333333"/>
</mapping>
</responseDeclaration>
<outcomeDeclaration identifier="SCORE" cardinality="single" baseType="float" normalMaximum="1" normalMinimum="0" />
<outcomeDeclaration identifier="FEEDBACK" cardinality="single" baseType="identifier" />
<itemBody>
<p>Welke toets wordt bij logistische regressie <strong>niet</strong> gebruikt?</p>
<choiceInteraction responseIdentifier="RESPONSE" shuffle="false" maxChoices="1">
<simpleChoice identifier="alt_134729">
<div class="textblock tvblock tvcss_1"><div class="rte_zone tveditor1">
a. Binomiaaltoets
</div>
</div>
</simpleChoice>
<simpleChoice identifier="alt_745260">
<div class="textblock tvblock tvcss_1"><div class="rte_zone tveditor1">
b. Z-toets
</div>
</div>
</simpleChoice>
<simpleChoice identifier="alt_142507">
<div class="textblock tvblock tvcss_1"><div class="rte_zone tveditor1">
c. Wald
</div>
</div>
</simpleChoice>
<simpleChoice identifier="alt_793656">
<div class="textblock tvblock tvcss_1"><div class="rte_zone tveditor1">
d. Likelihood-ratio
</div>
</div>
</simpleChoice>
</choiceInteraction>
</itemBody>
<responseProcessing>
<responseCondition>
<responseIf>
<isNull>
<variable identifier="RESPONSE"/>
</isNull>
<setOutcomeValue identifier="SCORE">
<baseValue baseType="float">0.0</baseValue>
</setOutcomeValue>
<setOutcomeValue identifier="FEEDBACK">
<baseValue baseType="identifier">FAILURE</baseValue>
</setOutcomeValue>
</responseIf>
<responseElse>
<setOutcomeValue identifier="SCORE">
<mapResponse identifier="RESPONSE"/>
</setOutcomeValue>
<responseCondition>
<responseIf>
<equal toleranceMode="relative" tolerance="0.001">
<variable identifier="SCORE"/>
<variable identifier="MAXSCORE"/>
</equal>
<setOutcomeValue identifier="FEEDBACK">
<baseValue baseType="identifier">ANSWER_CORRECT</baseValue>
</setOutcomeValue>
</responseIf>
<responseElse>
<setOutcomeValue identifier="FEEDBACK">
<baseValue baseType="identifier">FAILURE</baseValue>
</setOutcomeValue>
</responseElse>
</responseCondition>
</responseElse>
</responseCondition>
</responseProcessing>
<modalFeedback identifier="FAILURE" outcomeIdentifier="FEEDBACK" showHide="show">
<div class="textblock tvblock tvcss_1"><div class="rte_zone tveditor1">
<ol>
<li> Binomiaaltoets <br /> Correct </li>
<li> Z-toets <br /> Incorrect </li>
<li> Wald <br /> Incorrect </li>
<li> Likelihood-ratio <br /> Incorrect </li>
</ol>
</div>
</div>
</modalFeedback>
<modalFeedback identifier="ANSWER_CORRECT" outcomeIdentifier="FEEDBACK" showHide="show">
<div class="textblock tvblock tvcss_1"><div class="rte_zone tveditor1">
<ol>
<li> Binomiaaltoets <br /> Correct </li>
<li> Z-toets <br /> Incorrect </li>
<li> Wald <br /> Incorrect </li>
<li> Likelihood-ratio <br /> Incorrect </li>
</ol>
</div>
</div>
</modalFeedback>
<modalFeedback identifier="PARTIAL_CORRECT" outcomeIdentifier="FEEDBACK" showHide="show">
<div class="textblock tvblock tvcss_1"><div class="rte_zone tveditor1">
<ol>
<li> Binomiaaltoets <br /> Correct </li>
<li> Z-toets <br /> Incorrect </li>
<li> Wald <br /> Incorrect </li>
<li> Likelihood-ratio <br /> Incorrect </li>
</ol>
</div>
</div>
</modalFeedback>
</assessmentItem>
