<?xml version="1.0" encoding="UTF-8"?>
<!DOCTYPE questestinterop SYSTEM "ims_qtiasiv1p2p1.dtd">

<questestinterop xmlns="http://www.imsglobal.org/xsd/ims_qtiasiv1p2" xmlns:xsi="http://www.w3.org/2001/XMLSchema-instance" xsi:schemaLocation="http://www.imsglobal.org/xsd/ims_qtiasiv1p2 http://www.imsglobal.org/xsd/ims_qtiasiv1p2p1.xsd">
<assessment ident="uva-addition-rule-681-en-canvas_672718536" title="uva-addition-rule-681-en-canvas">

<qtimetadata>
<qtimetadatafield>
<fieldlabel>cc_maxattempts</fieldlabel>
<fieldentry>1</fieldentry>
</qtimetadatafield>
<qtimetadatafield>
<fieldlabel>qmd_assessmenttype</fieldlabel>
<fieldentry>Assessment</fieldentry>
</qtimetadatafield>
</qtimetadata>
<objectives>
<material>
<mattext><![CDATA[Please solve the following exercises.]]></mattext>
</material>
</objectives>
<assessmentcontrol feedbackswitch="No" hintswitch="No" solutionswitch="Yes"/>
<outcomes_processing scoremodel="SumOfScores">
<outcomes>
<decvar varname="SCORE" vartype="Decimal" cutvalue="0"/>
</outcomes>
</outcomes_processing>
<assessfeedback title="AssessmentFeedback" ident="AssessmentFeedback">
<flow_mat>
<material>
<mattext>##AssessmentFeedback##</mattext>
</material>
</flow_mat>
</assessfeedback>

<section ident="uva-addition-rule-681-en-canvas_672718536_section_1" title="Exercise">

<objectives>
<material>
<mattext><![CDATA[Please answer the following question.]]></mattext>
</material>
</objectives>
<selection_ordering>
<selection>
<selection_number>1</selection_number>
<selection_extension>
<points_per_item>1</points_per_item>
</selection_extension>
</selection>
<order order_type="Random"/>
</selection_ordering>

<item ident="uva-addition-rule-681-en-canvas_672718536_section_1_item_1_schoice" title="Question" maxattempts="1">
<itemcontrol feedbackswitch="No" hintswitch="No" solutionswitch="Yes"/>
<itemmetadata>
<qtimetadata>
<qtimetadatafield>
<fieldlabel>question_type</fieldlabel>
<fieldentry>multiple_choice_question</fieldentry>
</qtimetadatafield>
</qtimetadata>
</itemmetadata>
<presentation>
<flow>
<material>
<matbreak/>
<mattext texttype="text/html" charset="utf-8"><![CDATA[
<p>Mary and John plan to have three children. There are eight possible outcomes in terms of gender order. <em>MMJ</em> for example, means that the first two children will be girls and the third a boy. Suppose the random variable <em>X</em> is equal to the number of girls. What is then the probability that <em>X</em> = 2?</p>
]]></mattext>
<matbreak/>
</material>
<response_lid ident="uva-addition-rule-681-en-canvas_672718536_section_1_item_1_schoice_RESPONSE_1380756" rcardinality="Single" rtiming="No">
<render_choice shuffle="No">
<flow_label class="List">
<response_label ident="uva-addition-rule-681-en-canvas_672718536_section_1_item_1_schoice_1256692014" rshuffle="No">
<material>
<mattext texttype="text/html" charset="utf-8"><![CDATA[
 1/8
]]></mattext>
</material>
</response_label>
</flow_label>
<flow_label class="List">
<response_label ident="uva-addition-rule-681-en-canvas_672718536_section_1_item_1_schoice_4868913967" rshuffle="No">
<material>
<mattext texttype="text/html" charset="utf-8"><![CDATA[
 /1/4
]]></mattext>
</material>
</response_label>
</flow_label>
<flow_label class="List">
<response_label ident="uva-addition-rule-681-en-canvas_672718536_section_1_item_1_schoice_5225151961" rshuffle="No">
<material>
<mattext texttype="text/html" charset="utf-8"><![CDATA[
 3/8
]]></mattext>
</material>
</response_label>
</flow_label>
<flow_label class="List">
<response_label ident="uva-addition-rule-681-en-canvas_672718536_section_1_item_1_schoice_4594520328" rshuffle="No">
<material>
<mattext texttype="text/html" charset="utf-8"><![CDATA[
 1/2
]]></mattext>
</material>
</response_label>
</flow_label>
</render_choice>
</response_lid>
</flow>
</presentation>
<resprocessing>
<outcomes>
<decvar varname="SCORE" vartype="Decimal" defaultval="0" minvalue="0" maxvalue="1" cutvalue="1"/>
</outcomes>
<respcondition title="Mastery" continue="No">
<conditionvar>
<and>
<varequal respident="uva-addition-rule-681-en-canvas_672718536_section_1_item_1_schoice_RESPONSE_1380756" case="Yes">uva-addition-rule-681-en-canvas_672718536_section_1_item_1_schoice_5225151961</varequal>
<not> <varequal respident="uva-addition-rule-681-en-canvas_672718536_section_1_item_1_schoice_RESPONSE_1380756" case="Yes">uva-addition-rule-681-en-canvas_672718536_section_1_item_1_schoice_1256692014</varequal> </not>
<not> <varequal respident="uva-addition-rule-681-en-canvas_672718536_section_1_item_1_schoice_RESPONSE_1380756" case="Yes">uva-addition-rule-681-en-canvas_672718536_section_1_item_1_schoice_4868913967</varequal> </not>
<not> <varequal respident="uva-addition-rule-681-en-canvas_672718536_section_1_item_1_schoice_RESPONSE_1380756" case="Yes">uva-addition-rule-681-en-canvas_672718536_section_1_item_1_schoice_4594520328</varequal> </not>
</and>
</conditionvar>
<setvar varname="SCORE" action="Set">1</setvar>
<displayfeedback feedbacktype="Response" linkrefid="correct_fb"/>
</respcondition>
<respcondition continue="Yes">
<conditionvar>
<other/>
</conditionvar>
<displayfeedback feedbacktype="Response" linkrefid="general_incorrect_fb"/>
</respcondition>
</resprocessing>
<itemfeedback ident="correct_fb" view="All">
<flow_mat>
<material>
<mattext texttype="text/html"><![CDATA[
<ul>
<li> 1/8 <br /> 1/8: Incorrect </li>
<li> /1/4 <br /> /1/4: Incorrect </li>
<li> 3/8 <br /> 3/8: Correct </li>
<li> 1/2 <br /> 1/2: Incorrect </li>
</ul>
]]></mattext>
</material>
</flow_mat>
</itemfeedback>
<itemfeedback ident="general_incorrect_fb" view="All">
<flow_mat>
<material>
<mattext texttype="text/html"><![CDATA[
<ul>
<li> 1/8 <br /> 1/8: Incorrect </li>
<li> /1/4 <br /> /1/4: Incorrect </li>
<li> 3/8 <br /> 3/8: Correct </li>
<li> 1/2 <br /> 1/2: Incorrect </li>
</ul>
]]></mattext>
</material>
</flow_mat>
</itemfeedback>
</item>


</section>

</assessment>
</questestinterop>
