<?xml version="1.0" encoding="utf-8" standalone="yes"?>
<assessmentItem identifier="uu-Null-hypothesis-811-en-tv_202601131821_item_1_schoice" title="uu-Null-hypothesis-811-en-tv_202601131821_item_1_schoice_uu-Null-hypothesis-811-en" adaptive="false" timeDependent="false" toolName="Testvision Online" toolVersion="39.0.9084" xmlns="http://www.imsglobal.org/xsd/imsqti_v2p1">
<responseDeclaration identifier="RESPONSE" cardinality="single" baseType="identifier">
<correctResponse>
<value>alt_398126</value>
</correctResponse>
<mapping defaultValue="0" lowerBound="0.0">
<mapEntry mapKey="alt_868314" mappedValue="-0.333333333333333"/>
<mapEntry mapKey="alt_171015" mappedValue="-0.333333333333333"/>
<mapEntry mapKey="alt_398126" mappedValue="1"/>
<mapEntry mapKey="alt_301120" mappedValue="-0.333333333333333"/>
</mapping>
</responseDeclaration>
<outcomeDeclaration identifier="SCORE" cardinality="single" baseType="float" normalMaximum="1" normalMinimum="0" />
<outcomeDeclaration identifier="FEEDBACK" cardinality="single" baseType="identifier" />
<stylesheet href="css/uu-Null-hypothesis-811-en-tv_202601131821_item_1_schoice.css" type="text/css" />
<itemBody>
<p>A sports psychologist is interested in the relationship between the degree of training and the resting heart rate. In a random sample of 15 cyclists, she finds a correlation of r = .50.</p>
<p>What is the null hypothesis when the presence of a correlation is tested?</p>
<choiceInteraction responseIdentifier="RESPONSE" shuffle="false" maxChoices="1">
<simpleChoice identifier="alt_868314">
<div class="textblock tvblock tvcss_1"><div class="rte_zone tveditor1">
 H0: r = 0
</div>
</div>
</simpleChoice>
<simpleChoice identifier="alt_171015">
<div class="textblock tvblock tvcss_1"><div class="rte_zone tveditor1">
 H0: r &gt; 0
</div>
</div>
</simpleChoice>
<simpleChoice identifier="alt_398126">
<div class="textblock tvblock tvcss_1"><div class="rte_zone tveditor1">
 H0: <math display="inline" xmlns="http://www.w3.org/1998/Math/MathML"><semantics><mi>ρ</mi><annotation encoding="application/x-tex">\rho</annotation></semantics></math> = 0
</div>
</div>
</simpleChoice>
<simpleChoice identifier="alt_301120">
<div class="textblock tvblock tvcss_1"><div class="rte_zone tveditor1">
 H0: <math display="inline" xmlns="http://www.w3.org/1998/Math/MathML"><semantics><mi>ρ</mi><annotation encoding="application/x-tex">\rho</annotation></semantics></math> &gt; 0
</div>
</div>
</simpleChoice>
</choiceInteraction>
</itemBody>
<responseProcessing>
<responseCondition>
<responseIf>
<isNull>
<variable identifier="RESPONSE"/>
</isNull>
<setOutcomeValue identifier="SCORE">
<baseValue baseType="float">0.0</baseValue>
</setOutcomeValue>
<setOutcomeValue identifier="FEEDBACK">
<baseValue baseType="identifier">FAILURE</baseValue>
</setOutcomeValue>
</responseIf>
<responseElse>
<setOutcomeValue identifier="SCORE">
<mapResponse identifier="RESPONSE"/>
</setOutcomeValue>
<responseCondition>
<responseIf>
<equal toleranceMode="relative" tolerance="0.001">
<variable identifier="SCORE"/>
<variable identifier="MAXSCORE"/>
</equal>
<setOutcomeValue identifier="FEEDBACK">
<baseValue baseType="identifier">ANSWER_CORRECT</baseValue>
</setOutcomeValue>
</responseIf>
<responseElse>
<setOutcomeValue identifier="FEEDBACK">
<baseValue baseType="identifier">FAILURE</baseValue>
</setOutcomeValue>
</responseElse>
</responseCondition>
</responseElse>
</responseCondition>
</responseProcessing>
<modalFeedback identifier="FAILURE" outcomeIdentifier="FEEDBACK" showHide="show">
<div class="textblock tvblock tvcss_1"><div class="rte_zone tveditor1">
<ul>
<li> H0: r = 0 <br /> This answer is incorrect. </li>
<li> H0: r &gt; 0 <br /> This answer is incorrect. </li>
<li> H0: <math display="inline" xmlns="http://www.w3.org/1998/Math/MathML"><semantics><mi>ρ</mi><annotation encoding="application/x-tex">\rho</annotation></semantics></math> = 0 <br /> This answer is correct. </li>
<li> H0: <math display="inline" xmlns="http://www.w3.org/1998/Math/MathML"><semantics><mi>ρ</mi><annotation encoding="application/x-tex">\rho</annotation></semantics></math> &gt; 0 <br /> This answer is incorrect. </li>
</ul>
</div>
</div>
</modalFeedback>
<modalFeedback identifier="ANSWER_CORRECT" outcomeIdentifier="FEEDBACK" showHide="show">
<div class="textblock tvblock tvcss_1"><div class="rte_zone tveditor1">
<ul>
<li> H0: r = 0 <br /> This answer is incorrect. </li>
<li> H0: r &gt; 0 <br /> This answer is incorrect. </li>
<li> H0: <math display="inline" xmlns="http://www.w3.org/1998/Math/MathML"><semantics><mi>ρ</mi><annotation encoding="application/x-tex">\rho</annotation></semantics></math> = 0 <br /> This answer is correct. </li>
<li> H0: <math display="inline" xmlns="http://www.w3.org/1998/Math/MathML"><semantics><mi>ρ</mi><annotation encoding="application/x-tex">\rho</annotation></semantics></math> &gt; 0 <br /> This answer is incorrect. </li>
</ul>
</div>
</div>
</modalFeedback>
<modalFeedback identifier="PARTIAL_CORRECT" outcomeIdentifier="FEEDBACK" showHide="show">
<div class="textblock tvblock tvcss_1"><div class="rte_zone tveditor1">
<ul>
<li> H0: r = 0 <br /> This answer is incorrect. </li>
<li> H0: r &gt; 0 <br /> This answer is incorrect. </li>
<li> H0: <math display="inline" xmlns="http://www.w3.org/1998/Math/MathML"><semantics><mi>ρ</mi><annotation encoding="application/x-tex">\rho</annotation></semantics></math> = 0 <br /> This answer is correct. </li>
<li> H0: <math display="inline" xmlns="http://www.w3.org/1998/Math/MathML"><semantics><mi>ρ</mi><annotation encoding="application/x-tex">\rho</annotation></semantics></math> &gt; 0 <br /> This answer is incorrect. </li>
</ul>
</div>
</div>
</modalFeedback>
</assessmentItem>
