<?xml version="1.0" encoding="UTF-8"?>
<!DOCTYPE questestinterop SYSTEM "ims_qtiasiv1p2p1.dtd">

<questestinterop xmlns="http://www.imsglobal.org/xsd/ims_qtiasiv1p2" xmlns:xsi="http://www.w3.org/2001/XMLSchema-instance" xsi:schemaLocation="http://www.imsglobal.org/xsd/ims_qtiasiv1p2 http://www.imsglobal.org/xsd/ims_qtiasiv1p2p1.xsd">
<assessment ident="uu-multilevel-analysis-800-en-canvas_397681119" title="uu-multilevel-analysis-800-en-canvas">

<qtimetadata>
<qtimetadatafield>
<fieldlabel>cc_maxattempts</fieldlabel>
<fieldentry>1</fieldentry>
</qtimetadatafield>
<qtimetadatafield>
<fieldlabel>qmd_assessmenttype</fieldlabel>
<fieldentry>Assessment</fieldentry>
</qtimetadatafield>
</qtimetadata>
<objectives>
<material>
<mattext><![CDATA[Please solve the following exercises.]]></mattext>
</material>
</objectives>
<assessmentcontrol feedbackswitch="No" hintswitch="No" solutionswitch="Yes"/>
<outcomes_processing scoremodel="SumOfScores">
<outcomes>
<decvar varname="SCORE" vartype="Decimal" cutvalue="0"/>
</outcomes>
</outcomes_processing>
<assessfeedback title="AssessmentFeedback" ident="AssessmentFeedback">
<flow_mat>
<material>
<mattext>##AssessmentFeedback##</mattext>
</material>
</flow_mat>
</assessfeedback>

<section ident="uu-multilevel-analysis-800-en-canvas_397681119_section_1" title="Exercise">

<objectives>
<material>
<mattext><![CDATA[Please answer the following question.]]></mattext>
</material>
</objectives>
<selection_ordering>
<selection>
<selection_number>1</selection_number>
<selection_extension>
<points_per_item>1</points_per_item>
</selection_extension>
</selection>
<order order_type="Random"/>
</selection_ordering>

<item ident="uu-multilevel-analysis-800-en-canvas_397681119_section_1_item_1_schoice" title="Question" maxattempts="1">
<itemcontrol feedbackswitch="No" hintswitch="No" solutionswitch="Yes"/>
<itemmetadata>
<qtimetadata>
<qtimetadatafield>
<fieldlabel>question_type</fieldlabel>
<fieldentry>multiple_choice_question</fieldentry>
</qtimetadatafield>
</qtimetadata>
</itemmetadata>
<presentation>
<flow>
<material>
<matbreak/>
<mattext texttype="text/html" charset="utf-8"><![CDATA[
<p>Suppose you are an educational researcher interested in the effect of Kanjertraining on the reduction of bullying behavior. To this end, you are conducting an experiment in which Kanjer training is offered in 50 classes at five schools. In addition, you collected data from five control schools with a total of 35 classes. At the control schools, Kanjer training is not offered in any of the classes. The total number of students involved in the study was approximately 1,500. Questionnaires were administered to the students measuring the decrease in bullying behavior on an interval scale.</p>
<p>What analysis technique is most appropriate for assessing the effect of Kanjer training on the decrease in bullying behavior?</p>
]]></mattext>
<matbreak/>
</material>
<response_lid ident="uu-multilevel-analysis-800-en-canvas_397681119_section_1_item_1_schoice_RESPONSE_6306301" rcardinality="Single" rtiming="No">
<render_choice shuffle="No">
<flow_label class="List">
<response_label ident="uu-multilevel-analysis-800-en-canvas_397681119_section_1_item_1_schoice_1876659789" rshuffle="No">
<material>
<mattext texttype="text/html" charset="utf-8"><![CDATA[
 Multiple-way ANOVA with bullying behavior as the dependent variable.
]]></mattext>
</material>
</response_label>
</flow_label>
<flow_label class="List">
<response_label ident="uu-multilevel-analysis-800-en-canvas_397681119_section_1_item_1_schoice_1894473432" rshuffle="No">
<material>
<mattext texttype="text/html" charset="utf-8"><![CDATA[
 Multivariate ANCOVA with bullying behavior as a factor.
]]></mattext>
</material>
</response_label>
</flow_label>
<flow_label class="List">
<response_label ident="uu-multilevel-analysis-800-en-canvas_397681119_section_1_item_1_schoice_6513298924" rshuffle="No">
<material>
<mattext texttype="text/html" charset="utf-8"><![CDATA[
 Mixed design analysis with bullying behavior as a factor.
]]></mattext>
</material>
</response_label>
</flow_label>
<flow_label class="List">
<response_label ident="uu-multilevel-analysis-800-en-canvas_397681119_section_1_item_1_schoice_4662784916" rshuffle="No">
<material>
<mattext texttype="text/html" charset="utf-8"><![CDATA[
 Multilevel analysis with bullying behavior as dependent variable.
]]></mattext>
</material>
</response_label>
</flow_label>
</render_choice>
</response_lid>
</flow>
</presentation>
<resprocessing>
<outcomes>
<decvar varname="SCORE" vartype="Decimal" defaultval="0" minvalue="0" maxvalue="1" cutvalue="1"/>
</outcomes>
<respcondition title="Mastery" continue="No">
<conditionvar>
<and>
<varequal respident="uu-multilevel-analysis-800-en-canvas_397681119_section_1_item_1_schoice_RESPONSE_6306301" case="Yes">uu-multilevel-analysis-800-en-canvas_397681119_section_1_item_1_schoice_4662784916</varequal>
<not> <varequal respident="uu-multilevel-analysis-800-en-canvas_397681119_section_1_item_1_schoice_RESPONSE_6306301" case="Yes">uu-multilevel-analysis-800-en-canvas_397681119_section_1_item_1_schoice_1876659789</varequal> </not>
<not> <varequal respident="uu-multilevel-analysis-800-en-canvas_397681119_section_1_item_1_schoice_RESPONSE_6306301" case="Yes">uu-multilevel-analysis-800-en-canvas_397681119_section_1_item_1_schoice_1894473432</varequal> </not>
<not> <varequal respident="uu-multilevel-analysis-800-en-canvas_397681119_section_1_item_1_schoice_RESPONSE_6306301" case="Yes">uu-multilevel-analysis-800-en-canvas_397681119_section_1_item_1_schoice_6513298924</varequal> </not>
</and>
</conditionvar>
<setvar varname="SCORE" action="Set">1</setvar>
<displayfeedback feedbacktype="Response" linkrefid="correct_fb"/>
</respcondition>
<respcondition continue="Yes">
<conditionvar>
<other/>
</conditionvar>
<displayfeedback feedbacktype="Response" linkrefid="general_incorrect_fb"/>
</respcondition>
</resprocessing>
<itemfeedback ident="correct_fb" view="All">
<flow_mat>
<material>
<mattext texttype="text/html"><![CDATA[

]]></mattext>
</material>
</flow_mat>
</itemfeedback>
<itemfeedback ident="general_incorrect_fb" view="All">
<flow_mat>
<material>
<mattext texttype="text/html"><![CDATA[

]]></mattext>
</material>
</flow_mat>
</itemfeedback>
</item>


</section>

</assessment>
</questestinterop>
