<?xml version="1.0" encoding="UTF-8"?>
<assessmentItem xsi:schemaLocation="http://www.imsglobal.org/xsd/imsqti_v2p1 http://www.imsglobal.org/xsd/qti/qtiv2p1/imsqti_v2p1p1.xsd http://www.w3.org/1998/Math/MathML http://www.w3.org/Math/XMLSchema/mathml2/mathml2.xsd" identifier="vufgb-confidenceintervals-022-en-qti_354621031_section_1_item_1_schoice" title="1" adaptive="false" timeDependent="false" xmlns="http://www.imsglobal.org/xsd/imsqti_v2p1" xmlns:xsi="http://www.w3.org/2001/XMLSchema-instance">
<responseDeclaration identifier="vufgb-confidenceintervals-022-en-qti_354621031_section_1_item_1_schoice_RESPONSE_1_2576946" cardinality="single" baseType="identifier">
<correctResponse>
<value>vufgb-confidenceintervals-022-en-qti_354621031_section_1_item_1_schoice_1_1767717405</value>
</correctResponse>
<mapping defaultValue="0" lowerBound="0.0">
<mapEntry mapKey="vufgb-confidenceintervals-022-en-qti_354621031_section_1_item_1_schoice_1_1767717405" mappedValue="1"/>
<mapEntry mapKey="vufgb-confidenceintervals-022-en-qti_354621031_section_1_item_1_schoice_2_8355687217" mappedValue="0"/>
<mapEntry mapKey="vufgb-confidenceintervals-022-en-qti_354621031_section_1_item_1_schoice_3_1575552346" mappedValue="0"/>
<mapEntry mapKey="vufgb-confidenceintervals-022-en-qti_354621031_section_1_item_1_schoice_4_1923505644" mappedValue="0"/>
</mapping>
</responseDeclaration>
<outcomeDeclaration identifier="SCORE" cardinality="single" baseType="float" normalMaximum="1" normalMinimum="0">
<defaultValue>
<value>0.0</value>
</defaultValue>
</outcomeDeclaration>
<outcomeDeclaration identifier="MAXSCORE" cardinality="single" baseType="float">
<defaultValue>
<value>1</value>
</defaultValue>
</outcomeDeclaration>
<outcomeDeclaration identifier="FEEDBACKBASIC" cardinality="single" baseType="identifier" view="testConstructor">
<defaultValue>
<value>empty</value>
</defaultValue>
</outcomeDeclaration>
<outcomeDeclaration identifier="FEEDBACKMODAL" cardinality="multiple" baseType="identifier" view="testConstructor"/>
<outcomeDeclaration identifier="MINSCORE" cardinality="single" baseType="float">
<defaultValue>
<value baseType="float">0</value>
</defaultValue>
</outcomeDeclaration>
<outcomeDeclaration identifier="SCORE_RESPONSE_1" cardinality="single" baseType="float">
<defaultValue>
<value>0.0</value>
</defaultValue>
</outcomeDeclaration>
<outcomeDeclaration identifier="MINSCORE_RESPONSE_1" cardinality="single" baseType="float">
<defaultValue>
<value>0.0</value>
</defaultValue>
</outcomeDeclaration>
<itemBody>
<p>In a sample of 25 persons, the mean is 6 and the variance is 16. Calculate the 95% confidence interval for the population mean.</p>
<choiceInteraction responseIdentifier="vufgb-confidenceintervals-022-en-qti_354621031_section_1_item_1_schoice_RESPONSE_1_2576946" shuffle="false" maxChoices="1">
<simpleChoice identifier="vufgb-confidenceintervals-022-en-qti_354621031_section_1_item_1_schoice_1_1767717405">
<p>
a. 4.35 ; 7.65.
</p>
</simpleChoice>
<simpleChoice identifier="vufgb-confidenceintervals-022-en-qti_354621031_section_1_item_1_schoice_2_8355687217">
<p>
b. 4.43 ; 7.57.
</p>
</simpleChoice>
<simpleChoice identifier="vufgb-confidenceintervals-022-en-qti_354621031_section_1_item_1_schoice_3_1575552346">
<p>
c. 4.68 ; 7.32.
</p>
</simpleChoice>
<simpleChoice identifier="vufgb-confidenceintervals-022-en-qti_354621031_section_1_item_1_schoice_4_1923505644">
<p>
d. 4.75 ; 7.25.
</p>
</simpleChoice>
</choiceInteraction>
</itemBody>
<responseProcessing>
<responseCondition>
<responseIf>
<isNull>
<variable identifier="vufgb-confidenceintervals-022-en-qti_354621031_section_1_item_1_schoice_RESPONSE_1_2576946"/>
</isNull>
<setOutcomeValue identifier="SCORE_RESPONSE_1">
<sum>
<variable identifier="SCORE_RESPONSE_1"/>
<baseValue baseType="float">0</baseValue>
</sum>
</setOutcomeValue>
</responseIf>
</responseCondition>
<setOutcomeValue identifier="SCORE_RESPONSE_1">
<sum>
<variable identifier="SCORE_RESPONSE_1"/>
<mapResponse identifier="vufgb-confidenceintervals-022-en-qti_354621031_section_1_item_1_schoice_RESPONSE_1_2576946"/>
</sum>
</setOutcomeValue>
<responseCondition>
<responseIf>
<lt>
<variable identifier="SCORE_RESPONSE_1"/>
<variable identifier="MINSCORE_RESPONSE_1"/>
</lt>
<setOutcomeValue identifier="SCORE_RESPONSE_1">
<variable identifier="MINSCORE_RESPONSE_1"/>
</setOutcomeValue>
</responseIf>
</responseCondition>
<setOutcomeValue identifier="SCORE">
<sum>
<variable identifier="SCORE_RESPONSE_1"/>
</sum>
</setOutcomeValue>
<responseCondition>
<responseIf>
<lt>
<variable identifier="SCORE"/>
<variable identifier="MINSCORE"/>
</lt>
<setOutcomeValue identifier="SCORE">
<variable identifier="MINSCORE"/>
</setOutcomeValue>
</responseIf>
</responseCondition>
<responseCondition>
<responseIf>
<lt>
<variable identifier="SCORE"/>
<baseValue baseType="float">1</baseValue>
</lt>
<setOutcomeValue identifier="FEEDBACKMODAL">
<multiple>
<variable identifier="FEEDBACKMODAL"/>
<baseValue baseType="identifier">Feedback459625264</baseValue>
</multiple>
</setOutcomeValue>
</responseIf>
</responseCondition>
</responseProcessing>
<modalFeedback identifier="Feedback459625264" outcomeIdentifier="FEEDBACKMODAL" showHide="show">
<ol type = "a">
<li> 4.35 ; 7.65. <br /> Correct </li>
<li> 4.43 ; 7.57. <br /> Incorrect </li>
<li> 4.68 ; 7.32. <br /> Incorrect </li>
<li> 4.75 ; 7.25. <br /> Inorrect </li>
</ol>
</modalFeedback>
</assessmentItem>
