<?xml version="1.0" encoding="UTF-8"?>
<!DOCTYPE questestinterop SYSTEM "ims_qtiasiv1p2p1.dtd">

<questestinterop xmlns="http://www.imsglobal.org/xsd/ims_qtiasiv1p2" xmlns:xsi="http://www.w3.org/2001/XMLSchema-instance" xsi:schemaLocation="http://www.imsglobal.org/xsd/ims_qtiasiv1p2 http://www.imsglobal.org/xsd/ims_qtiasiv1p2p1.xsd">
<assessment ident="uva-statistical-errors-909-en-canvas_733180214" title="uva-statistical-errors-909-en-canvas">

<qtimetadata>
<qtimetadatafield>
<fieldlabel>cc_maxattempts</fieldlabel>
<fieldentry>1</fieldentry>
</qtimetadatafield>
<qtimetadatafield>
<fieldlabel>qmd_assessmenttype</fieldlabel>
<fieldentry>Assessment</fieldentry>
</qtimetadatafield>
</qtimetadata>
<objectives>
<material>
<mattext><![CDATA[Please solve the following exercises.]]></mattext>
</material>
</objectives>
<assessmentcontrol feedbackswitch="No" hintswitch="No" solutionswitch="Yes"/>
<outcomes_processing scoremodel="SumOfScores">
<outcomes>
<decvar varname="SCORE" vartype="Decimal" cutvalue="0"/>
</outcomes>
</outcomes_processing>
<assessfeedback title="AssessmentFeedback" ident="AssessmentFeedback">
<flow_mat>
<material>
<mattext>##AssessmentFeedback##</mattext>
</material>
</flow_mat>
</assessfeedback>

<section ident="uva-statistical-errors-909-en-canvas_733180214_section_1" title="Exercise">

<objectives>
<material>
<mattext><![CDATA[Please answer the following question.]]></mattext>
</material>
</objectives>
<selection_ordering>
<selection>
<selection_number>1</selection_number>
<selection_extension>
<points_per_item>1</points_per_item>
</selection_extension>
</selection>
<order order_type="Random"/>
</selection_ordering>

<item ident="uva-statistical-errors-909-en-canvas_733180214_section_1_item_1_schoice" title="Question" maxattempts="1">
<itemcontrol feedbackswitch="No" hintswitch="No" solutionswitch="Yes"/>
<itemmetadata>
<qtimetadata>
<qtimetadatafield>
<fieldlabel>question_type</fieldlabel>
<fieldentry>multiple_choice_question</fieldentry>
</qtimetadatafield>
</qtimetadata>
</itemmetadata>
<presentation>
<flow>
<material>
<matbreak/>
<mattext texttype="text/html" charset="utf-8"><![CDATA[
<p>Suppose a researcher has four averages for which she wants to calculate multiple comparison Tukey confidence intervals wants to calculate. There are four averages a total of six possible differences between averages and therefore six confidence intervals. For comparison, the researcher also calculates comparison also calculates the ordinary 95% confidence intervals. Two of these ordinary 95% confidence intervals are (8, 12) and (16, 20). Now what are possibly Tukey 95% confidence intervals that correspond to the above two ordinary confidence intervals?</p>
]]></mattext>
<matbreak/>
</material>
<response_lid ident="uva-statistical-errors-909-en-canvas_733180214_section_1_item_1_schoice_RESPONSE_4970829" rcardinality="Single" rtiming="No">
<render_choice shuffle="No">
<flow_label class="List">
<response_label ident="uva-statistical-errors-909-en-canvas_733180214_section_1_item_1_schoice_3332772005" rshuffle="No">
<material>
<mattext texttype="text/html" charset="utf-8"><![CDATA[
 (7, 11) and (15,19)
]]></mattext>
</material>
</response_label>
</flow_label>
<flow_label class="List">
<response_label ident="uva-statistical-errors-909-en-canvas_733180214_section_1_item_1_schoice_8978504672" rshuffle="No">
<material>
<mattext texttype="text/html" charset="utf-8"><![CDATA[
 (7, 13) and (15, 21)
]]></mattext>
</material>
</response_label>
</flow_label>
<flow_label class="List">
<response_label ident="uva-statistical-errors-909-en-canvas_733180214_section_1_item_1_schoice_9612693571" rshuffle="No">
<material>
<mattext texttype="text/html" charset="utf-8"><![CDATA[
 (9, 11) and (17, 19)
]]></mattext>
</material>
</response_label>
</flow_label>
</render_choice>
</response_lid>
</flow>
</presentation>
<resprocessing>
<outcomes>
<decvar varname="SCORE" vartype="Decimal" defaultval="0" minvalue="0" maxvalue="1" cutvalue="1"/>
</outcomes>
<respcondition title="Mastery" continue="No">
<conditionvar>
<and>
<varequal respident="uva-statistical-errors-909-en-canvas_733180214_section_1_item_1_schoice_RESPONSE_4970829" case="Yes">uva-statistical-errors-909-en-canvas_733180214_section_1_item_1_schoice_8978504672</varequal>
<not> <varequal respident="uva-statistical-errors-909-en-canvas_733180214_section_1_item_1_schoice_RESPONSE_4970829" case="Yes">uva-statistical-errors-909-en-canvas_733180214_section_1_item_1_schoice_3332772005</varequal> </not>
<not> <varequal respident="uva-statistical-errors-909-en-canvas_733180214_section_1_item_1_schoice_RESPONSE_4970829" case="Yes">uva-statistical-errors-909-en-canvas_733180214_section_1_item_1_schoice_9612693571</varequal> </not>
</and>
</conditionvar>
<setvar varname="SCORE" action="Set">1</setvar>
<displayfeedback feedbacktype="Response" linkrefid="correct_fb"/>
</respcondition>
<respcondition continue="Yes">
<conditionvar>
<other/>
</conditionvar>
<displayfeedback feedbacktype="Response" linkrefid="general_incorrect_fb"/>
</respcondition>
</resprocessing>
<itemfeedback ident="correct_fb" view="All">
<flow_mat>
<material>
<mattext texttype="text/html"><![CDATA[
<ul>
<li> (7, 11) and (15,19) <br /> (7, 11) and (15,19): Incorrect </li>
<li> (7, 13) and (15, 21) <br /> (7, 13) and (15, 21): Correct </li>
<li> (9, 11) and (17, 19) <br /> (9, 11) and (17, 19): Incorrect </li>
</ul>
]]></mattext>
</material>
</flow_mat>
</itemfeedback>
<itemfeedback ident="general_incorrect_fb" view="All">
<flow_mat>
<material>
<mattext texttype="text/html"><![CDATA[
<ul>
<li> (7, 11) and (15,19) <br /> (7, 11) and (15,19): Incorrect </li>
<li> (7, 13) and (15, 21) <br /> (7, 13) and (15, 21): Correct </li>
<li> (9, 11) and (17, 19) <br /> (9, 11) and (17, 19): Incorrect </li>
</ul>
]]></mattext>
</material>
</flow_mat>
</itemfeedback>
</item>


</section>

</assessment>
</questestinterop>
