<?xml version="1.0" encoding="UTF-8"?>
<assessmentItem xsi:schemaLocation="http://www.imsglobal.org/xsd/imsqti_v2p1 http://www.imsglobal.org/xsd/qti/qtiv2p1/imsqti_v2p1p1.xsd http://www.w3.org/1998/Math/MathML http://www.w3.org/Math/XMLSchema/mathml2/mathml2.xsd" identifier="vufgb-mediation-009-en-qti_341724776_section_1_item_1_schoice" title="1" adaptive="false" timeDependent="false" xmlns="http://www.imsglobal.org/xsd/imsqti_v2p1" xmlns:xsi="http://www.w3.org/2001/XMLSchema-instance">
<responseDeclaration identifier="vufgb-mediation-009-en-qti_341724776_section_1_item_1_schoice_RESPONSE_1_2142229" cardinality="single" baseType="identifier">
<correctResponse>
<value>vufgb-mediation-009-en-qti_341724776_section_1_item_1_schoice_3_7826386811</value>
</correctResponse>
<mapping defaultValue="0" lowerBound="0.0">
<mapEntry mapKey="vufgb-mediation-009-en-qti_341724776_section_1_item_1_schoice_1_8671509685" mappedValue="0"/>
<mapEntry mapKey="vufgb-mediation-009-en-qti_341724776_section_1_item_1_schoice_2_3904957701" mappedValue="0"/>
<mapEntry mapKey="vufgb-mediation-009-en-qti_341724776_section_1_item_1_schoice_3_7826386811" mappedValue="1"/>
<mapEntry mapKey="vufgb-mediation-009-en-qti_341724776_section_1_item_1_schoice_4_4729014312" mappedValue="0"/>
</mapping>
</responseDeclaration>
<outcomeDeclaration identifier="SCORE" cardinality="single" baseType="float" normalMaximum="1" normalMinimum="0">
<defaultValue>
<value>0.0</value>
</defaultValue>
</outcomeDeclaration>
<outcomeDeclaration identifier="MAXSCORE" cardinality="single" baseType="float">
<defaultValue>
<value>1</value>
</defaultValue>
</outcomeDeclaration>
<outcomeDeclaration identifier="FEEDBACKBASIC" cardinality="single" baseType="identifier" view="testConstructor">
<defaultValue>
<value>empty</value>
</defaultValue>
</outcomeDeclaration>
<outcomeDeclaration identifier="FEEDBACKMODAL" cardinality="multiple" baseType="identifier" view="testConstructor"/>
<outcomeDeclaration identifier="SOLUTIONMODAL" cardinality="single" baseType="identifier" view="testConstructor"/>
<outcomeDeclaration identifier="MINSCORE" cardinality="single" baseType="float">
<defaultValue>
<value baseType="float">0</value>
</defaultValue>
</outcomeDeclaration>
<outcomeDeclaration identifier="SCORE_RESPONSE_1" cardinality="single" baseType="float">
<defaultValue>
<value>0.0</value>
</defaultValue>
</outcomeDeclaration>
<outcomeDeclaration identifier="MINSCORE_RESPONSE_1" cardinality="single" baseType="float">
<defaultValue>
<value>0.0</value>
</defaultValue>
</outcomeDeclaration>
<itemBody>
<p>Given is a mediation analysis and the total effect: <math display="inline" xmlns="http://www.w3.org/1998/Math/MathML"><semantics><mrow><mi>c</mi><mo>=</mo><mi>a</mi><mi>b</mi><mo>+</mo><mi>c</mi><mi>’</mi></mrow><annotation encoding="application/x-tex">c = ab + c’</annotation></semantics></math>, in the model <math display="inline" xmlns="http://www.w3.org/1998/Math/MathML"><semantics><mrow><msub><mi>X</mi><mn>1</mn></msub><mo>→</mo><msub><mi>X</mi><mn>2</mn></msub><mo>→</mo><mi>Y</mi></mrow><annotation encoding="application/x-tex">X_{1}\rightarrow X_{2}\rightarrow Y</annotation></semantics></math>.</p>
<p>In it <math display="inline" xmlns="http://www.w3.org/1998/Math/MathML"><semantics><mrow><mi>a</mi><mi>b</mi></mrow><annotation encoding="application/x-tex">ab</annotation></semantics></math> to:</p>
<choiceInteraction responseIdentifier="vufgb-mediation-009-en-qti_341724776_section_1_item_1_schoice_RESPONSE_1_2142229" shuffle="false" maxChoices="1">
<simpleChoice identifier="vufgb-mediation-009-en-qti_341724776_section_1_item_1_schoice_1_8671509685">
<p>
 The direct effect of <math display="inline" xmlns="http://www.w3.org/1998/Math/MathML"><semantics><msub><mi>X</mi><mn>1</mn></msub><annotation encoding="application/x-tex">X_{1}</annotation></semantics></math> on <math display="inline" xmlns="http://www.w3.org/1998/Math/MathML"><semantics><mi>Y</mi><annotation encoding="application/x-tex">Y</annotation></semantics></math>.
</p>
</simpleChoice>
<simpleChoice identifier="vufgb-mediation-009-en-qti_341724776_section_1_item_1_schoice_2_3904957701">
<p>
 The direct effect of <math display="inline" xmlns="http://www.w3.org/1998/Math/MathML"><semantics><msub><mi>X</mi><mn>2</mn></msub><annotation encoding="application/x-tex">X_{2}</annotation></semantics></math> on <math display="inline" xmlns="http://www.w3.org/1998/Math/MathML"><semantics><mi>Y</mi><annotation encoding="application/x-tex">Y</annotation></semantics></math>.
</p>
</simpleChoice>
<simpleChoice identifier="vufgb-mediation-009-en-qti_341724776_section_1_item_1_schoice_3_7826386811">
<p>
 The indirect effect of <math display="inline" xmlns="http://www.w3.org/1998/Math/MathML"><semantics><msub><mi>X</mi><mn>1</mn></msub><annotation encoding="application/x-tex">X_{1}</annotation></semantics></math> at <math display="inline" xmlns="http://www.w3.org/1998/Math/MathML"><semantics><mi>Y</mi><annotation encoding="application/x-tex">Y</annotation></semantics></math>.
</p>
</simpleChoice>
<simpleChoice identifier="vufgb-mediation-009-en-qti_341724776_section_1_item_1_schoice_4_4729014312">
<p>
 Het indirecte effect van <math display="inline" xmlns="http://www.w3.org/1998/Math/MathML"><semantics><msub><mi>X</mi><mn>2</mn></msub><annotation encoding="application/x-tex">X_{2}</annotation></semantics></math> at <math display="inline" xmlns="http://www.w3.org/1998/Math/MathML"><semantics><mi>Y</mi><annotation encoding="application/x-tex">Y</annotation></semantics></math>.
</p>
</simpleChoice>
</choiceInteraction>
</itemBody>
<responseProcessing>
<setOutcomeValue identifier="SCORE_RESPONSE_1">
<sum>
<variable identifier="SCORE_RESPONSE_1"/>
<mapResponse identifier="vufgb-mediation-009-en-qti_341724776_section_1_item_1_schoice_RESPONSE_1_2142229"/>
</sum>
</setOutcomeValue>
<responseCondition>
<responseIf>
<lt>
<variable identifier="SCORE_RESPONSE_1"/>
<variable identifier="MINSCORE_RESPONSE_1"/>
</lt>
<setOutcomeValue identifier="SCORE_RESPONSE_1">
<variable identifier="MINSCORE_RESPONSE_1"/>
</setOutcomeValue>
</responseIf>
</responseCondition>
<responseCondition>
<responseIf>
<isNull>
<variable identifier="vufgb-mediation-009-en-qti_341724776_section_1_item_1_schoice_RESPONSE_1_2142229"/>
</isNull>
<setOutcomeValue identifier="SCORE_RESPONSE_1">
<sum>
<variable identifier="SCORE_RESPONSE_1"/>
<baseValue baseType="float">0</baseValue>
</sum>
</setOutcomeValue>
</responseIf>
</responseCondition>
<setOutcomeValue identifier="SCORE">
<sum>
<variable identifier="SCORE_RESPONSE_1"/>
</sum>
</setOutcomeValue>
<responseCondition>
<responseIf>
<lt>
<variable identifier="SCORE"/>
<variable identifier="MINSCORE"/>
</lt>
<setOutcomeValue identifier="SCORE">
<variable identifier="MINSCORE"/>
</setOutcomeValue>
</responseIf>
</responseCondition>
<responseCondition>
<responseIf>
<lt>
<variable identifier="SCORE"/>
<baseValue baseType="float">1</baseValue>
</lt>
<setOutcomeValue identifier="FEEDBACKMODAL">
<multiple>
<variable identifier="FEEDBACKMODAL"/>
<baseValue baseType="identifier">Feedback548451457</baseValue>
</multiple>
</setOutcomeValue>
</responseIf>
</responseCondition>
</responseProcessing>
<modalFeedback identifier="Feedback548451457" outcomeIdentifier="FEEDBACKMODAL" showHide="show">
<ul>
<li> The direct effect of <math display="inline" xmlns="http://www.w3.org/1998/Math/MathML"><semantics><msub><mi>X</mi><mn>1</mn></msub><annotation encoding="application/x-tex">X_{1}</annotation></semantics></math> on <math display="inline" xmlns="http://www.w3.org/1998/Math/MathML"><semantics><mi>Y</mi><annotation encoding="application/x-tex">Y</annotation></semantics></math>. <br /> Incorrect </li>
<li> The direct effect of <math display="inline" xmlns="http://www.w3.org/1998/Math/MathML"><semantics><msub><mi>X</mi><mn>2</mn></msub><annotation encoding="application/x-tex">X_{2}</annotation></semantics></math> on <math display="inline" xmlns="http://www.w3.org/1998/Math/MathML"><semantics><mi>Y</mi><annotation encoding="application/x-tex">Y</annotation></semantics></math>. <br /> Incorrect </li>
<li> The indirect effect of <math display="inline" xmlns="http://www.w3.org/1998/Math/MathML"><semantics><msub><mi>X</mi><mn>1</mn></msub><annotation encoding="application/x-tex">X_{1}</annotation></semantics></math> at <math display="inline" xmlns="http://www.w3.org/1998/Math/MathML"><semantics><mi>Y</mi><annotation encoding="application/x-tex">Y</annotation></semantics></math>. <br /> Correct </li>
<li> Het indirecte effect van <math display="inline" xmlns="http://www.w3.org/1998/Math/MathML"><semantics><msub><mi>X</mi><mn>2</mn></msub><annotation encoding="application/x-tex">X_{2}</annotation></semantics></math> at <math display="inline" xmlns="http://www.w3.org/1998/Math/MathML"><semantics><mi>Y</mi><annotation encoding="application/x-tex">Y</annotation></semantics></math>. <br /> Incorrect </li>
</ul>
</modalFeedback>
</assessmentItem>
