<?xml version="1.0" encoding="UTF-8"?>
<assessmentItem xsi:schemaLocation="http://www.imsglobal.org/xsd/imsqti_v2p1 http://www.imsglobal.org/xsd/qti/qtiv2p1/imsqti_v2p1p1.xsd http://www.w3.org/1998/Math/MathML http://www.w3.org/Math/XMLSchema/mathml2/mathml2.xsd" identifier="uva-binomial-1036-en-ans_681360958_section_1_item_1_schoice" title="Distributions_uva-binomial-1036-en_uva-binomial-1036-en_schoice_1" adaptive="false" timeDependent="false" xmlns="http://www.imsglobal.org/xsd/imsqti_v2p1" xmlns:xsi="http://www.w3.org/2001/XMLSchema-instance">
<responseDeclaration identifier="uva-binomial-1036-en-ans_681360958_section_1_item_1_schoice_RESPONSE_1_7049986" cardinality="single" baseType="identifier">
<correctResponse>
<value>uva-binomial-1036-en-ans_681360958_section_1_item_1_schoice_4_7871675147</value>
</correctResponse>
<mapping defaultValue="0" lowerBound="0.0">
<mapEntry mapKey="uva-binomial-1036-en-ans_681360958_section_1_item_1_schoice_1_1376881767" mappedValue="0"/>
<mapEntry mapKey="uva-binomial-1036-en-ans_681360958_section_1_item_1_schoice_2_5816750927" mappedValue="0"/>
<mapEntry mapKey="uva-binomial-1036-en-ans_681360958_section_1_item_1_schoice_3_3775873150" mappedValue="0"/>
<mapEntry mapKey="uva-binomial-1036-en-ans_681360958_section_1_item_1_schoice_4_7871675147" mappedValue="1"/>
</mapping>
</responseDeclaration>
<outcomeDeclaration identifier="SCORE" cardinality="single" baseType="float" normalMaximum="1" normalMinimum="0">
<defaultValue>
<value>0.0</value>
</defaultValue>
</outcomeDeclaration>
<outcomeDeclaration identifier="MAXSCORE" cardinality="single" baseType="float">
<defaultValue>
<value>1</value>
</defaultValue>
</outcomeDeclaration>
<outcomeDeclaration identifier="FEEDBACKBASIC" cardinality="single" baseType="identifier" view="testConstructor">
<defaultValue>
<value>empty</value>
</defaultValue>
</outcomeDeclaration>
<outcomeDeclaration identifier="FEEDBACKMODAL" cardinality="multiple" baseType="identifier" view="testConstructor"/>
<outcomeDeclaration identifier="SOLUTIONMODAL" cardinality="single" baseType="identifier" view="testConstructor"/>
<outcomeDeclaration identifier="MINSCORE" cardinality="single" baseType="float">
<defaultValue>
<value baseType="float">0</value>
</defaultValue>
</outcomeDeclaration>
<outcomeDeclaration identifier="SCORE_RESPONSE_1" cardinality="single" baseType="float">
<defaultValue>
<value>0.0</value>
</defaultValue>
</outcomeDeclaration>
<outcomeDeclaration identifier="MINSCORE_RESPONSE_1" cardinality="single" baseType="float">
<defaultValue>
<value>0.0</value>
</defaultValue>
</outcomeDeclaration>
<itemBody>
<p>We assume that the events of the birth of a girl or a boy are independent of each other. If one family has 3 children, what is the probability that one of the three is a boy?</p>
<choiceInteraction responseIdentifier="uva-binomial-1036-en-ans_681360958_section_1_item_1_schoice_RESPONSE_1_7049986" shuffle="false" maxChoices="1">
<simpleChoice identifier="uva-binomial-1036-en-ans_681360958_section_1_item_1_schoice_1_1376881767">
<p>
 1/3
</p>
</simpleChoice>
<simpleChoice identifier="uva-binomial-1036-en-ans_681360958_section_1_item_1_schoice_2_5816750927">
<p>
 1/8
</p>
</simpleChoice>
<simpleChoice identifier="uva-binomial-1036-en-ans_681360958_section_1_item_1_schoice_3_3775873150">
<p>
 2/8
</p>
</simpleChoice>
<simpleChoice identifier="uva-binomial-1036-en-ans_681360958_section_1_item_1_schoice_4_7871675147">
<p>
 3/8
</p>
</simpleChoice>
</choiceInteraction>
</itemBody>
<responseProcessing>
<setOutcomeValue identifier="SCORE_RESPONSE_1">
<sum>
<variable identifier="SCORE_RESPONSE_1"/>
<mapResponse identifier="uva-binomial-1036-en-ans_681360958_section_1_item_1_schoice_RESPONSE_1_7049986"/>
</sum>
</setOutcomeValue>
<responseCondition>
<responseIf>
<lt>
<variable identifier="SCORE_RESPONSE_1"/>
<variable identifier="MINSCORE_RESPONSE_1"/>
</lt>
<setOutcomeValue identifier="SCORE_RESPONSE_1">
<variable identifier="MINSCORE_RESPONSE_1"/>
</setOutcomeValue>
</responseIf>
</responseCondition>
<responseCondition>
<responseIf>
<isNull>
<variable identifier="uva-binomial-1036-en-ans_681360958_section_1_item_1_schoice_RESPONSE_1_7049986"/>
</isNull>
<setOutcomeValue identifier="SCORE_RESPONSE_1">
<sum>
<variable identifier="SCORE_RESPONSE_1"/>
<baseValue baseType="float">0</baseValue>
</sum>
</setOutcomeValue>
</responseIf>
</responseCondition>
<setOutcomeValue identifier="SCORE">
<sum>
<variable identifier="SCORE_RESPONSE_1"/>
</sum>
</setOutcomeValue>
<responseCondition>
<responseIf>
<lt>
<variable identifier="SCORE"/>
<variable identifier="MINSCORE"/>
</lt>
<setOutcomeValue identifier="SCORE">
<variable identifier="MINSCORE"/>
</setOutcomeValue>
</responseIf>
</responseCondition>
<responseCondition>
<responseIf>
<lt>
<variable identifier="SCORE"/>
<baseValue baseType="float">1</baseValue>
</lt>
<setOutcomeValue identifier="FEEDBACKMODAL">
<multiple>
<variable identifier="FEEDBACKMODAL"/>
<baseValue baseType="identifier">Feedback382672088</baseValue>
</multiple>
</setOutcomeValue>
</responseIf>
</responseCondition>
</responseProcessing>
<modalFeedback outcomeIdentifier="FEEDBACK" showHide="show" identifier="incorrect">
<ul>
<li> 1/3 <br /> 1/3: Incorrect </li>
<li> 1/8 <br /> 1/8: Incorrect </li>
<li> 2/8 <br /> 2/8: Incorrect </li>
<li> 3/8 <br /> 3/8: Correct </li>
</ul>
</modalFeedback>
</assessmentItem>
