<?xml version="1.0" encoding="UTF-8"?>
<!DOCTYPE questestinterop SYSTEM "ims_qtiasiv1p2p1.dtd">

<questestinterop xmlns="http://www.imsglobal.org/xsd/ims_qtiasiv1p2" xmlns:xsi="http://www.w3.org/2001/XMLSchema-instance" xsi:schemaLocation="http://www.imsglobal.org/xsd/ims_qtiasiv1p2 http://www.imsglobal.org/xsd/ims_qtiasiv1p2p1.xsd">
<assessment ident="uu-ANOVA-827-en-canvas_339257921" title="uu-ANOVA-827-en-canvas">

<qtimetadata>
<qtimetadatafield>
<fieldlabel>cc_maxattempts</fieldlabel>
<fieldentry>1</fieldentry>
</qtimetadatafield>
<qtimetadatafield>
<fieldlabel>qmd_assessmenttype</fieldlabel>
<fieldentry>Assessment</fieldentry>
</qtimetadatafield>
</qtimetadata>
<objectives>
<material>
<mattext><![CDATA[Please solve the following exercises.]]></mattext>
</material>
</objectives>
<assessmentcontrol feedbackswitch="No" hintswitch="No" solutionswitch="Yes"/>
<outcomes_processing scoremodel="SumOfScores">
<outcomes>
<decvar varname="SCORE" vartype="Decimal" cutvalue="0"/>
</outcomes>
</outcomes_processing>
<assessfeedback title="AssessmentFeedback" ident="AssessmentFeedback">
<flow_mat>
<material>
<mattext>##AssessmentFeedback##</mattext>
</material>
</flow_mat>
</assessfeedback>

<section ident="uu-ANOVA-827-en-canvas_339257921_section_1" title="Exercise">

<objectives>
<material>
<mattext><![CDATA[Please answer the following question.]]></mattext>
</material>
</objectives>
<selection_ordering>
<selection>
<selection_number>1</selection_number>
<selection_extension>
<points_per_item>1</points_per_item>
</selection_extension>
</selection>
<order order_type="Random"/>
</selection_ordering>

<item ident="uu-ANOVA-827-en-canvas_339257921_section_1_item_1_schoice" title="Question" maxattempts="1">
<itemcontrol feedbackswitch="No" hintswitch="No" solutionswitch="Yes"/>
<itemmetadata>
<qtimetadata>
<qtimetadatafield>
<fieldlabel>question_type</fieldlabel>
<fieldentry>multiple_choice_question</fieldentry>
</qtimetadatafield>
</qtimetadata>
</itemmetadata>
<presentation>
<flow>
<material>
<matbreak/>
<mattext texttype="text/html" charset="utf-8"><![CDATA[
<p>During exam time, there is a lot of focus on how best to concentrate on studying the given material. Among other things, the question is asked whether you learn better in a very quiet environment, or rather in an environment with some background noise. In this study, students were divided into three groups of 10 students each. The first group had to take a test on reading comprehension in a quiet environment, the second in an environment with some background noise, and the third group had to take the test next to a room where renovations were taking place. Below is the result of the analysis of variance.</p>
<p><img src="data/supplements_1_1/uu-ANOVA-827-en-tabel.jpeg" /></p>
<p>What is the conclusion when tested at a 5% significance level?</p>
]]></mattext>
<matbreak/>
</material>
<response_lid ident="uu-ANOVA-827-en-canvas_339257921_section_1_item_1_schoice_RESPONSE_8779051" rcardinality="Single" rtiming="No">
<render_choice shuffle="No">
<flow_label class="List">
<response_label ident="uu-ANOVA-827-en-canvas_339257921_section_1_item_1_schoice_9711183422" rshuffle="No">
<material>
<mattext texttype="text/html" charset="utf-8"><![CDATA[
 The groups are not significantly different in their scores on reading comprehension.
]]></mattext>
</material>
</response_label>
</flow_label>
<flow_label class="List">
<response_label ident="uu-ANOVA-827-en-canvas_339257921_section_1_item_1_schoice_3602431444" rshuffle="No">
<material>
<mattext texttype="text/html" charset="utf-8"><![CDATA[
 There are significant differences between the averages. The difference between the group in a quiet room and the group with disruptive noise is significant.
]]></mattext>
</material>
</response_label>
</flow_label>
<flow_label class="List">
<response_label ident="uu-ANOVA-827-en-canvas_339257921_section_1_item_1_schoice_4436432462" rshuffle="No">
<material>
<mattext texttype="text/html" charset="utf-8"><![CDATA[
 There are significant differences between the averages. the differences between the groups in a quiet room and with background noise, and the groups with background noise and disruptive noise are significant.
]]></mattext>
</material>
</response_label>
</flow_label>
<flow_label class="List">
<response_label ident="uu-ANOVA-827-en-canvas_339257921_section_1_item_1_schoice_7803624129" rshuffle="No">
<material>
<mattext texttype="text/html" charset="utf-8"><![CDATA[
 All three averages are significantly different from each other.
]]></mattext>
</material>
</response_label>
</flow_label>
</render_choice>
</response_lid>
</flow>
</presentation>
<resprocessing>
<outcomes>
<decvar varname="SCORE" vartype="Decimal" defaultval="0" minvalue="0" maxvalue="1" cutvalue="1"/>
</outcomes>
<respcondition title="Mastery" continue="No">
<conditionvar>
<and>
<varequal respident="uu-ANOVA-827-en-canvas_339257921_section_1_item_1_schoice_RESPONSE_8779051" case="Yes">uu-ANOVA-827-en-canvas_339257921_section_1_item_1_schoice_9711183422</varequal>
<not> <varequal respident="uu-ANOVA-827-en-canvas_339257921_section_1_item_1_schoice_RESPONSE_8779051" case="Yes">uu-ANOVA-827-en-canvas_339257921_section_1_item_1_schoice_3602431444</varequal> </not>
<not> <varequal respident="uu-ANOVA-827-en-canvas_339257921_section_1_item_1_schoice_RESPONSE_8779051" case="Yes">uu-ANOVA-827-en-canvas_339257921_section_1_item_1_schoice_4436432462</varequal> </not>
<not> <varequal respident="uu-ANOVA-827-en-canvas_339257921_section_1_item_1_schoice_RESPONSE_8779051" case="Yes">uu-ANOVA-827-en-canvas_339257921_section_1_item_1_schoice_7803624129</varequal> </not>
</and>
</conditionvar>
<setvar varname="SCORE" action="Set">1</setvar>
<displayfeedback feedbacktype="Response" linkrefid="correct_fb"/>
</respcondition>
<respcondition continue="Yes">
<conditionvar>
<other/>
</conditionvar>
<displayfeedback feedbacktype="Response" linkrefid="general_incorrect_fb"/>
</respcondition>
</resprocessing>
<itemfeedback ident="correct_fb" view="All">
<flow_mat>
<material>
<mattext texttype="text/html"><![CDATA[
<p>The F-test of the ANOVA indicates that there is no significant effect of noise level at an alpha level of 5%. So therefore the groups are not significantly different from each other. Only when the F test for a factor is significant do you look at the Post-Hoc tests.</p>
<br />
<ul>
<li> The groups are not significantly different in their scores on reading comprehension. <br /> This answer is correct. </li>
<li> There are significant differences between the averages. The difference between the group in a quiet room and the group with disruptive noise is significant. <br /> This answer is incorrect. </li>
<li> There are significant differences between the averages. the differences between the groups in a quiet room and with background noise, and the groups with background noise and disruptive noise are significant. <br /> This answer is incorrect. </li>
<li> All three averages are significantly different from each other. <br /> This answer is incorrect. </li>
</ul>
]]></mattext>
</material>
</flow_mat>
</itemfeedback>
<itemfeedback ident="general_incorrect_fb" view="All">
<flow_mat>
<material>
<mattext texttype="text/html"><![CDATA[
<p>The F-test of the ANOVA indicates that there is no significant effect of noise level at an alpha level of 5%. So therefore the groups are not significantly different from each other. Only when the F test for a factor is significant do you look at the Post-Hoc tests.</p>
<br />
<ul>
<li> The groups are not significantly different in their scores on reading comprehension. <br /> This answer is correct. </li>
<li> There are significant differences between the averages. The difference between the group in a quiet room and the group with disruptive noise is significant. <br /> This answer is incorrect. </li>
<li> There are significant differences between the averages. the differences between the groups in a quiet room and with background noise, and the groups with background noise and disruptive noise are significant. <br /> This answer is incorrect. </li>
<li> All three averages are significantly different from each other. <br /> This answer is incorrect. </li>
</ul>
]]></mattext>
</material>
</flow_mat>
</itemfeedback>
</item>


</section>

</assessment>
</questestinterop>
