<?xml version="1.0" encoding="utf-8" standalone="yes"?>
<assessmentItem identifier="uva-oneway-anova-367-nl-tv_202601131822_item_1_schoice" title="uva-oneway-anova-367-nl-tv_202601131822_item_1_schoice_uva-oneway-anova-367-nl" adaptive="false" timeDependent="false" toolName="Testvision Online" toolVersion="39.0.9084" xmlns="http://www.imsglobal.org/xsd/imsqti_v2p1"> <responseDeclaration identifier="RESPONSE" cardinality="single" baseType="identifier"> <correctResponse> <value>alt_673942</value> </correctResponse> <mapping defaultValue="0" lowerBound="0.0"> <mapEntry mapKey="alt_106179" mappedValue="-0.333333333333333"/> <mapEntry mapKey="alt_673942" mappedValue="1"/> <mapEntry mapKey="alt_562507" mappedValue="-0.333333333333333"/> <mapEntry mapKey="alt_478570" mappedValue="-0.333333333333333"/> </mapping> </responseDeclaration> <outcomeDeclaration identifier="SCORE" cardinality="single" baseType="float" normalMaximum="1" normalMinimum="0" /> <outcomeDeclaration identifier="FEEDBACK" cardinality="single" baseType="identifier" /> <stylesheet href="css/uva-oneway-anova-367-nl-tv_202601131822_item_1_schoice.css" type="text/css" /> <itemBody> <p>Hieronder staat een gedeeltelijke ANOVA-tabel van een oneway ANOVA op drie groepen met ieder 5 waarnemingen.</p> <table> <tbody> <tr class="odd"> <td class="recss_2">Source of variation</td> <td class="recss_2">SS</td> <td class="recss_2">df</td> <td class="recss_2">MS</td> <td class="recss_2">F</td> </tr> <tr class="even"> <td class="recss_2">Between groups</td> <td class="recss_2">40.80</td> <td class="recss_2">2</td> <td class="recss_2">20.40</td> <td class="recss_2">5.81</td> </tr> <tr class="odd"> <td class="recss_2">Within groups</td> <td class="recss_2"></td> <td class="recss_2"></td> <td class="recss_2"></td> <td class="recss_2"></td> </tr> <tr class="even"> <td class="recss_2">Total</td> <td class="recss_2">82.93</td> <td class="recss_2"></td> <td class="recss_2"></td> <td class="recss_2"></td> </tr> </tbody> </table> <p>Hoe groot is de kritieke waarde bij het toetsen, met α =5%, van H<sub>0</sub>: μ<sub>l</sub> = μ<sub>2</sub> = μ<sub>3</sub> en hoe luidt de conclusie?</p> <choiceInteraction responseIdentifier="RESPONSE" shuffle="false" maxChoices="1"> <simpleChoice identifier="alt_106179"> <div class="textblock tvblock tvcss_1"><div class="rte_zone tveditor1">  Kritieke waarde = 3.74, verwerp H0 </div> </div> </simpleChoice> <simpleChoice identifier="alt_673942"> <div class="textblock tvblock tvcss_1"><div class="rte_zone tveditor1">  Kritieke waarde = 3.89, verwerp H0 </div> </div> </simpleChoice> <simpleChoice identifier="alt_562507"> <div class="textblock tvblock tvcss_1"><div class="rte_zone tveditor1">  Kritieke waarde = 3.89, verwerp H0 niet </div> </div> </simpleChoice> <simpleChoice identifier="alt_478570"> <div class="textblock tvblock tvcss_1"><div class="rte_zone tveditor1">  Kritieke waarde = 19.41, verwerp H0 niet </div> </div> </simpleChoice> </choiceInteraction> </itemBody> <responseProcessing> <responseCondition> <responseIf> <isNull> <variable identifier="RESPONSE"/> </isNull> <setOutcomeValue identifier="SCORE"> <baseValue baseType="float">0.0</baseValue> </setOutcomeValue> <setOutcomeValue identifier="FEEDBACK"> <baseValue baseType="identifier">FAILURE</baseValue> </setOutcomeValue> </responseIf> <responseElse> <setOutcomeValue identifier="SCORE"> <mapResponse identifier="RESPONSE"/> </setOutcomeValue> <responseCondition> <responseIf> <equal toleranceMode="relative" tolerance="0.001"> <variable identifier="SCORE"/> <variable identifier="MAXSCORE"/> </equal> <setOutcomeValue identifier="FEEDBACK"> <baseValue baseType="identifier">ANSWER_CORRECT</baseValue> </setOutcomeValue> </responseIf> <responseElse> <setOutcomeValue identifier="FEEDBACK"> <baseValue baseType="identifier">FAILURE</baseValue> </setOutcomeValue> </responseElse> </responseCondition> </responseElse> </responseCondition> </responseProcessing> <modalFeedback identifier="FAILURE" outcomeIdentifier="FEEDBACK" showHide="show"> <div class="textblock tvblock tvcss_1"><div class="rte_zone tveditor1"> <ul> <li> Kritieke waarde = 3.74, verwerp H0 <br /> Kritieke waarde = 3.74, verwerp H0: Incorrect </li> <li> Kritieke waarde = 3.89, verwerp H0 <br /> Kritieke waarde = 3.89, verwerp H0: Correct </li> <li> Kritieke waarde = 3.89, verwerp H0 niet <br /> Kritieke waarde = 3.89, verwerp H0 niet: Incorrect </li> <li> Kritieke waarde = 19.41, verwerp H0 niet <br /> Kritieke waarde = 19.41, verwerp H0 niet: Incorrect </li> </ul> </div> </div> </modalFeedback> <modalFeedback identifier="ANSWER_CORRECT" outcomeIdentifier="FEEDBACK" showHide="show"> <div class="textblock tvblock tvcss_1"><div class="rte_zone tveditor1"> <ul> <li> Kritieke waarde = 3.74, verwerp H0 <br /> Kritieke waarde = 3.74, verwerp H0: Incorrect </li> <li> Kritieke waarde = 3.89, verwerp H0 <br /> Kritieke waarde = 3.89, verwerp H0: Correct </li> <li> Kritieke waarde = 3.89, verwerp H0 niet <br /> Kritieke waarde = 3.89, verwerp H0 niet: Incorrect </li> <li> Kritieke waarde = 19.41, verwerp H0 niet <br /> Kritieke waarde = 19.41, verwerp H0 niet: Incorrect </li> </ul> </div> </div> </modalFeedback> <modalFeedback identifier="PARTIAL_CORRECT" outcomeIdentifier="FEEDBACK" showHide="show"> <div class="textblock tvblock tvcss_1"><div class="rte_zone tveditor1"> <ul> <li> Kritieke waarde = 3.74, verwerp H0 <br /> Kritieke waarde = 3.74, verwerp H0: Incorrect </li> <li> Kritieke waarde = 3.89, verwerp H0 <br /> Kritieke waarde = 3.89, verwerp H0: Correct </li> <li> Kritieke waarde = 3.89, verwerp H0 niet <br /> Kritieke waarde = 3.89, verwerp H0 niet: Incorrect </li> <li> Kritieke waarde = 19.41, verwerp H0 niet <br /> Kritieke waarde = 19.41, verwerp H0 niet: Incorrect </li> </ul> </div> </div> </modalFeedback> </assessmentItem>
