<?xml version="1.0" encoding="utf-8" standalone="yes"?>
<assessmentItem identifier="vufsw-onewayanova-0270-nl-tv_202209061511_item_1_schoice" title="vufsw-onewayanova-0270-nl-tv_202209061511_item_1_schoice_vufsw-onewayanova-0270-nl" adaptive="false" timeDependent="false" toolName="Testvision Online" toolVersion="39.0.9084" xmlns="http://www.imsglobal.org/xsd/imsqti_v2p1">
<responseDeclaration identifier="RESPONSE" cardinality="single" baseType="identifier">
<correctResponse>
<value>alt_914784</value>
</correctResponse>
<mapping defaultValue="0" lowerBound="0.0">
<mapEntry mapKey="alt_914784" mappedValue="1"/>
<mapEntry mapKey="alt_196458" mappedValue="-0.333333333333333"/>
<mapEntry mapKey="alt_263016" mappedValue="-0.333333333333333"/>
<mapEntry mapKey="alt_580758" mappedValue="-0.333333333333333"/>
</mapping>
</responseDeclaration>
<outcomeDeclaration identifier="SCORE" cardinality="single" baseType="float" normalMaximum="1" normalMinimum="0" />
<outcomeDeclaration identifier="FEEDBACK" cardinality="single" baseType="identifier" />
<itemBody>
<p>Welk analyse model wordt toegepast bij een between-groups design met één
categorische onafhankelijke variabele en één afhankelijke variabele?<br />
De afhankelijke variabele is hierbij een continue variabele.</p>
<choiceInteraction responseIdentifier="RESPONSE" shuffle="false" maxChoices="1">
<simpleChoice identifier="alt_914784">
<div class="textblock tvblock tvcss_1"><div class="rte_zone tveditor1">
a. One-way ANOVA
</div>
</div>
</simpleChoice>
<simpleChoice identifier="alt_196458">
<div class="textblock tvblock tvcss_1"><div class="rte_zone tveditor1">
b. Two-way ANOVA
</div>
</div>
</simpleChoice>
<simpleChoice identifier="alt_263016">
<div class="textblock tvblock tvcss_1"><div class="rte_zone tveditor1">
c. MANOVA
</div>
</div>
</simpleChoice>
<simpleChoice identifier="alt_580758">
<div class="textblock tvblock tvcss_1"><div class="rte_zone tveditor1">
d. ANCOVA
</div>
</div>
</simpleChoice>
</choiceInteraction>
</itemBody>
<responseProcessing>
<responseCondition>
<responseIf>
<isNull>
<variable identifier="RESPONSE"/>
</isNull>
<setOutcomeValue identifier="SCORE">
<baseValue baseType="float">0.0</baseValue>
</setOutcomeValue>
<setOutcomeValue identifier="FEEDBACK">
<baseValue baseType="identifier">FAILURE</baseValue>
</setOutcomeValue>
</responseIf>
<responseElse>
<setOutcomeValue identifier="SCORE">
<mapResponse identifier="RESPONSE"/>
</setOutcomeValue>
<responseCondition>
<responseIf>
<equal toleranceMode="relative" tolerance="0.001">
<variable identifier="SCORE"/>
<variable identifier="MAXSCORE"/>
</equal>
<setOutcomeValue identifier="FEEDBACK">
<baseValue baseType="identifier">ANSWER_CORRECT</baseValue>
</setOutcomeValue>
</responseIf>
<responseElse>
<setOutcomeValue identifier="FEEDBACK">
<baseValue baseType="identifier">FAILURE</baseValue>
</setOutcomeValue>
</responseElse>
</responseCondition>
</responseElse>
</responseCondition>
</responseProcessing>
<modalFeedback identifier="FAILURE" outcomeIdentifier="FEEDBACK" showHide="show">
<div class="textblock tvblock tvcss_1"><div class="rte_zone tveditor1">
<p>Een one-way ANOVA is een design met één categorische onafhankelijke
variabele en één afhankelijke variabele.<br />
Een two-way ANOVA is een design met twee categorische onafhankelijke
variabelen en één afhankelijke variabele.<br />
Een ANCOVA is een design met één categorische onafhankelijke variabele
één continue afhankelijke variabele (covariaat) en één afhankelijke
variabele.  <br />
Een MANOVA is een design met één categorische onafhankelijke variabele
en meerdere afhankelijke variabelen.</p>
<br />
<ol>
<li> One-way ANOVA <br /> True </li>
<li> Two-way ANOVA <br /> False </li>
<li> MANOVA <br /> False </li>
<li> ANCOVA <br /> False </li>
</ol>
</div>
</div>
</modalFeedback>
<modalFeedback identifier="ANSWER_CORRECT" outcomeIdentifier="FEEDBACK" showHide="show">
<div class="textblock tvblock tvcss_1"><div class="rte_zone tveditor1">
<p>Een one-way ANOVA is een design met één categorische onafhankelijke
variabele en één afhankelijke variabele.<br />
Een two-way ANOVA is een design met twee categorische onafhankelijke
variabelen en één afhankelijke variabele.<br />
Een ANCOVA is een design met één categorische onafhankelijke variabele
één continue afhankelijke variabele (covariaat) en één afhankelijke
variabele.  <br />
Een MANOVA is een design met één categorische onafhankelijke variabele
en meerdere afhankelijke variabelen.</p>
<br />
<ol>
<li> One-way ANOVA <br /> True </li>
<li> Two-way ANOVA <br /> False </li>
<li> MANOVA <br /> False </li>
<li> ANCOVA <br /> False </li>
</ol>
</div>
</div>
</modalFeedback>
<modalFeedback identifier="PARTIAL_CORRECT" outcomeIdentifier="FEEDBACK" showHide="show">
<div class="textblock tvblock tvcss_1"><div class="rte_zone tveditor1">
<p>Een one-way ANOVA is een design met één categorische onafhankelijke
variabele en één afhankelijke variabele.<br />
Een two-way ANOVA is een design met twee categorische onafhankelijke
variabelen en één afhankelijke variabele.<br />
Een ANCOVA is een design met één categorische onafhankelijke variabele
één continue afhankelijke variabele (covariaat) en één afhankelijke
variabele.  <br />
Een MANOVA is een design met één categorische onafhankelijke variabele
en meerdere afhankelijke variabelen.</p>
<br />
<ol>
<li> One-way ANOVA <br /> True </li>
<li> Two-way ANOVA <br /> False </li>
<li> MANOVA <br /> False </li>
<li> ANCOVA <br /> False </li>
</ol>
</div>
</div>
</modalFeedback>
</assessmentItem>
