<?xml version="1.0" encoding="UTF-8"?>
<assessmentItem xsi:schemaLocation="http://www.imsglobal.org/xsd/imsqti_v2p1 http://www.imsglobal.org/xsd/qti/qtiv2p1/imsqti_v2p1p1.xsd http://www.w3.org/1998/Math/MathML http://www.w3.org/Math/XMLSchema/mathml2/mathml2.xsd" identifier="uva-paired-samples-595-nl-qti_746029750_section_1_item_1_schoice" title="1" adaptive="false" timeDependent="false" xmlns="http://www.imsglobal.org/xsd/imsqti_v2p1" xmlns:xsi="http://www.w3.org/2001/XMLSchema-instance">
<responseDeclaration identifier="uva-paired-samples-595-nl-qti_746029750_section_1_item_1_schoice_RESPONSE_1_5550745" cardinality="single" baseType="identifier">
<correctResponse>
<value>uva-paired-samples-595-nl-qti_746029750_section_1_item_1_schoice_3_6886459425</value>
</correctResponse>
<mapping defaultValue="0" lowerBound="0.0">
<mapEntry mapKey="uva-paired-samples-595-nl-qti_746029750_section_1_item_1_schoice_1_6076913952" mappedValue="0"/>
<mapEntry mapKey="uva-paired-samples-595-nl-qti_746029750_section_1_item_1_schoice_2_1854125844" mappedValue="0"/>
<mapEntry mapKey="uva-paired-samples-595-nl-qti_746029750_section_1_item_1_schoice_3_6886459425" mappedValue="1"/>
<mapEntry mapKey="uva-paired-samples-595-nl-qti_746029750_section_1_item_1_schoice_4_5611400877" mappedValue="0"/>
</mapping>
</responseDeclaration>
<outcomeDeclaration identifier="SCORE" cardinality="single" baseType="float" normalMaximum="1" normalMinimum="0">
<defaultValue>
<value>0.0</value>
</defaultValue>
</outcomeDeclaration>
<outcomeDeclaration identifier="MAXSCORE" cardinality="single" baseType="float">
<defaultValue>
<value>1</value>
</defaultValue>
</outcomeDeclaration>
<outcomeDeclaration identifier="FEEDBACKBASIC" cardinality="single" baseType="identifier" view="testConstructor">
<defaultValue>
<value>empty</value>
</defaultValue>
</outcomeDeclaration>
<outcomeDeclaration identifier="FEEDBACKMODAL" cardinality="multiple" baseType="identifier" view="testConstructor"/>
<outcomeDeclaration identifier="SOLUTIONMODAL" cardinality="single" baseType="identifier" view="testConstructor"/>
<outcomeDeclaration identifier="MINSCORE" cardinality="single" baseType="float">
<defaultValue>
<value baseType="float">0</value>
</defaultValue>
</outcomeDeclaration>
<outcomeDeclaration identifier="SCORE_RESPONSE_1" cardinality="single" baseType="float">
<defaultValue>
<value>0.0</value>
</defaultValue>
</outcomeDeclaration>
<outcomeDeclaration identifier="MINSCORE_RESPONSE_1" cardinality="single" baseType="float">
<defaultValue>
<value>0.0</value>
</defaultValue>
</outcomeDeclaration>
<itemBody>
<p>Van een aselect getrokken steekproef van 7 personen is de lengte van de
linker- en de rechterarm gemeten (in cm.):</p>
<table>
<tbody>
<tr class="odd">
<td align="left">linkerarm</td>
<td align="left">68</td>
<td align="left">67</td>
<td align="left">70</td>
<td align="left">79</td>
<td align="left">65</td>
<td align="left">70</td>
<td align="left">75</td>
</tr>
<tr class="even">
<td align="left">rechterarm</td>
<td align="left">69</td>
<td align="left">76</td>
<td align="left">69</td>
<td align="left">80</td>
<td align="left">66</td>
<td align="left">73</td>
<td align="left">76</td>
</tr>
</tbody>
</table>
<p>We willen toetsen<br />
H<sub>0</sub>: μ(links) - μ(rechts) = 0<br />
tegen<br />
H<sub>1</sub>: μ(links) - μ(rechts) &lt; 0<br />
Geef de kritieke waarde van de éénzijdige toets met risico 0.05.</p>
<choiceInteraction responseIdentifier="uva-paired-samples-595-nl-qti_746029750_section_1_item_1_schoice_RESPONSE_1_5550745" shuffle="false" maxChoices="1">
<simpleChoice identifier="uva-paired-samples-595-nl-qti_746029750_section_1_item_1_schoice_1_6076913952">
<p>
 2.44
</p>
</simpleChoice>
<simpleChoice identifier="uva-paired-samples-595-nl-qti_746029750_section_1_item_1_schoice_2_1854125844">
<p>
 1.78
</p>
</simpleChoice>
<simpleChoice identifier="uva-paired-samples-595-nl-qti_746029750_section_1_item_1_schoice_3_6886459425">
<p>
 -1.75
</p>
</simpleChoice>
<simpleChoice identifier="uva-paired-samples-595-nl-qti_746029750_section_1_item_1_schoice_4_5611400877">
<p>
 -2.18
</p>
</simpleChoice>
</choiceInteraction>
</itemBody>
<responseProcessing>
<setOutcomeValue identifier="SCORE_RESPONSE_1">
<sum>
<variable identifier="SCORE_RESPONSE_1"/>
<mapResponse identifier="uva-paired-samples-595-nl-qti_746029750_section_1_item_1_schoice_RESPONSE_1_5550745"/>
</sum>
</setOutcomeValue>
<responseCondition>
<responseIf>
<lt>
<variable identifier="SCORE_RESPONSE_1"/>
<variable identifier="MINSCORE_RESPONSE_1"/>
</lt>
<setOutcomeValue identifier="SCORE_RESPONSE_1">
<variable identifier="MINSCORE_RESPONSE_1"/>
</setOutcomeValue>
</responseIf>
</responseCondition>
<responseCondition>
<responseIf>
<isNull>
<variable identifier="uva-paired-samples-595-nl-qti_746029750_section_1_item_1_schoice_RESPONSE_1_5550745"/>
</isNull>
<setOutcomeValue identifier="SCORE_RESPONSE_1">
<sum>
<variable identifier="SCORE_RESPONSE_1"/>
<baseValue baseType="float">0</baseValue>
</sum>
</setOutcomeValue>
</responseIf>
</responseCondition>
<setOutcomeValue identifier="SCORE">
<sum>
<variable identifier="SCORE_RESPONSE_1"/>
</sum>
</setOutcomeValue>
<responseCondition>
<responseIf>
<lt>
<variable identifier="SCORE"/>
<variable identifier="MINSCORE"/>
</lt>
<setOutcomeValue identifier="SCORE">
<variable identifier="MINSCORE"/>
</setOutcomeValue>
</responseIf>
</responseCondition>
<responseCondition>
<responseIf>
<lt>
<variable identifier="SCORE"/>
<baseValue baseType="float">1</baseValue>
</lt>
<setOutcomeValue identifier="FEEDBACKMODAL">
<multiple>
<variable identifier="FEEDBACKMODAL"/>
<baseValue baseType="identifier">Feedback880656981</baseValue>
</multiple>
</setOutcomeValue>
</responseIf>
</responseCondition>
</responseProcessing>
<modalFeedback identifier="Feedback880656981" outcomeIdentifier="FEEDBACKMODAL" showHide="show">
<ul>
<li> 2.44 <br /> 2.44: Incorrect </li>
<li> 1.78 <br /> 1.78: Incorrect </li>
<li> -1.75 <br /> -1.75: Correct </li>
<li> -2.18 <br /> -2.18: Incorrect </li>
</ul>
</modalFeedback>
</assessmentItem>
