<?xml version="1.0" encoding="UTF-8"?>
<assessmentItem xsi:schemaLocation="http://www.imsglobal.org/xsd/imsqti_v2p1 http://www.imsglobal.org/xsd/qti/qtiv2p1/imsqti_v2p1p1.xsd http://www.w3.org/1998/Math/MathML http://www.w3.org/Math/XMLSchema/mathml2/mathml2.xsd" identifier="uu-Cronbach's-alpha-016-nl-ans_832093052_section_1_item_1_schoice" title="Reliability_uu-Cronbach's-alpha-016-nl_uu-Cronbach's-alpha-016-nl_schoice_1" adaptive="false" timeDependent="false" xmlns="http://www.imsglobal.org/xsd/imsqti_v2p1" xmlns:xsi="http://www.w3.org/2001/XMLSchema-instance">
<responseDeclaration identifier="uu-Cronbach's-alpha-016-nl-ans_832093052_section_1_item_1_schoice_RESPONSE_1_6873451" cardinality="single" baseType="identifier">
<correctResponse>
<value>uu-Cronbach's-alpha-016-nl-ans_832093052_section_1_item_1_schoice_4_1609371229</value>
</correctResponse>
<mapping defaultValue="0" lowerBound="0.0">
<mapEntry mapKey="uu-Cronbach&apos;s-alpha-016-nl-ans_832093052_section_1_item_1_schoice_1_5133337383" mappedValue="0"/>
<mapEntry mapKey="uu-Cronbach&apos;s-alpha-016-nl-ans_832093052_section_1_item_1_schoice_2_6217408225" mappedValue="0"/>
<mapEntry mapKey="uu-Cronbach&apos;s-alpha-016-nl-ans_832093052_section_1_item_1_schoice_3_1535679780" mappedValue="0"/>
<mapEntry mapKey="uu-Cronbach&apos;s-alpha-016-nl-ans_832093052_section_1_item_1_schoice_4_1609371229" mappedValue="1"/>
</mapping>
</responseDeclaration>
<outcomeDeclaration identifier="SCORE" cardinality="single" baseType="float" normalMaximum="1" normalMinimum="0">
<defaultValue>
<value>0.0</value>
</defaultValue>
</outcomeDeclaration>
<outcomeDeclaration identifier="MAXSCORE" cardinality="single" baseType="float">
<defaultValue>
<value>1</value>
</defaultValue>
</outcomeDeclaration>
<outcomeDeclaration identifier="FEEDBACKBASIC" cardinality="single" baseType="identifier" view="testConstructor">
<defaultValue>
<value>empty</value>
</defaultValue>
</outcomeDeclaration>
<outcomeDeclaration identifier="FEEDBACKMODAL" cardinality="multiple" baseType="identifier" view="testConstructor"/>
<outcomeDeclaration identifier="SOLUTIONMODAL" cardinality="single" baseType="identifier" view="testConstructor"/>
<outcomeDeclaration identifier="MINSCORE" cardinality="single" baseType="float">
<defaultValue>
<value baseType="float">0</value>
</defaultValue>
</outcomeDeclaration>
<outcomeDeclaration identifier="SCORE_RESPONSE_1" cardinality="single" baseType="float">
<defaultValue>
<value>0.0</value>
</defaultValue>
</outcomeDeclaration>
<outcomeDeclaration identifier="MINSCORE_RESPONSE_1" cardinality="single" baseType="float">
<defaultValue>
<value>0.0</value>
</defaultValue>
</outcomeDeclaration>
<itemBody>
<p>In het Loopbaanproject Schilders zijn voor een (pilot-)onderzoek naar de mobiliteitswensen van schilders 20 items afgenomen bij een aselecte steekproef uit de doelpopulatie (<span class="math inline">\(n = 86\)</span>). In de onderstaande tabel staan de item-restcorrelaties (<span class="math inline">\(r_{ir}\)</span>) van de 20 items.</p>
<p><img src="uu-Cronbach&#39;s-alpha-016-nl-tabel.jpg" />
Beoordeel de volgende twee uitspraken:</p>
<ol style="list-style-type: upper-roman">
<li>Door het ompolen van ITEM13, zal de Cronbachs alfa vrijwel zeker lager uitvallen.</li>
<li>Door het verwijderen van ITEM15, zal Cronbachs alfa vrijwel zeker lager uitvallen.</li>
</ol>
<choiceInteraction responseIdentifier="uu-Cronbach's-alpha-016-nl-ans_832093052_section_1_item_1_schoice_RESPONSE_1_6873451" shuffle="false" maxChoices="1">
<simpleChoice identifier="uu-Cronbach's-alpha-016-nl-ans_832093052_section_1_item_1_schoice_1_5133337383">
<p>
 Uitspraak I en II zijn beide juist.
</p>
</simpleChoice>
<simpleChoice identifier="uu-Cronbach's-alpha-016-nl-ans_832093052_section_1_item_1_schoice_2_6217408225">
<p>
 Alleen uitspraak I is juist.
</p>
</simpleChoice>
<simpleChoice identifier="uu-Cronbach's-alpha-016-nl-ans_832093052_section_1_item_1_schoice_3_1535679780">
<p>
 Alleen uitspraak II is juist.
</p>
</simpleChoice>
<simpleChoice identifier="uu-Cronbach's-alpha-016-nl-ans_832093052_section_1_item_1_schoice_4_1609371229">
<p>
 Uitspraak I en II zijn beide onjuist.
</p>
</simpleChoice>
</choiceInteraction>
</itemBody>
<responseProcessing>
<setOutcomeValue identifier="SCORE_RESPONSE_1">
<sum>
<variable identifier="SCORE_RESPONSE_1"/>
<mapResponse identifier="uu-Cronbach's-alpha-016-nl-ans_832093052_section_1_item_1_schoice_RESPONSE_1_6873451"/>
</sum>
</setOutcomeValue>
<responseCondition>
<responseIf>
<lt>
<variable identifier="SCORE_RESPONSE_1"/>
<variable identifier="MINSCORE_RESPONSE_1"/>
</lt>
<setOutcomeValue identifier="SCORE_RESPONSE_1">
<variable identifier="MINSCORE_RESPONSE_1"/>
</setOutcomeValue>
</responseIf>
</responseCondition>
<responseCondition>
<responseIf>
<isNull>
<variable identifier="uu-Cronbach's-alpha-016-nl-ans_832093052_section_1_item_1_schoice_RESPONSE_1_6873451"/>
</isNull>
<setOutcomeValue identifier="SCORE_RESPONSE_1">
<sum>
<variable identifier="SCORE_RESPONSE_1"/>
<baseValue baseType="float">0</baseValue>
</sum>
</setOutcomeValue>
</responseIf>
</responseCondition>
<setOutcomeValue identifier="SCORE">
<sum>
<variable identifier="SCORE_RESPONSE_1"/>
</sum>
</setOutcomeValue>
<responseCondition>
<responseIf>
<lt>
<variable identifier="SCORE"/>
<variable identifier="MINSCORE"/>
</lt>
<setOutcomeValue identifier="SCORE">
<variable identifier="MINSCORE"/>
</setOutcomeValue>
</responseIf>
</responseCondition>
<responseCondition>
<responseIf>
<lt>
<variable identifier="SCORE"/>
<baseValue baseType="float">1</baseValue>
</lt>
<setOutcomeValue identifier="FEEDBACKMODAL">
<multiple>
<variable identifier="FEEDBACKMODAL"/>
<baseValue baseType="identifier">Feedback573624720</baseValue>
</multiple>
</setOutcomeValue>
</responseIf>
</responseCondition>
</responseProcessing>
<modalFeedback outcomeIdentifier="FEEDBACK" showHide="show" identifier="incorrect">
<p>Stelling I: Item13 vertoont een vrij hoge negatieve item-restcorrelatie. Wanneer dit item opgepoold zou worden, zou dit tot gevolg hebben dat de item-restcorrelatie positief wordt. Dit komt de betrouwbaarheid (Cronbach’s alfa) van de schaal ten goede, immers moeten de items gelijk gepoold zijn om de Cronbach’s alfa te meten. De Cronbach’s alfa zal dus stijgen.</p>
<p>Stelling II: Item15 toont een zeer lage item-restcorrelatie, de laagste van alle items. Door dit item te verwijderen zal een item verwijderd worden dat zeer weinig samenhangt met de overige items. De interne consistentie van de schaal zal toenemen wanneer Item15 verwijderd wordt, dus Cronbach’s alfa zal waarschijnlijk juist toenemen.</p>
</modalFeedback>
</assessmentItem>
