<?xml version="1.0" encoding="utf-8" standalone="yes"?>
<assessmentItem identifier="vufsw-homogeneityofvariance-0263-en-tv_202209061502_item_1_schoice" title="vufsw-homogeneityofvariance-0263-en-tv_202209061502_item_1_schoice_vufsw-homogeneityofvariance-0263-en" adaptive="false" timeDependent="false" toolName="Testvision Online" toolVersion="39.0.9084" xmlns="http://www.imsglobal.org/xsd/imsqti_v2p1">
<responseDeclaration identifier="RESPONSE" cardinality="single" baseType="identifier">
<correctResponse>
<value>alt_110418</value>
</correctResponse>
<mapping defaultValue="0" lowerBound="0.0">
<mapEntry mapKey="alt_709229" mappedValue="-0.333333333333333"/>
<mapEntry mapKey="alt_531224" mappedValue="-0.333333333333333"/>
<mapEntry mapKey="alt_110418" mappedValue="1"/>
<mapEntry mapKey="alt_574674" mappedValue="-0.333333333333333"/>
</mapping>
</responseDeclaration>
<outcomeDeclaration identifier="SCORE" cardinality="single" baseType="float" normalMaximum="1" normalMinimum="0" />
<outcomeDeclaration identifier="FEEDBACK" cardinality="single" baseType="identifier" />
<itemBody>
<p>What assumption should be taken into account when using a One-way ANOVA?</p>
<choiceInteraction responseIdentifier="RESPONSE" shuffle="false" maxChoices="1">
<simpleChoice identifier="alt_709229">
<div class="textblock tvblock tvcss_1"><div class="rte_zone tveditor1">
a. Homogeneity of variances en sphericity
</div>
</div>
</simpleChoice>
<simpleChoice identifier="alt_531224">
<div class="textblock tvblock tvcss_1"><div class="rte_zone tveditor1">
b. Homogeneity of covariance matrices
</div>
</div>
</simpleChoice>
<simpleChoice identifier="alt_110418">
<div class="textblock tvblock tvcss_1"><div class="rte_zone tveditor1">
c. Homogeneity of variances
</div>
</div>
</simpleChoice>
<simpleChoice identifier="alt_574674">
<div class="textblock tvblock tvcss_1"><div class="rte_zone tveditor1">
d. Sphericity
</div>
</div>
</simpleChoice>
</choiceInteraction>
</itemBody>
<responseProcessing>
<responseCondition>
<responseIf>
<isNull>
<variable identifier="RESPONSE"/>
</isNull>
<setOutcomeValue identifier="SCORE">
<baseValue baseType="float">0.0</baseValue>
</setOutcomeValue>
<setOutcomeValue identifier="FEEDBACK">
<baseValue baseType="identifier">FAILURE</baseValue>
</setOutcomeValue>
</responseIf>
<responseElse>
<setOutcomeValue identifier="SCORE">
<mapResponse identifier="RESPONSE"/>
</setOutcomeValue>
<responseCondition>
<responseIf>
<equal toleranceMode="relative" tolerance="0.001">
<variable identifier="SCORE"/>
<variable identifier="MAXSCORE"/>
</equal>
<setOutcomeValue identifier="FEEDBACK">
<baseValue baseType="identifier">ANSWER_CORRECT</baseValue>
</setOutcomeValue>
</responseIf>
<responseElse>
<setOutcomeValue identifier="FEEDBACK">
<baseValue baseType="identifier">FAILURE</baseValue>
</setOutcomeValue>
</responseElse>
</responseCondition>
</responseElse>
</responseCondition>
</responseProcessing>
<modalFeedback identifier="FAILURE" outcomeIdentifier="FEEDBACK" showHide="show">
<div class="textblock tvblock tvcss_1"><div class="rte_zone tveditor1">
<p>In one-way ANOVA, the variances of the residuals must be the same for
all groups of the independent variable. This is the homogeneity of
variances assumption.<br />
In Repeated Measures ANOVA, the variances of the difference scores of
the conditions must be equal. This is the assumption of Sphericity.<br />
A Mixed Design ANOVA is a combination of a between-groups design and a
Repeated Measures design. Thus, the assumption of homogeneity of
variances must apply to the between groups part and the assumption of
Sphericity to the Repeated Measures part.<br />
In MANOVA, the variances of the residuals of each dependent variable and
the covariances of all pairs of dependent variables must be the same for
all groups of the independent variable. This is the assuaging of
Homogeneity of Covariance Matrices.</p>
<br />
<ol>
<li> Homogeneity of variances en sphericity <br /> False </li>
<li> Homogeneity of covariance matrices <br /> False </li>
<li> Homogeneity of variances <br /> True </li>
<li> Sphericity <br /> False </li>
</ol>
</div>
</div>
</modalFeedback>
<modalFeedback identifier="ANSWER_CORRECT" outcomeIdentifier="FEEDBACK" showHide="show">
<div class="textblock tvblock tvcss_1"><div class="rte_zone tveditor1">
<p>In one-way ANOVA, the variances of the residuals must be the same for
all groups of the independent variable. This is the homogeneity of
variances assumption.<br />
In Repeated Measures ANOVA, the variances of the difference scores of
the conditions must be equal. This is the assumption of Sphericity.<br />
A Mixed Design ANOVA is a combination of a between-groups design and a
Repeated Measures design. Thus, the assumption of homogeneity of
variances must apply to the between groups part and the assumption of
Sphericity to the Repeated Measures part.<br />
In MANOVA, the variances of the residuals of each dependent variable and
the covariances of all pairs of dependent variables must be the same for
all groups of the independent variable. This is the assuaging of
Homogeneity of Covariance Matrices.</p>
<br />
<ol>
<li> Homogeneity of variances en sphericity <br /> False </li>
<li> Homogeneity of covariance matrices <br /> False </li>
<li> Homogeneity of variances <br /> True </li>
<li> Sphericity <br /> False </li>
</ol>
</div>
</div>
</modalFeedback>
<modalFeedback identifier="PARTIAL_CORRECT" outcomeIdentifier="FEEDBACK" showHide="show">
<div class="textblock tvblock tvcss_1"><div class="rte_zone tveditor1">
<p>In one-way ANOVA, the variances of the residuals must be the same for
all groups of the independent variable. This is the homogeneity of
variances assumption.<br />
In Repeated Measures ANOVA, the variances of the difference scores of
the conditions must be equal. This is the assumption of Sphericity.<br />
A Mixed Design ANOVA is a combination of a between-groups design and a
Repeated Measures design. Thus, the assumption of homogeneity of
variances must apply to the between groups part and the assumption of
Sphericity to the Repeated Measures part.<br />
In MANOVA, the variances of the residuals of each dependent variable and
the covariances of all pairs of dependent variables must be the same for
all groups of the independent variable. This is the assuaging of
Homogeneity of Covariance Matrices.</p>
<br />
<ol>
<li> Homogeneity of variances en sphericity <br /> False </li>
<li> Homogeneity of covariance matrices <br /> False </li>
<li> Homogeneity of variances <br /> True </li>
<li> Sphericity <br /> False </li>
</ol>
</div>
</div>
</modalFeedback>
</assessmentItem>
