<?xml version="1.0" encoding="utf-8" standalone="yes"?>
<assessmentItem identifier="vufsw-mediation-1367-nl-tv_202601131823_item_1_string" title="vufsw-mediation-1367-nl-tv_202601131823_item_1_string_vufsw-mediation-1367-nl" adaptive="false" timeDependent="false" toolName="Testvision Online" toolVersion="39.0.9084" xmlns="http://www.imsglobal.org/xsd/imsqti_v2p1">
<responseDeclaration identifier="RESPONSE" cardinality="single" baseType="string">
<correctResponse>
<value>-0.008</value>
</correctResponse>
<mapping defaultValue="0">
<mapEntry mapKey="-0.008" mappedValue="1" />
</mapping>
</responseDeclaration>
<outcomeDeclaration identifier="SCORE" cardinality="single" baseType="float" normalMaximum="1" normalMinimum="0" />
<outcomeDeclaration identifier="FEEDBACK" cardinality="single" baseType="identifier" />
<stylesheet href="css/vufsw-mediation-1367-nl-tv_202601131823_item_1_string.css" type="text/css" />
<itemBody>
<p>Onderstaande analyses zijn uitgevoerd op data van een steekproef van
jong volwassenen tussen 20 en 40 jaar die zijn ondervraagd via een
vragenlijst waarin naar hun culturele voorkeuren is gevraagd. De
onderzoeksvragen zijn (1) in hoeverre de hoeveelheid televisiekijken
(variabele: TVKIJKEN (schaal 0-1): een hogere score betekent dat meer tv
gekeken wordt) veroorzaakt wordt door de sociale positie van het
ouderlijk milieu (gemeten is de opleiding van de ouders (variabele:
FAMEDUC (schaal 0-7), variërend van primair onderwijs (0) tot
universiteit (7) een hogere score betekent een hogere opleiding) en (2)
of deze relatie verklaard kan worden door de mate waarin vroeger (toen
de respondent 12 jaar was) door de ouders televisie gekeken werd
(variabele: FAMTV (schaal 0-1), een hogere score betekent dat meer tv
gekeken werd).<br />
Hieronder staan de resultaten van twee regressieanalyses.</p>
<p>Regressie 1:<br />
<img src="mediafiles/supplements1/1602951598702.png" alt="image"/></p>
<p>Regressie 2:<br />
<img src="mediafiles/supplements1/1602951629778.png" alt="image"/></p>
<p>Wat is het indirecte effect (mediation effect) van ‘fameduc’ via ‘famtv’
op ‘tvwatching’? <em>Geef alleen een getal in drie decimalen, verder
niets.</em></p>
<extendedTextInteraction responseIdentifier="RESPONSE" expectedLength="12"/>
</itemBody>
<responseProcessing>
<responseCondition>
<responseIf>
<isNull>
<variable identifier="RESPONSE"/>
</isNull>
<setOutcomeValue identifier="SCORE">
<baseValue baseType="float">0.0</baseValue>
</setOutcomeValue>
<setOutcomeValue identifier="FEEDBACK">
<baseValue baseType="identifier">FAILURE</baseValue>
</setOutcomeValue>
</responseIf>
<responseElse>
<setOutcomeValue identifier="SCORE">
<mapResponse identifier="RESPONSE"/>
</setOutcomeValue>
<responseCondition>
<responseIf>
<equal toleranceMode="relative" tolerance="0.001">
<variable identifier="SCORE"/>
<variable identifier="MAXSCORE"/>
</equal>
<setOutcomeValue identifier="FEEDBACK">
<baseValue baseType="identifier">ANSWER_CORRECT</baseValue>
</setOutcomeValue>
</responseIf>
<responseElse>
<setOutcomeValue identifier="FEEDBACK">
<baseValue baseType="identifier">FAILURE</baseValue>
</setOutcomeValue>
</responseElse>
</responseCondition>
</responseElse>
</responseCondition>
</responseProcessing>
<modalFeedback identifier="FAILURE" outcomeIdentifier="FEEDBACK" showHide="show">
<div class="textblock tvblock tvcss_1"><div class="rte_zone tveditor1">
<p>-0.008</p>
</div>
</div>
</modalFeedback>
<modalFeedback identifier="ANSWER_CORRECT" outcomeIdentifier="FEEDBACK" showHide="show">
<div class="textblock tvblock tvcss_1"><div class="rte_zone tveditor1">
<p>-0.008</p>
</div>
</div>
</modalFeedback>
<modalFeedback identifier="PARTIAL_CORRECT" outcomeIdentifier="FEEDBACK" showHide="show">
<div class="textblock tvblock tvcss_1"><div class="rte_zone tveditor1">
<p>-0.008</p>
</div>
</div>
</modalFeedback>
</assessmentItem>
