<?xml version="1.0" encoding="utf-8" standalone="yes"?>
<assessmentItem identifier="vufgb-zscore-015-nl-tv_202307180607_item_1_schoice" title="vufgb-zscore-015-nl-tv_202307180607_item_1_schoice_vufgb-zscore-015-nl" adaptive="false" timeDependent="false" toolName="Testvision Online" toolVersion="39.0.9084" xmlns="http://www.imsglobal.org/xsd/imsqti_v2p1">
<responseDeclaration identifier="RESPONSE" cardinality="single" baseType="identifier">
<correctResponse>
<value>alt_357558</value>
</correctResponse>
<mapping defaultValue="0" lowerBound="0.0">
<mapEntry mapKey="alt_169170" mappedValue="-0.333333333333333"/>
<mapEntry mapKey="alt_771907" mappedValue="-0.333333333333333"/>
<mapEntry mapKey="alt_262900" mappedValue="-0.333333333333333"/>
<mapEntry mapKey="alt_357558" mappedValue="1"/>
</mapping>
</responseDeclaration>
<outcomeDeclaration identifier="SCORE" cardinality="single" baseType="float" normalMaximum="1" normalMinimum="0" />
<outcomeDeclaration identifier="FEEDBACK" cardinality="single" baseType="identifier" />
<itemBody>
<p>Gegeven is een klokvormige verdeling. Hoeveel procent van de waarnemingen heeft een score tussen de <math display="inline" xmlns="http://www.w3.org/1998/Math/MathML"><semantics><mrow><mover><mi>y</mi><mo accent="true">¯</mo></mover><mo>−</mo><mn>3</mn><mi>s</mi></mrow><annotation encoding="application/x-tex">\overline{y}-3s</annotation></semantics></math> en <math display="inline" xmlns="http://www.w3.org/1998/Math/MathML"><semantics><mrow><mover><mi>y</mi><mo accent="true">¯</mo></mover><mo>+</mo><mn>3</mn><mi>s</mi></mrow><annotation encoding="application/x-tex">\overline{y}+3s</annotation></semantics></math>? Gebruik de empirische regel.</p>
<choiceInteraction responseIdentifier="RESPONSE" shuffle="false" maxChoices="1">
<simpleChoice identifier="alt_169170">
<div class="textblock tvblock tvcss_1"><div class="rte_zone tveditor1">
 94%
</div>
</div>
</simpleChoice>
<simpleChoice identifier="alt_771907">
<div class="textblock tvblock tvcss_1"><div class="rte_zone tveditor1">
 95%
</div>
</div>
</simpleChoice>
<simpleChoice identifier="alt_262900">
<div class="textblock tvblock tvcss_1"><div class="rte_zone tveditor1">
 98%
</div>
</div>
</simpleChoice>
<simpleChoice identifier="alt_357558">
<div class="textblock tvblock tvcss_1"><div class="rte_zone tveditor1">
 99.7%
</div>
</div>
</simpleChoice>
</choiceInteraction>
</itemBody>
<responseProcessing>
<responseCondition>
<responseIf>
<isNull>
<variable identifier="RESPONSE"/>
</isNull>
<setOutcomeValue identifier="SCORE">
<baseValue baseType="float">0.0</baseValue>
</setOutcomeValue>
<setOutcomeValue identifier="FEEDBACK">
<baseValue baseType="identifier">FAILURE</baseValue>
</setOutcomeValue>
</responseIf>
<responseElse>
<setOutcomeValue identifier="SCORE">
<mapResponse identifier="RESPONSE"/>
</setOutcomeValue>
<responseCondition>
<responseIf>
<equal toleranceMode="relative" tolerance="0.001">
<variable identifier="SCORE"/>
<variable identifier="MAXSCORE"/>
</equal>
<setOutcomeValue identifier="FEEDBACK">
<baseValue baseType="identifier">ANSWER_CORRECT</baseValue>
</setOutcomeValue>
</responseIf>
<responseElse>
<setOutcomeValue identifier="FEEDBACK">
<baseValue baseType="identifier">FAILURE</baseValue>
</setOutcomeValue>
</responseElse>
</responseCondition>
</responseElse>
</responseCondition>
</responseProcessing>
<modalFeedback identifier="FAILURE" outcomeIdentifier="FEEDBACK" showHide="show">
<div class="textblock tvblock tvcss_1"><div class="rte_zone tveditor1">
 94% <br /> Incorrect 
 95% <br /> Incorrect 
 98% <br /> Incorrect 
 99.7% <br /> Correct 
</div>
</div>
</modalFeedback>
<modalFeedback identifier="ANSWER_CORRECT" outcomeIdentifier="FEEDBACK" showHide="show">
<div class="textblock tvblock tvcss_1"><div class="rte_zone tveditor1">
 94% <br /> Incorrect 
 95% <br /> Incorrect 
 98% <br /> Incorrect 
 99.7% <br /> Correct 
</div>
</div>
</modalFeedback>
<modalFeedback identifier="PARTIAL_CORRECT" outcomeIdentifier="FEEDBACK" showHide="show">
<div class="textblock tvblock tvcss_1"><div class="rte_zone tveditor1">
 94% <br /> Incorrect 
 95% <br /> Incorrect 
 98% <br /> Incorrect 
 99.7% <br /> Correct 
</div>
</div>
</modalFeedback>
</assessmentItem>
