<?xml version="1.0" encoding="UTF-8"?>
<assessmentItem xsi:schemaLocation="http://www.imsglobal.org/xsd/imsqti_v2p1 http://www.imsglobal.org/xsd/qti/qtiv2p1/imsqti_v2p1p1.xsd http://www.w3.org/1998/Math/MathML http://www.w3.org/Math/XMLSchema/mathml2/mathml2.xsd" identifier="eur-inferential_statistics-221-nl-ans_510807424_section_1_item_1_num" title="Inferential_Statistics_eur-inferential_statistics-221-nl_eur-inferential_statistics-221-nl_num_1" adaptive="false" timeDependent="false" xmlns="http://www.imsglobal.org/xsd/imsqti_v2p1" xmlns:xsi="http://www.w3.org/2001/XMLSchema-instance">
<responseDeclaration identifier="eur-inferential_statistics-221-nl-ans_510807424_section_1_item_1_num_RESPONSE_1_2838505" cardinality="single" baseType="string">
<correctResponse>
<value>0.109</value>
</correctResponse>
</responseDeclaration>
<outcomeDeclaration identifier="SCORE" cardinality="single" baseType="float" normalMaximum="1" normalMinimum="0">
<defaultValue>
<value>0.0</value>
</defaultValue>
</outcomeDeclaration>
<outcomeDeclaration identifier="MAXSCORE" cardinality="single" baseType="float">
<defaultValue>
<value>1</value>
</defaultValue>
</outcomeDeclaration>
<outcomeDeclaration identifier="FEEDBACKBASIC" cardinality="single" baseType="identifier" view="testConstructor">
<defaultValue>
<value>empty</value>
</defaultValue>
</outcomeDeclaration>
<outcomeDeclaration identifier="FEEDBACKMODAL" cardinality="multiple" baseType="identifier" view="testConstructor"/>
<outcomeDeclaration identifier="SOLUTIONMODAL" cardinality="single" baseType="identifier" view="testConstructor"/>
<outcomeDeclaration identifier="MINSCORE" cardinality="single" baseType="float">
<defaultValue>
<value baseType="float">0</value>
</defaultValue>
</outcomeDeclaration>
<outcomeDeclaration identifier="SCORE_RESPONSE_1" cardinality="single" baseType="float">
<defaultValue>
<value>0.0</value>
</defaultValue>
</outcomeDeclaration>
<outcomeDeclaration identifier="MINSCORE_RESPONSE_1" cardinality="single" baseType="float">
<defaultValue>
<value>0.0</value>
</defaultValue>
</outcomeDeclaration>
<itemBody>
<p>Mannen en vrouwen hebben in de auto vaak commentaar op elkaars rijgedrag. We kijken naar het geslacht van wie er achter het stuur zit [Chauffeur, waarbij man = 0, vrouw = 1], in welk merk auto iemand rijdt [Auto, waarbij Ford = 1, Audi = 2, Toyota = 3, en Volkswagen = 4], naar de gereden kilometers [Gereden_kilometers] en naar de kilometers als bijrijder [Bijrijder_kilometers]. Ook kijken we naar wie een botsing heeft gekregen en wie niet [Botsing, waarbij geen botsing = 0, wel botsing = 1].</p>
<p>Maak een nieuwe variabele waarbij Audi en Volkswagen de ene groep vormen en Ford en Toyota de andere groep. Bekijk of het gemiddelde aantal kilometers als Bijrijder voor “Audi+Volkswagen” significant afwijkt van het gemiddelde voor “Ford+Toyota”. Schrijf de gevonden p-waarde in het antwoordvakje (met 3 cijfers achter de komma).</p>
<p><strong>Download</strong>: <a href="media/supplements1/eur-inferential_statistics-221-nl-data.sav">SPSS file</a>, <a href="media/supplements1/eur-inferential_statistics-221-nl-data.csv">CSV file</a></p>
<p>
<textEntryInteraction responseIdentifier="eur-inferential_statistics-221-nl-ans_510807424_section_1_item_1_num_RESPONSE_1_2838505"/>
</p>
</itemBody>
<responseProcessing>
<responseCondition>
<responseIf>
<equal tolerance="0" toleranceMode="absolute">
<variable identifier="eur-inferential_statistics-221-nl-ans_510807424_section_1_item_1_num_RESPONSE_1_2838505"/>
<baseValue baseType="float">0.109</baseValue>
</equal>
<setOutcomeValue identifier="SCORE">
<baseValue baseType="float">1</baseValue>
</setOutcomeValue>
</responseIf>
</responseCondition>
<responseCondition>
<responseIf>
<and>
<not>
<isNull>
<variable identifier="eur-inferential_statistics-221-nl-ans_510807424_section_1_item_1_num_RESPONSE_1_2838505"/>
</isNull>
</not>
<lt>
<variable identifier="SCORE_RESPONSE_1"/>
<baseValue baseType="float">1</baseValue>
</lt>
</and>
<setOutcomeValue identifier="SCORE_RESPONSE_1">
<sum>
<variable identifier="SCORE_RESPONSE_1"/>
<baseValue baseType="float">0</baseValue>
</sum>
</setOutcomeValue>
</responseIf>
</responseCondition>
<responseCondition>
<responseIf>
<lt>
<variable identifier="SCORE_RESPONSE_1"/>
<variable identifier="MINSCORE_RESPONSE_1"/>
</lt>
<setOutcomeValue identifier="SCORE_RESPONSE_1">
<variable identifier="MINSCORE_RESPONSE_1"/>
</setOutcomeValue>
</responseIf>
</responseCondition>
<responseCondition>
<responseIf>
<isNull>
<variable identifier="eur-inferential_statistics-221-nl-ans_510807424_section_1_item_1_num_RESPONSE_1_2838505"/>
</isNull>
<setOutcomeValue identifier="SCORE_RESPONSE_1">
<sum>
<variable identifier="SCORE_RESPONSE_1"/>
<baseValue baseType="float">0</baseValue>
</sum>
</setOutcomeValue>
</responseIf>
</responseCondition>
<setOutcomeValue identifier="SCORE">
<sum>
<variable identifier="SCORE_RESPONSE_1"/>
</sum>
</setOutcomeValue>
<responseCondition>
<responseIf>
<lt>
<variable identifier="SCORE"/>
<variable identifier="MINSCORE"/>
</lt>
<setOutcomeValue identifier="SCORE">
<variable identifier="MINSCORE"/>
</setOutcomeValue>
</responseIf>
</responseCondition>
<responseCondition>
<responseIf>
<lt>
<variable identifier="SCORE"/>
<baseValue baseType="float">1</baseValue>
</lt>
<setOutcomeValue identifier="FEEDBACKMODAL">
<multiple>
<variable identifier="FEEDBACKMODAL"/>
<baseValue baseType="identifier">Feedback207974390</baseValue>
</multiple>
</setOutcomeValue>
</responseIf>
</responseCondition>
</responseProcessing>
<modalFeedback outcomeIdentifier="FEEDBACK" showHide="show" identifier="incorrect">
<p>Het correcte antwoord is 0.109</p>
</modalFeedback>
</assessmentItem>
