<?xml version="1.0" encoding="utf-8" standalone="yes"?>
<assessmentItem identifier="uva-boxplot-1212-en-tv_202510071723_item_1_schoice" title="uva-boxplot-1212-en-tv_202510071723_item_1_schoice_uva-boxplot-1212-en" adaptive="false" timeDependent="false" toolName="Testvision Online" toolVersion="39.0.9084" xmlns="http://www.imsglobal.org/xsd/imsqti_v2p1">
<responseDeclaration identifier="RESPONSE" cardinality="single" baseType="identifier">
<correctResponse>
<value>alt_131568</value>
</correctResponse>
<mapping defaultValue="0" lowerBound="0.0">
<mapEntry mapKey="alt_537354" mappedValue="-0.333333333333333"/>
<mapEntry mapKey="alt_723745" mappedValue="-0.333333333333333"/>
<mapEntry mapKey="alt_131568" mappedValue="1"/>
<mapEntry mapKey="alt_148769" mappedValue="-0.333333333333333"/>
</mapping>
</responseDeclaration>
<outcomeDeclaration identifier="SCORE" cardinality="single" baseType="float" normalMaximum="1" normalMinimum="0" />
<outcomeDeclaration identifier="FEEDBACK" cardinality="single" baseType="identifier" />
<stylesheet href="css/uva-boxplot-1212-en-tv_202510071723_item_1_schoice.css" type="text/css" />
<itemBody>
<p>Below are a histogram and 4 boxplots. Which of the 4 boxplots is from the same data set as the histogram?</p>
<p><img src="mediafiles/supplements1/uva-boxplot-1212-nl-graph01.png" alt="image"/></p>
<choiceInteraction responseIdentifier="RESPONSE" shuffle="false" maxChoices="1">
<simpleChoice identifier="alt_537354">
<div class="textblock tvblock tvcss_1"><div class="rte_zone tveditor1">
 A
</div>
</div>
</simpleChoice>
<simpleChoice identifier="alt_723745">
<div class="textblock tvblock tvcss_1"><div class="rte_zone tveditor1">
 B
</div>
</div>
</simpleChoice>
<simpleChoice identifier="alt_131568">
<div class="textblock tvblock tvcss_1"><div class="rte_zone tveditor1">
 C
</div>
</div>
</simpleChoice>
<simpleChoice identifier="alt_148769">
<div class="textblock tvblock tvcss_1"><div class="rte_zone tveditor1">
 D
</div>
</div>
</simpleChoice>
</choiceInteraction>
</itemBody>
<responseProcessing>
<responseCondition>
<responseIf>
<isNull>
<variable identifier="RESPONSE"/>
</isNull>
<setOutcomeValue identifier="SCORE">
<baseValue baseType="float">0.0</baseValue>
</setOutcomeValue>
<setOutcomeValue identifier="FEEDBACK">
<baseValue baseType="identifier">FAILURE</baseValue>
</setOutcomeValue>
</responseIf>
<responseElse>
<setOutcomeValue identifier="SCORE">
<mapResponse identifier="RESPONSE"/>
</setOutcomeValue>
<responseCondition>
<responseIf>
<equal toleranceMode="relative" tolerance="0.001">
<variable identifier="SCORE"/>
<variable identifier="MAXSCORE"/>
</equal>
<setOutcomeValue identifier="FEEDBACK">
<baseValue baseType="identifier">ANSWER_CORRECT</baseValue>
</setOutcomeValue>
</responseIf>
<responseElse>
<setOutcomeValue identifier="FEEDBACK">
<baseValue baseType="identifier">FAILURE</baseValue>
</setOutcomeValue>
</responseElse>
</responseCondition>
</responseElse>
</responseCondition>
</responseProcessing>
<modalFeedback identifier="FAILURE" outcomeIdentifier="FEEDBACK" showHide="show">
<div class="textblock tvblock tvcss_1"><div class="rte_zone tveditor1">
<ul>
<li> A <br /> A: Incorrect </li>
<li> B <br /> B:Incorrect </li>
<li> C <br /> C: Correct </li>
<li> D <br /> D: Incorrect </li>
</ul>
</div>
</div>
</modalFeedback>
<modalFeedback identifier="ANSWER_CORRECT" outcomeIdentifier="FEEDBACK" showHide="show">
<div class="textblock tvblock tvcss_1"><div class="rte_zone tveditor1">
<ul>
<li> A <br /> A: Incorrect </li>
<li> B <br /> B:Incorrect </li>
<li> C <br /> C: Correct </li>
<li> D <br /> D: Incorrect </li>
</ul>
</div>
</div>
</modalFeedback>
<modalFeedback identifier="PARTIAL_CORRECT" outcomeIdentifier="FEEDBACK" showHide="show">
<div class="textblock tvblock tvcss_1"><div class="rte_zone tveditor1">
<ul>
<li> A <br /> A: Incorrect </li>
<li> B <br /> B:Incorrect </li>
<li> C <br /> C: Correct </li>
<li> D <br /> D: Incorrect </li>
</ul>
</div>
</div>
</modalFeedback>
</assessmentItem>
