<?xml version="1.0" encoding="UTF-8"?>
<assessmentItem xsi:schemaLocation="http://www.imsglobal.org/xsd/imsqti_v2p1 http://www.imsglobal.org/xsd/qti/qtiv2p1/imsqti_v2p1p1.xsd http://www.w3.org/1998/Math/MathML http://www.w3.org/Math/XMLSchema/mathml2/mathml2.xsd" identifier="vufgb-chisquaredforindependence-001-en-ans_862755664_section_1_item_1_schoice" title="Inferential_Statistics_vufgb-chisquaredforindependence-001-en_vufgb-chisquaredforindependence-001-en_schoice_1" adaptive="false" timeDependent="false" xmlns="http://www.imsglobal.org/xsd/imsqti_v2p1" xmlns:xsi="http://www.w3.org/2001/XMLSchema-instance">
<responseDeclaration identifier="vufgb-chisquaredforindependence-001-en-ans_862755664_section_1_item_1_schoice_RESPONSE_1_2610195" cardinality="single" baseType="identifier">
<correctResponse>
<value>vufgb-chisquaredforindependence-001-en-ans_862755664_section_1_item_1_schoice_4_1768788997</value>
</correctResponse>
<mapping defaultValue="0" lowerBound="0.0">
<mapEntry mapKey="vufgb-chisquaredforindependence-001-en-ans_862755664_section_1_item_1_schoice_1_4205892420" mappedValue="0"/>
<mapEntry mapKey="vufgb-chisquaredforindependence-001-en-ans_862755664_section_1_item_1_schoice_2_5280915293" mappedValue="0"/>
<mapEntry mapKey="vufgb-chisquaredforindependence-001-en-ans_862755664_section_1_item_1_schoice_3_1564061887" mappedValue="0"/>
<mapEntry mapKey="vufgb-chisquaredforindependence-001-en-ans_862755664_section_1_item_1_schoice_4_1768788997" mappedValue="1"/>
</mapping>
</responseDeclaration>
<outcomeDeclaration identifier="SCORE" cardinality="single" baseType="float" normalMaximum="1" normalMinimum="0">
<defaultValue>
<value>0.0</value>
</defaultValue>
</outcomeDeclaration>
<outcomeDeclaration identifier="MAXSCORE" cardinality="single" baseType="float">
<defaultValue>
<value>1</value>
</defaultValue>
</outcomeDeclaration>
<outcomeDeclaration identifier="FEEDBACKBASIC" cardinality="single" baseType="identifier" view="testConstructor">
<defaultValue>
<value>empty</value>
</defaultValue>
</outcomeDeclaration>
<outcomeDeclaration identifier="FEEDBACKMODAL" cardinality="multiple" baseType="identifier" view="testConstructor"/>
<outcomeDeclaration identifier="SOLUTIONMODAL" cardinality="single" baseType="identifier" view="testConstructor"/>
<outcomeDeclaration identifier="MINSCORE" cardinality="single" baseType="float">
<defaultValue>
<value baseType="float">0</value>
</defaultValue>
</outcomeDeclaration>
<outcomeDeclaration identifier="SCORE_RESPONSE_1" cardinality="single" baseType="float">
<defaultValue>
<value>0.0</value>
</defaultValue>
</outcomeDeclaration>
<outcomeDeclaration identifier="MINSCORE_RESPONSE_1" cardinality="single" baseType="float">
<defaultValue>
<value>0.0</value>
</defaultValue>
</outcomeDeclaration>
<itemBody>
<p>Consider a research study about the association between educational program and civic engagement. In this study, 100 Psychology students and 50 Mathematics students were surveyed. Specifically, researchers asked them whether they were considering to engage in volunteer activities during their program. The choices available to each person were “Yes”, “No”, and “Undecided.” Listed below are the results of the survey. Determine the chi-squared test statistic to test independence and the degrees of freedom of the corresponding distribution.</p>
<p><img src="media/supplements1/vufgb-chisquaredforindependence-001-en.png" /></p>
<choiceInteraction responseIdentifier="vufgb-chisquaredforindependence-001-en-ans_862755664_section_1_item_1_schoice_RESPONSE_1_2610195" shuffle="false" maxChoices="1">
<simpleChoice identifier="vufgb-chisquaredforindependence-001-en-ans_862755664_section_1_item_1_schoice_1_4205892420">
<p>
 <span class="math inline">\(χ^2\)</span> = 1.73, with 6 degrees of freedom.
</p>
</simpleChoice>
<simpleChoice identifier="vufgb-chisquaredforindependence-001-en-ans_862755664_section_1_item_1_schoice_2_5280915293">
<p>
 <span class="math inline">\(χ^2\)</span> = 7.69, with 6 degrees of freedom.
</p>
</simpleChoice>
<simpleChoice identifier="vufgb-chisquaredforindependence-001-en-ans_862755664_section_1_item_1_schoice_3_1564061887">
<p>
 <span class="math inline">\(χ^2\)</span> = 1.73, with 2 degrees of freedom.
</p>
</simpleChoice>
<simpleChoice identifier="vufgb-chisquaredforindependence-001-en-ans_862755664_section_1_item_1_schoice_4_1768788997">
<p>
 <span class="math inline">\(χ^2\)</span> = 7.69, with 2 degrees of freedom.
</p>
</simpleChoice>
</choiceInteraction>
</itemBody>
<responseProcessing>
<setOutcomeValue identifier="SCORE_RESPONSE_1">
<sum>
<variable identifier="SCORE_RESPONSE_1"/>
<mapResponse identifier="vufgb-chisquaredforindependence-001-en-ans_862755664_section_1_item_1_schoice_RESPONSE_1_2610195"/>
</sum>
</setOutcomeValue>
<responseCondition>
<responseIf>
<lt>
<variable identifier="SCORE_RESPONSE_1"/>
<variable identifier="MINSCORE_RESPONSE_1"/>
</lt>
<setOutcomeValue identifier="SCORE_RESPONSE_1">
<variable identifier="MINSCORE_RESPONSE_1"/>
</setOutcomeValue>
</responseIf>
</responseCondition>
<responseCondition>
<responseIf>
<isNull>
<variable identifier="vufgb-chisquaredforindependence-001-en-ans_862755664_section_1_item_1_schoice_RESPONSE_1_2610195"/>
</isNull>
<setOutcomeValue identifier="SCORE_RESPONSE_1">
<sum>
<variable identifier="SCORE_RESPONSE_1"/>
<baseValue baseType="float">0</baseValue>
</sum>
</setOutcomeValue>
</responseIf>
</responseCondition>
<setOutcomeValue identifier="SCORE">
<sum>
<variable identifier="SCORE_RESPONSE_1"/>
</sum>
</setOutcomeValue>
<responseCondition>
<responseIf>
<lt>
<variable identifier="SCORE"/>
<variable identifier="MINSCORE"/>
</lt>
<setOutcomeValue identifier="SCORE">
<variable identifier="MINSCORE"/>
</setOutcomeValue>
</responseIf>
</responseCondition>
<responseCondition>
<responseIf>
<lt>
<variable identifier="SCORE"/>
<baseValue baseType="float">1</baseValue>
</lt>
<setOutcomeValue identifier="FEEDBACKMODAL">
<multiple>
<variable identifier="FEEDBACKMODAL"/>
<baseValue baseType="identifier">Feedback478818543</baseValue>
</multiple>
</setOutcomeValue>
</responseIf>
</responseCondition>
</responseProcessing>
<modalFeedback outcomeIdentifier="FEEDBACK" showHide="show" identifier="incorrect">
</modalFeedback>
</assessmentItem>
