<?xml version="1.0" encoding="UTF-8"?>
<assessmentItem xsi:schemaLocation="http://www.imsglobal.org/xsd/imsqti_v2p1 http://www.imsglobal.org/xsd/qti/qtiv2p1/imsqti_v2p1p1.xsd http://www.w3.org/1998/Math/MathML http://www.w3.org/Math/XMLSchema/mathml2/mathml2.xsd" identifier="uva-elementary-probability-1148-nl-qti_498764654_section_1_item_1_schoice" title="1" adaptive="false" timeDependent="false" xmlns="http://www.imsglobal.org/xsd/imsqti_v2p1" xmlns:xsi="http://www.w3.org/2001/XMLSchema-instance">
<responseDeclaration identifier="uva-elementary-probability-1148-nl-qti_498764654_section_1_item_1_schoice_RESPONSE_1_6267790" cardinality="single" baseType="identifier">
<correctResponse>
<value>uva-elementary-probability-1148-nl-qti_498764654_section_1_item_1_schoice_3_7556491266</value>
</correctResponse>
<mapping defaultValue="0" lowerBound="0.0">
<mapEntry mapKey="uva-elementary-probability-1148-nl-qti_498764654_section_1_item_1_schoice_1_7489327467" mappedValue="0"/>
<mapEntry mapKey="uva-elementary-probability-1148-nl-qti_498764654_section_1_item_1_schoice_2_1185753530" mappedValue="0"/>
<mapEntry mapKey="uva-elementary-probability-1148-nl-qti_498764654_section_1_item_1_schoice_3_7556491266" mappedValue="1"/>
<mapEntry mapKey="uva-elementary-probability-1148-nl-qti_498764654_section_1_item_1_schoice_4_4783515177" mappedValue="0"/>
</mapping>
</responseDeclaration>
<outcomeDeclaration identifier="SCORE" cardinality="single" baseType="float" normalMaximum="1" normalMinimum="0">
<defaultValue>
<value>0.0</value>
</defaultValue>
</outcomeDeclaration>
<outcomeDeclaration identifier="MAXSCORE" cardinality="single" baseType="float">
<defaultValue>
<value>1</value>
</defaultValue>
</outcomeDeclaration>
<outcomeDeclaration identifier="FEEDBACKBASIC" cardinality="single" baseType="identifier" view="testConstructor">
<defaultValue>
<value>empty</value>
</defaultValue>
</outcomeDeclaration>
<outcomeDeclaration identifier="FEEDBACKMODAL" cardinality="multiple" baseType="identifier" view="testConstructor"/>
<outcomeDeclaration identifier="SOLUTIONMODAL" cardinality="single" baseType="identifier" view="testConstructor"/>
<outcomeDeclaration identifier="MINSCORE" cardinality="single" baseType="float">
<defaultValue>
<value baseType="float">0</value>
</defaultValue>
</outcomeDeclaration>
<outcomeDeclaration identifier="SCORE_RESPONSE_1" cardinality="single" baseType="float">
<defaultValue>
<value>0.0</value>
</defaultValue>
</outcomeDeclaration>
<outcomeDeclaration identifier="MINSCORE_RESPONSE_1" cardinality="single" baseType="float">
<defaultValue>
<value>0.0</value>
</defaultValue>
</outcomeDeclaration>
<itemBody>
<p>Hieronder zie je de informatie over alle ongelukken op de Nederlandse
wegen in een recent jaar.<br />
<br />
</p>
<table>
<tbody>
<tr class="odd">
<td align="left"> </td>
<td align="left">Bestuurder zonder alcohol</td>
<td align="left">Bestuurder met alcohol</td>
<td align="left">Totaal</td>
</tr>
<tr class="even">
<td align="left">Snelheid niet gerelateerd</td>
<td align="left">137.981</td>
<td align="left">6.392</td>
<td align="left">144.373</td>
</tr>
<tr class="odd">
<td align="left">Snelheid wel gerelateerd</td>
<td align="left">82.640</td>
<td align="left">4.426</td>
<td align="left">87.066</td>
</tr>
<tr class="even">
<td align="left">Totaal</td>
<td align="left">220.621</td>
<td align="left">10.818</td>
<td align="left">231.439</td>
</tr>
</tbody>
</table>
<p><br />
Hoe groot is de kans dat bij een willekeurig geselecteerd ongeluk de
bestuurder alcohol op had of dat het ongeluk snelheid-gerelateerd was?<br />
</p>
<choiceInteraction responseIdentifier="uva-elementary-probability-1148-nl-qti_498764654_section_1_item_1_schoice_RESPONSE_1_6267790" shuffle="false" maxChoices="1">
<simpleChoice identifier="uva-elementary-probability-1148-nl-qti_498764654_section_1_item_1_schoice_1_7489327467">
<p>
 0,047
</p>
</simpleChoice>
<simpleChoice identifier="uva-elementary-probability-1148-nl-qti_498764654_section_1_item_1_schoice_2_1185753530">
<p>
 0,376
</p>
</simpleChoice>
<simpleChoice identifier="uva-elementary-probability-1148-nl-qti_498764654_section_1_item_1_schoice_3_7556491266">
<p>
 0,404
</p>
</simpleChoice>
<simpleChoice identifier="uva-elementary-probability-1148-nl-qti_498764654_section_1_item_1_schoice_4_4783515177">
<p>
 0,423
</p>
</simpleChoice>
</choiceInteraction>
</itemBody>
<responseProcessing>
<setOutcomeValue identifier="SCORE_RESPONSE_1">
<sum>
<variable identifier="SCORE_RESPONSE_1"/>
<mapResponse identifier="uva-elementary-probability-1148-nl-qti_498764654_section_1_item_1_schoice_RESPONSE_1_6267790"/>
</sum>
</setOutcomeValue>
<responseCondition>
<responseIf>
<lt>
<variable identifier="SCORE_RESPONSE_1"/>
<variable identifier="MINSCORE_RESPONSE_1"/>
</lt>
<setOutcomeValue identifier="SCORE_RESPONSE_1">
<variable identifier="MINSCORE_RESPONSE_1"/>
</setOutcomeValue>
</responseIf>
</responseCondition>
<responseCondition>
<responseIf>
<isNull>
<variable identifier="uva-elementary-probability-1148-nl-qti_498764654_section_1_item_1_schoice_RESPONSE_1_6267790"/>
</isNull>
<setOutcomeValue identifier="SCORE_RESPONSE_1">
<sum>
<variable identifier="SCORE_RESPONSE_1"/>
<baseValue baseType="float">0</baseValue>
</sum>
</setOutcomeValue>
</responseIf>
</responseCondition>
<setOutcomeValue identifier="SCORE">
<sum>
<variable identifier="SCORE_RESPONSE_1"/>
</sum>
</setOutcomeValue>
<responseCondition>
<responseIf>
<lt>
<variable identifier="SCORE"/>
<variable identifier="MINSCORE"/>
</lt>
<setOutcomeValue identifier="SCORE">
<variable identifier="MINSCORE"/>
</setOutcomeValue>
</responseIf>
</responseCondition>
<responseCondition>
<responseIf>
<lt>
<variable identifier="SCORE"/>
<baseValue baseType="float">1</baseValue>
</lt>
<setOutcomeValue identifier="FEEDBACKMODAL">
<multiple>
<variable identifier="FEEDBACKMODAL"/>
<baseValue baseType="identifier">Feedback766781983</baseValue>
</multiple>
</setOutcomeValue>
</responseIf>
</responseCondition>
</responseProcessing>
<modalFeedback identifier="Feedback766781983" outcomeIdentifier="FEEDBACKMODAL" showHide="show">
<ul>
<li> 0,047 <br /> 0,047: Incorrect </li>
<li> 0,376 <br /> 0,376: Incorrect </li>
<li> 0,404 <br /> 0,404: Correct </li>
<li> 0,423 <br /> 0,423: Incorrect </li>
</ul>
</modalFeedback>
</assessmentItem>
