<?xml version="1.0" encoding="UTF-8"?>
<assessmentItem xsi:schemaLocation="http://www.imsglobal.org/xsd/imsqti_v2p1 http://www.imsglobal.org/xsd/qti/qtiv2p1/imsqti_v2p1p1.xsd http://www.w3.org/1998/Math/MathML http://www.w3.org/Math/XMLSchema/mathml2/mathml2.xsd" identifier="uva-elementary-probability-975-en-qti_116865291_section_1_item_1_schoice" title="1" adaptive="false" timeDependent="false" xmlns="http://www.imsglobal.org/xsd/imsqti_v2p1" xmlns:xsi="http://www.w3.org/2001/XMLSchema-instance">
<responseDeclaration identifier="uva-elementary-probability-975-en-qti_116865291_section_1_item_1_schoice_RESPONSE_1_1765883" cardinality="single" baseType="identifier">
<correctResponse>
<value>uva-elementary-probability-975-en-qti_116865291_section_1_item_1_schoice_4_1211436511</value>
</correctResponse>
<mapping defaultValue="0" lowerBound="0.0">
<mapEntry mapKey="uva-elementary-probability-975-en-qti_116865291_section_1_item_1_schoice_1_7370662405" mappedValue="0"/>
<mapEntry mapKey="uva-elementary-probability-975-en-qti_116865291_section_1_item_1_schoice_2_5432412905" mappedValue="0"/>
<mapEntry mapKey="uva-elementary-probability-975-en-qti_116865291_section_1_item_1_schoice_3_1523829742" mappedValue="0"/>
<mapEntry mapKey="uva-elementary-probability-975-en-qti_116865291_section_1_item_1_schoice_4_1211436511" mappedValue="1"/>
<mapEntry mapKey="uva-elementary-probability-975-en-qti_116865291_section_1_item_1_schoice_5_9379200378" mappedValue="0"/>
</mapping>
</responseDeclaration>
<outcomeDeclaration identifier="SCORE" cardinality="single" baseType="float" normalMaximum="1" normalMinimum="0">
<defaultValue>
<value>0.0</value>
</defaultValue>
</outcomeDeclaration>
<outcomeDeclaration identifier="MAXSCORE" cardinality="single" baseType="float">
<defaultValue>
<value>1</value>
</defaultValue>
</outcomeDeclaration>
<outcomeDeclaration identifier="FEEDBACKBASIC" cardinality="single" baseType="identifier" view="testConstructor">
<defaultValue>
<value>empty</value>
</defaultValue>
</outcomeDeclaration>
<outcomeDeclaration identifier="FEEDBACKMODAL" cardinality="multiple" baseType="identifier" view="testConstructor"/>
<outcomeDeclaration identifier="SOLUTIONMODAL" cardinality="single" baseType="identifier" view="testConstructor"/>
<outcomeDeclaration identifier="MINSCORE" cardinality="single" baseType="float">
<defaultValue>
<value baseType="float">0</value>
</defaultValue>
</outcomeDeclaration>
<outcomeDeclaration identifier="SCORE_RESPONSE_1" cardinality="single" baseType="float">
<defaultValue>
<value>0.0</value>
</defaultValue>
</outcomeDeclaration>
<outcomeDeclaration identifier="MINSCORE_RESPONSE_1" cardinality="single" baseType="float">
<defaultValue>
<value>0.0</value>
</defaultValue>
</outcomeDeclaration>
<itemBody>
<p>Suppose the probability of the birth of a boy in a family is 0.498 and we assume that the birth of each child is an independent event is. If a family has three children, what is the probability of two boys and one girl (in any order)?</p>
<choiceInteraction responseIdentifier="uva-elementary-probability-975-en-qti_116865291_section_1_item_1_schoice_RESPONSE_1_1765883" shuffle="false" maxChoices="1">
<simpleChoice identifier="uva-elementary-probability-975-en-qti_116865291_section_1_item_1_schoice_1_7370662405">
<p>
 0,124
</p>
</simpleChoice>
<simpleChoice identifier="uva-elementary-probability-975-en-qti_116865291_section_1_item_1_schoice_2_5432412905">
<p>
 0,498
</p>
</simpleChoice>
<simpleChoice identifier="uva-elementary-probability-975-en-qti_116865291_section_1_item_1_schoice_3_1523829742">
<p>
 0,333
</p>
</simpleChoice>
<simpleChoice identifier="uva-elementary-probability-975-en-qti_116865291_section_1_item_1_schoice_4_1211436511">
<p>
 0,373
</p>
</simpleChoice>
<simpleChoice identifier="uva-elementary-probability-975-en-qti_116865291_section_1_item_1_schoice_5_9379200378">
<p>
 0,502
</p>
</simpleChoice>
</choiceInteraction>
</itemBody>
<responseProcessing>
<setOutcomeValue identifier="SCORE_RESPONSE_1">
<sum>
<variable identifier="SCORE_RESPONSE_1"/>
<mapResponse identifier="uva-elementary-probability-975-en-qti_116865291_section_1_item_1_schoice_RESPONSE_1_1765883"/>
</sum>
</setOutcomeValue>
<responseCondition>
<responseIf>
<lt>
<variable identifier="SCORE_RESPONSE_1"/>
<variable identifier="MINSCORE_RESPONSE_1"/>
</lt>
<setOutcomeValue identifier="SCORE_RESPONSE_1">
<variable identifier="MINSCORE_RESPONSE_1"/>
</setOutcomeValue>
</responseIf>
</responseCondition>
<responseCondition>
<responseIf>
<isNull>
<variable identifier="uva-elementary-probability-975-en-qti_116865291_section_1_item_1_schoice_RESPONSE_1_1765883"/>
</isNull>
<setOutcomeValue identifier="SCORE_RESPONSE_1">
<sum>
<variable identifier="SCORE_RESPONSE_1"/>
<baseValue baseType="float">0</baseValue>
</sum>
</setOutcomeValue>
</responseIf>
</responseCondition>
<setOutcomeValue identifier="SCORE">
<sum>
<variable identifier="SCORE_RESPONSE_1"/>
</sum>
</setOutcomeValue>
<responseCondition>
<responseIf>
<lt>
<variable identifier="SCORE"/>
<variable identifier="MINSCORE"/>
</lt>
<setOutcomeValue identifier="SCORE">
<variable identifier="MINSCORE"/>
</setOutcomeValue>
</responseIf>
</responseCondition>
<responseCondition>
<responseIf>
<lt>
<variable identifier="SCORE"/>
<baseValue baseType="float">1</baseValue>
</lt>
<setOutcomeValue identifier="FEEDBACKMODAL">
<multiple>
<variable identifier="FEEDBACKMODAL"/>
<baseValue baseType="identifier">Feedback187220869</baseValue>
</multiple>
</setOutcomeValue>
</responseIf>
</responseCondition>
</responseProcessing>
<modalFeedback identifier="Feedback187220869" outcomeIdentifier="FEEDBACKMODAL" showHide="show">
<ul>
<li> 0,124 <br /> 0.124: Incorrect </li>
<li> 0,498 <br /> 0.498: Incorrect </li>
<li> 0,333 <br /> 0.333: Incorrect </li>
<li> 0,373 <br /> 0.373: Correct </li>
<li> 0,502 <br /> 0.502: Incorrect </li>
</ul>
</modalFeedback>
</assessmentItem>
