<?xml version="1.0" encoding="UTF-8"?>
<!DOCTYPE questestinterop SYSTEM "ims_qtiasiv1p2p1.dtd">

<questestinterop xmlns="http://www.imsglobal.org/xsd/ims_qtiasiv1p2" xmlns:xsi="http://www.w3.org/2001/XMLSchema-instance" xsi:schemaLocation="http://www.imsglobal.org/xsd/ims_qtiasiv1p2 http://www.imsglobal.org/xsd/ims_qtiasiv1p2p1.xsd">
<assessment ident="uva-random-variables-1073-en-canvas_772881457" title="uva-random-variables-1073-en-canvas">

<qtimetadata>
<qtimetadatafield>
<fieldlabel>cc_maxattempts</fieldlabel>
<fieldentry>1</fieldentry>
</qtimetadatafield>
<qtimetadatafield>
<fieldlabel>qmd_assessmenttype</fieldlabel>
<fieldentry>Assessment</fieldentry>
</qtimetadatafield>
</qtimetadata>
<objectives>
<material>
<mattext><![CDATA[Please solve the following exercises.]]></mattext>
</material>
</objectives>
<assessmentcontrol feedbackswitch="No" hintswitch="No" solutionswitch="Yes"/>
<outcomes_processing scoremodel="SumOfScores">
<outcomes>
<decvar varname="SCORE" vartype="Decimal" cutvalue="0"/>
</outcomes>
</outcomes_processing>
<assessfeedback title="AssessmentFeedback" ident="AssessmentFeedback">
<flow_mat>
<material>
<mattext>##AssessmentFeedback##</mattext>
</material>
</flow_mat>
</assessfeedback>

<section ident="uva-random-variables-1073-en-canvas_772881457_section_1" title="Exercise">

<objectives>
<material>
<mattext><![CDATA[Please answer the following question.]]></mattext>
</material>
</objectives>
<selection_ordering>
<selection>
<selection_number>1</selection_number>
<selection_extension>
<points_per_item>1</points_per_item>
</selection_extension>
</selection>
<order order_type="Random"/>
</selection_ordering>

<item ident="uva-random-variables-1073-en-canvas_772881457_section_1_item_1_schoice" title="Question" maxattempts="1">
<itemcontrol feedbackswitch="No" hintswitch="No" solutionswitch="Yes"/>
<itemmetadata>
<qtimetadata>
<qtimetadatafield>
<fieldlabel>question_type</fieldlabel>
<fieldentry>multiple_choice_question</fieldentry>
</qtimetadatafield>
</qtimetadata>
</itemmetadata>
<presentation>
<flow>
<material>
<matbreak/>
<mattext texttype="text/html" charset="utf-8"><![CDATA[
<p>Suppose the probability distribution of X = the number of jobs per student at a university in the past year is as follows:_____________.<br />
</p>
<p>—————— —— —— —— —— —— Number of jobs <em>X</em> 0 1 2 3 4 Odds 0.14 0.37 0.29 0.15 0.05 —————— —— —— —— —— ——</p>
<p> <br />
</p>
<p>What then is the probability that, choosing a random student, this student had two or fewer jobs during the past year, such as P(X ≤ 2)?</p>
]]></mattext>
<matbreak/>
</material>
<response_lid ident="uva-random-variables-1073-en-canvas_772881457_section_1_item_1_schoice_RESPONSE_9060206" rcardinality="Single" rtiming="No">
<render_choice shuffle="No">
<flow_label class="List">
<response_label ident="uva-random-variables-1073-en-canvas_772881457_section_1_item_1_schoice_8266854933" rshuffle="No">
<material>
<mattext texttype="text/html" charset="utf-8"><![CDATA[
 0,14
]]></mattext>
</material>
</response_label>
</flow_label>
<flow_label class="List">
<response_label ident="uva-random-variables-1073-en-canvas_772881457_section_1_item_1_schoice_6834182272" rshuffle="No">
<material>
<mattext texttype="text/html" charset="utf-8"><![CDATA[
 0,29
]]></mattext>
</material>
</response_label>
</flow_label>
<flow_label class="List">
<response_label ident="uva-random-variables-1073-en-canvas_772881457_section_1_item_1_schoice_1740874195" rshuffle="No">
<material>
<mattext texttype="text/html" charset="utf-8"><![CDATA[
 0,37
]]></mattext>
</material>
</response_label>
</flow_label>
<flow_label class="List">
<response_label ident="uva-random-variables-1073-en-canvas_772881457_section_1_item_1_schoice_1612187266" rshuffle="No">
<material>
<mattext texttype="text/html" charset="utf-8"><![CDATA[
 0,80
]]></mattext>
</material>
</response_label>
</flow_label>
</render_choice>
</response_lid>
</flow>
</presentation>
<resprocessing>
<outcomes>
<decvar varname="SCORE" vartype="Decimal" defaultval="0" minvalue="0" maxvalue="1" cutvalue="1"/>
</outcomes>
<respcondition title="Mastery" continue="No">
<conditionvar>
<and>
<varequal respident="uva-random-variables-1073-en-canvas_772881457_section_1_item_1_schoice_RESPONSE_9060206" case="Yes">uva-random-variables-1073-en-canvas_772881457_section_1_item_1_schoice_1612187266</varequal>
<not> <varequal respident="uva-random-variables-1073-en-canvas_772881457_section_1_item_1_schoice_RESPONSE_9060206" case="Yes">uva-random-variables-1073-en-canvas_772881457_section_1_item_1_schoice_8266854933</varequal> </not>
<not> <varequal respident="uva-random-variables-1073-en-canvas_772881457_section_1_item_1_schoice_RESPONSE_9060206" case="Yes">uva-random-variables-1073-en-canvas_772881457_section_1_item_1_schoice_6834182272</varequal> </not>
<not> <varequal respident="uva-random-variables-1073-en-canvas_772881457_section_1_item_1_schoice_RESPONSE_9060206" case="Yes">uva-random-variables-1073-en-canvas_772881457_section_1_item_1_schoice_1740874195</varequal> </not>
</and>
</conditionvar>
<setvar varname="SCORE" action="Set">1</setvar>
<displayfeedback feedbacktype="Response" linkrefid="correct_fb"/>
</respcondition>
<respcondition continue="Yes">
<conditionvar>
<other/>
</conditionvar>
<displayfeedback feedbacktype="Response" linkrefid="general_incorrect_fb"/>
</respcondition>
</resprocessing>
<itemfeedback ident="correct_fb" view="All">
<flow_mat>
<material>
<mattext texttype="text/html"><![CDATA[
<ul>
<li> 0,14 <br /> 0.14: Incorrect </li>
<li> 0,29 <br /> 0.29: Incorrect </li>
<li> 0,37 <br /> 0.37: Incorrect </li>
<li> 0,80 <br /> 0.80: Correct </li>
</ul>
]]></mattext>
</material>
</flow_mat>
</itemfeedback>
<itemfeedback ident="general_incorrect_fb" view="All">
<flow_mat>
<material>
<mattext texttype="text/html"><![CDATA[
<ul>
<li> 0,14 <br /> 0.14: Incorrect </li>
<li> 0,29 <br /> 0.29: Incorrect </li>
<li> 0,37 <br /> 0.37: Incorrect </li>
<li> 0,80 <br /> 0.80: Correct </li>
</ul>
]]></mattext>
</material>
</flow_mat>
</itemfeedback>
</item>


</section>

</assessment>
</questestinterop>
