<?xml version="1.0" encoding="utf-8" standalone="yes"?>
<assessmentItem identifier="uva-normal-1070-nl-tv_202404291202_item_1_schoice" title="uva-normal-1070-nl-tv_202404291202_item_1_schoice_uva-normal-1070-nl" adaptive="false" timeDependent="false" toolName="Testvision Online" toolVersion="39.0.9084" xmlns="http://www.imsglobal.org/xsd/imsqti_v2p1">
<responseDeclaration identifier="RESPONSE" cardinality="single" baseType="identifier">
<correctResponse>
<value>alt_218687</value>
</correctResponse>
<mapping defaultValue="0" lowerBound="0.0">
<mapEntry mapKey="alt_218687" mappedValue="1"/>
<mapEntry mapKey="alt_145142" mappedValue="-0.333333333333333"/>
<mapEntry mapKey="alt_649413" mappedValue="-0.333333333333333"/>
<mapEntry mapKey="alt_529129" mappedValue="-0.333333333333333"/>
</mapping>
</responseDeclaration>
<outcomeDeclaration identifier="SCORE" cardinality="single" baseType="float" normalMaximum="1" normalMinimum="0" />
<outcomeDeclaration identifier="FEEDBACK" cardinality="single" baseType="identifier" />
<itemBody>
<p>We hebben een gemiddelde µ = 10, een standaardafwijking σ = 6 en de
waarde van <em>x</em> = 4. Wat de gestandaardiseerde score (of <em>z</em> – score)
van <em>x</em>?</p>
<choiceInteraction responseIdentifier="RESPONSE" shuffle="false" maxChoices="1">
<simpleChoice identifier="alt_218687">
<div class="textblock tvblock tvcss_1"><div class="rte_zone tveditor1">
 -1,0
</div>
</div>
</simpleChoice>
<simpleChoice identifier="alt_145142">
<div class="textblock tvblock tvcss_1"><div class="rte_zone tveditor1">
 0
</div>
</div>
</simpleChoice>
<simpleChoice identifier="alt_649413">
<div class="textblock tvblock tvcss_1"><div class="rte_zone tveditor1">
 1,0
</div>
</div>
</simpleChoice>
<simpleChoice identifier="alt_529129">
<div class="textblock tvblock tvcss_1"><div class="rte_zone tveditor1">
 4
</div>
</div>
</simpleChoice>
</choiceInteraction>
</itemBody>
<responseProcessing>
<responseCondition>
<responseIf>
<isNull>
<variable identifier="RESPONSE"/>
</isNull>
<setOutcomeValue identifier="SCORE">
<baseValue baseType="float">0.0</baseValue>
</setOutcomeValue>
<setOutcomeValue identifier="FEEDBACK">
<baseValue baseType="identifier">FAILURE</baseValue>
</setOutcomeValue>
</responseIf>
<responseElse>
<setOutcomeValue identifier="SCORE">
<mapResponse identifier="RESPONSE"/>
</setOutcomeValue>
<responseCondition>
<responseIf>
<equal toleranceMode="relative" tolerance="0.001">
<variable identifier="SCORE"/>
<variable identifier="MAXSCORE"/>
</equal>
<setOutcomeValue identifier="FEEDBACK">
<baseValue baseType="identifier">ANSWER_CORRECT</baseValue>
</setOutcomeValue>
</responseIf>
<responseElse>
<setOutcomeValue identifier="FEEDBACK">
<baseValue baseType="identifier">FAILURE</baseValue>
</setOutcomeValue>
</responseElse>
</responseCondition>
</responseElse>
</responseCondition>
</responseProcessing>
<modalFeedback identifier="FAILURE" outcomeIdentifier="FEEDBACK" showHide="show">
<div class="textblock tvblock tvcss_1"><div class="rte_zone tveditor1">
<ul>
<li> -1,0 <br /> -1,0: Correct </li>
<li> 0 <br /> 0: Incorrect </li>
<li> 1,0 <br /> 1,0: Incorrect </li>
<li> 4 <br /> 4: Incorrect </li>
</ul>
</div>
</div>
</modalFeedback>
<modalFeedback identifier="ANSWER_CORRECT" outcomeIdentifier="FEEDBACK" showHide="show">
<div class="textblock tvblock tvcss_1"><div class="rte_zone tveditor1">
<ul>
<li> -1,0 <br /> -1,0: Correct </li>
<li> 0 <br /> 0: Incorrect </li>
<li> 1,0 <br /> 1,0: Incorrect </li>
<li> 4 <br /> 4: Incorrect </li>
</ul>
</div>
</div>
</modalFeedback>
<modalFeedback identifier="PARTIAL_CORRECT" outcomeIdentifier="FEEDBACK" showHide="show">
<div class="textblock tvblock tvcss_1"><div class="rte_zone tveditor1">
<ul>
<li> -1,0 <br /> -1,0: Correct </li>
<li> 0 <br /> 0: Incorrect </li>
<li> 1,0 <br /> 1,0: Incorrect </li>
<li> 4 <br /> 4: Incorrect </li>
</ul>
</div>
</div>
</modalFeedback>
</assessmentItem>
