<?xml version="1.0" encoding="UTF-8"?>
<assessmentItem xsi:schemaLocation="http://www.imsglobal.org/xsd/imsqti_v2p1 http://www.imsglobal.org/xsd/qti/qtiv2p1/imsqti_v2p1p1.xsd http://www.w3.org/1998/Math/MathML http://www.w3.org/Math/XMLSchema/mathml2/mathml2.xsd" identifier="vufsw-regression-0006-nl-ans_685595980_section_1_item_1_schoice" title="Inferential_Statistics_vufsw-regression-0006-nl_vufsw-regression-0006-nl_schoice_1" adaptive="false" timeDependent="false" xmlns="http://www.imsglobal.org/xsd/imsqti_v2p1" xmlns:xsi="http://www.w3.org/2001/XMLSchema-instance">
<responseDeclaration identifier="vufsw-regression-0006-nl-ans_685595980_section_1_item_1_schoice_RESPONSE_1_4071931" cardinality="single" baseType="identifier">
<correctResponse>
<value>vufsw-regression-0006-nl-ans_685595980_section_1_item_1_schoice_2_2909745873</value>
</correctResponse>
<mapping defaultValue="0" lowerBound="0.0">
<mapEntry mapKey="vufsw-regression-0006-nl-ans_685595980_section_1_item_1_schoice_1_8431960358" mappedValue="0"/>
<mapEntry mapKey="vufsw-regression-0006-nl-ans_685595980_section_1_item_1_schoice_2_2909745873" mappedValue="1"/>
<mapEntry mapKey="vufsw-regression-0006-nl-ans_685595980_section_1_item_1_schoice_3_8595042164" mappedValue="0"/>
<mapEntry mapKey="vufsw-regression-0006-nl-ans_685595980_section_1_item_1_schoice_4_8511502849" mappedValue="0"/>
</mapping>
</responseDeclaration>
<outcomeDeclaration identifier="SCORE" cardinality="single" baseType="float" normalMaximum="1" normalMinimum="0">
<defaultValue>
<value>0.0</value>
</defaultValue>
</outcomeDeclaration>
<outcomeDeclaration identifier="MAXSCORE" cardinality="single" baseType="float">
<defaultValue>
<value>1</value>
</defaultValue>
</outcomeDeclaration>
<outcomeDeclaration identifier="FEEDBACKBASIC" cardinality="single" baseType="identifier" view="testConstructor">
<defaultValue>
<value>empty</value>
</defaultValue>
</outcomeDeclaration>
<outcomeDeclaration identifier="FEEDBACKMODAL" cardinality="multiple" baseType="identifier" view="testConstructor"/>
<outcomeDeclaration identifier="SOLUTIONMODAL" cardinality="single" baseType="identifier" view="testConstructor"/>
<outcomeDeclaration identifier="MINSCORE" cardinality="single" baseType="float">
<defaultValue>
<value baseType="float">0</value>
</defaultValue>
</outcomeDeclaration>
<outcomeDeclaration identifier="SCORE_RESPONSE_1" cardinality="single" baseType="float">
<defaultValue>
<value>0.0</value>
</defaultValue>
</outcomeDeclaration>
<outcomeDeclaration identifier="MINSCORE_RESPONSE_1" cardinality="single" baseType="float">
<defaultValue>
<value>0.0</value>
</defaultValue>
</outcomeDeclaration>
<itemBody>
<p>Stel dat je geïnteresseerd bent of meer uren studeren per week tot
hogere cijfers zou leiden. Dit wil je onderzoeken onder studenten van de
Vrije Universiteit Amsterdam. Hierbij wil je studenten selecteren van
verschillende opleidingen, zoals sociologie, psychologie, politicologie
en antropologie.</p>
<p>Wat is hier de afhankelijke variabele?</p>
<choiceInteraction responseIdentifier="vufsw-regression-0006-nl-ans_685595980_section_1_item_1_schoice_RESPONSE_1_4071931" shuffle="false" maxChoices="1">
<simpleChoice identifier="vufsw-regression-0006-nl-ans_685595980_section_1_item_1_schoice_1_8431960358">
<p>
 De Vrije Universiteit Amsterdam
</p>
</simpleChoice>
<simpleChoice identifier="vufsw-regression-0006-nl-ans_685595980_section_1_item_1_schoice_2_2909745873">
<p>
 Cijfers
</p>
</simpleChoice>
<simpleChoice identifier="vufsw-regression-0006-nl-ans_685595980_section_1_item_1_schoice_3_8595042164">
<p>
 De opleiding (zoals sociologie, psychologie, politicologie en antropologie)
</p>
</simpleChoice>
<simpleChoice identifier="vufsw-regression-0006-nl-ans_685595980_section_1_item_1_schoice_4_8511502849">
<p>
 Aantal uren studeren per week
</p>
</simpleChoice>
</choiceInteraction>
</itemBody>
<responseProcessing>
<setOutcomeValue identifier="SCORE_RESPONSE_1">
<sum>
<variable identifier="SCORE_RESPONSE_1"/>
<mapResponse identifier="vufsw-regression-0006-nl-ans_685595980_section_1_item_1_schoice_RESPONSE_1_4071931"/>
</sum>
</setOutcomeValue>
<responseCondition>
<responseIf>
<lt>
<variable identifier="SCORE_RESPONSE_1"/>
<variable identifier="MINSCORE_RESPONSE_1"/>
</lt>
<setOutcomeValue identifier="SCORE_RESPONSE_1">
<variable identifier="MINSCORE_RESPONSE_1"/>
</setOutcomeValue>
</responseIf>
</responseCondition>
<responseCondition>
<responseIf>
<isNull>
<variable identifier="vufsw-regression-0006-nl-ans_685595980_section_1_item_1_schoice_RESPONSE_1_4071931"/>
</isNull>
<setOutcomeValue identifier="SCORE_RESPONSE_1">
<sum>
<variable identifier="SCORE_RESPONSE_1"/>
<baseValue baseType="float">0</baseValue>
</sum>
</setOutcomeValue>
</responseIf>
</responseCondition>
<setOutcomeValue identifier="SCORE">
<sum>
<variable identifier="SCORE_RESPONSE_1"/>
</sum>
</setOutcomeValue>
<responseCondition>
<responseIf>
<lt>
<variable identifier="SCORE"/>
<variable identifier="MINSCORE"/>
</lt>
<setOutcomeValue identifier="SCORE">
<variable identifier="MINSCORE"/>
</setOutcomeValue>
</responseIf>
</responseCondition>
<responseCondition>
<responseIf>
<lt>
<variable identifier="SCORE"/>
<baseValue baseType="float">1</baseValue>
</lt>
<setOutcomeValue identifier="FEEDBACKMODAL">
<multiple>
<variable identifier="FEEDBACKMODAL"/>
<baseValue baseType="identifier">Feedback482651773</baseValue>
</multiple>
</setOutcomeValue>
</responseIf>
</responseCondition>
</responseProcessing>
<modalFeedback outcomeIdentifier="FEEDBACK" showHide="show" identifier="incorrect">
<ul>
<li> De Vrije Universiteit Amsterdam <br /> False </li>
<li> Cijfers <br /> True </li>
<li> De opleiding (zoals sociologie, psychologie, politicologie en antropologie) <br /> False </li>
<li> Aantal uren studeren per week <br /> False </li>
</ul>
</modalFeedback>
</assessmentItem>
