<?xml version="1.0" encoding="UTF-8"?>
<assessmentItem xsi:schemaLocation="http://www.imsglobal.org/xsd/imsqti_v2p1 http://www.imsglobal.org/xsd/qti/qtiv2p1/imsqti_v2p1p1.xsd http://www.w3.org/1998/Math/MathML http://www.w3.org/Math/XMLSchema/mathml2/mathml2.xsd" identifier="vufgb-discretevariable-002-nl-qti_133390634_section_1_item_1_schoice" title="1" adaptive="false" timeDependent="false" xmlns="http://www.imsglobal.org/xsd/imsqti_v2p1" xmlns:xsi="http://www.w3.org/2001/XMLSchema-instance">
<responseDeclaration identifier="vufgb-discretevariable-002-nl-qti_133390634_section_1_item_1_schoice_RESPONSE_1_3030117" cardinality="single" baseType="identifier">
<correctResponse>
<value>vufgb-discretevariable-002-nl-qti_133390634_section_1_item_1_schoice_2_1555384065</value>
</correctResponse>
<mapping defaultValue="0" lowerBound="0.0">
<mapEntry mapKey="vufgb-discretevariable-002-nl-qti_133390634_section_1_item_1_schoice_1_4890562515" mappedValue="0"/>
<mapEntry mapKey="vufgb-discretevariable-002-nl-qti_133390634_section_1_item_1_schoice_2_1555384065" mappedValue="1"/>
<mapEntry mapKey="vufgb-discretevariable-002-nl-qti_133390634_section_1_item_1_schoice_3_4691292731" mappedValue="0"/>
<mapEntry mapKey="vufgb-discretevariable-002-nl-qti_133390634_section_1_item_1_schoice_4_7534694291" mappedValue="0"/>
</mapping>
</responseDeclaration>
<outcomeDeclaration identifier="SCORE" cardinality="single" baseType="float" normalMaximum="1" normalMinimum="0">
<defaultValue>
<value>0.0</value>
</defaultValue>
</outcomeDeclaration>
<outcomeDeclaration identifier="MAXSCORE" cardinality="single" baseType="float">
<defaultValue>
<value>1</value>
</defaultValue>
</outcomeDeclaration>
<outcomeDeclaration identifier="FEEDBACKBASIC" cardinality="single" baseType="identifier" view="testConstructor">
<defaultValue>
<value>empty</value>
</defaultValue>
</outcomeDeclaration>
<outcomeDeclaration identifier="FEEDBACKMODAL" cardinality="multiple" baseType="identifier" view="testConstructor"/>
<outcomeDeclaration identifier="SOLUTIONMODAL" cardinality="single" baseType="identifier" view="testConstructor"/>
<outcomeDeclaration identifier="MINSCORE" cardinality="single" baseType="float">
<defaultValue>
<value baseType="float">0</value>
</defaultValue>
</outcomeDeclaration>
<outcomeDeclaration identifier="SCORE_RESPONSE_1" cardinality="single" baseType="float">
<defaultValue>
<value>0.0</value>
</defaultValue>
</outcomeDeclaration>
<outcomeDeclaration identifier="MINSCORE_RESPONSE_1" cardinality="single" baseType="float">
<defaultValue>
<value>0.0</value>
</defaultValue>
</outcomeDeclaration>
<itemBody>
<p>In een studenten vragenlijst over zelfregulering, worden proefpersonen gevraagd om na te gaan in welke mate zij het eens zijn met een bepaalde
stelling op een 5-punts Likertschaal, van “helemaal niet mee eens” tot “helemaal mee eens”. Wat zijn de eigenschappen van deze Likertschaal-
variabele?</p>
<choiceInteraction responseIdentifier="vufgb-discretevariable-002-nl-qti_133390634_section_1_item_1_schoice_RESPONSE_1_3030117" shuffle="false" maxChoices="1">
<simpleChoice identifier="vufgb-discretevariable-002-nl-qti_133390634_section_1_item_1_schoice_1_4890562515">
<p>
 Numeriek, ordinaal en continu.
</p>
</simpleChoice>
<simpleChoice identifier="vufgb-discretevariable-002-nl-qti_133390634_section_1_item_1_schoice_2_1555384065">
<p>
 Categorisch, ordinaal en discreet.
</p>
</simpleChoice>
<simpleChoice identifier="vufgb-discretevariable-002-nl-qti_133390634_section_1_item_1_schoice_3_4691292731">
<p>
 Numeriek, interval/ratio en continu.
</p>
</simpleChoice>
<simpleChoice identifier="vufgb-discretevariable-002-nl-qti_133390634_section_1_item_1_schoice_4_7534694291">
<p>
 Numeriek, interval/ratio en discreet.
</p>
</simpleChoice>
</choiceInteraction>
</itemBody>
<responseProcessing>
<setOutcomeValue identifier="SCORE_RESPONSE_1">
<sum>
<variable identifier="SCORE_RESPONSE_1"/>
<mapResponse identifier="vufgb-discretevariable-002-nl-qti_133390634_section_1_item_1_schoice_RESPONSE_1_3030117"/>
</sum>
</setOutcomeValue>
<responseCondition>
<responseIf>
<lt>
<variable identifier="SCORE_RESPONSE_1"/>
<variable identifier="MINSCORE_RESPONSE_1"/>
</lt>
<setOutcomeValue identifier="SCORE_RESPONSE_1">
<variable identifier="MINSCORE_RESPONSE_1"/>
</setOutcomeValue>
</responseIf>
</responseCondition>
<responseCondition>
<responseIf>
<isNull>
<variable identifier="vufgb-discretevariable-002-nl-qti_133390634_section_1_item_1_schoice_RESPONSE_1_3030117"/>
</isNull>
<setOutcomeValue identifier="SCORE_RESPONSE_1">
<sum>
<variable identifier="SCORE_RESPONSE_1"/>
<baseValue baseType="float">0</baseValue>
</sum>
</setOutcomeValue>
</responseIf>
</responseCondition>
<setOutcomeValue identifier="SCORE">
<sum>
<variable identifier="SCORE_RESPONSE_1"/>
</sum>
</setOutcomeValue>
<responseCondition>
<responseIf>
<lt>
<variable identifier="SCORE"/>
<variable identifier="MINSCORE"/>
</lt>
<setOutcomeValue identifier="SCORE">
<variable identifier="MINSCORE"/>
</setOutcomeValue>
</responseIf>
</responseCondition>
<responseCondition>
<responseIf>
<lt>
<variable identifier="SCORE"/>
<baseValue baseType="float">1</baseValue>
</lt>
<setOutcomeValue identifier="FEEDBACKMODAL">
<multiple>
<variable identifier="FEEDBACKMODAL"/>
<baseValue baseType="identifier">Feedback833725060</baseValue>
</multiple>
</setOutcomeValue>
</responseIf>
</responseCondition>
</responseProcessing>
<modalFeedback identifier="Feedback833725060" outcomeIdentifier="FEEDBACKMODAL" showHide="show">
<ul>
<li> Numeriek, ordinaal en continu. <br /> Incorrect </li>
<li> Categorisch, ordinaal en discreet. <br /> Correct </li>
<li> Numeriek, interval/ratio en continu. <br /> Incorrect </li>
<li> Numeriek, interval/ratio en discreet. <br /> Incorrect </li>
</ul>
</modalFeedback>
</assessmentItem>
