<?xml version="1.0" encoding="UTF-8"?>
<!DOCTYPE questestinterop SYSTEM "ims_qtiasiv1p2p1.dtd">

<questestinterop xmlns="http://www.imsglobal.org/xsd/ims_qtiasiv1p2" xmlns:xsi="http://www.w3.org/2001/XMLSchema-instance" xsi:schemaLocation="http://www.imsglobal.org/xsd/ims_qtiasiv1p2 http://www.imsglobal.org/xsd/ims_qtiasiv1p2p1.xsd">
<assessment ident="uva-simple-linear-regression-1394-nl-canvas_340337271" title="uva-simple-linear-regression-1394-nl-canvas">

<qtimetadata>
<qtimetadatafield>
<fieldlabel>cc_maxattempts</fieldlabel>
<fieldentry>1</fieldentry>
</qtimetadatafield>
<qtimetadatafield>
<fieldlabel>qmd_assessmenttype</fieldlabel>
<fieldentry>Assessment</fieldentry>
</qtimetadatafield>
</qtimetadata>
<objectives>
<material>
<mattext><![CDATA[Please solve the following exercises.]]></mattext>
</material>
</objectives>
<assessmentcontrol feedbackswitch="No" hintswitch="No" solutionswitch="Yes"/>
<outcomes_processing scoremodel="SumOfScores">
<outcomes>
<decvar varname="SCORE" vartype="Decimal" cutvalue="0"/>
</outcomes>
</outcomes_processing>
<assessfeedback title="AssessmentFeedback" ident="AssessmentFeedback">
<flow_mat>
<material>
<mattext>##AssessmentFeedback##</mattext>
</material>
</flow_mat>
</assessfeedback>

<section ident="uva-simple-linear-regression-1394-nl-canvas_340337271_section_1" title="Exercise">

<objectives>
<material>
<mattext><![CDATA[Please answer the following question.]]></mattext>
</material>
</objectives>
<selection_ordering>
<selection>
<selection_number>1</selection_number>
<selection_extension>
<points_per_item>1</points_per_item>
</selection_extension>
</selection>
<order order_type="Random"/>
</selection_ordering>

<item ident="uva-simple-linear-regression-1394-nl-canvas_340337271_section_1_item_1_schoice" title="Question" maxattempts="1">
<itemcontrol feedbackswitch="No" hintswitch="No" solutionswitch="Yes"/>
<itemmetadata>
<qtimetadata>
<qtimetadatafield>
<fieldlabel>question_type</fieldlabel>
<fieldentry>multiple_choice_question</fieldentry>
</qtimetadatafield>
</qtimetadata>
</itemmetadata>
<presentation>
<flow>
<material>
<matbreak/>
<mattext texttype="text/html" charset="utf-8"><![CDATA[
<p>In een onderzoek is bij 33 ouderen gekeken naar het verband tussen
leeftijd en het vermogen om ergens op te focussen. Hieronder staat een
spreidingsdiagram van de resultaten, met de bijbehorende regressielijn.<br />
Op grond van extrapolatie met behulp van de gegeven regressielijn zou
het geschatte vermogen om te focussen van een 100-jarige gelijk zijn
aan:</p>
<p><img src="data/supplements_1_1/uva-simple-linear-regression-1394-nl-graph01.png" /></p>
]]></mattext>
<matbreak/>
</material>
<response_lid ident="uva-simple-linear-regression-1394-nl-canvas_340337271_section_1_item_1_schoice_RESPONSE_1704568" rcardinality="Single" rtiming="No">
<render_choice shuffle="No">
<flow_label class="List">
<response_label ident="uva-simple-linear-regression-1394-nl-canvas_340337271_section_1_item_1_schoice_1879849188" rshuffle="No">
<material>
<mattext texttype="text/html" charset="utf-8"><![CDATA[
 -11.4
]]></mattext>
</material>
</response_label>
</flow_label>
<flow_label class="List">
<response_label ident="uva-simple-linear-regression-1394-nl-canvas_340337271_section_1_item_1_schoice_3387238631" rshuffle="No">
<material>
<mattext texttype="text/html" charset="utf-8"><![CDATA[
 -8.5
]]></mattext>
</material>
</response_label>
</flow_label>
<flow_label class="List">
<response_label ident="uva-simple-linear-regression-1394-nl-canvas_340337271_section_1_item_1_schoice_3954936629" rshuffle="No">
<material>
<mattext texttype="text/html" charset="utf-8"><![CDATA[
 -6.0
]]></mattext>
</material>
</response_label>
</flow_label>
<flow_label class="List">
<response_label ident="uva-simple-linear-regression-1394-nl-canvas_340337271_section_1_item_1_schoice_3553497153" rshuffle="No">
<material>
<mattext texttype="text/html" charset="utf-8"><![CDATA[
 -4.4
]]></mattext>
</material>
</response_label>
</flow_label>
</render_choice>
</response_lid>
</flow>
</presentation>
<resprocessing>
<outcomes>
<decvar varname="SCORE" vartype="Decimal" defaultval="0" minvalue="0" maxvalue="1" cutvalue="1"/>
</outcomes>
<respcondition title="Mastery" continue="No">
<conditionvar>
<and>
<varequal respident="uva-simple-linear-regression-1394-nl-canvas_340337271_section_1_item_1_schoice_RESPONSE_1704568" case="Yes">uva-simple-linear-regression-1394-nl-canvas_340337271_section_1_item_1_schoice_3387238631</varequal>
<not> <varequal respident="uva-simple-linear-regression-1394-nl-canvas_340337271_section_1_item_1_schoice_RESPONSE_1704568" case="Yes">uva-simple-linear-regression-1394-nl-canvas_340337271_section_1_item_1_schoice_1879849188</varequal> </not>
<not> <varequal respident="uva-simple-linear-regression-1394-nl-canvas_340337271_section_1_item_1_schoice_RESPONSE_1704568" case="Yes">uva-simple-linear-regression-1394-nl-canvas_340337271_section_1_item_1_schoice_3954936629</varequal> </not>
<not> <varequal respident="uva-simple-linear-regression-1394-nl-canvas_340337271_section_1_item_1_schoice_RESPONSE_1704568" case="Yes">uva-simple-linear-regression-1394-nl-canvas_340337271_section_1_item_1_schoice_3553497153</varequal> </not>
</and>
</conditionvar>
<setvar varname="SCORE" action="Set">1</setvar>
<displayfeedback feedbacktype="Response" linkrefid="correct_fb"/>
</respcondition>
<respcondition continue="Yes">
<conditionvar>
<other/>
</conditionvar>
<displayfeedback feedbacktype="Response" linkrefid="general_incorrect_fb"/>
</respcondition>
</resprocessing>
<itemfeedback ident="correct_fb" view="All">
<flow_mat>
<material>
<mattext texttype="text/html"><![CDATA[
<ul>
<li> -11.4 <br /> -11.4: Incorrect </li>
<li> -8.5 <br /> -8.5: Correct </li>
<li> -6.0 <br /> -6.0: Incorrect </li>
<li> -4.4 <br /> -4.4: Incorrect </li>
</ul>
]]></mattext>
</material>
</flow_mat>
</itemfeedback>
<itemfeedback ident="general_incorrect_fb" view="All">
<flow_mat>
<material>
<mattext texttype="text/html"><![CDATA[
<ul>
<li> -11.4 <br /> -11.4: Incorrect </li>
<li> -8.5 <br /> -8.5: Correct </li>
<li> -6.0 <br /> -6.0: Incorrect </li>
<li> -4.4 <br /> -4.4: Incorrect </li>
</ul>
]]></mattext>
</material>
</flow_mat>
</itemfeedback>
</item>


</section>

</assessment>
</questestinterop>
