<?xml version="1.0" encoding="UTF-8"?>
<assessmentItem xsi:schemaLocation="http://www.imsglobal.org/xsd/imsqti_v2p1 http://www.imsglobal.org/xsd/qti/qtiv2p1/imsqti_v2p1p1.xsd http://www.w3.org/1998/Math/MathML http://www.w3.org/Math/XMLSchema/mathml2/mathml2.xsd" identifier="vufgb-boxplot-002-en-ans_832275307_section_1_item_1_schoice" title="Descriptive-statistics_vufgb-boxplot-002-en_vufgb-boxplot-002-en_schoice_1" adaptive="false" timeDependent="false" xmlns="http://www.imsglobal.org/xsd/imsqti_v2p1" xmlns:xsi="http://www.w3.org/2001/XMLSchema-instance">
<responseDeclaration identifier="vufgb-boxplot-002-en-ans_832275307_section_1_item_1_schoice_RESPONSE_1_9930366" cardinality="single" baseType="identifier">
<correctResponse>
<value>vufgb-boxplot-002-en-ans_832275307_section_1_item_1_schoice_1_1266694204</value>
</correctResponse>
<mapping defaultValue="0" lowerBound="0.0">
<mapEntry mapKey="vufgb-boxplot-002-en-ans_832275307_section_1_item_1_schoice_1_1266694204" mappedValue="1"/>
<mapEntry mapKey="vufgb-boxplot-002-en-ans_832275307_section_1_item_1_schoice_2_4105833614" mappedValue="0"/>
<mapEntry mapKey="vufgb-boxplot-002-en-ans_832275307_section_1_item_1_schoice_3_1616159143" mappedValue="0"/>
<mapEntry mapKey="vufgb-boxplot-002-en-ans_832275307_section_1_item_1_schoice_4_3965402074" mappedValue="0"/>
</mapping>
</responseDeclaration>
<outcomeDeclaration identifier="SCORE" cardinality="single" baseType="float" normalMaximum="1" normalMinimum="0">
<defaultValue>
<value>0.0</value>
</defaultValue>
</outcomeDeclaration>
<outcomeDeclaration identifier="MAXSCORE" cardinality="single" baseType="float">
<defaultValue>
<value>1</value>
</defaultValue>
</outcomeDeclaration>
<outcomeDeclaration identifier="FEEDBACKBASIC" cardinality="single" baseType="identifier" view="testConstructor">
<defaultValue>
<value>empty</value>
</defaultValue>
</outcomeDeclaration>
<outcomeDeclaration identifier="FEEDBACKMODAL" cardinality="multiple" baseType="identifier" view="testConstructor"/>
<outcomeDeclaration identifier="SOLUTIONMODAL" cardinality="single" baseType="identifier" view="testConstructor"/>
<outcomeDeclaration identifier="MINSCORE" cardinality="single" baseType="float">
<defaultValue>
<value baseType="float">0</value>
</defaultValue>
</outcomeDeclaration>
<outcomeDeclaration identifier="SCORE_RESPONSE_1" cardinality="single" baseType="float">
<defaultValue>
<value>0.0</value>
</defaultValue>
</outcomeDeclaration>
<outcomeDeclaration identifier="MINSCORE_RESPONSE_1" cardinality="single" baseType="float">
<defaultValue>
<value>0.0</value>
</defaultValue>
</outcomeDeclaration>
<itemBody>
<p>Given is the boxplot below for the variable “violent”. Which statement is TRUE?</p>
<p><img src="media/supplements1/vufgb-boxplot-002-nl-boxplot01.jpg" /></p>
<choiceInteraction responseIdentifier="vufgb-boxplot-002-en-ans_832275307_section_1_item_1_schoice_RESPONSE_1_9930366" shuffle="false" maxChoices="1">
<simpleChoice identifier="vufgb-boxplot-002-en-ans_832275307_section_1_item_1_schoice_1_1266694204">
<p>
 The variable is quantitative, and skewed to the right.
</p>
</simpleChoice>
<simpleChoice identifier="vufgb-boxplot-002-en-ans_832275307_section_1_item_1_schoice_2_4105833614">
<p>
 The variable is quantitative, and skewed to the left.
</p>
</simpleChoice>
<simpleChoice identifier="vufgb-boxplot-002-en-ans_832275307_section_1_item_1_schoice_3_1616159143">
<p>
 The variable is categorical, and skewed to the right.
</p>
</simpleChoice>
<simpleChoice identifier="vufgb-boxplot-002-en-ans_832275307_section_1_item_1_schoice_4_3965402074">
<p>
 The variable is categorical, and skewed to the left.
</p>
</simpleChoice>
</choiceInteraction>
</itemBody>
<responseProcessing>
<setOutcomeValue identifier="SCORE_RESPONSE_1">
<sum>
<variable identifier="SCORE_RESPONSE_1"/>
<mapResponse identifier="vufgb-boxplot-002-en-ans_832275307_section_1_item_1_schoice_RESPONSE_1_9930366"/>
</sum>
</setOutcomeValue>
<responseCondition>
<responseIf>
<lt>
<variable identifier="SCORE_RESPONSE_1"/>
<variable identifier="MINSCORE_RESPONSE_1"/>
</lt>
<setOutcomeValue identifier="SCORE_RESPONSE_1">
<variable identifier="MINSCORE_RESPONSE_1"/>
</setOutcomeValue>
</responseIf>
</responseCondition>
<responseCondition>
<responseIf>
<isNull>
<variable identifier="vufgb-boxplot-002-en-ans_832275307_section_1_item_1_schoice_RESPONSE_1_9930366"/>
</isNull>
<setOutcomeValue identifier="SCORE_RESPONSE_1">
<sum>
<variable identifier="SCORE_RESPONSE_1"/>
<baseValue baseType="float">0</baseValue>
</sum>
</setOutcomeValue>
</responseIf>
</responseCondition>
<setOutcomeValue identifier="SCORE">
<sum>
<variable identifier="SCORE_RESPONSE_1"/>
</sum>
</setOutcomeValue>
<responseCondition>
<responseIf>
<lt>
<variable identifier="SCORE"/>
<variable identifier="MINSCORE"/>
</lt>
<setOutcomeValue identifier="SCORE">
<variable identifier="MINSCORE"/>
</setOutcomeValue>
</responseIf>
</responseCondition>
<responseCondition>
<responseIf>
<lt>
<variable identifier="SCORE"/>
<baseValue baseType="float">1</baseValue>
</lt>
<setOutcomeValue identifier="FEEDBACKMODAL">
<multiple>
<variable identifier="FEEDBACKMODAL"/>
<baseValue baseType="identifier">Feedback936293992</baseValue>
</multiple>
</setOutcomeValue>
</responseIf>
</responseCondition>
</responseProcessing>
<modalFeedback outcomeIdentifier="FEEDBACK" showHide="show" identifier="incorrect">
<ul>
<li> The variable is quantitative, and skewed to the right. <br /> Correct </li>
<li> The variable is quantitative, and skewed to the left. <br /> Incorrect </li>
<li> The variable is categorical, and skewed to the right. <br /> Incorrect </li>
<li> The variable is categorical, and skewed to the left. <br /> Incorrect </li>
</ul>
</modalFeedback>
</assessmentItem>
