<?xml version="1.0" encoding="UTF-8"?>
<assessmentItem xsi:schemaLocation="http://www.imsglobal.org/xsd/imsqti_v2p1 http://www.imsglobal.org/xsd/qti/qtiv2p1/imsqti_v2p1p1.xsd http://www.w3.org/1998/Math/MathML http://www.w3.org/Math/XMLSchema/mathml2/mathml2.xsd" identifier="vufgb-typeiierror-004-en_372248780_section_1_item_1_schoice" title="1" adaptive="false" timeDependent="false" xmlns="http://www.imsglobal.org/xsd/imsqti_v2p1" xmlns:xsi="http://www.w3.org/2001/XMLSchema-instance">
<responseDeclaration identifier="vufgb-typeiierror-004-en_372248780_section_1_item_1_schoice_RESPONSE_1_1162465" cardinality="single" baseType="identifier">
<correctResponse>
<value>vufgb-typeiierror-004-en_372248780_section_1_item_1_schoice_2_3755677312</value>
</correctResponse>
<mapping defaultValue="0" lowerBound="0.0">
<mapEntry mapKey="vufgb-typeiierror-004-en_372248780_section_1_item_1_schoice_1_8270097695" mappedValue="0"/>
<mapEntry mapKey="vufgb-typeiierror-004-en_372248780_section_1_item_1_schoice_2_3755677312" mappedValue="1"/>
<mapEntry mapKey="vufgb-typeiierror-004-en_372248780_section_1_item_1_schoice_3_2066680736" mappedValue="0"/>
<mapEntry mapKey="vufgb-typeiierror-004-en_372248780_section_1_item_1_schoice_4_5730273575" mappedValue="0"/>
</mapping>
</responseDeclaration>
<outcomeDeclaration identifier="SCORE" cardinality="single" baseType="float" normalMaximum="1" normalMinimum="0">
<defaultValue>
<value>0.0</value>
</defaultValue>
</outcomeDeclaration>
<outcomeDeclaration identifier="MAXSCORE" cardinality="single" baseType="float">
<defaultValue>
<value>1</value>
</defaultValue>
</outcomeDeclaration>
<outcomeDeclaration identifier="FEEDBACKBASIC" cardinality="single" baseType="identifier" view="testConstructor">
<defaultValue>
<value>empty</value>
</defaultValue>
</outcomeDeclaration>
<outcomeDeclaration identifier="FEEDBACKMODAL" cardinality="multiple" baseType="identifier" view="testConstructor"/>
<outcomeDeclaration identifier="MINSCORE" cardinality="single" baseType="float">
<defaultValue>
<value baseType="float">0</value>
</defaultValue>
</outcomeDeclaration>
<outcomeDeclaration identifier="SCORE_RESPONSE_1" cardinality="single" baseType="float">
<defaultValue>
<value>0.0</value>
</defaultValue>
</outcomeDeclaration>
<outcomeDeclaration identifier="MINSCORE_RESPONSE_1" cardinality="single" baseType="float">
<defaultValue>
<value>0.0</value>
</defaultValue>
</outcomeDeclaration>
<itemBody>
<p>Which of the following actions increases the probability of making a Type II error?</p>
<choiceInteraction responseIdentifier="vufgb-typeiierror-004-en_372248780_section_1_item_1_schoice_RESPONSE_1_1162465" shuffle="false" maxChoices="1">
<simpleChoice identifier="vufgb-typeiierror-004-en_372248780_section_1_item_1_schoice_1_8270097695">
<p>
a. Increasing the significance level from 0.01 to 0.05.
</p>
</simpleChoice>
<simpleChoice identifier="vufgb-typeiierror-004-en_372248780_section_1_item_1_schoice_2_3755677312">
<p>
b. Decreasing the sample size.
</p>
</simpleChoice>
<simpleChoice identifier="vufgb-typeiierror-004-en_372248780_section_1_item_1_schoice_3_2066680736">
<p>
c. Increasing the sample size.
</p>
</simpleChoice>
<simpleChoice identifier="vufgb-typeiierror-004-en_372248780_section_1_item_1_schoice_4_5730273575">
<p>
d. <strong>Testing</strong> multiple hypotheses.
</p>
</simpleChoice>
</choiceInteraction>
</itemBody>
<responseProcessing>
<responseCondition>
<responseIf>
<isNull>
<variable identifier="vufgb-typeiierror-004-en_372248780_section_1_item_1_schoice_RESPONSE_1_1162465"/>
</isNull>
<setOutcomeValue identifier="SCORE_RESPONSE_1">
<sum>
<variable identifier="SCORE_RESPONSE_1"/>
<baseValue baseType="float">0</baseValue>
</sum>
</setOutcomeValue>
</responseIf>
</responseCondition>
<setOutcomeValue identifier="SCORE_RESPONSE_1">
<sum>
<variable identifier="SCORE_RESPONSE_1"/>
<mapResponse identifier="vufgb-typeiierror-004-en_372248780_section_1_item_1_schoice_RESPONSE_1_1162465"/>
</sum>
</setOutcomeValue>
<responseCondition>
<responseIf>
<lt>
<variable identifier="SCORE_RESPONSE_1"/>
<variable identifier="MINSCORE_RESPONSE_1"/>
</lt>
<setOutcomeValue identifier="SCORE_RESPONSE_1">
<variable identifier="MINSCORE_RESPONSE_1"/>
</setOutcomeValue>
</responseIf>
</responseCondition>
<setOutcomeValue identifier="SCORE">
<sum>
<variable identifier="SCORE_RESPONSE_1"/>
</sum>
</setOutcomeValue>
<responseCondition>
<responseIf>
<lt>
<variable identifier="SCORE"/>
<variable identifier="MINSCORE"/>
</lt>
<setOutcomeValue identifier="SCORE">
<variable identifier="MINSCORE"/>
</setOutcomeValue>
</responseIf>
</responseCondition>
<responseCondition>
<responseIf>
<lt>
<variable identifier="SCORE"/>
<baseValue baseType="float">1</baseValue>
</lt>
<setOutcomeValue identifier="FEEDBACKMODAL">
<multiple>
<variable identifier="FEEDBACKMODAL"/>
<baseValue baseType="identifier">Feedback187238010</baseValue>
</multiple>
</setOutcomeValue>
</responseIf>
</responseCondition>
</responseProcessing>
<modalFeedback identifier="Feedback187238010" outcomeIdentifier="FEEDBACKMODAL" showHide="show">
<ol type = "a">
<li> Increasing the significance level from 0.01 to 0.05. <br /> Incorrect </li>
<li> Decreasing the sample size. <br /> Correct </li>
<li> Increasing the sample size. <br /> Incorrect </li>
<li> <strong>Testing</strong> multiple hypotheses. <br /> Incorrect </li>
</ol>
</modalFeedback>
</assessmentItem>
