<?xml version="1.0" encoding="UTF-8"?>
<assessmentItem xsi:schemaLocation="http://www.imsglobal.org/xsd/imsqti_v2p1 http://www.imsglobal.org/xsd/qti/qtiv2p1/imsqti_v2p1p1.xsd http://www.w3.org/1998/Math/MathML http://www.w3.org/Math/XMLSchema/mathml2/mathml2.xsd" identifier="uva-general-rules-1331-nl-qti_476940975_section_1_item_1_schoice" title="1" adaptive="false" timeDependent="false" xmlns="http://www.imsglobal.org/xsd/imsqti_v2p1" xmlns:xsi="http://www.w3.org/2001/XMLSchema-instance">
<responseDeclaration identifier="uva-general-rules-1331-nl-qti_476940975_section_1_item_1_schoice_RESPONSE_1_9831902" cardinality="single" baseType="identifier">
<correctResponse>
<value>uva-general-rules-1331-nl-qti_476940975_section_1_item_1_schoice_4_3359678285</value>
</correctResponse>
<mapping defaultValue="0" lowerBound="0.0">
<mapEntry mapKey="uva-general-rules-1331-nl-qti_476940975_section_1_item_1_schoice_1_5359716987" mappedValue="0"/>
<mapEntry mapKey="uva-general-rules-1331-nl-qti_476940975_section_1_item_1_schoice_2_3015406816" mappedValue="0"/>
<mapEntry mapKey="uva-general-rules-1331-nl-qti_476940975_section_1_item_1_schoice_3_1778989768" mappedValue="0"/>
<mapEntry mapKey="uva-general-rules-1331-nl-qti_476940975_section_1_item_1_schoice_4_3359678285" mappedValue="1"/>
</mapping>
</responseDeclaration>
<outcomeDeclaration identifier="SCORE" cardinality="single" baseType="float" normalMaximum="1" normalMinimum="0">
<defaultValue>
<value>0.0</value>
</defaultValue>
</outcomeDeclaration>
<outcomeDeclaration identifier="MAXSCORE" cardinality="single" baseType="float">
<defaultValue>
<value>1</value>
</defaultValue>
</outcomeDeclaration>
<outcomeDeclaration identifier="FEEDBACKBASIC" cardinality="single" baseType="identifier" view="testConstructor">
<defaultValue>
<value>empty</value>
</defaultValue>
</outcomeDeclaration>
<outcomeDeclaration identifier="FEEDBACKMODAL" cardinality="multiple" baseType="identifier" view="testConstructor"/>
<outcomeDeclaration identifier="SOLUTIONMODAL" cardinality="single" baseType="identifier" view="testConstructor"/>
<outcomeDeclaration identifier="MINSCORE" cardinality="single" baseType="float">
<defaultValue>
<value baseType="float">0</value>
</defaultValue>
</outcomeDeclaration>
<outcomeDeclaration identifier="SCORE_RESPONSE_1" cardinality="single" baseType="float">
<defaultValue>
<value>0.0</value>
</defaultValue>
</outcomeDeclaration>
<outcomeDeclaration identifier="MINSCORE_RESPONSE_1" cardinality="single" baseType="float">
<defaultValue>
<value>0.0</value>
</defaultValue>
</outcomeDeclaration>
<itemBody>
<p>11% van de eerstejaars studenten doet een aanvullende cursus Statistiek.
Stel dat je een willekeurige steekproef neemt van 12
eerstejaarsstudenten.<br />
Wat is dan de kans dat er ten minste één student is die aan de cursus
Statistiek meedoet?</p>
<choiceInteraction responseIdentifier="uva-general-rules-1331-nl-qti_476940975_section_1_item_1_schoice_RESPONSE_1_9831902" shuffle="false" maxChoices="1">
<simpleChoice identifier="uva-general-rules-1331-nl-qti_476940975_section_1_item_1_schoice_1_5359716987">
<p>
 0,1111
</p>
</simpleChoice>
<simpleChoice identifier="uva-general-rules-1331-nl-qti_476940975_section_1_item_1_schoice_2_3015406816">
<p>
 1-0,1111
</p>
</simpleChoice>
<simpleChoice identifier="uva-general-rules-1331-nl-qti_476940975_section_1_item_1_schoice_3_1778989768">
<p>
 0,8912
</p>
</simpleChoice>
<simpleChoice identifier="uva-general-rules-1331-nl-qti_476940975_section_1_item_1_schoice_4_3359678285">
<p>
 1-0,8912
</p>
</simpleChoice>
</choiceInteraction>
</itemBody>
<responseProcessing>
<setOutcomeValue identifier="SCORE_RESPONSE_1">
<sum>
<variable identifier="SCORE_RESPONSE_1"/>
<mapResponse identifier="uva-general-rules-1331-nl-qti_476940975_section_1_item_1_schoice_RESPONSE_1_9831902"/>
</sum>
</setOutcomeValue>
<responseCondition>
<responseIf>
<lt>
<variable identifier="SCORE_RESPONSE_1"/>
<variable identifier="MINSCORE_RESPONSE_1"/>
</lt>
<setOutcomeValue identifier="SCORE_RESPONSE_1">
<variable identifier="MINSCORE_RESPONSE_1"/>
</setOutcomeValue>
</responseIf>
</responseCondition>
<responseCondition>
<responseIf>
<isNull>
<variable identifier="uva-general-rules-1331-nl-qti_476940975_section_1_item_1_schoice_RESPONSE_1_9831902"/>
</isNull>
<setOutcomeValue identifier="SCORE_RESPONSE_1">
<sum>
<variable identifier="SCORE_RESPONSE_1"/>
<baseValue baseType="float">0</baseValue>
</sum>
</setOutcomeValue>
</responseIf>
</responseCondition>
<setOutcomeValue identifier="SCORE">
<sum>
<variable identifier="SCORE_RESPONSE_1"/>
</sum>
</setOutcomeValue>
<responseCondition>
<responseIf>
<lt>
<variable identifier="SCORE"/>
<variable identifier="MINSCORE"/>
</lt>
<setOutcomeValue identifier="SCORE">
<variable identifier="MINSCORE"/>
</setOutcomeValue>
</responseIf>
</responseCondition>
<responseCondition>
<responseIf>
<lt>
<variable identifier="SCORE"/>
<baseValue baseType="float">1</baseValue>
</lt>
<setOutcomeValue identifier="FEEDBACKMODAL">
<multiple>
<variable identifier="FEEDBACKMODAL"/>
<baseValue baseType="identifier">Feedback738359166</baseValue>
</multiple>
</setOutcomeValue>
</responseIf>
</responseCondition>
</responseProcessing>
<modalFeedback identifier="Feedback738359166" outcomeIdentifier="FEEDBACKMODAL" showHide="show">
<p>Het correcte antwoord is:</p>
<ul>
<li>1-0,8912</li>
</ul>
</modalFeedback>
</assessmentItem>
