<?xml version="1.0" encoding="UTF-8"?>
<assessmentItem xsi:schemaLocation="http://www.imsglobal.org/xsd/imsqti_v2p1 http://www.imsglobal.org/xsd/qti/qtiv2p1/imsqti_v2p1p1.xsd http://www.w3.org/1998/Math/MathML http://www.w3.org/Math/XMLSchema/mathml2/mathml2.xsd" identifier="uva-paired-samples-396-nl-qti_974188825_section_1_item_1_schoice" title="1" adaptive="false" timeDependent="false" xmlns="http://www.imsglobal.org/xsd/imsqti_v2p1" xmlns:xsi="http://www.w3.org/2001/XMLSchema-instance">
<responseDeclaration identifier="uva-paired-samples-396-nl-qti_974188825_section_1_item_1_schoice_RESPONSE_1_4156793" cardinality="single" baseType="identifier">
<correctResponse>
<value>uva-paired-samples-396-nl-qti_974188825_section_1_item_1_schoice_3_9572726084</value>
</correctResponse>
<mapping defaultValue="0" lowerBound="0.0">
<mapEntry mapKey="uva-paired-samples-396-nl-qti_974188825_section_1_item_1_schoice_1_1976671073" mappedValue="0"/>
<mapEntry mapKey="uva-paired-samples-396-nl-qti_974188825_section_1_item_1_schoice_2_4810985353" mappedValue="0"/>
<mapEntry mapKey="uva-paired-samples-396-nl-qti_974188825_section_1_item_1_schoice_3_9572726084" mappedValue="1"/>
<mapEntry mapKey="uva-paired-samples-396-nl-qti_974188825_section_1_item_1_schoice_4_6860108719" mappedValue="0"/>
</mapping>
</responseDeclaration>
<outcomeDeclaration identifier="SCORE" cardinality="single" baseType="float" normalMaximum="1" normalMinimum="0">
<defaultValue>
<value>0.0</value>
</defaultValue>
</outcomeDeclaration>
<outcomeDeclaration identifier="MAXSCORE" cardinality="single" baseType="float">
<defaultValue>
<value>1</value>
</defaultValue>
</outcomeDeclaration>
<outcomeDeclaration identifier="FEEDBACKBASIC" cardinality="single" baseType="identifier" view="testConstructor">
<defaultValue>
<value>empty</value>
</defaultValue>
</outcomeDeclaration>
<outcomeDeclaration identifier="FEEDBACKMODAL" cardinality="multiple" baseType="identifier" view="testConstructor"/>
<outcomeDeclaration identifier="SOLUTIONMODAL" cardinality="single" baseType="identifier" view="testConstructor"/>
<outcomeDeclaration identifier="MINSCORE" cardinality="single" baseType="float">
<defaultValue>
<value baseType="float">0</value>
</defaultValue>
</outcomeDeclaration>
<outcomeDeclaration identifier="SCORE_RESPONSE_1" cardinality="single" baseType="float">
<defaultValue>
<value>0.0</value>
</defaultValue>
</outcomeDeclaration>
<outcomeDeclaration identifier="MINSCORE_RESPONSE_1" cardinality="single" baseType="float">
<defaultValue>
<value>0.0</value>
</defaultValue>
</outcomeDeclaration>
<itemBody>
<p>Bij vijf personen is de hartslag voor en 15 minuten na een langdurige,
zware inspanning gemeten, met als resultaten:</p>
<table>
<tbody>
<tr class="odd">
<td align="left">Persoon</td>
<td align="left">1</td>
<td align="left">2</td>
<td align="left">3</td>
<td align="left">4</td>
<td align="left">5</td>
</tr>
<tr class="even">
<td align="left">Hartslag voor</td>
<td align="left">70</td>
<td align="left">65</td>
<td align="left">81</td>
<td align="left">57</td>
<td align="left">74</td>
</tr>
<tr class="odd">
<td align="left">Hartslag a</td>
<td align="left">75</td>
<td align="left">64</td>
<td align="left">86</td>
<td align="left">59</td>
<td align="left">79</td>
</tr>
</tbody>
</table>
<p>We willen toetsen of het verschil tussen de gemiddelde hartslag na en
voor de inspanning gelijk is aan 0, met behulp van een gepaarde T-toets.
De waarde van de toetsingsgrootheid T is gelijk aan</p>
<choiceInteraction responseIdentifier="uva-paired-samples-396-nl-qti_974188825_section_1_item_1_schoice_RESPONSE_1_4156793" shuffle="false" maxChoices="1">
<simpleChoice identifier="uva-paired-samples-396-nl-qti_974188825_section_1_item_1_schoice_1_1976671073">
<p>
 0.5
</p>
</simpleChoice>
<simpleChoice identifier="uva-paired-samples-396-nl-qti_974188825_section_1_item_1_schoice_2_4810985353">
<p>
 1.19
</p>
</simpleChoice>
<simpleChoice identifier="uva-paired-samples-396-nl-qti_974188825_section_1_item_1_schoice_3_9572726084">
<p>
 2.67
</p>
</simpleChoice>
<simpleChoice identifier="uva-paired-samples-396-nl-qti_974188825_section_1_item_1_schoice_4_6860108719">
<p>
 3.2
</p>
</simpleChoice>
</choiceInteraction>
</itemBody>
<responseProcessing>
<setOutcomeValue identifier="SCORE_RESPONSE_1">
<sum>
<variable identifier="SCORE_RESPONSE_1"/>
<mapResponse identifier="uva-paired-samples-396-nl-qti_974188825_section_1_item_1_schoice_RESPONSE_1_4156793"/>
</sum>
</setOutcomeValue>
<responseCondition>
<responseIf>
<lt>
<variable identifier="SCORE_RESPONSE_1"/>
<variable identifier="MINSCORE_RESPONSE_1"/>
</lt>
<setOutcomeValue identifier="SCORE_RESPONSE_1">
<variable identifier="MINSCORE_RESPONSE_1"/>
</setOutcomeValue>
</responseIf>
</responseCondition>
<responseCondition>
<responseIf>
<isNull>
<variable identifier="uva-paired-samples-396-nl-qti_974188825_section_1_item_1_schoice_RESPONSE_1_4156793"/>
</isNull>
<setOutcomeValue identifier="SCORE_RESPONSE_1">
<sum>
<variable identifier="SCORE_RESPONSE_1"/>
<baseValue baseType="float">0</baseValue>
</sum>
</setOutcomeValue>
</responseIf>
</responseCondition>
<setOutcomeValue identifier="SCORE">
<sum>
<variable identifier="SCORE_RESPONSE_1"/>
</sum>
</setOutcomeValue>
<responseCondition>
<responseIf>
<lt>
<variable identifier="SCORE"/>
<variable identifier="MINSCORE"/>
</lt>
<setOutcomeValue identifier="SCORE">
<variable identifier="MINSCORE"/>
</setOutcomeValue>
</responseIf>
</responseCondition>
<responseCondition>
<responseIf>
<lt>
<variable identifier="SCORE"/>
<baseValue baseType="float">1</baseValue>
</lt>
<setOutcomeValue identifier="FEEDBACKMODAL">
<multiple>
<variable identifier="FEEDBACKMODAL"/>
<baseValue baseType="identifier">Feedback440871847</baseValue>
</multiple>
</setOutcomeValue>
</responseIf>
</responseCondition>
</responseProcessing>
<modalFeedback identifier="Feedback440871847" outcomeIdentifier="FEEDBACKMODAL" showHide="show">
<p>Het correcte antwoord is:</p>
<ul>
<li>2.67</li>
</ul>
</modalFeedback>
</assessmentItem>
