<?xml version="1.0" encoding="UTF-8"?>
<assessmentItem xsi:schemaLocation="http://www.imsglobal.org/xsd/imsqti_v2p1 http://www.imsglobal.org/xsd/qti/qtiv2p1/imsqti_v2p1p1.xsd http://www.w3.org/1998/Math/MathML http://www.w3.org/Math/XMLSchema/mathml2/mathml2.xsd" identifier="uva-elementary-probability-1027-nl-ans_468111084_section_1_item_1_schoice" title="Probability_uva-elementary-probability-1027-nl_uva-elementary-probability-1027-nl_schoice_1" adaptive="false" timeDependent="false" xmlns="http://www.imsglobal.org/xsd/imsqti_v2p1" xmlns:xsi="http://www.w3.org/2001/XMLSchema-instance">
<responseDeclaration identifier="uva-elementary-probability-1027-nl-ans_468111084_section_1_item_1_schoice_RESPONSE_1_6489057" cardinality="single" baseType="identifier">
<correctResponse>
<value>uva-elementary-probability-1027-nl-ans_468111084_section_1_item_1_schoice_3_1312307298</value>
</correctResponse>
<mapping defaultValue="0" lowerBound="0.0">
<mapEntry mapKey="uva-elementary-probability-1027-nl-ans_468111084_section_1_item_1_schoice_1_1306292464" mappedValue="0"/>
<mapEntry mapKey="uva-elementary-probability-1027-nl-ans_468111084_section_1_item_1_schoice_2_1478866343" mappedValue="0"/>
<mapEntry mapKey="uva-elementary-probability-1027-nl-ans_468111084_section_1_item_1_schoice_3_1312307298" mappedValue="1"/>
<mapEntry mapKey="uva-elementary-probability-1027-nl-ans_468111084_section_1_item_1_schoice_4_8378170759" mappedValue="0"/>
</mapping>
</responseDeclaration>
<outcomeDeclaration identifier="SCORE" cardinality="single" baseType="float" normalMaximum="1" normalMinimum="0">
<defaultValue>
<value>0.0</value>
</defaultValue>
</outcomeDeclaration>
<outcomeDeclaration identifier="MAXSCORE" cardinality="single" baseType="float">
<defaultValue>
<value>1</value>
</defaultValue>
</outcomeDeclaration>
<outcomeDeclaration identifier="FEEDBACKBASIC" cardinality="single" baseType="identifier" view="testConstructor">
<defaultValue>
<value>empty</value>
</defaultValue>
</outcomeDeclaration>
<outcomeDeclaration identifier="FEEDBACKMODAL" cardinality="multiple" baseType="identifier" view="testConstructor"/>
<outcomeDeclaration identifier="SOLUTIONMODAL" cardinality="single" baseType="identifier" view="testConstructor"/>
<outcomeDeclaration identifier="MINSCORE" cardinality="single" baseType="float">
<defaultValue>
<value baseType="float">0</value>
</defaultValue>
</outcomeDeclaration>
<outcomeDeclaration identifier="SCORE_RESPONSE_1" cardinality="single" baseType="float">
<defaultValue>
<value>0.0</value>
</defaultValue>
</outcomeDeclaration>
<outcomeDeclaration identifier="MINSCORE_RESPONSE_1" cardinality="single" baseType="float">
<defaultValue>
<value>0.0</value>
</defaultValue>
</outcomeDeclaration>
<itemBody>
<p>Pak één fiche uit een dichte doos waarin 20 fiches liggen. De fiches
zijn genummerd van 1 tot en met 20. <em>A</em> is de gebeurtenis dat het nummer
op het willekeurig gekozen fiche deelbaar is door 3 <strong><em>of</em></strong> door 4. Hoe
groot is de kans op gebeurtenis <em>A</em>?</p>
<choiceInteraction responseIdentifier="uva-elementary-probability-1027-nl-ans_468111084_section_1_item_1_schoice_RESPONSE_1_6489057" shuffle="false" maxChoices="1">
<simpleChoice identifier="uva-elementary-probability-1027-nl-ans_468111084_section_1_item_1_schoice_1_1306292464">
<p>
 1/20
</p>
</simpleChoice>
<simpleChoice identifier="uva-elementary-probability-1027-nl-ans_468111084_section_1_item_1_schoice_2_1478866343">
<p>
 1/10
</p>
</simpleChoice>
<simpleChoice identifier="uva-elementary-probability-1027-nl-ans_468111084_section_1_item_1_schoice_3_1312307298">
<p>
 1/2
</p>
</simpleChoice>
<simpleChoice identifier="uva-elementary-probability-1027-nl-ans_468111084_section_1_item_1_schoice_4_8378170759">
<p>
 11/20
</p>
</simpleChoice>
</choiceInteraction>
</itemBody>
<responseProcessing>
<setOutcomeValue identifier="SCORE_RESPONSE_1">
<sum>
<variable identifier="SCORE_RESPONSE_1"/>
<mapResponse identifier="uva-elementary-probability-1027-nl-ans_468111084_section_1_item_1_schoice_RESPONSE_1_6489057"/>
</sum>
</setOutcomeValue>
<responseCondition>
<responseIf>
<lt>
<variable identifier="SCORE_RESPONSE_1"/>
<variable identifier="MINSCORE_RESPONSE_1"/>
</lt>
<setOutcomeValue identifier="SCORE_RESPONSE_1">
<variable identifier="MINSCORE_RESPONSE_1"/>
</setOutcomeValue>
</responseIf>
</responseCondition>
<responseCondition>
<responseIf>
<isNull>
<variable identifier="uva-elementary-probability-1027-nl-ans_468111084_section_1_item_1_schoice_RESPONSE_1_6489057"/>
</isNull>
<setOutcomeValue identifier="SCORE_RESPONSE_1">
<sum>
<variable identifier="SCORE_RESPONSE_1"/>
<baseValue baseType="float">0</baseValue>
</sum>
</setOutcomeValue>
</responseIf>
</responseCondition>
<setOutcomeValue identifier="SCORE">
<sum>
<variable identifier="SCORE_RESPONSE_1"/>
</sum>
</setOutcomeValue>
<responseCondition>
<responseIf>
<lt>
<variable identifier="SCORE"/>
<variable identifier="MINSCORE"/>
</lt>
<setOutcomeValue identifier="SCORE">
<variable identifier="MINSCORE"/>
</setOutcomeValue>
</responseIf>
</responseCondition>
<responseCondition>
<responseIf>
<lt>
<variable identifier="SCORE"/>
<baseValue baseType="float">1</baseValue>
</lt>
<setOutcomeValue identifier="FEEDBACKMODAL">
<multiple>
<variable identifier="FEEDBACKMODAL"/>
<baseValue baseType="identifier">Feedback792375028</baseValue>
</multiple>
</setOutcomeValue>
</responseIf>
</responseCondition>
</responseProcessing>
<modalFeedback outcomeIdentifier="FEEDBACK" showHide="show" identifier="incorrect">
<ul>
<li> 1/20 <br /> 1/20: Incorrect </li>
<li> 1/10 <br /> 1/10: Incorrect </li>
<li> 1/2 <br /> 1/2: Correct </li>
<li> 11/20 <br /> 11/20: Incorrect </li>
</ul>
</modalFeedback>
</assessmentItem>
