<?xml version="1.0" encoding="UTF-8"?>
<assessmentItem xsi:schemaLocation="http://www.imsglobal.org/xsd/imsqti_v2p1 http://www.imsglobal.org/xsd/qti/qtiv2p1/imsqti_v2p1p1.xsd http://www.w3.org/1998/Math/MathML http://www.w3.org/Math/XMLSchema/mathml2/mathml2.xsd" identifier="vufgb-confidenceintervals-002-en-ans_552623307_section_1_item_1_schoice" title="Inferential_Statistics_vufgb-confidenceintervals-002-en_vufgb-confidenceintervals-002-en_schoice_1" adaptive="false" timeDependent="false" xmlns="http://www.imsglobal.org/xsd/imsqti_v2p1" xmlns:xsi="http://www.w3.org/2001/XMLSchema-instance">
<responseDeclaration identifier="vufgb-confidenceintervals-002-en-ans_552623307_section_1_item_1_schoice_RESPONSE_1_2067602" cardinality="single" baseType="identifier">
<correctResponse>
<value>vufgb-confidenceintervals-002-en-ans_552623307_section_1_item_1_schoice_3_6057637801</value>
</correctResponse>
<mapping defaultValue="0" lowerBound="0.0">
<mapEntry mapKey="vufgb-confidenceintervals-002-en-ans_552623307_section_1_item_1_schoice_1_8526708324" mappedValue="0"/>
<mapEntry mapKey="vufgb-confidenceintervals-002-en-ans_552623307_section_1_item_1_schoice_2_3838215712" mappedValue="0"/>
<mapEntry mapKey="vufgb-confidenceintervals-002-en-ans_552623307_section_1_item_1_schoice_3_6057637801" mappedValue="1"/>
<mapEntry mapKey="vufgb-confidenceintervals-002-en-ans_552623307_section_1_item_1_schoice_4_4746790565" mappedValue="0"/>
</mapping>
</responseDeclaration>
<outcomeDeclaration identifier="SCORE" cardinality="single" baseType="float" normalMaximum="1" normalMinimum="0">
<defaultValue>
<value>0.0</value>
</defaultValue>
</outcomeDeclaration>
<outcomeDeclaration identifier="MAXSCORE" cardinality="single" baseType="float">
<defaultValue>
<value>1</value>
</defaultValue>
</outcomeDeclaration>
<outcomeDeclaration identifier="FEEDBACKBASIC" cardinality="single" baseType="identifier" view="testConstructor">
<defaultValue>
<value>empty</value>
</defaultValue>
</outcomeDeclaration>
<outcomeDeclaration identifier="FEEDBACKMODAL" cardinality="multiple" baseType="identifier" view="testConstructor"/>
<outcomeDeclaration identifier="SOLUTIONMODAL" cardinality="single" baseType="identifier" view="testConstructor"/>
<outcomeDeclaration identifier="MINSCORE" cardinality="single" baseType="float">
<defaultValue>
<value baseType="float">0</value>
</defaultValue>
</outcomeDeclaration>
<outcomeDeclaration identifier="SCORE_RESPONSE_1" cardinality="single" baseType="float">
<defaultValue>
<value>0.0</value>
</defaultValue>
</outcomeDeclaration>
<outcomeDeclaration identifier="MINSCORE_RESPONSE_1" cardinality="single" baseType="float">
<defaultValue>
<value>0.0</value>
</defaultValue>
</outcomeDeclaration>
<itemBody>
<p>A randomly selected sample of 50 people filled out a survey. The survey concerned toilet hygiene at train stations in The Netherlands. A total of 15 participants had a positive opinion on this. All other participants had a negative opinion. Based on this sample, calculate the 95% confidence interval for the proportion of people that have a <em>negative</em> opinion.</p>
<choiceInteraction responseIdentifier="vufgb-confidenceintervals-002-en-ans_552623307_section_1_item_1_schoice_RESPONSE_1_2067602" shuffle="false" maxChoices="1">
<simpleChoice identifier="vufgb-confidenceintervals-002-en-ans_552623307_section_1_item_1_schoice_1_8526708324">
<p>
 (0.593, 0.807)
</p>
</simpleChoice>
<simpleChoice identifier="vufgb-confidenceintervals-002-en-ans_552623307_section_1_item_1_schoice_2_3838215712">
<p>
 (0.173, 0.427)
</p>
</simpleChoice>
<simpleChoice identifier="vufgb-confidenceintervals-002-en-ans_552623307_section_1_item_1_schoice_3_6057637801">
<p>
 (0.573, 0.827)
</p>
</simpleChoice>
<simpleChoice identifier="vufgb-confidenceintervals-002-en-ans_552623307_section_1_item_1_schoice_4_4746790565">
<p>
 (0.193, 0.407)
</p>
</simpleChoice>
</choiceInteraction>
</itemBody>
<responseProcessing>
<setOutcomeValue identifier="SCORE_RESPONSE_1">
<sum>
<variable identifier="SCORE_RESPONSE_1"/>
<mapResponse identifier="vufgb-confidenceintervals-002-en-ans_552623307_section_1_item_1_schoice_RESPONSE_1_2067602"/>
</sum>
</setOutcomeValue>
<responseCondition>
<responseIf>
<lt>
<variable identifier="SCORE_RESPONSE_1"/>
<variable identifier="MINSCORE_RESPONSE_1"/>
</lt>
<setOutcomeValue identifier="SCORE_RESPONSE_1">
<variable identifier="MINSCORE_RESPONSE_1"/>
</setOutcomeValue>
</responseIf>
</responseCondition>
<responseCondition>
<responseIf>
<isNull>
<variable identifier="vufgb-confidenceintervals-002-en-ans_552623307_section_1_item_1_schoice_RESPONSE_1_2067602"/>
</isNull>
<setOutcomeValue identifier="SCORE_RESPONSE_1">
<sum>
<variable identifier="SCORE_RESPONSE_1"/>
<baseValue baseType="float">0</baseValue>
</sum>
</setOutcomeValue>
</responseIf>
</responseCondition>
<setOutcomeValue identifier="SCORE">
<sum>
<variable identifier="SCORE_RESPONSE_1"/>
</sum>
</setOutcomeValue>
<responseCondition>
<responseIf>
<lt>
<variable identifier="SCORE"/>
<variable identifier="MINSCORE"/>
</lt>
<setOutcomeValue identifier="SCORE">
<variable identifier="MINSCORE"/>
</setOutcomeValue>
</responseIf>
</responseCondition>
<responseCondition>
<responseIf>
<lt>
<variable identifier="SCORE"/>
<baseValue baseType="float">1</baseValue>
</lt>
<setOutcomeValue identifier="FEEDBACKMODAL">
<multiple>
<variable identifier="FEEDBACKMODAL"/>
<baseValue baseType="identifier">Feedback582347168</baseValue>
</multiple>
</setOutcomeValue>
</responseIf>
</responseCondition>
</responseProcessing>
<modalFeedback outcomeIdentifier="FEEDBACK" showHide="show" identifier="incorrect">
</modalFeedback>
</assessmentItem>
