<?xml version="1.0" encoding="utf-8" standalone="yes"?>
<assessmentItem identifier="vufsw-multiple_linear_regression-1354-nl-tv_202406101043_item_1_schoice" title="vufsw-multiple_linear_regression-1354-nl-tv_202406101043_item_1_schoice_vufsw-multiple linear regression-1354-nl" adaptive="false" timeDependent="false" toolName="Testvision Online" toolVersion="39.0.9084" xmlns="http://www.imsglobal.org/xsd/imsqti_v2p1">
<responseDeclaration identifier="RESPONSE" cardinality="single" baseType="identifier">
<correctResponse>
<value>alt_163865</value>
</correctResponse>
<mapping defaultValue="0" lowerBound="0.0">
<mapEntry mapKey="alt_737915" mappedValue="-0.333333333333333"/>
<mapEntry mapKey="alt_913168" mappedValue="-0.333333333333333"/>
<mapEntry mapKey="alt_475346" mappedValue="-0.333333333333333"/>
<mapEntry mapKey="alt_163865" mappedValue="1"/>
</mapping>
</responseDeclaration>
<outcomeDeclaration identifier="SCORE" cardinality="single" baseType="float" normalMaximum="1" normalMinimum="0" />
<outcomeDeclaration identifier="FEEDBACK" cardinality="single" baseType="identifier" />
<itemBody>
<p>Field beschrijft een onderzoek over de groeiende belangstelling voor
cosmetische chirurgische behandelingen. Hij verzamelde data over de
kwaliteit van leven onder een steekproef van respondenten van wie een
deel een cosmetische operatie had ondergaan en een deel nog op de
wachtlijst stond daarvoor (variabele: surgery: 0 = waiting list, 1 =
cosmetic surgery). Hij meet de kwaliteit van leven bij aanmelding voor
de cosmetische ingreep, de ‘baseline’ kwaliteit van leven (variabele:
Base_Qol, schaal 0-1, een hogere score betekent een hogere kwaliteit
van leven) en na een tijdje, nadat de ingreep had plaatsgevonden voor
degenen die de operatie direct ondergingen, maar ook op hetzelfde moment
voor de groep die nog op de wachtlijst stond (variabele: Post_Qol,
schaal 0-100, een hogere score betekent een hogere kwaliteit van
leven).</p>
<p>Hieronder staan de resultaten van een regressieanalyse met de nameting
van kwaliteit van leven als afhankelijke variabele (Post_Qol), en
waarin het wel of niet hebben ondergaan van de cosmetische ingreep
(Surgery) en de ‘baseline’ kwaliteit van leven (Base_Qol) in het model
zijn opgenomen. In model 2 is bovendien de interactie tussen ‘surgery’
en ‘baseline’ kwaliteit van leven aan het model toegevoegd
(Base_Qol_surgery).</p>
<p><img src="mediafiles/supplements1/1602953152623.png" alt="image"/></p>
<p>Hoeveel hoger of lager is volgens <strong>model 1</strong> de kwaliteit van leven
(Post_Qol) van de groep die de cosmetische ingreep heeft ondergaan dan
die van de groep die nog op de wachtlijst staat, waarbij de ‘baseline’
kwaliteit van leven constant is gehouden?</p>
<choiceInteraction responseIdentifier="RESPONSE" shuffle="false" maxChoices="1">
<simpleChoice identifier="alt_737915">
<div class="textblock tvblock tvcss_1"><div class="rte_zone tveditor1">
 76.698 punten hoger op de schaal van 0-100 van Post_Qol
</div>
</div>
</simpleChoice>
<simpleChoice identifier="alt_913168">
<div class="textblock tvblock tvcss_1"><div class="rte_zone tveditor1">
 10.470 punten hoger op de schaal van 0-100 van Post_Qol
</div>
</div>
</simpleChoice>
<simpleChoice identifier="alt_475346">
<div class="textblock tvblock tvcss_1"><div class="rte_zone tveditor1">
 62.707 punten hoger op de schaal van 0-100 van Post_Qol
</div>
</div>
</simpleChoice>
<simpleChoice identifier="alt_163865">
<div class="textblock tvblock tvcss_1"><div class="rte_zone tveditor1">
 3.521 punten lager op de schaal van 0-100 van Post_Qol
</div>
</div>
</simpleChoice>
</choiceInteraction>
</itemBody>
<responseProcessing>
<responseCondition>
<responseIf>
<isNull>
<variable identifier="RESPONSE"/>
</isNull>
<setOutcomeValue identifier="SCORE">
<baseValue baseType="float">0.0</baseValue>
</setOutcomeValue>
<setOutcomeValue identifier="FEEDBACK">
<baseValue baseType="identifier">FAILURE</baseValue>
</setOutcomeValue>
</responseIf>
<responseElse>
<setOutcomeValue identifier="SCORE">
<mapResponse identifier="RESPONSE"/>
</setOutcomeValue>
<responseCondition>
<responseIf>
<equal toleranceMode="relative" tolerance="0.001">
<variable identifier="SCORE"/>
<variable identifier="MAXSCORE"/>
</equal>
<setOutcomeValue identifier="FEEDBACK">
<baseValue baseType="identifier">ANSWER_CORRECT</baseValue>
</setOutcomeValue>
</responseIf>
<responseElse>
<setOutcomeValue identifier="FEEDBACK">
<baseValue baseType="identifier">FAILURE</baseValue>
</setOutcomeValue>
</responseElse>
</responseCondition>
</responseElse>
</responseCondition>
</responseProcessing>
<modalFeedback identifier="FAILURE" outcomeIdentifier="FEEDBACK" showHide="show">
<div class="textblock tvblock tvcss_1"><div class="rte_zone tveditor1">
<ul>
<li> 76.698 punten hoger op de schaal van 0-100 van Post_Qol <br /> False </li>
<li> 10.470 punten hoger op de schaal van 0-100 van Post_Qol <br /> False </li>
<li> 62.707 punten hoger op de schaal van 0-100 van Post_Qol <br /> False </li>
<li> 3.521 punten lager op de schaal van 0-100 van Post_Qol <br /> True </li>
</ul>
</div>
</div>
</modalFeedback>
<modalFeedback identifier="ANSWER_CORRECT" outcomeIdentifier="FEEDBACK" showHide="show">
<div class="textblock tvblock tvcss_1"><div class="rte_zone tveditor1">
<ul>
<li> 76.698 punten hoger op de schaal van 0-100 van Post_Qol <br /> False </li>
<li> 10.470 punten hoger op de schaal van 0-100 van Post_Qol <br /> False </li>
<li> 62.707 punten hoger op de schaal van 0-100 van Post_Qol <br /> False </li>
<li> 3.521 punten lager op de schaal van 0-100 van Post_Qol <br /> True </li>
</ul>
</div>
</div>
</modalFeedback>
<modalFeedback identifier="PARTIAL_CORRECT" outcomeIdentifier="FEEDBACK" showHide="show">
<div class="textblock tvblock tvcss_1"><div class="rte_zone tveditor1">
<ul>
<li> 76.698 punten hoger op de schaal van 0-100 van Post_Qol <br /> False </li>
<li> 10.470 punten hoger op de schaal van 0-100 van Post_Qol <br /> False </li>
<li> 62.707 punten hoger op de schaal van 0-100 van Post_Qol <br /> False </li>
<li> 3.521 punten lager op de schaal van 0-100 van Post_Qol <br /> True </li>
</ul>
</div>
</div>
</modalFeedback>
</assessmentItem>
