<?xml version="1.0" encoding="UTF-8"?>
<assessmentItem xsi:schemaLocation="http://www.imsglobal.org/xsd/imsqti_v2p1 http://www.imsglobal.org/xsd/qti/qtiv2p1/imsqti_v2p1p1.xsd http://www.w3.org/1998/Math/MathML http://www.w3.org/Math/XMLSchema/mathml2/mathml2.xsd" identifier="vufsw-z-score-0096-en-ans_907256150_section_1_item_1_schoice" title="Descriptive-statistics_vufsw-z-score-0096-en_vufsw-z-score-0096-en_schoice_1" adaptive="false" timeDependent="false" xmlns="http://www.imsglobal.org/xsd/imsqti_v2p1" xmlns:xsi="http://www.w3.org/2001/XMLSchema-instance">
<responseDeclaration identifier="vufsw-z-score-0096-en-ans_907256150_section_1_item_1_schoice_RESPONSE_1_1755340" cardinality="single" baseType="identifier">
<correctResponse>
<value>vufsw-z-score-0096-en-ans_907256150_section_1_item_1_schoice_4_3616880424</value>
</correctResponse>
<mapping defaultValue="0" lowerBound="0.0">
<mapEntry mapKey="vufsw-z-score-0096-en-ans_907256150_section_1_item_1_schoice_1_5927845751" mappedValue="0"/>
<mapEntry mapKey="vufsw-z-score-0096-en-ans_907256150_section_1_item_1_schoice_2_5733030093" mappedValue="0"/>
<mapEntry mapKey="vufsw-z-score-0096-en-ans_907256150_section_1_item_1_schoice_3_5379257658" mappedValue="0"/>
<mapEntry mapKey="vufsw-z-score-0096-en-ans_907256150_section_1_item_1_schoice_4_3616880424" mappedValue="1"/>
</mapping>
</responseDeclaration>
<outcomeDeclaration identifier="SCORE" cardinality="single" baseType="float" normalMaximum="1" normalMinimum="0">
<defaultValue>
<value>0.0</value>
</defaultValue>
</outcomeDeclaration>
<outcomeDeclaration identifier="MAXSCORE" cardinality="single" baseType="float">
<defaultValue>
<value>1</value>
</defaultValue>
</outcomeDeclaration>
<outcomeDeclaration identifier="FEEDBACKBASIC" cardinality="single" baseType="identifier" view="testConstructor">
<defaultValue>
<value>empty</value>
</defaultValue>
</outcomeDeclaration>
<outcomeDeclaration identifier="FEEDBACKMODAL" cardinality="multiple" baseType="identifier" view="testConstructor"/>
<outcomeDeclaration identifier="SOLUTIONMODAL" cardinality="single" baseType="identifier" view="testConstructor"/>
<outcomeDeclaration identifier="MINSCORE" cardinality="single" baseType="float">
<defaultValue>
<value baseType="float">0</value>
</defaultValue>
</outcomeDeclaration>
<outcomeDeclaration identifier="SCORE_RESPONSE_1" cardinality="single" baseType="float">
<defaultValue>
<value>0.0</value>
</defaultValue>
</outcomeDeclaration>
<outcomeDeclaration identifier="MINSCORE_RESPONSE_1" cardinality="single" baseType="float">
<defaultValue>
<value>0.0</value>
</defaultValue>
</outcomeDeclaration>
<itemBody>
<p>Someone is saving up to buy a new television and definitely wants to not pay more than €900. This person takes a random sample of 100 televisions and calculates the average price in this sample. This sample mean is €810, and the standard deviation (SD) is € 130. Assume a normal distribution.</p>
<p>What percentage of televisions in the sample cost less than € 900? Round Round up to a whole percentage.</p>
<choiceInteraction responseIdentifier="vufsw-z-score-0096-en-ans_907256150_section_1_item_1_schoice_RESPONSE_1_1755340" shuffle="false" maxChoices="1">
<simpleChoice identifier="vufsw-z-score-0096-en-ans_907256150_section_1_item_1_schoice_1_5927845751">
<p>
 25%
</p>
</simpleChoice>
<simpleChoice identifier="vufsw-z-score-0096-en-ans_907256150_section_1_item_1_schoice_2_5733030093">
<p>
 31%
</p>
</simpleChoice>
<simpleChoice identifier="vufsw-z-score-0096-en-ans_907256150_section_1_item_1_schoice_3_5379257658">
<p>
 69%
</p>
</simpleChoice>
<simpleChoice identifier="vufsw-z-score-0096-en-ans_907256150_section_1_item_1_schoice_4_3616880424">
<p>
 75%
</p>
</simpleChoice>
</choiceInteraction>
</itemBody>
<responseProcessing>
<setOutcomeValue identifier="SCORE_RESPONSE_1">
<sum>
<variable identifier="SCORE_RESPONSE_1"/>
<mapResponse identifier="vufsw-z-score-0096-en-ans_907256150_section_1_item_1_schoice_RESPONSE_1_1755340"/>
</sum>
</setOutcomeValue>
<responseCondition>
<responseIf>
<lt>
<variable identifier="SCORE_RESPONSE_1"/>
<variable identifier="MINSCORE_RESPONSE_1"/>
</lt>
<setOutcomeValue identifier="SCORE_RESPONSE_1">
<variable identifier="MINSCORE_RESPONSE_1"/>
</setOutcomeValue>
</responseIf>
</responseCondition>
<responseCondition>
<responseIf>
<isNull>
<variable identifier="vufsw-z-score-0096-en-ans_907256150_section_1_item_1_schoice_RESPONSE_1_1755340"/>
</isNull>
<setOutcomeValue identifier="SCORE_RESPONSE_1">
<sum>
<variable identifier="SCORE_RESPONSE_1"/>
<baseValue baseType="float">0</baseValue>
</sum>
</setOutcomeValue>
</responseIf>
</responseCondition>
<setOutcomeValue identifier="SCORE">
<sum>
<variable identifier="SCORE_RESPONSE_1"/>
</sum>
</setOutcomeValue>
<responseCondition>
<responseIf>
<lt>
<variable identifier="SCORE"/>
<variable identifier="MINSCORE"/>
</lt>
<setOutcomeValue identifier="SCORE">
<variable identifier="MINSCORE"/>
</setOutcomeValue>
</responseIf>
</responseCondition>
<responseCondition>
<responseIf>
<lt>
<variable identifier="SCORE"/>
<baseValue baseType="float">1</baseValue>
</lt>
<setOutcomeValue identifier="FEEDBACKMODAL">
<multiple>
<variable identifier="FEEDBACKMODAL"/>
<baseValue baseType="identifier">Feedback618050097</baseValue>
</multiple>
</setOutcomeValue>
</responseIf>
</responseCondition>
</responseProcessing>
<modalFeedback outcomeIdentifier="FEEDBACK" showHide="show" identifier="incorrect">
<ul>
<li> 25% <br /> False </li>
<li> 31% <br /> False </li>
<li> 69% <br /> False </li>
<li> 75% <br /> True </li>
</ul>
</modalFeedback>
</assessmentItem>
