<?xml version="1.0" encoding="UTF-8"?>
<assessmentItem xsi:schemaLocation="http://www.imsglobal.org/xsd/imsqti_v2p1 http://www.imsglobal.org/xsd/qti/qtiv2p1/imsqti_v2p1p1.xsd http://www.w3.org/1998/Math/MathML http://www.w3.org/Math/XMLSchema/mathml2/mathml2.xsd" identifier="vufgb-equation-014-nl_117078753_section_1_item_1_schoice" title="1" adaptive="false" timeDependent="false" xmlns="http://www.imsglobal.org/xsd/imsqti_v2p1" xmlns:xsi="http://www.w3.org/2001/XMLSchema-instance">
<responseDeclaration identifier="vufgb-equation-014-nl_117078753_section_1_item_1_schoice_RESPONSE_1_3563422" cardinality="single" baseType="identifier">
<correctResponse>
<value>vufgb-equation-014-nl_117078753_section_1_item_1_schoice_3_1592472452</value>
</correctResponse>
<mapping defaultValue="0" lowerBound="0.0">
<mapEntry mapKey="vufgb-equation-014-nl_117078753_section_1_item_1_schoice_1_7961712091" mappedValue="0"/>
<mapEntry mapKey="vufgb-equation-014-nl_117078753_section_1_item_1_schoice_2_8276899746" mappedValue="0"/>
<mapEntry mapKey="vufgb-equation-014-nl_117078753_section_1_item_1_schoice_3_1592472452" mappedValue="1"/>
<mapEntry mapKey="vufgb-equation-014-nl_117078753_section_1_item_1_schoice_4_3907135771" mappedValue="0"/>
</mapping>
</responseDeclaration>
<outcomeDeclaration identifier="SCORE" cardinality="single" baseType="float" normalMaximum="1" normalMinimum="0">
<defaultValue>
<value>0.0</value>
</defaultValue>
</outcomeDeclaration>
<outcomeDeclaration identifier="MAXSCORE" cardinality="single" baseType="float">
<defaultValue>
<value>1</value>
</defaultValue>
</outcomeDeclaration>
<outcomeDeclaration identifier="FEEDBACKBASIC" cardinality="single" baseType="identifier" view="testConstructor">
<defaultValue>
<value>empty</value>
</defaultValue>
</outcomeDeclaration>
<outcomeDeclaration identifier="FEEDBACKMODAL" cardinality="multiple" baseType="identifier" view="testConstructor"/>
<outcomeDeclaration identifier="MINSCORE" cardinality="single" baseType="float">
<defaultValue>
<value baseType="float">0</value>
</defaultValue>
</outcomeDeclaration>
<outcomeDeclaration identifier="SCORE_RESPONSE_1" cardinality="single" baseType="float">
<defaultValue>
<value>0.0</value>
</defaultValue>
</outcomeDeclaration>
<outcomeDeclaration identifier="MINSCORE_RESPONSE_1" cardinality="single" baseType="float">
<defaultValue>
<value>0.0</value>
</defaultValue>
</outcomeDeclaration>
<itemBody>
<p>Een onderzoekster schat een multipel regressiemodel met twee kwantitatieve verklarende variabelen en hun interactie. De geschatte vergelijking is: <math display="inline" xmlns="http://www.w3.org/1998/Math/MathML"><semantics><mrow><mover><mi>y</mi><mo accent="true">̂</mo></mover><mo>=</mo><mn>24.1</mn><mo>+</mo><mn>0.08</mn><msub><mi>x</mi><mn>1</mn></msub><mo>−</mo><mn>1.09</mn><msub><mi>x</mi><mn>2</mn></msub><mo>−</mo><mn>1.77</mn><msub><mi>x</mi><mn>1</mn></msub><msub><mi>x</mi><mn>2</mn></msub></mrow><annotation encoding="application/x-tex">\hat{y} = 24.1+0.08x_{1}-1.09x_{2}-1.77x_{1}x_{2}</annotation></semantics></math>. Hoe ziet de vergelijking eruit als we <math display="inline" xmlns="http://www.w3.org/1998/Math/MathML"><semantics><msub><mi>x</mi><mn>2</mn></msub><annotation encoding="application/x-tex">x_{2}</annotation></semantics></math> constant houden op 1?</p>
<choiceInteraction responseIdentifier="vufgb-equation-014-nl_117078753_section_1_item_1_schoice_RESPONSE_1_3563422" shuffle="false" maxChoices="1">
<simpleChoice identifier="vufgb-equation-014-nl_117078753_section_1_item_1_schoice_1_7961712091">
<p>
a. <math display="inline" xmlns="http://www.w3.org/1998/Math/MathML"><semantics><mrow><mover><mi>y</mi><mo accent="true">̂</mo></mover><mo>=</mo><mn>24.10</mn><mo>+</mo><mn>0.08</mn><msub><mi>x</mi><mn>1</mn></msub></mrow><annotation encoding="application/x-tex">\hat{y} = 24.10+0.08x_{1}</annotation></semantics></math>
</p>
</simpleChoice>
<simpleChoice identifier="vufgb-equation-014-nl_117078753_section_1_item_1_schoice_2_8276899746">
<p>
b. <math display="inline" xmlns="http://www.w3.org/1998/Math/MathML"><semantics><mrow><mover><mi>y</mi><mo accent="true">̂</mo></mover><mo>=</mo><mn>23.01</mn><mo>+</mo><mn>0.08</mn><msub><mi>x</mi><mn>1</mn></msub></mrow><annotation encoding="application/x-tex">\hat{y} = 23.01+0.08x_{1}</annotation></semantics></math>
</p>
</simpleChoice>
<simpleChoice identifier="vufgb-equation-014-nl_117078753_section_1_item_1_schoice_3_1592472452">
<p>
c. <math display="inline" xmlns="http://www.w3.org/1998/Math/MathML"><semantics><mrow><mover><mi>y</mi><mo accent="true">̂</mo></mover><mo>=</mo><mn>23.01</mn><mo>−</mo><mn>1.69</mn><msub><mi>x</mi><mn>1</mn></msub></mrow><annotation encoding="application/x-tex">\hat{y} = 23.01-1.69x_{1}</annotation></semantics></math>
</p>
</simpleChoice>
<simpleChoice identifier="vufgb-equation-014-nl_117078753_section_1_item_1_schoice_4_3907135771">
<p>
d. <math display="inline" xmlns="http://www.w3.org/1998/Math/MathML"><semantics><mrow><mover><mi>y</mi><mo accent="true">̂</mo></mover><mo>=</mo><mn>24.10</mn><mo>−</mo><mn>1.69</mn><msub><mi>x</mi><mn>1</mn></msub></mrow><annotation encoding="application/x-tex">\hat{y} = 24.10-1.69x_{1}</annotation></semantics></math>
</p>
</simpleChoice>
</choiceInteraction>
</itemBody>
<responseProcessing>
<responseCondition>
<responseIf>
<isNull>
<variable identifier="vufgb-equation-014-nl_117078753_section_1_item_1_schoice_RESPONSE_1_3563422"/>
</isNull>
<setOutcomeValue identifier="SCORE_RESPONSE_1">
<sum>
<variable identifier="SCORE_RESPONSE_1"/>
<baseValue baseType="float">0</baseValue>
</sum>
</setOutcomeValue>
</responseIf>
</responseCondition>
<setOutcomeValue identifier="SCORE_RESPONSE_1">
<sum>
<variable identifier="SCORE_RESPONSE_1"/>
<mapResponse identifier="vufgb-equation-014-nl_117078753_section_1_item_1_schoice_RESPONSE_1_3563422"/>
</sum>
</setOutcomeValue>
<responseCondition>
<responseIf>
<lt>
<variable identifier="SCORE_RESPONSE_1"/>
<variable identifier="MINSCORE_RESPONSE_1"/>
</lt>
<setOutcomeValue identifier="SCORE_RESPONSE_1">
<variable identifier="MINSCORE_RESPONSE_1"/>
</setOutcomeValue>
</responseIf>
</responseCondition>
<setOutcomeValue identifier="SCORE">
<sum>
<variable identifier="SCORE_RESPONSE_1"/>
</sum>
</setOutcomeValue>
<responseCondition>
<responseIf>
<lt>
<variable identifier="SCORE"/>
<variable identifier="MINSCORE"/>
</lt>
<setOutcomeValue identifier="SCORE">
<variable identifier="MINSCORE"/>
</setOutcomeValue>
</responseIf>
</responseCondition>
<responseCondition>
<responseIf>
<lt>
<variable identifier="SCORE"/>
<baseValue baseType="float">1</baseValue>
</lt>
<setOutcomeValue identifier="FEEDBACKMODAL">
<multiple>
<variable identifier="FEEDBACKMODAL"/>
<baseValue baseType="identifier">Feedback115912016</baseValue>
</multiple>
</setOutcomeValue>
</responseIf>
</responseCondition>
</responseProcessing>
<modalFeedback identifier="Feedback115912016" outcomeIdentifier="FEEDBACKMODAL" showHide="show">
<ol type = "a">
<li> <math display="inline" xmlns="http://www.w3.org/1998/Math/MathML"><semantics><mrow><mover><mi>y</mi><mo accent="true">̂</mo></mover><mo>=</mo><mn>24.10</mn><mo>+</mo><mn>0.08</mn><msub><mi>x</mi><mn>1</mn></msub></mrow><annotation encoding="application/x-tex">\hat{y} = 24.10+0.08x_{1}</annotation></semantics></math> <br /> Incorrect </li>
<li> <math display="inline" xmlns="http://www.w3.org/1998/Math/MathML"><semantics><mrow><mover><mi>y</mi><mo accent="true">̂</mo></mover><mo>=</mo><mn>23.01</mn><mo>+</mo><mn>0.08</mn><msub><mi>x</mi><mn>1</mn></msub></mrow><annotation encoding="application/x-tex">\hat{y} = 23.01+0.08x_{1}</annotation></semantics></math> <br /> Incorrect </li>
<li> <math display="inline" xmlns="http://www.w3.org/1998/Math/MathML"><semantics><mrow><mover><mi>y</mi><mo accent="true">̂</mo></mover><mo>=</mo><mn>23.01</mn><mo>−</mo><mn>1.69</mn><msub><mi>x</mi><mn>1</mn></msub></mrow><annotation encoding="application/x-tex">\hat{y} = 23.01-1.69x_{1}</annotation></semantics></math> <br /> Correct </li>
<li> <math display="inline" xmlns="http://www.w3.org/1998/Math/MathML"><semantics><mrow><mover><mi>y</mi><mo accent="true">̂</mo></mover><mo>=</mo><mn>24.10</mn><mo>−</mo><mn>1.69</mn><msub><mi>x</mi><mn>1</mn></msub></mrow><annotation encoding="application/x-tex">\hat{y} = 24.10-1.69x_{1}</annotation></semantics></math> <br /> Incorrect </li>
</ol>
</modalFeedback>
</assessmentItem>
