<?xml version="1.0" encoding="UTF-8"?>
<assessmentItem xsi:schemaLocation="http://www.imsglobal.org/xsd/imsqti_v2p1 http://www.imsglobal.org/xsd/qti/qtiv2p1/imsqti_v2p1p1.xsd http://www.w3.org/1998/Math/MathML http://www.w3.org/Math/XMLSchema/mathml2/mathml2.xsd" identifier="uva-distribution-600-en-qti_988575355_section_1_item_1_schoice" title="1" adaptive="false" timeDependent="false" xmlns="http://www.imsglobal.org/xsd/imsqti_v2p1" xmlns:xsi="http://www.w3.org/2001/XMLSchema-instance">
<responseDeclaration identifier="uva-distribution-600-en-qti_988575355_section_1_item_1_schoice_RESPONSE_1_4869333" cardinality="single" baseType="identifier">
<correctResponse>
<value>uva-distribution-600-en-qti_988575355_section_1_item_1_schoice_2_9681809423</value>
</correctResponse>
<mapping defaultValue="0" lowerBound="0.0">
<mapEntry mapKey="uva-distribution-600-en-qti_988575355_section_1_item_1_schoice_1_7205754647" mappedValue="0"/>
<mapEntry mapKey="uva-distribution-600-en-qti_988575355_section_1_item_1_schoice_2_9681809423" mappedValue="1"/>
<mapEntry mapKey="uva-distribution-600-en-qti_988575355_section_1_item_1_schoice_3_5702478256" mappedValue="0"/>
<mapEntry mapKey="uva-distribution-600-en-qti_988575355_section_1_item_1_schoice_4_9103298721" mappedValue="0"/>
</mapping>
</responseDeclaration>
<outcomeDeclaration identifier="SCORE" cardinality="single" baseType="float" normalMaximum="1" normalMinimum="0">
<defaultValue>
<value>0.0</value>
</defaultValue>
</outcomeDeclaration>
<outcomeDeclaration identifier="MAXSCORE" cardinality="single" baseType="float">
<defaultValue>
<value>1</value>
</defaultValue>
</outcomeDeclaration>
<outcomeDeclaration identifier="FEEDBACKBASIC" cardinality="single" baseType="identifier" view="testConstructor">
<defaultValue>
<value>empty</value>
</defaultValue>
</outcomeDeclaration>
<outcomeDeclaration identifier="FEEDBACKMODAL" cardinality="multiple" baseType="identifier" view="testConstructor"/>
<outcomeDeclaration identifier="SOLUTIONMODAL" cardinality="single" baseType="identifier" view="testConstructor"/>
<outcomeDeclaration identifier="MINSCORE" cardinality="single" baseType="float">
<defaultValue>
<value baseType="float">0</value>
</defaultValue>
</outcomeDeclaration>
<outcomeDeclaration identifier="SCORE_RESPONSE_1" cardinality="single" baseType="float">
<defaultValue>
<value>0.0</value>
</defaultValue>
</outcomeDeclaration>
<outcomeDeclaration identifier="MINSCORE_RESPONSE_1" cardinality="single" baseType="float">
<defaultValue>
<value>0.0</value>
</defaultValue>
</outcomeDeclaration>
<itemBody>
<p>From each of two normally distributed populations with equal variances a sample is drawn.______________. Sample 1: n = 18, mean = 38, sd = 5.43 Sample 2: n = 13, mean = 46, sd = 9.04. The pooled variance estimator takes the value 51.10. It is tested Whether the population averages are equal. The corresponding test size follows, if the null hypothesis is TRUE,</p>
<choiceInteraction responseIdentifier="uva-distribution-600-en-qti_988575355_section_1_item_1_schoice_RESPONSE_1_4869333" shuffle="false" maxChoices="1">
<simpleChoice identifier="uva-distribution-600-en-qti_988575355_section_1_item_1_schoice_1_7205754647">
<p>
 A T distribution with 31 degrees of freedom
</p>
</simpleChoice>
<simpleChoice identifier="uva-distribution-600-en-qti_988575355_section_1_item_1_schoice_2_9681809423">
<p>
 A T-division with 29 degrees of freedom
</p>
</simpleChoice>
<simpleChoice identifier="uva-distribution-600-en-qti_988575355_section_1_item_1_schoice_3_5702478256">
<p>
 An F-division with 12 and 17 degrees of freedom
</p>
</simpleChoice>
<simpleChoice identifier="uva-distribution-600-en-qti_988575355_section_1_item_1_schoice_4_9103298721">
<p>
 An F-division with 13 and 18 degrees of freedom
</p>
</simpleChoice>
</choiceInteraction>
</itemBody>
<responseProcessing>
<setOutcomeValue identifier="SCORE_RESPONSE_1">
<sum>
<variable identifier="SCORE_RESPONSE_1"/>
<mapResponse identifier="uva-distribution-600-en-qti_988575355_section_1_item_1_schoice_RESPONSE_1_4869333"/>
</sum>
</setOutcomeValue>
<responseCondition>
<responseIf>
<lt>
<variable identifier="SCORE_RESPONSE_1"/>
<variable identifier="MINSCORE_RESPONSE_1"/>
</lt>
<setOutcomeValue identifier="SCORE_RESPONSE_1">
<variable identifier="MINSCORE_RESPONSE_1"/>
</setOutcomeValue>
</responseIf>
</responseCondition>
<responseCondition>
<responseIf>
<isNull>
<variable identifier="uva-distribution-600-en-qti_988575355_section_1_item_1_schoice_RESPONSE_1_4869333"/>
</isNull>
<setOutcomeValue identifier="SCORE_RESPONSE_1">
<sum>
<variable identifier="SCORE_RESPONSE_1"/>
<baseValue baseType="float">0</baseValue>
</sum>
</setOutcomeValue>
</responseIf>
</responseCondition>
<setOutcomeValue identifier="SCORE">
<sum>
<variable identifier="SCORE_RESPONSE_1"/>
</sum>
</setOutcomeValue>
<responseCondition>
<responseIf>
<lt>
<variable identifier="SCORE"/>
<variable identifier="MINSCORE"/>
</lt>
<setOutcomeValue identifier="SCORE">
<variable identifier="MINSCORE"/>
</setOutcomeValue>
</responseIf>
</responseCondition>
<responseCondition>
<responseIf>
<lt>
<variable identifier="SCORE"/>
<baseValue baseType="float">1</baseValue>
</lt>
<setOutcomeValue identifier="FEEDBACKMODAL">
<multiple>
<variable identifier="FEEDBACKMODAL"/>
<baseValue baseType="identifier">Feedback107807295</baseValue>
</multiple>
</setOutcomeValue>
</responseIf>
</responseCondition>
</responseProcessing>
<modalFeedback identifier="Feedback107807295" outcomeIdentifier="FEEDBACKMODAL" showHide="show">
<ul>
<li> A T distribution with 31 degrees of freedom <br /> A T-distribution with 31 degrees of freedom: Incorrect </li>
<li> A T-division with 29 degrees of freedom <br /> A T-division with 29 degrees of freedom: Correct </li>
<li> An F-division with 12 and 17 degrees of freedom <br /> An F-division with 12 and 17 degrees of freedom: Incorrect </li>
<li> An F-division with 13 and 18 degrees of freedom <br /> An F-division with 13 and 18 degrees of freedom: Incorrect </li>
</ul>
</modalFeedback>
</assessmentItem>
