<?xml version="1.0" encoding="utf-8" standalone="yes"?>
<assessmentItem identifier="uva-sample-space-1021-nl-tv_202601131819_item_1_schoice" title="uva-sample-space-1021-nl-tv_202601131819_item_1_schoice_uva-sample-space-1021-nl" adaptive="false" timeDependent="false" toolName="Testvision Online" toolVersion="39.0.9084" xmlns="http://www.imsglobal.org/xsd/imsqti_v2p1">
<responseDeclaration identifier="RESPONSE" cardinality="single" baseType="identifier">
<correctResponse>
<value>alt_303751</value>
</correctResponse>
<mapping defaultValue="0" lowerBound="0.0">
<mapEntry mapKey="alt_267667" mappedValue="-0.333333333333333"/>
<mapEntry mapKey="alt_618839" mappedValue="-0.333333333333333"/>
<mapEntry mapKey="alt_184515" mappedValue="-0.333333333333333"/>
<mapEntry mapKey="alt_303751" mappedValue="1"/>
</mapping>
</responseDeclaration>
<outcomeDeclaration identifier="SCORE" cardinality="single" baseType="float" normalMaximum="1" normalMinimum="0" />
<outcomeDeclaration identifier="FEEDBACK" cardinality="single" baseType="identifier" />
<stylesheet href="css/uva-sample-space-1021-nl-tv_202601131819_item_1_schoice.css" type="text/css" />
<itemBody>
<p>Gooi je tegelijkertijd twee zuivere dobbelstenen op dan zijn er 36
mogelijke uitkomsten. Definieer de gebeurtenis <em>A</em> als: de som van het
aantal ogen is gelijk aan 10, en <em>B</em> als: de som van het aantal ogen is
kleiner dan 10. Welke uitspraak hieronder klopt?<br />
<br />
I. Bij gebeurtenis <em>A</em> horen 10 uitkomsten.<br />
II. Bij gebeurtenis <em>B</em> horen 26 uitkomsten.</p>
<choiceInteraction responseIdentifier="RESPONSE" shuffle="false" maxChoices="1">
<simpleChoice identifier="alt_267667">
<div class="textblock tvblock tvcss_1"><div class="rte_zone tveditor1">
 I is waar en II is waar.
</div>
</div>
</simpleChoice>
<simpleChoice identifier="alt_618839">
<div class="textblock tvblock tvcss_1"><div class="rte_zone tveditor1">
 I is waar en II is onwaar.
</div>
</div>
</simpleChoice>
<simpleChoice identifier="alt_184515">
<div class="textblock tvblock tvcss_1"><div class="rte_zone tveditor1">
 I is onwaar en II is waar.
</div>
</div>
</simpleChoice>
<simpleChoice identifier="alt_303751">
<div class="textblock tvblock tvcss_1"><div class="rte_zone tveditor1">
 I is onwaar en II is onwaar.
</div>
</div>
</simpleChoice>
</choiceInteraction>
</itemBody>
<responseProcessing>
<responseCondition>
<responseIf>
<isNull>
<variable identifier="RESPONSE"/>
</isNull>
<setOutcomeValue identifier="SCORE">
<baseValue baseType="float">0.0</baseValue>
</setOutcomeValue>
<setOutcomeValue identifier="FEEDBACK">
<baseValue baseType="identifier">FAILURE</baseValue>
</setOutcomeValue>
</responseIf>
<responseElse>
<setOutcomeValue identifier="SCORE">
<mapResponse identifier="RESPONSE"/>
</setOutcomeValue>
<responseCondition>
<responseIf>
<equal toleranceMode="relative" tolerance="0.001">
<variable identifier="SCORE"/>
<variable identifier="MAXSCORE"/>
</equal>
<setOutcomeValue identifier="FEEDBACK">
<baseValue baseType="identifier">ANSWER_CORRECT</baseValue>
</setOutcomeValue>
</responseIf>
<responseElse>
<setOutcomeValue identifier="FEEDBACK">
<baseValue baseType="identifier">FAILURE</baseValue>
</setOutcomeValue>
</responseElse>
</responseCondition>
</responseElse>
</responseCondition>
</responseProcessing>
<modalFeedback identifier="FAILURE" outcomeIdentifier="FEEDBACK" showHide="show">
<div class="textblock tvblock tvcss_1"><div class="rte_zone tveditor1">
<ul>
<li> I is waar en II is waar. <br /> I is waar en II is waar.: Incorrect </li>
<li> I is waar en II is onwaar. <br /> I is waar en II is onwaar.: Incorrect </li>
<li> I is onwaar en II is waar. <br /> I is onwaar en II is waar.: Incorrect </li>
<li> I is onwaar en II is onwaar. <br /> I is onwaar en II is onwaar.: Correct </li>
</ul>
</div>
</div>
</modalFeedback>
<modalFeedback identifier="ANSWER_CORRECT" outcomeIdentifier="FEEDBACK" showHide="show">
<div class="textblock tvblock tvcss_1"><div class="rte_zone tveditor1">
<ul>
<li> I is waar en II is waar. <br /> I is waar en II is waar.: Incorrect </li>
<li> I is waar en II is onwaar. <br /> I is waar en II is onwaar.: Incorrect </li>
<li> I is onwaar en II is waar. <br /> I is onwaar en II is waar.: Incorrect </li>
<li> I is onwaar en II is onwaar. <br /> I is onwaar en II is onwaar.: Correct </li>
</ul>
</div>
</div>
</modalFeedback>
<modalFeedback identifier="PARTIAL_CORRECT" outcomeIdentifier="FEEDBACK" showHide="show">
<div class="textblock tvblock tvcss_1"><div class="rte_zone tveditor1">
<ul>
<li> I is waar en II is waar. <br /> I is waar en II is waar.: Incorrect </li>
<li> I is waar en II is onwaar. <br /> I is waar en II is onwaar.: Incorrect </li>
<li> I is onwaar en II is waar. <br /> I is onwaar en II is waar.: Incorrect </li>
<li> I is onwaar en II is onwaar. <br /> I is onwaar en II is onwaar.: Correct </li>
</ul>
</div>
</div>
</modalFeedback>
</assessmentItem>
