<?xml version="1.0" encoding="UTF-8"?>
<assessmentItem xsi:schemaLocation="http://www.imsglobal.org/xsd/imsqti_v2p1 http://www.imsglobal.org/xsd/qti/qtiv2p1/imsqti_v2p1p1.xsd http://www.w3.org/1998/Math/MathML http://www.w3.org/Math/XMLSchema/mathml2/mathml2.xsd" identifier="eur-reliability-210-nl-ans_519088245_section_1_item_1_schoice" title="Reliability_eur-reliability-210-nl_eur-reliability-210-nl_schoice_1" adaptive="false" timeDependent="false" xmlns="http://www.imsglobal.org/xsd/imsqti_v2p1" xmlns:xsi="http://www.w3.org/2001/XMLSchema-instance">
<responseDeclaration identifier="eur-reliability-210-nl-ans_519088245_section_1_item_1_schoice_RESPONSE_1_6623305" cardinality="single" baseType="identifier">
<correctResponse>
<value>eur-reliability-210-nl-ans_519088245_section_1_item_1_schoice_3_1965783457</value>
</correctResponse>
<mapping defaultValue="0" lowerBound="0.0">
<mapEntry mapKey="eur-reliability-210-nl-ans_519088245_section_1_item_1_schoice_1_7113234323" mappedValue="0"/>
<mapEntry mapKey="eur-reliability-210-nl-ans_519088245_section_1_item_1_schoice_2_1180919165" mappedValue="0"/>
<mapEntry mapKey="eur-reliability-210-nl-ans_519088245_section_1_item_1_schoice_3_1965783457" mappedValue="1"/>
<mapEntry mapKey="eur-reliability-210-nl-ans_519088245_section_1_item_1_schoice_4_1147865434" mappedValue="0"/>
</mapping>
</responseDeclaration>
<outcomeDeclaration identifier="SCORE" cardinality="single" baseType="float" normalMaximum="1" normalMinimum="0">
<defaultValue>
<value>0.0</value>
</defaultValue>
</outcomeDeclaration>
<outcomeDeclaration identifier="MAXSCORE" cardinality="single" baseType="float">
<defaultValue>
<value>1</value>
</defaultValue>
</outcomeDeclaration>
<outcomeDeclaration identifier="FEEDBACKBASIC" cardinality="single" baseType="identifier" view="testConstructor">
<defaultValue>
<value>empty</value>
</defaultValue>
</outcomeDeclaration>
<outcomeDeclaration identifier="FEEDBACKMODAL" cardinality="multiple" baseType="identifier" view="testConstructor"/>
<outcomeDeclaration identifier="SOLUTIONMODAL" cardinality="single" baseType="identifier" view="testConstructor"/>
<outcomeDeclaration identifier="MINSCORE" cardinality="single" baseType="float">
<defaultValue>
<value baseType="float">0</value>
</defaultValue>
</outcomeDeclaration>
<outcomeDeclaration identifier="SCORE_RESPONSE_1" cardinality="single" baseType="float">
<defaultValue>
<value>0.0</value>
</defaultValue>
</outcomeDeclaration>
<outcomeDeclaration identifier="MINSCORE_RESPONSE_1" cardinality="single" baseType="float">
<defaultValue>
<value>0.0</value>
</defaultValue>
</outcomeDeclaration>
<itemBody>
<p>Verlegenheid is in de populatie normaal verdeeld met een gemiddelde van 12 en een standaarddeviatie van 5. De betrouwbaarheid van een verlegenheidstest is .78 (Cronbach’s Alpha). In een onderzoek naar verlegenheid zijn uit een populatie de 40 meest verlegen kinderen gekozen (kinderen met hoogste scores op de verlegenheidstest). Twintig van hen zijn toebedeeld aan een controlegroep en 20 zitten in de behandelgroep. De kinderen in de behandelgroep hebben een assertiviteitstraining doorlopen. Vervolgens is na de behandeling de verlegenheidstest opnieuw afgenomen bij alle kinderen. Onderstaand zie je de gemiddelden voor de controle groep en de behandelgroep voor de twee metingen.</p>
<table>
<thead>
<tr class="header">
<th align="left">Groep</th>
<th align="left">Mean_pretest</th>
<th align="left">Mean_posttest</th>
</tr>
</thead>
<tbody>
<tr class="odd">
<td align="left">Controlegroep (n=20)</td>
<td align="left">20</td>
<td align="left">18</td>
</tr>
<tr class="even">
<td align="left">Behandelingsgroep (n=20)</td>
<td align="left">20</td>
<td align="left">16</td>
</tr>
</tbody>
</table>
<p>Beoordeel onderstaande stellingen:
I. Als de betrouwbaarheid van de verlegenheidstest 0 was geweest, dan zou het gemiddelde op de pre-test voor beide groepen nog hoger zijn geweest.
II. Omdat er een controle groep is, is hier geen sprake van regressie naar het gemiddelde.</p>
<choiceInteraction responseIdentifier="eur-reliability-210-nl-ans_519088245_section_1_item_1_schoice_RESPONSE_1_6623305" shuffle="false" maxChoices="1">
<simpleChoice identifier="eur-reliability-210-nl-ans_519088245_section_1_item_1_schoice_1_7113234323">
<p>
 Stelling I en stelling II zijn beide waar
</p>
</simpleChoice>
<simpleChoice identifier="eur-reliability-210-nl-ans_519088245_section_1_item_1_schoice_2_1180919165">
<p>
 Stelling I is niet waar en stelling II is waar
</p>
</simpleChoice>
<simpleChoice identifier="eur-reliability-210-nl-ans_519088245_section_1_item_1_schoice_3_1965783457">
<p>
 Stelling I en stelling II zijn beide niet waar
</p>
</simpleChoice>
<simpleChoice identifier="eur-reliability-210-nl-ans_519088245_section_1_item_1_schoice_4_1147865434">
<p>
 Stelling I is waar en stelling II is niet waar
</p>
</simpleChoice>
</choiceInteraction>
</itemBody>
<responseProcessing>
<setOutcomeValue identifier="SCORE_RESPONSE_1">
<sum>
<variable identifier="SCORE_RESPONSE_1"/>
<mapResponse identifier="eur-reliability-210-nl-ans_519088245_section_1_item_1_schoice_RESPONSE_1_6623305"/>
</sum>
</setOutcomeValue>
<responseCondition>
<responseIf>
<lt>
<variable identifier="SCORE_RESPONSE_1"/>
<variable identifier="MINSCORE_RESPONSE_1"/>
</lt>
<setOutcomeValue identifier="SCORE_RESPONSE_1">
<variable identifier="MINSCORE_RESPONSE_1"/>
</setOutcomeValue>
</responseIf>
</responseCondition>
<responseCondition>
<responseIf>
<isNull>
<variable identifier="eur-reliability-210-nl-ans_519088245_section_1_item_1_schoice_RESPONSE_1_6623305"/>
</isNull>
<setOutcomeValue identifier="SCORE_RESPONSE_1">
<sum>
<variable identifier="SCORE_RESPONSE_1"/>
<baseValue baseType="float">0</baseValue>
</sum>
</setOutcomeValue>
</responseIf>
</responseCondition>
<setOutcomeValue identifier="SCORE">
<sum>
<variable identifier="SCORE_RESPONSE_1"/>
</sum>
</setOutcomeValue>
<responseCondition>
<responseIf>
<lt>
<variable identifier="SCORE"/>
<variable identifier="MINSCORE"/>
</lt>
<setOutcomeValue identifier="SCORE">
<variable identifier="MINSCORE"/>
</setOutcomeValue>
</responseIf>
</responseCondition>
<responseCondition>
<responseIf>
<lt>
<variable identifier="SCORE"/>
<baseValue baseType="float">1</baseValue>
</lt>
<setOutcomeValue identifier="FEEDBACKMODAL">
<multiple>
<variable identifier="FEEDBACKMODAL"/>
<baseValue baseType="identifier">Feedback115067636</baseValue>
</multiple>
</setOutcomeValue>
</responseIf>
</responseCondition>
</responseProcessing>
<modalFeedback outcomeIdentifier="FEEDBACK" showHide="show" identifier="incorrect">
<p>Beide uitspraken zijn onwaar. Als de betrouwbaarheid 0 zou zijn, dan heb je alleen meetfout en in dat geval zouden de scores op de pre-test hoger, lager of gelijk kunnen zijn. Het opnemen van een controlegroep beïnvloedt de aanwezigheid van regressie naar het gemiddelde niet, maar betreft het ontwerp van de studie en of er causale conclusies getrokken kunnen worden (zie WE hoofdstuk 7).</p>
<br />
<ul>
<li> Stelling I en stelling II zijn beide waar <br /> Fout </li>
<li> Stelling I is niet waar en stelling II is waar <br /> Fout </li>
<li> Stelling I en stelling II zijn beide niet waar <br /> Goed </li>
<li> Stelling I is waar en stelling II is niet waar <br /> Fout </li>
</ul>
</modalFeedback>
</assessmentItem>
