<?xml version="1.0" encoding="utf-8" standalone="yes"?>
<assessmentItem identifier="vufgb-logistic_regression-346-nl-tv_202307180610_item_1_schoice" title="vufgb-logistic_regression-346-nl-tv_202307180610_item_1_schoice_vufgb-logistic_regression-346-nl" adaptive="false" timeDependent="false" toolName="Testvision Online" toolVersion="39.0.9084" xmlns="http://www.imsglobal.org/xsd/imsqti_v2p1">
<responseDeclaration identifier="RESPONSE" cardinality="single" baseType="identifier">
<correctResponse>
<value>alt_557757</value>
</correctResponse>
<mapping defaultValue="0" lowerBound="0.0">
<mapEntry mapKey="alt_833394" mappedValue="-0.333333333333333"/>
<mapEntry mapKey="alt_933392" mappedValue="-0.333333333333333"/>
<mapEntry mapKey="alt_557757" mappedValue="1"/>
<mapEntry mapKey="alt_772715" mappedValue="-0.333333333333333"/>
</mapping>
</responseDeclaration>
<outcomeDeclaration identifier="SCORE" cardinality="single" baseType="float" normalMaximum="1" normalMinimum="0" />
<outcomeDeclaration identifier="FEEDBACK" cardinality="single" baseType="identifier" />
<itemBody>
<p>Een binaire logistische regressieanalyse vindt <math display="inline" xmlns="http://www.w3.org/1998/Math/MathML"><semantics><mrow><mi>B</mi><mo>=</mo><mn>2.80</mn></mrow><annotation encoding="application/x-tex">B = 2.80</annotation></semantics></math> en <math display="inline" xmlns="http://www.w3.org/1998/Math/MathML"><semantics><mrow><mi>S</mi><mi>E</mi><mo>=</mo><mn>0.45</mn></mrow><annotation encoding="application/x-tex">SE = 0.45</annotation></semantics></math>.</p>
<p>Bereken het bijbehorende 95% betrouwbaarheidsinterval voor de Odds Ratio (<em>OR</em>).</p>
<choiceInteraction responseIdentifier="RESPONSE" shuffle="false" maxChoices="1">
<simpleChoice identifier="alt_833394">
<div class="textblock tvblock tvcss_1"><div class="rte_zone tveditor1">
 2.35 ; 3.25
</div>
</div>
</simpleChoice>
<simpleChoice identifier="alt_933392">
<div class="textblock tvblock tvcss_1"><div class="rte_zone tveditor1">
 1.92 ; 3.68
</div>
</div>
</simpleChoice>
<simpleChoice identifier="alt_557757">
<div class="textblock tvblock tvcss_1"><div class="rte_zone tveditor1">
 6.81 ; 39.73
</div>
</div>
</simpleChoice>
<simpleChoice identifier="alt_772715">
<div class="textblock tvblock tvcss_1"><div class="rte_zone tveditor1">
 10.49 ; 25.79
</div>
</div>
</simpleChoice>
</choiceInteraction>
</itemBody>
<responseProcessing>
<responseCondition>
<responseIf>
<isNull>
<variable identifier="RESPONSE"/>
</isNull>
<setOutcomeValue identifier="SCORE">
<baseValue baseType="float">0.0</baseValue>
</setOutcomeValue>
<setOutcomeValue identifier="FEEDBACK">
<baseValue baseType="identifier">FAILURE</baseValue>
</setOutcomeValue>
</responseIf>
<responseElse>
<setOutcomeValue identifier="SCORE">
<mapResponse identifier="RESPONSE"/>
</setOutcomeValue>
<responseCondition>
<responseIf>
<equal toleranceMode="relative" tolerance="0.001">
<variable identifier="SCORE"/>
<variable identifier="MAXSCORE"/>
</equal>
<setOutcomeValue identifier="FEEDBACK">
<baseValue baseType="identifier">ANSWER_CORRECT</baseValue>
</setOutcomeValue>
</responseIf>
<responseElse>
<setOutcomeValue identifier="FEEDBACK">
<baseValue baseType="identifier">FAILURE</baseValue>
</setOutcomeValue>
</responseElse>
</responseCondition>
</responseElse>
</responseCondition>
</responseProcessing>
<modalFeedback identifier="FAILURE" outcomeIdentifier="FEEDBACK" showHide="show">
<div class="textblock tvblock tvcss_1"><div class="rte_zone tveditor1">
 2.35 ; 3.25 <br /> Incorrect 
 1.92 ; 3.68 <br /> Incorrect 
 6.81 ; 39.73 <br /> Correct 
 10.49 ; 25.79 <br /> Incorrect 
</div>
</div>
</modalFeedback>
<modalFeedback identifier="ANSWER_CORRECT" outcomeIdentifier="FEEDBACK" showHide="show">
<div class="textblock tvblock tvcss_1"><div class="rte_zone tveditor1">
 2.35 ; 3.25 <br /> Incorrect 
 1.92 ; 3.68 <br /> Incorrect 
 6.81 ; 39.73 <br /> Correct 
 10.49 ; 25.79 <br /> Incorrect 
</div>
</div>
</modalFeedback>
<modalFeedback identifier="PARTIAL_CORRECT" outcomeIdentifier="FEEDBACK" showHide="show">
<div class="textblock tvblock tvcss_1"><div class="rte_zone tveditor1">
 2.35 ; 3.25 <br /> Incorrect 
 1.92 ; 3.68 <br /> Incorrect 
 6.81 ; 39.73 <br /> Correct 
 10.49 ; 25.79 <br /> Incorrect 
</div>
</div>
</modalFeedback>
</assessmentItem>
