<?xml version="1.0" encoding="UTF-8"?>
<!DOCTYPE questestinterop SYSTEM "ims_qtiasiv1p2p1.dtd">

<questestinterop xmlns="http://www.imsglobal.org/xsd/ims_qtiasiv1p2" xmlns:xsi="http://www.w3.org/2001/XMLSchema-instance" xsi:schemaLocation="http://www.imsglobal.org/xsd/ims_qtiasiv1p2 http://www.imsglobal.org/xsd/ims_qtiasiv1p2p1.xsd">
<assessment ident="vufsw-mediation-0298-en-canvas_834356894" title="vufsw-mediation-0298-en-canvas">

<qtimetadata>
<qtimetadatafield>
<fieldlabel>cc_maxattempts</fieldlabel>
<fieldentry>1</fieldentry>
</qtimetadatafield>
<qtimetadatafield>
<fieldlabel>qmd_assessmenttype</fieldlabel>
<fieldentry>Assessment</fieldentry>
</qtimetadatafield>
</qtimetadata>
<objectives>
<material>
<mattext><![CDATA[Please solve the following exercises.]]></mattext>
</material>
</objectives>
<assessmentcontrol feedbackswitch="No" hintswitch="No" solutionswitch="Yes"/>
<outcomes_processing scoremodel="SumOfScores">
<outcomes>
<decvar varname="SCORE" vartype="Decimal" cutvalue="0"/>
</outcomes>
</outcomes_processing>
<assessfeedback title="AssessmentFeedback" ident="AssessmentFeedback">
<flow_mat>
<material>
<mattext>##AssessmentFeedback##</mattext>
</material>
</flow_mat>
</assessfeedback>

<section ident="vufsw-mediation-0298-en-canvas_834356894_section_1" title="Exercise">

<objectives>
<material>
<mattext><![CDATA[Please answer the following question.]]></mattext>
</material>
</objectives>
<selection_ordering>
<selection>
<selection_number>1</selection_number>
<selection_extension>
<points_per_item>1</points_per_item>
</selection_extension>
</selection>
<order order_type="Random"/>
</selection_ordering>

<item ident="vufsw-mediation-0298-en-canvas_834356894_section_1_item_1_schoice" title="Question" maxattempts="1">
<itemcontrol feedbackswitch="No" hintswitch="No" solutionswitch="Yes"/>
<itemmetadata>
<qtimetadata>
<qtimetadatafield>
<fieldlabel>question_type</fieldlabel>
<fieldentry>multiple_choice_question</fieldentry>
</qtimetadatafield>
</qtimetadata>
</itemmetadata>
<presentation>
<flow>
<material>
<matbreak/>
<mattext texttype="text/html" charset="utf-8"><![CDATA[
<p>Below is part of the output of a mediation analysis with the Hayes Process.<br />
With high confidence, we can state that the indirect effect is higher than _______________ <strong>…</strong> and smaller than _______________ <strong>. This means that we have
* …</strong> have evidence for a mediation effect in the population.</p>
<p><img src="data/supplements_1_1/1615993706039.png" /></p>
]]></mattext>
<matbreak/>
</material>
<response_lid ident="vufsw-mediation-0298-en-canvas_834356894_section_1_item_1_schoice_RESPONSE_8976592" rcardinality="Single" rtiming="No">
<render_choice shuffle="No">
<flow_label class="List">
<response_label ident="vufsw-mediation-0298-en-canvas_834356894_section_1_item_1_schoice_8970540608" rshuffle="No">
<material>
<mattext texttype="text/html" charset="utf-8"><![CDATA[
 [1] = 0.0081 [2] = 0.0196 \3” = adequate
]]></mattext>
</material>
</response_label>
</flow_label>
<flow_label class="List">
<response_label ident="vufsw-mediation-0298-en-canvas_834356894_section_1_item_1_schoice_3507328142" rshuffle="No">
<material>
<mattext texttype="text/html" charset="utf-8"><![CDATA[
 [1] = -0.0134 [2] = 0.0036 "3” = insufficient
]]></mattext>
</material>
</response_label>
</flow_label>
<flow_label class="List">
<response_label ident="vufsw-mediation-0298-en-canvas_834356894_section_1_item_1_schoice_9054953273" rshuffle="No">
<material>
<mattext texttype="text/html" charset="utf-8"><![CDATA[
 [1] = 0.0036 [2] = 0.0196 "3” = adequate
]]></mattext>
</material>
</response_label>
</flow_label>
<flow_label class="List">
<response_label ident="vufsw-mediation-0298-en-canvas_834356894_section_1_item_1_schoice_5919853058" rshuffle="No">
<material>
<mattext texttype="text/html" charset="utf-8"><![CDATA[
 [1] = -0.0134 [2] = 0.0081 "3” = insufficient
]]></mattext>
</material>
</response_label>
</flow_label>
<flow_label class="List">
<response_label ident="vufsw-mediation-0298-en-canvas_834356894_section_1_item_1_schoice_6379181103" rshuffle="No">
<material>
<mattext texttype="text/html" charset="utf-8"><![CDATA[
 [1] = 0.0036 [2] = 0.0081 "3” = adequate
]]></mattext>
</material>
</response_label>
</flow_label>
<flow_label class="List">
<response_label ident="vufsw-mediation-0298-en-canvas_834356894_section_1_item_1_schoice_5989307762" rshuffle="No">
<material>
<mattext texttype="text/html" charset="utf-8"><![CDATA[
 [1] = -0.0134 [2] = 0.0196 "3” = insufficient
]]></mattext>
</material>
</response_label>
</flow_label>
</render_choice>
</response_lid>
</flow>
</presentation>
<resprocessing>
<outcomes>
<decvar varname="SCORE" vartype="Decimal" defaultval="0" minvalue="0" maxvalue="1" cutvalue="1"/>
</outcomes>
<respcondition title="Mastery" continue="No">
<conditionvar>
<and>
<varequal respident="vufsw-mediation-0298-en-canvas_834356894_section_1_item_1_schoice_RESPONSE_8976592" case="Yes">vufsw-mediation-0298-en-canvas_834356894_section_1_item_1_schoice_5989307762</varequal>
<not> <varequal respident="vufsw-mediation-0298-en-canvas_834356894_section_1_item_1_schoice_RESPONSE_8976592" case="Yes">vufsw-mediation-0298-en-canvas_834356894_section_1_item_1_schoice_8970540608</varequal> </not>
<not> <varequal respident="vufsw-mediation-0298-en-canvas_834356894_section_1_item_1_schoice_RESPONSE_8976592" case="Yes">vufsw-mediation-0298-en-canvas_834356894_section_1_item_1_schoice_3507328142</varequal> </not>
<not> <varequal respident="vufsw-mediation-0298-en-canvas_834356894_section_1_item_1_schoice_RESPONSE_8976592" case="Yes">vufsw-mediation-0298-en-canvas_834356894_section_1_item_1_schoice_9054953273</varequal> </not>
<not> <varequal respident="vufsw-mediation-0298-en-canvas_834356894_section_1_item_1_schoice_RESPONSE_8976592" case="Yes">vufsw-mediation-0298-en-canvas_834356894_section_1_item_1_schoice_5919853058</varequal> </not>
<not> <varequal respident="vufsw-mediation-0298-en-canvas_834356894_section_1_item_1_schoice_RESPONSE_8976592" case="Yes">vufsw-mediation-0298-en-canvas_834356894_section_1_item_1_schoice_6379181103</varequal> </not>
</and>
</conditionvar>
<setvar varname="SCORE" action="Set">1</setvar>
<displayfeedback feedbacktype="Response" linkrefid="correct_fb"/>
</respcondition>
<respcondition continue="Yes">
<conditionvar>
<other/>
</conditionvar>
<displayfeedback feedbacktype="Response" linkrefid="general_incorrect_fb"/>
</respcondition>
</resprocessing>
<itemfeedback ident="correct_fb" view="All">
<flow_mat>
<material>
<mattext texttype="text/html"><![CDATA[
<p>This is the bootstrap confidence interval of the indirect effect (-0.0134, 0.0196). The 0 is in the confidence interval. Thus, we have insufficient evidence that a mediation effect exists in the population.</p>
<br />
<ul>
<li> [1] = 0.0081 [2] = 0.0196 \3” = adequate <br /> False </li>
<li> [1] = -0.0134 [2] = 0.0036 "3” = insufficient <br /> False </li>
<li> [1] = 0.0036 [2] = 0.0196 "3” = adequate <br /> False </li>
<li> [1] = -0.0134 [2] = 0.0081 "3” = insufficient <br /> False </li>
<li> [1] = 0.0036 [2] = 0.0081 "3” = adequate <br /> False </li>
<li> [1] = -0.0134 [2] = 0.0196 "3” = insufficient <br /> True </li>
</ul>
]]></mattext>
</material>
</flow_mat>
</itemfeedback>
<itemfeedback ident="general_incorrect_fb" view="All">
<flow_mat>
<material>
<mattext texttype="text/html"><![CDATA[
<p>This is the bootstrap confidence interval of the indirect effect (-0.0134, 0.0196). The 0 is in the confidence interval. Thus, we have insufficient evidence that a mediation effect exists in the population.</p>
<br />
<ul>
<li> [1] = 0.0081 [2] = 0.0196 \3” = adequate <br /> False </li>
<li> [1] = -0.0134 [2] = 0.0036 "3” = insufficient <br /> False </li>
<li> [1] = 0.0036 [2] = 0.0196 "3” = adequate <br /> False </li>
<li> [1] = -0.0134 [2] = 0.0081 "3” = insufficient <br /> False </li>
<li> [1] = 0.0036 [2] = 0.0081 "3” = adequate <br /> False </li>
<li> [1] = -0.0134 [2] = 0.0196 "3” = insufficient <br /> True </li>
</ul>
]]></mattext>
</material>
</flow_mat>
</itemfeedback>
</item>


</section>

</assessment>
</questestinterop>
