<?xml version="1.0" encoding="UTF-8"?>
<assessmentItem xsi:schemaLocation="http://www.imsglobal.org/xsd/imsqti_v2p1 http://www.imsglobal.org/xsd/qti/qtiv2p1/imsqti_v2p1p1.xsd http://www.w3.org/1998/Math/MathML http://www.w3.org/Math/XMLSchema/mathml2/mathml2.xsd" identifier="uva-power-349-en-ans_174201102_section_1_item_1_schoice" title="Inferential_Statistics_uva-power-349-en_uva-power-349-en_schoice_1" adaptive="false" timeDependent="false" xmlns="http://www.imsglobal.org/xsd/imsqti_v2p1" xmlns:xsi="http://www.w3.org/2001/XMLSchema-instance">
<responseDeclaration identifier="uva-power-349-en-ans_174201102_section_1_item_1_schoice_RESPONSE_1_7069300" cardinality="single" baseType="identifier">
<correctResponse>
<value>uva-power-349-en-ans_174201102_section_1_item_1_schoice_2_1861169820</value>
</correctResponse>
<mapping defaultValue="0" lowerBound="0.0">
<mapEntry mapKey="uva-power-349-en-ans_174201102_section_1_item_1_schoice_1_3200607857" mappedValue="0"/>
<mapEntry mapKey="uva-power-349-en-ans_174201102_section_1_item_1_schoice_2_1861169820" mappedValue="1"/>
<mapEntry mapKey="uva-power-349-en-ans_174201102_section_1_item_1_schoice_3_9103668068" mappedValue="0"/>
<mapEntry mapKey="uva-power-349-en-ans_174201102_section_1_item_1_schoice_4_2552708570" mappedValue="0"/>
</mapping>
</responseDeclaration>
<outcomeDeclaration identifier="SCORE" cardinality="single" baseType="float" normalMaximum="1" normalMinimum="0">
<defaultValue>
<value>0.0</value>
</defaultValue>
</outcomeDeclaration>
<outcomeDeclaration identifier="MAXSCORE" cardinality="single" baseType="float">
<defaultValue>
<value>1</value>
</defaultValue>
</outcomeDeclaration>
<outcomeDeclaration identifier="FEEDBACKBASIC" cardinality="single" baseType="identifier" view="testConstructor">
<defaultValue>
<value>empty</value>
</defaultValue>
</outcomeDeclaration>
<outcomeDeclaration identifier="FEEDBACKMODAL" cardinality="multiple" baseType="identifier" view="testConstructor"/>
<outcomeDeclaration identifier="SOLUTIONMODAL" cardinality="single" baseType="identifier" view="testConstructor"/>
<outcomeDeclaration identifier="MINSCORE" cardinality="single" baseType="float">
<defaultValue>
<value baseType="float">0</value>
</defaultValue>
</outcomeDeclaration>
<outcomeDeclaration identifier="SCORE_RESPONSE_1" cardinality="single" baseType="float">
<defaultValue>
<value>0.0</value>
</defaultValue>
</outcomeDeclaration>
<outcomeDeclaration identifier="MINSCORE_RESPONSE_1" cardinality="single" baseType="float">
<defaultValue>
<value>0.0</value>
</defaultValue>
</outcomeDeclaration>
<itemBody>
<p>Below are two statements about discernment (power):______. 1: With a larger sample size, discernment power increases increases. 2: With a smaller test risk, discernment power increases increases.</p>
<choiceInteraction responseIdentifier="uva-power-349-en-ans_174201102_section_1_item_1_schoice_RESPONSE_1_7069300" shuffle="false" maxChoices="1">
<simpleChoice identifier="uva-power-349-en-ans_174201102_section_1_item_1_schoice_1_3200607857">
<p>
 Both statements are correct.
</p>
</simpleChoice>
<simpleChoice identifier="uva-power-349-en-ans_174201102_section_1_item_1_schoice_2_1861169820">
<p>
 Statement 1 is correct, statement 2 is incorrect.
</p>
</simpleChoice>
<simpleChoice identifier="uva-power-349-en-ans_174201102_section_1_item_1_schoice_3_9103668068">
<p>
 Statement 1 is incorrect, statement 2 is correct.
</p>
</simpleChoice>
<simpleChoice identifier="uva-power-349-en-ans_174201102_section_1_item_1_schoice_4_2552708570">
<p>
 Both statements are incorrect.
</p>
</simpleChoice>
</choiceInteraction>
</itemBody>
<responseProcessing>
<setOutcomeValue identifier="SCORE_RESPONSE_1">
<sum>
<variable identifier="SCORE_RESPONSE_1"/>
<mapResponse identifier="uva-power-349-en-ans_174201102_section_1_item_1_schoice_RESPONSE_1_7069300"/>
</sum>
</setOutcomeValue>
<responseCondition>
<responseIf>
<lt>
<variable identifier="SCORE_RESPONSE_1"/>
<variable identifier="MINSCORE_RESPONSE_1"/>
</lt>
<setOutcomeValue identifier="SCORE_RESPONSE_1">
<variable identifier="MINSCORE_RESPONSE_1"/>
</setOutcomeValue>
</responseIf>
</responseCondition>
<responseCondition>
<responseIf>
<isNull>
<variable identifier="uva-power-349-en-ans_174201102_section_1_item_1_schoice_RESPONSE_1_7069300"/>
</isNull>
<setOutcomeValue identifier="SCORE_RESPONSE_1">
<sum>
<variable identifier="SCORE_RESPONSE_1"/>
<baseValue baseType="float">0</baseValue>
</sum>
</setOutcomeValue>
</responseIf>
</responseCondition>
<setOutcomeValue identifier="SCORE">
<sum>
<variable identifier="SCORE_RESPONSE_1"/>
</sum>
</setOutcomeValue>
<responseCondition>
<responseIf>
<lt>
<variable identifier="SCORE"/>
<variable identifier="MINSCORE"/>
</lt>
<setOutcomeValue identifier="SCORE">
<variable identifier="MINSCORE"/>
</setOutcomeValue>
</responseIf>
</responseCondition>
<responseCondition>
<responseIf>
<lt>
<variable identifier="SCORE"/>
<baseValue baseType="float">1</baseValue>
</lt>
<setOutcomeValue identifier="FEEDBACKMODAL">
<multiple>
<variable identifier="FEEDBACKMODAL"/>
<baseValue baseType="identifier">Feedback253946503</baseValue>
</multiple>
</setOutcomeValue>
</responseIf>
</responseCondition>
</responseProcessing>
<modalFeedback outcomeIdentifier="FEEDBACK" showHide="show" identifier="incorrect">
<ul>
<li> Both statements are correct. <br /> Both statements are correct: Incorrect </li>
<li> Statement 1 is correct, statement 2 is incorrect. <br /> Statement 1 is correct, statement 2 is incorrect: Correct </li>
<li> Statement 1 is incorrect, statement 2 is correct. <br /> Utterance 1 is incorrect, utterance 2 is correct…: Incorrect </li>
<li> Both statements are incorrect. <br /> Both statements are incorrect: Incorrect </li>
</ul>
</modalFeedback>
</assessmentItem>
