<?xml version="1.0" encoding="UTF-8"?>
<assessmentItem xsi:schemaLocation="http://www.imsglobal.org/xsd/imsqti_v2p1 http://www.imsglobal.org/xsd/qti/qtiv2p1/imsqti_v2p1p1.xsd http://www.w3.org/1998/Math/MathML http://www.w3.org/Math/XMLSchema/mathml2/mathml2.xsd" identifier="uu-ANOVA-832-nl-ans_880522892_section_1_item_1_schoice" title="Inferential_Statistics_uu-ANOVA-832-nl_uu-ANOVA-832-nl_schoice_1" adaptive="false" timeDependent="false" xmlns="http://www.imsglobal.org/xsd/imsqti_v2p1" xmlns:xsi="http://www.w3.org/2001/XMLSchema-instance">
<responseDeclaration identifier="uu-ANOVA-832-nl-ans_880522892_section_1_item_1_schoice_RESPONSE_1_2515183" cardinality="single" baseType="identifier">
<correctResponse>
<value>uu-ANOVA-832-nl-ans_880522892_section_1_item_1_schoice_4_7763003197</value>
</correctResponse>
<mapping defaultValue="0" lowerBound="0.0">
<mapEntry mapKey="uu-ANOVA-832-nl-ans_880522892_section_1_item_1_schoice_1_9103306654" mappedValue="0"/>
<mapEntry mapKey="uu-ANOVA-832-nl-ans_880522892_section_1_item_1_schoice_2_1301732924" mappedValue="0"/>
<mapEntry mapKey="uu-ANOVA-832-nl-ans_880522892_section_1_item_1_schoice_3_7335438247" mappedValue="0"/>
<mapEntry mapKey="uu-ANOVA-832-nl-ans_880522892_section_1_item_1_schoice_4_7763003197" mappedValue="1"/>
</mapping>
</responseDeclaration>
<outcomeDeclaration identifier="SCORE" cardinality="single" baseType="float" normalMaximum="1" normalMinimum="0">
<defaultValue>
<value>0.0</value>
</defaultValue>
</outcomeDeclaration>
<outcomeDeclaration identifier="MAXSCORE" cardinality="single" baseType="float">
<defaultValue>
<value>1</value>
</defaultValue>
</outcomeDeclaration>
<outcomeDeclaration identifier="FEEDBACKBASIC" cardinality="single" baseType="identifier" view="testConstructor">
<defaultValue>
<value>empty</value>
</defaultValue>
</outcomeDeclaration>
<outcomeDeclaration identifier="FEEDBACKMODAL" cardinality="multiple" baseType="identifier" view="testConstructor"/>
<outcomeDeclaration identifier="SOLUTIONMODAL" cardinality="single" baseType="identifier" view="testConstructor"/>
<outcomeDeclaration identifier="MINSCORE" cardinality="single" baseType="float">
<defaultValue>
<value baseType="float">0</value>
</defaultValue>
</outcomeDeclaration>
<outcomeDeclaration identifier="SCORE_RESPONSE_1" cardinality="single" baseType="float">
<defaultValue>
<value>0.0</value>
</defaultValue>
</outcomeDeclaration>
<outcomeDeclaration identifier="MINSCORE_RESPONSE_1" cardinality="single" baseType="float">
<defaultValue>
<value>0.0</value>
</defaultValue>
</outcomeDeclaration>
<itemBody>
<p>Een 3x3x3 factorial design</p>
<choiceInteraction responseIdentifier="uu-ANOVA-832-nl-ans_880522892_section_1_item_1_schoice_RESPONSE_1_2515183" shuffle="false" maxChoices="1">
<simpleChoice identifier="uu-ANOVA-832-nl-ans_880522892_section_1_item_1_schoice_1_9103306654">
<p>
 heeft 3 onafhankelijke variabelen, elk met drie niveaus.
</p>
</simpleChoice>
<simpleChoice identifier="uu-ANOVA-832-nl-ans_880522892_section_1_item_1_schoice_2_1301732924">
<p>
 heeft 27 verschillende condities.
</p>
</simpleChoice>
<simpleChoice identifier="uu-ANOVA-832-nl-ans_880522892_section_1_item_1_schoice_3_7335438247">
<p>
 kan 3 verschillende hoofdeffecten hebben.
</p>
</simpleChoice>
<simpleChoice identifier="uu-ANOVA-832-nl-ans_880522892_section_1_item_1_schoice_4_7763003197">
<p>
 a, b en c zijn alle drie juist.
</p>
</simpleChoice>
</choiceInteraction>
</itemBody>
<responseProcessing>
<setOutcomeValue identifier="SCORE_RESPONSE_1">
<sum>
<variable identifier="SCORE_RESPONSE_1"/>
<mapResponse identifier="uu-ANOVA-832-nl-ans_880522892_section_1_item_1_schoice_RESPONSE_1_2515183"/>
</sum>
</setOutcomeValue>
<responseCondition>
<responseIf>
<lt>
<variable identifier="SCORE_RESPONSE_1"/>
<variable identifier="MINSCORE_RESPONSE_1"/>
</lt>
<setOutcomeValue identifier="SCORE_RESPONSE_1">
<variable identifier="MINSCORE_RESPONSE_1"/>
</setOutcomeValue>
</responseIf>
</responseCondition>
<responseCondition>
<responseIf>
<isNull>
<variable identifier="uu-ANOVA-832-nl-ans_880522892_section_1_item_1_schoice_RESPONSE_1_2515183"/>
</isNull>
<setOutcomeValue identifier="SCORE_RESPONSE_1">
<sum>
<variable identifier="SCORE_RESPONSE_1"/>
<baseValue baseType="float">0</baseValue>
</sum>
</setOutcomeValue>
</responseIf>
</responseCondition>
<setOutcomeValue identifier="SCORE">
<sum>
<variable identifier="SCORE_RESPONSE_1"/>
</sum>
</setOutcomeValue>
<responseCondition>
<responseIf>
<lt>
<variable identifier="SCORE"/>
<variable identifier="MINSCORE"/>
</lt>
<setOutcomeValue identifier="SCORE">
<variable identifier="MINSCORE"/>
</setOutcomeValue>
</responseIf>
</responseCondition>
<responseCondition>
<responseIf>
<lt>
<variable identifier="SCORE"/>
<baseValue baseType="float">1</baseValue>
</lt>
<setOutcomeValue identifier="FEEDBACKMODAL">
<multiple>
<variable identifier="FEEDBACKMODAL"/>
<baseValue baseType="identifier">Feedback881535925</baseValue>
</multiple>
</setOutcomeValue>
</responseIf>
</responseCondition>
</responseProcessing>
<modalFeedback outcomeIdentifier="FEEDBACK" showHide="show" identifier="incorrect">
</modalFeedback>
</assessmentItem>
