<?xml version="1.0" encoding="UTF-8"?>
<assessmentItem xsi:schemaLocation="http://www.imsglobal.org/xsd/imsqti_v2p1 http://www.imsglobal.org/xsd/qti/qtiv2p1/imsqti_v2p1p1.xsd http://www.w3.org/1998/Math/MathML http://www.w3.org/Math/XMLSchema/mathml2/mathml2.xsd" identifier="vufsw-moderation-2051-nl-qti_996682334_section_1_item_1_schoice" title="1" adaptive="false" timeDependent="false" xmlns="http://www.imsglobal.org/xsd/imsqti_v2p1" xmlns:xsi="http://www.w3.org/2001/XMLSchema-instance">
<responseDeclaration identifier="vufsw-moderation-2051-nl-qti_996682334_section_1_item_1_schoice_RESPONSE_1_2655216" cardinality="single" baseType="identifier">
<correctResponse>
<value>vufsw-moderation-2051-nl-qti_996682334_section_1_item_1_schoice_4_2657089981</value>
</correctResponse>
<mapping defaultValue="0" lowerBound="0.0">
<mapEntry mapKey="vufsw-moderation-2051-nl-qti_996682334_section_1_item_1_schoice_1_4843146913" mappedValue="0"/>
<mapEntry mapKey="vufsw-moderation-2051-nl-qti_996682334_section_1_item_1_schoice_2_5380370906" mappedValue="0"/>
<mapEntry mapKey="vufsw-moderation-2051-nl-qti_996682334_section_1_item_1_schoice_3_6483492457" mappedValue="0"/>
<mapEntry mapKey="vufsw-moderation-2051-nl-qti_996682334_section_1_item_1_schoice_4_2657089981" mappedValue="1"/>
</mapping>
</responseDeclaration>
<outcomeDeclaration identifier="SCORE" cardinality="single" baseType="float" normalMaximum="1" normalMinimum="0">
<defaultValue>
<value>0.0</value>
</defaultValue>
</outcomeDeclaration>
<outcomeDeclaration identifier="MAXSCORE" cardinality="single" baseType="float">
<defaultValue>
<value>1</value>
</defaultValue>
</outcomeDeclaration>
<outcomeDeclaration identifier="FEEDBACKBASIC" cardinality="single" baseType="identifier" view="testConstructor">
<defaultValue>
<value>empty</value>
</defaultValue>
</outcomeDeclaration>
<outcomeDeclaration identifier="FEEDBACKMODAL" cardinality="multiple" baseType="identifier" view="testConstructor"/>
<outcomeDeclaration identifier="MINSCORE" cardinality="single" baseType="float">
<defaultValue>
<value baseType="float">0</value>
</defaultValue>
</outcomeDeclaration>
<outcomeDeclaration identifier="SCORE_RESPONSE_1" cardinality="single" baseType="float">
<defaultValue>
<value>0.0</value>
</defaultValue>
</outcomeDeclaration>
<outcomeDeclaration identifier="MINSCORE_RESPONSE_1" cardinality="single" baseType="float">
<defaultValue>
<value>0.0</value>
</defaultValue>
</outcomeDeclaration>
<itemBody>
<p>In onderstaande output is in een steekproef van jongeren in de leeftijd
14-17 jaar onderzocht in hoeverre cultuurparticipatie (culpar: continue
schaal 1-100: laag -&gt; hoog) afhangt van leeftijd (lft15: in jaren, 15
jaar =0) en van de cultuurparticipatie van de moeder (pmcul: continue
schaal 0-1: laag -&gt; hoog). Er is ook een interactieterm opgenomen
tussen leeftijd en de cultuurparticipatie van de moeder (lft_pmcul:
berekend als lft15 * pmcul).</p>
<p><img src="Schermafbeelding__2019-01-30__om__14.57.50.png"
class="fr-fic fr-dii tvcss_2"
alt="Schermafbeelding 2019-01-30 om 14.57.50" /><br />
Hoe groot is volgens model 2 het verschil in cultuurparticipatie op
16-jarige leeftijd tussen jongeren met de minst (pmcul = 0) en met de
meest (pmcul = 1) cultureel actieve moeder? <em>NB: in ongestandaardiseerde
eenheden</em></p>
<choiceInteraction responseIdentifier="vufsw-moderation-2051-nl-qti_996682334_section_1_item_1_schoice_RESPONSE_1_2655216" shuffle="false" maxChoices="1">
<simpleChoice identifier="vufsw-moderation-2051-nl-qti_996682334_section_1_item_1_schoice_1_4843146913">
<p>
a. 55.230
</p>
</simpleChoice>
<simpleChoice identifier="vufsw-moderation-2051-nl-qti_996682334_section_1_item_1_schoice_2_5380370906">
<p>
b. 48.746
</p>
</simpleChoice>
<simpleChoice identifier="vufsw-moderation-2051-nl-qti_996682334_section_1_item_1_schoice_3_6483492457">
<p>
c. 51.158
</p>
</simpleChoice>
<simpleChoice identifier="vufsw-moderation-2051-nl-qti_996682334_section_1_item_1_schoice_4_2657089981">
<p>
d. 44.674
</p>
</simpleChoice>
</choiceInteraction>
</itemBody>
<responseProcessing>
<responseCondition>
<responseIf>
<isNull>
<variable identifier="vufsw-moderation-2051-nl-qti_996682334_section_1_item_1_schoice_RESPONSE_1_2655216"/>
</isNull>
<setOutcomeValue identifier="SCORE_RESPONSE_1">
<sum>
<variable identifier="SCORE_RESPONSE_1"/>
<baseValue baseType="float">0</baseValue>
</sum>
</setOutcomeValue>
</responseIf>
</responseCondition>
<setOutcomeValue identifier="SCORE_RESPONSE_1">
<sum>
<variable identifier="SCORE_RESPONSE_1"/>
<mapResponse identifier="vufsw-moderation-2051-nl-qti_996682334_section_1_item_1_schoice_RESPONSE_1_2655216"/>
</sum>
</setOutcomeValue>
<responseCondition>
<responseIf>
<lt>
<variable identifier="SCORE_RESPONSE_1"/>
<variable identifier="MINSCORE_RESPONSE_1"/>
</lt>
<setOutcomeValue identifier="SCORE_RESPONSE_1">
<variable identifier="MINSCORE_RESPONSE_1"/>
</setOutcomeValue>
</responseIf>
</responseCondition>
<setOutcomeValue identifier="SCORE">
<sum>
<variable identifier="SCORE_RESPONSE_1"/>
</sum>
</setOutcomeValue>
<responseCondition>
<responseIf>
<lt>
<variable identifier="SCORE"/>
<variable identifier="MINSCORE"/>
</lt>
<setOutcomeValue identifier="SCORE">
<variable identifier="MINSCORE"/>
</setOutcomeValue>
</responseIf>
</responseCondition>
<responseCondition>
<responseIf>
<lt>
<variable identifier="SCORE"/>
<baseValue baseType="float">1</baseValue>
</lt>
<setOutcomeValue identifier="FEEDBACKMODAL">
<multiple>
<variable identifier="FEEDBACKMODAL"/>
<baseValue baseType="identifier">Feedback849984467</baseValue>
</multiple>
</setOutcomeValue>
</responseIf>
</responseCondition>
</responseProcessing>
<modalFeedback identifier="Feedback849984467" outcomeIdentifier="FEEDBACKMODAL" showHide="show">
<ol type = "a">
<li> 55.230 <br /> False </li>
<li> 48.746 <br /> False </li>
<li> 51.158 <br /> False </li>
<li> 44.674 <br /> True </li>
</ol>
</modalFeedback>
</assessmentItem>
