<?xml version="1.0" encoding="UTF-8"?>
<assessmentItem xsi:schemaLocation="http://www.imsglobal.org/xsd/imsqti_v2p1 http://www.imsglobal.org/xsd/qti/qtiv2p1/imsqti_v2p1p1.xsd http://www.w3.org/1998/Math/MathML http://www.w3.org/Math/XMLSchema/mathml2/mathml2.xsd" identifier="vufgb-rsquared-004-nl_275602573_section_1_item_1_schoice" title="1" adaptive="false" timeDependent="false" xmlns="http://www.imsglobal.org/xsd/imsqti_v2p1" xmlns:xsi="http://www.w3.org/2001/XMLSchema-instance">
<responseDeclaration identifier="vufgb-rsquared-004-nl_275602573_section_1_item_1_schoice_RESPONSE_1_8962316" cardinality="single" baseType="identifier">
<correctResponse>
<value>vufgb-rsquared-004-nl_275602573_section_1_item_1_schoice_1_8644827350</value>
</correctResponse>
<mapping defaultValue="0" lowerBound="0.0">
<mapEntry mapKey="vufgb-rsquared-004-nl_275602573_section_1_item_1_schoice_1_8644827350" mappedValue="1"/>
<mapEntry mapKey="vufgb-rsquared-004-nl_275602573_section_1_item_1_schoice_2_5138381605" mappedValue="0"/>
<mapEntry mapKey="vufgb-rsquared-004-nl_275602573_section_1_item_1_schoice_3_1608305158" mappedValue="0"/>
<mapEntry mapKey="vufgb-rsquared-004-nl_275602573_section_1_item_1_schoice_4_9719894430" mappedValue="0"/>
</mapping>
</responseDeclaration>
<outcomeDeclaration identifier="SCORE" cardinality="single" baseType="float" normalMaximum="1" normalMinimum="0">
<defaultValue>
<value>0.0</value>
</defaultValue>
</outcomeDeclaration>
<outcomeDeclaration identifier="MAXSCORE" cardinality="single" baseType="float">
<defaultValue>
<value>1</value>
</defaultValue>
</outcomeDeclaration>
<outcomeDeclaration identifier="FEEDBACKBASIC" cardinality="single" baseType="identifier" view="testConstructor">
<defaultValue>
<value>empty</value>
</defaultValue>
</outcomeDeclaration>
<outcomeDeclaration identifier="FEEDBACKMODAL" cardinality="multiple" baseType="identifier" view="testConstructor"/>
<outcomeDeclaration identifier="MINSCORE" cardinality="single" baseType="float">
<defaultValue>
<value baseType="float">0</value>
</defaultValue>
</outcomeDeclaration>
<outcomeDeclaration identifier="SCORE_RESPONSE_1" cardinality="single" baseType="float">
<defaultValue>
<value>0.0</value>
</defaultValue>
</outcomeDeclaration>
<outcomeDeclaration identifier="MINSCORE_RESPONSE_1" cardinality="single" baseType="float">
<defaultValue>
<value>0.0</value>
</defaultValue>
</outcomeDeclaration>
<itemBody>
<p>Waarvoor corrigeert de ‘adjusted <math display="inline" xmlns="http://www.w3.org/1998/Math/MathML"><semantics><msup><mi>R</mi><mn>2</mn></msup><annotation encoding="application/x-tex">R^{2}</annotation></semantics></math>’ in een lineair model?</p>
<choiceInteraction responseIdentifier="vufgb-rsquared-004-nl_275602573_section_1_item_1_schoice_RESPONSE_1_8962316" shuffle="false" maxChoices="1">
<simpleChoice identifier="vufgb-rsquared-004-nl_275602573_section_1_item_1_schoice_1_8644827350">
<p>
a. Voor het aantal predictoren en <em>N</em>.
</p>
</simpleChoice>
<simpleChoice identifier="vufgb-rsquared-004-nl_275602573_section_1_item_1_schoice_2_5138381605">
<p>
b. Voor het aantal vrijheidsgraden en <em>N</em>.
</p>
</simpleChoice>
<simpleChoice identifier="vufgb-rsquared-004-nl_275602573_section_1_item_1_schoice_3_1608305158">
<p>
c. Voor het aantal predictoren en <em>se</em>.
</p>
</simpleChoice>
<simpleChoice identifier="vufgb-rsquared-004-nl_275602573_section_1_item_1_schoice_4_9719894430">
<p>
d. Voor het aantal vrijheidsgraden en <em>se</em>.
</p>
</simpleChoice>
</choiceInteraction>
</itemBody>
<responseProcessing>
<responseCondition>
<responseIf>
<isNull>
<variable identifier="vufgb-rsquared-004-nl_275602573_section_1_item_1_schoice_RESPONSE_1_8962316"/>
</isNull>
<setOutcomeValue identifier="SCORE_RESPONSE_1">
<sum>
<variable identifier="SCORE_RESPONSE_1"/>
<baseValue baseType="float">0</baseValue>
</sum>
</setOutcomeValue>
</responseIf>
</responseCondition>
<setOutcomeValue identifier="SCORE_RESPONSE_1">
<sum>
<variable identifier="SCORE_RESPONSE_1"/>
<mapResponse identifier="vufgb-rsquared-004-nl_275602573_section_1_item_1_schoice_RESPONSE_1_8962316"/>
</sum>
</setOutcomeValue>
<responseCondition>
<responseIf>
<lt>
<variable identifier="SCORE_RESPONSE_1"/>
<variable identifier="MINSCORE_RESPONSE_1"/>
</lt>
<setOutcomeValue identifier="SCORE_RESPONSE_1">
<variable identifier="MINSCORE_RESPONSE_1"/>
</setOutcomeValue>
</responseIf>
</responseCondition>
<setOutcomeValue identifier="SCORE">
<sum>
<variable identifier="SCORE_RESPONSE_1"/>
</sum>
</setOutcomeValue>
<responseCondition>
<responseIf>
<lt>
<variable identifier="SCORE"/>
<variable identifier="MINSCORE"/>
</lt>
<setOutcomeValue identifier="SCORE">
<variable identifier="MINSCORE"/>
</setOutcomeValue>
</responseIf>
</responseCondition>
<responseCondition>
<responseIf>
<lt>
<variable identifier="SCORE"/>
<baseValue baseType="float">1</baseValue>
</lt>
<setOutcomeValue identifier="FEEDBACKMODAL">
<multiple>
<variable identifier="FEEDBACKMODAL"/>
<baseValue baseType="identifier">Feedback718246145</baseValue>
</multiple>
</setOutcomeValue>
</responseIf>
</responseCondition>
</responseProcessing>
<modalFeedback identifier="Feedback718246145" outcomeIdentifier="FEEDBACKMODAL" showHide="show">
<ol type = "a">
<li> Voor het aantal predictoren en <em>N</em>. <br /> Correct </li>
<li> Voor het aantal vrijheidsgraden en <em>N</em>. <br /> Incorrect </li>
<li> Voor het aantal predictoren en <em>se</em>. <br /> Incorrect </li>
<li> Voor het aantal vrijheidsgraden en <em>se</em>. <br /> Incorrect </li>
</ol>
</modalFeedback>
</assessmentItem>
