<?xml version="1.0" encoding="UTF-8"?>
<assessmentItem xsi:schemaLocation="http://www.imsglobal.org/xsd/imsqti_v2p1 http://www.imsglobal.org/xsd/qti/qtiv2p1/imsqti_v2p1p1.xsd http://www.w3.org/1998/Math/MathML http://www.w3.org/Math/XMLSchema/mathml2/mathml2.xsd" identifier="vufgb-multinomiallogisticregression-007-nl-qti_310805297_section_1_item_1_schoice" title="1" adaptive="false" timeDependent="false" xmlns="http://www.imsglobal.org/xsd/imsqti_v2p1" xmlns:xsi="http://www.w3.org/2001/XMLSchema-instance">
<responseDeclaration identifier="vufgb-multinomiallogisticregression-007-nl-qti_310805297_section_1_item_1_schoice_RESPONSE_1_1764939" cardinality="single" baseType="identifier">
<correctResponse>
<value>vufgb-multinomiallogisticregression-007-nl-qti_310805297_section_1_item_1_schoice_2_6552810505</value>
</correctResponse>
<mapping defaultValue="0" lowerBound="0.0">
<mapEntry mapKey="vufgb-multinomiallogisticregression-007-nl-qti_310805297_section_1_item_1_schoice_1_8124015780" mappedValue="0"/>
<mapEntry mapKey="vufgb-multinomiallogisticregression-007-nl-qti_310805297_section_1_item_1_schoice_2_6552810505" mappedValue="1"/>
<mapEntry mapKey="vufgb-multinomiallogisticregression-007-nl-qti_310805297_section_1_item_1_schoice_3_8269868410" mappedValue="0"/>
<mapEntry mapKey="vufgb-multinomiallogisticregression-007-nl-qti_310805297_section_1_item_1_schoice_4_9279633460" mappedValue="0"/>
</mapping>
</responseDeclaration>
<outcomeDeclaration identifier="SCORE" cardinality="single" baseType="float" normalMaximum="1" normalMinimum="0">
<defaultValue>
<value>0.0</value>
</defaultValue>
</outcomeDeclaration>
<outcomeDeclaration identifier="MAXSCORE" cardinality="single" baseType="float">
<defaultValue>
<value>1</value>
</defaultValue>
</outcomeDeclaration>
<outcomeDeclaration identifier="FEEDBACKBASIC" cardinality="single" baseType="identifier" view="testConstructor">
<defaultValue>
<value>empty</value>
</defaultValue>
</outcomeDeclaration>
<outcomeDeclaration identifier="FEEDBACKMODAL" cardinality="multiple" baseType="identifier" view="testConstructor"/>
<outcomeDeclaration identifier="MINSCORE" cardinality="single" baseType="float">
<defaultValue>
<value baseType="float">0</value>
</defaultValue>
</outcomeDeclaration>
<outcomeDeclaration identifier="SCORE_RESPONSE_1" cardinality="single" baseType="float">
<defaultValue>
<value>0.0</value>
</defaultValue>
</outcomeDeclaration>
<outcomeDeclaration identifier="MINSCORE_RESPONSE_1" cardinality="single" baseType="float">
<defaultValue>
<value>0.0</value>
</defaultValue>
</outcomeDeclaration>
<itemBody>
<p>Vul aan.</p>
<p>In een multinomiaal logistisch regressiemodel voor een afhankelijke variabele met 8 categorieën worden … intercepts en … slopes geschat.</p>
<choiceInteraction responseIdentifier="vufgb-multinomiallogisticregression-007-nl-qti_310805297_section_1_item_1_schoice_RESPONSE_1_1764939" shuffle="false" maxChoices="1">
<simpleChoice identifier="vufgb-multinomiallogisticregression-007-nl-qti_310805297_section_1_item_1_schoice_1_8124015780">
<p>
a. 7 ; 8
</p>
</simpleChoice>
<simpleChoice identifier="vufgb-multinomiallogisticregression-007-nl-qti_310805297_section_1_item_1_schoice_2_6552810505">
<p>
b. 7 ; 7
</p>
</simpleChoice>
<simpleChoice identifier="vufgb-multinomiallogisticregression-007-nl-qti_310805297_section_1_item_1_schoice_3_8269868410">
<p>
c. 8 ; 8
</p>
</simpleChoice>
<simpleChoice identifier="vufgb-multinomiallogisticregression-007-nl-qti_310805297_section_1_item_1_schoice_4_9279633460">
<p>
d. 8 ; 7
</p>
</simpleChoice>
</choiceInteraction>
</itemBody>
<responseProcessing>
<responseCondition>
<responseIf>
<isNull>
<variable identifier="vufgb-multinomiallogisticregression-007-nl-qti_310805297_section_1_item_1_schoice_RESPONSE_1_1764939"/>
</isNull>
<setOutcomeValue identifier="SCORE_RESPONSE_1">
<sum>
<variable identifier="SCORE_RESPONSE_1"/>
<baseValue baseType="float">0</baseValue>
</sum>
</setOutcomeValue>
</responseIf>
</responseCondition>
<setOutcomeValue identifier="SCORE_RESPONSE_1">
<sum>
<variable identifier="SCORE_RESPONSE_1"/>
<mapResponse identifier="vufgb-multinomiallogisticregression-007-nl-qti_310805297_section_1_item_1_schoice_RESPONSE_1_1764939"/>
</sum>
</setOutcomeValue>
<responseCondition>
<responseIf>
<lt>
<variable identifier="SCORE_RESPONSE_1"/>
<variable identifier="MINSCORE_RESPONSE_1"/>
</lt>
<setOutcomeValue identifier="SCORE_RESPONSE_1">
<variable identifier="MINSCORE_RESPONSE_1"/>
</setOutcomeValue>
</responseIf>
</responseCondition>
<setOutcomeValue identifier="SCORE">
<sum>
<variable identifier="SCORE_RESPONSE_1"/>
</sum>
</setOutcomeValue>
<responseCondition>
<responseIf>
<lt>
<variable identifier="SCORE"/>
<variable identifier="MINSCORE"/>
</lt>
<setOutcomeValue identifier="SCORE">
<variable identifier="MINSCORE"/>
</setOutcomeValue>
</responseIf>
</responseCondition>
<responseCondition>
<responseIf>
<lt>
<variable identifier="SCORE"/>
<baseValue baseType="float">1</baseValue>
</lt>
<setOutcomeValue identifier="FEEDBACKMODAL">
<multiple>
<variable identifier="FEEDBACKMODAL"/>
<baseValue baseType="identifier">Feedback104498065</baseValue>
</multiple>
</setOutcomeValue>
</responseIf>
</responseCondition>
</responseProcessing>
<modalFeedback identifier="Feedback104498065" outcomeIdentifier="FEEDBACKMODAL" showHide="show">
<ol type = "a">
<li> 7 ; 8 <br /> Incorrect </li>
<li> 7 ; 7 <br /> Correct </li>
<li> 8 ; 8 <br /> Incorrect </li>
<li> 8 ; 7 <br /> Incorrect </li>
</ol>
</modalFeedback>
</assessmentItem>
