<?xml version="1.0" encoding="UTF-8"?>
<assessmentItem xsi:schemaLocation="http://www.imsglobal.org/xsd/imsqti_v2p1 http://www.imsglobal.org/xsd/qti/qtiv2p1/imsqti_v2p1p1.xsd http://www.w3.org/1998/Math/MathML http://www.w3.org/Math/XMLSchema/mathml2/mathml2.xsd" identifier="vufgb-inferentialstatistics-003-en-ans_125796851_section_1_item_1_schoice" title="Inferential_Statistics_vufgb-inferentialstatistics-003-en_vufgb-inferentialstatistics-003-en_schoice_1" adaptive="false" timeDependent="false" xmlns="http://www.imsglobal.org/xsd/imsqti_v2p1" xmlns:xsi="http://www.w3.org/2001/XMLSchema-instance">
<responseDeclaration identifier="vufgb-inferentialstatistics-003-en-ans_125796851_section_1_item_1_schoice_RESPONSE_1_6787979" cardinality="single" baseType="identifier">
<correctResponse>
<value>vufgb-inferentialstatistics-003-en-ans_125796851_section_1_item_1_schoice_4_3042446157</value>
</correctResponse>
<mapping defaultValue="0" lowerBound="0.0">
<mapEntry mapKey="vufgb-inferentialstatistics-003-en-ans_125796851_section_1_item_1_schoice_1_9739954997" mappedValue="0"/>
<mapEntry mapKey="vufgb-inferentialstatistics-003-en-ans_125796851_section_1_item_1_schoice_2_9078141776" mappedValue="0"/>
<mapEntry mapKey="vufgb-inferentialstatistics-003-en-ans_125796851_section_1_item_1_schoice_3_4451508128" mappedValue="0"/>
<mapEntry mapKey="vufgb-inferentialstatistics-003-en-ans_125796851_section_1_item_1_schoice_4_3042446157" mappedValue="1"/>
</mapping>
</responseDeclaration>
<outcomeDeclaration identifier="SCORE" cardinality="single" baseType="float" normalMaximum="1" normalMinimum="0">
<defaultValue>
<value>0.0</value>
</defaultValue>
</outcomeDeclaration>
<outcomeDeclaration identifier="MAXSCORE" cardinality="single" baseType="float">
<defaultValue>
<value>1</value>
</defaultValue>
</outcomeDeclaration>
<outcomeDeclaration identifier="FEEDBACKBASIC" cardinality="single" baseType="identifier" view="testConstructor">
<defaultValue>
<value>empty</value>
</defaultValue>
</outcomeDeclaration>
<outcomeDeclaration identifier="FEEDBACKMODAL" cardinality="multiple" baseType="identifier" view="testConstructor"/>
<outcomeDeclaration identifier="SOLUTIONMODAL" cardinality="single" baseType="identifier" view="testConstructor"/>
<outcomeDeclaration identifier="MINSCORE" cardinality="single" baseType="float">
<defaultValue>
<value baseType="float">0</value>
</defaultValue>
</outcomeDeclaration>
<outcomeDeclaration identifier="SCORE_RESPONSE_1" cardinality="single" baseType="float">
<defaultValue>
<value>0.0</value>
</defaultValue>
</outcomeDeclaration>
<outcomeDeclaration identifier="MINSCORE_RESPONSE_1" cardinality="single" baseType="float">
<defaultValue>
<value>0.0</value>
</defaultValue>
</outcomeDeclaration>
<itemBody>
<p>Fill in the blanks:</p>
<p>The goal of ….I…. statistics is to estimate or predict a parameter on the basis of a sample.</p>
<p>With ….II…. statistics, it is important
that the sample is randomly selected</p>
<choiceInteraction responseIdentifier="vufgb-inferentialstatistics-003-en-ans_125796851_section_1_item_1_schoice_RESPONSE_1_6787979" shuffle="false" maxChoices="1">
<simpleChoice identifier="vufgb-inferentialstatistics-003-en-ans_125796851_section_1_item_1_schoice_1_9739954997">
<p>
 I: descriptive, II: descriptive
</p>
</simpleChoice>
<simpleChoice identifier="vufgb-inferentialstatistics-003-en-ans_125796851_section_1_item_1_schoice_2_9078141776">
<p>
 I: descriptive, II: inferential
</p>
</simpleChoice>
<simpleChoice identifier="vufgb-inferentialstatistics-003-en-ans_125796851_section_1_item_1_schoice_3_4451508128">
<p>
 I: inferential, II: descriptive
</p>
</simpleChoice>
<simpleChoice identifier="vufgb-inferentialstatistics-003-en-ans_125796851_section_1_item_1_schoice_4_3042446157">
<p>
 I: inferential, II: inferential
</p>
</simpleChoice>
</choiceInteraction>
</itemBody>
<responseProcessing>
<setOutcomeValue identifier="SCORE_RESPONSE_1">
<sum>
<variable identifier="SCORE_RESPONSE_1"/>
<mapResponse identifier="vufgb-inferentialstatistics-003-en-ans_125796851_section_1_item_1_schoice_RESPONSE_1_6787979"/>
</sum>
</setOutcomeValue>
<responseCondition>
<responseIf>
<lt>
<variable identifier="SCORE_RESPONSE_1"/>
<variable identifier="MINSCORE_RESPONSE_1"/>
</lt>
<setOutcomeValue identifier="SCORE_RESPONSE_1">
<variable identifier="MINSCORE_RESPONSE_1"/>
</setOutcomeValue>
</responseIf>
</responseCondition>
<responseCondition>
<responseIf>
<isNull>
<variable identifier="vufgb-inferentialstatistics-003-en-ans_125796851_section_1_item_1_schoice_RESPONSE_1_6787979"/>
</isNull>
<setOutcomeValue identifier="SCORE_RESPONSE_1">
<sum>
<variable identifier="SCORE_RESPONSE_1"/>
<baseValue baseType="float">0</baseValue>
</sum>
</setOutcomeValue>
</responseIf>
</responseCondition>
<setOutcomeValue identifier="SCORE">
<sum>
<variable identifier="SCORE_RESPONSE_1"/>
</sum>
</setOutcomeValue>
<responseCondition>
<responseIf>
<lt>
<variable identifier="SCORE"/>
<variable identifier="MINSCORE"/>
</lt>
<setOutcomeValue identifier="SCORE">
<variable identifier="MINSCORE"/>
</setOutcomeValue>
</responseIf>
</responseCondition>
<responseCondition>
<responseIf>
<lt>
<variable identifier="SCORE"/>
<baseValue baseType="float">1</baseValue>
</lt>
<setOutcomeValue identifier="FEEDBACKMODAL">
<multiple>
<variable identifier="FEEDBACKMODAL"/>
<baseValue baseType="identifier">Feedback842260988</baseValue>
</multiple>
</setOutcomeValue>
</responseIf>
</responseCondition>
</responseProcessing>
<modalFeedback outcomeIdentifier="FEEDBACK" showHide="show" identifier="incorrect">
<ul>
<li> I: descriptive, II: descriptive <br /> Incorrect </li>
<li> I: descriptive, II: inferential <br /> Incorrect </li>
<li> I: inferential, II: descriptive <br /> Incorrect </li>
<li> I: inferential, II: inferential <br /> Correct </li>
</ul>
</modalFeedback>
</assessmentItem>
