<?xml version="1.0" encoding="UTF-8"?>
<assessmentItem xsi:schemaLocation="http://www.imsglobal.org/xsd/imsqti_v2p1 http://www.imsglobal.org/xsd/qti/qtiv2p1/imsqti_v2p1p1.xsd http://www.w3.org/1998/Math/MathML http://www.w3.org/Math/XMLSchema/mathml2/mathml2.xsd" identifier="uva-sample-mean-557-nl-ans_163436527_section_1_item_1_schoice" title="Inferential_Statistics_uva-sample-mean-557-nl_uva-sample-mean-557-nl_schoice_1" adaptive="false" timeDependent="false" xmlns="http://www.imsglobal.org/xsd/imsqti_v2p1" xmlns:xsi="http://www.w3.org/2001/XMLSchema-instance">
<responseDeclaration identifier="uva-sample-mean-557-nl-ans_163436527_section_1_item_1_schoice_RESPONSE_1_1348481" cardinality="single" baseType="identifier">
<correctResponse>
<value>uva-sample-mean-557-nl-ans_163436527_section_1_item_1_schoice_1_9353560516</value>
</correctResponse>
<mapping defaultValue="0" lowerBound="0.0">
<mapEntry mapKey="uva-sample-mean-557-nl-ans_163436527_section_1_item_1_schoice_1_9353560516" mappedValue="1"/>
<mapEntry mapKey="uva-sample-mean-557-nl-ans_163436527_section_1_item_1_schoice_2_3015492563" mappedValue="0"/>
<mapEntry mapKey="uva-sample-mean-557-nl-ans_163436527_section_1_item_1_schoice_3_5513527298" mappedValue="0"/>
<mapEntry mapKey="uva-sample-mean-557-nl-ans_163436527_section_1_item_1_schoice_4_4949429083" mappedValue="0"/>
</mapping>
</responseDeclaration>
<outcomeDeclaration identifier="SCORE" cardinality="single" baseType="float" normalMaximum="1" normalMinimum="0">
<defaultValue>
<value>0.0</value>
</defaultValue>
</outcomeDeclaration>
<outcomeDeclaration identifier="MAXSCORE" cardinality="single" baseType="float">
<defaultValue>
<value>1</value>
</defaultValue>
</outcomeDeclaration>
<outcomeDeclaration identifier="FEEDBACKBASIC" cardinality="single" baseType="identifier" view="testConstructor">
<defaultValue>
<value>empty</value>
</defaultValue>
</outcomeDeclaration>
<outcomeDeclaration identifier="FEEDBACKMODAL" cardinality="multiple" baseType="identifier" view="testConstructor"/>
<outcomeDeclaration identifier="SOLUTIONMODAL" cardinality="single" baseType="identifier" view="testConstructor"/>
<outcomeDeclaration identifier="MINSCORE" cardinality="single" baseType="float">
<defaultValue>
<value baseType="float">0</value>
</defaultValue>
</outcomeDeclaration>
<outcomeDeclaration identifier="SCORE_RESPONSE_1" cardinality="single" baseType="float">
<defaultValue>
<value>0.0</value>
</defaultValue>
</outcomeDeclaration>
<outcomeDeclaration identifier="MINSCORE_RESPONSE_1" cardinality="single" baseType="float">
<defaultValue>
<value>0.0</value>
</defaultValue>
</outcomeDeclaration>
<itemBody>
<p>De stochastische variabele X volgt een N(μ=10, σ<sup>²</sup>=4) verdeling. P(X &lt;
8) is dan</p>
<choiceInteraction responseIdentifier="uva-sample-mean-557-nl-ans_163436527_section_1_item_1_schoice_RESPONSE_1_1348481" shuffle="false" maxChoices="1">
<simpleChoice identifier="uva-sample-mean-557-nl-ans_163436527_section_1_item_1_schoice_1_9353560516">
<p>
 0.1587
</p>
</simpleChoice>
<simpleChoice identifier="uva-sample-mean-557-nl-ans_163436527_section_1_item_1_schoice_2_3015492563">
<p>
 0.1915
</p>
</simpleChoice>
<simpleChoice identifier="uva-sample-mean-557-nl-ans_163436527_section_1_item_1_schoice_3_5513527298">
<p>
 0.3085
</p>
</simpleChoice>
<simpleChoice identifier="uva-sample-mean-557-nl-ans_163436527_section_1_item_1_schoice_4_4949429083">
<p>
 0.3413
</p>
</simpleChoice>
</choiceInteraction>
</itemBody>
<responseProcessing>
<setOutcomeValue identifier="SCORE_RESPONSE_1">
<sum>
<variable identifier="SCORE_RESPONSE_1"/>
<mapResponse identifier="uva-sample-mean-557-nl-ans_163436527_section_1_item_1_schoice_RESPONSE_1_1348481"/>
</sum>
</setOutcomeValue>
<responseCondition>
<responseIf>
<lt>
<variable identifier="SCORE_RESPONSE_1"/>
<variable identifier="MINSCORE_RESPONSE_1"/>
</lt>
<setOutcomeValue identifier="SCORE_RESPONSE_1">
<variable identifier="MINSCORE_RESPONSE_1"/>
</setOutcomeValue>
</responseIf>
</responseCondition>
<responseCondition>
<responseIf>
<isNull>
<variable identifier="uva-sample-mean-557-nl-ans_163436527_section_1_item_1_schoice_RESPONSE_1_1348481"/>
</isNull>
<setOutcomeValue identifier="SCORE_RESPONSE_1">
<sum>
<variable identifier="SCORE_RESPONSE_1"/>
<baseValue baseType="float">0</baseValue>
</sum>
</setOutcomeValue>
</responseIf>
</responseCondition>
<setOutcomeValue identifier="SCORE">
<sum>
<variable identifier="SCORE_RESPONSE_1"/>
</sum>
</setOutcomeValue>
<responseCondition>
<responseIf>
<lt>
<variable identifier="SCORE"/>
<variable identifier="MINSCORE"/>
</lt>
<setOutcomeValue identifier="SCORE">
<variable identifier="MINSCORE"/>
</setOutcomeValue>
</responseIf>
</responseCondition>
<responseCondition>
<responseIf>
<lt>
<variable identifier="SCORE"/>
<baseValue baseType="float">1</baseValue>
</lt>
<setOutcomeValue identifier="FEEDBACKMODAL">
<multiple>
<variable identifier="FEEDBACKMODAL"/>
<baseValue baseType="identifier">Feedback192482051</baseValue>
</multiple>
</setOutcomeValue>
</responseIf>
</responseCondition>
</responseProcessing>
<modalFeedback outcomeIdentifier="FEEDBACK" showHide="show" identifier="incorrect">
<ul>
<li> 0.1587 <br /> 0.1587: Correct </li>
<li> 0.1915 <br /> 0.1915: Incorrect </li>
<li> 0.3085 <br /> 0.3085: Incorrect </li>
<li> 0.3413 <br /> 0.3413: Incorrect </li>
</ul>
</modalFeedback>
</assessmentItem>
