<?xml version="1.0" encoding="UTF-8"?>
<assessmentItem xsi:schemaLocation="http://www.imsglobal.org/xsd/imsqti_v2p1 http://www.imsglobal.org/xsd/qti/qtiv2p1/imsqti_v2p1p1.xsd http://www.w3.org/1998/Math/MathML http://www.w3.org/Math/XMLSchema/mathml2/mathml2.xsd" identifier="uva-paired-samples-277-nl-ans_864539859_section_1_item_1_schoice" title="Inferential_Statistics_uva-paired-samples-277-nl_uva-paired-samples-277-nl_schoice_1" adaptive="false" timeDependent="false" xmlns="http://www.imsglobal.org/xsd/imsqti_v2p1" xmlns:xsi="http://www.w3.org/2001/XMLSchema-instance">
<responseDeclaration identifier="uva-paired-samples-277-nl-ans_864539859_section_1_item_1_schoice_RESPONSE_1_2196018" cardinality="single" baseType="identifier">
<correctResponse>
<value>uva-paired-samples-277-nl-ans_864539859_section_1_item_1_schoice_3_9762627803</value>
</correctResponse>
<mapping defaultValue="0" lowerBound="0.0">
<mapEntry mapKey="uva-paired-samples-277-nl-ans_864539859_section_1_item_1_schoice_1_5098317321" mappedValue="0"/>
<mapEntry mapKey="uva-paired-samples-277-nl-ans_864539859_section_1_item_1_schoice_2_9007465085" mappedValue="0"/>
<mapEntry mapKey="uva-paired-samples-277-nl-ans_864539859_section_1_item_1_schoice_3_9762627803" mappedValue="1"/>
<mapEntry mapKey="uva-paired-samples-277-nl-ans_864539859_section_1_item_1_schoice_4_8244579406" mappedValue="0"/>
</mapping>
</responseDeclaration>
<outcomeDeclaration identifier="SCORE" cardinality="single" baseType="float" normalMaximum="1" normalMinimum="0">
<defaultValue>
<value>0.0</value>
</defaultValue>
</outcomeDeclaration>
<outcomeDeclaration identifier="MAXSCORE" cardinality="single" baseType="float">
<defaultValue>
<value>1</value>
</defaultValue>
</outcomeDeclaration>
<outcomeDeclaration identifier="FEEDBACKBASIC" cardinality="single" baseType="identifier" view="testConstructor">
<defaultValue>
<value>empty</value>
</defaultValue>
</outcomeDeclaration>
<outcomeDeclaration identifier="FEEDBACKMODAL" cardinality="multiple" baseType="identifier" view="testConstructor"/>
<outcomeDeclaration identifier="SOLUTIONMODAL" cardinality="single" baseType="identifier" view="testConstructor"/>
<outcomeDeclaration identifier="MINSCORE" cardinality="single" baseType="float">
<defaultValue>
<value baseType="float">0</value>
</defaultValue>
</outcomeDeclaration>
<outcomeDeclaration identifier="SCORE_RESPONSE_1" cardinality="single" baseType="float">
<defaultValue>
<value>0.0</value>
</defaultValue>
</outcomeDeclaration>
<outcomeDeclaration identifier="MINSCORE_RESPONSE_1" cardinality="single" baseType="float">
<defaultValue>
<value>0.0</value>
</defaultValue>
</outcomeDeclaration>
<itemBody>
<p>In een experiment wordt gekeken naar het effect van een dieetproduct op
lichaamsgewicht. Daartoe wordt van 20 tweelingen aselect telkens één in
de behandelgroep gestopt en één in de controlegroep. De behandelgroep
krijgt gedurende twee maanden het dieetproduct, terwijl de controlegroep
een placebo krijgt. Na twee maanden wordt bij iedereen het gewicht
gemeten. De meest geschikte toets om te toetsen of het dieetproduct
effect heeft op het lichaamsgewicht, is bij deze proefopzet de</p>
<choiceInteraction responseIdentifier="uva-paired-samples-277-nl-ans_864539859_section_1_item_1_schoice_RESPONSE_1_2196018" shuffle="false" maxChoices="1">
<simpleChoice identifier="uva-paired-samples-277-nl-ans_864539859_section_1_item_1_schoice_1_5098317321">
<p>
 F-toets voor gelijkheid van varianties
</p>
</simpleChoice>
<simpleChoice identifier="uva-paired-samples-277-nl-ans_864539859_section_1_item_1_schoice_2_9007465085">
<p>
 T-toets voor twee onafhankelijke steekproeven
</p>
</simpleChoice>
<simpleChoice identifier="uva-paired-samples-277-nl-ans_864539859_section_1_item_1_schoice_3_9762627803">
<p>
 gepaarde T-toets
</p>
</simpleChoice>
<simpleChoice identifier="uva-paired-samples-277-nl-ans_864539859_section_1_item_1_schoice_4_8244579406">
<p>
 CRD-ANOVA
</p>
</simpleChoice>
</choiceInteraction>
</itemBody>
<responseProcessing>
<setOutcomeValue identifier="SCORE_RESPONSE_1">
<sum>
<variable identifier="SCORE_RESPONSE_1"/>
<mapResponse identifier="uva-paired-samples-277-nl-ans_864539859_section_1_item_1_schoice_RESPONSE_1_2196018"/>
</sum>
</setOutcomeValue>
<responseCondition>
<responseIf>
<lt>
<variable identifier="SCORE_RESPONSE_1"/>
<variable identifier="MINSCORE_RESPONSE_1"/>
</lt>
<setOutcomeValue identifier="SCORE_RESPONSE_1">
<variable identifier="MINSCORE_RESPONSE_1"/>
</setOutcomeValue>
</responseIf>
</responseCondition>
<responseCondition>
<responseIf>
<isNull>
<variable identifier="uva-paired-samples-277-nl-ans_864539859_section_1_item_1_schoice_RESPONSE_1_2196018"/>
</isNull>
<setOutcomeValue identifier="SCORE_RESPONSE_1">
<sum>
<variable identifier="SCORE_RESPONSE_1"/>
<baseValue baseType="float">0</baseValue>
</sum>
</setOutcomeValue>
</responseIf>
</responseCondition>
<setOutcomeValue identifier="SCORE">
<sum>
<variable identifier="SCORE_RESPONSE_1"/>
</sum>
</setOutcomeValue>
<responseCondition>
<responseIf>
<lt>
<variable identifier="SCORE"/>
<variable identifier="MINSCORE"/>
</lt>
<setOutcomeValue identifier="SCORE">
<variable identifier="MINSCORE"/>
</setOutcomeValue>
</responseIf>
</responseCondition>
<responseCondition>
<responseIf>
<lt>
<variable identifier="SCORE"/>
<baseValue baseType="float">1</baseValue>
</lt>
<setOutcomeValue identifier="FEEDBACKMODAL">
<multiple>
<variable identifier="FEEDBACKMODAL"/>
<baseValue baseType="identifier">Feedback756526494</baseValue>
</multiple>
</setOutcomeValue>
</responseIf>
</responseCondition>
</responseProcessing>
<modalFeedback outcomeIdentifier="FEEDBACK" showHide="show" identifier="incorrect">
<ul>
<li> F-toets voor gelijkheid van varianties <br /> F-toets voor gelijkheid van varianties: Incorrect </li>
<li> T-toets voor twee onafhankelijke steekproeven <br /> T-toets voor twee onafhankelijke steekproeven: Incorrect </li>
<li> gepaarde T-toets <br /> gepaarde T-toets: Correct </li>
<li> CRD-ANOVA <br /> CRD-ANOVA: Incorrect </li>
</ul>
</modalFeedback>
</assessmentItem>
