<?xml version="1.0" encoding="UTF-8"?>
<assessmentItem xsi:schemaLocation="http://www.imsglobal.org/xsd/imsqti_v2p1 http://www.imsglobal.org/xsd/qti/qtiv2p1/imsqti_v2p1p1.xsd http://www.w3.org/1998/Math/MathML http://www.w3.org/Math/XMLSchema/mathml2/mathml2.xsd" identifier="uu-Null-hypothesis-807-nl-qti_298392263_section_1_item_1_schoice" title="1" adaptive="false" timeDependent="false" xmlns="http://www.imsglobal.org/xsd/imsqti_v2p1" xmlns:xsi="http://www.w3.org/2001/XMLSchema-instance">
<responseDeclaration identifier="uu-Null-hypothesis-807-nl-qti_298392263_section_1_item_1_schoice_RESPONSE_1_1146763" cardinality="single" baseType="identifier">
<correctResponse>
<value>uu-Null-hypothesis-807-nl-qti_298392263_section_1_item_1_schoice_4_5898275247</value>
</correctResponse>
<mapping defaultValue="0" lowerBound="0.0">
<mapEntry mapKey="uu-Null-hypothesis-807-nl-qti_298392263_section_1_item_1_schoice_1_8585223943" mappedValue="0"/>
<mapEntry mapKey="uu-Null-hypothesis-807-nl-qti_298392263_section_1_item_1_schoice_2_5443545444" mappedValue="0"/>
<mapEntry mapKey="uu-Null-hypothesis-807-nl-qti_298392263_section_1_item_1_schoice_3_1165288877" mappedValue="0"/>
<mapEntry mapKey="uu-Null-hypothesis-807-nl-qti_298392263_section_1_item_1_schoice_4_5898275247" mappedValue="1"/>
</mapping>
</responseDeclaration>
<outcomeDeclaration identifier="SCORE" cardinality="single" baseType="float" normalMaximum="1" normalMinimum="0">
<defaultValue>
<value>0.0</value>
</defaultValue>
</outcomeDeclaration>
<outcomeDeclaration identifier="MAXSCORE" cardinality="single" baseType="float">
<defaultValue>
<value>1</value>
</defaultValue>
</outcomeDeclaration>
<outcomeDeclaration identifier="FEEDBACKBASIC" cardinality="single" baseType="identifier" view="testConstructor">
<defaultValue>
<value>empty</value>
</defaultValue>
</outcomeDeclaration>
<outcomeDeclaration identifier="FEEDBACKMODAL" cardinality="multiple" baseType="identifier" view="testConstructor"/>
<outcomeDeclaration identifier="SOLUTIONMODAL" cardinality="single" baseType="identifier" view="testConstructor"/>
<outcomeDeclaration identifier="MINSCORE" cardinality="single" baseType="float">
<defaultValue>
<value baseType="float">0</value>
</defaultValue>
</outcomeDeclaration>
<outcomeDeclaration identifier="SCORE_RESPONSE_1" cardinality="single" baseType="float">
<defaultValue>
<value>0.0</value>
</defaultValue>
</outcomeDeclaration>
<outcomeDeclaration identifier="MINSCORE_RESPONSE_1" cardinality="single" baseType="float">
<defaultValue>
<value>0.0</value>
</defaultValue>
</outcomeDeclaration>
<itemBody>
<p>Een onderzoeker wil de effectiviteit van een nieuw ontwikkeld groeihormoon testen. De onderzoeker weet dat laboratoriumratten onder normale omstandigheden een gemiddeld gewicht van 950 gram bereiken als ze 10 weken oud zijn. De verdeling van de gewichten is normaal met een standaardafwijking van 30. Er wordt een willekeurige steekproef van 25 pasgeboren ratten genomen en aan elke rat wordt het hormoon toegediend. Toen de ratten in de steekproef 10 weken oud waren, werden ze gewogen. Het gemiddelde gewicht voor deze steekproef was 974 gram.</p>
<p>Welke nulhypothese moet de onderzoeker gebruiken?</p>
<choiceInteraction responseIdentifier="uu-Null-hypothesis-807-nl-qti_298392263_section_1_item_1_schoice_RESPONSE_1_1146763" shuffle="false" maxChoices="1">
<simpleChoice identifier="uu-Null-hypothesis-807-nl-qti_298392263_section_1_item_1_schoice_1_8585223943">
<p>
 H0: het gemiddelde gewicht van ratten die het nieuwe hormoon toegediend krijgen is groter dan 950 gram
</p>
</simpleChoice>
<simpleChoice identifier="uu-Null-hypothesis-807-nl-qti_298392263_section_1_item_1_schoice_2_5443545444">
<p>
 H0: het gemiddelde gewicht van de ratten die het nieuwe hormoon toegediend krijgen is hoger dan 974 gram
</p>
</simpleChoice>
<simpleChoice identifier="uu-Null-hypothesis-807-nl-qti_298392263_section_1_item_1_schoice_3_1165288877">
<p>
 H0: het gemiddelde gewicht van ratten die het nieuwe hormoon toegediend krijgen is 974 gram
</p>
</simpleChoice>
<simpleChoice identifier="uu-Null-hypothesis-807-nl-qti_298392263_section_1_item_1_schoice_4_5898275247">
<p>
 H0: het gemiddelde gewicht van de ratten die het nieuwe hormoon toegediend krijgen, is 950 gram.
</p>
</simpleChoice>
</choiceInteraction>
</itemBody>
<responseProcessing>
<setOutcomeValue identifier="SCORE_RESPONSE_1">
<sum>
<variable identifier="SCORE_RESPONSE_1"/>
<mapResponse identifier="uu-Null-hypothesis-807-nl-qti_298392263_section_1_item_1_schoice_RESPONSE_1_1146763"/>
</sum>
</setOutcomeValue>
<responseCondition>
<responseIf>
<lt>
<variable identifier="SCORE_RESPONSE_1"/>
<variable identifier="MINSCORE_RESPONSE_1"/>
</lt>
<setOutcomeValue identifier="SCORE_RESPONSE_1">
<variable identifier="MINSCORE_RESPONSE_1"/>
</setOutcomeValue>
</responseIf>
</responseCondition>
<responseCondition>
<responseIf>
<isNull>
<variable identifier="uu-Null-hypothesis-807-nl-qti_298392263_section_1_item_1_schoice_RESPONSE_1_1146763"/>
</isNull>
<setOutcomeValue identifier="SCORE_RESPONSE_1">
<sum>
<variable identifier="SCORE_RESPONSE_1"/>
<baseValue baseType="float">0</baseValue>
</sum>
</setOutcomeValue>
</responseIf>
</responseCondition>
<setOutcomeValue identifier="SCORE">
<sum>
<variable identifier="SCORE_RESPONSE_1"/>
</sum>
</setOutcomeValue>
<responseCondition>
<responseIf>
<lt>
<variable identifier="SCORE"/>
<variable identifier="MINSCORE"/>
</lt>
<setOutcomeValue identifier="SCORE">
<variable identifier="MINSCORE"/>
</setOutcomeValue>
</responseIf>
</responseCondition>
<responseCondition>
<responseIf>
<lt>
<variable identifier="SCORE"/>
<baseValue baseType="float">1</baseValue>
</lt>
<setOutcomeValue identifier="FEEDBACKMODAL">
<multiple>
<variable identifier="FEEDBACKMODAL"/>
<baseValue baseType="identifier">Feedback947095507</baseValue>
</multiple>
</setOutcomeValue>
</responseIf>
</responseCondition>
</responseProcessing>
<modalFeedback identifier="Feedback947095507" outcomeIdentifier="FEEDBACKMODAL" showHide="show">
<ul>
<li> H0: het gemiddelde gewicht van ratten die het nieuwe hormoon toegediend krijgen is groter dan 950 gram <br /> Dit antwoord is onjuist </li>
<li> H0: het gemiddelde gewicht van de ratten die het nieuwe hormoon toegediend krijgen is hoger dan 974 gram <br /> Dit antwoord is onjuist </li>
<li> H0: het gemiddelde gewicht van ratten die het nieuwe hormoon toegediend krijgen is 974 gram <br /> Dit antwoord is onjuist </li>
<li> H0: het gemiddelde gewicht van de ratten die het nieuwe hormoon toegediend krijgen, is 950 gram. <br /> Dit antwoord is juist </li>
</ul>
</modalFeedback>
</assessmentItem>
