<?xml version="1.0" encoding="UTF-8"?>
<assessmentItem xsi:schemaLocation="http://www.imsglobal.org/xsd/imsqti_v2p1 http://www.imsglobal.org/xsd/qti/qtiv2p1/imsqti_v2p1p1.xsd http://www.w3.org/1998/Math/MathML http://www.w3.org/Math/XMLSchema/mathml2/mathml2.xsd" identifier="uva-variance-1356-nl-ans_754083841_section_1_item_1_schoice" title="Probability_uva-variance-1356-nl_uva-variance-1356-nl_schoice_1" adaptive="false" timeDependent="false" xmlns="http://www.imsglobal.org/xsd/imsqti_v2p1" xmlns:xsi="http://www.w3.org/2001/XMLSchema-instance">
<responseDeclaration identifier="uva-variance-1356-nl-ans_754083841_section_1_item_1_schoice_RESPONSE_1_7908410" cardinality="single" baseType="identifier">
<correctResponse>
<value>uva-variance-1356-nl-ans_754083841_section_1_item_1_schoice_4_1222927774</value>
</correctResponse>
<mapping defaultValue="0" lowerBound="0.0">
<mapEntry mapKey="uva-variance-1356-nl-ans_754083841_section_1_item_1_schoice_1_1229462053" mappedValue="0"/>
<mapEntry mapKey="uva-variance-1356-nl-ans_754083841_section_1_item_1_schoice_2_3219348789" mappedValue="0"/>
<mapEntry mapKey="uva-variance-1356-nl-ans_754083841_section_1_item_1_schoice_3_7766773096" mappedValue="0"/>
<mapEntry mapKey="uva-variance-1356-nl-ans_754083841_section_1_item_1_schoice_4_1222927774" mappedValue="1"/>
</mapping>
</responseDeclaration>
<outcomeDeclaration identifier="SCORE" cardinality="single" baseType="float" normalMaximum="1" normalMinimum="0">
<defaultValue>
<value>0.0</value>
</defaultValue>
</outcomeDeclaration>
<outcomeDeclaration identifier="MAXSCORE" cardinality="single" baseType="float">
<defaultValue>
<value>1</value>
</defaultValue>
</outcomeDeclaration>
<outcomeDeclaration identifier="FEEDBACKBASIC" cardinality="single" baseType="identifier" view="testConstructor">
<defaultValue>
<value>empty</value>
</defaultValue>
</outcomeDeclaration>
<outcomeDeclaration identifier="FEEDBACKMODAL" cardinality="multiple" baseType="identifier" view="testConstructor"/>
<outcomeDeclaration identifier="SOLUTIONMODAL" cardinality="single" baseType="identifier" view="testConstructor"/>
<outcomeDeclaration identifier="MINSCORE" cardinality="single" baseType="float">
<defaultValue>
<value baseType="float">0</value>
</defaultValue>
</outcomeDeclaration>
<outcomeDeclaration identifier="SCORE_RESPONSE_1" cardinality="single" baseType="float">
<defaultValue>
<value>0.0</value>
</defaultValue>
</outcomeDeclaration>
<outcomeDeclaration identifier="MINSCORE_RESPONSE_1" cardinality="single" baseType="float">
<defaultValue>
<value>0.0</value>
</defaultValue>
</outcomeDeclaration>
<itemBody>
<p>Een populatie bevat vijf nummers: 2, 3, 6, 8 en 11. Wat is dan de
standaardafwijking van deze populatie?</p>
<choiceInteraction responseIdentifier="uva-variance-1356-nl-ans_754083841_section_1_item_1_schoice_RESPONSE_1_7908410" shuffle="false" maxChoices="1">
<simpleChoice identifier="uva-variance-1356-nl-ans_754083841_section_1_item_1_schoice_1_1229462053">
<p>
 2,1
</p>
</simpleChoice>
<simpleChoice identifier="uva-variance-1356-nl-ans_754083841_section_1_item_1_schoice_2_3219348789">
<p>
 2,4
</p>
</simpleChoice>
<simpleChoice identifier="uva-variance-1356-nl-ans_754083841_section_1_item_1_schoice_3_7766773096">
<p>
 3,0
</p>
</simpleChoice>
<simpleChoice identifier="uva-variance-1356-nl-ans_754083841_section_1_item_1_schoice_4_1222927774">
<p>
 3,3
</p>
</simpleChoice>
</choiceInteraction>
</itemBody>
<responseProcessing>
<setOutcomeValue identifier="SCORE_RESPONSE_1">
<sum>
<variable identifier="SCORE_RESPONSE_1"/>
<mapResponse identifier="uva-variance-1356-nl-ans_754083841_section_1_item_1_schoice_RESPONSE_1_7908410"/>
</sum>
</setOutcomeValue>
<responseCondition>
<responseIf>
<lt>
<variable identifier="SCORE_RESPONSE_1"/>
<variable identifier="MINSCORE_RESPONSE_1"/>
</lt>
<setOutcomeValue identifier="SCORE_RESPONSE_1">
<variable identifier="MINSCORE_RESPONSE_1"/>
</setOutcomeValue>
</responseIf>
</responseCondition>
<responseCondition>
<responseIf>
<isNull>
<variable identifier="uva-variance-1356-nl-ans_754083841_section_1_item_1_schoice_RESPONSE_1_7908410"/>
</isNull>
<setOutcomeValue identifier="SCORE_RESPONSE_1">
<sum>
<variable identifier="SCORE_RESPONSE_1"/>
<baseValue baseType="float">0</baseValue>
</sum>
</setOutcomeValue>
</responseIf>
</responseCondition>
<setOutcomeValue identifier="SCORE">
<sum>
<variable identifier="SCORE_RESPONSE_1"/>
</sum>
</setOutcomeValue>
<responseCondition>
<responseIf>
<lt>
<variable identifier="SCORE"/>
<variable identifier="MINSCORE"/>
</lt>
<setOutcomeValue identifier="SCORE">
<variable identifier="MINSCORE"/>
</setOutcomeValue>
</responseIf>
</responseCondition>
<responseCondition>
<responseIf>
<lt>
<variable identifier="SCORE"/>
<baseValue baseType="float">1</baseValue>
</lt>
<setOutcomeValue identifier="FEEDBACKMODAL">
<multiple>
<variable identifier="FEEDBACKMODAL"/>
<baseValue baseType="identifier">Feedback340637620</baseValue>
</multiple>
</setOutcomeValue>
</responseIf>
</responseCondition>
</responseProcessing>
<modalFeedback outcomeIdentifier="FEEDBACK" showHide="show" identifier="incorrect">
<ul>
<li> 2,1 <br /> 2,1: Incorrect </li>
<li> 2,4 <br /> 2,4: Incorrect </li>
<li> 3,0 <br /> 3,0: Incorrect </li>
<li> 3,3 <br /> 3,3: Correct </li>
</ul>
</modalFeedback>
</assessmentItem>
