<?xml version="1.0" encoding="UTF-8"?>
<assessmentItem xsi:schemaLocation="http://www.imsglobal.org/xsd/imsqti_v2p1 http://www.imsglobal.org/xsd/qti/qtiv2p1/imsqti_v2p1p1.xsd http://www.w3.org/1998/Math/MathML http://www.w3.org/Math/XMLSchema/mathml2/mathml2.xsd" identifier="vufgb-outliers-001-nl-qti_848711050_section_1_item_1_schoice" title="1" adaptive="false" timeDependent="false" xmlns="http://www.imsglobal.org/xsd/imsqti_v2p1" xmlns:xsi="http://www.w3.org/2001/XMLSchema-instance">
<responseDeclaration identifier="vufgb-outliers-001-nl-qti_848711050_section_1_item_1_schoice_RESPONSE_1_5795819" cardinality="single" baseType="identifier">
<correctResponse>
<value>vufgb-outliers-001-nl-qti_848711050_section_1_item_1_schoice_3_1416887890</value>
</correctResponse>
<mapping defaultValue="0" lowerBound="0.0">
<mapEntry mapKey="vufgb-outliers-001-nl-qti_848711050_section_1_item_1_schoice_1_5126019150" mappedValue="0"/>
<mapEntry mapKey="vufgb-outliers-001-nl-qti_848711050_section_1_item_1_schoice_2_1958099995" mappedValue="0"/>
<mapEntry mapKey="vufgb-outliers-001-nl-qti_848711050_section_1_item_1_schoice_3_1416887890" mappedValue="1"/>
<mapEntry mapKey="vufgb-outliers-001-nl-qti_848711050_section_1_item_1_schoice_4_6611112502" mappedValue="0"/>
</mapping>
</responseDeclaration>
<outcomeDeclaration identifier="SCORE" cardinality="single" baseType="float" normalMaximum="1" normalMinimum="0">
<defaultValue>
<value>0.0</value>
</defaultValue>
</outcomeDeclaration>
<outcomeDeclaration identifier="MAXSCORE" cardinality="single" baseType="float">
<defaultValue>
<value>1</value>
</defaultValue>
</outcomeDeclaration>
<outcomeDeclaration identifier="FEEDBACKBASIC" cardinality="single" baseType="identifier" view="testConstructor">
<defaultValue>
<value>empty</value>
</defaultValue>
</outcomeDeclaration>
<outcomeDeclaration identifier="FEEDBACKMODAL" cardinality="multiple" baseType="identifier" view="testConstructor"/>
<outcomeDeclaration identifier="MINSCORE" cardinality="single" baseType="float">
<defaultValue>
<value baseType="float">0</value>
</defaultValue>
</outcomeDeclaration>
<outcomeDeclaration identifier="SCORE_RESPONSE_1" cardinality="single" baseType="float">
<defaultValue>
<value>0.0</value>
</defaultValue>
</outcomeDeclaration>
<outcomeDeclaration identifier="MINSCORE_RESPONSE_1" cardinality="single" baseType="float">
<defaultValue>
<value>0.0</value>
</defaultValue>
</outcomeDeclaration>
<itemBody>
<p>Om uitbijters (‘outliers’) van een variabele in kaart te brengen kan gekeken worden naar de gestandaardiseerde residuen (‘studentized residuals’). Welke waardes worden doorgaans als extreem gezien?</p>
<choiceInteraction responseIdentifier="vufgb-outliers-001-nl-qti_848711050_section_1_item_1_schoice_RESPONSE_1_5795819" shuffle="false" maxChoices="1">
<simpleChoice identifier="vufgb-outliers-001-nl-qti_848711050_section_1_item_1_schoice_1_5126019150">
<p>
a. Absolute waardes hoger dan 1
</p>
</simpleChoice>
<simpleChoice identifier="vufgb-outliers-001-nl-qti_848711050_section_1_item_1_schoice_2_1958099995">
<p>
b. Absolute waardes hoger dan 2
</p>
</simpleChoice>
<simpleChoice identifier="vufgb-outliers-001-nl-qti_848711050_section_1_item_1_schoice_3_1416887890">
<p>
c. Absolute waardes hoger dan 3
</p>
</simpleChoice>
<simpleChoice identifier="vufgb-outliers-001-nl-qti_848711050_section_1_item_1_schoice_4_6611112502">
<p>
d. Absolute waardes hoger dan 10
</p>
</simpleChoice>
</choiceInteraction>
</itemBody>
<responseProcessing>
<responseCondition>
<responseIf>
<isNull>
<variable identifier="vufgb-outliers-001-nl-qti_848711050_section_1_item_1_schoice_RESPONSE_1_5795819"/>
</isNull>
<setOutcomeValue identifier="SCORE_RESPONSE_1">
<sum>
<variable identifier="SCORE_RESPONSE_1"/>
<baseValue baseType="float">0</baseValue>
</sum>
</setOutcomeValue>
</responseIf>
</responseCondition>
<setOutcomeValue identifier="SCORE_RESPONSE_1">
<sum>
<variable identifier="SCORE_RESPONSE_1"/>
<mapResponse identifier="vufgb-outliers-001-nl-qti_848711050_section_1_item_1_schoice_RESPONSE_1_5795819"/>
</sum>
</setOutcomeValue>
<responseCondition>
<responseIf>
<lt>
<variable identifier="SCORE_RESPONSE_1"/>
<variable identifier="MINSCORE_RESPONSE_1"/>
</lt>
<setOutcomeValue identifier="SCORE_RESPONSE_1">
<variable identifier="MINSCORE_RESPONSE_1"/>
</setOutcomeValue>
</responseIf>
</responseCondition>
<setOutcomeValue identifier="SCORE">
<sum>
<variable identifier="SCORE_RESPONSE_1"/>
</sum>
</setOutcomeValue>
<responseCondition>
<responseIf>
<lt>
<variable identifier="SCORE"/>
<variable identifier="MINSCORE"/>
</lt>
<setOutcomeValue identifier="SCORE">
<variable identifier="MINSCORE"/>
</setOutcomeValue>
</responseIf>
</responseCondition>
<responseCondition>
<responseIf>
<lt>
<variable identifier="SCORE"/>
<baseValue baseType="float">1</baseValue>
</lt>
<setOutcomeValue identifier="FEEDBACKMODAL">
<multiple>
<variable identifier="FEEDBACKMODAL"/>
<baseValue baseType="identifier">Feedback238476919</baseValue>
</multiple>
</setOutcomeValue>
</responseIf>
</responseCondition>
</responseProcessing>
<modalFeedback identifier="Feedback238476919" outcomeIdentifier="FEEDBACKMODAL" showHide="show">
<ol type = "a">
<li> Absolute waardes hoger dan 1 <br /> Incorrect </li>
<li> Absolute waardes hoger dan 2 <br /> Incorrect </li>
<li> Absolute waardes hoger dan 3 <br /> Correct </li>
<li> Absolute waardes hoger dan 10 <br /> Incorrect </li>
</ol>
</modalFeedback>
</assessmentItem>
