<?xml version="1.0" encoding="UTF-8"?>
<assessmentItem xsi:schemaLocation="http://www.imsglobal.org/xsd/imsqti_v2p1 http://www.imsglobal.org/xsd/qti/qtiv2p1/imsqti_v2p1p1.xsd http://www.w3.org/1998/Math/MathML http://www.w3.org/Math/XMLSchema/mathml2/mathml2.xsd" identifier="uva-expected-value-1048-nl-qti_642011819_section_1_item_1_schoice" title="1" adaptive="false" timeDependent="false" xmlns="http://www.imsglobal.org/xsd/imsqti_v2p1" xmlns:xsi="http://www.w3.org/2001/XMLSchema-instance">
<responseDeclaration identifier="uva-expected-value-1048-nl-qti_642011819_section_1_item_1_schoice_RESPONSE_1_8813167" cardinality="single" baseType="identifier">
<correctResponse>
<value>uva-expected-value-1048-nl-qti_642011819_section_1_item_1_schoice_2_1412935213</value>
</correctResponse>
<mapping defaultValue="0" lowerBound="0.0">
<mapEntry mapKey="uva-expected-value-1048-nl-qti_642011819_section_1_item_1_schoice_1_1121563941" mappedValue="0"/>
<mapEntry mapKey="uva-expected-value-1048-nl-qti_642011819_section_1_item_1_schoice_2_1412935213" mappedValue="1"/>
<mapEntry mapKey="uva-expected-value-1048-nl-qti_642011819_section_1_item_1_schoice_3_4895481780" mappedValue="0"/>
<mapEntry mapKey="uva-expected-value-1048-nl-qti_642011819_section_1_item_1_schoice_4_4441733360" mappedValue="0"/>
</mapping>
</responseDeclaration>
<outcomeDeclaration identifier="SCORE" cardinality="single" baseType="float" normalMaximum="1" normalMinimum="0">
<defaultValue>
<value>0.0</value>
</defaultValue>
</outcomeDeclaration>
<outcomeDeclaration identifier="MAXSCORE" cardinality="single" baseType="float">
<defaultValue>
<value>1</value>
</defaultValue>
</outcomeDeclaration>
<outcomeDeclaration identifier="FEEDBACKBASIC" cardinality="single" baseType="identifier" view="testConstructor">
<defaultValue>
<value>empty</value>
</defaultValue>
</outcomeDeclaration>
<outcomeDeclaration identifier="FEEDBACKMODAL" cardinality="multiple" baseType="identifier" view="testConstructor"/>
<outcomeDeclaration identifier="SOLUTIONMODAL" cardinality="single" baseType="identifier" view="testConstructor"/>
<outcomeDeclaration identifier="MINSCORE" cardinality="single" baseType="float">
<defaultValue>
<value baseType="float">0</value>
</defaultValue>
</outcomeDeclaration>
<outcomeDeclaration identifier="SCORE_RESPONSE_1" cardinality="single" baseType="float">
<defaultValue>
<value>0.0</value>
</defaultValue>
</outcomeDeclaration>
<outcomeDeclaration identifier="MINSCORE_RESPONSE_1" cardinality="single" baseType="float">
<defaultValue>
<value>0.0</value>
</defaultValue>
</outcomeDeclaration>
<itemBody>
<p>Een loterij verkoopt 10.000 loten. Elke kaart kost 1 euro, maar als je
wint, krijg je een motor die 5000 euro waard is. Als je drie kaarten
koopt, wat is dan de verwachte winst (of verlies)?</p>
<choiceInteraction responseIdentifier="uva-expected-value-1048-nl-qti_642011819_section_1_item_1_schoice_RESPONSE_1_8813167" shuffle="false" maxChoices="1">
<simpleChoice identifier="uva-expected-value-1048-nl-qti_642011819_section_1_item_1_schoice_1_1121563941">
<p>
 1 euro
</p>
</simpleChoice>
<simpleChoice identifier="uva-expected-value-1048-nl-qti_642011819_section_1_item_1_schoice_2_1412935213">
<p>
 1,5 euro
</p>
</simpleChoice>
<simpleChoice identifier="uva-expected-value-1048-nl-qti_642011819_section_1_item_1_schoice_3_4895481780">
<p>
 2 euro
</p>
</simpleChoice>
<simpleChoice identifier="uva-expected-value-1048-nl-qti_642011819_section_1_item_1_schoice_4_4441733360">
<p>
 3,5 euro
</p>
</simpleChoice>
</choiceInteraction>
</itemBody>
<responseProcessing>
<setOutcomeValue identifier="SCORE_RESPONSE_1">
<sum>
<variable identifier="SCORE_RESPONSE_1"/>
<mapResponse identifier="uva-expected-value-1048-nl-qti_642011819_section_1_item_1_schoice_RESPONSE_1_8813167"/>
</sum>
</setOutcomeValue>
<responseCondition>
<responseIf>
<lt>
<variable identifier="SCORE_RESPONSE_1"/>
<variable identifier="MINSCORE_RESPONSE_1"/>
</lt>
<setOutcomeValue identifier="SCORE_RESPONSE_1">
<variable identifier="MINSCORE_RESPONSE_1"/>
</setOutcomeValue>
</responseIf>
</responseCondition>
<responseCondition>
<responseIf>
<isNull>
<variable identifier="uva-expected-value-1048-nl-qti_642011819_section_1_item_1_schoice_RESPONSE_1_8813167"/>
</isNull>
<setOutcomeValue identifier="SCORE_RESPONSE_1">
<sum>
<variable identifier="SCORE_RESPONSE_1"/>
<baseValue baseType="float">0</baseValue>
</sum>
</setOutcomeValue>
</responseIf>
</responseCondition>
<setOutcomeValue identifier="SCORE">
<sum>
<variable identifier="SCORE_RESPONSE_1"/>
</sum>
</setOutcomeValue>
<responseCondition>
<responseIf>
<lt>
<variable identifier="SCORE"/>
<variable identifier="MINSCORE"/>
</lt>
<setOutcomeValue identifier="SCORE">
<variable identifier="MINSCORE"/>
</setOutcomeValue>
</responseIf>
</responseCondition>
<responseCondition>
<responseIf>
<lt>
<variable identifier="SCORE"/>
<baseValue baseType="float">1</baseValue>
</lt>
<setOutcomeValue identifier="FEEDBACKMODAL">
<multiple>
<variable identifier="FEEDBACKMODAL"/>
<baseValue baseType="identifier">Feedback957156534</baseValue>
</multiple>
</setOutcomeValue>
</responseIf>
</responseCondition>
</responseProcessing>
<modalFeedback identifier="Feedback957156534" outcomeIdentifier="FEEDBACKMODAL" showHide="show">
<ul>
<li> 1 euro <br /> 1 euro: Incorrect </li>
<li> 1,5 euro <br /> 1,5 euro: Correct </li>
<li> 2 euro <br /> 2 euro: Incorrect </li>
<li> 3,5 euro <br /> 3,5 euro: Incorrect </li>
</ul>
</modalFeedback>
</assessmentItem>
