<?xml version="1.0" encoding="UTF-8"?>
<assessmentItem xsi:schemaLocation="http://www.imsglobal.org/xsd/imsqti_v2p1 http://www.imsglobal.org/xsd/qti/qtiv2p1/imsqti_v2p1p1.xsd http://www.w3.org/1998/Math/MathML http://www.w3.org/Math/XMLSchema/mathml2/mathml2.xsd" identifier="uu-Two-sided-hypothesis-800-en-ans_577454608_section_1_item_1_schoice" title="Inferential_Statistics_uu-Two-sided-hypothesis-800-en_uu-Two-sided-hypothesis-800-en_schoice_1" adaptive="false" timeDependent="false" xmlns="http://www.imsglobal.org/xsd/imsqti_v2p1" xmlns:xsi="http://www.w3.org/2001/XMLSchema-instance">
<responseDeclaration identifier="uu-Two-sided-hypothesis-800-en-ans_577454608_section_1_item_1_schoice_RESPONSE_1_8026095" cardinality="single" baseType="identifier">
<correctResponse>
<value>uu-Two-sided-hypothesis-800-en-ans_577454608_section_1_item_1_schoice_2_4869367329</value>
</correctResponse>
<mapping defaultValue="0" lowerBound="0.0">
<mapEntry mapKey="uu-Two-sided-hypothesis-800-en-ans_577454608_section_1_item_1_schoice_1_6325328832" mappedValue="0"/>
<mapEntry mapKey="uu-Two-sided-hypothesis-800-en-ans_577454608_section_1_item_1_schoice_2_4869367329" mappedValue="1"/>
<mapEntry mapKey="uu-Two-sided-hypothesis-800-en-ans_577454608_section_1_item_1_schoice_3_7628796202" mappedValue="0"/>
<mapEntry mapKey="uu-Two-sided-hypothesis-800-en-ans_577454608_section_1_item_1_schoice_4_4362939334" mappedValue="0"/>
</mapping>
</responseDeclaration>
<outcomeDeclaration identifier="SCORE" cardinality="single" baseType="float" normalMaximum="1" normalMinimum="0">
<defaultValue>
<value>0.0</value>
</defaultValue>
</outcomeDeclaration>
<outcomeDeclaration identifier="MAXSCORE" cardinality="single" baseType="float">
<defaultValue>
<value>1</value>
</defaultValue>
</outcomeDeclaration>
<outcomeDeclaration identifier="FEEDBACKBASIC" cardinality="single" baseType="identifier" view="testConstructor">
<defaultValue>
<value>empty</value>
</defaultValue>
</outcomeDeclaration>
<outcomeDeclaration identifier="FEEDBACKMODAL" cardinality="multiple" baseType="identifier" view="testConstructor"/>
<outcomeDeclaration identifier="SOLUTIONMODAL" cardinality="single" baseType="identifier" view="testConstructor"/>
<outcomeDeclaration identifier="MINSCORE" cardinality="single" baseType="float">
<defaultValue>
<value baseType="float">0</value>
</defaultValue>
</outcomeDeclaration>
<outcomeDeclaration identifier="SCORE_RESPONSE_1" cardinality="single" baseType="float">
<defaultValue>
<value>0.0</value>
</defaultValue>
</outcomeDeclaration>
<outcomeDeclaration identifier="MINSCORE_RESPONSE_1" cardinality="single" baseType="float">
<defaultValue>
<value>0.0</value>
</defaultValue>
</outcomeDeclaration>
<itemBody>
<p>Reported observed significance values in SPSS (denoted “Sig.” in SPSS, otherwise often referred to as the “p-value”) are by default based on the assumption that a two-tailed test is performed. To convert the two-tailed observed significance value to the value for a one-tailed test situation, one should …</p>
<choiceInteraction responseIdentifier="uu-Two-sided-hypothesis-800-en-ans_577454608_section_1_item_1_schoice_RESPONSE_1_8026095" shuffle="false" maxChoices="1">
<simpleChoice identifier="uu-Two-sided-hypothesis-800-en-ans_577454608_section_1_item_1_schoice_1_6325328832">
<p>
 double the observed significance value (p-value).
</p>
</simpleChoice>
<simpleChoice identifier="uu-Two-sided-hypothesis-800-en-ans_577454608_section_1_item_1_schoice_2_4869367329">
<p>
 halve the observed significance value (p-value).
</p>
</simpleChoice>
<simpleChoice identifier="uu-Two-sided-hypothesis-800-en-ans_577454608_section_1_item_1_schoice_3_7628796202">
<p>
 double the test statistic’s critical value.
</p>
</simpleChoice>
<simpleChoice identifier="uu-Two-sided-hypothesis-800-en-ans_577454608_section_1_item_1_schoice_4_4362939334">
<p>
 halve the test statistic’s critical value.
</p>
</simpleChoice>
</choiceInteraction>
</itemBody>
<responseProcessing>
<setOutcomeValue identifier="SCORE_RESPONSE_1">
<sum>
<variable identifier="SCORE_RESPONSE_1"/>
<mapResponse identifier="uu-Two-sided-hypothesis-800-en-ans_577454608_section_1_item_1_schoice_RESPONSE_1_8026095"/>
</sum>
</setOutcomeValue>
<responseCondition>
<responseIf>
<lt>
<variable identifier="SCORE_RESPONSE_1"/>
<variable identifier="MINSCORE_RESPONSE_1"/>
</lt>
<setOutcomeValue identifier="SCORE_RESPONSE_1">
<variable identifier="MINSCORE_RESPONSE_1"/>
</setOutcomeValue>
</responseIf>
</responseCondition>
<responseCondition>
<responseIf>
<isNull>
<variable identifier="uu-Two-sided-hypothesis-800-en-ans_577454608_section_1_item_1_schoice_RESPONSE_1_8026095"/>
</isNull>
<setOutcomeValue identifier="SCORE_RESPONSE_1">
<sum>
<variable identifier="SCORE_RESPONSE_1"/>
<baseValue baseType="float">0</baseValue>
</sum>
</setOutcomeValue>
</responseIf>
</responseCondition>
<setOutcomeValue identifier="SCORE">
<sum>
<variable identifier="SCORE_RESPONSE_1"/>
</sum>
</setOutcomeValue>
<responseCondition>
<responseIf>
<lt>
<variable identifier="SCORE"/>
<variable identifier="MINSCORE"/>
</lt>
<setOutcomeValue identifier="SCORE">
<variable identifier="MINSCORE"/>
</setOutcomeValue>
</responseIf>
</responseCondition>
<responseCondition>
<responseIf>
<lt>
<variable identifier="SCORE"/>
<baseValue baseType="float">1</baseValue>
</lt>
<setOutcomeValue identifier="FEEDBACKMODAL">
<multiple>
<variable identifier="FEEDBACKMODAL"/>
<baseValue baseType="identifier">Feedback209438858</baseValue>
</multiple>
</setOutcomeValue>
</responseIf>
</responseCondition>
</responseProcessing>
<modalFeedback outcomeIdentifier="FEEDBACK" showHide="show" identifier="incorrect">
<ul>
<li> double the observed significance value (p-value). <br /> This answer is incorrect. </li>
<li> halve the observed significance value (p-value). <br /> This answer is correct. </li>
<li> double the test statistic’s critical value. <br /> This answer is incorrect. </li>
<li> halve the test statistic’s critical value. <br /> This answer is incorrect. </li>
</ul>
</modalFeedback>
</assessmentItem>
