<?xml version="1.0" encoding="utf-8" standalone="yes"?>
<assessmentItem identifier="uva-general-rules-1101-nl-tv_202404291202_item_1_schoice" title="uva-general-rules-1101-nl-tv_202404291202_item_1_schoice_uva-general-rules-1101-nl" adaptive="false" timeDependent="false" toolName="Testvision Online" toolVersion="39.0.9084" xmlns="http://www.imsglobal.org/xsd/imsqti_v2p1">
<responseDeclaration identifier="RESPONSE" cardinality="single" baseType="identifier">
<correctResponse>
<value>alt_241256</value>
</correctResponse>
<mapping defaultValue="0" lowerBound="0.0">
<mapEntry mapKey="alt_943948" mappedValue="-0.333333333333333"/>
<mapEntry mapKey="alt_241256" mappedValue="1"/>
<mapEntry mapKey="alt_342896" mappedValue="-0.333333333333333"/>
<mapEntry mapKey="alt_343160" mappedValue="-0.333333333333333"/>
</mapping>
</responseDeclaration>
<outcomeDeclaration identifier="SCORE" cardinality="single" baseType="float" normalMaximum="1" normalMinimum="0" />
<outcomeDeclaration identifier="FEEDBACK" cardinality="single" baseType="identifier" />
<itemBody>
<p>Een zuiver geldstuk wordt drie keer opgegooid. Stel gebeurtenis A = alle
keren ligt kop naar boven. Wat is dan het complement van A?</p>
<choiceInteraction responseIdentifier="RESPONSE" shuffle="false" maxChoices="1">
<simpleChoice identifier="alt_943948">
<div class="textblock tvblock tvcss_1"><div class="rte_zone tveditor1">
 Drie keer ligt ook kop naar boven.
</div>
</div>
</simpleChoice>
<simpleChoice identifier="alt_241256">
<div class="textblock tvblock tvcss_1"><div class="rte_zone tveditor1">
 Ten minste een keer ligt munt naar boven.
</div>
</div>
</simpleChoice>
<simpleChoice identifier="alt_342896">
<div class="textblock tvblock tvcss_1"><div class="rte_zone tveditor1">
 Ten minste twee keer ligt munt naar boven.
</div>
</div>
</simpleChoice>
<simpleChoice identifier="alt_343160">
<div class="textblock tvblock tvcss_1"><div class="rte_zone tveditor1">
 Alle keren ligt munt naar boven.
</div>
</div>
</simpleChoice>
</choiceInteraction>
</itemBody>
<responseProcessing>
<responseCondition>
<responseIf>
<isNull>
<variable identifier="RESPONSE"/>
</isNull>
<setOutcomeValue identifier="SCORE">
<baseValue baseType="float">0.0</baseValue>
</setOutcomeValue>
<setOutcomeValue identifier="FEEDBACK">
<baseValue baseType="identifier">FAILURE</baseValue>
</setOutcomeValue>
</responseIf>
<responseElse>
<setOutcomeValue identifier="SCORE">
<mapResponse identifier="RESPONSE"/>
</setOutcomeValue>
<responseCondition>
<responseIf>
<equal toleranceMode="relative" tolerance="0.001">
<variable identifier="SCORE"/>
<variable identifier="MAXSCORE"/>
</equal>
<setOutcomeValue identifier="FEEDBACK">
<baseValue baseType="identifier">ANSWER_CORRECT</baseValue>
</setOutcomeValue>
</responseIf>
<responseElse>
<setOutcomeValue identifier="FEEDBACK">
<baseValue baseType="identifier">FAILURE</baseValue>
</setOutcomeValue>
</responseElse>
</responseCondition>
</responseElse>
</responseCondition>
</responseProcessing>
<modalFeedback identifier="FAILURE" outcomeIdentifier="FEEDBACK" showHide="show">
<div class="textblock tvblock tvcss_1"><div class="rte_zone tveditor1">
<ul>
<li> Drie keer ligt ook kop naar boven. <br /> Drie keer ligt ook kop naar boven.: Incorrect </li>
<li> Ten minste een keer ligt munt naar boven. <br /> Ten minste een keer ligt munt naar boven.: Correct </li>
<li> Ten minste twee keer ligt munt naar boven. <br /> Ten minste twee keer ligt munt naar boven.: Incorrect </li>
<li> Alle keren ligt munt naar boven. <br /> Alle keren ligt munt naar boven.: Incorrect </li>
</ul>
</div>
</div>
</modalFeedback>
<modalFeedback identifier="ANSWER_CORRECT" outcomeIdentifier="FEEDBACK" showHide="show">
<div class="textblock tvblock tvcss_1"><div class="rte_zone tveditor1">
<ul>
<li> Drie keer ligt ook kop naar boven. <br /> Drie keer ligt ook kop naar boven.: Incorrect </li>
<li> Ten minste een keer ligt munt naar boven. <br /> Ten minste een keer ligt munt naar boven.: Correct </li>
<li> Ten minste twee keer ligt munt naar boven. <br /> Ten minste twee keer ligt munt naar boven.: Incorrect </li>
<li> Alle keren ligt munt naar boven. <br /> Alle keren ligt munt naar boven.: Incorrect </li>
</ul>
</div>
</div>
</modalFeedback>
<modalFeedback identifier="PARTIAL_CORRECT" outcomeIdentifier="FEEDBACK" showHide="show">
<div class="textblock tvblock tvcss_1"><div class="rte_zone tveditor1">
<ul>
<li> Drie keer ligt ook kop naar boven. <br /> Drie keer ligt ook kop naar boven.: Incorrect </li>
<li> Ten minste een keer ligt munt naar boven. <br /> Ten minste een keer ligt munt naar boven.: Correct </li>
<li> Ten minste twee keer ligt munt naar boven. <br /> Ten minste twee keer ligt munt naar boven.: Incorrect </li>
<li> Alle keren ligt munt naar boven. <br /> Alle keren ligt munt naar boven.: Incorrect </li>
</ul>
</div>
</div>
</modalFeedback>
</assessmentItem>
