<?xml version="1.0" encoding="UTF-8"?>
<assessmentItem xsi:schemaLocation="http://www.imsglobal.org/xsd/imsqti_v2p1 http://www.imsglobal.org/xsd/qti/qtiv2p1/imsqti_v2p1p1.xsd http://www.w3.org/1998/Math/MathML http://www.w3.org/Math/XMLSchema/mathml2/mathml2.xsd" identifier="vufgb-nullhypothesis-005-nl-ans_140858877_section_1_item_1_schoice" title="Inferential_Statistics_vufgb-nullhypothesis-005-nl_vufgb-nullhypothesis-005-nl_schoice_1" adaptive="false" timeDependent="false" xmlns="http://www.imsglobal.org/xsd/imsqti_v2p1" xmlns:xsi="http://www.w3.org/2001/XMLSchema-instance">
<responseDeclaration identifier="vufgb-nullhypothesis-005-nl-ans_140858877_section_1_item_1_schoice_RESPONSE_1_8485551" cardinality="single" baseType="identifier">
<correctResponse>
<value>vufgb-nullhypothesis-005-nl-ans_140858877_section_1_item_1_schoice_4_3461631968</value>
</correctResponse>
<mapping defaultValue="0" lowerBound="0.0">
<mapEntry mapKey="vufgb-nullhypothesis-005-nl-ans_140858877_section_1_item_1_schoice_1_6848452560" mappedValue="0"/>
<mapEntry mapKey="vufgb-nullhypothesis-005-nl-ans_140858877_section_1_item_1_schoice_2_6262448377" mappedValue="0"/>
<mapEntry mapKey="vufgb-nullhypothesis-005-nl-ans_140858877_section_1_item_1_schoice_3_7348146922" mappedValue="0"/>
<mapEntry mapKey="vufgb-nullhypothesis-005-nl-ans_140858877_section_1_item_1_schoice_4_3461631968" mappedValue="1"/>
</mapping>
</responseDeclaration>
<outcomeDeclaration identifier="SCORE" cardinality="single" baseType="float" normalMaximum="1" normalMinimum="0">
<defaultValue>
<value>0.0</value>
</defaultValue>
</outcomeDeclaration>
<outcomeDeclaration identifier="MAXSCORE" cardinality="single" baseType="float">
<defaultValue>
<value>1</value>
</defaultValue>
</outcomeDeclaration>
<outcomeDeclaration identifier="FEEDBACKBASIC" cardinality="single" baseType="identifier" view="testConstructor">
<defaultValue>
<value>empty</value>
</defaultValue>
</outcomeDeclaration>
<outcomeDeclaration identifier="FEEDBACKMODAL" cardinality="multiple" baseType="identifier" view="testConstructor"/>
<outcomeDeclaration identifier="SOLUTIONMODAL" cardinality="single" baseType="identifier" view="testConstructor"/>
<outcomeDeclaration identifier="MINSCORE" cardinality="single" baseType="float">
<defaultValue>
<value baseType="float">0</value>
</defaultValue>
</outcomeDeclaration>
<outcomeDeclaration identifier="SCORE_RESPONSE_1" cardinality="single" baseType="float">
<defaultValue>
<value>0.0</value>
</defaultValue>
</outcomeDeclaration>
<outcomeDeclaration identifier="MINSCORE_RESPONSE_1" cardinality="single" baseType="float">
<defaultValue>
<value>0.0</value>
</defaultValue>
</outcomeDeclaration>
<itemBody>
<p>Vul aan.</p>
<p>De … is de kans dat <span class="math inline">\(H_{0}\)</span> ten onrechte wordt verworpen.</p>
<choiceInteraction responseIdentifier="vufgb-nullhypothesis-005-nl-ans_140858877_section_1_item_1_schoice_RESPONSE_1_8485551" shuffle="false" maxChoices="1">
<simpleChoice identifier="vufgb-nullhypothesis-005-nl-ans_140858877_section_1_item_1_schoice_1_6848452560">
<p>
 power
</p>
</simpleChoice>
<simpleChoice identifier="vufgb-nullhypothesis-005-nl-ans_140858877_section_1_item_1_schoice_2_6262448377">
<p>
 <span class="math inline">\(\beta\)</span>
</p>
</simpleChoice>
<simpleChoice identifier="vufgb-nullhypothesis-005-nl-ans_140858877_section_1_item_1_schoice_3_7348146922">
<p>
 p-waarde
</p>
</simpleChoice>
<simpleChoice identifier="vufgb-nullhypothesis-005-nl-ans_140858877_section_1_item_1_schoice_4_3461631968">
<p>
 <span class="math inline">\(\alpha\)</span>
</p>
</simpleChoice>
</choiceInteraction>
</itemBody>
<responseProcessing>
<setOutcomeValue identifier="SCORE_RESPONSE_1">
<sum>
<variable identifier="SCORE_RESPONSE_1"/>
<mapResponse identifier="vufgb-nullhypothesis-005-nl-ans_140858877_section_1_item_1_schoice_RESPONSE_1_8485551"/>
</sum>
</setOutcomeValue>
<responseCondition>
<responseIf>
<lt>
<variable identifier="SCORE_RESPONSE_1"/>
<variable identifier="MINSCORE_RESPONSE_1"/>
</lt>
<setOutcomeValue identifier="SCORE_RESPONSE_1">
<variable identifier="MINSCORE_RESPONSE_1"/>
</setOutcomeValue>
</responseIf>
</responseCondition>
<responseCondition>
<responseIf>
<isNull>
<variable identifier="vufgb-nullhypothesis-005-nl-ans_140858877_section_1_item_1_schoice_RESPONSE_1_8485551"/>
</isNull>
<setOutcomeValue identifier="SCORE_RESPONSE_1">
<sum>
<variable identifier="SCORE_RESPONSE_1"/>
<baseValue baseType="float">0</baseValue>
</sum>
</setOutcomeValue>
</responseIf>
</responseCondition>
<setOutcomeValue identifier="SCORE">
<sum>
<variable identifier="SCORE_RESPONSE_1"/>
</sum>
</setOutcomeValue>
<responseCondition>
<responseIf>
<lt>
<variable identifier="SCORE"/>
<variable identifier="MINSCORE"/>
</lt>
<setOutcomeValue identifier="SCORE">
<variable identifier="MINSCORE"/>
</setOutcomeValue>
</responseIf>
</responseCondition>
<responseCondition>
<responseIf>
<lt>
<variable identifier="SCORE"/>
<baseValue baseType="float">1</baseValue>
</lt>
<setOutcomeValue identifier="FEEDBACKMODAL">
<multiple>
<variable identifier="FEEDBACKMODAL"/>
<baseValue baseType="identifier">Feedback922366425</baseValue>
</multiple>
</setOutcomeValue>
</responseIf>
</responseCondition>
</responseProcessing>
<modalFeedback outcomeIdentifier="FEEDBACK" showHide="show" identifier="incorrect">
<ul>
<li> power <br /> Incorrect </li>
<li> <span class="math inline">\(\beta\)</span> <br /> Incorrect </li>
<li> p-waarde <br /> Incorrect </li>
<li> <span class="math inline">\(\alpha\)</span> <br /> Correct </li>
</ul>
</modalFeedback>
</assessmentItem>
