<?xml version="1.0" encoding="UTF-8"?>
<assessmentItem xsi:schemaLocation="http://www.imsglobal.org/xsd/imsqti_v2p1 http://www.imsglobal.org/xsd/qti/qtiv2p1/imsqti_v2p1p1.xsd http://www.w3.org/1998/Math/MathML http://www.w3.org/Math/XMLSchema/mathml2/mathml2.xsd" identifier="vufgb-confidenceintervals-028-en-ans_813182113_section_1_item_1_schoice" title="Inferential_Statistics_vufgb-confidenceintervals-028-en_vufgb-confidenceintervals-028-en_schoice_1" adaptive="false" timeDependent="false" xmlns="http://www.imsglobal.org/xsd/imsqti_v2p1" xmlns:xsi="http://www.w3.org/2001/XMLSchema-instance">
<responseDeclaration identifier="vufgb-confidenceintervals-028-en-ans_813182113_section_1_item_1_schoice_RESPONSE_1_3805857" cardinality="single" baseType="identifier">
<correctResponse>
<value>vufgb-confidenceintervals-028-en-ans_813182113_section_1_item_1_schoice_2_1121423313</value>
</correctResponse>
<mapping defaultValue="0" lowerBound="0.0">
<mapEntry mapKey="vufgb-confidenceintervals-028-en-ans_813182113_section_1_item_1_schoice_1_1925071553" mappedValue="0"/>
<mapEntry mapKey="vufgb-confidenceintervals-028-en-ans_813182113_section_1_item_1_schoice_2_1121423313" mappedValue="1"/>
<mapEntry mapKey="vufgb-confidenceintervals-028-en-ans_813182113_section_1_item_1_schoice_3_2765794929" mappedValue="0"/>
<mapEntry mapKey="vufgb-confidenceintervals-028-en-ans_813182113_section_1_item_1_schoice_4_5488266264" mappedValue="0"/>
</mapping>
</responseDeclaration>
<outcomeDeclaration identifier="SCORE" cardinality="single" baseType="float" normalMaximum="1" normalMinimum="0">
<defaultValue>
<value>0.0</value>
</defaultValue>
</outcomeDeclaration>
<outcomeDeclaration identifier="MAXSCORE" cardinality="single" baseType="float">
<defaultValue>
<value>1</value>
</defaultValue>
</outcomeDeclaration>
<outcomeDeclaration identifier="FEEDBACKBASIC" cardinality="single" baseType="identifier" view="testConstructor">
<defaultValue>
<value>empty</value>
</defaultValue>
</outcomeDeclaration>
<outcomeDeclaration identifier="FEEDBACKMODAL" cardinality="multiple" baseType="identifier" view="testConstructor"/>
<outcomeDeclaration identifier="SOLUTIONMODAL" cardinality="single" baseType="identifier" view="testConstructor"/>
<outcomeDeclaration identifier="MINSCORE" cardinality="single" baseType="float">
<defaultValue>
<value baseType="float">0</value>
</defaultValue>
</outcomeDeclaration>
<outcomeDeclaration identifier="SCORE_RESPONSE_1" cardinality="single" baseType="float">
<defaultValue>
<value>0.0</value>
</defaultValue>
</outcomeDeclaration>
<outcomeDeclaration identifier="MINSCORE_RESPONSE_1" cardinality="single" baseType="float">
<defaultValue>
<value>0.0</value>
</defaultValue>
</outcomeDeclaration>
<itemBody>
<p>The mean in a sample of 500 people is 5 and the variance is 1. Calculate the 95% confidence interval for the population mean.</p>
<choiceInteraction responseIdentifier="vufgb-confidenceintervals-028-en-ans_813182113_section_1_item_1_schoice_RESPONSE_1_3805857" shuffle="false" maxChoices="1">
<simpleChoice identifier="vufgb-confidenceintervals-028-en-ans_813182113_section_1_item_1_schoice_1_1925071553">
<p>
 4.93; 5.07
</p>
</simpleChoice>
<simpleChoice identifier="vufgb-confidenceintervals-028-en-ans_813182113_section_1_item_1_schoice_2_1121423313">
<p>
 4.91; 5.09
</p>
</simpleChoice>
<simpleChoice identifier="vufgb-confidenceintervals-028-en-ans_813182113_section_1_item_1_schoice_3_2765794929">
<p>
 3.36; 6.65
</p>
</simpleChoice>
<simpleChoice identifier="vufgb-confidenceintervals-028-en-ans_813182113_section_1_item_1_schoice_4_5488266264">
<p>
 3.04; 6.96
</p>
</simpleChoice>
</choiceInteraction>
</itemBody>
<responseProcessing>
<setOutcomeValue identifier="SCORE_RESPONSE_1">
<sum>
<variable identifier="SCORE_RESPONSE_1"/>
<mapResponse identifier="vufgb-confidenceintervals-028-en-ans_813182113_section_1_item_1_schoice_RESPONSE_1_3805857"/>
</sum>
</setOutcomeValue>
<responseCondition>
<responseIf>
<lt>
<variable identifier="SCORE_RESPONSE_1"/>
<variable identifier="MINSCORE_RESPONSE_1"/>
</lt>
<setOutcomeValue identifier="SCORE_RESPONSE_1">
<variable identifier="MINSCORE_RESPONSE_1"/>
</setOutcomeValue>
</responseIf>
</responseCondition>
<responseCondition>
<responseIf>
<isNull>
<variable identifier="vufgb-confidenceintervals-028-en-ans_813182113_section_1_item_1_schoice_RESPONSE_1_3805857"/>
</isNull>
<setOutcomeValue identifier="SCORE_RESPONSE_1">
<sum>
<variable identifier="SCORE_RESPONSE_1"/>
<baseValue baseType="float">0</baseValue>
</sum>
</setOutcomeValue>
</responseIf>
</responseCondition>
<setOutcomeValue identifier="SCORE">
<sum>
<variable identifier="SCORE_RESPONSE_1"/>
</sum>
</setOutcomeValue>
<responseCondition>
<responseIf>
<lt>
<variable identifier="SCORE"/>
<variable identifier="MINSCORE"/>
</lt>
<setOutcomeValue identifier="SCORE">
<variable identifier="MINSCORE"/>
</setOutcomeValue>
</responseIf>
</responseCondition>
<responseCondition>
<responseIf>
<lt>
<variable identifier="SCORE"/>
<baseValue baseType="float">1</baseValue>
</lt>
<setOutcomeValue identifier="FEEDBACKMODAL">
<multiple>
<variable identifier="FEEDBACKMODAL"/>
<baseValue baseType="identifier">Feedback712744913</baseValue>
</multiple>
</setOutcomeValue>
</responseIf>
</responseCondition>
</responseProcessing>
<modalFeedback outcomeIdentifier="FEEDBACK" showHide="show" identifier="incorrect">
<ul>
<li> 4.93; 5.07 <br /> Incorrect </li>
<li> 4.91; 5.09 <br /> Correct </li>
<li> 3.36; 6.65 <br /> Incorrect </li>
<li> 3.04; 6.96 <br /> Incorrect </li>
</ul>
</modalFeedback>
</assessmentItem>
