<?xml version="1.0" encoding="UTF-8"?>
<!DOCTYPE questestinterop SYSTEM "ims_qtiasiv1p2p1.dtd">

<questestinterop xmlns="http://www.imsglobal.org/xsd/ims_qtiasiv1p2" xmlns:xsi="http://www.w3.org/2001/XMLSchema-instance" xsi:schemaLocation="http://www.imsglobal.org/xsd/ims_qtiasiv1p2 http://www.imsglobal.org/xsd/ims_qtiasiv1p2p1.xsd">
<assessment ident="uva-central-limit-theorem-1281-nl-canvas_165482075" title="uva-central-limit-theorem-1281-nl-canvas">

<qtimetadata>
<qtimetadatafield>
<fieldlabel>cc_maxattempts</fieldlabel>
<fieldentry>1</fieldentry>
</qtimetadatafield>
<qtimetadatafield>
<fieldlabel>qmd_assessmenttype</fieldlabel>
<fieldentry>Assessment</fieldentry>
</qtimetadatafield>
</qtimetadata>
<objectives>
<material>
<mattext><![CDATA[Please solve the following exercises.]]></mattext>
</material>
</objectives>
<assessmentcontrol feedbackswitch="No" hintswitch="No" solutionswitch="Yes"/>
<outcomes_processing scoremodel="SumOfScores">
<outcomes>
<decvar varname="SCORE" vartype="Decimal" cutvalue="0"/>
</outcomes>
</outcomes_processing>
<assessfeedback title="AssessmentFeedback" ident="AssessmentFeedback">
<flow_mat>
<material>
<mattext>##AssessmentFeedback##</mattext>
</material>
</flow_mat>
</assessfeedback>

<section ident="uva-central-limit-theorem-1281-nl-canvas_165482075_section_1" title="Exercise">

<objectives>
<material>
<mattext><![CDATA[Please answer the following question.]]></mattext>
</material>
</objectives>
<selection_ordering>
<selection>
<selection_number>1</selection_number>
<selection_extension>
<points_per_item>1</points_per_item>
</selection_extension>
</selection>
<order order_type="Random"/>
</selection_ordering>

<item ident="uva-central-limit-theorem-1281-nl-canvas_165482075_section_1_item_1_schoice" title="Question" maxattempts="1">
<itemcontrol feedbackswitch="No" hintswitch="No" solutionswitch="Yes"/>
<itemmetadata>
<qtimetadata>
<qtimetadatafield>
<fieldlabel>question_type</fieldlabel>
<fieldentry>multiple_choice_question</fieldentry>
</qtimetadatafield>
</qtimetadata>
</itemmetadata>
<presentation>
<flow>
<material>
<matbreak/>
<mattext texttype="text/html" charset="utf-8"><![CDATA[
<p>Om een ventilator te repareren heb je tijd X nodig. De verdeling van de
toevalsvariabele X heeft een gemiddelde van 1 uur met een
standaardafwijking van 1 uur. Je bedrijf heeft 70 dergelijke
ventilatoren. Wat is dan de kans dat de gemiddelde reparatiebeurt langer
duurt dan 50 minuten? (Studenten hebben de normale
standaardverdeling-tabel nodig)</p>
]]></mattext>
<matbreak/>
</material>
<response_lid ident="uva-central-limit-theorem-1281-nl-canvas_165482075_section_1_item_1_schoice_RESPONSE_2533260" rcardinality="Single" rtiming="No">
<render_choice shuffle="No">
<flow_label class="List">
<response_label ident="uva-central-limit-theorem-1281-nl-canvas_165482075_section_1_item_1_schoice_8145159739" rshuffle="No">
<material>
<mattext texttype="text/html" charset="utf-8"><![CDATA[
 0,08
]]></mattext>
</material>
</response_label>
</flow_label>
<flow_label class="List">
<response_label ident="uva-central-limit-theorem-1281-nl-canvas_165482075_section_1_item_1_schoice_6758636394" rshuffle="No">
<material>
<mattext texttype="text/html" charset="utf-8"><![CDATA[
 0,70
]]></mattext>
</material>
</response_label>
</flow_label>
<flow_label class="List">
<response_label ident="uva-central-limit-theorem-1281-nl-canvas_165482075_section_1_item_1_schoice_8406729232" rshuffle="No">
<material>
<mattext texttype="text/html" charset="utf-8"><![CDATA[
 0,83
]]></mattext>
</material>
</response_label>
</flow_label>
<flow_label class="List">
<response_label ident="uva-central-limit-theorem-1281-nl-canvas_165482075_section_1_item_1_schoice_3066632694" rshuffle="No">
<material>
<mattext texttype="text/html" charset="utf-8"><![CDATA[
 0,92
]]></mattext>
</material>
</response_label>
</flow_label>
</render_choice>
</response_lid>
</flow>
</presentation>
<resprocessing>
<outcomes>
<decvar varname="SCORE" vartype="Decimal" defaultval="0" minvalue="0" maxvalue="1" cutvalue="1"/>
</outcomes>
<respcondition title="Mastery" continue="No">
<conditionvar>
<and>
<varequal respident="uva-central-limit-theorem-1281-nl-canvas_165482075_section_1_item_1_schoice_RESPONSE_2533260" case="Yes">uva-central-limit-theorem-1281-nl-canvas_165482075_section_1_item_1_schoice_3066632694</varequal>
<not> <varequal respident="uva-central-limit-theorem-1281-nl-canvas_165482075_section_1_item_1_schoice_RESPONSE_2533260" case="Yes">uva-central-limit-theorem-1281-nl-canvas_165482075_section_1_item_1_schoice_8145159739</varequal> </not>
<not> <varequal respident="uva-central-limit-theorem-1281-nl-canvas_165482075_section_1_item_1_schoice_RESPONSE_2533260" case="Yes">uva-central-limit-theorem-1281-nl-canvas_165482075_section_1_item_1_schoice_6758636394</varequal> </not>
<not> <varequal respident="uva-central-limit-theorem-1281-nl-canvas_165482075_section_1_item_1_schoice_RESPONSE_2533260" case="Yes">uva-central-limit-theorem-1281-nl-canvas_165482075_section_1_item_1_schoice_8406729232</varequal> </not>
</and>
</conditionvar>
<setvar varname="SCORE" action="Set">1</setvar>
<displayfeedback feedbacktype="Response" linkrefid="correct_fb"/>
</respcondition>
<respcondition continue="Yes">
<conditionvar>
<other/>
</conditionvar>
<displayfeedback feedbacktype="Response" linkrefid="general_incorrect_fb"/>
</respcondition>
</resprocessing>
<itemfeedback ident="correct_fb" view="All">
<flow_mat>
<material>
<mattext texttype="text/html"><![CDATA[
<ul>
<li> 0,08 <br /> 0,08: Incorrect </li>
<li> 0,70 <br /> 0,70: Incorrect </li>
<li> 0,83 <br /> 0,83: Incorrect </li>
<li> 0,92 <br /> 0,92: Correct </li>
</ul>
]]></mattext>
</material>
</flow_mat>
</itemfeedback>
<itemfeedback ident="general_incorrect_fb" view="All">
<flow_mat>
<material>
<mattext texttype="text/html"><![CDATA[
<ul>
<li> 0,08 <br /> 0,08: Incorrect </li>
<li> 0,70 <br /> 0,70: Incorrect </li>
<li> 0,83 <br /> 0,83: Incorrect </li>
<li> 0,92 <br /> 0,92: Correct </li>
</ul>
]]></mattext>
</material>
</flow_mat>
</itemfeedback>
</item>


</section>

</assessment>
</questestinterop>
