<?xml version="1.0" encoding="UTF-8"?>
<!DOCTYPE questestinterop SYSTEM "ims_qtiasiv1p2p1.dtd">

<questestinterop xmlns="http://www.imsglobal.org/xsd/ims_qtiasiv1p2" xmlns:xsi="http://www.w3.org/2001/XMLSchema-instance" xsi:schemaLocation="http://www.imsglobal.org/xsd/ims_qtiasiv1p2 http://www.imsglobal.org/xsd/ims_qtiasiv1p2p1.xsd">
<assessment ident="uu-Oneway-ANOVA-851-en-canvas_767713893" title="uu-Oneway-ANOVA-851-en-canvas">

<qtimetadata>
<qtimetadatafield>
<fieldlabel>cc_maxattempts</fieldlabel>
<fieldentry>1</fieldentry>
</qtimetadatafield>
<qtimetadatafield>
<fieldlabel>qmd_assessmenttype</fieldlabel>
<fieldentry>Assessment</fieldentry>
</qtimetadatafield>
</qtimetadata>
<objectives>
<material>
<mattext><![CDATA[Please solve the following exercises.]]></mattext>
</material>
</objectives>
<assessmentcontrol feedbackswitch="No" hintswitch="No" solutionswitch="Yes"/>
<outcomes_processing scoremodel="SumOfScores">
<outcomes>
<decvar varname="SCORE" vartype="Decimal" cutvalue="0"/>
</outcomes>
</outcomes_processing>
<assessfeedback title="AssessmentFeedback" ident="AssessmentFeedback">
<flow_mat>
<material>
<mattext>##AssessmentFeedback##</mattext>
</material>
</flow_mat>
</assessfeedback>

<section ident="uu-Oneway-ANOVA-851-en-canvas_767713893_section_1" title="Exercise">

<objectives>
<material>
<mattext><![CDATA[Please answer the following question.]]></mattext>
</material>
</objectives>
<selection_ordering>
<selection>
<selection_number>1</selection_number>
<selection_extension>
<points_per_item>1</points_per_item>
</selection_extension>
</selection>
<order order_type="Random"/>
</selection_ordering>

<item ident="uu-Oneway-ANOVA-851-en-canvas_767713893_section_1_item_1_schoice" title="Question" maxattempts="1">
<itemcontrol feedbackswitch="No" hintswitch="No" solutionswitch="Yes"/>
<itemmetadata>
<qtimetadata>
<qtimetadatafield>
<fieldlabel>question_type</fieldlabel>
<fieldentry>multiple_choice_question</fieldentry>
</qtimetadatafield>
</qtimetadata>
</itemmetadata>
<presentation>
<flow>
<material>
<matbreak/>
<mattext texttype="text/html" charset="utf-8"><![CDATA[
<p>Four education science students conduct a study for the bachelor’s thesis on the effects of concept mapping on learning performance of psychology students (N = 86). The study distinguishes three conditions:</p>
<ol style="list-style-type: decimal">
<li>Pure: Students receiving instruction in concept mapping. 2. Supportive: Students receiving instruction in creating the concept map, with part of the concept map already given. 3. Control: Students who do not receive instruction in creating the concept map.</li>
</ol>
<p>Four weeks after the psychology students read the chapter, they take a knowledge test (ten questions where each correct answer earns 1 point). Students in experimental conditions 1 and 2 are expected to score higher on average on the knowledge test than students in the control condition.</p>
<p>The education science students analyze the data with an ANOVA. They note the following data from this in their report:
<span class="math inline">\(F(2, 83) = 17.90\)</span>, <span class="math inline">\(p &lt; .001\)</span>, <span class="math inline">\(\eta^2 = 0.13\)</span>.</p>
<p>Which of the following statements is correct based on the reported test result?</p>
]]></mattext>
<matbreak/>
</material>
<response_lid ident="uu-Oneway-ANOVA-851-en-canvas_767713893_section_1_item_1_schoice_RESPONSE_3030831" rcardinality="Single" rtiming="No">
<render_choice shuffle="No">
<flow_label class="List">
<response_label ident="uu-Oneway-ANOVA-851-en-canvas_767713893_section_1_item_1_schoice_6198891076" rshuffle="No">
<material>
<mattext texttype="text/html" charset="utf-8"><![CDATA[
 The means of experimental conditions 1 and 2 are significantly higher than the mean in the control condition.
]]></mattext>
</material>
</response_label>
</flow_label>
<flow_label class="List">
<response_label ident="uu-Oneway-ANOVA-851-en-canvas_767713893_section_1_item_1_schoice_3266522126" rshuffle="No">
<material>
<mattext texttype="text/html" charset="utf-8"><![CDATA[
 The effect of condition is significant but not relevant (less than 5% explained variance).
]]></mattext>
</material>
</response_label>
</flow_label>
<flow_label class="List">
<response_label ident="uu-Oneway-ANOVA-851-en-canvas_767713893_section_1_item_1_schoice_9118547735" rshuffle="No">
<material>
<mattext texttype="text/html" charset="utf-8"><![CDATA[
 The reported data may not be from this study.
]]></mattext>
</material>
</response_label>
</flow_label>
<flow_label class="List">
<response_label ident="uu-Oneway-ANOVA-851-en-canvas_767713893_section_1_item_1_schoice_9993606041" rshuffle="No">
<material>
<mattext texttype="text/html" charset="utf-8"><![CDATA[
 Post hoc analysis is needed to determine whether in experimental conditions 1 and 2 the means are significantly higher than in the control condition.
]]></mattext>
</material>
</response_label>
</flow_label>
</render_choice>
</response_lid>
</flow>
</presentation>
<resprocessing>
<outcomes>
<decvar varname="SCORE" vartype="Decimal" defaultval="0" minvalue="0" maxvalue="1" cutvalue="1"/>
</outcomes>
<respcondition title="Mastery" continue="No">
<conditionvar>
<and>
<varequal respident="uu-Oneway-ANOVA-851-en-canvas_767713893_section_1_item_1_schoice_RESPONSE_3030831" case="Yes">uu-Oneway-ANOVA-851-en-canvas_767713893_section_1_item_1_schoice_9993606041</varequal>
<not> <varequal respident="uu-Oneway-ANOVA-851-en-canvas_767713893_section_1_item_1_schoice_RESPONSE_3030831" case="Yes">uu-Oneway-ANOVA-851-en-canvas_767713893_section_1_item_1_schoice_6198891076</varequal> </not>
<not> <varequal respident="uu-Oneway-ANOVA-851-en-canvas_767713893_section_1_item_1_schoice_RESPONSE_3030831" case="Yes">uu-Oneway-ANOVA-851-en-canvas_767713893_section_1_item_1_schoice_3266522126</varequal> </not>
<not> <varequal respident="uu-Oneway-ANOVA-851-en-canvas_767713893_section_1_item_1_schoice_RESPONSE_3030831" case="Yes">uu-Oneway-ANOVA-851-en-canvas_767713893_section_1_item_1_schoice_9118547735</varequal> </not>
</and>
</conditionvar>
<setvar varname="SCORE" action="Set">1</setvar>
<displayfeedback feedbacktype="Response" linkrefid="correct_fb"/>
</respcondition>
<respcondition continue="Yes">
<conditionvar>
<other/>
</conditionvar>
<displayfeedback feedbacktype="Response" linkrefid="general_incorrect_fb"/>
</respcondition>
</resprocessing>
<itemfeedback ident="correct_fb" view="All">
<flow_mat>
<material>
<mattext texttype="text/html"><![CDATA[
<p>This study compares 3 different conditions. Finding a significant difference between these groups (p &lt; .001), we do not yet know which of the 3 groups differ from each other. This requires a post hoc analysis.</p>
]]></mattext>
</material>
</flow_mat>
</itemfeedback>
<itemfeedback ident="general_incorrect_fb" view="All">
<flow_mat>
<material>
<mattext texttype="text/html"><![CDATA[
<p>This study compares 3 different conditions. Finding a significant difference between these groups (p &lt; .001), we do not yet know which of the 3 groups differ from each other. This requires a post hoc analysis.</p>
]]></mattext>
</material>
</flow_mat>
</itemfeedback>
</item>


</section>

</assessment>
</questestinterop>
