<?xml version="1.0" encoding="UTF-8"?>
<!DOCTYPE questestinterop SYSTEM "ims_qtiasiv1p2p1.dtd">

<questestinterop xmlns="http://www.imsglobal.org/xsd/ims_qtiasiv1p2" xmlns:xsi="http://www.w3.org/2001/XMLSchema-instance" xsi:schemaLocation="http://www.imsglobal.org/xsd/ims_qtiasiv1p2 http://www.imsglobal.org/xsd/ims_qtiasiv1p2p1.xsd">
<assessment ident="eur-descriptive-109-nl-canvas_219747835" title="eur-descriptive-109-nl-canvas">

<qtimetadata>
<qtimetadatafield>
<fieldlabel>cc_maxattempts</fieldlabel>
<fieldentry>1</fieldentry>
</qtimetadatafield>
<qtimetadatafield>
<fieldlabel>qmd_assessmenttype</fieldlabel>
<fieldentry>Assessment</fieldentry>
</qtimetadatafield>
</qtimetadata>
<objectives>
<material>
<mattext><![CDATA[Please solve the following exercises.]]></mattext>
</material>
</objectives>
<assessmentcontrol feedbackswitch="No" hintswitch="No" solutionswitch="Yes"/>
<outcomes_processing scoremodel="SumOfScores">
<outcomes>
<decvar varname="SCORE" vartype="Decimal" cutvalue="0"/>
</outcomes>
</outcomes_processing>
<assessfeedback title="AssessmentFeedback" ident="AssessmentFeedback">
<flow_mat>
<material>
<mattext>##AssessmentFeedback##</mattext>
</material>
</flow_mat>
</assessfeedback>

<section ident="eur-descriptive-109-nl-canvas_219747835_section_1" title="Exercise">

<objectives>
<material>
<mattext><![CDATA[Please answer the following question.]]></mattext>
</material>
</objectives>
<selection_ordering>
<selection>
<selection_number>1</selection_number>
<selection_extension>
<points_per_item>1</points_per_item>
</selection_extension>
</selection>
<order order_type="Random"/>
</selection_ordering>

<item ident="eur-descriptive-109-nl-canvas_219747835_section_1_item_1_num" title="Question" maxattempts="1">
<itemcontrol feedbackswitch="No" hintswitch="No" solutionswitch="Yes"/>
<itemmetadata>
<qtimetadata>
<qtimetadatafield>
<fieldlabel>question_type</fieldlabel>
<fieldentry>numerical_question</fieldentry>
</qtimetadatafield>
</qtimetadata>
</itemmetadata>
<presentation>
<flow>
<material>
<matbreak/>
<mattext texttype="text/html" charset="utf-8"><![CDATA[
<p>Hieronder staan de scores van zes studenten op het tentamen van vak 1.1 (sociale psychologie) en het tentamen van vak 1.3 (statistiek). Bereken de correlatie tussen de examenscores van vak 1.1 en vak 1.3.</p>
<table>
<thead>
<tr class="header">
<th align="right">Students</th>
<th align="right">Exam Course 1.1</th>
<th align="right">Exam Course 1.3</th>
</tr>
</thead>
<tbody>
<tr class="odd">
<td align="right">1</td>
<td align="right">7.5</td>
<td align="right">6.8</td>
</tr>
<tr class="even">
<td align="right">2</td>
<td align="right">6.2</td>
<td align="right">5.4</td>
</tr>
<tr class="odd">
<td align="right">3</td>
<td align="right">5.2</td>
<td align="right">7.6</td>
</tr>
<tr class="even">
<td align="right">4</td>
<td align="right">8.2</td>
<td align="right">7.6</td>
</tr>
<tr class="odd">
<td align="right">5</td>
<td align="right">9.2</td>
<td align="right">8.4</td>
</tr>
<tr class="even">
<td align="right">6</td>
<td align="right">6.9</td>
<td align="right">4.7</td>
</tr>
</tbody>
</table>
]]></mattext>
<matbreak/>
</material>
<response_num ident="eur-descriptive-109-nl-canvas_219747835_section_1_item_1_num_RESPONSE_9102314" rcardinality="Single" numtype="Decimal">
<render_fib fibtype="Decimal" maxchars="12">
<flow_label class="Block">
<response_label ident="eur-descriptive-109-nl-canvas_219747835_section_1_item_1_num_RESPONSE_9102314" rshuffle="No"/>
</flow_label>
</render_fib>
</response_num>
<material>
<matbreak/>
</material>
</flow>
</presentation>
<resprocessing>
<outcomes>
<decvar varname="SCORE" vartype="Decimal" defaultval="0" minvalue="0" maxvalue="1" cutvalue="1"/>
</outcomes>
<respcondition title="Mastery" continue="No">
<conditionvar>

<or>
<varequal respident="eur-descriptive-109-nl-canvas_219747835_section_1_item_1_num_RESPONSE_9102314" case="No"><![CDATA[0.435]]></varequal>
<and>
<vargte respident="eur-descriptive-109-nl-canvas_219747835_section_1_item_1_num_RESPONSE_9102314"><![CDATA[0.425]]></vargte>
<varlte respident="eur-descriptive-109-nl-canvas_219747835_section_1_item_1_num_RESPONSE_9102314"><![CDATA[0.445]]></varlte>
</and>
</or>
</conditionvar>
<setvar varname="SCORE" action="Set">1</setvar>
<displayfeedback feedbacktype="Response" linkrefid="correct_fb"/>
</respcondition>
<respcondition continue="Yes">
<conditionvar>
<other/>
</conditionvar>
<displayfeedback feedbacktype="Response" linkrefid="general_incorrect_fb"/>
</respcondition>
</resprocessing>
<itemfeedback ident="correct_fb" view="All">
<flow_mat>
<material>
<mattext texttype="text/html"><![CDATA[
<table>
<thead>
<tr class="header">
<th align="left"></th>
<th align="left">Students</th>
<th align="left">Exam Course 1.1</th>
<th align="left">Exam Course 1.3</th>
<th align="left">Squared Deviation 1.1</th>
<th align="left">Squared Deviation 1.3</th>
<th align="left">Product deviation 1.1 – deviation 1.3</th>
</tr>
</thead>
<tbody>
<tr class="odd">
<td align="left"></td>
<td align="left">1</td>
<td align="left">7.5</td>
<td align="left">6.8</td>
<td align="left">(7.5 ‐ 7.2)(7.5 ‐ 7.2)</td>
<td align="left">(6.8 ‐ 6.75)(6.8 ‐ 6.75)</td>
<td align="left">(7.5 ‐ 7.2)(6.8 ‐ 6.75)</td>
</tr>
<tr class="even">
<td align="left"></td>
<td align="left">2</td>
<td align="left">6.2</td>
<td align="left">5.4</td>
<td align="left">(6.2 ‐ 7.2)(6.2 ‐ 7.2)</td>
<td align="left">(5.4 ‐ 6.75)(5.4 ‐ 6.75)</td>
<td align="left">(6.2 ‐ 7.2)(5.4 ‐ 6.75)</td>
</tr>
<tr class="odd">
<td align="left"></td>
<td align="left">3</td>
<td align="left">5.2</td>
<td align="left">7.6</td>
<td align="left">(5.2 ‐ 7.2)(5.2 ‐ 7.2)</td>
<td align="left">(7.6 ‐ 6.75)(7.6 ‐ 6.75)</td>
<td align="left">(5.2 ‐ 7.2)(7.6 ‐ 6.75)</td>
</tr>
<tr class="even">
<td align="left"></td>
<td align="left">4</td>
<td align="left">8.2</td>
<td align="left">7.6</td>
<td align="left">(8.2 ‐ 7.2)(8.2 ‐ 7.2)</td>
<td align="left">(7.6 ‐ 6.75)(7.6 ‐ 6.75)</td>
<td align="left">(8.2 ‐ 7.2)(7.6 ‐ 6.75)</td>
</tr>
<tr class="odd">
<td align="left"></td>
<td align="left">5</td>
<td align="left">9.2</td>
<td align="left">8.4</td>
<td align="left">(9.2 ‐ 7.2)(9.2 ‐ 7.2)</td>
<td align="left">(8.4 ‐ 6.75)(8.4 ‐ 6.75)</td>
<td align="left">(9.2 ‐ 7.2)(8.4 ‐ 6.75)</td>
</tr>
<tr class="even">
<td align="left"></td>
<td align="left">6</td>
<td align="left">6.9</td>
<td align="left">4.7</td>
<td align="left">(6.9 ‐ 7.2)(6.9 ‐ 7.2)</td>
<td align="left">(4.7 ‐ 6.75)(4.7 ‐ 6.75)</td>
<td align="left">(6.9 ‐ 7.2)(4.7 ‐ 6.75)</td>
</tr>
<tr class="odd">
<td align="left">Sum</td>
<td align="left"></td>
<td align="left">43.2</td>
<td align="left">40.5</td>
<td align="left">10.18</td>
<td align="left">10.2</td>
<td align="left">4.43</td>
</tr>
<tr class="even">
<td align="left">Mean</td>
<td align="left"></td>
<td align="left">7.2</td>
<td align="left">6.75</td>
<td align="left">1.697</td>
<td align="left">1.699</td>
<td align="left">0.738</td>
</tr>
</tbody>
</table>
<p>Het gemiddelde wordt berekend door de scores op het examen bij elkaar op te tellen en deze som te delen door het aantal deelnemers:</p>
<p>Gemiddelde examen 1.1 = <span class="math inline">\(\frac{43.20}{6} = 7.20\)</span></p>
<p>Gemiddeld examen 1,3 = <span class="math inline">\(\frac{40.50}{6} = 6.75\)</span></p>
<p>De covariantie wordt berekend door het product van de afwijkingsscores op te tellen en te delen door N:</p>
<p>Covariantie Examen 1.1, Examen 1.3: <span class="math inline">\(Cov_{E1.1, E1.3} \frac{4.43}{6}=0.738\)</span></p>
<p>De correlatie wordt berekend door de covariantie te delen door het product van de standaarddeviaties.</p>
<p>De standaardafwijking wordt berekend door de vierkantswortel van de variantie te nemen:</p>
<p>Standaardafwijking <span class="math inline">\(SD_{Exam 1.1} = \sqrt{1.697} = 1.303\)</span></p>
<p>Standaardafwijking <span class="math inline">\(SD_{Exam 1.3} = \sqrt{1.699} = 1.304\)</span></p>
<p>Correlatie Examen 1.1, Examen 1.3: <span class="math inline">\(Cor_{E1.1, E1.3} = \frac{0.738}{1.303 \times 1.304}=.435\)</span>.</p>
]]></mattext>
</material>
</flow_mat>
</itemfeedback>
<itemfeedback ident="general_incorrect_fb" view="All">
<flow_mat>
<material>
<mattext texttype="text/html"><![CDATA[
<table>
<thead>
<tr class="header">
<th align="left"></th>
<th align="left">Students</th>
<th align="left">Exam Course 1.1</th>
<th align="left">Exam Course 1.3</th>
<th align="left">Squared Deviation 1.1</th>
<th align="left">Squared Deviation 1.3</th>
<th align="left">Product deviation 1.1 – deviation 1.3</th>
</tr>
</thead>
<tbody>
<tr class="odd">
<td align="left"></td>
<td align="left">1</td>
<td align="left">7.5</td>
<td align="left">6.8</td>
<td align="left">(7.5 ‐ 7.2)(7.5 ‐ 7.2)</td>
<td align="left">(6.8 ‐ 6.75)(6.8 ‐ 6.75)</td>
<td align="left">(7.5 ‐ 7.2)(6.8 ‐ 6.75)</td>
</tr>
<tr class="even">
<td align="left"></td>
<td align="left">2</td>
<td align="left">6.2</td>
<td align="left">5.4</td>
<td align="left">(6.2 ‐ 7.2)(6.2 ‐ 7.2)</td>
<td align="left">(5.4 ‐ 6.75)(5.4 ‐ 6.75)</td>
<td align="left">(6.2 ‐ 7.2)(5.4 ‐ 6.75)</td>
</tr>
<tr class="odd">
<td align="left"></td>
<td align="left">3</td>
<td align="left">5.2</td>
<td align="left">7.6</td>
<td align="left">(5.2 ‐ 7.2)(5.2 ‐ 7.2)</td>
<td align="left">(7.6 ‐ 6.75)(7.6 ‐ 6.75)</td>
<td align="left">(5.2 ‐ 7.2)(7.6 ‐ 6.75)</td>
</tr>
<tr class="even">
<td align="left"></td>
<td align="left">4</td>
<td align="left">8.2</td>
<td align="left">7.6</td>
<td align="left">(8.2 ‐ 7.2)(8.2 ‐ 7.2)</td>
<td align="left">(7.6 ‐ 6.75)(7.6 ‐ 6.75)</td>
<td align="left">(8.2 ‐ 7.2)(7.6 ‐ 6.75)</td>
</tr>
<tr class="odd">
<td align="left"></td>
<td align="left">5</td>
<td align="left">9.2</td>
<td align="left">8.4</td>
<td align="left">(9.2 ‐ 7.2)(9.2 ‐ 7.2)</td>
<td align="left">(8.4 ‐ 6.75)(8.4 ‐ 6.75)</td>
<td align="left">(9.2 ‐ 7.2)(8.4 ‐ 6.75)</td>
</tr>
<tr class="even">
<td align="left"></td>
<td align="left">6</td>
<td align="left">6.9</td>
<td align="left">4.7</td>
<td align="left">(6.9 ‐ 7.2)(6.9 ‐ 7.2)</td>
<td align="left">(4.7 ‐ 6.75)(4.7 ‐ 6.75)</td>
<td align="left">(6.9 ‐ 7.2)(4.7 ‐ 6.75)</td>
</tr>
<tr class="odd">
<td align="left">Sum</td>
<td align="left"></td>
<td align="left">43.2</td>
<td align="left">40.5</td>
<td align="left">10.18</td>
<td align="left">10.2</td>
<td align="left">4.43</td>
</tr>
<tr class="even">
<td align="left">Mean</td>
<td align="left"></td>
<td align="left">7.2</td>
<td align="left">6.75</td>
<td align="left">1.697</td>
<td align="left">1.699</td>
<td align="left">0.738</td>
</tr>
</tbody>
</table>
<p>Het gemiddelde wordt berekend door de scores op het examen bij elkaar op te tellen en deze som te delen door het aantal deelnemers:</p>
<p>Gemiddelde examen 1.1 = <span class="math inline">\(\frac{43.20}{6} = 7.20\)</span></p>
<p>Gemiddeld examen 1,3 = <span class="math inline">\(\frac{40.50}{6} = 6.75\)</span></p>
<p>De covariantie wordt berekend door het product van de afwijkingsscores op te tellen en te delen door N:</p>
<p>Covariantie Examen 1.1, Examen 1.3: <span class="math inline">\(Cov_{E1.1, E1.3} \frac{4.43}{6}=0.738\)</span></p>
<p>De correlatie wordt berekend door de covariantie te delen door het product van de standaarddeviaties.</p>
<p>De standaardafwijking wordt berekend door de vierkantswortel van de variantie te nemen:</p>
<p>Standaardafwijking <span class="math inline">\(SD_{Exam 1.1} = \sqrt{1.697} = 1.303\)</span></p>
<p>Standaardafwijking <span class="math inline">\(SD_{Exam 1.3} = \sqrt{1.699} = 1.304\)</span></p>
<p>Correlatie Examen 1.1, Examen 1.3: <span class="math inline">\(Cor_{E1.1, E1.3} = \frac{0.738}{1.303 \times 1.304}=.435\)</span>.</p>
]]></mattext>
</material>
</flow_mat>
</itemfeedback>
</item>


</section>

</assessment>
</questestinterop>
