<?xml version="1.0" encoding="utf-8" standalone="yes"?>
<assessmentItem identifier="vufgb-standarddeviation-004-nl-tv_202307180606_item_1_schoice" title="vufgb-standarddeviation-004-nl-tv_202307180606_item_1_schoice_vufgb-standarddeviation-004-nl" adaptive="false" timeDependent="false" toolName="Testvision Online" toolVersion="39.0.9084" xmlns="http://www.imsglobal.org/xsd/imsqti_v2p1">
<responseDeclaration identifier="RESPONSE" cardinality="single" baseType="identifier">
<correctResponse>
<value>alt_147218</value>
</correctResponse>
<mapping defaultValue="0" lowerBound="0.0">
<mapEntry mapKey="alt_199565" mappedValue="-0.333333333333333"/>
<mapEntry mapKey="alt_725176" mappedValue="-0.333333333333333"/>
<mapEntry mapKey="alt_147218" mappedValue="1"/>
<mapEntry mapKey="alt_292446" mappedValue="-0.333333333333333"/>
</mapping>
</responseDeclaration>
<outcomeDeclaration identifier="SCORE" cardinality="single" baseType="float" normalMaximum="1" normalMinimum="0" />
<outcomeDeclaration identifier="FEEDBACK" cardinality="single" baseType="identifier" />
<itemBody>
<p>Een koffietentje heeft een week lang bijgehouden hoeveel <strong>chocolade muffins</strong> ze per dag hebben gekocht. Ze hebben de volgende data gekregen: 6,
8, 5, 10, 8, 6, 4. Bereken de <strong>steekproefstandaarddeviatie</strong> van deze scores:</p>
<choiceInteraction responseIdentifier="RESPONSE" shuffle="false" maxChoices="1">
<simpleChoice identifier="alt_199565">
<div class="textblock tvblock tvcss_1"><div class="rte_zone tveditor1">
 1.91
</div>
</div>
</simpleChoice>
<simpleChoice identifier="alt_725176">
<div class="textblock tvblock tvcss_1"><div class="rte_zone tveditor1">
 3.63
</div>
</div>
</simpleChoice>
<simpleChoice identifier="alt_147218">
<div class="textblock tvblock tvcss_1"><div class="rte_zone tveditor1">
 2.06
</div>
</div>
</simpleChoice>
<simpleChoice identifier="alt_292446">
<div class="textblock tvblock tvcss_1"><div class="rte_zone tveditor1">
 4.24
</div>
</div>
</simpleChoice>
</choiceInteraction>
</itemBody>
<responseProcessing>
<responseCondition>
<responseIf>
<isNull>
<variable identifier="RESPONSE"/>
</isNull>
<setOutcomeValue identifier="SCORE">
<baseValue baseType="float">0.0</baseValue>
</setOutcomeValue>
<setOutcomeValue identifier="FEEDBACK">
<baseValue baseType="identifier">FAILURE</baseValue>
</setOutcomeValue>
</responseIf>
<responseElse>
<setOutcomeValue identifier="SCORE">
<mapResponse identifier="RESPONSE"/>
</setOutcomeValue>
<responseCondition>
<responseIf>
<equal toleranceMode="relative" tolerance="0.001">
<variable identifier="SCORE"/>
<variable identifier="MAXSCORE"/>
</equal>
<setOutcomeValue identifier="FEEDBACK">
<baseValue baseType="identifier">ANSWER_CORRECT</baseValue>
</setOutcomeValue>
</responseIf>
<responseElse>
<setOutcomeValue identifier="FEEDBACK">
<baseValue baseType="identifier">FAILURE</baseValue>
</setOutcomeValue>
</responseElse>
</responseCondition>
</responseElse>
</responseCondition>
</responseProcessing>
<modalFeedback identifier="FAILURE" outcomeIdentifier="FEEDBACK" showHide="show">
<div class="textblock tvblock tvcss_1"><div class="rte_zone tveditor1">
 1.91 <br /> Incorrect 
 3.63 <br /> Incorrect 
 2.06 <br /> Correct 
 4.24 <br /> Incorrect 
</div>
</div>
</modalFeedback>
<modalFeedback identifier="ANSWER_CORRECT" outcomeIdentifier="FEEDBACK" showHide="show">
<div class="textblock tvblock tvcss_1"><div class="rte_zone tveditor1">
 1.91 <br /> Incorrect 
 3.63 <br /> Incorrect 
 2.06 <br /> Correct 
 4.24 <br /> Incorrect 
</div>
</div>
</modalFeedback>
<modalFeedback identifier="PARTIAL_CORRECT" outcomeIdentifier="FEEDBACK" showHide="show">
<div class="textblock tvblock tvcss_1"><div class="rte_zone tveditor1">
 1.91 <br /> Incorrect 
 3.63 <br /> Incorrect 
 2.06 <br /> Correct 
 4.24 <br /> Incorrect 
</div>
</div>
</modalFeedback>
</assessmentItem>
