<?xml version="1.0" encoding="UTF-8"?>
<assessmentItem xsi:schemaLocation="http://www.imsglobal.org/xsd/imsqti_v2p1 http://www.imsglobal.org/xsd/qti/qtiv2p1/imsqti_v2p1p1.xsd http://www.w3.org/1998/Math/MathML http://www.w3.org/Math/XMLSchema/mathml2/mathml2.xsd" identifier="uva-two-sided-hypothesis-1704-nl-ans_153021786_section_1_item_1_schoice" title="Inferential_Statistics_uva-two-sided-hypothesis-1704-nl_uva-two-sided-hypothesis-1704-nl_schoice_1" adaptive="false" timeDependent="false" xmlns="http://www.imsglobal.org/xsd/imsqti_v2p1" xmlns:xsi="http://www.w3.org/2001/XMLSchema-instance">
<responseDeclaration identifier="uva-two-sided-hypothesis-1704-nl-ans_153021786_section_1_item_1_schoice_RESPONSE_1_7142807" cardinality="single" baseType="identifier">
<correctResponse>
<value>uva-two-sided-hypothesis-1704-nl-ans_153021786_section_1_item_1_schoice_1_7815913648</value>
</correctResponse>
<mapping defaultValue="0" lowerBound="0.0">
<mapEntry mapKey="uva-two-sided-hypothesis-1704-nl-ans_153021786_section_1_item_1_schoice_1_7815913648" mappedValue="1"/>
<mapEntry mapKey="uva-two-sided-hypothesis-1704-nl-ans_153021786_section_1_item_1_schoice_2_6173073196" mappedValue="0"/>
<mapEntry mapKey="uva-two-sided-hypothesis-1704-nl-ans_153021786_section_1_item_1_schoice_3_7303828366" mappedValue="0"/>
</mapping>
</responseDeclaration>
<outcomeDeclaration identifier="SCORE" cardinality="single" baseType="float" normalMaximum="1" normalMinimum="0">
<defaultValue>
<value>0.0</value>
</defaultValue>
</outcomeDeclaration>
<outcomeDeclaration identifier="MAXSCORE" cardinality="single" baseType="float">
<defaultValue>
<value>1</value>
</defaultValue>
</outcomeDeclaration>
<outcomeDeclaration identifier="FEEDBACKBASIC" cardinality="single" baseType="identifier" view="testConstructor">
<defaultValue>
<value>empty</value>
</defaultValue>
</outcomeDeclaration>
<outcomeDeclaration identifier="FEEDBACKMODAL" cardinality="multiple" baseType="identifier" view="testConstructor"/>
<outcomeDeclaration identifier="SOLUTIONMODAL" cardinality="single" baseType="identifier" view="testConstructor"/>
<outcomeDeclaration identifier="MINSCORE" cardinality="single" baseType="float">
<defaultValue>
<value baseType="float">0</value>
</defaultValue>
</outcomeDeclaration>
<outcomeDeclaration identifier="SCORE_RESPONSE_1" cardinality="single" baseType="float">
<defaultValue>
<value>0.0</value>
</defaultValue>
</outcomeDeclaration>
<outcomeDeclaration identifier="MINSCORE_RESPONSE_1" cardinality="single" baseType="float">
<defaultValue>
<value>0.0</value>
</defaultValue>
</outcomeDeclaration>
<itemBody>
<p>In een onderzoek met een random steekproef van 74 mensen werd gevraagd
of mensen het eens waren met de uitspraak van de rechter in de zaak
Wilders. In die zaak besloot de rechter dat zijn film 'Fitna' niet
oproept tot haat of geweld tegen moslims. Het percentage mensen dat het
eens was met de uitspraak van de rechter was 45%. De onderzoekers wilden
weten of het percentage in de populatie kleiner was dan 50%. Daartoe
stelden de onderzoekers een nulhypothese op die stelt dathet percentage
mensen die het eens is met de rechter 50% is. De P-waarde bij deze toets
is</p>
<choiceInteraction responseIdentifier="uva-two-sided-hypothesis-1704-nl-ans_153021786_section_1_item_1_schoice_RESPONSE_1_7142807" shuffle="false" maxChoices="1">
<simpleChoice identifier="uva-two-sided-hypothesis-1704-nl-ans_153021786_section_1_item_1_schoice_1_7815913648">
<p>
 0.1948
</p>
</simpleChoice>
<simpleChoice identifier="uva-two-sided-hypothesis-1704-nl-ans_153021786_section_1_item_1_schoice_2_6173073196">
<p>
 0.2432
</p>
</simpleChoice>
<simpleChoice identifier="uva-two-sided-hypothesis-1704-nl-ans_153021786_section_1_item_1_schoice_3_7303828366">
<p>
 0.7703
</p>
</simpleChoice>
</choiceInteraction>
</itemBody>
<responseProcessing>
<setOutcomeValue identifier="SCORE_RESPONSE_1">
<sum>
<variable identifier="SCORE_RESPONSE_1"/>
<mapResponse identifier="uva-two-sided-hypothesis-1704-nl-ans_153021786_section_1_item_1_schoice_RESPONSE_1_7142807"/>
</sum>
</setOutcomeValue>
<responseCondition>
<responseIf>
<lt>
<variable identifier="SCORE_RESPONSE_1"/>
<variable identifier="MINSCORE_RESPONSE_1"/>
</lt>
<setOutcomeValue identifier="SCORE_RESPONSE_1">
<variable identifier="MINSCORE_RESPONSE_1"/>
</setOutcomeValue>
</responseIf>
</responseCondition>
<responseCondition>
<responseIf>
<isNull>
<variable identifier="uva-two-sided-hypothesis-1704-nl-ans_153021786_section_1_item_1_schoice_RESPONSE_1_7142807"/>
</isNull>
<setOutcomeValue identifier="SCORE_RESPONSE_1">
<sum>
<variable identifier="SCORE_RESPONSE_1"/>
<baseValue baseType="float">0</baseValue>
</sum>
</setOutcomeValue>
</responseIf>
</responseCondition>
<setOutcomeValue identifier="SCORE">
<sum>
<variable identifier="SCORE_RESPONSE_1"/>
</sum>
</setOutcomeValue>
<responseCondition>
<responseIf>
<lt>
<variable identifier="SCORE"/>
<variable identifier="MINSCORE"/>
</lt>
<setOutcomeValue identifier="SCORE">
<variable identifier="MINSCORE"/>
</setOutcomeValue>
</responseIf>
</responseCondition>
<responseCondition>
<responseIf>
<lt>
<variable identifier="SCORE"/>
<baseValue baseType="float">1</baseValue>
</lt>
<setOutcomeValue identifier="FEEDBACKMODAL">
<multiple>
<variable identifier="FEEDBACKMODAL"/>
<baseValue baseType="identifier">Feedback181249806</baseValue>
</multiple>
</setOutcomeValue>
</responseIf>
</responseCondition>
</responseProcessing>
<modalFeedback outcomeIdentifier="FEEDBACK" showHide="show" identifier="incorrect">
<ul>
<li> 0.1948 <br /> 0.1948: Correct </li>
<li> 0.2432 <br /> 0.2432: Incorrect </li>
<li> 0.7703 <br /> 0.7703: Incorrect </li>
</ul>
</modalFeedback>
</assessmentItem>
