<?xml version="1.0" encoding="utf-8" standalone="yes"?>
<assessmentItem identifier="vufsw-confidenceintervals-0104-en-tv_202209061511_item_1_schoice" title="vufsw-confidenceintervals-0104-en-tv_202209061511_item_1_schoice_vufsw-confidenceintervals-0104-en" adaptive="false" timeDependent="false" toolName="Testvision Online" toolVersion="39.0.9084" xmlns="http://www.imsglobal.org/xsd/imsqti_v2p1">
<responseDeclaration identifier="RESPONSE" cardinality="single" baseType="identifier">
<correctResponse>
<value>alt_741130</value>
</correctResponse>
<mapping defaultValue="0" lowerBound="0.0">
<mapEntry mapKey="alt_889622" mappedValue="-0.333333333333333"/>
<mapEntry mapKey="alt_376982" mappedValue="-0.333333333333333"/>
<mapEntry mapKey="alt_472924" mappedValue="-0.333333333333333"/>
<mapEntry mapKey="alt_741130" mappedValue="1"/>
</mapping>
</responseDeclaration>
<outcomeDeclaration identifier="SCORE" cardinality="single" baseType="float" normalMaximum="1" normalMinimum="0" />
<outcomeDeclaration identifier="FEEDBACK" cardinality="single" baseType="identifier" />
<itemBody>
<p>Suppose a researcher administered a questionnaire to 130 employees of a
large company to assess how they rate their manager. The scores are
between 1 (very negative) and 10 (very positive). He wants to find out
whether people with a permanent contract [n=70] assess their manager
differently from people with a temporary contract [n=60]. He therefore
calculates the 95% confidence interval of the difference between the
averages.</p>
<p>Which formula should be used in this case?</p>
<choiceInteraction responseIdentifier="RESPONSE" shuffle="false" maxChoices="1">
<simpleChoice identifier="alt_889622">
<div class="textblock tvblock tvcss_1"><div class="rte_zone tveditor1">
a. <em>p̂</em> <em> ± t ( se )</em>
</div>
</div>
</simpleChoice>
<simpleChoice identifier="alt_376982">
<div class="textblock tvblock tvcss_1"><div class="rte_zone tveditor1">
b. <em>x̄</em> <em> ± t ( se )</em>
</div>
</div>
</simpleChoice>
<simpleChoice identifier="alt_472924">
<div class="textblock tvblock tvcss_1"><div class="rte_zone tveditor1">
c.  (<em> x̄<sub>d</sub> ) ± t ( se )</em>
</div>
</div>
</simpleChoice>
<simpleChoice identifier="alt_741130">
<div class="textblock tvblock tvcss_1"><div class="rte_zone tveditor1">
d. <em>( x̄<sub>1</sub> - x̄<sub>2 </sub></em> <em>) ± t ( se )</em>
</div>
</div>
</simpleChoice>
</choiceInteraction>
</itemBody>
<responseProcessing>
<responseCondition>
<responseIf>
<isNull>
<variable identifier="RESPONSE"/>
</isNull>
<setOutcomeValue identifier="SCORE">
<baseValue baseType="float">0.0</baseValue>
</setOutcomeValue>
<setOutcomeValue identifier="FEEDBACK">
<baseValue baseType="identifier">FAILURE</baseValue>
</setOutcomeValue>
</responseIf>
<responseElse>
<setOutcomeValue identifier="SCORE">
<mapResponse identifier="RESPONSE"/>
</setOutcomeValue>
<responseCondition>
<responseIf>
<equal toleranceMode="relative" tolerance="0.001">
<variable identifier="SCORE"/>
<variable identifier="MAXSCORE"/>
</equal>
<setOutcomeValue identifier="FEEDBACK">
<baseValue baseType="identifier">ANSWER_CORRECT</baseValue>
</setOutcomeValue>
</responseIf>
<responseElse>
<setOutcomeValue identifier="FEEDBACK">
<baseValue baseType="identifier">FAILURE</baseValue>
</setOutcomeValue>
</responseElse>
</responseCondition>
</responseElse>
</responseCondition>
</responseProcessing>
<modalFeedback identifier="FAILURE" outcomeIdentifier="FEEDBACK" showHide="show">
<div class="textblock tvblock tvcss_1"><div class="rte_zone tveditor1">
<ol>
<li> <em>p̂</em> <em> ± t ( se )</em> <br /> False </li>
<li> <em>x̄</em> <em> ± t ( se )</em> <br /> False </li>
<li>  (<em> x̄<sub>d</sub> ) ± t ( se )</em> <br /> False </li>
<li> <em>( x̄<sub>1</sub> - x̄<sub>2 </sub></em> <em>) ± t ( se )</em> <br /> True </li>
</ol>
</div>
</div>
</modalFeedback>
<modalFeedback identifier="ANSWER_CORRECT" outcomeIdentifier="FEEDBACK" showHide="show">
<div class="textblock tvblock tvcss_1"><div class="rte_zone tveditor1">
<ol>
<li> <em>p̂</em> <em> ± t ( se )</em> <br /> False </li>
<li> <em>x̄</em> <em> ± t ( se )</em> <br /> False </li>
<li>  (<em> x̄<sub>d</sub> ) ± t ( se )</em> <br /> False </li>
<li> <em>( x̄<sub>1</sub> - x̄<sub>2 </sub></em> <em>) ± t ( se )</em> <br /> True </li>
</ol>
</div>
</div>
</modalFeedback>
<modalFeedback identifier="PARTIAL_CORRECT" outcomeIdentifier="FEEDBACK" showHide="show">
<div class="textblock tvblock tvcss_1"><div class="rte_zone tveditor1">
<ol>
<li> <em>p̂</em> <em> ± t ( se )</em> <br /> False </li>
<li> <em>x̄</em> <em> ± t ( se )</em> <br /> False </li>
<li>  (<em> x̄<sub>d</sub> ) ± t ( se )</em> <br /> False </li>
<li> <em>( x̄<sub>1</sub> - x̄<sub>2 </sub></em> <em>) ± t ( se )</em> <br /> True </li>
</ol>
</div>
</div>
</modalFeedback>
</assessmentItem>
