<?xml version="1.0" encoding="UTF-8"?>
<assessmentItem xsi:schemaLocation="http://www.imsglobal.org/xsd/imsqti_v2p1 http://www.imsglobal.org/xsd/qti/qtiv2p1/imsqti_v2p1p1.xsd http://www.w3.org/1998/Math/MathML http://www.w3.org/Math/XMLSchema/mathml2/mathml2.xsd" identifier="uva-normal-1337-nl-ans_618881584_section_1_item_1_schoice" title="Distributions_uva-normal-1337-nl_uva-normal-1337-nl_schoice_1" adaptive="false" timeDependent="false" xmlns="http://www.imsglobal.org/xsd/imsqti_v2p1" xmlns:xsi="http://www.w3.org/2001/XMLSchema-instance">
<responseDeclaration identifier="uva-normal-1337-nl-ans_618881584_section_1_item_1_schoice_RESPONSE_1_3604129" cardinality="single" baseType="identifier">
<correctResponse>
<value>uva-normal-1337-nl-ans_618881584_section_1_item_1_schoice_4_8060973060</value>
</correctResponse>
<mapping defaultValue="0" lowerBound="0.0">
<mapEntry mapKey="uva-normal-1337-nl-ans_618881584_section_1_item_1_schoice_1_3664369203" mappedValue="0"/>
<mapEntry mapKey="uva-normal-1337-nl-ans_618881584_section_1_item_1_schoice_2_1917463717" mappedValue="0"/>
<mapEntry mapKey="uva-normal-1337-nl-ans_618881584_section_1_item_1_schoice_3_6723511969" mappedValue="0"/>
<mapEntry mapKey="uva-normal-1337-nl-ans_618881584_section_1_item_1_schoice_4_8060973060" mappedValue="1"/>
</mapping>
</responseDeclaration>
<outcomeDeclaration identifier="SCORE" cardinality="single" baseType="float" normalMaximum="1" normalMinimum="0">
<defaultValue>
<value>0.0</value>
</defaultValue>
</outcomeDeclaration>
<outcomeDeclaration identifier="MAXSCORE" cardinality="single" baseType="float">
<defaultValue>
<value>1</value>
</defaultValue>
</outcomeDeclaration>
<outcomeDeclaration identifier="FEEDBACKBASIC" cardinality="single" baseType="identifier" view="testConstructor">
<defaultValue>
<value>empty</value>
</defaultValue>
</outcomeDeclaration>
<outcomeDeclaration identifier="FEEDBACKMODAL" cardinality="multiple" baseType="identifier" view="testConstructor"/>
<outcomeDeclaration identifier="SOLUTIONMODAL" cardinality="single" baseType="identifier" view="testConstructor"/>
<outcomeDeclaration identifier="MINSCORE" cardinality="single" baseType="float">
<defaultValue>
<value baseType="float">0</value>
</defaultValue>
</outcomeDeclaration>
<outcomeDeclaration identifier="SCORE_RESPONSE_1" cardinality="single" baseType="float">
<defaultValue>
<value>0.0</value>
</defaultValue>
</outcomeDeclaration>
<outcomeDeclaration identifier="MINSCORE_RESPONSE_1" cardinality="single" baseType="float">
<defaultValue>
<value>0.0</value>
</defaultValue>
</outcomeDeclaration>
<itemBody>
<p>Veronderstel dat het aantal wedstrijden waaraan voetbalspelers tijdens
hun loopbaan deelnemen normaal verdeeld is met een gemiddelde van 1500
wedstrijden en een standaarddeviatie van 350. Wat is dan het 90ste
percentiel voor het aantal wedstrijden dat gespeeld wordt tijdens een
carrière?</p>
<choiceInteraction responseIdentifier="uva-normal-1337-nl-ans_618881584_section_1_item_1_schoice_RESPONSE_1_3604129" shuffle="false" maxChoices="1">
<simpleChoice identifier="uva-normal-1337-nl-ans_618881584_section_1_item_1_schoice_1_3664369203">
<p>
 450
</p>
</simpleChoice>
<simpleChoice identifier="uva-normal-1337-nl-ans_618881584_section_1_item_1_schoice_2_1917463717">
<p>
 1358
</p>
</simpleChoice>
<simpleChoice identifier="uva-normal-1337-nl-ans_618881584_section_1_item_1_schoice_3_6723511969">
<p>
 1850
</p>
</simpleChoice>
<simpleChoice identifier="uva-normal-1337-nl-ans_618881584_section_1_item_1_schoice_4_8060973060">
<p>
 1949
</p>
</simpleChoice>
</choiceInteraction>
</itemBody>
<responseProcessing>
<setOutcomeValue identifier="SCORE_RESPONSE_1">
<sum>
<variable identifier="SCORE_RESPONSE_1"/>
<mapResponse identifier="uva-normal-1337-nl-ans_618881584_section_1_item_1_schoice_RESPONSE_1_3604129"/>
</sum>
</setOutcomeValue>
<responseCondition>
<responseIf>
<lt>
<variable identifier="SCORE_RESPONSE_1"/>
<variable identifier="MINSCORE_RESPONSE_1"/>
</lt>
<setOutcomeValue identifier="SCORE_RESPONSE_1">
<variable identifier="MINSCORE_RESPONSE_1"/>
</setOutcomeValue>
</responseIf>
</responseCondition>
<responseCondition>
<responseIf>
<isNull>
<variable identifier="uva-normal-1337-nl-ans_618881584_section_1_item_1_schoice_RESPONSE_1_3604129"/>
</isNull>
<setOutcomeValue identifier="SCORE_RESPONSE_1">
<sum>
<variable identifier="SCORE_RESPONSE_1"/>
<baseValue baseType="float">0</baseValue>
</sum>
</setOutcomeValue>
</responseIf>
</responseCondition>
<setOutcomeValue identifier="SCORE">
<sum>
<variable identifier="SCORE_RESPONSE_1"/>
</sum>
</setOutcomeValue>
<responseCondition>
<responseIf>
<lt>
<variable identifier="SCORE"/>
<variable identifier="MINSCORE"/>
</lt>
<setOutcomeValue identifier="SCORE">
<variable identifier="MINSCORE"/>
</setOutcomeValue>
</responseIf>
</responseCondition>
<responseCondition>
<responseIf>
<lt>
<variable identifier="SCORE"/>
<baseValue baseType="float">1</baseValue>
</lt>
<setOutcomeValue identifier="FEEDBACKMODAL">
<multiple>
<variable identifier="FEEDBACKMODAL"/>
<baseValue baseType="identifier">Feedback119849149</baseValue>
</multiple>
</setOutcomeValue>
</responseIf>
</responseCondition>
</responseProcessing>
<modalFeedback outcomeIdentifier="FEEDBACK" showHide="show" identifier="incorrect">
<ul>
<li> 450 <br /> 450: Incorrect </li>
<li> 1358 <br /> 1358: Incorrect </li>
<li> 1850 <br /> 1850: Incorrect </li>
<li> 1949 <br /> 1949: Correct </li>
</ul>
</modalFeedback>
</assessmentItem>
