<?xml version="1.0" encoding="utf-8" standalone="yes"?>
<assessmentItem identifier="uva-multiplication-rule-682-nl-tv_202403081018_item_1_schoice" title="uva-multiplication-rule-682-nl-tv_202403081018_item_1_schoice_uva-multiplication-rule-682-nl" adaptive="false" timeDependent="false" toolName="Testvision Online" toolVersion="39.0.9084" xmlns="http://www.imsglobal.org/xsd/imsqti_v2p1">
<responseDeclaration identifier="RESPONSE" cardinality="single" baseType="identifier">
<correctResponse>
<value>alt_731185</value>
</correctResponse>
<mapping defaultValue="0" lowerBound="0.0">
<mapEntry mapKey="alt_731185" mappedValue="1"/>
<mapEntry mapKey="alt_572828" mappedValue="-0.25"/>
<mapEntry mapKey="alt_283573" mappedValue="-0.25"/>
<mapEntry mapKey="alt_757146" mappedValue="-0.25"/>
<mapEntry mapKey="alt_273792" mappedValue="-0.25"/>
</mapping>
</responseDeclaration>
<outcomeDeclaration identifier="SCORE" cardinality="single" baseType="float" normalMaximum="1" normalMinimum="0" />
<outcomeDeclaration identifier="FEEDBACK" cardinality="single" baseType="identifier" />
<itemBody>
<p>Vrouwen vormen een steeds groter aandeel in het aantal startende
ondernemers, volgens het CBS was in 2009 35% van het totale aantal
starters vrouwelijk. Van hen slaagt 70% erin een winstgevend bedrijf op
te zetten. Ongeveer 60% van de vrouwelijke startende ondernemers werkt
zonder personeel. We definiëren deze gebeurtenissen:<br />
<br />
* <em>A</em> = {vrouwelijke starters}<br />
* <em>B</em> = {starters met een winstgevend bedrijf}<br />
* <em>C</em> = {starters zonder personeel}<br />
<br />
Hoe groot is dan de kans dat een starter een vrouw is, een winstgevend
bedrijf heeft en ook zonder personeel werkt?</p>
<choiceInteraction responseIdentifier="RESPONSE" shuffle="false" maxChoices="1">
<simpleChoice identifier="alt_731185">
<div class="textblock tvblock tvcss_1"><div class="rte_zone tveditor1">
 0,15
</div>
</div>
</simpleChoice>
<simpleChoice identifier="alt_572828">
<div class="textblock tvblock tvcss_1"><div class="rte_zone tveditor1">
 0,21
</div>
</div>
</simpleChoice>
<simpleChoice identifier="alt_283573">
<div class="textblock tvblock tvcss_1"><div class="rte_zone tveditor1">
 0,25
</div>
</div>
</simpleChoice>
<simpleChoice identifier="alt_757146">
<div class="textblock tvblock tvcss_1"><div class="rte_zone tveditor1">
 0,35
</div>
</div>
</simpleChoice>
<simpleChoice identifier="alt_273792">
<div class="textblock tvblock tvcss_1"><div class="rte_zone tveditor1">
 0,42
</div>
</div>
</simpleChoice>
</choiceInteraction>
</itemBody>
<responseProcessing>
<responseCondition>
<responseIf>
<isNull>
<variable identifier="RESPONSE"/>
</isNull>
<setOutcomeValue identifier="SCORE">
<baseValue baseType="float">0.0</baseValue>
</setOutcomeValue>
<setOutcomeValue identifier="FEEDBACK">
<baseValue baseType="identifier">FAILURE</baseValue>
</setOutcomeValue>
</responseIf>
<responseElse>
<setOutcomeValue identifier="SCORE">
<mapResponse identifier="RESPONSE"/>
</setOutcomeValue>
<responseCondition>
<responseIf>
<equal toleranceMode="relative" tolerance="0.001">
<variable identifier="SCORE"/>
<variable identifier="MAXSCORE"/>
</equal>
<setOutcomeValue identifier="FEEDBACK">
<baseValue baseType="identifier">ANSWER_CORRECT</baseValue>
</setOutcomeValue>
</responseIf>
<responseElse>
<setOutcomeValue identifier="FEEDBACK">
<baseValue baseType="identifier">FAILURE</baseValue>
</setOutcomeValue>
</responseElse>
</responseCondition>
</responseElse>
</responseCondition>
</responseProcessing>
<modalFeedback identifier="FAILURE" outcomeIdentifier="FEEDBACK" showHide="show">
<div class="textblock tvblock tvcss_1"><div class="rte_zone tveditor1">
<p>Het correcte antwoord is:</p>
<ul>
<li>0,15</li>
</ul>
</div>
</div>
</modalFeedback>
<modalFeedback identifier="ANSWER_CORRECT" outcomeIdentifier="FEEDBACK" showHide="show">
<div class="textblock tvblock tvcss_1"><div class="rte_zone tveditor1">
<p>Het correcte antwoord is:</p>
<ul>
<li>0,15</li>
</ul>
</div>
</div>
</modalFeedback>
<modalFeedback identifier="PARTIAL_CORRECT" outcomeIdentifier="FEEDBACK" showHide="show">
<div class="textblock tvblock tvcss_1"><div class="rte_zone tveditor1">
<p>Het correcte antwoord is:</p>
<ul>
<li>0,15</li>
</ul>
</div>
</div>
</modalFeedback>
</assessmentItem>
