<?xml version="1.0" encoding="UTF-8"?>
<!DOCTYPE questestinterop SYSTEM "ims_qtiasiv1p2p1.dtd">

<questestinterop xmlns="http://www.imsglobal.org/xsd/ims_qtiasiv1p2" xmlns:xsi="http://www.w3.org/2001/XMLSchema-instance" xsi:schemaLocation="http://www.imsglobal.org/xsd/ims_qtiasiv1p2 http://www.imsglobal.org/xsd/ims_qtiasiv1p2p1.xsd">
<assessment ident="eur-factor-111-en-canvas_636165423" title="eur-factor-111-en-canvas">

<qtimetadata>
<qtimetadatafield>
<fieldlabel>cc_maxattempts</fieldlabel>
<fieldentry>1</fieldentry>
</qtimetadatafield>
<qtimetadatafield>
<fieldlabel>qmd_assessmenttype</fieldlabel>
<fieldentry>Assessment</fieldentry>
</qtimetadatafield>
</qtimetadata>
<objectives>
<material>
<mattext><![CDATA[Please solve the following exercises.]]></mattext>
</material>
</objectives>
<assessmentcontrol feedbackswitch="No" hintswitch="No" solutionswitch="Yes"/>
<outcomes_processing scoremodel="SumOfScores">
<outcomes>
<decvar varname="SCORE" vartype="Decimal" cutvalue="0"/>
</outcomes>
</outcomes_processing>
<assessfeedback title="AssessmentFeedback" ident="AssessmentFeedback">
<flow_mat>
<material>
<mattext>##AssessmentFeedback##</mattext>
</material>
</flow_mat>
</assessfeedback>

<section ident="eur-factor-111-en-canvas_636165423_section_1" title="Exercise">

<objectives>
<material>
<mattext><![CDATA[Please answer the following question.]]></mattext>
</material>
</objectives>
<selection_ordering>
<selection>
<selection_number>1</selection_number>
<selection_extension>
<points_per_item>1</points_per_item>
</selection_extension>
</selection>
<order order_type="Random"/>
</selection_ordering>

<item ident="eur-factor-111-en-canvas_636165423_section_1_item_1_num" title="Question" maxattempts="1">
<itemcontrol feedbackswitch="No" hintswitch="No" solutionswitch="Yes"/>
<itemmetadata>
<qtimetadata>
<qtimetadatafield>
<fieldlabel>question_type</fieldlabel>
<fieldentry>numerical_question</fieldentry>
</qtimetadatafield>
</qtimetadata>
</itemmetadata>
<presentation>
<flow>
<material>
<matbreak/>
<mattext texttype="text/html" charset="utf-8"><![CDATA[
<ul>
<li>Ork for psychologists and educators.*</li>
</ul>
<p>A scientist is investigating factors that may explain why career opportunities for psychologists and educators are sometimes low. From theoretical insights about career opportunities, the researcher has the idea that several dimensions can be distinguished that have something to do with career opportunities. She has devised 34 statements on which respondents can indicate whether they agree with a statement on a 4-point scale (1. completely agree; 2. somewhat agree; 3. not so much agree; 4. not at all agree). An example of a statement is, “I completed a relevant internship during my education.” The questionnaire was administered to 312 graduates. Participants’ responses to the 34 statements are shown in the data file.</p>
<p>Open the data file.</p>
<p>Perform a factor analysis with principal axis factoring, extracting 4 factors and performing a varimax rotation. By which factor is item 1 best explained? (note factor number)</p>
<ul>
<li>Download**: <a href="data/supplements_1_1/eur-factor-111-nl-data.sav">SPSS file</a>, <a href="data/supplements_1_1/eur-factor-111-nl-data.csv">CSV file</a></li>
</ul>
]]></mattext>
<matbreak/>
</material>
<response_num ident="eur-factor-111-en-canvas_636165423_section_1_item_1_num_RESPONSE_1288216" rcardinality="Single" numtype="Decimal">
<render_fib fibtype="Decimal" maxchars="12">
<flow_label class="Block">
<response_label ident="eur-factor-111-en-canvas_636165423_section_1_item_1_num_RESPONSE_1288216" rshuffle="No"/>
</flow_label>
</render_fib>
</response_num>
<material>
<matbreak/>
</material>
</flow>
</presentation>
<resprocessing>
<outcomes>
<decvar varname="SCORE" vartype="Decimal" defaultval="0" minvalue="0" maxvalue="1" cutvalue="1"/>
</outcomes>
<respcondition title="Mastery" continue="No">
<conditionvar>

<or>
<varequal respident="eur-factor-111-en-canvas_636165423_section_1_item_1_num_RESPONSE_1288216" case="No"><![CDATA[2]]></varequal>
<and>
<vargte respident="eur-factor-111-en-canvas_636165423_section_1_item_1_num_RESPONSE_1288216"><![CDATA[2]]></vargte>
<varlte respident="eur-factor-111-en-canvas_636165423_section_1_item_1_num_RESPONSE_1288216"><![CDATA[2]]></varlte>
</and>
</or>
</conditionvar>
<setvar varname="SCORE" action="Set">1</setvar>
<displayfeedback feedbacktype="Response" linkrefid="correct_fb"/>
</respcondition>
<respcondition continue="Yes">
<conditionvar>
<other/>
</conditionvar>
<displayfeedback feedbacktype="Response" linkrefid="general_incorrect_fb"/>
</respcondition>
</resprocessing>
<itemfeedback ident="correct_fb" view="All">
<flow_mat>
<material>
<mattext texttype="text/html"><![CDATA[
<p>Factor 2. In the rotated solution, the loading of item 1 is highest on factor 2, which is .950. The square of a factor loading is the percentage of variance explained by that factor of the item. Factor 2 explains the most variance of item 1 in this solution.</p>
]]></mattext>
</material>
</flow_mat>
</itemfeedback>
<itemfeedback ident="general_incorrect_fb" view="All">
<flow_mat>
<material>
<mattext texttype="text/html"><![CDATA[
<p>Factor 2. In the rotated solution, the loading of item 1 is highest on factor 2, which is .950. The square of a factor loading is the percentage of variance explained by that factor of the item. Factor 2 explains the most variance of item 1 in this solution.</p>
]]></mattext>
</material>
</flow_mat>
</itemfeedback>
</item>


</section>

</assessment>
</questestinterop>
