<?xml version="1.0" encoding="UTF-8"?>
<assessmentItem xsi:schemaLocation="http://www.imsglobal.org/xsd/imsqti_v2p1 http://www.imsglobal.org/xsd/qti/qtiv2p1/imsqti_v2p1p1.xsd http://www.w3.org/1998/Math/MathML http://www.w3.org/Math/XMLSchema/mathml2/mathml2.xsd" identifier="uva-distribution-1853-nl-ans_354832941_section_1_item_1_schoice" title="Distributions_uva-distribution-1853-nl_uva-distribution-1853-nl_schoice_1" adaptive="false" timeDependent="false" xmlns="http://www.imsglobal.org/xsd/imsqti_v2p1" xmlns:xsi="http://www.w3.org/2001/XMLSchema-instance">
<responseDeclaration identifier="uva-distribution-1853-nl-ans_354832941_section_1_item_1_schoice_RESPONSE_1_6280844" cardinality="single" baseType="identifier">
<correctResponse>
<value>uva-distribution-1853-nl-ans_354832941_section_1_item_1_schoice_1_7834276745</value>
</correctResponse>
<mapping defaultValue="0" lowerBound="0.0">
<mapEntry mapKey="uva-distribution-1853-nl-ans_354832941_section_1_item_1_schoice_1_7834276745" mappedValue="1"/>
<mapEntry mapKey="uva-distribution-1853-nl-ans_354832941_section_1_item_1_schoice_2_4746762658" mappedValue="0"/>
<mapEntry mapKey="uva-distribution-1853-nl-ans_354832941_section_1_item_1_schoice_3_1460145296" mappedValue="0"/>
<mapEntry mapKey="uva-distribution-1853-nl-ans_354832941_section_1_item_1_schoice_4_1403739654" mappedValue="0"/>
</mapping>
</responseDeclaration>
<outcomeDeclaration identifier="SCORE" cardinality="single" baseType="float" normalMaximum="1" normalMinimum="0">
<defaultValue>
<value>0.0</value>
</defaultValue>
</outcomeDeclaration>
<outcomeDeclaration identifier="MAXSCORE" cardinality="single" baseType="float">
<defaultValue>
<value>1</value>
</defaultValue>
</outcomeDeclaration>
<outcomeDeclaration identifier="FEEDBACKBASIC" cardinality="single" baseType="identifier" view="testConstructor">
<defaultValue>
<value>empty</value>
</defaultValue>
</outcomeDeclaration>
<outcomeDeclaration identifier="FEEDBACKMODAL" cardinality="multiple" baseType="identifier" view="testConstructor"/>
<outcomeDeclaration identifier="SOLUTIONMODAL" cardinality="single" baseType="identifier" view="testConstructor"/>
<outcomeDeclaration identifier="MINSCORE" cardinality="single" baseType="float">
<defaultValue>
<value baseType="float">0</value>
</defaultValue>
</outcomeDeclaration>
<outcomeDeclaration identifier="SCORE_RESPONSE_1" cardinality="single" baseType="float">
<defaultValue>
<value>0.0</value>
</defaultValue>
</outcomeDeclaration>
<outcomeDeclaration identifier="MINSCORE_RESPONSE_1" cardinality="single" baseType="float">
<defaultValue>
<value>0.0</value>
</defaultValue>
</outcomeDeclaration>
<itemBody>
<p>Uit ieder van twee normaal verdeelde populaties met gelijke varianties
wordt een steekproef getrokken.<br />
steekproef 1: n = 19, gemiddelde = 46, sd = 12.41<br />
steekproef 2: n = 20, gemiddelde = 35, sd = 7.5<br />
De gepoolde variantieschatter heeft als waarde 103.81. Er wordt getoetst
of de populatiegemiddelden gelijk zijn. De bijbehorende
toetsingsgrootheid volgt, als de nulhypothese waar is,</p>
<choiceInteraction responseIdentifier="uva-distribution-1853-nl-ans_354832941_section_1_item_1_schoice_RESPONSE_1_6280844" shuffle="false" maxChoices="1">
<simpleChoice identifier="uva-distribution-1853-nl-ans_354832941_section_1_item_1_schoice_1_7834276745">
<p>
 een T-verdeling met 37 vrijheidsgraden
</p>
</simpleChoice>
<simpleChoice identifier="uva-distribution-1853-nl-ans_354832941_section_1_item_1_schoice_2_4746762658">
<p>
 een F-verdeling met 19 en 20 vrijheidsgraden
</p>
</simpleChoice>
<simpleChoice identifier="uva-distribution-1853-nl-ans_354832941_section_1_item_1_schoice_3_1460145296">
<p>
 een F-verdeling met 18 en 19 vrijheidsgraden
</p>
</simpleChoice>
<simpleChoice identifier="uva-distribution-1853-nl-ans_354832941_section_1_item_1_schoice_4_1403739654">
<p>
 een T-verdeling met 39 vrijheidsgraden
</p>
</simpleChoice>
</choiceInteraction>
</itemBody>
<responseProcessing>
<setOutcomeValue identifier="SCORE_RESPONSE_1">
<sum>
<variable identifier="SCORE_RESPONSE_1"/>
<mapResponse identifier="uva-distribution-1853-nl-ans_354832941_section_1_item_1_schoice_RESPONSE_1_6280844"/>
</sum>
</setOutcomeValue>
<responseCondition>
<responseIf>
<lt>
<variable identifier="SCORE_RESPONSE_1"/>
<variable identifier="MINSCORE_RESPONSE_1"/>
</lt>
<setOutcomeValue identifier="SCORE_RESPONSE_1">
<variable identifier="MINSCORE_RESPONSE_1"/>
</setOutcomeValue>
</responseIf>
</responseCondition>
<responseCondition>
<responseIf>
<isNull>
<variable identifier="uva-distribution-1853-nl-ans_354832941_section_1_item_1_schoice_RESPONSE_1_6280844"/>
</isNull>
<setOutcomeValue identifier="SCORE_RESPONSE_1">
<sum>
<variable identifier="SCORE_RESPONSE_1"/>
<baseValue baseType="float">0</baseValue>
</sum>
</setOutcomeValue>
</responseIf>
</responseCondition>
<setOutcomeValue identifier="SCORE">
<sum>
<variable identifier="SCORE_RESPONSE_1"/>
</sum>
</setOutcomeValue>
<responseCondition>
<responseIf>
<lt>
<variable identifier="SCORE"/>
<variable identifier="MINSCORE"/>
</lt>
<setOutcomeValue identifier="SCORE">
<variable identifier="MINSCORE"/>
</setOutcomeValue>
</responseIf>
</responseCondition>
<responseCondition>
<responseIf>
<lt>
<variable identifier="SCORE"/>
<baseValue baseType="float">1</baseValue>
</lt>
<setOutcomeValue identifier="FEEDBACKMODAL">
<multiple>
<variable identifier="FEEDBACKMODAL"/>
<baseValue baseType="identifier">Feedback808685536</baseValue>
</multiple>
</setOutcomeValue>
</responseIf>
</responseCondition>
</responseProcessing>
<modalFeedback outcomeIdentifier="FEEDBACK" showHide="show" identifier="incorrect">
<ul>
<li> een T-verdeling met 37 vrijheidsgraden <br /> een T-verdeling met 37 vrijheidsgraden: Correct </li>
<li> een F-verdeling met 19 en 20 vrijheidsgraden <br /> een F-verdeling met 19 en 20 vrijheidsgraden: Incorrect </li>
<li> een F-verdeling met 18 en 19 vrijheidsgraden <br /> een F-verdeling met 18 en 19 vrijheidsgraden: Incorrect </li>
<li> een T-verdeling met 39 vrijheidsgraden <br /> een T-verdeling met 39 vrijheidsgraden: Incorrect </li>
</ul>
</modalFeedback>
</assessmentItem>
