<?xml version="1.0" encoding="utf-8" standalone="yes"?>
<assessmentItem identifier="vufgb-multicolinearity-002-en-tv_202307180612_item_1_schoice" title="vufgb-multicolinearity-002-en-tv_202307180612_item_1_schoice_vufgb-multicolinearity-002-en" adaptive="false" timeDependent="false" toolName="Testvision Online" toolVersion="39.0.9084" xmlns="http://www.imsglobal.org/xsd/imsqti_v2p1">
<responseDeclaration identifier="RESPONSE" cardinality="single" baseType="identifier">
<correctResponse>
<value>alt_917474</value>
</correctResponse>
<mapping defaultValue="0" lowerBound="0.0">
<mapEntry mapKey="alt_595122" mappedValue="-0.333333333333333"/>
<mapEntry mapKey="alt_917474" mappedValue="1"/>
<mapEntry mapKey="alt_414813" mappedValue="-0.333333333333333"/>
<mapEntry mapKey="alt_153781" mappedValue="-0.333333333333333"/>
</mapping>
</responseDeclaration>
<outcomeDeclaration identifier="SCORE" cardinality="single" baseType="float" normalMaximum="1" normalMinimum="0" />
<outcomeDeclaration identifier="FEEDBACK" cardinality="single" baseType="identifier" />
<itemBody>
<p>What is a solution for multicollinearity between two quantitative predictors?</p>
<choiceInteraction responseIdentifier="RESPONSE" shuffle="false" maxChoices="1">
<simpleChoice identifier="alt_595122">
<div class="textblock tvblock tvcss_1"><div class="rte_zone tveditor1">
 Categorize the variables into groups.
</div>
</div>
</simpleChoice>
<simpleChoice identifier="alt_917474">
<div class="textblock tvblock tvcss_1"><div class="rte_zone tveditor1">
 Combine the variables by making an index or sum.
</div>
</div>
</simpleChoice>
<simpleChoice identifier="alt_414813">
<div class="textblock tvblock tvcss_1"><div class="rte_zone tveditor1">
 Choose another dependent variable for the model.
</div>
</div>
</simpleChoice>
<simpleChoice identifier="alt_153781">
<div class="textblock tvblock tvcss_1"><div class="rte_zone tveditor1">
 First center the dependent variable in the model.
</div>
</div>
</simpleChoice>
</choiceInteraction>
</itemBody>
<responseProcessing>
<responseCondition>
<responseIf>
<isNull>
<variable identifier="RESPONSE"/>
</isNull>
<setOutcomeValue identifier="SCORE">
<baseValue baseType="float">0.0</baseValue>
</setOutcomeValue>
<setOutcomeValue identifier="FEEDBACK">
<baseValue baseType="identifier">FAILURE</baseValue>
</setOutcomeValue>
</responseIf>
<responseElse>
<setOutcomeValue identifier="SCORE">
<mapResponse identifier="RESPONSE"/>
</setOutcomeValue>
<responseCondition>
<responseIf>
<equal toleranceMode="relative" tolerance="0.001">
<variable identifier="SCORE"/>
<variable identifier="MAXSCORE"/>
</equal>
<setOutcomeValue identifier="FEEDBACK">
<baseValue baseType="identifier">ANSWER_CORRECT</baseValue>
</setOutcomeValue>
</responseIf>
<responseElse>
<setOutcomeValue identifier="FEEDBACK">
<baseValue baseType="identifier">FAILURE</baseValue>
</setOutcomeValue>
</responseElse>
</responseCondition>
</responseElse>
</responseCondition>
</responseProcessing>
<modalFeedback identifier="FAILURE" outcomeIdentifier="FEEDBACK" showHide="show">
<div class="textblock tvblock tvcss_1"><div class="rte_zone tveditor1">
 Categorize the variables into groups. <br /> Incorrect 
 Combine the variables by making an index or sum. <br /> Correct 
 Choose another dependent variable for the model. <br /> Incorrect 
 First center the dependent variable in the model. <br /> Incorrect 
</div>
</div>
</modalFeedback>
<modalFeedback identifier="ANSWER_CORRECT" outcomeIdentifier="FEEDBACK" showHide="show">
<div class="textblock tvblock tvcss_1"><div class="rte_zone tveditor1">
 Categorize the variables into groups. <br /> Incorrect 
 Combine the variables by making an index or sum. <br /> Correct 
 Choose another dependent variable for the model. <br /> Incorrect 
 First center the dependent variable in the model. <br /> Incorrect 
</div>
</div>
</modalFeedback>
<modalFeedback identifier="PARTIAL_CORRECT" outcomeIdentifier="FEEDBACK" showHide="show">
<div class="textblock tvblock tvcss_1"><div class="rte_zone tveditor1">
 Categorize the variables into groups. <br /> Incorrect 
 Combine the variables by making an index or sum. <br /> Correct 
 Choose another dependent variable for the model. <br /> Incorrect 
 First center the dependent variable in the model. <br /> Incorrect 
</div>
</div>
</modalFeedback>
</assessmentItem>
