<?xml version="1.0" encoding="UTF-8"?>
<assessmentItem xsi:schemaLocation="http://www.imsglobal.org/xsd/imsqti_v2p1 http://www.imsglobal.org/xsd/qti/qtiv2p1/imsqti_v2p1p1.xsd http://www.w3.org/1998/Math/MathML http://www.w3.org/Math/XMLSchema/mathml2/mathml2.xsd" identifier="vufgb-normal-001-nl-ans_151908290_section_1_item_1_schoice" title="Distributions_vufgb-normal-001-nl_vufgb-normal-001-nl_schoice_1" adaptive="false" timeDependent="false" xmlns="http://www.imsglobal.org/xsd/imsqti_v2p1" xmlns:xsi="http://www.w3.org/2001/XMLSchema-instance">
<responseDeclaration identifier="vufgb-normal-001-nl-ans_151908290_section_1_item_1_schoice_RESPONSE_1_8742210" cardinality="single" baseType="identifier">
<correctResponse>
<value>vufgb-normal-001-nl-ans_151908290_section_1_item_1_schoice_2_5266832912</value>
</correctResponse>
<mapping defaultValue="0" lowerBound="0.0">
<mapEntry mapKey="vufgb-normal-001-nl-ans_151908290_section_1_item_1_schoice_1_2127713977" mappedValue="0"/>
<mapEntry mapKey="vufgb-normal-001-nl-ans_151908290_section_1_item_1_schoice_2_5266832912" mappedValue="1"/>
<mapEntry mapKey="vufgb-normal-001-nl-ans_151908290_section_1_item_1_schoice_3_9023942467" mappedValue="0"/>
<mapEntry mapKey="vufgb-normal-001-nl-ans_151908290_section_1_item_1_schoice_4_7866843980" mappedValue="0"/>
</mapping>
</responseDeclaration>
<outcomeDeclaration identifier="SCORE" cardinality="single" baseType="float" normalMaximum="1" normalMinimum="0">
<defaultValue>
<value>0.0</value>
</defaultValue>
</outcomeDeclaration>
<outcomeDeclaration identifier="MAXSCORE" cardinality="single" baseType="float">
<defaultValue>
<value>1</value>
</defaultValue>
</outcomeDeclaration>
<outcomeDeclaration identifier="FEEDBACKBASIC" cardinality="single" baseType="identifier" view="testConstructor">
<defaultValue>
<value>empty</value>
</defaultValue>
</outcomeDeclaration>
<outcomeDeclaration identifier="FEEDBACKMODAL" cardinality="multiple" baseType="identifier" view="testConstructor"/>
<outcomeDeclaration identifier="SOLUTIONMODAL" cardinality="single" baseType="identifier" view="testConstructor"/>
<outcomeDeclaration identifier="MINSCORE" cardinality="single" baseType="float">
<defaultValue>
<value baseType="float">0</value>
</defaultValue>
</outcomeDeclaration>
<outcomeDeclaration identifier="SCORE_RESPONSE_1" cardinality="single" baseType="float">
<defaultValue>
<value>0.0</value>
</defaultValue>
</outcomeDeclaration>
<outcomeDeclaration identifier="MINSCORE_RESPONSE_1" cardinality="single" baseType="float">
<defaultValue>
<value>0.0</value>
</defaultValue>
</outcomeDeclaration>
<itemBody>
<p>Uit onderzoek is gebleken dat de intelligentie in Nederlander normaal verdeeld is. De gemiddelde IQ-score is 100 met een standaarddeviatie van 15. Maaike heeft een IQ-score van 92.5. Hoeveel procent van de Nederlanders zal een hogere IQ-score hebben dan Maaike?</p>
<choiceInteraction responseIdentifier="vufgb-normal-001-nl-ans_151908290_section_1_item_1_schoice_RESPONSE_1_8742210" shuffle="false" maxChoices="1">
<simpleChoice identifier="vufgb-normal-001-nl-ans_151908290_section_1_item_1_schoice_1_2127713977">
<p>
 48.01%
</p>
</simpleChoice>
<simpleChoice identifier="vufgb-normal-001-nl-ans_151908290_section_1_item_1_schoice_2_5266832912">
<p>
 69.15%
</p>
</simpleChoice>
<simpleChoice identifier="vufgb-normal-001-nl-ans_151908290_section_1_item_1_schoice_3_9023942467">
<p>
 30.85%
</p>
</simpleChoice>
<simpleChoice identifier="vufgb-normal-001-nl-ans_151908290_section_1_item_1_schoice_4_7866843980">
<p>
 51.99%
</p>
</simpleChoice>
</choiceInteraction>
</itemBody>
<responseProcessing>
<setOutcomeValue identifier="SCORE_RESPONSE_1">
<sum>
<variable identifier="SCORE_RESPONSE_1"/>
<mapResponse identifier="vufgb-normal-001-nl-ans_151908290_section_1_item_1_schoice_RESPONSE_1_8742210"/>
</sum>
</setOutcomeValue>
<responseCondition>
<responseIf>
<lt>
<variable identifier="SCORE_RESPONSE_1"/>
<variable identifier="MINSCORE_RESPONSE_1"/>
</lt>
<setOutcomeValue identifier="SCORE_RESPONSE_1">
<variable identifier="MINSCORE_RESPONSE_1"/>
</setOutcomeValue>
</responseIf>
</responseCondition>
<responseCondition>
<responseIf>
<isNull>
<variable identifier="vufgb-normal-001-nl-ans_151908290_section_1_item_1_schoice_RESPONSE_1_8742210"/>
</isNull>
<setOutcomeValue identifier="SCORE_RESPONSE_1">
<sum>
<variable identifier="SCORE_RESPONSE_1"/>
<baseValue baseType="float">0</baseValue>
</sum>
</setOutcomeValue>
</responseIf>
</responseCondition>
<setOutcomeValue identifier="SCORE">
<sum>
<variable identifier="SCORE_RESPONSE_1"/>
</sum>
</setOutcomeValue>
<responseCondition>
<responseIf>
<lt>
<variable identifier="SCORE"/>
<variable identifier="MINSCORE"/>
</lt>
<setOutcomeValue identifier="SCORE">
<variable identifier="MINSCORE"/>
</setOutcomeValue>
</responseIf>
</responseCondition>
<responseCondition>
<responseIf>
<lt>
<variable identifier="SCORE"/>
<baseValue baseType="float">1</baseValue>
</lt>
<setOutcomeValue identifier="FEEDBACKMODAL">
<multiple>
<variable identifier="FEEDBACKMODAL"/>
<baseValue baseType="identifier">Feedback742955682</baseValue>
</multiple>
</setOutcomeValue>
</responseIf>
</responseCondition>
</responseProcessing>
<modalFeedback outcomeIdentifier="FEEDBACK" showHide="show" identifier="incorrect">
</modalFeedback>
</assessmentItem>
