<?xml version="1.0" encoding="utf-8" standalone="yes"?>
<assessmentItem identifier="eur-descriptive-108-nl-tv_202601131820_item_1_num" title="eur-descriptive-108-nl-tv_202601131820_item_1_num_eur-descriptive-108-nl" adaptive="false" timeDependent="false" toolName="Testvision Online" toolVersion="39.0.9084" xmlns="http://www.imsglobal.org/xsd/imsqti_v2p1"> <responseDeclaration identifier="RESPONSE" cardinality="multiple" baseType="float"> <correctResponse> <value>0.738</value> <value>0.728;0.748</value> </correctResponse> </responseDeclaration> <outcomeDeclaration identifier="SCORE" cardinality="single" baseType="float" normalMaximum="1" normalMinimum="0" /> <outcomeDeclaration identifier="FEEDBACK" cardinality="single" baseType="identifier" /> <stylesheet href="css/eur-descriptive-108-nl-tv_202601131820_item_1_num.css" type="text/css" /> <itemBody> <p>Hieronder staan de scores van zes studenten op het tentamen van vak 1.1 (sociale psychologie) en het tentamen van vak 1.3 (statistiek). Bereken de covariantie tussen de tentamenscores van vak 1.1 en vak 1.3.</p> <table> <thead> <tr class="header"> <th class="recss_5">Students</th> <th class="recss_5">Exam Course 1.1</th> <th class="recss_5">Exam Course 1.3</th> </tr> </thead> <tbody> <tr class="odd"> <td class="recss_5">1</td> <td class="recss_5">7.5</td> <td class="recss_5">6.8</td> </tr> <tr class="even"> <td class="recss_5">2</td> <td class="recss_5">6.2</td> <td class="recss_5">5.4</td> </tr> <tr class="odd"> <td class="recss_5">3</td> <td class="recss_5">5.2</td> <td class="recss_5">7.6</td> </tr> <tr class="even"> <td class="recss_5">4</td> <td class="recss_5">8.2</td> <td class="recss_5">7.6</td> </tr> <tr class="odd"> <td class="recss_5">5</td> <td class="recss_5">9.2</td> <td class="recss_5">8.4</td> </tr> <tr class="even"> <td class="recss_5">6</td> <td class="recss_5">6.9</td> <td class="recss_5">4.7</td> </tr> </tbody> </table> <extendedTextInteraction responseIdentifier="RESPONSE"/> </itemBody> <responseProcessing> <responseCondition> <responseIf> <isNull> <variable identifier="RESPONSE"/> </isNull> <setOutcomeValue identifier="SCORE"> <baseValue baseType="float">0.0</baseValue> </setOutcomeValue> <setOutcomeValue identifier="FEEDBACK"> <baseValue baseType="identifier">FAILURE</baseValue> </setOutcomeValue> </responseIf> <responseElse> <responseCondition> <responseIf> <match> <variable identifier="RESPONSE"/> <correct identifier="RESPONSE"/> </match> <setOutcomeValue identifier="SCORE"> <baseValue baseType="float">1</baseValue> </setOutcomeValue> </responseIf> <responseElse> <setOutcomeValue identifier="SCORE"> <baseValue baseType="float">0</baseValue> </setOutcomeValue> </responseElse> </responseCondition> <responseCondition> <responseIf> <equal toleranceMode="relative" tolerance="0.001"> <variable identifier="SCORE"/> <variable identifier="MAXSCORE"/> </equal> <setOutcomeValue identifier="FEEDBACK"> <baseValue baseType="identifier">ANSWER_CORRECT</baseValue> </setOutcomeValue> </responseIf> <responseElse> <setOutcomeValue identifier="FEEDBACK"> <baseValue baseType="identifier">FAILURE</baseValue> </setOutcomeValue> </responseElse> </responseCondition> </responseElse> </responseCondition> </responseProcessing> <modalFeedback identifier="FAILURE" outcomeIdentifier="FEEDBACK" showHide="show"> <div class="textblock tvblock tvcss_1"><div class="rte_zone tveditor1"> <div class="line-block">    |Students |Exam Course 1.1 |Exam Course 1.3 |Product</div> <table> <thead> <tr class="header"> <th class="recss_8">deviation 1.1 – deviation 1.3</th> <th class="recss_8"></th> <th class="recss_8"></th> <th class="recss_8"></th> <th class="recss_8"></th> </tr> </thead> <tbody> <tr class="odd"> <td class="recss_8"></td> <td class="recss_8">1</td> <td class="recss_8">7.5</td> <td class="recss_8">6.8</td> <td class="recss_8">(7.5 ‐ 7.2)(6.8 ‐ 6.75)</td> </tr> <tr class="even"> <td class="recss_8"></td> <td class="recss_8">2</td> <td class="recss_8">6.2</td> <td class="recss_8">5.4</td> <td class="recss_8">(6.2 ‐ 7.2)(5.4 ‐ 6.75)</td> </tr> <tr class="odd"> <td class="recss_8"></td> <td class="recss_8">3</td> <td class="recss_8">5.2</td> <td class="recss_8">7.6</td> <td class="recss_8">(5.2 ‐ 7.2)(7.6 ‐ 6.75)</td> </tr> <tr class="even"> <td class="recss_8"></td> <td class="recss_8">4</td> <td class="recss_8">8.2</td> <td class="recss_8">7.6</td> <td class="recss_8">(8.2 ‐ 7.2)(7.6 ‐ 6.75)</td> </tr> <tr class="odd"> <td class="recss_8"></td> <td class="recss_8">5</td> <td class="recss_8">9.2</td> <td class="recss_8">8.4</td> <td class="recss_8">(9.2 ‐ 7.2)(8.4 ‐ 6.75)</td> </tr> <tr class="even"> <td class="recss_8"></td> <td class="recss_8">6</td> <td class="recss_8">6.9</td> <td class="recss_8">4.7</td> <td class="recss_8">(6.9 ‐ 7.2)(4.7 ‐ 6.75)</td> </tr> <tr class="odd"> <td class="recss_8">Sum</td> <td class="recss_8"></td> <td class="recss_8">43.2</td> <td class="recss_8">40.5</td> <td class="recss_8">4.43</td> </tr> <tr class="even"> <td class="recss_8">Mean</td> <td class="recss_8"></td> <td class="recss_8">7.2</td> <td class="recss_8">6.75</td> <td class="recss_8">0.738</td> </tr> </tbody> </table> <p>Het gemiddelde wordt berekend door de scores op het examen bij elkaar op te tellen en deze som te delen door het aantal deelnemers:</p> <p>Gemiddelde examen 1.1 = <math display="inline" xmlns="http://www.w3.org/1998/Math/MathML"><semantics><mrow><mfrac><mn>43.20</mn><mn>6</mn></mfrac><mo>=</mo><mn>7.20</mn></mrow><annotation encoding="application/x-tex">\frac{43.20}{6} = 7.20</annotation></semantics></math></p> <p>Gemiddeld examen 1,3 = <math display="inline" xmlns="http://www.w3.org/1998/Math/MathML"><semantics><mrow><mfrac><mn>40.50</mn><mn>6</mn></mfrac><mo>=</mo><mn>6.75</mn></mrow><annotation encoding="application/x-tex">\frac{40.50}{6} = 6.75</annotation></semantics></math></p> <p>De covariantie wordt berekend door het product van de afwijkingsscores op te tellen en te delen door N: Covariantie Examen 1.1, Examen 1.3: <math display="inline" xmlns="http://www.w3.org/1998/Math/MathML"><semantics><mrow><mi>C</mi><mi>o</mi><msub><mi>v</mi><mrow><mi>E</mi><mn>1.1</mn><mo>,</mo><mi>E</mi><mn>1.3</mn></mrow></msub><mfrac><mn>4.43</mn><mn>6</mn></mfrac><mo>=</mo><mn>0.738</mn></mrow><annotation encoding="application/x-tex">Cov_{E1.1, E1.3} \frac{4.43}{6}=0.738</annotation></semantics></math></p> </div> </div> </modalFeedback> <modalFeedback identifier="ANSWER_CORRECT" outcomeIdentifier="FEEDBACK" showHide="show"> <div class="textblock tvblock tvcss_1"><div class="rte_zone tveditor1"> <div class="line-block">    |Students |Exam Course 1.1 |Exam Course 1.3 |Product</div> <table> <thead> <tr class="header"> <th class="recss_8">deviation 1.1 – deviation 1.3</th> <th class="recss_8"></th> <th class="recss_8"></th> <th class="recss_8"></th> <th class="recss_8"></th> </tr> </thead> <tbody> <tr class="odd"> <td class="recss_8"></td> <td class="recss_8">1</td> <td class="recss_8">7.5</td> <td class="recss_8">6.8</td> <td class="recss_8">(7.5 ‐ 7.2)(6.8 ‐ 6.75)</td> </tr> <tr class="even"> <td class="recss_8"></td> <td class="recss_8">2</td> <td class="recss_8">6.2</td> <td class="recss_8">5.4</td> <td class="recss_8">(6.2 ‐ 7.2)(5.4 ‐ 6.75)</td> </tr> <tr class="odd"> <td class="recss_8"></td> <td class="recss_8">3</td> <td class="recss_8">5.2</td> <td class="recss_8">7.6</td> <td class="recss_8">(5.2 ‐ 7.2)(7.6 ‐ 6.75)</td> </tr> <tr class="even"> <td class="recss_8"></td> <td class="recss_8">4</td> <td class="recss_8">8.2</td> <td class="recss_8">7.6</td> <td class="recss_8">(8.2 ‐ 7.2)(7.6 ‐ 6.75)</td> </tr> <tr class="odd"> <td class="recss_8"></td> <td class="recss_8">5</td> <td class="recss_8">9.2</td> <td class="recss_8">8.4</td> <td class="recss_8">(9.2 ‐ 7.2)(8.4 ‐ 6.75)</td> </tr> <tr class="even"> <td class="recss_8"></td> <td class="recss_8">6</td> <td class="recss_8">6.9</td> <td class="recss_8">4.7</td> <td class="recss_8">(6.9 ‐ 7.2)(4.7 ‐ 6.75)</td> </tr> <tr class="odd"> <td class="recss_8">Sum</td> <td class="recss_8"></td> <td class="recss_8">43.2</td> <td class="recss_8">40.5</td> <td class="recss_8">4.43</td> </tr> <tr class="even"> <td class="recss_8">Mean</td> <td class="recss_8"></td> <td class="recss_8">7.2</td> <td class="recss_8">6.75</td> <td class="recss_8">0.738</td> </tr> </tbody> </table> <p>Het gemiddelde wordt berekend door de scores op het examen bij elkaar op te tellen en deze som te delen door het aantal deelnemers:</p> <p>Gemiddelde examen 1.1 = <math display="inline" xmlns="http://www.w3.org/1998/Math/MathML"><semantics><mrow><mfrac><mn>43.20</mn><mn>6</mn></mfrac><mo>=</mo><mn>7.20</mn></mrow><annotation encoding="application/x-tex">\frac{43.20}{6} = 7.20</annotation></semantics></math></p> <p>Gemiddeld examen 1,3 = <math display="inline" xmlns="http://www.w3.org/1998/Math/MathML"><semantics><mrow><mfrac><mn>40.50</mn><mn>6</mn></mfrac><mo>=</mo><mn>6.75</mn></mrow><annotation encoding="application/x-tex">\frac{40.50}{6} = 6.75</annotation></semantics></math></p> <p>De covariantie wordt berekend door het product van de afwijkingsscores op te tellen en te delen door N: Covariantie Examen 1.1, Examen 1.3: <math display="inline" xmlns="http://www.w3.org/1998/Math/MathML"><semantics><mrow><mi>C</mi><mi>o</mi><msub><mi>v</mi><mrow><mi>E</mi><mn>1.1</mn><mo>,</mo><mi>E</mi><mn>1.3</mn></mrow></msub><mfrac><mn>4.43</mn><mn>6</mn></mfrac><mo>=</mo><mn>0.738</mn></mrow><annotation encoding="application/x-tex">Cov_{E1.1, E1.3} \frac{4.43}{6}=0.738</annotation></semantics></math></p> </div> </div> </modalFeedback> <modalFeedback identifier="PARTIAL_CORRECT" outcomeIdentifier="FEEDBACK" showHide="show"> <div class="textblock tvblock tvcss_1"><div class="rte_zone tveditor1"> <div class="line-block">    |Students |Exam Course 1.1 |Exam Course 1.3 |Product</div> <table> <thead> <tr class="header"> <th class="recss_8">deviation 1.1 – deviation 1.3</th> <th class="recss_8"></th> <th class="recss_8"></th> <th class="recss_8"></th> <th class="recss_8"></th> </tr> </thead> <tbody> <tr class="odd"> <td class="recss_8"></td> <td class="recss_8">1</td> <td class="recss_8">7.5</td> <td class="recss_8">6.8</td> <td class="recss_8">(7.5 ‐ 7.2)(6.8 ‐ 6.75)</td> </tr> <tr class="even"> <td class="recss_8"></td> <td class="recss_8">2</td> <td class="recss_8">6.2</td> <td class="recss_8">5.4</td> <td class="recss_8">(6.2 ‐ 7.2)(5.4 ‐ 6.75)</td> </tr> <tr class="odd"> <td class="recss_8"></td> <td class="recss_8">3</td> <td class="recss_8">5.2</td> <td class="recss_8">7.6</td> <td class="recss_8">(5.2 ‐ 7.2)(7.6 ‐ 6.75)</td> </tr> <tr class="even"> <td class="recss_8"></td> <td class="recss_8">4</td> <td class="recss_8">8.2</td> <td class="recss_8">7.6</td> <td class="recss_8">(8.2 ‐ 7.2)(7.6 ‐ 6.75)</td> </tr> <tr class="odd"> <td class="recss_8"></td> <td class="recss_8">5</td> <td class="recss_8">9.2</td> <td class="recss_8">8.4</td> <td class="recss_8">(9.2 ‐ 7.2)(8.4 ‐ 6.75)</td> </tr> <tr class="even"> <td class="recss_8"></td> <td class="recss_8">6</td> <td class="recss_8">6.9</td> <td class="recss_8">4.7</td> <td class="recss_8">(6.9 ‐ 7.2)(4.7 ‐ 6.75)</td> </tr> <tr class="odd"> <td class="recss_8">Sum</td> <td class="recss_8"></td> <td class="recss_8">43.2</td> <td class="recss_8">40.5</td> <td class="recss_8">4.43</td> </tr> <tr class="even"> <td class="recss_8">Mean</td> <td class="recss_8"></td> <td class="recss_8">7.2</td> <td class="recss_8">6.75</td> <td class="recss_8">0.738</td> </tr> </tbody> </table> <p>Het gemiddelde wordt berekend door de scores op het examen bij elkaar op te tellen en deze som te delen door het aantal deelnemers:</p> <p>Gemiddelde examen 1.1 = <math display="inline" xmlns="http://www.w3.org/1998/Math/MathML"><semantics><mrow><mfrac><mn>43.20</mn><mn>6</mn></mfrac><mo>=</mo><mn>7.20</mn></mrow><annotation encoding="application/x-tex">\frac{43.20}{6} = 7.20</annotation></semantics></math></p> <p>Gemiddeld examen 1,3 = <math display="inline" xmlns="http://www.w3.org/1998/Math/MathML"><semantics><mrow><mfrac><mn>40.50</mn><mn>6</mn></mfrac><mo>=</mo><mn>6.75</mn></mrow><annotation encoding="application/x-tex">\frac{40.50}{6} = 6.75</annotation></semantics></math></p> <p>De covariantie wordt berekend door het product van de afwijkingsscores op te tellen en te delen door N: Covariantie Examen 1.1, Examen 1.3: <math display="inline" xmlns="http://www.w3.org/1998/Math/MathML"><semantics><mrow><mi>C</mi><mi>o</mi><msub><mi>v</mi><mrow><mi>E</mi><mn>1.1</mn><mo>,</mo><mi>E</mi><mn>1.3</mn></mrow></msub><mfrac><mn>4.43</mn><mn>6</mn></mfrac><mo>=</mo><mn>0.738</mn></mrow><annotation encoding="application/x-tex">Cov_{E1.1, E1.3} \frac{4.43}{6}=0.738</annotation></semantics></math></p> </div> </div> </modalFeedback> </assessmentItem>
