<?xml version="1.0" encoding="utf-8" standalone="yes"?>
<assessmentItem identifier="vufsw-moderation-1356-en-tv_202510071724_item_1_schoice" title="vufsw-moderation-1356-en-tv_202510071724_item_1_schoice_vufsw-moderation-1356-en" adaptive="false" timeDependent="false" toolName="Testvision Online" toolVersion="39.0.9084" xmlns="http://www.imsglobal.org/xsd/imsqti_v2p1">
<responseDeclaration identifier="RESPONSE" cardinality="single" baseType="identifier">
<correctResponse>
<value>alt_626970</value>
</correctResponse>
<mapping defaultValue="0" lowerBound="0.0">
<mapEntry mapKey="alt_718638" mappedValue="-0.333333333333333"/>
<mapEntry mapKey="alt_411482" mappedValue="-0.333333333333333"/>
<mapEntry mapKey="alt_325992" mappedValue="-0.333333333333333"/>
<mapEntry mapKey="alt_626970" mappedValue="1"/>
</mapping>
</responseDeclaration>
<outcomeDeclaration identifier="SCORE" cardinality="single" baseType="float" normalMaximum="1" normalMinimum="0" />
<outcomeDeclaration identifier="FEEDBACK" cardinality="single" baseType="identifier" />
<stylesheet href="css/vufsw-moderation-1356-en-tv_202510071724_item_1_schoice.css" type="text/css" />
<itemBody>
<p>Field describes a study on the growing interest in cosmetic surgical treatments. He collected data on the quality of life among a sample of respondents some of whom some had undergone cosmetic surgery and some were still on the waiting list for it. waiting list for it (variable: surgery: 0 = waiting list, 1 = cosmetic surgery). It measured the quality of life at registration for the cosmetic surgery, the “baseline” quality of life (variable: Base_Qol, scale 0-1, a higher score means higher quality of quality of life) and after a while, after the surgery had taken place for those who underwent the surgery immediately, but also at the same time for the group who were still on the waiting list (variable: Post_Qol, scale 0-100, a higher score means a higher quality of life).</p>
<p>Below are the results of a regression analysis with the post-measurement of quality of life as the dependent variable (Post-QOL), and in which having or not having undergone the cosmetic surgery (Surgery) and the “baseline” quality of life (Base_Qol) in the model are included. Moreover, in model 2, the interaction between ‘surgery’ and ‘baseline’ quality of life were added to the model (Base_Qol_surgery).</p>
<p><img src="mediafiles/supplements1/1602953152623.png" alt="image"/></p>
<p>According to <strong>model 2</strong>, how much higher or lower is the quality of life (Post_Qol) of the group who underwent the cosmetic surgery than that of the group still on the waiting list, for those with a very low (0) the “baseline” quality of life?</p>
<choiceInteraction responseIdentifier="RESPONSE" shuffle="false" maxChoices="1">
<simpleChoice identifier="alt_718638">
<div class="textblock tvblock tvcss_1"><div class="rte_zone tveditor1">
 31,142 points lower on the 0-100 scale of Post_Qol
</div>
</div>
</simpleChoice>
<simpleChoice identifier="alt_411482">
<div class="textblock tvblock tvcss_1"><div class="rte_zone tveditor1">
 8,494 points higher on the 0-100 scale of Post_Qol
</div>
</div>
</simpleChoice>
<simpleChoice identifier="alt_325992">
<div class="textblock tvblock tvcss_1"><div class="rte_zone tveditor1">
 26,382 points higher on the 0-100 scale of Post_Qol
</div>
</div>
</simpleChoice>
<simpleChoice identifier="alt_626970">
<div class="textblock tvblock tvcss_1"><div class="rte_zone tveditor1">
 17,888 points higher on the 0-100 scale of Post_Qol
</div>
</div>
</simpleChoice>
</choiceInteraction>
</itemBody>
<responseProcessing>
<responseCondition>
<responseIf>
<isNull>
<variable identifier="RESPONSE"/>
</isNull>
<setOutcomeValue identifier="SCORE">
<baseValue baseType="float">0.0</baseValue>
</setOutcomeValue>
<setOutcomeValue identifier="FEEDBACK">
<baseValue baseType="identifier">FAILURE</baseValue>
</setOutcomeValue>
</responseIf>
<responseElse>
<setOutcomeValue identifier="SCORE">
<mapResponse identifier="RESPONSE"/>
</setOutcomeValue>
<responseCondition>
<responseIf>
<equal toleranceMode="relative" tolerance="0.001">
<variable identifier="SCORE"/>
<variable identifier="MAXSCORE"/>
</equal>
<setOutcomeValue identifier="FEEDBACK">
<baseValue baseType="identifier">ANSWER_CORRECT</baseValue>
</setOutcomeValue>
</responseIf>
<responseElse>
<setOutcomeValue identifier="FEEDBACK">
<baseValue baseType="identifier">FAILURE</baseValue>
</setOutcomeValue>
</responseElse>
</responseCondition>
</responseElse>
</responseCondition>
</responseProcessing>
<modalFeedback identifier="FAILURE" outcomeIdentifier="FEEDBACK" showHide="show">
<div class="textblock tvblock tvcss_1"><div class="rte_zone tveditor1">
<ul>
<li> 31,142 points lower on the 0-100 scale of Post_Qol <br /> False </li>
<li> 8,494 points higher on the 0-100 scale of Post_Qol <br /> False </li>
<li> 26,382 points higher on the 0-100 scale of Post_Qol <br /> False </li>
<li> 17,888 points higher on the 0-100 scale of Post_Qol <br /> True </li>
</ul>
</div>
</div>
</modalFeedback>
<modalFeedback identifier="ANSWER_CORRECT" outcomeIdentifier="FEEDBACK" showHide="show">
<div class="textblock tvblock tvcss_1"><div class="rte_zone tveditor1">
<ul>
<li> 31,142 points lower on the 0-100 scale of Post_Qol <br /> False </li>
<li> 8,494 points higher on the 0-100 scale of Post_Qol <br /> False </li>
<li> 26,382 points higher on the 0-100 scale of Post_Qol <br /> False </li>
<li> 17,888 points higher on the 0-100 scale of Post_Qol <br /> True </li>
</ul>
</div>
</div>
</modalFeedback>
<modalFeedback identifier="PARTIAL_CORRECT" outcomeIdentifier="FEEDBACK" showHide="show">
<div class="textblock tvblock tvcss_1"><div class="rte_zone tveditor1">
<ul>
<li> 31,142 points lower on the 0-100 scale of Post_Qol <br /> False </li>
<li> 8,494 points higher on the 0-100 scale of Post_Qol <br /> False </li>
<li> 26,382 points higher on the 0-100 scale of Post_Qol <br /> False </li>
<li> 17,888 points higher on the 0-100 scale of Post_Qol <br /> True </li>
</ul>
</div>
</div>
</modalFeedback>
</assessmentItem>
