<?xml version="1.0" encoding="UTF-8"?>
<assessmentItem xsi:schemaLocation="http://www.imsglobal.org/xsd/imsqti_v2p1 http://www.imsglobal.org/xsd/qti/qtiv2p1/imsqti_v2p1p1.xsd http://www.w3.org/1998/Math/MathML http://www.w3.org/Math/XMLSchema/mathml2/mathml2.xsd" identifier="uva-confidence-level-104-en-qti_177832799_section_1_item_1_schoice" title="1" adaptive="false" timeDependent="false" xmlns="http://www.imsglobal.org/xsd/imsqti_v2p1" xmlns:xsi="http://www.w3.org/2001/XMLSchema-instance">
<responseDeclaration identifier="uva-confidence-level-104-en-qti_177832799_section_1_item_1_schoice_RESPONSE_1_6603738" cardinality="single" baseType="identifier">
<correctResponse>
<value>uva-confidence-level-104-en-qti_177832799_section_1_item_1_schoice_3_1806048045</value>
</correctResponse>
<mapping defaultValue="0" lowerBound="0.0">
<mapEntry mapKey="uva-confidence-level-104-en-qti_177832799_section_1_item_1_schoice_1_2152225457" mappedValue="0"/>
<mapEntry mapKey="uva-confidence-level-104-en-qti_177832799_section_1_item_1_schoice_2_4625342888" mappedValue="0"/>
<mapEntry mapKey="uva-confidence-level-104-en-qti_177832799_section_1_item_1_schoice_3_1806048045" mappedValue="1"/>
</mapping>
</responseDeclaration>
<outcomeDeclaration identifier="SCORE" cardinality="single" baseType="float" normalMaximum="1" normalMinimum="0">
<defaultValue>
<value>0.0</value>
</defaultValue>
</outcomeDeclaration>
<outcomeDeclaration identifier="MAXSCORE" cardinality="single" baseType="float">
<defaultValue>
<value>1</value>
</defaultValue>
</outcomeDeclaration>
<outcomeDeclaration identifier="FEEDBACKBASIC" cardinality="single" baseType="identifier" view="testConstructor">
<defaultValue>
<value>empty</value>
</defaultValue>
</outcomeDeclaration>
<outcomeDeclaration identifier="FEEDBACKMODAL" cardinality="multiple" baseType="identifier" view="testConstructor"/>
<outcomeDeclaration identifier="SOLUTIONMODAL" cardinality="single" baseType="identifier" view="testConstructor"/>
<outcomeDeclaration identifier="MINSCORE" cardinality="single" baseType="float">
<defaultValue>
<value baseType="float">0</value>
</defaultValue>
</outcomeDeclaration>
<outcomeDeclaration identifier="SCORE_RESPONSE_1" cardinality="single" baseType="float">
<defaultValue>
<value>0.0</value>
</defaultValue>
</outcomeDeclaration>
<outcomeDeclaration identifier="MINSCORE_RESPONSE_1" cardinality="single" baseType="float">
<defaultValue>
<value>0.0</value>
</defaultValue>
</outcomeDeclaration>
<itemBody>
<p>Suppose a researcher has four averages for which she wants to calculate multiple comparison Tukey confidence intervals wants to calculate. With four averages a total of six possible differences between averages and therefore six confidence intervals. For comparison, the researcher also calculates comparison also calculates the ordinary 95% confidence intervals. Two of these ordinary 95% confidence intervals are (3; 7) and (12; 16). What are now possible Tukey 95% confidence intervals that correspond to the above two ordinary confidence intervals?</p>
<choiceInteraction responseIdentifier="uva-confidence-level-104-en-qti_177832799_section_1_item_1_schoice_RESPONSE_1_6603738" shuffle="false" maxChoices="1">
<simpleChoice identifier="uva-confidence-level-104-en-qti_177832799_section_1_item_1_schoice_1_2152225457">
<p>
 (3.5; 6.5) and (12.5; 15.5).
</p>
</simpleChoice>
<simpleChoice identifier="uva-confidence-level-104-en-qti_177832799_section_1_item_1_schoice_2_4625342888">
<p>
 (4; 6) and (12.5; 15.5).
</p>
</simpleChoice>
<simpleChoice identifier="uva-confidence-level-104-en-qti_177832799_section_1_item_1_schoice_3_1806048045">
<p>
 (2.5; 7.5) and (11.5; 16.5).
</p>
</simpleChoice>
</choiceInteraction>
</itemBody>
<responseProcessing>
<setOutcomeValue identifier="SCORE_RESPONSE_1">
<sum>
<variable identifier="SCORE_RESPONSE_1"/>
<mapResponse identifier="uva-confidence-level-104-en-qti_177832799_section_1_item_1_schoice_RESPONSE_1_6603738"/>
</sum>
</setOutcomeValue>
<responseCondition>
<responseIf>
<lt>
<variable identifier="SCORE_RESPONSE_1"/>
<variable identifier="MINSCORE_RESPONSE_1"/>
</lt>
<setOutcomeValue identifier="SCORE_RESPONSE_1">
<variable identifier="MINSCORE_RESPONSE_1"/>
</setOutcomeValue>
</responseIf>
</responseCondition>
<responseCondition>
<responseIf>
<isNull>
<variable identifier="uva-confidence-level-104-en-qti_177832799_section_1_item_1_schoice_RESPONSE_1_6603738"/>
</isNull>
<setOutcomeValue identifier="SCORE_RESPONSE_1">
<sum>
<variable identifier="SCORE_RESPONSE_1"/>
<baseValue baseType="float">0</baseValue>
</sum>
</setOutcomeValue>
</responseIf>
</responseCondition>
<setOutcomeValue identifier="SCORE">
<sum>
<variable identifier="SCORE_RESPONSE_1"/>
</sum>
</setOutcomeValue>
<responseCondition>
<responseIf>
<lt>
<variable identifier="SCORE"/>
<variable identifier="MINSCORE"/>
</lt>
<setOutcomeValue identifier="SCORE">
<variable identifier="MINSCORE"/>
</setOutcomeValue>
</responseIf>
</responseCondition>
<responseCondition>
<responseIf>
<lt>
<variable identifier="SCORE"/>
<baseValue baseType="float">1</baseValue>
</lt>
<setOutcomeValue identifier="FEEDBACKMODAL">
<multiple>
<variable identifier="FEEDBACKMODAL"/>
<baseValue baseType="identifier">Feedback541183030</baseValue>
</multiple>
</setOutcomeValue>
</responseIf>
</responseCondition>
</responseProcessing>
<modalFeedback identifier="Feedback541183030" outcomeIdentifier="FEEDBACKMODAL" showHide="show">
<ul>
<li> (3.5; 6.5) and (12.5; 15.5). <br /> (3.5; 6.5) and (12.5; 15.5)…: Incorrect </li>
<li> (4; 6) and (12.5; 15.5). <br /> (4; 6) and (12.5; 15.5)…: Incorrect </li>
<li> (2.5; 7.5) and (11.5; 16.5). <br /> (2.5; 7.5) and (11.5; 16.5): Correct </li>
</ul>
</modalFeedback>
</assessmentItem>
