<?xml version="1.0" encoding="UTF-8"?>
<assessmentItem xsi:schemaLocation="http://www.imsglobal.org/xsd/imsqti_v2p1 http://www.imsglobal.org/xsd/qti/qtiv2p1/imsqti_v2p1p1.xsd http://www.w3.org/1998/Math/MathML http://www.w3.org/Math/XMLSchema/mathml2/mathml2.xsd" identifier="uva-mode-555-en-ans_568746760_section_1_item_1_schoice" title="Descriptive-statistics_uva-mode-555-en_uva-mode-555-en_schoice_1" adaptive="false" timeDependent="false" xmlns="http://www.imsglobal.org/xsd/imsqti_v2p1" xmlns:xsi="http://www.w3.org/2001/XMLSchema-instance">
<responseDeclaration identifier="uva-mode-555-en-ans_568746760_section_1_item_1_schoice_RESPONSE_1_6728841" cardinality="single" baseType="identifier">
<correctResponse>
<value>uva-mode-555-en-ans_568746760_section_1_item_1_schoice_1_6042984287</value>
</correctResponse>
<mapping defaultValue="0" lowerBound="0.0">
<mapEntry mapKey="uva-mode-555-en-ans_568746760_section_1_item_1_schoice_1_6042984287" mappedValue="1"/>
<mapEntry mapKey="uva-mode-555-en-ans_568746760_section_1_item_1_schoice_2_6709540719" mappedValue="0"/>
<mapEntry mapKey="uva-mode-555-en-ans_568746760_section_1_item_1_schoice_3_1299974597" mappedValue="0"/>
<mapEntry mapKey="uva-mode-555-en-ans_568746760_section_1_item_1_schoice_4_8493028561" mappedValue="0"/>
</mapping>
</responseDeclaration>
<outcomeDeclaration identifier="SCORE" cardinality="single" baseType="float" normalMaximum="1" normalMinimum="0">
<defaultValue>
<value>0.0</value>
</defaultValue>
</outcomeDeclaration>
<outcomeDeclaration identifier="MAXSCORE" cardinality="single" baseType="float">
<defaultValue>
<value>1</value>
</defaultValue>
</outcomeDeclaration>
<outcomeDeclaration identifier="FEEDBACKBASIC" cardinality="single" baseType="identifier" view="testConstructor">
<defaultValue>
<value>empty</value>
</defaultValue>
</outcomeDeclaration>
<outcomeDeclaration identifier="FEEDBACKMODAL" cardinality="multiple" baseType="identifier" view="testConstructor"/>
<outcomeDeclaration identifier="SOLUTIONMODAL" cardinality="single" baseType="identifier" view="testConstructor"/>
<outcomeDeclaration identifier="MINSCORE" cardinality="single" baseType="float">
<defaultValue>
<value baseType="float">0</value>
</defaultValue>
</outcomeDeclaration>
<outcomeDeclaration identifier="SCORE_RESPONSE_1" cardinality="single" baseType="float">
<defaultValue>
<value>0.0</value>
</defaultValue>
</outcomeDeclaration>
<outcomeDeclaration identifier="MINSCORE_RESPONSE_1" cardinality="single" baseType="float">
<defaultValue>
<value>0.0</value>
</defaultValue>
</outcomeDeclaration>
<itemBody>
<p>Given a sample with outcomes 27, 25, 28, 27, 29, 25, 19, 25, 29. The mode of this sample is equal to</p>
<choiceInteraction responseIdentifier="uva-mode-555-en-ans_568746760_section_1_item_1_schoice_RESPONSE_1_6728841" shuffle="false" maxChoices="1">
<simpleChoice identifier="uva-mode-555-en-ans_568746760_section_1_item_1_schoice_1_6042984287">
<p>
 25
</p>
</simpleChoice>
<simpleChoice identifier="uva-mode-555-en-ans_568746760_section_1_item_1_schoice_2_6709540719">
<p>
 26
</p>
</simpleChoice>
<simpleChoice identifier="uva-mode-555-en-ans_568746760_section_1_item_1_schoice_3_1299974597">
<p>
 27
</p>
</simpleChoice>
<simpleChoice identifier="uva-mode-555-en-ans_568746760_section_1_item_1_schoice_4_8493028561">
<p>
 29
</p>
</simpleChoice>
</choiceInteraction>
</itemBody>
<responseProcessing>
<setOutcomeValue identifier="SCORE_RESPONSE_1">
<sum>
<variable identifier="SCORE_RESPONSE_1"/>
<mapResponse identifier="uva-mode-555-en-ans_568746760_section_1_item_1_schoice_RESPONSE_1_6728841"/>
</sum>
</setOutcomeValue>
<responseCondition>
<responseIf>
<lt>
<variable identifier="SCORE_RESPONSE_1"/>
<variable identifier="MINSCORE_RESPONSE_1"/>
</lt>
<setOutcomeValue identifier="SCORE_RESPONSE_1">
<variable identifier="MINSCORE_RESPONSE_1"/>
</setOutcomeValue>
</responseIf>
</responseCondition>
<responseCondition>
<responseIf>
<isNull>
<variable identifier="uva-mode-555-en-ans_568746760_section_1_item_1_schoice_RESPONSE_1_6728841"/>
</isNull>
<setOutcomeValue identifier="SCORE_RESPONSE_1">
<sum>
<variable identifier="SCORE_RESPONSE_1"/>
<baseValue baseType="float">0</baseValue>
</sum>
</setOutcomeValue>
</responseIf>
</responseCondition>
<setOutcomeValue identifier="SCORE">
<sum>
<variable identifier="SCORE_RESPONSE_1"/>
</sum>
</setOutcomeValue>
<responseCondition>
<responseIf>
<lt>
<variable identifier="SCORE"/>
<variable identifier="MINSCORE"/>
</lt>
<setOutcomeValue identifier="SCORE">
<variable identifier="MINSCORE"/>
</setOutcomeValue>
</responseIf>
</responseCondition>
<responseCondition>
<responseIf>
<lt>
<variable identifier="SCORE"/>
<baseValue baseType="float">1</baseValue>
</lt>
<setOutcomeValue identifier="FEEDBACKMODAL">
<multiple>
<variable identifier="FEEDBACKMODAL"/>
<baseValue baseType="identifier">Feedback118244040</baseValue>
</multiple>
</setOutcomeValue>
</responseIf>
</responseCondition>
</responseProcessing>
<modalFeedback outcomeIdentifier="FEEDBACK" showHide="show" identifier="incorrect">
<ul>
<li> 25 <br /> 25: Correct </li>
<li> 26 <br /> 26: Incorrect </li>
<li> 27 <br /> 27: Incorrect </li>
<li> 29 <br /> 29: Incorrect </li>
</ul>
</modalFeedback>
</assessmentItem>
