<?xml version="1.0" encoding="utf-8" standalone="yes"?>
<assessmentItem identifier="uva-oneway-anova-568-nl-tv_202403081018_item_1_schoice" title="uva-oneway-anova-568-nl-tv_202403081018_item_1_schoice_uva-oneway-anova-568-nl" adaptive="false" timeDependent="false" toolName="Testvision Online" toolVersion="39.0.9084" xmlns="http://www.imsglobal.org/xsd/imsqti_v2p1">
<responseDeclaration identifier="RESPONSE" cardinality="single" baseType="identifier">
<correctResponse>
<value>alt_577084</value>
</correctResponse>
<mapping defaultValue="0" lowerBound="0.0">
<mapEntry mapKey="alt_434093" mappedValue="-0.333333333333333"/>
<mapEntry mapKey="alt_403924" mappedValue="-0.333333333333333"/>
<mapEntry mapKey="alt_922989" mappedValue="-0.333333333333333"/>
<mapEntry mapKey="alt_577084" mappedValue="1"/>
</mapping>
</responseDeclaration>
<outcomeDeclaration identifier="SCORE" cardinality="single" baseType="float" normalMaximum="1" normalMinimum="0" />
<outcomeDeclaration identifier="FEEDBACK" cardinality="single" baseType="identifier" />
<itemBody>
<p>Hieronder staat een gedeelte van een ANOVA-tabel, behorend bij een
RCB-ANOVA.</p>
<table>
<tbody>
<tr class="odd">
<td align="left">Variatiebron</td>
<td align="left">df</td>
<td align="left">SS</td>
<td align="left">MS</td>
<td align="left">F</td>
</tr>
<tr class="even">
<td align="left">Behandeling</td>
<td align="left">4</td>
<td align="left">48</td>
<td align="left"></td>
<td align="left"></td>
</tr>
<tr class="odd">
<td align="left">Blok</td>
<td align="left">2</td>
<td align="left">22</td>
<td align="left"></td>
<td align="left"></td>
</tr>
<tr class="even">
<td align="left">Error</td>
<td align="left">8</td>
<td align="left">20</td>
<td align="left"></td>
<td align="left"></td>
</tr>
<tr class="odd">
<td align="left">Totaal</td>
<td align="left">14</td>
<td align="left">90</td>
<td align="left"></td>
<td align="left"></td>
</tr>
</tbody>
</table>
<p>Bereken de F-waarde voor het toetsen van het behande-lingseffect.</p>
<choiceInteraction responseIdentifier="RESPONSE" shuffle="false" maxChoices="1">
<simpleChoice identifier="alt_434093">
<div class="textblock tvblock tvcss_1"><div class="rte_zone tveditor1">
 2.2
</div>
</div>
</simpleChoice>
<simpleChoice identifier="alt_403924">
<div class="textblock tvblock tvcss_1"><div class="rte_zone tveditor1">
 2.4
</div>
</div>
</simpleChoice>
<simpleChoice identifier="alt_922989">
<div class="textblock tvblock tvcss_1"><div class="rte_zone tveditor1">
 4.4
</div>
</div>
</simpleChoice>
<simpleChoice identifier="alt_577084">
<div class="textblock tvblock tvcss_1"><div class="rte_zone tveditor1">
 4.8
</div>
</div>
</simpleChoice>
</choiceInteraction>
</itemBody>
<responseProcessing>
<responseCondition>
<responseIf>
<isNull>
<variable identifier="RESPONSE"/>
</isNull>
<setOutcomeValue identifier="SCORE">
<baseValue baseType="float">0.0</baseValue>
</setOutcomeValue>
<setOutcomeValue identifier="FEEDBACK">
<baseValue baseType="identifier">FAILURE</baseValue>
</setOutcomeValue>
</responseIf>
<responseElse>
<setOutcomeValue identifier="SCORE">
<mapResponse identifier="RESPONSE"/>
</setOutcomeValue>
<responseCondition>
<responseIf>
<equal toleranceMode="relative" tolerance="0.001">
<variable identifier="SCORE"/>
<variable identifier="MAXSCORE"/>
</equal>
<setOutcomeValue identifier="FEEDBACK">
<baseValue baseType="identifier">ANSWER_CORRECT</baseValue>
</setOutcomeValue>
</responseIf>
<responseElse>
<setOutcomeValue identifier="FEEDBACK">
<baseValue baseType="identifier">FAILURE</baseValue>
</setOutcomeValue>
</responseElse>
</responseCondition>
</responseElse>
</responseCondition>
</responseProcessing>
<modalFeedback identifier="FAILURE" outcomeIdentifier="FEEDBACK" showHide="show">
<div class="textblock tvblock tvcss_1"><div class="rte_zone tveditor1">
<p>Het correcte antwoord is:</p>
<ul>
<li>4.8</li>
</ul>
</div>
</div>
</modalFeedback>
<modalFeedback identifier="ANSWER_CORRECT" outcomeIdentifier="FEEDBACK" showHide="show">
<div class="textblock tvblock tvcss_1"><div class="rte_zone tveditor1">
<p>Het correcte antwoord is:</p>
<ul>
<li>4.8</li>
</ul>
</div>
</div>
</modalFeedback>
<modalFeedback identifier="PARTIAL_CORRECT" outcomeIdentifier="FEEDBACK" showHide="show">
<div class="textblock tvblock tvcss_1"><div class="rte_zone tveditor1">
<p>Het correcte antwoord is:</p>
<ul>
<li>4.8</li>
</ul>
</div>
</div>
</modalFeedback>
</assessmentItem>
