<?xml version="1.0" encoding="utf-8" standalone="yes"?>
<assessmentItem identifier="vufgb-tstatistic-006-en-tv_202601131823_item_1_schoice" title="vufgb-tstatistic-006-en-tv_202601131823_item_1_schoice_vufgb-tstatistic-006-en" adaptive="false" timeDependent="false" toolName="Testvision Online" toolVersion="39.0.9084" xmlns="http://www.imsglobal.org/xsd/imsqti_v2p1">
<responseDeclaration identifier="RESPONSE" cardinality="single" baseType="identifier">
<correctResponse>
<value>alt_121703</value>
</correctResponse>
<mapping defaultValue="0" lowerBound="0.0">
<mapEntry mapKey="alt_137607" mappedValue="-0.333333333333333"/>
<mapEntry mapKey="alt_276205" mappedValue="-0.333333333333333"/>
<mapEntry mapKey="alt_113619" mappedValue="-0.333333333333333"/>
<mapEntry mapKey="alt_121703" mappedValue="1"/>
</mapping>
</responseDeclaration>
<outcomeDeclaration identifier="SCORE" cardinality="single" baseType="float" normalMaximum="1" normalMinimum="0" />
<outcomeDeclaration identifier="FEEDBACK" cardinality="single" baseType="identifier" />
<stylesheet href="css/vufgb-tstatistic-006-en-tv_202601131823_item_1_schoice.css" type="text/css" />
<itemBody>
<p>The mean in a sample of 100 people is 2 and the variance is 16. Calculate the <em>t</em> value associated with the test of whether the population mean is equal to 0 or not.</p>
<choiceInteraction responseIdentifier="RESPONSE" shuffle="false" maxChoices="1">
<simpleChoice identifier="alt_137607">
<div class="textblock tvblock tvcss_1"><div class="rte_zone tveditor1">
 0.4
</div>
</div>
</simpleChoice>
<simpleChoice identifier="alt_276205">
<div class="textblock tvblock tvcss_1"><div class="rte_zone tveditor1">
 1.25
</div>
</div>
</simpleChoice>
<simpleChoice identifier="alt_113619">
<div class="textblock tvblock tvcss_1"><div class="rte_zone tveditor1">
 1.6
</div>
</div>
</simpleChoice>
<simpleChoice identifier="alt_121703">
<div class="textblock tvblock tvcss_1"><div class="rte_zone tveditor1">
 5
</div>
</div>
</simpleChoice>
</choiceInteraction>
</itemBody>
<responseProcessing>
<responseCondition>
<responseIf>
<isNull>
<variable identifier="RESPONSE"/>
</isNull>
<setOutcomeValue identifier="SCORE">
<baseValue baseType="float">0.0</baseValue>
</setOutcomeValue>
<setOutcomeValue identifier="FEEDBACK">
<baseValue baseType="identifier">FAILURE</baseValue>
</setOutcomeValue>
</responseIf>
<responseElse>
<setOutcomeValue identifier="SCORE">
<mapResponse identifier="RESPONSE"/>
</setOutcomeValue>
<responseCondition>
<responseIf>
<equal toleranceMode="relative" tolerance="0.001">
<variable identifier="SCORE"/>
<variable identifier="MAXSCORE"/>
</equal>
<setOutcomeValue identifier="FEEDBACK">
<baseValue baseType="identifier">ANSWER_CORRECT</baseValue>
</setOutcomeValue>
</responseIf>
<responseElse>
<setOutcomeValue identifier="FEEDBACK">
<baseValue baseType="identifier">FAILURE</baseValue>
</setOutcomeValue>
</responseElse>
</responseCondition>
</responseElse>
</responseCondition>
</responseProcessing>
<modalFeedback identifier="FAILURE" outcomeIdentifier="FEEDBACK" showHide="show">
<div class="textblock tvblock tvcss_1"><div class="rte_zone tveditor1">
<ul>
<li> 0.4 <br /> Incorrect </li>
<li> 1.25 <br /> Incorrect </li>
<li> 1.6 <br /> Incorrect </li>
<li> 5 <br /> Correct </li>
</ul>
</div>
</div>
</modalFeedback>
<modalFeedback identifier="ANSWER_CORRECT" outcomeIdentifier="FEEDBACK" showHide="show">
<div class="textblock tvblock tvcss_1"><div class="rte_zone tveditor1">
<ul>
<li> 0.4 <br /> Incorrect </li>
<li> 1.25 <br /> Incorrect </li>
<li> 1.6 <br /> Incorrect </li>
<li> 5 <br /> Correct </li>
</ul>
</div>
</div>
</modalFeedback>
<modalFeedback identifier="PARTIAL_CORRECT" outcomeIdentifier="FEEDBACK" showHide="show">
<div class="textblock tvblock tvcss_1"><div class="rte_zone tveditor1">
<ul>
<li> 0.4 <br /> Incorrect </li>
<li> 1.25 <br /> Incorrect </li>
<li> 1.6 <br /> Incorrect </li>
<li> 5 <br /> Correct </li>
</ul>
</div>
</div>
</modalFeedback>
</assessmentItem>
