<?xml version="1.0" encoding="UTF-8"?>
<!DOCTYPE questestinterop SYSTEM "ims_qtiasiv1p2p1.dtd">

<questestinterop xmlns="http://www.imsglobal.org/xsd/ims_qtiasiv1p2" xmlns:xsi="http://www.w3.org/2001/XMLSchema-instance" xsi:schemaLocation="http://www.imsglobal.org/xsd/ims_qtiasiv1p2 http://www.imsglobal.org/xsd/ims_qtiasiv1p2p1.xsd">
<assessment ident="uva-general-rules-1174-en-canvas_770115055" title="uva-general-rules-1174-en-canvas">

<qtimetadata>
<qtimetadatafield>
<fieldlabel>cc_maxattempts</fieldlabel>
<fieldentry>1</fieldentry>
</qtimetadatafield>
<qtimetadatafield>
<fieldlabel>qmd_assessmenttype</fieldlabel>
<fieldentry>Assessment</fieldentry>
</qtimetadatafield>
</qtimetadata>
<objectives>
<material>
<mattext><![CDATA[Please solve the following exercises.]]></mattext>
</material>
</objectives>
<assessmentcontrol feedbackswitch="No" hintswitch="No" solutionswitch="Yes"/>
<outcomes_processing scoremodel="SumOfScores">
<outcomes>
<decvar varname="SCORE" vartype="Decimal" cutvalue="0"/>
</outcomes>
</outcomes_processing>
<assessfeedback title="AssessmentFeedback" ident="AssessmentFeedback">
<flow_mat>
<material>
<mattext>##AssessmentFeedback##</mattext>
</material>
</flow_mat>
</assessfeedback>

<section ident="uva-general-rules-1174-en-canvas_770115055_section_1" title="Exercise">

<objectives>
<material>
<mattext><![CDATA[Please answer the following question.]]></mattext>
</material>
</objectives>
<selection_ordering>
<selection>
<selection_number>1</selection_number>
<selection_extension>
<points_per_item>1</points_per_item>
</selection_extension>
</selection>
<order order_type="Random"/>
</selection_ordering>

<item ident="uva-general-rules-1174-en-canvas_770115055_section_1_item_1_schoice" title="Question" maxattempts="1">
<itemcontrol feedbackswitch="No" hintswitch="No" solutionswitch="Yes"/>
<itemmetadata>
<qtimetadata>
<qtimetadatafield>
<fieldlabel>question_type</fieldlabel>
<fieldentry>multiple_choice_question</fieldentry>
</qtimetadatafield>
</qtimetadata>
</itemmetadata>
<presentation>
<flow>
<material>
<matbreak/>
<mattext texttype="text/html" charset="utf-8"><![CDATA[
<p>You buy 15 lottery tickets for €1 each. With each lottery ticket you have a chance of 0.06 to win €10. Taking into account the cost of the lottery tickets, how likely is it that you will win €10 or more?</p>
]]></mattext>
<matbreak/>
</material>
<response_lid ident="uva-general-rules-1174-en-canvas_770115055_section_1_item_1_schoice_RESPONSE_1916642" rcardinality="Single" rtiming="No">
<render_choice shuffle="No">
<flow_label class="List">
<response_label ident="uva-general-rules-1174-en-canvas_770115055_section_1_item_1_schoice_7932997773" rshuffle="No">
<material>
<mattext texttype="text/html" charset="utf-8"><![CDATA[
 0,942
]]></mattext>
</material>
</response_label>
</flow_label>
<flow_label class="List">
<response_label ident="uva-general-rules-1174-en-canvas_770115055_section_1_item_1_schoice_2210901807" rshuffle="No">
<material>
<mattext texttype="text/html" charset="utf-8"><![CDATA[
 0,605
]]></mattext>
</material>
</response_label>
</flow_label>
<flow_label class="List">
<response_label ident="uva-general-rules-1174-en-canvas_770115055_section_1_item_1_schoice_8310022669" rshuffle="No">
<material>
<mattext texttype="text/html" charset="utf-8"><![CDATA[
 0,395
]]></mattext>
</material>
</response_label>
</flow_label>
<flow_label class="List">
<response_label ident="uva-general-rules-1174-en-canvas_770115055_section_1_item_1_schoice_3833961821" rshuffle="No">
<material>
<mattext texttype="text/html" charset="utf-8"><![CDATA[
 0,057
]]></mattext>
</material>
</response_label>
</flow_label>
</render_choice>
</response_lid>
</flow>
</presentation>
<resprocessing>
<outcomes>
<decvar varname="SCORE" vartype="Decimal" defaultval="0" minvalue="0" maxvalue="1" cutvalue="1"/>
</outcomes>
<respcondition title="Mastery" continue="No">
<conditionvar>
<and>
<varequal respident="uva-general-rules-1174-en-canvas_770115055_section_1_item_1_schoice_RESPONSE_1916642" case="Yes">uva-general-rules-1174-en-canvas_770115055_section_1_item_1_schoice_3833961821</varequal>
<not> <varequal respident="uva-general-rules-1174-en-canvas_770115055_section_1_item_1_schoice_RESPONSE_1916642" case="Yes">uva-general-rules-1174-en-canvas_770115055_section_1_item_1_schoice_7932997773</varequal> </not>
<not> <varequal respident="uva-general-rules-1174-en-canvas_770115055_section_1_item_1_schoice_RESPONSE_1916642" case="Yes">uva-general-rules-1174-en-canvas_770115055_section_1_item_1_schoice_2210901807</varequal> </not>
<not> <varequal respident="uva-general-rules-1174-en-canvas_770115055_section_1_item_1_schoice_RESPONSE_1916642" case="Yes">uva-general-rules-1174-en-canvas_770115055_section_1_item_1_schoice_8310022669</varequal> </not>
</and>
</conditionvar>
<setvar varname="SCORE" action="Set">1</setvar>
<displayfeedback feedbacktype="Response" linkrefid="correct_fb"/>
</respcondition>
<respcondition continue="Yes">
<conditionvar>
<other/>
</conditionvar>
<displayfeedback feedbacktype="Response" linkrefid="general_incorrect_fb"/>
</respcondition>
</resprocessing>
<itemfeedback ident="correct_fb" view="All">
<flow_mat>
<material>
<mattext texttype="text/html"><![CDATA[
<ul>
<li> 0,942 <br /> 0,942: Incorrect </li>
<li> 0,605 <br /> 0.605: Incorrect </li>
<li> 0,395 <br /> 0.395: Incorrect </li>
<li> 0,057 <br /> 0.057: Correct </li>
</ul>
]]></mattext>
</material>
</flow_mat>
</itemfeedback>
<itemfeedback ident="general_incorrect_fb" view="All">
<flow_mat>
<material>
<mattext texttype="text/html"><![CDATA[
<ul>
<li> 0,942 <br /> 0,942: Incorrect </li>
<li> 0,605 <br /> 0.605: Incorrect </li>
<li> 0,395 <br /> 0.395: Incorrect </li>
<li> 0,057 <br /> 0.057: Correct </li>
</ul>
]]></mattext>
</material>
</flow_mat>
</itemfeedback>
</item>


</section>

</assessment>
</questestinterop>
