<?xml version="1.0" encoding="UTF-8"?>
<assessmentItem xsi:schemaLocation="http://www.imsglobal.org/xsd/imsqti_v2p1 http://www.imsglobal.org/xsd/qti/qtiv2p1/imsqti_v2p1p1.xsd http://www.w3.org/1998/Math/MathML http://www.w3.org/Math/XMLSchema/mathml2/mathml2.xsd" identifier="vufgb-mauchlystest-003-nl-ans_373943671_section_1_item_1_schoice" title="Assumptions_vufgb-mauchlystest-003-nl_vufgb-mauchlystest-003-nl_schoice_1" adaptive="false" timeDependent="false" xmlns="http://www.imsglobal.org/xsd/imsqti_v2p1" xmlns:xsi="http://www.w3.org/2001/XMLSchema-instance">
<responseDeclaration identifier="vufgb-mauchlystest-003-nl-ans_373943671_section_1_item_1_schoice_RESPONSE_1_5009644" cardinality="single" baseType="identifier">
<correctResponse>
<value>vufgb-mauchlystest-003-nl-ans_373943671_section_1_item_1_schoice_1_3919197289</value>
</correctResponse>
<mapping defaultValue="0" lowerBound="0.0">
<mapEntry mapKey="vufgb-mauchlystest-003-nl-ans_373943671_section_1_item_1_schoice_1_3919197289" mappedValue="1"/>
<mapEntry mapKey="vufgb-mauchlystest-003-nl-ans_373943671_section_1_item_1_schoice_2_9728278778" mappedValue="0"/>
<mapEntry mapKey="vufgb-mauchlystest-003-nl-ans_373943671_section_1_item_1_schoice_3_1098974793" mappedValue="0"/>
<mapEntry mapKey="vufgb-mauchlystest-003-nl-ans_373943671_section_1_item_1_schoice_4_6783149257" mappedValue="0"/>
</mapping>
</responseDeclaration>
<outcomeDeclaration identifier="SCORE" cardinality="single" baseType="float" normalMaximum="1" normalMinimum="0">
<defaultValue>
<value>0.0</value>
</defaultValue>
</outcomeDeclaration>
<outcomeDeclaration identifier="MAXSCORE" cardinality="single" baseType="float">
<defaultValue>
<value>1</value>
</defaultValue>
</outcomeDeclaration>
<outcomeDeclaration identifier="FEEDBACKBASIC" cardinality="single" baseType="identifier" view="testConstructor">
<defaultValue>
<value>empty</value>
</defaultValue>
</outcomeDeclaration>
<outcomeDeclaration identifier="FEEDBACKMODAL" cardinality="multiple" baseType="identifier" view="testConstructor"/>
<outcomeDeclaration identifier="SOLUTIONMODAL" cardinality="single" baseType="identifier" view="testConstructor"/>
<outcomeDeclaration identifier="MINSCORE" cardinality="single" baseType="float">
<defaultValue>
<value baseType="float">0</value>
</defaultValue>
</outcomeDeclaration>
<outcomeDeclaration identifier="SCORE_RESPONSE_1" cardinality="single" baseType="float">
<defaultValue>
<value>0.0</value>
</defaultValue>
</outcomeDeclaration>
<outcomeDeclaration identifier="MINSCORE_RESPONSE_1" cardinality="single" baseType="float">
<defaultValue>
<value>0.0</value>
</defaultValue>
</outcomeDeclaration>
<itemBody>
<p>Welke veronderstelling van een ANOVA met herhaalde maatregelen wordt getest door Mauchly’s test?</p>
<choiceInteraction responseIdentifier="vufgb-mauchlystest-003-nl-ans_373943671_section_1_item_1_schoice_RESPONSE_1_5009644" shuffle="false" maxChoices="1">
<simpleChoice identifier="vufgb-mauchlystest-003-nl-ans_373943671_section_1_item_1_schoice_1_3919197289">
<p>
 Gelijke variantie van verschillen tussen metingen.
</p>
</simpleChoice>
<simpleChoice identifier="vufgb-mauchlystest-003-nl-ans_373943671_section_1_item_1_schoice_2_9728278778">
<p>
 Gelijke variantie tussen proefpersonen.
</p>
</simpleChoice>
<simpleChoice identifier="vufgb-mauchlystest-003-nl-ans_373943671_section_1_item_1_schoice_3_1098974793">
<p>
 Normale verdeling van verschillen tussen metingen.
</p>
</simpleChoice>
<simpleChoice identifier="vufgb-mauchlystest-003-nl-ans_373943671_section_1_item_1_schoice_4_6783149257">
<p>
 Normale verdeling van herhaalde waarnemingen.
</p>
</simpleChoice>
</choiceInteraction>
</itemBody>
<responseProcessing>
<setOutcomeValue identifier="SCORE_RESPONSE_1">
<sum>
<variable identifier="SCORE_RESPONSE_1"/>
<mapResponse identifier="vufgb-mauchlystest-003-nl-ans_373943671_section_1_item_1_schoice_RESPONSE_1_5009644"/>
</sum>
</setOutcomeValue>
<responseCondition>
<responseIf>
<lt>
<variable identifier="SCORE_RESPONSE_1"/>
<variable identifier="MINSCORE_RESPONSE_1"/>
</lt>
<setOutcomeValue identifier="SCORE_RESPONSE_1">
<variable identifier="MINSCORE_RESPONSE_1"/>
</setOutcomeValue>
</responseIf>
</responseCondition>
<responseCondition>
<responseIf>
<isNull>
<variable identifier="vufgb-mauchlystest-003-nl-ans_373943671_section_1_item_1_schoice_RESPONSE_1_5009644"/>
</isNull>
<setOutcomeValue identifier="SCORE_RESPONSE_1">
<sum>
<variable identifier="SCORE_RESPONSE_1"/>
<baseValue baseType="float">0</baseValue>
</sum>
</setOutcomeValue>
</responseIf>
</responseCondition>
<setOutcomeValue identifier="SCORE">
<sum>
<variable identifier="SCORE_RESPONSE_1"/>
</sum>
</setOutcomeValue>
<responseCondition>
<responseIf>
<lt>
<variable identifier="SCORE"/>
<variable identifier="MINSCORE"/>
</lt>
<setOutcomeValue identifier="SCORE">
<variable identifier="MINSCORE"/>
</setOutcomeValue>
</responseIf>
</responseCondition>
<responseCondition>
<responseIf>
<lt>
<variable identifier="SCORE"/>
<baseValue baseType="float">1</baseValue>
</lt>
<setOutcomeValue identifier="FEEDBACKMODAL">
<multiple>
<variable identifier="FEEDBACKMODAL"/>
<baseValue baseType="identifier">Feedback135455285</baseValue>
</multiple>
</setOutcomeValue>
</responseIf>
</responseCondition>
</responseProcessing>
<modalFeedback outcomeIdentifier="FEEDBACK" showHide="show" identifier="incorrect">
<ul>
<li> Gelijke variantie van verschillen tussen metingen. <br /> Correct </li>
<li> Gelijke variantie tussen proefpersonen. <br /> Incorrect </li>
<li> Normale verdeling van verschillen tussen metingen. <br /> Incorrect </li>
<li> Normale verdeling van herhaalde waarnemingen. <br /> Incorrect </li>
</ul>
</modalFeedback>
</assessmentItem>
