<?xml version="1.0" encoding="UTF-8"?>
<assessmentItem xsi:schemaLocation="http://www.imsglobal.org/xsd/imsqti_v2p1 http://www.imsglobal.org/xsd/qti/qtiv2p1/imsqti_v2p1p1.xsd http://www.w3.org/1998/Math/MathML http://www.w3.org/Math/XMLSchema/mathml2/mathml2.xsd" identifier="vufgb-chisquared-018-nl-ans_396301171_section_1_item_1_schoice" title="Inferential_Statistics_vufgb-chisquared-018-nl_vufgb-chisquared-018-nl_schoice_1" adaptive="false" timeDependent="false" xmlns="http://www.imsglobal.org/xsd/imsqti_v2p1" xmlns:xsi="http://www.w3.org/2001/XMLSchema-instance">
<responseDeclaration identifier="vufgb-chisquared-018-nl-ans_396301171_section_1_item_1_schoice_RESPONSE_1_4351960" cardinality="single" baseType="identifier">
<correctResponse>
<value>vufgb-chisquared-018-nl-ans_396301171_section_1_item_1_schoice_2_4043761931</value>
</correctResponse>
<mapping defaultValue="0" lowerBound="0.0">
<mapEntry mapKey="vufgb-chisquared-018-nl-ans_396301171_section_1_item_1_schoice_1_6354264390" mappedValue="0"/>
<mapEntry mapKey="vufgb-chisquared-018-nl-ans_396301171_section_1_item_1_schoice_2_4043761931" mappedValue="1"/>
<mapEntry mapKey="vufgb-chisquared-018-nl-ans_396301171_section_1_item_1_schoice_3_4894565811" mappedValue="0"/>
<mapEntry mapKey="vufgb-chisquared-018-nl-ans_396301171_section_1_item_1_schoice_4_3826994028" mappedValue="0"/>
</mapping>
</responseDeclaration>
<outcomeDeclaration identifier="SCORE" cardinality="single" baseType="float" normalMaximum="1" normalMinimum="0">
<defaultValue>
<value>0.0</value>
</defaultValue>
</outcomeDeclaration>
<outcomeDeclaration identifier="MAXSCORE" cardinality="single" baseType="float">
<defaultValue>
<value>1</value>
</defaultValue>
</outcomeDeclaration>
<outcomeDeclaration identifier="FEEDBACKBASIC" cardinality="single" baseType="identifier" view="testConstructor">
<defaultValue>
<value>empty</value>
</defaultValue>
</outcomeDeclaration>
<outcomeDeclaration identifier="FEEDBACKMODAL" cardinality="multiple" baseType="identifier" view="testConstructor"/>
<outcomeDeclaration identifier="SOLUTIONMODAL" cardinality="single" baseType="identifier" view="testConstructor"/>
<outcomeDeclaration identifier="MINSCORE" cardinality="single" baseType="float">
<defaultValue>
<value baseType="float">0</value>
</defaultValue>
</outcomeDeclaration>
<outcomeDeclaration identifier="SCORE_RESPONSE_1" cardinality="single" baseType="float">
<defaultValue>
<value>0.0</value>
</defaultValue>
</outcomeDeclaration>
<outcomeDeclaration identifier="MINSCORE_RESPONSE_1" cardinality="single" baseType="float">
<defaultValue>
<value>0.0</value>
</defaultValue>
</outcomeDeclaration>
<itemBody>
<p>Welke <span class="math inline">\(\chi^{2}\)</span>-waarde geeft een p-waarde van 0.05 voor het toetsen van onafhankelijkheid van nominale variabelen met de volgende rij- maal kolomverhoudingen: (i) 3 ×3 en (ii) 2 ×6?</p>
<choiceInteraction responseIdentifier="vufgb-chisquared-018-nl-ans_396301171_section_1_item_1_schoice_RESPONSE_1_4351960" shuffle="false" maxChoices="1">
<simpleChoice identifier="vufgb-chisquared-018-nl-ans_396301171_section_1_item_1_schoice_1_6354264390">
<p>
 <ol style="list-style-type: lower-roman">
<li>14.68 en (ii) 18.55</li>
</ol>
</p>
</simpleChoice>
<simpleChoice identifier="vufgb-chisquared-018-nl-ans_396301171_section_1_item_1_schoice_2_4043761931">
<p>
 <ol style="list-style-type: lower-roman">
<li>9.49 en (ii) 11.07</li>
</ol>
</p>
</simpleChoice>
<simpleChoice identifier="vufgb-chisquared-018-nl-ans_396301171_section_1_item_1_schoice_3_4894565811">
<p>
 <ol style="list-style-type: lower-roman">
<li>6.25 en (ii) 10.64</li>
</ol>
</p>
</simpleChoice>
<simpleChoice identifier="vufgb-chisquared-018-nl-ans_396301171_section_1_item_1_schoice_4_3826994028">
<p>
 <ol style="list-style-type: lower-roman">
<li>14.45 en (ii) 16.01</li>
</ol>
</p>
</simpleChoice>
</choiceInteraction>
</itemBody>
<responseProcessing>
<setOutcomeValue identifier="SCORE_RESPONSE_1">
<sum>
<variable identifier="SCORE_RESPONSE_1"/>
<mapResponse identifier="vufgb-chisquared-018-nl-ans_396301171_section_1_item_1_schoice_RESPONSE_1_4351960"/>
</sum>
</setOutcomeValue>
<responseCondition>
<responseIf>
<lt>
<variable identifier="SCORE_RESPONSE_1"/>
<variable identifier="MINSCORE_RESPONSE_1"/>
</lt>
<setOutcomeValue identifier="SCORE_RESPONSE_1">
<variable identifier="MINSCORE_RESPONSE_1"/>
</setOutcomeValue>
</responseIf>
</responseCondition>
<responseCondition>
<responseIf>
<isNull>
<variable identifier="vufgb-chisquared-018-nl-ans_396301171_section_1_item_1_schoice_RESPONSE_1_4351960"/>
</isNull>
<setOutcomeValue identifier="SCORE_RESPONSE_1">
<sum>
<variable identifier="SCORE_RESPONSE_1"/>
<baseValue baseType="float">0</baseValue>
</sum>
</setOutcomeValue>
</responseIf>
</responseCondition>
<setOutcomeValue identifier="SCORE">
<sum>
<variable identifier="SCORE_RESPONSE_1"/>
</sum>
</setOutcomeValue>
<responseCondition>
<responseIf>
<lt>
<variable identifier="SCORE"/>
<variable identifier="MINSCORE"/>
</lt>
<setOutcomeValue identifier="SCORE">
<variable identifier="MINSCORE"/>
</setOutcomeValue>
</responseIf>
</responseCondition>
<responseCondition>
<responseIf>
<lt>
<variable identifier="SCORE"/>
<baseValue baseType="float">1</baseValue>
</lt>
<setOutcomeValue identifier="FEEDBACKMODAL">
<multiple>
<variable identifier="FEEDBACKMODAL"/>
<baseValue baseType="identifier">Feedback113619107</baseValue>
</multiple>
</setOutcomeValue>
</responseIf>
</responseCondition>
</responseProcessing>
<modalFeedback outcomeIdentifier="FEEDBACK" showHide="show" identifier="incorrect">
<ul>
<li> <ol style="list-style-type: lower-roman">
<li>14.68 en (ii) 18.55</li>
</ol> <br /> Incorrect </li>
<li> <ol style="list-style-type: lower-roman">
<li>9.49 en (ii) 11.07</li>
</ol> <br /> Correct </li>
<li> <ol style="list-style-type: lower-roman">
<li>6.25 en (ii) 10.64</li>
</ol> <br /> Incorrect </li>
<li> <ol style="list-style-type: lower-roman">
<li>14.45 en (ii) 16.01</li>
</ol> <br /> Incorrect </li>
</ul>
</modalFeedback>
</assessmentItem>
