<?xml version="1.0" encoding="utf-8" standalone="yes"?>
<assessmentItem identifier="vufsw-simplelinearregression-0166-nl-tv_202209061512_item_1_schoice" title="vufsw-simplelinearregression-0166-nl-tv_202209061512_item_1_schoice_vufsw-simple linear regression-0166-nl" adaptive="false" timeDependent="false" toolName="Testvision Online" toolVersion="39.0.9084" xmlns="http://www.imsglobal.org/xsd/imsqti_v2p1">
<responseDeclaration identifier="RESPONSE" cardinality="single" baseType="identifier">
<correctResponse>
<value>alt_611200</value>
</correctResponse>
<mapping defaultValue="0" lowerBound="0.0">
<mapEntry mapKey="alt_611200" mappedValue="1"/>
<mapEntry mapKey="alt_328089" mappedValue="-0.2"/>
<mapEntry mapKey="alt_659028" mappedValue="-0.2"/>
<mapEntry mapKey="alt_431042" mappedValue="-0.2"/>
<mapEntry mapKey="alt_650051" mappedValue="-0.2"/>
<mapEntry mapKey="alt_127164" mappedValue="-0.2"/>
</mapping>
</responseDeclaration>
<outcomeDeclaration identifier="SCORE" cardinality="single" baseType="float" normalMaximum="1" normalMinimum="0" />
<outcomeDeclaration identifier="FEEDBACK" cardinality="single" baseType="identifier" />
<itemBody>
<p>Hieronder staat een regressielijn afgebeeld, op basis van gegevens van
12 waarnemingen.<br />
Wat is de beste schatting van de b-coëfficiënt van deze
regressievergelijking? </p>
<p><img src="Screen__Shot__2019-08-10__at__22.19.05.png"
class="fr-fic fr-dii enlargeimage tvcss_2"
alt="Screen Shot 2019-08-10 at 22.19.05" /></p>
<choiceInteraction responseIdentifier="RESPONSE" shuffle="false" maxChoices="1">
<simpleChoice identifier="alt_611200">
<div class="textblock tvblock tvcss_1"><div class="rte_zone tveditor1">
a. b = –1,00
</div>
</div>
</simpleChoice>
<simpleChoice identifier="alt_328089">
<div class="textblock tvblock tvcss_1"><div class="rte_zone tveditor1">
b. b = –20,00
</div>
</div>
</simpleChoice>
<simpleChoice identifier="alt_659028">
<div class="textblock tvblock tvcss_1"><div class="rte_zone tveditor1">
c. b = –7,00
</div>
</div>
</simpleChoice>
<simpleChoice identifier="alt_431042">
<div class="textblock tvblock tvcss_1"><div class="rte_zone tveditor1">
d. b = –0,50
</div>
</div>
</simpleChoice>
<simpleChoice identifier="alt_650051">
<div class="textblock tvblock tvcss_1"><div class="rte_zone tveditor1">
e. b = –10,00
</div>
</div>
</simpleChoice>
<simpleChoice identifier="alt_127164">
<div class="textblock tvblock tvcss_1"><div class="rte_zone tveditor1">
f. b = –0,10
</div>
</div>
</simpleChoice>
</choiceInteraction>
</itemBody>
<responseProcessing>
<responseCondition>
<responseIf>
<isNull>
<variable identifier="RESPONSE"/>
</isNull>
<setOutcomeValue identifier="SCORE">
<baseValue baseType="float">0.0</baseValue>
</setOutcomeValue>
<setOutcomeValue identifier="FEEDBACK">
<baseValue baseType="identifier">FAILURE</baseValue>
</setOutcomeValue>
</responseIf>
<responseElse>
<setOutcomeValue identifier="SCORE">
<mapResponse identifier="RESPONSE"/>
</setOutcomeValue>
<responseCondition>
<responseIf>
<equal toleranceMode="relative" tolerance="0.001">
<variable identifier="SCORE"/>
<variable identifier="MAXSCORE"/>
</equal>
<setOutcomeValue identifier="FEEDBACK">
<baseValue baseType="identifier">ANSWER_CORRECT</baseValue>
</setOutcomeValue>
</responseIf>
<responseElse>
<setOutcomeValue identifier="FEEDBACK">
<baseValue baseType="identifier">FAILURE</baseValue>
</setOutcomeValue>
</responseElse>
</responseCondition>
</responseElse>
</responseCondition>
</responseProcessing>
<modalFeedback identifier="FAILURE" outcomeIdentifier="FEEDBACK" showHide="show">
<div class="textblock tvblock tvcss_1"><div class="rte_zone tveditor1">
<ol>
<li> b = –1,00 <br /> True </li>
<li> b = –20,00 <br /> False </li>
<li> b = –7,00 <br /> False </li>
<li> b = –0,50 <br /> False </li>
<li> b = –10,00 <br /> False </li>
<li> b = –0,10 <br /> False </li>
</ol>
</div>
</div>
</modalFeedback>
<modalFeedback identifier="ANSWER_CORRECT" outcomeIdentifier="FEEDBACK" showHide="show">
<div class="textblock tvblock tvcss_1"><div class="rte_zone tveditor1">
<ol>
<li> b = –1,00 <br /> True </li>
<li> b = –20,00 <br /> False </li>
<li> b = –7,00 <br /> False </li>
<li> b = –0,50 <br /> False </li>
<li> b = –10,00 <br /> False </li>
<li> b = –0,10 <br /> False </li>
</ol>
</div>
</div>
</modalFeedback>
<modalFeedback identifier="PARTIAL_CORRECT" outcomeIdentifier="FEEDBACK" showHide="show">
<div class="textblock tvblock tvcss_1"><div class="rte_zone tveditor1">
<ol>
<li> b = –1,00 <br /> True </li>
<li> b = –20,00 <br /> False </li>
<li> b = –7,00 <br /> False </li>
<li> b = –0,50 <br /> False </li>
<li> b = –10,00 <br /> False </li>
<li> b = –0,10 <br /> False </li>
</ol>
</div>
</div>
</modalFeedback>
</assessmentItem>
