<?xml version="1.0" encoding="utf-8" standalone="yes"?>
<assessmentItem identifier="uva-addition-rule-881-nl-tv_202403081018_item_1_schoice" title="uva-addition-rule-881-nl-tv_202403081018_item_1_schoice_uva-addition-rule-881-nl" adaptive="false" timeDependent="false" toolName="Testvision Online" toolVersion="39.0.9084" xmlns="http://www.imsglobal.org/xsd/imsqti_v2p1">
<responseDeclaration identifier="RESPONSE" cardinality="single" baseType="identifier">
<correctResponse>
<value>alt_857703</value>
</correctResponse>
<mapping defaultValue="0" lowerBound="0.0">
<mapEntry mapKey="alt_857703" mappedValue="1"/>
<mapEntry mapKey="alt_468658" mappedValue="-0.5"/>
<mapEntry mapKey="alt_161498" mappedValue="-0.5"/>
</mapping>
</responseDeclaration>
<outcomeDeclaration identifier="SCORE" cardinality="single" baseType="float" normalMaximum="1" normalMinimum="0" />
<outcomeDeclaration identifier="FEEDBACK" cardinality="single" baseType="identifier" />
<itemBody>
<p>Welk van de volgende weddenschappen levert het meeste geld op <em>in the
long run</em>?</p>
<choiceInteraction responseIdentifier="RESPONSE" shuffle="false" maxChoices="1">
<simpleChoice identifier="alt_857703">
<div class="textblock tvblock tvcss_1"><div class="rte_zone tveditor1">
 0.80 kans op 10 euro winst, 0.00 kans op 50 euro en 0.20 kans op 5 euro verlies.
</div>
</div>
</simpleChoice>
<simpleChoice identifier="alt_468658">
<div class="textblock tvblock tvcss_1"><div class="rte_zone tveditor1">
 0.80 kans op 5 euro winst, 0.00 kans op 100 euro en 0.20 kans op 100 euro verlies.
</div>
</div>
</simpleChoice>
<simpleChoice identifier="alt_161498">
<div class="textblock tvblock tvcss_1"><div class="rte_zone tveditor1">
 0.80 kans op 0 euro winst, 0.00 kans op 250 euro en 0.20 kans op 250 euro verlies.
</div>
</div>
</simpleChoice>
</choiceInteraction>
</itemBody>
<responseProcessing>
<responseCondition>
<responseIf>
<isNull>
<variable identifier="RESPONSE"/>
</isNull>
<setOutcomeValue identifier="SCORE">
<baseValue baseType="float">0.0</baseValue>
</setOutcomeValue>
<setOutcomeValue identifier="FEEDBACK">
<baseValue baseType="identifier">FAILURE</baseValue>
</setOutcomeValue>
</responseIf>
<responseElse>
<setOutcomeValue identifier="SCORE">
<mapResponse identifier="RESPONSE"/>
</setOutcomeValue>
<responseCondition>
<responseIf>
<equal toleranceMode="relative" tolerance="0.001">
<variable identifier="SCORE"/>
<variable identifier="MAXSCORE"/>
</equal>
<setOutcomeValue identifier="FEEDBACK">
<baseValue baseType="identifier">ANSWER_CORRECT</baseValue>
</setOutcomeValue>
</responseIf>
<responseElse>
<setOutcomeValue identifier="FEEDBACK">
<baseValue baseType="identifier">FAILURE</baseValue>
</setOutcomeValue>
</responseElse>
</responseCondition>
</responseElse>
</responseCondition>
</responseProcessing>
<modalFeedback identifier="FAILURE" outcomeIdentifier="FEEDBACK" showHide="show">
<div class="textblock tvblock tvcss_1"><div class="rte_zone tveditor1">
<p>Het correcte antwoord is:</p>
<ul>
<li>0.80 kans op 10 euro winst, 0.00 kans op 50 euro en 0.20 kans op 5 euro verlies.</li>
</ul>
</div>
</div>
</modalFeedback>
<modalFeedback identifier="ANSWER_CORRECT" outcomeIdentifier="FEEDBACK" showHide="show">
<div class="textblock tvblock tvcss_1"><div class="rte_zone tveditor1">
<p>Het correcte antwoord is:</p>
<ul>
<li>0.80 kans op 10 euro winst, 0.00 kans op 50 euro en 0.20 kans op 5 euro verlies.</li>
</ul>
</div>
</div>
</modalFeedback>
<modalFeedback identifier="PARTIAL_CORRECT" outcomeIdentifier="FEEDBACK" showHide="show">
<div class="textblock tvblock tvcss_1"><div class="rte_zone tveditor1">
<p>Het correcte antwoord is:</p>
<ul>
<li>0.80 kans op 10 euro winst, 0.00 kans op 50 euro en 0.20 kans op 5 euro verlies.</li>
</ul>
</div>
</div>
</modalFeedback>
</assessmentItem>
