<?xml version="1.0" encoding="utf-8" standalone="yes"?>
<assessmentItem identifier="uva-simple-linear-regression-1389-nl-tv_202404291201_item_1_schoice" title="uva-simple-linear-regression-1389-nl-tv_202404291201_item_1_schoice_uva-simple-linear-regression-1389-nl" adaptive="false" timeDependent="false" toolName="Testvision Online" toolVersion="39.0.9084" xmlns="http://www.imsglobal.org/xsd/imsqti_v2p1">
<responseDeclaration identifier="RESPONSE" cardinality="single" baseType="identifier">
<correctResponse>
<value>alt_671315</value>
</correctResponse>
<mapping defaultValue="0" lowerBound="0.0">
<mapEntry mapKey="alt_671315" mappedValue="1"/>
<mapEntry mapKey="alt_953415" mappedValue="-0.333333333333333"/>
<mapEntry mapKey="alt_164577" mappedValue="-0.333333333333333"/>
<mapEntry mapKey="alt_727030" mappedValue="-0.333333333333333"/>
</mapping>
</responseDeclaration>
<outcomeDeclaration identifier="SCORE" cardinality="single" baseType="float" normalMaximum="1" normalMinimum="0" />
<outcomeDeclaration identifier="FEEDBACK" cardinality="single" baseType="identifier" />
<itemBody>
<p>Vetpercentage kan geschat worden met behulp van (de logaritme van) de
som van de huidplooidiktes van biceps en triceps.<br />
Bijgaand is een spreidingsdiagram waarin deze beide variabelen tegen
elkaar staan uitgezet.<br />
Stel dat er een persoon extra gemeten wordt, A, B, C of D. Door welke
persoon zou de richtingscoëfficiënt van de regressielijn het meest
toenemen? </p>
<p><img src="mediafiles/supplements1/uva-simple-linear-regression-1389-nl-graph01.png" alt="image"/></p>
<choiceInteraction responseIdentifier="RESPONSE" shuffle="false" maxChoices="1">
<simpleChoice identifier="alt_671315">
<div class="textblock tvblock tvcss_1"><div class="rte_zone tveditor1">
 A
</div>
</div>
</simpleChoice>
<simpleChoice identifier="alt_953415">
<div class="textblock tvblock tvcss_1"><div class="rte_zone tveditor1">
 B
</div>
</div>
</simpleChoice>
<simpleChoice identifier="alt_164577">
<div class="textblock tvblock tvcss_1"><div class="rte_zone tveditor1">
 C
</div>
</div>
</simpleChoice>
<simpleChoice identifier="alt_727030">
<div class="textblock tvblock tvcss_1"><div class="rte_zone tveditor1">
 D
</div>
</div>
</simpleChoice>
</choiceInteraction>
</itemBody>
<responseProcessing>
<responseCondition>
<responseIf>
<isNull>
<variable identifier="RESPONSE"/>
</isNull>
<setOutcomeValue identifier="SCORE">
<baseValue baseType="float">0.0</baseValue>
</setOutcomeValue>
<setOutcomeValue identifier="FEEDBACK">
<baseValue baseType="identifier">FAILURE</baseValue>
</setOutcomeValue>
</responseIf>
<responseElse>
<setOutcomeValue identifier="SCORE">
<mapResponse identifier="RESPONSE"/>
</setOutcomeValue>
<responseCondition>
<responseIf>
<equal toleranceMode="relative" tolerance="0.001">
<variable identifier="SCORE"/>
<variable identifier="MAXSCORE"/>
</equal>
<setOutcomeValue identifier="FEEDBACK">
<baseValue baseType="identifier">ANSWER_CORRECT</baseValue>
</setOutcomeValue>
</responseIf>
<responseElse>
<setOutcomeValue identifier="FEEDBACK">
<baseValue baseType="identifier">FAILURE</baseValue>
</setOutcomeValue>
</responseElse>
</responseCondition>
</responseElse>
</responseCondition>
</responseProcessing>
<modalFeedback identifier="FAILURE" outcomeIdentifier="FEEDBACK" showHide="show">
<div class="textblock tvblock tvcss_1"><div class="rte_zone tveditor1">
<ul>
<li> A <br /> A: Correct </li>
<li> B <br /> B: Incorrect </li>
<li> C <br /> C: Incorrect </li>
<li> D <br /> D: Incorrect </li>
</ul>
</div>
</div>
</modalFeedback>
<modalFeedback identifier="ANSWER_CORRECT" outcomeIdentifier="FEEDBACK" showHide="show">
<div class="textblock tvblock tvcss_1"><div class="rte_zone tveditor1">
<ul>
<li> A <br /> A: Correct </li>
<li> B <br /> B: Incorrect </li>
<li> C <br /> C: Incorrect </li>
<li> D <br /> D: Incorrect </li>
</ul>
</div>
</div>
</modalFeedback>
<modalFeedback identifier="PARTIAL_CORRECT" outcomeIdentifier="FEEDBACK" showHide="show">
<div class="textblock tvblock tvcss_1"><div class="rte_zone tveditor1">
<ul>
<li> A <br /> A: Correct </li>
<li> B <br /> B: Incorrect </li>
<li> C <br /> C: Incorrect </li>
<li> D <br /> D: Incorrect </li>
</ul>
</div>
</div>
</modalFeedback>
</assessmentItem>
