<?xml version="1.0" encoding="UTF-8"?>
<assessmentItem xsi:schemaLocation="http://www.imsglobal.org/xsd/imsqti_v2p1 http://www.imsglobal.org/xsd/qti/qtiv2p1/imsqti_v2p1p1.xsd http://www.w3.org/1998/Math/MathML http://www.w3.org/Math/XMLSchema/mathml2/mathml2.xsd" identifier="vufsw-cronbach'salpha-1122-nl-qti_772268204_section_1_item_1_schoice" title="1" adaptive="false" timeDependent="false" xmlns="http://www.imsglobal.org/xsd/imsqti_v2p1" xmlns:xsi="http://www.w3.org/2001/XMLSchema-instance">
<responseDeclaration identifier="vufsw-cronbach'salpha-1122-nl-qti_772268204_section_1_item_1_schoice_RESPONSE_1_9409886" cardinality="single" baseType="identifier">
<correctResponse>
<value>vufsw-cronbach'salpha-1122-nl-qti_772268204_section_1_item_1_schoice_1_3079087678</value>
</correctResponse>
<mapping defaultValue="0" lowerBound="0.0">
<mapEntry mapKey="vufsw-cronbach&apos;salpha-1122-nl-qti_772268204_section_1_item_1_schoice_1_3079087678" mappedValue="1"/>
<mapEntry mapKey="vufsw-cronbach&apos;salpha-1122-nl-qti_772268204_section_1_item_1_schoice_2_1798044675" mappedValue="0"/>
<mapEntry mapKey="vufsw-cronbach&apos;salpha-1122-nl-qti_772268204_section_1_item_1_schoice_3_4882068074" mappedValue="0"/>
<mapEntry mapKey="vufsw-cronbach&apos;salpha-1122-nl-qti_772268204_section_1_item_1_schoice_4_8931370914" mappedValue="0"/>
</mapping>
</responseDeclaration>
<outcomeDeclaration identifier="SCORE" cardinality="single" baseType="float" normalMaximum="1" normalMinimum="0">
<defaultValue>
<value>0.0</value>
</defaultValue>
</outcomeDeclaration>
<outcomeDeclaration identifier="MAXSCORE" cardinality="single" baseType="float">
<defaultValue>
<value>1</value>
</defaultValue>
</outcomeDeclaration>
<outcomeDeclaration identifier="FEEDBACKBASIC" cardinality="single" baseType="identifier" view="testConstructor">
<defaultValue>
<value>empty</value>
</defaultValue>
</outcomeDeclaration>
<outcomeDeclaration identifier="FEEDBACKMODAL" cardinality="multiple" baseType="identifier" view="testConstructor"/>
<outcomeDeclaration identifier="MINSCORE" cardinality="single" baseType="float">
<defaultValue>
<value baseType="float">0</value>
</defaultValue>
</outcomeDeclaration>
<outcomeDeclaration identifier="SCORE_RESPONSE_1" cardinality="single" baseType="float">
<defaultValue>
<value>0.0</value>
</defaultValue>
</outcomeDeclaration>
<outcomeDeclaration identifier="MINSCORE_RESPONSE_1" cardinality="single" baseType="float">
<defaultValue>
<value>0.0</value>
</defaultValue>
</outcomeDeclaration>
<itemBody>
<p>Een afstudeerder heeft voor zijn scriptieonderzoek de mate van
zelfvertrouwen van studenten gemeten met een schaal die bestaat uit 6
items en die loopt van 1 (weinig zelfvertrouwen) tot en met 10 (veel
zelfvertrouwen). De Cronbach’s alpha van deze schaal is 0.74.</p>
<p>De Cronbach’s alpha zou verhoogd kunnen worden door:</p>
<p>I.             Nog een extra item aan de schaal toe te voegen.<br />
II.            Een item met een lage “corrected item-total correlation”
te verwijderen.<br />
III.           Een item met een waarde van 0,79 bij “Cronbach’s alpha if
item deleted” uit de schaal te verwijderen.</p>
<choiceInteraction responseIdentifier="vufsw-cronbach'salpha-1122-nl-qti_772268204_section_1_item_1_schoice_RESPONSE_1_9409886" shuffle="false" maxChoices="1">
<simpleChoice identifier="vufsw-cronbach'salpha-1122-nl-qti_772268204_section_1_item_1_schoice_1_3079087678">
<p>
a. Alle genoemde antwoorden zijn juist.
</p>
</simpleChoice>
<simpleChoice identifier="vufsw-cronbach'salpha-1122-nl-qti_772268204_section_1_item_1_schoice_2_1798044675">
<p>
b. Antwoord III. is juist.
</p>
</simpleChoice>
<simpleChoice identifier="vufsw-cronbach'salpha-1122-nl-qti_772268204_section_1_item_1_schoice_3_4882068074">
<p>
c. Antwoord II. is juist.
</p>
</simpleChoice>
<simpleChoice identifier="vufsw-cronbach'salpha-1122-nl-qti_772268204_section_1_item_1_schoice_4_8931370914">
<p>
d. Antwoord I. is juist.
</p>
</simpleChoice>
</choiceInteraction>
</itemBody>
<responseProcessing>
<responseCondition>
<responseIf>
<isNull>
<variable identifier="vufsw-cronbach'salpha-1122-nl-qti_772268204_section_1_item_1_schoice_RESPONSE_1_9409886"/>
</isNull>
<setOutcomeValue identifier="SCORE_RESPONSE_1">
<sum>
<variable identifier="SCORE_RESPONSE_1"/>
<baseValue baseType="float">0</baseValue>
</sum>
</setOutcomeValue>
</responseIf>
</responseCondition>
<setOutcomeValue identifier="SCORE_RESPONSE_1">
<sum>
<variable identifier="SCORE_RESPONSE_1"/>
<mapResponse identifier="vufsw-cronbach'salpha-1122-nl-qti_772268204_section_1_item_1_schoice_RESPONSE_1_9409886"/>
</sum>
</setOutcomeValue>
<responseCondition>
<responseIf>
<lt>
<variable identifier="SCORE_RESPONSE_1"/>
<variable identifier="MINSCORE_RESPONSE_1"/>
</lt>
<setOutcomeValue identifier="SCORE_RESPONSE_1">
<variable identifier="MINSCORE_RESPONSE_1"/>
</setOutcomeValue>
</responseIf>
</responseCondition>
<setOutcomeValue identifier="SCORE">
<sum>
<variable identifier="SCORE_RESPONSE_1"/>
</sum>
</setOutcomeValue>
<responseCondition>
<responseIf>
<lt>
<variable identifier="SCORE"/>
<variable identifier="MINSCORE"/>
</lt>
<setOutcomeValue identifier="SCORE">
<variable identifier="MINSCORE"/>
</setOutcomeValue>
</responseIf>
</responseCondition>
<responseCondition>
<responseIf>
<lt>
<variable identifier="SCORE"/>
<baseValue baseType="float">1</baseValue>
</lt>
<setOutcomeValue identifier="FEEDBACKMODAL">
<multiple>
<variable identifier="FEEDBACKMODAL"/>
<baseValue baseType="identifier">Feedback672145503</baseValue>
</multiple>
</setOutcomeValue>
</responseIf>
</responseCondition>
</responseProcessing>
<modalFeedback identifier="Feedback672145503" outcomeIdentifier="FEEDBACKMODAL" showHide="show">
<ol type = "a">
<li> Alle genoemde antwoorden zijn juist. <br /> True </li>
<li> Antwoord III. is juist. <br /> False </li>
<li> Antwoord II. is juist. <br /> False </li>
<li> Antwoord I. is juist. <br /> False </li>
</ol>
</modalFeedback>
</assessmentItem>
