<?xml version="1.0" encoding="UTF-8"?>
<assessmentItem xsi:schemaLocation="http://www.imsglobal.org/xsd/imsqti_v2p1 http://www.imsglobal.org/xsd/qti/qtiv2p1/imsqti_v2p1p1.xsd http://www.w3.org/1998/Math/MathML http://www.w3.org/Math/XMLSchema/mathml2/mathml2.xsd" identifier="vufgb-twowayanova-014-en-ans_266326026_section_1_item_1_schoice" title="Inferential_Statistics_vufgb-twowayanova-014-en_vufgb-twowayanova-014-en_schoice_1" adaptive="false" timeDependent="false" xmlns="http://www.imsglobal.org/xsd/imsqti_v2p1" xmlns:xsi="http://www.w3.org/2001/XMLSchema-instance">
<responseDeclaration identifier="vufgb-twowayanova-014-en-ans_266326026_section_1_item_1_schoice_RESPONSE_1_1849281" cardinality="single" baseType="identifier">
<correctResponse>
<value>vufgb-twowayanova-014-en-ans_266326026_section_1_item_1_schoice_2_4006239343</value>
</correctResponse>
<mapping defaultValue="0" lowerBound="0.0">
<mapEntry mapKey="vufgb-twowayanova-014-en-ans_266326026_section_1_item_1_schoice_1_8167180513" mappedValue="0"/>
<mapEntry mapKey="vufgb-twowayanova-014-en-ans_266326026_section_1_item_1_schoice_2_4006239343" mappedValue="1"/>
<mapEntry mapKey="vufgb-twowayanova-014-en-ans_266326026_section_1_item_1_schoice_3_4149652438" mappedValue="0"/>
<mapEntry mapKey="vufgb-twowayanova-014-en-ans_266326026_section_1_item_1_schoice_4_6056421213" mappedValue="0"/>
</mapping>
</responseDeclaration>
<outcomeDeclaration identifier="SCORE" cardinality="single" baseType="float" normalMaximum="1" normalMinimum="0">
<defaultValue>
<value>0.0</value>
</defaultValue>
</outcomeDeclaration>
<outcomeDeclaration identifier="MAXSCORE" cardinality="single" baseType="float">
<defaultValue>
<value>1</value>
</defaultValue>
</outcomeDeclaration>
<outcomeDeclaration identifier="FEEDBACKBASIC" cardinality="single" baseType="identifier" view="testConstructor">
<defaultValue>
<value>empty</value>
</defaultValue>
</outcomeDeclaration>
<outcomeDeclaration identifier="FEEDBACKMODAL" cardinality="multiple" baseType="identifier" view="testConstructor"/>
<outcomeDeclaration identifier="SOLUTIONMODAL" cardinality="single" baseType="identifier" view="testConstructor"/>
<outcomeDeclaration identifier="MINSCORE" cardinality="single" baseType="float">
<defaultValue>
<value baseType="float">0</value>
</defaultValue>
</outcomeDeclaration>
<outcomeDeclaration identifier="SCORE_RESPONSE_1" cardinality="single" baseType="float">
<defaultValue>
<value>0.0</value>
</defaultValue>
</outcomeDeclaration>
<outcomeDeclaration identifier="MINSCORE_RESPONSE_1" cardinality="single" baseType="float">
<defaultValue>
<value>0.0</value>
</defaultValue>
</outcomeDeclaration>
<itemBody>
<p>The table below shows the averages associated with a two-way ANOVA. There are the same number of subjects in each cell. If there is no interaction between factors A and B, what averages should be in the two cells highlighted in gray?</p>
<p><img src="media/supplements1/vufgb-twowayanova-014-nl-table01.jpg" /></p>
<choiceInteraction responseIdentifier="vufgb-twowayanova-014-en-ans_266326026_section_1_item_1_schoice_RESPONSE_1_1849281" shuffle="false" maxChoices="1">
<simpleChoice identifier="vufgb-twowayanova-014-en-ans_266326026_section_1_item_1_schoice_1_8167180513">
<p>
 15 and 15
</p>
</simpleChoice>
<simpleChoice identifier="vufgb-twowayanova-014-en-ans_266326026_section_1_item_1_schoice_2_4006239343">
<p>
 22 and 38
</p>
</simpleChoice>
<simpleChoice identifier="vufgb-twowayanova-014-en-ans_266326026_section_1_item_1_schoice_3_4149652438">
<p>
 5 and 5
</p>
</simpleChoice>
<simpleChoice identifier="vufgb-twowayanova-014-en-ans_266326026_section_1_item_1_schoice_4_6056421213">
<p>
 32 and 48
</p>
</simpleChoice>
</choiceInteraction>
</itemBody>
<responseProcessing>
<setOutcomeValue identifier="SCORE_RESPONSE_1">
<sum>
<variable identifier="SCORE_RESPONSE_1"/>
<mapResponse identifier="vufgb-twowayanova-014-en-ans_266326026_section_1_item_1_schoice_RESPONSE_1_1849281"/>
</sum>
</setOutcomeValue>
<responseCondition>
<responseIf>
<lt>
<variable identifier="SCORE_RESPONSE_1"/>
<variable identifier="MINSCORE_RESPONSE_1"/>
</lt>
<setOutcomeValue identifier="SCORE_RESPONSE_1">
<variable identifier="MINSCORE_RESPONSE_1"/>
</setOutcomeValue>
</responseIf>
</responseCondition>
<responseCondition>
<responseIf>
<isNull>
<variable identifier="vufgb-twowayanova-014-en-ans_266326026_section_1_item_1_schoice_RESPONSE_1_1849281"/>
</isNull>
<setOutcomeValue identifier="SCORE_RESPONSE_1">
<sum>
<variable identifier="SCORE_RESPONSE_1"/>
<baseValue baseType="float">0</baseValue>
</sum>
</setOutcomeValue>
</responseIf>
</responseCondition>
<setOutcomeValue identifier="SCORE">
<sum>
<variable identifier="SCORE_RESPONSE_1"/>
</sum>
</setOutcomeValue>
<responseCondition>
<responseIf>
<lt>
<variable identifier="SCORE"/>
<variable identifier="MINSCORE"/>
</lt>
<setOutcomeValue identifier="SCORE">
<variable identifier="MINSCORE"/>
</setOutcomeValue>
</responseIf>
</responseCondition>
<responseCondition>
<responseIf>
<lt>
<variable identifier="SCORE"/>
<baseValue baseType="float">1</baseValue>
</lt>
<setOutcomeValue identifier="FEEDBACKMODAL">
<multiple>
<variable identifier="FEEDBACKMODAL"/>
<baseValue baseType="identifier">Feedback590841375</baseValue>
</multiple>
</setOutcomeValue>
</responseIf>
</responseCondition>
</responseProcessing>
<modalFeedback outcomeIdentifier="FEEDBACK" showHide="show" identifier="incorrect">
<ul>
<li> 15 and 15 <br /> Incorrect </li>
<li> 22 and 38 <br /> Correct </li>
<li> 5 and 5 <br /> Incorrect </li>
<li> 32 and 48 <br /> Incorrect </li>
</ul>
</modalFeedback>
</assessmentItem>
