<?xml version="1.0" encoding="utf-8" standalone="yes"?>
<assessmentItem identifier="vufgb-regression-023-nl-tv_202601131823_item_1_schoice" title="vufgb-regression-023-nl-tv_202601131823_item_1_schoice_vufgb-regression-023-nl" adaptive="false" timeDependent="false" toolName="Testvision Online" toolVersion="39.0.9084" xmlns="http://www.imsglobal.org/xsd/imsqti_v2p1">
<responseDeclaration identifier="RESPONSE" cardinality="single" baseType="identifier">
<correctResponse>
<value>alt_369090</value>
</correctResponse>
<mapping defaultValue="0" lowerBound="0.0">
<mapEntry mapKey="alt_284644" mappedValue="-0.333333333333333"/>
<mapEntry mapKey="alt_476177" mappedValue="-0.333333333333333"/>
<mapEntry mapKey="alt_995625" mappedValue="-0.333333333333333"/>
<mapEntry mapKey="alt_369090" mappedValue="1"/>
</mapping>
</responseDeclaration>
<outcomeDeclaration identifier="SCORE" cardinality="single" baseType="float" normalMaximum="1" normalMinimum="0" />
<outcomeDeclaration identifier="FEEDBACK" cardinality="single" baseType="identifier" />
<stylesheet href="css/vufgb-regression-023-nl-tv_202601131823_item_1_schoice.css" type="text/css" />
<itemBody>
<p>Een experimenteel onderzoek naar het verband tussen <math display="inline" xmlns="http://www.w3.org/1998/Math/MathML"><semantics><mrow><mi>Y</mi><mo>=</mo><mi>p</mi><mi>r</mi><mi>e</mi><mi>s</mi><mi>t</mi><mi>a</mi><mi>t</mi><mi>i</mi><mi>e</mi></mrow><annotation encoding="application/x-tex">Y = prestatie</annotation></semantics></math>, <math display="inline" xmlns="http://www.w3.org/1998/Math/MathML"><semantics><mrow><mi>S</mi><mo>=</mo><mi>d</mi><mi>u</mi><mi>m</mi><mi>m</mi><mi>y</mi></mrow><annotation encoding="application/x-tex">S = dummy</annotation></semantics></math> <math display="inline" xmlns="http://www.w3.org/1998/Math/MathML"><semantics><mrow><mi>s</mi><mi>e</mi><mi>k</mi><mi>s</mi><mi>e</mi></mrow><annotation encoding="application/x-tex">sekse</annotation></semantics></math> <math display="inline" xmlns="http://www.w3.org/1998/Math/MathML"><semantics><mrow><mo stretchy="true" form="prefix">(</mo><mi>m</mi><mi>e</mi><mi>i</mi><mi>s</mi><mi>j</mi><mi>e</mi><mo>=</mo><mn>1</mn><mo stretchy="true" form="postfix">)</mo></mrow><annotation encoding="application/x-tex">(meisje = 1)</annotation></semantics></math> en <math display="inline" xmlns="http://www.w3.org/1998/Math/MathML"><semantics><mrow><mi>G</mi><mo>=</mo><mi>d</mi><mi>u</mi><mi>m</mi><mi>m</mi><mi>y</mi></mrow><annotation encoding="application/x-tex">G = dummy</annotation></semantics></math> <math display="inline" xmlns="http://www.w3.org/1998/Math/MathML"><semantics><mrow><mi>b</mi><mi>e</mi><mi>l</mi><mi>o</mi><mi>n</mi><mi>i</mi><mi>n</mi><mi>g</mi></mrow><annotation encoding="application/x-tex">beloning</annotation></semantics></math> <math display="inline" xmlns="http://www.w3.org/1998/Math/MathML"><semantics><mrow><mo stretchy="false" form="prefix">(</mo><mi>w</mi><mi>e</mi><mi>l</mi></mrow><annotation encoding="application/x-tex">(wel</annotation></semantics></math> <math display="inline" xmlns="http://www.w3.org/1998/Math/MathML"><semantics><mrow><mi>b</mi><mi>e</mi><mi>l</mi><mi>o</mi><mi>n</mi><mi>i</mi><mi>n</mi><mi>g</mi><mo>=</mo><mn>1</mn><mo stretchy="false" form="postfix">)</mo></mrow><annotation encoding="application/x-tex">beloning = 1)</annotation></semantics></math> levert de volgende regressievergelijking op:</p>
<p><math display="inline" xmlns="http://www.w3.org/1998/Math/MathML"><semantics><mrow><mi>Y</mi><mi>’</mi><mo>=</mo><mn>18</mn><mo>+</mo><mn>4</mn><mi>S</mi><mi>–</mi><mn>2</mn><mi>G</mi></mrow><annotation encoding="application/x-tex">Y’ = 18+4S–2G</annotation></semantics></math>.</p>
<p>Amelie zit in de conditie waarin er wordt beloond en zij heeft een prestatie van 22.</p>
<p>Wat is haar voorspelde prestatie en hoe groot is haar residu <math display="inline" xmlns="http://www.w3.org/1998/Math/MathML"><semantics><mrow><msub><mi>Y</mi><mi>i</mi></msub><mo>−</mo><mi>Y</mi><msub><mi>′</mi><mi>i</mi></msub></mrow><annotation encoding="application/x-tex">Y_{i}-{Y}&#39;_{i}</annotation></semantics></math>?</p>
<choiceInteraction responseIdentifier="RESPONSE" shuffle="false" maxChoices="1">
<simpleChoice identifier="alt_284644">
<div class="textblock tvblock tvcss_1"><div class="rte_zone tveditor1">
 voorspelde prestatie: 18; residu: -2
</div>
</div>
</simpleChoice>
<simpleChoice identifier="alt_476177">
<div class="textblock tvblock tvcss_1"><div class="rte_zone tveditor1">
 voorspelde prestatie: 20; residu: -2
</div>
</div>
</simpleChoice>
<simpleChoice identifier="alt_995625">
<div class="textblock tvblock tvcss_1"><div class="rte_zone tveditor1">
 voorspelde prestatie: 18; residu: +2
</div>
</div>
</simpleChoice>
<simpleChoice identifier="alt_369090">
<div class="textblock tvblock tvcss_1"><div class="rte_zone tveditor1">
 voorspelde prestatie: 20; residu: +2
</div>
</div>
</simpleChoice>
</choiceInteraction>
</itemBody>
<responseProcessing>
<responseCondition>
<responseIf>
<isNull>
<variable identifier="RESPONSE"/>
</isNull>
<setOutcomeValue identifier="SCORE">
<baseValue baseType="float">0.0</baseValue>
</setOutcomeValue>
<setOutcomeValue identifier="FEEDBACK">
<baseValue baseType="identifier">FAILURE</baseValue>
</setOutcomeValue>
</responseIf>
<responseElse>
<setOutcomeValue identifier="SCORE">
<mapResponse identifier="RESPONSE"/>
</setOutcomeValue>
<responseCondition>
<responseIf>
<equal toleranceMode="relative" tolerance="0.001">
<variable identifier="SCORE"/>
<variable identifier="MAXSCORE"/>
</equal>
<setOutcomeValue identifier="FEEDBACK">
<baseValue baseType="identifier">ANSWER_CORRECT</baseValue>
</setOutcomeValue>
</responseIf>
<responseElse>
<setOutcomeValue identifier="FEEDBACK">
<baseValue baseType="identifier">FAILURE</baseValue>
</setOutcomeValue>
</responseElse>
</responseCondition>
</responseElse>
</responseCondition>
</responseProcessing>
<modalFeedback identifier="FAILURE" outcomeIdentifier="FEEDBACK" showHide="show">
<div class="textblock tvblock tvcss_1"><div class="rte_zone tveditor1">
<ul>
<li> voorspelde prestatie: 18; residu: -2 <br /> Incorrect </li>
<li> voorspelde prestatie: 20; residu: -2 <br /> Incorrect </li>
<li> voorspelde prestatie: 18; residu: +2 <br /> Incorrect </li>
<li> voorspelde prestatie: 20; residu: +2 <br /> Correct </li>
</ul>
</div>
</div>
</modalFeedback>
<modalFeedback identifier="ANSWER_CORRECT" outcomeIdentifier="FEEDBACK" showHide="show">
<div class="textblock tvblock tvcss_1"><div class="rte_zone tveditor1">
<ul>
<li> voorspelde prestatie: 18; residu: -2 <br /> Incorrect </li>
<li> voorspelde prestatie: 20; residu: -2 <br /> Incorrect </li>
<li> voorspelde prestatie: 18; residu: +2 <br /> Incorrect </li>
<li> voorspelde prestatie: 20; residu: +2 <br /> Correct </li>
</ul>
</div>
</div>
</modalFeedback>
<modalFeedback identifier="PARTIAL_CORRECT" outcomeIdentifier="FEEDBACK" showHide="show">
<div class="textblock tvblock tvcss_1"><div class="rte_zone tveditor1">
<ul>
<li> voorspelde prestatie: 18; residu: -2 <br /> Incorrect </li>
<li> voorspelde prestatie: 20; residu: -2 <br /> Incorrect </li>
<li> voorspelde prestatie: 18; residu: +2 <br /> Incorrect </li>
<li> voorspelde prestatie: 20; residu: +2 <br /> Correct </li>
</ul>
</div>
</div>
</modalFeedback>
</assessmentItem>
