<?xml version="1.0" encoding="UTF-8"?>
<assessmentItem xsi:schemaLocation="http://www.imsglobal.org/xsd/imsqti_v2p1 http://www.imsglobal.org/xsd/qti/qtiv2p1/imsqti_v2p1p1.xsd http://www.w3.org/1998/Math/MathML http://www.w3.org/Math/XMLSchema/mathml2/mathml2.xsd" identifier="uu-Descriptives-014-en-ans_309734828_section_1_item_1_schoice" title="Reliability_uu-Descriptives-014-en_uu-Descriptives-014-en_schoice_1" adaptive="false" timeDependent="false" xmlns="http://www.imsglobal.org/xsd/imsqti_v2p1" xmlns:xsi="http://www.w3.org/2001/XMLSchema-instance">
<responseDeclaration identifier="uu-Descriptives-014-en-ans_309734828_section_1_item_1_schoice_RESPONSE_1_3138561" cardinality="single" baseType="identifier">
<correctResponse>
<value>uu-Descriptives-014-en-ans_309734828_section_1_item_1_schoice_1_8230630639</value>
</correctResponse>
<mapping defaultValue="0" lowerBound="0.0">
<mapEntry mapKey="uu-Descriptives-014-en-ans_309734828_section_1_item_1_schoice_1_8230630639" mappedValue="1"/>
<mapEntry mapKey="uu-Descriptives-014-en-ans_309734828_section_1_item_1_schoice_2_7816477479" mappedValue="0"/>
<mapEntry mapKey="uu-Descriptives-014-en-ans_309734828_section_1_item_1_schoice_3_6654323447" mappedValue="0"/>
<mapEntry mapKey="uu-Descriptives-014-en-ans_309734828_section_1_item_1_schoice_4_1325379108" mappedValue="0"/>
</mapping>
</responseDeclaration>
<outcomeDeclaration identifier="SCORE" cardinality="single" baseType="float" normalMaximum="1" normalMinimum="0">
<defaultValue>
<value>0.0</value>
</defaultValue>
</outcomeDeclaration>
<outcomeDeclaration identifier="MAXSCORE" cardinality="single" baseType="float">
<defaultValue>
<value>1</value>
</defaultValue>
</outcomeDeclaration>
<outcomeDeclaration identifier="FEEDBACKBASIC" cardinality="single" baseType="identifier" view="testConstructor">
<defaultValue>
<value>empty</value>
</defaultValue>
</outcomeDeclaration>
<outcomeDeclaration identifier="FEEDBACKMODAL" cardinality="multiple" baseType="identifier" view="testConstructor"/>
<outcomeDeclaration identifier="SOLUTIONMODAL" cardinality="single" baseType="identifier" view="testConstructor"/>
<outcomeDeclaration identifier="MINSCORE" cardinality="single" baseType="float">
<defaultValue>
<value baseType="float">0</value>
</defaultValue>
</outcomeDeclaration>
<outcomeDeclaration identifier="SCORE_RESPONSE_1" cardinality="single" baseType="float">
<defaultValue>
<value>0.0</value>
</defaultValue>
</outcomeDeclaration>
<outcomeDeclaration identifier="MINSCORE_RESPONSE_1" cardinality="single" baseType="float">
<defaultValue>
<value>0.0</value>
</defaultValue>
</outcomeDeclaration>
<itemBody>
<p>For passing the theory driving exam, some learning styles are more successful than others. In research on the influence of learning styles on exam results, a separate test has been developed for each learning style. Two test developers talk to each other about the meaning of measurement error <span class="math inline">\(E\)</span> within classical test theory.</p>
<p>Evaluate the following two statements:</p>
<p>I. The measurement error E of a test does not correlate (<span class="math inline">\(r_{ET} = 0\)</span>) with the true score <span class="math inline">\(T\)</span>.
II. Between the measurement errors <span class="math inline">\(E\)</span> of the tests for the different learning styles is not consistent.</p>
<choiceInteraction responseIdentifier="uu-Descriptives-014-en-ans_309734828_section_1_item_1_schoice_RESPONSE_1_3138561" shuffle="false" maxChoices="1">
<simpleChoice identifier="uu-Descriptives-014-en-ans_309734828_section_1_item_1_schoice_1_8230630639">
<p>
 Pronunciation I and II are both correct.
</p>
</simpleChoice>
<simpleChoice identifier="uu-Descriptives-014-en-ans_309734828_section_1_item_1_schoice_2_7816477479">
<p>
 Only pronunciation I is correct.
</p>
</simpleChoice>
<simpleChoice identifier="uu-Descriptives-014-en-ans_309734828_section_1_item_1_schoice_3_6654323447">
<p>
 Only pronunciation II is correct.
</p>
</simpleChoice>
<simpleChoice identifier="uu-Descriptives-014-en-ans_309734828_section_1_item_1_schoice_4_1325379108">
<p>
 Pronunciation I and II are both incorrect.
</p>
</simpleChoice>
</choiceInteraction>
</itemBody>
<responseProcessing>
<setOutcomeValue identifier="SCORE_RESPONSE_1">
<sum>
<variable identifier="SCORE_RESPONSE_1"/>
<mapResponse identifier="uu-Descriptives-014-en-ans_309734828_section_1_item_1_schoice_RESPONSE_1_3138561"/>
</sum>
</setOutcomeValue>
<responseCondition>
<responseIf>
<lt>
<variable identifier="SCORE_RESPONSE_1"/>
<variable identifier="MINSCORE_RESPONSE_1"/>
</lt>
<setOutcomeValue identifier="SCORE_RESPONSE_1">
<variable identifier="MINSCORE_RESPONSE_1"/>
</setOutcomeValue>
</responseIf>
</responseCondition>
<responseCondition>
<responseIf>
<isNull>
<variable identifier="uu-Descriptives-014-en-ans_309734828_section_1_item_1_schoice_RESPONSE_1_3138561"/>
</isNull>
<setOutcomeValue identifier="SCORE_RESPONSE_1">
<sum>
<variable identifier="SCORE_RESPONSE_1"/>
<baseValue baseType="float">0</baseValue>
</sum>
</setOutcomeValue>
</responseIf>
</responseCondition>
<setOutcomeValue identifier="SCORE">
<sum>
<variable identifier="SCORE_RESPONSE_1"/>
</sum>
</setOutcomeValue>
<responseCondition>
<responseIf>
<lt>
<variable identifier="SCORE"/>
<variable identifier="MINSCORE"/>
</lt>
<setOutcomeValue identifier="SCORE">
<variable identifier="MINSCORE"/>
</setOutcomeValue>
</responseIf>
</responseCondition>
<responseCondition>
<responseIf>
<lt>
<variable identifier="SCORE"/>
<baseValue baseType="float">1</baseValue>
</lt>
<setOutcomeValue identifier="FEEDBACKMODAL">
<multiple>
<variable identifier="FEEDBACKMODAL"/>
<baseValue baseType="identifier">Feedback121290475</baseValue>
</multiple>
</setOutcomeValue>
</responseIf>
</responseCondition>
</responseProcessing>
<modalFeedback outcomeIdentifier="FEEDBACK" showHide="show" identifier="incorrect">
<p>Theorem 1: According to classical test theory, measurement error is <span class="math inline">\(E\)</span> independent of the true score <span class="math inline">\(T\)</span>, because <span class="math inline">\(E\)</span> is an accidental and unsystematic measurement error.</p>
<p>Theorem 2: Measurement error <span class="math inline">\(E\)</span> is accidental and unsystematic; there is no consistency among them.</p>
</modalFeedback>
</assessmentItem>
