<?xml version="1.0" encoding="utf-8" standalone="yes"?>
<assessmentItem identifier="uu-Mean-802-nl-tv_202601131820_item_1_schoice" title="uu-Mean-802-nl-tv_202601131820_item_1_schoice_uu-Mean-802-nl.Rmd" adaptive="false" timeDependent="false" toolName="Testvision Online" toolVersion="39.0.9084" xmlns="http://www.imsglobal.org/xsd/imsqti_v2p1">
<responseDeclaration identifier="RESPONSE" cardinality="single" baseType="identifier">
<correctResponse>
<value>alt_172525</value>
</correctResponse>
<mapping defaultValue="0" lowerBound="0.0">
<mapEntry mapKey="alt_417885" mappedValue="-0.333333333333333"/>
<mapEntry mapKey="alt_112305" mappedValue="-0.333333333333333"/>
<mapEntry mapKey="alt_172525" mappedValue="1"/>
<mapEntry mapKey="alt_216289" mappedValue="-0.333333333333333"/>
</mapping>
</responseDeclaration>
<outcomeDeclaration identifier="SCORE" cardinality="single" baseType="float" normalMaximum="1" normalMinimum="0" />
<outcomeDeclaration identifier="FEEDBACK" cardinality="single" baseType="identifier" />
<stylesheet href="css/uu-Mean-802-nl-tv_202601131820_item_1_schoice.css" type="text/css" />
<itemBody>
<p>In het algemeen geldt dat de standaardfout van gemiddelde M kleiner wordt, wanneer…</p>
<choiceInteraction responseIdentifier="RESPONSE" shuffle="false" maxChoices="1">
<simpleChoice identifier="alt_417885">
<div class="textblock tvblock tvcss_1"><div class="rte_zone tveditor1">
 de steekproefgrootte en de standaarddeviatie beide toenemen.
</div>
</div>
</simpleChoice>
<simpleChoice identifier="alt_112305">
<div class="textblock tvblock tvcss_1"><div class="rte_zone tveditor1">
 de steekproefgrootte en de standaarddeviatie beide afnemen.
</div>
</div>
</simpleChoice>
<simpleChoice identifier="alt_172525">
<div class="textblock tvblock tvcss_1"><div class="rte_zone tveditor1">
 de steekproefgrootte toeneemt en de standaarddeviatie afneemt.
</div>
</div>
</simpleChoice>
<simpleChoice identifier="alt_216289">
<div class="textblock tvblock tvcss_1"><div class="rte_zone tveditor1">
 de steekproefgrootte afneemt en de standaarddeviatie toeneemt.
</div>
</div>
</simpleChoice>
</choiceInteraction>
</itemBody>
<responseProcessing>
<responseCondition>
<responseIf>
<isNull>
<variable identifier="RESPONSE"/>
</isNull>
<setOutcomeValue identifier="SCORE">
<baseValue baseType="float">0.0</baseValue>
</setOutcomeValue>
<setOutcomeValue identifier="FEEDBACK">
<baseValue baseType="identifier">FAILURE</baseValue>
</setOutcomeValue>
</responseIf>
<responseElse>
<setOutcomeValue identifier="SCORE">
<mapResponse identifier="RESPONSE"/>
</setOutcomeValue>
<responseCondition>
<responseIf>
<equal toleranceMode="relative" tolerance="0.001">
<variable identifier="SCORE"/>
<variable identifier="MAXSCORE"/>
</equal>
<setOutcomeValue identifier="FEEDBACK">
<baseValue baseType="identifier">ANSWER_CORRECT</baseValue>
</setOutcomeValue>
</responseIf>
<responseElse>
<setOutcomeValue identifier="FEEDBACK">
<baseValue baseType="identifier">FAILURE</baseValue>
</setOutcomeValue>
</responseElse>
</responseCondition>
</responseElse>
</responseCondition>
</responseProcessing>
<modalFeedback identifier="FAILURE" outcomeIdentifier="FEEDBACK" showHide="show">
<div class="textblock tvblock tvcss_1"><div class="rte_zone tveditor1">
</div>
</div>
</modalFeedback>
<modalFeedback identifier="ANSWER_CORRECT" outcomeIdentifier="FEEDBACK" showHide="show">
<div class="textblock tvblock tvcss_1"><div class="rte_zone tveditor1">
</div>
</div>
</modalFeedback>
<modalFeedback identifier="PARTIAL_CORRECT" outcomeIdentifier="FEEDBACK" showHide="show">
<div class="textblock tvblock tvcss_1"><div class="rte_zone tveditor1">
</div>
</div>
</modalFeedback>
</assessmentItem>
