<?xml version="1.0" encoding="UTF-8"?>
<assessmentItem xsi:schemaLocation="http://www.imsglobal.org/xsd/imsqti_v2p1 http://www.imsglobal.org/xsd/qti/qtiv2p1/imsqti_v2p1p1.xsd http://www.w3.org/1998/Math/MathML http://www.w3.org/Math/XMLSchema/mathml2/mathml2.xsd" identifier="uva-confidence-level-854-en-qti_323009406_section_1_item_1_schoice" title="1" adaptive="false" timeDependent="false" xmlns="http://www.imsglobal.org/xsd/imsqti_v2p1" xmlns:xsi="http://www.w3.org/2001/XMLSchema-instance">
<responseDeclaration identifier="uva-confidence-level-854-en-qti_323009406_section_1_item_1_schoice_RESPONSE_1_1929535" cardinality="single" baseType="identifier">
<correctResponse>
<value>uva-confidence-level-854-en-qti_323009406_section_1_item_1_schoice_3_1737779634</value>
</correctResponse>
<mapping defaultValue="0" lowerBound="0.0">
<mapEntry mapKey="uva-confidence-level-854-en-qti_323009406_section_1_item_1_schoice_1_7895180608" mappedValue="0"/>
<mapEntry mapKey="uva-confidence-level-854-en-qti_323009406_section_1_item_1_schoice_2_1216710911" mappedValue="0"/>
<mapEntry mapKey="uva-confidence-level-854-en-qti_323009406_section_1_item_1_schoice_3_1737779634" mappedValue="1"/>
</mapping>
</responseDeclaration>
<outcomeDeclaration identifier="SCORE" cardinality="single" baseType="float" normalMaximum="1" normalMinimum="0">
<defaultValue>
<value>0.0</value>
</defaultValue>
</outcomeDeclaration>
<outcomeDeclaration identifier="MAXSCORE" cardinality="single" baseType="float">
<defaultValue>
<value>1</value>
</defaultValue>
</outcomeDeclaration>
<outcomeDeclaration identifier="FEEDBACKBASIC" cardinality="single" baseType="identifier" view="testConstructor">
<defaultValue>
<value>empty</value>
</defaultValue>
</outcomeDeclaration>
<outcomeDeclaration identifier="FEEDBACKMODAL" cardinality="multiple" baseType="identifier" view="testConstructor"/>
<outcomeDeclaration identifier="SOLUTIONMODAL" cardinality="single" baseType="identifier" view="testConstructor"/>
<outcomeDeclaration identifier="MINSCORE" cardinality="single" baseType="float">
<defaultValue>
<value baseType="float">0</value>
</defaultValue>
</outcomeDeclaration>
<outcomeDeclaration identifier="SCORE_RESPONSE_1" cardinality="single" baseType="float">
<defaultValue>
<value>0.0</value>
</defaultValue>
</outcomeDeclaration>
<outcomeDeclaration identifier="MINSCORE_RESPONSE_1" cardinality="single" baseType="float">
<defaultValue>
<value>0.0</value>
</defaultValue>
</outcomeDeclaration>
<itemBody>
<p>Maurits de Herder finds in a <em>random sample</em> of 500 people that if there were elections now, 30% would vote for the VVD. The <em>margin of error</em> of this result at a <em>confidence level</em> of 95% is equal to</p>
<choiceInteraction responseIdentifier="uva-confidence-level-854-en-qti_323009406_section_1_item_1_schoice_RESPONSE_1_1929535" shuffle="false" maxChoices="1">
<simpleChoice identifier="uva-confidence-level-854-en-qti_323009406_section_1_item_1_schoice_1_7895180608">
<p>
 0.02
</p>
</simpleChoice>
<simpleChoice identifier="uva-confidence-level-854-en-qti_323009406_section_1_item_1_schoice_2_1216710911">
<p>
 0.03
</p>
</simpleChoice>
<simpleChoice identifier="uva-confidence-level-854-en-qti_323009406_section_1_item_1_schoice_3_1737779634">
<p>
 0.04
</p>
</simpleChoice>
</choiceInteraction>
</itemBody>
<responseProcessing>
<setOutcomeValue identifier="SCORE_RESPONSE_1">
<sum>
<variable identifier="SCORE_RESPONSE_1"/>
<mapResponse identifier="uva-confidence-level-854-en-qti_323009406_section_1_item_1_schoice_RESPONSE_1_1929535"/>
</sum>
</setOutcomeValue>
<responseCondition>
<responseIf>
<lt>
<variable identifier="SCORE_RESPONSE_1"/>
<variable identifier="MINSCORE_RESPONSE_1"/>
</lt>
<setOutcomeValue identifier="SCORE_RESPONSE_1">
<variable identifier="MINSCORE_RESPONSE_1"/>
</setOutcomeValue>
</responseIf>
</responseCondition>
<responseCondition>
<responseIf>
<isNull>
<variable identifier="uva-confidence-level-854-en-qti_323009406_section_1_item_1_schoice_RESPONSE_1_1929535"/>
</isNull>
<setOutcomeValue identifier="SCORE_RESPONSE_1">
<sum>
<variable identifier="SCORE_RESPONSE_1"/>
<baseValue baseType="float">0</baseValue>
</sum>
</setOutcomeValue>
</responseIf>
</responseCondition>
<setOutcomeValue identifier="SCORE">
<sum>
<variable identifier="SCORE_RESPONSE_1"/>
</sum>
</setOutcomeValue>
<responseCondition>
<responseIf>
<lt>
<variable identifier="SCORE"/>
<variable identifier="MINSCORE"/>
</lt>
<setOutcomeValue identifier="SCORE">
<variable identifier="MINSCORE"/>
</setOutcomeValue>
</responseIf>
</responseCondition>
<responseCondition>
<responseIf>
<lt>
<variable identifier="SCORE"/>
<baseValue baseType="float">1</baseValue>
</lt>
<setOutcomeValue identifier="FEEDBACKMODAL">
<multiple>
<variable identifier="FEEDBACKMODAL"/>
<baseValue baseType="identifier">Feedback486877002</baseValue>
</multiple>
</setOutcomeValue>
</responseIf>
</responseCondition>
</responseProcessing>
<modalFeedback identifier="Feedback486877002" outcomeIdentifier="FEEDBACKMODAL" showHide="show">
<ul>
<li> 0.02 <br /> 0.02: Incorrect </li>
<li> 0.03 <br /> 0.03: Incorrect </li>
<li> 0.04 <br /> 0.04: Correct </li>
</ul>
</modalFeedback>
</assessmentItem>
