<?xml version="1.0" encoding="utf-8" standalone="yes"?>
<assessmentItem identifier="vufgb-odds-003-nl_202209051539_item_1_schoice" title="vufgb-odds-003-nl_202209051539_item_1_schoice_vufgb-odds-003-nl" adaptive="false" timeDependent="false" toolName="Testvision Online" toolVersion="39.0.9084" xmlns="http://www.imsglobal.org/xsd/imsqti_v2p1">
<responseDeclaration identifier="RESPONSE" cardinality="single" baseType="identifier">
<correctResponse>
<value>alt_124170</value>
</correctResponse>
<mapping defaultValue="0" lowerBound="0.0">
<mapEntry mapKey="alt_713165" mappedValue="-0.333333333333333"/>
<mapEntry mapKey="alt_218271" mappedValue="-0.333333333333333"/>
<mapEntry mapKey="alt_561016" mappedValue="-0.333333333333333"/>
<mapEntry mapKey="alt_124170" mappedValue="1"/>
</mapping>
</responseDeclaration>
<outcomeDeclaration identifier="SCORE" cardinality="single" baseType="float" normalMaximum="1" normalMinimum="0" />
<outcomeDeclaration identifier="FEEDBACK" cardinality="single" baseType="identifier" />
<itemBody>
<p>Gegeven is onderstaande kruistabel. Vul aan.</p>
<p>De odds om te slagen voor psychologie- studenten is … . Deze odds is … dan de odds voor pedagogiekstudenten.</p>
<p><img src="mediafiles/supplements1/vufgb-odds-003-nl-table01.jpg" alt="image"/></p>
<choiceInteraction responseIdentifier="RESPONSE" shuffle="false" maxChoices="1">
<simpleChoice identifier="alt_713165">
<div class="textblock tvblock tvcss_1"><div class="rte_zone tveditor1">
a. 0.70, groter
</div>
</div>
</simpleChoice>
<simpleChoice identifier="alt_218271">
<div class="textblock tvblock tvcss_1"><div class="rte_zone tveditor1">
b. 0.70, kleiner
</div>
</div>
</simpleChoice>
<simpleChoice identifier="alt_561016">
<div class="textblock tvblock tvcss_1"><div class="rte_zone tveditor1">
c. 2.33, kleiner
</div>
</div>
</simpleChoice>
<simpleChoice identifier="alt_124170">
<div class="textblock tvblock tvcss_1"><div class="rte_zone tveditor1">
d. 2.33, groter
</div>
</div>
</simpleChoice>
</choiceInteraction>
</itemBody>
<responseProcessing>
<responseCondition>
<responseIf>
<isNull>
<variable identifier="RESPONSE"/>
</isNull>
<setOutcomeValue identifier="SCORE">
<baseValue baseType="float">0.0</baseValue>
</setOutcomeValue>
<setOutcomeValue identifier="FEEDBACK">
<baseValue baseType="identifier">FAILURE</baseValue>
</setOutcomeValue>
</responseIf>
<responseElse>
<setOutcomeValue identifier="SCORE">
<mapResponse identifier="RESPONSE"/>
</setOutcomeValue>
<responseCondition>
<responseIf>
<equal toleranceMode="relative" tolerance="0.001">
<variable identifier="SCORE"/>
<variable identifier="MAXSCORE"/>
</equal>
<setOutcomeValue identifier="FEEDBACK">
<baseValue baseType="identifier">ANSWER_CORRECT</baseValue>
</setOutcomeValue>
</responseIf>
<responseElse>
<setOutcomeValue identifier="FEEDBACK">
<baseValue baseType="identifier">FAILURE</baseValue>
</setOutcomeValue>
</responseElse>
</responseCondition>
</responseElse>
</responseCondition>
</responseProcessing>
<modalFeedback identifier="FAILURE" outcomeIdentifier="FEEDBACK" showHide="show">
<div class="textblock tvblock tvcss_1"><div class="rte_zone tveditor1">
<ol>
<li> 0.70, groter <br /> Incorrect </li>
<li> 0.70, kleiner <br /> Incorrect </li>
<li> 2.33, kleiner <br /> Incorrect </li>
<li> 2.33, groter <br /> Correct </li>
</ol>
</div>
</div>
</modalFeedback>
<modalFeedback identifier="ANSWER_CORRECT" outcomeIdentifier="FEEDBACK" showHide="show">
<div class="textblock tvblock tvcss_1"><div class="rte_zone tveditor1">
<ol>
<li> 0.70, groter <br /> Incorrect </li>
<li> 0.70, kleiner <br /> Incorrect </li>
<li> 2.33, kleiner <br /> Incorrect </li>
<li> 2.33, groter <br /> Correct </li>
</ol>
</div>
</div>
</modalFeedback>
<modalFeedback identifier="PARTIAL_CORRECT" outcomeIdentifier="FEEDBACK" showHide="show">
<div class="textblock tvblock tvcss_1"><div class="rte_zone tveditor1">
<ol>
<li> 0.70, groter <br /> Incorrect </li>
<li> 0.70, kleiner <br /> Incorrect </li>
<li> 2.33, kleiner <br /> Incorrect </li>
<li> 2.33, groter <br /> Correct </li>
</ol>
</div>
</div>
</modalFeedback>
</assessmentItem>
