<?xml version="1.0" encoding="UTF-8"?>
<assessmentItem xsi:schemaLocation="http://www.imsglobal.org/xsd/imsqti_v2p1 http://www.imsglobal.org/xsd/qti/qtiv2p1/imsqti_v2p1p1.xsd http://www.w3.org/1998/Math/MathML http://www.w3.org/Math/XMLSchema/mathml2/mathml2.xsd" identifier="vufgb-regressionftest-001-nl-ans_525156074_section_1_item_1_schoice" title="Inferential_Statistics_vufgb-regressionftest-001-nl_vufgb-regressionftest-001-nl_schoice_1" adaptive="false" timeDependent="false" xmlns="http://www.imsglobal.org/xsd/imsqti_v2p1" xmlns:xsi="http://www.w3.org/2001/XMLSchema-instance">
<responseDeclaration identifier="vufgb-regressionftest-001-nl-ans_525156074_section_1_item_1_schoice_RESPONSE_1_3569093" cardinality="single" baseType="identifier">
<correctResponse>
<value>vufgb-regressionftest-001-nl-ans_525156074_section_1_item_1_schoice_2_5794410455</value>
</correctResponse>
<mapping defaultValue="0" lowerBound="0.0">
<mapEntry mapKey="vufgb-regressionftest-001-nl-ans_525156074_section_1_item_1_schoice_1_1576879994" mappedValue="0"/>
<mapEntry mapKey="vufgb-regressionftest-001-nl-ans_525156074_section_1_item_1_schoice_2_5794410455" mappedValue="1"/>
<mapEntry mapKey="vufgb-regressionftest-001-nl-ans_525156074_section_1_item_1_schoice_3_4980558999" mappedValue="0"/>
<mapEntry mapKey="vufgb-regressionftest-001-nl-ans_525156074_section_1_item_1_schoice_4_9766787745" mappedValue="0"/>
</mapping>
</responseDeclaration>
<outcomeDeclaration identifier="SCORE" cardinality="single" baseType="float" normalMaximum="1" normalMinimum="0">
<defaultValue>
<value>0.0</value>
</defaultValue>
</outcomeDeclaration>
<outcomeDeclaration identifier="MAXSCORE" cardinality="single" baseType="float">
<defaultValue>
<value>1</value>
</defaultValue>
</outcomeDeclaration>
<outcomeDeclaration identifier="FEEDBACKBASIC" cardinality="single" baseType="identifier" view="testConstructor">
<defaultValue>
<value>empty</value>
</defaultValue>
</outcomeDeclaration>
<outcomeDeclaration identifier="FEEDBACKMODAL" cardinality="multiple" baseType="identifier" view="testConstructor"/>
<outcomeDeclaration identifier="SOLUTIONMODAL" cardinality="single" baseType="identifier" view="testConstructor"/>
<outcomeDeclaration identifier="MINSCORE" cardinality="single" baseType="float">
<defaultValue>
<value baseType="float">0</value>
</defaultValue>
</outcomeDeclaration>
<outcomeDeclaration identifier="SCORE_RESPONSE_1" cardinality="single" baseType="float">
<defaultValue>
<value>0.0</value>
</defaultValue>
</outcomeDeclaration>
<outcomeDeclaration identifier="MINSCORE_RESPONSE_1" cardinality="single" baseType="float">
<defaultValue>
<value>0.0</value>
</defaultValue>
</outcomeDeclaration>
<itemBody>
<p>De onderstaande tabel betreft de resultaten van 6
personen die via randomisatie over drie onderzoeksgroepen A, B en C zijn verdeeld. Uit de tabel is af te leiden dat de gemiddelden in de groepen A, B, en C, repectievelijk, 6, 6 en 8 zijn.</p>
<p><img src="media/supplements1/vufgb-regressionftest-001-nl-table01.jpg" /></p>
<p>Wanneer levert de toetsing van het effect van de factor ‘Onderzoeksgroep’ een significant resultaat op (<span class="math inline">\(\alpha\)</span> = 5%)?</p>
<choiceInteraction responseIdentifier="vufgb-regressionftest-001-nl-ans_525156074_section_1_item_1_schoice_RESPONSE_1_3569093" shuffle="false" maxChoices="1">
<simpleChoice identifier="vufgb-regressionftest-001-nl-ans_525156074_section_1_item_1_schoice_1_1576879994">
<p>
 Als de gevonden F-ratio groter is dan de kritieke waarde 19.20.
</p>
</simpleChoice>
<simpleChoice identifier="vufgb-regressionftest-001-nl-ans_525156074_section_1_item_1_schoice_2_5794410455">
<p>
 Als de gevonden F-ratio kleiner is dan de kritieke waarde 19.20.
</p>
</simpleChoice>
<simpleChoice identifier="vufgb-regressionftest-001-nl-ans_525156074_section_1_item_1_schoice_3_4980558999">
<p>
 Als de gevonden F-ratio groter is dan de kritieke waarde 9.55.
</p>
</simpleChoice>
<simpleChoice identifier="vufgb-regressionftest-001-nl-ans_525156074_section_1_item_1_schoice_4_9766787745">
<p>
 Als de gevonden F-ratio kleiner is dan de kritieke waarde 9.55.
</p>
</simpleChoice>
</choiceInteraction>
</itemBody>
<responseProcessing>
<setOutcomeValue identifier="SCORE_RESPONSE_1">
<sum>
<variable identifier="SCORE_RESPONSE_1"/>
<mapResponse identifier="vufgb-regressionftest-001-nl-ans_525156074_section_1_item_1_schoice_RESPONSE_1_3569093"/>
</sum>
</setOutcomeValue>
<responseCondition>
<responseIf>
<lt>
<variable identifier="SCORE_RESPONSE_1"/>
<variable identifier="MINSCORE_RESPONSE_1"/>
</lt>
<setOutcomeValue identifier="SCORE_RESPONSE_1">
<variable identifier="MINSCORE_RESPONSE_1"/>
</setOutcomeValue>
</responseIf>
</responseCondition>
<responseCondition>
<responseIf>
<isNull>
<variable identifier="vufgb-regressionftest-001-nl-ans_525156074_section_1_item_1_schoice_RESPONSE_1_3569093"/>
</isNull>
<setOutcomeValue identifier="SCORE_RESPONSE_1">
<sum>
<variable identifier="SCORE_RESPONSE_1"/>
<baseValue baseType="float">0</baseValue>
</sum>
</setOutcomeValue>
</responseIf>
</responseCondition>
<setOutcomeValue identifier="SCORE">
<sum>
<variable identifier="SCORE_RESPONSE_1"/>
</sum>
</setOutcomeValue>
<responseCondition>
<responseIf>
<lt>
<variable identifier="SCORE"/>
<variable identifier="MINSCORE"/>
</lt>
<setOutcomeValue identifier="SCORE">
<variable identifier="MINSCORE"/>
</setOutcomeValue>
</responseIf>
</responseCondition>
<responseCondition>
<responseIf>
<lt>
<variable identifier="SCORE"/>
<baseValue baseType="float">1</baseValue>
</lt>
<setOutcomeValue identifier="FEEDBACKMODAL">
<multiple>
<variable identifier="FEEDBACKMODAL"/>
<baseValue baseType="identifier">Feedback122245559</baseValue>
</multiple>
</setOutcomeValue>
</responseIf>
</responseCondition>
</responseProcessing>
<modalFeedback outcomeIdentifier="FEEDBACK" showHide="show" identifier="incorrect">
<ul>
<li> Als de gevonden F-ratio groter is dan de kritieke waarde 19.20. <br /> Incorrect </li>
<li> Als de gevonden F-ratio kleiner is dan de kritieke waarde 19.20. <br /> Correct </li>
<li> Als de gevonden F-ratio groter is dan de kritieke waarde 9.55. <br /> Incorrect </li>
<li> Als de gevonden F-ratio kleiner is dan de kritieke waarde 9.55. <br /> Incorrect </li>
</ul>
</modalFeedback>
</assessmentItem>
