<?xml version="1.0" encoding="utf-8" standalone="yes"?>
<assessmentItem identifier="uva-multiplication-rule-452-nl-tv_202403081018_item_1_schoice" title="uva-multiplication-rule-452-nl-tv_202403081018_item_1_schoice_uva-multiplication-rule-452-nl" adaptive="false" timeDependent="false" toolName="Testvision Online" toolVersion="39.0.9084" xmlns="http://www.imsglobal.org/xsd/imsqti_v2p1">
<responseDeclaration identifier="RESPONSE" cardinality="single" baseType="identifier">
<correctResponse>
<value>alt_185809</value>
</correctResponse>
<mapping defaultValue="0" lowerBound="0.0">
<mapEntry mapKey="alt_185809" mappedValue="1"/>
<mapEntry mapKey="alt_127159" mappedValue="-0.333333333333333"/>
<mapEntry mapKey="alt_361419" mappedValue="-0.333333333333333"/>
<mapEntry mapKey="alt_979337" mappedValue="-0.333333333333333"/>
</mapping>
</responseDeclaration>
<outcomeDeclaration identifier="SCORE" cardinality="single" baseType="float" normalMaximum="1" normalMinimum="0" />
<outcomeDeclaration identifier="FEEDBACK" cardinality="single" baseType="identifier" />
<itemBody>
<p>Uit een populatie mannen waarvan de lengte is verdeeld volgens een
normale verdeling met μ = 175 en σ = 8 worden aselect en onafhankelijk
van elkaar twee mannen getrokken. De kans dat beide mannen groter zijn
dan 179 is</p>
<choiceInteraction responseIdentifier="RESPONSE" shuffle="false" maxChoices="1">
<simpleChoice identifier="alt_185809">
<div class="textblock tvblock tvcss_1"><div class="rte_zone tveditor1">
 0.0952
</div>
</div>
</simpleChoice>
<simpleChoice identifier="alt_127159">
<div class="textblock tvblock tvcss_1"><div class="rte_zone tveditor1">
 0.3085
</div>
</div>
</simpleChoice>
<simpleChoice identifier="alt_361419">
<div class="textblock tvblock tvcss_1"><div class="rte_zone tveditor1">
 0.4782
</div>
</div>
</simpleChoice>
<simpleChoice identifier="alt_979337">
<div class="textblock tvblock tvcss_1"><div class="rte_zone tveditor1">
 0.617
</div>
</div>
</simpleChoice>
</choiceInteraction>
</itemBody>
<responseProcessing>
<responseCondition>
<responseIf>
<isNull>
<variable identifier="RESPONSE"/>
</isNull>
<setOutcomeValue identifier="SCORE">
<baseValue baseType="float">0.0</baseValue>
</setOutcomeValue>
<setOutcomeValue identifier="FEEDBACK">
<baseValue baseType="identifier">FAILURE</baseValue>
</setOutcomeValue>
</responseIf>
<responseElse>
<setOutcomeValue identifier="SCORE">
<mapResponse identifier="RESPONSE"/>
</setOutcomeValue>
<responseCondition>
<responseIf>
<equal toleranceMode="relative" tolerance="0.001">
<variable identifier="SCORE"/>
<variable identifier="MAXSCORE"/>
</equal>
<setOutcomeValue identifier="FEEDBACK">
<baseValue baseType="identifier">ANSWER_CORRECT</baseValue>
</setOutcomeValue>
</responseIf>
<responseElse>
<setOutcomeValue identifier="FEEDBACK">
<baseValue baseType="identifier">FAILURE</baseValue>
</setOutcomeValue>
</responseElse>
</responseCondition>
</responseElse>
</responseCondition>
</responseProcessing>
<modalFeedback identifier="FAILURE" outcomeIdentifier="FEEDBACK" showHide="show">
<div class="textblock tvblock tvcss_1"><div class="rte_zone tveditor1">
<p>Het correcte antwoord is:</p>
<ul>
<li>0.0952</li>
</ul>
</div>
</div>
</modalFeedback>
<modalFeedback identifier="ANSWER_CORRECT" outcomeIdentifier="FEEDBACK" showHide="show">
<div class="textblock tvblock tvcss_1"><div class="rte_zone tveditor1">
<p>Het correcte antwoord is:</p>
<ul>
<li>0.0952</li>
</ul>
</div>
</div>
</modalFeedback>
<modalFeedback identifier="PARTIAL_CORRECT" outcomeIdentifier="FEEDBACK" showHide="show">
<div class="textblock tvblock tvcss_1"><div class="rte_zone tveditor1">
<p>Het correcte antwoord is:</p>
<ul>
<li>0.0952</li>
</ul>
</div>
</div>
</modalFeedback>
</assessmentItem>
