<?xml version="1.0" encoding="UTF-8"?>
<assessmentItem xsi:schemaLocation="http://www.imsglobal.org/xsd/imsqti_v2p1 http://www.imsglobal.org/xsd/qti/qtiv2p1/imsqti_v2p1p1.xsd http://www.w3.org/1998/Math/MathML http://www.w3.org/Math/XMLSchema/mathml2/mathml2.xsd" identifier="vufgb-multiplelinearregression-034-en-ans_554810831_section_1_item_1_schoice" title="Inferential_Statistics_vufgb-multiplelinearregression-034-en_vufgb-multiplelinearregression-034-en_schoice_1" adaptive="false" timeDependent="false" xmlns="http://www.imsglobal.org/xsd/imsqti_v2p1" xmlns:xsi="http://www.w3.org/2001/XMLSchema-instance">
<responseDeclaration identifier="vufgb-multiplelinearregression-034-en-ans_554810831_section_1_item_1_schoice_RESPONSE_1_1187058" cardinality="single" baseType="identifier">
<correctResponse>
<value>vufgb-multiplelinearregression-034-en-ans_554810831_section_1_item_1_schoice_2_1552082501</value>
</correctResponse>
<mapping defaultValue="0" lowerBound="0.0">
<mapEntry mapKey="vufgb-multiplelinearregression-034-en-ans_554810831_section_1_item_1_schoice_1_1840239955" mappedValue="0"/>
<mapEntry mapKey="vufgb-multiplelinearregression-034-en-ans_554810831_section_1_item_1_schoice_2_1552082501" mappedValue="1"/>
<mapEntry mapKey="vufgb-multiplelinearregression-034-en-ans_554810831_section_1_item_1_schoice_3_9787970861" mappedValue="0"/>
<mapEntry mapKey="vufgb-multiplelinearregression-034-en-ans_554810831_section_1_item_1_schoice_4_2400101178" mappedValue="0"/>
</mapping>
</responseDeclaration>
<outcomeDeclaration identifier="SCORE" cardinality="single" baseType="float" normalMaximum="1" normalMinimum="0">
<defaultValue>
<value>0.0</value>
</defaultValue>
</outcomeDeclaration>
<outcomeDeclaration identifier="MAXSCORE" cardinality="single" baseType="float">
<defaultValue>
<value>1</value>
</defaultValue>
</outcomeDeclaration>
<outcomeDeclaration identifier="FEEDBACKBASIC" cardinality="single" baseType="identifier" view="testConstructor">
<defaultValue>
<value>empty</value>
</defaultValue>
</outcomeDeclaration>
<outcomeDeclaration identifier="FEEDBACKMODAL" cardinality="multiple" baseType="identifier" view="testConstructor"/>
<outcomeDeclaration identifier="SOLUTIONMODAL" cardinality="single" baseType="identifier" view="testConstructor"/>
<outcomeDeclaration identifier="MINSCORE" cardinality="single" baseType="float">
<defaultValue>
<value baseType="float">0</value>
</defaultValue>
</outcomeDeclaration>
<outcomeDeclaration identifier="SCORE_RESPONSE_1" cardinality="single" baseType="float">
<defaultValue>
<value>0.0</value>
</defaultValue>
</outcomeDeclaration>
<outcomeDeclaration identifier="MINSCORE_RESPONSE_1" cardinality="single" baseType="float">
<defaultValue>
<value>0.0</value>
</defaultValue>
</outcomeDeclaration>
<itemBody>
<p>In a sample of 100 individuals, a multiple regression model with two predictors and the interaction between predictors is estimated. The <em>b</em> of the interaction term is 0.75, the <em>se</em> is 0.50.</p>
<p>Test for significant interaction.</p>
<choiceInteraction responseIdentifier="vufgb-multiplelinearregression-034-en-ans_554810831_section_1_item_1_schoice_RESPONSE_1_1187058" shuffle="false" maxChoices="1">
<simpleChoice identifier="vufgb-multiplelinearregression-034-en-ans_554810831_section_1_item_1_schoice_1_1840239955">
<p>
 <span class="math inline">\(t(df = 96) = 1.50,\;0.05 &lt; p &lt; 0.10\)</span>. Interaction is not significant.
</p>
</simpleChoice>
<simpleChoice identifier="vufgb-multiplelinearregression-034-en-ans_554810831_section_1_item_1_schoice_2_1552082501">
<p>
 <span class="math inline">\(t(df = 96) = 1.50,\;0.10 &lt; p &lt; 0.20\)</span>. Interaction is not significant.
</p>
</simpleChoice>
<simpleChoice identifier="vufgb-multiplelinearregression-034-en-ans_554810831_section_1_item_1_schoice_3_9787970861">
<p>
 <span class="math inline">\(t(df = 96) = 2.25,\;0.02 &lt; p &lt; 0.05\)</span>. Interaction is significant.
</p>
</simpleChoice>
<simpleChoice identifier="vufgb-multiplelinearregression-034-en-ans_554810831_section_1_item_1_schoice_4_2400101178">
<p>
 <span class="math inline">\(t(df = 96) = 2.25,\;0.01 &lt; p &lt; 0.025\)</span>. Interaction is significant.
</p>
</simpleChoice>
</choiceInteraction>
</itemBody>
<responseProcessing>
<setOutcomeValue identifier="SCORE_RESPONSE_1">
<sum>
<variable identifier="SCORE_RESPONSE_1"/>
<mapResponse identifier="vufgb-multiplelinearregression-034-en-ans_554810831_section_1_item_1_schoice_RESPONSE_1_1187058"/>
</sum>
</setOutcomeValue>
<responseCondition>
<responseIf>
<lt>
<variable identifier="SCORE_RESPONSE_1"/>
<variable identifier="MINSCORE_RESPONSE_1"/>
</lt>
<setOutcomeValue identifier="SCORE_RESPONSE_1">
<variable identifier="MINSCORE_RESPONSE_1"/>
</setOutcomeValue>
</responseIf>
</responseCondition>
<responseCondition>
<responseIf>
<isNull>
<variable identifier="vufgb-multiplelinearregression-034-en-ans_554810831_section_1_item_1_schoice_RESPONSE_1_1187058"/>
</isNull>
<setOutcomeValue identifier="SCORE_RESPONSE_1">
<sum>
<variable identifier="SCORE_RESPONSE_1"/>
<baseValue baseType="float">0</baseValue>
</sum>
</setOutcomeValue>
</responseIf>
</responseCondition>
<setOutcomeValue identifier="SCORE">
<sum>
<variable identifier="SCORE_RESPONSE_1"/>
</sum>
</setOutcomeValue>
<responseCondition>
<responseIf>
<lt>
<variable identifier="SCORE"/>
<variable identifier="MINSCORE"/>
</lt>
<setOutcomeValue identifier="SCORE">
<variable identifier="MINSCORE"/>
</setOutcomeValue>
</responseIf>
</responseCondition>
<responseCondition>
<responseIf>
<lt>
<variable identifier="SCORE"/>
<baseValue baseType="float">1</baseValue>
</lt>
<setOutcomeValue identifier="FEEDBACKMODAL">
<multiple>
<variable identifier="FEEDBACKMODAL"/>
<baseValue baseType="identifier">Feedback679116741</baseValue>
</multiple>
</setOutcomeValue>
</responseIf>
</responseCondition>
</responseProcessing>
<modalFeedback outcomeIdentifier="FEEDBACK" showHide="show" identifier="incorrect">
<ul>
<li> <span class="math inline">\(t(df = 96) = 1.50,\;0.05 &lt; p &lt; 0.10\)</span>. Interaction is not significant. <br /> Incorrect </li>
<li> <span class="math inline">\(t(df = 96) = 1.50,\;0.10 &lt; p &lt; 0.20\)</span>. Interaction is not significant. <br /> Correct </li>
<li> <span class="math inline">\(t(df = 96) = 2.25,\;0.02 &lt; p &lt; 0.05\)</span>. Interaction is significant. <br /> Incorrect </li>
<li> <span class="math inline">\(t(df = 96) = 2.25,\;0.01 &lt; p &lt; 0.025\)</span>. Interaction is significant. <br /> Incorrect </li>
</ul>
</modalFeedback>
</assessmentItem>
