<?xml version="1.0" encoding="UTF-8"?>
<assessmentItem xsi:schemaLocation="http://www.imsglobal.org/xsd/imsqti_v2p1 http://www.imsglobal.org/xsd/qti/qtiv2p1/imsqti_v2p1p1.xsd http://www.w3.org/1998/Math/MathML http://www.w3.org/Math/XMLSchema/mathml2/mathml2.xsd" identifier="uu-Power-821-nl-qti_465634028_section_1_item_1_schoice" title="1" adaptive="false" timeDependent="false" xmlns="http://www.imsglobal.org/xsd/imsqti_v2p1" xmlns:xsi="http://www.w3.org/2001/XMLSchema-instance">
<responseDeclaration identifier="uu-Power-821-nl-qti_465634028_section_1_item_1_schoice_RESPONSE_1_4296830" cardinality="single" baseType="identifier">
<correctResponse>
<value>uu-Power-821-nl-qti_465634028_section_1_item_1_schoice_4_1632316211</value>
</correctResponse>
<mapping defaultValue="0" lowerBound="0.0">
<mapEntry mapKey="uu-Power-821-nl-qti_465634028_section_1_item_1_schoice_1_6800456527" mappedValue="0"/>
<mapEntry mapKey="uu-Power-821-nl-qti_465634028_section_1_item_1_schoice_2_1787995627" mappedValue="0"/>
<mapEntry mapKey="uu-Power-821-nl-qti_465634028_section_1_item_1_schoice_3_8205248692" mappedValue="0"/>
<mapEntry mapKey="uu-Power-821-nl-qti_465634028_section_1_item_1_schoice_4_1632316211" mappedValue="1"/>
</mapping>
</responseDeclaration>
<outcomeDeclaration identifier="SCORE" cardinality="single" baseType="float" normalMaximum="1" normalMinimum="0">
<defaultValue>
<value>0.0</value>
</defaultValue>
</outcomeDeclaration>
<outcomeDeclaration identifier="MAXSCORE" cardinality="single" baseType="float">
<defaultValue>
<value>1</value>
</defaultValue>
</outcomeDeclaration>
<outcomeDeclaration identifier="FEEDBACKBASIC" cardinality="single" baseType="identifier" view="testConstructor">
<defaultValue>
<value>empty</value>
</defaultValue>
</outcomeDeclaration>
<outcomeDeclaration identifier="FEEDBACKMODAL" cardinality="multiple" baseType="identifier" view="testConstructor"/>
<outcomeDeclaration identifier="SOLUTIONMODAL" cardinality="single" baseType="identifier" view="testConstructor"/>
<outcomeDeclaration identifier="MINSCORE" cardinality="single" baseType="float">
<defaultValue>
<value baseType="float">0</value>
</defaultValue>
</outcomeDeclaration>
<outcomeDeclaration identifier="SCORE_RESPONSE_1" cardinality="single" baseType="float">
<defaultValue>
<value>0.0</value>
</defaultValue>
</outcomeDeclaration>
<outcomeDeclaration identifier="MINSCORE_RESPONSE_1" cardinality="single" baseType="float">
<defaultValue>
<value>0.0</value>
</defaultValue>
</outcomeDeclaration>
<itemBody>
<p>Een onderzoeker bekijkt de relatie tussen motivatie op het werk en ziekteverlof. Hij vindt een correlatie van r = .28 met df = 28. Hij presenteert de resultaten als volgt:
“Er was geen significante correlatie tussen motivatie op het werk en ziekteverlof.” Een tweede onderzoeker vindt een correlatie van r = .26 met df = 80. Zij presenteert het volgende: “Er was een kleine, maar significante correlatie tussen motivatie op het werk en ziekteverlof.”</p>
<p>Beiden hebben getoetst op 5%.</p>
<p>Hoe is dit mogelijk?</p>
<choiceInteraction responseIdentifier="uu-Power-821-nl-qti_465634028_section_1_item_1_schoice_RESPONSE_1_4296830" shuffle="false" maxChoices="1">
<simpleChoice identifier="uu-Power-821-nl-qti_465634028_section_1_item_1_schoice_1_6800456527">
<p>
 De eerste onderzoeker had een grotere <math display="inline" xmlns="http://www.w3.org/1998/Math/MathML"><semantics><mi>α</mi><annotation encoding="application/x-tex">\alpha</annotation></semantics></math> moeten gebruiken.
</p>
</simpleChoice>
<simpleChoice identifier="uu-Power-821-nl-qti_465634028_section_1_item_1_schoice_2_1787995627">
<p>
 De eerste onderzoeker heeft een type I fout gemaakt.
</p>
</simpleChoice>
<simpleChoice identifier="uu-Power-821-nl-qti_465634028_section_1_item_1_schoice_3_8205248692">
<p>
 De tweede onderzoeker heeft een lagere power.
</p>
</simpleChoice>
<simpleChoice identifier="uu-Power-821-nl-qti_465634028_section_1_item_1_schoice_4_1632316211">
<p>
 De tweede onderzoeker heeft een hogere power.
</p>
</simpleChoice>
</choiceInteraction>
</itemBody>
<responseProcessing>
<setOutcomeValue identifier="SCORE_RESPONSE_1">
<sum>
<variable identifier="SCORE_RESPONSE_1"/>
<mapResponse identifier="uu-Power-821-nl-qti_465634028_section_1_item_1_schoice_RESPONSE_1_4296830"/>
</sum>
</setOutcomeValue>
<responseCondition>
<responseIf>
<lt>
<variable identifier="SCORE_RESPONSE_1"/>
<variable identifier="MINSCORE_RESPONSE_1"/>
</lt>
<setOutcomeValue identifier="SCORE_RESPONSE_1">
<variable identifier="MINSCORE_RESPONSE_1"/>
</setOutcomeValue>
</responseIf>
</responseCondition>
<responseCondition>
<responseIf>
<isNull>
<variable identifier="uu-Power-821-nl-qti_465634028_section_1_item_1_schoice_RESPONSE_1_4296830"/>
</isNull>
<setOutcomeValue identifier="SCORE_RESPONSE_1">
<sum>
<variable identifier="SCORE_RESPONSE_1"/>
<baseValue baseType="float">0</baseValue>
</sum>
</setOutcomeValue>
</responseIf>
</responseCondition>
<setOutcomeValue identifier="SCORE">
<sum>
<variable identifier="SCORE_RESPONSE_1"/>
</sum>
</setOutcomeValue>
<responseCondition>
<responseIf>
<lt>
<variable identifier="SCORE"/>
<variable identifier="MINSCORE"/>
</lt>
<setOutcomeValue identifier="SCORE">
<variable identifier="MINSCORE"/>
</setOutcomeValue>
</responseIf>
</responseCondition>
<responseCondition>
<responseIf>
<lt>
<variable identifier="SCORE"/>
<baseValue baseType="float">1</baseValue>
</lt>
<setOutcomeValue identifier="FEEDBACKMODAL">
<multiple>
<variable identifier="FEEDBACKMODAL"/>
<baseValue baseType="identifier">Feedback184632535</baseValue>
</multiple>
</setOutcomeValue>
</responseIf>
</responseCondition>
</responseProcessing>
<modalFeedback identifier="Feedback184632535" outcomeIdentifier="FEEDBACKMODAL" showHide="show">
<ul>
<li> De eerste onderzoeker had een grotere <math display="inline" xmlns="http://www.w3.org/1998/Math/MathML"><semantics><mi>α</mi><annotation encoding="application/x-tex">\alpha</annotation></semantics></math> moeten gebruiken. <br /> Dit antwoord is incorrect. </li>
<li> De eerste onderzoeker heeft een type I fout gemaakt. <br /> Dit antwoord is incorrect. </li>
<li> De tweede onderzoeker heeft een lagere power. <br /> Dit antwoord is incorrect. </li>
<li> De tweede onderzoeker heeft een hogere power. <br /> Dit antwoord is correct. </li>
</ul>
</modalFeedback>
</assessmentItem>
