<?xml version="1.0" encoding="UTF-8"?>
<assessmentItem xsi:schemaLocation="http://www.imsglobal.org/xsd/imsqti_v2p1 http://www.imsglobal.org/xsd/qti/qtiv2p1/imsqti_v2p1p1.xsd http://www.w3.org/1998/Math/MathML http://www.w3.org/Math/XMLSchema/mathml2/mathml2.xsd" identifier="uva-elementary-probability-1006-en-qti_134976229_section_1_item_1_schoice" title="1" adaptive="false" timeDependent="false" xmlns="http://www.imsglobal.org/xsd/imsqti_v2p1" xmlns:xsi="http://www.w3.org/2001/XMLSchema-instance">
<responseDeclaration identifier="uva-elementary-probability-1006-en-qti_134976229_section_1_item_1_schoice_RESPONSE_1_1980038" cardinality="single" baseType="identifier">
<correctResponse>
<value>uva-elementary-probability-1006-en-qti_134976229_section_1_item_1_schoice_4_1404442924</value>
</correctResponse>
<mapping defaultValue="0" lowerBound="0.0">
<mapEntry mapKey="uva-elementary-probability-1006-en-qti_134976229_section_1_item_1_schoice_1_9593627142" mappedValue="0"/>
<mapEntry mapKey="uva-elementary-probability-1006-en-qti_134976229_section_1_item_1_schoice_2_8655283531" mappedValue="0"/>
<mapEntry mapKey="uva-elementary-probability-1006-en-qti_134976229_section_1_item_1_schoice_3_1358219876" mappedValue="0"/>
<mapEntry mapKey="uva-elementary-probability-1006-en-qti_134976229_section_1_item_1_schoice_4_1404442924" mappedValue="1"/>
</mapping>
</responseDeclaration>
<outcomeDeclaration identifier="SCORE" cardinality="single" baseType="float" normalMaximum="1" normalMinimum="0">
<defaultValue>
<value>0.0</value>
</defaultValue>
</outcomeDeclaration>
<outcomeDeclaration identifier="MAXSCORE" cardinality="single" baseType="float">
<defaultValue>
<value>1</value>
</defaultValue>
</outcomeDeclaration>
<outcomeDeclaration identifier="FEEDBACKBASIC" cardinality="single" baseType="identifier" view="testConstructor">
<defaultValue>
<value>empty</value>
</defaultValue>
</outcomeDeclaration>
<outcomeDeclaration identifier="FEEDBACKMODAL" cardinality="multiple" baseType="identifier" view="testConstructor"/>
<outcomeDeclaration identifier="SOLUTIONMODAL" cardinality="single" baseType="identifier" view="testConstructor"/>
<outcomeDeclaration identifier="MINSCORE" cardinality="single" baseType="float">
<defaultValue>
<value baseType="float">0</value>
</defaultValue>
</outcomeDeclaration>
<outcomeDeclaration identifier="SCORE_RESPONSE_1" cardinality="single" baseType="float">
<defaultValue>
<value>0.0</value>
</defaultValue>
</outcomeDeclaration>
<outcomeDeclaration identifier="MINSCORE_RESPONSE_1" cardinality="single" baseType="float">
<defaultValue>
<value>0.0</value>
</defaultValue>
</outcomeDeclaration>
<itemBody>
<p>A screw head can have different shapes: (a) hexagonal, (b) convex, (c) countersunk, (d) cylinder, (e) countersunk with hexagon, (f) countersunk with cross, (g) knurled screw. A factory has 1000 screw heads made of each shape. We call the events:‖<br />
* <em>A</em> = {the spherical head screws}.
* <em>B</em> = {the countersunk head screws}.
* <em>C</em> = {the countersunk hex head screws}.  Then what is the probability of <em>A</em> U <em>C</em>?</p>
<choiceInteraction responseIdentifier="uva-elementary-probability-1006-en-qti_134976229_section_1_item_1_schoice_RESPONSE_1_1980038" shuffle="false" maxChoices="1">
<simpleChoice identifier="uva-elementary-probability-1006-en-qti_134976229_section_1_item_1_schoice_1_9593627142">
<p>
 1/7000
</p>
</simpleChoice>
<simpleChoice identifier="uva-elementary-probability-1006-en-qti_134976229_section_1_item_1_schoice_2_8655283531">
<p>
 1/1000
</p>
</simpleChoice>
<simpleChoice identifier="uva-elementary-probability-1006-en-qti_134976229_section_1_item_1_schoice_3_1358219876">
<p>
 1/7
</p>
</simpleChoice>
<simpleChoice identifier="uva-elementary-probability-1006-en-qti_134976229_section_1_item_1_schoice_4_1404442924">
<p>
 2/7
</p>
</simpleChoice>
</choiceInteraction>
</itemBody>
<responseProcessing>
<setOutcomeValue identifier="SCORE_RESPONSE_1">
<sum>
<variable identifier="SCORE_RESPONSE_1"/>
<mapResponse identifier="uva-elementary-probability-1006-en-qti_134976229_section_1_item_1_schoice_RESPONSE_1_1980038"/>
</sum>
</setOutcomeValue>
<responseCondition>
<responseIf>
<lt>
<variable identifier="SCORE_RESPONSE_1"/>
<variable identifier="MINSCORE_RESPONSE_1"/>
</lt>
<setOutcomeValue identifier="SCORE_RESPONSE_1">
<variable identifier="MINSCORE_RESPONSE_1"/>
</setOutcomeValue>
</responseIf>
</responseCondition>
<responseCondition>
<responseIf>
<isNull>
<variable identifier="uva-elementary-probability-1006-en-qti_134976229_section_1_item_1_schoice_RESPONSE_1_1980038"/>
</isNull>
<setOutcomeValue identifier="SCORE_RESPONSE_1">
<sum>
<variable identifier="SCORE_RESPONSE_1"/>
<baseValue baseType="float">0</baseValue>
</sum>
</setOutcomeValue>
</responseIf>
</responseCondition>
<setOutcomeValue identifier="SCORE">
<sum>
<variable identifier="SCORE_RESPONSE_1"/>
</sum>
</setOutcomeValue>
<responseCondition>
<responseIf>
<lt>
<variable identifier="SCORE"/>
<variable identifier="MINSCORE"/>
</lt>
<setOutcomeValue identifier="SCORE">
<variable identifier="MINSCORE"/>
</setOutcomeValue>
</responseIf>
</responseCondition>
<responseCondition>
<responseIf>
<lt>
<variable identifier="SCORE"/>
<baseValue baseType="float">1</baseValue>
</lt>
<setOutcomeValue identifier="FEEDBACKMODAL">
<multiple>
<variable identifier="FEEDBACKMODAL"/>
<baseValue baseType="identifier">Feedback294997864</baseValue>
</multiple>
</setOutcomeValue>
</responseIf>
</responseCondition>
</responseProcessing>
<modalFeedback identifier="Feedback294997864" outcomeIdentifier="FEEDBACKMODAL" showHide="show">
<ul>
<li> 1/7000 <br /> 1/7000: Incorrect </li>
<li> 1/1000 <br /> 1/1000: Incorrect </li>
<li> 1/7 <br /> 1/7: Incorrect </li>
<li> 2/7 <br /> 2/7: Correct </li>
</ul>
</modalFeedback>
</assessmentItem>
