<?xml version="1.0" encoding="utf-8" standalone="yes"?>
<assessmentItem identifier="uva-intercept-1224-nl-tv_202403081018_item_1_schoice" title="uva-intercept-1224-nl-tv_202403081018_item_1_schoice_uva-intercept-1224-nl" adaptive="false" timeDependent="false" toolName="Testvision Online" toolVersion="39.0.9084" xmlns="http://www.imsglobal.org/xsd/imsqti_v2p1">
<responseDeclaration identifier="RESPONSE" cardinality="single" baseType="identifier">
<correctResponse>
<value>alt_300496</value>
</correctResponse>
<mapping defaultValue="0" lowerBound="0.0">
<mapEntry mapKey="alt_334634" mappedValue="-0.333333333333333"/>
<mapEntry mapKey="alt_447212" mappedValue="-0.333333333333333"/>
<mapEntry mapKey="alt_300496" mappedValue="1"/>
<mapEntry mapKey="alt_430055" mappedValue="-0.333333333333333"/>
</mapping>
</responseDeclaration>
<outcomeDeclaration identifier="SCORE" cardinality="single" baseType="float" normalMaximum="1" normalMinimum="0" />
<outcomeDeclaration identifier="FEEDBACK" cardinality="single" baseType="identifier" />
<itemBody>
<p>Bij 50 individuen zijn de variabelen X en Y gemeten. De resultaten zijn
in een spreidingsdiagram gezet, vergezeld van de regressielijn van Y op
X.<br />
Wanneer X toeneemt met 20, zal Y gemiddeld toenemen met:</p>
<p><img src="mediafiles/supplements1/uva-intercept-1224-nl-graph01.png" alt="image"/></p>
<choiceInteraction responseIdentifier="RESPONSE" shuffle="false" maxChoices="1">
<simpleChoice identifier="alt_334634">
<div class="textblock tvblock tvcss_1"><div class="rte_zone tveditor1">
 17
</div>
</div>
</simpleChoice>
<simpleChoice identifier="alt_447212">
<div class="textblock tvblock tvcss_1"><div class="rte_zone tveditor1">
 21
</div>
</div>
</simpleChoice>
<simpleChoice identifier="alt_300496">
<div class="textblock tvblock tvcss_1"><div class="rte_zone tveditor1">
 24
</div>
</div>
</simpleChoice>
<simpleChoice identifier="alt_430055">
<div class="textblock tvblock tvcss_1"><div class="rte_zone tveditor1">
 26
</div>
</div>
</simpleChoice>
</choiceInteraction>
</itemBody>
<responseProcessing>
<responseCondition>
<responseIf>
<isNull>
<variable identifier="RESPONSE"/>
</isNull>
<setOutcomeValue identifier="SCORE">
<baseValue baseType="float">0.0</baseValue>
</setOutcomeValue>
<setOutcomeValue identifier="FEEDBACK">
<baseValue baseType="identifier">FAILURE</baseValue>
</setOutcomeValue>
</responseIf>
<responseElse>
<setOutcomeValue identifier="SCORE">
<mapResponse identifier="RESPONSE"/>
</setOutcomeValue>
<responseCondition>
<responseIf>
<equal toleranceMode="relative" tolerance="0.001">
<variable identifier="SCORE"/>
<variable identifier="MAXSCORE"/>
</equal>
<setOutcomeValue identifier="FEEDBACK">
<baseValue baseType="identifier">ANSWER_CORRECT</baseValue>
</setOutcomeValue>
</responseIf>
<responseElse>
<setOutcomeValue identifier="FEEDBACK">
<baseValue baseType="identifier">FAILURE</baseValue>
</setOutcomeValue>
</responseElse>
</responseCondition>
</responseElse>
</responseCondition>
</responseProcessing>
<modalFeedback identifier="FAILURE" outcomeIdentifier="FEEDBACK" showHide="show">
<div class="textblock tvblock tvcss_1"><div class="rte_zone tveditor1">
<p>Het correcte antwoord is:</p>
<ul>
<li>24</li>
</ul>
</div>
</div>
</modalFeedback>
<modalFeedback identifier="ANSWER_CORRECT" outcomeIdentifier="FEEDBACK" showHide="show">
<div class="textblock tvblock tvcss_1"><div class="rte_zone tveditor1">
<p>Het correcte antwoord is:</p>
<ul>
<li>24</li>
</ul>
</div>
</div>
</modalFeedback>
<modalFeedback identifier="PARTIAL_CORRECT" outcomeIdentifier="FEEDBACK" showHide="show">
<div class="textblock tvblock tvcss_1"><div class="rte_zone tveditor1">
<p>Het correcte antwoord is:</p>
<ul>
<li>24</li>
</ul>
</div>
</div>
</modalFeedback>
</assessmentItem>
