<?xml version="1.0" encoding="utf-8" standalone="yes"?>
<assessmentItem identifier="vufgb-suppression-004-nl-tv_202209061510_item_1_schoice" title="vufgb-suppression-004-nl-tv_202209061510_item_1_schoice_vufgb-suppression-004-nl" adaptive="false" timeDependent="false" toolName="Testvision Online" toolVersion="39.0.9084" xmlns="http://www.imsglobal.org/xsd/imsqti_v2p1">
<responseDeclaration identifier="RESPONSE" cardinality="single" baseType="identifier">
<correctResponse>
<value>alt_211104</value>
</correctResponse>
<mapping defaultValue="0" lowerBound="0.0">
<mapEntry mapKey="alt_211104" mappedValue="1"/>
<mapEntry mapKey="alt_650292" mappedValue="-0.333333333333333"/>
<mapEntry mapKey="alt_191112" mappedValue="-0.333333333333333"/>
<mapEntry mapKey="alt_177096" mappedValue="-0.333333333333333"/>
</mapping>
</responseDeclaration>
<outcomeDeclaration identifier="SCORE" cardinality="single" baseType="float" normalMaximum="1" normalMinimum="0" />
<outcomeDeclaration identifier="FEEDBACK" cardinality="single" baseType="identifier" />
<itemBody>
<p>Het verband tussen lichaamslengte en score op een wiskundetoets verdwijnt als gecontroleerd wordt voor sekse. Wat voor type variabele is sekse?</p>
<choiceInteraction responseIdentifier="RESPONSE" shuffle="false" maxChoices="1">
<simpleChoice identifier="alt_211104">
<div class="textblock tvblock tvcss_1"><div class="rte_zone tveditor1">
a. Een ‘confounding’ variabele.
</div>
</div>
</simpleChoice>
<simpleChoice identifier="alt_650292">
<div class="textblock tvblock tvcss_1"><div class="rte_zone tveditor1">
b. Een moderator.
</div>
</div>
</simpleChoice>
<simpleChoice identifier="alt_191112">
<div class="textblock tvblock tvcss_1"><div class="rte_zone tveditor1">
c. Een mediator.
</div>
</div>
</simpleChoice>
<simpleChoice identifier="alt_177096">
<div class="textblock tvblock tvcss_1"><div class="rte_zone tveditor1">
d. Een ‘suppressor’ variabele.
</div>
</div>
</simpleChoice>
</choiceInteraction>
</itemBody>
<responseProcessing>
<responseCondition>
<responseIf>
<isNull>
<variable identifier="RESPONSE"/>
</isNull>
<setOutcomeValue identifier="SCORE">
<baseValue baseType="float">0.0</baseValue>
</setOutcomeValue>
<setOutcomeValue identifier="FEEDBACK">
<baseValue baseType="identifier">FAILURE</baseValue>
</setOutcomeValue>
</responseIf>
<responseElse>
<setOutcomeValue identifier="SCORE">
<mapResponse identifier="RESPONSE"/>
</setOutcomeValue>
<responseCondition>
<responseIf>
<equal toleranceMode="relative" tolerance="0.001">
<variable identifier="SCORE"/>
<variable identifier="MAXSCORE"/>
</equal>
<setOutcomeValue identifier="FEEDBACK">
<baseValue baseType="identifier">ANSWER_CORRECT</baseValue>
</setOutcomeValue>
</responseIf>
<responseElse>
<setOutcomeValue identifier="FEEDBACK">
<baseValue baseType="identifier">FAILURE</baseValue>
</setOutcomeValue>
</responseElse>
</responseCondition>
</responseElse>
</responseCondition>
</responseProcessing>
<modalFeedback identifier="FAILURE" outcomeIdentifier="FEEDBACK" showHide="show">
<div class="textblock tvblock tvcss_1"><div class="rte_zone tveditor1">
<ol>
<li> Een ‘confounding’ variabele. <br /> Correct </li>
<li> Een moderator. <br /> Incorrect </li>
<li> Een mediator. <br /> Incorrect </li>
<li> Een ‘suppressor’ variabele. <br /> Incorrect </li>
</ol>
</div>
</div>
</modalFeedback>
<modalFeedback identifier="ANSWER_CORRECT" outcomeIdentifier="FEEDBACK" showHide="show">
<div class="textblock tvblock tvcss_1"><div class="rte_zone tveditor1">
<ol>
<li> Een ‘confounding’ variabele. <br /> Correct </li>
<li> Een moderator. <br /> Incorrect </li>
<li> Een mediator. <br /> Incorrect </li>
<li> Een ‘suppressor’ variabele. <br /> Incorrect </li>
</ol>
</div>
</div>
</modalFeedback>
<modalFeedback identifier="PARTIAL_CORRECT" outcomeIdentifier="FEEDBACK" showHide="show">
<div class="textblock tvblock tvcss_1"><div class="rte_zone tveditor1">
<ol>
<li> Een ‘confounding’ variabele. <br /> Correct </li>
<li> Een moderator. <br /> Incorrect </li>
<li> Een mediator. <br /> Incorrect </li>
<li> Een ‘suppressor’ variabele. <br /> Incorrect </li>
</ol>
</div>
</div>
</modalFeedback>
</assessmentItem>
