<?xml version="1.0" encoding="utf-8" standalone="yes"?>
<assessmentItem identifier="uva-random-variables-340-nl-tv_202601131819_item_1_schoice" title="uva-random-variables-340-nl-tv_202601131819_item_1_schoice_uva-random-variables-340-nl" adaptive="false" timeDependent="false" toolName="Testvision Online" toolVersion="39.0.9084" xmlns="http://www.imsglobal.org/xsd/imsqti_v2p1"> <responseDeclaration identifier="RESPONSE" cardinality="single" baseType="identifier"> <correctResponse> <value>alt_385515</value> </correctResponse> <mapping defaultValue="0" lowerBound="0.0"> <mapEntry mapKey="alt_435593" mappedValue="-0.333333333333333"/> <mapEntry mapKey="alt_781119" mappedValue="-0.333333333333333"/> <mapEntry mapKey="alt_385515" mappedValue="1"/> <mapEntry mapKey="alt_257368" mappedValue="-0.333333333333333"/> </mapping> </responseDeclaration> <outcomeDeclaration identifier="SCORE" cardinality="single" baseType="float" normalMaximum="1" normalMinimum="0" /> <outcomeDeclaration identifier="FEEDBACK" cardinality="single" baseType="identifier" /> <stylesheet href="css/uva-random-variables-340-nl-tv_202601131819_item_1_schoice.css" type="text/css" /> <itemBody> <p>Van 200 mensen is bepaald of zij links- of rechtshandig zijn, en hoe goed zij artistiek ontwikkeld zijn (goed, matig, slecht). De resultaten zijn weergegeven in onderstaande kruistabel.</p> <table> <tbody> <tr class="odd"> <td class="recss_2"> </td> <td class="recss_2">Artistieke ontwikkeling</td> <td></td> <td></td> </tr> <tr class="even"> <td class="recss_2"> </td> <td class="recss_2">Goed</td> <td>Matig</td> <td>Slecht</td> </tr> <tr class="odd"> <td class="recss_2">Rechtshandig</td> <td class="recss_2">42</td> <td>72</td> <td>56</td> </tr> <tr class="even"> <td class="recss_2">Linkshandig</td> <td class="recss_2">18</td> <td>8</td> <td>4</td> </tr> </tbody> </table> <p>Wanneer we aselect een van deze 200 personen trekken, wat is dan de kans dat deze persoon rechtshandig of artistiek slecht ontwikkeld (of beide) is?</p> <choiceInteraction responseIdentifier="RESPONSE" shuffle="false" maxChoices="1"> <simpleChoice identifier="alt_435593"> <div class="textblock tvblock tvcss_1"><div class="rte_zone tveditor1">  0.28 </div> </div> </simpleChoice> <simpleChoice identifier="alt_781119"> <div class="textblock tvblock tvcss_1"><div class="rte_zone tveditor1">  0.33 </div> </div> </simpleChoice> <simpleChoice identifier="alt_385515"> <div class="textblock tvblock tvcss_1"><div class="rte_zone tveditor1">  0.87 </div> </div> </simpleChoice> <simpleChoice identifier="alt_257368"> <div class="textblock tvblock tvcss_1"><div class="rte_zone tveditor1">  0.93 </div> </div> </simpleChoice> </choiceInteraction> </itemBody> <responseProcessing> <responseCondition> <responseIf> <isNull> <variable identifier="RESPONSE"/> </isNull> <setOutcomeValue identifier="SCORE"> <baseValue baseType="float">0.0</baseValue> </setOutcomeValue> <setOutcomeValue identifier="FEEDBACK"> <baseValue baseType="identifier">FAILURE</baseValue> </setOutcomeValue> </responseIf> <responseElse> <setOutcomeValue identifier="SCORE"> <mapResponse identifier="RESPONSE"/> </setOutcomeValue> <responseCondition> <responseIf> <equal toleranceMode="relative" tolerance="0.001"> <variable identifier="SCORE"/> <variable identifier="MAXSCORE"/> </equal> <setOutcomeValue identifier="FEEDBACK"> <baseValue baseType="identifier">ANSWER_CORRECT</baseValue> </setOutcomeValue> </responseIf> <responseElse> <setOutcomeValue identifier="FEEDBACK"> <baseValue baseType="identifier">FAILURE</baseValue> </setOutcomeValue> </responseElse> </responseCondition> </responseElse> </responseCondition> </responseProcessing> <modalFeedback identifier="FAILURE" outcomeIdentifier="FEEDBACK" showHide="show"> <div class="textblock tvblock tvcss_1"><div class="rte_zone tveditor1"> <ul> <li> 0.28 <br /> 0.28: Incorrect </li> <li> 0.33 <br /> 0.33: Incorrect </li> <li> 0.87 <br /> 0.87: Correct </li> <li> 0.93 <br /> 0.93: Incorrect </li> </ul> </div> </div> </modalFeedback> <modalFeedback identifier="ANSWER_CORRECT" outcomeIdentifier="FEEDBACK" showHide="show"> <div class="textblock tvblock tvcss_1"><div class="rte_zone tveditor1"> <ul> <li> 0.28 <br /> 0.28: Incorrect </li> <li> 0.33 <br /> 0.33: Incorrect </li> <li> 0.87 <br /> 0.87: Correct </li> <li> 0.93 <br /> 0.93: Incorrect </li> </ul> </div> </div> </modalFeedback> <modalFeedback identifier="PARTIAL_CORRECT" outcomeIdentifier="FEEDBACK" showHide="show"> <div class="textblock tvblock tvcss_1"><div class="rte_zone tveditor1"> <ul> <li> 0.28 <br /> 0.28: Incorrect </li> <li> 0.33 <br /> 0.33: Incorrect </li> <li> 0.87 <br /> 0.87: Correct </li> <li> 0.93 <br /> 0.93: Incorrect </li> </ul> </div> </div> </modalFeedback> </assessmentItem>
