<?xml version="1.0" encoding="UTF-8"?>
<!DOCTYPE questestinterop SYSTEM "ims_qtiasiv1p2p1.dtd">

<questestinterop xmlns="http://www.imsglobal.org/xsd/ims_qtiasiv1p2" xmlns:xsi="http://www.w3.org/2001/XMLSchema-instance" xsi:schemaLocation="http://www.imsglobal.org/xsd/ims_qtiasiv1p2 http://www.imsglobal.org/xsd/ims_qtiasiv1p2p1.xsd">
<assessment ident="uva-histogram-1252-en-canvas_458408957" title="uva-histogram-1252-en-canvas">

<qtimetadata>
<qtimetadatafield>
<fieldlabel>cc_maxattempts</fieldlabel>
<fieldentry>1</fieldentry>
</qtimetadatafield>
<qtimetadatafield>
<fieldlabel>qmd_assessmenttype</fieldlabel>
<fieldentry>Assessment</fieldentry>
</qtimetadatafield>
</qtimetadata>
<objectives>
<material>
<mattext><![CDATA[Please solve the following exercises.]]></mattext>
</material>
</objectives>
<assessmentcontrol feedbackswitch="No" hintswitch="No" solutionswitch="Yes"/>
<outcomes_processing scoremodel="SumOfScores">
<outcomes>
<decvar varname="SCORE" vartype="Decimal" cutvalue="0"/>
</outcomes>
</outcomes_processing>
<assessfeedback title="AssessmentFeedback" ident="AssessmentFeedback">
<flow_mat>
<material>
<mattext>##AssessmentFeedback##</mattext>
</material>
</flow_mat>
</assessfeedback>

<section ident="uva-histogram-1252-en-canvas_458408957_section_1" title="Exercise">

<objectives>
<material>
<mattext><![CDATA[Please answer the following question.]]></mattext>
</material>
</objectives>
<selection_ordering>
<selection>
<selection_number>1</selection_number>
<selection_extension>
<points_per_item>1</points_per_item>
</selection_extension>
</selection>
<order order_type="Random"/>
</selection_ordering>

<item ident="uva-histogram-1252-en-canvas_458408957_section_1_item_1_schoice" title="Question" maxattempts="1">
<itemcontrol feedbackswitch="No" hintswitch="No" solutionswitch="Yes"/>
<itemmetadata>
<qtimetadata>
<qtimetadatafield>
<fieldlabel>question_type</fieldlabel>
<fieldentry>multiple_choice_question</fieldentry>
</qtimetadatafield>
</qtimetadata>
</itemmetadata>
<presentation>
<flow>
<material>
<matbreak/>
<mattext texttype="text/html" charset="utf-8"><![CDATA[
<p>The attached histogram shows data from an IQ test of 250 individuals shown. The IQs were measured in whole numbers.‖ The largest possible IQ measured in this sample is:</p>
<p><img src="data/supplements_1_1/uva-histogram-1252-en-graph01.png" /></p>
]]></mattext>
<matbreak/>
</material>
<response_lid ident="uva-histogram-1252-en-canvas_458408957_section_1_item_1_schoice_RESPONSE_8669318" rcardinality="Single" rtiming="No">
<render_choice shuffle="No">
<flow_label class="List">
<response_label ident="uva-histogram-1252-en-canvas_458408957_section_1_item_1_schoice_2514042354" rshuffle="No">
<material>
<mattext texttype="text/html" charset="utf-8"><![CDATA[
 140
]]></mattext>
</material>
</response_label>
</flow_label>
<flow_label class="List">
<response_label ident="uva-histogram-1252-en-canvas_458408957_section_1_item_1_schoice_1139801796" rshuffle="No">
<material>
<mattext texttype="text/html" charset="utf-8"><![CDATA[
 142
]]></mattext>
</material>
</response_label>
</flow_label>
<flow_label class="List">
<response_label ident="uva-histogram-1252-en-canvas_458408957_section_1_item_1_schoice_6144728192" rshuffle="No">
<material>
<mattext texttype="text/html" charset="utf-8"><![CDATA[
 142.5
]]></mattext>
</material>
</response_label>
</flow_label>
<flow_label class="List">
<response_label ident="uva-histogram-1252-en-canvas_458408957_section_1_item_1_schoice_1142102847" rshuffle="No">
<material>
<mattext texttype="text/html" charset="utf-8"><![CDATA[
 145
]]></mattext>
</material>
</response_label>
</flow_label>
<flow_label class="List">
<response_label ident="uva-histogram-1252-en-canvas_458408957_section_1_item_1_schoice_5727022202" rshuffle="No">
<material>
<mattext texttype="text/html" charset="utf-8"><![CDATA[
 Not to be determined
]]></mattext>
</material>
</response_label>
</flow_label>
</render_choice>
</response_lid>
</flow>
</presentation>
<resprocessing>
<outcomes>
<decvar varname="SCORE" vartype="Decimal" defaultval="0" minvalue="0" maxvalue="1" cutvalue="1"/>
</outcomes>
<respcondition title="Mastery" continue="No">
<conditionvar>
<and>
<varequal respident="uva-histogram-1252-en-canvas_458408957_section_1_item_1_schoice_RESPONSE_8669318" case="Yes">uva-histogram-1252-en-canvas_458408957_section_1_item_1_schoice_6144728192</varequal>
<not> <varequal respident="uva-histogram-1252-en-canvas_458408957_section_1_item_1_schoice_RESPONSE_8669318" case="Yes">uva-histogram-1252-en-canvas_458408957_section_1_item_1_schoice_2514042354</varequal> </not>
<not> <varequal respident="uva-histogram-1252-en-canvas_458408957_section_1_item_1_schoice_RESPONSE_8669318" case="Yes">uva-histogram-1252-en-canvas_458408957_section_1_item_1_schoice_1139801796</varequal> </not>
<not> <varequal respident="uva-histogram-1252-en-canvas_458408957_section_1_item_1_schoice_RESPONSE_8669318" case="Yes">uva-histogram-1252-en-canvas_458408957_section_1_item_1_schoice_1142102847</varequal> </not>
<not> <varequal respident="uva-histogram-1252-en-canvas_458408957_section_1_item_1_schoice_RESPONSE_8669318" case="Yes">uva-histogram-1252-en-canvas_458408957_section_1_item_1_schoice_5727022202</varequal> </not>
</and>
</conditionvar>
<setvar varname="SCORE" action="Set">1</setvar>
<displayfeedback feedbacktype="Response" linkrefid="correct_fb"/>
</respcondition>
<respcondition continue="Yes">
<conditionvar>
<other/>
</conditionvar>
<displayfeedback feedbacktype="Response" linkrefid="general_incorrect_fb"/>
</respcondition>
</resprocessing>
<itemfeedback ident="correct_fb" view="All">
<flow_mat>
<material>
<mattext texttype="text/html"><![CDATA[
<ul>
<li> 140 <br /> 140: Incorrect </li>
<li> 142 <br /> 142: Incorrect </li>
<li> 142.5 <br /> 142.5: Correct </li>
<li> 145 <br /> 145: Incorrect </li>
<li> Not to be determined <br /> Undeterminable: Incorrect </li>
</ul>
]]></mattext>
</material>
</flow_mat>
</itemfeedback>
<itemfeedback ident="general_incorrect_fb" view="All">
<flow_mat>
<material>
<mattext texttype="text/html"><![CDATA[
<ul>
<li> 140 <br /> 140: Incorrect </li>
<li> 142 <br /> 142: Incorrect </li>
<li> 142.5 <br /> 142.5: Correct </li>
<li> 145 <br /> 145: Incorrect </li>
<li> Not to be determined <br /> Undeterminable: Incorrect </li>
</ul>
]]></mattext>
</material>
</flow_mat>
</itemfeedback>
</item>


</section>

</assessment>
</questestinterop>
