<?xml version="1.0" encoding="utf-8" standalone="yes"?>
<assessmentItem identifier="uva-multiplication-rule-944-en-tv_202510071722_item_1_schoice" title="uva-multiplication-rule-944-en-tv_202510071722_item_1_schoice_uva-multiplication-rule-944-en" adaptive="false" timeDependent="false" toolName="Testvision Online" toolVersion="39.0.9084" xmlns="http://www.imsglobal.org/xsd/imsqti_v2p1">
<responseDeclaration identifier="RESPONSE" cardinality="single" baseType="identifier">
<correctResponse>
<value>alt_573025</value>
</correctResponse>
<mapping defaultValue="0" lowerBound="0.0">
<mapEntry mapKey="alt_858780" mappedValue="-0.333333333333333"/>
<mapEntry mapKey="alt_114109" mappedValue="-0.333333333333333"/>
<mapEntry mapKey="alt_573025" mappedValue="1"/>
<mapEntry mapKey="alt_367497" mappedValue="-0.333333333333333"/>
</mapping>
</responseDeclaration>
<outcomeDeclaration identifier="SCORE" cardinality="single" baseType="float" normalMaximum="1" normalMinimum="0" />
<outcomeDeclaration identifier="FEEDBACK" cardinality="single" baseType="identifier" />
<stylesheet href="css/uva-multiplication-rule-944-en-tv_202510071722_item_1_schoice.css" type="text/css" />
<itemBody>
<p>We assume that all birth months are equally likely. Marieke was born in March and she will meet two strangers in a meeting. Suppose the events:Ê<br />
* <em>A</em> = the first stranger was born in March,‗.
* <em>B</em> = the second stranger is born in March.  What is the probability that both people Marieke meets have the same birth month as Marieke?</p>
<choiceInteraction responseIdentifier="RESPONSE" shuffle="false" maxChoices="1">
<simpleChoice identifier="alt_858780">
<div class="textblock tvblock tvcss_1"><div class="rte_zone tveditor1">
 1/12
</div>
</div>
</simpleChoice>
<simpleChoice identifier="alt_114109">
<div class="textblock tvblock tvcss_1"><div class="rte_zone tveditor1">
 2/12
</div>
</div>
</simpleChoice>
<simpleChoice identifier="alt_573025">
<div class="textblock tvblock tvcss_1"><div class="rte_zone tveditor1">
 1/144
</div>
</div>
</simpleChoice>
<simpleChoice identifier="alt_367497">
<div class="textblock tvblock tvcss_1"><div class="rte_zone tveditor1">
 2/144
</div>
</div>
</simpleChoice>
</choiceInteraction>
</itemBody>
<responseProcessing>
<responseCondition>
<responseIf>
<isNull>
<variable identifier="RESPONSE"/>
</isNull>
<setOutcomeValue identifier="SCORE">
<baseValue baseType="float">0.0</baseValue>
</setOutcomeValue>
<setOutcomeValue identifier="FEEDBACK">
<baseValue baseType="identifier">FAILURE</baseValue>
</setOutcomeValue>
</responseIf>
<responseElse>
<setOutcomeValue identifier="SCORE">
<mapResponse identifier="RESPONSE"/>
</setOutcomeValue>
<responseCondition>
<responseIf>
<equal toleranceMode="relative" tolerance="0.001">
<variable identifier="SCORE"/>
<variable identifier="MAXSCORE"/>
</equal>
<setOutcomeValue identifier="FEEDBACK">
<baseValue baseType="identifier">ANSWER_CORRECT</baseValue>
</setOutcomeValue>
</responseIf>
<responseElse>
<setOutcomeValue identifier="FEEDBACK">
<baseValue baseType="identifier">FAILURE</baseValue>
</setOutcomeValue>
</responseElse>
</responseCondition>
</responseElse>
</responseCondition>
</responseProcessing>
<modalFeedback identifier="FAILURE" outcomeIdentifier="FEEDBACK" showHide="show">
<div class="textblock tvblock tvcss_1"><div class="rte_zone tveditor1">
<ul>
<li> 1/12 <br /> 1/12: Incorrect </li>
<li> 2/12 <br /> 2/12: Incorrect </li>
<li> 1/144 <br /> 1/144: Correct </li>
<li> 2/144 <br /> 2/144: Incorrect </li>
</ul>
</div>
</div>
</modalFeedback>
<modalFeedback identifier="ANSWER_CORRECT" outcomeIdentifier="FEEDBACK" showHide="show">
<div class="textblock tvblock tvcss_1"><div class="rte_zone tveditor1">
<ul>
<li> 1/12 <br /> 1/12: Incorrect </li>
<li> 2/12 <br /> 2/12: Incorrect </li>
<li> 1/144 <br /> 1/144: Correct </li>
<li> 2/144 <br /> 2/144: Incorrect </li>
</ul>
</div>
</div>
</modalFeedback>
<modalFeedback identifier="PARTIAL_CORRECT" outcomeIdentifier="FEEDBACK" showHide="show">
<div class="textblock tvblock tvcss_1"><div class="rte_zone tveditor1">
<ul>
<li> 1/12 <br /> 1/12: Incorrect </li>
<li> 2/12 <br /> 2/12: Incorrect </li>
<li> 1/144 <br /> 1/144: Correct </li>
<li> 2/144 <br /> 2/144: Incorrect </li>
</ul>
</div>
</div>
</modalFeedback>
</assessmentItem>
