<?xml version="1.0" encoding="utf-8" standalone="yes"?>
<assessmentItem identifier="vufgb-confidenceinterval-003-nl-tv_202209061507_item_1_schoice" title="vufgb-confidenceinterval-003-nl-tv_202209061507_item_1_schoice_vufgb-confidenceinterval-003-nl" adaptive="false" timeDependent="false" toolName="Testvision Online" toolVersion="39.0.9084" xmlns="http://www.imsglobal.org/xsd/imsqti_v2p1">
<responseDeclaration identifier="RESPONSE" cardinality="single" baseType="identifier">
<correctResponse>
<value>alt_659259</value>
</correctResponse>
<mapping defaultValue="0" lowerBound="0.0">
<mapEntry mapKey="alt_659259" mappedValue="1"/>
<mapEntry mapKey="alt_107958" mappedValue="-0.333333333333333"/>
<mapEntry mapKey="alt_675500" mappedValue="-0.333333333333333"/>
<mapEntry mapKey="alt_294821" mappedValue="-0.333333333333333"/>
</mapping>
</responseDeclaration>
<outcomeDeclaration identifier="SCORE" cardinality="single" baseType="float" normalMaximum="1" normalMinimum="0" />
<outcomeDeclaration identifier="FEEDBACK" cardinality="single" baseType="identifier" />
<itemBody>
<p>Een kinderpsycholoog doet onderzoek naar de relatie tussen de oppositioneel-opstandige gedragstoornis (ODD), sociaal-economische status (SES) en assertiviteit (ASS). De onderzoeksvraag is of de kans op het ontwikkelen van ODD voorspeld kan worden op basis van de scores op de andere twee variabelen. Hiervoor wordt een logische regressie uitgevoerd. Een deel van de resultaten is hieronder weergegeven.</p>
<p><img src="mediafiles/supplements1/vufgb-confidenceinterval-003-nl-table01.jpg" alt="image"/></p>
<p>Wat is van toepassing op de ontbrekende waarden bij de betrouwbaarheidsintervallen voor EXP(B) die zijn weergegeven met <em>a</em> en <em>b</em>?</p>
<choiceInteraction responseIdentifier="RESPONSE" shuffle="false" maxChoices="1">
<simpleChoice identifier="alt_659259">
<div class="textblock tvblock tvcss_1"><div class="rte_zone tveditor1">
a. <em>a</em> &gt; 1, <em>b</em> &lt; 1
</div>
</div>
</simpleChoice>
<simpleChoice identifier="alt_107958">
<div class="textblock tvblock tvcss_1"><div class="rte_zone tveditor1">
b. <em>a</em> &gt; 1, <em>b</em> &gt; 1
</div>
</div>
</simpleChoice>
<simpleChoice identifier="alt_675500">
<div class="textblock tvblock tvcss_1"><div class="rte_zone tveditor1">
c. <em>a</em> &lt; 1, <em>b</em> &lt; 1
</div>
</div>
</simpleChoice>
<simpleChoice identifier="alt_294821">
<div class="textblock tvblock tvcss_1"><div class="rte_zone tveditor1">
d. <em>a</em> &lt; 1, <em>b</em> &gt; 1
</div>
</div>
</simpleChoice>
</choiceInteraction>
</itemBody>
<responseProcessing>
<responseCondition>
<responseIf>
<isNull>
<variable identifier="RESPONSE"/>
</isNull>
<setOutcomeValue identifier="SCORE">
<baseValue baseType="float">0.0</baseValue>
</setOutcomeValue>
<setOutcomeValue identifier="FEEDBACK">
<baseValue baseType="identifier">FAILURE</baseValue>
</setOutcomeValue>
</responseIf>
<responseElse>
<setOutcomeValue identifier="SCORE">
<mapResponse identifier="RESPONSE"/>
</setOutcomeValue>
<responseCondition>
<responseIf>
<equal toleranceMode="relative" tolerance="0.001">
<variable identifier="SCORE"/>
<variable identifier="MAXSCORE"/>
</equal>
<setOutcomeValue identifier="FEEDBACK">
<baseValue baseType="identifier">ANSWER_CORRECT</baseValue>
</setOutcomeValue>
</responseIf>
<responseElse>
<setOutcomeValue identifier="FEEDBACK">
<baseValue baseType="identifier">FAILURE</baseValue>
</setOutcomeValue>
</responseElse>
</responseCondition>
</responseElse>
</responseCondition>
</responseProcessing>
<modalFeedback identifier="FAILURE" outcomeIdentifier="FEEDBACK" showHide="show">
<div class="textblock tvblock tvcss_1"><div class="rte_zone tveditor1">
<ol>
<li> <em>a</em> &gt; 1, <em>b</em> &lt; 1 <br /> Correct </li>
<li> <em>a</em> &gt; 1, <em>b</em> &gt; 1 <br /> Incorrect </li>
<li> <em>a</em> &lt; 1, <em>b</em> &lt; 1 <br /> Incorrect </li>
<li> <em>a</em> &lt; 1, <em>b</em> &gt; 1 <br /> Incorrect </li>
</ol>
</div>
</div>
</modalFeedback>
<modalFeedback identifier="ANSWER_CORRECT" outcomeIdentifier="FEEDBACK" showHide="show">
<div class="textblock tvblock tvcss_1"><div class="rte_zone tveditor1">
<ol>
<li> <em>a</em> &gt; 1, <em>b</em> &lt; 1 <br /> Correct </li>
<li> <em>a</em> &gt; 1, <em>b</em> &gt; 1 <br /> Incorrect </li>
<li> <em>a</em> &lt; 1, <em>b</em> &lt; 1 <br /> Incorrect </li>
<li> <em>a</em> &lt; 1, <em>b</em> &gt; 1 <br /> Incorrect </li>
</ol>
</div>
</div>
</modalFeedback>
<modalFeedback identifier="PARTIAL_CORRECT" outcomeIdentifier="FEEDBACK" showHide="show">
<div class="textblock tvblock tvcss_1"><div class="rte_zone tveditor1">
<ol>
<li> <em>a</em> &gt; 1, <em>b</em> &lt; 1 <br /> Correct </li>
<li> <em>a</em> &gt; 1, <em>b</em> &gt; 1 <br /> Incorrect </li>
<li> <em>a</em> &lt; 1, <em>b</em> &lt; 1 <br /> Incorrect </li>
<li> <em>a</em> &lt; 1, <em>b</em> &gt; 1 <br /> Incorrect </li>
</ol>
</div>
</div>
</modalFeedback>
</assessmentItem>
