<?xml version="1.0" encoding="UTF-8"?>
<assessmentItem xsi:schemaLocation="http://www.imsglobal.org/xsd/imsqti_v2p1 http://www.imsglobal.org/xsd/qti/qtiv2p1/imsqti_v2p1p1.xsd http://www.w3.org/1998/Math/MathML http://www.w3.org/Math/XMLSchema/mathml2/mathml2.xsd" identifier="vufsw-tstatistic-0111-nl_374729703_section_1_item_1_schoice" title="1" adaptive="false" timeDependent="false" xmlns="http://www.imsglobal.org/xsd/imsqti_v2p1" xmlns:xsi="http://www.w3.org/2001/XMLSchema-instance">
<responseDeclaration identifier="vufsw-tstatistic-0111-nl_374729703_section_1_item_1_schoice_RESPONSE_1_9710423" cardinality="single" baseType="identifier">
<correctResponse>
<value>vufsw-tstatistic-0111-nl_374729703_section_1_item_1_schoice_2_3250196986</value>
</correctResponse>
<mapping defaultValue="0" lowerBound="0.0">
<mapEntry mapKey="vufsw-tstatistic-0111-nl_374729703_section_1_item_1_schoice_1_3543288111" mappedValue="0"/>
<mapEntry mapKey="vufsw-tstatistic-0111-nl_374729703_section_1_item_1_schoice_2_3250196986" mappedValue="1"/>
<mapEntry mapKey="vufsw-tstatistic-0111-nl_374729703_section_1_item_1_schoice_3_7787241702" mappedValue="0"/>
<mapEntry mapKey="vufsw-tstatistic-0111-nl_374729703_section_1_item_1_schoice_4_1669523998" mappedValue="0"/>
<mapEntry mapKey="vufsw-tstatistic-0111-nl_374729703_section_1_item_1_schoice_5_6348700539" mappedValue="0"/>
<mapEntry mapKey="vufsw-tstatistic-0111-nl_374729703_section_1_item_1_schoice_6_6567937668" mappedValue="0"/>
</mapping>
</responseDeclaration>
<outcomeDeclaration identifier="SCORE" cardinality="single" baseType="float" normalMaximum="1" normalMinimum="0">
<defaultValue>
<value>0.0</value>
</defaultValue>
</outcomeDeclaration>
<outcomeDeclaration identifier="MAXSCORE" cardinality="single" baseType="float">
<defaultValue>
<value>1</value>
</defaultValue>
</outcomeDeclaration>
<outcomeDeclaration identifier="FEEDBACKBASIC" cardinality="single" baseType="identifier" view="testConstructor">
<defaultValue>
<value>empty</value>
</defaultValue>
</outcomeDeclaration>
<outcomeDeclaration identifier="FEEDBACKMODAL" cardinality="multiple" baseType="identifier" view="testConstructor"/>
<outcomeDeclaration identifier="MINSCORE" cardinality="single" baseType="float">
<defaultValue>
<value baseType="float">0</value>
</defaultValue>
</outcomeDeclaration>
<outcomeDeclaration identifier="SCORE_RESPONSE_1" cardinality="single" baseType="float">
<defaultValue>
<value>0.0</value>
</defaultValue>
</outcomeDeclaration>
<outcomeDeclaration identifier="MINSCORE_RESPONSE_1" cardinality="single" baseType="float">
<defaultValue>
<value>0.0</value>
</defaultValue>
</outcomeDeclaration>
<itemBody>
<p>Een student heeft voor haar Master thesis met behulp van een
experimenteel design onderzocht of proefpersonen die een ongunstig
nieuwsbericht moesten lezen een minder positieve beoordeling geven
betreft het imago van een bepaald bedrijf dan proefpersonen die een
neutraal nieuwsbericht hebben gelezen. De beoordeling is gemeten op een
schaal van 1 (zeer negatief) t/m 5 (zeer positief).</p>
<p>Uit de resultaten blijkt dat de gemiddelde beoordeling van de twee
groepen als volgt is (zie hieronder)</p>
<p>De éénzijdige hypothese van de onderzoeker is dat de gemiddelde
beoordeling van de experimentele groep significant lager is dan bij de
controlegroep. Zij hanteert bij deze toetsing een significantieniveau
van 5% (α = .05).</p>
<p>Wat is de <strong>geobserveerde absolute t-waarde</strong>? (afgerond op 2
decimalen)<br />
<img src="1643016030727.png" class="fr-fic fr-dii tvcss_2"
alt="1643016030727" /></p>
<choiceInteraction responseIdentifier="vufsw-tstatistic-0111-nl_374729703_section_1_item_1_schoice_RESPONSE_1_9710423" shuffle="false" maxChoices="1">
<simpleChoice identifier="vufsw-tstatistic-0111-nl_374729703_section_1_item_1_schoice_1_3543288111">
<p>
a. 0,98
</p>
</simpleChoice>
<simpleChoice identifier="vufsw-tstatistic-0111-nl_374729703_section_1_item_1_schoice_2_3250196986">
<p>
b. 1,83
</p>
</simpleChoice>
<simpleChoice identifier="vufsw-tstatistic-0111-nl_374729703_section_1_item_1_schoice_3_7787241702">
<p>
c. 3,65
</p>
</simpleChoice>
<simpleChoice identifier="vufsw-tstatistic-0111-nl_374729703_section_1_item_1_schoice_4_1669523998">
<p>
d. 2,03
</p>
</simpleChoice>
<simpleChoice identifier="vufsw-tstatistic-0111-nl_374729703_section_1_item_1_schoice_5_6348700539">
<p>
e. 3,90
</p>
</simpleChoice>
<simpleChoice identifier="vufsw-tstatistic-0111-nl_374729703_section_1_item_1_schoice_6_6567937668">
<p>
f. 2,77
</p>
</simpleChoice>
</choiceInteraction>
</itemBody>
<responseProcessing>
<responseCondition>
<responseIf>
<isNull>
<variable identifier="vufsw-tstatistic-0111-nl_374729703_section_1_item_1_schoice_RESPONSE_1_9710423"/>
</isNull>
<setOutcomeValue identifier="SCORE_RESPONSE_1">
<sum>
<variable identifier="SCORE_RESPONSE_1"/>
<baseValue baseType="float">0</baseValue>
</sum>
</setOutcomeValue>
</responseIf>
</responseCondition>
<setOutcomeValue identifier="SCORE_RESPONSE_1">
<sum>
<variable identifier="SCORE_RESPONSE_1"/>
<mapResponse identifier="vufsw-tstatistic-0111-nl_374729703_section_1_item_1_schoice_RESPONSE_1_9710423"/>
</sum>
</setOutcomeValue>
<responseCondition>
<responseIf>
<lt>
<variable identifier="SCORE_RESPONSE_1"/>
<variable identifier="MINSCORE_RESPONSE_1"/>
</lt>
<setOutcomeValue identifier="SCORE_RESPONSE_1">
<variable identifier="MINSCORE_RESPONSE_1"/>
</setOutcomeValue>
</responseIf>
</responseCondition>
<setOutcomeValue identifier="SCORE">
<sum>
<variable identifier="SCORE_RESPONSE_1"/>
</sum>
</setOutcomeValue>
<responseCondition>
<responseIf>
<lt>
<variable identifier="SCORE"/>
<variable identifier="MINSCORE"/>
</lt>
<setOutcomeValue identifier="SCORE">
<variable identifier="MINSCORE"/>
</setOutcomeValue>
</responseIf>
</responseCondition>
<responseCondition>
<responseIf>
<lt>
<variable identifier="SCORE"/>
<baseValue baseType="float">1</baseValue>
</lt>
<setOutcomeValue identifier="FEEDBACKMODAL">
<multiple>
<variable identifier="FEEDBACKMODAL"/>
<baseValue baseType="identifier">Feedback894018292</baseValue>
</multiple>
</setOutcomeValue>
</responseIf>
</responseCondition>
</responseProcessing>
<modalFeedback identifier="Feedback894018292" outcomeIdentifier="FEEDBACKMODAL" showHide="show">
<ol type = "a">
<li> 0,98 <br /> False </li>
<li> 1,83 <br /> True </li>
<li> 3,65 <br /> False </li>
<li> 2,03 <br /> False </li>
<li> 3,90 <br /> False </li>
<li> 2,77 <br /> False </li>
</ol>
</modalFeedback>
</assessmentItem>
