<?xml version="1.0" encoding="UTF-8"?>
<assessmentItem xsi:schemaLocation="http://www.imsglobal.org/xsd/imsqti_v2p1 http://www.imsglobal.org/xsd/qti/qtiv2p1/imsqti_v2p1p1.xsd http://www.w3.org/1998/Math/MathML http://www.w3.org/Math/XMLSchema/mathml2/mathml2.xsd" identifier="vufgb-regression-004-nl-qti_956986874_section_1_item_1_schoice" title="1" adaptive="false" timeDependent="false" xmlns="http://www.imsglobal.org/xsd/imsqti_v2p1" xmlns:xsi="http://www.w3.org/2001/XMLSchema-instance">
<responseDeclaration identifier="vufgb-regression-004-nl-qti_956986874_section_1_item_1_schoice_RESPONSE_1_9106304" cardinality="single" baseType="identifier">
<correctResponse>
<value>vufgb-regression-004-nl-qti_956986874_section_1_item_1_schoice_4_1960624617</value>
</correctResponse>
<mapping defaultValue="0" lowerBound="0.0">
<mapEntry mapKey="vufgb-regression-004-nl-qti_956986874_section_1_item_1_schoice_1_9145136788" mappedValue="0"/>
<mapEntry mapKey="vufgb-regression-004-nl-qti_956986874_section_1_item_1_schoice_2_1473736820" mappedValue="0"/>
<mapEntry mapKey="vufgb-regression-004-nl-qti_956986874_section_1_item_1_schoice_3_8284026256" mappedValue="0"/>
<mapEntry mapKey="vufgb-regression-004-nl-qti_956986874_section_1_item_1_schoice_4_1960624617" mappedValue="1"/>
</mapping>
</responseDeclaration>
<outcomeDeclaration identifier="SCORE" cardinality="single" baseType="float" normalMaximum="1" normalMinimum="0">
<defaultValue>
<value>0.0</value>
</defaultValue>
</outcomeDeclaration>
<outcomeDeclaration identifier="MAXSCORE" cardinality="single" baseType="float">
<defaultValue>
<value>1</value>
</defaultValue>
</outcomeDeclaration>
<outcomeDeclaration identifier="FEEDBACKBASIC" cardinality="single" baseType="identifier" view="testConstructor">
<defaultValue>
<value>empty</value>
</defaultValue>
</outcomeDeclaration>
<outcomeDeclaration identifier="FEEDBACKMODAL" cardinality="multiple" baseType="identifier" view="testConstructor"/>
<outcomeDeclaration identifier="MINSCORE" cardinality="single" baseType="float">
<defaultValue>
<value baseType="float">0</value>
</defaultValue>
</outcomeDeclaration>
<outcomeDeclaration identifier="SCORE_RESPONSE_1" cardinality="single" baseType="float">
<defaultValue>
<value>0.0</value>
</defaultValue>
</outcomeDeclaration>
<outcomeDeclaration identifier="MINSCORE_RESPONSE_1" cardinality="single" baseType="float">
<defaultValue>
<value>0.0</value>
</defaultValue>
</outcomeDeclaration>
<itemBody>
<p>Een onderzoeker heeft gegevens over een gedragsmaat <math display="inline" xmlns="http://www.w3.org/1998/Math/MathML"><semantics><mi>y</mi><annotation encoding="application/x-tex">y</annotation></semantics></math> en de hoeveelheid inname van een medicijn <math display="inline" xmlns="http://www.w3.org/1998/Math/MathML"><semantics><mi>x</mi><annotation encoding="application/x-tex">x</annotation></semantics></math>. Het volgende regressie model wordt geschat: <math display="inline" xmlns="http://www.w3.org/1998/Math/MathML"><semantics><mrow><mover><mi>y</mi><mo accent="true">̂</mo></mover><mo>=</mo><mn>6</mn><mo>+</mo><mn>15</mn><mi>x</mi><mo>−</mo><mn>0.04</mn><msup><mi>x</mi><mn>2</mn></msup></mrow><annotation encoding="application/x-tex">\hat{y} = 6+15x−0.04x^{2}</annotation></semantics></math>. Trek je conclusie over het optimum volgens dit model.</p>
<choiceInteraction responseIdentifier="vufgb-regression-004-nl-qti_956986874_section_1_item_1_schoice_RESPONSE_1_9106304" shuffle="false" maxChoices="1">
<simpleChoice identifier="vufgb-regression-004-nl-qti_956986874_section_1_item_1_schoice_1_9145136788">
<p>
 De maximale <math display="inline" xmlns="http://www.w3.org/1998/Math/MathML"><semantics><mi>y</mi><annotation encoding="application/x-tex">y</annotation></semantics></math> ligt bij <math display="inline" xmlns="http://www.w3.org/1998/Math/MathML"><semantics><mrow><mi>x</mi><mo>=</mo><mn>6.0</mn></mrow><annotation encoding="application/x-tex">x = 6.0</annotation></semantics></math>.
</p>
</simpleChoice>
<simpleChoice identifier="vufgb-regression-004-nl-qti_956986874_section_1_item_1_schoice_2_1473736820">
<p>
 De maximale <math display="inline" xmlns="http://www.w3.org/1998/Math/MathML"><semantics><mi>y</mi><annotation encoding="application/x-tex">y</annotation></semantics></math> ligt bij <math display="inline" xmlns="http://www.w3.org/1998/Math/MathML"><semantics><mrow><mi>x</mi><mo>=</mo><mn>187.5</mn></mrow><annotation encoding="application/x-tex">x = 187.5</annotation></semantics></math>.
</p>
</simpleChoice>
<simpleChoice identifier="vufgb-regression-004-nl-qti_956986874_section_1_item_1_schoice_3_8284026256">
<p>
 De minimale <math display="inline" xmlns="http://www.w3.org/1998/Math/MathML"><semantics><mi>y</mi><annotation encoding="application/x-tex">y</annotation></semantics></math> ligt bij <math display="inline" xmlns="http://www.w3.org/1998/Math/MathML"><semantics><mrow><mi>x</mi><mo>=</mo><mn>6.0</mn></mrow><annotation encoding="application/x-tex">x = 6.0</annotation></semantics></math>.
</p>
</simpleChoice>
<simpleChoice identifier="vufgb-regression-004-nl-qti_956986874_section_1_item_1_schoice_4_1960624617">
<p>
 De minimale <math display="inline" xmlns="http://www.w3.org/1998/Math/MathML"><semantics><mi>y</mi><annotation encoding="application/x-tex">y</annotation></semantics></math> ligt bij <math display="inline" xmlns="http://www.w3.org/1998/Math/MathML"><semantics><mrow><mi>x</mi><mo>=</mo><mn>187.5</mn></mrow><annotation encoding="application/x-tex">x = 187.5</annotation></semantics></math>.
</p>
</simpleChoice>
</choiceInteraction>
</itemBody>
<responseProcessing>
<responseCondition>
<responseIf>
<isNull>
<variable identifier="vufgb-regression-004-nl-qti_956986874_section_1_item_1_schoice_RESPONSE_1_9106304"/>
</isNull>
<setOutcomeValue identifier="SCORE_RESPONSE_1">
<sum>
<variable identifier="SCORE_RESPONSE_1"/>
<baseValue baseType="float">0</baseValue>
</sum>
</setOutcomeValue>
</responseIf>
</responseCondition>
<setOutcomeValue identifier="SCORE_RESPONSE_1">
<sum>
<variable identifier="SCORE_RESPONSE_1"/>
<mapResponse identifier="vufgb-regression-004-nl-qti_956986874_section_1_item_1_schoice_RESPONSE_1_9106304"/>
</sum>
</setOutcomeValue>
<responseCondition>
<responseIf>
<lt>
<variable identifier="SCORE_RESPONSE_1"/>
<variable identifier="MINSCORE_RESPONSE_1"/>
</lt>
<setOutcomeValue identifier="SCORE_RESPONSE_1">
<variable identifier="MINSCORE_RESPONSE_1"/>
</setOutcomeValue>
</responseIf>
</responseCondition>
<setOutcomeValue identifier="SCORE">
<sum>
<variable identifier="SCORE_RESPONSE_1"/>
</sum>
</setOutcomeValue>
<responseCondition>
<responseIf>
<lt>
<variable identifier="SCORE"/>
<variable identifier="MINSCORE"/>
</lt>
<setOutcomeValue identifier="SCORE">
<variable identifier="MINSCORE"/>
</setOutcomeValue>
</responseIf>
</responseCondition>
<responseCondition>
<responseIf>
<lt>
<variable identifier="SCORE"/>
<baseValue baseType="float">1</baseValue>
</lt>
<setOutcomeValue identifier="FEEDBACKMODAL">
<multiple>
<variable identifier="FEEDBACKMODAL"/>
<baseValue baseType="identifier">Feedback906615728</baseValue>
</multiple>
</setOutcomeValue>
</responseIf>
</responseCondition>
</responseProcessing>
<modalFeedback identifier="Feedback906615728" outcomeIdentifier="FEEDBACKMODAL" showHide="show">
 De maximale <math display="inline" xmlns="http://www.w3.org/1998/Math/MathML"><semantics><mi>y</mi><annotation encoding="application/x-tex">y</annotation></semantics></math> ligt bij <math display="inline" xmlns="http://www.w3.org/1998/Math/MathML"><semantics><mrow><mi>x</mi><mo>=</mo><mn>6.0</mn></mrow><annotation encoding="application/x-tex">x = 6.0</annotation></semantics></math>. <br /> Incorrect 
 De maximale <math display="inline" xmlns="http://www.w3.org/1998/Math/MathML"><semantics><mi>y</mi><annotation encoding="application/x-tex">y</annotation></semantics></math> ligt bij <math display="inline" xmlns="http://www.w3.org/1998/Math/MathML"><semantics><mrow><mi>x</mi><mo>=</mo><mn>187.5</mn></mrow><annotation encoding="application/x-tex">x = 187.5</annotation></semantics></math>. <br /> Incorrect 
 De minimale <math display="inline" xmlns="http://www.w3.org/1998/Math/MathML"><semantics><mi>y</mi><annotation encoding="application/x-tex">y</annotation></semantics></math> ligt bij <math display="inline" xmlns="http://www.w3.org/1998/Math/MathML"><semantics><mrow><mi>x</mi><mo>=</mo><mn>6.0</mn></mrow><annotation encoding="application/x-tex">x = 6.0</annotation></semantics></math>. <br /> Incorrect 
 De minimale <math display="inline" xmlns="http://www.w3.org/1998/Math/MathML"><semantics><mi>y</mi><annotation encoding="application/x-tex">y</annotation></semantics></math> ligt bij <math display="inline" xmlns="http://www.w3.org/1998/Math/MathML"><semantics><mrow><mi>x</mi><mo>=</mo><mn>187.5</mn></mrow><annotation encoding="application/x-tex">x = 187.5</annotation></semantics></math>. <br /> Correct 
</modalFeedback>
</assessmentItem>
