<?xml version="1.0" encoding="utf-8" standalone="yes"?>
<assessmentItem identifier="eur-reliability-102-nl-tv_202601131823_item_1_num" title="eur-reliability-102-nl-tv_202601131823_item_1_num_eur-reliability-102-nl" adaptive="false" timeDependent="false" toolName="Testvision Online" toolVersion="39.0.9084" xmlns="http://www.imsglobal.org/xsd/imsqti_v2p1"> <responseDeclaration identifier="RESPONSE" cardinality="multiple" baseType="float"> <correctResponse> <value>0.843</value> <value>0.838;0.848</value> </correctResponse> </responseDeclaration> <outcomeDeclaration identifier="SCORE" cardinality="single" baseType="float" normalMaximum="1" normalMinimum="0" /> <outcomeDeclaration identifier="FEEDBACK" cardinality="single" baseType="identifier" /> <stylesheet href="css/eur-reliability-102-nl-tv_202601131823_item_1_num.css" type="text/css" /> <itemBody> <p>Hieronder vind je de waargenomen scores op een depressieschaal met een interval van een week. Hoge scores duiden op een hoge mate van depressie.</p> <table> <thead> <tr class="header"> <th class="recss_5">Participant</th> <th class="recss_5">Form1</th> <th class="recss_5">Form2</th> </tr> </thead> <tbody> <tr class="odd"> <td class="recss_5">1</td> <td class="recss_5">17</td> <td class="recss_5">19</td> </tr> <tr class="even"> <td class="recss_5">2</td> <td class="recss_5">21</td> <td class="recss_5">23</td> </tr> <tr class="odd"> <td class="recss_5">3</td> <td class="recss_5">14</td> <td class="recss_5">11</td> </tr> <tr class="even"> <td class="recss_5">4</td> <td class="recss_5">28</td> <td class="recss_5">24</td> </tr> <tr class="odd"> <td class="recss_5">5</td> <td class="recss_5">32</td> <td class="recss_5">34</td> </tr> <tr class="even"> <td class="recss_5">6</td> <td class="recss_5">24</td> <td class="recss_5">21</td> </tr> </tbody> </table> <p>Bereken de test-hertest betrouwbaarheid. Om je werk te verminderen: <math display="inline" xmlns="http://www.w3.org/1998/Math/MathML"><semantics><mrow><msubsup><mi>s</mi><mrow><mn>1</mn><mi>s</mi><mi>t</mi></mrow><mn>2</mn></msubsup><mo>=</mo><mn>37.06</mn></mrow><annotation encoding="application/x-tex">s^2_{1st} = 37.06</annotation></semantics></math>, <math display="inline" xmlns="http://www.w3.org/1998/Math/MathML"><semantics><mrow><msubsup><mi>s</mi><mrow><mn>2</mn><mi>n</mi><mi>d</mi></mrow><mn>2</mn></msubsup><mo>=</mo><mn>54.56</mn></mrow><annotation encoding="application/x-tex">s^2_{2nd} = 54.56</annotation></semantics></math> en <math display="inline" xmlns="http://www.w3.org/1998/Math/MathML"><semantics><mrow><msub><mi>c</mi><mrow><mn>1</mn><mi>s</mi><mi>t</mi><mo>,</mo><mn>2</mn><mi>n</mi><mi>d</mi></mrow></msub><mo>=</mo><mn>37.89</mn></mrow><annotation encoding="application/x-tex">c_{1st,2nd} = 37.89</annotation></semantics></math>.</p> <extendedTextInteraction responseIdentifier="RESPONSE"/> </itemBody> <responseProcessing> <responseCondition> <responseIf> <isNull> <variable identifier="RESPONSE"/> </isNull> <setOutcomeValue identifier="SCORE"> <baseValue baseType="float">0.0</baseValue> </setOutcomeValue> <setOutcomeValue identifier="FEEDBACK"> <baseValue baseType="identifier">FAILURE</baseValue> </setOutcomeValue> </responseIf> <responseElse> <responseCondition> <responseIf> <match> <variable identifier="RESPONSE"/> <correct identifier="RESPONSE"/> </match> <setOutcomeValue identifier="SCORE"> <baseValue baseType="float">1</baseValue> </setOutcomeValue> </responseIf> <responseElse> <setOutcomeValue identifier="SCORE"> <baseValue baseType="float">0</baseValue> </setOutcomeValue> </responseElse> </responseCondition> <responseCondition> <responseIf> <equal toleranceMode="relative" tolerance="0.001"> <variable identifier="SCORE"/> <variable identifier="MAXSCORE"/> </equal> <setOutcomeValue identifier="FEEDBACK"> <baseValue baseType="identifier">ANSWER_CORRECT</baseValue> </setOutcomeValue> </responseIf> <responseElse> <setOutcomeValue identifier="FEEDBACK"> <baseValue baseType="identifier">FAILURE</baseValue> </setOutcomeValue> </responseElse> </responseCondition> </responseElse> </responseCondition> </responseProcessing> <modalFeedback identifier="FAILURE" outcomeIdentifier="FEEDBACK" showHide="show"> <div class="textblock tvblock tvcss_1"><div class="rte_zone tveditor1"> <p>De test-hertestbetrouwbaarheid is gelijk aan de correlatie tussen de twee scores op de twee toedieningen. Deze correlatie is: <math display="inline" xmlns="http://www.w3.org/1998/Math/MathML"><semantics><msub><mi>r</mi><mrow><mi>F</mi><mn>1</mn><mo>,</mo><mi>F</mi><mn>2</mn></mrow></msub><annotation encoding="application/x-tex">r_{F1,F2}</annotation></semantics></math> = <math display="inline" xmlns="http://www.w3.org/1998/Math/MathML"><semantics><mrow><mfrac><mn>37.89</mn><msqrt><mrow><mn>37.06</mn><mo>×</mo><mn>54.56</mn></mrow></msqrt></mfrac><mo>=</mo><mn>.843</mn></mrow><annotation encoding="application/x-tex">\frac{37.89}{\sqrt{37.06 \times 54.56}} = .843</annotation></semantics></math>.</p> </div> </div> </modalFeedback> <modalFeedback identifier="ANSWER_CORRECT" outcomeIdentifier="FEEDBACK" showHide="show"> <div class="textblock tvblock tvcss_1"><div class="rte_zone tveditor1"> <p>De test-hertestbetrouwbaarheid is gelijk aan de correlatie tussen de twee scores op de twee toedieningen. Deze correlatie is: <math display="inline" xmlns="http://www.w3.org/1998/Math/MathML"><semantics><msub><mi>r</mi><mrow><mi>F</mi><mn>1</mn><mo>,</mo><mi>F</mi><mn>2</mn></mrow></msub><annotation encoding="application/x-tex">r_{F1,F2}</annotation></semantics></math> = <math display="inline" xmlns="http://www.w3.org/1998/Math/MathML"><semantics><mrow><mfrac><mn>37.89</mn><msqrt><mrow><mn>37.06</mn><mo>×</mo><mn>54.56</mn></mrow></msqrt></mfrac><mo>=</mo><mn>.843</mn></mrow><annotation encoding="application/x-tex">\frac{37.89}{\sqrt{37.06 \times 54.56}} = .843</annotation></semantics></math>.</p> </div> </div> </modalFeedback> <modalFeedback identifier="PARTIAL_CORRECT" outcomeIdentifier="FEEDBACK" showHide="show"> <div class="textblock tvblock tvcss_1"><div class="rte_zone tveditor1"> <p>De test-hertestbetrouwbaarheid is gelijk aan de correlatie tussen de twee scores op de twee toedieningen. Deze correlatie is: <math display="inline" xmlns="http://www.w3.org/1998/Math/MathML"><semantics><msub><mi>r</mi><mrow><mi>F</mi><mn>1</mn><mo>,</mo><mi>F</mi><mn>2</mn></mrow></msub><annotation encoding="application/x-tex">r_{F1,F2}</annotation></semantics></math> = <math display="inline" xmlns="http://www.w3.org/1998/Math/MathML"><semantics><mrow><mfrac><mn>37.89</mn><msqrt><mrow><mn>37.06</mn><mo>×</mo><mn>54.56</mn></mrow></msqrt></mfrac><mo>=</mo><mn>.843</mn></mrow><annotation encoding="application/x-tex">\frac{37.89}{\sqrt{37.06 \times 54.56}} = .843</annotation></semantics></math>.</p> </div> </div> </modalFeedback> </assessmentItem>
