<?xml version="1.0" encoding="UTF-8"?>
<assessmentItem xsi:schemaLocation="http://www.imsglobal.org/xsd/imsqti_v2p1 http://www.imsglobal.org/xsd/qti/qtiv2p1/imsqti_v2p1p1.xsd http://www.w3.org/1998/Math/MathML http://www.w3.org/Math/XMLSchema/mathml2/mathml2.xsd" identifier="uu-Width-801-nl-qti_516876872_section_1_item_1_schoice" title="1" adaptive="false" timeDependent="false" xmlns="http://www.imsglobal.org/xsd/imsqti_v2p1" xmlns:xsi="http://www.w3.org/2001/XMLSchema-instance">
<responseDeclaration identifier="uu-Width-801-nl-qti_516876872_section_1_item_1_schoice_RESPONSE_1_8343944" cardinality="single" baseType="identifier">
<correctResponse>
<value>uu-Width-801-nl-qti_516876872_section_1_item_1_schoice_4_4182346246</value>
</correctResponse>
<mapping defaultValue="0" lowerBound="0.0">
<mapEntry mapKey="uu-Width-801-nl-qti_516876872_section_1_item_1_schoice_1_6066487162" mappedValue="0"/>
<mapEntry mapKey="uu-Width-801-nl-qti_516876872_section_1_item_1_schoice_2_4625661135" mappedValue="0"/>
<mapEntry mapKey="uu-Width-801-nl-qti_516876872_section_1_item_1_schoice_3_7873744529" mappedValue="0"/>
<mapEntry mapKey="uu-Width-801-nl-qti_516876872_section_1_item_1_schoice_4_4182346246" mappedValue="1"/>
</mapping>
</responseDeclaration>
<outcomeDeclaration identifier="SCORE" cardinality="single" baseType="float" normalMaximum="1" normalMinimum="0">
<defaultValue>
<value>0.0</value>
</defaultValue>
</outcomeDeclaration>
<outcomeDeclaration identifier="MAXSCORE" cardinality="single" baseType="float">
<defaultValue>
<value>1</value>
</defaultValue>
</outcomeDeclaration>
<outcomeDeclaration identifier="FEEDBACKBASIC" cardinality="single" baseType="identifier" view="testConstructor">
<defaultValue>
<value>empty</value>
</defaultValue>
</outcomeDeclaration>
<outcomeDeclaration identifier="FEEDBACKMODAL" cardinality="multiple" baseType="identifier" view="testConstructor"/>
<outcomeDeclaration identifier="MINSCORE" cardinality="single" baseType="float">
<defaultValue>
<value baseType="float">0</value>
</defaultValue>
</outcomeDeclaration>
<outcomeDeclaration identifier="SCORE_RESPONSE_1" cardinality="single" baseType="float">
<defaultValue>
<value>0.0</value>
</defaultValue>
</outcomeDeclaration>
<outcomeDeclaration identifier="MINSCORE_RESPONSE_1" cardinality="single" baseType="float">
<defaultValue>
<value>0.0</value>
</defaultValue>
</outcomeDeclaration>
<itemBody>
<p>A psychologist examined the effect of chronic alcohol abuse on memory. In this experiment, a standardized test was used. Higher scores on the test indicate better memory. Scores on this test for the general population form a normal distribution with <math display="inline" xmlns="http://www.w3.org/1998/Math/MathML"><semantics><mrow><mi>μ</mi><mo>=</mo><mn>50</mn></mrow><annotation encoding="application/x-tex">\mu = 50</annotation></semantics></math> and <math display="inline" xmlns="http://www.w3.org/1998/Math/MathML"><semantics><mrow><mi>σ</mi><mo>=</mo><mn>8</mn></mrow><annotation encoding="application/x-tex">\sigma = 8</annotation></semantics></math>. A sample of 22 alcohol abusers has a mean score of <math display="inline" xmlns="http://www.w3.org/1998/Math/MathML"><semantics><mrow><mi>M</mi><mo>=</mo><mn>47</mn></mrow><annotation encoding="application/x-tex">M = 47</annotation></semantics></math>. The level of significance is 5%.</p>
<p>What is the 95% confidence interval for the mean memory score for alcohol abusers?</p>
<choiceInteraction responseIdentifier="uu-Width-801-nl-qti_516876872_section_1_item_1_schoice_RESPONSE_1_8343944" shuffle="false" maxChoices="1">
<simpleChoice identifier="uu-Width-801-nl-qti_516876872_section_1_item_1_schoice_1_6066487162">
<p>
 47.19 to 52.81
</p>
</simpleChoice>
<simpleChoice identifier="uu-Width-801-nl-qti_516876872_section_1_item_1_schoice_2_4625661135">
<p>
 46.66 to 53.34
</p>
</simpleChoice>
<simpleChoice identifier="uu-Width-801-nl-qti_516876872_section_1_item_1_schoice_3_7873744529">
<p>
 44.19 to 49.81
</p>
</simpleChoice>
<simpleChoice identifier="uu-Width-801-nl-qti_516876872_section_1_item_1_schoice_4_4182346246">
<p>
 43.66 to 50.34
</p>
</simpleChoice>
</choiceInteraction>
</itemBody>
<responseProcessing>
<responseCondition>
<responseIf>
<isNull>
<variable identifier="uu-Width-801-nl-qti_516876872_section_1_item_1_schoice_RESPONSE_1_8343944"/>
</isNull>
<setOutcomeValue identifier="SCORE_RESPONSE_1">
<sum>
<variable identifier="SCORE_RESPONSE_1"/>
<baseValue baseType="float">0</baseValue>
</sum>
</setOutcomeValue>
</responseIf>
</responseCondition>
<setOutcomeValue identifier="SCORE_RESPONSE_1">
<sum>
<variable identifier="SCORE_RESPONSE_1"/>
<mapResponse identifier="uu-Width-801-nl-qti_516876872_section_1_item_1_schoice_RESPONSE_1_8343944"/>
</sum>
</setOutcomeValue>
<responseCondition>
<responseIf>
<lt>
<variable identifier="SCORE_RESPONSE_1"/>
<variable identifier="MINSCORE_RESPONSE_1"/>
</lt>
<setOutcomeValue identifier="SCORE_RESPONSE_1">
<variable identifier="MINSCORE_RESPONSE_1"/>
</setOutcomeValue>
</responseIf>
</responseCondition>
<setOutcomeValue identifier="SCORE">
<sum>
<variable identifier="SCORE_RESPONSE_1"/>
</sum>
</setOutcomeValue>
<responseCondition>
<responseIf>
<lt>
<variable identifier="SCORE"/>
<variable identifier="MINSCORE"/>
</lt>
<setOutcomeValue identifier="SCORE">
<variable identifier="MINSCORE"/>
</setOutcomeValue>
</responseIf>
</responseCondition>
<responseCondition>
<responseIf>
<lt>
<variable identifier="SCORE"/>
<baseValue baseType="float">1</baseValue>
</lt>
<setOutcomeValue identifier="FEEDBACKMODAL">
<multiple>
<variable identifier="FEEDBACKMODAL"/>
<baseValue baseType="identifier">Feedback248239134</baseValue>
</multiple>
</setOutcomeValue>
</responseIf>
</responseCondition>
</responseProcessing>
<modalFeedback identifier="Feedback248239134" outcomeIdentifier="FEEDBACKMODAL" showHide="show">
</modalFeedback>
</assessmentItem>
