<?xml version="1.0" encoding="UTF-8"?>
<assessmentItem xsi:schemaLocation="http://www.imsglobal.org/xsd/imsqti_v2p1 http://www.imsglobal.org/xsd/qti/qtiv2p1/imsqti_v2p1p1.xsd http://www.w3.org/1998/Math/MathML http://www.w3.org/Math/XMLSchema/mathml2/mathml2.xsd" identifier="vufgb-logisticregression-022-nl-ans_260229254_section_1_item_1_schoice" title="Inferential_Statistics_vufgb-logisticregression-022-nl_vufgb-logisticregression-022-nl_schoice_1" adaptive="false" timeDependent="false" xmlns="http://www.imsglobal.org/xsd/imsqti_v2p1" xmlns:xsi="http://www.w3.org/2001/XMLSchema-instance">
<responseDeclaration identifier="vufgb-logisticregression-022-nl-ans_260229254_section_1_item_1_schoice_RESPONSE_1_5804149" cardinality="single" baseType="identifier">
<correctResponse>
<value>vufgb-logisticregression-022-nl-ans_260229254_section_1_item_1_schoice_3_1039881579</value>
</correctResponse>
<mapping defaultValue="0" lowerBound="0.0">
<mapEntry mapKey="vufgb-logisticregression-022-nl-ans_260229254_section_1_item_1_schoice_1_4248737908" mappedValue="0"/>
<mapEntry mapKey="vufgb-logisticregression-022-nl-ans_260229254_section_1_item_1_schoice_2_8964106785" mappedValue="0"/>
<mapEntry mapKey="vufgb-logisticregression-022-nl-ans_260229254_section_1_item_1_schoice_3_1039881579" mappedValue="1"/>
<mapEntry mapKey="vufgb-logisticregression-022-nl-ans_260229254_section_1_item_1_schoice_4_4004126739" mappedValue="0"/>
</mapping>
</responseDeclaration>
<outcomeDeclaration identifier="SCORE" cardinality="single" baseType="float" normalMaximum="1" normalMinimum="0">
<defaultValue>
<value>0.0</value>
</defaultValue>
</outcomeDeclaration>
<outcomeDeclaration identifier="MAXSCORE" cardinality="single" baseType="float">
<defaultValue>
<value>1</value>
</defaultValue>
</outcomeDeclaration>
<outcomeDeclaration identifier="FEEDBACKBASIC" cardinality="single" baseType="identifier" view="testConstructor">
<defaultValue>
<value>empty</value>
</defaultValue>
</outcomeDeclaration>
<outcomeDeclaration identifier="FEEDBACKMODAL" cardinality="multiple" baseType="identifier" view="testConstructor"/>
<outcomeDeclaration identifier="SOLUTIONMODAL" cardinality="single" baseType="identifier" view="testConstructor"/>
<outcomeDeclaration identifier="MINSCORE" cardinality="single" baseType="float">
<defaultValue>
<value baseType="float">0</value>
</defaultValue>
</outcomeDeclaration>
<outcomeDeclaration identifier="SCORE_RESPONSE_1" cardinality="single" baseType="float">
<defaultValue>
<value>0.0</value>
</defaultValue>
</outcomeDeclaration>
<outcomeDeclaration identifier="MINSCORE_RESPONSE_1" cardinality="single" baseType="float">
<defaultValue>
<value>0.0</value>
</defaultValue>
</outcomeDeclaration>
<itemBody>
<p>In een onderzoek worden de scores op drie variabelen gebruikt: 1) aantal jaren genoten onderwijs, 2) inkomen en 3) levensduur. De onderzoeker wil het effect van variabele 1 op 3 schatten waarbij variabele 2 constant wordt gehouden. Welke analysetechniek is hier van toepassing?</p>
<choiceInteraction responseIdentifier="vufgb-logisticregression-022-nl-ans_260229254_section_1_item_1_schoice_RESPONSE_1_5804149" shuffle="false" maxChoices="1">
<simpleChoice identifier="vufgb-logisticregression-022-nl-ans_260229254_section_1_item_1_schoice_1_4248737908">
<p>
 Ancova.
</p>
</simpleChoice>
<simpleChoice identifier="vufgb-logisticregression-022-nl-ans_260229254_section_1_item_1_schoice_2_8964106785">
<p>
 Anova.
</p>
</simpleChoice>
<simpleChoice identifier="vufgb-logisticregression-022-nl-ans_260229254_section_1_item_1_schoice_3_1039881579">
<p>
 Logistische regressie.
</p>
</simpleChoice>
<simpleChoice identifier="vufgb-logisticregression-022-nl-ans_260229254_section_1_item_1_schoice_4_4004126739">
<p>
 Multipele regressie.
</p>
</simpleChoice>
</choiceInteraction>
</itemBody>
<responseProcessing>
<setOutcomeValue identifier="SCORE_RESPONSE_1">
<sum>
<variable identifier="SCORE_RESPONSE_1"/>
<mapResponse identifier="vufgb-logisticregression-022-nl-ans_260229254_section_1_item_1_schoice_RESPONSE_1_5804149"/>
</sum>
</setOutcomeValue>
<responseCondition>
<responseIf>
<lt>
<variable identifier="SCORE_RESPONSE_1"/>
<variable identifier="MINSCORE_RESPONSE_1"/>
</lt>
<setOutcomeValue identifier="SCORE_RESPONSE_1">
<variable identifier="MINSCORE_RESPONSE_1"/>
</setOutcomeValue>
</responseIf>
</responseCondition>
<responseCondition>
<responseIf>
<isNull>
<variable identifier="vufgb-logisticregression-022-nl-ans_260229254_section_1_item_1_schoice_RESPONSE_1_5804149"/>
</isNull>
<setOutcomeValue identifier="SCORE_RESPONSE_1">
<sum>
<variable identifier="SCORE_RESPONSE_1"/>
<baseValue baseType="float">0</baseValue>
</sum>
</setOutcomeValue>
</responseIf>
</responseCondition>
<setOutcomeValue identifier="SCORE">
<sum>
<variable identifier="SCORE_RESPONSE_1"/>
</sum>
</setOutcomeValue>
<responseCondition>
<responseIf>
<lt>
<variable identifier="SCORE"/>
<variable identifier="MINSCORE"/>
</lt>
<setOutcomeValue identifier="SCORE">
<variable identifier="MINSCORE"/>
</setOutcomeValue>
</responseIf>
</responseCondition>
<responseCondition>
<responseIf>
<lt>
<variable identifier="SCORE"/>
<baseValue baseType="float">1</baseValue>
</lt>
<setOutcomeValue identifier="FEEDBACKMODAL">
<multiple>
<variable identifier="FEEDBACKMODAL"/>
<baseValue baseType="identifier">Feedback671422346</baseValue>
</multiple>
</setOutcomeValue>
</responseIf>
</responseCondition>
</responseProcessing>
<modalFeedback outcomeIdentifier="FEEDBACK" showHide="show" identifier="incorrect">
<ul>
<li> Ancova. <br /> Incorrect </li>
<li> Anova. <br /> Incorrect </li>
<li> Logistische regressie. <br /> Correct </li>
<li> Multipele regressie. <br /> Incorrect </li>
</ul>
</modalFeedback>
</assessmentItem>
