<?xml version="1.0" encoding="utf-8" standalone="yes"?>
<assessmentItem identifier="uva-simple-linear-regression-802-en-tv_202510071724_item_1_schoice" title="uva-simple-linear-regression-802-en-tv_202510071724_item_1_schoice_uva-simple-linear-regression-802-en" adaptive="false" timeDependent="false" toolName="Testvision Online" toolVersion="39.0.9084" xmlns="http://www.imsglobal.org/xsd/imsqti_v2p1">
<responseDeclaration identifier="RESPONSE" cardinality="single" baseType="identifier">
<correctResponse>
<value>alt_448353</value>
</correctResponse>
<mapping defaultValue="0" lowerBound="0.0">
<mapEntry mapKey="alt_417648" mappedValue="-0.5"/>
<mapEntry mapKey="alt_448353" mappedValue="1"/>
<mapEntry mapKey="alt_467975" mappedValue="-0.5"/>
</mapping>
</responseDeclaration>
<outcomeDeclaration identifier="SCORE" cardinality="single" baseType="float" normalMaximum="1" normalMinimum="0" />
<outcomeDeclaration identifier="FEEDBACK" cardinality="single" baseType="identifier" />
<stylesheet href="css/uva-simple-linear-regression-802-en-tv_202510071724_item_1_schoice.css" type="text/css" />
<itemBody>
<p>ANOVA is a multiple regression with a quantitative dependent variable and categorical (indicator) variables. The null hypothesis of a one-way (one factor) three-level ANOVA is that the averages of all three groups (populations) are equal. In the multiple regression represents the null hypothesis that the plane through the averages of the three groups is horizontal. The null hypothesis of the multiple regression which is equivalent to that of ANOVA is</p>
<choiceInteraction responseIdentifier="RESPONSE" shuffle="false" maxChoices="1">
<simpleChoice identifier="alt_417648">
<div class="textblock tvblock tvcss_1"><div class="rte_zone tveditor1">
 H0: β1 = β2
</div>
</div>
</simpleChoice>
<simpleChoice identifier="alt_448353">
<div class="textblock tvblock tvcss_1"><div class="rte_zone tveditor1">
 H0: β1 = β2 = 0
</div>
</div>
</simpleChoice>
<simpleChoice identifier="alt_467975">
<div class="textblock tvblock tvcss_1"><div class="rte_zone tveditor1">
 H0: β1 = β2 = α
</div>
</div>
</simpleChoice>
</choiceInteraction>
</itemBody>
<responseProcessing>
<responseCondition>
<responseIf>
<isNull>
<variable identifier="RESPONSE"/>
</isNull>
<setOutcomeValue identifier="SCORE">
<baseValue baseType="float">0.0</baseValue>
</setOutcomeValue>
<setOutcomeValue identifier="FEEDBACK">
<baseValue baseType="identifier">FAILURE</baseValue>
</setOutcomeValue>
</responseIf>
<responseElse>
<setOutcomeValue identifier="SCORE">
<mapResponse identifier="RESPONSE"/>
</setOutcomeValue>
<responseCondition>
<responseIf>
<equal toleranceMode="relative" tolerance="0.001">
<variable identifier="SCORE"/>
<variable identifier="MAXSCORE"/>
</equal>
<setOutcomeValue identifier="FEEDBACK">
<baseValue baseType="identifier">ANSWER_CORRECT</baseValue>
</setOutcomeValue>
</responseIf>
<responseElse>
<setOutcomeValue identifier="FEEDBACK">
<baseValue baseType="identifier">FAILURE</baseValue>
</setOutcomeValue>
</responseElse>
</responseCondition>
</responseElse>
</responseCondition>
</responseProcessing>
<modalFeedback identifier="FAILURE" outcomeIdentifier="FEEDBACK" showHide="show">
<div class="textblock tvblock tvcss_1"><div class="rte_zone tveditor1">
<ul>
<li> H0: β1 = β2 <br /> H0: β1 = β2: Incorrect </li>
<li> H0: β1 = β2 = 0 <br /> H0: β1 = β2 = 0: Correct </li>
<li> H0: β1 = β2 = α <br /> H0: β1 = β2 = α: Incorrect </li>
</ul>
</div>
</div>
</modalFeedback>
<modalFeedback identifier="ANSWER_CORRECT" outcomeIdentifier="FEEDBACK" showHide="show">
<div class="textblock tvblock tvcss_1"><div class="rte_zone tveditor1">
<ul>
<li> H0: β1 = β2 <br /> H0: β1 = β2: Incorrect </li>
<li> H0: β1 = β2 = 0 <br /> H0: β1 = β2 = 0: Correct </li>
<li> H0: β1 = β2 = α <br /> H0: β1 = β2 = α: Incorrect </li>
</ul>
</div>
</div>
</modalFeedback>
<modalFeedback identifier="PARTIAL_CORRECT" outcomeIdentifier="FEEDBACK" showHide="show">
<div class="textblock tvblock tvcss_1"><div class="rte_zone tveditor1">
<ul>
<li> H0: β1 = β2 <br /> H0: β1 = β2: Incorrect </li>
<li> H0: β1 = β2 = 0 <br /> H0: β1 = β2 = 0: Correct </li>
<li> H0: β1 = β2 = α <br /> H0: β1 = β2 = α: Incorrect </li>
</ul>
</div>
</div>
</modalFeedback>
</assessmentItem>
