<?xml version="1.0" encoding="UTF-8"?>
<assessmentItem xsi:schemaLocation="http://www.imsglobal.org/xsd/imsqti_v2p1 http://www.imsglobal.org/xsd/qti/qtiv2p1/imsqti_v2p1p1.xsd http://www.w3.org/1998/Math/MathML http://www.w3.org/Math/XMLSchema/mathml2/mathml2.xsd" identifier="vufgb-samplingdistributions-031-nl-qti_550403071_section_1_item_1_schoice" title="1" adaptive="false" timeDependent="false" xmlns="http://www.imsglobal.org/xsd/imsqti_v2p1" xmlns:xsi="http://www.w3.org/2001/XMLSchema-instance">
<responseDeclaration identifier="vufgb-samplingdistributions-031-nl-qti_550403071_section_1_item_1_schoice_RESPONSE_1_7391048" cardinality="single" baseType="identifier">
<correctResponse>
<value>vufgb-samplingdistributions-031-nl-qti_550403071_section_1_item_1_schoice_2_2936361121</value>
</correctResponse>
<mapping defaultValue="0" lowerBound="0.0">
<mapEntry mapKey="vufgb-samplingdistributions-031-nl-qti_550403071_section_1_item_1_schoice_1_8513648285" mappedValue="0"/>
<mapEntry mapKey="vufgb-samplingdistributions-031-nl-qti_550403071_section_1_item_1_schoice_2_2936361121" mappedValue="1"/>
<mapEntry mapKey="vufgb-samplingdistributions-031-nl-qti_550403071_section_1_item_1_schoice_3_1526023540" mappedValue="0"/>
<mapEntry mapKey="vufgb-samplingdistributions-031-nl-qti_550403071_section_1_item_1_schoice_4_1936742291" mappedValue="0"/>
</mapping>
</responseDeclaration>
<outcomeDeclaration identifier="SCORE" cardinality="single" baseType="float" normalMaximum="1" normalMinimum="0">
<defaultValue>
<value>0.0</value>
</defaultValue>
</outcomeDeclaration>
<outcomeDeclaration identifier="MAXSCORE" cardinality="single" baseType="float">
<defaultValue>
<value>1</value>
</defaultValue>
</outcomeDeclaration>
<outcomeDeclaration identifier="FEEDBACKBASIC" cardinality="single" baseType="identifier" view="testConstructor">
<defaultValue>
<value>empty</value>
</defaultValue>
</outcomeDeclaration>
<outcomeDeclaration identifier="FEEDBACKMODAL" cardinality="multiple" baseType="identifier" view="testConstructor"/>
<outcomeDeclaration identifier="MINSCORE" cardinality="single" baseType="float">
<defaultValue>
<value baseType="float">0</value>
</defaultValue>
</outcomeDeclaration>
<outcomeDeclaration identifier="SCORE_RESPONSE_1" cardinality="single" baseType="float">
<defaultValue>
<value>0.0</value>
</defaultValue>
</outcomeDeclaration>
<outcomeDeclaration identifier="MINSCORE_RESPONSE_1" cardinality="single" baseType="float">
<defaultValue>
<value>0.0</value>
</defaultValue>
</outcomeDeclaration>
<itemBody>
<p>Vul in:</p>
<p>Een …..I…… is de beste voorspelling voor een populatiewaarde. Een schatting waarbinnen de populatiewaarde verwacht wordt te vallen wordt gegeven door de …..II……</p>
<choiceInteraction responseIdentifier="vufgb-samplingdistributions-031-nl-qti_550403071_section_1_item_1_schoice_RESPONSE_1_7391048" shuffle="false" maxChoices="1">
<simpleChoice identifier="vufgb-samplingdistributions-031-nl-qti_550403071_section_1_item_1_schoice_1_8513648285">
<p>
 I: steekproef, II: standaarddeviatie
</p>
</simpleChoice>
<simpleChoice identifier="vufgb-samplingdistributions-031-nl-qti_550403071_section_1_item_1_schoice_2_2936361121">
<p>
 I: puntschatter, II: intervalschatting
</p>
</simpleChoice>
<simpleChoice identifier="vufgb-samplingdistributions-031-nl-qti_550403071_section_1_item_1_schoice_3_1526023540">
<p>
 I: t-verdeling, II: vrijheidsgraden
</p>
</simpleChoice>
<simpleChoice identifier="vufgb-samplingdistributions-031-nl-qti_550403071_section_1_item_1_schoice_4_1936742291">
<p>
 I: betrouwbaarheidsinterval, II: uitbijters
</p>
</simpleChoice>
</choiceInteraction>
</itemBody>
<responseProcessing>
<responseCondition>
<responseIf>
<isNull>
<variable identifier="vufgb-samplingdistributions-031-nl-qti_550403071_section_1_item_1_schoice_RESPONSE_1_7391048"/>
</isNull>
<setOutcomeValue identifier="SCORE_RESPONSE_1">
<sum>
<variable identifier="SCORE_RESPONSE_1"/>
<baseValue baseType="float">0</baseValue>
</sum>
</setOutcomeValue>
</responseIf>
</responseCondition>
<setOutcomeValue identifier="SCORE_RESPONSE_1">
<sum>
<variable identifier="SCORE_RESPONSE_1"/>
<mapResponse identifier="vufgb-samplingdistributions-031-nl-qti_550403071_section_1_item_1_schoice_RESPONSE_1_7391048"/>
</sum>
</setOutcomeValue>
<responseCondition>
<responseIf>
<lt>
<variable identifier="SCORE_RESPONSE_1"/>
<variable identifier="MINSCORE_RESPONSE_1"/>
</lt>
<setOutcomeValue identifier="SCORE_RESPONSE_1">
<variable identifier="MINSCORE_RESPONSE_1"/>
</setOutcomeValue>
</responseIf>
</responseCondition>
<setOutcomeValue identifier="SCORE">
<sum>
<variable identifier="SCORE_RESPONSE_1"/>
</sum>
</setOutcomeValue>
<responseCondition>
<responseIf>
<lt>
<variable identifier="SCORE"/>
<variable identifier="MINSCORE"/>
</lt>
<setOutcomeValue identifier="SCORE">
<variable identifier="MINSCORE"/>
</setOutcomeValue>
</responseIf>
</responseCondition>
<responseCondition>
<responseIf>
<lt>
<variable identifier="SCORE"/>
<baseValue baseType="float">1</baseValue>
</lt>
<setOutcomeValue identifier="FEEDBACKMODAL">
<multiple>
<variable identifier="FEEDBACKMODAL"/>
<baseValue baseType="identifier">Feedback616729366</baseValue>
</multiple>
</setOutcomeValue>
</responseIf>
</responseCondition>
</responseProcessing>
<modalFeedback identifier="Feedback616729366" outcomeIdentifier="FEEDBACKMODAL" showHide="show">
 I: steekproef, II: standaarddeviatie <br /> Incorrect 
 I: puntschatter, II: intervalschatting <br /> Correct 
 I: t-verdeling, II: vrijheidsgraden <br /> Incorrect 
 I: betrouwbaarheidsinterval, II: uitbijters <br /> Incorrect 
</modalFeedback>
</assessmentItem>
