<?xml version="1.0" encoding="UTF-8"?>
<!DOCTYPE questestinterop SYSTEM "ims_qtiasiv1p2p1.dtd">

<questestinterop xmlns="http://www.imsglobal.org/xsd/ims_qtiasiv1p2" xmlns:xsi="http://www.w3.org/2001/XMLSchema-instance" xsi:schemaLocation="http://www.imsglobal.org/xsd/ims_qtiasiv1p2 http://www.imsglobal.org/xsd/ims_qtiasiv1p2p1.xsd">
<assessment ident="vufgb-multiplelinearregression-021-nl-canvas_576203916" title="vufgb-multiplelinearregression-021-nl-canvas">

<qtimetadata>
<qtimetadatafield>
<fieldlabel>cc_maxattempts</fieldlabel>
<fieldentry>1</fieldentry>
</qtimetadatafield>
<qtimetadatafield>
<fieldlabel>qmd_assessmenttype</fieldlabel>
<fieldentry>Assessment</fieldentry>
</qtimetadatafield>
</qtimetadata>
<objectives>
<material>
<mattext><![CDATA[Please solve the following exercises.]]></mattext>
</material>
</objectives>
<assessmentcontrol feedbackswitch="No" hintswitch="No" solutionswitch="Yes"/>
<outcomes_processing scoremodel="SumOfScores">
<outcomes>
<decvar varname="SCORE" vartype="Decimal" cutvalue="0"/>
</outcomes>
</outcomes_processing>
<assessfeedback title="AssessmentFeedback" ident="AssessmentFeedback">
<flow_mat>
<material>
<mattext>##AssessmentFeedback##</mattext>
</material>
</flow_mat>
</assessfeedback>

<section ident="vufgb-multiplelinearregression-021-nl-canvas_576203916_section_1" title="Exercise">

<objectives>
<material>
<mattext><![CDATA[Please answer the following question.]]></mattext>
</material>
</objectives>
<selection_ordering>
<selection>
<selection_number>1</selection_number>
<selection_extension>
<points_per_item>1</points_per_item>
</selection_extension>
</selection>
<order order_type="Random"/>
</selection_ordering>

<item ident="vufgb-multiplelinearregression-021-nl-canvas_576203916_section_1_item_1_schoice" title="Question" maxattempts="1">
<itemcontrol feedbackswitch="No" hintswitch="No" solutionswitch="Yes"/>
<itemmetadata>
<qtimetadata>
<qtimetadatafield>
<fieldlabel>question_type</fieldlabel>
<fieldentry>multiple_choice_question</fieldentry>
</qtimetadatafield>
</qtimetadata>
</itemmetadata>
<presentation>
<flow>
<material>
<matbreak/>
<mattext texttype="text/html" charset="utf-8"><![CDATA[
<p>Uit een enkelvoudige regressie blijkt dat de hoeveelheid toegediende antidepressiva voorspellend is voor de ernst van de depressie na 1 maand gebruik. Als in een multipele regressie echter statistisch gecontroleerd wordt voor ernst van de depressie bij aanvang van antidepressivagebruik verdwijnt het verband tussen antidepressivagebruik en ernst van de depressie na 1 maand gebruik. Met welk type multivariate relatie hebben we hier te maken?</p>
]]></mattext>
<matbreak/>
</material>
<response_lid ident="vufgb-multiplelinearregression-021-nl-canvas_576203916_section_1_item_1_schoice_RESPONSE_4684708" rcardinality="Single" rtiming="No">
<render_choice shuffle="No">
<flow_label class="List">
<response_label ident="vufgb-multiplelinearregression-021-nl-canvas_576203916_section_1_item_1_schoice_1702955779" rshuffle="No">
<material>
<mattext texttype="text/html" charset="utf-8"><![CDATA[
 Spurieus verband.
]]></mattext>
</material>
</response_label>
</flow_label>
<flow_label class="List">
<response_label ident="vufgb-multiplelinearregression-021-nl-canvas_576203916_section_1_item_1_schoice_3118027855" rshuffle="No">
<material>
<mattext texttype="text/html" charset="utf-8"><![CDATA[
 Interactie-effect.
]]></mattext>
</material>
</response_label>
</flow_label>
<flow_label class="List">
<response_label ident="vufgb-multiplelinearregression-021-nl-canvas_576203916_section_1_item_1_schoice_2506161592" rshuffle="No">
<material>
<mattext texttype="text/html" charset="utf-8"><![CDATA[
 Simpson’s paradox.
]]></mattext>
</material>
</response_label>
</flow_label>
<flow_label class="List">
<response_label ident="vufgb-multiplelinearregression-021-nl-canvas_576203916_section_1_item_1_schoice_4331757878" rshuffle="No">
<material>
<mattext texttype="text/html" charset="utf-8"><![CDATA[
 Suppressor effect.
]]></mattext>
</material>
</response_label>
</flow_label>
</render_choice>
</response_lid>
</flow>
</presentation>
<resprocessing>
<outcomes>
<decvar varname="SCORE" vartype="Decimal" defaultval="0" minvalue="0" maxvalue="1" cutvalue="1"/>
</outcomes>
<respcondition title="Mastery" continue="No">
<conditionvar>
<and>
<varequal respident="vufgb-multiplelinearregression-021-nl-canvas_576203916_section_1_item_1_schoice_RESPONSE_4684708" case="Yes">vufgb-multiplelinearregression-021-nl-canvas_576203916_section_1_item_1_schoice_1702955779</varequal>
<not> <varequal respident="vufgb-multiplelinearregression-021-nl-canvas_576203916_section_1_item_1_schoice_RESPONSE_4684708" case="Yes">vufgb-multiplelinearregression-021-nl-canvas_576203916_section_1_item_1_schoice_3118027855</varequal> </not>
<not> <varequal respident="vufgb-multiplelinearregression-021-nl-canvas_576203916_section_1_item_1_schoice_RESPONSE_4684708" case="Yes">vufgb-multiplelinearregression-021-nl-canvas_576203916_section_1_item_1_schoice_2506161592</varequal> </not>
<not> <varequal respident="vufgb-multiplelinearregression-021-nl-canvas_576203916_section_1_item_1_schoice_RESPONSE_4684708" case="Yes">vufgb-multiplelinearregression-021-nl-canvas_576203916_section_1_item_1_schoice_4331757878</varequal> </not>
</and>
</conditionvar>
<setvar varname="SCORE" action="Set">1</setvar>
<displayfeedback feedbacktype="Response" linkrefid="correct_fb"/>
</respcondition>
<respcondition continue="Yes">
<conditionvar>
<other/>
</conditionvar>
<displayfeedback feedbacktype="Response" linkrefid="general_incorrect_fb"/>
</respcondition>
</resprocessing>
<itemfeedback ident="correct_fb" view="All">
<flow_mat>
<material>
<mattext texttype="text/html"><![CDATA[
<ul>
<li> Spurieus verband. <br /> Correct </li>
<li> Interactie-effect. <br /> Incorrect </li>
<li> Simpson’s paradox. <br /> Incorrect </li>
<li> Suppressor effect. <br /> Incorrect </li>
</ul>
]]></mattext>
</material>
</flow_mat>
</itemfeedback>
<itemfeedback ident="general_incorrect_fb" view="All">
<flow_mat>
<material>
<mattext texttype="text/html"><![CDATA[
<ul>
<li> Spurieus verband. <br /> Correct </li>
<li> Interactie-effect. <br /> Incorrect </li>
<li> Simpson’s paradox. <br /> Incorrect </li>
<li> Suppressor effect. <br /> Incorrect </li>
</ul>
]]></mattext>
</material>
</flow_mat>
</itemfeedback>
</item>


</section>

</assessment>
</questestinterop>
