<?xml version="1.0" encoding="utf-8" standalone="yes"?>
<assessmentItem identifier="uva-probability-1142-nl-tv_202601131819_item_1_schoice" title="uva-probability-1142-nl-tv_202601131819_item_1_schoice_uva-probability-1142-nl" adaptive="false" timeDependent="false" toolName="Testvision Online" toolVersion="39.0.9084" xmlns="http://www.imsglobal.org/xsd/imsqti_v2p1"> <responseDeclaration identifier="RESPONSE" cardinality="single" baseType="identifier"> <correctResponse> <value>alt_130166</value> </correctResponse> <mapping defaultValue="0" lowerBound="0.0"> <mapEntry mapKey="alt_213039" mappedValue="-0.333333333333333"/> <mapEntry mapKey="alt_966133" mappedValue="-0.333333333333333"/> <mapEntry mapKey="alt_130166" mappedValue="1"/> <mapEntry mapKey="alt_209867" mappedValue="-0.333333333333333"/> </mapping> </responseDeclaration> <outcomeDeclaration identifier="SCORE" cardinality="single" baseType="float" normalMaximum="1" normalMinimum="0" /> <outcomeDeclaration identifier="FEEDBACK" cardinality="single" baseType="identifier" /> <stylesheet href="css/uva-probability-1142-nl-tv_202601131819_item_1_schoice.css" type="text/css" /> <itemBody> <p>Een uitkomstenruimte bevat de getallen {1,4,5,7}. Welke waarde hoort op de plaats van het vraagteken te staan?<br /> <br /> </p> <table> <tbody> <tr class="odd"> <td class="recss_2">k</td> <td class="recss_2">1</td> <td class="recss_2">4</td> <td class="recss_2">5</td> <td class="recss_2">7</td> </tr> <tr class="even"> <td class="recss_2">P(<em>X</em>=k)</td> <td class="recss_2">1/6</td> <td class="recss_2">1/6</td> <td class="recss_2">1/6</td> <td class="recss_2">?</td> </tr> </tbody> </table> <choiceInteraction responseIdentifier="RESPONSE" shuffle="false" maxChoices="1"> <simpleChoice identifier="alt_213039"> <div class="textblock tvblock tvcss_1"><div class="rte_zone tveditor1">  1/6 </div> </div> </simpleChoice> <simpleChoice identifier="alt_966133"> <div class="textblock tvblock tvcss_1"><div class="rte_zone tveditor1">  2/6 </div> </div> </simpleChoice> <simpleChoice identifier="alt_130166"> <div class="textblock tvblock tvcss_1"><div class="rte_zone tveditor1">  3/6 </div> </div> </simpleChoice> <simpleChoice identifier="alt_209867"> <div class="textblock tvblock tvcss_1"><div class="rte_zone tveditor1">  1/4 </div> </div> </simpleChoice> </choiceInteraction> </itemBody> <responseProcessing> <responseCondition> <responseIf> <isNull> <variable identifier="RESPONSE"/> </isNull> <setOutcomeValue identifier="SCORE"> <baseValue baseType="float">0.0</baseValue> </setOutcomeValue> <setOutcomeValue identifier="FEEDBACK"> <baseValue baseType="identifier">FAILURE</baseValue> </setOutcomeValue> </responseIf> <responseElse> <setOutcomeValue identifier="SCORE"> <mapResponse identifier="RESPONSE"/> </setOutcomeValue> <responseCondition> <responseIf> <equal toleranceMode="relative" tolerance="0.001"> <variable identifier="SCORE"/> <variable identifier="MAXSCORE"/> </equal> <setOutcomeValue identifier="FEEDBACK"> <baseValue baseType="identifier">ANSWER_CORRECT</baseValue> </setOutcomeValue> </responseIf> <responseElse> <setOutcomeValue identifier="FEEDBACK"> <baseValue baseType="identifier">FAILURE</baseValue> </setOutcomeValue> </responseElse> </responseCondition> </responseElse> </responseCondition> </responseProcessing> <modalFeedback identifier="FAILURE" outcomeIdentifier="FEEDBACK" showHide="show"> <div class="textblock tvblock tvcss_1"><div class="rte_zone tveditor1"> <ul> <li> 1/6 <br /> 1/6: Incorrect </li> <li> 2/6 <br /> 2/6: Incorrect </li> <li> 3/6 <br /> 3/6: Correct </li> <li> 1/4 <br /> 1/4: Incorrect </li> </ul> </div> </div> </modalFeedback> <modalFeedback identifier="ANSWER_CORRECT" outcomeIdentifier="FEEDBACK" showHide="show"> <div class="textblock tvblock tvcss_1"><div class="rte_zone tveditor1"> <ul> <li> 1/6 <br /> 1/6: Incorrect </li> <li> 2/6 <br /> 2/6: Incorrect </li> <li> 3/6 <br /> 3/6: Correct </li> <li> 1/4 <br /> 1/4: Incorrect </li> </ul> </div> </div> </modalFeedback> <modalFeedback identifier="PARTIAL_CORRECT" outcomeIdentifier="FEEDBACK" showHide="show"> <div class="textblock tvblock tvcss_1"><div class="rte_zone tveditor1"> <ul> <li> 1/6 <br /> 1/6: Incorrect </li> <li> 2/6 <br /> 2/6: Incorrect </li> <li> 3/6 <br /> 3/6: Correct </li> <li> 1/4 <br /> 1/4: Incorrect </li> </ul> </div> </div> </modalFeedback> </assessmentItem>
