<?xml version="1.0" encoding="utf-8" standalone="yes"?>
<assessmentItem identifier="vufsw-mixeddesignanova-0337-nl-tv_202411271204_item_1_num" title="vufsw-mixeddesignanova-0337-nl-tv_202411271204_item_1_num_vufsw-mixeddesignanova-0337-nl" adaptive="false" timeDependent="false" toolName="Testvision Online" toolVersion="39.0.9084" xmlns="http://www.imsglobal.org/xsd/imsqti_v2p1">
<responseDeclaration identifier="RESPONSE" cardinality="multiple" baseType="float">
<correctResponse>
<value>538.906</value>
<value>538.906;538.906</value>
</correctResponse>
</responseDeclaration>
<outcomeDeclaration identifier="SCORE" cardinality="single" baseType="float" normalMaximum="1" normalMinimum="0" />
<outcomeDeclaration identifier="FEEDBACK" cardinality="single" baseType="identifier" />
<stylesheet href="css/vufsw-mixeddesignanova-0337-nl-tv_202411271204_item_1_num.css" type="text/css" />
<itemBody>
<p>We analyseren of de prestaties van scholieren verschillen tussen 3
vakken: literatuur, essay writing en wiskunde (ze staan met deze
volgorde in de dataset). Daarnaast onderzoeken wij of de eventuele
verschillen tussen de 3 vakken variëren tussen mannelijke en vrouwelijke
scholieren. Daarom gebruiken wij een Mixed Design ANOVA. De output van
deze analyse staat hieronder. Female is gecodeerd als 0: man, 1:
vrouw.</p>
<p><img src="mediafiles/supplements1/Capture.gif" alt="image"/>
<img src="mediafiles/supplements1/Capture1.gif" alt="image"/>
Welke ‘Mean Square Model’ gebruiken wij in de F-test die toetst of er
een interactie bestaat tussen de prestaties van scholieren in de 3
vakken en geslacht?<br />
<em>Rond af op <strong>drie </strong>decimalen.</em></p>
<extendedTextInteraction responseIdentifier="RESPONSE"/>
</itemBody>
<responseProcessing>
<responseCondition>
<responseIf>
<isNull>
<variable identifier="RESPONSE"/>
</isNull>
<setOutcomeValue identifier="SCORE">
<baseValue baseType="float">0.0</baseValue>
</setOutcomeValue>
<setOutcomeValue identifier="FEEDBACK">
<baseValue baseType="identifier">FAILURE</baseValue>
</setOutcomeValue>
</responseIf>
<responseElse>
<responseCondition>
<responseIf>
<match>
<variable identifier="RESPONSE"/>
<correct identifier="RESPONSE"/>
</match>
<setOutcomeValue identifier="SCORE">
<baseValue baseType="float">1</baseValue>
</setOutcomeValue>
</responseIf>
<responseElse>
<setOutcomeValue identifier="SCORE">
<baseValue baseType="float">0</baseValue>
</setOutcomeValue>
</responseElse>
</responseCondition>
<responseCondition>
<responseIf>
<equal toleranceMode="relative" tolerance="0.001">
<variable identifier="SCORE"/>
<variable identifier="MAXSCORE"/>
</equal>
<setOutcomeValue identifier="FEEDBACK">
<baseValue baseType="identifier">ANSWER_CORRECT</baseValue>
</setOutcomeValue>
</responseIf>
<responseElse>
<setOutcomeValue identifier="FEEDBACK">
<baseValue baseType="identifier">FAILURE</baseValue>
</setOutcomeValue>
</responseElse>
</responseCondition>
</responseElse>
</responseCondition>
</responseProcessing>
<modalFeedback identifier="FAILURE" outcomeIdentifier="FEEDBACK" showHide="show">
<div class="textblock tvblock tvcss_1"><div class="rte_zone tveditor1">
<p>Dit is de Mean Square Model van de interactie met Sphericity Assumed (de
Mauchly’s test is niet significant) in de tabel van Within-subject
effects.</p>
</div>
</div>
</modalFeedback>
<modalFeedback identifier="ANSWER_CORRECT" outcomeIdentifier="FEEDBACK" showHide="show">
<div class="textblock tvblock tvcss_1"><div class="rte_zone tveditor1">
<p>Dit is de Mean Square Model van de interactie met Sphericity Assumed (de
Mauchly’s test is niet significant) in de tabel van Within-subject
effects.</p>
</div>
</div>
</modalFeedback>
<modalFeedback identifier="PARTIAL_CORRECT" outcomeIdentifier="FEEDBACK" showHide="show">
<div class="textblock tvblock tvcss_1"><div class="rte_zone tveditor1">
<p>Dit is de Mean Square Model van de interactie met Sphericity Assumed (de
Mauchly’s test is niet significant) in de tabel van Within-subject
effects.</p>
</div>
</div>
</modalFeedback>
</assessmentItem>
