<?xml version="1.0" encoding="UTF-8"?>
<assessmentItem xsi:schemaLocation="http://www.imsglobal.org/xsd/imsqti_v2p1 http://www.imsglobal.org/xsd/qti/qtiv2p1/imsqti_v2p1p1.xsd http://www.w3.org/1998/Math/MathML http://www.w3.org/Math/XMLSchema/mathml2/mathml2.xsd" identifier="uva-general-rules-1179-nl-ans_145161607_section_1_item_1_schoice" title="Probability_uva-general-rules-1179-nl_uva-general-rules-1179-nl_schoice_1" adaptive="false" timeDependent="false" xmlns="http://www.imsglobal.org/xsd/imsqti_v2p1" xmlns:xsi="http://www.w3.org/2001/XMLSchema-instance">
<responseDeclaration identifier="uva-general-rules-1179-nl-ans_145161607_section_1_item_1_schoice_RESPONSE_1_3031027" cardinality="single" baseType="identifier">
<correctResponse>
<value>uva-general-rules-1179-nl-ans_145161607_section_1_item_1_schoice_3_6440138035</value>
</correctResponse>
<mapping defaultValue="0" lowerBound="0.0">
<mapEntry mapKey="uva-general-rules-1179-nl-ans_145161607_section_1_item_1_schoice_1_6267065139" mappedValue="0"/>
<mapEntry mapKey="uva-general-rules-1179-nl-ans_145161607_section_1_item_1_schoice_2_3900631993" mappedValue="0"/>
<mapEntry mapKey="uva-general-rules-1179-nl-ans_145161607_section_1_item_1_schoice_3_6440138035" mappedValue="1"/>
<mapEntry mapKey="uva-general-rules-1179-nl-ans_145161607_section_1_item_1_schoice_4_4504868773" mappedValue="0"/>
</mapping>
</responseDeclaration>
<outcomeDeclaration identifier="SCORE" cardinality="single" baseType="float" normalMaximum="1" normalMinimum="0">
<defaultValue>
<value>0.0</value>
</defaultValue>
</outcomeDeclaration>
<outcomeDeclaration identifier="MAXSCORE" cardinality="single" baseType="float">
<defaultValue>
<value>1</value>
</defaultValue>
</outcomeDeclaration>
<outcomeDeclaration identifier="FEEDBACKBASIC" cardinality="single" baseType="identifier" view="testConstructor">
<defaultValue>
<value>empty</value>
</defaultValue>
</outcomeDeclaration>
<outcomeDeclaration identifier="FEEDBACKMODAL" cardinality="multiple" baseType="identifier" view="testConstructor"/>
<outcomeDeclaration identifier="SOLUTIONMODAL" cardinality="single" baseType="identifier" view="testConstructor"/>
<outcomeDeclaration identifier="MINSCORE" cardinality="single" baseType="float">
<defaultValue>
<value baseType="float">0</value>
</defaultValue>
</outcomeDeclaration>
<outcomeDeclaration identifier="SCORE_RESPONSE_1" cardinality="single" baseType="float">
<defaultValue>
<value>0.0</value>
</defaultValue>
</outcomeDeclaration>
<outcomeDeclaration identifier="MINSCORE_RESPONSE_1" cardinality="single" baseType="float">
<defaultValue>
<value>0.0</value>
</defaultValue>
</outcomeDeclaration>
<itemBody>
<p>Je koopt 10 loten voor € 1 per stuk. Met elk lot heb je een kans van
0,06 om € 10 te winnen. Als je rekening houdt met de kosten van de
loten, wat is dan de standaardafwijking van je winst?</p>
<choiceInteraction responseIdentifier="uva-general-rules-1179-nl-ans_145161607_section_1_item_1_schoice_RESPONSE_1_3031027" shuffle="false" maxChoices="1">
<simpleChoice identifier="uva-general-rules-1179-nl-ans_145161607_section_1_item_1_schoice_1_6267065139">
<p>
 € 0,56
</p>
</simpleChoice>
<simpleChoice identifier="uva-general-rules-1179-nl-ans_145161607_section_1_item_1_schoice_2_3900631993">
<p>
 € 1
</p>
</simpleChoice>
<simpleChoice identifier="uva-general-rules-1179-nl-ans_145161607_section_1_item_1_schoice_3_6440138035">
<p>
 € 7,51
</p>
</simpleChoice>
<simpleChoice identifier="uva-general-rules-1179-nl-ans_145161607_section_1_item_1_schoice_4_4504868773">
<p>
 € 10
</p>
</simpleChoice>
</choiceInteraction>
</itemBody>
<responseProcessing>
<setOutcomeValue identifier="SCORE_RESPONSE_1">
<sum>
<variable identifier="SCORE_RESPONSE_1"/>
<mapResponse identifier="uva-general-rules-1179-nl-ans_145161607_section_1_item_1_schoice_RESPONSE_1_3031027"/>
</sum>
</setOutcomeValue>
<responseCondition>
<responseIf>
<lt>
<variable identifier="SCORE_RESPONSE_1"/>
<variable identifier="MINSCORE_RESPONSE_1"/>
</lt>
<setOutcomeValue identifier="SCORE_RESPONSE_1">
<variable identifier="MINSCORE_RESPONSE_1"/>
</setOutcomeValue>
</responseIf>
</responseCondition>
<responseCondition>
<responseIf>
<isNull>
<variable identifier="uva-general-rules-1179-nl-ans_145161607_section_1_item_1_schoice_RESPONSE_1_3031027"/>
</isNull>
<setOutcomeValue identifier="SCORE_RESPONSE_1">
<sum>
<variable identifier="SCORE_RESPONSE_1"/>
<baseValue baseType="float">0</baseValue>
</sum>
</setOutcomeValue>
</responseIf>
</responseCondition>
<setOutcomeValue identifier="SCORE">
<sum>
<variable identifier="SCORE_RESPONSE_1"/>
</sum>
</setOutcomeValue>
<responseCondition>
<responseIf>
<lt>
<variable identifier="SCORE"/>
<variable identifier="MINSCORE"/>
</lt>
<setOutcomeValue identifier="SCORE">
<variable identifier="MINSCORE"/>
</setOutcomeValue>
</responseIf>
</responseCondition>
<responseCondition>
<responseIf>
<lt>
<variable identifier="SCORE"/>
<baseValue baseType="float">1</baseValue>
</lt>
<setOutcomeValue identifier="FEEDBACKMODAL">
<multiple>
<variable identifier="FEEDBACKMODAL"/>
<baseValue baseType="identifier">Feedback226970786</baseValue>
</multiple>
</setOutcomeValue>
</responseIf>
</responseCondition>
</responseProcessing>
<modalFeedback outcomeIdentifier="FEEDBACK" showHide="show" identifier="incorrect">
<ul>
<li> € 0,56 <br /> € 0,56: Incorrect </li>
<li> € 1 <br /> € 1: Incorrect </li>
<li> € 7,51 <br /> € 7,51: Correct </li>
<li> € 10 <br /> € 10: Incorrect </li>
</ul>
</modalFeedback>
</assessmentItem>
