<?xml version="1.0" encoding="utf-8" standalone="yes"?>
<assessmentItem identifier="uva-elementary-probability-1010-nl-tv_202403081017_item_1_num" title="uva-elementary-probability-1010-nl-tv_202403081017_item_1_num_uva-elementary-probability-1010-nl" adaptive="false" timeDependent="false" toolName="Testvision Online" toolVersion="39.0.9084" xmlns="http://www.imsglobal.org/xsd/imsqti_v2p1">
<responseDeclaration identifier="RESPONSE" cardinality="multiple" baseType="float">
<correctResponse>
<value>0.701</value>
<value>0.701;0.701</value>
</correctResponse>
</responseDeclaration>
<outcomeDeclaration identifier="SCORE" cardinality="single" baseType="float" normalMaximum="1" normalMinimum="0" />
<outcomeDeclaration identifier="FEEDBACK" cardinality="single" baseType="identifier" />
<itemBody>
<p>Eén onderzoeker heeft de frequenties van de haarkleur in een groep
konijnen uit het zuiden en het noorden onderzocht.td&gt;Noorden</p>
<table>
<tbody>
<tr class="odd">
<td align="left">Gebied</td>
<td align="left">Kleur</td>
<td></td>
</tr>
<tr class="even">
<td align="left"></td>
<td align="left">Licht</td>
<td>Donker</td>
</tr>
<tr class="odd">
<td align="left">471</td>
<td align="left">148</td>
<td></td>
</tr>
<tr class="even">
<td align="left">Zuiden</td>
<td align="left">151</td>
<td>230</td>
</tr>
</tbody>
</table>
<p>We definiëren de gebeurtenissen:<br />
<br />
* <em>A</em>: De <em>noordelijke</em> konijnen met de <em>lichte</em> kleur,<br />
* <em>B</em>: De <em>zuidelijke</em> konijnen met de <em>donkere</em> kleur<br />
<br />
Wat is dan de relatieve frequentie van de noordelijke konijnen met de
lichte kleur?</p>
<extendedTextInteraction responseIdentifier="RESPONSE"/>
</itemBody>
<responseProcessing>
<responseCondition>
<responseIf>
<isNull>
<variable identifier="RESPONSE"/>
</isNull>
<setOutcomeValue identifier="SCORE">
<baseValue baseType="float">0.0</baseValue>
</setOutcomeValue>
<setOutcomeValue identifier="FEEDBACK">
<baseValue baseType="identifier">FAILURE</baseValue>
</setOutcomeValue>
</responseIf>
<responseElse>
<responseCondition>
<responseIf>
<match>
<variable identifier="RESPONSE"/>
<correct identifier="RESPONSE"/>
</match>
<setOutcomeValue identifier="SCORE">
<baseValue baseType="float">1</baseValue>
</setOutcomeValue>
</responseIf>
<responseElse>
<setOutcomeValue identifier="SCORE">
<baseValue baseType="float">0</baseValue>
</setOutcomeValue>
</responseElse>
</responseCondition>
<responseCondition>
<responseIf>
<equal toleranceMode="relative" tolerance="0.001">
<variable identifier="SCORE"/>
<variable identifier="MAXSCORE"/>
</equal>
<setOutcomeValue identifier="FEEDBACK">
<baseValue baseType="identifier">ANSWER_CORRECT</baseValue>
</setOutcomeValue>
</responseIf>
<responseElse>
<setOutcomeValue identifier="FEEDBACK">
<baseValue baseType="identifier">FAILURE</baseValue>
</setOutcomeValue>
</responseElse>
</responseCondition>
</responseElse>
</responseCondition>
</responseProcessing>
<modalFeedback identifier="FAILURE" outcomeIdentifier="FEEDBACK" showHide="show">
<div class="textblock tvblock tvcss_1"><div class="rte_zone tveditor1">
<p>Het correcte antwoord is: 0.701</p>
</div>
</div>
</modalFeedback>
<modalFeedback identifier="ANSWER_CORRECT" outcomeIdentifier="FEEDBACK" showHide="show">
<div class="textblock tvblock tvcss_1"><div class="rte_zone tveditor1">
<p>Het correcte antwoord is: 0.701</p>
</div>
</div>
</modalFeedback>
<modalFeedback identifier="PARTIAL_CORRECT" outcomeIdentifier="FEEDBACK" showHide="show">
<div class="textblock tvblock tvcss_1"><div class="rte_zone tveditor1">
<p>Het correcte antwoord is: 0.701</p>
</div>
</div>
</modalFeedback>
</assessmentItem>
