<?xml version="1.0" encoding="UTF-8"?>
<assessmentItem xsi:schemaLocation="http://www.imsglobal.org/xsd/imsqti_v2p1 http://www.imsglobal.org/xsd/qti/qtiv2p1/imsqti_v2p1p1.xsd http://www.w3.org/1998/Math/MathML http://www.w3.org/Math/XMLSchema/mathml2/mathml2.xsd" identifier="vufsw-confidence_interval-1310-nl_726047073_section_1_item_1_schoice" title="1" adaptive="false" timeDependent="false" xmlns="http://www.imsglobal.org/xsd/imsqti_v2p1" xmlns:xsi="http://www.w3.org/2001/XMLSchema-instance">
<responseDeclaration identifier="vufsw-confidence_interval-1310-nl_726047073_section_1_item_1_schoice_RESPONSE_1_1129167" cardinality="single" baseType="identifier">
<correctResponse>
<value>vufsw-confidence_interval-1310-nl_726047073_section_1_item_1_schoice_4_3673516759</value>
</correctResponse>
<mapping defaultValue="0" lowerBound="0.0">
<mapEntry mapKey="vufsw-confidence_interval-1310-nl_726047073_section_1_item_1_schoice_1_4359790936" mappedValue="0"/>
<mapEntry mapKey="vufsw-confidence_interval-1310-nl_726047073_section_1_item_1_schoice_2_5298545873" mappedValue="0"/>
<mapEntry mapKey="vufsw-confidence_interval-1310-nl_726047073_section_1_item_1_schoice_3_6790330855" mappedValue="0"/>
<mapEntry mapKey="vufsw-confidence_interval-1310-nl_726047073_section_1_item_1_schoice_4_3673516759" mappedValue="1"/>
</mapping>
</responseDeclaration>
<outcomeDeclaration identifier="SCORE" cardinality="single" baseType="float" normalMaximum="1" normalMinimum="0">
<defaultValue>
<value>0.0</value>
</defaultValue>
</outcomeDeclaration>
<outcomeDeclaration identifier="MAXSCORE" cardinality="single" baseType="float">
<defaultValue>
<value>1</value>
</defaultValue>
</outcomeDeclaration>
<outcomeDeclaration identifier="FEEDBACKBASIC" cardinality="single" baseType="identifier" view="testConstructor">
<defaultValue>
<value>empty</value>
</defaultValue>
</outcomeDeclaration>
<outcomeDeclaration identifier="FEEDBACKMODAL" cardinality="multiple" baseType="identifier" view="testConstructor"/>
<outcomeDeclaration identifier="MINSCORE" cardinality="single" baseType="float">
<defaultValue>
<value baseType="float">0</value>
</defaultValue>
</outcomeDeclaration>
<outcomeDeclaration identifier="SCORE_RESPONSE_1" cardinality="single" baseType="float">
<defaultValue>
<value>0.0</value>
</defaultValue>
</outcomeDeclaration>
<outcomeDeclaration identifier="MINSCORE_RESPONSE_1" cardinality="single" baseType="float">
<defaultValue>
<value>0.0</value>
</defaultValue>
</outcomeDeclaration>
<itemBody>
<p>Onderstaande analyses zijn uitgevoerd op data van een steekproef van
jong volwassenen tussen 20 en 40 jaar die zijn ondervraagd via een
vragenlijst over hun culturele voorkeuren. De onderzoeksvragen zijn (1)
in hoeverre de voorkeur voor culturele vakanties (variabele: CULVAC
(schaal 0-1): een hogere score betekent dat de voorkeur voor culturele
vakanties sterker is) veroorzaakt wordt door de sociale positie van het
ouderlijk milieu (gemeten is de opleiding van de ouders (variabele:
FAMEDUC (schaal 0-7), variërend van primair onderwijs (0) tot
universiteit (7)) een hogere score betekent een hogere opleiding) en (2)
of deze relatie verklaard kan worden door het eigen bereikte
opleidingsniveau (variabele: EDUC (schaal 0-6), variërend van lager
beroepsonderwijs (0) tot universiteit (6)) een hogere score betekent een
hogere opleiding).</p>
<p>Hieronder staan de resultaten van twee regressieanalyses.</p>
<p>Regressieanalyse 1:</p>
<p><img src="1606293471454.png" class="fr-fic fr-dii tvcss_2"
alt="1606293471454" /></p>
<p>Regressieanalyse 2:</p>
<p><img src="1606293416277.png" class="fr-fic fr-dii tvcss_3"
alt="1606293416277" /></p>
<p>Als deze steekproef er een is van 95% die de populatiewaarde bevat dan
kunnen we uit het 95% betrouwbaarheidsinterval van ‘FAMEDUC’ in <strong>model
1 van de eerste regressieanalyse </strong>concluderen dat onder deze aanname
….</p>
<choiceInteraction responseIdentifier="vufsw-confidence_interval-1310-nl_726047073_section_1_item_1_schoice_RESPONSE_1_1129167" shuffle="false" maxChoices="1">
<simpleChoice identifier="vufsw-confidence_interval-1310-nl_726047073_section_1_item_1_schoice_1_4359790936">
<p>
a. De t-waarde 4.785 buiten het de grenzen van het betrouwbaarheidsinterval ligt, en dat er daarom waarschijnlijk een positief effect van ‘FAMEDUC’ in de populatie zal zijn
</p>
</simpleChoice>
<simpleChoice identifier="vufsw-confidence_interval-1310-nl_726047073_section_1_item_1_schoice_2_5298545873">
<p>
b. De populatiewaarde ook 0 kan zijn, en dat er daarom onvoldoende aanwijzingen zijn dat er een positief effect van ‘FAMEDUC’ in de populatie zal zijn
</p>
</simpleChoice>
<simpleChoice identifier="vufsw-confidence_interval-1310-nl_726047073_section_1_item_1_schoice_3_6790330855">
<p>
c. De geschatte b (.031) deel uitmaakt van het betrouwbaarheidsinterval, en dat er daarom waarschijnlijk een positief effect van ‘FAMEDUC’ in de populatie zal zijn
</p>
</simpleChoice>
<simpleChoice identifier="vufsw-confidence_interval-1310-nl_726047073_section_1_item_1_schoice_4_3673516759">
<p>
d. De populatiewaarde niet 0 zal zijn, en dat er daarom waarschijnlijk een positief effect van ‘FAMEDUC’ in de populatie zal zijn
</p>
</simpleChoice>
</choiceInteraction>
</itemBody>
<responseProcessing>
<responseCondition>
<responseIf>
<isNull>
<variable identifier="vufsw-confidence_interval-1310-nl_726047073_section_1_item_1_schoice_RESPONSE_1_1129167"/>
</isNull>
<setOutcomeValue identifier="SCORE_RESPONSE_1">
<sum>
<variable identifier="SCORE_RESPONSE_1"/>
<baseValue baseType="float">0</baseValue>
</sum>
</setOutcomeValue>
</responseIf>
</responseCondition>
<setOutcomeValue identifier="SCORE_RESPONSE_1">
<sum>
<variable identifier="SCORE_RESPONSE_1"/>
<mapResponse identifier="vufsw-confidence_interval-1310-nl_726047073_section_1_item_1_schoice_RESPONSE_1_1129167"/>
</sum>
</setOutcomeValue>
<responseCondition>
<responseIf>
<lt>
<variable identifier="SCORE_RESPONSE_1"/>
<variable identifier="MINSCORE_RESPONSE_1"/>
</lt>
<setOutcomeValue identifier="SCORE_RESPONSE_1">
<variable identifier="MINSCORE_RESPONSE_1"/>
</setOutcomeValue>
</responseIf>
</responseCondition>
<setOutcomeValue identifier="SCORE">
<sum>
<variable identifier="SCORE_RESPONSE_1"/>
</sum>
</setOutcomeValue>
<responseCondition>
<responseIf>
<lt>
<variable identifier="SCORE"/>
<variable identifier="MINSCORE"/>
</lt>
<setOutcomeValue identifier="SCORE">
<variable identifier="MINSCORE"/>
</setOutcomeValue>
</responseIf>
</responseCondition>
<responseCondition>
<responseIf>
<lt>
<variable identifier="SCORE"/>
<baseValue baseType="float">1</baseValue>
</lt>
<setOutcomeValue identifier="FEEDBACKMODAL">
<multiple>
<variable identifier="FEEDBACKMODAL"/>
<baseValue baseType="identifier">Feedback513719607</baseValue>
</multiple>
</setOutcomeValue>
</responseIf>
</responseCondition>
</responseProcessing>
<modalFeedback identifier="Feedback513719607" outcomeIdentifier="FEEDBACKMODAL" showHide="show">
<ol type = "a">
<li> De t-waarde 4.785 buiten het de grenzen van het betrouwbaarheidsinterval ligt, en dat er daarom waarschijnlijk een positief effect van ‘FAMEDUC’ in de populatie zal zijn <br /> False </li>
<li> De populatiewaarde ook 0 kan zijn, en dat er daarom onvoldoende aanwijzingen zijn dat er een positief effect van ‘FAMEDUC’ in de populatie zal zijn <br /> False </li>
<li> De geschatte b (.031) deel uitmaakt van het betrouwbaarheidsinterval, en dat er daarom waarschijnlijk een positief effect van ‘FAMEDUC’ in de populatie zal zijn <br /> False </li>
<li> De populatiewaarde niet 0 zal zijn, en dat er daarom waarschijnlijk een positief effect van ‘FAMEDUC’ in de populatie zal zijn <br /> True </li>
</ol>
</modalFeedback>
</assessmentItem>
