<?xml version="1.0" encoding="UTF-8"?>
<assessmentItem xsi:schemaLocation="http://www.imsglobal.org/xsd/imsqti_v2p1 http://www.imsglobal.org/xsd/qti/qtiv2p1/imsqti_v2p1p1.xsd http://www.w3.org/1998/Math/MathML http://www.w3.org/Math/XMLSchema/mathml2/mathml2.xsd" identifier="uva-measures-of-spread-851-nl-qti_204710545_section_1_item_1_schoice" title="1" adaptive="false" timeDependent="false" xmlns="http://www.imsglobal.org/xsd/imsqti_v2p1" xmlns:xsi="http://www.w3.org/2001/XMLSchema-instance">
<responseDeclaration identifier="uva-measures-of-spread-851-nl-qti_204710545_section_1_item_1_schoice_RESPONSE_1_3822777" cardinality="single" baseType="identifier">
<correctResponse>
<value>uva-measures-of-spread-851-nl-qti_204710545_section_1_item_1_schoice_1_2337025284</value>
</correctResponse>
<mapping defaultValue="0" lowerBound="0.0">
<mapEntry mapKey="uva-measures-of-spread-851-nl-qti_204710545_section_1_item_1_schoice_1_2337025284" mappedValue="1"/>
<mapEntry mapKey="uva-measures-of-spread-851-nl-qti_204710545_section_1_item_1_schoice_2_6116920017" mappedValue="0"/>
<mapEntry mapKey="uva-measures-of-spread-851-nl-qti_204710545_section_1_item_1_schoice_3_3093301493" mappedValue="0"/>
</mapping>
</responseDeclaration>
<outcomeDeclaration identifier="SCORE" cardinality="single" baseType="float" normalMaximum="1" normalMinimum="0">
<defaultValue>
<value>0.0</value>
</defaultValue>
</outcomeDeclaration>
<outcomeDeclaration identifier="MAXSCORE" cardinality="single" baseType="float">
<defaultValue>
<value>1</value>
</defaultValue>
</outcomeDeclaration>
<outcomeDeclaration identifier="FEEDBACKBASIC" cardinality="single" baseType="identifier" view="testConstructor">
<defaultValue>
<value>empty</value>
</defaultValue>
</outcomeDeclaration>
<outcomeDeclaration identifier="FEEDBACKMODAL" cardinality="multiple" baseType="identifier" view="testConstructor"/>
<outcomeDeclaration identifier="SOLUTIONMODAL" cardinality="single" baseType="identifier" view="testConstructor"/>
<outcomeDeclaration identifier="MINSCORE" cardinality="single" baseType="float">
<defaultValue>
<value baseType="float">0</value>
</defaultValue>
</outcomeDeclaration>
<outcomeDeclaration identifier="SCORE_RESPONSE_1" cardinality="single" baseType="float">
<defaultValue>
<value>0.0</value>
</defaultValue>
</outcomeDeclaration>
<outcomeDeclaration identifier="MINSCORE_RESPONSE_1" cardinality="single" baseType="float">
<defaultValue>
<value>0.0</value>
</defaultValue>
</outcomeDeclaration>
<itemBody>
<p>In een steekproef met grootte n = 60 heeft het steekproefgemiddelde een
'standard error' die groter is dan die in een steekproef met grootte n
= 240. Hoeveel keer groter?</p>
<choiceInteraction responseIdentifier="uva-measures-of-spread-851-nl-qti_204710545_section_1_item_1_schoice_RESPONSE_1_3822777" shuffle="false" maxChoices="1">
<simpleChoice identifier="uva-measures-of-spread-851-nl-qti_204710545_section_1_item_1_schoice_1_2337025284">
<p>
 2 keer
</p>
</simpleChoice>
<simpleChoice identifier="uva-measures-of-spread-851-nl-qti_204710545_section_1_item_1_schoice_2_6116920017">
<p>
 4 keer
</p>
</simpleChoice>
<simpleChoice identifier="uva-measures-of-spread-851-nl-qti_204710545_section_1_item_1_schoice_3_3093301493">
<p>
 16 keer
</p>
</simpleChoice>
</choiceInteraction>
</itemBody>
<responseProcessing>
<setOutcomeValue identifier="SCORE_RESPONSE_1">
<sum>
<variable identifier="SCORE_RESPONSE_1"/>
<mapResponse identifier="uva-measures-of-spread-851-nl-qti_204710545_section_1_item_1_schoice_RESPONSE_1_3822777"/>
</sum>
</setOutcomeValue>
<responseCondition>
<responseIf>
<lt>
<variable identifier="SCORE_RESPONSE_1"/>
<variable identifier="MINSCORE_RESPONSE_1"/>
</lt>
<setOutcomeValue identifier="SCORE_RESPONSE_1">
<variable identifier="MINSCORE_RESPONSE_1"/>
</setOutcomeValue>
</responseIf>
</responseCondition>
<responseCondition>
<responseIf>
<isNull>
<variable identifier="uva-measures-of-spread-851-nl-qti_204710545_section_1_item_1_schoice_RESPONSE_1_3822777"/>
</isNull>
<setOutcomeValue identifier="SCORE_RESPONSE_1">
<sum>
<variable identifier="SCORE_RESPONSE_1"/>
<baseValue baseType="float">0</baseValue>
</sum>
</setOutcomeValue>
</responseIf>
</responseCondition>
<setOutcomeValue identifier="SCORE">
<sum>
<variable identifier="SCORE_RESPONSE_1"/>
</sum>
</setOutcomeValue>
<responseCondition>
<responseIf>
<lt>
<variable identifier="SCORE"/>
<variable identifier="MINSCORE"/>
</lt>
<setOutcomeValue identifier="SCORE">
<variable identifier="MINSCORE"/>
</setOutcomeValue>
</responseIf>
</responseCondition>
<responseCondition>
<responseIf>
<lt>
<variable identifier="SCORE"/>
<baseValue baseType="float">1</baseValue>
</lt>
<setOutcomeValue identifier="FEEDBACKMODAL">
<multiple>
<variable identifier="FEEDBACKMODAL"/>
<baseValue baseType="identifier">Feedback209814901</baseValue>
</multiple>
</setOutcomeValue>
</responseIf>
</responseCondition>
</responseProcessing>
<modalFeedback identifier="Feedback209814901" outcomeIdentifier="FEEDBACKMODAL" showHide="show">
<ul>
<li> 2 keer <br /> 2 keer: Correct </li>
<li> 4 keer <br /> 4 keer: Incorrect </li>
<li> 16 keer <br /> 16 keer: Incorrect </li>
</ul>
</modalFeedback>
</assessmentItem>
