<?xml version="1.0" encoding="utf-8" standalone="yes"?>
<assessmentItem identifier="vufgb-sumofsquares-019-nl-tv_202307180607_item_1_schoice" title="vufgb-sumofsquares-019-nl-tv_202307180607_item_1_schoice_vufgb-sumofsquares-019-nl" adaptive="false" timeDependent="false" toolName="Testvision Online" toolVersion="39.0.9084" xmlns="http://www.imsglobal.org/xsd/imsqti_v2p1">
<responseDeclaration identifier="RESPONSE" cardinality="single" baseType="identifier">
<correctResponse>
<value>alt_458550</value>
</correctResponse>
<mapping defaultValue="0" lowerBound="0.0">
<mapEntry mapKey="alt_458550" mappedValue="1"/>
<mapEntry mapKey="alt_663870" mappedValue="-0.333333333333333"/>
<mapEntry mapKey="alt_852930" mappedValue="-0.333333333333333"/>
<mapEntry mapKey="alt_283866" mappedValue="-0.333333333333333"/>
</mapping>
</responseDeclaration>
<outcomeDeclaration identifier="SCORE" cardinality="single" baseType="float" normalMaximum="1" normalMinimum="0" />
<outcomeDeclaration identifier="FEEDBACK" cardinality="single" baseType="identifier" />
<itemBody>
<p>Beschouw onderstaande (incomplete) SPSS output van een orthogonaal factoriële ANOVA:</p>
<p><img src="mediafiles/supplements1/vufgb-sumofsquares-019-nl-table01.jpg" alt="image"/></p>
<p>Wat is de kwadratensom (<em>Sum of Squares</em>) toegewezen aan het hoofdeffect (<em>main effect</em>) voor <em>sunglasses</em>?</p>
<choiceInteraction responseIdentifier="RESPONSE" shuffle="false" maxChoices="1">
<simpleChoice identifier="alt_458550">
<div class="textblock tvblock tvcss_1"><div class="rte_zone tveditor1">
 28.125
</div>
</div>
</simpleChoice>
<simpleChoice identifier="alt_663870">
<div class="textblock tvblock tvcss_1"><div class="rte_zone tveditor1">
 18.750
</div>
</div>
</simpleChoice>
<simpleChoice identifier="alt_852930">
<div class="textblock tvblock tvcss_1"><div class="rte_zone tveditor1">
 72.000
</div>
</div>
</simpleChoice>
<simpleChoice identifier="alt_283866">
<div class="textblock tvblock tvcss_1"><div class="rte_zone tveditor1">
 56.625
</div>
</div>
</simpleChoice>
</choiceInteraction>
</itemBody>
<responseProcessing>
<responseCondition>
<responseIf>
<isNull>
<variable identifier="RESPONSE"/>
</isNull>
<setOutcomeValue identifier="SCORE">
<baseValue baseType="float">0.0</baseValue>
</setOutcomeValue>
<setOutcomeValue identifier="FEEDBACK">
<baseValue baseType="identifier">FAILURE</baseValue>
</setOutcomeValue>
</responseIf>
<responseElse>
<setOutcomeValue identifier="SCORE">
<mapResponse identifier="RESPONSE"/>
</setOutcomeValue>
<responseCondition>
<responseIf>
<equal toleranceMode="relative" tolerance="0.001">
<variable identifier="SCORE"/>
<variable identifier="MAXSCORE"/>
</equal>
<setOutcomeValue identifier="FEEDBACK">
<baseValue baseType="identifier">ANSWER_CORRECT</baseValue>
</setOutcomeValue>
</responseIf>
<responseElse>
<setOutcomeValue identifier="FEEDBACK">
<baseValue baseType="identifier">FAILURE</baseValue>
</setOutcomeValue>
</responseElse>
</responseCondition>
</responseElse>
</responseCondition>
</responseProcessing>
<modalFeedback identifier="FAILURE" outcomeIdentifier="FEEDBACK" showHide="show">
<div class="textblock tvblock tvcss_1"><div class="rte_zone tveditor1">
 28.125 <br /> Correct 
 18.750 <br /> Incorrect 
 72.000 <br /> Incorrect 
 56.625 <br /> Incorrect 
</div>
</div>
</modalFeedback>
<modalFeedback identifier="ANSWER_CORRECT" outcomeIdentifier="FEEDBACK" showHide="show">
<div class="textblock tvblock tvcss_1"><div class="rte_zone tveditor1">
 28.125 <br /> Correct 
 18.750 <br /> Incorrect 
 72.000 <br /> Incorrect 
 56.625 <br /> Incorrect 
</div>
</div>
</modalFeedback>
<modalFeedback identifier="PARTIAL_CORRECT" outcomeIdentifier="FEEDBACK" showHide="show">
<div class="textblock tvblock tvcss_1"><div class="rte_zone tveditor1">
 28.125 <br /> Correct 
 18.750 <br /> Incorrect 
 72.000 <br /> Incorrect 
 56.625 <br /> Incorrect 
</div>
</div>
</modalFeedback>
</assessmentItem>
