<?xml version="1.0" encoding="UTF-8"?>
<assessmentItem xsi:schemaLocation="http://www.imsglobal.org/xsd/imsqti_v2p1 http://www.imsglobal.org/xsd/qti/qtiv2p1/imsqti_v2p1p1.xsd http://www.w3.org/1998/Math/MathML http://www.w3.org/Math/XMLSchema/mathml2/mathml2.xsd" identifier="uva-normal-778-en-ans_778073940_section_1_item_1_schoice" title="Distributions_uva-normal-778-en_uva-normal-778-en_schoice_1" adaptive="false" timeDependent="false" xmlns="http://www.imsglobal.org/xsd/imsqti_v2p1" xmlns:xsi="http://www.w3.org/2001/XMLSchema-instance">
<responseDeclaration identifier="uva-normal-778-en-ans_778073940_section_1_item_1_schoice_RESPONSE_1_6447361" cardinality="single" baseType="identifier">
<correctResponse>
<value>uva-normal-778-en-ans_778073940_section_1_item_1_schoice_1_4315637945</value>
</correctResponse>
<mapping defaultValue="0" lowerBound="0.0">
<mapEntry mapKey="uva-normal-778-en-ans_778073940_section_1_item_1_schoice_1_4315637945" mappedValue="1"/>
<mapEntry mapKey="uva-normal-778-en-ans_778073940_section_1_item_1_schoice_2_3701314927" mappedValue="0"/>
<mapEntry mapKey="uva-normal-778-en-ans_778073940_section_1_item_1_schoice_3_3221368010" mappedValue="0"/>
</mapping>
</responseDeclaration>
<outcomeDeclaration identifier="SCORE" cardinality="single" baseType="float" normalMaximum="1" normalMinimum="0">
<defaultValue>
<value>0.0</value>
</defaultValue>
</outcomeDeclaration>
<outcomeDeclaration identifier="MAXSCORE" cardinality="single" baseType="float">
<defaultValue>
<value>1</value>
</defaultValue>
</outcomeDeclaration>
<outcomeDeclaration identifier="FEEDBACKBASIC" cardinality="single" baseType="identifier" view="testConstructor">
<defaultValue>
<value>empty</value>
</defaultValue>
</outcomeDeclaration>
<outcomeDeclaration identifier="FEEDBACKMODAL" cardinality="multiple" baseType="identifier" view="testConstructor"/>
<outcomeDeclaration identifier="SOLUTIONMODAL" cardinality="single" baseType="identifier" view="testConstructor"/>
<outcomeDeclaration identifier="MINSCORE" cardinality="single" baseType="float">
<defaultValue>
<value baseType="float">0</value>
</defaultValue>
</outcomeDeclaration>
<outcomeDeclaration identifier="SCORE_RESPONSE_1" cardinality="single" baseType="float">
<defaultValue>
<value>0.0</value>
</defaultValue>
</outcomeDeclaration>
<outcomeDeclaration identifier="MINSCORE_RESPONSE_1" cardinality="single" baseType="float">
<defaultValue>
<value>0.0</value>
</defaultValue>
</outcomeDeclaration>
<itemBody>
<p>The scores on a Citoto test of arithmetic for children in the last group of elementary school are normally distributed and have a national mean of 20 and a standard deviation of 5. What is the probability that in a random sample of 9 children a mean score between 22 and 24 (in the subinterval 22 to 24) be found?</p>
<choiceInteraction responseIdentifier="uva-normal-778-en-ans_778073940_section_1_item_1_schoice_RESPONSE_1_6447361" shuffle="false" maxChoices="1">
<simpleChoice identifier="uva-normal-778-en-ans_778073940_section_1_item_1_schoice_1_4315637945">
<p>
 0.48.
</p>
</simpleChoice>
<simpleChoice identifier="uva-normal-778-en-ans_778073940_section_1_item_1_schoice_2_3701314927">
<p>
 0.50.
</p>
</simpleChoice>
<simpleChoice identifier="uva-normal-778-en-ans_778073940_section_1_item_1_schoice_3_3221368010">
<p>
 0.98.
</p>
</simpleChoice>
</choiceInteraction>
</itemBody>
<responseProcessing>
<setOutcomeValue identifier="SCORE_RESPONSE_1">
<sum>
<variable identifier="SCORE_RESPONSE_1"/>
<mapResponse identifier="uva-normal-778-en-ans_778073940_section_1_item_1_schoice_RESPONSE_1_6447361"/>
</sum>
</setOutcomeValue>
<responseCondition>
<responseIf>
<lt>
<variable identifier="SCORE_RESPONSE_1"/>
<variable identifier="MINSCORE_RESPONSE_1"/>
</lt>
<setOutcomeValue identifier="SCORE_RESPONSE_1">
<variable identifier="MINSCORE_RESPONSE_1"/>
</setOutcomeValue>
</responseIf>
</responseCondition>
<responseCondition>
<responseIf>
<isNull>
<variable identifier="uva-normal-778-en-ans_778073940_section_1_item_1_schoice_RESPONSE_1_6447361"/>
</isNull>
<setOutcomeValue identifier="SCORE_RESPONSE_1">
<sum>
<variable identifier="SCORE_RESPONSE_1"/>
<baseValue baseType="float">0</baseValue>
</sum>
</setOutcomeValue>
</responseIf>
</responseCondition>
<setOutcomeValue identifier="SCORE">
<sum>
<variable identifier="SCORE_RESPONSE_1"/>
</sum>
</setOutcomeValue>
<responseCondition>
<responseIf>
<lt>
<variable identifier="SCORE"/>
<variable identifier="MINSCORE"/>
</lt>
<setOutcomeValue identifier="SCORE">
<variable identifier="MINSCORE"/>
</setOutcomeValue>
</responseIf>
</responseCondition>
<responseCondition>
<responseIf>
<lt>
<variable identifier="SCORE"/>
<baseValue baseType="float">1</baseValue>
</lt>
<setOutcomeValue identifier="FEEDBACKMODAL">
<multiple>
<variable identifier="FEEDBACKMODAL"/>
<baseValue baseType="identifier">Feedback588056983</baseValue>
</multiple>
</setOutcomeValue>
</responseIf>
</responseCondition>
</responseProcessing>
<modalFeedback outcomeIdentifier="FEEDBACK" showHide="show" identifier="incorrect">
<ul>
<li> 0.48. <br /> 0.48.: Correct . </li>
<li> 0.50. <br /> 0.50.: Incorrect </li>
<li> 0.98. <br /> 0.98.: Incorrect </li>
</ul>
</modalFeedback>
</assessmentItem>
