<?xml version="1.0" encoding="UTF-8"?>
<assessmentItem xsi:schemaLocation="http://www.imsglobal.org/xsd/imsqti_v2p1 http://www.imsglobal.org/xsd/qti/qtiv2p1/imsqti_v2p1p1.xsd http://www.w3.org/1998/Math/MathML http://www.w3.org/Math/XMLSchema/mathml2/mathml2.xsd" identifier="vufgb-samplemean-003-nl-ans_119919564_section_1_item_1_schoice" title="Inferential_Statistics_vufgb-samplemean-003-nl_vufgb-samplemean-003-nl_schoice_1" adaptive="false" timeDependent="false" xmlns="http://www.imsglobal.org/xsd/imsqti_v2p1" xmlns:xsi="http://www.w3.org/2001/XMLSchema-instance">
<responseDeclaration identifier="vufgb-samplemean-003-nl-ans_119919564_section_1_item_1_schoice_RESPONSE_1_8027649" cardinality="single" baseType="identifier">
<correctResponse>
<value>vufgb-samplemean-003-nl-ans_119919564_section_1_item_1_schoice_3_8957440099</value>
</correctResponse>
<mapping defaultValue="0" lowerBound="0.0">
<mapEntry mapKey="vufgb-samplemean-003-nl-ans_119919564_section_1_item_1_schoice_1_2042731110" mappedValue="0"/>
<mapEntry mapKey="vufgb-samplemean-003-nl-ans_119919564_section_1_item_1_schoice_2_1370275033" mappedValue="0"/>
<mapEntry mapKey="vufgb-samplemean-003-nl-ans_119919564_section_1_item_1_schoice_3_8957440099" mappedValue="1"/>
<mapEntry mapKey="vufgb-samplemean-003-nl-ans_119919564_section_1_item_1_schoice_4_7468414413" mappedValue="0"/>
</mapping>
</responseDeclaration>
<outcomeDeclaration identifier="SCORE" cardinality="single" baseType="float" normalMaximum="1" normalMinimum="0">
<defaultValue>
<value>0.0</value>
</defaultValue>
</outcomeDeclaration>
<outcomeDeclaration identifier="MAXSCORE" cardinality="single" baseType="float">
<defaultValue>
<value>1</value>
</defaultValue>
</outcomeDeclaration>
<outcomeDeclaration identifier="FEEDBACKBASIC" cardinality="single" baseType="identifier" view="testConstructor">
<defaultValue>
<value>empty</value>
</defaultValue>
</outcomeDeclaration>
<outcomeDeclaration identifier="FEEDBACKMODAL" cardinality="multiple" baseType="identifier" view="testConstructor"/>
<outcomeDeclaration identifier="SOLUTIONMODAL" cardinality="single" baseType="identifier" view="testConstructor"/>
<outcomeDeclaration identifier="MINSCORE" cardinality="single" baseType="float">
<defaultValue>
<value baseType="float">0</value>
</defaultValue>
</outcomeDeclaration>
<outcomeDeclaration identifier="SCORE_RESPONSE_1" cardinality="single" baseType="float">
<defaultValue>
<value>0.0</value>
</defaultValue>
</outcomeDeclaration>
<outcomeDeclaration identifier="MINSCORE_RESPONSE_1" cardinality="single" baseType="float">
<defaultValue>
<value>0.0</value>
</defaultValue>
</outcomeDeclaration>
<itemBody>
<p>Van een populatie en één steekproef daaruit is bekend dat <span class="math inline">\(\overline{y} = 105\)</span>, <span class="math inline">\(\mu = 100\)</span>, <span class="math inline">\(s = 16\)</span> en <span class="math inline">\(\sigma = 15\)</span>. In welk interval zou 95% van de steekproefgemiddelden liggen?</p>
<choiceInteraction responseIdentifier="vufgb-samplemean-003-nl-ans_119919564_section_1_item_1_schoice_RESPONSE_1_8027649" shuffle="false" maxChoices="1">
<simpleChoice identifier="vufgb-samplemean-003-nl-ans_119919564_section_1_item_1_schoice_1_2042731110">
<p>
 <span class="math inline">\(100\pm1.96×16/\sqrt{n}\)</span>
</p>
</simpleChoice>
<simpleChoice identifier="vufgb-samplemean-003-nl-ans_119919564_section_1_item_1_schoice_2_1370275033">
<p>
 <span class="math inline">\(105\pm1.96×15/\sqrt{n}\)</span>
</p>
</simpleChoice>
<simpleChoice identifier="vufgb-samplemean-003-nl-ans_119919564_section_1_item_1_schoice_3_8957440099">
<p>
 <span class="math inline">\(100\pm1.96×15/\sqrt{n}\)</span>
</p>
</simpleChoice>
<simpleChoice identifier="vufgb-samplemean-003-nl-ans_119919564_section_1_item_1_schoice_4_7468414413">
<p>
 <span class="math inline">\(105\pm1.96×16/\sqrt{n}\)</span>
</p>
</simpleChoice>
</choiceInteraction>
</itemBody>
<responseProcessing>
<setOutcomeValue identifier="SCORE_RESPONSE_1">
<sum>
<variable identifier="SCORE_RESPONSE_1"/>
<mapResponse identifier="vufgb-samplemean-003-nl-ans_119919564_section_1_item_1_schoice_RESPONSE_1_8027649"/>
</sum>
</setOutcomeValue>
<responseCondition>
<responseIf>
<lt>
<variable identifier="SCORE_RESPONSE_1"/>
<variable identifier="MINSCORE_RESPONSE_1"/>
</lt>
<setOutcomeValue identifier="SCORE_RESPONSE_1">
<variable identifier="MINSCORE_RESPONSE_1"/>
</setOutcomeValue>
</responseIf>
</responseCondition>
<responseCondition>
<responseIf>
<isNull>
<variable identifier="vufgb-samplemean-003-nl-ans_119919564_section_1_item_1_schoice_RESPONSE_1_8027649"/>
</isNull>
<setOutcomeValue identifier="SCORE_RESPONSE_1">
<sum>
<variable identifier="SCORE_RESPONSE_1"/>
<baseValue baseType="float">0</baseValue>
</sum>
</setOutcomeValue>
</responseIf>
</responseCondition>
<setOutcomeValue identifier="SCORE">
<sum>
<variable identifier="SCORE_RESPONSE_1"/>
</sum>
</setOutcomeValue>
<responseCondition>
<responseIf>
<lt>
<variable identifier="SCORE"/>
<variable identifier="MINSCORE"/>
</lt>
<setOutcomeValue identifier="SCORE">
<variable identifier="MINSCORE"/>
</setOutcomeValue>
</responseIf>
</responseCondition>
<responseCondition>
<responseIf>
<lt>
<variable identifier="SCORE"/>
<baseValue baseType="float">1</baseValue>
</lt>
<setOutcomeValue identifier="FEEDBACKMODAL">
<multiple>
<variable identifier="FEEDBACKMODAL"/>
<baseValue baseType="identifier">Feedback451275536</baseValue>
</multiple>
</setOutcomeValue>
</responseIf>
</responseCondition>
</responseProcessing>
<modalFeedback outcomeIdentifier="FEEDBACK" showHide="show" identifier="incorrect">
<ul>
<li> <span class="math inline">\(100\pm1.96×16/\sqrt{n}\)</span> <br /> Incorrect </li>
<li> <span class="math inline">\(105\pm1.96×15/\sqrt{n}\)</span> <br /> Incorrect </li>
<li> <span class="math inline">\(100\pm1.96×15/\sqrt{n}\)</span> <br /> Correct </li>
<li> <span class="math inline">\(105\pm1.96×16/\sqrt{n}\)</span> <br /> Incorrect </li>
</ul>
</modalFeedback>
</assessmentItem>
