<?xml version="1.0" encoding="UTF-8"?>
<assessmentItem xsi:schemaLocation="http://www.imsglobal.org/xsd/imsqti_v2p1 http://www.imsglobal.org/xsd/qti/qtiv2p1/imsqti_v2p1p1.xsd http://www.w3.org/1998/Math/MathML http://www.w3.org/Math/XMLSchema/mathml2/mathml2.xsd" identifier="uu-Mediation-808-en-qti_865688942_section_1_item_1_schoice" title="1" adaptive="false" timeDependent="false" xmlns="http://www.imsglobal.org/xsd/imsqti_v2p1" xmlns:xsi="http://www.w3.org/2001/XMLSchema-instance">
<responseDeclaration identifier="uu-Mediation-808-en-qti_865688942_section_1_item_1_schoice_RESPONSE_1_5699548" cardinality="single" baseType="identifier">
<correctResponse>
<value>uu-Mediation-808-en-qti_865688942_section_1_item_1_schoice_1_1075044599</value>
</correctResponse>
<mapping defaultValue="0" lowerBound="0.0">
<mapEntry mapKey="uu-Mediation-808-en-qti_865688942_section_1_item_1_schoice_1_1075044599" mappedValue="1"/>
<mapEntry mapKey="uu-Mediation-808-en-qti_865688942_section_1_item_1_schoice_2_6474843651" mappedValue="0"/>
<mapEntry mapKey="uu-Mediation-808-en-qti_865688942_section_1_item_1_schoice_3_8016207751" mappedValue="0"/>
<mapEntry mapKey="uu-Mediation-808-en-qti_865688942_section_1_item_1_schoice_4_4929663540" mappedValue="0"/>
</mapping>
</responseDeclaration>
<outcomeDeclaration identifier="SCORE" cardinality="single" baseType="float" normalMaximum="1" normalMinimum="0">
<defaultValue>
<value>0.0</value>
</defaultValue>
</outcomeDeclaration>
<outcomeDeclaration identifier="MAXSCORE" cardinality="single" baseType="float">
<defaultValue>
<value>1</value>
</defaultValue>
</outcomeDeclaration>
<outcomeDeclaration identifier="FEEDBACKBASIC" cardinality="single" baseType="identifier" view="testConstructor">
<defaultValue>
<value>empty</value>
</defaultValue>
</outcomeDeclaration>
<outcomeDeclaration identifier="FEEDBACKMODAL" cardinality="multiple" baseType="identifier" view="testConstructor"/>
<outcomeDeclaration identifier="SOLUTIONMODAL" cardinality="single" baseType="identifier" view="testConstructor"/>
<outcomeDeclaration identifier="MINSCORE" cardinality="single" baseType="float">
<defaultValue>
<value baseType="float">0</value>
</defaultValue>
</outcomeDeclaration>
<outcomeDeclaration identifier="SCORE_RESPONSE_1" cardinality="single" baseType="float">
<defaultValue>
<value>0.0</value>
</defaultValue>
</outcomeDeclaration>
<outcomeDeclaration identifier="MINSCORE_RESPONSE_1" cardinality="single" baseType="float">
<defaultValue>
<value>0.0</value>
</defaultValue>
</outcomeDeclaration>
<itemBody>
<p>In a study of influences on healing after major surgery, the following variables are involved: disease insight and IQ. In a mediator analysis examining whether the influence of IQ is through disease insight, the researcher finds the following relationships (expressed as regression coefficients):</p>
<ol style="list-style-type: decimal">
<li>b = .64 of IQ -&gt; healing. (2) b = .56 from IQ -&gt; disease insight. (3) b = .55 of disease insight -&gt; healing (where IQ is also included as a predictor in the model)</li>
</ol>
<p>The final analysis in this mediator analysis is a regression analysis with IQ and disease insight as predictors and healing as dependent variable….</p>
<choiceInteraction responseIdentifier="uu-Mediation-808-en-qti_865688942_section_1_item_1_schoice_RESPONSE_1_5699548" shuffle="false" maxChoices="1">
<simpleChoice identifier="uu-Mediation-808-en-qti_865688942_section_1_item_1_schoice_1_1075044599">
<p>
 Where you expect regression coefficient (1) to decrease.
</p>
</simpleChoice>
<simpleChoice identifier="uu-Mediation-808-en-qti_865688942_section_1_item_1_schoice_2_6474843651">
<p>
 Where you expect regression coefficient (2) to decrease.
</p>
</simpleChoice>
<simpleChoice identifier="uu-Mediation-808-en-qti_865688942_section_1_item_1_schoice_3_8016207751">
<p>
 Where you expect regression coefficient (3) to decrease.
</p>
</simpleChoice>
<simpleChoice identifier="uu-Mediation-808-en-qti_865688942_section_1_item_1_schoice_4_4929663540">
<p>
 Where you expect all three regression coefficients to decrease.
</p>
</simpleChoice>
</choiceInteraction>
</itemBody>
<responseProcessing>
<setOutcomeValue identifier="SCORE_RESPONSE_1">
<sum>
<variable identifier="SCORE_RESPONSE_1"/>
<mapResponse identifier="uu-Mediation-808-en-qti_865688942_section_1_item_1_schoice_RESPONSE_1_5699548"/>
</sum>
</setOutcomeValue>
<responseCondition>
<responseIf>
<lt>
<variable identifier="SCORE_RESPONSE_1"/>
<variable identifier="MINSCORE_RESPONSE_1"/>
</lt>
<setOutcomeValue identifier="SCORE_RESPONSE_1">
<variable identifier="MINSCORE_RESPONSE_1"/>
</setOutcomeValue>
</responseIf>
</responseCondition>
<responseCondition>
<responseIf>
<isNull>
<variable identifier="uu-Mediation-808-en-qti_865688942_section_1_item_1_schoice_RESPONSE_1_5699548"/>
</isNull>
<setOutcomeValue identifier="SCORE_RESPONSE_1">
<sum>
<variable identifier="SCORE_RESPONSE_1"/>
<baseValue baseType="float">0</baseValue>
</sum>
</setOutcomeValue>
</responseIf>
</responseCondition>
<setOutcomeValue identifier="SCORE">
<sum>
<variable identifier="SCORE_RESPONSE_1"/>
</sum>
</setOutcomeValue>
<responseCondition>
<responseIf>
<lt>
<variable identifier="SCORE"/>
<variable identifier="MINSCORE"/>
</lt>
<setOutcomeValue identifier="SCORE">
<variable identifier="MINSCORE"/>
</setOutcomeValue>
</responseIf>
</responseCondition>
<responseCondition>
<responseIf>
<lt>
<variable identifier="SCORE"/>
<baseValue baseType="float">1</baseValue>
</lt>
<setOutcomeValue identifier="FEEDBACKMODAL">
<multiple>
<variable identifier="FEEDBACKMODAL"/>
<baseValue baseType="identifier">Feedback362280661</baseValue>
</multiple>
</setOutcomeValue>
</responseIf>
</responseCondition>
</responseProcessing>
<modalFeedback identifier="Feedback362280661" outcomeIdentifier="FEEDBACKMODAL" showHide="show">
<p>To test mediation, we examine the four steps (see question 12). The final step is to see if the relationship between IQ and healing is still significant when controlling for disease insight?</p>
<p>When there is mediation, the relationship between IQ and healing will be weaker when disease insight is also included in the analysis. So you would expect regression coefficient (1) to decrease.</p>
</modalFeedback>
</assessmentItem>
