<?xml version="1.0" encoding="UTF-8"?>
<!DOCTYPE questestinterop SYSTEM "ims_qtiasiv1p2p1.dtd">

<questestinterop xmlns="http://www.imsglobal.org/xsd/ims_qtiasiv1p2" xmlns:xsi="http://www.w3.org/2001/XMLSchema-instance" xsi:schemaLocation="http://www.imsglobal.org/xsd/ims_qtiasiv1p2 http://www.imsglobal.org/xsd/ims_qtiasiv1p2p1.xsd">
<assessment ident="vufgb-confidenceintervals-vi-028-nl-canvas_221894154" title="vufgb-confidenceintervals-vi-028-nl-canvas">

<qtimetadata>
<qtimetadatafield>
<fieldlabel>cc_maxattempts</fieldlabel>
<fieldentry>1</fieldentry>
</qtimetadatafield>
<qtimetadatafield>
<fieldlabel>qmd_assessmenttype</fieldlabel>
<fieldentry>Assessment</fieldentry>
</qtimetadatafield>
</qtimetadata>
<objectives>
<material>
<mattext><![CDATA[Please solve the following exercises.]]></mattext>
</material>
</objectives>
<assessmentcontrol feedbackswitch="No" hintswitch="No" solutionswitch="Yes"/>
<outcomes_processing scoremodel="SumOfScores">
<outcomes>
<decvar varname="SCORE" vartype="Decimal" cutvalue="0"/>
</outcomes>
</outcomes_processing>
<assessfeedback title="AssessmentFeedback" ident="AssessmentFeedback">
<flow_mat>
<material>
<mattext>##AssessmentFeedback##</mattext>
</material>
</flow_mat>
</assessfeedback>

<section ident="vufgb-confidenceintervals-vi-028-nl-canvas_221894154_section_1" title="Exercise">

<objectives>
<material>
<mattext><![CDATA[Please answer the following question.]]></mattext>
</material>
</objectives>
<selection_ordering>
<selection>
<selection_number>1</selection_number>
<selection_extension>
<points_per_item>1</points_per_item>
</selection_extension>
</selection>
<order order_type="Random"/>
</selection_ordering>

<item ident="vufgb-confidenceintervals-vi-028-nl-canvas_221894154_section_1_item_1_schoice" title="Question" maxattempts="1">
<itemcontrol feedbackswitch="No" hintswitch="No" solutionswitch="Yes"/>
<itemmetadata>
<qtimetadata>
<qtimetadatafield>
<fieldlabel>question_type</fieldlabel>
<fieldentry>multiple_choice_question</fieldentry>
</qtimetadatafield>
</qtimetadata>
</itemmetadata>
<presentation>
<flow>
<material>
<matbreak/>
<mattext texttype="text/html" charset="utf-8"><![CDATA[
<p>Een steekproef bestond uit een groep peuters tussen de 2 en 3 jaar oud. Het vertonen van de eerste tekenen van zindelijkheid (`toilet’) werd voorspeld op basis van age (leeftijd in maanden) en gender (dummy voor geslacht, waarbij jongetje=1).</p>
<p><img src="data/supplements_1_1/vufgb-confidenceintervals-vi-028-nl-table01.jpg" /></p>
<p>Vul de volgende stellingen aan.</p>
<p>Het 95% betrouwbaarheidsinterval voor de odds ratio van gender bevat de waarde 1 … .</p>
<p>Het 95% betrouwbaarheidsinterval voor de odds ratio van age bevat de waarde 1 … .</p>
]]></mattext>
<matbreak/>
</material>
<response_lid ident="vufgb-confidenceintervals-vi-028-nl-canvas_221894154_section_1_item_1_schoice_RESPONSE_6064092" rcardinality="Single" rtiming="No">
<render_choice shuffle="No">
<flow_label class="List">
<response_label ident="vufgb-confidenceintervals-vi-028-nl-canvas_221894154_section_1_item_1_schoice_2308238943" rshuffle="No">
<material>
<mattext texttype="text/html" charset="utf-8"><![CDATA[
 wel, wel
]]></mattext>
</material>
</response_label>
</flow_label>
<flow_label class="List">
<response_label ident="vufgb-confidenceintervals-vi-028-nl-canvas_221894154_section_1_item_1_schoice_6279385793" rshuffle="No">
<material>
<mattext texttype="text/html" charset="utf-8"><![CDATA[
 wel, niet
]]></mattext>
</material>
</response_label>
</flow_label>
<flow_label class="List">
<response_label ident="vufgb-confidenceintervals-vi-028-nl-canvas_221894154_section_1_item_1_schoice_6723619232" rshuffle="No">
<material>
<mattext texttype="text/html" charset="utf-8"><![CDATA[
 niet, wel
]]></mattext>
</material>
</response_label>
</flow_label>
<flow_label class="List">
<response_label ident="vufgb-confidenceintervals-vi-028-nl-canvas_221894154_section_1_item_1_schoice_5558014343" rshuffle="No">
<material>
<mattext texttype="text/html" charset="utf-8"><![CDATA[
 niet, niet
]]></mattext>
</material>
</response_label>
</flow_label>
</render_choice>
</response_lid>
</flow>
</presentation>
<resprocessing>
<outcomes>
<decvar varname="SCORE" vartype="Decimal" defaultval="0" minvalue="0" maxvalue="1" cutvalue="1"/>
</outcomes>
<respcondition title="Mastery" continue="No">
<conditionvar>
<and>
<varequal respident="vufgb-confidenceintervals-vi-028-nl-canvas_221894154_section_1_item_1_schoice_RESPONSE_6064092" case="Yes">vufgb-confidenceintervals-vi-028-nl-canvas_221894154_section_1_item_1_schoice_5558014343</varequal>
<not> <varequal respident="vufgb-confidenceintervals-vi-028-nl-canvas_221894154_section_1_item_1_schoice_RESPONSE_6064092" case="Yes">vufgb-confidenceintervals-vi-028-nl-canvas_221894154_section_1_item_1_schoice_2308238943</varequal> </not>
<not> <varequal respident="vufgb-confidenceintervals-vi-028-nl-canvas_221894154_section_1_item_1_schoice_RESPONSE_6064092" case="Yes">vufgb-confidenceintervals-vi-028-nl-canvas_221894154_section_1_item_1_schoice_6279385793</varequal> </not>
<not> <varequal respident="vufgb-confidenceintervals-vi-028-nl-canvas_221894154_section_1_item_1_schoice_RESPONSE_6064092" case="Yes">vufgb-confidenceintervals-vi-028-nl-canvas_221894154_section_1_item_1_schoice_6723619232</varequal> </not>
</and>
</conditionvar>
<setvar varname="SCORE" action="Set">1</setvar>
<displayfeedback feedbacktype="Response" linkrefid="correct_fb"/>
</respcondition>
<respcondition continue="Yes">
<conditionvar>
<other/>
</conditionvar>
<displayfeedback feedbacktype="Response" linkrefid="general_incorrect_fb"/>
</respcondition>
</resprocessing>
<itemfeedback ident="correct_fb" view="All">
<flow_mat>
<material>
<mattext texttype="text/html"><![CDATA[
<ul>
<li> wel, wel <br /> Incorrect </li>
<li> wel, niet <br /> Incorrect </li>
<li> niet, wel <br /> Incorrect </li>
<li> niet, niet <br /> Correct </li>
</ul>
]]></mattext>
</material>
</flow_mat>
</itemfeedback>
<itemfeedback ident="general_incorrect_fb" view="All">
<flow_mat>
<material>
<mattext texttype="text/html"><![CDATA[
<ul>
<li> wel, wel <br /> Incorrect </li>
<li> wel, niet <br /> Incorrect </li>
<li> niet, wel <br /> Incorrect </li>
<li> niet, niet <br /> Correct </li>
</ul>
]]></mattext>
</material>
</flow_mat>
</itemfeedback>
</item>


</section>

</assessment>
</questestinterop>
