<?xml version="1.0" encoding="UTF-8"?>
<assessmentItem xsi:schemaLocation="http://www.imsglobal.org/xsd/imsqti_v2p1 http://www.imsglobal.org/xsd/qti/qtiv2p1/imsqti_v2p1p1.xsd http://www.w3.org/1998/Math/MathML http://www.w3.org/Math/XMLSchema/mathml2/mathml2.xsd" identifier="vufsw-chi-squared-1133-nl-ans_354955130_section_1_item_1_schoice" title="Inferential_Statistics_vufsw-chi-squared-1133-nl_vufsw-chi-squared-1133-nl_schoice_1" adaptive="false" timeDependent="false" xmlns="http://www.imsglobal.org/xsd/imsqti_v2p1" xmlns:xsi="http://www.w3.org/2001/XMLSchema-instance">
<responseDeclaration identifier="vufsw-chi-squared-1133-nl-ans_354955130_section_1_item_1_schoice_RESPONSE_1_9321738" cardinality="single" baseType="identifier">
<correctResponse>
<value>vufsw-chi-squared-1133-nl-ans_354955130_section_1_item_1_schoice_2_8773073175</value>
</correctResponse>
<mapping defaultValue="0" lowerBound="0.0">
<mapEntry mapKey="vufsw-chi-squared-1133-nl-ans_354955130_section_1_item_1_schoice_1_3789987689" mappedValue="0"/>
<mapEntry mapKey="vufsw-chi-squared-1133-nl-ans_354955130_section_1_item_1_schoice_2_8773073175" mappedValue="1"/>
<mapEntry mapKey="vufsw-chi-squared-1133-nl-ans_354955130_section_1_item_1_schoice_3_1593946331" mappedValue="0"/>
<mapEntry mapKey="vufsw-chi-squared-1133-nl-ans_354955130_section_1_item_1_schoice_4_9546587898" mappedValue="0"/>
</mapping>
</responseDeclaration>
<outcomeDeclaration identifier="SCORE" cardinality="single" baseType="float" normalMaximum="1" normalMinimum="0">
<defaultValue>
<value>0.0</value>
</defaultValue>
</outcomeDeclaration>
<outcomeDeclaration identifier="MAXSCORE" cardinality="single" baseType="float">
<defaultValue>
<value>1</value>
</defaultValue>
</outcomeDeclaration>
<outcomeDeclaration identifier="FEEDBACKBASIC" cardinality="single" baseType="identifier" view="testConstructor">
<defaultValue>
<value>empty</value>
</defaultValue>
</outcomeDeclaration>
<outcomeDeclaration identifier="FEEDBACKMODAL" cardinality="multiple" baseType="identifier" view="testConstructor"/>
<outcomeDeclaration identifier="SOLUTIONMODAL" cardinality="single" baseType="identifier" view="testConstructor"/>
<outcomeDeclaration identifier="MINSCORE" cardinality="single" baseType="float">
<defaultValue>
<value baseType="float">0</value>
</defaultValue>
</outcomeDeclaration>
<outcomeDeclaration identifier="SCORE_RESPONSE_1" cardinality="single" baseType="float">
<defaultValue>
<value>0.0</value>
</defaultValue>
</outcomeDeclaration>
<outcomeDeclaration identifier="MINSCORE_RESPONSE_1" cardinality="single" baseType="float">
<defaultValue>
<value>0.0</value>
</defaultValue>
</outcomeDeclaration>
<itemBody>
<p>Een onderzoek onder de leden van een grote vakbondsorganisatie naar de relatie tussen hun mate van betrokkenheid (laag, midden, hoog) bij de vakbond en hun deelname aan een staking (ja, nee) levert de volgende gegevens op:</p>
<table>
<colgroup>
<col style="width: 20%" />
<col style="width: 20%" />
<col style="width: 20%" />
<col style="width: 20%" />
<col style="width: 20%" />
</colgroep>
<tbody>
<tr class="odd">
<td>
<br />
</td>
<td>
<em>betrokkenheid</em>
</td>
<td>
</td>
<td>
</td>
<td>
</td>
</tr>
<tr class="even">
<td>
<br />
</td>
<td>
laag
</td>
<td>
midden
</td>
<td>
hoog
</td>
<td>
totaal
</td>
</tr>
<tr class="odd">
<td>
<em>deelname aan staking</em>
</td>
<td>
<br />
</td>
<td>
<br />
</td>
<td>
<br />
</td>
<td>
<br />
</td>
</tr>
<tr class="even">
<td>
ja
</td>
<td>
30
</td>
<td>
25
</td>
<td>
70
</td>
<td>
125
</td>
</tr>
<tr class="odd">
<td>
nee
</td>
<td>
70
</td>
<td>
25
</td>
<td>
30
</td>
<td>
125
</td>
</tr>
<tr class="even">
<td>
totaal
</td>
<td>
100
</td>
<td>
50
</td>
<td>
100
</td>
<td>
250
</td>
</tr>
</tbody>
</table>
<p>Wat is de kritieke <em>chi</em> kwadraatwaarde in deze test met een significantieniveau niveau alpha= 0,05?</p>
<choiceInteraction responseIdentifier="vufsw-chi-squared-1133-nl-ans_354955130_section_1_item_1_schoice_RESPONSE_1_9321738" shuffle="false" maxChoices="1">
<simpleChoice identifier="vufsw-chi-squared-1133-nl-ans_354955130_section_1_item_1_schoice_1_3789987689">
<p>
 3.84
</p>
</simpleChoice>
<simpleChoice identifier="vufsw-chi-squared-1133-nl-ans_354955130_section_1_item_1_schoice_2_8773073175">
<p>
 5.99
</p>
</simpleChoice>
<simpleChoice identifier="vufsw-chi-squared-1133-nl-ans_354955130_section_1_item_1_schoice_3_1593946331">
<p>
 124.3
</p>
</simpleChoice>
<simpleChoice identifier="vufsw-chi-squared-1133-nl-ans_354955130_section_1_item_1_schoice_4_9546587898">
<p>
 1.96
</p>
</simpleChoice>
</choiceInteraction>
</itemBody>
<responseProcessing>
<setOutcomeValue identifier="SCORE_RESPONSE_1">
<sum>
<variable identifier="SCORE_RESPONSE_1"/>
<mapResponse identifier="vufsw-chi-squared-1133-nl-ans_354955130_section_1_item_1_schoice_RESPONSE_1_9321738"/>
</sum>
</setOutcomeValue>
<responseCondition>
<responseIf>
<lt>
<variable identifier="SCORE_RESPONSE_1"/>
<variable identifier="MINSCORE_RESPONSE_1"/>
</lt>
<setOutcomeValue identifier="SCORE_RESPONSE_1">
<variable identifier="MINSCORE_RESPONSE_1"/>
</setOutcomeValue>
</responseIf>
</responseCondition>
<responseCondition>
<responseIf>
<isNull>
<variable identifier="vufsw-chi-squared-1133-nl-ans_354955130_section_1_item_1_schoice_RESPONSE_1_9321738"/>
</isNull>
<setOutcomeValue identifier="SCORE_RESPONSE_1">
<sum>
<variable identifier="SCORE_RESPONSE_1"/>
<baseValue baseType="float">0</baseValue>
</sum>
</setOutcomeValue>
</responseIf>
</responseCondition>
<setOutcomeValue identifier="SCORE">
<sum>
<variable identifier="SCORE_RESPONSE_1"/>
</sum>
</setOutcomeValue>
<responseCondition>
<responseIf>
<lt>
<variable identifier="SCORE"/>
<variable identifier="MINSCORE"/>
</lt>
<setOutcomeValue identifier="SCORE">
<variable identifier="MINSCORE"/>
</setOutcomeValue>
</responseIf>
</responseCondition>
<responseCondition>
<responseIf>
<lt>
<variable identifier="SCORE"/>
<baseValue baseType="float">1</baseValue>
</lt>
<setOutcomeValue identifier="FEEDBACKMODAL">
<multiple>
<variable identifier="FEEDBACKMODAL"/>
<baseValue baseType="identifier">Feedback622057229</baseValue>
</multiple>
</setOutcomeValue>
</responseIf>
</responseCondition>
</responseProcessing>
<modalFeedback outcomeIdentifier="FEEDBACK" showHide="show" identifier="incorrect">
<p>De vrijheidsgraden (df) is 2 en alpha=0,05, dus de kritische waarde van het <em>chi</em> kwadraat is 5,99 (zie tabel) (1,96 is de kritische waarde van de <em>t</em> verdeling met meer dan 100 vrijheidsgraden. )<br />
(3,84 is de kritische waarde van de <em>chi</em> kwadraatverdeling als er slechts één vrijheidsgraad is) (124,3 is de kritische waarde van de vierkantsverdeling <em>chi</em> als er 100 vrijheidsgraden zijn)</p>
<br />
<ul>
<li> 3.84 <br /> Onwaar </li>
<li> 5.99 <br /> Waar </li>
<li> 124.3 <br /> Onwaar </li>
<li> 1.96 <br /> Onwaar </li>
</ul>
</modalFeedback>
</assessmentItem>
