<?xml version="1.0" encoding="UTF-8"?>
<assessmentItem xsi:schemaLocation="http://www.imsglobal.org/xsd/imsqti_v2p1 http://www.imsglobal.org/xsd/qti/qtiv2p1/imsqti_v2p1p1.xsd http://www.w3.org/1998/Math/MathML http://www.w3.org/Math/XMLSchema/mathml2/mathml2.xsd" identifier="vufgb-confidenceintervals-007-en-qti_447279842_section_1_item_1_schoice" title="1" adaptive="false" timeDependent="false" xmlns="http://www.imsglobal.org/xsd/imsqti_v2p1" xmlns:xsi="http://www.w3.org/2001/XMLSchema-instance">
<responseDeclaration identifier="vufgb-confidenceintervals-007-en-qti_447279842_section_1_item_1_schoice_RESPONSE_1_1143894" cardinality="single" baseType="identifier">
<correctResponse>
<value>vufgb-confidenceintervals-007-en-qti_447279842_section_1_item_1_schoice_4_6316209428</value>
</correctResponse>
<mapping defaultValue="0" lowerBound="0.0">
<mapEntry mapKey="vufgb-confidenceintervals-007-en-qti_447279842_section_1_item_1_schoice_1_3330828938" mappedValue="0"/>
<mapEntry mapKey="vufgb-confidenceintervals-007-en-qti_447279842_section_1_item_1_schoice_2_9577233324" mappedValue="0"/>
<mapEntry mapKey="vufgb-confidenceintervals-007-en-qti_447279842_section_1_item_1_schoice_3_9185943095" mappedValue="0"/>
<mapEntry mapKey="vufgb-confidenceintervals-007-en-qti_447279842_section_1_item_1_schoice_4_6316209428" mappedValue="1"/>
</mapping>
</responseDeclaration>
<outcomeDeclaration identifier="SCORE" cardinality="single" baseType="float" normalMaximum="1" normalMinimum="0">
<defaultValue>
<value>0.0</value>
</defaultValue>
</outcomeDeclaration>
<outcomeDeclaration identifier="MAXSCORE" cardinality="single" baseType="float">
<defaultValue>
<value>1</value>
</defaultValue>
</outcomeDeclaration>
<outcomeDeclaration identifier="FEEDBACKBASIC" cardinality="single" baseType="identifier" view="testConstructor">
<defaultValue>
<value>empty</value>
</defaultValue>
</outcomeDeclaration>
<outcomeDeclaration identifier="FEEDBACKMODAL" cardinality="multiple" baseType="identifier" view="testConstructor"/>
<outcomeDeclaration identifier="MINSCORE" cardinality="single" baseType="float">
<defaultValue>
<value baseType="float">0</value>
</defaultValue>
</outcomeDeclaration>
<outcomeDeclaration identifier="SCORE_RESPONSE_1" cardinality="single" baseType="float">
<defaultValue>
<value>0.0</value>
</defaultValue>
</outcomeDeclaration>
<outcomeDeclaration identifier="MINSCORE_RESPONSE_1" cardinality="single" baseType="float">
<defaultValue>
<value>0.0</value>
</defaultValue>
</outcomeDeclaration>
<itemBody>
<p>Evaluate the following statements:</p>
<p>I: The confidence interval becomes narrower for higher confidence levels.</p>
<p>II: The margin of error is in indicator for the level of bias of the sample statistic.</p>
<choiceInteraction responseIdentifier="vufgb-confidenceintervals-007-en-qti_447279842_section_1_item_1_schoice_RESPONSE_1_1143894" shuffle="false" maxChoices="1">
<simpleChoice identifier="vufgb-confidenceintervals-007-en-qti_447279842_section_1_item_1_schoice_1_3330828938">
<p>
 I: correct, II: false
</p>
</simpleChoice>
<simpleChoice identifier="vufgb-confidenceintervals-007-en-qti_447279842_section_1_item_1_schoice_2_9577233324">
<p>
 I: false, II: correct
</p>
</simpleChoice>
<simpleChoice identifier="vufgb-confidenceintervals-007-en-qti_447279842_section_1_item_1_schoice_3_9185943095">
<p>
 I: correct, II: correct
</p>
</simpleChoice>
<simpleChoice identifier="vufgb-confidenceintervals-007-en-qti_447279842_section_1_item_1_schoice_4_6316209428">
<p>
 I: false, II: false
</p>
</simpleChoice>
</choiceInteraction>
</itemBody>
<responseProcessing>
<responseCondition>
<responseIf>
<isNull>
<variable identifier="vufgb-confidenceintervals-007-en-qti_447279842_section_1_item_1_schoice_RESPONSE_1_1143894"/>
</isNull>
<setOutcomeValue identifier="SCORE_RESPONSE_1">
<sum>
<variable identifier="SCORE_RESPONSE_1"/>
<baseValue baseType="float">0</baseValue>
</sum>
</setOutcomeValue>
</responseIf>
</responseCondition>
<setOutcomeValue identifier="SCORE_RESPONSE_1">
<sum>
<variable identifier="SCORE_RESPONSE_1"/>
<mapResponse identifier="vufgb-confidenceintervals-007-en-qti_447279842_section_1_item_1_schoice_RESPONSE_1_1143894"/>
</sum>
</setOutcomeValue>
<responseCondition>
<responseIf>
<lt>
<variable identifier="SCORE_RESPONSE_1"/>
<variable identifier="MINSCORE_RESPONSE_1"/>
</lt>
<setOutcomeValue identifier="SCORE_RESPONSE_1">
<variable identifier="MINSCORE_RESPONSE_1"/>
</setOutcomeValue>
</responseIf>
</responseCondition>
<setOutcomeValue identifier="SCORE">
<sum>
<variable identifier="SCORE_RESPONSE_1"/>
</sum>
</setOutcomeValue>
<responseCondition>
<responseIf>
<lt>
<variable identifier="SCORE"/>
<variable identifier="MINSCORE"/>
</lt>
<setOutcomeValue identifier="SCORE">
<variable identifier="MINSCORE"/>
</setOutcomeValue>
</responseIf>
</responseCondition>
<responseCondition>
<responseIf>
<lt>
<variable identifier="SCORE"/>
<baseValue baseType="float">1</baseValue>
</lt>
<setOutcomeValue identifier="FEEDBACKMODAL">
<multiple>
<variable identifier="FEEDBACKMODAL"/>
<baseValue baseType="identifier">Feedback847551106</baseValue>
</multiple>
</setOutcomeValue>
</responseIf>
</responseCondition>
</responseProcessing>
<modalFeedback identifier="Feedback847551106" outcomeIdentifier="FEEDBACKMODAL" showHide="show">
 I: correct, II: false <br /> Incorrect 
 I: false, II: correct <br /> Incorrect 
 I: correct, II: correct <br /> Incorrect 
 I: false, II: false <br /> Correct 
</modalFeedback>
</assessmentItem>
