<?xml version="1.0" encoding="UTF-8"?>
<assessmentItem xsi:schemaLocation="http://www.imsglobal.org/xsd/imsqti_v2p1 http://www.imsglobal.org/xsd/qti/qtiv2p1/imsqti_v2p1p1.xsd http://www.w3.org/1998/Math/MathML http://www.w3.org/Math/XMLSchema/mathml2/mathml2.xsd" identifier="uva-distribution-1894-en-qti_927158362_section_1_item_1_schoice" title="1" adaptive="false" timeDependent="false" xmlns="http://www.imsglobal.org/xsd/imsqti_v2p1" xmlns:xsi="http://www.w3.org/2001/XMLSchema-instance">
<responseDeclaration identifier="uva-distribution-1894-en-qti_927158362_section_1_item_1_schoice_RESPONSE_1_8006950" cardinality="single" baseType="identifier">
<correctResponse>
<value>uva-distribution-1894-en-qti_927158362_section_1_item_1_schoice_2_2202013685</value>
</correctResponse>
<mapping defaultValue="0" lowerBound="0.0">
<mapEntry mapKey="uva-distribution-1894-en-qti_927158362_section_1_item_1_schoice_1_1973040285" mappedValue="0"/>
<mapEntry mapKey="uva-distribution-1894-en-qti_927158362_section_1_item_1_schoice_2_2202013685" mappedValue="1"/>
<mapEntry mapKey="uva-distribution-1894-en-qti_927158362_section_1_item_1_schoice_3_4040963917" mappedValue="0"/>
<mapEntry mapKey="uva-distribution-1894-en-qti_927158362_section_1_item_1_schoice_4_4428407343" mappedValue="0"/>
</mapping>
</responseDeclaration>
<outcomeDeclaration identifier="SCORE" cardinality="single" baseType="float" normalMaximum="1" normalMinimum="0">
<defaultValue>
<value>0.0</value>
</defaultValue>
</outcomeDeclaration>
<outcomeDeclaration identifier="MAXSCORE" cardinality="single" baseType="float">
<defaultValue>
<value>1</value>
</defaultValue>
</outcomeDeclaration>
<outcomeDeclaration identifier="FEEDBACKBASIC" cardinality="single" baseType="identifier" view="testConstructor">
<defaultValue>
<value>empty</value>
</defaultValue>
</outcomeDeclaration>
<outcomeDeclaration identifier="FEEDBACKMODAL" cardinality="multiple" baseType="identifier" view="testConstructor"/>
<outcomeDeclaration identifier="SOLUTIONMODAL" cardinality="single" baseType="identifier" view="testConstructor"/>
<outcomeDeclaration identifier="MINSCORE" cardinality="single" baseType="float">
<defaultValue>
<value baseType="float">0</value>
</defaultValue>
</outcomeDeclaration>
<outcomeDeclaration identifier="SCORE_RESPONSE_1" cardinality="single" baseType="float">
<defaultValue>
<value>0.0</value>
</defaultValue>
</outcomeDeclaration>
<outcomeDeclaration identifier="MINSCORE_RESPONSE_1" cardinality="single" baseType="float">
<defaultValue>
<value>0.0</value>
</defaultValue>
</outcomeDeclaration>
<itemBody>
<p>From each of two normally distributed populations with equal variances a sample is drawn.______________. Sample 1: n = 19, mean = 52, sd = 5.3. Sample 2: n = 13, mean = 37, sd = 3.29. The pooled variance estimator takes the value of 21.18. It is tested Whether the population averages are equal. The corresponding test size follows, if the null hypothesis is TRUE,</p>
<choiceInteraction responseIdentifier="uva-distribution-1894-en-qti_927158362_section_1_item_1_schoice_RESPONSE_1_8006950" shuffle="false" maxChoices="1">
<simpleChoice identifier="uva-distribution-1894-en-qti_927158362_section_1_item_1_schoice_1_1973040285">
<p>
 A T distribution with 32 degrees of freedom
</p>
</simpleChoice>
<simpleChoice identifier="uva-distribution-1894-en-qti_927158362_section_1_item_1_schoice_2_2202013685">
<p>
 A T distribution with 30 degrees of freedom
</p>
</simpleChoice>
<simpleChoice identifier="uva-distribution-1894-en-qti_927158362_section_1_item_1_schoice_3_4040963917">
<p>
 An F-division with 19 and 13 degrees of freedom
</p>
</simpleChoice>
<simpleChoice identifier="uva-distribution-1894-en-qti_927158362_section_1_item_1_schoice_4_4428407343">
<p>
 An F-division with 18 and 12 degrees of freedom
</p>
</simpleChoice>
</choiceInteraction>
</itemBody>
<responseProcessing>
<setOutcomeValue identifier="SCORE_RESPONSE_1">
<sum>
<variable identifier="SCORE_RESPONSE_1"/>
<mapResponse identifier="uva-distribution-1894-en-qti_927158362_section_1_item_1_schoice_RESPONSE_1_8006950"/>
</sum>
</setOutcomeValue>
<responseCondition>
<responseIf>
<lt>
<variable identifier="SCORE_RESPONSE_1"/>
<variable identifier="MINSCORE_RESPONSE_1"/>
</lt>
<setOutcomeValue identifier="SCORE_RESPONSE_1">
<variable identifier="MINSCORE_RESPONSE_1"/>
</setOutcomeValue>
</responseIf>
</responseCondition>
<responseCondition>
<responseIf>
<isNull>
<variable identifier="uva-distribution-1894-en-qti_927158362_section_1_item_1_schoice_RESPONSE_1_8006950"/>
</isNull>
<setOutcomeValue identifier="SCORE_RESPONSE_1">
<sum>
<variable identifier="SCORE_RESPONSE_1"/>
<baseValue baseType="float">0</baseValue>
</sum>
</setOutcomeValue>
</responseIf>
</responseCondition>
<setOutcomeValue identifier="SCORE">
<sum>
<variable identifier="SCORE_RESPONSE_1"/>
</sum>
</setOutcomeValue>
<responseCondition>
<responseIf>
<lt>
<variable identifier="SCORE"/>
<variable identifier="MINSCORE"/>
</lt>
<setOutcomeValue identifier="SCORE">
<variable identifier="MINSCORE"/>
</setOutcomeValue>
</responseIf>
</responseCondition>
<responseCondition>
<responseIf>
<lt>
<variable identifier="SCORE"/>
<baseValue baseType="float">1</baseValue>
</lt>
<setOutcomeValue identifier="FEEDBACKMODAL">
<multiple>
<variable identifier="FEEDBACKMODAL"/>
<baseValue baseType="identifier">Feedback550915566</baseValue>
</multiple>
</setOutcomeValue>
</responseIf>
</responseCondition>
</responseProcessing>
<modalFeedback identifier="Feedback550915566" outcomeIdentifier="FEEDBACKMODAL" showHide="show">
<ul>
<li> A T distribution with 32 degrees of freedom <br /> A T-distribution with 32 degrees of freedom: Incorrect </li>
<li> A T distribution with 30 degrees of freedom <br /> A T-division with 30 degrees of freedom: Correct </li>
<li> An F-division with 19 and 13 degrees of freedom <br /> An F-division with 19 and 13 degrees of freedom: Incorrect </li>
<li> An F-division with 18 and 12 degrees of freedom <br /> An F-division with 18 and 12 degrees of freedom: Incorrect </li>
</ul>
</modalFeedback>
</assessmentItem>
