<?xml version="1.0" encoding="UTF-8"?>
<assessmentItem xsi:schemaLocation="http://www.imsglobal.org/xsd/imsqti_v2p1 http://www.imsglobal.org/xsd/qti/qtiv2p1/imsqti_v2p1p1.xsd http://www.w3.org/1998/Math/MathML http://www.w3.org/Math/XMLSchema/mathml2/mathml2.xsd" identifier="vufgb-samplingdistributions-014-en_210933470_section_1_item_1_schoice" title="1" adaptive="false" timeDependent="false" xmlns="http://www.imsglobal.org/xsd/imsqti_v2p1" xmlns:xsi="http://www.w3.org/2001/XMLSchema-instance">
<responseDeclaration identifier="vufgb-samplingdistributions-014-en_210933470_section_1_item_1_schoice_RESPONSE_1_9247932" cardinality="single" baseType="identifier">
<correctResponse>
<value>vufgb-samplingdistributions-014-en_210933470_section_1_item_1_schoice_3_6857148660</value>
</correctResponse>
<mapping defaultValue="0" lowerBound="0.0">
<mapEntry mapKey="vufgb-samplingdistributions-014-en_210933470_section_1_item_1_schoice_1_1911587659" mappedValue="0"/>
<mapEntry mapKey="vufgb-samplingdistributions-014-en_210933470_section_1_item_1_schoice_2_7430676641" mappedValue="0"/>
<mapEntry mapKey="vufgb-samplingdistributions-014-en_210933470_section_1_item_1_schoice_3_6857148660" mappedValue="1"/>
<mapEntry mapKey="vufgb-samplingdistributions-014-en_210933470_section_1_item_1_schoice_4_2593101115" mappedValue="0"/>
</mapping>
</responseDeclaration>
<outcomeDeclaration identifier="SCORE" cardinality="single" baseType="float" normalMaximum="1" normalMinimum="0">
<defaultValue>
<value>0.0</value>
</defaultValue>
</outcomeDeclaration>
<outcomeDeclaration identifier="MAXSCORE" cardinality="single" baseType="float">
<defaultValue>
<value>1</value>
</defaultValue>
</outcomeDeclaration>
<outcomeDeclaration identifier="FEEDBACKBASIC" cardinality="single" baseType="identifier" view="testConstructor">
<defaultValue>
<value>empty</value>
</defaultValue>
</outcomeDeclaration>
<outcomeDeclaration identifier="FEEDBACKMODAL" cardinality="multiple" baseType="identifier" view="testConstructor"/>
<outcomeDeclaration identifier="MINSCORE" cardinality="single" baseType="float">
<defaultValue>
<value baseType="float">0</value>
</defaultValue>
</outcomeDeclaration>
<outcomeDeclaration identifier="SCORE_RESPONSE_1" cardinality="single" baseType="float">
<defaultValue>
<value>0.0</value>
</defaultValue>
</outcomeDeclaration>
<outcomeDeclaration identifier="MINSCORE_RESPONSE_1" cardinality="single" baseType="float">
<defaultValue>
<value>0.0</value>
</defaultValue>
</outcomeDeclaration>
<itemBody>
<p>Evaluate the following two statements:</p>
<p>I: A point estimate for the population mean varies from sample to sample.</p>
<p>II: An interval estimate for the population mean varies from sample to sample.</p>
<choiceInteraction responseIdentifier="vufgb-samplingdistributions-014-en_210933470_section_1_item_1_schoice_RESPONSE_1_9247932" shuffle="false" maxChoices="1">
<simpleChoice identifier="vufgb-samplingdistributions-014-en_210933470_section_1_item_1_schoice_1_1911587659">
<p>
a. I: correct, II: false
</p>
</simpleChoice>
<simpleChoice identifier="vufgb-samplingdistributions-014-en_210933470_section_1_item_1_schoice_2_7430676641">
<p>
b. I: false, II: correct
</p>
</simpleChoice>
<simpleChoice identifier="vufgb-samplingdistributions-014-en_210933470_section_1_item_1_schoice_3_6857148660">
<p>
c. I: correct, II: correct
</p>
</simpleChoice>
<simpleChoice identifier="vufgb-samplingdistributions-014-en_210933470_section_1_item_1_schoice_4_2593101115">
<p>
d. I: false, II: false
</p>
</simpleChoice>
</choiceInteraction>
</itemBody>
<responseProcessing>
<responseCondition>
<responseIf>
<isNull>
<variable identifier="vufgb-samplingdistributions-014-en_210933470_section_1_item_1_schoice_RESPONSE_1_9247932"/>
</isNull>
<setOutcomeValue identifier="SCORE_RESPONSE_1">
<sum>
<variable identifier="SCORE_RESPONSE_1"/>
<baseValue baseType="float">0</baseValue>
</sum>
</setOutcomeValue>
</responseIf>
</responseCondition>
<setOutcomeValue identifier="SCORE_RESPONSE_1">
<sum>
<variable identifier="SCORE_RESPONSE_1"/>
<mapResponse identifier="vufgb-samplingdistributions-014-en_210933470_section_1_item_1_schoice_RESPONSE_1_9247932"/>
</sum>
</setOutcomeValue>
<responseCondition>
<responseIf>
<lt>
<variable identifier="SCORE_RESPONSE_1"/>
<variable identifier="MINSCORE_RESPONSE_1"/>
</lt>
<setOutcomeValue identifier="SCORE_RESPONSE_1">
<variable identifier="MINSCORE_RESPONSE_1"/>
</setOutcomeValue>
</responseIf>
</responseCondition>
<setOutcomeValue identifier="SCORE">
<sum>
<variable identifier="SCORE_RESPONSE_1"/>
</sum>
</setOutcomeValue>
<responseCondition>
<responseIf>
<lt>
<variable identifier="SCORE"/>
<variable identifier="MINSCORE"/>
</lt>
<setOutcomeValue identifier="SCORE">
<variable identifier="MINSCORE"/>
</setOutcomeValue>
</responseIf>
</responseCondition>
<responseCondition>
<responseIf>
<lt>
<variable identifier="SCORE"/>
<baseValue baseType="float">1</baseValue>
</lt>
<setOutcomeValue identifier="FEEDBACKMODAL">
<multiple>
<variable identifier="FEEDBACKMODAL"/>
<baseValue baseType="identifier">Feedback154301261</baseValue>
</multiple>
</setOutcomeValue>
</responseIf>
</responseCondition>
</responseProcessing>
<modalFeedback identifier="Feedback154301261" outcomeIdentifier="FEEDBACKMODAL" showHide="show">
<ol type = "a">
<li> I: correct, II: false <br /> Incorrect </li>
<li> I: false, II: correct <br /> Incorrect </li>
<li> I: correct, II: correct <br /> Correct </li>
<li> I: false, II: false <br /> Incorrect </li>
</ol>
</modalFeedback>
</assessmentItem>
