<?xml version="1.0" encoding="utf-8" standalone="yes"?>
<assessmentItem identifier="uu-F-statistic-801-nl-tv_202601131821_item_1_schoice" title="uu-F-statistic-801-nl-tv_202601131821_item_1_schoice_uu-F-statistic-801-nl.Rmd" adaptive="false" timeDependent="false" toolName="Testvision Online" toolVersion="39.0.9084" xmlns="http://www.imsglobal.org/xsd/imsqti_v2p1">
<responseDeclaration identifier="RESPONSE" cardinality="single" baseType="identifier">
<correctResponse>
<value>alt_181006</value>
</correctResponse>
<mapping defaultValue="0" lowerBound="0.0">
<mapEntry mapKey="alt_303419" mappedValue="-0.333333333333333"/>
<mapEntry mapKey="alt_993609" mappedValue="-0.333333333333333"/>
<mapEntry mapKey="alt_690051" mappedValue="-0.333333333333333"/>
<mapEntry mapKey="alt_181006" mappedValue="1"/>
</mapping>
</responseDeclaration>
<outcomeDeclaration identifier="SCORE" cardinality="single" baseType="float" normalMaximum="1" normalMinimum="0" />
<outcomeDeclaration identifier="FEEDBACK" cardinality="single" baseType="identifier" />
<stylesheet href="css/uu-F-statistic-801-nl-tv_202601131821_item_1_schoice.css" type="text/css" />
<itemBody>
<p>Een telefoonmaatschappij doet onderzoek naar het verband tussen de gemiddelde maandelijkse kosten van de telefoonrekening (Y = Average monthly bill) en het percentage van de belminuten dat gebruikt wordt voor het werk (X = Pct used for business). SPSS-output staat hieronder.</p>
<p><img src="mediafiles/supplements1/uu-F-statistic-801-nl-tabel.jpg" alt="image"/></p>
<p>Is er een significante relatie (bij <math display="inline" xmlns="http://www.w3.org/1998/Math/MathML"><semantics><mrow><mi>α</mi><mo>=</mo><mn>.05</mn></mrow><annotation encoding="application/x-tex">\alpha = .05</annotation></semantics></math>) tussen het aantal belminuten dat voor werk gebruikt wordt en de kosten van de telefoonrekening?</p>
<choiceInteraction responseIdentifier="RESPONSE" shuffle="false" maxChoices="1">
<simpleChoice identifier="alt_303419">
<div class="textblock tvblock tvcss_1"><div class="rte_zone tveditor1">
 Nee.
</div>
</div>
</simpleChoice>
<simpleChoice identifier="alt_993609">
<div class="textblock tvblock tvcss_1"><div class="rte_zone tveditor1">
 Ja, want <math display="inline" xmlns="http://www.w3.org/1998/Math/MathML"><semantics><mrow><mi>t</mi><mo>=</mo><mn>3.15</mn></mrow><annotation encoding="application/x-tex">t = 3.15</annotation></semantics></math> en <math display="inline" xmlns="http://www.w3.org/1998/Math/MathML"><semantics><mrow><mi>p</mi><mo>=</mo><mn>.0031</mn></mrow><annotation encoding="application/x-tex">p = .0031</annotation></semantics></math>.
</div>
</div>
</simpleChoice>
<simpleChoice identifier="alt_690051">
<div class="textblock tvblock tvcss_1"><div class="rte_zone tveditor1">
 Ja, want <math display="inline" xmlns="http://www.w3.org/1998/Math/MathML"><semantics><mrow><mi>t</mi><mo>=</mo><mn>2.36</mn></mrow><annotation encoding="application/x-tex">t = 2.36</annotation></semantics></math> en <math display="inline" xmlns="http://www.w3.org/1998/Math/MathML"><semantics><mrow><mi>p</mi><mo>=</mo><mn>.0117</mn></mrow><annotation encoding="application/x-tex">p = .0117</annotation></semantics></math>.
</div>
</div>
</simpleChoice>
<simpleChoice identifier="alt_181006">
<div class="textblock tvblock tvcss_1"><div class="rte_zone tveditor1">
 Ja, want <math display="inline" xmlns="http://www.w3.org/1998/Math/MathML"><semantics><mrow><mi>F</mi><mo>=</mo><mn>5.55</mn></mrow><annotation encoding="application/x-tex">F = 5.55</annotation></semantics></math> en <math display="inline" xmlns="http://www.w3.org/1998/Math/MathML"><semantics><mrow><mi>p</mi><mo>=</mo><mn>.0234</mn></mrow><annotation encoding="application/x-tex">p = .0234</annotation></semantics></math>.
</div>
</div>
</simpleChoice>
</choiceInteraction>
</itemBody>
<responseProcessing>
<responseCondition>
<responseIf>
<isNull>
<variable identifier="RESPONSE"/>
</isNull>
<setOutcomeValue identifier="SCORE">
<baseValue baseType="float">0.0</baseValue>
</setOutcomeValue>
<setOutcomeValue identifier="FEEDBACK">
<baseValue baseType="identifier">FAILURE</baseValue>
</setOutcomeValue>
</responseIf>
<responseElse>
<setOutcomeValue identifier="SCORE">
<mapResponse identifier="RESPONSE"/>
</setOutcomeValue>
<responseCondition>
<responseIf>
<equal toleranceMode="relative" tolerance="0.001">
<variable identifier="SCORE"/>
<variable identifier="MAXSCORE"/>
</equal>
<setOutcomeValue identifier="FEEDBACK">
<baseValue baseType="identifier">ANSWER_CORRECT</baseValue>
</setOutcomeValue>
</responseIf>
<responseElse>
<setOutcomeValue identifier="FEEDBACK">
<baseValue baseType="identifier">FAILURE</baseValue>
</setOutcomeValue>
</responseElse>
</responseCondition>
</responseElse>
</responseCondition>
</responseProcessing>
<modalFeedback identifier="FAILURE" outcomeIdentifier="FEEDBACK" showHide="show">
<div class="textblock tvblock tvcss_1"><div class="rte_zone tveditor1">
</div>
</div>
</modalFeedback>
<modalFeedback identifier="ANSWER_CORRECT" outcomeIdentifier="FEEDBACK" showHide="show">
<div class="textblock tvblock tvcss_1"><div class="rte_zone tveditor1">
</div>
</div>
</modalFeedback>
<modalFeedback identifier="PARTIAL_CORRECT" outcomeIdentifier="FEEDBACK" showHide="show">
<div class="textblock tvblock tvcss_1"><div class="rte_zone tveditor1">
</div>
</div>
</modalFeedback>
</assessmentItem>
