<?xml version="1.0" encoding="UTF-8"?>
<assessmentItem xsi:schemaLocation="http://www.imsglobal.org/xsd/imsqti_v2p1 http://www.imsglobal.org/xsd/qti/qtiv2p1/imsqti_v2p1p1.xsd http://www.w3.org/1998/Math/MathML http://www.w3.org/Math/XMLSchema/mathml2/mathml2.xsd" identifier="vufgb-nhst-004-en-qti_957965856_section_1_item_1_schoice" title="1" adaptive="false" timeDependent="false" xmlns="http://www.imsglobal.org/xsd/imsqti_v2p1" xmlns:xsi="http://www.w3.org/2001/XMLSchema-instance">
<responseDeclaration identifier="vufgb-nhst-004-en-qti_957965856_section_1_item_1_schoice_RESPONSE_1_4427081" cardinality="single" baseType="identifier">
<correctResponse>
<value>vufgb-nhst-004-en-qti_957965856_section_1_item_1_schoice_2_3878661528</value>
</correctResponse>
<mapping defaultValue="0" lowerBound="0.0">
<mapEntry mapKey="vufgb-nhst-004-en-qti_957965856_section_1_item_1_schoice_1_3002678640" mappedValue="0"/>
<mapEntry mapKey="vufgb-nhst-004-en-qti_957965856_section_1_item_1_schoice_2_3878661528" mappedValue="1"/>
<mapEntry mapKey="vufgb-nhst-004-en-qti_957965856_section_1_item_1_schoice_3_1485726073" mappedValue="0"/>
<mapEntry mapKey="vufgb-nhst-004-en-qti_957965856_section_1_item_1_schoice_4_7080224161" mappedValue="0"/>
</mapping>
</responseDeclaration>
<outcomeDeclaration identifier="SCORE" cardinality="single" baseType="float" normalMaximum="1" normalMinimum="0">
<defaultValue>
<value>0.0</value>
</defaultValue>
</outcomeDeclaration>
<outcomeDeclaration identifier="MAXSCORE" cardinality="single" baseType="float">
<defaultValue>
<value>1</value>
</defaultValue>
</outcomeDeclaration>
<outcomeDeclaration identifier="FEEDBACKBASIC" cardinality="single" baseType="identifier" view="testConstructor">
<defaultValue>
<value>empty</value>
</defaultValue>
</outcomeDeclaration>
<outcomeDeclaration identifier="FEEDBACKMODAL" cardinality="multiple" baseType="identifier" view="testConstructor"/>
<outcomeDeclaration identifier="MINSCORE" cardinality="single" baseType="float">
<defaultValue>
<value baseType="float">0</value>
</defaultValue>
</outcomeDeclaration>
<outcomeDeclaration identifier="SCORE_RESPONSE_1" cardinality="single" baseType="float">
<defaultValue>
<value>0.0</value>
</defaultValue>
</outcomeDeclaration>
<outcomeDeclaration identifier="MINSCORE_RESPONSE_1" cardinality="single" baseType="float">
<defaultValue>
<value>0.0</value>
</defaultValue>
</outcomeDeclaration>
<itemBody>
<p>Fill in the blanks:</p>
<p>….I…. is the probability of a Type II error; and ….II…. is the probability of correctly rejecting a false null hypothesis.</p>
<choiceInteraction responseIdentifier="vufgb-nhst-004-en-qti_957965856_section_1_item_1_schoice_RESPONSE_1_4427081" shuffle="false" maxChoices="1">
<simpleChoice identifier="vufgb-nhst-004-en-qti_957965856_section_1_item_1_schoice_1_3002678640">
<p>
 I: <math display="inline" xmlns="http://www.w3.org/1998/Math/MathML"><semantics><mrow><mn>1</mn><mo>−</mo><mi>β</mi></mrow><annotation encoding="application/x-tex">1-\beta</annotation></semantics></math>, II: <math display="inline" xmlns="http://www.w3.org/1998/Math/MathML"><semantics><mi>β</mi><annotation encoding="application/x-tex">\beta</annotation></semantics></math>
</p>
</simpleChoice>
<simpleChoice identifier="vufgb-nhst-004-en-qti_957965856_section_1_item_1_schoice_2_3878661528">
<p>
 I: <math display="inline" xmlns="http://www.w3.org/1998/Math/MathML"><semantics><mi>β</mi><annotation encoding="application/x-tex">\beta</annotation></semantics></math>, II: <math display="inline" xmlns="http://www.w3.org/1998/Math/MathML"><semantics><mrow><mn>1</mn><mo>−</mo><mi>β</mi></mrow><annotation encoding="application/x-tex">1-\beta</annotation></semantics></math>
</p>
</simpleChoice>
<simpleChoice identifier="vufgb-nhst-004-en-qti_957965856_section_1_item_1_schoice_3_1485726073">
<p>
 I: <math display="inline" xmlns="http://www.w3.org/1998/Math/MathML"><semantics><mi>α</mi><annotation encoding="application/x-tex">\alpha</annotation></semantics></math>, II: <math display="inline" xmlns="http://www.w3.org/1998/Math/MathML"><semantics><mi>β</mi><annotation encoding="application/x-tex">\beta</annotation></semantics></math>
</p>
</simpleChoice>
<simpleChoice identifier="vufgb-nhst-004-en-qti_957965856_section_1_item_1_schoice_4_7080224161">
<p>
 I: <math display="inline" xmlns="http://www.w3.org/1998/Math/MathML"><semantics><mi>β</mi><annotation encoding="application/x-tex">\beta</annotation></semantics></math>, II: <math display="inline" xmlns="http://www.w3.org/1998/Math/MathML"><semantics><mi>α</mi><annotation encoding="application/x-tex">\alpha</annotation></semantics></math>
</p>
</simpleChoice>
</choiceInteraction>
</itemBody>
<responseProcessing>
<responseCondition>
<responseIf>
<isNull>
<variable identifier="vufgb-nhst-004-en-qti_957965856_section_1_item_1_schoice_RESPONSE_1_4427081"/>
</isNull>
<setOutcomeValue identifier="SCORE_RESPONSE_1">
<sum>
<variable identifier="SCORE_RESPONSE_1"/>
<baseValue baseType="float">0</baseValue>
</sum>
</setOutcomeValue>
</responseIf>
</responseCondition>
<setOutcomeValue identifier="SCORE_RESPONSE_1">
<sum>
<variable identifier="SCORE_RESPONSE_1"/>
<mapResponse identifier="vufgb-nhst-004-en-qti_957965856_section_1_item_1_schoice_RESPONSE_1_4427081"/>
</sum>
</setOutcomeValue>
<responseCondition>
<responseIf>
<lt>
<variable identifier="SCORE_RESPONSE_1"/>
<variable identifier="MINSCORE_RESPONSE_1"/>
</lt>
<setOutcomeValue identifier="SCORE_RESPONSE_1">
<variable identifier="MINSCORE_RESPONSE_1"/>
</setOutcomeValue>
</responseIf>
</responseCondition>
<setOutcomeValue identifier="SCORE">
<sum>
<variable identifier="SCORE_RESPONSE_1"/>
</sum>
</setOutcomeValue>
<responseCondition>
<responseIf>
<lt>
<variable identifier="SCORE"/>
<variable identifier="MINSCORE"/>
</lt>
<setOutcomeValue identifier="SCORE">
<variable identifier="MINSCORE"/>
</setOutcomeValue>
</responseIf>
</responseCondition>
<responseCondition>
<responseIf>
<lt>
<variable identifier="SCORE"/>
<baseValue baseType="float">1</baseValue>
</lt>
<setOutcomeValue identifier="FEEDBACKMODAL">
<multiple>
<variable identifier="FEEDBACKMODAL"/>
<baseValue baseType="identifier">Feedback271302494</baseValue>
</multiple>
</setOutcomeValue>
</responseIf>
</responseCondition>
</responseProcessing>
<modalFeedback identifier="Feedback271302494" outcomeIdentifier="FEEDBACKMODAL" showHide="show">
 I: <math display="inline" xmlns="http://www.w3.org/1998/Math/MathML"><semantics><mrow><mn>1</mn><mo>−</mo><mi>β</mi></mrow><annotation encoding="application/x-tex">1-\beta</annotation></semantics></math>, II: <math display="inline" xmlns="http://www.w3.org/1998/Math/MathML"><semantics><mi>β</mi><annotation encoding="application/x-tex">\beta</annotation></semantics></math> <br /> Incorrect 
 I: <math display="inline" xmlns="http://www.w3.org/1998/Math/MathML"><semantics><mi>β</mi><annotation encoding="application/x-tex">\beta</annotation></semantics></math>, II: <math display="inline" xmlns="http://www.w3.org/1998/Math/MathML"><semantics><mrow><mn>1</mn><mo>−</mo><mi>β</mi></mrow><annotation encoding="application/x-tex">1-\beta</annotation></semantics></math> <br /> Correct 
 I: <math display="inline" xmlns="http://www.w3.org/1998/Math/MathML"><semantics><mi>α</mi><annotation encoding="application/x-tex">\alpha</annotation></semantics></math>, II: <math display="inline" xmlns="http://www.w3.org/1998/Math/MathML"><semantics><mi>β</mi><annotation encoding="application/x-tex">\beta</annotation></semantics></math> <br /> Incorrect 
 I: <math display="inline" xmlns="http://www.w3.org/1998/Math/MathML"><semantics><mi>β</mi><annotation encoding="application/x-tex">\beta</annotation></semantics></math>, II: <math display="inline" xmlns="http://www.w3.org/1998/Math/MathML"><semantics><mi>α</mi><annotation encoding="application/x-tex">\alpha</annotation></semantics></math> <br /> Incorrect 
</modalFeedback>
</assessmentItem>
