<?xml version="1.0" encoding="UTF-8"?>
<assessmentItem xsi:schemaLocation="http://www.imsglobal.org/xsd/imsqti_v2p1 http://www.imsglobal.org/xsd/qti/qtiv2p1/imsqti_v2p1p1.xsd http://www.w3.org/1998/Math/MathML http://www.w3.org/Math/XMLSchema/mathml2/mathml2.xsd" identifier="vufgb-standarddeviation-015-en-qti_666525736_section_1_item_1_schoice" title="1" adaptive="false" timeDependent="false" xmlns="http://www.imsglobal.org/xsd/imsqti_v2p1" xmlns:xsi="http://www.w3.org/2001/XMLSchema-instance">
<responseDeclaration identifier="vufgb-standarddeviation-015-en-qti_666525736_section_1_item_1_schoice_RESPONSE_1_5294942" cardinality="single" baseType="identifier">
<correctResponse>
<value>vufgb-standarddeviation-015-en-qti_666525736_section_1_item_1_schoice_2_8960044400</value>
</correctResponse>
<mapping defaultValue="0" lowerBound="0.0">
<mapEntry mapKey="vufgb-standarddeviation-015-en-qti_666525736_section_1_item_1_schoice_1_7948270520" mappedValue="0"/>
<mapEntry mapKey="vufgb-standarddeviation-015-en-qti_666525736_section_1_item_1_schoice_2_8960044400" mappedValue="1"/>
<mapEntry mapKey="vufgb-standarddeviation-015-en-qti_666525736_section_1_item_1_schoice_3_6386499184" mappedValue="0"/>
<mapEntry mapKey="vufgb-standarddeviation-015-en-qti_666525736_section_1_item_1_schoice_4_6469265300" mappedValue="0"/>
</mapping>
</responseDeclaration>
<outcomeDeclaration identifier="SCORE" cardinality="single" baseType="float" normalMaximum="1" normalMinimum="0">
<defaultValue>
<value>0.0</value>
</defaultValue>
</outcomeDeclaration>
<outcomeDeclaration identifier="MAXSCORE" cardinality="single" baseType="float">
<defaultValue>
<value>1</value>
</defaultValue>
</outcomeDeclaration>
<outcomeDeclaration identifier="FEEDBACKBASIC" cardinality="single" baseType="identifier" view="testConstructor">
<defaultValue>
<value>empty</value>
</defaultValue>
</outcomeDeclaration>
<outcomeDeclaration identifier="FEEDBACKMODAL" cardinality="multiple" baseType="identifier" view="testConstructor"/>
<outcomeDeclaration identifier="SOLUTIONMODAL" cardinality="single" baseType="identifier" view="testConstructor"/>
<outcomeDeclaration identifier="MINSCORE" cardinality="single" baseType="float">
<defaultValue>
<value baseType="float">0</value>
</defaultValue>
</outcomeDeclaration>
<outcomeDeclaration identifier="SCORE_RESPONSE_1" cardinality="single" baseType="float">
<defaultValue>
<value>0.0</value>
</defaultValue>
</outcomeDeclaration>
<outcomeDeclaration identifier="MINSCORE_RESPONSE_1" cardinality="single" baseType="float">
<defaultValue>
<value>0.0</value>
</defaultValue>
</outcomeDeclaration>
<itemBody>
<p>According to the empirical rule, what percent of the observations are at most one standard deviation away from the mean?</p>
<choiceInteraction responseIdentifier="vufgb-standarddeviation-015-en-qti_666525736_section_1_item_1_schoice_RESPONSE_1_5294942" shuffle="false" maxChoices="1">
<simpleChoice identifier="vufgb-standarddeviation-015-en-qti_666525736_section_1_item_1_schoice_1_7948270520">
<p>
 65%
</p>
</simpleChoice>
<simpleChoice identifier="vufgb-standarddeviation-015-en-qti_666525736_section_1_item_1_schoice_2_8960044400">
<p>
 68%
</p>
</simpleChoice>
<simpleChoice identifier="vufgb-standarddeviation-015-en-qti_666525736_section_1_item_1_schoice_3_6386499184">
<p>
 95%
</p>
</simpleChoice>
<simpleChoice identifier="vufgb-standarddeviation-015-en-qti_666525736_section_1_item_1_schoice_4_6469265300">
<p>
 99%
</p>
</simpleChoice>
</choiceInteraction>
</itemBody>
<responseProcessing>
<setOutcomeValue identifier="SCORE_RESPONSE_1">
<sum>
<variable identifier="SCORE_RESPONSE_1"/>
<mapResponse identifier="vufgb-standarddeviation-015-en-qti_666525736_section_1_item_1_schoice_RESPONSE_1_5294942"/>
</sum>
</setOutcomeValue>
<responseCondition>
<responseIf>
<lt>
<variable identifier="SCORE_RESPONSE_1"/>
<variable identifier="MINSCORE_RESPONSE_1"/>
</lt>
<setOutcomeValue identifier="SCORE_RESPONSE_1">
<variable identifier="MINSCORE_RESPONSE_1"/>
</setOutcomeValue>
</responseIf>
</responseCondition>
<responseCondition>
<responseIf>
<isNull>
<variable identifier="vufgb-standarddeviation-015-en-qti_666525736_section_1_item_1_schoice_RESPONSE_1_5294942"/>
</isNull>
<setOutcomeValue identifier="SCORE_RESPONSE_1">
<sum>
<variable identifier="SCORE_RESPONSE_1"/>
<baseValue baseType="float">0</baseValue>
</sum>
</setOutcomeValue>
</responseIf>
</responseCondition>
<setOutcomeValue identifier="SCORE">
<sum>
<variable identifier="SCORE_RESPONSE_1"/>
</sum>
</setOutcomeValue>
<responseCondition>
<responseIf>
<lt>
<variable identifier="SCORE"/>
<variable identifier="MINSCORE"/>
</lt>
<setOutcomeValue identifier="SCORE">
<variable identifier="MINSCORE"/>
</setOutcomeValue>
</responseIf>
</responseCondition>
<responseCondition>
<responseIf>
<lt>
<variable identifier="SCORE"/>
<baseValue baseType="float">1</baseValue>
</lt>
<setOutcomeValue identifier="FEEDBACKMODAL">
<multiple>
<variable identifier="FEEDBACKMODAL"/>
<baseValue baseType="identifier">Feedback167077128</baseValue>
</multiple>
</setOutcomeValue>
</responseIf>
</responseCondition>
</responseProcessing>
<modalFeedback identifier="Feedback167077128" outcomeIdentifier="FEEDBACKMODAL" showHide="show">
<ul>
<li> 65% <br /> Incorrect </li>
<li> 68% <br /> Correct </li>
<li> 95% <br /> Incorrect </li>
<li> 99% <br /> Incorrect </li>
</ul>
</modalFeedback>
</assessmentItem>
