<?xml version="1.0" encoding="utf-8" standalone="yes"?>
<assessmentItem identifier="uva-paired-samples-1841-en-tv_202510071723_item_1_schoice" title="uva-paired-samples-1841-en-tv_202510071723_item_1_schoice_uva-paired-samples-1841-en" adaptive="false" timeDependent="false" toolName="Testvision Online" toolVersion="39.0.9084" xmlns="http://www.imsglobal.org/xsd/imsqti_v2p1">
<responseDeclaration identifier="RESPONSE" cardinality="single" baseType="identifier">
<correctResponse>
<value>alt_207871</value>
</correctResponse>
<mapping defaultValue="0" lowerBound="0.0">
<mapEntry mapKey="alt_935423" mappedValue="-0.333333333333333"/>
<mapEntry mapKey="alt_207871" mappedValue="1"/>
<mapEntry mapKey="alt_281805" mappedValue="-0.333333333333333"/>
<mapEntry mapKey="alt_565734" mappedValue="-0.333333333333333"/>
</mapping>
</responseDeclaration>
<outcomeDeclaration identifier="SCORE" cardinality="single" baseType="float" normalMaximum="1" normalMinimum="0" />
<outcomeDeclaration identifier="FEEDBACK" cardinality="single" baseType="identifier" />
<stylesheet href="css/uva-paired-samples-1841-en-tv_202510071723_item_1_schoice.css" type="text/css" />
<itemBody>
<p>Of 14 subjects, before and after a given effort of force, the heart rate is measured. We want to test whether the average heart rate before and after the effort is equal. Of the 14 differences between pre- and post-measurement the mean is 17 and the standard deviation is 27. The value of the test size of the paired T test is then</p>
<choiceInteraction responseIdentifier="RESPONSE" shuffle="false" maxChoices="1">
<simpleChoice identifier="alt_935423">
<div class="textblock tvblock tvcss_1"><div class="rte_zone tveditor1">
 1.89
</div>
</div>
</simpleChoice>
<simpleChoice identifier="alt_207871">
<div class="textblock tvblock tvcss_1"><div class="rte_zone tveditor1">
 2.36
</div>
</div>
</simpleChoice>
<simpleChoice identifier="alt_281805">
<div class="textblock tvblock tvcss_1"><div class="rte_zone tveditor1">
 2.61
</div>
</div>
</simpleChoice>
<simpleChoice identifier="alt_565734">
<div class="textblock tvblock tvcss_1"><div class="rte_zone tveditor1">
 13.85
</div>
</div>
</simpleChoice>
</choiceInteraction>
</itemBody>
<responseProcessing>
<responseCondition>
<responseIf>
<isNull>
<variable identifier="RESPONSE"/>
</isNull>
<setOutcomeValue identifier="SCORE">
<baseValue baseType="float">0.0</baseValue>
</setOutcomeValue>
<setOutcomeValue identifier="FEEDBACK">
<baseValue baseType="identifier">FAILURE</baseValue>
</setOutcomeValue>
</responseIf>
<responseElse>
<setOutcomeValue identifier="SCORE">
<mapResponse identifier="RESPONSE"/>
</setOutcomeValue>
<responseCondition>
<responseIf>
<equal toleranceMode="relative" tolerance="0.001">
<variable identifier="SCORE"/>
<variable identifier="MAXSCORE"/>
</equal>
<setOutcomeValue identifier="FEEDBACK">
<baseValue baseType="identifier">ANSWER_CORRECT</baseValue>
</setOutcomeValue>
</responseIf>
<responseElse>
<setOutcomeValue identifier="FEEDBACK">
<baseValue baseType="identifier">FAILURE</baseValue>
</setOutcomeValue>
</responseElse>
</responseCondition>
</responseElse>
</responseCondition>
</responseProcessing>
<modalFeedback identifier="FAILURE" outcomeIdentifier="FEEDBACK" showHide="show">
<div class="textblock tvblock tvcss_1"><div class="rte_zone tveditor1">
<ul>
<li> 1.89 <br /> 1.89: Incorrect </li>
<li> 2.36 <br /> 2.36: Correct </li>
<li> 2.61 <br /> 2.61: Incorrect </li>
<li> 13.85 <br /> 13.85: Incorrect </li>
</ul>
</div>
</div>
</modalFeedback>
<modalFeedback identifier="ANSWER_CORRECT" outcomeIdentifier="FEEDBACK" showHide="show">
<div class="textblock tvblock tvcss_1"><div class="rte_zone tveditor1">
<ul>
<li> 1.89 <br /> 1.89: Incorrect </li>
<li> 2.36 <br /> 2.36: Correct </li>
<li> 2.61 <br /> 2.61: Incorrect </li>
<li> 13.85 <br /> 13.85: Incorrect </li>
</ul>
</div>
</div>
</modalFeedback>
<modalFeedback identifier="PARTIAL_CORRECT" outcomeIdentifier="FEEDBACK" showHide="show">
<div class="textblock tvblock tvcss_1"><div class="rte_zone tveditor1">
<ul>
<li> 1.89 <br /> 1.89: Incorrect </li>
<li> 2.36 <br /> 2.36: Correct </li>
<li> 2.61 <br /> 2.61: Incorrect </li>
<li> 13.85 <br /> 13.85: Incorrect </li>
</ul>
</div>
</div>
</modalFeedback>
</assessmentItem>
