<?xml version="1.0" encoding="UTF-8"?>
<!DOCTYPE questestinterop SYSTEM "ims_qtiasiv1p2p1.dtd">

<questestinterop xmlns="http://www.imsglobal.org/xsd/ims_qtiasiv1p2" xmlns:xsi="http://www.w3.org/2001/XMLSchema-instance" xsi:schemaLocation="http://www.imsglobal.org/xsd/ims_qtiasiv1p2 http://www.imsglobal.org/xsd/ims_qtiasiv1p2p1.xsd">
<assessment ident="uva-expected-value-739-nl-canvas_201425464" title="uva-expected-value-739-nl-canvas">

<qtimetadata>
<qtimetadatafield>
<fieldlabel>cc_maxattempts</fieldlabel>
<fieldentry>1</fieldentry>
</qtimetadatafield>
<qtimetadatafield>
<fieldlabel>qmd_assessmenttype</fieldlabel>
<fieldentry>Assessment</fieldentry>
</qtimetadatafield>
</qtimetadata>
<objectives>
<material>
<mattext><![CDATA[Please solve the following exercises.]]></mattext>
</material>
</objectives>
<assessmentcontrol feedbackswitch="No" hintswitch="No" solutionswitch="Yes"/>
<outcomes_processing scoremodel="SumOfScores">
<outcomes>
<decvar varname="SCORE" vartype="Decimal" cutvalue="0"/>
</outcomes>
</outcomes_processing>
<assessfeedback title="AssessmentFeedback" ident="AssessmentFeedback">
<flow_mat>
<material>
<mattext>##AssessmentFeedback##</mattext>
</material>
</flow_mat>
</assessfeedback>

<section ident="uva-expected-value-739-nl-canvas_201425464_section_1" title="Exercise">

<objectives>
<material>
<mattext><![CDATA[Please answer the following question.]]></mattext>
</material>
</objectives>
<selection_ordering>
<selection>
<selection_number>1</selection_number>
<selection_extension>
<points_per_item>1</points_per_item>
</selection_extension>
</selection>
<order order_type="Random"/>
</selection_ordering>

<item ident="uva-expected-value-739-nl-canvas_201425464_section_1_item_1_schoice" title="Question" maxattempts="1">
<itemcontrol feedbackswitch="No" hintswitch="No" solutionswitch="Yes"/>
<itemmetadata>
<qtimetadata>
<qtimetadatafield>
<fieldlabel>question_type</fieldlabel>
<fieldentry>multiple_choice_question</fieldentry>
</qtimetadatafield>
</qtimetadata>
</itemmetadata>
<presentation>
<flow>
<material>
<matbreak/>
<mattext texttype="text/html" charset="utf-8"><![CDATA[
<p>De Belgische staatsloterij werkt aan het eind van ieder jaar met loten
waarop zescijferige getallen vermeld staan. Men kan dus een getal kiezen
dat ligt tussen 000000 en 999999. Het winnende lot levert de winnaar €;
750.000 op. De kans dat men een winnend lot trekt, bij aanschaf van één
lot, is 0,000001. De kansverdeling voor X (= het geldbedrag dat men
ontvangt) ziet er als volgt uit:</p>
<table>
<tbody>
<tr class="odd">
<td align="left">Prijs <em>X</em></td>
<td align="left">€ 0</td>
<td align="left">€ 750.000</td>
</tr>
<tr class="even">
<td align="left">Kans</td>
<td align="left">0,999999</td>
<td align="left">0,000001</td>
</tr>
</tbody>
</table>
<p>Een lot kost dit jaar €; 2,50. Hoeveel euro incasseert de Belgische
staat op de lange termijn per lot? Kies uit onderstaande mogelijkheden.</p>
]]></mattext>
<matbreak/>
</material>
<response_lid ident="uva-expected-value-739-nl-canvas_201425464_section_1_item_1_schoice_RESPONSE_9399839" rcardinality="Single" rtiming="No">
<render_choice shuffle="No">
<flow_label class="List">
<response_label ident="uva-expected-value-739-nl-canvas_201425464_section_1_item_1_schoice_2779169802" rshuffle="No">
<material>
<mattext texttype="text/html" charset="utf-8"><![CDATA[
 € 0,75
]]></mattext>
</material>
</response_label>
</flow_label>
<flow_label class="List">
<response_label ident="uva-expected-value-739-nl-canvas_201425464_section_1_item_1_schoice_3671705575" rshuffle="No">
<material>
<mattext texttype="text/html" charset="utf-8"><![CDATA[
 € 1,25
]]></mattext>
</material>
</response_label>
</flow_label>
<flow_label class="List">
<response_label ident="uva-expected-value-739-nl-canvas_201425464_section_1_item_1_schoice_1034392526" rshuffle="No">
<material>
<mattext texttype="text/html" charset="utf-8"><![CDATA[
 € 1,75
]]></mattext>
</material>
</response_label>
</flow_label>
<flow_label class="List">
<response_label ident="uva-expected-value-739-nl-canvas_201425464_section_1_item_1_schoice_2179357322" rshuffle="No">
<material>
<mattext texttype="text/html" charset="utf-8"><![CDATA[
 € 1,95
]]></mattext>
</material>
</response_label>
</flow_label>
</render_choice>
</response_lid>
</flow>
</presentation>
<resprocessing>
<outcomes>
<decvar varname="SCORE" vartype="Decimal" defaultval="0" minvalue="0" maxvalue="1" cutvalue="1"/>
</outcomes>
<respcondition title="Mastery" continue="No">
<conditionvar>
<and>
<varequal respident="uva-expected-value-739-nl-canvas_201425464_section_1_item_1_schoice_RESPONSE_9399839" case="Yes">uva-expected-value-739-nl-canvas_201425464_section_1_item_1_schoice_1034392526</varequal>
<not> <varequal respident="uva-expected-value-739-nl-canvas_201425464_section_1_item_1_schoice_RESPONSE_9399839" case="Yes">uva-expected-value-739-nl-canvas_201425464_section_1_item_1_schoice_2779169802</varequal> </not>
<not> <varequal respident="uva-expected-value-739-nl-canvas_201425464_section_1_item_1_schoice_RESPONSE_9399839" case="Yes">uva-expected-value-739-nl-canvas_201425464_section_1_item_1_schoice_3671705575</varequal> </not>
<not> <varequal respident="uva-expected-value-739-nl-canvas_201425464_section_1_item_1_schoice_RESPONSE_9399839" case="Yes">uva-expected-value-739-nl-canvas_201425464_section_1_item_1_schoice_2179357322</varequal> </not>
</and>
</conditionvar>
<setvar varname="SCORE" action="Set">1</setvar>
<displayfeedback feedbacktype="Response" linkrefid="correct_fb"/>
</respcondition>
<respcondition continue="Yes">
<conditionvar>
<other/>
</conditionvar>
<displayfeedback feedbacktype="Response" linkrefid="general_incorrect_fb"/>
</respcondition>
</resprocessing>
<itemfeedback ident="correct_fb" view="All">
<flow_mat>
<material>
<mattext texttype="text/html"><![CDATA[
<ul>
<li> € 0,75 <br /> € 0,75: Incorrect </li>
<li> € 1,25 <br /> € 1,25: Incorrect </li>
<li> € 1,75 <br /> € 1,75: Correct </li>
<li> € 1,95 <br /> € 1,95: Incorrect </li>
</ul>
]]></mattext>
</material>
</flow_mat>
</itemfeedback>
<itemfeedback ident="general_incorrect_fb" view="All">
<flow_mat>
<material>
<mattext texttype="text/html"><![CDATA[
<ul>
<li> € 0,75 <br /> € 0,75: Incorrect </li>
<li> € 1,25 <br /> € 1,25: Incorrect </li>
<li> € 1,75 <br /> € 1,75: Correct </li>
<li> € 1,95 <br /> € 1,95: Incorrect </li>
</ul>
]]></mattext>
</material>
</flow_mat>
</itemfeedback>
</item>


</section>

</assessment>
</questestinterop>
