st;v41;v42;v43
443234;8,99801612713789;4,38453624646984;7,195019949737
443235;4,27202563191879;5,7360008055831;10
443236;4,01570088898392;2,98391720945142;5,352514822083
443237;5,10389870923211;5,40126660404195;5,09204443056277
443238;8,4871201958355;6,25485471753876;4,24796715727125
443239;5,2582611131085;6,28087629544439;4,46761671325803
443240;5,52800734502575;6,91228588882786;8,69053699295146
443241;7,11342877853271;5,19148857309519;6,66783560815975
443242;7,27171508399725;6,71497710412549;6,23028762824942
443243;2,82948139946657;7,00215060327389;7,37105098929284
443244;4,42463224503387;2,80613923226871;4,68070490373193
443245;6,62562499920691;6,73050535849074;8,10379658584104
443246;7,12811254407915;5,00213861565571;7,12972481585916
443247;7,1974317029137;9,05262786403634;7,28662027925987
443248;4,16992037981832;8,2798239751729;6,08767473737148
443249;6,9743487055088;5,39253851714332;9,26949554542776
443250;4,99017929626937;8,13487099601756;6,99400577396979
443251;4,47514296346507;8,27989429145789;7,45502600715677
443252;3,83465440855476;6,05114354548343;6,97385298921663
443253;4,36369995425212;6,73716461127903;8,6720274751904
443254;3,76465998010491;6,31462770121089;9,7072733118941
443255;2,9156756776685;8,6936462566459;6,02757805335452
443256;6,29717926661258;5,36379787774175;4,78106460080342
443257;2,85378880594311;4,73934331423053;6,11681935023553
443258;9,73746244801607;3,25867649516428;2,37380346144419
443259;5,25262378376571;7,99841272313269;6,83011536467005
443260;4,98765515558679;8,40936085929066;4,62145372209613
443261;6,4876981596588;3,04890129184875;3,81221389939079
443262;6,74387724458708;,5473327140331;8,37234316005471
443263;6,12573944317304;6,30995397938109;8,21752670444297
443264;6,31659252015928;4,32217754544547;3,88096690707751
443265;8,73775479069166;2,60699947706807;7,38698588445676
443266;6,5612701361076;8,78966016781714;5,80909598103571
443267;5,51317473890938;4,72276966460715;6,40688813293994
443268;3,49064387314669;6,60480172834074;6,70993364607741
443269;10;,287859113942514;5,04963891484007
443270;5,54522694432701;7,40315845807815;8,74593330697576
443271;7,42332573730617;2,64340543730549;5,26587701451797
443272;4,06309663980715;5,04273061311223;6,85740894244559
443273;4,30103552924762;8,39604489033052;4,05641993944517
443274;8,36643980840748;9,81085362725584;3,15578902893753
443275;6,9710000303237;2,5742044192371;7,24746638967974
443276;5,96263388219102;6,61465370882525;5,46441812454488
443277;4,82259461535083;5,7071520544909;7,99059326914311
443278;5,19336274430773;6,51199898706717;6,82872104865307
443279;6,88797688621995;4,22131108437993;6,11364454208205
443280;7,85225649625262;6,43405163113458;7,56636864643939
443281;8,4475014985798;9,05442194597018;8,0559751146426
443282;8,23615832532922;6,69820274132173;5,2248924877123
443283;7,39277419242445;4,88898368505385;3,43664950019015
443284;5,6665618299256;3,77672839612859;6,21371879297507
443285;5,38540718379444;9,07223962360449;4,22327323461694
443286;4,32447660186762;9,11237129295973;5,48474935722616
443287;3,68260312630129;5,14527124174121;4,48130648197402
443288;8,14914274362663;5,64438395879392;6,57323088328349
443289;9,6665079573818;8,3718919129358;6,66695346400682
443290;4,08897587009494;5,69496384666176;8,81661821047699
443291;9,3920444468453;4,83099268851142;5,38413611476973
443292;3,45700046567959;6,3056913660861;1,47098964399499
443293;4,77061325644118;6,27221131638762;4,23294796738227
443294;1,54362169571348;7,14669315412632;7,50386143112867
443295;0;2,25137218606981;10
443296;5,07931307180574;6,44351230765715;3,02147698619443
443297;9,98687984772763;7,77281301648711;6,39656938447131
443298;5,15310667283572;3,03618022691985;4,65381756678161
443299;2,85462271897136;6,55068112095001;5,85247650903082
443300;6,13064137782588;2,54104404355769;5,92307826466398
443301;8,27053646954854;7,61938976339435;4,55513270399216
443302;5,30531755209157;2,14005543273418;5,07562717038748
443303;6,55409670243318;4,45384799916583;3,62075671576936
443304;6,63182490757324;9,95685124057463;7,63876233020803
443305;9,34904094611283;7,68044382580367;9,66421537854383
443306;6,09227686409941;5,05516789864788;4,2208534959388
443307;7,72923935460199;5,57597040307659;3,7787794668991
443308;5,5986336464409;5,38531777241012;2,8030525804394
443309;6,70266207107471;7,56085013974724;7,22741976941792
443310;9,09498666638769;5,161366574048;5,7609769560818
443311;4,87109016742741;2,80643596758913;8,41867423775175
443312;9,86670057630107;7,0308531671268;7,58278233910737
443313;10;7,91392430645778;3,35591669947908
443314;2,54781864250628;10;5,90286212521856
443315;6,3271510042763;7,73746192702507;3,18892935997919
443316;6,78330447751267;8,34766395153321;8,61181132352471
443317;8,73158975031969;5,33695649132866;4,38828527019755
443318;9,83225787712284;3,01892179208576;8,17607356923276
443319;1,94177700897275;9,26537354195902;7,69194207318382
443320;5,39369955002187;7,07201914925501;7,51411535800868
443321;3,7891487952712;6,77880022406724;7,36398039272505
443322;7,20979888554893;3,97022796583516;1,5085124596567
443323;6,30264011734756;5,22009529472685;6,50103541199541
443324;4,04116728376543;5,58037270196448;7,85270078428242
443325;7,76324324555829;1,76593092018224;7,99056369562752
443326;4,94697913348866;7,53566446333295;5,77599813313278
443327;5,91267380453362;7,98469682011475;2,9952753412383
443328;6,90972744743208;5,34681443985378;6,48945105716556
443329;8,44679346135019;5,82714845688597;6,64136939542192
443330;8,72754161330884;3,23604090229294;7,6125585333133
443331;8,32290175728292;3,81692962155376;3,09591679019187
443332;5,00955276424662;7,52826662936107;8,26170357678543
443333;5,08091517598707;4,58795128458145;6,39026412490066
443334;7,81186774074315;4,15847612657176;9,15106051772704
443335;4,60823817791754;4,74459689695134;6,57123182047756
443336;8,95690319732661;5,1547517561293;4,88651440282353
443337;6,58582762045513;7,11545951779564;7,07153985428679
443338;5,38142022105492;8,71730802699566;6,867725457075
443339;5,31034655613965;3,86767918117677;3,81084759643886
443340;6,38077048893778;4,52790747945954;4,87308181358506
443341;5,16888964925112;6,95013508983671;9,16218294560208
443342;6,34178009714006;6,73139165033181;5,64083422643365
443343;4,33912508587523;7,08951265851153;4,69925324380112
443344;10;7,26728030669634;6,15361513414066
443345;4,58959928117814;7,99066991086136;3,58336517709273
443346;3,51695399653196;5,93935107535122;6,07731187867058
443347;2,46449491543178;3,64103472693698;8,90825682887538
443348;5,4350272095223;2,49775851752791;10
443349;5,79335589241741;6,46306883454517;8,39081958348337
443350;9,28913104530525;4,28704921430371;7,29079666005595
443351;8,11902097130417;,818080088481266;10
443352;4,58342745489296;6,07404801390635;7,14590122016028
443353;7,56855620763437;6,48659839420171;5,03982400295422
443354;8,65300015240348;3,80787151824031;4,80294220484593
443355;3,18638040296959;7,19910616629078;2,14755104374558
443356;4,78459675427794;3,89382099309753;6,84294372083055
443357;7,8623742256251;3,93549213207875;4,91353927168385
443358;6,92984103658396;5,76556555560441;5,63435764072481
443359;3,58755115781304;8,11411297112099;7,21704585479672
443360;8,16282499075242;4,26144097340313;7,70876283336191
443361;10;4,34709956086153;8,77814802572907
443362;5,84888445231295;2,70412439203911;6,61207136042604
443363;8,03114354354915;7,56335487949863;6,94429446731102
443364;7,95074059250111;6,75217665741106;4,29289148928477
443365;7,00162499986669;,379243168594846;5,16248758274568
443366;3,60448334378405;7,59238083156179;2,74151101533277
443367;6,08057859629013;10;5,66735886623894
443368;6,33682995287083;4,53194173997541;4,9423767867638
443369;2,14086491759583;5,87645511675131;3,88548996474169
443370;8,75448849070915;6,91002387854825;6,83790890203808
443371;8,02165097963091;5,32691493374038;6,82858599737495
443372;0;3,98508635845511;8,64902983849476
443373;5,85586032711616;6,31293415584375;2,85974771710399
443374;6,76695061199234;3,33915478361857;4,33067237451076
443375;3,43384235860617;5,50021449428823;3,77089811594093
443376;6,23849878372847;7,00452798693239;6,46754915419145
443377;4,77894655120807;4,93148981065632;8,7140321847536
443378;8,12924097693601;4,84287573897023;6,22167932226203
443379;5,31280344478732;7,62525347397838;6,85529509978174
443380;6,32362765532718;3,4307024142806;7,28585543555945
443381;6,00911974903834;6,22898839156283;8,38618204733873
443382;3,75677802234334;6,37441808372655;3,54791707548175
443383;3,50336962362043;1,78339378233016;4,54712519053767
443384;6,15540571003075;4,67265841149298;4,50197447939372
443385;7,49851747569333;2,08945914110669;5,91449661162414
443386;7,97068409557099;3,68775007351699;3,07167255170328
443387;5,90001996211312;7,5117647178875;7,36584086325267
443388;7,25761115938932;4,19993376948083;6,72374096865092
443389;5,35196477620537;6,26104929937705;7,11646607341122
443390;5,17274304819081;7,28597889486658;4,80116225953989
443391;5,39548218255886;6,04955197707223;5,19003095169455
443392;2,88194250941198;6,14450189523375;7,2696227449377
443393;6,33408731650882;4,83018918246916;8,76808098883731
443394;9,81203566291567;3,37524112325521;7,437824492127
443395;1,72945716836314;6,881832839851;9,59988153373963
443396;8,54944426881494;4,7575853033328;4,29478988200712
443397;6,29910201168482;6,56407900883047;7,59430268569335
443398;5,44221018541471;3,32693466159801;3,652223832837
443399;7,10252500136795;5,15667382102735;5,11481622823066
443400;7,31973107091572;4,82668523800403;10
443401;7,15843145546233;1,63402122013549;7,22510909451667
443402;5,64280893838032;8,41304830615552;5,53631311952564
443403;3,98327386969814;2,90392702071203;2,80039951299051
443404;7,4386669886621;7,11744025632292;5,22379941075732
443405;7,63279778445242;5,84541728569782;5,5965012247182
443406;6,48448153508519;5,86013233844889;6,3490926883274
443407;4,87944835540794;3,57377590505761;8,61288750590521
443408;5,07871528666725;8,15711953255073;5,35987702624425
443409;4,14202446930043;6,94779818231789;7,77071305972184
443410;2,4146627740481;5,01926089394349;1,91478462041299
443411;3,31226851102982;3,7650494594325;5,31919845692895
443412;4,91514208743436;9,45474808346802;5,76240821413923
443413;9,10059507793503;2,24083955472257;7,88885495957217
443414;4,00825476540022;4,74701445653856;5,25573795432226
443415;5,96967677901399;,611636292820239;4,48697285362604
443416;6,48135536487305;7,13136875367958;3,87892946213049
443417;5,82412400110877;4,37581779505477;3,74827855347836
443418;5,74762981474117;6,37314608662367;4,33836819601899
443419;2,84922375591682;3,72066335865189;5,51686927878555
443420;6,01188490232868;6,76130491441075;7,70945484691053
443421;5,69869650814089;3,48040888718546;5,32603509935783
443422;4,6521829632795;4,64186243013923;6,54741999545884
443423;6,37067693261535;4,20187579903349;4,04552955197557
443424;4,74079260713442;6,85822847604765;4,54779386524103
443425;7,50846873917503;5,25096212607162;7,93111467224145
443426;3,23732253644386;7,04836342025892;9,57897210716587
443427;5,93885156381401;9,31491923705747;2,26855099847153
443428;5,13900992987519;7,14539441352771;1,9969005403718
443429;5,71278265530065;6,74703749851731;5,30605330758558
443430;6,69830622280628;4,70499770411527;8,93345555504204
443431;5,33461071920469;2,61622245191018;4,81507587350928
443432;6,23386033003964;5,13278305107464;6,05569504168084
443433;5,725650033756;3,65978563388938;5,96708690468499
443434;7,70866886640206;6,83246543265666;3,99740628612567
443435;1,33957215680688;4,83891952327494;9,15395760835309
443436;5,13150279221733;2,96532936022983;,31140405428898
443437;7,88827907443805;1,84820177019797;3,42166262446601
443438;6,853412798874;2,80476296032963;5,28300081150297
443439;4,60918322331326;3,00813511521363;3,37714728042387
443440;3,4156703722955;3,89659722904618;7,83217960020046
443441;3,89286819671009;3,61040034267651;7,92930164850603
443442;4,08020609350756;4,23260709241577;6,50644243697371
443443;4,29258641356655;5,34809281582434;6,29927425662917
443444;6,81988291096752;5,05112384917907;9,01804530851914
443445;8,34915867499732;3,1302140530577;10
443446;6,16891903799083;4,38211126517034;6,8090157541314
443447;6,59026292719537;6,43374864774598;9,73072077932389
443448;5,84139129120115;3,34523497093114;3,39670622112762
443449;8,53326617738963;6,01329613159213;7,30887355033208
443450;5,30209814017821;5,98529605702732;4,83105512558269
443451;6,99928387452496;3,49293738651915;7,86118329433885
443452;5,97027573106877;5,47838256081308;4,49968243553671
443453;7,44035661312356;4,16104335413692;6,52361581876169
443454;4,00793479140106;6,01368700872718;6,95741688478568
443455;7,32157275137491;4,7039843828994;6,84919426752492
443456;4,04794967366845;6,18786335886082;5,80277735839247
443457;5,12922298417445;7,62967370384155;6,60312711006137
443458;4,9341085210296;3,15641346417461;6,37554682497023
443459;8,29346060253054;1,88556941977107;6,72976691016543
443460;3,59795687978905;6,62088443099425;7,39476299126942
443461;4,65816565477016;4,89566918588062;6,51464800300018
443462;9,62086656095688;4,42224252765118;7,56608795534719
443463;7,79543066265484;3,79834827386311;6,91750317245323
443464;4,28109548029382;2,67983441628244;5,64078390148355
443465;7,95369612330387;2,97055186246053;3,47556400780886
443466;4,96100014236127;5,76725738055472;5,56694903086392
443467;9,1689824409975;6,62064241493158;4,81081204654978
443468;6,41263188401142;8,92586262145742;4,76662459174669
443469;10;7,13397194957011;8,7205141318151
443470;6,86874271402733;3,73733912530272;7,94749929403895
443471;6,2249467401237;9,11517046754932;8,27507098925827
443472;8,73671567679437;7,41002528809077;5,26450934466304
443473;6,47200700097438;7,52147087792896;2,00777845652234
443474;4,11065618845059;5,14236030124275;5,02673189925771
443475;5,75282127824147;2,95991873450931;7,06278096681019
443476;10;6,23486510970424;6,98697366626424
443477;8,25002126083469;6,47745715169107;6,29635019985079
443478;6,06706056064446;5,19701488551482;8,7527895759441
443479;7,23074209329935;3,15312296914884;2,45347279596579
443480;6,82800087011837;4,75328569486767;5,35299268600786
443481;6,584397449504;5,77389639729622;7,26227788472767
443482;7,36710467064683;6,26206760842153;8,93212720084968
443483;8,24067291700396;4,65733255770572;6,41088342434837
443484;6,10919840769459;5,66716779926417;5,64196348119903
443485;1,24759108475592;5,17973980018614;4,81208982227158
443486;4,88094779584679;4,47452630989427;7,82059189190531
443487;8,07036546232992;8,6224017255388;10
443488;5,09763845356795;3,10523489778267;8,14544402602397
443489;6,87489110378926;6,70972002721044;8,93719221997136
443490;7,58833677297701;4,35455047222941;7,11783511707012
443491;5,7611932743347;6,23697189951117;5,93667049086754
443492;6,17610430114076;4,21385302471502;5,03426608977885
443493;5,06844580301131;2,9592578081786;9,98400871619438
443494;1,77880769161036;5,00300441758165;8,12877284711288
443495;8,76931684308163;8,26341595717779;6,1153102475174
443496;3,42829093356386;6,13034885928252;6,6334701135462
443497;4,60422094809038;5,80973144533964;6,37232562605475
443498;6,7053278217041;1,79865945590253;5,88866385196604
443499;6,55142467060961;9,25629706280493;4,03600889173646
443500;4,03251218031482;3,18131824891524;5,2712947285626
443501;1,71006815900427;6,67419658464999;7,48431172599277
443502;8,72920935265442;6,32479916102593;6,95690246568455
443503;3,83743657252358;5,27091293079248;7,17455032499502
443504;6,0058044082505;0;4,90648130453844
443505;8,88563612766745;5,57283388362546;6,97463506359247
443506;8,52593380009128;3,96151566910727;6,97800020256787
443507;1,34771891402898;3,14622814656063;5,77749654655369
443508;6,60920901933914;1,38560557229711;7,93312091252986
443509;8,48270384697303;6,20054807511464;1,55743192442185
443510;5,02898196154888;6,10968442275776;7,45983890782717
443511;8,76704881807091;6,60609436082723;6,7491330796667
443512;6,04449719112152;9,54460152273534;5,3035495812811
443513;9,33710108233997;6,03126402397713;7,52768556806981
443514;7,49053435449373;8,33013647439574;6,05564723059754
443515;6,86477274839527;4,44579176467117;8,9667973326834
443516;3,58846659634281;6,67877315054294;7,18559893572076
443517;4,09185322946119;3,77377990028937;3,48137354585018
443518;4,05797612781481;6,44610458108654;8,44441502267599
443519;4,57842668408003;2,08842062740045;6,68971999376078
443520;1,82695344265173;5,31445607652453;3,54560453353753
443521;5,73789180743991;5,6758088637505;7,49150305717666
443522;5,4769908029075;3,76487849318959;6,392864360145
443523;4,37388789251178;7,4196175483775;4,54496129628124
443524;6,54743548714014;2,21395022394019;7,10525523842506
443525;6,62188608042816;,628397490480969;6,84613800016875
443526;1,32724555011469;6,57225063359856;9,57802881547962
443527;4,24136052944059;3,53697381978143;3,80332290799984
443528;5,21152505511441;10;7,46584099718947
443529;4,29145684407583;4,86171672020543;5,8914696682158
443530;8,70515835888571;4,74504696113801;6,59323914785362
443531;6,36228028233742;5,18908168256409;5,87388951889778
443532;3,77612288018176;6,311502257748;7,69639489056935
443533;5,54043768230879;3,45202813053444;4,32902723369017
443534;4,5125361189065;10;5,53043903313778
443535;5,87672972444507;4,46761454612797;8,91970949321991
443536;7,2825152572857;6,12757175639766;6,34737024294879
443537;7,1934595767555;6,75344362131502;6,15481509176661
443538;4,16143736956419;2,07551093917052;6,43009609823157
443539;,424730883227514;4,71636008763564;8,31534060294479
443540;4,55317800642959;3,12269814000926;2,67462949413128
443541;6,04543415481416;5,18596992222181;10
443542;5,74340406994269;1,45543812988492;7,24945436309956
443543;5,36430970102912;6,63732770379018;9,9796113838015
443544;4,66585651494013;4,10420886520985;5,32600499240963
443545;2,10020244539004;6,66007624282682;5,90182931942012
443546;3,1234570465158;4,98075707464505;6,16142941621541
443547;2,83613143210793;5,82027538606992;7,86554641769341
443548;3,12802188982757;4,78024955615074;8,55615156884735
443549;6,00087726770942;4,08920877982478;4,01562514999815
443550;7,24139183166701;6,21092701074166;5,39378811461196
443551;2,83854027633522;8,04727235271291;8,05078780249581
443552;4,92438231635039;5,5657480035238;9,32621027995071
443553;5,42069431187627;4,50799887790755;5,76882706646813
443554;7,83352176633514;7,64005720064344;7,81300663622924
443555;7,05576719148627;2,82643471006693;7,52045531215182
443556;2,86324592835623;9,84737217853053;10
443557;6,65899313619721;8,5883874122036;6,20379564284038
443558;7,17152421631854;7,01147905593625;7,12972981691248
443559;8,23549951950422;6,82857022442318;7,2062563373397
443560;4,75293759173545;7,19523179614502;6,92343052454261
443561;5,31776278610202;4,78858134481962;6,19788507464704
443562;2,81606820804202;2,37975634334865;9,50560897901883
443563;5,61218575674639;6,18557642463928;6,74577656928257
443564;9,76448865681813;5,50504639279911;3,97514048556671
443565;6,26348073974113;8,1482718712245;6,59436027410997
443566;4,87226789332461;4,34517000088041;6,93397212459707
443567;5,5528937055521;4,34531074022927;8,22922864642299
443568;8,13861758740997;2,56374621178484;4,55884954433838
443569;3,69048035636706;8,72513647237849;8,62476592210694
443570;1,76927831916855;,738062858817719;5,38261446928244
443571;7,83725631075874;6,99132014973082;3,99583594266637
443572;8,39823486813247;2,59964498137448;7,1800522851802
443573;7,59412251889676;4,70782430514989;6,67872902309171
443574;8,76750890454759;2,77404521005417;8,35235331302878
443575;5,45123128021787;2,44137816037707;6,06389008521961
443576;5,83686765089375;8,12609055025862;8,09135226528414
443577;9,41501088960187;7,3032830884625;4,65440234213044
443578;7,23075376930547;2,87694010733907;6,50981056316014
443579;8,64900674132044;3,28917666176783;7,13596403327572
443580;7,00452732426479;7,11791687329063;7,14629833880889
443581;6,03075380336337;2,51842044018586;5,20639311897262
443582;5,8546829345494;6,5139435438845;7,90077571222876
443583;7,50205737508597;6,63754766137282;6,57864800374943
443584;5,62426296555179;5,62506544040967;7,44658921430048
443585;4,68634675116054;5,97427821996838;8,11927028758491
443586;8,83004064557236;6,67075835538998;8,3200435939649
443587;6,31963739195611;2,32177386873406;7,77295361832482
443588;5,41173223414698;4,25316399748844;4,27105698185445
443589;1,81481257238849;4,89251330202366;8,94526758247682
443590;6,10182242030393;5,66548294257667;5,67298324804897
443591;7,16199864111304;7,42592773574612;4,3031831848324
443592;7,13959558872939;10;7,16628481175959
443593;5,43265077945321;3,91623117376801;6,3949049658981
443594;7,04366157613928;5,72908217741774;9,19571118646252
443595;4,63693359198249;3,71142297310013;4,32452241762822
443596;6,38759048087206;4,28999618304275;6,19114320745877
443597;5,10483996712359;5,54826004887886;8,61730702224383
443598;9,41533011017149;6,82341058577898;5,88555154490874
443599;3,40343565358534;4,76592372681861;8,89054971688329
443600;4,30908521913295;4,57476448551203;5,69538065911011
443601;4,16097330882125;4,23067959969522;5,79618007791479
443602;8,48932885376038;4,37349232763293;9,43847544614493
443603;4,7090693041414;4,57011354896924;2,25123016253461
443604;7,34429429740577;5,89863435056185;9,33265431154528
443605;9,43279663315001;4,82613681772931;6,9570320689568
443606;7,65570051239057;5,7448297624943;8,23969537586081
443607;2,48988908013711;3,18686331905276;6,61361813170299
443608;6,75149147281789;5,37238357841864;6,67217347899328
443609;4,96127248201959;5,59110916722002;4,53787766784049
443610;1,63149153623078;3,81449005023474;4,68588997729551
443611;8,96632937253562;7,39182180780323;5,1539174123376
443612;8,26010668203573;4,80843856116867;4,9588510333864
443613;6,44069913400765;5,66048463226997;,487210749800187
443614;8,96095307476451;2,74017819745625;5,85047872664785
443615;2,72126666415306;5,03851907158454;5,41378420414812
443616;2,69444902328647;4,21569383091444;7,39890306960604
443617;4,793923498842;2,88717979748249;9,16056487104263
443618;6,36356804711431;5,49502475967184;6,99214342288588
443619;6,49769969478774;3,1759941965555;4,1298146015895
443620;10;7,29816001448705;10
443621;9,84134261331592;5,17102040863723;7,43214517750148
443622;4,09082147063317;7,87848116900653;8,69705850913828
443623;8,23422211046322;4,53923561501365;3,62961810696442
443624;4,46142966919953;3,95745687632272;8,64924571520543
443625;7,13650890093163;6,03517195518717;9,7395756756581
443626;3,68530837251855;9,37049412107199;8,63258518969841
443627;3,76538598815706;4,60953396037359;8,35905108999501
443628;8,88244786967271;4,8198654261617;3,23891074257164
443629;5,23041957529321;7,48852922615747;7,67823474034653
443630;8,77786600198012;4,93127352063207;5,70711500196591
443631;7,96574685269903;3,16983666460674;1,97915786317958
443632;4,23157053007525;8,37706175626838;5,68541259844995
443633;4,09032880324648;6,95170163917941;6,48290758921986
443634;5,14002797890231;1,7663784170838;8,34077981137163
443635;7,5141511878109;8,50378365550015;4,35703651702709
443636;5,2915790319853;6,23786480615896;8,56500596269254
443637;1,24334748481776;2,25024987294468;7,50603990873457
443638;8,58090101013647;4,7647002703234;7,23122649142781
443639;6,97160320993431;1,89006329997402;8,65567979115298
443640;9,1195316545411;4,90924259439337;7,62329787070206
443641;5,53175328548561;6,14709364190061;6,38309448534283
443642;5,92445979260976;5,71818051391546;6,13492595478697
443643;8,74289518051222;6,71132098945251;7,28489791403756
443644;6,95743148290819;4,97754865195127;7,99789341568747
443645;3,33306937913357;4,76241031356401;4,52194628228403
443646;4,10174174499631;6,38607536598417;4,37007051399278
443647;5,98537770664112;6,29356035814659;7,19969319816485
443648;6,34265352593306;4,59247823249422;5,40124355474331
443649;3,89940918413935;4,25108207557063;8,0954034096894
443650;7,16422808388051;6,69370778079593;4,27600049280483
443651;3,89063772042778;9,48009268602613;6,82770722735496
443652;6,96386966658118;6,22229796282265;7,56943370925408
443653;4,82224464106691;2,8514765465301;6,88423873944804
443654;5,60985689763801;5,86335075002461;3,95635195694595
443655;4,27260441490146;3,91232457616835;5,71634082412071
443656;9,4619003038281;5,42168439013151;2,34213622045926
443657;5,30010550422716;9,69539439960439;4,33762872471096
443658;6,0425226808831;3,42579843243511;7,71062511107503
443659;5,07405089372857;5,54792571152719;5,72473964153714
443660;7,23834144558278;4,19891545376627;4,4798774979494
443661;6,62879201885188;5,00986905996632;8,06375545077269
443662;5,49950786820623;7,63844325370419;8,83139146339762
443663;6,47461609153472;6,93121737761196;4,18078179902736
443664;3,93669011361009;4,48596695805899;7,28934234278124
443665;7,88218296338013;5,91449734236766;5,07300300295007
443666;2,56063653615201;3,34731424563843;5,17506838824215
443667;5,04078573380098;9,09064245666631;7,76138904150299
443668;3,00411993668782;3,18305471086035;3,22708417842018
443669;7,98260317444354;5,23272097043975;4,55467109714309
443670;6,86430454663426;8,01831560337903;8,11964478091281
443671;4,20643595877861;6,71655023498227;9,54586884466515
443672;8,21393644824051;6,07156953356826;4,52353228941358
443673;3,96787026424232;4,70069811560263;7,06932530163437
443674;6,93617127508724;6,97709877114328;6,09749122304802
443675;0;8,31473343572289;4,59725311365234
443676;8,00017805590536;5,22077455850318;5,17694848342387
443677;8,87828246550199;5,65759597697627;1,84897093039787
443678;5,68299586059907;4,1757861400409;5,52855963147039
443679;4,44880179961012;3,6681668871845;4,97634845682081
443680;3,20017572472975;1,87712854592737;7,11889313519599
443681;7,48421971278683;6,48890827565299;4,00498424693629
443682;4,58433747888266;5,81946880593252;7,83205736593733
443683;8,27551829605473;4,2610301448959;3,18412560805024
443684;6,6886045904739;6,28917866874196;5,37874019380094
443685;1,6397737925439;9,15677973224796;7,49372132970784
443686;4,43497127826285;7,60943154466212;6,59019987772035
443687;8,11350658823796;2,78251429706509;6,26565208745412
443688;9,2195089497726;9,54593788630531;10
443689;3,9473863961514;7,19106537461346;5,67016826310526
443690;6,9437904053787;6,70022036829801;5,50447883079129
443691;8,2104911374419;3,17581130751379;9,03698249859868
443692;4,22040869976897;5,60071894499528;2,18490973465442
443693;10;2,79400399660019;5,73477849188425
443694;3,64100415069555;1,7749854560461;5,81051393587804
443695;8,35949964202771;3,12456574566694;4,51151832185149
443696;6,63535720516165;1,97616848422058;2,61827470293713
443697;3,01181596477836;5,25512760367086;6,08058465622111
443698;3,62682612885301;5,08658344386599;7,74396579038409
443699;5,51439695474072;5,42426537424579;5,57978876948965
443700;9,25349291609473;1,84630222384175;7,13742428466791
443701;8,50986665438687;3,25326926352919;4,97714590811153
443702;2,29153004936994;8,72822408041531;7,38667982030294
443703;4,87998599990539;5,40380559837195;5,7912166357179
443704;9,12856454541169;3,97077835987401;5,80981735465762
443705;6,98739121773226;6,4100646055316;6,27152578042317
443706;7,91583962064405;3,72694721803481;5,70075952879619
443707;4,7565515816349;5,13242348109672;5,4298092201699
443708;7,62002477453643;3,4961507370109;8,33442178233024
443709;8,93500940952139;8,30975084905937;6,99710823882903
443710;1,55615806873116;6,39227559457168;6,05971488554133
443711;5,10554370342656;5,78711196964573;7,00829052714436
443712;6,5214852737333;5,67323246303573;8,97203371807915
443713;6,93926855874348;3,13969500094275;5,69204848112338
443714;9,84193174967975;5,1927865334108;9,18756546092385
443715;9,26410219850608;5,70095760735514;7,15545399803263
443716;5,81968207956182;4,97948738079951;3,48754248044754
443717;7,67557779350302;4,16370585041257;6,16442755010275
443718;4,6297425555418;6,9718489160115;7,29089587288995
443719;6,416073693888;4,17774105320076;3,91647985394599
443720;5,202624821601;3,27682568951788;9,93569400481664
443721;6,01055246053655;3,53821045937274;6,5285825883433
443722;8,18329808967842;6,34231670378306;7,74424628675567
443723;7,42293533394323;5,01327582181431;6,70489060533718
443724;6,55149488011573;5,96023056161314;6,53717678432546
443725;3,29395434515421;4,07986994480395;7,57209893950891
443726;5,00043819446286;7,33277327309151;5,65358188389298
443727;9,57482592893555;5,14347679301114;7,41085493610311
443728;7,88483881816878;2,60208878703486;7,16004020852393
443729;6,3949042870991;4,91938004089341;6,45161261870929
443730;7,7767969362091;7,23703144491071;7,34493903449613
443731;6,56107725145617;6,54866353387872;5,32266541272084
443732;3,51338293666607;5,69219081809424;7,98369729953339
443733;4,01387761367088;5,31891856941405;5,39417520518171
443734;3,89602401531592;1,9073119658654;6,3086267682737
443735;6,15338892992274;3,50905327694379;6,43553913155567
443736;4,41744982519733;6,32563281523555;9,05730570949208
443737;4,95645828770153;2,05181673465233;4,51075895944958
443738;5,97365317274847;10;5,78978492432645
443739;7,72416598691663;6,66188502150134;2,89090146830912
443740;7,57297738435917;5,96514571277016;7,34304432654388
443741;9,40115491568914;2,20020250840195;5,47528616016671
443742;5,2614842191451;3,78526913309259;8,99522017844902
443743;4,06021884027386;5,72637917165205;7,38412020115436
443744;3,5490678433296;6,1362659155512;6,83702431060363
443745;9,93931433765593;4,97983600819063;6,54895521740332
443746;7,03481797877326;5,99623574915687;5,42217161224586
443747;4,17865586847672;8,72620397947722;4,90024531451323
443748;6,44638110257149;3,23815351564395;5,51167761036775
443749;5,68406273421411;4,80144188824044;8,75298372089282
443750;1,87925695705667;8,29363007395461;3,55445073452202
443751;4,14438569716182;5,38468431909951;4,83511067102339
443752;4,71130800904155;3,07706639085196;6,71281984080716
443753;4,46175139708131;4,75706274905257;3,47280680954796
443754;7,30062753639457;6,71484926790285;9,86098865265233
443755;6,40534576401589;4,81571931981154;6,64899479373407
443756;3,87441912527768;8,05159426994326;5,90731086161667
443757;6,011323018988;3,64852733454824;8,17177606114769
443758;4,08264409776369;8,36317994875997;5,73106953342755
443759;5,62859490819198;3,79373533938274;3,27268299993917
443760;5,0975263342607;6,68556923707988;3,68471778099241
443761;5,83966577184284;2,95391860562872;4,60161006886413
443762;5,67746115269435;5,8045554006871;3,91349496026656
443763;6,45326056164269;4,76303997937038;4,37334341827467
443764;8,38037120649512;7,89397357504999;7,92288493857621
443765;5,06016065178164;6,02297368487441;4,60665735055806
443766;5,1877152504926;8,59766891393335;5,48034697823967
443767;3,92330682903158;1,84969973028486;2,51123245901498
443768;5,12743622398559;3,17324092587035;3,8283963518311
443769;7,13855841642431;3,23049961298959;10
443770;4,98814961670339;4,69039587986923;8,14718524901525
443771;6,13430445238835;4,22095734004952;4,8788438406386
443772;6,21051812037544;6,31295103312079;9,33166422906588
443773;3,28113144366965;3,85953918949139;10
443774;5,06281149206139;8,9681297517895;4,32081579294638
443775;4,25588447032872;7,37189712915195;10
443776;5,37163807005559;5,1265369385929;4,55001995388577
443777;7,21422312291328;4,13532855521074;4,35014741574454
443778;6,43032811344736;5,36967667848527;3,30114871559225
443779;5,23278678325004;6,33124258040348;7,29648178867994
443780;6,446829693134;3,07019087942445;4,60145831373084
443781;3,53944330884073;5,16848978949348;4,38644859846156
443782;5,52850789424425;4,00487889322932;8,2307672292757
443783;3,4686765750732;5,23871519125267;6,22196576205036
443784;9,41674070333219;5,5265052199173;3,46890183237177
443785;6,671424020253;8,87131606216504;4,42422042154159
443786;7,90228010863649;8,82270211609045;4,26195338800786
443787;7,77322412251829;5,27964593232209;8,8955390917754
443788;9,12327414082716;2,75399244844531;6,9138139493212
443789;8,73719281391225;6,8033291484038;3,14186231197064
443790;6,49709526149218;5,35906570912289;6,57355990608847
443791;6,72800951824223;1,85477425154636;6,80729235522108
443792;3,73209995006358;6,34847133505855;5,09820971766969
443793;6,85704742693218;2,81129009788647;6,57314252941752
443794;5,10633842735044;2,83372898513633;6,85242890972702
443795;8,8942640047752;4,49275051493602;10
443796;8,12281322242744;6,31723581161696;5,85779151258475
443797;8,94394739174993;5,06074923059394;1,57805808331801
443798;5,91258282340962;2,52216015914238;8,07452326987586
443799;3,81943797305706;3,4821916525763;5,10513131982138
443800;5,70247693657417;9,42394205942517;4,38903789778917
443801;5,53544211937914;6,86783410613477;7,94787132691835
443802;6,33231463283332;6,74142723987949;4,86710873768318
443803;6,23536498503183;9,43109742901149;3,89737377143875
443804;1,33102993168632;5,00609329931363;7,83873301111045
443805;1,73142598409164;7,02640867174012;3,67702343991063
443806;6,44190775380611;4,85166073911854;5,56482242520308
443807;1,50581246638821;5,40688694494272;3,64855278311944
443808;7,46533139410116;8,77919198470765;3,07649464119329
443809;7,04271537043963;5,7313856639438;5,21189967220597
443810;4,65425307578974;3,70643397597725;5,99802101847094
443811;3,25945935387411;5,11301943637984;10
443812;7,2880889049955;5,87475903744943;7,78538357345816
443813;3,03854052408316;4,67991039051682;6,1693726547963
443814;8,31182105911706;3,17182061045744;6,38356116000366
443815;4,0833978256286;4,03448520615029;10
443816;6,71170587112401;4,37831139217492;5,69087985066478
443817;7,16540258905643;5,89920905020237;6,44317411877631
443818;10;4,98632680047897;7,81466444655037
443819;5,9656366372839;10;4,83538860866321
443820;10;7,27122001191082;7,5179079891529
443821;4,33252251753114;8,25608244631351;7,15791910770024
443822;6,06740145955772;2,54818707030384;6,75439201028457
443823;7,35039817696199;2,99120436957414;5,82936321898643
443824;6,12444276971956;9,99292651331333;7,31021405393251
443825;6,52984828951844;6,42405351021673;6,41501236683927
443826;5,17891980122738;9,45774948488259;10
443827;7,33662760943603;4,41065032439761;5,1136145834228
443828;8,64675165934093;6,30758785841512;7,11857706876238
443829;2,65864043464307;2,05389900329845;4,21979862371798
443830;5,73858282737867;7,41133763188456;5,07604903474708
443831;5,19890533597261;3,86791072137384;3,36698976927587
443832;5,06036701962469;6,58422725253441;9,28403041649374
443833;7,66965237521506;2,82521910205316;6,27474455879514
443834;5,63633704155257;8,52239503682593;5,5475008349132
443835;7,4370964851788;5,68447675915052;8,51631820625416
443836;3,33247708874917;6,12480997718254;6,50648009230782
443837;6,28596304376665;2,51984611016591;8,36299090193064
443838;4,60035461974272;1,7112182290639;4,3453839797581
443839;8,23783481338508;4,87891643483523;5,52727924838534
443840;5,96366001297894;5,76328862847174;8,97244770727702
443841;6,07587060665701;7,68456923062169;5,31418583001796
443842;5,04414543144058;3,73461194066673;7,40596549764437
443843;5,21841553669784;4,87784500010303;8,1089501253496
443844;6,87420539184257;3,92494665775138;4,85384489407312
443845;8,9572195572434;7,89428064615381;2,63241436920342
443846;10;5,48107545090775;8,3851620405825
443847;2,19624382958137;6,75410907714842;7,01459411960103
443848;7,93653619791177;3,71560747504697;5,26816023635162
443849;4,80204414516608;5,95660492911565;8,68471555879164
443850;9,28883252953736;5,18387225670833;7,11256785111325
443851;6,77672355421957;4,19662965142282;7,66744262892412
443852;1,80591151655847;1,26096587506845;5,9895292394963
443853;8,72467915739779;2,60493575269753;4,93187266862158
443854;5,4942602936619;6,16240580503369;4,2206689918137
443855;7,30066200593644;7,65050125557169;6,29931720661523
443856;7,38382031416706;6,01202034952924;9,79825211757522
443857;1,36965401348335;6,91294130717978;6,07510046687175
443858;6,69772192091713;5,09491503231726;8,43107795555304
443859;4,34096145757342;3,73670393156506;10
443860;6,08553871788783;,984405790174617;7,14518485431948
443861;7,4469694971254;5,20640382543109;4,76805474964558
443862;4,78092009550888;5,22363663433556;7,83542965982213
443863;3,70578131136282;6,33414140472879;6,3708886600318
443864;6,4242437651065;5,49849835706618;7,87957101728868
443865;6,18428978250905;6,49432945042606;6,41426983485074
443866;4,59881711054072;7,11940519105073;7,92098511138475
443867;3,88720980694095;4,07160144424205;9,72160180189234
443868;4,14458466857212;6,23735649095079;1,3488664727298
443869;5,62219383998133;6,36948715302155;5,66040876416465
443870;5,23798203918537;5,50304719003711;5,73946200933706
443871;6,58484839356775;4,96955106740579;7,75310943833028
443872;7,2600461696489;6,97938878840703;8,32232194130874
443873;6,85273396847919;3,548634759437;7,3881693183772
443874;4,83319316867541;4,91150223076225;4,4641914536518
443875;5,02279843020419;3,68380462692891;5,52169626939324
443876;6,11519945008646;3,97448784520868;5,24935787082547
443877;3,63466234940422;3,99862011107388;6,24955424128054
443878;5,98321506618508;5,89876608112532;7,74836175933738
443879;9,25393612535209;5,7757897421593;5,19474354919306
443880;4,69946507442309;3,57587628459778;6,05981172786934
443881;6,40215530564774;6,31794064146543;4,74401173496965
443882;3,08367741864734;3,87402997212456;7,27910277919604
443883;10;3,43871536907088;8,84229200655867
443884;7,90707144435448;5,89393212886717;8,33477004292513
443885;10;4,42796392538427;4,18598305629594
443886;5,55161729017869;2,80769689282961;6,05693363921022
443887;6,60530350194482;6,75582474584499;7,84708381739914
443888;5,11003636335264;3,97596414420406;10
443889;7,28580575892381;3,34413590080752;6,1110157869049
443890;4,54699712235315;4,89549119801432;5,7252316621
443891;6,64563609774958;5,81597653758896;8,8140942062554
443892;2,12323894435651;7,53508091487333;5,75897962714829
443893;8,2128589054539;7,26846951555507;8,08712682058118
443894;7,49665826534756;5,49720067005035;4,7719111554664
443895;4,87339342469426;4,48079842810516;3,38768949400953
443896;6,07384491097146;3,58974020037297;4,79714422947724
443897;5,8465471114126;6,9702291824165;3,86408035165343
443898;2,89022768053642;4,81565633847016;6,43749253029114
443899;8,30358593291514;5,12184135826979;6,37443444742418
443900;5,11229177210796;1,85011288589687;5,4321573769834
443901;5,21540051886338;5,04825848598241;6,438918460404
443902;4,90838235280518;9,34388897605534;7,40945757267129
443903;4,81083389307814;4,94065078454221;10
443904;4,05860433989179;2,57337524730251;10
443905;7,761338191281;4,88228533457687;6,90841434199031
443906;5,01696614683858;5,6428314195208;8,99989444705157
443907;4,86108012371077;4,90739686712377;8,63918999419363
443908;5,49644848684993;5,25263163263998;9,15276194492598
443909;2,60832070035453;7,66472955822989;5,18677695848448
443910;4,07729137878728;7,74302406787173;6,12756387062931
443911;5,1399196470993;3,46325752980639;6,4977499915092
443912;5,63453034209988;5,28203499859907;8,36918838319882
443913;4,3150276680519;7,27281240051001;3,72376448584877
443914;6,1713217007352;5,69105566865906;8,55057502900648
443915;5,17285140319671;4,18524267560312;7,41362505738501
443916;6,76973803059266;1,76116635062987;6,86307254004028
443917;6,29118811983707;10;7,62917419748377
443918;6,27706096983283;5,89694711996362;4,93312438508995
443919;7,78997709367606;4,26658828485372;5,77764071328062
443920;5,70723809864324;6,44720121918682;3,97674265644876
443921;7,1637954903187;7,23911472050683;8,23752367314336
443922;6,63048139663611;5,74171281427897;4,1055677091626
443923;8,35762560153982;8,06173440029716;8,25184600172663
443924;4,73111110615073;6,69300030829994;3,02085574905033
443925;5,38727921722557;5,81580555139355;7,79683661995239
443926;7,7537232152323;4,82399952978765;8,46392839941808
443927;4,81283597656091;6,81216521370705;6,60215884582396
443928;8,04077279239368;8,94467097509212;7,65164579243273
443929;,845131668314717;1,88806281690451;8,81862106078717
443930;3,78612224805677;5,76085744585227;5,70838898351339
443931;7,30813083318761;5,86564191372072;5,73820706031974
443932;4,81787014180176;8,9692685820655;8,45410692608609
443933;4,72878244053216;5,35988429848141;7,35850317819313
443934;5,52833010642239;3,42526286848067;8,67723010608977
443935;3,97301036736522;7,14753948336553;6,8338699566801
443936;1,47339495292721;5,98249964970955;4,46488239533903
443937;5,44059399135382;5,93555698374983;5,45762790605519
443938;3,99667896626045;7,38535169688731;7,17944269747739
443939;4,4061532810004;3,31903551323917;7,11354216297821
443940;4,13933326638768;6,22360814614802;4,95386669295569
443941;4,81127811891746;4,98028998661292;5,92016960463752
443942;7,17452158773828;3,73567513263015;9,90056958785277
443943;7,63885507314449;7,42683540577758;6,72223431999983
443944;4,52802765145912;7,26476782512693;8,15305384743453
443945;5,73236484135321;7,86937857532442;5,9030901912423
443946;6,47813062507283;8,14002578921108;5,2411682284289
443947;9,9943697280875;2,85113420728532;7,60258275565567
443948;4,94294517306832;5,45246827571119;6,10196899280132
443949;4,65468030132883;4,52303091071895;6,8550795861584
443950;4,61374309886435;6,48851131381369;2,26742664488155
443951;9,03605007756134;4,39002222293675;9,94404721836642
443952;8,840135228855;6,84495205626033;2,45874413642475
443953;4,96663506326201;3,1709259900629;7,29500692064565
443954;4,39834191293905;3,23045532939317;4,80298608071756
443955;4,50178705752122;4,88270143755266;7,58203916708052
443956;4,74128167377889;3,78347067007582;5,35393482411797
443957;7,75031628392214;2,05609330454088;4,00979498046819
443958;,0836878733649881;,467322561110378;4,96590385923382
443959;4,72168147688336;4,88469119353488;6,2204448165743
443960;7,28364953990012;6,17255707586277;6,43950121228079
443961;7,45582086597273;7,11519671027802;3,45459023960307
443962;4,56002675163376;4,50219590804017;10
443963;9,05771000455093;8,23727718678417;4,68910612840945
443964;7,94470055437924;7,52449201721568;6,29646002523045
443965;2,47477344795126;2,50986718701754;7,09953288551401
443966;6,76783723722157;2,97198901513005;6,93043412565549
443967;5,68256304698259;7,25157729021294;8,24257304193493
443968;4,22139445458373;5,53273039420252;5,27519585159155
443969;4,31669483394444;2,92515708817671;5,38390985960825
443970;2,21962476161805;5,83525127924455;9,008393947834
443971;9,1099702613599;4,12601910705893;5,30477543842506
443972;6,09376928297258;4,44888922895514;6,85018097598683
443973;4,85098511360124;5,51444209426367;7,62312977222517
443974;6,31708996871779;4,6984074253662;3,15761099065042
443975;3,93817715779047;5,25581645376651;7,35156603904483
443976;4,36516941441642;5,52976888201901;3,32205151401915
443977;5,74656388810321;5,60912717122825;4,39339330594828
443978;7,50981233676538;7,19894478889863;8,94039368768475
443979;2,33044574684929;3,80954329855287;,586853065706565
443980;5,61681839569084;4,10046272482099;6,59350326235904
443981;10;5,76788115163356;5,48087462034188
443982;2,47811985588907;8,19142751389672;9,02155406733328
443983;5,05564576673917;6,42992886351424;4,32929409545719
443984;5,36081967920966;4,5331687239575;3,26860251541311
443985;6,76422027333579;10;4,8343891454066
443986;5,05896306800871;6,53249169057933;5,46417967593179
443987;7,14373974799571;3,97688025232596;6,67404544560825
443988;2,66892802925079;5,34569845495316;8,09873918180601
443989;4,83147299048638;4,00623405355001;5,80634403729087
443990;4,71266933061981;9,59380454441237;6,67559122339079
443991;5,70478086976417;6,06518497566524;6,16662518545769
443992;5,58652168280148;5,31931563464436;6,61410509112417
443993;7,01724268756948;8,57537005239236;5,94092186153792
443994;7,75036947896323;0;6,29050813420232
443995;7,18251601696539;6,99109766482579;7,72255180514966
443996;8,81422416447438;5,38687686651703;7,34695350471106
443997;5,92807477606134;4,27617143636172;4,75829829104639
443998;7,41653503905689;4,48489038892975;6,94694912838764
443999;8,10888269127601;4,27042245233275;3,19577763850919
444000;4,53706254944419;3,83549434118232;7,42143577862253
444001;3,57841344115342;8,53389225812439;8,07047210546038
444002;10;7,89646223781755;7,21035412591197
444003;8,42086806702514;9,46370921105202;5,52997829983726
444004;8,18929399755781;6,02672286612349;3,00294837065724
444005;9,28881441203095;6,79265371067801;3,38220351081482
444006;1,04471719296872;5,43494047197107;7,60357353831948
444007;5,0682380481396;7,02419490598304;10
444008;9,61132052306653;7,77886295689542;5,38454899702424
444009;7,19098703777772;4,60257699669992;8,11545205034813
444010;8,22080195071814;4,02924876078162;4,8244801036872
444011;7,06921374404609;6,52386369341029;6,32098791610989
444012;7,9085939767882;3,47971141847102;5,56066203559899
444013;4,22814107620582;3,31306373086951;4,0611962450343
444014;7,11334980030608;9,62215239282219;6,37680905714079
444015;8,57883624552329;5,81196043471537;7,72882088956498
444016;6,7816530085253;6,42128403763141;4,30249521892084
444017;4,44869786223019;5,83248521888213;7,78303102429261
444018;5,43872449870066;1,57060613469114;3,31892657063851
444019;7,09795454305065;3,90423731087432;8,47007728276534
444020;5,68383516142938;6,00720289446947;9,95799643179424
444021;4,17796887610708;3,90040190473732;6,58534311349491
444022;7,19795494392275;1,69854278172827;4,45805039975357
444023;5,22439414720108;4,6690856382692;7,60723455913468
444024;5,10381273210357;4,47900002539817;10
444025;4,97454197356452;5,78286045884612;7,42097693904528
444026;6,81899388529799;6,9043709967579;7,83534037243466
444027;5,86574252115458;5,69297844035387;3,40583852833911
444028;4,44248844493852;4,2125744554278;6,38008290167197
444029;5,03795451840405;8,93325913355786;6,68651894620421
444030;5,29421838284777;7,51930821067719;8,90767130670936
444031;6,55123771397836;5,54079080667772;6,1629930048542
444032;5,97982321434691;9,43469438160988;5,06005849341629
444033;4,34874870012504;6,05832529642509;7,82847129583737
444034;1,99358005865528;4,87249135415975;8,93131310579217
444035;4,63130782451927;7,34839668283376;5,92425592386046
444036;6,47220991452818;5,98056020739448;5,86847860642189
444037;4,90006191889703;5,61277496892693;7,01645448358067
444038;5,25356580625834;8,00433547402675;6,4052876225018
444039;6,95245825175836;4,34501066406855;1,56601884811817
444040;5,92603804452343;5,50697977357712;8,04555896548598
444041;4,73287234721491;,329410272752294;7,28677727562679
444042;8,14860946687198;5,83868621435476;6,78336366974372
444043;10;1,39043923135862;5,85773404594996
444044;6,0400893242819;4,67421227154063;3,72608021516392
444045;1,29437280061022;5,19102660606222;3,12492548489931
444046;5,80755710630591;7,05812648009449;7,02845226743778
444047;8,32511260902658;4,20430815541248;6,18018586438153
444048;9,0361382913558;6,27993996535087;7,31598015953901
444049;6,99094506710611;,521091863518599;9,33274719973269
444050;2,18509764954748;4,27566133825516;7,06561350920513
444051;6,53406317844106;10;6,09688945041856
444052;5,96285103903604;3,99645129574727;5,59004138943958
444053;5,82798376110934;1,15841796435457;9,39253405871416
444054;5,58356401159823;4,09429349679818;5,99918996903528
444055;6,3690639591603;8,05128658193117;8,04558859903223
444056;7,30692938842419;8,21331760752099;9,1741248898025
444057;6,27492546216548;2,28207637989831;5,47049245048028
444058;8,41690789040374;7,14343996115173;5,46239300242781
444059;7,58433757388759;4,22744665832598;7,05190458929473
444060;4,88929170051567;1,42520467169445;8,44793269689452
444061;2,38429499144421;5,27769836816807;8,09916426027454
444062;4,27494908424851;5,45327289530916;10
444063;3,53692479258771;7,41344368831392;5,10840967193598
444064;5,43196626760001;6,33535673938504;8,4296610675182
444065;8,73275070280428;5,31818291253821;4,42172849141997
444066;6,18701702711797;4,57541177535492;6,17029958268562
444067;8,18414073134903;5,69270000930188;7,28202784442542
444068;3,53611115092194;4,20714977984815;5,89759557272853
444069;6,82991703361883;9,04798536276817;5,45299799641032
444070;3,31834635116968;6,64502233162734;5,92587868621072
444071;4,11970445623605;6,41765534929169;5,92552933207034
444072;4,34040655583571;2,60631182453445;8,35885848280699
444073;7,38596712345345;6,99959794577577;5,93159481602989
444074;6,52458298415872;5,71179314216556;7,96621818030968
444075;4,41783038394615;2,8728585759003;6,23741899227187
444076;4,34192233313003;3,10699154437932;5,49544403946965
444077;4,47119751026464;5,64451228854417;9,93042325145105
444078;6,89563675255302;8,7132165599201;6,43204616296998
444079;3,38447529814014;10;5,3052779833689
444080;3,48708897697557;7,61695934748685;2,54685929229805
444081;7,23331310842647;8,44360449239226;6,41157388428969
444082;4,94583066105904;5,58510695112634;4,42476843505736
444083;10;3,27498387648389;5,86872145589724
444084;8,85609330933708;7,67191833558428;4,30417831517107
444085;6,48619058398313;5,99664488386984;6,13218528034702
444086;4,79569872979238;2,74111274716;3,56067685696247
444087;7,13798180859966;4,54053403223474;9,43350719615365
444088;7,81180054518608;6,74258954222903;3,65805272878724
444089;7,44655406765373;5,07655596275941;4,93905351280547
444090;6,71791197425567;2,49029114236974;5,97220983716312
444091;7,3309550173334;5,07739221623259;9,1771076468904
444092;6,56688364220472;4,9674034303983;7,23952791208729
444093;5,86658671660566;6,54378668505281;7,80245822115045
444094;10;1,40106431722521;5,8557952905946
444095;7,68833160559181;6,3741207454977;10
444096;6,29227841889288;2,08834663027464;5,63545640829015
444097;6,85974759849444;5,82222609763215;6,62442147246758
444098;6,49661060928101;6,33498284624819;4,5933915931568
444099;6,22629419209218;8,57166145394639;8,6925481251246
444100;7,18219579623129;7,15788597165714;4,92468927251462
444101;5,51847225127828;3,10426493992416;3,49238770201058
444102;5,74005202746788;4,09924288913594;5,99371234774441
444103;3,83979220446765;2,39123926132524;7,78333504142695
444104;4,2628430686972;7,22421339118325;5,28809986569011
444105;6,64151226326404;2,98096471939344;7,7165090597289
444106;8,44276329516189;8,23919391712531;6,08469375406098
444107;3,43515207530147;6,30776844013137;9,85114200678247
444108;6,83962865489086;4,8358904621937;5,59820660600003
444109;3,22749319456249;8,02914582364274;7,53141487561269
444110;3,55580621638136;2,35160784109298;5,04716832300386
444111;3,94894556368681;6,39798426254269;5,58910742658673
444112;7,08706407584577;2,22899455295898;7,38467283576022
444113;3,82272078623774;6,66012762130199;4,87967778028943
444114;6,10891002760794;6,93707888103706;7,59582529149787
444115;7,37443722125162;4,71123140044377;4,91033811261887
444116;6,12617197653104;7,00163268348162;7,10700422324457
444117;6,03077786228781;6,1692661942037;7,46636022408499
444118;5,37689162609611;7,13784213873508;5,48063841896588
444119;3,9211338327242;2,7261906463917;6,28551042408667
444120;4,82067988551183;2,33354902767234;7,24376111861848
444121;5,00149651706179;4,27057532102175;5,82181667878189
444122;4,62154221746654;3,73321206296309;4,81176968824841
444123;5,81851680316822;5,56066448020471;3,51604163721905
444124;7,2166872285377;3,84195414068829;4,90768293606387
444125;5,66622441842107;2,12393046693887;6,01002455692634
444126;7,67424447822006;5,55634383331881;6,03040539447854
444127;2,19792739929128;3,59070415684051;6,65102481696882
444128;5,85139796090029;5,34097260104549;6,96992043891154
444129;5,81124763387825;7,03049724475477;7,90342074443418
444130;6,49239769412251;1,86586316498991;5,48887978673909
444131;5,57289224804319;8,02541640033375;5,00942313935808
444132;5,73157819924785;9,65977780380955;4,89280835301113
444133;5,6206189087823;10;6,56857186474901
444134;9,71582214556513;7,50225619693127;4,73321734557744
444135;4,71210467559808;4,00620824085837;10
444136;3,87259359040768;6,41634392562152;6,46435969593006
444137;4,6726388715505;5,61525826367176;7,82866185326857
444138;5,12618266076328;2,18244345103629;3,48248284930109
444139;8,83496757934121;5,27402232395182;7,81682102726235
444140;6,56491791379606;4,53367295407454;4,83623273735585
444141;6,24377397814993;2,68884194124077;5,43905812097943
444142;9,13609904942621;5,08003638840277;5,48754796503278
444143;5,07012223097881;2,88831663398414;10
444144;2,09321115376696;5,51980368195396;4,30934477775836
444145;3,80383618829788;3,95502716054191;4,6906185517845
444146;3,8256307197862;4,28144511041078;8,02580359868605
444147;9,41951041779741;7,63962001945734;5,12580212453334
444148;8,99844325268362;7,04123107602448;8,20672943182779
444149;8,19868557807225;3,82025849210827;4,13661112812031
444150;3,74927177818654;3,98014044691372;8,13161945931945
444151;3,43000148949405;6,52114924509099;4,80392770637112
444152;8,62987321914346;5,15231243154522;7,57637183528444
444153;5,59681741264602;6,30501514949373;7,458800267505
444154;4,58964452067936;3,97234586269069;7,9466630271679
444155;7,21816080106078;5,31456414819473;3,38727023695546
444156;7,00951751934488;5,77295543950026;10
444157;4,33784329586674;6,48243467048511;3,82251687752574
444158;6,46829905462771;3,32498535046231;7,07405733029716
444159;8,19878706828609;7,46844907151166;5,66770954731961
444160;5,47343767173565;7,94017921484408;8,24401971686994
444161;5,75723051708805;2,69903721450177;3,63411623479115
444162;4,9618640728736;7,99773078523466;5,02544747520567
444163;5,25310291254712;3,23258966341643;5,46227688223173
444164;6,38748077549597;3,31743352239135;3,19645477522518
444165;9,45855997663653;8,3758797293291;5,45940720459512
444166;9,88259488250079;7,93162623724688;4,9688608770586
444167;4,12993791832149;7,39119468932947;7,42374445302164
444168;5,75576991902527;7,46169324105975;4,79802682046728
444169;5,68176750948308;7,19736484986077;5,76517321407563
444170;4,2157277141365;5,11639058997092;5,70386032185386
444171;7,40486090354285;4,90561224742478;8,64519033645881
444172;5,17293746986289;5,08564321281929;6,62735812543344
444173;8,26085813598327;4,61945571590822;4,65172991016027
444174;7,07060114516083;6,55940189291523;2,96615304692937
444175;8,23693004396916;3,39849984026611;10
444176;8,16701336018665;3,30814875319209;5,73412808804124
444177;9,44420433372393;7,78914901784832;5,32174996085093
444178;2,92994844140128;6,57922659505499;4,73742264564929
444179;6,97268599395455;2,37787186047164;5,98492854119267
444180;5,32724865517268;6,60440164904594;4,98142807935989
444181;6,79757660103397;5,36709340061657;8,8964200556719
444182;4,04885983772967;,142987338582373;8,56627252919782
444183;8,50308853211784;6,53775891651576;4,56795262476259
444184;7,31877683746932;3,61709715940561;4,25465280478189
444185;2,21451711267379;6,91457630564906;3,61393150928173
444186;7,90424396315894;10;2,2271193482306
444187;5,54604607390365;3,45383416861743;5,14064011911717
444188;7,94397006530852;10;6,7367398041968
444189;5,79463222125305;2,70362012862944;10
444190;8,09091357855642;6,03332264712783;4,41278222060067
444191;7,87895522648943;6,48898558676564;7,98280236889762
444192;5,44318433770958;7,82913481205651;8,0878107389134
444193;4,52028092495217;6,47471943795502;5,97151488970631
444194;7,17777696667921;4,44658444216908;7,11421253842666
444195;7,45497663717129;2,37982230528871;6,21019923843115
444196;6,06086401301321;8,91964571575275;6,97229864275802
444197;8,19392372248885;5,21524423173913;5,61043581678911
444198;6,77201599791026;4,00997801346023;9,1100906810497
444199;4,09428998681789;6,67315625041811;8,22550581141359
444200;7,73853455946257;6,43630677696445;4,71533266576042
444201;5,16301295253659;9,2983024374036;6,99993628007973
444202;8,55971621315027;6,64868712654892;5,66788170060447
444203;4,74077931076255;3,00903214953933;2,92606106676075
444204;3,76808283141607;3,20040952801837;7,83041551920882
444205;5,62704150865273;7,71072758549513;8,28988495337656
444206;6,84282440796867;7,20473299538233;5,27480128027554
444207;7,97572141489012;4,23555600841181;7,44816159816691
444208;7,99403828133683;4,64956974748714;2,59629489562106
444209;6,59292352969003;6,83826140758094;6,14788284723908
444210;6,44973990009769;4,66657161625946;5,1117661021638
444211;7,25947011633008;3,69617738418594;4,37576420531097
444212;4,78877110618178;7,73880595150003;9,14379799665187
444213;5,96465982438063;6,4269823348268;4,3539452564866
444214;4,92460748186508;0;9,06839098872759
444215;4,4851641631531;5,3907962938144;3,81690254462828
444216;7,77225824558948;5,74635910322455;6,39722026183172
444217;8,90407977019939;4,12364965859281;8,12444875283869
444218;6,60185965148795;3,80545524563068;4,29713175078972
444219;4,67771425963278;4,2861985640122;10
444220;6,99615587981738;6,68322758835194;2,94962596137441
444221;4,88293711633257;4,44638815003435;9,38649848160065
444222;5,38551461542632;8,53472913179884;8,71604615089928
444223;6,15563511650809;1,83823752378006;5,27997987893076
444224;7,40840505050154;6,11057951661198;6,88236979345219
444225;4,27598611766052;5,05458363238051;6,02725891955357
444226;8,28374985469162;6,13913525974192;7,44521542954791
444227;4,37008706604237;6,49861716294585;8,70083580350349
444228;7,15663966061285;4,40231996950562;4,67607567221306
444229;4,26756240779152;5,69523614959141;6,57119525868894
444230;6,29993177041259;3,9224561213285;4,53503485193904
444231;3,33807937217418;4,18570148183001;6,76832055433173
444232;3,72354132898798;4,83804614772708;3,03490749494761
444233;2,71596310988053;7,72819434186845;6,18074858130805
444234;7,78340818650505;7,15149495897142;6,81884442912101
444235;6,30022236438597;4,18247160946154;9,47541885083536
444236;4,20818981136543;5,63356672825193;7,71402096385975
444237;10;,152095288269475;2,99107649600688
444238;4,60987952450609;4,18391803571738;9,5900155234062
444239;3,43036624061724;6,30397970982491;6,86333267360936
444240;7,26635761058702;4,30171034785936;7,34556441973567
444241;5,36112444971581;4,15646707989245;5,02263965868467
444242;5,92041248912703;3,9089606175071;7,83372501857197
444243;9,77544769385518;6,57204096510881;10
444244;6,6886395918697;6,69493901257702;6,98734076807722
444245;6,416126819518;4,43204067570894;5,94616226133581
444246;3,9255267628737;4,09376536789615;6,25399560938467
444247;6,22578387442351;6,3106705986269;5,61659295103657
444248;6,86743558554996;4,91041276773864;3,8611741656465
444249;3,86081136315551;4,77355506666425;6,34193515154486
444250;10;7,03320845901264;6,61118146772731
444251;5,78046222798391;5,27948572190396;3,97334236272362
444252;5,27711584410731;6,74962497082238;9,18861750445448
444253;7,34316650970993;1,76331814872336;1,60677537028533
444254;6,65241304928835;2,1587477061355;6,28843517437939
444255;3,55099931043185;4,22225855710468;6,05000016343614
444256;2,66897250622158;3,03979296980442;9,53139853522814
444257;4,78516569162847;3,36374000106128;9,99809918319849
444258;4,90976309236498;3,04199224553532;7,61520523071523
444259;8,85997243391665;3,54632876519418;5,97734936612282
444260;8,72009418273734;4,95465062514407;6,73144858609436
444261;1,71987072937542;7,26842325119467;2,19304057301194
444262;5,71504022458212;7,95424878042358;6,5158110987997
444263;7,89078833651626;4,15442618916094;4,58075726866924
444264;5,47596012434256;4,82908796762229;6,68742117877931
444265;4,72861684219653;4,71875882947432;5,11841863544727
444266;6,72755033193667;4,5274547814025;2,4460443031464
444267;5,56680368537119;5,80567568657208;6,21099857671733
444268;5,51959088356259;1,39249946136384;7,46590527767174
444269;1,93536806422985;,0964060304603967;9,93329192880773
444270;1,67382132319942;6,38570101272778;7,23185525613466
444271;5,82004628379682;5,32028164503234;3,73223798723527
444272;2,21091145138553;1,43962610985303;4,98194777965736
444273;7,21495589251373;6,18791504421702;8,92028983418295
444274;6,65330694001981;9,87128903378426;4,78040722869759
444275;8,69337783198243;2,20090593121154;5,9343966246053
444276;7,19288858457836;7,99807504494071;6,4185814328731
444277;7,99737160768626;4,37340612346729;8,64906018556555
444278;8,85439110202831;6,62240783030646;4,7247324015219
444279;8,1106818477494;5,53315171167393;8,99033148019512
444280;5,2746331095331;10;2,9535135479089
444281;3,96972877440368;7,31932890106805;7,18628943562479
444282;7,46638563145059;3,72460088338773;7,02033531523692
444283;6,60532093933476;4,53111715578056;6,08761032915417
444284;6,98205848342067;4,1875511766958;6,41992176316711
444285;7,9762503211432;8,2245497207619;9,43325281057052
444286;7,52653538767925;7,24381015717032;6,01108104818292
444287;7,18298111128091;5,91860982773834;10
444288;6,48362580364177;3,16763384132102;4,22713100757096
444289;7,50645929395292;8,08164162821836;3,74942099122438
444290;5,80257033199154;5,55252648302845;7,9683866489657
444291;6,33208204553969;4,75942458915984;9,39962125253141
444292;5,05191507365853;6,43853393538249;7,54476285864215
444293;7,34670898961236;6,81696576492493;7,77212540670745
444294;8,06708186225389;5,68680082380466;8,15253183998477
444295;9,00962134673575;4,42111850083702;6,83682876534381
444296;7,07531189562658;5,37350603828535;8,32695926165697
444297;9,77649403603265;4,49523170268845;10
444298;8,78709496487305;8,15302147729102;2,93321054834732
444299;8,213497091337;2,96019278459381;6,09938092709072
444300;5,35904240112435;6,1232204158281;7,47399520463556
444301;1,92238626598503;5,84821415974747;7,49564008809844
444302;5,65167853818301;8,28300087720953;7,7750331463794
444303;3,45274504737215;8,15342623097877;4,96942766824475
444304;6,98759015046516;7,32706435827011;4,31219875831663
444305;3,86098917092986;2,43083803400449;5,4918663791299
444306;6,0488655286906;8,90310011260251;4,80748653678807
444307;9,41389931896138;5,89959259900615;5,58920243522213
444308;2,38577502734134;5,40159445998835;9,56743515666036
444309;8,3575520511934;8,31715537633533;6,38762752796986
444310;10;5,10122945391179;2,82740427718244
444311;3,36173848191556;3,82165826280119;6,08040362761003
444312;8,31779856934702;1,60234864200466;8,08769406047574
444313;5,75908356607657;5,9643978529525;4,28241121668241
444314;6,06997302806994;7,22193244320925;6,02095333332255
444315;5,19889811226097;3,27731084848136;7,80900995773442
444316;4,27527842054687;7,30777245942533;7,60709161935468
444317;4,65914731531508;7,7156499181841;5,56257539847726
444318;10;5,55299133733681;5,99908526471251
444319;6,43456911509942;2,83254051008442;7,30568811969753
444320;6,28549454852246;3,97082561084441;3,9219904628481
444321;9,13158814526236;2,80394949869808;6,41273447283475
444322;6,92050271504325;,652114489887314;2,84693354431951
444323;5,44339565985772;8,94686734347969;8,44463416674072
444324;8,34600081743395;6,69406264297489;7,65541453146203
444325;6,25257513538067;2,63796893225034;5,60893463592321
444326;7,12514156317198;1,53111924792434;5,66115168272876
444327;3,73193635223009;3,72933046488444;9,08220347260932
444328;7,34958665836875;6,15088561293857;8,75751873061391
444329;4,98241170713496;3,18327336812526;5,22309216432262
444330;8,2316079074629;3,90136541460437;5,78193468726647
444331;8,31719700343208;7,93789434812029;4,76246714272085
444332;6,95947522934171;3,44099906418036;9,72912598352133
444333;6,10854384276557;5,87709860563437;1,86425387592691
444334;4,13867992846332;6,49150128911405;7,22734377846005
444335;6,01486909307803;7,97435973553192;8,47462906965467
444336;10;4,27038602394557;7,21292738821846
444337;6,43423078937677;8,84292707755923;5,52455221049093
444338;5,83813881381991;4,10688925974433;4,10190132044012
444339;7,23450087668163;3,91805532929968;9,67375496003767
444340;7,35977998853371;1,95994297513079;4,42332172021735
444341;8,12602810663173;5,48786941009574;9,93078420834221
444342;7,19648211635331;6,64201148126036;6,48661112646642
444343;7,75588240835778;5,32509775981167;4,95093666140891
444344;6,45350991937678;4,85502371101317;4,54813249035236
444345;7,42558633418926;2,9182257170823;5,78335129515828
444346;7,05082779481595;5,32287348496477;4,49495606153658
444347;4,26028340873427;7,46521350924366;5,25915006412504
444348;5,81835361876375;4,79871374351812;7,75525145419863
444349;8,44730717359684;5,46412632768677;4,89542913964553
444350;6,97602756068989;6,282308406867;5,9355627344693
444351;2,11528227594459;5,63860544126979;4,64502339121155
444352;4,66274955572217;6,46491174112465;6,06676493744685
444353;2,74331580789152;3,94705659562478;2,74761753548717
444354;1,93036257894582;4,40510094660566;4,43068583138428
444355;2,69386426794786;6,71861117195533;10
444356;3,80061823678397;7,52052486560367;7,66039583776031
444357;6,90854313340845;2,17314639235744;8,66142030655696
444358;6,46028392069567;6,56006421919031;8,00209541156947
444359;6,71025110775812;6,75076553485536;7,79703233196401
444360;7,29901298270964;6,45049915828208;7,94840447032928
444361;9,2652726494326;8,63664770976581;10
444362;6,0636536720651;5,32321744451757;7,5459380640602
444363;6,27548562508933;2,91199148737891;10
444364;5,89155402912277;7,63311534041169;4,0072477248492
444365;5,71574552110474;4,84662838767554;7,67074938763802
444366;10;2,49648790338558;4,47815363891955
444367;6,03661152595429;3,81304977022495;6,0715494648683
444368;4,25605677122864;8,27690283235019;3,2790046965621
444369;7,8982780355541;4,30064090034687;5,76390277335517
444370;8,34352493100353;6,37089547893495;3,0205005468152
444371;10;2,79392715883177;4,58251447264933
444372;5,06485264458723;5,93576156447532;5,21221495994911
444373;5,46432014335605;4,0237371317048;6,61973517428737
444374;5,95544079045442;6,79120667573226;6,09558848914772
444375;3,52910714299238;2,05730855915627;5,72598903072757
444376;5,63753931191059;6,21048674884806;9,30414441901693
444377;5,15746872259727;4,24380533788453;4,54015233652674
444378;8,85268368677854;7,26073907253214;4,25109438779397
444379;5,17829275554363;3,7983765637181;9,02719395945963
444380;1,94668938797126;5,2439632727802;6,86122649933501
444381;7,88339195658719;7,08216681141943;6,70204333302436
444382;8,70860420978699;5,36134789059846;5,67070272023179
444383;6,85460454145314;5,32540400399971;4,97622926931511
444384;9,17152196214776;4,54000580655341;6,7179258160251
444385;6,22171955976975;7,14434212331984;2,62483351444734
444386;4,64777456950418;9,73507600477296;5,57709751994412
444387;7,99527212030596;8,86969673397837;5,71980711974863
444388;7,91822351905818;6,85099568862752;7,19180900656406
444389;3,58343265115662;2,74637502517281;7,11229830205755
444390;6,28114210106727;5,61881653403354;8,22003694550308
444391;5,97954047552506;8,17675243702992;2,63391370959118
444392;3,36490136071563;4,22982884268256;6,05469529686442
444393;8,26809539119727;3,941818563183;6,27365739386512
444394;5,18315168076056;4,60204462678647;7,5785880282551
444395;10;6,92688455469541;6,15568063047578
444396;3,50129869278169;7,09815490558414;8,43174379634157
444397;3,07919398750358;10;5,39739221661951
444398;6,47144920904983;5,01661773533567;5,05343813422615
444399;3,42238447303822;4,25903186243068;6,36697669452486
444400;4,76431098671432;7,26975016499778;9,3105178542412
444401;1,90078065624576;5,42424398271525;4,27344232065784
444402;5,49959052077676;7,38553583277072;8,72231083433689
444403;3,35834392283622;9,84273568045267;5,08131890082033
444404;8,39417248777267;5,65203969756451;2,64440236378552
444405;4,61739818493158;8,89900536477502;5,10449555930076
444406;6,05986110750617;7,40479797139561;6,40882354751272
444407;4,67948821033337;7,32687616140949;9,18581289525689
444408;7,5885434007797;7,20521190986995;3,00224238723263
444409;5,62694343932005;6,35615364667811;4,88658072483204
444410;8,26139347315526;6,80963753537244;5,44395308742719
444411;3,96646243208795;5,54713622872149;5,37461579780381
444412;5,66540958315871;4,66024091757894;5,22897738661393
444413;8,28444296184346;3,80513065042598;6,08740432816509
444414;8,10001745921612;6,42480183015393;2,77759126019744
444415;9,62164366590053;6,22778620659458;7,23010310383901
444416;6,22680926462948;4,78328821959606;5,88130684234793
444417;8,46388622453558;7,11870068797807;6,08093669776561
444418;3,18434344661781;4,95823876227373;8,87220076960881
444419;6,42141701077566;8,78956167165757;5,23576097022897
444420;5,42138296463209;4,16700652108229;5,55216148790384
444421;1,9585215190122;3,7094756023782;7,51668564621339
444422;6,86151391404045;4,5124173230485;7,81188454315877
444423;6,7241407826912;7,58659320018957;4,5968673643597
444424;5,96516144713441;3,54571494970464;6,73510643287878
444425;4,07616077040132;6,73161707575738;7,61578469824515
444426;3,75722144498529;10;7,21181982507915
444427;7,48583487339059;10;7,56172129747184
444428;3,62220179845182;4,65398967544662;9,50170083436649
444429;9,23070873556624;4,68564242401339;2,6388919352397
444430;1,66805041482686;3,54272957202877;10
444431;4,13623947692566;6,89969485438459;5,81308504432845
444432;5,62876757489923;7,54408015129863;6,5844796340101
444433;5,61192668343017;9,01324140050273;4,10284889982831
444434;6,96817160696106;3,63718642283016;6,56497237166124
444435;4,39535958142454;6,65601863024099;6,61003171493245
444436;6,72259712334488;6,12801257173407;7,83140314112427
444437;1,92017292699712;1,59126631692204;5,05142351458657
444438;7,88037484481187;2,66230293819841;7,39670378047728
444439;9,34854586485269;7,28086686489709;7,78787555239904
444440;5,88175482765539;10;5,7445055034113
444441;7,51232976614297;5,05020914424179;8,08644732990695
444442;4,66760636663812;3,25729076771815;1,98251018214965
444443;4,8796448275769;4,07757016585672;1,91124884359173
444444;3,66043286786806;8,73116165373567;5,91225353236885
444445;6,7860653164785;4,3454081780469;5,3580828708819
444446;4,27341619613661;5,19368176066646;5,83888924397559
444447;9,51336611605517;5,52206463876623;8,35767827222972
444448;6,44272994419546;6,40515064802888;7,20085395802849
444449;5,47349512708064;9,26019791062006;7,52169701955488
444450;5,88761545091958;3,89328297524921;7,82454556716895
444451;5,41238789152784;5,0958057185237;6,07950164553386
444452;9,27423488395995;3,80683327127923;5,48518846236549
444453;,467816429099848;10;4,92708679419189
444454;3,47515022014607;5,17095780743224;5,54932005684254
444455;6,968497157673;10;4,74882556505139
444456;5,47299129705249;8,11216832098037;9,15294823466547
444457;6,50614636992025;5,02019022230839;5,92441421381732
444458;4,26967212277744;2,31999397673088;9,63008343131023
444459;6,44416866387016;3,22178540252823;9,36585385631884
444460;3,62960061109219;4,27432110806996;5,38085487532202
444461;3,87041292565308;8,92352426687929;5,0924871262823
444462;2,98173766247669;3,29408569135714;10
444463;8,4848898596247;3,96367143479695;4,88820097325778
444464;8,02828316806566;4,58470634678954;6,56712109565959
444465;6,76680515840326;6,77453636369966;7,7924877600946
444466;4,23823723322143;2,64653412816994;7,67275750586212
444467;5,00547373333451;3,07004330521421;5,00345526461168
444468;6,66839244020186;7,00162544174585;7,24434838121155
444469;7,31597466888317;7,19801259982319;1,51281052871123
444470;5,45604558798488;5,55061173312152;6,22382552572351
444471;5,61739466912204;5,15838413033803;5,11783870785554
444472;4,42582388083414;6,18504147902509;4,95414916497467
444473;4,84141004396949;7,34147003949287;5,44795548716995
444474;5,99879205842733;7,99290953594285;5,18383491742796
444475;6,10714041802757;10;3,49631515776591
444476;5,77541888059353;3,48939678038748;4,61011453746496
444477;7,7919592858173;3,58968225355071;10
444478;8,23149986702306;3,19507089892152;5,3143773742735
444479;7,43210694353488;4,77018532666669;3,30366403780427
444480;6,05124926736183;4,07946519778627;6,54526897753291
444481;7,89798503565853;6,72236815499535;8,44085866610541
444482;5,87032722245752;4,15632522203704;5,66357873784346
444483;6,13031972331489;5,50670110240253;5,81259363729678
444484;4,21244480968921;6,06343264339309;1,24019196107775
444485;9,97789681507525;6,12816989481908;8,46442992890629
444486;5,29557880447003;5,30651435831603;4,77504879502787
444487;5,33693791131454;2,55608455166415;3,26414694403819
444488;3,63312365988807;5,80685693340152;3,38757598773133
444489;9,62316653839248;1,90549269811126;9,41694987691913
444490;5,68642136015473;4,640570617783;5,00627358372561
444491;8,32781755514832;5,43017570225882;10
444492;9,13089792550136;4,76992067194315;5,64164958857398
444493;8,24320245582691;6,53658084383253;8,5851076089777
444494;6,86996700405068;1,98806461783984;,932913182748099
444495;4,35626512659587;9,23749547564775;5,33906483541731
444496;2,81944165556068;3,54804704287444;5,27953450247719
444497;4,69962704522076;6,30955382372793;7,71894533695585
444498;6,14788892349147;8,14191094553448;3,93631591215929
444499;6,75161080795044;3,48942799422131;6,64072909385207
444500;5,64995395890081;5,90090632310082;9,43562422618841
444501;3,27635224407732;1,39693404785173;4,42553123823521
444502;4,65650212964028;4,261415140759;5,04489323634931
444503;9,99317323113227;5,04951296972261;10
444504;2,78124140661719;3,91455136488206;1,31225210497224
444505;7,52635572608662;5,03717910135899;6,13557779229144
444506;3,86079163856577;3,33849366391348;6,79023532696626
444507;5,81521061117956;3,77988062582503;6,97136590018204
444508;8,72671086097121;5,48199619737188;7,69548231924704
444509;3,67379271360794;6,0048358331965;8,90624053550947
444510;3,86816730585069;7,33917480820721;7,54659763004253
444511;2,67155090304055;5,71900405125532;7,25754698963081
444512;4,60741500070385;3,9357480780547;2,33930680977791
444513;5,65013789491295;8,30213365256932;6,39098238446472
444514;6,81370025317139;3,37882133192028;8,4466607091791
444515;9,49983673106375;9,23376584568197;6,38601052694569
444516;4,77458547598039;5,33830687059297;8,23977461422025
444517;5,38482390880778;8,95426580266396;1,82136402382276
444518;2,5616495039695;5,32087401539988;2,35636351125692
444519;2,12456463121269;7,65382912840234;7,62541295359527
444520;4,87379147267105;4,45121961510598;5,28657405863302
444521;6,4386637962262;8,64379917845666;6,07352715603847
444522;5,39418540238424;2,21072583759607;7,9994821466407
444523;4,47658581743004;7,10251308107279;5,38273371687651
444524;4,54963667331779;6,74278808827091;5,94909451999402
444525;5,9344414097746;8,09947652985803;5,49875609944783
444526;6,80910765681194;8,02417791365196;8,37002014898336
444527;4,42474193039974;6,34498178074168;8,95877662279268
444528;7,68006365186037;3,17753490652627;7,44774241454136
444529;8,61895525860269;8,39154132789579;9,08974728544703
444530;3,6079766657104;4,54556011220105;9,59270587945069
444531;6,85734281524436;6,04289032172759;8,19150694824862
444532;7,25325105729743;5,28403470144331;10
444533;4,30875502274162;4,69756829784232;7,75009065961415
444534;7,40096898261593;7,67905480076885;6,24481552444024
444535;5,30936678937571;3,64745588659133;5,01470722917369
444536;5,08155325700013;6,98677736489908;5,16800123900492
444537;2,70639187438581;3,77372608787282;6,60944542582357
444538;1,05752234016156;3,28929947681149;4,32136874093018
444539;3,27125723139867;3,72443419150661;6,74427261029244
444540;8,12876316819847;7,36944806224773;2,95024674506905
444541;7,16346602740441;4,86405920913157;7,34645952372422
444542;8,73554546593273;7,29025190457564;7,75270234408216
444543;4,67784551673658;10;6,98172559146451
444544;8,39501603639993;4,98336306460314;9,21086596100451
444545;5,14132775968584;8,97734094390434;8,25265956340926
444546;6,39093246115186;6,3316574698302;5,04858357060501
444547;6,10792746022181;4,84826442638746;6,72046359674831
444548;4,22450036683126;5,89014538566498;6,00737437008278
444549;6,90190727729987;3,7711229747863;5,06387757734817
444550;6,20029789468895;2,20373121186049;6,27361162991674
444551;4,87828975385171;6,56066771915795;6,82486368245801
444552;4,55379716970076;5,93505124010364;8,12655392683311
444553;4,57977055514333;3,93544797527142;2,99531682415482
444554;6,54222294061417;4,8704735872274;6,69358131426961
444555;3,74709015990023;9,80728364732464;9,46043756974323
444556;7,34641354126954;5,68976384296269;5,57183911608877
444557;3,55350915134536;7,54162444284968;6,9613468077173
444558;8,42347908477455;7,57222151722796;5,44945152012549
444559;6,39956849344892;5,03639765385448;5,83397706686263
444560;4,90330575105839;2,60724756110699;6,53092335029797
444561;7,43932946871556;1,58857936830314;6,78162428711513
444562;8,47325717361909;4,00710271271808;7,40303463262718
444563;4,24990075959456;2,09993239869801;4,36115359002206
