<?xml version="1.0" encoding="UTF-8"?>
<assessmentItem xsi:schemaLocation="http://www.imsglobal.org/xsd/imsqti_v2p1 http://www.imsglobal.org/xsd/qti/qtiv2p1/imsqti_v2p1p1.xsd http://www.w3.org/1998/Math/MathML http://www.w3.org/Math/XMLSchema/mathml2/mathml2.xsd" identifier="uva-binomial-724-en-qti_232061385_section_1_item_1_schoice" title="1" adaptive="false" timeDependent="false" xmlns="http://www.imsglobal.org/xsd/imsqti_v2p1" xmlns:xsi="http://www.w3.org/2001/XMLSchema-instance">
<responseDeclaration identifier="uva-binomial-724-en-qti_232061385_section_1_item_1_schoice_RESPONSE_1_4361844" cardinality="single" baseType="identifier">
<correctResponse>
<value>uva-binomial-724-en-qti_232061385_section_1_item_1_schoice_4_4681758407</value>
</correctResponse>
<mapping defaultValue="0" lowerBound="0.0">
<mapEntry mapKey="uva-binomial-724-en-qti_232061385_section_1_item_1_schoice_1_6580378379" mappedValue="0"/>
<mapEntry mapKey="uva-binomial-724-en-qti_232061385_section_1_item_1_schoice_2_1536789182" mappedValue="0"/>
<mapEntry mapKey="uva-binomial-724-en-qti_232061385_section_1_item_1_schoice_3_5753552280" mappedValue="0"/>
<mapEntry mapKey="uva-binomial-724-en-qti_232061385_section_1_item_1_schoice_4_4681758407" mappedValue="1"/>
</mapping>
</responseDeclaration>
<outcomeDeclaration identifier="SCORE" cardinality="single" baseType="float" normalMaximum="1" normalMinimum="0">
<defaultValue>
<value>0.0</value>
</defaultValue>
</outcomeDeclaration>
<outcomeDeclaration identifier="MAXSCORE" cardinality="single" baseType="float">
<defaultValue>
<value>1</value>
</defaultValue>
</outcomeDeclaration>
<outcomeDeclaration identifier="FEEDBACKBASIC" cardinality="single" baseType="identifier" view="testConstructor">
<defaultValue>
<value>empty</value>
</defaultValue>
</outcomeDeclaration>
<outcomeDeclaration identifier="FEEDBACKMODAL" cardinality="multiple" baseType="identifier" view="testConstructor"/>
<outcomeDeclaration identifier="SOLUTIONMODAL" cardinality="single" baseType="identifier" view="testConstructor"/>
<outcomeDeclaration identifier="MINSCORE" cardinality="single" baseType="float">
<defaultValue>
<value baseType="float">0</value>
</defaultValue>
</outcomeDeclaration>
<outcomeDeclaration identifier="SCORE_RESPONSE_1" cardinality="single" baseType="float">
<defaultValue>
<value>0.0</value>
</defaultValue>
</outcomeDeclaration>
<outcomeDeclaration identifier="MINSCORE_RESPONSE_1" cardinality="single" baseType="float">
<defaultValue>
<value>0.0</value>
</defaultValue>
</outcomeDeclaration>
<itemBody>
<p>Peter is a basketball player who over the course of the season is successful with 80% of his free throws to success. During a crucial game, he misses 7 of his 12 free throws. <em>X</em> is the number of failed throws in 12 attempts. What is the probability of 7 or more failed throws out of 12 attempts?</p>
<choiceInteraction responseIdentifier="uva-binomial-724-en-qti_232061385_section_1_item_1_schoice_RESPONSE_1_4361844" shuffle="false" maxChoices="1">
<simpleChoice identifier="uva-binomial-724-en-qti_232061385_section_1_item_1_schoice_1_6580378379">
<p>
 0,0001
</p>
</simpleChoice>
<simpleChoice identifier="uva-binomial-724-en-qti_232061385_section_1_item_1_schoice_2_1536789182">
<p>
 0,0005
</p>
</simpleChoice>
<simpleChoice identifier="uva-binomial-724-en-qti_232061385_section_1_item_1_schoice_3_5753552280">
<p>
 0,0033
</p>
</simpleChoice>
<simpleChoice identifier="uva-binomial-724-en-qti_232061385_section_1_item_1_schoice_4_4681758407">
<p>
 0,0039
</p>
</simpleChoice>
</choiceInteraction>
</itemBody>
<responseProcessing>
<setOutcomeValue identifier="SCORE_RESPONSE_1">
<sum>
<variable identifier="SCORE_RESPONSE_1"/>
<mapResponse identifier="uva-binomial-724-en-qti_232061385_section_1_item_1_schoice_RESPONSE_1_4361844"/>
</sum>
</setOutcomeValue>
<responseCondition>
<responseIf>
<lt>
<variable identifier="SCORE_RESPONSE_1"/>
<variable identifier="MINSCORE_RESPONSE_1"/>
</lt>
<setOutcomeValue identifier="SCORE_RESPONSE_1">
<variable identifier="MINSCORE_RESPONSE_1"/>
</setOutcomeValue>
</responseIf>
</responseCondition>
<responseCondition>
<responseIf>
<isNull>
<variable identifier="uva-binomial-724-en-qti_232061385_section_1_item_1_schoice_RESPONSE_1_4361844"/>
</isNull>
<setOutcomeValue identifier="SCORE_RESPONSE_1">
<sum>
<variable identifier="SCORE_RESPONSE_1"/>
<baseValue baseType="float">0</baseValue>
</sum>
</setOutcomeValue>
</responseIf>
</responseCondition>
<setOutcomeValue identifier="SCORE">
<sum>
<variable identifier="SCORE_RESPONSE_1"/>
</sum>
</setOutcomeValue>
<responseCondition>
<responseIf>
<lt>
<variable identifier="SCORE"/>
<variable identifier="MINSCORE"/>
</lt>
<setOutcomeValue identifier="SCORE">
<variable identifier="MINSCORE"/>
</setOutcomeValue>
</responseIf>
</responseCondition>
<responseCondition>
<responseIf>
<lt>
<variable identifier="SCORE"/>
<baseValue baseType="float">1</baseValue>
</lt>
<setOutcomeValue identifier="FEEDBACKMODAL">
<multiple>
<variable identifier="FEEDBACKMODAL"/>
<baseValue baseType="identifier">Feedback784699320</baseValue>
</multiple>
</setOutcomeValue>
</responseIf>
</responseCondition>
</responseProcessing>
<modalFeedback identifier="Feedback784699320" outcomeIdentifier="FEEDBACKMODAL" showHide="show">
<ul>
<li> 0,0001 <br /> 0.0001: Incorrect </li>
<li> 0,0005 <br /> 0.0005: Incorrect </li>
<li> 0,0033 <br /> 0.0033: Incorrect </li>
<li> 0,0039 <br /> 0.0039: Correct </li>
</ul>
</modalFeedback>
</assessmentItem>
