<?xml version="1.0" encoding="UTF-8"?>
<!DOCTYPE questestinterop SYSTEM "ims_qtiasiv1p2p1.dtd">

<questestinterop xmlns="http://www.imsglobal.org/xsd/ims_qtiasiv1p2" xmlns:xsi="http://www.w3.org/2001/XMLSchema-instance" xsi:schemaLocation="http://www.imsglobal.org/xsd/ims_qtiasiv1p2 http://www.imsglobal.org/xsd/ims_qtiasiv1p2p1.xsd">
<assessment ident="uva-conditional-probability-661-nl-canvas_513362723" title="uva-conditional-probability-661-nl-canvas">

<qtimetadata>
<qtimetadatafield>
<fieldlabel>cc_maxattempts</fieldlabel>
<fieldentry>1</fieldentry>
</qtimetadatafield>
<qtimetadatafield>
<fieldlabel>qmd_assessmenttype</fieldlabel>
<fieldentry>Assessment</fieldentry>
</qtimetadatafield>
</qtimetadata>
<objectives>
<material>
<mattext><![CDATA[Please solve the following exercises.]]></mattext>
</material>
</objectives>
<assessmentcontrol feedbackswitch="No" hintswitch="No" solutionswitch="Yes"/>
<outcomes_processing scoremodel="SumOfScores">
<outcomes>
<decvar varname="SCORE" vartype="Decimal" cutvalue="0"/>
</outcomes>
</outcomes_processing>
<assessfeedback title="AssessmentFeedback" ident="AssessmentFeedback">
<flow_mat>
<material>
<mattext>##AssessmentFeedback##</mattext>
</material>
</flow_mat>
</assessfeedback>

<section ident="uva-conditional-probability-661-nl-canvas_513362723_section_1" title="Exercise">

<objectives>
<material>
<mattext><![CDATA[Please answer the following question.]]></mattext>
</material>
</objectives>
<selection_ordering>
<selection>
<selection_number>1</selection_number>
<selection_extension>
<points_per_item>1</points_per_item>
</selection_extension>
</selection>
<order order_type="Random"/>
</selection_ordering>

<item ident="uva-conditional-probability-661-nl-canvas_513362723_section_1_item_1_schoice" title="Question" maxattempts="1">
<itemcontrol feedbackswitch="No" hintswitch="No" solutionswitch="Yes"/>
<itemmetadata>
<qtimetadata>
<qtimetadatafield>
<fieldlabel>question_type</fieldlabel>
<fieldentry>multiple_choice_question</fieldentry>
</qtimetadatafield>
</qtimetadata>
</itemmetadata>
<presentation>
<flow>
<material>
<matbreak/>
<mattext texttype="text/html" charset="utf-8"><![CDATA[
<p>Gooi twee zuivere munten onafhankelijk op. Wij noemen de volgende twee
gebeurtenissen <em>A</em> en <em>B</em>:<br />
<br />
* <em>A</em> = <em>Munt bij de eerste worp</em><br />
* <em>B</em> = <em>Beide worpen geven dezelfde uitkomst</em><br />
<br />
Wat is dan de kans P(B|A)?</p>
]]></mattext>
<matbreak/>
</material>
<response_lid ident="uva-conditional-probability-661-nl-canvas_513362723_section_1_item_1_schoice_RESPONSE_9365942" rcardinality="Single" rtiming="No">
<render_choice shuffle="No">
<flow_label class="List">
<response_label ident="uva-conditional-probability-661-nl-canvas_513362723_section_1_item_1_schoice_4120639633" rshuffle="No">
<material>
<mattext texttype="text/html" charset="utf-8"><![CDATA[
 P (B|A) = 0,125
]]></mattext>
</material>
</response_label>
</flow_label>
<flow_label class="List">
<response_label ident="uva-conditional-probability-661-nl-canvas_513362723_section_1_item_1_schoice_1075721633" rshuffle="No">
<material>
<mattext texttype="text/html" charset="utf-8"><![CDATA[
 P (B|A) = 0,25
]]></mattext>
</material>
</response_label>
</flow_label>
<flow_label class="List">
<response_label ident="uva-conditional-probability-661-nl-canvas_513362723_section_1_item_1_schoice_1169557008" rshuffle="No">
<material>
<mattext texttype="text/html" charset="utf-8"><![CDATA[
 P (B|A) = 0,50
]]></mattext>
</material>
</response_label>
</flow_label>
<flow_label class="List">
<response_label ident="uva-conditional-probability-661-nl-canvas_513362723_section_1_item_1_schoice_1987344714" rshuffle="No">
<material>
<mattext texttype="text/html" charset="utf-8"><![CDATA[
 P (B|A) = 1
]]></mattext>
</material>
</response_label>
</flow_label>
</render_choice>
</response_lid>
</flow>
</presentation>
<resprocessing>
<outcomes>
<decvar varname="SCORE" vartype="Decimal" defaultval="0" minvalue="0" maxvalue="1" cutvalue="1"/>
</outcomes>
<respcondition title="Mastery" continue="No">
<conditionvar>
<and>
<varequal respident="uva-conditional-probability-661-nl-canvas_513362723_section_1_item_1_schoice_RESPONSE_9365942" case="Yes">uva-conditional-probability-661-nl-canvas_513362723_section_1_item_1_schoice_1169557008</varequal>
<not> <varequal respident="uva-conditional-probability-661-nl-canvas_513362723_section_1_item_1_schoice_RESPONSE_9365942" case="Yes">uva-conditional-probability-661-nl-canvas_513362723_section_1_item_1_schoice_4120639633</varequal> </not>
<not> <varequal respident="uva-conditional-probability-661-nl-canvas_513362723_section_1_item_1_schoice_RESPONSE_9365942" case="Yes">uva-conditional-probability-661-nl-canvas_513362723_section_1_item_1_schoice_1075721633</varequal> </not>
<not> <varequal respident="uva-conditional-probability-661-nl-canvas_513362723_section_1_item_1_schoice_RESPONSE_9365942" case="Yes">uva-conditional-probability-661-nl-canvas_513362723_section_1_item_1_schoice_1987344714</varequal> </not>
</and>
</conditionvar>
<setvar varname="SCORE" action="Set">1</setvar>
<displayfeedback feedbacktype="Response" linkrefid="correct_fb"/>
</respcondition>
<respcondition continue="Yes">
<conditionvar>
<other/>
</conditionvar>
<displayfeedback feedbacktype="Response" linkrefid="general_incorrect_fb"/>
</respcondition>
</resprocessing>
<itemfeedback ident="correct_fb" view="All">
<flow_mat>
<material>
<mattext texttype="text/html"><![CDATA[
<ul>
<li> P (B|A) = 0,125 <br /> P (B|A) = 0,125: Incorrect </li>
<li> P (B|A) = 0,25 <br /> P (B|A) = 0,25: Incorrect </li>
<li> P (B|A) = 0,50 <br /> P (B|A) = 0,50: Correct </li>
<li> P (B|A) = 1 <br /> P (B|A) = 1: Incorrect </li>
</ul>
]]></mattext>
</material>
</flow_mat>
</itemfeedback>
<itemfeedback ident="general_incorrect_fb" view="All">
<flow_mat>
<material>
<mattext texttype="text/html"><![CDATA[
<ul>
<li> P (B|A) = 0,125 <br /> P (B|A) = 0,125: Incorrect </li>
<li> P (B|A) = 0,25 <br /> P (B|A) = 0,25: Incorrect </li>
<li> P (B|A) = 0,50 <br /> P (B|A) = 0,50: Correct </li>
<li> P (B|A) = 1 <br /> P (B|A) = 1: Incorrect </li>
</ul>
]]></mattext>
</material>
</flow_mat>
</itemfeedback>
</item>


</section>

</assessment>
</questestinterop>
