<?xml version="1.0" encoding="utf-8" standalone="yes"?>
<assessmentItem identifier="uva-simple-linear-regression-195-nl-tv_202403081018_item_1_schoice" title="uva-simple-linear-regression-195-nl-tv_202403081018_item_1_schoice_uva-simple-linear-regression-195-nl" adaptive="false" timeDependent="false" toolName="Testvision Online" toolVersion="39.0.9084" xmlns="http://www.imsglobal.org/xsd/imsqti_v2p1">
<responseDeclaration identifier="RESPONSE" cardinality="single" baseType="identifier">
<correctResponse>
<value>alt_988719</value>
</correctResponse>
<mapping defaultValue="0" lowerBound="0.0">
<mapEntry mapKey="alt_656220" mappedValue="-0.5"/>
<mapEntry mapKey="alt_988719" mappedValue="1"/>
<mapEntry mapKey="alt_104885" mappedValue="-0.5"/>
</mapping>
</responseDeclaration>
<outcomeDeclaration identifier="SCORE" cardinality="single" baseType="float" normalMaximum="1" normalMinimum="0" />
<outcomeDeclaration identifier="FEEDBACK" cardinality="single" baseType="identifier" />
<itemBody>
<p>In een regressie-analyse wordt nagegaan hoe het aantal studiepunten dat
studenten in een jaar halen (y) kan worden voorspeld vanuit hun
gemiddeld eindexamen cijfer (x<sub>1</sub>) en hun sexe (x<sub>2</sub>: x<sub>2</sub> = 0 voor
vrouwen en x<sub>2</sub>= 1 voor mannen). De regressievergelijking is<br />
ŷ = 30 + 2x<sub>1</sub> - 5x<sub>2</sub><br />
Het voorspelde aantal studiepunten voor een vrouw met een gemiddeld
eindexamencijfer gelijk aan 8 is</p>
<choiceInteraction responseIdentifier="RESPONSE" shuffle="false" maxChoices="1">
<simpleChoice identifier="alt_656220">
<div class="textblock tvblock tvcss_1"><div class="rte_zone tveditor1">
 41
</div>
</div>
</simpleChoice>
<simpleChoice identifier="alt_988719">
<div class="textblock tvblock tvcss_1"><div class="rte_zone tveditor1">
 46
</div>
</div>
</simpleChoice>
<simpleChoice identifier="alt_104885">
<div class="textblock tvblock tvcss_1"><div class="rte_zone tveditor1">
 51
</div>
</div>
</simpleChoice>
</choiceInteraction>
</itemBody>
<responseProcessing>
<responseCondition>
<responseIf>
<isNull>
<variable identifier="RESPONSE"/>
</isNull>
<setOutcomeValue identifier="SCORE">
<baseValue baseType="float">0.0</baseValue>
</setOutcomeValue>
<setOutcomeValue identifier="FEEDBACK">
<baseValue baseType="identifier">FAILURE</baseValue>
</setOutcomeValue>
</responseIf>
<responseElse>
<setOutcomeValue identifier="SCORE">
<mapResponse identifier="RESPONSE"/>
</setOutcomeValue>
<responseCondition>
<responseIf>
<equal toleranceMode="relative" tolerance="0.001">
<variable identifier="SCORE"/>
<variable identifier="MAXSCORE"/>
</equal>
<setOutcomeValue identifier="FEEDBACK">
<baseValue baseType="identifier">ANSWER_CORRECT</baseValue>
</setOutcomeValue>
</responseIf>
<responseElse>
<setOutcomeValue identifier="FEEDBACK">
<baseValue baseType="identifier">FAILURE</baseValue>
</setOutcomeValue>
</responseElse>
</responseCondition>
</responseElse>
</responseCondition>
</responseProcessing>
<modalFeedback identifier="FAILURE" outcomeIdentifier="FEEDBACK" showHide="show">
<div class="textblock tvblock tvcss_1"><div class="rte_zone tveditor1">
<p>Het correcte antwoord is:</p>
<ul>
<li>46</li>
</ul>
</div>
</div>
</modalFeedback>
<modalFeedback identifier="ANSWER_CORRECT" outcomeIdentifier="FEEDBACK" showHide="show">
<div class="textblock tvblock tvcss_1"><div class="rte_zone tveditor1">
<p>Het correcte antwoord is:</p>
<ul>
<li>46</li>
</ul>
</div>
</div>
</modalFeedback>
<modalFeedback identifier="PARTIAL_CORRECT" outcomeIdentifier="FEEDBACK" showHide="show">
<div class="textblock tvblock tvcss_1"><div class="rte_zone tveditor1">
<p>Het correcte antwoord is:</p>
<ul>
<li>46</li>
</ul>
</div>
</div>
</modalFeedback>
</assessmentItem>
