<?xml version="1.0" encoding="utf-8" standalone="yes"?>
<assessmentItem identifier="vufgb-mediation-002-en_202209051538_item_1_schoice" title="vufgb-mediation-002-en_202209051538_item_1_schoice_vufgb-mediation-002-en" adaptive="false" timeDependent="false" toolName="Testvision Online" toolVersion="39.0.9084" xmlns="http://www.imsglobal.org/xsd/imsqti_v2p1">
<responseDeclaration identifier="RESPONSE" cardinality="single" baseType="identifier">
<correctResponse>
<value>alt_669564</value>
</correctResponse>
<mapping defaultValue="0" lowerBound="0.0">
<mapEntry mapKey="alt_669564" mappedValue="1"/>
<mapEntry mapKey="alt_173485" mappedValue="-0.333333333333333"/>
<mapEntry mapKey="alt_905840" mappedValue="-0.333333333333333"/>
<mapEntry mapKey="alt_109965" mappedValue="-0.333333333333333"/>
</mapping>
</responseDeclaration>
<outcomeDeclaration identifier="SCORE" cardinality="single" baseType="float" normalMaximum="1" normalMinimum="0" />
<outcomeDeclaration identifier="FEEDBACK" cardinality="single" baseType="identifier" />
<itemBody>
<p>In the case of full mediation:</p>
<choiceInteraction responseIdentifier="RESPONSE" shuffle="false" maxChoices="1">
<simpleChoice identifier="alt_669564">
<div class="textblock tvblock tvcss_1"><div class="rte_zone tveditor1">
a. The direct effect is not statistically significant.
</div>
</div>
</simpleChoice>
<simpleChoice identifier="alt_173485">
<div class="textblock tvblock tvcss_1"><div class="rte_zone tveditor1">
b. The indirect effect is not statistically significant.
</div>
</div>
</simpleChoice>
<simpleChoice identifier="alt_905840">
<div class="textblock tvblock tvcss_1"><div class="rte_zone tveditor1">
c. The direct effect is statistically significant.
</div>
</div>
</simpleChoice>
<simpleChoice identifier="alt_109965">
<div class="textblock tvblock tvcss_1"><div class="rte_zone tveditor1">
d. Both the direct and indirect are statistically significant.
</div>
</div>
</simpleChoice>
</choiceInteraction>
</itemBody>
<responseProcessing>
<responseCondition>
<responseIf>
<isNull>
<variable identifier="RESPONSE"/>
</isNull>
<setOutcomeValue identifier="SCORE">
<baseValue baseType="float">0.0</baseValue>
</setOutcomeValue>
<setOutcomeValue identifier="FEEDBACK">
<baseValue baseType="identifier">FAILURE</baseValue>
</setOutcomeValue>
</responseIf>
<responseElse>
<setOutcomeValue identifier="SCORE">
<mapResponse identifier="RESPONSE"/>
</setOutcomeValue>
<responseCondition>
<responseIf>
<equal toleranceMode="relative" tolerance="0.001">
<variable identifier="SCORE"/>
<variable identifier="MAXSCORE"/>
</equal>
<setOutcomeValue identifier="FEEDBACK">
<baseValue baseType="identifier">ANSWER_CORRECT</baseValue>
</setOutcomeValue>
</responseIf>
<responseElse>
<setOutcomeValue identifier="FEEDBACK">
<baseValue baseType="identifier">FAILURE</baseValue>
</setOutcomeValue>
</responseElse>
</responseCondition>
</responseElse>
</responseCondition>
</responseProcessing>
<modalFeedback identifier="FAILURE" outcomeIdentifier="FEEDBACK" showHide="show">
<div class="textblock tvblock tvcss_1"><div class="rte_zone tveditor1">
<ol>
<li> The direct effect is not statistically significant. <br /> Correct </li>
<li> The indirect effect is not statistically significant. <br /> Incorrect </li>
<li> The direct effect is statistically significant. <br /> Incorrect </li>
<li> Both the direct and indirect are statistically significant. <br /> Incorrect </li>
</ol>
</div>
</div>
</modalFeedback>
<modalFeedback identifier="ANSWER_CORRECT" outcomeIdentifier="FEEDBACK" showHide="show">
<div class="textblock tvblock tvcss_1"><div class="rte_zone tveditor1">
<ol>
<li> The direct effect is not statistically significant. <br /> Correct </li>
<li> The indirect effect is not statistically significant. <br /> Incorrect </li>
<li> The direct effect is statistically significant. <br /> Incorrect </li>
<li> Both the direct and indirect are statistically significant. <br /> Incorrect </li>
</ol>
</div>
</div>
</modalFeedback>
<modalFeedback identifier="PARTIAL_CORRECT" outcomeIdentifier="FEEDBACK" showHide="show">
<div class="textblock tvblock tvcss_1"><div class="rte_zone tveditor1">
<ol>
<li> The direct effect is not statistically significant. <br /> Correct </li>
<li> The indirect effect is not statistically significant. <br /> Incorrect </li>
<li> The direct effect is statistically significant. <br /> Incorrect </li>
<li> Both the direct and indirect are statistically significant. <br /> Incorrect </li>
</ol>
</div>
</div>
</modalFeedback>
</assessmentItem>
