<?xml version="1.0" encoding="UTF-8"?>
<assessmentItem xsi:schemaLocation="http://www.imsglobal.org/xsd/imsqti_v2p1 http://www.imsglobal.org/xsd/qti/qtiv2p1/imsqti_v2p1p1.xsd http://www.w3.org/1998/Math/MathML http://www.w3.org/Math/XMLSchema/mathml2/mathml2.xsd" identifier="uva-rules-for-expected-values-1083-nl-ans_152552838_section_1_item_1_schoice" title="Probability_uva-rules-for-expected-values-1083-nl_uva-rules-for-expected-values-1083-nl_schoice_1" adaptive="false" timeDependent="false" xmlns="http://www.imsglobal.org/xsd/imsqti_v2p1" xmlns:xsi="http://www.w3.org/2001/XMLSchema-instance">
<responseDeclaration identifier="uva-rules-for-expected-values-1083-nl-ans_152552838_section_1_item_1_schoice_RESPONSE_1_1881747" cardinality="single" baseType="identifier">
<correctResponse>
<value>uva-rules-for-expected-values-1083-nl-ans_152552838_section_1_item_1_schoice_4_2440242974</value>
</correctResponse>
<mapping defaultValue="0" lowerBound="0.0">
<mapEntry mapKey="uva-rules-for-expected-values-1083-nl-ans_152552838_section_1_item_1_schoice_1_5626591108" mappedValue="0"/>
<mapEntry mapKey="uva-rules-for-expected-values-1083-nl-ans_152552838_section_1_item_1_schoice_2_1061616074" mappedValue="0"/>
<mapEntry mapKey="uva-rules-for-expected-values-1083-nl-ans_152552838_section_1_item_1_schoice_3_1820694543" mappedValue="0"/>
<mapEntry mapKey="uva-rules-for-expected-values-1083-nl-ans_152552838_section_1_item_1_schoice_4_2440242974" mappedValue="1"/>
</mapping>
</responseDeclaration>
<outcomeDeclaration identifier="SCORE" cardinality="single" baseType="float" normalMaximum="1" normalMinimum="0">
<defaultValue>
<value>0.0</value>
</defaultValue>
</outcomeDeclaration>
<outcomeDeclaration identifier="MAXSCORE" cardinality="single" baseType="float">
<defaultValue>
<value>1</value>
</defaultValue>
</outcomeDeclaration>
<outcomeDeclaration identifier="FEEDBACKBASIC" cardinality="single" baseType="identifier" view="testConstructor">
<defaultValue>
<value>empty</value>
</defaultValue>
</outcomeDeclaration>
<outcomeDeclaration identifier="FEEDBACKMODAL" cardinality="multiple" baseType="identifier" view="testConstructor"/>
<outcomeDeclaration identifier="SOLUTIONMODAL" cardinality="single" baseType="identifier" view="testConstructor"/>
<outcomeDeclaration identifier="MINSCORE" cardinality="single" baseType="float">
<defaultValue>
<value baseType="float">0</value>
</defaultValue>
</outcomeDeclaration>
<outcomeDeclaration identifier="SCORE_RESPONSE_1" cardinality="single" baseType="float">
<defaultValue>
<value>0.0</value>
</defaultValue>
</outcomeDeclaration>
<outcomeDeclaration identifier="MINSCORE_RESPONSE_1" cardinality="single" baseType="float">
<defaultValue>
<value>0.0</value>
</defaultValue>
</outcomeDeclaration>
<itemBody>
<p>Gooi een zuivere dobbelsteen op. Definieer de volgende gebeurtenissen:<br />
<br />
A = het aantal ogen dat na het werpen boven ligt is kleiner dan 4,<br />
B = het aantal ogen dat na het werpen boven ligt is even.<br />
<br />
Wat is dan de kans op P(A en B)?</p>
<choiceInteraction responseIdentifier="uva-rules-for-expected-values-1083-nl-ans_152552838_section_1_item_1_schoice_RESPONSE_1_1881747" shuffle="false" maxChoices="1">
<simpleChoice identifier="uva-rules-for-expected-values-1083-nl-ans_152552838_section_1_item_1_schoice_1_5626591108">
<p>
 1/2
</p>
</simpleChoice>
<simpleChoice identifier="uva-rules-for-expected-values-1083-nl-ans_152552838_section_1_item_1_schoice_2_1061616074">
<p>
 1/3
</p>
</simpleChoice>
<simpleChoice identifier="uva-rules-for-expected-values-1083-nl-ans_152552838_section_1_item_1_schoice_3_1820694543">
<p>
 1/4
</p>
</simpleChoice>
<simpleChoice identifier="uva-rules-for-expected-values-1083-nl-ans_152552838_section_1_item_1_schoice_4_2440242974">
<p>
 1/6
</p>
</simpleChoice>
</choiceInteraction>
</itemBody>
<responseProcessing>
<setOutcomeValue identifier="SCORE_RESPONSE_1">
<sum>
<variable identifier="SCORE_RESPONSE_1"/>
<mapResponse identifier="uva-rules-for-expected-values-1083-nl-ans_152552838_section_1_item_1_schoice_RESPONSE_1_1881747"/>
</sum>
</setOutcomeValue>
<responseCondition>
<responseIf>
<lt>
<variable identifier="SCORE_RESPONSE_1"/>
<variable identifier="MINSCORE_RESPONSE_1"/>
</lt>
<setOutcomeValue identifier="SCORE_RESPONSE_1">
<variable identifier="MINSCORE_RESPONSE_1"/>
</setOutcomeValue>
</responseIf>
</responseCondition>
<responseCondition>
<responseIf>
<isNull>
<variable identifier="uva-rules-for-expected-values-1083-nl-ans_152552838_section_1_item_1_schoice_RESPONSE_1_1881747"/>
</isNull>
<setOutcomeValue identifier="SCORE_RESPONSE_1">
<sum>
<variable identifier="SCORE_RESPONSE_1"/>
<baseValue baseType="float">0</baseValue>
</sum>
</setOutcomeValue>
</responseIf>
</responseCondition>
<setOutcomeValue identifier="SCORE">
<sum>
<variable identifier="SCORE_RESPONSE_1"/>
</sum>
</setOutcomeValue>
<responseCondition>
<responseIf>
<lt>
<variable identifier="SCORE"/>
<variable identifier="MINSCORE"/>
</lt>
<setOutcomeValue identifier="SCORE">
<variable identifier="MINSCORE"/>
</setOutcomeValue>
</responseIf>
</responseCondition>
<responseCondition>
<responseIf>
<lt>
<variable identifier="SCORE"/>
<baseValue baseType="float">1</baseValue>
</lt>
<setOutcomeValue identifier="FEEDBACKMODAL">
<multiple>
<variable identifier="FEEDBACKMODAL"/>
<baseValue baseType="identifier">Feedback128983144</baseValue>
</multiple>
</setOutcomeValue>
</responseIf>
</responseCondition>
</responseProcessing>
<modalFeedback outcomeIdentifier="FEEDBACK" showHide="show" identifier="incorrect">
<ul>
<li> 1/2 <br /> 1/2: Incorrect </li>
<li> 1/3 <br /> 1/3: Incorrect </li>
<li> 1/4 <br /> 1/4: Incorrect </li>
<li> 1/6 <br /> 1/6: Correct </li>
</ul>
</modalFeedback>
</assessmentItem>
