<?xml version="1.0" encoding="UTF-8"?>
<assessmentItem xsi:schemaLocation="http://www.imsglobal.org/xsd/imsqti_v2p1 http://www.imsglobal.org/xsd/qti/qtiv2p1/imsqti_v2p1p1.xsd http://www.w3.org/1998/Math/MathML http://www.w3.org/Math/XMLSchema/mathml2/mathml2.xsd" identifier="uva-general-rules-1186-nl-ans_325371703_section_1_item_1_schoice" title="Probability_uva-general-rules-1186-nl_uva-general-rules-1186-nl_schoice_1" adaptive="false" timeDependent="false" xmlns="http://www.imsglobal.org/xsd/imsqti_v2p1" xmlns:xsi="http://www.w3.org/2001/XMLSchema-instance">
<responseDeclaration identifier="uva-general-rules-1186-nl-ans_325371703_section_1_item_1_schoice_RESPONSE_1_7422080" cardinality="single" baseType="identifier">
<correctResponse>
<value>uva-general-rules-1186-nl-ans_325371703_section_1_item_1_schoice_3_5135988659</value>
</correctResponse>
<mapping defaultValue="0" lowerBound="0.0">
<mapEntry mapKey="uva-general-rules-1186-nl-ans_325371703_section_1_item_1_schoice_1_8332415142" mappedValue="0"/>
<mapEntry mapKey="uva-general-rules-1186-nl-ans_325371703_section_1_item_1_schoice_2_9278061515" mappedValue="0"/>
<mapEntry mapKey="uva-general-rules-1186-nl-ans_325371703_section_1_item_1_schoice_3_5135988659" mappedValue="1"/>
<mapEntry mapKey="uva-general-rules-1186-nl-ans_325371703_section_1_item_1_schoice_4_9641410980" mappedValue="0"/>
<mapEntry mapKey="uva-general-rules-1186-nl-ans_325371703_section_1_item_1_schoice_5_8937921675" mappedValue="0"/>
</mapping>
</responseDeclaration>
<outcomeDeclaration identifier="SCORE" cardinality="single" baseType="float" normalMaximum="1" normalMinimum="0">
<defaultValue>
<value>0.0</value>
</defaultValue>
</outcomeDeclaration>
<outcomeDeclaration identifier="MAXSCORE" cardinality="single" baseType="float">
<defaultValue>
<value>1</value>
</defaultValue>
</outcomeDeclaration>
<outcomeDeclaration identifier="FEEDBACKBASIC" cardinality="single" baseType="identifier" view="testConstructor">
<defaultValue>
<value>empty</value>
</defaultValue>
</outcomeDeclaration>
<outcomeDeclaration identifier="FEEDBACKMODAL" cardinality="multiple" baseType="identifier" view="testConstructor"/>
<outcomeDeclaration identifier="SOLUTIONMODAL" cardinality="single" baseType="identifier" view="testConstructor"/>
<outcomeDeclaration identifier="MINSCORE" cardinality="single" baseType="float">
<defaultValue>
<value baseType="float">0</value>
</defaultValue>
</outcomeDeclaration>
<outcomeDeclaration identifier="SCORE_RESPONSE_1" cardinality="single" baseType="float">
<defaultValue>
<value>0.0</value>
</defaultValue>
</outcomeDeclaration>
<outcomeDeclaration identifier="MINSCORE_RESPONSE_1" cardinality="single" baseType="float">
<defaultValue>
<value>0.0</value>
</defaultValue>
</outcomeDeclaration>
<itemBody>
<p>Elke ochtend gooit Daan een zuivere dobbelsteen. Als hij een 1 of 2
gooit dan gaat hij voetballen. Als hij een 3, 4, 5 of 6 gooit dan gaat
hij hardlopen. Wat is de kans dat hij van de komende vijf dagen er
precies twee gaat hardlopen?</p>
<choiceInteraction responseIdentifier="uva-general-rules-1186-nl-ans_325371703_section_1_item_1_schoice_RESPONSE_1_7422080" shuffle="false" maxChoices="1">
<simpleChoice identifier="uva-general-rules-1186-nl-ans_325371703_section_1_item_1_schoice_1_8332415142">
<p>
 0,111
</p>
</simpleChoice>
<simpleChoice identifier="uva-general-rules-1186-nl-ans_325371703_section_1_item_1_schoice_2_9278061515">
<p>
 0,400
</p>
</simpleChoice>
<simpleChoice identifier="uva-general-rules-1186-nl-ans_325371703_section_1_item_1_schoice_3_5135988659">
<p>
 0,165
</p>
</simpleChoice>
<simpleChoice identifier="uva-general-rules-1186-nl-ans_325371703_section_1_item_1_schoice_4_9641410980">
<p>
 0,329
</p>
</simpleChoice>
<simpleChoice identifier="uva-general-rules-1186-nl-ans_325371703_section_1_item_1_schoice_5_8937921675">
<p>
 0,671
</p>
</simpleChoice>
</choiceInteraction>
</itemBody>
<responseProcessing>
<setOutcomeValue identifier="SCORE_RESPONSE_1">
<sum>
<variable identifier="SCORE_RESPONSE_1"/>
<mapResponse identifier="uva-general-rules-1186-nl-ans_325371703_section_1_item_1_schoice_RESPONSE_1_7422080"/>
</sum>
</setOutcomeValue>
<responseCondition>
<responseIf>
<lt>
<variable identifier="SCORE_RESPONSE_1"/>
<variable identifier="MINSCORE_RESPONSE_1"/>
</lt>
<setOutcomeValue identifier="SCORE_RESPONSE_1">
<variable identifier="MINSCORE_RESPONSE_1"/>
</setOutcomeValue>
</responseIf>
</responseCondition>
<responseCondition>
<responseIf>
<isNull>
<variable identifier="uva-general-rules-1186-nl-ans_325371703_section_1_item_1_schoice_RESPONSE_1_7422080"/>
</isNull>
<setOutcomeValue identifier="SCORE_RESPONSE_1">
<sum>
<variable identifier="SCORE_RESPONSE_1"/>
<baseValue baseType="float">0</baseValue>
</sum>
</setOutcomeValue>
</responseIf>
</responseCondition>
<setOutcomeValue identifier="SCORE">
<sum>
<variable identifier="SCORE_RESPONSE_1"/>
</sum>
</setOutcomeValue>
<responseCondition>
<responseIf>
<lt>
<variable identifier="SCORE"/>
<variable identifier="MINSCORE"/>
</lt>
<setOutcomeValue identifier="SCORE">
<variable identifier="MINSCORE"/>
</setOutcomeValue>
</responseIf>
</responseCondition>
<responseCondition>
<responseIf>
<lt>
<variable identifier="SCORE"/>
<baseValue baseType="float">1</baseValue>
</lt>
<setOutcomeValue identifier="FEEDBACKMODAL">
<multiple>
<variable identifier="FEEDBACKMODAL"/>
<baseValue baseType="identifier">Feedback457873014</baseValue>
</multiple>
</setOutcomeValue>
</responseIf>
</responseCondition>
</responseProcessing>
<modalFeedback outcomeIdentifier="FEEDBACK" showHide="show" identifier="incorrect">
<ul>
<li> 0,111 <br /> 0,111: Incorrect </li>
<li> 0,400 <br /> 0,400: Incorrect </li>
<li> 0,165 <br /> 0,165: Correct </li>
<li> 0,329 <br /> 0,329: Incorrect </li>
<li> 0,671 <br /> 0,671: Incorrect </li>
</ul>
</modalFeedback>
</assessmentItem>
