<?xml version="1.0" encoding="utf-8" standalone="yes"?>
<assessmentItem identifier="uu-Graphs-800-en-tv_202601131820_item_1_schoice" title="uu-Graphs-800-en-tv_202601131820_item_1_schoice_uu-Graphs-800-en" adaptive="false" timeDependent="false" toolName="Testvision Online" toolVersion="39.0.9084" xmlns="http://www.imsglobal.org/xsd/imsqti_v2p1">
<responseDeclaration identifier="RESPONSE" cardinality="single" baseType="identifier">
<correctResponse>
<value>alt_223165</value>
</correctResponse>
<mapping defaultValue="0" lowerBound="0.0">
<mapEntry mapKey="alt_223165" mappedValue="1"/>
<mapEntry mapKey="alt_694741" mappedValue="-0.333333333333333"/>
<mapEntry mapKey="alt_149279" mappedValue="-0.333333333333333"/>
<mapEntry mapKey="alt_980645" mappedValue="-0.333333333333333"/>
</mapping>
</responseDeclaration>
<outcomeDeclaration identifier="SCORE" cardinality="single" baseType="float" normalMaximum="1" normalMinimum="0" />
<outcomeDeclaration identifier="FEEDBACK" cardinality="single" baseType="identifier" />
<stylesheet href="css/uu-Graphs-800-en-tv_202601131820_item_1_schoice.css" type="text/css" />
<itemBody>
<p>After taking a survey, you want to display a frequency distribution of respondents’ religion and age with a histogram or bar chart. Which views are most appropriate?</p>
<choiceInteraction responseIdentifier="RESPONSE" shuffle="false" maxChoices="1">
<simpleChoice identifier="alt_223165">
<div class="textblock tvblock tvcss_1"><div class="rte_zone tveditor1">
 Religion with a bar chart and age with a histogram.
</div>
</div>
</simpleChoice>
<simpleChoice identifier="alt_694741">
<div class="textblock tvblock tvcss_1"><div class="rte_zone tveditor1">
 Religion with a histogram and age with a bar graph.
</div>
</div>
</simpleChoice>
<simpleChoice identifier="alt_149279">
<div class="textblock tvblock tvcss_1"><div class="rte_zone tveditor1">
 Both with a bar graph.
</div>
</div>
</simpleChoice>
<simpleChoice identifier="alt_980645">
<div class="textblock tvblock tvcss_1"><div class="rte_zone tveditor1">
 Both with a histogram.
</div>
</div>
</simpleChoice>
</choiceInteraction>
</itemBody>
<responseProcessing>
<responseCondition>
<responseIf>
<isNull>
<variable identifier="RESPONSE"/>
</isNull>
<setOutcomeValue identifier="SCORE">
<baseValue baseType="float">0.0</baseValue>
</setOutcomeValue>
<setOutcomeValue identifier="FEEDBACK">
<baseValue baseType="identifier">FAILURE</baseValue>
</setOutcomeValue>
</responseIf>
<responseElse>
<setOutcomeValue identifier="SCORE">
<mapResponse identifier="RESPONSE"/>
</setOutcomeValue>
<responseCondition>
<responseIf>
<equal toleranceMode="relative" tolerance="0.001">
<variable identifier="SCORE"/>
<variable identifier="MAXSCORE"/>
</equal>
<setOutcomeValue identifier="FEEDBACK">
<baseValue baseType="identifier">ANSWER_CORRECT</baseValue>
</setOutcomeValue>
</responseIf>
<responseElse>
<setOutcomeValue identifier="FEEDBACK">
<baseValue baseType="identifier">FAILURE</baseValue>
</setOutcomeValue>
</responseElse>
</responseCondition>
</responseElse>
</responseCondition>
</responseProcessing>
<modalFeedback identifier="FAILURE" outcomeIdentifier="FEEDBACK" showHide="show">
<div class="textblock tvblock tvcss_1"><div class="rte_zone tveditor1">
</div>
</div>
</modalFeedback>
<modalFeedback identifier="ANSWER_CORRECT" outcomeIdentifier="FEEDBACK" showHide="show">
<div class="textblock tvblock tvcss_1"><div class="rte_zone tveditor1">
</div>
</div>
</modalFeedback>
<modalFeedback identifier="PARTIAL_CORRECT" outcomeIdentifier="FEEDBACK" showHide="show">
<div class="textblock tvblock tvcss_1"><div class="rte_zone tveditor1">
</div>
</div>
</modalFeedback>
</assessmentItem>
