<?xml version="1.0" encoding="UTF-8"?>
<assessmentItem xsi:schemaLocation="http://www.imsglobal.org/xsd/imsqti_v2p1 http://www.imsglobal.org/xsd/qti/qtiv2p1/imsqti_v2p1p1.xsd http://www.w3.org/1998/Math/MathML http://www.w3.org/Math/XMLSchema/mathml2/mathml2.xsd" identifier="uva-value-846-nl-ans_921859216_section_1_item_1_schoice" title="Inferential_Statistics_uva-value-846-nl_uva-value-846-nl_schoice_1" adaptive="false" timeDependent="false" xmlns="http://www.imsglobal.org/xsd/imsqti_v2p1" xmlns:xsi="http://www.w3.org/2001/XMLSchema-instance">
<responseDeclaration identifier="uva-value-846-nl-ans_921859216_section_1_item_1_schoice_RESPONSE_1_5742232" cardinality="single" baseType="identifier">
<correctResponse>
<value>uva-value-846-nl-ans_921859216_section_1_item_1_schoice_1_2134940592</value>
</correctResponse>
<mapping defaultValue="0" lowerBound="0.0">
<mapEntry mapKey="uva-value-846-nl-ans_921859216_section_1_item_1_schoice_1_2134940592" mappedValue="1"/>
<mapEntry mapKey="uva-value-846-nl-ans_921859216_section_1_item_1_schoice_2_2686316396" mappedValue="0"/>
<mapEntry mapKey="uva-value-846-nl-ans_921859216_section_1_item_1_schoice_3_2915226063" mappedValue="0"/>
</mapping>
</responseDeclaration>
<outcomeDeclaration identifier="SCORE" cardinality="single" baseType="float" normalMaximum="1" normalMinimum="0">
<defaultValue>
<value>0.0</value>
</defaultValue>
</outcomeDeclaration>
<outcomeDeclaration identifier="MAXSCORE" cardinality="single" baseType="float">
<defaultValue>
<value>1</value>
</defaultValue>
</outcomeDeclaration>
<outcomeDeclaration identifier="FEEDBACKBASIC" cardinality="single" baseType="identifier" view="testConstructor">
<defaultValue>
<value>empty</value>
</defaultValue>
</outcomeDeclaration>
<outcomeDeclaration identifier="FEEDBACKMODAL" cardinality="multiple" baseType="identifier" view="testConstructor"/>
<outcomeDeclaration identifier="SOLUTIONMODAL" cardinality="single" baseType="identifier" view="testConstructor"/>
<outcomeDeclaration identifier="MINSCORE" cardinality="single" baseType="float">
<defaultValue>
<value baseType="float">0</value>
</defaultValue>
</outcomeDeclaration>
<outcomeDeclaration identifier="SCORE_RESPONSE_1" cardinality="single" baseType="float">
<defaultValue>
<value>0.0</value>
</defaultValue>
</outcomeDeclaration>
<outcomeDeclaration identifier="MINSCORE_RESPONSE_1" cardinality="single" baseType="float">
<defaultValue>
<value>0.0</value>
</defaultValue>
</outcomeDeclaration>
<itemBody>
<p>Het aantal ec's dat studenten economie tijdens de eerste drie jaar van
hun studie behalen is normaal verdeeld met gemiddelde 150 en
standaarddeviatie 15. Studente Sandra B. heeft 165 ec's behaald.
Hoeveel procent van de studenten heeft minder ec's behaald dan Sandra?</p>
<choiceInteraction responseIdentifier="uva-value-846-nl-ans_921859216_section_1_item_1_schoice_RESPONSE_1_5742232" shuffle="false" maxChoices="1">
<simpleChoice identifier="uva-value-846-nl-ans_921859216_section_1_item_1_schoice_1_2134940592">
<p>
 84%
</p>
</simpleChoice>
<simpleChoice identifier="uva-value-846-nl-ans_921859216_section_1_item_1_schoice_2_2686316396">
<p>
 91%
</p>
</simpleChoice>
<simpleChoice identifier="uva-value-846-nl-ans_921859216_section_1_item_1_schoice_3_2915226063">
<p>
 98%
</p>
</simpleChoice>
</choiceInteraction>
</itemBody>
<responseProcessing>
<setOutcomeValue identifier="SCORE_RESPONSE_1">
<sum>
<variable identifier="SCORE_RESPONSE_1"/>
<mapResponse identifier="uva-value-846-nl-ans_921859216_section_1_item_1_schoice_RESPONSE_1_5742232"/>
</sum>
</setOutcomeValue>
<responseCondition>
<responseIf>
<lt>
<variable identifier="SCORE_RESPONSE_1"/>
<variable identifier="MINSCORE_RESPONSE_1"/>
</lt>
<setOutcomeValue identifier="SCORE_RESPONSE_1">
<variable identifier="MINSCORE_RESPONSE_1"/>
</setOutcomeValue>
</responseIf>
</responseCondition>
<responseCondition>
<responseIf>
<isNull>
<variable identifier="uva-value-846-nl-ans_921859216_section_1_item_1_schoice_RESPONSE_1_5742232"/>
</isNull>
<setOutcomeValue identifier="SCORE_RESPONSE_1">
<sum>
<variable identifier="SCORE_RESPONSE_1"/>
<baseValue baseType="float">0</baseValue>
</sum>
</setOutcomeValue>
</responseIf>
</responseCondition>
<setOutcomeValue identifier="SCORE">
<sum>
<variable identifier="SCORE_RESPONSE_1"/>
</sum>
</setOutcomeValue>
<responseCondition>
<responseIf>
<lt>
<variable identifier="SCORE"/>
<variable identifier="MINSCORE"/>
</lt>
<setOutcomeValue identifier="SCORE">
<variable identifier="MINSCORE"/>
</setOutcomeValue>
</responseIf>
</responseCondition>
<responseCondition>
<responseIf>
<lt>
<variable identifier="SCORE"/>
<baseValue baseType="float">1</baseValue>
</lt>
<setOutcomeValue identifier="FEEDBACKMODAL">
<multiple>
<variable identifier="FEEDBACKMODAL"/>
<baseValue baseType="identifier">Feedback169819440</baseValue>
</multiple>
</setOutcomeValue>
</responseIf>
</responseCondition>
</responseProcessing>
<modalFeedback outcomeIdentifier="FEEDBACK" showHide="show" identifier="incorrect">
<ul>
<li> 84% <br /> 84%: Correct </li>
<li> 91% <br /> 91%: Incorrect </li>
<li> 98% <br /> 98%: Incorrect </li>
</ul>
</modalFeedback>
</assessmentItem>
