<?xml version="1.0" encoding="UTF-8"?>
<assessmentItem xsi:schemaLocation="http://www.imsglobal.org/xsd/imsqti_v2p1 http://www.imsglobal.org/xsd/qti/qtiv2p1/imsqti_v2p1p1.xsd http://www.w3.org/1998/Math/MathML http://www.w3.org/Math/XMLSchema/mathml2/mathml2.xsd" identifier="uva-random-variables-302-en-ans_118069272_section_1_item_1_schoice" title="Probability_uva-random-variables-302-en_uva-random-variables-302-en_schoice_1" adaptive="false" timeDependent="false" xmlns="http://www.imsglobal.org/xsd/imsqti_v2p1" xmlns:xsi="http://www.w3.org/2001/XMLSchema-instance">
<responseDeclaration identifier="uva-random-variables-302-en-ans_118069272_section_1_item_1_schoice_RESPONSE_1_1756638" cardinality="single" baseType="identifier">
<correctResponse>
<value>uva-random-variables-302-en-ans_118069272_section_1_item_1_schoice_2_1879650834</value>
</correctResponse>
<mapping defaultValue="0" lowerBound="0.0">
<mapEntry mapKey="uva-random-variables-302-en-ans_118069272_section_1_item_1_schoice_1_3727087134" mappedValue="0"/>
<mapEntry mapKey="uva-random-variables-302-en-ans_118069272_section_1_item_1_schoice_2_1879650834" mappedValue="1"/>
<mapEntry mapKey="uva-random-variables-302-en-ans_118069272_section_1_item_1_schoice_3_1584645105" mappedValue="0"/>
<mapEntry mapKey="uva-random-variables-302-en-ans_118069272_section_1_item_1_schoice_4_4475592723" mappedValue="0"/>
</mapping>
</responseDeclaration>
<outcomeDeclaration identifier="SCORE" cardinality="single" baseType="float" normalMaximum="1" normalMinimum="0">
<defaultValue>
<value>0.0</value>
</defaultValue>
</outcomeDeclaration>
<outcomeDeclaration identifier="MAXSCORE" cardinality="single" baseType="float">
<defaultValue>
<value>1</value>
</defaultValue>
</outcomeDeclaration>
<outcomeDeclaration identifier="FEEDBACKBASIC" cardinality="single" baseType="identifier" view="testConstructor">
<defaultValue>
<value>empty</value>
</defaultValue>
</outcomeDeclaration>
<outcomeDeclaration identifier="FEEDBACKMODAL" cardinality="multiple" baseType="identifier" view="testConstructor"/>
<outcomeDeclaration identifier="SOLUTIONMODAL" cardinality="single" baseType="identifier" view="testConstructor"/>
<outcomeDeclaration identifier="MINSCORE" cardinality="single" baseType="float">
<defaultValue>
<value baseType="float">0</value>
</defaultValue>
</outcomeDeclaration>
<outcomeDeclaration identifier="SCORE_RESPONSE_1" cardinality="single" baseType="float">
<defaultValue>
<value>0.0</value>
</defaultValue>
</outcomeDeclaration>
<outcomeDeclaration identifier="MINSCORE_RESPONSE_1" cardinality="single" baseType="float">
<defaultValue>
<value>0.0</value>
</defaultValue>
</outcomeDeclaration>
<itemBody>
<p>Of 80 patients with cancer in the head and neck area, a depression score was determined using the CES-D score list, a score for depression was determined. This score was then assigned to one of three classes. Also, the gender of the patient was noted. The results are shown in the cross tabulation below shown.</p>
<p>———— ————- —————– ————- Frequency CES-D &lt; 10 10 ≤ CES-D ≤ 16 CES-D &gt; 16 male 5 15 10 female 6 20 24 ———— ————- —————– ————-</p>
<p>The probability that the person drawn has a CES-D score greater than 16, given that it is a woman, is equal to</p>
<choiceInteraction responseIdentifier="uva-random-variables-302-en-ans_118069272_section_1_item_1_schoice_RESPONSE_1_1756638" shuffle="false" maxChoices="1">
<simpleChoice identifier="uva-random-variables-302-en-ans_118069272_section_1_item_1_schoice_1_3727087134">
<p>
 0.3
</p>
</simpleChoice>
<simpleChoice identifier="uva-random-variables-302-en-ans_118069272_section_1_item_1_schoice_2_1879650834">
<p>
 0.48
</p>
</simpleChoice>
<simpleChoice identifier="uva-random-variables-302-en-ans_118069272_section_1_item_1_schoice_3_1584645105">
<p>
 0.71
</p>
</simpleChoice>
<simpleChoice identifier="uva-random-variables-302-en-ans_118069272_section_1_item_1_schoice_4_4475592723">
<p>
 0.75
</p>
</simpleChoice>
</choiceInteraction>
</itemBody>
<responseProcessing>
<setOutcomeValue identifier="SCORE_RESPONSE_1">
<sum>
<variable identifier="SCORE_RESPONSE_1"/>
<mapResponse identifier="uva-random-variables-302-en-ans_118069272_section_1_item_1_schoice_RESPONSE_1_1756638"/>
</sum>
</setOutcomeValue>
<responseCondition>
<responseIf>
<lt>
<variable identifier="SCORE_RESPONSE_1"/>
<variable identifier="MINSCORE_RESPONSE_1"/>
</lt>
<setOutcomeValue identifier="SCORE_RESPONSE_1">
<variable identifier="MINSCORE_RESPONSE_1"/>
</setOutcomeValue>
</responseIf>
</responseCondition>
<responseCondition>
<responseIf>
<isNull>
<variable identifier="uva-random-variables-302-en-ans_118069272_section_1_item_1_schoice_RESPONSE_1_1756638"/>
</isNull>
<setOutcomeValue identifier="SCORE_RESPONSE_1">
<sum>
<variable identifier="SCORE_RESPONSE_1"/>
<baseValue baseType="float">0</baseValue>
</sum>
</setOutcomeValue>
</responseIf>
</responseCondition>
<setOutcomeValue identifier="SCORE">
<sum>
<variable identifier="SCORE_RESPONSE_1"/>
</sum>
</setOutcomeValue>
<responseCondition>
<responseIf>
<lt>
<variable identifier="SCORE"/>
<variable identifier="MINSCORE"/>
</lt>
<setOutcomeValue identifier="SCORE">
<variable identifier="MINSCORE"/>
</setOutcomeValue>
</responseIf>
</responseCondition>
<responseCondition>
<responseIf>
<lt>
<variable identifier="SCORE"/>
<baseValue baseType="float">1</baseValue>
</lt>
<setOutcomeValue identifier="FEEDBACKMODAL">
<multiple>
<variable identifier="FEEDBACKMODAL"/>
<baseValue baseType="identifier">Feedback777586237</baseValue>
</multiple>
</setOutcomeValue>
</responseIf>
</responseCondition>
</responseProcessing>
<modalFeedback outcomeIdentifier="FEEDBACK" showHide="show" identifier="incorrect">
<ul>
<li> 0.3 <br /> 0.3: Incorrect </li>
<li> 0.48 <br /> 0.48: Correct </li>
<li> 0.71 <br /> 0.71: Incorrect </li>
<li> 0.75 <br /> 0.75: Incorrect </li>
</ul>
</modalFeedback>
</assessmentItem>
