<?xml version="1.0" encoding="utf-8" standalone="yes"?>
<assessmentItem identifier="vufsw-cronbach'salpha-1248-nl-tv_202601131824_item_1_schoice" title="vufsw-cronbach'salpha-1248-nl-tv_202601131824_item_1_schoice_vufsw-cronbach'salpha-1248-nl" adaptive="false" timeDependent="false" toolName="Testvision Online" toolVersion="39.0.9084" xmlns="http://www.imsglobal.org/xsd/imsqti_v2p1">
<responseDeclaration identifier="RESPONSE" cardinality="single" baseType="identifier">
<correctResponse>
<value>alt_689732</value>
</correctResponse>
<mapping defaultValue="0" lowerBound="0.0">
<mapEntry mapKey="alt_156342" mappedValue="-0.333333333333333"/>
<mapEntry mapKey="alt_625902" mappedValue="-0.333333333333333"/>
<mapEntry mapKey="alt_689732" mappedValue="1"/>
<mapEntry mapKey="alt_580664" mappedValue="-0.333333333333333"/>
</mapping>
</responseDeclaration>
<outcomeDeclaration identifier="SCORE" cardinality="single" baseType="float" normalMaximum="1" normalMinimum="0" />
<outcomeDeclaration identifier="FEEDBACK" cardinality="single" baseType="identifier" />
<stylesheet href="css/vufsw-cronbach'salpha-1248-nl-tv_202601131824_item_1_schoice.css" type="text/css" />
<itemBody>
<p>De correlaties tussen de items van twee meetinstrumenten zijn als volgt als volgt:</p>
<p><img src="vufsw-cronbach&#39;salpha-1248-nl.png" alt="image"/></p>
<p>Van welk meetinstrument zal de interne consistentie van de schaal (de Cronbach’s alpha) hoger zijn?</p>
<choiceInteraction responseIdentifier="RESPONSE" shuffle="false" maxChoices="1">
<simpleChoice identifier="alt_156342">
<div class="textblock tvblock tvcss_1"><div class="rte_zone tveditor1">
 Op basis van deze informatie is het niet mogelijk om te bepalen welke Cronbach’s alpha hoger is.
</div>
</div>
</simpleChoice>
<simpleChoice identifier="alt_625902">
<div class="textblock tvblock tvcss_1"><div class="rte_zone tveditor1">
 De Cronbach’s alpha van meetinstrument 2 is hoger.
</div>
</div>
</simpleChoice>
<simpleChoice identifier="alt_689732">
<div class="textblock tvblock tvcss_1"><div class="rte_zone tveditor1">
 De Cronbach’s alpha van meetinstrument 1 is hoger.
</div>
</div>
</simpleChoice>
<simpleChoice identifier="alt_580664">
<div class="textblock tvblock tvcss_1"><div class="rte_zone tveditor1">
 De Cronbach’s alpha’s van beide meetinstrumenten zijn even hoog.
</div>
</div>
</simpleChoice>
</choiceInteraction>
</itemBody>
<responseProcessing>
<responseCondition>
<responseIf>
<isNull>
<variable identifier="RESPONSE"/>
</isNull>
<setOutcomeValue identifier="SCORE">
<baseValue baseType="float">0.0</baseValue>
</setOutcomeValue>
<setOutcomeValue identifier="FEEDBACK">
<baseValue baseType="identifier">FAILURE</baseValue>
</setOutcomeValue>
</responseIf>
<responseElse>
<setOutcomeValue identifier="SCORE">
<mapResponse identifier="RESPONSE"/>
</setOutcomeValue>
<responseCondition>
<responseIf>
<equal toleranceMode="relative" tolerance="0.001">
<variable identifier="SCORE"/>
<variable identifier="MAXSCORE"/>
</equal>
<setOutcomeValue identifier="FEEDBACK">
<baseValue baseType="identifier">ANSWER_CORRECT</baseValue>
</setOutcomeValue>
</responseIf>
<responseElse>
<setOutcomeValue identifier="FEEDBACK">
<baseValue baseType="identifier">FAILURE</baseValue>
</setOutcomeValue>
</responseElse>
</responseCondition>
</responseElse>
</responseCondition>
</responseProcessing>
<modalFeedback identifier="FAILURE" outcomeIdentifier="FEEDBACK" showHide="show">
<div class="textblock tvblock tvcss_1"><div class="rte_zone tveditor1">
<p>De Cronbach’s alpha van instrument 1 is hoger. Omdat de items hoger gecorreleerd zijn.</p>
<p>Taal Nederlands</p>
<p>Moeilijkheidsniveaus Gemakkelijk</p>
<p>M&amp;T BIS Standaardwaarde</p>
<p>M&amp;T Betrouwbaarheid Standaardwaarde</p>
<br />
<ul>
<li> Op basis van deze informatie is het niet mogelijk om te bepalen welke Cronbach’s alpha hoger is. <br /> Onwaar </li>
<li> De Cronbach’s alpha van meetinstrument 2 is hoger. <br /> Onwaar </li>
<li> De Cronbach’s alpha van meetinstrument 1 is hoger. <br /> Waar </li>
<li> De Cronbach’s alpha’s van beide meetinstrumenten zijn even hoog. <br /> Onwaar </li>
</ul>
</div>
</div>
</modalFeedback>
<modalFeedback identifier="ANSWER_CORRECT" outcomeIdentifier="FEEDBACK" showHide="show">
<div class="textblock tvblock tvcss_1"><div class="rte_zone tveditor1">
<p>De Cronbach’s alpha van instrument 1 is hoger. Omdat de items hoger gecorreleerd zijn.</p>
<p>Taal Nederlands</p>
<p>Moeilijkheidsniveaus Gemakkelijk</p>
<p>M&amp;T BIS Standaardwaarde</p>
<p>M&amp;T Betrouwbaarheid Standaardwaarde</p>
<br />
<ul>
<li> Op basis van deze informatie is het niet mogelijk om te bepalen welke Cronbach’s alpha hoger is. <br /> Onwaar </li>
<li> De Cronbach’s alpha van meetinstrument 2 is hoger. <br /> Onwaar </li>
<li> De Cronbach’s alpha van meetinstrument 1 is hoger. <br /> Waar </li>
<li> De Cronbach’s alpha’s van beide meetinstrumenten zijn even hoog. <br /> Onwaar </li>
</ul>
</div>
</div>
</modalFeedback>
<modalFeedback identifier="PARTIAL_CORRECT" outcomeIdentifier="FEEDBACK" showHide="show">
<div class="textblock tvblock tvcss_1"><div class="rte_zone tveditor1">
<p>De Cronbach’s alpha van instrument 1 is hoger. Omdat de items hoger gecorreleerd zijn.</p>
<p>Taal Nederlands</p>
<p>Moeilijkheidsniveaus Gemakkelijk</p>
<p>M&amp;T BIS Standaardwaarde</p>
<p>M&amp;T Betrouwbaarheid Standaardwaarde</p>
<br />
<ul>
<li> Op basis van deze informatie is het niet mogelijk om te bepalen welke Cronbach’s alpha hoger is. <br /> Onwaar </li>
<li> De Cronbach’s alpha van meetinstrument 2 is hoger. <br /> Onwaar </li>
<li> De Cronbach’s alpha van meetinstrument 1 is hoger. <br /> Waar </li>
<li> De Cronbach’s alpha’s van beide meetinstrumenten zijn even hoog. <br /> Onwaar </li>
</ul>
</div>
</div>
</modalFeedback>
</assessmentItem>
