<?xml version="1.0" encoding="utf-8" standalone="yes"?>
<assessmentItem identifier="vufgb-suppression-002-en-tv_202601131822_item_1_schoice" title="vufgb-suppression-002-en-tv_202601131822_item_1_schoice_vufgb-suppression-002-en" adaptive="false" timeDependent="false" toolName="Testvision Online" toolVersion="39.0.9084" xmlns="http://www.imsglobal.org/xsd/imsqti_v2p1">
<responseDeclaration identifier="RESPONSE" cardinality="single" baseType="identifier">
<correctResponse>
<value>alt_391037</value>
</correctResponse>
<mapping defaultValue="0" lowerBound="0.0">
<mapEntry mapKey="alt_397931" mappedValue="-0.333333333333333"/>
<mapEntry mapKey="alt_435739" mappedValue="-0.333333333333333"/>
<mapEntry mapKey="alt_391037" mappedValue="1"/>
<mapEntry mapKey="alt_141417" mappedValue="-0.333333333333333"/>
</mapping>
</responseDeclaration>
<outcomeDeclaration identifier="SCORE" cardinality="single" baseType="float" normalMaximum="1" normalMinimum="0" />
<outcomeDeclaration identifier="FEEDBACK" cardinality="single" baseType="identifier" />
<stylesheet href="css/vufgb-suppression-002-en-tv_202601131822_item_1_schoice.css" type="text/css" />
<itemBody>
<p>In an ANCOVA model without interaction the differences in mean reaction times between a control and experimental group are tested, controlling for age. The unadjusted means are 18 milliseconds for both groups. After controlling for age, the adjusted means are 20 milliseconds for the control group and 16 milliseconds for the experimental group. Which multivariate relationship does this indicate?</p>
<choiceInteraction responseIdentifier="RESPONSE" shuffle="false" maxChoices="1">
<simpleChoice identifier="alt_397931">
<div class="textblock tvblock tvcss_1"><div class="rte_zone tveditor1">
 Confounding
</div>
</div>
</simpleChoice>
<simpleChoice identifier="alt_435739">
<div class="textblock tvblock tvcss_1"><div class="rte_zone tveditor1">
 Simpson’s paradox
</div>
</div>
</simpleChoice>
<simpleChoice identifier="alt_391037">
<div class="textblock tvblock tvcss_1"><div class="rte_zone tveditor1">
 Suppressor effect
</div>
</div>
</simpleChoice>
<simpleChoice identifier="alt_141417">
<div class="textblock tvblock tvcss_1"><div class="rte_zone tveditor1">
 Chain of relationships
</div>
</div>
</simpleChoice>
</choiceInteraction>
</itemBody>
<responseProcessing>
<responseCondition>
<responseIf>
<isNull>
<variable identifier="RESPONSE"/>
</isNull>
<setOutcomeValue identifier="SCORE">
<baseValue baseType="float">0.0</baseValue>
</setOutcomeValue>
<setOutcomeValue identifier="FEEDBACK">
<baseValue baseType="identifier">FAILURE</baseValue>
</setOutcomeValue>
</responseIf>
<responseElse>
<setOutcomeValue identifier="SCORE">
<mapResponse identifier="RESPONSE"/>
</setOutcomeValue>
<responseCondition>
<responseIf>
<equal toleranceMode="relative" tolerance="0.001">
<variable identifier="SCORE"/>
<variable identifier="MAXSCORE"/>
</equal>
<setOutcomeValue identifier="FEEDBACK">
<baseValue baseType="identifier">ANSWER_CORRECT</baseValue>
</setOutcomeValue>
</responseIf>
<responseElse>
<setOutcomeValue identifier="FEEDBACK">
<baseValue baseType="identifier">FAILURE</baseValue>
</setOutcomeValue>
</responseElse>
</responseCondition>
</responseElse>
</responseCondition>
</responseProcessing>
<modalFeedback identifier="FAILURE" outcomeIdentifier="FEEDBACK" showHide="show">
<div class="textblock tvblock tvcss_1"><div class="rte_zone tveditor1">
<ul>
<li> Confounding <br /> Incorrect </li>
<li> Simpson’s paradox <br /> Incorrect </li>
<li> Suppressor effect <br /> Correct </li>
<li> Chain of relationships <br /> Incorrect </li>
</ul>
</div>
</div>
</modalFeedback>
<modalFeedback identifier="ANSWER_CORRECT" outcomeIdentifier="FEEDBACK" showHide="show">
<div class="textblock tvblock tvcss_1"><div class="rte_zone tveditor1">
<ul>
<li> Confounding <br /> Incorrect </li>
<li> Simpson’s paradox <br /> Incorrect </li>
<li> Suppressor effect <br /> Correct </li>
<li> Chain of relationships <br /> Incorrect </li>
</ul>
</div>
</div>
</modalFeedback>
<modalFeedback identifier="PARTIAL_CORRECT" outcomeIdentifier="FEEDBACK" showHide="show">
<div class="textblock tvblock tvcss_1"><div class="rte_zone tveditor1">
<ul>
<li> Confounding <br /> Incorrect </li>
<li> Simpson’s paradox <br /> Incorrect </li>
<li> Suppressor effect <br /> Correct </li>
<li> Chain of relationships <br /> Incorrect </li>
</ul>
</div>
</div>
</modalFeedback>
</assessmentItem>
