<?xml version="1.0" encoding="utf-8" standalone="yes"?>
<assessmentItem identifier="eur-inferential_statistics-211-en-tv_202601131823_item_1_schoice" title="eur-inferential_statistics-211-en-tv_202601131823_item_1_schoice_eur-inferential_statistics-211-en" adaptive="false" timeDependent="false" toolName="Testvision Online" toolVersion="39.0.9084" xmlns="http://www.imsglobal.org/xsd/imsqti_v2p1">
<responseDeclaration identifier="RESPONSE" cardinality="single" baseType="identifier">
<correctResponse>
<value>alt_586502</value>
</correctResponse>
<mapping defaultValue="0" lowerBound="0.0">
<mapEntry mapKey="alt_586502" mappedValue="1"/>
<mapEntry mapKey="alt_803611" mappedValue="-0.333333333333333"/>
<mapEntry mapKey="alt_302770" mappedValue="-0.333333333333333"/>
<mapEntry mapKey="alt_766820" mappedValue="-0.333333333333333"/>
</mapping>
</responseDeclaration>
<outcomeDeclaration identifier="SCORE" cardinality="single" baseType="float" normalMaximum="1" normalMinimum="0" />
<outcomeDeclaration identifier="FEEDBACK" cardinality="single" baseType="identifier" />
<stylesheet href="css/eur-inferential_statistics-211-en-tv_202601131823_item_1_schoice.css" type="text/css" />
<itemBody>
<p>In order to select new personnel the police-force uses a procedure in which applicants are rated on three continuous scales: stress-resistance, sociability, and intelligence. To study the validity of this procedure a random sample of police officers is rated on these three psychological scales. Additionally, their supervisor rates their overall functioning on a scale ranging from 0 (poor functioning) to 100 (excellent functioning).</p>
<p>A researcher wants to know whether stress-resistance and sociability together explain a significant proportion of the variation in overall functioning after controlling for intelligence.
Which analysis technique is most suited for this purpose?</p>
<choiceInteraction responseIdentifier="RESPONSE" shuffle="false" maxChoices="1">
<simpleChoice identifier="alt_586502">
<div class="textblock tvblock tvcss_1"><div class="rte_zone tveditor1">
 Hierarchical regression analysis
</div>
</div>
</simpleChoice>
<simpleChoice identifier="alt_803611">
<div class="textblock tvblock tvcss_1"><div class="rte_zone tveditor1">
 Multiple regression analysis (method: enter)
</div>
</div>
</simpleChoice>
<simpleChoice identifier="alt_302770">
<div class="textblock tvblock tvcss_1"><div class="rte_zone tveditor1">
 Mixed ANOVA
</div>
</div>
</simpleChoice>
<simpleChoice identifier="alt_766820">
<div class="textblock tvblock tvcss_1"><div class="rte_zone tveditor1">
 ANCOVA
</div>
</div>
</simpleChoice>
</choiceInteraction>
</itemBody>
<responseProcessing>
<responseCondition>
<responseIf>
<isNull>
<variable identifier="RESPONSE"/>
</isNull>
<setOutcomeValue identifier="SCORE">
<baseValue baseType="float">0.0</baseValue>
</setOutcomeValue>
<setOutcomeValue identifier="FEEDBACK">
<baseValue baseType="identifier">FAILURE</baseValue>
</setOutcomeValue>
</responseIf>
<responseElse>
<setOutcomeValue identifier="SCORE">
<mapResponse identifier="RESPONSE"/>
</setOutcomeValue>
<responseCondition>
<responseIf>
<equal toleranceMode="relative" tolerance="0.001">
<variable identifier="SCORE"/>
<variable identifier="MAXSCORE"/>
</equal>
<setOutcomeValue identifier="FEEDBACK">
<baseValue baseType="identifier">ANSWER_CORRECT</baseValue>
</setOutcomeValue>
</responseIf>
<responseElse>
<setOutcomeValue identifier="FEEDBACK">
<baseValue baseType="identifier">FAILURE</baseValue>
</setOutcomeValue>
</responseElse>
</responseCondition>
</responseElse>
</responseCondition>
</responseProcessing>
<modalFeedback identifier="FAILURE" outcomeIdentifier="FEEDBACK" showHide="show">
<div class="textblock tvblock tvcss_1"><div class="rte_zone tveditor1">
<p>Hierarchical regression analysis is the correct answer. You want to know what the effect is of two continuous variables on overall functioning when controlling for a third continuous variable. Out of these options, only a hierarchical regression will give an answer to this question through R-squared change.</p>
<p>A multiple regression analysis would only test for a general effect (explained variance) and would not control for a specific variable.</p>
<p>Mixed ANOVA is irrelevant as there is no mix of between- and within-subjects factors.</p>
<p>An ANCOVA is also not relevant here. You use an ANCOVA when you want to look at the effect of a categorical independent variable on a continuous dependent variable, while controlling for another continuous variable (covariate) that covariates with the dependent variable. In this case, there is no categorical independent variable.</p>
<br />
<ul>
<li> Hierarchical regression analysis <br /> True </li>
<li> Multiple regression analysis (method: enter) <br /> False </li>
<li> Mixed ANOVA <br /> False </li>
<li> ANCOVA <br /> False </li>
</ul>
</div>
</div>
</modalFeedback>
<modalFeedback identifier="ANSWER_CORRECT" outcomeIdentifier="FEEDBACK" showHide="show">
<div class="textblock tvblock tvcss_1"><div class="rte_zone tveditor1">
<p>Hierarchical regression analysis is the correct answer. You want to know what the effect is of two continuous variables on overall functioning when controlling for a third continuous variable. Out of these options, only a hierarchical regression will give an answer to this question through R-squared change.</p>
<p>A multiple regression analysis would only test for a general effect (explained variance) and would not control for a specific variable.</p>
<p>Mixed ANOVA is irrelevant as there is no mix of between- and within-subjects factors.</p>
<p>An ANCOVA is also not relevant here. You use an ANCOVA when you want to look at the effect of a categorical independent variable on a continuous dependent variable, while controlling for another continuous variable (covariate) that covariates with the dependent variable. In this case, there is no categorical independent variable.</p>
<br />
<ul>
<li> Hierarchical regression analysis <br /> True </li>
<li> Multiple regression analysis (method: enter) <br /> False </li>
<li> Mixed ANOVA <br /> False </li>
<li> ANCOVA <br /> False </li>
</ul>
</div>
</div>
</modalFeedback>
<modalFeedback identifier="PARTIAL_CORRECT" outcomeIdentifier="FEEDBACK" showHide="show">
<div class="textblock tvblock tvcss_1"><div class="rte_zone tveditor1">
<p>Hierarchical regression analysis is the correct answer. You want to know what the effect is of two continuous variables on overall functioning when controlling for a third continuous variable. Out of these options, only a hierarchical regression will give an answer to this question through R-squared change.</p>
<p>A multiple regression analysis would only test for a general effect (explained variance) and would not control for a specific variable.</p>
<p>Mixed ANOVA is irrelevant as there is no mix of between- and within-subjects factors.</p>
<p>An ANCOVA is also not relevant here. You use an ANCOVA when you want to look at the effect of a categorical independent variable on a continuous dependent variable, while controlling for another continuous variable (covariate) that covariates with the dependent variable. In this case, there is no categorical independent variable.</p>
<br />
<ul>
<li> Hierarchical regression analysis <br /> True </li>
<li> Multiple regression analysis (method: enter) <br /> False </li>
<li> Mixed ANOVA <br /> False </li>
<li> ANCOVA <br /> False </li>
</ul>
</div>
</div>
</modalFeedback>
</assessmentItem>
