<?xml version="1.0" encoding="utf-8" standalone="yes"?>
<assessmentItem identifier="uva-binomial-1050-nl-tv_202601131819_item_1_schoice" title="uva-binomial-1050-nl-tv_202601131819_item_1_schoice_uva-binomial-1050-nl" adaptive="false" timeDependent="false" toolName="Testvision Online" toolVersion="39.0.9084" xmlns="http://www.imsglobal.org/xsd/imsqti_v2p1">
<responseDeclaration identifier="RESPONSE" cardinality="single" baseType="identifier">
<correctResponse>
<value>alt_675771</value>
</correctResponse>
<mapping defaultValue="0" lowerBound="0.0">
<mapEntry mapKey="alt_109622" mappedValue="-0.333333333333333"/>
<mapEntry mapKey="alt_424970" mappedValue="-0.333333333333333"/>
<mapEntry mapKey="alt_675771" mappedValue="1"/>
<mapEntry mapKey="alt_349717" mappedValue="-0.333333333333333"/>
</mapping>
</responseDeclaration>
<outcomeDeclaration identifier="SCORE" cardinality="single" baseType="float" normalMaximum="1" normalMinimum="0" />
<outcomeDeclaration identifier="FEEDBACK" cardinality="single" baseType="identifier" />
<stylesheet href="css/uva-binomial-1050-nl-tv_202601131819_item_1_schoice.css" type="text/css" />
<itemBody>
<p>Vijf zuivere geldstukken worden tegelijkertijd opgegooid. Stel de
toevalvariabele <em>X</em> = het aantal koppen dat boven komt. Wat is dan de
kans op <em>X</em> = 1?</p>
<choiceInteraction responseIdentifier="RESPONSE" shuffle="false" maxChoices="1">
<simpleChoice identifier="alt_109622">
<div class="textblock tvblock tvcss_1"><div class="rte_zone tveditor1">
 0,00
</div>
</div>
</simpleChoice>
<simpleChoice identifier="alt_424970">
<div class="textblock tvblock tvcss_1"><div class="rte_zone tveditor1">
 0,10
</div>
</div>
</simpleChoice>
<simpleChoice identifier="alt_675771">
<div class="textblock tvblock tvcss_1"><div class="rte_zone tveditor1">
 0,16
</div>
</div>
</simpleChoice>
<simpleChoice identifier="alt_349717">
<div class="textblock tvblock tvcss_1"><div class="rte_zone tveditor1">
 0,50
</div>
</div>
</simpleChoice>
</choiceInteraction>
</itemBody>
<responseProcessing>
<responseCondition>
<responseIf>
<isNull>
<variable identifier="RESPONSE"/>
</isNull>
<setOutcomeValue identifier="SCORE">
<baseValue baseType="float">0.0</baseValue>
</setOutcomeValue>
<setOutcomeValue identifier="FEEDBACK">
<baseValue baseType="identifier">FAILURE</baseValue>
</setOutcomeValue>
</responseIf>
<responseElse>
<setOutcomeValue identifier="SCORE">
<mapResponse identifier="RESPONSE"/>
</setOutcomeValue>
<responseCondition>
<responseIf>
<equal toleranceMode="relative" tolerance="0.001">
<variable identifier="SCORE"/>
<variable identifier="MAXSCORE"/>
</equal>
<setOutcomeValue identifier="FEEDBACK">
<baseValue baseType="identifier">ANSWER_CORRECT</baseValue>
</setOutcomeValue>
</responseIf>
<responseElse>
<setOutcomeValue identifier="FEEDBACK">
<baseValue baseType="identifier">FAILURE</baseValue>
</setOutcomeValue>
</responseElse>
</responseCondition>
</responseElse>
</responseCondition>
</responseProcessing>
<modalFeedback identifier="FAILURE" outcomeIdentifier="FEEDBACK" showHide="show">
<div class="textblock tvblock tvcss_1"><div class="rte_zone tveditor1">
<ul>
<li> 0,00 <br /> 0,00: Incorrect </li>
<li> 0,10 <br /> 0,10: Incorrect </li>
<li> 0,16 <br /> 0,16: Correct </li>
<li> 0,50 <br /> 0,50: Incorrect </li>
</ul>
</div>
</div>
</modalFeedback>
<modalFeedback identifier="ANSWER_CORRECT" outcomeIdentifier="FEEDBACK" showHide="show">
<div class="textblock tvblock tvcss_1"><div class="rte_zone tveditor1">
<ul>
<li> 0,00 <br /> 0,00: Incorrect </li>
<li> 0,10 <br /> 0,10: Incorrect </li>
<li> 0,16 <br /> 0,16: Correct </li>
<li> 0,50 <br /> 0,50: Incorrect </li>
</ul>
</div>
</div>
</modalFeedback>
<modalFeedback identifier="PARTIAL_CORRECT" outcomeIdentifier="FEEDBACK" showHide="show">
<div class="textblock tvblock tvcss_1"><div class="rte_zone tveditor1">
<ul>
<li> 0,00 <br /> 0,00: Incorrect </li>
<li> 0,10 <br /> 0,10: Incorrect </li>
<li> 0,16 <br /> 0,16: Correct </li>
<li> 0,50 <br /> 0,50: Incorrect </li>
</ul>
</div>
</div>
</modalFeedback>
</assessmentItem>
