<?xml version="1.0" encoding="UTF-8"?>
<assessmentItem xsi:schemaLocation="http://www.imsglobal.org/xsd/imsqti_v2p1 http://www.imsglobal.org/xsd/qti/qtiv2p1/imsqti_v2p1p1.xsd http://www.w3.org/1998/Math/MathML http://www.w3.org/Math/XMLSchema/mathml2/mathml2.xsd" identifier="uva-independent-events-231-nl-ans_196446000_section_1_item_1_schoice" title="Probability_uva-independent-events-231-nl_uva-independent-events-231-nl_schoice_1" adaptive="false" timeDependent="false" xmlns="http://www.imsglobal.org/xsd/imsqti_v2p1" xmlns:xsi="http://www.w3.org/2001/XMLSchema-instance">
<responseDeclaration identifier="uva-independent-events-231-nl-ans_196446000_section_1_item_1_schoice_RESPONSE_1_5769849" cardinality="single" baseType="identifier">
<correctResponse>
<value>uva-independent-events-231-nl-ans_196446000_section_1_item_1_schoice_3_7204130199</value>
</correctResponse>
<mapping defaultValue="0" lowerBound="0.0">
<mapEntry mapKey="uva-independent-events-231-nl-ans_196446000_section_1_item_1_schoice_1_8643912669" mappedValue="0"/>
<mapEntry mapKey="uva-independent-events-231-nl-ans_196446000_section_1_item_1_schoice_2_6329193810" mappedValue="0"/>
<mapEntry mapKey="uva-independent-events-231-nl-ans_196446000_section_1_item_1_schoice_3_7204130199" mappedValue="1"/>
</mapping>
</responseDeclaration>
<outcomeDeclaration identifier="SCORE" cardinality="single" baseType="float" normalMaximum="1" normalMinimum="0">
<defaultValue>
<value>0.0</value>
</defaultValue>
</outcomeDeclaration>
<outcomeDeclaration identifier="MAXSCORE" cardinality="single" baseType="float">
<defaultValue>
<value>1</value>
</defaultValue>
</outcomeDeclaration>
<outcomeDeclaration identifier="FEEDBACKBASIC" cardinality="single" baseType="identifier" view="testConstructor">
<defaultValue>
<value>empty</value>
</defaultValue>
</outcomeDeclaration>
<outcomeDeclaration identifier="FEEDBACKMODAL" cardinality="multiple" baseType="identifier" view="testConstructor"/>
<outcomeDeclaration identifier="SOLUTIONMODAL" cardinality="single" baseType="identifier" view="testConstructor"/>
<outcomeDeclaration identifier="MINSCORE" cardinality="single" baseType="float">
<defaultValue>
<value baseType="float">0</value>
</defaultValue>
</outcomeDeclaration>
<outcomeDeclaration identifier="SCORE_RESPONSE_1" cardinality="single" baseType="float">
<defaultValue>
<value>0.0</value>
</defaultValue>
</outcomeDeclaration>
<outcomeDeclaration identifier="MINSCORE_RESPONSE_1" cardinality="single" baseType="float">
<defaultValue>
<value>0.0</value>
</defaultValue>
</outcomeDeclaration>
<itemBody>
<p>Gegeven is de kans dat gebeurtenissen A en B samen optreden P(A∩B) =
0.4. Verder is gegeven de kans op A P(A) = 0.5 en de kans op B P(B) =
0.4. De voorwaardelijke kans van A gegeven B P(A|||B) is</p>
<choiceInteraction responseIdentifier="uva-independent-events-231-nl-ans_196446000_section_1_item_1_schoice_RESPONSE_1_5769849" shuffle="false" maxChoices="1">
<simpleChoice identifier="uva-independent-events-231-nl-ans_196446000_section_1_item_1_schoice_1_8643912669">
<p>
 0.6
</p>
</simpleChoice>
<simpleChoice identifier="uva-independent-events-231-nl-ans_196446000_section_1_item_1_schoice_2_6329193810">
<p>
 0.8
</p>
</simpleChoice>
<simpleChoice identifier="uva-independent-events-231-nl-ans_196446000_section_1_item_1_schoice_3_7204130199">
<p>
 1
</p>
</simpleChoice>
</choiceInteraction>
</itemBody>
<responseProcessing>
<setOutcomeValue identifier="SCORE_RESPONSE_1">
<sum>
<variable identifier="SCORE_RESPONSE_1"/>
<mapResponse identifier="uva-independent-events-231-nl-ans_196446000_section_1_item_1_schoice_RESPONSE_1_5769849"/>
</sum>
</setOutcomeValue>
<responseCondition>
<responseIf>
<lt>
<variable identifier="SCORE_RESPONSE_1"/>
<variable identifier="MINSCORE_RESPONSE_1"/>
</lt>
<setOutcomeValue identifier="SCORE_RESPONSE_1">
<variable identifier="MINSCORE_RESPONSE_1"/>
</setOutcomeValue>
</responseIf>
</responseCondition>
<responseCondition>
<responseIf>
<isNull>
<variable identifier="uva-independent-events-231-nl-ans_196446000_section_1_item_1_schoice_RESPONSE_1_5769849"/>
</isNull>
<setOutcomeValue identifier="SCORE_RESPONSE_1">
<sum>
<variable identifier="SCORE_RESPONSE_1"/>
<baseValue baseType="float">0</baseValue>
</sum>
</setOutcomeValue>
</responseIf>
</responseCondition>
<setOutcomeValue identifier="SCORE">
<sum>
<variable identifier="SCORE_RESPONSE_1"/>
</sum>
</setOutcomeValue>
<responseCondition>
<responseIf>
<lt>
<variable identifier="SCORE"/>
<variable identifier="MINSCORE"/>
</lt>
<setOutcomeValue identifier="SCORE">
<variable identifier="MINSCORE"/>
</setOutcomeValue>
</responseIf>
</responseCondition>
<responseCondition>
<responseIf>
<lt>
<variable identifier="SCORE"/>
<baseValue baseType="float">1</baseValue>
</lt>
<setOutcomeValue identifier="FEEDBACKMODAL">
<multiple>
<variable identifier="FEEDBACKMODAL"/>
<baseValue baseType="identifier">Feedback281551959</baseValue>
</multiple>
</setOutcomeValue>
</responseIf>
</responseCondition>
</responseProcessing>
<modalFeedback outcomeIdentifier="FEEDBACK" showHide="show" identifier="incorrect">
<ul>
<li> 0.6 <br /> 0.6: Incorrect </li>
<li> 0.8 <br /> 0.8: Incorrect </li>
<li> 1 <br /> 1: Correct </li>
</ul>
</modalFeedback>
</assessmentItem>
