<?xml version="1.0" encoding="utf-8" standalone="yes"?>
<assessmentItem identifier="vufgb-confidenceintervals-013-en-tv_202601131822_item_1_schoice" title="vufgb-confidenceintervals-013-en-tv_202601131822_item_1_schoice_vufgb-confidenceintervals-013-en" adaptive="false" timeDependent="false" toolName="Testvision Online" toolVersion="39.0.9084" xmlns="http://www.imsglobal.org/xsd/imsqti_v2p1">
<responseDeclaration identifier="RESPONSE" cardinality="single" baseType="identifier">
<correctResponse>
<value>alt_392107</value>
</correctResponse>
<mapping defaultValue="0" lowerBound="0.0">
<mapEntry mapKey="alt_392107" mappedValue="1"/>
<mapEntry mapKey="alt_745251" mappedValue="-0.333333333333333"/>
<mapEntry mapKey="alt_180317" mappedValue="-0.333333333333333"/>
<mapEntry mapKey="alt_285724" mappedValue="-0.333333333333333"/>
</mapping>
</responseDeclaration>
<outcomeDeclaration identifier="SCORE" cardinality="single" baseType="float" normalMaximum="1" normalMinimum="0" />
<outcomeDeclaration identifier="FEEDBACK" cardinality="single" baseType="identifier" />
<stylesheet href="css/vufgb-confidenceintervals-013-en-tv_202601131822_item_1_schoice.css" type="text/css" />
<itemBody>
<p>Fill in the blanks:</p>
<p>The confidence interval becomes …I.. when the standard deviation increases.
The confidence interval becomes narrower when the confidence level …..II… .</p>
<choiceInteraction responseIdentifier="RESPONSE" shuffle="false" maxChoices="1">
<simpleChoice identifier="alt_392107">
<div class="textblock tvblock tvcss_1"><div class="rte_zone tveditor1">
 I: wider, II: decreases
</div>
</div>
</simpleChoice>
<simpleChoice identifier="alt_745251">
<div class="textblock tvblock tvcss_1"><div class="rte_zone tveditor1">
 I: narrower, II: decreases
</div>
</div>
</simpleChoice>
<simpleChoice identifier="alt_180317">
<div class="textblock tvblock tvcss_1"><div class="rte_zone tveditor1">
 I: wider, II: increases
</div>
</div>
</simpleChoice>
<simpleChoice identifier="alt_285724">
<div class="textblock tvblock tvcss_1"><div class="rte_zone tveditor1">
 I: narrower, II: increases
</div>
</div>
</simpleChoice>
</choiceInteraction>
</itemBody>
<responseProcessing>
<responseCondition>
<responseIf>
<isNull>
<variable identifier="RESPONSE"/>
</isNull>
<setOutcomeValue identifier="SCORE">
<baseValue baseType="float">0.0</baseValue>
</setOutcomeValue>
<setOutcomeValue identifier="FEEDBACK">
<baseValue baseType="identifier">FAILURE</baseValue>
</setOutcomeValue>
</responseIf>
<responseElse>
<setOutcomeValue identifier="SCORE">
<mapResponse identifier="RESPONSE"/>
</setOutcomeValue>
<responseCondition>
<responseIf>
<equal toleranceMode="relative" tolerance="0.001">
<variable identifier="SCORE"/>
<variable identifier="MAXSCORE"/>
</equal>
<setOutcomeValue identifier="FEEDBACK">
<baseValue baseType="identifier">ANSWER_CORRECT</baseValue>
</setOutcomeValue>
</responseIf>
<responseElse>
<setOutcomeValue identifier="FEEDBACK">
<baseValue baseType="identifier">FAILURE</baseValue>
</setOutcomeValue>
</responseElse>
</responseCondition>
</responseElse>
</responseCondition>
</responseProcessing>
<modalFeedback identifier="FAILURE" outcomeIdentifier="FEEDBACK" showHide="show">
<div class="textblock tvblock tvcss_1"><div class="rte_zone tveditor1">
<ul>
<li> I: wider, II: decreases <br /> Correct </li>
<li> I: narrower, II: decreases <br /> Incorrect </li>
<li> I: wider, II: increases <br /> Incorrect </li>
<li> I: narrower, II: increases <br /> Incorrect </li>
</ul>
</div>
</div>
</modalFeedback>
<modalFeedback identifier="ANSWER_CORRECT" outcomeIdentifier="FEEDBACK" showHide="show">
<div class="textblock tvblock tvcss_1"><div class="rte_zone tveditor1">
<ul>
<li> I: wider, II: decreases <br /> Correct </li>
<li> I: narrower, II: decreases <br /> Incorrect </li>
<li> I: wider, II: increases <br /> Incorrect </li>
<li> I: narrower, II: increases <br /> Incorrect </li>
</ul>
</div>
</div>
</modalFeedback>
<modalFeedback identifier="PARTIAL_CORRECT" outcomeIdentifier="FEEDBACK" showHide="show">
<div class="textblock tvblock tvcss_1"><div class="rte_zone tveditor1">
<ul>
<li> I: wider, II: decreases <br /> Correct </li>
<li> I: narrower, II: decreases <br /> Incorrect </li>
<li> I: wider, II: increases <br /> Incorrect </li>
<li> I: narrower, II: increases <br /> Incorrect </li>
</ul>
</div>
</div>
</modalFeedback>
</assessmentItem>
