<?xml version="1.0" encoding="UTF-8"?>
<assessmentItem xsi:schemaLocation="http://www.imsglobal.org/xsd/imsqti_v2p1 http://www.imsglobal.org/xsd/qti/qtiv2p1/imsqti_v2p1p1.xsd http://www.w3.org/1998/Math/MathML http://www.w3.org/Math/XMLSchema/mathml2/mathml2.xsd" identifier="uva-multiplication-rule-722-nl-ans_282142391_section_1_item_1_schoice" title="Probability_uva-multiplication-rule-722-nl_uva-multiplication-rule-722-nl_schoice_1" adaptive="false" timeDependent="false" xmlns="http://www.imsglobal.org/xsd/imsqti_v2p1" xmlns:xsi="http://www.w3.org/2001/XMLSchema-instance">
<responseDeclaration identifier="uva-multiplication-rule-722-nl-ans_282142391_section_1_item_1_schoice_RESPONSE_1_6788199" cardinality="single" baseType="identifier">
<correctResponse>
<value>uva-multiplication-rule-722-nl-ans_282142391_section_1_item_1_schoice_4_2183055318</value>
</correctResponse>
<mapping defaultValue="0" lowerBound="0.0">
<mapEntry mapKey="uva-multiplication-rule-722-nl-ans_282142391_section_1_item_1_schoice_1_6399572942" mappedValue="0"/>
<mapEntry mapKey="uva-multiplication-rule-722-nl-ans_282142391_section_1_item_1_schoice_2_1280702475" mappedValue="0"/>
<mapEntry mapKey="uva-multiplication-rule-722-nl-ans_282142391_section_1_item_1_schoice_3_7202074307" mappedValue="0"/>
<mapEntry mapKey="uva-multiplication-rule-722-nl-ans_282142391_section_1_item_1_schoice_4_2183055318" mappedValue="1"/>
</mapping>
</responseDeclaration>
<outcomeDeclaration identifier="SCORE" cardinality="single" baseType="float" normalMaximum="1" normalMinimum="0">
<defaultValue>
<value>0.0</value>
</defaultValue>
</outcomeDeclaration>
<outcomeDeclaration identifier="MAXSCORE" cardinality="single" baseType="float">
<defaultValue>
<value>1</value>
</defaultValue>
</outcomeDeclaration>
<outcomeDeclaration identifier="FEEDBACKBASIC" cardinality="single" baseType="identifier" view="testConstructor">
<defaultValue>
<value>empty</value>
</defaultValue>
</outcomeDeclaration>
<outcomeDeclaration identifier="FEEDBACKMODAL" cardinality="multiple" baseType="identifier" view="testConstructor"/>
<outcomeDeclaration identifier="SOLUTIONMODAL" cardinality="single" baseType="identifier" view="testConstructor"/>
<outcomeDeclaration identifier="MINSCORE" cardinality="single" baseType="float">
<defaultValue>
<value baseType="float">0</value>
</defaultValue>
</outcomeDeclaration>
<outcomeDeclaration identifier="SCORE_RESPONSE_1" cardinality="single" baseType="float">
<defaultValue>
<value>0.0</value>
</defaultValue>
</outcomeDeclaration>
<outcomeDeclaration identifier="MINSCORE_RESPONSE_1" cardinality="single" baseType="float">
<defaultValue>
<value>0.0</value>
</defaultValue>
</outcomeDeclaration>
<itemBody>
<p>29% van de internetgebruikers downloadt wel eens films, 67% van
downloaders kan het niet schelen of er copyright op zit. Als we de kans
willen weten dat we iemand aselect kiezen die films download terwijl het
hem niet uitmaakt of er copyright op zit, welke regel kun je dan
gebruiken om deze kans te berekenen?</p>
<choiceInteraction responseIdentifier="uva-multiplication-rule-722-nl-ans_282142391_section_1_item_1_schoice_RESPONSE_1_6788199" shuffle="false" maxChoices="1">
<simpleChoice identifier="uva-multiplication-rule-722-nl-ans_282142391_section_1_item_1_schoice_1_6399572942">
<p>
 Algemene optelregel
</p>
</simpleChoice>
<simpleChoice identifier="uva-multiplication-rule-722-nl-ans_282142391_section_1_item_1_schoice_2_1280702475">
<p>
 Complementregel
</p>
</simpleChoice>
<simpleChoice identifier="uva-multiplication-rule-722-nl-ans_282142391_section_1_item_1_schoice_3_7202074307">
<p>
 Optelregel
</p>
</simpleChoice>
<simpleChoice identifier="uva-multiplication-rule-722-nl-ans_282142391_section_1_item_1_schoice_4_2183055318">
<p>
 Productregel
</p>
</simpleChoice>
</choiceInteraction>
</itemBody>
<responseProcessing>
<setOutcomeValue identifier="SCORE_RESPONSE_1">
<sum>
<variable identifier="SCORE_RESPONSE_1"/>
<mapResponse identifier="uva-multiplication-rule-722-nl-ans_282142391_section_1_item_1_schoice_RESPONSE_1_6788199"/>
</sum>
</setOutcomeValue>
<responseCondition>
<responseIf>
<lt>
<variable identifier="SCORE_RESPONSE_1"/>
<variable identifier="MINSCORE_RESPONSE_1"/>
</lt>
<setOutcomeValue identifier="SCORE_RESPONSE_1">
<variable identifier="MINSCORE_RESPONSE_1"/>
</setOutcomeValue>
</responseIf>
</responseCondition>
<responseCondition>
<responseIf>
<isNull>
<variable identifier="uva-multiplication-rule-722-nl-ans_282142391_section_1_item_1_schoice_RESPONSE_1_6788199"/>
</isNull>
<setOutcomeValue identifier="SCORE_RESPONSE_1">
<sum>
<variable identifier="SCORE_RESPONSE_1"/>
<baseValue baseType="float">0</baseValue>
</sum>
</setOutcomeValue>
</responseIf>
</responseCondition>
<setOutcomeValue identifier="SCORE">
<sum>
<variable identifier="SCORE_RESPONSE_1"/>
</sum>
</setOutcomeValue>
<responseCondition>
<responseIf>
<lt>
<variable identifier="SCORE"/>
<variable identifier="MINSCORE"/>
</lt>
<setOutcomeValue identifier="SCORE">
<variable identifier="MINSCORE"/>
</setOutcomeValue>
</responseIf>
</responseCondition>
<responseCondition>
<responseIf>
<lt>
<variable identifier="SCORE"/>
<baseValue baseType="float">1</baseValue>
</lt>
<setOutcomeValue identifier="FEEDBACKMODAL">
<multiple>
<variable identifier="FEEDBACKMODAL"/>
<baseValue baseType="identifier">Feedback569393557</baseValue>
</multiple>
</setOutcomeValue>
</responseIf>
</responseCondition>
</responseProcessing>
<modalFeedback outcomeIdentifier="FEEDBACK" showHide="show" identifier="incorrect">
<ul>
<li> Algemene optelregel <br /> Algemene optelregel: Incorrect </li>
<li> Complementregel <br /> Complementregel: Incorrect </li>
<li> Optelregel <br /> Optelregel: Incorrect </li>
<li> Productregel <br /> Productregel: Correct </li>
</ul>
</modalFeedback>
</assessmentItem>
