<?xml version="1.0" encoding="utf-8" standalone="yes"?>
<assessmentItem identifier="uva-events-999-nl-tv_202601131819_item_1_schoice" title="uva-events-999-nl-tv_202601131819_item_1_schoice_uva-events-999-nl" adaptive="false" timeDependent="false" toolName="Testvision Online" toolVersion="39.0.9084" xmlns="http://www.imsglobal.org/xsd/imsqti_v2p1">
<responseDeclaration identifier="RESPONSE" cardinality="single" baseType="identifier">
<correctResponse>
<value>alt_545821</value>
</correctResponse>
<mapping defaultValue="0" lowerBound="0.0">
<mapEntry mapKey="alt_435979" mappedValue="-0.333333333333333"/>
<mapEntry mapKey="alt_797684" mappedValue="-0.333333333333333"/>
<mapEntry mapKey="alt_545821" mappedValue="1"/>
<mapEntry mapKey="alt_155025" mappedValue="-0.333333333333333"/>
</mapping>
</responseDeclaration>
<outcomeDeclaration identifier="SCORE" cardinality="single" baseType="float" normalMaximum="1" normalMinimum="0" />
<outcomeDeclaration identifier="FEEDBACK" cardinality="single" baseType="identifier" />
<stylesheet href="css/uva-events-999-nl-tv_202601131819_item_1_schoice.css" type="text/css" />
<itemBody>
<p>Gooi een zuivere dobbelsteen één keer op. We definiëren de
gebeurtenissen <em>A</em> en <em>B</em> als volgt:<br />
<br />
* <em>A</em>: het aantal ogen is groter dan 4,<br />
* <em>B</em>: het aantal ogen is deelbaar door drie<br />
<br />
Wat is dan de vereniging van <em>A</em> en <em>B</em>, oftewel <em>A</em> ∪ <em>B</em>?</p>
<choiceInteraction responseIdentifier="RESPONSE" shuffle="false" maxChoices="1">
<simpleChoice identifier="alt_435979">
<div class="textblock tvblock tvcss_1"><div class="rte_zone tveditor1">
 A ∪ B = {6}
</div>
</div>
</simpleChoice>
<simpleChoice identifier="alt_797684">
<div class="textblock tvblock tvcss_1"><div class="rte_zone tveditor1">
 A ∪ B = {5,6}
</div>
</div>
</simpleChoice>
<simpleChoice identifier="alt_545821">
<div class="textblock tvblock tvcss_1"><div class="rte_zone tveditor1">
 A ∪ B = {3,5,6}
</div>
</div>
</simpleChoice>
<simpleChoice identifier="alt_155025">
<div class="textblock tvblock tvcss_1"><div class="rte_zone tveditor1">
 A ∪ B = {1,2,3,4,5,6}
</div>
</div>
</simpleChoice>
</choiceInteraction>
</itemBody>
<responseProcessing>
<responseCondition>
<responseIf>
<isNull>
<variable identifier="RESPONSE"/>
</isNull>
<setOutcomeValue identifier="SCORE">
<baseValue baseType="float">0.0</baseValue>
</setOutcomeValue>
<setOutcomeValue identifier="FEEDBACK">
<baseValue baseType="identifier">FAILURE</baseValue>
</setOutcomeValue>
</responseIf>
<responseElse>
<setOutcomeValue identifier="SCORE">
<mapResponse identifier="RESPONSE"/>
</setOutcomeValue>
<responseCondition>
<responseIf>
<equal toleranceMode="relative" tolerance="0.001">
<variable identifier="SCORE"/>
<variable identifier="MAXSCORE"/>
</equal>
<setOutcomeValue identifier="FEEDBACK">
<baseValue baseType="identifier">ANSWER_CORRECT</baseValue>
</setOutcomeValue>
</responseIf>
<responseElse>
<setOutcomeValue identifier="FEEDBACK">
<baseValue baseType="identifier">FAILURE</baseValue>
</setOutcomeValue>
</responseElse>
</responseCondition>
</responseElse>
</responseCondition>
</responseProcessing>
<modalFeedback identifier="FAILURE" outcomeIdentifier="FEEDBACK" showHide="show">
<div class="textblock tvblock tvcss_1"><div class="rte_zone tveditor1">
<ul>
<li> A ∪ B = {6} <br /> A ∪ B = {6}: Incorrect </li>
<li> A ∪ B = {5,6} <br /> A ∪ B = {5,6}: Incorrect </li>
<li> A ∪ B = {3,5,6} <br /> A ∪ B = {3,5,6}: Correct </li>
<li> A ∪ B = {1,2,3,4,5,6} <br /> A ∪ B = {1,2,3,4,5,6}: Incorrect </li>
</ul>
</div>
</div>
</modalFeedback>
<modalFeedback identifier="ANSWER_CORRECT" outcomeIdentifier="FEEDBACK" showHide="show">
<div class="textblock tvblock tvcss_1"><div class="rte_zone tveditor1">
<ul>
<li> A ∪ B = {6} <br /> A ∪ B = {6}: Incorrect </li>
<li> A ∪ B = {5,6} <br /> A ∪ B = {5,6}: Incorrect </li>
<li> A ∪ B = {3,5,6} <br /> A ∪ B = {3,5,6}: Correct </li>
<li> A ∪ B = {1,2,3,4,5,6} <br /> A ∪ B = {1,2,3,4,5,6}: Incorrect </li>
</ul>
</div>
</div>
</modalFeedback>
<modalFeedback identifier="PARTIAL_CORRECT" outcomeIdentifier="FEEDBACK" showHide="show">
<div class="textblock tvblock tvcss_1"><div class="rte_zone tveditor1">
<ul>
<li> A ∪ B = {6} <br /> A ∪ B = {6}: Incorrect </li>
<li> A ∪ B = {5,6} <br /> A ∪ B = {5,6}: Incorrect </li>
<li> A ∪ B = {3,5,6} <br /> A ∪ B = {3,5,6}: Correct </li>
<li> A ∪ B = {1,2,3,4,5,6} <br /> A ∪ B = {1,2,3,4,5,6}: Incorrect </li>
</ul>
</div>
</div>
</modalFeedback>
</assessmentItem>
