<?xml version="1.0" encoding="UTF-8"?>
<!DOCTYPE questestinterop SYSTEM "ims_qtiasiv1p2p1.dtd">

<questestinterop xmlns="http://www.imsglobal.org/xsd/ims_qtiasiv1p2" xmlns:xsi="http://www.w3.org/2001/XMLSchema-instance" xsi:schemaLocation="http://www.imsglobal.org/xsd/ims_qtiasiv1p2 http://www.imsglobal.org/xsd/ims_qtiasiv1p2p1.xsd">
<assessment ident="vufsw-correlation-1292-nl-canvas_339125112" title="vufsw-correlation-1292-nl-canvas">

<qtimetadata>
<qtimetadatafield>
<fieldlabel>cc_maxattempts</fieldlabel>
<fieldentry>1</fieldentry>
</qtimetadatafield>
<qtimetadatafield>
<fieldlabel>qmd_assessmenttype</fieldlabel>
<fieldentry>Assessment</fieldentry>
</qtimetadatafield>
</qtimetadata>
<objectives>
<material>
<mattext><![CDATA[Please solve the following exercises.]]></mattext>
</material>
</objectives>
<assessmentcontrol feedbackswitch="No" hintswitch="No" solutionswitch="Yes"/>
<outcomes_processing scoremodel="SumOfScores">
<outcomes>
<decvar varname="SCORE" vartype="Decimal" cutvalue="0"/>
</outcomes>
</outcomes_processing>
<assessfeedback title="AssessmentFeedback" ident="AssessmentFeedback">
<flow_mat>
<material>
<mattext>##AssessmentFeedback##</mattext>
</material>
</flow_mat>
</assessfeedback>

<section ident="vufsw-correlation-1292-nl-canvas_339125112_section_1" title="Exercise">

<objectives>
<material>
<mattext><![CDATA[Please answer the following question.]]></mattext>
</material>
</objectives>
<selection_ordering>
<selection>
<selection_number>1</selection_number>
<selection_extension>
<points_per_item>1</points_per_item>
</selection_extension>
</selection>
<order order_type="Random"/>
</selection_ordering>

<item ident="vufsw-correlation-1292-nl-canvas_339125112_section_1_item_1_schoice" title="Question" maxattempts="1">
<itemcontrol feedbackswitch="No" hintswitch="No" solutionswitch="Yes"/>
<itemmetadata>
<qtimetadata>
<qtimetadatafield>
<fieldlabel>question_type</fieldlabel>
<fieldentry>multiple_choice_question</fieldentry>
</qtimetadatafield>
</qtimetadata>
</itemmetadata>
<presentation>
<flow>
<material>
<matbreak/>
<mattext texttype="text/html" charset="utf-8"><![CDATA[
<p>Field wil de relatie onderzoeken tussen het spelen van gewelddadige
videogames door jongeren, agressief gedrag, en ongevoeligheid ofwel het
hebben van emotieloze eigenschappen, zoals gebrek aan schuldgevoel en
empathie.</p>
<p>Hij verzamelde data over de tijd die jongeren besteden aan het spelen
van video games (Vid_game: aantal uren per week besteed aan het spelen
van video games), agressief gedrag (Aggress: continue schaal 9-82) en of
de jongeren onder- of bovengemiddeld scoren op ongevoeligheid en
emotieloze eigenschappen (Caunts_d: onder het gemiddelde = 0; boven het
gemiddelde = 1).</p>
<p>Hieronder staan de resultaten van een correlatieanalyse waarin eerst de
correlatie tussen agressief gedrag en de bestede tijd aan het spelen van
gewelddadige video games voor de hele groep is weergegeven. Vervolgens
zijn twee afzonderlijke correlatieanalyses gedaan voor jongeren die
onder- en die bovengemiddeld scoren op ongevoeligheid en emotieloze
eigenschappen .</p>
<p><img src="data/supplements_1_1/1605610297110.png" /></p>
<p>Caunts_d = 0:<br />
<img src="data/supplements_1_1/1605610532984.png" /></p>
<p>Caunts_d = 1:<br />
<img src="data/supplements_1_1/1605610556019.png" /></p>
<p>Welke uitspraken kunnen we op basis van deze uitkomsten doen voor deze
steekproef?</p>
<p>1: Onder degenen die bovengemiddeld scoren op ongevoeligheid en
emotieloze eigenschappen is er een sterker positieve relatie tussen de
mate van spelen van gewelddadige video games en agressief gedrag dan
onder degenen die ondergemiddeld scoren op ongevoeligheid en emotieloze
eigenschappen.<br />
2: Onder degenen die ondergemiddeld scoren op ongevoeligheid en
emotieloze eigenschappen hangt het spelen van gewelddadige video games
negatief samen met agressief gedrag.</p>
]]></mattext>
<matbreak/>
</material>
<response_lid ident="vufsw-correlation-1292-nl-canvas_339125112_section_1_item_1_schoice_RESPONSE_8328266" rcardinality="Single" rtiming="No">
<render_choice shuffle="No">
<flow_label class="List">
<response_label ident="vufsw-correlation-1292-nl-canvas_339125112_section_1_item_1_schoice_8011981846" rshuffle="No">
<material>
<mattext texttype="text/html" charset="utf-8"><![CDATA[
 Alleen uitspraak 1
]]></mattext>
</material>
</response_label>
</flow_label>
<flow_label class="List">
<response_label ident="vufsw-correlation-1292-nl-canvas_339125112_section_1_item_1_schoice_4365833677" rshuffle="No">
<material>
<mattext texttype="text/html" charset="utf-8"><![CDATA[
 Beide uitspraken
]]></mattext>
</material>
</response_label>
</flow_label>
<flow_label class="List">
<response_label ident="vufsw-correlation-1292-nl-canvas_339125112_section_1_item_1_schoice_8458424220" rshuffle="No">
<material>
<mattext texttype="text/html" charset="utf-8"><![CDATA[
 Geen van beide uitspraken
]]></mattext>
</material>
</response_label>
</flow_label>
<flow_label class="List">
<response_label ident="vufsw-correlation-1292-nl-canvas_339125112_section_1_item_1_schoice_2923074886" rshuffle="No">
<material>
<mattext texttype="text/html" charset="utf-8"><![CDATA[
 Alleen uitspraak 2
]]></mattext>
</material>
</response_label>
</flow_label>
</render_choice>
</response_lid>
</flow>
</presentation>
<resprocessing>
<outcomes>
<decvar varname="SCORE" vartype="Decimal" defaultval="0" minvalue="0" maxvalue="1" cutvalue="1"/>
</outcomes>
<respcondition title="Mastery" continue="No">
<conditionvar>
<and>
<varequal respident="vufsw-correlation-1292-nl-canvas_339125112_section_1_item_1_schoice_RESPONSE_8328266" case="Yes">vufsw-correlation-1292-nl-canvas_339125112_section_1_item_1_schoice_4365833677</varequal>
<not> <varequal respident="vufsw-correlation-1292-nl-canvas_339125112_section_1_item_1_schoice_RESPONSE_8328266" case="Yes">vufsw-correlation-1292-nl-canvas_339125112_section_1_item_1_schoice_8011981846</varequal> </not>
<not> <varequal respident="vufsw-correlation-1292-nl-canvas_339125112_section_1_item_1_schoice_RESPONSE_8328266" case="Yes">vufsw-correlation-1292-nl-canvas_339125112_section_1_item_1_schoice_8458424220</varequal> </not>
<not> <varequal respident="vufsw-correlation-1292-nl-canvas_339125112_section_1_item_1_schoice_RESPONSE_8328266" case="Yes">vufsw-correlation-1292-nl-canvas_339125112_section_1_item_1_schoice_2923074886</varequal> </not>
</and>
</conditionvar>
<setvar varname="SCORE" action="Set">1</setvar>
<displayfeedback feedbacktype="Response" linkrefid="correct_fb"/>
</respcondition>
<respcondition continue="Yes">
<conditionvar>
<other/>
</conditionvar>
<displayfeedback feedbacktype="Response" linkrefid="general_incorrect_fb"/>
</respcondition>
</resprocessing>
<itemfeedback ident="correct_fb" view="All">
<flow_mat>
<material>
<mattext texttype="text/html"><![CDATA[
<ul>
<li> Alleen uitspraak 1 <br /> False </li>
<li> Beide uitspraken <br /> True </li>
<li> Geen van beide uitspraken <br /> False </li>
<li> Alleen uitspraak 2 <br /> False </li>
</ul>
]]></mattext>
</material>
</flow_mat>
</itemfeedback>
<itemfeedback ident="general_incorrect_fb" view="All">
<flow_mat>
<material>
<mattext texttype="text/html"><![CDATA[
<ul>
<li> Alleen uitspraak 1 <br /> False </li>
<li> Beide uitspraken <br /> True </li>
<li> Geen van beide uitspraken <br /> False </li>
<li> Alleen uitspraak 2 <br /> False </li>
</ul>
]]></mattext>
</material>
</flow_mat>
</itemfeedback>
</item>


</section>

</assessment>
</questestinterop>
