<?xml version="1.0" encoding="UTF-8"?>
<assessmentItem xsi:schemaLocation="http://www.imsglobal.org/xsd/imsqti_v2p1 http://www.imsglobal.org/xsd/qti/qtiv2p1/imsqti_v2p1p1.xsd http://www.w3.org/1998/Math/MathML http://www.w3.org/Math/XMLSchema/mathml2/mathml2.xsd" identifier="uva-normal-1346-nl-qti_799070784_section_1_item_1_schoice" title="1" adaptive="false" timeDependent="false" xmlns="http://www.imsglobal.org/xsd/imsqti_v2p1" xmlns:xsi="http://www.w3.org/2001/XMLSchema-instance">
<responseDeclaration identifier="uva-normal-1346-nl-qti_799070784_section_1_item_1_schoice_RESPONSE_1_2634614" cardinality="single" baseType="identifier">
<correctResponse>
<value>uva-normal-1346-nl-qti_799070784_section_1_item_1_schoice_3_3962464232</value>
</correctResponse>
<mapping defaultValue="0" lowerBound="0.0">
<mapEntry mapKey="uva-normal-1346-nl-qti_799070784_section_1_item_1_schoice_1_6257279680" mappedValue="0"/>
<mapEntry mapKey="uva-normal-1346-nl-qti_799070784_section_1_item_1_schoice_2_1962045424" mappedValue="0"/>
<mapEntry mapKey="uva-normal-1346-nl-qti_799070784_section_1_item_1_schoice_3_3962464232" mappedValue="1"/>
</mapping>
</responseDeclaration>
<outcomeDeclaration identifier="SCORE" cardinality="single" baseType="float" normalMaximum="1" normalMinimum="0">
<defaultValue>
<value>0.0</value>
</defaultValue>
</outcomeDeclaration>
<outcomeDeclaration identifier="MAXSCORE" cardinality="single" baseType="float">
<defaultValue>
<value>1</value>
</defaultValue>
</outcomeDeclaration>
<outcomeDeclaration identifier="FEEDBACKBASIC" cardinality="single" baseType="identifier" view="testConstructor">
<defaultValue>
<value>empty</value>
</defaultValue>
</outcomeDeclaration>
<outcomeDeclaration identifier="FEEDBACKMODAL" cardinality="multiple" baseType="identifier" view="testConstructor"/>
<outcomeDeclaration identifier="SOLUTIONMODAL" cardinality="single" baseType="identifier" view="testConstructor"/>
<outcomeDeclaration identifier="MINSCORE" cardinality="single" baseType="float">
<defaultValue>
<value baseType="float">0</value>
</defaultValue>
</outcomeDeclaration>
<outcomeDeclaration identifier="SCORE_RESPONSE_1" cardinality="single" baseType="float">
<defaultValue>
<value>0.0</value>
</defaultValue>
</outcomeDeclaration>
<outcomeDeclaration identifier="MINSCORE_RESPONSE_1" cardinality="single" baseType="float">
<defaultValue>
<value>0.0</value>
</defaultValue>
</outcomeDeclaration>
<itemBody>
<p>Stel dat de lengte van de Nederlandse mannen een normale verdeling heeft
met een gemiddelde van 175 centimeter en een standaardafwijking van 7,5
centimeter. Het percentage tussen 170 cm en 182,5 cm is te schrijven
als:</p>
<choiceInteraction responseIdentifier="uva-normal-1346-nl-qti_799070784_section_1_item_1_schoice_RESPONSE_1_2634614" shuffle="false" maxChoices="1">
<simpleChoice identifier="uva-normal-1346-nl-qti_799070784_section_1_item_1_schoice_1_6257279680">
<p>
 P(0,67)
</p>
</simpleChoice>
<simpleChoice identifier="uva-normal-1346-nl-qti_799070784_section_1_item_1_schoice_2_1962045424">
<p>
 P(-0,67 &gt; z &gt; 1)
</p>
</simpleChoice>
<simpleChoice identifier="uva-normal-1346-nl-qti_799070784_section_1_item_1_schoice_3_3962464232">
<p>
 P(-0,67 &lt; z &lt; 1)
</p>
</simpleChoice>
</choiceInteraction>
</itemBody>
<responseProcessing>
<setOutcomeValue identifier="SCORE_RESPONSE_1">
<sum>
<variable identifier="SCORE_RESPONSE_1"/>
<mapResponse identifier="uva-normal-1346-nl-qti_799070784_section_1_item_1_schoice_RESPONSE_1_2634614"/>
</sum>
</setOutcomeValue>
<responseCondition>
<responseIf>
<lt>
<variable identifier="SCORE_RESPONSE_1"/>
<variable identifier="MINSCORE_RESPONSE_1"/>
</lt>
<setOutcomeValue identifier="SCORE_RESPONSE_1">
<variable identifier="MINSCORE_RESPONSE_1"/>
</setOutcomeValue>
</responseIf>
</responseCondition>
<responseCondition>
<responseIf>
<isNull>
<variable identifier="uva-normal-1346-nl-qti_799070784_section_1_item_1_schoice_RESPONSE_1_2634614"/>
</isNull>
<setOutcomeValue identifier="SCORE_RESPONSE_1">
<sum>
<variable identifier="SCORE_RESPONSE_1"/>
<baseValue baseType="float">0</baseValue>
</sum>
</setOutcomeValue>
</responseIf>
</responseCondition>
<setOutcomeValue identifier="SCORE">
<sum>
<variable identifier="SCORE_RESPONSE_1"/>
</sum>
</setOutcomeValue>
<responseCondition>
<responseIf>
<lt>
<variable identifier="SCORE"/>
<variable identifier="MINSCORE"/>
</lt>
<setOutcomeValue identifier="SCORE">
<variable identifier="MINSCORE"/>
</setOutcomeValue>
</responseIf>
</responseCondition>
<responseCondition>
<responseIf>
<lt>
<variable identifier="SCORE"/>
<baseValue baseType="float">1</baseValue>
</lt>
<setOutcomeValue identifier="FEEDBACKMODAL">
<multiple>
<variable identifier="FEEDBACKMODAL"/>
<baseValue baseType="identifier">Feedback100812680</baseValue>
</multiple>
</setOutcomeValue>
</responseIf>
</responseCondition>
</responseProcessing>
<modalFeedback identifier="Feedback100812680" outcomeIdentifier="FEEDBACKMODAL" showHide="show">
<ul>
<li> P(0,67) <br /> P(0,67) Incorrect </li>
<li> P(-0,67 &gt; z &gt; 1) <br /> P(-0,67 &gt; z &gt; 1) Incorrect </li>
<li> P(-0,67 &lt; z &lt; 1) <br /> P(-0,67 &lt; z &lt; 1) Correct </li>
</ul>
</modalFeedback>
</assessmentItem>
