<?xml version="1.0" encoding="UTF-8"?>
<assessmentItem xsi:schemaLocation="http://www.imsglobal.org/xsd/imsqti_v2p1 http://www.imsglobal.org/xsd/qti/qtiv2p1/imsqti_v2p1p1.xsd http://www.w3.org/1998/Math/MathML http://www.w3.org/Math/XMLSchema/mathml2/mathml2.xsd" identifier="uva-independent-events-406-nl-qti_778388809_section_1_item_1_schoice" title="1" adaptive="false" timeDependent="false" xmlns="http://www.imsglobal.org/xsd/imsqti_v2p1" xmlns:xsi="http://www.w3.org/2001/XMLSchema-instance">
<responseDeclaration identifier="uva-independent-events-406-nl-qti_778388809_section_1_item_1_schoice_RESPONSE_1_3519921" cardinality="single" baseType="identifier">
<correctResponse>
<value>uva-independent-events-406-nl-qti_778388809_section_1_item_1_schoice_2_4762920315</value>
</correctResponse>
<mapping defaultValue="0" lowerBound="0.0">
<mapEntry mapKey="uva-independent-events-406-nl-qti_778388809_section_1_item_1_schoice_1_4803077974" mappedValue="0"/>
<mapEntry mapKey="uva-independent-events-406-nl-qti_778388809_section_1_item_1_schoice_2_4762920315" mappedValue="1"/>
<mapEntry mapKey="uva-independent-events-406-nl-qti_778388809_section_1_item_1_schoice_3_3414594944" mappedValue="0"/>
<mapEntry mapKey="uva-independent-events-406-nl-qti_778388809_section_1_item_1_schoice_4_4796627113" mappedValue="0"/>
</mapping>
</responseDeclaration>
<outcomeDeclaration identifier="SCORE" cardinality="single" baseType="float" normalMaximum="1" normalMinimum="0">
<defaultValue>
<value>0.0</value>
</defaultValue>
</outcomeDeclaration>
<outcomeDeclaration identifier="MAXSCORE" cardinality="single" baseType="float">
<defaultValue>
<value>1</value>
</defaultValue>
</outcomeDeclaration>
<outcomeDeclaration identifier="FEEDBACKBASIC" cardinality="single" baseType="identifier" view="testConstructor">
<defaultValue>
<value>empty</value>
</defaultValue>
</outcomeDeclaration>
<outcomeDeclaration identifier="FEEDBACKMODAL" cardinality="multiple" baseType="identifier" view="testConstructor"/>
<outcomeDeclaration identifier="SOLUTIONMODAL" cardinality="single" baseType="identifier" view="testConstructor"/>
<outcomeDeclaration identifier="MINSCORE" cardinality="single" baseType="float">
<defaultValue>
<value baseType="float">0</value>
</defaultValue>
</outcomeDeclaration>
<outcomeDeclaration identifier="SCORE_RESPONSE_1" cardinality="single" baseType="float">
<defaultValue>
<value>0.0</value>
</defaultValue>
</outcomeDeclaration>
<outcomeDeclaration identifier="MINSCORE_RESPONSE_1" cardinality="single" baseType="float">
<defaultValue>
<value>0.0</value>
</defaultValue>
</outcomeDeclaration>
<itemBody>
<p>50 Patiënten worden aselect op één van twee typen matrassen verpleegd,
en na drie dagen wordt gekeken of ze verschijnselen van decubitus
(doorliggen) vertonen:</p>
<table>
<tbody>
<tr class="odd">
<td align="left">frequentie</td>
<td align="left">wel decubitus (D)</td>
<td align="left">geen decubitus (niet D)</td>
</tr>
<tr class="even">
<td align="left">matrastype I</td>
<td align="left">8</td>
<td align="left">12</td>
</tr>
<tr class="odd">
<td align="left">matrastype II</td>
<td align="left">10</td>
<td align="left">20</td>
</tr>
</tbody>
</table>
<p>We willen weten of decubitusvorming (on)afhankelijk is van het gebruikte
matrastype. Geef aan welke van onderstaande redeneringen juist is.</p>
<choiceInteraction responseIdentifier="uva-independent-events-406-nl-qti_778388809_section_1_item_1_schoice_RESPONSE_1_3519921" shuffle="false" maxChoices="1">
<simpleChoice identifier="uva-independent-events-406-nl-qti_778388809_section_1_item_1_schoice_1_4803077974">
<p>
 Afhankelijk, want P(D ∩ I) ≠ 0
</p>
</simpleChoice>
<simpleChoice identifier="uva-independent-events-406-nl-qti_778388809_section_1_item_1_schoice_2_4762920315">
<p>
 Afhankelijk, want P(D | I) ≠ P(D)
</p>
</simpleChoice>
<simpleChoice identifier="uva-independent-events-406-nl-qti_778388809_section_1_item_1_schoice_3_3414594944">
<p>
 Onafhankelijk, want P(D | I) = P(I)
</p>
</simpleChoice>
<simpleChoice identifier="uva-independent-events-406-nl-qti_778388809_section_1_item_1_schoice_4_4796627113">
<p>
 Onafhankelijk, want P(D ∪ I) = P(D) + P(I) - P(D ∩ I)
</p>
</simpleChoice>
</choiceInteraction>
</itemBody>
<responseProcessing>
<setOutcomeValue identifier="SCORE_RESPONSE_1">
<sum>
<variable identifier="SCORE_RESPONSE_1"/>
<mapResponse identifier="uva-independent-events-406-nl-qti_778388809_section_1_item_1_schoice_RESPONSE_1_3519921"/>
</sum>
</setOutcomeValue>
<responseCondition>
<responseIf>
<lt>
<variable identifier="SCORE_RESPONSE_1"/>
<variable identifier="MINSCORE_RESPONSE_1"/>
</lt>
<setOutcomeValue identifier="SCORE_RESPONSE_1">
<variable identifier="MINSCORE_RESPONSE_1"/>
</setOutcomeValue>
</responseIf>
</responseCondition>
<responseCondition>
<responseIf>
<isNull>
<variable identifier="uva-independent-events-406-nl-qti_778388809_section_1_item_1_schoice_RESPONSE_1_3519921"/>
</isNull>
<setOutcomeValue identifier="SCORE_RESPONSE_1">
<sum>
<variable identifier="SCORE_RESPONSE_1"/>
<baseValue baseType="float">0</baseValue>
</sum>
</setOutcomeValue>
</responseIf>
</responseCondition>
<setOutcomeValue identifier="SCORE">
<sum>
<variable identifier="SCORE_RESPONSE_1"/>
</sum>
</setOutcomeValue>
<responseCondition>
<responseIf>
<lt>
<variable identifier="SCORE"/>
<variable identifier="MINSCORE"/>
</lt>
<setOutcomeValue identifier="SCORE">
<variable identifier="MINSCORE"/>
</setOutcomeValue>
</responseIf>
</responseCondition>
<responseCondition>
<responseIf>
<lt>
<variable identifier="SCORE"/>
<baseValue baseType="float">1</baseValue>
</lt>
<setOutcomeValue identifier="FEEDBACKMODAL">
<multiple>
<variable identifier="FEEDBACKMODAL"/>
<baseValue baseType="identifier">Feedback275463194</baseValue>
</multiple>
</setOutcomeValue>
</responseIf>
</responseCondition>
</responseProcessing>
<modalFeedback identifier="Feedback275463194" outcomeIdentifier="FEEDBACKMODAL" showHide="show">
<ul>
<li> Afhankelijk, want P(D ∩ I) ≠ 0 <br /> Afhankelijk, want P(D ∩ I) ≠ 0: Incorrect </li>
<li> Afhankelijk, want P(D | I) ≠ P(D) <br /> Afhankelijk, want P(D | I) ≠ P(D): Correct </li>
<li> Onafhankelijk, want P(D | I) = P(I) <br /> Onafhankelijk, want P(D | I) = P(I): Incorrect </li>
<li> Onafhankelijk, want P(D ∪ I) = P(D) + P(I) - P(D ∩ I) <br /> Onafhankelijk, want P(D ∪ I) = P(D) + P(I) - P(D ∩ I): Incorrect </li>
</ul>
</modalFeedback>
</assessmentItem>
