<?xml version="1.0" encoding="UTF-8"?>
<assessmentItem xsi:schemaLocation="http://www.imsglobal.org/xsd/imsqti_v2p1 http://www.imsglobal.org/xsd/qti/qtiv2p1/imsqti_v2p1p1.xsd http://www.w3.org/1998/Math/MathML http://www.w3.org/Math/XMLSchema/mathml2/mathml2.xsd" identifier="vufsw-independentsamplesmeans-1174-en_379969842_section_1_item_1_schoice" title="1" adaptive="false" timeDependent="false" xmlns="http://www.imsglobal.org/xsd/imsqti_v2p1" xmlns:xsi="http://www.w3.org/2001/XMLSchema-instance">
<responseDeclaration identifier="vufsw-independentsamplesmeans-1174-en_379969842_section_1_item_1_schoice_RESPONSE_1_9713530" cardinality="single" baseType="identifier">
<correctResponse>
<value>vufsw-independentsamplesmeans-1174-en_379969842_section_1_item_1_schoice_1_1534392031</value>
</correctResponse>
<mapping defaultValue="0" lowerBound="0.0">
<mapEntry mapKey="vufsw-independentsamplesmeans-1174-en_379969842_section_1_item_1_schoice_1_1534392031" mappedValue="1"/>
<mapEntry mapKey="vufsw-independentsamplesmeans-1174-en_379969842_section_1_item_1_schoice_2_7329213532" mappedValue="0"/>
<mapEntry mapKey="vufsw-independentsamplesmeans-1174-en_379969842_section_1_item_1_schoice_3_6104652839" mappedValue="0"/>
<mapEntry mapKey="vufsw-independentsamplesmeans-1174-en_379969842_section_1_item_1_schoice_4_4809142819" mappedValue="0"/>
</mapping>
</responseDeclaration>
<outcomeDeclaration identifier="SCORE" cardinality="single" baseType="float" normalMaximum="1" normalMinimum="0">
<defaultValue>
<value>0.0</value>
</defaultValue>
</outcomeDeclaration>
<outcomeDeclaration identifier="MAXSCORE" cardinality="single" baseType="float">
<defaultValue>
<value>1</value>
</defaultValue>
</outcomeDeclaration>
<outcomeDeclaration identifier="FEEDBACKBASIC" cardinality="single" baseType="identifier" view="testConstructor">
<defaultValue>
<value>empty</value>
</defaultValue>
</outcomeDeclaration>
<outcomeDeclaration identifier="FEEDBACKMODAL" cardinality="multiple" baseType="identifier" view="testConstructor"/>
<outcomeDeclaration identifier="MINSCORE" cardinality="single" baseType="float">
<defaultValue>
<value baseType="float">0</value>
</defaultValue>
</outcomeDeclaration>
<outcomeDeclaration identifier="SCORE_RESPONSE_1" cardinality="single" baseType="float">
<defaultValue>
<value>0.0</value>
</defaultValue>
</outcomeDeclaration>
<outcomeDeclaration identifier="MINSCORE_RESPONSE_1" cardinality="single" baseType="float">
<defaultValue>
<value>0.0</value>
</defaultValue>
</outcomeDeclaration>
<itemBody>
<p>With two brands of candles (Brand X and Brand Y), it has been tested how
many hours they will last. The results are below.</p>
<p><img src="1644999332975.png" class="fr-fic fr-dii tvcss_2"
alt="1644999332975" /></p>
<p>H<sub>0</sub>: mean1 - mean2 = 0<br />
H<sub>a</sub>: mean1 - mean2 is not equal to 0</p>
<p>Draw conclusions about the hypotheses with a significance level of .01
(alpha = 1%).</p>
<choiceInteraction responseIdentifier="vufsw-independentsamplesmeans-1174-en_379969842_section_1_item_1_schoice_RESPONSE_1_9713530" shuffle="false" maxChoices="1">
<simpleChoice identifier="vufsw-independentsamplesmeans-1174-en_379969842_section_1_item_1_schoice_1_1534392031">
<p>
a. We can reject the null hypothesis, since the absolute observed t-value is greater than the critical t-value.
</p>
</simpleChoice>
<simpleChoice identifier="vufsw-independentsamplesmeans-1174-en_379969842_section_1_item_1_schoice_2_7329213532">
<p>
b. We can reject the null hypothesis, since the absolute observed t-value is less than the critical t-value.
</p>
</simpleChoice>
<simpleChoice identifier="vufsw-independentsamplesmeans-1174-en_379969842_section_1_item_1_schoice_3_6104652839">
<p>
c. We can not reject the null hypothesis, since the absolute observed t-value is less than the critical t-value.
</p>
</simpleChoice>
<simpleChoice identifier="vufsw-independentsamplesmeans-1174-en_379969842_section_1_item_1_schoice_4_4809142819">
<p>
d. We can not reject the null hypothesis, since the absolute observed t-value is greater than the critical t-value.
</p>
</simpleChoice>
</choiceInteraction>
</itemBody>
<responseProcessing>
<responseCondition>
<responseIf>
<isNull>
<variable identifier="vufsw-independentsamplesmeans-1174-en_379969842_section_1_item_1_schoice_RESPONSE_1_9713530"/>
</isNull>
<setOutcomeValue identifier="SCORE_RESPONSE_1">
<sum>
<variable identifier="SCORE_RESPONSE_1"/>
<baseValue baseType="float">0</baseValue>
</sum>
</setOutcomeValue>
</responseIf>
</responseCondition>
<setOutcomeValue identifier="SCORE_RESPONSE_1">
<sum>
<variable identifier="SCORE_RESPONSE_1"/>
<mapResponse identifier="vufsw-independentsamplesmeans-1174-en_379969842_section_1_item_1_schoice_RESPONSE_1_9713530"/>
</sum>
</setOutcomeValue>
<responseCondition>
<responseIf>
<lt>
<variable identifier="SCORE_RESPONSE_1"/>
<variable identifier="MINSCORE_RESPONSE_1"/>
</lt>
<setOutcomeValue identifier="SCORE_RESPONSE_1">
<variable identifier="MINSCORE_RESPONSE_1"/>
</setOutcomeValue>
</responseIf>
</responseCondition>
<setOutcomeValue identifier="SCORE">
<sum>
<variable identifier="SCORE_RESPONSE_1"/>
</sum>
</setOutcomeValue>
<responseCondition>
<responseIf>
<lt>
<variable identifier="SCORE"/>
<variable identifier="MINSCORE"/>
</lt>
<setOutcomeValue identifier="SCORE">
<variable identifier="MINSCORE"/>
</setOutcomeValue>
</responseIf>
</responseCondition>
<responseCondition>
<responseIf>
<lt>
<variable identifier="SCORE"/>
<baseValue baseType="float">1</baseValue>
</lt>
<setOutcomeValue identifier="FEEDBACKMODAL">
<multiple>
<variable identifier="FEEDBACKMODAL"/>
<baseValue baseType="identifier">Feedback200375860</baseValue>
</multiple>
</setOutcomeValue>
</responseIf>
</responseCondition>
</responseProcessing>
<modalFeedback identifier="Feedback200375860" outcomeIdentifier="FEEDBACKMODAL" showHide="show">
<p>We can reject the null hypothesis, since the absolute observed t-value
is greater than the critical t-value.<br />
We can calculate the t value with:</p>
<p>Compare means: (ȳ<sub>2</sub> - ȳ<sub>1</sub>) ± <em>t</em>(<em>se</em>) with <em>se</em> =
sqrt [ (<em>s</em><sub>1</sub><sup>2</sup> / <em>n</em><sub>1</sub>) +
(<em>s</em><sub>2</sub><sup>2</sup> / <em>n<sub>2</sub></em>) ]<br />
Test <em>H</em><sub>0</sub> : <em>μ</em>1 = <em>μ</em>2 using <em>t</em> = (ȳ<sub>2</sub> -
ȳ<sub>1</sub>) / <em>se</em></p>
<p>Language<br />
Nederlands</p>
<p>Levels of Difficulty<br />
Medium</p>
<p>M&amp;T BIS<br />
Default value</p>
<p>M&amp;T Hypothesis testing: means<br />
Default value</p>
<br />
<ol type = "a">
<li> We can reject the null hypothesis, since the absolute observed t-value is greater than the critical t-value. <br /> True </li>
<li> We can reject the null hypothesis, since the absolute observed t-value is less than the critical t-value. <br /> False </li>
<li> We can not reject the null hypothesis, since the absolute observed t-value is less than the critical t-value. <br /> False </li>
<li> We can not reject the null hypothesis, since the absolute observed t-value is greater than the critical t-value. <br /> False </li>
</ol>
</modalFeedback>
</assessmentItem>
