<?xml version="1.0" encoding="UTF-8"?>
<!DOCTYPE questestinterop SYSTEM "ims_qtiasiv1p2p1.dtd">

<questestinterop xmlns="http://www.imsglobal.org/xsd/ims_qtiasiv1p2" xmlns:xsi="http://www.w3.org/2001/XMLSchema-instance" xsi:schemaLocation="http://www.imsglobal.org/xsd/ims_qtiasiv1p2 http://www.imsglobal.org/xsd/ims_qtiasiv1p2p1.xsd">
<assessment ident="vufsw-rsquared-0119-nl-canvas_336471345" title="vufsw-rsquared-0119-nl-canvas">

<qtimetadata>
<qtimetadatafield>
<fieldlabel>cc_maxattempts</fieldlabel>
<fieldentry>1</fieldentry>
</qtimetadatafield>
<qtimetadatafield>
<fieldlabel>qmd_assessmenttype</fieldlabel>
<fieldentry>Assessment</fieldentry>
</qtimetadatafield>
</qtimetadata>
<objectives>
<material>
<mattext><![CDATA[Please solve the following exercises.]]></mattext>
</material>
</objectives>
<assessmentcontrol feedbackswitch="No" hintswitch="No" solutionswitch="Yes"/>
<outcomes_processing scoremodel="SumOfScores">
<outcomes>
<decvar varname="SCORE" vartype="Decimal" cutvalue="0"/>
</outcomes>
</outcomes_processing>
<assessfeedback title="AssessmentFeedback" ident="AssessmentFeedback">
<flow_mat>
<material>
<mattext>##AssessmentFeedback##</mattext>
</material>
</flow_mat>
</assessfeedback>

<section ident="vufsw-rsquared-0119-nl-canvas_336471345_section_1" title="Exercise">

<objectives>
<material>
<mattext><![CDATA[Please answer the following question.]]></mattext>
</material>
</objectives>
<selection_ordering>
<selection>
<selection_number>1</selection_number>
<selection_extension>
<points_per_item>1</points_per_item>
</selection_extension>
</selection>
<order order_type="Random"/>
</selection_ordering>

<item ident="vufsw-rsquared-0119-nl-canvas_336471345_section_1_item_1_schoice" title="Question" maxattempts="1">
<itemcontrol feedbackswitch="No" hintswitch="No" solutionswitch="Yes"/>
<itemmetadata>
<qtimetadata>
<qtimetadatafield>
<fieldlabel>question_type</fieldlabel>
<fieldentry>multiple_choice_question</fieldentry>
</qtimetadatafield>
</qtimetadata>
</itemmetadata>
<presentation>
<flow>
<material>
<matbreak/>
<mattext texttype="text/html" charset="utf-8"><![CDATA[
<p>De R<sup>2 </sup>staat voor:</p>
]]></mattext>
<matbreak/>
</material>
<response_lid ident="vufsw-rsquared-0119-nl-canvas_336471345_section_1_item_1_schoice_RESPONSE_3245803" rcardinality="Single" rtiming="No">
<render_choice shuffle="No">
<flow_label class="List">
<response_label ident="vufsw-rsquared-0119-nl-canvas_336471345_section_1_item_1_schoice_3792591059" rshuffle="No">
<material>
<mattext texttype="text/html" charset="utf-8"><![CDATA[
 De proportie verklaarde variantie.
]]></mattext>
</material>
</response_label>
</flow_label>
<flow_label class="List">
<response_label ident="vufsw-rsquared-0119-nl-canvas_336471345_section_1_item_1_schoice_1105331288" rshuffle="No">
<material>
<mattext texttype="text/html" charset="utf-8"><![CDATA[
 De gekwadrateerde residuen.
]]></mattext>
</material>
</response_label>
</flow_label>
<flow_label class="List">
<response_label ident="vufsw-rsquared-0119-nl-canvas_336471345_section_1_item_1_schoice_1860505972" rshuffle="No">
<material>
<mattext texttype="text/html" charset="utf-8"><![CDATA[
 De gekwadrateerde Regression Sum of Squares.
]]></mattext>
</material>
</response_label>
</flow_label>
<flow_label class="List">
<response_label ident="vufsw-rsquared-0119-nl-canvas_336471345_section_1_item_1_schoice_3855183653" rshuffle="No">
<material>
<mattext texttype="text/html" charset="utf-8"><![CDATA[
 De gekwadrateerde voorspellingsfout (‘prediction error’).
]]></mattext>
</material>
</response_label>
</flow_label>
<flow_label class="List">
<response_label ident="vufsw-rsquared-0119-nl-canvas_336471345_section_1_item_1_schoice_1925899186" rshuffle="No">
<material>
<mattext texttype="text/html" charset="utf-8"><![CDATA[
 De correlatie tussen alle B-coëfficiënten in het regressiemodel.
]]></mattext>
</material>
</response_label>
</flow_label>
</render_choice>
</response_lid>
</flow>
</presentation>
<resprocessing>
<outcomes>
<decvar varname="SCORE" vartype="Decimal" defaultval="0" minvalue="0" maxvalue="1" cutvalue="1"/>
</outcomes>
<respcondition title="Mastery" continue="No">
<conditionvar>
<and>
<varequal respident="vufsw-rsquared-0119-nl-canvas_336471345_section_1_item_1_schoice_RESPONSE_3245803" case="Yes">vufsw-rsquared-0119-nl-canvas_336471345_section_1_item_1_schoice_3792591059</varequal>
<not> <varequal respident="vufsw-rsquared-0119-nl-canvas_336471345_section_1_item_1_schoice_RESPONSE_3245803" case="Yes">vufsw-rsquared-0119-nl-canvas_336471345_section_1_item_1_schoice_1105331288</varequal> </not>
<not> <varequal respident="vufsw-rsquared-0119-nl-canvas_336471345_section_1_item_1_schoice_RESPONSE_3245803" case="Yes">vufsw-rsquared-0119-nl-canvas_336471345_section_1_item_1_schoice_1860505972</varequal> </not>
<not> <varequal respident="vufsw-rsquared-0119-nl-canvas_336471345_section_1_item_1_schoice_RESPONSE_3245803" case="Yes">vufsw-rsquared-0119-nl-canvas_336471345_section_1_item_1_schoice_3855183653</varequal> </not>
<not> <varequal respident="vufsw-rsquared-0119-nl-canvas_336471345_section_1_item_1_schoice_RESPONSE_3245803" case="Yes">vufsw-rsquared-0119-nl-canvas_336471345_section_1_item_1_schoice_1925899186</varequal> </not>
</and>
</conditionvar>
<setvar varname="SCORE" action="Set">1</setvar>
<displayfeedback feedbacktype="Response" linkrefid="correct_fb"/>
</respcondition>
<respcondition continue="Yes">
<conditionvar>
<other/>
</conditionvar>
<displayfeedback feedbacktype="Response" linkrefid="general_incorrect_fb"/>
</respcondition>
</resprocessing>
<itemfeedback ident="correct_fb" view="All">
<flow_mat>
<material>
<mattext texttype="text/html"><![CDATA[
<p>Language<br />
Nederlands</p>
<p>Levels of Difficulty<br />
Medium</p>
<p>M&amp;T BIS<br />
Default value</p>
<p>M&amp;T Non-parametric test<br />
Default value</p>
<br />
<ul>
<li> De proportie verklaarde variantie. <br /> True </li>
<li> De gekwadrateerde residuen. <br /> False </li>
<li> De gekwadrateerde Regression Sum of Squares. <br /> False </li>
<li> De gekwadrateerde voorspellingsfout (‘prediction error’). <br /> False </li>
<li> De correlatie tussen alle B-coëfficiënten in het regressiemodel. <br /> False </li>
</ul>
]]></mattext>
</material>
</flow_mat>
</itemfeedback>
<itemfeedback ident="general_incorrect_fb" view="All">
<flow_mat>
<material>
<mattext texttype="text/html"><![CDATA[
<p>Language<br />
Nederlands</p>
<p>Levels of Difficulty<br />
Medium</p>
<p>M&amp;T BIS<br />
Default value</p>
<p>M&amp;T Non-parametric test<br />
Default value</p>
<br />
<ul>
<li> De proportie verklaarde variantie. <br /> True </li>
<li> De gekwadrateerde residuen. <br /> False </li>
<li> De gekwadrateerde Regression Sum of Squares. <br /> False </li>
<li> De gekwadrateerde voorspellingsfout (‘prediction error’). <br /> False </li>
<li> De correlatie tussen alle B-coëfficiënten in het regressiemodel. <br /> False </li>
</ul>
]]></mattext>
</material>
</flow_mat>
</itemfeedback>
</item>


</section>

</assessment>
</questestinterop>
