<?xml version="1.0" encoding="utf-8" standalone="yes"?>
<assessmentItem identifier="eur-factor-101-nl-tv_202601131820_item_1_num" title="eur-factor-101-nl-tv_202601131820_item_1_num_eur-factor-101-nl" adaptive="false" timeDependent="false" toolName="Testvision Online" toolVersion="39.0.9084" xmlns="http://www.imsglobal.org/xsd/imsqti_v2p1"> <responseDeclaration identifier="RESPONSE" cardinality="multiple" baseType="float"> <correctResponse> <value>0.6</value> <value>0.6;0.6</value> </correctResponse> </responseDeclaration> <outcomeDeclaration identifier="SCORE" cardinality="single" baseType="float" normalMaximum="1" normalMinimum="0" /> <outcomeDeclaration identifier="FEEDBACK" cardinality="single" baseType="identifier" /> <stylesheet href="css/eur-factor-101-nl-tv_202601131820_item_1_num.css" type="text/css" /> <itemBody> <p>Hieronder vind je de output van een factoranalyse op 8 items die extraversie meten.</p> <table> <caption>Table 1</caption> <thead> <tr class="header"> <th class="recss_5">Factor</th> <th class="recss_5">Eigenvalue</th> </tr> </thead> <tbody> <tr class="odd"> <td class="recss_5">1</td> <td class="recss_5">2.2</td> </tr> <tr class="even"> <td class="recss_5">2</td> <td class="recss_5">1.8</td> </tr> <tr class="odd"> <td class="recss_5">3</td> <td class="recss_5">1.1</td> </tr> <tr class="even"> <td class="recss_5">4</td> <td class="recss_5">0.9</td> </tr> <tr class="odd"> <td class="recss_5">5</td> <td class="recss_5">0.8</td> </tr> <tr class="even"> <td class="recss_5">6</td> <td class="recss_5">…</td> </tr> <tr class="odd"> <td class="recss_5">7</td> <td class="recss_5">0.3</td> </tr> <tr class="even"> <td class="recss_5">8</td> <td class="recss_5">0.3</td> </tr> </tbody> </table> <p>Bereken de eigenwaarde van de 6e Factor.</p> <extendedTextInteraction responseIdentifier="RESPONSE"/> </itemBody> <responseProcessing> <responseCondition> <responseIf> <isNull> <variable identifier="RESPONSE"/> </isNull> <setOutcomeValue identifier="SCORE"> <baseValue baseType="float">0.0</baseValue> </setOutcomeValue> <setOutcomeValue identifier="FEEDBACK"> <baseValue baseType="identifier">FAILURE</baseValue> </setOutcomeValue> </responseIf> <responseElse> <responseCondition> <responseIf> <match> <variable identifier="RESPONSE"/> <correct identifier="RESPONSE"/> </match> <setOutcomeValue identifier="SCORE"> <baseValue baseType="float">1</baseValue> </setOutcomeValue> </responseIf> <responseElse> <setOutcomeValue identifier="SCORE"> <baseValue baseType="float">0</baseValue> </setOutcomeValue> </responseElse> </responseCondition> <responseCondition> <responseIf> <equal toleranceMode="relative" tolerance="0.001"> <variable identifier="SCORE"/> <variable identifier="MAXSCORE"/> </equal> <setOutcomeValue identifier="FEEDBACK"> <baseValue baseType="identifier">ANSWER_CORRECT</baseValue> </setOutcomeValue> </responseIf> <responseElse> <setOutcomeValue identifier="FEEDBACK"> <baseValue baseType="identifier">FAILURE</baseValue> </setOutcomeValue> </responseElse> </responseCondition> </responseElse> </responseCondition> </responseProcessing> <modalFeedback identifier="FAILURE" outcomeIdentifier="FEEDBACK" showHide="show"> <div class="textblock tvblock tvcss_1"><div class="rte_zone tveditor1"> <p>De eigenwaarde van de 6e factor kan als volgt worden berekend. De som van de eigenwaarden van 8 variabelen is gelijk aan 8. De som van de eigenwaarden van de factoren in de tabel is: <math display="inline" xmlns="http://www.w3.org/1998/Math/MathML"><semantics><mrow><mn>2.2</mn><mo>+</mo><mn>1.8</mn><mo>+</mo><mn>1.1</mn><mo>+</mo><mn>.9</mn><mo>+</mo><mn>.8</mn><mo>+</mo><mn>.3</mn><mo>+</mo><mn>.3</mn><mo>=</mo><mn>7.4</mn></mrow><annotation encoding="application/x-tex">2.2+1.8+1.1+.9+.8+.3+.3=7.4</annotation></semantics></math>. De eigenwaarde van de 6e factor is dus: <math display="inline" xmlns="http://www.w3.org/1998/Math/MathML"><semantics><mrow><mn>8</mn><mi>‐</mi><mn>7.4</mn><mo>=</mo><mn>.6</mn></mrow><annotation encoding="application/x-tex">8‐7.4= .6</annotation></semantics></math>.</p> </div> </div> </modalFeedback> <modalFeedback identifier="ANSWER_CORRECT" outcomeIdentifier="FEEDBACK" showHide="show"> <div class="textblock tvblock tvcss_1"><div class="rte_zone tveditor1"> <p>De eigenwaarde van de 6e factor kan als volgt worden berekend. De som van de eigenwaarden van 8 variabelen is gelijk aan 8. De som van de eigenwaarden van de factoren in de tabel is: <math display="inline" xmlns="http://www.w3.org/1998/Math/MathML"><semantics><mrow><mn>2.2</mn><mo>+</mo><mn>1.8</mn><mo>+</mo><mn>1.1</mn><mo>+</mo><mn>.9</mn><mo>+</mo><mn>.8</mn><mo>+</mo><mn>.3</mn><mo>+</mo><mn>.3</mn><mo>=</mo><mn>7.4</mn></mrow><annotation encoding="application/x-tex">2.2+1.8+1.1+.9+.8+.3+.3=7.4</annotation></semantics></math>. De eigenwaarde van de 6e factor is dus: <math display="inline" xmlns="http://www.w3.org/1998/Math/MathML"><semantics><mrow><mn>8</mn><mi>‐</mi><mn>7.4</mn><mo>=</mo><mn>.6</mn></mrow><annotation encoding="application/x-tex">8‐7.4= .6</annotation></semantics></math>.</p> </div> </div> </modalFeedback> <modalFeedback identifier="PARTIAL_CORRECT" outcomeIdentifier="FEEDBACK" showHide="show"> <div class="textblock tvblock tvcss_1"><div class="rte_zone tveditor1"> <p>De eigenwaarde van de 6e factor kan als volgt worden berekend. De som van de eigenwaarden van 8 variabelen is gelijk aan 8. De som van de eigenwaarden van de factoren in de tabel is: <math display="inline" xmlns="http://www.w3.org/1998/Math/MathML"><semantics><mrow><mn>2.2</mn><mo>+</mo><mn>1.8</mn><mo>+</mo><mn>1.1</mn><mo>+</mo><mn>.9</mn><mo>+</mo><mn>.8</mn><mo>+</mo><mn>.3</mn><mo>+</mo><mn>.3</mn><mo>=</mo><mn>7.4</mn></mrow><annotation encoding="application/x-tex">2.2+1.8+1.1+.9+.8+.3+.3=7.4</annotation></semantics></math>. De eigenwaarde van de 6e factor is dus: <math display="inline" xmlns="http://www.w3.org/1998/Math/MathML"><semantics><mrow><mn>8</mn><mi>‐</mi><mn>7.4</mn><mo>=</mo><mn>.6</mn></mrow><annotation encoding="application/x-tex">8‐7.4= .6</annotation></semantics></math>.</p> </div> </div> </modalFeedback> </assessmentItem>
