<?xml version="1.0" encoding="utf-8" standalone="yes"?>
<assessmentItem identifier="vufgb-sumofsquares-020-nl-tv_202209061510_item_1_schoice" title="vufgb-sumofsquares-020-nl-tv_202209061510_item_1_schoice_vufgb-sumofsquares-020-nl" adaptive="false" timeDependent="false" toolName="Testvision Online" toolVersion="39.0.9084" xmlns="http://www.imsglobal.org/xsd/imsqti_v2p1">
<responseDeclaration identifier="RESPONSE" cardinality="single" baseType="identifier">
<correctResponse>
<value>alt_382174</value>
</correctResponse>
<mapping defaultValue="0" lowerBound="0.0">
<mapEntry mapKey="alt_191654" mappedValue="-0.333333333333333"/>
<mapEntry mapKey="alt_928166" mappedValue="-0.333333333333333"/>
<mapEntry mapKey="alt_382174" mappedValue="1"/>
<mapEntry mapKey="alt_424820" mappedValue="-0.333333333333333"/>
</mapping>
</responseDeclaration>
<outcomeDeclaration identifier="SCORE" cardinality="single" baseType="float" normalMaximum="1" normalMinimum="0" />
<outcomeDeclaration identifier="FEEDBACK" cardinality="single" baseType="identifier" />
<itemBody>
<p>Gegeven is onderstaande ANOVA tabel, horende bij een 2x2 factorieel design.</p>
<p>Bereken de kwadratensom van de interactie tussen factoren <em>A</em> en <em>B</em> (<math display="inline" xmlns="http://www.w3.org/1998/Math/MathML"><semantics><mrow><mi>S</mi><msub><mi>S</mi><mrow><mi>A</mi><mi>B</mi></mrow></msub></mrow><annotation encoding="application/x-tex">SS_{AB}</annotation></semantics></math>).</p>
<p><img src="mediafiles/supplements1/vufgb-sumofsquares-020-nl-table01.jpg" alt="image"/></p>
<choiceInteraction responseIdentifier="RESPONSE" shuffle="false" maxChoices="1">
<simpleChoice identifier="alt_191654">
<div class="textblock tvblock tvcss_1"><div class="rte_zone tveditor1">
a. 0
</div>
</div>
</simpleChoice>
<simpleChoice identifier="alt_928166">
<div class="textblock tvblock tvcss_1"><div class="rte_zone tveditor1">
b. 10
</div>
</div>
</simpleChoice>
<simpleChoice identifier="alt_382174">
<div class="textblock tvblock tvcss_1"><div class="rte_zone tveditor1">
c. 2
</div>
</div>
</simpleChoice>
<simpleChoice identifier="alt_424820">
<div class="textblock tvblock tvcss_1"><div class="rte_zone tveditor1">
d. 40
</div>
</div>
</simpleChoice>
</choiceInteraction>
</itemBody>
<responseProcessing>
<responseCondition>
<responseIf>
<isNull>
<variable identifier="RESPONSE"/>
</isNull>
<setOutcomeValue identifier="SCORE">
<baseValue baseType="float">0.0</baseValue>
</setOutcomeValue>
<setOutcomeValue identifier="FEEDBACK">
<baseValue baseType="identifier">FAILURE</baseValue>
</setOutcomeValue>
</responseIf>
<responseElse>
<setOutcomeValue identifier="SCORE">
<mapResponse identifier="RESPONSE"/>
</setOutcomeValue>
<responseCondition>
<responseIf>
<equal toleranceMode="relative" tolerance="0.001">
<variable identifier="SCORE"/>
<variable identifier="MAXSCORE"/>
</equal>
<setOutcomeValue identifier="FEEDBACK">
<baseValue baseType="identifier">ANSWER_CORRECT</baseValue>
</setOutcomeValue>
</responseIf>
<responseElse>
<setOutcomeValue identifier="FEEDBACK">
<baseValue baseType="identifier">FAILURE</baseValue>
</setOutcomeValue>
</responseElse>
</responseCondition>
</responseElse>
</responseCondition>
</responseProcessing>
<modalFeedback identifier="FAILURE" outcomeIdentifier="FEEDBACK" showHide="show">
<div class="textblock tvblock tvcss_1"><div class="rte_zone tveditor1">
<p>Bereken eerst zelf het gemiddelde van <em>y</em>: <math display="inline" xmlns="http://www.w3.org/1998/Math/MathML"><semantics><mrow><mfrac><mrow><mo stretchy="true" form="prefix">(</mo><mn>10</mn><mo>+</mo><mn>12</mn><mo>+</mo><mn>10</mn><mo>+</mo><mn>14</mn><mo>+</mo><mn>8</mn><mo>+</mo><mn>10</mn><mo>+</mo><mn>7</mn><mo>+</mo><mn>9</mn><mo stretchy="true" form="postfix">)</mo></mrow><mn>8</mn></mfrac><mo>=</mo><mfrac><mn>80</mn><mn>8</mn></mfrac><mo>=</mo><mn>10</mn></mrow><annotation encoding="application/x-tex">\frac{(10+12+10+14+8+10+7+9)}{8} = \frac{80}{8} = 10</annotation></semantics></math>.</p>
<p>Vul vervolgens per proefpersoon de laatste kolom in. Bijvoorbeeld voor proefpersoon 1: <math display="inline" xmlns="http://www.w3.org/1998/Math/MathML"><semantics><mrow><msup><mrow><mo stretchy="true" form="prefix">(</mo><mn>11</mn><mo>−</mo><mn>11.5</mn><mo>−</mo><mn>10</mn><mo>+</mo><mn>10</mn><mo stretchy="true" form="postfix">)</mo></mrow><mn>2</mn></msup><mo>=</mo><mo>−</mo><msup><mn>0.5</mn><mn>2</mn></msup><mo>=</mo><mn>0.25</mn></mrow><annotation encoding="application/x-tex">(11-11.5-10+10)^{2} = -0.5^{2} = 0.25</annotation></semantics></math>.</p>
<p>Als je dit doet voor alle proefpersonen krijg je (toevallig) 0.25 als waarde voor elke persoon. De som hiervan is <math display="inline" xmlns="http://www.w3.org/1998/Math/MathML"><semantics><mrow><mn>0.25</mn><mo>×</mo><mn>8</mn><mo>=</mo><mn>2</mn></mrow><annotation encoding="application/x-tex">0.25 \times 8 = 2</annotation></semantics></math>.</p>
<br />
<ol>
<li> 0 <br /> Incorrect </li>
<li> 10 <br /> Incorrect </li>
<li> 2 <br /> Correct </li>
<li> 40 <br /> Incorrect </li>
</ol>
</div>
</div>
</modalFeedback>
<modalFeedback identifier="ANSWER_CORRECT" outcomeIdentifier="FEEDBACK" showHide="show">
<div class="textblock tvblock tvcss_1"><div class="rte_zone tveditor1">
<p>Bereken eerst zelf het gemiddelde van <em>y</em>: <math display="inline" xmlns="http://www.w3.org/1998/Math/MathML"><semantics><mrow><mfrac><mrow><mo stretchy="true" form="prefix">(</mo><mn>10</mn><mo>+</mo><mn>12</mn><mo>+</mo><mn>10</mn><mo>+</mo><mn>14</mn><mo>+</mo><mn>8</mn><mo>+</mo><mn>10</mn><mo>+</mo><mn>7</mn><mo>+</mo><mn>9</mn><mo stretchy="true" form="postfix">)</mo></mrow><mn>8</mn></mfrac><mo>=</mo><mfrac><mn>80</mn><mn>8</mn></mfrac><mo>=</mo><mn>10</mn></mrow><annotation encoding="application/x-tex">\frac{(10+12+10+14+8+10+7+9)}{8} = \frac{80}{8} = 10</annotation></semantics></math>.</p>
<p>Vul vervolgens per proefpersoon de laatste kolom in. Bijvoorbeeld voor proefpersoon 1: <math display="inline" xmlns="http://www.w3.org/1998/Math/MathML"><semantics><mrow><msup><mrow><mo stretchy="true" form="prefix">(</mo><mn>11</mn><mo>−</mo><mn>11.5</mn><mo>−</mo><mn>10</mn><mo>+</mo><mn>10</mn><mo stretchy="true" form="postfix">)</mo></mrow><mn>2</mn></msup><mo>=</mo><mo>−</mo><msup><mn>0.5</mn><mn>2</mn></msup><mo>=</mo><mn>0.25</mn></mrow><annotation encoding="application/x-tex">(11-11.5-10+10)^{2} = -0.5^{2} = 0.25</annotation></semantics></math>.</p>
<p>Als je dit doet voor alle proefpersonen krijg je (toevallig) 0.25 als waarde voor elke persoon. De som hiervan is <math display="inline" xmlns="http://www.w3.org/1998/Math/MathML"><semantics><mrow><mn>0.25</mn><mo>×</mo><mn>8</mn><mo>=</mo><mn>2</mn></mrow><annotation encoding="application/x-tex">0.25 \times 8 = 2</annotation></semantics></math>.</p>
<br />
<ol>
<li> 0 <br /> Incorrect </li>
<li> 10 <br /> Incorrect </li>
<li> 2 <br /> Correct </li>
<li> 40 <br /> Incorrect </li>
</ol>
</div>
</div>
</modalFeedback>
<modalFeedback identifier="PARTIAL_CORRECT" outcomeIdentifier="FEEDBACK" showHide="show">
<div class="textblock tvblock tvcss_1"><div class="rte_zone tveditor1">
<p>Bereken eerst zelf het gemiddelde van <em>y</em>: <math display="inline" xmlns="http://www.w3.org/1998/Math/MathML"><semantics><mrow><mfrac><mrow><mo stretchy="true" form="prefix">(</mo><mn>10</mn><mo>+</mo><mn>12</mn><mo>+</mo><mn>10</mn><mo>+</mo><mn>14</mn><mo>+</mo><mn>8</mn><mo>+</mo><mn>10</mn><mo>+</mo><mn>7</mn><mo>+</mo><mn>9</mn><mo stretchy="true" form="postfix">)</mo></mrow><mn>8</mn></mfrac><mo>=</mo><mfrac><mn>80</mn><mn>8</mn></mfrac><mo>=</mo><mn>10</mn></mrow><annotation encoding="application/x-tex">\frac{(10+12+10+14+8+10+7+9)}{8} = \frac{80}{8} = 10</annotation></semantics></math>.</p>
<p>Vul vervolgens per proefpersoon de laatste kolom in. Bijvoorbeeld voor proefpersoon 1: <math display="inline" xmlns="http://www.w3.org/1998/Math/MathML"><semantics><mrow><msup><mrow><mo stretchy="true" form="prefix">(</mo><mn>11</mn><mo>−</mo><mn>11.5</mn><mo>−</mo><mn>10</mn><mo>+</mo><mn>10</mn><mo stretchy="true" form="postfix">)</mo></mrow><mn>2</mn></msup><mo>=</mo><mo>−</mo><msup><mn>0.5</mn><mn>2</mn></msup><mo>=</mo><mn>0.25</mn></mrow><annotation encoding="application/x-tex">(11-11.5-10+10)^{2} = -0.5^{2} = 0.25</annotation></semantics></math>.</p>
<p>Als je dit doet voor alle proefpersonen krijg je (toevallig) 0.25 als waarde voor elke persoon. De som hiervan is <math display="inline" xmlns="http://www.w3.org/1998/Math/MathML"><semantics><mrow><mn>0.25</mn><mo>×</mo><mn>8</mn><mo>=</mo><mn>2</mn></mrow><annotation encoding="application/x-tex">0.25 \times 8 = 2</annotation></semantics></math>.</p>
<br />
<ol>
<li> 0 <br /> Incorrect </li>
<li> 10 <br /> Incorrect </li>
<li> 2 <br /> Correct </li>
<li> 40 <br /> Incorrect </li>
</ol>
</div>
</div>
</modalFeedback>
</assessmentItem>
