<?xml version="1.0" encoding="UTF-8"?>
<assessmentItem xsi:schemaLocation="http://www.imsglobal.org/xsd/imsqti_v2p1 http://www.imsglobal.org/xsd/qti/qtiv2p1/imsqti_v2p1p1.xsd http://www.w3.org/1998/Math/MathML http://www.w3.org/Math/XMLSchema/mathml2/mathml2.xsd" identifier="vufgb-twowayanova-024-nl-ans_946360582_section_1_item_1_schoice" title="Inferential_Statistics_vufgb-twowayanova-024-nl_vufgb-twowayanova-024-nl_schoice_1" adaptive="false" timeDependent="false" xmlns="http://www.imsglobal.org/xsd/imsqti_v2p1" xmlns:xsi="http://www.w3.org/2001/XMLSchema-instance">
<responseDeclaration identifier="vufgb-twowayanova-024-nl-ans_946360582_section_1_item_1_schoice_RESPONSE_1_4011790" cardinality="single" baseType="identifier">
<correctResponse>
<value>vufgb-twowayanova-024-nl-ans_946360582_section_1_item_1_schoice_2_1097853873</value>
</correctResponse>
<mapping defaultValue="0" lowerBound="0.0">
<mapEntry mapKey="vufgb-twowayanova-024-nl-ans_946360582_section_1_item_1_schoice_1_9275360264" mappedValue="0"/>
<mapEntry mapKey="vufgb-twowayanova-024-nl-ans_946360582_section_1_item_1_schoice_2_1097853873" mappedValue="1"/>
<mapEntry mapKey="vufgb-twowayanova-024-nl-ans_946360582_section_1_item_1_schoice_3_8900973137" mappedValue="0"/>
<mapEntry mapKey="vufgb-twowayanova-024-nl-ans_946360582_section_1_item_1_schoice_4_3543017201" mappedValue="0"/>
</mapping>
</responseDeclaration>
<outcomeDeclaration identifier="SCORE" cardinality="single" baseType="float" normalMaximum="1" normalMinimum="0">
<defaultValue>
<value>0.0</value>
</defaultValue>
</outcomeDeclaration>
<outcomeDeclaration identifier="MAXSCORE" cardinality="single" baseType="float">
<defaultValue>
<value>1</value>
</defaultValue>
</outcomeDeclaration>
<outcomeDeclaration identifier="FEEDBACKBASIC" cardinality="single" baseType="identifier" view="testConstructor">
<defaultValue>
<value>empty</value>
</defaultValue>
</outcomeDeclaration>
<outcomeDeclaration identifier="FEEDBACKMODAL" cardinality="multiple" baseType="identifier" view="testConstructor"/>
<outcomeDeclaration identifier="SOLUTIONMODAL" cardinality="single" baseType="identifier" view="testConstructor"/>
<outcomeDeclaration identifier="MINSCORE" cardinality="single" baseType="float">
<defaultValue>
<value baseType="float">0</value>
</defaultValue>
</outcomeDeclaration>
<outcomeDeclaration identifier="SCORE_RESPONSE_1" cardinality="single" baseType="float">
<defaultValue>
<value>0.0</value>
</defaultValue>
</outcomeDeclaration>
<outcomeDeclaration identifier="MINSCORE_RESPONSE_1" cardinality="single" baseType="float">
<defaultValue>
<value>0.0</value>
</defaultValue>
</outcomeDeclaration>
<itemBody>
<p>Gegeven is onderstaande plot met geschatte gemiddelden (‘estimated means’). Welk type ANOVA analyse is gebruikt?</p>
<p><img src="media/supplements1/vufgb-twowayanova-024-nl-figure01.jpg" /></p>
<choiceInteraction responseIdentifier="vufgb-twowayanova-024-nl-ans_946360582_section_1_item_1_schoice_RESPONSE_1_4011790" shuffle="false" maxChoices="1">
<simpleChoice identifier="vufgb-twowayanova-024-nl-ans_946360582_section_1_item_1_schoice_1_9275360264">
<p>
 Eenwegs variantieanalyse (‘One-way ANOVA’)
</p>
</simpleChoice>
<simpleChoice identifier="vufgb-twowayanova-024-nl-ans_946360582_section_1_item_1_schoice_2_1097853873">
<p>
 Tweewegs variantieanalyse (‘Two-way ANOVA’)
</p>
</simpleChoice>
<simpleChoice identifier="vufgb-twowayanova-024-nl-ans_946360582_section_1_item_1_schoice_3_8900973137">
<p>
 Driewegs variantieanalyse (‘Three-way ANOVA’)
</p>
</simpleChoice>
<simpleChoice identifier="vufgb-twowayanova-024-nl-ans_946360582_section_1_item_1_schoice_4_3543017201">
<p>
 Covariantieanalyse (ANCOVA)
</p>
</simpleChoice>
</choiceInteraction>
</itemBody>
<responseProcessing>
<setOutcomeValue identifier="SCORE_RESPONSE_1">
<sum>
<variable identifier="SCORE_RESPONSE_1"/>
<mapResponse identifier="vufgb-twowayanova-024-nl-ans_946360582_section_1_item_1_schoice_RESPONSE_1_4011790"/>
</sum>
</setOutcomeValue>
<responseCondition>
<responseIf>
<lt>
<variable identifier="SCORE_RESPONSE_1"/>
<variable identifier="MINSCORE_RESPONSE_1"/>
</lt>
<setOutcomeValue identifier="SCORE_RESPONSE_1">
<variable identifier="MINSCORE_RESPONSE_1"/>
</setOutcomeValue>
</responseIf>
</responseCondition>
<responseCondition>
<responseIf>
<isNull>
<variable identifier="vufgb-twowayanova-024-nl-ans_946360582_section_1_item_1_schoice_RESPONSE_1_4011790"/>
</isNull>
<setOutcomeValue identifier="SCORE_RESPONSE_1">
<sum>
<variable identifier="SCORE_RESPONSE_1"/>
<baseValue baseType="float">0</baseValue>
</sum>
</setOutcomeValue>
</responseIf>
</responseCondition>
<setOutcomeValue identifier="SCORE">
<sum>
<variable identifier="SCORE_RESPONSE_1"/>
</sum>
</setOutcomeValue>
<responseCondition>
<responseIf>
<lt>
<variable identifier="SCORE"/>
<variable identifier="MINSCORE"/>
</lt>
<setOutcomeValue identifier="SCORE">
<variable identifier="MINSCORE"/>
</setOutcomeValue>
</responseIf>
</responseCondition>
<responseCondition>
<responseIf>
<lt>
<variable identifier="SCORE"/>
<baseValue baseType="float">1</baseValue>
</lt>
<setOutcomeValue identifier="FEEDBACKMODAL">
<multiple>
<variable identifier="FEEDBACKMODAL"/>
<baseValue baseType="identifier">Feedback239781527</baseValue>
</multiple>
</setOutcomeValue>
</responseIf>
</responseCondition>
</responseProcessing>
<modalFeedback outcomeIdentifier="FEEDBACK" showHide="show" identifier="incorrect">
<ul>
<li> Eenwegs variantieanalyse (‘One-way ANOVA’) <br /> Incorrect </li>
<li> Tweewegs variantieanalyse (‘Two-way ANOVA’) <br /> Correct </li>
<li> Driewegs variantieanalyse (‘Three-way ANOVA’) <br /> Incorrect </li>
<li> Covariantieanalyse (ANCOVA) <br /> Incorrect </li>
</ul>
</modalFeedback>
</assessmentItem>
