<?xml version="1.0" encoding="utf-8" standalone="yes"?>
<assessmentItem identifier="uva-bar-graph-1202-en-tv_202510071722_item_1_schoice" title="uva-bar-graph-1202-en-tv_202510071722_item_1_schoice_uva-bar-graph-1202-en" adaptive="false" timeDependent="false" toolName="Testvision Online" toolVersion="39.0.9084" xmlns="http://www.imsglobal.org/xsd/imsqti_v2p1">
<responseDeclaration identifier="RESPONSE" cardinality="single" baseType="identifier">
<correctResponse>
<value>alt_193132</value>
</correctResponse>
<mapping defaultValue="0" lowerBound="0.0">
<mapEntry mapKey="alt_193132" mappedValue="1"/>
<mapEntry mapKey="alt_450438" mappedValue="-0.333333333333333"/>
<mapEntry mapKey="alt_597135" mappedValue="-0.333333333333333"/>
<mapEntry mapKey="alt_110927" mappedValue="-0.333333333333333"/>
</mapping>
</responseDeclaration>
<outcomeDeclaration identifier="SCORE" cardinality="single" baseType="float" normalMaximum="1" normalMinimum="0" />
<outcomeDeclaration identifier="FEEDBACK" cardinality="single" baseType="identifier" />
<stylesheet href="css/uva-bar-graph-1202-en-tv_202510071722_item_1_schoice.css" type="text/css" />
<itemBody>
<p>Below is a bar graph of the number of children in a sample of 50 families.‖ The modal number of children per family in this sample is equal to:</p>
<p><img src="mediafiles/supplements1/uva-bar-graph-1202-nl-graph01.png" alt="image"/></p>
<choiceInteraction responseIdentifier="RESPONSE" shuffle="false" maxChoices="1">
<simpleChoice identifier="alt_193132">
<div class="textblock tvblock tvcss_1"><div class="rte_zone tveditor1">
 0
</div>
</div>
</simpleChoice>
<simpleChoice identifier="alt_450438">
<div class="textblock tvblock tvcss_1"><div class="rte_zone tveditor1">
 1
</div>
</div>
</simpleChoice>
<simpleChoice identifier="alt_597135">
<div class="textblock tvblock tvcss_1"><div class="rte_zone tveditor1">
 1,9
</div>
</div>
</simpleChoice>
<simpleChoice identifier="alt_110927">
<div class="textblock tvblock tvcss_1"><div class="rte_zone tveditor1">
 2
</div>
</div>
</simpleChoice>
</choiceInteraction>
</itemBody>
<responseProcessing>
<responseCondition>
<responseIf>
<isNull>
<variable identifier="RESPONSE"/>
</isNull>
<setOutcomeValue identifier="SCORE">
<baseValue baseType="float">0.0</baseValue>
</setOutcomeValue>
<setOutcomeValue identifier="FEEDBACK">
<baseValue baseType="identifier">FAILURE</baseValue>
</setOutcomeValue>
</responseIf>
<responseElse>
<setOutcomeValue identifier="SCORE">
<mapResponse identifier="RESPONSE"/>
</setOutcomeValue>
<responseCondition>
<responseIf>
<equal toleranceMode="relative" tolerance="0.001">
<variable identifier="SCORE"/>
<variable identifier="MAXSCORE"/>
</equal>
<setOutcomeValue identifier="FEEDBACK">
<baseValue baseType="identifier">ANSWER_CORRECT</baseValue>
</setOutcomeValue>
</responseIf>
<responseElse>
<setOutcomeValue identifier="FEEDBACK">
<baseValue baseType="identifier">FAILURE</baseValue>
</setOutcomeValue>
</responseElse>
</responseCondition>
</responseElse>
</responseCondition>
</responseProcessing>
<modalFeedback identifier="FAILURE" outcomeIdentifier="FEEDBACK" showHide="show">
<div class="textblock tvblock tvcss_1"><div class="rte_zone tveditor1">
<ul>
<li> 0 <br /> 0: Correct </li>
<li> 1 <br /> 1: Incorrect </li>
<li> 1,9 <br /> 1.9: Incorrect </li>
<li> 2 <br /> 2: Incorrect </li>
</ul>
</div>
</div>
</modalFeedback>
<modalFeedback identifier="ANSWER_CORRECT" outcomeIdentifier="FEEDBACK" showHide="show">
<div class="textblock tvblock tvcss_1"><div class="rte_zone tveditor1">
<ul>
<li> 0 <br /> 0: Correct </li>
<li> 1 <br /> 1: Incorrect </li>
<li> 1,9 <br /> 1.9: Incorrect </li>
<li> 2 <br /> 2: Incorrect </li>
</ul>
</div>
</div>
</modalFeedback>
<modalFeedback identifier="PARTIAL_CORRECT" outcomeIdentifier="FEEDBACK" showHide="show">
<div class="textblock tvblock tvcss_1"><div class="rte_zone tveditor1">
<ul>
<li> 0 <br /> 0: Correct </li>
<li> 1 <br /> 1: Incorrect </li>
<li> 1,9 <br /> 1.9: Incorrect </li>
<li> 2 <br /> 2: Incorrect </li>
</ul>
</div>
</div>
</modalFeedback>
</assessmentItem>
