<?xml version="1.0" encoding="utf-8" standalone="yes"?>
<assessmentItem identifier="vufgb-nhst-007-nl_202209051539_item_1_schoice" title="vufgb-nhst-007-nl_202209051539_item_1_schoice_vufgb-nhst-007-nl" adaptive="false" timeDependent="false" toolName="Testvision Online" toolVersion="39.0.9084" xmlns="http://www.imsglobal.org/xsd/imsqti_v2p1">
<responseDeclaration identifier="RESPONSE" cardinality="single" baseType="identifier">
<correctResponse>
<value>alt_386192</value>
</correctResponse>
<mapping defaultValue="0" lowerBound="0.0">
<mapEntry mapKey="alt_386192" mappedValue="1"/>
<mapEntry mapKey="alt_970307" mappedValue="-0.333333333333333"/>
<mapEntry mapKey="alt_767574" mappedValue="-0.333333333333333"/>
<mapEntry mapKey="alt_849381" mappedValue="-0.333333333333333"/>
</mapping>
</responseDeclaration>
<outcomeDeclaration identifier="SCORE" cardinality="single" baseType="float" normalMaximum="1" normalMinimum="0" />
<outcomeDeclaration identifier="FEEDBACK" cardinality="single" baseType="identifier" />
<itemBody>
<p>Uit een analyse op een 2 ×4 tabel werd gevonden <math display="inline" xmlns="http://www.w3.org/1998/Math/MathML"><semantics><msup><mi>χ</mi><mn>2</mn></msup><annotation encoding="application/x-tex">\chi^{2}</annotation></semantics></math>(···) = 11.86. Toets met een
onbetrouwbaarheid van 1% de nulhypothese dat de rijen en kolommen van deze tabel onafhankelijk zijn. Geef je conclusie.</p>
<choiceInteraction responseIdentifier="RESPONSE" shuffle="false" maxChoices="1">
<simpleChoice identifier="alt_386192">
<div class="textblock tvblock tvcss_1"><div class="rte_zone tveditor1">
a. De kritieke waarde K voldoet aan: 8 &lt; K &lt; 10. Conclusie: verwerpen H0.
</div>
</div>
</simpleChoice>
<simpleChoice identifier="alt_970307">
<div class="textblock tvblock tvcss_1"><div class="rte_zone tveditor1">
b. De kritieke waarde K voldoet aan: 10 &lt; K &lt; 12. Conclusie: verwerpen H0.
</div>
</div>
</simpleChoice>
<simpleChoice identifier="alt_767574">
<div class="textblock tvblock tvcss_1"><div class="rte_zone tveditor1">
c. De kritieke waarde K voldoet aan: 8 &lt; K &lt; 10. Conclusie: accepteren H0.
</div>
</div>
</simpleChoice>
<simpleChoice identifier="alt_849381">
<div class="textblock tvblock tvcss_1"><div class="rte_zone tveditor1">
d. De kritieke waarde K voldoet aan: 10 &lt; K &lt; 12. Conclusie: accepteren H0.
</div>
</div>
</simpleChoice>
</choiceInteraction>
</itemBody>
<responseProcessing>
<responseCondition>
<responseIf>
<isNull>
<variable identifier="RESPONSE"/>
</isNull>
<setOutcomeValue identifier="SCORE">
<baseValue baseType="float">0.0</baseValue>
</setOutcomeValue>
<setOutcomeValue identifier="FEEDBACK">
<baseValue baseType="identifier">FAILURE</baseValue>
</setOutcomeValue>
</responseIf>
<responseElse>
<setOutcomeValue identifier="SCORE">
<mapResponse identifier="RESPONSE"/>
</setOutcomeValue>
<responseCondition>
<responseIf>
<equal toleranceMode="relative" tolerance="0.001">
<variable identifier="SCORE"/>
<variable identifier="MAXSCORE"/>
</equal>
<setOutcomeValue identifier="FEEDBACK">
<baseValue baseType="identifier">ANSWER_CORRECT</baseValue>
</setOutcomeValue>
</responseIf>
<responseElse>
<setOutcomeValue identifier="FEEDBACK">
<baseValue baseType="identifier">FAILURE</baseValue>
</setOutcomeValue>
</responseElse>
</responseCondition>
</responseElse>
</responseCondition>
</responseProcessing>
<modalFeedback identifier="FAILURE" outcomeIdentifier="FEEDBACK" showHide="show">
<div class="textblock tvblock tvcss_1"><div class="rte_zone tveditor1">
<ol>
<li> De kritieke waarde K voldoet aan: 8 &lt; K &lt; 10. Conclusie: verwerpen H0. <br /> Correct </li>
<li> De kritieke waarde K voldoet aan: 10 &lt; K &lt; 12. Conclusie: verwerpen H0. <br /> Incorrect </li>
<li> De kritieke waarde K voldoet aan: 8 &lt; K &lt; 10. Conclusie: accepteren H0. <br /> Incorrect </li>
<li> De kritieke waarde K voldoet aan: 10 &lt; K &lt; 12. Conclusie: accepteren H0. <br /> Incorrect </li>
</ol>
</div>
</div>
</modalFeedback>
<modalFeedback identifier="ANSWER_CORRECT" outcomeIdentifier="FEEDBACK" showHide="show">
<div class="textblock tvblock tvcss_1"><div class="rte_zone tveditor1">
<ol>
<li> De kritieke waarde K voldoet aan: 8 &lt; K &lt; 10. Conclusie: verwerpen H0. <br /> Correct </li>
<li> De kritieke waarde K voldoet aan: 10 &lt; K &lt; 12. Conclusie: verwerpen H0. <br /> Incorrect </li>
<li> De kritieke waarde K voldoet aan: 8 &lt; K &lt; 10. Conclusie: accepteren H0. <br /> Incorrect </li>
<li> De kritieke waarde K voldoet aan: 10 &lt; K &lt; 12. Conclusie: accepteren H0. <br /> Incorrect </li>
</ol>
</div>
</div>
</modalFeedback>
<modalFeedback identifier="PARTIAL_CORRECT" outcomeIdentifier="FEEDBACK" showHide="show">
<div class="textblock tvblock tvcss_1"><div class="rte_zone tveditor1">
<ol>
<li> De kritieke waarde K voldoet aan: 8 &lt; K &lt; 10. Conclusie: verwerpen H0. <br /> Correct </li>
<li> De kritieke waarde K voldoet aan: 10 &lt; K &lt; 12. Conclusie: verwerpen H0. <br /> Incorrect </li>
<li> De kritieke waarde K voldoet aan: 8 &lt; K &lt; 10. Conclusie: accepteren H0. <br /> Incorrect </li>
<li> De kritieke waarde K voldoet aan: 10 &lt; K &lt; 12. Conclusie: accepteren H0. <br /> Incorrect </li>
</ol>
</div>
</div>
</modalFeedback>
</assessmentItem>
