<?xml version="1.0" encoding="utf-8" standalone="yes"?>
<assessmentItem identifier="uva-power-1577-nl-tv_202601131821_item_1_schoice" title="uva-power-1577-nl-tv_202601131821_item_1_schoice_uva-power-1577-nl" adaptive="false" timeDependent="false" toolName="Testvision Online" toolVersion="39.0.9084" xmlns="http://www.imsglobal.org/xsd/imsqti_v2p1">
<responseDeclaration identifier="RESPONSE" cardinality="single" baseType="identifier">
<correctResponse>
<value>alt_898335</value>
</correctResponse>
<mapping defaultValue="0" lowerBound="0.0">
<mapEntry mapKey="alt_319481" mappedValue="-0.5"/>
<mapEntry mapKey="alt_898335" mappedValue="1"/>
<mapEntry mapKey="alt_271801" mappedValue="-0.5"/>
</mapping>
</responseDeclaration>
<outcomeDeclaration identifier="SCORE" cardinality="single" baseType="float" normalMaximum="1" normalMinimum="0" />
<outcomeDeclaration identifier="FEEDBACK" cardinality="single" baseType="identifier" />
<stylesheet href="css/uva-power-1577-nl-tv_202601131821_item_1_schoice.css" type="text/css" />
<itemBody>
<p>Men toetst H<sub>1</sub>: p = 0.6 tegen H<sub>2</sub>: p = 0.8 in een aselecte steekproef
van n = 12 waarnemingen. Toetsingsgrootheid is de binomiaal verdeelde
stochast B, het aantal successen in de steekproef. Als rechter kritieke
grens wordt de waarde 9 gebruikt. Het onderscheidingsvermogen 1 - β is
dan gelijk aan</p>
<choiceInteraction responseIdentifier="RESPONSE" shuffle="false" maxChoices="1">
<simpleChoice identifier="alt_319481">
<div class="textblock tvblock tvcss_1"><div class="rte_zone tveditor1">
 0.9
</div>
</div>
</simpleChoice>
<simpleChoice identifier="alt_898335">
<div class="textblock tvblock tvcss_1"><div class="rte_zone tveditor1">
 0.92
</div>
</div>
</simpleChoice>
<simpleChoice identifier="alt_271801">
<div class="textblock tvblock tvcss_1"><div class="rte_zone tveditor1">
 0.96
</div>
</div>
</simpleChoice>
</choiceInteraction>
</itemBody>
<responseProcessing>
<responseCondition>
<responseIf>
<isNull>
<variable identifier="RESPONSE"/>
</isNull>
<setOutcomeValue identifier="SCORE">
<baseValue baseType="float">0.0</baseValue>
</setOutcomeValue>
<setOutcomeValue identifier="FEEDBACK">
<baseValue baseType="identifier">FAILURE</baseValue>
</setOutcomeValue>
</responseIf>
<responseElse>
<setOutcomeValue identifier="SCORE">
<mapResponse identifier="RESPONSE"/>
</setOutcomeValue>
<responseCondition>
<responseIf>
<equal toleranceMode="relative" tolerance="0.001">
<variable identifier="SCORE"/>
<variable identifier="MAXSCORE"/>
</equal>
<setOutcomeValue identifier="FEEDBACK">
<baseValue baseType="identifier">ANSWER_CORRECT</baseValue>
</setOutcomeValue>
</responseIf>
<responseElse>
<setOutcomeValue identifier="FEEDBACK">
<baseValue baseType="identifier">FAILURE</baseValue>
</setOutcomeValue>
</responseElse>
</responseCondition>
</responseElse>
</responseCondition>
</responseProcessing>
<modalFeedback identifier="FAILURE" outcomeIdentifier="FEEDBACK" showHide="show">
<div class="textblock tvblock tvcss_1"><div class="rte_zone tveditor1">
<ul>
<li> 0.9 <br /> 0.9: Incorrect </li>
<li> 0.92 <br /> 0.92: Correct </li>
<li> 0.96 <br /> 0.96: Incorrect </li>
</ul>
</div>
</div>
</modalFeedback>
<modalFeedback identifier="ANSWER_CORRECT" outcomeIdentifier="FEEDBACK" showHide="show">
<div class="textblock tvblock tvcss_1"><div class="rte_zone tveditor1">
<ul>
<li> 0.9 <br /> 0.9: Incorrect </li>
<li> 0.92 <br /> 0.92: Correct </li>
<li> 0.96 <br /> 0.96: Incorrect </li>
</ul>
</div>
</div>
</modalFeedback>
<modalFeedback identifier="PARTIAL_CORRECT" outcomeIdentifier="FEEDBACK" showHide="show">
<div class="textblock tvblock tvcss_1"><div class="rte_zone tveditor1">
<ul>
<li> 0.9 <br /> 0.9: Incorrect </li>
<li> 0.92 <br /> 0.92: Correct </li>
<li> 0.96 <br /> 0.96: Incorrect </li>
</ul>
</div>
</div>
</modalFeedback>
</assessmentItem>
