<?xml version="1.0" encoding="UTF-8"?>
<assessmentItem xsi:schemaLocation="http://www.imsglobal.org/xsd/imsqti_v2p1 http://www.imsglobal.org/xsd/qti/qtiv2p1/imsqti_v2p1p1.xsd http://www.w3.org/1998/Math/MathML http://www.w3.org/Math/XMLSchema/mathml2/mathml2.xsd" identifier="vufgb-ratio-002-en-qti_205127426_section_1_item_1_schoice" title="1" adaptive="false" timeDependent="false" xmlns="http://www.imsglobal.org/xsd/imsqti_v2p1" xmlns:xsi="http://www.w3.org/2001/XMLSchema-instance">
<responseDeclaration identifier="vufgb-ratio-002-en-qti_205127426_section_1_item_1_schoice_RESPONSE_1_8505437" cardinality="single" baseType="identifier">
<correctResponse>
<value>vufgb-ratio-002-en-qti_205127426_section_1_item_1_schoice_4_4543524939</value>
</correctResponse>
<mapping defaultValue="0" lowerBound="0.0">
<mapEntry mapKey="vufgb-ratio-002-en-qti_205127426_section_1_item_1_schoice_1_3098038048" mappedValue="0"/>
<mapEntry mapKey="vufgb-ratio-002-en-qti_205127426_section_1_item_1_schoice_2_2277476053" mappedValue="0"/>
<mapEntry mapKey="vufgb-ratio-002-en-qti_205127426_section_1_item_1_schoice_3_2024195978" mappedValue="0"/>
<mapEntry mapKey="vufgb-ratio-002-en-qti_205127426_section_1_item_1_schoice_4_4543524939" mappedValue="1"/>
</mapping>
</responseDeclaration>
<outcomeDeclaration identifier="SCORE" cardinality="single" baseType="float" normalMaximum="1" normalMinimum="0">
<defaultValue>
<value>0.0</value>
</defaultValue>
</outcomeDeclaration>
<outcomeDeclaration identifier="MAXSCORE" cardinality="single" baseType="float">
<defaultValue>
<value>1</value>
</defaultValue>
</outcomeDeclaration>
<outcomeDeclaration identifier="FEEDBACKBASIC" cardinality="single" baseType="identifier" view="testConstructor">
<defaultValue>
<value>empty</value>
</defaultValue>
</outcomeDeclaration>
<outcomeDeclaration identifier="FEEDBACKMODAL" cardinality="multiple" baseType="identifier" view="testConstructor"/>
<outcomeDeclaration identifier="SOLUTIONMODAL" cardinality="single" baseType="identifier" view="testConstructor"/>
<outcomeDeclaration identifier="MINSCORE" cardinality="single" baseType="float">
<defaultValue>
<value baseType="float">0</value>
</defaultValue>
</outcomeDeclaration>
<outcomeDeclaration identifier="SCORE_RESPONSE_1" cardinality="single" baseType="float">
<defaultValue>
<value>0.0</value>
</defaultValue>
</outcomeDeclaration>
<outcomeDeclaration identifier="MINSCORE_RESPONSE_1" cardinality="single" baseType="float">
<defaultValue>
<value>0.0</value>
</defaultValue>
</outcomeDeclaration>
<itemBody>
<p>In a sample of adults with a clinical diagnosis of depression, the number of mg per day of the antidepressant Seroxat is measured. What level of measurement does this variable have?</p>
<choiceInteraction responseIdentifier="vufgb-ratio-002-en-qti_205127426_section_1_item_1_schoice_RESPONSE_1_8505437" shuffle="false" maxChoices="1">
<simpleChoice identifier="vufgb-ratio-002-en-qti_205127426_section_1_item_1_schoice_1_3098038048">
<p>
 Nominal
</p>
</simpleChoice>
<simpleChoice identifier="vufgb-ratio-002-en-qti_205127426_section_1_item_1_schoice_2_2277476053">
<p>
 Ordinal
</p>
</simpleChoice>
<simpleChoice identifier="vufgb-ratio-002-en-qti_205127426_section_1_item_1_schoice_3_2024195978">
<p>
 Interval
</p>
</simpleChoice>
<simpleChoice identifier="vufgb-ratio-002-en-qti_205127426_section_1_item_1_schoice_4_4543524939">
<p>
 Ratio
</p>
</simpleChoice>
</choiceInteraction>
</itemBody>
<responseProcessing>
<setOutcomeValue identifier="SCORE_RESPONSE_1">
<sum>
<variable identifier="SCORE_RESPONSE_1"/>
<mapResponse identifier="vufgb-ratio-002-en-qti_205127426_section_1_item_1_schoice_RESPONSE_1_8505437"/>
</sum>
</setOutcomeValue>
<responseCondition>
<responseIf>
<lt>
<variable identifier="SCORE_RESPONSE_1"/>
<variable identifier="MINSCORE_RESPONSE_1"/>
</lt>
<setOutcomeValue identifier="SCORE_RESPONSE_1">
<variable identifier="MINSCORE_RESPONSE_1"/>
</setOutcomeValue>
</responseIf>
</responseCondition>
<responseCondition>
<responseIf>
<isNull>
<variable identifier="vufgb-ratio-002-en-qti_205127426_section_1_item_1_schoice_RESPONSE_1_8505437"/>
</isNull>
<setOutcomeValue identifier="SCORE_RESPONSE_1">
<sum>
<variable identifier="SCORE_RESPONSE_1"/>
<baseValue baseType="float">0</baseValue>
</sum>
</setOutcomeValue>
</responseIf>
</responseCondition>
<setOutcomeValue identifier="SCORE">
<sum>
<variable identifier="SCORE_RESPONSE_1"/>
</sum>
</setOutcomeValue>
<responseCondition>
<responseIf>
<lt>
<variable identifier="SCORE"/>
<variable identifier="MINSCORE"/>
</lt>
<setOutcomeValue identifier="SCORE">
<variable identifier="MINSCORE"/>
</setOutcomeValue>
</responseIf>
</responseCondition>
<responseCondition>
<responseIf>
<lt>
<variable identifier="SCORE"/>
<baseValue baseType="float">1</baseValue>
</lt>
<setOutcomeValue identifier="FEEDBACKMODAL">
<multiple>
<variable identifier="FEEDBACKMODAL"/>
<baseValue baseType="identifier">Feedback591073666</baseValue>
</multiple>
</setOutcomeValue>
</responseIf>
</responseCondition>
</responseProcessing>
<modalFeedback identifier="Feedback591073666" outcomeIdentifier="FEEDBACKMODAL" showHide="show">
<ul>
<li> Nominal <br /> Incorrect </li>
<li> Ordinal <br /> Incorrect </li>
<li> Interval <br /> Incorrect </li>
<li> Ratio <br /> Correct </li>
</ul>
</modalFeedback>
</assessmentItem>
