<?xml version="1.0" encoding="UTF-8"?>
<assessmentItem xsi:schemaLocation="http://www.imsglobal.org/xsd/imsqti_v2p1 http://www.imsglobal.org/xsd/qti/qtiv2p1/imsqti_v2p1p1.xsd http://www.w3.org/1998/Math/MathML http://www.w3.org/Math/XMLSchema/mathml2/mathml2.xsd" identifier="uva-oneway-anova-367-en-ans_526314292_section_1_item_1_schoice" title="Inferential_Statistics_uva-oneway-anova-367-en_uva-oneway-anova-367-en_schoice_1" adaptive="false" timeDependent="false" xmlns="http://www.imsglobal.org/xsd/imsqti_v2p1" xmlns:xsi="http://www.w3.org/2001/XMLSchema-instance">
<responseDeclaration identifier="uva-oneway-anova-367-en-ans_526314292_section_1_item_1_schoice_RESPONSE_1_6654887" cardinality="single" baseType="identifier">
<correctResponse>
<value>uva-oneway-anova-367-en-ans_526314292_section_1_item_1_schoice_2_5314383153</value>
</correctResponse>
<mapping defaultValue="0" lowerBound="0.0">
<mapEntry mapKey="uva-oneway-anova-367-en-ans_526314292_section_1_item_1_schoice_1_8811364948" mappedValue="0"/>
<mapEntry mapKey="uva-oneway-anova-367-en-ans_526314292_section_1_item_1_schoice_2_5314383153" mappedValue="1"/>
<mapEntry mapKey="uva-oneway-anova-367-en-ans_526314292_section_1_item_1_schoice_3_9654814962" mappedValue="0"/>
<mapEntry mapKey="uva-oneway-anova-367-en-ans_526314292_section_1_item_1_schoice_4_5498449242" mappedValue="0"/>
</mapping>
</responseDeclaration>
<outcomeDeclaration identifier="SCORE" cardinality="single" baseType="float" normalMaximum="1" normalMinimum="0">
<defaultValue>
<value>0.0</value>
</defaultValue>
</outcomeDeclaration>
<outcomeDeclaration identifier="MAXSCORE" cardinality="single" baseType="float">
<defaultValue>
<value>1</value>
</defaultValue>
</outcomeDeclaration>
<outcomeDeclaration identifier="FEEDBACKBASIC" cardinality="single" baseType="identifier" view="testConstructor">
<defaultValue>
<value>empty</value>
</defaultValue>
</outcomeDeclaration>
<outcomeDeclaration identifier="FEEDBACKMODAL" cardinality="multiple" baseType="identifier" view="testConstructor"/>
<outcomeDeclaration identifier="SOLUTIONMODAL" cardinality="single" baseType="identifier" view="testConstructor"/>
<outcomeDeclaration identifier="MINSCORE" cardinality="single" baseType="float">
<defaultValue>
<value baseType="float">0</value>
</defaultValue>
</outcomeDeclaration>
<outcomeDeclaration identifier="SCORE_RESPONSE_1" cardinality="single" baseType="float">
<defaultValue>
<value>0.0</value>
</defaultValue>
</outcomeDeclaration>
<outcomeDeclaration identifier="MINSCORE_RESPONSE_1" cardinality="single" baseType="float">
<defaultValue>
<value>0.0</value>
</defaultValue>
</outcomeDeclaration>
<itemBody>
<p>Below is a partial ANOVA table of a oneway ANOVA on three groups with 5 observations each.</p>
<p>——————— ——- —- ——- —— Source of variation SS df MS F Between groups 40.80 2 20.40 5.81 Within groups Total 82.93 ——————— ——- —- ——- ——</p>
<p>When testing, with α =5%, what is the critical value of H<sub>0</sub>: μ<sub>l</sub> = μ<sub>2</sub> = μ<sub>3</sub> and what is the conclusion?</p>
<choiceInteraction responseIdentifier="uva-oneway-anova-367-en-ans_526314292_section_1_item_1_schoice_RESPONSE_1_6654887" shuffle="false" maxChoices="1">
<simpleChoice identifier="uva-oneway-anova-367-en-ans_526314292_section_1_item_1_schoice_1_8811364948">
<p>
 Critical value = 3.74, reject H0
</p>
</simpleChoice>
<simpleChoice identifier="uva-oneway-anova-367-en-ans_526314292_section_1_item_1_schoice_2_5314383153">
<p>
 Critical value = 3.89, reject H0
</p>
</simpleChoice>
<simpleChoice identifier="uva-oneway-anova-367-en-ans_526314292_section_1_item_1_schoice_3_9654814962">
<p>
 Critical value = 3.89, do not reject H0
</p>
</simpleChoice>
<simpleChoice identifier="uva-oneway-anova-367-en-ans_526314292_section_1_item_1_schoice_4_5498449242">
<p>
 Critical value = 19.41, do not reject H0
</p>
</simpleChoice>
</choiceInteraction>
</itemBody>
<responseProcessing>
<setOutcomeValue identifier="SCORE_RESPONSE_1">
<sum>
<variable identifier="SCORE_RESPONSE_1"/>
<mapResponse identifier="uva-oneway-anova-367-en-ans_526314292_section_1_item_1_schoice_RESPONSE_1_6654887"/>
</sum>
</setOutcomeValue>
<responseCondition>
<responseIf>
<lt>
<variable identifier="SCORE_RESPONSE_1"/>
<variable identifier="MINSCORE_RESPONSE_1"/>
</lt>
<setOutcomeValue identifier="SCORE_RESPONSE_1">
<variable identifier="MINSCORE_RESPONSE_1"/>
</setOutcomeValue>
</responseIf>
</responseCondition>
<responseCondition>
<responseIf>
<isNull>
<variable identifier="uva-oneway-anova-367-en-ans_526314292_section_1_item_1_schoice_RESPONSE_1_6654887"/>
</isNull>
<setOutcomeValue identifier="SCORE_RESPONSE_1">
<sum>
<variable identifier="SCORE_RESPONSE_1"/>
<baseValue baseType="float">0</baseValue>
</sum>
</setOutcomeValue>
</responseIf>
</responseCondition>
<setOutcomeValue identifier="SCORE">
<sum>
<variable identifier="SCORE_RESPONSE_1"/>
</sum>
</setOutcomeValue>
<responseCondition>
<responseIf>
<lt>
<variable identifier="SCORE"/>
<variable identifier="MINSCORE"/>
</lt>
<setOutcomeValue identifier="SCORE">
<variable identifier="MINSCORE"/>
</setOutcomeValue>
</responseIf>
</responseCondition>
<responseCondition>
<responseIf>
<lt>
<variable identifier="SCORE"/>
<baseValue baseType="float">1</baseValue>
</lt>
<setOutcomeValue identifier="FEEDBACKMODAL">
<multiple>
<variable identifier="FEEDBACKMODAL"/>
<baseValue baseType="identifier">Feedback656730750</baseValue>
</multiple>
</setOutcomeValue>
</responseIf>
</responseCondition>
</responseProcessing>
<modalFeedback outcomeIdentifier="FEEDBACK" showHide="show" identifier="incorrect">
<ul>
<li> Critical value = 3.74, reject H0 <br /> Critical value = 3.74, reject H0: Incorrect </li>
<li> Critical value = 3.89, reject H0 <br /> Critical value = 3.89, reject H0: Correct </li>
<li> Critical value = 3.89, do not reject H0 <br /> Critical value = 3.89, do not reject H0: Incorrect </li>
<li> Critical value = 19.41, do not reject H0 <br /> Critical value = 19.41, do not reject H0: Incorrect </li>
</ul>
</modalFeedback>
</assessmentItem>
