<?xml version="1.0" encoding="UTF-8"?>
<assessmentItem xsi:schemaLocation="http://www.imsglobal.org/xsd/imsqti_v2p1 http://www.imsglobal.org/xsd/qti/qtiv2p1/imsqti_v2p1p1.xsd http://www.w3.org/1998/Math/MathML http://www.w3.org/Math/XMLSchema/mathml2/mathml2.xsd" identifier="vufsw-mixed_design_anova-1062-nl_148185522_section_1_item_1_schoice" title="1" adaptive="false" timeDependent="false" xmlns="http://www.imsglobal.org/xsd/imsqti_v2p1" xmlns:xsi="http://www.w3.org/2001/XMLSchema-instance">
<responseDeclaration identifier="vufsw-mixed_design_anova-1062-nl_148185522_section_1_item_1_schoice_RESPONSE_1_9717182" cardinality="single" baseType="identifier">
<correctResponse>
<value>vufsw-mixed_design_anova-1062-nl_148185522_section_1_item_1_schoice_1_8056490686</value>
</correctResponse>
<mapping defaultValue="0" lowerBound="0.0">
<mapEntry mapKey="vufsw-mixed_design_anova-1062-nl_148185522_section_1_item_1_schoice_1_8056490686" mappedValue="1"/>
<mapEntry mapKey="vufsw-mixed_design_anova-1062-nl_148185522_section_1_item_1_schoice_2_1684866893" mappedValue="0"/>
<mapEntry mapKey="vufsw-mixed_design_anova-1062-nl_148185522_section_1_item_1_schoice_3_3141156677" mappedValue="0"/>
<mapEntry mapKey="vufsw-mixed_design_anova-1062-nl_148185522_section_1_item_1_schoice_4_6211087920" mappedValue="0"/>
</mapping>
</responseDeclaration>
<outcomeDeclaration identifier="SCORE" cardinality="single" baseType="float" normalMaximum="1" normalMinimum="0">
<defaultValue>
<value>0.0</value>
</defaultValue>
</outcomeDeclaration>
<outcomeDeclaration identifier="MAXSCORE" cardinality="single" baseType="float">
<defaultValue>
<value>1</value>
</defaultValue>
</outcomeDeclaration>
<outcomeDeclaration identifier="FEEDBACKBASIC" cardinality="single" baseType="identifier" view="testConstructor">
<defaultValue>
<value>empty</value>
</defaultValue>
</outcomeDeclaration>
<outcomeDeclaration identifier="FEEDBACKMODAL" cardinality="multiple" baseType="identifier" view="testConstructor"/>
<outcomeDeclaration identifier="MINSCORE" cardinality="single" baseType="float">
<defaultValue>
<value baseType="float">0</value>
</defaultValue>
</outcomeDeclaration>
<outcomeDeclaration identifier="SCORE_RESPONSE_1" cardinality="single" baseType="float">
<defaultValue>
<value>0.0</value>
</defaultValue>
</outcomeDeclaration>
<outcomeDeclaration identifier="MINSCORE_RESPONSE_1" cardinality="single" baseType="float">
<defaultValue>
<value>0.0</value>
</defaultValue>
</outcomeDeclaration>
<itemBody>
<p>Er is een experiment uitgevoerd om het effect van een gesprek via een
handsfree mobiele telefoon, een gesprek met een passagier in de auto en
geen afleiding/distraction (baseline) op de rijnauwkeurigheid te
vergelijken. Twintig deelnemers uit twee verschillende leeftijdsgroepen
(18-25 jaar en 26-40 jaar) namen deel. Alle deelnemers in beide
leeftijdsgroepen namen deel aan alle drie de condities van het
experiment (in tegengestelde volgorde) en hun rijnauwkeurigheid werd
gemeten door een iemand die zich niet bewust was van de experimentele
hypothese. Welke van de volgende zinnen is de juiste interpretatie van
het main effect van distraction?</p>
<p><img src="Capture5.png" class="fr-fic fr-dii tvcss_2 tvcss_3"
alt="Capture(5)" /></p>
<choiceInteraction responseIdentifier="vufsw-mixed_design_anova-1062-nl_148185522_section_1_item_1_schoice_RESPONSE_1_9717182" shuffle="false" maxChoices="1">
<simpleChoice identifier="vufsw-mixed_design_anova-1062-nl_148185522_section_1_item_1_schoice_1_8056490686">
<p>
a. Het hoofdeffect van distraction is significant, <em>F</em> (2, 36) = 45.95,  <em>p &lt;</em> .001.  Dit effect geeft aan dat ratings van rijnauwkeurigheid verschillen tussen de drie types van distraction
</p>
</simpleChoice>
<simpleChoice identifier="vufsw-mixed_design_anova-1062-nl_148185522_section_1_item_1_schoice_2_1684866893">
<p>
b. De interactie tussen de leeftijd van de bestuurder en de type van distraction is significant, <em>F</em>(2,36) = 45.95, <em>p</em> &lt; .001. Dit effect geeft aan dat ratings van rijnaukeurigheid verschillen tussen de twee leeftijdsgroepen.
</p>
</simpleChoice>
<simpleChoice identifier="vufsw-mixed_design_anova-1062-nl_148185522_section_1_item_1_schoice_3_3141156677">
<p>
c. Het hoofdeffect van distraction is significant, <em>F</em>(1.681, 30.257) = 45.95, <em>p &lt;</em> .001. Dit effect geeft aan dat ratings van rijnauwkeurigheid verschillen tussen de drie types van distraction.
</p>
</simpleChoice>
<simpleChoice identifier="vufsw-mixed_design_anova-1062-nl_148185522_section_1_item_1_schoice_4_6211087920">
<p>
d. Het is onmogelijk het hoofdeffect van distraction te intepreteren omdat de assumptie van sphericiteit geschonden is.
</p>
</simpleChoice>
</choiceInteraction>
</itemBody>
<responseProcessing>
<responseCondition>
<responseIf>
<isNull>
<variable identifier="vufsw-mixed_design_anova-1062-nl_148185522_section_1_item_1_schoice_RESPONSE_1_9717182"/>
</isNull>
<setOutcomeValue identifier="SCORE_RESPONSE_1">
<sum>
<variable identifier="SCORE_RESPONSE_1"/>
<baseValue baseType="float">0</baseValue>
</sum>
</setOutcomeValue>
</responseIf>
</responseCondition>
<setOutcomeValue identifier="SCORE_RESPONSE_1">
<sum>
<variable identifier="SCORE_RESPONSE_1"/>
<mapResponse identifier="vufsw-mixed_design_anova-1062-nl_148185522_section_1_item_1_schoice_RESPONSE_1_9717182"/>
</sum>
</setOutcomeValue>
<responseCondition>
<responseIf>
<lt>
<variable identifier="SCORE_RESPONSE_1"/>
<variable identifier="MINSCORE_RESPONSE_1"/>
</lt>
<setOutcomeValue identifier="SCORE_RESPONSE_1">
<variable identifier="MINSCORE_RESPONSE_1"/>
</setOutcomeValue>
</responseIf>
</responseCondition>
<setOutcomeValue identifier="SCORE">
<sum>
<variable identifier="SCORE_RESPONSE_1"/>
</sum>
</setOutcomeValue>
<responseCondition>
<responseIf>
<lt>
<variable identifier="SCORE"/>
<variable identifier="MINSCORE"/>
</lt>
<setOutcomeValue identifier="SCORE">
<variable identifier="MINSCORE"/>
</setOutcomeValue>
</responseIf>
</responseCondition>
<responseCondition>
<responseIf>
<lt>
<variable identifier="SCORE"/>
<baseValue baseType="float">1</baseValue>
</lt>
<setOutcomeValue identifier="FEEDBACKMODAL">
<multiple>
<variable identifier="FEEDBACKMODAL"/>
<baseValue baseType="identifier">Feedback669422718</baseValue>
</multiple>
</setOutcomeValue>
</responseIf>
</responseCondition>
</responseProcessing>
<modalFeedback identifier="Feedback669422718" outcomeIdentifier="FEEDBACKMODAL" showHide="show">
<p>Mauchly’s test for sphericity shows that the assumption of sphericity is
not violated. Therefore, we look at the row ’Sphericity assumed”. The
question is about the main effect, so we look at the first panel of the
table. The F-value is <em>F</em> (2, 36) = 45.95 and the p-value is .000.
Therefore, the option ” The main effect of distraction is significant,
 <em>F</em> (2, 36) = 45.95,  <em>p</em>  = .00. This effect tells us that the profile
of ratings of driving accuracy differed across the three types of
distraction” is correct.</p>
<p>Language<br />
English &amp; Nederlands</p>
<p>M&amp;T Mixed design ANOVA<br />
Default value</p>
<p>M&amp;T MVA<br />
Standaardwaarde</p>
<br />
<ol type = "a">
<li> Het hoofdeffect van distraction is significant, <em>F</em> (2, 36) = 45.95,  <em>p &lt;</em> .001.  Dit effect geeft aan dat ratings van rijnauwkeurigheid verschillen tussen de drie types van distraction <br /> True </li>
<li> De interactie tussen de leeftijd van de bestuurder en de type van distraction is significant, <em>F</em>(2,36) = 45.95, <em>p</em> &lt; .001. Dit effect geeft aan dat ratings van rijnaukeurigheid verschillen tussen de twee leeftijdsgroepen. <br /> False </li>
<li> Het hoofdeffect van distraction is significant, <em>F</em>(1.681, 30.257) = 45.95, <em>p &lt;</em> .001. Dit effect geeft aan dat ratings van rijnauwkeurigheid verschillen tussen de drie types van distraction. <br /> False </li>
<li> Het is onmogelijk het hoofdeffect van distraction te intepreteren omdat de assumptie van sphericiteit geschonden is. <br /> False </li>
</ol>
</modalFeedback>
</assessmentItem>
