<?xml version="1.0" encoding="UTF-8"?>
<assessmentItem xsi:schemaLocation="http://www.imsglobal.org/xsd/imsqti_v2p1 http://www.imsglobal.org/xsd/qti/qtiv2p1/imsqti_v2p1p1.xsd http://www.w3.org/1998/Math/MathML http://www.w3.org/Math/XMLSchema/mathml2/mathml2.xsd" identifier="uu-Power-844-nl-ans_683495935_section_1_item_1_schoice" title="Inferential_Statistics_uu-Power-844-nl_uu-Power-844-nl_schoice_1" adaptive="false" timeDependent="false" xmlns="http://www.imsglobal.org/xsd/imsqti_v2p1" xmlns:xsi="http://www.w3.org/2001/XMLSchema-instance">
<responseDeclaration identifier="uu-Power-844-nl-ans_683495935_section_1_item_1_schoice_RESPONSE_1_8745808" cardinality="single" baseType="identifier">
<correctResponse>
<value>uu-Power-844-nl-ans_683495935_section_1_item_1_schoice_3_4513736395</value>
</correctResponse>
<mapping defaultValue="0" lowerBound="0.0">
<mapEntry mapKey="uu-Power-844-nl-ans_683495935_section_1_item_1_schoice_1_3895215582" mappedValue="0"/>
<mapEntry mapKey="uu-Power-844-nl-ans_683495935_section_1_item_1_schoice_2_1963727836" mappedValue="0"/>
<mapEntry mapKey="uu-Power-844-nl-ans_683495935_section_1_item_1_schoice_3_4513736395" mappedValue="1"/>
<mapEntry mapKey="uu-Power-844-nl-ans_683495935_section_1_item_1_schoice_4_6307873614" mappedValue="0"/>
</mapping>
</responseDeclaration>
<outcomeDeclaration identifier="SCORE" cardinality="single" baseType="float" normalMaximum="1" normalMinimum="0">
<defaultValue>
<value>0.0</value>
</defaultValue>
</outcomeDeclaration>
<outcomeDeclaration identifier="MAXSCORE" cardinality="single" baseType="float">
<defaultValue>
<value>1</value>
</defaultValue>
</outcomeDeclaration>
<outcomeDeclaration identifier="FEEDBACKBASIC" cardinality="single" baseType="identifier" view="testConstructor">
<defaultValue>
<value>empty</value>
</defaultValue>
</outcomeDeclaration>
<outcomeDeclaration identifier="FEEDBACKMODAL" cardinality="multiple" baseType="identifier" view="testConstructor"/>
<outcomeDeclaration identifier="SOLUTIONMODAL" cardinality="single" baseType="identifier" view="testConstructor"/>
<outcomeDeclaration identifier="MINSCORE" cardinality="single" baseType="float">
<defaultValue>
<value baseType="float">0</value>
</defaultValue>
</outcomeDeclaration>
<outcomeDeclaration identifier="SCORE_RESPONSE_1" cardinality="single" baseType="float">
<defaultValue>
<value>0.0</value>
</defaultValue>
</outcomeDeclaration>
<outcomeDeclaration identifier="MINSCORE_RESPONSE_1" cardinality="single" baseType="float">
<defaultValue>
<value>0.0</value>
</defaultValue>
</outcomeDeclaration>
<itemBody>
<p>Kinderen van 8 tot 12 jaar kijken gemiddeld 2 uur per dag TV met een standaarddeviatie van σ = 2. Onderzoekers verwachten dat ADHD-kinderen van dezelfde leeftijd langer TV kijken. Om deze hypothese te toetsen trekken de onderzoekers een aselecte steekproef van 36 ADHD-kinderen en voeren een eenzijdige z-toets uit met <span class="math inline">\(\alpha\)</span> = 5%. Wat is de power van deze toets indien de populatie ADHD-kinderen gemiddeld 3 uur TV per dag kijkt? (Neem aan dat <span class="math inline">\(\sigma\)</span> =2 ook in de ADHD-populatie).</p>
<choiceInteraction responseIdentifier="uu-Power-844-nl-ans_683495935_section_1_item_1_schoice_RESPONSE_1_8745808" shuffle="false" maxChoices="1">
<simpleChoice identifier="uu-Power-844-nl-ans_683495935_section_1_item_1_schoice_1_3895215582">
<p>
 0.72
</p>
</simpleChoice>
<simpleChoice identifier="uu-Power-844-nl-ans_683495935_section_1_item_1_schoice_2_1963727836">
<p>
 0.85
</p>
</simpleChoice>
<simpleChoice identifier="uu-Power-844-nl-ans_683495935_section_1_item_1_schoice_3_4513736395">
<p>
 0.91
</p>
</simpleChoice>
<simpleChoice identifier="uu-Power-844-nl-ans_683495935_section_1_item_1_schoice_4_6307873614">
<p>
 0.95
</p>
</simpleChoice>
</choiceInteraction>
</itemBody>
<responseProcessing>
<setOutcomeValue identifier="SCORE_RESPONSE_1">
<sum>
<variable identifier="SCORE_RESPONSE_1"/>
<mapResponse identifier="uu-Power-844-nl-ans_683495935_section_1_item_1_schoice_RESPONSE_1_8745808"/>
</sum>
</setOutcomeValue>
<responseCondition>
<responseIf>
<lt>
<variable identifier="SCORE_RESPONSE_1"/>
<variable identifier="MINSCORE_RESPONSE_1"/>
</lt>
<setOutcomeValue identifier="SCORE_RESPONSE_1">
<variable identifier="MINSCORE_RESPONSE_1"/>
</setOutcomeValue>
</responseIf>
</responseCondition>
<responseCondition>
<responseIf>
<isNull>
<variable identifier="uu-Power-844-nl-ans_683495935_section_1_item_1_schoice_RESPONSE_1_8745808"/>
</isNull>
<setOutcomeValue identifier="SCORE_RESPONSE_1">
<sum>
<variable identifier="SCORE_RESPONSE_1"/>
<baseValue baseType="float">0</baseValue>
</sum>
</setOutcomeValue>
</responseIf>
</responseCondition>
<setOutcomeValue identifier="SCORE">
<sum>
<variable identifier="SCORE_RESPONSE_1"/>
</sum>
</setOutcomeValue>
<responseCondition>
<responseIf>
<lt>
<variable identifier="SCORE"/>
<variable identifier="MINSCORE"/>
</lt>
<setOutcomeValue identifier="SCORE">
<variable identifier="MINSCORE"/>
</setOutcomeValue>
</responseIf>
</responseCondition>
<responseCondition>
<responseIf>
<lt>
<variable identifier="SCORE"/>
<baseValue baseType="float">1</baseValue>
</lt>
<setOutcomeValue identifier="FEEDBACKMODAL">
<multiple>
<variable identifier="FEEDBACKMODAL"/>
<baseValue baseType="identifier">Feedback640123074</baseValue>
</multiple>
</setOutcomeValue>
</responseIf>
</responseCondition>
</responseProcessing>
<modalFeedback outcomeIdentifier="FEEDBACK" showHide="show" identifier="incorrect">
</modalFeedback>
</assessmentItem>
