<?xml version="1.0" encoding="UTF-8"?>
<assessmentItem xsi:schemaLocation="http://www.imsglobal.org/xsd/imsqti_v2p1 http://www.imsglobal.org/xsd/qti/qtiv2p1/imsqti_v2p1p1.xsd http://www.w3.org/1998/Math/MathML http://www.w3.org/Math/XMLSchema/mathml2/mathml2.xsd" identifier="vufgb-twowayanova-021-nl-qti_595312565_section_1_item_1_schoice" title="1" adaptive="false" timeDependent="false" xmlns="http://www.imsglobal.org/xsd/imsqti_v2p1" xmlns:xsi="http://www.w3.org/2001/XMLSchema-instance">
<responseDeclaration identifier="vufgb-twowayanova-021-nl-qti_595312565_section_1_item_1_schoice_RESPONSE_1_1974076" cardinality="single" baseType="identifier">
<correctResponse>
<value>vufgb-twowayanova-021-nl-qti_595312565_section_1_item_1_schoice_3_1218875552</value>
</correctResponse>
<mapping defaultValue="0" lowerBound="0.0">
<mapEntry mapKey="vufgb-twowayanova-021-nl-qti_595312565_section_1_item_1_schoice_1_6197065428" mappedValue="0"/>
<mapEntry mapKey="vufgb-twowayanova-021-nl-qti_595312565_section_1_item_1_schoice_2_2673054323" mappedValue="0"/>
<mapEntry mapKey="vufgb-twowayanova-021-nl-qti_595312565_section_1_item_1_schoice_3_1218875552" mappedValue="1"/>
<mapEntry mapKey="vufgb-twowayanova-021-nl-qti_595312565_section_1_item_1_schoice_4_2708616138" mappedValue="0"/>
</mapping>
</responseDeclaration>
<outcomeDeclaration identifier="SCORE" cardinality="single" baseType="float" normalMaximum="1" normalMinimum="0">
<defaultValue>
<value>0.0</value>
</defaultValue>
</outcomeDeclaration>
<outcomeDeclaration identifier="MAXSCORE" cardinality="single" baseType="float">
<defaultValue>
<value>1</value>
</defaultValue>
</outcomeDeclaration>
<outcomeDeclaration identifier="FEEDBACKBASIC" cardinality="single" baseType="identifier" view="testConstructor">
<defaultValue>
<value>empty</value>
</defaultValue>
</outcomeDeclaration>
<outcomeDeclaration identifier="FEEDBACKMODAL" cardinality="multiple" baseType="identifier" view="testConstructor"/>
<outcomeDeclaration identifier="MINSCORE" cardinality="single" baseType="float">
<defaultValue>
<value baseType="float">0</value>
</defaultValue>
</outcomeDeclaration>
<outcomeDeclaration identifier="SCORE_RESPONSE_1" cardinality="single" baseType="float">
<defaultValue>
<value>0.0</value>
</defaultValue>
</outcomeDeclaration>
<outcomeDeclaration identifier="MINSCORE_RESPONSE_1" cardinality="single" baseType="float">
<defaultValue>
<value>0.0</value>
</defaultValue>
</outcomeDeclaration>
<itemBody>
<p>In een klinisch onderzoek worden mannen en vrouwen aselect toegewezen aan een van vier behandelingen voor angstklachten. Aan het eind van de behandelperiode worden de angstklachten gemeten middels een vragenlijst. Welke analysetechniek moet gebruikt worden om te onderzoeken of de vier behandelingen even effectief zijn, en of dit verschilt voor mannen en vrouwen?</p>
<choiceInteraction responseIdentifier="vufgb-twowayanova-021-nl-qti_595312565_section_1_item_1_schoice_RESPONSE_1_1974076" shuffle="false" maxChoices="1">
<simpleChoice identifier="vufgb-twowayanova-021-nl-qti_595312565_section_1_item_1_schoice_1_6197065428">
<p>
 Meervoudige logistische regressie
</p>
</simpleChoice>
<simpleChoice identifier="vufgb-twowayanova-021-nl-qti_595312565_section_1_item_1_schoice_2_2673054323">
<p>
 ANCOVA
</p>
</simpleChoice>
<simpleChoice identifier="vufgb-twowayanova-021-nl-qti_595312565_section_1_item_1_schoice_3_1218875552">
<p>
 Tweewegs ANOVA
</p>
</simpleChoice>
<simpleChoice identifier="vufgb-twowayanova-021-nl-qti_595312565_section_1_item_1_schoice_4_2708616138">
<p>
 Eenwegs ANOVA
</p>
</simpleChoice>
</choiceInteraction>
</itemBody>
<responseProcessing>
<responseCondition>
<responseIf>
<isNull>
<variable identifier="vufgb-twowayanova-021-nl-qti_595312565_section_1_item_1_schoice_RESPONSE_1_1974076"/>
</isNull>
<setOutcomeValue identifier="SCORE_RESPONSE_1">
<sum>
<variable identifier="SCORE_RESPONSE_1"/>
<baseValue baseType="float">0</baseValue>
</sum>
</setOutcomeValue>
</responseIf>
</responseCondition>
<setOutcomeValue identifier="SCORE_RESPONSE_1">
<sum>
<variable identifier="SCORE_RESPONSE_1"/>
<mapResponse identifier="vufgb-twowayanova-021-nl-qti_595312565_section_1_item_1_schoice_RESPONSE_1_1974076"/>
</sum>
</setOutcomeValue>
<responseCondition>
<responseIf>
<lt>
<variable identifier="SCORE_RESPONSE_1"/>
<variable identifier="MINSCORE_RESPONSE_1"/>
</lt>
<setOutcomeValue identifier="SCORE_RESPONSE_1">
<variable identifier="MINSCORE_RESPONSE_1"/>
</setOutcomeValue>
</responseIf>
</responseCondition>
<setOutcomeValue identifier="SCORE">
<sum>
<variable identifier="SCORE_RESPONSE_1"/>
</sum>
</setOutcomeValue>
<responseCondition>
<responseIf>
<lt>
<variable identifier="SCORE"/>
<variable identifier="MINSCORE"/>
</lt>
<setOutcomeValue identifier="SCORE">
<variable identifier="MINSCORE"/>
</setOutcomeValue>
</responseIf>
</responseCondition>
<responseCondition>
<responseIf>
<lt>
<variable identifier="SCORE"/>
<baseValue baseType="float">1</baseValue>
</lt>
<setOutcomeValue identifier="FEEDBACKMODAL">
<multiple>
<variable identifier="FEEDBACKMODAL"/>
<baseValue baseType="identifier">Feedback915654365</baseValue>
</multiple>
</setOutcomeValue>
</responseIf>
</responseCondition>
</responseProcessing>
<modalFeedback identifier="Feedback915654365" outcomeIdentifier="FEEDBACKMODAL" showHide="show">
 Meervoudige logistische regressie <br /> Incorrect 
 ANCOVA <br /> Incorrect 
 Tweewegs ANOVA <br /> Correct 
 Eenwegs ANOVA <br /> Incorrect 
</modalFeedback>
</assessmentItem>
