<?xml version="1.0" encoding="UTF-8"?>
<assessmentItem xsi:schemaLocation="http://www.imsglobal.org/xsd/imsqti_v2p1 http://www.imsglobal.org/xsd/qti/qtiv2p1/imsqti_v2p1p1.xsd http://www.w3.org/1998/Math/MathML http://www.w3.org/Math/XMLSchema/mathml2/mathml2.xsd" identifier="uva-equation-1935-nl-qti_984507795_section_1_item_1_schoice" title="1" adaptive="false" timeDependent="false" xmlns="http://www.imsglobal.org/xsd/imsqti_v2p1" xmlns:xsi="http://www.w3.org/2001/XMLSchema-instance">
<responseDeclaration identifier="uva-equation-1935-nl-qti_984507795_section_1_item_1_schoice_RESPONSE_1_7519982" cardinality="single" baseType="identifier">
<correctResponse>
<value>uva-equation-1935-nl-qti_984507795_section_1_item_1_schoice_2_1952103960</value>
</correctResponse>
<mapping defaultValue="0" lowerBound="0.0">
<mapEntry mapKey="uva-equation-1935-nl-qti_984507795_section_1_item_1_schoice_1_6281062101" mappedValue="0"/>
<mapEntry mapKey="uva-equation-1935-nl-qti_984507795_section_1_item_1_schoice_2_1952103960" mappedValue="1"/>
<mapEntry mapKey="uva-equation-1935-nl-qti_984507795_section_1_item_1_schoice_3_8526919912" mappedValue="0"/>
</mapping>
</responseDeclaration>
<outcomeDeclaration identifier="SCORE" cardinality="single" baseType="float" normalMaximum="1" normalMinimum="0">
<defaultValue>
<value>0.0</value>
</defaultValue>
</outcomeDeclaration>
<outcomeDeclaration identifier="MAXSCORE" cardinality="single" baseType="float">
<defaultValue>
<value>1</value>
</defaultValue>
</outcomeDeclaration>
<outcomeDeclaration identifier="FEEDBACKBASIC" cardinality="single" baseType="identifier" view="testConstructor">
<defaultValue>
<value>empty</value>
</defaultValue>
</outcomeDeclaration>
<outcomeDeclaration identifier="FEEDBACKMODAL" cardinality="multiple" baseType="identifier" view="testConstructor"/>
<outcomeDeclaration identifier="SOLUTIONMODAL" cardinality="single" baseType="identifier" view="testConstructor"/>
<outcomeDeclaration identifier="MINSCORE" cardinality="single" baseType="float">
<defaultValue>
<value baseType="float">0</value>
</defaultValue>
</outcomeDeclaration>
<outcomeDeclaration identifier="SCORE_RESPONSE_1" cardinality="single" baseType="float">
<defaultValue>
<value>0.0</value>
</defaultValue>
</outcomeDeclaration>
<outcomeDeclaration identifier="MINSCORE_RESPONSE_1" cardinality="single" baseType="float">
<defaultValue>
<value>0.0</value>
</defaultValue>
</outcomeDeclaration>
<itemBody>
<p>We hebben een regressievergelijking <math display="inline" xmlns="http://www.w3.org/1998/Math/MathML"><semantics><mrow><mover><mi>y</mi><mo accent="true">̂</mo></mover><mo>=</mo><mn>9</mn><mo>+</mo><mn>10</mn><msub><mi>x</mi><mn>1</mn></msub><mo>+</mo><mn>6</mn><msub><mi>x</mi><mn>2</mn></msub><mo>+</mo><mn>3</mn><msub><mi>x</mi><mn>3</mn></msub></mrow><annotation encoding="application/x-tex">\hat{y} = 9 + 10x_{1} + 6x_{2} + 3x_{3}</annotation></semantics></math> We controleren voor <em>x</em><sub>1</sub> en <em>x</em><sub>3</sub>. Wat is de
toename in voorspelde <em>y</em> indien we voor <em>x</em><sub>2</sub> van 4 naar 9 gaan?</p>
<choiceInteraction responseIdentifier="uva-equation-1935-nl-qti_984507795_section_1_item_1_schoice_RESPONSE_1_7519982" shuffle="false" maxChoices="1">
<simpleChoice identifier="uva-equation-1935-nl-qti_984507795_section_1_item_1_schoice_1_6281062101">
<p>
 15
</p>
</simpleChoice>
<simpleChoice identifier="uva-equation-1935-nl-qti_984507795_section_1_item_1_schoice_2_1952103960">
<p>
 30
</p>
</simpleChoice>
<simpleChoice identifier="uva-equation-1935-nl-qti_984507795_section_1_item_1_schoice_3_8526919912">
<p>
 50
</p>
</simpleChoice>
</choiceInteraction>
</itemBody>
<responseProcessing>
<setOutcomeValue identifier="SCORE_RESPONSE_1">
<sum>
<variable identifier="SCORE_RESPONSE_1"/>
<mapResponse identifier="uva-equation-1935-nl-qti_984507795_section_1_item_1_schoice_RESPONSE_1_7519982"/>
</sum>
</setOutcomeValue>
<responseCondition>
<responseIf>
<lt>
<variable identifier="SCORE_RESPONSE_1"/>
<variable identifier="MINSCORE_RESPONSE_1"/>
</lt>
<setOutcomeValue identifier="SCORE_RESPONSE_1">
<variable identifier="MINSCORE_RESPONSE_1"/>
</setOutcomeValue>
</responseIf>
</responseCondition>
<responseCondition>
<responseIf>
<isNull>
<variable identifier="uva-equation-1935-nl-qti_984507795_section_1_item_1_schoice_RESPONSE_1_7519982"/>
</isNull>
<setOutcomeValue identifier="SCORE_RESPONSE_1">
<sum>
<variable identifier="SCORE_RESPONSE_1"/>
<baseValue baseType="float">0</baseValue>
</sum>
</setOutcomeValue>
</responseIf>
</responseCondition>
<setOutcomeValue identifier="SCORE">
<sum>
<variable identifier="SCORE_RESPONSE_1"/>
</sum>
</setOutcomeValue>
<responseCondition>
<responseIf>
<lt>
<variable identifier="SCORE"/>
<variable identifier="MINSCORE"/>
</lt>
<setOutcomeValue identifier="SCORE">
<variable identifier="MINSCORE"/>
</setOutcomeValue>
</responseIf>
</responseCondition>
<responseCondition>
<responseIf>
<lt>
<variable identifier="SCORE"/>
<baseValue baseType="float">1</baseValue>
</lt>
<setOutcomeValue identifier="FEEDBACKMODAL">
<multiple>
<variable identifier="FEEDBACKMODAL"/>
<baseValue baseType="identifier">Feedback660838906</baseValue>
</multiple>
</setOutcomeValue>
</responseIf>
</responseCondition>
</responseProcessing>
<modalFeedback identifier="Feedback660838906" outcomeIdentifier="FEEDBACKMODAL" showHide="show">
<ul>
<li> 15 <br /> 15: Incorrect </li>
<li> 30 <br /> 30: Correct </li>
<li> 50 <br /> 50: Incorrect </li>
</ul>
</modalFeedback>
</assessmentItem>
