<?xml version="1.0" encoding="UTF-8"?>
<!DOCTYPE questestinterop SYSTEM "ims_qtiasiv1p2p1.dtd">

<questestinterop xmlns="http://www.imsglobal.org/xsd/ims_qtiasiv1p2" xmlns:xsi="http://www.w3.org/2001/XMLSchema-instance" xsi:schemaLocation="http://www.imsglobal.org/xsd/ims_qtiasiv1p2 http://www.imsglobal.org/xsd/ims_qtiasiv1p2p1.xsd">
<assessment ident="uu-Power-826-en-canvas_527511815" title="uu-Power-826-en-canvas">

<qtimetadata>
<qtimetadatafield>
<fieldlabel>cc_maxattempts</fieldlabel>
<fieldentry>1</fieldentry>
</qtimetadatafield>
<qtimetadatafield>
<fieldlabel>qmd_assessmenttype</fieldlabel>
<fieldentry>Assessment</fieldentry>
</qtimetadatafield>
</qtimetadata>
<objectives>
<material>
<mattext><![CDATA[Please solve the following exercises.]]></mattext>
</material>
</objectives>
<assessmentcontrol feedbackswitch="No" hintswitch="No" solutionswitch="Yes"/>
<outcomes_processing scoremodel="SumOfScores">
<outcomes>
<decvar varname="SCORE" vartype="Decimal" cutvalue="0"/>
</outcomes>
</outcomes_processing>
<assessfeedback title="AssessmentFeedback" ident="AssessmentFeedback">
<flow_mat>
<material>
<mattext>##AssessmentFeedback##</mattext>
</material>
</flow_mat>
</assessfeedback>

<section ident="uu-Power-826-en-canvas_527511815_section_1" title="Exercise">

<objectives>
<material>
<mattext><![CDATA[Please answer the following question.]]></mattext>
</material>
</objectives>
<selection_ordering>
<selection>
<selection_number>1</selection_number>
<selection_extension>
<points_per_item>1</points_per_item>
</selection_extension>
</selection>
<order order_type="Random"/>
</selection_ordering>

<item ident="uu-Power-826-en-canvas_527511815_section_1_item_1_schoice" title="Question" maxattempts="1">
<itemcontrol feedbackswitch="No" hintswitch="No" solutionswitch="Yes"/>
<itemmetadata>
<qtimetadata>
<qtimetadatafield>
<fieldlabel>question_type</fieldlabel>
<fieldentry>multiple_choice_question</fieldentry>
</qtimetadatafield>
</qtimetadata>
</itemmetadata>
<presentation>
<flow>
<material>
<matbreak/>
<mattext texttype="text/html" charset="utf-8"><![CDATA[
<p>A teacher wants to know if the current group of freshmen is performing better than the freshmen in the previous year. He checks by comparing the average exam scores. Last year the average was 6.0. A sample of 61 students is now drawn from the current year. The instructor considers this year “better” only if at least an average exam grade of 6.5 is achieved. The spread in the population is unchanged, i.e. σ = 1.7.</p>
<p>What is the power of the one-way test at α = .05</p>
]]></mattext>
<matbreak/>
</material>
<response_lid ident="uu-Power-826-en-canvas_527511815_section_1_item_1_schoice_RESPONSE_5656958" rcardinality="Single" rtiming="No">
<render_choice shuffle="No">
<flow_label class="List">
<response_label ident="uu-Power-826-en-canvas_527511815_section_1_item_1_schoice_6487836115" rshuffle="No">
<material>
<mattext texttype="text/html" charset="utf-8"><![CDATA[
 .29
]]></mattext>
</material>
</response_label>
</flow_label>
<flow_label class="List">
<response_label ident="uu-Power-826-en-canvas_527511815_section_1_item_1_schoice_1547287656" rshuffle="No">
<material>
<mattext texttype="text/html" charset="utf-8"><![CDATA[
 .74
]]></mattext>
</material>
</response_label>
</flow_label>
<flow_label class="List">
<response_label ident="uu-Power-826-en-canvas_527511815_section_1_item_1_schoice_7069329182" rshuffle="No">
<material>
<mattext texttype="text/html" charset="utf-8"><![CDATA[
 .85
]]></mattext>
</material>
</response_label>
</flow_label>
<flow_label class="List">
<response_label ident="uu-Power-826-en-canvas_527511815_section_1_item_1_schoice_1309807375" rshuffle="No">
<material>
<mattext texttype="text/html" charset="utf-8"><![CDATA[
 .95
]]></mattext>
</material>
</response_label>
</flow_label>
</render_choice>
</response_lid>
</flow>
</presentation>
<resprocessing>
<outcomes>
<decvar varname="SCORE" vartype="Decimal" defaultval="0" minvalue="0" maxvalue="1" cutvalue="1"/>
</outcomes>
<respcondition title="Mastery" continue="No">
<conditionvar>
<and>
<varequal respident="uu-Power-826-en-canvas_527511815_section_1_item_1_schoice_RESPONSE_5656958" case="Yes">uu-Power-826-en-canvas_527511815_section_1_item_1_schoice_1547287656</varequal>
<not> <varequal respident="uu-Power-826-en-canvas_527511815_section_1_item_1_schoice_RESPONSE_5656958" case="Yes">uu-Power-826-en-canvas_527511815_section_1_item_1_schoice_6487836115</varequal> </not>
<not> <varequal respident="uu-Power-826-en-canvas_527511815_section_1_item_1_schoice_RESPONSE_5656958" case="Yes">uu-Power-826-en-canvas_527511815_section_1_item_1_schoice_7069329182</varequal> </not>
<not> <varequal respident="uu-Power-826-en-canvas_527511815_section_1_item_1_schoice_RESPONSE_5656958" case="Yes">uu-Power-826-en-canvas_527511815_section_1_item_1_schoice_1309807375</varequal> </not>
</and>
</conditionvar>
<setvar varname="SCORE" action="Set">1</setvar>
<displayfeedback feedbacktype="Response" linkrefid="correct_fb"/>
</respcondition>
<respcondition continue="Yes">
<conditionvar>
<other/>
</conditionvar>
<displayfeedback feedbacktype="Response" linkrefid="general_incorrect_fb"/>
</respcondition>
</resprocessing>
<itemfeedback ident="correct_fb" view="All">
<flow_mat>
<material>
<mattext texttype="text/html"><![CDATA[
<ul>
<li> .29 <br /> This answer is incorrect. </li>
<li> .74 <br /> This answer is correct. </li>
<li> .85 <br /> This answer is incorrect. </li>
<li> .95 <br /> This answer is incorrect. </li>
</ul>
]]></mattext>
</material>
</flow_mat>
</itemfeedback>
<itemfeedback ident="general_incorrect_fb" view="All">
<flow_mat>
<material>
<mattext texttype="text/html"><![CDATA[
<ul>
<li> .29 <br /> This answer is incorrect. </li>
<li> .74 <br /> This answer is correct. </li>
<li> .85 <br /> This answer is incorrect. </li>
<li> .95 <br /> This answer is incorrect. </li>
</ul>
]]></mattext>
</material>
</flow_mat>
</itemfeedback>
</item>


</section>

</assessment>
</questestinterop>
