<?xml version="1.0" encoding="UTF-8"?>
<assessmentItem xsi:schemaLocation="http://www.imsglobal.org/xsd/imsqti_v2p1 http://www.imsglobal.org/xsd/qti/qtiv2p1/imsqti_v2p1p1.xsd http://www.w3.org/1998/Math/MathML http://www.w3.org/Math/XMLSchema/mathml2/mathml2.xsd" identifier="vufgb-multilinearregression-016-nl-ans_733540971_section_1_item_1_schoice" title="Inferential_Statistics_vufgb-multilinearregression-016-nl_vufgb-multilinearregression-016-nl_schoice_1" adaptive="false" timeDependent="false" xmlns="http://www.imsglobal.org/xsd/imsqti_v2p1" xmlns:xsi="http://www.w3.org/2001/XMLSchema-instance">
<responseDeclaration identifier="vufgb-multilinearregression-016-nl-ans_733540971_section_1_item_1_schoice_RESPONSE_1_4178477" cardinality="single" baseType="identifier">
<correctResponse>
<value>vufgb-multilinearregression-016-nl-ans_733540971_section_1_item_1_schoice_2_6676615571</value>
</correctResponse>
<mapping defaultValue="0" lowerBound="0.0">
<mapEntry mapKey="vufgb-multilinearregression-016-nl-ans_733540971_section_1_item_1_schoice_1_3626038328" mappedValue="0"/>
<mapEntry mapKey="vufgb-multilinearregression-016-nl-ans_733540971_section_1_item_1_schoice_2_6676615571" mappedValue="1"/>
<mapEntry mapKey="vufgb-multilinearregression-016-nl-ans_733540971_section_1_item_1_schoice_3_9514539656" mappedValue="0"/>
<mapEntry mapKey="vufgb-multilinearregression-016-nl-ans_733540971_section_1_item_1_schoice_4_4549898359" mappedValue="0"/>
</mapping>
</responseDeclaration>
<outcomeDeclaration identifier="SCORE" cardinality="single" baseType="float" normalMaximum="1" normalMinimum="0">
<defaultValue>
<value>0.0</value>
</defaultValue>
</outcomeDeclaration>
<outcomeDeclaration identifier="MAXSCORE" cardinality="single" baseType="float">
<defaultValue>
<value>1</value>
</defaultValue>
</outcomeDeclaration>
<outcomeDeclaration identifier="FEEDBACKBASIC" cardinality="single" baseType="identifier" view="testConstructor">
<defaultValue>
<value>empty</value>
</defaultValue>
</outcomeDeclaration>
<outcomeDeclaration identifier="FEEDBACKMODAL" cardinality="multiple" baseType="identifier" view="testConstructor"/>
<outcomeDeclaration identifier="SOLUTIONMODAL" cardinality="single" baseType="identifier" view="testConstructor"/>
<outcomeDeclaration identifier="MINSCORE" cardinality="single" baseType="float">
<defaultValue>
<value baseType="float">0</value>
</defaultValue>
</outcomeDeclaration>
<outcomeDeclaration identifier="SCORE_RESPONSE_1" cardinality="single" baseType="float">
<defaultValue>
<value>0.0</value>
</defaultValue>
</outcomeDeclaration>
<outcomeDeclaration identifier="MINSCORE_RESPONSE_1" cardinality="single" baseType="float">
<defaultValue>
<value>0.0</value>
</defaultValue>
</outcomeDeclaration>
<itemBody>
<p>Een selectiepsycholoog heeft van een groep supermarktmedewerkers gegevens over rekenvaardigheid, motivatie en prestatie. Welke analysetechniek kan hij het best gebruiken om het effect van rekenvaardigheid op prestatie te bepalen waarbij hij motivatie constant wil houden?</p>
<choiceInteraction responseIdentifier="vufgb-multilinearregression-016-nl-ans_733540971_section_1_item_1_schoice_RESPONSE_1_4178477" shuffle="false" maxChoices="1">
<simpleChoice identifier="vufgb-multilinearregression-016-nl-ans_733540971_section_1_item_1_schoice_1_3626038328">
<p>
 Enkelvoudige regressie
</p>
</simpleChoice>
<simpleChoice identifier="vufgb-multilinearregression-016-nl-ans_733540971_section_1_item_1_schoice_2_6676615571">
<p>
 Multipele regressie
</p>
</simpleChoice>
<simpleChoice identifier="vufgb-multilinearregression-016-nl-ans_733540971_section_1_item_1_schoice_3_9514539656">
<p>
 Two-way ANOVA
</p>
</simpleChoice>
<simpleChoice identifier="vufgb-multilinearregression-016-nl-ans_733540971_section_1_item_1_schoice_4_4549898359">
<p>
 ANCOVA
</p>
</simpleChoice>
</choiceInteraction>
</itemBody>
<responseProcessing>
<setOutcomeValue identifier="SCORE_RESPONSE_1">
<sum>
<variable identifier="SCORE_RESPONSE_1"/>
<mapResponse identifier="vufgb-multilinearregression-016-nl-ans_733540971_section_1_item_1_schoice_RESPONSE_1_4178477"/>
</sum>
</setOutcomeValue>
<responseCondition>
<responseIf>
<lt>
<variable identifier="SCORE_RESPONSE_1"/>
<variable identifier="MINSCORE_RESPONSE_1"/>
</lt>
<setOutcomeValue identifier="SCORE_RESPONSE_1">
<variable identifier="MINSCORE_RESPONSE_1"/>
</setOutcomeValue>
</responseIf>
</responseCondition>
<responseCondition>
<responseIf>
<isNull>
<variable identifier="vufgb-multilinearregression-016-nl-ans_733540971_section_1_item_1_schoice_RESPONSE_1_4178477"/>
</isNull>
<setOutcomeValue identifier="SCORE_RESPONSE_1">
<sum>
<variable identifier="SCORE_RESPONSE_1"/>
<baseValue baseType="float">0</baseValue>
</sum>
</setOutcomeValue>
</responseIf>
</responseCondition>
<setOutcomeValue identifier="SCORE">
<sum>
<variable identifier="SCORE_RESPONSE_1"/>
</sum>
</setOutcomeValue>
<responseCondition>
<responseIf>
<lt>
<variable identifier="SCORE"/>
<variable identifier="MINSCORE"/>
</lt>
<setOutcomeValue identifier="SCORE">
<variable identifier="MINSCORE"/>
</setOutcomeValue>
</responseIf>
</responseCondition>
<responseCondition>
<responseIf>
<lt>
<variable identifier="SCORE"/>
<baseValue baseType="float">1</baseValue>
</lt>
<setOutcomeValue identifier="FEEDBACKMODAL">
<multiple>
<variable identifier="FEEDBACKMODAL"/>
<baseValue baseType="identifier">Feedback917067149</baseValue>
</multiple>
</setOutcomeValue>
</responseIf>
</responseCondition>
</responseProcessing>
<modalFeedback outcomeIdentifier="FEEDBACK" showHide="show" identifier="incorrect">
<ul>
<li> Enkelvoudige regressie <br /> Incorrect </li>
<li> Multipele regressie <br /> Correct </li>
<li> Two-way ANOVA <br /> Incorrect </li>
<li> ANCOVA <br /> Incorrect </li>
</ul>
</modalFeedback>
</assessmentItem>
