<?xml version="1.0" encoding="UTF-8"?>
<assessmentItem xsi:schemaLocation="http://www.imsglobal.org/xsd/imsqti_v2p1 http://www.imsglobal.org/xsd/qti/qtiv2p1/imsqti_v2p1p1.xsd http://www.w3.org/1998/Math/MathML http://www.w3.org/Math/XMLSchema/mathml2/mathml2.xsd" identifier="vufgb-logisticregression-029-en-ans_479115297_section_1_item_1_schoice" title="Inferential_Statistics_vufgb-logisticregression-029-en_vufgb-logisticregression-029-en_schoice_1" adaptive="false" timeDependent="false" xmlns="http://www.imsglobal.org/xsd/imsqti_v2p1" xmlns:xsi="http://www.w3.org/2001/XMLSchema-instance">
<responseDeclaration identifier="vufgb-logisticregression-029-en-ans_479115297_section_1_item_1_schoice_RESPONSE_1_3331385" cardinality="single" baseType="identifier">
<correctResponse>
<value>vufgb-logisticregression-029-en-ans_479115297_section_1_item_1_schoice_4_6930818938</value>
</correctResponse>
<mapping defaultValue="0" lowerBound="0.0">
<mapEntry mapKey="vufgb-logisticregression-029-en-ans_479115297_section_1_item_1_schoice_1_9103982466" mappedValue="0"/>
<mapEntry mapKey="vufgb-logisticregression-029-en-ans_479115297_section_1_item_1_schoice_2_4296359760" mappedValue="0"/>
<mapEntry mapKey="vufgb-logisticregression-029-en-ans_479115297_section_1_item_1_schoice_3_1960438738" mappedValue="0"/>
<mapEntry mapKey="vufgb-logisticregression-029-en-ans_479115297_section_1_item_1_schoice_4_6930818938" mappedValue="1"/>
</mapping>
</responseDeclaration>
<outcomeDeclaration identifier="SCORE" cardinality="single" baseType="float" normalMaximum="1" normalMinimum="0">
<defaultValue>
<value>0.0</value>
</defaultValue>
</outcomeDeclaration>
<outcomeDeclaration identifier="MAXSCORE" cardinality="single" baseType="float">
<defaultValue>
<value>1</value>
</defaultValue>
</outcomeDeclaration>
<outcomeDeclaration identifier="FEEDBACKBASIC" cardinality="single" baseType="identifier" view="testConstructor">
<defaultValue>
<value>empty</value>
</defaultValue>
</outcomeDeclaration>
<outcomeDeclaration identifier="FEEDBACKMODAL" cardinality="multiple" baseType="identifier" view="testConstructor"/>
<outcomeDeclaration identifier="SOLUTIONMODAL" cardinality="single" baseType="identifier" view="testConstructor"/>
<outcomeDeclaration identifier="MINSCORE" cardinality="single" baseType="float">
<defaultValue>
<value baseType="float">0</value>
</defaultValue>
</outcomeDeclaration>
<outcomeDeclaration identifier="SCORE_RESPONSE_1" cardinality="single" baseType="float">
<defaultValue>
<value>0.0</value>
</defaultValue>
</outcomeDeclaration>
<outcomeDeclaration identifier="MINSCORE_RESPONSE_1" cardinality="single" baseType="float">
<defaultValue>
<value>0.0</value>
</defaultValue>
</outcomeDeclaration>
<itemBody>
<p>Given a probability of <span class="math inline">\(Y=1\)</span> of 0.33. TRUE is the corresponding logit value?</p>
<choiceInteraction responseIdentifier="vufgb-logisticregression-029-en-ans_479115297_section_1_item_1_schoice_RESPONSE_1_3331385" shuffle="false" maxChoices="1">
<simpleChoice identifier="vufgb-logisticregression-029-en-ans_479115297_section_1_item_1_schoice_1_9103982466">
<p>
 -1.11
</p>
</simpleChoice>
<simpleChoice identifier="vufgb-logisticregression-029-en-ans_479115297_section_1_item_1_schoice_2_4296359760">
<p>
 -0.48
</p>
</simpleChoice>
<simpleChoice identifier="vufgb-logisticregression-029-en-ans_479115297_section_1_item_1_schoice_3_1960438738">
<p>
 0.49
</p>
</simpleChoice>
<simpleChoice identifier="vufgb-logisticregression-029-en-ans_479115297_section_1_item_1_schoice_4_6930818938">
<p>
 -0.71
</p>
</simpleChoice>
</choiceInteraction>
</itemBody>
<responseProcessing>
<setOutcomeValue identifier="SCORE_RESPONSE_1">
<sum>
<variable identifier="SCORE_RESPONSE_1"/>
<mapResponse identifier="vufgb-logisticregression-029-en-ans_479115297_section_1_item_1_schoice_RESPONSE_1_3331385"/>
</sum>
</setOutcomeValue>
<responseCondition>
<responseIf>
<lt>
<variable identifier="SCORE_RESPONSE_1"/>
<variable identifier="MINSCORE_RESPONSE_1"/>
</lt>
<setOutcomeValue identifier="SCORE_RESPONSE_1">
<variable identifier="MINSCORE_RESPONSE_1"/>
</setOutcomeValue>
</responseIf>
</responseCondition>
<responseCondition>
<responseIf>
<isNull>
<variable identifier="vufgb-logisticregression-029-en-ans_479115297_section_1_item_1_schoice_RESPONSE_1_3331385"/>
</isNull>
<setOutcomeValue identifier="SCORE_RESPONSE_1">
<sum>
<variable identifier="SCORE_RESPONSE_1"/>
<baseValue baseType="float">0</baseValue>
</sum>
</setOutcomeValue>
</responseIf>
</responseCondition>
<setOutcomeValue identifier="SCORE">
<sum>
<variable identifier="SCORE_RESPONSE_1"/>
</sum>
</setOutcomeValue>
<responseCondition>
<responseIf>
<lt>
<variable identifier="SCORE"/>
<variable identifier="MINSCORE"/>
</lt>
<setOutcomeValue identifier="SCORE">
<variable identifier="MINSCORE"/>
</setOutcomeValue>
</responseIf>
</responseCondition>
<responseCondition>
<responseIf>
<lt>
<variable identifier="SCORE"/>
<baseValue baseType="float">1</baseValue>
</lt>
<setOutcomeValue identifier="FEEDBACKMODAL">
<multiple>
<variable identifier="FEEDBACKMODAL"/>
<baseValue baseType="identifier">Feedback854831378</baseValue>
</multiple>
</setOutcomeValue>
</responseIf>
</responseCondition>
</responseProcessing>
<modalFeedback outcomeIdentifier="FEEDBACK" showHide="show" identifier="incorrect">
<ul>
<li> -1.11 <br /> Incorrect </li>
<li> -0.48 <br /> Incorrect </li>
<li> 0.49 <br /> Incorrect </li>
<li> -0.71 <br /> Correct </li>
</ul>
</modalFeedback>
</assessmentItem>
