<?xml version="1.0" encoding="utf-8" standalone="yes"?>
<assessmentItem identifier="uu-moderation-802-nl-tv_202411271204_item_1_schoice" title="uu-moderation-802-nl-tv_202411271204_item_1_schoice_uu-moderation-802-nl.Rmd" adaptive="false" timeDependent="false" toolName="Testvision Online" toolVersion="39.0.9084" xmlns="http://www.imsglobal.org/xsd/imsqti_v2p1">
<responseDeclaration identifier="RESPONSE" cardinality="single" baseType="identifier">
<correctResponse>
<value>alt_397858</value>
</correctResponse>
<mapping defaultValue="0" lowerBound="0.0">
<mapEntry mapKey="alt_397858" mappedValue="1"/>
<mapEntry mapKey="alt_875037" mappedValue="-0.333333333333333"/>
<mapEntry mapKey="alt_155589" mappedValue="-0.333333333333333"/>
<mapEntry mapKey="alt_988820" mappedValue="-0.333333333333333"/>
</mapping>
</responseDeclaration>
<outcomeDeclaration identifier="SCORE" cardinality="single" baseType="float" normalMaximum="1" normalMinimum="0" />
<outcomeDeclaration identifier="FEEDBACK" cardinality="single" baseType="identifier" />
<stylesheet href="css/uu-moderation-802-nl-tv_202411271204_item_1_schoice.css" type="text/css" />
<itemBody>
<p>Onderstaande output hoort bij een onderzoek waarin is gekeken of leeftijd een moderator is voor de relatie tussen een onafhankelijke en afhankelijke variabele.</p>
<p><img src="mediafiles/supplements1/uu-moderation-802-nl-tabel.jpg" alt="image"/></p>
<p>Een psycholoog trekt op basis van de output de volgende conclusies.
I. Hoe hoger een persoon scoort op de moderator, des te zwakker het verband tussen de onafhankelijke en afhankelijke variabele.
II. Voor iemand die bovengemiddeld scoort op de moderator, is er een significant verband tussen de onafhankelijke en de afhankelijke variabele.
Welke conclusies is/zijn correct op basis van de output?</p>
<choiceInteraction responseIdentifier="RESPONSE" shuffle="false" maxChoices="1">
<simpleChoice identifier="alt_397858">
<div class="textblock tvblock tvcss_1"><div class="rte_zone tveditor1">
 Alleen conclusie I is correct.
</div>
</div>
</simpleChoice>
<simpleChoice identifier="alt_875037">
<div class="textblock tvblock tvcss_1"><div class="rte_zone tveditor1">
 Alleen conclusie II is correct.
</div>
</div>
</simpleChoice>
<simpleChoice identifier="alt_155589">
<div class="textblock tvblock tvcss_1"><div class="rte_zone tveditor1">
 Zowel conclusie I als conclusie II is correct.
</div>
</div>
</simpleChoice>
<simpleChoice identifier="alt_988820">
<div class="textblock tvblock tvcss_1"><div class="rte_zone tveditor1">
 Geen van beide conclusies is correct.
</div>
</div>
</simpleChoice>
</choiceInteraction>
</itemBody>
<responseProcessing>
<responseCondition>
<responseIf>
<isNull>
<variable identifier="RESPONSE"/>
</isNull>
<setOutcomeValue identifier="SCORE">
<baseValue baseType="float">0.0</baseValue>
</setOutcomeValue>
<setOutcomeValue identifier="FEEDBACK">
<baseValue baseType="identifier">FAILURE</baseValue>
</setOutcomeValue>
</responseIf>
<responseElse>
<setOutcomeValue identifier="SCORE">
<mapResponse identifier="RESPONSE"/>
</setOutcomeValue>
<responseCondition>
<responseIf>
<equal toleranceMode="relative" tolerance="0.001">
<variable identifier="SCORE"/>
<variable identifier="MAXSCORE"/>
</equal>
<setOutcomeValue identifier="FEEDBACK">
<baseValue baseType="identifier">ANSWER_CORRECT</baseValue>
</setOutcomeValue>
</responseIf>
<responseElse>
<setOutcomeValue identifier="FEEDBACK">
<baseValue baseType="identifier">FAILURE</baseValue>
</setOutcomeValue>
</responseElse>
</responseCondition>
</responseElse>
</responseCondition>
</responseProcessing>
<modalFeedback identifier="FAILURE" outcomeIdentifier="FEEDBACK" showHide="show">
<div class="textblock tvblock tvcss_1"><div class="rte_zone tveditor1">
<p>Conclusie I is correct.
Bij een hogere score op de moderator, wordt het verband tussen de onafhankelijke en afhankelijke variabele zwakker; namelijk van -.2139 naar -.1573.</p>
<p>Conclusie II is niet correct.
Voor iemand die bovengemiddeld scoort (zie onderste rij in tabel), is er juist géén significant verband tussen de onafhankelijke en afhankelijke variabele (p = .1546).</p>
</div>
</div>
</modalFeedback>
<modalFeedback identifier="ANSWER_CORRECT" outcomeIdentifier="FEEDBACK" showHide="show">
<div class="textblock tvblock tvcss_1"><div class="rte_zone tveditor1">
<p>Conclusie I is correct.
Bij een hogere score op de moderator, wordt het verband tussen de onafhankelijke en afhankelijke variabele zwakker; namelijk van -.2139 naar -.1573.</p>
<p>Conclusie II is niet correct.
Voor iemand die bovengemiddeld scoort (zie onderste rij in tabel), is er juist géén significant verband tussen de onafhankelijke en afhankelijke variabele (p = .1546).</p>
</div>
</div>
</modalFeedback>
<modalFeedback identifier="PARTIAL_CORRECT" outcomeIdentifier="FEEDBACK" showHide="show">
<div class="textblock tvblock tvcss_1"><div class="rte_zone tveditor1">
<p>Conclusie I is correct.
Bij een hogere score op de moderator, wordt het verband tussen de onafhankelijke en afhankelijke variabele zwakker; namelijk van -.2139 naar -.1573.</p>
<p>Conclusie II is niet correct.
Voor iemand die bovengemiddeld scoort (zie onderste rij in tabel), is er juist géén significant verband tussen de onafhankelijke en afhankelijke variabele (p = .1546).</p>
</div>
</div>
</modalFeedback>
</assessmentItem>
