<?xml version="1.0" encoding="UTF-8"?>
<assessmentItem xsi:schemaLocation="http://www.imsglobal.org/xsd/imsqti_v2p1 http://www.imsglobal.org/xsd/qti/qtiv2p1/imsqti_v2p1p1.xsd http://www.w3.org/1998/Math/MathML http://www.w3.org/Math/XMLSchema/mathml2/mathml2.xsd" identifier="uva-twoway-anova-70-nl-qti_169492675_section_1_item_1_schoice" title="1" adaptive="false" timeDependent="false" xmlns="http://www.imsglobal.org/xsd/imsqti_v2p1" xmlns:xsi="http://www.w3.org/2001/XMLSchema-instance">
<responseDeclaration identifier="uva-twoway-anova-70-nl-qti_169492675_section_1_item_1_schoice_RESPONSE_1_7976470" cardinality="single" baseType="identifier">
<correctResponse>
<value>uva-twoway-anova-70-nl-qti_169492675_section_1_item_1_schoice_3_3248923198</value>
</correctResponse>
<mapping defaultValue="0" lowerBound="0.0">
<mapEntry mapKey="uva-twoway-anova-70-nl-qti_169492675_section_1_item_1_schoice_1_7856659506" mappedValue="0"/>
<mapEntry mapKey="uva-twoway-anova-70-nl-qti_169492675_section_1_item_1_schoice_2_2072472573" mappedValue="0"/>
<mapEntry mapKey="uva-twoway-anova-70-nl-qti_169492675_section_1_item_1_schoice_3_3248923198" mappedValue="1"/>
</mapping>
</responseDeclaration>
<outcomeDeclaration identifier="SCORE" cardinality="single" baseType="float" normalMaximum="1" normalMinimum="0">
<defaultValue>
<value>0.0</value>
</defaultValue>
</outcomeDeclaration>
<outcomeDeclaration identifier="MAXSCORE" cardinality="single" baseType="float">
<defaultValue>
<value>1</value>
</defaultValue>
</outcomeDeclaration>
<outcomeDeclaration identifier="FEEDBACKBASIC" cardinality="single" baseType="identifier" view="testConstructor">
<defaultValue>
<value>empty</value>
</defaultValue>
</outcomeDeclaration>
<outcomeDeclaration identifier="FEEDBACKMODAL" cardinality="multiple" baseType="identifier" view="testConstructor"/>
<outcomeDeclaration identifier="SOLUTIONMODAL" cardinality="single" baseType="identifier" view="testConstructor"/>
<outcomeDeclaration identifier="MINSCORE" cardinality="single" baseType="float">
<defaultValue>
<value baseType="float">0</value>
</defaultValue>
</outcomeDeclaration>
<outcomeDeclaration identifier="SCORE_RESPONSE_1" cardinality="single" baseType="float">
<defaultValue>
<value>0.0</value>
</defaultValue>
</outcomeDeclaration>
<outcomeDeclaration identifier="MINSCORE_RESPONSE_1" cardinality="single" baseType="float">
<defaultValue>
<value>0.0</value>
</defaultValue>
</outcomeDeclaration>
<itemBody>
<p>Een éénweg ANOVA (één factor) met drie groepen wordt uitgevoerd. De
assumpties worden gecontroleerd: de verdeling bij iedere groep is
normaal en de varianties binnen iedere groep zijn gelijk. Verder zijn de
proefpersonen random toegewezen aan één van de drie groepen. Er wordt
een <em>follow up</em> test gedaan om te onderzoeken welke van de drie groepen
verschillen. Er wordt gekozen voor het betrouwbaarheidsinterval van
Fisher. Deze maakt gebruik van de <em>Mean Square within</em> (MS
within/Error). Dit is het gemiddelde van de drie varianties die binnen
iedere groep is berekend. Deze methode is toegestaan omdat (a) de
verdeling van iedere groep normaal is en (b) de varianties binnen iedere
groep gelijk zijn.</p>
<choiceInteraction responseIdentifier="uva-twoway-anova-70-nl-qti_169492675_section_1_item_1_schoice_RESPONSE_1_7976470" shuffle="false" maxChoices="1">
<simpleChoice identifier="uva-twoway-anova-70-nl-qti_169492675_section_1_item_1_schoice_1_7856659506">
<p>
 a is waar en b is onwaar.
</p>
</simpleChoice>
<simpleChoice identifier="uva-twoway-anova-70-nl-qti_169492675_section_1_item_1_schoice_2_2072472573">
<p>
 a is onwaar en b is waar.
</p>
</simpleChoice>
<simpleChoice identifier="uva-twoway-anova-70-nl-qti_169492675_section_1_item_1_schoice_3_3248923198">
<p>
 Beide zijn waar.
</p>
</simpleChoice>
</choiceInteraction>
</itemBody>
<responseProcessing>
<setOutcomeValue identifier="SCORE_RESPONSE_1">
<sum>
<variable identifier="SCORE_RESPONSE_1"/>
<mapResponse identifier="uva-twoway-anova-70-nl-qti_169492675_section_1_item_1_schoice_RESPONSE_1_7976470"/>
</sum>
</setOutcomeValue>
<responseCondition>
<responseIf>
<lt>
<variable identifier="SCORE_RESPONSE_1"/>
<variable identifier="MINSCORE_RESPONSE_1"/>
</lt>
<setOutcomeValue identifier="SCORE_RESPONSE_1">
<variable identifier="MINSCORE_RESPONSE_1"/>
</setOutcomeValue>
</responseIf>
</responseCondition>
<responseCondition>
<responseIf>
<isNull>
<variable identifier="uva-twoway-anova-70-nl-qti_169492675_section_1_item_1_schoice_RESPONSE_1_7976470"/>
</isNull>
<setOutcomeValue identifier="SCORE_RESPONSE_1">
<sum>
<variable identifier="SCORE_RESPONSE_1"/>
<baseValue baseType="float">0</baseValue>
</sum>
</setOutcomeValue>
</responseIf>
</responseCondition>
<setOutcomeValue identifier="SCORE">
<sum>
<variable identifier="SCORE_RESPONSE_1"/>
</sum>
</setOutcomeValue>
<responseCondition>
<responseIf>
<lt>
<variable identifier="SCORE"/>
<variable identifier="MINSCORE"/>
</lt>
<setOutcomeValue identifier="SCORE">
<variable identifier="MINSCORE"/>
</setOutcomeValue>
</responseIf>
</responseCondition>
<responseCondition>
<responseIf>
<lt>
<variable identifier="SCORE"/>
<baseValue baseType="float">1</baseValue>
</lt>
<setOutcomeValue identifier="FEEDBACKMODAL">
<multiple>
<variable identifier="FEEDBACKMODAL"/>
<baseValue baseType="identifier">Feedback953926900</baseValue>
</multiple>
</setOutcomeValue>
</responseIf>
</responseCondition>
</responseProcessing>
<modalFeedback identifier="Feedback953926900" outcomeIdentifier="FEEDBACKMODAL" showHide="show">
<p>Het correcte antwoord is:</p>
<ul>
<li>Beide zijn waar.</li>
</ul>
</modalFeedback>
</assessmentItem>
