<?xml version="1.0" encoding="UTF-8"?>
<assessmentItem xsi:schemaLocation="http://www.imsglobal.org/xsd/imsqti_v2p1 http://www.imsglobal.org/xsd/qti/qtiv2p1/imsqti_v2p1p1.xsd http://www.w3.org/1998/Math/MathML http://www.w3.org/Math/XMLSchema/mathml2/mathml2.xsd" identifier="uva-random-variables-325-nl-ans_416923919_section_1_item_1_schoice" title="Probability_uva-random-variables-325-nl_uva-random-variables-325-nl_schoice_1" adaptive="false" timeDependent="false" xmlns="http://www.imsglobal.org/xsd/imsqti_v2p1" xmlns:xsi="http://www.w3.org/2001/XMLSchema-instance">
<responseDeclaration identifier="uva-random-variables-325-nl-ans_416923919_section_1_item_1_schoice_RESPONSE_1_1246781" cardinality="single" baseType="identifier">
<correctResponse>
<value>uva-random-variables-325-nl-ans_416923919_section_1_item_1_schoice_1_9731338104</value>
</correctResponse>
<mapping defaultValue="0" lowerBound="0.0">
<mapEntry mapKey="uva-random-variables-325-nl-ans_416923919_section_1_item_1_schoice_1_9731338104" mappedValue="1"/>
<mapEntry mapKey="uva-random-variables-325-nl-ans_416923919_section_1_item_1_schoice_2_8437285230" mappedValue="0"/>
<mapEntry mapKey="uva-random-variables-325-nl-ans_416923919_section_1_item_1_schoice_3_8822967229" mappedValue="0"/>
<mapEntry mapKey="uva-random-variables-325-nl-ans_416923919_section_1_item_1_schoice_4_3671828733" mappedValue="0"/>
</mapping>
</responseDeclaration>
<outcomeDeclaration identifier="SCORE" cardinality="single" baseType="float" normalMaximum="1" normalMinimum="0">
<defaultValue>
<value>0.0</value>
</defaultValue>
</outcomeDeclaration>
<outcomeDeclaration identifier="MAXSCORE" cardinality="single" baseType="float">
<defaultValue>
<value>1</value>
</defaultValue>
</outcomeDeclaration>
<outcomeDeclaration identifier="FEEDBACKBASIC" cardinality="single" baseType="identifier" view="testConstructor">
<defaultValue>
<value>empty</value>
</defaultValue>
</outcomeDeclaration>
<outcomeDeclaration identifier="FEEDBACKMODAL" cardinality="multiple" baseType="identifier" view="testConstructor"/>
<outcomeDeclaration identifier="SOLUTIONMODAL" cardinality="single" baseType="identifier" view="testConstructor"/>
<outcomeDeclaration identifier="MINSCORE" cardinality="single" baseType="float">
<defaultValue>
<value baseType="float">0</value>
</defaultValue>
</outcomeDeclaration>
<outcomeDeclaration identifier="SCORE_RESPONSE_1" cardinality="single" baseType="float">
<defaultValue>
<value>0.0</value>
</defaultValue>
</outcomeDeclaration>
<outcomeDeclaration identifier="MINSCORE_RESPONSE_1" cardinality="single" baseType="float">
<defaultValue>
<value>0.0</value>
</defaultValue>
</outcomeDeclaration>
<itemBody>
<p>Aan een steekproef van 200 personen wordt gevraagd naar een voorspelling
van de uitkomst van de EK voetbalwedstrijd Nederland-Duitsland (winst
voor Nederland, gelijkspel, verlies voor Nederland). Tevens wordt het
geslacht van de respondent genoteerd. De resultaten staan in
onderstaande kruistabel:</p>
<table>
<tbody>
<tr class="odd">
<td align="left"> </td>
<td align="left">Winst</td>
<td align="left">Gelijkspel</td>
<td align="left">Verlies</td>
<td align="left"> </td>
</tr>
<tr class="even">
<td align="left">Man</td>
<td align="left">40</td>
<td align="left">30</td>
<td align="left">50</td>
<td align="left">120</td>
</tr>
<tr class="odd">
<td align="left">Vrouw</td>
<td align="left">40</td>
<td align="left">10</td>
<td align="left">30</td>
<td align="left">80</td>
</tr>
<tr class="even">
<td align="left"> </td>
<td align="left">80</td>
<td align="left">40</td>
<td align="left">80</td>
<td align="left">200</td>
</tr>
</tbody>
</table>
<p>Wanneer we aselect een persoon uit deze steekproef nemen is de kans dat
het een man is die een gelijkspel voorspelt gelijk aan</p>
<choiceInteraction responseIdentifier="uva-random-variables-325-nl-ans_416923919_section_1_item_1_schoice_RESPONSE_1_1246781" shuffle="false" maxChoices="1">
<simpleChoice identifier="uva-random-variables-325-nl-ans_416923919_section_1_item_1_schoice_1_9731338104">
<p>
 0.15
</p>
</simpleChoice>
<simpleChoice identifier="uva-random-variables-325-nl-ans_416923919_section_1_item_1_schoice_2_8437285230">
<p>
 0.25
</p>
</simpleChoice>
<simpleChoice identifier="uva-random-variables-325-nl-ans_416923919_section_1_item_1_schoice_3_8822967229">
<p>
 0.65
</p>
</simpleChoice>
<simpleChoice identifier="uva-random-variables-325-nl-ans_416923919_section_1_item_1_schoice_4_3671828733">
<p>
 0.75
</p>
</simpleChoice>
</choiceInteraction>
</itemBody>
<responseProcessing>
<setOutcomeValue identifier="SCORE_RESPONSE_1">
<sum>
<variable identifier="SCORE_RESPONSE_1"/>
<mapResponse identifier="uva-random-variables-325-nl-ans_416923919_section_1_item_1_schoice_RESPONSE_1_1246781"/>
</sum>
</setOutcomeValue>
<responseCondition>
<responseIf>
<lt>
<variable identifier="SCORE_RESPONSE_1"/>
<variable identifier="MINSCORE_RESPONSE_1"/>
</lt>
<setOutcomeValue identifier="SCORE_RESPONSE_1">
<variable identifier="MINSCORE_RESPONSE_1"/>
</setOutcomeValue>
</responseIf>
</responseCondition>
<responseCondition>
<responseIf>
<isNull>
<variable identifier="uva-random-variables-325-nl-ans_416923919_section_1_item_1_schoice_RESPONSE_1_1246781"/>
</isNull>
<setOutcomeValue identifier="SCORE_RESPONSE_1">
<sum>
<variable identifier="SCORE_RESPONSE_1"/>
<baseValue baseType="float">0</baseValue>
</sum>
</setOutcomeValue>
</responseIf>
</responseCondition>
<setOutcomeValue identifier="SCORE">
<sum>
<variable identifier="SCORE_RESPONSE_1"/>
</sum>
</setOutcomeValue>
<responseCondition>
<responseIf>
<lt>
<variable identifier="SCORE"/>
<variable identifier="MINSCORE"/>
</lt>
<setOutcomeValue identifier="SCORE">
<variable identifier="MINSCORE"/>
</setOutcomeValue>
</responseIf>
</responseCondition>
<responseCondition>
<responseIf>
<lt>
<variable identifier="SCORE"/>
<baseValue baseType="float">1</baseValue>
</lt>
<setOutcomeValue identifier="FEEDBACKMODAL">
<multiple>
<variable identifier="FEEDBACKMODAL"/>
<baseValue baseType="identifier">Feedback654284480</baseValue>
</multiple>
</setOutcomeValue>
</responseIf>
</responseCondition>
</responseProcessing>
<modalFeedback outcomeIdentifier="FEEDBACK" showHide="show" identifier="incorrect">
<ul>
<li> 0.15 <br /> 0.15: Correct </li>
<li> 0.25 <br /> 0.25: Incorrect </li>
<li> 0.65 <br /> 0.65: Incorrect </li>
<li> 0.75 <br /> 0.75: Incorrect </li>
</ul>
</modalFeedback>
</assessmentItem>
