<?xml version="1.0" encoding="utf-8" standalone="yes"?>
<assessmentItem identifier="vufgb-logisticregression-010-nl-tv_202307180609_item_1_schoice" title="vufgb-logisticregression-010-nl-tv_202307180609_item_1_schoice_vufgb-logisticregression-010-nl" adaptive="false" timeDependent="false" toolName="Testvision Online" toolVersion="39.0.9084" xmlns="http://www.imsglobal.org/xsd/imsqti_v2p1">
<responseDeclaration identifier="RESPONSE" cardinality="single" baseType="identifier">
<correctResponse>
<value>alt_660574</value>
</correctResponse>
<mapping defaultValue="0" lowerBound="0.0">
<mapEntry mapKey="alt_539144" mappedValue="-0.333333333333333"/>
<mapEntry mapKey="alt_875771" mappedValue="-0.333333333333333"/>
<mapEntry mapKey="alt_103185" mappedValue="-0.333333333333333"/>
<mapEntry mapKey="alt_660574" mappedValue="1"/>
</mapping>
</responseDeclaration>
<outcomeDeclaration identifier="SCORE" cardinality="single" baseType="float" normalMaximum="1" normalMinimum="0" />
<outcomeDeclaration identifier="FEEDBACK" cardinality="single" baseType="identifier" />
<itemBody>
<p>Gegeven is onderstaande output tabel uit SPSS.</p>
<p><img src="mediafiles/supplements1/vufgb-logisticregression-010-nl.png" alt="image"/></p>
<p>De resultaten van welk model worden hier gerapporteerd?</p>
<choiceInteraction responseIdentifier="RESPONSE" shuffle="false" maxChoices="1">
<simpleChoice identifier="alt_539144">
<div class="textblock tvblock tvcss_1"><div class="rte_zone tveditor1">
 Log-lineair model.
</div>
</div>
</simpleChoice>
<simpleChoice identifier="alt_875771">
<div class="textblock tvblock tvcss_1"><div class="rte_zone tveditor1">
 Binair logistisch regressiemodel.
</div>
</div>
</simpleChoice>
<simpleChoice identifier="alt_103185">
<div class="textblock tvblock tvcss_1"><div class="rte_zone tveditor1">
 Ordinaal logistisch regressiemodel.
</div>
</div>
</simpleChoice>
<simpleChoice identifier="alt_660574">
<div class="textblock tvblock tvcss_1"><div class="rte_zone tveditor1">
 Multinomiaal logistisch regressiemodel.
</div>
</div>
</simpleChoice>
</choiceInteraction>
</itemBody>
<responseProcessing>
<responseCondition>
<responseIf>
<isNull>
<variable identifier="RESPONSE"/>
</isNull>
<setOutcomeValue identifier="SCORE">
<baseValue baseType="float">0.0</baseValue>
</setOutcomeValue>
<setOutcomeValue identifier="FEEDBACK">
<baseValue baseType="identifier">FAILURE</baseValue>
</setOutcomeValue>
</responseIf>
<responseElse>
<setOutcomeValue identifier="SCORE">
<mapResponse identifier="RESPONSE"/>
</setOutcomeValue>
<responseCondition>
<responseIf>
<equal toleranceMode="relative" tolerance="0.001">
<variable identifier="SCORE"/>
<variable identifier="MAXSCORE"/>
</equal>
<setOutcomeValue identifier="FEEDBACK">
<baseValue baseType="identifier">ANSWER_CORRECT</baseValue>
</setOutcomeValue>
</responseIf>
<responseElse>
<setOutcomeValue identifier="FEEDBACK">
<baseValue baseType="identifier">FAILURE</baseValue>
</setOutcomeValue>
</responseElse>
</responseCondition>
</responseElse>
</responseCondition>
</responseProcessing>
<modalFeedback identifier="FAILURE" outcomeIdentifier="FEEDBACK" showHide="show">
<div class="textblock tvblock tvcss_1"><div class="rte_zone tveditor1">
</div>
</div>
</modalFeedback>
<modalFeedback identifier="ANSWER_CORRECT" outcomeIdentifier="FEEDBACK" showHide="show">
<div class="textblock tvblock tvcss_1"><div class="rte_zone tveditor1">
</div>
</div>
</modalFeedback>
<modalFeedback identifier="PARTIAL_CORRECT" outcomeIdentifier="FEEDBACK" showHide="show">
<div class="textblock tvblock tvcss_1"><div class="rte_zone tveditor1">
</div>
</div>
</modalFeedback>
</assessmentItem>
