<?xml version="1.0" encoding="UTF-8"?>
<assessmentItem xsi:schemaLocation="http://www.imsglobal.org/xsd/imsqti_v2p1 http://www.imsglobal.org/xsd/qti/qtiv2p1/imsqti_v2p1p1.xsd http://www.w3.org/1998/Math/MathML http://www.w3.org/Math/XMLSchema/mathml2/mathml2.xsd" identifier="vufsw-moderation-1274-nl-ans_187655994_section_1_item_1_schoice" title="Inferential_Statistics_vufsw-moderation-1274-nl_vufsw-moderation-1274-nl_schoice_1" adaptive="false" timeDependent="false" xmlns="http://www.imsglobal.org/xsd/imsqti_v2p1" xmlns:xsi="http://www.w3.org/2001/XMLSchema-instance">
<responseDeclaration identifier="vufsw-moderation-1274-nl-ans_187655994_section_1_item_1_schoice_RESPONSE_1_6156027" cardinality="single" baseType="identifier">
<correctResponse>
<value>vufsw-moderation-1274-nl-ans_187655994_section_1_item_1_schoice_1_8787911062</value>
</correctResponse>
<mapping defaultValue="0" lowerBound="0.0">
<mapEntry mapKey="vufsw-moderation-1274-nl-ans_187655994_section_1_item_1_schoice_1_8787911062" mappedValue="1"/>
<mapEntry mapKey="vufsw-moderation-1274-nl-ans_187655994_section_1_item_1_schoice_2_4871490297" mappedValue="0"/>
<mapEntry mapKey="vufsw-moderation-1274-nl-ans_187655994_section_1_item_1_schoice_3_5907522362" mappedValue="0"/>
<mapEntry mapKey="vufsw-moderation-1274-nl-ans_187655994_section_1_item_1_schoice_4_2491076679" mappedValue="0"/>
</mapping>
</responseDeclaration>
<outcomeDeclaration identifier="SCORE" cardinality="single" baseType="float" normalMaximum="1" normalMinimum="0">
<defaultValue>
<value>0.0</value>
</defaultValue>
</outcomeDeclaration>
<outcomeDeclaration identifier="MAXSCORE" cardinality="single" baseType="float">
<defaultValue>
<value>1</value>
</defaultValue>
</outcomeDeclaration>
<outcomeDeclaration identifier="FEEDBACKBASIC" cardinality="single" baseType="identifier" view="testConstructor">
<defaultValue>
<value>empty</value>
</defaultValue>
</outcomeDeclaration>
<outcomeDeclaration identifier="FEEDBACKMODAL" cardinality="multiple" baseType="identifier" view="testConstructor"/>
<outcomeDeclaration identifier="SOLUTIONMODAL" cardinality="single" baseType="identifier" view="testConstructor"/>
<outcomeDeclaration identifier="MINSCORE" cardinality="single" baseType="float">
<defaultValue>
<value baseType="float">0</value>
</defaultValue>
</outcomeDeclaration>
<outcomeDeclaration identifier="SCORE_RESPONSE_1" cardinality="single" baseType="float">
<defaultValue>
<value>0.0</value>
</defaultValue>
</outcomeDeclaration>
<outcomeDeclaration identifier="MINSCORE_RESPONSE_1" cardinality="single" baseType="float">
<defaultValue>
<value>0.0</value>
</defaultValue>
</outcomeDeclaration>
<itemBody>
<p>Een onderzoeker heeft een steekproef getrokken onder kinderen die al vijf jaar een muziekinstrument hebben gespeeld. Hij onderzocht of het aantal uren een kind per week oefende met het instrument invloed had op het aantal muzikale examens dat het kind had gehaald (in totaal waren er 8 examens, waarbij het eerste examen het makkelijkst was en het laatste examen het moeilijkst; grafiek uitgedrukt met niveau moeilijkste; grafiek uitgedrukt met niveau van muzikale vaardigheid). De kinderen werd ook gevraagd of hun ouders erg streng waren als het ging om oefenen (wel of niet ‘opdringerig’/streng). Wat laat de regressie grafiek hieronder?</p>
<p><img src="media/supplements1/image003578f668a.jpg" /></p>
<choiceInteraction responseIdentifier="vufsw-moderation-1274-nl-ans_187655994_section_1_item_1_schoice_RESPONSE_1_6156027" shuffle="false" maxChoices="1">
<simpleChoice identifier="vufsw-moderation-1274-nl-ans_187655994_section_1_item_1_schoice_1_8787911062">
<p>
 Hoe meer een kind oefende, hoe meer muziekexamens het kind maakte. Deze verband was sterker voor de kinderen die strenge ouders hadden vergeleken met de kinderen die geen strenge ouders hadden.
</p>
</simpleChoice>
<simpleChoice identifier="vufsw-moderation-1274-nl-ans_187655994_section_1_item_1_schoice_2_4871490297">
<p>
 Kinderen met strenge ouders maakten meer muziekexamens dan de kinderen die geen strenge ouders hadden. Deze relatie was sterker voor kinderen die veel sportten, vergeleken met kinderen die weinig sportten. niet veel sportten.
</p>
</simpleChoice>
<simpleChoice identifier="vufsw-moderation-1274-nl-ans_187655994_section_1_item_1_schoice_3_5907522362">
<p>
 Kinderen met strenge ouders hadden meer muziekexamens dan de kinderen die geen strenge ouders hadden. Deze relatie was sterker voor kinderen die weinig oefenden, vergeleken met kinderen die veel oefenden.
</p>
</simpleChoice>
<simpleChoice identifier="vufsw-moderation-1274-nl-ans_187655994_section_1_item_1_schoice_4_2491076679">
<p>
 Hoe meer een kind sportte, hoe meer muziekexamens het maakte. Deze relatie was sterker voor de kinderen die geen strenge ouders, vergeleken met de kinderen die strenge ouders hadden.
</p>
</simpleChoice>
</choiceInteraction>
</itemBody>
<responseProcessing>
<setOutcomeValue identifier="SCORE_RESPONSE_1">
<sum>
<variable identifier="SCORE_RESPONSE_1"/>
<mapResponse identifier="vufsw-moderation-1274-nl-ans_187655994_section_1_item_1_schoice_RESPONSE_1_6156027"/>
</sum>
</setOutcomeValue>
<responseCondition>
<responseIf>
<lt>
<variable identifier="SCORE_RESPONSE_1"/>
<variable identifier="MINSCORE_RESPONSE_1"/>
</lt>
<setOutcomeValue identifier="SCORE_RESPONSE_1">
<variable identifier="MINSCORE_RESPONSE_1"/>
</setOutcomeValue>
</responseIf>
</responseCondition>
<responseCondition>
<responseIf>
<isNull>
<variable identifier="vufsw-moderation-1274-nl-ans_187655994_section_1_item_1_schoice_RESPONSE_1_6156027"/>
</isNull>
<setOutcomeValue identifier="SCORE_RESPONSE_1">
<sum>
<variable identifier="SCORE_RESPONSE_1"/>
<baseValue baseType="float">0</baseValue>
</sum>
</setOutcomeValue>
</responseIf>
</responseCondition>
<setOutcomeValue identifier="SCORE">
<sum>
<variable identifier="SCORE_RESPONSE_1"/>
</sum>
</setOutcomeValue>
<responseCondition>
<responseIf>
<lt>
<variable identifier="SCORE"/>
<variable identifier="MINSCORE"/>
</lt>
<setOutcomeValue identifier="SCORE">
<variable identifier="MINSCORE"/>
</setOutcomeValue>
</responseIf>
</responseCondition>
<responseCondition>
<responseIf>
<lt>
<variable identifier="SCORE"/>
<baseValue baseType="float">1</baseValue>
</lt>
<setOutcomeValue identifier="FEEDBACKMODAL">
<multiple>
<variable identifier="FEEDBACKMODAL"/>
<baseValue baseType="identifier">Feedback930462101</baseValue>
</multiple>
</setOutcomeValue>
</responseIf>
</responseCondition>
</responseProcessing>
<modalFeedback outcomeIdentifier="FEEDBACK" showHide="show" identifier="incorrect">
<p>Het Correcte antwoord is; hoe meer een kind oefende, hoe meer muziekexamens het kind maakte. Deze relatie was sterker voor de kinderen die strenge ouders hadden in vergelijking met de kinderen die geen strenge ouders hadden.</p>
<p>Taal Nederlands</p>
<p>Moeilijkheidsniveaus Gemiddeld</p>
<p>M&amp;T BIS Standaardwaarde</p>
<p>M&amp;T Matiging Standaardwaarde</p>
<br />
<ul>
<li> Hoe meer een kind oefende, hoe meer muziekexamens het kind maakte. Deze verband was sterker voor de kinderen die strenge ouders hadden vergeleken met de kinderen die geen strenge ouders hadden. <br /> Waar </li>
<li> Kinderen met strenge ouders maakten meer muziekexamens dan de kinderen die geen strenge ouders hadden. Deze relatie was sterker voor kinderen die veel sportten, vergeleken met kinderen die weinig sportten. niet veel sportten. <br /> Onwaar </li>
<li> Kinderen met strenge ouders hadden meer muziekexamens dan de kinderen die geen strenge ouders hadden. Deze relatie was sterker voor kinderen die weinig oefenden, vergeleken met kinderen die veel oefenden. <br /> Onwaar </li>
<li> Hoe meer een kind sportte, hoe meer muziekexamens het maakte. Deze relatie was sterker voor de kinderen die geen strenge ouders, vergeleken met de kinderen die strenge ouders hadden. <br /> Onwaar </li>
</ul>
</modalFeedback>
</assessmentItem>
