<?xml version="1.0" encoding="UTF-8"?>
<assessmentItem xsi:schemaLocation="http://www.imsglobal.org/xsd/imsqti_v2p1 http://www.imsglobal.org/xsd/qti/qtiv2p1/imsqti_v2p1p1.xsd http://www.w3.org/1998/Math/MathML http://www.w3.org/Math/XMLSchema/mathml2/mathml2.xsd" identifier="uva-variance-276-nl-qti_638143109_section_1_item_1_schoice" title="1" adaptive="false" timeDependent="false" xmlns="http://www.imsglobal.org/xsd/imsqti_v2p1" xmlns:xsi="http://www.w3.org/2001/XMLSchema-instance">
<responseDeclaration identifier="uva-variance-276-nl-qti_638143109_section_1_item_1_schoice_RESPONSE_1_7402678" cardinality="single" baseType="identifier">
<correctResponse>
<value>uva-variance-276-nl-qti_638143109_section_1_item_1_schoice_2_5381864122</value>
</correctResponse>
<mapping defaultValue="0" lowerBound="0.0">
<mapEntry mapKey="uva-variance-276-nl-qti_638143109_section_1_item_1_schoice_1_8504685533" mappedValue="0"/>
<mapEntry mapKey="uva-variance-276-nl-qti_638143109_section_1_item_1_schoice_2_5381864122" mappedValue="1"/>
<mapEntry mapKey="uva-variance-276-nl-qti_638143109_section_1_item_1_schoice_3_2579325095" mappedValue="0"/>
<mapEntry mapKey="uva-variance-276-nl-qti_638143109_section_1_item_1_schoice_4_4583238373" mappedValue="0"/>
</mapping>
</responseDeclaration>
<outcomeDeclaration identifier="SCORE" cardinality="single" baseType="float" normalMaximum="1" normalMinimum="0">
<defaultValue>
<value>0.0</value>
</defaultValue>
</outcomeDeclaration>
<outcomeDeclaration identifier="MAXSCORE" cardinality="single" baseType="float">
<defaultValue>
<value>1</value>
</defaultValue>
</outcomeDeclaration>
<outcomeDeclaration identifier="FEEDBACKBASIC" cardinality="single" baseType="identifier" view="testConstructor">
<defaultValue>
<value>empty</value>
</defaultValue>
</outcomeDeclaration>
<outcomeDeclaration identifier="FEEDBACKMODAL" cardinality="multiple" baseType="identifier" view="testConstructor"/>
<outcomeDeclaration identifier="SOLUTIONMODAL" cardinality="single" baseType="identifier" view="testConstructor"/>
<outcomeDeclaration identifier="MINSCORE" cardinality="single" baseType="float">
<defaultValue>
<value baseType="float">0</value>
</defaultValue>
</outcomeDeclaration>
<outcomeDeclaration identifier="SCORE_RESPONSE_1" cardinality="single" baseType="float">
<defaultValue>
<value>0.0</value>
</defaultValue>
</outcomeDeclaration>
<outcomeDeclaration identifier="MINSCORE_RESPONSE_1" cardinality="single" baseType="float">
<defaultValue>
<value>0.0</value>
</defaultValue>
</outcomeDeclaration>
<itemBody>
<p>X<sub>1</sub>, en X<sub>2</sub> zijn onafhankelijke trekkingen uit een verdeling met μ =
10 en σ<sup>2</sup> = 9. De variantie van (X<sub>1</sub> + X<sub>2</sub>) / 2 is dan gelijk aan</p>
<choiceInteraction responseIdentifier="uva-variance-276-nl-qti_638143109_section_1_item_1_schoice_RESPONSE_1_7402678" shuffle="false" maxChoices="1">
<simpleChoice identifier="uva-variance-276-nl-qti_638143109_section_1_item_1_schoice_1_8504685533">
<p>
 2.25
</p>
</simpleChoice>
<simpleChoice identifier="uva-variance-276-nl-qti_638143109_section_1_item_1_schoice_2_5381864122">
<p>
 4.5
</p>
</simpleChoice>
<simpleChoice identifier="uva-variance-276-nl-qti_638143109_section_1_item_1_schoice_3_2579325095">
<p>
 6.36
</p>
</simpleChoice>
<simpleChoice identifier="uva-variance-276-nl-qti_638143109_section_1_item_1_schoice_4_4583238373">
<p>
 9
</p>
</simpleChoice>
</choiceInteraction>
</itemBody>
<responseProcessing>
<setOutcomeValue identifier="SCORE_RESPONSE_1">
<sum>
<variable identifier="SCORE_RESPONSE_1"/>
<mapResponse identifier="uva-variance-276-nl-qti_638143109_section_1_item_1_schoice_RESPONSE_1_7402678"/>
</sum>
</setOutcomeValue>
<responseCondition>
<responseIf>
<lt>
<variable identifier="SCORE_RESPONSE_1"/>
<variable identifier="MINSCORE_RESPONSE_1"/>
</lt>
<setOutcomeValue identifier="SCORE_RESPONSE_1">
<variable identifier="MINSCORE_RESPONSE_1"/>
</setOutcomeValue>
</responseIf>
</responseCondition>
<responseCondition>
<responseIf>
<isNull>
<variable identifier="uva-variance-276-nl-qti_638143109_section_1_item_1_schoice_RESPONSE_1_7402678"/>
</isNull>
<setOutcomeValue identifier="SCORE_RESPONSE_1">
<sum>
<variable identifier="SCORE_RESPONSE_1"/>
<baseValue baseType="float">0</baseValue>
</sum>
</setOutcomeValue>
</responseIf>
</responseCondition>
<setOutcomeValue identifier="SCORE">
<sum>
<variable identifier="SCORE_RESPONSE_1"/>
</sum>
</setOutcomeValue>
<responseCondition>
<responseIf>
<lt>
<variable identifier="SCORE"/>
<variable identifier="MINSCORE"/>
</lt>
<setOutcomeValue identifier="SCORE">
<variable identifier="MINSCORE"/>
</setOutcomeValue>
</responseIf>
</responseCondition>
<responseCondition>
<responseIf>
<lt>
<variable identifier="SCORE"/>
<baseValue baseType="float">1</baseValue>
</lt>
<setOutcomeValue identifier="FEEDBACKMODAL">
<multiple>
<variable identifier="FEEDBACKMODAL"/>
<baseValue baseType="identifier">Feedback431484068</baseValue>
</multiple>
</setOutcomeValue>
</responseIf>
</responseCondition>
</responseProcessing>
<modalFeedback identifier="Feedback431484068" outcomeIdentifier="FEEDBACKMODAL" showHide="show">
<ul>
<li> 2.25 <br /> 2.25: Incorrect </li>
<li> 4.5 <br /> 4.5: Correct </li>
<li> 6.36 <br /> 6.36: Incorrect </li>
<li> 9 <br /> 9: Incorrect </li>
</ul>
</modalFeedback>
</assessmentItem>
