<?xml version="1.0" encoding="utf-8" standalone="yes"?>
<assessmentItem identifier="uva-sample-space-707-nl-tv_202404291202_item_1_schoice" title="uva-sample-space-707-nl-tv_202404291202_item_1_schoice_uva-sample-space-707-nl" adaptive="false" timeDependent="false" toolName="Testvision Online" toolVersion="39.0.9084" xmlns="http://www.imsglobal.org/xsd/imsqti_v2p1">
<responseDeclaration identifier="RESPONSE" cardinality="single" baseType="identifier">
<correctResponse>
<value>alt_978357</value>
</correctResponse>
<mapping defaultValue="0" lowerBound="0.0">
<mapEntry mapKey="alt_893444" mappedValue="-0.5"/>
<mapEntry mapKey="alt_978357" mappedValue="1"/>
<mapEntry mapKey="alt_552281" mappedValue="-0.5"/>
</mapping>
</responseDeclaration>
<outcomeDeclaration identifier="SCORE" cardinality="single" baseType="float" normalMaximum="1" normalMinimum="0" />
<outcomeDeclaration identifier="FEEDBACK" cardinality="single" baseType="identifier" />
<itemBody>
<p>Zijn twee disjuncte gebeurtenissen ook onafhankelijk van elkaar?</p>
<choiceInteraction responseIdentifier="RESPONSE" shuffle="false" maxChoices="1">
<simpleChoice identifier="alt_893444">
<div class="textblock tvblock tvcss_1"><div class="rte_zone tveditor1">
 Ja
</div>
</div>
</simpleChoice>
<simpleChoice identifier="alt_978357">
<div class="textblock tvblock tvcss_1"><div class="rte_zone tveditor1">
 Nee
</div>
</div>
</simpleChoice>
<simpleChoice identifier="alt_552281">
<div class="textblock tvblock tvcss_1"><div class="rte_zone tveditor1">
 Niet te bepalen
</div>
</div>
</simpleChoice>
</choiceInteraction>
</itemBody>
<responseProcessing>
<responseCondition>
<responseIf>
<isNull>
<variable identifier="RESPONSE"/>
</isNull>
<setOutcomeValue identifier="SCORE">
<baseValue baseType="float">0.0</baseValue>
</setOutcomeValue>
<setOutcomeValue identifier="FEEDBACK">
<baseValue baseType="identifier">FAILURE</baseValue>
</setOutcomeValue>
</responseIf>
<responseElse>
<setOutcomeValue identifier="SCORE">
<mapResponse identifier="RESPONSE"/>
</setOutcomeValue>
<responseCondition>
<responseIf>
<equal toleranceMode="relative" tolerance="0.001">
<variable identifier="SCORE"/>
<variable identifier="MAXSCORE"/>
</equal>
<setOutcomeValue identifier="FEEDBACK">
<baseValue baseType="identifier">ANSWER_CORRECT</baseValue>
</setOutcomeValue>
</responseIf>
<responseElse>
<setOutcomeValue identifier="FEEDBACK">
<baseValue baseType="identifier">FAILURE</baseValue>
</setOutcomeValue>
</responseElse>
</responseCondition>
</responseElse>
</responseCondition>
</responseProcessing>
<modalFeedback identifier="FAILURE" outcomeIdentifier="FEEDBACK" showHide="show">
<div class="textblock tvblock tvcss_1"><div class="rte_zone tveditor1">
<ul>
<li> Ja <br /> Ja: Incorrect </li>
<li> Nee <br /> Nee: Correct </li>
<li> Niet te bepalen <br /> Niet te bepalen: Incorrect </li>
</ul>
</div>
</div>
</modalFeedback>
<modalFeedback identifier="ANSWER_CORRECT" outcomeIdentifier="FEEDBACK" showHide="show">
<div class="textblock tvblock tvcss_1"><div class="rte_zone tveditor1">
<ul>
<li> Ja <br /> Ja: Incorrect </li>
<li> Nee <br /> Nee: Correct </li>
<li> Niet te bepalen <br /> Niet te bepalen: Incorrect </li>
</ul>
</div>
</div>
</modalFeedback>
<modalFeedback identifier="PARTIAL_CORRECT" outcomeIdentifier="FEEDBACK" showHide="show">
<div class="textblock tvblock tvcss_1"><div class="rte_zone tveditor1">
<ul>
<li> Ja <br /> Ja: Incorrect </li>
<li> Nee <br /> Nee: Correct </li>
<li> Niet te bepalen <br /> Niet te bepalen: Incorrect </li>
</ul>
</div>
</div>
</modalFeedback>
</assessmentItem>
