<?xml version="1.0" encoding="UTF-8"?>
<!DOCTYPE questestinterop SYSTEM "ims_qtiasiv1p2p1.dtd">

<questestinterop xmlns="http://www.imsglobal.org/xsd/ims_qtiasiv1p2" xmlns:xsi="http://www.w3.org/2001/XMLSchema-instance" xsi:schemaLocation="http://www.imsglobal.org/xsd/ims_qtiasiv1p2 http://www.imsglobal.org/xsd/ims_qtiasiv1p2p1.xsd">
<assessment ident="uva-correlation-1696-en-canvas_390305405" title="uva-correlation-1696-en-canvas">

<qtimetadata>
<qtimetadatafield>
<fieldlabel>cc_maxattempts</fieldlabel>
<fieldentry>1</fieldentry>
</qtimetadatafield>
<qtimetadatafield>
<fieldlabel>qmd_assessmenttype</fieldlabel>
<fieldentry>Assessment</fieldentry>
</qtimetadatafield>
</qtimetadata>
<objectives>
<material>
<mattext><![CDATA[Please solve the following exercises.]]></mattext>
</material>
</objectives>
<assessmentcontrol feedbackswitch="No" hintswitch="No" solutionswitch="Yes"/>
<outcomes_processing scoremodel="SumOfScores">
<outcomes>
<decvar varname="SCORE" vartype="Decimal" cutvalue="0"/>
</outcomes>
</outcomes_processing>
<assessfeedback title="AssessmentFeedback" ident="AssessmentFeedback">
<flow_mat>
<material>
<mattext>##AssessmentFeedback##</mattext>
</material>
</flow_mat>
</assessfeedback>

<section ident="uva-correlation-1696-en-canvas_390305405_section_1" title="Exercise">

<objectives>
<material>
<mattext><![CDATA[Please answer the following question.]]></mattext>
</material>
</objectives>
<selection_ordering>
<selection>
<selection_number>1</selection_number>
<selection_extension>
<points_per_item>1</points_per_item>
</selection_extension>
</selection>
<order order_type="Random"/>
</selection_ordering>

<item ident="uva-correlation-1696-en-canvas_390305405_section_1_item_1_schoice" title="Question" maxattempts="1">
<itemcontrol feedbackswitch="No" hintswitch="No" solutionswitch="Yes"/>
<itemmetadata>
<qtimetadata>
<qtimetadatafield>
<fieldlabel>question_type</fieldlabel>
<fieldentry>multiple_choice_question</fieldentry>
</qtimetadatafield>
</qtimetadata>
</itemmetadata>
<presentation>
<flow>
<material>
<matbreak/>
<mattext texttype="text/html" charset="utf-8"><![CDATA[
<p>The following is an indication of 5 individuals as to how they are ranked in terms of authoritarian behavior and social status:______________. Authoritarian behavior: 3, 5, 1, 2, 4. Social status: 2, 3, 1, 4, 5. The value of the Spearman correlation coefficient here is</p>
]]></mattext>
<matbreak/>
</material>
<response_lid ident="uva-correlation-1696-en-canvas_390305405_section_1_item_1_schoice_RESPONSE_1171652" rcardinality="Single" rtiming="No">
<render_choice shuffle="No">
<flow_label class="List">
<response_label ident="uva-correlation-1696-en-canvas_390305405_section_1_item_1_schoice_7300777547" rshuffle="No">
<material>
<mattext texttype="text/html" charset="utf-8"><![CDATA[
 -0.5
]]></mattext>
</material>
</response_label>
</flow_label>
<flow_label class="List">
<response_label ident="uva-correlation-1696-en-canvas_390305405_section_1_item_1_schoice_9746120160" rshuffle="No">
<material>
<mattext texttype="text/html" charset="utf-8"><![CDATA[
 0.4
]]></mattext>
</material>
</response_label>
</flow_label>
<flow_label class="List">
<response_label ident="uva-correlation-1696-en-canvas_390305405_section_1_item_1_schoice_9864744216" rshuffle="No">
<material>
<mattext texttype="text/html" charset="utf-8"><![CDATA[
 0.5
]]></mattext>
</material>
</response_label>
</flow_label>
<flow_label class="List">
<response_label ident="uva-correlation-1696-en-canvas_390305405_section_1_item_1_schoice_7151014873" rshuffle="No">
<material>
<mattext texttype="text/html" charset="utf-8"><![CDATA[
 0.513
]]></mattext>
</material>
</response_label>
</flow_label>
</render_choice>
</response_lid>
</flow>
</presentation>
<resprocessing>
<outcomes>
<decvar varname="SCORE" vartype="Decimal" defaultval="0" minvalue="0" maxvalue="1" cutvalue="1"/>
</outcomes>
<respcondition title="Mastery" continue="No">
<conditionvar>
<and>
<varequal respident="uva-correlation-1696-en-canvas_390305405_section_1_item_1_schoice_RESPONSE_1171652" case="Yes">uva-correlation-1696-en-canvas_390305405_section_1_item_1_schoice_9864744216</varequal>
<not> <varequal respident="uva-correlation-1696-en-canvas_390305405_section_1_item_1_schoice_RESPONSE_1171652" case="Yes">uva-correlation-1696-en-canvas_390305405_section_1_item_1_schoice_7300777547</varequal> </not>
<not> <varequal respident="uva-correlation-1696-en-canvas_390305405_section_1_item_1_schoice_RESPONSE_1171652" case="Yes">uva-correlation-1696-en-canvas_390305405_section_1_item_1_schoice_9746120160</varequal> </not>
<not> <varequal respident="uva-correlation-1696-en-canvas_390305405_section_1_item_1_schoice_RESPONSE_1171652" case="Yes">uva-correlation-1696-en-canvas_390305405_section_1_item_1_schoice_7151014873</varequal> </not>
</and>
</conditionvar>
<setvar varname="SCORE" action="Set">1</setvar>
<displayfeedback feedbacktype="Response" linkrefid="correct_fb"/>
</respcondition>
<respcondition continue="Yes">
<conditionvar>
<other/>
</conditionvar>
<displayfeedback feedbacktype="Response" linkrefid="general_incorrect_fb"/>
</respcondition>
</resprocessing>
<itemfeedback ident="correct_fb" view="All">
<flow_mat>
<material>
<mattext texttype="text/html"><![CDATA[
<ul>
<li> -0.5 <br /> 0.5: Incorrect </li>
<li> 0.4 <br /> 0.4: Incorrect </li>
<li> 0.5 <br /> 0.5: Correct </li>
<li> 0.513 <br /> 0.513: Incorrect </li>
</ul>
]]></mattext>
</material>
</flow_mat>
</itemfeedback>
<itemfeedback ident="general_incorrect_fb" view="All">
<flow_mat>
<material>
<mattext texttype="text/html"><![CDATA[
<ul>
<li> -0.5 <br /> 0.5: Incorrect </li>
<li> 0.4 <br /> 0.4: Incorrect </li>
<li> 0.5 <br /> 0.5: Correct </li>
<li> 0.513 <br /> 0.513: Incorrect </li>
</ul>
]]></mattext>
</material>
</flow_mat>
</itemfeedback>
</item>


</section>

</assessment>
</questestinterop>
