<?xml version="1.0" encoding="utf-8" standalone="yes"?>
<assessmentItem identifier="vufsw-confidenceinterval-0066-en-tv_202510071723_item_1_schoice" title="vufsw-confidenceinterval-0066-en-tv_202510071723_item_1_schoice_vufsw-confidenceinterval-0066-en" adaptive="false" timeDependent="false" toolName="Testvision Online" toolVersion="39.0.9084" xmlns="http://www.imsglobal.org/xsd/imsqti_v2p1">
<responseDeclaration identifier="RESPONSE" cardinality="single" baseType="identifier">
<correctResponse>
<value>alt_218504</value>
</correctResponse>
<mapping defaultValue="0" lowerBound="0.0">
<mapEntry mapKey="alt_770542" mappedValue="-0.333333333333333"/>
<mapEntry mapKey="alt_343145" mappedValue="-0.333333333333333"/>
<mapEntry mapKey="alt_972806" mappedValue="-0.333333333333333"/>
<mapEntry mapKey="alt_218504" mappedValue="1"/>
</mapping>
</responseDeclaration>
<outcomeDeclaration identifier="SCORE" cardinality="single" baseType="float" normalMaximum="1" normalMinimum="0" />
<outcomeDeclaration identifier="FEEDBACK" cardinality="single" baseType="identifier" />
<stylesheet href="css/vufsw-confidenceinterval-0066-en-tv_202510071723_item_1_schoice.css" type="text/css" />
<itemBody>
<p>Below is a table showing the results of a regression analysis, taken from the book “<em>Voice and Equality</em>” by Verba et al. (1995).</p>
<p>Based on this table, calculate the 95% confidence interval of the effect of “Education” on “Family Income.” (Household Income). </p>
<p><img src="mediafiles/supplements1/1616080027386.png" alt="image"/></p>
<choiceInteraction responseIdentifier="RESPONSE" shuffle="false" maxChoices="1">
<simpleChoice identifier="alt_770542">
<div class="textblock tvblock tvcss_1"><div class="rte_zone tveditor1">
 [0,36; 0,78]
</div>
</div>
</simpleChoice>
<simpleChoice identifier="alt_343145">
<div class="textblock tvblock tvcss_1"><div class="rte_zone tveditor1">
 [0,15; 0,99]
</div>
</div>
</simpleChoice>
<simpleChoice identifier="alt_972806">
<div class="textblock tvblock tvcss_1"><div class="rte_zone tveditor1">
 [0,52; 0,62]
</div>
</div>
</simpleChoice>
<simpleChoice identifier="alt_218504">
<div class="textblock tvblock tvcss_1"><div class="rte_zone tveditor1">
 [0,47; 0,67]
</div>
</div>
</simpleChoice>
</choiceInteraction>
</itemBody>
<responseProcessing>
<responseCondition>
<responseIf>
<isNull>
<variable identifier="RESPONSE"/>
</isNull>
<setOutcomeValue identifier="SCORE">
<baseValue baseType="float">0.0</baseValue>
</setOutcomeValue>
<setOutcomeValue identifier="FEEDBACK">
<baseValue baseType="identifier">FAILURE</baseValue>
</setOutcomeValue>
</responseIf>
<responseElse>
<setOutcomeValue identifier="SCORE">
<mapResponse identifier="RESPONSE"/>
</setOutcomeValue>
<responseCondition>
<responseIf>
<equal toleranceMode="relative" tolerance="0.001">
<variable identifier="SCORE"/>
<variable identifier="MAXSCORE"/>
</equal>
<setOutcomeValue identifier="FEEDBACK">
<baseValue baseType="identifier">ANSWER_CORRECT</baseValue>
</setOutcomeValue>
</responseIf>
<responseElse>
<setOutcomeValue identifier="FEEDBACK">
<baseValue baseType="identifier">FAILURE</baseValue>
</setOutcomeValue>
</responseElse>
</responseCondition>
</responseElse>
</responseCondition>
</responseProcessing>
<modalFeedback identifier="FAILURE" outcomeIdentifier="FEEDBACK" showHide="show">
<div class="textblock tvblock tvcss_1"><div class="rte_zone tveditor1">
<ul>
<li> [0,36; 0,78] <br /> False </li>
<li> [0,15; 0,99] <br /> False </li>
<li> [0,52; 0,62] <br /> False </li>
<li> [0,47; 0,67] <br /> True </li>
</ul>
</div>
</div>
</modalFeedback>
<modalFeedback identifier="ANSWER_CORRECT" outcomeIdentifier="FEEDBACK" showHide="show">
<div class="textblock tvblock tvcss_1"><div class="rte_zone tveditor1">
<ul>
<li> [0,36; 0,78] <br /> False </li>
<li> [0,15; 0,99] <br /> False </li>
<li> [0,52; 0,62] <br /> False </li>
<li> [0,47; 0,67] <br /> True </li>
</ul>
</div>
</div>
</modalFeedback>
<modalFeedback identifier="PARTIAL_CORRECT" outcomeIdentifier="FEEDBACK" showHide="show">
<div class="textblock tvblock tvcss_1"><div class="rte_zone tveditor1">
<ul>
<li> [0,36; 0,78] <br /> False </li>
<li> [0,15; 0,99] <br /> False </li>
<li> [0,52; 0,62] <br /> False </li>
<li> [0,47; 0,67] <br /> True </li>
</ul>
</div>
</div>
</modalFeedback>
</assessmentItem>
