<?xml version="1.0" encoding="UTF-8"?>
<!DOCTYPE questestinterop SYSTEM "ims_qtiasiv1p2p1.dtd">

<questestinterop xmlns="http://www.imsglobal.org/xsd/ims_qtiasiv1p2" xmlns:xsi="http://www.w3.org/2001/XMLSchema-instance" xsi:schemaLocation="http://www.imsglobal.org/xsd/ims_qtiasiv1p2 http://www.imsglobal.org/xsd/ims_qtiasiv1p2p1.xsd">
<assessment ident="uva-distribution-1877-nl-canvas_537997307" title="uva-distribution-1877-nl-canvas">

<qtimetadata>
<qtimetadatafield>
<fieldlabel>cc_maxattempts</fieldlabel>
<fieldentry>1</fieldentry>
</qtimetadatafield>
<qtimetadatafield>
<fieldlabel>qmd_assessmenttype</fieldlabel>
<fieldentry>Assessment</fieldentry>
</qtimetadatafield>
</qtimetadata>
<objectives>
<material>
<mattext><![CDATA[Please solve the following exercises.]]></mattext>
</material>
</objectives>
<assessmentcontrol feedbackswitch="No" hintswitch="No" solutionswitch="Yes"/>
<outcomes_processing scoremodel="SumOfScores">
<outcomes>
<decvar varname="SCORE" vartype="Decimal" cutvalue="0"/>
</outcomes>
</outcomes_processing>
<assessfeedback title="AssessmentFeedback" ident="AssessmentFeedback">
<flow_mat>
<material>
<mattext>##AssessmentFeedback##</mattext>
</material>
</flow_mat>
</assessfeedback>

<section ident="uva-distribution-1877-nl-canvas_537997307_section_1" title="Exercise">

<objectives>
<material>
<mattext><![CDATA[Please answer the following question.]]></mattext>
</material>
</objectives>
<selection_ordering>
<selection>
<selection_number>1</selection_number>
<selection_extension>
<points_per_item>1</points_per_item>
</selection_extension>
</selection>
<order order_type="Random"/>
</selection_ordering>

<item ident="uva-distribution-1877-nl-canvas_537997307_section_1_item_1_schoice" title="Question" maxattempts="1">
<itemcontrol feedbackswitch="No" hintswitch="No" solutionswitch="Yes"/>
<itemmetadata>
<qtimetadata>
<qtimetadatafield>
<fieldlabel>question_type</fieldlabel>
<fieldentry>multiple_choice_question</fieldentry>
</qtimetadatafield>
</qtimetadata>
</itemmetadata>
<presentation>
<flow>
<material>
<matbreak/>
<mattext texttype="text/html" charset="utf-8"><![CDATA[
<p>Uit ieder van twee normaal verdeelde populaties met gelijke varianties
wordt een steekproef getrokken.<br />
steekproef 1: n = 15, gemiddelde = 42, sd = 12.37<br />
steekproef 2: n = 11, gemiddelde = 53, sd = 6.99<br />
De gepoolde variantieschatter heeft als waarde 109.62. Er wordt getoetst
of de populatiegemiddelden gelijk zijn. De bijbehorende
toetsingsgrootheid volgt, als de nulhypothese waar is,</p>
]]></mattext>
<matbreak/>
</material>
<response_lid ident="uva-distribution-1877-nl-canvas_537997307_section_1_item_1_schoice_RESPONSE_1142372" rcardinality="Single" rtiming="No">
<render_choice shuffle="No">
<flow_label class="List">
<response_label ident="uva-distribution-1877-nl-canvas_537997307_section_1_item_1_schoice_6718299948" rshuffle="No">
<material>
<mattext texttype="text/html" charset="utf-8"><![CDATA[
 een T-verdeling met 26 vrijheidsgraden
]]></mattext>
</material>
</response_label>
</flow_label>
<flow_label class="List">
<response_label ident="uva-distribution-1877-nl-canvas_537997307_section_1_item_1_schoice_5048982255" rshuffle="No">
<material>
<mattext texttype="text/html" charset="utf-8"><![CDATA[
 een F-verdeling met 15 en 11 vrijheidsgraden
]]></mattext>
</material>
</response_label>
</flow_label>
<flow_label class="List">
<response_label ident="uva-distribution-1877-nl-canvas_537997307_section_1_item_1_schoice_9080289898" rshuffle="No">
<material>
<mattext texttype="text/html" charset="utf-8"><![CDATA[
 een F-verdeling met 14 en 10 vrijheidsgraden
]]></mattext>
</material>
</response_label>
</flow_label>
<flow_label class="List">
<response_label ident="uva-distribution-1877-nl-canvas_537997307_section_1_item_1_schoice_7420864219" rshuffle="No">
<material>
<mattext texttype="text/html" charset="utf-8"><![CDATA[
 een T-verdeling met 24 vrijheidsgraden
]]></mattext>
</material>
</response_label>
</flow_label>
</render_choice>
</response_lid>
</flow>
</presentation>
<resprocessing>
<outcomes>
<decvar varname="SCORE" vartype="Decimal" defaultval="0" minvalue="0" maxvalue="1" cutvalue="1"/>
</outcomes>
<respcondition title="Mastery" continue="No">
<conditionvar>
<and>
<varequal respident="uva-distribution-1877-nl-canvas_537997307_section_1_item_1_schoice_RESPONSE_1142372" case="Yes">uva-distribution-1877-nl-canvas_537997307_section_1_item_1_schoice_7420864219</varequal>
<not> <varequal respident="uva-distribution-1877-nl-canvas_537997307_section_1_item_1_schoice_RESPONSE_1142372" case="Yes">uva-distribution-1877-nl-canvas_537997307_section_1_item_1_schoice_6718299948</varequal> </not>
<not> <varequal respident="uva-distribution-1877-nl-canvas_537997307_section_1_item_1_schoice_RESPONSE_1142372" case="Yes">uva-distribution-1877-nl-canvas_537997307_section_1_item_1_schoice_5048982255</varequal> </not>
<not> <varequal respident="uva-distribution-1877-nl-canvas_537997307_section_1_item_1_schoice_RESPONSE_1142372" case="Yes">uva-distribution-1877-nl-canvas_537997307_section_1_item_1_schoice_9080289898</varequal> </not>
</and>
</conditionvar>
<setvar varname="SCORE" action="Set">1</setvar>
<displayfeedback feedbacktype="Response" linkrefid="correct_fb"/>
</respcondition>
<respcondition continue="Yes">
<conditionvar>
<other/>
</conditionvar>
<displayfeedback feedbacktype="Response" linkrefid="general_incorrect_fb"/>
</respcondition>
</resprocessing>
<itemfeedback ident="correct_fb" view="All">
<flow_mat>
<material>
<mattext texttype="text/html"><![CDATA[
<ul>
<li> een T-verdeling met 26 vrijheidsgraden <br /> een T-verdeling met 26 vrijheidsgraden: Incorrect </li>
<li> een F-verdeling met 15 en 11 vrijheidsgraden <br /> een F-verdeling met 15 en 11 vrijheidsgraden: Incorrect </li>
<li> een F-verdeling met 14 en 10 vrijheidsgraden <br /> een F-verdeling met 14 en 10 vrijheidsgraden: Incorrect </li>
<li> een T-verdeling met 24 vrijheidsgraden <br /> een T-verdeling met 24 vrijheidsgraden: Correct </li>
</ul>
]]></mattext>
</material>
</flow_mat>
</itemfeedback>
<itemfeedback ident="general_incorrect_fb" view="All">
<flow_mat>
<material>
<mattext texttype="text/html"><![CDATA[
<ul>
<li> een T-verdeling met 26 vrijheidsgraden <br /> een T-verdeling met 26 vrijheidsgraden: Incorrect </li>
<li> een F-verdeling met 15 en 11 vrijheidsgraden <br /> een F-verdeling met 15 en 11 vrijheidsgraden: Incorrect </li>
<li> een F-verdeling met 14 en 10 vrijheidsgraden <br /> een F-verdeling met 14 en 10 vrijheidsgraden: Incorrect </li>
<li> een T-verdeling met 24 vrijheidsgraden <br /> een T-verdeling met 24 vrijheidsgraden: Correct </li>
</ul>
]]></mattext>
</material>
</flow_mat>
</itemfeedback>
</item>


</section>

</assessment>
</questestinterop>
