<?xml version="1.0" encoding="UTF-8"?>
<assessmentItem xsi:schemaLocation="http://www.imsglobal.org/xsd/imsqti_v2p1 http://www.imsglobal.org/xsd/qti/qtiv2p1/imsqti_v2p1p1.xsd http://www.w3.org/1998/Math/MathML http://www.w3.org/Math/XMLSchema/mathml2/mathml2.xsd" identifier="uva-sample-mean-232-nl-qti_109620618_section_1_item_1_schoice" title="1" adaptive="false" timeDependent="false" xmlns="http://www.imsglobal.org/xsd/imsqti_v2p1" xmlns:xsi="http://www.w3.org/2001/XMLSchema-instance">
<responseDeclaration identifier="uva-sample-mean-232-nl-qti_109620618_section_1_item_1_schoice_RESPONSE_1_7530938" cardinality="single" baseType="identifier">
<correctResponse>
<value>uva-sample-mean-232-nl-qti_109620618_section_1_item_1_schoice_1_3636714652</value>
</correctResponse>
<mapping defaultValue="0" lowerBound="0.0">
<mapEntry mapKey="uva-sample-mean-232-nl-qti_109620618_section_1_item_1_schoice_1_3636714652" mappedValue="1"/>
<mapEntry mapKey="uva-sample-mean-232-nl-qti_109620618_section_1_item_1_schoice_2_4938231097" mappedValue="0"/>
<mapEntry mapKey="uva-sample-mean-232-nl-qti_109620618_section_1_item_1_schoice_3_7541028397" mappedValue="0"/>
</mapping>
</responseDeclaration>
<outcomeDeclaration identifier="SCORE" cardinality="single" baseType="float" normalMaximum="1" normalMinimum="0">
<defaultValue>
<value>0.0</value>
</defaultValue>
</outcomeDeclaration>
<outcomeDeclaration identifier="MAXSCORE" cardinality="single" baseType="float">
<defaultValue>
<value>1</value>
</defaultValue>
</outcomeDeclaration>
<outcomeDeclaration identifier="FEEDBACKBASIC" cardinality="single" baseType="identifier" view="testConstructor">
<defaultValue>
<value>empty</value>
</defaultValue>
</outcomeDeclaration>
<outcomeDeclaration identifier="FEEDBACKMODAL" cardinality="multiple" baseType="identifier" view="testConstructor"/>
<outcomeDeclaration identifier="SOLUTIONMODAL" cardinality="single" baseType="identifier" view="testConstructor"/>
<outcomeDeclaration identifier="MINSCORE" cardinality="single" baseType="float">
<defaultValue>
<value baseType="float">0</value>
</defaultValue>
</outcomeDeclaration>
<outcomeDeclaration identifier="SCORE_RESPONSE_1" cardinality="single" baseType="float">
<defaultValue>
<value>0.0</value>
</defaultValue>
</outcomeDeclaration>
<outcomeDeclaration identifier="MINSCORE_RESPONSE_1" cardinality="single" baseType="float">
<defaultValue>
<value>0.0</value>
</defaultValue>
</outcomeDeclaration>
<itemBody>
<p>De kansvariabele X is normaal verdeeld met gemiddelde μ = 20 en
standaarddeviatie σ = 5. Dan is P(X &gt; 30 ||| μ = 20; σ = 5)</p>
<choiceInteraction responseIdentifier="uva-sample-mean-232-nl-qti_109620618_section_1_item_1_schoice_RESPONSE_1_7530938" shuffle="false" maxChoices="1">
<simpleChoice identifier="uva-sample-mean-232-nl-qti_109620618_section_1_item_1_schoice_1_3636714652">
<p>
 0.02
</p>
</simpleChoice>
<simpleChoice identifier="uva-sample-mean-232-nl-qti_109620618_section_1_item_1_schoice_2_4938231097">
<p>
 0.09
</p>
</simpleChoice>
<simpleChoice identifier="uva-sample-mean-232-nl-qti_109620618_section_1_item_1_schoice_3_7541028397">
<p>
 0.1
</p>
</simpleChoice>
</choiceInteraction>
</itemBody>
<responseProcessing>
<setOutcomeValue identifier="SCORE_RESPONSE_1">
<sum>
<variable identifier="SCORE_RESPONSE_1"/>
<mapResponse identifier="uva-sample-mean-232-nl-qti_109620618_section_1_item_1_schoice_RESPONSE_1_7530938"/>
</sum>
</setOutcomeValue>
<responseCondition>
<responseIf>
<lt>
<variable identifier="SCORE_RESPONSE_1"/>
<variable identifier="MINSCORE_RESPONSE_1"/>
</lt>
<setOutcomeValue identifier="SCORE_RESPONSE_1">
<variable identifier="MINSCORE_RESPONSE_1"/>
</setOutcomeValue>
</responseIf>
</responseCondition>
<responseCondition>
<responseIf>
<isNull>
<variable identifier="uva-sample-mean-232-nl-qti_109620618_section_1_item_1_schoice_RESPONSE_1_7530938"/>
</isNull>
<setOutcomeValue identifier="SCORE_RESPONSE_1">
<sum>
<variable identifier="SCORE_RESPONSE_1"/>
<baseValue baseType="float">0</baseValue>
</sum>
</setOutcomeValue>
</responseIf>
</responseCondition>
<setOutcomeValue identifier="SCORE">
<sum>
<variable identifier="SCORE_RESPONSE_1"/>
</sum>
</setOutcomeValue>
<responseCondition>
<responseIf>
<lt>
<variable identifier="SCORE"/>
<variable identifier="MINSCORE"/>
</lt>
<setOutcomeValue identifier="SCORE">
<variable identifier="MINSCORE"/>
</setOutcomeValue>
</responseIf>
</responseCondition>
<responseCondition>
<responseIf>
<lt>
<variable identifier="SCORE"/>
<baseValue baseType="float">1</baseValue>
</lt>
<setOutcomeValue identifier="FEEDBACKMODAL">
<multiple>
<variable identifier="FEEDBACKMODAL"/>
<baseValue baseType="identifier">Feedback376348003</baseValue>
</multiple>
</setOutcomeValue>
</responseIf>
</responseCondition>
</responseProcessing>
<modalFeedback identifier="Feedback376348003" outcomeIdentifier="FEEDBACKMODAL" showHide="show">
<ul>
<li> 0.02 <br /> 0.02: Correct </li>
<li> 0.09 <br /> 0.09: Incorrect </li>
<li> 0.1 <br /> 0.1: Incorrect </li>
</ul>
</modalFeedback>
</assessmentItem>
