<?xml version="1.0" encoding="utf-8" standalone="yes"?>
<assessmentItem identifier="uva-confidence-level-856-en-tv_202510071723_item_1_schoice" title="uva-confidence-level-856-en-tv_202510071723_item_1_schoice_uva-confidence-level-856-en" adaptive="false" timeDependent="false" toolName="Testvision Online" toolVersion="39.0.9084" xmlns="http://www.imsglobal.org/xsd/imsqti_v2p1">
<responseDeclaration identifier="RESPONSE" cardinality="single" baseType="identifier">
<correctResponse>
<value>alt_107612</value>
</correctResponse>
<mapping defaultValue="0" lowerBound="0.0">
<mapEntry mapKey="alt_803703" mappedValue="-0.5"/>
<mapEntry mapKey="alt_107612" mappedValue="1"/>
<mapEntry mapKey="alt_882639" mappedValue="-0.5"/>
</mapping>
</responseDeclaration>
<outcomeDeclaration identifier="SCORE" cardinality="single" baseType="float" normalMaximum="1" normalMinimum="0" />
<outcomeDeclaration identifier="FEEDBACK" cardinality="single" baseType="identifier" />
<stylesheet href="css/uva-confidence-level-856-en-tv_202510071723_item_1_schoice.css" type="text/css" />
<itemBody>
<p>Maurits de Herder finds in a <em>random sample</em> of 1000 people that if there were elections now, 35% would vote for the VVD. The <em>margin of error</em> of this result at a <em>confidence level</em> of 95% is equal to</p>
<choiceInteraction responseIdentifier="RESPONSE" shuffle="false" maxChoices="1">
<simpleChoice identifier="alt_803703">
<div class="textblock tvblock tvcss_1"><div class="rte_zone tveditor1">
 0.02
</div>
</div>
</simpleChoice>
<simpleChoice identifier="alt_107612">
<div class="textblock tvblock tvcss_1"><div class="rte_zone tveditor1">
 0.03
</div>
</div>
</simpleChoice>
<simpleChoice identifier="alt_882639">
<div class="textblock tvblock tvcss_1"><div class="rte_zone tveditor1">
 0.04
</div>
</div>
</simpleChoice>
</choiceInteraction>
</itemBody>
<responseProcessing>
<responseCondition>
<responseIf>
<isNull>
<variable identifier="RESPONSE"/>
</isNull>
<setOutcomeValue identifier="SCORE">
<baseValue baseType="float">0.0</baseValue>
</setOutcomeValue>
<setOutcomeValue identifier="FEEDBACK">
<baseValue baseType="identifier">FAILURE</baseValue>
</setOutcomeValue>
</responseIf>
<responseElse>
<setOutcomeValue identifier="SCORE">
<mapResponse identifier="RESPONSE"/>
</setOutcomeValue>
<responseCondition>
<responseIf>
<equal toleranceMode="relative" tolerance="0.001">
<variable identifier="SCORE"/>
<variable identifier="MAXSCORE"/>
</equal>
<setOutcomeValue identifier="FEEDBACK">
<baseValue baseType="identifier">ANSWER_CORRECT</baseValue>
</setOutcomeValue>
</responseIf>
<responseElse>
<setOutcomeValue identifier="FEEDBACK">
<baseValue baseType="identifier">FAILURE</baseValue>
</setOutcomeValue>
</responseElse>
</responseCondition>
</responseElse>
</responseCondition>
</responseProcessing>
<modalFeedback identifier="FAILURE" outcomeIdentifier="FEEDBACK" showHide="show">
<div class="textblock tvblock tvcss_1"><div class="rte_zone tveditor1">
<ul>
<li> 0.02 <br /> 0.02: Incorrect </li>
<li> 0.03 <br /> 0.03: Correct </li>
<li> 0.04 <br /> 0.04: Incorrect </li>
</ul>
</div>
</div>
</modalFeedback>
<modalFeedback identifier="ANSWER_CORRECT" outcomeIdentifier="FEEDBACK" showHide="show">
<div class="textblock tvblock tvcss_1"><div class="rte_zone tveditor1">
<ul>
<li> 0.02 <br /> 0.02: Incorrect </li>
<li> 0.03 <br /> 0.03: Correct </li>
<li> 0.04 <br /> 0.04: Incorrect </li>
</ul>
</div>
</div>
</modalFeedback>
<modalFeedback identifier="PARTIAL_CORRECT" outcomeIdentifier="FEEDBACK" showHide="show">
<div class="textblock tvblock tvcss_1"><div class="rte_zone tveditor1">
<ul>
<li> 0.02 <br /> 0.02: Incorrect </li>
<li> 0.03 <br /> 0.03: Correct </li>
<li> 0.04 <br /> 0.04: Incorrect </li>
</ul>
</div>
</div>
</modalFeedback>
</assessmentItem>
