<?xml version="1.0" encoding="UTF-8"?>
<!DOCTYPE questestinterop SYSTEM "ims_qtiasiv1p2p1.dtd">

<questestinterop xmlns="http://www.imsglobal.org/xsd/ims_qtiasiv1p2" xmlns:xsi="http://www.w3.org/2001/XMLSchema-instance" xsi:schemaLocation="http://www.imsglobal.org/xsd/ims_qtiasiv1p2 http://www.imsglobal.org/xsd/ims_qtiasiv1p2p1.xsd">
<assessment ident="eur-descriptive-116-nl-canvas_125944157" title="eur-descriptive-116-nl-canvas">

<qtimetadata>
<qtimetadatafield>
<fieldlabel>cc_maxattempts</fieldlabel>
<fieldentry>1</fieldentry>
</qtimetadatafield>
<qtimetadatafield>
<fieldlabel>qmd_assessmenttype</fieldlabel>
<fieldentry>Assessment</fieldentry>
</qtimetadatafield>
</qtimetadata>
<objectives>
<material>
<mattext><![CDATA[Please solve the following exercises.]]></mattext>
</material>
</objectives>
<assessmentcontrol feedbackswitch="No" hintswitch="No" solutionswitch="Yes"/>
<outcomes_processing scoremodel="SumOfScores">
<outcomes>
<decvar varname="SCORE" vartype="Decimal" cutvalue="0"/>
</outcomes>
</outcomes_processing>
<assessfeedback title="AssessmentFeedback" ident="AssessmentFeedback">
<flow_mat>
<material>
<mattext>##AssessmentFeedback##</mattext>
</material>
</flow_mat>
</assessfeedback>

<section ident="eur-descriptive-116-nl-canvas_125944157_section_1" title="Exercise">

<objectives>
<material>
<mattext><![CDATA[Please answer the following question.]]></mattext>
</material>
</objectives>
<selection_ordering>
<selection>
<selection_number>1</selection_number>
<selection_extension>
<points_per_item>1</points_per_item>
</selection_extension>
</selection>
<order order_type="Random"/>
</selection_ordering>

<item ident="eur-descriptive-116-nl-canvas_125944157_section_1_item_1_num" title="Question" maxattempts="1">
<itemcontrol feedbackswitch="No" hintswitch="No" solutionswitch="Yes"/>
<itemmetadata>
<qtimetadata>
<qtimetadatafield>
<fieldlabel>question_type</fieldlabel>
<fieldentry>numerical_question</fieldentry>
</qtimetadatafield>
</qtimetadata>
</itemmetadata>
<presentation>
<flow>
<material>
<matbreak/>
<mattext texttype="text/html" charset="utf-8"><![CDATA[
<p><em>Werk voor psychologen en pedagogen.</em></p>
<p>Een wetenschapper heeft de opdracht gekregen om te onderzoeken of het afgestudeerde psychologen en pedagogen lukt om een baan op niveau te vinden. De onderzoeker heeft zelf een vragenlijst ontworpen bestaande uit 12 Likert items met 5 antwoordmogelijkheden die variëren van helemaal mee oneens (1) tot helemaal mee eens (5). Een voorbeeld van een item is: Ik heb veel moeite moeten doen om een vacature voor een baan op niveau te vinden. De antwoorden van 608 pedagogen (1) en psychologen (2), onderscheiden in de variabele [psy_ped], op de twaalf items staan weergegeven in het databestand. NB. Hoe meer de respondent het eens is met de stellingen, des te moeilijker hij/zij het vindt om een baan op niveau te vinden.</p>
<p>Open het databestand.</p>
<p>Op welk van de 12 items wordt het minst gevarieerd geantwoord door de respondenten? (geen decimalen)</p>
<p><strong>Download</strong>: <a href="data/supplements_1_1/eur-descriptive-116-nl-data.sav">SPSS file</a>, <a href="data/supplements_1_1/eur-descriptive-116-nl-data.csv">CSV file</a></p>
]]></mattext>
<matbreak/>
</material>
<response_num ident="eur-descriptive-116-nl-canvas_125944157_section_1_item_1_num_RESPONSE_3623882" rcardinality="Single" numtype="Decimal">
<render_fib fibtype="Decimal" maxchars="12">
<flow_label class="Block">
<response_label ident="eur-descriptive-116-nl-canvas_125944157_section_1_item_1_num_RESPONSE_3623882" rshuffle="No"/>
</flow_label>
</render_fib>
</response_num>
<material>
<matbreak/>
</material>
</flow>
</presentation>
<resprocessing>
<outcomes>
<decvar varname="SCORE" vartype="Decimal" defaultval="0" minvalue="0" maxvalue="1" cutvalue="1"/>
</outcomes>
<respcondition title="Mastery" continue="No">
<conditionvar>

<or>
<varequal respident="eur-descriptive-116-nl-canvas_125944157_section_1_item_1_num_RESPONSE_3623882" case="No"><![CDATA[2]]></varequal>
<and>
<vargte respident="eur-descriptive-116-nl-canvas_125944157_section_1_item_1_num_RESPONSE_3623882"><![CDATA[2]]></vargte>
<varlte respident="eur-descriptive-116-nl-canvas_125944157_section_1_item_1_num_RESPONSE_3623882"><![CDATA[2]]></varlte>
</and>
</or>
</conditionvar>
<setvar varname="SCORE" action="Set">1</setvar>
<displayfeedback feedbacktype="Response" linkrefid="correct_fb"/>
</respcondition>
<respcondition continue="Yes">
<conditionvar>
<other/>
</conditionvar>
<displayfeedback feedbacktype="Response" linkrefid="general_incorrect_fb"/>
</respcondition>
</resprocessing>
<itemfeedback ident="correct_fb" view="All">
<flow_mat>
<material>
<mattext texttype="text/html"><![CDATA[
<p>Op item 2, deze heeft de kleinste variantie</p>
]]></mattext>
</material>
</flow_mat>
</itemfeedback>
<itemfeedback ident="general_incorrect_fb" view="All">
<flow_mat>
<material>
<mattext texttype="text/html"><![CDATA[
<p>Op item 2, deze heeft de kleinste variantie</p>
]]></mattext>
</material>
</flow_mat>
</itemfeedback>
</item>


</section>

</assessment>
</questestinterop>
