<?xml version="1.0" encoding="utf-8" standalone="yes"?>
<assessmentItem identifier="uu-reliability-005-nl-tv_202209061512_item_1_schoice" title="uu-reliability-005-nl-tv_202209061512_item_1_schoice_uu-reliability-005-nl.Rmd" adaptive="false" timeDependent="false" toolName="Testvision Online" toolVersion="39.0.9084" xmlns="http://www.imsglobal.org/xsd/imsqti_v2p1">
<responseDeclaration identifier="RESPONSE" cardinality="single" baseType="identifier">
<correctResponse>
<value>alt_796310</value>
</correctResponse>
<mapping defaultValue="0" lowerBound="0.0">
<mapEntry mapKey="alt_882920" mappedValue="-0.333333333333333"/>
<mapEntry mapKey="alt_796310" mappedValue="1"/>
<mapEntry mapKey="alt_816818" mappedValue="-0.333333333333333"/>
<mapEntry mapKey="alt_719554" mappedValue="-0.333333333333333"/>
</mapping>
</responseDeclaration>
<outcomeDeclaration identifier="SCORE" cardinality="single" baseType="float" normalMaximum="1" normalMinimum="0" />
<outcomeDeclaration identifier="FEEDBACK" cardinality="single" baseType="identifier" />
<itemBody>
<p>In een experiment naar de gevoeligheid voor omgevingsgeluiden bij de uitvoering van cognitieve taken krijgen de deelnemers tien opgaven. De betrouwbaarheid rXX’ van deze test (berekend over de samengestelde score van de tien opgaven) bedraagt .60. Een onderzoeker besluit tot een uitbreiding met vijf gelijkwaardige opgaven.</p>
<p>De geschatte betrouwbaarheid van de verlengde test (rvv’) is dan:</p>
<choiceInteraction responseIdentifier="RESPONSE" shuffle="false" maxChoices="1">
<simpleChoice identifier="alt_882920">
<div class="textblock tvblock tvcss_1"><div class="rte_zone tveditor1">
a. rvv’ is kleiner of gelijk aan 0.60
</div>
</div>
</simpleChoice>
<simpleChoice identifier="alt_796310">
<div class="textblock tvblock tvcss_1"><div class="rte_zone tveditor1">
b. rvv’ is groter dan 0.60 maar kleiner of gelijk aan 0.70
</div>
</div>
</simpleChoice>
<simpleChoice identifier="alt_816818">
<div class="textblock tvblock tvcss_1"><div class="rte_zone tveditor1">
c. rvv’ is groter dan 0.70 maar kleiner of gelijk aan 0.80
</div>
</div>
</simpleChoice>
<simpleChoice identifier="alt_719554">
<div class="textblock tvblock tvcss_1"><div class="rte_zone tveditor1">
d. rvv’ is groter dan 0.80
</div>
</div>
</simpleChoice>
</choiceInteraction>
</itemBody>
<responseProcessing>
<responseCondition>
<responseIf>
<isNull>
<variable identifier="RESPONSE"/>
</isNull>
<setOutcomeValue identifier="SCORE">
<baseValue baseType="float">0.0</baseValue>
</setOutcomeValue>
<setOutcomeValue identifier="FEEDBACK">
<baseValue baseType="identifier">FAILURE</baseValue>
</setOutcomeValue>
</responseIf>
<responseElse>
<setOutcomeValue identifier="SCORE">
<mapResponse identifier="RESPONSE"/>
</setOutcomeValue>
<responseCondition>
<responseIf>
<equal toleranceMode="relative" tolerance="0.001">
<variable identifier="SCORE"/>
<variable identifier="MAXSCORE"/>
</equal>
<setOutcomeValue identifier="FEEDBACK">
<baseValue baseType="identifier">ANSWER_CORRECT</baseValue>
</setOutcomeValue>
</responseIf>
<responseElse>
<setOutcomeValue identifier="FEEDBACK">
<baseValue baseType="identifier">FAILURE</baseValue>
</setOutcomeValue>
</responseElse>
</responseCondition>
</responseElse>
</responseCondition>
</responseProcessing>
<modalFeedback identifier="FAILURE" outcomeIdentifier="FEEDBACK" showHide="show">
<div class="textblock tvblock tvcss_1"><div class="rte_zone tveditor1">
<p>We bepalen eerste de verlengingsfactor:</p>
<p><math display="inline" xmlns="http://www.w3.org/1998/Math/MathML"><semantics><mrow><mi>v</mi><mo>=</mo><mfrac><mrow><mi>k</mi><mi>′</mi></mrow><mi>k</mi></mfrac><mo>=</mo><mfrac><mrow><mi>N</mi><mi>i</mi><mi>e</mi><mi>u</mi><mi>w</mi><mi>e</mi><mi>a</mi><mi>a</mi><mi>n</mi><mi>t</mi><mi>a</mi><mi>l</mi><mi>i</mi><mi>t</mi><mi>e</mi><mi>m</mi><mi>s</mi></mrow><mrow><mi>O</mi><mi>o</mi><mi>r</mi><mi>s</mi><mi>p</mi><mi>r</mi><mi>o</mi><mi>n</mi><mi>k</mi><mi>e</mi><mi>l</mi><mi>i</mi><mi>j</mi><mi>k</mi><mi>a</mi><mi>a</mi><mi>n</mi><mi>t</mi><mi>a</mi><mi>l</mi><mi>i</mi><mi>t</mi><mi>e</mi><mi>m</mi><mi>s</mi></mrow></mfrac><mo>=</mo><mfrac><mn>15</mn><mn>10</mn></mfrac><mo>=</mo><mn>1.50</mn></mrow><annotation encoding="application/x-tex">v= \frac {k&#39;}{k} = \frac {Nieuwe aantal items} {Oorspronkelijk aantal items} = \frac {15}{10} = 1.50</annotation></semantics></math></p>
<p>We weten dat de oorspronkelijke betrouwbaarheid van de test .60 was. Met behulp van de SPearman Brown formule berekenen we de geschatte betrouwbaarheid van de verlenge test:</p>
<p>$r_{vv’} =  {1 + (v-1)r{oo’}} =  {1+ (1.50-1) * 0.60} =  = 0.69 $</p>
<br />
<ol>
<li> rvv’ is kleiner of gelijk aan 0.60 <br />  </li>
<li> rvv’ is groter dan 0.60 maar kleiner of gelijk aan 0.70 <br />  </li>
<li> rvv’ is groter dan 0.70 maar kleiner of gelijk aan 0.80 <br />  </li>
<li> rvv’ is groter dan 0.80 <br />  </li>
</ol>
</div>
</div>
</modalFeedback>
<modalFeedback identifier="ANSWER_CORRECT" outcomeIdentifier="FEEDBACK" showHide="show">
<div class="textblock tvblock tvcss_1"><div class="rte_zone tveditor1">
<p>We bepalen eerste de verlengingsfactor:</p>
<p><math display="inline" xmlns="http://www.w3.org/1998/Math/MathML"><semantics><mrow><mi>v</mi><mo>=</mo><mfrac><mrow><mi>k</mi><mi>′</mi></mrow><mi>k</mi></mfrac><mo>=</mo><mfrac><mrow><mi>N</mi><mi>i</mi><mi>e</mi><mi>u</mi><mi>w</mi><mi>e</mi><mi>a</mi><mi>a</mi><mi>n</mi><mi>t</mi><mi>a</mi><mi>l</mi><mi>i</mi><mi>t</mi><mi>e</mi><mi>m</mi><mi>s</mi></mrow><mrow><mi>O</mi><mi>o</mi><mi>r</mi><mi>s</mi><mi>p</mi><mi>r</mi><mi>o</mi><mi>n</mi><mi>k</mi><mi>e</mi><mi>l</mi><mi>i</mi><mi>j</mi><mi>k</mi><mi>a</mi><mi>a</mi><mi>n</mi><mi>t</mi><mi>a</mi><mi>l</mi><mi>i</mi><mi>t</mi><mi>e</mi><mi>m</mi><mi>s</mi></mrow></mfrac><mo>=</mo><mfrac><mn>15</mn><mn>10</mn></mfrac><mo>=</mo><mn>1.50</mn></mrow><annotation encoding="application/x-tex">v= \frac {k&#39;}{k} = \frac {Nieuwe aantal items} {Oorspronkelijk aantal items} = \frac {15}{10} = 1.50</annotation></semantics></math></p>
<p>We weten dat de oorspronkelijke betrouwbaarheid van de test .60 was. Met behulp van de SPearman Brown formule berekenen we de geschatte betrouwbaarheid van de verlenge test:</p>
<p>$r_{vv’} =  {1 + (v-1)r{oo’}} =  {1+ (1.50-1) * 0.60} =  = 0.69 $</p>
<br />
<ol>
<li> rvv’ is kleiner of gelijk aan 0.60 <br />  </li>
<li> rvv’ is groter dan 0.60 maar kleiner of gelijk aan 0.70 <br />  </li>
<li> rvv’ is groter dan 0.70 maar kleiner of gelijk aan 0.80 <br />  </li>
<li> rvv’ is groter dan 0.80 <br />  </li>
</ol>
</div>
</div>
</modalFeedback>
<modalFeedback identifier="PARTIAL_CORRECT" outcomeIdentifier="FEEDBACK" showHide="show">
<div class="textblock tvblock tvcss_1"><div class="rte_zone tveditor1">
<p>We bepalen eerste de verlengingsfactor:</p>
<p><math display="inline" xmlns="http://www.w3.org/1998/Math/MathML"><semantics><mrow><mi>v</mi><mo>=</mo><mfrac><mrow><mi>k</mi><mi>′</mi></mrow><mi>k</mi></mfrac><mo>=</mo><mfrac><mrow><mi>N</mi><mi>i</mi><mi>e</mi><mi>u</mi><mi>w</mi><mi>e</mi><mi>a</mi><mi>a</mi><mi>n</mi><mi>t</mi><mi>a</mi><mi>l</mi><mi>i</mi><mi>t</mi><mi>e</mi><mi>m</mi><mi>s</mi></mrow><mrow><mi>O</mi><mi>o</mi><mi>r</mi><mi>s</mi><mi>p</mi><mi>r</mi><mi>o</mi><mi>n</mi><mi>k</mi><mi>e</mi><mi>l</mi><mi>i</mi><mi>j</mi><mi>k</mi><mi>a</mi><mi>a</mi><mi>n</mi><mi>t</mi><mi>a</mi><mi>l</mi><mi>i</mi><mi>t</mi><mi>e</mi><mi>m</mi><mi>s</mi></mrow></mfrac><mo>=</mo><mfrac><mn>15</mn><mn>10</mn></mfrac><mo>=</mo><mn>1.50</mn></mrow><annotation encoding="application/x-tex">v= \frac {k&#39;}{k} = \frac {Nieuwe aantal items} {Oorspronkelijk aantal items} = \frac {15}{10} = 1.50</annotation></semantics></math></p>
<p>We weten dat de oorspronkelijke betrouwbaarheid van de test .60 was. Met behulp van de SPearman Brown formule berekenen we de geschatte betrouwbaarheid van de verlenge test:</p>
<p>$r_{vv’} =  {1 + (v-1)r{oo’}} =  {1+ (1.50-1) * 0.60} =  = 0.69 $</p>
<br />
<ol>
<li> rvv’ is kleiner of gelijk aan 0.60 <br />  </li>
<li> rvv’ is groter dan 0.60 maar kleiner of gelijk aan 0.70 <br />  </li>
<li> rvv’ is groter dan 0.70 maar kleiner of gelijk aan 0.80 <br />  </li>
<li> rvv’ is groter dan 0.80 <br />  </li>
</ol>
</div>
</div>
</modalFeedback>
</assessmentItem>
