<?xml version="1.0" encoding="UTF-8"?>
<assessmentItem xsi:schemaLocation="http://www.imsglobal.org/xsd/imsqti_v2p1 http://www.imsglobal.org/xsd/qti/qtiv2p1/imsqti_v2p1p1.xsd http://www.w3.org/1998/Math/MathML http://www.w3.org/Math/XMLSchema/mathml2/mathml2.xsd" identifier="vufgb-measurementlevel-001-nl-ans_520006422_section_1_item_1_schoice" title="Measurement-Level_vufgb-measurementlevel-001-nl_vufgb-measurementlevel-001-nl_schoice_1" adaptive="false" timeDependent="false" xmlns="http://www.imsglobal.org/xsd/imsqti_v2p1" xmlns:xsi="http://www.w3.org/2001/XMLSchema-instance">
<responseDeclaration identifier="vufgb-measurementlevel-001-nl-ans_520006422_section_1_item_1_schoice_RESPONSE_1_1971089" cardinality="single" baseType="identifier">
<correctResponse>
<value>vufgb-measurementlevel-001-nl-ans_520006422_section_1_item_1_schoice_3_9826847367</value>
</correctResponse>
<mapping defaultValue="0" lowerBound="0.0">
<mapEntry mapKey="vufgb-measurementlevel-001-nl-ans_520006422_section_1_item_1_schoice_1_5818643158" mappedValue="0"/>
<mapEntry mapKey="vufgb-measurementlevel-001-nl-ans_520006422_section_1_item_1_schoice_2_6187971669" mappedValue="0"/>
<mapEntry mapKey="vufgb-measurementlevel-001-nl-ans_520006422_section_1_item_1_schoice_3_9826847367" mappedValue="1"/>
<mapEntry mapKey="vufgb-measurementlevel-001-nl-ans_520006422_section_1_item_1_schoice_4_2335131748" mappedValue="0"/>
</mapping>
</responseDeclaration>
<outcomeDeclaration identifier="SCORE" cardinality="single" baseType="float" normalMaximum="1" normalMinimum="0">
<defaultValue>
<value>0.0</value>
</defaultValue>
</outcomeDeclaration>
<outcomeDeclaration identifier="MAXSCORE" cardinality="single" baseType="float">
<defaultValue>
<value>1</value>
</defaultValue>
</outcomeDeclaration>
<outcomeDeclaration identifier="FEEDBACKBASIC" cardinality="single" baseType="identifier" view="testConstructor">
<defaultValue>
<value>empty</value>
</defaultValue>
</outcomeDeclaration>
<outcomeDeclaration identifier="FEEDBACKMODAL" cardinality="multiple" baseType="identifier" view="testConstructor"/>
<outcomeDeclaration identifier="SOLUTIONMODAL" cardinality="single" baseType="identifier" view="testConstructor"/>
<outcomeDeclaration identifier="MINSCORE" cardinality="single" baseType="float">
<defaultValue>
<value baseType="float">0</value>
</defaultValue>
</outcomeDeclaration>
<outcomeDeclaration identifier="SCORE_RESPONSE_1" cardinality="single" baseType="float">
<defaultValue>
<value>0.0</value>
</defaultValue>
</outcomeDeclaration>
<outcomeDeclaration identifier="MINSCORE_RESPONSE_1" cardinality="single" baseType="float">
<defaultValue>
<value>0.0</value>
</defaultValue>
</outcomeDeclaration>
<itemBody>
<p>Stel je een onderzoek voor naar het effect van het luisteren naar kerstliedjes op het geluksgevoel. Aan de proefpersonen wordt gevraagd op hoeveel dagen in de afgelopen week ze naar kerstliedjes hebben geluisterd. Wat zijn de eigenschappen van deze variabele die luisteren naar kerstmuziek meet?</p>
<choiceInteraction responseIdentifier="vufgb-measurementlevel-001-nl-ans_520006422_section_1_item_1_schoice_RESPONSE_1_1971089" shuffle="false" maxChoices="1">
<simpleChoice identifier="vufgb-measurementlevel-001-nl-ans_520006422_section_1_item_1_schoice_1_5818643158">
<p>
 Numeriek en ordinaal.
</p>
</simpleChoice>
<simpleChoice identifier="vufgb-measurementlevel-001-nl-ans_520006422_section_1_item_1_schoice_2_6187971669">
<p>
 Categorisch en ordinaal.
</p>
</simpleChoice>
<simpleChoice identifier="vufgb-measurementlevel-001-nl-ans_520006422_section_1_item_1_schoice_3_9826847367">
<p>
 Numeriek en interval/ratio.
</p>
</simpleChoice>
<simpleChoice identifier="vufgb-measurementlevel-001-nl-ans_520006422_section_1_item_1_schoice_4_2335131748">
<p>
 Categorisch en interval/ratio.
</p>
</simpleChoice>
</choiceInteraction>
</itemBody>
<responseProcessing>
<setOutcomeValue identifier="SCORE_RESPONSE_1">
<sum>
<variable identifier="SCORE_RESPONSE_1"/>
<mapResponse identifier="vufgb-measurementlevel-001-nl-ans_520006422_section_1_item_1_schoice_RESPONSE_1_1971089"/>
</sum>
</setOutcomeValue>
<responseCondition>
<responseIf>
<lt>
<variable identifier="SCORE_RESPONSE_1"/>
<variable identifier="MINSCORE_RESPONSE_1"/>
</lt>
<setOutcomeValue identifier="SCORE_RESPONSE_1">
<variable identifier="MINSCORE_RESPONSE_1"/>
</setOutcomeValue>
</responseIf>
</responseCondition>
<responseCondition>
<responseIf>
<isNull>
<variable identifier="vufgb-measurementlevel-001-nl-ans_520006422_section_1_item_1_schoice_RESPONSE_1_1971089"/>
</isNull>
<setOutcomeValue identifier="SCORE_RESPONSE_1">
<sum>
<variable identifier="SCORE_RESPONSE_1"/>
<baseValue baseType="float">0</baseValue>
</sum>
</setOutcomeValue>
</responseIf>
</responseCondition>
<setOutcomeValue identifier="SCORE">
<sum>
<variable identifier="SCORE_RESPONSE_1"/>
</sum>
</setOutcomeValue>
<responseCondition>
<responseIf>
<lt>
<variable identifier="SCORE"/>
<variable identifier="MINSCORE"/>
</lt>
<setOutcomeValue identifier="SCORE">
<variable identifier="MINSCORE"/>
</setOutcomeValue>
</responseIf>
</responseCondition>
<responseCondition>
<responseIf>
<lt>
<variable identifier="SCORE"/>
<baseValue baseType="float">1</baseValue>
</lt>
<setOutcomeValue identifier="FEEDBACKMODAL">
<multiple>
<variable identifier="FEEDBACKMODAL"/>
<baseValue baseType="identifier">Feedback162616475</baseValue>
</multiple>
</setOutcomeValue>
</responseIf>
</responseCondition>
</responseProcessing>
<modalFeedback outcomeIdentifier="FEEDBACK" showHide="show" identifier="incorrect">
</modalFeedback>
</assessmentItem>
