<?xml version="1.0" encoding="utf-8" standalone="yes"?>
<assessmentItem identifier="uu-hypothesis-800-nl-tv_202601131823_item_1_string" title="uu-hypothesis-800-nl-tv_202601131823_item_1_string_uu-hypothesis-800-nl" adaptive="false" timeDependent="false" toolName="Testvision Online" toolVersion="39.0.9084" xmlns="http://www.imsglobal.org/xsd/imsqti_v2p1">
<responseDeclaration identifier="RESPONSE" cardinality="single" baseType="string">
<correctResponse>
<value>NA</value>
</correctResponse>
<mapping defaultValue="0">
<mapEntry mapKey="NA" mappedValue="1" />
</mapping>
</responseDeclaration>
<outcomeDeclaration identifier="SCORE" cardinality="single" baseType="float" normalMaximum="1" normalMinimum="0" />
<outcomeDeclaration identifier="FEEDBACK" cardinality="single" baseType="identifier" />
<stylesheet href="css/uu-hypothesis-800-nl-tv_202601131823_item_1_string.css" type="text/css" />
<itemBody>
<p>Een eenvoudige aselecte steekproef van 100 postmedewerkers wordt gebruikt om te testen of de gemiddelde tijd dat postmedewerkers voor de post hebben gewerkt is veranderd ten opzichte van de waarde van 7,5 jaar die 20 jaar geleden werd geregistreerd. Het gemiddelde van de steekproef was M = 7 jaar met een standaardafwijking van SD = 2 jaar. Neem aan dat de verdeling van de tijd dat de werknemers voor de post hebben gewerkt ongeveer normaal is. Gebruik de 5 stappen van het hypothesetestproces om bovenstaande vraag te beantwoorden. Zorg ervoor dat je de antwoorden op alle 5 stappen duidelijk aangeeft.</p>
<extendedTextInteraction responseIdentifier="RESPONSE" expectedLength="12"/>
</itemBody>
<responseProcessing>
<responseCondition>
<responseIf>
<isNull>
<variable identifier="RESPONSE"/>
</isNull>
<setOutcomeValue identifier="SCORE">
<baseValue baseType="float">0.0</baseValue>
</setOutcomeValue>
<setOutcomeValue identifier="FEEDBACK">
<baseValue baseType="identifier">FAILURE</baseValue>
</setOutcomeValue>
</responseIf>
<responseElse>
<setOutcomeValue identifier="SCORE">
<mapResponse identifier="RESPONSE"/>
</setOutcomeValue>
<responseCondition>
<responseIf>
<equal toleranceMode="relative" tolerance="0.001">
<variable identifier="SCORE"/>
<variable identifier="MAXSCORE"/>
</equal>
<setOutcomeValue identifier="FEEDBACK">
<baseValue baseType="identifier">ANSWER_CORRECT</baseValue>
</setOutcomeValue>
</responseIf>
<responseElse>
<setOutcomeValue identifier="FEEDBACK">
<baseValue baseType="identifier">FAILURE</baseValue>
</setOutcomeValue>
</responseElse>
</responseCondition>
</responseElse>
</responseCondition>
</responseProcessing>
<modalFeedback identifier="FAILURE" outcomeIdentifier="FEEDBACK" showHide="show">
<div class="textblock tvblock tvcss_1"><div class="rte_zone tveditor1">
<p>Stap 1 (1 punt) Twee populaties: postmedewerkers dit jaar en postmedewerkers 20 jaar geleden.
<math display="inline" xmlns="http://www.w3.org/1998/Math/MathML"><semantics><msub><mi>H</mi><mn>0</mn></msub><annotation encoding="application/x-tex">H_{0}</annotation></semantics></math>: <math display="inline" xmlns="http://www.w3.org/1998/Math/MathML"><semantics><mi>μ</mi><annotation encoding="application/x-tex">\mu</annotation></semantics></math> = 7.5 <math display="inline" xmlns="http://www.w3.org/1998/Math/MathML"><semantics><msub><mi>H</mi><mi>R</mi></msub><annotation encoding="application/x-tex">H_{R}</annotation></semantics></math>: <math display="inline" xmlns="http://www.w3.org/1998/Math/MathML"><semantics><mi>μ</mi><annotation encoding="application/x-tex">\mu</annotation></semantics></math> <math display="inline" xmlns="http://www.w3.org/1998/Math/MathML"><semantics><mo>≠</mo><annotation encoding="application/x-tex">\neq</annotation></semantics></math> 7.5</p>
<p>Stap 2 (0,5 punten) De vergelijkingsverdeling is een t-verdeling. Het aantal vrijheidsgraden is 99. SM = 2 / <math display="inline" xmlns="http://www.w3.org/1998/Math/MathML"><semantics><msqrt><mn>100</mn></msqrt><annotation encoding="application/x-tex">\sqrt{100}</annotation></semantics></math> = 0.2</p>
<p>Stap 3 (0,5 punten) Kritische t-waarde (df = 99; <math display="inline" xmlns="http://www.w3.org/1998/Math/MathML"><semantics><mi>α</mi><annotation encoding="application/x-tex">\alpha</annotation></semantics></math> = .10) is ±1,660 (opgezocht bij df =100) Kritische t-waarde (df = 99; <math display="inline" xmlns="http://www.w3.org/1998/Math/MathML"><semantics><mi>α</mi><annotation encoding="application/x-tex">\alpha</annotation></semantics></math> = .05) is ±1,984 (opgezocht bij df =100) Kritische t-waarde (df = 99; <math display="inline" xmlns="http://www.w3.org/1998/Math/MathML"><semantics><mi>α</mi><annotation encoding="application/x-tex">\alpha</annotation></semantics></math> = .01) is ±2,626 (opgezocht bij df =100)</p>
<p>Stap 4 (1 punt) Steekproef t-waarde is (7-7,5) / 0,2 = -2,5</p>
<p>Stap 5 (1 punt) Voor <math display="inline" xmlns="http://www.w3.org/1998/Math/MathML"><semantics><mi>α</mi><annotation encoding="application/x-tex">\alpha</annotation></semantics></math> = .01, moet je de nulhypothese niet verwerpen. Dit betekent dat de gemiddelde tijd dat postmedewerkers voor de post werken niet is veranderd. Voor <math display="inline" xmlns="http://www.w3.org/1998/Math/MathML"><semantics><mi>α</mi><annotation encoding="application/x-tex">\alpha</annotation></semantics></math> = .05 en = .10 moet je de nulhypothese verwerpen. Dit betekent dat de gemiddelde tijd dat postmedewerkers bij de post werken is veranderd</p>
</div>
</div>
</modalFeedback>
<modalFeedback identifier="ANSWER_CORRECT" outcomeIdentifier="FEEDBACK" showHide="show">
<div class="textblock tvblock tvcss_1"><div class="rte_zone tveditor1">
<p>Stap 1 (1 punt) Twee populaties: postmedewerkers dit jaar en postmedewerkers 20 jaar geleden.
<math display="inline" xmlns="http://www.w3.org/1998/Math/MathML"><semantics><msub><mi>H</mi><mn>0</mn></msub><annotation encoding="application/x-tex">H_{0}</annotation></semantics></math>: <math display="inline" xmlns="http://www.w3.org/1998/Math/MathML"><semantics><mi>μ</mi><annotation encoding="application/x-tex">\mu</annotation></semantics></math> = 7.5 <math display="inline" xmlns="http://www.w3.org/1998/Math/MathML"><semantics><msub><mi>H</mi><mi>R</mi></msub><annotation encoding="application/x-tex">H_{R}</annotation></semantics></math>: <math display="inline" xmlns="http://www.w3.org/1998/Math/MathML"><semantics><mi>μ</mi><annotation encoding="application/x-tex">\mu</annotation></semantics></math> <math display="inline" xmlns="http://www.w3.org/1998/Math/MathML"><semantics><mo>≠</mo><annotation encoding="application/x-tex">\neq</annotation></semantics></math> 7.5</p>
<p>Stap 2 (0,5 punten) De vergelijkingsverdeling is een t-verdeling. Het aantal vrijheidsgraden is 99. SM = 2 / <math display="inline" xmlns="http://www.w3.org/1998/Math/MathML"><semantics><msqrt><mn>100</mn></msqrt><annotation encoding="application/x-tex">\sqrt{100}</annotation></semantics></math> = 0.2</p>
<p>Stap 3 (0,5 punten) Kritische t-waarde (df = 99; <math display="inline" xmlns="http://www.w3.org/1998/Math/MathML"><semantics><mi>α</mi><annotation encoding="application/x-tex">\alpha</annotation></semantics></math> = .10) is ±1,660 (opgezocht bij df =100) Kritische t-waarde (df = 99; <math display="inline" xmlns="http://www.w3.org/1998/Math/MathML"><semantics><mi>α</mi><annotation encoding="application/x-tex">\alpha</annotation></semantics></math> = .05) is ±1,984 (opgezocht bij df =100) Kritische t-waarde (df = 99; <math display="inline" xmlns="http://www.w3.org/1998/Math/MathML"><semantics><mi>α</mi><annotation encoding="application/x-tex">\alpha</annotation></semantics></math> = .01) is ±2,626 (opgezocht bij df =100)</p>
<p>Stap 4 (1 punt) Steekproef t-waarde is (7-7,5) / 0,2 = -2,5</p>
<p>Stap 5 (1 punt) Voor <math display="inline" xmlns="http://www.w3.org/1998/Math/MathML"><semantics><mi>α</mi><annotation encoding="application/x-tex">\alpha</annotation></semantics></math> = .01, moet je de nulhypothese niet verwerpen. Dit betekent dat de gemiddelde tijd dat postmedewerkers voor de post werken niet is veranderd. Voor <math display="inline" xmlns="http://www.w3.org/1998/Math/MathML"><semantics><mi>α</mi><annotation encoding="application/x-tex">\alpha</annotation></semantics></math> = .05 en = .10 moet je de nulhypothese verwerpen. Dit betekent dat de gemiddelde tijd dat postmedewerkers bij de post werken is veranderd</p>
</div>
</div>
</modalFeedback>
<modalFeedback identifier="PARTIAL_CORRECT" outcomeIdentifier="FEEDBACK" showHide="show">
<div class="textblock tvblock tvcss_1"><div class="rte_zone tveditor1">
<p>Stap 1 (1 punt) Twee populaties: postmedewerkers dit jaar en postmedewerkers 20 jaar geleden.
<math display="inline" xmlns="http://www.w3.org/1998/Math/MathML"><semantics><msub><mi>H</mi><mn>0</mn></msub><annotation encoding="application/x-tex">H_{0}</annotation></semantics></math>: <math display="inline" xmlns="http://www.w3.org/1998/Math/MathML"><semantics><mi>μ</mi><annotation encoding="application/x-tex">\mu</annotation></semantics></math> = 7.5 <math display="inline" xmlns="http://www.w3.org/1998/Math/MathML"><semantics><msub><mi>H</mi><mi>R</mi></msub><annotation encoding="application/x-tex">H_{R}</annotation></semantics></math>: <math display="inline" xmlns="http://www.w3.org/1998/Math/MathML"><semantics><mi>μ</mi><annotation encoding="application/x-tex">\mu</annotation></semantics></math> <math display="inline" xmlns="http://www.w3.org/1998/Math/MathML"><semantics><mo>≠</mo><annotation encoding="application/x-tex">\neq</annotation></semantics></math> 7.5</p>
<p>Stap 2 (0,5 punten) De vergelijkingsverdeling is een t-verdeling. Het aantal vrijheidsgraden is 99. SM = 2 / <math display="inline" xmlns="http://www.w3.org/1998/Math/MathML"><semantics><msqrt><mn>100</mn></msqrt><annotation encoding="application/x-tex">\sqrt{100}</annotation></semantics></math> = 0.2</p>
<p>Stap 3 (0,5 punten) Kritische t-waarde (df = 99; <math display="inline" xmlns="http://www.w3.org/1998/Math/MathML"><semantics><mi>α</mi><annotation encoding="application/x-tex">\alpha</annotation></semantics></math> = .10) is ±1,660 (opgezocht bij df =100) Kritische t-waarde (df = 99; <math display="inline" xmlns="http://www.w3.org/1998/Math/MathML"><semantics><mi>α</mi><annotation encoding="application/x-tex">\alpha</annotation></semantics></math> = .05) is ±1,984 (opgezocht bij df =100) Kritische t-waarde (df = 99; <math display="inline" xmlns="http://www.w3.org/1998/Math/MathML"><semantics><mi>α</mi><annotation encoding="application/x-tex">\alpha</annotation></semantics></math> = .01) is ±2,626 (opgezocht bij df =100)</p>
<p>Stap 4 (1 punt) Steekproef t-waarde is (7-7,5) / 0,2 = -2,5</p>
<p>Stap 5 (1 punt) Voor <math display="inline" xmlns="http://www.w3.org/1998/Math/MathML"><semantics><mi>α</mi><annotation encoding="application/x-tex">\alpha</annotation></semantics></math> = .01, moet je de nulhypothese niet verwerpen. Dit betekent dat de gemiddelde tijd dat postmedewerkers voor de post werken niet is veranderd. Voor <math display="inline" xmlns="http://www.w3.org/1998/Math/MathML"><semantics><mi>α</mi><annotation encoding="application/x-tex">\alpha</annotation></semantics></math> = .05 en = .10 moet je de nulhypothese verwerpen. Dit betekent dat de gemiddelde tijd dat postmedewerkers bij de post werken is veranderd</p>
</div>
</div>
</modalFeedback>
</assessmentItem>
