<?xml version="1.0" encoding="utf-8" standalone="yes"?>
<assessmentItem identifier="uu-ANOVA-832-nl-tv_202411271204_item_1_schoice" title="uu-ANOVA-832-nl-tv_202411271204_item_1_schoice_uu-ANOVA-832-nl.Rmd" adaptive="false" timeDependent="false" toolName="Testvision Online" toolVersion="39.0.9084" xmlns="http://www.imsglobal.org/xsd/imsqti_v2p1">
<responseDeclaration identifier="RESPONSE" cardinality="single" baseType="identifier">
<correctResponse>
<value>alt_491818</value>
</correctResponse>
<mapping defaultValue="0" lowerBound="0.0">
<mapEntry mapKey="alt_430773" mappedValue="-0.333333333333333"/>
<mapEntry mapKey="alt_615298" mappedValue="-0.333333333333333"/>
<mapEntry mapKey="alt_202190" mappedValue="-0.333333333333333"/>
<mapEntry mapKey="alt_491818" mappedValue="1"/>
</mapping>
</responseDeclaration>
<outcomeDeclaration identifier="SCORE" cardinality="single" baseType="float" normalMaximum="1" normalMinimum="0" />
<outcomeDeclaration identifier="FEEDBACK" cardinality="single" baseType="identifier" />
<stylesheet href="css/uu-ANOVA-832-nl-tv_202411271204_item_1_schoice.css" type="text/css" />
<itemBody>
<p>Een 3x3x3 factorial design</p>
<choiceInteraction responseIdentifier="RESPONSE" shuffle="false" maxChoices="1">
<simpleChoice identifier="alt_430773">
<div class="textblock tvblock tvcss_1"><div class="rte_zone tveditor1">
 heeft 3 onafhankelijke variabelen, elk met drie niveaus.
</div>
</div>
</simpleChoice>
<simpleChoice identifier="alt_615298">
<div class="textblock tvblock tvcss_1"><div class="rte_zone tveditor1">
 heeft 27 verschillende condities.
</div>
</div>
</simpleChoice>
<simpleChoice identifier="alt_202190">
<div class="textblock tvblock tvcss_1"><div class="rte_zone tveditor1">
 kan 3 verschillende hoofdeffecten hebben.
</div>
</div>
</simpleChoice>
<simpleChoice identifier="alt_491818">
<div class="textblock tvblock tvcss_1"><div class="rte_zone tveditor1">
 a, b en c zijn alle drie juist.
</div>
</div>
</simpleChoice>
</choiceInteraction>
</itemBody>
<responseProcessing>
<responseCondition>
<responseIf>
<isNull>
<variable identifier="RESPONSE"/>
</isNull>
<setOutcomeValue identifier="SCORE">
<baseValue baseType="float">0.0</baseValue>
</setOutcomeValue>
<setOutcomeValue identifier="FEEDBACK">
<baseValue baseType="identifier">FAILURE</baseValue>
</setOutcomeValue>
</responseIf>
<responseElse>
<setOutcomeValue identifier="SCORE">
<mapResponse identifier="RESPONSE"/>
</setOutcomeValue>
<responseCondition>
<responseIf>
<equal toleranceMode="relative" tolerance="0.001">
<variable identifier="SCORE"/>
<variable identifier="MAXSCORE"/>
</equal>
<setOutcomeValue identifier="FEEDBACK">
<baseValue baseType="identifier">ANSWER_CORRECT</baseValue>
</setOutcomeValue>
</responseIf>
<responseElse>
<setOutcomeValue identifier="FEEDBACK">
<baseValue baseType="identifier">FAILURE</baseValue>
</setOutcomeValue>
</responseElse>
</responseCondition>
</responseElse>
</responseCondition>
</responseProcessing>
<modalFeedback identifier="FAILURE" outcomeIdentifier="FEEDBACK" showHide="show">
<div class="textblock tvblock tvcss_1"><div class="rte_zone tveditor1">
</div>
</div>
</modalFeedback>
<modalFeedback identifier="ANSWER_CORRECT" outcomeIdentifier="FEEDBACK" showHide="show">
<div class="textblock tvblock tvcss_1"><div class="rte_zone tveditor1">
</div>
</div>
</modalFeedback>
<modalFeedback identifier="PARTIAL_CORRECT" outcomeIdentifier="FEEDBACK" showHide="show">
<div class="textblock tvblock tvcss_1"><div class="rte_zone tveditor1">
</div>
</div>
</modalFeedback>
</assessmentItem>
