<?xml version="1.0" encoding="utf-8" standalone="yes"?>
<assessmentItem identifier="vufgb-chisquaredforindependence-002-en-tv_202601131822_item_1_schoice" title="vufgb-chisquaredforindependence-002-en-tv_202601131822_item_1_schoice_vufgb-chisquaredforindependence-002-en" adaptive="false" timeDependent="false" toolName="Testvision Online" toolVersion="39.0.9084" xmlns="http://www.imsglobal.org/xsd/imsqti_v2p1"> <responseDeclaration identifier="RESPONSE" cardinality="single" baseType="identifier"> <correctResponse> <value>alt_365302</value> </correctResponse> <mapping defaultValue="0" lowerBound="0.0"> <mapEntry mapKey="alt_833478" mappedValue="-0.333333333333333"/> <mapEntry mapKey="alt_847366" mappedValue="-0.333333333333333"/> <mapEntry mapKey="alt_159944" mappedValue="-0.333333333333333"/> <mapEntry mapKey="alt_365302" mappedValue="1"/> </mapping> </responseDeclaration> <outcomeDeclaration identifier="SCORE" cardinality="single" baseType="float" normalMaximum="1" normalMinimum="0" /> <outcomeDeclaration identifier="FEEDBACK" cardinality="single" baseType="identifier" /> <stylesheet href="css/vufgb-chisquaredforindependence-002-en-tv_202601131822_item_1_schoice.css" type="text/css" /> <itemBody> <p>Marleen aims to investigate, with the help of the cross table below with data from 100 elderly persons, whether there is an association between Depression and Diabetes. What is the expected frequency <math display="inline" xmlns="http://www.w3.org/1998/Math/MathML"><semantics><msub><mi>f</mi><mi>e</mi></msub><annotation encoding="application/x-tex">f_{e}</annotation></semantics></math> in the cell Yes Depression and Yes Diabetes under the null hypothesis of independence?</p> <p><img src="mediafiles/supplements1/vufgb-chisquaredforindependence-002-en-graph-01.png" alt="image"/></p> <choiceInteraction responseIdentifier="RESPONSE" shuffle="false" maxChoices="1"> <simpleChoice identifier="alt_833478"> <div class="textblock tvblock tvcss_1"><div class="rte_zone tveditor1">  <ol  class="recss_1">
<li></li>
</ol> </div> </div> </simpleChoice> <simpleChoice identifier="alt_847366"> <div class="textblock tvblock tvcss_1"><div class="rte_zone tveditor1">  <ol  class="recss_2">
<li></li>
</ol> </div> </div> </simpleChoice> <simpleChoice identifier="alt_159944"> <div class="textblock tvblock tvcss_1"><div class="rte_zone tveditor1">  1.67. </div> </div> </simpleChoice> <simpleChoice identifier="alt_365302"> <div class="textblock tvblock tvcss_1"><div class="rte_zone tveditor1">  <ol  class="recss_3">
<li></li>
</ol> </div> </div> </simpleChoice> </choiceInteraction> </itemBody> <responseProcessing> <responseCondition> <responseIf> <isNull> <variable identifier="RESPONSE"/> </isNull> <setOutcomeValue identifier="SCORE"> <baseValue baseType="float">0.0</baseValue> </setOutcomeValue> <setOutcomeValue identifier="FEEDBACK"> <baseValue baseType="identifier">FAILURE</baseValue> </setOutcomeValue> </responseIf> <responseElse> <setOutcomeValue identifier="SCORE"> <mapResponse identifier="RESPONSE"/> </setOutcomeValue> <responseCondition> <responseIf> <equal toleranceMode="relative" tolerance="0.001"> <variable identifier="SCORE"/> <variable identifier="MAXSCORE"/> </equal> <setOutcomeValue identifier="FEEDBACK"> <baseValue baseType="identifier">ANSWER_CORRECT</baseValue> </setOutcomeValue> </responseIf> <responseElse> <setOutcomeValue identifier="FEEDBACK"> <baseValue baseType="identifier">FAILURE</baseValue> </setOutcomeValue> </responseElse> </responseCondition> </responseElse> </responseCondition> </responseProcessing> <modalFeedback identifier="FAILURE" outcomeIdentifier="FEEDBACK" showHide="show"> <div class="textblock tvblock tvcss_1"><div class="rte_zone tveditor1"> <ul> <li> <ol  class="recss_1">
<li></li>
</ol> <br /> Incorrect </li> <li> <ol  class="recss_2">
<li></li>
</ol> <br /> Incorrect </li> <li> 1.67. <br /> Incorrect </li> <li> <ol  class="recss_3">
<li></li>
</ol> <br /> Correct </li> </ul> </div> </div> </modalFeedback> <modalFeedback identifier="ANSWER_CORRECT" outcomeIdentifier="FEEDBACK" showHide="show"> <div class="textblock tvblock tvcss_1"><div class="rte_zone tveditor1"> <ul> <li> <ol  class="recss_1">
<li></li>
</ol> <br /> Incorrect </li> <li> <ol  class="recss_2">
<li></li>
</ol> <br /> Incorrect </li> <li> 1.67. <br /> Incorrect </li> <li> <ol  class="recss_3">
<li></li>
</ol> <br /> Correct </li> </ul> </div> </div> </modalFeedback> <modalFeedback identifier="PARTIAL_CORRECT" outcomeIdentifier="FEEDBACK" showHide="show"> <div class="textblock tvblock tvcss_1"><div class="rte_zone tveditor1"> <ul> <li> <ol  class="recss_1">
<li></li>
</ol> <br /> Incorrect </li> <li> <ol  class="recss_2">
<li></li>
</ol> <br /> Incorrect </li> <li> 1.67. <br /> Incorrect </li> <li> <ol  class="recss_3">
<li></li>
</ol> <br /> Correct </li> </ul> </div> </div> </modalFeedback> </assessmentItem>
