<?xml version="1.0" encoding="UTF-8"?>
<assessmentItem xsi:schemaLocation="http://www.imsglobal.org/xsd/imsqti_v2p1 http://www.imsglobal.org/xsd/qti/qtiv2p1/imsqti_v2p1p1.xsd http://www.w3.org/1998/Math/MathML http://www.w3.org/Math/XMLSchema/mathml2/mathml2.xsd" identifier="uva-standard-deviation-414-nl-qti_985599843_section_1_item_1_schoice" title="1" adaptive="false" timeDependent="false" xmlns="http://www.imsglobal.org/xsd/imsqti_v2p1" xmlns:xsi="http://www.w3.org/2001/XMLSchema-instance">
<responseDeclaration identifier="uva-standard-deviation-414-nl-qti_985599843_section_1_item_1_schoice_RESPONSE_1_9097167" cardinality="single" baseType="identifier">
<correctResponse>
<value>uva-standard-deviation-414-nl-qti_985599843_section_1_item_1_schoice_4_8216424151</value>
</correctResponse>
<mapping defaultValue="0" lowerBound="0.0">
<mapEntry mapKey="uva-standard-deviation-414-nl-qti_985599843_section_1_item_1_schoice_1_5122614852" mappedValue="0"/>
<mapEntry mapKey="uva-standard-deviation-414-nl-qti_985599843_section_1_item_1_schoice_2_6814988015" mappedValue="0"/>
<mapEntry mapKey="uva-standard-deviation-414-nl-qti_985599843_section_1_item_1_schoice_3_7995652659" mappedValue="0"/>
<mapEntry mapKey="uva-standard-deviation-414-nl-qti_985599843_section_1_item_1_schoice_4_8216424151" mappedValue="1"/>
</mapping>
</responseDeclaration>
<outcomeDeclaration identifier="SCORE" cardinality="single" baseType="float" normalMaximum="1" normalMinimum="0">
<defaultValue>
<value>0.0</value>
</defaultValue>
</outcomeDeclaration>
<outcomeDeclaration identifier="MAXSCORE" cardinality="single" baseType="float">
<defaultValue>
<value>1</value>
</defaultValue>
</outcomeDeclaration>
<outcomeDeclaration identifier="FEEDBACKBASIC" cardinality="single" baseType="identifier" view="testConstructor">
<defaultValue>
<value>empty</value>
</defaultValue>
</outcomeDeclaration>
<outcomeDeclaration identifier="FEEDBACKMODAL" cardinality="multiple" baseType="identifier" view="testConstructor"/>
<outcomeDeclaration identifier="SOLUTIONMODAL" cardinality="single" baseType="identifier" view="testConstructor"/>
<outcomeDeclaration identifier="MINSCORE" cardinality="single" baseType="float">
<defaultValue>
<value baseType="float">0</value>
</defaultValue>
</outcomeDeclaration>
<outcomeDeclaration identifier="SCORE_RESPONSE_1" cardinality="single" baseType="float">
<defaultValue>
<value>0.0</value>
</defaultValue>
</outcomeDeclaration>
<outcomeDeclaration identifier="MINSCORE_RESPONSE_1" cardinality="single" baseType="float">
<defaultValue>
<value>0.0</value>
</defaultValue>
</outcomeDeclaration>
<itemBody>
<p>Uit een grote populatie wordt een steekproef van 7 personen getrokken en
hun lichaamstemperatuur (in °C) wordt gemeten, met als uitkomsten: 37.5,
37.1, 38.0, 37.6, 36.8, 37.1, 37.7 De steekproef standaarddeviatie is
gelijk aan</p>
<choiceInteraction responseIdentifier="uva-standard-deviation-414-nl-qti_985599843_section_1_item_1_schoice_RESPONSE_1_9097167" shuffle="false" maxChoices="1">
<simpleChoice identifier="uva-standard-deviation-414-nl-qti_985599843_section_1_item_1_schoice_1_5122614852">
<p>
 0.157
</p>
</simpleChoice>
<simpleChoice identifier="uva-standard-deviation-414-nl-qti_985599843_section_1_item_1_schoice_2_6814988015">
<p>
 0.173
</p>
</simpleChoice>
<simpleChoice identifier="uva-standard-deviation-414-nl-qti_985599843_section_1_item_1_schoice_3_7995652659">
<p>
 0.385
</p>
</simpleChoice>
<simpleChoice identifier="uva-standard-deviation-414-nl-qti_985599843_section_1_item_1_schoice_4_8216424151">
<p>
 0.416
</p>
</simpleChoice>
</choiceInteraction>
</itemBody>
<responseProcessing>
<setOutcomeValue identifier="SCORE_RESPONSE_1">
<sum>
<variable identifier="SCORE_RESPONSE_1"/>
<mapResponse identifier="uva-standard-deviation-414-nl-qti_985599843_section_1_item_1_schoice_RESPONSE_1_9097167"/>
</sum>
</setOutcomeValue>
<responseCondition>
<responseIf>
<lt>
<variable identifier="SCORE_RESPONSE_1"/>
<variable identifier="MINSCORE_RESPONSE_1"/>
</lt>
<setOutcomeValue identifier="SCORE_RESPONSE_1">
<variable identifier="MINSCORE_RESPONSE_1"/>
</setOutcomeValue>
</responseIf>
</responseCondition>
<responseCondition>
<responseIf>
<isNull>
<variable identifier="uva-standard-deviation-414-nl-qti_985599843_section_1_item_1_schoice_RESPONSE_1_9097167"/>
</isNull>
<setOutcomeValue identifier="SCORE_RESPONSE_1">
<sum>
<variable identifier="SCORE_RESPONSE_1"/>
<baseValue baseType="float">0</baseValue>
</sum>
</setOutcomeValue>
</responseIf>
</responseCondition>
<setOutcomeValue identifier="SCORE">
<sum>
<variable identifier="SCORE_RESPONSE_1"/>
</sum>
</setOutcomeValue>
<responseCondition>
<responseIf>
<lt>
<variable identifier="SCORE"/>
<variable identifier="MINSCORE"/>
</lt>
<setOutcomeValue identifier="SCORE">
<variable identifier="MINSCORE"/>
</setOutcomeValue>
</responseIf>
</responseCondition>
<responseCondition>
<responseIf>
<lt>
<variable identifier="SCORE"/>
<baseValue baseType="float">1</baseValue>
</lt>
<setOutcomeValue identifier="FEEDBACKMODAL">
<multiple>
<variable identifier="FEEDBACKMODAL"/>
<baseValue baseType="identifier">Feedback449854617</baseValue>
</multiple>
</setOutcomeValue>
</responseIf>
</responseCondition>
</responseProcessing>
<modalFeedback identifier="Feedback449854617" outcomeIdentifier="FEEDBACKMODAL" showHide="show">
<ul>
<li> 0.157 <br /> 0.157: Incorrect </li>
<li> 0.173 <br /> 0.173: Incorrect </li>
<li> 0.385 <br /> 0.385: Incorrect </li>
<li> 0.416 <br /> 0.416: Correct </li>
</ul>
</modalFeedback>
</assessmentItem>
