<?xml version="1.0" encoding="UTF-8"?>
<assessmentItem xsi:schemaLocation="http://www.imsglobal.org/xsd/imsqti_v2p1 http://www.imsglobal.org/xsd/qti/qtiv2p1/imsqti_v2p1p1.xsd http://www.w3.org/1998/Math/MathML http://www.w3.org/Math/XMLSchema/mathml2/mathml2.xsd" identifier="eur-descriptive-103-en-qti_546039792_section_1_item_1_num" title="1" adaptive="false" timeDependent="false" xmlns="http://www.imsglobal.org/xsd/imsqti_v2p1" xmlns:xsi="http://www.w3.org/2001/XMLSchema-instance">
<responseDeclaration identifier="eur-descriptive-103-en-qti_546039792_section_1_item_1_num_RESPONSE_1_3718954" cardinality="single" baseType="float">
<correctResponse>
<value>1.303</value>
</correctResponse>
</responseDeclaration>
<outcomeDeclaration identifier="SCORE" cardinality="single" baseType="float" normalMaximum="1" normalMinimum="0">
<defaultValue>
<value>0.0</value>
</defaultValue>
</outcomeDeclaration>
<outcomeDeclaration identifier="MAXSCORE" cardinality="single" baseType="float">
<defaultValue>
<value>1</value>
</defaultValue>
</outcomeDeclaration>
<outcomeDeclaration identifier="FEEDBACKBASIC" cardinality="single" baseType="identifier" view="testConstructor">
<defaultValue>
<value>empty</value>
</defaultValue>
</outcomeDeclaration>
<outcomeDeclaration identifier="FEEDBACKMODAL" cardinality="multiple" baseType="identifier" view="testConstructor"/>
<outcomeDeclaration identifier="SOLUTIONMODAL" cardinality="single" baseType="identifier" view="testConstructor"/>
<outcomeDeclaration identifier="MINSCORE" cardinality="single" baseType="float">
<defaultValue>
<value baseType="float">0</value>
</defaultValue>
</outcomeDeclaration>
<outcomeDeclaration identifier="SCORE_RESPONSE_1" cardinality="single" baseType="float">
<defaultValue>
<value>0.0</value>
</defaultValue>
</outcomeDeclaration>
<outcomeDeclaration identifier="MINSCORE_RESPONSE_1" cardinality="single" baseType="float">
<defaultValue>
<value>0.0</value>
</defaultValue>
</outcomeDeclaration>
<itemBody>
<p>Below you find the scores of six students on the course 1.1 exam (social psychology) and the course 1.3 exam (statistics). For both exam scores calculate the standard deviation.</p>
<table>
<thead>
<tr class="header">
<th align="right">Students</th>
<th align="right">Exam Course 1.1</th>
<th align="right">Exam Course 1.3</th>
</tr>
</thead>
<tbody>
<tr class="odd">
<td align="right">1</td>
<td align="right">7.5</td>
<td align="right">6.8</td>
</tr>
<tr class="even">
<td align="right">2</td>
<td align="right">6.2</td>
<td align="right">5.4</td>
</tr>
<tr class="odd">
<td align="right">3</td>
<td align="right">5.2</td>
<td align="right">7.6</td>
</tr>
<tr class="even">
<td align="right">4</td>
<td align="right">8.2</td>
<td align="right">7.6</td>
</tr>
<tr class="odd">
<td align="right">5</td>
<td align="right">9.2</td>
<td align="right">8.4</td>
</tr>
<tr class="even">
<td align="right">6</td>
<td align="right">6.9</td>
<td align="right">4.7</td>
</tr>
</tbody>
</table>
<p>Calculate standard deviation of the exam scores for course 1.1</p>
<p>
<textEntryInteraction responseIdentifier="eur-descriptive-103-en-qti_546039792_section_1_item_1_num_RESPONSE_1_3718954"/>
</p>
</itemBody>
<responseProcessing>
<responseCondition>
<responseIf>
<equal toleranceMode="absolute" tolerance="0.01 0.01" includeLowerBound="true" includeUpperBound="true">
<variable identifier="eur-descriptive-103-en-qti_546039792_section_1_item_1_num_RESPONSE_1_3718954"/>
<correct identifier="eur-descriptive-103-en-qti_546039792_section_1_item_1_num_RESPONSE_1_3718954"/>
</equal>
<setOutcomeValue identifier="SCORE_RESPONSE_1">
<sum>
<variable identifier="SCORE_RESPONSE_1"/>
<baseValue baseType="float">1</baseValue>
</sum>
</setOutcomeValue>
</responseIf>
</responseCondition>
<responseCondition>
<responseIf>
<and>
<not>
<isNull>
<variable identifier="eur-descriptive-103-en-qti_546039792_section_1_item_1_num_RESPONSE_1_3718954"/>
</isNull>
</not>
<lt>
<variable identifier="SCORE_RESPONSE_1"/>
<baseValue baseType="float">1</baseValue>
</lt>
</and>
<setOutcomeValue identifier="SCORE_RESPONSE_1">
<sum>
<variable identifier="SCORE_RESPONSE_1"/>
<baseValue baseType="float">0</baseValue>
</sum>
</setOutcomeValue>
</responseIf>
</responseCondition>
<responseCondition>
<responseIf>
<lt>
<variable identifier="SCORE_RESPONSE_1"/>
<variable identifier="MINSCORE_RESPONSE_1"/>
</lt>
<setOutcomeValue identifier="SCORE_RESPONSE_1">
<variable identifier="MINSCORE_RESPONSE_1"/>
</setOutcomeValue>
</responseIf>
</responseCondition>
<responseCondition>
<responseIf>
<isNull>
<variable identifier="eur-descriptive-103-en-qti_546039792_section_1_item_1_num_RESPONSE_1_3718954"/>
</isNull>
<setOutcomeValue identifier="SCORE_RESPONSE_1">
<sum>
<variable identifier="SCORE_RESPONSE_1"/>
<baseValue baseType="float">0</baseValue>
</sum>
</setOutcomeValue>
</responseIf>
</responseCondition>
<setOutcomeValue identifier="SCORE">
<sum>
<variable identifier="SCORE_RESPONSE_1"/>
</sum>
</setOutcomeValue>
<responseCondition>
<responseIf>
<lt>
<variable identifier="SCORE"/>
<variable identifier="MINSCORE"/>
</lt>
<setOutcomeValue identifier="SCORE">
<variable identifier="MINSCORE"/>
</setOutcomeValue>
</responseIf>
</responseCondition>
<responseCondition>
<responseIf>
<lt>
<variable identifier="SCORE"/>
<baseValue baseType="float">1</baseValue>
</lt>
<setOutcomeValue identifier="FEEDBACKMODAL">
<multiple>
<variable identifier="FEEDBACKMODAL"/>
<baseValue baseType="identifier">Feedback153319070</baseValue>
</multiple>
</setOutcomeValue>
</responseIf>
</responseCondition>
</responseProcessing>
<modalFeedback identifier="Feedback153319070" outcomeIdentifier="FEEDBACKMODAL" showHide="show">
<table>
<thead>
<tr class="header">
<th align="left"></th>
<th align="left">Students</th>
<th align="left">Exam Course 1.1</th>
<th align="left">Squared Deviation 1.1</th>
</tr>
</thead>
<tbody>
<tr class="odd">
<td align="left"></td>
<td align="left">1</td>
<td align="left">7.5</td>
<td align="left">(7.5 ‐ 7.2)(7.5 ‐ 7.2)</td>
</tr>
<tr class="even">
<td align="left"></td>
<td align="left">2</td>
<td align="left">6.2</td>
<td align="left">(6.2 ‐ 7.2)(6.2 ‐ 7.2)</td>
</tr>
<tr class="odd">
<td align="left"></td>
<td align="left">3</td>
<td align="left">5.2</td>
<td align="left">(5.2 ‐ 7.2)(5.2 ‐ 7.2)</td>
</tr>
<tr class="even">
<td align="left"></td>
<td align="left">4</td>
<td align="left">8.2</td>
<td align="left">(8.2 ‐ 7.2)(8.2 ‐ 7.2)</td>
</tr>
<tr class="odd">
<td align="left"></td>
<td align="left">5</td>
<td align="left">9.2</td>
<td align="left">(9.2 ‐ 7.2)(9.2 ‐ 7.2)</td>
</tr>
<tr class="even">
<td align="left"></td>
<td align="left">6</td>
<td align="left">6.9</td>
<td align="left">(6.9 ‐ 7.2)(6.9 ‐ 7.2)</td>
</tr>
<tr class="odd">
<td align="left">Sum</td>
<td align="left"></td>
<td align="left">43.2</td>
<td align="left">10.18</td>
</tr>
<tr class="even">
<td align="left">Mean</td>
<td align="left"></td>
<td align="left">7.2</td>
<td align="left">1.697</td>
</tr>
</tbody>
</table>
<p>The mean is calculated by summing the scores on the exam and dividing this sum by the number of participants:</p>
<p>Mean Exam 1.1 = <math display="inline" xmlns="http://www.w3.org/1998/Math/MathML"><semantics><mrow><mfrac><mn>43.20</mn><mn>6</mn></mfrac><mo>=</mo><mn>7.20</mn></mrow><annotation encoding="application/x-tex">\frac{43.20}{6} = 7.20</annotation></semantics></math></p>
<p>A deviation score is calculated by subtracting the individual score from the mean. The variance is calculated by squaring these deviation scores, summing those and divide this sum by N.</p>
<p>Variance Exam 1.1 = <math display="inline" xmlns="http://www.w3.org/1998/Math/MathML"><semantics><mrow><mfrac><mn>10.18</mn><mn>6</mn></mfrac><mo>=</mo><mn>1.697</mn></mrow><annotation encoding="application/x-tex">\frac{10.18}{6} = 1.697</annotation></semantics></math></p>
<p>The standard deviation is calculated by taking the square root of the variance.</p>
<p>Standard deviation Exam 1.1 = <math display="inline" xmlns="http://www.w3.org/1998/Math/MathML"><semantics><mrow><msqrt><mn>1.697</mn></msqrt><mo>=</mo><mn>1.303</mn></mrow><annotation encoding="application/x-tex">\sqrt{1.697} = 1.303</annotation></semantics></math></p>
</modalFeedback>
</assessmentItem>
