<?xml version="1.0" encoding="utf-8" standalone="yes"?>
<assessmentItem identifier="vufgb-twowayanova-003-nl-tv_202601131821_item_1_schoice" title="vufgb-twowayanova-003-nl-tv_202601131821_item_1_schoice_vufgb-twowayanova-003-nl" adaptive="false" timeDependent="false" toolName="Testvision Online" toolVersion="39.0.9084" xmlns="http://www.imsglobal.org/xsd/imsqti_v2p1">
<responseDeclaration identifier="RESPONSE" cardinality="single" baseType="identifier">
<correctResponse>
<value>alt_199641</value>
</correctResponse>
<mapping defaultValue="0" lowerBound="0.0">
<mapEntry mapKey="alt_324952" mappedValue="-0.333333333333333"/>
<mapEntry mapKey="alt_131183" mappedValue="-0.333333333333333"/>
<mapEntry mapKey="alt_273466" mappedValue="-0.333333333333333"/>
<mapEntry mapKey="alt_199641" mappedValue="1"/>
</mapping>
</responseDeclaration>
<outcomeDeclaration identifier="SCORE" cardinality="single" baseType="float" normalMaximum="1" normalMinimum="0" />
<outcomeDeclaration identifier="FEEDBACK" cardinality="single" baseType="identifier" />
<stylesheet href="css/vufgb-twowayanova-003-nl-tv_202601131821_item_1_schoice.css" type="text/css" />
<itemBody>
<p>We gebruiken een ANOVA-model met twee factoren (<em>two-way ANOVA</em>) in een gebalanceerd experimenteel design. Vul de volgende zin aan: “De predictoren zijn …, en de kwadratensommen overlappen … .”</p>
<choiceInteraction responseIdentifier="RESPONSE" shuffle="false" maxChoices="1">
<simpleChoice identifier="alt_324952">
<div class="textblock tvblock tvcss_1"><div class="rte_zone tveditor1">
 Afhankelijk; wel.
</div>
</div>
</simpleChoice>
<simpleChoice identifier="alt_131183">
<div class="textblock tvblock tvcss_1"><div class="rte_zone tveditor1">
 Afhankelijk; niet.
</div>
</div>
</simpleChoice>
<simpleChoice identifier="alt_273466">
<div class="textblock tvblock tvcss_1"><div class="rte_zone tveditor1">
 Onafhankelijk; wel.
</div>
</div>
</simpleChoice>
<simpleChoice identifier="alt_199641">
<div class="textblock tvblock tvcss_1"><div class="rte_zone tveditor1">
 Onafhankelijk; niet.
</div>
</div>
</simpleChoice>
</choiceInteraction>
</itemBody>
<responseProcessing>
<responseCondition>
<responseIf>
<isNull>
<variable identifier="RESPONSE"/>
</isNull>
<setOutcomeValue identifier="SCORE">
<baseValue baseType="float">0.0</baseValue>
</setOutcomeValue>
<setOutcomeValue identifier="FEEDBACK">
<baseValue baseType="identifier">FAILURE</baseValue>
</setOutcomeValue>
</responseIf>
<responseElse>
<setOutcomeValue identifier="SCORE">
<mapResponse identifier="RESPONSE"/>
</setOutcomeValue>
<responseCondition>
<responseIf>
<equal toleranceMode="relative" tolerance="0.001">
<variable identifier="SCORE"/>
<variable identifier="MAXSCORE"/>
</equal>
<setOutcomeValue identifier="FEEDBACK">
<baseValue baseType="identifier">ANSWER_CORRECT</baseValue>
</setOutcomeValue>
</responseIf>
<responseElse>
<setOutcomeValue identifier="FEEDBACK">
<baseValue baseType="identifier">FAILURE</baseValue>
</setOutcomeValue>
</responseElse>
</responseCondition>
</responseElse>
</responseCondition>
</responseProcessing>
<modalFeedback identifier="FAILURE" outcomeIdentifier="FEEDBACK" showHide="show">
<div class="textblock tvblock tvcss_1"><div class="rte_zone tveditor1">
</div>
</div>
</modalFeedback>
<modalFeedback identifier="ANSWER_CORRECT" outcomeIdentifier="FEEDBACK" showHide="show">
<div class="textblock tvblock tvcss_1"><div class="rte_zone tveditor1">
</div>
</div>
</modalFeedback>
<modalFeedback identifier="PARTIAL_CORRECT" outcomeIdentifier="FEEDBACK" showHide="show">
<div class="textblock tvblock tvcss_1"><div class="rte_zone tveditor1">
</div>
</div>
</modalFeedback>
</assessmentItem>
