<?xml version="1.0" encoding="UTF-8"?>
<assessmentItem xsi:schemaLocation="http://www.imsglobal.org/xsd/imsqti_v2p1 http://www.imsglobal.org/xsd/qti/qtiv2p1/imsqti_v2p1p1.xsd http://www.w3.org/1998/Math/MathML http://www.w3.org/Math/XMLSchema/mathml2/mathml2.xsd" identifier="uva-parametric-techniques-105-nl-qti_560937069_section_1_item_1_schoice" title="1" adaptive="false" timeDependent="false" xmlns="http://www.imsglobal.org/xsd/imsqti_v2p1" xmlns:xsi="http://www.w3.org/2001/XMLSchema-instance">
<responseDeclaration identifier="uva-parametric-techniques-105-nl-qti_560937069_section_1_item_1_schoice_RESPONSE_1_6448690" cardinality="single" baseType="identifier">
<correctResponse>
<value>uva-parametric-techniques-105-nl-qti_560937069_section_1_item_1_schoice_1_5932491995</value>
</correctResponse>
<mapping defaultValue="0" lowerBound="0.0">
<mapEntry mapKey="uva-parametric-techniques-105-nl-qti_560937069_section_1_item_1_schoice_1_5932491995" mappedValue="1"/>
<mapEntry mapKey="uva-parametric-techniques-105-nl-qti_560937069_section_1_item_1_schoice_2_2610071777" mappedValue="0"/>
<mapEntry mapKey="uva-parametric-techniques-105-nl-qti_560937069_section_1_item_1_schoice_3_1993813715" mappedValue="0"/>
</mapping>
</responseDeclaration>
<outcomeDeclaration identifier="SCORE" cardinality="single" baseType="float" normalMaximum="1" normalMinimum="0">
<defaultValue>
<value>0.0</value>
</defaultValue>
</outcomeDeclaration>
<outcomeDeclaration identifier="MAXSCORE" cardinality="single" baseType="float">
<defaultValue>
<value>1</value>
</defaultValue>
</outcomeDeclaration>
<outcomeDeclaration identifier="FEEDBACKBASIC" cardinality="single" baseType="identifier" view="testConstructor">
<defaultValue>
<value>empty</value>
</defaultValue>
</outcomeDeclaration>
<outcomeDeclaration identifier="FEEDBACKMODAL" cardinality="multiple" baseType="identifier" view="testConstructor"/>
<outcomeDeclaration identifier="SOLUTIONMODAL" cardinality="single" baseType="identifier" view="testConstructor"/>
<outcomeDeclaration identifier="MINSCORE" cardinality="single" baseType="float">
<defaultValue>
<value baseType="float">0</value>
</defaultValue>
</outcomeDeclaration>
<outcomeDeclaration identifier="SCORE_RESPONSE_1" cardinality="single" baseType="float">
<defaultValue>
<value>0.0</value>
</defaultValue>
</outcomeDeclaration>
<outcomeDeclaration identifier="MINSCORE_RESPONSE_1" cardinality="single" baseType="float">
<defaultValue>
<value>0.0</value>
</defaultValue>
</outcomeDeclaration>
<itemBody>
<p>Onderzoekers willen weten of er een verschil is in informatieverwerking
tussen kinderen met autisme en kinderen met Attention Deficit
Hyperactivity Disorder (ADHD). Daartoe trekken ze aselect 32 kinderen
uit de populatie van kinderen met autisme en trekken ze aselect 29
kinderen uit de populatie van kinderen met ADHD. Ze meten reactietijden
van beide groepen. Het is bekend van reactietijden dat deze scheef naar
rechts zijn verdeeld. Het is in dit geval verstandig als de onderzoekers
de volgende test uitvoeren:</p>
<choiceInteraction responseIdentifier="uva-parametric-techniques-105-nl-qti_560937069_section_1_item_1_schoice_RESPONSE_1_6448690" shuffle="false" maxChoices="1">
<simpleChoice identifier="uva-parametric-techniques-105-nl-qti_560937069_section_1_item_1_schoice_1_5932491995">
<p>
 Wilcoxon’s test.
</p>
</simpleChoice>
<simpleChoice identifier="uva-parametric-techniques-105-nl-qti_560937069_section_1_item_1_schoice_2_2610071777">
<p>
 paired t-test.
</p>
</simpleChoice>
<simpleChoice identifier="uva-parametric-techniques-105-nl-qti_560937069_section_1_item_1_schoice_3_1993813715">
<p>
 McNemar’s test.
</p>
</simpleChoice>
</choiceInteraction>
</itemBody>
<responseProcessing>
<setOutcomeValue identifier="SCORE_RESPONSE_1">
<sum>
<variable identifier="SCORE_RESPONSE_1"/>
<mapResponse identifier="uva-parametric-techniques-105-nl-qti_560937069_section_1_item_1_schoice_RESPONSE_1_6448690"/>
</sum>
</setOutcomeValue>
<responseCondition>
<responseIf>
<lt>
<variable identifier="SCORE_RESPONSE_1"/>
<variable identifier="MINSCORE_RESPONSE_1"/>
</lt>
<setOutcomeValue identifier="SCORE_RESPONSE_1">
<variable identifier="MINSCORE_RESPONSE_1"/>
</setOutcomeValue>
</responseIf>
</responseCondition>
<responseCondition>
<responseIf>
<isNull>
<variable identifier="uva-parametric-techniques-105-nl-qti_560937069_section_1_item_1_schoice_RESPONSE_1_6448690"/>
</isNull>
<setOutcomeValue identifier="SCORE_RESPONSE_1">
<sum>
<variable identifier="SCORE_RESPONSE_1"/>
<baseValue baseType="float">0</baseValue>
</sum>
</setOutcomeValue>
</responseIf>
</responseCondition>
<setOutcomeValue identifier="SCORE">
<sum>
<variable identifier="SCORE_RESPONSE_1"/>
</sum>
</setOutcomeValue>
<responseCondition>
<responseIf>
<lt>
<variable identifier="SCORE"/>
<variable identifier="MINSCORE"/>
</lt>
<setOutcomeValue identifier="SCORE">
<variable identifier="MINSCORE"/>
</setOutcomeValue>
</responseIf>
</responseCondition>
<responseCondition>
<responseIf>
<lt>
<variable identifier="SCORE"/>
<baseValue baseType="float">1</baseValue>
</lt>
<setOutcomeValue identifier="FEEDBACKMODAL">
<multiple>
<variable identifier="FEEDBACKMODAL"/>
<baseValue baseType="identifier">Feedback371087721</baseValue>
</multiple>
</setOutcomeValue>
</responseIf>
</responseCondition>
</responseProcessing>
<modalFeedback identifier="Feedback371087721" outcomeIdentifier="FEEDBACKMODAL" showHide="show">
<ul>
<li> Wilcoxon’s test. <br /> Wilcoxon’s test.: Correct </li>
<li> paired t-test. <br /> paired t-test.: Incorrect </li>
<li> McNemar’s test. <br /> McNemar’s test.: Incorrect </li>
</ul>
</modalFeedback>
</assessmentItem>
