<?xml version="1.0" encoding="UTF-8"?>
<assessmentItem xsi:schemaLocation="http://www.imsglobal.org/xsd/imsqti_v2p1 http://www.imsglobal.org/xsd/qti/qtiv2p1/imsqti_v2p1p1.xsd http://www.w3.org/1998/Math/MathML http://www.w3.org/Math/XMLSchema/mathml2/mathml2.xsd" identifier="vufgb-equation-016-nl-ans_867911639_section_1_item_1_schoice" title="Inferential_Statistics_vufgb-equation-016-nl_vufgb-equation-016-nl_schoice_1" adaptive="false" timeDependent="false" xmlns="http://www.imsglobal.org/xsd/imsqti_v2p1" xmlns:xsi="http://www.w3.org/2001/XMLSchema-instance">
<responseDeclaration identifier="vufgb-equation-016-nl-ans_867911639_section_1_item_1_schoice_RESPONSE_1_1474185" cardinality="single" baseType="identifier">
<correctResponse>
<value>vufgb-equation-016-nl-ans_867911639_section_1_item_1_schoice_2_7108627603</value>
</correctResponse>
<mapping defaultValue="0" lowerBound="0.0">
<mapEntry mapKey="vufgb-equation-016-nl-ans_867911639_section_1_item_1_schoice_1_2904887296" mappedValue="0"/>
<mapEntry mapKey="vufgb-equation-016-nl-ans_867911639_section_1_item_1_schoice_2_7108627603" mappedValue="1"/>
<mapEntry mapKey="vufgb-equation-016-nl-ans_867911639_section_1_item_1_schoice_3_6153816017" mappedValue="0"/>
<mapEntry mapKey="vufgb-equation-016-nl-ans_867911639_section_1_item_1_schoice_4_4831439487" mappedValue="0"/>
</mapping>
</responseDeclaration>
<outcomeDeclaration identifier="SCORE" cardinality="single" baseType="float" normalMaximum="1" normalMinimum="0">
<defaultValue>
<value>0.0</value>
</defaultValue>
</outcomeDeclaration>
<outcomeDeclaration identifier="MAXSCORE" cardinality="single" baseType="float">
<defaultValue>
<value>1</value>
</defaultValue>
</outcomeDeclaration>
<outcomeDeclaration identifier="FEEDBACKBASIC" cardinality="single" baseType="identifier" view="testConstructor">
<defaultValue>
<value>empty</value>
</defaultValue>
</outcomeDeclaration>
<outcomeDeclaration identifier="FEEDBACKMODAL" cardinality="multiple" baseType="identifier" view="testConstructor"/>
<outcomeDeclaration identifier="SOLUTIONMODAL" cardinality="single" baseType="identifier" view="testConstructor"/>
<outcomeDeclaration identifier="MINSCORE" cardinality="single" baseType="float">
<defaultValue>
<value baseType="float">0</value>
</defaultValue>
</outcomeDeclaration>
<outcomeDeclaration identifier="SCORE_RESPONSE_1" cardinality="single" baseType="float">
<defaultValue>
<value>0.0</value>
</defaultValue>
</outcomeDeclaration>
<outcomeDeclaration identifier="MINSCORE_RESPONSE_1" cardinality="single" baseType="float">
<defaultValue>
<value>0.0</value>
</defaultValue>
</outcomeDeclaration>
<itemBody>
<p>Zie onderstaande tabel</p>
<p><img src="media/supplements1/vufgb-equation-016-nl-table01.jpg" /></p>
<p>Bekend is dat de gemiddelden van x en y, respectievelijk, 13 en 7.5 zijn, <span class="math inline">\(s_{x} = 2.45\)</span> en de geschatte regressielijn is <span class="math inline">\(\hat{y} = 4.61+0.22x\)</span>. Hoe groot is de correlatie tussen x en y?</p>
<choiceInteraction responseIdentifier="vufgb-equation-016-nl-ans_867911639_section_1_item_1_schoice_RESPONSE_1_1474185" shuffle="false" maxChoices="1">
<simpleChoice identifier="vufgb-equation-016-nl-ans_867911639_section_1_item_1_schoice_1_2904887296">
<p>
 0.22
</p>
</simpleChoice>
<simpleChoice identifier="vufgb-equation-016-nl-ans_867911639_section_1_item_1_schoice_2_7108627603">
<p>
 0.54
</p>
</simpleChoice>
<simpleChoice identifier="vufgb-equation-016-nl-ans_867911639_section_1_item_1_schoice_3_6153816017">
<p>
 −0.22
</p>
</simpleChoice>
<simpleChoice identifier="vufgb-equation-016-nl-ans_867911639_section_1_item_1_schoice_4_4831439487">
<p>
 −0.54
</p>
</simpleChoice>
</choiceInteraction>
</itemBody>
<responseProcessing>
<setOutcomeValue identifier="SCORE_RESPONSE_1">
<sum>
<variable identifier="SCORE_RESPONSE_1"/>
<mapResponse identifier="vufgb-equation-016-nl-ans_867911639_section_1_item_1_schoice_RESPONSE_1_1474185"/>
</sum>
</setOutcomeValue>
<responseCondition>
<responseIf>
<lt>
<variable identifier="SCORE_RESPONSE_1"/>
<variable identifier="MINSCORE_RESPONSE_1"/>
</lt>
<setOutcomeValue identifier="SCORE_RESPONSE_1">
<variable identifier="MINSCORE_RESPONSE_1"/>
</setOutcomeValue>
</responseIf>
</responseCondition>
<responseCondition>
<responseIf>
<isNull>
<variable identifier="vufgb-equation-016-nl-ans_867911639_section_1_item_1_schoice_RESPONSE_1_1474185"/>
</isNull>
<setOutcomeValue identifier="SCORE_RESPONSE_1">
<sum>
<variable identifier="SCORE_RESPONSE_1"/>
<baseValue baseType="float">0</baseValue>
</sum>
</setOutcomeValue>
</responseIf>
</responseCondition>
<setOutcomeValue identifier="SCORE">
<sum>
<variable identifier="SCORE_RESPONSE_1"/>
</sum>
</setOutcomeValue>
<responseCondition>
<responseIf>
<lt>
<variable identifier="SCORE"/>
<variable identifier="MINSCORE"/>
</lt>
<setOutcomeValue identifier="SCORE">
<variable identifier="MINSCORE"/>
</setOutcomeValue>
</responseIf>
</responseCondition>
<responseCondition>
<responseIf>
<lt>
<variable identifier="SCORE"/>
<baseValue baseType="float">1</baseValue>
</lt>
<setOutcomeValue identifier="FEEDBACKMODAL">
<multiple>
<variable identifier="FEEDBACKMODAL"/>
<baseValue baseType="identifier">Feedback148706031</baseValue>
</multiple>
</setOutcomeValue>
</responseIf>
</responseCondition>
</responseProcessing>
<modalFeedback outcomeIdentifier="FEEDBACK" showHide="show" identifier="incorrect">
<ul>
<li> 0.22 <br /> Incorrect </li>
<li> 0.54 <br /> Correct </li>
<li> −0.22 <br /> Incorrect </li>
<li> −0.54 <br /> Incorrect </li>
</ul>
</modalFeedback>
</assessmentItem>
