<?xml version="1.0" encoding="utf-8" standalone="yes"?>
<assessmentItem identifier="vufgb-onesamplemean-002-nl-tv_202307180612_item_1_schoice" title="vufgb-onesamplemean-002-nl-tv_202307180612_item_1_schoice_vufgb-onesamplemean-002-nl" adaptive="false" timeDependent="false" toolName="Testvision Online" toolVersion="39.0.9084" xmlns="http://www.imsglobal.org/xsd/imsqti_v2p1">
<responseDeclaration identifier="RESPONSE" cardinality="single" baseType="identifier">
<correctResponse>
<value>alt_292172</value>
</correctResponse>
<mapping defaultValue="0" lowerBound="0.0">
<mapEntry mapKey="alt_227639" mappedValue="-0.333333333333333"/>
<mapEntry mapKey="alt_501363" mappedValue="-0.333333333333333"/>
<mapEntry mapKey="alt_160292" mappedValue="-0.333333333333333"/>
<mapEntry mapKey="alt_292172" mappedValue="1"/>
</mapping>
</responseDeclaration>
<outcomeDeclaration identifier="SCORE" cardinality="single" baseType="float" normalMaximum="1" normalMinimum="0" />
<outcomeDeclaration identifier="FEEDBACK" cardinality="single" baseType="identifier" />
<itemBody>
<p>Het gemiddelde geboortegewicht in een steekproef van 30 kinderen van moeders die dagelijks alcohol dronken tijdens de zwangerschap is 2.8 kilogram, met een standaarddeviatie van 0.5. Het gemiddelde geboortegewicht in de algemene populatie van kinderen is 3.4 kilogram. Toets of het gemiddelde geboortegewicht van kinderen van drinkende moeders significant afwijkt van de algemene populatie.</p>
<choiceInteraction responseIdentifier="RESPONSE" shuffle="false" maxChoices="1">
<simpleChoice identifier="alt_227639">
<div class="textblock tvblock tvcss_1"><div class="rte_zone tveditor1">
 <em>t</em>(<em>df</em>=29)=-1.20, <em>p</em>&gt;0.05.
</div>
</div>
</simpleChoice>
<simpleChoice identifier="alt_501363">
<div class="textblock tvblock tvcss_1"><div class="rte_zone tveditor1">
 <em>t</em>(<em>df</em>=29)=-1.20, <em>p</em>&lt;0.05.
</div>
</div>
</simpleChoice>
<simpleChoice identifier="alt_160292">
<div class="textblock tvblock tvcss_1"><div class="rte_zone tveditor1">
 <em>t</em>(<em>df</em>=29)=-6.57, <em>p</em>&gt;0.05.
</div>
</div>
</simpleChoice>
<simpleChoice identifier="alt_292172">
<div class="textblock tvblock tvcss_1"><div class="rte_zone tveditor1">
 <em>t</em>(<em>df</em>=29)=-6.57, <em>p</em>&lt;0.05.
</div>
</div>
</simpleChoice>
</choiceInteraction>
</itemBody>
<responseProcessing>
<responseCondition>
<responseIf>
<isNull>
<variable identifier="RESPONSE"/>
</isNull>
<setOutcomeValue identifier="SCORE">
<baseValue baseType="float">0.0</baseValue>
</setOutcomeValue>
<setOutcomeValue identifier="FEEDBACK">
<baseValue baseType="identifier">FAILURE</baseValue>
</setOutcomeValue>
</responseIf>
<responseElse>
<setOutcomeValue identifier="SCORE">
<mapResponse identifier="RESPONSE"/>
</setOutcomeValue>
<responseCondition>
<responseIf>
<equal toleranceMode="relative" tolerance="0.001">
<variable identifier="SCORE"/>
<variable identifier="MAXSCORE"/>
</equal>
<setOutcomeValue identifier="FEEDBACK">
<baseValue baseType="identifier">ANSWER_CORRECT</baseValue>
</setOutcomeValue>
</responseIf>
<responseElse>
<setOutcomeValue identifier="FEEDBACK">
<baseValue baseType="identifier">FAILURE</baseValue>
</setOutcomeValue>
</responseElse>
</responseCondition>
</responseElse>
</responseCondition>
</responseProcessing>
<modalFeedback identifier="FAILURE" outcomeIdentifier="FEEDBACK" showHide="show">
<div class="textblock tvblock tvcss_1"><div class="rte_zone tveditor1">
 <em>t</em>(<em>df</em>=29)=-1.20, <em>p</em>&gt;0.05. <br /> Incorrect 
 <em>t</em>(<em>df</em>=29)=-1.20, <em>p</em>&lt;0.05. <br /> Incorrect 
 <em>t</em>(<em>df</em>=29)=-6.57, <em>p</em>&gt;0.05. <br /> Incorrect 
 <em>t</em>(<em>df</em>=29)=-6.57, <em>p</em>&lt;0.05. <br /> Correct 
</div>
</div>
</modalFeedback>
<modalFeedback identifier="ANSWER_CORRECT" outcomeIdentifier="FEEDBACK" showHide="show">
<div class="textblock tvblock tvcss_1"><div class="rte_zone tveditor1">
 <em>t</em>(<em>df</em>=29)=-1.20, <em>p</em>&gt;0.05. <br /> Incorrect 
 <em>t</em>(<em>df</em>=29)=-1.20, <em>p</em>&lt;0.05. <br /> Incorrect 
 <em>t</em>(<em>df</em>=29)=-6.57, <em>p</em>&gt;0.05. <br /> Incorrect 
 <em>t</em>(<em>df</em>=29)=-6.57, <em>p</em>&lt;0.05. <br /> Correct 
</div>
</div>
</modalFeedback>
<modalFeedback identifier="PARTIAL_CORRECT" outcomeIdentifier="FEEDBACK" showHide="show">
<div class="textblock tvblock tvcss_1"><div class="rte_zone tveditor1">
 <em>t</em>(<em>df</em>=29)=-1.20, <em>p</em>&gt;0.05. <br /> Incorrect 
 <em>t</em>(<em>df</em>=29)=-1.20, <em>p</em>&lt;0.05. <br /> Incorrect 
 <em>t</em>(<em>df</em>=29)=-6.57, <em>p</em>&gt;0.05. <br /> Incorrect 
 <em>t</em>(<em>df</em>=29)=-6.57, <em>p</em>&lt;0.05. <br /> Correct 
</div>
</div>
</modalFeedback>
</assessmentItem>
