<?xml version="1.0" encoding="UTF-8"?>
<!DOCTYPE questestinterop SYSTEM "ims_qtiasiv1p2p1.dtd">

<questestinterop xmlns="http://www.imsglobal.org/xsd/ims_qtiasiv1p2" xmlns:xsi="http://www.w3.org/2001/XMLSchema-instance" xsi:schemaLocation="http://www.imsglobal.org/xsd/ims_qtiasiv1p2 http://www.imsglobal.org/xsd/ims_qtiasiv1p2p1.xsd">
<assessment ident="eur-inferential_statistics-114-en-canvas_680063498" title="eur-inferential_statistics-114-en-canvas">

<qtimetadata>
<qtimetadatafield>
<fieldlabel>cc_maxattempts</fieldlabel>
<fieldentry>1</fieldentry>
</qtimetadatafield>
<qtimetadatafield>
<fieldlabel>qmd_assessmenttype</fieldlabel>
<fieldentry>Assessment</fieldentry>
</qtimetadatafield>
</qtimetadata>
<objectives>
<material>
<mattext><![CDATA[Please solve the following exercises.]]></mattext>
</material>
</objectives>
<assessmentcontrol feedbackswitch="No" hintswitch="No" solutionswitch="Yes"/>
<outcomes_processing scoremodel="SumOfScores">
<outcomes>
<decvar varname="SCORE" vartype="Decimal" cutvalue="0"/>
</outcomes>
</outcomes_processing>
<assessfeedback title="AssessmentFeedback" ident="AssessmentFeedback">
<flow_mat>
<material>
<mattext>##AssessmentFeedback##</mattext>
</material>
</flow_mat>
</assessfeedback>

<section ident="eur-inferential_statistics-114-en-canvas_680063498_section_1" title="Exercise">

<objectives>
<material>
<mattext><![CDATA[Please answer the following question.]]></mattext>
</material>
</objectives>
<selection_ordering>
<selection>
<selection_number>1</selection_number>
<selection_extension>
<points_per_item>1</points_per_item>
</selection_extension>
</selection>
<order order_type="Random"/>
</selection_ordering>

<item ident="eur-inferential_statistics-114-en-canvas_680063498_section_1_item_1_schoice" title="Question" maxattempts="1">
<itemcontrol feedbackswitch="No" hintswitch="No" solutionswitch="Yes"/>
<itemmetadata>
<qtimetadata>
<qtimetadatafield>
<fieldlabel>question_type</fieldlabel>
<fieldentry>multiple_choice_question</fieldentry>
</qtimetadatafield>
</qtimetadata>
</itemmetadata>
<presentation>
<flow>
<material>
<matbreak/>
<mattext texttype="text/html" charset="utf-8"><![CDATA[
<p>When performing a regression analysis, the regression equation is determined by minimizing:</p>
]]></mattext>
<matbreak/>
</material>
<response_lid ident="eur-inferential_statistics-114-en-canvas_680063498_section_1_item_1_schoice_RESPONSE_6965637" rcardinality="Single" rtiming="No">
<render_choice shuffle="No">
<flow_label class="List">
<response_label ident="eur-inferential_statistics-114-en-canvas_680063498_section_1_item_1_schoice_6782703685" rshuffle="No">
<material>
<mattext texttype="text/html" charset="utf-8"><![CDATA[
 the total squared error (residual) between the predicted and the observed Y values
]]></mattext>
</material>
</response_label>
</flow_label>
<flow_label class="List">
<response_label ident="eur-inferential_statistics-114-en-canvas_680063498_section_1_item_1_schoice_5969238024" rshuffle="No">
<material>
<mattext texttype="text/html" charset="utf-8"><![CDATA[
 the total absolute error (residual) between the predicted and the observed Y value
]]></mattext>
</material>
</response_label>
</flow_label>
<flow_label class="List">
<response_label ident="eur-inferential_statistics-114-en-canvas_680063498_section_1_item_1_schoice_4993527130" rshuffle="No">
<material>
<mattext texttype="text/html" charset="utf-8"><![CDATA[
 the total absolute error (residual) between the values of X and Y
]]></mattext>
</material>
</response_label>
</flow_label>
<flow_label class="List">
<response_label ident="eur-inferential_statistics-114-en-canvas_680063498_section_1_item_1_schoice_9978547730" rshuffle="No">
<material>
<mattext texttype="text/html" charset="utf-8"><![CDATA[
 the total squared error (residual) between the values of X and Y
]]></mattext>
</material>
</response_label>
</flow_label>
</render_choice>
</response_lid>
</flow>
</presentation>
<resprocessing>
<outcomes>
<decvar varname="SCORE" vartype="Decimal" defaultval="0" minvalue="0" maxvalue="1" cutvalue="1"/>
</outcomes>
<respcondition title="Mastery" continue="No">
<conditionvar>
<and>
<varequal respident="eur-inferential_statistics-114-en-canvas_680063498_section_1_item_1_schoice_RESPONSE_6965637" case="Yes">eur-inferential_statistics-114-en-canvas_680063498_section_1_item_1_schoice_6782703685</varequal>
<not> <varequal respident="eur-inferential_statistics-114-en-canvas_680063498_section_1_item_1_schoice_RESPONSE_6965637" case="Yes">eur-inferential_statistics-114-en-canvas_680063498_section_1_item_1_schoice_5969238024</varequal> </not>
<not> <varequal respident="eur-inferential_statistics-114-en-canvas_680063498_section_1_item_1_schoice_RESPONSE_6965637" case="Yes">eur-inferential_statistics-114-en-canvas_680063498_section_1_item_1_schoice_4993527130</varequal> </not>
<not> <varequal respident="eur-inferential_statistics-114-en-canvas_680063498_section_1_item_1_schoice_RESPONSE_6965637" case="Yes">eur-inferential_statistics-114-en-canvas_680063498_section_1_item_1_schoice_9978547730</varequal> </not>
</and>
</conditionvar>
<setvar varname="SCORE" action="Set">1</setvar>
<displayfeedback feedbacktype="Response" linkrefid="correct_fb"/>
</respcondition>
<respcondition continue="Yes">
<conditionvar>
<other/>
</conditionvar>
<displayfeedback feedbacktype="Response" linkrefid="general_incorrect_fb"/>
</respcondition>
</resprocessing>
<itemfeedback ident="correct_fb" view="All">
<flow_mat>
<material>
<mattext texttype="text/html"><![CDATA[
<p>The regression equation is meant to plot out the perfect line through all datapoints, meaning the least total squared error (residual) between the predicted and the observed Y values</p>
<br />
<ul>
<li> the total squared error (residual) between the predicted and the observed Y values <br /> This is the correct answer! </li>
<li> the total absolute error (residual) between the predicted and the observed Y value <br /> This answer is incorrect </li>
<li> the total absolute error (residual) between the values of X and Y <br /> This answer is incorrect </li>
<li> the total squared error (residual) between the values of X and Y <br /> This answer is incorrect </li>
</ul>
]]></mattext>
</material>
</flow_mat>
</itemfeedback>
<itemfeedback ident="general_incorrect_fb" view="All">
<flow_mat>
<material>
<mattext texttype="text/html"><![CDATA[
<p>The regression equation is meant to plot out the perfect line through all datapoints, meaning the least total squared error (residual) between the predicted and the observed Y values</p>
<br />
<ul>
<li> the total squared error (residual) between the predicted and the observed Y values <br /> This is the correct answer! </li>
<li> the total absolute error (residual) between the predicted and the observed Y value <br /> This answer is incorrect </li>
<li> the total absolute error (residual) between the values of X and Y <br /> This answer is incorrect </li>
<li> the total squared error (residual) between the values of X and Y <br /> This answer is incorrect </li>
</ul>
]]></mattext>
</material>
</flow_mat>
</itemfeedback>
</item>


</section>

</assessment>
</questestinterop>
