<?xml version="1.0" encoding="utf-8" standalone="yes"?>
<assessmentItem identifier="vufgb-vif-007-en-tv_202510071723_item_1_schoice" title="vufgb-vif-007-en-tv_202510071723_item_1_schoice_vufgb-vif-007-en" adaptive="false" timeDependent="false" toolName="Testvision Online" toolVersion="39.0.9084" xmlns="http://www.imsglobal.org/xsd/imsqti_v2p1">
<responseDeclaration identifier="RESPONSE" cardinality="single" baseType="identifier">
<correctResponse>
<value>alt_310043</value>
</correctResponse>
<mapping defaultValue="0" lowerBound="0.0">
<mapEntry mapKey="alt_779253" mappedValue="-0.333333333333333"/>
<mapEntry mapKey="alt_310043" mappedValue="1"/>
<mapEntry mapKey="alt_602790" mappedValue="-0.333333333333333"/>
<mapEntry mapKey="alt_879400" mappedValue="-0.333333333333333"/>
</mapping>
</responseDeclaration>
<outcomeDeclaration identifier="SCORE" cardinality="single" baseType="float" normalMaximum="1" normalMinimum="0" />
<outcomeDeclaration identifier="FEEDBACK" cardinality="single" baseType="identifier" />
<stylesheet href="css/vufgb-vif-007-en-tv_202510071723_item_1_schoice.css" type="text/css" />
<itemBody>
<p>Two predictors are included in a multiple regression model. The correlation between the predictors was found to be 0.95.</p>
<p>Calculate the Variance Inflation Factor (<em>VIF</em>).</p>
<choiceInteraction responseIdentifier="RESPONSE" shuffle="false" maxChoices="1">
<simpleChoice identifier="alt_779253">
<div class="textblock tvblock tvcss_1"><div class="rte_zone tveditor1">
 20
</div>
</div>
</simpleChoice>
<simpleChoice identifier="alt_310043">
<div class="textblock tvblock tvcss_1"><div class="rte_zone tveditor1">
 10.26
</div>
</div>
</simpleChoice>
<simpleChoice identifier="alt_602790">
<div class="textblock tvblock tvcss_1"><div class="rte_zone tveditor1">
 1.11
</div>
</div>
</simpleChoice>
<simpleChoice identifier="alt_879400">
<div class="textblock tvblock tvcss_1"><div class="rte_zone tveditor1">
 1.05
</div>
</div>
</simpleChoice>
</choiceInteraction>
</itemBody>
<responseProcessing>
<responseCondition>
<responseIf>
<isNull>
<variable identifier="RESPONSE"/>
</isNull>
<setOutcomeValue identifier="SCORE">
<baseValue baseType="float">0.0</baseValue>
</setOutcomeValue>
<setOutcomeValue identifier="FEEDBACK">
<baseValue baseType="identifier">FAILURE</baseValue>
</setOutcomeValue>
</responseIf>
<responseElse>
<setOutcomeValue identifier="SCORE">
<mapResponse identifier="RESPONSE"/>
</setOutcomeValue>
<responseCondition>
<responseIf>
<equal toleranceMode="relative" tolerance="0.001">
<variable identifier="SCORE"/>
<variable identifier="MAXSCORE"/>
</equal>
<setOutcomeValue identifier="FEEDBACK">
<baseValue baseType="identifier">ANSWER_CORRECT</baseValue>
</setOutcomeValue>
</responseIf>
<responseElse>
<setOutcomeValue identifier="FEEDBACK">
<baseValue baseType="identifier">FAILURE</baseValue>
</setOutcomeValue>
</responseElse>
</responseCondition>
</responseElse>
</responseCondition>
</responseProcessing>
<modalFeedback identifier="FAILURE" outcomeIdentifier="FEEDBACK" showHide="show">
<div class="textblock tvblock tvcss_1"><div class="rte_zone tveditor1">
<ul>
<li> 20 <br /> Incorrect </li>
<li> 10.26 <br /> Correct </li>
<li> 1.11 <br /> Incorrect </li>
<li> 1.05 <br /> Incorrect </li>
</ul>
</div>
</div>
</modalFeedback>
<modalFeedback identifier="ANSWER_CORRECT" outcomeIdentifier="FEEDBACK" showHide="show">
<div class="textblock tvblock tvcss_1"><div class="rte_zone tveditor1">
<ul>
<li> 20 <br /> Incorrect </li>
<li> 10.26 <br /> Correct </li>
<li> 1.11 <br /> Incorrect </li>
<li> 1.05 <br /> Incorrect </li>
</ul>
</div>
</div>
</modalFeedback>
<modalFeedback identifier="PARTIAL_CORRECT" outcomeIdentifier="FEEDBACK" showHide="show">
<div class="textblock tvblock tvcss_1"><div class="rte_zone tveditor1">
<ul>
<li> 20 <br /> Incorrect </li>
<li> 10.26 <br /> Correct </li>
<li> 1.11 <br /> Incorrect </li>
<li> 1.05 <br /> Incorrect </li>
</ul>
</div>
</div>
</modalFeedback>
</assessmentItem>
