<?xml version="1.0" encoding="utf-8" standalone="yes"?>
<assessmentItem identifier="uu-Oneway_ANOVA-835-nl-tv_202307181422_item_1_schoice" title="uu-Oneway_ANOVA-835-nl-tv_202307181422_item_1_schoice_uu-Oneway ANOVA-835-nl" adaptive="false" timeDependent="false" toolName="Testvision Online" toolVersion="39.0.9084" xmlns="http://www.imsglobal.org/xsd/imsqti_v2p1">
<responseDeclaration identifier="RESPONSE" cardinality="single" baseType="identifier">
<correctResponse>
<value>alt_830406</value>
</correctResponse>
<mapping defaultValue="0" lowerBound="0.0">
<mapEntry mapKey="alt_185817" mappedValue="-0.333333333333333"/>
<mapEntry mapKey="alt_830406" mappedValue="1"/>
<mapEntry mapKey="alt_171725" mappedValue="-0.333333333333333"/>
<mapEntry mapKey="alt_760116" mappedValue="-0.333333333333333"/>
</mapping>
</responseDeclaration>
<outcomeDeclaration identifier="SCORE" cardinality="single" baseType="float" normalMaximum="1" normalMinimum="0" />
<outcomeDeclaration identifier="FEEDBACK" cardinality="single" baseType="identifier" />
<itemBody>
<p>Er wordt een onderzoek gedaan naar het effect van twee soorten behandeling (A en B)
en het eventuele effect van een combinatie van de twee behandelingen. De afhankelijke
variabele is het aantal klachten afgelopen in week. Er worden aselect 4 even grote groepen
gevormd.</p>
<p>Welk soort effect is in onderstaande tabel zichtbaar? (N.B. de getallen staan voor groepsgemiddelden).</p>
<p><img src="mediafiles/supplements1/uu-Oneway-ANOVA-835-nl-tabel.jpg" alt="image"/></p>
<choiceInteraction responseIdentifier="RESPONSE" shuffle="false" maxChoices="1">
<simpleChoice identifier="alt_185817">
<div class="textblock tvblock tvcss_1"><div class="rte_zone tveditor1">
 een hoofdeffect voor behandeling B en een interactie-effect
</div>
</div>
</simpleChoice>
<simpleChoice identifier="alt_830406">
<div class="textblock tvblock tvcss_1"><div class="rte_zone tveditor1">
 een hoofdeffect voor behandeling A en een interactie-effect
</div>
</div>
</simpleChoice>
<simpleChoice identifier="alt_171725">
<div class="textblock tvblock tvcss_1"><div class="rte_zone tveditor1">
 alleen een interactie-effect
</div>
</div>
</simpleChoice>
<simpleChoice identifier="alt_760116">
<div class="textblock tvblock tvcss_1"><div class="rte_zone tveditor1">
 een hoofdeffect voor zowel behandeling A als B
</div>
</div>
</simpleChoice>
</choiceInteraction>
</itemBody>
<responseProcessing>
<responseCondition>
<responseIf>
<isNull>
<variable identifier="RESPONSE"/>
</isNull>
<setOutcomeValue identifier="SCORE">
<baseValue baseType="float">0.0</baseValue>
</setOutcomeValue>
<setOutcomeValue identifier="FEEDBACK">
<baseValue baseType="identifier">FAILURE</baseValue>
</setOutcomeValue>
</responseIf>
<responseElse>
<setOutcomeValue identifier="SCORE">
<mapResponse identifier="RESPONSE"/>
</setOutcomeValue>
<responseCondition>
<responseIf>
<equal toleranceMode="relative" tolerance="0.001">
<variable identifier="SCORE"/>
<variable identifier="MAXSCORE"/>
</equal>
<setOutcomeValue identifier="FEEDBACK">
<baseValue baseType="identifier">ANSWER_CORRECT</baseValue>
</setOutcomeValue>
</responseIf>
<responseElse>
<setOutcomeValue identifier="FEEDBACK">
<baseValue baseType="identifier">FAILURE</baseValue>
</setOutcomeValue>
</responseElse>
</responseCondition>
</responseElse>
</responseCondition>
</responseProcessing>
<modalFeedback identifier="FAILURE" outcomeIdentifier="FEEDBACK" showHide="show">
<div class="textblock tvblock tvcss_1"><div class="rte_zone tveditor1">
</div>
</div>
</modalFeedback>
<modalFeedback identifier="ANSWER_CORRECT" outcomeIdentifier="FEEDBACK" showHide="show">
<div class="textblock tvblock tvcss_1"><div class="rte_zone tveditor1">
</div>
</div>
</modalFeedback>
<modalFeedback identifier="PARTIAL_CORRECT" outcomeIdentifier="FEEDBACK" showHide="show">
<div class="textblock tvblock tvcss_1"><div class="rte_zone tveditor1">
</div>
</div>
</modalFeedback>
</assessmentItem>
