<?xml version="1.0" encoding="UTF-8"?>
<assessmentItem xsi:schemaLocation="http://www.imsglobal.org/xsd/imsqti_v2p1 http://www.imsglobal.org/xsd/qti/qtiv2p1/imsqti_v2p1p1.xsd http://www.w3.org/1998/Math/MathML http://www.w3.org/Math/XMLSchema/mathml2/mathml2.xsd" identifier="uu-Independent-samples-means-813-nl-ans_157090971_section_1_item_1_schoice" title="Inferential_Statistics_uu-Independent-samples-means-813-nl_uu-Independent-samples-means-813-nl_schoice_1" adaptive="false" timeDependent="false" xmlns="http://www.imsglobal.org/xsd/imsqti_v2p1" xmlns:xsi="http://www.w3.org/2001/XMLSchema-instance">
<responseDeclaration identifier="uu-Independent-samples-means-813-nl-ans_157090971_section_1_item_1_schoice_RESPONSE_1_5553646" cardinality="single" baseType="identifier">
<correctResponse>
<value>uu-Independent-samples-means-813-nl-ans_157090971_section_1_item_1_schoice_2_9331840300</value>
</correctResponse>
<mapping defaultValue="0" lowerBound="0.0">
<mapEntry mapKey="uu-Independent-samples-means-813-nl-ans_157090971_section_1_item_1_schoice_1_6392418802" mappedValue="0"/>
<mapEntry mapKey="uu-Independent-samples-means-813-nl-ans_157090971_section_1_item_1_schoice_2_9331840300" mappedValue="1"/>
<mapEntry mapKey="uu-Independent-samples-means-813-nl-ans_157090971_section_1_item_1_schoice_3_1581963511" mappedValue="0"/>
<mapEntry mapKey="uu-Independent-samples-means-813-nl-ans_157090971_section_1_item_1_schoice_4_2968797586" mappedValue="0"/>
</mapping>
</responseDeclaration>
<outcomeDeclaration identifier="SCORE" cardinality="single" baseType="float" normalMaximum="1" normalMinimum="0">
<defaultValue>
<value>0.0</value>
</defaultValue>
</outcomeDeclaration>
<outcomeDeclaration identifier="MAXSCORE" cardinality="single" baseType="float">
<defaultValue>
<value>1</value>
</defaultValue>
</outcomeDeclaration>
<outcomeDeclaration identifier="FEEDBACKBASIC" cardinality="single" baseType="identifier" view="testConstructor">
<defaultValue>
<value>empty</value>
</defaultValue>
</outcomeDeclaration>
<outcomeDeclaration identifier="FEEDBACKMODAL" cardinality="multiple" baseType="identifier" view="testConstructor"/>
<outcomeDeclaration identifier="SOLUTIONMODAL" cardinality="single" baseType="identifier" view="testConstructor"/>
<outcomeDeclaration identifier="MINSCORE" cardinality="single" baseType="float">
<defaultValue>
<value baseType="float">0</value>
</defaultValue>
</outcomeDeclaration>
<outcomeDeclaration identifier="SCORE_RESPONSE_1" cardinality="single" baseType="float">
<defaultValue>
<value>0.0</value>
</defaultValue>
</outcomeDeclaration>
<outcomeDeclaration identifier="MINSCORE_RESPONSE_1" cardinality="single" baseType="float">
<defaultValue>
<value>0.0</value>
</defaultValue>
</outcomeDeclaration>
<itemBody>
<p>Stel dat criminaliteit niet aan de hand van een gestandaardiseerde IQ-test was gemeten, maar met behulp van de twee categorieën “hoog IQ” en “laag IQ”. Welke analysetechniek zou dan gebruikt moeten worden om het verband tussen criminaliteit en intelligentie te analyseren?</p>
<choiceInteraction responseIdentifier="uu-Independent-samples-means-813-nl-ans_157090971_section_1_item_1_schoice_RESPONSE_1_5553646" shuffle="false" maxChoices="1">
<simpleChoice identifier="uu-Independent-samples-means-813-nl-ans_157090971_section_1_item_1_schoice_1_6392418802">
<p>
 Spearman-correlatie.
</p>
</simpleChoice>
<simpleChoice identifier="uu-Independent-samples-means-813-nl-ans_157090971_section_1_item_1_schoice_2_9331840300">
<p>
 t-toets voor onafhankelijke groepen .
</p>
</simpleChoice>
<simpleChoice identifier="uu-Independent-samples-means-813-nl-ans_157090971_section_1_item_1_schoice_3_1581963511">
<p>
 Chi-kwadraat-toets voor onafhankelijkheid.
</p>
</simpleChoice>
<simpleChoice identifier="uu-Independent-samples-means-813-nl-ans_157090971_section_1_item_1_schoice_4_2968797586">
<p>
 Chi-kwadraat Goodness-of-Fit-toets.
</p>
</simpleChoice>
</choiceInteraction>
</itemBody>
<responseProcessing>
<setOutcomeValue identifier="SCORE_RESPONSE_1">
<sum>
<variable identifier="SCORE_RESPONSE_1"/>
<mapResponse identifier="uu-Independent-samples-means-813-nl-ans_157090971_section_1_item_1_schoice_RESPONSE_1_5553646"/>
</sum>
</setOutcomeValue>
<responseCondition>
<responseIf>
<lt>
<variable identifier="SCORE_RESPONSE_1"/>
<variable identifier="MINSCORE_RESPONSE_1"/>
</lt>
<setOutcomeValue identifier="SCORE_RESPONSE_1">
<variable identifier="MINSCORE_RESPONSE_1"/>
</setOutcomeValue>
</responseIf>
</responseCondition>
<responseCondition>
<responseIf>
<isNull>
<variable identifier="uu-Independent-samples-means-813-nl-ans_157090971_section_1_item_1_schoice_RESPONSE_1_5553646"/>
</isNull>
<setOutcomeValue identifier="SCORE_RESPONSE_1">
<sum>
<variable identifier="SCORE_RESPONSE_1"/>
<baseValue baseType="float">0</baseValue>
</sum>
</setOutcomeValue>
</responseIf>
</responseCondition>
<setOutcomeValue identifier="SCORE">
<sum>
<variable identifier="SCORE_RESPONSE_1"/>
</sum>
</setOutcomeValue>
<responseCondition>
<responseIf>
<lt>
<variable identifier="SCORE"/>
<variable identifier="MINSCORE"/>
</lt>
<setOutcomeValue identifier="SCORE">
<variable identifier="MINSCORE"/>
</setOutcomeValue>
</responseIf>
</responseCondition>
<responseCondition>
<responseIf>
<lt>
<variable identifier="SCORE"/>
<baseValue baseType="float">1</baseValue>
</lt>
<setOutcomeValue identifier="FEEDBACKMODAL">
<multiple>
<variable identifier="FEEDBACKMODAL"/>
<baseValue baseType="identifier">Feedback569001735</baseValue>
</multiple>
</setOutcomeValue>
</responseIf>
</responseCondition>
</responseProcessing>
<modalFeedback outcomeIdentifier="FEEDBACK" showHide="show" identifier="incorrect">
</modalFeedback>
</assessmentItem>
