<?xml version="1.0" encoding="UTF-8"?>
<assessmentItem xsi:schemaLocation="http://www.imsglobal.org/xsd/imsqti_v2p1 http://www.imsglobal.org/xsd/qti/qtiv2p1/imsqti_v2p1p1.xsd http://www.w3.org/1998/Math/MathML http://www.w3.org/Math/XMLSchema/mathml2/mathml2.xsd" identifier="vufsw-mixed_design_anova-1064-nl-ans_416347807_section_1_item_1_num" title="Inferential_Statistics_vufsw-mixed_design_anova-1064-nl_vufsw-mixed_design_anova-1064-nl_num_1" adaptive="false" timeDependent="false" xmlns="http://www.imsglobal.org/xsd/imsqti_v2p1" xmlns:xsi="http://www.w3.org/2001/XMLSchema-instance">
<responseDeclaration identifier="vufsw-mixed_design_anova-1064-nl-ans_416347807_section_1_item_1_num_RESPONSE_1_5231992" cardinality="single" baseType="string">
<correctResponse>
<value>0.1489</value>
</correctResponse>
</responseDeclaration>
<outcomeDeclaration identifier="SCORE" cardinality="single" baseType="float" normalMaximum="1" normalMinimum="0">
<defaultValue>
<value>0.0</value>
</defaultValue>
</outcomeDeclaration>
<outcomeDeclaration identifier="MAXSCORE" cardinality="single" baseType="float">
<defaultValue>
<value>1</value>
</defaultValue>
</outcomeDeclaration>
<outcomeDeclaration identifier="FEEDBACKBASIC" cardinality="single" baseType="identifier" view="testConstructor">
<defaultValue>
<value>empty</value>
</defaultValue>
</outcomeDeclaration>
<outcomeDeclaration identifier="FEEDBACKMODAL" cardinality="multiple" baseType="identifier" view="testConstructor"/>
<outcomeDeclaration identifier="SOLUTIONMODAL" cardinality="single" baseType="identifier" view="testConstructor"/>
<outcomeDeclaration identifier="MINSCORE" cardinality="single" baseType="float">
<defaultValue>
<value baseType="float">0</value>
</defaultValue>
</outcomeDeclaration>
<outcomeDeclaration identifier="SCORE_RESPONSE_1" cardinality="single" baseType="float">
<defaultValue>
<value>0.0</value>
</defaultValue>
</outcomeDeclaration>
<outcomeDeclaration identifier="MINSCORE_RESPONSE_1" cardinality="single" baseType="float">
<defaultValue>
<value>0.0</value>
</defaultValue>
</outcomeDeclaration>
<itemBody>
<p>Op basis van onderstaande output rapporteerden Field and Lawson (2003)
rapporteerden de effecten van het geven van achtereenvolgens positieve,
negatieve of geen informatie aan dezelfde kinderen in de leeftijd van
7-9 jaar over voor hen onbekende dieren. Deze variabele werd ‘Infotype’
genoemd (niveaus van Infotype werden in deze volgorde ingevoerd:
positieve informatie, negatieve informatie, geen informatie). Het
geslacht van het kind werd ook onderzocht. De uitkomst was de tijd
(gecentreerd) die de kinderen nodig hadden om hun hand in een doos te
steken met daarin het dier waarover ze <em>positieve</em>, <em>negatieve</em> of <em>geen
informatie</em> dier hadden gekregen. De assumptie van sphericity is niet
geschonden.</p>
<p><img src="media/supplements1/Capture12428.gif" /></p>
<p>Contrastanalyse werd op deze gegevens uitgevoerd (niveaus van Infotype
werden in de volgende volgorde ingevoerd: positieve informatie,
negatieve informatie, geen informatie). Bereken met behulp van de
SPSS-output hierboven de effectgrootte (r) voor de interactie tussen het
contrast tussen positieve informatie en geen informatie en geslacht.
Rond af op vier decimalen.</p>
<p>
<textEntryInteraction responseIdentifier="vufsw-mixed_design_anova-1064-nl-ans_416347807_section_1_item_1_num_RESPONSE_1_5231992"/>
</p>
</itemBody>
<responseProcessing>
<responseCondition>
<responseIf>
<equal tolerance="0.000399999999999998" toleranceMode="absolute">
<variable identifier="vufsw-mixed_design_anova-1064-nl-ans_416347807_section_1_item_1_num_RESPONSE_1_5231992"/>
<baseValue baseType="float">0.1489</baseValue>
</equal>
<setOutcomeValue identifier="SCORE">
<baseValue baseType="float">1</baseValue>
</setOutcomeValue>
</responseIf>
</responseCondition>
<responseCondition>
<responseIf>
<and>
<not>
<isNull>
<variable identifier="vufsw-mixed_design_anova-1064-nl-ans_416347807_section_1_item_1_num_RESPONSE_1_5231992"/>
</isNull>
</not>
<lt>
<variable identifier="SCORE_RESPONSE_1"/>
<baseValue baseType="float">1</baseValue>
</lt>
</and>
<setOutcomeValue identifier="SCORE_RESPONSE_1">
<sum>
<variable identifier="SCORE_RESPONSE_1"/>
<baseValue baseType="float">0</baseValue>
</sum>
</setOutcomeValue>
</responseIf>
</responseCondition>
<responseCondition>
<responseIf>
<lt>
<variable identifier="SCORE_RESPONSE_1"/>
<variable identifier="MINSCORE_RESPONSE_1"/>
</lt>
<setOutcomeValue identifier="SCORE_RESPONSE_1">
<variable identifier="MINSCORE_RESPONSE_1"/>
</setOutcomeValue>
</responseIf>
</responseCondition>
<responseCondition>
<responseIf>
<isNull>
<variable identifier="vufsw-mixed_design_anova-1064-nl-ans_416347807_section_1_item_1_num_RESPONSE_1_5231992"/>
</isNull>
<setOutcomeValue identifier="SCORE_RESPONSE_1">
<sum>
<variable identifier="SCORE_RESPONSE_1"/>
<baseValue baseType="float">0</baseValue>
</sum>
</setOutcomeValue>
</responseIf>
</responseCondition>
<setOutcomeValue identifier="SCORE">
<sum>
<variable identifier="SCORE_RESPONSE_1"/>
</sum>
</setOutcomeValue>
<responseCondition>
<responseIf>
<lt>
<variable identifier="SCORE"/>
<variable identifier="MINSCORE"/>
</lt>
<setOutcomeValue identifier="SCORE">
<variable identifier="MINSCORE"/>
</setOutcomeValue>
</responseIf>
</responseCondition>
<responseCondition>
<responseIf>
<lt>
<variable identifier="SCORE"/>
<baseValue baseType="float">1</baseValue>
</lt>
<setOutcomeValue identifier="FEEDBACKMODAL">
<multiple>
<variable identifier="FEEDBACKMODAL"/>
<baseValue baseType="identifier">Feedback467797159</baseValue>
</multiple>
</setOutcomeValue>
</responseIf>
</responseCondition>
</responseProcessing>
<modalFeedback outcomeIdentifier="FEEDBACK" showHide="show" identifier="incorrect">
<p>You use the formula for the r of the contrasten<br />
<img src="media/supplements1/effectsizecontrast.png" />
F(1,41)=0.930 and df<sub>R</sub>=41. The outcome is 0.1489.</p>
<p>Language<br />
English &amp; Nederlands</p>
<p>M&amp;T Mixed design ANOVA<br />
Default value</p>
<p>M&amp;T MVA<br />
Standaardwaarde</p>
</modalFeedback>
</assessmentItem>
