<?xml version="1.0" encoding="UTF-8"?>
<assessmentItem xsi:schemaLocation="http://www.imsglobal.org/xsd/imsqti_v2p1 http://www.imsglobal.org/xsd/qti/qtiv2p1/imsqti_v2p1p1.xsd http://www.w3.org/1998/Math/MathML http://www.w3.org/Math/XMLSchema/mathml2/mathml2.xsd" identifier="vufgb-confidenceinterval-003-nl-ans_911358104_section_1_item_1_schoice" title="Inferential_Statistics_vufgb-confidenceinterval-003-nl_vufgb-confidenceinterval-003-nl_schoice_1" adaptive="false" timeDependent="false" xmlns="http://www.imsglobal.org/xsd/imsqti_v2p1" xmlns:xsi="http://www.w3.org/2001/XMLSchema-instance">
<responseDeclaration identifier="vufgb-confidenceinterval-003-nl-ans_911358104_section_1_item_1_schoice_RESPONSE_1_8444767" cardinality="single" baseType="identifier">
<correctResponse>
<value>vufgb-confidenceinterval-003-nl-ans_911358104_section_1_item_1_schoice_1_7503268659</value>
</correctResponse>
<mapping defaultValue="0" lowerBound="0.0">
<mapEntry mapKey="vufgb-confidenceinterval-003-nl-ans_911358104_section_1_item_1_schoice_1_7503268659" mappedValue="1"/>
<mapEntry mapKey="vufgb-confidenceinterval-003-nl-ans_911358104_section_1_item_1_schoice_2_8729421497" mappedValue="0"/>
<mapEntry mapKey="vufgb-confidenceinterval-003-nl-ans_911358104_section_1_item_1_schoice_3_4311328192" mappedValue="0"/>
<mapEntry mapKey="vufgb-confidenceinterval-003-nl-ans_911358104_section_1_item_1_schoice_4_6748818240" mappedValue="0"/>
</mapping>
</responseDeclaration>
<outcomeDeclaration identifier="SCORE" cardinality="single" baseType="float" normalMaximum="1" normalMinimum="0">
<defaultValue>
<value>0.0</value>
</defaultValue>
</outcomeDeclaration>
<outcomeDeclaration identifier="MAXSCORE" cardinality="single" baseType="float">
<defaultValue>
<value>1</value>
</defaultValue>
</outcomeDeclaration>
<outcomeDeclaration identifier="FEEDBACKBASIC" cardinality="single" baseType="identifier" view="testConstructor">
<defaultValue>
<value>empty</value>
</defaultValue>
</outcomeDeclaration>
<outcomeDeclaration identifier="FEEDBACKMODAL" cardinality="multiple" baseType="identifier" view="testConstructor"/>
<outcomeDeclaration identifier="SOLUTIONMODAL" cardinality="single" baseType="identifier" view="testConstructor"/>
<outcomeDeclaration identifier="MINSCORE" cardinality="single" baseType="float">
<defaultValue>
<value baseType="float">0</value>
</defaultValue>
</outcomeDeclaration>
<outcomeDeclaration identifier="SCORE_RESPONSE_1" cardinality="single" baseType="float">
<defaultValue>
<value>0.0</value>
</defaultValue>
</outcomeDeclaration>
<outcomeDeclaration identifier="MINSCORE_RESPONSE_1" cardinality="single" baseType="float">
<defaultValue>
<value>0.0</value>
</defaultValue>
</outcomeDeclaration>
<itemBody>
<p>Een kinderpsycholoog doet onderzoek naar de relatie tussen de oppositioneel-opstandige gedragstoornis (ODD), sociaal-economische status (SES) en assertiviteit (ASS). De onderzoeksvraag is of de kans op het ontwikkelen van ODD voorspeld kan worden op basis van de scores op de andere twee variabelen. Hiervoor wordt een logische regressie uitgevoerd. Een deel van de resultaten is hieronder weergegeven.</p>
<p><img src="media/supplements1/vufgb-confidenceinterval-003-nl-table01.jpg" /></p>
<p>Wat is van toepassing op de ontbrekende waarden bij de betrouwbaarheidsintervallen voor EXP(B) die zijn weergegeven met <em>a</em> en <em>b</em>?</p>
<choiceInteraction responseIdentifier="vufgb-confidenceinterval-003-nl-ans_911358104_section_1_item_1_schoice_RESPONSE_1_8444767" shuffle="false" maxChoices="1">
<simpleChoice identifier="vufgb-confidenceinterval-003-nl-ans_911358104_section_1_item_1_schoice_1_7503268659">
<p>
 <em>a</em> &gt; 1, <em>b</em> &lt; 1
</p>
</simpleChoice>
<simpleChoice identifier="vufgb-confidenceinterval-003-nl-ans_911358104_section_1_item_1_schoice_2_8729421497">
<p>
 <em>a</em> &gt; 1, <em>b</em> &gt; 1
</p>
</simpleChoice>
<simpleChoice identifier="vufgb-confidenceinterval-003-nl-ans_911358104_section_1_item_1_schoice_3_4311328192">
<p>
 <em>a</em> &lt; 1, <em>b</em> &lt; 1
</p>
</simpleChoice>
<simpleChoice identifier="vufgb-confidenceinterval-003-nl-ans_911358104_section_1_item_1_schoice_4_6748818240">
<p>
 <em>a</em> &lt; 1, <em>b</em> &gt; 1
</p>
</simpleChoice>
</choiceInteraction>
</itemBody>
<responseProcessing>
<setOutcomeValue identifier="SCORE_RESPONSE_1">
<sum>
<variable identifier="SCORE_RESPONSE_1"/>
<mapResponse identifier="vufgb-confidenceinterval-003-nl-ans_911358104_section_1_item_1_schoice_RESPONSE_1_8444767"/>
</sum>
</setOutcomeValue>
<responseCondition>
<responseIf>
<lt>
<variable identifier="SCORE_RESPONSE_1"/>
<variable identifier="MINSCORE_RESPONSE_1"/>
</lt>
<setOutcomeValue identifier="SCORE_RESPONSE_1">
<variable identifier="MINSCORE_RESPONSE_1"/>
</setOutcomeValue>
</responseIf>
</responseCondition>
<responseCondition>
<responseIf>
<isNull>
<variable identifier="vufgb-confidenceinterval-003-nl-ans_911358104_section_1_item_1_schoice_RESPONSE_1_8444767"/>
</isNull>
<setOutcomeValue identifier="SCORE_RESPONSE_1">
<sum>
<variable identifier="SCORE_RESPONSE_1"/>
<baseValue baseType="float">0</baseValue>
</sum>
</setOutcomeValue>
</responseIf>
</responseCondition>
<setOutcomeValue identifier="SCORE">
<sum>
<variable identifier="SCORE_RESPONSE_1"/>
</sum>
</setOutcomeValue>
<responseCondition>
<responseIf>
<lt>
<variable identifier="SCORE"/>
<variable identifier="MINSCORE"/>
</lt>
<setOutcomeValue identifier="SCORE">
<variable identifier="MINSCORE"/>
</setOutcomeValue>
</responseIf>
</responseCondition>
<responseCondition>
<responseIf>
<lt>
<variable identifier="SCORE"/>
<baseValue baseType="float">1</baseValue>
</lt>
<setOutcomeValue identifier="FEEDBACKMODAL">
<multiple>
<variable identifier="FEEDBACKMODAL"/>
<baseValue baseType="identifier">Feedback607622708</baseValue>
</multiple>
</setOutcomeValue>
</responseIf>
</responseCondition>
</responseProcessing>
<modalFeedback outcomeIdentifier="FEEDBACK" showHide="show" identifier="incorrect">
<ul>
<li> <em>a</em> &gt; 1, <em>b</em> &lt; 1 <br /> Correct </li>
<li> <em>a</em> &gt; 1, <em>b</em> &gt; 1 <br /> Incorrect </li>
<li> <em>a</em> &lt; 1, <em>b</em> &lt; 1 <br /> Incorrect </li>
<li> <em>a</em> &lt; 1, <em>b</em> &gt; 1 <br /> Incorrect </li>
</ul>
</modalFeedback>
</assessmentItem>
