<?xml version="1.0" encoding="utf-8" standalone="yes"?>
<assessmentItem identifier="vufgb-regression-002-en-tv_202209061510_item_1_schoice" title="vufgb-regression-002-en-tv_202209061510_item_1_schoice_vufgb-regression-002-en" adaptive="false" timeDependent="false" toolName="Testvision Online" toolVersion="39.0.9084" xmlns="http://www.imsglobal.org/xsd/imsqti_v2p1">
<responseDeclaration identifier="RESPONSE" cardinality="single" baseType="identifier">
<correctResponse>
<value>alt_607242</value>
</correctResponse>
<mapping defaultValue="0" lowerBound="0.0">
<mapEntry mapKey="alt_113903" mappedValue="-0.333333333333333"/>
<mapEntry mapKey="alt_301890" mappedValue="-0.333333333333333"/>
<mapEntry mapKey="alt_288468" mappedValue="-0.333333333333333"/>
<mapEntry mapKey="alt_607242" mappedValue="1"/>
</mapping>
</responseDeclaration>
<outcomeDeclaration identifier="SCORE" cardinality="single" baseType="float" normalMaximum="1" normalMinimum="0" />
<outcomeDeclaration identifier="FEEDBACK" cardinality="single" baseType="identifier" />
<itemBody>
<p>In a study it is expected that both environmental factors (three negative life events) and genetic factors (three serotonin genes) are predictive of anxiety symptoms in the elderly. The study statistically controls for some other characteristics of the elderly persons, such as gender, age, and socio-economic status. Which model building procedure can best be used?</p>
<choiceInteraction responseIdentifier="RESPONSE" shuffle="false" maxChoices="1">
<simpleChoice identifier="alt_113903">
<div class="textblock tvblock tvcss_1"><div class="rte_zone tveditor1">
a. Explorative, Backward.
</div>
</div>
</simpleChoice>
<simpleChoice identifier="alt_301890">
<div class="textblock tvblock tvcss_1"><div class="rte_zone tveditor1">
b. Explorative, Stepwise.
</div>
</div>
</simpleChoice>
<simpleChoice identifier="alt_288468">
<div class="textblock tvblock tvcss_1"><div class="rte_zone tveditor1">
c. Confirmative, No division in Blocks.
</div>
</div>
</simpleChoice>
<simpleChoice identifier="alt_607242">
<div class="textblock tvblock tvcss_1"><div class="rte_zone tveditor1">
d. Confirmative, Division in Blocks.
</div>
</div>
</simpleChoice>
</choiceInteraction>
</itemBody>
<responseProcessing>
<responseCondition>
<responseIf>
<isNull>
<variable identifier="RESPONSE"/>
</isNull>
<setOutcomeValue identifier="SCORE">
<baseValue baseType="float">0.0</baseValue>
</setOutcomeValue>
<setOutcomeValue identifier="FEEDBACK">
<baseValue baseType="identifier">FAILURE</baseValue>
</setOutcomeValue>
</responseIf>
<responseElse>
<setOutcomeValue identifier="SCORE">
<mapResponse identifier="RESPONSE"/>
</setOutcomeValue>
<responseCondition>
<responseIf>
<equal toleranceMode="relative" tolerance="0.001">
<variable identifier="SCORE"/>
<variable identifier="MAXSCORE"/>
</equal>
<setOutcomeValue identifier="FEEDBACK">
<baseValue baseType="identifier">ANSWER_CORRECT</baseValue>
</setOutcomeValue>
</responseIf>
<responseElse>
<setOutcomeValue identifier="FEEDBACK">
<baseValue baseType="identifier">FAILURE</baseValue>
</setOutcomeValue>
</responseElse>
</responseCondition>
</responseElse>
</responseCondition>
</responseProcessing>
<modalFeedback identifier="FAILURE" outcomeIdentifier="FEEDBACK" showHide="show">
<div class="textblock tvblock tvcss_1"><div class="rte_zone tveditor1">
</div>
</div>
</modalFeedback>
<modalFeedback identifier="ANSWER_CORRECT" outcomeIdentifier="FEEDBACK" showHide="show">
<div class="textblock tvblock tvcss_1"><div class="rte_zone tveditor1">
</div>
</div>
</modalFeedback>
<modalFeedback identifier="PARTIAL_CORRECT" outcomeIdentifier="FEEDBACK" showHide="show">
<div class="textblock tvblock tvcss_1"><div class="rte_zone tveditor1">
</div>
</div>
</modalFeedback>
</assessmentItem>
