<?xml version="1.0" encoding="UTF-8"?>
<assessmentItem xsi:schemaLocation="http://www.imsglobal.org/xsd/imsqti_v2p1 http://www.imsglobal.org/xsd/qti/qtiv2p1/imsqti_v2p1p1.xsd http://www.w3.org/1998/Math/MathML http://www.w3.org/Math/XMLSchema/mathml2/mathml2.xsd" identifier="vufgb-intercept-002-nl-qti_301221505_section_1_item_1_schoice" title="1" adaptive="false" timeDependent="false" xmlns="http://www.imsglobal.org/xsd/imsqti_v2p1" xmlns:xsi="http://www.w3.org/2001/XMLSchema-instance">
<responseDeclaration identifier="vufgb-intercept-002-nl-qti_301221505_section_1_item_1_schoice_RESPONSE_1_2949429" cardinality="single" baseType="identifier">
<correctResponse>
<value>vufgb-intercept-002-nl-qti_301221505_section_1_item_1_schoice_1_7830009564</value>
</correctResponse>
<mapping defaultValue="0" lowerBound="0.0">
<mapEntry mapKey="vufgb-intercept-002-nl-qti_301221505_section_1_item_1_schoice_1_7830009564" mappedValue="1"/>
<mapEntry mapKey="vufgb-intercept-002-nl-qti_301221505_section_1_item_1_schoice_2_1595311501" mappedValue="0"/>
<mapEntry mapKey="vufgb-intercept-002-nl-qti_301221505_section_1_item_1_schoice_3_2874753238" mappedValue="0"/>
<mapEntry mapKey="vufgb-intercept-002-nl-qti_301221505_section_1_item_1_schoice_4_1655084579" mappedValue="0"/>
</mapping>
</responseDeclaration>
<outcomeDeclaration identifier="SCORE" cardinality="single" baseType="float" normalMaximum="1" normalMinimum="0">
<defaultValue>
<value>0.0</value>
</defaultValue>
</outcomeDeclaration>
<outcomeDeclaration identifier="MAXSCORE" cardinality="single" baseType="float">
<defaultValue>
<value>1</value>
</defaultValue>
</outcomeDeclaration>
<outcomeDeclaration identifier="FEEDBACKBASIC" cardinality="single" baseType="identifier" view="testConstructor">
<defaultValue>
<value>empty</value>
</defaultValue>
</outcomeDeclaration>
<outcomeDeclaration identifier="FEEDBACKMODAL" cardinality="multiple" baseType="identifier" view="testConstructor"/>
<outcomeDeclaration identifier="SOLUTIONMODAL" cardinality="single" baseType="identifier" view="testConstructor"/>
<outcomeDeclaration identifier="MINSCORE" cardinality="single" baseType="float">
<defaultValue>
<value baseType="float">0</value>
</defaultValue>
</outcomeDeclaration>
<outcomeDeclaration identifier="SCORE_RESPONSE_1" cardinality="single" baseType="float">
<defaultValue>
<value>0.0</value>
</defaultValue>
</outcomeDeclaration>
<outcomeDeclaration identifier="MINSCORE_RESPONSE_1" cardinality="single" baseType="float">
<defaultValue>
<value>0.0</value>
</defaultValue>
</outcomeDeclaration>
<itemBody>
<p>Wat is de juiste omschrijving van het intercept <em>α</em> in een enkelvoudige lineaire regressie?</p>
<choiceInteraction responseIdentifier="vufgb-intercept-002-nl-qti_301221505_section_1_item_1_schoice_RESPONSE_1_2949429" shuffle="false" maxChoices="1">
<simpleChoice identifier="vufgb-intercept-002-nl-qti_301221505_section_1_item_1_schoice_1_7830009564">
<p>
 De verwachte waarde van <math display="inline" xmlns="http://www.w3.org/1998/Math/MathML"><semantics><mi>y</mi><annotation encoding="application/x-tex">y</annotation></semantics></math> als <math display="inline" xmlns="http://www.w3.org/1998/Math/MathML"><semantics><mrow><mi>x</mi><mo>=</mo><mn>0</mn></mrow><annotation encoding="application/x-tex">x = 0</annotation></semantics></math>.
</p>
</simpleChoice>
<simpleChoice identifier="vufgb-intercept-002-nl-qti_301221505_section_1_item_1_schoice_2_1595311501">
<p>
 De verwachte waarde van <math display="inline" xmlns="http://www.w3.org/1998/Math/MathML"><semantics><mi>x</mi><annotation encoding="application/x-tex">x</annotation></semantics></math> als <math display="inline" xmlns="http://www.w3.org/1998/Math/MathML"><semantics><mrow><mi>y</mi><mo>=</mo><mn>0</mn></mrow><annotation encoding="application/x-tex">y = 0</annotation></semantics></math>.
</p>
</simpleChoice>
<simpleChoice identifier="vufgb-intercept-002-nl-qti_301221505_section_1_item_1_schoice_3_2874753238">
<p>
 Het verwachte residu van <math display="inline" xmlns="http://www.w3.org/1998/Math/MathML"><semantics><mi>y</mi><annotation encoding="application/x-tex">y</annotation></semantics></math> als <math display="inline" xmlns="http://www.w3.org/1998/Math/MathML"><semantics><mrow><mi>x</mi><mo>=</mo><mn>0</mn></mrow><annotation encoding="application/x-tex">x = 0</annotation></semantics></math>.
</p>
</simpleChoice>
<simpleChoice identifier="vufgb-intercept-002-nl-qti_301221505_section_1_item_1_schoice_4_1655084579">
<p>
 Het verwachte residu van <math display="inline" xmlns="http://www.w3.org/1998/Math/MathML"><semantics><mi>x</mi><annotation encoding="application/x-tex">x</annotation></semantics></math> als <math display="inline" xmlns="http://www.w3.org/1998/Math/MathML"><semantics><mrow><mi>y</mi><mo>=</mo><mn>0</mn></mrow><annotation encoding="application/x-tex">y = 0</annotation></semantics></math>.
</p>
</simpleChoice>
</choiceInteraction>
</itemBody>
<responseProcessing>
<setOutcomeValue identifier="SCORE_RESPONSE_1">
<sum>
<variable identifier="SCORE_RESPONSE_1"/>
<mapResponse identifier="vufgb-intercept-002-nl-qti_301221505_section_1_item_1_schoice_RESPONSE_1_2949429"/>
</sum>
</setOutcomeValue>
<responseCondition>
<responseIf>
<lt>
<variable identifier="SCORE_RESPONSE_1"/>
<variable identifier="MINSCORE_RESPONSE_1"/>
</lt>
<setOutcomeValue identifier="SCORE_RESPONSE_1">
<variable identifier="MINSCORE_RESPONSE_1"/>
</setOutcomeValue>
</responseIf>
</responseCondition>
<responseCondition>
<responseIf>
<isNull>
<variable identifier="vufgb-intercept-002-nl-qti_301221505_section_1_item_1_schoice_RESPONSE_1_2949429"/>
</isNull>
<setOutcomeValue identifier="SCORE_RESPONSE_1">
<sum>
<variable identifier="SCORE_RESPONSE_1"/>
<baseValue baseType="float">0</baseValue>
</sum>
</setOutcomeValue>
</responseIf>
</responseCondition>
<setOutcomeValue identifier="SCORE">
<sum>
<variable identifier="SCORE_RESPONSE_1"/>
</sum>
</setOutcomeValue>
<responseCondition>
<responseIf>
<lt>
<variable identifier="SCORE"/>
<variable identifier="MINSCORE"/>
</lt>
<setOutcomeValue identifier="SCORE">
<variable identifier="MINSCORE"/>
</setOutcomeValue>
</responseIf>
</responseCondition>
<responseCondition>
<responseIf>
<lt>
<variable identifier="SCORE"/>
<baseValue baseType="float">1</baseValue>
</lt>
<setOutcomeValue identifier="FEEDBACKMODAL">
<multiple>
<variable identifier="FEEDBACKMODAL"/>
<baseValue baseType="identifier">Feedback986083221</baseValue>
</multiple>
</setOutcomeValue>
</responseIf>
</responseCondition>
</responseProcessing>
<modalFeedback identifier="Feedback986083221" outcomeIdentifier="FEEDBACKMODAL" showHide="show">
</modalFeedback>
</assessmentItem>
