<?xml version="1.0" encoding="UTF-8"?>
<assessmentItem xsi:schemaLocation="http://www.imsglobal.org/xsd/imsqti_v2p1 http://www.imsglobal.org/xsd/qti/qtiv2p1/imsqti_v2p1p1.xsd http://www.w3.org/1998/Math/MathML http://www.w3.org/Math/XMLSchema/mathml2/mathml2.xsd" identifier="uu-Power-836-en-ans_906936969_section_1_item_1_schoice" title="Inferential_Statistics_uu-Power-836-en_uu-Power-836-en_schoice_1" adaptive="false" timeDependent="false" xmlns="http://www.imsglobal.org/xsd/imsqti_v2p1" xmlns:xsi="http://www.w3.org/2001/XMLSchema-instance">
<responseDeclaration identifier="uu-Power-836-en-ans_906936969_section_1_item_1_schoice_RESPONSE_1_4482014" cardinality="single" baseType="identifier">
<correctResponse>
<value>uu-Power-836-en-ans_906936969_section_1_item_1_schoice_4_1321763896</value>
</correctResponse>
<mapping defaultValue="0" lowerBound="0.0">
<mapEntry mapKey="uu-Power-836-en-ans_906936969_section_1_item_1_schoice_1_2394907489" mappedValue="0"/>
<mapEntry mapKey="uu-Power-836-en-ans_906936969_section_1_item_1_schoice_2_1896461888" mappedValue="0"/>
<mapEntry mapKey="uu-Power-836-en-ans_906936969_section_1_item_1_schoice_3_3900892114" mappedValue="0"/>
<mapEntry mapKey="uu-Power-836-en-ans_906936969_section_1_item_1_schoice_4_1321763896" mappedValue="1"/>
</mapping>
</responseDeclaration>
<outcomeDeclaration identifier="SCORE" cardinality="single" baseType="float" normalMaximum="1" normalMinimum="0">
<defaultValue>
<value>0.0</value>
</defaultValue>
</outcomeDeclaration>
<outcomeDeclaration identifier="MAXSCORE" cardinality="single" baseType="float">
<defaultValue>
<value>1</value>
</defaultValue>
</outcomeDeclaration>
<outcomeDeclaration identifier="FEEDBACKBASIC" cardinality="single" baseType="identifier" view="testConstructor">
<defaultValue>
<value>empty</value>
</defaultValue>
</outcomeDeclaration>
<outcomeDeclaration identifier="FEEDBACKMODAL" cardinality="multiple" baseType="identifier" view="testConstructor"/>
<outcomeDeclaration identifier="SOLUTIONMODAL" cardinality="single" baseType="identifier" view="testConstructor"/>
<outcomeDeclaration identifier="MINSCORE" cardinality="single" baseType="float">
<defaultValue>
<value baseType="float">0</value>
</defaultValue>
</outcomeDeclaration>
<outcomeDeclaration identifier="SCORE_RESPONSE_1" cardinality="single" baseType="float">
<defaultValue>
<value>0.0</value>
</defaultValue>
</outcomeDeclaration>
<outcomeDeclaration identifier="MINSCORE_RESPONSE_1" cardinality="single" baseType="float">
<defaultValue>
<value>0.0</value>
</defaultValue>
</outcomeDeclaration>
<itemBody>
<p>Which of the following statements is/are correct, assuming other circumstances remain the same?</p>
<p>I The power of a test changes if the sample size changes. II The power of a test changes if the probability of error of the first kind changes.</p>
<choiceInteraction responseIdentifier="uu-Power-836-en-ans_906936969_section_1_item_1_schoice_RESPONSE_1_4482014" shuffle="false" maxChoices="1">
<simpleChoice identifier="uu-Power-836-en-ans_906936969_section_1_item_1_schoice_1_2394907489">
<p>
 Neither proposition is correct.
</p>
</simpleChoice>
<simpleChoice identifier="uu-Power-836-en-ans_906936969_section_1_item_1_schoice_2_1896461888">
<p>
 Only statement I is correct.
</p>
</simpleChoice>
<simpleChoice identifier="uu-Power-836-en-ans_906936969_section_1_item_1_schoice_3_3900892114">
<p>
 Only statement II is correct.
</p>
</simpleChoice>
<simpleChoice identifier="uu-Power-836-en-ans_906936969_section_1_item_1_schoice_4_1321763896">
<p>
 Both statements are correct.
</p>
</simpleChoice>
</choiceInteraction>
</itemBody>
<responseProcessing>
<setOutcomeValue identifier="SCORE_RESPONSE_1">
<sum>
<variable identifier="SCORE_RESPONSE_1"/>
<mapResponse identifier="uu-Power-836-en-ans_906936969_section_1_item_1_schoice_RESPONSE_1_4482014"/>
</sum>
</setOutcomeValue>
<responseCondition>
<responseIf>
<lt>
<variable identifier="SCORE_RESPONSE_1"/>
<variable identifier="MINSCORE_RESPONSE_1"/>
</lt>
<setOutcomeValue identifier="SCORE_RESPONSE_1">
<variable identifier="MINSCORE_RESPONSE_1"/>
</setOutcomeValue>
</responseIf>
</responseCondition>
<responseCondition>
<responseIf>
<isNull>
<variable identifier="uu-Power-836-en-ans_906936969_section_1_item_1_schoice_RESPONSE_1_4482014"/>
</isNull>
<setOutcomeValue identifier="SCORE_RESPONSE_1">
<sum>
<variable identifier="SCORE_RESPONSE_1"/>
<baseValue baseType="float">0</baseValue>
</sum>
</setOutcomeValue>
</responseIf>
</responseCondition>
<setOutcomeValue identifier="SCORE">
<sum>
<variable identifier="SCORE_RESPONSE_1"/>
</sum>
</setOutcomeValue>
<responseCondition>
<responseIf>
<lt>
<variable identifier="SCORE"/>
<variable identifier="MINSCORE"/>
</lt>
<setOutcomeValue identifier="SCORE">
<variable identifier="MINSCORE"/>
</setOutcomeValue>
</responseIf>
</responseCondition>
<responseCondition>
<responseIf>
<lt>
<variable identifier="SCORE"/>
<baseValue baseType="float">1</baseValue>
</lt>
<setOutcomeValue identifier="FEEDBACKMODAL">
<multiple>
<variable identifier="FEEDBACKMODAL"/>
<baseValue baseType="identifier">Feedback637458897</baseValue>
</multiple>
</setOutcomeValue>
</responseIf>
</responseCondition>
</responseProcessing>
<modalFeedback outcomeIdentifier="FEEDBACK" showHide="show" identifier="incorrect">
<ul>
<li> Neither proposition is correct. <br /> This answer is incorrect. </li>
<li> Only statement I is correct. <br /> This answer is incorrect. </li>
<li> Only statement II is correct. <br /> This answer is incorrect. </li>
<li> Both statements are correct. <br /> This answer is correct. </li>
</ul>
</modalFeedback>
</assessmentItem>
