<?xml version="1.0" encoding="UTF-8"?>
<assessmentItem xsi:schemaLocation="http://www.imsglobal.org/xsd/imsqti_v2p1 http://www.imsglobal.org/xsd/qti/qtiv2p1/imsqti_v2p1p1.xsd http://www.w3.org/1998/Math/MathML http://www.w3.org/Math/XMLSchema/mathml2/mathml2.xsd" identifier="uva-equation-572-nl-ans_561311610_section_1_item_1_schoice" title="Inferential_Statistics_uva-equation-572-nl_uva-equation-572-nl_schoice_1" adaptive="false" timeDependent="false" xmlns="http://www.imsglobal.org/xsd/imsqti_v2p1" xmlns:xsi="http://www.w3.org/2001/XMLSchema-instance">
<responseDeclaration identifier="uva-equation-572-nl-ans_561311610_section_1_item_1_schoice_RESPONSE_1_4330706" cardinality="single" baseType="identifier">
<correctResponse>
<value>uva-equation-572-nl-ans_561311610_section_1_item_1_schoice_2_2631841042</value>
</correctResponse>
<mapping defaultValue="0" lowerBound="0.0">
<mapEntry mapKey="uva-equation-572-nl-ans_561311610_section_1_item_1_schoice_1_1452637171" mappedValue="0"/>
<mapEntry mapKey="uva-equation-572-nl-ans_561311610_section_1_item_1_schoice_2_2631841042" mappedValue="1"/>
<mapEntry mapKey="uva-equation-572-nl-ans_561311610_section_1_item_1_schoice_3_1632401303" mappedValue="0"/>
<mapEntry mapKey="uva-equation-572-nl-ans_561311610_section_1_item_1_schoice_4_8039907468" mappedValue="0"/>
</mapping>
</responseDeclaration>
<outcomeDeclaration identifier="SCORE" cardinality="single" baseType="float" normalMaximum="1" normalMinimum="0">
<defaultValue>
<value>0.0</value>
</defaultValue>
</outcomeDeclaration>
<outcomeDeclaration identifier="MAXSCORE" cardinality="single" baseType="float">
<defaultValue>
<value>1</value>
</defaultValue>
</outcomeDeclaration>
<outcomeDeclaration identifier="FEEDBACKBASIC" cardinality="single" baseType="identifier" view="testConstructor">
<defaultValue>
<value>empty</value>
</defaultValue>
</outcomeDeclaration>
<outcomeDeclaration identifier="FEEDBACKMODAL" cardinality="multiple" baseType="identifier" view="testConstructor"/>
<outcomeDeclaration identifier="SOLUTIONMODAL" cardinality="single" baseType="identifier" view="testConstructor"/>
<outcomeDeclaration identifier="MINSCORE" cardinality="single" baseType="float">
<defaultValue>
<value baseType="float">0</value>
</defaultValue>
</outcomeDeclaration>
<outcomeDeclaration identifier="SCORE_RESPONSE_1" cardinality="single" baseType="float">
<defaultValue>
<value>0.0</value>
</defaultValue>
</outcomeDeclaration>
<outcomeDeclaration identifier="MINSCORE_RESPONSE_1" cardinality="single" baseType="float">
<defaultValue>
<value>0.0</value>
</defaultValue>
</outcomeDeclaration>
<itemBody>
<p>In een regressiesituatie is bij een aantal individuen een onafhankelijke
variabele (X) en een afhankelijke (Y) gemeten.<br />
<br />
Het gemiddelde van de X-waarden is 54.<br />
<br />
De vergelijking van de regressielijn is<br />
Y = 11.64 - 0.16 X.<br />
<br />
Het gemiddelde van de Y-waarnemingen is</p>
<choiceInteraction responseIdentifier="uva-equation-572-nl-ans_561311610_section_1_item_1_schoice_RESPONSE_1_4330706" shuffle="false" maxChoices="1">
<simpleChoice identifier="uva-equation-572-nl-ans_561311610_section_1_item_1_schoice_1_1452637171">
<p>
 -0.16
</p>
</simpleChoice>
<simpleChoice identifier="uva-equation-572-nl-ans_561311610_section_1_item_1_schoice_2_2631841042">
<p>
 3
</p>
</simpleChoice>
<simpleChoice identifier="uva-equation-572-nl-ans_561311610_section_1_item_1_schoice_3_1632401303">
<p>
 11.64
</p>
</simpleChoice>
<simpleChoice identifier="uva-equation-572-nl-ans_561311610_section_1_item_1_schoice_4_8039907468">
<p>
 11.8
</p>
</simpleChoice>
</choiceInteraction>
</itemBody>
<responseProcessing>
<setOutcomeValue identifier="SCORE_RESPONSE_1">
<sum>
<variable identifier="SCORE_RESPONSE_1"/>
<mapResponse identifier="uva-equation-572-nl-ans_561311610_section_1_item_1_schoice_RESPONSE_1_4330706"/>
</sum>
</setOutcomeValue>
<responseCondition>
<responseIf>
<lt>
<variable identifier="SCORE_RESPONSE_1"/>
<variable identifier="MINSCORE_RESPONSE_1"/>
</lt>
<setOutcomeValue identifier="SCORE_RESPONSE_1">
<variable identifier="MINSCORE_RESPONSE_1"/>
</setOutcomeValue>
</responseIf>
</responseCondition>
<responseCondition>
<responseIf>
<isNull>
<variable identifier="uva-equation-572-nl-ans_561311610_section_1_item_1_schoice_RESPONSE_1_4330706"/>
</isNull>
<setOutcomeValue identifier="SCORE_RESPONSE_1">
<sum>
<variable identifier="SCORE_RESPONSE_1"/>
<baseValue baseType="float">0</baseValue>
</sum>
</setOutcomeValue>
</responseIf>
</responseCondition>
<setOutcomeValue identifier="SCORE">
<sum>
<variable identifier="SCORE_RESPONSE_1"/>
</sum>
</setOutcomeValue>
<responseCondition>
<responseIf>
<lt>
<variable identifier="SCORE"/>
<variable identifier="MINSCORE"/>
</lt>
<setOutcomeValue identifier="SCORE">
<variable identifier="MINSCORE"/>
</setOutcomeValue>
</responseIf>
</responseCondition>
<responseCondition>
<responseIf>
<lt>
<variable identifier="SCORE"/>
<baseValue baseType="float">1</baseValue>
</lt>
<setOutcomeValue identifier="FEEDBACKMODAL">
<multiple>
<variable identifier="FEEDBACKMODAL"/>
<baseValue baseType="identifier">Feedback890012820</baseValue>
</multiple>
</setOutcomeValue>
</responseIf>
</responseCondition>
</responseProcessing>
<modalFeedback outcomeIdentifier="FEEDBACK" showHide="show" identifier="incorrect">
<ul>
<li> -0.16 <br /> -0.16: Incorrect </li>
<li> 3 <br /> 3: Correct </li>
<li> 11.64 <br /> 11.64: Incorrect </li>
<li> 11.8 <br /> 11.8: Incorrect </li>
</ul>
</modalFeedback>
</assessmentItem>
