<?xml version="1.0" encoding="UTF-8"?>
<assessmentItem xsi:schemaLocation="http://www.imsglobal.org/xsd/imsqti_v2p1 http://www.imsglobal.org/xsd/qti/qtiv2p1/imsqti_v2p1p1.xsd http://www.w3.org/1998/Math/MathML http://www.w3.org/Math/XMLSchema/mathml2/mathml2.xsd" identifier="uu-Independent-samples-means-807-nl-qti_545876410_section_1_item_1_schoice" title="1" adaptive="false" timeDependent="false" xmlns="http://www.imsglobal.org/xsd/imsqti_v2p1" xmlns:xsi="http://www.w3.org/2001/XMLSchema-instance">
<responseDeclaration identifier="uu-Independent-samples-means-807-nl-qti_545876410_section_1_item_1_schoice_RESPONSE_1_4133820" cardinality="single" baseType="identifier">
<correctResponse>
<value>uu-Independent-samples-means-807-nl-qti_545876410_section_1_item_1_schoice_3_4888179036</value>
</correctResponse>
<mapping defaultValue="0" lowerBound="0.0">
<mapEntry mapKey="uu-Independent-samples-means-807-nl-qti_545876410_section_1_item_1_schoice_1_9166760241" mappedValue="0"/>
<mapEntry mapKey="uu-Independent-samples-means-807-nl-qti_545876410_section_1_item_1_schoice_2_9482627634" mappedValue="0"/>
<mapEntry mapKey="uu-Independent-samples-means-807-nl-qti_545876410_section_1_item_1_schoice_3_4888179036" mappedValue="1"/>
<mapEntry mapKey="uu-Independent-samples-means-807-nl-qti_545876410_section_1_item_1_schoice_4_1456484268" mappedValue="0"/>
</mapping>
</responseDeclaration>
<outcomeDeclaration identifier="SCORE" cardinality="single" baseType="float" normalMaximum="1" normalMinimum="0">
<defaultValue>
<value>0.0</value>
</defaultValue>
</outcomeDeclaration>
<outcomeDeclaration identifier="MAXSCORE" cardinality="single" baseType="float">
<defaultValue>
<value>1</value>
</defaultValue>
</outcomeDeclaration>
<outcomeDeclaration identifier="FEEDBACKBASIC" cardinality="single" baseType="identifier" view="testConstructor">
<defaultValue>
<value>empty</value>
</defaultValue>
</outcomeDeclaration>
<outcomeDeclaration identifier="FEEDBACKMODAL" cardinality="multiple" baseType="identifier" view="testConstructor"/>
<outcomeDeclaration identifier="SOLUTIONMODAL" cardinality="single" baseType="identifier" view="testConstructor"/>
<outcomeDeclaration identifier="MINSCORE" cardinality="single" baseType="float">
<defaultValue>
<value baseType="float">0</value>
</defaultValue>
</outcomeDeclaration>
<outcomeDeclaration identifier="SCORE_RESPONSE_1" cardinality="single" baseType="float">
<defaultValue>
<value>0.0</value>
</defaultValue>
</outcomeDeclaration>
<outcomeDeclaration identifier="MINSCORE_RESPONSE_1" cardinality="single" baseType="float">
<defaultValue>
<value>0.0</value>
</defaultValue>
</outcomeDeclaration>
<itemBody>
<p>De alternatieve hypothese die opgesteld is door een onderzoeker luidt H1: $$1 <math display="inline" xmlns="http://www.w3.org/1998/Math/MathML"><semantics><mo>≠</mo><annotation encoding="application/x-tex">\neq</annotation></semantics></math> $$2. Zij besluit een <math display="inline" xmlns="http://www.w3.org/1998/Math/MathML"><semantics><mi>α</mi><annotation encoding="application/x-tex">\alpha</annotation></semantics></math> = 5% te gebruiken en zij berekent tobt = 1,97 met df = 9.
Wat moet zij rapporteren ?</p>
<choiceInteraction responseIdentifier="uu-Independent-samples-means-807-nl-qti_545876410_section_1_item_1_schoice_RESPONSE_1_4133820" shuffle="false" maxChoices="1">
<simpleChoice identifier="uu-Independent-samples-means-807-nl-qti_545876410_section_1_item_1_schoice_1_9166760241">
<p>
 De resultaten zijn significant met <math display="inline" xmlns="http://www.w3.org/1998/Math/MathML"><semantics><mi>α</mi><annotation encoding="application/x-tex">\alpha</annotation></semantics></math> = .05, eenzijdig getoetst.
</p>
</simpleChoice>
<simpleChoice identifier="uu-Independent-samples-means-807-nl-qti_545876410_section_1_item_1_schoice_2_9482627634">
<p>
 De resultaten zijn significant met <math display="inline" xmlns="http://www.w3.org/1998/Math/MathML"><semantics><mi>α</mi><annotation encoding="application/x-tex">\alpha</annotation></semantics></math> = .01, tweezijdig getoetst.
</p>
</simpleChoice>
<simpleChoice identifier="uu-Independent-samples-means-807-nl-qti_545876410_section_1_item_1_schoice_3_4888179036">
<p>
 De resultaten zijn niet significant.
</p>
</simpleChoice>
<simpleChoice identifier="uu-Independent-samples-means-807-nl-qti_545876410_section_1_item_1_schoice_4_1456484268">
<p>
 De resultaten zijn niet significant als er tweezijdig getoetst wordt, maar wel bij eenzijdige toetsing.
</p>
</simpleChoice>
</choiceInteraction>
</itemBody>
<responseProcessing>
<setOutcomeValue identifier="SCORE_RESPONSE_1">
<sum>
<variable identifier="SCORE_RESPONSE_1"/>
<mapResponse identifier="uu-Independent-samples-means-807-nl-qti_545876410_section_1_item_1_schoice_RESPONSE_1_4133820"/>
</sum>
</setOutcomeValue>
<responseCondition>
<responseIf>
<lt>
<variable identifier="SCORE_RESPONSE_1"/>
<variable identifier="MINSCORE_RESPONSE_1"/>
</lt>
<setOutcomeValue identifier="SCORE_RESPONSE_1">
<variable identifier="MINSCORE_RESPONSE_1"/>
</setOutcomeValue>
</responseIf>
</responseCondition>
<responseCondition>
<responseIf>
<isNull>
<variable identifier="uu-Independent-samples-means-807-nl-qti_545876410_section_1_item_1_schoice_RESPONSE_1_4133820"/>
</isNull>
<setOutcomeValue identifier="SCORE_RESPONSE_1">
<sum>
<variable identifier="SCORE_RESPONSE_1"/>
<baseValue baseType="float">0</baseValue>
</sum>
</setOutcomeValue>
</responseIf>
</responseCondition>
<setOutcomeValue identifier="SCORE">
<sum>
<variable identifier="SCORE_RESPONSE_1"/>
</sum>
</setOutcomeValue>
<responseCondition>
<responseIf>
<lt>
<variable identifier="SCORE"/>
<variable identifier="MINSCORE"/>
</lt>
<setOutcomeValue identifier="SCORE">
<variable identifier="MINSCORE"/>
</setOutcomeValue>
</responseIf>
</responseCondition>
<responseCondition>
<responseIf>
<lt>
<variable identifier="SCORE"/>
<baseValue baseType="float">1</baseValue>
</lt>
<setOutcomeValue identifier="FEEDBACKMODAL">
<multiple>
<variable identifier="FEEDBACKMODAL"/>
<baseValue baseType="identifier">Feedback548075027</baseValue>
</multiple>
</setOutcomeValue>
</responseIf>
</responseCondition>
</responseProcessing>
<modalFeedback identifier="Feedback548075027" outcomeIdentifier="FEEDBACKMODAL" showHide="show">
</modalFeedback>
</assessmentItem>
