<?xml version="1.0" encoding="UTF-8"?>
<assessmentItem xsi:schemaLocation="http://www.imsglobal.org/xsd/imsqti_v2p1 http://www.imsglobal.org/xsd/qti/qtiv2p1/imsqti_v2p1p1.xsd http://www.w3.org/1998/Math/MathML http://www.w3.org/Math/XMLSchema/mathml2/mathml2.xsd" identifier="vufsw-manova-1067-en_300194160_section_1_item_1_schoice" title="1" adaptive="false" timeDependent="false" xmlns="http://www.imsglobal.org/xsd/imsqti_v2p1" xmlns:xsi="http://www.w3.org/2001/XMLSchema-instance">
<responseDeclaration identifier="vufsw-manova-1067-en_300194160_section_1_item_1_schoice_RESPONSE_1_6594535" cardinality="single" baseType="identifier">
<correctResponse>
<value>vufsw-manova-1067-en_300194160_section_1_item_1_schoice_1_9720653941</value>
</correctResponse>
<mapping defaultValue="0" lowerBound="0.0">
<mapEntry mapKey="vufsw-manova-1067-en_300194160_section_1_item_1_schoice_1_9720653941" mappedValue="1"/>
<mapEntry mapKey="vufsw-manova-1067-en_300194160_section_1_item_1_schoice_2_2535419846" mappedValue="0"/>
<mapEntry mapKey="vufsw-manova-1067-en_300194160_section_1_item_1_schoice_3_2995707804" mappedValue="0"/>
<mapEntry mapKey="vufsw-manova-1067-en_300194160_section_1_item_1_schoice_4_9733376257" mappedValue="0"/>
</mapping>
</responseDeclaration>
<outcomeDeclaration identifier="SCORE" cardinality="single" baseType="float" normalMaximum="1" normalMinimum="0">
<defaultValue>
<value>0.0</value>
</defaultValue>
</outcomeDeclaration>
<outcomeDeclaration identifier="MAXSCORE" cardinality="single" baseType="float">
<defaultValue>
<value>1</value>
</defaultValue>
</outcomeDeclaration>
<outcomeDeclaration identifier="FEEDBACKBASIC" cardinality="single" baseType="identifier" view="testConstructor">
<defaultValue>
<value>empty</value>
</defaultValue>
</outcomeDeclaration>
<outcomeDeclaration identifier="FEEDBACKMODAL" cardinality="multiple" baseType="identifier" view="testConstructor"/>
<outcomeDeclaration identifier="MINSCORE" cardinality="single" baseType="float">
<defaultValue>
<value baseType="float">0</value>
</defaultValue>
</outcomeDeclaration>
<outcomeDeclaration identifier="SCORE_RESPONSE_1" cardinality="single" baseType="float">
<defaultValue>
<value>0.0</value>
</defaultValue>
</outcomeDeclaration>
<outcomeDeclaration identifier="MINSCORE_RESPONSE_1" cardinality="single" baseType="float">
<defaultValue>
<value>0.0</value>
</defaultValue>
</outcomeDeclaration>
<itemBody>
<p>Which of the following 2 statements is/are correct for discriminant
analysis as a follow-up to MANOVA?</p>
<p>I. Discriminant analysis predicts the category of experimental
manipulation from the dependent variables of MANOVA<br />
II. With discriminant analysis we decide which of the 4 tests of MANOVA
(Pillai’s trace, Roy’s Largest Root, Wilk’s Lamda and Hotellings Trace)
to use.</p>
<choiceInteraction responseIdentifier="vufsw-manova-1067-en_300194160_section_1_item_1_schoice_RESPONSE_1_6594535" shuffle="false" maxChoices="1">
<simpleChoice identifier="vufsw-manova-1067-en_300194160_section_1_item_1_schoice_1_9720653941">
<p>
a. Statement I is correct, while statement II is <strong>in</strong>correct
</p>
</simpleChoice>
<simpleChoice identifier="vufsw-manova-1067-en_300194160_section_1_item_1_schoice_2_2535419846">
<p>
b. Both statements I and II are <strong>in</strong>correct
</p>
</simpleChoice>
<simpleChoice identifier="vufsw-manova-1067-en_300194160_section_1_item_1_schoice_3_2995707804">
<p>
c. Statement I is <strong>in</strong>correct, while statement II is correct
</p>
</simpleChoice>
<simpleChoice identifier="vufsw-manova-1067-en_300194160_section_1_item_1_schoice_4_9733376257">
<p>
d. Both statements I and II are correct
</p>
</simpleChoice>
</choiceInteraction>
</itemBody>
<responseProcessing>
<responseCondition>
<responseIf>
<isNull>
<variable identifier="vufsw-manova-1067-en_300194160_section_1_item_1_schoice_RESPONSE_1_6594535"/>
</isNull>
<setOutcomeValue identifier="SCORE_RESPONSE_1">
<sum>
<variable identifier="SCORE_RESPONSE_1"/>
<baseValue baseType="float">0</baseValue>
</sum>
</setOutcomeValue>
</responseIf>
</responseCondition>
<setOutcomeValue identifier="SCORE_RESPONSE_1">
<sum>
<variable identifier="SCORE_RESPONSE_1"/>
<mapResponse identifier="vufsw-manova-1067-en_300194160_section_1_item_1_schoice_RESPONSE_1_6594535"/>
</sum>
</setOutcomeValue>
<responseCondition>
<responseIf>
<lt>
<variable identifier="SCORE_RESPONSE_1"/>
<variable identifier="MINSCORE_RESPONSE_1"/>
</lt>
<setOutcomeValue identifier="SCORE_RESPONSE_1">
<variable identifier="MINSCORE_RESPONSE_1"/>
</setOutcomeValue>
</responseIf>
</responseCondition>
<setOutcomeValue identifier="SCORE">
<sum>
<variable identifier="SCORE_RESPONSE_1"/>
</sum>
</setOutcomeValue>
<responseCondition>
<responseIf>
<lt>
<variable identifier="SCORE"/>
<variable identifier="MINSCORE"/>
</lt>
<setOutcomeValue identifier="SCORE">
<variable identifier="MINSCORE"/>
</setOutcomeValue>
</responseIf>
</responseCondition>
<responseCondition>
<responseIf>
<lt>
<variable identifier="SCORE"/>
<baseValue baseType="float">1</baseValue>
</lt>
<setOutcomeValue identifier="FEEDBACKMODAL">
<multiple>
<variable identifier="FEEDBACKMODAL"/>
<baseValue baseType="identifier">Feedback631552251</baseValue>
</multiple>
</setOutcomeValue>
</responseIf>
</responseCondition>
</responseProcessing>
<modalFeedback identifier="Feedback631552251" outcomeIdentifier="FEEDBACKMODAL" showHide="show">
<p>The  statement “Discriminant analysis predicts the category of
experimental manipulation from the dependent variables of MANOVA” is
correct. Discriminant Analysis turns around the situation of MANOVA. The
dependent variables of MANOVA are used as predictors in discriminant
analysis, while the independent variable of MANOVA (the experimental
manipulation) is the dependent variable.</p>
<p>The  statement ” With discriminant analysis we decide which of the 4
tests of MANOVA (Pillai’s trace, Roy’s Largest Root, Wilk’s Lamda and
Hotellings Trace) to use” is incorrect. Discriminant analysis has
nothing to do with it.</p>
<br />
<ol type = "a">
<li> Statement I is correct, while statement II is <strong>in</strong>correct <br /> True </li>
<li> Both statements I and II are <strong>in</strong>correct <br /> False </li>
<li> Statement I is <strong>in</strong>correct, while statement II is correct <br /> False </li>
<li> Both statements I and II are correct <br /> False </li>
</ol>
</modalFeedback>
</assessmentItem>
