<?xml version="1.0" encoding="utf-8" standalone="yes"?>
<assessmentItem identifier="uu-z-score-800-nl-tv_202209061504_item_1_schoice" title="uu-z-score-800-nl-tv_202209061504_item_1_schoice_uu-ancova-274-nl" adaptive="false" timeDependent="false" toolName="Testvision Online" toolVersion="39.0.9084" xmlns="http://www.imsglobal.org/xsd/imsqti_v2p1">
<responseDeclaration identifier="RESPONSE" cardinality="single" baseType="identifier">
<correctResponse>
<value>alt_390167</value>
</correctResponse>
<mapping defaultValue="0" lowerBound="0.0">
<mapEntry mapKey="alt_687283" mappedValue="-0.333333333333333"/>
<mapEntry mapKey="alt_154122" mappedValue="-0.333333333333333"/>
<mapEntry mapKey="alt_390167" mappedValue="1"/>
<mapEntry mapKey="alt_691815" mappedValue="-0.333333333333333"/>
</mapping>
</responseDeclaration>
<outcomeDeclaration identifier="SCORE" cardinality="single" baseType="float" normalMaximum="1" normalMinimum="0" />
<outcomeDeclaration identifier="FEEDBACK" cardinality="single" baseType="identifier" />
<itemBody>
<p>Een onderzoeker heeft een onderzoek uitgevoerd naar de effecten van verschillende manieren van het presenteren van informatie op het ‘onthouden van belangrijke informatie’.
In dit onderzoek werden de volgende manieren van presenteren van informatie gebruikt:
1. Powerpoint-presentatie met alleen tekst.
2. Powerpoint-presentatie met tekst en beeld.
3. Een animatie met geluid.
Het ‘onthouden van belangrijke informatie’ is na afloop gemeten met een meerkeuze toets met 16 vragen. Daarnaast is relevante achtergrondinformatie over de deelnemers aan het onderzoek verzameld, namelijk:
- voorkennis,
- intelligentie.</p>
<p>Welke analysetechniek is het meest geschikt om na te gaan of presentatie van informatie een effect heeft op het ‘onthouden van belangrijke informatie’, rekening houdend met de voorkennis en de intelligentie van de deelnemers?</p>
<choiceInteraction responseIdentifier="RESPONSE" shuffle="false" maxChoices="1">
<simpleChoice identifier="alt_687283">
<div class="textblock tvblock tvcss_1"><div class="rte_zone tveditor1">
a. Eenweg ANOVA.
</div>
</div>
</simpleChoice>
<simpleChoice identifier="alt_154122">
<div class="textblock tvblock tvcss_1"><div class="rte_zone tveditor1">
b. Meerweg ANOVA.
</div>
</div>
</simpleChoice>
<simpleChoice identifier="alt_390167">
<div class="textblock tvblock tvcss_1"><div class="rte_zone tveditor1">
c. Eenweg ANCOVA.
</div>
</div>
</simpleChoice>
<simpleChoice identifier="alt_691815">
<div class="textblock tvblock tvcss_1"><div class="rte_zone tveditor1">
d. Meerweg ANCOVA.
</div>
</div>
</simpleChoice>
</choiceInteraction>
</itemBody>
<responseProcessing>
<responseCondition>
<responseIf>
<isNull>
<variable identifier="RESPONSE"/>
</isNull>
<setOutcomeValue identifier="SCORE">
<baseValue baseType="float">0.0</baseValue>
</setOutcomeValue>
<setOutcomeValue identifier="FEEDBACK">
<baseValue baseType="identifier">FAILURE</baseValue>
</setOutcomeValue>
</responseIf>
<responseElse>
<setOutcomeValue identifier="SCORE">
<mapResponse identifier="RESPONSE"/>
</setOutcomeValue>
<responseCondition>
<responseIf>
<equal toleranceMode="relative" tolerance="0.001">
<variable identifier="SCORE"/>
<variable identifier="MAXSCORE"/>
</equal>
<setOutcomeValue identifier="FEEDBACK">
<baseValue baseType="identifier">ANSWER_CORRECT</baseValue>
</setOutcomeValue>
</responseIf>
<responseElse>
<setOutcomeValue identifier="FEEDBACK">
<baseValue baseType="identifier">FAILURE</baseValue>
</setOutcomeValue>
</responseElse>
</responseCondition>
</responseElse>
</responseCondition>
</responseProcessing>
<modalFeedback identifier="FAILURE" outcomeIdentifier="FEEDBACK" showHide="show">
<div class="textblock tvblock tvcss_1"><div class="rte_zone tveditor1">
</div>
</div>
</modalFeedback>
<modalFeedback identifier="ANSWER_CORRECT" outcomeIdentifier="FEEDBACK" showHide="show">
<div class="textblock tvblock tvcss_1"><div class="rte_zone tveditor1">
</div>
</div>
</modalFeedback>
<modalFeedback identifier="PARTIAL_CORRECT" outcomeIdentifier="FEEDBACK" showHide="show">
<div class="textblock tvblock tvcss_1"><div class="rte_zone tveditor1">
</div>
</div>
</modalFeedback>
</assessmentItem>
