<?xml version="1.0" encoding="utf-8" standalone="yes"?>
<assessmentItem identifier="eur-inferential_statistics-101-en-tv_202209061505_item_1_string" title="eur-inferential_statistics-101-en-tv_202209061505_item_1_string_eur-inferential_statistics-101-en" adaptive="false" timeDependent="false" toolName="Testvision Online" toolVersion="39.0.9084" xmlns="http://www.imsglobal.org/xsd/imsqti_v2p1">
<responseDeclaration identifier="RESPONSE" cardinality="single" baseType="string">
<correctResponse>
<value>""</value>
</correctResponse>
<mapping defaultValue="0">
<mapEntry mapKey="""" mappedValue="1" />
</mapping>
</responseDeclaration>
<outcomeDeclaration identifier="SCORE" cardinality="single" baseType="float" normalMaximum="1" normalMinimum="0" />
<outcomeDeclaration identifier="FEEDBACK" cardinality="single" baseType="identifier" />
<itemBody>
<p>A researcher investigates the criterion validity of an instrument that measures test anxiety and that is used to predict the level of experienced stress during an exam. The table below shows the SPSS output of the regression analysis the researcher performed (n=52, 49% woman), where she predicted stress during an exam based on predictors gender and test anxiety. Note that in the variable gender men were coded 0 and women were coded 1.</p>
<p><img src="mediafiles/supplements1/eur-inferential-101-en-img101.png" alt="image"/></p>
<p>Write down the regression equation for men and women separately.</p>
<extendedTextInteraction responseIdentifier="RESPONSE" expectedLength="12"/>
</itemBody>
<responseProcessing>
<responseCondition>
<responseIf>
<isNull>
<variable identifier="RESPONSE"/>
</isNull>
<setOutcomeValue identifier="SCORE">
<baseValue baseType="float">0.0</baseValue>
</setOutcomeValue>
<setOutcomeValue identifier="FEEDBACK">
<baseValue baseType="identifier">FAILURE</baseValue>
</setOutcomeValue>
</responseIf>
<responseElse>
<setOutcomeValue identifier="SCORE">
<mapResponse identifier="RESPONSE"/>
</setOutcomeValue>
<responseCondition>
<responseIf>
<equal toleranceMode="relative" tolerance="0.001">
<variable identifier="SCORE"/>
<variable identifier="MAXSCORE"/>
</equal>
<setOutcomeValue identifier="FEEDBACK">
<baseValue baseType="identifier">ANSWER_CORRECT</baseValue>
</setOutcomeValue>
</responseIf>
<responseElse>
<setOutcomeValue identifier="FEEDBACK">
<baseValue baseType="identifier">FAILURE</baseValue>
</setOutcomeValue>
</responseElse>
</responseCondition>
</responseElse>
</responseCondition>
</responseProcessing>
<modalFeedback identifier="FAILURE" outcomeIdentifier="FEEDBACK" showHide="show">
<div class="textblock tvblock tvcss_1"><div class="rte_zone tveditor1">
<p>The general formulation of the regression line is:
stress = <math display="inline" xmlns="http://www.w3.org/1998/Math/MathML"><semantics><mrow><msub><mi>b</mi><mn>0</mn></msub><mo>+</mo><msub><mi>b</mi><mn>1</mn></msub><mo>×</mo><mi>g</mi><mi>e</mi><mi>n</mi><mi>d</mi><mi>e</mi><mi>r</mi><mo>+</mo><msub><mi>b</mi><mn>2</mn></msub><mo>×</mo><mi>t</mi><mi>e</mi><mi>s</mi><mi>t</mi><mi>a</mi><mi>n</mi><mi>x</mi><mi>i</mi><mi>e</mi><mi>t</mi><mi>y</mi></mrow><annotation encoding="application/x-tex">b_0 + b_1 \times gender + b_2 \times testanxiety</annotation></semantics></math></p>
<p>For men, the equation becomes:
stress = <math display="inline" xmlns="http://www.w3.org/1998/Math/MathML"><semantics><mrow><mn>3.601</mn><mo>+</mo><mn>2.253</mn><mo>×</mo><mn>0</mn><mo>+</mo><mn>.480</mn><mo>×</mo><mi>t</mi><mi>e</mi><mi>s</mi><mi>t</mi><mi>a</mi><mi>n</mi><mi>x</mi><mi>i</mi><mi>e</mi><mi>t</mi><mi>y</mi><mo>=</mo><mn>3.601</mn><mo>+</mo><mn>.480</mn><mo>×</mo><mi>t</mi><mi>e</mi><mi>s</mi><mi>t</mi><mi>a</mi><mi>n</mi><mi>x</mi><mi>i</mi><mi>e</mi><mi>t</mi><mi>y</mi></mrow><annotation encoding="application/x-tex">3.601 + 2.253 \times 0 + .480 \times testanxiety = 3.601 + .480 \times testanxiety</annotation></semantics></math></p>
<p>For women, the equation becomes:
stress = <math display="inline" xmlns="http://www.w3.org/1998/Math/MathML"><semantics><mrow><mn>3.601</mn><mo>+</mo><mn>2.253</mn><mo>×</mo><mn>1</mn><mo>+</mo><mn>.480</mn><mo>×</mo><mi>t</mi><mi>e</mi><mi>s</mi><mi>t</mi><mi>a</mi><mi>n</mi><mi>x</mi><mi>i</mi><mi>e</mi><mi>t</mi><mi>y</mi><mo>=</mo><mn>5.854</mn><mo>+</mo><mn>.480</mn><mo>×</mo><mi>t</mi><mi>e</mi><mi>s</mi><mi>t</mi><mi>a</mi><mi>n</mi><mi>x</mi><mi>i</mi><mi>e</mi><mi>t</mi><mi>y</mi></mrow><annotation encoding="application/x-tex">3.601 + 2.253 \times 1 + .480 \times testanxiety = 5.854 + .480 \times testanxiety</annotation></semantics></math></p>
</div>
</div>
</modalFeedback>
<modalFeedback identifier="ANSWER_CORRECT" outcomeIdentifier="FEEDBACK" showHide="show">
<div class="textblock tvblock tvcss_1"><div class="rte_zone tveditor1">
<p>The general formulation of the regression line is:
stress = <math display="inline" xmlns="http://www.w3.org/1998/Math/MathML"><semantics><mrow><msub><mi>b</mi><mn>0</mn></msub><mo>+</mo><msub><mi>b</mi><mn>1</mn></msub><mo>×</mo><mi>g</mi><mi>e</mi><mi>n</mi><mi>d</mi><mi>e</mi><mi>r</mi><mo>+</mo><msub><mi>b</mi><mn>2</mn></msub><mo>×</mo><mi>t</mi><mi>e</mi><mi>s</mi><mi>t</mi><mi>a</mi><mi>n</mi><mi>x</mi><mi>i</mi><mi>e</mi><mi>t</mi><mi>y</mi></mrow><annotation encoding="application/x-tex">b_0 + b_1 \times gender + b_2 \times testanxiety</annotation></semantics></math></p>
<p>For men, the equation becomes:
stress = <math display="inline" xmlns="http://www.w3.org/1998/Math/MathML"><semantics><mrow><mn>3.601</mn><mo>+</mo><mn>2.253</mn><mo>×</mo><mn>0</mn><mo>+</mo><mn>.480</mn><mo>×</mo><mi>t</mi><mi>e</mi><mi>s</mi><mi>t</mi><mi>a</mi><mi>n</mi><mi>x</mi><mi>i</mi><mi>e</mi><mi>t</mi><mi>y</mi><mo>=</mo><mn>3.601</mn><mo>+</mo><mn>.480</mn><mo>×</mo><mi>t</mi><mi>e</mi><mi>s</mi><mi>t</mi><mi>a</mi><mi>n</mi><mi>x</mi><mi>i</mi><mi>e</mi><mi>t</mi><mi>y</mi></mrow><annotation encoding="application/x-tex">3.601 + 2.253 \times 0 + .480 \times testanxiety = 3.601 + .480 \times testanxiety</annotation></semantics></math></p>
<p>For women, the equation becomes:
stress = <math display="inline" xmlns="http://www.w3.org/1998/Math/MathML"><semantics><mrow><mn>3.601</mn><mo>+</mo><mn>2.253</mn><mo>×</mo><mn>1</mn><mo>+</mo><mn>.480</mn><mo>×</mo><mi>t</mi><mi>e</mi><mi>s</mi><mi>t</mi><mi>a</mi><mi>n</mi><mi>x</mi><mi>i</mi><mi>e</mi><mi>t</mi><mi>y</mi><mo>=</mo><mn>5.854</mn><mo>+</mo><mn>.480</mn><mo>×</mo><mi>t</mi><mi>e</mi><mi>s</mi><mi>t</mi><mi>a</mi><mi>n</mi><mi>x</mi><mi>i</mi><mi>e</mi><mi>t</mi><mi>y</mi></mrow><annotation encoding="application/x-tex">3.601 + 2.253 \times 1 + .480 \times testanxiety = 5.854 + .480 \times testanxiety</annotation></semantics></math></p>
</div>
</div>
</modalFeedback>
<modalFeedback identifier="PARTIAL_CORRECT" outcomeIdentifier="FEEDBACK" showHide="show">
<div class="textblock tvblock tvcss_1"><div class="rte_zone tveditor1">
<p>The general formulation of the regression line is:
stress = <math display="inline" xmlns="http://www.w3.org/1998/Math/MathML"><semantics><mrow><msub><mi>b</mi><mn>0</mn></msub><mo>+</mo><msub><mi>b</mi><mn>1</mn></msub><mo>×</mo><mi>g</mi><mi>e</mi><mi>n</mi><mi>d</mi><mi>e</mi><mi>r</mi><mo>+</mo><msub><mi>b</mi><mn>2</mn></msub><mo>×</mo><mi>t</mi><mi>e</mi><mi>s</mi><mi>t</mi><mi>a</mi><mi>n</mi><mi>x</mi><mi>i</mi><mi>e</mi><mi>t</mi><mi>y</mi></mrow><annotation encoding="application/x-tex">b_0 + b_1 \times gender + b_2 \times testanxiety</annotation></semantics></math></p>
<p>For men, the equation becomes:
stress = <math display="inline" xmlns="http://www.w3.org/1998/Math/MathML"><semantics><mrow><mn>3.601</mn><mo>+</mo><mn>2.253</mn><mo>×</mo><mn>0</mn><mo>+</mo><mn>.480</mn><mo>×</mo><mi>t</mi><mi>e</mi><mi>s</mi><mi>t</mi><mi>a</mi><mi>n</mi><mi>x</mi><mi>i</mi><mi>e</mi><mi>t</mi><mi>y</mi><mo>=</mo><mn>3.601</mn><mo>+</mo><mn>.480</mn><mo>×</mo><mi>t</mi><mi>e</mi><mi>s</mi><mi>t</mi><mi>a</mi><mi>n</mi><mi>x</mi><mi>i</mi><mi>e</mi><mi>t</mi><mi>y</mi></mrow><annotation encoding="application/x-tex">3.601 + 2.253 \times 0 + .480 \times testanxiety = 3.601 + .480 \times testanxiety</annotation></semantics></math></p>
<p>For women, the equation becomes:
stress = <math display="inline" xmlns="http://www.w3.org/1998/Math/MathML"><semantics><mrow><mn>3.601</mn><mo>+</mo><mn>2.253</mn><mo>×</mo><mn>1</mn><mo>+</mo><mn>.480</mn><mo>×</mo><mi>t</mi><mi>e</mi><mi>s</mi><mi>t</mi><mi>a</mi><mi>n</mi><mi>x</mi><mi>i</mi><mi>e</mi><mi>t</mi><mi>y</mi><mo>=</mo><mn>5.854</mn><mo>+</mo><mn>.480</mn><mo>×</mo><mi>t</mi><mi>e</mi><mi>s</mi><mi>t</mi><mi>a</mi><mi>n</mi><mi>x</mi><mi>i</mi><mi>e</mi><mi>t</mi><mi>y</mi></mrow><annotation encoding="application/x-tex">3.601 + 2.253 \times 1 + .480 \times testanxiety = 5.854 + .480 \times testanxiety</annotation></semantics></math></p>
</div>
</div>
</modalFeedback>
</assessmentItem>
