<?xml version="1.0" encoding="UTF-8"?>
<assessmentItem xsi:schemaLocation="http://www.imsglobal.org/xsd/imsqti_v2p1 http://www.imsglobal.org/xsd/qti/qtiv2p1/imsqti_v2p1p1.xsd http://www.w3.org/1998/Math/MathML http://www.w3.org/Math/XMLSchema/mathml2/mathml2.xsd" identifier="vufgb-regression-009-nl-ans_538175650_section_1_item_1_schoice" title="Inferential_Statistics_vufgb-regression-009-nl_vufgb-regression-009-nl_schoice_1" adaptive="false" timeDependent="false" xmlns="http://www.imsglobal.org/xsd/imsqti_v2p1" xmlns:xsi="http://www.w3.org/2001/XMLSchema-instance">
<responseDeclaration identifier="vufgb-regression-009-nl-ans_538175650_section_1_item_1_schoice_RESPONSE_1_5414714" cardinality="single" baseType="identifier">
<correctResponse>
<value>vufgb-regression-009-nl-ans_538175650_section_1_item_1_schoice_1_4649639697</value>
</correctResponse>
<mapping defaultValue="0" lowerBound="0.0">
<mapEntry mapKey="vufgb-regression-009-nl-ans_538175650_section_1_item_1_schoice_1_4649639697" mappedValue="1"/>
<mapEntry mapKey="vufgb-regression-009-nl-ans_538175650_section_1_item_1_schoice_2_8129172954" mappedValue="0"/>
<mapEntry mapKey="vufgb-regression-009-nl-ans_538175650_section_1_item_1_schoice_3_5602746033" mappedValue="0"/>
<mapEntry mapKey="vufgb-regression-009-nl-ans_538175650_section_1_item_1_schoice_4_1639467834" mappedValue="0"/>
</mapping>
</responseDeclaration>
<outcomeDeclaration identifier="SCORE" cardinality="single" baseType="float" normalMaximum="1" normalMinimum="0">
<defaultValue>
<value>0.0</value>
</defaultValue>
</outcomeDeclaration>
<outcomeDeclaration identifier="MAXSCORE" cardinality="single" baseType="float">
<defaultValue>
<value>1</value>
</defaultValue>
</outcomeDeclaration>
<outcomeDeclaration identifier="FEEDBACKBASIC" cardinality="single" baseType="identifier" view="testConstructor">
<defaultValue>
<value>empty</value>
</defaultValue>
</outcomeDeclaration>
<outcomeDeclaration identifier="FEEDBACKMODAL" cardinality="multiple" baseType="identifier" view="testConstructor"/>
<outcomeDeclaration identifier="SOLUTIONMODAL" cardinality="single" baseType="identifier" view="testConstructor"/>
<outcomeDeclaration identifier="MINSCORE" cardinality="single" baseType="float">
<defaultValue>
<value baseType="float">0</value>
</defaultValue>
</outcomeDeclaration>
<outcomeDeclaration identifier="SCORE_RESPONSE_1" cardinality="single" baseType="float">
<defaultValue>
<value>0.0</value>
</defaultValue>
</outcomeDeclaration>
<outcomeDeclaration identifier="MINSCORE_RESPONSE_1" cardinality="single" baseType="float">
<defaultValue>
<value>0.0</value>
</defaultValue>
</outcomeDeclaration>
<itemBody>
<p>De standaard fout (‘standarderror’) van de regressiecoëfficiënt <span class="math inline">\(b\)</span> wordt groter, als…</p>
<choiceInteraction responseIdentifier="vufgb-regression-009-nl-ans_538175650_section_1_item_1_schoice_RESPONSE_1_5414714" shuffle="false" maxChoices="1">
<simpleChoice identifier="vufgb-regression-009-nl-ans_538175650_section_1_item_1_schoice_1_4649639697">
<p>
 de residuele spreiding van de uitkomst <span class="math inline">\(y\)</span> toeneemt.
</p>
</simpleChoice>
<simpleChoice identifier="vufgb-regression-009-nl-ans_538175650_section_1_item_1_schoice_2_8129172954">
<p>
 de steekproef groter wordt.
</p>
</simpleChoice>
<simpleChoice identifier="vufgb-regression-009-nl-ans_538175650_section_1_item_1_schoice_3_5602746033">
<p>
 het alpha-niveau kleiner wordt.
</p>
</simpleChoice>
<simpleChoice identifier="vufgb-regression-009-nl-ans_538175650_section_1_item_1_schoice_4_1639467834">
<p>
 de spreiding in de voorspeller <span class="math inline">\(x\)</span> toeneemt.
</p>
</simpleChoice>
</choiceInteraction>
</itemBody>
<responseProcessing>
<setOutcomeValue identifier="SCORE_RESPONSE_1">
<sum>
<variable identifier="SCORE_RESPONSE_1"/>
<mapResponse identifier="vufgb-regression-009-nl-ans_538175650_section_1_item_1_schoice_RESPONSE_1_5414714"/>
</sum>
</setOutcomeValue>
<responseCondition>
<responseIf>
<lt>
<variable identifier="SCORE_RESPONSE_1"/>
<variable identifier="MINSCORE_RESPONSE_1"/>
</lt>
<setOutcomeValue identifier="SCORE_RESPONSE_1">
<variable identifier="MINSCORE_RESPONSE_1"/>
</setOutcomeValue>
</responseIf>
</responseCondition>
<responseCondition>
<responseIf>
<isNull>
<variable identifier="vufgb-regression-009-nl-ans_538175650_section_1_item_1_schoice_RESPONSE_1_5414714"/>
</isNull>
<setOutcomeValue identifier="SCORE_RESPONSE_1">
<sum>
<variable identifier="SCORE_RESPONSE_1"/>
<baseValue baseType="float">0</baseValue>
</sum>
</setOutcomeValue>
</responseIf>
</responseCondition>
<setOutcomeValue identifier="SCORE">
<sum>
<variable identifier="SCORE_RESPONSE_1"/>
</sum>
</setOutcomeValue>
<responseCondition>
<responseIf>
<lt>
<variable identifier="SCORE"/>
<variable identifier="MINSCORE"/>
</lt>
<setOutcomeValue identifier="SCORE">
<variable identifier="MINSCORE"/>
</setOutcomeValue>
</responseIf>
</responseCondition>
<responseCondition>
<responseIf>
<lt>
<variable identifier="SCORE"/>
<baseValue baseType="float">1</baseValue>
</lt>
<setOutcomeValue identifier="FEEDBACKMODAL">
<multiple>
<variable identifier="FEEDBACKMODAL"/>
<baseValue baseType="identifier">Feedback882829497</baseValue>
</multiple>
</setOutcomeValue>
</responseIf>
</responseCondition>
</responseProcessing>
<modalFeedback outcomeIdentifier="FEEDBACK" showHide="show" identifier="incorrect">
<ul>
<li> de residuele spreiding van de uitkomst <span class="math inline">\(y\)</span> toeneemt. <br /> Correct </li>
<li> de steekproef groter wordt. <br /> Incorrect </li>
<li> het alpha-niveau kleiner wordt. <br /> Incorrect </li>
<li> de spreiding in de voorspeller <span class="math inline">\(x\)</span> toeneemt. <br /> Incorrect </li>
</ul>
</modalFeedback>
</assessmentItem>
