<?xml version="1.0" encoding="UTF-8"?>
<!DOCTYPE questestinterop SYSTEM "ims_qtiasiv1p2p1.dtd">

<questestinterop xmlns="http://www.imsglobal.org/xsd/ims_qtiasiv1p2" xmlns:xsi="http://www.w3.org/2001/XMLSchema-instance" xsi:schemaLocation="http://www.imsglobal.org/xsd/ims_qtiasiv1p2 http://www.imsglobal.org/xsd/ims_qtiasiv1p2p1.xsd">
<assessment ident="uu-One-sample-mean-800-en-canvas_520376080" title="uu-One-sample-mean-800-en-canvas">

<qtimetadata>
<qtimetadatafield>
<fieldlabel>cc_maxattempts</fieldlabel>
<fieldentry>1</fieldentry>
</qtimetadatafield>
<qtimetadatafield>
<fieldlabel>qmd_assessmenttype</fieldlabel>
<fieldentry>Assessment</fieldentry>
</qtimetadatafield>
</qtimetadata>
<objectives>
<material>
<mattext><![CDATA[Please solve the following exercises.]]></mattext>
</material>
</objectives>
<assessmentcontrol feedbackswitch="No" hintswitch="No" solutionswitch="Yes"/>
<outcomes_processing scoremodel="SumOfScores">
<outcomes>
<decvar varname="SCORE" vartype="Decimal" cutvalue="0"/>
</outcomes>
</outcomes_processing>
<assessfeedback title="AssessmentFeedback" ident="AssessmentFeedback">
<flow_mat>
<material>
<mattext>##AssessmentFeedback##</mattext>
</material>
</flow_mat>
</assessfeedback>

<section ident="uu-One-sample-mean-800-en-canvas_520376080_section_1" title="Exercise">

<objectives>
<material>
<mattext><![CDATA[Please answer the following question.]]></mattext>
</material>
</objectives>
<selection_ordering>
<selection>
<selection_number>1</selection_number>
<selection_extension>
<points_per_item>1</points_per_item>
</selection_extension>
</selection>
<order order_type="Random"/>
</selection_ordering>

<item ident="uu-One-sample-mean-800-en-canvas_520376080_section_1_item_1_schoice" title="Question" maxattempts="1">
<itemcontrol feedbackswitch="No" hintswitch="No" solutionswitch="Yes"/>
<itemmetadata>
<qtimetadata>
<qtimetadatafield>
<fieldlabel>question_type</fieldlabel>
<fieldentry>multiple_choice_question</fieldentry>
</qtimetadatafield>
</qtimetadata>
</itemmetadata>
<presentation>
<flow>
<material>
<matbreak/>
<mattext texttype="text/html" charset="utf-8"><![CDATA[
<p>A researcher wants to investigate if UCU students differ from Dutch university students in general with regard to the level of academic stress they experience (measured on a scale from 0 to 100). The researcher knows that the average stress score among students in the Netherlands is 59. For her study, the researcher has collected data from a random sample of 36 UCU students. The mean of the academic stress score in the sample was 62 and the estimated population variance (S2) was 100.</p>
<p>Which of the following tests should the researcher use to answer her research question?</p>
]]></mattext>
<matbreak/>
</material>
<response_lid ident="uu-One-sample-mean-800-en-canvas_520376080_section_1_item_1_schoice_RESPONSE_5727475" rcardinality="Single" rtiming="No">
<render_choice shuffle="No">
<flow_label class="List">
<response_label ident="uu-One-sample-mean-800-en-canvas_520376080_section_1_item_1_schoice_6934925170" rshuffle="No">
<material>
<mattext texttype="text/html" charset="utf-8"><![CDATA[
 The Z test
]]></mattext>
</material>
</response_label>
</flow_label>
<flow_label class="List">
<response_label ident="uu-One-sample-mean-800-en-canvas_520376080_section_1_item_1_schoice_5913902164" rshuffle="No">
<material>
<mattext texttype="text/html" charset="utf-8"><![CDATA[
 The t test for a single sample
]]></mattext>
</material>
</response_label>
</flow_label>
<flow_label class="List">
<response_label ident="uu-One-sample-mean-800-en-canvas_520376080_section_1_item_1_schoice_9901035149" rshuffle="No">
<material>
<mattext texttype="text/html" charset="utf-8"><![CDATA[
 The t Test for independent means
]]></mattext>
</material>
</response_label>
</flow_label>
<flow_label class="List">
<response_label ident="uu-One-sample-mean-800-en-canvas_520376080_section_1_item_1_schoice_9758962567" rshuffle="No">
<material>
<mattext texttype="text/html" charset="utf-8"><![CDATA[
 The Chi-square test for independence
]]></mattext>
</material>
</response_label>
</flow_label>
</render_choice>
</response_lid>
</flow>
</presentation>
<resprocessing>
<outcomes>
<decvar varname="SCORE" vartype="Decimal" defaultval="0" minvalue="0" maxvalue="1" cutvalue="1"/>
</outcomes>
<respcondition title="Mastery" continue="No">
<conditionvar>
<and>
<varequal respident="uu-One-sample-mean-800-en-canvas_520376080_section_1_item_1_schoice_RESPONSE_5727475" case="Yes">uu-One-sample-mean-800-en-canvas_520376080_section_1_item_1_schoice_5913902164</varequal>
<not> <varequal respident="uu-One-sample-mean-800-en-canvas_520376080_section_1_item_1_schoice_RESPONSE_5727475" case="Yes">uu-One-sample-mean-800-en-canvas_520376080_section_1_item_1_schoice_6934925170</varequal> </not>
<not> <varequal respident="uu-One-sample-mean-800-en-canvas_520376080_section_1_item_1_schoice_RESPONSE_5727475" case="Yes">uu-One-sample-mean-800-en-canvas_520376080_section_1_item_1_schoice_9901035149</varequal> </not>
<not> <varequal respident="uu-One-sample-mean-800-en-canvas_520376080_section_1_item_1_schoice_RESPONSE_5727475" case="Yes">uu-One-sample-mean-800-en-canvas_520376080_section_1_item_1_schoice_9758962567</varequal> </not>
</and>
</conditionvar>
<setvar varname="SCORE" action="Set">1</setvar>
<displayfeedback feedbacktype="Response" linkrefid="correct_fb"/>
</respcondition>
<respcondition continue="Yes">
<conditionvar>
<other/>
</conditionvar>
<displayfeedback feedbacktype="Response" linkrefid="general_incorrect_fb"/>
</respcondition>
</resprocessing>
<itemfeedback ident="correct_fb" view="All">
<flow_mat>
<material>
<mattext texttype="text/html"><![CDATA[

]]></mattext>
</material>
</flow_mat>
</itemfeedback>
<itemfeedback ident="general_incorrect_fb" view="All">
<flow_mat>
<material>
<mattext texttype="text/html"><![CDATA[

]]></mattext>
</material>
</flow_mat>
</itemfeedback>
</item>


</section>

</assessment>
</questestinterop>
