<?xml version="1.0" encoding="UTF-8"?>
<!DOCTYPE questestinterop SYSTEM "ims_qtiasiv1p2p1.dtd">

<questestinterop xmlns="http://www.imsglobal.org/xsd/ims_qtiasiv1p2" xmlns:xsi="http://www.w3.org/2001/XMLSchema-instance" xsi:schemaLocation="http://www.imsglobal.org/xsd/ims_qtiasiv1p2 http://www.imsglobal.org/xsd/ims_qtiasiv1p2p1.xsd">
<assessment ident="vufsw-mixeddesignanova-0250-en-canvas_397226227" title="vufsw-mixeddesignanova-0250-en-canvas">

<qtimetadata>
<qtimetadatafield>
<fieldlabel>cc_maxattempts</fieldlabel>
<fieldentry>1</fieldentry>
</qtimetadatafield>
<qtimetadatafield>
<fieldlabel>qmd_assessmenttype</fieldlabel>
<fieldentry>Assessment</fieldentry>
</qtimetadatafield>
</qtimetadata>
<objectives>
<material>
<mattext><![CDATA[Please solve the following exercises.]]></mattext>
</material>
</objectives>
<assessmentcontrol feedbackswitch="No" hintswitch="No" solutionswitch="Yes"/>
<outcomes_processing scoremodel="SumOfScores">
<outcomes>
<decvar varname="SCORE" vartype="Decimal" cutvalue="0"/>
</outcomes>
</outcomes_processing>
<assessfeedback title="AssessmentFeedback" ident="AssessmentFeedback">
<flow_mat>
<material>
<mattext>##AssessmentFeedback##</mattext>
</material>
</flow_mat>
</assessfeedback>

<section ident="vufsw-mixeddesignanova-0250-en-canvas_397226227_section_1" title="Exercise">

<objectives>
<material>
<mattext><![CDATA[Please answer the following question.]]></mattext>
</material>
</objectives>
<selection_ordering>
<selection>
<selection_number>1</selection_number>
<selection_extension>
<points_per_item>1</points_per_item>
</selection_extension>
</selection>
<order order_type="Random"/>
</selection_ordering>

<item ident="vufsw-mixeddesignanova-0250-en-canvas_397226227_section_1_item_1_schoice" title="Question" maxattempts="1">
<itemcontrol feedbackswitch="No" hintswitch="No" solutionswitch="Yes"/>
<itemmetadata>
<qtimetadata>
<qtimetadatafield>
<fieldlabel>question_type</fieldlabel>
<fieldentry>multiple_choice_question</fieldentry>
</qtimetadatafield>
</qtimetadata>
</itemmetadata>
<presentation>
<flow>
<material>
<matbreak/>
<mattext texttype="text/html" charset="utf-8"><![CDATA[
<p>Which of the following statements are correct?</p>
<p>I. In a mixed-design ANOVA there is always one dependent variable<br />
II. In a mixed-design ANOVA there is always more than one variable that
defines between group differences</p>
]]></mattext>
<matbreak/>
</material>
<response_lid ident="vufsw-mixeddesignanova-0250-en-canvas_397226227_section_1_item_1_schoice_RESPONSE_6359968" rcardinality="Single" rtiming="No">
<render_choice shuffle="No">
<flow_label class="List">
<response_label ident="vufsw-mixeddesignanova-0250-en-canvas_397226227_section_1_item_1_schoice_2117015120" rshuffle="No">
<material>
<mattext texttype="text/html" charset="utf-8"><![CDATA[
 Both statements are correct.
]]></mattext>
</material>
</response_label>
</flow_label>
<flow_label class="List">
<response_label ident="vufsw-mixeddesignanova-0250-en-canvas_397226227_section_1_item_1_schoice_4032452577" rshuffle="No">
<material>
<mattext texttype="text/html" charset="utf-8"><![CDATA[
 Statement I is incorrect and statement II is correct.
]]></mattext>
</material>
</response_label>
</flow_label>
<flow_label class="List">
<response_label ident="vufsw-mixeddesignanova-0250-en-canvas_397226227_section_1_item_1_schoice_8722805268" rshuffle="No">
<material>
<mattext texttype="text/html" charset="utf-8"><![CDATA[
 Statement I is correct and statement II is incorrect.
]]></mattext>
</material>
</response_label>
</flow_label>
<flow_label class="List">
<response_label ident="vufsw-mixeddesignanova-0250-en-canvas_397226227_section_1_item_1_schoice_5480892504" rshuffle="No">
<material>
<mattext texttype="text/html" charset="utf-8"><![CDATA[
 Both statements are incorrect.
]]></mattext>
</material>
</response_label>
</flow_label>
</render_choice>
</response_lid>
</flow>
</presentation>
<resprocessing>
<outcomes>
<decvar varname="SCORE" vartype="Decimal" defaultval="0" minvalue="0" maxvalue="1" cutvalue="1"/>
</outcomes>
<respcondition title="Mastery" continue="No">
<conditionvar>
<and>
<varequal respident="vufsw-mixeddesignanova-0250-en-canvas_397226227_section_1_item_1_schoice_RESPONSE_6359968" case="Yes">vufsw-mixeddesignanova-0250-en-canvas_397226227_section_1_item_1_schoice_8722805268</varequal>
<not> <varequal respident="vufsw-mixeddesignanova-0250-en-canvas_397226227_section_1_item_1_schoice_RESPONSE_6359968" case="Yes">vufsw-mixeddesignanova-0250-en-canvas_397226227_section_1_item_1_schoice_2117015120</varequal> </not>
<not> <varequal respident="vufsw-mixeddesignanova-0250-en-canvas_397226227_section_1_item_1_schoice_RESPONSE_6359968" case="Yes">vufsw-mixeddesignanova-0250-en-canvas_397226227_section_1_item_1_schoice_4032452577</varequal> </not>
<not> <varequal respident="vufsw-mixeddesignanova-0250-en-canvas_397226227_section_1_item_1_schoice_RESPONSE_6359968" case="Yes">vufsw-mixeddesignanova-0250-en-canvas_397226227_section_1_item_1_schoice_5480892504</varequal> </not>
</and>
</conditionvar>
<setvar varname="SCORE" action="Set">1</setvar>
<displayfeedback feedbacktype="Response" linkrefid="correct_fb"/>
</respcondition>
<respcondition continue="Yes">
<conditionvar>
<other/>
</conditionvar>
<displayfeedback feedbacktype="Response" linkrefid="general_incorrect_fb"/>
</respcondition>
</resprocessing>
<itemfeedback ident="correct_fb" view="All">
<flow_mat>
<material>
<mattext texttype="text/html"><![CDATA[
<p>There is always only one dependent variable in a mixed design ANOVA. So,
statement I is correct.<br />
However, there can be one or more between variables. So, statement II is
incorrect.</p>
<p>Language<br />
English &amp; Nederlands</p>
<p>M&amp;T Mixed design ANOVA<br />
Default value</p>
<p>M&amp;T MVA<br />
Standaardwaarde</p>
<br />
<ul>
<li> Both statements are correct. <br /> False </li>
<li> Statement I is incorrect and statement II is correct. <br /> False </li>
<li> Statement I is correct and statement II is incorrect. <br /> True </li>
<li> Both statements are incorrect. <br /> False </li>
</ul>
]]></mattext>
</material>
</flow_mat>
</itemfeedback>
<itemfeedback ident="general_incorrect_fb" view="All">
<flow_mat>
<material>
<mattext texttype="text/html"><![CDATA[
<p>There is always only one dependent variable in a mixed design ANOVA. So,
statement I is correct.<br />
However, there can be one or more between variables. So, statement II is
incorrect.</p>
<p>Language<br />
English &amp; Nederlands</p>
<p>M&amp;T Mixed design ANOVA<br />
Default value</p>
<p>M&amp;T MVA<br />
Standaardwaarde</p>
<br />
<ul>
<li> Both statements are correct. <br /> False </li>
<li> Statement I is incorrect and statement II is correct. <br /> False </li>
<li> Statement I is correct and statement II is incorrect. <br /> True </li>
<li> Both statements are incorrect. <br /> False </li>
</ul>
]]></mattext>
</material>
</flow_mat>
</itemfeedback>
</item>


</section>

</assessment>
</questestinterop>
