<?xml version="1.0" encoding="UTF-8"?>
<assessmentItem xsi:schemaLocation="http://www.imsglobal.org/xsd/imsqti_v2p1 http://www.imsglobal.org/xsd/qti/qtiv2p1/imsqti_v2p1p1.xsd http://www.w3.org/1998/Math/MathML http://www.w3.org/Math/XMLSchema/mathml2/mathml2.xsd" identifier="vufsw-covariance-1333-en-qti_177757390_section_1_item_1_schoice" title="1" adaptive="false" timeDependent="false" xmlns="http://www.imsglobal.org/xsd/imsqti_v2p1" xmlns:xsi="http://www.w3.org/2001/XMLSchema-instance">
<responseDeclaration identifier="vufsw-covariance-1333-en-qti_177757390_section_1_item_1_schoice_RESPONSE_1_8591212" cardinality="single" baseType="identifier">
<correctResponse>
<value>vufsw-covariance-1333-en-qti_177757390_section_1_item_1_schoice_3_6485879332</value>
</correctResponse>
<mapping defaultValue="0" lowerBound="0.0">
<mapEntry mapKey="vufsw-covariance-1333-en-qti_177757390_section_1_item_1_schoice_1_2093900108" mappedValue="0"/>
<mapEntry mapKey="vufsw-covariance-1333-en-qti_177757390_section_1_item_1_schoice_2_8734637997" mappedValue="0"/>
<mapEntry mapKey="vufsw-covariance-1333-en-qti_177757390_section_1_item_1_schoice_3_6485879332" mappedValue="1"/>
<mapEntry mapKey="vufsw-covariance-1333-en-qti_177757390_section_1_item_1_schoice_4_1078344371" mappedValue="0"/>
</mapping>
</responseDeclaration>
<outcomeDeclaration identifier="SCORE" cardinality="single" baseType="float" normalMaximum="1" normalMinimum="0">
<defaultValue>
<value>0.0</value>
</defaultValue>
</outcomeDeclaration>
<outcomeDeclaration identifier="MAXSCORE" cardinality="single" baseType="float">
<defaultValue>
<value>1</value>
</defaultValue>
</outcomeDeclaration>
<outcomeDeclaration identifier="FEEDBACKBASIC" cardinality="single" baseType="identifier" view="testConstructor">
<defaultValue>
<value>empty</value>
</defaultValue>
</outcomeDeclaration>
<outcomeDeclaration identifier="FEEDBACKMODAL" cardinality="multiple" baseType="identifier" view="testConstructor"/>
<outcomeDeclaration identifier="MINSCORE" cardinality="single" baseType="float">
<defaultValue>
<value baseType="float">0</value>
</defaultValue>
</outcomeDeclaration>
<outcomeDeclaration identifier="SCORE_RESPONSE_1" cardinality="single" baseType="float">
<defaultValue>
<value>0.0</value>
</defaultValue>
</outcomeDeclaration>
<outcomeDeclaration identifier="MINSCORE_RESPONSE_1" cardinality="single" baseType="float">
<defaultValue>
<value>0.0</value>
</defaultValue>
</outcomeDeclaration>
<itemBody>
<p><img src="1631180281739.png" class="fr-fic fr-dii tvcss_2"
alt="1631180281739" /></p>
<p>Reading frequency is measured in number of books read per year. What
happens to the covariance and correlation if you were to measure reading
in number of books read per month?</p>
<choiceInteraction responseIdentifier="vufsw-covariance-1333-en-qti_177757390_section_1_item_1_schoice_RESPONSE_1_8591212" shuffle="false" maxChoices="1">
<simpleChoice identifier="vufsw-covariance-1333-en-qti_177757390_section_1_item_1_schoice_1_2093900108">
<p>
a. Both covariance and correlation do not change
</p>
</simpleChoice>
<simpleChoice identifier="vufsw-covariance-1333-en-qti_177757390_section_1_item_1_schoice_2_8734637997">
<p>
b. Only the correlation changes
</p>
</simpleChoice>
<simpleChoice identifier="vufsw-covariance-1333-en-qti_177757390_section_1_item_1_schoice_3_6485879332">
<p>
c. Only the covariance changes
</p>
</simpleChoice>
<simpleChoice identifier="vufsw-covariance-1333-en-qti_177757390_section_1_item_1_schoice_4_1078344371">
<p>
d. Both covariance and correlation change
</p>
</simpleChoice>
</choiceInteraction>
</itemBody>
<responseProcessing>
<responseCondition>
<responseIf>
<isNull>
<variable identifier="vufsw-covariance-1333-en-qti_177757390_section_1_item_1_schoice_RESPONSE_1_8591212"/>
</isNull>
<setOutcomeValue identifier="SCORE_RESPONSE_1">
<sum>
<variable identifier="SCORE_RESPONSE_1"/>
<baseValue baseType="float">0</baseValue>
</sum>
</setOutcomeValue>
</responseIf>
</responseCondition>
<setOutcomeValue identifier="SCORE_RESPONSE_1">
<sum>
<variable identifier="SCORE_RESPONSE_1"/>
<mapResponse identifier="vufsw-covariance-1333-en-qti_177757390_section_1_item_1_schoice_RESPONSE_1_8591212"/>
</sum>
</setOutcomeValue>
<responseCondition>
<responseIf>
<lt>
<variable identifier="SCORE_RESPONSE_1"/>
<variable identifier="MINSCORE_RESPONSE_1"/>
</lt>
<setOutcomeValue identifier="SCORE_RESPONSE_1">
<variable identifier="MINSCORE_RESPONSE_1"/>
</setOutcomeValue>
</responseIf>
</responseCondition>
<setOutcomeValue identifier="SCORE">
<sum>
<variable identifier="SCORE_RESPONSE_1"/>
</sum>
</setOutcomeValue>
<responseCondition>
<responseIf>
<lt>
<variable identifier="SCORE"/>
<variable identifier="MINSCORE"/>
</lt>
<setOutcomeValue identifier="SCORE">
<variable identifier="MINSCORE"/>
</setOutcomeValue>
</responseIf>
</responseCondition>
<responseCondition>
<responseIf>
<lt>
<variable identifier="SCORE"/>
<baseValue baseType="float">1</baseValue>
</lt>
<setOutcomeValue identifier="FEEDBACKMODAL">
<multiple>
<variable identifier="FEEDBACKMODAL"/>
<baseValue baseType="identifier">Feedback412144705</baseValue>
</multiple>
</setOutcomeValue>
</responseIf>
</responseCondition>
</responseProcessing>
<modalFeedback identifier="Feedback412144705" outcomeIdentifier="FEEDBACKMODAL" showHide="show">
<ol type = "a">
<li> Both covariance and correlation do not change <br /> False </li>
<li> Only the correlation changes <br /> False </li>
<li> Only the covariance changes <br /> True </li>
<li> Both covariance and correlation change <br /> False </li>
</ol>
</modalFeedback>
</assessmentItem>
