<?xml version="1.0" encoding="utf-8" standalone="yes"?>
<assessmentItem identifier="uva-elementary-probability-1005-nl-tv_202403081017_item_1_schoice" title="uva-elementary-probability-1005-nl-tv_202403081017_item_1_schoice_uva-elementary-probability-1005-nl" adaptive="false" timeDependent="false" toolName="Testvision Online" toolVersion="39.0.9084" xmlns="http://www.imsglobal.org/xsd/imsqti_v2p1">
<responseDeclaration identifier="RESPONSE" cardinality="single" baseType="identifier">
<correctResponse>
<value>alt_550823</value>
</correctResponse>
<mapping defaultValue="0" lowerBound="0.0">
<mapEntry mapKey="alt_173239" mappedValue="-0.333333333333333"/>
<mapEntry mapKey="alt_561854" mappedValue="-0.333333333333333"/>
<mapEntry mapKey="alt_333354" mappedValue="-0.333333333333333"/>
<mapEntry mapKey="alt_550823" mappedValue="1"/>
</mapping>
</responseDeclaration>
<outcomeDeclaration identifier="SCORE" cardinality="single" baseType="float" normalMaximum="1" normalMinimum="0" />
<outcomeDeclaration identifier="FEEDBACK" cardinality="single" baseType="identifier" />
<itemBody>
<p>Een schroefkop kan verschillende vormen hebben: (a) zeskant, (b) bol,
(c) verzonken, (d) cilinder, (e) verzonken met binnenzeskant, (f)
verzonken met kruis, (g) kartelschroef. Een fabriek heeft 1000
schroefkoppen gemaakt van iedere vorm. We noemen de gebeurtenissen:<br />
<br />
* <em>A</em> = {de schroeven met bolkop}<br />
* <em>B</em> = {de schroeven met verzonken kop}<br />
* <em>C</em> = {de schroeven met verzonken met binnenzeskant-kop}<br />
<br />
Wat is dan de kans op <em>A</em> U <em>B</em>?</p>
<choiceInteraction responseIdentifier="RESPONSE" shuffle="false" maxChoices="1">
<simpleChoice identifier="alt_173239">
<div class="textblock tvblock tvcss_1"><div class="rte_zone tveditor1">
 1/7000
</div>
</div>
</simpleChoice>
<simpleChoice identifier="alt_561854">
<div class="textblock tvblock tvcss_1"><div class="rte_zone tveditor1">
 1/1000
</div>
</div>
</simpleChoice>
<simpleChoice identifier="alt_333354">
<div class="textblock tvblock tvcss_1"><div class="rte_zone tveditor1">
 1/7
</div>
</div>
</simpleChoice>
<simpleChoice identifier="alt_550823">
<div class="textblock tvblock tvcss_1"><div class="rte_zone tveditor1">
 2/7
</div>
</div>
</simpleChoice>
</choiceInteraction>
</itemBody>
<responseProcessing>
<responseCondition>
<responseIf>
<isNull>
<variable identifier="RESPONSE"/>
</isNull>
<setOutcomeValue identifier="SCORE">
<baseValue baseType="float">0.0</baseValue>
</setOutcomeValue>
<setOutcomeValue identifier="FEEDBACK">
<baseValue baseType="identifier">FAILURE</baseValue>
</setOutcomeValue>
</responseIf>
<responseElse>
<setOutcomeValue identifier="SCORE">
<mapResponse identifier="RESPONSE"/>
</setOutcomeValue>
<responseCondition>
<responseIf>
<equal toleranceMode="relative" tolerance="0.001">
<variable identifier="SCORE"/>
<variable identifier="MAXSCORE"/>
</equal>
<setOutcomeValue identifier="FEEDBACK">
<baseValue baseType="identifier">ANSWER_CORRECT</baseValue>
</setOutcomeValue>
</responseIf>
<responseElse>
<setOutcomeValue identifier="FEEDBACK">
<baseValue baseType="identifier">FAILURE</baseValue>
</setOutcomeValue>
</responseElse>
</responseCondition>
</responseElse>
</responseCondition>
</responseProcessing>
<modalFeedback identifier="FAILURE" outcomeIdentifier="FEEDBACK" showHide="show">
<div class="textblock tvblock tvcss_1"><div class="rte_zone tveditor1">
<p>Het correcte antwoord is:</p>
<ul>
<li>2/7</li>
</ul>
</div>
</div>
</modalFeedback>
<modalFeedback identifier="ANSWER_CORRECT" outcomeIdentifier="FEEDBACK" showHide="show">
<div class="textblock tvblock tvcss_1"><div class="rte_zone tveditor1">
<p>Het correcte antwoord is:</p>
<ul>
<li>2/7</li>
</ul>
</div>
</div>
</modalFeedback>
<modalFeedback identifier="PARTIAL_CORRECT" outcomeIdentifier="FEEDBACK" showHide="show">
<div class="textblock tvblock tvcss_1"><div class="rte_zone tveditor1">
<p>Het correcte antwoord is:</p>
<ul>
<li>2/7</li>
</ul>
</div>
</div>
</modalFeedback>
</assessmentItem>
