<?xml version="1.0" encoding="utf-8" standalone="yes"?>
<assessmentItem identifier="uva-normal-1335-nl-tv_202404291202_item_1_schoice" title="uva-normal-1335-nl-tv_202404291202_item_1_schoice_uva-normal-1335-nl" adaptive="false" timeDependent="false" toolName="Testvision Online" toolVersion="39.0.9084" xmlns="http://www.imsglobal.org/xsd/imsqti_v2p1">
<responseDeclaration identifier="RESPONSE" cardinality="single" baseType="identifier">
<correctResponse>
<value>alt_410429</value>
</correctResponse>
<mapping defaultValue="0" lowerBound="0.0">
<mapEntry mapKey="alt_410429" mappedValue="1"/>
<mapEntry mapKey="alt_705524" mappedValue="-0.333333333333333"/>
<mapEntry mapKey="alt_404653" mappedValue="-0.333333333333333"/>
<mapEntry mapKey="alt_697086" mappedValue="-0.333333333333333"/>
</mapping>
</responseDeclaration>
<outcomeDeclaration identifier="SCORE" cardinality="single" baseType="float" normalMaximum="1" normalMinimum="0" />
<outcomeDeclaration identifier="FEEDBACK" cardinality="single" baseType="identifier" />
<itemBody>
<p>Veronderstel dat het aantal wedstrijden waaraan voetbalspelers tijdens
hun loopbaan deelnemen normaal verdeeld is met een gemiddelde van 1500
wedstrijden en een standaarddeviatie van 350. Wat is dan het percentage
spelers dat minder dan 750 wedstrijden speelden?</p>
<choiceInteraction responseIdentifier="RESPONSE" shuffle="false" maxChoices="1">
<simpleChoice identifier="alt_410429">
<div class="textblock tvblock tvcss_1"><div class="rte_zone tveditor1">
 1,61%
</div>
</div>
</simpleChoice>
<simpleChoice identifier="alt_705524">
<div class="textblock tvblock tvcss_1"><div class="rte_zone tveditor1">
 50%
</div>
</div>
</simpleChoice>
<simpleChoice identifier="alt_404653">
<div class="textblock tvblock tvcss_1"><div class="rte_zone tveditor1">
 23%
</div>
</div>
</simpleChoice>
<simpleChoice identifier="alt_697086">
<div class="textblock tvblock tvcss_1"><div class="rte_zone tveditor1">
 76%
</div>
</div>
</simpleChoice>
</choiceInteraction>
</itemBody>
<responseProcessing>
<responseCondition>
<responseIf>
<isNull>
<variable identifier="RESPONSE"/>
</isNull>
<setOutcomeValue identifier="SCORE">
<baseValue baseType="float">0.0</baseValue>
</setOutcomeValue>
<setOutcomeValue identifier="FEEDBACK">
<baseValue baseType="identifier">FAILURE</baseValue>
</setOutcomeValue>
</responseIf>
<responseElse>
<setOutcomeValue identifier="SCORE">
<mapResponse identifier="RESPONSE"/>
</setOutcomeValue>
<responseCondition>
<responseIf>
<equal toleranceMode="relative" tolerance="0.001">
<variable identifier="SCORE"/>
<variable identifier="MAXSCORE"/>
</equal>
<setOutcomeValue identifier="FEEDBACK">
<baseValue baseType="identifier">ANSWER_CORRECT</baseValue>
</setOutcomeValue>
</responseIf>
<responseElse>
<setOutcomeValue identifier="FEEDBACK">
<baseValue baseType="identifier">FAILURE</baseValue>
</setOutcomeValue>
</responseElse>
</responseCondition>
</responseElse>
</responseCondition>
</responseProcessing>
<modalFeedback identifier="FAILURE" outcomeIdentifier="FEEDBACK" showHide="show">
<div class="textblock tvblock tvcss_1"><div class="rte_zone tveditor1">
<ul>
<li> 1,61% <br /> 1,61%: Correct </li>
<li> 50% <br /> 50%: Incorrect </li>
<li> 23% <br /> 23%: Incorrect </li>
<li> 76% <br /> 76%: Incorrect </li>
</ul>
</div>
</div>
</modalFeedback>
<modalFeedback identifier="ANSWER_CORRECT" outcomeIdentifier="FEEDBACK" showHide="show">
<div class="textblock tvblock tvcss_1"><div class="rte_zone tveditor1">
<ul>
<li> 1,61% <br /> 1,61%: Correct </li>
<li> 50% <br /> 50%: Incorrect </li>
<li> 23% <br /> 23%: Incorrect </li>
<li> 76% <br /> 76%: Incorrect </li>
</ul>
</div>
</div>
</modalFeedback>
<modalFeedback identifier="PARTIAL_CORRECT" outcomeIdentifier="FEEDBACK" showHide="show">
<div class="textblock tvblock tvcss_1"><div class="rte_zone tveditor1">
<ul>
<li> 1,61% <br /> 1,61%: Correct </li>
<li> 50% <br /> 50%: Incorrect </li>
<li> 23% <br /> 23%: Incorrect </li>
<li> 76% <br /> 76%: Incorrect </li>
</ul>
</div>
</div>
</modalFeedback>
</assessmentItem>
