<?xml version="1.0" encoding="UTF-8"?>
<assessmentItem xsi:schemaLocation="http://www.imsglobal.org/xsd/imsqti_v2p1 http://www.imsglobal.org/xsd/qti/qtiv2p1/imsqti_v2p1p1.xsd http://www.w3.org/1998/Math/MathML http://www.w3.org/Math/XMLSchema/mathml2/mathml2.xsd" identifier="uva-one-sample-mean-389-nl-ans_651064182_section_1_item_1_schoice" title="Inferential_Statistics_uva-one-sample-mean-389-nl_uva-one-sample-mean-389-nl_schoice_1" adaptive="false" timeDependent="false" xmlns="http://www.imsglobal.org/xsd/imsqti_v2p1" xmlns:xsi="http://www.w3.org/2001/XMLSchema-instance">
<responseDeclaration identifier="uva-one-sample-mean-389-nl-ans_651064182_section_1_item_1_schoice_RESPONSE_1_9145957" cardinality="single" baseType="identifier">
<correctResponse>
<value>uva-one-sample-mean-389-nl-ans_651064182_section_1_item_1_schoice_1_6113040580</value>
</correctResponse>
<mapping defaultValue="0" lowerBound="0.0">
<mapEntry mapKey="uva-one-sample-mean-389-nl-ans_651064182_section_1_item_1_schoice_1_6113040580" mappedValue="1"/>
<mapEntry mapKey="uva-one-sample-mean-389-nl-ans_651064182_section_1_item_1_schoice_2_5146680111" mappedValue="0"/>
<mapEntry mapKey="uva-one-sample-mean-389-nl-ans_651064182_section_1_item_1_schoice_3_2755007848" mappedValue="0"/>
<mapEntry mapKey="uva-one-sample-mean-389-nl-ans_651064182_section_1_item_1_schoice_4_7303612116" mappedValue="0"/>
</mapping>
</responseDeclaration>
<outcomeDeclaration identifier="SCORE" cardinality="single" baseType="float" normalMaximum="1" normalMinimum="0">
<defaultValue>
<value>0.0</value>
</defaultValue>
</outcomeDeclaration>
<outcomeDeclaration identifier="MAXSCORE" cardinality="single" baseType="float">
<defaultValue>
<value>1</value>
</defaultValue>
</outcomeDeclaration>
<outcomeDeclaration identifier="FEEDBACKBASIC" cardinality="single" baseType="identifier" view="testConstructor">
<defaultValue>
<value>empty</value>
</defaultValue>
</outcomeDeclaration>
<outcomeDeclaration identifier="FEEDBACKMODAL" cardinality="multiple" baseType="identifier" view="testConstructor"/>
<outcomeDeclaration identifier="SOLUTIONMODAL" cardinality="single" baseType="identifier" view="testConstructor"/>
<outcomeDeclaration identifier="MINSCORE" cardinality="single" baseType="float">
<defaultValue>
<value baseType="float">0</value>
</defaultValue>
</outcomeDeclaration>
<outcomeDeclaration identifier="SCORE_RESPONSE_1" cardinality="single" baseType="float">
<defaultValue>
<value>0.0</value>
</defaultValue>
</outcomeDeclaration>
<outcomeDeclaration identifier="MINSCORE_RESPONSE_1" cardinality="single" baseType="float">
<defaultValue>
<value>0.0</value>
</defaultValue>
</outcomeDeclaration>
<itemBody>
<p>Hieronder staat uitvoer van een één-steekproef T-toets. We willen H<sub>0</sub>:μ
= 75 toetsen met α = 5% tweezijdig. De conclusie van de toets moet
luiden</p>
<p><img src="media/supplements1/uva-one-sample-mean-389-nl-graph01.png" /></p>
<choiceInteraction responseIdentifier="uva-one-sample-mean-389-nl-ans_651064182_section_1_item_1_schoice_RESPONSE_1_9145957" shuffle="false" maxChoices="1">
<simpleChoice identifier="uva-one-sample-mean-389-nl-ans_651064182_section_1_item_1_schoice_1_6113040580">
<p>
 Het resultaat is significant, verwerp H0
</p>
</simpleChoice>
<simpleChoice identifier="uva-one-sample-mean-389-nl-ans_651064182_section_1_item_1_schoice_2_5146680111">
<p>
 Het resultaat is niet significant, verwerp H0
</p>
</simpleChoice>
<simpleChoice identifier="uva-one-sample-mean-389-nl-ans_651064182_section_1_item_1_schoice_3_2755007848">
<p>
 Het resultaat is significant, verwerp H0 niet
</p>
</simpleChoice>
<simpleChoice identifier="uva-one-sample-mean-389-nl-ans_651064182_section_1_item_1_schoice_4_7303612116">
<p>
 Het resultaat is niet significant, verwerp H0 niet
</p>
</simpleChoice>
</choiceInteraction>
</itemBody>
<responseProcessing>
<setOutcomeValue identifier="SCORE_RESPONSE_1">
<sum>
<variable identifier="SCORE_RESPONSE_1"/>
<mapResponse identifier="uva-one-sample-mean-389-nl-ans_651064182_section_1_item_1_schoice_RESPONSE_1_9145957"/>
</sum>
</setOutcomeValue>
<responseCondition>
<responseIf>
<lt>
<variable identifier="SCORE_RESPONSE_1"/>
<variable identifier="MINSCORE_RESPONSE_1"/>
</lt>
<setOutcomeValue identifier="SCORE_RESPONSE_1">
<variable identifier="MINSCORE_RESPONSE_1"/>
</setOutcomeValue>
</responseIf>
</responseCondition>
<responseCondition>
<responseIf>
<isNull>
<variable identifier="uva-one-sample-mean-389-nl-ans_651064182_section_1_item_1_schoice_RESPONSE_1_9145957"/>
</isNull>
<setOutcomeValue identifier="SCORE_RESPONSE_1">
<sum>
<variable identifier="SCORE_RESPONSE_1"/>
<baseValue baseType="float">0</baseValue>
</sum>
</setOutcomeValue>
</responseIf>
</responseCondition>
<setOutcomeValue identifier="SCORE">
<sum>
<variable identifier="SCORE_RESPONSE_1"/>
</sum>
</setOutcomeValue>
<responseCondition>
<responseIf>
<lt>
<variable identifier="SCORE"/>
<variable identifier="MINSCORE"/>
</lt>
<setOutcomeValue identifier="SCORE">
<variable identifier="MINSCORE"/>
</setOutcomeValue>
</responseIf>
</responseCondition>
<responseCondition>
<responseIf>
<lt>
<variable identifier="SCORE"/>
<baseValue baseType="float">1</baseValue>
</lt>
<setOutcomeValue identifier="FEEDBACKMODAL">
<multiple>
<variable identifier="FEEDBACKMODAL"/>
<baseValue baseType="identifier">Feedback901366317</baseValue>
</multiple>
</setOutcomeValue>
</responseIf>
</responseCondition>
</responseProcessing>
<modalFeedback outcomeIdentifier="FEEDBACK" showHide="show" identifier="incorrect">
<ul>
<li> Het resultaat is significant, verwerp H0 <br /> Het resultaat is significant, verwerp H0: Correct </li>
<li> Het resultaat is niet significant, verwerp H0 <br /> Het resultaat is niet significant, verwerp H0: Incorrect </li>
<li> Het resultaat is significant, verwerp H0 niet <br /> Het resultaat is significant, verwerp H0 niet: Incorrect </li>
<li> Het resultaat is niet significant, verwerp H0 niet <br /> Het resultaat is niet significant, verwerp H0 niet: Incorrect </li>
</ul>
</modalFeedback>
</assessmentItem>
