<?xml version="1.0" encoding="utf-8" standalone="yes"?>
<assessmentItem identifier="uu-ANOVA-814-en-tv_202510071723_item_1_schoice" title="uu-ANOVA-814-en-tv_202510071723_item_1_schoice_uu-ANOVA-814-en" adaptive="false" timeDependent="false" toolName="Testvision Online" toolVersion="39.0.9084" xmlns="http://www.imsglobal.org/xsd/imsqti_v2p1">
<responseDeclaration identifier="RESPONSE" cardinality="single" baseType="identifier">
<correctResponse>
<value>alt_100244</value>
</correctResponse>
<mapping defaultValue="0" lowerBound="0.0">
<mapEntry mapKey="alt_100244" mappedValue="1"/>
<mapEntry mapKey="alt_339271" mappedValue="-0.333333333333333"/>
<mapEntry mapKey="alt_661111" mappedValue="-0.333333333333333"/>
<mapEntry mapKey="alt_486324" mappedValue="-0.333333333333333"/>
</mapping>
</responseDeclaration>
<outcomeDeclaration identifier="SCORE" cardinality="single" baseType="float" normalMaximum="1" normalMinimum="0" />
<outcomeDeclaration identifier="FEEDBACK" cardinality="single" baseType="identifier" />
<stylesheet href="css/uu-ANOVA-814-en-tv_202510071723_item_1_schoice.css" type="text/css" />
<itemBody>
<p>In an experiment with three different calculation methods, the scores vary within each experimental group, however, the averages per experimental group are equal to each other. When performing an analysis of variance (ANOVA), then</p>
<choiceInteraction responseIdentifier="RESPONSE" shuffle="false" maxChoices="1">
<simpleChoice identifier="alt_100244">
<div class="textblock tvblock tvcss_1"><div class="rte_zone tveditor1">
 SSwithin &gt; 0 and SSbetween = 0
</div>
</div>
</simpleChoice>
<simpleChoice identifier="alt_339271">
<div class="textblock tvblock tvcss_1"><div class="rte_zone tveditor1">
 SSwithin &gt; 0 and SSbetween &gt; 0
</div>
</div>
</simpleChoice>
<simpleChoice identifier="alt_661111">
<div class="textblock tvblock tvcss_1"><div class="rte_zone tveditor1">
 SSwithin = 0 and SSbetween &gt; 0
</div>
</div>
</simpleChoice>
<simpleChoice identifier="alt_486324">
<div class="textblock tvblock tvcss_1"><div class="rte_zone tveditor1">
 SSwithin = 0 and SSbetween = 0
</div>
</div>
</simpleChoice>
</choiceInteraction>
</itemBody>
<responseProcessing>
<responseCondition>
<responseIf>
<isNull>
<variable identifier="RESPONSE"/>
</isNull>
<setOutcomeValue identifier="SCORE">
<baseValue baseType="float">0.0</baseValue>
</setOutcomeValue>
<setOutcomeValue identifier="FEEDBACK">
<baseValue baseType="identifier">FAILURE</baseValue>
</setOutcomeValue>
</responseIf>
<responseElse>
<setOutcomeValue identifier="SCORE">
<mapResponse identifier="RESPONSE"/>
</setOutcomeValue>
<responseCondition>
<responseIf>
<equal toleranceMode="relative" tolerance="0.001">
<variable identifier="SCORE"/>
<variable identifier="MAXSCORE"/>
</equal>
<setOutcomeValue identifier="FEEDBACK">
<baseValue baseType="identifier">ANSWER_CORRECT</baseValue>
</setOutcomeValue>
</responseIf>
<responseElse>
<setOutcomeValue identifier="FEEDBACK">
<baseValue baseType="identifier">FAILURE</baseValue>
</setOutcomeValue>
</responseElse>
</responseCondition>
</responseElse>
</responseCondition>
</responseProcessing>
<modalFeedback identifier="FAILURE" outcomeIdentifier="FEEDBACK" showHide="show">
<div class="textblock tvblock tvcss_1"><div class="rte_zone tveditor1">
<p>The sentence “the scores within an experimental group vary” means SSwithin &gt; 0. The sentence “the averages per experimental group are equal to each other” means SSbetween = 0.</p>
</div>
</div>
</modalFeedback>
<modalFeedback identifier="ANSWER_CORRECT" outcomeIdentifier="FEEDBACK" showHide="show">
<div class="textblock tvblock tvcss_1"><div class="rte_zone tveditor1">
<p>The sentence “the scores within an experimental group vary” means SSwithin &gt; 0. The sentence “the averages per experimental group are equal to each other” means SSbetween = 0.</p>
</div>
</div>
</modalFeedback>
<modalFeedback identifier="PARTIAL_CORRECT" outcomeIdentifier="FEEDBACK" showHide="show">
<div class="textblock tvblock tvcss_1"><div class="rte_zone tveditor1">
<p>The sentence “the scores within an experimental group vary” means SSwithin &gt; 0. The sentence “the averages per experimental group are equal to each other” means SSbetween = 0.</p>
</div>
</div>
</modalFeedback>
</assessmentItem>
