<?xml version="1.0" encoding="UTF-8"?>
<!DOCTYPE questestinterop SYSTEM "ims_qtiasiv1p2p1.dtd">

<questestinterop xmlns="http://www.imsglobal.org/xsd/ims_qtiasiv1p2" xmlns:xsi="http://www.w3.org/2001/XMLSchema-instance" xsi:schemaLocation="http://www.imsglobal.org/xsd/ims_qtiasiv1p2 http://www.imsglobal.org/xsd/ims_qtiasiv1p2p1.xsd">
<assessment ident="uu-Standard-error-of-the-estimate-801-nl-canvas_439254704" title="uu-Standard-error-of-the-estimate-801-nl-canvas">

<qtimetadata>
<qtimetadatafield>
<fieldlabel>cc_maxattempts</fieldlabel>
<fieldentry>1</fieldentry>
</qtimetadatafield>
<qtimetadatafield>
<fieldlabel>qmd_assessmenttype</fieldlabel>
<fieldentry>Assessment</fieldentry>
</qtimetadatafield>
</qtimetadata>
<objectives>
<material>
<mattext><![CDATA[Please solve the following exercises.]]></mattext>
</material>
</objectives>
<assessmentcontrol feedbackswitch="No" hintswitch="No" solutionswitch="Yes"/>
<outcomes_processing scoremodel="SumOfScores">
<outcomes>
<decvar varname="SCORE" vartype="Decimal" cutvalue="0"/>
</outcomes>
</outcomes_processing>
<assessfeedback title="AssessmentFeedback" ident="AssessmentFeedback">
<flow_mat>
<material>
<mattext>##AssessmentFeedback##</mattext>
</material>
</flow_mat>
</assessfeedback>

<section ident="uu-Standard-error-of-the-estimate-801-nl-canvas_439254704_section_1" title="Exercise">

<objectives>
<material>
<mattext><![CDATA[Please answer the following question.]]></mattext>
</material>
</objectives>
<selection_ordering>
<selection>
<selection_number>1</selection_number>
<selection_extension>
<points_per_item>1</points_per_item>
</selection_extension>
</selection>
<order order_type="Random"/>
</selection_ordering>

<item ident="uu-Standard-error-of-the-estimate-801-nl-canvas_439254704_section_1_item_1_schoice" title="Question" maxattempts="1">
<itemcontrol feedbackswitch="No" hintswitch="No" solutionswitch="Yes"/>
<itemmetadata>
<qtimetadata>
<qtimetadatafield>
<fieldlabel>question_type</fieldlabel>
<fieldentry>multiple_choice_question</fieldentry>
</qtimetadatafield>
</qtimetadata>
</itemmetadata>
<presentation>
<flow>
<material>
<matbreak/>
<mattext texttype="text/html" charset="utf-8"><![CDATA[
<p>Een psycholoog verbonden aan een gevangenis is geïnteresseerd in de relatie tussen criminaliteit en intelligentie. Een criminaliteitsindex (tussen 0 en 50) wordt geformuleerd die rekening houdt met de zwaarte en de frequentie van de gepleegde misdrijven. Intelligentie wordt gemeten met een gestandaardiseerde IQ test. Achttien veroordeelde jongeren doen mee met dit onderzoek. SPSS is gebruikt om de relatie tussen de twee variabelen te beschrijven. Een deel van de SPSS-output is hieronder te zien.</p>
<p><img src="data/supplements_1_1/uu-Standard-error-of-the-estimate-801-nl-tabel.JPG" /></p>
<p>Welke waarde heeft de (in de tabel onzichtbaar gemaakte) standaardfout van de regressiecoëfficiënt voor IQ?</p>
]]></mattext>
<matbreak/>
</material>
<response_lid ident="uu-Standard-error-of-the-estimate-801-nl-canvas_439254704_section_1_item_1_schoice_RESPONSE_4784269" rcardinality="Single" rtiming="No">
<render_choice shuffle="No">
<flow_label class="List">
<response_label ident="uu-Standard-error-of-the-estimate-801-nl-canvas_439254704_section_1_item_1_schoice_9677573788" rshuffle="No">
<material>
<mattext texttype="text/html" charset="utf-8"><![CDATA[
 0.091
]]></mattext>
</material>
</response_label>
</flow_label>
<flow_label class="List">
<response_label ident="uu-Standard-error-of-the-estimate-801-nl-canvas_439254704_section_1_item_1_schoice_5151331214" rshuffle="No">
<material>
<mattext texttype="text/html" charset="utf-8"><![CDATA[
 0.592
]]></mattext>
</material>
</response_label>
</flow_label>
<flow_label class="List">
<response_label ident="uu-Standard-error-of-the-estimate-801-nl-canvas_439254704_section_1_item_1_schoice_4227779610" rshuffle="No">
<material>
<mattext texttype="text/html" charset="utf-8"><![CDATA[
 2.369
]]></mattext>
</material>
</response_label>
</flow_label>
<flow_label class="List">
<response_label ident="uu-Standard-error-of-the-estimate-801-nl-canvas_439254704_section_1_item_1_schoice_7489390048" rshuffle="No">
<material>
<mattext texttype="text/html" charset="utf-8"><![CDATA[
 10.96
]]></mattext>
</material>
</response_label>
</flow_label>
</render_choice>
</response_lid>
</flow>
</presentation>
<resprocessing>
<outcomes>
<decvar varname="SCORE" vartype="Decimal" defaultval="0" minvalue="0" maxvalue="1" cutvalue="1"/>
</outcomes>
<respcondition title="Mastery" continue="No">
<conditionvar>
<and>
<varequal respident="uu-Standard-error-of-the-estimate-801-nl-canvas_439254704_section_1_item_1_schoice_RESPONSE_4784269" case="Yes">uu-Standard-error-of-the-estimate-801-nl-canvas_439254704_section_1_item_1_schoice_9677573788</varequal>
<not> <varequal respident="uu-Standard-error-of-the-estimate-801-nl-canvas_439254704_section_1_item_1_schoice_RESPONSE_4784269" case="Yes">uu-Standard-error-of-the-estimate-801-nl-canvas_439254704_section_1_item_1_schoice_5151331214</varequal> </not>
<not> <varequal respident="uu-Standard-error-of-the-estimate-801-nl-canvas_439254704_section_1_item_1_schoice_RESPONSE_4784269" case="Yes">uu-Standard-error-of-the-estimate-801-nl-canvas_439254704_section_1_item_1_schoice_4227779610</varequal> </not>
<not> <varequal respident="uu-Standard-error-of-the-estimate-801-nl-canvas_439254704_section_1_item_1_schoice_RESPONSE_4784269" case="Yes">uu-Standard-error-of-the-estimate-801-nl-canvas_439254704_section_1_item_1_schoice_7489390048</varequal> </not>
</and>
</conditionvar>
<setvar varname="SCORE" action="Set">1</setvar>
<displayfeedback feedbacktype="Response" linkrefid="correct_fb"/>
</respcondition>
<respcondition continue="Yes">
<conditionvar>
<other/>
</conditionvar>
<displayfeedback feedbacktype="Response" linkrefid="general_incorrect_fb"/>
</respcondition>
</resprocessing>
<itemfeedback ident="correct_fb" view="All">
<flow_mat>
<material>
<mattext texttype="text/html"><![CDATA[
<ul>
<li> 0.091 <br /> Dit antwoord is correct. </li>
<li> 0.592 <br /> Dit antwoord is incorrect. </li>
<li> 2.369 <br /> Dit antwoord is incorrect. </li>
<li> 10.96 <br /> Dit antwoord is incorrect. </li>
</ul>
]]></mattext>
</material>
</flow_mat>
</itemfeedback>
<itemfeedback ident="general_incorrect_fb" view="All">
<flow_mat>
<material>
<mattext texttype="text/html"><![CDATA[
<ul>
<li> 0.091 <br /> Dit antwoord is correct. </li>
<li> 0.592 <br /> Dit antwoord is incorrect. </li>
<li> 2.369 <br /> Dit antwoord is incorrect. </li>
<li> 10.96 <br /> Dit antwoord is incorrect. </li>
</ul>
]]></mattext>
</material>
</flow_mat>
</itemfeedback>
</item>


</section>

</assessment>
</questestinterop>
