<?xml version="1.0" encoding="UTF-8"?>
<assessmentItem xsi:schemaLocation="http://www.imsglobal.org/xsd/imsqti_v2p1 http://www.imsglobal.org/xsd/qti/qtiv2p1/imsqti_v2p1p1.xsd http://www.w3.org/1998/Math/MathML http://www.w3.org/Math/XMLSchema/mathml2/mathml2.xsd" identifier="vufgb-mediation-002-nl-ans_909310542_section_1_item_1_schoice" title="Inferential_Statistics_vufgb-mediation-002-nl_vufgb-mediation-002-nl_schoice_1" adaptive="false" timeDependent="false" xmlns="http://www.imsglobal.org/xsd/imsqti_v2p1" xmlns:xsi="http://www.w3.org/2001/XMLSchema-instance">
<responseDeclaration identifier="vufgb-mediation-002-nl-ans_909310542_section_1_item_1_schoice_RESPONSE_1_6136008" cardinality="single" baseType="identifier">
<correctResponse>
<value>vufgb-mediation-002-nl-ans_909310542_section_1_item_1_schoice_2_4683167048</value>
</correctResponse>
<mapping defaultValue="0" lowerBound="0.0">
<mapEntry mapKey="vufgb-mediation-002-nl-ans_909310542_section_1_item_1_schoice_1_9005571739" mappedValue="0"/>
<mapEntry mapKey="vufgb-mediation-002-nl-ans_909310542_section_1_item_1_schoice_2_4683167048" mappedValue="1"/>
<mapEntry mapKey="vufgb-mediation-002-nl-ans_909310542_section_1_item_1_schoice_3_7586899490" mappedValue="0"/>
<mapEntry mapKey="vufgb-mediation-002-nl-ans_909310542_section_1_item_1_schoice_4_6097727782" mappedValue="0"/>
</mapping>
</responseDeclaration>
<outcomeDeclaration identifier="SCORE" cardinality="single" baseType="float" normalMaximum="1" normalMinimum="0">
<defaultValue>
<value>0.0</value>
</defaultValue>
</outcomeDeclaration>
<outcomeDeclaration identifier="MAXSCORE" cardinality="single" baseType="float">
<defaultValue>
<value>1</value>
</defaultValue>
</outcomeDeclaration>
<outcomeDeclaration identifier="FEEDBACKBASIC" cardinality="single" baseType="identifier" view="testConstructor">
<defaultValue>
<value>empty</value>
</defaultValue>
</outcomeDeclaration>
<outcomeDeclaration identifier="FEEDBACKMODAL" cardinality="multiple" baseType="identifier" view="testConstructor"/>
<outcomeDeclaration identifier="SOLUTIONMODAL" cardinality="single" baseType="identifier" view="testConstructor"/>
<outcomeDeclaration identifier="MINSCORE" cardinality="single" baseType="float">
<defaultValue>
<value baseType="float">0</value>
</defaultValue>
</outcomeDeclaration>
<outcomeDeclaration identifier="SCORE_RESPONSE_1" cardinality="single" baseType="float">
<defaultValue>
<value>0.0</value>
</defaultValue>
</outcomeDeclaration>
<outcomeDeclaration identifier="MINSCORE_RESPONSE_1" cardinality="single" baseType="float">
<defaultValue>
<value>0.0</value>
</defaultValue>
</outcomeDeclaration>
<itemBody>
<p>In een mediatiemodel zijn de volgende parameterschattingen en bijbehorende standaardfouten gevonden:</p>
<ul>
<li><em>a</em> = 0.6 (<em>SE</em> = 0.2)</li>
<li><em>b</em> = 0.4 (<em>SE</em> = 0.1)</li>
<li><em>c’</em> = 0.3 (<em>SE</em> = 0.05).</li>
</ul>
<p>Bereken de <em>z</em>-waarde die hoort bij de Sobel test die toets of het gemedieerde effect significant is.</p>
<choiceInteraction responseIdentifier="vufgb-mediation-002-nl-ans_909310542_section_1_item_1_schoice_RESPONSE_1_6136008" shuffle="false" maxChoices="1">
<simpleChoice identifier="vufgb-mediation-002-nl-ans_909310542_section_1_item_1_schoice_1_9005571739">
<p>
 1.9.
</p>
</simpleChoice>
<simpleChoice identifier="vufgb-mediation-002-nl-ans_909310542_section_1_item_1_schoice_2_4683167048">
<p>
 2.4.
</p>
</simpleChoice>
<simpleChoice identifier="vufgb-mediation-002-nl-ans_909310542_section_1_item_1_schoice_3_7586899490">
<p>
 <ol start="19" style="list-style-type: decimal">
<li></li>
</ol>
</p>
</simpleChoice>
<simpleChoice identifier="vufgb-mediation-002-nl-ans_909310542_section_1_item_1_schoice_4_6097727782">
<p>
 <ol start="24" style="list-style-type: decimal">
<li></li>
</ol>
</p>
</simpleChoice>
</choiceInteraction>
</itemBody>
<responseProcessing>
<setOutcomeValue identifier="SCORE_RESPONSE_1">
<sum>
<variable identifier="SCORE_RESPONSE_1"/>
<mapResponse identifier="vufgb-mediation-002-nl-ans_909310542_section_1_item_1_schoice_RESPONSE_1_6136008"/>
</sum>
</setOutcomeValue>
<responseCondition>
<responseIf>
<lt>
<variable identifier="SCORE_RESPONSE_1"/>
<variable identifier="MINSCORE_RESPONSE_1"/>
</lt>
<setOutcomeValue identifier="SCORE_RESPONSE_1">
<variable identifier="MINSCORE_RESPONSE_1"/>
</setOutcomeValue>
</responseIf>
</responseCondition>
<responseCondition>
<responseIf>
<isNull>
<variable identifier="vufgb-mediation-002-nl-ans_909310542_section_1_item_1_schoice_RESPONSE_1_6136008"/>
</isNull>
<setOutcomeValue identifier="SCORE_RESPONSE_1">
<sum>
<variable identifier="SCORE_RESPONSE_1"/>
<baseValue baseType="float">0</baseValue>
</sum>
</setOutcomeValue>
</responseIf>
</responseCondition>
<setOutcomeValue identifier="SCORE">
<sum>
<variable identifier="SCORE_RESPONSE_1"/>
</sum>
</setOutcomeValue>
<responseCondition>
<responseIf>
<lt>
<variable identifier="SCORE"/>
<variable identifier="MINSCORE"/>
</lt>
<setOutcomeValue identifier="SCORE">
<variable identifier="MINSCORE"/>
</setOutcomeValue>
</responseIf>
</responseCondition>
<responseCondition>
<responseIf>
<lt>
<variable identifier="SCORE"/>
<baseValue baseType="float">1</baseValue>
</lt>
<setOutcomeValue identifier="FEEDBACKMODAL">
<multiple>
<variable identifier="FEEDBACKMODAL"/>
<baseValue baseType="identifier">Feedback922368474</baseValue>
</multiple>
</setOutcomeValue>
</responseIf>
</responseCondition>
</responseProcessing>
<modalFeedback outcomeIdentifier="FEEDBACK" showHide="show" identifier="incorrect">
</modalFeedback>
</assessmentItem>
