<?xml version="1.0" encoding="UTF-8"?>
<assessmentItem xsi:schemaLocation="http://www.imsglobal.org/xsd/imsqti_v2p1 http://www.imsglobal.org/xsd/qti/qtiv2p1/imsqti_v2p1p1.xsd http://www.w3.org/1998/Math/MathML http://www.w3.org/Math/XMLSchema/mathml2/mathml2.xsd" identifier="eur-inferential_statistics-101-en-ans_204129567_section_1_item_1_string" title="Inferential_Statistics_eur-inferential_statistics-101-en_eur-inferential_statistics-101-en_string_1" adaptive="false" timeDependent="false" xmlns="http://www.imsglobal.org/xsd/imsqti_v2p1" xmlns:xsi="http://www.w3.org/2001/XMLSchema-instance">
<responseDeclaration identifier="eur-inferential_statistics-101-en-ans_204129567_section_1_item_1_string_RESPONSE_1_1083635" cardinality="single" baseType="string">
<correctResponse>
<value>""</value>
</correctResponse>
<mapping defaultValue="0">
<mapEntry mapKey="&quot;&quot;" mappedValue="1" caseSensitive="true"/>
</mapping>
</responseDeclaration>
<outcomeDeclaration identifier="SCORE" cardinality="single" baseType="float" normalMaximum="1" normalMinimum="0">
<defaultValue>
<value>0.0</value>
</defaultValue>
</outcomeDeclaration>
<outcomeDeclaration identifier="MAXSCORE" cardinality="single" baseType="float">
<defaultValue>
<value>1</value>
</defaultValue>
</outcomeDeclaration>
<outcomeDeclaration identifier="FEEDBACKBASIC" cardinality="single" baseType="identifier" view="testConstructor">
<defaultValue>
<value>empty</value>
</defaultValue>
</outcomeDeclaration>
<outcomeDeclaration identifier="FEEDBACKMODAL" cardinality="multiple" baseType="identifier" view="testConstructor"/>
<outcomeDeclaration identifier="SOLUTIONMODAL" cardinality="single" baseType="identifier" view="testConstructor"/>
<outcomeDeclaration identifier="MINSCORE" cardinality="single" baseType="float">
<defaultValue>
<value baseType="float">0</value>
</defaultValue>
</outcomeDeclaration>
<outcomeDeclaration identifier="SCORE_RESPONSE_1" cardinality="single" baseType="float">
<defaultValue>
<value>0.0</value>
</defaultValue>
</outcomeDeclaration>
<outcomeDeclaration identifier="MINSCORE_RESPONSE_1" cardinality="single" baseType="float">
<defaultValue>
<value>0.0</value>
</defaultValue>
</outcomeDeclaration>
<itemBody>
<p>A researcher investigates the criterion validity of an instrument that measures test anxiety and that is used to predict the level of experienced stress during an exam. The table below shows the SPSS output of the regression analysis the researcher performed (n=52, 49% woman), where she predicted stress during an exam based on predictors gender and test anxiety. Note that in the variable gender men were coded 0 and women were coded 1.</p>
<p><img src="media/supplements1/eur-inferential-101-en-img101.png" /></p>
<p>Write down the regression equation for men and women separately.</p>
<p>
<textEntryInteraction responseIdentifier="eur-inferential_statistics-101-en-ans_204129567_section_1_item_1_string_RESPONSE_1_1083635" expectedLength="12"/>
</p>
</itemBody>
<responseProcessing>
<setOutcomeValue identifier="SCORE_RESPONSE_1">
<sum>
<variable identifier="SCORE_RESPONSE_1"/>
<mapResponse identifier="eur-inferential_statistics-101-en-ans_204129567_section_1_item_1_string_RESPONSE_1_1083635"/>
</sum>
</setOutcomeValue>
<responseCondition>
<responseIf>
<and>
<not>
<isNull>
<variable identifier="eur-inferential_statistics-101-en-ans_204129567_section_1_item_1_string_RESPONSE_1_1083635"/>
</isNull>
</not>
<lt>
<variable identifier="SCORE_RESPONSE_1"/>
<baseValue baseType="float">1</baseValue>
</lt>
</and>
<setOutcomeValue identifier="SCORE_RESPONSE_1">
<sum>
<variable identifier="SCORE_RESPONSE_1"/>
<baseValue baseType="float">0</baseValue>
</sum>
</setOutcomeValue>
</responseIf>
</responseCondition>
<responseCondition>
<responseIf>
<lt>
<variable identifier="SCORE_RESPONSE_1"/>
<variable identifier="MINSCORE_RESPONSE_1"/>
</lt>
<setOutcomeValue identifier="SCORE_RESPONSE_1">
<variable identifier="MINSCORE_RESPONSE_1"/>
</setOutcomeValue>
</responseIf>
</responseCondition>
<responseCondition>
<responseIf>
<isNull>
<variable identifier="eur-inferential_statistics-101-en-ans_204129567_section_1_item_1_string_RESPONSE_1_1083635"/>
</isNull>
<setOutcomeValue identifier="SCORE_RESPONSE_1">
<sum>
<variable identifier="SCORE_RESPONSE_1"/>
<baseValue baseType="float">0</baseValue>
</sum>
</setOutcomeValue>
</responseIf>
</responseCondition>
<setOutcomeValue identifier="SCORE">
<sum>
<variable identifier="SCORE_RESPONSE_1"/>
</sum>
</setOutcomeValue>
<responseCondition>
<responseIf>
<lt>
<variable identifier="SCORE"/>
<variable identifier="MINSCORE"/>
</lt>
<setOutcomeValue identifier="SCORE">
<variable identifier="MINSCORE"/>
</setOutcomeValue>
</responseIf>
</responseCondition>
<responseCondition>
<responseIf>
<lt>
<variable identifier="SCORE"/>
<baseValue baseType="float">1</baseValue>
</lt>
<setOutcomeValue identifier="FEEDBACKMODAL">
<multiple>
<variable identifier="FEEDBACKMODAL"/>
<baseValue baseType="identifier">Feedback581966586</baseValue>
</multiple>
</setOutcomeValue>
</responseIf>
</responseCondition>
</responseProcessing>
<modalFeedback outcomeIdentifier="FEEDBACK" showHide="show" identifier="incorrect">
<p>The general formulation of the regression line is:
stress = <span class="math inline">\(b_0 + b_1 \times gender + b_2 \times testanxiety\)</span></p>
<p>For men, the equation becomes:
stress = <span class="math inline">\(3.601 + 2.253 \times 0 + .480 \times testanxiety = 3.601 + .480 \times testanxiety\)</span></p>
<p>For women, the equation becomes:
stress = <span class="math inline">\(3.601 + 2.253 \times 1 + .480 \times testanxiety = 5.854 + .480 \times testanxiety\)</span></p>
</modalFeedback>
</assessmentItem>
