<?xml version="1.0" encoding="UTF-8"?>
<assessmentItem xsi:schemaLocation="http://www.imsglobal.org/xsd/imsqti_v2p1 http://www.imsglobal.org/xsd/qti/qtiv2p1/imsqti_v2p1p1.xsd http://www.w3.org/1998/Math/MathML http://www.w3.org/Math/XMLSchema/mathml2/mathml2.xsd" identifier="vufsw-equation-0040-nl-ans_548105447_section_1_item_1_schoice" title="Inferential_Statistics_vufsw-equation-0040-nl_vufsw-equation-0040-nl_schoice_1" adaptive="false" timeDependent="false" xmlns="http://www.imsglobal.org/xsd/imsqti_v2p1" xmlns:xsi="http://www.w3.org/2001/XMLSchema-instance">
<responseDeclaration identifier="vufsw-equation-0040-nl-ans_548105447_section_1_item_1_schoice_RESPONSE_1_1166383" cardinality="single" baseType="identifier">
<correctResponse>
<value>vufsw-equation-0040-nl-ans_548105447_section_1_item_1_schoice_4_1583520228</value>
</correctResponse>
<mapping defaultValue="0" lowerBound="0.0">
<mapEntry mapKey="vufsw-equation-0040-nl-ans_548105447_section_1_item_1_schoice_1_2812211929" mappedValue="0"/>
<mapEntry mapKey="vufsw-equation-0040-nl-ans_548105447_section_1_item_1_schoice_2_9390897840" mappedValue="0"/>
<mapEntry mapKey="vufsw-equation-0040-nl-ans_548105447_section_1_item_1_schoice_3_2905954204" mappedValue="0"/>
<mapEntry mapKey="vufsw-equation-0040-nl-ans_548105447_section_1_item_1_schoice_4_1583520228" mappedValue="1"/>
<mapEntry mapKey="vufsw-equation-0040-nl-ans_548105447_section_1_item_1_schoice_5_2457391720" mappedValue="0"/>
</mapping>
</responseDeclaration>
<outcomeDeclaration identifier="SCORE" cardinality="single" baseType="float" normalMaximum="1" normalMinimum="0">
<defaultValue>
<value>0.0</value>
</defaultValue>
</outcomeDeclaration>
<outcomeDeclaration identifier="MAXSCORE" cardinality="single" baseType="float">
<defaultValue>
<value>1</value>
</defaultValue>
</outcomeDeclaration>
<outcomeDeclaration identifier="FEEDBACKBASIC" cardinality="single" baseType="identifier" view="testConstructor">
<defaultValue>
<value>empty</value>
</defaultValue>
</outcomeDeclaration>
<outcomeDeclaration identifier="FEEDBACKMODAL" cardinality="multiple" baseType="identifier" view="testConstructor"/>
<outcomeDeclaration identifier="SOLUTIONMODAL" cardinality="single" baseType="identifier" view="testConstructor"/>
<outcomeDeclaration identifier="MINSCORE" cardinality="single" baseType="float">
<defaultValue>
<value baseType="float">0</value>
</defaultValue>
</outcomeDeclaration>
<outcomeDeclaration identifier="SCORE_RESPONSE_1" cardinality="single" baseType="float">
<defaultValue>
<value>0.0</value>
</defaultValue>
</outcomeDeclaration>
<outcomeDeclaration identifier="MINSCORE_RESPONSE_1" cardinality="single" baseType="float">
<defaultValue>
<value>0.0</value>
</defaultValue>
</outcomeDeclaration>
<itemBody>
<p>Hieronder is de formule van een multiple regressie van Y weergegeven met
twee onafhankelijke variabelen (X<sub>1</sub> en X<sub>2</sub>).<br />
Stel, je wilt weten of <strong>X</strong><sub><strong>1</strong> </sub>een significante invloed
heeft op Y, gecontroleerd voor het effect van X<sub>2  </sub>op Y
(“X<sub>2 </sub>wordt constant gehouden”).</p>
<p>Wat moet je dan in dit geval toetsen? Je moet dan als onderzoeker
toetsen of …</p>
<p><img src="media/supplements1/multiple__reg__formula__2.jpg" /></p>
<choiceInteraction responseIdentifier="vufsw-equation-0040-nl-ans_548105447_section_1_item_1_schoice_RESPONSE_1_1166383" shuffle="false" maxChoices="1">
<simpleChoice identifier="vufsw-equation-0040-nl-ans_548105447_section_1_item_1_schoice_1_2812211929">
<p>
 De waarde van <strong>X<sub></strong>1<strong> </sub></strong>–<strong> X</strong><sub><strong>2</strong> </sub>significant afwijkt van 0
</p>
</simpleChoice>
<simpleChoice identifier="vufsw-equation-0040-nl-ans_548105447_section_1_item_1_schoice_2_9390897840">
<p>
 De waarde van <strong>X</strong><sub><strong>1</strong></sub>significant afwijkt van 0
</p>
</simpleChoice>
<simpleChoice identifier="vufsw-equation-0040-nl-ans_548105447_section_1_item_1_schoice_3_2905954204">
<p>
 Het verschil tussen de waarde van <strong>X</strong><sub><strong>1</strong> </sub>en de waarde van <strong>b</strong><sub><strong>1</strong></sub> significant afwijkt van 0
</p>
</simpleChoice>
<simpleChoice identifier="vufsw-equation-0040-nl-ans_548105447_section_1_item_1_schoice_4_1583520228">
<p>
 De waarde van <strong>b</strong><sub><strong>1</strong> </sub>significant afwijkt van 0
</p>
</simpleChoice>
<simpleChoice identifier="vufsw-equation-0040-nl-ans_548105447_section_1_item_1_schoice_5_2457391720">
<p>
 Het verschil tussen de waarde van <strong>b</strong><sub><strong>1</strong> </sub>en de waarde van <strong>b<sub></strong>2<strong></sub></strong> ****significant afwijkt van 0
</p>
</simpleChoice>
</choiceInteraction>
</itemBody>
<responseProcessing>
<setOutcomeValue identifier="SCORE_RESPONSE_1">
<sum>
<variable identifier="SCORE_RESPONSE_1"/>
<mapResponse identifier="vufsw-equation-0040-nl-ans_548105447_section_1_item_1_schoice_RESPONSE_1_1166383"/>
</sum>
</setOutcomeValue>
<responseCondition>
<responseIf>
<lt>
<variable identifier="SCORE_RESPONSE_1"/>
<variable identifier="MINSCORE_RESPONSE_1"/>
</lt>
<setOutcomeValue identifier="SCORE_RESPONSE_1">
<variable identifier="MINSCORE_RESPONSE_1"/>
</setOutcomeValue>
</responseIf>
</responseCondition>
<responseCondition>
<responseIf>
<isNull>
<variable identifier="vufsw-equation-0040-nl-ans_548105447_section_1_item_1_schoice_RESPONSE_1_1166383"/>
</isNull>
<setOutcomeValue identifier="SCORE_RESPONSE_1">
<sum>
<variable identifier="SCORE_RESPONSE_1"/>
<baseValue baseType="float">0</baseValue>
</sum>
</setOutcomeValue>
</responseIf>
</responseCondition>
<setOutcomeValue identifier="SCORE">
<sum>
<variable identifier="SCORE_RESPONSE_1"/>
</sum>
</setOutcomeValue>
<responseCondition>
<responseIf>
<lt>
<variable identifier="SCORE"/>
<variable identifier="MINSCORE"/>
</lt>
<setOutcomeValue identifier="SCORE">
<variable identifier="MINSCORE"/>
</setOutcomeValue>
</responseIf>
</responseCondition>
<responseCondition>
<responseIf>
<lt>
<variable identifier="SCORE"/>
<baseValue baseType="float">1</baseValue>
</lt>
<setOutcomeValue identifier="FEEDBACKMODAL">
<multiple>
<variable identifier="FEEDBACKMODAL"/>
<baseValue baseType="identifier">Feedback657984537</baseValue>
</multiple>
</setOutcomeValue>
</responseIf>
</responseCondition>
</responseProcessing>
<modalFeedback outcomeIdentifier="FEEDBACK" showHide="show" identifier="incorrect">
<p> y = a + b<sub>1</sub> x <sub>1 </sub>+ b<sub>2</sub> x <sub>2</sub></p>
<p>Language<br />
Nederlands</p>
<br />
<ul>
<li> De waarde van <strong>X<sub></strong>1<strong> </sub></strong>–<strong> X</strong><sub><strong>2</strong> </sub>significant afwijkt van 0 <br /> False </li>
<li> De waarde van <strong>X</strong><sub><strong>1</strong></sub>significant afwijkt van 0 <br /> False </li>
<li> Het verschil tussen de waarde van <strong>X</strong><sub><strong>1</strong> </sub>en de waarde van <strong>b</strong><sub><strong>1</strong></sub> significant afwijkt van 0 <br /> False </li>
<li> De waarde van <strong>b</strong><sub><strong>1</strong> </sub>significant afwijkt van 0 <br /> True </li>
<li> Het verschil tussen de waarde van <strong>b</strong><sub><strong>1</strong> </sub>en de waarde van <strong>b<sub></strong>2<strong></sub></strong> ****significant afwijkt van 0 <br /> False </li>
</ul>
</modalFeedback>
</assessmentItem>
