<?xml version="1.0" encoding="UTF-8"?>
<!DOCTYPE questestinterop SYSTEM "ims_qtiasiv1p2p1.dtd">

<questestinterop xmlns="http://www.imsglobal.org/xsd/ims_qtiasiv1p2" xmlns:xsi="http://www.w3.org/2001/XMLSchema-instance" xsi:schemaLocation="http://www.imsglobal.org/xsd/ims_qtiasiv1p2 http://www.imsglobal.org/xsd/ims_qtiasiv1p2p1.xsd">
<assessment ident="vufsw-confidenceintervals-0228-nl-canvas_281186721" title="vufsw-confidenceintervals-0228-nl-canvas">

<qtimetadata>
<qtimetadatafield>
<fieldlabel>cc_maxattempts</fieldlabel>
<fieldentry>1</fieldentry>
</qtimetadatafield>
<qtimetadatafield>
<fieldlabel>qmd_assessmenttype</fieldlabel>
<fieldentry>Assessment</fieldentry>
</qtimetadatafield>
</qtimetadata>
<objectives>
<material>
<mattext><![CDATA[Please solve the following exercises.]]></mattext>
</material>
</objectives>
<assessmentcontrol feedbackswitch="No" hintswitch="No" solutionswitch="Yes"/>
<outcomes_processing scoremodel="SumOfScores">
<outcomes>
<decvar varname="SCORE" vartype="Decimal" cutvalue="0"/>
</outcomes>
</outcomes_processing>
<assessfeedback title="AssessmentFeedback" ident="AssessmentFeedback">
<flow_mat>
<material>
<mattext>##AssessmentFeedback##</mattext>
</material>
</flow_mat>
</assessfeedback>

<section ident="vufsw-confidenceintervals-0228-nl-canvas_281186721_section_1" title="Exercise">

<objectives>
<material>
<mattext><![CDATA[Please answer the following question.]]></mattext>
</material>
</objectives>
<selection_ordering>
<selection>
<selection_number>1</selection_number>
<selection_extension>
<points_per_item>1</points_per_item>
</selection_extension>
</selection>
<order order_type="Random"/>
</selection_ordering>

<item ident="vufsw-confidenceintervals-0228-nl-canvas_281186721_section_1_item_1_schoice" title="Question" maxattempts="1">
<itemcontrol feedbackswitch="No" hintswitch="No" solutionswitch="Yes"/>
<itemmetadata>
<qtimetadata>
<qtimetadatafield>
<fieldlabel>question_type</fieldlabel>
<fieldentry>multiple_choice_question</fieldentry>
</qtimetadatafield>
</qtimetadata>
</itemmetadata>
<presentation>
<flow>
<material>
<matbreak/>
<mattext texttype="text/html" charset="utf-8"><![CDATA[
<p>Een meervoudige regressie-analyse laat de volgende resultaten zien. We
testen tweezijdig met een alpha van 0,05 (het significantieniveau is
5%). Welke effecten zijn significant en hoe weten we dit?<br />
Het effect van / de effecten van … </p>
<p><img src="data/supplements_1_1/1615967815188.png" /></p>
]]></mattext>
<matbreak/>
</material>
<response_lid ident="vufsw-confidenceintervals-0228-nl-canvas_281186721_section_1_item_1_schoice_RESPONSE_8122852" rcardinality="Single" rtiming="No">
<render_choice shuffle="No">
<flow_label class="List">
<response_label ident="vufsw-confidenceintervals-0228-nl-canvas_281186721_section_1_item_1_schoice_4321738665" rshuffle="No">
<material>
<mattext texttype="text/html" charset="utf-8"><![CDATA[
 Geslacht (SEX) en opleiding (EDUCYRS), want de 95% betrouwbaarheidsintervallen van deze variabelen bevatten de waarde 0,05.
]]></mattext>
</material>
</response_label>
</flow_label>
<flow_label class="List">
<response_label ident="vufsw-confidenceintervals-0228-nl-canvas_281186721_section_1_item_1_schoice_2473060460" rshuffle="No">
<material>
<mattext texttype="text/html" charset="utf-8"><![CDATA[
 Opleiding (EDUCYRS), want het 95% betrouwbaarheidsinterval van deze variabele bevat <strong>niet</strong> de waarde 0.
]]></mattext>
</material>
</response_label>
</flow_label>
<flow_label class="List">
<response_label ident="vufsw-confidenceintervals-0228-nl-canvas_281186721_section_1_item_1_schoice_1792089743" rshuffle="No">
<material>
<mattext texttype="text/html" charset="utf-8"><![CDATA[
 Opleiding (EDUCYRS) en Leeftijd (AGE), want de 95% betrouwbaarheidsintervallen van deze variabele bevatten <strong>niet</strong> de waarde 0,05.
]]></mattext>
</material>
</response_label>
</flow_label>
<flow_label class="List">
<response_label ident="vufsw-confidenceintervals-0228-nl-canvas_281186721_section_1_item_1_schoice_4591218370" rshuffle="No">
<material>
<mattext texttype="text/html" charset="utf-8"><![CDATA[
 Geslacht (SEX) en leeftijd (AGE), want de 95% betrouwbaarheidsintervallen van deze variabelen bevatten de waarde 0.
]]></mattext>
</material>
</response_label>
</flow_label>
</render_choice>
</response_lid>
</flow>
</presentation>
<resprocessing>
<outcomes>
<decvar varname="SCORE" vartype="Decimal" defaultval="0" minvalue="0" maxvalue="1" cutvalue="1"/>
</outcomes>
<respcondition title="Mastery" continue="No">
<conditionvar>
<and>
<varequal respident="vufsw-confidenceintervals-0228-nl-canvas_281186721_section_1_item_1_schoice_RESPONSE_8122852" case="Yes">vufsw-confidenceintervals-0228-nl-canvas_281186721_section_1_item_1_schoice_2473060460</varequal>
<not> <varequal respident="vufsw-confidenceintervals-0228-nl-canvas_281186721_section_1_item_1_schoice_RESPONSE_8122852" case="Yes">vufsw-confidenceintervals-0228-nl-canvas_281186721_section_1_item_1_schoice_4321738665</varequal> </not>
<not> <varequal respident="vufsw-confidenceintervals-0228-nl-canvas_281186721_section_1_item_1_schoice_RESPONSE_8122852" case="Yes">vufsw-confidenceintervals-0228-nl-canvas_281186721_section_1_item_1_schoice_1792089743</varequal> </not>
<not> <varequal respident="vufsw-confidenceintervals-0228-nl-canvas_281186721_section_1_item_1_schoice_RESPONSE_8122852" case="Yes">vufsw-confidenceintervals-0228-nl-canvas_281186721_section_1_item_1_schoice_4591218370</varequal> </not>
</and>
</conditionvar>
<setvar varname="SCORE" action="Set">1</setvar>
<displayfeedback feedbacktype="Response" linkrefid="correct_fb"/>
</respcondition>
<respcondition continue="Yes">
<conditionvar>
<other/>
</conditionvar>
<displayfeedback feedbacktype="Response" linkrefid="general_incorrect_fb"/>
</respcondition>
</resprocessing>
<itemfeedback ident="correct_fb" view="All">
<flow_mat>
<material>
<mattext texttype="text/html"><![CDATA[
<ul>
<li> Geslacht (SEX) en opleiding (EDUCYRS), want de 95% betrouwbaarheidsintervallen van deze variabelen bevatten de waarde 0,05. <br /> False </li>
<li> Opleiding (EDUCYRS), want het 95% betrouwbaarheidsinterval van deze variabele bevat <strong>niet</strong> de waarde 0. <br /> True </li>
<li> Opleiding (EDUCYRS) en Leeftijd (AGE), want de 95% betrouwbaarheidsintervallen van deze variabele bevatten <strong>niet</strong> de waarde 0,05. <br /> False </li>
<li> Geslacht (SEX) en leeftijd (AGE), want de 95% betrouwbaarheidsintervallen van deze variabelen bevatten de waarde 0. <br /> False </li>
</ul>
]]></mattext>
</material>
</flow_mat>
</itemfeedback>
<itemfeedback ident="general_incorrect_fb" view="All">
<flow_mat>
<material>
<mattext texttype="text/html"><![CDATA[
<ul>
<li> Geslacht (SEX) en opleiding (EDUCYRS), want de 95% betrouwbaarheidsintervallen van deze variabelen bevatten de waarde 0,05. <br /> False </li>
<li> Opleiding (EDUCYRS), want het 95% betrouwbaarheidsinterval van deze variabele bevat <strong>niet</strong> de waarde 0. <br /> True </li>
<li> Opleiding (EDUCYRS) en Leeftijd (AGE), want de 95% betrouwbaarheidsintervallen van deze variabele bevatten <strong>niet</strong> de waarde 0,05. <br /> False </li>
<li> Geslacht (SEX) en leeftijd (AGE), want de 95% betrouwbaarheidsintervallen van deze variabelen bevatten de waarde 0. <br /> False </li>
</ul>
]]></mattext>
</material>
</flow_mat>
</itemfeedback>
</item>


</section>

</assessment>
</questestinterop>
