<?xml version="1.0" encoding="UTF-8"?>
<!DOCTYPE questestinterop SYSTEM "ims_qtiasiv1p2p1.dtd">

<questestinterop xmlns="http://www.imsglobal.org/xsd/ims_qtiasiv1p2" xmlns:xsi="http://www.w3.org/2001/XMLSchema-instance" xsi:schemaLocation="http://www.imsglobal.org/xsd/ims_qtiasiv1p2 http://www.imsglobal.org/xsd/ims_qtiasiv1p2p1.xsd">
<assessment ident="vufgb-onewayanova-010-en-canvas_893876477" title="vufgb-onewayanova-010-en-canvas">

<qtimetadata>
<qtimetadatafield>
<fieldlabel>cc_maxattempts</fieldlabel>
<fieldentry>1</fieldentry>
</qtimetadatafield>
<qtimetadatafield>
<fieldlabel>qmd_assessmenttype</fieldlabel>
<fieldentry>Assessment</fieldentry>
</qtimetadatafield>
</qtimetadata>
<objectives>
<material>
<mattext><![CDATA[Please solve the following exercises.]]></mattext>
</material>
</objectives>
<assessmentcontrol feedbackswitch="No" hintswitch="No" solutionswitch="Yes"/>
<outcomes_processing scoremodel="SumOfScores">
<outcomes>
<decvar varname="SCORE" vartype="Decimal" cutvalue="0"/>
</outcomes>
</outcomes_processing>
<assessfeedback title="AssessmentFeedback" ident="AssessmentFeedback">
<flow_mat>
<material>
<mattext>##AssessmentFeedback##</mattext>
</material>
</flow_mat>
</assessfeedback>

<section ident="vufgb-onewayanova-010-en-canvas_893876477_section_1" title="Exercise">

<objectives>
<material>
<mattext><![CDATA[Please answer the following question.]]></mattext>
</material>
</objectives>
<selection_ordering>
<selection>
<selection_number>1</selection_number>
<selection_extension>
<points_per_item>1</points_per_item>
</selection_extension>
</selection>
<order order_type="Random"/>
</selection_ordering>

<item ident="vufgb-onewayanova-010-en-canvas_893876477_section_1_item_1_schoice" title="Question" maxattempts="1">
<itemcontrol feedbackswitch="No" hintswitch="No" solutionswitch="Yes"/>
<itemmetadata>
<qtimetadata>
<qtimetadatafield>
<fieldlabel>question_type</fieldlabel>
<fieldentry>multiple_choice_question</fieldentry>
</qtimetadatafield>
</qtimetadata>
</itemmetadata>
<presentation>
<flow>
<material>
<matbreak/>
<mattext texttype="text/html" charset="utf-8"><![CDATA[
<p>The following data relate to the following two tasks. An A&amp;O psychologist compares the degree of extraversion among Administrative, Managerial and Sales personnel. A total of 45 individuals participate. Below is the incomplete table of data resulting from an Oneway Anova with Personnel as the Factor and extraversion as the dependent variable.</p>
<p><img src="data/supplements_1_1/vufgb-onewayanova-010-nl-table01.jpg" /></p>
<p>The (marginal) variance of the extraversion variable falls in the interval:</p>
]]></mattext>
<matbreak/>
</material>
<response_lid ident="vufgb-onewayanova-010-en-canvas_893876477_section_1_item_1_schoice_RESPONSE_1598431" rcardinality="Single" rtiming="No">
<render_choice shuffle="No">
<flow_label class="List">
<response_label ident="vufgb-onewayanova-010-en-canvas_893876477_section_1_item_1_schoice_1840400304" rshuffle="No">
<material>
<mattext texttype="text/html" charset="utf-8"><![CDATA[
 [12; 13]
]]></mattext>
</material>
</response_label>
</flow_label>
<flow_label class="List">
<response_label ident="vufgb-onewayanova-010-en-canvas_893876477_section_1_item_1_schoice_2431113520" rshuffle="No">
<material>
<mattext texttype="text/html" charset="utf-8"><![CDATA[
 [13; 14]
]]></mattext>
</material>
</response_label>
</flow_label>
<flow_label class="List">
<response_label ident="vufgb-onewayanova-010-en-canvas_893876477_section_1_item_1_schoice_8263905571" rshuffle="No">
<material>
<mattext texttype="text/html" charset="utf-8"><![CDATA[
 [11; 12]
]]></mattext>
</material>
</response_label>
</flow_label>
<flow_label class="List">
<response_label ident="vufgb-onewayanova-010-en-canvas_893876477_section_1_item_1_schoice_9095409947" rshuffle="No">
<material>
<mattext texttype="text/html" charset="utf-8"><![CDATA[
 [14; 15]
]]></mattext>
</material>
</response_label>
</flow_label>
</render_choice>
</response_lid>
</flow>
</presentation>
<resprocessing>
<outcomes>
<decvar varname="SCORE" vartype="Decimal" defaultval="0" minvalue="0" maxvalue="1" cutvalue="1"/>
</outcomes>
<respcondition title="Mastery" continue="No">
<conditionvar>
<and>
<varequal respident="vufgb-onewayanova-010-en-canvas_893876477_section_1_item_1_schoice_RESPONSE_1598431" case="Yes">vufgb-onewayanova-010-en-canvas_893876477_section_1_item_1_schoice_2431113520</varequal>
<not> <varequal respident="vufgb-onewayanova-010-en-canvas_893876477_section_1_item_1_schoice_RESPONSE_1598431" case="Yes">vufgb-onewayanova-010-en-canvas_893876477_section_1_item_1_schoice_1840400304</varequal> </not>
<not> <varequal respident="vufgb-onewayanova-010-en-canvas_893876477_section_1_item_1_schoice_RESPONSE_1598431" case="Yes">vufgb-onewayanova-010-en-canvas_893876477_section_1_item_1_schoice_8263905571</varequal> </not>
<not> <varequal respident="vufgb-onewayanova-010-en-canvas_893876477_section_1_item_1_schoice_RESPONSE_1598431" case="Yes">vufgb-onewayanova-010-en-canvas_893876477_section_1_item_1_schoice_9095409947</varequal> </not>
</and>
</conditionvar>
<setvar varname="SCORE" action="Set">1</setvar>
<displayfeedback feedbacktype="Response" linkrefid="correct_fb"/>
</respcondition>
<respcondition continue="Yes">
<conditionvar>
<other/>
</conditionvar>
<displayfeedback feedbacktype="Response" linkrefid="general_incorrect_fb"/>
</respcondition>
</resprocessing>
<itemfeedback ident="correct_fb" view="All">
<flow_mat>
<material>
<mattext texttype="text/html"><![CDATA[
<ul>
<li> [12; 13] <br /> Incorrect </li>
<li> [13; 14] <br /> Correct </li>
<li> [11; 12] <br /> Incorrect </li>
<li> [14; 15] <br /> Incorrect </li>
</ul>
]]></mattext>
</material>
</flow_mat>
</itemfeedback>
<itemfeedback ident="general_incorrect_fb" view="All">
<flow_mat>
<material>
<mattext texttype="text/html"><![CDATA[
<ul>
<li> [12; 13] <br /> Incorrect </li>
<li> [13; 14] <br /> Correct </li>
<li> [11; 12] <br /> Incorrect </li>
<li> [14; 15] <br /> Incorrect </li>
</ul>
]]></mattext>
</material>
</flow_mat>
</itemfeedback>
</item>


</section>

</assessment>
</questestinterop>
