<?xml version="1.0" encoding="utf-8" standalone="yes"?>
<assessmentItem identifier="uva-binomial-1057-en-tv_202510071722_item_1_schoice" title="uva-binomial-1057-en-tv_202510071722_item_1_schoice_uva-binomial-1057-en" adaptive="false" timeDependent="false" toolName="Testvision Online" toolVersion="39.0.9084" xmlns="http://www.imsglobal.org/xsd/imsqti_v2p1">
<responseDeclaration identifier="RESPONSE" cardinality="single" baseType="identifier">
<correctResponse>
<value>alt_755101</value>
</correctResponse>
<mapping defaultValue="0" lowerBound="0.0">
<mapEntry mapKey="alt_345889" mappedValue="-0.333333333333333"/>
<mapEntry mapKey="alt_563008" mappedValue="-0.333333333333333"/>
<mapEntry mapKey="alt_952240" mappedValue="-0.333333333333333"/>
<mapEntry mapKey="alt_755101" mappedValue="1"/>
</mapping>
</responseDeclaration>
<outcomeDeclaration identifier="SCORE" cardinality="single" baseType="float" normalMaximum="1" normalMinimum="0" />
<outcomeDeclaration identifier="FEEDBACK" cardinality="single" baseType="identifier" />
<stylesheet href="css/uva-binomial-1057-en-tv_202510071722_item_1_schoice.css" type="text/css" />
<itemBody>
<p>5% of the screws produced are defective and the quality of the screws are independent of each other. Suppose <em>X</em> is the number of defective screws and you pick 10 screws as a sample. Then what is the probability that none of the screws is defective?</p>
<choiceInteraction responseIdentifier="RESPONSE" shuffle="false" maxChoices="1">
<simpleChoice identifier="alt_345889">
<div class="textblock tvblock tvcss_1"><div class="rte_zone tveditor1">
 0,00
</div>
</div>
</simpleChoice>
<simpleChoice identifier="alt_563008">
<div class="textblock tvblock tvcss_1"><div class="rte_zone tveditor1">
 0,05
</div>
</div>
</simpleChoice>
<simpleChoice identifier="alt_952240">
<div class="textblock tvblock tvcss_1"><div class="rte_zone tveditor1">
 0,10
</div>
</div>
</simpleChoice>
<simpleChoice identifier="alt_755101">
<div class="textblock tvblock tvcss_1"><div class="rte_zone tveditor1">
 0,60
</div>
</div>
</simpleChoice>
</choiceInteraction>
</itemBody>
<responseProcessing>
<responseCondition>
<responseIf>
<isNull>
<variable identifier="RESPONSE"/>
</isNull>
<setOutcomeValue identifier="SCORE">
<baseValue baseType="float">0.0</baseValue>
</setOutcomeValue>
<setOutcomeValue identifier="FEEDBACK">
<baseValue baseType="identifier">FAILURE</baseValue>
</setOutcomeValue>
</responseIf>
<responseElse>
<setOutcomeValue identifier="SCORE">
<mapResponse identifier="RESPONSE"/>
</setOutcomeValue>
<responseCondition>
<responseIf>
<equal toleranceMode="relative" tolerance="0.001">
<variable identifier="SCORE"/>
<variable identifier="MAXSCORE"/>
</equal>
<setOutcomeValue identifier="FEEDBACK">
<baseValue baseType="identifier">ANSWER_CORRECT</baseValue>
</setOutcomeValue>
</responseIf>
<responseElse>
<setOutcomeValue identifier="FEEDBACK">
<baseValue baseType="identifier">FAILURE</baseValue>
</setOutcomeValue>
</responseElse>
</responseCondition>
</responseElse>
</responseCondition>
</responseProcessing>
<modalFeedback identifier="FAILURE" outcomeIdentifier="FEEDBACK" showHide="show">
<div class="textblock tvblock tvcss_1"><div class="rte_zone tveditor1">
<ul>
<li> 0,00 <br /> 0,00: Incorrect </li>
<li> 0,05 <br /> 0.05: Incorrect </li>
<li> 0,10 <br /> 0.10: Incorrect </li>
<li> 0,60 <br /> 0.60: Correct </li>
</ul>
</div>
</div>
</modalFeedback>
<modalFeedback identifier="ANSWER_CORRECT" outcomeIdentifier="FEEDBACK" showHide="show">
<div class="textblock tvblock tvcss_1"><div class="rte_zone tveditor1">
<ul>
<li> 0,00 <br /> 0,00: Incorrect </li>
<li> 0,05 <br /> 0.05: Incorrect </li>
<li> 0,10 <br /> 0.10: Incorrect </li>
<li> 0,60 <br /> 0.60: Correct </li>
</ul>
</div>
</div>
</modalFeedback>
<modalFeedback identifier="PARTIAL_CORRECT" outcomeIdentifier="FEEDBACK" showHide="show">
<div class="textblock tvblock tvcss_1"><div class="rte_zone tveditor1">
<ul>
<li> 0,00 <br /> 0,00: Incorrect </li>
<li> 0,05 <br /> 0.05: Incorrect </li>
<li> 0,10 <br /> 0.10: Incorrect </li>
<li> 0,60 <br /> 0.60: Correct </li>
</ul>
</div>
</div>
</modalFeedback>
</assessmentItem>
