<?xml version="1.0" encoding="UTF-8"?>
<!DOCTYPE questestinterop SYSTEM "ims_qtiasiv1p2p1.dtd">

<questestinterop xmlns="http://www.imsglobal.org/xsd/ims_qtiasiv1p2" xmlns:xsi="http://www.w3.org/2001/XMLSchema-instance" xsi:schemaLocation="http://www.imsglobal.org/xsd/ims_qtiasiv1p2 http://www.imsglobal.org/xsd/ims_qtiasiv1p2p1.xsd">
<assessment ident="vufgb-zscore-006-en-canvas_116058775" title="vufgb-zscore-006-en-canvas">

<qtimetadata>
<qtimetadatafield>
<fieldlabel>cc_maxattempts</fieldlabel>
<fieldentry>1</fieldentry>
</qtimetadatafield>
<qtimetadatafield>
<fieldlabel>qmd_assessmenttype</fieldlabel>
<fieldentry>Assessment</fieldentry>
</qtimetadatafield>
</qtimetadata>
<objectives>
<material>
<mattext><![CDATA[Please solve the following exercises.]]></mattext>
</material>
</objectives>
<assessmentcontrol feedbackswitch="No" hintswitch="No" solutionswitch="Yes"/>
<outcomes_processing scoremodel="SumOfScores">
<outcomes>
<decvar varname="SCORE" vartype="Decimal" cutvalue="0"/>
</outcomes>
</outcomes_processing>
<assessfeedback title="AssessmentFeedback" ident="AssessmentFeedback">
<flow_mat>
<material>
<mattext>##AssessmentFeedback##</mattext>
</material>
</flow_mat>
</assessfeedback>

<section ident="vufgb-zscore-006-en-canvas_116058775_section_1" title="Exercise">

<objectives>
<material>
<mattext><![CDATA[Please answer the following question.]]></mattext>
</material>
</objectives>
<selection_ordering>
<selection>
<selection_number>1</selection_number>
<selection_extension>
<points_per_item>1</points_per_item>
</selection_extension>
</selection>
<order order_type="Random"/>
</selection_ordering>

<item ident="vufgb-zscore-006-en-canvas_116058775_section_1_item_1_schoice" title="Question" maxattempts="1">
<itemcontrol feedbackswitch="No" hintswitch="No" solutionswitch="Yes"/>
<itemmetadata>
<qtimetadata>
<qtimetadatafield>
<fieldlabel>question_type</fieldlabel>
<fieldentry>multiple_choice_question</fieldentry>
</qtimetadatafield>
</qtimetadata>
</itemmetadata>
<presentation>
<flow>
<material>
<matbreak/>
<mattext texttype="text/html" charset="utf-8"><![CDATA[
<p>Luke has an IQ-score of 130. The population mean is 100, and the population standard deviation is 15. Luke’s z-score is (130-100)/15=2. What does this mean?</p>
]]></mattext>
<matbreak/>
</material>
<response_lid ident="vufgb-zscore-006-en-canvas_116058775_section_1_item_1_schoice_RESPONSE_1121446" rcardinality="Single" rtiming="No">
<render_choice shuffle="No">
<flow_label class="List">
<response_label ident="vufgb-zscore-006-en-canvas_116058775_section_1_item_1_schoice_6513844636" rshuffle="No">
<material>
<mattext texttype="text/html" charset="utf-8"><![CDATA[
 Luke’s IQ belongs to the 2% highest scores in the population.
]]></mattext>
</material>
</response_label>
</flow_label>
<flow_label class="List">
<response_label ident="vufgb-zscore-006-en-canvas_116058775_section_1_item_1_schoice_2293889985" rshuffle="No">
<material>
<mattext texttype="text/html" charset="utf-8"><![CDATA[
 Luke’s IQ is twice as high as the average person in the population.
]]></mattext>
</material>
</response_label>
</flow_label>
<flow_label class="List">
<response_label ident="vufgb-zscore-006-en-canvas_116058775_section_1_item_1_schoice_8653653845" rshuffle="No">
<material>
<mattext texttype="text/html" charset="utf-8"><![CDATA[
 Luke’s IQ deviates 2 standard deviations from the mean in the population.
]]></mattext>
</material>
</response_label>
</flow_label>
<flow_label class="List">
<response_label ident="vufgb-zscore-006-en-canvas_116058775_section_1_item_1_schoice_5802509013" rshuffle="No">
<material>
<mattext texttype="text/html" charset="utf-8"><![CDATA[
 Luke’s IQ significantly deviates from the mean in the population.
]]></mattext>
</material>
</response_label>
</flow_label>
</render_choice>
</response_lid>
</flow>
</presentation>
<resprocessing>
<outcomes>
<decvar varname="SCORE" vartype="Decimal" defaultval="0" minvalue="0" maxvalue="1" cutvalue="1"/>
</outcomes>
<respcondition title="Mastery" continue="No">
<conditionvar>
<and>
<varequal respident="vufgb-zscore-006-en-canvas_116058775_section_1_item_1_schoice_RESPONSE_1121446" case="Yes">vufgb-zscore-006-en-canvas_116058775_section_1_item_1_schoice_8653653845</varequal>
<not> <varequal respident="vufgb-zscore-006-en-canvas_116058775_section_1_item_1_schoice_RESPONSE_1121446" case="Yes">vufgb-zscore-006-en-canvas_116058775_section_1_item_1_schoice_6513844636</varequal> </not>
<not> <varequal respident="vufgb-zscore-006-en-canvas_116058775_section_1_item_1_schoice_RESPONSE_1121446" case="Yes">vufgb-zscore-006-en-canvas_116058775_section_1_item_1_schoice_2293889985</varequal> </not>
<not> <varequal respident="vufgb-zscore-006-en-canvas_116058775_section_1_item_1_schoice_RESPONSE_1121446" case="Yes">vufgb-zscore-006-en-canvas_116058775_section_1_item_1_schoice_5802509013</varequal> </not>
</and>
</conditionvar>
<setvar varname="SCORE" action="Set">1</setvar>
<displayfeedback feedbacktype="Response" linkrefid="correct_fb"/>
</respcondition>
<respcondition continue="Yes">
<conditionvar>
<other/>
</conditionvar>
<displayfeedback feedbacktype="Response" linkrefid="general_incorrect_fb"/>
</respcondition>
</resprocessing>
<itemfeedback ident="correct_fb" view="All">
<flow_mat>
<material>
<mattext texttype="text/html"><![CDATA[
<ul>
<li> Luke’s IQ belongs to the 2% highest scores in the population. <br /> Incorrect </li>
<li> Luke’s IQ is twice as high as the average person in the population. <br /> Incorrect </li>
<li> Luke’s IQ deviates 2 standard deviations from the mean in the population. <br /> Correct </li>
<li> Luke’s IQ significantly deviates from the mean in the population. <br /> Incorrect </li>
</ul>
]]></mattext>
</material>
</flow_mat>
</itemfeedback>
<itemfeedback ident="general_incorrect_fb" view="All">
<flow_mat>
<material>
<mattext texttype="text/html"><![CDATA[
<ul>
<li> Luke’s IQ belongs to the 2% highest scores in the population. <br /> Incorrect </li>
<li> Luke’s IQ is twice as high as the average person in the population. <br /> Incorrect </li>
<li> Luke’s IQ deviates 2 standard deviations from the mean in the population. <br /> Correct </li>
<li> Luke’s IQ significantly deviates from the mean in the population. <br /> Incorrect </li>
</ul>
]]></mattext>
</material>
</flow_mat>
</itemfeedback>
</item>


</section>

</assessment>
</questestinterop>
