<?xml version="1.0" encoding="utf-8" standalone="yes"?>
<assessmentItem identifier="vufsw-multicolinearity-2106-nl-tv_202405230826_item_1_schoice" title="vufsw-multicolinearity-2106-nl-tv_202405230826_item_1_schoice_vufsw-multicolinearity-2106-nl" adaptive="false" timeDependent="false" toolName="Testvision Online" toolVersion="39.0.9084" xmlns="http://www.imsglobal.org/xsd/imsqti_v2p1">
<responseDeclaration identifier="RESPONSE" cardinality="single" baseType="identifier">
<correctResponse>
<value>alt_126204</value>
</correctResponse>
<mapping defaultValue="0" lowerBound="0.0">
<mapEntry mapKey="alt_401356" mappedValue="-0.333333333333333"/>
<mapEntry mapKey="alt_126204" mappedValue="1"/>
<mapEntry mapKey="alt_368483" mappedValue="-0.333333333333333"/>
<mapEntry mapKey="alt_692352" mappedValue="-0.333333333333333"/>
</mapping>
</responseDeclaration>
<outcomeDeclaration identifier="SCORE" cardinality="single" baseType="float" normalMaximum="1" normalMinimum="0" />
<outcomeDeclaration identifier="FEEDBACK" cardinality="single" baseType="identifier" />
<itemBody>
<p>De determinant van de R-matrix geeft aan ….</p>
<choiceInteraction responseIdentifier="RESPONSE" shuffle="false" maxChoices="1">
<simpleChoice identifier="alt_401356">
<div class="textblock tvblock tvcss_1"><div class="rte_zone tveditor1">
 Of de correlaties significant verschillen van nul
</div>
</div>
</simpleChoice>
<simpleChoice identifier="alt_126204">
<div class="textblock tvblock tvcss_1"><div class="rte_zone tveditor1">
 Of de correlaties niet te hoog zijn (multicollineariteit)
</div>
</div>
</simpleChoice>
<simpleChoice identifier="alt_368483">
<div class="textblock tvblock tvcss_1"><div class="rte_zone tveditor1">
 Of het factormodel past op de data
</div>
</div>
</simpleChoice>
<simpleChoice identifier="alt_692352">
<div class="textblock tvblock tvcss_1"><div class="rte_zone tveditor1">
 Of de steekproef groot genoeg is
</div>
</div>
</simpleChoice>
</choiceInteraction>
</itemBody>
<responseProcessing>
<responseCondition>
<responseIf>
<isNull>
<variable identifier="RESPONSE"/>
</isNull>
<setOutcomeValue identifier="SCORE">
<baseValue baseType="float">0.0</baseValue>
</setOutcomeValue>
<setOutcomeValue identifier="FEEDBACK">
<baseValue baseType="identifier">FAILURE</baseValue>
</setOutcomeValue>
</responseIf>
<responseElse>
<setOutcomeValue identifier="SCORE">
<mapResponse identifier="RESPONSE"/>
</setOutcomeValue>
<responseCondition>
<responseIf>
<equal toleranceMode="relative" tolerance="0.001">
<variable identifier="SCORE"/>
<variable identifier="MAXSCORE"/>
</equal>
<setOutcomeValue identifier="FEEDBACK">
<baseValue baseType="identifier">ANSWER_CORRECT</baseValue>
</setOutcomeValue>
</responseIf>
<responseElse>
<setOutcomeValue identifier="FEEDBACK">
<baseValue baseType="identifier">FAILURE</baseValue>
</setOutcomeValue>
</responseElse>
</responseCondition>
</responseElse>
</responseCondition>
</responseProcessing>
<modalFeedback identifier="FAILURE" outcomeIdentifier="FEEDBACK" showHide="show">
<div class="textblock tvblock tvcss_1"><div class="rte_zone tveditor1">
<ul>
<li> Of de correlaties significant verschillen van nul <br /> False </li>
<li> Of de correlaties niet te hoog zijn (multicollineariteit) <br /> True </li>
<li> Of het factormodel past op de data <br /> False </li>
<li> Of de steekproef groot genoeg is <br /> False </li>
</ul>
</div>
</div>
</modalFeedback>
<modalFeedback identifier="ANSWER_CORRECT" outcomeIdentifier="FEEDBACK" showHide="show">
<div class="textblock tvblock tvcss_1"><div class="rte_zone tveditor1">
<ul>
<li> Of de correlaties significant verschillen van nul <br /> False </li>
<li> Of de correlaties niet te hoog zijn (multicollineariteit) <br /> True </li>
<li> Of het factormodel past op de data <br /> False </li>
<li> Of de steekproef groot genoeg is <br /> False </li>
</ul>
</div>
</div>
</modalFeedback>
<modalFeedback identifier="PARTIAL_CORRECT" outcomeIdentifier="FEEDBACK" showHide="show">
<div class="textblock tvblock tvcss_1"><div class="rte_zone tveditor1">
<ul>
<li> Of de correlaties significant verschillen van nul <br /> False </li>
<li> Of de correlaties niet te hoog zijn (multicollineariteit) <br /> True </li>
<li> Of het factormodel past op de data <br /> False </li>
<li> Of de steekproef groot genoeg is <br /> False </li>
</ul>
</div>
</div>
</modalFeedback>
</assessmentItem>
