<?xml version="1.0" encoding="utf-8" standalone="yes"?>
<assessmentItem identifier="vufgb-logisticregression-014-en-tv_202601131822_item_1_schoice" title="vufgb-logisticregression-014-en-tv_202601131822_item_1_schoice_vufgb-logisticregression-014-en" adaptive="false" timeDependent="false" toolName="Testvision Online" toolVersion="39.0.9084" xmlns="http://www.imsglobal.org/xsd/imsqti_v2p1">
<responseDeclaration identifier="RESPONSE" cardinality="single" baseType="identifier">
<correctResponse>
<value>alt_745999</value>
</correctResponse>
<mapping defaultValue="0" lowerBound="0.0">
<mapEntry mapKey="alt_745999" mappedValue="1"/>
<mapEntry mapKey="alt_964524" mappedValue="-0.333333333333333"/>
<mapEntry mapKey="alt_724429" mappedValue="-0.333333333333333"/>
<mapEntry mapKey="alt_553937" mappedValue="-0.333333333333333"/>
</mapping>
</responseDeclaration>
<outcomeDeclaration identifier="SCORE" cardinality="single" baseType="float" normalMaximum="1" normalMinimum="0" />
<outcomeDeclaration identifier="FEEDBACK" cardinality="single" baseType="identifier" />
<stylesheet href="css/vufgb-logisticregression-014-en-tv_202601131822_item_1_schoice.css" type="text/css" />
<itemBody>
<p>Which test is <strong>not</strong> used in logistic regression?</p>
<choiceInteraction responseIdentifier="RESPONSE" shuffle="false" maxChoices="1">
<simpleChoice identifier="alt_745999">
<div class="textblock tvblock tvcss_1"><div class="rte_zone tveditor1">
 Binomial test
</div>
</div>
</simpleChoice>
<simpleChoice identifier="alt_964524">
<div class="textblock tvblock tvcss_1"><div class="rte_zone tveditor1">
 Z-key
</div>
</div>
</simpleChoice>
<simpleChoice identifier="alt_724429">
<div class="textblock tvblock tvcss_1"><div class="rte_zone tveditor1">
 Wald
</div>
</div>
</simpleChoice>
<simpleChoice identifier="alt_553937">
<div class="textblock tvblock tvcss_1"><div class="rte_zone tveditor1">
 Likelihood ratio
</div>
</div>
</simpleChoice>
</choiceInteraction>
</itemBody>
<responseProcessing>
<responseCondition>
<responseIf>
<isNull>
<variable identifier="RESPONSE"/>
</isNull>
<setOutcomeValue identifier="SCORE">
<baseValue baseType="float">0.0</baseValue>
</setOutcomeValue>
<setOutcomeValue identifier="FEEDBACK">
<baseValue baseType="identifier">FAILURE</baseValue>
</setOutcomeValue>
</responseIf>
<responseElse>
<setOutcomeValue identifier="SCORE">
<mapResponse identifier="RESPONSE"/>
</setOutcomeValue>
<responseCondition>
<responseIf>
<equal toleranceMode="relative" tolerance="0.001">
<variable identifier="SCORE"/>
<variable identifier="MAXSCORE"/>
</equal>
<setOutcomeValue identifier="FEEDBACK">
<baseValue baseType="identifier">ANSWER_CORRECT</baseValue>
</setOutcomeValue>
</responseIf>
<responseElse>
<setOutcomeValue identifier="FEEDBACK">
<baseValue baseType="identifier">FAILURE</baseValue>
</setOutcomeValue>
</responseElse>
</responseCondition>
</responseElse>
</responseCondition>
</responseProcessing>
<modalFeedback identifier="FAILURE" outcomeIdentifier="FEEDBACK" showHide="show">
<div class="textblock tvblock tvcss_1"><div class="rte_zone tveditor1">
<ul>
<li> Binomial test <br /> Correct </li>
<li> Z-key <br /> Incorrect </li>
<li> Wald <br /> Incorrect </li>
<li> Likelihood ratio <br /> Incorrect </li>
</ul>
</div>
</div>
</modalFeedback>
<modalFeedback identifier="ANSWER_CORRECT" outcomeIdentifier="FEEDBACK" showHide="show">
<div class="textblock tvblock tvcss_1"><div class="rte_zone tveditor1">
<ul>
<li> Binomial test <br /> Correct </li>
<li> Z-key <br /> Incorrect </li>
<li> Wald <br /> Incorrect </li>
<li> Likelihood ratio <br /> Incorrect </li>
</ul>
</div>
</div>
</modalFeedback>
<modalFeedback identifier="PARTIAL_CORRECT" outcomeIdentifier="FEEDBACK" showHide="show">
<div class="textblock tvblock tvcss_1"><div class="rte_zone tveditor1">
<ul>
<li> Binomial test <br /> Correct </li>
<li> Z-key <br /> Incorrect </li>
<li> Wald <br /> Incorrect </li>
<li> Likelihood ratio <br /> Incorrect </li>
</ul>
</div>
</div>
</modalFeedback>
</assessmentItem>
