<?xml version="1.0" encoding="UTF-8"?>
<assessmentItem xsi:schemaLocation="http://www.imsglobal.org/xsd/imsqti_v2p1 http://www.imsglobal.org/xsd/qti/qtiv2p1/imsqti_v2p1p1.xsd http://www.w3.org/1998/Math/MathML http://www.w3.org/Math/XMLSchema/mathml2/mathml2.xsd" identifier="uva-conditional-probability-767-nl-qti_845037917_section_1_item_1_schoice" title="1" adaptive="false" timeDependent="false" xmlns="http://www.imsglobal.org/xsd/imsqti_v2p1" xmlns:xsi="http://www.w3.org/2001/XMLSchema-instance">
<responseDeclaration identifier="uva-conditional-probability-767-nl-qti_845037917_section_1_item_1_schoice_RESPONSE_1_1877635" cardinality="single" baseType="identifier">
<correctResponse>
<value>uva-conditional-probability-767-nl-qti_845037917_section_1_item_1_schoice_1_3887944095</value>
</correctResponse>
<mapping defaultValue="0" lowerBound="0.0">
<mapEntry mapKey="uva-conditional-probability-767-nl-qti_845037917_section_1_item_1_schoice_1_3887944095" mappedValue="1"/>
<mapEntry mapKey="uva-conditional-probability-767-nl-qti_845037917_section_1_item_1_schoice_2_6333680250" mappedValue="0"/>
<mapEntry mapKey="uva-conditional-probability-767-nl-qti_845037917_section_1_item_1_schoice_3_7724517690" mappedValue="0"/>
</mapping>
</responseDeclaration>
<outcomeDeclaration identifier="SCORE" cardinality="single" baseType="float" normalMaximum="1" normalMinimum="0">
<defaultValue>
<value>0.0</value>
</defaultValue>
</outcomeDeclaration>
<outcomeDeclaration identifier="MAXSCORE" cardinality="single" baseType="float">
<defaultValue>
<value>1</value>
</defaultValue>
</outcomeDeclaration>
<outcomeDeclaration identifier="FEEDBACKBASIC" cardinality="single" baseType="identifier" view="testConstructor">
<defaultValue>
<value>empty</value>
</defaultValue>
</outcomeDeclaration>
<outcomeDeclaration identifier="FEEDBACKMODAL" cardinality="multiple" baseType="identifier" view="testConstructor"/>
<outcomeDeclaration identifier="SOLUTIONMODAL" cardinality="single" baseType="identifier" view="testConstructor"/>
<outcomeDeclaration identifier="MINSCORE" cardinality="single" baseType="float">
<defaultValue>
<value baseType="float">0</value>
</defaultValue>
</outcomeDeclaration>
<outcomeDeclaration identifier="SCORE_RESPONSE_1" cardinality="single" baseType="float">
<defaultValue>
<value>0.0</value>
</defaultValue>
</outcomeDeclaration>
<outcomeDeclaration identifier="MINSCORE_RESPONSE_1" cardinality="single" baseType="float">
<defaultValue>
<value>0.0</value>
</defaultValue>
</outcomeDeclaration>
<itemBody>
<p>Er is gegeven voor twee on;afhankelijke gebeurtenissen A en B dat P(A) =
0.5, P(B) = 0.2 en P(A en B) = 0.1. Dan geldt dat P(A|B) gelijk is aan</p>
<choiceInteraction responseIdentifier="uva-conditional-probability-767-nl-qti_845037917_section_1_item_1_schoice_RESPONSE_1_1877635" shuffle="false" maxChoices="1">
<simpleChoice identifier="uva-conditional-probability-767-nl-qti_845037917_section_1_item_1_schoice_1_3887944095">
<p>
 0.5.
</p>
</simpleChoice>
<simpleChoice identifier="uva-conditional-probability-767-nl-qti_845037917_section_1_item_1_schoice_2_6333680250">
<p>
 0.2.
</p>
</simpleChoice>
<simpleChoice identifier="uva-conditional-probability-767-nl-qti_845037917_section_1_item_1_schoice_3_7724517690">
<p>
 0.1.
</p>
</simpleChoice>
</choiceInteraction>
</itemBody>
<responseProcessing>
<setOutcomeValue identifier="SCORE_RESPONSE_1">
<sum>
<variable identifier="SCORE_RESPONSE_1"/>
<mapResponse identifier="uva-conditional-probability-767-nl-qti_845037917_section_1_item_1_schoice_RESPONSE_1_1877635"/>
</sum>
</setOutcomeValue>
<responseCondition>
<responseIf>
<lt>
<variable identifier="SCORE_RESPONSE_1"/>
<variable identifier="MINSCORE_RESPONSE_1"/>
</lt>
<setOutcomeValue identifier="SCORE_RESPONSE_1">
<variable identifier="MINSCORE_RESPONSE_1"/>
</setOutcomeValue>
</responseIf>
</responseCondition>
<responseCondition>
<responseIf>
<isNull>
<variable identifier="uva-conditional-probability-767-nl-qti_845037917_section_1_item_1_schoice_RESPONSE_1_1877635"/>
</isNull>
<setOutcomeValue identifier="SCORE_RESPONSE_1">
<sum>
<variable identifier="SCORE_RESPONSE_1"/>
<baseValue baseType="float">0</baseValue>
</sum>
</setOutcomeValue>
</responseIf>
</responseCondition>
<setOutcomeValue identifier="SCORE">
<sum>
<variable identifier="SCORE_RESPONSE_1"/>
</sum>
</setOutcomeValue>
<responseCondition>
<responseIf>
<lt>
<variable identifier="SCORE"/>
<variable identifier="MINSCORE"/>
</lt>
<setOutcomeValue identifier="SCORE">
<variable identifier="MINSCORE"/>
</setOutcomeValue>
</responseIf>
</responseCondition>
<responseCondition>
<responseIf>
<lt>
<variable identifier="SCORE"/>
<baseValue baseType="float">1</baseValue>
</lt>
<setOutcomeValue identifier="FEEDBACKMODAL">
<multiple>
<variable identifier="FEEDBACKMODAL"/>
<baseValue baseType="identifier">Feedback678441783</baseValue>
</multiple>
</setOutcomeValue>
</responseIf>
</responseCondition>
</responseProcessing>
<modalFeedback identifier="Feedback678441783" outcomeIdentifier="FEEDBACKMODAL" showHide="show">
<ul>
<li> 0.5. <br /> 0.5.: Correct </li>
<li> 0.2. <br /> 0.2.: Incorrect </li>
<li> 0.1. <br /> 0.1.: Incorrect </li>
</ul>
</modalFeedback>
</assessmentItem>
