<?xml version="1.0" encoding="UTF-8"?>
<assessmentItem xsi:schemaLocation="http://www.imsglobal.org/xsd/imsqti_v2p1 http://www.imsglobal.org/xsd/qti/qtiv2p1/imsqti_v2p1p1.xsd http://www.w3.org/1998/Math/MathML http://www.w3.org/Math/XMLSchema/mathml2/mathml2.xsd" identifier="uva-elementary-probability-1014-qti_660441272_section_1_item_1_num" title="1" adaptive="false" timeDependent="false" xmlns="http://www.imsglobal.org/xsd/imsqti_v2p1" xmlns:xsi="http://www.w3.org/2001/XMLSchema-instance">
<responseDeclaration identifier="uva-elementary-probability-1014-qti_660441272_section_1_item_1_num_RESPONSE_1_2461767" cardinality="single" baseType="float">
<correctResponse>
<value>0.701</value>
</correctResponse>
</responseDeclaration>
<outcomeDeclaration identifier="SCORE" cardinality="single" baseType="float" normalMaximum="1" normalMinimum="0">
<defaultValue>
<value>0.0</value>
</defaultValue>
</outcomeDeclaration>
<outcomeDeclaration identifier="MAXSCORE" cardinality="single" baseType="float">
<defaultValue>
<value>1</value>
</defaultValue>
</outcomeDeclaration>
<outcomeDeclaration identifier="FEEDBACKBASIC" cardinality="single" baseType="identifier" view="testConstructor">
<defaultValue>
<value>empty</value>
</defaultValue>
</outcomeDeclaration>
<outcomeDeclaration identifier="FEEDBACKMODAL" cardinality="multiple" baseType="identifier" view="testConstructor"/>
<outcomeDeclaration identifier="MINSCORE" cardinality="single" baseType="float">
<defaultValue>
<value baseType="float">0</value>
</defaultValue>
</outcomeDeclaration>
<outcomeDeclaration identifier="SCORE_RESPONSE_1" cardinality="single" baseType="float">
<defaultValue>
<value>0.0</value>
</defaultValue>
</outcomeDeclaration>
<outcomeDeclaration identifier="MINSCORE_RESPONSE_1" cardinality="single" baseType="float">
<defaultValue>
<value>0.0</value>
</defaultValue>
</outcomeDeclaration>
<itemBody>
<p>Eén onderzoeker heeft de frequenties van de kleur in een groep bloesems uit het zuiden en het noorden onderzocht.</p>
<table>
<thead>
<tr class="header">
<th>Gebied</th>
<th>Kleur</th>
<th></th>
</tr>
</thead>
<tbody>
<tr class="odd">
<td></td>
<td>Lichtroze</td>
<td>Donkerroze</td>
</tr>
<tr class="even">
<td>Noorden</td>
<td>471</td>
<td>148</td>
</tr>
<tr class="odd">
<td>Zuiden</td>
<td>151</td>
<td>230</td>
</tr>
</tbody>
</table>
<p>We definiëren de gebeurtenissen:
A: De noordelijke bloesem met de lichte kleur,
B: De zuidelijke bloesem met de donkere kleur
Wat is dan de relatieve frequentie van <math display="inline" xmlns="http://www.w3.org/1998/Math/MathML"><semantics><mrow><mi>A</mi><mo>∪</mo><mi>B</mi></mrow><annotation encoding="application/x-tex">A \cup B</annotation></semantics></math></p>
<p>
<textEntryInteraction responseIdentifier="uva-elementary-probability-1014-qti_660441272_section_1_item_1_num_RESPONSE_1_2461767"/>
</p>
</itemBody>
<responseProcessing>
<responseCondition>
<responseIf>
<isNull>
<variable identifier="uva-elementary-probability-1014-qti_660441272_section_1_item_1_num_RESPONSE_1_2461767"/>
</isNull>
<setOutcomeValue identifier="SCORE_RESPONSE_1">
<sum>
<variable identifier="SCORE_RESPONSE_1"/>
<baseValue baseType="float">0</baseValue>
</sum>
</setOutcomeValue>
</responseIf>
</responseCondition>
<responseCondition>
<responseIf>
<equal toleranceMode="absolute" tolerance="0 0" includeLowerBound="true" includeUpperBound="true">
<variable identifier="uva-elementary-probability-1014-qti_660441272_section_1_item_1_num_RESPONSE_1_2461767"/>
<correct identifier="uva-elementary-probability-1014-qti_660441272_section_1_item_1_num_RESPONSE_1_2461767"/>
</equal>
<setOutcomeValue identifier="SCORE_RESPONSE_1">
<sum>
<variable identifier="SCORE_RESPONSE_1"/>
<baseValue baseType="float">1</baseValue>
</sum>
</setOutcomeValue>
</responseIf>
</responseCondition>
<responseCondition>
<responseIf>
<and>
<not>
<isNull>
<variable identifier="uva-elementary-probability-1014-qti_660441272_section_1_item_1_num_RESPONSE_1_2461767"/>
</isNull>
</not>
<lt>
<variable identifier="SCORE_RESPONSE_1"/>
<baseValue baseType="float">1</baseValue>
</lt>
</and>
<setOutcomeValue identifier="SCORE_RESPONSE_1">
<sum>
<variable identifier="SCORE_RESPONSE_1"/>
<baseValue baseType="float">0</baseValue>
</sum>
</setOutcomeValue>
</responseIf>
</responseCondition>
<responseCondition>
<responseIf>
<lt>
<variable identifier="SCORE_RESPONSE_1"/>
<variable identifier="MINSCORE_RESPONSE_1"/>
</lt>
<setOutcomeValue identifier="SCORE_RESPONSE_1">
<variable identifier="MINSCORE_RESPONSE_1"/>
</setOutcomeValue>
</responseIf>
</responseCondition>
<setOutcomeValue identifier="SCORE">
<sum>
<variable identifier="SCORE_RESPONSE_1"/>
</sum>
</setOutcomeValue>
<responseCondition>
<responseIf>
<lt>
<variable identifier="SCORE"/>
<variable identifier="MINSCORE"/>
</lt>
<setOutcomeValue identifier="SCORE">
<variable identifier="MINSCORE"/>
</setOutcomeValue>
</responseIf>
</responseCondition>
<responseCondition>
<responseIf>
<lt>
<variable identifier="SCORE"/>
<baseValue baseType="float">1</baseValue>
</lt>
<setOutcomeValue identifier="FEEDBACKMODAL">
<multiple>
<variable identifier="FEEDBACKMODAL"/>
<baseValue baseType="identifier">Feedback398205717</baseValue>
</multiple>
</setOutcomeValue>
</responseIf>
</responseCondition>
</responseProcessing>
<modalFeedback identifier="Feedback398205717" outcomeIdentifier="FEEDBACKMODAL" showHide="show">
<p>The correct answer is 0.701.</p>
</modalFeedback>
</assessmentItem>
