<?xml version="1.0" encoding="UTF-8"?>
<assessmentItem xsi:schemaLocation="http://www.imsglobal.org/xsd/imsqti_v2p1 http://www.imsglobal.org/xsd/qti/qtiv2p1/imsqti_v2p1p1.xsd http://www.w3.org/1998/Math/MathML http://www.w3.org/Math/XMLSchema/mathml2/mathml2.xsd" identifier="vufgb-multilinearregression-016-en-qti_805288002_section_1_item_1_schoice" title="1" adaptive="false" timeDependent="false" xmlns="http://www.imsglobal.org/xsd/imsqti_v2p1" xmlns:xsi="http://www.w3.org/2001/XMLSchema-instance">
<responseDeclaration identifier="vufgb-multilinearregression-016-en-qti_805288002_section_1_item_1_schoice_RESPONSE_1_4932696" cardinality="single" baseType="identifier">
<correctResponse>
<value>vufgb-multilinearregression-016-en-qti_805288002_section_1_item_1_schoice_2_7550671637</value>
</correctResponse>
<mapping defaultValue="0" lowerBound="0.0">
<mapEntry mapKey="vufgb-multilinearregression-016-en-qti_805288002_section_1_item_1_schoice_1_7654453662" mappedValue="0"/>
<mapEntry mapKey="vufgb-multilinearregression-016-en-qti_805288002_section_1_item_1_schoice_2_7550671637" mappedValue="1"/>
<mapEntry mapKey="vufgb-multilinearregression-016-en-qti_805288002_section_1_item_1_schoice_3_6655754926" mappedValue="0"/>
<mapEntry mapKey="vufgb-multilinearregression-016-en-qti_805288002_section_1_item_1_schoice_4_7127626553" mappedValue="0"/>
</mapping>
</responseDeclaration>
<outcomeDeclaration identifier="SCORE" cardinality="single" baseType="float" normalMaximum="1" normalMinimum="0">
<defaultValue>
<value>0.0</value>
</defaultValue>
</outcomeDeclaration>
<outcomeDeclaration identifier="MAXSCORE" cardinality="single" baseType="float">
<defaultValue>
<value>1</value>
</defaultValue>
</outcomeDeclaration>
<outcomeDeclaration identifier="FEEDBACKBASIC" cardinality="single" baseType="identifier" view="testConstructor">
<defaultValue>
<value>empty</value>
</defaultValue>
</outcomeDeclaration>
<outcomeDeclaration identifier="FEEDBACKMODAL" cardinality="multiple" baseType="identifier" view="testConstructor"/>
<outcomeDeclaration identifier="SOLUTIONMODAL" cardinality="single" baseType="identifier" view="testConstructor"/>
<outcomeDeclaration identifier="MINSCORE" cardinality="single" baseType="float">
<defaultValue>
<value baseType="float">0</value>
</defaultValue>
</outcomeDeclaration>
<outcomeDeclaration identifier="SCORE_RESPONSE_1" cardinality="single" baseType="float">
<defaultValue>
<value>0.0</value>
</defaultValue>
</outcomeDeclaration>
<outcomeDeclaration identifier="MINSCORE_RESPONSE_1" cardinality="single" baseType="float">
<defaultValue>
<value>0.0</value>
</defaultValue>
</outcomeDeclaration>
<itemBody>
<p>A selection psychologist has data on numeracy, motivation and performance from a group of supermarket employees. What analysis technique can he best use to determine the effect of numeracy on performance while holding motivation constant?</p>
<choiceInteraction responseIdentifier="vufgb-multilinearregression-016-en-qti_805288002_section_1_item_1_schoice_RESPONSE_1_4932696" shuffle="false" maxChoices="1">
<simpleChoice identifier="vufgb-multilinearregression-016-en-qti_805288002_section_1_item_1_schoice_1_7654453662">
<p>
 Single regression
</p>
</simpleChoice>
<simpleChoice identifier="vufgb-multilinearregression-016-en-qti_805288002_section_1_item_1_schoice_2_7550671637">
<p>
 Multiple regression
</p>
</simpleChoice>
<simpleChoice identifier="vufgb-multilinearregression-016-en-qti_805288002_section_1_item_1_schoice_3_6655754926">
<p>
 Two-way ANOVA
</p>
</simpleChoice>
<simpleChoice identifier="vufgb-multilinearregression-016-en-qti_805288002_section_1_item_1_schoice_4_7127626553">
<p>
 ANCOVA
</p>
</simpleChoice>
</choiceInteraction>
</itemBody>
<responseProcessing>
<setOutcomeValue identifier="SCORE_RESPONSE_1">
<sum>
<variable identifier="SCORE_RESPONSE_1"/>
<mapResponse identifier="vufgb-multilinearregression-016-en-qti_805288002_section_1_item_1_schoice_RESPONSE_1_4932696"/>
</sum>
</setOutcomeValue>
<responseCondition>
<responseIf>
<lt>
<variable identifier="SCORE_RESPONSE_1"/>
<variable identifier="MINSCORE_RESPONSE_1"/>
</lt>
<setOutcomeValue identifier="SCORE_RESPONSE_1">
<variable identifier="MINSCORE_RESPONSE_1"/>
</setOutcomeValue>
</responseIf>
</responseCondition>
<responseCondition>
<responseIf>
<isNull>
<variable identifier="vufgb-multilinearregression-016-en-qti_805288002_section_1_item_1_schoice_RESPONSE_1_4932696"/>
</isNull>
<setOutcomeValue identifier="SCORE_RESPONSE_1">
<sum>
<variable identifier="SCORE_RESPONSE_1"/>
<baseValue baseType="float">0</baseValue>
</sum>
</setOutcomeValue>
</responseIf>
</responseCondition>
<setOutcomeValue identifier="SCORE">
<sum>
<variable identifier="SCORE_RESPONSE_1"/>
</sum>
</setOutcomeValue>
<responseCondition>
<responseIf>
<lt>
<variable identifier="SCORE"/>
<variable identifier="MINSCORE"/>
</lt>
<setOutcomeValue identifier="SCORE">
<variable identifier="MINSCORE"/>
</setOutcomeValue>
</responseIf>
</responseCondition>
<responseCondition>
<responseIf>
<lt>
<variable identifier="SCORE"/>
<baseValue baseType="float">1</baseValue>
</lt>
<setOutcomeValue identifier="FEEDBACKMODAL">
<multiple>
<variable identifier="FEEDBACKMODAL"/>
<baseValue baseType="identifier">Feedback177488138</baseValue>
</multiple>
</setOutcomeValue>
</responseIf>
</responseCondition>
</responseProcessing>
<modalFeedback identifier="Feedback177488138" outcomeIdentifier="FEEDBACKMODAL" showHide="show">
<ul>
<li> Single regression <br /> Incorrect </li>
<li> Multiple regression <br /> Correct </li>
<li> Two-way ANOVA <br /> Incorrect </li>
<li> ANCOVA <br /> Incorrect </li>
</ul>
</modalFeedback>
</assessmentItem>
