<?xml version="1.0" encoding="utf-8" standalone="yes"?>
<assessmentItem identifier="vufgb-scatterplot-001-en-tv_202209061504_item_1_schoice" title="vufgb-scatterplot-001-en-tv_202209061504_item_1_schoice_vufgb-scatterplot-001-en" adaptive="false" timeDependent="false" toolName="Testvision Online" toolVersion="39.0.9084" xmlns="http://www.imsglobal.org/xsd/imsqti_v2p1">
<responseDeclaration identifier="RESPONSE" cardinality="single" baseType="identifier">
<correctResponse>
<value>alt_914661</value>
</correctResponse>
<mapping defaultValue="0" lowerBound="0.0">
<mapEntry mapKey="alt_132104" mappedValue="-0.333333333333333"/>
<mapEntry mapKey="alt_254037" mappedValue="-0.333333333333333"/>
<mapEntry mapKey="alt_914661" mappedValue="1"/>
<mapEntry mapKey="alt_418304" mappedValue="-0.333333333333333"/>
</mapping>
</responseDeclaration>
<outcomeDeclaration identifier="SCORE" cardinality="single" baseType="float" normalMaximum="1" normalMinimum="0" />
<outcomeDeclaration identifier="FEEDBACK" cardinality="single" baseType="identifier" />
<itemBody>
<p>A scatterplot with fitted regression line depicts the linear association between Attention and Performance. Study the observation indicated by the arrow and complete the following sentence. The residual of this observation is _____ and contributes relatively ___ to the residual sum of squares <em>SSE</em>.</p>
<p><img src="mediafiles/supplements1/vufgb-scatterplot-001-en-graph-01.png" alt="image"/></p>
<choiceInteraction responseIdentifier="RESPONSE" shuffle="false" maxChoices="1">
<simpleChoice identifier="alt_132104">
<div class="textblock tvblock tvcss_1"><div class="rte_zone tveditor1">
a. Positive ; Strongly.
</div>
</div>
</simpleChoice>
<simpleChoice identifier="alt_254037">
<div class="textblock tvblock tvcss_1"><div class="rte_zone tveditor1">
b. Positive ; Weakly.
</div>
</div>
</simpleChoice>
<simpleChoice identifier="alt_914661">
<div class="textblock tvblock tvcss_1"><div class="rte_zone tveditor1">
c. Negative ; Strongly.
</div>
</div>
</simpleChoice>
<simpleChoice identifier="alt_418304">
<div class="textblock tvblock tvcss_1"><div class="rte_zone tveditor1">
d. Negative ; Weakly.
</div>
</div>
</simpleChoice>
</choiceInteraction>
</itemBody>
<responseProcessing>
<responseCondition>
<responseIf>
<isNull>
<variable identifier="RESPONSE"/>
</isNull>
<setOutcomeValue identifier="SCORE">
<baseValue baseType="float">0.0</baseValue>
</setOutcomeValue>
<setOutcomeValue identifier="FEEDBACK">
<baseValue baseType="identifier">FAILURE</baseValue>
</setOutcomeValue>
</responseIf>
<responseElse>
<setOutcomeValue identifier="SCORE">
<mapResponse identifier="RESPONSE"/>
</setOutcomeValue>
<responseCondition>
<responseIf>
<equal toleranceMode="relative" tolerance="0.001">
<variable identifier="SCORE"/>
<variable identifier="MAXSCORE"/>
</equal>
<setOutcomeValue identifier="FEEDBACK">
<baseValue baseType="identifier">ANSWER_CORRECT</baseValue>
</setOutcomeValue>
</responseIf>
<responseElse>
<setOutcomeValue identifier="FEEDBACK">
<baseValue baseType="identifier">FAILURE</baseValue>
</setOutcomeValue>
</responseElse>
</responseCondition>
</responseElse>
</responseCondition>
</responseProcessing>
<modalFeedback identifier="FAILURE" outcomeIdentifier="FEEDBACK" showHide="show">
<div class="textblock tvblock tvcss_1"><div class="rte_zone tveditor1">
<ol>
<li> Positive ; Strongly. <br /> Incorrect </li>
<li> Positive ; Weakly. <br /> Incorrect </li>
<li> Negative ; Strongly. <br /> Correct </li>
<li> Negative ; Weakly. <br /> Incorrect </li>
</ol>
</div>
</div>
</modalFeedback>
<modalFeedback identifier="ANSWER_CORRECT" outcomeIdentifier="FEEDBACK" showHide="show">
<div class="textblock tvblock tvcss_1"><div class="rte_zone tveditor1">
<ol>
<li> Positive ; Strongly. <br /> Incorrect </li>
<li> Positive ; Weakly. <br /> Incorrect </li>
<li> Negative ; Strongly. <br /> Correct </li>
<li> Negative ; Weakly. <br /> Incorrect </li>
</ol>
</div>
</div>
</modalFeedback>
<modalFeedback identifier="PARTIAL_CORRECT" outcomeIdentifier="FEEDBACK" showHide="show">
<div class="textblock tvblock tvcss_1"><div class="rte_zone tveditor1">
<ol>
<li> Positive ; Strongly. <br /> Incorrect </li>
<li> Positive ; Weakly. <br /> Incorrect </li>
<li> Negative ; Strongly. <br /> Correct </li>
<li> Negative ; Weakly. <br /> Incorrect </li>
</ol>
</div>
</div>
</modalFeedback>
</assessmentItem>
