<?xml version="1.0" encoding="UTF-8"?>
<assessmentItem xsi:schemaLocation="http://www.imsglobal.org/xsd/imsqti_v2p1 http://www.imsglobal.org/xsd/qti/qtiv2p1/imsqti_v2p1p1.xsd http://www.w3.org/1998/Math/MathML http://www.w3.org/Math/XMLSchema/mathml2/mathml2.xsd" identifier="vufgb-samplingdistributions-009-nl-qti_165998372_section_1_item_1_schoice" title="1" adaptive="false" timeDependent="false" xmlns="http://www.imsglobal.org/xsd/imsqti_v2p1" xmlns:xsi="http://www.w3.org/2001/XMLSchema-instance">
<responseDeclaration identifier="vufgb-samplingdistributions-009-nl-qti_165998372_section_1_item_1_schoice_RESPONSE_1_8459595" cardinality="single" baseType="identifier">
<correctResponse>
<value>vufgb-samplingdistributions-009-nl-qti_165998372_section_1_item_1_schoice_3_2699084735</value>
</correctResponse>
<mapping defaultValue="0" lowerBound="0.0">
<mapEntry mapKey="vufgb-samplingdistributions-009-nl-qti_165998372_section_1_item_1_schoice_1_4004711883" mappedValue="0"/>
<mapEntry mapKey="vufgb-samplingdistributions-009-nl-qti_165998372_section_1_item_1_schoice_2_3791575869" mappedValue="0"/>
<mapEntry mapKey="vufgb-samplingdistributions-009-nl-qti_165998372_section_1_item_1_schoice_3_2699084735" mappedValue="1"/>
<mapEntry mapKey="vufgb-samplingdistributions-009-nl-qti_165998372_section_1_item_1_schoice_4_5535823703" mappedValue="0"/>
</mapping>
</responseDeclaration>
<outcomeDeclaration identifier="SCORE" cardinality="single" baseType="float" normalMaximum="1" normalMinimum="0">
<defaultValue>
<value>0.0</value>
</defaultValue>
</outcomeDeclaration>
<outcomeDeclaration identifier="MAXSCORE" cardinality="single" baseType="float">
<defaultValue>
<value>1</value>
</defaultValue>
</outcomeDeclaration>
<outcomeDeclaration identifier="FEEDBACKBASIC" cardinality="single" baseType="identifier" view="testConstructor">
<defaultValue>
<value>empty</value>
</defaultValue>
</outcomeDeclaration>
<outcomeDeclaration identifier="FEEDBACKMODAL" cardinality="multiple" baseType="identifier" view="testConstructor"/>
<outcomeDeclaration identifier="SOLUTIONMODAL" cardinality="single" baseType="identifier" view="testConstructor"/>
<outcomeDeclaration identifier="MINSCORE" cardinality="single" baseType="float">
<defaultValue>
<value baseType="float">0</value>
</defaultValue>
</outcomeDeclaration>
<outcomeDeclaration identifier="SCORE_RESPONSE_1" cardinality="single" baseType="float">
<defaultValue>
<value>0.0</value>
</defaultValue>
</outcomeDeclaration>
<outcomeDeclaration identifier="MINSCORE_RESPONSE_1" cardinality="single" baseType="float">
<defaultValue>
<value>0.0</value>
</defaultValue>
</outcomeDeclaration>
<itemBody>
<p>Vul in:</p>
<p>De standaardfout is …I… bij een grotere steekproef.</p>
<p>Een maat voor de standaarddeviatie van de steekproefgrootheid wordt …II… genoemd.</p>
<choiceInteraction responseIdentifier="vufgb-samplingdistributions-009-nl-qti_165998372_section_1_item_1_schoice_RESPONSE_1_8459595" shuffle="false" maxChoices="1">
<simpleChoice identifier="vufgb-samplingdistributions-009-nl-qti_165998372_section_1_item_1_schoice_1_4004711883">
<p>
 <ul>
<li>I: <strong>kleiner</strong>, II: parameter</li>
</ul>
</p>
</simpleChoice>
<simpleChoice identifier="vufgb-samplingdistributions-009-nl-qti_165998372_section_1_item_1_schoice_2_3791575869">
<p>
 I: <strong>groter</strong>, II: parameter
</p>
</simpleChoice>
<simpleChoice identifier="vufgb-samplingdistributions-009-nl-qti_165998372_section_1_item_1_schoice_3_2699084735">
<p>
 I: <strong>kleiner</strong>, II: standaardfout
</p>
</simpleChoice>
<simpleChoice identifier="vufgb-samplingdistributions-009-nl-qti_165998372_section_1_item_1_schoice_4_5535823703">
<p>
 I: <strong>groter</strong>, II: standaardfout
</p>
</simpleChoice>
</choiceInteraction>
</itemBody>
<responseProcessing>
<setOutcomeValue identifier="SCORE_RESPONSE_1">
<sum>
<variable identifier="SCORE_RESPONSE_1"/>
<mapResponse identifier="vufgb-samplingdistributions-009-nl-qti_165998372_section_1_item_1_schoice_RESPONSE_1_8459595"/>
</sum>
</setOutcomeValue>
<responseCondition>
<responseIf>
<lt>
<variable identifier="SCORE_RESPONSE_1"/>
<variable identifier="MINSCORE_RESPONSE_1"/>
</lt>
<setOutcomeValue identifier="SCORE_RESPONSE_1">
<variable identifier="MINSCORE_RESPONSE_1"/>
</setOutcomeValue>
</responseIf>
</responseCondition>
<responseCondition>
<responseIf>
<isNull>
<variable identifier="vufgb-samplingdistributions-009-nl-qti_165998372_section_1_item_1_schoice_RESPONSE_1_8459595"/>
</isNull>
<setOutcomeValue identifier="SCORE_RESPONSE_1">
<sum>
<variable identifier="SCORE_RESPONSE_1"/>
<baseValue baseType="float">0</baseValue>
</sum>
</setOutcomeValue>
</responseIf>
</responseCondition>
<setOutcomeValue identifier="SCORE">
<sum>
<variable identifier="SCORE_RESPONSE_1"/>
</sum>
</setOutcomeValue>
<responseCondition>
<responseIf>
<lt>
<variable identifier="SCORE"/>
<variable identifier="MINSCORE"/>
</lt>
<setOutcomeValue identifier="SCORE">
<variable identifier="MINSCORE"/>
</setOutcomeValue>
</responseIf>
</responseCondition>
<responseCondition>
<responseIf>
<lt>
<variable identifier="SCORE"/>
<baseValue baseType="float">1</baseValue>
</lt>
<setOutcomeValue identifier="FEEDBACKMODAL">
<multiple>
<variable identifier="FEEDBACKMODAL"/>
<baseValue baseType="identifier">Feedback350549175</baseValue>
</multiple>
</setOutcomeValue>
</responseIf>
</responseCondition>
</responseProcessing>
<modalFeedback identifier="Feedback350549175" outcomeIdentifier="FEEDBACKMODAL" showHide="show">
<ul>
<li> <ul>
<li>I: <strong>kleiner</strong>, II: parameter</li>
</ul> <br /> <ul>
<li>Incorrect</li>
</ul> </li>
<li> I: <strong>groter</strong>, II: parameter <br /> Incorrect </li>
<li> I: <strong>kleiner</strong>, II: standaardfout <br /> Correct </li>
<li> I: <strong>groter</strong>, II: standaardfout <br /> Incorrect </li>
</ul>
</modalFeedback>
</assessmentItem>
