<?xml version="1.0" encoding="UTF-8"?>
<assessmentItem xsi:schemaLocation="http://www.imsglobal.org/xsd/imsqti_v2p1 http://www.imsglobal.org/xsd/qti/qtiv2p1/imsqti_v2p1p1.xsd http://www.w3.org/1998/Math/MathML http://www.w3.org/Math/XMLSchema/mathml2/mathml2.xsd" identifier="vufsw-cronbach'salpha-0090-en-qti_751088123_section_1_item_1_schoice" title="1" adaptive="false" timeDependent="false" xmlns="http://www.imsglobal.org/xsd/imsqti_v2p1" xmlns:xsi="http://www.w3.org/2001/XMLSchema-instance">
<responseDeclaration identifier="vufsw-cronbach'salpha-0090-en-qti_751088123_section_1_item_1_schoice_RESPONSE_1_9510060" cardinality="single" baseType="identifier">
<correctResponse>
<value>vufsw-cronbach'salpha-0090-en-qti_751088123_section_1_item_1_schoice_1_5544020012</value>
</correctResponse>
<mapping defaultValue="0" lowerBound="0.0">
<mapEntry mapKey="vufsw-cronbach&apos;salpha-0090-en-qti_751088123_section_1_item_1_schoice_1_5544020012" mappedValue="1"/>
<mapEntry mapKey="vufsw-cronbach&apos;salpha-0090-en-qti_751088123_section_1_item_1_schoice_2_7599695602" mappedValue="0"/>
<mapEntry mapKey="vufsw-cronbach&apos;salpha-0090-en-qti_751088123_section_1_item_1_schoice_3_5188547966" mappedValue="0"/>
<mapEntry mapKey="vufsw-cronbach&apos;salpha-0090-en-qti_751088123_section_1_item_1_schoice_4_4565592423" mappedValue="0"/>
</mapping>
</responseDeclaration>
<outcomeDeclaration identifier="SCORE" cardinality="single" baseType="float" normalMaximum="1" normalMinimum="0">
<defaultValue>
<value>0.0</value>
</defaultValue>
</outcomeDeclaration>
<outcomeDeclaration identifier="MAXSCORE" cardinality="single" baseType="float">
<defaultValue>
<value>1</value>
</defaultValue>
</outcomeDeclaration>
<outcomeDeclaration identifier="FEEDBACKBASIC" cardinality="single" baseType="identifier" view="testConstructor">
<defaultValue>
<value>empty</value>
</defaultValue>
</outcomeDeclaration>
<outcomeDeclaration identifier="FEEDBACKMODAL" cardinality="multiple" baseType="identifier" view="testConstructor"/>
<outcomeDeclaration identifier="MINSCORE" cardinality="single" baseType="float">
<defaultValue>
<value baseType="float">0</value>
</defaultValue>
</outcomeDeclaration>
<outcomeDeclaration identifier="SCORE_RESPONSE_1" cardinality="single" baseType="float">
<defaultValue>
<value>0.0</value>
</defaultValue>
</outcomeDeclaration>
<outcomeDeclaration identifier="MINSCORE_RESPONSE_1" cardinality="single" baseType="float">
<defaultValue>
<value>0.0</value>
</defaultValue>
</outcomeDeclaration>
<itemBody>
<p>A researcher conducted a regression analysis to predict a person’s
interest in politics (Y) based on how often a person reads news articles
(X) per week. Political interest was measured using a scale ranging from
1 (‘not at all interested’) to 10 (‘very interested’). The formula
associated with the regression line is at the bottom of the question.</p>
<p>For the measurement of political interest, the researcher has developed
a scale consisting of 10 items. She wants to know whether this is a
reliable scale. She finds that in a random sample of 231 respondents,
the average correlation between the items is 0.512. If we assume that
the variances of the 10 items are the same, how high is the Cronbach’s
Alpha? </p>
<p><img src="Screenshot__2021-02-13__at__12.28.08.png"
class="fr-fic fr-dii tvcss_2" alt="Screenshot 2021-02-13 at 12.28.08" /></p>
<choiceInteraction responseIdentifier="vufsw-cronbach'salpha-0090-en-qti_751088123_section_1_item_1_schoice_RESPONSE_1_9510060" shuffle="false" maxChoices="1">
<simpleChoice identifier="vufsw-cronbach'salpha-0090-en-qti_751088123_section_1_item_1_schoice_1_5544020012">
<p>
 0,913
</p>
</simpleChoice>
<simpleChoice identifier="vufsw-cronbach'salpha-0090-en-qti_751088123_section_1_item_1_schoice_2_7599695602">
<p>
 0,888
</p>
</simpleChoice>
<simpleChoice identifier="vufsw-cronbach'salpha-0090-en-qti_751088123_section_1_item_1_schoice_3_5188547966">
<p>
 0,837
</p>
</simpleChoice>
<simpleChoice identifier="vufsw-cronbach'salpha-0090-en-qti_751088123_section_1_item_1_schoice_4_4565592423">
<p>
 0,996
</p>
</simpleChoice>
</choiceInteraction>
</itemBody>
<responseProcessing>
<responseCondition>
<responseIf>
<isNull>
<variable identifier="vufsw-cronbach'salpha-0090-en-qti_751088123_section_1_item_1_schoice_RESPONSE_1_9510060"/>
</isNull>
<setOutcomeValue identifier="SCORE_RESPONSE_1">
<sum>
<variable identifier="SCORE_RESPONSE_1"/>
<baseValue baseType="float">0</baseValue>
</sum>
</setOutcomeValue>
</responseIf>
</responseCondition>
<setOutcomeValue identifier="SCORE_RESPONSE_1">
<sum>
<variable identifier="SCORE_RESPONSE_1"/>
<mapResponse identifier="vufsw-cronbach'salpha-0090-en-qti_751088123_section_1_item_1_schoice_RESPONSE_1_9510060"/>
</sum>
</setOutcomeValue>
<responseCondition>
<responseIf>
<lt>
<variable identifier="SCORE_RESPONSE_1"/>
<variable identifier="MINSCORE_RESPONSE_1"/>
</lt>
<setOutcomeValue identifier="SCORE_RESPONSE_1">
<variable identifier="MINSCORE_RESPONSE_1"/>
</setOutcomeValue>
</responseIf>
</responseCondition>
<setOutcomeValue identifier="SCORE">
<sum>
<variable identifier="SCORE_RESPONSE_1"/>
</sum>
</setOutcomeValue>
<responseCondition>
<responseIf>
<lt>
<variable identifier="SCORE"/>
<variable identifier="MINSCORE"/>
</lt>
<setOutcomeValue identifier="SCORE">
<variable identifier="MINSCORE"/>
</setOutcomeValue>
</responseIf>
</responseCondition>
<responseCondition>
<responseIf>
<lt>
<variable identifier="SCORE"/>
<baseValue baseType="float">1</baseValue>
</lt>
<setOutcomeValue identifier="FEEDBACKMODAL">
<multiple>
<variable identifier="FEEDBACKMODAL"/>
<baseValue baseType="identifier">Feedback401238026</baseValue>
</multiple>
</setOutcomeValue>
</responseIf>
</responseCondition>
</responseProcessing>
<modalFeedback identifier="Feedback401238026" outcomeIdentifier="FEEDBACKMODAL" showHide="show">
 0,913 <br /> True 
 0,888 <br /> False 
 0,837 <br /> False 
 0,996 <br /> False 
</modalFeedback>
</assessmentItem>
