<?xml version="1.0" encoding="UTF-8"?>
<assessmentItem xsi:schemaLocation="http://www.imsglobal.org/xsd/imsqti_v2p1 http://www.imsglobal.org/xsd/qti/qtiv2p1/imsqti_v2p1p1.xsd http://www.w3.org/1998/Math/MathML http://www.w3.org/Math/XMLSchema/mathml2/mathml2.xsd" identifier="uva-random-variables-265-nl-qti_553181871_section_1_item_1_schoice" title="1" adaptive="false" timeDependent="false" xmlns="http://www.imsglobal.org/xsd/imsqti_v2p1" xmlns:xsi="http://www.w3.org/2001/XMLSchema-instance">
<responseDeclaration identifier="uva-random-variables-265-nl-qti_553181871_section_1_item_1_schoice_RESPONSE_1_4041712" cardinality="single" baseType="identifier">
<correctResponse>
<value>uva-random-variables-265-nl-qti_553181871_section_1_item_1_schoice_4_1602159122</value>
</correctResponse>
<mapping defaultValue="0" lowerBound="0.0">
<mapEntry mapKey="uva-random-variables-265-nl-qti_553181871_section_1_item_1_schoice_1_1667261028" mappedValue="0"/>
<mapEntry mapKey="uva-random-variables-265-nl-qti_553181871_section_1_item_1_schoice_2_9164529947" mappedValue="0"/>
<mapEntry mapKey="uva-random-variables-265-nl-qti_553181871_section_1_item_1_schoice_3_1621862572" mappedValue="0"/>
<mapEntry mapKey="uva-random-variables-265-nl-qti_553181871_section_1_item_1_schoice_4_1602159122" mappedValue="1"/>
</mapping>
</responseDeclaration>
<outcomeDeclaration identifier="SCORE" cardinality="single" baseType="float" normalMaximum="1" normalMinimum="0">
<defaultValue>
<value>0.0</value>
</defaultValue>
</outcomeDeclaration>
<outcomeDeclaration identifier="MAXSCORE" cardinality="single" baseType="float">
<defaultValue>
<value>1</value>
</defaultValue>
</outcomeDeclaration>
<outcomeDeclaration identifier="FEEDBACKBASIC" cardinality="single" baseType="identifier" view="testConstructor">
<defaultValue>
<value>empty</value>
</defaultValue>
</outcomeDeclaration>
<outcomeDeclaration identifier="FEEDBACKMODAL" cardinality="multiple" baseType="identifier" view="testConstructor"/>
<outcomeDeclaration identifier="SOLUTIONMODAL" cardinality="single" baseType="identifier" view="testConstructor"/>
<outcomeDeclaration identifier="MINSCORE" cardinality="single" baseType="float">
<defaultValue>
<value baseType="float">0</value>
</defaultValue>
</outcomeDeclaration>
<outcomeDeclaration identifier="SCORE_RESPONSE_1" cardinality="single" baseType="float">
<defaultValue>
<value>0.0</value>
</defaultValue>
</outcomeDeclaration>
<outcomeDeclaration identifier="MINSCORE_RESPONSE_1" cardinality="single" baseType="float">
<defaultValue>
<value>0.0</value>
</defaultValue>
</outcomeDeclaration>
<itemBody>
<p>Van 60 personen is gedurende een maand bijgehouden hoeveel sigaretten
zij (afgerond) dagelijks roken. De resultaten staan in onderstaande
frequentietabel</p>
<table>
<tbody>
<tr class="odd">
<td align="left">Sigaretten</td>
<td align="left">0</td>
<td align="left">1</td>
<td align="left">2</td>
<td align="left">3</td>
<td align="left">4</td>
<td align="left">5</td>
<td align="left">7</td>
<td align="left">10</td>
<td align="left">12</td>
<td align="left">15</td>
<td align="left">20</td>
<td align="left">30</td>
<td align="left">Totaal</td>
</tr>
<tr class="even">
<td align="left">Frequentie</td>
<td align="left">36</td>
<td align="left">4</td>
<td align="left">3</td>
<td align="left">3</td>
<td align="left">4</td>
<td align="left">2</td>
<td align="left">1</td>
<td align="left">2</td>
<td align="left">1</td>
<td align="left">2</td>
<td align="left">1</td>
<td align="left">1</td>
<td align="left">60</td>
</tr>
</tbody>
</table>
<p>Als we uit deze groep 2 personen trekken (met teruglegging) dan is de
kans dat minstens één van beiden een roker is (dus gemiddeld 1 of meer
sigaretten per dag rookt) gelijk aan</p>
<choiceInteraction responseIdentifier="uva-random-variables-265-nl-qti_553181871_section_1_item_1_schoice_RESPONSE_1_4041712" shuffle="false" maxChoices="1">
<simpleChoice identifier="uva-random-variables-265-nl-qti_553181871_section_1_item_1_schoice_1_1667261028">
<p>
 0.16
</p>
</simpleChoice>
<simpleChoice identifier="uva-random-variables-265-nl-qti_553181871_section_1_item_1_schoice_2_9164529947">
<p>
 0.36
</p>
</simpleChoice>
<simpleChoice identifier="uva-random-variables-265-nl-qti_553181871_section_1_item_1_schoice_3_1621862572">
<p>
 0.48
</p>
</simpleChoice>
<simpleChoice identifier="uva-random-variables-265-nl-qti_553181871_section_1_item_1_schoice_4_1602159122">
<p>
 0.64
</p>
</simpleChoice>
</choiceInteraction>
</itemBody>
<responseProcessing>
<setOutcomeValue identifier="SCORE_RESPONSE_1">
<sum>
<variable identifier="SCORE_RESPONSE_1"/>
<mapResponse identifier="uva-random-variables-265-nl-qti_553181871_section_1_item_1_schoice_RESPONSE_1_4041712"/>
</sum>
</setOutcomeValue>
<responseCondition>
<responseIf>
<lt>
<variable identifier="SCORE_RESPONSE_1"/>
<variable identifier="MINSCORE_RESPONSE_1"/>
</lt>
<setOutcomeValue identifier="SCORE_RESPONSE_1">
<variable identifier="MINSCORE_RESPONSE_1"/>
</setOutcomeValue>
</responseIf>
</responseCondition>
<responseCondition>
<responseIf>
<isNull>
<variable identifier="uva-random-variables-265-nl-qti_553181871_section_1_item_1_schoice_RESPONSE_1_4041712"/>
</isNull>
<setOutcomeValue identifier="SCORE_RESPONSE_1">
<sum>
<variable identifier="SCORE_RESPONSE_1"/>
<baseValue baseType="float">0</baseValue>
</sum>
</setOutcomeValue>
</responseIf>
</responseCondition>
<setOutcomeValue identifier="SCORE">
<sum>
<variable identifier="SCORE_RESPONSE_1"/>
</sum>
</setOutcomeValue>
<responseCondition>
<responseIf>
<lt>
<variable identifier="SCORE"/>
<variable identifier="MINSCORE"/>
</lt>
<setOutcomeValue identifier="SCORE">
<variable identifier="MINSCORE"/>
</setOutcomeValue>
</responseIf>
</responseCondition>
<responseCondition>
<responseIf>
<lt>
<variable identifier="SCORE"/>
<baseValue baseType="float">1</baseValue>
</lt>
<setOutcomeValue identifier="FEEDBACKMODAL">
<multiple>
<variable identifier="FEEDBACKMODAL"/>
<baseValue baseType="identifier">Feedback646518295</baseValue>
</multiple>
</setOutcomeValue>
</responseIf>
</responseCondition>
</responseProcessing>
<modalFeedback identifier="Feedback646518295" outcomeIdentifier="FEEDBACKMODAL" showHide="show">
<ul>
<li> 0.16 <br /> 0.16: Incorrect </li>
<li> 0.36 <br /> 0.36: Incorrect </li>
<li> 0.48 <br /> 0.48: Incorrect </li>
<li> 0.64 <br /> 0.64: Correct </li>
</ul>
</modalFeedback>
</assessmentItem>
