<?xml version="1.0" encoding="UTF-8"?>
<!DOCTYPE questestinterop SYSTEM "ims_qtiasiv1p2p1.dtd">

<questestinterop xmlns="http://www.imsglobal.org/xsd/ims_qtiasiv1p2" xmlns:xsi="http://www.w3.org/2001/XMLSchema-instance" xsi:schemaLocation="http://www.imsglobal.org/xsd/ims_qtiasiv1p2 http://www.imsglobal.org/xsd/ims_qtiasiv1p2p1.xsd">
<assessment ident="vufsw-mixeddesignanova-0322-nl-canvas_176915113" title="vufsw-mixeddesignanova-0322-nl-canvas">

<qtimetadata>
<qtimetadatafield>
<fieldlabel>cc_maxattempts</fieldlabel>
<fieldentry>1</fieldentry>
</qtimetadatafield>
<qtimetadatafield>
<fieldlabel>qmd_assessmenttype</fieldlabel>
<fieldentry>Assessment</fieldentry>
</qtimetadatafield>
</qtimetadata>
<objectives>
<material>
<mattext><![CDATA[Please solve the following exercises.]]></mattext>
</material>
</objectives>
<assessmentcontrol feedbackswitch="No" hintswitch="No" solutionswitch="Yes"/>
<outcomes_processing scoremodel="SumOfScores">
<outcomes>
<decvar varname="SCORE" vartype="Decimal" cutvalue="0"/>
</outcomes>
</outcomes_processing>
<assessfeedback title="AssessmentFeedback" ident="AssessmentFeedback">
<flow_mat>
<material>
<mattext>##AssessmentFeedback##</mattext>
</material>
</flow_mat>
</assessfeedback>

<section ident="vufsw-mixeddesignanova-0322-nl-canvas_176915113_section_1" title="Exercise">

<objectives>
<material>
<mattext><![CDATA[Please answer the following question.]]></mattext>
</material>
</objectives>
<selection_ordering>
<selection>
<selection_number>1</selection_number>
<selection_extension>
<points_per_item>1</points_per_item>
</selection_extension>
</selection>
<order order_type="Random"/>
</selection_ordering>

<item ident="vufsw-mixeddesignanova-0322-nl-canvas_176915113_section_1_item_1_schoice" title="Question" maxattempts="1">
<itemcontrol feedbackswitch="No" hintswitch="No" solutionswitch="Yes"/>
<itemmetadata>
<qtimetadata>
<qtimetadatafield>
<fieldlabel>question_type</fieldlabel>
<fieldentry>multiple_choice_question</fieldentry>
</qtimetadatafield>
</qtimetadata>
</itemmetadata>
<presentation>
<flow>
<material>
<matbreak/>
<mattext texttype="text/html" charset="utf-8"><![CDATA[
<p>In een onderzoek naar positieve resultaten van een mindfulness training,
willen onderzoekers nagaan in hoeverre het licht in de ruimte en de duur
van de training van invloed zijn op hoe mensen de training beoordelen.
Daarnaast zijn zij benieuwd of deze effecten afhangen van het geslacht
van de proefpersonen. Om dit te onderzoeken geven de onderzoekers 9
weken lang een mindfulness training aan proefpersonen, iedere avond met
een ander licht in de ruimte en met een andere duur van de training. De
maten van de verschillende soorten licht zijn donker, medium en licht,
en de duur van de trainingen zijn kort (1), midden (2) en lang (3). De
proefpersonen moesten na elke training een cijfer geven over hoe ze de
training hadden ervaren. Welke analysemethode kunnen onderzoekers het
best gebruiken?</p>
]]></mattext>
<matbreak/>
</material>
<response_lid ident="vufsw-mixeddesignanova-0322-nl-canvas_176915113_section_1_item_1_schoice_RESPONSE_5947413" rcardinality="Single" rtiming="No">
<render_choice shuffle="No">
<flow_label class="List">
<response_label ident="vufsw-mixeddesignanova-0322-nl-canvas_176915113_section_1_item_1_schoice_2877829634" rshuffle="No">
<material>
<mattext texttype="text/html" charset="utf-8"><![CDATA[
 Mixed design ANOVA met licht en duur als within variables en geslacht als between variable
]]></mattext>
</material>
</response_label>
</flow_label>
<flow_label class="List">
<response_label ident="vufsw-mixeddesignanova-0322-nl-canvas_176915113_section_1_item_1_schoice_3762168038" rshuffle="No">
<material>
<mattext texttype="text/html" charset="utf-8"><![CDATA[
 Mixed design ANOVA met licht en geslacht als within variables en duur als between variable
]]></mattext>
</material>
</response_label>
</flow_label>
<flow_label class="List">
<response_label ident="vufsw-mixeddesignanova-0322-nl-canvas_176915113_section_1_item_1_schoice_1028813663" rshuffle="No">
<material>
<mattext texttype="text/html" charset="utf-8"><![CDATA[
 Repeated Measures ANOVA met licht en duur als within variables
]]></mattext>
</material>
</response_label>
</flow_label>
<flow_label class="List">
<response_label ident="vufsw-mixeddesignanova-0322-nl-canvas_176915113_section_1_item_1_schoice_9687877520" rshuffle="No">
<material>
<mattext texttype="text/html" charset="utf-8"><![CDATA[
 Repeated Measures ANOVA met licht,  duur en geslacht als within variables
]]></mattext>
</material>
</response_label>
</flow_label>
</render_choice>
</response_lid>
</flow>
</presentation>
<resprocessing>
<outcomes>
<decvar varname="SCORE" vartype="Decimal" defaultval="0" minvalue="0" maxvalue="1" cutvalue="1"/>
</outcomes>
<respcondition title="Mastery" continue="No">
<conditionvar>
<and>
<varequal respident="vufsw-mixeddesignanova-0322-nl-canvas_176915113_section_1_item_1_schoice_RESPONSE_5947413" case="Yes">vufsw-mixeddesignanova-0322-nl-canvas_176915113_section_1_item_1_schoice_2877829634</varequal>
<not> <varequal respident="vufsw-mixeddesignanova-0322-nl-canvas_176915113_section_1_item_1_schoice_RESPONSE_5947413" case="Yes">vufsw-mixeddesignanova-0322-nl-canvas_176915113_section_1_item_1_schoice_3762168038</varequal> </not>
<not> <varequal respident="vufsw-mixeddesignanova-0322-nl-canvas_176915113_section_1_item_1_schoice_RESPONSE_5947413" case="Yes">vufsw-mixeddesignanova-0322-nl-canvas_176915113_section_1_item_1_schoice_1028813663</varequal> </not>
<not> <varequal respident="vufsw-mixeddesignanova-0322-nl-canvas_176915113_section_1_item_1_schoice_RESPONSE_5947413" case="Yes">vufsw-mixeddesignanova-0322-nl-canvas_176915113_section_1_item_1_schoice_9687877520</varequal> </not>
</and>
</conditionvar>
<setvar varname="SCORE" action="Set">1</setvar>
<displayfeedback feedbacktype="Response" linkrefid="correct_fb"/>
</respcondition>
<respcondition continue="Yes">
<conditionvar>
<other/>
</conditionvar>
<displayfeedback feedbacktype="Response" linkrefid="general_incorrect_fb"/>
</respcondition>
</resprocessing>
<itemfeedback ident="correct_fb" view="All">
<flow_mat>
<material>
<mattext texttype="text/html"><![CDATA[
<ul>
<li> Mixed design ANOVA met licht en duur als within variables en geslacht als between variable <br /> True </li>
<li> Mixed design ANOVA met licht en geslacht als within variables en duur als between variable <br /> False </li>
<li> Repeated Measures ANOVA met licht en duur als within variables <br /> False </li>
<li> Repeated Measures ANOVA met licht,  duur en geslacht als within variables <br /> False </li>
</ul>
]]></mattext>
</material>
</flow_mat>
</itemfeedback>
<itemfeedback ident="general_incorrect_fb" view="All">
<flow_mat>
<material>
<mattext texttype="text/html"><![CDATA[
<ul>
<li> Mixed design ANOVA met licht en duur als within variables en geslacht als between variable <br /> True </li>
<li> Mixed design ANOVA met licht en geslacht als within variables en duur als between variable <br /> False </li>
<li> Repeated Measures ANOVA met licht en duur als within variables <br /> False </li>
<li> Repeated Measures ANOVA met licht,  duur en geslacht als within variables <br /> False </li>
</ul>
]]></mattext>
</material>
</flow_mat>
</itemfeedback>
</item>


</section>

</assessment>
</questestinterop>
