<?xml version="1.0" encoding="utf-8" standalone="yes"?>
<assessmentItem identifier="vufgb-oddsratio-009-en-tv_202510071723_item_1_schoice" title="vufgb-oddsratio-009-en-tv_202510071723_item_1_schoice_vufgb-oddsratio-009-en" adaptive="false" timeDependent="false" toolName="Testvision Online" toolVersion="39.0.9084" xmlns="http://www.imsglobal.org/xsd/imsqti_v2p1">
<responseDeclaration identifier="RESPONSE" cardinality="single" baseType="identifier">
<correctResponse>
<value>alt_432750</value>
</correctResponse>
<mapping defaultValue="0" lowerBound="0.0">
<mapEntry mapKey="alt_177075" mappedValue="-0.333333333333333"/>
<mapEntry mapKey="alt_525203" mappedValue="-0.333333333333333"/>
<mapEntry mapKey="alt_432750" mappedValue="1"/>
<mapEntry mapKey="alt_499453" mappedValue="-0.333333333333333"/>
</mapping>
</responseDeclaration>
<outcomeDeclaration identifier="SCORE" cardinality="single" baseType="float" normalMaximum="1" normalMinimum="0" />
<outcomeDeclaration identifier="FEEDBACK" cardinality="single" baseType="identifier" />
<stylesheet href="css/vufgb-oddsratio-009-en-tv_202510071723_item_1_schoice.css" type="text/css" />
<itemBody>
<p>The table below is a logistic regression in which the probability of being referred to a “remedial reading class” is predicted based on a reading ability score (“Reading”) and gender.</p>
<p><img src="mediafiles/supplements1/vufgb-oddsratio-009-nl-table01.jpg" alt="image"/></p>
<p>Complete the following statements.</p>
<p>The 95% confidence interval for Reading’s odds ratio contains the value 1 … .</p>
<p>For an identical reading score, the probability of being referred to remedial reading class for girls is … than for boys.</p>
<choiceInteraction responseIdentifier="RESPONSE" shuffle="false" maxChoices="1">
<simpleChoice identifier="alt_177075">
<div class="textblock tvblock tvcss_1"><div class="rte_zone tveditor1">
 Well, smaller
</div>
</div>
</simpleChoice>
<simpleChoice identifier="alt_525203">
<div class="textblock tvblock tvcss_1"><div class="rte_zone tveditor1">
 Yes, larger
</div>
</div>
</simpleChoice>
<simpleChoice identifier="alt_432750">
<div class="textblock tvblock tvcss_1"><div class="rte_zone tveditor1">
 Not, smaller
</div>
</div>
</simpleChoice>
<simpleChoice identifier="alt_499453">
<div class="textblock tvblock tvcss_1"><div class="rte_zone tveditor1">
 Not, larger
</div>
</div>
</simpleChoice>
</choiceInteraction>
</itemBody>
<responseProcessing>
<responseCondition>
<responseIf>
<isNull>
<variable identifier="RESPONSE"/>
</isNull>
<setOutcomeValue identifier="SCORE">
<baseValue baseType="float">0.0</baseValue>
</setOutcomeValue>
<setOutcomeValue identifier="FEEDBACK">
<baseValue baseType="identifier">FAILURE</baseValue>
</setOutcomeValue>
</responseIf>
<responseElse>
<setOutcomeValue identifier="SCORE">
<mapResponse identifier="RESPONSE"/>
</setOutcomeValue>
<responseCondition>
<responseIf>
<equal toleranceMode="relative" tolerance="0.001">
<variable identifier="SCORE"/>
<variable identifier="MAXSCORE"/>
</equal>
<setOutcomeValue identifier="FEEDBACK">
<baseValue baseType="identifier">ANSWER_CORRECT</baseValue>
</setOutcomeValue>
</responseIf>
<responseElse>
<setOutcomeValue identifier="FEEDBACK">
<baseValue baseType="identifier">FAILURE</baseValue>
</setOutcomeValue>
</responseElse>
</responseCondition>
</responseElse>
</responseCondition>
</responseProcessing>
<modalFeedback identifier="FAILURE" outcomeIdentifier="FEEDBACK" showHide="show">
<div class="textblock tvblock tvcss_1"><div class="rte_zone tveditor1">
<ul>
<li> Well, smaller <br /> Incorrect </li>
<li> Yes, larger <br /> Incorrect </li>
<li> Not, smaller <br /> Correct </li>
<li> Not, larger <br /> Incorrect </li>
</ul>
</div>
</div>
</modalFeedback>
<modalFeedback identifier="ANSWER_CORRECT" outcomeIdentifier="FEEDBACK" showHide="show">
<div class="textblock tvblock tvcss_1"><div class="rte_zone tveditor1">
<ul>
<li> Well, smaller <br /> Incorrect </li>
<li> Yes, larger <br /> Incorrect </li>
<li> Not, smaller <br /> Correct </li>
<li> Not, larger <br /> Incorrect </li>
</ul>
</div>
</div>
</modalFeedback>
<modalFeedback identifier="PARTIAL_CORRECT" outcomeIdentifier="FEEDBACK" showHide="show">
<div class="textblock tvblock tvcss_1"><div class="rte_zone tveditor1">
<ul>
<li> Well, smaller <br /> Incorrect </li>
<li> Yes, larger <br /> Incorrect </li>
<li> Not, smaller <br /> Correct </li>
<li> Not, larger <br /> Incorrect </li>
</ul>
</div>
</div>
</modalFeedback>
</assessmentItem>
