<?xml version="1.0" encoding="utf-8" standalone="yes"?>
<assessmentItem identifier="vufgb-oddsratio-005-nl-tv_202307180612_item_1_schoice" title="vufgb-oddsratio-005-nl-tv_202307180612_item_1_schoice_vufgb-oddsratio-005-nl" adaptive="false" timeDependent="false" toolName="Testvision Online" toolVersion="39.0.9084" xmlns="http://www.imsglobal.org/xsd/imsqti_v2p1">
<responseDeclaration identifier="RESPONSE" cardinality="single" baseType="identifier">
<correctResponse>
<value>alt_124094</value>
</correctResponse>
<mapping defaultValue="0" lowerBound="0.0">
<mapEntry mapKey="alt_290362" mappedValue="-0.333333333333333"/>
<mapEntry mapKey="alt_124094" mappedValue="1"/>
<mapEntry mapKey="alt_773328" mappedValue="-0.333333333333333"/>
<mapEntry mapKey="alt_396921" mappedValue="-0.333333333333333"/>
</mapping>
</responseDeclaration>
<outcomeDeclaration identifier="SCORE" cardinality="single" baseType="float" normalMaximum="1" normalMinimum="0" />
<outcomeDeclaration identifier="FEEDBACK" cardinality="single" baseType="identifier" />
<itemBody>
<p>Met behulp van de onderstaande logistische regressie wordt onderzocht of mensen met een Borderline Persoonlijkheidsstoornis (BPS) ook vaker een Antisociale Persoonlijkheidsstoornis (APS) hebben. Bereken met behulp van onderstaande output de odds ratio die dit verband beschrijft.</p>
<p><img src="mediafiles/supplements1/vufgb-oddsratio-005-nl-table01.jpg" alt="image"/></p>
<choiceInteraction responseIdentifier="RESPONSE" shuffle="false" maxChoices="1">
<simpleChoice identifier="alt_290362">
<div class="textblock tvblock tvcss_1"><div class="rte_zone tveditor1">
 0.81
</div>
</div>
</simpleChoice>
<simpleChoice identifier="alt_124094">
<div class="textblock tvblock tvcss_1"><div class="rte_zone tveditor1">
 1.55
</div>
</div>
</simpleChoice>
<simpleChoice identifier="alt_773328">
<div class="textblock tvblock tvcss_1"><div class="rte_zone tveditor1">
 0.44
</div>
</div>
</simpleChoice>
<simpleChoice identifier="alt_396921">
<div class="textblock tvblock tvcss_1"><div class="rte_zone tveditor1">
 2.49
</div>
</div>
</simpleChoice>
</choiceInteraction>
</itemBody>
<responseProcessing>
<responseCondition>
<responseIf>
<isNull>
<variable identifier="RESPONSE"/>
</isNull>
<setOutcomeValue identifier="SCORE">
<baseValue baseType="float">0.0</baseValue>
</setOutcomeValue>
<setOutcomeValue identifier="FEEDBACK">
<baseValue baseType="identifier">FAILURE</baseValue>
</setOutcomeValue>
</responseIf>
<responseElse>
<setOutcomeValue identifier="SCORE">
<mapResponse identifier="RESPONSE"/>
</setOutcomeValue>
<responseCondition>
<responseIf>
<equal toleranceMode="relative" tolerance="0.001">
<variable identifier="SCORE"/>
<variable identifier="MAXSCORE"/>
</equal>
<setOutcomeValue identifier="FEEDBACK">
<baseValue baseType="identifier">ANSWER_CORRECT</baseValue>
</setOutcomeValue>
</responseIf>
<responseElse>
<setOutcomeValue identifier="FEEDBACK">
<baseValue baseType="identifier">FAILURE</baseValue>
</setOutcomeValue>
</responseElse>
</responseCondition>
</responseElse>
</responseCondition>
</responseProcessing>
<modalFeedback identifier="FAILURE" outcomeIdentifier="FEEDBACK" showHide="show">
<div class="textblock tvblock tvcss_1"><div class="rte_zone tveditor1">
 0.81 <br /> Incorrect 
 1.55 <br /> Correct 
 0.44 <br /> Incorrect 
 2.49 <br /> Incorrect 
</div>
</div>
</modalFeedback>
<modalFeedback identifier="ANSWER_CORRECT" outcomeIdentifier="FEEDBACK" showHide="show">
<div class="textblock tvblock tvcss_1"><div class="rte_zone tveditor1">
 0.81 <br /> Incorrect 
 1.55 <br /> Correct 
 0.44 <br /> Incorrect 
 2.49 <br /> Incorrect 
</div>
</div>
</modalFeedback>
<modalFeedback identifier="PARTIAL_CORRECT" outcomeIdentifier="FEEDBACK" showHide="show">
<div class="textblock tvblock tvcss_1"><div class="rte_zone tveditor1">
 0.81 <br /> Incorrect 
 1.55 <br /> Correct 
 0.44 <br /> Incorrect 
 2.49 <br /> Incorrect 
</div>
</div>
</modalFeedback>
</assessmentItem>
