<?xml version="1.0" encoding="UTF-8"?>
<!DOCTYPE questestinterop SYSTEM "ims_qtiasiv1p2p1.dtd">

<questestinterop xmlns="http://www.imsglobal.org/xsd/ims_qtiasiv1p2" xmlns:xsi="http://www.w3.org/2001/XMLSchema-instance" xsi:schemaLocation="http://www.imsglobal.org/xsd/ims_qtiasiv1p2 http://www.imsglobal.org/xsd/ims_qtiasiv1p2p1.xsd">
<assessment ident="uva-correlation-328-nl-canvas_896020793" title="uva-correlation-328-nl-canvas">

<qtimetadata>
<qtimetadatafield>
<fieldlabel>cc_maxattempts</fieldlabel>
<fieldentry>1</fieldentry>
</qtimetadatafield>
<qtimetadatafield>
<fieldlabel>qmd_assessmenttype</fieldlabel>
<fieldentry>Assessment</fieldentry>
</qtimetadatafield>
</qtimetadata>
<objectives>
<material>
<mattext><![CDATA[Please solve the following exercises.]]></mattext>
</material>
</objectives>
<assessmentcontrol feedbackswitch="No" hintswitch="No" solutionswitch="Yes"/>
<outcomes_processing scoremodel="SumOfScores">
<outcomes>
<decvar varname="SCORE" vartype="Decimal" cutvalue="0"/>
</outcomes>
</outcomes_processing>
<assessfeedback title="AssessmentFeedback" ident="AssessmentFeedback">
<flow_mat>
<material>
<mattext>##AssessmentFeedback##</mattext>
</material>
</flow_mat>
</assessfeedback>

<section ident="uva-correlation-328-nl-canvas_896020793_section_1" title="Exercise">

<objectives>
<material>
<mattext><![CDATA[Please answer the following question.]]></mattext>
</material>
</objectives>
<selection_ordering>
<selection>
<selection_number>1</selection_number>
<selection_extension>
<points_per_item>1</points_per_item>
</selection_extension>
</selection>
<order order_type="Random"/>
</selection_ordering>

<item ident="uva-correlation-328-nl-canvas_896020793_section_1_item_1_schoice" title="Question" maxattempts="1">
<itemcontrol feedbackswitch="No" hintswitch="No" solutionswitch="Yes"/>
<itemmetadata>
<qtimetadata>
<qtimetadatafield>
<fieldlabel>question_type</fieldlabel>
<fieldentry>multiple_choice_question</fieldentry>
</qtimetadatafield>
</qtimetadata>
</itemmetadata>
<presentation>
<flow>
<material>
<matbreak/>
<mattext texttype="text/html" charset="utf-8"><![CDATA[
<p>Een onderzoekster is geïnteresseerd in de correlatie tussen twee normaal
verdeelde variabelen X en Y en trekt daartoe een aselecte steekproef van
20 personen uit haar doelpopulatie. Hieruit berekent zij de onderstaande
grootheden. De waarde van de Pearson correlatiecoëfficiënt is gelijk aan</p>
<p><img src="data/supplements_1_1/uva-correlation-328-nl-graph01.png" /></p>
]]></mattext>
<matbreak/>
</material>
<response_lid ident="uva-correlation-328-nl-canvas_896020793_section_1_item_1_schoice_RESPONSE_5246786" rcardinality="Single" rtiming="No">
<render_choice shuffle="No">
<flow_label class="List">
<response_label ident="uva-correlation-328-nl-canvas_896020793_section_1_item_1_schoice_1664935244" rshuffle="No">
<material>
<mattext texttype="text/html" charset="utf-8"><![CDATA[
 -0.687
]]></mattext>
</material>
</response_label>
</flow_label>
<flow_label class="List">
<response_label ident="uva-correlation-328-nl-canvas_896020793_section_1_item_1_schoice_1305667757" rshuffle="No">
<material>
<mattext texttype="text/html" charset="utf-8"><![CDATA[
 -0.335
]]></mattext>
</material>
</response_label>
</flow_label>
<flow_label class="List">
<response_label ident="uva-correlation-328-nl-canvas_896020793_section_1_item_1_schoice_4302645983" rshuffle="No">
<material>
<mattext texttype="text/html" charset="utf-8"><![CDATA[
 0.0012
]]></mattext>
</material>
</response_label>
</flow_label>
<flow_label class="List">
<response_label ident="uva-correlation-328-nl-canvas_896020793_section_1_item_1_schoice_1381513182" rshuffle="No">
<material>
<mattext texttype="text/html" charset="utf-8"><![CDATA[
 0.687
]]></mattext>
</material>
</response_label>
</flow_label>
</render_choice>
</response_lid>
</flow>
</presentation>
<resprocessing>
<outcomes>
<decvar varname="SCORE" vartype="Decimal" defaultval="0" minvalue="0" maxvalue="1" cutvalue="1"/>
</outcomes>
<respcondition title="Mastery" continue="No">
<conditionvar>
<and>
<varequal respident="uva-correlation-328-nl-canvas_896020793_section_1_item_1_schoice_RESPONSE_5246786" case="Yes">uva-correlation-328-nl-canvas_896020793_section_1_item_1_schoice_1664935244</varequal>
<not> <varequal respident="uva-correlation-328-nl-canvas_896020793_section_1_item_1_schoice_RESPONSE_5246786" case="Yes">uva-correlation-328-nl-canvas_896020793_section_1_item_1_schoice_1305667757</varequal> </not>
<not> <varequal respident="uva-correlation-328-nl-canvas_896020793_section_1_item_1_schoice_RESPONSE_5246786" case="Yes">uva-correlation-328-nl-canvas_896020793_section_1_item_1_schoice_4302645983</varequal> </not>
<not> <varequal respident="uva-correlation-328-nl-canvas_896020793_section_1_item_1_schoice_RESPONSE_5246786" case="Yes">uva-correlation-328-nl-canvas_896020793_section_1_item_1_schoice_1381513182</varequal> </not>
</and>
</conditionvar>
<setvar varname="SCORE" action="Set">1</setvar>
<displayfeedback feedbacktype="Response" linkrefid="correct_fb"/>
</respcondition>
<respcondition continue="Yes">
<conditionvar>
<other/>
</conditionvar>
<displayfeedback feedbacktype="Response" linkrefid="general_incorrect_fb"/>
</respcondition>
</resprocessing>
<itemfeedback ident="correct_fb" view="All">
<flow_mat>
<material>
<mattext texttype="text/html"><![CDATA[
<ul>
<li> -0.687 <br /> -0.687: Correct </li>
<li> -0.335 <br /> -0.335: Incorrect </li>
<li> 0.0012 <br /> 0.0012: Incorrect </li>
<li> 0.687 <br /> 0.687: Incorrect </li>
</ul>
]]></mattext>
</material>
</flow_mat>
</itemfeedback>
<itemfeedback ident="general_incorrect_fb" view="All">
<flow_mat>
<material>
<mattext texttype="text/html"><![CDATA[
<ul>
<li> -0.687 <br /> -0.687: Correct </li>
<li> -0.335 <br /> -0.335: Incorrect </li>
<li> 0.0012 <br /> 0.0012: Incorrect </li>
<li> 0.687 <br /> 0.687: Incorrect </li>
</ul>
]]></mattext>
</material>
</flow_mat>
</itemfeedback>
</item>


</section>

</assessment>
</questestinterop>
