<?xml version="1.0" encoding="UTF-8"?>
<assessmentItem xsi:schemaLocation="http://www.imsglobal.org/xsd/imsqti_v2p1 http://www.imsglobal.org/xsd/qti/qtiv2p1/imsqti_v2p1p1.xsd http://www.w3.org/1998/Math/MathML http://www.w3.org/Math/XMLSchema/mathml2/mathml2.xsd" identifier="vufgb-chisquared-009-nl-ans_396194043_section_1_item_1_schoice" title="Inferential_Statistics_vufgb-chisquared-009-nl_vufgb-chisquared-009-nl_schoice_1" adaptive="false" timeDependent="false" xmlns="http://www.imsglobal.org/xsd/imsqti_v2p1" xmlns:xsi="http://www.w3.org/2001/XMLSchema-instance">
<responseDeclaration identifier="vufgb-chisquared-009-nl-ans_396194043_section_1_item_1_schoice_RESPONSE_1_5553620" cardinality="single" baseType="identifier">
<correctResponse>
<value>vufgb-chisquared-009-nl-ans_396194043_section_1_item_1_schoice_4_5891579343</value>
</correctResponse>
<mapping defaultValue="0" lowerBound="0.0">
<mapEntry mapKey="vufgb-chisquared-009-nl-ans_396194043_section_1_item_1_schoice_1_1141601782" mappedValue="0"/>
<mapEntry mapKey="vufgb-chisquared-009-nl-ans_396194043_section_1_item_1_schoice_2_5626493375" mappedValue="0"/>
<mapEntry mapKey="vufgb-chisquared-009-nl-ans_396194043_section_1_item_1_schoice_3_1467864061" mappedValue="0"/>
<mapEntry mapKey="vufgb-chisquared-009-nl-ans_396194043_section_1_item_1_schoice_4_5891579343" mappedValue="1"/>
</mapping>
</responseDeclaration>
<outcomeDeclaration identifier="SCORE" cardinality="single" baseType="float" normalMaximum="1" normalMinimum="0">
<defaultValue>
<value>0.0</value>
</defaultValue>
</outcomeDeclaration>
<outcomeDeclaration identifier="MAXSCORE" cardinality="single" baseType="float">
<defaultValue>
<value>1</value>
</defaultValue>
</outcomeDeclaration>
<outcomeDeclaration identifier="FEEDBACKBASIC" cardinality="single" baseType="identifier" view="testConstructor">
<defaultValue>
<value>empty</value>
</defaultValue>
</outcomeDeclaration>
<outcomeDeclaration identifier="FEEDBACKMODAL" cardinality="multiple" baseType="identifier" view="testConstructor"/>
<outcomeDeclaration identifier="SOLUTIONMODAL" cardinality="single" baseType="identifier" view="testConstructor"/>
<outcomeDeclaration identifier="MINSCORE" cardinality="single" baseType="float">
<defaultValue>
<value baseType="float">0</value>
</defaultValue>
</outcomeDeclaration>
<outcomeDeclaration identifier="SCORE_RESPONSE_1" cardinality="single" baseType="float">
<defaultValue>
<value>0.0</value>
</defaultValue>
</outcomeDeclaration>
<outcomeDeclaration identifier="MINSCORE_RESPONSE_1" cardinality="single" baseType="float">
<defaultValue>
<value>0.0</value>
</defaultValue>
</outcomeDeclaration>
<itemBody>
<p>In een onderzoek naar de samenhang tussen opleidingskeuze en maatschappelijke betrokkenheid is aan 100 psychologie studenten en 50 wiskunde studenten onder andere gevraagd of zij van plan zijn tijdens hun studie vrijwilligerswerk te verrichten. Personen konden “Ja”, “Nee” of “Weet ik nog niet” antwoorden. In onderstaande tabel staan de resultaten. Bepaal de Chi-kwadraat toetsstatistiek die bij deze steekproef hoort en het aantal vrijheidsgraden (degrees of freedom) van de bijbehorende verdeling.</p>
<p><img src="media/supplements1/vufgb-chisquared-009-nl-table01.jpg" /></p>
<choiceInteraction responseIdentifier="vufgb-chisquared-009-nl-ans_396194043_section_1_item_1_schoice_RESPONSE_1_5553620" shuffle="false" maxChoices="1">
<simpleChoice identifier="vufgb-chisquared-009-nl-ans_396194043_section_1_item_1_schoice_1_1141601782">
<p>
 <span class="math inline">\(\chi^{2} = 1.73\)</span>, met 6 vrijheidsgraden.
</p>
</simpleChoice>
<simpleChoice identifier="vufgb-chisquared-009-nl-ans_396194043_section_1_item_1_schoice_2_5626493375">
<p>
 <span class="math inline">\(\chi^{2} = 7.69\)</span>, met 6 vrijheidsgraden.
</p>
</simpleChoice>
<simpleChoice identifier="vufgb-chisquared-009-nl-ans_396194043_section_1_item_1_schoice_3_1467864061">
<p>
 <span class="math inline">\(\chi^{2} = 1.73\)</span>, met 2 vrijheidsgraden.
</p>
</simpleChoice>
<simpleChoice identifier="vufgb-chisquared-009-nl-ans_396194043_section_1_item_1_schoice_4_5891579343">
<p>
 <span class="math inline">\(\chi^{2} = 7.69\)</span>, met 2 vrijheidsgraden.
</p>
</simpleChoice>
</choiceInteraction>
</itemBody>
<responseProcessing>
<setOutcomeValue identifier="SCORE_RESPONSE_1">
<sum>
<variable identifier="SCORE_RESPONSE_1"/>
<mapResponse identifier="vufgb-chisquared-009-nl-ans_396194043_section_1_item_1_schoice_RESPONSE_1_5553620"/>
</sum>
</setOutcomeValue>
<responseCondition>
<responseIf>
<lt>
<variable identifier="SCORE_RESPONSE_1"/>
<variable identifier="MINSCORE_RESPONSE_1"/>
</lt>
<setOutcomeValue identifier="SCORE_RESPONSE_1">
<variable identifier="MINSCORE_RESPONSE_1"/>
</setOutcomeValue>
</responseIf>
</responseCondition>
<responseCondition>
<responseIf>
<isNull>
<variable identifier="vufgb-chisquared-009-nl-ans_396194043_section_1_item_1_schoice_RESPONSE_1_5553620"/>
</isNull>
<setOutcomeValue identifier="SCORE_RESPONSE_1">
<sum>
<variable identifier="SCORE_RESPONSE_1"/>
<baseValue baseType="float">0</baseValue>
</sum>
</setOutcomeValue>
</responseIf>
</responseCondition>
<setOutcomeValue identifier="SCORE">
<sum>
<variable identifier="SCORE_RESPONSE_1"/>
</sum>
</setOutcomeValue>
<responseCondition>
<responseIf>
<lt>
<variable identifier="SCORE"/>
<variable identifier="MINSCORE"/>
</lt>
<setOutcomeValue identifier="SCORE">
<variable identifier="MINSCORE"/>
</setOutcomeValue>
</responseIf>
</responseCondition>
<responseCondition>
<responseIf>
<lt>
<variable identifier="SCORE"/>
<baseValue baseType="float">1</baseValue>
</lt>
<setOutcomeValue identifier="FEEDBACKMODAL">
<multiple>
<variable identifier="FEEDBACKMODAL"/>
<baseValue baseType="identifier">Feedback635813628</baseValue>
</multiple>
</setOutcomeValue>
</responseIf>
</responseCondition>
</responseProcessing>
<modalFeedback outcomeIdentifier="FEEDBACK" showHide="show" identifier="incorrect">
<ul>
<li> <span class="math inline">\(\chi^{2} = 1.73\)</span>, met 6 vrijheidsgraden. <br /> Incorrect </li>
<li> <span class="math inline">\(\chi^{2} = 7.69\)</span>, met 6 vrijheidsgraden. <br /> Incorrect </li>
<li> <span class="math inline">\(\chi^{2} = 1.73\)</span>, met 2 vrijheidsgraden. <br /> Incorrect </li>
<li> <span class="math inline">\(\chi^{2} = 7.69\)</span>, met 2 vrijheidsgraden. <br /> Correct </li>
</ul>
</modalFeedback>
</assessmentItem>
