<?xml version="1.0" encoding="UTF-8"?>
<!DOCTYPE questestinterop SYSTEM "ims_qtiasiv1p2p1.dtd">

<questestinterop xmlns="http://www.imsglobal.org/xsd/ims_qtiasiv1p2" xmlns:xsi="http://www.w3.org/2001/XMLSchema-instance" xsi:schemaLocation="http://www.imsglobal.org/xsd/ims_qtiasiv1p2 http://www.imsglobal.org/xsd/ims_qtiasiv1p2p1.xsd">
<assessment ident="vufgb-confidenceintervals-033-en-canvas_710258999" title="vufgb-confidenceintervals-033-en-canvas">

<qtimetadata>
<qtimetadatafield>
<fieldlabel>cc_maxattempts</fieldlabel>
<fieldentry>1</fieldentry>
</qtimetadatafield>
<qtimetadatafield>
<fieldlabel>qmd_assessmenttype</fieldlabel>
<fieldentry>Assessment</fieldentry>
</qtimetadatafield>
</qtimetadata>
<objectives>
<material>
<mattext><![CDATA[Please solve the following exercises.]]></mattext>
</material>
</objectives>
<assessmentcontrol feedbackswitch="No" hintswitch="No" solutionswitch="Yes"/>
<outcomes_processing scoremodel="SumOfScores">
<outcomes>
<decvar varname="SCORE" vartype="Decimal" cutvalue="0"/>
</outcomes>
</outcomes_processing>
<assessfeedback title="AssessmentFeedback" ident="AssessmentFeedback">
<flow_mat>
<material>
<mattext>##AssessmentFeedback##</mattext>
</material>
</flow_mat>
</assessfeedback>

<section ident="vufgb-confidenceintervals-033-en-canvas_710258999_section_1" title="Exercise">

<objectives>
<material>
<mattext><![CDATA[Please answer the following question.]]></mattext>
</material>
</objectives>
<selection_ordering>
<selection>
<selection_number>1</selection_number>
<selection_extension>
<points_per_item>1</points_per_item>
</selection_extension>
</selection>
<order order_type="Random"/>
</selection_ordering>

<item ident="vufgb-confidenceintervals-033-en-canvas_710258999_section_1_item_1_schoice" title="Question" maxattempts="1">
<itemcontrol feedbackswitch="No" hintswitch="No" solutionswitch="Yes"/>
<itemmetadata>
<qtimetadata>
<qtimetadatafield>
<fieldlabel>question_type</fieldlabel>
<fieldentry>multiple_choice_question</fieldentry>
</qtimetadatafield>
</qtimetadata>
</itemmetadata>
<presentation>
<flow>
<material>
<matbreak/>
<mattext texttype="text/html" charset="utf-8"><![CDATA[
<p>Enter:</p>
<p>As the probability level (<em>confidence level</em>) increases, the corresponding confidence interval becomes …….I……. .</p>
<p>When the accuracy of the point estimator increases, the corresponding confidence interval becomes …..II…… .</p>
]]></mattext>
<matbreak/>
</material>
<response_lid ident="vufgb-confidenceintervals-033-en-canvas_710258999_section_1_item_1_schoice_RESPONSE_9558771" rcardinality="Single" rtiming="No">
<render_choice shuffle="No">
<flow_label class="List">
<response_label ident="vufgb-confidenceintervals-033-en-canvas_710258999_section_1_item_1_schoice_5983642073" rshuffle="No">
<material>
<mattext texttype="text/html" charset="utf-8"><![CDATA[
 I: narrower, II: narrower
]]></mattext>
</material>
</response_label>
</flow_label>
<flow_label class="List">
<response_label ident="vufgb-confidenceintervals-033-en-canvas_710258999_section_1_item_1_schoice_4821014462" rshuffle="No">
<material>
<mattext texttype="text/html" charset="utf-8"><![CDATA[
 I: narrower, II: wider
]]></mattext>
</material>
</response_label>
</flow_label>
<flow_label class="List">
<response_label ident="vufgb-confidenceintervals-033-en-canvas_710258999_section_1_item_1_schoice_8930004055" rshuffle="No">
<material>
<mattext texttype="text/html" charset="utf-8"><![CDATA[
 I: wider, II: narrower
]]></mattext>
</material>
</response_label>
</flow_label>
<flow_label class="List">
<response_label ident="vufgb-confidenceintervals-033-en-canvas_710258999_section_1_item_1_schoice_2708303510" rshuffle="No">
<material>
<mattext texttype="text/html" charset="utf-8"><![CDATA[
 I: wider, II: wider
]]></mattext>
</material>
</response_label>
</flow_label>
</render_choice>
</response_lid>
</flow>
</presentation>
<resprocessing>
<outcomes>
<decvar varname="SCORE" vartype="Decimal" defaultval="0" minvalue="0" maxvalue="1" cutvalue="1"/>
</outcomes>
<respcondition title="Mastery" continue="No">
<conditionvar>
<and>
<varequal respident="vufgb-confidenceintervals-033-en-canvas_710258999_section_1_item_1_schoice_RESPONSE_9558771" case="Yes">vufgb-confidenceintervals-033-en-canvas_710258999_section_1_item_1_schoice_5983642073</varequal>
<not> <varequal respident="vufgb-confidenceintervals-033-en-canvas_710258999_section_1_item_1_schoice_RESPONSE_9558771" case="Yes">vufgb-confidenceintervals-033-en-canvas_710258999_section_1_item_1_schoice_4821014462</varequal> </not>
<not> <varequal respident="vufgb-confidenceintervals-033-en-canvas_710258999_section_1_item_1_schoice_RESPONSE_9558771" case="Yes">vufgb-confidenceintervals-033-en-canvas_710258999_section_1_item_1_schoice_8930004055</varequal> </not>
<not> <varequal respident="vufgb-confidenceintervals-033-en-canvas_710258999_section_1_item_1_schoice_RESPONSE_9558771" case="Yes">vufgb-confidenceintervals-033-en-canvas_710258999_section_1_item_1_schoice_2708303510</varequal> </not>
</and>
</conditionvar>
<setvar varname="SCORE" action="Set">1</setvar>
<displayfeedback feedbacktype="Response" linkrefid="correct_fb"/>
</respcondition>
<respcondition continue="Yes">
<conditionvar>
<other/>
</conditionvar>
<displayfeedback feedbacktype="Response" linkrefid="general_incorrect_fb"/>
</respcondition>
</resprocessing>
<itemfeedback ident="correct_fb" view="All">
<flow_mat>
<material>
<mattext texttype="text/html"><![CDATA[
<ul>
<li> I: narrower, II: narrower <br /> Correct </li>
<li> I: narrower, II: wider <br /> Incorrect </li>
<li> I: wider, II: narrower <br /> Incorrect </li>
<li> I: wider, II: wider <br /> Incorrect </li>
</ul>
]]></mattext>
</material>
</flow_mat>
</itemfeedback>
<itemfeedback ident="general_incorrect_fb" view="All">
<flow_mat>
<material>
<mattext texttype="text/html"><![CDATA[
<ul>
<li> I: narrower, II: narrower <br /> Correct </li>
<li> I: narrower, II: wider <br /> Incorrect </li>
<li> I: wider, II: narrower <br /> Incorrect </li>
<li> I: wider, II: wider <br /> Incorrect </li>
</ul>
]]></mattext>
</material>
</flow_mat>
</itemfeedback>
</item>


</section>

</assessment>
</questestinterop>
