<?xml version="1.0" encoding="utf-8" standalone="yes"?>
<assessmentItem identifier="vufgb-samplingdistributions-035-nl-tv_202209061510_item_1_schoice" title="vufgb-samplingdistributions-035-nl-tv_202209061510_item_1_schoice_vufgb-samplingdistributions-035-nl" adaptive="false" timeDependent="false" toolName="Testvision Online" toolVersion="39.0.9084" xmlns="http://www.imsglobal.org/xsd/imsqti_v2p1">
<responseDeclaration identifier="RESPONSE" cardinality="single" baseType="identifier">
<correctResponse>
<value>alt_889395</value>
</correctResponse>
<mapping defaultValue="0" lowerBound="0.0">
<mapEntry mapKey="alt_285251" mappedValue="-0.333333333333333"/>
<mapEntry mapKey="alt_345861" mappedValue="-0.333333333333333"/>
<mapEntry mapKey="alt_583455" mappedValue="-0.333333333333333"/>
<mapEntry mapKey="alt_889395" mappedValue="1"/>
</mapping>
</responseDeclaration>
<outcomeDeclaration identifier="SCORE" cardinality="single" baseType="float" normalMaximum="1" normalMinimum="0" />
<outcomeDeclaration identifier="FEEDBACK" cardinality="single" baseType="identifier" />
<itemBody>
<p>Om moderatie te kunnen detecteren moet de steekproef groot genoeg zijn. Warner bespreekt drie manieren om te bepalen hoe groot de steekproef moet zijn.</p>
<p>Welke van onderstaande hoort daar <em>niet</em> bij?</p>
<choiceInteraction responseIdentifier="RESPONSE" shuffle="false" maxChoices="1">
<simpleChoice identifier="alt_285251">
<div class="textblock tvblock tvcss_1"><div class="rte_zone tveditor1">
a. Steekproefgrootte hangt af van de <math display="inline" xmlns="http://www.w3.org/1998/Math/MathML"><semantics><msup><mi>R</mi><mn>2</mn></msup><annotation encoding="application/x-tex">R^{2}</annotation></semantics></math> van modellen met en zonder interactie.
</div>
</div>
</simpleChoice>
<simpleChoice identifier="alt_345861">
<div class="textblock tvblock tvcss_1"><div class="rte_zone tveditor1">
b. De ratio tussen de steekproef en het aantal predictoren <em>k</em> moet groot genoeg zijn.
</div>
</div>
</simpleChoice>
<simpleChoice identifier="alt_583455">
<div class="textblock tvblock tvcss_1"><div class="rte_zone tveditor1">
c. Het aantal personen in elke categorie of groep moet groot genoeg zijn.
</div>
</div>
</simpleChoice>
<simpleChoice identifier="alt_889395">
<div class="textblock tvblock tvcss_1"><div class="rte_zone tveditor1">
d. Het aantal categorieën van de moderator moet groot genoeg zijn.
</div>
</div>
</simpleChoice>
</choiceInteraction>
</itemBody>
<responseProcessing>
<responseCondition>
<responseIf>
<isNull>
<variable identifier="RESPONSE"/>
</isNull>
<setOutcomeValue identifier="SCORE">
<baseValue baseType="float">0.0</baseValue>
</setOutcomeValue>
<setOutcomeValue identifier="FEEDBACK">
<baseValue baseType="identifier">FAILURE</baseValue>
</setOutcomeValue>
</responseIf>
<responseElse>
<setOutcomeValue identifier="SCORE">
<mapResponse identifier="RESPONSE"/>
</setOutcomeValue>
<responseCondition>
<responseIf>
<equal toleranceMode="relative" tolerance="0.001">
<variable identifier="SCORE"/>
<variable identifier="MAXSCORE"/>
</equal>
<setOutcomeValue identifier="FEEDBACK">
<baseValue baseType="identifier">ANSWER_CORRECT</baseValue>
</setOutcomeValue>
</responseIf>
<responseElse>
<setOutcomeValue identifier="FEEDBACK">
<baseValue baseType="identifier">FAILURE</baseValue>
</setOutcomeValue>
</responseElse>
</responseCondition>
</responseElse>
</responseCondition>
</responseProcessing>
<modalFeedback identifier="FAILURE" outcomeIdentifier="FEEDBACK" showHide="show">
<div class="textblock tvblock tvcss_1"><div class="rte_zone tveditor1">
<ol>
<li> Steekproefgrootte hangt af van de <math display="inline" xmlns="http://www.w3.org/1998/Math/MathML"><semantics><msup><mi>R</mi><mn>2</mn></msup><annotation encoding="application/x-tex">R^{2}</annotation></semantics></math> van modellen met en zonder interactie. <br /> Incorrect </li>
<li> De ratio tussen de steekproef en het aantal predictoren <em>k</em> moet groot genoeg zijn. <br /> Incorrect </li>
<li> Het aantal personen in elke categorie of groep moet groot genoeg zijn. <br /> Incorrect </li>
<li> Het aantal categorieën van de moderator moet groot genoeg zijn. <br /> Correct </li>
</ol>
</div>
</div>
</modalFeedback>
<modalFeedback identifier="ANSWER_CORRECT" outcomeIdentifier="FEEDBACK" showHide="show">
<div class="textblock tvblock tvcss_1"><div class="rte_zone tveditor1">
<ol>
<li> Steekproefgrootte hangt af van de <math display="inline" xmlns="http://www.w3.org/1998/Math/MathML"><semantics><msup><mi>R</mi><mn>2</mn></msup><annotation encoding="application/x-tex">R^{2}</annotation></semantics></math> van modellen met en zonder interactie. <br /> Incorrect </li>
<li> De ratio tussen de steekproef en het aantal predictoren <em>k</em> moet groot genoeg zijn. <br /> Incorrect </li>
<li> Het aantal personen in elke categorie of groep moet groot genoeg zijn. <br /> Incorrect </li>
<li> Het aantal categorieën van de moderator moet groot genoeg zijn. <br /> Correct </li>
</ol>
</div>
</div>
</modalFeedback>
<modalFeedback identifier="PARTIAL_CORRECT" outcomeIdentifier="FEEDBACK" showHide="show">
<div class="textblock tvblock tvcss_1"><div class="rte_zone tveditor1">
<ol>
<li> Steekproefgrootte hangt af van de <math display="inline" xmlns="http://www.w3.org/1998/Math/MathML"><semantics><msup><mi>R</mi><mn>2</mn></msup><annotation encoding="application/x-tex">R^{2}</annotation></semantics></math> van modellen met en zonder interactie. <br /> Incorrect </li>
<li> De ratio tussen de steekproef en het aantal predictoren <em>k</em> moet groot genoeg zijn. <br /> Incorrect </li>
<li> Het aantal personen in elke categorie of groep moet groot genoeg zijn. <br /> Incorrect </li>
<li> Het aantal categorieën van de moderator moet groot genoeg zijn. <br /> Correct </li>
</ol>
</div>
</div>
</modalFeedback>
</assessmentItem>
