<?xml version="1.0" encoding="UTF-8"?>
<assessmentItem xsi:schemaLocation="http://www.imsglobal.org/xsd/imsqti_v2p1 http://www.imsglobal.org/xsd/qti/qtiv2p1/imsqti_v2p1p1.xsd http://www.w3.org/1998/Math/MathML http://www.w3.org/Math/XMLSchema/mathml2/mathml2.xsd" identifier="uu-Descriptive-statistics-620-en-ans_184217476_section_1_item_1_cloze" title="Descriptive-statistics_uu-Descriptive-statistics-620-en_uu-Descriptive-statistics-620-en_cloze_1" adaptive="false" timeDependent="false" xmlns="http://www.imsglobal.org/xsd/imsqti_v2p1" xmlns:xsi="http://www.w3.org/2001/XMLSchema-instance">
<responseDeclaration identifier="uu-Descriptive-statistics-620-en-ans_184217476_section_1_item_1_cloze_RESPONSE_1_9685198" cardinality="single" baseType="string">
<correctResponse>
<value>191</value>
</correctResponse>
</responseDeclaration>
<responseDeclaration identifier="uu-Descriptive-statistics-620-en-ans_184217476_section_1_item_1_cloze_RESPONSE_2_1539209" cardinality="single" baseType="string">
<correctResponse>
<value>17.11</value>
</correctResponse>
</responseDeclaration>
<responseDeclaration identifier="uu-Descriptive-statistics-620-en-ans_184217476_section_1_item_1_cloze_RESPONSE_3_1326330" cardinality="single" baseType="string">
<correctResponse>
<value>0</value>
</correctResponse>
</responseDeclaration>
<responseDeclaration identifier="uu-Descriptive-statistics-620-en-ans_184217476_section_1_item_1_cloze_RESPONSE_4_5235939" cardinality="single" baseType="string">
<correctResponse>
<value>57</value>
</correctResponse>
</responseDeclaration>
<outcomeDeclaration identifier="SCORE" cardinality="single" baseType="float" normalMaximum="1" normalMinimum="0">
<defaultValue>
<value>0.0</value>
</defaultValue>
</outcomeDeclaration>
<outcomeDeclaration identifier="MAXSCORE" cardinality="single" baseType="float">
<defaultValue>
<value>1</value>
</defaultValue>
</outcomeDeclaration>
<outcomeDeclaration identifier="FEEDBACKBASIC" cardinality="single" baseType="identifier" view="testConstructor">
<defaultValue>
<value>empty</value>
</defaultValue>
</outcomeDeclaration>
<outcomeDeclaration identifier="FEEDBACKMODAL" cardinality="multiple" baseType="identifier" view="testConstructor"/>
<outcomeDeclaration identifier="SOLUTIONMODAL" cardinality="single" baseType="identifier" view="testConstructor"/>
<outcomeDeclaration identifier="MINSCORE" cardinality="single" baseType="float">
<defaultValue>
<value baseType="float">0</value>
</defaultValue>
</outcomeDeclaration>
<outcomeDeclaration identifier="SCORE_RESPONSE_1" cardinality="single" baseType="float">
<defaultValue>
<value>0.0</value>
</defaultValue>
</outcomeDeclaration>
<outcomeDeclaration identifier="MINSCORE_RESPONSE_1" cardinality="single" baseType="float">
<defaultValue>
<value>0.0</value>
</defaultValue>
</outcomeDeclaration>
<outcomeDeclaration identifier="SCORE_RESPONSE_2" cardinality="single" baseType="float">
<defaultValue>
<value>0.0</value>
</defaultValue>
</outcomeDeclaration>
<outcomeDeclaration identifier="MINSCORE_RESPONSE_2" cardinality="single" baseType="float">
<defaultValue>
<value>0.0</value>
</defaultValue>
</outcomeDeclaration>
<outcomeDeclaration identifier="SCORE_RESPONSE_3" cardinality="single" baseType="float">
<defaultValue>
<value>0.0</value>
</defaultValue>
</outcomeDeclaration>
<outcomeDeclaration identifier="MINSCORE_RESPONSE_3" cardinality="single" baseType="float">
<defaultValue>
<value>0.0</value>
</defaultValue>
</outcomeDeclaration>
<outcomeDeclaration identifier="SCORE_RESPONSE_4" cardinality="single" baseType="float">
<defaultValue>
<value>0.0</value>
</defaultValue>
</outcomeDeclaration>
<outcomeDeclaration identifier="MINSCORE_RESPONSE_4" cardinality="single" baseType="float">
<defaultValue>
<value>0.0</value>
</defaultValue>
</outcomeDeclaration>
<itemBody>
<ul>
<li>Download**: <a href="media/supplements1/uu-Descriptive-statistics-620-en-data.sav">SPSS file</a>, <a href="media/supplements1/uu-Descriptive-statistics-620-en-data.csv">CSV file</a></li>
</ul>
<p>Open the data file.</p>
<p>Answer the following questions.</p>
<ul>
<li>Answer each question with all decimals listed in the output.**</li>
</ul>
<p>
 The number of respondents whose score on attention at measurement time 1 is known is….
<textEntryInteraction responseIdentifier="uu-Descriptive-statistics-620-en-ans_184217476_section_1_item_1_cloze_RESPONSE_1_9685198"/>
</p>
<p>
 The average score on shifting is…
<textEntryInteraction responseIdentifier="uu-Descriptive-statistics-620-en-ans_184217476_section_1_item_1_cloze_RESPONSE_2_1539209"/>
</p>
<p>
 The minimum score obtained on attention at measurement time 3 is…
<textEntryInteraction responseIdentifier="uu-Descriptive-statistics-620-en-ans_184217476_section_1_item_1_cloze_RESPONSE_3_1326330"/>
</p>
<p>
 The number of respondents in experimental group 2 is…
<textEntryInteraction responseIdentifier="uu-Descriptive-statistics-620-en-ans_184217476_section_1_item_1_cloze_RESPONSE_4_5235939"/>
</p>
</itemBody>
<responseProcessing>
<responseCondition>
<responseIf>
<equal tolerance="0" toleranceMode="absolute">
<variable identifier="uu-Descriptive-statistics-620-en-ans_184217476_section_1_item_1_cloze_RESPONSE_1_9685198"/>
<baseValue baseType="float">191</baseValue>
</equal>
<setOutcomeValue identifier="SCORE">
<baseValue baseType="float">0.25</baseValue>
</setOutcomeValue>
</responseIf>
</responseCondition>
<responseCondition>
<responseIf>
<equal tolerance="0" toleranceMode="absolute">
<variable identifier="uu-Descriptive-statistics-620-en-ans_184217476_section_1_item_1_cloze_RESPONSE_2_1539209"/>
<baseValue baseType="float">17.11</baseValue>
</equal>
<setOutcomeValue identifier="SCORE">
<baseValue baseType="float">0.25</baseValue>
</setOutcomeValue>
</responseIf>
</responseCondition>
<responseCondition>
<responseIf>
<equal tolerance="0" toleranceMode="absolute">
<variable identifier="uu-Descriptive-statistics-620-en-ans_184217476_section_1_item_1_cloze_RESPONSE_3_1326330"/>
<baseValue baseType="float">0</baseValue>
</equal>
<setOutcomeValue identifier="SCORE">
<baseValue baseType="float">0.25</baseValue>
</setOutcomeValue>
</responseIf>
</responseCondition>
<responseCondition>
<responseIf>
<equal tolerance="0" toleranceMode="absolute">
<variable identifier="uu-Descriptive-statistics-620-en-ans_184217476_section_1_item_1_cloze_RESPONSE_4_5235939"/>
<baseValue baseType="float">57</baseValue>
</equal>
<setOutcomeValue identifier="SCORE">
<baseValue baseType="float">0.25</baseValue>
</setOutcomeValue>
</responseIf>
</responseCondition>
<responseCondition>
<responseIf>
<and>
<not>
<isNull>
<variable identifier="uu-Descriptive-statistics-620-en-ans_184217476_section_1_item_1_cloze_RESPONSE_1_9685198"/>
</isNull>
</not>
<lt>
<variable identifier="SCORE_RESPONSE_1"/>
<baseValue baseType="float">0.25</baseValue>
</lt>
</and>
<setOutcomeValue identifier="SCORE_RESPONSE_1">
<sum>
<variable identifier="SCORE_RESPONSE_1"/>
<baseValue baseType="float">0</baseValue>
</sum>
</setOutcomeValue>
</responseIf>
</responseCondition>
<responseCondition>
<responseIf>
<and>
<not>
<isNull>
<variable identifier="uu-Descriptive-statistics-620-en-ans_184217476_section_1_item_1_cloze_RESPONSE_2_1539209"/>
</isNull>
</not>
<lt>
<variable identifier="SCORE_RESPONSE_2"/>
<baseValue baseType="float">0.25</baseValue>
</lt>
</and>
<setOutcomeValue identifier="SCORE_RESPONSE_2">
<sum>
<variable identifier="SCORE_RESPONSE_2"/>
<baseValue baseType="float">0</baseValue>
</sum>
</setOutcomeValue>
</responseIf>
</responseCondition>
<responseCondition>
<responseIf>
<and>
<not>
<isNull>
<variable identifier="uu-Descriptive-statistics-620-en-ans_184217476_section_1_item_1_cloze_RESPONSE_3_1326330"/>
</isNull>
</not>
<lt>
<variable identifier="SCORE_RESPONSE_3"/>
<baseValue baseType="float">0.25</baseValue>
</lt>
</and>
<setOutcomeValue identifier="SCORE_RESPONSE_3">
<sum>
<variable identifier="SCORE_RESPONSE_3"/>
<baseValue baseType="float">0</baseValue>
</sum>
</setOutcomeValue>
</responseIf>
</responseCondition>
<responseCondition>
<responseIf>
<and>
<not>
<isNull>
<variable identifier="uu-Descriptive-statistics-620-en-ans_184217476_section_1_item_1_cloze_RESPONSE_4_5235939"/>
</isNull>
</not>
<lt>
<variable identifier="SCORE_RESPONSE_4"/>
<baseValue baseType="float">0.25</baseValue>
</lt>
</and>
<setOutcomeValue identifier="SCORE_RESPONSE_4">
<sum>
<variable identifier="SCORE_RESPONSE_4"/>
<baseValue baseType="float">0</baseValue>
</sum>
</setOutcomeValue>
</responseIf>
</responseCondition>
<responseCondition>
<responseIf>
<lt>
<variable identifier="SCORE_RESPONSE_1"/>
<variable identifier="MINSCORE_RESPONSE_1"/>
</lt>
<setOutcomeValue identifier="SCORE_RESPONSE_1">
<variable identifier="MINSCORE_RESPONSE_1"/>
</setOutcomeValue>
</responseIf>
</responseCondition>
<responseCondition>
<responseIf>
<lt>
<variable identifier="SCORE_RESPONSE_2"/>
<variable identifier="MINSCORE_RESPONSE_2"/>
</lt>
<setOutcomeValue identifier="SCORE_RESPONSE_2">
<variable identifier="MINSCORE_RESPONSE_2"/>
</setOutcomeValue>
</responseIf>
</responseCondition>
<responseCondition>
<responseIf>
<lt>
<variable identifier="SCORE_RESPONSE_3"/>
<variable identifier="MINSCORE_RESPONSE_3"/>
</lt>
<setOutcomeValue identifier="SCORE_RESPONSE_3">
<variable identifier="MINSCORE_RESPONSE_3"/>
</setOutcomeValue>
</responseIf>
</responseCondition>
<responseCondition>
<responseIf>
<lt>
<variable identifier="SCORE_RESPONSE_4"/>
<variable identifier="MINSCORE_RESPONSE_4"/>
</lt>
<setOutcomeValue identifier="SCORE_RESPONSE_4">
<variable identifier="MINSCORE_RESPONSE_4"/>
</setOutcomeValue>
</responseIf>
</responseCondition>
<responseCondition>
<responseIf>
<isNull>
<variable identifier="uu-Descriptive-statistics-620-en-ans_184217476_section_1_item_1_cloze_RESPONSE_1_9685198"/>
</isNull>
<setOutcomeValue identifier="SCORE_RESPONSE_1">
<sum>
<variable identifier="SCORE_RESPONSE_1"/>
<baseValue baseType="float">0</baseValue>
</sum>
</setOutcomeValue>
</responseIf>
</responseCondition>
<responseCondition>
<responseIf>
<isNull>
<variable identifier="uu-Descriptive-statistics-620-en-ans_184217476_section_1_item_1_cloze_RESPONSE_2_1539209"/>
</isNull>
<setOutcomeValue identifier="SCORE_RESPONSE_2">
<sum>
<variable identifier="SCORE_RESPONSE_2"/>
<baseValue baseType="float">0</baseValue>
</sum>
</setOutcomeValue>
</responseIf>
</responseCondition>
<responseCondition>
<responseIf>
<isNull>
<variable identifier="uu-Descriptive-statistics-620-en-ans_184217476_section_1_item_1_cloze_RESPONSE_3_1326330"/>
</isNull>
<setOutcomeValue identifier="SCORE_RESPONSE_3">
<sum>
<variable identifier="SCORE_RESPONSE_3"/>
<baseValue baseType="float">0</baseValue>
</sum>
</setOutcomeValue>
</responseIf>
</responseCondition>
<responseCondition>
<responseIf>
<isNull>
<variable identifier="uu-Descriptive-statistics-620-en-ans_184217476_section_1_item_1_cloze_RESPONSE_4_5235939"/>
</isNull>
<setOutcomeValue identifier="SCORE_RESPONSE_4">
<sum>
<variable identifier="SCORE_RESPONSE_4"/>
<baseValue baseType="float">0</baseValue>
</sum>
</setOutcomeValue>
</responseIf>
</responseCondition>
<setOutcomeValue identifier="SCORE">
<sum>
<variable identifier="SCORE_RESPONSE_1"/>
<variable identifier="SCORE_RESPONSE_2"/>
<variable identifier="SCORE_RESPONSE_3"/>
<variable identifier="SCORE_RESPONSE_4"/>
</sum>
</setOutcomeValue>
<responseCondition>
<responseIf>
<lt>
<variable identifier="SCORE"/>
<variable identifier="MINSCORE"/>
</lt>
<setOutcomeValue identifier="SCORE">
<variable identifier="MINSCORE"/>
</setOutcomeValue>
</responseIf>
</responseCondition>
<responseCondition>
<responseIf>
<lt>
<variable identifier="SCORE"/>
<baseValue baseType="float">1</baseValue>
</lt>
<setOutcomeValue identifier="FEEDBACKMODAL">
<multiple>
<variable identifier="FEEDBACKMODAL"/>
<baseValue baseType="identifier">Feedback256991664</baseValue>
</multiple>
</setOutcomeValue>
</responseIf>
</responseCondition>
</responseProcessing>
<modalFeedback outcomeIdentifier="FEEDBACK" showHide="show" identifier="incorrect">
<ul>
<li> The number of respondents whose score on attention at measurement time 1 is known is…. <br /> Answer: 191 </li>
<li> The average score on shifting is… <br /> Answer: 17.11 </li>
<li> The minimum score obtained on attention at measurement time 3 is… <br /> Answer: 0 </li>
<li> The number of respondents in experimental group 2 is… <br /> Answer: 57 </li>
</ul>
</modalFeedback>
</assessmentItem>
