<?xml version="1.0" encoding="UTF-8"?>
<assessmentItem xsi:schemaLocation="http://www.imsglobal.org/xsd/imsqti_v2p1 http://www.imsglobal.org/xsd/qti/qtiv2p1/imsqti_v2p1p1.xsd http://www.w3.org/1998/Math/MathML http://www.w3.org/Math/XMLSchema/mathml2/mathml2.xsd" identifier="uva-measures-of-location-200-nl-ans_791689088_section_1_item_1_schoice" title="Descriptive-statistics_uva-measures-of-location-200-nl_uva-measures-of-location-200-nl_schoice_1" adaptive="false" timeDependent="false" xmlns="http://www.imsglobal.org/xsd/imsqti_v2p1" xmlns:xsi="http://www.w3.org/2001/XMLSchema-instance">
<responseDeclaration identifier="uva-measures-of-location-200-nl-ans_791689088_section_1_item_1_schoice_RESPONSE_1_5075567" cardinality="single" baseType="identifier">
<correctResponse>
<value>uva-measures-of-location-200-nl-ans_791689088_section_1_item_1_schoice_2_8867419747</value>
</correctResponse>
<mapping defaultValue="0" lowerBound="0.0">
<mapEntry mapKey="uva-measures-of-location-200-nl-ans_791689088_section_1_item_1_schoice_1_3339789914" mappedValue="0"/>
<mapEntry mapKey="uva-measures-of-location-200-nl-ans_791689088_section_1_item_1_schoice_2_8867419747" mappedValue="1"/>
<mapEntry mapKey="uva-measures-of-location-200-nl-ans_791689088_section_1_item_1_schoice_3_6715570307" mappedValue="0"/>
</mapping>
</responseDeclaration>
<outcomeDeclaration identifier="SCORE" cardinality="single" baseType="float" normalMaximum="1" normalMinimum="0">
<defaultValue>
<value>0.0</value>
</defaultValue>
</outcomeDeclaration>
<outcomeDeclaration identifier="MAXSCORE" cardinality="single" baseType="float">
<defaultValue>
<value>1</value>
</defaultValue>
</outcomeDeclaration>
<outcomeDeclaration identifier="FEEDBACKBASIC" cardinality="single" baseType="identifier" view="testConstructor">
<defaultValue>
<value>empty</value>
</defaultValue>
</outcomeDeclaration>
<outcomeDeclaration identifier="FEEDBACKMODAL" cardinality="multiple" baseType="identifier" view="testConstructor"/>
<outcomeDeclaration identifier="SOLUTIONMODAL" cardinality="single" baseType="identifier" view="testConstructor"/>
<outcomeDeclaration identifier="MINSCORE" cardinality="single" baseType="float">
<defaultValue>
<value baseType="float">0</value>
</defaultValue>
</outcomeDeclaration>
<outcomeDeclaration identifier="SCORE_RESPONSE_1" cardinality="single" baseType="float">
<defaultValue>
<value>0.0</value>
</defaultValue>
</outcomeDeclaration>
<outcomeDeclaration identifier="MINSCORE_RESPONSE_1" cardinality="single" baseType="float">
<defaultValue>
<value>0.0</value>
</defaultValue>
</outcomeDeclaration>
<itemBody>
<p>In een <em>random sample</em> van 100 vrouwen blijkt 40% te roken, in een <em>random sample</em> van 100 mannen is dat 60%. Het 95% betrouwbaarheidsinterval voor het verschil tussen de corresponderende populatieproporties is dan</p>
<choiceInteraction responseIdentifier="uva-measures-of-location-200-nl-ans_791689088_section_1_item_1_schoice_RESPONSE_1_5075567" shuffle="false" maxChoices="1">
<simpleChoice identifier="uva-measures-of-location-200-nl-ans_791689088_section_1_item_1_schoice_1_3339789914">
<p>
 (-0.14, +0.14)
</p>
</simpleChoice>
<simpleChoice identifier="uva-measures-of-location-200-nl-ans_791689088_section_1_item_1_schoice_2_8867419747">
<p>
 (-0.34, -0.06)
</p>
</simpleChoice>
<simpleChoice identifier="uva-measures-of-location-200-nl-ans_791689088_section_1_item_1_schoice_3_6715570307">
<p>
 (-0.38, -0.02)
</p>
</simpleChoice>
</choiceInteraction>
</itemBody>
<responseProcessing>
<setOutcomeValue identifier="SCORE_RESPONSE_1">
<sum>
<variable identifier="SCORE_RESPONSE_1"/>
<mapResponse identifier="uva-measures-of-location-200-nl-ans_791689088_section_1_item_1_schoice_RESPONSE_1_5075567"/>
</sum>
</setOutcomeValue>
<responseCondition>
<responseIf>
<lt>
<variable identifier="SCORE_RESPONSE_1"/>
<variable identifier="MINSCORE_RESPONSE_1"/>
</lt>
<setOutcomeValue identifier="SCORE_RESPONSE_1">
<variable identifier="MINSCORE_RESPONSE_1"/>
</setOutcomeValue>
</responseIf>
</responseCondition>
<responseCondition>
<responseIf>
<isNull>
<variable identifier="uva-measures-of-location-200-nl-ans_791689088_section_1_item_1_schoice_RESPONSE_1_5075567"/>
</isNull>
<setOutcomeValue identifier="SCORE_RESPONSE_1">
<sum>
<variable identifier="SCORE_RESPONSE_1"/>
<baseValue baseType="float">0</baseValue>
</sum>
</setOutcomeValue>
</responseIf>
</responseCondition>
<setOutcomeValue identifier="SCORE">
<sum>
<variable identifier="SCORE_RESPONSE_1"/>
</sum>
</setOutcomeValue>
<responseCondition>
<responseIf>
<lt>
<variable identifier="SCORE"/>
<variable identifier="MINSCORE"/>
</lt>
<setOutcomeValue identifier="SCORE">
<variable identifier="MINSCORE"/>
</setOutcomeValue>
</responseIf>
</responseCondition>
<responseCondition>
<responseIf>
<lt>
<variable identifier="SCORE"/>
<baseValue baseType="float">1</baseValue>
</lt>
<setOutcomeValue identifier="FEEDBACKMODAL">
<multiple>
<variable identifier="FEEDBACKMODAL"/>
<baseValue baseType="identifier">Feedback265774735</baseValue>
</multiple>
</setOutcomeValue>
</responseIf>
</responseCondition>
</responseProcessing>
<modalFeedback outcomeIdentifier="FEEDBACK" showHide="show" identifier="incorrect">
<ul>
<li> (-0.14, +0.14) <br /> (-0.14, +0.14): Incorrect </li>
<li> (-0.34, -0.06) <br /> (-0.34, -0.06): Correct </li>
<li> (-0.38, -0.02) <br /> (-0.38, -0.02): Incorrect </li>
</ul>
</modalFeedback>
</assessmentItem>
