<?xml version="1.0" encoding="UTF-8"?>
<assessmentItem xsi:schemaLocation="http://www.imsglobal.org/xsd/imsqti_v2p1 http://www.imsglobal.org/xsd/qti/qtiv2p1/imsqti_v2p1p1.xsd http://www.w3.org/1998/Math/MathML http://www.w3.org/Math/XMLSchema/mathml2/mathml2.xsd" identifier="uva-statistical-errors-282-nl-qti_196547854_section_1_item_1_schoice" title="1" adaptive="false" timeDependent="false" xmlns="http://www.imsglobal.org/xsd/imsqti_v2p1" xmlns:xsi="http://www.w3.org/2001/XMLSchema-instance">
<responseDeclaration identifier="uva-statistical-errors-282-nl-qti_196547854_section_1_item_1_schoice_RESPONSE_1_8616417" cardinality="single" baseType="identifier">
<correctResponse>
<value>uva-statistical-errors-282-nl-qti_196547854_section_1_item_1_schoice_3_1998058037</value>
</correctResponse>
<mapping defaultValue="0" lowerBound="0.0">
<mapEntry mapKey="uva-statistical-errors-282-nl-qti_196547854_section_1_item_1_schoice_1_9513520561" mappedValue="0"/>
<mapEntry mapKey="uva-statistical-errors-282-nl-qti_196547854_section_1_item_1_schoice_2_1182058113" mappedValue="0"/>
<mapEntry mapKey="uva-statistical-errors-282-nl-qti_196547854_section_1_item_1_schoice_3_1998058037" mappedValue="1"/>
<mapEntry mapKey="uva-statistical-errors-282-nl-qti_196547854_section_1_item_1_schoice_4_1341865670" mappedValue="0"/>
</mapping>
</responseDeclaration>
<outcomeDeclaration identifier="SCORE" cardinality="single" baseType="float" normalMaximum="1" normalMinimum="0">
<defaultValue>
<value>0.0</value>
</defaultValue>
</outcomeDeclaration>
<outcomeDeclaration identifier="MAXSCORE" cardinality="single" baseType="float">
<defaultValue>
<value>1</value>
</defaultValue>
</outcomeDeclaration>
<outcomeDeclaration identifier="FEEDBACKBASIC" cardinality="single" baseType="identifier" view="testConstructor">
<defaultValue>
<value>empty</value>
</defaultValue>
</outcomeDeclaration>
<outcomeDeclaration identifier="FEEDBACKMODAL" cardinality="multiple" baseType="identifier" view="testConstructor"/>
<outcomeDeclaration identifier="SOLUTIONMODAL" cardinality="single" baseType="identifier" view="testConstructor"/>
<outcomeDeclaration identifier="MINSCORE" cardinality="single" baseType="float">
<defaultValue>
<value baseType="float">0</value>
</defaultValue>
</outcomeDeclaration>
<outcomeDeclaration identifier="SCORE_RESPONSE_1" cardinality="single" baseType="float">
<defaultValue>
<value>0.0</value>
</defaultValue>
</outcomeDeclaration>
<outcomeDeclaration identifier="MINSCORE_RESPONSE_1" cardinality="single" baseType="float">
<defaultValue>
<value>0.0</value>
</defaultValue>
</outcomeDeclaration>
<itemBody>
<p>Hieronder staan twee uitspraken. Welke hiervan zijn juist?<br />
I: De power van een toets kan men vergroten door α te verkleinen.<br />
II: De power van een toets kan men vergroten door σ<sup>²</sup> te verkleinen.</p>
<choiceInteraction responseIdentifier="uva-statistical-errors-282-nl-qti_196547854_section_1_item_1_schoice_RESPONSE_1_8616417" shuffle="false" maxChoices="1">
<simpleChoice identifier="uva-statistical-errors-282-nl-qti_196547854_section_1_item_1_schoice_1_9513520561">
<p>
 Beide uitspraak zijn juist.
</p>
</simpleChoice>
<simpleChoice identifier="uva-statistical-errors-282-nl-qti_196547854_section_1_item_1_schoice_2_1182058113">
<p>
 Uitspraak I is juist, uitspraak II is onjuist.
</p>
</simpleChoice>
<simpleChoice identifier="uva-statistical-errors-282-nl-qti_196547854_section_1_item_1_schoice_3_1998058037">
<p>
 Uitspraak I is onjuist, uitspraak II is juist.
</p>
</simpleChoice>
<simpleChoice identifier="uva-statistical-errors-282-nl-qti_196547854_section_1_item_1_schoice_4_1341865670">
<p>
 Beide uitspraak zijn onjuist.
</p>
</simpleChoice>
</choiceInteraction>
</itemBody>
<responseProcessing>
<setOutcomeValue identifier="SCORE_RESPONSE_1">
<sum>
<variable identifier="SCORE_RESPONSE_1"/>
<mapResponse identifier="uva-statistical-errors-282-nl-qti_196547854_section_1_item_1_schoice_RESPONSE_1_8616417"/>
</sum>
</setOutcomeValue>
<responseCondition>
<responseIf>
<lt>
<variable identifier="SCORE_RESPONSE_1"/>
<variable identifier="MINSCORE_RESPONSE_1"/>
</lt>
<setOutcomeValue identifier="SCORE_RESPONSE_1">
<variable identifier="MINSCORE_RESPONSE_1"/>
</setOutcomeValue>
</responseIf>
</responseCondition>
<responseCondition>
<responseIf>
<isNull>
<variable identifier="uva-statistical-errors-282-nl-qti_196547854_section_1_item_1_schoice_RESPONSE_1_8616417"/>
</isNull>
<setOutcomeValue identifier="SCORE_RESPONSE_1">
<sum>
<variable identifier="SCORE_RESPONSE_1"/>
<baseValue baseType="float">0</baseValue>
</sum>
</setOutcomeValue>
</responseIf>
</responseCondition>
<setOutcomeValue identifier="SCORE">
<sum>
<variable identifier="SCORE_RESPONSE_1"/>
</sum>
</setOutcomeValue>
<responseCondition>
<responseIf>
<lt>
<variable identifier="SCORE"/>
<variable identifier="MINSCORE"/>
</lt>
<setOutcomeValue identifier="SCORE">
<variable identifier="MINSCORE"/>
</setOutcomeValue>
</responseIf>
</responseCondition>
<responseCondition>
<responseIf>
<lt>
<variable identifier="SCORE"/>
<baseValue baseType="float">1</baseValue>
</lt>
<setOutcomeValue identifier="FEEDBACKMODAL">
<multiple>
<variable identifier="FEEDBACKMODAL"/>
<baseValue baseType="identifier">Feedback495686918</baseValue>
</multiple>
</setOutcomeValue>
</responseIf>
</responseCondition>
</responseProcessing>
<modalFeedback identifier="Feedback495686918" outcomeIdentifier="FEEDBACKMODAL" showHide="show">
<p>Het correcte antwoord is:</p>
<ul>
<li>Uitspraak I is onjuist, uitspraak II is juist.</li>
</ul>
</modalFeedback>
</assessmentItem>
