<?xml version="1.0" encoding="UTF-8"?>
<assessmentItem xsi:schemaLocation="http://www.imsglobal.org/xsd/imsqti_v2p1 http://www.imsglobal.org/xsd/qti/qtiv2p1/imsqti_v2p1p1.xsd http://www.w3.org/1998/Math/MathML http://www.w3.org/Math/XMLSchema/mathml2/mathml2.xsd" identifier="vufgb-standarddeviation-012-nl-qti_787973510_section_1_item_1_schoice" title="1" adaptive="false" timeDependent="false" xmlns="http://www.imsglobal.org/xsd/imsqti_v2p1" xmlns:xsi="http://www.w3.org/2001/XMLSchema-instance">
<responseDeclaration identifier="vufgb-standarddeviation-012-nl-qti_787973510_section_1_item_1_schoice_RESPONSE_1_1192008" cardinality="single" baseType="identifier">
<correctResponse>
<value>vufgb-standarddeviation-012-nl-qti_787973510_section_1_item_1_schoice_3_5336720701</value>
</correctResponse>
<mapping defaultValue="0" lowerBound="0.0">
<mapEntry mapKey="vufgb-standarddeviation-012-nl-qti_787973510_section_1_item_1_schoice_1_7396339182" mappedValue="0"/>
<mapEntry mapKey="vufgb-standarddeviation-012-nl-qti_787973510_section_1_item_1_schoice_2_6327552462" mappedValue="0"/>
<mapEntry mapKey="vufgb-standarddeviation-012-nl-qti_787973510_section_1_item_1_schoice_3_5336720701" mappedValue="1"/>
<mapEntry mapKey="vufgb-standarddeviation-012-nl-qti_787973510_section_1_item_1_schoice_4_5866061073" mappedValue="0"/>
</mapping>
</responseDeclaration>
<outcomeDeclaration identifier="SCORE" cardinality="single" baseType="float" normalMaximum="1" normalMinimum="0">
<defaultValue>
<value>0.0</value>
</defaultValue>
</outcomeDeclaration>
<outcomeDeclaration identifier="MAXSCORE" cardinality="single" baseType="float">
<defaultValue>
<value>1</value>
</defaultValue>
</outcomeDeclaration>
<outcomeDeclaration identifier="FEEDBACKBASIC" cardinality="single" baseType="identifier" view="testConstructor">
<defaultValue>
<value>empty</value>
</defaultValue>
</outcomeDeclaration>
<outcomeDeclaration identifier="FEEDBACKMODAL" cardinality="multiple" baseType="identifier" view="testConstructor"/>
<outcomeDeclaration identifier="SOLUTIONMODAL" cardinality="single" baseType="identifier" view="testConstructor"/>
<outcomeDeclaration identifier="MINSCORE" cardinality="single" baseType="float">
<defaultValue>
<value baseType="float">0</value>
</defaultValue>
</outcomeDeclaration>
<outcomeDeclaration identifier="SCORE_RESPONSE_1" cardinality="single" baseType="float">
<defaultValue>
<value>0.0</value>
</defaultValue>
</outcomeDeclaration>
<outcomeDeclaration identifier="MINSCORE_RESPONSE_1" cardinality="single" baseType="float">
<defaultValue>
<value>0.0</value>
</defaultValue>
</outcomeDeclaration>
<itemBody>
<p>Gegeven zijn de volgende scores op een variabele voor vijf personen:
10, 14, 12, 8 en 9. Bereken de standaarddeviatie.</p>
<choiceInteraction responseIdentifier="vufgb-standarddeviation-012-nl-qti_787973510_section_1_item_1_schoice_RESPONSE_1_1192008" shuffle="false" maxChoices="1">
<simpleChoice identifier="vufgb-standarddeviation-012-nl-qti_787973510_section_1_item_1_schoice_1_7396339182">
<p>
 0.50
</p>
</simpleChoice>
<simpleChoice identifier="vufgb-standarddeviation-012-nl-qti_787973510_section_1_item_1_schoice_2_6327552462">
<p>
 2.15
</p>
</simpleChoice>
<simpleChoice identifier="vufgb-standarddeviation-012-nl-qti_787973510_section_1_item_1_schoice_3_5336720701">
<p>
 2.41
</p>
</simpleChoice>
<simpleChoice identifier="vufgb-standarddeviation-012-nl-qti_787973510_section_1_item_1_schoice_4_5866061073">
<p>
 5.80
</p>
</simpleChoice>
</choiceInteraction>
</itemBody>
<responseProcessing>
<setOutcomeValue identifier="SCORE_RESPONSE_1">
<sum>
<variable identifier="SCORE_RESPONSE_1"/>
<mapResponse identifier="vufgb-standarddeviation-012-nl-qti_787973510_section_1_item_1_schoice_RESPONSE_1_1192008"/>
</sum>
</setOutcomeValue>
<responseCondition>
<responseIf>
<lt>
<variable identifier="SCORE_RESPONSE_1"/>
<variable identifier="MINSCORE_RESPONSE_1"/>
</lt>
<setOutcomeValue identifier="SCORE_RESPONSE_1">
<variable identifier="MINSCORE_RESPONSE_1"/>
</setOutcomeValue>
</responseIf>
</responseCondition>
<responseCondition>
<responseIf>
<isNull>
<variable identifier="vufgb-standarddeviation-012-nl-qti_787973510_section_1_item_1_schoice_RESPONSE_1_1192008"/>
</isNull>
<setOutcomeValue identifier="SCORE_RESPONSE_1">
<sum>
<variable identifier="SCORE_RESPONSE_1"/>
<baseValue baseType="float">0</baseValue>
</sum>
</setOutcomeValue>
</responseIf>
</responseCondition>
<setOutcomeValue identifier="SCORE">
<sum>
<variable identifier="SCORE_RESPONSE_1"/>
</sum>
</setOutcomeValue>
<responseCondition>
<responseIf>
<lt>
<variable identifier="SCORE"/>
<variable identifier="MINSCORE"/>
</lt>
<setOutcomeValue identifier="SCORE">
<variable identifier="MINSCORE"/>
</setOutcomeValue>
</responseIf>
</responseCondition>
<responseCondition>
<responseIf>
<lt>
<variable identifier="SCORE"/>
<baseValue baseType="float">1</baseValue>
</lt>
<setOutcomeValue identifier="FEEDBACKMODAL">
<multiple>
<variable identifier="FEEDBACKMODAL"/>
<baseValue baseType="identifier">Feedback211524576</baseValue>
</multiple>
</setOutcomeValue>
</responseIf>
</responseCondition>
</responseProcessing>
<modalFeedback identifier="Feedback211524576" outcomeIdentifier="FEEDBACKMODAL" showHide="show">
<ul>
<li> 0.50 <br /> Incorrect </li>
<li> 2.15 <br /> Incorrect </li>
<li> 2.41 <br /> Correct </li>
<li> 5.80 <br /> Incorrect </li>
</ul>
</modalFeedback>
</assessmentItem>
