<?xml version="1.0" encoding="utf-8" standalone="yes"?>
<assessmentItem identifier="uva-oneway-anova-905-en-tv_202510071723_item_1_schoice" title="uva-oneway-anova-905-en-tv_202510071723_item_1_schoice_uva-oneway-anova-905-en" adaptive="false" timeDependent="false" toolName="Testvision Online" toolVersion="39.0.9084" xmlns="http://www.imsglobal.org/xsd/imsqti_v2p1">
<responseDeclaration identifier="RESPONSE" cardinality="single" baseType="identifier">
<correctResponse>
<value>alt_139333</value>
</correctResponse>
<mapping defaultValue="0" lowerBound="0.0">
<mapEntry mapKey="alt_451329" mappedValue="-0.5"/>
<mapEntry mapKey="alt_467142" mappedValue="-0.5"/>
<mapEntry mapKey="alt_139333" mappedValue="1"/>
</mapping>
</responseDeclaration>
<outcomeDeclaration identifier="SCORE" cardinality="single" baseType="float" normalMaximum="1" normalMinimum="0" />
<outcomeDeclaration identifier="FEEDBACK" cardinality="single" baseType="identifier" />
<stylesheet href="css/uva-oneway-anova-905-en-tv_202510071723_item_1_schoice.css" type="text/css" />
<itemBody>
<p>The table shows the result of a one-factor ANOVA.</p>
<p>——– —- —– —- — Source df SS MS F Groups 2 Error 60 300 Total 62 330 ——– —- —– —- —</p>
<p>The test for the null hypothesis ANOVA can be performed at a significance level of 0.05</p>
<choiceInteraction responseIdentifier="RESPONSE" shuffle="false" maxChoices="1">
<simpleChoice identifier="alt_451329">
<div class="textblock tvblock tvcss_1"><div class="rte_zone tveditor1">
 Cannot be determined
</div>
</div>
</simpleChoice>
<simpleChoice identifier="alt_467142">
<div class="textblock tvblock tvcss_1"><div class="rte_zone tveditor1">
 Be rejected
</div>
</div>
</simpleChoice>
<simpleChoice identifier="alt_139333">
<div class="textblock tvblock tvcss_1"><div class="rte_zone tveditor1">
 Not to be rejected
</div>
</div>
</simpleChoice>
</choiceInteraction>
</itemBody>
<responseProcessing>
<responseCondition>
<responseIf>
<isNull>
<variable identifier="RESPONSE"/>
</isNull>
<setOutcomeValue identifier="SCORE">
<baseValue baseType="float">0.0</baseValue>
</setOutcomeValue>
<setOutcomeValue identifier="FEEDBACK">
<baseValue baseType="identifier">FAILURE</baseValue>
</setOutcomeValue>
</responseIf>
<responseElse>
<setOutcomeValue identifier="SCORE">
<mapResponse identifier="RESPONSE"/>
</setOutcomeValue>
<responseCondition>
<responseIf>
<equal toleranceMode="relative" tolerance="0.001">
<variable identifier="SCORE"/>
<variable identifier="MAXSCORE"/>
</equal>
<setOutcomeValue identifier="FEEDBACK">
<baseValue baseType="identifier">ANSWER_CORRECT</baseValue>
</setOutcomeValue>
</responseIf>
<responseElse>
<setOutcomeValue identifier="FEEDBACK">
<baseValue baseType="identifier">FAILURE</baseValue>
</setOutcomeValue>
</responseElse>
</responseCondition>
</responseElse>
</responseCondition>
</responseProcessing>
<modalFeedback identifier="FAILURE" outcomeIdentifier="FEEDBACK" showHide="show">
<div class="textblock tvblock tvcss_1"><div class="rte_zone tveditor1">
<ul>
<li> Cannot be determined <br /> Cannot be determined: Incorrect </li>
<li> Be rejected <br /> Be rejected: Incorrect </li>
<li> Not to be rejected <br /> Not be rejected: Correct </li>
</ul>
</div>
</div>
</modalFeedback>
<modalFeedback identifier="ANSWER_CORRECT" outcomeIdentifier="FEEDBACK" showHide="show">
<div class="textblock tvblock tvcss_1"><div class="rte_zone tveditor1">
<ul>
<li> Cannot be determined <br /> Cannot be determined: Incorrect </li>
<li> Be rejected <br /> Be rejected: Incorrect </li>
<li> Not to be rejected <br /> Not be rejected: Correct </li>
</ul>
</div>
</div>
</modalFeedback>
<modalFeedback identifier="PARTIAL_CORRECT" outcomeIdentifier="FEEDBACK" showHide="show">
<div class="textblock tvblock tvcss_1"><div class="rte_zone tveditor1">
<ul>
<li> Cannot be determined <br /> Cannot be determined: Incorrect </li>
<li> Be rejected <br /> Be rejected: Incorrect </li>
<li> Not to be rejected <br /> Not be rejected: Correct </li>
</ul>
</div>
</div>
</modalFeedback>
</assessmentItem>
