<?xml version="1.0" encoding="utf-8" standalone="yes"?>
<assessmentItem identifier="vufgb-effectsize-002-nl-tv_202209061508_item_1_schoice" title="vufgb-effectsize-002-nl-tv_202209061508_item_1_schoice_vufgb-effectsize-002-nl" adaptive="false" timeDependent="false" toolName="Testvision Online" toolVersion="39.0.9084" xmlns="http://www.imsglobal.org/xsd/imsqti_v2p1">
<responseDeclaration identifier="RESPONSE" cardinality="single" baseType="identifier">
<correctResponse>
<value>alt_947968</value>
</correctResponse>
<mapping defaultValue="0" lowerBound="0.0">
<mapEntry mapKey="alt_279840" mappedValue="-0.333333333333333"/>
<mapEntry mapKey="alt_976010" mappedValue="-0.333333333333333"/>
<mapEntry mapKey="alt_804294" mappedValue="-0.333333333333333"/>
<mapEntry mapKey="alt_947968" mappedValue="1"/>
</mapping>
</responseDeclaration>
<outcomeDeclaration identifier="SCORE" cardinality="single" baseType="float" normalMaximum="1" normalMinimum="0" />
<outcomeDeclaration identifier="FEEDBACK" cardinality="single" baseType="identifier" />
<itemBody>
<p>Een onderzoekster neemt een depressievragenlijst af bij 35 vrouwen en 13 mannen. De
mannen scoren gemiddeld 15 (SD=10), en de vrouwen 16 (SD=20); ook is bekend dat de residuele
kwadratensom (‘Within-groups SS’) gelijk is aan 14800. Wat valt er te zeggen over de effect grootte
van het verschil tussen mannen en vrouwen?</p>
<choiceInteraction responseIdentifier="RESPONSE" shuffle="false" maxChoices="1">
<simpleChoice identifier="alt_279840">
<div class="textblock tvblock tvcss_1"><div class="rte_zone tveditor1">
a. d = 0.067; dit effect ligt in het interval klein tot middelmatig.
</div>
</div>
</simpleChoice>
<simpleChoice identifier="alt_976010">
<div class="textblock tvblock tvcss_1"><div class="rte_zone tveditor1">
b. d = 0.067; dit effect ligt in het interval middelmatig tot groot.
</div>
</div>
</simpleChoice>
<simpleChoice identifier="alt_804294">
<div class="textblock tvblock tvcss_1"><div class="rte_zone tveditor1">
c. d = 0.056; dit effect ligt in het interval klein tot middelmatig.
</div>
</div>
</simpleChoice>
<simpleChoice identifier="alt_947968">
<div class="textblock tvblock tvcss_1"><div class="rte_zone tveditor1">
d. d = 0.056; dit effect ligt in het interval middelmatig tot groot.
</div>
</div>
</simpleChoice>
</choiceInteraction>
</itemBody>
<responseProcessing>
<responseCondition>
<responseIf>
<isNull>
<variable identifier="RESPONSE"/>
</isNull>
<setOutcomeValue identifier="SCORE">
<baseValue baseType="float">0.0</baseValue>
</setOutcomeValue>
<setOutcomeValue identifier="FEEDBACK">
<baseValue baseType="identifier">FAILURE</baseValue>
</setOutcomeValue>
</responseIf>
<responseElse>
<setOutcomeValue identifier="SCORE">
<mapResponse identifier="RESPONSE"/>
</setOutcomeValue>
<responseCondition>
<responseIf>
<equal toleranceMode="relative" tolerance="0.001">
<variable identifier="SCORE"/>
<variable identifier="MAXSCORE"/>
</equal>
<setOutcomeValue identifier="FEEDBACK">
<baseValue baseType="identifier">ANSWER_CORRECT</baseValue>
</setOutcomeValue>
</responseIf>
<responseElse>
<setOutcomeValue identifier="FEEDBACK">
<baseValue baseType="identifier">FAILURE</baseValue>
</setOutcomeValue>
</responseElse>
</responseCondition>
</responseElse>
</responseCondition>
</responseProcessing>
<modalFeedback identifier="FAILURE" outcomeIdentifier="FEEDBACK" showHide="show">
<div class="textblock tvblock tvcss_1"><div class="rte_zone tveditor1">
<ol>
<li> d = 0.067; dit effect ligt in het interval klein tot middelmatig. <br /> Incorrect </li>
<li> d = 0.067; dit effect ligt in het interval middelmatig tot groot. <br /> Incorrect </li>
<li> d = 0.056; dit effect ligt in het interval klein tot middelmatig. <br /> Incorrect </li>
<li> d = 0.056; dit effect ligt in het interval middelmatig tot groot. <br /> Correct </li>
</ol>
</div>
</div>
</modalFeedback>
<modalFeedback identifier="ANSWER_CORRECT" outcomeIdentifier="FEEDBACK" showHide="show">
<div class="textblock tvblock tvcss_1"><div class="rte_zone tveditor1">
<ol>
<li> d = 0.067; dit effect ligt in het interval klein tot middelmatig. <br /> Incorrect </li>
<li> d = 0.067; dit effect ligt in het interval middelmatig tot groot. <br /> Incorrect </li>
<li> d = 0.056; dit effect ligt in het interval klein tot middelmatig. <br /> Incorrect </li>
<li> d = 0.056; dit effect ligt in het interval middelmatig tot groot. <br /> Correct </li>
</ol>
</div>
</div>
</modalFeedback>
<modalFeedback identifier="PARTIAL_CORRECT" outcomeIdentifier="FEEDBACK" showHide="show">
<div class="textblock tvblock tvcss_1"><div class="rte_zone tveditor1">
<ol>
<li> d = 0.067; dit effect ligt in het interval klein tot middelmatig. <br /> Incorrect </li>
<li> d = 0.067; dit effect ligt in het interval middelmatig tot groot. <br /> Incorrect </li>
<li> d = 0.056; dit effect ligt in het interval klein tot middelmatig. <br /> Incorrect </li>
<li> d = 0.056; dit effect ligt in het interval middelmatig tot groot. <br /> Correct </li>
</ol>
</div>
</div>
</modalFeedback>
</assessmentItem>
