<?xml version="1.0" encoding="utf-8" standalone="yes"?>
<assessmentItem identifier="uu-Assumptions-800-en-tv_202510071723_item_1_schoice" title="uu-Assumptions-800-en-tv_202510071723_item_1_schoice_uu-Assumptions-800-en" adaptive="false" timeDependent="false" toolName="Testvision Online" toolVersion="39.0.9084" xmlns="http://www.imsglobal.org/xsd/imsqti_v2p1">
<responseDeclaration identifier="RESPONSE" cardinality="single" baseType="identifier">
<correctResponse>
<value>alt_627275</value>
</correctResponse>
<mapping defaultValue="0" lowerBound="0.0">
<mapEntry mapKey="alt_267745" mappedValue="-0.333333333333333"/>
<mapEntry mapKey="alt_627275" mappedValue="1"/>
<mapEntry mapKey="alt_357026" mappedValue="-0.333333333333333"/>
<mapEntry mapKey="alt_853828" mappedValue="-0.333333333333333"/>
</mapping>
</responseDeclaration>
<outcomeDeclaration identifier="SCORE" cardinality="single" baseType="float" normalMaximum="1" normalMinimum="0" />
<outcomeDeclaration identifier="FEEDBACK" cardinality="single" baseType="identifier" />
<stylesheet href="css/uu-Assumptions-800-en-tv_202510071723_item_1_schoice.css" type="text/css" />
<itemBody>
<p>Which of the two assumptions below belongs/belongs to the t-test for repeated measures?</p>
<p>I. The observations at time 1 are independent of the observations at time 2. II. The difference scores are normally distributed.</p>
<choiceInteraction responseIdentifier="RESPONSE" shuffle="false" maxChoices="1">
<simpleChoice identifier="alt_267745">
<div class="textblock tvblock tvcss_1"><div class="rte_zone tveditor1">
 Assumption I yes, assumption II no.
</div>
</div>
</simpleChoice>
<simpleChoice identifier="alt_627275">
<div class="textblock tvblock tvcss_1"><div class="rte_zone tveditor1">
 Assumption I does not, assumption II does.
</div>
</div>
</simpleChoice>
<simpleChoice identifier="alt_357026">
<div class="textblock tvblock tvcss_1"><div class="rte_zone tveditor1">
 Both assumptions belong.
</div>
</div>
</simpleChoice>
<simpleChoice identifier="alt_853828">
<div class="textblock tvblock tvcss_1"><div class="rte_zone tveditor1">
 Neither assumption belongs.
</div>
</div>
</simpleChoice>
</choiceInteraction>
</itemBody>
<responseProcessing>
<responseCondition>
<responseIf>
<isNull>
<variable identifier="RESPONSE"/>
</isNull>
<setOutcomeValue identifier="SCORE">
<baseValue baseType="float">0.0</baseValue>
</setOutcomeValue>
<setOutcomeValue identifier="FEEDBACK">
<baseValue baseType="identifier">FAILURE</baseValue>
</setOutcomeValue>
</responseIf>
<responseElse>
<setOutcomeValue identifier="SCORE">
<mapResponse identifier="RESPONSE"/>
</setOutcomeValue>
<responseCondition>
<responseIf>
<equal toleranceMode="relative" tolerance="0.001">
<variable identifier="SCORE"/>
<variable identifier="MAXSCORE"/>
</equal>
<setOutcomeValue identifier="FEEDBACK">
<baseValue baseType="identifier">ANSWER_CORRECT</baseValue>
</setOutcomeValue>
</responseIf>
<responseElse>
<setOutcomeValue identifier="FEEDBACK">
<baseValue baseType="identifier">FAILURE</baseValue>
</setOutcomeValue>
</responseElse>
</responseCondition>
</responseElse>
</responseCondition>
</responseProcessing>
<modalFeedback identifier="FAILURE" outcomeIdentifier="FEEDBACK" showHide="show">
<div class="textblock tvblock tvcss_1"><div class="rte_zone tveditor1">
</div>
</div>
</modalFeedback>
<modalFeedback identifier="ANSWER_CORRECT" outcomeIdentifier="FEEDBACK" showHide="show">
<div class="textblock tvblock tvcss_1"><div class="rte_zone tveditor1">
</div>
</div>
</modalFeedback>
<modalFeedback identifier="PARTIAL_CORRECT" outcomeIdentifier="FEEDBACK" showHide="show">
<div class="textblock tvblock tvcss_1"><div class="rte_zone tveditor1">
</div>
</div>
</modalFeedback>
</assessmentItem>
