<?xml version="1.0" encoding="UTF-8"?>
<assessmentItem xsi:schemaLocation="http://www.imsglobal.org/xsd/imsqti_v2p1 http://www.imsglobal.org/xsd/qti/qtiv2p1/imsqti_v2p1p1.xsd http://www.w3.org/1998/Math/MathML http://www.w3.org/Math/XMLSchema/mathml2/mathml2.xsd" identifier="uva-graphs-1237-nl-ans_213997031_section_1_item_1_schoice" title="Descriptive-statistics_uva-graphs-1237-nl_uva-graphs-1237-nl_schoice_1" adaptive="false" timeDependent="false" xmlns="http://www.imsglobal.org/xsd/imsqti_v2p1" xmlns:xsi="http://www.w3.org/2001/XMLSchema-instance">
<responseDeclaration identifier="uva-graphs-1237-nl-ans_213997031_section_1_item_1_schoice_RESPONSE_1_1513624" cardinality="single" baseType="identifier">
<correctResponse>
<value>uva-graphs-1237-nl-ans_213997031_section_1_item_1_schoice_3_2138651231</value>
</correctResponse>
<mapping defaultValue="0" lowerBound="0.0">
<mapEntry mapKey="uva-graphs-1237-nl-ans_213997031_section_1_item_1_schoice_1_5579769882" mappedValue="0"/>
<mapEntry mapKey="uva-graphs-1237-nl-ans_213997031_section_1_item_1_schoice_2_8972730213" mappedValue="0"/>
<mapEntry mapKey="uva-graphs-1237-nl-ans_213997031_section_1_item_1_schoice_3_2138651231" mappedValue="1"/>
<mapEntry mapKey="uva-graphs-1237-nl-ans_213997031_section_1_item_1_schoice_4_4086762339" mappedValue="0"/>
</mapping>
</responseDeclaration>
<outcomeDeclaration identifier="SCORE" cardinality="single" baseType="float" normalMaximum="1" normalMinimum="0">
<defaultValue>
<value>0.0</value>
</defaultValue>
</outcomeDeclaration>
<outcomeDeclaration identifier="MAXSCORE" cardinality="single" baseType="float">
<defaultValue>
<value>1</value>
</defaultValue>
</outcomeDeclaration>
<outcomeDeclaration identifier="FEEDBACKBASIC" cardinality="single" baseType="identifier" view="testConstructor">
<defaultValue>
<value>empty</value>
</defaultValue>
</outcomeDeclaration>
<outcomeDeclaration identifier="FEEDBACKMODAL" cardinality="multiple" baseType="identifier" view="testConstructor"/>
<outcomeDeclaration identifier="SOLUTIONMODAL" cardinality="single" baseType="identifier" view="testConstructor"/>
<outcomeDeclaration identifier="MINSCORE" cardinality="single" baseType="float">
<defaultValue>
<value baseType="float">0</value>
</defaultValue>
</outcomeDeclaration>
<outcomeDeclaration identifier="SCORE_RESPONSE_1" cardinality="single" baseType="float">
<defaultValue>
<value>0.0</value>
</defaultValue>
</outcomeDeclaration>
<outcomeDeclaration identifier="MINSCORE_RESPONSE_1" cardinality="single" baseType="float">
<defaultValue>
<value>0.0</value>
</defaultValue>
</outcomeDeclaration>
<itemBody>
<p>Van 53 ziekenhuispatiënten is bij ontslag de lengte van hun
ziekenhuisopname bepaald. Die bleek gemiddeld 6.3 dagen te zijn met een
standaardafwijking van 6.9 dagen. De verdeling van de variabele
“ziekenhuisopname” is:</p>
<choiceInteraction responseIdentifier="uva-graphs-1237-nl-ans_213997031_section_1_item_1_schoice_RESPONSE_1_1513624" shuffle="false" maxChoices="1">
<simpleChoice identifier="uva-graphs-1237-nl-ans_213997031_section_1_item_1_schoice_1_5579769882">
<p>
 symmetrisch
</p>
</simpleChoice>
<simpleChoice identifier="uva-graphs-1237-nl-ans_213997031_section_1_item_1_schoice_2_8972730213">
<p>
 links-scheef
</p>
</simpleChoice>
<simpleChoice identifier="uva-graphs-1237-nl-ans_213997031_section_1_item_1_schoice_3_2138651231">
<p>
 rechts-scheef
</p>
</simpleChoice>
<simpleChoice identifier="uva-graphs-1237-nl-ans_213997031_section_1_item_1_schoice_4_4086762339">
<p>
 geen van voorgaande
</p>
</simpleChoice>
</choiceInteraction>
</itemBody>
<responseProcessing>
<setOutcomeValue identifier="SCORE_RESPONSE_1">
<sum>
<variable identifier="SCORE_RESPONSE_1"/>
<mapResponse identifier="uva-graphs-1237-nl-ans_213997031_section_1_item_1_schoice_RESPONSE_1_1513624"/>
</sum>
</setOutcomeValue>
<responseCondition>
<responseIf>
<lt>
<variable identifier="SCORE_RESPONSE_1"/>
<variable identifier="MINSCORE_RESPONSE_1"/>
</lt>
<setOutcomeValue identifier="SCORE_RESPONSE_1">
<variable identifier="MINSCORE_RESPONSE_1"/>
</setOutcomeValue>
</responseIf>
</responseCondition>
<responseCondition>
<responseIf>
<isNull>
<variable identifier="uva-graphs-1237-nl-ans_213997031_section_1_item_1_schoice_RESPONSE_1_1513624"/>
</isNull>
<setOutcomeValue identifier="SCORE_RESPONSE_1">
<sum>
<variable identifier="SCORE_RESPONSE_1"/>
<baseValue baseType="float">0</baseValue>
</sum>
</setOutcomeValue>
</responseIf>
</responseCondition>
<setOutcomeValue identifier="SCORE">
<sum>
<variable identifier="SCORE_RESPONSE_1"/>
</sum>
</setOutcomeValue>
<responseCondition>
<responseIf>
<lt>
<variable identifier="SCORE"/>
<variable identifier="MINSCORE"/>
</lt>
<setOutcomeValue identifier="SCORE">
<variable identifier="MINSCORE"/>
</setOutcomeValue>
</responseIf>
</responseCondition>
<responseCondition>
<responseIf>
<lt>
<variable identifier="SCORE"/>
<baseValue baseType="float">1</baseValue>
</lt>
<setOutcomeValue identifier="FEEDBACKMODAL">
<multiple>
<variable identifier="FEEDBACKMODAL"/>
<baseValue baseType="identifier">Feedback880037588</baseValue>
</multiple>
</setOutcomeValue>
</responseIf>
</responseCondition>
</responseProcessing>
<modalFeedback outcomeIdentifier="FEEDBACK" showHide="show" identifier="incorrect">
<ul>
<li> symmetrisch <br /> symmetrisch: Incorrect </li>
<li> links-scheef <br /> links-scheef: Incorrect </li>
<li> rechts-scheef <br /> rechts-scheef: Correct </li>
<li> geen van voorgaande <br /> geen van voorgaande: Incorrect </li>
</ul>
</modalFeedback>
</assessmentItem>
