<?xml version="1.0" encoding="utf-8" standalone="yes"?>
<assessmentItem identifier="uu-Cronbach's-alpha-017-en-tv_202209061512_item_1_schoice" title="uu-Cronbach's-alpha-017-en-tv_202209061512_item_1_schoice_uu-Cronbach's-alpha-017-en.Rmd" adaptive="false" timeDependent="false" toolName="Testvision Online" toolVersion="39.0.9084" xmlns="http://www.imsglobal.org/xsd/imsqti_v2p1">
<responseDeclaration identifier="RESPONSE" cardinality="single" baseType="identifier">
<correctResponse>
<value>alt_213196</value>
</correctResponse>
<mapping defaultValue="0" lowerBound="0.0">
<mapEntry mapKey="alt_481698" mappedValue="-0.333333333333333"/>
<mapEntry mapKey="alt_565096" mappedValue="-0.333333333333333"/>
<mapEntry mapKey="alt_557013" mappedValue="-0.333333333333333"/>
<mapEntry mapKey="alt_213196" mappedValue="1"/>
</mapping>
</responseDeclaration>
<outcomeDeclaration identifier="SCORE" cardinality="single" baseType="float" normalMaximum="1" normalMinimum="0" />
<outcomeDeclaration identifier="FEEDBACK" cardinality="single" baseType="identifier" />
<itemBody>
<p>Researchers are interested in the relation between depression and personality disorders. Personality disorders are problematic traits and behaviors that exceed the usual range of individual differences. The researchers conducted interviews assessing personality disorders with adolescents who were psychiatric inpatients. Depression was measured using a questionnaire consisting of 11 questions.</p>
<p>To measure the internal consistency of the depression questionnaire, Cronbach’s Alpha was calculated.</p>
<p><img src="mediafiles/supplements1/uu-Cronbachs-alpha-017-en-tabel.JPG" alt="image"/></p>
<p>What is the influence of item dep5 on Cronbach’s Alpha?</p>
<choiceInteraction responseIdentifier="RESPONSE" shuffle="false" maxChoices="1">
<simpleChoice identifier="alt_481698">
<div class="textblock tvblock tvcss_1"><div class="rte_zone tveditor1">
a. It has a positive influence on alpha; this is caused by the item’s high mean.
</div>
</div>
</simpleChoice>
<simpleChoice identifier="alt_565096">
<div class="textblock tvblock tvcss_1"><div class="rte_zone tveditor1">
b. It has a negative influence on alpha; this is caused by the item’s Scale Mean if item deleted.
</div>
</div>
</simpleChoice>
<simpleChoice identifier="alt_557013">
<div class="textblock tvblock tvcss_1"><div class="rte_zone tveditor1">
c. It has a positive influence on alpha; this is indicated by the item’s Cronbach’s alpha if item deleted.
</div>
</div>
</simpleChoice>
<simpleChoice identifier="alt_213196">
<div class="textblock tvblock tvcss_1"><div class="rte_zone tveditor1">
d. It has a negative influence on alpha; this is caused by the item’s corrected item-total correlation.
</div>
</div>
</simpleChoice>
</choiceInteraction>
</itemBody>
<responseProcessing>
<responseCondition>
<responseIf>
<isNull>
<variable identifier="RESPONSE"/>
</isNull>
<setOutcomeValue identifier="SCORE">
<baseValue baseType="float">0.0</baseValue>
</setOutcomeValue>
<setOutcomeValue identifier="FEEDBACK">
<baseValue baseType="identifier">FAILURE</baseValue>
</setOutcomeValue>
</responseIf>
<responseElse>
<setOutcomeValue identifier="SCORE">
<mapResponse identifier="RESPONSE"/>
</setOutcomeValue>
<responseCondition>
<responseIf>
<equal toleranceMode="relative" tolerance="0.001">
<variable identifier="SCORE"/>
<variable identifier="MAXSCORE"/>
</equal>
<setOutcomeValue identifier="FEEDBACK">
<baseValue baseType="identifier">ANSWER_CORRECT</baseValue>
</setOutcomeValue>
</responseIf>
<responseElse>
<setOutcomeValue identifier="FEEDBACK">
<baseValue baseType="identifier">FAILURE</baseValue>
</setOutcomeValue>
</responseElse>
</responseCondition>
</responseElse>
</responseCondition>
</responseProcessing>
<modalFeedback identifier="FAILURE" outcomeIdentifier="FEEDBACK" showHide="show">
<div class="textblock tvblock tvcss_1"><div class="rte_zone tveditor1">
<ol>
<li> It has a positive influence on alpha; this is caused by the item’s high mean. <br /> This answer is incorrect. </li>
<li> It has a negative influence on alpha; this is caused by the item’s Scale Mean if item deleted. <br /> This answer is incorrect. </li>
<li> It has a positive influence on alpha; this is indicated by the item’s Cronbach’s alpha if item deleted. <br /> This answer is incorrect. </li>
<li> It has a negative influence on alpha; this is caused by the item’s corrected item-total correlation. <br /> This answer is correct. </li>
</ol>
</div>
</div>
</modalFeedback>
<modalFeedback identifier="ANSWER_CORRECT" outcomeIdentifier="FEEDBACK" showHide="show">
<div class="textblock tvblock tvcss_1"><div class="rte_zone tveditor1">
<ol>
<li> It has a positive influence on alpha; this is caused by the item’s high mean. <br /> This answer is incorrect. </li>
<li> It has a negative influence on alpha; this is caused by the item’s Scale Mean if item deleted. <br /> This answer is incorrect. </li>
<li> It has a positive influence on alpha; this is indicated by the item’s Cronbach’s alpha if item deleted. <br /> This answer is incorrect. </li>
<li> It has a negative influence on alpha; this is caused by the item’s corrected item-total correlation. <br /> This answer is correct. </li>
</ol>
</div>
</div>
</modalFeedback>
<modalFeedback identifier="PARTIAL_CORRECT" outcomeIdentifier="FEEDBACK" showHide="show">
<div class="textblock tvblock tvcss_1"><div class="rte_zone tveditor1">
<ol>
<li> It has a positive influence on alpha; this is caused by the item’s high mean. <br /> This answer is incorrect. </li>
<li> It has a negative influence on alpha; this is caused by the item’s Scale Mean if item deleted. <br /> This answer is incorrect. </li>
<li> It has a positive influence on alpha; this is indicated by the item’s Cronbach’s alpha if item deleted. <br /> This answer is incorrect. </li>
<li> It has a negative influence on alpha; this is caused by the item’s corrected item-total correlation. <br /> This answer is correct. </li>
</ol>
</div>
</div>
</modalFeedback>
</assessmentItem>
