<?xml version="1.0" encoding="UTF-8"?>
<assessmentItem xsi:schemaLocation="http://www.imsglobal.org/xsd/imsqti_v2p1 http://www.imsglobal.org/xsd/qti/qtiv2p1/imsqti_v2p1p1.xsd http://www.w3.org/1998/Math/MathML http://www.w3.org/Math/XMLSchema/mathml2/mathml2.xsd" identifier="uva-normal-378-nl-ans_615798663_section_1_item_1_schoice" title="Distributions_uva-normal-378-nl_uva-normal-378-nl_schoice_1" adaptive="false" timeDependent="false" xmlns="http://www.imsglobal.org/xsd/imsqti_v2p1" xmlns:xsi="http://www.w3.org/2001/XMLSchema-instance">
<responseDeclaration identifier="uva-normal-378-nl-ans_615798663_section_1_item_1_schoice_RESPONSE_1_7471954" cardinality="single" baseType="identifier">
<correctResponse>
<value>uva-normal-378-nl-ans_615798663_section_1_item_1_schoice_1_6898208935</value>
</correctResponse>
<mapping defaultValue="0" lowerBound="0.0">
<mapEntry mapKey="uva-normal-378-nl-ans_615798663_section_1_item_1_schoice_1_6898208935" mappedValue="1"/>
<mapEntry mapKey="uva-normal-378-nl-ans_615798663_section_1_item_1_schoice_2_7009468007" mappedValue="0"/>
<mapEntry mapKey="uva-normal-378-nl-ans_615798663_section_1_item_1_schoice_3_9990270901" mappedValue="0"/>
<mapEntry mapKey="uva-normal-378-nl-ans_615798663_section_1_item_1_schoice_4_3590173650" mappedValue="0"/>
</mapping>
</responseDeclaration>
<outcomeDeclaration identifier="SCORE" cardinality="single" baseType="float" normalMaximum="1" normalMinimum="0">
<defaultValue>
<value>0.0</value>
</defaultValue>
</outcomeDeclaration>
<outcomeDeclaration identifier="MAXSCORE" cardinality="single" baseType="float">
<defaultValue>
<value>1</value>
</defaultValue>
</outcomeDeclaration>
<outcomeDeclaration identifier="FEEDBACKBASIC" cardinality="single" baseType="identifier" view="testConstructor">
<defaultValue>
<value>empty</value>
</defaultValue>
</outcomeDeclaration>
<outcomeDeclaration identifier="FEEDBACKMODAL" cardinality="multiple" baseType="identifier" view="testConstructor"/>
<outcomeDeclaration identifier="SOLUTIONMODAL" cardinality="single" baseType="identifier" view="testConstructor"/>
<outcomeDeclaration identifier="MINSCORE" cardinality="single" baseType="float">
<defaultValue>
<value baseType="float">0</value>
</defaultValue>
</outcomeDeclaration>
<outcomeDeclaration identifier="SCORE_RESPONSE_1" cardinality="single" baseType="float">
<defaultValue>
<value>0.0</value>
</defaultValue>
</outcomeDeclaration>
<outcomeDeclaration identifier="MINSCORE_RESPONSE_1" cardinality="single" baseType="float">
<defaultValue>
<value>0.0</value>
</defaultValue>
</outcomeDeclaration>
<itemBody>
<p>We nemen voor deze vraag aan dat geboortegewicht (in kg.) normaal
verdeeld is met verwachting 2.90 en variantie 0.64. De kans op een
geboortegewicht van meer dan 3.5 kg. is gelijk aan</p>
<choiceInteraction responseIdentifier="uva-normal-378-nl-ans_615798663_section_1_item_1_schoice_RESPONSE_1_7471954" shuffle="false" maxChoices="1">
<simpleChoice identifier="uva-normal-378-nl-ans_615798663_section_1_item_1_schoice_1_6898208935">
<p>
 0.2266
</p>
</simpleChoice>
<simpleChoice identifier="uva-normal-378-nl-ans_615798663_section_1_item_1_schoice_2_7009468007">
<p>
 0.242
</p>
</simpleChoice>
<simpleChoice identifier="uva-normal-378-nl-ans_615798663_section_1_item_1_schoice_3_9990270901">
<p>
 0.2734
</p>
</simpleChoice>
<simpleChoice identifier="uva-normal-378-nl-ans_615798663_section_1_item_1_schoice_4_3590173650">
<p>
 0.7734
</p>
</simpleChoice>
</choiceInteraction>
</itemBody>
<responseProcessing>
<setOutcomeValue identifier="SCORE_RESPONSE_1">
<sum>
<variable identifier="SCORE_RESPONSE_1"/>
<mapResponse identifier="uva-normal-378-nl-ans_615798663_section_1_item_1_schoice_RESPONSE_1_7471954"/>
</sum>
</setOutcomeValue>
<responseCondition>
<responseIf>
<lt>
<variable identifier="SCORE_RESPONSE_1"/>
<variable identifier="MINSCORE_RESPONSE_1"/>
</lt>
<setOutcomeValue identifier="SCORE_RESPONSE_1">
<variable identifier="MINSCORE_RESPONSE_1"/>
</setOutcomeValue>
</responseIf>
</responseCondition>
<responseCondition>
<responseIf>
<isNull>
<variable identifier="uva-normal-378-nl-ans_615798663_section_1_item_1_schoice_RESPONSE_1_7471954"/>
</isNull>
<setOutcomeValue identifier="SCORE_RESPONSE_1">
<sum>
<variable identifier="SCORE_RESPONSE_1"/>
<baseValue baseType="float">0</baseValue>
</sum>
</setOutcomeValue>
</responseIf>
</responseCondition>
<setOutcomeValue identifier="SCORE">
<sum>
<variable identifier="SCORE_RESPONSE_1"/>
</sum>
</setOutcomeValue>
<responseCondition>
<responseIf>
<lt>
<variable identifier="SCORE"/>
<variable identifier="MINSCORE"/>
</lt>
<setOutcomeValue identifier="SCORE">
<variable identifier="MINSCORE"/>
</setOutcomeValue>
</responseIf>
</responseCondition>
<responseCondition>
<responseIf>
<lt>
<variable identifier="SCORE"/>
<baseValue baseType="float">1</baseValue>
</lt>
<setOutcomeValue identifier="FEEDBACKMODAL">
<multiple>
<variable identifier="FEEDBACKMODAL"/>
<baseValue baseType="identifier">Feedback312646851</baseValue>
</multiple>
</setOutcomeValue>
</responseIf>
</responseCondition>
</responseProcessing>
<modalFeedback outcomeIdentifier="FEEDBACK" showHide="show" identifier="incorrect">
<ul>
<li> 0.2266 <br /> 0.2266: Correct </li>
<li> 0.242 <br /> 0.242: Incorrect </li>
<li> 0.2734 <br /> 0.2734: Incorrect </li>
<li> 0.7734 <br /> 0.7734: Incorrect </li>
</ul>
</modalFeedback>
</assessmentItem>
