<?xml version="1.0" encoding="utf-8" standalone="yes"?>
<assessmentItem identifier="vufsw-conditional_probability-1086-en-tv_202209061511_item_1_schoice" title="vufsw-conditional_probability-1086-en-tv_202209061511_item_1_schoice_vufsw-conditional probability-1086-en" adaptive="false" timeDependent="false" toolName="Testvision Online" toolVersion="39.0.9084" xmlns="http://www.imsglobal.org/xsd/imsqti_v2p1">
<responseDeclaration identifier="RESPONSE" cardinality="single" baseType="identifier">
<correctResponse>
<value>alt_884684</value>
</correctResponse>
<mapping defaultValue="0" lowerBound="0.0">
<mapEntry mapKey="alt_742233" mappedValue="-0.25"/>
<mapEntry mapKey="alt_846282" mappedValue="-0.25"/>
<mapEntry mapKey="alt_912748" mappedValue="-0.25"/>
<mapEntry mapKey="alt_783109" mappedValue="-0.25"/>
<mapEntry mapKey="alt_884684" mappedValue="1"/>
</mapping>
</responseDeclaration>
<outcomeDeclaration identifier="SCORE" cardinality="single" baseType="float" normalMaximum="1" normalMinimum="0" />
<outcomeDeclaration identifier="FEEDBACK" cardinality="single" baseType="identifier" />
<itemBody>
<p>In a survey there were missing values in a question because some
respondents refused to answer. The following (incomplete) table presents
the association of whether an answer is given or not with gender.</p>
<table class="fr-dashed-borders fr-alternate-rows tvcss_2 tvcss_3">
<colgroup>
<col style="width: 25%" />
<col style="width: 25%" />
<col style="width: 25%" />
<col style="width: 25%" />
</colgroup>
<tbody>
<tr class="odd">
<td class="tvcss_4">
<br />
</td>
<td class="tvcss_5 tvcss_6">
Gave an answer<br />
</td>
<td class="tvcss_7 tvcss_6">
Did not give an answer<br />
</td>
<td class="tvcss_8 tvcss_6">
<em>total</em><br />
</td>
</tr>
<tr class="even">
<td class="tvcss_4">
Men
</td>
<td class="tvcss_5 tvcss_6">
<br />
</td>
<td class="tvcss_7 tvcss_6">
50
</td>
<td class="tvcss_8 tvcss_6">
80<br />
</td>
</tr>
<tr class="odd">
<td class="tvcss_4">
Women<br />
</td>
<td class="tvcss_5 tvcss_6">
<br />
</td>
<td class="tvcss_7 tvcss_6">
<br />
</td>
<td class="tvcss_8 tvcss_6">
<br />
</td>
</tr>
<tr class="even">
<td class="tvcss_4">
<em>total</em><br />
</td>
<td class="tvcss_5 tvcss_6">
50<br />
</td>
<td class="tvcss_7 tvcss_6">
<em><br />
</em>
</td>
<td class="tvcss_8 tvcss_6">
130<em><br />
</em>
</td>
</tr>
</tbody>
</table>
<ul>
<li>*What is the percentage of women that did <strong>not </strong>give an answer to the
question? Round your answer to <strong>one</strong> decimal place.</li>
</ul>
<choiceInteraction responseIdentifier="RESPONSE" shuffle="false" maxChoices="1">
<simpleChoice identifier="alt_742233">
<div class="textblock tvblock tvcss_1"><div class="rte_zone tveditor1">
a. 50.0%
</div>
</div>
</simpleChoice>
<simpleChoice identifier="alt_846282">
<div class="textblock tvblock tvcss_1"><div class="rte_zone tveditor1">
b. 40.0%
</div>
</div>
</simpleChoice>
<simpleChoice identifier="alt_912748">
<div class="textblock tvblock tvcss_1"><div class="rte_zone tveditor1">
c. 37.5%
</div>
</div>
</simpleChoice>
<simpleChoice identifier="alt_783109">
<div class="textblock tvblock tvcss_1"><div class="rte_zone tveditor1">
d. 25.2%
</div>
</div>
</simpleChoice>
<simpleChoice identifier="alt_884684">
<div class="textblock tvblock tvcss_1"><div class="rte_zone tveditor1">
e. 60.0%
</div>
</div>
</simpleChoice>
</choiceInteraction>
</itemBody>
<responseProcessing>
<responseCondition>
<responseIf>
<isNull>
<variable identifier="RESPONSE"/>
</isNull>
<setOutcomeValue identifier="SCORE">
<baseValue baseType="float">0.0</baseValue>
</setOutcomeValue>
<setOutcomeValue identifier="FEEDBACK">
<baseValue baseType="identifier">FAILURE</baseValue>
</setOutcomeValue>
</responseIf>
<responseElse>
<setOutcomeValue identifier="SCORE">
<mapResponse identifier="RESPONSE"/>
</setOutcomeValue>
<responseCondition>
<responseIf>
<equal toleranceMode="relative" tolerance="0.001">
<variable identifier="SCORE"/>
<variable identifier="MAXSCORE"/>
</equal>
<setOutcomeValue identifier="FEEDBACK">
<baseValue baseType="identifier">ANSWER_CORRECT</baseValue>
</setOutcomeValue>
</responseIf>
<responseElse>
<setOutcomeValue identifier="FEEDBACK">
<baseValue baseType="identifier">FAILURE</baseValue>
</setOutcomeValue>
</responseElse>
</responseCondition>
</responseElse>
</responseCondition>
</responseProcessing>
<modalFeedback identifier="FAILURE" outcomeIdentifier="FEEDBACK" showHide="show">
<div class="textblock tvblock tvcss_1"><div class="rte_zone tveditor1">
<p>The total number of women = 50.<br />
The number of women that did not provide an answer = 30.</p>
<p>So: the percentage of women that did not provide an answer = 30 / 50 *
100% = 60%</p>
<br />
<ol>
<li> 50.0% <br /> False </li>
<li> 40.0% <br /> False </li>
<li> 37.5% <br /> False </li>
<li> 25.2% <br /> False </li>
<li> 60.0% <br /> True </li>
</ol>
</div>
</div>
</modalFeedback>
<modalFeedback identifier="ANSWER_CORRECT" outcomeIdentifier="FEEDBACK" showHide="show">
<div class="textblock tvblock tvcss_1"><div class="rte_zone tveditor1">
<p>The total number of women = 50.<br />
The number of women that did not provide an answer = 30.</p>
<p>So: the percentage of women that did not provide an answer = 30 / 50 *
100% = 60%</p>
<br />
<ol>
<li> 50.0% <br /> False </li>
<li> 40.0% <br /> False </li>
<li> 37.5% <br /> False </li>
<li> 25.2% <br /> False </li>
<li> 60.0% <br /> True </li>
</ol>
</div>
</div>
</modalFeedback>
<modalFeedback identifier="PARTIAL_CORRECT" outcomeIdentifier="FEEDBACK" showHide="show">
<div class="textblock tvblock tvcss_1"><div class="rte_zone tveditor1">
<p>The total number of women = 50.<br />
The number of women that did not provide an answer = 30.</p>
<p>So: the percentage of women that did not provide an answer = 30 / 50 *
100% = 60%</p>
<br />
<ol>
<li> 50.0% <br /> False </li>
<li> 40.0% <br /> False </li>
<li> 37.5% <br /> False </li>
<li> 25.2% <br /> False </li>
<li> 60.0% <br /> True </li>
</ol>
</div>
</div>
</modalFeedback>
</assessmentItem>
