<?xml version="1.0" encoding="utf-8" standalone="yes"?>
<assessmentItem identifier="uu-Scree_plot-007-nl_202209051536_item_1_schoice" title="uu-Scree_plot-007-nl_202209051536_item_1_schoice_uu-Scree-plot-007-nl.rmd" adaptive="false" timeDependent="false" toolName="Testvision Online" toolVersion="39.0.9084" xmlns="http://www.imsglobal.org/xsd/imsqti_v2p1">
<responseDeclaration identifier="RESPONSE" cardinality="single" baseType="identifier">
<correctResponse>
<value>alt_523573</value>
</correctResponse>
<mapping defaultValue="0" lowerBound="0.0">
<mapEntry mapKey="alt_632625" mappedValue="-0.333333333333333"/>
<mapEntry mapKey="alt_523573" mappedValue="1"/>
<mapEntry mapKey="alt_649909" mappedValue="-0.333333333333333"/>
<mapEntry mapKey="alt_581252" mappedValue="-0.333333333333333"/>
</mapping>
</responseDeclaration>
<outcomeDeclaration identifier="SCORE" cardinality="single" baseType="float" normalMaximum="1" normalMinimum="0" />
<outcomeDeclaration identifier="FEEDBACK" cardinality="single" baseType="identifier" />
<itemBody>
<p>Hieronder de scree-plot van een hoofdcomponentenanalyse voor een schaal van tien items over eetproblemen.</p>
<p><img src="mediafiles/supplements1/uu-Scree-plot-007-nl-tabel.jpg" alt="image"/>
Hoeveel factoren zou je kiezen op basis van de scree-plot?</p>
<choiceInteraction responseIdentifier="RESPONSE" shuffle="false" maxChoices="1">
<simpleChoice identifier="alt_632625">
<div class="textblock tvblock tvcss_1"><div class="rte_zone tveditor1">
a. 1 factor
</div>
</div>
</simpleChoice>
<simpleChoice identifier="alt_523573">
<div class="textblock tvblock tvcss_1"><div class="rte_zone tveditor1">
b. 2 factoren
</div>
</div>
</simpleChoice>
<simpleChoice identifier="alt_649909">
<div class="textblock tvblock tvcss_1"><div class="rte_zone tveditor1">
c. 3 factoren
</div>
</div>
</simpleChoice>
<simpleChoice identifier="alt_581252">
<div class="textblock tvblock tvcss_1"><div class="rte_zone tveditor1">
d. 4 factoren
</div>
</div>
</simpleChoice>
</choiceInteraction>
</itemBody>
<responseProcessing>
<responseCondition>
<responseIf>
<isNull>
<variable identifier="RESPONSE"/>
</isNull>
<setOutcomeValue identifier="SCORE">
<baseValue baseType="float">0.0</baseValue>
</setOutcomeValue>
<setOutcomeValue identifier="FEEDBACK">
<baseValue baseType="identifier">FAILURE</baseValue>
</setOutcomeValue>
</responseIf>
<responseElse>
<setOutcomeValue identifier="SCORE">
<mapResponse identifier="RESPONSE"/>
</setOutcomeValue>
<responseCondition>
<responseIf>
<equal toleranceMode="relative" tolerance="0.001">
<variable identifier="SCORE"/>
<variable identifier="MAXSCORE"/>
</equal>
<setOutcomeValue identifier="FEEDBACK">
<baseValue baseType="identifier">ANSWER_CORRECT</baseValue>
</setOutcomeValue>
</responseIf>
<responseElse>
<setOutcomeValue identifier="FEEDBACK">
<baseValue baseType="identifier">FAILURE</baseValue>
</setOutcomeValue>
</responseElse>
</responseCondition>
</responseElse>
</responseCondition>
</responseProcessing>
<modalFeedback identifier="FAILURE" outcomeIdentifier="FEEDBACK" showHide="show">
<div class="textblock tvblock tvcss_1"><div class="rte_zone tveditor1">
<p>We gebruiken de scree-plot om te zoeken naar de overgang tussen het eerste aantal factoren welke veel variantie verklaren en de factoren die daarna komen die alle ongeveer evenveel variantie verklaren. Vervolgens kiezen we het aantal factoren dat in de figuur voor/boven de eerste knik ligt.</p>
<p>In deze figuur kiezen we op basis van het knik-criterium 2 factoren (zie de extra getrokken lijn in de figuur).</p>
<p><img src="mediafiles/supplements1/uu-Scree-plot-007-nl-tabel2.jpg" alt="image"/></p>
<br />
<ol>
<li> 1 factor <br />  </li>
<li> 2 factoren <br />  </li>
<li> 3 factoren <br />  </li>
<li> 4 factoren <br />  </li>
</ol>
</div>
</div>
</modalFeedback>
<modalFeedback identifier="ANSWER_CORRECT" outcomeIdentifier="FEEDBACK" showHide="show">
<div class="textblock tvblock tvcss_1"><div class="rte_zone tveditor1">
<p>We gebruiken de scree-plot om te zoeken naar de overgang tussen het eerste aantal factoren welke veel variantie verklaren en de factoren die daarna komen die alle ongeveer evenveel variantie verklaren. Vervolgens kiezen we het aantal factoren dat in de figuur voor/boven de eerste knik ligt.</p>
<p>In deze figuur kiezen we op basis van het knik-criterium 2 factoren (zie de extra getrokken lijn in de figuur).</p>
<p><img src="mediafiles/supplements1/uu-Scree-plot-007-nl-tabel2.jpg" alt="image"/></p>
<br />
<ol>
<li> 1 factor <br />  </li>
<li> 2 factoren <br />  </li>
<li> 3 factoren <br />  </li>
<li> 4 factoren <br />  </li>
</ol>
</div>
</div>
</modalFeedback>
<modalFeedback identifier="PARTIAL_CORRECT" outcomeIdentifier="FEEDBACK" showHide="show">
<div class="textblock tvblock tvcss_1"><div class="rte_zone tveditor1">
<p>We gebruiken de scree-plot om te zoeken naar de overgang tussen het eerste aantal factoren welke veel variantie verklaren en de factoren die daarna komen die alle ongeveer evenveel variantie verklaren. Vervolgens kiezen we het aantal factoren dat in de figuur voor/boven de eerste knik ligt.</p>
<p>In deze figuur kiezen we op basis van het knik-criterium 2 factoren (zie de extra getrokken lijn in de figuur).</p>
<p><img src="mediafiles/supplements1/uu-Scree-plot-007-nl-tabel2.jpg" alt="image"/></p>
<br />
<ol>
<li> 1 factor <br />  </li>
<li> 2 factoren <br />  </li>
<li> 3 factoren <br />  </li>
<li> 4 factoren <br />  </li>
</ol>
</div>
</div>
</modalFeedback>
</assessmentItem>
