<?xml version="1.0" encoding="UTF-8"?>
<assessmentItem xsi:schemaLocation="http://www.imsglobal.org/xsd/imsqti_v2p1 http://www.imsglobal.org/xsd/qti/qtiv2p1/imsqti_v2p1p1.xsd http://www.w3.org/1998/Math/MathML http://www.w3.org/Math/XMLSchema/mathml2/mathml2.xsd" identifier="uva-bayesian-statistics-969-nl-qti_132324655_section_1_item_1_schoice" title="1" adaptive="false" timeDependent="false" xmlns="http://www.imsglobal.org/xsd/imsqti_v2p1" xmlns:xsi="http://www.w3.org/2001/XMLSchema-instance">
<responseDeclaration identifier="uva-bayesian-statistics-969-nl-qti_132324655_section_1_item_1_schoice_RESPONSE_1_9847897" cardinality="single" baseType="identifier">
<correctResponse>
<value>uva-bayesian-statistics-969-nl-qti_132324655_section_1_item_1_schoice_1_8413820371</value>
</correctResponse>
<mapping defaultValue="0" lowerBound="0.0">
<mapEntry mapKey="uva-bayesian-statistics-969-nl-qti_132324655_section_1_item_1_schoice_1_8413820371" mappedValue="1"/>
<mapEntry mapKey="uva-bayesian-statistics-969-nl-qti_132324655_section_1_item_1_schoice_2_9418730629" mappedValue="0"/>
<mapEntry mapKey="uva-bayesian-statistics-969-nl-qti_132324655_section_1_item_1_schoice_3_7835123270" mappedValue="0"/>
<mapEntry mapKey="uva-bayesian-statistics-969-nl-qti_132324655_section_1_item_1_schoice_4_5216834357" mappedValue="0"/>
</mapping>
</responseDeclaration>
<outcomeDeclaration identifier="SCORE" cardinality="single" baseType="float" normalMaximum="1" normalMinimum="0">
<defaultValue>
<value>0.0</value>
</defaultValue>
</outcomeDeclaration>
<outcomeDeclaration identifier="MAXSCORE" cardinality="single" baseType="float">
<defaultValue>
<value>1</value>
</defaultValue>
</outcomeDeclaration>
<outcomeDeclaration identifier="FEEDBACKBASIC" cardinality="single" baseType="identifier" view="testConstructor">
<defaultValue>
<value>empty</value>
</defaultValue>
</outcomeDeclaration>
<outcomeDeclaration identifier="FEEDBACKMODAL" cardinality="multiple" baseType="identifier" view="testConstructor"/>
<outcomeDeclaration identifier="SOLUTIONMODAL" cardinality="single" baseType="identifier" view="testConstructor"/>
<outcomeDeclaration identifier="MINSCORE" cardinality="single" baseType="float">
<defaultValue>
<value baseType="float">0</value>
</defaultValue>
</outcomeDeclaration>
<outcomeDeclaration identifier="SCORE_RESPONSE_1" cardinality="single" baseType="float">
<defaultValue>
<value>0.0</value>
</defaultValue>
</outcomeDeclaration>
<outcomeDeclaration identifier="MINSCORE_RESPONSE_1" cardinality="single" baseType="float">
<defaultValue>
<value>0.0</value>
</defaultValue>
</outcomeDeclaration>
<itemBody>
<p>Vorige week ging Marja naar haar huisarts voor een medisch onderzoek.
Vanmorgen vertelde haar huisarts dat het resultaat positief is ten
aanzien van de ziekte <em>D</em>. In 95% van de gevallen is deze toets
accuraat. Met andere woorden als iemand ziekte <em>D</em> heeft wordt dit in
95% van de gevallen ontdekt met een positief resultaat. En als iemand
geen ziekte <em>D</em> heeft levert dit ook in 95% van de gevallen een
negatieve uitslag op. Eén op de 1000 vrouwen met dezelfde leeftijd als
Marja heeft deze ziekte. Nemen we de gebeurtenissen:<br />
<br />
* <em>D</em> = De ziekte <em>D</em>,<br />
* <em>P</em> = De toets met het positief resultaat.<br />
<br />
Wat is dan de kans P(<em>D</em> en <em>P</em>) dat Marja de ziekte <em>D</em> heeft en de
test ook positief is?</p>
<choiceInteraction responseIdentifier="uva-bayesian-statistics-969-nl-qti_132324655_section_1_item_1_schoice_RESPONSE_1_9847897" shuffle="false" maxChoices="1">
<simpleChoice identifier="uva-bayesian-statistics-969-nl-qti_132324655_section_1_item_1_schoice_1_8413820371">
<p>
 0,0095
</p>
</simpleChoice>
<simpleChoice identifier="uva-bayesian-statistics-969-nl-qti_132324655_section_1_item_1_schoice_2_9418730629">
<p>
 0,0025
</p>
</simpleChoice>
<simpleChoice identifier="uva-bayesian-statistics-969-nl-qti_132324655_section_1_item_1_schoice_3_7835123270">
<p>
 0,0001
</p>
</simpleChoice>
<simpleChoice identifier="uva-bayesian-statistics-969-nl-qti_132324655_section_1_item_1_schoice_4_5216834357">
<p>
 0,9025
</p>
</simpleChoice>
</choiceInteraction>
</itemBody>
<responseProcessing>
<setOutcomeValue identifier="SCORE_RESPONSE_1">
<sum>
<variable identifier="SCORE_RESPONSE_1"/>
<mapResponse identifier="uva-bayesian-statistics-969-nl-qti_132324655_section_1_item_1_schoice_RESPONSE_1_9847897"/>
</sum>
</setOutcomeValue>
<responseCondition>
<responseIf>
<lt>
<variable identifier="SCORE_RESPONSE_1"/>
<variable identifier="MINSCORE_RESPONSE_1"/>
</lt>
<setOutcomeValue identifier="SCORE_RESPONSE_1">
<variable identifier="MINSCORE_RESPONSE_1"/>
</setOutcomeValue>
</responseIf>
</responseCondition>
<responseCondition>
<responseIf>
<isNull>
<variable identifier="uva-bayesian-statistics-969-nl-qti_132324655_section_1_item_1_schoice_RESPONSE_1_9847897"/>
</isNull>
<setOutcomeValue identifier="SCORE_RESPONSE_1">
<sum>
<variable identifier="SCORE_RESPONSE_1"/>
<baseValue baseType="float">0</baseValue>
</sum>
</setOutcomeValue>
</responseIf>
</responseCondition>
<setOutcomeValue identifier="SCORE">
<sum>
<variable identifier="SCORE_RESPONSE_1"/>
</sum>
</setOutcomeValue>
<responseCondition>
<responseIf>
<lt>
<variable identifier="SCORE"/>
<variable identifier="MINSCORE"/>
</lt>
<setOutcomeValue identifier="SCORE">
<variable identifier="MINSCORE"/>
</setOutcomeValue>
</responseIf>
</responseCondition>
<responseCondition>
<responseIf>
<lt>
<variable identifier="SCORE"/>
<baseValue baseType="float">1</baseValue>
</lt>
<setOutcomeValue identifier="FEEDBACKMODAL">
<multiple>
<variable identifier="FEEDBACKMODAL"/>
<baseValue baseType="identifier">Feedback272543044</baseValue>
</multiple>
</setOutcomeValue>
</responseIf>
</responseCondition>
</responseProcessing>
<modalFeedback identifier="Feedback272543044" outcomeIdentifier="FEEDBACKMODAL" showHide="show">
<p>Het correcte antwoord is:</p>
<ul>
<li>0,0095</li>
</ul>
</modalFeedback>
</assessmentItem>
