<?xml version="1.0" encoding="UTF-8"?>
<assessmentItem xsi:schemaLocation="http://www.imsglobal.org/xsd/imsqti_v2p1 http://www.imsglobal.org/xsd/qti/qtiv2p1/imsqti_v2p1p1.xsd http://www.w3.org/1998/Math/MathML http://www.w3.org/Math/XMLSchema/mathml2/mathml2.xsd" identifier="uu-ANOVA-827-en-ans_657089802_section_1_item_1_schoice" title="Inferential_Statistics_uu-ANOVA-827-en_uu-ANOVA-827-en_schoice_1" adaptive="false" timeDependent="false" xmlns="http://www.imsglobal.org/xsd/imsqti_v2p1" xmlns:xsi="http://www.w3.org/2001/XMLSchema-instance">
<responseDeclaration identifier="uu-ANOVA-827-en-ans_657089802_section_1_item_1_schoice_RESPONSE_1_1440845" cardinality="single" baseType="identifier">
<correctResponse>
<value>uu-ANOVA-827-en-ans_657089802_section_1_item_1_schoice_1_8743708762</value>
</correctResponse>
<mapping defaultValue="0" lowerBound="0.0">
<mapEntry mapKey="uu-ANOVA-827-en-ans_657089802_section_1_item_1_schoice_1_8743708762" mappedValue="1"/>
<mapEntry mapKey="uu-ANOVA-827-en-ans_657089802_section_1_item_1_schoice_2_9538895880" mappedValue="0"/>
<mapEntry mapKey="uu-ANOVA-827-en-ans_657089802_section_1_item_1_schoice_3_6609513374" mappedValue="0"/>
<mapEntry mapKey="uu-ANOVA-827-en-ans_657089802_section_1_item_1_schoice_4_4798809719" mappedValue="0"/>
</mapping>
</responseDeclaration>
<outcomeDeclaration identifier="SCORE" cardinality="single" baseType="float" normalMaximum="1" normalMinimum="0">
<defaultValue>
<value>0.0</value>
</defaultValue>
</outcomeDeclaration>
<outcomeDeclaration identifier="MAXSCORE" cardinality="single" baseType="float">
<defaultValue>
<value>1</value>
</defaultValue>
</outcomeDeclaration>
<outcomeDeclaration identifier="FEEDBACKBASIC" cardinality="single" baseType="identifier" view="testConstructor">
<defaultValue>
<value>empty</value>
</defaultValue>
</outcomeDeclaration>
<outcomeDeclaration identifier="FEEDBACKMODAL" cardinality="multiple" baseType="identifier" view="testConstructor"/>
<outcomeDeclaration identifier="SOLUTIONMODAL" cardinality="single" baseType="identifier" view="testConstructor"/>
<outcomeDeclaration identifier="MINSCORE" cardinality="single" baseType="float">
<defaultValue>
<value baseType="float">0</value>
</defaultValue>
</outcomeDeclaration>
<outcomeDeclaration identifier="SCORE_RESPONSE_1" cardinality="single" baseType="float">
<defaultValue>
<value>0.0</value>
</defaultValue>
</outcomeDeclaration>
<outcomeDeclaration identifier="MINSCORE_RESPONSE_1" cardinality="single" baseType="float">
<defaultValue>
<value>0.0</value>
</defaultValue>
</outcomeDeclaration>
<itemBody>
<p>During exam time, there is a lot of focus on how best to concentrate on studying the given material. Among other things, the question is asked whether you learn better in a very quiet environment, or rather in an environment with some background noise. In this study, students were divided into three groups of 10 students each. The first group had to take a test on reading comprehension in a quiet environment, the second in an environment with some background noise, and the third group had to take the test next to a room where renovations were taking place. Below is the result of the analysis of variance.</p>
<p><img src="media/supplements1/uu-ANOVA-827-en-tabel.jpeg" /></p>
<p>What is the conclusion when tested at a 5% significance level?</p>
<choiceInteraction responseIdentifier="uu-ANOVA-827-en-ans_657089802_section_1_item_1_schoice_RESPONSE_1_1440845" shuffle="false" maxChoices="1">
<simpleChoice identifier="uu-ANOVA-827-en-ans_657089802_section_1_item_1_schoice_1_8743708762">
<p>
 The groups are not significantly different in their scores on reading comprehension.
</p>
</simpleChoice>
<simpleChoice identifier="uu-ANOVA-827-en-ans_657089802_section_1_item_1_schoice_2_9538895880">
<p>
 There are significant differences between the averages. The difference between the group in a quiet room and the group with disruptive noise is significant.
</p>
</simpleChoice>
<simpleChoice identifier="uu-ANOVA-827-en-ans_657089802_section_1_item_1_schoice_3_6609513374">
<p>
 There are significant differences between the averages. the differences between the groups in a quiet room and with background noise, and the groups with background noise and disruptive noise are significant.
</p>
</simpleChoice>
<simpleChoice identifier="uu-ANOVA-827-en-ans_657089802_section_1_item_1_schoice_4_4798809719">
<p>
 All three averages are significantly different from each other.
</p>
</simpleChoice>
</choiceInteraction>
</itemBody>
<responseProcessing>
<setOutcomeValue identifier="SCORE_RESPONSE_1">
<sum>
<variable identifier="SCORE_RESPONSE_1"/>
<mapResponse identifier="uu-ANOVA-827-en-ans_657089802_section_1_item_1_schoice_RESPONSE_1_1440845"/>
</sum>
</setOutcomeValue>
<responseCondition>
<responseIf>
<lt>
<variable identifier="SCORE_RESPONSE_1"/>
<variable identifier="MINSCORE_RESPONSE_1"/>
</lt>
<setOutcomeValue identifier="SCORE_RESPONSE_1">
<variable identifier="MINSCORE_RESPONSE_1"/>
</setOutcomeValue>
</responseIf>
</responseCondition>
<responseCondition>
<responseIf>
<isNull>
<variable identifier="uu-ANOVA-827-en-ans_657089802_section_1_item_1_schoice_RESPONSE_1_1440845"/>
</isNull>
<setOutcomeValue identifier="SCORE_RESPONSE_1">
<sum>
<variable identifier="SCORE_RESPONSE_1"/>
<baseValue baseType="float">0</baseValue>
</sum>
</setOutcomeValue>
</responseIf>
</responseCondition>
<setOutcomeValue identifier="SCORE">
<sum>
<variable identifier="SCORE_RESPONSE_1"/>
</sum>
</setOutcomeValue>
<responseCondition>
<responseIf>
<lt>
<variable identifier="SCORE"/>
<variable identifier="MINSCORE"/>
</lt>
<setOutcomeValue identifier="SCORE">
<variable identifier="MINSCORE"/>
</setOutcomeValue>
</responseIf>
</responseCondition>
<responseCondition>
<responseIf>
<lt>
<variable identifier="SCORE"/>
<baseValue baseType="float">1</baseValue>
</lt>
<setOutcomeValue identifier="FEEDBACKMODAL">
<multiple>
<variable identifier="FEEDBACKMODAL"/>
<baseValue baseType="identifier">Feedback793620075</baseValue>
</multiple>
</setOutcomeValue>
</responseIf>
</responseCondition>
</responseProcessing>
<modalFeedback outcomeIdentifier="FEEDBACK" showHide="show" identifier="incorrect">
<p>The F-test of the ANOVA indicates that there is no significant effect of noise level at an alpha level of 5%. So therefore the groups are not significantly different from each other. Only when the F test for a factor is significant do you look at the Post-Hoc tests.</p>
<br />
<ul>
<li> The groups are not significantly different in their scores on reading comprehension. <br /> This answer is correct. </li>
<li> There are significant differences between the averages. The difference between the group in a quiet room and the group with disruptive noise is significant. <br /> This answer is incorrect. </li>
<li> There are significant differences between the averages. the differences between the groups in a quiet room and with background noise, and the groups with background noise and disruptive noise are significant. <br /> This answer is incorrect. </li>
<li> All three averages are significantly different from each other. <br /> This answer is incorrect. </li>
</ul>
</modalFeedback>
</assessmentItem>
