<?xml version="1.0" encoding="utf-8" standalone="yes"?>
<assessmentItem identifier="vufgb-zscore-010-nl-tv_202307180606_item_1_schoice" title="vufgb-zscore-010-nl-tv_202307180606_item_1_schoice_vufgb-zscore-010-nl" adaptive="false" timeDependent="false" toolName="Testvision Online" toolVersion="39.0.9084" xmlns="http://www.imsglobal.org/xsd/imsqti_v2p1">
<responseDeclaration identifier="RESPONSE" cardinality="single" baseType="identifier">
<correctResponse>
<value>alt_956714</value>
</correctResponse>
<mapping defaultValue="0" lowerBound="0.0">
<mapEntry mapKey="alt_840860" mappedValue="-0.333333333333333"/>
<mapEntry mapKey="alt_189433" mappedValue="-0.333333333333333"/>
<mapEntry mapKey="alt_956714" mappedValue="1"/>
<mapEntry mapKey="alt_143357" mappedValue="-0.333333333333333"/>
</mapping>
</responseDeclaration>
<outcomeDeclaration identifier="SCORE" cardinality="single" baseType="float" normalMaximum="1" normalMinimum="0" />
<outcomeDeclaration identifier="FEEDBACK" cardinality="single" baseType="identifier" />
<itemBody>
<p>In een aselecte steekproef van 100 kinderen is temperament gemeten. De temperament-scores zijn nagenoeg normaal verdeeld met <math display="inline" xmlns="http://www.w3.org/1998/Math/MathML"><semantics><mrow><mover><mi>y</mi><mo accent="true">¯</mo></mover><mo>=</mo><mn>20</mn></mrow><annotation encoding="application/x-tex">\overline{y} = 20</annotation></semantics></math> en s = 5. Bereken hoeveel procent van de kinderen tussen de 20 en 30 scoort. Gebruik hiervoor de empirische regel.</p>
<choiceInteraction responseIdentifier="RESPONSE" shuffle="false" maxChoices="1">
<simpleChoice identifier="alt_840860">
<div class="textblock tvblock tvcss_1"><div class="rte_zone tveditor1">
 95%
</div>
</div>
</simpleChoice>
<simpleChoice identifier="alt_189433">
<div class="textblock tvblock tvcss_1"><div class="rte_zone tveditor1">
 68%
</div>
</div>
</simpleChoice>
<simpleChoice identifier="alt_956714">
<div class="textblock tvblock tvcss_1"><div class="rte_zone tveditor1">
 47.5%
</div>
</div>
</simpleChoice>
<simpleChoice identifier="alt_143357">
<div class="textblock tvblock tvcss_1"><div class="rte_zone tveditor1">
 34%
</div>
</div>
</simpleChoice>
</choiceInteraction>
</itemBody>
<responseProcessing>
<responseCondition>
<responseIf>
<isNull>
<variable identifier="RESPONSE"/>
</isNull>
<setOutcomeValue identifier="SCORE">
<baseValue baseType="float">0.0</baseValue>
</setOutcomeValue>
<setOutcomeValue identifier="FEEDBACK">
<baseValue baseType="identifier">FAILURE</baseValue>
</setOutcomeValue>
</responseIf>
<responseElse>
<setOutcomeValue identifier="SCORE">
<mapResponse identifier="RESPONSE"/>
</setOutcomeValue>
<responseCondition>
<responseIf>
<equal toleranceMode="relative" tolerance="0.001">
<variable identifier="SCORE"/>
<variable identifier="MAXSCORE"/>
</equal>
<setOutcomeValue identifier="FEEDBACK">
<baseValue baseType="identifier">ANSWER_CORRECT</baseValue>
</setOutcomeValue>
</responseIf>
<responseElse>
<setOutcomeValue identifier="FEEDBACK">
<baseValue baseType="identifier">FAILURE</baseValue>
</setOutcomeValue>
</responseElse>
</responseCondition>
</responseElse>
</responseCondition>
</responseProcessing>
<modalFeedback identifier="FAILURE" outcomeIdentifier="FEEDBACK" showHide="show">
<div class="textblock tvblock tvcss_1"><div class="rte_zone tveditor1">
 95% <br /> Incorrect 
 68% <br /> Incorrect 
 47.5% <br /> Correct 
 34% <br /> Incorrect 
</div>
</div>
</modalFeedback>
<modalFeedback identifier="ANSWER_CORRECT" outcomeIdentifier="FEEDBACK" showHide="show">
<div class="textblock tvblock tvcss_1"><div class="rte_zone tveditor1">
 95% <br /> Incorrect 
 68% <br /> Incorrect 
 47.5% <br /> Correct 
 34% <br /> Incorrect 
</div>
</div>
</modalFeedback>
<modalFeedback identifier="PARTIAL_CORRECT" outcomeIdentifier="FEEDBACK" showHide="show">
<div class="textblock tvblock tvcss_1"><div class="rte_zone tveditor1">
 95% <br /> Incorrect 
 68% <br /> Incorrect 
 47.5% <br /> Correct 
 34% <br /> Incorrect 
</div>
</div>
</modalFeedback>
</assessmentItem>
