<?xml version="1.0" encoding="UTF-8"?>
<assessmentItem xsi:schemaLocation="http://www.imsglobal.org/xsd/imsqti_v2p1 http://www.imsglobal.org/xsd/qti/qtiv2p1/imsqti_v2p1p1.xsd http://www.w3.org/1998/Math/MathML http://www.w3.org/Math/XMLSchema/mathml2/mathml2.xsd" identifier="uva-central-limit-theorem-1281-en-ans_648073705_section_1_item_1_schoice" title="Distributions_uva-central-limit-theorem-1281-en_uva-central-limit-theorem-1281-en_schoice_1" adaptive="false" timeDependent="false" xmlns="http://www.imsglobal.org/xsd/imsqti_v2p1" xmlns:xsi="http://www.w3.org/2001/XMLSchema-instance">
<responseDeclaration identifier="uva-central-limit-theorem-1281-en-ans_648073705_section_1_item_1_schoice_RESPONSE_1_9162771" cardinality="single" baseType="identifier">
<correctResponse>
<value>uva-central-limit-theorem-1281-en-ans_648073705_section_1_item_1_schoice_4_9167987569</value>
</correctResponse>
<mapping defaultValue="0" lowerBound="0.0">
<mapEntry mapKey="uva-central-limit-theorem-1281-en-ans_648073705_section_1_item_1_schoice_1_8098293154" mappedValue="0"/>
<mapEntry mapKey="uva-central-limit-theorem-1281-en-ans_648073705_section_1_item_1_schoice_2_2623210434" mappedValue="0"/>
<mapEntry mapKey="uva-central-limit-theorem-1281-en-ans_648073705_section_1_item_1_schoice_3_5607198802" mappedValue="0"/>
<mapEntry mapKey="uva-central-limit-theorem-1281-en-ans_648073705_section_1_item_1_schoice_4_9167987569" mappedValue="1"/>
</mapping>
</responseDeclaration>
<outcomeDeclaration identifier="SCORE" cardinality="single" baseType="float" normalMaximum="1" normalMinimum="0">
<defaultValue>
<value>0.0</value>
</defaultValue>
</outcomeDeclaration>
<outcomeDeclaration identifier="MAXSCORE" cardinality="single" baseType="float">
<defaultValue>
<value>1</value>
</defaultValue>
</outcomeDeclaration>
<outcomeDeclaration identifier="FEEDBACKBASIC" cardinality="single" baseType="identifier" view="testConstructor">
<defaultValue>
<value>empty</value>
</defaultValue>
</outcomeDeclaration>
<outcomeDeclaration identifier="FEEDBACKMODAL" cardinality="multiple" baseType="identifier" view="testConstructor"/>
<outcomeDeclaration identifier="SOLUTIONMODAL" cardinality="single" baseType="identifier" view="testConstructor"/>
<outcomeDeclaration identifier="MINSCORE" cardinality="single" baseType="float">
<defaultValue>
<value baseType="float">0</value>
</defaultValue>
</outcomeDeclaration>
<outcomeDeclaration identifier="SCORE_RESPONSE_1" cardinality="single" baseType="float">
<defaultValue>
<value>0.0</value>
</defaultValue>
</outcomeDeclaration>
<outcomeDeclaration identifier="MINSCORE_RESPONSE_1" cardinality="single" baseType="float">
<defaultValue>
<value>0.0</value>
</defaultValue>
</outcomeDeclaration>
<itemBody>
<p>To fix a fan you need time X. The distribution of the random variable X has a mean of 1 hour with a standard deviation of 1 hour. Your company has 70 such fans. What then is the probability that the average repair job will take longer than 50 minutes? (Students need the normal standard deviation table)</p>
<choiceInteraction responseIdentifier="uva-central-limit-theorem-1281-en-ans_648073705_section_1_item_1_schoice_RESPONSE_1_9162771" shuffle="false" maxChoices="1">
<simpleChoice identifier="uva-central-limit-theorem-1281-en-ans_648073705_section_1_item_1_schoice_1_8098293154">
<p>
 0,08
</p>
</simpleChoice>
<simpleChoice identifier="uva-central-limit-theorem-1281-en-ans_648073705_section_1_item_1_schoice_2_2623210434">
<p>
 0,70
</p>
</simpleChoice>
<simpleChoice identifier="uva-central-limit-theorem-1281-en-ans_648073705_section_1_item_1_schoice_3_5607198802">
<p>
 0,83
</p>
</simpleChoice>
<simpleChoice identifier="uva-central-limit-theorem-1281-en-ans_648073705_section_1_item_1_schoice_4_9167987569">
<p>
 0,92
</p>
</simpleChoice>
</choiceInteraction>
</itemBody>
<responseProcessing>
<setOutcomeValue identifier="SCORE_RESPONSE_1">
<sum>
<variable identifier="SCORE_RESPONSE_1"/>
<mapResponse identifier="uva-central-limit-theorem-1281-en-ans_648073705_section_1_item_1_schoice_RESPONSE_1_9162771"/>
</sum>
</setOutcomeValue>
<responseCondition>
<responseIf>
<lt>
<variable identifier="SCORE_RESPONSE_1"/>
<variable identifier="MINSCORE_RESPONSE_1"/>
</lt>
<setOutcomeValue identifier="SCORE_RESPONSE_1">
<variable identifier="MINSCORE_RESPONSE_1"/>
</setOutcomeValue>
</responseIf>
</responseCondition>
<responseCondition>
<responseIf>
<isNull>
<variable identifier="uva-central-limit-theorem-1281-en-ans_648073705_section_1_item_1_schoice_RESPONSE_1_9162771"/>
</isNull>
<setOutcomeValue identifier="SCORE_RESPONSE_1">
<sum>
<variable identifier="SCORE_RESPONSE_1"/>
<baseValue baseType="float">0</baseValue>
</sum>
</setOutcomeValue>
</responseIf>
</responseCondition>
<setOutcomeValue identifier="SCORE">
<sum>
<variable identifier="SCORE_RESPONSE_1"/>
</sum>
</setOutcomeValue>
<responseCondition>
<responseIf>
<lt>
<variable identifier="SCORE"/>
<variable identifier="MINSCORE"/>
</lt>
<setOutcomeValue identifier="SCORE">
<variable identifier="MINSCORE"/>
</setOutcomeValue>
</responseIf>
</responseCondition>
<responseCondition>
<responseIf>
<lt>
<variable identifier="SCORE"/>
<baseValue baseType="float">1</baseValue>
</lt>
<setOutcomeValue identifier="FEEDBACKMODAL">
<multiple>
<variable identifier="FEEDBACKMODAL"/>
<baseValue baseType="identifier">Feedback723853205</baseValue>
</multiple>
</setOutcomeValue>
</responseIf>
</responseCondition>
</responseProcessing>
<modalFeedback outcomeIdentifier="FEEDBACK" showHide="show" identifier="incorrect">
<ul>
<li> 0,08 <br /> 0.08: Incorrect </li>
<li> 0,70 <br /> 0.70: Incorrect </li>
<li> 0,83 <br /> 0.83: Incorrect </li>
<li> 0,92 <br /> 0.92: Correct </li>
</ul>
</modalFeedback>
</assessmentItem>
