<?xml version="1.0" encoding="UTF-8"?>
<assessmentItem xsi:schemaLocation="http://www.imsglobal.org/xsd/imsqti_v2p1 http://www.imsglobal.org/xsd/qti/qtiv2p1/imsqti_v2p1p1.xsd http://www.w3.org/1998/Math/MathML http://www.w3.org/Math/XMLSchema/mathml2/mathml2.xsd" identifier="vufgb-bivariatestatistics-002-nl-qti_846372817_section_1_item_1_schoice" title="1" adaptive="false" timeDependent="false" xmlns="http://www.imsglobal.org/xsd/imsqti_v2p1" xmlns:xsi="http://www.w3.org/2001/XMLSchema-instance">
<responseDeclaration identifier="vufgb-bivariatestatistics-002-nl-qti_846372817_section_1_item_1_schoice_RESPONSE_1_7546393" cardinality="single" baseType="identifier">
<correctResponse>
<value>vufgb-bivariatestatistics-002-nl-qti_846372817_section_1_item_1_schoice_4_3409958089</value>
</correctResponse>
<mapping defaultValue="0" lowerBound="0.0">
<mapEntry mapKey="vufgb-bivariatestatistics-002-nl-qti_846372817_section_1_item_1_schoice_1_5751370670" mappedValue="0"/>
<mapEntry mapKey="vufgb-bivariatestatistics-002-nl-qti_846372817_section_1_item_1_schoice_2_4663907178" mappedValue="0"/>
<mapEntry mapKey="vufgb-bivariatestatistics-002-nl-qti_846372817_section_1_item_1_schoice_3_5876486960" mappedValue="0"/>
<mapEntry mapKey="vufgb-bivariatestatistics-002-nl-qti_846372817_section_1_item_1_schoice_4_3409958089" mappedValue="1"/>
</mapping>
</responseDeclaration>
<outcomeDeclaration identifier="SCORE" cardinality="single" baseType="float" normalMaximum="1" normalMinimum="0">
<defaultValue>
<value>0.0</value>
</defaultValue>
</outcomeDeclaration>
<outcomeDeclaration identifier="MAXSCORE" cardinality="single" baseType="float">
<defaultValue>
<value>1</value>
</defaultValue>
</outcomeDeclaration>
<outcomeDeclaration identifier="FEEDBACKBASIC" cardinality="single" baseType="identifier" view="testConstructor">
<defaultValue>
<value>empty</value>
</defaultValue>
</outcomeDeclaration>
<outcomeDeclaration identifier="FEEDBACKMODAL" cardinality="multiple" baseType="identifier" view="testConstructor"/>
<outcomeDeclaration identifier="SOLUTIONMODAL" cardinality="single" baseType="identifier" view="testConstructor"/>
<outcomeDeclaration identifier="MINSCORE" cardinality="single" baseType="float">
<defaultValue>
<value baseType="float">0</value>
</defaultValue>
</outcomeDeclaration>
<outcomeDeclaration identifier="SCORE_RESPONSE_1" cardinality="single" baseType="float">
<defaultValue>
<value>0.0</value>
</defaultValue>
</outcomeDeclaration>
<outcomeDeclaration identifier="MINSCORE_RESPONSE_1" cardinality="single" baseType="float">
<defaultValue>
<value>0.0</value>
</defaultValue>
</outcomeDeclaration>
<itemBody>
<p>Een onderzoeker onderzoekt de invloed van testosteron-niveau op het niveau van risicovol gedrag in adolescenten. Risicovol gedrag is gemeten
op een 7-<strong>punts Likertschaal</strong>. Dit is een voorbeeld van:</p>
<choiceInteraction responseIdentifier="vufgb-bivariatestatistics-002-nl-qti_846372817_section_1_item_1_schoice_RESPONSE_1_7546393" shuffle="false" maxChoices="1">
<simpleChoice identifier="vufgb-bivariatestatistics-002-nl-qti_846372817_section_1_item_1_schoice_1_5751370670">
<p>
 <strong>Univariate</strong> statistiek met testosteron als afhankelijke variabele.
</p>
</simpleChoice>
<simpleChoice identifier="vufgb-bivariatestatistics-002-nl-qti_846372817_section_1_item_1_schoice_2_4663907178">
<p>
 <strong>Univariate</strong> statistiek met testosteron als onafhankelijke variabele.
</p>
</simpleChoice>
<simpleChoice identifier="vufgb-bivariatestatistics-002-nl-qti_846372817_section_1_item_1_schoice_3_5876486960">
<p>
 <strong>Bivariate</strong> statistiek met testosteron als afhankelijke variabele.
</p>
</simpleChoice>
<simpleChoice identifier="vufgb-bivariatestatistics-002-nl-qti_846372817_section_1_item_1_schoice_4_3409958089">
<p>
 <strong>Bivariate</strong> statistiek met testosteron als onafhankelijke variabele.
</p>
</simpleChoice>
</choiceInteraction>
</itemBody>
<responseProcessing>
<setOutcomeValue identifier="SCORE_RESPONSE_1">
<sum>
<variable identifier="SCORE_RESPONSE_1"/>
<mapResponse identifier="vufgb-bivariatestatistics-002-nl-qti_846372817_section_1_item_1_schoice_RESPONSE_1_7546393"/>
</sum>
</setOutcomeValue>
<responseCondition>
<responseIf>
<lt>
<variable identifier="SCORE_RESPONSE_1"/>
<variable identifier="MINSCORE_RESPONSE_1"/>
</lt>
<setOutcomeValue identifier="SCORE_RESPONSE_1">
<variable identifier="MINSCORE_RESPONSE_1"/>
</setOutcomeValue>
</responseIf>
</responseCondition>
<responseCondition>
<responseIf>
<isNull>
<variable identifier="vufgb-bivariatestatistics-002-nl-qti_846372817_section_1_item_1_schoice_RESPONSE_1_7546393"/>
</isNull>
<setOutcomeValue identifier="SCORE_RESPONSE_1">
<sum>
<variable identifier="SCORE_RESPONSE_1"/>
<baseValue baseType="float">0</baseValue>
</sum>
</setOutcomeValue>
</responseIf>
</responseCondition>
<setOutcomeValue identifier="SCORE">
<sum>
<variable identifier="SCORE_RESPONSE_1"/>
</sum>
</setOutcomeValue>
<responseCondition>
<responseIf>
<lt>
<variable identifier="SCORE"/>
<variable identifier="MINSCORE"/>
</lt>
<setOutcomeValue identifier="SCORE">
<variable identifier="MINSCORE"/>
</setOutcomeValue>
</responseIf>
</responseCondition>
<responseCondition>
<responseIf>
<lt>
<variable identifier="SCORE"/>
<baseValue baseType="float">1</baseValue>
</lt>
<setOutcomeValue identifier="FEEDBACKMODAL">
<multiple>
<variable identifier="FEEDBACKMODAL"/>
<baseValue baseType="identifier">Feedback655655233</baseValue>
</multiple>
</setOutcomeValue>
</responseIf>
</responseCondition>
</responseProcessing>
<modalFeedback identifier="Feedback655655233" outcomeIdentifier="FEEDBACKMODAL" showHide="show">
<ul>
<li> <strong>Univariate</strong> statistiek met testosteron als afhankelijke variabele. <br /> Incorrect </li>
<li> <strong>Univariate</strong> statistiek met testosteron als onafhankelijke variabele. <br /> Incorrect </li>
<li> <strong>Bivariate</strong> statistiek met testosteron als afhankelijke variabele. <br /> Incorrect </li>
<li> <strong>Bivariate</strong> statistiek met testosteron als onafhankelijke variabele. <br /> Correct </li>
</ul>
</modalFeedback>
</assessmentItem>
