<?xml version="1.0" encoding="UTF-8"?>
<!DOCTYPE questestinterop SYSTEM "ims_qtiasiv1p2p1.dtd">

<questestinterop xmlns="http://www.imsglobal.org/xsd/ims_qtiasiv1p2" xmlns:xsi="http://www.w3.org/2001/XMLSchema-instance" xsi:schemaLocation="http://www.imsglobal.org/xsd/ims_qtiasiv1p2 http://www.imsglobal.org/xsd/ims_qtiasiv1p2p1.xsd">
<assessment ident="vufsw-mediation-0247-nl-canvas_980460428" title="vufsw-mediation-0247-nl-canvas">

<qtimetadata>
<qtimetadatafield>
<fieldlabel>cc_maxattempts</fieldlabel>
<fieldentry>1</fieldentry>
</qtimetadatafield>
<qtimetadatafield>
<fieldlabel>qmd_assessmenttype</fieldlabel>
<fieldentry>Assessment</fieldentry>
</qtimetadatafield>
</qtimetadata>
<objectives>
<material>
<mattext><![CDATA[Please solve the following exercises.]]></mattext>
</material>
</objectives>
<assessmentcontrol feedbackswitch="No" hintswitch="No" solutionswitch="Yes"/>
<outcomes_processing scoremodel="SumOfScores">
<outcomes>
<decvar varname="SCORE" vartype="Decimal" cutvalue="0"/>
</outcomes>
</outcomes_processing>
<assessfeedback title="AssessmentFeedback" ident="AssessmentFeedback">
<flow_mat>
<material>
<mattext>##AssessmentFeedback##</mattext>
</material>
</flow_mat>
</assessfeedback>

<section ident="vufsw-mediation-0247-nl-canvas_980460428_section_1" title="Exercise">

<objectives>
<material>
<mattext><![CDATA[Please answer the following question.]]></mattext>
</material>
</objectives>
<selection_ordering>
<selection>
<selection_number>1</selection_number>
<selection_extension>
<points_per_item>1</points_per_item>
</selection_extension>
</selection>
<order order_type="Random"/>
</selection_ordering>

<item ident="vufsw-mediation-0247-nl-canvas_980460428_section_1_item_1_schoice" title="Question" maxattempts="1">
<itemcontrol feedbackswitch="No" hintswitch="No" solutionswitch="Yes"/>
<itemmetadata>
<qtimetadata>
<qtimetadatafield>
<fieldlabel>question_type</fieldlabel>
<fieldentry>multiple_choice_question</fieldentry>
</qtimetadatafield>
</qtimetadata>
</itemmetadata>
<presentation>
<flow>
<material>
<matbreak/>
<mattext texttype="text/html" charset="utf-8"><![CDATA[
<p>Waarom hebben we een Sobel test nodig bij een mediatie analyse? Wat
testen we hiermee? Met de Sobel testen we of…</p>
]]></mattext>
<matbreak/>
</material>
<response_lid ident="vufsw-mediation-0247-nl-canvas_980460428_section_1_item_1_schoice_RESPONSE_8713232" rcardinality="Single" rtiming="No">
<render_choice shuffle="No">
<flow_label class="List">
<response_label ident="vufsw-mediation-0247-nl-canvas_980460428_section_1_item_1_schoice_8962704287" rshuffle="No">
<material>
<mattext texttype="text/html" charset="utf-8"><![CDATA[
 Het totale effect significant is.
]]></mattext>
</material>
</response_label>
</flow_label>
<flow_label class="List">
<response_label ident="vufsw-mediation-0247-nl-canvas_980460428_section_1_item_1_schoice_5312538130" rshuffle="No">
<material>
<mattext texttype="text/html" charset="utf-8"><![CDATA[
 Het indirecte effect significant is.
]]></mattext>
</material>
</response_label>
</flow_label>
<flow_label class="List">
<response_label ident="vufsw-mediation-0247-nl-canvas_980460428_section_1_item_1_schoice_8690858800" rshuffle="No">
<material>
<mattext texttype="text/html" charset="utf-8"><![CDATA[
 Het directe effect significant is.
]]></mattext>
</material>
</response_label>
</flow_label>
<flow_label class="List">
<response_label ident="vufsw-mediation-0247-nl-canvas_980460428_section_1_item_1_schoice_1017283723" rshuffle="No">
<material>
<mattext texttype="text/html" charset="utf-8"><![CDATA[
 Het totale effect <strong>niet</strong> significant is.
]]></mattext>
</material>
</response_label>
</flow_label>
</render_choice>
</response_lid>
</flow>
</presentation>
<resprocessing>
<outcomes>
<decvar varname="SCORE" vartype="Decimal" defaultval="0" minvalue="0" maxvalue="1" cutvalue="1"/>
</outcomes>
<respcondition title="Mastery" continue="No">
<conditionvar>
<and>
<varequal respident="vufsw-mediation-0247-nl-canvas_980460428_section_1_item_1_schoice_RESPONSE_8713232" case="Yes">vufsw-mediation-0247-nl-canvas_980460428_section_1_item_1_schoice_5312538130</varequal>
<not> <varequal respident="vufsw-mediation-0247-nl-canvas_980460428_section_1_item_1_schoice_RESPONSE_8713232" case="Yes">vufsw-mediation-0247-nl-canvas_980460428_section_1_item_1_schoice_8962704287</varequal> </not>
<not> <varequal respident="vufsw-mediation-0247-nl-canvas_980460428_section_1_item_1_schoice_RESPONSE_8713232" case="Yes">vufsw-mediation-0247-nl-canvas_980460428_section_1_item_1_schoice_8690858800</varequal> </not>
<not> <varequal respident="vufsw-mediation-0247-nl-canvas_980460428_section_1_item_1_schoice_RESPONSE_8713232" case="Yes">vufsw-mediation-0247-nl-canvas_980460428_section_1_item_1_schoice_1017283723</varequal> </not>
</and>
</conditionvar>
<setvar varname="SCORE" action="Set">1</setvar>
<displayfeedback feedbacktype="Response" linkrefid="correct_fb"/>
</respcondition>
<respcondition continue="Yes">
<conditionvar>
<other/>
</conditionvar>
<displayfeedback feedbacktype="Response" linkrefid="general_incorrect_fb"/>
</respcondition>
</resprocessing>
<itemfeedback ident="correct_fb" view="All">
<flow_mat>
<material>
<mattext texttype="text/html"><![CDATA[
<p>Language<br />
Nederlands</p>
<p>Levels of Difficulty<br />
Easy</p>
<p>M&amp;T Basics of quantitative research<br />
Basics of quantitative research</p>
<p>M&amp;T BIS<br />
Default value</p>
<br />
<ul>
<li> Het totale effect significant is. <br /> False </li>
<li> Het indirecte effect significant is. <br /> True </li>
<li> Het directe effect significant is. <br /> False </li>
<li> Het totale effect <strong>niet</strong> significant is. <br /> False </li>
</ul>
]]></mattext>
</material>
</flow_mat>
</itemfeedback>
<itemfeedback ident="general_incorrect_fb" view="All">
<flow_mat>
<material>
<mattext texttype="text/html"><![CDATA[
<p>Language<br />
Nederlands</p>
<p>Levels of Difficulty<br />
Easy</p>
<p>M&amp;T Basics of quantitative research<br />
Basics of quantitative research</p>
<p>M&amp;T BIS<br />
Default value</p>
<br />
<ul>
<li> Het totale effect significant is. <br /> False </li>
<li> Het indirecte effect significant is. <br /> True </li>
<li> Het directe effect significant is. <br /> False </li>
<li> Het totale effect <strong>niet</strong> significant is. <br /> False </li>
</ul>
]]></mattext>
</material>
</flow_mat>
</itemfeedback>
</item>


</section>

</assessment>
</questestinterop>
