<?xml version="1.0" encoding="UTF-8"?>
<assessmentItem xsi:schemaLocation="http://www.imsglobal.org/xsd/imsqti_v2p1 http://www.imsglobal.org/xsd/qti/qtiv2p1/imsqti_v2p1p1.xsd http://www.w3.org/1998/Math/MathML http://www.w3.org/Math/XMLSchema/mathml2/mathml2.xsd" identifier="vufsw-moderation-0222-nl-qti_949917083_section_1_item_1_schoice" title="1" adaptive="false" timeDependent="false" xmlns="http://www.imsglobal.org/xsd/imsqti_v2p1" xmlns:xsi="http://www.w3.org/2001/XMLSchema-instance">
<responseDeclaration identifier="vufsw-moderation-0222-nl-qti_949917083_section_1_item_1_schoice_RESPONSE_1_4180200" cardinality="single" baseType="identifier">
<correctResponse>
<value>vufsw-moderation-0222-nl-qti_949917083_section_1_item_1_schoice_2_8286617091</value>
</correctResponse>
<mapping defaultValue="0" lowerBound="0.0">
<mapEntry mapKey="vufsw-moderation-0222-nl-qti_949917083_section_1_item_1_schoice_1_4241936870" mappedValue="0"/>
<mapEntry mapKey="vufsw-moderation-0222-nl-qti_949917083_section_1_item_1_schoice_2_8286617091" mappedValue="1"/>
<mapEntry mapKey="vufsw-moderation-0222-nl-qti_949917083_section_1_item_1_schoice_3_2123400991" mappedValue="0"/>
<mapEntry mapKey="vufsw-moderation-0222-nl-qti_949917083_section_1_item_1_schoice_4_8325848683" mappedValue="0"/>
</mapping>
</responseDeclaration>
<outcomeDeclaration identifier="SCORE" cardinality="single" baseType="float" normalMaximum="1" normalMinimum="0">
<defaultValue>
<value>0.0</value>
</defaultValue>
</outcomeDeclaration>
<outcomeDeclaration identifier="MAXSCORE" cardinality="single" baseType="float">
<defaultValue>
<value>1</value>
</defaultValue>
</outcomeDeclaration>
<outcomeDeclaration identifier="FEEDBACKBASIC" cardinality="single" baseType="identifier" view="testConstructor">
<defaultValue>
<value>empty</value>
</defaultValue>
</outcomeDeclaration>
<outcomeDeclaration identifier="FEEDBACKMODAL" cardinality="multiple" baseType="identifier" view="testConstructor"/>
<outcomeDeclaration identifier="MINSCORE" cardinality="single" baseType="float">
<defaultValue>
<value baseType="float">0</value>
</defaultValue>
</outcomeDeclaration>
<outcomeDeclaration identifier="SCORE_RESPONSE_1" cardinality="single" baseType="float">
<defaultValue>
<value>0.0</value>
</defaultValue>
</outcomeDeclaration>
<outcomeDeclaration identifier="MINSCORE_RESPONSE_1" cardinality="single" baseType="float">
<defaultValue>
<value>0.0</value>
</defaultValue>
</outcomeDeclaration>
<itemBody>
<p>Stel, we hebben een onderzoek uitgevoerd en een regressiemodel geschat
om na te gaan welke factoren de mentale gezondheid onder werknemers
beïnvloeden. Er wordt voorspeld dat hoge psychologische eisen, gebrek
aan controle over het werk, en gebrek aan sociale ondersteuning op het
werk allemaal de mentale gezondheid verminderen.</p>
<p>We meten “<strong>mentale gezondheid</strong>” (Y) op een schaal van 0-100, waarbij
een hogere score een betere mentale gezondheid betekent. Voor de
kenmerken van de baan die iemand heeft, maken we een onderscheid tussen
“<strong>psychologische eisen</strong>” (<em>X</em>1), “<strong>gebrek aan controle</strong>” (<em>X</em>2) en
“<strong>gebrek aan sociale ondersteuning</strong>” (<em>X</em>3). We meten elke
onafhankelijke variabele op een schaal van 0 (laag op dit kenmerk) t/m 4
(hoog op dit kenmerk).</p>
<p>We vinden de onderstaande  regressievergelijking.<br />
Welke score voor <strong>mentale gezondheid</strong> zouden we voorspellen voor
iemand die een baan heeft zonder <strong>psychologische eisen</strong> (score = 0),
maar die wel een baan heeft die maximaal (4) scoort op <strong>gebrek aan
controle</strong> en maximaal (4) scoort op <strong>gebrek aan sociale
ondersteuning</strong>?</p>
<p><img src="Screenshot__2021-03-16__at__15.15.45.png"
class="fr-fic fr-dii enlargeimage tvcss_2"
alt="Screenshot 2021-03-16 at 15.15.45" /></p>
<choiceInteraction responseIdentifier="vufsw-moderation-0222-nl-qti_949917083_section_1_item_1_schoice_RESPONSE_1_4180200" shuffle="false" maxChoices="1">
<simpleChoice identifier="vufsw-moderation-0222-nl-qti_949917083_section_1_item_1_schoice_1_4241936870">
<p>
a. 61
</p>
</simpleChoice>
<simpleChoice identifier="vufsw-moderation-0222-nl-qti_949917083_section_1_item_1_schoice_2_8286617091">
<p>
b. 13
</p>
</simpleChoice>
<simpleChoice identifier="vufsw-moderation-0222-nl-qti_949917083_section_1_item_1_schoice_3_2123400991">
<p>
c. 0
</p>
</simpleChoice>
<simpleChoice identifier="vufsw-moderation-0222-nl-qti_949917083_section_1_item_1_schoice_4_8325848683">
<p>
d. -39
</p>
</simpleChoice>
</choiceInteraction>
</itemBody>
<responseProcessing>
<responseCondition>
<responseIf>
<isNull>
<variable identifier="vufsw-moderation-0222-nl-qti_949917083_section_1_item_1_schoice_RESPONSE_1_4180200"/>
</isNull>
<setOutcomeValue identifier="SCORE_RESPONSE_1">
<sum>
<variable identifier="SCORE_RESPONSE_1"/>
<baseValue baseType="float">0</baseValue>
</sum>
</setOutcomeValue>
</responseIf>
</responseCondition>
<setOutcomeValue identifier="SCORE_RESPONSE_1">
<sum>
<variable identifier="SCORE_RESPONSE_1"/>
<mapResponse identifier="vufsw-moderation-0222-nl-qti_949917083_section_1_item_1_schoice_RESPONSE_1_4180200"/>
</sum>
</setOutcomeValue>
<responseCondition>
<responseIf>
<lt>
<variable identifier="SCORE_RESPONSE_1"/>
<variable identifier="MINSCORE_RESPONSE_1"/>
</lt>
<setOutcomeValue identifier="SCORE_RESPONSE_1">
<variable identifier="MINSCORE_RESPONSE_1"/>
</setOutcomeValue>
</responseIf>
</responseCondition>
<setOutcomeValue identifier="SCORE">
<sum>
<variable identifier="SCORE_RESPONSE_1"/>
</sum>
</setOutcomeValue>
<responseCondition>
<responseIf>
<lt>
<variable identifier="SCORE"/>
<variable identifier="MINSCORE"/>
</lt>
<setOutcomeValue identifier="SCORE">
<variable identifier="MINSCORE"/>
</setOutcomeValue>
</responseIf>
</responseCondition>
<responseCondition>
<responseIf>
<lt>
<variable identifier="SCORE"/>
<baseValue baseType="float">1</baseValue>
</lt>
<setOutcomeValue identifier="FEEDBACKMODAL">
<multiple>
<variable identifier="FEEDBACKMODAL"/>
<baseValue baseType="identifier">Feedback888576600</baseValue>
</multiple>
</setOutcomeValue>
</responseIf>
</responseCondition>
</responseProcessing>
<modalFeedback identifier="Feedback888576600" outcomeIdentifier="FEEDBACKMODAL" showHide="show">
<ol type = "a">
<li> 61 <br /> False </li>
<li> 13 <br /> True </li>
<li> 0 <br /> False </li>
<li> -39 <br /> False </li>
</ol>
</modalFeedback>
</assessmentItem>
