<?xml version="1.0" encoding="UTF-8"?>
<!DOCTYPE questestinterop SYSTEM "ims_qtiasiv1p2p1.dtd">

<questestinterop xmlns="http://www.imsglobal.org/xsd/ims_qtiasiv1p2" xmlns:xsi="http://www.w3.org/2001/XMLSchema-instance" xsi:schemaLocation="http://www.imsglobal.org/xsd/ims_qtiasiv1p2 http://www.imsglobal.org/xsd/ims_qtiasiv1p2p1.xsd">
<assessment ident="uva-events-675-nl-canvas_308699255" title="uva-events-675-nl-canvas">

<qtimetadata>
<qtimetadatafield>
<fieldlabel>cc_maxattempts</fieldlabel>
<fieldentry>1</fieldentry>
</qtimetadatafield>
<qtimetadatafield>
<fieldlabel>qmd_assessmenttype</fieldlabel>
<fieldentry>Assessment</fieldentry>
</qtimetadatafield>
</qtimetadata>
<objectives>
<material>
<mattext><![CDATA[Please solve the following exercises.]]></mattext>
</material>
</objectives>
<assessmentcontrol feedbackswitch="No" hintswitch="No" solutionswitch="Yes"/>
<outcomes_processing scoremodel="SumOfScores">
<outcomes>
<decvar varname="SCORE" vartype="Decimal" cutvalue="0"/>
</outcomes>
</outcomes_processing>
<assessfeedback title="AssessmentFeedback" ident="AssessmentFeedback">
<flow_mat>
<material>
<mattext>##AssessmentFeedback##</mattext>
</material>
</flow_mat>
</assessfeedback>

<section ident="uva-events-675-nl-canvas_308699255_section_1" title="Exercise">

<objectives>
<material>
<mattext><![CDATA[Please answer the following question.]]></mattext>
</material>
</objectives>
<selection_ordering>
<selection>
<selection_number>1</selection_number>
<selection_extension>
<points_per_item>1</points_per_item>
</selection_extension>
</selection>
<order order_type="Random"/>
</selection_ordering>

<item ident="uva-events-675-nl-canvas_308699255_section_1_item_1_schoice" title="Question" maxattempts="1">
<itemcontrol feedbackswitch="No" hintswitch="No" solutionswitch="Yes"/>
<itemmetadata>
<qtimetadata>
<qtimetadatafield>
<fieldlabel>question_type</fieldlabel>
<fieldentry>multiple_choice_question</fieldentry>
</qtimetadatafield>
</qtimetadata>
</itemmetadata>
<presentation>
<flow>
<material>
<matbreak/>
<mattext texttype="text/html" charset="utf-8"><![CDATA[
<p>Gebeurtenis A = { 2 ≤ x ≤ 4}, en B = {x|x ≥ 3}.Kijk naar de
onderstaande grafiek, wat is de vereniging van <em>A</em> en <em>B</em>?</p>
<p><img src="data/supplements_1_1/uva-events-675-nl-graph01.png" /></p>
]]></mattext>
<matbreak/>
</material>
<response_lid ident="uva-events-675-nl-canvas_308699255_section_1_item_1_schoice_RESPONSE_5622033" rcardinality="Single" rtiming="No">
<render_choice shuffle="No">
<flow_label class="List">
<response_label ident="uva-events-675-nl-canvas_308699255_section_1_item_1_schoice_7290777309" rshuffle="No">
<material>
<mattext texttype="text/html" charset="utf-8"><![CDATA[
 {x|x ≤ 2}
]]></mattext>
</material>
</response_label>
</flow_label>
<flow_label class="List">
<response_label ident="uva-events-675-nl-canvas_308699255_section_1_item_1_schoice_9641417846" rshuffle="No">
<material>
<mattext texttype="text/html" charset="utf-8"><![CDATA[
 {x|2 ≤ x ≤ 4}
]]></mattext>
</material>
</response_label>
</flow_label>
<flow_label class="List">
<response_label ident="uva-events-675-nl-canvas_308699255_section_1_item_1_schoice_2630047686" rshuffle="No">
<material>
<mattext texttype="text/html" charset="utf-8"><![CDATA[
 {x|x ≥ 2}
]]></mattext>
</material>
</response_label>
</flow_label>
<flow_label class="List">
<response_label ident="uva-events-675-nl-canvas_308699255_section_1_item_1_schoice_7014433246" rshuffle="No">
<material>
<mattext texttype="text/html" charset="utf-8"><![CDATA[
 {x|x &gt; 4}
]]></mattext>
</material>
</response_label>
</flow_label>
</render_choice>
</response_lid>
</flow>
</presentation>
<resprocessing>
<outcomes>
<decvar varname="SCORE" vartype="Decimal" defaultval="0" minvalue="0" maxvalue="1" cutvalue="1"/>
</outcomes>
<respcondition title="Mastery" continue="No">
<conditionvar>
<and>
<varequal respident="uva-events-675-nl-canvas_308699255_section_1_item_1_schoice_RESPONSE_5622033" case="Yes">uva-events-675-nl-canvas_308699255_section_1_item_1_schoice_2630047686</varequal>
<not> <varequal respident="uva-events-675-nl-canvas_308699255_section_1_item_1_schoice_RESPONSE_5622033" case="Yes">uva-events-675-nl-canvas_308699255_section_1_item_1_schoice_7290777309</varequal> </not>
<not> <varequal respident="uva-events-675-nl-canvas_308699255_section_1_item_1_schoice_RESPONSE_5622033" case="Yes">uva-events-675-nl-canvas_308699255_section_1_item_1_schoice_9641417846</varequal> </not>
<not> <varequal respident="uva-events-675-nl-canvas_308699255_section_1_item_1_schoice_RESPONSE_5622033" case="Yes">uva-events-675-nl-canvas_308699255_section_1_item_1_schoice_7014433246</varequal> </not>
</and>
</conditionvar>
<setvar varname="SCORE" action="Set">1</setvar>
<displayfeedback feedbacktype="Response" linkrefid="correct_fb"/>
</respcondition>
<respcondition continue="Yes">
<conditionvar>
<other/>
</conditionvar>
<displayfeedback feedbacktype="Response" linkrefid="general_incorrect_fb"/>
</respcondition>
</resprocessing>
<itemfeedback ident="correct_fb" view="All">
<flow_mat>
<material>
<mattext texttype="text/html"><![CDATA[
<ul>
<li> {x|x ≤ 2} <br /> {x|x ≤ 2}: Incorrect </li>
<li> {x|2 ≤ x ≤ 4} <br /> {x|2 ≤ x ≤ 4}: Incorrect </li>
<li> {x|x ≥ 2} <br /> {x|x ≥ 2}: Correct </li>
<li> {x|x &gt; 4} <br /> {x|x &gt; 4}: Incorrect </li>
</ul>
]]></mattext>
</material>
</flow_mat>
</itemfeedback>
<itemfeedback ident="general_incorrect_fb" view="All">
<flow_mat>
<material>
<mattext texttype="text/html"><![CDATA[
<ul>
<li> {x|x ≤ 2} <br /> {x|x ≤ 2}: Incorrect </li>
<li> {x|2 ≤ x ≤ 4} <br /> {x|2 ≤ x ≤ 4}: Incorrect </li>
<li> {x|x ≥ 2} <br /> {x|x ≥ 2}: Correct </li>
<li> {x|x &gt; 4} <br /> {x|x &gt; 4}: Incorrect </li>
</ul>
]]></mattext>
</material>
</flow_mat>
</itemfeedback>
</item>


</section>

</assessment>
</questestinterop>
