<?xml version="1.0" encoding="utf-8" standalone="yes"?>
<assessmentItem identifier="uva-power-1578-en-tv_202601131821_item_1_schoice" title="uva-power-1578-en-tv_202601131821_item_1_schoice_uva-power-1578-en" adaptive="false" timeDependent="false" toolName="Testvision Online" toolVersion="39.0.9084" xmlns="http://www.imsglobal.org/xsd/imsqti_v2p1">
<responseDeclaration identifier="RESPONSE" cardinality="single" baseType="identifier">
<correctResponse>
<value>alt_873612</value>
</correctResponse>
<mapping defaultValue="0" lowerBound="0.0">
<mapEntry mapKey="alt_814217" mappedValue="-0.5"/>
<mapEntry mapKey="alt_134154" mappedValue="-0.5"/>
<mapEntry mapKey="alt_873612" mappedValue="1"/>
</mapping>
</responseDeclaration>
<outcomeDeclaration identifier="SCORE" cardinality="single" baseType="float" normalMaximum="1" normalMinimum="0" />
<outcomeDeclaration identifier="FEEDBACK" cardinality="single" baseType="identifier" />
<stylesheet href="css/uva-power-1578-en-tv_202601131821_item_1_schoice.css" type="text/css" />
<itemBody>
<p>One tests H<sub>1</sub>: p = 0.6 against H<sub>2</sub>: p = 0.8 in a random sample of n = 10 observations. Testing quantity is the binomially distributed stochast B, the number of successes in the sample. As the right critical limit, the value 8 is used. The discernment power 1 - β is then equal to</p>
<choiceInteraction responseIdentifier="RESPONSE" shuffle="false" maxChoices="1">
<simpleChoice identifier="alt_814217">
<div class="textblock tvblock tvcss_1"><div class="rte_zone tveditor1">
 0.84
</div>
</div>
</simpleChoice>
<simpleChoice identifier="alt_134154">
<div class="textblock tvblock tvcss_1"><div class="rte_zone tveditor1">
 0.85
</div>
</div>
</simpleChoice>
<simpleChoice identifier="alt_873612">
<div class="textblock tvblock tvcss_1"><div class="rte_zone tveditor1">
 0.9
</div>
</div>
</simpleChoice>
</choiceInteraction>
</itemBody>
<responseProcessing>
<responseCondition>
<responseIf>
<isNull>
<variable identifier="RESPONSE"/>
</isNull>
<setOutcomeValue identifier="SCORE">
<baseValue baseType="float">0.0</baseValue>
</setOutcomeValue>
<setOutcomeValue identifier="FEEDBACK">
<baseValue baseType="identifier">FAILURE</baseValue>
</setOutcomeValue>
</responseIf>
<responseElse>
<setOutcomeValue identifier="SCORE">
<mapResponse identifier="RESPONSE"/>
</setOutcomeValue>
<responseCondition>
<responseIf>
<equal toleranceMode="relative" tolerance="0.001">
<variable identifier="SCORE"/>
<variable identifier="MAXSCORE"/>
</equal>
<setOutcomeValue identifier="FEEDBACK">
<baseValue baseType="identifier">ANSWER_CORRECT</baseValue>
</setOutcomeValue>
</responseIf>
<responseElse>
<setOutcomeValue identifier="FEEDBACK">
<baseValue baseType="identifier">FAILURE</baseValue>
</setOutcomeValue>
</responseElse>
</responseCondition>
</responseElse>
</responseCondition>
</responseProcessing>
<modalFeedback identifier="FAILURE" outcomeIdentifier="FEEDBACK" showHide="show">
<div class="textblock tvblock tvcss_1"><div class="rte_zone tveditor1">
<ul>
<li> 0.84 <br /> 0.84: Incorrect </li>
<li> 0.85 <br /> 0.85: Incorrect </li>
<li> 0.9 <br /> 0.9: Correct </li>
</ul>
</div>
</div>
</modalFeedback>
<modalFeedback identifier="ANSWER_CORRECT" outcomeIdentifier="FEEDBACK" showHide="show">
<div class="textblock tvblock tvcss_1"><div class="rte_zone tveditor1">
<ul>
<li> 0.84 <br /> 0.84: Incorrect </li>
<li> 0.85 <br /> 0.85: Incorrect </li>
<li> 0.9 <br /> 0.9: Correct </li>
</ul>
</div>
</div>
</modalFeedback>
<modalFeedback identifier="PARTIAL_CORRECT" outcomeIdentifier="FEEDBACK" showHide="show">
<div class="textblock tvblock tvcss_1"><div class="rte_zone tveditor1">
<ul>
<li> 0.84 <br /> 0.84: Incorrect </li>
<li> 0.85 <br /> 0.85: Incorrect </li>
<li> 0.9 <br /> 0.9: Correct </li>
</ul>
</div>
</div>
</modalFeedback>
</assessmentItem>
