<?xml version="1.0" encoding="UTF-8"?>
<assessmentItem xsi:schemaLocation="http://www.imsglobal.org/xsd/imsqti_v2p1 http://www.imsglobal.org/xsd/qti/qtiv2p1/imsqti_v2p1p1.xsd http://www.w3.org/1998/Math/MathML http://www.w3.org/Math/XMLSchema/mathml2/mathml2.xsd" identifier="vufgb-mixeddesignanova-002-nl-ans_643418587_section_1_item_1_schoice" title="Inferential_Statistics_vufgb-mixeddesignanova-002-nl_vufgb-mixeddesignanova-002-nl_schoice_1" adaptive="false" timeDependent="false" xmlns="http://www.imsglobal.org/xsd/imsqti_v2p1" xmlns:xsi="http://www.w3.org/2001/XMLSchema-instance">
<responseDeclaration identifier="vufgb-mixeddesignanova-002-nl-ans_643418587_section_1_item_1_schoice_RESPONSE_1_9998970" cardinality="single" baseType="identifier">
<correctResponse>
<value>vufgb-mixeddesignanova-002-nl-ans_643418587_section_1_item_1_schoice_3_5567822230</value>
</correctResponse>
<mapping defaultValue="0" lowerBound="0.0">
<mapEntry mapKey="vufgb-mixeddesignanova-002-nl-ans_643418587_section_1_item_1_schoice_1_7975237834" mappedValue="0"/>
<mapEntry mapKey="vufgb-mixeddesignanova-002-nl-ans_643418587_section_1_item_1_schoice_2_1107823321" mappedValue="0"/>
<mapEntry mapKey="vufgb-mixeddesignanova-002-nl-ans_643418587_section_1_item_1_schoice_3_5567822230" mappedValue="1"/>
<mapEntry mapKey="vufgb-mixeddesignanova-002-nl-ans_643418587_section_1_item_1_schoice_4_4225610392" mappedValue="0"/>
</mapping>
</responseDeclaration>
<outcomeDeclaration identifier="SCORE" cardinality="single" baseType="float" normalMaximum="1" normalMinimum="0">
<defaultValue>
<value>0.0</value>
</defaultValue>
</outcomeDeclaration>
<outcomeDeclaration identifier="MAXSCORE" cardinality="single" baseType="float">
<defaultValue>
<value>1</value>
</defaultValue>
</outcomeDeclaration>
<outcomeDeclaration identifier="FEEDBACKBASIC" cardinality="single" baseType="identifier" view="testConstructor">
<defaultValue>
<value>empty</value>
</defaultValue>
</outcomeDeclaration>
<outcomeDeclaration identifier="FEEDBACKMODAL" cardinality="multiple" baseType="identifier" view="testConstructor"/>
<outcomeDeclaration identifier="SOLUTIONMODAL" cardinality="single" baseType="identifier" view="testConstructor"/>
<outcomeDeclaration identifier="MINSCORE" cardinality="single" baseType="float">
<defaultValue>
<value baseType="float">0</value>
</defaultValue>
</outcomeDeclaration>
<outcomeDeclaration identifier="SCORE_RESPONSE_1" cardinality="single" baseType="float">
<defaultValue>
<value>0.0</value>
</defaultValue>
</outcomeDeclaration>
<outcomeDeclaration identifier="MINSCORE_RESPONSE_1" cardinality="single" baseType="float">
<defaultValue>
<value>0.0</value>
</defaultValue>
</outcomeDeclaration>
<itemBody>
<p>Twee linear mixed models voor herhaalde metingen worden met elkaar vergeleken. Het betreft een model met een <em>fixed effect</em> voor tijd en een model met een <em>random effect</em> voor tijd. De <em>-2LogLikelihood</em> voor het model met <em>fixed effect</em> is 259, en voor het model met <em>random effect</em> 262. Voer een <em>likelihood-ratio</em> toets uit met het volgende doel: toetsen of het <em>random effect</em> voor tijd significant is.</p>
<choiceInteraction responseIdentifier="vufgb-mixeddesignanova-002-nl-ans_643418587_section_1_item_1_schoice_RESPONSE_1_9998970" shuffle="false" maxChoices="1">
<simpleChoice identifier="vufgb-mixeddesignanova-002-nl-ans_643418587_section_1_item_1_schoice_1_7975237834">
<p>
 <em>z</em> = 3, <em>p</em> &lt; .05.
</p>
</simpleChoice>
<simpleChoice identifier="vufgb-mixeddesignanova-002-nl-ans_643418587_section_1_item_1_schoice_2_1107823321">
<p>
 <em>z</em> = 9, <em>p</em> &lt; .05.
</p>
</simpleChoice>
<simpleChoice identifier="vufgb-mixeddesignanova-002-nl-ans_643418587_section_1_item_1_schoice_3_5567822230">
<p>
 <span class="math inline">\(χ^2\)</span>(<em>df</em> = 1) = 3, <em>p</em> &gt; .05.
</p>
</simpleChoice>
<simpleChoice identifier="vufgb-mixeddesignanova-002-nl-ans_643418587_section_1_item_1_schoice_4_4225610392">
<p>
 <span class="math inline">\(χ^2\)</span>(<em>df</em> = 1) = 9, <em>p</em> &lt; .05.
</p>
</simpleChoice>
</choiceInteraction>
</itemBody>
<responseProcessing>
<setOutcomeValue identifier="SCORE_RESPONSE_1">
<sum>
<variable identifier="SCORE_RESPONSE_1"/>
<mapResponse identifier="vufgb-mixeddesignanova-002-nl-ans_643418587_section_1_item_1_schoice_RESPONSE_1_9998970"/>
</sum>
</setOutcomeValue>
<responseCondition>
<responseIf>
<lt>
<variable identifier="SCORE_RESPONSE_1"/>
<variable identifier="MINSCORE_RESPONSE_1"/>
</lt>
<setOutcomeValue identifier="SCORE_RESPONSE_1">
<variable identifier="MINSCORE_RESPONSE_1"/>
</setOutcomeValue>
</responseIf>
</responseCondition>
<responseCondition>
<responseIf>
<isNull>
<variable identifier="vufgb-mixeddesignanova-002-nl-ans_643418587_section_1_item_1_schoice_RESPONSE_1_9998970"/>
</isNull>
<setOutcomeValue identifier="SCORE_RESPONSE_1">
<sum>
<variable identifier="SCORE_RESPONSE_1"/>
<baseValue baseType="float">0</baseValue>
</sum>
</setOutcomeValue>
</responseIf>
</responseCondition>
<setOutcomeValue identifier="SCORE">
<sum>
<variable identifier="SCORE_RESPONSE_1"/>
</sum>
</setOutcomeValue>
<responseCondition>
<responseIf>
<lt>
<variable identifier="SCORE"/>
<variable identifier="MINSCORE"/>
</lt>
<setOutcomeValue identifier="SCORE">
<variable identifier="MINSCORE"/>
</setOutcomeValue>
</responseIf>
</responseCondition>
<responseCondition>
<responseIf>
<lt>
<variable identifier="SCORE"/>
<baseValue baseType="float">1</baseValue>
</lt>
<setOutcomeValue identifier="FEEDBACKMODAL">
<multiple>
<variable identifier="FEEDBACKMODAL"/>
<baseValue baseType="identifier">Feedback138591028</baseValue>
</multiple>
</setOutcomeValue>
</responseIf>
</responseCondition>
</responseProcessing>
<modalFeedback outcomeIdentifier="FEEDBACK" showHide="show" identifier="incorrect">
</modalFeedback>
</assessmentItem>
