<?xml version="1.0" encoding="utf-8" standalone="yes"?>
<assessmentItem identifier="uva-addition-rule-564-nl-tv_202601131819_item_1_schoice" title="uva-addition-rule-564-nl-tv_202601131819_item_1_schoice_uva-addition-rule-564-nl" adaptive="false" timeDependent="false" toolName="Testvision Online" toolVersion="39.0.9084" xmlns="http://www.imsglobal.org/xsd/imsqti_v2p1"> <responseDeclaration identifier="RESPONSE" cardinality="single" baseType="identifier"> <correctResponse> <value>alt_607300</value> </correctResponse> <mapping defaultValue="0" lowerBound="0.0"> <mapEntry mapKey="alt_802784" mappedValue="-0.333333333333333"/> <mapEntry mapKey="alt_144305" mappedValue="-0.333333333333333"/> <mapEntry mapKey="alt_607300" mappedValue="1"/> <mapEntry mapKey="alt_371059" mappedValue="-0.333333333333333"/> </mapping> </responseDeclaration> <outcomeDeclaration identifier="SCORE" cardinality="single" baseType="float" normalMaximum="1" normalMinimum="0" /> <outcomeDeclaration identifier="FEEDBACK" cardinality="single" baseType="identifier" /> <stylesheet href="css/uva-addition-rule-564-nl-tv_202601131819_item_1_schoice.css" type="text/css" /> <itemBody> <p>In de volgende kruistabel zijn gegevens van 100 personen opgenomen voor twee variabelen A en B. We trekken aselect iemand uit de 100 personen.</p> <table> <tbody> <tr class="odd"> <td class="recss_2"> </td> <td class="recss_2">A = 1</td> <td class="recss_2">A = 2</td> <td class="recss_2">A = 3</td> </tr> <tr class="even"> <td class="recss_2">B = 1</td> <td class="recss_2">19</td> <td class="recss_2">20</td> <td class="recss_2">23</td> </tr> <tr class="odd"> <td class="recss_2">B = 2</td> <td class="recss_2">18</td> <td class="recss_2">2</td> <td class="recss_2">18</td> </tr> </tbody> </table> <p>Voor deze persoon geldt: P(A = 1 ∪ B = 2) is gelijk aan</p> <choiceInteraction responseIdentifier="RESPONSE" shuffle="false" maxChoices="1"> <simpleChoice identifier="alt_802784"> <div class="textblock tvblock tvcss_1"><div class="rte_zone tveditor1">  0.18 </div> </div> </simpleChoice> <simpleChoice identifier="alt_144305"> <div class="textblock tvblock tvcss_1"><div class="rte_zone tveditor1">  0.39 </div> </div> </simpleChoice> <simpleChoice identifier="alt_607300"> <div class="textblock tvblock tvcss_1"><div class="rte_zone tveditor1">  0.57 </div> </div> </simpleChoice> <simpleChoice identifier="alt_371059"> <div class="textblock tvblock tvcss_1"><div class="rte_zone tveditor1">  0.75 </div> </div> </simpleChoice> </choiceInteraction> </itemBody> <responseProcessing> <responseCondition> <responseIf> <isNull> <variable identifier="RESPONSE"/> </isNull> <setOutcomeValue identifier="SCORE"> <baseValue baseType="float">0.0</baseValue> </setOutcomeValue> <setOutcomeValue identifier="FEEDBACK"> <baseValue baseType="identifier">FAILURE</baseValue> </setOutcomeValue> </responseIf> <responseElse> <setOutcomeValue identifier="SCORE"> <mapResponse identifier="RESPONSE"/> </setOutcomeValue> <responseCondition> <responseIf> <equal toleranceMode="relative" tolerance="0.001"> <variable identifier="SCORE"/> <variable identifier="MAXSCORE"/> </equal> <setOutcomeValue identifier="FEEDBACK"> <baseValue baseType="identifier">ANSWER_CORRECT</baseValue> </setOutcomeValue> </responseIf> <responseElse> <setOutcomeValue identifier="FEEDBACK"> <baseValue baseType="identifier">FAILURE</baseValue> </setOutcomeValue> </responseElse> </responseCondition> </responseElse> </responseCondition> </responseProcessing> <modalFeedback identifier="FAILURE" outcomeIdentifier="FEEDBACK" showHide="show"> <div class="textblock tvblock tvcss_1"><div class="rte_zone tveditor1"> <ul> <li> 0.18 <br /> 0.18: Incorrect </li> <li> 0.39 <br /> 0.39: Incorrect </li> <li> 0.57 <br /> 0.57: Correct </li> <li> 0.75 <br /> 0.75: Incorrect </li> </ul> </div> </div> </modalFeedback> <modalFeedback identifier="ANSWER_CORRECT" outcomeIdentifier="FEEDBACK" showHide="show"> <div class="textblock tvblock tvcss_1"><div class="rte_zone tveditor1"> <ul> <li> 0.18 <br /> 0.18: Incorrect </li> <li> 0.39 <br /> 0.39: Incorrect </li> <li> 0.57 <br /> 0.57: Correct </li> <li> 0.75 <br /> 0.75: Incorrect </li> </ul> </div> </div> </modalFeedback> <modalFeedback identifier="PARTIAL_CORRECT" outcomeIdentifier="FEEDBACK" showHide="show"> <div class="textblock tvblock tvcss_1"><div class="rte_zone tveditor1"> <ul> <li> 0.18 <br /> 0.18: Incorrect </li> <li> 0.39 <br /> 0.39: Incorrect </li> <li> 0.57 <br /> 0.57: Correct </li> <li> 0.75 <br /> 0.75: Incorrect </li> </ul> </div> </div> </modalFeedback> </assessmentItem>
