<?xml version="1.0" encoding="UTF-8"?>
<!DOCTYPE questestinterop SYSTEM "ims_qtiasiv1p2p1.dtd">

<questestinterop xmlns="http://www.imsglobal.org/xsd/ims_qtiasiv1p2" xmlns:xsi="http://www.w3.org/2001/XMLSchema-instance" xsi:schemaLocation="http://www.imsglobal.org/xsd/ims_qtiasiv1p2 http://www.imsglobal.org/xsd/ims_qtiasiv1p2p1.xsd">
<assessment ident="uu-Standardized-coefficient-803-en-canvas_432403701" title="uu-Standardized-coefficient-803-en-canvas">

<qtimetadata>
<qtimetadatafield>
<fieldlabel>cc_maxattempts</fieldlabel>
<fieldentry>1</fieldentry>
</qtimetadatafield>
<qtimetadatafield>
<fieldlabel>qmd_assessmenttype</fieldlabel>
<fieldentry>Assessment</fieldentry>
</qtimetadatafield>
</qtimetadata>
<objectives>
<material>
<mattext><![CDATA[Please solve the following exercises.]]></mattext>
</material>
</objectives>
<assessmentcontrol feedbackswitch="No" hintswitch="No" solutionswitch="Yes"/>
<outcomes_processing scoremodel="SumOfScores">
<outcomes>
<decvar varname="SCORE" vartype="Decimal" cutvalue="0"/>
</outcomes>
</outcomes_processing>
<assessfeedback title="AssessmentFeedback" ident="AssessmentFeedback">
<flow_mat>
<material>
<mattext>##AssessmentFeedback##</mattext>
</material>
</flow_mat>
</assessfeedback>

<section ident="uu-Standardized-coefficient-803-en-canvas_432403701_section_1" title="Exercise">

<objectives>
<material>
<mattext><![CDATA[Please answer the following question.]]></mattext>
</material>
</objectives>
<selection_ordering>
<selection>
<selection_number>1</selection_number>
<selection_extension>
<points_per_item>1</points_per_item>
</selection_extension>
</selection>
<order order_type="Random"/>
</selection_ordering>

<item ident="uu-Standardized-coefficient-803-en-canvas_432403701_section_1_item_1_schoice" title="Question" maxattempts="1">
<itemcontrol feedbackswitch="No" hintswitch="No" solutionswitch="Yes"/>
<itemmetadata>
<qtimetadata>
<qtimetadatafield>
<fieldlabel>question_type</fieldlabel>
<fieldentry>multiple_choice_question</fieldentry>
</qtimetadatafield>
</qtimetadata>
</itemmetadata>
<presentation>
<flow>
<material>
<matbreak/>
<mattext texttype="text/html" charset="utf-8"><![CDATA[
<p>Some background characteristics of mothers with young children were examined to see if they could explain the variance in the degree of care ghettos. The output below presents the results of the analysis for the following characteristics:
- care ethos: importance one attaches to caregiving tasks; the higher the score the more importance one attaches to caregiving tasks,
- education: education respondent; 1 = low to 8 = high,
- working hours: number of hours of work per week,
- faith: religion; 0 = none and 1 = yes,
- lftjong: age of youngest child in years.</p>
<p>Which predictor (given the other three) is the strongest predictor of the variable care ethos?</p>
<p><img src="data/supplements_1_1/uu-Standardized-coefficient-803-nl-tabel.jpg" /></p>
]]></mattext>
<matbreak/>
</material>
<response_lid ident="uu-Standardized-coefficient-803-en-canvas_432403701_section_1_item_1_schoice_RESPONSE_7985507" rcardinality="Single" rtiming="No">
<render_choice shuffle="No">
<flow_label class="List">
<response_label ident="uu-Standardized-coefficient-803-en-canvas_432403701_section_1_item_1_schoice_4669712866" rshuffle="No">
<material>
<mattext texttype="text/html" charset="utf-8"><![CDATA[
 Training
]]></mattext>
</material>
</response_label>
</flow_label>
<flow_label class="List">
<response_label ident="uu-Standardized-coefficient-803-en-canvas_432403701_section_1_item_1_schoice_8169062583" rshuffle="No">
<material>
<mattext texttype="text/html" charset="utf-8"><![CDATA[
 Work hour
]]></mattext>
</material>
</response_label>
</flow_label>
<flow_label class="List">
<response_label ident="uu-Standardized-coefficient-803-en-canvas_432403701_section_1_item_1_schoice_3427557131" rshuffle="No">
<material>
<mattext texttype="text/html" charset="utf-8"><![CDATA[
 Believe
]]></mattext>
</material>
</response_label>
</flow_label>
<flow_label class="List">
<response_label ident="uu-Standardized-coefficient-803-en-canvas_432403701_section_1_item_1_schoice_3687664311" rshuffle="No">
<material>
<mattext texttype="text/html" charset="utf-8"><![CDATA[
 Lftjongs
]]></mattext>
</material>
</response_label>
</flow_label>
</render_choice>
</response_lid>
</flow>
</presentation>
<resprocessing>
<outcomes>
<decvar varname="SCORE" vartype="Decimal" defaultval="0" minvalue="0" maxvalue="1" cutvalue="1"/>
</outcomes>
<respcondition title="Mastery" continue="No">
<conditionvar>
<and>
<varequal respident="uu-Standardized-coefficient-803-en-canvas_432403701_section_1_item_1_schoice_RESPONSE_7985507" case="Yes">uu-Standardized-coefficient-803-en-canvas_432403701_section_1_item_1_schoice_8169062583</varequal>
<not> <varequal respident="uu-Standardized-coefficient-803-en-canvas_432403701_section_1_item_1_schoice_RESPONSE_7985507" case="Yes">uu-Standardized-coefficient-803-en-canvas_432403701_section_1_item_1_schoice_4669712866</varequal> </not>
<not> <varequal respident="uu-Standardized-coefficient-803-en-canvas_432403701_section_1_item_1_schoice_RESPONSE_7985507" case="Yes">uu-Standardized-coefficient-803-en-canvas_432403701_section_1_item_1_schoice_3427557131</varequal> </not>
<not> <varequal respident="uu-Standardized-coefficient-803-en-canvas_432403701_section_1_item_1_schoice_RESPONSE_7985507" case="Yes">uu-Standardized-coefficient-803-en-canvas_432403701_section_1_item_1_schoice_3687664311</varequal> </not>
</and>
</conditionvar>
<setvar varname="SCORE" action="Set">1</setvar>
<displayfeedback feedbacktype="Response" linkrefid="correct_fb"/>
</respcondition>
<respcondition continue="Yes">
<conditionvar>
<other/>
</conditionvar>
<displayfeedback feedbacktype="Response" linkrefid="general_incorrect_fb"/>
</respcondition>
</resprocessing>
<itemfeedback ident="correct_fb" view="All">
<flow_mat>
<material>
<mattext texttype="text/html"><![CDATA[

]]></mattext>
</material>
</flow_mat>
</itemfeedback>
<itemfeedback ident="general_incorrect_fb" view="All">
<flow_mat>
<material>
<mattext texttype="text/html"><![CDATA[

]]></mattext>
</material>
</flow_mat>
</itemfeedback>
</item>


</section>

</assessment>
</questestinterop>
