<?xml version="1.0" encoding="utf-8" standalone="yes"?>
<assessmentItem identifier="vufsw-cronbach'salpha-1122-nl-tv_202405230826_item_1_schoice" title="vufsw-cronbach'salpha-1122-nl-tv_202405230826_item_1_schoice_vufsw-cronbach'salpha-1122-nl" adaptive="false" timeDependent="false" toolName="Testvision Online" toolVersion="39.0.9084" xmlns="http://www.imsglobal.org/xsd/imsqti_v2p1">
<responseDeclaration identifier="RESPONSE" cardinality="single" baseType="identifier">
<correctResponse>
<value>alt_299053</value>
</correctResponse>
<mapping defaultValue="0" lowerBound="0.0">
<mapEntry mapKey="alt_669847" mappedValue="-0.333333333333333"/>
<mapEntry mapKey="alt_835556" mappedValue="-0.333333333333333"/>
<mapEntry mapKey="alt_111010" mappedValue="-0.333333333333333"/>
<mapEntry mapKey="alt_299053" mappedValue="1"/>
</mapping>
</responseDeclaration>
<outcomeDeclaration identifier="SCORE" cardinality="single" baseType="float" normalMaximum="1" normalMinimum="0" />
<outcomeDeclaration identifier="FEEDBACK" cardinality="single" baseType="identifier" />
<itemBody>
<p>Een afstudeerder heeft voor zijn scriptieonderzoek de mate van
zelfvertrouwen van studenten gemeten met een schaal die bestaat uit 6
items en die loopt van 1 (weinig zelfvertrouwen) tot en met 10 (veel
zelfvertrouwen). De Cronbach’s alpha van deze schaal is 0.74.</p>
<p>De Cronbach’s alpha zou verhoogd kunnen worden door:</p>
<p>I.             Nog een extra item aan de schaal toe te voegen.<br />
II.            Een item met een lage “corrected item-total correlation”
te verwijderen.<br />
III.           Een item met een waarde van 0,79 bij “Cronbach’s alpha if
item deleted” uit de schaal te verwijderen.</p>
<choiceInteraction responseIdentifier="RESPONSE" shuffle="false" maxChoices="1">
<simpleChoice identifier="alt_669847">
<div class="textblock tvblock tvcss_1"><div class="rte_zone tveditor1">
 Antwoord III. is juist.
</div>
</div>
</simpleChoice>
<simpleChoice identifier="alt_835556">
<div class="textblock tvblock tvcss_1"><div class="rte_zone tveditor1">
 Antwoord II. is juist.
</div>
</div>
</simpleChoice>
<simpleChoice identifier="alt_111010">
<div class="textblock tvblock tvcss_1"><div class="rte_zone tveditor1">
 Antwoord I. is juist.
</div>
</div>
</simpleChoice>
<simpleChoice identifier="alt_299053">
<div class="textblock tvblock tvcss_1"><div class="rte_zone tveditor1">
 Alle genoemde antwoorden zijn juist.
</div>
</div>
</simpleChoice>
</choiceInteraction>
</itemBody>
<responseProcessing>
<responseCondition>
<responseIf>
<isNull>
<variable identifier="RESPONSE"/>
</isNull>
<setOutcomeValue identifier="SCORE">
<baseValue baseType="float">0.0</baseValue>
</setOutcomeValue>
<setOutcomeValue identifier="FEEDBACK">
<baseValue baseType="identifier">FAILURE</baseValue>
</setOutcomeValue>
</responseIf>
<responseElse>
<setOutcomeValue identifier="SCORE">
<mapResponse identifier="RESPONSE"/>
</setOutcomeValue>
<responseCondition>
<responseIf>
<equal toleranceMode="relative" tolerance="0.001">
<variable identifier="SCORE"/>
<variable identifier="MAXSCORE"/>
</equal>
<setOutcomeValue identifier="FEEDBACK">
<baseValue baseType="identifier">ANSWER_CORRECT</baseValue>
</setOutcomeValue>
</responseIf>
<responseElse>
<setOutcomeValue identifier="FEEDBACK">
<baseValue baseType="identifier">FAILURE</baseValue>
</setOutcomeValue>
</responseElse>
</responseCondition>
</responseElse>
</responseCondition>
</responseProcessing>
<modalFeedback identifier="FAILURE" outcomeIdentifier="FEEDBACK" showHide="show">
<div class="textblock tvblock tvcss_1"><div class="rte_zone tveditor1">
<ul>
<li> Antwoord III. is juist. <br /> False </li>
<li> Antwoord II. is juist. <br /> False </li>
<li> Antwoord I. is juist. <br /> False </li>
<li> Alle genoemde antwoorden zijn juist. <br /> True </li>
</ul>
</div>
</div>
</modalFeedback>
<modalFeedback identifier="ANSWER_CORRECT" outcomeIdentifier="FEEDBACK" showHide="show">
<div class="textblock tvblock tvcss_1"><div class="rte_zone tveditor1">
<ul>
<li> Antwoord III. is juist. <br /> False </li>
<li> Antwoord II. is juist. <br /> False </li>
<li> Antwoord I. is juist. <br /> False </li>
<li> Alle genoemde antwoorden zijn juist. <br /> True </li>
</ul>
</div>
</div>
</modalFeedback>
<modalFeedback identifier="PARTIAL_CORRECT" outcomeIdentifier="FEEDBACK" showHide="show">
<div class="textblock tvblock tvcss_1"><div class="rte_zone tveditor1">
<ul>
<li> Antwoord III. is juist. <br /> False </li>
<li> Antwoord II. is juist. <br /> False </li>
<li> Antwoord I. is juist. <br /> False </li>
<li> Alle genoemde antwoorden zijn juist. <br /> True </li>
</ul>
</div>
</div>
</modalFeedback>
</assessmentItem>
