<?xml version="1.0" encoding="UTF-8"?>
<assessmentItem xsi:schemaLocation="http://www.imsglobal.org/xsd/imsqti_v2p1 http://www.imsglobal.org/xsd/qti/qtiv2p1/imsqti_v2p1p1.xsd http://www.w3.org/1998/Math/MathML http://www.w3.org/Math/XMLSchema/mathml2/mathml2.xsd" identifier="uva-simple-linear-regression-227-nl-ans_106639587_section_1_item_1_schoice" title="Inferential_Statistics_uva-simple-linear-regression-227-nl_uva-simple-linear-regression-227-nl_schoice_1" adaptive="false" timeDependent="false" xmlns="http://www.imsglobal.org/xsd/imsqti_v2p1" xmlns:xsi="http://www.w3.org/2001/XMLSchema-instance">
<responseDeclaration identifier="uva-simple-linear-regression-227-nl-ans_106639587_section_1_item_1_schoice_RESPONSE_1_3274922" cardinality="single" baseType="identifier">
<correctResponse>
<value>uva-simple-linear-regression-227-nl-ans_106639587_section_1_item_1_schoice_2_5496305581</value>
</correctResponse>
<mapping defaultValue="0" lowerBound="0.0">
<mapEntry mapKey="uva-simple-linear-regression-227-nl-ans_106639587_section_1_item_1_schoice_1_1248348431" mappedValue="0"/>
<mapEntry mapKey="uva-simple-linear-regression-227-nl-ans_106639587_section_1_item_1_schoice_2_5496305581" mappedValue="1"/>
<mapEntry mapKey="uva-simple-linear-regression-227-nl-ans_106639587_section_1_item_1_schoice_3_5369959219" mappedValue="0"/>
</mapping>
</responseDeclaration>
<outcomeDeclaration identifier="SCORE" cardinality="single" baseType="float" normalMaximum="1" normalMinimum="0">
<defaultValue>
<value>0.0</value>
</defaultValue>
</outcomeDeclaration>
<outcomeDeclaration identifier="MAXSCORE" cardinality="single" baseType="float">
<defaultValue>
<value>1</value>
</defaultValue>
</outcomeDeclaration>
<outcomeDeclaration identifier="FEEDBACKBASIC" cardinality="single" baseType="identifier" view="testConstructor">
<defaultValue>
<value>empty</value>
</defaultValue>
</outcomeDeclaration>
<outcomeDeclaration identifier="FEEDBACKMODAL" cardinality="multiple" baseType="identifier" view="testConstructor"/>
<outcomeDeclaration identifier="SOLUTIONMODAL" cardinality="single" baseType="identifier" view="testConstructor"/>
<outcomeDeclaration identifier="MINSCORE" cardinality="single" baseType="float">
<defaultValue>
<value baseType="float">0</value>
</defaultValue>
</outcomeDeclaration>
<outcomeDeclaration identifier="SCORE_RESPONSE_1" cardinality="single" baseType="float">
<defaultValue>
<value>0.0</value>
</defaultValue>
</outcomeDeclaration>
<outcomeDeclaration identifier="MINSCORE_RESPONSE_1" cardinality="single" baseType="float">
<defaultValue>
<value>0.0</value>
</defaultValue>
</outcomeDeclaration>
<itemBody>
<p>Van een lineaire regressie zijn de volgende gegevens bekend over de
variabelen X en Y: b = 0.63 en S<sub>X</sub> = S<sub>Y</sub> = 1.71. De pmcc is dan gelijk
aan</p>
<choiceInteraction responseIdentifier="uva-simple-linear-regression-227-nl-ans_106639587_section_1_item_1_schoice_RESPONSE_1_3274922" shuffle="false" maxChoices="1">
<simpleChoice identifier="uva-simple-linear-regression-227-nl-ans_106639587_section_1_item_1_schoice_1_1248348431">
<p>
 0.4
</p>
</simpleChoice>
<simpleChoice identifier="uva-simple-linear-regression-227-nl-ans_106639587_section_1_item_1_schoice_2_5496305581">
<p>
 0.63
</p>
</simpleChoice>
<simpleChoice identifier="uva-simple-linear-regression-227-nl-ans_106639587_section_1_item_1_schoice_3_5369959219">
<p>
 0.68
</p>
</simpleChoice>
</choiceInteraction>
</itemBody>
<responseProcessing>
<setOutcomeValue identifier="SCORE_RESPONSE_1">
<sum>
<variable identifier="SCORE_RESPONSE_1"/>
<mapResponse identifier="uva-simple-linear-regression-227-nl-ans_106639587_section_1_item_1_schoice_RESPONSE_1_3274922"/>
</sum>
</setOutcomeValue>
<responseCondition>
<responseIf>
<lt>
<variable identifier="SCORE_RESPONSE_1"/>
<variable identifier="MINSCORE_RESPONSE_1"/>
</lt>
<setOutcomeValue identifier="SCORE_RESPONSE_1">
<variable identifier="MINSCORE_RESPONSE_1"/>
</setOutcomeValue>
</responseIf>
</responseCondition>
<responseCondition>
<responseIf>
<isNull>
<variable identifier="uva-simple-linear-regression-227-nl-ans_106639587_section_1_item_1_schoice_RESPONSE_1_3274922"/>
</isNull>
<setOutcomeValue identifier="SCORE_RESPONSE_1">
<sum>
<variable identifier="SCORE_RESPONSE_1"/>
<baseValue baseType="float">0</baseValue>
</sum>
</setOutcomeValue>
</responseIf>
</responseCondition>
<setOutcomeValue identifier="SCORE">
<sum>
<variable identifier="SCORE_RESPONSE_1"/>
</sum>
</setOutcomeValue>
<responseCondition>
<responseIf>
<lt>
<variable identifier="SCORE"/>
<variable identifier="MINSCORE"/>
</lt>
<setOutcomeValue identifier="SCORE">
<variable identifier="MINSCORE"/>
</setOutcomeValue>
</responseIf>
</responseCondition>
<responseCondition>
<responseIf>
<lt>
<variable identifier="SCORE"/>
<baseValue baseType="float">1</baseValue>
</lt>
<setOutcomeValue identifier="FEEDBACKMODAL">
<multiple>
<variable identifier="FEEDBACKMODAL"/>
<baseValue baseType="identifier">Feedback943791861</baseValue>
</multiple>
</setOutcomeValue>
</responseIf>
</responseCondition>
</responseProcessing>
<modalFeedback outcomeIdentifier="FEEDBACK" showHide="show" identifier="incorrect">
<ul>
<li> 0.4 <br /> 0.4: Incorrect </li>
<li> 0.63 <br /> 0.63: Correct </li>
<li> 0.68 <br /> 0.68: Incorrect </li>
</ul>
</modalFeedback>
</assessmentItem>
