<?xml version="1.0" encoding="utf-8" standalone="yes"?>
<assessmentItem identifier="uva-mode-823-en-tv_202510071723_item_1_schoice" title="uva-mode-823-en-tv_202510071723_item_1_schoice_uva-mode-823-en" adaptive="false" timeDependent="false" toolName="Testvision Online" toolVersion="39.0.9084" xmlns="http://www.imsglobal.org/xsd/imsqti_v2p1">
<responseDeclaration identifier="RESPONSE" cardinality="single" baseType="identifier">
<correctResponse>
<value>alt_932402</value>
</correctResponse>
<mapping defaultValue="0" lowerBound="0.0">
<mapEntry mapKey="alt_877336" mappedValue="-0.5"/>
<mapEntry mapKey="alt_932402" mappedValue="1"/>
<mapEntry mapKey="alt_327833" mappedValue="-0.5"/>
</mapping>
</responseDeclaration>
<outcomeDeclaration identifier="SCORE" cardinality="single" baseType="float" normalMaximum="1" normalMinimum="0" />
<outcomeDeclaration identifier="FEEDBACK" cardinality="single" baseType="identifier" />
<stylesheet href="css/uva-mode-823-en-tv_202510071723_item_1_schoice.css" type="text/css" />
<itemBody>
<p>For a one-headed distribution skewed to the left, the mode is</p>
<choiceInteraction responseIdentifier="RESPONSE" shuffle="false" maxChoices="1">
<simpleChoice identifier="alt_877336">
<div class="textblock tvblock tvcss_1"><div class="rte_zone tveditor1">
 Smaller than the median
</div>
</div>
</simpleChoice>
<simpleChoice identifier="alt_932402">
<div class="textblock tvblock tvcss_1"><div class="rte_zone tveditor1">
 Greater than the mean
</div>
</div>
</simpleChoice>
<simpleChoice identifier="alt_327833">
<div class="textblock tvblock tvcss_1"><div class="rte_zone tveditor1">
 Equal to the mean
</div>
</div>
</simpleChoice>
</choiceInteraction>
</itemBody>
<responseProcessing>
<responseCondition>
<responseIf>
<isNull>
<variable identifier="RESPONSE"/>
</isNull>
<setOutcomeValue identifier="SCORE">
<baseValue baseType="float">0.0</baseValue>
</setOutcomeValue>
<setOutcomeValue identifier="FEEDBACK">
<baseValue baseType="identifier">FAILURE</baseValue>
</setOutcomeValue>
</responseIf>
<responseElse>
<setOutcomeValue identifier="SCORE">
<mapResponse identifier="RESPONSE"/>
</setOutcomeValue>
<responseCondition>
<responseIf>
<equal toleranceMode="relative" tolerance="0.001">
<variable identifier="SCORE"/>
<variable identifier="MAXSCORE"/>
</equal>
<setOutcomeValue identifier="FEEDBACK">
<baseValue baseType="identifier">ANSWER_CORRECT</baseValue>
</setOutcomeValue>
</responseIf>
<responseElse>
<setOutcomeValue identifier="FEEDBACK">
<baseValue baseType="identifier">FAILURE</baseValue>
</setOutcomeValue>
</responseElse>
</responseCondition>
</responseElse>
</responseCondition>
</responseProcessing>
<modalFeedback identifier="FAILURE" outcomeIdentifier="FEEDBACK" showHide="show">
<div class="textblock tvblock tvcss_1"><div class="rte_zone tveditor1">
<ul>
<li> Smaller than the median <br /> Less than the median: Incorrect </li>
<li> Greater than the mean <br /> Greater than the mean: Correct </li>
<li> Equal to the mean <br /> Equal to the mean: Incorrect </li>
</ul>
</div>
</div>
</modalFeedback>
<modalFeedback identifier="ANSWER_CORRECT" outcomeIdentifier="FEEDBACK" showHide="show">
<div class="textblock tvblock tvcss_1"><div class="rte_zone tveditor1">
<ul>
<li> Smaller than the median <br /> Less than the median: Incorrect </li>
<li> Greater than the mean <br /> Greater than the mean: Correct </li>
<li> Equal to the mean <br /> Equal to the mean: Incorrect </li>
</ul>
</div>
</div>
</modalFeedback>
<modalFeedback identifier="PARTIAL_CORRECT" outcomeIdentifier="FEEDBACK" showHide="show">
<div class="textblock tvblock tvcss_1"><div class="rte_zone tveditor1">
<ul>
<li> Smaller than the median <br /> Less than the median: Incorrect </li>
<li> Greater than the mean <br /> Greater than the mean: Correct </li>
<li> Equal to the mean <br /> Equal to the mean: Incorrect </li>
</ul>
</div>
</div>
</modalFeedback>
</assessmentItem>
