<?xml version="1.0" encoding="UTF-8"?>
<!DOCTYPE questestinterop SYSTEM "ims_qtiasiv1p2p1.dtd">

<questestinterop xmlns="http://www.imsglobal.org/xsd/ims_qtiasiv1p2" xmlns:xsi="http://www.w3.org/2001/XMLSchema-instance" xsi:schemaLocation="http://www.imsglobal.org/xsd/ims_qtiasiv1p2 http://www.imsglobal.org/xsd/ims_qtiasiv1p2p1.xsd">
<assessment ident="uva-paired-samples-1846-nl-canvas_361889863" title="uva-paired-samples-1846-nl-canvas">

<qtimetadata>
<qtimetadatafield>
<fieldlabel>cc_maxattempts</fieldlabel>
<fieldentry>1</fieldentry>
</qtimetadatafield>
<qtimetadatafield>
<fieldlabel>qmd_assessmenttype</fieldlabel>
<fieldentry>Assessment</fieldentry>
</qtimetadatafield>
</qtimetadata>
<objectives>
<material>
<mattext><![CDATA[Please solve the following exercises.]]></mattext>
</material>
</objectives>
<assessmentcontrol feedbackswitch="No" hintswitch="No" solutionswitch="Yes"/>
<outcomes_processing scoremodel="SumOfScores">
<outcomes>
<decvar varname="SCORE" vartype="Decimal" cutvalue="0"/>
</outcomes>
</outcomes_processing>
<assessfeedback title="AssessmentFeedback" ident="AssessmentFeedback">
<flow_mat>
<material>
<mattext>##AssessmentFeedback##</mattext>
</material>
</flow_mat>
</assessfeedback>

<section ident="uva-paired-samples-1846-nl-canvas_361889863_section_1" title="Exercise">

<objectives>
<material>
<mattext><![CDATA[Please answer the following question.]]></mattext>
</material>
</objectives>
<selection_ordering>
<selection>
<selection_number>1</selection_number>
<selection_extension>
<points_per_item>1</points_per_item>
</selection_extension>
</selection>
<order order_type="Random"/>
</selection_ordering>

<item ident="uva-paired-samples-1846-nl-canvas_361889863_section_1_item_1_schoice" title="Question" maxattempts="1">
<itemcontrol feedbackswitch="No" hintswitch="No" solutionswitch="Yes"/>
<itemmetadata>
<qtimetadata>
<qtimetadatafield>
<fieldlabel>question_type</fieldlabel>
<fieldentry>multiple_choice_question</fieldentry>
</qtimetadatafield>
</qtimetadata>
</itemmetadata>
<presentation>
<flow>
<material>
<matbreak/>
<mattext texttype="text/html" charset="utf-8"><![CDATA[
<p>Van 14 proefpersonen wordt voor en na een bepaalde krachtsinspanning de
hartslag gemeten. We willen toetsen of de gemiddelde hartslag voor en na
de inspanning gelijk is. Van de 14 verschillen tussen voor- en nameting
is het gemiddelde 33 en de standaarddeviatie 22. De waarde van de
toetsingsgrootheid van de gepaarde T-toets is dan</p>
]]></mattext>
<matbreak/>
</material>
<response_lid ident="uva-paired-samples-1846-nl-canvas_361889863_section_1_item_1_schoice_RESPONSE_3149973" rcardinality="Single" rtiming="No">
<render_choice shuffle="No">
<flow_label class="List">
<response_label ident="uva-paired-samples-1846-nl-canvas_361889863_section_1_item_1_schoice_2209829663" rshuffle="No">
<material>
<mattext texttype="text/html" charset="utf-8"><![CDATA[
 2.6
]]></mattext>
</material>
</response_label>
</flow_label>
<flow_label class="List">
<response_label ident="uva-paired-samples-1846-nl-canvas_361889863_section_1_item_1_schoice_7654096028" rshuffle="No">
<material>
<mattext texttype="text/html" charset="utf-8"><![CDATA[
 2.68
]]></mattext>
</material>
</response_label>
</flow_label>
<flow_label class="List">
<response_label ident="uva-paired-samples-1846-nl-canvas_361889863_section_1_item_1_schoice_1373282446" rshuffle="No">
<material>
<mattext texttype="text/html" charset="utf-8"><![CDATA[
 5.61
]]></mattext>
</material>
</response_label>
</flow_label>
<flow_label class="List">
<response_label ident="uva-paired-samples-1846-nl-canvas_361889863_section_1_item_1_schoice_5834158116" rshuffle="No">
<material>
<mattext texttype="text/html" charset="utf-8"><![CDATA[
 5.62
]]></mattext>
</material>
</response_label>
</flow_label>
</render_choice>
</response_lid>
</flow>
</presentation>
<resprocessing>
<outcomes>
<decvar varname="SCORE" vartype="Decimal" defaultval="0" minvalue="0" maxvalue="1" cutvalue="1"/>
</outcomes>
<respcondition title="Mastery" continue="No">
<conditionvar>
<and>
<varequal respident="uva-paired-samples-1846-nl-canvas_361889863_section_1_item_1_schoice_RESPONSE_3149973" case="Yes">uva-paired-samples-1846-nl-canvas_361889863_section_1_item_1_schoice_1373282446</varequal>
<not> <varequal respident="uva-paired-samples-1846-nl-canvas_361889863_section_1_item_1_schoice_RESPONSE_3149973" case="Yes">uva-paired-samples-1846-nl-canvas_361889863_section_1_item_1_schoice_2209829663</varequal> </not>
<not> <varequal respident="uva-paired-samples-1846-nl-canvas_361889863_section_1_item_1_schoice_RESPONSE_3149973" case="Yes">uva-paired-samples-1846-nl-canvas_361889863_section_1_item_1_schoice_7654096028</varequal> </not>
<not> <varequal respident="uva-paired-samples-1846-nl-canvas_361889863_section_1_item_1_schoice_RESPONSE_3149973" case="Yes">uva-paired-samples-1846-nl-canvas_361889863_section_1_item_1_schoice_5834158116</varequal> </not>
</and>
</conditionvar>
<setvar varname="SCORE" action="Set">1</setvar>
<displayfeedback feedbacktype="Response" linkrefid="correct_fb"/>
</respcondition>
<respcondition continue="Yes">
<conditionvar>
<other/>
</conditionvar>
<displayfeedback feedbacktype="Response" linkrefid="general_incorrect_fb"/>
</respcondition>
</resprocessing>
<itemfeedback ident="correct_fb" view="All">
<flow_mat>
<material>
<mattext texttype="text/html"><![CDATA[
<ul>
<li> 2.6 <br /> 2.6: Incorrect </li>
<li> 2.68 <br /> 2.68: Incorrect </li>
<li> 5.61 <br /> 5.61: Correct </li>
<li> 5.62 <br /> 5.62: Incorrect </li>
</ul>
]]></mattext>
</material>
</flow_mat>
</itemfeedback>
<itemfeedback ident="general_incorrect_fb" view="All">
<flow_mat>
<material>
<mattext texttype="text/html"><![CDATA[
<ul>
<li> 2.6 <br /> 2.6: Incorrect </li>
<li> 2.68 <br /> 2.68: Incorrect </li>
<li> 5.61 <br /> 5.61: Correct </li>
<li> 5.62 <br /> 5.62: Incorrect </li>
</ul>
]]></mattext>
</material>
</flow_mat>
</itemfeedback>
</item>


</section>

</assessment>
</questestinterop>
