<?xml version="1.0" encoding="utf-8" standalone="yes"?>
<assessmentItem identifier="uva-sample-mean-593-en-tv_202601131822_item_1_schoice" title="uva-sample-mean-593-en-tv_202601131822_item_1_schoice_uva-sample-mean-593-en" adaptive="false" timeDependent="false" toolName="Testvision Online" toolVersion="39.0.9084" xmlns="http://www.imsglobal.org/xsd/imsqti_v2p1">
<responseDeclaration identifier="RESPONSE" cardinality="single" baseType="identifier">
<correctResponse>
<value>alt_946035</value>
</correctResponse>
<mapping defaultValue="0" lowerBound="0.0">
<mapEntry mapKey="alt_901231" mappedValue="-0.333333333333333"/>
<mapEntry mapKey="alt_946035" mappedValue="1"/>
<mapEntry mapKey="alt_959919" mappedValue="-0.333333333333333"/>
<mapEntry mapKey="alt_426971" mappedValue="-0.333333333333333"/>
</mapping>
</responseDeclaration>
<outcomeDeclaration identifier="SCORE" cardinality="single" baseType="float" normalMaximum="1" normalMinimum="0" />
<outcomeDeclaration identifier="FEEDBACK" cardinality="single" baseType="identifier" />
<stylesheet href="css/uva-sample-mean-593-en-tv_202601131822_item_1_schoice.css" type="text/css" />
<itemBody>
<p>Suppose a stochastic variable r is normally distributed with μ = 15 and σ<sup>²</sup> = 25. What is the probability that a randomly drawn value from this distribution value lies between 10 and 13?</p>
<choiceInteraction responseIdentifier="RESPONSE" shuffle="false" maxChoices="1">
<simpleChoice identifier="alt_901231">
<div class="textblock tvblock tvcss_1"><div class="rte_zone tveditor1">
 0.4967
</div>
</div>
</simpleChoice>
<simpleChoice identifier="alt_946035">
<div class="textblock tvblock tvcss_1"><div class="rte_zone tveditor1">
 0.1859
</div>
</div>
</simpleChoice>
<simpleChoice identifier="alt_959919">
<div class="textblock tvblock tvcss_1"><div class="rte_zone tveditor1">
 0.3141
</div>
</div>
</simpleChoice>
<simpleChoice identifier="alt_426971">
<div class="textblock tvblock tvcss_1"><div class="rte_zone tveditor1">
 0.6859
</div>
</div>
</simpleChoice>
</choiceInteraction>
</itemBody>
<responseProcessing>
<responseCondition>
<responseIf>
<isNull>
<variable identifier="RESPONSE"/>
</isNull>
<setOutcomeValue identifier="SCORE">
<baseValue baseType="float">0.0</baseValue>
</setOutcomeValue>
<setOutcomeValue identifier="FEEDBACK">
<baseValue baseType="identifier">FAILURE</baseValue>
</setOutcomeValue>
</responseIf>
<responseElse>
<setOutcomeValue identifier="SCORE">
<mapResponse identifier="RESPONSE"/>
</setOutcomeValue>
<responseCondition>
<responseIf>
<equal toleranceMode="relative" tolerance="0.001">
<variable identifier="SCORE"/>
<variable identifier="MAXSCORE"/>
</equal>
<setOutcomeValue identifier="FEEDBACK">
<baseValue baseType="identifier">ANSWER_CORRECT</baseValue>
</setOutcomeValue>
</responseIf>
<responseElse>
<setOutcomeValue identifier="FEEDBACK">
<baseValue baseType="identifier">FAILURE</baseValue>
</setOutcomeValue>
</responseElse>
</responseCondition>
</responseElse>
</responseCondition>
</responseProcessing>
<modalFeedback identifier="FAILURE" outcomeIdentifier="FEEDBACK" showHide="show">
<div class="textblock tvblock tvcss_1"><div class="rte_zone tveditor1">
<ul>
<li> 0.4967 <br /> 0.4967: Incorrect </li>
<li> 0.1859 <br /> 0.1859: Correct </li>
<li> 0.3141 <br /> 0.3141: Incorrect </li>
<li> 0.6859 <br /> 0.6859: Incorrect </li>
</ul>
</div>
</div>
</modalFeedback>
<modalFeedback identifier="ANSWER_CORRECT" outcomeIdentifier="FEEDBACK" showHide="show">
<div class="textblock tvblock tvcss_1"><div class="rte_zone tveditor1">
<ul>
<li> 0.4967 <br /> 0.4967: Incorrect </li>
<li> 0.1859 <br /> 0.1859: Correct </li>
<li> 0.3141 <br /> 0.3141: Incorrect </li>
<li> 0.6859 <br /> 0.6859: Incorrect </li>
</ul>
</div>
</div>
</modalFeedback>
<modalFeedback identifier="PARTIAL_CORRECT" outcomeIdentifier="FEEDBACK" showHide="show">
<div class="textblock tvblock tvcss_1"><div class="rte_zone tveditor1">
<ul>
<li> 0.4967 <br /> 0.4967: Incorrect </li>
<li> 0.1859 <br /> 0.1859: Correct </li>
<li> 0.3141 <br /> 0.3141: Incorrect </li>
<li> 0.6859 <br /> 0.6859: Incorrect </li>
</ul>
</div>
</div>
</modalFeedback>
</assessmentItem>
