<?xml version="1.0" encoding="utf-8" standalone="yes"?>
<assessmentItem identifier="vufsw-conditional_probability-1263-en-tv_202601131819_item_1_schoice" title="vufsw-conditional_probability-1263-en-tv_202601131819_item_1_schoice_vufsw-conditional probability-1263-en" adaptive="false" timeDependent="false" toolName="Testvision Online" toolVersion="39.0.9084" xmlns="http://www.imsglobal.org/xsd/imsqti_v2p1"> <responseDeclaration identifier="RESPONSE" cardinality="single" baseType="identifier"> <correctResponse> <value>alt_394528</value> </correctResponse> <mapping defaultValue="0" lowerBound="0.0"> <mapEntry mapKey="alt_187991" mappedValue="-0.333333333333333"/> <mapEntry mapKey="alt_394528" mappedValue="1"/> <mapEntry mapKey="alt_309078" mappedValue="-0.333333333333333"/> <mapEntry mapKey="alt_723909" mappedValue="-0.333333333333333"/> </mapping> </responseDeclaration> <outcomeDeclaration identifier="SCORE" cardinality="single" baseType="float" normalMaximum="1" normalMinimum="0" /> <outcomeDeclaration identifier="FEEDBACK" cardinality="single" baseType="identifier" /> <stylesheet href="css/vufsw-conditional_probability-1263-en-tv_202601131819_item_1_schoice.css" type="text/css" /> <itemBody> <p>During an election poll in America, 146 people were randomly selected and it was noted with which party they felt most connected. The following crosstab gives the results.</p> <table> <colgroup> <col style="width: 20%" /> <col style="width: 20%" /> <col style="width: 20%" /> <col style="width: 20%" /> <col style="width: 20%" /> </colgroup> <tbody> <tr class="odd"> <td class="tvcss_2"> <br /> </td> <td class="tvcss_3"> Democrats </td> <td class="tvcss_4"> Republicans </td> <td class="tvcss_5"> Other<br /> </td> <td class="tvcss_6"> Total </td> </tr> <tr class="even"> <td class="tvcss_2"> Men </td> <td class="tvcss_3"> 22 </td> <td class="tvcss_4"> 22 </td> <td class="tvcss_5"> 28 </td> <td class="tvcss_6"> 72 </td> </tr> <tr class="odd"> <td class="tvcss_2"> Women </td> <td class="tvcss_3"> 24 </td> <td class="tvcss_4"> 28 </td> <td class="tvcss_5"> 22 </td> <td class="tvcss_6"> 74 </td> </tr> <tr class="even"> <td class="tvcss_2"> Total </td> <td class="tvcss_3"> 46 </td> <td class="tvcss_4"> 50 </td> <td class="tvcss_5"> 50 </td> <td class="tvcss_6"> 146 </td> </tr> </tbody> </table> <p>Find the conditional distribution of political preference among women.</p> <choiceInteraction responseIdentifier="RESPONSE" shuffle="false" maxChoices="1"> <simpleChoice identifier="alt_187991"> <div class="textblock tvblock tvcss_1"><div class="rte_zone tveditor1">  Democrats: 16.4%, Republicans: 44.0%, Other: 56.0%. </div> </div> </simpleChoice> <simpleChoice identifier="alt_394528"> <div class="textblock tvblock tvcss_1"><div class="rte_zone tveditor1">  Democrats: 32.4%, Republicans: 37.8%, Other: 29.7%. </div> </div> </simpleChoice> <simpleChoice identifier="alt_309078"> <div class="textblock tvblock tvcss_1"><div class="rte_zone tveditor1">  Democrats: 31.5%, Republicans: 34.2%, Other: 34.2%. </div> </div> </simpleChoice> <simpleChoice identifier="alt_723909"> <div class="textblock tvblock tvcss_1"><div class="rte_zone tveditor1">  Democrats: 52.2%, Republicans: 56.0%, Other: 44.0%. </div> </div> </simpleChoice> </choiceInteraction> </itemBody> <responseProcessing> <responseCondition> <responseIf> <isNull> <variable identifier="RESPONSE"/> </isNull> <setOutcomeValue identifier="SCORE"> <baseValue baseType="float">0.0</baseValue> </setOutcomeValue> <setOutcomeValue identifier="FEEDBACK"> <baseValue baseType="identifier">FAILURE</baseValue> </setOutcomeValue> </responseIf> <responseElse> <setOutcomeValue identifier="SCORE"> <mapResponse identifier="RESPONSE"/> </setOutcomeValue> <responseCondition> <responseIf> <equal toleranceMode="relative" tolerance="0.001"> <variable identifier="SCORE"/> <variable identifier="MAXSCORE"/> </equal> <setOutcomeValue identifier="FEEDBACK"> <baseValue baseType="identifier">ANSWER_CORRECT</baseValue> </setOutcomeValue> </responseIf> <responseElse> <setOutcomeValue identifier="FEEDBACK"> <baseValue baseType="identifier">FAILURE</baseValue> </setOutcomeValue> </responseElse> </responseCondition> </responseElse> </responseCondition> </responseProcessing> <modalFeedback identifier="FAILURE" outcomeIdentifier="FEEDBACK" showHide="show"> <div class="textblock tvblock tvcss_1"><div class="rte_zone tveditor1"> <p>Democraten: 32.4%, Republikeinen: 37.8%, Anders: 29.7%.</p> <p>Calculated by 24/74 and 28/74 and 22/74</p> <br /> <ul> <li> Democrats: 16.4%, Republicans: 44.0%, Other: 56.0%. <br /> False </li> <li> Democrats: 32.4%, Republicans: 37.8%, Other: 29.7%. <br /> True </li> <li> Democrats: 31.5%, Republicans: 34.2%, Other: 34.2%. <br /> False </li> <li> Democrats: 52.2%, Republicans: 56.0%, Other: 44.0%. <br /> False </li> </ul> </div> </div> </modalFeedback> <modalFeedback identifier="ANSWER_CORRECT" outcomeIdentifier="FEEDBACK" showHide="show"> <div class="textblock tvblock tvcss_1"><div class="rte_zone tveditor1"> <p>Democraten: 32.4%, Republikeinen: 37.8%, Anders: 29.7%.</p> <p>Calculated by 24/74 and 28/74 and 22/74</p> <br /> <ul> <li> Democrats: 16.4%, Republicans: 44.0%, Other: 56.0%. <br /> False </li> <li> Democrats: 32.4%, Republicans: 37.8%, Other: 29.7%. <br /> True </li> <li> Democrats: 31.5%, Republicans: 34.2%, Other: 34.2%. <br /> False </li> <li> Democrats: 52.2%, Republicans: 56.0%, Other: 44.0%. <br /> False </li> </ul> </div> </div> </modalFeedback> <modalFeedback identifier="PARTIAL_CORRECT" outcomeIdentifier="FEEDBACK" showHide="show"> <div class="textblock tvblock tvcss_1"><div class="rte_zone tveditor1"> <p>Democraten: 32.4%, Republikeinen: 37.8%, Anders: 29.7%.</p> <p>Calculated by 24/74 and 28/74 and 22/74</p> <br /> <ul> <li> Democrats: 16.4%, Republicans: 44.0%, Other: 56.0%. <br /> False </li> <li> Democrats: 32.4%, Republicans: 37.8%, Other: 29.7%. <br /> True </li> <li> Democrats: 31.5%, Republicans: 34.2%, Other: 34.2%. <br /> False </li> <li> Democrats: 52.2%, Republicans: 56.0%, Other: 44.0%. <br /> False </li> </ul> </div> </div> </modalFeedback> </assessmentItem>
