<?xml version="1.0" encoding="utf-8" standalone="yes"?>
<assessmentItem identifier="uva-multiplication-rule-1113-nl-tv_202404291202_item_1_schoice" title="uva-multiplication-rule-1113-nl-tv_202404291202_item_1_schoice_uva-multiplication-rule-1113-nl" adaptive="false" timeDependent="false" toolName="Testvision Online" toolVersion="39.0.9084" xmlns="http://www.imsglobal.org/xsd/imsqti_v2p1">
<responseDeclaration identifier="RESPONSE" cardinality="single" baseType="identifier">
<correctResponse>
<value>alt_443275</value>
</correctResponse>
<mapping defaultValue="0" lowerBound="0.0">
<mapEntry mapKey="alt_169350" mappedValue="-0.333333333333333"/>
<mapEntry mapKey="alt_443275" mappedValue="1"/>
<mapEntry mapKey="alt_363649" mappedValue="-0.333333333333333"/>
<mapEntry mapKey="alt_294268" mappedValue="-0.333333333333333"/>
</mapping>
</responseDeclaration>
<outcomeDeclaration identifier="SCORE" cardinality="single" baseType="float" normalMaximum="1" normalMinimum="0" />
<outcomeDeclaration identifier="FEEDBACK" cardinality="single" baseType="identifier" />
<itemBody>
<p>Daan en Marieke zijn van plan om samen een cruise te maken. Maar ze
wonen in verschillende steden in de VS. De cruise vertrekt vanuit New
York. Ze moeten naar New York vliegen en op tijd bij het schip aankomen.
Volgens hun reisplan is de kans dat de vlucht van Daan op tijd zal zijn
65%, en voor Mariekes vlucht is die kans 75%. We nemen aan dat de
gebeurtenissen onafhankelijk van elkaar zijn. Hoe groot is dan de kans
dat beiden op tijd arriveren?</p>
<choiceInteraction responseIdentifier="RESPONSE" shuffle="false" maxChoices="1">
<simpleChoice identifier="alt_169350">
<div class="textblock tvblock tvcss_1"><div class="rte_zone tveditor1">
 0,15
</div>
</div>
</simpleChoice>
<simpleChoice identifier="alt_443275">
<div class="textblock tvblock tvcss_1"><div class="rte_zone tveditor1">
 0,43
</div>
</div>
</simpleChoice>
<simpleChoice identifier="alt_363649">
<div class="textblock tvblock tvcss_1"><div class="rte_zone tveditor1">
 0,65
</div>
</div>
</simpleChoice>
<simpleChoice identifier="alt_294268">
<div class="textblock tvblock tvcss_1"><div class="rte_zone tveditor1">
 0,75
</div>
</div>
</simpleChoice>
</choiceInteraction>
</itemBody>
<responseProcessing>
<responseCondition>
<responseIf>
<isNull>
<variable identifier="RESPONSE"/>
</isNull>
<setOutcomeValue identifier="SCORE">
<baseValue baseType="float">0.0</baseValue>
</setOutcomeValue>
<setOutcomeValue identifier="FEEDBACK">
<baseValue baseType="identifier">FAILURE</baseValue>
</setOutcomeValue>
</responseIf>
<responseElse>
<setOutcomeValue identifier="SCORE">
<mapResponse identifier="RESPONSE"/>
</setOutcomeValue>
<responseCondition>
<responseIf>
<equal toleranceMode="relative" tolerance="0.001">
<variable identifier="SCORE"/>
<variable identifier="MAXSCORE"/>
</equal>
<setOutcomeValue identifier="FEEDBACK">
<baseValue baseType="identifier">ANSWER_CORRECT</baseValue>
</setOutcomeValue>
</responseIf>
<responseElse>
<setOutcomeValue identifier="FEEDBACK">
<baseValue baseType="identifier">FAILURE</baseValue>
</setOutcomeValue>
</responseElse>
</responseCondition>
</responseElse>
</responseCondition>
</responseProcessing>
<modalFeedback identifier="FAILURE" outcomeIdentifier="FEEDBACK" showHide="show">
<div class="textblock tvblock tvcss_1"><div class="rte_zone tveditor1">
<ul>
<li> 0,15 <br /> 0,15: Incorrect </li>
<li> 0,43 <br /> 0,43: Correct </li>
<li> 0,65 <br /> 0,65: Incorrect </li>
<li> 0,75 <br /> 0,75: Incorrect </li>
</ul>
</div>
</div>
</modalFeedback>
<modalFeedback identifier="ANSWER_CORRECT" outcomeIdentifier="FEEDBACK" showHide="show">
<div class="textblock tvblock tvcss_1"><div class="rte_zone tveditor1">
<ul>
<li> 0,15 <br /> 0,15: Incorrect </li>
<li> 0,43 <br /> 0,43: Correct </li>
<li> 0,65 <br /> 0,65: Incorrect </li>
<li> 0,75 <br /> 0,75: Incorrect </li>
</ul>
</div>
</div>
</modalFeedback>
<modalFeedback identifier="PARTIAL_CORRECT" outcomeIdentifier="FEEDBACK" showHide="show">
<div class="textblock tvblock tvcss_1"><div class="rte_zone tveditor1">
<ul>
<li> 0,15 <br /> 0,15: Incorrect </li>
<li> 0,43 <br /> 0,43: Correct </li>
<li> 0,65 <br /> 0,65: Incorrect </li>
<li> 0,75 <br /> 0,75: Incorrect </li>
</ul>
</div>
</div>
</modalFeedback>
</assessmentItem>
