<?xml version="1.0" encoding="UTF-8"?>
<assessmentItem xsi:schemaLocation="http://www.imsglobal.org/xsd/imsqti_v2p1 http://www.imsglobal.org/xsd/qti/qtiv2p1/imsqti_v2p1p1.xsd http://www.w3.org/1998/Math/MathML http://www.w3.org/Math/XMLSchema/mathml2/mathml2.xsd" identifier="vufgb-standarddeviation-015-nl-qti_473907359_section_1_item_1_schoice" title="1" adaptive="false" timeDependent="false" xmlns="http://www.imsglobal.org/xsd/imsqti_v2p1" xmlns:xsi="http://www.w3.org/2001/XMLSchema-instance">
<responseDeclaration identifier="vufgb-standarddeviation-015-nl-qti_473907359_section_1_item_1_schoice_RESPONSE_1_4042886" cardinality="single" baseType="identifier">
<correctResponse>
<value>vufgb-standarddeviation-015-nl-qti_473907359_section_1_item_1_schoice_2_7460660428</value>
</correctResponse>
<mapping defaultValue="0" lowerBound="0.0">
<mapEntry mapKey="vufgb-standarddeviation-015-nl-qti_473907359_section_1_item_1_schoice_1_1661035710" mappedValue="0"/>
<mapEntry mapKey="vufgb-standarddeviation-015-nl-qti_473907359_section_1_item_1_schoice_2_7460660428" mappedValue="1"/>
<mapEntry mapKey="vufgb-standarddeviation-015-nl-qti_473907359_section_1_item_1_schoice_3_1866669438" mappedValue="0"/>
<mapEntry mapKey="vufgb-standarddeviation-015-nl-qti_473907359_section_1_item_1_schoice_4_7651592263" mappedValue="0"/>
</mapping>
</responseDeclaration>
<outcomeDeclaration identifier="SCORE" cardinality="single" baseType="float" normalMaximum="1" normalMinimum="0">
<defaultValue>
<value>0.0</value>
</defaultValue>
</outcomeDeclaration>
<outcomeDeclaration identifier="MAXSCORE" cardinality="single" baseType="float">
<defaultValue>
<value>1</value>
</defaultValue>
</outcomeDeclaration>
<outcomeDeclaration identifier="FEEDBACKBASIC" cardinality="single" baseType="identifier" view="testConstructor">
<defaultValue>
<value>empty</value>
</defaultValue>
</outcomeDeclaration>
<outcomeDeclaration identifier="FEEDBACKMODAL" cardinality="multiple" baseType="identifier" view="testConstructor"/>
<outcomeDeclaration identifier="MINSCORE" cardinality="single" baseType="float">
<defaultValue>
<value baseType="float">0</value>
</defaultValue>
</outcomeDeclaration>
<outcomeDeclaration identifier="SCORE_RESPONSE_1" cardinality="single" baseType="float">
<defaultValue>
<value>0.0</value>
</defaultValue>
</outcomeDeclaration>
<outcomeDeclaration identifier="MINSCORE_RESPONSE_1" cardinality="single" baseType="float">
<defaultValue>
<value>0.0</value>
</defaultValue>
</outcomeDeclaration>
<itemBody>
<p>Hoeveel procent van de waarnemingen ligt volgens de empirische regel maximaal een standaarddeviatie af van het gemiddelde?</p>
<choiceInteraction responseIdentifier="vufgb-standarddeviation-015-nl-qti_473907359_section_1_item_1_schoice_RESPONSE_1_4042886" shuffle="false" maxChoices="1">
<simpleChoice identifier="vufgb-standarddeviation-015-nl-qti_473907359_section_1_item_1_schoice_1_1661035710">
<p>
a. 65%
</p>
</simpleChoice>
<simpleChoice identifier="vufgb-standarddeviation-015-nl-qti_473907359_section_1_item_1_schoice_2_7460660428">
<p>
b. 68%
</p>
</simpleChoice>
<simpleChoice identifier="vufgb-standarddeviation-015-nl-qti_473907359_section_1_item_1_schoice_3_1866669438">
<p>
c. 95%
</p>
</simpleChoice>
<simpleChoice identifier="vufgb-standarddeviation-015-nl-qti_473907359_section_1_item_1_schoice_4_7651592263">
<p>
d. 99%
</p>
</simpleChoice>
</choiceInteraction>
</itemBody>
<responseProcessing>
<responseCondition>
<responseIf>
<isNull>
<variable identifier="vufgb-standarddeviation-015-nl-qti_473907359_section_1_item_1_schoice_RESPONSE_1_4042886"/>
</isNull>
<setOutcomeValue identifier="SCORE_RESPONSE_1">
<sum>
<variable identifier="SCORE_RESPONSE_1"/>
<baseValue baseType="float">0</baseValue>
</sum>
</setOutcomeValue>
</responseIf>
</responseCondition>
<setOutcomeValue identifier="SCORE_RESPONSE_1">
<sum>
<variable identifier="SCORE_RESPONSE_1"/>
<mapResponse identifier="vufgb-standarddeviation-015-nl-qti_473907359_section_1_item_1_schoice_RESPONSE_1_4042886"/>
</sum>
</setOutcomeValue>
<responseCondition>
<responseIf>
<lt>
<variable identifier="SCORE_RESPONSE_1"/>
<variable identifier="MINSCORE_RESPONSE_1"/>
</lt>
<setOutcomeValue identifier="SCORE_RESPONSE_1">
<variable identifier="MINSCORE_RESPONSE_1"/>
</setOutcomeValue>
</responseIf>
</responseCondition>
<setOutcomeValue identifier="SCORE">
<sum>
<variable identifier="SCORE_RESPONSE_1"/>
</sum>
</setOutcomeValue>
<responseCondition>
<responseIf>
<lt>
<variable identifier="SCORE"/>
<variable identifier="MINSCORE"/>
</lt>
<setOutcomeValue identifier="SCORE">
<variable identifier="MINSCORE"/>
</setOutcomeValue>
</responseIf>
</responseCondition>
<responseCondition>
<responseIf>
<lt>
<variable identifier="SCORE"/>
<baseValue baseType="float">1</baseValue>
</lt>
<setOutcomeValue identifier="FEEDBACKMODAL">
<multiple>
<variable identifier="FEEDBACKMODAL"/>
<baseValue baseType="identifier">Feedback868749849</baseValue>
</multiple>
</setOutcomeValue>
</responseIf>
</responseCondition>
</responseProcessing>
<modalFeedback identifier="Feedback868749849" outcomeIdentifier="FEEDBACKMODAL" showHide="show">
<ol type = "a">
<li> 65% <br /> Incorrect </li>
<li> 68% <br /> Correct </li>
<li> 95% <br /> Incorrect </li>
<li> 99% <br /> Incorrect </li>
</ol>
</modalFeedback>
</assessmentItem>
