<?xml version="1.0" encoding="UTF-8"?>
<assessmentItem xsi:schemaLocation="http://www.imsglobal.org/xsd/imsqti_v2p1 http://www.imsglobal.org/xsd/qti/qtiv2p1/imsqti_v2p1p1.xsd http://www.w3.org/1998/Math/MathML http://www.w3.org/Math/XMLSchema/mathml2/mathml2.xsd" identifier="vufsw-nullhypothesis-0100-en-ans_496693500_section_1_item_1_schoice" title="Inferential_Statistics_vufsw-nullhypothesis-0100-en_vufsw-nullhypothesis-0100-en_schoice_1" adaptive="false" timeDependent="false" xmlns="http://www.imsglobal.org/xsd/imsqti_v2p1" xmlns:xsi="http://www.w3.org/2001/XMLSchema-instance">
<responseDeclaration identifier="vufsw-nullhypothesis-0100-en-ans_496693500_section_1_item_1_schoice_RESPONSE_1_3070160" cardinality="single" baseType="identifier">
<correctResponse>
<value>vufsw-nullhypothesis-0100-en-ans_496693500_section_1_item_1_schoice_6_5985978836</value>
</correctResponse>
<mapping defaultValue="0" lowerBound="0.0">
<mapEntry mapKey="vufsw-nullhypothesis-0100-en-ans_496693500_section_1_item_1_schoice_1_2309416522" mappedValue="0"/>
<mapEntry mapKey="vufsw-nullhypothesis-0100-en-ans_496693500_section_1_item_1_schoice_2_6447374738" mappedValue="0"/>
<mapEntry mapKey="vufsw-nullhypothesis-0100-en-ans_496693500_section_1_item_1_schoice_3_1983221573" mappedValue="0"/>
<mapEntry mapKey="vufsw-nullhypothesis-0100-en-ans_496693500_section_1_item_1_schoice_4_6464093799" mappedValue="0"/>
<mapEntry mapKey="vufsw-nullhypothesis-0100-en-ans_496693500_section_1_item_1_schoice_5_6524814899" mappedValue="0"/>
<mapEntry mapKey="vufsw-nullhypothesis-0100-en-ans_496693500_section_1_item_1_schoice_6_5985978836" mappedValue="1"/>
</mapping>
</responseDeclaration>
<outcomeDeclaration identifier="SCORE" cardinality="single" baseType="float" normalMaximum="1" normalMinimum="0">
<defaultValue>
<value>0.0</value>
</defaultValue>
</outcomeDeclaration>
<outcomeDeclaration identifier="MAXSCORE" cardinality="single" baseType="float">
<defaultValue>
<value>1</value>
</defaultValue>
</outcomeDeclaration>
<outcomeDeclaration identifier="FEEDBACKBASIC" cardinality="single" baseType="identifier" view="testConstructor">
<defaultValue>
<value>empty</value>
</defaultValue>
</outcomeDeclaration>
<outcomeDeclaration identifier="FEEDBACKMODAL" cardinality="multiple" baseType="identifier" view="testConstructor"/>
<outcomeDeclaration identifier="SOLUTIONMODAL" cardinality="single" baseType="identifier" view="testConstructor"/>
<outcomeDeclaration identifier="MINSCORE" cardinality="single" baseType="float">
<defaultValue>
<value baseType="float">0</value>
</defaultValue>
</outcomeDeclaration>
<outcomeDeclaration identifier="SCORE_RESPONSE_1" cardinality="single" baseType="float">
<defaultValue>
<value>0.0</value>
</defaultValue>
</outcomeDeclaration>
<outcomeDeclaration identifier="MINSCORE_RESPONSE_1" cardinality="single" baseType="float">
<defaultValue>
<value>0.0</value>
</defaultValue>
</outcomeDeclaration>
<itemBody>
<p>One researcher claims that girls (group 1) receive less pocket money than boys (group 2). He tests this one-sided hypothesis and uses a significance level (alpha) of 5%.</p>
<p>In this case, what is the <strong>zero hypothesis</strong>?</p>
<choiceInteraction responseIdentifier="vufsw-nullhypothesis-0100-en-ans_496693500_section_1_item_1_schoice_RESPONSE_1_3070160" shuffle="false" maxChoices="1">
<simpleChoice identifier="vufsw-nullhypothesis-0100-en-ans_496693500_section_1_item_1_schoice_1_2309416522">
<p>
 H<sub>0</sub>: µ1 + µ2 = 0.
</p>
</simpleChoice>
<simpleChoice identifier="vufsw-nullhypothesis-0100-en-ans_496693500_section_1_item_1_schoice_2_6447374738">
<p>
 H<sub>0</sub>: µ1 ≠ µ2.
</p>
</simpleChoice>
<simpleChoice identifier="vufsw-nullhypothesis-0100-en-ans_496693500_section_1_item_1_schoice_3_1983221573">
<p>
 H<sub>0</sub>: µ1 &lt; µ2.
</p>
</simpleChoice>
<simpleChoice identifier="vufsw-nullhypothesis-0100-en-ans_496693500_section_1_item_1_schoice_4_6464093799">
<p>
 H<sub>0</sub>: µ1 &lt; 0 and µ2 = 0.
</p>
</simpleChoice>
<simpleChoice identifier="vufsw-nullhypothesis-0100-en-ans_496693500_section_1_item_1_schoice_5_6524814899">
<p>
 H<sub>0</sub>: µ1 = 0 and µ2 = 0.
</p>
</simpleChoice>
<simpleChoice identifier="vufsw-nullhypothesis-0100-en-ans_496693500_section_1_item_1_schoice_6_5985978836">
<p>
 H<sub>0</sub>: µ1 - µ2 = 0.
</p>
</simpleChoice>
</choiceInteraction>
</itemBody>
<responseProcessing>
<setOutcomeValue identifier="SCORE_RESPONSE_1">
<sum>
<variable identifier="SCORE_RESPONSE_1"/>
<mapResponse identifier="vufsw-nullhypothesis-0100-en-ans_496693500_section_1_item_1_schoice_RESPONSE_1_3070160"/>
</sum>
</setOutcomeValue>
<responseCondition>
<responseIf>
<lt>
<variable identifier="SCORE_RESPONSE_1"/>
<variable identifier="MINSCORE_RESPONSE_1"/>
</lt>
<setOutcomeValue identifier="SCORE_RESPONSE_1">
<variable identifier="MINSCORE_RESPONSE_1"/>
</setOutcomeValue>
</responseIf>
</responseCondition>
<responseCondition>
<responseIf>
<isNull>
<variable identifier="vufsw-nullhypothesis-0100-en-ans_496693500_section_1_item_1_schoice_RESPONSE_1_3070160"/>
</isNull>
<setOutcomeValue identifier="SCORE_RESPONSE_1">
<sum>
<variable identifier="SCORE_RESPONSE_1"/>
<baseValue baseType="float">0</baseValue>
</sum>
</setOutcomeValue>
</responseIf>
</responseCondition>
<setOutcomeValue identifier="SCORE">
<sum>
<variable identifier="SCORE_RESPONSE_1"/>
</sum>
</setOutcomeValue>
<responseCondition>
<responseIf>
<lt>
<variable identifier="SCORE"/>
<variable identifier="MINSCORE"/>
</lt>
<setOutcomeValue identifier="SCORE">
<variable identifier="MINSCORE"/>
</setOutcomeValue>
</responseIf>
</responseCondition>
<responseCondition>
<responseIf>
<lt>
<variable identifier="SCORE"/>
<baseValue baseType="float">1</baseValue>
</lt>
<setOutcomeValue identifier="FEEDBACKMODAL">
<multiple>
<variable identifier="FEEDBACKMODAL"/>
<baseValue baseType="identifier">Feedback583009040</baseValue>
</multiple>
</setOutcomeValue>
</responseIf>
</responseCondition>
</responseProcessing>
<modalFeedback outcomeIdentifier="FEEDBACK" showHide="show" identifier="incorrect">
<ul>
<li> H<sub>0</sub>: µ1 + µ2 = 0. <br /> False </li>
<li> H<sub>0</sub>: µ1 ≠ µ2. <br /> False </li>
<li> H<sub>0</sub>: µ1 &lt; µ2. <br /> False </li>
<li> H<sub>0</sub>: µ1 &lt; 0 and µ2 = 0. <br /> False </li>
<li> H<sub>0</sub>: µ1 = 0 and µ2 = 0. <br /> False </li>
<li> H<sub>0</sub>: µ1 - µ2 = 0. <br /> True </li>
</ul>
</modalFeedback>
</assessmentItem>
