<?xml version="1.0" encoding="UTF-8"?>
<assessmentItem xsi:schemaLocation="http://www.imsglobal.org/xsd/imsqti_v2p1 http://www.imsglobal.org/xsd/qti/qtiv2p1/imsqti_v2p1p1.xsd http://www.w3.org/1998/Math/MathML http://www.w3.org/Math/XMLSchema/mathml2/mathml2.xsd" identifier="vufgb-multiplelinearregression-037-nl-qti_513695082_section_1_item_1_schoice" title="1" adaptive="false" timeDependent="false" xmlns="http://www.imsglobal.org/xsd/imsqti_v2p1" xmlns:xsi="http://www.w3.org/2001/XMLSchema-instance">
<responseDeclaration identifier="vufgb-multiplelinearregression-037-nl-qti_513695082_section_1_item_1_schoice_RESPONSE_1_6279165" cardinality="single" baseType="identifier">
<correctResponse>
<value>vufgb-multiplelinearregression-037-nl-qti_513695082_section_1_item_1_schoice_3_9981876813</value>
</correctResponse>
<mapping defaultValue="0" lowerBound="0.0">
<mapEntry mapKey="vufgb-multiplelinearregression-037-nl-qti_513695082_section_1_item_1_schoice_1_2565631859" mappedValue="0"/>
<mapEntry mapKey="vufgb-multiplelinearregression-037-nl-qti_513695082_section_1_item_1_schoice_2_6277844614" mappedValue="0"/>
<mapEntry mapKey="vufgb-multiplelinearregression-037-nl-qti_513695082_section_1_item_1_schoice_3_9981876813" mappedValue="1"/>
<mapEntry mapKey="vufgb-multiplelinearregression-037-nl-qti_513695082_section_1_item_1_schoice_4_6109144601" mappedValue="0"/>
</mapping>
</responseDeclaration>
<outcomeDeclaration identifier="SCORE" cardinality="single" baseType="float" normalMaximum="1" normalMinimum="0">
<defaultValue>
<value>0.0</value>
</defaultValue>
</outcomeDeclaration>
<outcomeDeclaration identifier="MAXSCORE" cardinality="single" baseType="float">
<defaultValue>
<value>1</value>
</defaultValue>
</outcomeDeclaration>
<outcomeDeclaration identifier="FEEDBACKBASIC" cardinality="single" baseType="identifier" view="testConstructor">
<defaultValue>
<value>empty</value>
</defaultValue>
</outcomeDeclaration>
<outcomeDeclaration identifier="FEEDBACKMODAL" cardinality="multiple" baseType="identifier" view="testConstructor"/>
<outcomeDeclaration identifier="SOLUTIONMODAL" cardinality="single" baseType="identifier" view="testConstructor"/>
<outcomeDeclaration identifier="MINSCORE" cardinality="single" baseType="float">
<defaultValue>
<value baseType="float">0</value>
</defaultValue>
</outcomeDeclaration>
<outcomeDeclaration identifier="SCORE_RESPONSE_1" cardinality="single" baseType="float">
<defaultValue>
<value>0.0</value>
</defaultValue>
</outcomeDeclaration>
<outcomeDeclaration identifier="MINSCORE_RESPONSE_1" cardinality="single" baseType="float">
<defaultValue>
<value>0.0</value>
</defaultValue>
</outcomeDeclaration>
<itemBody>
<p>Myrte onderzoekt het verband tussen depressie van moeders en probleemgedrag van het kind. Zij vermoedt dat het positieve verband tussen depressie van moeders en probleemgedrag van het kind zwakker is naarmate moeders over hogere zelfcontrole beschikken.</p>
<p>Van welk type multivariate relatie is hier sprake?</p>
<choiceInteraction responseIdentifier="vufgb-multiplelinearregression-037-nl-qti_513695082_section_1_item_1_schoice_RESPONSE_1_6279165" shuffle="false" maxChoices="1">
<simpleChoice identifier="vufgb-multiplelinearregression-037-nl-qti_513695082_section_1_item_1_schoice_1_2565631859">
<p>
 Meerdere oorzaken
</p>
</simpleChoice>
<simpleChoice identifier="vufgb-multiplelinearregression-037-nl-qti_513695082_section_1_item_1_schoice_2_6277844614">
<p>
 Spurieus verband
</p>
</simpleChoice>
<simpleChoice identifier="vufgb-multiplelinearregression-037-nl-qti_513695082_section_1_item_1_schoice_3_9981876813">
<p>
 Interactie
</p>
</simpleChoice>
<simpleChoice identifier="vufgb-multiplelinearregression-037-nl-qti_513695082_section_1_item_1_schoice_4_6109144601">
<p>
 Kettingrelatie
</p>
</simpleChoice>
</choiceInteraction>
</itemBody>
<responseProcessing>
<setOutcomeValue identifier="SCORE_RESPONSE_1">
<sum>
<variable identifier="SCORE_RESPONSE_1"/>
<mapResponse identifier="vufgb-multiplelinearregression-037-nl-qti_513695082_section_1_item_1_schoice_RESPONSE_1_6279165"/>
</sum>
</setOutcomeValue>
<responseCondition>
<responseIf>
<lt>
<variable identifier="SCORE_RESPONSE_1"/>
<variable identifier="MINSCORE_RESPONSE_1"/>
</lt>
<setOutcomeValue identifier="SCORE_RESPONSE_1">
<variable identifier="MINSCORE_RESPONSE_1"/>
</setOutcomeValue>
</responseIf>
</responseCondition>
<responseCondition>
<responseIf>
<isNull>
<variable identifier="vufgb-multiplelinearregression-037-nl-qti_513695082_section_1_item_1_schoice_RESPONSE_1_6279165"/>
</isNull>
<setOutcomeValue identifier="SCORE_RESPONSE_1">
<sum>
<variable identifier="SCORE_RESPONSE_1"/>
<baseValue baseType="float">0</baseValue>
</sum>
</setOutcomeValue>
</responseIf>
</responseCondition>
<setOutcomeValue identifier="SCORE">
<sum>
<variable identifier="SCORE_RESPONSE_1"/>
</sum>
</setOutcomeValue>
<responseCondition>
<responseIf>
<lt>
<variable identifier="SCORE"/>
<variable identifier="MINSCORE"/>
</lt>
<setOutcomeValue identifier="SCORE">
<variable identifier="MINSCORE"/>
</setOutcomeValue>
</responseIf>
</responseCondition>
<responseCondition>
<responseIf>
<lt>
<variable identifier="SCORE"/>
<baseValue baseType="float">1</baseValue>
</lt>
<setOutcomeValue identifier="FEEDBACKMODAL">
<multiple>
<variable identifier="FEEDBACKMODAL"/>
<baseValue baseType="identifier">Feedback111224491</baseValue>
</multiple>
</setOutcomeValue>
</responseIf>
</responseCondition>
</responseProcessing>
<modalFeedback identifier="Feedback111224491" outcomeIdentifier="FEEDBACKMODAL" showHide="show">
<p>De sterkte van het verband tussen depressie van moeders en probleemgedrag van het kind verdwijnt niet als statistisch gecontroleerd wordt voor zelfcontrole van moeders, maar het wordt zwakker naarmate moeders over hogere zelfcontrole beschikken. Met andere woorden, de sterkte van het verband hangt af van hoe hoog moeders scoren op zelfcontrole.</p>
<br />
<ul>
<li> Meerdere oorzaken <br /> Incorrect </li>
<li> Spurieus verband <br /> Incorrect </li>
<li> Interactie <br /> Correct </li>
<li> Kettingrelatie <br /> Incorrect </li>
</ul>
</modalFeedback>
</assessmentItem>
