<?xml version="1.0" encoding="utf-8" standalone="yes"?>
<assessmentItem identifier="vufgb-equation-018-nl-tv_202307180612_item_1_schoice" title="vufgb-equation-018-nl-tv_202307180612_item_1_schoice_vufgb-equation-018-nl" adaptive="false" timeDependent="false" toolName="Testvision Online" toolVersion="39.0.9084" xmlns="http://www.imsglobal.org/xsd/imsqti_v2p1">
<responseDeclaration identifier="RESPONSE" cardinality="single" baseType="identifier">
<correctResponse>
<value>alt_333590</value>
</correctResponse>
<mapping defaultValue="0" lowerBound="0.0">
<mapEntry mapKey="alt_311245" mappedValue="-0.333333333333333"/>
<mapEntry mapKey="alt_333590" mappedValue="1"/>
<mapEntry mapKey="alt_984666" mappedValue="-0.333333333333333"/>
<mapEntry mapKey="alt_828730" mappedValue="-0.333333333333333"/>
</mapping>
</responseDeclaration>
<outcomeDeclaration identifier="SCORE" cardinality="single" baseType="float" normalMaximum="1" normalMinimum="0" />
<outcomeDeclaration identifier="FEEDBACK" cardinality="single" baseType="identifier" />
<itemBody>
<p>Een éénwegs ANOVA model wordt gebruikt om de verschillen tussen vier groepsgemiddelden te toetsen. Welke regressievergelijking hoort bij dit model?</p>
<choiceInteraction responseIdentifier="RESPONSE" shuffle="false" maxChoices="1">
<simpleChoice identifier="alt_311245">
<div class="textblock tvblock tvcss_1"><div class="rte_zone tveditor1">
 <math display="inline" xmlns="http://www.w3.org/1998/Math/MathML"><semantics><mrow><mover><mi>y</mi><mo accent="true">̂</mo></mover><mo>=</mo><mi>a</mi><mo>+</mo><mi>b</mi><mi>x</mi><mo>+</mo><msub><mi>b</mi><mn>1</mn></msub><msub><mi>z</mi><mn>1</mn></msub><mo>+</mo><msub><mi>b</mi><mn>2</mn></msub><msub><mi>z</mi><mn>2</mn></msub><mo>+</mo><msub><mi>b</mi><mn>3</mn></msub><msub><mi>z</mi><mn>3</mn></msub></mrow><annotation encoding="application/x-tex">\hat{y} = a+bx+b_{1}z_{1}+b_{2}z_{2}+b_{3}z_{3}</annotation></semantics></math>
</div>
</div>
</simpleChoice>
<simpleChoice identifier="alt_333590">
<div class="textblock tvblock tvcss_1"><div class="rte_zone tveditor1">
 <math display="inline" xmlns="http://www.w3.org/1998/Math/MathML"><semantics><mrow><mover><mi>y</mi><mo accent="true">̂</mo></mover><mo>=</mo><mi>a</mi><mo>+</mo><msub><mi>b</mi><mn>1</mn></msub><msub><mi>z</mi><mn>1</mn></msub><mo>+</mo><msub><mi>b</mi><mn>2</mn></msub><msub><mi>z</mi><mn>2</mn></msub><mo>+</mo><msub><mi>b</mi><mn>3</mn></msub><msub><mi>z</mi><mn>3</mn></msub></mrow><annotation encoding="application/x-tex">\hat{y} = a+b_{1}z_{1}+b_{2}z_{2}+b_{3}z_{3}</annotation></semantics></math>
</div>
</div>
</simpleChoice>
<simpleChoice identifier="alt_984666">
<div class="textblock tvblock tvcss_1"><div class="rte_zone tveditor1">
 <math display="inline" xmlns="http://www.w3.org/1998/Math/MathML"><semantics><mrow><mover><mi>y</mi><mo accent="true">̂</mo></mover><mo>=</mo><mi>a</mi><mo>+</mo><msub><mi>b</mi><mn>1</mn></msub><msub><mi>z</mi><mn>1</mn></msub><mo>+</mo><msub><mi>b</mi><mn>2</mn></msub><msub><mi>z</mi><mn>2</mn></msub><mo>+</mo><msub><mi>b</mi><mn>3</mn></msub><msub><mi>z</mi><mn>3</mn></msub><mo>+</mo><msub><mi>b</mi><mn>4</mn></msub><msub><mi>z</mi><mn>4</mn></msub></mrow><annotation encoding="application/x-tex">\hat{y} = a+b_{1}z_{1}+b_{2}z_{2}+b_{3}z_{3}+b_{4}z_{4}</annotation></semantics></math>
</div>
</div>
</simpleChoice>
<simpleChoice identifier="alt_828730">
<div class="textblock tvblock tvcss_1"><div class="rte_zone tveditor1">
 <math display="inline" xmlns="http://www.w3.org/1998/Math/MathML"><semantics><mrow><mover><mi>y</mi><mo accent="true">̂</mo></mover><mo>=</mo><mi>a</mi><mo>+</mo><msub><mi>b</mi><mn>1</mn></msub><msub><mi>z</mi><mn>1</mn></msub><mo>+</mo><msub><mi>b</mi><mn>2</mn></msub><msub><mi>z</mi><mn>2</mn></msub><mo>+</mo><msub><mi>b</mi><mn>3</mn></msub><msub><mi>w</mi><mn>3</mn></msub><mo>+</mo><msub><mi>b</mi><mn>4</mn></msub><msub><mi>w</mi><mn>4</mn></msub></mrow><annotation encoding="application/x-tex">\hat{y} = a+b_{1}z_{1}+b_{2}z_{2}+b_{3}w_{3}+b_{4}w_{4}</annotation></semantics></math>
</div>
</div>
</simpleChoice>
</choiceInteraction>
</itemBody>
<responseProcessing>
<responseCondition>
<responseIf>
<isNull>
<variable identifier="RESPONSE"/>
</isNull>
<setOutcomeValue identifier="SCORE">
<baseValue baseType="float">0.0</baseValue>
</setOutcomeValue>
<setOutcomeValue identifier="FEEDBACK">
<baseValue baseType="identifier">FAILURE</baseValue>
</setOutcomeValue>
</responseIf>
<responseElse>
<setOutcomeValue identifier="SCORE">
<mapResponse identifier="RESPONSE"/>
</setOutcomeValue>
<responseCondition>
<responseIf>
<equal toleranceMode="relative" tolerance="0.001">
<variable identifier="SCORE"/>
<variable identifier="MAXSCORE"/>
</equal>
<setOutcomeValue identifier="FEEDBACK">
<baseValue baseType="identifier">ANSWER_CORRECT</baseValue>
</setOutcomeValue>
</responseIf>
<responseElse>
<setOutcomeValue identifier="FEEDBACK">
<baseValue baseType="identifier">FAILURE</baseValue>
</setOutcomeValue>
</responseElse>
</responseCondition>
</responseElse>
</responseCondition>
</responseProcessing>
<modalFeedback identifier="FAILURE" outcomeIdentifier="FEEDBACK" showHide="show">
<div class="textblock tvblock tvcss_1"><div class="rte_zone tveditor1">
 <math display="inline" xmlns="http://www.w3.org/1998/Math/MathML"><semantics><mrow><mover><mi>y</mi><mo accent="true">̂</mo></mover><mo>=</mo><mi>a</mi><mo>+</mo><mi>b</mi><mi>x</mi><mo>+</mo><msub><mi>b</mi><mn>1</mn></msub><msub><mi>z</mi><mn>1</mn></msub><mo>+</mo><msub><mi>b</mi><mn>2</mn></msub><msub><mi>z</mi><mn>2</mn></msub><mo>+</mo><msub><mi>b</mi><mn>3</mn></msub><msub><mi>z</mi><mn>3</mn></msub></mrow><annotation encoding="application/x-tex">\hat{y} = a+bx+b_{1}z_{1}+b_{2}z_{2}+b_{3}z_{3}</annotation></semantics></math> <br /> Incorrect 
 <math display="inline" xmlns="http://www.w3.org/1998/Math/MathML"><semantics><mrow><mover><mi>y</mi><mo accent="true">̂</mo></mover><mo>=</mo><mi>a</mi><mo>+</mo><msub><mi>b</mi><mn>1</mn></msub><msub><mi>z</mi><mn>1</mn></msub><mo>+</mo><msub><mi>b</mi><mn>2</mn></msub><msub><mi>z</mi><mn>2</mn></msub><mo>+</mo><msub><mi>b</mi><mn>3</mn></msub><msub><mi>z</mi><mn>3</mn></msub></mrow><annotation encoding="application/x-tex">\hat{y} = a+b_{1}z_{1}+b_{2}z_{2}+b_{3}z_{3}</annotation></semantics></math> <br /> Correct 
 <math display="inline" xmlns="http://www.w3.org/1998/Math/MathML"><semantics><mrow><mover><mi>y</mi><mo accent="true">̂</mo></mover><mo>=</mo><mi>a</mi><mo>+</mo><msub><mi>b</mi><mn>1</mn></msub><msub><mi>z</mi><mn>1</mn></msub><mo>+</mo><msub><mi>b</mi><mn>2</mn></msub><msub><mi>z</mi><mn>2</mn></msub><mo>+</mo><msub><mi>b</mi><mn>3</mn></msub><msub><mi>z</mi><mn>3</mn></msub><mo>+</mo><msub><mi>b</mi><mn>4</mn></msub><msub><mi>z</mi><mn>4</mn></msub></mrow><annotation encoding="application/x-tex">\hat{y} = a+b_{1}z_{1}+b_{2}z_{2}+b_{3}z_{3}+b_{4}z_{4}</annotation></semantics></math> <br /> Incorrect 
 <math display="inline" xmlns="http://www.w3.org/1998/Math/MathML"><semantics><mrow><mover><mi>y</mi><mo accent="true">̂</mo></mover><mo>=</mo><mi>a</mi><mo>+</mo><msub><mi>b</mi><mn>1</mn></msub><msub><mi>z</mi><mn>1</mn></msub><mo>+</mo><msub><mi>b</mi><mn>2</mn></msub><msub><mi>z</mi><mn>2</mn></msub><mo>+</mo><msub><mi>b</mi><mn>3</mn></msub><msub><mi>w</mi><mn>3</mn></msub><mo>+</mo><msub><mi>b</mi><mn>4</mn></msub><msub><mi>w</mi><mn>4</mn></msub></mrow><annotation encoding="application/x-tex">\hat{y} = a+b_{1}z_{1}+b_{2}z_{2}+b_{3}w_{3}+b_{4}w_{4}</annotation></semantics></math> <br /> Incorrect 
</div>
</div>
</modalFeedback>
<modalFeedback identifier="ANSWER_CORRECT" outcomeIdentifier="FEEDBACK" showHide="show">
<div class="textblock tvblock tvcss_1"><div class="rte_zone tveditor1">
 <math display="inline" xmlns="http://www.w3.org/1998/Math/MathML"><semantics><mrow><mover><mi>y</mi><mo accent="true">̂</mo></mover><mo>=</mo><mi>a</mi><mo>+</mo><mi>b</mi><mi>x</mi><mo>+</mo><msub><mi>b</mi><mn>1</mn></msub><msub><mi>z</mi><mn>1</mn></msub><mo>+</mo><msub><mi>b</mi><mn>2</mn></msub><msub><mi>z</mi><mn>2</mn></msub><mo>+</mo><msub><mi>b</mi><mn>3</mn></msub><msub><mi>z</mi><mn>3</mn></msub></mrow><annotation encoding="application/x-tex">\hat{y} = a+bx+b_{1}z_{1}+b_{2}z_{2}+b_{3}z_{3}</annotation></semantics></math> <br /> Incorrect 
 <math display="inline" xmlns="http://www.w3.org/1998/Math/MathML"><semantics><mrow><mover><mi>y</mi><mo accent="true">̂</mo></mover><mo>=</mo><mi>a</mi><mo>+</mo><msub><mi>b</mi><mn>1</mn></msub><msub><mi>z</mi><mn>1</mn></msub><mo>+</mo><msub><mi>b</mi><mn>2</mn></msub><msub><mi>z</mi><mn>2</mn></msub><mo>+</mo><msub><mi>b</mi><mn>3</mn></msub><msub><mi>z</mi><mn>3</mn></msub></mrow><annotation encoding="application/x-tex">\hat{y} = a+b_{1}z_{1}+b_{2}z_{2}+b_{3}z_{3}</annotation></semantics></math> <br /> Correct 
 <math display="inline" xmlns="http://www.w3.org/1998/Math/MathML"><semantics><mrow><mover><mi>y</mi><mo accent="true">̂</mo></mover><mo>=</mo><mi>a</mi><mo>+</mo><msub><mi>b</mi><mn>1</mn></msub><msub><mi>z</mi><mn>1</mn></msub><mo>+</mo><msub><mi>b</mi><mn>2</mn></msub><msub><mi>z</mi><mn>2</mn></msub><mo>+</mo><msub><mi>b</mi><mn>3</mn></msub><msub><mi>z</mi><mn>3</mn></msub><mo>+</mo><msub><mi>b</mi><mn>4</mn></msub><msub><mi>z</mi><mn>4</mn></msub></mrow><annotation encoding="application/x-tex">\hat{y} = a+b_{1}z_{1}+b_{2}z_{2}+b_{3}z_{3}+b_{4}z_{4}</annotation></semantics></math> <br /> Incorrect 
 <math display="inline" xmlns="http://www.w3.org/1998/Math/MathML"><semantics><mrow><mover><mi>y</mi><mo accent="true">̂</mo></mover><mo>=</mo><mi>a</mi><mo>+</mo><msub><mi>b</mi><mn>1</mn></msub><msub><mi>z</mi><mn>1</mn></msub><mo>+</mo><msub><mi>b</mi><mn>2</mn></msub><msub><mi>z</mi><mn>2</mn></msub><mo>+</mo><msub><mi>b</mi><mn>3</mn></msub><msub><mi>w</mi><mn>3</mn></msub><mo>+</mo><msub><mi>b</mi><mn>4</mn></msub><msub><mi>w</mi><mn>4</mn></msub></mrow><annotation encoding="application/x-tex">\hat{y} = a+b_{1}z_{1}+b_{2}z_{2}+b_{3}w_{3}+b_{4}w_{4}</annotation></semantics></math> <br /> Incorrect 
</div>
</div>
</modalFeedback>
<modalFeedback identifier="PARTIAL_CORRECT" outcomeIdentifier="FEEDBACK" showHide="show">
<div class="textblock tvblock tvcss_1"><div class="rte_zone tveditor1">
 <math display="inline" xmlns="http://www.w3.org/1998/Math/MathML"><semantics><mrow><mover><mi>y</mi><mo accent="true">̂</mo></mover><mo>=</mo><mi>a</mi><mo>+</mo><mi>b</mi><mi>x</mi><mo>+</mo><msub><mi>b</mi><mn>1</mn></msub><msub><mi>z</mi><mn>1</mn></msub><mo>+</mo><msub><mi>b</mi><mn>2</mn></msub><msub><mi>z</mi><mn>2</mn></msub><mo>+</mo><msub><mi>b</mi><mn>3</mn></msub><msub><mi>z</mi><mn>3</mn></msub></mrow><annotation encoding="application/x-tex">\hat{y} = a+bx+b_{1}z_{1}+b_{2}z_{2}+b_{3}z_{3}</annotation></semantics></math> <br /> Incorrect 
 <math display="inline" xmlns="http://www.w3.org/1998/Math/MathML"><semantics><mrow><mover><mi>y</mi><mo accent="true">̂</mo></mover><mo>=</mo><mi>a</mi><mo>+</mo><msub><mi>b</mi><mn>1</mn></msub><msub><mi>z</mi><mn>1</mn></msub><mo>+</mo><msub><mi>b</mi><mn>2</mn></msub><msub><mi>z</mi><mn>2</mn></msub><mo>+</mo><msub><mi>b</mi><mn>3</mn></msub><msub><mi>z</mi><mn>3</mn></msub></mrow><annotation encoding="application/x-tex">\hat{y} = a+b_{1}z_{1}+b_{2}z_{2}+b_{3}z_{3}</annotation></semantics></math> <br /> Correct 
 <math display="inline" xmlns="http://www.w3.org/1998/Math/MathML"><semantics><mrow><mover><mi>y</mi><mo accent="true">̂</mo></mover><mo>=</mo><mi>a</mi><mo>+</mo><msub><mi>b</mi><mn>1</mn></msub><msub><mi>z</mi><mn>1</mn></msub><mo>+</mo><msub><mi>b</mi><mn>2</mn></msub><msub><mi>z</mi><mn>2</mn></msub><mo>+</mo><msub><mi>b</mi><mn>3</mn></msub><msub><mi>z</mi><mn>3</mn></msub><mo>+</mo><msub><mi>b</mi><mn>4</mn></msub><msub><mi>z</mi><mn>4</mn></msub></mrow><annotation encoding="application/x-tex">\hat{y} = a+b_{1}z_{1}+b_{2}z_{2}+b_{3}z_{3}+b_{4}z_{4}</annotation></semantics></math> <br /> Incorrect 
 <math display="inline" xmlns="http://www.w3.org/1998/Math/MathML"><semantics><mrow><mover><mi>y</mi><mo accent="true">̂</mo></mover><mo>=</mo><mi>a</mi><mo>+</mo><msub><mi>b</mi><mn>1</mn></msub><msub><mi>z</mi><mn>1</mn></msub><mo>+</mo><msub><mi>b</mi><mn>2</mn></msub><msub><mi>z</mi><mn>2</mn></msub><mo>+</mo><msub><mi>b</mi><mn>3</mn></msub><msub><mi>w</mi><mn>3</mn></msub><mo>+</mo><msub><mi>b</mi><mn>4</mn></msub><msub><mi>w</mi><mn>4</mn></msub></mrow><annotation encoding="application/x-tex">\hat{y} = a+b_{1}z_{1}+b_{2}z_{2}+b_{3}w_{3}+b_{4}w_{4}</annotation></semantics></math> <br /> Incorrect 
</div>
</div>
</modalFeedback>
</assessmentItem>
