<?xml version="1.0" encoding="UTF-8"?>
<assessmentItem xsi:schemaLocation="http://www.imsglobal.org/xsd/imsqti_v2p1 http://www.imsglobal.org/xsd/qti/qtiv2p1/imsqti_v2p1p1.xsd http://www.w3.org/1998/Math/MathML http://www.w3.org/Math/XMLSchema/mathml2/mathml2.xsd" identifier="uva-independent-events-369-en-qti_376128462_section_1_item_1_schoice" title="1" adaptive="false" timeDependent="false" xmlns="http://www.imsglobal.org/xsd/imsqti_v2p1" xmlns:xsi="http://www.w3.org/2001/XMLSchema-instance">
<responseDeclaration identifier="uva-independent-events-369-en-qti_376128462_section_1_item_1_schoice_RESPONSE_1_2930404" cardinality="single" baseType="identifier">
<correctResponse>
<value>uva-independent-events-369-en-qti_376128462_section_1_item_1_schoice_3_7340181132</value>
</correctResponse>
<mapping defaultValue="0" lowerBound="0.0">
<mapEntry mapKey="uva-independent-events-369-en-qti_376128462_section_1_item_1_schoice_1_8773287597" mappedValue="0"/>
<mapEntry mapKey="uva-independent-events-369-en-qti_376128462_section_1_item_1_schoice_2_9730255075" mappedValue="0"/>
<mapEntry mapKey="uva-independent-events-369-en-qti_376128462_section_1_item_1_schoice_3_7340181132" mappedValue="1"/>
<mapEntry mapKey="uva-independent-events-369-en-qti_376128462_section_1_item_1_schoice_4_5830305738" mappedValue="0"/>
</mapping>
</responseDeclaration>
<outcomeDeclaration identifier="SCORE" cardinality="single" baseType="float" normalMaximum="1" normalMinimum="0">
<defaultValue>
<value>0.0</value>
</defaultValue>
</outcomeDeclaration>
<outcomeDeclaration identifier="MAXSCORE" cardinality="single" baseType="float">
<defaultValue>
<value>1</value>
</defaultValue>
</outcomeDeclaration>
<outcomeDeclaration identifier="FEEDBACKBASIC" cardinality="single" baseType="identifier" view="testConstructor">
<defaultValue>
<value>empty</value>
</defaultValue>
</outcomeDeclaration>
<outcomeDeclaration identifier="FEEDBACKMODAL" cardinality="multiple" baseType="identifier" view="testConstructor"/>
<outcomeDeclaration identifier="SOLUTIONMODAL" cardinality="single" baseType="identifier" view="testConstructor"/>
<outcomeDeclaration identifier="MINSCORE" cardinality="single" baseType="float">
<defaultValue>
<value baseType="float">0</value>
</defaultValue>
</outcomeDeclaration>
<outcomeDeclaration identifier="SCORE_RESPONSE_1" cardinality="single" baseType="float">
<defaultValue>
<value>0.0</value>
</defaultValue>
</outcomeDeclaration>
<outcomeDeclaration identifier="MINSCORE_RESPONSE_1" cardinality="single" baseType="float">
<defaultValue>
<value>0.0</value>
</defaultValue>
</outcomeDeclaration>
<itemBody>
<p>In a randomly drawn sample of 200 independent individuals, we looked at the occurrence of RSI complaints (none, mild, severe) and the type of work (much computer work, other).</p>
<p>———– —————- ————– ——- ——— yes RSI complaints None Mild Serious Type of work Much computer 18 14 8 Other 120 32 8 ———– —————- ————– ——- ———</p>
<p>Define A as the event “No RSI symptoms” and B as the event “Lots of computer work.” Then</p>
<choiceInteraction responseIdentifier="uva-independent-events-369-en-qti_376128462_section_1_item_1_schoice_RESPONSE_1_2930404" shuffle="false" maxChoices="1">
<simpleChoice identifier="uva-independent-events-369-en-qti_376128462_section_1_item_1_schoice_1_8773287597">
<p>
 A and B are dependent because P(A ∩ B) ≠ P(B | A)
</p>
</simpleChoice>
<simpleChoice identifier="uva-independent-events-369-en-qti_376128462_section_1_item_1_schoice_2_9730255075">
<p>
 A and B are dependent because P(A) ≠ P(B | A)
</p>
</simpleChoice>
<simpleChoice identifier="uva-independent-events-369-en-qti_376128462_section_1_item_1_schoice_3_7340181132">
<p>
 A and B are dependent because P(A) ≠ P(A | B)
</p>
</simpleChoice>
<simpleChoice identifier="uva-independent-events-369-en-qti_376128462_section_1_item_1_schoice_4_5830305738">
<p>
 A and B are dependent because P(A∪B) ≠ P(A) x P(B)
</p>
</simpleChoice>
</choiceInteraction>
</itemBody>
<responseProcessing>
<setOutcomeValue identifier="SCORE_RESPONSE_1">
<sum>
<variable identifier="SCORE_RESPONSE_1"/>
<mapResponse identifier="uva-independent-events-369-en-qti_376128462_section_1_item_1_schoice_RESPONSE_1_2930404"/>
</sum>
</setOutcomeValue>
<responseCondition>
<responseIf>
<lt>
<variable identifier="SCORE_RESPONSE_1"/>
<variable identifier="MINSCORE_RESPONSE_1"/>
</lt>
<setOutcomeValue identifier="SCORE_RESPONSE_1">
<variable identifier="MINSCORE_RESPONSE_1"/>
</setOutcomeValue>
</responseIf>
</responseCondition>
<responseCondition>
<responseIf>
<isNull>
<variable identifier="uva-independent-events-369-en-qti_376128462_section_1_item_1_schoice_RESPONSE_1_2930404"/>
</isNull>
<setOutcomeValue identifier="SCORE_RESPONSE_1">
<sum>
<variable identifier="SCORE_RESPONSE_1"/>
<baseValue baseType="float">0</baseValue>
</sum>
</setOutcomeValue>
</responseIf>
</responseCondition>
<setOutcomeValue identifier="SCORE">
<sum>
<variable identifier="SCORE_RESPONSE_1"/>
</sum>
</setOutcomeValue>
<responseCondition>
<responseIf>
<lt>
<variable identifier="SCORE"/>
<variable identifier="MINSCORE"/>
</lt>
<setOutcomeValue identifier="SCORE">
<variable identifier="MINSCORE"/>
</setOutcomeValue>
</responseIf>
</responseCondition>
<responseCondition>
<responseIf>
<lt>
<variable identifier="SCORE"/>
<baseValue baseType="float">1</baseValue>
</lt>
<setOutcomeValue identifier="FEEDBACKMODAL">
<multiple>
<variable identifier="FEEDBACKMODAL"/>
<baseValue baseType="identifier">Feedback964739631</baseValue>
</multiple>
</setOutcomeValue>
</responseIf>
</responseCondition>
</responseProcessing>
<modalFeedback identifier="Feedback964739631" outcomeIdentifier="FEEDBACKMODAL" showHide="show">
<ul>
<li> A and B are dependent because P(A ∩ B) ≠ P(B | A) <br /> A and B are dependent because P(A ∩ B) ≠ P(B | A): Incorrect </li>
<li> A and B are dependent because P(A) ≠ P(B | A) <br /> A and B are dependent because P(A) ≠ P(B | A): Incorrect </li>
<li> A and B are dependent because P(A) ≠ P(A | B) <br /> A and B are dependent because P(A) ≠ P(A | B): Correct </li>
<li> A and B are dependent because P(A∪B) ≠ P(A) x P(B) <br /> A and B are dependent because P(A∪B) ≠ P(A) x P(B): Incorrect </li>
</ul>
</modalFeedback>
</assessmentItem>
