<?xml version="1.0" encoding="utf-8" standalone="yes"?>
<assessmentItem identifier="vufgb-multiplelinearregression-032-nl-tv_202307180610_item_1_schoice" title="vufgb-multiplelinearregression-032-nl-tv_202307180610_item_1_schoice_vufgb-multiplelinearregression-032-nl" adaptive="false" timeDependent="false" toolName="Testvision Online" toolVersion="39.0.9084" xmlns="http://www.imsglobal.org/xsd/imsqti_v2p1">
<responseDeclaration identifier="RESPONSE" cardinality="single" baseType="identifier">
<correctResponse>
<value>alt_663002</value>
</correctResponse>
<mapping defaultValue="0" lowerBound="0.0">
<mapEntry mapKey="alt_100532" mappedValue="-0.333333333333333"/>
<mapEntry mapKey="alt_348219" mappedValue="-0.333333333333333"/>
<mapEntry mapKey="alt_269592" mappedValue="-0.333333333333333"/>
<mapEntry mapKey="alt_663002" mappedValue="1"/>
</mapping>
</responseDeclaration>
<outcomeDeclaration identifier="SCORE" cardinality="single" baseType="float" normalMaximum="1" normalMinimum="0" />
<outcomeDeclaration identifier="FEEDBACK" cardinality="single" baseType="identifier" />
<itemBody>
<p>Bij een partiële mediatie…</p>
<choiceInteraction responseIdentifier="RESPONSE" shuffle="false" maxChoices="1">
<simpleChoice identifier="alt_100532">
<div class="textblock tvblock tvcss_1"><div class="rte_zone tveditor1">
 …is het directe verband niet statistisch significant.
</div>
</div>
</simpleChoice>
<simpleChoice identifier="alt_348219">
<div class="textblock tvblock tvcss_1"><div class="rte_zone tveditor1">
 …is het indirecte verband niet statistisch significant.
</div>
</div>
</simpleChoice>
<simpleChoice identifier="alt_269592">
<div class="textblock tvblock tvcss_1"><div class="rte_zone tveditor1">
 …is het directe verband statistisch significant.
</div>
</div>
</simpleChoice>
<simpleChoice identifier="alt_663002">
<div class="textblock tvblock tvcss_1"><div class="rte_zone tveditor1">
 …zijn zowel het directe als indirecte verband statistisch significant.
</div>
</div>
</simpleChoice>
</choiceInteraction>
</itemBody>
<responseProcessing>
<responseCondition>
<responseIf>
<isNull>
<variable identifier="RESPONSE"/>
</isNull>
<setOutcomeValue identifier="SCORE">
<baseValue baseType="float">0.0</baseValue>
</setOutcomeValue>
<setOutcomeValue identifier="FEEDBACK">
<baseValue baseType="identifier">FAILURE</baseValue>
</setOutcomeValue>
</responseIf>
<responseElse>
<setOutcomeValue identifier="SCORE">
<mapResponse identifier="RESPONSE"/>
</setOutcomeValue>
<responseCondition>
<responseIf>
<equal toleranceMode="relative" tolerance="0.001">
<variable identifier="SCORE"/>
<variable identifier="MAXSCORE"/>
</equal>
<setOutcomeValue identifier="FEEDBACK">
<baseValue baseType="identifier">ANSWER_CORRECT</baseValue>
</setOutcomeValue>
</responseIf>
<responseElse>
<setOutcomeValue identifier="FEEDBACK">
<baseValue baseType="identifier">FAILURE</baseValue>
</setOutcomeValue>
</responseElse>
</responseCondition>
</responseElse>
</responseCondition>
</responseProcessing>
<modalFeedback identifier="FAILURE" outcomeIdentifier="FEEDBACK" showHide="show">
<div class="textblock tvblock tvcss_1"><div class="rte_zone tveditor1">
 …is het directe verband niet statistisch significant. <br /> Incorrect 
 …is het indirecte verband niet statistisch significant. <br /> Incorrect 
 …is het directe verband statistisch significant. <br /> Incorrect 
 …zijn zowel het directe als indirecte verband statistisch significant. <br /> Correct 
</div>
</div>
</modalFeedback>
<modalFeedback identifier="ANSWER_CORRECT" outcomeIdentifier="FEEDBACK" showHide="show">
<div class="textblock tvblock tvcss_1"><div class="rte_zone tveditor1">
 …is het directe verband niet statistisch significant. <br /> Incorrect 
 …is het indirecte verband niet statistisch significant. <br /> Incorrect 
 …is het directe verband statistisch significant. <br /> Incorrect 
 …zijn zowel het directe als indirecte verband statistisch significant. <br /> Correct 
</div>
</div>
</modalFeedback>
<modalFeedback identifier="PARTIAL_CORRECT" outcomeIdentifier="FEEDBACK" showHide="show">
<div class="textblock tvblock tvcss_1"><div class="rte_zone tveditor1">
 …is het directe verband niet statistisch significant. <br /> Incorrect 
 …is het indirecte verband niet statistisch significant. <br /> Incorrect 
 …is het directe verband statistisch significant. <br /> Incorrect 
 …zijn zowel het directe als indirecte verband statistisch significant. <br /> Correct 
</div>
</div>
</modalFeedback>
</assessmentItem>
