<?xml version="1.0" encoding="utf-8" standalone="yes"?>
<assessmentItem identifier="vufsw-statistical_errors-1126-en-tv_202209061512_item_1_schoice" title="vufsw-statistical_errors-1126-en-tv_202209061512_item_1_schoice_vufsw-statistical errors-1126-en" adaptive="false" timeDependent="false" toolName="Testvision Online" toolVersion="39.0.9084" xmlns="http://www.imsglobal.org/xsd/imsqti_v2p1">
<responseDeclaration identifier="RESPONSE" cardinality="single" baseType="identifier">
<correctResponse>
<value>alt_354150</value>
</correctResponse>
<mapping defaultValue="0" lowerBound="0.0">
<mapEntry mapKey="alt_354150" mappedValue="1"/>
<mapEntry mapKey="alt_244932" mappedValue="-0.333333333333333"/>
<mapEntry mapKey="alt_251117" mappedValue="-0.333333333333333"/>
<mapEntry mapKey="alt_130153" mappedValue="-0.333333333333333"/>
</mapping>
</responseDeclaration>
<outcomeDeclaration identifier="SCORE" cardinality="single" baseType="float" normalMaximum="1" normalMinimum="0" />
<outcomeDeclaration identifier="FEEDBACK" cardinality="single" baseType="identifier" />
<itemBody>
<p>Decide whether the following statements are true or false.</p>
<p>I. The probability of making a type I error depends on the level of
significance.</p>
<ol start="2" style="list-style-type: upper-roman">
<li>We make a type II error if we make the mistake that we do <em>not</em>
reject the H0, while H0 is in fact false.</li>
</ol>
<choiceInteraction responseIdentifier="RESPONSE" shuffle="false" maxChoices="1">
<simpleChoice identifier="alt_354150">
<div class="textblock tvblock tvcss_1"><div class="rte_zone tveditor1">
a. Statements I and II are true.
</div>
</div>
</simpleChoice>
<simpleChoice identifier="alt_244932">
<div class="textblock tvblock tvcss_1"><div class="rte_zone tveditor1">
b. Statements I and II are false.
</div>
</div>
</simpleChoice>
<simpleChoice identifier="alt_251117">
<div class="textblock tvblock tvcss_1"><div class="rte_zone tveditor1">
c. Statement I is true and statement II is false.
</div>
</div>
</simpleChoice>
<simpleChoice identifier="alt_130153">
<div class="textblock tvblock tvcss_1"><div class="rte_zone tveditor1">
d. Statement I is not true and statement II is true.
</div>
</div>
</simpleChoice>
</choiceInteraction>
</itemBody>
<responseProcessing>
<responseCondition>
<responseIf>
<isNull>
<variable identifier="RESPONSE"/>
</isNull>
<setOutcomeValue identifier="SCORE">
<baseValue baseType="float">0.0</baseValue>
</setOutcomeValue>
<setOutcomeValue identifier="FEEDBACK">
<baseValue baseType="identifier">FAILURE</baseValue>
</setOutcomeValue>
</responseIf>
<responseElse>
<setOutcomeValue identifier="SCORE">
<mapResponse identifier="RESPONSE"/>
</setOutcomeValue>
<responseCondition>
<responseIf>
<equal toleranceMode="relative" tolerance="0.001">
<variable identifier="SCORE"/>
<variable identifier="MAXSCORE"/>
</equal>
<setOutcomeValue identifier="FEEDBACK">
<baseValue baseType="identifier">ANSWER_CORRECT</baseValue>
</setOutcomeValue>
</responseIf>
<responseElse>
<setOutcomeValue identifier="FEEDBACK">
<baseValue baseType="identifier">FAILURE</baseValue>
</setOutcomeValue>
</responseElse>
</responseCondition>
</responseElse>
</responseCondition>
</responseProcessing>
<modalFeedback identifier="FAILURE" outcomeIdentifier="FEEDBACK" showHide="show">
<div class="textblock tvblock tvcss_1"><div class="rte_zone tveditor1">
<p>They are both true.</p>
<ol style="list-style-type: upper-roman">
<li>Wrongly rejecting the null hypothesis, or stating that there is a
statistically significant difference in the data when in fact there is
not (false positive), is called type I error or alpha error. The
probability of type I error depends on the level of significance
assigned by the investigator and the existence or nonexistence of a
difference between the two experimental conditions.</li>
</ol>
<p>A level of significance of 5%, or 1 in 20, is arbitrary set. 5% chance
of making a type I error. If p is probability and p &lt;0.05, there is
5% chance that an observed difference occurred because of chance.</p>
<ol start="2" style="list-style-type: upper-roman">
<li>A type II error is failing to reject a false null hypothesis (also
known as a “false negative” finding)</li>
</ol>
<p>EXTRA: Why not always set a very small alpha value? The consequence of
setting a p-value of .01 versus .05 is that there is an increased risk
of making a type II or beta error. This is a failure to reject the null
hypothesis when it is in fact false. The smaller the p-value, the more
likely one is to make a type II error. The power of a test is 1-beta.
The probability of making a type II error depends on 4 factors. 1) size
of alpha (as discussed) 2) variability within a population (more
variability results in greater likelihood of type II error) 3) sample
size (more subjects results in less chance of type II error) and 4) the
magnitude of difference between the experimental conditions (smaller
differences result in higher likelihood of type II error).</p>
<p>If you would like to know more about type I and type II errors watch
this
 <a href="https://www.youtube.com/watch?v=ddEgwAwwB7A&amp;index=6&amp;list=PLyLpEs0x9BnkUdochj7JEC-2javLshojj">clip</a></p>
<p>Levels of Difficulty<br />
Easy</p>
<p>M&amp;T Hypothesis testing: means<br />
Default value</p>
<p>M&amp;T Hypothesis testing: proportions<br />
Default value</p>
<br />
<ol>
<li> Statements I and II are true. <br /> True </li>
<li> Statements I and II are false. <br /> False </li>
<li> Statement I is true and statement II is false. <br /> False </li>
<li> Statement I is not true and statement II is true. <br /> False </li>
</ol>
</div>
</div>
</modalFeedback>
<modalFeedback identifier="ANSWER_CORRECT" outcomeIdentifier="FEEDBACK" showHide="show">
<div class="textblock tvblock tvcss_1"><div class="rte_zone tveditor1">
<p>They are both true.</p>
<ol style="list-style-type: upper-roman">
<li>Wrongly rejecting the null hypothesis, or stating that there is a
statistically significant difference in the data when in fact there is
not (false positive), is called type I error or alpha error. The
probability of type I error depends on the level of significance
assigned by the investigator and the existence or nonexistence of a
difference between the two experimental conditions.</li>
</ol>
<p>A level of significance of 5%, or 1 in 20, is arbitrary set. 5% chance
of making a type I error. If p is probability and p &lt;0.05, there is
5% chance that an observed difference occurred because of chance.</p>
<ol start="2" style="list-style-type: upper-roman">
<li>A type II error is failing to reject a false null hypothesis (also
known as a “false negative” finding)</li>
</ol>
<p>EXTRA: Why not always set a very small alpha value? The consequence of
setting a p-value of .01 versus .05 is that there is an increased risk
of making a type II or beta error. This is a failure to reject the null
hypothesis when it is in fact false. The smaller the p-value, the more
likely one is to make a type II error. The power of a test is 1-beta.
The probability of making a type II error depends on 4 factors. 1) size
of alpha (as discussed) 2) variability within a population (more
variability results in greater likelihood of type II error) 3) sample
size (more subjects results in less chance of type II error) and 4) the
magnitude of difference between the experimental conditions (smaller
differences result in higher likelihood of type II error).</p>
<p>If you would like to know more about type I and type II errors watch
this
 <a href="https://www.youtube.com/watch?v=ddEgwAwwB7A&amp;index=6&amp;list=PLyLpEs0x9BnkUdochj7JEC-2javLshojj">clip</a></p>
<p>Levels of Difficulty<br />
Easy</p>
<p>M&amp;T Hypothesis testing: means<br />
Default value</p>
<p>M&amp;T Hypothesis testing: proportions<br />
Default value</p>
<br />
<ol>
<li> Statements I and II are true. <br /> True </li>
<li> Statements I and II are false. <br /> False </li>
<li> Statement I is true and statement II is false. <br /> False </li>
<li> Statement I is not true and statement II is true. <br /> False </li>
</ol>
</div>
</div>
</modalFeedback>
<modalFeedback identifier="PARTIAL_CORRECT" outcomeIdentifier="FEEDBACK" showHide="show">
<div class="textblock tvblock tvcss_1"><div class="rte_zone tveditor1">
<p>They are both true.</p>
<ol style="list-style-type: upper-roman">
<li>Wrongly rejecting the null hypothesis, or stating that there is a
statistically significant difference in the data when in fact there is
not (false positive), is called type I error or alpha error. The
probability of type I error depends on the level of significance
assigned by the investigator and the existence or nonexistence of a
difference between the two experimental conditions.</li>
</ol>
<p>A level of significance of 5%, or 1 in 20, is arbitrary set. 5% chance
of making a type I error. If p is probability and p &lt;0.05, there is
5% chance that an observed difference occurred because of chance.</p>
<ol start="2" style="list-style-type: upper-roman">
<li>A type II error is failing to reject a false null hypothesis (also
known as a “false negative” finding)</li>
</ol>
<p>EXTRA: Why not always set a very small alpha value? The consequence of
setting a p-value of .01 versus .05 is that there is an increased risk
of making a type II or beta error. This is a failure to reject the null
hypothesis when it is in fact false. The smaller the p-value, the more
likely one is to make a type II error. The power of a test is 1-beta.
The probability of making a type II error depends on 4 factors. 1) size
of alpha (as discussed) 2) variability within a population (more
variability results in greater likelihood of type II error) 3) sample
size (more subjects results in less chance of type II error) and 4) the
magnitude of difference between the experimental conditions (smaller
differences result in higher likelihood of type II error).</p>
<p>If you would like to know more about type I and type II errors watch
this
 <a href="https://www.youtube.com/watch?v=ddEgwAwwB7A&amp;index=6&amp;list=PLyLpEs0x9BnkUdochj7JEC-2javLshojj">clip</a></p>
<p>Levels of Difficulty<br />
Easy</p>
<p>M&amp;T Hypothesis testing: means<br />
Default value</p>
<p>M&amp;T Hypothesis testing: proportions<br />
Default value</p>
<br />
<ol>
<li> Statements I and II are true. <br /> True </li>
<li> Statements I and II are false. <br /> False </li>
<li> Statement I is true and statement II is false. <br /> False </li>
<li> Statement I is not true and statement II is true. <br /> False </li>
</ol>
</div>
</div>
</modalFeedback>
</assessmentItem>
