<?xml version="1.0" encoding="UTF-8"?>
<assessmentItem xsi:schemaLocation="http://www.imsglobal.org/xsd/imsqti_v2p1 http://www.imsglobal.org/xsd/qti/qtiv2p1/imsqti_v2p1p1.xsd http://www.w3.org/1998/Math/MathML http://www.w3.org/Math/XMLSchema/mathml2/mathml2.xsd" identifier="vufgb-simplelinearregression-005-en-ans_166663284_section_1_item_1_schoice" title="Inferential_Statistics_vufgb-simplelinearregression-005-en_vufgb-simplelinearregression-005-en_schoice_1" adaptive="false" timeDependent="false" xmlns="http://www.imsglobal.org/xsd/imsqti_v2p1" xmlns:xsi="http://www.w3.org/2001/XMLSchema-instance">
<responseDeclaration identifier="vufgb-simplelinearregression-005-en-ans_166663284_section_1_item_1_schoice_RESPONSE_1_9403984" cardinality="single" baseType="identifier">
<correctResponse>
<value>vufgb-simplelinearregression-005-en-ans_166663284_section_1_item_1_schoice_4_4922571456</value>
</correctResponse>
<mapping defaultValue="0" lowerBound="0.0">
<mapEntry mapKey="vufgb-simplelinearregression-005-en-ans_166663284_section_1_item_1_schoice_1_1508775150" mappedValue="0"/>
<mapEntry mapKey="vufgb-simplelinearregression-005-en-ans_166663284_section_1_item_1_schoice_2_7440051032" mappedValue="0"/>
<mapEntry mapKey="vufgb-simplelinearregression-005-en-ans_166663284_section_1_item_1_schoice_3_3897757456" mappedValue="0"/>
<mapEntry mapKey="vufgb-simplelinearregression-005-en-ans_166663284_section_1_item_1_schoice_4_4922571456" mappedValue="1"/>
</mapping>
</responseDeclaration>
<outcomeDeclaration identifier="SCORE" cardinality="single" baseType="float" normalMaximum="1" normalMinimum="0">
<defaultValue>
<value>0.0</value>
</defaultValue>
</outcomeDeclaration>
<outcomeDeclaration identifier="MAXSCORE" cardinality="single" baseType="float">
<defaultValue>
<value>1</value>
</defaultValue>
</outcomeDeclaration>
<outcomeDeclaration identifier="FEEDBACKBASIC" cardinality="single" baseType="identifier" view="testConstructor">
<defaultValue>
<value>empty</value>
</defaultValue>
</outcomeDeclaration>
<outcomeDeclaration identifier="FEEDBACKMODAL" cardinality="multiple" baseType="identifier" view="testConstructor"/>
<outcomeDeclaration identifier="SOLUTIONMODAL" cardinality="single" baseType="identifier" view="testConstructor"/>
<outcomeDeclaration identifier="MINSCORE" cardinality="single" baseType="float">
<defaultValue>
<value baseType="float">0</value>
</defaultValue>
</outcomeDeclaration>
<outcomeDeclaration identifier="SCORE_RESPONSE_1" cardinality="single" baseType="float">
<defaultValue>
<value>0.0</value>
</defaultValue>
</outcomeDeclaration>
<outcomeDeclaration identifier="MINSCORE_RESPONSE_1" cardinality="single" baseType="float">
<defaultValue>
<value>0.0</value>
</defaultValue>
</outcomeDeclaration>
<itemBody>
<p>The linear relationship betweand two quantitative variables is examined through a single linear regression analysis in a sample of 30 people. The researcher wants to maintain an alpha level of 0.01.</p>
<p>Which critical <em>t</em> value belongs to a two-sided test for the linear relationship?</p>
<choiceInteraction responseIdentifier="vufgb-simplelinearregression-005-en-ans_166663284_section_1_item_1_schoice_RESPONSE_1_9403984" shuffle="false" maxChoices="1">
<simpleChoice identifier="vufgb-simplelinearregression-005-en-ans_166663284_section_1_item_1_schoice_1_1508775150">
<p>
 2.457
</p>
</simpleChoice>
<simpleChoice identifier="vufgb-simplelinearregression-005-en-ans_166663284_section_1_item_1_schoice_2_7440051032">
<p>
 2.467
</p>
</simpleChoice>
<simpleChoice identifier="vufgb-simplelinearregression-005-en-ans_166663284_section_1_item_1_schoice_3_3897757456">
<p>
 2.750
</p>
</simpleChoice>
<simpleChoice identifier="vufgb-simplelinearregression-005-en-ans_166663284_section_1_item_1_schoice_4_4922571456">
<p>
 2.763
</p>
</simpleChoice>
</choiceInteraction>
</itemBody>
<responseProcessing>
<setOutcomeValue identifier="SCORE_RESPONSE_1">
<sum>
<variable identifier="SCORE_RESPONSE_1"/>
<mapResponse identifier="vufgb-simplelinearregression-005-en-ans_166663284_section_1_item_1_schoice_RESPONSE_1_9403984"/>
</sum>
</setOutcomeValue>
<responseCondition>
<responseIf>
<lt>
<variable identifier="SCORE_RESPONSE_1"/>
<variable identifier="MINSCORE_RESPONSE_1"/>
</lt>
<setOutcomeValue identifier="SCORE_RESPONSE_1">
<variable identifier="MINSCORE_RESPONSE_1"/>
</setOutcomeValue>
</responseIf>
</responseCondition>
<responseCondition>
<responseIf>
<isNull>
<variable identifier="vufgb-simplelinearregression-005-en-ans_166663284_section_1_item_1_schoice_RESPONSE_1_9403984"/>
</isNull>
<setOutcomeValue identifier="SCORE_RESPONSE_1">
<sum>
<variable identifier="SCORE_RESPONSE_1"/>
<baseValue baseType="float">0</baseValue>
</sum>
</setOutcomeValue>
</responseIf>
</responseCondition>
<setOutcomeValue identifier="SCORE">
<sum>
<variable identifier="SCORE_RESPONSE_1"/>
</sum>
</setOutcomeValue>
<responseCondition>
<responseIf>
<lt>
<variable identifier="SCORE"/>
<variable identifier="MINSCORE"/>
</lt>
<setOutcomeValue identifier="SCORE">
<variable identifier="MINSCORE"/>
</setOutcomeValue>
</responseIf>
</responseCondition>
<responseCondition>
<responseIf>
<lt>
<variable identifier="SCORE"/>
<baseValue baseType="float">1</baseValue>
</lt>
<setOutcomeValue identifier="FEEDBACKMODAL">
<multiple>
<variable identifier="FEEDBACKMODAL"/>
<baseValue baseType="identifier">Feedback563782757</baseValue>
</multiple>
</setOutcomeValue>
</responseIf>
</responseCondition>
</responseProcessing>
<modalFeedback outcomeIdentifier="FEEDBACK" showHide="show" identifier="incorrect">
<p>In the single regression model, two parameters are estimated: intercept and regression coefficiandt. For this reason, <span class="math inline">\(df = n-2\)</span>. In this case <span class="math inline">\(df = 30-2 = 28\)</span>. For a two-sided test with an alpha level of 0.01, a right-hand crossing probability of <span class="math inline">\(0.01 \div 2 = 0.005\)</span>. So you look up in the <em>t</em> table that value belonging to <span class="math inline">\(df = 28\)</span> and <span class="math inline">\(t._{005}\)</span>, and dat is 2.763.</p>
<br />
<ul>
<li> 2.457 <br /> Incorrect </li>
<li> 2.467 <br /> Incorrect </li>
<li> 2.750 <br /> Incorrect </li>
<li> 2.763 <br /> Correct </li>
</ul>
</modalFeedback>
</assessmentItem>
