<?xml version="1.0" encoding="utf-8" standalone="yes"?>
<assessmentItem identifier="vufgb-discretevariable-005-nl-tv_202307180613_item_1_schoice" title="vufgb-discretevariable-005-nl-tv_202307180613_item_1_schoice_vufgb-discretevariable-005-nl" adaptive="false" timeDependent="false" toolName="Testvision Online" toolVersion="39.0.9084" xmlns="http://www.imsglobal.org/xsd/imsqti_v2p1">
<responseDeclaration identifier="RESPONSE" cardinality="single" baseType="identifier">
<correctResponse>
<value>alt_549976</value>
</correctResponse>
<mapping defaultValue="0" lowerBound="0.0">
<mapEntry mapKey="alt_821036" mappedValue="-0.333333333333333"/>
<mapEntry mapKey="alt_929010" mappedValue="-0.333333333333333"/>
<mapEntry mapKey="alt_458788" mappedValue="-0.333333333333333"/>
<mapEntry mapKey="alt_549976" mappedValue="1"/>
</mapping>
</responseDeclaration>
<outcomeDeclaration identifier="SCORE" cardinality="single" baseType="float" normalMaximum="1" normalMinimum="0" />
<outcomeDeclaration identifier="FEEDBACK" cardinality="single" baseType="identifier" />
<itemBody>
<p>Voor een onderzoek naar politieke voorkeur en geslacht wordt aan iedere persoon in de steekproef gevraagd op welke politieke partij hij/zij heeft gestemd bij de laatste Tweede Kamer-verkiezingen in 2013. Voor deze variabele gelden de volgende eigenschappen:</p>
<choiceInteraction responseIdentifier="RESPONSE" shuffle="false" maxChoices="1">
<simpleChoice identifier="alt_821036">
<div class="textblock tvblock tvcss_1"><div class="rte_zone tveditor1">
 Numeriek, ordinaal en continu.
</div>
</div>
</simpleChoice>
<simpleChoice identifier="alt_929010">
<div class="textblock tvblock tvcss_1"><div class="rte_zone tveditor1">
 Categorisch, ordinaal en discreet.
</div>
</div>
</simpleChoice>
<simpleChoice identifier="alt_458788">
<div class="textblock tvblock tvcss_1"><div class="rte_zone tveditor1">
 Numeriek, nominaal en continu.
</div>
</div>
</simpleChoice>
<simpleChoice identifier="alt_549976">
<div class="textblock tvblock tvcss_1"><div class="rte_zone tveditor1">
 Categorisch, nominaal en discreet.
</div>
</div>
</simpleChoice>
</choiceInteraction>
</itemBody>
<responseProcessing>
<responseCondition>
<responseIf>
<isNull>
<variable identifier="RESPONSE"/>
</isNull>
<setOutcomeValue identifier="SCORE">
<baseValue baseType="float">0.0</baseValue>
</setOutcomeValue>
<setOutcomeValue identifier="FEEDBACK">
<baseValue baseType="identifier">FAILURE</baseValue>
</setOutcomeValue>
</responseIf>
<responseElse>
<setOutcomeValue identifier="SCORE">
<mapResponse identifier="RESPONSE"/>
</setOutcomeValue>
<responseCondition>
<responseIf>
<equal toleranceMode="relative" tolerance="0.001">
<variable identifier="SCORE"/>
<variable identifier="MAXSCORE"/>
</equal>
<setOutcomeValue identifier="FEEDBACK">
<baseValue baseType="identifier">ANSWER_CORRECT</baseValue>
</setOutcomeValue>
</responseIf>
<responseElse>
<setOutcomeValue identifier="FEEDBACK">
<baseValue baseType="identifier">FAILURE</baseValue>
</setOutcomeValue>
</responseElse>
</responseCondition>
</responseElse>
</responseCondition>
</responseProcessing>
<modalFeedback identifier="FAILURE" outcomeIdentifier="FEEDBACK" showHide="show">
<div class="textblock tvblock tvcss_1"><div class="rte_zone tveditor1">
 Numeriek, ordinaal en continu. <br /> Incorrect 
 Categorisch, ordinaal en discreet. <br /> Incorrect 
 Numeriek, nominaal en continu. <br /> Incorrect 
 Categorisch, nominaal en discreet. <br /> Correct 
</div>
</div>
</modalFeedback>
<modalFeedback identifier="ANSWER_CORRECT" outcomeIdentifier="FEEDBACK" showHide="show">
<div class="textblock tvblock tvcss_1"><div class="rte_zone tveditor1">
 Numeriek, ordinaal en continu. <br /> Incorrect 
 Categorisch, ordinaal en discreet. <br /> Incorrect 
 Numeriek, nominaal en continu. <br /> Incorrect 
 Categorisch, nominaal en discreet. <br /> Correct 
</div>
</div>
</modalFeedback>
<modalFeedback identifier="PARTIAL_CORRECT" outcomeIdentifier="FEEDBACK" showHide="show">
<div class="textblock tvblock tvcss_1"><div class="rte_zone tveditor1">
 Numeriek, ordinaal en continu. <br /> Incorrect 
 Categorisch, ordinaal en discreet. <br /> Incorrect 
 Numeriek, nominaal en continu. <br /> Incorrect 
 Categorisch, nominaal en discreet. <br /> Correct 
</div>
</div>
</modalFeedback>
</assessmentItem>
