<?xml version="1.0" encoding="UTF-8"?>
<assessmentItem xsi:schemaLocation="http://www.imsglobal.org/xsd/imsqti_v2p1 http://www.imsglobal.org/xsd/qti/qtiv2p1/imsqti_v2p1p1.xsd http://www.w3.org/1998/Math/MathML http://www.w3.org/Math/XMLSchema/mathml2/mathml2.xsd" identifier="uu-Effect-size-802-nl-ans_599938406_section_1_item_1_schoice" title="Inferential_Statistics_uu-Effect-size-802-nl_uu-Effect-size-802-nl_schoice_1" adaptive="false" timeDependent="false" xmlns="http://www.imsglobal.org/xsd/imsqti_v2p1" xmlns:xsi="http://www.w3.org/2001/XMLSchema-instance">
<responseDeclaration identifier="uu-Effect-size-802-nl-ans_599938406_section_1_item_1_schoice_RESPONSE_1_1629876" cardinality="single" baseType="identifier">
<correctResponse>
<value>uu-Effect-size-802-nl-ans_599938406_section_1_item_1_schoice_3_4111014853</value>
</correctResponse>
<mapping defaultValue="0" lowerBound="0.0">
<mapEntry mapKey="uu-Effect-size-802-nl-ans_599938406_section_1_item_1_schoice_1_3419700478" mappedValue="0"/>
<mapEntry mapKey="uu-Effect-size-802-nl-ans_599938406_section_1_item_1_schoice_2_1554742242" mappedValue="0"/>
<mapEntry mapKey="uu-Effect-size-802-nl-ans_599938406_section_1_item_1_schoice_3_4111014853" mappedValue="1"/>
<mapEntry mapKey="uu-Effect-size-802-nl-ans_599938406_section_1_item_1_schoice_4_2393730400" mappedValue="0"/>
</mapping>
</responseDeclaration>
<outcomeDeclaration identifier="SCORE" cardinality="single" baseType="float" normalMaximum="1" normalMinimum="0">
<defaultValue>
<value>0.0</value>
</defaultValue>
</outcomeDeclaration>
<outcomeDeclaration identifier="MAXSCORE" cardinality="single" baseType="float">
<defaultValue>
<value>1</value>
</defaultValue>
</outcomeDeclaration>
<outcomeDeclaration identifier="FEEDBACKBASIC" cardinality="single" baseType="identifier" view="testConstructor">
<defaultValue>
<value>empty</value>
</defaultValue>
</outcomeDeclaration>
<outcomeDeclaration identifier="FEEDBACKMODAL" cardinality="multiple" baseType="identifier" view="testConstructor"/>
<outcomeDeclaration identifier="SOLUTIONMODAL" cardinality="single" baseType="identifier" view="testConstructor"/>
<outcomeDeclaration identifier="MINSCORE" cardinality="single" baseType="float">
<defaultValue>
<value baseType="float">0</value>
</defaultValue>
</outcomeDeclaration>
<outcomeDeclaration identifier="SCORE_RESPONSE_1" cardinality="single" baseType="float">
<defaultValue>
<value>0.0</value>
</defaultValue>
</outcomeDeclaration>
<outcomeDeclaration identifier="MINSCORE_RESPONSE_1" cardinality="single" baseType="float">
<defaultValue>
<value>0.0</value>
</defaultValue>
</outcomeDeclaration>
<itemBody>
<p>Welke uitspraak over de effectgrootte is niet juist?</p>
<choiceInteraction responseIdentifier="uu-Effect-size-802-nl-ans_599938406_section_1_item_1_schoice_RESPONSE_1_1629876" shuffle="false" maxChoices="1">
<simpleChoice identifier="uu-Effect-size-802-nl-ans_599938406_section_1_item_1_schoice_1_3419700478">
<p>
 Bij een <span class="math inline">\(\chi^2\)</span>-toets wordt Cramèr’s V gebruikt als maat voor de effectgrootte.
</p>
</simpleChoice>
<simpleChoice identifier="uu-Effect-size-802-nl-ans_599938406_section_1_item_1_schoice_2_1554742242">
<p>
 <span class="math inline">\(\eta^2\)</span> geeft het percentage verklaarde variantie weer bij variantie-analyse.
</p>
</simpleChoice>
<simpleChoice identifier="uu-Effect-size-802-nl-ans_599938406_section_1_item_1_schoice_3_4111014853">
<p>
 Cohen’s <span class="math inline">\(d\)</span> van 0.1 is een groot effect.
</p>
</simpleChoice>
<simpleChoice identifier="uu-Effect-size-802-nl-ans_599938406_section_1_item_1_schoice_4_2393730400">
<p>
 <span class="math inline">\(r^2\)</span> kan nooit groter worden dan 1.
</p>
</simpleChoice>
</choiceInteraction>
</itemBody>
<responseProcessing>
<setOutcomeValue identifier="SCORE_RESPONSE_1">
<sum>
<variable identifier="SCORE_RESPONSE_1"/>
<mapResponse identifier="uu-Effect-size-802-nl-ans_599938406_section_1_item_1_schoice_RESPONSE_1_1629876"/>
</sum>
</setOutcomeValue>
<responseCondition>
<responseIf>
<lt>
<variable identifier="SCORE_RESPONSE_1"/>
<variable identifier="MINSCORE_RESPONSE_1"/>
</lt>
<setOutcomeValue identifier="SCORE_RESPONSE_1">
<variable identifier="MINSCORE_RESPONSE_1"/>
</setOutcomeValue>
</responseIf>
</responseCondition>
<responseCondition>
<responseIf>
<isNull>
<variable identifier="uu-Effect-size-802-nl-ans_599938406_section_1_item_1_schoice_RESPONSE_1_1629876"/>
</isNull>
<setOutcomeValue identifier="SCORE_RESPONSE_1">
<sum>
<variable identifier="SCORE_RESPONSE_1"/>
<baseValue baseType="float">0</baseValue>
</sum>
</setOutcomeValue>
</responseIf>
</responseCondition>
<setOutcomeValue identifier="SCORE">
<sum>
<variable identifier="SCORE_RESPONSE_1"/>
</sum>
</setOutcomeValue>
<responseCondition>
<responseIf>
<lt>
<variable identifier="SCORE"/>
<variable identifier="MINSCORE"/>
</lt>
<setOutcomeValue identifier="SCORE">
<variable identifier="MINSCORE"/>
</setOutcomeValue>
</responseIf>
</responseCondition>
<responseCondition>
<responseIf>
<lt>
<variable identifier="SCORE"/>
<baseValue baseType="float">1</baseValue>
</lt>
<setOutcomeValue identifier="FEEDBACKMODAL">
<multiple>
<variable identifier="FEEDBACKMODAL"/>
<baseValue baseType="identifier">Feedback311966646</baseValue>
</multiple>
</setOutcomeValue>
</responseIf>
</responseCondition>
</responseProcessing>
<modalFeedback outcomeIdentifier="FEEDBACK" showHide="show" identifier="incorrect">
</modalFeedback>
</assessmentItem>
