<?xml version="1.0" encoding="UTF-8"?>
<assessmentItem xsi:schemaLocation="http://www.imsglobal.org/xsd/imsqti_v2p1 http://www.imsglobal.org/xsd/qti/qtiv2p1/imsqti_v2p1p1.xsd http://www.w3.org/1998/Math/MathML http://www.w3.org/Math/XMLSchema/mathml2/mathml2.xsd" identifier="vufgb-coefficientttest-001-nl-qti_163382873_section_1_item_1_schoice" title="1" adaptive="false" timeDependent="false" xmlns="http://www.imsglobal.org/xsd/imsqti_v2p1" xmlns:xsi="http://www.w3.org/2001/XMLSchema-instance">
<responseDeclaration identifier="vufgb-coefficientttest-001-nl-qti_163382873_section_1_item_1_schoice_RESPONSE_1_5112326" cardinality="single" baseType="identifier">
<correctResponse>
<value>vufgb-coefficientttest-001-nl-qti_163382873_section_1_item_1_schoice_1_5146667064</value>
</correctResponse>
<mapping defaultValue="0" lowerBound="0.0">
<mapEntry mapKey="vufgb-coefficientttest-001-nl-qti_163382873_section_1_item_1_schoice_1_5146667064" mappedValue="1"/>
<mapEntry mapKey="vufgb-coefficientttest-001-nl-qti_163382873_section_1_item_1_schoice_2_9969496952" mappedValue="0"/>
<mapEntry mapKey="vufgb-coefficientttest-001-nl-qti_163382873_section_1_item_1_schoice_3_7814188159" mappedValue="0"/>
<mapEntry mapKey="vufgb-coefficientttest-001-nl-qti_163382873_section_1_item_1_schoice_4_9262111615" mappedValue="0"/>
</mapping>
</responseDeclaration>
<outcomeDeclaration identifier="SCORE" cardinality="single" baseType="float" normalMaximum="1" normalMinimum="0">
<defaultValue>
<value>0.0</value>
</defaultValue>
</outcomeDeclaration>
<outcomeDeclaration identifier="MAXSCORE" cardinality="single" baseType="float">
<defaultValue>
<value>1</value>
</defaultValue>
</outcomeDeclaration>
<outcomeDeclaration identifier="FEEDBACKBASIC" cardinality="single" baseType="identifier" view="testConstructor">
<defaultValue>
<value>empty</value>
</defaultValue>
</outcomeDeclaration>
<outcomeDeclaration identifier="FEEDBACKMODAL" cardinality="multiple" baseType="identifier" view="testConstructor"/>
<outcomeDeclaration identifier="MINSCORE" cardinality="single" baseType="float">
<defaultValue>
<value baseType="float">0</value>
</defaultValue>
</outcomeDeclaration>
<outcomeDeclaration identifier="SCORE_RESPONSE_1" cardinality="single" baseType="float">
<defaultValue>
<value>0.0</value>
</defaultValue>
</outcomeDeclaration>
<outcomeDeclaration identifier="MINSCORE_RESPONSE_1" cardinality="single" baseType="float">
<defaultValue>
<value>0.0</value>
</defaultValue>
</outcomeDeclaration>
<itemBody>
<p>We bespreken een lineaire regressieanalyse met twee predictoren. Het aantal proefpersonen is 12. Bereken het aantal vrijheidsgraden en bepaal de kritieke <em>t</em>-waarde die nodig zijn voor het opstellen van een 95% betrouwbaarheidsinterval voor een regressiecoëfficiënt in dit model.</p>
<choiceInteraction responseIdentifier="vufgb-coefficientttest-001-nl-qti_163382873_section_1_item_1_schoice_RESPONSE_1_5112326" shuffle="false" maxChoices="1">
<simpleChoice identifier="vufgb-coefficientttest-001-nl-qti_163382873_section_1_item_1_schoice_1_5146667064">
<p>
 <em>df</em> = 9; <em>t</em> = 2.262.
</p>
</simpleChoice>
<simpleChoice identifier="vufgb-coefficientttest-001-nl-qti_163382873_section_1_item_1_schoice_2_9969496952">
<p>
 <em>df</em> = 9; <em>t</em> = 1.833.
</p>
</simpleChoice>
<simpleChoice identifier="vufgb-coefficientttest-001-nl-qti_163382873_section_1_item_1_schoice_3_7814188159">
<p>
 <em>df</em> = 10; <em>t</em> = 2.228.
</p>
</simpleChoice>
<simpleChoice identifier="vufgb-coefficientttest-001-nl-qti_163382873_section_1_item_1_schoice_4_9262111615">
<p>
 <em>df</em> = 10; <em>t</em> = 1.812.
</p>
</simpleChoice>
</choiceInteraction>
</itemBody>
<responseProcessing>
<responseCondition>
<responseIf>
<isNull>
<variable identifier="vufgb-coefficientttest-001-nl-qti_163382873_section_1_item_1_schoice_RESPONSE_1_5112326"/>
</isNull>
<setOutcomeValue identifier="SCORE_RESPONSE_1">
<sum>
<variable identifier="SCORE_RESPONSE_1"/>
<baseValue baseType="float">0</baseValue>
</sum>
</setOutcomeValue>
</responseIf>
</responseCondition>
<setOutcomeValue identifier="SCORE_RESPONSE_1">
<sum>
<variable identifier="SCORE_RESPONSE_1"/>
<mapResponse identifier="vufgb-coefficientttest-001-nl-qti_163382873_section_1_item_1_schoice_RESPONSE_1_5112326"/>
</sum>
</setOutcomeValue>
<responseCondition>
<responseIf>
<lt>
<variable identifier="SCORE_RESPONSE_1"/>
<variable identifier="MINSCORE_RESPONSE_1"/>
</lt>
<setOutcomeValue identifier="SCORE_RESPONSE_1">
<variable identifier="MINSCORE_RESPONSE_1"/>
</setOutcomeValue>
</responseIf>
</responseCondition>
<setOutcomeValue identifier="SCORE">
<sum>
<variable identifier="SCORE_RESPONSE_1"/>
</sum>
</setOutcomeValue>
<responseCondition>
<responseIf>
<lt>
<variable identifier="SCORE"/>
<variable identifier="MINSCORE"/>
</lt>
<setOutcomeValue identifier="SCORE">
<variable identifier="MINSCORE"/>
</setOutcomeValue>
</responseIf>
</responseCondition>
<responseCondition>
<responseIf>
<lt>
<variable identifier="SCORE"/>
<baseValue baseType="float">1</baseValue>
</lt>
<setOutcomeValue identifier="FEEDBACKMODAL">
<multiple>
<variable identifier="FEEDBACKMODAL"/>
<baseValue baseType="identifier">Feedback302179786</baseValue>
</multiple>
</setOutcomeValue>
</responseIf>
</responseCondition>
</responseProcessing>
<modalFeedback identifier="Feedback302179786" outcomeIdentifier="FEEDBACKMODAL" showHide="show">
</modalFeedback>
</assessmentItem>
