<?xml version="1.0" encoding="UTF-8"?>
<assessmentItem xsi:schemaLocation="http://www.imsglobal.org/xsd/imsqti_v2p1 http://www.imsglobal.org/xsd/qti/qtiv2p1/imsqti_v2p1p1.xsd http://www.w3.org/1998/Math/MathML http://www.w3.org/Math/XMLSchema/mathml2/mathml2.xsd" identifier="vufsw-multiplelinearregression-0328-nl-qti_109172115_section_1_item_1_num" title="1" adaptive="false" timeDependent="false" xmlns="http://www.imsglobal.org/xsd/imsqti_v2p1" xmlns:xsi="http://www.w3.org/2001/XMLSchema-instance">
<responseDeclaration identifier="vufsw-multiplelinearregression-0328-nl-qti_109172115_section_1_item_1_num_RESPONSE_1_1976114" cardinality="single" baseType="float">
<correctResponse>
<value>2.65</value>
</correctResponse>
</responseDeclaration>
<outcomeDeclaration identifier="SCORE" cardinality="single" baseType="float" normalMaximum="1" normalMinimum="0">
<defaultValue>
<value>0.0</value>
</defaultValue>
</outcomeDeclaration>
<outcomeDeclaration identifier="MAXSCORE" cardinality="single" baseType="float">
<defaultValue>
<value>1</value>
</defaultValue>
</outcomeDeclaration>
<outcomeDeclaration identifier="FEEDBACKBASIC" cardinality="single" baseType="identifier" view="testConstructor">
<defaultValue>
<value>empty</value>
</defaultValue>
</outcomeDeclaration>
<outcomeDeclaration identifier="FEEDBACKMODAL" cardinality="multiple" baseType="identifier" view="testConstructor"/>
<outcomeDeclaration identifier="MINSCORE" cardinality="single" baseType="float">
<defaultValue>
<value baseType="float">0</value>
</defaultValue>
</outcomeDeclaration>
<outcomeDeclaration identifier="SCORE_RESPONSE_1" cardinality="single" baseType="float">
<defaultValue>
<value>0.0</value>
</defaultValue>
</outcomeDeclaration>
<outcomeDeclaration identifier="MINSCORE_RESPONSE_1" cardinality="single" baseType="float">
<defaultValue>
<value>0.0</value>
</defaultValue>
</outcomeDeclaration>
<itemBody>
<p>Bekijk onderstaande output en bereken de kans op stemmen
(“<strong>kans_op_stemmen</strong>”: schaal 1-3, waarbij geldt 1 = de kans is
minimaal, tot 3 = de kans is maximaal)  voor iemand zonder spaargeld
(“<strong>spaargeld</strong>”: 0 geen en 1 wel) met een gemiddelde opleiding
(“<strong>opleiding</strong>”: schaal 0-8, waarbij geldt 0 =  geen opleiding, tot 8 =
hoogst mogelijke opleiding) en een gemiddelde sociale klasse
(“<strong>sociale_klasse</strong>”: schaal 1-5, waarbij geldt 1 = laagste sociale
klasse 1, tot 5 = hoogste sociale klasse ).<br />
<em>Rond af op <strong>twee </strong>decimalen.</em></p>
<p><img src="1620137896967.png" class="fr-fic fr-dii enlargeimage"
alt="1620137896967" /></p>
<p><img src="1620138066746.png" class="fr-fic fr-dii enlargeimage tvcss_2"
alt="1620138066746" /></p>
<p>
<textEntryInteraction responseIdentifier="vufsw-multiplelinearregression-0328-nl-qti_109172115_section_1_item_1_num_RESPONSE_1_1976114"/>
</p>
</itemBody>
<responseProcessing>
<responseCondition>
<responseIf>
<isNull>
<variable identifier="vufsw-multiplelinearregression-0328-nl-qti_109172115_section_1_item_1_num_RESPONSE_1_1976114"/>
</isNull>
<setOutcomeValue identifier="SCORE_RESPONSE_1">
<sum>
<variable identifier="SCORE_RESPONSE_1"/>
<baseValue baseType="float">0</baseValue>
</sum>
</setOutcomeValue>
</responseIf>
</responseCondition>
<responseCondition>
<responseIf>
<equal toleranceMode="absolute" tolerance="0.01 0.01" includeLowerBound="true" includeUpperBound="true">
<variable identifier="vufsw-multiplelinearregression-0328-nl-qti_109172115_section_1_item_1_num_RESPONSE_1_1976114"/>
<correct identifier="vufsw-multiplelinearregression-0328-nl-qti_109172115_section_1_item_1_num_RESPONSE_1_1976114"/>
</equal>
<setOutcomeValue identifier="SCORE_RESPONSE_1">
<sum>
<variable identifier="SCORE_RESPONSE_1"/>
<baseValue baseType="float">1</baseValue>
</sum>
</setOutcomeValue>
</responseIf>
</responseCondition>
<responseCondition>
<responseIf>
<and>
<not>
<isNull>
<variable identifier="vufsw-multiplelinearregression-0328-nl-qti_109172115_section_1_item_1_num_RESPONSE_1_1976114"/>
</isNull>
</not>
<lt>
<variable identifier="SCORE_RESPONSE_1"/>
<baseValue baseType="float">1</baseValue>
</lt>
</and>
<setOutcomeValue identifier="SCORE_RESPONSE_1">
<sum>
<variable identifier="SCORE_RESPONSE_1"/>
<baseValue baseType="float">0</baseValue>
</sum>
</setOutcomeValue>
</responseIf>
</responseCondition>
<responseCondition>
<responseIf>
<lt>
<variable identifier="SCORE_RESPONSE_1"/>
<variable identifier="MINSCORE_RESPONSE_1"/>
</lt>
<setOutcomeValue identifier="SCORE_RESPONSE_1">
<variable identifier="MINSCORE_RESPONSE_1"/>
</setOutcomeValue>
</responseIf>
</responseCondition>
<setOutcomeValue identifier="SCORE">
<sum>
<variable identifier="SCORE_RESPONSE_1"/>
</sum>
</setOutcomeValue>
<responseCondition>
<responseIf>
<lt>
<variable identifier="SCORE"/>
<variable identifier="MINSCORE"/>
</lt>
<setOutcomeValue identifier="SCORE">
<variable identifier="MINSCORE"/>
</setOutcomeValue>
</responseIf>
</responseCondition>
<responseCondition>
<responseIf>
<lt>
<variable identifier="SCORE"/>
<baseValue baseType="float">1</baseValue>
</lt>
<setOutcomeValue identifier="FEEDBACKMODAL">
<multiple>
<variable identifier="FEEDBACKMODAL"/>
<baseValue baseType="identifier">Feedback700115558</baseValue>
</multiple>
</setOutcomeValue>
</responseIf>
</responseCondition>
</responseProcessing>
<modalFeedback identifier="Feedback700115558" outcomeIdentifier="FEEDBACKMODAL" showHide="show">
<p>kans op stemmen = 2,793 + 0,038*opleiding - 0,107*sociale klasse +
0,112*spaargeld<br />
kans op stemmen = 2,793 + 0,038*4,14 - 0,107*2,79 + 0,112*0<br />
kans op stemmen = 2,793 + 0,15732 - 0,29853 +0<br />
kans op stemmen= 2,65179=2,65</p>
</modalFeedback>
</assessmentItem>
