<?xml version="1.0" encoding="utf-8" standalone="yes"?>
<assessmentItem identifier="vufsw-moderation-0169-nl-tv_202411271203_item_1_schoice" title="vufsw-moderation-0169-nl-tv_202411271203_item_1_schoice_vufsw-moderation-0169-nl" adaptive="false" timeDependent="false" toolName="Testvision Online" toolVersion="39.0.9084" xmlns="http://www.imsglobal.org/xsd/imsqti_v2p1">
<responseDeclaration identifier="RESPONSE" cardinality="single" baseType="identifier">
<correctResponse>
<value>alt_669544</value>
</correctResponse>
<mapping defaultValue="0" lowerBound="0.0">
<mapEntry mapKey="alt_434656" mappedValue="-0.333333333333333"/>
<mapEntry mapKey="alt_301659" mappedValue="-0.333333333333333"/>
<mapEntry mapKey="alt_373650" mappedValue="-0.333333333333333"/>
<mapEntry mapKey="alt_669544" mappedValue="1"/>
</mapping>
</responseDeclaration>
<outcomeDeclaration identifier="SCORE" cardinality="single" baseType="float" normalMaximum="1" normalMinimum="0" />
<outcomeDeclaration identifier="FEEDBACK" cardinality="single" baseType="identifier" />
<stylesheet href="css/vufsw-moderation-0169-nl-tv_202411271203_item_1_schoice.css" type="text/css" />
<itemBody>
<p>Hieronder zijn de uitkomsten van een regressie-analyse weergegeven van
de invloed van leeftijd (“<strong>AGE</strong>”) op inkomen (“<strong>PINC</strong>”),
uitgesplitst naar opleidingscategorie (zie Figuur 1). De afhankelijke
variabele “<strong>PINC</strong>” is persoonlijk inkomen (netto, in euro’s per
maand).  De onafhankelijke variabele “<strong>AGE</strong>” is iemands leeftijd (in
jaren). “<strong>HIGHEDUC</strong>” is een dummy variabele (hoogopgeleid = 1;
laagopgeleid =0); hoogopgeleid houdt in dat iemand minstens 14 jaar
opleiding heeft gevolgd, laagopgeleid houdt in dat iemand 14 jaar of
minder opleiding heeft gevolgd.<br />
Er lijkt in dit geval sprake te zijn van moderatie/interactie. Hoe kun
je dit uit de figuur afleiden? </p>
<p><img src="mediafiles/supplements1/1553526000257.png" alt="image"/></p>
<choiceInteraction responseIdentifier="RESPONSE" shuffle="false" maxChoices="1">
<simpleChoice identifier="alt_434656">
<div class="textblock tvblock tvcss_1"><div class="rte_zone tveditor1">
 De hoogte van het inkomen is niet constant: het inkomen neemt toe naarmate mensen ouder worden.
</div>
</div>
</simpleChoice>
<simpleChoice identifier="alt_301659">
<div class="textblock tvblock tvcss_1"><div class="rte_zone tveditor1">
 Het verschil in leeftijd tussen hoogopgeleiden en laagopgeleiden is niet constant: dit leeftijdsverschil neemt toe naarmate mensen hoger opgeleid zijn.
</div>
</div>
</simpleChoice>
<simpleChoice identifier="alt_373650">
<div class="textblock tvblock tvcss_1"><div class="rte_zone tveditor1">
 Het aandeel hoogopgeleiden is niet constant: dit aandeel is hoger naarmate mensen meer inkomen verdienen.
</div>
</div>
</simpleChoice>
<simpleChoice identifier="alt_669544">
<div class="textblock tvblock tvcss_1"><div class="rte_zone tveditor1">
 Het verschil in inkomen tussen hoogopgeleiden en laagopgeleiden is niet constant: dit inkomensverschil neemt toe naarmate mensen ouder worden.
</div>
</div>
</simpleChoice>
</choiceInteraction>
</itemBody>
<responseProcessing>
<responseCondition>
<responseIf>
<isNull>
<variable identifier="RESPONSE"/>
</isNull>
<setOutcomeValue identifier="SCORE">
<baseValue baseType="float">0.0</baseValue>
</setOutcomeValue>
<setOutcomeValue identifier="FEEDBACK">
<baseValue baseType="identifier">FAILURE</baseValue>
</setOutcomeValue>
</responseIf>
<responseElse>
<setOutcomeValue identifier="SCORE">
<mapResponse identifier="RESPONSE"/>
</setOutcomeValue>
<responseCondition>
<responseIf>
<equal toleranceMode="relative" tolerance="0.001">
<variable identifier="SCORE"/>
<variable identifier="MAXSCORE"/>
</equal>
<setOutcomeValue identifier="FEEDBACK">
<baseValue baseType="identifier">ANSWER_CORRECT</baseValue>
</setOutcomeValue>
</responseIf>
<responseElse>
<setOutcomeValue identifier="FEEDBACK">
<baseValue baseType="identifier">FAILURE</baseValue>
</setOutcomeValue>
</responseElse>
</responseCondition>
</responseElse>
</responseCondition>
</responseProcessing>
<modalFeedback identifier="FAILURE" outcomeIdentifier="FEEDBACK" showHide="show">
<div class="textblock tvblock tvcss_1"><div class="rte_zone tveditor1">
<ul>
<li> De hoogte van het inkomen is niet constant: het inkomen neemt toe naarmate mensen ouder worden. <br /> False </li>
<li> Het verschil in leeftijd tussen hoogopgeleiden en laagopgeleiden is niet constant: dit leeftijdsverschil neemt toe naarmate mensen hoger opgeleid zijn. <br /> False </li>
<li> Het aandeel hoogopgeleiden is niet constant: dit aandeel is hoger naarmate mensen meer inkomen verdienen. <br /> False </li>
<li> Het verschil in inkomen tussen hoogopgeleiden en laagopgeleiden is niet constant: dit inkomensverschil neemt toe naarmate mensen ouder worden. <br /> True </li>
</ul>
</div>
</div>
</modalFeedback>
<modalFeedback identifier="ANSWER_CORRECT" outcomeIdentifier="FEEDBACK" showHide="show">
<div class="textblock tvblock tvcss_1"><div class="rte_zone tveditor1">
<ul>
<li> De hoogte van het inkomen is niet constant: het inkomen neemt toe naarmate mensen ouder worden. <br /> False </li>
<li> Het verschil in leeftijd tussen hoogopgeleiden en laagopgeleiden is niet constant: dit leeftijdsverschil neemt toe naarmate mensen hoger opgeleid zijn. <br /> False </li>
<li> Het aandeel hoogopgeleiden is niet constant: dit aandeel is hoger naarmate mensen meer inkomen verdienen. <br /> False </li>
<li> Het verschil in inkomen tussen hoogopgeleiden en laagopgeleiden is niet constant: dit inkomensverschil neemt toe naarmate mensen ouder worden. <br /> True </li>
</ul>
</div>
</div>
</modalFeedback>
<modalFeedback identifier="PARTIAL_CORRECT" outcomeIdentifier="FEEDBACK" showHide="show">
<div class="textblock tvblock tvcss_1"><div class="rte_zone tveditor1">
<ul>
<li> De hoogte van het inkomen is niet constant: het inkomen neemt toe naarmate mensen ouder worden. <br /> False </li>
<li> Het verschil in leeftijd tussen hoogopgeleiden en laagopgeleiden is niet constant: dit leeftijdsverschil neemt toe naarmate mensen hoger opgeleid zijn. <br /> False </li>
<li> Het aandeel hoogopgeleiden is niet constant: dit aandeel is hoger naarmate mensen meer inkomen verdienen. <br /> False </li>
<li> Het verschil in inkomen tussen hoogopgeleiden en laagopgeleiden is niet constant: dit inkomensverschil neemt toe naarmate mensen ouder worden. <br /> True </li>
</ul>
</div>
</div>
</modalFeedback>
</assessmentItem>
