<?xml version="1.0" encoding="utf-8" standalone="yes"?>
<assessmentItem identifier="vufsw-correlation-1338-nl_202209051535_item_1_schoice" title="vufsw-correlation-1338-nl_202209051535_item_1_schoice_vufsw-correlation-1338-nl" adaptive="false" timeDependent="false" toolName="Testvision Online" toolVersion="39.0.9084" xmlns="http://www.imsglobal.org/xsd/imsqti_v2p1">
<responseDeclaration identifier="RESPONSE" cardinality="single" baseType="identifier">
<correctResponse>
<value>alt_155322</value>
</correctResponse>
<mapping defaultValue="0" lowerBound="0.0">
<mapEntry mapKey="alt_155322" mappedValue="1"/>
<mapEntry mapKey="alt_265436" mappedValue="-0.333333333333333"/>
<mapEntry mapKey="alt_282852" mappedValue="-0.333333333333333"/>
<mapEntry mapKey="alt_411526" mappedValue="-0.333333333333333"/>
</mapping>
</responseDeclaration>
<outcomeDeclaration identifier="SCORE" cardinality="single" baseType="float" normalMaximum="1" normalMinimum="0" />
<outcomeDeclaration identifier="FEEDBACK" cardinality="single" baseType="identifier" />
<itemBody>
<p><img src="1631183026813.png" class="fr-fic fr-dii tvcss_2"
alt="1631183026813" /></p>
<p>Bekijk de bovenstaande tabel uit McCabe et al. (2010) met de correlaties
tussen de leeftijd (Age: gemeten in jaren) en vijf cognitieve factoren
(gemeten van laag naar hoog). Bekijk nu de twee stellingen hieronder en
kies het juiste antwoord.</p>
<ol style="list-style-type: decimal">
<li>Oudere respondenten scoren hoger op factor “Vocabulary”. </li>
<li>Jongere respondenten scoren lager op “Episodic Memory” (EM). </li>
</ol>
<choiceInteraction responseIdentifier="RESPONSE" shuffle="false" maxChoices="1">
<simpleChoice identifier="alt_155322">
<div class="textblock tvblock tvcss_1"><div class="rte_zone tveditor1">
a. Alleen stelling 1 is correct
</div>
</div>
</simpleChoice>
<simpleChoice identifier="alt_265436">
<div class="textblock tvblock tvcss_1"><div class="rte_zone tveditor1">
b. Geen van beide stellingen is correct
</div>
</div>
</simpleChoice>
<simpleChoice identifier="alt_282852">
<div class="textblock tvblock tvcss_1"><div class="rte_zone tveditor1">
c. Alleen stelling 2 is correct
</div>
</div>
</simpleChoice>
<simpleChoice identifier="alt_411526">
<div class="textblock tvblock tvcss_1"><div class="rte_zone tveditor1">
d. Beide stellingen zijn correct
</div>
</div>
</simpleChoice>
</choiceInteraction>
</itemBody>
<responseProcessing>
<responseCondition>
<responseIf>
<isNull>
<variable identifier="RESPONSE"/>
</isNull>
<setOutcomeValue identifier="SCORE">
<baseValue baseType="float">0.0</baseValue>
</setOutcomeValue>
<setOutcomeValue identifier="FEEDBACK">
<baseValue baseType="identifier">FAILURE</baseValue>
</setOutcomeValue>
</responseIf>
<responseElse>
<setOutcomeValue identifier="SCORE">
<mapResponse identifier="RESPONSE"/>
</setOutcomeValue>
<responseCondition>
<responseIf>
<equal toleranceMode="relative" tolerance="0.001">
<variable identifier="SCORE"/>
<variable identifier="MAXSCORE"/>
</equal>
<setOutcomeValue identifier="FEEDBACK">
<baseValue baseType="identifier">ANSWER_CORRECT</baseValue>
</setOutcomeValue>
</responseIf>
<responseElse>
<setOutcomeValue identifier="FEEDBACK">
<baseValue baseType="identifier">FAILURE</baseValue>
</setOutcomeValue>
</responseElse>
</responseCondition>
</responseElse>
</responseCondition>
</responseProcessing>
<modalFeedback identifier="FAILURE" outcomeIdentifier="FEEDBACK" showHide="show">
<div class="textblock tvblock tvcss_1"><div class="rte_zone tveditor1">
<ol>
<li> Alleen stelling 1 is correct <br /> True </li>
<li> Geen van beide stellingen is correct <br /> False </li>
<li> Alleen stelling 2 is correct <br /> False </li>
<li> Beide stellingen zijn correct <br /> False </li>
</ol>
</div>
</div>
</modalFeedback>
<modalFeedback identifier="ANSWER_CORRECT" outcomeIdentifier="FEEDBACK" showHide="show">
<div class="textblock tvblock tvcss_1"><div class="rte_zone tveditor1">
<ol>
<li> Alleen stelling 1 is correct <br /> True </li>
<li> Geen van beide stellingen is correct <br /> False </li>
<li> Alleen stelling 2 is correct <br /> False </li>
<li> Beide stellingen zijn correct <br /> False </li>
</ol>
</div>
</div>
</modalFeedback>
<modalFeedback identifier="PARTIAL_CORRECT" outcomeIdentifier="FEEDBACK" showHide="show">
<div class="textblock tvblock tvcss_1"><div class="rte_zone tveditor1">
<ol>
<li> Alleen stelling 1 is correct <br /> True </li>
<li> Geen van beide stellingen is correct <br /> False </li>
<li> Alleen stelling 2 is correct <br /> False </li>
<li> Beide stellingen zijn correct <br /> False </li>
</ol>
</div>
</div>
</modalFeedback>
</assessmentItem>
