<?xml version="1.0" encoding="UTF-8"?>
<assessmentItem xsi:schemaLocation="http://www.imsglobal.org/xsd/imsqti_v2p1 http://www.imsglobal.org/xsd/qti/qtiv2p1/imsqti_v2p1p1.xsd http://www.w3.org/1998/Math/MathML http://www.w3.org/Math/XMLSchema/mathml2/mathml2.xsd" identifier="uva-correlation-1650-nl-qti_790626961_section_1_item_1_schoice" title="1" adaptive="false" timeDependent="false" xmlns="http://www.imsglobal.org/xsd/imsqti_v2p1" xmlns:xsi="http://www.w3.org/2001/XMLSchema-instance">
<responseDeclaration identifier="uva-correlation-1650-nl-qti_790626961_section_1_item_1_schoice_RESPONSE_1_7056320" cardinality="single" baseType="identifier">
<correctResponse>
<value>uva-correlation-1650-nl-qti_790626961_section_1_item_1_schoice_3_1885567245</value>
</correctResponse>
<mapping defaultValue="0" lowerBound="0.0">
<mapEntry mapKey="uva-correlation-1650-nl-qti_790626961_section_1_item_1_schoice_1_3750685445" mappedValue="0"/>
<mapEntry mapKey="uva-correlation-1650-nl-qti_790626961_section_1_item_1_schoice_2_6363490116" mappedValue="0"/>
<mapEntry mapKey="uva-correlation-1650-nl-qti_790626961_section_1_item_1_schoice_3_1885567245" mappedValue="1"/>
<mapEntry mapKey="uva-correlation-1650-nl-qti_790626961_section_1_item_1_schoice_4_8431180684" mappedValue="0"/>
</mapping>
</responseDeclaration>
<outcomeDeclaration identifier="SCORE" cardinality="single" baseType="float" normalMaximum="1" normalMinimum="0">
<defaultValue>
<value>0.0</value>
</defaultValue>
</outcomeDeclaration>
<outcomeDeclaration identifier="MAXSCORE" cardinality="single" baseType="float">
<defaultValue>
<value>1</value>
</defaultValue>
</outcomeDeclaration>
<outcomeDeclaration identifier="FEEDBACKBASIC" cardinality="single" baseType="identifier" view="testConstructor">
<defaultValue>
<value>empty</value>
</defaultValue>
</outcomeDeclaration>
<outcomeDeclaration identifier="FEEDBACKMODAL" cardinality="multiple" baseType="identifier" view="testConstructor"/>
<outcomeDeclaration identifier="SOLUTIONMODAL" cardinality="single" baseType="identifier" view="testConstructor"/>
<outcomeDeclaration identifier="MINSCORE" cardinality="single" baseType="float">
<defaultValue>
<value baseType="float">0</value>
</defaultValue>
</outcomeDeclaration>
<outcomeDeclaration identifier="SCORE_RESPONSE_1" cardinality="single" baseType="float">
<defaultValue>
<value>0.0</value>
</defaultValue>
</outcomeDeclaration>
<outcomeDeclaration identifier="MINSCORE_RESPONSE_1" cardinality="single" baseType="float">
<defaultValue>
<value>0.0</value>
</defaultValue>
</outcomeDeclaration>
<itemBody>
<p>Hieronder is van 5 individuen aangegeven hoe zij t.o.v. elkaar
gerangschikt zijn op autoritair gedrag en sociale status:<br />
Autoritair gedrag: 4, 2, 5, 1, 3<br />
Sociale status: 2, 1, 3, 4, 5. De waarde van de Spearman
correlatiecoëfficiënt is hier</p>
<choiceInteraction responseIdentifier="uva-correlation-1650-nl-qti_790626961_section_1_item_1_schoice_RESPONSE_1_7056320" shuffle="false" maxChoices="1">
<simpleChoice identifier="uva-correlation-1650-nl-qti_790626961_section_1_item_1_schoice_1_3750685445">
<p>
 -0.8
</p>
</simpleChoice>
<simpleChoice identifier="uva-correlation-1650-nl-qti_790626961_section_1_item_1_schoice_2_6363490116">
<p>
 -0.13
</p>
</simpleChoice>
<simpleChoice identifier="uva-correlation-1650-nl-qti_790626961_section_1_item_1_schoice_3_1885567245">
<p>
 -0.1
</p>
</simpleChoice>
<simpleChoice identifier="uva-correlation-1650-nl-qti_790626961_section_1_item_1_schoice_4_8431180684">
<p>
 0.1
</p>
</simpleChoice>
</choiceInteraction>
</itemBody>
<responseProcessing>
<setOutcomeValue identifier="SCORE_RESPONSE_1">
<sum>
<variable identifier="SCORE_RESPONSE_1"/>
<mapResponse identifier="uva-correlation-1650-nl-qti_790626961_section_1_item_1_schoice_RESPONSE_1_7056320"/>
</sum>
</setOutcomeValue>
<responseCondition>
<responseIf>
<lt>
<variable identifier="SCORE_RESPONSE_1"/>
<variable identifier="MINSCORE_RESPONSE_1"/>
</lt>
<setOutcomeValue identifier="SCORE_RESPONSE_1">
<variable identifier="MINSCORE_RESPONSE_1"/>
</setOutcomeValue>
</responseIf>
</responseCondition>
<responseCondition>
<responseIf>
<isNull>
<variable identifier="uva-correlation-1650-nl-qti_790626961_section_1_item_1_schoice_RESPONSE_1_7056320"/>
</isNull>
<setOutcomeValue identifier="SCORE_RESPONSE_1">
<sum>
<variable identifier="SCORE_RESPONSE_1"/>
<baseValue baseType="float">0</baseValue>
</sum>
</setOutcomeValue>
</responseIf>
</responseCondition>
<setOutcomeValue identifier="SCORE">
<sum>
<variable identifier="SCORE_RESPONSE_1"/>
</sum>
</setOutcomeValue>
<responseCondition>
<responseIf>
<lt>
<variable identifier="SCORE"/>
<variable identifier="MINSCORE"/>
</lt>
<setOutcomeValue identifier="SCORE">
<variable identifier="MINSCORE"/>
</setOutcomeValue>
</responseIf>
</responseCondition>
<responseCondition>
<responseIf>
<lt>
<variable identifier="SCORE"/>
<baseValue baseType="float">1</baseValue>
</lt>
<setOutcomeValue identifier="FEEDBACKMODAL">
<multiple>
<variable identifier="FEEDBACKMODAL"/>
<baseValue baseType="identifier">Feedback604422961</baseValue>
</multiple>
</setOutcomeValue>
</responseIf>
</responseCondition>
</responseProcessing>
<modalFeedback identifier="Feedback604422961" outcomeIdentifier="FEEDBACKMODAL" showHide="show">
<p>Het correcte antwoord is:</p>
<ul>
<li>-0.1</li>
</ul>
</modalFeedback>
</assessmentItem>
