<?xml version="1.0" encoding="UTF-8"?>
<!DOCTYPE questestinterop SYSTEM "ims_qtiasiv1p2p1.dtd">

<questestinterop xmlns="http://www.imsglobal.org/xsd/ims_qtiasiv1p2" xmlns:xsi="http://www.w3.org/2001/XMLSchema-instance" xsi:schemaLocation="http://www.imsglobal.org/xsd/ims_qtiasiv1p2 http://www.imsglobal.org/xsd/ims_qtiasiv1p2p1.xsd">
<assessment ident="vufsw-cronbach'salpha-0090-en-canvas_210610195" title="vufsw-cronbach'salpha-0090-en-canvas">

<qtimetadata>
<qtimetadatafield>
<fieldlabel>cc_maxattempts</fieldlabel>
<fieldentry>1</fieldentry>
</qtimetadatafield>
<qtimetadatafield>
<fieldlabel>qmd_assessmenttype</fieldlabel>
<fieldentry>Assessment</fieldentry>
</qtimetadatafield>
</qtimetadata>
<objectives>
<material>
<mattext><![CDATA[Please solve the following exercises.]]></mattext>
</material>
</objectives>
<assessmentcontrol feedbackswitch="No" hintswitch="No" solutionswitch="Yes"/>
<outcomes_processing scoremodel="SumOfScores">
<outcomes>
<decvar varname="SCORE" vartype="Decimal" cutvalue="0"/>
</outcomes>
</outcomes_processing>
<assessfeedback title="AssessmentFeedback" ident="AssessmentFeedback">
<flow_mat>
<material>
<mattext>##AssessmentFeedback##</mattext>
</material>
</flow_mat>
</assessfeedback>

<section ident="vufsw-cronbach'salpha-0090-en-canvas_210610195_section_1" title="Exercise">

<objectives>
<material>
<mattext><![CDATA[Please answer the following question.]]></mattext>
</material>
</objectives>
<selection_ordering>
<selection>
<selection_number>1</selection_number>
<selection_extension>
<points_per_item>1</points_per_item>
</selection_extension>
</selection>
<order order_type="Random"/>
</selection_ordering>

<item ident="vufsw-cronbach'salpha-0090-en-canvas_210610195_section_1_item_1_schoice" title="Question" maxattempts="1">
<itemcontrol feedbackswitch="No" hintswitch="No" solutionswitch="Yes"/>
<itemmetadata>
<qtimetadata>
<qtimetadatafield>
<fieldlabel>question_type</fieldlabel>
<fieldentry>multiple_choice_question</fieldentry>
</qtimetadatafield>
</qtimetadata>
</itemmetadata>
<presentation>
<flow>
<material>
<matbreak/>
<mattext texttype="text/html" charset="utf-8"><![CDATA[
<p>A researcher conducted a regression analysis to predict a person’s
interest in politics (Y) based on how often a person reads news articles
(X) per week. Political interest was measured using a scale ranging from
1 (‘not at all interested’) to 10 (‘very interested’). The formula
associated with the regression line is at the bottom of the question.</p>
<p>For the measurement of political interest, the researcher has developed
a scale consisting of 10 items. She wants to know whether this is a
reliable scale. She finds that in a random sample of 231 respondents,
the average correlation between the items is 0.512. If we assume that
the variances of the 10 items are the same, how high is the Cronbach’s
Alpha? </p>
<p><img src="vufsw-cronbach&#39;salpha-0090-en.png" /></p>
]]></mattext>
<matbreak/>
</material>
<response_lid ident="vufsw-cronbach'salpha-0090-en-canvas_210610195_section_1_item_1_schoice_RESPONSE_5837083" rcardinality="Single" rtiming="No">
<render_choice shuffle="No">
<flow_label class="List">
<response_label ident="vufsw-cronbach'salpha-0090-en-canvas_210610195_section_1_item_1_schoice_4518299754" rshuffle="No">
<material>
<mattext texttype="text/html" charset="utf-8"><![CDATA[
 0,888
]]></mattext>
</material>
</response_label>
</flow_label>
<flow_label class="List">
<response_label ident="vufsw-cronbach'salpha-0090-en-canvas_210610195_section_1_item_1_schoice_1597164263" rshuffle="No">
<material>
<mattext texttype="text/html" charset="utf-8"><![CDATA[
 0,837
]]></mattext>
</material>
</response_label>
</flow_label>
<flow_label class="List">
<response_label ident="vufsw-cronbach'salpha-0090-en-canvas_210610195_section_1_item_1_schoice_8600807433" rshuffle="No">
<material>
<mattext texttype="text/html" charset="utf-8"><![CDATA[
 0,996
]]></mattext>
</material>
</response_label>
</flow_label>
<flow_label class="List">
<response_label ident="vufsw-cronbach'salpha-0090-en-canvas_210610195_section_1_item_1_schoice_1782884132" rshuffle="No">
<material>
<mattext texttype="text/html" charset="utf-8"><![CDATA[
 0,913
]]></mattext>
</material>
</response_label>
</flow_label>
</render_choice>
</response_lid>
</flow>
</presentation>
<resprocessing>
<outcomes>
<decvar varname="SCORE" vartype="Decimal" defaultval="0" minvalue="0" maxvalue="1" cutvalue="1"/>
</outcomes>
<respcondition title="Mastery" continue="No">
<conditionvar>
<and>
<varequal respident="vufsw-cronbach'salpha-0090-en-canvas_210610195_section_1_item_1_schoice_RESPONSE_5837083" case="Yes">vufsw-cronbach'salpha-0090-en-canvas_210610195_section_1_item_1_schoice_1782884132</varequal>
<not> <varequal respident="vufsw-cronbach'salpha-0090-en-canvas_210610195_section_1_item_1_schoice_RESPONSE_5837083" case="Yes">vufsw-cronbach'salpha-0090-en-canvas_210610195_section_1_item_1_schoice_4518299754</varequal> </not>
<not> <varequal respident="vufsw-cronbach'salpha-0090-en-canvas_210610195_section_1_item_1_schoice_RESPONSE_5837083" case="Yes">vufsw-cronbach'salpha-0090-en-canvas_210610195_section_1_item_1_schoice_1597164263</varequal> </not>
<not> <varequal respident="vufsw-cronbach'salpha-0090-en-canvas_210610195_section_1_item_1_schoice_RESPONSE_5837083" case="Yes">vufsw-cronbach'salpha-0090-en-canvas_210610195_section_1_item_1_schoice_8600807433</varequal> </not>
</and>
</conditionvar>
<setvar varname="SCORE" action="Set">1</setvar>
<displayfeedback feedbacktype="Response" linkrefid="correct_fb"/>
</respcondition>
<respcondition continue="Yes">
<conditionvar>
<other/>
</conditionvar>
<displayfeedback feedbacktype="Response" linkrefid="general_incorrect_fb"/>
</respcondition>
</resprocessing>
<itemfeedback ident="correct_fb" view="All">
<flow_mat>
<material>
<mattext texttype="text/html"><![CDATA[
<ul>
<li> 0,888 <br /> False </li>
<li> 0,837 <br /> False </li>
<li> 0,996 <br /> False </li>
<li> 0,913 <br /> True </li>
</ul>
]]></mattext>
</material>
</flow_mat>
</itemfeedback>
<itemfeedback ident="general_incorrect_fb" view="All">
<flow_mat>
<material>
<mattext texttype="text/html"><![CDATA[
<ul>
<li> 0,888 <br /> False </li>
<li> 0,837 <br /> False </li>
<li> 0,996 <br /> False </li>
<li> 0,913 <br /> True </li>
</ul>
]]></mattext>
</material>
</flow_mat>
</itemfeedback>
</item>


</section>

</assessment>
</questestinterop>
