<?xml version="1.0" encoding="utf-8" standalone="yes"?>
<assessmentItem identifier="uu-Oneway_ANOVA-846-nl-tv_202308242008_item_1_schoice" title="uu-Oneway_ANOVA-846-nl-tv_202308242008_item_1_schoice_uu-Oneway ANOVA-846-nl" adaptive="false" timeDependent="false" toolName="Testvision Online" toolVersion="39.0.9084" xmlns="http://www.imsglobal.org/xsd/imsqti_v2p1">
<responseDeclaration identifier="RESPONSE" cardinality="single" baseType="identifier">
<correctResponse>
<value>alt_304351</value>
</correctResponse>
<mapping defaultValue="0" lowerBound="0.0">
<mapEntry mapKey="alt_304351" mappedValue="1"/>
<mapEntry mapKey="alt_540288" mappedValue="-0.333333333333333"/>
<mapEntry mapKey="alt_513909" mappedValue="-0.333333333333333"/>
<mapEntry mapKey="alt_925810" mappedValue="-0.333333333333333"/>
</mapping>
</responseDeclaration>
<outcomeDeclaration identifier="SCORE" cardinality="single" baseType="float" normalMaximum="1" normalMinimum="0" />
<outcomeDeclaration identifier="FEEDBACK" cardinality="single" baseType="identifier" />
<itemBody>
<p>Een onderzoeker vergelijkt de testosterongehaltes van mannen in vier verschillende sporten: voetbal, atletiek, schaatsen en wielrennen. De totale steekproefgrootte was N = 30 (10 voetballers, 10 atleten, 5 schaatsers en 5 wielrenners). Variantie-analyse (ANOVA) wordt gebruikt om de resultaten te vergelijken. De kwadratensom die de verschillen tussen de groepen meet is 60. De kwadratensom die de verschillen binnen de groepen meet is 100. Als we toetsen met <math display="inline" xmlns="http://www.w3.org/1998/Math/MathML"><semantics><mi>α</mi><annotation encoding="application/x-tex">\alpha</annotation></semantics></math> = 0.01, wat is dan de juiste conclusie?</p>
<choiceInteraction responseIdentifier="RESPONSE" shuffle="false" maxChoices="1">
<simpleChoice identifier="alt_304351">
<div class="textblock tvblock tvcss_1"><div class="rte_zone tveditor1">
 De variantie-analyse laat significante verschillen zien, F(3, 26) = 5.2, p &lt; .01, <math display="inline" xmlns="http://www.w3.org/1998/Math/MathML"><semantics><msup><mi>η</mi><mn>2</mn></msup><annotation encoding="application/x-tex">\eta^2</annotation></semantics></math> = .375.
</div>
</div>
</simpleChoice>
<simpleChoice identifier="alt_540288">
<div class="textblock tvblock tvcss_1"><div class="rte_zone tveditor1">
 De variantie-analyse laat significante verschillen zien, F(4, 29) = 4.35, p &lt; .01, <math display="inline" xmlns="http://www.w3.org/1998/Math/MathML"><semantics><msup><mi>η</mi><mn>2</mn></msup><annotation encoding="application/x-tex">\eta^2</annotation></semantics></math> = .375.
</div>
</div>
</simpleChoice>
<simpleChoice identifier="alt_513909">
<div class="textblock tvblock tvcss_1"><div class="rte_zone tveditor1">
 De variantie-analyse laat significante verschillen zien, F(3, 27) = 5.4, p &lt; .01, <math display="inline" xmlns="http://www.w3.org/1998/Math/MathML"><semantics><msup><mi>η</mi><mn>2</mn></msup><annotation encoding="application/x-tex">\eta^2</annotation></semantics></math> = .375.
</div>
</div>
</simpleChoice>
<simpleChoice identifier="alt_925810">
<div class="textblock tvblock tvcss_1"><div class="rte_zone tveditor1">
 De variantie-analyse laat geen significante verschillen zien, F(4, 26) = 3.9, p &gt; .01, <math display="inline" xmlns="http://www.w3.org/1998/Math/MathML"><semantics><msup><mi>η</mi><mn>2</mn></msup><annotation encoding="application/x-tex">\eta^2</annotation></semantics></math> = .375.
</div>
</div>
</simpleChoice>
</choiceInteraction>
</itemBody>
<responseProcessing>
<responseCondition>
<responseIf>
<isNull>
<variable identifier="RESPONSE"/>
</isNull>
<setOutcomeValue identifier="SCORE">
<baseValue baseType="float">0.0</baseValue>
</setOutcomeValue>
<setOutcomeValue identifier="FEEDBACK">
<baseValue baseType="identifier">FAILURE</baseValue>
</setOutcomeValue>
</responseIf>
<responseElse>
<setOutcomeValue identifier="SCORE">
<mapResponse identifier="RESPONSE"/>
</setOutcomeValue>
<responseCondition>
<responseIf>
<equal toleranceMode="relative" tolerance="0.001">
<variable identifier="SCORE"/>
<variable identifier="MAXSCORE"/>
</equal>
<setOutcomeValue identifier="FEEDBACK">
<baseValue baseType="identifier">ANSWER_CORRECT</baseValue>
</setOutcomeValue>
</responseIf>
<responseElse>
<setOutcomeValue identifier="FEEDBACK">
<baseValue baseType="identifier">FAILURE</baseValue>
</setOutcomeValue>
</responseElse>
</responseCondition>
</responseElse>
</responseCondition>
</responseProcessing>
<modalFeedback identifier="FAILURE" outcomeIdentifier="FEEDBACK" showHide="show">
<div class="textblock tvblock tvcss_1"><div class="rte_zone tveditor1">
</div>
</div>
</modalFeedback>
<modalFeedback identifier="ANSWER_CORRECT" outcomeIdentifier="FEEDBACK" showHide="show">
<div class="textblock tvblock tvcss_1"><div class="rte_zone tveditor1">
</div>
</div>
</modalFeedback>
<modalFeedback identifier="PARTIAL_CORRECT" outcomeIdentifier="FEEDBACK" showHide="show">
<div class="textblock tvblock tvcss_1"><div class="rte_zone tveditor1">
</div>
</div>
</modalFeedback>
</assessmentItem>
