<?xml version="1.0" encoding="UTF-8"?>
<assessmentItem xsi:schemaLocation="http://www.imsglobal.org/xsd/imsqti_v2p1 http://www.imsglobal.org/xsd/qti/qtiv2p1/imsqti_v2p1p1.xsd http://www.w3.org/1998/Math/MathML http://www.w3.org/Math/XMLSchema/mathml2/mathml2.xsd" identifier="uva-conditional-probability-645-nl-ans_945812427_section_1_item_1_schoice" title="Probability_uva-conditional-probability-645-nl_uva-conditional-probability-645-nl_schoice_1" adaptive="false" timeDependent="false" xmlns="http://www.imsglobal.org/xsd/imsqti_v2p1" xmlns:xsi="http://www.w3.org/2001/XMLSchema-instance">
<responseDeclaration identifier="uva-conditional-probability-645-nl-ans_945812427_section_1_item_1_schoice_RESPONSE_1_1353432" cardinality="single" baseType="identifier">
<correctResponse>
<value>uva-conditional-probability-645-nl-ans_945812427_section_1_item_1_schoice_2_1430276869</value>
</correctResponse>
<mapping defaultValue="0" lowerBound="0.0">
<mapEntry mapKey="uva-conditional-probability-645-nl-ans_945812427_section_1_item_1_schoice_1_4404826964" mappedValue="0"/>
<mapEntry mapKey="uva-conditional-probability-645-nl-ans_945812427_section_1_item_1_schoice_2_1430276869" mappedValue="1"/>
<mapEntry mapKey="uva-conditional-probability-645-nl-ans_945812427_section_1_item_1_schoice_3_2512402147" mappedValue="0"/>
<mapEntry mapKey="uva-conditional-probability-645-nl-ans_945812427_section_1_item_1_schoice_4_1620149881" mappedValue="0"/>
</mapping>
</responseDeclaration>
<outcomeDeclaration identifier="SCORE" cardinality="single" baseType="float" normalMaximum="1" normalMinimum="0">
<defaultValue>
<value>0.0</value>
</defaultValue>
</outcomeDeclaration>
<outcomeDeclaration identifier="MAXSCORE" cardinality="single" baseType="float">
<defaultValue>
<value>1</value>
</defaultValue>
</outcomeDeclaration>
<outcomeDeclaration identifier="FEEDBACKBASIC" cardinality="single" baseType="identifier" view="testConstructor">
<defaultValue>
<value>empty</value>
</defaultValue>
</outcomeDeclaration>
<outcomeDeclaration identifier="FEEDBACKMODAL" cardinality="multiple" baseType="identifier" view="testConstructor"/>
<outcomeDeclaration identifier="SOLUTIONMODAL" cardinality="single" baseType="identifier" view="testConstructor"/>
<outcomeDeclaration identifier="MINSCORE" cardinality="single" baseType="float">
<defaultValue>
<value baseType="float">0</value>
</defaultValue>
</outcomeDeclaration>
<outcomeDeclaration identifier="SCORE_RESPONSE_1" cardinality="single" baseType="float">
<defaultValue>
<value>0.0</value>
</defaultValue>
</outcomeDeclaration>
<outcomeDeclaration identifier="MINSCORE_RESPONSE_1" cardinality="single" baseType="float">
<defaultValue>
<value>0.0</value>
</defaultValue>
</outcomeDeclaration>
<itemBody>
<p>Een complete set van 52 speelkaarten bevat 26 rode en 26 zwarte kaarten.
We kiezen aselect en zonder teruglegging vier kaarten uit een
standaardpak. De eerste drie gekozen kaarten zijn allemaal rood. De
voorwaardelijke kans dat ook de vierde rood is, is gelijk aan:</p>
<choiceInteraction responseIdentifier="uva-conditional-probability-645-nl-ans_945812427_section_1_item_1_schoice_RESPONSE_1_1353432" shuffle="false" maxChoices="1">
<simpleChoice identifier="uva-conditional-probability-645-nl-ans_945812427_section_1_item_1_schoice_1_4404826964">
<p>
 3/26
</p>
</simpleChoice>
<simpleChoice identifier="uva-conditional-probability-645-nl-ans_945812427_section_1_item_1_schoice_2_1430276869">
<p>
 23/49
</p>
</simpleChoice>
<simpleChoice identifier="uva-conditional-probability-645-nl-ans_945812427_section_1_item_1_schoice_3_2512402147">
<p>
 26/52
</p>
</simpleChoice>
<simpleChoice identifier="uva-conditional-probability-645-nl-ans_945812427_section_1_item_1_schoice_4_1620149881">
<p>
 26/26
</p>
</simpleChoice>
</choiceInteraction>
</itemBody>
<responseProcessing>
<setOutcomeValue identifier="SCORE_RESPONSE_1">
<sum>
<variable identifier="SCORE_RESPONSE_1"/>
<mapResponse identifier="uva-conditional-probability-645-nl-ans_945812427_section_1_item_1_schoice_RESPONSE_1_1353432"/>
</sum>
</setOutcomeValue>
<responseCondition>
<responseIf>
<lt>
<variable identifier="SCORE_RESPONSE_1"/>
<variable identifier="MINSCORE_RESPONSE_1"/>
</lt>
<setOutcomeValue identifier="SCORE_RESPONSE_1">
<variable identifier="MINSCORE_RESPONSE_1"/>
</setOutcomeValue>
</responseIf>
</responseCondition>
<responseCondition>
<responseIf>
<isNull>
<variable identifier="uva-conditional-probability-645-nl-ans_945812427_section_1_item_1_schoice_RESPONSE_1_1353432"/>
</isNull>
<setOutcomeValue identifier="SCORE_RESPONSE_1">
<sum>
<variable identifier="SCORE_RESPONSE_1"/>
<baseValue baseType="float">0</baseValue>
</sum>
</setOutcomeValue>
</responseIf>
</responseCondition>
<setOutcomeValue identifier="SCORE">
<sum>
<variable identifier="SCORE_RESPONSE_1"/>
</sum>
</setOutcomeValue>
<responseCondition>
<responseIf>
<lt>
<variable identifier="SCORE"/>
<variable identifier="MINSCORE"/>
</lt>
<setOutcomeValue identifier="SCORE">
<variable identifier="MINSCORE"/>
</setOutcomeValue>
</responseIf>
</responseCondition>
<responseCondition>
<responseIf>
<lt>
<variable identifier="SCORE"/>
<baseValue baseType="float">1</baseValue>
</lt>
<setOutcomeValue identifier="FEEDBACKMODAL">
<multiple>
<variable identifier="FEEDBACKMODAL"/>
<baseValue baseType="identifier">Feedback404204316</baseValue>
</multiple>
</setOutcomeValue>
</responseIf>
</responseCondition>
</responseProcessing>
<modalFeedback outcomeIdentifier="FEEDBACK" showHide="show" identifier="incorrect">
<ul>
<li> 3/26 <br /> 3/26: Incorrect </li>
<li> 23/49 <br /> 23/49: Correct </li>
<li> 26/52 <br /> 26/52: Incorrect </li>
<li> 26/26 <br /> 26/26: Incorrect </li>
</ul>
</modalFeedback>
</assessmentItem>
