<?xml version="1.0" encoding="utf-8" standalone="yes"?>
<assessmentItem identifier="vufgb-standarddeviation-013-en-tv_202510071723_item_1_schoice" title="vufgb-standarddeviation-013-en-tv_202510071723_item_1_schoice_vufgb-standarddeviation-013-en" adaptive="false" timeDependent="false" toolName="Testvision Online" toolVersion="39.0.9084" xmlns="http://www.imsglobal.org/xsd/imsqti_v2p1">
<responseDeclaration identifier="RESPONSE" cardinality="single" baseType="identifier">
<correctResponse>
<value>alt_530402</value>
</correctResponse>
<mapping defaultValue="0" lowerBound="0.0">
<mapEntry mapKey="alt_843201" mappedValue="-0.333333333333333"/>
<mapEntry mapKey="alt_126986" mappedValue="-0.333333333333333"/>
<mapEntry mapKey="alt_530402" mappedValue="1"/>
<mapEntry mapKey="alt_551028" mappedValue="-0.333333333333333"/>
</mapping>
</responseDeclaration>
<outcomeDeclaration identifier="SCORE" cardinality="single" baseType="float" normalMaximum="1" normalMinimum="0" />
<outcomeDeclaration identifier="FEEDBACK" cardinality="single" baseType="identifier" />
<stylesheet href="css/vufgb-standarddeviation-013-en-tv_202510071723_item_1_schoice.css" type="text/css" />
<itemBody>
<p>Given below is selected SPSS output from a single regression analysis in 50 subjects. Calculate the conditional standard deviation <em>s</em>.</p>
<p><img src="mediafiles/supplements1/vufgb-standarddeviation-013-nl-table01.jpg" alt="image"/></p>
<choiceInteraction responseIdentifier="RESPONSE" shuffle="false" maxChoices="1">
<simpleChoice identifier="alt_843201">
<div class="textblock tvblock tvcss_1"><div class="rte_zone tveditor1">
 2.72
</div>
</div>
</simpleChoice>
<simpleChoice identifier="alt_126986">
<div class="textblock tvblock tvcss_1"><div class="rte_zone tveditor1">
 2.67
</div>
</div>
</simpleChoice>
<simpleChoice identifier="alt_530402">
<div class="textblock tvblock tvcss_1"><div class="rte_zone tveditor1">
 1.65
</div>
</div>
</simpleChoice>
<simpleChoice identifier="alt_551028">
<div class="textblock tvblock tvcss_1"><div class="rte_zone tveditor1">
 1.63
</div>
</div>
</simpleChoice>
</choiceInteraction>
</itemBody>
<responseProcessing>
<responseCondition>
<responseIf>
<isNull>
<variable identifier="RESPONSE"/>
</isNull>
<setOutcomeValue identifier="SCORE">
<baseValue baseType="float">0.0</baseValue>
</setOutcomeValue>
<setOutcomeValue identifier="FEEDBACK">
<baseValue baseType="identifier">FAILURE</baseValue>
</setOutcomeValue>
</responseIf>
<responseElse>
<setOutcomeValue identifier="SCORE">
<mapResponse identifier="RESPONSE"/>
</setOutcomeValue>
<responseCondition>
<responseIf>
<equal toleranceMode="relative" tolerance="0.001">
<variable identifier="SCORE"/>
<variable identifier="MAXSCORE"/>
</equal>
<setOutcomeValue identifier="FEEDBACK">
<baseValue baseType="identifier">ANSWER_CORRECT</baseValue>
</setOutcomeValue>
</responseIf>
<responseElse>
<setOutcomeValue identifier="FEEDBACK">
<baseValue baseType="identifier">FAILURE</baseValue>
</setOutcomeValue>
</responseElse>
</responseCondition>
</responseElse>
</responseCondition>
</responseProcessing>
<modalFeedback identifier="FAILURE" outcomeIdentifier="FEEDBACK" showHide="show">
<div class="textblock tvblock tvcss_1"><div class="rte_zone tveditor1">
<ul>
<li> 2.72 <br /> Incorrect </li>
<li> 2.67 <br /> Incorrect </li>
<li> 1.65 <br /> Correct </li>
<li> 1.63 <br /> Incorrect </li>
</ul>
</div>
</div>
</modalFeedback>
<modalFeedback identifier="ANSWER_CORRECT" outcomeIdentifier="FEEDBACK" showHide="show">
<div class="textblock tvblock tvcss_1"><div class="rte_zone tveditor1">
<ul>
<li> 2.72 <br /> Incorrect </li>
<li> 2.67 <br /> Incorrect </li>
<li> 1.65 <br /> Correct </li>
<li> 1.63 <br /> Incorrect </li>
</ul>
</div>
</div>
</modalFeedback>
<modalFeedback identifier="PARTIAL_CORRECT" outcomeIdentifier="FEEDBACK" showHide="show">
<div class="textblock tvblock tvcss_1"><div class="rte_zone tveditor1">
<ul>
<li> 2.72 <br /> Incorrect </li>
<li> 2.67 <br /> Incorrect </li>
<li> 1.65 <br /> Correct </li>
<li> 1.63 <br /> Incorrect </li>
</ul>
</div>
</div>
</modalFeedback>
</assessmentItem>
