<?xml version="1.0" encoding="utf-8" standalone="yes"?>
<assessmentItem identifier="uu-ANOVA-825-en-tv_202510071723_item_1_schoice" title="uu-ANOVA-825-en-tv_202510071723_item_1_schoice_uu-ANOVA-825-en" adaptive="false" timeDependent="false" toolName="Testvision Online" toolVersion="39.0.9084" xmlns="http://www.imsglobal.org/xsd/imsqti_v2p1">
<responseDeclaration identifier="RESPONSE" cardinality="single" baseType="identifier">
<correctResponse>
<value>alt_797627</value>
</correctResponse>
<mapping defaultValue="0" lowerBound="0.0">
<mapEntry mapKey="alt_797627" mappedValue="1"/>
<mapEntry mapKey="alt_380484" mappedValue="-0.333333333333333"/>
<mapEntry mapKey="alt_537227" mappedValue="-0.333333333333333"/>
<mapEntry mapKey="alt_442179" mappedValue="-0.333333333333333"/>
</mapping>
</responseDeclaration>
<outcomeDeclaration identifier="SCORE" cardinality="single" baseType="float" normalMaximum="1" normalMinimum="0" />
<outcomeDeclaration identifier="FEEDBACK" cardinality="single" baseType="identifier" />
<stylesheet href="css/uu-ANOVA-825-en-tv_202510071723_item_1_schoice.css" type="text/css" />
<itemBody>
<p>Wade et al. (2009) conducted a study focusing on reducing body image dissatisfaction in women. One hundred first-year college students at Flinders University signed up to participate and were then randomly assigned to five different conditions: condition focused on Rumination (1), Cognitive Dissonance (2), Distraction (3), Acceptance (4), and a control group (5). One of the dependent variables is the increase in satisfaction with one’s own weight.</p>
<p>Suppose researcher B is interested in exercise. One half of the women in each condition had some type of exercise added to their daily routine. The other half did nothing different than normal. The increase in satisfaction scores is compared not only between the five different conditions, but also between the two exercise groups. SPSS output from the analysis is below.</p>
<p><img src="mediafiles/supplements1/uu-ANOVA-825-en-tabel.JPG" alt="image"/></p>
<p>What is the value of the test quantity that tests the interaction between Condition and Motion?</p>
<choiceInteraction responseIdentifier="RESPONSE" shuffle="false" maxChoices="1">
<simpleChoice identifier="alt_797627">
<div class="textblock tvblock tvcss_1"><div class="rte_zone tveditor1">
 0.319
</div>
</div>
</simpleChoice>
<simpleChoice identifier="alt_380484">
<div class="textblock tvblock tvcss_1"><div class="rte_zone tveditor1">
 0.811
</div>
</div>
</simpleChoice>
<simpleChoice identifier="alt_537227">
<div class="textblock tvblock tvcss_1"><div class="rte_zone tveditor1">
 1.277
</div>
</div>
</simpleChoice>
<simpleChoice identifier="alt_442179">
<div class="textblock tvblock tvcss_1"><div class="rte_zone tveditor1">
 0.014
</div>
</div>
</simpleChoice>
</choiceInteraction>
</itemBody>
<responseProcessing>
<responseCondition>
<responseIf>
<isNull>
<variable identifier="RESPONSE"/>
</isNull>
<setOutcomeValue identifier="SCORE">
<baseValue baseType="float">0.0</baseValue>
</setOutcomeValue>
<setOutcomeValue identifier="FEEDBACK">
<baseValue baseType="identifier">FAILURE</baseValue>
</setOutcomeValue>
</responseIf>
<responseElse>
<setOutcomeValue identifier="SCORE">
<mapResponse identifier="RESPONSE"/>
</setOutcomeValue>
<responseCondition>
<responseIf>
<equal toleranceMode="relative" tolerance="0.001">
<variable identifier="SCORE"/>
<variable identifier="MAXSCORE"/>
</equal>
<setOutcomeValue identifier="FEEDBACK">
<baseValue baseType="identifier">ANSWER_CORRECT</baseValue>
</setOutcomeValue>
</responseIf>
<responseElse>
<setOutcomeValue identifier="FEEDBACK">
<baseValue baseType="identifier">FAILURE</baseValue>
</setOutcomeValue>
</responseElse>
</responseCondition>
</responseElse>
</responseCondition>
</responseProcessing>
<modalFeedback identifier="FAILURE" outcomeIdentifier="FEEDBACK" showHide="show">
<div class="textblock tvblock tvcss_1"><div class="rte_zone tveditor1">
<ul>
<li> 0.319 <br /> This answer is correct. </li>
<li> 0.811 <br /> This answer is incorrect. </li>
<li> 1.277 <br /> This answer is incorrect. </li>
<li> 0.014 <br /> This answer is incorrect. </li>
</ul>
</div>
</div>
</modalFeedback>
<modalFeedback identifier="ANSWER_CORRECT" outcomeIdentifier="FEEDBACK" showHide="show">
<div class="textblock tvblock tvcss_1"><div class="rte_zone tveditor1">
<ul>
<li> 0.319 <br /> This answer is correct. </li>
<li> 0.811 <br /> This answer is incorrect. </li>
<li> 1.277 <br /> This answer is incorrect. </li>
<li> 0.014 <br /> This answer is incorrect. </li>
</ul>
</div>
</div>
</modalFeedback>
<modalFeedback identifier="PARTIAL_CORRECT" outcomeIdentifier="FEEDBACK" showHide="show">
<div class="textblock tvblock tvcss_1"><div class="rte_zone tveditor1">
<ul>
<li> 0.319 <br /> This answer is correct. </li>
<li> 0.811 <br /> This answer is incorrect. </li>
<li> 1.277 <br /> This answer is incorrect. </li>
<li> 0.014 <br /> This answer is incorrect. </li>
</ul>
</div>
</div>
</modalFeedback>
</assessmentItem>
