<?xml version="1.0" encoding="utf-8" standalone="yes"?>
<assessmentItem identifier="uva-variance-323-en-tv_202510071723_item_1_schoice" title="uva-variance-323-en-tv_202510071723_item_1_schoice_uva-variance-323-en" adaptive="false" timeDependent="false" toolName="Testvision Online" toolVersion="39.0.9084" xmlns="http://www.imsglobal.org/xsd/imsqti_v2p1">
<responseDeclaration identifier="RESPONSE" cardinality="single" baseType="identifier">
<correctResponse>
<value>alt_916452</value>
</correctResponse>
<mapping defaultValue="0" lowerBound="0.0">
<mapEntry mapKey="alt_379446" mappedValue="-0.333333333333333"/>
<mapEntry mapKey="alt_916452" mappedValue="1"/>
<mapEntry mapKey="alt_725276" mappedValue="-0.333333333333333"/>
<mapEntry mapKey="alt_384561" mappedValue="-0.333333333333333"/>
</mapping>
</responseDeclaration>
<outcomeDeclaration identifier="SCORE" cardinality="single" baseType="float" normalMaximum="1" normalMinimum="0" />
<outcomeDeclaration identifier="FEEDBACK" cardinality="single" baseType="identifier" />
<stylesheet href="css/uva-variance-323-en-tv_202510071723_item_1_schoice.css" type="text/css" />
<itemBody>
<p>From a normally distributed population, a sample of size 25 is drawn. The mean of the sample is 13 and the standard deviation 4.2. The variance of the sample mean is equal to</p>
<choiceInteraction responseIdentifier="RESPONSE" shuffle="false" maxChoices="1">
<simpleChoice identifier="alt_379446">
<div class="textblock tvblock tvcss_1"><div class="rte_zone tveditor1">
 0.168
</div>
</div>
</simpleChoice>
<simpleChoice identifier="alt_916452">
<div class="textblock tvblock tvcss_1"><div class="rte_zone tveditor1">
 0.7056
</div>
</div>
</simpleChoice>
<simpleChoice identifier="alt_725276">
<div class="textblock tvblock tvcss_1"><div class="rte_zone tveditor1">
 0.84
</div>
</div>
</simpleChoice>
<simpleChoice identifier="alt_384561">
<div class="textblock tvblock tvcss_1"><div class="rte_zone tveditor1">
 3.528
</div>
</div>
</simpleChoice>
</choiceInteraction>
</itemBody>
<responseProcessing>
<responseCondition>
<responseIf>
<isNull>
<variable identifier="RESPONSE"/>
</isNull>
<setOutcomeValue identifier="SCORE">
<baseValue baseType="float">0.0</baseValue>
</setOutcomeValue>
<setOutcomeValue identifier="FEEDBACK">
<baseValue baseType="identifier">FAILURE</baseValue>
</setOutcomeValue>
</responseIf>
<responseElse>
<setOutcomeValue identifier="SCORE">
<mapResponse identifier="RESPONSE"/>
</setOutcomeValue>
<responseCondition>
<responseIf>
<equal toleranceMode="relative" tolerance="0.001">
<variable identifier="SCORE"/>
<variable identifier="MAXSCORE"/>
</equal>
<setOutcomeValue identifier="FEEDBACK">
<baseValue baseType="identifier">ANSWER_CORRECT</baseValue>
</setOutcomeValue>
</responseIf>
<responseElse>
<setOutcomeValue identifier="FEEDBACK">
<baseValue baseType="identifier">FAILURE</baseValue>
</setOutcomeValue>
</responseElse>
</responseCondition>
</responseElse>
</responseCondition>
</responseProcessing>
<modalFeedback identifier="FAILURE" outcomeIdentifier="FEEDBACK" showHide="show">
<div class="textblock tvblock tvcss_1"><div class="rte_zone tveditor1">
<ul>
<li> 0.168 <br /> 0.168: Incorrect </li>
<li> 0.7056 <br /> 0.7056: Correct </li>
<li> 0.84 <br /> 0.84: Incorrect </li>
<li> 3.528 <br /> 3.528: Incorrect </li>
</ul>
</div>
</div>
</modalFeedback>
<modalFeedback identifier="ANSWER_CORRECT" outcomeIdentifier="FEEDBACK" showHide="show">
<div class="textblock tvblock tvcss_1"><div class="rte_zone tveditor1">
<ul>
<li> 0.168 <br /> 0.168: Incorrect </li>
<li> 0.7056 <br /> 0.7056: Correct </li>
<li> 0.84 <br /> 0.84: Incorrect </li>
<li> 3.528 <br /> 3.528: Incorrect </li>
</ul>
</div>
</div>
</modalFeedback>
<modalFeedback identifier="PARTIAL_CORRECT" outcomeIdentifier="FEEDBACK" showHide="show">
<div class="textblock tvblock tvcss_1"><div class="rte_zone tveditor1">
<ul>
<li> 0.168 <br /> 0.168: Incorrect </li>
<li> 0.7056 <br /> 0.7056: Correct </li>
<li> 0.84 <br /> 0.84: Incorrect </li>
<li> 3.528 <br /> 3.528: Incorrect </li>
</ul>
</div>
</div>
</modalFeedback>
</assessmentItem>
