<?xml version="1.0" encoding="UTF-8"?>
<assessmentItem xsi:schemaLocation="http://www.imsglobal.org/xsd/imsqti_v2p1 http://www.imsglobal.org/xsd/qti/qtiv2p1/imsqti_v2p1p1.xsd http://www.w3.org/1998/Math/MathML http://www.w3.org/Math/XMLSchema/mathml2/mathml2.xsd" identifier="vufgb-prediction-003-en-qti_211685077_section_1_item_1_schoice" title="1" adaptive="false" timeDependent="false" xmlns="http://www.imsglobal.org/xsd/imsqti_v2p1" xmlns:xsi="http://www.w3.org/2001/XMLSchema-instance">
<responseDeclaration identifier="vufgb-prediction-003-en-qti_211685077_section_1_item_1_schoice_RESPONSE_1_9492429" cardinality="single" baseType="identifier">
<correctResponse>
<value>vufgb-prediction-003-en-qti_211685077_section_1_item_1_schoice_1_1819069419</value>
</correctResponse>
<mapping defaultValue="0" lowerBound="0.0">
<mapEntry mapKey="vufgb-prediction-003-en-qti_211685077_section_1_item_1_schoice_1_1819069419" mappedValue="1"/>
<mapEntry mapKey="vufgb-prediction-003-en-qti_211685077_section_1_item_1_schoice_2_2279091842" mappedValue="0"/>
<mapEntry mapKey="vufgb-prediction-003-en-qti_211685077_section_1_item_1_schoice_3_6534669392" mappedValue="0"/>
<mapEntry mapKey="vufgb-prediction-003-en-qti_211685077_section_1_item_1_schoice_4_6348652442" mappedValue="0"/>
</mapping>
</responseDeclaration>
<outcomeDeclaration identifier="SCORE" cardinality="single" baseType="float" normalMaximum="1" normalMinimum="0">
<defaultValue>
<value>0.0</value>
</defaultValue>
</outcomeDeclaration>
<outcomeDeclaration identifier="MAXSCORE" cardinality="single" baseType="float">
<defaultValue>
<value>1</value>
</defaultValue>
</outcomeDeclaration>
<outcomeDeclaration identifier="FEEDBACKBASIC" cardinality="single" baseType="identifier" view="testConstructor">
<defaultValue>
<value>empty</value>
</defaultValue>
</outcomeDeclaration>
<outcomeDeclaration identifier="FEEDBACKMODAL" cardinality="multiple" baseType="identifier" view="testConstructor"/>
<outcomeDeclaration identifier="SOLUTIONMODAL" cardinality="single" baseType="identifier" view="testConstructor"/>
<outcomeDeclaration identifier="MINSCORE" cardinality="single" baseType="float">
<defaultValue>
<value baseType="float">0</value>
</defaultValue>
</outcomeDeclaration>
<outcomeDeclaration identifier="SCORE_RESPONSE_1" cardinality="single" baseType="float">
<defaultValue>
<value>0.0</value>
</defaultValue>
</outcomeDeclaration>
<outcomeDeclaration identifier="MINSCORE_RESPONSE_1" cardinality="single" baseType="float">
<defaultValue>
<value>0.0</value>
</defaultValue>
</outcomeDeclaration>
<itemBody>
<p>A student investigated whether walking and puzzling (both expressed in number of minutes per day) have an effect on cognitive functioning in the elderly. She found the regression equation below: <math display="inline" xmlns="http://www.w3.org/1998/Math/MathML"><semantics><mrow><mi>c</mi><mi>o</mi><mi>g</mi><mi>n</mi><mi>i</mi><mi>t</mi><mi>i</mi><mi>e</mi><mi>t</mi><mi>e</mi><mi>s</mi><mi>t</mi><mo>=</mo><mn>5</mn><mo>+</mo><mn>0.5</mn><mi>w</mi><mi>a</mi><mi>n</mi><mi>d</mi><mi>e</mi><mi>l</mi><mi>e</mi><mi>n</mi><mo>+</mo><mn>0.3</mn><mi>p</mi><mi>u</mi><mi>z</mi><mi>z</mi><mi>e</mi><mi>l</mi><mi>e</mi><mi>n</mi><mo>+</mo><mi>e</mi></mrow><annotation encoding="application/x-tex">cognitietest = 5+0.5wandelen+0.3puzzelen+e</annotation></semantics></math>. Given are two elderly people, one of whom walks every day for 60 minutes but does not do puzzles, and the other who does puzzles every day for 120 minutes but does not walk. What is the expected difference in score on the cognition test between these two elderly people?</p>
<choiceInteraction responseIdentifier="vufgb-prediction-003-en-qti_211685077_section_1_item_1_schoice_RESPONSE_1_9492429" shuffle="false" maxChoices="1">
<simpleChoice identifier="vufgb-prediction-003-en-qti_211685077_section_1_item_1_schoice_1_1819069419">
<p>
 6
</p>
</simpleChoice>
<simpleChoice identifier="vufgb-prediction-003-en-qti_211685077_section_1_item_1_schoice_2_2279091842">
<p>
 10
</p>
</simpleChoice>
<simpleChoice identifier="vufgb-prediction-003-en-qti_211685077_section_1_item_1_schoice_3_6534669392">
<p>
 11
</p>
</simpleChoice>
<simpleChoice identifier="vufgb-prediction-003-en-qti_211685077_section_1_item_1_schoice_4_6348652442">
<p>
 42
</p>
</simpleChoice>
</choiceInteraction>
</itemBody>
<responseProcessing>
<setOutcomeValue identifier="SCORE_RESPONSE_1">
<sum>
<variable identifier="SCORE_RESPONSE_1"/>
<mapResponse identifier="vufgb-prediction-003-en-qti_211685077_section_1_item_1_schoice_RESPONSE_1_9492429"/>
</sum>
</setOutcomeValue>
<responseCondition>
<responseIf>
<lt>
<variable identifier="SCORE_RESPONSE_1"/>
<variable identifier="MINSCORE_RESPONSE_1"/>
</lt>
<setOutcomeValue identifier="SCORE_RESPONSE_1">
<variable identifier="MINSCORE_RESPONSE_1"/>
</setOutcomeValue>
</responseIf>
</responseCondition>
<responseCondition>
<responseIf>
<isNull>
<variable identifier="vufgb-prediction-003-en-qti_211685077_section_1_item_1_schoice_RESPONSE_1_9492429"/>
</isNull>
<setOutcomeValue identifier="SCORE_RESPONSE_1">
<sum>
<variable identifier="SCORE_RESPONSE_1"/>
<baseValue baseType="float">0</baseValue>
</sum>
</setOutcomeValue>
</responseIf>
</responseCondition>
<setOutcomeValue identifier="SCORE">
<sum>
<variable identifier="SCORE_RESPONSE_1"/>
</sum>
</setOutcomeValue>
<responseCondition>
<responseIf>
<lt>
<variable identifier="SCORE"/>
<variable identifier="MINSCORE"/>
</lt>
<setOutcomeValue identifier="SCORE">
<variable identifier="MINSCORE"/>
</setOutcomeValue>
</responseIf>
</responseCondition>
<responseCondition>
<responseIf>
<lt>
<variable identifier="SCORE"/>
<baseValue baseType="float">1</baseValue>
</lt>
<setOutcomeValue identifier="FEEDBACKMODAL">
<multiple>
<variable identifier="FEEDBACKMODAL"/>
<baseValue baseType="identifier">Feedback604918678</baseValue>
</multiple>
</setOutcomeValue>
</responseIf>
</responseCondition>
</responseProcessing>
<modalFeedback identifier="Feedback604918678" outcomeIdentifier="FEEDBACKMODAL" showHide="show">
<ul>
<li> 6 <br /> Correct </li>
<li> 10 <br /> Incorrect </li>
<li> 11 <br /> Incorrect </li>
<li> 42 <br /> Incorrect </li>
</ul>
</modalFeedback>
</assessmentItem>
