<?xml version="1.0" encoding="utf-8" standalone="yes"?>
<assessmentItem identifier="eur-factor-106-en-tv_202601131820_item_1_string" title="eur-factor-106-en-tv_202601131820_item_1_string_eur-factor-106-en" adaptive="false" timeDependent="false" toolName="Testvision Online" toolVersion="39.0.9084" xmlns="http://www.imsglobal.org/xsd/imsqti_v2p1">
<responseDeclaration identifier="RESPONSE" cardinality="single" baseType="string">
<correctResponse>
<value>""</value>
</correctResponse>
<mapping defaultValue="0">
<mapEntry mapKey="""" mappedValue="1" />
</mapping>
</responseDeclaration>
<outcomeDeclaration identifier="SCORE" cardinality="single" baseType="float" normalMaximum="1" normalMinimum="0" />
<outcomeDeclaration identifier="FEEDBACK" cardinality="single" baseType="identifier" />
<stylesheet href="css/eur-factor-106-en-tv_202601131820_item_1_string.css" type="text/css" />
<itemBody>
<p>In social science, researchers are interested in concepts that are not directly visible. After performing a factor analysis to extract the number of dimensions, it is common use to conduct a rotation. Generally, the researcher decides to do an orthogonal (varimax) or non-orthogonal (oblique) rotation to interpret the extracted dimensions. Why is a non‐orthogonal (oblique) rotation preferred over an orthogonal (varimax) rotation in most social science research?</p>
<extendedTextInteraction responseIdentifier="RESPONSE" expectedLength="12"/>
</itemBody>
<responseProcessing>
<responseCondition>
<responseIf>
<isNull>
<variable identifier="RESPONSE"/>
</isNull>
<setOutcomeValue identifier="SCORE">
<baseValue baseType="float">0.0</baseValue>
</setOutcomeValue>
<setOutcomeValue identifier="FEEDBACK">
<baseValue baseType="identifier">FAILURE</baseValue>
</setOutcomeValue>
</responseIf>
<responseElse>
<setOutcomeValue identifier="SCORE">
<mapResponse identifier="RESPONSE"/>
</setOutcomeValue>
<responseCondition>
<responseIf>
<equal toleranceMode="relative" tolerance="0.001">
<variable identifier="SCORE"/>
<variable identifier="MAXSCORE"/>
</equal>
<setOutcomeValue identifier="FEEDBACK">
<baseValue baseType="identifier">ANSWER_CORRECT</baseValue>
</setOutcomeValue>
</responseIf>
<responseElse>
<setOutcomeValue identifier="FEEDBACK">
<baseValue baseType="identifier">FAILURE</baseValue>
</setOutcomeValue>
</responseElse>
</responseCondition>
</responseElse>
</responseCondition>
</responseProcessing>
<modalFeedback identifier="FAILURE" outcomeIdentifier="FEEDBACK" showHide="show">
<div class="textblock tvblock tvcss_1"><div class="rte_zone tveditor1">
<p>Most theories in social science involve related constructs; therefore the factors measuring these constructs will be correlated. However, a varimax rotation would force the factors to be uncorrelated, twisting their meaning. Thus, the best option is an oblique rotation as it allows for factors to both be correlated or uncorrelated to each other, rather than forcing them to be fully uncorrelated.</p>
</div>
</div>
</modalFeedback>
<modalFeedback identifier="ANSWER_CORRECT" outcomeIdentifier="FEEDBACK" showHide="show">
<div class="textblock tvblock tvcss_1"><div class="rte_zone tveditor1">
<p>Most theories in social science involve related constructs; therefore the factors measuring these constructs will be correlated. However, a varimax rotation would force the factors to be uncorrelated, twisting their meaning. Thus, the best option is an oblique rotation as it allows for factors to both be correlated or uncorrelated to each other, rather than forcing them to be fully uncorrelated.</p>
</div>
</div>
</modalFeedback>
<modalFeedback identifier="PARTIAL_CORRECT" outcomeIdentifier="FEEDBACK" showHide="show">
<div class="textblock tvblock tvcss_1"><div class="rte_zone tveditor1">
<p>Most theories in social science involve related constructs; therefore the factors measuring these constructs will be correlated. However, a varimax rotation would force the factors to be uncorrelated, twisting their meaning. Thus, the best option is an oblique rotation as it allows for factors to both be correlated or uncorrelated to each other, rather than forcing them to be fully uncorrelated.</p>
</div>
</div>
</modalFeedback>
</assessmentItem>
