<?xml version="1.0" encoding="UTF-8"?>
<assessmentItem xsi:schemaLocation="http://www.imsglobal.org/xsd/imsqti_v2p1 http://www.imsglobal.org/xsd/qti/qtiv2p1/imsqti_v2p1p1.xsd http://www.w3.org/1998/Math/MathML http://www.w3.org/Math/XMLSchema/mathml2/mathml2.xsd" identifier="vufsw-critical_value-1276-en-qti_971274507_section_1_item_1_schoice" title="1" adaptive="false" timeDependent="false" xmlns="http://www.imsglobal.org/xsd/imsqti_v2p1" xmlns:xsi="http://www.w3.org/2001/XMLSchema-instance">
<responseDeclaration identifier="vufsw-critical_value-1276-en-qti_971274507_section_1_item_1_schoice_RESPONSE_1_8814036" cardinality="single" baseType="identifier">
<correctResponse>
<value>vufsw-critical_value-1276-en-qti_971274507_section_1_item_1_schoice_1_2416953991</value>
</correctResponse>
<mapping defaultValue="0" lowerBound="0.0">
<mapEntry mapKey="vufsw-critical_value-1276-en-qti_971274507_section_1_item_1_schoice_1_2416953991" mappedValue="1"/>
<mapEntry mapKey="vufsw-critical_value-1276-en-qti_971274507_section_1_item_1_schoice_2_3844746650" mappedValue="0"/>
<mapEntry mapKey="vufsw-critical_value-1276-en-qti_971274507_section_1_item_1_schoice_3_6771878819" mappedValue="0"/>
<mapEntry mapKey="vufsw-critical_value-1276-en-qti_971274507_section_1_item_1_schoice_4_8849259529" mappedValue="0"/>
<mapEntry mapKey="vufsw-critical_value-1276-en-qti_971274507_section_1_item_1_schoice_5_7741933206" mappedValue="0"/>
<mapEntry mapKey="vufsw-critical_value-1276-en-qti_971274507_section_1_item_1_schoice_6_1143219085" mappedValue="0"/>
</mapping>
</responseDeclaration>
<outcomeDeclaration identifier="SCORE" cardinality="single" baseType="float" normalMaximum="1" normalMinimum="0">
<defaultValue>
<value>0.0</value>
</defaultValue>
</outcomeDeclaration>
<outcomeDeclaration identifier="MAXSCORE" cardinality="single" baseType="float">
<defaultValue>
<value>1</value>
</defaultValue>
</outcomeDeclaration>
<outcomeDeclaration identifier="FEEDBACKBASIC" cardinality="single" baseType="identifier" view="testConstructor">
<defaultValue>
<value>empty</value>
</defaultValue>
</outcomeDeclaration>
<outcomeDeclaration identifier="FEEDBACKMODAL" cardinality="multiple" baseType="identifier" view="testConstructor"/>
<outcomeDeclaration identifier="SOLUTIONMODAL" cardinality="single" baseType="identifier" view="testConstructor"/>
<outcomeDeclaration identifier="MINSCORE" cardinality="single" baseType="float">
<defaultValue>
<value baseType="float">0</value>
</defaultValue>
</outcomeDeclaration>
<outcomeDeclaration identifier="SCORE_RESPONSE_1" cardinality="single" baseType="float">
<defaultValue>
<value>0.0</value>
</defaultValue>
</outcomeDeclaration>
<outcomeDeclaration identifier="MINSCORE_RESPONSE_1" cardinality="single" baseType="float">
<defaultValue>
<value>0.0</value>
</defaultValue>
</outcomeDeclaration>
<itemBody>
<p>A researcher is interested in the percentage of residents of the
Netherlands that sometimes feel unsafe in the street. She collects data
from a random sample of 81 individuals. In this sample, 37.5% answers
that they sometimes feel unsafe in the street. He wants to estimate the
95% confidence interval of this variable.</p>
<p>Which is the critical z-value that corresponds to a 95% confidence
interval? Round to 2 decimals.</p>
<choiceInteraction responseIdentifier="vufsw-critical_value-1276-en-qti_971274507_section_1_item_1_schoice_RESPONSE_1_8814036" shuffle="false" maxChoices="1">
<simpleChoice identifier="vufsw-critical_value-1276-en-qti_971274507_section_1_item_1_schoice_1_2416953991">
<p>
 1.96
</p>
</simpleChoice>
<simpleChoice identifier="vufsw-critical_value-1276-en-qti_971274507_section_1_item_1_schoice_2_3844746650">
<p>
 2.98
</p>
</simpleChoice>
<simpleChoice identifier="vufsw-critical_value-1276-en-qti_971274507_section_1_item_1_schoice_3_6771878819">
<p>
 2.33
</p>
</simpleChoice>
<simpleChoice identifier="vufsw-critical_value-1276-en-qti_971274507_section_1_item_1_schoice_4_8849259529">
<p>
 2.64
</p>
</simpleChoice>
<simpleChoice identifier="vufsw-critical_value-1276-en-qti_971274507_section_1_item_1_schoice_5_7741933206">
<p>
 2.58
</p>
</simpleChoice>
<simpleChoice identifier="vufsw-critical_value-1276-en-qti_971274507_section_1_item_1_schoice_6_1143219085">
<p>
 1.99
</p>
</simpleChoice>
</choiceInteraction>
</itemBody>
<responseProcessing>
<setOutcomeValue identifier="SCORE_RESPONSE_1">
<sum>
<variable identifier="SCORE_RESPONSE_1"/>
<mapResponse identifier="vufsw-critical_value-1276-en-qti_971274507_section_1_item_1_schoice_RESPONSE_1_8814036"/>
</sum>
</setOutcomeValue>
<responseCondition>
<responseIf>
<lt>
<variable identifier="SCORE_RESPONSE_1"/>
<variable identifier="MINSCORE_RESPONSE_1"/>
</lt>
<setOutcomeValue identifier="SCORE_RESPONSE_1">
<variable identifier="MINSCORE_RESPONSE_1"/>
</setOutcomeValue>
</responseIf>
</responseCondition>
<responseCondition>
<responseIf>
<isNull>
<variable identifier="vufsw-critical_value-1276-en-qti_971274507_section_1_item_1_schoice_RESPONSE_1_8814036"/>
</isNull>
<setOutcomeValue identifier="SCORE_RESPONSE_1">
<sum>
<variable identifier="SCORE_RESPONSE_1"/>
<baseValue baseType="float">0</baseValue>
</sum>
</setOutcomeValue>
</responseIf>
</responseCondition>
<setOutcomeValue identifier="SCORE">
<sum>
<variable identifier="SCORE_RESPONSE_1"/>
</sum>
</setOutcomeValue>
<responseCondition>
<responseIf>
<lt>
<variable identifier="SCORE"/>
<variable identifier="MINSCORE"/>
</lt>
<setOutcomeValue identifier="SCORE">
<variable identifier="MINSCORE"/>
</setOutcomeValue>
</responseIf>
</responseCondition>
<responseCondition>
<responseIf>
<lt>
<variable identifier="SCORE"/>
<baseValue baseType="float">1</baseValue>
</lt>
<setOutcomeValue identifier="FEEDBACKMODAL">
<multiple>
<variable identifier="FEEDBACKMODAL"/>
<baseValue baseType="identifier">Feedback956025923</baseValue>
</multiple>
</setOutcomeValue>
</responseIf>
</responseCondition>
</responseProcessing>
<modalFeedback identifier="Feedback956025923" outcomeIdentifier="FEEDBACKMODAL" showHide="show">
<ul>
<li> 1.96 <br /> True </li>
<li> 2.98 <br /> False </li>
<li> 2.33 <br /> False </li>
<li> 2.64 <br /> False </li>
<li> 2.58 <br /> False </li>
<li> 1.99 <br /> False </li>
</ul>
</modalFeedback>
</assessmentItem>
