<?xml version="1.0" encoding="utf-8" standalone="yes"?>
<assessmentItem identifier="vufgb-odds-007-en-tv_202601131822_item_1_schoice" title="vufgb-odds-007-en-tv_202601131822_item_1_schoice_vufgb-odds-007-en" adaptive="false" timeDependent="false" toolName="Testvision Online" toolVersion="39.0.9084" xmlns="http://www.imsglobal.org/xsd/imsqti_v2p1">
<responseDeclaration identifier="RESPONSE" cardinality="single" baseType="identifier">
<correctResponse>
<value>alt_211433</value>
</correctResponse>
<mapping defaultValue="0" lowerBound="0.0">
<mapEntry mapKey="alt_391247" mappedValue="-0.333333333333333"/>
<mapEntry mapKey="alt_211433" mappedValue="1"/>
<mapEntry mapKey="alt_548699" mappedValue="-0.333333333333333"/>
<mapEntry mapKey="alt_507749" mappedValue="-0.333333333333333"/>
</mapping>
</responseDeclaration>
<outcomeDeclaration identifier="SCORE" cardinality="single" baseType="float" normalMaximum="1" normalMinimum="0" />
<outcomeDeclaration identifier="FEEDBACK" cardinality="single" baseType="identifier" />
<stylesheet href="css/vufgb-odds-007-en-tv_202601131822_item_1_schoice.css" type="text/css" />
<itemBody>
<p>Given is the following approximate logistic regression equation: <em>Logit</em><math display="inline" xmlns="http://www.w3.org/1998/Math/MathML"><semantics><mrow><mrow><mo stretchy="true" form="prefix">[</mo><mi>P</mi><mrow><mo stretchy="true" form="prefix">(</mo><mi>y</mi><mo>=</mo><mn>1</mn><mo stretchy="true" form="postfix">)</mo></mrow><mo stretchy="true" form="postfix">]</mo></mrow><mo>=</mo><mn>5.33</mn><mo>−</mo><mn>2.92</mn><mi>x</mi></mrow><annotation encoding="application/x-tex">[P(y=1)]=5.33-2.92x</annotation></semantics></math>.</p>
<p>Calculate the odds as <math display="inline" xmlns="http://www.w3.org/1998/Math/MathML"><semantics><mrow><mi>x</mi><mo>=</mo><mn>2</mn></mrow><annotation encoding="application/x-tex">x=2</annotation></semantics></math>.</p>
<choiceInteraction responseIdentifier="RESPONSE" shuffle="false" maxChoices="1">
<simpleChoice identifier="alt_391247">
<div class="textblock tvblock tvcss_1"><div class="rte_zone tveditor1">
 0.51
</div>
</div>
</simpleChoice>
<simpleChoice identifier="alt_211433">
<div class="textblock tvblock tvcss_1"><div class="rte_zone tveditor1">
 0.60
</div>
</div>
</simpleChoice>
<simpleChoice identifier="alt_548699">
<div class="textblock tvblock tvcss_1"><div class="rte_zone tveditor1">
 0.96
</div>
</div>
</simpleChoice>
<simpleChoice identifier="alt_507749">
<div class="textblock tvblock tvcss_1"><div class="rte_zone tveditor1">
 1.04
</div>
</div>
</simpleChoice>
</choiceInteraction>
</itemBody>
<responseProcessing>
<responseCondition>
<responseIf>
<isNull>
<variable identifier="RESPONSE"/>
</isNull>
<setOutcomeValue identifier="SCORE">
<baseValue baseType="float">0.0</baseValue>
</setOutcomeValue>
<setOutcomeValue identifier="FEEDBACK">
<baseValue baseType="identifier">FAILURE</baseValue>
</setOutcomeValue>
</responseIf>
<responseElse>
<setOutcomeValue identifier="SCORE">
<mapResponse identifier="RESPONSE"/>
</setOutcomeValue>
<responseCondition>
<responseIf>
<equal toleranceMode="relative" tolerance="0.001">
<variable identifier="SCORE"/>
<variable identifier="MAXSCORE"/>
</equal>
<setOutcomeValue identifier="FEEDBACK">
<baseValue baseType="identifier">ANSWER_CORRECT</baseValue>
</setOutcomeValue>
</responseIf>
<responseElse>
<setOutcomeValue identifier="FEEDBACK">
<baseValue baseType="identifier">FAILURE</baseValue>
</setOutcomeValue>
</responseElse>
</responseCondition>
</responseElse>
</responseCondition>
</responseProcessing>
<modalFeedback identifier="FAILURE" outcomeIdentifier="FEEDBACK" showHide="show">
<div class="textblock tvblock tvcss_1"><div class="rte_zone tveditor1">
<ul>
<li> 0.51 <br /> Incorrect </li>
<li> 0.60 <br /> Correct </li>
<li> 0.96 <br /> Incorrect </li>
<li> 1.04 <br /> Incorrect </li>
</ul>
</div>
</div>
</modalFeedback>
<modalFeedback identifier="ANSWER_CORRECT" outcomeIdentifier="FEEDBACK" showHide="show">
<div class="textblock tvblock tvcss_1"><div class="rte_zone tveditor1">
<ul>
<li> 0.51 <br /> Incorrect </li>
<li> 0.60 <br /> Correct </li>
<li> 0.96 <br /> Incorrect </li>
<li> 1.04 <br /> Incorrect </li>
</ul>
</div>
</div>
</modalFeedback>
<modalFeedback identifier="PARTIAL_CORRECT" outcomeIdentifier="FEEDBACK" showHide="show">
<div class="textblock tvblock tvcss_1"><div class="rte_zone tveditor1">
<ul>
<li> 0.51 <br /> Incorrect </li>
<li> 0.60 <br /> Correct </li>
<li> 0.96 <br /> Incorrect </li>
<li> 1.04 <br /> Incorrect </li>
</ul>
</div>
</div>
</modalFeedback>
</assessmentItem>
