<?xml version="1.0" encoding="UTF-8"?>
<!DOCTYPE questestinterop SYSTEM "ims_qtiasiv1p2p1.dtd">

<questestinterop xmlns="http://www.imsglobal.org/xsd/ims_qtiasiv1p2" xmlns:xsi="http://www.w3.org/2001/XMLSchema-instance" xsi:schemaLocation="http://www.imsglobal.org/xsd/ims_qtiasiv1p2 http://www.imsglobal.org/xsd/ims_qtiasiv1p2p1.xsd">
<assessment ident="uu-Power-841-nl-canvas_323330309" title="uu-Power-841-nl-canvas">

<qtimetadata>
<qtimetadatafield>
<fieldlabel>cc_maxattempts</fieldlabel>
<fieldentry>1</fieldentry>
</qtimetadatafield>
<qtimetadatafield>
<fieldlabel>qmd_assessmenttype</fieldlabel>
<fieldentry>Assessment</fieldentry>
</qtimetadatafield>
</qtimetadata>
<objectives>
<material>
<mattext><![CDATA[Please solve the following exercises.]]></mattext>
</material>
</objectives>
<assessmentcontrol feedbackswitch="No" hintswitch="No" solutionswitch="Yes"/>
<outcomes_processing scoremodel="SumOfScores">
<outcomes>
<decvar varname="SCORE" vartype="Decimal" cutvalue="0"/>
</outcomes>
</outcomes_processing>
<assessfeedback title="AssessmentFeedback" ident="AssessmentFeedback">
<flow_mat>
<material>
<mattext>##AssessmentFeedback##</mattext>
</material>
</flow_mat>
</assessfeedback>

<section ident="uu-Power-841-nl-canvas_323330309_section_1" title="Exercise">

<objectives>
<material>
<mattext><![CDATA[Please answer the following question.]]></mattext>
</material>
</objectives>
<selection_ordering>
<selection>
<selection_number>1</selection_number>
<selection_extension>
<points_per_item>1</points_per_item>
</selection_extension>
</selection>
<order order_type="Random"/>
</selection_ordering>

<item ident="uu-Power-841-nl-canvas_323330309_section_1_item_1_schoice" title="Question" maxattempts="1">
<itemcontrol feedbackswitch="No" hintswitch="No" solutionswitch="Yes"/>
<itemmetadata>
<qtimetadata>
<qtimetadatafield>
<fieldlabel>question_type</fieldlabel>
<fieldentry>multiple_choice_question</fieldentry>
</qtimetadatafield>
</qtimetadata>
</itemmetadata>
<presentation>
<flow>
<material>
<matbreak/>
<mattext texttype="text/html" charset="utf-8"><![CDATA[
<p>Een onderzoeker bekijkt de relatie tussen motivatie op het werk en ziekteverlof. Hij vindt een correlatie van r = .28 met df = 28. Hij presenteert de resultaten als volgt: ‘Er was geen significante correlatie tussen motivatie op het werk en ziekteverlof.’ Een tweede onderzoeker vindt een correlatie van r = .26 met df = 80. Zij presenteert het volgende: ‘Er was een kleine, maar significante correlatie tussen motivatie op het werk en ziekteverlof.’</p>
<p>Beiden hebben getoetst op 5%.</p>
<p>Hoe is dit mogelijk?</p>
]]></mattext>
<matbreak/>
</material>
<response_lid ident="uu-Power-841-nl-canvas_323330309_section_1_item_1_schoice_RESPONSE_6437994" rcardinality="Single" rtiming="No">
<render_choice shuffle="No">
<flow_label class="List">
<response_label ident="uu-Power-841-nl-canvas_323330309_section_1_item_1_schoice_2677678572" rshuffle="No">
<material>
<mattext texttype="text/html" charset="utf-8"><![CDATA[
 De eerste onderzoeker had een grotere <span class="math inline">\(\alpha\)</span> moeten gebruiken.
]]></mattext>
</material>
</response_label>
</flow_label>
<flow_label class="List">
<response_label ident="uu-Power-841-nl-canvas_323330309_section_1_item_1_schoice_1719813720" rshuffle="No">
<material>
<mattext texttype="text/html" charset="utf-8"><![CDATA[
 De eerste onderzoeker heeft een type I fout gemaakt.
]]></mattext>
</material>
</response_label>
</flow_label>
<flow_label class="List">
<response_label ident="uu-Power-841-nl-canvas_323330309_section_1_item_1_schoice_7822670230" rshuffle="No">
<material>
<mattext texttype="text/html" charset="utf-8"><![CDATA[
 De tweede onderzoeker heeft een kleinere power.
]]></mattext>
</material>
</response_label>
</flow_label>
<flow_label class="List">
<response_label ident="uu-Power-841-nl-canvas_323330309_section_1_item_1_schoice_9873313713" rshuffle="No">
<material>
<mattext texttype="text/html" charset="utf-8"><![CDATA[
 De tweede onderzoeker heeft een grotere power.
]]></mattext>
</material>
</response_label>
</flow_label>
</render_choice>
</response_lid>
</flow>
</presentation>
<resprocessing>
<outcomes>
<decvar varname="SCORE" vartype="Decimal" defaultval="0" minvalue="0" maxvalue="1" cutvalue="1"/>
</outcomes>
<respcondition title="Mastery" continue="No">
<conditionvar>
<and>
<varequal respident="uu-Power-841-nl-canvas_323330309_section_1_item_1_schoice_RESPONSE_6437994" case="Yes">uu-Power-841-nl-canvas_323330309_section_1_item_1_schoice_9873313713</varequal>
<not> <varequal respident="uu-Power-841-nl-canvas_323330309_section_1_item_1_schoice_RESPONSE_6437994" case="Yes">uu-Power-841-nl-canvas_323330309_section_1_item_1_schoice_2677678572</varequal> </not>
<not> <varequal respident="uu-Power-841-nl-canvas_323330309_section_1_item_1_schoice_RESPONSE_6437994" case="Yes">uu-Power-841-nl-canvas_323330309_section_1_item_1_schoice_1719813720</varequal> </not>
<not> <varequal respident="uu-Power-841-nl-canvas_323330309_section_1_item_1_schoice_RESPONSE_6437994" case="Yes">uu-Power-841-nl-canvas_323330309_section_1_item_1_schoice_7822670230</varequal> </not>
</and>
</conditionvar>
<setvar varname="SCORE" action="Set">1</setvar>
<displayfeedback feedbacktype="Response" linkrefid="correct_fb"/>
</respcondition>
<respcondition continue="Yes">
<conditionvar>
<other/>
</conditionvar>
<displayfeedback feedbacktype="Response" linkrefid="general_incorrect_fb"/>
</respcondition>
</resprocessing>
<itemfeedback ident="correct_fb" view="All">
<flow_mat>
<material>
<mattext texttype="text/html"><![CDATA[
<ul>
<li>is een juiste oplossing. Echter sluit dit niet aan bij de vraag.</li>
<li>is fout omdat bij een Type I fout, de H0 onterecht verwezen wordt. De eerste onderzoeker neemt H0 juist aan.</li>
<li>is fout omdat dit precies verkeerd geredeneerd is.</li>
<li>Dit is correct!Door een grotere steekproef te nemen (81 vs 29 ppn) vergroot je de kans om H0 te verwerpen. Anders gezegd: dit leidt tot een grotere power.</li>
</ul>
]]></mattext>
</material>
</flow_mat>
</itemfeedback>
<itemfeedback ident="general_incorrect_fb" view="All">
<flow_mat>
<material>
<mattext texttype="text/html"><![CDATA[
<ul>
<li>is een juiste oplossing. Echter sluit dit niet aan bij de vraag.</li>
<li>is fout omdat bij een Type I fout, de H0 onterecht verwezen wordt. De eerste onderzoeker neemt H0 juist aan.</li>
<li>is fout omdat dit precies verkeerd geredeneerd is.</li>
<li>Dit is correct!Door een grotere steekproef te nemen (81 vs 29 ppn) vergroot je de kans om H0 te verwerpen. Anders gezegd: dit leidt tot een grotere power.</li>
</ul>
]]></mattext>
</material>
</flow_mat>
</itemfeedback>
</item>


</section>

</assessment>
</questestinterop>
