<?xml version="1.0" encoding="utf-8" standalone="yes"?>
<assessmentItem identifier="vufgb-oddsratio-004-nl-tv_202507081245_item_1_schoice" title="vufgb-oddsratio-004-nl-tv_202507081245_item_1_schoice_vufgb-oddsratio-004-nl" adaptive="false" timeDependent="false" toolName="Testvision Online" toolVersion="39.0.9084" xmlns="http://www.imsglobal.org/xsd/imsqti_v2p1">
<responseDeclaration identifier="RESPONSE" cardinality="single" baseType="identifier">
<correctResponse>
<value>alt_130376</value>
</correctResponse>
<mapping defaultValue="0" lowerBound="0.0">
<mapEntry mapKey="alt_389025" mappedValue="-0.333333333333333"/>
<mapEntry mapKey="alt_438345" mappedValue="-0.333333333333333"/>
<mapEntry mapKey="alt_130376" mappedValue="1"/>
<mapEntry mapKey="alt_478438" mappedValue="-0.333333333333333"/>
</mapping>
</responseDeclaration>
<outcomeDeclaration identifier="SCORE" cardinality="single" baseType="float" normalMaximum="1" normalMinimum="0" />
<outcomeDeclaration identifier="FEEDBACK" cardinality="single" baseType="identifier" />
<stylesheet href="css/vufgb-oddsratio-004-nl-tv_202507081245_item_1_schoice.css" type="text/css" />
<itemBody>
<p>Een onderzoeker wil weten of er een verschil is tussen mannen (groep 1) en vrouwen (groep 2) in het al dan niet vegetarisch zijn. Bereken op basis van onderstaande tabel de <strong>odds ratio</strong> om dit verschil weer te geven.</p>
<p>Formule voor de odds ratio:</p>
<p><math display="inline" xmlns="http://www.w3.org/1998/Math/MathML"><semantics><mrow><mi>θ</mi><mo>=</mo><mfrac><mfrac><msub><mi>π</mi><mn>1</mn></msub><mrow><mo stretchy="true" form="prefix">(</mo><mn>1</mn><mo>−</mo><msub><mi>π</mi><mn>1</mn></msub><mo stretchy="true" form="postfix">)</mo></mrow></mfrac><mfrac><msub><mi>π</mi><mn>2</mn></msub><mrow><mo stretchy="true" form="prefix">(</mo><mn>1</mn><mo>−</mo><msub><mi>π</mi><mn>2</mn></msub><mo stretchy="true" form="postfix">)</mo></mrow></mfrac></mfrac></mrow><annotation encoding="application/x-tex">\theta = \frac{\frac{\pi_{1}}{(1-\pi_{1})}}{\frac{\pi_{2}}{(1-\pi_{2})}}</annotation></semantics></math></p>
<p><img src="mediafiles/supplements1/vufgb-oddsratio-004-nl-table01.jpg" alt="image"/></p>
<choiceInteraction responseIdentifier="RESPONSE" shuffle="false" maxChoices="1">
<simpleChoice identifier="alt_389025">
<div class="textblock tvblock tvcss_1"><div class="rte_zone tveditor1">
 0.22
</div>
</div>
</simpleChoice>
<simpleChoice identifier="alt_438345">
<div class="textblock tvblock tvcss_1"><div class="rte_zone tveditor1">
 0.30
</div>
</div>
</simpleChoice>
<simpleChoice identifier="alt_130376">
<div class="textblock tvblock tvcss_1"><div class="rte_zone tveditor1">
 0.70
</div>
</div>
</simpleChoice>
<simpleChoice identifier="alt_478438">
<div class="textblock tvblock tvcss_1"><div class="rte_zone tveditor1">
 0.78
</div>
</div>
</simpleChoice>
</choiceInteraction>
</itemBody>
<responseProcessing>
<responseCondition>
<responseIf>
<isNull>
<variable identifier="RESPONSE"/>
</isNull>
<setOutcomeValue identifier="SCORE">
<baseValue baseType="float">0.0</baseValue>
</setOutcomeValue>
<setOutcomeValue identifier="FEEDBACK">
<baseValue baseType="identifier">FAILURE</baseValue>
</setOutcomeValue>
</responseIf>
<responseElse>
<setOutcomeValue identifier="SCORE">
<mapResponse identifier="RESPONSE"/>
</setOutcomeValue>
<responseCondition>
<responseIf>
<equal toleranceMode="relative" tolerance="0.001">
<variable identifier="SCORE"/>
<variable identifier="MAXSCORE"/>
</equal>
<setOutcomeValue identifier="FEEDBACK">
<baseValue baseType="identifier">ANSWER_CORRECT</baseValue>
</setOutcomeValue>
</responseIf>
<responseElse>
<setOutcomeValue identifier="FEEDBACK">
<baseValue baseType="identifier">FAILURE</baseValue>
</setOutcomeValue>
</responseElse>
</responseCondition>
</responseElse>
</responseCondition>
</responseProcessing>
<modalFeedback identifier="FAILURE" outcomeIdentifier="FEEDBACK" showHide="show">
<div class="textblock tvblock tvcss_1"><div class="rte_zone tveditor1">
<ul>
<li> 0.22 <br /> Incorrect </li>
<li> 0.30 <br /> Incorrect </li>
<li> 0.70 <br /> Correct </li>
<li> 0.78 <br /> Incorrect </li>
</ul>
</div>
</div>
</modalFeedback>
<modalFeedback identifier="ANSWER_CORRECT" outcomeIdentifier="FEEDBACK" showHide="show">
<div class="textblock tvblock tvcss_1"><div class="rte_zone tveditor1">
<ul>
<li> 0.22 <br /> Incorrect </li>
<li> 0.30 <br /> Incorrect </li>
<li> 0.70 <br /> Correct </li>
<li> 0.78 <br /> Incorrect </li>
</ul>
</div>
</div>
</modalFeedback>
<modalFeedback identifier="PARTIAL_CORRECT" outcomeIdentifier="FEEDBACK" showHide="show">
<div class="textblock tvblock tvcss_1"><div class="rte_zone tveditor1">
<ul>
<li> 0.22 <br /> Incorrect </li>
<li> 0.30 <br /> Incorrect </li>
<li> 0.70 <br /> Correct </li>
<li> 0.78 <br /> Incorrect </li>
</ul>
</div>
</div>
</modalFeedback>
</assessmentItem>
