<?xml version="1.0" encoding="utf-8" standalone="yes"?>
<assessmentItem identifier="vufgb-onewayrepeatedmeasuresanova-006-nl-tv_202307180610_item_1_schoice" title="vufgb-onewayrepeatedmeasuresanova-006-nl-tv_202307180610_item_1_schoice_vufgb-onewayrepeatedmeasuresanova-006-nl" adaptive="false" timeDependent="false" toolName="Testvision Online" toolVersion="39.0.9084" xmlns="http://www.imsglobal.org/xsd/imsqti_v2p1">
<responseDeclaration identifier="RESPONSE" cardinality="single" baseType="identifier">
<correctResponse>
<value>alt_952609</value>
</correctResponse>
<mapping defaultValue="0" lowerBound="0.0">
<mapEntry mapKey="alt_952609" mappedValue="1"/>
<mapEntry mapKey="alt_972954" mappedValue="-0.333333333333333"/>
<mapEntry mapKey="alt_854495" mappedValue="-0.333333333333333"/>
<mapEntry mapKey="alt_422871" mappedValue="-0.333333333333333"/>
</mapping>
</responseDeclaration>
<outcomeDeclaration identifier="SCORE" cardinality="single" baseType="float" normalMaximum="1" normalMinimum="0" />
<outcomeDeclaration identifier="FEEDBACK" cardinality="single" baseType="identifier" />
<itemBody>
<p>Gegeven is de volgende kwadratensom die hoort bij een herhaalde metingen ANOVA: <math display="inline" xmlns="http://www.w3.org/1998/Math/MathML"><semantics><mrow><mi>S</mi><msub><mi>S</mi><mrow><mi>p</mi><mi>e</mi><mi>r</mi><mi>s</mi><mi>o</mi><mi>n</mi><mi>s</mi></mrow></msub><mo>=</mo><mi>k</mi><mo>*</mo><mi>Σ</mi><mo stretchy="false" form="prefix">(</mo><msub><mi>M</mi><mrow><mi>p</mi><mi>i</mi></mrow></msub><mo>−</mo><msub><mi>M</mi><mrow><mi>g</mi><mi>r</mi><mi>a</mi><mi>n</mi><mi>d</mi></mrow></msub><msup><mo stretchy="false" form="postfix">)</mo><mn>2</mn></msup></mrow><annotation encoding="application/x-tex">SS_{persons} = k * Σ(M_{pi} - M_{grand})^2</annotation></semantics></math>. Wat staat er in de formule tussen de haakjes <math display="inline" xmlns="http://www.w3.org/1998/Math/MathML"><semantics><mrow><mo stretchy="false" form="prefix">(</mo><msub><mi>M</mi><mrow><mi>p</mi><mi>i</mi></mrow></msub><mo>−</mo><msub><mi>M</mi><mrow><mi>g</mi><mi>r</mi><mi>a</mi><mi>n</mi><mi>d</mi></mrow></msub><mo stretchy="false" form="postfix">)</mo></mrow><annotation encoding="application/x-tex">(M_{pi} - M_{grand})</annotation></semantics></math>?</p>
<choiceInteraction responseIdentifier="RESPONSE" shuffle="false" maxChoices="1">
<simpleChoice identifier="alt_952609">
<div class="textblock tvblock tvcss_1"><div class="rte_zone tveditor1">
 De deviatie van het gemiddelde van persoon <em>i</em> ten opzichte van het algemeen gemiddelde.
</div>
</div>
</simpleChoice>
<simpleChoice identifier="alt_972954">
<div class="textblock tvblock tvcss_1"><div class="rte_zone tveditor1">
 De deviatie van het gemiddelde van tijdstip <em>i</em> ten opzichte van het algemeen gemiddelde.
</div>
</div>
</simpleChoice>
<simpleChoice identifier="alt_854495">
<div class="textblock tvblock tvcss_1"><div class="rte_zone tveditor1">
 De deviatie van de gemiddelde persoon ten opzichte van het algemeen gemiddelde.
</div>
</div>
</simpleChoice>
<simpleChoice identifier="alt_422871">
<div class="textblock tvblock tvcss_1"><div class="rte_zone tveditor1">
 De deviatie van het gemiddelde tijdstip ten opzichte van het algemeen gemiddelde.
</div>
</div>
</simpleChoice>
</choiceInteraction>
</itemBody>
<responseProcessing>
<responseCondition>
<responseIf>
<isNull>
<variable identifier="RESPONSE"/>
</isNull>
<setOutcomeValue identifier="SCORE">
<baseValue baseType="float">0.0</baseValue>
</setOutcomeValue>
<setOutcomeValue identifier="FEEDBACK">
<baseValue baseType="identifier">FAILURE</baseValue>
</setOutcomeValue>
</responseIf>
<responseElse>
<setOutcomeValue identifier="SCORE">
<mapResponse identifier="RESPONSE"/>
</setOutcomeValue>
<responseCondition>
<responseIf>
<equal toleranceMode="relative" tolerance="0.001">
<variable identifier="SCORE"/>
<variable identifier="MAXSCORE"/>
</equal>
<setOutcomeValue identifier="FEEDBACK">
<baseValue baseType="identifier">ANSWER_CORRECT</baseValue>
</setOutcomeValue>
</responseIf>
<responseElse>
<setOutcomeValue identifier="FEEDBACK">
<baseValue baseType="identifier">FAILURE</baseValue>
</setOutcomeValue>
</responseElse>
</responseCondition>
</responseElse>
</responseCondition>
</responseProcessing>
<modalFeedback identifier="FAILURE" outcomeIdentifier="FEEDBACK" showHide="show">
<div class="textblock tvblock tvcss_1"><div class="rte_zone tveditor1">
</div>
</div>
</modalFeedback>
<modalFeedback identifier="ANSWER_CORRECT" outcomeIdentifier="FEEDBACK" showHide="show">
<div class="textblock tvblock tvcss_1"><div class="rte_zone tveditor1">
</div>
</div>
</modalFeedback>
<modalFeedback identifier="PARTIAL_CORRECT" outcomeIdentifier="FEEDBACK" showHide="show">
<div class="textblock tvblock tvcss_1"><div class="rte_zone tveditor1">
</div>
</div>
</modalFeedback>
</assessmentItem>
