<?xml version="1.0" encoding="UTF-8"?>
<!DOCTYPE questestinterop SYSTEM "ims_qtiasiv1p2p1.dtd">

<questestinterop xmlns="http://www.imsglobal.org/xsd/ims_qtiasiv1p2" xmlns:xsi="http://www.w3.org/2001/XMLSchema-instance" xsi:schemaLocation="http://www.imsglobal.org/xsd/ims_qtiasiv1p2 http://www.imsglobal.org/xsd/ims_qtiasiv1p2p1.xsd">
<assessment ident="vufgb-residuals-004-en-canvas_997132271" title="vufgb-residuals-004-en-canvas">

<qtimetadata>
<qtimetadatafield>
<fieldlabel>cc_maxattempts</fieldlabel>
<fieldentry>1</fieldentry>
</qtimetadatafield>
<qtimetadatafield>
<fieldlabel>qmd_assessmenttype</fieldlabel>
<fieldentry>Assessment</fieldentry>
</qtimetadatafield>
</qtimetadata>
<objectives>
<material>
<mattext><![CDATA[Please solve the following exercises.]]></mattext>
</material>
</objectives>
<assessmentcontrol feedbackswitch="No" hintswitch="No" solutionswitch="Yes"/>
<outcomes_processing scoremodel="SumOfScores">
<outcomes>
<decvar varname="SCORE" vartype="Decimal" cutvalue="0"/>
</outcomes>
</outcomes_processing>
<assessfeedback title="AssessmentFeedback" ident="AssessmentFeedback">
<flow_mat>
<material>
<mattext>##AssessmentFeedback##</mattext>
</material>
</flow_mat>
</assessfeedback>

<section ident="vufgb-residuals-004-en-canvas_997132271_section_1" title="Exercise">

<objectives>
<material>
<mattext><![CDATA[Please answer the following question.]]></mattext>
</material>
</objectives>
<selection_ordering>
<selection>
<selection_number>1</selection_number>
<selection_extension>
<points_per_item>1</points_per_item>
</selection_extension>
</selection>
<order order_type="Random"/>
</selection_ordering>

<item ident="vufgb-residuals-004-en-canvas_997132271_section_1_item_1_schoice" title="Question" maxattempts="1">
<itemcontrol feedbackswitch="No" hintswitch="No" solutionswitch="Yes"/>
<itemmetadata>
<qtimetadata>
<qtimetadatafield>
<fieldlabel>question_type</fieldlabel>
<fieldentry>multiple_choice_question</fieldentry>
</qtimetadatafield>
</qtimetadata>
</itemmetadata>
<presentation>
<flow>
<material>
<matbreak/>
<mattext texttype="text/html" charset="utf-8"><![CDATA[
<p>A researcher finds the following estimated regression equation: <span class="math inline">\(\hat{y} = 3.5+2.2x_{1}-0.6x_{2}-4.0x_{3}\)</span>. Calculate the residual for a person with scores <span class="math inline">\(y = 10\)</span>, <span class="math inline">\(x_{1} = 5\)</span>, <span class="math inline">\(x_{2} = 2\)</span> and <span class="math inline">\(x_{3} = 1\)</span>.</p>
]]></mattext>
<matbreak/>
</material>
<response_lid ident="vufgb-residuals-004-en-canvas_997132271_section_1_item_1_schoice_RESPONSE_1182155" rcardinality="Single" rtiming="No">
<render_choice shuffle="No">
<flow_label class="List">
<response_label ident="vufgb-residuals-004-en-canvas_997132271_section_1_item_1_schoice_5944368426" rshuffle="No">
<material>
<mattext texttype="text/html" charset="utf-8"><![CDATA[
 0.7
]]></mattext>
</material>
</response_label>
</flow_label>
<flow_label class="List">
<response_label ident="vufgb-residuals-004-en-canvas_997132271_section_1_item_1_schoice_5839897470" rshuffle="No">
<material>
<mattext texttype="text/html" charset="utf-8"><![CDATA[
 -1.7
]]></mattext>
</material>
</response_label>
</flow_label>
<flow_label class="List">
<response_label ident="vufgb-residuals-004-en-canvas_997132271_section_1_item_1_schoice_5576532382" rshuffle="No">
<material>
<mattext texttype="text/html" charset="utf-8"><![CDATA[
 9.3
]]></mattext>
</material>
</response_label>
</flow_label>
<flow_label class="List">
<response_label ident="vufgb-residuals-004-en-canvas_997132271_section_1_item_1_schoice_5894904128" rshuffle="No">
<material>
<mattext texttype="text/html" charset="utf-8"><![CDATA[
 6.5
]]></mattext>
</material>
</response_label>
</flow_label>
</render_choice>
</response_lid>
</flow>
</presentation>
<resprocessing>
<outcomes>
<decvar varname="SCORE" vartype="Decimal" defaultval="0" minvalue="0" maxvalue="1" cutvalue="1"/>
</outcomes>
<respcondition title="Mastery" continue="No">
<conditionvar>
<and>
<varequal respident="vufgb-residuals-004-en-canvas_997132271_section_1_item_1_schoice_RESPONSE_1182155" case="Yes">vufgb-residuals-004-en-canvas_997132271_section_1_item_1_schoice_5944368426</varequal>
<not> <varequal respident="vufgb-residuals-004-en-canvas_997132271_section_1_item_1_schoice_RESPONSE_1182155" case="Yes">vufgb-residuals-004-en-canvas_997132271_section_1_item_1_schoice_5839897470</varequal> </not>
<not> <varequal respident="vufgb-residuals-004-en-canvas_997132271_section_1_item_1_schoice_RESPONSE_1182155" case="Yes">vufgb-residuals-004-en-canvas_997132271_section_1_item_1_schoice_5576532382</varequal> </not>
<not> <varequal respident="vufgb-residuals-004-en-canvas_997132271_section_1_item_1_schoice_RESPONSE_1182155" case="Yes">vufgb-residuals-004-en-canvas_997132271_section_1_item_1_schoice_5894904128</varequal> </not>
</and>
</conditionvar>
<setvar varname="SCORE" action="Set">1</setvar>
<displayfeedback feedbacktype="Response" linkrefid="correct_fb"/>
</respcondition>
<respcondition continue="Yes">
<conditionvar>
<other/>
</conditionvar>
<displayfeedback feedbacktype="Response" linkrefid="general_incorrect_fb"/>
</respcondition>
</resprocessing>
<itemfeedback ident="correct_fb" view="All">
<flow_mat>
<material>
<mattext texttype="text/html"><![CDATA[
<ul>
<li> 0.7 <br /> Correct </li>
<li> -1.7 <br /> Incorrect </li>
<li> 9.3 <br /> Incorrect </li>
<li> 6.5 <br /> Incorrect </li>
</ul>
]]></mattext>
</material>
</flow_mat>
</itemfeedback>
<itemfeedback ident="general_incorrect_fb" view="All">
<flow_mat>
<material>
<mattext texttype="text/html"><![CDATA[
<ul>
<li> 0.7 <br /> Correct </li>
<li> -1.7 <br /> Incorrect </li>
<li> 9.3 <br /> Incorrect </li>
<li> 6.5 <br /> Incorrect </li>
</ul>
]]></mattext>
</material>
</flow_mat>
</itemfeedback>
</item>


</section>

</assessment>
</questestinterop>
