<?xml version="1.0" encoding="UTF-8"?>
<assessmentItem xsi:schemaLocation="http://www.imsglobal.org/xsd/imsqti_v2p1 http://www.imsglobal.org/xsd/qti/qtiv2p1/imsqti_v2p1p1.xsd http://www.w3.org/1998/Math/MathML http://www.w3.org/Math/XMLSchema/mathml2/mathml2.xsd" identifier="uva-sample-space-1018-en-ans_883805742_section_1_item_1_schoice" title="Probability_uva-sample-space-1018-en_uva-sample-space-1018-en_schoice_1" adaptive="false" timeDependent="false" xmlns="http://www.imsglobal.org/xsd/imsqti_v2p1" xmlns:xsi="http://www.w3.org/2001/XMLSchema-instance">
<responseDeclaration identifier="uva-sample-space-1018-en-ans_883805742_section_1_item_1_schoice_RESPONSE_1_8892564" cardinality="single" baseType="identifier">
<correctResponse>
<value>uva-sample-space-1018-en-ans_883805742_section_1_item_1_schoice_4_1644157629</value>
</correctResponse>
<mapping defaultValue="0" lowerBound="0.0">
<mapEntry mapKey="uva-sample-space-1018-en-ans_883805742_section_1_item_1_schoice_1_1512727948" mappedValue="0"/>
<mapEntry mapKey="uva-sample-space-1018-en-ans_883805742_section_1_item_1_schoice_2_3512280350" mappedValue="0"/>
<mapEntry mapKey="uva-sample-space-1018-en-ans_883805742_section_1_item_1_schoice_3_2293539315" mappedValue="0"/>
<mapEntry mapKey="uva-sample-space-1018-en-ans_883805742_section_1_item_1_schoice_4_1644157629" mappedValue="1"/>
</mapping>
</responseDeclaration>
<outcomeDeclaration identifier="SCORE" cardinality="single" baseType="float" normalMaximum="1" normalMinimum="0">
<defaultValue>
<value>0.0</value>
</defaultValue>
</outcomeDeclaration>
<outcomeDeclaration identifier="MAXSCORE" cardinality="single" baseType="float">
<defaultValue>
<value>1</value>
</defaultValue>
</outcomeDeclaration>
<outcomeDeclaration identifier="FEEDBACKBASIC" cardinality="single" baseType="identifier" view="testConstructor">
<defaultValue>
<value>empty</value>
</defaultValue>
</outcomeDeclaration>
<outcomeDeclaration identifier="FEEDBACKMODAL" cardinality="multiple" baseType="identifier" view="testConstructor"/>
<outcomeDeclaration identifier="SOLUTIONMODAL" cardinality="single" baseType="identifier" view="testConstructor"/>
<outcomeDeclaration identifier="MINSCORE" cardinality="single" baseType="float">
<defaultValue>
<value baseType="float">0</value>
</defaultValue>
</outcomeDeclaration>
<outcomeDeclaration identifier="SCORE_RESPONSE_1" cardinality="single" baseType="float">
<defaultValue>
<value>0.0</value>
</defaultValue>
</outcomeDeclaration>
<outcomeDeclaration identifier="MINSCORE_RESPONSE_1" cardinality="single" baseType="float">
<defaultValue>
<value>0.0</value>
</defaultValue>
</outcomeDeclaration>
<itemBody>
<p>If you roll up two pure dice at the same time then there are 36 possible outcomes. Define event <em>A</em> as: the sum of the number of eyes is at most 6. How many outcomes does event <em>A</em> have?</p>
<choiceInteraction responseIdentifier="uva-sample-space-1018-en-ans_883805742_section_1_item_1_schoice_RESPONSE_1_8892564" shuffle="false" maxChoices="1">
<simpleChoice identifier="uva-sample-space-1018-en-ans_883805742_section_1_item_1_schoice_1_1512727948">
<p>
 4
</p>
</simpleChoice>
<simpleChoice identifier="uva-sample-space-1018-en-ans_883805742_section_1_item_1_schoice_2_3512280350">
<p>
 5
</p>
</simpleChoice>
<simpleChoice identifier="uva-sample-space-1018-en-ans_883805742_section_1_item_1_schoice_3_2293539315">
<p>
 9
</p>
</simpleChoice>
<simpleChoice identifier="uva-sample-space-1018-en-ans_883805742_section_1_item_1_schoice_4_1644157629">
<p>
 15
</p>
</simpleChoice>
</choiceInteraction>
</itemBody>
<responseProcessing>
<setOutcomeValue identifier="SCORE_RESPONSE_1">
<sum>
<variable identifier="SCORE_RESPONSE_1"/>
<mapResponse identifier="uva-sample-space-1018-en-ans_883805742_section_1_item_1_schoice_RESPONSE_1_8892564"/>
</sum>
</setOutcomeValue>
<responseCondition>
<responseIf>
<lt>
<variable identifier="SCORE_RESPONSE_1"/>
<variable identifier="MINSCORE_RESPONSE_1"/>
</lt>
<setOutcomeValue identifier="SCORE_RESPONSE_1">
<variable identifier="MINSCORE_RESPONSE_1"/>
</setOutcomeValue>
</responseIf>
</responseCondition>
<responseCondition>
<responseIf>
<isNull>
<variable identifier="uva-sample-space-1018-en-ans_883805742_section_1_item_1_schoice_RESPONSE_1_8892564"/>
</isNull>
<setOutcomeValue identifier="SCORE_RESPONSE_1">
<sum>
<variable identifier="SCORE_RESPONSE_1"/>
<baseValue baseType="float">0</baseValue>
</sum>
</setOutcomeValue>
</responseIf>
</responseCondition>
<setOutcomeValue identifier="SCORE">
<sum>
<variable identifier="SCORE_RESPONSE_1"/>
</sum>
</setOutcomeValue>
<responseCondition>
<responseIf>
<lt>
<variable identifier="SCORE"/>
<variable identifier="MINSCORE"/>
</lt>
<setOutcomeValue identifier="SCORE">
<variable identifier="MINSCORE"/>
</setOutcomeValue>
</responseIf>
</responseCondition>
<responseCondition>
<responseIf>
<lt>
<variable identifier="SCORE"/>
<baseValue baseType="float">1</baseValue>
</lt>
<setOutcomeValue identifier="FEEDBACKMODAL">
<multiple>
<variable identifier="FEEDBACKMODAL"/>
<baseValue baseType="identifier">Feedback747152204</baseValue>
</multiple>
</setOutcomeValue>
</responseIf>
</responseCondition>
</responseProcessing>
<modalFeedback outcomeIdentifier="FEEDBACK" showHide="show" identifier="incorrect">
<ul>
<li> 4 <br /> 4: Incorrect </li>
<li> 5 <br /> 5: Incorrect </li>
<li> 9 <br /> 9: Incorrect </li>
<li> 15 <br /> 15: Correct </li>
</ul>
</modalFeedback>
</assessmentItem>
