<?xml version="1.0" encoding="utf-8" standalone="yes"?>
<assessmentItem identifier="uva-multiplication-rule-664-nl-tv_202404291202_item_1_schoice" title="uva-multiplication-rule-664-nl-tv_202404291202_item_1_schoice_uva-multiplication-rule-664-nl" adaptive="false" timeDependent="false" toolName="Testvision Online" toolVersion="39.0.9084" xmlns="http://www.imsglobal.org/xsd/imsqti_v2p1">
<responseDeclaration identifier="RESPONSE" cardinality="single" baseType="identifier">
<correctResponse>
<value>alt_603395</value>
</correctResponse>
<mapping defaultValue="0" lowerBound="0.0">
<mapEntry mapKey="alt_894506" mappedValue="-0.333333333333333"/>
<mapEntry mapKey="alt_584185" mappedValue="-0.333333333333333"/>
<mapEntry mapKey="alt_726114" mappedValue="-0.333333333333333"/>
<mapEntry mapKey="alt_603395" mappedValue="1"/>
</mapping>
</responseDeclaration>
<outcomeDeclaration identifier="SCORE" cardinality="single" baseType="float" normalMaximum="1" normalMinimum="0" />
<outcomeDeclaration identifier="FEEDBACK" cardinality="single" baseType="identifier" />
<itemBody>
<p>Een eerste vaas bevat twee witte en drie zwarte balletjes, een tweede
vaas drie witte en één zwarte. Als je aselect één van beide vazen kiest
en je daaruit een balletje trekt, hoe groot is dan de kans dat dit
balletje zwart is?</p>
<choiceInteraction responseIdentifier="RESPONSE" shuffle="false" maxChoices="1">
<simpleChoice identifier="alt_894506">
<div class="textblock tvblock tvcss_1"><div class="rte_zone tveditor1">
 2/4
</div>
</div>
</simpleChoice>
<simpleChoice identifier="alt_584185">
<div class="textblock tvblock tvcss_1"><div class="rte_zone tveditor1">
 1/4
</div>
</div>
</simpleChoice>
<simpleChoice identifier="alt_726114">
<div class="textblock tvblock tvcss_1"><div class="rte_zone tveditor1">
 4/9
</div>
</div>
</simpleChoice>
<simpleChoice identifier="alt_603395">
<div class="textblock tvblock tvcss_1"><div class="rte_zone tveditor1">
 17/40
</div>
</div>
</simpleChoice>
</choiceInteraction>
</itemBody>
<responseProcessing>
<responseCondition>
<responseIf>
<isNull>
<variable identifier="RESPONSE"/>
</isNull>
<setOutcomeValue identifier="SCORE">
<baseValue baseType="float">0.0</baseValue>
</setOutcomeValue>
<setOutcomeValue identifier="FEEDBACK">
<baseValue baseType="identifier">FAILURE</baseValue>
</setOutcomeValue>
</responseIf>
<responseElse>
<setOutcomeValue identifier="SCORE">
<mapResponse identifier="RESPONSE"/>
</setOutcomeValue>
<responseCondition>
<responseIf>
<equal toleranceMode="relative" tolerance="0.001">
<variable identifier="SCORE"/>
<variable identifier="MAXSCORE"/>
</equal>
<setOutcomeValue identifier="FEEDBACK">
<baseValue baseType="identifier">ANSWER_CORRECT</baseValue>
</setOutcomeValue>
</responseIf>
<responseElse>
<setOutcomeValue identifier="FEEDBACK">
<baseValue baseType="identifier">FAILURE</baseValue>
</setOutcomeValue>
</responseElse>
</responseCondition>
</responseElse>
</responseCondition>
</responseProcessing>
<modalFeedback identifier="FAILURE" outcomeIdentifier="FEEDBACK" showHide="show">
<div class="textblock tvblock tvcss_1"><div class="rte_zone tveditor1">
<ul>
<li> 2/4 <br /> 2/4: Incorrect </li>
<li> 1/4 <br /> 1/4: Incorrect </li>
<li> 4/9 <br /> 4/9: Incorrect </li>
<li> 17/40 <br /> 17/40: Correct </li>
</ul>
</div>
</div>
</modalFeedback>
<modalFeedback identifier="ANSWER_CORRECT" outcomeIdentifier="FEEDBACK" showHide="show">
<div class="textblock tvblock tvcss_1"><div class="rte_zone tveditor1">
<ul>
<li> 2/4 <br /> 2/4: Incorrect </li>
<li> 1/4 <br /> 1/4: Incorrect </li>
<li> 4/9 <br /> 4/9: Incorrect </li>
<li> 17/40 <br /> 17/40: Correct </li>
</ul>
</div>
</div>
</modalFeedback>
<modalFeedback identifier="PARTIAL_CORRECT" outcomeIdentifier="FEEDBACK" showHide="show">
<div class="textblock tvblock tvcss_1"><div class="rte_zone tveditor1">
<ul>
<li> 2/4 <br /> 2/4: Incorrect </li>
<li> 1/4 <br /> 1/4: Incorrect </li>
<li> 4/9 <br /> 4/9: Incorrect </li>
<li> 17/40 <br /> 17/40: Correct </li>
</ul>
</div>
</div>
</modalFeedback>
</assessmentItem>
