<?xml version="1.0" encoding="UTF-8"?>
<assessmentItem xsi:schemaLocation="http://www.imsglobal.org/xsd/imsqti_v2p1 http://www.imsglobal.org/xsd/qti/qtiv2p1/imsqti_v2p1p1.xsd http://www.w3.org/1998/Math/MathML http://www.w3.org/Math/XMLSchema/mathml2/mathml2.xsd" identifier="uu-Dummies-804-nl-ans_283784899_section_1_item_1_schoice" title="Inferential_Statistics_uu-Dummies-804-nl_uu-Dummies-804-nl_schoice_1" adaptive="false" timeDependent="false" xmlns="http://www.imsglobal.org/xsd/imsqti_v2p1" xmlns:xsi="http://www.w3.org/2001/XMLSchema-instance">
<responseDeclaration identifier="uu-Dummies-804-nl-ans_283784899_section_1_item_1_schoice_RESPONSE_1_1170901" cardinality="single" baseType="identifier">
<correctResponse>
<value>uu-Dummies-804-nl-ans_283784899_section_1_item_1_schoice_1_1747552957</value>
</correctResponse>
<mapping defaultValue="0" lowerBound="0.0">
<mapEntry mapKey="uu-Dummies-804-nl-ans_283784899_section_1_item_1_schoice_1_1747552957" mappedValue="1"/>
<mapEntry mapKey="uu-Dummies-804-nl-ans_283784899_section_1_item_1_schoice_2_8994896504" mappedValue="0"/>
<mapEntry mapKey="uu-Dummies-804-nl-ans_283784899_section_1_item_1_schoice_3_1376522030" mappedValue="0"/>
<mapEntry mapKey="uu-Dummies-804-nl-ans_283784899_section_1_item_1_schoice_4_1695415205" mappedValue="0"/>
</mapping>
</responseDeclaration>
<outcomeDeclaration identifier="SCORE" cardinality="single" baseType="float" normalMaximum="1" normalMinimum="0">
<defaultValue>
<value>0.0</value>
</defaultValue>
</outcomeDeclaration>
<outcomeDeclaration identifier="MAXSCORE" cardinality="single" baseType="float">
<defaultValue>
<value>1</value>
</defaultValue>
</outcomeDeclaration>
<outcomeDeclaration identifier="FEEDBACKBASIC" cardinality="single" baseType="identifier" view="testConstructor">
<defaultValue>
<value>empty</value>
</defaultValue>
</outcomeDeclaration>
<outcomeDeclaration identifier="FEEDBACKMODAL" cardinality="multiple" baseType="identifier" view="testConstructor"/>
<outcomeDeclaration identifier="SOLUTIONMODAL" cardinality="single" baseType="identifier" view="testConstructor"/>
<outcomeDeclaration identifier="MINSCORE" cardinality="single" baseType="float">
<defaultValue>
<value baseType="float">0</value>
</defaultValue>
</outcomeDeclaration>
<outcomeDeclaration identifier="SCORE_RESPONSE_1" cardinality="single" baseType="float">
<defaultValue>
<value>0.0</value>
</defaultValue>
</outcomeDeclaration>
<outcomeDeclaration identifier="MINSCORE_RESPONSE_1" cardinality="single" baseType="float">
<defaultValue>
<value>0.0</value>
</defaultValue>
</outcomeDeclaration>
<itemBody>
<p>Stel je hebt drie even grote groepen (variabele medicatieniveau) met de volgende groepsgemiddelden op variabele depressie:
Gemiddelde groep medicatie laag: M = 40
Gemiddelde groep medicatie medium: M = 30
Gemiddelde groep medicatie hoog: M = 20</p>
<p>Voor het weergeven van de effecten van medicatieniveau op depressie stel je een regressievergelijking op met twee dummy-variabelen. Je kiest groep medicatie hoog als referentiegroep. In de regressievergelijking wordt:</p>
<ol style="list-style-type: upper-roman">
<li>de constante gelijk aan 20</li>
<li>de regressiecoëfficiënt van de dummy voor de groep medicatie laag gelijk aan 20.</li>
</ol>
<choiceInteraction responseIdentifier="uu-Dummies-804-nl-ans_283784899_section_1_item_1_schoice_RESPONSE_1_1170901" shuffle="false" maxChoices="1">
<simpleChoice identifier="uu-Dummies-804-nl-ans_283784899_section_1_item_1_schoice_1_1747552957">
<p>
 I is juist, II is juist
</p>
</simpleChoice>
<simpleChoice identifier="uu-Dummies-804-nl-ans_283784899_section_1_item_1_schoice_2_8994896504">
<p>
 I is juist, II is niet juist
</p>
</simpleChoice>
<simpleChoice identifier="uu-Dummies-804-nl-ans_283784899_section_1_item_1_schoice_3_1376522030">
<p>
 I is niet juist, II is juist
</p>
</simpleChoice>
<simpleChoice identifier="uu-Dummies-804-nl-ans_283784899_section_1_item_1_schoice_4_1695415205">
<p>
 I is niet juist, II is niet juist
</p>
</simpleChoice>
</choiceInteraction>
</itemBody>
<responseProcessing>
<setOutcomeValue identifier="SCORE_RESPONSE_1">
<sum>
<variable identifier="SCORE_RESPONSE_1"/>
<mapResponse identifier="uu-Dummies-804-nl-ans_283784899_section_1_item_1_schoice_RESPONSE_1_1170901"/>
</sum>
</setOutcomeValue>
<responseCondition>
<responseIf>
<lt>
<variable identifier="SCORE_RESPONSE_1"/>
<variable identifier="MINSCORE_RESPONSE_1"/>
</lt>
<setOutcomeValue identifier="SCORE_RESPONSE_1">
<variable identifier="MINSCORE_RESPONSE_1"/>
</setOutcomeValue>
</responseIf>
</responseCondition>
<responseCondition>
<responseIf>
<isNull>
<variable identifier="uu-Dummies-804-nl-ans_283784899_section_1_item_1_schoice_RESPONSE_1_1170901"/>
</isNull>
<setOutcomeValue identifier="SCORE_RESPONSE_1">
<sum>
<variable identifier="SCORE_RESPONSE_1"/>
<baseValue baseType="float">0</baseValue>
</sum>
</setOutcomeValue>
</responseIf>
</responseCondition>
<setOutcomeValue identifier="SCORE">
<sum>
<variable identifier="SCORE_RESPONSE_1"/>
</sum>
</setOutcomeValue>
<responseCondition>
<responseIf>
<lt>
<variable identifier="SCORE"/>
<variable identifier="MINSCORE"/>
</lt>
<setOutcomeValue identifier="SCORE">
<variable identifier="MINSCORE"/>
</setOutcomeValue>
</responseIf>
</responseCondition>
<responseCondition>
<responseIf>
<lt>
<variable identifier="SCORE"/>
<baseValue baseType="float">1</baseValue>
</lt>
<setOutcomeValue identifier="FEEDBACKMODAL">
<multiple>
<variable identifier="FEEDBACKMODAL"/>
<baseValue baseType="identifier">Feedback376512976</baseValue>
</multiple>
</setOutcomeValue>
</responseIf>
</responseCondition>
</responseProcessing>
<modalFeedback outcomeIdentifier="FEEDBACK" showHide="show" identifier="incorrect">
</modalFeedback>
</assessmentItem>
