<?xml version="1.0" encoding="UTF-8"?>
<assessmentItem xsi:schemaLocation="http://www.imsglobal.org/xsd/imsqti_v2p1 http://www.imsglobal.org/xsd/qti/qtiv2p1/imsqti_v2p1p1.xsd http://www.w3.org/1998/Math/MathML http://www.w3.org/Math/XMLSchema/mathml2/mathml2.xsd" identifier="vufgb-samplingdistributions-018-nl-qti_951065646_section_1_item_1_schoice" title="1" adaptive="false" timeDependent="false" xmlns="http://www.imsglobal.org/xsd/imsqti_v2p1" xmlns:xsi="http://www.w3.org/2001/XMLSchema-instance">
<responseDeclaration identifier="vufgb-samplingdistributions-018-nl-qti_951065646_section_1_item_1_schoice_RESPONSE_1_9924703" cardinality="single" baseType="identifier">
<correctResponse>
<value>vufgb-samplingdistributions-018-nl-qti_951065646_section_1_item_1_schoice_1_5992880298</value>
</correctResponse>
<mapping defaultValue="0" lowerBound="0.0">
<mapEntry mapKey="vufgb-samplingdistributions-018-nl-qti_951065646_section_1_item_1_schoice_1_5992880298" mappedValue="1"/>
<mapEntry mapKey="vufgb-samplingdistributions-018-nl-qti_951065646_section_1_item_1_schoice_2_2445724487" mappedValue="0"/>
<mapEntry mapKey="vufgb-samplingdistributions-018-nl-qti_951065646_section_1_item_1_schoice_3_1034000743" mappedValue="0"/>
<mapEntry mapKey="vufgb-samplingdistributions-018-nl-qti_951065646_section_1_item_1_schoice_4_7305405731" mappedValue="0"/>
</mapping>
</responseDeclaration>
<outcomeDeclaration identifier="SCORE" cardinality="single" baseType="float" normalMaximum="1" normalMinimum="0">
<defaultValue>
<value>0.0</value>
</defaultValue>
</outcomeDeclaration>
<outcomeDeclaration identifier="MAXSCORE" cardinality="single" baseType="float">
<defaultValue>
<value>1</value>
</defaultValue>
</outcomeDeclaration>
<outcomeDeclaration identifier="FEEDBACKBASIC" cardinality="single" baseType="identifier" view="testConstructor">
<defaultValue>
<value>empty</value>
</defaultValue>
</outcomeDeclaration>
<outcomeDeclaration identifier="FEEDBACKMODAL" cardinality="multiple" baseType="identifier" view="testConstructor"/>
<outcomeDeclaration identifier="MINSCORE" cardinality="single" baseType="float">
<defaultValue>
<value baseType="float">0</value>
</defaultValue>
</outcomeDeclaration>
<outcomeDeclaration identifier="SCORE_RESPONSE_1" cardinality="single" baseType="float">
<defaultValue>
<value>0.0</value>
</defaultValue>
</outcomeDeclaration>
<outcomeDeclaration identifier="MINSCORE_RESPONSE_1" cardinality="single" baseType="float">
<defaultValue>
<value>0.0</value>
</defaultValue>
</outcomeDeclaration>
<itemBody>
<p>De populatieverdeling van een continue variabele “Openheid voor nieuwe ervaringen” heeft een gemiddelde van 105 en een standaarddeviatie van 40. Bereken de standaardfout van het steekproefgemiddelde bestaande uit 400 waarnemingen.</p>
<choiceInteraction responseIdentifier="vufgb-samplingdistributions-018-nl-qti_951065646_section_1_item_1_schoice_RESPONSE_1_9924703" shuffle="false" maxChoices="1">
<simpleChoice identifier="vufgb-samplingdistributions-018-nl-qti_951065646_section_1_item_1_schoice_1_5992880298">
<p>
a. 2
</p>
</simpleChoice>
<simpleChoice identifier="vufgb-samplingdistributions-018-nl-qti_951065646_section_1_item_1_schoice_2_2445724487">
<p>
b. 3
</p>
</simpleChoice>
<simpleChoice identifier="vufgb-samplingdistributions-018-nl-qti_951065646_section_1_item_1_schoice_3_1034000743">
<p>
c. 4
</p>
</simpleChoice>
<simpleChoice identifier="vufgb-samplingdistributions-018-nl-qti_951065646_section_1_item_1_schoice_4_7305405731">
<p>
d. 5
</p>
</simpleChoice>
</choiceInteraction>
</itemBody>
<responseProcessing>
<responseCondition>
<responseIf>
<isNull>
<variable identifier="vufgb-samplingdistributions-018-nl-qti_951065646_section_1_item_1_schoice_RESPONSE_1_9924703"/>
</isNull>
<setOutcomeValue identifier="SCORE_RESPONSE_1">
<sum>
<variable identifier="SCORE_RESPONSE_1"/>
<baseValue baseType="float">0</baseValue>
</sum>
</setOutcomeValue>
</responseIf>
</responseCondition>
<setOutcomeValue identifier="SCORE_RESPONSE_1">
<sum>
<variable identifier="SCORE_RESPONSE_1"/>
<mapResponse identifier="vufgb-samplingdistributions-018-nl-qti_951065646_section_1_item_1_schoice_RESPONSE_1_9924703"/>
</sum>
</setOutcomeValue>
<responseCondition>
<responseIf>
<lt>
<variable identifier="SCORE_RESPONSE_1"/>
<variable identifier="MINSCORE_RESPONSE_1"/>
</lt>
<setOutcomeValue identifier="SCORE_RESPONSE_1">
<variable identifier="MINSCORE_RESPONSE_1"/>
</setOutcomeValue>
</responseIf>
</responseCondition>
<setOutcomeValue identifier="SCORE">
<sum>
<variable identifier="SCORE_RESPONSE_1"/>
</sum>
</setOutcomeValue>
<responseCondition>
<responseIf>
<lt>
<variable identifier="SCORE"/>
<variable identifier="MINSCORE"/>
</lt>
<setOutcomeValue identifier="SCORE">
<variable identifier="MINSCORE"/>
</setOutcomeValue>
</responseIf>
</responseCondition>
<responseCondition>
<responseIf>
<lt>
<variable identifier="SCORE"/>
<baseValue baseType="float">1</baseValue>
</lt>
<setOutcomeValue identifier="FEEDBACKMODAL">
<multiple>
<variable identifier="FEEDBACKMODAL"/>
<baseValue baseType="identifier">Feedback553642194</baseValue>
</multiple>
</setOutcomeValue>
</responseIf>
</responseCondition>
</responseProcessing>
<modalFeedback identifier="Feedback553642194" outcomeIdentifier="FEEDBACKMODAL" showHide="show">
<ol type = "a">
<li> 2 <br /> Correct </li>
<li> 3 <br /> Incorrect </li>
<li> 4 <br /> Incorrect </li>
<li> 5 <br /> Incorrect </li>
</ol>
</modalFeedback>
</assessmentItem>
