<?xml version="1.0" encoding="UTF-8"?>
<!DOCTYPE questestinterop SYSTEM "ims_qtiasiv1p2p1.dtd">

<questestinterop xmlns="http://www.imsglobal.org/xsd/ims_qtiasiv1p2" xmlns:xsi="http://www.w3.org/2001/XMLSchema-instance" xsi:schemaLocation="http://www.imsglobal.org/xsd/ims_qtiasiv1p2 http://www.imsglobal.org/xsd/ims_qtiasiv1p2p1.xsd">
<assessment ident="uu-t-statistic-805-en-canvas_578411692" title="uu-t-statistic-805-en-canvas">

<qtimetadata>
<qtimetadatafield>
<fieldlabel>cc_maxattempts</fieldlabel>
<fieldentry>1</fieldentry>
</qtimetadatafield>
<qtimetadatafield>
<fieldlabel>qmd_assessmenttype</fieldlabel>
<fieldentry>Assessment</fieldentry>
</qtimetadatafield>
</qtimetadata>
<objectives>
<material>
<mattext><![CDATA[Please solve the following exercises.]]></mattext>
</material>
</objectives>
<assessmentcontrol feedbackswitch="No" hintswitch="No" solutionswitch="Yes"/>
<outcomes_processing scoremodel="SumOfScores">
<outcomes>
<decvar varname="SCORE" vartype="Decimal" cutvalue="0"/>
</outcomes>
</outcomes_processing>
<assessfeedback title="AssessmentFeedback" ident="AssessmentFeedback">
<flow_mat>
<material>
<mattext>##AssessmentFeedback##</mattext>
</material>
</flow_mat>
</assessfeedback>

<section ident="uu-t-statistic-805-en-canvas_578411692_section_1" title="Exercise">

<objectives>
<material>
<mattext><![CDATA[Please answer the following question.]]></mattext>
</material>
</objectives>
<selection_ordering>
<selection>
<selection_number>1</selection_number>
<selection_extension>
<points_per_item>1</points_per_item>
</selection_extension>
</selection>
<order order_type="Random"/>
</selection_ordering>

<item ident="uu-t-statistic-805-en-canvas_578411692_section_1_item_1_schoice" title="Question" maxattempts="1">
<itemcontrol feedbackswitch="No" hintswitch="No" solutionswitch="Yes"/>
<itemmetadata>
<qtimetadata>
<qtimetadatafield>
<fieldlabel>question_type</fieldlabel>
<fieldentry>multiple_choice_question</fieldentry>
</qtimetadatafield>
</qtimetadata>
</itemmetadata>
<presentation>
<flow>
<material>
<matbreak/>
<mattext texttype="text/html" charset="utf-8"><![CDATA[
<p>The t-test for independent means can give quite misleading results if</p>
]]></mattext>
<matbreak/>
</material>
<response_lid ident="uu-t-statistic-805-en-canvas_578411692_section_1_item_1_schoice_RESPONSE_3140920" rcardinality="Single" rtiming="No">
<render_choice shuffle="No">
<flow_label class="List">
<response_label ident="uu-t-statistic-805-en-canvas_578411692_section_1_item_1_schoice_1318363561" rshuffle="No">
<material>
<mattext texttype="text/html" charset="utf-8"><![CDATA[
 The scores in the samples suggest that the populations are very far from normal.
]]></mattext>
</material>
</response_label>
</flow_label>
<flow_label class="List">
<response_label ident="uu-t-statistic-805-en-canvas_578411692_section_1_item_1_schoice_2851485986" rshuffle="No">
<material>
<mattext texttype="text/html" charset="utf-8"><![CDATA[
 The scores in the samples suggest that the populations are very far apart.
]]></mattext>
</material>
</response_label>
</flow_label>
<flow_label class="List">
<response_label ident="uu-t-statistic-805-en-canvas_578411692_section_1_item_1_schoice_3082854216" rshuffle="No">
<material>
<mattext texttype="text/html" charset="utf-8"><![CDATA[
 The variances are exactly equal.
]]></mattext>
</material>
</response_label>
</flow_label>
<flow_label class="List">
<response_label ident="uu-t-statistic-805-en-canvas_578411692_section_1_item_1_schoice_1253583596" rshuffle="No">
<material>
<mattext texttype="text/html" charset="utf-8"><![CDATA[
 All of the above.
]]></mattext>
</material>
</response_label>
</flow_label>
</render_choice>
</response_lid>
</flow>
</presentation>
<resprocessing>
<outcomes>
<decvar varname="SCORE" vartype="Decimal" defaultval="0" minvalue="0" maxvalue="1" cutvalue="1"/>
</outcomes>
<respcondition title="Mastery" continue="No">
<conditionvar>
<and>
<varequal respident="uu-t-statistic-805-en-canvas_578411692_section_1_item_1_schoice_RESPONSE_3140920" case="Yes">uu-t-statistic-805-en-canvas_578411692_section_1_item_1_schoice_1318363561</varequal>
<not> <varequal respident="uu-t-statistic-805-en-canvas_578411692_section_1_item_1_schoice_RESPONSE_3140920" case="Yes">uu-t-statistic-805-en-canvas_578411692_section_1_item_1_schoice_2851485986</varequal> </not>
<not> <varequal respident="uu-t-statistic-805-en-canvas_578411692_section_1_item_1_schoice_RESPONSE_3140920" case="Yes">uu-t-statistic-805-en-canvas_578411692_section_1_item_1_schoice_3082854216</varequal> </not>
<not> <varequal respident="uu-t-statistic-805-en-canvas_578411692_section_1_item_1_schoice_RESPONSE_3140920" case="Yes">uu-t-statistic-805-en-canvas_578411692_section_1_item_1_schoice_1253583596</varequal> </not>
</and>
</conditionvar>
<setvar varname="SCORE" action="Set">1</setvar>
<displayfeedback feedbacktype="Response" linkrefid="correct_fb"/>
</respcondition>
<respcondition continue="Yes">
<conditionvar>
<other/>
</conditionvar>
<displayfeedback feedbacktype="Response" linkrefid="general_incorrect_fb"/>
</respcondition>
</resprocessing>
<itemfeedback ident="correct_fb" view="All">
<flow_mat>
<material>
<mattext texttype="text/html"><![CDATA[
<ul>
<li> The scores in the samples suggest that the populations are very far from normal. <br /> This answer is correct. </li>
<li> The scores in the samples suggest that the populations are very far apart. <br /> This answer is incorrect. </li>
<li> The variances are exactly equal. <br /> This answer is incorrect. </li>
<li> All of the above. <br /> This answer is incorrect. </li>
</ul>
]]></mattext>
</material>
</flow_mat>
</itemfeedback>
<itemfeedback ident="general_incorrect_fb" view="All">
<flow_mat>
<material>
<mattext texttype="text/html"><![CDATA[
<ul>
<li> The scores in the samples suggest that the populations are very far from normal. <br /> This answer is correct. </li>
<li> The scores in the samples suggest that the populations are very far apart. <br /> This answer is incorrect. </li>
<li> The variances are exactly equal. <br /> This answer is incorrect. </li>
<li> All of the above. <br /> This answer is incorrect. </li>
</ul>
]]></mattext>
</material>
</flow_mat>
</itemfeedback>
</item>


</section>

</assessment>
</questestinterop>
