<?xml version="1.0" encoding="UTF-8"?>
<assessmentItem xsi:schemaLocation="http://www.imsglobal.org/xsd/imsqti_v2p1 http://www.imsglobal.org/xsd/qti/qtiv2p1/imsqti_v2p1p1.xsd http://www.w3.org/1998/Math/MathML http://www.w3.org/Math/XMLSchema/mathml2/mathml2.xsd" identifier="vufgb-odds-014-nl_159305764_section_1_item_1_schoice" title="1" adaptive="false" timeDependent="false" xmlns="http://www.imsglobal.org/xsd/imsqti_v2p1" xmlns:xsi="http://www.w3.org/2001/XMLSchema-instance">
<responseDeclaration identifier="vufgb-odds-014-nl_159305764_section_1_item_1_schoice_RESPONSE_1_5224120" cardinality="single" baseType="identifier">
<correctResponse>
<value>vufgb-odds-014-nl_159305764_section_1_item_1_schoice_2_9192156720</value>
</correctResponse>
<mapping defaultValue="0" lowerBound="0.0">
<mapEntry mapKey="vufgb-odds-014-nl_159305764_section_1_item_1_schoice_1_3118366946" mappedValue="0"/>
<mapEntry mapKey="vufgb-odds-014-nl_159305764_section_1_item_1_schoice_2_9192156720" mappedValue="1"/>
<mapEntry mapKey="vufgb-odds-014-nl_159305764_section_1_item_1_schoice_3_9185555481" mappedValue="0"/>
<mapEntry mapKey="vufgb-odds-014-nl_159305764_section_1_item_1_schoice_4_1463463403" mappedValue="0"/>
</mapping>
</responseDeclaration>
<outcomeDeclaration identifier="SCORE" cardinality="single" baseType="float" normalMaximum="1" normalMinimum="0">
<defaultValue>
<value>0.0</value>
</defaultValue>
</outcomeDeclaration>
<outcomeDeclaration identifier="MAXSCORE" cardinality="single" baseType="float">
<defaultValue>
<value>1</value>
</defaultValue>
</outcomeDeclaration>
<outcomeDeclaration identifier="FEEDBACKBASIC" cardinality="single" baseType="identifier" view="testConstructor">
<defaultValue>
<value>empty</value>
</defaultValue>
</outcomeDeclaration>
<outcomeDeclaration identifier="FEEDBACKMODAL" cardinality="multiple" baseType="identifier" view="testConstructor"/>
<outcomeDeclaration identifier="MINSCORE" cardinality="single" baseType="float">
<defaultValue>
<value baseType="float">0</value>
</defaultValue>
</outcomeDeclaration>
<outcomeDeclaration identifier="SCORE_RESPONSE_1" cardinality="single" baseType="float">
<defaultValue>
<value>0.0</value>
</defaultValue>
</outcomeDeclaration>
<outcomeDeclaration identifier="MINSCORE_RESPONSE_1" cardinality="single" baseType="float">
<defaultValue>
<value>0.0</value>
</defaultValue>
</outcomeDeclaration>
<itemBody>
<p>De volgende geschatte binaire logistische regressievergelijking wordt gevonden: <math display="inline" xmlns="http://www.w3.org/1998/Math/MathML"><semantics><mrow><mi>P</mi><mrow><mo stretchy="true" form="prefix">(</mo><mi>Y</mi><mo>=</mo><mn>1</mn><mo stretchy="true" form="postfix">)</mo></mrow><mo>=</mo><mfrac><msup><mi>e</mi><mrow><mo>−</mo><mn>3</mn><mo>+</mo><mn>2.4</mn><mi>X</mi></mrow></msup><mrow><mn>1</mn><mo>+</mo><msup><mi>e</mi><mrow><mo>−</mo><mn>3</mn><mo>+</mo><mn>2.4</mn><mi>X</mi></mrow></msup></mrow></mfrac></mrow><annotation encoding="application/x-tex">P(Y = 1) = \frac{e^{-3+2.4X}}{1+e^{-3+2.4X}}</annotation></semantics></math>.</p>
<p>Bereken de odds als <math display="inline" xmlns="http://www.w3.org/1998/Math/MathML"><semantics><mrow><mi>X</mi><mo>=</mo><mn>2</mn></mrow><annotation encoding="application/x-tex">X = 2</annotation></semantics></math>.</p>
<choiceInteraction responseIdentifier="vufgb-odds-014-nl_159305764_section_1_item_1_schoice_RESPONSE_1_5224120" shuffle="false" maxChoices="1">
<simpleChoice identifier="vufgb-odds-014-nl_159305764_section_1_item_1_schoice_1_3118366946">
<p>
a. 0.86
</p>
</simpleChoice>
<simpleChoice identifier="vufgb-odds-014-nl_159305764_section_1_item_1_schoice_2_9192156720">
<p>
b. 6.05
</p>
</simpleChoice>
<simpleChoice identifier="vufgb-odds-014-nl_159305764_section_1_item_1_schoice_3_9185555481">
<p>
c. 0.17
</p>
</simpleChoice>
<simpleChoice identifier="vufgb-odds-014-nl_159305764_section_1_item_1_schoice_4_1463463403">
<p>
d. 1.80
</p>
</simpleChoice>
</choiceInteraction>
</itemBody>
<responseProcessing>
<responseCondition>
<responseIf>
<isNull>
<variable identifier="vufgb-odds-014-nl_159305764_section_1_item_1_schoice_RESPONSE_1_5224120"/>
</isNull>
<setOutcomeValue identifier="SCORE_RESPONSE_1">
<sum>
<variable identifier="SCORE_RESPONSE_1"/>
<baseValue baseType="float">0</baseValue>
</sum>
</setOutcomeValue>
</responseIf>
</responseCondition>
<setOutcomeValue identifier="SCORE_RESPONSE_1">
<sum>
<variable identifier="SCORE_RESPONSE_1"/>
<mapResponse identifier="vufgb-odds-014-nl_159305764_section_1_item_1_schoice_RESPONSE_1_5224120"/>
</sum>
</setOutcomeValue>
<responseCondition>
<responseIf>
<lt>
<variable identifier="SCORE_RESPONSE_1"/>
<variable identifier="MINSCORE_RESPONSE_1"/>
</lt>
<setOutcomeValue identifier="SCORE_RESPONSE_1">
<variable identifier="MINSCORE_RESPONSE_1"/>
</setOutcomeValue>
</responseIf>
</responseCondition>
<setOutcomeValue identifier="SCORE">
<sum>
<variable identifier="SCORE_RESPONSE_1"/>
</sum>
</setOutcomeValue>
<responseCondition>
<responseIf>
<lt>
<variable identifier="SCORE"/>
<variable identifier="MINSCORE"/>
</lt>
<setOutcomeValue identifier="SCORE">
<variable identifier="MINSCORE"/>
</setOutcomeValue>
</responseIf>
</responseCondition>
<responseCondition>
<responseIf>
<lt>
<variable identifier="SCORE"/>
<baseValue baseType="float">1</baseValue>
</lt>
<setOutcomeValue identifier="FEEDBACKMODAL">
<multiple>
<variable identifier="FEEDBACKMODAL"/>
<baseValue baseType="identifier">Feedback910781356</baseValue>
</multiple>
</setOutcomeValue>
</responseIf>
</responseCondition>
</responseProcessing>
<modalFeedback identifier="Feedback910781356" outcomeIdentifier="FEEDBACKMODAL" showHide="show">
<ol type = "a">
<li> 0.86 <br /> Incorrect </li>
<li> 6.05 <br /> Correct </li>
<li> 0.17 <br /> Incorrect </li>
<li> 1.80 <br /> Incorrect </li>
</ol>
</modalFeedback>
</assessmentItem>
