<?xml version="1.0" encoding="UTF-8"?>
<!DOCTYPE questestinterop SYSTEM "ims_qtiasiv1p2p1.dtd">

<questestinterop xmlns="http://www.imsglobal.org/xsd/ims_qtiasiv1p2" xmlns:xsi="http://www.w3.org/2001/XMLSchema-instance" xsi:schemaLocation="http://www.imsglobal.org/xsd/ims_qtiasiv1p2 http://www.imsglobal.org/xsd/ims_qtiasiv1p2p1.xsd">
<assessment ident="uu-Critical-value-810-nl-canvas_481016354" title="uu-Critical-value-810-nl-canvas">

<qtimetadata>
<qtimetadatafield>
<fieldlabel>cc_maxattempts</fieldlabel>
<fieldentry>1</fieldentry>
</qtimetadatafield>
<qtimetadatafield>
<fieldlabel>qmd_assessmenttype</fieldlabel>
<fieldentry>Assessment</fieldentry>
</qtimetadatafield>
</qtimetadata>
<objectives>
<material>
<mattext><![CDATA[Please solve the following exercises.]]></mattext>
</material>
</objectives>
<assessmentcontrol feedbackswitch="No" hintswitch="No" solutionswitch="Yes"/>
<outcomes_processing scoremodel="SumOfScores">
<outcomes>
<decvar varname="SCORE" vartype="Decimal" cutvalue="0"/>
</outcomes>
</outcomes_processing>
<assessfeedback title="AssessmentFeedback" ident="AssessmentFeedback">
<flow_mat>
<material>
<mattext>##AssessmentFeedback##</mattext>
</material>
</flow_mat>
</assessfeedback>

<section ident="uu-Critical-value-810-nl-canvas_481016354_section_1" title="Exercise">

<objectives>
<material>
<mattext><![CDATA[Please answer the following question.]]></mattext>
</material>
</objectives>
<selection_ordering>
<selection>
<selection_number>1</selection_number>
<selection_extension>
<points_per_item>1</points_per_item>
</selection_extension>
</selection>
<order order_type="Random"/>
</selection_ordering>

<item ident="uu-Critical-value-810-nl-canvas_481016354_section_1_item_1_schoice" title="Question" maxattempts="1">
<itemcontrol feedbackswitch="No" hintswitch="No" solutionswitch="Yes"/>
<itemmetadata>
<qtimetadata>
<qtimetadatafield>
<fieldlabel>question_type</fieldlabel>
<fieldentry>multiple_choice_question</fieldentry>
</qtimetadatafield>
</qtimetadata>
</itemmetadata>
<presentation>
<flow>
<material>
<matbreak/>
<mattext texttype="text/html" charset="utf-8"><![CDATA[
<p>In een wetenschapsquiz nemen 10 Utrechtse en 10 Amsterdamse studenten het tegen elkaar op. De Utrechtse studenten scoren 7 punten meer dan de Amsterdamse studenten, en de gepoolde variantie van de scores is gelijk aan 45. Verschillen de scores van de Utrechtse en Amsterdamse studenten significant van elkaar in een 2-zijdige toets met <span class="math inline">\(\alpha\)</span> = 5%?</p>
]]></mattext>
<matbreak/>
</material>
<response_lid ident="uu-Critical-value-810-nl-canvas_481016354_section_1_item_1_schoice_RESPONSE_9610670" rcardinality="Single" rtiming="No">
<render_choice shuffle="No">
<flow_label class="List">
<response_label ident="uu-Critical-value-810-nl-canvas_481016354_section_1_item_1_schoice_3696991755" rshuffle="No">
<material>
<mattext texttype="text/html" charset="utf-8"><![CDATA[
 Nee, want de teststatistiek is 1.04 en de kritieke grenswaarden zijn ± 2.101.
]]></mattext>
</material>
</response_label>
</flow_label>
<flow_label class="List">
<response_label ident="uu-Critical-value-810-nl-canvas_481016354_section_1_item_1_schoice_5356232927" rshuffle="No">
<material>
<mattext texttype="text/html" charset="utf-8"><![CDATA[
 Nee, want de teststatistiek is 1.04 en de kritieke grenswaarden zijn ± 2.262.
]]></mattext>
</material>
</response_label>
</flow_label>
<flow_label class="List">
<response_label ident="uu-Critical-value-810-nl-canvas_481016354_section_1_item_1_schoice_4059179399" rshuffle="No">
<material>
<mattext texttype="text/html" charset="utf-8"><![CDATA[
 Ja, want de teststatistiek is 2.33 en de kritieke grenswaarden zijn ± 2.101.
]]></mattext>
</material>
</response_label>
</flow_label>
<flow_label class="List">
<response_label ident="uu-Critical-value-810-nl-canvas_481016354_section_1_item_1_schoice_1286168387" rshuffle="No">
<material>
<mattext texttype="text/html" charset="utf-8"><![CDATA[
 Ja, want de teststatistiek is 2.33 en de kritieke grenswaarden zijn ± 2.262.
]]></mattext>
</material>
</response_label>
</flow_label>
</render_choice>
</response_lid>
</flow>
</presentation>
<resprocessing>
<outcomes>
<decvar varname="SCORE" vartype="Decimal" defaultval="0" minvalue="0" maxvalue="1" cutvalue="1"/>
</outcomes>
<respcondition title="Mastery" continue="No">
<conditionvar>
<and>
<varequal respident="uu-Critical-value-810-nl-canvas_481016354_section_1_item_1_schoice_RESPONSE_9610670" case="Yes">uu-Critical-value-810-nl-canvas_481016354_section_1_item_1_schoice_4059179399</varequal>
<not> <varequal respident="uu-Critical-value-810-nl-canvas_481016354_section_1_item_1_schoice_RESPONSE_9610670" case="Yes">uu-Critical-value-810-nl-canvas_481016354_section_1_item_1_schoice_3696991755</varequal> </not>
<not> <varequal respident="uu-Critical-value-810-nl-canvas_481016354_section_1_item_1_schoice_RESPONSE_9610670" case="Yes">uu-Critical-value-810-nl-canvas_481016354_section_1_item_1_schoice_5356232927</varequal> </not>
<not> <varequal respident="uu-Critical-value-810-nl-canvas_481016354_section_1_item_1_schoice_RESPONSE_9610670" case="Yes">uu-Critical-value-810-nl-canvas_481016354_section_1_item_1_schoice_1286168387</varequal> </not>
</and>
</conditionvar>
<setvar varname="SCORE" action="Set">1</setvar>
<displayfeedback feedbacktype="Response" linkrefid="correct_fb"/>
</respcondition>
<respcondition continue="Yes">
<conditionvar>
<other/>
</conditionvar>
<displayfeedback feedbacktype="Response" linkrefid="general_incorrect_fb"/>
</respcondition>
</resprocessing>
<itemfeedback ident="correct_fb" view="All">
<flow_mat>
<material>
<mattext texttype="text/html"><![CDATA[

]]></mattext>
</material>
</flow_mat>
</itemfeedback>
<itemfeedback ident="general_incorrect_fb" view="All">
<flow_mat>
<material>
<mattext texttype="text/html"><![CDATA[

]]></mattext>
</material>
</flow_mat>
</itemfeedback>
</item>


</section>

</assessment>
</questestinterop>
