<?xml version="1.0" encoding="UTF-8"?>
<assessmentItem xsi:schemaLocation="http://www.imsglobal.org/xsd/imsqti_v2p1 http://www.imsglobal.org/xsd/qti/qtiv2p1/imsqti_v2p1p1.xsd http://www.w3.org/1998/Math/MathML http://www.w3.org/Math/XMLSchema/mathml2/mathml2.xsd" identifier="uva-simple-linear-regression-802-en-ans_874089134_section_1_item_1_schoice" title="Inferential_Statistics_uva-simple-linear-regression-802-en_uva-simple-linear-regression-802-en_schoice_1" adaptive="false" timeDependent="false" xmlns="http://www.imsglobal.org/xsd/imsqti_v2p1" xmlns:xsi="http://www.w3.org/2001/XMLSchema-instance">
<responseDeclaration identifier="uva-simple-linear-regression-802-en-ans_874089134_section_1_item_1_schoice_RESPONSE_1_2755766" cardinality="single" baseType="identifier">
<correctResponse>
<value>uva-simple-linear-regression-802-en-ans_874089134_section_1_item_1_schoice_2_7687422967</value>
</correctResponse>
<mapping defaultValue="0" lowerBound="0.0">
<mapEntry mapKey="uva-simple-linear-regression-802-en-ans_874089134_section_1_item_1_schoice_1_9555621629" mappedValue="0"/>
<mapEntry mapKey="uva-simple-linear-regression-802-en-ans_874089134_section_1_item_1_schoice_2_7687422967" mappedValue="1"/>
<mapEntry mapKey="uva-simple-linear-regression-802-en-ans_874089134_section_1_item_1_schoice_3_5285360904" mappedValue="0"/>
</mapping>
</responseDeclaration>
<outcomeDeclaration identifier="SCORE" cardinality="single" baseType="float" normalMaximum="1" normalMinimum="0">
<defaultValue>
<value>0.0</value>
</defaultValue>
</outcomeDeclaration>
<outcomeDeclaration identifier="MAXSCORE" cardinality="single" baseType="float">
<defaultValue>
<value>1</value>
</defaultValue>
</outcomeDeclaration>
<outcomeDeclaration identifier="FEEDBACKBASIC" cardinality="single" baseType="identifier" view="testConstructor">
<defaultValue>
<value>empty</value>
</defaultValue>
</outcomeDeclaration>
<outcomeDeclaration identifier="FEEDBACKMODAL" cardinality="multiple" baseType="identifier" view="testConstructor"/>
<outcomeDeclaration identifier="SOLUTIONMODAL" cardinality="single" baseType="identifier" view="testConstructor"/>
<outcomeDeclaration identifier="MINSCORE" cardinality="single" baseType="float">
<defaultValue>
<value baseType="float">0</value>
</defaultValue>
</outcomeDeclaration>
<outcomeDeclaration identifier="SCORE_RESPONSE_1" cardinality="single" baseType="float">
<defaultValue>
<value>0.0</value>
</defaultValue>
</outcomeDeclaration>
<outcomeDeclaration identifier="MINSCORE_RESPONSE_1" cardinality="single" baseType="float">
<defaultValue>
<value>0.0</value>
</defaultValue>
</outcomeDeclaration>
<itemBody>
<p>ANOVA is a multiple regression with a quantitative dependent variable and categorical (indicator) variables. The null hypothesis of a one-way (one factor) three-level ANOVA is that the averages of all three groups (populations) are equal. In the multiple regression represents the null hypothesis that the plane through the averages of the three groups is horizontal. The null hypothesis of the multiple regression which is equivalent to that of ANOVA is</p>
<choiceInteraction responseIdentifier="uva-simple-linear-regression-802-en-ans_874089134_section_1_item_1_schoice_RESPONSE_1_2755766" shuffle="false" maxChoices="1">
<simpleChoice identifier="uva-simple-linear-regression-802-en-ans_874089134_section_1_item_1_schoice_1_9555621629">
<p>
 H0: β1 = β2
</p>
</simpleChoice>
<simpleChoice identifier="uva-simple-linear-regression-802-en-ans_874089134_section_1_item_1_schoice_2_7687422967">
<p>
 H0: β1 = β2 = 0
</p>
</simpleChoice>
<simpleChoice identifier="uva-simple-linear-regression-802-en-ans_874089134_section_1_item_1_schoice_3_5285360904">
<p>
 H0: β1 = β2 = α
</p>
</simpleChoice>
</choiceInteraction>
</itemBody>
<responseProcessing>
<setOutcomeValue identifier="SCORE_RESPONSE_1">
<sum>
<variable identifier="SCORE_RESPONSE_1"/>
<mapResponse identifier="uva-simple-linear-regression-802-en-ans_874089134_section_1_item_1_schoice_RESPONSE_1_2755766"/>
</sum>
</setOutcomeValue>
<responseCondition>
<responseIf>
<lt>
<variable identifier="SCORE_RESPONSE_1"/>
<variable identifier="MINSCORE_RESPONSE_1"/>
</lt>
<setOutcomeValue identifier="SCORE_RESPONSE_1">
<variable identifier="MINSCORE_RESPONSE_1"/>
</setOutcomeValue>
</responseIf>
</responseCondition>
<responseCondition>
<responseIf>
<isNull>
<variable identifier="uva-simple-linear-regression-802-en-ans_874089134_section_1_item_1_schoice_RESPONSE_1_2755766"/>
</isNull>
<setOutcomeValue identifier="SCORE_RESPONSE_1">
<sum>
<variable identifier="SCORE_RESPONSE_1"/>
<baseValue baseType="float">0</baseValue>
</sum>
</setOutcomeValue>
</responseIf>
</responseCondition>
<setOutcomeValue identifier="SCORE">
<sum>
<variable identifier="SCORE_RESPONSE_1"/>
</sum>
</setOutcomeValue>
<responseCondition>
<responseIf>
<lt>
<variable identifier="SCORE"/>
<variable identifier="MINSCORE"/>
</lt>
<setOutcomeValue identifier="SCORE">
<variable identifier="MINSCORE"/>
</setOutcomeValue>
</responseIf>
</responseCondition>
<responseCondition>
<responseIf>
<lt>
<variable identifier="SCORE"/>
<baseValue baseType="float">1</baseValue>
</lt>
<setOutcomeValue identifier="FEEDBACKMODAL">
<multiple>
<variable identifier="FEEDBACKMODAL"/>
<baseValue baseType="identifier">Feedback810979995</baseValue>
</multiple>
</setOutcomeValue>
</responseIf>
</responseCondition>
</responseProcessing>
<modalFeedback outcomeIdentifier="FEEDBACK" showHide="show" identifier="incorrect">
<ul>
<li> H0: β1 = β2 <br /> H0: β1 = β2: Incorrect </li>
<li> H0: β1 = β2 = 0 <br /> H0: β1 = β2 = 0: Correct </li>
<li> H0: β1 = β2 = α <br /> H0: β1 = β2 = α: Incorrect </li>
</ul>
</modalFeedback>
</assessmentItem>
