<?xml version="1.0" encoding="UTF-8"?>
<assessmentItem xsi:schemaLocation="http://www.imsglobal.org/xsd/imsqti_v2p1 http://www.imsglobal.org/xsd/qti/qtiv2p1/imsqti_v2p1p1.xsd http://www.w3.org/1998/Math/MathML http://www.w3.org/Math/XMLSchema/mathml2/mathml2.xsd" identifier="vufgb-logistic_regression-346-nl_245444950_section_1_item_1_schoice" title="1" adaptive="false" timeDependent="false" xmlns="http://www.imsglobal.org/xsd/imsqti_v2p1" xmlns:xsi="http://www.w3.org/2001/XMLSchema-instance">
<responseDeclaration identifier="vufgb-logistic_regression-346-nl_245444950_section_1_item_1_schoice_RESPONSE_1_4851954" cardinality="single" baseType="identifier">
<correctResponse>
<value>vufgb-logistic_regression-346-nl_245444950_section_1_item_1_schoice_3_3555900269</value>
</correctResponse>
<mapping defaultValue="0" lowerBound="0.0">
<mapEntry mapKey="vufgb-logistic_regression-346-nl_245444950_section_1_item_1_schoice_1_7249610617" mappedValue="0"/>
<mapEntry mapKey="vufgb-logistic_regression-346-nl_245444950_section_1_item_1_schoice_2_9841003938" mappedValue="0"/>
<mapEntry mapKey="vufgb-logistic_regression-346-nl_245444950_section_1_item_1_schoice_3_3555900269" mappedValue="1"/>
<mapEntry mapKey="vufgb-logistic_regression-346-nl_245444950_section_1_item_1_schoice_4_7797037806" mappedValue="0"/>
</mapping>
</responseDeclaration>
<outcomeDeclaration identifier="SCORE" cardinality="single" baseType="float" normalMaximum="1" normalMinimum="0">
<defaultValue>
<value>0.0</value>
</defaultValue>
</outcomeDeclaration>
<outcomeDeclaration identifier="MAXSCORE" cardinality="single" baseType="float">
<defaultValue>
<value>1</value>
</defaultValue>
</outcomeDeclaration>
<outcomeDeclaration identifier="FEEDBACKBASIC" cardinality="single" baseType="identifier" view="testConstructor">
<defaultValue>
<value>empty</value>
</defaultValue>
</outcomeDeclaration>
<outcomeDeclaration identifier="FEEDBACKMODAL" cardinality="multiple" baseType="identifier" view="testConstructor"/>
<outcomeDeclaration identifier="MINSCORE" cardinality="single" baseType="float">
<defaultValue>
<value baseType="float">0</value>
</defaultValue>
</outcomeDeclaration>
<outcomeDeclaration identifier="SCORE_RESPONSE_1" cardinality="single" baseType="float">
<defaultValue>
<value>0.0</value>
</defaultValue>
</outcomeDeclaration>
<outcomeDeclaration identifier="MINSCORE_RESPONSE_1" cardinality="single" baseType="float">
<defaultValue>
<value>0.0</value>
</defaultValue>
</outcomeDeclaration>
<itemBody>
<p>Een binaire logistische regressieanalyse vindt <math display="inline" xmlns="http://www.w3.org/1998/Math/MathML"><semantics><mrow><mi>B</mi><mo>=</mo><mn>2.80</mn></mrow><annotation encoding="application/x-tex">B = 2.80</annotation></semantics></math> en <math display="inline" xmlns="http://www.w3.org/1998/Math/MathML"><semantics><mrow><mi>S</mi><mi>E</mi><mo>=</mo><mn>0.45</mn></mrow><annotation encoding="application/x-tex">SE = 0.45</annotation></semantics></math>.</p>
<p>Bereken het bijbehorende 95% betrouwbaarheidsinterval voor de Odds Ratio (<em>OR</em>).</p>
<choiceInteraction responseIdentifier="vufgb-logistic_regression-346-nl_245444950_section_1_item_1_schoice_RESPONSE_1_4851954" shuffle="false" maxChoices="1">
<simpleChoice identifier="vufgb-logistic_regression-346-nl_245444950_section_1_item_1_schoice_1_7249610617">
<p>
a. 2.35 ; 3.25
</p>
</simpleChoice>
<simpleChoice identifier="vufgb-logistic_regression-346-nl_245444950_section_1_item_1_schoice_2_9841003938">
<p>
b. 1.92 ; 3.68
</p>
</simpleChoice>
<simpleChoice identifier="vufgb-logistic_regression-346-nl_245444950_section_1_item_1_schoice_3_3555900269">
<p>
c. 6.81 ; 39.73
</p>
</simpleChoice>
<simpleChoice identifier="vufgb-logistic_regression-346-nl_245444950_section_1_item_1_schoice_4_7797037806">
<p>
d. 10.49 ; 25.79
</p>
</simpleChoice>
</choiceInteraction>
</itemBody>
<responseProcessing>
<responseCondition>
<responseIf>
<isNull>
<variable identifier="vufgb-logistic_regression-346-nl_245444950_section_1_item_1_schoice_RESPONSE_1_4851954"/>
</isNull>
<setOutcomeValue identifier="SCORE_RESPONSE_1">
<sum>
<variable identifier="SCORE_RESPONSE_1"/>
<baseValue baseType="float">0</baseValue>
</sum>
</setOutcomeValue>
</responseIf>
</responseCondition>
<setOutcomeValue identifier="SCORE_RESPONSE_1">
<sum>
<variable identifier="SCORE_RESPONSE_1"/>
<mapResponse identifier="vufgb-logistic_regression-346-nl_245444950_section_1_item_1_schoice_RESPONSE_1_4851954"/>
</sum>
</setOutcomeValue>
<responseCondition>
<responseIf>
<lt>
<variable identifier="SCORE_RESPONSE_1"/>
<variable identifier="MINSCORE_RESPONSE_1"/>
</lt>
<setOutcomeValue identifier="SCORE_RESPONSE_1">
<variable identifier="MINSCORE_RESPONSE_1"/>
</setOutcomeValue>
</responseIf>
</responseCondition>
<setOutcomeValue identifier="SCORE">
<sum>
<variable identifier="SCORE_RESPONSE_1"/>
</sum>
</setOutcomeValue>
<responseCondition>
<responseIf>
<lt>
<variable identifier="SCORE"/>
<variable identifier="MINSCORE"/>
</lt>
<setOutcomeValue identifier="SCORE">
<variable identifier="MINSCORE"/>
</setOutcomeValue>
</responseIf>
</responseCondition>
<responseCondition>
<responseIf>
<lt>
<variable identifier="SCORE"/>
<baseValue baseType="float">1</baseValue>
</lt>
<setOutcomeValue identifier="FEEDBACKMODAL">
<multiple>
<variable identifier="FEEDBACKMODAL"/>
<baseValue baseType="identifier">Feedback448313872</baseValue>
</multiple>
</setOutcomeValue>
</responseIf>
</responseCondition>
</responseProcessing>
<modalFeedback identifier="Feedback448313872" outcomeIdentifier="FEEDBACKMODAL" showHide="show">
<ol type = "a">
<li> 2.35 ; 3.25 <br /> Incorrect </li>
<li> 1.92 ; 3.68 <br /> Incorrect </li>
<li> 6.81 ; 39.73 <br /> Correct </li>
<li> 10.49 ; 25.79 <br /> Incorrect </li>
</ol>
</modalFeedback>
</assessmentItem>
