<?xml version="1.0" encoding="utf-8" standalone="yes"?>
<assessmentItem identifier="vufgb-multiplelinearregression-003-en-tv_202209061509_item_1_schoice" title="vufgb-multiplelinearregression-003-en-tv_202209061509_item_1_schoice_vufgb-multiplelinearregression-003-en" adaptive="false" timeDependent="false" toolName="Testvision Online" toolVersion="39.0.9084" xmlns="http://www.imsglobal.org/xsd/imsqti_v2p1">
<responseDeclaration identifier="RESPONSE" cardinality="single" baseType="identifier">
<correctResponse>
<value>alt_671807</value>
</correctResponse>
<mapping defaultValue="0" lowerBound="0.0">
<mapEntry mapKey="alt_671807" mappedValue="1"/>
<mapEntry mapKey="alt_943528" mappedValue="-0.333333333333333"/>
<mapEntry mapKey="alt_856336" mappedValue="-0.333333333333333"/>
<mapEntry mapKey="alt_128665" mappedValue="-0.333333333333333"/>
</mapping>
</responseDeclaration>
<outcomeDeclaration identifier="SCORE" cardinality="single" baseType="float" normalMaximum="1" normalMinimum="0" />
<outcomeDeclaration identifier="FEEDBACK" cardinality="single" baseType="identifier" />
<itemBody>
<p>The association between body height and the score on a mathematics test disappears when the researcher statistically controls for gender. What type of variable is gender?</p>
<choiceInteraction responseIdentifier="RESPONSE" shuffle="false" maxChoices="1">
<simpleChoice identifier="alt_671807">
<div class="textblock tvblock tvcss_1"><div class="rte_zone tveditor1">
a. A ‘confounding’ variable.
</div>
</div>
</simpleChoice>
<simpleChoice identifier="alt_943528">
<div class="textblock tvblock tvcss_1"><div class="rte_zone tveditor1">
b. A ‘lurking’ variable.
</div>
</div>
</simpleChoice>
<simpleChoice identifier="alt_856336">
<div class="textblock tvblock tvcss_1"><div class="rte_zone tveditor1">
c. An ‘intervening’ variable.
</div>
</div>
</simpleChoice>
<simpleChoice identifier="alt_128665">
<div class="textblock tvblock tvcss_1"><div class="rte_zone tveditor1">
d. A ‘moderator’ variable.
</div>
</div>
</simpleChoice>
</choiceInteraction>
</itemBody>
<responseProcessing>
<responseCondition>
<responseIf>
<isNull>
<variable identifier="RESPONSE"/>
</isNull>
<setOutcomeValue identifier="SCORE">
<baseValue baseType="float">0.0</baseValue>
</setOutcomeValue>
<setOutcomeValue identifier="FEEDBACK">
<baseValue baseType="identifier">FAILURE</baseValue>
</setOutcomeValue>
</responseIf>
<responseElse>
<setOutcomeValue identifier="SCORE">
<mapResponse identifier="RESPONSE"/>
</setOutcomeValue>
<responseCondition>
<responseIf>
<equal toleranceMode="relative" tolerance="0.001">
<variable identifier="SCORE"/>
<variable identifier="MAXSCORE"/>
</equal>
<setOutcomeValue identifier="FEEDBACK">
<baseValue baseType="identifier">ANSWER_CORRECT</baseValue>
</setOutcomeValue>
</responseIf>
<responseElse>
<setOutcomeValue identifier="FEEDBACK">
<baseValue baseType="identifier">FAILURE</baseValue>
</setOutcomeValue>
</responseElse>
</responseCondition>
</responseElse>
</responseCondition>
</responseProcessing>
<modalFeedback identifier="FAILURE" outcomeIdentifier="FEEDBACK" showHide="show">
<div class="textblock tvblock tvcss_1"><div class="rte_zone tveditor1">
<ol>
<li> A ‘confounding’ variable. <br /> Correct </li>
<li> A ‘lurking’ variable. <br /> Incorrect </li>
<li> An ‘intervening’ variable. <br /> Incorrect </li>
<li> A ‘moderator’ variable. <br /> Incorrect </li>
</ol>
</div>
</div>
</modalFeedback>
<modalFeedback identifier="ANSWER_CORRECT" outcomeIdentifier="FEEDBACK" showHide="show">
<div class="textblock tvblock tvcss_1"><div class="rte_zone tveditor1">
<ol>
<li> A ‘confounding’ variable. <br /> Correct </li>
<li> A ‘lurking’ variable. <br /> Incorrect </li>
<li> An ‘intervening’ variable. <br /> Incorrect </li>
<li> A ‘moderator’ variable. <br /> Incorrect </li>
</ol>
</div>
</div>
</modalFeedback>
<modalFeedback identifier="PARTIAL_CORRECT" outcomeIdentifier="FEEDBACK" showHide="show">
<div class="textblock tvblock tvcss_1"><div class="rte_zone tveditor1">
<ol>
<li> A ‘confounding’ variable. <br /> Correct </li>
<li> A ‘lurking’ variable. <br /> Incorrect </li>
<li> An ‘intervening’ variable. <br /> Incorrect </li>
<li> A ‘moderator’ variable. <br /> Incorrect </li>
</ol>
</div>
</div>
</modalFeedback>
</assessmentItem>
