<?xml version="1.0" encoding="UTF-8"?>
<assessmentItem xsi:schemaLocation="http://www.imsglobal.org/xsd/imsqti_v2p1 http://www.imsglobal.org/xsd/qti/qtiv2p1/imsqti_v2p1p1.xsd http://www.w3.org/1998/Math/MathML http://www.w3.org/Math/XMLSchema/mathml2/mathml2.xsd" identifier="vufsw-chisquaredforindependence-0045-nl_918350330_section_1_item_1_schoice" title="1" adaptive="false" timeDependent="false" xmlns="http://www.imsglobal.org/xsd/imsqti_v2p1" xmlns:xsi="http://www.w3.org/2001/XMLSchema-instance">
<responseDeclaration identifier="vufsw-chisquaredforindependence-0045-nl_918350330_section_1_item_1_schoice_RESPONSE_1_4454438" cardinality="single" baseType="identifier">
<correctResponse>
<value>vufsw-chisquaredforindependence-0045-nl_918350330_section_1_item_1_schoice_2_4210756347</value>
</correctResponse>
<mapping defaultValue="0" lowerBound="0.0">
<mapEntry mapKey="vufsw-chisquaredforindependence-0045-nl_918350330_section_1_item_1_schoice_1_7210440950" mappedValue="0"/>
<mapEntry mapKey="vufsw-chisquaredforindependence-0045-nl_918350330_section_1_item_1_schoice_2_4210756347" mappedValue="1"/>
<mapEntry mapKey="vufsw-chisquaredforindependence-0045-nl_918350330_section_1_item_1_schoice_3_1661892389" mappedValue="0"/>
<mapEntry mapKey="vufsw-chisquaredforindependence-0045-nl_918350330_section_1_item_1_schoice_4_2042572266" mappedValue="0"/>
<mapEntry mapKey="vufsw-chisquaredforindependence-0045-nl_918350330_section_1_item_1_schoice_5_7871633651" mappedValue="0"/>
<mapEntry mapKey="vufsw-chisquaredforindependence-0045-nl_918350330_section_1_item_1_schoice_6_6159900211" mappedValue="0"/>
</mapping>
</responseDeclaration>
<outcomeDeclaration identifier="SCORE" cardinality="single" baseType="float" normalMaximum="1" normalMinimum="0">
<defaultValue>
<value>0.0</value>
</defaultValue>
</outcomeDeclaration>
<outcomeDeclaration identifier="MAXSCORE" cardinality="single" baseType="float">
<defaultValue>
<value>1</value>
</defaultValue>
</outcomeDeclaration>
<outcomeDeclaration identifier="FEEDBACKBASIC" cardinality="single" baseType="identifier" view="testConstructor">
<defaultValue>
<value>empty</value>
</defaultValue>
</outcomeDeclaration>
<outcomeDeclaration identifier="FEEDBACKMODAL" cardinality="multiple" baseType="identifier" view="testConstructor"/>
<outcomeDeclaration identifier="MINSCORE" cardinality="single" baseType="float">
<defaultValue>
<value baseType="float">0</value>
</defaultValue>
</outcomeDeclaration>
<outcomeDeclaration identifier="SCORE_RESPONSE_1" cardinality="single" baseType="float">
<defaultValue>
<value>0.0</value>
</defaultValue>
</outcomeDeclaration>
<outcomeDeclaration identifier="MINSCORE_RESPONSE_1" cardinality="single" baseType="float">
<defaultValue>
<value>0.0</value>
</defaultValue>
</outcomeDeclaration>
<itemBody>
<p>Een student aan de VU heeft onderzoek gedaan naar het gebruik van
sociale media onder Nederlanders. Voor haar thesis verzamelde zij
gegevens over het gebruik van Instagram van 297 mensen. In de  tabel
onderaan de vraag wordt de leeftijdscategorie van de respondenten
uitgezet naar de vraag of ze een Instagram account hebben (feitelijk
geobserveerde aantallen).</p>
<p>Wat is de verwachte waarde (“expected count”) van het aantal mensen dat
tot de jongste leeftijdscategorie behoort (15-19 jaar) dat een Instagram
account heeft bij onafhankelijkheid van de twee variabelen, op basis van
de gegevens in deze tabel? (Rond af op twee decimalen)</p>
<p><img src="1641291849357.png" class="fr-fic fr-dii tvcss_2"
alt="1641291849357" /></p>
<choiceInteraction responseIdentifier="vufsw-chisquaredforindependence-0045-nl_918350330_section_1_item_1_schoice_RESPONSE_1_4454438" shuffle="false" maxChoices="1">
<simpleChoice identifier="vufsw-chisquaredforindependence-0045-nl_918350330_section_1_item_1_schoice_1_7210440950">
<p>
a. 10,14
</p>
</simpleChoice>
<simpleChoice identifier="vufsw-chisquaredforindependence-0045-nl_918350330_section_1_item_1_schoice_2_4210756347">
<p>
b. 19,85
</p>
</simpleChoice>
<simpleChoice identifier="vufsw-chisquaredforindependence-0045-nl_918350330_section_1_item_1_schoice_3_1661892389">
<p>
c. 30,20
</p>
</simpleChoice>
<simpleChoice identifier="vufsw-chisquaredforindependence-0045-nl_918350330_section_1_item_1_schoice_4_2042572266">
<p>
d. 44,00
</p>
</simpleChoice>
<simpleChoice identifier="vufsw-chisquaredforindependence-0045-nl_918350330_section_1_item_1_schoice_5_7871633651">
<p>
e. 15,09
</p>
</simpleChoice>
<simpleChoice identifier="vufsw-chisquaredforindependence-0045-nl_918350330_section_1_item_1_schoice_6_6159900211">
<p>
f. 33,50
</p>
</simpleChoice>
</choiceInteraction>
</itemBody>
<responseProcessing>
<responseCondition>
<responseIf>
<isNull>
<variable identifier="vufsw-chisquaredforindependence-0045-nl_918350330_section_1_item_1_schoice_RESPONSE_1_4454438"/>
</isNull>
<setOutcomeValue identifier="SCORE_RESPONSE_1">
<sum>
<variable identifier="SCORE_RESPONSE_1"/>
<baseValue baseType="float">0</baseValue>
</sum>
</setOutcomeValue>
</responseIf>
</responseCondition>
<setOutcomeValue identifier="SCORE_RESPONSE_1">
<sum>
<variable identifier="SCORE_RESPONSE_1"/>
<mapResponse identifier="vufsw-chisquaredforindependence-0045-nl_918350330_section_1_item_1_schoice_RESPONSE_1_4454438"/>
</sum>
</setOutcomeValue>
<responseCondition>
<responseIf>
<lt>
<variable identifier="SCORE_RESPONSE_1"/>
<variable identifier="MINSCORE_RESPONSE_1"/>
</lt>
<setOutcomeValue identifier="SCORE_RESPONSE_1">
<variable identifier="MINSCORE_RESPONSE_1"/>
</setOutcomeValue>
</responseIf>
</responseCondition>
<setOutcomeValue identifier="SCORE">
<sum>
<variable identifier="SCORE_RESPONSE_1"/>
</sum>
</setOutcomeValue>
<responseCondition>
<responseIf>
<lt>
<variable identifier="SCORE"/>
<variable identifier="MINSCORE"/>
</lt>
<setOutcomeValue identifier="SCORE">
<variable identifier="MINSCORE"/>
</setOutcomeValue>
</responseIf>
</responseCondition>
<responseCondition>
<responseIf>
<lt>
<variable identifier="SCORE"/>
<baseValue baseType="float">1</baseValue>
</lt>
<setOutcomeValue identifier="FEEDBACKMODAL">
<multiple>
<variable identifier="FEEDBACKMODAL"/>
<baseValue baseType="identifier">Feedback657613495</baseValue>
</multiple>
</setOutcomeValue>
</responseIf>
</responseCondition>
</responseProcessing>
<modalFeedback identifier="Feedback657613495" outcomeIdentifier="FEEDBACKMODAL" showHide="show">
<ol type = "a">
<li> 10,14 <br /> False </li>
<li> 19,85 <br /> True </li>
<li> 30,20 <br /> False </li>
<li> 44,00 <br /> False </li>
<li> 15,09 <br /> False </li>
<li> 33,50 <br /> False </li>
</ol>
</modalFeedback>
</assessmentItem>
