<?xml version="1.0" encoding="utf-8" standalone="yes"?>
<assessmentItem identifier="vufgb-anova-010-en-tv_202601131823_item_1_schoice" title="vufgb-anova-010-en-tv_202601131823_item_1_schoice_vufgb-anova-010-en" adaptive="false" timeDependent="false" toolName="Testvision Online" toolVersion="39.0.9084" xmlns="http://www.imsglobal.org/xsd/imsqti_v2p1">
<responseDeclaration identifier="RESPONSE" cardinality="single" baseType="identifier">
<correctResponse>
<value>alt_894547</value>
</correctResponse>
<mapping defaultValue="0" lowerBound="0.0">
<mapEntry mapKey="alt_379325" mappedValue="-0.333333333333333"/>
<mapEntry mapKey="alt_711492" mappedValue="-0.333333333333333"/>
<mapEntry mapKey="alt_894547" mappedValue="1"/>
<mapEntry mapKey="alt_967191" mappedValue="-0.333333333333333"/>
</mapping>
</responseDeclaration>
<outcomeDeclaration identifier="SCORE" cardinality="single" baseType="float" normalMaximum="1" normalMinimum="0" />
<outcomeDeclaration identifier="FEEDBACK" cardinality="single" baseType="identifier" />
<stylesheet href="css/vufgb-anova-010-en-tv_202601131823_item_1_schoice.css" type="text/css" />
<itemBody>
<p>How many degrees of freedom belong to the Mean Square Error in a 1-factor analysis of variance?</p>
<choiceInteraction responseIdentifier="RESPONSE" shuffle="false" maxChoices="1">
<simpleChoice identifier="alt_379325">
<div class="textblock tvblock tvcss_1"><div class="rte_zone tveditor1">
 N
</div>
</div>
</simpleChoice>
<simpleChoice identifier="alt_711492">
<div class="textblock tvblock tvcss_1"><div class="rte_zone tveditor1">
 N-1
</div>
</div>
</simpleChoice>
<simpleChoice identifier="alt_894547">
<div class="textblock tvblock tvcss_1"><div class="rte_zone tveditor1">
 N-g
</div>
</div>
</simpleChoice>
<simpleChoice identifier="alt_967191">
<div class="textblock tvblock tvcss_1"><div class="rte_zone tveditor1">
 G-1
</div>
</div>
</simpleChoice>
</choiceInteraction>
</itemBody>
<responseProcessing>
<responseCondition>
<responseIf>
<isNull>
<variable identifier="RESPONSE"/>
</isNull>
<setOutcomeValue identifier="SCORE">
<baseValue baseType="float">0.0</baseValue>
</setOutcomeValue>
<setOutcomeValue identifier="FEEDBACK">
<baseValue baseType="identifier">FAILURE</baseValue>
</setOutcomeValue>
</responseIf>
<responseElse>
<setOutcomeValue identifier="SCORE">
<mapResponse identifier="RESPONSE"/>
</setOutcomeValue>
<responseCondition>
<responseIf>
<equal toleranceMode="relative" tolerance="0.001">
<variable identifier="SCORE"/>
<variable identifier="MAXSCORE"/>
</equal>
<setOutcomeValue identifier="FEEDBACK">
<baseValue baseType="identifier">ANSWER_CORRECT</baseValue>
</setOutcomeValue>
</responseIf>
<responseElse>
<setOutcomeValue identifier="FEEDBACK">
<baseValue baseType="identifier">FAILURE</baseValue>
</setOutcomeValue>
</responseElse>
</responseCondition>
</responseElse>
</responseCondition>
</responseProcessing>
<modalFeedback identifier="FAILURE" outcomeIdentifier="FEEDBACK" showHide="show">
<div class="textblock tvblock tvcss_1"><div class="rte_zone tveditor1">
<ul>
<li> N <br /> Incorrect </li>
<li> N-1 <br /> Incorrect </li>
<li> N-g <br /> Correct </li>
<li> G-1 <br /> Incorrect </li>
</ul>
</div>
</div>
</modalFeedback>
<modalFeedback identifier="ANSWER_CORRECT" outcomeIdentifier="FEEDBACK" showHide="show">
<div class="textblock tvblock tvcss_1"><div class="rte_zone tveditor1">
<ul>
<li> N <br /> Incorrect </li>
<li> N-1 <br /> Incorrect </li>
<li> N-g <br /> Correct </li>
<li> G-1 <br /> Incorrect </li>
</ul>
</div>
</div>
</modalFeedback>
<modalFeedback identifier="PARTIAL_CORRECT" outcomeIdentifier="FEEDBACK" showHide="show">
<div class="textblock tvblock tvcss_1"><div class="rte_zone tveditor1">
<ul>
<li> N <br /> Incorrect </li>
<li> N-1 <br /> Incorrect </li>
<li> N-g <br /> Correct </li>
<li> G-1 <br /> Incorrect </li>
</ul>
</div>
</div>
</modalFeedback>
</assessmentItem>
