<?xml version="1.0" encoding="utf-8" standalone="yes"?>
<assessmentItem identifier="uva-random-variables-430-nl-tv_202404291202_item_1_schoice" title="uva-random-variables-430-nl-tv_202404291202_item_1_schoice_uva-random-variables-430-nl" adaptive="false" timeDependent="false" toolName="Testvision Online" toolVersion="39.0.9084" xmlns="http://www.imsglobal.org/xsd/imsqti_v2p1">
<responseDeclaration identifier="RESPONSE" cardinality="single" baseType="identifier">
<correctResponse>
<value>alt_653340</value>
</correctResponse>
<mapping defaultValue="0" lowerBound="0.0">
<mapEntry mapKey="alt_884517" mappedValue="-0.333333333333333"/>
<mapEntry mapKey="alt_487553" mappedValue="-0.333333333333333"/>
<mapEntry mapKey="alt_653340" mappedValue="1"/>
<mapEntry mapKey="alt_700875" mappedValue="-0.333333333333333"/>
</mapping>
</responseDeclaration>
<outcomeDeclaration identifier="SCORE" cardinality="single" baseType="float" normalMaximum="1" normalMinimum="0" />
<outcomeDeclaration identifier="FEEDBACK" cardinality="single" baseType="identifier" />
<itemBody>
<p>Bij 80 pasgeborenen werd gekeken of ze een laag geboortegewicht hadden
(&lt; 2500 g.) en wat de leeftijd van de moeder was (onder de 20 jaar of
niet). De resultaten waren als volgt: Van de 20 moeders onder de 20 jaar
hadden er 8 een baby met een laag geboortegewicht, van de 60 moeders van
20 jaar en ouder hadden er 16 een baby met een laag geboortegewicht. We
kiezen aselect een van de 80 kinderen. De kans dat het kind een
geboortegewicht van 2500 gram of meer heeft, is gelijk aan</p>
<choiceInteraction responseIdentifier="RESPONSE" shuffle="false" maxChoices="1">
<simpleChoice identifier="alt_884517">
<div class="textblock tvblock tvcss_1"><div class="rte_zone tveditor1">
 0.3
</div>
</div>
</simpleChoice>
<simpleChoice identifier="alt_487553">
<div class="textblock tvblock tvcss_1"><div class="rte_zone tveditor1">
 0.75
</div>
</div>
</simpleChoice>
<simpleChoice identifier="alt_653340">
<div class="textblock tvblock tvcss_1"><div class="rte_zone tveditor1">
 0.25
</div>
</div>
</simpleChoice>
<simpleChoice identifier="alt_700875">
<div class="textblock tvblock tvcss_1"><div class="rte_zone tveditor1">
 0.7
</div>
</div>
</simpleChoice>
</choiceInteraction>
</itemBody>
<responseProcessing>
<responseCondition>
<responseIf>
<isNull>
<variable identifier="RESPONSE"/>
</isNull>
<setOutcomeValue identifier="SCORE">
<baseValue baseType="float">0.0</baseValue>
</setOutcomeValue>
<setOutcomeValue identifier="FEEDBACK">
<baseValue baseType="identifier">FAILURE</baseValue>
</setOutcomeValue>
</responseIf>
<responseElse>
<setOutcomeValue identifier="SCORE">
<mapResponse identifier="RESPONSE"/>
</setOutcomeValue>
<responseCondition>
<responseIf>
<equal toleranceMode="relative" tolerance="0.001">
<variable identifier="SCORE"/>
<variable identifier="MAXSCORE"/>
</equal>
<setOutcomeValue identifier="FEEDBACK">
<baseValue baseType="identifier">ANSWER_CORRECT</baseValue>
</setOutcomeValue>
</responseIf>
<responseElse>
<setOutcomeValue identifier="FEEDBACK">
<baseValue baseType="identifier">FAILURE</baseValue>
</setOutcomeValue>
</responseElse>
</responseCondition>
</responseElse>
</responseCondition>
</responseProcessing>
<modalFeedback identifier="FAILURE" outcomeIdentifier="FEEDBACK" showHide="show">
<div class="textblock tvblock tvcss_1"><div class="rte_zone tveditor1">
<ul>
<li> 0.3 <br /> 0.3: Incorrect </li>
<li> 0.75 <br /> 0.75: Incorrect </li>
<li> 0.25 <br /> 0.25: Correct </li>
<li> 0.7 <br /> 0.7: Incorrect </li>
</ul>
</div>
</div>
</modalFeedback>
<modalFeedback identifier="ANSWER_CORRECT" outcomeIdentifier="FEEDBACK" showHide="show">
<div class="textblock tvblock tvcss_1"><div class="rte_zone tveditor1">
<ul>
<li> 0.3 <br /> 0.3: Incorrect </li>
<li> 0.75 <br /> 0.75: Incorrect </li>
<li> 0.25 <br /> 0.25: Correct </li>
<li> 0.7 <br /> 0.7: Incorrect </li>
</ul>
</div>
</div>
</modalFeedback>
<modalFeedback identifier="PARTIAL_CORRECT" outcomeIdentifier="FEEDBACK" showHide="show">
<div class="textblock tvblock tvcss_1"><div class="rte_zone tveditor1">
<ul>
<li> 0.3 <br /> 0.3: Incorrect </li>
<li> 0.75 <br /> 0.75: Incorrect </li>
<li> 0.25 <br /> 0.25: Correct </li>
<li> 0.7 <br /> 0.7: Incorrect </li>
</ul>
</div>
</div>
</modalFeedback>
</assessmentItem>
