<?xml version="1.0" encoding="utf-8" standalone="yes"?>
<assessmentItem identifier="vufgb-interquartilerange-004-nl-tv_202209061504_item_1_schoice" title="vufgb-interquartilerange-004-nl-tv_202209061504_item_1_schoice_vufgb-interquartilerange-004-nl" adaptive="false" timeDependent="false" toolName="Testvision Online" toolVersion="39.0.9084" xmlns="http://www.imsglobal.org/xsd/imsqti_v2p1">
<responseDeclaration identifier="RESPONSE" cardinality="single" baseType="identifier">
<correctResponse>
<value>alt_522632</value>
</correctResponse>
<mapping defaultValue="0" lowerBound="0.0">
<mapEntry mapKey="alt_106671" mappedValue="-0.333333333333333"/>
<mapEntry mapKey="alt_522632" mappedValue="1"/>
<mapEntry mapKey="alt_592811" mappedValue="-0.333333333333333"/>
<mapEntry mapKey="alt_501672" mappedValue="-0.333333333333333"/>
</mapping>
</responseDeclaration>
<outcomeDeclaration identifier="SCORE" cardinality="single" baseType="float" normalMaximum="1" normalMinimum="0" />
<outcomeDeclaration identifier="FEEDBACK" cardinality="single" baseType="identifier" />
<itemBody>
<p>Hieronder zie je de verdeling van de behaalde scores van 36 leerlingen op een taaltoets. Bepaal de <em>interkwartielafstand</em> (<strong><em>interquartile range</em></strong>) voor deze verdeling.</p>
<p><img src="mediafiles/supplements1/vufgb-interquartilerange-004-nl-bargraph01.jpg" alt="image"/></p>
<choiceInteraction responseIdentifier="RESPONSE" shuffle="false" maxChoices="1">
<simpleChoice identifier="alt_106671">
<div class="textblock tvblock tvcss_1"><div class="rte_zone tveditor1">
a. 5
</div>
</div>
</simpleChoice>
<simpleChoice identifier="alt_522632">
<div class="textblock tvblock tvcss_1"><div class="rte_zone tveditor1">
b. 15
</div>
</div>
</simpleChoice>
<simpleChoice identifier="alt_592811">
<div class="textblock tvblock tvcss_1"><div class="rte_zone tveditor1">
c. 20
</div>
</div>
</simpleChoice>
<simpleChoice identifier="alt_501672">
<div class="textblock tvblock tvcss_1"><div class="rte_zone tveditor1">
d. 35
</div>
</div>
</simpleChoice>
</choiceInteraction>
</itemBody>
<responseProcessing>
<responseCondition>
<responseIf>
<isNull>
<variable identifier="RESPONSE"/>
</isNull>
<setOutcomeValue identifier="SCORE">
<baseValue baseType="float">0.0</baseValue>
</setOutcomeValue>
<setOutcomeValue identifier="FEEDBACK">
<baseValue baseType="identifier">FAILURE</baseValue>
</setOutcomeValue>
</responseIf>
<responseElse>
<setOutcomeValue identifier="SCORE">
<mapResponse identifier="RESPONSE"/>
</setOutcomeValue>
<responseCondition>
<responseIf>
<equal toleranceMode="relative" tolerance="0.001">
<variable identifier="SCORE"/>
<variable identifier="MAXSCORE"/>
</equal>
<setOutcomeValue identifier="FEEDBACK">
<baseValue baseType="identifier">ANSWER_CORRECT</baseValue>
</setOutcomeValue>
</responseIf>
<responseElse>
<setOutcomeValue identifier="FEEDBACK">
<baseValue baseType="identifier">FAILURE</baseValue>
</setOutcomeValue>
</responseElse>
</responseCondition>
</responseElse>
</responseCondition>
</responseProcessing>
<modalFeedback identifier="FAILURE" outcomeIdentifier="FEEDBACK" showHide="show">
<div class="textblock tvblock tvcss_1"><div class="rte_zone tveditor1">
<ol>
<li> 5 <br /> Incorrect </li>
<li> 15 <br /> Correct </li>
<li> 20 <br /> Incorrect </li>
<li> 35 <br /> Incorrect </li>
</ol>
</div>
</div>
</modalFeedback>
<modalFeedback identifier="ANSWER_CORRECT" outcomeIdentifier="FEEDBACK" showHide="show">
<div class="textblock tvblock tvcss_1"><div class="rte_zone tveditor1">
<ol>
<li> 5 <br /> Incorrect </li>
<li> 15 <br /> Correct </li>
<li> 20 <br /> Incorrect </li>
<li> 35 <br /> Incorrect </li>
</ol>
</div>
</div>
</modalFeedback>
<modalFeedback identifier="PARTIAL_CORRECT" outcomeIdentifier="FEEDBACK" showHide="show">
<div class="textblock tvblock tvcss_1"><div class="rte_zone tveditor1">
<ol>
<li> 5 <br /> Incorrect </li>
<li> 15 <br /> Correct </li>
<li> 20 <br /> Incorrect </li>
<li> 35 <br /> Incorrect </li>
</ol>
</div>
</div>
</modalFeedback>
</assessmentItem>
