<?xml version="1.0" encoding="UTF-8"?>
<assessmentItem xsi:schemaLocation="http://www.imsglobal.org/xsd/imsqti_v2p1 http://www.imsglobal.org/xsd/qti/qtiv2p1/imsqti_v2p1p1.xsd http://www.w3.org/1998/Math/MathML http://www.w3.org/Math/XMLSchema/mathml2/mathml2.xsd" identifier="vufgb-samplingdistributions-002-en-ans_340801675_section_1_item_1_schoice" title="Inferential_Statistics_vufgb-samplingdistributions-002-en_vufgb-samplingdistributions-002-en_schoice_1" adaptive="false" timeDependent="false" xmlns="http://www.imsglobal.org/xsd/imsqti_v2p1" xmlns:xsi="http://www.w3.org/2001/XMLSchema-instance">
<responseDeclaration identifier="vufgb-samplingdistributions-002-en-ans_340801675_section_1_item_1_schoice_RESPONSE_1_1757365" cardinality="single" baseType="identifier">
<correctResponse>
<value>vufgb-samplingdistributions-002-en-ans_340801675_section_1_item_1_schoice_3_2794086792</value>
</correctResponse>
<mapping defaultValue="0" lowerBound="0.0">
<mapEntry mapKey="vufgb-samplingdistributions-002-en-ans_340801675_section_1_item_1_schoice_1_5916650477" mappedValue="0"/>
<mapEntry mapKey="vufgb-samplingdistributions-002-en-ans_340801675_section_1_item_1_schoice_2_5545956928" mappedValue="0"/>
<mapEntry mapKey="vufgb-samplingdistributions-002-en-ans_340801675_section_1_item_1_schoice_3_2794086792" mappedValue="1"/>
<mapEntry mapKey="vufgb-samplingdistributions-002-en-ans_340801675_section_1_item_1_schoice_4_3491917795" mappedValue="0"/>
</mapping>
</responseDeclaration>
<outcomeDeclaration identifier="SCORE" cardinality="single" baseType="float" normalMaximum="1" normalMinimum="0">
<defaultValue>
<value>0.0</value>
</defaultValue>
</outcomeDeclaration>
<outcomeDeclaration identifier="MAXSCORE" cardinality="single" baseType="float">
<defaultValue>
<value>1</value>
</defaultValue>
</outcomeDeclaration>
<outcomeDeclaration identifier="FEEDBACKBASIC" cardinality="single" baseType="identifier" view="testConstructor">
<defaultValue>
<value>empty</value>
</defaultValue>
</outcomeDeclaration>
<outcomeDeclaration identifier="FEEDBACKMODAL" cardinality="multiple" baseType="identifier" view="testConstructor"/>
<outcomeDeclaration identifier="SOLUTIONMODAL" cardinality="single" baseType="identifier" view="testConstructor"/>
<outcomeDeclaration identifier="MINSCORE" cardinality="single" baseType="float">
<defaultValue>
<value baseType="float">0</value>
</defaultValue>
</outcomeDeclaration>
<outcomeDeclaration identifier="SCORE_RESPONSE_1" cardinality="single" baseType="float">
<defaultValue>
<value>0.0</value>
</defaultValue>
</outcomeDeclaration>
<outcomeDeclaration identifier="MINSCORE_RESPONSE_1" cardinality="single" baseType="float">
<defaultValue>
<value>0.0</value>
</defaultValue>
</outcomeDeclaration>
<itemBody>
<p>Fill in the blanks:</p>
<ol style="list-style-type: lower-roman">
<li>The standard error will be … for a larger sample.</li>
<li>The standard error is the standard deviation of the … .</li>
</ol>
<choiceInteraction responseIdentifier="vufgb-samplingdistributions-002-en-ans_340801675_section_1_item_1_schoice_RESPONSE_1_1757365" shuffle="false" maxChoices="1">
<simpleChoice identifier="vufgb-samplingdistributions-002-en-ans_340801675_section_1_item_1_schoice_1_5916650477">
<p>
 i: smaller, ii: parameter.
</p>
</simpleChoice>
<simpleChoice identifier="vufgb-samplingdistributions-002-en-ans_340801675_section_1_item_1_schoice_2_5545956928">
<p>
 i: larger, ii: parameter.
</p>
</simpleChoice>
<simpleChoice identifier="vufgb-samplingdistributions-002-en-ans_340801675_section_1_item_1_schoice_3_2794086792">
<p>
 i: smaller, ii: sample statistic.
</p>
</simpleChoice>
<simpleChoice identifier="vufgb-samplingdistributions-002-en-ans_340801675_section_1_item_1_schoice_4_3491917795">
<p>
 i: larger, ii: sample statistic.
</p>
</simpleChoice>
</choiceInteraction>
</itemBody>
<responseProcessing>
<setOutcomeValue identifier="SCORE_RESPONSE_1">
<sum>
<variable identifier="SCORE_RESPONSE_1"/>
<mapResponse identifier="vufgb-samplingdistributions-002-en-ans_340801675_section_1_item_1_schoice_RESPONSE_1_1757365"/>
</sum>
</setOutcomeValue>
<responseCondition>
<responseIf>
<lt>
<variable identifier="SCORE_RESPONSE_1"/>
<variable identifier="MINSCORE_RESPONSE_1"/>
</lt>
<setOutcomeValue identifier="SCORE_RESPONSE_1">
<variable identifier="MINSCORE_RESPONSE_1"/>
</setOutcomeValue>
</responseIf>
</responseCondition>
<responseCondition>
<responseIf>
<isNull>
<variable identifier="vufgb-samplingdistributions-002-en-ans_340801675_section_1_item_1_schoice_RESPONSE_1_1757365"/>
</isNull>
<setOutcomeValue identifier="SCORE_RESPONSE_1">
<sum>
<variable identifier="SCORE_RESPONSE_1"/>
<baseValue baseType="float">0</baseValue>
</sum>
</setOutcomeValue>
</responseIf>
</responseCondition>
<setOutcomeValue identifier="SCORE">
<sum>
<variable identifier="SCORE_RESPONSE_1"/>
</sum>
</setOutcomeValue>
<responseCondition>
<responseIf>
<lt>
<variable identifier="SCORE"/>
<variable identifier="MINSCORE"/>
</lt>
<setOutcomeValue identifier="SCORE">
<variable identifier="MINSCORE"/>
</setOutcomeValue>
</responseIf>
</responseCondition>
<responseCondition>
<responseIf>
<lt>
<variable identifier="SCORE"/>
<baseValue baseType="float">1</baseValue>
</lt>
<setOutcomeValue identifier="FEEDBACKMODAL">
<multiple>
<variable identifier="FEEDBACKMODAL"/>
<baseValue baseType="identifier">Feedback607373403</baseValue>
</multiple>
</setOutcomeValue>
</responseIf>
</responseCondition>
</responseProcessing>
<modalFeedback outcomeIdentifier="FEEDBACK" showHide="show" identifier="incorrect">
</modalFeedback>
</assessmentItem>
