<?xml version="1.0" encoding="utf-8" standalone="yes"?>
<assessmentItem identifier="vufsw-equation-0014-nl-tv_202405230827_item_1_schoice" title="vufsw-equation-0014-nl-tv_202405230827_item_1_schoice_vufsw-equation-0014-nl" adaptive="false" timeDependent="false" toolName="Testvision Online" toolVersion="39.0.9084" xmlns="http://www.imsglobal.org/xsd/imsqti_v2p1">
<responseDeclaration identifier="RESPONSE" cardinality="single" baseType="identifier">
<correctResponse>
<value>alt_658848</value>
</correctResponse>
<mapping defaultValue="0" lowerBound="0.0">
<mapEntry mapKey="alt_409132" mappedValue="-0.333333333333333"/>
<mapEntry mapKey="alt_708765" mappedValue="-0.333333333333333"/>
<mapEntry mapKey="alt_658848" mappedValue="1"/>
<mapEntry mapKey="alt_623258" mappedValue="-0.333333333333333"/>
</mapping>
</responseDeclaration>
<outcomeDeclaration identifier="SCORE" cardinality="single" baseType="float" normalMaximum="1" normalMinimum="0" />
<outcomeDeclaration identifier="FEEDBACK" cardinality="single" baseType="identifier" />
<itemBody>
<p>Hieronder is de formule van een multiple regressie van Y weergegeven met
twee onafhankelijke variabelen (X<sub>1</sub> en X<sub>2</sub>).<br />
Stel, je wilt weten of <strong>X</strong><sub><strong>1</strong> </sub>een significante invloed
heeft op Y, gecontroleerd voor het effect van X<sub>2  </sub>op Y
(“X<sub>2 </sub>wordt constant gehouden”).</p>
<p>Wat moet je dan in dit geval toetsen? Je moet dan als onderzoeker
toetsen of …</p>
<p><img src="mediafiles/supplements1/multiple__reg__formula__2.jpg"
class="fr-fic fr-dii enlargeimage tvcss_2"
alt="multiple reg formula 2" /></p>
<choiceInteraction responseIdentifier="RESPONSE" shuffle="false" maxChoices="1">
<simpleChoice identifier="alt_409132">
<div class="textblock tvblock tvcss_1"><div class="rte_zone tveditor1">
 De waarde van <strong>X</strong><sub><strong>1</strong></sub>significant afwijkt van 0
</div>
</div>
</simpleChoice>
<simpleChoice identifier="alt_708765">
<div class="textblock tvblock tvcss_1"><div class="rte_zone tveditor1">
 Het verschil tussen de waarde van <strong>X</strong><sub><strong>1</strong> </sub>en de waarde van <strong>b</strong><sub><strong>1</strong></sub> significant afwijkt van 0
</div>
</div>
</simpleChoice>
<simpleChoice identifier="alt_658848">
<div class="textblock tvblock tvcss_1"><div class="rte_zone tveditor1">
 De waarde van <strong>b</strong><sub><strong>1</strong> </sub>significant afwijkt van 0
</div>
</div>
</simpleChoice>
<simpleChoice identifier="alt_623258">
<div class="textblock tvblock tvcss_1"><div class="rte_zone tveditor1">
 Het verschil tussen de waarde van <strong>b</strong><sub><strong>1</strong> </sub>en de waarde van <strong>b<sub></strong>2<strong></sub></strong> ****significant afwijkt van 0
</div>
</div>
</simpleChoice>
</choiceInteraction>
</itemBody>
<responseProcessing>
<responseCondition>
<responseIf>
<isNull>
<variable identifier="RESPONSE"/>
</isNull>
<setOutcomeValue identifier="SCORE">
<baseValue baseType="float">0.0</baseValue>
</setOutcomeValue>
<setOutcomeValue identifier="FEEDBACK">
<baseValue baseType="identifier">FAILURE</baseValue>
</setOutcomeValue>
</responseIf>
<responseElse>
<setOutcomeValue identifier="SCORE">
<mapResponse identifier="RESPONSE"/>
</setOutcomeValue>
<responseCondition>
<responseIf>
<equal toleranceMode="relative" tolerance="0.001">
<variable identifier="SCORE"/>
<variable identifier="MAXSCORE"/>
</equal>
<setOutcomeValue identifier="FEEDBACK">
<baseValue baseType="identifier">ANSWER_CORRECT</baseValue>
</setOutcomeValue>
</responseIf>
<responseElse>
<setOutcomeValue identifier="FEEDBACK">
<baseValue baseType="identifier">FAILURE</baseValue>
</setOutcomeValue>
</responseElse>
</responseCondition>
</responseElse>
</responseCondition>
</responseProcessing>
<modalFeedback identifier="FAILURE" outcomeIdentifier="FEEDBACK" showHide="show">
<div class="textblock tvblock tvcss_1"><div class="rte_zone tveditor1">
<p>it is y = a + b<sub>1</sub> x <sub>1 </sub>+ b<sub>2</sub> x
<sub>2</sub></p>
<br />
<ul>
<li> De waarde van <strong>X</strong><sub><strong>1</strong></sub>significant afwijkt van 0 <br /> False </li>
<li> Het verschil tussen de waarde van <strong>X</strong><sub><strong>1</strong> </sub>en de waarde van <strong>b</strong><sub><strong>1</strong></sub> significant afwijkt van 0 <br /> False </li>
<li> De waarde van <strong>b</strong><sub><strong>1</strong> </sub>significant afwijkt van 0 <br /> True </li>
<li> Het verschil tussen de waarde van <strong>b</strong><sub><strong>1</strong> </sub>en de waarde van <strong>b<sub></strong>2<strong></sub></strong> ****significant afwijkt van 0 <br /> False </li>
</ul>
</div>
</div>
</modalFeedback>
<modalFeedback identifier="ANSWER_CORRECT" outcomeIdentifier="FEEDBACK" showHide="show">
<div class="textblock tvblock tvcss_1"><div class="rte_zone tveditor1">
<p>it is y = a + b<sub>1</sub> x <sub>1 </sub>+ b<sub>2</sub> x
<sub>2</sub></p>
<br />
<ul>
<li> De waarde van <strong>X</strong><sub><strong>1</strong></sub>significant afwijkt van 0 <br /> False </li>
<li> Het verschil tussen de waarde van <strong>X</strong><sub><strong>1</strong> </sub>en de waarde van <strong>b</strong><sub><strong>1</strong></sub> significant afwijkt van 0 <br /> False </li>
<li> De waarde van <strong>b</strong><sub><strong>1</strong> </sub>significant afwijkt van 0 <br /> True </li>
<li> Het verschil tussen de waarde van <strong>b</strong><sub><strong>1</strong> </sub>en de waarde van <strong>b<sub></strong>2<strong></sub></strong> ****significant afwijkt van 0 <br /> False </li>
</ul>
</div>
</div>
</modalFeedback>
<modalFeedback identifier="PARTIAL_CORRECT" outcomeIdentifier="FEEDBACK" showHide="show">
<div class="textblock tvblock tvcss_1"><div class="rte_zone tveditor1">
<p>it is y = a + b<sub>1</sub> x <sub>1 </sub>+ b<sub>2</sub> x
<sub>2</sub></p>
<br />
<ul>
<li> De waarde van <strong>X</strong><sub><strong>1</strong></sub>significant afwijkt van 0 <br /> False </li>
<li> Het verschil tussen de waarde van <strong>X</strong><sub><strong>1</strong> </sub>en de waarde van <strong>b</strong><sub><strong>1</strong></sub> significant afwijkt van 0 <br /> False </li>
<li> De waarde van <strong>b</strong><sub><strong>1</strong> </sub>significant afwijkt van 0 <br /> True </li>
<li> Het verschil tussen de waarde van <strong>b</strong><sub><strong>1</strong> </sub>en de waarde van <strong>b<sub></strong>2<strong></sub></strong> ****significant afwijkt van 0 <br /> False </li>
</ul>
</div>
</div>
</modalFeedback>
</assessmentItem>
