<?xml version="1.0" encoding="UTF-8"?>
<assessmentItem xsi:schemaLocation="http://www.imsglobal.org/xsd/imsqti_v2p1 http://www.imsglobal.org/xsd/qti/qtiv2p1/imsqti_v2p1p1.xsd http://www.w3.org/1998/Math/MathML http://www.w3.org/Math/XMLSchema/mathml2/mathml2.xsd" identifier="vufgb-nullhypothesis-002-nl-qti_895386206_section_1_item_1_schoice" title="1" adaptive="false" timeDependent="false" xmlns="http://www.imsglobal.org/xsd/imsqti_v2p1" xmlns:xsi="http://www.w3.org/2001/XMLSchema-instance">
<responseDeclaration identifier="vufgb-nullhypothesis-002-nl-qti_895386206_section_1_item_1_schoice_RESPONSE_1_3619249" cardinality="single" baseType="identifier">
<correctResponse>
<value>vufgb-nullhypothesis-002-nl-qti_895386206_section_1_item_1_schoice_4_6834290736</value>
</correctResponse>
<mapping defaultValue="0" lowerBound="0.0">
<mapEntry mapKey="vufgb-nullhypothesis-002-nl-qti_895386206_section_1_item_1_schoice_1_7325398450" mappedValue="0"/>
<mapEntry mapKey="vufgb-nullhypothesis-002-nl-qti_895386206_section_1_item_1_schoice_2_9600698783" mappedValue="0"/>
<mapEntry mapKey="vufgb-nullhypothesis-002-nl-qti_895386206_section_1_item_1_schoice_3_4703317868" mappedValue="0"/>
<mapEntry mapKey="vufgb-nullhypothesis-002-nl-qti_895386206_section_1_item_1_schoice_4_6834290736" mappedValue="1"/>
</mapping>
</responseDeclaration>
<outcomeDeclaration identifier="SCORE" cardinality="single" baseType="float" normalMaximum="1" normalMinimum="0">
<defaultValue>
<value>0.0</value>
</defaultValue>
</outcomeDeclaration>
<outcomeDeclaration identifier="MAXSCORE" cardinality="single" baseType="float">
<defaultValue>
<value>1</value>
</defaultValue>
</outcomeDeclaration>
<outcomeDeclaration identifier="FEEDBACKBASIC" cardinality="single" baseType="identifier" view="testConstructor">
<defaultValue>
<value>empty</value>
</defaultValue>
</outcomeDeclaration>
<outcomeDeclaration identifier="FEEDBACKMODAL" cardinality="multiple" baseType="identifier" view="testConstructor"/>
<outcomeDeclaration identifier="MINSCORE" cardinality="single" baseType="float">
<defaultValue>
<value baseType="float">0</value>
</defaultValue>
</outcomeDeclaration>
<outcomeDeclaration identifier="SCORE_RESPONSE_1" cardinality="single" baseType="float">
<defaultValue>
<value>0.0</value>
</defaultValue>
</outcomeDeclaration>
<outcomeDeclaration identifier="MINSCORE_RESPONSE_1" cardinality="single" baseType="float">
<defaultValue>
<value>0.0</value>
</defaultValue>
</outcomeDeclaration>
<itemBody>
<p>Bij een covariantieanalyse (ANCOVA) wordt er eerst getoetst of er een interactie-effect is tussen de covariaat x en de nominale variabele z. Hiervoor wordt het volgende model geschat:</p>
<p><math display="inline" xmlns="http://www.w3.org/1998/Math/MathML"><semantics><mrow><mi>E</mi><mo stretchy="false" form="prefix">(</mo><mi>y</mi><mo stretchy="false" form="postfix">)</mo><mo>=</mo><mi>α</mi><mo>+</mo><msub><mi>β</mi><mn>1</mn></msub><mi>x</mi><mo>+</mo><msub><mi>β</mi><mn>2</mn></msub><mi>x</mi><mo>+</mo><msub><mi>β</mi><mn>3</mn></msub><mi>x</mi><mi>z</mi></mrow><annotation encoding="application/x-tex">E(y) = \alpha+\beta_{1}x+\beta_{2}x+\beta_{3}xz</annotation></semantics></math></p>
<p>Wat is bij deze toets de nulhypothese?</p>
<choiceInteraction responseIdentifier="vufgb-nullhypothesis-002-nl-qti_895386206_section_1_item_1_schoice_RESPONSE_1_3619249" shuffle="false" maxChoices="1">
<simpleChoice identifier="vufgb-nullhypothesis-002-nl-qti_895386206_section_1_item_1_schoice_1_7325398450">
<p>
 <math display="inline" xmlns="http://www.w3.org/1998/Math/MathML"><semantics><mrow><msub><mi>β</mi><mn>1</mn></msub><mo>=</mo><msub><mi>β</mi><mn>2</mn></msub><mo>=</mo><msub><mi>β</mi><mn>3</mn></msub></mrow><annotation encoding="application/x-tex">\beta_{1}=\beta_{2}=\beta_{3}</annotation></semantics></math>
</p>
</simpleChoice>
<simpleChoice identifier="vufgb-nullhypothesis-002-nl-qti_895386206_section_1_item_1_schoice_2_9600698783">
<p>
 <math display="inline" xmlns="http://www.w3.org/1998/Math/MathML"><semantics><mrow><msub><mi>β</mi><mn>1</mn></msub><mo>=</mo><mn>0</mn></mrow><annotation encoding="application/x-tex">\beta_{1}=0</annotation></semantics></math>
</p>
</simpleChoice>
<simpleChoice identifier="vufgb-nullhypothesis-002-nl-qti_895386206_section_1_item_1_schoice_3_4703317868">
<p>
 <math display="inline" xmlns="http://www.w3.org/1998/Math/MathML"><semantics><mrow><msub><mi>β</mi><mn>2</mn></msub><mo>=</mo><mn>0</mn></mrow><annotation encoding="application/x-tex">\beta_{2}=0</annotation></semantics></math>
</p>
</simpleChoice>
<simpleChoice identifier="vufgb-nullhypothesis-002-nl-qti_895386206_section_1_item_1_schoice_4_6834290736">
<p>
 <math display="inline" xmlns="http://www.w3.org/1998/Math/MathML"><semantics><mrow><msub><mi>β</mi><mn>3</mn></msub><mo>=</mo><mn>0</mn></mrow><annotation encoding="application/x-tex">\beta_{3}=0</annotation></semantics></math>
</p>
</simpleChoice>
</choiceInteraction>
</itemBody>
<responseProcessing>
<responseCondition>
<responseIf>
<isNull>
<variable identifier="vufgb-nullhypothesis-002-nl-qti_895386206_section_1_item_1_schoice_RESPONSE_1_3619249"/>
</isNull>
<setOutcomeValue identifier="SCORE_RESPONSE_1">
<sum>
<variable identifier="SCORE_RESPONSE_1"/>
<baseValue baseType="float">0</baseValue>
</sum>
</setOutcomeValue>
</responseIf>
</responseCondition>
<setOutcomeValue identifier="SCORE_RESPONSE_1">
<sum>
<variable identifier="SCORE_RESPONSE_1"/>
<mapResponse identifier="vufgb-nullhypothesis-002-nl-qti_895386206_section_1_item_1_schoice_RESPONSE_1_3619249"/>
</sum>
</setOutcomeValue>
<responseCondition>
<responseIf>
<lt>
<variable identifier="SCORE_RESPONSE_1"/>
<variable identifier="MINSCORE_RESPONSE_1"/>
</lt>
<setOutcomeValue identifier="SCORE_RESPONSE_1">
<variable identifier="MINSCORE_RESPONSE_1"/>
</setOutcomeValue>
</responseIf>
</responseCondition>
<setOutcomeValue identifier="SCORE">
<sum>
<variable identifier="SCORE_RESPONSE_1"/>
</sum>
</setOutcomeValue>
<responseCondition>
<responseIf>
<lt>
<variable identifier="SCORE"/>
<variable identifier="MINSCORE"/>
</lt>
<setOutcomeValue identifier="SCORE">
<variable identifier="MINSCORE"/>
</setOutcomeValue>
</responseIf>
</responseCondition>
<responseCondition>
<responseIf>
<lt>
<variable identifier="SCORE"/>
<baseValue baseType="float">1</baseValue>
</lt>
<setOutcomeValue identifier="FEEDBACKMODAL">
<multiple>
<variable identifier="FEEDBACKMODAL"/>
<baseValue baseType="identifier">Feedback180417410</baseValue>
</multiple>
</setOutcomeValue>
</responseIf>
</responseCondition>
</responseProcessing>
<modalFeedback identifier="Feedback180417410" outcomeIdentifier="FEEDBACKMODAL" showHide="show">
 <math display="inline" xmlns="http://www.w3.org/1998/Math/MathML"><semantics><mrow><msub><mi>β</mi><mn>1</mn></msub><mo>=</mo><msub><mi>β</mi><mn>2</mn></msub><mo>=</mo><msub><mi>β</mi><mn>3</mn></msub></mrow><annotation encoding="application/x-tex">\beta_{1}=\beta_{2}=\beta_{3}</annotation></semantics></math> <br /> Incorrect 
 <math display="inline" xmlns="http://www.w3.org/1998/Math/MathML"><semantics><mrow><msub><mi>β</mi><mn>1</mn></msub><mo>=</mo><mn>0</mn></mrow><annotation encoding="application/x-tex">\beta_{1}=0</annotation></semantics></math> <br /> Incorrect 
 <math display="inline" xmlns="http://www.w3.org/1998/Math/MathML"><semantics><mrow><msub><mi>β</mi><mn>2</mn></msub><mo>=</mo><mn>0</mn></mrow><annotation encoding="application/x-tex">\beta_{2}=0</annotation></semantics></math> <br /> Incorrect 
 <math display="inline" xmlns="http://www.w3.org/1998/Math/MathML"><semantics><mrow><msub><mi>β</mi><mn>3</mn></msub><mo>=</mo><mn>0</mn></mrow><annotation encoding="application/x-tex">\beta_{3}=0</annotation></semantics></math> <br /> Correct 
</modalFeedback>
</assessmentItem>
