<?xml version="1.0" encoding="UTF-8"?>
<assessmentItem xsi:schemaLocation="http://www.imsglobal.org/xsd/imsqti_v2p1 http://www.imsglobal.org/xsd/qti/qtiv2p1/imsqti_v2p1p1.xsd http://www.w3.org/1998/Math/MathML http://www.w3.org/Math/XMLSchema/mathml2/mathml2.xsd" identifier="vufsw-moderation-0028-en-ans_174521935_section_1_item_1_schoice" title="Inferential_Statistics_vufsw-moderation-0028-en_vufsw-moderation-0028-en_schoice_1" adaptive="false" timeDependent="false" xmlns="http://www.imsglobal.org/xsd/imsqti_v2p1" xmlns:xsi="http://www.w3.org/2001/XMLSchema-instance">
<responseDeclaration identifier="vufsw-moderation-0028-en-ans_174521935_section_1_item_1_schoice_RESPONSE_1_6858552" cardinality="single" baseType="identifier">
<correctResponse>
<value>vufsw-moderation-0028-en-ans_174521935_section_1_item_1_schoice_1_5496251112</value>
</correctResponse>
<mapping defaultValue="0" lowerBound="0.0">
<mapEntry mapKey="vufsw-moderation-0028-en-ans_174521935_section_1_item_1_schoice_1_5496251112" mappedValue="1"/>
<mapEntry mapKey="vufsw-moderation-0028-en-ans_174521935_section_1_item_1_schoice_2_9397561020" mappedValue="0"/>
<mapEntry mapKey="vufsw-moderation-0028-en-ans_174521935_section_1_item_1_schoice_3_1324643575" mappedValue="0"/>
<mapEntry mapKey="vufsw-moderation-0028-en-ans_174521935_section_1_item_1_schoice_4_4449661749" mappedValue="0"/>
</mapping>
</responseDeclaration>
<outcomeDeclaration identifier="SCORE" cardinality="single" baseType="float" normalMaximum="1" normalMinimum="0">
<defaultValue>
<value>0.0</value>
</defaultValue>
</outcomeDeclaration>
<outcomeDeclaration identifier="MAXSCORE" cardinality="single" baseType="float">
<defaultValue>
<value>1</value>
</defaultValue>
</outcomeDeclaration>
<outcomeDeclaration identifier="FEEDBACKBASIC" cardinality="single" baseType="identifier" view="testConstructor">
<defaultValue>
<value>empty</value>
</defaultValue>
</outcomeDeclaration>
<outcomeDeclaration identifier="FEEDBACKMODAL" cardinality="multiple" baseType="identifier" view="testConstructor"/>
<outcomeDeclaration identifier="SOLUTIONMODAL" cardinality="single" baseType="identifier" view="testConstructor"/>
<outcomeDeclaration identifier="MINSCORE" cardinality="single" baseType="float">
<defaultValue>
<value baseType="float">0</value>
</defaultValue>
</outcomeDeclaration>
<outcomeDeclaration identifier="SCORE_RESPONSE_1" cardinality="single" baseType="float">
<defaultValue>
<value>0.0</value>
</defaultValue>
</outcomeDeclaration>
<outcomeDeclaration identifier="MINSCORE_RESPONSE_1" cardinality="single" baseType="float">
<defaultValue>
<value>0.0</value>
</defaultValue>
</outcomeDeclaration>
<itemBody>
<p>Below are the results of two separate regressions are shown (for women and men separately). “<strong>Gender</strong>” is a dummy variable that measures a person’s sex (0 = male; 1 = female). The dependent variable “<strong>CGPA</strong>” stands for one’s <em>College Grade Point Average</em> and measures one’s academic performance on a scale of 2.5 (minimum score) to 4.0 (maximum score). “<strong>WatchTV</strong>” is a variable that indicates how many minutes per day a person typically spends watching TV.<br />
We conduct a two-sided test with α = 0.05 (alpha =5%). As for can we conclude based on these results? </p>
<p><img src="media/supplements1/Untitled.png" /></p>
<choiceInteraction responseIdentifier="vufsw-moderation-0028-en-ans_174521935_section_1_item_1_schoice_RESPONSE_1_6858552" shuffle="false" maxChoices="1">
<simpleChoice identifier="vufsw-moderation-0028-en-ans_174521935_section_1_item_1_schoice_1_5496251112">
<p>
 Among men, watching TV has a significant negative influence on one’s study performance, in women watching TV has <em>no</em> significant influence on one’s study performance.
</p>
</simpleChoice>
<simpleChoice identifier="vufsw-moderation-0028-en-ans_174521935_section_1_item_1_schoice_2_9397561020">
<p>
 In both men and women, watching TV has <em>no</em> significant influence on one’s study performance.
</p>
</simpleChoice>
<simpleChoice identifier="vufsw-moderation-0028-en-ans_174521935_section_1_item_1_schoice_3_1324643575">
<p>
 Among men, watching TV has a significant <em>negative </em>influence on one’s study performance, among women, watching TV has a significant <em>positive</em> influence on one’s study performance.
</p>
</simpleChoice>
<simpleChoice identifier="vufsw-moderation-0028-en-ans_174521935_section_1_item_1_schoice_4_4449661749">
<p>
 In both men and women, watching TV has a significant positive influence on one’s study performance.
</p>
</simpleChoice>
</choiceInteraction>
</itemBody>
<responseProcessing>
<setOutcomeValue identifier="SCORE_RESPONSE_1">
<sum>
<variable identifier="SCORE_RESPONSE_1"/>
<mapResponse identifier="vufsw-moderation-0028-en-ans_174521935_section_1_item_1_schoice_RESPONSE_1_6858552"/>
</sum>
</setOutcomeValue>
<responseCondition>
<responseIf>
<lt>
<variable identifier="SCORE_RESPONSE_1"/>
<variable identifier="MINSCORE_RESPONSE_1"/>
</lt>
<setOutcomeValue identifier="SCORE_RESPONSE_1">
<variable identifier="MINSCORE_RESPONSE_1"/>
</setOutcomeValue>
</responseIf>
</responseCondition>
<responseCondition>
<responseIf>
<isNull>
<variable identifier="vufsw-moderation-0028-en-ans_174521935_section_1_item_1_schoice_RESPONSE_1_6858552"/>
</isNull>
<setOutcomeValue identifier="SCORE_RESPONSE_1">
<sum>
<variable identifier="SCORE_RESPONSE_1"/>
<baseValue baseType="float">0</baseValue>
</sum>
</setOutcomeValue>
</responseIf>
</responseCondition>
<setOutcomeValue identifier="SCORE">
<sum>
<variable identifier="SCORE_RESPONSE_1"/>
</sum>
</setOutcomeValue>
<responseCondition>
<responseIf>
<lt>
<variable identifier="SCORE"/>
<variable identifier="MINSCORE"/>
</lt>
<setOutcomeValue identifier="SCORE">
<variable identifier="MINSCORE"/>
</setOutcomeValue>
</responseIf>
</responseCondition>
<responseCondition>
<responseIf>
<lt>
<variable identifier="SCORE"/>
<baseValue baseType="float">1</baseValue>
</lt>
<setOutcomeValue identifier="FEEDBACKMODAL">
<multiple>
<variable identifier="FEEDBACKMODAL"/>
<baseValue baseType="identifier">Feedback835790784</baseValue>
</multiple>
</setOutcomeValue>
</responseIf>
</responseCondition>
</responseProcessing>
<modalFeedback outcomeIdentifier="FEEDBACK" showHide="show" identifier="incorrect">
<p>Language Dutch</p>
<p>Levels of Difficulty Easy</p>
<p>M&amp;T Basics of quantitative research Basics of quantitative research</p>
<p>M&amp;T BIS Default value</p>
<br />
<ul>
<li> Among men, watching TV has a significant negative influence on one’s study performance, in women watching TV has <em>no</em> significant influence on one’s study performance. <br /> True </li>
<li> In both men and women, watching TV has <em>no</em> significant influence on one’s study performance. <br /> False </li>
<li> Among men, watching TV has a significant <em>negative </em>influence on one’s study performance, among women, watching TV has a significant <em>positive</em> influence on one’s study performance. <br /> False </li>
<li> In both men and women, watching TV has a significant positive influence on one’s study performance. <br /> False </li>
</ul>
</modalFeedback>
</assessmentItem>
