<?xml version="1.0" encoding="UTF-8"?>
<assessmentItem xsi:schemaLocation="http://www.imsglobal.org/xsd/imsqti_v2p1 http://www.imsglobal.org/xsd/qti/qtiv2p1/imsqti_v2p1p1.xsd http://www.w3.org/1998/Math/MathML http://www.w3.org/Math/XMLSchema/mathml2/mathml2.xsd" identifier="vufgb-cohensd-001-nl-ans_938589969_section_1_item_1_schoice" title="Inferential_Statistics_vufgb-cohensd-001-nl_vufgb-cohensd-001-nl_schoice_1" adaptive="false" timeDependent="false" xmlns="http://www.imsglobal.org/xsd/imsqti_v2p1" xmlns:xsi="http://www.w3.org/2001/XMLSchema-instance">
<responseDeclaration identifier="vufgb-cohensd-001-nl-ans_938589969_section_1_item_1_schoice_RESPONSE_1_4093852" cardinality="single" baseType="identifier">
<correctResponse>
<value>vufgb-cohensd-001-nl-ans_938589969_section_1_item_1_schoice_1_9762652891</value>
</correctResponse>
<mapping defaultValue="0" lowerBound="0.0">
<mapEntry mapKey="vufgb-cohensd-001-nl-ans_938589969_section_1_item_1_schoice_1_9762652891" mappedValue="1"/>
<mapEntry mapKey="vufgb-cohensd-001-nl-ans_938589969_section_1_item_1_schoice_2_7553319115" mappedValue="0"/>
<mapEntry mapKey="vufgb-cohensd-001-nl-ans_938589969_section_1_item_1_schoice_3_9912372248" mappedValue="0"/>
<mapEntry mapKey="vufgb-cohensd-001-nl-ans_938589969_section_1_item_1_schoice_4_3260960204" mappedValue="0"/>
</mapping>
</responseDeclaration>
<outcomeDeclaration identifier="SCORE" cardinality="single" baseType="float" normalMaximum="1" normalMinimum="0">
<defaultValue>
<value>0.0</value>
</defaultValue>
</outcomeDeclaration>
<outcomeDeclaration identifier="MAXSCORE" cardinality="single" baseType="float">
<defaultValue>
<value>1</value>
</defaultValue>
</outcomeDeclaration>
<outcomeDeclaration identifier="FEEDBACKBASIC" cardinality="single" baseType="identifier" view="testConstructor">
<defaultValue>
<value>empty</value>
</defaultValue>
</outcomeDeclaration>
<outcomeDeclaration identifier="FEEDBACKMODAL" cardinality="multiple" baseType="identifier" view="testConstructor"/>
<outcomeDeclaration identifier="SOLUTIONMODAL" cardinality="single" baseType="identifier" view="testConstructor"/>
<outcomeDeclaration identifier="MINSCORE" cardinality="single" baseType="float">
<defaultValue>
<value baseType="float">0</value>
</defaultValue>
</outcomeDeclaration>
<outcomeDeclaration identifier="SCORE_RESPONSE_1" cardinality="single" baseType="float">
<defaultValue>
<value>0.0</value>
</defaultValue>
</outcomeDeclaration>
<outcomeDeclaration identifier="MINSCORE_RESPONSE_1" cardinality="single" baseType="float">
<defaultValue>
<value>0.0</value>
</defaultValue>
</outcomeDeclaration>
<itemBody>
<p>In een experiment worden de reactietijden tijdens het fietsen bij het gebruik van een mobiele telefoon (wel/niet) gemeten. De proefpersonen (N = 32) voeren de taak in beide condities uit. De gemiddelde reactietijden waren 534.6 milliseconden (SD = 66.45) zonder telefoon, en 585.2 milliseconden (SD = 89.65) met telefoon. Het gemiddelde verschil is 50.63 (SD = 52.49), t(31) = 5.46, <span class="math inline">\(p &lt; .001\)</span>.</p>
<p>Hoe groot is de bijbehorende effectmaat?</p>
<choiceInteraction responseIdentifier="vufgb-cohensd-001-nl-ans_938589969_section_1_item_1_schoice_RESPONSE_1_4093852" shuffle="false" maxChoices="1">
<simpleChoice identifier="vufgb-cohensd-001-nl-ans_938589969_section_1_item_1_schoice_1_9762652891">
<p>
 d = 0.96
</p>
</simpleChoice>
<simpleChoice identifier="vufgb-cohensd-001-nl-ans_938589969_section_1_item_1_schoice_2_7553319115">
<p>
 d = 0.59
</p>
</simpleChoice>
<simpleChoice identifier="vufgb-cohensd-001-nl-ans_938589969_section_1_item_1_schoice_3_9912372248">
<p>
 d = 0.46
</p>
</simpleChoice>
<simpleChoice identifier="vufgb-cohensd-001-nl-ans_938589969_section_1_item_1_schoice_4_3260960204">
<p>
 d = 0.65
</p>
</simpleChoice>
</choiceInteraction>
</itemBody>
<responseProcessing>
<setOutcomeValue identifier="SCORE_RESPONSE_1">
<sum>
<variable identifier="SCORE_RESPONSE_1"/>
<mapResponse identifier="vufgb-cohensd-001-nl-ans_938589969_section_1_item_1_schoice_RESPONSE_1_4093852"/>
</sum>
</setOutcomeValue>
<responseCondition>
<responseIf>
<lt>
<variable identifier="SCORE_RESPONSE_1"/>
<variable identifier="MINSCORE_RESPONSE_1"/>
</lt>
<setOutcomeValue identifier="SCORE_RESPONSE_1">
<variable identifier="MINSCORE_RESPONSE_1"/>
</setOutcomeValue>
</responseIf>
</responseCondition>
<responseCondition>
<responseIf>
<isNull>
<variable identifier="vufgb-cohensd-001-nl-ans_938589969_section_1_item_1_schoice_RESPONSE_1_4093852"/>
</isNull>
<setOutcomeValue identifier="SCORE_RESPONSE_1">
<sum>
<variable identifier="SCORE_RESPONSE_1"/>
<baseValue baseType="float">0</baseValue>
</sum>
</setOutcomeValue>
</responseIf>
</responseCondition>
<setOutcomeValue identifier="SCORE">
<sum>
<variable identifier="SCORE_RESPONSE_1"/>
</sum>
</setOutcomeValue>
<responseCondition>
<responseIf>
<lt>
<variable identifier="SCORE"/>
<variable identifier="MINSCORE"/>
</lt>
<setOutcomeValue identifier="SCORE">
<variable identifier="MINSCORE"/>
</setOutcomeValue>
</responseIf>
</responseCondition>
<responseCondition>
<responseIf>
<lt>
<variable identifier="SCORE"/>
<baseValue baseType="float">1</baseValue>
</lt>
<setOutcomeValue identifier="FEEDBACKMODAL">
<multiple>
<variable identifier="FEEDBACKMODAL"/>
<baseValue baseType="identifier">Feedback223854318</baseValue>
</multiple>
</setOutcomeValue>
</responseIf>
</responseCondition>
</responseProcessing>
<modalFeedback outcomeIdentifier="FEEDBACK" showHide="show" identifier="incorrect">
<ul>
<li> d = 0.96 <br /> Correct </li>
<li> d = 0.59 <br /> Incorrect </li>
<li> d = 0.46 <br /> Incorrect </li>
<li> d = 0.65 <br /> Incorrect </li>
</ul>
</modalFeedback>
</assessmentItem>
