<?xml version="1.0" encoding="utf-8" standalone="yes"?>
<assessmentItem identifier="vufsw-tstatistic-0084-nl-tv_202601131821_item_1_schoice" title="vufsw-tstatistic-0084-nl-tv_202601131821_item_1_schoice_vufsw-tstatistic-0084-nl" adaptive="false" timeDependent="false" toolName="Testvision Online" toolVersion="39.0.9084" xmlns="http://www.imsglobal.org/xsd/imsqti_v2p1">
<responseDeclaration identifier="RESPONSE" cardinality="single" baseType="identifier">
<correctResponse>
<value>alt_891402</value>
</correctResponse>
<mapping defaultValue="0" lowerBound="0.0">
<mapEntry mapKey="alt_891402" mappedValue="1"/>
<mapEntry mapKey="alt_173039" mappedValue="-0.333333333333333"/>
<mapEntry mapKey="alt_542043" mappedValue="-0.333333333333333"/>
<mapEntry mapKey="alt_732112" mappedValue="-0.333333333333333"/>
</mapping>
</responseDeclaration>
<outcomeDeclaration identifier="SCORE" cardinality="single" baseType="float" normalMaximum="1" normalMinimum="0" />
<outcomeDeclaration identifier="FEEDBACK" cardinality="single" baseType="identifier" />
<stylesheet href="css/vufsw-tstatistic-0084-nl-tv_202601131821_item_1_schoice.css" type="text/css" />
<itemBody>
<p>Aan 31 studenten werd twee keer een Engelse taaltoets voorgelegd: de
eerste meting vond plaats voorafgaande aan een korte taalcursus, de
tweede meting nadat zij de cursus hadden afgerond. De onderzoeker wilde
weten of het aantal fouten was afgenomen. Hij noteerde steeds het aantal
gemaakte taalfouten van de respondenten in een afgenomen test. Hieronder
staan de resultaten.<br />
De onderzoeker toetst of het aantal gemaakte taalfouten na de cursus
significant lager is.<br />
Zij hanteert een significantieniveau van 5% (α = .05). Wat is de
conclusie?</p>
<p><img src="mediafiles/supplements1/Screen__Shot__2019-03-02__at__18.57.08.png" alt="image"/></p>
<choiceInteraction responseIdentifier="RESPONSE" shuffle="false" maxChoices="1">
<simpleChoice identifier="alt_891402">
<div class="textblock tvblock tvcss_1"><div class="rte_zone tveditor1">
 We vinden empirisch bewijs voor de stelling dat de taaltoets een effect heeft gehad, want de geobserveerde t-waarde is <strong>groter</strong> dan de kritieke t-waarde.
</div>
</div>
</simpleChoice>
<simpleChoice identifier="alt_173039">
<div class="textblock tvblock tvcss_1"><div class="rte_zone tveditor1">
 We vinden empirisch bewijs voor de stelling dat de taaltoets een effect heeft gehad, want de geobserveerde t-waarde is <strong>kleiner</strong> dan de kritieke t-waarde.
</div>
</div>
</simpleChoice>
<simpleChoice identifier="alt_542043">
<div class="textblock tvblock tvcss_1"><div class="rte_zone tveditor1">
 We vinden <strong>geen</strong> empirisch bewijs voor de stelling dat de taaltoets een effect heeft gehad, want de geobserveerde t-waarde is <strong>groter</strong> dan de kritieke t-waarde.
</div>
</div>
</simpleChoice>
<simpleChoice identifier="alt_732112">
<div class="textblock tvblock tvcss_1"><div class="rte_zone tveditor1">
 We vinden <strong>geen</strong> empirisch bewijs voor de stelling dat de taaltoets een effect heeft gehad, want de geobserveerde t-waarde is <strong>kleiner</strong> dan de kritieke t-waarde.
</div>
</div>
</simpleChoice>
</choiceInteraction>
</itemBody>
<responseProcessing>
<responseCondition>
<responseIf>
<isNull>
<variable identifier="RESPONSE"/>
</isNull>
<setOutcomeValue identifier="SCORE">
<baseValue baseType="float">0.0</baseValue>
</setOutcomeValue>
<setOutcomeValue identifier="FEEDBACK">
<baseValue baseType="identifier">FAILURE</baseValue>
</setOutcomeValue>
</responseIf>
<responseElse>
<setOutcomeValue identifier="SCORE">
<mapResponse identifier="RESPONSE"/>
</setOutcomeValue>
<responseCondition>
<responseIf>
<equal toleranceMode="relative" tolerance="0.001">
<variable identifier="SCORE"/>
<variable identifier="MAXSCORE"/>
</equal>
<setOutcomeValue identifier="FEEDBACK">
<baseValue baseType="identifier">ANSWER_CORRECT</baseValue>
</setOutcomeValue>
</responseIf>
<responseElse>
<setOutcomeValue identifier="FEEDBACK">
<baseValue baseType="identifier">FAILURE</baseValue>
</setOutcomeValue>
</responseElse>
</responseCondition>
</responseElse>
</responseCondition>
</responseProcessing>
<modalFeedback identifier="FAILURE" outcomeIdentifier="FEEDBACK" showHide="show">
<div class="textblock tvblock tvcss_1"><div class="rte_zone tveditor1">
<ul>
<li> We vinden empirisch bewijs voor de stelling dat de taaltoets een effect heeft gehad, want de geobserveerde t-waarde is <strong>groter</strong> dan de kritieke t-waarde. <br /> True </li>
<li> We vinden empirisch bewijs voor de stelling dat de taaltoets een effect heeft gehad, want de geobserveerde t-waarde is <strong>kleiner</strong> dan de kritieke t-waarde. <br /> False </li>
<li> We vinden <strong>geen</strong> empirisch bewijs voor de stelling dat de taaltoets een effect heeft gehad, want de geobserveerde t-waarde is <strong>groter</strong> dan de kritieke t-waarde. <br /> False </li>
<li> We vinden <strong>geen</strong> empirisch bewijs voor de stelling dat de taaltoets een effect heeft gehad, want de geobserveerde t-waarde is <strong>kleiner</strong> dan de kritieke t-waarde. <br /> False </li>
</ul>
</div>
</div>
</modalFeedback>
<modalFeedback identifier="ANSWER_CORRECT" outcomeIdentifier="FEEDBACK" showHide="show">
<div class="textblock tvblock tvcss_1"><div class="rte_zone tveditor1">
<ul>
<li> We vinden empirisch bewijs voor de stelling dat de taaltoets een effect heeft gehad, want de geobserveerde t-waarde is <strong>groter</strong> dan de kritieke t-waarde. <br /> True </li>
<li> We vinden empirisch bewijs voor de stelling dat de taaltoets een effect heeft gehad, want de geobserveerde t-waarde is <strong>kleiner</strong> dan de kritieke t-waarde. <br /> False </li>
<li> We vinden <strong>geen</strong> empirisch bewijs voor de stelling dat de taaltoets een effect heeft gehad, want de geobserveerde t-waarde is <strong>groter</strong> dan de kritieke t-waarde. <br /> False </li>
<li> We vinden <strong>geen</strong> empirisch bewijs voor de stelling dat de taaltoets een effect heeft gehad, want de geobserveerde t-waarde is <strong>kleiner</strong> dan de kritieke t-waarde. <br /> False </li>
</ul>
</div>
</div>
</modalFeedback>
<modalFeedback identifier="PARTIAL_CORRECT" outcomeIdentifier="FEEDBACK" showHide="show">
<div class="textblock tvblock tvcss_1"><div class="rte_zone tveditor1">
<ul>
<li> We vinden empirisch bewijs voor de stelling dat de taaltoets een effect heeft gehad, want de geobserveerde t-waarde is <strong>groter</strong> dan de kritieke t-waarde. <br /> True </li>
<li> We vinden empirisch bewijs voor de stelling dat de taaltoets een effect heeft gehad, want de geobserveerde t-waarde is <strong>kleiner</strong> dan de kritieke t-waarde. <br /> False </li>
<li> We vinden <strong>geen</strong> empirisch bewijs voor de stelling dat de taaltoets een effect heeft gehad, want de geobserveerde t-waarde is <strong>groter</strong> dan de kritieke t-waarde. <br /> False </li>
<li> We vinden <strong>geen</strong> empirisch bewijs voor de stelling dat de taaltoets een effect heeft gehad, want de geobserveerde t-waarde is <strong>kleiner</strong> dan de kritieke t-waarde. <br /> False </li>
</ul>
</div>
</div>
</modalFeedback>
</assessmentItem>
