<?xml version="1.0" encoding="UTF-8"?>
<assessmentItem xsi:schemaLocation="http://www.imsglobal.org/xsd/imsqti_v2p1 http://www.imsglobal.org/xsd/qti/qtiv2p1/imsqti_v2p1p1.xsd http://www.w3.org/1998/Math/MathML http://www.w3.org/Math/XMLSchema/mathml2/mathml2.xsd" identifier="uu-Oneway_ANOVA-854-nl-qti_288840137_section_1_item_1_schoice" title="1" adaptive="false" timeDependent="false" xmlns="http://www.imsglobal.org/xsd/imsqti_v2p1" xmlns:xsi="http://www.w3.org/2001/XMLSchema-instance">
<responseDeclaration identifier="uu-Oneway_ANOVA-854-nl-qti_288840137_section_1_item_1_schoice_RESPONSE_1_7395414" cardinality="single" baseType="identifier">
<correctResponse>
<value>uu-Oneway_ANOVA-854-nl-qti_288840137_section_1_item_1_schoice_4_4088885864</value>
</correctResponse>
<mapping defaultValue="0" lowerBound="0.0">
<mapEntry mapKey="uu-Oneway_ANOVA-854-nl-qti_288840137_section_1_item_1_schoice_1_1769796342" mappedValue="0"/>
<mapEntry mapKey="uu-Oneway_ANOVA-854-nl-qti_288840137_section_1_item_1_schoice_2_6205126971" mappedValue="0"/>
<mapEntry mapKey="uu-Oneway_ANOVA-854-nl-qti_288840137_section_1_item_1_schoice_3_4683740794" mappedValue="0"/>
<mapEntry mapKey="uu-Oneway_ANOVA-854-nl-qti_288840137_section_1_item_1_schoice_4_4088885864" mappedValue="1"/>
</mapping>
</responseDeclaration>
<outcomeDeclaration identifier="SCORE" cardinality="single" baseType="float" normalMaximum="1" normalMinimum="0">
<defaultValue>
<value>0.0</value>
</defaultValue>
</outcomeDeclaration>
<outcomeDeclaration identifier="MAXSCORE" cardinality="single" baseType="float">
<defaultValue>
<value>1</value>
</defaultValue>
</outcomeDeclaration>
<outcomeDeclaration identifier="FEEDBACKBASIC" cardinality="single" baseType="identifier" view="testConstructor">
<defaultValue>
<value>empty</value>
</defaultValue>
</outcomeDeclaration>
<outcomeDeclaration identifier="FEEDBACKMODAL" cardinality="multiple" baseType="identifier" view="testConstructor"/>
<outcomeDeclaration identifier="MINSCORE" cardinality="single" baseType="float">
<defaultValue>
<value baseType="float">0</value>
</defaultValue>
</outcomeDeclaration>
<outcomeDeclaration identifier="SCORE_RESPONSE_1" cardinality="single" baseType="float">
<defaultValue>
<value>0.0</value>
</defaultValue>
</outcomeDeclaration>
<outcomeDeclaration identifier="MINSCORE_RESPONSE_1" cardinality="single" baseType="float">
<defaultValue>
<value>0.0</value>
</defaultValue>
</outcomeDeclaration>
<itemBody>
<p>Vier onderwijskundestudenten doen voor de bachelorthesis een onderzoek naar de effecten van concept mapping op leerprestaties van psychologiestudenten (N = 86). In het onderzoek worden drie condities onderscheiden:</p>
<ol style="list-style-type: decimal">
<li>Puur: Studenten die instructie krijgen bij het maken van de concept map.</li>
<li>Ondersteuning: Studenten die instructie krijgen bij het maken van de concept map, waarbij een deel van de concept map al gegeven is.</li>
<li>Controle: Studenten die geen instructie krijgen bij het maken van de concept map.</li>
</ol>
<p>Vier weken nadat de psychologiestudenten het hoofdstuk hebben gelezen, maken ze een kennistoets over de leerstof uit het hoofdstuk (tien vragen waarbij elk goed antwoord 1 punt oplevert). De verwachting is dat de studenten in de puur en ondersteuning conditie gemiddeld hoger scoren op de kennistoets dan in de studenten in de controle conditie.</p>
<p>De onderwijskundestudenten analyseren de gegevens met een eenweg ANOVA. Ze noteren hiervan de volgende gegevens in hun verslag:</p>
<p>F(2, 83) = 17.90, p &lt; .001, <math display="inline" xmlns="http://www.w3.org/1998/Math/MathML"><semantics><msup><mi>η</mi><mn>2</mn></msup><annotation encoding="application/x-tex">\eta^2</annotation></semantics></math> = 0.13.</p>
<p>Welke van de onderstaande uitspraken is juist op basis van het gerapporteerde toetsresultaat (<math display="inline" xmlns="http://www.w3.org/1998/Math/MathML"><semantics><mi>α</mi><annotation encoding="application/x-tex">\alpha</annotation></semantics></math> = 5%)?</p>
<choiceInteraction responseIdentifier="uu-Oneway_ANOVA-854-nl-qti_288840137_section_1_item_1_schoice_RESPONSE_1_7395414" shuffle="false" maxChoices="1">
<simpleChoice identifier="uu-Oneway_ANOVA-854-nl-qti_288840137_section_1_item_1_schoice_1_1769796342">
<p>
 De gemiddelden van puur en ondersteuning conditie zijn significant hoger dan het gemiddelde controle conditie.
</p>
</simpleChoice>
<simpleChoice identifier="uu-Oneway_ANOVA-854-nl-qti_288840137_section_1_item_1_schoice_2_6205126971">
<p>
 Het effect van conditie is significant, maar niet relevant (minder dan 5% verklaarde variantie).
</p>
</simpleChoice>
<simpleChoice identifier="uu-Oneway_ANOVA-854-nl-qti_288840137_section_1_item_1_schoice_3_4683740794">
<p>
 De gerapporteerde gegevens kunnen niet van dit onderzoek afkomstig zijn.
</p>
</simpleChoice>
<simpleChoice identifier="uu-Oneway_ANOVA-854-nl-qti_288840137_section_1_item_1_schoice_4_4088885864">
<p>
 Er is een post-hoc analyse is nodig om vast te stellen of in de puur en ondersteuning conditie de gemiddelden significant hoger zijn dan in de controlegroep.
</p>
</simpleChoice>
</choiceInteraction>
</itemBody>
<responseProcessing>
<responseCondition>
<responseIf>
<isNull>
<variable identifier="uu-Oneway_ANOVA-854-nl-qti_288840137_section_1_item_1_schoice_RESPONSE_1_7395414"/>
</isNull>
<setOutcomeValue identifier="SCORE_RESPONSE_1">
<sum>
<variable identifier="SCORE_RESPONSE_1"/>
<baseValue baseType="float">0</baseValue>
</sum>
</setOutcomeValue>
</responseIf>
</responseCondition>
<setOutcomeValue identifier="SCORE_RESPONSE_1">
<sum>
<variable identifier="SCORE_RESPONSE_1"/>
<mapResponse identifier="uu-Oneway_ANOVA-854-nl-qti_288840137_section_1_item_1_schoice_RESPONSE_1_7395414"/>
</sum>
</setOutcomeValue>
<responseCondition>
<responseIf>
<lt>
<variable identifier="SCORE_RESPONSE_1"/>
<variable identifier="MINSCORE_RESPONSE_1"/>
</lt>
<setOutcomeValue identifier="SCORE_RESPONSE_1">
<variable identifier="MINSCORE_RESPONSE_1"/>
</setOutcomeValue>
</responseIf>
</responseCondition>
<setOutcomeValue identifier="SCORE">
<sum>
<variable identifier="SCORE_RESPONSE_1"/>
</sum>
</setOutcomeValue>
<responseCondition>
<responseIf>
<lt>
<variable identifier="SCORE"/>
<variable identifier="MINSCORE"/>
</lt>
<setOutcomeValue identifier="SCORE">
<variable identifier="MINSCORE"/>
</setOutcomeValue>
</responseIf>
</responseCondition>
<responseCondition>
<responseIf>
<lt>
<variable identifier="SCORE"/>
<baseValue baseType="float">1</baseValue>
</lt>
<setOutcomeValue identifier="FEEDBACKMODAL">
<multiple>
<variable identifier="FEEDBACKMODAL"/>
<baseValue baseType="identifier">Feedback878762646</baseValue>
</multiple>
</setOutcomeValue>
</responseIf>
</responseCondition>
</responseProcessing>
<modalFeedback identifier="Feedback878762646" outcomeIdentifier="FEEDBACKMODAL" showHide="show">
<p>In this research 3 different conditions are compared with each other. By finding a significant difference between these groups (p &lt; .001), we don’t know yet which of the 3 groups differ from each other. This requires a post-hoc analysis.</p>
</modalFeedback>
</assessmentItem>
