<?xml version="1.0" encoding="UTF-8"?>
<assessmentItem xsi:schemaLocation="http://www.imsglobal.org/xsd/imsqti_v2p1 http://www.imsglobal.org/xsd/qti/qtiv2p1/imsqti_v2p1p1.xsd http://www.w3.org/1998/Math/MathML http://www.w3.org/Math/XMLSchema/mathml2/mathml2.xsd" identifier="uu-Twoway-ANOVA-802-nl-ans_539340236_section_1_item_1_schoice" title="Inferential_Statistics_uu-Twoway-ANOVA-802-nl_uu-Twoway-ANOVA-802-nl_schoice_1" adaptive="false" timeDependent="false" xmlns="http://www.imsglobal.org/xsd/imsqti_v2p1" xmlns:xsi="http://www.w3.org/2001/XMLSchema-instance">
<responseDeclaration identifier="uu-Twoway-ANOVA-802-nl-ans_539340236_section_1_item_1_schoice_RESPONSE_1_2040709" cardinality="single" baseType="identifier">
<correctResponse>
<value>uu-Twoway-ANOVA-802-nl-ans_539340236_section_1_item_1_schoice_2_5180926923</value>
</correctResponse>
<mapping defaultValue="0" lowerBound="0.0">
<mapEntry mapKey="uu-Twoway-ANOVA-802-nl-ans_539340236_section_1_item_1_schoice_1_7664892276" mappedValue="0"/>
<mapEntry mapKey="uu-Twoway-ANOVA-802-nl-ans_539340236_section_1_item_1_schoice_2_5180926923" mappedValue="1"/>
<mapEntry mapKey="uu-Twoway-ANOVA-802-nl-ans_539340236_section_1_item_1_schoice_3_8082204721" mappedValue="0"/>
<mapEntry mapKey="uu-Twoway-ANOVA-802-nl-ans_539340236_section_1_item_1_schoice_4_7048599256" mappedValue="0"/>
</mapping>
</responseDeclaration>
<outcomeDeclaration identifier="SCORE" cardinality="single" baseType="float" normalMaximum="1" normalMinimum="0">
<defaultValue>
<value>0.0</value>
</defaultValue>
</outcomeDeclaration>
<outcomeDeclaration identifier="MAXSCORE" cardinality="single" baseType="float">
<defaultValue>
<value>1</value>
</defaultValue>
</outcomeDeclaration>
<outcomeDeclaration identifier="FEEDBACKBASIC" cardinality="single" baseType="identifier" view="testConstructor">
<defaultValue>
<value>empty</value>
</defaultValue>
</outcomeDeclaration>
<outcomeDeclaration identifier="FEEDBACKMODAL" cardinality="multiple" baseType="identifier" view="testConstructor"/>
<outcomeDeclaration identifier="SOLUTIONMODAL" cardinality="single" baseType="identifier" view="testConstructor"/>
<outcomeDeclaration identifier="MINSCORE" cardinality="single" baseType="float">
<defaultValue>
<value baseType="float">0</value>
</defaultValue>
</outcomeDeclaration>
<outcomeDeclaration identifier="SCORE_RESPONSE_1" cardinality="single" baseType="float">
<defaultValue>
<value>0.0</value>
</defaultValue>
</outcomeDeclaration>
<outcomeDeclaration identifier="MINSCORE_RESPONSE_1" cardinality="single" baseType="float">
<defaultValue>
<value>0.0</value>
</defaultValue>
</outcomeDeclaration>
<itemBody>
<p>De onderzoekers hebben de studenten willekeurig geselecteerd uit de bestanden van de opleidingen. Bij nadere inspectie blijkt dat er meerdere studenten in de steekproef zitten die een dubbele major hebben. De cijfers van enkele studenten staan zowel bij Social Science als bij Languages. De cijfers van nog twee studenten staan bij zowel Econ/Political Science as bij Languages.</p>
<p>Welke voorwaarde van de tweeweg ANOVA hebben de onderzoekers hiermee geschonden?</p>
<choiceInteraction responseIdentifier="uu-Twoway-ANOVA-802-nl-ans_539340236_section_1_item_1_schoice_RESPONSE_1_2040709" shuffle="false" maxChoices="1">
<simpleChoice identifier="uu-Twoway-ANOVA-802-nl-ans_539340236_section_1_item_1_schoice_1_7664892276">
<p>
 Aselecte steekproef
</p>
</simpleChoice>
<simpleChoice identifier="uu-Twoway-ANOVA-802-nl-ans_539340236_section_1_item_1_schoice_2_5180926923">
<p>
 Onafhankelijkheid van de waarnemingen
</p>
</simpleChoice>
<simpleChoice identifier="uu-Twoway-ANOVA-802-nl-ans_539340236_section_1_item_1_schoice_3_8082204721">
<p>
 Gelijke varianties
</p>
</simpleChoice>
<simpleChoice identifier="uu-Twoway-ANOVA-802-nl-ans_539340236_section_1_item_1_schoice_4_7048599256">
<p>
 Normale verdeling van de cijfers
</p>
</simpleChoice>
</choiceInteraction>
</itemBody>
<responseProcessing>
<setOutcomeValue identifier="SCORE_RESPONSE_1">
<sum>
<variable identifier="SCORE_RESPONSE_1"/>
<mapResponse identifier="uu-Twoway-ANOVA-802-nl-ans_539340236_section_1_item_1_schoice_RESPONSE_1_2040709"/>
</sum>
</setOutcomeValue>
<responseCondition>
<responseIf>
<lt>
<variable identifier="SCORE_RESPONSE_1"/>
<variable identifier="MINSCORE_RESPONSE_1"/>
</lt>
<setOutcomeValue identifier="SCORE_RESPONSE_1">
<variable identifier="MINSCORE_RESPONSE_1"/>
</setOutcomeValue>
</responseIf>
</responseCondition>
<responseCondition>
<responseIf>
<isNull>
<variable identifier="uu-Twoway-ANOVA-802-nl-ans_539340236_section_1_item_1_schoice_RESPONSE_1_2040709"/>
</isNull>
<setOutcomeValue identifier="SCORE_RESPONSE_1">
<sum>
<variable identifier="SCORE_RESPONSE_1"/>
<baseValue baseType="float">0</baseValue>
</sum>
</setOutcomeValue>
</responseIf>
</responseCondition>
<setOutcomeValue identifier="SCORE">
<sum>
<variable identifier="SCORE_RESPONSE_1"/>
</sum>
</setOutcomeValue>
<responseCondition>
<responseIf>
<lt>
<variable identifier="SCORE"/>
<variable identifier="MINSCORE"/>
</lt>
<setOutcomeValue identifier="SCORE">
<variable identifier="MINSCORE"/>
</setOutcomeValue>
</responseIf>
</responseCondition>
<responseCondition>
<responseIf>
<lt>
<variable identifier="SCORE"/>
<baseValue baseType="float">1</baseValue>
</lt>
<setOutcomeValue identifier="FEEDBACKMODAL">
<multiple>
<variable identifier="FEEDBACKMODAL"/>
<baseValue baseType="identifier">Feedback720158103</baseValue>
</multiple>
</setOutcomeValue>
</responseIf>
</responseCondition>
</responseProcessing>
<modalFeedback outcomeIdentifier="FEEDBACK" showHide="show" identifier="incorrect">
<ul>
<li> Aselecte steekproef <br /> Deze voorwaarde is niet geschonden, aangezien er wel een willekeurige sample is getrokken, oftewel een aselecte steekproef </li>
<li> Onafhankelijkheid van de waarnemingen <br /> Deze voorwaarde is geschonden, omdat er studenten zijn die in meer dan 1 van de groepen zit. Het is bij een ANOVA belangrijk dat er onafhankelijke groepen zijn. Dat is niet het geval. </li>
<li> Gelijke varianties <br /> Deze voorwaarde is een belangrijke bij deze toets, maar hier gaat de vraag niet over. </li>
<li> Normale verdeling van de cijfers <br /> Deze voorwaarde is een belangrijke bij deze toets, maar hier gaat de vraag niet over </li>
</ul>
</modalFeedback>
</assessmentItem>
