<?xml version="1.0" encoding="UTF-8"?>
<assessmentItem xsi:schemaLocation="http://www.imsglobal.org/xsd/imsqti_v2p1 http://www.imsglobal.org/xsd/qti/qtiv2p1/imsqti_v2p1p1.xsd http://www.w3.org/1998/Math/MathML http://www.w3.org/Math/XMLSchema/mathml2/mathml2.xsd" identifier="uva-equation-1931-en-qti_871138216_section_1_item_1_schoice" title="1" adaptive="false" timeDependent="false" xmlns="http://www.imsglobal.org/xsd/imsqti_v2p1" xmlns:xsi="http://www.w3.org/2001/XMLSchema-instance">
<responseDeclaration identifier="uva-equation-1931-en-qti_871138216_section_1_item_1_schoice_RESPONSE_1_6455316" cardinality="single" baseType="identifier">
<correctResponse>
<value>uva-equation-1931-en-qti_871138216_section_1_item_1_schoice_2_2521324253</value>
</correctResponse>
<mapping defaultValue="0" lowerBound="0.0">
<mapEntry mapKey="uva-equation-1931-en-qti_871138216_section_1_item_1_schoice_1_3355905622" mappedValue="0"/>
<mapEntry mapKey="uva-equation-1931-en-qti_871138216_section_1_item_1_schoice_2_2521324253" mappedValue="1"/>
<mapEntry mapKey="uva-equation-1931-en-qti_871138216_section_1_item_1_schoice_3_6663479887" mappedValue="0"/>
</mapping>
</responseDeclaration>
<outcomeDeclaration identifier="SCORE" cardinality="single" baseType="float" normalMaximum="1" normalMinimum="0">
<defaultValue>
<value>0.0</value>
</defaultValue>
</outcomeDeclaration>
<outcomeDeclaration identifier="MAXSCORE" cardinality="single" baseType="float">
<defaultValue>
<value>1</value>
</defaultValue>
</outcomeDeclaration>
<outcomeDeclaration identifier="FEEDBACKBASIC" cardinality="single" baseType="identifier" view="testConstructor">
<defaultValue>
<value>empty</value>
</defaultValue>
</outcomeDeclaration>
<outcomeDeclaration identifier="FEEDBACKMODAL" cardinality="multiple" baseType="identifier" view="testConstructor"/>
<outcomeDeclaration identifier="SOLUTIONMODAL" cardinality="single" baseType="identifier" view="testConstructor"/>
<outcomeDeclaration identifier="MINSCORE" cardinality="single" baseType="float">
<defaultValue>
<value baseType="float">0</value>
</defaultValue>
</outcomeDeclaration>
<outcomeDeclaration identifier="SCORE_RESPONSE_1" cardinality="single" baseType="float">
<defaultValue>
<value>0.0</value>
</defaultValue>
</outcomeDeclaration>
<outcomeDeclaration identifier="MINSCORE_RESPONSE_1" cardinality="single" baseType="float">
<defaultValue>
<value>0.0</value>
</defaultValue>
</outcomeDeclaration>
<itemBody>
<p>We have a regression equation <math display="inline" xmlns="http://www.w3.org/1998/Math/MathML"><semantics><mrow><mover><mi>y</mi><mo accent="true">̂</mo></mover><mo>=</mo><mn>7</mn><mo>+</mo><mn>4</mn><msub><mi>x</mi><mn>1</mn></msub><mo>+</mo><mn>8</mn><msub><mi>x</mi><mn>2</mn></msub><mo>+</mo><mn>10</mn><msub><mi>x</mi><mn>3</mn></msub></mrow><annotation encoding="application/x-tex">\hat{y} = 7 + 4x_{1} + 8x_{2} + 10x_{3}</annotation></semantics></math> We check for <em>x</em><sub>1</sub> and <em>x</em><sub>3</sub>. What is the increase in predicted <em>y</em> if we go from 6 to 9 for <em>x</em><sub>2</sub>?</p>
<choiceInteraction responseIdentifier="uva-equation-1931-en-qti_871138216_section_1_item_1_schoice_RESPONSE_1_6455316" shuffle="false" maxChoices="1">
<simpleChoice identifier="uva-equation-1931-en-qti_871138216_section_1_item_1_schoice_1_3355905622">
<p>
 12
</p>
</simpleChoice>
<simpleChoice identifier="uva-equation-1931-en-qti_871138216_section_1_item_1_schoice_2_2521324253">
<p>
 24
</p>
</simpleChoice>
<simpleChoice identifier="uva-equation-1931-en-qti_871138216_section_1_item_1_schoice_3_6663479887">
<p>
 72
</p>
</simpleChoice>
</choiceInteraction>
</itemBody>
<responseProcessing>
<setOutcomeValue identifier="SCORE_RESPONSE_1">
<sum>
<variable identifier="SCORE_RESPONSE_1"/>
<mapResponse identifier="uva-equation-1931-en-qti_871138216_section_1_item_1_schoice_RESPONSE_1_6455316"/>
</sum>
</setOutcomeValue>
<responseCondition>
<responseIf>
<lt>
<variable identifier="SCORE_RESPONSE_1"/>
<variable identifier="MINSCORE_RESPONSE_1"/>
</lt>
<setOutcomeValue identifier="SCORE_RESPONSE_1">
<variable identifier="MINSCORE_RESPONSE_1"/>
</setOutcomeValue>
</responseIf>
</responseCondition>
<responseCondition>
<responseIf>
<isNull>
<variable identifier="uva-equation-1931-en-qti_871138216_section_1_item_1_schoice_RESPONSE_1_6455316"/>
</isNull>
<setOutcomeValue identifier="SCORE_RESPONSE_1">
<sum>
<variable identifier="SCORE_RESPONSE_1"/>
<baseValue baseType="float">0</baseValue>
</sum>
</setOutcomeValue>
</responseIf>
</responseCondition>
<setOutcomeValue identifier="SCORE">
<sum>
<variable identifier="SCORE_RESPONSE_1"/>
</sum>
</setOutcomeValue>
<responseCondition>
<responseIf>
<lt>
<variable identifier="SCORE"/>
<variable identifier="MINSCORE"/>
</lt>
<setOutcomeValue identifier="SCORE">
<variable identifier="MINSCORE"/>
</setOutcomeValue>
</responseIf>
</responseCondition>
<responseCondition>
<responseIf>
<lt>
<variable identifier="SCORE"/>
<baseValue baseType="float">1</baseValue>
</lt>
<setOutcomeValue identifier="FEEDBACKMODAL">
<multiple>
<variable identifier="FEEDBACKMODAL"/>
<baseValue baseType="identifier">Feedback123312664</baseValue>
</multiple>
</setOutcomeValue>
</responseIf>
</responseCondition>
</responseProcessing>
<modalFeedback identifier="Feedback123312664" outcomeIdentifier="FEEDBACKMODAL" showHide="show">
<ul>
<li> 12 <br /> 12: Incorrect </li>
<li> 24 <br /> 24: Correct </li>
<li> 72 <br /> 72: Incorrect </li>
</ul>
</modalFeedback>
</assessmentItem>
