<?xml version="1.0" encoding="UTF-8"?>
<!DOCTYPE questestinterop SYSTEM "ims_qtiasiv1p2p1.dtd">

<questestinterop xmlns="http://www.imsglobal.org/xsd/ims_qtiasiv1p2" xmlns:xsi="http://www.w3.org/2001/XMLSchema-instance" xsi:schemaLocation="http://www.imsglobal.org/xsd/ims_qtiasiv1p2 http://www.imsglobal.org/xsd/ims_qtiasiv1p2p1.xsd">
<assessment ident="uva-one-sample-mean-308-nl-canvas_377253356" title="uva-one-sample-mean-308-nl-canvas">

<qtimetadata>
<qtimetadatafield>
<fieldlabel>cc_maxattempts</fieldlabel>
<fieldentry>1</fieldentry>
</qtimetadatafield>
<qtimetadatafield>
<fieldlabel>qmd_assessmenttype</fieldlabel>
<fieldentry>Assessment</fieldentry>
</qtimetadatafield>
</qtimetadata>
<objectives>
<material>
<mattext><![CDATA[Please solve the following exercises.]]></mattext>
</material>
</objectives>
<assessmentcontrol feedbackswitch="No" hintswitch="No" solutionswitch="Yes"/>
<outcomes_processing scoremodel="SumOfScores">
<outcomes>
<decvar varname="SCORE" vartype="Decimal" cutvalue="0"/>
</outcomes>
</outcomes_processing>
<assessfeedback title="AssessmentFeedback" ident="AssessmentFeedback">
<flow_mat>
<material>
<mattext>##AssessmentFeedback##</mattext>
</material>
</flow_mat>
</assessfeedback>

<section ident="uva-one-sample-mean-308-nl-canvas_377253356_section_1" title="Exercise">

<objectives>
<material>
<mattext><![CDATA[Please answer the following question.]]></mattext>
</material>
</objectives>
<selection_ordering>
<selection>
<selection_number>1</selection_number>
<selection_extension>
<points_per_item>1</points_per_item>
</selection_extension>
</selection>
<order order_type="Random"/>
</selection_ordering>

<item ident="uva-one-sample-mean-308-nl-canvas_377253356_section_1_item_1_schoice" title="Question" maxattempts="1">
<itemcontrol feedbackswitch="No" hintswitch="No" solutionswitch="Yes"/>
<itemmetadata>
<qtimetadata>
<qtimetadatafield>
<fieldlabel>question_type</fieldlabel>
<fieldentry>multiple_choice_question</fieldentry>
</qtimetadatafield>
</qtimetadata>
</itemmetadata>
<presentation>
<flow>
<material>
<matbreak/>
<mattext texttype="text/html" charset="utf-8"><![CDATA[
<p>We trekken een steekproef uit een normaal verdeelde populatie N(μ,
σ<sup>²</sup>), met als uitkomsten: 20, 20, 36 en 20. Stel nu dat σ<sup>²</sup> niet
bekend is en geschat wordt m.b.v. <em>s</em><sup>²</sup>. Wat is dan de kritieke waarde
bij toetsing van H<sub>0</sub>: μ = 20 tegen H<sub>1</sub>: μ ≠ 20 met 5% risico?</p>
]]></mattext>
<matbreak/>
</material>
<response_lid ident="uva-one-sample-mean-308-nl-canvas_377253356_section_1_item_1_schoice_RESPONSE_5065894" rcardinality="Single" rtiming="No">
<render_choice shuffle="No">
<flow_label class="List">
<response_label ident="uva-one-sample-mean-308-nl-canvas_377253356_section_1_item_1_schoice_1584381634" rshuffle="No">
<material>
<mattext texttype="text/html" charset="utf-8"><![CDATA[
 1.96
]]></mattext>
</material>
</response_label>
</flow_label>
<flow_label class="List">
<response_label ident="uva-one-sample-mean-308-nl-canvas_377253356_section_1_item_1_schoice_6366393493" rshuffle="No">
<material>
<mattext texttype="text/html" charset="utf-8"><![CDATA[
 2.3534
]]></mattext>
</material>
</response_label>
</flow_label>
<flow_label class="List">
<response_label ident="uva-one-sample-mean-308-nl-canvas_377253356_section_1_item_1_schoice_9024877214" rshuffle="No">
<material>
<mattext texttype="text/html" charset="utf-8"><![CDATA[
 2.7764
]]></mattext>
</material>
</response_label>
</flow_label>
<flow_label class="List">
<response_label ident="uva-one-sample-mean-308-nl-canvas_377253356_section_1_item_1_schoice_8294495218" rshuffle="No">
<material>
<mattext texttype="text/html" charset="utf-8"><![CDATA[
 3.1825
]]></mattext>
</material>
</response_label>
</flow_label>
</render_choice>
</response_lid>
</flow>
</presentation>
<resprocessing>
<outcomes>
<decvar varname="SCORE" vartype="Decimal" defaultval="0" minvalue="0" maxvalue="1" cutvalue="1"/>
</outcomes>
<respcondition title="Mastery" continue="No">
<conditionvar>
<and>
<varequal respident="uva-one-sample-mean-308-nl-canvas_377253356_section_1_item_1_schoice_RESPONSE_5065894" case="Yes">uva-one-sample-mean-308-nl-canvas_377253356_section_1_item_1_schoice_8294495218</varequal>
<not> <varequal respident="uva-one-sample-mean-308-nl-canvas_377253356_section_1_item_1_schoice_RESPONSE_5065894" case="Yes">uva-one-sample-mean-308-nl-canvas_377253356_section_1_item_1_schoice_1584381634</varequal> </not>
<not> <varequal respident="uva-one-sample-mean-308-nl-canvas_377253356_section_1_item_1_schoice_RESPONSE_5065894" case="Yes">uva-one-sample-mean-308-nl-canvas_377253356_section_1_item_1_schoice_6366393493</varequal> </not>
<not> <varequal respident="uva-one-sample-mean-308-nl-canvas_377253356_section_1_item_1_schoice_RESPONSE_5065894" case="Yes">uva-one-sample-mean-308-nl-canvas_377253356_section_1_item_1_schoice_9024877214</varequal> </not>
</and>
</conditionvar>
<setvar varname="SCORE" action="Set">1</setvar>
<displayfeedback feedbacktype="Response" linkrefid="correct_fb"/>
</respcondition>
<respcondition continue="Yes">
<conditionvar>
<other/>
</conditionvar>
<displayfeedback feedbacktype="Response" linkrefid="general_incorrect_fb"/>
</respcondition>
</resprocessing>
<itemfeedback ident="correct_fb" view="All">
<flow_mat>
<material>
<mattext texttype="text/html"><![CDATA[
<ul>
<li> 1.96 <br /> 1.96: Incorrect </li>
<li> 2.3534 <br /> 2.3534: Incorrect </li>
<li> 2.7764 <br /> 2.7764: Incorrect </li>
<li> 3.1825 <br /> 3.1825: Correct </li>
</ul>
]]></mattext>
</material>
</flow_mat>
</itemfeedback>
<itemfeedback ident="general_incorrect_fb" view="All">
<flow_mat>
<material>
<mattext texttype="text/html"><![CDATA[
<ul>
<li> 1.96 <br /> 1.96: Incorrect </li>
<li> 2.3534 <br /> 2.3534: Incorrect </li>
<li> 2.7764 <br /> 2.7764: Incorrect </li>
<li> 3.1825 <br /> 3.1825: Correct </li>
</ul>
]]></mattext>
</material>
</flow_mat>
</itemfeedback>
</item>


</section>

</assessment>
</questestinterop>
