<?xml version="1.0" encoding="UTF-8"?>
<assessmentItem xsi:schemaLocation="http://www.imsglobal.org/xsd/imsqti_v2p1 http://www.imsglobal.org/xsd/qti/qtiv2p1/imsqti_v2p1p1.xsd http://www.w3.org/1998/Math/MathML http://www.w3.org/Math/XMLSchema/mathml2/mathml2.xsd" identifier="uu-t-statistic-811-nl-qti_648497600_section_1_item_1_schoice" title="1" adaptive="false" timeDependent="false" xmlns="http://www.imsglobal.org/xsd/imsqti_v2p1" xmlns:xsi="http://www.w3.org/2001/XMLSchema-instance">
<responseDeclaration identifier="uu-t-statistic-811-nl-qti_648497600_section_1_item_1_schoice_RESPONSE_1_2511845" cardinality="single" baseType="identifier">
<correctResponse>
<value>uu-t-statistic-811-nl-qti_648497600_section_1_item_1_schoice_4_4903640084</value>
</correctResponse>
<mapping defaultValue="0" lowerBound="0.0">
<mapEntry mapKey="uu-t-statistic-811-nl-qti_648497600_section_1_item_1_schoice_1_1109515605" mappedValue="0"/>
<mapEntry mapKey="uu-t-statistic-811-nl-qti_648497600_section_1_item_1_schoice_2_9977252678" mappedValue="0"/>
<mapEntry mapKey="uu-t-statistic-811-nl-qti_648497600_section_1_item_1_schoice_3_1250259276" mappedValue="0"/>
<mapEntry mapKey="uu-t-statistic-811-nl-qti_648497600_section_1_item_1_schoice_4_4903640084" mappedValue="1"/>
</mapping>
</responseDeclaration>
<outcomeDeclaration identifier="SCORE" cardinality="single" baseType="float" normalMaximum="1" normalMinimum="0">
<defaultValue>
<value>0.0</value>
</defaultValue>
</outcomeDeclaration>
<outcomeDeclaration identifier="MAXSCORE" cardinality="single" baseType="float">
<defaultValue>
<value>1</value>
</defaultValue>
</outcomeDeclaration>
<outcomeDeclaration identifier="FEEDBACKBASIC" cardinality="single" baseType="identifier" view="testConstructor">
<defaultValue>
<value>empty</value>
</defaultValue>
</outcomeDeclaration>
<outcomeDeclaration identifier="FEEDBACKMODAL" cardinality="multiple" baseType="identifier" view="testConstructor"/>
<outcomeDeclaration identifier="SOLUTIONMODAL" cardinality="single" baseType="identifier" view="testConstructor"/>
<outcomeDeclaration identifier="MINSCORE" cardinality="single" baseType="float">
<defaultValue>
<value baseType="float">0</value>
</defaultValue>
</outcomeDeclaration>
<outcomeDeclaration identifier="SCORE_RESPONSE_1" cardinality="single" baseType="float">
<defaultValue>
<value>0.0</value>
</defaultValue>
</outcomeDeclaration>
<outcomeDeclaration identifier="MINSCORE_RESPONSE_1" cardinality="single" baseType="float">
<defaultValue>
<value>0.0</value>
</defaultValue>
</outcomeDeclaration>
<itemBody>
<p>Het effect van een assertiviteitstraining voor managers wordt getoetst in een aselecte steekproef van 6 personen. Na de training wordt de gemiddelde assertiviteitsscore in de steekproef vergeleken met het gemiddelde <math display="inline" xmlns="http://www.w3.org/1998/Math/MathML"><semantics><mi>μ</mi><annotation encoding="application/x-tex">\mu</annotation></semantics></math> in de populatie. De t-statistiek van 3.0 is significant. Hoe groot is de proportie variantie van de assertiviteitsscores die door de training wordt verklaard?</p>
<choiceInteraction responseIdentifier="uu-t-statistic-811-nl-qti_648497600_section_1_item_1_schoice_RESPONSE_1_2511845" shuffle="false" maxChoices="1">
<simpleChoice identifier="uu-t-statistic-811-nl-qti_648497600_section_1_item_1_schoice_1_1109515605">
<p>
 1/3.
</p>
</simpleChoice>
<simpleChoice identifier="uu-t-statistic-811-nl-qti_648497600_section_1_item_1_schoice_2_9977252678">
<p>
 3/5.
</p>
</simpleChoice>
<simpleChoice identifier="uu-t-statistic-811-nl-qti_648497600_section_1_item_1_schoice_3_1250259276">
<p>
 3/8.
</p>
</simpleChoice>
<simpleChoice identifier="uu-t-statistic-811-nl-qti_648497600_section_1_item_1_schoice_4_4903640084">
<p>
 9/14.
</p>
</simpleChoice>
</choiceInteraction>
</itemBody>
<responseProcessing>
<setOutcomeValue identifier="SCORE_RESPONSE_1">
<sum>
<variable identifier="SCORE_RESPONSE_1"/>
<mapResponse identifier="uu-t-statistic-811-nl-qti_648497600_section_1_item_1_schoice_RESPONSE_1_2511845"/>
</sum>
</setOutcomeValue>
<responseCondition>
<responseIf>
<lt>
<variable identifier="SCORE_RESPONSE_1"/>
<variable identifier="MINSCORE_RESPONSE_1"/>
</lt>
<setOutcomeValue identifier="SCORE_RESPONSE_1">
<variable identifier="MINSCORE_RESPONSE_1"/>
</setOutcomeValue>
</responseIf>
</responseCondition>
<responseCondition>
<responseIf>
<isNull>
<variable identifier="uu-t-statistic-811-nl-qti_648497600_section_1_item_1_schoice_RESPONSE_1_2511845"/>
</isNull>
<setOutcomeValue identifier="SCORE_RESPONSE_1">
<sum>
<variable identifier="SCORE_RESPONSE_1"/>
<baseValue baseType="float">0</baseValue>
</sum>
</setOutcomeValue>
</responseIf>
</responseCondition>
<setOutcomeValue identifier="SCORE">
<sum>
<variable identifier="SCORE_RESPONSE_1"/>
</sum>
</setOutcomeValue>
<responseCondition>
<responseIf>
<lt>
<variable identifier="SCORE"/>
<variable identifier="MINSCORE"/>
</lt>
<setOutcomeValue identifier="SCORE">
<variable identifier="MINSCORE"/>
</setOutcomeValue>
</responseIf>
</responseCondition>
<responseCondition>
<responseIf>
<lt>
<variable identifier="SCORE"/>
<baseValue baseType="float">1</baseValue>
</lt>
<setOutcomeValue identifier="FEEDBACKMODAL">
<multiple>
<variable identifier="FEEDBACKMODAL"/>
<baseValue baseType="identifier">Feedback265195409</baseValue>
</multiple>
</setOutcomeValue>
</responseIf>
</responseCondition>
</responseProcessing>
<modalFeedback identifier="Feedback265195409" outcomeIdentifier="FEEDBACKMODAL" showHide="show">
</modalFeedback>
</assessmentItem>
