<?xml version="1.0" encoding="UTF-8"?>
<assessmentItem xsi:schemaLocation="http://www.imsglobal.org/xsd/imsqti_v2p1 http://www.imsglobal.org/xsd/qti/qtiv2p1/imsqti_v2p1p1.xsd http://www.w3.org/1998/Math/MathML http://www.w3.org/Math/XMLSchema/mathml2/mathml2.xsd" identifier="uva-multiplication-rule-1299-nl-qti_614181135_section_1_item_1_schoice" title="1" adaptive="false" timeDependent="false" xmlns="http://www.imsglobal.org/xsd/imsqti_v2p1" xmlns:xsi="http://www.w3.org/2001/XMLSchema-instance">
<responseDeclaration identifier="uva-multiplication-rule-1299-nl-qti_614181135_section_1_item_1_schoice_RESPONSE_1_1944179" cardinality="single" baseType="identifier">
<correctResponse>
<value>uva-multiplication-rule-1299-nl-qti_614181135_section_1_item_1_schoice_1_7179982944</value>
</correctResponse>
<mapping defaultValue="0" lowerBound="0.0">
<mapEntry mapKey="uva-multiplication-rule-1299-nl-qti_614181135_section_1_item_1_schoice_1_7179982944" mappedValue="1"/>
<mapEntry mapKey="uva-multiplication-rule-1299-nl-qti_614181135_section_1_item_1_schoice_2_8754521622" mappedValue="0"/>
<mapEntry mapKey="uva-multiplication-rule-1299-nl-qti_614181135_section_1_item_1_schoice_3_7415959937" mappedValue="0"/>
<mapEntry mapKey="uva-multiplication-rule-1299-nl-qti_614181135_section_1_item_1_schoice_4_7098410742" mappedValue="0"/>
</mapping>
</responseDeclaration>
<outcomeDeclaration identifier="SCORE" cardinality="single" baseType="float" normalMaximum="1" normalMinimum="0">
<defaultValue>
<value>0.0</value>
</defaultValue>
</outcomeDeclaration>
<outcomeDeclaration identifier="MAXSCORE" cardinality="single" baseType="float">
<defaultValue>
<value>1</value>
</defaultValue>
</outcomeDeclaration>
<outcomeDeclaration identifier="FEEDBACKBASIC" cardinality="single" baseType="identifier" view="testConstructor">
<defaultValue>
<value>empty</value>
</defaultValue>
</outcomeDeclaration>
<outcomeDeclaration identifier="FEEDBACKMODAL" cardinality="multiple" baseType="identifier" view="testConstructor"/>
<outcomeDeclaration identifier="SOLUTIONMODAL" cardinality="single" baseType="identifier" view="testConstructor"/>
<outcomeDeclaration identifier="MINSCORE" cardinality="single" baseType="float">
<defaultValue>
<value baseType="float">0</value>
</defaultValue>
</outcomeDeclaration>
<outcomeDeclaration identifier="SCORE_RESPONSE_1" cardinality="single" baseType="float">
<defaultValue>
<value>0.0</value>
</defaultValue>
</outcomeDeclaration>
<outcomeDeclaration identifier="MINSCORE_RESPONSE_1" cardinality="single" baseType="float">
<defaultValue>
<value>0.0</value>
</defaultValue>
</outcomeDeclaration>
<itemBody>
<p>Stel dat een student twee operaties op hetzelfde moment krijgt. De kans
op succes voor operatie X is 0,75 en voor operatie Y is 0,85. Wat is dan
de kans dat beide operaties mislukken, als we ervan uitgaan dat de
successen onafhankelijk van elkaar zijn?</p>
<choiceInteraction responseIdentifier="uva-multiplication-rule-1299-nl-qti_614181135_section_1_item_1_schoice_RESPONSE_1_1944179" shuffle="false" maxChoices="1">
<simpleChoice identifier="uva-multiplication-rule-1299-nl-qti_614181135_section_1_item_1_schoice_1_7179982944">
<p>
 0,04
</p>
</simpleChoice>
<simpleChoice identifier="uva-multiplication-rule-1299-nl-qti_614181135_section_1_item_1_schoice_2_8754521622">
<p>
 0,10
</p>
</simpleChoice>
<simpleChoice identifier="uva-multiplication-rule-1299-nl-qti_614181135_section_1_item_1_schoice_3_7415959937">
<p>
 0,15
</p>
</simpleChoice>
<simpleChoice identifier="uva-multiplication-rule-1299-nl-qti_614181135_section_1_item_1_schoice_4_7098410742">
<p>
 0,25
</p>
</simpleChoice>
</choiceInteraction>
</itemBody>
<responseProcessing>
<setOutcomeValue identifier="SCORE_RESPONSE_1">
<sum>
<variable identifier="SCORE_RESPONSE_1"/>
<mapResponse identifier="uva-multiplication-rule-1299-nl-qti_614181135_section_1_item_1_schoice_RESPONSE_1_1944179"/>
</sum>
</setOutcomeValue>
<responseCondition>
<responseIf>
<lt>
<variable identifier="SCORE_RESPONSE_1"/>
<variable identifier="MINSCORE_RESPONSE_1"/>
</lt>
<setOutcomeValue identifier="SCORE_RESPONSE_1">
<variable identifier="MINSCORE_RESPONSE_1"/>
</setOutcomeValue>
</responseIf>
</responseCondition>
<responseCondition>
<responseIf>
<isNull>
<variable identifier="uva-multiplication-rule-1299-nl-qti_614181135_section_1_item_1_schoice_RESPONSE_1_1944179"/>
</isNull>
<setOutcomeValue identifier="SCORE_RESPONSE_1">
<sum>
<variable identifier="SCORE_RESPONSE_1"/>
<baseValue baseType="float">0</baseValue>
</sum>
</setOutcomeValue>
</responseIf>
</responseCondition>
<setOutcomeValue identifier="SCORE">
<sum>
<variable identifier="SCORE_RESPONSE_1"/>
</sum>
</setOutcomeValue>
<responseCondition>
<responseIf>
<lt>
<variable identifier="SCORE"/>
<variable identifier="MINSCORE"/>
</lt>
<setOutcomeValue identifier="SCORE">
<variable identifier="MINSCORE"/>
</setOutcomeValue>
</responseIf>
</responseCondition>
<responseCondition>
<responseIf>
<lt>
<variable identifier="SCORE"/>
<baseValue baseType="float">1</baseValue>
</lt>
<setOutcomeValue identifier="FEEDBACKMODAL">
<multiple>
<variable identifier="FEEDBACKMODAL"/>
<baseValue baseType="identifier">Feedback205194557</baseValue>
</multiple>
</setOutcomeValue>
</responseIf>
</responseCondition>
</responseProcessing>
<modalFeedback identifier="Feedback205194557" outcomeIdentifier="FEEDBACKMODAL" showHide="show">
<p>Het correcte antwoord is:</p>
<ul>
<li>0,04</li>
</ul>
</modalFeedback>
</assessmentItem>
