<?xml version="1.0" encoding="UTF-8"?>
<assessmentItem xsi:schemaLocation="http://www.imsglobal.org/xsd/imsqti_v2p1 http://www.imsglobal.org/xsd/qti/qtiv2p1/imsqti_v2p1p1.xsd http://www.w3.org/1998/Math/MathML http://www.w3.org/Math/XMLSchema/mathml2/mathml2.xsd" identifier="vufgb-zscore-021-nl_117587401_section_1_item_1_schoice" title="1" adaptive="false" timeDependent="false" xmlns="http://www.imsglobal.org/xsd/imsqti_v2p1" xmlns:xsi="http://www.w3.org/2001/XMLSchema-instance">
<responseDeclaration identifier="vufgb-zscore-021-nl_117587401_section_1_item_1_schoice_RESPONSE_1_5398986" cardinality="single" baseType="identifier">
<correctResponse>
<value>vufgb-zscore-021-nl_117587401_section_1_item_1_schoice_1_8699289720</value>
</correctResponse>
<mapping defaultValue="0" lowerBound="0.0">
<mapEntry mapKey="vufgb-zscore-021-nl_117587401_section_1_item_1_schoice_1_8699289720" mappedValue="1"/>
<mapEntry mapKey="vufgb-zscore-021-nl_117587401_section_1_item_1_schoice_2_5225057412" mappedValue="0"/>
<mapEntry mapKey="vufgb-zscore-021-nl_117587401_section_1_item_1_schoice_3_1058463339" mappedValue="0"/>
<mapEntry mapKey="vufgb-zscore-021-nl_117587401_section_1_item_1_schoice_4_5063704585" mappedValue="0"/>
</mapping>
</responseDeclaration>
<outcomeDeclaration identifier="SCORE" cardinality="single" baseType="float" normalMaximum="1" normalMinimum="0">
<defaultValue>
<value>0.0</value>
</defaultValue>
</outcomeDeclaration>
<outcomeDeclaration identifier="MAXSCORE" cardinality="single" baseType="float">
<defaultValue>
<value>1</value>
</defaultValue>
</outcomeDeclaration>
<outcomeDeclaration identifier="FEEDBACKBASIC" cardinality="single" baseType="identifier" view="testConstructor">
<defaultValue>
<value>empty</value>
</defaultValue>
</outcomeDeclaration>
<outcomeDeclaration identifier="FEEDBACKMODAL" cardinality="multiple" baseType="identifier" view="testConstructor"/>
<outcomeDeclaration identifier="MINSCORE" cardinality="single" baseType="float">
<defaultValue>
<value baseType="float">0</value>
</defaultValue>
</outcomeDeclaration>
<outcomeDeclaration identifier="SCORE_RESPONSE_1" cardinality="single" baseType="float">
<defaultValue>
<value>0.0</value>
</defaultValue>
</outcomeDeclaration>
<outcomeDeclaration identifier="MINSCORE_RESPONSE_1" cardinality="single" baseType="float">
<defaultValue>
<value>0.0</value>
</defaultValue>
</outcomeDeclaration>
<itemBody>
<p>Gegeven is een klokvormige verdeling. Hoeveel procent van de waarnemingen heeft een score groter dan <math display="inline" xmlns="http://www.w3.org/1998/Math/MathML"><semantics><mrow><mover><mi>y</mi><mo accent="true">¯</mo></mover><mo>+</mo><mi>s</mi></mrow><annotation encoding="application/x-tex">\overline{y}+s</annotation></semantics></math>? Gebruik de empirische regel.</p>
<choiceInteraction responseIdentifier="vufgb-zscore-021-nl_117587401_section_1_item_1_schoice_RESPONSE_1_5398986" shuffle="false" maxChoices="1">
<simpleChoice identifier="vufgb-zscore-021-nl_117587401_section_1_item_1_schoice_1_8699289720">
<p>
a. 16%
</p>
</simpleChoice>
<simpleChoice identifier="vufgb-zscore-021-nl_117587401_section_1_item_1_schoice_2_5225057412">
<p>
b. 17.5%
</p>
</simpleChoice>
<simpleChoice identifier="vufgb-zscore-021-nl_117587401_section_1_item_1_schoice_3_1058463339">
<p>
c. 32%
</p>
</simpleChoice>
<simpleChoice identifier="vufgb-zscore-021-nl_117587401_section_1_item_1_schoice_4_5063704585">
<p>
d. 35%
</p>
</simpleChoice>
</choiceInteraction>
</itemBody>
<responseProcessing>
<responseCondition>
<responseIf>
<isNull>
<variable identifier="vufgb-zscore-021-nl_117587401_section_1_item_1_schoice_RESPONSE_1_5398986"/>
</isNull>
<setOutcomeValue identifier="SCORE_RESPONSE_1">
<sum>
<variable identifier="SCORE_RESPONSE_1"/>
<baseValue baseType="float">0</baseValue>
</sum>
</setOutcomeValue>
</responseIf>
</responseCondition>
<setOutcomeValue identifier="SCORE_RESPONSE_1">
<sum>
<variable identifier="SCORE_RESPONSE_1"/>
<mapResponse identifier="vufgb-zscore-021-nl_117587401_section_1_item_1_schoice_RESPONSE_1_5398986"/>
</sum>
</setOutcomeValue>
<responseCondition>
<responseIf>
<lt>
<variable identifier="SCORE_RESPONSE_1"/>
<variable identifier="MINSCORE_RESPONSE_1"/>
</lt>
<setOutcomeValue identifier="SCORE_RESPONSE_1">
<variable identifier="MINSCORE_RESPONSE_1"/>
</setOutcomeValue>
</responseIf>
</responseCondition>
<setOutcomeValue identifier="SCORE">
<sum>
<variable identifier="SCORE_RESPONSE_1"/>
</sum>
</setOutcomeValue>
<responseCondition>
<responseIf>
<lt>
<variable identifier="SCORE"/>
<variable identifier="MINSCORE"/>
</lt>
<setOutcomeValue identifier="SCORE">
<variable identifier="MINSCORE"/>
</setOutcomeValue>
</responseIf>
</responseCondition>
<responseCondition>
<responseIf>
<lt>
<variable identifier="SCORE"/>
<baseValue baseType="float">1</baseValue>
</lt>
<setOutcomeValue identifier="FEEDBACKMODAL">
<multiple>
<variable identifier="FEEDBACKMODAL"/>
<baseValue baseType="identifier">Feedback592104489</baseValue>
</multiple>
</setOutcomeValue>
</responseIf>
</responseCondition>
</responseProcessing>
<modalFeedback identifier="Feedback592104489" outcomeIdentifier="FEEDBACKMODAL" showHide="show">
<ol type = "a">
<li> 16% <br /> Correct </li>
<li> 17.5% <br /> Incorrect </li>
<li> 32% <br /> Incorrect </li>
<li> 35% <br /> Incorrect </li>
</ol>
</modalFeedback>
</assessmentItem>
