<?xml version="1.0" encoding="UTF-8"?>
<assessmentItem xsi:schemaLocation="http://www.imsglobal.org/xsd/imsqti_v2p1 http://www.imsglobal.org/xsd/qti/qtiv2p1/imsqti_v2p1p1.xsd http://www.w3.org/1998/Math/MathML http://www.w3.org/Math/XMLSchema/mathml2/mathml2.xsd" identifier="uva-uniform-1316-nl-qti_728113128_section_1_item_1_schoice" title="1" adaptive="false" timeDependent="false" xmlns="http://www.imsglobal.org/xsd/imsqti_v2p1" xmlns:xsi="http://www.w3.org/2001/XMLSchema-instance">
<responseDeclaration identifier="uva-uniform-1316-nl-qti_728113128_section_1_item_1_schoice_RESPONSE_1_3363411" cardinality="single" baseType="identifier">
<correctResponse>
<value>uva-uniform-1316-nl-qti_728113128_section_1_item_1_schoice_3_3415015565</value>
</correctResponse>
<mapping defaultValue="0" lowerBound="0.0">
<mapEntry mapKey="uva-uniform-1316-nl-qti_728113128_section_1_item_1_schoice_1_4670005311" mappedValue="0"/>
<mapEntry mapKey="uva-uniform-1316-nl-qti_728113128_section_1_item_1_schoice_2_7770554049" mappedValue="0"/>
<mapEntry mapKey="uva-uniform-1316-nl-qti_728113128_section_1_item_1_schoice_3_3415015565" mappedValue="1"/>
<mapEntry mapKey="uva-uniform-1316-nl-qti_728113128_section_1_item_1_schoice_4_3834808237" mappedValue="0"/>
</mapping>
</responseDeclaration>
<outcomeDeclaration identifier="SCORE" cardinality="single" baseType="float" normalMaximum="1" normalMinimum="0">
<defaultValue>
<value>0.0</value>
</defaultValue>
</outcomeDeclaration>
<outcomeDeclaration identifier="MAXSCORE" cardinality="single" baseType="float">
<defaultValue>
<value>1</value>
</defaultValue>
</outcomeDeclaration>
<outcomeDeclaration identifier="FEEDBACKBASIC" cardinality="single" baseType="identifier" view="testConstructor">
<defaultValue>
<value>empty</value>
</defaultValue>
</outcomeDeclaration>
<outcomeDeclaration identifier="FEEDBACKMODAL" cardinality="multiple" baseType="identifier" view="testConstructor"/>
<outcomeDeclaration identifier="SOLUTIONMODAL" cardinality="single" baseType="identifier" view="testConstructor"/>
<outcomeDeclaration identifier="MINSCORE" cardinality="single" baseType="float">
<defaultValue>
<value baseType="float">0</value>
</defaultValue>
</outcomeDeclaration>
<outcomeDeclaration identifier="SCORE_RESPONSE_1" cardinality="single" baseType="float">
<defaultValue>
<value>0.0</value>
</defaultValue>
</outcomeDeclaration>
<outcomeDeclaration identifier="MINSCORE_RESPONSE_1" cardinality="single" baseType="float">
<defaultValue>
<value>0.0</value>
</defaultValue>
</outcomeDeclaration>
<itemBody>
<p>Je krijgt veel uitkomsten van verschillende generatoren van
toevalsgetallen. Veronderstel dat <em>Y</em> een continue stochastische
variabele is die elke waarde kan hebben tussen 0 en 1, dus 0 ≤ <em>Y</em> ≤ 1.
De dichtheidskromme van deze uitkomsten heeft dan een constante hoogte.
Wat is de hoogte van deze dichtheidskromme tussen 0 en 1?</p>
<choiceInteraction responseIdentifier="uva-uniform-1316-nl-qti_728113128_section_1_item_1_schoice_RESPONSE_1_3363411" shuffle="false" maxChoices="1">
<simpleChoice identifier="uva-uniform-1316-nl-qti_728113128_section_1_item_1_schoice_1_4670005311">
<p>
 0,5
</p>
</simpleChoice>
<simpleChoice identifier="uva-uniform-1316-nl-qti_728113128_section_1_item_1_schoice_2_7770554049">
<p>
 0,7
</p>
</simpleChoice>
<simpleChoice identifier="uva-uniform-1316-nl-qti_728113128_section_1_item_1_schoice_3_3415015565">
<p>
 1
</p>
</simpleChoice>
<simpleChoice identifier="uva-uniform-1316-nl-qti_728113128_section_1_item_1_schoice_4_3834808237">
<p>
 2
</p>
</simpleChoice>
</choiceInteraction>
</itemBody>
<responseProcessing>
<setOutcomeValue identifier="SCORE_RESPONSE_1">
<sum>
<variable identifier="SCORE_RESPONSE_1"/>
<mapResponse identifier="uva-uniform-1316-nl-qti_728113128_section_1_item_1_schoice_RESPONSE_1_3363411"/>
</sum>
</setOutcomeValue>
<responseCondition>
<responseIf>
<lt>
<variable identifier="SCORE_RESPONSE_1"/>
<variable identifier="MINSCORE_RESPONSE_1"/>
</lt>
<setOutcomeValue identifier="SCORE_RESPONSE_1">
<variable identifier="MINSCORE_RESPONSE_1"/>
</setOutcomeValue>
</responseIf>
</responseCondition>
<responseCondition>
<responseIf>
<isNull>
<variable identifier="uva-uniform-1316-nl-qti_728113128_section_1_item_1_schoice_RESPONSE_1_3363411"/>
</isNull>
<setOutcomeValue identifier="SCORE_RESPONSE_1">
<sum>
<variable identifier="SCORE_RESPONSE_1"/>
<baseValue baseType="float">0</baseValue>
</sum>
</setOutcomeValue>
</responseIf>
</responseCondition>
<setOutcomeValue identifier="SCORE">
<sum>
<variable identifier="SCORE_RESPONSE_1"/>
</sum>
</setOutcomeValue>
<responseCondition>
<responseIf>
<lt>
<variable identifier="SCORE"/>
<variable identifier="MINSCORE"/>
</lt>
<setOutcomeValue identifier="SCORE">
<variable identifier="MINSCORE"/>
</setOutcomeValue>
</responseIf>
</responseCondition>
<responseCondition>
<responseIf>
<lt>
<variable identifier="SCORE"/>
<baseValue baseType="float">1</baseValue>
</lt>
<setOutcomeValue identifier="FEEDBACKMODAL">
<multiple>
<variable identifier="FEEDBACKMODAL"/>
<baseValue baseType="identifier">Feedback360584642</baseValue>
</multiple>
</setOutcomeValue>
</responseIf>
</responseCondition>
</responseProcessing>
<modalFeedback identifier="Feedback360584642" outcomeIdentifier="FEEDBACKMODAL" showHide="show">
<ul>
<li> 0,5 <br /> 0,5: Incorrect </li>
<li> 0,7 <br /> 0,7: Incorrect </li>
<li> 1 <br /> 1: Correct </li>
<li> 2 <br /> 2: Incorrect </li>
</ul>
</modalFeedback>
</assessmentItem>
