<?xml version="1.0" encoding="UTF-8"?>
<!DOCTYPE questestinterop SYSTEM "ims_qtiasiv1p2p1.dtd">

<questestinterop xmlns="http://www.imsglobal.org/xsd/ims_qtiasiv1p2" xmlns:xsi="http://www.w3.org/2001/XMLSchema-instance" xsi:schemaLocation="http://www.imsglobal.org/xsd/ims_qtiasiv1p2 http://www.imsglobal.org/xsd/ims_qtiasiv1p2p1.xsd">
<assessment ident="uva-sample-mean-1362-en-canvas_186271233" title="uva-sample-mean-1362-en-canvas">

<qtimetadata>
<qtimetadatafield>
<fieldlabel>cc_maxattempts</fieldlabel>
<fieldentry>1</fieldentry>
</qtimetadatafield>
<qtimetadatafield>
<fieldlabel>qmd_assessmenttype</fieldlabel>
<fieldentry>Assessment</fieldentry>
</qtimetadatafield>
</qtimetadata>
<objectives>
<material>
<mattext><![CDATA[Please solve the following exercises.]]></mattext>
</material>
</objectives>
<assessmentcontrol feedbackswitch="No" hintswitch="No" solutionswitch="Yes"/>
<outcomes_processing scoremodel="SumOfScores">
<outcomes>
<decvar varname="SCORE" vartype="Decimal" cutvalue="0"/>
</outcomes>
</outcomes_processing>
<assessfeedback title="AssessmentFeedback" ident="AssessmentFeedback">
<flow_mat>
<material>
<mattext>##AssessmentFeedback##</mattext>
</material>
</flow_mat>
</assessfeedback>

<section ident="uva-sample-mean-1362-en-canvas_186271233_section_1" title="Exercise">

<objectives>
<material>
<mattext><![CDATA[Please answer the following question.]]></mattext>
</material>
</objectives>
<selection_ordering>
<selection>
<selection_number>1</selection_number>
<selection_extension>
<points_per_item>1</points_per_item>
</selection_extension>
</selection>
<order order_type="Random"/>
</selection_ordering>

<item ident="uva-sample-mean-1362-en-canvas_186271233_section_1_item_1_schoice" title="Question" maxattempts="1">
<itemcontrol feedbackswitch="No" hintswitch="No" solutionswitch="Yes"/>
<itemmetadata>
<qtimetadata>
<qtimetadatafield>
<fieldlabel>question_type</fieldlabel>
<fieldentry>multiple_choice_question</fieldentry>
</qtimetadatafield>
</qtimetadata>
</itemmetadata>
<presentation>
<flow>
<material>
<matbreak/>
<mattext texttype="text/html" charset="utf-8"><![CDATA[
<p>Five tennis balls in a box have diameters 62, 63, 64, 64 and 65 mm. Suppose you select two of the five tennis balls randomly (without putting them back), then there are 10 possibilities. What is then the average of all possible samples?</p>
]]></mattext>
<matbreak/>
</material>
<response_lid ident="uva-sample-mean-1362-en-canvas_186271233_section_1_item_1_schoice_RESPONSE_2850441" rcardinality="Single" rtiming="No">
<render_choice shuffle="No">
<flow_label class="List">
<response_label ident="uva-sample-mean-1362-en-canvas_186271233_section_1_item_1_schoice_1308630282" rshuffle="No">
<material>
<mattext texttype="text/html" charset="utf-8"><![CDATA[
 The mean is 2.5.
]]></mattext>
</material>
</response_label>
</flow_label>
<flow_label class="List">
<response_label ident="uva-sample-mean-1362-en-canvas_186271233_section_1_item_1_schoice_4242449543" rshuffle="No">
<material>
<mattext texttype="text/html" charset="utf-8"><![CDATA[
 The average is 63.
]]></mattext>
</material>
</response_label>
</flow_label>
<flow_label class="List">
<response_label ident="uva-sample-mean-1362-en-canvas_186271233_section_1_item_1_schoice_6477535494" rshuffle="No">
<material>
<mattext texttype="text/html" charset="utf-8"><![CDATA[
 The average is 63.6.
]]></mattext>
</material>
</response_label>
</flow_label>
<flow_label class="List">
<response_label ident="uva-sample-mean-1362-en-canvas_186271233_section_1_item_1_schoice_5185087236" rshuffle="No">
<material>
<mattext texttype="text/html" charset="utf-8"><![CDATA[
 The average is 64.
]]></mattext>
</material>
</response_label>
</flow_label>
</render_choice>
</response_lid>
</flow>
</presentation>
<resprocessing>
<outcomes>
<decvar varname="SCORE" vartype="Decimal" defaultval="0" minvalue="0" maxvalue="1" cutvalue="1"/>
</outcomes>
<respcondition title="Mastery" continue="No">
<conditionvar>
<and>
<varequal respident="uva-sample-mean-1362-en-canvas_186271233_section_1_item_1_schoice_RESPONSE_2850441" case="Yes">uva-sample-mean-1362-en-canvas_186271233_section_1_item_1_schoice_6477535494</varequal>
<not> <varequal respident="uva-sample-mean-1362-en-canvas_186271233_section_1_item_1_schoice_RESPONSE_2850441" case="Yes">uva-sample-mean-1362-en-canvas_186271233_section_1_item_1_schoice_1308630282</varequal> </not>
<not> <varequal respident="uva-sample-mean-1362-en-canvas_186271233_section_1_item_1_schoice_RESPONSE_2850441" case="Yes">uva-sample-mean-1362-en-canvas_186271233_section_1_item_1_schoice_4242449543</varequal> </not>
<not> <varequal respident="uva-sample-mean-1362-en-canvas_186271233_section_1_item_1_schoice_RESPONSE_2850441" case="Yes">uva-sample-mean-1362-en-canvas_186271233_section_1_item_1_schoice_5185087236</varequal> </not>
</and>
</conditionvar>
<setvar varname="SCORE" action="Set">1</setvar>
<displayfeedback feedbacktype="Response" linkrefid="correct_fb"/>
</respcondition>
<respcondition continue="Yes">
<conditionvar>
<other/>
</conditionvar>
<displayfeedback feedbacktype="Response" linkrefid="general_incorrect_fb"/>
</respcondition>
</resprocessing>
<itemfeedback ident="correct_fb" view="All">
<flow_mat>
<material>
<mattext texttype="text/html"><![CDATA[
<ul>
<li> The mean is 2.5. <br /> The average is 2.5: Incorrect </li>
<li> The average is 63. <br /> The average is 63…: Incorrect </li>
<li> The average is 63.6. <br /> The average is 63.6: Correct </li>
<li> The average is 64. <br /> The average is 64…: Incorrect </li>
</ul>
]]></mattext>
</material>
</flow_mat>
</itemfeedback>
<itemfeedback ident="general_incorrect_fb" view="All">
<flow_mat>
<material>
<mattext texttype="text/html"><![CDATA[
<ul>
<li> The mean is 2.5. <br /> The average is 2.5: Incorrect </li>
<li> The average is 63. <br /> The average is 63…: Incorrect </li>
<li> The average is 63.6. <br /> The average is 63.6: Correct </li>
<li> The average is 64. <br /> The average is 64…: Incorrect </li>
</ul>
]]></mattext>
</material>
</flow_mat>
</itemfeedback>
</item>


</section>

</assessment>
</questestinterop>
