<?xml version="1.0" encoding="UTF-8"?>
<assessmentItem xsi:schemaLocation="http://www.imsglobal.org/xsd/imsqti_v2p1 http://www.imsglobal.org/xsd/qti/qtiv2p1/imsqti_v2p1p1.xsd http://www.w3.org/1998/Math/MathML http://www.w3.org/Math/XMLSchema/mathml2/mathml2.xsd" identifier="vufgb-ftestforcomparingnestedmodels-002-nl-ans_231823004_section_1_item_1_schoice" title="Inferential_Statistics_vufgb-ftestforcomparingnestedmodels-002-nl_vufgb-ftestforcomparingnestedmodels-002-nl_schoice_1" adaptive="false" timeDependent="false" xmlns="http://www.imsglobal.org/xsd/imsqti_v2p1" xmlns:xsi="http://www.w3.org/2001/XMLSchema-instance">
<responseDeclaration identifier="vufgb-ftestforcomparingnestedmodels-002-nl-ans_231823004_section_1_item_1_schoice_RESPONSE_1_7917892" cardinality="single" baseType="identifier">
<correctResponse>
<value>vufgb-ftestforcomparingnestedmodels-002-nl-ans_231823004_section_1_item_1_schoice_2_1792439250</value>
</correctResponse>
<mapping defaultValue="0" lowerBound="0.0">
<mapEntry mapKey="vufgb-ftestforcomparingnestedmodels-002-nl-ans_231823004_section_1_item_1_schoice_1_7893414445" mappedValue="0"/>
<mapEntry mapKey="vufgb-ftestforcomparingnestedmodels-002-nl-ans_231823004_section_1_item_1_schoice_2_1792439250" mappedValue="1"/>
<mapEntry mapKey="vufgb-ftestforcomparingnestedmodels-002-nl-ans_231823004_section_1_item_1_schoice_3_2508413373" mappedValue="0"/>
<mapEntry mapKey="vufgb-ftestforcomparingnestedmodels-002-nl-ans_231823004_section_1_item_1_schoice_4_3599935454" mappedValue="0"/>
</mapping>
</responseDeclaration>
<outcomeDeclaration identifier="SCORE" cardinality="single" baseType="float" normalMaximum="1" normalMinimum="0">
<defaultValue>
<value>0.0</value>
</defaultValue>
</outcomeDeclaration>
<outcomeDeclaration identifier="MAXSCORE" cardinality="single" baseType="float">
<defaultValue>
<value>1</value>
</defaultValue>
</outcomeDeclaration>
<outcomeDeclaration identifier="FEEDBACKBASIC" cardinality="single" baseType="identifier" view="testConstructor">
<defaultValue>
<value>empty</value>
</defaultValue>
</outcomeDeclaration>
<outcomeDeclaration identifier="FEEDBACKMODAL" cardinality="multiple" baseType="identifier" view="testConstructor"/>
<outcomeDeclaration identifier="SOLUTIONMODAL" cardinality="single" baseType="identifier" view="testConstructor"/>
<outcomeDeclaration identifier="MINSCORE" cardinality="single" baseType="float">
<defaultValue>
<value baseType="float">0</value>
</defaultValue>
</outcomeDeclaration>
<outcomeDeclaration identifier="SCORE_RESPONSE_1" cardinality="single" baseType="float">
<defaultValue>
<value>0.0</value>
</defaultValue>
</outcomeDeclaration>
<outcomeDeclaration identifier="MINSCORE_RESPONSE_1" cardinality="single" baseType="float">
<defaultValue>
<value>0.0</value>
</defaultValue>
</outcomeDeclaration>
<itemBody>
<p>Gegeven is de volgende SPSS-output van twee meervoudige regressie modellen. Bereken de <em>F</em>-ratio van de test die de twee modellen vergelijkt (‘Model Comparison Test’).</p>
<p><img src="media/supplements1/vufgb-ftestforcomparingnestedmodels-002-nl-graph-01.png" /></p>
<choiceInteraction responseIdentifier="vufgb-ftestforcomparingnestedmodels-002-nl-ans_231823004_section_1_item_1_schoice_RESPONSE_1_7917892" shuffle="false" maxChoices="1">
<simpleChoice identifier="vufgb-ftestforcomparingnestedmodels-002-nl-ans_231823004_section_1_item_1_schoice_1_7893414445">
<p>
 0.07
</p>
</simpleChoice>
<simpleChoice identifier="vufgb-ftestforcomparingnestedmodels-002-nl-ans_231823004_section_1_item_1_schoice_2_1792439250">
<p>
 0.45
</p>
</simpleChoice>
<simpleChoice identifier="vufgb-ftestforcomparingnestedmodels-002-nl-ans_231823004_section_1_item_1_schoice_3_2508413373">
<p>
 6.38
</p>
</simpleChoice>
<simpleChoice identifier="vufgb-ftestforcomparingnestedmodels-002-nl-ans_231823004_section_1_item_1_schoice_4_3599935454">
<p>
 9.501
</p>
</simpleChoice>
</choiceInteraction>
</itemBody>
<responseProcessing>
<setOutcomeValue identifier="SCORE_RESPONSE_1">
<sum>
<variable identifier="SCORE_RESPONSE_1"/>
<mapResponse identifier="vufgb-ftestforcomparingnestedmodels-002-nl-ans_231823004_section_1_item_1_schoice_RESPONSE_1_7917892"/>
</sum>
</setOutcomeValue>
<responseCondition>
<responseIf>
<lt>
<variable identifier="SCORE_RESPONSE_1"/>
<variable identifier="MINSCORE_RESPONSE_1"/>
</lt>
<setOutcomeValue identifier="SCORE_RESPONSE_1">
<variable identifier="MINSCORE_RESPONSE_1"/>
</setOutcomeValue>
</responseIf>
</responseCondition>
<responseCondition>
<responseIf>
<isNull>
<variable identifier="vufgb-ftestforcomparingnestedmodels-002-nl-ans_231823004_section_1_item_1_schoice_RESPONSE_1_7917892"/>
</isNull>
<setOutcomeValue identifier="SCORE_RESPONSE_1">
<sum>
<variable identifier="SCORE_RESPONSE_1"/>
<baseValue baseType="float">0</baseValue>
</sum>
</setOutcomeValue>
</responseIf>
</responseCondition>
<setOutcomeValue identifier="SCORE">
<sum>
<variable identifier="SCORE_RESPONSE_1"/>
</sum>
</setOutcomeValue>
<responseCondition>
<responseIf>
<lt>
<variable identifier="SCORE"/>
<variable identifier="MINSCORE"/>
</lt>
<setOutcomeValue identifier="SCORE">
<variable identifier="MINSCORE"/>
</setOutcomeValue>
</responseIf>
</responseCondition>
<responseCondition>
<responseIf>
<lt>
<variable identifier="SCORE"/>
<baseValue baseType="float">1</baseValue>
</lt>
<setOutcomeValue identifier="FEEDBACKMODAL">
<multiple>
<variable identifier="FEEDBACKMODAL"/>
<baseValue baseType="identifier">Feedback723077470</baseValue>
</multiple>
</setOutcomeValue>
</responseIf>
</responseCondition>
</responseProcessing>
<modalFeedback outcomeIdentifier="FEEDBACK" showHide="show" identifier="incorrect">
<ul>
<li> 0.07 <br /> Incorrect </li>
<li> 0.45 <br /> Correct </li>
<li> 6.38 <br /> Incorrect </li>
<li> 9.501 <br /> Incorrect </li>
</ul>
</modalFeedback>
</assessmentItem>
