<?xml version="1.0" encoding="utf-8" standalone="yes"?>
<assessmentItem identifier="vufgb-chisquaredforindependence-003-nl_202209051538_item_1_schoice" title="vufgb-chisquaredforindependence-003-nl_202209051538_item_1_schoice_vufgb-chisquaredforindependence-003-nl" adaptive="false" timeDependent="false" toolName="Testvision Online" toolVersion="39.0.9084" xmlns="http://www.imsglobal.org/xsd/imsqti_v2p1">
<responseDeclaration identifier="RESPONSE" cardinality="single" baseType="identifier">
<correctResponse>
<value>alt_249932</value>
</correctResponse>
<mapping defaultValue="0" lowerBound="0.0">
<mapEntry mapKey="alt_606689" mappedValue="-0.333333333333333"/>
<mapEntry mapKey="alt_691345" mappedValue="-0.333333333333333"/>
<mapEntry mapKey="alt_921639" mappedValue="-0.333333333333333"/>
<mapEntry mapKey="alt_249932" mappedValue="1"/>
</mapping>
</responseDeclaration>
<outcomeDeclaration identifier="SCORE" cardinality="single" baseType="float" normalMaximum="1" normalMinimum="0" />
<outcomeDeclaration identifier="FEEDBACK" cardinality="single" baseType="identifier" />
<itemBody>
<p>Een studente onderwijspedagogiek vraagt zich af of er rondom de technische universiteiten (Delft, Eindhoven, Twente) relatief meer middelbare scholen zijn met een zogenaamd BètaPlus-programma (= extra aandacht voor exacte vakken). Zij selecteert 100 middelbare scholen ze gaat per school na of zij een BètaPlus-programma hebben en of de dichtsbijzijnde universiteit een technische
universiteit is. Welke methode is het meest geschikt om dit verband te onderzoeken?</p>
<choiceInteraction responseIdentifier="RESPONSE" shuffle="false" maxChoices="1">
<simpleChoice identifier="alt_606689">
<div class="textblock tvblock tvcss_1"><div class="rte_zone tveditor1">
a. <em>t</em>-toets.
</div>
</div>
</simpleChoice>
<simpleChoice identifier="alt_691345">
<div class="textblock tvblock tvcss_1"><div class="rte_zone tveditor1">
b. Multipele regressie met twee predictoren.
</div>
</div>
</simpleChoice>
<simpleChoice identifier="alt_921639">
<div class="textblock tvblock tvcss_1"><div class="rte_zone tveditor1">
c. Logistische regressie.
</div>
</div>
</simpleChoice>
<simpleChoice identifier="alt_249932">
<div class="textblock tvblock tvcss_1"><div class="rte_zone tveditor1">
d. <math display="inline" xmlns="http://www.w3.org/1998/Math/MathML"><semantics><msup><mi>χ</mi><mn>2</mn></msup><annotation encoding="application/x-tex">\chi^{2}</annotation></semantics></math>-toets voor onafhankelijkheid
</div>
</div>
</simpleChoice>
</choiceInteraction>
</itemBody>
<responseProcessing>
<responseCondition>
<responseIf>
<isNull>
<variable identifier="RESPONSE"/>
</isNull>
<setOutcomeValue identifier="SCORE">
<baseValue baseType="float">0.0</baseValue>
</setOutcomeValue>
<setOutcomeValue identifier="FEEDBACK">
<baseValue baseType="identifier">FAILURE</baseValue>
</setOutcomeValue>
</responseIf>
<responseElse>
<setOutcomeValue identifier="SCORE">
<mapResponse identifier="RESPONSE"/>
</setOutcomeValue>
<responseCondition>
<responseIf>
<equal toleranceMode="relative" tolerance="0.001">
<variable identifier="SCORE"/>
<variable identifier="MAXSCORE"/>
</equal>
<setOutcomeValue identifier="FEEDBACK">
<baseValue baseType="identifier">ANSWER_CORRECT</baseValue>
</setOutcomeValue>
</responseIf>
<responseElse>
<setOutcomeValue identifier="FEEDBACK">
<baseValue baseType="identifier">FAILURE</baseValue>
</setOutcomeValue>
</responseElse>
</responseCondition>
</responseElse>
</responseCondition>
</responseProcessing>
<modalFeedback identifier="FAILURE" outcomeIdentifier="FEEDBACK" showHide="show">
<div class="textblock tvblock tvcss_1"><div class="rte_zone tveditor1">
<ol>
<li> <em>t</em>-toets. <br /> Incorrect </li>
<li> Multipele regressie met twee predictoren. <br /> Incorrect </li>
<li> Logistische regressie. <br /> Incorrect </li>
<li> <math display="inline" xmlns="http://www.w3.org/1998/Math/MathML"><semantics><msup><mi>χ</mi><mn>2</mn></msup><annotation encoding="application/x-tex">\chi^{2}</annotation></semantics></math>-toets voor onafhankelijkheid <br /> Correct </li>
</ol>
</div>
</div>
</modalFeedback>
<modalFeedback identifier="ANSWER_CORRECT" outcomeIdentifier="FEEDBACK" showHide="show">
<div class="textblock tvblock tvcss_1"><div class="rte_zone tveditor1">
<ol>
<li> <em>t</em>-toets. <br /> Incorrect </li>
<li> Multipele regressie met twee predictoren. <br /> Incorrect </li>
<li> Logistische regressie. <br /> Incorrect </li>
<li> <math display="inline" xmlns="http://www.w3.org/1998/Math/MathML"><semantics><msup><mi>χ</mi><mn>2</mn></msup><annotation encoding="application/x-tex">\chi^{2}</annotation></semantics></math>-toets voor onafhankelijkheid <br /> Correct </li>
</ol>
</div>
</div>
</modalFeedback>
<modalFeedback identifier="PARTIAL_CORRECT" outcomeIdentifier="FEEDBACK" showHide="show">
<div class="textblock tvblock tvcss_1"><div class="rte_zone tveditor1">
<ol>
<li> <em>t</em>-toets. <br /> Incorrect </li>
<li> Multipele regressie met twee predictoren. <br /> Incorrect </li>
<li> Logistische regressie. <br /> Incorrect </li>
<li> <math display="inline" xmlns="http://www.w3.org/1998/Math/MathML"><semantics><msup><mi>χ</mi><mn>2</mn></msup><annotation encoding="application/x-tex">\chi^{2}</annotation></semantics></math>-toets voor onafhankelijkheid <br /> Correct </li>
</ol>
</div>
</div>
</modalFeedback>
</assessmentItem>
