<?xml version="1.0" encoding="UTF-8"?>
<assessmentItem xsi:schemaLocation="http://www.imsglobal.org/xsd/imsqti_v2p1 http://www.imsglobal.org/xsd/qti/qtiv2p1/imsqti_v2p1p1.xsd http://www.w3.org/1998/Math/MathML http://www.w3.org/Math/XMLSchema/mathml2/mathml2.xsd" identifier="uu-graphs-004-nl-qti_362213635_section_1_item_1_schoice" title="1" adaptive="false" timeDependent="false" xmlns="http://www.imsglobal.org/xsd/imsqti_v2p1" xmlns:xsi="http://www.w3.org/2001/XMLSchema-instance">
<responseDeclaration identifier="uu-graphs-004-nl-qti_362213635_section_1_item_1_schoice_RESPONSE_1_6758587" cardinality="single" baseType="identifier">
<correctResponse>
<value>uu-graphs-004-nl-qti_362213635_section_1_item_1_schoice_2_3136884731</value>
</correctResponse>
<mapping defaultValue="0" lowerBound="0.0">
<mapEntry mapKey="uu-graphs-004-nl-qti_362213635_section_1_item_1_schoice_1_5658226147" mappedValue="0"/>
<mapEntry mapKey="uu-graphs-004-nl-qti_362213635_section_1_item_1_schoice_2_3136884731" mappedValue="1"/>
<mapEntry mapKey="uu-graphs-004-nl-qti_362213635_section_1_item_1_schoice_3_1912363624" mappedValue="0"/>
<mapEntry mapKey="uu-graphs-004-nl-qti_362213635_section_1_item_1_schoice_4_5476828315" mappedValue="0"/>
</mapping>
</responseDeclaration>
<outcomeDeclaration identifier="SCORE" cardinality="single" baseType="float" normalMaximum="1" normalMinimum="0">
<defaultValue>
<value>0.0</value>
</defaultValue>
</outcomeDeclaration>
<outcomeDeclaration identifier="MAXSCORE" cardinality="single" baseType="float">
<defaultValue>
<value>1</value>
</defaultValue>
</outcomeDeclaration>
<outcomeDeclaration identifier="FEEDBACKBASIC" cardinality="single" baseType="identifier" view="testConstructor">
<defaultValue>
<value>empty</value>
</defaultValue>
</outcomeDeclaration>
<outcomeDeclaration identifier="FEEDBACKMODAL" cardinality="multiple" baseType="identifier" view="testConstructor"/>
<outcomeDeclaration identifier="MINSCORE" cardinality="single" baseType="float">
<defaultValue>
<value baseType="float">0</value>
</defaultValue>
</outcomeDeclaration>
<outcomeDeclaration identifier="SCORE_RESPONSE_1" cardinality="single" baseType="float">
<defaultValue>
<value>0.0</value>
</defaultValue>
</outcomeDeclaration>
<outcomeDeclaration identifier="MINSCORE_RESPONSE_1" cardinality="single" baseType="float">
<defaultValue>
<value>0.0</value>
</defaultValue>
</outcomeDeclaration>
<itemBody>
<p>In een enquête naar gezond gedrag wordt onder andere naar het gewicht van de respondenten gevraagd en welk vervoermiddel (zoals fiets, ov, auto) zij doorgaans gebruiken wanneer zij naar werk of studie reizen. Welke weergaven zijn het meest geschikt om de verdeling van deze twee variabelen weer te geven?</p>
<choiceInteraction responseIdentifier="uu-graphs-004-nl-qti_362213635_section_1_item_1_schoice_RESPONSE_1_6758587" shuffle="false" maxChoices="1">
<simpleChoice identifier="uu-graphs-004-nl-qti_362213635_section_1_item_1_schoice_1_5658226147">
<p>
 Gewicht met een staafdiagram en vervoermiddel met een histogram.
</p>
</simpleChoice>
<simpleChoice identifier="uu-graphs-004-nl-qti_362213635_section_1_item_1_schoice_2_3136884731">
<p>
 Gewicht met een histogram en vervoermiddel met een staafdiagram.
</p>
</simpleChoice>
<simpleChoice identifier="uu-graphs-004-nl-qti_362213635_section_1_item_1_schoice_3_1912363624">
<p>
 Beide met een staafdiagram.
</p>
</simpleChoice>
<simpleChoice identifier="uu-graphs-004-nl-qti_362213635_section_1_item_1_schoice_4_5476828315">
<p>
 Beide met een histogram.
</p>
</simpleChoice>
</choiceInteraction>
</itemBody>
<responseProcessing>
<responseCondition>
<responseIf>
<isNull>
<variable identifier="uu-graphs-004-nl-qti_362213635_section_1_item_1_schoice_RESPONSE_1_6758587"/>
</isNull>
<setOutcomeValue identifier="SCORE_RESPONSE_1">
<sum>
<variable identifier="SCORE_RESPONSE_1"/>
<baseValue baseType="float">0</baseValue>
</sum>
</setOutcomeValue>
</responseIf>
</responseCondition>
<setOutcomeValue identifier="SCORE_RESPONSE_1">
<sum>
<variable identifier="SCORE_RESPONSE_1"/>
<mapResponse identifier="uu-graphs-004-nl-qti_362213635_section_1_item_1_schoice_RESPONSE_1_6758587"/>
</sum>
</setOutcomeValue>
<responseCondition>
<responseIf>
<lt>
<variable identifier="SCORE_RESPONSE_1"/>
<variable identifier="MINSCORE_RESPONSE_1"/>
</lt>
<setOutcomeValue identifier="SCORE_RESPONSE_1">
<variable identifier="MINSCORE_RESPONSE_1"/>
</setOutcomeValue>
</responseIf>
</responseCondition>
<setOutcomeValue identifier="SCORE">
<sum>
<variable identifier="SCORE_RESPONSE_1"/>
</sum>
</setOutcomeValue>
<responseCondition>
<responseIf>
<lt>
<variable identifier="SCORE"/>
<variable identifier="MINSCORE"/>
</lt>
<setOutcomeValue identifier="SCORE">
<variable identifier="MINSCORE"/>
</setOutcomeValue>
</responseIf>
</responseCondition>
<responseCondition>
<responseIf>
<lt>
<variable identifier="SCORE"/>
<baseValue baseType="float">1</baseValue>
</lt>
<setOutcomeValue identifier="FEEDBACKMODAL">
<multiple>
<variable identifier="FEEDBACKMODAL"/>
<baseValue baseType="identifier">Feedback687501200</baseValue>
</multiple>
</setOutcomeValue>
</responseIf>
</responseCondition>
</responseProcessing>
<modalFeedback identifier="Feedback687501200" outcomeIdentifier="FEEDBACKMODAL" showHide="show">
 Gewicht met een staafdiagram en vervoermiddel met een histogram. <br /> Dit antwoord is incorrect. 
 Gewicht met een histogram en vervoermiddel met een staafdiagram. <br /> Dit antwoord is correct. 
 Beide met een staafdiagram. <br /> Dit antwoord is incorrect. 
 Beide met een histogram. <br /> Dit antwoord is incorrect. 
</modalFeedback>
</assessmentItem>
