<?xml version="1.0" encoding="UTF-8"?>
<!DOCTYPE questestinterop SYSTEM "ims_qtiasiv1p2p1.dtd">

<questestinterop xmlns="http://www.imsglobal.org/xsd/ims_qtiasiv1p2" xmlns:xsi="http://www.w3.org/2001/XMLSchema-instance" xsi:schemaLocation="http://www.imsglobal.org/xsd/ims_qtiasiv1p2 http://www.imsglobal.org/xsd/ims_qtiasiv1p2p1.xsd">
<assessment ident="eur-reliability-210-nl-canvas_525052892" title="eur-reliability-210-nl-canvas">

<qtimetadata>
<qtimetadatafield>
<fieldlabel>cc_maxattempts</fieldlabel>
<fieldentry>1</fieldentry>
</qtimetadatafield>
<qtimetadatafield>
<fieldlabel>qmd_assessmenttype</fieldlabel>
<fieldentry>Assessment</fieldentry>
</qtimetadatafield>
</qtimetadata>
<objectives>
<material>
<mattext><![CDATA[Please solve the following exercises.]]></mattext>
</material>
</objectives>
<assessmentcontrol feedbackswitch="No" hintswitch="No" solutionswitch="Yes"/>
<outcomes_processing scoremodel="SumOfScores">
<outcomes>
<decvar varname="SCORE" vartype="Decimal" cutvalue="0"/>
</outcomes>
</outcomes_processing>
<assessfeedback title="AssessmentFeedback" ident="AssessmentFeedback">
<flow_mat>
<material>
<mattext>##AssessmentFeedback##</mattext>
</material>
</flow_mat>
</assessfeedback>

<section ident="eur-reliability-210-nl-canvas_525052892_section_1" title="Exercise">

<objectives>
<material>
<mattext><![CDATA[Please answer the following question.]]></mattext>
</material>
</objectives>
<selection_ordering>
<selection>
<selection_number>1</selection_number>
<selection_extension>
<points_per_item>1</points_per_item>
</selection_extension>
</selection>
<order order_type="Random"/>
</selection_ordering>

<item ident="eur-reliability-210-nl-canvas_525052892_section_1_item_1_schoice" title="Question" maxattempts="1">
<itemcontrol feedbackswitch="No" hintswitch="No" solutionswitch="Yes"/>
<itemmetadata>
<qtimetadata>
<qtimetadatafield>
<fieldlabel>question_type</fieldlabel>
<fieldentry>multiple_choice_question</fieldentry>
</qtimetadatafield>
</qtimetadata>
</itemmetadata>
<presentation>
<flow>
<material>
<matbreak/>
<mattext texttype="text/html" charset="utf-8"><![CDATA[
<p>Verlegenheid is in de populatie normaal verdeeld met een gemiddelde van 12 en een standaarddeviatie van 5. De betrouwbaarheid van een verlegenheidstest is .78 (Cronbach’s Alpha). In een onderzoek naar verlegenheid zijn uit een populatie de 40 meest verlegen kinderen gekozen (kinderen met hoogste scores op de verlegenheidstest). Twintig van hen zijn toebedeeld aan een controlegroep en 20 zitten in de behandelgroep. De kinderen in de behandelgroep hebben een assertiviteitstraining doorlopen. Vervolgens is na de behandeling de verlegenheidstest opnieuw afgenomen bij alle kinderen. Onderstaand zie je de gemiddelden voor de controle groep en de behandelgroep voor de twee metingen.</p>
<table>
<thead>
<tr class="header">
<th align="left">Groep</th>
<th align="left">Mean_pretest</th>
<th align="left">Mean_posttest</th>
</tr>
</thead>
<tbody>
<tr class="odd">
<td align="left">Controlegroep (n=20)</td>
<td align="left">20</td>
<td align="left">18</td>
</tr>
<tr class="even">
<td align="left">Behandelingsgroep (n=20)</td>
<td align="left">20</td>
<td align="left">16</td>
</tr>
</tbody>
</table>
<p>Beoordeel onderstaande stellingen:
I. Als de betrouwbaarheid van de verlegenheidstest 0 was geweest, dan zou het gemiddelde op de pre-test voor beide groepen nog hoger zijn geweest.
II. Omdat er een controle groep is, is hier geen sprake van regressie naar het gemiddelde.</p>
]]></mattext>
<matbreak/>
</material>
<response_lid ident="eur-reliability-210-nl-canvas_525052892_section_1_item_1_schoice_RESPONSE_7836935" rcardinality="Single" rtiming="No">
<render_choice shuffle="No">
<flow_label class="List">
<response_label ident="eur-reliability-210-nl-canvas_525052892_section_1_item_1_schoice_3152553375" rshuffle="No">
<material>
<mattext texttype="text/html" charset="utf-8"><![CDATA[
 Stelling I en stelling II zijn beide niet waar
]]></mattext>
</material>
</response_label>
</flow_label>
<flow_label class="List">
<response_label ident="eur-reliability-210-nl-canvas_525052892_section_1_item_1_schoice_2701250246" rshuffle="No">
<material>
<mattext texttype="text/html" charset="utf-8"><![CDATA[
 Stelling I is niet waar en stelling II is waar
]]></mattext>
</material>
</response_label>
</flow_label>
<flow_label class="List">
<response_label ident="eur-reliability-210-nl-canvas_525052892_section_1_item_1_schoice_4952303083" rshuffle="No">
<material>
<mattext texttype="text/html" charset="utf-8"><![CDATA[
 Stelling I is waar en stelling II is niet waar
]]></mattext>
</material>
</response_label>
</flow_label>
<flow_label class="List">
<response_label ident="eur-reliability-210-nl-canvas_525052892_section_1_item_1_schoice_4817931615" rshuffle="No">
<material>
<mattext texttype="text/html" charset="utf-8"><![CDATA[
 Stelling I en stelling II zijn beide waar
]]></mattext>
</material>
</response_label>
</flow_label>
</render_choice>
</response_lid>
</flow>
</presentation>
<resprocessing>
<outcomes>
<decvar varname="SCORE" vartype="Decimal" defaultval="0" minvalue="0" maxvalue="1" cutvalue="1"/>
</outcomes>
<respcondition title="Mastery" continue="No">
<conditionvar>
<and>
<varequal respident="eur-reliability-210-nl-canvas_525052892_section_1_item_1_schoice_RESPONSE_7836935" case="Yes">eur-reliability-210-nl-canvas_525052892_section_1_item_1_schoice_3152553375</varequal>
<not> <varequal respident="eur-reliability-210-nl-canvas_525052892_section_1_item_1_schoice_RESPONSE_7836935" case="Yes">eur-reliability-210-nl-canvas_525052892_section_1_item_1_schoice_2701250246</varequal> </not>
<not> <varequal respident="eur-reliability-210-nl-canvas_525052892_section_1_item_1_schoice_RESPONSE_7836935" case="Yes">eur-reliability-210-nl-canvas_525052892_section_1_item_1_schoice_4952303083</varequal> </not>
<not> <varequal respident="eur-reliability-210-nl-canvas_525052892_section_1_item_1_schoice_RESPONSE_7836935" case="Yes">eur-reliability-210-nl-canvas_525052892_section_1_item_1_schoice_4817931615</varequal> </not>
</and>
</conditionvar>
<setvar varname="SCORE" action="Set">1</setvar>
<displayfeedback feedbacktype="Response" linkrefid="correct_fb"/>
</respcondition>
<respcondition continue="Yes">
<conditionvar>
<other/>
</conditionvar>
<displayfeedback feedbacktype="Response" linkrefid="general_incorrect_fb"/>
</respcondition>
</resprocessing>
<itemfeedback ident="correct_fb" view="All">
<flow_mat>
<material>
<mattext texttype="text/html"><![CDATA[
<p>Beide uitspraken zijn onwaar. Als de betrouwbaarheid 0 zou zijn, dan heb je alleen meetfout en in dat geval zouden de scores op de pre-test hoger, lager of gelijk kunnen zijn. Het opnemen van een controlegroep beïnvloedt de aanwezigheid van regressie naar het gemiddelde niet, maar betreft het ontwerp van de studie en of er causale conclusies getrokken kunnen worden (zie WE hoofdstuk 7).</p>
<br />
<ul>
<li> Stelling I en stelling II zijn beide niet waar <br /> Goed </li>
<li> Stelling I is niet waar en stelling II is waar <br /> Fout </li>
<li> Stelling I is waar en stelling II is niet waar <br /> Fout </li>
<li> Stelling I en stelling II zijn beide waar <br /> Fout </li>
</ul>
]]></mattext>
</material>
</flow_mat>
</itemfeedback>
<itemfeedback ident="general_incorrect_fb" view="All">
<flow_mat>
<material>
<mattext texttype="text/html"><![CDATA[
<p>Beide uitspraken zijn onwaar. Als de betrouwbaarheid 0 zou zijn, dan heb je alleen meetfout en in dat geval zouden de scores op de pre-test hoger, lager of gelijk kunnen zijn. Het opnemen van een controlegroep beïnvloedt de aanwezigheid van regressie naar het gemiddelde niet, maar betreft het ontwerp van de studie en of er causale conclusies getrokken kunnen worden (zie WE hoofdstuk 7).</p>
<br />
<ul>
<li> Stelling I en stelling II zijn beide niet waar <br /> Goed </li>
<li> Stelling I is niet waar en stelling II is waar <br /> Fout </li>
<li> Stelling I is waar en stelling II is niet waar <br /> Fout </li>
<li> Stelling I en stelling II zijn beide waar <br /> Fout </li>
</ul>
]]></mattext>
</material>
</flow_mat>
</itemfeedback>
</item>


</section>

</assessment>
</questestinterop>
