<?xml version="1.0" encoding="UTF-8"?>
<assessmentItem xsi:schemaLocation="http://www.imsglobal.org/xsd/imsqti_v2p1 http://www.imsglobal.org/xsd/qti/qtiv2p1/imsqti_v2p1p1.xsd http://www.w3.org/1998/Math/MathML http://www.w3.org/Math/XMLSchema/mathml2/mathml2.xsd" identifier="vufsw-multiplelinearregression-0275-en-qti_826417006_section_1_item_1_schoice" title="1" adaptive="false" timeDependent="false" xmlns="http://www.imsglobal.org/xsd/imsqti_v2p1" xmlns:xsi="http://www.w3.org/2001/XMLSchema-instance">
<responseDeclaration identifier="vufsw-multiplelinearregression-0275-en-qti_826417006_section_1_item_1_schoice_RESPONSE_1_4602747" cardinality="single" baseType="identifier">
<correctResponse>
<value>vufsw-multiplelinearregression-0275-en-qti_826417006_section_1_item_1_schoice_1_9329622500</value>
</correctResponse>
<mapping defaultValue="0" lowerBound="0.0">
<mapEntry mapKey="vufsw-multiplelinearregression-0275-en-qti_826417006_section_1_item_1_schoice_1_9329622500" mappedValue="1"/>
<mapEntry mapKey="vufsw-multiplelinearregression-0275-en-qti_826417006_section_1_item_1_schoice_2_6684345280" mappedValue="0"/>
<mapEntry mapKey="vufsw-multiplelinearregression-0275-en-qti_826417006_section_1_item_1_schoice_3_5849071456" mappedValue="0"/>
<mapEntry mapKey="vufsw-multiplelinearregression-0275-en-qti_826417006_section_1_item_1_schoice_4_6526816104" mappedValue="0"/>
</mapping>
</responseDeclaration>
<outcomeDeclaration identifier="SCORE" cardinality="single" baseType="float" normalMaximum="1" normalMinimum="0">
<defaultValue>
<value>0.0</value>
</defaultValue>
</outcomeDeclaration>
<outcomeDeclaration identifier="MAXSCORE" cardinality="single" baseType="float">
<defaultValue>
<value>1</value>
</defaultValue>
</outcomeDeclaration>
<outcomeDeclaration identifier="FEEDBACKBASIC" cardinality="single" baseType="identifier" view="testConstructor">
<defaultValue>
<value>empty</value>
</defaultValue>
</outcomeDeclaration>
<outcomeDeclaration identifier="FEEDBACKMODAL" cardinality="multiple" baseType="identifier" view="testConstructor"/>
<outcomeDeclaration identifier="SOLUTIONMODAL" cardinality="single" baseType="identifier" view="testConstructor"/>
<outcomeDeclaration identifier="MINSCORE" cardinality="single" baseType="float">
<defaultValue>
<value baseType="float">0</value>
</defaultValue>
</outcomeDeclaration>
<outcomeDeclaration identifier="SCORE_RESPONSE_1" cardinality="single" baseType="float">
<defaultValue>
<value>0.0</value>
</defaultValue>
</outcomeDeclaration>
<outcomeDeclaration identifier="MINSCORE_RESPONSE_1" cardinality="single" baseType="float">
<defaultValue>
<value>0.0</value>
</defaultValue>
</outcomeDeclaration>
<itemBody>
<p>In the regression Y = b<sub>0</sub> + b<sub>1</sub>X<sub>1 </sub>+ b<sub>2</sub>X<sub>2</sub>, what is the interpretation of b<sub>2</sub> ?</p>
<choiceInteraction responseIdentifier="vufsw-multiplelinearregression-0275-en-qti_826417006_section_1_item_1_schoice_RESPONSE_1_4602747" shuffle="false" maxChoices="1">
<simpleChoice identifier="vufsw-multiplelinearregression-0275-en-qti_826417006_section_1_item_1_schoice_1_9329622500">
<p>
 The linear relation between X<sub>2 </sub>and Y, given X<sub>1</sub>
</p>
</simpleChoice>
<simpleChoice identifier="vufsw-multiplelinearregression-0275-en-qti_826417006_section_1_item_1_schoice_2_6684345280">
<p>
 The linear relationship between X<sub>2</sub> and X<sub>1</sub>, given Y
</p>
</simpleChoice>
<simpleChoice identifier="vufsw-multiplelinearregression-0275-en-qti_826417006_section_1_item_1_schoice_3_5849071456">
<p>
 The variance of Y explained by X<sub>2 </sub>
</p>
</simpleChoice>
<simpleChoice identifier="vufsw-multiplelinearregression-0275-en-qti_826417006_section_1_item_1_schoice_4_6526816104">
<p>
 The linear relation between X<sub>2</sub>and Y
</p>
</simpleChoice>
</choiceInteraction>
</itemBody>
<responseProcessing>
<setOutcomeValue identifier="SCORE_RESPONSE_1">
<sum>
<variable identifier="SCORE_RESPONSE_1"/>
<mapResponse identifier="vufsw-multiplelinearregression-0275-en-qti_826417006_section_1_item_1_schoice_RESPONSE_1_4602747"/>
</sum>
</setOutcomeValue>
<responseCondition>
<responseIf>
<lt>
<variable identifier="SCORE_RESPONSE_1"/>
<variable identifier="MINSCORE_RESPONSE_1"/>
</lt>
<setOutcomeValue identifier="SCORE_RESPONSE_1">
<variable identifier="MINSCORE_RESPONSE_1"/>
</setOutcomeValue>
</responseIf>
</responseCondition>
<responseCondition>
<responseIf>
<isNull>
<variable identifier="vufsw-multiplelinearregression-0275-en-qti_826417006_section_1_item_1_schoice_RESPONSE_1_4602747"/>
</isNull>
<setOutcomeValue identifier="SCORE_RESPONSE_1">
<sum>
<variable identifier="SCORE_RESPONSE_1"/>
<baseValue baseType="float">0</baseValue>
</sum>
</setOutcomeValue>
</responseIf>
</responseCondition>
<setOutcomeValue identifier="SCORE">
<sum>
<variable identifier="SCORE_RESPONSE_1"/>
</sum>
</setOutcomeValue>
<responseCondition>
<responseIf>
<lt>
<variable identifier="SCORE"/>
<variable identifier="MINSCORE"/>
</lt>
<setOutcomeValue identifier="SCORE">
<variable identifier="MINSCORE"/>
</setOutcomeValue>
</responseIf>
</responseCondition>
<responseCondition>
<responseIf>
<lt>
<variable identifier="SCORE"/>
<baseValue baseType="float">1</baseValue>
</lt>
<setOutcomeValue identifier="FEEDBACKMODAL">
<multiple>
<variable identifier="FEEDBACKMODAL"/>
<baseValue baseType="identifier">Feedback113583021</baseValue>
</multiple>
</setOutcomeValue>
</responseIf>
</responseCondition>
</responseProcessing>
<modalFeedback identifier="Feedback113583021" outcomeIdentifier="FEEDBACKMODAL" showHide="show">
<p>The regression coefficients measure partial relationships between the Xs and the Y and unexplained variance. The measure of explained variance is the R<sup>2</sup></p>
</modalFeedback>
</assessmentItem>
