<?xml version="1.0" encoding="utf-8" standalone="yes"?>
<assessmentItem identifier="uva-central-limit-theorem-1284-nl-tv_202601131819_item_1_schoice" title="uva-central-limit-theorem-1284-nl-tv_202601131819_item_1_schoice_uva-central-limit-theorem-1284-nl" adaptive="false" timeDependent="false" toolName="Testvision Online" toolVersion="39.0.9084" xmlns="http://www.imsglobal.org/xsd/imsqti_v2p1">
<responseDeclaration identifier="RESPONSE" cardinality="single" baseType="identifier">
<correctResponse>
<value>alt_135432</value>
</correctResponse>
<mapping defaultValue="0" lowerBound="0.0">
<mapEntry mapKey="alt_468720" mappedValue="-0.5"/>
<mapEntry mapKey="alt_729382" mappedValue="-0.5"/>
<mapEntry mapKey="alt_135432" mappedValue="1"/>
</mapping>
</responseDeclaration>
<outcomeDeclaration identifier="SCORE" cardinality="single" baseType="float" normalMaximum="1" normalMinimum="0" />
<outcomeDeclaration identifier="FEEDBACK" cardinality="single" baseType="identifier" />
<stylesheet href="css/uva-central-limit-theorem-1284-nl-tv_202601131819_item_1_schoice.css" type="text/css" />
<itemBody>
<p>Om een magnetron te repareren heb je tijd X nodig. De verdeling van de
toevalsvariabele X heeft een gemiddelde van 1 uur met een
standaardafwijking van 1 uur. Je bedrijf heeft 80 dergelijke magnetrons.
Wat is dan de kans dat de gemiddelde reparatiebeurt langer duurt dan 50
minuten als z standaard normaal verdeeld is?</p>
<choiceInteraction responseIdentifier="RESPONSE" shuffle="false" maxChoices="1">
<simpleChoice identifier="alt_468720">
<div class="textblock tvblock tvcss_1"><div class="rte_zone tveditor1">
 P(z = -1,55)
</div>
</div>
</simpleChoice>
<simpleChoice identifier="alt_729382">
<div class="textblock tvblock tvcss_1"><div class="rte_zone tveditor1">
 P(z &lt; -1,55)
</div>
</div>
</simpleChoice>
<simpleChoice identifier="alt_135432">
<div class="textblock tvblock tvcss_1"><div class="rte_zone tveditor1">
 1 - P(z &lt; -1,55)
</div>
</div>
</simpleChoice>
</choiceInteraction>
</itemBody>
<responseProcessing>
<responseCondition>
<responseIf>
<isNull>
<variable identifier="RESPONSE"/>
</isNull>
<setOutcomeValue identifier="SCORE">
<baseValue baseType="float">0.0</baseValue>
</setOutcomeValue>
<setOutcomeValue identifier="FEEDBACK">
<baseValue baseType="identifier">FAILURE</baseValue>
</setOutcomeValue>
</responseIf>
<responseElse>
<setOutcomeValue identifier="SCORE">
<mapResponse identifier="RESPONSE"/>
</setOutcomeValue>
<responseCondition>
<responseIf>
<equal toleranceMode="relative" tolerance="0.001">
<variable identifier="SCORE"/>
<variable identifier="MAXSCORE"/>
</equal>
<setOutcomeValue identifier="FEEDBACK">
<baseValue baseType="identifier">ANSWER_CORRECT</baseValue>
</setOutcomeValue>
</responseIf>
<responseElse>
<setOutcomeValue identifier="FEEDBACK">
<baseValue baseType="identifier">FAILURE</baseValue>
</setOutcomeValue>
</responseElse>
</responseCondition>
</responseElse>
</responseCondition>
</responseProcessing>
<modalFeedback identifier="FAILURE" outcomeIdentifier="FEEDBACK" showHide="show">
<div class="textblock tvblock tvcss_1"><div class="rte_zone tveditor1">
<ul>
<li> P(z = -1,55) <br /> P(z = -1,55): Incorrect </li>
<li> P(z &lt; -1,55) <br /> P(z &lt; -1,55) Incorrect </li>
<li> 1 - P(z &lt; -1,55) <br /> 1 - P(z &lt; -1,55) Correct </li>
</ul>
</div>
</div>
</modalFeedback>
<modalFeedback identifier="ANSWER_CORRECT" outcomeIdentifier="FEEDBACK" showHide="show">
<div class="textblock tvblock tvcss_1"><div class="rte_zone tveditor1">
<ul>
<li> P(z = -1,55) <br /> P(z = -1,55): Incorrect </li>
<li> P(z &lt; -1,55) <br /> P(z &lt; -1,55) Incorrect </li>
<li> 1 - P(z &lt; -1,55) <br /> 1 - P(z &lt; -1,55) Correct </li>
</ul>
</div>
</div>
</modalFeedback>
<modalFeedback identifier="PARTIAL_CORRECT" outcomeIdentifier="FEEDBACK" showHide="show">
<div class="textblock tvblock tvcss_1"><div class="rte_zone tveditor1">
<ul>
<li> P(z = -1,55) <br /> P(z = -1,55): Incorrect </li>
<li> P(z &lt; -1,55) <br /> P(z &lt; -1,55) Incorrect </li>
<li> 1 - P(z &lt; -1,55) <br /> 1 - P(z &lt; -1,55) Correct </li>
</ul>
</div>
</div>
</modalFeedback>
</assessmentItem>
