<?xml version="1.0" encoding="UTF-8"?>
<!DOCTYPE questestinterop SYSTEM "ims_qtiasiv1p2p1.dtd">

<questestinterop xmlns="http://www.imsglobal.org/xsd/ims_qtiasiv1p2" xmlns:xsi="http://www.w3.org/2001/XMLSchema-instance" xsi:schemaLocation="http://www.imsglobal.org/xsd/ims_qtiasiv1p2 http://www.imsglobal.org/xsd/ims_qtiasiv1p2p1.xsd">
<assessment ident="uu-F-statistic-802-en-canvas_155205130" title="uu-F-statistic-802-en-canvas">

<qtimetadata>
<qtimetadatafield>
<fieldlabel>cc_maxattempts</fieldlabel>
<fieldentry>1</fieldentry>
</qtimetadatafield>
<qtimetadatafield>
<fieldlabel>qmd_assessmenttype</fieldlabel>
<fieldentry>Assessment</fieldentry>
</qtimetadatafield>
</qtimetadata>
<objectives>
<material>
<mattext><![CDATA[Please solve the following exercises.]]></mattext>
</material>
</objectives>
<assessmentcontrol feedbackswitch="No" hintswitch="No" solutionswitch="Yes"/>
<outcomes_processing scoremodel="SumOfScores">
<outcomes>
<decvar varname="SCORE" vartype="Decimal" cutvalue="0"/>
</outcomes>
</outcomes_processing>
<assessfeedback title="AssessmentFeedback" ident="AssessmentFeedback">
<flow_mat>
<material>
<mattext>##AssessmentFeedback##</mattext>
</material>
</flow_mat>
</assessfeedback>

<section ident="uu-F-statistic-802-en-canvas_155205130_section_1" title="Exercise">

<objectives>
<material>
<mattext><![CDATA[Please answer the following question.]]></mattext>
</material>
</objectives>
<selection_ordering>
<selection>
<selection_number>1</selection_number>
<selection_extension>
<points_per_item>1</points_per_item>
</selection_extension>
</selection>
<order order_type="Random"/>
</selection_ordering>

<item ident="uu-F-statistic-802-en-canvas_155205130_section_1_item_1_schoice" title="Question" maxattempts="1">
<itemcontrol feedbackswitch="No" hintswitch="No" solutionswitch="Yes"/>
<itemmetadata>
<qtimetadata>
<qtimetadatafield>
<fieldlabel>question_type</fieldlabel>
<fieldentry>multiple_choice_question</fieldentry>
</qtimetadatafield>
</qtimetadata>
</itemmetadata>
<presentation>
<flow>
<material>
<matbreak/>
<mattext texttype="text/html" charset="utf-8"><![CDATA[
<p>A sample of 235 students in the Faculty of Social Sciences at Utrecht University are given a questionnaire to complete about feelings. One of the questions read, “What do you think about your own height?” The response categories were: too short, about right, too tall. A total score was calculated for all students; it measures students’ self-esteem. The results of the self-esteem scores are compared between the three height-sensitive groups and between boys and girls. The F-ratio for the interaction effect between height-feelings and gender is <span class="math inline">\(4.98\)</span> with a <span class="math inline">\(p\)</span>-value of <span class="math inline">\(.008\)</span>.</p>
<p>How is the <span class="math inline">\(p\)</span>-value of <span class="math inline">\(.008\)</span> calculated?</p>
]]></mattext>
<matbreak/>
</material>
<response_lid ident="uu-F-statistic-802-en-canvas_155205130_section_1_item_1_schoice_RESPONSE_5784384" rcardinality="Single" rtiming="No">
<render_choice shuffle="No">
<flow_label class="List">
<response_label ident="uu-F-statistic-802-en-canvas_155205130_section_1_item_1_schoice_6813812936" rshuffle="No">
<material>
<mattext texttype="text/html" charset="utf-8"><![CDATA[
 The area to the right of <span class="math inline">\(F = 4.98\)</span> Under the F-distribution.
]]></mattext>
</material>
</response_label>
</flow_label>
<flow_label class="List">
<response_label ident="uu-F-statistic-802-en-canvas_155205130_section_1_item_1_schoice_4363836253" rshuffle="No">
<material>
<mattext texttype="text/html" charset="utf-8"><![CDATA[
 The area to the left of <span class="math inline">\(F = 4.98\)</span> Under the F-distribution.
]]></mattext>
</material>
</response_label>
</flow_label>
<flow_label class="List">
<response_label ident="uu-F-statistic-802-en-canvas_155205130_section_1_item_1_schoice_6545068748" rshuffle="No">
<material>
<mattext texttype="text/html" charset="utf-8"><![CDATA[
 The area to the left of <span class="math inline">\(F = −4.98\)</span> en rechts van <span class="math inline">\(F = 4.98\)</span> Under the F-distribution.
]]></mattext>
</material>
</response_label>
</flow_label>
<flow_label class="List">
<response_label ident="uu-F-statistic-802-en-canvas_155205130_section_1_item_1_schoice_1876253822" rshuffle="No">
<material>
<mattext texttype="text/html" charset="utf-8"><![CDATA[
 The area between <span class="math inline">\(F = -4.98\)</span> and <span class="math inline">\(F = 4.98\)</span> under the F distribution.
]]></mattext>
</material>
</response_label>
</flow_label>
</render_choice>
</response_lid>
</flow>
</presentation>
<resprocessing>
<outcomes>
<decvar varname="SCORE" vartype="Decimal" defaultval="0" minvalue="0" maxvalue="1" cutvalue="1"/>
</outcomes>
<respcondition title="Mastery" continue="No">
<conditionvar>
<and>
<varequal respident="uu-F-statistic-802-en-canvas_155205130_section_1_item_1_schoice_RESPONSE_5784384" case="Yes">uu-F-statistic-802-en-canvas_155205130_section_1_item_1_schoice_6813812936</varequal>
<not> <varequal respident="uu-F-statistic-802-en-canvas_155205130_section_1_item_1_schoice_RESPONSE_5784384" case="Yes">uu-F-statistic-802-en-canvas_155205130_section_1_item_1_schoice_4363836253</varequal> </not>
<not> <varequal respident="uu-F-statistic-802-en-canvas_155205130_section_1_item_1_schoice_RESPONSE_5784384" case="Yes">uu-F-statistic-802-en-canvas_155205130_section_1_item_1_schoice_6545068748</varequal> </not>
<not> <varequal respident="uu-F-statistic-802-en-canvas_155205130_section_1_item_1_schoice_RESPONSE_5784384" case="Yes">uu-F-statistic-802-en-canvas_155205130_section_1_item_1_schoice_1876253822</varequal> </not>
</and>
</conditionvar>
<setvar varname="SCORE" action="Set">1</setvar>
<displayfeedback feedbacktype="Response" linkrefid="correct_fb"/>
</respcondition>
<respcondition continue="Yes">
<conditionvar>
<other/>
</conditionvar>
<displayfeedback feedbacktype="Response" linkrefid="general_incorrect_fb"/>
</respcondition>
</resprocessing>
<itemfeedback ident="correct_fb" view="All">
<flow_mat>
<material>
<mattext texttype="text/html"><![CDATA[

]]></mattext>
</material>
</flow_mat>
</itemfeedback>
<itemfeedback ident="general_incorrect_fb" view="All">
<flow_mat>
<material>
<mattext texttype="text/html"><![CDATA[

]]></mattext>
</material>
</flow_mat>
</itemfeedback>
</item>


</section>

</assessment>
</questestinterop>
