<?xml version="1.0" encoding="UTF-8"?>
<assessmentItem xsi:schemaLocation="http://www.imsglobal.org/xsd/imsqti_v2p1 http://www.imsglobal.org/xsd/qti/qtiv2p1/imsqti_v2p1p1.xsd http://www.w3.org/1998/Math/MathML http://www.w3.org/Math/XMLSchema/mathml2/mathml2.xsd" identifier="uva-binomial-754-en-qti_572557013_section_1_item_1_schoice" title="1" adaptive="false" timeDependent="false" xmlns="http://www.imsglobal.org/xsd/imsqti_v2p1" xmlns:xsi="http://www.w3.org/2001/XMLSchema-instance">
<responseDeclaration identifier="uva-binomial-754-en-qti_572557013_section_1_item_1_schoice_RESPONSE_1_8443592" cardinality="single" baseType="identifier">
<correctResponse>
<value>uva-binomial-754-en-qti_572557013_section_1_item_1_schoice_6_1905428011</value>
</correctResponse>
<mapping defaultValue="0" lowerBound="0.0">
<mapEntry mapKey="uva-binomial-754-en-qti_572557013_section_1_item_1_schoice_1_9113258543" mappedValue="0"/>
<mapEntry mapKey="uva-binomial-754-en-qti_572557013_section_1_item_1_schoice_2_4202575957" mappedValue="0"/>
<mapEntry mapKey="uva-binomial-754-en-qti_572557013_section_1_item_1_schoice_3_9901213875" mappedValue="0"/>
<mapEntry mapKey="uva-binomial-754-en-qti_572557013_section_1_item_1_schoice_4_6918894401" mappedValue="0"/>
<mapEntry mapKey="uva-binomial-754-en-qti_572557013_section_1_item_1_schoice_5_1913727643" mappedValue="0"/>
<mapEntry mapKey="uva-binomial-754-en-qti_572557013_section_1_item_1_schoice_6_1905428011" mappedValue="1"/>
</mapping>
</responseDeclaration>
<outcomeDeclaration identifier="SCORE" cardinality="single" baseType="float" normalMaximum="1" normalMinimum="0">
<defaultValue>
<value>0.0</value>
</defaultValue>
</outcomeDeclaration>
<outcomeDeclaration identifier="MAXSCORE" cardinality="single" baseType="float">
<defaultValue>
<value>1</value>
</defaultValue>
</outcomeDeclaration>
<outcomeDeclaration identifier="FEEDBACKBASIC" cardinality="single" baseType="identifier" view="testConstructor">
<defaultValue>
<value>empty</value>
</defaultValue>
</outcomeDeclaration>
<outcomeDeclaration identifier="FEEDBACKMODAL" cardinality="multiple" baseType="identifier" view="testConstructor"/>
<outcomeDeclaration identifier="SOLUTIONMODAL" cardinality="single" baseType="identifier" view="testConstructor"/>
<outcomeDeclaration identifier="MINSCORE" cardinality="single" baseType="float">
<defaultValue>
<value baseType="float">0</value>
</defaultValue>
</outcomeDeclaration>
<outcomeDeclaration identifier="SCORE_RESPONSE_1" cardinality="single" baseType="float">
<defaultValue>
<value>0.0</value>
</defaultValue>
</outcomeDeclaration>
<outcomeDeclaration identifier="MINSCORE_RESPONSE_1" cardinality="single" baseType="float">
<defaultValue>
<value>0.0</value>
</defaultValue>
</outcomeDeclaration>
<itemBody>
<p>Genetics teaches that children inherit genes from their parents. If both parents carry the genes O and A for blood type, each child has a chance of 0.25 to inherit two O genes to become blood type O. The number of children with blood type O among five offspring of these parents is the number of successes X in five independent attempts. Suppose that the chance variable <em>X</em> is the number of children with blood type O, so X has the values as 0, 1, TRUE. , 5 and the Binomial (5, 0.25)-distribution. What is then the probability that <em>X</em> = 1?</p>
<choiceInteraction responseIdentifier="uva-binomial-754-en-qti_572557013_section_1_item_1_schoice_RESPONSE_1_8443592" shuffle="false" maxChoices="1">
<simpleChoice identifier="uva-binomial-754-en-qti_572557013_section_1_item_1_schoice_1_9113258543">
<p>
 0,0010
</p>
</simpleChoice>
<simpleChoice identifier="uva-binomial-754-en-qti_572557013_section_1_item_1_schoice_2_4202575957">
<p>
 0,0146
</p>
</simpleChoice>
<simpleChoice identifier="uva-binomial-754-en-qti_572557013_section_1_item_1_schoice_3_9901213875">
<p>
 0,0879
</p>
</simpleChoice>
<simpleChoice identifier="uva-binomial-754-en-qti_572557013_section_1_item_1_schoice_4_6918894401">
<p>
 0,2373
</p>
</simpleChoice>
<simpleChoice identifier="uva-binomial-754-en-qti_572557013_section_1_item_1_schoice_5_1913727643">
<p>
 0,2637
</p>
</simpleChoice>
<simpleChoice identifier="uva-binomial-754-en-qti_572557013_section_1_item_1_schoice_6_1905428011">
<p>
 0,3955
</p>
</simpleChoice>
</choiceInteraction>
</itemBody>
<responseProcessing>
<setOutcomeValue identifier="SCORE_RESPONSE_1">
<sum>
<variable identifier="SCORE_RESPONSE_1"/>
<mapResponse identifier="uva-binomial-754-en-qti_572557013_section_1_item_1_schoice_RESPONSE_1_8443592"/>
</sum>
</setOutcomeValue>
<responseCondition>
<responseIf>
<lt>
<variable identifier="SCORE_RESPONSE_1"/>
<variable identifier="MINSCORE_RESPONSE_1"/>
</lt>
<setOutcomeValue identifier="SCORE_RESPONSE_1">
<variable identifier="MINSCORE_RESPONSE_1"/>
</setOutcomeValue>
</responseIf>
</responseCondition>
<responseCondition>
<responseIf>
<isNull>
<variable identifier="uva-binomial-754-en-qti_572557013_section_1_item_1_schoice_RESPONSE_1_8443592"/>
</isNull>
<setOutcomeValue identifier="SCORE_RESPONSE_1">
<sum>
<variable identifier="SCORE_RESPONSE_1"/>
<baseValue baseType="float">0</baseValue>
</sum>
</setOutcomeValue>
</responseIf>
</responseCondition>
<setOutcomeValue identifier="SCORE">
<sum>
<variable identifier="SCORE_RESPONSE_1"/>
</sum>
</setOutcomeValue>
<responseCondition>
<responseIf>
<lt>
<variable identifier="SCORE"/>
<variable identifier="MINSCORE"/>
</lt>
<setOutcomeValue identifier="SCORE">
<variable identifier="MINSCORE"/>
</setOutcomeValue>
</responseIf>
</responseCondition>
<responseCondition>
<responseIf>
<lt>
<variable identifier="SCORE"/>
<baseValue baseType="float">1</baseValue>
</lt>
<setOutcomeValue identifier="FEEDBACKMODAL">
<multiple>
<variable identifier="FEEDBACKMODAL"/>
<baseValue baseType="identifier">Feedback694304226</baseValue>
</multiple>
</setOutcomeValue>
</responseIf>
</responseCondition>
</responseProcessing>
<modalFeedback identifier="Feedback694304226" outcomeIdentifier="FEEDBACKMODAL" showHide="show">
<ul>
<li> 0,0010 <br /> 0.0010: Incorrect </li>
<li> 0,0146 <br /> 0.0146: Incorrect </li>
<li> 0,0879 <br /> 0.0879: Incorrect </li>
<li> 0,2373 <br /> 0.2373: Incorrect </li>
<li> 0,2637 <br /> 0.2637: Incorrect </li>
<li> 0,3955 <br /> 0.3955: Correct </li>
</ul>
</modalFeedback>
</assessmentItem>
