<?xml version="1.0" encoding="utf-8" standalone="yes"?>
<assessmentItem identifier="vufgb-logisticregression-022-nl-tv_202209061508_item_1_schoice" title="vufgb-logisticregression-022-nl-tv_202209061508_item_1_schoice_vufgb-logisticregression-022-nl" adaptive="false" timeDependent="false" toolName="Testvision Online" toolVersion="39.0.9084" xmlns="http://www.imsglobal.org/xsd/imsqti_v2p1">
<responseDeclaration identifier="RESPONSE" cardinality="single" baseType="identifier">
<correctResponse>
<value>alt_130139</value>
</correctResponse>
<mapping defaultValue="0" lowerBound="0.0">
<mapEntry mapKey="alt_929076" mappedValue="-0.333333333333333"/>
<mapEntry mapKey="alt_204468" mappedValue="-0.333333333333333"/>
<mapEntry mapKey="alt_130139" mappedValue="1"/>
<mapEntry mapKey="alt_359067" mappedValue="-0.333333333333333"/>
</mapping>
</responseDeclaration>
<outcomeDeclaration identifier="SCORE" cardinality="single" baseType="float" normalMaximum="1" normalMinimum="0" />
<outcomeDeclaration identifier="FEEDBACK" cardinality="single" baseType="identifier" />
<itemBody>
<p>In een onderzoek worden de scores op drie variabelen gebruikt: 1) aantal jaren genoten onderwijs, 2) inkomen en 3) levensduur. De onderzoeker wil het effect van variabele 1 op 3 schatten waarbij variabele 2 constant wordt gehouden. Welke analysetechniek is hier van toepassing?</p>
<choiceInteraction responseIdentifier="RESPONSE" shuffle="false" maxChoices="1">
<simpleChoice identifier="alt_929076">
<div class="textblock tvblock tvcss_1"><div class="rte_zone tveditor1">
a. Ancova.
</div>
</div>
</simpleChoice>
<simpleChoice identifier="alt_204468">
<div class="textblock tvblock tvcss_1"><div class="rte_zone tveditor1">
b. Anova.
</div>
</div>
</simpleChoice>
<simpleChoice identifier="alt_130139">
<div class="textblock tvblock tvcss_1"><div class="rte_zone tveditor1">
c. Logistische regressie.
</div>
</div>
</simpleChoice>
<simpleChoice identifier="alt_359067">
<div class="textblock tvblock tvcss_1"><div class="rte_zone tveditor1">
d. Multipele regressie.
</div>
</div>
</simpleChoice>
</choiceInteraction>
</itemBody>
<responseProcessing>
<responseCondition>
<responseIf>
<isNull>
<variable identifier="RESPONSE"/>
</isNull>
<setOutcomeValue identifier="SCORE">
<baseValue baseType="float">0.0</baseValue>
</setOutcomeValue>
<setOutcomeValue identifier="FEEDBACK">
<baseValue baseType="identifier">FAILURE</baseValue>
</setOutcomeValue>
</responseIf>
<responseElse>
<setOutcomeValue identifier="SCORE">
<mapResponse identifier="RESPONSE"/>
</setOutcomeValue>
<responseCondition>
<responseIf>
<equal toleranceMode="relative" tolerance="0.001">
<variable identifier="SCORE"/>
<variable identifier="MAXSCORE"/>
</equal>
<setOutcomeValue identifier="FEEDBACK">
<baseValue baseType="identifier">ANSWER_CORRECT</baseValue>
</setOutcomeValue>
</responseIf>
<responseElse>
<setOutcomeValue identifier="FEEDBACK">
<baseValue baseType="identifier">FAILURE</baseValue>
</setOutcomeValue>
</responseElse>
</responseCondition>
</responseElse>
</responseCondition>
</responseProcessing>
<modalFeedback identifier="FAILURE" outcomeIdentifier="FEEDBACK" showHide="show">
<div class="textblock tvblock tvcss_1"><div class="rte_zone tveditor1">
<ol>
<li> Ancova. <br /> Incorrect </li>
<li> Anova. <br /> Incorrect </li>
<li> Logistische regressie. <br /> Correct </li>
<li> Multipele regressie. <br /> Incorrect </li>
</ol>
</div>
</div>
</modalFeedback>
<modalFeedback identifier="ANSWER_CORRECT" outcomeIdentifier="FEEDBACK" showHide="show">
<div class="textblock tvblock tvcss_1"><div class="rte_zone tveditor1">
<ol>
<li> Ancova. <br /> Incorrect </li>
<li> Anova. <br /> Incorrect </li>
<li> Logistische regressie. <br /> Correct </li>
<li> Multipele regressie. <br /> Incorrect </li>
</ol>
</div>
</div>
</modalFeedback>
<modalFeedback identifier="PARTIAL_CORRECT" outcomeIdentifier="FEEDBACK" showHide="show">
<div class="textblock tvblock tvcss_1"><div class="rte_zone tveditor1">
<ol>
<li> Ancova. <br /> Incorrect </li>
<li> Anova. <br /> Incorrect </li>
<li> Logistische regressie. <br /> Correct </li>
<li> Multipele regressie. <br /> Incorrect </li>
</ol>
</div>
</div>
</modalFeedback>
</assessmentItem>
