<?xml version="1.0" encoding="UTF-8"?>
<assessmentItem xsi:schemaLocation="http://www.imsglobal.org/xsd/imsqti_v2p1 http://www.imsglobal.org/xsd/qti/qtiv2p1/imsqti_v2p1p1.xsd http://www.w3.org/1998/Math/MathML http://www.w3.org/Math/XMLSchema/mathml2/mathml2.xsd" identifier="uva-probability-190-en-ans_178719374_section_1_item_1_schoice" title="Probability_uva-probability-190-en_uva-probability-190-en_schoice_1" adaptive="false" timeDependent="false" xmlns="http://www.imsglobal.org/xsd/imsqti_v2p1" xmlns:xsi="http://www.w3.org/2001/XMLSchema-instance">
<responseDeclaration identifier="uva-probability-190-en-ans_178719374_section_1_item_1_schoice_RESPONSE_1_3582690" cardinality="single" baseType="identifier">
<correctResponse>
<value>uva-probability-190-en-ans_178719374_section_1_item_1_schoice_2_3554626659</value>
</correctResponse>
<mapping defaultValue="0" lowerBound="0.0">
<mapEntry mapKey="uva-probability-190-en-ans_178719374_section_1_item_1_schoice_1_5022753381" mappedValue="0"/>
<mapEntry mapKey="uva-probability-190-en-ans_178719374_section_1_item_1_schoice_2_3554626659" mappedValue="1"/>
<mapEntry mapKey="uva-probability-190-en-ans_178719374_section_1_item_1_schoice_3_5064029975" mappedValue="0"/>
</mapping>
</responseDeclaration>
<outcomeDeclaration identifier="SCORE" cardinality="single" baseType="float" normalMaximum="1" normalMinimum="0">
<defaultValue>
<value>0.0</value>
</defaultValue>
</outcomeDeclaration>
<outcomeDeclaration identifier="MAXSCORE" cardinality="single" baseType="float">
<defaultValue>
<value>1</value>
</defaultValue>
</outcomeDeclaration>
<outcomeDeclaration identifier="FEEDBACKBASIC" cardinality="single" baseType="identifier" view="testConstructor">
<defaultValue>
<value>empty</value>
</defaultValue>
</outcomeDeclaration>
<outcomeDeclaration identifier="FEEDBACKMODAL" cardinality="multiple" baseType="identifier" view="testConstructor"/>
<outcomeDeclaration identifier="SOLUTIONMODAL" cardinality="single" baseType="identifier" view="testConstructor"/>
<outcomeDeclaration identifier="MINSCORE" cardinality="single" baseType="float">
<defaultValue>
<value baseType="float">0</value>
</defaultValue>
</outcomeDeclaration>
<outcomeDeclaration identifier="SCORE_RESPONSE_1" cardinality="single" baseType="float">
<defaultValue>
<value>0.0</value>
</defaultValue>
</outcomeDeclaration>
<outcomeDeclaration identifier="MINSCORE_RESPONSE_1" cardinality="single" baseType="float">
<defaultValue>
<value>0.0</value>
</defaultValue>
</outcomeDeclaration>
<itemBody>
<p>From a vase containing 1000 marbles of which 80% are red and 20% are blue, a sample of five marbles is randomly drawn a sample of five marbles. How large is the probability that that sample will contain exactly 3 red marbles?</p>
<choiceInteraction responseIdentifier="uva-probability-190-en-ans_178719374_section_1_item_1_schoice_RESPONSE_1_3582690" shuffle="false" maxChoices="1">
<simpleChoice identifier="uva-probability-190-en-ans_178719374_section_1_item_1_schoice_1_5022753381">
<p>
 0.02
</p>
</simpleChoice>
<simpleChoice identifier="uva-probability-190-en-ans_178719374_section_1_item_1_schoice_2_3554626659">
<p>
 0.20
</p>
</simpleChoice>
<simpleChoice identifier="uva-probability-190-en-ans_178719374_section_1_item_1_schoice_3_5064029975">
<p>
 0.51
</p>
</simpleChoice>
</choiceInteraction>
</itemBody>
<responseProcessing>
<setOutcomeValue identifier="SCORE_RESPONSE_1">
<sum>
<variable identifier="SCORE_RESPONSE_1"/>
<mapResponse identifier="uva-probability-190-en-ans_178719374_section_1_item_1_schoice_RESPONSE_1_3582690"/>
</sum>
</setOutcomeValue>
<responseCondition>
<responseIf>
<lt>
<variable identifier="SCORE_RESPONSE_1"/>
<variable identifier="MINSCORE_RESPONSE_1"/>
</lt>
<setOutcomeValue identifier="SCORE_RESPONSE_1">
<variable identifier="MINSCORE_RESPONSE_1"/>
</setOutcomeValue>
</responseIf>
</responseCondition>
<responseCondition>
<responseIf>
<isNull>
<variable identifier="uva-probability-190-en-ans_178719374_section_1_item_1_schoice_RESPONSE_1_3582690"/>
</isNull>
<setOutcomeValue identifier="SCORE_RESPONSE_1">
<sum>
<variable identifier="SCORE_RESPONSE_1"/>
<baseValue baseType="float">0</baseValue>
</sum>
</setOutcomeValue>
</responseIf>
</responseCondition>
<setOutcomeValue identifier="SCORE">
<sum>
<variable identifier="SCORE_RESPONSE_1"/>
</sum>
</setOutcomeValue>
<responseCondition>
<responseIf>
<lt>
<variable identifier="SCORE"/>
<variable identifier="MINSCORE"/>
</lt>
<setOutcomeValue identifier="SCORE">
<variable identifier="MINSCORE"/>
</setOutcomeValue>
</responseIf>
</responseCondition>
<responseCondition>
<responseIf>
<lt>
<variable identifier="SCORE"/>
<baseValue baseType="float">1</baseValue>
</lt>
<setOutcomeValue identifier="FEEDBACKMODAL">
<multiple>
<variable identifier="FEEDBACKMODAL"/>
<baseValue baseType="identifier">Feedback500672019</baseValue>
</multiple>
</setOutcomeValue>
</responseIf>
</responseCondition>
</responseProcessing>
<modalFeedback outcomeIdentifier="FEEDBACK" showHide="show" identifier="incorrect">
<ul>
<li> 0.02 <br /> 0.02: Incorrect </li>
<li> 0.20 <br /> 0.20: Correct </li>
<li> 0.51 <br /> 0.51: Incorrect </li>
</ul>
</modalFeedback>
</assessmentItem>
