<?xml version="1.0" encoding="utf-8" standalone="yes"?>
<assessmentItem identifier="vufsw-simplelinearregression-0076-nl-tv_202406101042_item_1_schoice" title="vufsw-simplelinearregression-0076-nl-tv_202406101042_item_1_schoice_vufsw-simplelinearregression-0076-nl" adaptive="false" timeDependent="false" toolName="Testvision Online" toolVersion="39.0.9084" xmlns="http://www.imsglobal.org/xsd/imsqti_v2p1">
<responseDeclaration identifier="RESPONSE" cardinality="single" baseType="identifier">
<correctResponse>
<value>alt_763680</value>
</correctResponse>
<mapping defaultValue="0" lowerBound="0.0">
<mapEntry mapKey="alt_949167" mappedValue="-0.333333333333333"/>
<mapEntry mapKey="alt_287089" mappedValue="-0.333333333333333"/>
<mapEntry mapKey="alt_356338" mappedValue="-0.333333333333333"/>
<mapEntry mapKey="alt_763680" mappedValue="1"/>
</mapping>
</responseDeclaration>
<outcomeDeclaration identifier="SCORE" cardinality="single" baseType="float" normalMaximum="1" normalMinimum="0" />
<outcomeDeclaration identifier="FEEDBACK" cardinality="single" baseType="identifier" />
<itemBody>
<p>Een onderzoeker heeft een regressie-analyse uitgevoerd om iemands
interesse in politiek (Y) te voorspellen op basis van hoe vaak iemand
per week nieuwsartikelen leest <span class="tvcss_2 tvcss_3 tvcss_4 tvcss_5 tvcss_6 tvcss_7">(X). </span>Politieke
interesse is gemeten met een schaal die loopt van 1 (‘helemaal niet
geïnteresseerd’) tot 10 (<span
class="tvcss_2 tvcss_3 tvcss_4 tvcss_5 tvcss_6 tvcss_7">‘</span>zeer
geïnteresseerd’). De formule die bij de regressielijn hoort staat
hieronder.<br />
Wat kun je zeggen over de <strong>causaliteit</strong> tussen X and Y? </p>
<p><img src="mediafiles/supplements1/Screenshot__2021-02-13__at__12.28.08.png" alt="image"/></p>
<choiceInteraction responseIdentifier="RESPONSE" shuffle="false" maxChoices="1">
<simpleChoice identifier="alt_949167">
<div class="textblock tvblock tvcss_1"><div class="rte_zone tveditor1">
 Hoe vaak iemand per week nieuwsartikelen leest, is alleen causaal gerelateerd aan iemands politieke interesse indien er geen <em>influential outliers</em> (invloedrijke uitbijters) zijn.
</div>
</div>
</simpleChoice>
<simpleChoice identifier="alt_287089">
<div class="textblock tvblock tvcss_1"><div class="rte_zone tveditor1">
 Hoe vaak iemand per week nieuwsartikelen leest, is alleen causaal gerelateerd aan iemands politieke interesse indien er geen extrapolatie plaatsvindt buiten het waargenomen bereik.
</div>
</div>
</simpleChoice>
<simpleChoice identifier="alt_356338">
<div class="textblock tvblock tvcss_1"><div class="rte_zone tveditor1">
 Hoe vaak iemand per week nieuwsartikelen leest, is alleen causaal gerelateerd aan iemands politieke interesse indien er geen <em>prediction errors</em> (voorspellingsfouten) zijn.
</div>
</div>
</simpleChoice>
<simpleChoice identifier="alt_763680">
<div class="textblock tvblock tvcss_1"><div class="rte_zone tveditor1">
 We kunnen op basis van een regressie-analyse geen harde conclusie trekken over de causaliteit en moeten goed nadenken over mogelijke alternatieve verklaringen voor het gevonden verband.
</div>
</div>
</simpleChoice>
</choiceInteraction>
</itemBody>
<responseProcessing>
<responseCondition>
<responseIf>
<isNull>
<variable identifier="RESPONSE"/>
</isNull>
<setOutcomeValue identifier="SCORE">
<baseValue baseType="float">0.0</baseValue>
</setOutcomeValue>
<setOutcomeValue identifier="FEEDBACK">
<baseValue baseType="identifier">FAILURE</baseValue>
</setOutcomeValue>
</responseIf>
<responseElse>
<setOutcomeValue identifier="SCORE">
<mapResponse identifier="RESPONSE"/>
</setOutcomeValue>
<responseCondition>
<responseIf>
<equal toleranceMode="relative" tolerance="0.001">
<variable identifier="SCORE"/>
<variable identifier="MAXSCORE"/>
</equal>
<setOutcomeValue identifier="FEEDBACK">
<baseValue baseType="identifier">ANSWER_CORRECT</baseValue>
</setOutcomeValue>
</responseIf>
<responseElse>
<setOutcomeValue identifier="FEEDBACK">
<baseValue baseType="identifier">FAILURE</baseValue>
</setOutcomeValue>
</responseElse>
</responseCondition>
</responseElse>
</responseCondition>
</responseProcessing>
<modalFeedback identifier="FAILURE" outcomeIdentifier="FEEDBACK" showHide="show">
<div class="textblock tvblock tvcss_1"><div class="rte_zone tveditor1">
<ul>
<li> Hoe vaak iemand per week nieuwsartikelen leest, is alleen causaal gerelateerd aan iemands politieke interesse indien er geen <em>influential outliers</em> (invloedrijke uitbijters) zijn. <br /> False </li>
<li> Hoe vaak iemand per week nieuwsartikelen leest, is alleen causaal gerelateerd aan iemands politieke interesse indien er geen extrapolatie plaatsvindt buiten het waargenomen bereik. <br /> False </li>
<li> Hoe vaak iemand per week nieuwsartikelen leest, is alleen causaal gerelateerd aan iemands politieke interesse indien er geen <em>prediction errors</em> (voorspellingsfouten) zijn. <br /> False </li>
<li> We kunnen op basis van een regressie-analyse geen harde conclusie trekken over de causaliteit en moeten goed nadenken over mogelijke alternatieve verklaringen voor het gevonden verband. <br /> True </li>
</ul>
</div>
</div>
</modalFeedback>
<modalFeedback identifier="ANSWER_CORRECT" outcomeIdentifier="FEEDBACK" showHide="show">
<div class="textblock tvblock tvcss_1"><div class="rte_zone tveditor1">
<ul>
<li> Hoe vaak iemand per week nieuwsartikelen leest, is alleen causaal gerelateerd aan iemands politieke interesse indien er geen <em>influential outliers</em> (invloedrijke uitbijters) zijn. <br /> False </li>
<li> Hoe vaak iemand per week nieuwsartikelen leest, is alleen causaal gerelateerd aan iemands politieke interesse indien er geen extrapolatie plaatsvindt buiten het waargenomen bereik. <br /> False </li>
<li> Hoe vaak iemand per week nieuwsartikelen leest, is alleen causaal gerelateerd aan iemands politieke interesse indien er geen <em>prediction errors</em> (voorspellingsfouten) zijn. <br /> False </li>
<li> We kunnen op basis van een regressie-analyse geen harde conclusie trekken over de causaliteit en moeten goed nadenken over mogelijke alternatieve verklaringen voor het gevonden verband. <br /> True </li>
</ul>
</div>
</div>
</modalFeedback>
<modalFeedback identifier="PARTIAL_CORRECT" outcomeIdentifier="FEEDBACK" showHide="show">
<div class="textblock tvblock tvcss_1"><div class="rte_zone tveditor1">
<ul>
<li> Hoe vaak iemand per week nieuwsartikelen leest, is alleen causaal gerelateerd aan iemands politieke interesse indien er geen <em>influential outliers</em> (invloedrijke uitbijters) zijn. <br /> False </li>
<li> Hoe vaak iemand per week nieuwsartikelen leest, is alleen causaal gerelateerd aan iemands politieke interesse indien er geen extrapolatie plaatsvindt buiten het waargenomen bereik. <br /> False </li>
<li> Hoe vaak iemand per week nieuwsartikelen leest, is alleen causaal gerelateerd aan iemands politieke interesse indien er geen <em>prediction errors</em> (voorspellingsfouten) zijn. <br /> False </li>
<li> We kunnen op basis van een regressie-analyse geen harde conclusie trekken over de causaliteit en moeten goed nadenken over mogelijke alternatieve verklaringen voor het gevonden verband. <br /> True </li>
</ul>
</div>
</div>
</modalFeedback>
</assessmentItem>
