<?xml version="1.0" encoding="utf-8" standalone="yes"?>
<assessmentItem identifier="uu-Type-II-error-801-nl-tv_202601131821_item_1_schoice" title="uu-Type-II-error-801-nl-tv_202601131821_item_1_schoice_uu-Type-II-error-801-nl.Rmd" adaptive="false" timeDependent="false" toolName="Testvision Online" toolVersion="39.0.9084" xmlns="http://www.imsglobal.org/xsd/imsqti_v2p1">
<responseDeclaration identifier="RESPONSE" cardinality="single" baseType="identifier">
<correctResponse>
<value>alt_649142</value>
</correctResponse>
<mapping defaultValue="0" lowerBound="0.0">
<mapEntry mapKey="alt_303084" mappedValue="-0.333333333333333"/>
<mapEntry mapKey="alt_766161" mappedValue="-0.333333333333333"/>
<mapEntry mapKey="alt_649142" mappedValue="1"/>
<mapEntry mapKey="alt_444670" mappedValue="-0.333333333333333"/>
</mapping>
</responseDeclaration>
<outcomeDeclaration identifier="SCORE" cardinality="single" baseType="float" normalMaximum="1" normalMinimum="0" />
<outcomeDeclaration identifier="FEEDBACK" cardinality="single" baseType="identifier" />
<stylesheet href="css/uu-Type-II-error-801-nl-tv_202601131821_item_1_schoice.css" type="text/css" />
<itemBody>
<p>Onderstaande tabel komt uit een onderzoek naar rechtspraak in Nederland. We vinden informatie over 5000 rechtzaken (4000 + 1000).
In de rechtzaken worden de volgende hypotheses getoetst:</p>
<p><math display="inline" xmlns="http://www.w3.org/1998/Math/MathML"><semantics><msub><mi>H</mi><mn>0</mn></msub><annotation encoding="application/x-tex">H_0</annotation></semantics></math>: persoon is onschuldig</p>
<p><math display="inline" xmlns="http://www.w3.org/1998/Math/MathML"><semantics><msub><mi>H</mi><mn>1</mn></msub><annotation encoding="application/x-tex">H_1</annotation></semantics></math>: persoon is schuldig</p>
<p>Uit de tabel kun je opmaken wat de gekozen alpha en beta zijn geweest in dit onderzoek.</p>
<p><img src="mediafiles/supplements1/uu-Type-II-error-801-nl-tabel.jpg" alt="image"/></p>
<p>Welke (onvergeeflijke) fout heeft de onderzoeker gemaakt?</p>
<choiceInteraction responseIdentifier="RESPONSE" shuffle="false" maxChoices="1">
<simpleChoice identifier="alt_303084">
<div class="textblock tvblock tvcss_1"><div class="rte_zone tveditor1">
 De onderzoeker heeft alpha veel te groot gekozen, waardoor <math display="inline" xmlns="http://www.w3.org/1998/Math/MathML"><semantics><msub><mi>H</mi><mn>0</mn></msub><annotation encoding="application/x-tex">H_0</annotation></semantics></math> veel te snel moet worden verworpen.
</div>
</div>
</simpleChoice>
<simpleChoice identifier="alt_766161">
<div class="textblock tvblock tvcss_1"><div class="rte_zone tveditor1">
 De onderzoeker krijgt een grote fout van het type I.
</div>
</div>
</simpleChoice>
<simpleChoice identifier="alt_649142">
<div class="textblock tvblock tvcss_1"><div class="rte_zone tveditor1">
 De kans op een type II fout is veel te groot
</div>
</div>
</simpleChoice>
<simpleChoice identifier="alt_444670">
<div class="textblock tvblock tvcss_1"><div class="rte_zone tveditor1">
 De onderzoeker heeft geen principiële fouten gemaakt.
</div>
</div>
</simpleChoice>
</choiceInteraction>
</itemBody>
<responseProcessing>
<responseCondition>
<responseIf>
<isNull>
<variable identifier="RESPONSE"/>
</isNull>
<setOutcomeValue identifier="SCORE">
<baseValue baseType="float">0.0</baseValue>
</setOutcomeValue>
<setOutcomeValue identifier="FEEDBACK">
<baseValue baseType="identifier">FAILURE</baseValue>
</setOutcomeValue>
</responseIf>
<responseElse>
<setOutcomeValue identifier="SCORE">
<mapResponse identifier="RESPONSE"/>
</setOutcomeValue>
<responseCondition>
<responseIf>
<equal toleranceMode="relative" tolerance="0.001">
<variable identifier="SCORE"/>
<variable identifier="MAXSCORE"/>
</equal>
<setOutcomeValue identifier="FEEDBACK">
<baseValue baseType="identifier">ANSWER_CORRECT</baseValue>
</setOutcomeValue>
</responseIf>
<responseElse>
<setOutcomeValue identifier="FEEDBACK">
<baseValue baseType="identifier">FAILURE</baseValue>
</setOutcomeValue>
</responseElse>
</responseCondition>
</responseElse>
</responseCondition>
</responseProcessing>
<modalFeedback identifier="FAILURE" outcomeIdentifier="FEEDBACK" showHide="show">
<div class="textblock tvblock tvcss_1"><div class="rte_zone tveditor1">
</div>
</div>
</modalFeedback>
<modalFeedback identifier="ANSWER_CORRECT" outcomeIdentifier="FEEDBACK" showHide="show">
<div class="textblock tvblock tvcss_1"><div class="rte_zone tveditor1">
</div>
</div>
</modalFeedback>
<modalFeedback identifier="PARTIAL_CORRECT" outcomeIdentifier="FEEDBACK" showHide="show">
<div class="textblock tvblock tvcss_1"><div class="rte_zone tveditor1">
</div>
</div>
</modalFeedback>
</assessmentItem>
