<?xml version="1.0" encoding="utf-8" standalone="yes"?>
<assessmentItem identifier="vufgb-ancova-022-en-tv_202510071723_item_1_schoice" title="vufgb-ancova-022-en-tv_202510071723_item_1_schoice_vufgb-ancova-022-en" adaptive="false" timeDependent="false" toolName="Testvision Online" toolVersion="39.0.9084" xmlns="http://www.imsglobal.org/xsd/imsqti_v2p1">
<responseDeclaration identifier="RESPONSE" cardinality="single" baseType="identifier">
<correctResponse>
<value>alt_262249</value>
</correctResponse>
<mapping defaultValue="0" lowerBound="0.0">
<mapEntry mapKey="alt_262249" mappedValue="1"/>
<mapEntry mapKey="alt_575601" mappedValue="-0.333333333333333"/>
<mapEntry mapKey="alt_263177" mappedValue="-0.333333333333333"/>
<mapEntry mapKey="alt_689372" mappedValue="-0.333333333333333"/>
</mapping>
</responseDeclaration>
<outcomeDeclaration identifier="SCORE" cardinality="single" baseType="float" normalMaximum="1" normalMinimum="0" />
<outcomeDeclaration identifier="FEEDBACK" cardinality="single" baseType="identifier" />
<stylesheet href="css/vufgb-ancova-022-en-tv_202510071723_item_1_schoice.css" type="text/css" />
<itemBody>
<p>Given are a quantitative outcome variable, and both a categorical and quantitative predictor. Which two analysis techniques can be used to examine a multiple-cause hypothesis?</p>
<choiceInteraction responseIdentifier="RESPONSE" shuffle="false" maxChoices="1">
<simpleChoice identifier="alt_262249">
<div class="textblock tvblock tvcss_1"><div class="rte_zone tveditor1">
 ANCOVA and linear regression with dummies.
</div>
</div>
</simpleChoice>
<simpleChoice identifier="alt_575601">
<div class="textblock tvblock tvcss_1"><div class="rte_zone tveditor1">
 ANCOVA and logistic regression with dummies.
</div>
</div>
</simpleChoice>
<simpleChoice identifier="alt_263177">
<div class="textblock tvblock tvcss_1"><div class="rte_zone tveditor1">
 Two-way ANOVA and linear regression with dummies.
</div>
</div>
</simpleChoice>
<simpleChoice identifier="alt_689372">
<div class="textblock tvblock tvcss_1"><div class="rte_zone tveditor1">
 Two-way ANOVA and logistic regression with dummies.
</div>
</div>
</simpleChoice>
</choiceInteraction>
</itemBody>
<responseProcessing>
<responseCondition>
<responseIf>
<isNull>
<variable identifier="RESPONSE"/>
</isNull>
<setOutcomeValue identifier="SCORE">
<baseValue baseType="float">0.0</baseValue>
</setOutcomeValue>
<setOutcomeValue identifier="FEEDBACK">
<baseValue baseType="identifier">FAILURE</baseValue>
</setOutcomeValue>
</responseIf>
<responseElse>
<setOutcomeValue identifier="SCORE">
<mapResponse identifier="RESPONSE"/>
</setOutcomeValue>
<responseCondition>
<responseIf>
<equal toleranceMode="relative" tolerance="0.001">
<variable identifier="SCORE"/>
<variable identifier="MAXSCORE"/>
</equal>
<setOutcomeValue identifier="FEEDBACK">
<baseValue baseType="identifier">ANSWER_CORRECT</baseValue>
</setOutcomeValue>
</responseIf>
<responseElse>
<setOutcomeValue identifier="FEEDBACK">
<baseValue baseType="identifier">FAILURE</baseValue>
</setOutcomeValue>
</responseElse>
</responseCondition>
</responseElse>
</responseCondition>
</responseProcessing>
<modalFeedback identifier="FAILURE" outcomeIdentifier="FEEDBACK" showHide="show">
<div class="textblock tvblock tvcss_1"><div class="rte_zone tveditor1">
<ul>
<li> ANCOVA and linear regression with dummies. <br /> Correct </li>
<li> ANCOVA and logistic regression with dummies. <br /> Incorrect </li>
<li> Two-way ANOVA and linear regression with dummies. <br /> Incorrect </li>
<li> Two-way ANOVA and logistic regression with dummies. <br /> Incorrect </li>
</ul>
</div>
</div>
</modalFeedback>
<modalFeedback identifier="ANSWER_CORRECT" outcomeIdentifier="FEEDBACK" showHide="show">
<div class="textblock tvblock tvcss_1"><div class="rte_zone tveditor1">
<ul>
<li> ANCOVA and linear regression with dummies. <br /> Correct </li>
<li> ANCOVA and logistic regression with dummies. <br /> Incorrect </li>
<li> Two-way ANOVA and linear regression with dummies. <br /> Incorrect </li>
<li> Two-way ANOVA and logistic regression with dummies. <br /> Incorrect </li>
</ul>
</div>
</div>
</modalFeedback>
<modalFeedback identifier="PARTIAL_CORRECT" outcomeIdentifier="FEEDBACK" showHide="show">
<div class="textblock tvblock tvcss_1"><div class="rte_zone tveditor1">
<ul>
<li> ANCOVA and linear regression with dummies. <br /> Correct </li>
<li> ANCOVA and logistic regression with dummies. <br /> Incorrect </li>
<li> Two-way ANOVA and linear regression with dummies. <br /> Incorrect </li>
<li> Two-way ANOVA and logistic regression with dummies. <br /> Incorrect </li>
</ul>
</div>
</div>
</modalFeedback>
</assessmentItem>
