<?xml version="1.0" encoding="UTF-8"?>
<assessmentItem xsi:schemaLocation="http://www.imsglobal.org/xsd/imsqti_v2p1 http://www.imsglobal.org/xsd/qti/qtiv2p1/imsqti_v2p1p1.xsd http://www.w3.org/1998/Math/MathML http://www.w3.org/Math/XMLSchema/mathml2/mathml2.xsd" identifier="vufsw-mediation-1368-nl-qti_253929531_section_1_item_1_schoice" title="1" adaptive="false" timeDependent="false" xmlns="http://www.imsglobal.org/xsd/imsqti_v2p1" xmlns:xsi="http://www.w3.org/2001/XMLSchema-instance">
<responseDeclaration identifier="vufsw-mediation-1368-nl-qti_253929531_section_1_item_1_schoice_RESPONSE_1_8696307" cardinality="single" baseType="identifier">
<correctResponse>
<value>vufsw-mediation-1368-nl-qti_253929531_section_1_item_1_schoice_1_2173919483</value>
</correctResponse>
<mapping defaultValue="0" lowerBound="0.0">
<mapEntry mapKey="vufsw-mediation-1368-nl-qti_253929531_section_1_item_1_schoice_1_2173919483" mappedValue="1"/>
<mapEntry mapKey="vufsw-mediation-1368-nl-qti_253929531_section_1_item_1_schoice_2_3207286594" mappedValue="0"/>
<mapEntry mapKey="vufsw-mediation-1368-nl-qti_253929531_section_1_item_1_schoice_3_9911066786" mappedValue="0"/>
<mapEntry mapKey="vufsw-mediation-1368-nl-qti_253929531_section_1_item_1_schoice_4_6236728685" mappedValue="0"/>
</mapping>
</responseDeclaration>
<outcomeDeclaration identifier="SCORE" cardinality="single" baseType="float" normalMaximum="1" normalMinimum="0">
<defaultValue>
<value>0.0</value>
</defaultValue>
</outcomeDeclaration>
<outcomeDeclaration identifier="MAXSCORE" cardinality="single" baseType="float">
<defaultValue>
<value>1</value>
</defaultValue>
</outcomeDeclaration>
<outcomeDeclaration identifier="FEEDBACKBASIC" cardinality="single" baseType="identifier" view="testConstructor">
<defaultValue>
<value>empty</value>
</defaultValue>
</outcomeDeclaration>
<outcomeDeclaration identifier="FEEDBACKMODAL" cardinality="multiple" baseType="identifier" view="testConstructor"/>
<outcomeDeclaration identifier="MINSCORE" cardinality="single" baseType="float">
<defaultValue>
<value baseType="float">0</value>
</defaultValue>
</outcomeDeclaration>
<outcomeDeclaration identifier="SCORE_RESPONSE_1" cardinality="single" baseType="float">
<defaultValue>
<value>0.0</value>
</defaultValue>
</outcomeDeclaration>
<outcomeDeclaration identifier="MINSCORE_RESPONSE_1" cardinality="single" baseType="float">
<defaultValue>
<value>0.0</value>
</defaultValue>
</outcomeDeclaration>
<itemBody>
<p>Onderstaande analyses zijn uitgevoerd op data van een steekproef van
jong volwassenen tussen 20 en 40 jaar die zijn ondervraagd via een
vragenlijst waarin naar hun culturele voorkeuren is gevraagd. De
onderzoeksvragen zijn (1) in hoeverre de hoeveelheid televisiekijken
(variabele: TVKIJKEN (schaal 0-1): een hogere score betekent dat meer tv
gekeken wordt) veroorzaakt wordt door de sociale positie van het
ouderlijk milieu (gemeten is de opleiding van de ouders (variabele:
FAMEDUC (schaal 0-7), variërend van primair onderwijs (0) tot
universiteit (7) een hogere score betekent een hogere opleiding) en (2)
of deze relatie verklaard kan worden door de mate waarin vroeger (toen
de respondent 12 jaar was) door de ouders televisie gekeken werd
(variabele: FAMTV (schaal 0-1), een hogere score betekent dat meer tv
gekeken werd).<br />
Hieronder staan de resultaten van twee regressieanalyses.</p>
<p>Regressie 1:<br />
<img src="1602951598702.png" class="fr-fic fr-dii tvcss_2"
alt="1602951598702" /></p>
<p>Regressie 2:<br />
<img src="1602951629778.png" class="fr-fic fr-dii tvcss_3"
alt="1602951629778" /></p>
<p>Welk causaal model is het best van toepassing op de uitkomsten van de
analyse?</p>
<choiceInteraction responseIdentifier="vufsw-mediation-1368-nl-qti_253929531_section_1_item_1_schoice_RESPONSE_1_8696307" shuffle="false" maxChoices="1">
<simpleChoice identifier="vufsw-mediation-1368-nl-qti_253929531_section_1_item_1_schoice_1_2173919483">
<p>
 <img src="1602854063507.png" class="fr-fic fr-dii tvcss_7"   alt="1602854063507" />
</p>
</simpleChoice>
<simpleChoice identifier="vufsw-mediation-1368-nl-qti_253929531_section_1_item_1_schoice_2_3207286594">
<p>
 <img src="1602837695524.png" class="fr-fic fr-dii tvcss_6"   alt="1602837695524" />
</p>
</simpleChoice>
<simpleChoice identifier="vufsw-mediation-1368-nl-qti_253929531_section_1_item_1_schoice_3_9911066786">
<p>
 <img src="1602837678070.png" class="fr-fic fr-dii tvcss_5"   alt="1602837678070" />
</p>
</simpleChoice>
<simpleChoice identifier="vufsw-mediation-1368-nl-qti_253929531_section_1_item_1_schoice_4_6236728685">
<p>
 <img src="1602837664810.png" class="fr-fic fr-dii tvcss_4"   alt="1602837664810" />
</p>
</simpleChoice>
</choiceInteraction>
</itemBody>
<responseProcessing>
<responseCondition>
<responseIf>
<isNull>
<variable identifier="vufsw-mediation-1368-nl-qti_253929531_section_1_item_1_schoice_RESPONSE_1_8696307"/>
</isNull>
<setOutcomeValue identifier="SCORE_RESPONSE_1">
<sum>
<variable identifier="SCORE_RESPONSE_1"/>
<baseValue baseType="float">0</baseValue>
</sum>
</setOutcomeValue>
</responseIf>
</responseCondition>
<setOutcomeValue identifier="SCORE_RESPONSE_1">
<sum>
<variable identifier="SCORE_RESPONSE_1"/>
<mapResponse identifier="vufsw-mediation-1368-nl-qti_253929531_section_1_item_1_schoice_RESPONSE_1_8696307"/>
</sum>
</setOutcomeValue>
<responseCondition>
<responseIf>
<lt>
<variable identifier="SCORE_RESPONSE_1"/>
<variable identifier="MINSCORE_RESPONSE_1"/>
</lt>
<setOutcomeValue identifier="SCORE_RESPONSE_1">
<variable identifier="MINSCORE_RESPONSE_1"/>
</setOutcomeValue>
</responseIf>
</responseCondition>
<setOutcomeValue identifier="SCORE">
<sum>
<variable identifier="SCORE_RESPONSE_1"/>
</sum>
</setOutcomeValue>
<responseCondition>
<responseIf>
<lt>
<variable identifier="SCORE"/>
<variable identifier="MINSCORE"/>
</lt>
<setOutcomeValue identifier="SCORE">
<variable identifier="MINSCORE"/>
</setOutcomeValue>
</responseIf>
</responseCondition>
<responseCondition>
<responseIf>
<lt>
<variable identifier="SCORE"/>
<baseValue baseType="float">1</baseValue>
</lt>
<setOutcomeValue identifier="FEEDBACKMODAL">
<multiple>
<variable identifier="FEEDBACKMODAL"/>
<baseValue baseType="identifier">Feedback997374271</baseValue>
</multiple>
</setOutcomeValue>
</responseIf>
</responseCondition>
</responseProcessing>
<modalFeedback identifier="Feedback997374271" outcomeIdentifier="FEEDBACKMODAL" showHide="show">
 <img src="1602854063507.png" class="fr-fic fr-dii tvcss_7"   alt="1602854063507" /> <br /> True 
 <img src="1602837695524.png" class="fr-fic fr-dii tvcss_6"   alt="1602837695524" /> <br /> False 
 <img src="1602837678070.png" class="fr-fic fr-dii tvcss_5"   alt="1602837678070" /> <br /> False 
 <img src="1602837664810.png" class="fr-fic fr-dii tvcss_4"   alt="1602837664810" /> <br /> False 
</modalFeedback>
</assessmentItem>
