<?xml version="1.0" encoding="UTF-8"?>
<!DOCTYPE questestinterop SYSTEM "ims_qtiasiv1p2p1.dtd">

<questestinterop xmlns="http://www.imsglobal.org/xsd/ims_qtiasiv1p2" xmlns:xsi="http://www.w3.org/2001/XMLSchema-instance" xsi:schemaLocation="http://www.imsglobal.org/xsd/ims_qtiasiv1p2 http://www.imsglobal.org/xsd/ims_qtiasiv1p2p1.xsd">
<assessment ident="eur-inferential_statistics-242-nl-canvas_945969637" title="eur-inferential_statistics-242-nl-canvas">

<qtimetadata>
<qtimetadatafield>
<fieldlabel>cc_maxattempts</fieldlabel>
<fieldentry>1</fieldentry>
</qtimetadatafield>
<qtimetadatafield>
<fieldlabel>qmd_assessmenttype</fieldlabel>
<fieldentry>Assessment</fieldentry>
</qtimetadatafield>
</qtimetadata>
<objectives>
<material>
<mattext><![CDATA[Please solve the following exercises.]]></mattext>
</material>
</objectives>
<assessmentcontrol feedbackswitch="No" hintswitch="No" solutionswitch="Yes"/>
<outcomes_processing scoremodel="SumOfScores">
<outcomes>
<decvar varname="SCORE" vartype="Decimal" cutvalue="0"/>
</outcomes>
</outcomes_processing>
<assessfeedback title="AssessmentFeedback" ident="AssessmentFeedback">
<flow_mat>
<material>
<mattext>##AssessmentFeedback##</mattext>
</material>
</flow_mat>
</assessfeedback>

<section ident="eur-inferential_statistics-242-nl-canvas_945969637_section_1" title="Exercise">

<objectives>
<material>
<mattext><![CDATA[Please answer the following question.]]></mattext>
</material>
</objectives>
<selection_ordering>
<selection>
<selection_number>1</selection_number>
<selection_extension>
<points_per_item>1</points_per_item>
</selection_extension>
</selection>
<order order_type="Random"/>
</selection_ordering>

<item ident="eur-inferential_statistics-242-nl-canvas_945969637_section_1_item_1_num" title="Question" maxattempts="1">
<itemcontrol feedbackswitch="No" hintswitch="No" solutionswitch="Yes"/>
<itemmetadata>
<qtimetadata>
<qtimetadatafield>
<fieldlabel>question_type</fieldlabel>
<fieldentry>numerical_question</fieldentry>
</qtimetadatafield>
</qtimetadata>
</itemmetadata>
<presentation>
<flow>
<material>
<matbreak/>
<mattext texttype="text/html" charset="utf-8"><![CDATA[
<p>Feyenoord- en Ajax-fans hebben vaak kritiek op elkaars team. We kijken naar van welk team iemand fan is [Fan, waarbij Feyenoord = 0 en Ajax = 1], in welke stad iemand woont [Stad, waarbij Rotterdam = 1, Amsterdam = 2, Dordrecht = 3 en Haarlem = 4], het aantal wedstrijden gespeeld door het favoriete team waar iemand in de loop der jaren naar heeft gekeken (dus het aantal wedstrijden gespeeld door Feyenoord waar een Feyenoord-fan naar heeft gekeken) [played_favourite] en het aantal wedstrijden gespeeld door het andere team waar iemand in de loop der jaren naar heeft gekeken [played_other]. We hebben ook geregistreerd wiens team kampioen is geworden in de laatste 4 jaar [Kampioen, waarbij Geen kampioenschap = 0 en Kampioenschap = 1].</p>
<p>Wat is de kans op het kampioenschap [Kampioen=1] voor een Ajax-fan [Fan]? Geef de kans, niet het percentage. (gebruik 2 decimalen).</p>
<ul>
<li>Downloaden**: <a href="inferential_statistics-242-en-data.sav">SPSS file</a>, <a href="inferential_statistics-242-en-data.csv">CSV file</a></li>
</ul>
]]></mattext>
<matbreak/>
</material>
<response_num ident="eur-inferential_statistics-242-nl-canvas_945969637_section_1_item_1_num_RESPONSE_5507113" rcardinality="Single" numtype="Decimal">
<render_fib fibtype="Decimal" maxchars="12">
<flow_label class="Block">
<response_label ident="eur-inferential_statistics-242-nl-canvas_945969637_section_1_item_1_num_RESPONSE_5507113" rshuffle="No"/>
</flow_label>
</render_fib>
</response_num>
<material>
<matbreak/>
</material>
</flow>
</presentation>
<resprocessing>
<outcomes>
<decvar varname="SCORE" vartype="Decimal" defaultval="0" minvalue="0" maxvalue="1" cutvalue="1"/>
</outcomes>
<respcondition title="Mastery" continue="No">
<conditionvar>

<or>
<varequal respident="eur-inferential_statistics-242-nl-canvas_945969637_section_1_item_1_num_RESPONSE_5507113" case="No"><![CDATA[0.6]]></varequal>
<and>
<vargte respident="eur-inferential_statistics-242-nl-canvas_945969637_section_1_item_1_num_RESPONSE_5507113"><![CDATA[0.6]]></vargte>
<varlte respident="eur-inferential_statistics-242-nl-canvas_945969637_section_1_item_1_num_RESPONSE_5507113"><![CDATA[0.6]]></varlte>
</and>
</or>
</conditionvar>
<setvar varname="SCORE" action="Set">1</setvar>
<displayfeedback feedbacktype="Response" linkrefid="correct_fb"/>
</respcondition>
<respcondition continue="Yes">
<conditionvar>
<other/>
</conditionvar>
<displayfeedback feedbacktype="Response" linkrefid="general_incorrect_fb"/>
</respcondition>
</resprocessing>
<itemfeedback ident="correct_fb" view="All">
<flow_mat>
<material>
<mattext texttype="text/html"><![CDATA[
<p>Het juiste antwoord is 0,60.</p>
]]></mattext>
</material>
</flow_mat>
</itemfeedback>
<itemfeedback ident="general_incorrect_fb" view="All">
<flow_mat>
<material>
<mattext texttype="text/html"><![CDATA[
<p>Het juiste antwoord is 0,60.</p>
]]></mattext>
</material>
</flow_mat>
</itemfeedback>
</item>


</section>

</assessment>
</questestinterop>
