<?xml version="1.0" encoding="utf-8" standalone="yes"?>
<assessmentItem identifier="uu-t-statistic-809-nl-tv_202510071724_item_1_schoice" title="uu-t-statistic-809-nl-tv_202510071724_item_1_schoice_uu-t-statistic-809-nl" adaptive="false" timeDependent="false" toolName="Testvision Online" toolVersion="39.0.9084" xmlns="http://www.imsglobal.org/xsd/imsqti_v2p1">
<responseDeclaration identifier="RESPONSE" cardinality="single" baseType="identifier">
<correctResponse>
<value>alt_733390</value>
</correctResponse>
<mapping defaultValue="0" lowerBound="0.0">
<mapEntry mapKey="alt_627347" mappedValue="-0.333333333333333"/>
<mapEntry mapKey="alt_928664" mappedValue="-0.333333333333333"/>
<mapEntry mapKey="alt_733390" mappedValue="1"/>
<mapEntry mapKey="alt_774042" mappedValue="-0.333333333333333"/>
</mapping>
</responseDeclaration>
<outcomeDeclaration identifier="SCORE" cardinality="single" baseType="float" normalMaximum="1" normalMinimum="0" />
<outcomeDeclaration identifier="FEEDBACK" cardinality="single" baseType="identifier" />
<stylesheet href="css/uu-t-statistic-809-nl-tv_202510071724_item_1_schoice.css" type="text/css" />
<itemBody>
<p>Wat is de afkapwaarde voor een tweekoppige t-toets voor onafhankelijke gemiddelden met 10 proefpersonen in elke groep en een significantieniveau van <math display="inline" xmlns="http://www.w3.org/1998/Math/MathML"><semantics><mi>α</mi><annotation encoding="application/x-tex">\alpha</annotation></semantics></math> = .05?</p>
<choiceInteraction responseIdentifier="RESPONSE" shuffle="false" maxChoices="1">
<simpleChoice identifier="alt_627347">
<div class="textblock tvblock tvcss_1"><div class="rte_zone tveditor1">
 2.228
</div>
</div>
</simpleChoice>
<simpleChoice identifier="alt_928664">
<div class="textblock tvblock tvcss_1"><div class="rte_zone tveditor1">
 2.262
</div>
</div>
</simpleChoice>
<simpleChoice identifier="alt_733390">
<div class="textblock tvblock tvcss_1"><div class="rte_zone tveditor1">
 2.101
</div>
</div>
</simpleChoice>
<simpleChoice identifier="alt_774042">
<div class="textblock tvblock tvcss_1"><div class="rte_zone tveditor1">
 2.093
</div>
</div>
</simpleChoice>
</choiceInteraction>
</itemBody>
<responseProcessing>
<responseCondition>
<responseIf>
<isNull>
<variable identifier="RESPONSE"/>
</isNull>
<setOutcomeValue identifier="SCORE">
<baseValue baseType="float">0.0</baseValue>
</setOutcomeValue>
<setOutcomeValue identifier="FEEDBACK">
<baseValue baseType="identifier">FAILURE</baseValue>
</setOutcomeValue>
</responseIf>
<responseElse>
<setOutcomeValue identifier="SCORE">
<mapResponse identifier="RESPONSE"/>
</setOutcomeValue>
<responseCondition>
<responseIf>
<equal toleranceMode="relative" tolerance="0.001">
<variable identifier="SCORE"/>
<variable identifier="MAXSCORE"/>
</equal>
<setOutcomeValue identifier="FEEDBACK">
<baseValue baseType="identifier">ANSWER_CORRECT</baseValue>
</setOutcomeValue>
</responseIf>
<responseElse>
<setOutcomeValue identifier="FEEDBACK">
<baseValue baseType="identifier">FAILURE</baseValue>
</setOutcomeValue>
</responseElse>
</responseCondition>
</responseElse>
</responseCondition>
</responseProcessing>
<modalFeedback identifier="FAILURE" outcomeIdentifier="FEEDBACK" showHide="show">
<div class="textblock tvblock tvcss_1"><div class="rte_zone tveditor1">
<ul>
<li> 2.228 <br /> Dit antwoord is onjuist. </li>
<li> 2.262 <br /> Dit antwoord is onjuist. </li>
<li> 2.101 <br /> Dit antwoord is juist. </li>
<li> 2.093 <br /> Dit antwoord is onjuist. </li>
</ul>
</div>
</div>
</modalFeedback>
<modalFeedback identifier="ANSWER_CORRECT" outcomeIdentifier="FEEDBACK" showHide="show">
<div class="textblock tvblock tvcss_1"><div class="rte_zone tveditor1">
<ul>
<li> 2.228 <br /> Dit antwoord is onjuist. </li>
<li> 2.262 <br /> Dit antwoord is onjuist. </li>
<li> 2.101 <br /> Dit antwoord is juist. </li>
<li> 2.093 <br /> Dit antwoord is onjuist. </li>
</ul>
</div>
</div>
</modalFeedback>
<modalFeedback identifier="PARTIAL_CORRECT" outcomeIdentifier="FEEDBACK" showHide="show">
<div class="textblock tvblock tvcss_1"><div class="rte_zone tveditor1">
<ul>
<li> 2.228 <br /> Dit antwoord is onjuist. </li>
<li> 2.262 <br /> Dit antwoord is onjuist. </li>
<li> 2.101 <br /> Dit antwoord is juist. </li>
<li> 2.093 <br /> Dit antwoord is onjuist. </li>
</ul>
</div>
</div>
</modalFeedback>
</assessmentItem>
