<?xml version="1.0" encoding="UTF-8"?>
<!DOCTYPE questestinterop SYSTEM "ims_qtiasiv1p2p1.dtd">

<questestinterop xmlns="http://www.imsglobal.org/xsd/ims_qtiasiv1p2" xmlns:xsi="http://www.w3.org/2001/XMLSchema-instance" xsi:schemaLocation="http://www.imsglobal.org/xsd/ims_qtiasiv1p2 http://www.imsglobal.org/xsd/ims_qtiasiv1p2p1.xsd">
<assessment ident="eur-inferential_statistics-123-en-canvas_751552798" title="eur-inferential_statistics-123-en-canvas">

<qtimetadata>
<qtimetadatafield>
<fieldlabel>cc_maxattempts</fieldlabel>
<fieldentry>1</fieldentry>
</qtimetadatafield>
<qtimetadatafield>
<fieldlabel>qmd_assessmenttype</fieldlabel>
<fieldentry>Assessment</fieldentry>
</qtimetadatafield>
</qtimetadata>
<objectives>
<material>
<mattext><![CDATA[Please solve the following exercises.]]></mattext>
</material>
</objectives>
<assessmentcontrol feedbackswitch="No" hintswitch="No" solutionswitch="Yes"/>
<outcomes_processing scoremodel="SumOfScores">
<outcomes>
<decvar varname="SCORE" vartype="Decimal" cutvalue="0"/>
</outcomes>
</outcomes_processing>
<assessfeedback title="AssessmentFeedback" ident="AssessmentFeedback">
<flow_mat>
<material>
<mattext>##AssessmentFeedback##</mattext>
</material>
</flow_mat>
</assessfeedback>

<section ident="eur-inferential_statistics-123-en-canvas_751552798_section_1" title="Exercise">

<objectives>
<material>
<mattext><![CDATA[Please answer the following question.]]></mattext>
</material>
</objectives>
<selection_ordering>
<selection>
<selection_number>1</selection_number>
<selection_extension>
<points_per_item>1</points_per_item>
</selection_extension>
</selection>
<order order_type="Random"/>
</selection_ordering>

<item ident="eur-inferential_statistics-123-en-canvas_751552798_section_1_item_1_num" title="Question" maxattempts="1">
<itemcontrol feedbackswitch="No" hintswitch="No" solutionswitch="Yes"/>
<itemmetadata>
<qtimetadata>
<qtimetadatafield>
<fieldlabel>question_type</fieldlabel>
<fieldentry>numerical_question</fieldentry>
</qtimetadatafield>
</qtimetadata>
</itemmetadata>
<presentation>
<flow>
<material>
<matbreak/>
<mattext texttype="text/html" charset="utf-8"><![CDATA[
<p>A researcher is interested in the consequences of the financial crisis for 16- and 17-year olds. She wants to predict their leisure expenses in November 2012 [expenses_nov] from a number of predictors. She collected data from 202 teenagers: 1) leisure expenses in November 2012 [expenses_nov]; 2) leisure expenses in July 2012 [expenses_jul]; 3) income from their side occupation in November 2012 [salary_nov]; 4) time spent on studying [studytime]; and 5) their educational level [education] (1 = vmbo, 2 = havo, 3 = vwo)*.</p>
<p>**translation for the Dutch education levels: (1 = Lower General Secondary Education, 2 = Higher General Secondary Education, 3 = Pre-university Education)*</p>
<p>Open the data file. Check for outlier assumptions on November’s expenses.</p>
<p>What is for this model the standardized residual for the person that spent 264.2 Euro on leisure in November 2012 [expenses_nov]? (3 decimals)</p>
<p><strong>Download</strong>: <a href="data/supplements_1_1/eur-inferential_statistics-123-en-data.sav">SPSS file</a>, <a href="data/supplements_1_1/eur-inferential_statistics-123-en-data.csv">CSV file</a></p>
]]></mattext>
<matbreak/>
</material>
<response_num ident="eur-inferential_statistics-123-en-canvas_751552798_section_1_item_1_num_RESPONSE_7293887" rcardinality="Single" numtype="Decimal">
<render_fib fibtype="Decimal" maxchars="12">
<flow_label class="Block">
<response_label ident="eur-inferential_statistics-123-en-canvas_751552798_section_1_item_1_num_RESPONSE_7293887" rshuffle="No"/>
</flow_label>
</render_fib>
</response_num>
<material>
<matbreak/>
</material>
</flow>
</presentation>
<resprocessing>
<outcomes>
<decvar varname="SCORE" vartype="Decimal" defaultval="0" minvalue="0" maxvalue="1" cutvalue="1"/>
</outcomes>
<respcondition title="Mastery" continue="No">
<conditionvar>

<or>
<varequal respident="eur-inferential_statistics-123-en-canvas_751552798_section_1_item_1_num_RESPONSE_7293887" case="No"><![CDATA[-0.599]]></varequal>
<and>
<vargte respident="eur-inferential_statistics-123-en-canvas_751552798_section_1_item_1_num_RESPONSE_7293887"><![CDATA[-0.599]]></vargte>
<varlte respident="eur-inferential_statistics-123-en-canvas_751552798_section_1_item_1_num_RESPONSE_7293887"><![CDATA[-0.599]]></varlte>
</and>
</or>
</conditionvar>
<setvar varname="SCORE" action="Set">1</setvar>
<displayfeedback feedbacktype="Response" linkrefid="correct_fb"/>
</respcondition>
<respcondition continue="Yes">
<conditionvar>
<other/>
</conditionvar>
<displayfeedback feedbacktype="Response" linkrefid="general_incorrect_fb"/>
</respcondition>
</resprocessing>
<itemfeedback ident="correct_fb" view="All">
<flow_mat>
<material>
<mattext texttype="text/html"><![CDATA[
<p>The standardized residual is -0.599.</p>
]]></mattext>
</material>
</flow_mat>
</itemfeedback>
<itemfeedback ident="general_incorrect_fb" view="All">
<flow_mat>
<material>
<mattext texttype="text/html"><![CDATA[
<p>The standardized residual is -0.599.</p>
]]></mattext>
</material>
</flow_mat>
</itemfeedback>
</item>


</section>

</assessment>
</questestinterop>
