<?xml version="1.0" encoding="UTF-8"?>
<assessmentItem xsi:schemaLocation="http://www.imsglobal.org/xsd/imsqti_v2p1 http://www.imsglobal.org/xsd/qti/qtiv2p1/imsqti_v2p1p1.xsd http://www.w3.org/1998/Math/MathML http://www.w3.org/Math/XMLSchema/mathml2/mathml2.xsd" identifier="uu-z-score-001-nl-qti_904901442_section_1_item_1_schoice" title="1" adaptive="false" timeDependent="false" xmlns="http://www.imsglobal.org/xsd/imsqti_v2p1" xmlns:xsi="http://www.w3.org/2001/XMLSchema-instance">
<responseDeclaration identifier="uu-z-score-001-nl-qti_904901442_section_1_item_1_schoice_RESPONSE_1_1126241" cardinality="single" baseType="identifier">
<correctResponse>
<value>uu-z-score-001-nl-qti_904901442_section_1_item_1_schoice_1_1702436454</value>
</correctResponse>
<mapping defaultValue="0" lowerBound="0.0">
<mapEntry mapKey="uu-z-score-001-nl-qti_904901442_section_1_item_1_schoice_1_1702436454" mappedValue="1"/>
<mapEntry mapKey="uu-z-score-001-nl-qti_904901442_section_1_item_1_schoice_2_7575275657" mappedValue="0"/>
<mapEntry mapKey="uu-z-score-001-nl-qti_904901442_section_1_item_1_schoice_3_6090373499" mappedValue="0"/>
<mapEntry mapKey="uu-z-score-001-nl-qti_904901442_section_1_item_1_schoice_4_3797743784" mappedValue="0"/>
</mapping>
</responseDeclaration>
<outcomeDeclaration identifier="SCORE" cardinality="single" baseType="float" normalMaximum="1" normalMinimum="0">
<defaultValue>
<value>0.0</value>
</defaultValue>
</outcomeDeclaration>
<outcomeDeclaration identifier="MAXSCORE" cardinality="single" baseType="float">
<defaultValue>
<value>1</value>
</defaultValue>
</outcomeDeclaration>
<outcomeDeclaration identifier="FEEDBACKBASIC" cardinality="single" baseType="identifier" view="testConstructor">
<defaultValue>
<value>empty</value>
</defaultValue>
</outcomeDeclaration>
<outcomeDeclaration identifier="FEEDBACKMODAL" cardinality="multiple" baseType="identifier" view="testConstructor"/>
<outcomeDeclaration identifier="SOLUTIONMODAL" cardinality="single" baseType="identifier" view="testConstructor"/>
<outcomeDeclaration identifier="MINSCORE" cardinality="single" baseType="float">
<defaultValue>
<value baseType="float">0</value>
</defaultValue>
</outcomeDeclaration>
<outcomeDeclaration identifier="SCORE_RESPONSE_1" cardinality="single" baseType="float">
<defaultValue>
<value>0.0</value>
</defaultValue>
</outcomeDeclaration>
<outcomeDeclaration identifier="MINSCORE_RESPONSE_1" cardinality="single" baseType="float">
<defaultValue>
<value>0.0</value>
</defaultValue>
</outcomeDeclaration>
<itemBody>
<p>Geef met behulp van een normale curve het percentage scores tussen het gemiddelde en een Z-score van -0,58.</p>
<choiceInteraction responseIdentifier="uu-z-score-001-nl-qti_904901442_section_1_item_1_schoice_RESPONSE_1_1126241" shuffle="false" maxChoices="1">
<simpleChoice identifier="uu-z-score-001-nl-qti_904901442_section_1_item_1_schoice_1_1702436454">
<p>
 21.90
</p>
</simpleChoice>
<simpleChoice identifier="uu-z-score-001-nl-qti_904901442_section_1_item_1_schoice_2_7575275657">
<p>
 -21.90
</p>
</simpleChoice>
<simpleChoice identifier="uu-z-score-001-nl-qti_904901442_section_1_item_1_schoice_3_6090373499">
<p>
 28.10
</p>
</simpleChoice>
<simpleChoice identifier="uu-z-score-001-nl-qti_904901442_section_1_item_1_schoice_4_3797743784">
<p>
 0.42
</p>
</simpleChoice>
</choiceInteraction>
</itemBody>
<responseProcessing>
<setOutcomeValue identifier="SCORE_RESPONSE_1">
<sum>
<variable identifier="SCORE_RESPONSE_1"/>
<mapResponse identifier="uu-z-score-001-nl-qti_904901442_section_1_item_1_schoice_RESPONSE_1_1126241"/>
</sum>
</setOutcomeValue>
<responseCondition>
<responseIf>
<lt>
<variable identifier="SCORE_RESPONSE_1"/>
<variable identifier="MINSCORE_RESPONSE_1"/>
</lt>
<setOutcomeValue identifier="SCORE_RESPONSE_1">
<variable identifier="MINSCORE_RESPONSE_1"/>
</setOutcomeValue>
</responseIf>
</responseCondition>
<responseCondition>
<responseIf>
<isNull>
<variable identifier="uu-z-score-001-nl-qti_904901442_section_1_item_1_schoice_RESPONSE_1_1126241"/>
</isNull>
<setOutcomeValue identifier="SCORE_RESPONSE_1">
<sum>
<variable identifier="SCORE_RESPONSE_1"/>
<baseValue baseType="float">0</baseValue>
</sum>
</setOutcomeValue>
</responseIf>
</responseCondition>
<setOutcomeValue identifier="SCORE">
<sum>
<variable identifier="SCORE_RESPONSE_1"/>
</sum>
</setOutcomeValue>
<responseCondition>
<responseIf>
<lt>
<variable identifier="SCORE"/>
<variable identifier="MINSCORE"/>
</lt>
<setOutcomeValue identifier="SCORE">
<variable identifier="MINSCORE"/>
</setOutcomeValue>
</responseIf>
</responseCondition>
<responseCondition>
<responseIf>
<lt>
<variable identifier="SCORE"/>
<baseValue baseType="float">1</baseValue>
</lt>
<setOutcomeValue identifier="FEEDBACKMODAL">
<multiple>
<variable identifier="FEEDBACKMODAL"/>
<baseValue baseType="identifier">Feedback737440174</baseValue>
</multiple>
</setOutcomeValue>
</responseIf>
</responseCondition>
</responseProcessing>
<modalFeedback identifier="Feedback737440174" outcomeIdentifier="FEEDBACKMODAL" showHide="show">
<ul>
<li> 21.90 <br /> Dit antwoord is juist. </li>
<li> -21.90 <br /> Dit antwoord is onjuist. </li>
<li> 28.10 <br /> Dit antwoord is onjuist. </li>
<li> 0.42 <br /> Dit antwoord is onjuist. </li>
</ul>
</modalFeedback>
</assessmentItem>
