<?xml version="1.0" encoding="utf-8" standalone="yes"?>
<assessmentItem identifier="uu-Explained_variance-008-nl_202209051537_item_1_schoice" title="uu-Explained_variance-008-nl_202209051537_item_1_schoice_uu-Explained-variance-008-nl.Rmd" adaptive="false" timeDependent="false" toolName="Testvision Online" toolVersion="39.0.9084" xmlns="http://www.imsglobal.org/xsd/imsqti_v2p1">
<responseDeclaration identifier="RESPONSE" cardinality="single" baseType="identifier">
<correctResponse>
<value>alt_607867</value>
</correctResponse>
<mapping defaultValue="0" lowerBound="0.0">
<mapEntry mapKey="alt_607867" mappedValue="1"/>
<mapEntry mapKey="alt_430036" mappedValue="-0.333333333333333"/>
<mapEntry mapKey="alt_407272" mappedValue="-0.333333333333333"/>
<mapEntry mapKey="alt_721158" mappedValue="-0.333333333333333"/>
</mapping>
</responseDeclaration>
<outcomeDeclaration identifier="SCORE" cardinality="single" baseType="float" normalMaximum="1" normalMinimum="0" />
<outcomeDeclaration identifier="FEEDBACK" cardinality="single" baseType="identifier" />
<itemBody>
<p>In een hogere orde hoofdcomponenten analyse van tien tests heeft de onderzoeker uiteindelijk gekozen voor een twee-factoroplossing. De eigenwaarde <math display="inline" xmlns="http://www.w3.org/1998/Math/MathML"><semantics><msub><mi>λ</mi><mn>1</mn></msub><annotation encoding="application/x-tex">\lambda_1</annotation></semantics></math> van de Factor 1 is 4.1 en de eigenwaarde <math display="inline" xmlns="http://www.w3.org/1998/Math/MathML"><semantics><msub><mi>λ</mi><mn>2</mn></msub><annotation encoding="application/x-tex">\lambda_2</annotation></semantics></math> van Factor 2 is 1.3.</p>
<p>Pas de volgende criteria toe voor een kwalitatieve beoordeling van de factoroplossing:</p>
<ul>
<li>Verklaarde variantie lager dan 30%: slecht</li>
<li>Verklaarde variantie tussen de 30% - 50%: matig</li>
<li>Verklaarde variantie hoger dan 50%: goed</li>
</ul>
<p>Hoe beoordeel jij, op basis van verklaarde variantie en de genoemde criteria, de twee-factoroplossing?</p>
<choiceInteraction responseIdentifier="RESPONSE" shuffle="false" maxChoices="1">
<simpleChoice identifier="alt_607867">
<div class="textblock tvblock tvcss_1"><div class="rte_zone tveditor1">
a. Als goed want de verklaarde variantie is hoger dan 50%.
</div>
</div>
</simpleChoice>
<simpleChoice identifier="alt_430036">
<div class="textblock tvblock tvcss_1"><div class="rte_zone tveditor1">
b. Als matig want de verklaarde variantie is tussen de 30% en 50%.
</div>
</div>
</simpleChoice>
<simpleChoice identifier="alt_407272">
<div class="textblock tvblock tvcss_1"><div class="rte_zone tveditor1">
c. Als slecht want de verklaarde variantie is lager dan 30%.
</div>
</div>
</simpleChoice>
<simpleChoice identifier="alt_721158">
<div class="textblock tvblock tvcss_1"><div class="rte_zone tveditor1">
d. Over de kwaliteit kunnen we met de verstrekte gegevens geen geldige uitspraak doen.
</div>
</div>
</simpleChoice>
</choiceInteraction>
</itemBody>
<responseProcessing>
<responseCondition>
<responseIf>
<isNull>
<variable identifier="RESPONSE"/>
</isNull>
<setOutcomeValue identifier="SCORE">
<baseValue baseType="float">0.0</baseValue>
</setOutcomeValue>
<setOutcomeValue identifier="FEEDBACK">
<baseValue baseType="identifier">FAILURE</baseValue>
</setOutcomeValue>
</responseIf>
<responseElse>
<setOutcomeValue identifier="SCORE">
<mapResponse identifier="RESPONSE"/>
</setOutcomeValue>
<responseCondition>
<responseIf>
<equal toleranceMode="relative" tolerance="0.001">
<variable identifier="SCORE"/>
<variable identifier="MAXSCORE"/>
</equal>
<setOutcomeValue identifier="FEEDBACK">
<baseValue baseType="identifier">ANSWER_CORRECT</baseValue>
</setOutcomeValue>
</responseIf>
<responseElse>
<setOutcomeValue identifier="FEEDBACK">
<baseValue baseType="identifier">FAILURE</baseValue>
</setOutcomeValue>
</responseElse>
</responseCondition>
</responseElse>
</responseCondition>
</responseProcessing>
<modalFeedback identifier="FAILURE" outcomeIdentifier="FEEDBACK" showHide="show">
<div class="textblock tvblock tvcss_1"><div class="rte_zone tveditor1">
<p>Uitleg: In de toelichting staat gegeven dat er 10 variabelen in deze factoranalyse zijn meegenomen. Dit betekent dat de maximale eigenwaarde gelijk is aan 10.00 (bij volledige overlap van de factor met alle variabelen). Een factor met een eigenwaarde van 4.1, verklaart zodoende 41% (4.1 / 10.0) van de totale variantie. Aangezien in dit voorbeeld geen oblique rotatie is toegepast, hebben de factoren geen overlap. Om die reden kan met de volgende berekening de verklaarde variantie van de factoren berekend worden:</p>
<p>4.1/10.0 + 1.3/ 10.0 = .41 + .13 = .54</p>
<p>In totaal wordt liefst 54% van de variantie verklaard door de twee factoren.</p>
<br />
<ol>
<li> Als goed want de verklaarde variantie is hoger dan 50%. <br />  </li>
<li> Als matig want de verklaarde variantie is tussen de 30% en 50%. <br />  </li>
<li> Als slecht want de verklaarde variantie is lager dan 30%. <br />  </li>
<li> Over de kwaliteit kunnen we met de verstrekte gegevens geen geldige uitspraak doen. <br />  </li>
</ol>
</div>
</div>
</modalFeedback>
<modalFeedback identifier="ANSWER_CORRECT" outcomeIdentifier="FEEDBACK" showHide="show">
<div class="textblock tvblock tvcss_1"><div class="rte_zone tveditor1">
<p>Uitleg: In de toelichting staat gegeven dat er 10 variabelen in deze factoranalyse zijn meegenomen. Dit betekent dat de maximale eigenwaarde gelijk is aan 10.00 (bij volledige overlap van de factor met alle variabelen). Een factor met een eigenwaarde van 4.1, verklaart zodoende 41% (4.1 / 10.0) van de totale variantie. Aangezien in dit voorbeeld geen oblique rotatie is toegepast, hebben de factoren geen overlap. Om die reden kan met de volgende berekening de verklaarde variantie van de factoren berekend worden:</p>
<p>4.1/10.0 + 1.3/ 10.0 = .41 + .13 = .54</p>
<p>In totaal wordt liefst 54% van de variantie verklaard door de twee factoren.</p>
<br />
<ol>
<li> Als goed want de verklaarde variantie is hoger dan 50%. <br />  </li>
<li> Als matig want de verklaarde variantie is tussen de 30% en 50%. <br />  </li>
<li> Als slecht want de verklaarde variantie is lager dan 30%. <br />  </li>
<li> Over de kwaliteit kunnen we met de verstrekte gegevens geen geldige uitspraak doen. <br />  </li>
</ol>
</div>
</div>
</modalFeedback>
<modalFeedback identifier="PARTIAL_CORRECT" outcomeIdentifier="FEEDBACK" showHide="show">
<div class="textblock tvblock tvcss_1"><div class="rte_zone tveditor1">
<p>Uitleg: In de toelichting staat gegeven dat er 10 variabelen in deze factoranalyse zijn meegenomen. Dit betekent dat de maximale eigenwaarde gelijk is aan 10.00 (bij volledige overlap van de factor met alle variabelen). Een factor met een eigenwaarde van 4.1, verklaart zodoende 41% (4.1 / 10.0) van de totale variantie. Aangezien in dit voorbeeld geen oblique rotatie is toegepast, hebben de factoren geen overlap. Om die reden kan met de volgende berekening de verklaarde variantie van de factoren berekend worden:</p>
<p>4.1/10.0 + 1.3/ 10.0 = .41 + .13 = .54</p>
<p>In totaal wordt liefst 54% van de variantie verklaard door de twee factoren.</p>
<br />
<ol>
<li> Als goed want de verklaarde variantie is hoger dan 50%. <br />  </li>
<li> Als matig want de verklaarde variantie is tussen de 30% en 50%. <br />  </li>
<li> Als slecht want de verklaarde variantie is lager dan 30%. <br />  </li>
<li> Over de kwaliteit kunnen we met de verstrekte gegevens geen geldige uitspraak doen. <br />  </li>
</ol>
</div>
</div>
</modalFeedback>
</assessmentItem>
