<?xml version="1.0" encoding="utf-8" standalone="yes"?>
<assessmentItem identifier="vufsw-correlation-0132-nl-tv_202307180606_item_1_schoice" title="vufsw-correlation-0132-nl-tv_202307180606_item_1_schoice_vufsw-correlation-0132-nl" adaptive="false" timeDependent="false" toolName="Testvision Online" toolVersion="39.0.9084" xmlns="http://www.imsglobal.org/xsd/imsqti_v2p1">
<responseDeclaration identifier="RESPONSE" cardinality="single" baseType="identifier">
<correctResponse>
<value>alt_562849</value>
</correctResponse>
<mapping defaultValue="0" lowerBound="0.0">
<mapEntry mapKey="alt_197992" mappedValue="-0.25"/>
<mapEntry mapKey="alt_137226" mappedValue="-0.25"/>
<mapEntry mapKey="alt_236077" mappedValue="-0.25"/>
<mapEntry mapKey="alt_448707" mappedValue="-0.25"/>
<mapEntry mapKey="alt_562849" mappedValue="1"/>
</mapping>
</responseDeclaration>
<outcomeDeclaration identifier="SCORE" cardinality="single" baseType="float" normalMaximum="1" normalMinimum="0" />
<outcomeDeclaration identifier="FEEDBACK" cardinality="single" baseType="identifier" />
<itemBody>
<p>Wat gebeurt er met de correlatie van twee variabelen (X en Y) indien we
beide variabelen standaardiseren (dat wil zeggen: transformeren tot
z-scores)?</p>
<p>De correlatie-coëfficiënt …</p>
<choiceInteraction responseIdentifier="RESPONSE" shuffle="false" maxChoices="1">
<simpleChoice identifier="alt_197992">
<div class="textblock tvblock tvcss_1"><div class="rte_zone tveditor1">
 kan zowel hoger of lager worden; dit hangt ervan af of het verband tussen X en Y positief of negatief is.
</div>
</div>
</simpleChoice>
<simpleChoice identifier="alt_137226">
<div class="textblock tvblock tvcss_1"><div class="rte_zone tveditor1">
 kan zowel hoger of lager worden; dit hangt ervan af of het verschil tussen de gemiddelden van X en Y groter of kleiner is dan 0.00.
</div>
</div>
</simpleChoice>
<simpleChoice identifier="alt_236077">
<div class="textblock tvblock tvcss_1"><div class="rte_zone tveditor1">
 wordt precies 1.00.
</div>
</div>
</simpleChoice>
<simpleChoice identifier="alt_448707">
<div class="textblock tvblock tvcss_1"><div class="rte_zone tveditor1">
 wordt precies 0.00.
</div>
</div>
</simpleChoice>
<simpleChoice identifier="alt_562849">
<div class="textblock tvblock tvcss_1"><div class="rte_zone tveditor1">
 blijft precies hetzelfde.
</div>
</div>
</simpleChoice>
</choiceInteraction>
</itemBody>
<responseProcessing>
<responseCondition>
<responseIf>
<isNull>
<variable identifier="RESPONSE"/>
</isNull>
<setOutcomeValue identifier="SCORE">
<baseValue baseType="float">0.0</baseValue>
</setOutcomeValue>
<setOutcomeValue identifier="FEEDBACK">
<baseValue baseType="identifier">FAILURE</baseValue>
</setOutcomeValue>
</responseIf>
<responseElse>
<setOutcomeValue identifier="SCORE">
<mapResponse identifier="RESPONSE"/>
</setOutcomeValue>
<responseCondition>
<responseIf>
<equal toleranceMode="relative" tolerance="0.001">
<variable identifier="SCORE"/>
<variable identifier="MAXSCORE"/>
</equal>
<setOutcomeValue identifier="FEEDBACK">
<baseValue baseType="identifier">ANSWER_CORRECT</baseValue>
</setOutcomeValue>
</responseIf>
<responseElse>
<setOutcomeValue identifier="FEEDBACK">
<baseValue baseType="identifier">FAILURE</baseValue>
</setOutcomeValue>
</responseElse>
</responseCondition>
</responseElse>
</responseCondition>
</responseProcessing>
<modalFeedback identifier="FAILURE" outcomeIdentifier="FEEDBACK" showHide="show">
<div class="textblock tvblock tvcss_1"><div class="rte_zone tveditor1">
 kan zowel hoger of lager worden; dit hangt ervan af of het verband tussen X en Y positief of negatief is. <br /> False 
 kan zowel hoger of lager worden; dit hangt ervan af of het verschil tussen de gemiddelden van X en Y groter of kleiner is dan 0.00. <br /> False 
 wordt precies 1.00. <br /> False 
 wordt precies 0.00. <br /> False 
 blijft precies hetzelfde. <br /> True 
</div>
</div>
</modalFeedback>
<modalFeedback identifier="ANSWER_CORRECT" outcomeIdentifier="FEEDBACK" showHide="show">
<div class="textblock tvblock tvcss_1"><div class="rte_zone tveditor1">
 kan zowel hoger of lager worden; dit hangt ervan af of het verband tussen X en Y positief of negatief is. <br /> False 
 kan zowel hoger of lager worden; dit hangt ervan af of het verschil tussen de gemiddelden van X en Y groter of kleiner is dan 0.00. <br /> False 
 wordt precies 1.00. <br /> False 
 wordt precies 0.00. <br /> False 
 blijft precies hetzelfde. <br /> True 
</div>
</div>
</modalFeedback>
<modalFeedback identifier="PARTIAL_CORRECT" outcomeIdentifier="FEEDBACK" showHide="show">
<div class="textblock tvblock tvcss_1"><div class="rte_zone tveditor1">
 kan zowel hoger of lager worden; dit hangt ervan af of het verband tussen X en Y positief of negatief is. <br /> False 
 kan zowel hoger of lager worden; dit hangt ervan af of het verschil tussen de gemiddelden van X en Y groter of kleiner is dan 0.00. <br /> False 
 wordt precies 1.00. <br /> False 
 wordt precies 0.00. <br /> False 
 blijft precies hetzelfde. <br /> True 
</div>
</div>
</modalFeedback>
</assessmentItem>
