<?xml version="1.0" encoding="utf-8" standalone="yes"?>
<assessmentItem identifier="uva-inferential-statistics-385-nl-tv_202404291202_item_1_schoice" title="uva-inferential-statistics-385-nl-tv_202404291202_item_1_schoice_uva-inferential-statistics-385-nl" adaptive="false" timeDependent="false" toolName="Testvision Online" toolVersion="39.0.9084" xmlns="http://www.imsglobal.org/xsd/imsqti_v2p1">
<responseDeclaration identifier="RESPONSE" cardinality="single" baseType="identifier">
<correctResponse>
<value>alt_833132</value>
</correctResponse>
<mapping defaultValue="0" lowerBound="0.0">
<mapEntry mapKey="alt_301360" mappedValue="-0.333333333333333"/>
<mapEntry mapKey="alt_833132" mappedValue="1"/>
<mapEntry mapKey="alt_632310" mappedValue="-0.333333333333333"/>
<mapEntry mapKey="alt_148732" mappedValue="-0.333333333333333"/>
</mapping>
</responseDeclaration>
<outcomeDeclaration identifier="SCORE" cardinality="single" baseType="float" normalMaximum="1" normalMinimum="0" />
<outcomeDeclaration identifier="FEEDBACK" cardinality="single" baseType="identifier" />
<itemBody>
<p>X en Y zijn twee onafhankelijke stochastische variabelen, met μ<sub>x</sub> = 9
en σ<sub>x</sub><sup>²</sup>= 5 en μ<sub>y</sub> = 15 en σ<sub>y</sub><sup>²</sup> = 2. Dan zijn de verwachting en
variantie van X - Y gelijk aan resp.</p>
<choiceInteraction responseIdentifier="RESPONSE" shuffle="false" maxChoices="1">
<simpleChoice identifier="alt_301360">
<div class="textblock tvblock tvcss_1"><div class="rte_zone tveditor1">
 -6 en 3
</div>
</div>
</simpleChoice>
<simpleChoice identifier="alt_833132">
<div class="textblock tvblock tvcss_1"><div class="rte_zone tveditor1">
 -6 en 7
</div>
</div>
</simpleChoice>
<simpleChoice identifier="alt_632310">
<div class="textblock tvblock tvcss_1"><div class="rte_zone tveditor1">
 6 en 3
</div>
</div>
</simpleChoice>
<simpleChoice identifier="alt_148732">
<div class="textblock tvblock tvcss_1"><div class="rte_zone tveditor1">
 6 en 7
</div>
</div>
</simpleChoice>
</choiceInteraction>
</itemBody>
<responseProcessing>
<responseCondition>
<responseIf>
<isNull>
<variable identifier="RESPONSE"/>
</isNull>
<setOutcomeValue identifier="SCORE">
<baseValue baseType="float">0.0</baseValue>
</setOutcomeValue>
<setOutcomeValue identifier="FEEDBACK">
<baseValue baseType="identifier">FAILURE</baseValue>
</setOutcomeValue>
</responseIf>
<responseElse>
<setOutcomeValue identifier="SCORE">
<mapResponse identifier="RESPONSE"/>
</setOutcomeValue>
<responseCondition>
<responseIf>
<equal toleranceMode="relative" tolerance="0.001">
<variable identifier="SCORE"/>
<variable identifier="MAXSCORE"/>
</equal>
<setOutcomeValue identifier="FEEDBACK">
<baseValue baseType="identifier">ANSWER_CORRECT</baseValue>
</setOutcomeValue>
</responseIf>
<responseElse>
<setOutcomeValue identifier="FEEDBACK">
<baseValue baseType="identifier">FAILURE</baseValue>
</setOutcomeValue>
</responseElse>
</responseCondition>
</responseElse>
</responseCondition>
</responseProcessing>
<modalFeedback identifier="FAILURE" outcomeIdentifier="FEEDBACK" showHide="show">
<div class="textblock tvblock tvcss_1"><div class="rte_zone tveditor1">
<ul>
<li> -6 en 3 <br /> -6 en 3: Incorrect </li>
<li> -6 en 7 <br /> -6 en 7: Correct </li>
<li> 6 en 3 <br /> 6 en 3: Incorrect </li>
<li> 6 en 7 <br /> 6 en 7: Incorrect </li>
</ul>
</div>
</div>
</modalFeedback>
<modalFeedback identifier="ANSWER_CORRECT" outcomeIdentifier="FEEDBACK" showHide="show">
<div class="textblock tvblock tvcss_1"><div class="rte_zone tveditor1">
<ul>
<li> -6 en 3 <br /> -6 en 3: Incorrect </li>
<li> -6 en 7 <br /> -6 en 7: Correct </li>
<li> 6 en 3 <br /> 6 en 3: Incorrect </li>
<li> 6 en 7 <br /> 6 en 7: Incorrect </li>
</ul>
</div>
</div>
</modalFeedback>
<modalFeedback identifier="PARTIAL_CORRECT" outcomeIdentifier="FEEDBACK" showHide="show">
<div class="textblock tvblock tvcss_1"><div class="rte_zone tveditor1">
<ul>
<li> -6 en 3 <br /> -6 en 3: Incorrect </li>
<li> -6 en 7 <br /> -6 en 7: Correct </li>
<li> 6 en 3 <br /> 6 en 3: Incorrect </li>
<li> 6 en 7 <br /> 6 en 7: Incorrect </li>
</ul>
</div>
</div>
</modalFeedback>
</assessmentItem>
