<?xml version="1.0" encoding="UTF-8"?>
<assessmentItem xsi:schemaLocation="http://www.imsglobal.org/xsd/imsqti_v2p1 http://www.imsglobal.org/xsd/qti/qtiv2p1/imsqti_v2p1p1.xsd http://www.w3.org/1998/Math/MathML http://www.w3.org/Math/XMLSchema/mathml2/mathml2.xsd" identifier="uva-sample-space-992-nl-qti_168101305_section_1_item_1_schoice" title="1" adaptive="false" timeDependent="false" xmlns="http://www.imsglobal.org/xsd/imsqti_v2p1" xmlns:xsi="http://www.w3.org/2001/XMLSchema-instance">
<responseDeclaration identifier="uva-sample-space-992-nl-qti_168101305_section_1_item_1_schoice_RESPONSE_1_1462574" cardinality="single" baseType="identifier">
<correctResponse>
<value>uva-sample-space-992-nl-qti_168101305_section_1_item_1_schoice_4_3823656385</value>
</correctResponse>
<mapping defaultValue="0" lowerBound="0.0">
<mapEntry mapKey="uva-sample-space-992-nl-qti_168101305_section_1_item_1_schoice_1_1004716831" mappedValue="0"/>
<mapEntry mapKey="uva-sample-space-992-nl-qti_168101305_section_1_item_1_schoice_2_7274625433" mappedValue="0"/>
<mapEntry mapKey="uva-sample-space-992-nl-qti_168101305_section_1_item_1_schoice_3_4269580654" mappedValue="0"/>
<mapEntry mapKey="uva-sample-space-992-nl-qti_168101305_section_1_item_1_schoice_4_3823656385" mappedValue="1"/>
</mapping>
</responseDeclaration>
<outcomeDeclaration identifier="SCORE" cardinality="single" baseType="float" normalMaximum="1" normalMinimum="0">
<defaultValue>
<value>0.0</value>
</defaultValue>
</outcomeDeclaration>
<outcomeDeclaration identifier="MAXSCORE" cardinality="single" baseType="float">
<defaultValue>
<value>1</value>
</defaultValue>
</outcomeDeclaration>
<outcomeDeclaration identifier="FEEDBACKBASIC" cardinality="single" baseType="identifier" view="testConstructor">
<defaultValue>
<value>empty</value>
</defaultValue>
</outcomeDeclaration>
<outcomeDeclaration identifier="FEEDBACKMODAL" cardinality="multiple" baseType="identifier" view="testConstructor"/>
<outcomeDeclaration identifier="SOLUTIONMODAL" cardinality="single" baseType="identifier" view="testConstructor"/>
<outcomeDeclaration identifier="MINSCORE" cardinality="single" baseType="float">
<defaultValue>
<value baseType="float">0</value>
</defaultValue>
</outcomeDeclaration>
<outcomeDeclaration identifier="SCORE_RESPONSE_1" cardinality="single" baseType="float">
<defaultValue>
<value>0.0</value>
</defaultValue>
</outcomeDeclaration>
<outcomeDeclaration identifier="MINSCORE_RESPONSE_1" cardinality="single" baseType="float">
<defaultValue>
<value>0.0</value>
</defaultValue>
</outcomeDeclaration>
<itemBody>
<p>Als we een zuiver muntstuk twee keer opgooien, hoeveel mogelijke
uitkomsten zijn er dan?</p>
<choiceInteraction responseIdentifier="uva-sample-space-992-nl-qti_168101305_section_1_item_1_schoice_RESPONSE_1_1462574" shuffle="false" maxChoices="1">
<simpleChoice identifier="uva-sample-space-992-nl-qti_168101305_section_1_item_1_schoice_1_1004716831">
<p>
 0
</p>
</simpleChoice>
<simpleChoice identifier="uva-sample-space-992-nl-qti_168101305_section_1_item_1_schoice_2_7274625433">
<p>
 1
</p>
</simpleChoice>
<simpleChoice identifier="uva-sample-space-992-nl-qti_168101305_section_1_item_1_schoice_3_4269580654">
<p>
 2
</p>
</simpleChoice>
<simpleChoice identifier="uva-sample-space-992-nl-qti_168101305_section_1_item_1_schoice_4_3823656385">
<p>
 4
</p>
</simpleChoice>
</choiceInteraction>
</itemBody>
<responseProcessing>
<setOutcomeValue identifier="SCORE_RESPONSE_1">
<sum>
<variable identifier="SCORE_RESPONSE_1"/>
<mapResponse identifier="uva-sample-space-992-nl-qti_168101305_section_1_item_1_schoice_RESPONSE_1_1462574"/>
</sum>
</setOutcomeValue>
<responseCondition>
<responseIf>
<lt>
<variable identifier="SCORE_RESPONSE_1"/>
<variable identifier="MINSCORE_RESPONSE_1"/>
</lt>
<setOutcomeValue identifier="SCORE_RESPONSE_1">
<variable identifier="MINSCORE_RESPONSE_1"/>
</setOutcomeValue>
</responseIf>
</responseCondition>
<responseCondition>
<responseIf>
<isNull>
<variable identifier="uva-sample-space-992-nl-qti_168101305_section_1_item_1_schoice_RESPONSE_1_1462574"/>
</isNull>
<setOutcomeValue identifier="SCORE_RESPONSE_1">
<sum>
<variable identifier="SCORE_RESPONSE_1"/>
<baseValue baseType="float">0</baseValue>
</sum>
</setOutcomeValue>
</responseIf>
</responseCondition>
<setOutcomeValue identifier="SCORE">
<sum>
<variable identifier="SCORE_RESPONSE_1"/>
</sum>
</setOutcomeValue>
<responseCondition>
<responseIf>
<lt>
<variable identifier="SCORE"/>
<variable identifier="MINSCORE"/>
</lt>
<setOutcomeValue identifier="SCORE">
<variable identifier="MINSCORE"/>
</setOutcomeValue>
</responseIf>
</responseCondition>
<responseCondition>
<responseIf>
<lt>
<variable identifier="SCORE"/>
<baseValue baseType="float">1</baseValue>
</lt>
<setOutcomeValue identifier="FEEDBACKMODAL">
<multiple>
<variable identifier="FEEDBACKMODAL"/>
<baseValue baseType="identifier">Feedback633756946</baseValue>
</multiple>
</setOutcomeValue>
</responseIf>
</responseCondition>
</responseProcessing>
<modalFeedback identifier="Feedback633756946" outcomeIdentifier="FEEDBACKMODAL" showHide="show">
<ul>
<li> 0 <br /> 0: Incorrect </li>
<li> 1 <br /> 1: Incorrect </li>
<li> 2 <br /> 2: Incorrect </li>
<li> 4 <br /> 4: Correct </li>
</ul>
</modalFeedback>
</assessmentItem>
