<?xml version="1.0" encoding="UTF-8"?>
<assessmentItem xsi:schemaLocation="http://www.imsglobal.org/xsd/imsqti_v2p1 http://www.imsglobal.org/xsd/qti/qtiv2p1/imsqti_v2p1p1.xsd http://www.w3.org/1998/Math/MathML http://www.w3.org/Math/XMLSchema/mathml2/mathml2.xsd" identifier="uu-Power-822-nl-qti_859725218_section_1_item_1_schoice" title="1" adaptive="false" timeDependent="false" xmlns="http://www.imsglobal.org/xsd/imsqti_v2p1" xmlns:xsi="http://www.w3.org/2001/XMLSchema-instance">
<responseDeclaration identifier="uu-Power-822-nl-qti_859725218_section_1_item_1_schoice_RESPONSE_1_8705201" cardinality="single" baseType="identifier">
<correctResponse>
<value>uu-Power-822-nl-qti_859725218_section_1_item_1_schoice_4_4642024965</value>
</correctResponse>
<mapping defaultValue="0" lowerBound="0.0">
<mapEntry mapKey="uu-Power-822-nl-qti_859725218_section_1_item_1_schoice_1_1739271576" mappedValue="0"/>
<mapEntry mapKey="uu-Power-822-nl-qti_859725218_section_1_item_1_schoice_2_1124641512" mappedValue="0"/>
<mapEntry mapKey="uu-Power-822-nl-qti_859725218_section_1_item_1_schoice_3_4415065775" mappedValue="0"/>
<mapEntry mapKey="uu-Power-822-nl-qti_859725218_section_1_item_1_schoice_4_4642024965" mappedValue="1"/>
</mapping>
</responseDeclaration>
<outcomeDeclaration identifier="SCORE" cardinality="single" baseType="float" normalMaximum="1" normalMinimum="0">
<defaultValue>
<value>0.0</value>
</defaultValue>
</outcomeDeclaration>
<outcomeDeclaration identifier="MAXSCORE" cardinality="single" baseType="float">
<defaultValue>
<value>1</value>
</defaultValue>
</outcomeDeclaration>
<outcomeDeclaration identifier="FEEDBACKBASIC" cardinality="single" baseType="identifier" view="testConstructor">
<defaultValue>
<value>empty</value>
</defaultValue>
</outcomeDeclaration>
<outcomeDeclaration identifier="FEEDBACKMODAL" cardinality="multiple" baseType="identifier" view="testConstructor"/>
<outcomeDeclaration identifier="SOLUTIONMODAL" cardinality="single" baseType="identifier" view="testConstructor"/>
<outcomeDeclaration identifier="MINSCORE" cardinality="single" baseType="float">
<defaultValue>
<value baseType="float">0</value>
</defaultValue>
</outcomeDeclaration>
<outcomeDeclaration identifier="SCORE_RESPONSE_1" cardinality="single" baseType="float">
<defaultValue>
<value>0.0</value>
</defaultValue>
</outcomeDeclaration>
<outcomeDeclaration identifier="MINSCORE_RESPONSE_1" cardinality="single" baseType="float">
<defaultValue>
<value>0.0</value>
</defaultValue>
</outcomeDeclaration>
<itemBody>
<p>Een rookmelder moet een duidelijk signaal geven als er rook in de ruimte is, en uiteraard stil blijven als er geen rook is. We beschouwen de afwezigheid van rook als de nulhypothese. Welke situatie komt overeen met de power zoals we die rondom het toetsen behandeld hebben?</p>
<choiceInteraction responseIdentifier="uu-Power-822-nl-qti_859725218_section_1_item_1_schoice_RESPONSE_1_8705201" shuffle="false" maxChoices="1">
<simpleChoice identifier="uu-Power-822-nl-qti_859725218_section_1_item_1_schoice_1_1739271576">
<p>
 De kans dat de rookmelder geen signaal geeft als er rook is
</p>
</simpleChoice>
<simpleChoice identifier="uu-Power-822-nl-qti_859725218_section_1_item_1_schoice_2_1124641512">
<p>
 De kans dat de rookmelder geen signaal geeft als er geen rook is.
</p>
</simpleChoice>
<simpleChoice identifier="uu-Power-822-nl-qti_859725218_section_1_item_1_schoice_3_4415065775">
<p>
 De kans dat de rookmelder een signaal geeft als er geen rook is.
</p>
</simpleChoice>
<simpleChoice identifier="uu-Power-822-nl-qti_859725218_section_1_item_1_schoice_4_4642024965">
<p>
 De kans dat de rookmelder een signaal geeft als er rook is.
</p>
</simpleChoice>
</choiceInteraction>
</itemBody>
<responseProcessing>
<setOutcomeValue identifier="SCORE_RESPONSE_1">
<sum>
<variable identifier="SCORE_RESPONSE_1"/>
<mapResponse identifier="uu-Power-822-nl-qti_859725218_section_1_item_1_schoice_RESPONSE_1_8705201"/>
</sum>
</setOutcomeValue>
<responseCondition>
<responseIf>
<lt>
<variable identifier="SCORE_RESPONSE_1"/>
<variable identifier="MINSCORE_RESPONSE_1"/>
</lt>
<setOutcomeValue identifier="SCORE_RESPONSE_1">
<variable identifier="MINSCORE_RESPONSE_1"/>
</setOutcomeValue>
</responseIf>
</responseCondition>
<responseCondition>
<responseIf>
<isNull>
<variable identifier="uu-Power-822-nl-qti_859725218_section_1_item_1_schoice_RESPONSE_1_8705201"/>
</isNull>
<setOutcomeValue identifier="SCORE_RESPONSE_1">
<sum>
<variable identifier="SCORE_RESPONSE_1"/>
<baseValue baseType="float">0</baseValue>
</sum>
</setOutcomeValue>
</responseIf>
</responseCondition>
<setOutcomeValue identifier="SCORE">
<sum>
<variable identifier="SCORE_RESPONSE_1"/>
</sum>
</setOutcomeValue>
<responseCondition>
<responseIf>
<lt>
<variable identifier="SCORE"/>
<variable identifier="MINSCORE"/>
</lt>
<setOutcomeValue identifier="SCORE">
<variable identifier="MINSCORE"/>
</setOutcomeValue>
</responseIf>
</responseCondition>
<responseCondition>
<responseIf>
<lt>
<variable identifier="SCORE"/>
<baseValue baseType="float">1</baseValue>
</lt>
<setOutcomeValue identifier="FEEDBACKMODAL">
<multiple>
<variable identifier="FEEDBACKMODAL"/>
<baseValue baseType="identifier">Feedback110483753</baseValue>
</multiple>
</setOutcomeValue>
</responseIf>
</responseCondition>
</responseProcessing>
<modalFeedback identifier="Feedback110483753" outcomeIdentifier="FEEDBACKMODAL" showHide="show">
<p>A: Dit is een type II fout: de alternatieve hypothese is juist (er is rook), maar de rookmelder geeft geen signaal.
B: Dit is een juiste beslissing ten aanzien van H0, de power is de kans op een juiste beslissing ten aanzien van H1.
C: Dit is een type I fout: de nulhypothese is juist (er is geen rook), maar de rookmelder geeft wel een signaal.
D: Power is een juiste beslissing ten aanzien van H1: er is rook en de rookmelder geeft een signaal.</p>
<br />
<ul>
<li> De kans dat de rookmelder geen signaal geeft als er rook is <br /> Dit is een type II fout: de alternatieve hypothese is juist (er is rook), maar de rookmelder geeft geen signaal. </li>
<li> De kans dat de rookmelder geen signaal geeft als er geen rook is. <br /> Dit is een juiste beslissing ten aanzien van H0, de power is de kans op een juiste beslissing ten aanzien van H1. </li>
<li> De kans dat de rookmelder een signaal geeft als er geen rook is. <br /> Dit is een type I fout: de nulhypothese is juist (er is geen rook), maar de rookmelder geeft wel een signaal. </li>
<li> De kans dat de rookmelder een signaal geeft als er rook is. <br /> Power is een juiste beslissing ten aanzien van H1: er is rook en de rookmelder geeft een signaal. </li>
</ul>
</modalFeedback>
</assessmentItem>
