<?xml version="1.0" encoding="UTF-8"?>
<assessmentItem xsi:schemaLocation="http://www.imsglobal.org/xsd/imsqti_v2p1 http://www.imsglobal.org/xsd/qti/qtiv2p1/imsqti_v2p1p1.xsd http://www.w3.org/1998/Math/MathML http://www.w3.org/Math/XMLSchema/mathml2/mathml2.xsd" identifier="uu-Measures-of-Location-802-nl-qti_699420049_section_1_item_1_schoice" title="1" adaptive="false" timeDependent="false" xmlns="http://www.imsglobal.org/xsd/imsqti_v2p1" xmlns:xsi="http://www.w3.org/2001/XMLSchema-instance">
<responseDeclaration identifier="uu-Measures-of-Location-802-nl-qti_699420049_section_1_item_1_schoice_RESPONSE_1_6428687" cardinality="single" baseType="identifier">
<correctResponse>
<value>uu-Measures-of-Location-802-nl-qti_699420049_section_1_item_1_schoice_4_3529122766</value>
</correctResponse>
<mapping defaultValue="0" lowerBound="0.0">
<mapEntry mapKey="uu-Measures-of-Location-802-nl-qti_699420049_section_1_item_1_schoice_1_6460084737" mappedValue="0"/>
<mapEntry mapKey="uu-Measures-of-Location-802-nl-qti_699420049_section_1_item_1_schoice_2_1345534190" mappedValue="0"/>
<mapEntry mapKey="uu-Measures-of-Location-802-nl-qti_699420049_section_1_item_1_schoice_3_8290984421" mappedValue="0"/>
<mapEntry mapKey="uu-Measures-of-Location-802-nl-qti_699420049_section_1_item_1_schoice_4_3529122766" mappedValue="1"/>
</mapping>
</responseDeclaration>
<outcomeDeclaration identifier="SCORE" cardinality="single" baseType="float" normalMaximum="1" normalMinimum="0">
<defaultValue>
<value>0.0</value>
</defaultValue>
</outcomeDeclaration>
<outcomeDeclaration identifier="MAXSCORE" cardinality="single" baseType="float">
<defaultValue>
<value>1</value>
</defaultValue>
</outcomeDeclaration>
<outcomeDeclaration identifier="FEEDBACKBASIC" cardinality="single" baseType="identifier" view="testConstructor">
<defaultValue>
<value>empty</value>
</defaultValue>
</outcomeDeclaration>
<outcomeDeclaration identifier="FEEDBACKMODAL" cardinality="multiple" baseType="identifier" view="testConstructor"/>
<outcomeDeclaration identifier="MINSCORE" cardinality="single" baseType="float">
<defaultValue>
<value baseType="float">0</value>
</defaultValue>
</outcomeDeclaration>
<outcomeDeclaration identifier="SCORE_RESPONSE_1" cardinality="single" baseType="float">
<defaultValue>
<value>0.0</value>
</defaultValue>
</outcomeDeclaration>
<outcomeDeclaration identifier="MINSCORE_RESPONSE_1" cardinality="single" baseType="float">
<defaultValue>
<value>0.0</value>
</defaultValue>
</outcomeDeclaration>
<itemBody>
<p>Een intelligentietest heeft een gemiddelde <math display="inline" xmlns="http://www.w3.org/1998/Math/MathML"><semantics><mi>μ</mi><annotation encoding="application/x-tex">\mu</annotation></semantics></math> = 100 en standaarddeviatie <math display="inline" xmlns="http://www.w3.org/1998/Math/MathML"><semantics><mi>σ</mi><annotation encoding="application/x-tex">\sigma</annotation></semantics></math> = 25. Wat is bij een steekproefomvang van n = 100 het gemiddelde en de standaardfout <math display="inline" xmlns="http://www.w3.org/1998/Math/MathML"><semantics><mi>σ</mi><annotation encoding="application/x-tex">\sigma</annotation></semantics></math>M van de verdeling van steekproefgemiddelden?</p>
<choiceInteraction responseIdentifier="uu-Measures-of-Location-802-nl-qti_699420049_section_1_item_1_schoice_RESPONSE_1_6428687" shuffle="false" maxChoices="1">
<simpleChoice identifier="uu-Measures-of-Location-802-nl-qti_699420049_section_1_item_1_schoice_1_6460084737">
<p>
 Gemiddelde = 0, <math display="inline" xmlns="http://www.w3.org/1998/Math/MathML"><semantics><msub><mi>σ</mi><mi>M</mi></msub><annotation encoding="application/x-tex">\sigma_M</annotation></semantics></math> = 5.
</p>
</simpleChoice>
<simpleChoice identifier="uu-Measures-of-Location-802-nl-qti_699420049_section_1_item_1_schoice_2_1345534190">
<p>
 Gemiddelde = 0, <math display="inline" xmlns="http://www.w3.org/1998/Math/MathML"><semantics><msub><mi>σ</mi><mi>M</mi></msub><annotation encoding="application/x-tex">\sigma_M</annotation></semantics></math> = 2.5.
</p>
</simpleChoice>
<simpleChoice identifier="uu-Measures-of-Location-802-nl-qti_699420049_section_1_item_1_schoice_3_8290984421">
<p>
 Gemiddelde = 100, <math display="inline" xmlns="http://www.w3.org/1998/Math/MathML"><semantics><msub><mi>σ</mi><mi>M</mi></msub><annotation encoding="application/x-tex">\sigma_M</annotation></semantics></math> = 5.
</p>
</simpleChoice>
<simpleChoice identifier="uu-Measures-of-Location-802-nl-qti_699420049_section_1_item_1_schoice_4_3529122766">
<p>
 Gemiddelde = 100, <math display="inline" xmlns="http://www.w3.org/1998/Math/MathML"><semantics><msub><mi>σ</mi><mi>M</mi></msub><annotation encoding="application/x-tex">\sigma_M</annotation></semantics></math> = 2.5.
</p>
</simpleChoice>
</choiceInteraction>
</itemBody>
<responseProcessing>
<responseCondition>
<responseIf>
<isNull>
<variable identifier="uu-Measures-of-Location-802-nl-qti_699420049_section_1_item_1_schoice_RESPONSE_1_6428687"/>
</isNull>
<setOutcomeValue identifier="SCORE_RESPONSE_1">
<sum>
<variable identifier="SCORE_RESPONSE_1"/>
<baseValue baseType="float">0</baseValue>
</sum>
</setOutcomeValue>
</responseIf>
</responseCondition>
<setOutcomeValue identifier="SCORE_RESPONSE_1">
<sum>
<variable identifier="SCORE_RESPONSE_1"/>
<mapResponse identifier="uu-Measures-of-Location-802-nl-qti_699420049_section_1_item_1_schoice_RESPONSE_1_6428687"/>
</sum>
</setOutcomeValue>
<responseCondition>
<responseIf>
<lt>
<variable identifier="SCORE_RESPONSE_1"/>
<variable identifier="MINSCORE_RESPONSE_1"/>
</lt>
<setOutcomeValue identifier="SCORE_RESPONSE_1">
<variable identifier="MINSCORE_RESPONSE_1"/>
</setOutcomeValue>
</responseIf>
</responseCondition>
<setOutcomeValue identifier="SCORE">
<sum>
<variable identifier="SCORE_RESPONSE_1"/>
</sum>
</setOutcomeValue>
<responseCondition>
<responseIf>
<lt>
<variable identifier="SCORE"/>
<variable identifier="MINSCORE"/>
</lt>
<setOutcomeValue identifier="SCORE">
<variable identifier="MINSCORE"/>
</setOutcomeValue>
</responseIf>
</responseCondition>
<responseCondition>
<responseIf>
<lt>
<variable identifier="SCORE"/>
<baseValue baseType="float">1</baseValue>
</lt>
<setOutcomeValue identifier="FEEDBACKMODAL">
<multiple>
<variable identifier="FEEDBACKMODAL"/>
<baseValue baseType="identifier">Feedback731036961</baseValue>
</multiple>
</setOutcomeValue>
</responseIf>
</responseCondition>
</responseProcessing>
<modalFeedback identifier="Feedback731036961" outcomeIdentifier="FEEDBACKMODAL" showHide="show">
</modalFeedback>
</assessmentItem>
