<?xml version="1.0" encoding="utf-8" standalone="yes"?>
<assessmentItem identifier="eur-descriptive-411-en-tv_202209061503_item_1_num" title="eur-descriptive-411-en-tv_202209061503_item_1_num_eur-descriptive-411-en" adaptive="false" timeDependent="false" toolName="Testvision Online" toolVersion="39.0.9084" xmlns="http://www.imsglobal.org/xsd/imsqti_v2p1">
<responseDeclaration identifier="RESPONSE" cardinality="multiple" baseType="float">
<correctResponse>
<value>8</value>
<value>8;8</value>
</correctResponse>
</responseDeclaration>
<outcomeDeclaration identifier="SCORE" cardinality="single" baseType="float" normalMaximum="1" normalMinimum="0" />
<outcomeDeclaration identifier="FEEDBACK" cardinality="single" baseType="identifier" />
<itemBody>
<p>A researcher working at the psychology institute investigates alcohol abuse among adolescents. The researcher designed 34 statements the adolescents can agree or disagree with on a four-point scale (1. completely agree; 2. somewhat agree; 3. somewhat disagree; 4. completely disagree). An example of a statement is: When I feel lonely, I enjoy drinking an alcoholic beverage. The answers of 312 girls (0) and boys (1) to the 34 statements are in the dataset. Also included in the dataset are IQ scores, scale scores and the amount of alcohol use (1 = very often; 2 = often; 3 = sometimes; 4 = never).</p>
<p>Calculate the percentile scores of the scale score (variable [scale]). What is the percentage of adolescents with a scale score of 23 or lower? Give the rounded percentage. (no decimals).</p>
<p>Open the dataset below to answer this question:</p>
<p><strong>Download</strong> <a href="mediafiles/supplements1/eur-descriptive-411-en-data.sav">SPSS file</a>, <a href="mediafiles/supplements1/eur-descriptive-411-en-data.csv">CSV file</a></p>
<extendedTextInteraction responseIdentifier="RESPONSE"/>
</itemBody>
<responseProcessing>
<responseCondition>
<responseIf>
<isNull>
<variable identifier="RESPONSE"/>
</isNull>
<setOutcomeValue identifier="SCORE">
<baseValue baseType="float">0.0</baseValue>
</setOutcomeValue>
<setOutcomeValue identifier="FEEDBACK">
<baseValue baseType="identifier">FAILURE</baseValue>
</setOutcomeValue>
</responseIf>
<responseElse>
<responseCondition>
<responseIf>
<match>
<variable identifier="RESPONSE"/>
<correct identifier="RESPONSE"/>
</match>
<setOutcomeValue identifier="SCORE">
<baseValue baseType="float">1</baseValue>
</setOutcomeValue>
</responseIf>
<responseElse>
<setOutcomeValue identifier="SCORE">
<baseValue baseType="float">0</baseValue>
</setOutcomeValue>
</responseElse>
</responseCondition>
<responseCondition>
<responseIf>
<equal toleranceMode="relative" tolerance="0.001">
<variable identifier="SCORE"/>
<variable identifier="MAXSCORE"/>
</equal>
<setOutcomeValue identifier="FEEDBACK">
<baseValue baseType="identifier">ANSWER_CORRECT</baseValue>
</setOutcomeValue>
</responseIf>
<responseElse>
<setOutcomeValue identifier="FEEDBACK">
<baseValue baseType="identifier">FAILURE</baseValue>
</setOutcomeValue>
</responseElse>
</responseCondition>
</responseElse>
</responseCondition>
</responseProcessing>
<modalFeedback identifier="FAILURE" outcomeIdentifier="FEEDBACK" showHide="show">
<div class="textblock tvblock tvcss_1"><div class="rte_zone tveditor1">
<p>The percentage of students with a scale score of 23 or lower is 8% (percentiles can be calculated using rank cases).</p>
</div>
</div>
</modalFeedback>
<modalFeedback identifier="ANSWER_CORRECT" outcomeIdentifier="FEEDBACK" showHide="show">
<div class="textblock tvblock tvcss_1"><div class="rte_zone tveditor1">
<p>The percentage of students with a scale score of 23 or lower is 8% (percentiles can be calculated using rank cases).</p>
</div>
</div>
</modalFeedback>
<modalFeedback identifier="PARTIAL_CORRECT" outcomeIdentifier="FEEDBACK" showHide="show">
<div class="textblock tvblock tvcss_1"><div class="rte_zone tveditor1">
<p>The percentage of students with a scale score of 23 or lower is 8% (percentiles can be calculated using rank cases).</p>
</div>
</div>
</modalFeedback>
</assessmentItem>
