<?xml version="1.0" encoding="UTF-8"?>
<assessmentItem xsi:schemaLocation="http://www.imsglobal.org/xsd/imsqti_v2p1 http://www.imsglobal.org/xsd/qti/qtiv2p1/imsqti_v2p1p1.xsd http://www.w3.org/1998/Math/MathML http://www.w3.org/Math/XMLSchema/mathml2/mathml2.xsd" identifier="uva-oneway-anova-635-nl-qti_758383011_section_1_item_1_schoice" title="1" adaptive="false" timeDependent="false" xmlns="http://www.imsglobal.org/xsd/imsqti_v2p1" xmlns:xsi="http://www.w3.org/2001/XMLSchema-instance">
<responseDeclaration identifier="uva-oneway-anova-635-nl-qti_758383011_section_1_item_1_schoice_RESPONSE_1_6685371" cardinality="single" baseType="identifier">
<correctResponse>
<value>uva-oneway-anova-635-nl-qti_758383011_section_1_item_1_schoice_1_6947625150</value>
</correctResponse>
<mapping defaultValue="0" lowerBound="0.0">
<mapEntry mapKey="uva-oneway-anova-635-nl-qti_758383011_section_1_item_1_schoice_1_6947625150" mappedValue="1"/>
<mapEntry mapKey="uva-oneway-anova-635-nl-qti_758383011_section_1_item_1_schoice_2_3923123106" mappedValue="0"/>
<mapEntry mapKey="uva-oneway-anova-635-nl-qti_758383011_section_1_item_1_schoice_3_8716636004" mappedValue="0"/>
<mapEntry mapKey="uva-oneway-anova-635-nl-qti_758383011_section_1_item_1_schoice_4_2737677569" mappedValue="0"/>
</mapping>
</responseDeclaration>
<outcomeDeclaration identifier="SCORE" cardinality="single" baseType="float" normalMaximum="1" normalMinimum="0">
<defaultValue>
<value>0.0</value>
</defaultValue>
</outcomeDeclaration>
<outcomeDeclaration identifier="MAXSCORE" cardinality="single" baseType="float">
<defaultValue>
<value>1</value>
</defaultValue>
</outcomeDeclaration>
<outcomeDeclaration identifier="FEEDBACKBASIC" cardinality="single" baseType="identifier" view="testConstructor">
<defaultValue>
<value>empty</value>
</defaultValue>
</outcomeDeclaration>
<outcomeDeclaration identifier="FEEDBACKMODAL" cardinality="multiple" baseType="identifier" view="testConstructor"/>
<outcomeDeclaration identifier="SOLUTIONMODAL" cardinality="single" baseType="identifier" view="testConstructor"/>
<outcomeDeclaration identifier="MINSCORE" cardinality="single" baseType="float">
<defaultValue>
<value baseType="float">0</value>
</defaultValue>
</outcomeDeclaration>
<outcomeDeclaration identifier="SCORE_RESPONSE_1" cardinality="single" baseType="float">
<defaultValue>
<value>0.0</value>
</defaultValue>
</outcomeDeclaration>
<outcomeDeclaration identifier="MINSCORE_RESPONSE_1" cardinality="single" baseType="float">
<defaultValue>
<value>0.0</value>
</defaultValue>
</outcomeDeclaration>
<itemBody>
<p>Hieronder staat een gedeelte van een ANOVA-tabel, behorend bij een
CRD-ANOVA met 5 groepen en 3 metingen per groep.</p>
<table>
<tbody>
<tr class="odd">
<td align="left">Variatiebron</td>
<td align="left">df</td>
<td align="left">SS</td>
<td align="left">MS</td>
<td align="left">F</td>
<td align="left">P</td>
</tr>
<tr class="even">
<td align="left">Among groups</td>
<td align="left">4</td>
<td align="left">48</td>
<td align="left"></td>
<td align="left"></td>
<td align="left"></td>
</tr>
<tr class="odd">
<td align="left">Within groups</td>
<td align="left">10</td>
<td align="left">15</td>
<td align="left"></td>
<td align="left"></td>
<td align="left"></td>
</tr>
<tr class="even">
<td align="left">Total</td>
<td align="left">14</td>
<td align="left">63</td>
<td align="left"></td>
<td align="left"></td>
<td align="left"></td>
</tr>
</tbody>
</table>
<p>Stel dat de F-waarde van deze ANOVA-tabel gelijk was aan 3.0; dan zou
voor de bijbehorende P-waarde gelden (α=5%):</p>
<choiceInteraction responseIdentifier="uva-oneway-anova-635-nl-qti_758383011_section_1_item_1_schoice_RESPONSE_1_6685371" shuffle="false" maxChoices="1">
<simpleChoice identifier="uva-oneway-anova-635-nl-qti_758383011_section_1_item_1_schoice_1_6947625150">
<p>
 P &gt; 0.05: geen significante verschillen tussen groepen
</p>
</simpleChoice>
<simpleChoice identifier="uva-oneway-anova-635-nl-qti_758383011_section_1_item_1_schoice_2_3923123106">
<p>
 P &gt; 0.05: wel significante verschillen tussen groepen
</p>
</simpleChoice>
<simpleChoice identifier="uva-oneway-anova-635-nl-qti_758383011_section_1_item_1_schoice_3_8716636004">
<p>
 P &lt; 0.05: geen significante verschillen tussen groepen
</p>
</simpleChoice>
<simpleChoice identifier="uva-oneway-anova-635-nl-qti_758383011_section_1_item_1_schoice_4_2737677569">
<p>
 P &gt; 0.05: wel significante verschillen tussen groepen.
</p>
</simpleChoice>
</choiceInteraction>
</itemBody>
<responseProcessing>
<setOutcomeValue identifier="SCORE_RESPONSE_1">
<sum>
<variable identifier="SCORE_RESPONSE_1"/>
<mapResponse identifier="uva-oneway-anova-635-nl-qti_758383011_section_1_item_1_schoice_RESPONSE_1_6685371"/>
</sum>
</setOutcomeValue>
<responseCondition>
<responseIf>
<lt>
<variable identifier="SCORE_RESPONSE_1"/>
<variable identifier="MINSCORE_RESPONSE_1"/>
</lt>
<setOutcomeValue identifier="SCORE_RESPONSE_1">
<variable identifier="MINSCORE_RESPONSE_1"/>
</setOutcomeValue>
</responseIf>
</responseCondition>
<responseCondition>
<responseIf>
<isNull>
<variable identifier="uva-oneway-anova-635-nl-qti_758383011_section_1_item_1_schoice_RESPONSE_1_6685371"/>
</isNull>
<setOutcomeValue identifier="SCORE_RESPONSE_1">
<sum>
<variable identifier="SCORE_RESPONSE_1"/>
<baseValue baseType="float">0</baseValue>
</sum>
</setOutcomeValue>
</responseIf>
</responseCondition>
<setOutcomeValue identifier="SCORE">
<sum>
<variable identifier="SCORE_RESPONSE_1"/>
</sum>
</setOutcomeValue>
<responseCondition>
<responseIf>
<lt>
<variable identifier="SCORE"/>
<variable identifier="MINSCORE"/>
</lt>
<setOutcomeValue identifier="SCORE">
<variable identifier="MINSCORE"/>
</setOutcomeValue>
</responseIf>
</responseCondition>
<responseCondition>
<responseIf>
<lt>
<variable identifier="SCORE"/>
<baseValue baseType="float">1</baseValue>
</lt>
<setOutcomeValue identifier="FEEDBACKMODAL">
<multiple>
<variable identifier="FEEDBACKMODAL"/>
<baseValue baseType="identifier">Feedback980387432</baseValue>
</multiple>
</setOutcomeValue>
</responseIf>
</responseCondition>
</responseProcessing>
<modalFeedback identifier="Feedback980387432" outcomeIdentifier="FEEDBACKMODAL" showHide="show">
<ul>
<li> P &gt; 0.05: geen significante verschillen tussen groepen <br /> P &gt; 0.05: geen significante verschillen tussen groepen: Correct </li>
<li> P &gt; 0.05: wel significante verschillen tussen groepen <br /> P &gt; 0.05: wel significante verschillen tussen groepen: Incorrect </li>
<li> P &lt; 0.05: geen significante verschillen tussen groepen <br /> P &lt; 0.05: geen significante verschillen tussen groepen: Incorrect </li>
<li> P &gt; 0.05: wel significante verschillen tussen groepen. <br /> P &gt; 0.05: wel significante verschillen tussen groepen.: Incorrect </li>
</ul>
</modalFeedback>
</assessmentItem>
