<?xml version="1.0" encoding="UTF-8"?>
<!DOCTYPE questestinterop SYSTEM "ims_qtiasiv1p2p1.dtd">

<questestinterop xmlns="http://www.imsglobal.org/xsd/ims_qtiasiv1p2" xmlns:xsi="http://www.w3.org/2001/XMLSchema-instance" xsi:schemaLocation="http://www.imsglobal.org/xsd/ims_qtiasiv1p2 http://www.imsglobal.org/xsd/ims_qtiasiv1p2p1.xsd">
<assessment ident="uva-expected-value-1092-nl-canvas_117320587" title="uva-expected-value-1092-nl-canvas">

<qtimetadata>
<qtimetadatafield>
<fieldlabel>cc_maxattempts</fieldlabel>
<fieldentry>1</fieldentry>
</qtimetadatafield>
<qtimetadatafield>
<fieldlabel>qmd_assessmenttype</fieldlabel>
<fieldentry>Assessment</fieldentry>
</qtimetadatafield>
</qtimetadata>
<objectives>
<material>
<mattext><![CDATA[Please solve the following exercises.]]></mattext>
</material>
</objectives>
<assessmentcontrol feedbackswitch="No" hintswitch="No" solutionswitch="Yes"/>
<outcomes_processing scoremodel="SumOfScores">
<outcomes>
<decvar varname="SCORE" vartype="Decimal" cutvalue="0"/>
</outcomes>
</outcomes_processing>
<assessfeedback title="AssessmentFeedback" ident="AssessmentFeedback">
<flow_mat>
<material>
<mattext>##AssessmentFeedback##</mattext>
</material>
</flow_mat>
</assessfeedback>

<section ident="uva-expected-value-1092-nl-canvas_117320587_section_1" title="Exercise">

<objectives>
<material>
<mattext><![CDATA[Please answer the following question.]]></mattext>
</material>
</objectives>
<selection_ordering>
<selection>
<selection_number>1</selection_number>
<selection_extension>
<points_per_item>1</points_per_item>
</selection_extension>
</selection>
<order order_type="Random"/>
</selection_ordering>

<item ident="uva-expected-value-1092-nl-canvas_117320587_section_1_item_1_schoice" title="Question" maxattempts="1">
<itemcontrol feedbackswitch="No" hintswitch="No" solutionswitch="Yes"/>
<itemmetadata>
<qtimetadata>
<qtimetadatafield>
<fieldlabel>question_type</fieldlabel>
<fieldentry>multiple_choice_question</fieldentry>
</qtimetadatafield>
</qtimetadata>
</itemmetadata>
<presentation>
<flow>
<material>
<matbreak/>
<mattext texttype="text/html" charset="utf-8"><![CDATA[
<p>Je hebt 1000 euro en een plan om je geld te investeren. In onderstaande
tabel vind je de mogelijke nettowinsten in een jaar en de kans op deze
winsten.<br />
<br />
Plan:<br />
</p>
<table>
<tbody>
<tr class="odd">
<td align="left">Netto winst</td>
<td align="left">Kans</td>
</tr>
<tr class="even">
<td align="left">€ 5000</td>
<td align="left">0,001</td>
</tr>
<tr class="odd">
<td align="left">€ 1000</td>
<td align="left">0,005</td>
</tr>
<tr class="even">
<td align="left">€ 0</td>
<td align="left">0,994</td>
</tr>
</tbody>
</table>
<p><br />
Wat is de verwachte opbrengst na een jaar als je dit plan kiest?<br />
</p>
]]></mattext>
<matbreak/>
</material>
<response_lid ident="uva-expected-value-1092-nl-canvas_117320587_section_1_item_1_schoice_RESPONSE_3892179" rcardinality="Single" rtiming="No">
<render_choice shuffle="No">
<flow_label class="List">
<response_label ident="uva-expected-value-1092-nl-canvas_117320587_section_1_item_1_schoice_2552514388" rshuffle="No">
<material>
<mattext texttype="text/html" charset="utf-8"><![CDATA[
 € 50
]]></mattext>
</material>
</response_label>
</flow_label>
<flow_label class="List">
<response_label ident="uva-expected-value-1092-nl-canvas_117320587_section_1_item_1_schoice_8411166870" rshuffle="No">
<material>
<mattext texttype="text/html" charset="utf-8"><![CDATA[
 € 10
]]></mattext>
</material>
</response_label>
</flow_label>
<flow_label class="List">
<response_label ident="uva-expected-value-1092-nl-canvas_117320587_section_1_item_1_schoice_6364553393" rshuffle="No">
<material>
<mattext texttype="text/html" charset="utf-8"><![CDATA[
 € 5
]]></mattext>
</material>
</response_label>
</flow_label>
<flow_label class="List">
<response_label ident="uva-expected-value-1092-nl-canvas_117320587_section_1_item_1_schoice_6039129949" rshuffle="No">
<material>
<mattext texttype="text/html" charset="utf-8"><![CDATA[
 € 0
]]></mattext>
</material>
</response_label>
</flow_label>
</render_choice>
</response_lid>
</flow>
</presentation>
<resprocessing>
<outcomes>
<decvar varname="SCORE" vartype="Decimal" defaultval="0" minvalue="0" maxvalue="1" cutvalue="1"/>
</outcomes>
<respcondition title="Mastery" continue="No">
<conditionvar>
<and>
<varequal respident="uva-expected-value-1092-nl-canvas_117320587_section_1_item_1_schoice_RESPONSE_3892179" case="Yes">uva-expected-value-1092-nl-canvas_117320587_section_1_item_1_schoice_8411166870</varequal>
<not> <varequal respident="uva-expected-value-1092-nl-canvas_117320587_section_1_item_1_schoice_RESPONSE_3892179" case="Yes">uva-expected-value-1092-nl-canvas_117320587_section_1_item_1_schoice_2552514388</varequal> </not>
<not> <varequal respident="uva-expected-value-1092-nl-canvas_117320587_section_1_item_1_schoice_RESPONSE_3892179" case="Yes">uva-expected-value-1092-nl-canvas_117320587_section_1_item_1_schoice_6364553393</varequal> </not>
<not> <varequal respident="uva-expected-value-1092-nl-canvas_117320587_section_1_item_1_schoice_RESPONSE_3892179" case="Yes">uva-expected-value-1092-nl-canvas_117320587_section_1_item_1_schoice_6039129949</varequal> </not>
</and>
</conditionvar>
<setvar varname="SCORE" action="Set">1</setvar>
<displayfeedback feedbacktype="Response" linkrefid="correct_fb"/>
</respcondition>
<respcondition continue="Yes">
<conditionvar>
<other/>
</conditionvar>
<displayfeedback feedbacktype="Response" linkrefid="general_incorrect_fb"/>
</respcondition>
</resprocessing>
<itemfeedback ident="correct_fb" view="All">
<flow_mat>
<material>
<mattext texttype="text/html"><![CDATA[
<ul>
<li> € 50 <br /> € 50: Incorrect </li>
<li> € 10 <br /> € 10: Correct </li>
<li> € 5 <br /> € 5: Incorrect </li>
<li> € 0 <br /> € 0: Incorrect </li>
</ul>
]]></mattext>
</material>
</flow_mat>
</itemfeedback>
<itemfeedback ident="general_incorrect_fb" view="All">
<flow_mat>
<material>
<mattext texttype="text/html"><![CDATA[
<ul>
<li> € 50 <br /> € 50: Incorrect </li>
<li> € 10 <br /> € 10: Correct </li>
<li> € 5 <br /> € 5: Incorrect </li>
<li> € 0 <br /> € 0: Incorrect </li>
</ul>
]]></mattext>
</material>
</flow_mat>
</itemfeedback>
</item>


</section>

</assessment>
</questestinterop>
