<?xml version="1.0" encoding="UTF-8"?>
<assessmentItem xsi:schemaLocation="http://www.imsglobal.org/xsd/imsqti_v2p1 http://www.imsglobal.org/xsd/qti/qtiv2p1/imsqti_v2p1p1.xsd http://www.w3.org/1998/Math/MathML http://www.w3.org/Math/XMLSchema/mathml2/mathml2.xsd" identifier="vufgb-tstatistic-001-en-qti_927951527_section_1_item_1_schoice" title="1" adaptive="false" timeDependent="false" xmlns="http://www.imsglobal.org/xsd/imsqti_v2p1" xmlns:xsi="http://www.w3.org/2001/XMLSchema-instance">
<responseDeclaration identifier="vufgb-tstatistic-001-en-qti_927951527_section_1_item_1_schoice_RESPONSE_1_2518070" cardinality="single" baseType="identifier">
<correctResponse>
<value>vufgb-tstatistic-001-en-qti_927951527_section_1_item_1_schoice_1_3669468336</value>
</correctResponse>
<mapping defaultValue="0" lowerBound="0.0">
<mapEntry mapKey="vufgb-tstatistic-001-en-qti_927951527_section_1_item_1_schoice_1_3669468336" mappedValue="1"/>
<mapEntry mapKey="vufgb-tstatistic-001-en-qti_927951527_section_1_item_1_schoice_2_8091028719" mappedValue="0"/>
<mapEntry mapKey="vufgb-tstatistic-001-en-qti_927951527_section_1_item_1_schoice_3_4951597280" mappedValue="0"/>
<mapEntry mapKey="vufgb-tstatistic-001-en-qti_927951527_section_1_item_1_schoice_4_7963536930" mappedValue="0"/>
</mapping>
</responseDeclaration>
<outcomeDeclaration identifier="SCORE" cardinality="single" baseType="float" normalMaximum="1" normalMinimum="0">
<defaultValue>
<value>0.0</value>
</defaultValue>
</outcomeDeclaration>
<outcomeDeclaration identifier="MAXSCORE" cardinality="single" baseType="float">
<defaultValue>
<value>1</value>
</defaultValue>
</outcomeDeclaration>
<outcomeDeclaration identifier="FEEDBACKBASIC" cardinality="single" baseType="identifier" view="testConstructor">
<defaultValue>
<value>empty</value>
</defaultValue>
</outcomeDeclaration>
<outcomeDeclaration identifier="FEEDBACKMODAL" cardinality="multiple" baseType="identifier" view="testConstructor"/>
<outcomeDeclaration identifier="MINSCORE" cardinality="single" baseType="float">
<defaultValue>
<value baseType="float">0</value>
</defaultValue>
</outcomeDeclaration>
<outcomeDeclaration identifier="SCORE_RESPONSE_1" cardinality="single" baseType="float">
<defaultValue>
<value>0.0</value>
</defaultValue>
</outcomeDeclaration>
<outcomeDeclaration identifier="MINSCORE_RESPONSE_1" cardinality="single" baseType="float">
<defaultValue>
<value>0.0</value>
</defaultValue>
</outcomeDeclaration>
<itemBody>
<p>Renske expects a positive association between two variables and aims to test this with a linear regression analysis. She considers a one-sided versus two-sided test. Which statement is true? Complete the following sentence. The _____ value of a one-sided test is _____ compared with a two-sided test.</p>
<choiceInteraction responseIdentifier="vufgb-tstatistic-001-en-qti_927951527_section_1_item_1_schoice_RESPONSE_1_2518070" shuffle="false" maxChoices="1">
<simpleChoice identifier="vufgb-tstatistic-001-en-qti_927951527_section_1_item_1_schoice_1_3669468336">
<p>
a. Critical; lower.
</p>
</simpleChoice>
<simpleChoice identifier="vufgb-tstatistic-001-en-qti_927951527_section_1_item_1_schoice_2_8091028719">
<p>
b. Critical; higher.
</p>
</simpleChoice>
<simpleChoice identifier="vufgb-tstatistic-001-en-qti_927951527_section_1_item_1_schoice_3_4951597280">
<p>
c. Found; lower.
</p>
</simpleChoice>
<simpleChoice identifier="vufgb-tstatistic-001-en-qti_927951527_section_1_item_1_schoice_4_7963536930">
<p>
d. Found; higher.
</p>
</simpleChoice>
</choiceInteraction>
</itemBody>
<responseProcessing>
<responseCondition>
<responseIf>
<isNull>
<variable identifier="vufgb-tstatistic-001-en-qti_927951527_section_1_item_1_schoice_RESPONSE_1_2518070"/>
</isNull>
<setOutcomeValue identifier="SCORE_RESPONSE_1">
<sum>
<variable identifier="SCORE_RESPONSE_1"/>
<baseValue baseType="float">0</baseValue>
</sum>
</setOutcomeValue>
</responseIf>
</responseCondition>
<setOutcomeValue identifier="SCORE_RESPONSE_1">
<sum>
<variable identifier="SCORE_RESPONSE_1"/>
<mapResponse identifier="vufgb-tstatistic-001-en-qti_927951527_section_1_item_1_schoice_RESPONSE_1_2518070"/>
</sum>
</setOutcomeValue>
<responseCondition>
<responseIf>
<lt>
<variable identifier="SCORE_RESPONSE_1"/>
<variable identifier="MINSCORE_RESPONSE_1"/>
</lt>
<setOutcomeValue identifier="SCORE_RESPONSE_1">
<variable identifier="MINSCORE_RESPONSE_1"/>
</setOutcomeValue>
</responseIf>
</responseCondition>
<setOutcomeValue identifier="SCORE">
<sum>
<variable identifier="SCORE_RESPONSE_1"/>
</sum>
</setOutcomeValue>
<responseCondition>
<responseIf>
<lt>
<variable identifier="SCORE"/>
<variable identifier="MINSCORE"/>
</lt>
<setOutcomeValue identifier="SCORE">
<variable identifier="MINSCORE"/>
</setOutcomeValue>
</responseIf>
</responseCondition>
<responseCondition>
<responseIf>
<lt>
<variable identifier="SCORE"/>
<baseValue baseType="float">1</baseValue>
</lt>
<setOutcomeValue identifier="FEEDBACKMODAL">
<multiple>
<variable identifier="FEEDBACKMODAL"/>
<baseValue baseType="identifier">Feedback167044712</baseValue>
</multiple>
</setOutcomeValue>
</responseIf>
</responseCondition>
</responseProcessing>
<modalFeedback identifier="Feedback167044712" outcomeIdentifier="FEEDBACKMODAL" showHide="show">
<ol type = "a">
<li> Critical; lower. <br /> Correct </li>
<li> Critical; higher. <br /> Incorrect </li>
<li> Found; lower. <br /> Incorrect </li>
<li> Found; higher. <br /> Incorrect </li>
</ol>
</modalFeedback>
</assessmentItem>
