<?xml version="1.0" encoding="UTF-8"?>
<assessmentItem xsi:schemaLocation="http://www.imsglobal.org/xsd/imsqti_v2p1 http://www.imsglobal.org/xsd/qti/qtiv2p1/imsqti_v2p1p1.xsd http://www.w3.org/1998/Math/MathML http://www.w3.org/Math/XMLSchema/mathml2/mathml2.xsd" identifier="uva-bayesian-statistics-986-nl-qti_722225104_section_1_item_1_schoice" title="1" adaptive="false" timeDependent="false" xmlns="http://www.imsglobal.org/xsd/imsqti_v2p1" xmlns:xsi="http://www.w3.org/2001/XMLSchema-instance">
<responseDeclaration identifier="uva-bayesian-statistics-986-nl-qti_722225104_section_1_item_1_schoice_RESPONSE_1_8401979" cardinality="single" baseType="identifier">
<correctResponse>
<value>uva-bayesian-statistics-986-nl-qti_722225104_section_1_item_1_schoice_4_4482762542</value>
</correctResponse>
<mapping defaultValue="0" lowerBound="0.0">
<mapEntry mapKey="uva-bayesian-statistics-986-nl-qti_722225104_section_1_item_1_schoice_1_9033654319" mappedValue="0"/>
<mapEntry mapKey="uva-bayesian-statistics-986-nl-qti_722225104_section_1_item_1_schoice_2_3465246781" mappedValue="0"/>
<mapEntry mapKey="uva-bayesian-statistics-986-nl-qti_722225104_section_1_item_1_schoice_3_5209393382" mappedValue="0"/>
<mapEntry mapKey="uva-bayesian-statistics-986-nl-qti_722225104_section_1_item_1_schoice_4_4482762542" mappedValue="1"/>
<mapEntry mapKey="uva-bayesian-statistics-986-nl-qti_722225104_section_1_item_1_schoice_5_1024940885" mappedValue="0"/>
</mapping>
</responseDeclaration>
<outcomeDeclaration identifier="SCORE" cardinality="single" baseType="float" normalMaximum="1" normalMinimum="0">
<defaultValue>
<value>0.0</value>
</defaultValue>
</outcomeDeclaration>
<outcomeDeclaration identifier="MAXSCORE" cardinality="single" baseType="float">
<defaultValue>
<value>1</value>
</defaultValue>
</outcomeDeclaration>
<outcomeDeclaration identifier="FEEDBACKBASIC" cardinality="single" baseType="identifier" view="testConstructor">
<defaultValue>
<value>empty</value>
</defaultValue>
</outcomeDeclaration>
<outcomeDeclaration identifier="FEEDBACKMODAL" cardinality="multiple" baseType="identifier" view="testConstructor"/>
<outcomeDeclaration identifier="SOLUTIONMODAL" cardinality="single" baseType="identifier" view="testConstructor"/>
<outcomeDeclaration identifier="MINSCORE" cardinality="single" baseType="float">
<defaultValue>
<value baseType="float">0</value>
</defaultValue>
</outcomeDeclaration>
<outcomeDeclaration identifier="SCORE_RESPONSE_1" cardinality="single" baseType="float">
<defaultValue>
<value>0.0</value>
</defaultValue>
</outcomeDeclaration>
<outcomeDeclaration identifier="MINSCORE_RESPONSE_1" cardinality="single" baseType="float">
<defaultValue>
<value>0.0</value>
</defaultValue>
</outcomeDeclaration>
<itemBody>
<p>Een bedrijf <em>A</em> bezit drie fabrieken, namelijk <em>A</em><sub>1</sub>, <em>A</em><sub>2</sub> en <em>A</em><sub>3</sub>,
waar scheerapparaten van hetzelfde type worden gemaakt. De kans op een
defect apparaat bij <em>A</em><sub>1</sub>, <em>A</em><sub>2</sub> en <em>A</em><sub>3</sub> is respectievelijk: 0,1;
0,06 en 0,05. Gedurende een bepaalde periode moeten alle drie de
fabrieken in tesamen 10.000 scheerapparaten maken waarvan 2000 door <em>A</em><sub>1</sub>, 5000 door <em>A</em><sub>2</sub> en 3000 door <em>A</em><sub>3</sub>. Uit de totale productie
kiest een inspecteur aselect een scheerapparaat en het gekozen
scheerapparaat blijkt defect te zijn. Hoe groot is de kans
P(<em>A</em><sub>1</sub>|<em>D</em>) dat het afkomstig is van fabriek <em>A</em><sub>1</sub>?</p>
<choiceInteraction responseIdentifier="uva-bayesian-statistics-986-nl-qti_722225104_section_1_item_1_schoice_RESPONSE_1_8401979" shuffle="false" maxChoices="1">
<simpleChoice identifier="uva-bayesian-statistics-986-nl-qti_722225104_section_1_item_1_schoice_1_9033654319">
<p>
 0,015
</p>
</simpleChoice>
<simpleChoice identifier="uva-bayesian-statistics-986-nl-qti_722225104_section_1_item_1_schoice_2_3465246781">
<p>
 0,020
</p>
</simpleChoice>
<simpleChoice identifier="uva-bayesian-statistics-986-nl-qti_722225104_section_1_item_1_schoice_3_5209393382">
<p>
 0,030
</p>
</simpleChoice>
<simpleChoice identifier="uva-bayesian-statistics-986-nl-qti_722225104_section_1_item_1_schoice_4_4482762542">
<p>
 0,308
</p>
</simpleChoice>
<simpleChoice identifier="uva-bayesian-statistics-986-nl-qti_722225104_section_1_item_1_schoice_5_1024940885">
<p>
 0,065
</p>
</simpleChoice>
</choiceInteraction>
</itemBody>
<responseProcessing>
<setOutcomeValue identifier="SCORE_RESPONSE_1">
<sum>
<variable identifier="SCORE_RESPONSE_1"/>
<mapResponse identifier="uva-bayesian-statistics-986-nl-qti_722225104_section_1_item_1_schoice_RESPONSE_1_8401979"/>
</sum>
</setOutcomeValue>
<responseCondition>
<responseIf>
<lt>
<variable identifier="SCORE_RESPONSE_1"/>
<variable identifier="MINSCORE_RESPONSE_1"/>
</lt>
<setOutcomeValue identifier="SCORE_RESPONSE_1">
<variable identifier="MINSCORE_RESPONSE_1"/>
</setOutcomeValue>
</responseIf>
</responseCondition>
<responseCondition>
<responseIf>
<isNull>
<variable identifier="uva-bayesian-statistics-986-nl-qti_722225104_section_1_item_1_schoice_RESPONSE_1_8401979"/>
</isNull>
<setOutcomeValue identifier="SCORE_RESPONSE_1">
<sum>
<variable identifier="SCORE_RESPONSE_1"/>
<baseValue baseType="float">0</baseValue>
</sum>
</setOutcomeValue>
</responseIf>
</responseCondition>
<setOutcomeValue identifier="SCORE">
<sum>
<variable identifier="SCORE_RESPONSE_1"/>
</sum>
</setOutcomeValue>
<responseCondition>
<responseIf>
<lt>
<variable identifier="SCORE"/>
<variable identifier="MINSCORE"/>
</lt>
<setOutcomeValue identifier="SCORE">
<variable identifier="MINSCORE"/>
</setOutcomeValue>
</responseIf>
</responseCondition>
<responseCondition>
<responseIf>
<lt>
<variable identifier="SCORE"/>
<baseValue baseType="float">1</baseValue>
</lt>
<setOutcomeValue identifier="FEEDBACKMODAL">
<multiple>
<variable identifier="FEEDBACKMODAL"/>
<baseValue baseType="identifier">Feedback117963635</baseValue>
</multiple>
</setOutcomeValue>
</responseIf>
</responseCondition>
</responseProcessing>
<modalFeedback identifier="Feedback117963635" outcomeIdentifier="FEEDBACKMODAL" showHide="show">
<ul>
<li> 0,015 <br /> 0,015: Incorrect </li>
<li> 0,020 <br /> 0,020: Incorrect </li>
<li> 0,030 <br /> 0,030: Incorrect </li>
<li> 0,308 <br /> 0,308: Correct </li>
<li> 0,065 <br /> 0,065: Incorrect </li>
</ul>
</modalFeedback>
</assessmentItem>
