<?xml version="1.0" encoding="UTF-8"?>
<assessmentItem xsi:schemaLocation="http://www.imsglobal.org/xsd/imsqti_v2p1 http://www.imsglobal.org/xsd/qti/qtiv2p1/imsqti_v2p1p1.xsd http://www.w3.org/1998/Math/MathML http://www.w3.org/Math/XMLSchema/mathml2/mathml2.xsd" identifier="uva-inferential-statistics-16-nl-ans_553240864_section_1_item_1_schoice" title="Inferential_Statistics_uva-inferential-statistics-16-nl_uva-inferential-statistics-16-nl_schoice_1" adaptive="false" timeDependent="false" xmlns="http://www.imsglobal.org/xsd/imsqti_v2p1" xmlns:xsi="http://www.w3.org/2001/XMLSchema-instance">
<responseDeclaration identifier="uva-inferential-statistics-16-nl-ans_553240864_section_1_item_1_schoice_RESPONSE_1_1483259" cardinality="single" baseType="identifier">
<correctResponse>
<value>uva-inferential-statistics-16-nl-ans_553240864_section_1_item_1_schoice_3_5084152834</value>
</correctResponse>
<mapping defaultValue="0" lowerBound="0.0">
<mapEntry mapKey="uva-inferential-statistics-16-nl-ans_553240864_section_1_item_1_schoice_1_6115996157" mappedValue="0"/>
<mapEntry mapKey="uva-inferential-statistics-16-nl-ans_553240864_section_1_item_1_schoice_2_8636473720" mappedValue="0"/>
<mapEntry mapKey="uva-inferential-statistics-16-nl-ans_553240864_section_1_item_1_schoice_3_5084152834" mappedValue="1"/>
</mapping>
</responseDeclaration>
<outcomeDeclaration identifier="SCORE" cardinality="single" baseType="float" normalMaximum="1" normalMinimum="0">
<defaultValue>
<value>0.0</value>
</defaultValue>
</outcomeDeclaration>
<outcomeDeclaration identifier="MAXSCORE" cardinality="single" baseType="float">
<defaultValue>
<value>1</value>
</defaultValue>
</outcomeDeclaration>
<outcomeDeclaration identifier="FEEDBACKBASIC" cardinality="single" baseType="identifier" view="testConstructor">
<defaultValue>
<value>empty</value>
</defaultValue>
</outcomeDeclaration>
<outcomeDeclaration identifier="FEEDBACKMODAL" cardinality="multiple" baseType="identifier" view="testConstructor"/>
<outcomeDeclaration identifier="SOLUTIONMODAL" cardinality="single" baseType="identifier" view="testConstructor"/>
<outcomeDeclaration identifier="MINSCORE" cardinality="single" baseType="float">
<defaultValue>
<value baseType="float">0</value>
</defaultValue>
</outcomeDeclaration>
<outcomeDeclaration identifier="SCORE_RESPONSE_1" cardinality="single" baseType="float">
<defaultValue>
<value>0.0</value>
</defaultValue>
</outcomeDeclaration>
<outcomeDeclaration identifier="MINSCORE_RESPONSE_1" cardinality="single" baseType="float">
<defaultValue>
<value>0.0</value>
</defaultValue>
</outcomeDeclaration>
<itemBody>
<p><em>Observer</em> effects treden op wanneer de observator</p>
<choiceInteraction responseIdentifier="uva-inferential-statistics-16-nl-ans_553240864_section_1_item_1_schoice_RESPONSE_1_1483259" shuffle="false" maxChoices="1">
<simpleChoice identifier="uva-inferential-statistics-16-nl-ans_553240864_section_1_item_1_schoice_1_6115996157">
<p>
 de onderzochte situatie niet goed waarneemt.
</p>
</simpleChoice>
<simpleChoice identifier="uva-inferential-statistics-16-nl-ans_553240864_section_1_item_1_schoice_2_8636473720">
<p>
 verkeerde conclusies uit de observaties trekt.
</p>
</simpleChoice>
<simpleChoice identifier="uva-inferential-statistics-16-nl-ans_553240864_section_1_item_1_schoice_3_5084152834">
<p>
 zelf een effect heeft op de onderzochte situatie.
</p>
</simpleChoice>
</choiceInteraction>
</itemBody>
<responseProcessing>
<setOutcomeValue identifier="SCORE_RESPONSE_1">
<sum>
<variable identifier="SCORE_RESPONSE_1"/>
<mapResponse identifier="uva-inferential-statistics-16-nl-ans_553240864_section_1_item_1_schoice_RESPONSE_1_1483259"/>
</sum>
</setOutcomeValue>
<responseCondition>
<responseIf>
<lt>
<variable identifier="SCORE_RESPONSE_1"/>
<variable identifier="MINSCORE_RESPONSE_1"/>
</lt>
<setOutcomeValue identifier="SCORE_RESPONSE_1">
<variable identifier="MINSCORE_RESPONSE_1"/>
</setOutcomeValue>
</responseIf>
</responseCondition>
<responseCondition>
<responseIf>
<isNull>
<variable identifier="uva-inferential-statistics-16-nl-ans_553240864_section_1_item_1_schoice_RESPONSE_1_1483259"/>
</isNull>
<setOutcomeValue identifier="SCORE_RESPONSE_1">
<sum>
<variable identifier="SCORE_RESPONSE_1"/>
<baseValue baseType="float">0</baseValue>
</sum>
</setOutcomeValue>
</responseIf>
</responseCondition>
<setOutcomeValue identifier="SCORE">
<sum>
<variable identifier="SCORE_RESPONSE_1"/>
</sum>
</setOutcomeValue>
<responseCondition>
<responseIf>
<lt>
<variable identifier="SCORE"/>
<variable identifier="MINSCORE"/>
</lt>
<setOutcomeValue identifier="SCORE">
<variable identifier="MINSCORE"/>
</setOutcomeValue>
</responseIf>
</responseCondition>
<responseCondition>
<responseIf>
<lt>
<variable identifier="SCORE"/>
<baseValue baseType="float">1</baseValue>
</lt>
<setOutcomeValue identifier="FEEDBACKMODAL">
<multiple>
<variable identifier="FEEDBACKMODAL"/>
<baseValue baseType="identifier">Feedback657723016</baseValue>
</multiple>
</setOutcomeValue>
</responseIf>
</responseCondition>
</responseProcessing>
<modalFeedback outcomeIdentifier="FEEDBACK" showHide="show" identifier="incorrect">
<ul>
<li> de onderzochte situatie niet goed waarneemt. <br /> de onderzochte situatie niet goed waarneemt.: Incorrect </li>
<li> verkeerde conclusies uit de observaties trekt. <br /> verkeerde conclusies uit de observaties trekt.: Incorrect </li>
<li> zelf een effect heeft op de onderzochte situatie. <br /> zelf een effect heeft op de onderzochte situatie.: Correct </li>
</ul>
</modalFeedback>
</assessmentItem>
