<?xml version="1.0" encoding="utf-8" standalone="yes"?>
<assessmentItem identifier="uva-general-rules-650-en-tv_202601131819_item_1_schoice" title="uva-general-rules-650-en-tv_202601131819_item_1_schoice_uva-general-rules-650-en" adaptive="false" timeDependent="false" toolName="Testvision Online" toolVersion="39.0.9084" xmlns="http://www.imsglobal.org/xsd/imsqti_v2p1">
<responseDeclaration identifier="RESPONSE" cardinality="single" baseType="identifier">
<correctResponse>
<value>alt_120605</value>
</correctResponse>
<mapping defaultValue="0" lowerBound="0.0">
<mapEntry mapKey="alt_339882" mappedValue="-0.333333333333333"/>
<mapEntry mapKey="alt_503796" mappedValue="-0.333333333333333"/>
<mapEntry mapKey="alt_120605" mappedValue="1"/>
<mapEntry mapKey="alt_884499" mappedValue="-0.333333333333333"/>
</mapping>
</responseDeclaration>
<outcomeDeclaration identifier="SCORE" cardinality="single" baseType="float" normalMaximum="1" normalMinimum="0" />
<outcomeDeclaration identifier="FEEDBACK" cardinality="single" baseType="identifier" />
<stylesheet href="css/uva-general-rules-650-en-tv_202601131819_item_1_schoice.css" type="text/css" />
<itemBody>
<p>If the probability of the union of event A and event B equals is 0.6 what is the probability of neither A nor B occurring?</p>
<choiceInteraction responseIdentifier="RESPONSE" shuffle="false" maxChoices="1">
<simpleChoice identifier="alt_339882">
<div class="textblock tvblock tvcss_1"><div class="rte_zone tveditor1">
 0,24
</div>
</div>
</simpleChoice>
<simpleChoice identifier="alt_503796">
<div class="textblock tvblock tvcss_1"><div class="rte_zone tveditor1">
 0,36
</div>
</div>
</simpleChoice>
<simpleChoice identifier="alt_120605">
<div class="textblock tvblock tvcss_1"><div class="rte_zone tveditor1">
 0,4
</div>
</div>
</simpleChoice>
<simpleChoice identifier="alt_884499">
<div class="textblock tvblock tvcss_1"><div class="rte_zone tveditor1">
 0,6
</div>
</div>
</simpleChoice>
</choiceInteraction>
</itemBody>
<responseProcessing>
<responseCondition>
<responseIf>
<isNull>
<variable identifier="RESPONSE"/>
</isNull>
<setOutcomeValue identifier="SCORE">
<baseValue baseType="float">0.0</baseValue>
</setOutcomeValue>
<setOutcomeValue identifier="FEEDBACK">
<baseValue baseType="identifier">FAILURE</baseValue>
</setOutcomeValue>
</responseIf>
<responseElse>
<setOutcomeValue identifier="SCORE">
<mapResponse identifier="RESPONSE"/>
</setOutcomeValue>
<responseCondition>
<responseIf>
<equal toleranceMode="relative" tolerance="0.001">
<variable identifier="SCORE"/>
<variable identifier="MAXSCORE"/>
</equal>
<setOutcomeValue identifier="FEEDBACK">
<baseValue baseType="identifier">ANSWER_CORRECT</baseValue>
</setOutcomeValue>
</responseIf>
<responseElse>
<setOutcomeValue identifier="FEEDBACK">
<baseValue baseType="identifier">FAILURE</baseValue>
</setOutcomeValue>
</responseElse>
</responseCondition>
</responseElse>
</responseCondition>
</responseProcessing>
<modalFeedback identifier="FAILURE" outcomeIdentifier="FEEDBACK" showHide="show">
<div class="textblock tvblock tvcss_1"><div class="rte_zone tveditor1">
<ul>
<li> 0,24 <br /> 0.24: Incorrect </li>
<li> 0,36 <br /> 0.36: Incorrect </li>
<li> 0,4 <br /> 0,4: Correct </li>
<li> 0,6 <br /> 0,6: Incorrect </li>
</ul>
</div>
</div>
</modalFeedback>
<modalFeedback identifier="ANSWER_CORRECT" outcomeIdentifier="FEEDBACK" showHide="show">
<div class="textblock tvblock tvcss_1"><div class="rte_zone tveditor1">
<ul>
<li> 0,24 <br /> 0.24: Incorrect </li>
<li> 0,36 <br /> 0.36: Incorrect </li>
<li> 0,4 <br /> 0,4: Correct </li>
<li> 0,6 <br /> 0,6: Incorrect </li>
</ul>
</div>
</div>
</modalFeedback>
<modalFeedback identifier="PARTIAL_CORRECT" outcomeIdentifier="FEEDBACK" showHide="show">
<div class="textblock tvblock tvcss_1"><div class="rte_zone tveditor1">
<ul>
<li> 0,24 <br /> 0.24: Incorrect </li>
<li> 0,36 <br /> 0.36: Incorrect </li>
<li> 0,4 <br /> 0,4: Correct </li>
<li> 0,6 <br /> 0,6: Incorrect </li>
</ul>
</div>
</div>
</modalFeedback>
</assessmentItem>
