<?xml version="1.0" encoding="UTF-8"?>
<assessmentItem xsi:schemaLocation="http://www.imsglobal.org/xsd/imsqti_v2p1 http://www.imsglobal.org/xsd/qti/qtiv2p1/imsqti_v2p1p1.xsd http://www.w3.org/1998/Math/MathML http://www.w3.org/Math/XMLSchema/mathml2/mathml2.xsd" identifier="vufgb-multiplelinearregression-006-nl-qti_682314206_section_1_item_1_schoice" title="1" adaptive="false" timeDependent="false" xmlns="http://www.imsglobal.org/xsd/imsqti_v2p1" xmlns:xsi="http://www.w3.org/2001/XMLSchema-instance">
<responseDeclaration identifier="vufgb-multiplelinearregression-006-nl-qti_682314206_section_1_item_1_schoice_RESPONSE_1_1949983" cardinality="single" baseType="identifier">
<correctResponse>
<value>vufgb-multiplelinearregression-006-nl-qti_682314206_section_1_item_1_schoice_4_3772791771</value>
</correctResponse>
<mapping defaultValue="0" lowerBound="0.0">
<mapEntry mapKey="vufgb-multiplelinearregression-006-nl-qti_682314206_section_1_item_1_schoice_1_7749234453" mappedValue="0"/>
<mapEntry mapKey="vufgb-multiplelinearregression-006-nl-qti_682314206_section_1_item_1_schoice_2_1770963161" mappedValue="0"/>
<mapEntry mapKey="vufgb-multiplelinearregression-006-nl-qti_682314206_section_1_item_1_schoice_3_9625428046" mappedValue="0"/>
<mapEntry mapKey="vufgb-multiplelinearregression-006-nl-qti_682314206_section_1_item_1_schoice_4_3772791771" mappedValue="1"/>
</mapping>
</responseDeclaration>
<outcomeDeclaration identifier="SCORE" cardinality="single" baseType="float" normalMaximum="1" normalMinimum="0">
<defaultValue>
<value>0.0</value>
</defaultValue>
</outcomeDeclaration>
<outcomeDeclaration identifier="MAXSCORE" cardinality="single" baseType="float">
<defaultValue>
<value>1</value>
</defaultValue>
</outcomeDeclaration>
<outcomeDeclaration identifier="FEEDBACKBASIC" cardinality="single" baseType="identifier" view="testConstructor">
<defaultValue>
<value>empty</value>
</defaultValue>
</outcomeDeclaration>
<outcomeDeclaration identifier="FEEDBACKMODAL" cardinality="multiple" baseType="identifier" view="testConstructor"/>
<outcomeDeclaration identifier="MINSCORE" cardinality="single" baseType="float">
<defaultValue>
<value baseType="float">0</value>
</defaultValue>
</outcomeDeclaration>
<outcomeDeclaration identifier="SCORE_RESPONSE_1" cardinality="single" baseType="float">
<defaultValue>
<value>0.0</value>
</defaultValue>
</outcomeDeclaration>
<outcomeDeclaration identifier="MINSCORE_RESPONSE_1" cardinality="single" baseType="float">
<defaultValue>
<value>0.0</value>
</defaultValue>
</outcomeDeclaration>
<itemBody>
<p>We bekijken een meervoudig lineair regressiemodel. Drie predictoren en alle tweewegsinteracties worden erin opgenomen. Hoeveel regressiecoëfficiënten worden er geschat in dit model? Let op: Tel het intercept niet mee.</p>
<choiceInteraction responseIdentifier="vufgb-multiplelinearregression-006-nl-qti_682314206_section_1_item_1_schoice_RESPONSE_1_1949983" shuffle="false" maxChoices="1">
<simpleChoice identifier="vufgb-multiplelinearregression-006-nl-qti_682314206_section_1_item_1_schoice_1_7749234453">
<p>
a. 3
</p>
</simpleChoice>
<simpleChoice identifier="vufgb-multiplelinearregression-006-nl-qti_682314206_section_1_item_1_schoice_2_1770963161">
<p>
b. 4
</p>
</simpleChoice>
<simpleChoice identifier="vufgb-multiplelinearregression-006-nl-qti_682314206_section_1_item_1_schoice_3_9625428046">
<p>
c. 5
</p>
</simpleChoice>
<simpleChoice identifier="vufgb-multiplelinearregression-006-nl-qti_682314206_section_1_item_1_schoice_4_3772791771">
<p>
d. 6
</p>
</simpleChoice>
</choiceInteraction>
</itemBody>
<responseProcessing>
<responseCondition>
<responseIf>
<isNull>
<variable identifier="vufgb-multiplelinearregression-006-nl-qti_682314206_section_1_item_1_schoice_RESPONSE_1_1949983"/>
</isNull>
<setOutcomeValue identifier="SCORE_RESPONSE_1">
<sum>
<variable identifier="SCORE_RESPONSE_1"/>
<baseValue baseType="float">0</baseValue>
</sum>
</setOutcomeValue>
</responseIf>
</responseCondition>
<setOutcomeValue identifier="SCORE_RESPONSE_1">
<sum>
<variable identifier="SCORE_RESPONSE_1"/>
<mapResponse identifier="vufgb-multiplelinearregression-006-nl-qti_682314206_section_1_item_1_schoice_RESPONSE_1_1949983"/>
</sum>
</setOutcomeValue>
<responseCondition>
<responseIf>
<lt>
<variable identifier="SCORE_RESPONSE_1"/>
<variable identifier="MINSCORE_RESPONSE_1"/>
</lt>
<setOutcomeValue identifier="SCORE_RESPONSE_1">
<variable identifier="MINSCORE_RESPONSE_1"/>
</setOutcomeValue>
</responseIf>
</responseCondition>
<setOutcomeValue identifier="SCORE">
<sum>
<variable identifier="SCORE_RESPONSE_1"/>
</sum>
</setOutcomeValue>
<responseCondition>
<responseIf>
<lt>
<variable identifier="SCORE"/>
<variable identifier="MINSCORE"/>
</lt>
<setOutcomeValue identifier="SCORE">
<variable identifier="MINSCORE"/>
</setOutcomeValue>
</responseIf>
</responseCondition>
<responseCondition>
<responseIf>
<lt>
<variable identifier="SCORE"/>
<baseValue baseType="float">1</baseValue>
</lt>
<setOutcomeValue identifier="FEEDBACKMODAL">
<multiple>
<variable identifier="FEEDBACKMODAL"/>
<baseValue baseType="identifier">Feedback872827970</baseValue>
</multiple>
</setOutcomeValue>
</responseIf>
</responseCondition>
</responseProcessing>
<modalFeedback identifier="Feedback872827970" outcomeIdentifier="FEEDBACKMODAL" showHide="show">
</modalFeedback>
</assessmentItem>
