<?xml version="1.0" encoding="UTF-8"?>
<assessmentItem xsi:schemaLocation="http://www.imsglobal.org/xsd/imsqti_v2p1 http://www.imsglobal.org/xsd/qti/qtiv2p1/imsqti_v2p1p1.xsd http://www.w3.org/1998/Math/MathML http://www.w3.org/Math/XMLSchema/mathml2/mathml2.xsd" identifier="vufgb-onewayrepeatedmeasuresanova-002-en-qti_539147016_section_1_item_1_schoice" title="1" adaptive="false" timeDependent="false" xmlns="http://www.imsglobal.org/xsd/imsqti_v2p1" xmlns:xsi="http://www.w3.org/2001/XMLSchema-instance">
<responseDeclaration identifier="vufgb-onewayrepeatedmeasuresanova-002-en-qti_539147016_section_1_item_1_schoice_RESPONSE_1_2793318" cardinality="single" baseType="identifier">
<correctResponse>
<value>vufgb-onewayrepeatedmeasuresanova-002-en-qti_539147016_section_1_item_1_schoice_2_7797126420</value>
</correctResponse>
<mapping defaultValue="0" lowerBound="0.0">
<mapEntry mapKey="vufgb-onewayrepeatedmeasuresanova-002-en-qti_539147016_section_1_item_1_schoice_1_1205589572" mappedValue="0"/>
<mapEntry mapKey="vufgb-onewayrepeatedmeasuresanova-002-en-qti_539147016_section_1_item_1_schoice_2_7797126420" mappedValue="1"/>
<mapEntry mapKey="vufgb-onewayrepeatedmeasuresanova-002-en-qti_539147016_section_1_item_1_schoice_3_1787025433" mappedValue="0"/>
<mapEntry mapKey="vufgb-onewayrepeatedmeasuresanova-002-en-qti_539147016_section_1_item_1_schoice_4_1601754406" mappedValue="0"/>
</mapping>
</responseDeclaration>
<outcomeDeclaration identifier="SCORE" cardinality="single" baseType="float" normalMaximum="1" normalMinimum="0">
<defaultValue>
<value>0.0</value>
</defaultValue>
</outcomeDeclaration>
<outcomeDeclaration identifier="MAXSCORE" cardinality="single" baseType="float">
<defaultValue>
<value>1</value>
</defaultValue>
</outcomeDeclaration>
<outcomeDeclaration identifier="FEEDBACKBASIC" cardinality="single" baseType="identifier" view="testConstructor">
<defaultValue>
<value>empty</value>
</defaultValue>
</outcomeDeclaration>
<outcomeDeclaration identifier="FEEDBACKMODAL" cardinality="multiple" baseType="identifier" view="testConstructor"/>
<outcomeDeclaration identifier="SOLUTIONMODAL" cardinality="single" baseType="identifier" view="testConstructor"/>
<outcomeDeclaration identifier="MINSCORE" cardinality="single" baseType="float">
<defaultValue>
<value baseType="float">0</value>
</defaultValue>
</outcomeDeclaration>
<outcomeDeclaration identifier="SCORE_RESPONSE_1" cardinality="single" baseType="float">
<defaultValue>
<value>0.0</value>
</defaultValue>
</outcomeDeclaration>
<outcomeDeclaration identifier="MINSCORE_RESPONSE_1" cardinality="single" baseType="float">
<defaultValue>
<value>0.0</value>
</defaultValue>
</outcomeDeclaration>
<itemBody>
<p>Ilayda wants to know if weakly gifted students who receive extra support within regular education have different cognitive development than weakly gifted students who do not receive extra support. She conducts a repeated measures ANOVA. What effect in the SPSS output should she look at to answer her question?</p>
<choiceInteraction responseIdentifier="vufgb-onewayrepeatedmeasuresanova-002-en-qti_539147016_section_1_item_1_schoice_RESPONSE_1_2793318" shuffle="false" maxChoices="1">
<simpleChoice identifier="vufgb-onewayrepeatedmeasuresanova-002-en-qti_539147016_section_1_item_1_schoice_1_1205589572">
<p>
 <em>Within-Subject</em> effect of “Time.”
</p>
</simpleChoice>
<simpleChoice identifier="vufgb-onewayrepeatedmeasuresanova-002-en-qti_539147016_section_1_item_1_schoice_2_7797126420">
<p>
 <em>Within-Subject</em> effect of “Time*Support.”
</p>
</simpleChoice>
<simpleChoice identifier="vufgb-onewayrepeatedmeasuresanova-002-en-qti_539147016_section_1_item_1_schoice_3_1787025433">
<p>
 <em>Within-Subject</em> effect of “Support”.
</p>
</simpleChoice>
<simpleChoice identifier="vufgb-onewayrepeatedmeasuresanova-002-en-qti_539147016_section_1_item_1_schoice_4_1601754406">
<p>
 <em>Between-Subject</em> effect of “Support”.
</p>
</simpleChoice>
</choiceInteraction>
</itemBody>
<responseProcessing>
<setOutcomeValue identifier="SCORE_RESPONSE_1">
<sum>
<variable identifier="SCORE_RESPONSE_1"/>
<mapResponse identifier="vufgb-onewayrepeatedmeasuresanova-002-en-qti_539147016_section_1_item_1_schoice_RESPONSE_1_2793318"/>
</sum>
</setOutcomeValue>
<responseCondition>
<responseIf>
<lt>
<variable identifier="SCORE_RESPONSE_1"/>
<variable identifier="MINSCORE_RESPONSE_1"/>
</lt>
<setOutcomeValue identifier="SCORE_RESPONSE_1">
<variable identifier="MINSCORE_RESPONSE_1"/>
</setOutcomeValue>
</responseIf>
</responseCondition>
<responseCondition>
<responseIf>
<isNull>
<variable identifier="vufgb-onewayrepeatedmeasuresanova-002-en-qti_539147016_section_1_item_1_schoice_RESPONSE_1_2793318"/>
</isNull>
<setOutcomeValue identifier="SCORE_RESPONSE_1">
<sum>
<variable identifier="SCORE_RESPONSE_1"/>
<baseValue baseType="float">0</baseValue>
</sum>
</setOutcomeValue>
</responseIf>
</responseCondition>
<setOutcomeValue identifier="SCORE">
<sum>
<variable identifier="SCORE_RESPONSE_1"/>
</sum>
</setOutcomeValue>
<responseCondition>
<responseIf>
<lt>
<variable identifier="SCORE"/>
<variable identifier="MINSCORE"/>
</lt>
<setOutcomeValue identifier="SCORE">
<variable identifier="MINSCORE"/>
</setOutcomeValue>
</responseIf>
</responseCondition>
<responseCondition>
<responseIf>
<lt>
<variable identifier="SCORE"/>
<baseValue baseType="float">1</baseValue>
</lt>
<setOutcomeValue identifier="FEEDBACKMODAL">
<multiple>
<variable identifier="FEEDBACKMODAL"/>
<baseValue baseType="identifier">Feedback656832312</baseValue>
</multiple>
</setOutcomeValue>
</responseIf>
</responseCondition>
</responseProcessing>
<modalFeedback identifier="Feedback656832312" outcomeIdentifier="FEEDBACKMODAL" showHide="show">
</modalFeedback>
</assessmentItem>
