<?xml version="1.0" encoding="utf-8" standalone="yes"?>
<assessmentItem identifier="uva-equation-1909-en-tv_202601131822_item_1_schoice" title="uva-equation-1909-en-tv_202601131822_item_1_schoice_uva-equation-1909-en" adaptive="false" timeDependent="false" toolName="Testvision Online" toolVersion="39.0.9084" xmlns="http://www.imsglobal.org/xsd/imsqti_v2p1">
<responseDeclaration identifier="RESPONSE" cardinality="single" baseType="identifier">
<correctResponse>
<value>alt_981232</value>
</correctResponse>
<mapping defaultValue="0" lowerBound="0.0">
<mapEntry mapKey="alt_290460" mappedValue="-0.5"/>
<mapEntry mapKey="alt_981232" mappedValue="1"/>
<mapEntry mapKey="alt_272649" mappedValue="-0.5"/>
</mapping>
</responseDeclaration>
<outcomeDeclaration identifier="SCORE" cardinality="single" baseType="float" normalMaximum="1" normalMinimum="0" />
<outcomeDeclaration identifier="FEEDBACK" cardinality="single" baseType="identifier" />
<stylesheet href="css/uva-equation-1909-en-tv_202601131822_item_1_schoice.css" type="text/css" />
<itemBody>
<p>We have a regression equation <math display="inline" xmlns="http://www.w3.org/1998/Math/MathML"><semantics><mrow><mover><mi>y</mi><mo accent="true">̂</mo></mover><mo>=</mo><mn>8</mn><mo>+</mo><mn>6</mn><msub><mi>x</mi><mn>1</mn></msub><mo>+</mo><mn>2</mn><msub><mi>x</mi><mn>2</mn></msub><mo>+</mo><mn>8</mn><msub><mi>x</mi><mn>3</mn></msub></mrow><annotation encoding="application/x-tex">\hat{y} = 8 + 6x_{1} + 2x_{2} + 8x_{3}</annotation></semantics></math> We check for <em>x</em><sub>1</sub> and <em>x</em><sub>3</sub>. What is the decrease in predicted <em>y</em> if we go from 4 to 2 for <em>x</em><sub>2</sub>?</p>
<choiceInteraction responseIdentifier="RESPONSE" shuffle="false" maxChoices="1">
<simpleChoice identifier="alt_290460">
<div class="textblock tvblock tvcss_1"><div class="rte_zone tveditor1">
 2
</div>
</div>
</simpleChoice>
<simpleChoice identifier="alt_981232">
<div class="textblock tvblock tvcss_1"><div class="rte_zone tveditor1">
 4
</div>
</div>
</simpleChoice>
<simpleChoice identifier="alt_272649">
<div class="textblock tvblock tvcss_1"><div class="rte_zone tveditor1">
 8
</div>
</div>
</simpleChoice>
</choiceInteraction>
</itemBody>
<responseProcessing>
<responseCondition>
<responseIf>
<isNull>
<variable identifier="RESPONSE"/>
</isNull>
<setOutcomeValue identifier="SCORE">
<baseValue baseType="float">0.0</baseValue>
</setOutcomeValue>
<setOutcomeValue identifier="FEEDBACK">
<baseValue baseType="identifier">FAILURE</baseValue>
</setOutcomeValue>
</responseIf>
<responseElse>
<setOutcomeValue identifier="SCORE">
<mapResponse identifier="RESPONSE"/>
</setOutcomeValue>
<responseCondition>
<responseIf>
<equal toleranceMode="relative" tolerance="0.001">
<variable identifier="SCORE"/>
<variable identifier="MAXSCORE"/>
</equal>
<setOutcomeValue identifier="FEEDBACK">
<baseValue baseType="identifier">ANSWER_CORRECT</baseValue>
</setOutcomeValue>
</responseIf>
<responseElse>
<setOutcomeValue identifier="FEEDBACK">
<baseValue baseType="identifier">FAILURE</baseValue>
</setOutcomeValue>
</responseElse>
</responseCondition>
</responseElse>
</responseCondition>
</responseProcessing>
<modalFeedback identifier="FAILURE" outcomeIdentifier="FEEDBACK" showHide="show">
<div class="textblock tvblock tvcss_1"><div class="rte_zone tveditor1">
<ul>
<li> 2 <br /> 2: Incorrect </li>
<li> 4 <br /> 4: Correct </li>
<li> 8 <br /> 8: Incorrect </li>
</ul>
</div>
</div>
</modalFeedback>
<modalFeedback identifier="ANSWER_CORRECT" outcomeIdentifier="FEEDBACK" showHide="show">
<div class="textblock tvblock tvcss_1"><div class="rte_zone tveditor1">
<ul>
<li> 2 <br /> 2: Incorrect </li>
<li> 4 <br /> 4: Correct </li>
<li> 8 <br /> 8: Incorrect </li>
</ul>
</div>
</div>
</modalFeedback>
<modalFeedback identifier="PARTIAL_CORRECT" outcomeIdentifier="FEEDBACK" showHide="show">
<div class="textblock tvblock tvcss_1"><div class="rte_zone tveditor1">
<ul>
<li> 2 <br /> 2: Incorrect </li>
<li> 4 <br /> 4: Correct </li>
<li> 8 <br /> 8: Incorrect </li>
</ul>
</div>
</div>
</modalFeedback>
</assessmentItem>
