<?xml version="1.0" encoding="utf-8" standalone="yes"?>
<assessmentItem identifier="vufgb-oddsratio-001-en-tv_202510071723_item_1_schoice" title="vufgb-oddsratio-001-en-tv_202510071723_item_1_schoice_vufgb-oddsratio-001-EN" adaptive="false" timeDependent="false" toolName="Testvision Online" toolVersion="39.0.9084" xmlns="http://www.imsglobal.org/xsd/imsqti_v2p1">
<responseDeclaration identifier="RESPONSE" cardinality="single" baseType="identifier">
<correctResponse>
<value>alt_992534</value>
</correctResponse>
<mapping defaultValue="0" lowerBound="0.0">
<mapEntry mapKey="alt_992534" mappedValue="1"/>
<mapEntry mapKey="alt_965733" mappedValue="-0.333333333333333"/>
<mapEntry mapKey="alt_868598" mappedValue="-0.333333333333333"/>
<mapEntry mapKey="alt_875812" mappedValue="-0.333333333333333"/>
</mapping>
</responseDeclaration>
<outcomeDeclaration identifier="SCORE" cardinality="single" baseType="float" normalMaximum="1" normalMinimum="0" />
<outcomeDeclaration identifier="FEEDBACK" cardinality="single" baseType="identifier" />
<stylesheet href="css/vufgb-oddsratio-001-en-tv_202510071723_item_1_schoice.css" type="text/css" />
<itemBody>
<p>We consider a binary logistic regression analysis. The results show that <em>b</em> = 0.75 with 95% confidence interval of (0.20; 1.30). Calculate the point estimate and 95% confidence interval of the <em>odds ratio</em> (OR).</p>
<choiceInteraction responseIdentifier="RESPONSE" shuffle="false" maxChoices="1">
<simpleChoice identifier="alt_992534">
<div class="textblock tvblock tvcss_1"><div class="rte_zone tveditor1">
 OR = 2.12 with 95% BI of (1.22; 3.67).
</div>
</div>
</simpleChoice>
<simpleChoice identifier="alt_965733">
<div class="textblock tvblock tvcss_1"><div class="rte_zone tveditor1">
 OR = -0.29 with 95% BI of (-1.61; 0.26).
</div>
</div>
</simpleChoice>
<simpleChoice identifier="alt_868598">
<div class="textblock tvblock tvcss_1"><div class="rte_zone tveditor1">
 OR = 3.00 with 95% BI of (0.25; 3.75).
</div>
</div>
</simpleChoice>
<simpleChoice identifier="alt_875812">
<div class="textblock tvblock tvcss_1"><div class="rte_zone tveditor1">
 OR = -0.12 with 95% BI of (-0.70; 0.11).
</div>
</div>
</simpleChoice>
</choiceInteraction>
</itemBody>
<responseProcessing>
<responseCondition>
<responseIf>
<isNull>
<variable identifier="RESPONSE"/>
</isNull>
<setOutcomeValue identifier="SCORE">
<baseValue baseType="float">0.0</baseValue>
</setOutcomeValue>
<setOutcomeValue identifier="FEEDBACK">
<baseValue baseType="identifier">FAILURE</baseValue>
</setOutcomeValue>
</responseIf>
<responseElse>
<setOutcomeValue identifier="SCORE">
<mapResponse identifier="RESPONSE"/>
</setOutcomeValue>
<responseCondition>
<responseIf>
<equal toleranceMode="relative" tolerance="0.001">
<variable identifier="SCORE"/>
<variable identifier="MAXSCORE"/>
</equal>
<setOutcomeValue identifier="FEEDBACK">
<baseValue baseType="identifier">ANSWER_CORRECT</baseValue>
</setOutcomeValue>
</responseIf>
<responseElse>
<setOutcomeValue identifier="FEEDBACK">
<baseValue baseType="identifier">FAILURE</baseValue>
</setOutcomeValue>
</responseElse>
</responseCondition>
</responseElse>
</responseCondition>
</responseProcessing>
<modalFeedback identifier="FAILURE" outcomeIdentifier="FEEDBACK" showHide="show">
<div class="textblock tvblock tvcss_1"><div class="rte_zone tveditor1">
</div>
</div>
</modalFeedback>
<modalFeedback identifier="ANSWER_CORRECT" outcomeIdentifier="FEEDBACK" showHide="show">
<div class="textblock tvblock tvcss_1"><div class="rte_zone tveditor1">
</div>
</div>
</modalFeedback>
<modalFeedback identifier="PARTIAL_CORRECT" outcomeIdentifier="FEEDBACK" showHide="show">
<div class="textblock tvblock tvcss_1"><div class="rte_zone tveditor1">
</div>
</div>
</modalFeedback>
</assessmentItem>
