<?xml version="1.0" encoding="utf-8" standalone="yes"?>
<assessmentItem identifier="uu-Standard-error-of-the-estimate-801-en-tv_202510071723_item_1_schoice" title="uu-Standard-error-of-the-estimate-801-en-tv_202510071723_item_1_schoice_uu-Standard-error-of-the-estimate-801-en" adaptive="false" timeDependent="false" toolName="Testvision Online" toolVersion="39.0.9084" xmlns="http://www.imsglobal.org/xsd/imsqti_v2p1">
<responseDeclaration identifier="RESPONSE" cardinality="single" baseType="identifier">
<correctResponse>
<value>alt_488309</value>
</correctResponse>
<mapping defaultValue="0" lowerBound="0.0">
<mapEntry mapKey="alt_488309" mappedValue="1"/>
<mapEntry mapKey="alt_423510" mappedValue="-0.333333333333333"/>
<mapEntry mapKey="alt_921546" mappedValue="-0.333333333333333"/>
<mapEntry mapKey="alt_457339" mappedValue="-0.333333333333333"/>
</mapping>
</responseDeclaration>
<outcomeDeclaration identifier="SCORE" cardinality="single" baseType="float" normalMaximum="1" normalMinimum="0" />
<outcomeDeclaration identifier="FEEDBACK" cardinality="single" baseType="identifier" />
<stylesheet href="css/uu-Standard-error-of-the-estimate-801-en-tv_202510071723_item_1_schoice.css" type="text/css" />
<itemBody>
<p>A psychologist attached to a prison is interested in the relationship between crime and intelligence. A crime index (between 0 and 50) is formulated that takes into account the severity and frequency of crimes committed. Intelligence is measured with a standardized IQ test. Eighteen convicted juveniles participate in this study. SPSS was used to describe the relationship between the two variables. Part of the SPSS output is shown below.</p>
<p><img src="mediafiles/supplements1/uu-Standard-error-of-the-estimate-801-nl-tabel.JPG" alt="image"/></p>
<p>What is the value of the regression coefficient standard error (invisible in the table) for IQ?</p>
<choiceInteraction responseIdentifier="RESPONSE" shuffle="false" maxChoices="1">
<simpleChoice identifier="alt_488309">
<div class="textblock tvblock tvcss_1"><div class="rte_zone tveditor1">
 0.091
</div>
</div>
</simpleChoice>
<simpleChoice identifier="alt_423510">
<div class="textblock tvblock tvcss_1"><div class="rte_zone tveditor1">
 0.592
</div>
</div>
</simpleChoice>
<simpleChoice identifier="alt_921546">
<div class="textblock tvblock tvcss_1"><div class="rte_zone tveditor1">
 2.369
</div>
</div>
</simpleChoice>
<simpleChoice identifier="alt_457339">
<div class="textblock tvblock tvcss_1"><div class="rte_zone tveditor1">
 10.96
</div>
</div>
</simpleChoice>
</choiceInteraction>
</itemBody>
<responseProcessing>
<responseCondition>
<responseIf>
<isNull>
<variable identifier="RESPONSE"/>
</isNull>
<setOutcomeValue identifier="SCORE">
<baseValue baseType="float">0.0</baseValue>
</setOutcomeValue>
<setOutcomeValue identifier="FEEDBACK">
<baseValue baseType="identifier">FAILURE</baseValue>
</setOutcomeValue>
</responseIf>
<responseElse>
<setOutcomeValue identifier="SCORE">
<mapResponse identifier="RESPONSE"/>
</setOutcomeValue>
<responseCondition>
<responseIf>
<equal toleranceMode="relative" tolerance="0.001">
<variable identifier="SCORE"/>
<variable identifier="MAXSCORE"/>
</equal>
<setOutcomeValue identifier="FEEDBACK">
<baseValue baseType="identifier">ANSWER_CORRECT</baseValue>
</setOutcomeValue>
</responseIf>
<responseElse>
<setOutcomeValue identifier="FEEDBACK">
<baseValue baseType="identifier">FAILURE</baseValue>
</setOutcomeValue>
</responseElse>
</responseCondition>
</responseElse>
</responseCondition>
</responseProcessing>
<modalFeedback identifier="FAILURE" outcomeIdentifier="FEEDBACK" showHide="show">
<div class="textblock tvblock tvcss_1"><div class="rte_zone tveditor1">
<ul>
<li> 0.091 <br /> This answer is correct. </li>
<li> 0.592 <br /> This answer is incorrect. </li>
<li> 2.369 <br /> This answer is incorrect. </li>
<li> 10.96 <br /> This answer is incorrect. </li>
</ul>
</div>
</div>
</modalFeedback>
<modalFeedback identifier="ANSWER_CORRECT" outcomeIdentifier="FEEDBACK" showHide="show">
<div class="textblock tvblock tvcss_1"><div class="rte_zone tveditor1">
<ul>
<li> 0.091 <br /> This answer is correct. </li>
<li> 0.592 <br /> This answer is incorrect. </li>
<li> 2.369 <br /> This answer is incorrect. </li>
<li> 10.96 <br /> This answer is incorrect. </li>
</ul>
</div>
</div>
</modalFeedback>
<modalFeedback identifier="PARTIAL_CORRECT" outcomeIdentifier="FEEDBACK" showHide="show">
<div class="textblock tvblock tvcss_1"><div class="rte_zone tveditor1">
<ul>
<li> 0.091 <br /> This answer is correct. </li>
<li> 0.592 <br /> This answer is incorrect. </li>
<li> 2.369 <br /> This answer is incorrect. </li>
<li> 10.96 <br /> This answer is incorrect. </li>
</ul>
</div>
</div>
</modalFeedback>
</assessmentItem>
