<?xml version="1.0" encoding="UTF-8"?>
<assessmentItem xsi:schemaLocation="http://www.imsglobal.org/xsd/imsqti_v2p1 http://www.imsglobal.org/xsd/qti/qtiv2p1/imsqti_v2p1p1.xsd http://www.w3.org/1998/Math/MathML http://www.w3.org/Math/XMLSchema/mathml2/mathml2.xsd" identifier="uva-paired-samples-1816-nl-ans_651002072_section_1_item_1_schoice" title="Inferential_Statistics_uva-paired-samples-1816-nl_uva-paired-samples-1816-nl_schoice_1" adaptive="false" timeDependent="false" xmlns="http://www.imsglobal.org/xsd/imsqti_v2p1" xmlns:xsi="http://www.w3.org/2001/XMLSchema-instance">
<responseDeclaration identifier="uva-paired-samples-1816-nl-ans_651002072_section_1_item_1_schoice_RESPONSE_1_1765149" cardinality="single" baseType="identifier">
<correctResponse>
<value>uva-paired-samples-1816-nl-ans_651002072_section_1_item_1_schoice_1_8535789731</value>
</correctResponse>
<mapping defaultValue="0" lowerBound="0.0">
<mapEntry mapKey="uva-paired-samples-1816-nl-ans_651002072_section_1_item_1_schoice_1_8535789731" mappedValue="1"/>
<mapEntry mapKey="uva-paired-samples-1816-nl-ans_651002072_section_1_item_1_schoice_2_7997658222" mappedValue="0"/>
<mapEntry mapKey="uva-paired-samples-1816-nl-ans_651002072_section_1_item_1_schoice_3_8107614696" mappedValue="0"/>
<mapEntry mapKey="uva-paired-samples-1816-nl-ans_651002072_section_1_item_1_schoice_4_8055145132" mappedValue="0"/>
</mapping>
</responseDeclaration>
<outcomeDeclaration identifier="SCORE" cardinality="single" baseType="float" normalMaximum="1" normalMinimum="0">
<defaultValue>
<value>0.0</value>
</defaultValue>
</outcomeDeclaration>
<outcomeDeclaration identifier="MAXSCORE" cardinality="single" baseType="float">
<defaultValue>
<value>1</value>
</defaultValue>
</outcomeDeclaration>
<outcomeDeclaration identifier="FEEDBACKBASIC" cardinality="single" baseType="identifier" view="testConstructor">
<defaultValue>
<value>empty</value>
</defaultValue>
</outcomeDeclaration>
<outcomeDeclaration identifier="FEEDBACKMODAL" cardinality="multiple" baseType="identifier" view="testConstructor"/>
<outcomeDeclaration identifier="SOLUTIONMODAL" cardinality="single" baseType="identifier" view="testConstructor"/>
<outcomeDeclaration identifier="MINSCORE" cardinality="single" baseType="float">
<defaultValue>
<value baseType="float">0</value>
</defaultValue>
</outcomeDeclaration>
<outcomeDeclaration identifier="SCORE_RESPONSE_1" cardinality="single" baseType="float">
<defaultValue>
<value>0.0</value>
</defaultValue>
</outcomeDeclaration>
<outcomeDeclaration identifier="MINSCORE_RESPONSE_1" cardinality="single" baseType="float">
<defaultValue>
<value>0.0</value>
</defaultValue>
</outcomeDeclaration>
<itemBody>
<p>Van 9 proefpersonen wordt voor en na een bepaalde krachtsinspanning de
hartslag gemeten. We willen toetsen of de gemiddelde hartslag voor en na
de inspanning gelijk is. Van de 9 verschillen tussen voor- en nameting
is het gemiddelde 18 en de standaarddeviatie 32. De waarde van de
toetsingsgrootheid van de gepaarde T-toets is dan</p>
<choiceInteraction responseIdentifier="uva-paired-samples-1816-nl-ans_651002072_section_1_item_1_schoice_RESPONSE_1_1765149" shuffle="false" maxChoices="1">
<simpleChoice identifier="uva-paired-samples-1816-nl-ans_651002072_section_1_item_1_schoice_1_8535789731">
<p>
 1.69
</p>
</simpleChoice>
<simpleChoice identifier="uva-paired-samples-1816-nl-ans_651002072_section_1_item_1_schoice_2_7997658222">
<p>
 2.13
</p>
</simpleChoice>
<simpleChoice identifier="uva-paired-samples-1816-nl-ans_651002072_section_1_item_1_schoice_3_8107614696">
<p>
 3.15
</p>
</simpleChoice>
<simpleChoice identifier="uva-paired-samples-1816-nl-ans_651002072_section_1_item_1_schoice_4_8055145132">
<p>
 3.48
</p>
</simpleChoice>
</choiceInteraction>
</itemBody>
<responseProcessing>
<setOutcomeValue identifier="SCORE_RESPONSE_1">
<sum>
<variable identifier="SCORE_RESPONSE_1"/>
<mapResponse identifier="uva-paired-samples-1816-nl-ans_651002072_section_1_item_1_schoice_RESPONSE_1_1765149"/>
</sum>
</setOutcomeValue>
<responseCondition>
<responseIf>
<lt>
<variable identifier="SCORE_RESPONSE_1"/>
<variable identifier="MINSCORE_RESPONSE_1"/>
</lt>
<setOutcomeValue identifier="SCORE_RESPONSE_1">
<variable identifier="MINSCORE_RESPONSE_1"/>
</setOutcomeValue>
</responseIf>
</responseCondition>
<responseCondition>
<responseIf>
<isNull>
<variable identifier="uva-paired-samples-1816-nl-ans_651002072_section_1_item_1_schoice_RESPONSE_1_1765149"/>
</isNull>
<setOutcomeValue identifier="SCORE_RESPONSE_1">
<sum>
<variable identifier="SCORE_RESPONSE_1"/>
<baseValue baseType="float">0</baseValue>
</sum>
</setOutcomeValue>
</responseIf>
</responseCondition>
<setOutcomeValue identifier="SCORE">
<sum>
<variable identifier="SCORE_RESPONSE_1"/>
</sum>
</setOutcomeValue>
<responseCondition>
<responseIf>
<lt>
<variable identifier="SCORE"/>
<variable identifier="MINSCORE"/>
</lt>
<setOutcomeValue identifier="SCORE">
<variable identifier="MINSCORE"/>
</setOutcomeValue>
</responseIf>
</responseCondition>
<responseCondition>
<responseIf>
<lt>
<variable identifier="SCORE"/>
<baseValue baseType="float">1</baseValue>
</lt>
<setOutcomeValue identifier="FEEDBACKMODAL">
<multiple>
<variable identifier="FEEDBACKMODAL"/>
<baseValue baseType="identifier">Feedback878810710</baseValue>
</multiple>
</setOutcomeValue>
</responseIf>
</responseCondition>
</responseProcessing>
<modalFeedback outcomeIdentifier="FEEDBACK" showHide="show" identifier="incorrect">
<ul>
<li> 1.69 <br /> 1.69: Correct </li>
<li> 2.13 <br /> 2.13: Incorrect </li>
<li> 3.15 <br /> 3.15: Incorrect </li>
<li> 3.48 <br /> 3.48: Incorrect </li>
</ul>
</modalFeedback>
</assessmentItem>
