<?xml version="1.0" encoding="UTF-8"?>
<assessmentItem xsi:schemaLocation="http://www.imsglobal.org/xsd/imsqti_v2p1 http://www.imsglobal.org/xsd/qti/qtiv2p1/imsqti_v2p1p1.xsd http://www.w3.org/1998/Math/MathML http://www.w3.org/Math/XMLSchema/mathml2/mathml2.xsd" identifier="uva-inferential-statistics-151-nl-ans_731352298_section_1_item_1_schoice" title="Inferential_Statistics_uva-inferential-statistics-151-nl_uva-inferential-statistics-151-nl_schoice_1" adaptive="false" timeDependent="false" xmlns="http://www.imsglobal.org/xsd/imsqti_v2p1" xmlns:xsi="http://www.w3.org/2001/XMLSchema-instance">
<responseDeclaration identifier="uva-inferential-statistics-151-nl-ans_731352298_section_1_item_1_schoice_RESPONSE_1_7769387" cardinality="single" baseType="identifier">
<correctResponse>
<value>uva-inferential-statistics-151-nl-ans_731352298_section_1_item_1_schoice_3_6997355870</value>
</correctResponse>
<mapping defaultValue="0" lowerBound="0.0">
<mapEntry mapKey="uva-inferential-statistics-151-nl-ans_731352298_section_1_item_1_schoice_1_5913335233" mappedValue="0"/>
<mapEntry mapKey="uva-inferential-statistics-151-nl-ans_731352298_section_1_item_1_schoice_2_6759217535" mappedValue="0"/>
<mapEntry mapKey="uva-inferential-statistics-151-nl-ans_731352298_section_1_item_1_schoice_3_6997355870" mappedValue="1"/>
</mapping>
</responseDeclaration>
<outcomeDeclaration identifier="SCORE" cardinality="single" baseType="float" normalMaximum="1" normalMinimum="0">
<defaultValue>
<value>0.0</value>
</defaultValue>
</outcomeDeclaration>
<outcomeDeclaration identifier="MAXSCORE" cardinality="single" baseType="float">
<defaultValue>
<value>1</value>
</defaultValue>
</outcomeDeclaration>
<outcomeDeclaration identifier="FEEDBACKBASIC" cardinality="single" baseType="identifier" view="testConstructor">
<defaultValue>
<value>empty</value>
</defaultValue>
</outcomeDeclaration>
<outcomeDeclaration identifier="FEEDBACKMODAL" cardinality="multiple" baseType="identifier" view="testConstructor"/>
<outcomeDeclaration identifier="SOLUTIONMODAL" cardinality="single" baseType="identifier" view="testConstructor"/>
<outcomeDeclaration identifier="MINSCORE" cardinality="single" baseType="float">
<defaultValue>
<value baseType="float">0</value>
</defaultValue>
</outcomeDeclaration>
<outcomeDeclaration identifier="SCORE_RESPONSE_1" cardinality="single" baseType="float">
<defaultValue>
<value>0.0</value>
</defaultValue>
</outcomeDeclaration>
<outcomeDeclaration identifier="MINSCORE_RESPONSE_1" cardinality="single" baseType="float">
<defaultValue>
<value>0.0</value>
</defaultValue>
</outcomeDeclaration>
<itemBody>
<p>Op basis van de resultaten in een <em>random sample</em> van honderd personen
schat men dat het Nederlandse volk rond de jaarwisseling ongeveer
300.000 flessen champagne zal ontkurken. Dit is een voorbeeld van</p>
<choiceInteraction responseIdentifier="uva-inferential-statistics-151-nl-ans_731352298_section_1_item_1_schoice_RESPONSE_1_7769387" shuffle="false" maxChoices="1">
<simpleChoice identifier="uva-inferential-statistics-151-nl-ans_731352298_section_1_item_1_schoice_1_5913335233">
<p>
 clustering.
</p>
</simpleChoice>
<simpleChoice identifier="uva-inferential-statistics-151-nl-ans_731352298_section_1_item_1_schoice_2_6759217535">
<p>
 description.
</p>
</simpleChoice>
<simpleChoice identifier="uva-inferential-statistics-151-nl-ans_731352298_section_1_item_1_schoice_3_6997355870">
<p>
 inference.
</p>
</simpleChoice>
</choiceInteraction>
</itemBody>
<responseProcessing>
<setOutcomeValue identifier="SCORE_RESPONSE_1">
<sum>
<variable identifier="SCORE_RESPONSE_1"/>
<mapResponse identifier="uva-inferential-statistics-151-nl-ans_731352298_section_1_item_1_schoice_RESPONSE_1_7769387"/>
</sum>
</setOutcomeValue>
<responseCondition>
<responseIf>
<lt>
<variable identifier="SCORE_RESPONSE_1"/>
<variable identifier="MINSCORE_RESPONSE_1"/>
</lt>
<setOutcomeValue identifier="SCORE_RESPONSE_1">
<variable identifier="MINSCORE_RESPONSE_1"/>
</setOutcomeValue>
</responseIf>
</responseCondition>
<responseCondition>
<responseIf>
<isNull>
<variable identifier="uva-inferential-statistics-151-nl-ans_731352298_section_1_item_1_schoice_RESPONSE_1_7769387"/>
</isNull>
<setOutcomeValue identifier="SCORE_RESPONSE_1">
<sum>
<variable identifier="SCORE_RESPONSE_1"/>
<baseValue baseType="float">0</baseValue>
</sum>
</setOutcomeValue>
</responseIf>
</responseCondition>
<setOutcomeValue identifier="SCORE">
<sum>
<variable identifier="SCORE_RESPONSE_1"/>
</sum>
</setOutcomeValue>
<responseCondition>
<responseIf>
<lt>
<variable identifier="SCORE"/>
<variable identifier="MINSCORE"/>
</lt>
<setOutcomeValue identifier="SCORE">
<variable identifier="MINSCORE"/>
</setOutcomeValue>
</responseIf>
</responseCondition>
<responseCondition>
<responseIf>
<lt>
<variable identifier="SCORE"/>
<baseValue baseType="float">1</baseValue>
</lt>
<setOutcomeValue identifier="FEEDBACKMODAL">
<multiple>
<variable identifier="FEEDBACKMODAL"/>
<baseValue baseType="identifier">Feedback688676084</baseValue>
</multiple>
</setOutcomeValue>
</responseIf>
</responseCondition>
</responseProcessing>
<modalFeedback outcomeIdentifier="FEEDBACK" showHide="show" identifier="incorrect">
<ul>
<li> clustering. <br /> clustering.: Incorrect </li>
<li> description. <br /> description.: Incorrect </li>
<li> inference. <br /> inference.: Correct </li>
</ul>
</modalFeedback>
</assessmentItem>
