<?xml version="1.0" encoding="UTF-8"?>
<!DOCTYPE questestinterop SYSTEM "ims_qtiasiv1p2p1.dtd">

<questestinterop xmlns="http://www.imsglobal.org/xsd/ims_qtiasiv1p2" xmlns:xsi="http://www.w3.org/2001/XMLSchema-instance" xsi:schemaLocation="http://www.imsglobal.org/xsd/ims_qtiasiv1p2 http://www.imsglobal.org/xsd/ims_qtiasiv1p2p1.xsd">
<assessment ident="uva-summary-statistics-1192-nl-canvas_164908915" title="uva-summary-statistics-1192-nl-canvas">

<qtimetadata>
<qtimetadatafield>
<fieldlabel>cc_maxattempts</fieldlabel>
<fieldentry>1</fieldentry>
</qtimetadatafield>
<qtimetadatafield>
<fieldlabel>qmd_assessmenttype</fieldlabel>
<fieldentry>Assessment</fieldentry>
</qtimetadatafield>
</qtimetadata>
<objectives>
<material>
<mattext><![CDATA[Please solve the following exercises.]]></mattext>
</material>
</objectives>
<assessmentcontrol feedbackswitch="No" hintswitch="No" solutionswitch="Yes"/>
<outcomes_processing scoremodel="SumOfScores">
<outcomes>
<decvar varname="SCORE" vartype="Decimal" cutvalue="0"/>
</outcomes>
</outcomes_processing>
<assessfeedback title="AssessmentFeedback" ident="AssessmentFeedback">
<flow_mat>
<material>
<mattext>##AssessmentFeedback##</mattext>
</material>
</flow_mat>
</assessfeedback>

<section ident="uva-summary-statistics-1192-nl-canvas_164908915_section_1" title="Exercise">

<objectives>
<material>
<mattext><![CDATA[Please answer the following question.]]></mattext>
</material>
</objectives>
<selection_ordering>
<selection>
<selection_number>1</selection_number>
<selection_extension>
<points_per_item>1</points_per_item>
</selection_extension>
</selection>
<order order_type="Random"/>
</selection_ordering>

<item ident="uva-summary-statistics-1192-nl-canvas_164908915_section_1_item_1_schoice" title="Question" maxattempts="1">
<itemcontrol feedbackswitch="No" hintswitch="No" solutionswitch="Yes"/>
<itemmetadata>
<qtimetadata>
<qtimetadatafield>
<fieldlabel>question_type</fieldlabel>
<fieldentry>multiple_choice_question</fieldentry>
</qtimetadatafield>
</qtimetadata>
</itemmetadata>
<presentation>
<flow>
<material>
<matbreak/>
<mattext texttype="text/html" charset="utf-8"><![CDATA[
<p>Volgens de Wereldbank had ongeveer 45% van alle mensen op het platteland
in China in 1990 minder dan € 1 per dag te besteden. Stel dat je
herhaaldelijk een steekproef neemt bij 100 Chinezen op het platteland en
je telt het aantal mensen dat die dag minder dan € 1 te besteden had.
Wat is dan het gemiddelde en de standaardafwijking van deze verdeling?</p>
]]></mattext>
<matbreak/>
</material>
<response_lid ident="uva-summary-statistics-1192-nl-canvas_164908915_section_1_item_1_schoice_RESPONSE_3402771" rcardinality="Single" rtiming="No">
<render_choice shuffle="No">
<flow_label class="List">
<response_label ident="uva-summary-statistics-1192-nl-canvas_164908915_section_1_item_1_schoice_1105017261" rshuffle="No">
<material>
<mattext texttype="text/html" charset="utf-8"><![CDATA[
 gemiddelde 0,45, standaardafwijking 0,2475
]]></mattext>
</material>
</response_label>
</flow_label>
<flow_label class="List">
<response_label ident="uva-summary-statistics-1192-nl-canvas_164908915_section_1_item_1_schoice_1541792447" rshuffle="No">
<material>
<mattext texttype="text/html" charset="utf-8"><![CDATA[
 gemiddelde 45, standaardafwijking 0,2475
]]></mattext>
</material>
</response_label>
</flow_label>
<flow_label class="List">
<response_label ident="uva-summary-statistics-1192-nl-canvas_164908915_section_1_item_1_schoice_7109178066" rshuffle="No">
<material>
<mattext texttype="text/html" charset="utf-8"><![CDATA[
 gemiddelde 45, standaardafwijking 0,4975
]]></mattext>
</material>
</response_label>
</flow_label>
<flow_label class="List">
<response_label ident="uva-summary-statistics-1192-nl-canvas_164908915_section_1_item_1_schoice_6071907852" rshuffle="No">
<material>
<mattext texttype="text/html" charset="utf-8"><![CDATA[
 gemiddelde 45, standaardafwijking 4,975
]]></mattext>
</material>
</response_label>
</flow_label>
<flow_label class="List">
<response_label ident="uva-summary-statistics-1192-nl-canvas_164908915_section_1_item_1_schoice_1218329782" rshuffle="No">
<material>
<mattext texttype="text/html" charset="utf-8"><![CDATA[
 gemiddelde 45, standaardafwijking 24,75
]]></mattext>
</material>
</response_label>
</flow_label>
</render_choice>
</response_lid>
</flow>
</presentation>
<resprocessing>
<outcomes>
<decvar varname="SCORE" vartype="Decimal" defaultval="0" minvalue="0" maxvalue="1" cutvalue="1"/>
</outcomes>
<respcondition title="Mastery" continue="No">
<conditionvar>
<and>
<varequal respident="uva-summary-statistics-1192-nl-canvas_164908915_section_1_item_1_schoice_RESPONSE_3402771" case="Yes">uva-summary-statistics-1192-nl-canvas_164908915_section_1_item_1_schoice_6071907852</varequal>
<not> <varequal respident="uva-summary-statistics-1192-nl-canvas_164908915_section_1_item_1_schoice_RESPONSE_3402771" case="Yes">uva-summary-statistics-1192-nl-canvas_164908915_section_1_item_1_schoice_1105017261</varequal> </not>
<not> <varequal respident="uva-summary-statistics-1192-nl-canvas_164908915_section_1_item_1_schoice_RESPONSE_3402771" case="Yes">uva-summary-statistics-1192-nl-canvas_164908915_section_1_item_1_schoice_1541792447</varequal> </not>
<not> <varequal respident="uva-summary-statistics-1192-nl-canvas_164908915_section_1_item_1_schoice_RESPONSE_3402771" case="Yes">uva-summary-statistics-1192-nl-canvas_164908915_section_1_item_1_schoice_7109178066</varequal> </not>
<not> <varequal respident="uva-summary-statistics-1192-nl-canvas_164908915_section_1_item_1_schoice_RESPONSE_3402771" case="Yes">uva-summary-statistics-1192-nl-canvas_164908915_section_1_item_1_schoice_1218329782</varequal> </not>
</and>
</conditionvar>
<setvar varname="SCORE" action="Set">1</setvar>
<displayfeedback feedbacktype="Response" linkrefid="correct_fb"/>
</respcondition>
<respcondition continue="Yes">
<conditionvar>
<other/>
</conditionvar>
<displayfeedback feedbacktype="Response" linkrefid="general_incorrect_fb"/>
</respcondition>
</resprocessing>
<itemfeedback ident="correct_fb" view="All">
<flow_mat>
<material>
<mattext texttype="text/html"><![CDATA[
<ul>
<li> gemiddelde 0,45, standaardafwijking 0,2475 <br /> gemiddelde 0,45, standaardafwijking 0,2475: Incorrect </li>
<li> gemiddelde 45, standaardafwijking 0,2475 <br /> gemiddelde 45, standaardafwijking 0,2475: Incorrect </li>
<li> gemiddelde 45, standaardafwijking 0,4975 <br /> gemiddelde 45, standaardafwijking 0,4975: Incorrect </li>
<li> gemiddelde 45, standaardafwijking 4,975 <br /> gemiddelde 45, standaardafwijking 4,975: Correct </li>
<li> gemiddelde 45, standaardafwijking 24,75 <br /> gemiddelde 45, standaardafwijking 24,75: Incorrect </li>
</ul>
]]></mattext>
</material>
</flow_mat>
</itemfeedback>
<itemfeedback ident="general_incorrect_fb" view="All">
<flow_mat>
<material>
<mattext texttype="text/html"><![CDATA[
<ul>
<li> gemiddelde 0,45, standaardafwijking 0,2475 <br /> gemiddelde 0,45, standaardafwijking 0,2475: Incorrect </li>
<li> gemiddelde 45, standaardafwijking 0,2475 <br /> gemiddelde 45, standaardafwijking 0,2475: Incorrect </li>
<li> gemiddelde 45, standaardafwijking 0,4975 <br /> gemiddelde 45, standaardafwijking 0,4975: Incorrect </li>
<li> gemiddelde 45, standaardafwijking 4,975 <br /> gemiddelde 45, standaardafwijking 4,975: Correct </li>
<li> gemiddelde 45, standaardafwijking 24,75 <br /> gemiddelde 45, standaardafwijking 24,75: Incorrect </li>
</ul>
]]></mattext>
</material>
</flow_mat>
</itemfeedback>
</item>


</section>

</assessment>
</questestinterop>
