<?xml version="1.0" encoding="utf-8" standalone="yes"?>
<assessmentItem identifier="vufgb-sumofsquares-014-nl-tv_202209061510_item_1_schoice" title="vufgb-sumofsquares-014-nl-tv_202209061510_item_1_schoice_vufgb-sumofsquares-014-nl" adaptive="false" timeDependent="false" toolName="Testvision Online" toolVersion="39.0.9084" xmlns="http://www.imsglobal.org/xsd/imsqti_v2p1">
<responseDeclaration identifier="RESPONSE" cardinality="single" baseType="identifier">
<correctResponse>
<value>alt_193968</value>
</correctResponse>
<mapping defaultValue="0" lowerBound="0.0">
<mapEntry mapKey="alt_745983" mappedValue="-0.333333333333333"/>
<mapEntry mapKey="alt_920890" mappedValue="-0.333333333333333"/>
<mapEntry mapKey="alt_413364" mappedValue="-0.333333333333333"/>
<mapEntry mapKey="alt_193968" mappedValue="1"/>
</mapping>
</responseDeclaration>
<outcomeDeclaration identifier="SCORE" cardinality="single" baseType="float" normalMaximum="1" normalMinimum="0" />
<outcomeDeclaration identifier="FEEDBACK" cardinality="single" baseType="identifier" />
<itemBody>
<p>Wanneer is bij enkelvoudige regressie de ‘conditional distribution’ gelijk aan de ‘marginal distribution’?</p>
<p>Vul aan: als parameter … gelijk is aan 0, dat wil zeggen, als de kwadratensom
(SS) van de … gelijk is aan 0.</p>
<choiceInteraction responseIdentifier="RESPONSE" shuffle="false" maxChoices="1">
<simpleChoice identifier="alt_745983">
<div class="textblock tvblock tvcss_1"><div class="rte_zone tveditor1">
a. <math display="inline" xmlns="http://www.w3.org/1998/Math/MathML"><semantics><mi>α</mi><annotation encoding="application/x-tex">\alpha</annotation></semantics></math>, residuen
</div>
</div>
</simpleChoice>
<simpleChoice identifier="alt_920890">
<div class="textblock tvblock tvcss_1"><div class="rte_zone tveditor1">
b. <math display="inline" xmlns="http://www.w3.org/1998/Math/MathML"><semantics><mi>α</mi><annotation encoding="application/x-tex">\alpha</annotation></semantics></math>, regressie
</div>
</div>
</simpleChoice>
<simpleChoice identifier="alt_413364">
<div class="textblock tvblock tvcss_1"><div class="rte_zone tveditor1">
c. <math display="inline" xmlns="http://www.w3.org/1998/Math/MathML"><semantics><mi>β</mi><annotation encoding="application/x-tex">\beta</annotation></semantics></math>, residuen
</div>
</div>
</simpleChoice>
<simpleChoice identifier="alt_193968">
<div class="textblock tvblock tvcss_1"><div class="rte_zone tveditor1">
d. <math display="inline" xmlns="http://www.w3.org/1998/Math/MathML"><semantics><mi>β</mi><annotation encoding="application/x-tex">\beta</annotation></semantics></math>, regressie
</div>
</div>
</simpleChoice>
</choiceInteraction>
</itemBody>
<responseProcessing>
<responseCondition>
<responseIf>
<isNull>
<variable identifier="RESPONSE"/>
</isNull>
<setOutcomeValue identifier="SCORE">
<baseValue baseType="float">0.0</baseValue>
</setOutcomeValue>
<setOutcomeValue identifier="FEEDBACK">
<baseValue baseType="identifier">FAILURE</baseValue>
</setOutcomeValue>
</responseIf>
<responseElse>
<setOutcomeValue identifier="SCORE">
<mapResponse identifier="RESPONSE"/>
</setOutcomeValue>
<responseCondition>
<responseIf>
<equal toleranceMode="relative" tolerance="0.001">
<variable identifier="SCORE"/>
<variable identifier="MAXSCORE"/>
</equal>
<setOutcomeValue identifier="FEEDBACK">
<baseValue baseType="identifier">ANSWER_CORRECT</baseValue>
</setOutcomeValue>
</responseIf>
<responseElse>
<setOutcomeValue identifier="FEEDBACK">
<baseValue baseType="identifier">FAILURE</baseValue>
</setOutcomeValue>
</responseElse>
</responseCondition>
</responseElse>
</responseCondition>
</responseProcessing>
<modalFeedback identifier="FAILURE" outcomeIdentifier="FEEDBACK" showHide="show">
<div class="textblock tvblock tvcss_1"><div class="rte_zone tveditor1">
<ol>
<li> <math display="inline" xmlns="http://www.w3.org/1998/Math/MathML"><semantics><mi>α</mi><annotation encoding="application/x-tex">\alpha</annotation></semantics></math>, residuen <br /> Incorrect </li>
<li> <math display="inline" xmlns="http://www.w3.org/1998/Math/MathML"><semantics><mi>α</mi><annotation encoding="application/x-tex">\alpha</annotation></semantics></math>, regressie <br /> Incorrect </li>
<li> <math display="inline" xmlns="http://www.w3.org/1998/Math/MathML"><semantics><mi>β</mi><annotation encoding="application/x-tex">\beta</annotation></semantics></math>, residuen <br /> Incorrect </li>
<li> <math display="inline" xmlns="http://www.w3.org/1998/Math/MathML"><semantics><mi>β</mi><annotation encoding="application/x-tex">\beta</annotation></semantics></math>, regressie <br /> Correct </li>
</ol>
</div>
</div>
</modalFeedback>
<modalFeedback identifier="ANSWER_CORRECT" outcomeIdentifier="FEEDBACK" showHide="show">
<div class="textblock tvblock tvcss_1"><div class="rte_zone tveditor1">
<ol>
<li> <math display="inline" xmlns="http://www.w3.org/1998/Math/MathML"><semantics><mi>α</mi><annotation encoding="application/x-tex">\alpha</annotation></semantics></math>, residuen <br /> Incorrect </li>
<li> <math display="inline" xmlns="http://www.w3.org/1998/Math/MathML"><semantics><mi>α</mi><annotation encoding="application/x-tex">\alpha</annotation></semantics></math>, regressie <br /> Incorrect </li>
<li> <math display="inline" xmlns="http://www.w3.org/1998/Math/MathML"><semantics><mi>β</mi><annotation encoding="application/x-tex">\beta</annotation></semantics></math>, residuen <br /> Incorrect </li>
<li> <math display="inline" xmlns="http://www.w3.org/1998/Math/MathML"><semantics><mi>β</mi><annotation encoding="application/x-tex">\beta</annotation></semantics></math>, regressie <br /> Correct </li>
</ol>
</div>
</div>
</modalFeedback>
<modalFeedback identifier="PARTIAL_CORRECT" outcomeIdentifier="FEEDBACK" showHide="show">
<div class="textblock tvblock tvcss_1"><div class="rte_zone tveditor1">
<ol>
<li> <math display="inline" xmlns="http://www.w3.org/1998/Math/MathML"><semantics><mi>α</mi><annotation encoding="application/x-tex">\alpha</annotation></semantics></math>, residuen <br /> Incorrect </li>
<li> <math display="inline" xmlns="http://www.w3.org/1998/Math/MathML"><semantics><mi>α</mi><annotation encoding="application/x-tex">\alpha</annotation></semantics></math>, regressie <br /> Incorrect </li>
<li> <math display="inline" xmlns="http://www.w3.org/1998/Math/MathML"><semantics><mi>β</mi><annotation encoding="application/x-tex">\beta</annotation></semantics></math>, residuen <br /> Incorrect </li>
<li> <math display="inline" xmlns="http://www.w3.org/1998/Math/MathML"><semantics><mi>β</mi><annotation encoding="application/x-tex">\beta</annotation></semantics></math>, regressie <br /> Correct </li>
</ol>
</div>
</div>
</modalFeedback>
</assessmentItem>
