<?xml version="1.0" encoding="utf-8" standalone="yes"?>
<assessmentItem identifier="vufgb-inferentialstatistics-006-nl-tv_202209061508_item_1_schoice" title="vufgb-inferentialstatistics-006-nl-tv_202209061508_item_1_schoice_vufgb-inferentialstatistics-006-nl" adaptive="false" timeDependent="false" toolName="Testvision Online" toolVersion="39.0.9084" xmlns="http://www.imsglobal.org/xsd/imsqti_v2p1">
<responseDeclaration identifier="RESPONSE" cardinality="single" baseType="identifier">
<correctResponse>
<value>alt_695210</value>
</correctResponse>
<mapping defaultValue="0" lowerBound="0.0">
<mapEntry mapKey="alt_594173" mappedValue="-0.333333333333333"/>
<mapEntry mapKey="alt_695210" mappedValue="1"/>
<mapEntry mapKey="alt_245827" mappedValue="-0.333333333333333"/>
<mapEntry mapKey="alt_302354" mappedValue="-0.333333333333333"/>
</mapping>
</responseDeclaration>
<outcomeDeclaration identifier="SCORE" cardinality="single" baseType="float" normalMaximum="1" normalMinimum="0" />
<outcomeDeclaration identifier="FEEDBACK" cardinality="single" baseType="identifier" />
<itemBody>
<p>Wat is het belangrijkste doel van inferentiële statistiek (<em>inferential statistics</em>)?</p>
<choiceInteraction responseIdentifier="RESPONSE" shuffle="false" maxChoices="1">
<simpleChoice identifier="alt_594173">
<div class="textblock tvblock tvcss_1"><div class="rte_zone tveditor1">
a. Samenvatten van data op een bruikbare en informatieve wijze.
</div>
</div>
</simpleChoice>
<simpleChoice identifier="alt_695210">
<div class="textblock tvblock tvcss_1"><div class="rte_zone tveditor1">
b. Schatten of voorspellen van een populatiewaarde op basis van een steekproef.
</div>
</div>
</simpleChoice>
<simpleChoice identifier="alt_245827">
<div class="textblock tvblock tvcss_1"><div class="rte_zone tveditor1">
c. Bepalen of data een adequate weerspiegeling is van de populatie.
</div>
</div>
</simpleChoice>
<simpleChoice identifier="alt_302354">
<div class="textblock tvblock tvcss_1"><div class="rte_zone tveditor1">
d. Plannen hoe data te verzamelen voor een wetenschappelijke studie.
</div>
</div>
</simpleChoice>
</choiceInteraction>
</itemBody>
<responseProcessing>
<responseCondition>
<responseIf>
<isNull>
<variable identifier="RESPONSE"/>
</isNull>
<setOutcomeValue identifier="SCORE">
<baseValue baseType="float">0.0</baseValue>
</setOutcomeValue>
<setOutcomeValue identifier="FEEDBACK">
<baseValue baseType="identifier">FAILURE</baseValue>
</setOutcomeValue>
</responseIf>
<responseElse>
<setOutcomeValue identifier="SCORE">
<mapResponse identifier="RESPONSE"/>
</setOutcomeValue>
<responseCondition>
<responseIf>
<equal toleranceMode="relative" tolerance="0.001">
<variable identifier="SCORE"/>
<variable identifier="MAXSCORE"/>
</equal>
<setOutcomeValue identifier="FEEDBACK">
<baseValue baseType="identifier">ANSWER_CORRECT</baseValue>
</setOutcomeValue>
</responseIf>
<responseElse>
<setOutcomeValue identifier="FEEDBACK">
<baseValue baseType="identifier">FAILURE</baseValue>
</setOutcomeValue>
</responseElse>
</responseCondition>
</responseElse>
</responseCondition>
</responseProcessing>
<modalFeedback identifier="FAILURE" outcomeIdentifier="FEEDBACK" showHide="show">
<div class="textblock tvblock tvcss_1"><div class="rte_zone tveditor1">
<ol>
<li> Samenvatten van data op een bruikbare en informatieve wijze. <br /> Incorrect </li>
<li> Schatten of voorspellen van een populatiewaarde op basis van een steekproef. <br /> Correct </li>
<li> Bepalen of data een adequate weerspiegeling is van de populatie. <br /> Incorrect </li>
<li> Plannen hoe data te verzamelen voor een wetenschappelijke studie. <br /> Incorrect </li>
</ol>
</div>
</div>
</modalFeedback>
<modalFeedback identifier="ANSWER_CORRECT" outcomeIdentifier="FEEDBACK" showHide="show">
<div class="textblock tvblock tvcss_1"><div class="rte_zone tveditor1">
<ol>
<li> Samenvatten van data op een bruikbare en informatieve wijze. <br /> Incorrect </li>
<li> Schatten of voorspellen van een populatiewaarde op basis van een steekproef. <br /> Correct </li>
<li> Bepalen of data een adequate weerspiegeling is van de populatie. <br /> Incorrect </li>
<li> Plannen hoe data te verzamelen voor een wetenschappelijke studie. <br /> Incorrect </li>
</ol>
</div>
</div>
</modalFeedback>
<modalFeedback identifier="PARTIAL_CORRECT" outcomeIdentifier="FEEDBACK" showHide="show">
<div class="textblock tvblock tvcss_1"><div class="rte_zone tveditor1">
<ol>
<li> Samenvatten van data op een bruikbare en informatieve wijze. <br /> Incorrect </li>
<li> Schatten of voorspellen van een populatiewaarde op basis van een steekproef. <br /> Correct </li>
<li> Bepalen of data een adequate weerspiegeling is van de populatie. <br /> Incorrect </li>
<li> Plannen hoe data te verzamelen voor een wetenschappelijke studie. <br /> Incorrect </li>
</ol>
</div>
</div>
</modalFeedback>
</assessmentItem>
