<?xml version="1.0" encoding="utf-8" standalone="yes"?>
<assessmentItem identifier="uva-standard-deviation-574-nl-tv_202404291202_item_1_schoice" title="uva-standard-deviation-574-nl-tv_202404291202_item_1_schoice_uva-standard-deviation-574-nl" adaptive="false" timeDependent="false" toolName="Testvision Online" toolVersion="39.0.9084" xmlns="http://www.imsglobal.org/xsd/imsqti_v2p1">
<responseDeclaration identifier="RESPONSE" cardinality="single" baseType="identifier">
<correctResponse>
<value>alt_213444</value>
</correctResponse>
<mapping defaultValue="0" lowerBound="0.0">
<mapEntry mapKey="alt_122559" mappedValue="-0.333333333333333"/>
<mapEntry mapKey="alt_213444" mappedValue="1"/>
<mapEntry mapKey="alt_847883" mappedValue="-0.333333333333333"/>
<mapEntry mapKey="alt_868906" mappedValue="-0.333333333333333"/>
</mapping>
</responseDeclaration>
<outcomeDeclaration identifier="SCORE" cardinality="single" baseType="float" normalMaximum="1" normalMinimum="0" />
<outcomeDeclaration identifier="FEEDBACK" cardinality="single" baseType="identifier" />
<itemBody>
<p>In een steekproef van 25 personen blijkt de variantie 64 te zijn. De SEM
(standaardfout van het gemiddelde) is dan</p>
<choiceInteraction responseIdentifier="RESPONSE" shuffle="false" maxChoices="1">
<simpleChoice identifier="alt_122559">
<div class="textblock tvblock tvcss_1"><div class="rte_zone tveditor1">
 0.32
</div>
</div>
</simpleChoice>
<simpleChoice identifier="alt_213444">
<div class="textblock tvblock tvcss_1"><div class="rte_zone tveditor1">
 1.6
</div>
</div>
</simpleChoice>
<simpleChoice identifier="alt_847883">
<div class="textblock tvblock tvcss_1"><div class="rte_zone tveditor1">
 2.56
</div>
</div>
</simpleChoice>
<simpleChoice identifier="alt_868906">
<div class="textblock tvblock tvcss_1"><div class="rte_zone tveditor1">
 12.8
</div>
</div>
</simpleChoice>
</choiceInteraction>
</itemBody>
<responseProcessing>
<responseCondition>
<responseIf>
<isNull>
<variable identifier="RESPONSE"/>
</isNull>
<setOutcomeValue identifier="SCORE">
<baseValue baseType="float">0.0</baseValue>
</setOutcomeValue>
<setOutcomeValue identifier="FEEDBACK">
<baseValue baseType="identifier">FAILURE</baseValue>
</setOutcomeValue>
</responseIf>
<responseElse>
<setOutcomeValue identifier="SCORE">
<mapResponse identifier="RESPONSE"/>
</setOutcomeValue>
<responseCondition>
<responseIf>
<equal toleranceMode="relative" tolerance="0.001">
<variable identifier="SCORE"/>
<variable identifier="MAXSCORE"/>
</equal>
<setOutcomeValue identifier="FEEDBACK">
<baseValue baseType="identifier">ANSWER_CORRECT</baseValue>
</setOutcomeValue>
</responseIf>
<responseElse>
<setOutcomeValue identifier="FEEDBACK">
<baseValue baseType="identifier">FAILURE</baseValue>
</setOutcomeValue>
</responseElse>
</responseCondition>
</responseElse>
</responseCondition>
</responseProcessing>
<modalFeedback identifier="FAILURE" outcomeIdentifier="FEEDBACK" showHide="show">
<div class="textblock tvblock tvcss_1"><div class="rte_zone tveditor1">
<ul>
<li> 0.32 <br /> 0.32: Incorrect </li>
<li> 1.6 <br /> 1.6: Correct </li>
<li> 2.56 <br /> 2.56: Incorrect </li>
<li> 12.8 <br /> 12.8: Incorrect </li>
</ul>
</div>
</div>
</modalFeedback>
<modalFeedback identifier="ANSWER_CORRECT" outcomeIdentifier="FEEDBACK" showHide="show">
<div class="textblock tvblock tvcss_1"><div class="rte_zone tveditor1">
<ul>
<li> 0.32 <br /> 0.32: Incorrect </li>
<li> 1.6 <br /> 1.6: Correct </li>
<li> 2.56 <br /> 2.56: Incorrect </li>
<li> 12.8 <br /> 12.8: Incorrect </li>
</ul>
</div>
</div>
</modalFeedback>
<modalFeedback identifier="PARTIAL_CORRECT" outcomeIdentifier="FEEDBACK" showHide="show">
<div class="textblock tvblock tvcss_1"><div class="rte_zone tveditor1">
<ul>
<li> 0.32 <br /> 0.32: Incorrect </li>
<li> 1.6 <br /> 1.6: Correct </li>
<li> 2.56 <br /> 2.56: Incorrect </li>
<li> 12.8 <br /> 12.8: Incorrect </li>
</ul>
</div>
</div>
</modalFeedback>
</assessmentItem>
