<?xml version="1.0" encoding="utf-8" standalone="yes"?>
<assessmentItem identifier="uu-Cronbach's-alpha-012-nl_202209051542_item_1_schoice" title="uu-Cronbach's-alpha-012-nl_202209051542_item_1_schoice_uu-Cronbach's-alpha-012-nl.Rmd" adaptive="false" timeDependent="false" toolName="Testvision Online" toolVersion="39.0.9084" xmlns="http://www.imsglobal.org/xsd/imsqti_v2p1">
<responseDeclaration identifier="RESPONSE" cardinality="single" baseType="identifier">
<correctResponse>
<value>alt_912930</value>
</correctResponse>
<mapping defaultValue="0" lowerBound="0.0">
<mapEntry mapKey="alt_912930" mappedValue="1"/>
<mapEntry mapKey="alt_332457" mappedValue="-0.333333333333333"/>
<mapEntry mapKey="alt_349095" mappedValue="-0.333333333333333"/>
<mapEntry mapKey="alt_529604" mappedValue="-0.333333333333333"/>
</mapping>
</responseDeclaration>
<outcomeDeclaration identifier="SCORE" cardinality="single" baseType="float" normalMaximum="1" normalMinimum="0" />
<outcomeDeclaration identifier="FEEDBACK" cardinality="single" baseType="identifier" />
<itemBody>
<p>Prof. A. James is bezig met het analysereen van een enquête. Een van de schalen heeft 8 vragen. Als zij een betrouwbaarheidsanalyse uitvoert vindt zij een Cronbach’s alpha van 0.455. Hieronder staat deel van de SPSS output.</p>
<p><img src="uu-Cronbach&#39;s-alpha-012-nl-tabel.jpg" alt="image"/></p>
<p>Welk item zou Prof. A. James als eerste moeten verwijderen?</p>
<choiceInteraction responseIdentifier="RESPONSE" shuffle="false" maxChoices="1">
<simpleChoice identifier="alt_912930">
<div class="textblock tvblock tvcss_1"><div class="rte_zone tveditor1">
a. Vraag 4
</div>
</div>
</simpleChoice>
<simpleChoice identifier="alt_332457">
<div class="textblock tvblock tvcss_1"><div class="rte_zone tveditor1">
b. Vraag 5
</div>
</div>
</simpleChoice>
<simpleChoice identifier="alt_349095">
<div class="textblock tvblock tvcss_1"><div class="rte_zone tveditor1">
c. Vraag 8
</div>
</div>
</simpleChoice>
<simpleChoice identifier="alt_529604">
<div class="textblock tvblock tvcss_1"><div class="rte_zone tveditor1">
d. Vraag 1
</div>
</div>
</simpleChoice>
</choiceInteraction>
</itemBody>
<responseProcessing>
<responseCondition>
<responseIf>
<isNull>
<variable identifier="RESPONSE"/>
</isNull>
<setOutcomeValue identifier="SCORE">
<baseValue baseType="float">0.0</baseValue>
</setOutcomeValue>
<setOutcomeValue identifier="FEEDBACK">
<baseValue baseType="identifier">FAILURE</baseValue>
</setOutcomeValue>
</responseIf>
<responseElse>
<setOutcomeValue identifier="SCORE">
<mapResponse identifier="RESPONSE"/>
</setOutcomeValue>
<responseCondition>
<responseIf>
<equal toleranceMode="relative" tolerance="0.001">
<variable identifier="SCORE"/>
<variable identifier="MAXSCORE"/>
</equal>
<setOutcomeValue identifier="FEEDBACK">
<baseValue baseType="identifier">ANSWER_CORRECT</baseValue>
</setOutcomeValue>
</responseIf>
<responseElse>
<setOutcomeValue identifier="FEEDBACK">
<baseValue baseType="identifier">FAILURE</baseValue>
</setOutcomeValue>
</responseElse>
</responseCondition>
</responseElse>
</responseCondition>
</responseProcessing>
<modalFeedback identifier="FAILURE" outcomeIdentifier="FEEDBACK" showHide="show">
<div class="textblock tvblock tvcss_1"><div class="rte_zone tveditor1">
<ol>
<li> Vraag 4 <br />  </li>
<li> Vraag 5 <br />  </li>
<li> Vraag 8 <br />  </li>
<li> Vraag 1 <br />  </li>
</ol>
</div>
</div>
</modalFeedback>
<modalFeedback identifier="ANSWER_CORRECT" outcomeIdentifier="FEEDBACK" showHide="show">
<div class="textblock tvblock tvcss_1"><div class="rte_zone tveditor1">
<ol>
<li> Vraag 4 <br />  </li>
<li> Vraag 5 <br />  </li>
<li> Vraag 8 <br />  </li>
<li> Vraag 1 <br />  </li>
</ol>
</div>
</div>
</modalFeedback>
<modalFeedback identifier="PARTIAL_CORRECT" outcomeIdentifier="FEEDBACK" showHide="show">
<div class="textblock tvblock tvcss_1"><div class="rte_zone tveditor1">
<ol>
<li> Vraag 4 <br />  </li>
<li> Vraag 5 <br />  </li>
<li> Vraag 8 <br />  </li>
<li> Vraag 1 <br />  </li>
</ol>
</div>
</div>
</modalFeedback>
</assessmentItem>
