<?xml version="1.0" encoding="UTF-8"?>
<!DOCTYPE questestinterop SYSTEM "ims_qtiasiv1p2p1.dtd">

<questestinterop xmlns="http://www.imsglobal.org/xsd/ims_qtiasiv1p2" xmlns:xsi="http://www.w3.org/2001/XMLSchema-instance" xsi:schemaLocation="http://www.imsglobal.org/xsd/ims_qtiasiv1p2 http://www.imsglobal.org/xsd/ims_qtiasiv1p2p1.xsd">
<assessment ident="uva-median-254-en-canvas_183032598" title="uva-median-254-en-canvas">

<qtimetadata>
<qtimetadatafield>
<fieldlabel>cc_maxattempts</fieldlabel>
<fieldentry>1</fieldentry>
</qtimetadatafield>
<qtimetadatafield>
<fieldlabel>qmd_assessmenttype</fieldlabel>
<fieldentry>Assessment</fieldentry>
</qtimetadatafield>
</qtimetadata>
<objectives>
<material>
<mattext><![CDATA[Please solve the following exercises.]]></mattext>
</material>
</objectives>
<assessmentcontrol feedbackswitch="No" hintswitch="No" solutionswitch="Yes"/>
<outcomes_processing scoremodel="SumOfScores">
<outcomes>
<decvar varname="SCORE" vartype="Decimal" cutvalue="0"/>
</outcomes>
</outcomes_processing>
<assessfeedback title="AssessmentFeedback" ident="AssessmentFeedback">
<flow_mat>
<material>
<mattext>##AssessmentFeedback##</mattext>
</material>
</flow_mat>
</assessfeedback>

<section ident="uva-median-254-en-canvas_183032598_section_1" title="Exercise">

<objectives>
<material>
<mattext><![CDATA[Please answer the following question.]]></mattext>
</material>
</objectives>
<selection_ordering>
<selection>
<selection_number>1</selection_number>
<selection_extension>
<points_per_item>1</points_per_item>
</selection_extension>
</selection>
<order order_type="Random"/>
</selection_ordering>

<item ident="uva-median-254-en-canvas_183032598_section_1_item_1_schoice" title="Question" maxattempts="1">
<itemcontrol feedbackswitch="No" hintswitch="No" solutionswitch="Yes"/>
<itemmetadata>
<qtimetadata>
<qtimetadatafield>
<fieldlabel>question_type</fieldlabel>
<fieldentry>multiple_choice_question</fieldentry>
</qtimetadatafield>
</qtimetadata>
</itemmetadata>
<presentation>
<flow>
<material>
<matbreak/>
<mattext texttype="text/html" charset="utf-8"><![CDATA[
<p>On a given hospital ward, over the course of a year, records are kept of how many men and how many women are lying on the first day of the month lie. The numbers for the number of women during that year were:______________. 10 13 12 9 9 11 12 12 10 14 12 10 For these numbers:</p>
]]></mattext>
<matbreak/>
</material>
<response_lid ident="uva-median-254-en-canvas_183032598_section_1_item_1_schoice_RESPONSE_8838318" rcardinality="Single" rtiming="No">
<render_choice shuffle="No">
<flow_label class="List">
<response_label ident="uva-median-254-en-canvas_183032598_section_1_item_1_schoice_1701113383" rshuffle="No">
<material>
<mattext texttype="text/html" charset="utf-8"><![CDATA[
 The median is greater than the mean
]]></mattext>
</material>
</response_label>
</flow_label>
<flow_label class="List">
<response_label ident="uva-median-254-en-canvas_183032598_section_1_item_1_schoice_6460902118" rshuffle="No">
<material>
<mattext texttype="text/html" charset="utf-8"><![CDATA[
 The median and the mean are the same size
]]></mattext>
</material>
</response_label>
</flow_label>
<flow_label class="List">
<response_label ident="uva-median-254-en-canvas_183032598_section_1_item_1_schoice_6584522817" rshuffle="No">
<material>
<mattext texttype="text/html" charset="utf-8"><![CDATA[
 The median is smaller than the mean
]]></mattext>
</material>
</response_label>
</flow_label>
<flow_label class="List">
<response_label ident="uva-median-254-en-canvas_183032598_section_1_item_1_schoice_3906699326" rshuffle="No">
<material>
<mattext texttype="text/html" charset="utf-8"><![CDATA[
 Median and mean are not comparable here
]]></mattext>
</material>
</response_label>
</flow_label>
</render_choice>
</response_lid>
</flow>
</presentation>
<resprocessing>
<outcomes>
<decvar varname="SCORE" vartype="Decimal" defaultval="0" minvalue="0" maxvalue="1" cutvalue="1"/>
</outcomes>
<respcondition title="Mastery" continue="No">
<conditionvar>
<and>
<varequal respident="uva-median-254-en-canvas_183032598_section_1_item_1_schoice_RESPONSE_8838318" case="Yes">uva-median-254-en-canvas_183032598_section_1_item_1_schoice_1701113383</varequal>
<not> <varequal respident="uva-median-254-en-canvas_183032598_section_1_item_1_schoice_RESPONSE_8838318" case="Yes">uva-median-254-en-canvas_183032598_section_1_item_1_schoice_6460902118</varequal> </not>
<not> <varequal respident="uva-median-254-en-canvas_183032598_section_1_item_1_schoice_RESPONSE_8838318" case="Yes">uva-median-254-en-canvas_183032598_section_1_item_1_schoice_6584522817</varequal> </not>
<not> <varequal respident="uva-median-254-en-canvas_183032598_section_1_item_1_schoice_RESPONSE_8838318" case="Yes">uva-median-254-en-canvas_183032598_section_1_item_1_schoice_3906699326</varequal> </not>
</and>
</conditionvar>
<setvar varname="SCORE" action="Set">1</setvar>
<displayfeedback feedbacktype="Response" linkrefid="correct_fb"/>
</respcondition>
<respcondition continue="Yes">
<conditionvar>
<other/>
</conditionvar>
<displayfeedback feedbacktype="Response" linkrefid="general_incorrect_fb"/>
</respcondition>
</resprocessing>
<itemfeedback ident="correct_fb" view="All">
<flow_mat>
<material>
<mattext texttype="text/html"><![CDATA[
<ul>
<li> The median is greater than the mean <br /> The median is greater than the mean: Correct </li>
<li> The median and the mean are the same size <br /> The median and the mean are the same size: Incorrect </li>
<li> The median is smaller than the mean <br /> The median is smaller than the mean: Incorrect </li>
<li> Median and mean are not comparable here <br /> Median and mean are not comparable here: Incorrect </li>
</ul>
]]></mattext>
</material>
</flow_mat>
</itemfeedback>
<itemfeedback ident="general_incorrect_fb" view="All">
<flow_mat>
<material>
<mattext texttype="text/html"><![CDATA[
<ul>
<li> The median is greater than the mean <br /> The median is greater than the mean: Correct </li>
<li> The median and the mean are the same size <br /> The median and the mean are the same size: Incorrect </li>
<li> The median is smaller than the mean <br /> The median is smaller than the mean: Incorrect </li>
<li> Median and mean are not comparable here <br /> Median and mean are not comparable here: Incorrect </li>
</ul>
]]></mattext>
</material>
</flow_mat>
</itemfeedback>
</item>


</section>

</assessment>
</questestinterop>
