<?xml version="1.0" encoding="utf-8" standalone="yes"?>
<assessmentItem identifier="vufsw-covariance-1350-nl_202209051535_item_1_schoice" title="vufsw-covariance-1350-nl_202209051535_item_1_schoice_vufsw-covariance-1350-nl" adaptive="false" timeDependent="false" toolName="Testvision Online" toolVersion="39.0.9084" xmlns="http://www.imsglobal.org/xsd/imsqti_v2p1">
<responseDeclaration identifier="RESPONSE" cardinality="single" baseType="identifier">
<correctResponse>
<value>alt_524718</value>
</correctResponse>
<mapping defaultValue="0" lowerBound="0.0">
<mapEntry mapKey="alt_128333" mappedValue="-0.333333333333333"/>
<mapEntry mapKey="alt_163580" mappedValue="-0.333333333333333"/>
<mapEntry mapKey="alt_696223" mappedValue="-0.333333333333333"/>
<mapEntry mapKey="alt_524718" mappedValue="1"/>
</mapping>
</responseDeclaration>
<outcomeDeclaration identifier="SCORE" cardinality="single" baseType="float" normalMaximum="1" normalMinimum="0" />
<outcomeDeclaration identifier="FEEDBACK" cardinality="single" baseType="identifier" />
<itemBody>
<p><img src="1602856060527.png" class="fr-fic fr-dii tvcss_2"
alt="1602856060527" /> </p>
<p><img src="1602856133971.png" class="fr-fic fr-dii tvcss_3"
alt="1602856133971" /></p>
<p>Inkomen is gemeten in euro’s per maand. Wat gebeurt er met de
covariantie en de correlatie als inkomen gemeten zou worden in Japanse
yen (1 euro = 123.243 yen)?</p>
<choiceInteraction responseIdentifier="RESPONSE" shuffle="false" maxChoices="1">
<simpleChoice identifier="alt_128333">
<div class="textblock tvblock tvcss_1"><div class="rte_zone tveditor1">
a. Zowel de covariantie als de correlatie veranderen
</div>
</div>
</simpleChoice>
<simpleChoice identifier="alt_163580">
<div class="textblock tvblock tvcss_1"><div class="rte_zone tveditor1">
b. Alleen de correlatie verandert
</div>
</div>
</simpleChoice>
<simpleChoice identifier="alt_696223">
<div class="textblock tvblock tvcss_1"><div class="rte_zone tveditor1">
c. De covariantie en de correlatie veranderen beide niet
</div>
</div>
</simpleChoice>
<simpleChoice identifier="alt_524718">
<div class="textblock tvblock tvcss_1"><div class="rte_zone tveditor1">
d. Alleen de covariantie verandert
</div>
</div>
</simpleChoice>
</choiceInteraction>
</itemBody>
<responseProcessing>
<responseCondition>
<responseIf>
<isNull>
<variable identifier="RESPONSE"/>
</isNull>
<setOutcomeValue identifier="SCORE">
<baseValue baseType="float">0.0</baseValue>
</setOutcomeValue>
<setOutcomeValue identifier="FEEDBACK">
<baseValue baseType="identifier">FAILURE</baseValue>
</setOutcomeValue>
</responseIf>
<responseElse>
<setOutcomeValue identifier="SCORE">
<mapResponse identifier="RESPONSE"/>
</setOutcomeValue>
<responseCondition>
<responseIf>
<equal toleranceMode="relative" tolerance="0.001">
<variable identifier="SCORE"/>
<variable identifier="MAXSCORE"/>
</equal>
<setOutcomeValue identifier="FEEDBACK">
<baseValue baseType="identifier">ANSWER_CORRECT</baseValue>
</setOutcomeValue>
</responseIf>
<responseElse>
<setOutcomeValue identifier="FEEDBACK">
<baseValue baseType="identifier">FAILURE</baseValue>
</setOutcomeValue>
</responseElse>
</responseCondition>
</responseElse>
</responseCondition>
</responseProcessing>
<modalFeedback identifier="FAILURE" outcomeIdentifier="FEEDBACK" showHide="show">
<div class="textblock tvblock tvcss_1"><div class="rte_zone tveditor1">
<ol>
<li> Zowel de covariantie als de correlatie veranderen <br /> False </li>
<li> Alleen de correlatie verandert <br /> False </li>
<li> De covariantie en de correlatie veranderen beide niet <br /> False </li>
<li> Alleen de covariantie verandert <br /> True </li>
</ol>
</div>
</div>
</modalFeedback>
<modalFeedback identifier="ANSWER_CORRECT" outcomeIdentifier="FEEDBACK" showHide="show">
<div class="textblock tvblock tvcss_1"><div class="rte_zone tveditor1">
<ol>
<li> Zowel de covariantie als de correlatie veranderen <br /> False </li>
<li> Alleen de correlatie verandert <br /> False </li>
<li> De covariantie en de correlatie veranderen beide niet <br /> False </li>
<li> Alleen de covariantie verandert <br /> True </li>
</ol>
</div>
</div>
</modalFeedback>
<modalFeedback identifier="PARTIAL_CORRECT" outcomeIdentifier="FEEDBACK" showHide="show">
<div class="textblock tvblock tvcss_1"><div class="rte_zone tveditor1">
<ol>
<li> Zowel de covariantie als de correlatie veranderen <br /> False </li>
<li> Alleen de correlatie verandert <br /> False </li>
<li> De covariantie en de correlatie veranderen beide niet <br /> False </li>
<li> Alleen de covariantie verandert <br /> True </li>
</ol>
</div>
</div>
</modalFeedback>
</assessmentItem>
