<?xml version="1.0" encoding="utf-8" standalone="yes"?>
<assessmentItem identifier="vufsw-correlation-1338-en-tv_202411271204_item_1_schoice" title="vufsw-correlation-1338-en-tv_202411271204_item_1_schoice_vufsw-correlation-1338-en" adaptive="false" timeDependent="false" toolName="Testvision Online" toolVersion="39.0.9084" xmlns="http://www.imsglobal.org/xsd/imsqti_v2p1">
<responseDeclaration identifier="RESPONSE" cardinality="single" baseType="identifier">
<correctResponse>
<value>alt_131157</value>
</correctResponse>
<mapping defaultValue="0" lowerBound="0.0">
<mapEntry mapKey="alt_846786" mappedValue="-0.333333333333333"/>
<mapEntry mapKey="alt_306885" mappedValue="-0.333333333333333"/>
<mapEntry mapKey="alt_407960" mappedValue="-0.333333333333333"/>
<mapEntry mapKey="alt_131157" mappedValue="1"/>
</mapping>
</responseDeclaration>
<outcomeDeclaration identifier="SCORE" cardinality="single" baseType="float" normalMaximum="1" normalMinimum="0" />
<outcomeDeclaration identifier="FEEDBACK" cardinality="single" baseType="identifier" />
<stylesheet href="css/vufsw-correlation-1338-en-tv_202411271204_item_1_schoice.css" type="text/css" />
<itemBody>
<p><img src="mediafiles/supplements1/1631183026813.png" alt="image"/></p>
<p>Have a look at the table above from McCabe et al (2010) showing the
correlations between age (Age: measured in years) and five cognitive
factors (measured from low to high). Now consider at the two statements
below and choose the correct answer.<br />
1. Older respondents score higher on factor “Vocabulary”.<br />
2. Younger respondents score lower on “Episodic Memory” (EM).</p>
<choiceInteraction responseIdentifier="RESPONSE" shuffle="false" maxChoices="1">
<simpleChoice identifier="alt_846786">
<div class="textblock tvblock tvcss_1"><div class="rte_zone tveditor1">
 Only statement 2 is correct
</div>
</div>
</simpleChoice>
<simpleChoice identifier="alt_306885">
<div class="textblock tvblock tvcss_1"><div class="rte_zone tveditor1">
 Neither statement is correct
</div>
</div>
</simpleChoice>
<simpleChoice identifier="alt_407960">
<div class="textblock tvblock tvcss_1"><div class="rte_zone tveditor1">
 Both statements are correct
</div>
</div>
</simpleChoice>
<simpleChoice identifier="alt_131157">
<div class="textblock tvblock tvcss_1"><div class="rte_zone tveditor1">
 Only statement 1 is correct
</div>
</div>
</simpleChoice>
</choiceInteraction>
</itemBody>
<responseProcessing>
<responseCondition>
<responseIf>
<isNull>
<variable identifier="RESPONSE"/>
</isNull>
<setOutcomeValue identifier="SCORE">
<baseValue baseType="float">0.0</baseValue>
</setOutcomeValue>
<setOutcomeValue identifier="FEEDBACK">
<baseValue baseType="identifier">FAILURE</baseValue>
</setOutcomeValue>
</responseIf>
<responseElse>
<setOutcomeValue identifier="SCORE">
<mapResponse identifier="RESPONSE"/>
</setOutcomeValue>
<responseCondition>
<responseIf>
<equal toleranceMode="relative" tolerance="0.001">
<variable identifier="SCORE"/>
<variable identifier="MAXSCORE"/>
</equal>
<setOutcomeValue identifier="FEEDBACK">
<baseValue baseType="identifier">ANSWER_CORRECT</baseValue>
</setOutcomeValue>
</responseIf>
<responseElse>
<setOutcomeValue identifier="FEEDBACK">
<baseValue baseType="identifier">FAILURE</baseValue>
</setOutcomeValue>
</responseElse>
</responseCondition>
</responseElse>
</responseCondition>
</responseProcessing>
<modalFeedback identifier="FAILURE" outcomeIdentifier="FEEDBACK" showHide="show">
<div class="textblock tvblock tvcss_1"><div class="rte_zone tveditor1">
<ul>
<li> Only statement 2 is correct <br /> False </li>
<li> Neither statement is correct <br /> False </li>
<li> Both statements are correct <br /> False </li>
<li> Only statement 1 is correct <br /> True </li>
</ul>
</div>
</div>
</modalFeedback>
<modalFeedback identifier="ANSWER_CORRECT" outcomeIdentifier="FEEDBACK" showHide="show">
<div class="textblock tvblock tvcss_1"><div class="rte_zone tveditor1">
<ul>
<li> Only statement 2 is correct <br /> False </li>
<li> Neither statement is correct <br /> False </li>
<li> Both statements are correct <br /> False </li>
<li> Only statement 1 is correct <br /> True </li>
</ul>
</div>
</div>
</modalFeedback>
<modalFeedback identifier="PARTIAL_CORRECT" outcomeIdentifier="FEEDBACK" showHide="show">
<div class="textblock tvblock tvcss_1"><div class="rte_zone tveditor1">
<ul>
<li> Only statement 2 is correct <br /> False </li>
<li> Neither statement is correct <br /> False </li>
<li> Both statements are correct <br /> False </li>
<li> Only statement 1 is correct <br /> True </li>
</ul>
</div>
</div>
</modalFeedback>
</assessmentItem>
