<?xml version="1.0" encoding="utf-8" standalone="yes"?>
<assessmentItem identifier="vufsw-explainedvariance-0170-nl-tv_202601131821_item_1_schoice" title="vufsw-explainedvariance-0170-nl-tv_202601131821_item_1_schoice_vufsw-explainedvariance-0170-nl" adaptive="false" timeDependent="false" toolName="Testvision Online" toolVersion="39.0.9084" xmlns="http://www.imsglobal.org/xsd/imsqti_v2p1">
<responseDeclaration identifier="RESPONSE" cardinality="single" baseType="identifier">
<correctResponse>
<value>alt_359198</value>
</correctResponse>
<mapping defaultValue="0" lowerBound="0.0">
<mapEntry mapKey="alt_693631" mappedValue="-0.2"/>
<mapEntry mapKey="alt_377404" mappedValue="-0.2"/>
<mapEntry mapKey="alt_359198" mappedValue="1"/>
<mapEntry mapKey="alt_789512" mappedValue="-0.2"/>
<mapEntry mapKey="alt_440804" mappedValue="-0.2"/>
<mapEntry mapKey="alt_812917" mappedValue="-0.2"/>
</mapping>
</responseDeclaration>
<outcomeDeclaration identifier="SCORE" cardinality="single" baseType="float" normalMaximum="1" normalMinimum="0" />
<outcomeDeclaration identifier="FEEDBACK" cardinality="single" baseType="identifier" />
<stylesheet href="css/vufsw-explainedvariance-0170-nl-tv_202601131821_item_1_schoice.css" type="text/css" />
<itemBody>
<p>Hieronder zijn de resultaten weergeven van een enkelvoudige regressie.
De afhankelijke variabele is houding ten aanzien van de Europese
eenwording, waarbij de schaal loopt van 1 (zeer negatieve houding) t/m 7
(zeer positieve houding). “<strong>AGE</strong>” is leeftijd in jaren. De data is
afkomstig van het Nationaal Kiezersonderzoek 2017.<br />
Wat is de verklaarde variantie van dit regressie-model? (Rond af op 1
decimaal) </p>
<p><img src="mediafiles/supplements1/Screen__Shot__2019-08-13__at__13.51.34.png" alt="image"/></p>
<choiceInteraction responseIdentifier="RESPONSE" shuffle="false" maxChoices="1">
<simpleChoice identifier="alt_693631">
<div class="textblock tvblock tvcss_1"><div class="rte_zone tveditor1">
 4,7%
</div>
</div>
</simpleChoice>
<simpleChoice identifier="alt_377404">
<div class="textblock tvblock tvcss_1"><div class="rte_zone tveditor1">
 1,6%
</div>
</div>
</simpleChoice>
<simpleChoice identifier="alt_359198">
<div class="textblock tvblock tvcss_1"><div class="rte_zone tveditor1">
 2,4%
</div>
</div>
</simpleChoice>
<simpleChoice identifier="alt_789512">
<div class="textblock tvblock tvcss_1"><div class="rte_zone tveditor1">
 0,2%
</div>
</div>
</simpleChoice>
<simpleChoice identifier="alt_440804">
<div class="textblock tvblock tvcss_1"><div class="rte_zone tveditor1">
 7,2%
</div>
</div>
</simpleChoice>
<simpleChoice identifier="alt_812917">
<div class="textblock tvblock tvcss_1"><div class="rte_zone tveditor1">
 12,5%
</div>
</div>
</simpleChoice>
</choiceInteraction>
</itemBody>
<responseProcessing>
<responseCondition>
<responseIf>
<isNull>
<variable identifier="RESPONSE"/>
</isNull>
<setOutcomeValue identifier="SCORE">
<baseValue baseType="float">0.0</baseValue>
</setOutcomeValue>
<setOutcomeValue identifier="FEEDBACK">
<baseValue baseType="identifier">FAILURE</baseValue>
</setOutcomeValue>
</responseIf>
<responseElse>
<setOutcomeValue identifier="SCORE">
<mapResponse identifier="RESPONSE"/>
</setOutcomeValue>
<responseCondition>
<responseIf>
<equal toleranceMode="relative" tolerance="0.001">
<variable identifier="SCORE"/>
<variable identifier="MAXSCORE"/>
</equal>
<setOutcomeValue identifier="FEEDBACK">
<baseValue baseType="identifier">ANSWER_CORRECT</baseValue>
</setOutcomeValue>
</responseIf>
<responseElse>
<setOutcomeValue identifier="FEEDBACK">
<baseValue baseType="identifier">FAILURE</baseValue>
</setOutcomeValue>
</responseElse>
</responseCondition>
</responseElse>
</responseCondition>
</responseProcessing>
<modalFeedback identifier="FAILURE" outcomeIdentifier="FEEDBACK" showHide="show">
<div class="textblock tvblock tvcss_1"><div class="rte_zone tveditor1">
<ul>
<li> 4,7% <br /> False </li>
<li> 1,6% <br /> False </li>
<li> 2,4% <br /> True </li>
<li> 0,2% <br /> False </li>
<li> 7,2% <br /> False </li>
<li> 12,5% <br /> False </li>
</ul>
</div>
</div>
</modalFeedback>
<modalFeedback identifier="ANSWER_CORRECT" outcomeIdentifier="FEEDBACK" showHide="show">
<div class="textblock tvblock tvcss_1"><div class="rte_zone tveditor1">
<ul>
<li> 4,7% <br /> False </li>
<li> 1,6% <br /> False </li>
<li> 2,4% <br /> True </li>
<li> 0,2% <br /> False </li>
<li> 7,2% <br /> False </li>
<li> 12,5% <br /> False </li>
</ul>
</div>
</div>
</modalFeedback>
<modalFeedback identifier="PARTIAL_CORRECT" outcomeIdentifier="FEEDBACK" showHide="show">
<div class="textblock tvblock tvcss_1"><div class="rte_zone tveditor1">
<ul>
<li> 4,7% <br /> False </li>
<li> 1,6% <br /> False </li>
<li> 2,4% <br /> True </li>
<li> 0,2% <br /> False </li>
<li> 7,2% <br /> False </li>
<li> 12,5% <br /> False </li>
</ul>
</div>
</div>
</modalFeedback>
</assessmentItem>
