<?xml version="1.0" encoding="UTF-8"?>
<!DOCTYPE questestinterop SYSTEM "ims_qtiasiv1p2p1.dtd">

<questestinterop xmlns="http://www.imsglobal.org/xsd/ims_qtiasiv1p2" xmlns:xsi="http://www.w3.org/2001/XMLSchema-instance" xsi:schemaLocation="http://www.imsglobal.org/xsd/ims_qtiasiv1p2 http://www.imsglobal.org/xsd/ims_qtiasiv1p2p1.xsd">
<assessment ident="uva-confidence-level-785-en-canvas_268987426" title="uva-confidence-level-785-en-canvas">

<qtimetadata>
<qtimetadatafield>
<fieldlabel>cc_maxattempts</fieldlabel>
<fieldentry>1</fieldentry>
</qtimetadatafield>
<qtimetadatafield>
<fieldlabel>qmd_assessmenttype</fieldlabel>
<fieldentry>Assessment</fieldentry>
</qtimetadatafield>
</qtimetadata>
<objectives>
<material>
<mattext><![CDATA[Please solve the following exercises.]]></mattext>
</material>
</objectives>
<assessmentcontrol feedbackswitch="No" hintswitch="No" solutionswitch="Yes"/>
<outcomes_processing scoremodel="SumOfScores">
<outcomes>
<decvar varname="SCORE" vartype="Decimal" cutvalue="0"/>
</outcomes>
</outcomes_processing>
<assessfeedback title="AssessmentFeedback" ident="AssessmentFeedback">
<flow_mat>
<material>
<mattext>##AssessmentFeedback##</mattext>
</material>
</flow_mat>
</assessfeedback>

<section ident="uva-confidence-level-785-en-canvas_268987426_section_1" title="Exercise">

<objectives>
<material>
<mattext><![CDATA[Please answer the following question.]]></mattext>
</material>
</objectives>
<selection_ordering>
<selection>
<selection_number>1</selection_number>
<selection_extension>
<points_per_item>1</points_per_item>
</selection_extension>
</selection>
<order order_type="Random"/>
</selection_ordering>

<item ident="uva-confidence-level-785-en-canvas_268987426_section_1_item_1_schoice" title="Question" maxattempts="1">
<itemcontrol feedbackswitch="No" hintswitch="No" solutionswitch="Yes"/>
<itemmetadata>
<qtimetadata>
<qtimetadatafield>
<fieldlabel>question_type</fieldlabel>
<fieldentry>multiple_choice_question</fieldentry>
</qtimetadatafield>
</qtimetadata>
</itemmetadata>
<presentation>
<flow>
<material>
<matbreak/>
<mattext texttype="text/html" charset="utf-8"><![CDATA[
<ul>
<li>Etermine which words belong on the dashes (in the same order) in the following sentences:* The significance level, also called the ______, is often set at 0.05. This significance level can be related to the confidence interval. Then, in both tails of the distribution for the parameter 0.025 probability is placed. The ______ is now 95%.</li>
</ul>
]]></mattext>
<matbreak/>
</material>
<response_lid ident="uva-confidence-level-785-en-canvas_268987426_section_1_item_1_schoice_RESPONSE_3170407" rcardinality="Single" rtiming="No">
<render_choice shuffle="No">
<flow_label class="List">
<response_label ident="uva-confidence-level-785-en-canvas_268987426_section_1_item_1_schoice_4965220245" rshuffle="No">
<material>
<mattext texttype="text/html" charset="utf-8"><![CDATA[
 “confidence level,” “power level.”
]]></mattext>
</material>
</response_label>
</flow_label>
<flow_label class="List">
<response_label ident="uva-confidence-level-785-en-canvas_268987426_section_1_item_1_schoice_6434528416" rshuffle="No">
<material>
<mattext texttype="text/html" charset="utf-8"><![CDATA[
 “confidence interval”, “Type II error”
]]></mattext>
</material>
</response_label>
</flow_label>
<flow_label class="List">
<response_label ident="uva-confidence-level-785-en-canvas_268987426_section_1_item_1_schoice_9190780442" rshuffle="No">
<material>
<mattext texttype="text/html" charset="utf-8"><![CDATA[
 “Type I error”, “confidence level”
]]></mattext>
</material>
</response_label>
</flow_label>
</render_choice>
</response_lid>
</flow>
</presentation>
<resprocessing>
<outcomes>
<decvar varname="SCORE" vartype="Decimal" defaultval="0" minvalue="0" maxvalue="1" cutvalue="1"/>
</outcomes>
<respcondition title="Mastery" continue="No">
<conditionvar>
<and>
<varequal respident="uva-confidence-level-785-en-canvas_268987426_section_1_item_1_schoice_RESPONSE_3170407" case="Yes">uva-confidence-level-785-en-canvas_268987426_section_1_item_1_schoice_9190780442</varequal>
<not> <varequal respident="uva-confidence-level-785-en-canvas_268987426_section_1_item_1_schoice_RESPONSE_3170407" case="Yes">uva-confidence-level-785-en-canvas_268987426_section_1_item_1_schoice_4965220245</varequal> </not>
<not> <varequal respident="uva-confidence-level-785-en-canvas_268987426_section_1_item_1_schoice_RESPONSE_3170407" case="Yes">uva-confidence-level-785-en-canvas_268987426_section_1_item_1_schoice_6434528416</varequal> </not>
</and>
</conditionvar>
<setvar varname="SCORE" action="Set">1</setvar>
<displayfeedback feedbacktype="Response" linkrefid="correct_fb"/>
</respcondition>
<respcondition continue="Yes">
<conditionvar>
<other/>
</conditionvar>
<displayfeedback feedbacktype="Response" linkrefid="general_incorrect_fb"/>
</respcondition>
</resprocessing>
<itemfeedback ident="correct_fb" view="All">
<flow_mat>
<material>
<mattext texttype="text/html"><![CDATA[
<ul>
<li> “confidence level,” “power level.” <br /> “confidence level,” “power level.” Incorrect </li>
<li> “confidence interval”, “Type II error” <br /> “confidence interval”, “Type II error”: Incorrect </li>
<li> “Type I error”, “confidence level” <br /> “Type I error”, “confidence level”: Correct </li>
</ul>
]]></mattext>
</material>
</flow_mat>
</itemfeedback>
<itemfeedback ident="general_incorrect_fb" view="All">
<flow_mat>
<material>
<mattext texttype="text/html"><![CDATA[
<ul>
<li> “confidence level,” “power level.” <br /> “confidence level,” “power level.” Incorrect </li>
<li> “confidence interval”, “Type II error” <br /> “confidence interval”, “Type II error”: Incorrect </li>
<li> “Type I error”, “confidence level” <br /> “Type I error”, “confidence level”: Correct </li>
</ul>
]]></mattext>
</material>
</flow_mat>
</itemfeedback>
</item>


</section>

</assessment>
</questestinterop>
