<?xml version="1.0" encoding="UTF-8"?>
<assessmentItem xsi:schemaLocation="http://www.imsglobal.org/xsd/imsqti_v2p1 http://www.imsglobal.org/xsd/qti/qtiv2p1/imsqti_v2p1p1.xsd http://www.w3.org/1998/Math/MathML http://www.w3.org/Math/XMLSchema/mathml2/mathml2.xsd" identifier="vufgb-scatterplot-001-en-ans_964140360_section_1_item_1_schoice" title="Descriptive-statistics_vufgb-scatterplot-001-en_vufgb-scatterplot-001-en_schoice_1" adaptive="false" timeDependent="false" xmlns="http://www.imsglobal.org/xsd/imsqti_v2p1" xmlns:xsi="http://www.w3.org/2001/XMLSchema-instance">
<responseDeclaration identifier="vufgb-scatterplot-001-en-ans_964140360_section_1_item_1_schoice_RESPONSE_1_2822838" cardinality="single" baseType="identifier">
<correctResponse>
<value>vufgb-scatterplot-001-en-ans_964140360_section_1_item_1_schoice_3_6063955144</value>
</correctResponse>
<mapping defaultValue="0" lowerBound="0.0">
<mapEntry mapKey="vufgb-scatterplot-001-en-ans_964140360_section_1_item_1_schoice_1_9385560913" mappedValue="0"/>
<mapEntry mapKey="vufgb-scatterplot-001-en-ans_964140360_section_1_item_1_schoice_2_1961444070" mappedValue="0"/>
<mapEntry mapKey="vufgb-scatterplot-001-en-ans_964140360_section_1_item_1_schoice_3_6063955144" mappedValue="1"/>
<mapEntry mapKey="vufgb-scatterplot-001-en-ans_964140360_section_1_item_1_schoice_4_5224773512" mappedValue="0"/>
</mapping>
</responseDeclaration>
<outcomeDeclaration identifier="SCORE" cardinality="single" baseType="float" normalMaximum="1" normalMinimum="0">
<defaultValue>
<value>0.0</value>
</defaultValue>
</outcomeDeclaration>
<outcomeDeclaration identifier="MAXSCORE" cardinality="single" baseType="float">
<defaultValue>
<value>1</value>
</defaultValue>
</outcomeDeclaration>
<outcomeDeclaration identifier="FEEDBACKBASIC" cardinality="single" baseType="identifier" view="testConstructor">
<defaultValue>
<value>empty</value>
</defaultValue>
</outcomeDeclaration>
<outcomeDeclaration identifier="FEEDBACKMODAL" cardinality="multiple" baseType="identifier" view="testConstructor"/>
<outcomeDeclaration identifier="SOLUTIONMODAL" cardinality="single" baseType="identifier" view="testConstructor"/>
<outcomeDeclaration identifier="MINSCORE" cardinality="single" baseType="float">
<defaultValue>
<value baseType="float">0</value>
</defaultValue>
</outcomeDeclaration>
<outcomeDeclaration identifier="SCORE_RESPONSE_1" cardinality="single" baseType="float">
<defaultValue>
<value>0.0</value>
</defaultValue>
</outcomeDeclaration>
<outcomeDeclaration identifier="MINSCORE_RESPONSE_1" cardinality="single" baseType="float">
<defaultValue>
<value>0.0</value>
</defaultValue>
</outcomeDeclaration>
<itemBody>
<p>A scatterplot with fitted regression line depicts the linear association between Attention and Performance. Study the observation indicated by the arrow and complete the following sentence. The residual of this observation is _____ and contributes relatively ___ to the residual sum of squares <em>SSE</em>.</p>
<p><img src="media/supplements1/vufgb-scatterplot-001-en-graph-01.png" /></p>
<choiceInteraction responseIdentifier="vufgb-scatterplot-001-en-ans_964140360_section_1_item_1_schoice_RESPONSE_1_2822838" shuffle="false" maxChoices="1">
<simpleChoice identifier="vufgb-scatterplot-001-en-ans_964140360_section_1_item_1_schoice_1_9385560913">
<p>
 Positive ; Strongly.
</p>
</simpleChoice>
<simpleChoice identifier="vufgb-scatterplot-001-en-ans_964140360_section_1_item_1_schoice_2_1961444070">
<p>
 Positive ; Weakly.
</p>
</simpleChoice>
<simpleChoice identifier="vufgb-scatterplot-001-en-ans_964140360_section_1_item_1_schoice_3_6063955144">
<p>
 Negative ; Strongly.
</p>
</simpleChoice>
<simpleChoice identifier="vufgb-scatterplot-001-en-ans_964140360_section_1_item_1_schoice_4_5224773512">
<p>
 Negative ; Weakly.
</p>
</simpleChoice>
</choiceInteraction>
</itemBody>
<responseProcessing>
<setOutcomeValue identifier="SCORE_RESPONSE_1">
<sum>
<variable identifier="SCORE_RESPONSE_1"/>
<mapResponse identifier="vufgb-scatterplot-001-en-ans_964140360_section_1_item_1_schoice_RESPONSE_1_2822838"/>
</sum>
</setOutcomeValue>
<responseCondition>
<responseIf>
<lt>
<variable identifier="SCORE_RESPONSE_1"/>
<variable identifier="MINSCORE_RESPONSE_1"/>
</lt>
<setOutcomeValue identifier="SCORE_RESPONSE_1">
<variable identifier="MINSCORE_RESPONSE_1"/>
</setOutcomeValue>
</responseIf>
</responseCondition>
<responseCondition>
<responseIf>
<isNull>
<variable identifier="vufgb-scatterplot-001-en-ans_964140360_section_1_item_1_schoice_RESPONSE_1_2822838"/>
</isNull>
<setOutcomeValue identifier="SCORE_RESPONSE_1">
<sum>
<variable identifier="SCORE_RESPONSE_1"/>
<baseValue baseType="float">0</baseValue>
</sum>
</setOutcomeValue>
</responseIf>
</responseCondition>
<setOutcomeValue identifier="SCORE">
<sum>
<variable identifier="SCORE_RESPONSE_1"/>
</sum>
</setOutcomeValue>
<responseCondition>
<responseIf>
<lt>
<variable identifier="SCORE"/>
<variable identifier="MINSCORE"/>
</lt>
<setOutcomeValue identifier="SCORE">
<variable identifier="MINSCORE"/>
</setOutcomeValue>
</responseIf>
</responseCondition>
<responseCondition>
<responseIf>
<lt>
<variable identifier="SCORE"/>
<baseValue baseType="float">1</baseValue>
</lt>
<setOutcomeValue identifier="FEEDBACKMODAL">
<multiple>
<variable identifier="FEEDBACKMODAL"/>
<baseValue baseType="identifier">Feedback335985434</baseValue>
</multiple>
</setOutcomeValue>
</responseIf>
</responseCondition>
</responseProcessing>
<modalFeedback outcomeIdentifier="FEEDBACK" showHide="show" identifier="incorrect">
<ul>
<li> Positive ; Strongly. <br /> Incorrect </li>
<li> Positive ; Weakly. <br /> Incorrect </li>
<li> Negative ; Strongly. <br /> Correct </li>
<li> Negative ; Weakly. <br /> Incorrect </li>
</ul>
</modalFeedback>
</assessmentItem>
