<?xml version="1.0" encoding="UTF-8"?>
<assessmentItem xsi:schemaLocation="http://www.imsglobal.org/xsd/imsqti_v2p1 http://www.imsglobal.org/xsd/qti/qtiv2p1/imsqti_v2p1p1.xsd http://www.w3.org/1998/Math/MathML http://www.w3.org/Math/XMLSchema/mathml2/mathml2.xsd" identifier="vufgb-alternativehypothesis-001-nl-qti_899801054_section_1_item_1_schoice" title="1" adaptive="false" timeDependent="false" xmlns="http://www.imsglobal.org/xsd/imsqti_v2p1" xmlns:xsi="http://www.w3.org/2001/XMLSchema-instance">
<responseDeclaration identifier="vufgb-alternativehypothesis-001-nl-qti_899801054_section_1_item_1_schoice_RESPONSE_1_5563993" cardinality="single" baseType="identifier">
<correctResponse>
<value>vufgb-alternativehypothesis-001-nl-qti_899801054_section_1_item_1_schoice_4_6323234457</value>
</correctResponse>
<mapping defaultValue="0" lowerBound="0.0">
<mapEntry mapKey="vufgb-alternativehypothesis-001-nl-qti_899801054_section_1_item_1_schoice_1_2039351616" mappedValue="0"/>
<mapEntry mapKey="vufgb-alternativehypothesis-001-nl-qti_899801054_section_1_item_1_schoice_2_5673979220" mappedValue="0"/>
<mapEntry mapKey="vufgb-alternativehypothesis-001-nl-qti_899801054_section_1_item_1_schoice_3_6130397832" mappedValue="0"/>
<mapEntry mapKey="vufgb-alternativehypothesis-001-nl-qti_899801054_section_1_item_1_schoice_4_6323234457" mappedValue="1"/>
</mapping>
</responseDeclaration>
<outcomeDeclaration identifier="SCORE" cardinality="single" baseType="float" normalMaximum="1" normalMinimum="0">
<defaultValue>
<value>0.0</value>
</defaultValue>
</outcomeDeclaration>
<outcomeDeclaration identifier="MAXSCORE" cardinality="single" baseType="float">
<defaultValue>
<value>1</value>
</defaultValue>
</outcomeDeclaration>
<outcomeDeclaration identifier="FEEDBACKBASIC" cardinality="single" baseType="identifier" view="testConstructor">
<defaultValue>
<value>empty</value>
</defaultValue>
</outcomeDeclaration>
<outcomeDeclaration identifier="FEEDBACKMODAL" cardinality="multiple" baseType="identifier" view="testConstructor"/>
<outcomeDeclaration identifier="SOLUTIONMODAL" cardinality="single" baseType="identifier" view="testConstructor"/>
<outcomeDeclaration identifier="MINSCORE" cardinality="single" baseType="float">
<defaultValue>
<value baseType="float">0</value>
</defaultValue>
</outcomeDeclaration>
<outcomeDeclaration identifier="SCORE_RESPONSE_1" cardinality="single" baseType="float">
<defaultValue>
<value>0.0</value>
</defaultValue>
</outcomeDeclaration>
<outcomeDeclaration identifier="MINSCORE_RESPONSE_1" cardinality="single" baseType="float">
<defaultValue>
<value>0.0</value>
</defaultValue>
</outcomeDeclaration>
<itemBody>
<p>Marleen wil toetsen of haar studenten significant minder studieproblemen hebben dan de algemene populatie studenten in Nederland. Zij doet dit door een eenzijdige toets voor een gemiddelde uit te voeren. Hoe ziet de alternatieve hypothese van deze toets eruit?</p>
<choiceInteraction responseIdentifier="vufgb-alternativehypothesis-001-nl-qti_899801054_section_1_item_1_schoice_RESPONSE_1_5563993" shuffle="false" maxChoices="1">
<simpleChoice identifier="vufgb-alternativehypothesis-001-nl-qti_899801054_section_1_item_1_schoice_1_2039351616">
<p>
 <math display="inline" xmlns="http://www.w3.org/1998/Math/MathML"><semantics><msub><mi>H</mi><mi>a</mi></msub><annotation encoding="application/x-tex">H_{a}</annotation></semantics></math>: <math display="inline" xmlns="http://www.w3.org/1998/Math/MathML"><semantics><mrow><mi>μ</mi><mo>=</mo><msub><mi>μ</mi><mn>0</mn></msub></mrow><annotation encoding="application/x-tex">\mu = \mu_{0}</annotation></semantics></math>
</p>
</simpleChoice>
<simpleChoice identifier="vufgb-alternativehypothesis-001-nl-qti_899801054_section_1_item_1_schoice_2_5673979220">
<p>
 <math display="inline" xmlns="http://www.w3.org/1998/Math/MathML"><semantics><msub><mi>H</mi><mi>a</mi></msub><annotation encoding="application/x-tex">H_{a}</annotation></semantics></math>: <math display="inline" xmlns="http://www.w3.org/1998/Math/MathML"><semantics><mrow><mi>μ</mi><mo>≠</mo><msub><mi>μ</mi><mn>0</mn></msub></mrow><annotation encoding="application/x-tex">\mu \neq \mu_{0}</annotation></semantics></math>
</p>
</simpleChoice>
<simpleChoice identifier="vufgb-alternativehypothesis-001-nl-qti_899801054_section_1_item_1_schoice_3_6130397832">
<p>
 <math display="inline" xmlns="http://www.w3.org/1998/Math/MathML"><semantics><msub><mi>H</mi><mi>a</mi></msub><annotation encoding="application/x-tex">H_{a}</annotation></semantics></math>: <math display="inline" xmlns="http://www.w3.org/1998/Math/MathML"><semantics><mrow><mi>μ</mi><mo>&gt;</mo><msub><mi>μ</mi><mn>0</mn></msub></mrow><annotation encoding="application/x-tex">\mu &gt; \mu_{0}</annotation></semantics></math>
</p>
</simpleChoice>
<simpleChoice identifier="vufgb-alternativehypothesis-001-nl-qti_899801054_section_1_item_1_schoice_4_6323234457">
<p>
 <math display="inline" xmlns="http://www.w3.org/1998/Math/MathML"><semantics><msub><mi>H</mi><mi>a</mi></msub><annotation encoding="application/x-tex">H_{a}</annotation></semantics></math>: <math display="inline" xmlns="http://www.w3.org/1998/Math/MathML"><semantics><mrow><mi>μ</mi><mo>&lt;</mo><msub><mi>μ</mi><mn>0</mn></msub></mrow><annotation encoding="application/x-tex">\mu &lt; \mu_{0}</annotation></semantics></math>
</p>
</simpleChoice>
</choiceInteraction>
</itemBody>
<responseProcessing>
<setOutcomeValue identifier="SCORE_RESPONSE_1">
<sum>
<variable identifier="SCORE_RESPONSE_1"/>
<mapResponse identifier="vufgb-alternativehypothesis-001-nl-qti_899801054_section_1_item_1_schoice_RESPONSE_1_5563993"/>
</sum>
</setOutcomeValue>
<responseCondition>
<responseIf>
<lt>
<variable identifier="SCORE_RESPONSE_1"/>
<variable identifier="MINSCORE_RESPONSE_1"/>
</lt>
<setOutcomeValue identifier="SCORE_RESPONSE_1">
<variable identifier="MINSCORE_RESPONSE_1"/>
</setOutcomeValue>
</responseIf>
</responseCondition>
<responseCondition>
<responseIf>
<isNull>
<variable identifier="vufgb-alternativehypothesis-001-nl-qti_899801054_section_1_item_1_schoice_RESPONSE_1_5563993"/>
</isNull>
<setOutcomeValue identifier="SCORE_RESPONSE_1">
<sum>
<variable identifier="SCORE_RESPONSE_1"/>
<baseValue baseType="float">0</baseValue>
</sum>
</setOutcomeValue>
</responseIf>
</responseCondition>
<setOutcomeValue identifier="SCORE">
<sum>
<variable identifier="SCORE_RESPONSE_1"/>
</sum>
</setOutcomeValue>
<responseCondition>
<responseIf>
<lt>
<variable identifier="SCORE"/>
<variable identifier="MINSCORE"/>
</lt>
<setOutcomeValue identifier="SCORE">
<variable identifier="MINSCORE"/>
</setOutcomeValue>
</responseIf>
</responseCondition>
<responseCondition>
<responseIf>
<lt>
<variable identifier="SCORE"/>
<baseValue baseType="float">1</baseValue>
</lt>
<setOutcomeValue identifier="FEEDBACKMODAL">
<multiple>
<variable identifier="FEEDBACKMODAL"/>
<baseValue baseType="identifier">Feedback115240237</baseValue>
</multiple>
</setOutcomeValue>
</responseIf>
</responseCondition>
</responseProcessing>
<modalFeedback identifier="Feedback115240237" outcomeIdentifier="FEEDBACKMODAL" showHide="show">
<ul>
<li> <math display="inline" xmlns="http://www.w3.org/1998/Math/MathML"><semantics><msub><mi>H</mi><mi>a</mi></msub><annotation encoding="application/x-tex">H_{a}</annotation></semantics></math>: <math display="inline" xmlns="http://www.w3.org/1998/Math/MathML"><semantics><mrow><mi>μ</mi><mo>=</mo><msub><mi>μ</mi><mn>0</mn></msub></mrow><annotation encoding="application/x-tex">\mu = \mu_{0}</annotation></semantics></math> <br /> Incorrect </li>
<li> <math display="inline" xmlns="http://www.w3.org/1998/Math/MathML"><semantics><msub><mi>H</mi><mi>a</mi></msub><annotation encoding="application/x-tex">H_{a}</annotation></semantics></math>: <math display="inline" xmlns="http://www.w3.org/1998/Math/MathML"><semantics><mrow><mi>μ</mi><mo>≠</mo><msub><mi>μ</mi><mn>0</mn></msub></mrow><annotation encoding="application/x-tex">\mu \neq \mu_{0}</annotation></semantics></math> <br /> Incorrect </li>
<li> <math display="inline" xmlns="http://www.w3.org/1998/Math/MathML"><semantics><msub><mi>H</mi><mi>a</mi></msub><annotation encoding="application/x-tex">H_{a}</annotation></semantics></math>: <math display="inline" xmlns="http://www.w3.org/1998/Math/MathML"><semantics><mrow><mi>μ</mi><mo>&gt;</mo><msub><mi>μ</mi><mn>0</mn></msub></mrow><annotation encoding="application/x-tex">\mu &gt; \mu_{0}</annotation></semantics></math> <br /> Incorrect </li>
<li> <math display="inline" xmlns="http://www.w3.org/1998/Math/MathML"><semantics><msub><mi>H</mi><mi>a</mi></msub><annotation encoding="application/x-tex">H_{a}</annotation></semantics></math>: <math display="inline" xmlns="http://www.w3.org/1998/Math/MathML"><semantics><mrow><mi>μ</mi><mo>&lt;</mo><msub><mi>μ</mi><mn>0</mn></msub></mrow><annotation encoding="application/x-tex">\mu &lt; \mu_{0}</annotation></semantics></math> <br /> Correct </li>
</ul>
</modalFeedback>
</assessmentItem>
