<?xml version="1.0" encoding="UTF-8"?>
<!DOCTYPE questestinterop SYSTEM "ims_qtiasiv1p2p1.dtd">

<questestinterop xmlns="http://www.imsglobal.org/xsd/ims_qtiasiv1p2" xmlns:xsi="http://www.w3.org/2001/XMLSchema-instance" xsi:schemaLocation="http://www.imsglobal.org/xsd/ims_qtiasiv1p2 http://www.imsglobal.org/xsd/ims_qtiasiv1p2p1.xsd">
<assessment ident="uva-random-variables-449-nl-canvas_244336386" title="uva-random-variables-449-nl-canvas">

<qtimetadata>
<qtimetadatafield>
<fieldlabel>cc_maxattempts</fieldlabel>
<fieldentry>1</fieldentry>
</qtimetadatafield>
<qtimetadatafield>
<fieldlabel>qmd_assessmenttype</fieldlabel>
<fieldentry>Assessment</fieldentry>
</qtimetadatafield>
</qtimetadata>
<objectives>
<material>
<mattext><![CDATA[Please solve the following exercises.]]></mattext>
</material>
</objectives>
<assessmentcontrol feedbackswitch="No" hintswitch="No" solutionswitch="Yes"/>
<outcomes_processing scoremodel="SumOfScores">
<outcomes>
<decvar varname="SCORE" vartype="Decimal" cutvalue="0"/>
</outcomes>
</outcomes_processing>
<assessfeedback title="AssessmentFeedback" ident="AssessmentFeedback">
<flow_mat>
<material>
<mattext>##AssessmentFeedback##</mattext>
</material>
</flow_mat>
</assessfeedback>

<section ident="uva-random-variables-449-nl-canvas_244336386_section_1" title="Exercise">

<objectives>
<material>
<mattext><![CDATA[Please answer the following question.]]></mattext>
</material>
</objectives>
<selection_ordering>
<selection>
<selection_number>1</selection_number>
<selection_extension>
<points_per_item>1</points_per_item>
</selection_extension>
</selection>
<order order_type="Random"/>
</selection_ordering>

<item ident="uva-random-variables-449-nl-canvas_244336386_section_1_item_1_schoice" title="Question" maxattempts="1">
<itemcontrol feedbackswitch="No" hintswitch="No" solutionswitch="Yes"/>
<itemmetadata>
<qtimetadata>
<qtimetadatafield>
<fieldlabel>question_type</fieldlabel>
<fieldentry>multiple_choice_question</fieldentry>
</qtimetadatafield>
</qtimetadata>
</itemmetadata>
<presentation>
<flow>
<material>
<matbreak/>
<mattext texttype="text/html" charset="utf-8"><![CDATA[
<p>Van 100 personen is de systolische bloeddruk (SB) gemeten en in drie
klassen ingedeeld: 1 = laag, 2 = middel en 3 = hoog. Tevens is het
lichamelijke activiteitengedrag (AG) gemeten en in drie klassen
ingedeeld: 1 = zelden, 2 = soms, 3 = regelmatig. De uitkomsten zijn in
onderstaande kruistabel weergegeven:</p>
<table>
<tbody>
<tr class="odd">
<td align="left">frequenties</td>
<td align="left">SB = 1</td>
<td align="left">SB = 2</td>
<td align="left">SB = 3</td>
</tr>
<tr class="even">
<td align="left">AG = 1</td>
<td align="left">4</td>
<td align="left">12</td>
<td align="left">14</td>
</tr>
<tr class="odd">
<td align="left">AG = 2</td>
<td align="left">13</td>
<td align="left">25</td>
<td align="left">12</td>
</tr>
<tr class="even">
<td align="left">AG = 3</td>
<td align="left">8</td>
<td align="left">8</td>
<td align="left">4</td>
</tr>
</tbody>
</table>
<p>Hoe groot is voor deze 100 personen P(SB =3 ||| AG = 3)?</p>
]]></mattext>
<matbreak/>
</material>
<response_lid ident="uva-random-variables-449-nl-canvas_244336386_section_1_item_1_schoice_RESPONSE_4357877" rcardinality="Single" rtiming="No">
<render_choice shuffle="No">
<flow_label class="List">
<response_label ident="uva-random-variables-449-nl-canvas_244336386_section_1_item_1_schoice_4013888094" rshuffle="No">
<material>
<mattext texttype="text/html" charset="utf-8"><![CDATA[
 0.04
]]></mattext>
</material>
</response_label>
</flow_label>
<flow_label class="List">
<response_label ident="uva-random-variables-449-nl-canvas_244336386_section_1_item_1_schoice_1882675877" rshuffle="No">
<material>
<mattext texttype="text/html" charset="utf-8"><![CDATA[
 0.13
]]></mattext>
</material>
</response_label>
</flow_label>
<flow_label class="List">
<response_label ident="uva-random-variables-449-nl-canvas_244336386_section_1_item_1_schoice_4457682640" rshuffle="No">
<material>
<mattext texttype="text/html" charset="utf-8"><![CDATA[
 0.2
]]></mattext>
</material>
</response_label>
</flow_label>
<flow_label class="List">
<response_label ident="uva-random-variables-449-nl-canvas_244336386_section_1_item_1_schoice_1459038060" rshuffle="No">
<material>
<mattext texttype="text/html" charset="utf-8"><![CDATA[
 0.46
]]></mattext>
</material>
</response_label>
</flow_label>
</render_choice>
</response_lid>
</flow>
</presentation>
<resprocessing>
<outcomes>
<decvar varname="SCORE" vartype="Decimal" defaultval="0" minvalue="0" maxvalue="1" cutvalue="1"/>
</outcomes>
<respcondition title="Mastery" continue="No">
<conditionvar>
<and>
<varequal respident="uva-random-variables-449-nl-canvas_244336386_section_1_item_1_schoice_RESPONSE_4357877" case="Yes">uva-random-variables-449-nl-canvas_244336386_section_1_item_1_schoice_4457682640</varequal>
<not> <varequal respident="uva-random-variables-449-nl-canvas_244336386_section_1_item_1_schoice_RESPONSE_4357877" case="Yes">uva-random-variables-449-nl-canvas_244336386_section_1_item_1_schoice_4013888094</varequal> </not>
<not> <varequal respident="uva-random-variables-449-nl-canvas_244336386_section_1_item_1_schoice_RESPONSE_4357877" case="Yes">uva-random-variables-449-nl-canvas_244336386_section_1_item_1_schoice_1882675877</varequal> </not>
<not> <varequal respident="uva-random-variables-449-nl-canvas_244336386_section_1_item_1_schoice_RESPONSE_4357877" case="Yes">uva-random-variables-449-nl-canvas_244336386_section_1_item_1_schoice_1459038060</varequal> </not>
</and>
</conditionvar>
<setvar varname="SCORE" action="Set">1</setvar>
<displayfeedback feedbacktype="Response" linkrefid="correct_fb"/>
</respcondition>
<respcondition continue="Yes">
<conditionvar>
<other/>
</conditionvar>
<displayfeedback feedbacktype="Response" linkrefid="general_incorrect_fb"/>
</respcondition>
</resprocessing>
<itemfeedback ident="correct_fb" view="All">
<flow_mat>
<material>
<mattext texttype="text/html"><![CDATA[
<ul>
<li> 0.04 <br /> 0.04: Incorrect </li>
<li> 0.13 <br /> 0.13: Incorrect </li>
<li> 0.2 <br /> 0.2: Correct </li>
<li> 0.46 <br /> 0.46: Incorrect </li>
</ul>
]]></mattext>
</material>
</flow_mat>
</itemfeedback>
<itemfeedback ident="general_incorrect_fb" view="All">
<flow_mat>
<material>
<mattext texttype="text/html"><![CDATA[
<ul>
<li> 0.04 <br /> 0.04: Incorrect </li>
<li> 0.13 <br /> 0.13: Incorrect </li>
<li> 0.2 <br /> 0.2: Correct </li>
<li> 0.46 <br /> 0.46: Incorrect </li>
</ul>
]]></mattext>
</material>
</flow_mat>
</itemfeedback>
</item>


</section>

</assessment>
</questestinterop>
