<?xml version="1.0" encoding="UTF-8"?>
<assessmentItem xsi:schemaLocation="http://www.imsglobal.org/xsd/imsqti_v2p1 http://www.imsglobal.org/xsd/qti/qtiv2p1/imsqti_v2p1p1.xsd http://www.w3.org/1998/Math/MathML http://www.w3.org/Math/XMLSchema/mathml2/mathml2.xsd" identifier="uva-sample-mean-1355-nl-qti_303268516_section_1_item_1_schoice" title="1" adaptive="false" timeDependent="false" xmlns="http://www.imsglobal.org/xsd/imsqti_v2p1" xmlns:xsi="http://www.w3.org/2001/XMLSchema-instance">
<responseDeclaration identifier="uva-sample-mean-1355-nl-qti_303268516_section_1_item_1_schoice_RESPONSE_1_3708654" cardinality="single" baseType="identifier">
<correctResponse>
<value>uva-sample-mean-1355-nl-qti_303268516_section_1_item_1_schoice_3_3098217902</value>
</correctResponse>
<mapping defaultValue="0" lowerBound="0.0">
<mapEntry mapKey="uva-sample-mean-1355-nl-qti_303268516_section_1_item_1_schoice_1_7805674735" mappedValue="0"/>
<mapEntry mapKey="uva-sample-mean-1355-nl-qti_303268516_section_1_item_1_schoice_2_1307134955" mappedValue="0"/>
<mapEntry mapKey="uva-sample-mean-1355-nl-qti_303268516_section_1_item_1_schoice_3_3098217902" mappedValue="1"/>
<mapEntry mapKey="uva-sample-mean-1355-nl-qti_303268516_section_1_item_1_schoice_4_5560424878" mappedValue="0"/>
</mapping>
</responseDeclaration>
<outcomeDeclaration identifier="SCORE" cardinality="single" baseType="float" normalMaximum="1" normalMinimum="0">
<defaultValue>
<value>0.0</value>
</defaultValue>
</outcomeDeclaration>
<outcomeDeclaration identifier="MAXSCORE" cardinality="single" baseType="float">
<defaultValue>
<value>1</value>
</defaultValue>
</outcomeDeclaration>
<outcomeDeclaration identifier="FEEDBACKBASIC" cardinality="single" baseType="identifier" view="testConstructor">
<defaultValue>
<value>empty</value>
</defaultValue>
</outcomeDeclaration>
<outcomeDeclaration identifier="FEEDBACKMODAL" cardinality="multiple" baseType="identifier" view="testConstructor"/>
<outcomeDeclaration identifier="SOLUTIONMODAL" cardinality="single" baseType="identifier" view="testConstructor"/>
<outcomeDeclaration identifier="MINSCORE" cardinality="single" baseType="float">
<defaultValue>
<value baseType="float">0</value>
</defaultValue>
</outcomeDeclaration>
<outcomeDeclaration identifier="SCORE_RESPONSE_1" cardinality="single" baseType="float">
<defaultValue>
<value>0.0</value>
</defaultValue>
</outcomeDeclaration>
<outcomeDeclaration identifier="MINSCORE_RESPONSE_1" cardinality="single" baseType="float">
<defaultValue>
<value>0.0</value>
</defaultValue>
</outcomeDeclaration>
<itemBody>
<p>Een populatie bevat vijf nummers: 2, 3, 6, 8 en 11. Wat is dan het
gemiddelde van de populatie?</p>
<choiceInteraction responseIdentifier="uva-sample-mean-1355-nl-qti_303268516_section_1_item_1_schoice_RESPONSE_1_3708654" shuffle="false" maxChoices="1">
<simpleChoice identifier="uva-sample-mean-1355-nl-qti_303268516_section_1_item_1_schoice_1_7805674735">
<p>
 3
</p>
</simpleChoice>
<simpleChoice identifier="uva-sample-mean-1355-nl-qti_303268516_section_1_item_1_schoice_2_1307134955">
<p>
 5,5
</p>
</simpleChoice>
<simpleChoice identifier="uva-sample-mean-1355-nl-qti_303268516_section_1_item_1_schoice_3_3098217902">
<p>
 6
</p>
</simpleChoice>
<simpleChoice identifier="uva-sample-mean-1355-nl-qti_303268516_section_1_item_1_schoice_4_5560424878">
<p>
 6,5
</p>
</simpleChoice>
</choiceInteraction>
</itemBody>
<responseProcessing>
<setOutcomeValue identifier="SCORE_RESPONSE_1">
<sum>
<variable identifier="SCORE_RESPONSE_1"/>
<mapResponse identifier="uva-sample-mean-1355-nl-qti_303268516_section_1_item_1_schoice_RESPONSE_1_3708654"/>
</sum>
</setOutcomeValue>
<responseCondition>
<responseIf>
<lt>
<variable identifier="SCORE_RESPONSE_1"/>
<variable identifier="MINSCORE_RESPONSE_1"/>
</lt>
<setOutcomeValue identifier="SCORE_RESPONSE_1">
<variable identifier="MINSCORE_RESPONSE_1"/>
</setOutcomeValue>
</responseIf>
</responseCondition>
<responseCondition>
<responseIf>
<isNull>
<variable identifier="uva-sample-mean-1355-nl-qti_303268516_section_1_item_1_schoice_RESPONSE_1_3708654"/>
</isNull>
<setOutcomeValue identifier="SCORE_RESPONSE_1">
<sum>
<variable identifier="SCORE_RESPONSE_1"/>
<baseValue baseType="float">0</baseValue>
</sum>
</setOutcomeValue>
</responseIf>
</responseCondition>
<setOutcomeValue identifier="SCORE">
<sum>
<variable identifier="SCORE_RESPONSE_1"/>
</sum>
</setOutcomeValue>
<responseCondition>
<responseIf>
<lt>
<variable identifier="SCORE"/>
<variable identifier="MINSCORE"/>
</lt>
<setOutcomeValue identifier="SCORE">
<variable identifier="MINSCORE"/>
</setOutcomeValue>
</responseIf>
</responseCondition>
<responseCondition>
<responseIf>
<lt>
<variable identifier="SCORE"/>
<baseValue baseType="float">1</baseValue>
</lt>
<setOutcomeValue identifier="FEEDBACKMODAL">
<multiple>
<variable identifier="FEEDBACKMODAL"/>
<baseValue baseType="identifier">Feedback563682802</baseValue>
</multiple>
</setOutcomeValue>
</responseIf>
</responseCondition>
</responseProcessing>
<modalFeedback identifier="Feedback563682802" outcomeIdentifier="FEEDBACKMODAL" showHide="show">
<ul>
<li> 3 <br /> 3: Incorrect </li>
<li> 5,5 <br /> 5,5: Incorrect </li>
<li> 6 <br /> 6: Correct </li>
<li> 6,5 <br /> 6,5: Incorrect </li>
</ul>
</modalFeedback>
</assessmentItem>
