<?xml version="1.0" encoding="utf-8" standalone="yes"?>
<assessmentItem identifier="uu-Independent-samples-means-806-nl-tv_202601131823_item_1_schoice" title="uu-Independent-samples-means-806-nl-tv_202601131823_item_1_schoice_uu-Independent-samples-means-806-nl" adaptive="false" timeDependent="false" toolName="Testvision Online" toolVersion="39.0.9084" xmlns="http://www.imsglobal.org/xsd/imsqti_v2p1">
<responseDeclaration identifier="RESPONSE" cardinality="single" baseType="identifier">
<correctResponse>
<value>alt_208327</value>
</correctResponse>
<mapping defaultValue="0" lowerBound="0.0">
<mapEntry mapKey="alt_208327" mappedValue="1"/>
<mapEntry mapKey="alt_910312" mappedValue="-0.333333333333333"/>
<mapEntry mapKey="alt_201810" mappedValue="-0.333333333333333"/>
<mapEntry mapKey="alt_180009" mappedValue="-0.333333333333333"/>
</mapping>
</responseDeclaration>
<outcomeDeclaration identifier="SCORE" cardinality="single" baseType="float" normalMaximum="1" normalMinimum="0" />
<outcomeDeclaration identifier="FEEDBACK" cardinality="single" baseType="identifier" />
<stylesheet href="css/uu-Independent-samples-means-806-nl-tv_202601131823_item_1_schoice.css" type="text/css" />
<itemBody>
<p>Een onderzoeker verwacht dat mannelijke studenten beter presteren op een bepaalde test dan vrouwelijke studenten. Om dit te onderzoeken nodigt hij 13 mannen en 17 vrouwen uit om een wiskundige test te maken. Alle deelnemers maken exact dezelfde test en krijgen alle tijd die ze nodig hebben. De onderzoeker scoort vervolgens de juiste antwoorden en voert een t-test uit in SPSS. De uitvoer van de SPSS-analyse van deze test staat hieronder.</p>
<p><img src="mediafiles/supplements1/uu-Independent-samples-means-806-en-tabel.jpg" alt="image"/></p>
<choiceInteraction responseIdentifier="RESPONSE" shuffle="false" maxChoices="1">
<simpleChoice identifier="alt_208327">
<div class="textblock tvblock tvcss_1"><div class="rte_zone tveditor1">
 Cutoff = 1,701 met 28 vrijheidsgraden
</div>
</div>
</simpleChoice>
<simpleChoice identifier="alt_910312">
<div class="textblock tvblock tvcss_1"><div class="rte_zone tveditor1">
 Afkappunt = 1,699 met 29 vrijheidsgraden
</div>
</div>
</simpleChoice>
<simpleChoice identifier="alt_201810">
<div class="textblock tvblock tvcss_1"><div class="rte_zone tveditor1">
 Afkappunt = 2,049 met 28 vrijheidsgraden
</div>
</div>
</simpleChoice>
<simpleChoice identifier="alt_180009">
<div class="textblock tvblock tvcss_1"><div class="rte_zone tveditor1">
 Afkappunt = 2,045 met 29 vrijheidsgraden
</div>
</div>
</simpleChoice>
</choiceInteraction>
</itemBody>
<responseProcessing>
<responseCondition>
<responseIf>
<isNull>
<variable identifier="RESPONSE"/>
</isNull>
<setOutcomeValue identifier="SCORE">
<baseValue baseType="float">0.0</baseValue>
</setOutcomeValue>
<setOutcomeValue identifier="FEEDBACK">
<baseValue baseType="identifier">FAILURE</baseValue>
</setOutcomeValue>
</responseIf>
<responseElse>
<setOutcomeValue identifier="SCORE">
<mapResponse identifier="RESPONSE"/>
</setOutcomeValue>
<responseCondition>
<responseIf>
<equal toleranceMode="relative" tolerance="0.001">
<variable identifier="SCORE"/>
<variable identifier="MAXSCORE"/>
</equal>
<setOutcomeValue identifier="FEEDBACK">
<baseValue baseType="identifier">ANSWER_CORRECT</baseValue>
</setOutcomeValue>
</responseIf>
<responseElse>
<setOutcomeValue identifier="FEEDBACK">
<baseValue baseType="identifier">FAILURE</baseValue>
</setOutcomeValue>
</responseElse>
</responseCondition>
</responseElse>
</responseCondition>
</responseProcessing>
<modalFeedback identifier="FAILURE" outcomeIdentifier="FEEDBACK" showHide="show">
<div class="textblock tvblock tvcss_1"><div class="rte_zone tveditor1">
</div>
</div>
</modalFeedback>
<modalFeedback identifier="ANSWER_CORRECT" outcomeIdentifier="FEEDBACK" showHide="show">
<div class="textblock tvblock tvcss_1"><div class="rte_zone tveditor1">
</div>
</div>
</modalFeedback>
<modalFeedback identifier="PARTIAL_CORRECT" outcomeIdentifier="FEEDBACK" showHide="show">
<div class="textblock tvblock tvcss_1"><div class="rte_zone tveditor1">
</div>
</div>
</modalFeedback>
</assessmentItem>
