<?xml version="1.0" encoding="UTF-8"?>
<assessmentItem xsi:schemaLocation="http://www.imsglobal.org/xsd/imsqti_v2p1 http://www.imsglobal.org/xsd/qti/qtiv2p1/imsqti_v2p1p1.xsd http://www.w3.org/1998/Math/MathML http://www.w3.org/Math/XMLSchema/mathml2/mathml2.xsd" identifier="uva-conditional-probability-691-nl-ans_327777718_section_1_item_1_schoice" title="Probability_uva-conditional-probability-691-nl_uva-conditional-probability-691-nl_schoice_1" adaptive="false" timeDependent="false" xmlns="http://www.imsglobal.org/xsd/imsqti_v2p1" xmlns:xsi="http://www.w3.org/2001/XMLSchema-instance">
<responseDeclaration identifier="uva-conditional-probability-691-nl-ans_327777718_section_1_item_1_schoice_RESPONSE_1_1136853" cardinality="single" baseType="identifier">
<correctResponse>
<value>uva-conditional-probability-691-nl-ans_327777718_section_1_item_1_schoice_3_3595651151</value>
</correctResponse>
<mapping defaultValue="0" lowerBound="0.0">
<mapEntry mapKey="uva-conditional-probability-691-nl-ans_327777718_section_1_item_1_schoice_1_2485055615" mappedValue="0"/>
<mapEntry mapKey="uva-conditional-probability-691-nl-ans_327777718_section_1_item_1_schoice_2_2927939100" mappedValue="0"/>
<mapEntry mapKey="uva-conditional-probability-691-nl-ans_327777718_section_1_item_1_schoice_3_3595651151" mappedValue="1"/>
<mapEntry mapKey="uva-conditional-probability-691-nl-ans_327777718_section_1_item_1_schoice_4_7081472700" mappedValue="0"/>
</mapping>
</responseDeclaration>
<outcomeDeclaration identifier="SCORE" cardinality="single" baseType="float" normalMaximum="1" normalMinimum="0">
<defaultValue>
<value>0.0</value>
</defaultValue>
</outcomeDeclaration>
<outcomeDeclaration identifier="MAXSCORE" cardinality="single" baseType="float">
<defaultValue>
<value>1</value>
</defaultValue>
</outcomeDeclaration>
<outcomeDeclaration identifier="FEEDBACKBASIC" cardinality="single" baseType="identifier" view="testConstructor">
<defaultValue>
<value>empty</value>
</defaultValue>
</outcomeDeclaration>
<outcomeDeclaration identifier="FEEDBACKMODAL" cardinality="multiple" baseType="identifier" view="testConstructor"/>
<outcomeDeclaration identifier="SOLUTIONMODAL" cardinality="single" baseType="identifier" view="testConstructor"/>
<outcomeDeclaration identifier="MINSCORE" cardinality="single" baseType="float">
<defaultValue>
<value baseType="float">0</value>
</defaultValue>
</outcomeDeclaration>
<outcomeDeclaration identifier="SCORE_RESPONSE_1" cardinality="single" baseType="float">
<defaultValue>
<value>0.0</value>
</defaultValue>
</outcomeDeclaration>
<outcomeDeclaration identifier="MINSCORE_RESPONSE_1" cardinality="single" baseType="float">
<defaultValue>
<value>0.0</value>
</defaultValue>
</outcomeDeclaration>
<itemBody>
<p>Hieronder zie je een tabel met daarin het aantal mensen dat zelfmoord
heeft gepleegd in 2008.</p>
<table>
<tbody>
<tr class="odd">
<td align="left"> </td>
<td align="left">Mannen</td>
<td align="left">Vrouwen</td>
<td align="left">Totaal</td>
</tr>
<tr class="even">
<td align="left">Met vuurwapen</td>
<td align="left">12.381</td>
<td align="left">1.559</td>
<td align="left">13.940</td>
</tr>
<tr class="odd">
<td align="left">Anders</td>
<td align="left">9.042</td>
<td align="left">2.300</td>
<td align="left">11.342</td>
</tr>
<tr class="even">
<td align="left">Totaal</td>
<td align="left">21.423</td>
<td align="left">3.859</td>
<td align="left">25.282</td>
</tr>
</tbody>
</table>
<p>Hoe groot is de kans dat de gekozen zelfmoordpleger een vuurwapen heeft
gebruikt, gegeven het feit dat het een man is?</p>
<choiceInteraction responseIdentifier="uva-conditional-probability-691-nl-ans_327777718_section_1_item_1_schoice_RESPONSE_1_1136853" shuffle="false" maxChoices="1">
<simpleChoice identifier="uva-conditional-probability-691-nl-ans_327777718_section_1_item_1_schoice_1_2485055615">
<p>
 0,49
</p>
</simpleChoice>
<simpleChoice identifier="uva-conditional-probability-691-nl-ans_327777718_section_1_item_1_schoice_2_2927939100">
<p>
 0,55
</p>
</simpleChoice>
<simpleChoice identifier="uva-conditional-probability-691-nl-ans_327777718_section_1_item_1_schoice_3_3595651151">
<p>
 0,58
</p>
</simpleChoice>
<simpleChoice identifier="uva-conditional-probability-691-nl-ans_327777718_section_1_item_1_schoice_4_7081472700">
<p>
 0,89
</p>
</simpleChoice>
</choiceInteraction>
</itemBody>
<responseProcessing>
<setOutcomeValue identifier="SCORE_RESPONSE_1">
<sum>
<variable identifier="SCORE_RESPONSE_1"/>
<mapResponse identifier="uva-conditional-probability-691-nl-ans_327777718_section_1_item_1_schoice_RESPONSE_1_1136853"/>
</sum>
</setOutcomeValue>
<responseCondition>
<responseIf>
<lt>
<variable identifier="SCORE_RESPONSE_1"/>
<variable identifier="MINSCORE_RESPONSE_1"/>
</lt>
<setOutcomeValue identifier="SCORE_RESPONSE_1">
<variable identifier="MINSCORE_RESPONSE_1"/>
</setOutcomeValue>
</responseIf>
</responseCondition>
<responseCondition>
<responseIf>
<isNull>
<variable identifier="uva-conditional-probability-691-nl-ans_327777718_section_1_item_1_schoice_RESPONSE_1_1136853"/>
</isNull>
<setOutcomeValue identifier="SCORE_RESPONSE_1">
<sum>
<variable identifier="SCORE_RESPONSE_1"/>
<baseValue baseType="float">0</baseValue>
</sum>
</setOutcomeValue>
</responseIf>
</responseCondition>
<setOutcomeValue identifier="SCORE">
<sum>
<variable identifier="SCORE_RESPONSE_1"/>
</sum>
</setOutcomeValue>
<responseCondition>
<responseIf>
<lt>
<variable identifier="SCORE"/>
<variable identifier="MINSCORE"/>
</lt>
<setOutcomeValue identifier="SCORE">
<variable identifier="MINSCORE"/>
</setOutcomeValue>
</responseIf>
</responseCondition>
<responseCondition>
<responseIf>
<lt>
<variable identifier="SCORE"/>
<baseValue baseType="float">1</baseValue>
</lt>
<setOutcomeValue identifier="FEEDBACKMODAL">
<multiple>
<variable identifier="FEEDBACKMODAL"/>
<baseValue baseType="identifier">Feedback329258346</baseValue>
</multiple>
</setOutcomeValue>
</responseIf>
</responseCondition>
</responseProcessing>
<modalFeedback outcomeIdentifier="FEEDBACK" showHide="show" identifier="incorrect">
<ul>
<li> 0,49 <br /> 0,49: Incorrect </li>
<li> 0,55 <br /> 0,55: Incorrect </li>
<li> 0,58 <br /> 0,58: Correct </li>
<li> 0,89 <br /> 0,89: Incorrect </li>
</ul>
</modalFeedback>
</assessmentItem>
