<?xml version="1.0" encoding="UTF-8"?>
<manifest xsi:schemaLocation="http://www.imsglobal.org/xsd/imscp_v1p1 http://www.imsglobal.org/xsd/qti/qtiv2p1/qtiv2p1_imscpv1p2_v1p0.xsd http://www.imsglobal.org/xsd/imsqti_v2p1 http://www.imsglobal.org/xsd/qti/qtiv2p1/imsqti_v2p1p1.xsd http://www.imsglobal.org/xsd/imsqti_metadata_v2p1 http://www.imsglobal.org/xsd/qti/qtiv2p1/imsqti_metadata_v2p1p1.xsd http://ltsc.ieee.org/xsd/LOM http://www.imsglobal.org/xsd/imsmd_loose_v1p3p2.xsd http://www.w3.org/1998/Math/MathML http://www.w3.org/Math/XMLSchema/mathml2/mathml2.xsd" identifier="eur-descriptive-203-en-ans_964549000_manifest" xmlns="http://www.imsglobal.org/xsd/imscp_v1p1" xmlns:xsi="http://www.w3.org/2001/XMLSchema-instance">
<metadata>
<schema>QTIv2.1 Package</schema>
<schemaversion>1.0.0</schemaversion>
</metadata>
<organizations/>
<resources>
<resource identifier="eur-descriptive-203-en-ans_964549000_id" type="imsqti_test_xmlv2p1" href="eur-descriptive-203-en-ans_964549000.xml">
<metadata>
<lom xmlns="http://ltsc.ieee.org/xsd/LOM">
<general>
<identifier>
<entry>eur-descriptive-203-en-ans_964549000</entry>
</identifier>
<title>
<string language="en_US">eur-descriptive-203-en-ans</string>
</title>
<description>
<string language="en_US">Please solve the following exercises.</string>
</description>
</general>
<lifeCycle>
<contribute>
<role>
<source>LOMv1.0</source>
<value>author</value>
</role>
<entity>R/exams</entity>
<date>
<dateTime>2025-10-07T17:27:11</dateTime>
</date>
</contribute>
</lifeCycle>
</lom>
</metadata>
<file href="eur-descriptive-203-en-ans_964549000.xml"/>
<dependency identifierref="eur-descriptive-203-en-ans_964549000_section_1_item_1_num_id"/>
</resource>
<resource identifier="media_supplements1_eur-descriptive-203-en-data.csv_id" type="imsqti_item_xmlv2p1" href="media/supplements1/eur-descriptive-203-en-data.csv">
<file href="media/supplements1/eur-descriptive-203-en-data.csv"/>
</resource>
<resource identifier="media_supplements1_eur-descriptive-203-en-data.sav_id" type="imsqti_item_xmlv2p1" href="media/supplements1/eur-descriptive-203-en-data.sav">
<file href="media/supplements1/eur-descriptive-203-en-data.sav"/>
</resource>
<resource identifier="eur-descriptive-203-en-ans_964549000_section_1_item_1_num_id" type="imsqti_item_xmlv2p1" href="eur-descriptive-203-en-ans_964549000_section_1_item_1_num.xml">
<file href="eur-descriptive-203-en-ans_964549000_section_1_item_1_num.xml"/>
</resource>
</resources>
</manifest>
