<?xml version="1.0" encoding="UTF-8"?>
<assessmentItem xsi:schemaLocation="http://www.imsglobal.org/xsd/imsqti_v2p1 http://www.imsglobal.org/xsd/qti/qtiv2p1/imsqti_v2p1p1.xsd http://www.w3.org/1998/Math/MathML http://www.w3.org/Math/XMLSchema/mathml2/mathml2.xsd" identifier="vufgb-etasquared-017-nl-ans_352845333_section_1_item_1_schoice" title="Inferential_Statistics_vufgb-etasquared-017-nl_vufgb-etasquared-017-nl_schoice_1" adaptive="false" timeDependent="false" xmlns="http://www.imsglobal.org/xsd/imsqti_v2p1" xmlns:xsi="http://www.w3.org/2001/XMLSchema-instance">
<responseDeclaration identifier="vufgb-etasquared-017-nl-ans_352845333_section_1_item_1_schoice_RESPONSE_1_8813414" cardinality="single" baseType="identifier">
<correctResponse>
<value>vufgb-etasquared-017-nl-ans_352845333_section_1_item_1_schoice_2_1712826533</value>
</correctResponse>
<mapping defaultValue="0" lowerBound="0.0">
<mapEntry mapKey="vufgb-etasquared-017-nl-ans_352845333_section_1_item_1_schoice_1_9233355973" mappedValue="0"/>
<mapEntry mapKey="vufgb-etasquared-017-nl-ans_352845333_section_1_item_1_schoice_2_1712826533" mappedValue="1"/>
<mapEntry mapKey="vufgb-etasquared-017-nl-ans_352845333_section_1_item_1_schoice_3_6507668429" mappedValue="0"/>
<mapEntry mapKey="vufgb-etasquared-017-nl-ans_352845333_section_1_item_1_schoice_4_1915008983" mappedValue="0"/>
</mapping>
</responseDeclaration>
<outcomeDeclaration identifier="SCORE" cardinality="single" baseType="float" normalMaximum="1" normalMinimum="0">
<defaultValue>
<value>0.0</value>
</defaultValue>
</outcomeDeclaration>
<outcomeDeclaration identifier="MAXSCORE" cardinality="single" baseType="float">
<defaultValue>
<value>1</value>
</defaultValue>
</outcomeDeclaration>
<outcomeDeclaration identifier="FEEDBACKBASIC" cardinality="single" baseType="identifier" view="testConstructor">
<defaultValue>
<value>empty</value>
</defaultValue>
</outcomeDeclaration>
<outcomeDeclaration identifier="FEEDBACKMODAL" cardinality="multiple" baseType="identifier" view="testConstructor"/>
<outcomeDeclaration identifier="SOLUTIONMODAL" cardinality="single" baseType="identifier" view="testConstructor"/>
<outcomeDeclaration identifier="MINSCORE" cardinality="single" baseType="float">
<defaultValue>
<value baseType="float">0</value>
</defaultValue>
</outcomeDeclaration>
<outcomeDeclaration identifier="SCORE_RESPONSE_1" cardinality="single" baseType="float">
<defaultValue>
<value>0.0</value>
</defaultValue>
</outcomeDeclaration>
<outcomeDeclaration identifier="MINSCORE_RESPONSE_1" cardinality="single" baseType="float">
<defaultValue>
<value>0.0</value>
</defaultValue>
</outcomeDeclaration>
<itemBody>
<p>Gegeven is onderstaande incomplete ANOVA tabel van een tweewegs variantieanalyse (two-way ANOVA) zonder interactie.</p>
<p>Bereken de partiele <span class="math inline">\(\eta^{2}\)</span> voor Conditie.</p>
<p><img src="media/supplements1/vufgb-etasquared-017-nl-table01.jpg" /></p>
<choiceInteraction responseIdentifier="vufgb-etasquared-017-nl-ans_352845333_section_1_item_1_schoice_RESPONSE_1_8813414" shuffle="false" maxChoices="1">
<simpleChoice identifier="vufgb-etasquared-017-nl-ans_352845333_section_1_item_1_schoice_1_9233355973">
<p>
 0.039
</p>
</simpleChoice>
<simpleChoice identifier="vufgb-etasquared-017-nl-ans_352845333_section_1_item_1_schoice_2_1712826533">
<p>
 0.041
</p>
</simpleChoice>
<simpleChoice identifier="vufgb-etasquared-017-nl-ans_352845333_section_1_item_1_schoice_3_6507668429">
<p>
 0.043
</p>
</simpleChoice>
<simpleChoice identifier="vufgb-etasquared-017-nl-ans_352845333_section_1_item_1_schoice_4_1915008983">
<p>
 0.197
</p>
</simpleChoice>
</choiceInteraction>
</itemBody>
<responseProcessing>
<setOutcomeValue identifier="SCORE_RESPONSE_1">
<sum>
<variable identifier="SCORE_RESPONSE_1"/>
<mapResponse identifier="vufgb-etasquared-017-nl-ans_352845333_section_1_item_1_schoice_RESPONSE_1_8813414"/>
</sum>
</setOutcomeValue>
<responseCondition>
<responseIf>
<lt>
<variable identifier="SCORE_RESPONSE_1"/>
<variable identifier="MINSCORE_RESPONSE_1"/>
</lt>
<setOutcomeValue identifier="SCORE_RESPONSE_1">
<variable identifier="MINSCORE_RESPONSE_1"/>
</setOutcomeValue>
</responseIf>
</responseCondition>
<responseCondition>
<responseIf>
<isNull>
<variable identifier="vufgb-etasquared-017-nl-ans_352845333_section_1_item_1_schoice_RESPONSE_1_8813414"/>
</isNull>
<setOutcomeValue identifier="SCORE_RESPONSE_1">
<sum>
<variable identifier="SCORE_RESPONSE_1"/>
<baseValue baseType="float">0</baseValue>
</sum>
</setOutcomeValue>
</responseIf>
</responseCondition>
<setOutcomeValue identifier="SCORE">
<sum>
<variable identifier="SCORE_RESPONSE_1"/>
</sum>
</setOutcomeValue>
<responseCondition>
<responseIf>
<lt>
<variable identifier="SCORE"/>
<variable identifier="MINSCORE"/>
</lt>
<setOutcomeValue identifier="SCORE">
<variable identifier="MINSCORE"/>
</setOutcomeValue>
</responseIf>
</responseCondition>
<responseCondition>
<responseIf>
<lt>
<variable identifier="SCORE"/>
<baseValue baseType="float">1</baseValue>
</lt>
<setOutcomeValue identifier="FEEDBACKMODAL">
<multiple>
<variable identifier="FEEDBACKMODAL"/>
<baseValue baseType="identifier">Feedback942226312</baseValue>
</multiple>
</setOutcomeValue>
</responseIf>
</responseCondition>
</responseProcessing>
<modalFeedback outcomeIdentifier="FEEDBACK" showHide="show" identifier="incorrect">
<p><span class="math inline">\(\eta^{2} = \frac{SS_{effect}}{(SS_{effect}+SS_{error})} = \frac{25}{(25+585)} = 0.041\)</span>.</p>
<br />
<ul>
<li> 0.039 <br /> Incorrect </li>
<li> 0.041 <br /> Correct </li>
<li> 0.043 <br /> Incorrect </li>
<li> 0.197 <br /> Incorrect </li>
</ul>
</modalFeedback>
</assessmentItem>
