<?xml version="1.0" encoding="utf-8" standalone="yes"?>
<assessmentItem identifier="uva-independent-events-310-nl-tv_202601131819_item_1_schoice" title="uva-independent-events-310-nl-tv_202601131819_item_1_schoice_uva-independent-events-310-nl" adaptive="false" timeDependent="false" toolName="Testvision Online" toolVersion="39.0.9084" xmlns="http://www.imsglobal.org/xsd/imsqti_v2p1">
<responseDeclaration identifier="RESPONSE" cardinality="single" baseType="identifier">
<correctResponse>
<value>alt_265605</value>
</correctResponse>
<mapping defaultValue="0" lowerBound="0.0">
<mapEntry mapKey="alt_898781" mappedValue="-0.333333333333333"/>
<mapEntry mapKey="alt_783333" mappedValue="-0.333333333333333"/>
<mapEntry mapKey="alt_265605" mappedValue="1"/>
<mapEntry mapKey="alt_782634" mappedValue="-0.333333333333333"/>
</mapping>
</responseDeclaration>
<outcomeDeclaration identifier="SCORE" cardinality="single" baseType="float" normalMaximum="1" normalMinimum="0" />
<outcomeDeclaration identifier="FEEDBACK" cardinality="single" baseType="identifier" />
<stylesheet href="css/uva-independent-events-310-nl-tv_202601131819_item_1_schoice.css" type="text/css" />
<itemBody>
<p>Van twee gebeurtenissen A en B is het volgende gegeven: P(A) = 0.60,
P(B) = 0.40, P(A ∩ B) = 0.20 en P(A ∪ B) = 0.80. Zijn de gebeurtenissen
A en B onafhankelijk?</p>
<choiceInteraction responseIdentifier="RESPONSE" shuffle="false" maxChoices="1">
<simpleChoice identifier="alt_898781">
<div class="textblock tvblock tvcss_1"><div class="rte_zone tveditor1">
 Ja, want P(A ∪ B)= P(A) + P(B) - P(A ∩ B)
</div>
</div>
</simpleChoice>
<simpleChoice identifier="alt_783333">
<div class="textblock tvblock tvcss_1"><div class="rte_zone tveditor1">
 Ja, want P(B | A) = P(B)
</div>
</div>
</simpleChoice>
<simpleChoice identifier="alt_265605">
<div class="textblock tvblock tvcss_1"><div class="rte_zone tveditor1">
 Nee, want P(A ∩ B) ≠ P(A) x P(B)
</div>
</div>
</simpleChoice>
<simpleChoice identifier="alt_782634">
<div class="textblock tvblock tvcss_1"><div class="rte_zone tveditor1">
 Nee, want P(A ∪ B) ≠ P(A) + P(B)
</div>
</div>
</simpleChoice>
</choiceInteraction>
</itemBody>
<responseProcessing>
<responseCondition>
<responseIf>
<isNull>
<variable identifier="RESPONSE"/>
</isNull>
<setOutcomeValue identifier="SCORE">
<baseValue baseType="float">0.0</baseValue>
</setOutcomeValue>
<setOutcomeValue identifier="FEEDBACK">
<baseValue baseType="identifier">FAILURE</baseValue>
</setOutcomeValue>
</responseIf>
<responseElse>
<setOutcomeValue identifier="SCORE">
<mapResponse identifier="RESPONSE"/>
</setOutcomeValue>
<responseCondition>
<responseIf>
<equal toleranceMode="relative" tolerance="0.001">
<variable identifier="SCORE"/>
<variable identifier="MAXSCORE"/>
</equal>
<setOutcomeValue identifier="FEEDBACK">
<baseValue baseType="identifier">ANSWER_CORRECT</baseValue>
</setOutcomeValue>
</responseIf>
<responseElse>
<setOutcomeValue identifier="FEEDBACK">
<baseValue baseType="identifier">FAILURE</baseValue>
</setOutcomeValue>
</responseElse>
</responseCondition>
</responseElse>
</responseCondition>
</responseProcessing>
<modalFeedback identifier="FAILURE" outcomeIdentifier="FEEDBACK" showHide="show">
<div class="textblock tvblock tvcss_1"><div class="rte_zone tveditor1">
<ul>
<li> Ja, want P(A ∪ B)= P(A) + P(B) - P(A ∩ B) <br /> Ja, want P(A ∪ B)= P(A) + P(B) - P(A ∩ B): Incorrect </li>
<li> Ja, want P(B | A) = P(B) <br /> Ja, want P(B | A) = P(B): Incorrect </li>
<li> Nee, want P(A ∩ B) ≠ P(A) x P(B) <br /> Nee, want P(A ∩ B) ≠ P(A) x P(B): Correct </li>
<li> Nee, want P(A ∪ B) ≠ P(A) + P(B) <br /> Nee, want P(A ∪ B) ≠ P(A) + P(B): Incorrect </li>
</ul>
</div>
</div>
</modalFeedback>
<modalFeedback identifier="ANSWER_CORRECT" outcomeIdentifier="FEEDBACK" showHide="show">
<div class="textblock tvblock tvcss_1"><div class="rte_zone tveditor1">
<ul>
<li> Ja, want P(A ∪ B)= P(A) + P(B) - P(A ∩ B) <br /> Ja, want P(A ∪ B)= P(A) + P(B) - P(A ∩ B): Incorrect </li>
<li> Ja, want P(B | A) = P(B) <br /> Ja, want P(B | A) = P(B): Incorrect </li>
<li> Nee, want P(A ∩ B) ≠ P(A) x P(B) <br /> Nee, want P(A ∩ B) ≠ P(A) x P(B): Correct </li>
<li> Nee, want P(A ∪ B) ≠ P(A) + P(B) <br /> Nee, want P(A ∪ B) ≠ P(A) + P(B): Incorrect </li>
</ul>
</div>
</div>
</modalFeedback>
<modalFeedback identifier="PARTIAL_CORRECT" outcomeIdentifier="FEEDBACK" showHide="show">
<div class="textblock tvblock tvcss_1"><div class="rte_zone tveditor1">
<ul>
<li> Ja, want P(A ∪ B)= P(A) + P(B) - P(A ∩ B) <br /> Ja, want P(A ∪ B)= P(A) + P(B) - P(A ∩ B): Incorrect </li>
<li> Ja, want P(B | A) = P(B) <br /> Ja, want P(B | A) = P(B): Incorrect </li>
<li> Nee, want P(A ∩ B) ≠ P(A) x P(B) <br /> Nee, want P(A ∩ B) ≠ P(A) x P(B): Correct </li>
<li> Nee, want P(A ∪ B) ≠ P(A) + P(B) <br /> Nee, want P(A ∪ B) ≠ P(A) + P(B): Incorrect </li>
</ul>
</div>
</div>
</modalFeedback>
</assessmentItem>
