<?xml version="1.0" encoding="UTF-8"?>
<assessmentItem xsi:schemaLocation="http://www.imsglobal.org/xsd/imsqti_v2p1 http://www.imsglobal.org/xsd/qti/qtiv2p1/imsqti_v2p1p1.xsd http://www.w3.org/1998/Math/MathML http://www.w3.org/Math/XMLSchema/mathml2/mathml2.xsd" identifier="vufsw-expectedvalue-0118-en-qti_742768306_section_1_item_1_schoice" title="1" adaptive="false" timeDependent="false" xmlns="http://www.imsglobal.org/xsd/imsqti_v2p1" xmlns:xsi="http://www.w3.org/2001/XMLSchema-instance">
<responseDeclaration identifier="vufsw-expectedvalue-0118-en-qti_742768306_section_1_item_1_schoice_RESPONSE_1_7070767" cardinality="single" baseType="identifier">
<correctResponse>
<value>vufsw-expectedvalue-0118-en-qti_742768306_section_1_item_1_schoice_4_9201320552</value>
</correctResponse>
<mapping defaultValue="0" lowerBound="0.0">
<mapEntry mapKey="vufsw-expectedvalue-0118-en-qti_742768306_section_1_item_1_schoice_1_4813802609" mappedValue="0"/>
<mapEntry mapKey="vufsw-expectedvalue-0118-en-qti_742768306_section_1_item_1_schoice_2_8122233326" mappedValue="0"/>
<mapEntry mapKey="vufsw-expectedvalue-0118-en-qti_742768306_section_1_item_1_schoice_3_6649878230" mappedValue="0"/>
<mapEntry mapKey="vufsw-expectedvalue-0118-en-qti_742768306_section_1_item_1_schoice_4_9201320552" mappedValue="1"/>
</mapping>
</responseDeclaration>
<outcomeDeclaration identifier="SCORE" cardinality="single" baseType="float" normalMaximum="1" normalMinimum="0">
<defaultValue>
<value>0.0</value>
</defaultValue>
</outcomeDeclaration>
<outcomeDeclaration identifier="MAXSCORE" cardinality="single" baseType="float">
<defaultValue>
<value>1</value>
</defaultValue>
</outcomeDeclaration>
<outcomeDeclaration identifier="FEEDBACKBASIC" cardinality="single" baseType="identifier" view="testConstructor">
<defaultValue>
<value>empty</value>
</defaultValue>
</outcomeDeclaration>
<outcomeDeclaration identifier="FEEDBACKMODAL" cardinality="multiple" baseType="identifier" view="testConstructor"/>
<outcomeDeclaration identifier="MINSCORE" cardinality="single" baseType="float">
<defaultValue>
<value baseType="float">0</value>
</defaultValue>
</outcomeDeclaration>
<outcomeDeclaration identifier="SCORE_RESPONSE_1" cardinality="single" baseType="float">
<defaultValue>
<value>0.0</value>
</defaultValue>
</outcomeDeclaration>
<outcomeDeclaration identifier="MINSCORE_RESPONSE_1" cardinality="single" baseType="float">
<defaultValue>
<value>0.0</value>
</defaultValue>
</outcomeDeclaration>
<itemBody>
<p>When examining how often gamers aged 18-25 play video games, a
researcher finds the results in the table below.</p>
<p>Based on this sample, what is the expected value of the number of hours
per week (’x=aantal uren gamen per wek") that gamers aged 18-25 play
video games? <br />
<em>Round to the nearest decimal place.</em></p>
<p><img src="1643016977825.png" class="fr-fic fr-dii tvcss_2"
alt="1643016977825" /></p>
<choiceInteraction responseIdentifier="vufsw-expectedvalue-0118-en-qti_742768306_section_1_item_1_schoice_RESPONSE_1_7070767" shuffle="false" maxChoices="1">
<simpleChoice identifier="vufsw-expectedvalue-0118-en-qti_742768306_section_1_item_1_schoice_1_4813802609">
<p>
 Between 3,0 and 5,5
</p>
</simpleChoice>
<simpleChoice identifier="vufsw-expectedvalue-0118-en-qti_742768306_section_1_item_1_schoice_2_8122233326">
<p>
 5,5
</p>
</simpleChoice>
<simpleChoice identifier="vufsw-expectedvalue-0118-en-qti_742768306_section_1_item_1_schoice_3_6649878230">
<p>
 Between 9,5 and 18,0
</p>
</simpleChoice>
<simpleChoice identifier="vufsw-expectedvalue-0118-en-qti_742768306_section_1_item_1_schoice_4_9201320552">
<p>
 7,7
</p>
</simpleChoice>
</choiceInteraction>
</itemBody>
<responseProcessing>
<responseCondition>
<responseIf>
<isNull>
<variable identifier="vufsw-expectedvalue-0118-en-qti_742768306_section_1_item_1_schoice_RESPONSE_1_7070767"/>
</isNull>
<setOutcomeValue identifier="SCORE_RESPONSE_1">
<sum>
<variable identifier="SCORE_RESPONSE_1"/>
<baseValue baseType="float">0</baseValue>
</sum>
</setOutcomeValue>
</responseIf>
</responseCondition>
<setOutcomeValue identifier="SCORE_RESPONSE_1">
<sum>
<variable identifier="SCORE_RESPONSE_1"/>
<mapResponse identifier="vufsw-expectedvalue-0118-en-qti_742768306_section_1_item_1_schoice_RESPONSE_1_7070767"/>
</sum>
</setOutcomeValue>
<responseCondition>
<responseIf>
<lt>
<variable identifier="SCORE_RESPONSE_1"/>
<variable identifier="MINSCORE_RESPONSE_1"/>
</lt>
<setOutcomeValue identifier="SCORE_RESPONSE_1">
<variable identifier="MINSCORE_RESPONSE_1"/>
</setOutcomeValue>
</responseIf>
</responseCondition>
<setOutcomeValue identifier="SCORE">
<sum>
<variable identifier="SCORE_RESPONSE_1"/>
</sum>
</setOutcomeValue>
<responseCondition>
<responseIf>
<lt>
<variable identifier="SCORE"/>
<variable identifier="MINSCORE"/>
</lt>
<setOutcomeValue identifier="SCORE">
<variable identifier="MINSCORE"/>
</setOutcomeValue>
</responseIf>
</responseCondition>
<responseCondition>
<responseIf>
<lt>
<variable identifier="SCORE"/>
<baseValue baseType="float">1</baseValue>
</lt>
<setOutcomeValue identifier="FEEDBACKMODAL">
<multiple>
<variable identifier="FEEDBACKMODAL"/>
<baseValue baseType="identifier">Feedback860330778</baseValue>
</multiple>
</setOutcomeValue>
</responseIf>
</responseCondition>
</responseProcessing>
<modalFeedback identifier="Feedback860330778" outcomeIdentifier="FEEDBACKMODAL" showHide="show">
 Between 3,0 and 5,5 <br /> False 
 5,5 <br /> False 
 Between 9,5 and 18,0 <br /> False 
 7,7 <br /> True 
</modalFeedback>
</assessmentItem>
