<?xml version="1.0" encoding="utf-8" standalone="yes"?>
<assessmentItem identifier="vufsw-multiple_linear_regression-1307-nl-tv_202411271204_item_1_schoice" title="vufsw-multiple_linear_regression-1307-nl-tv_202411271204_item_1_schoice_vufsw-multiple linear regression-1307-nl" adaptive="false" timeDependent="false" toolName="Testvision Online" toolVersion="39.0.9084" xmlns="http://www.imsglobal.org/xsd/imsqti_v2p1">
<responseDeclaration identifier="RESPONSE" cardinality="single" baseType="identifier">
<correctResponse>
<value>alt_568763</value>
</correctResponse>
<mapping defaultValue="0" lowerBound="0.0">
<mapEntry mapKey="alt_954388" mappedValue="-0.333333333333333"/>
<mapEntry mapKey="alt_926869" mappedValue="-0.333333333333333"/>
<mapEntry mapKey="alt_262109" mappedValue="-0.333333333333333"/>
<mapEntry mapKey="alt_568763" mappedValue="1"/>
</mapping>
</responseDeclaration>
<outcomeDeclaration identifier="SCORE" cardinality="single" baseType="float" normalMaximum="1" normalMinimum="0" />
<outcomeDeclaration identifier="FEEDBACK" cardinality="single" baseType="identifier" />
<stylesheet href="css/vufsw-multiple_linear_regression-1307-nl-tv_202411271204_item_1_schoice.css" type="text/css" />
<itemBody>
<p>De onderstaande analyses zijn afkomstig van data uit het
onderzoekproject Jeugd en Cultuur (Ganzeboom en Nagel, 1998-2002) waarin
ruim 3000 scholieren in de leeftijd van 14-17 jaar zijn ondervraagd over
hun houding tegenover cultuur. Verder is er informatie over hun sociale
achtergrond en de cultuurparticipatie van hun ouders. De vraag is in
hoeverre de cultuurparticipatie van de moeder de houding tegenover
cultuur van scholieren beïnvloedt, en of deze invloed verschilt tussen
scholieren van westerse en niet westerse achtergrond.</p>
<p>De afhankelijke variabele is ‘Houding tegenover cultuur’ (ATT: een
schaal 1-4, waarbij een hogere score een positievere attitude betekent).
De cultuurparticipatie van de moeder (MCUL) is een continue schaal, 0-1,
waarbij een hogere score een hogere participatie betekent. De westerse
versus niet-westerse achtergrond van de scholieren is gemeten via de
variabele ‘MIN’ (0 = westers, 1 = niet-westers). Ook is in model 2 de
interactie tussen ‘MIN’ en ‘MCUL’ opgenomen (MIN_MCUL).</p>
<p><img src="mediafiles/supplements1/1606660757397.png" alt="image"/></p>
<p>Welke uitspraken kunnen we op basis van deze uitkomsten doen over de
populatie?<br />
1: Voor scholieren met een niet-westerse achtergrond is de invloed van
de cultuurparticipatie van de moeder op de houding tegenover cultuur
minder sterk dan voor scholieren met een westerse achtergrond.<br />
2: De verschillen in de houding tegenover cultuur tussen scholieren met
een westerse en een niet-westerse achtergrond zijn sterker naarmate de
moeder minder cultureel actief is.</p>
<choiceInteraction responseIdentifier="RESPONSE" shuffle="false" maxChoices="1">
<simpleChoice identifier="alt_954388">
<div class="textblock tvblock tvcss_1"><div class="rte_zone tveditor1">
 Alleen uitspraak 2
</div>
</div>
</simpleChoice>
<simpleChoice identifier="alt_926869">
<div class="textblock tvblock tvcss_1"><div class="rte_zone tveditor1">
 Alleen uitspraak 1
</div>
</div>
</simpleChoice>
<simpleChoice identifier="alt_262109">
<div class="textblock tvblock tvcss_1"><div class="rte_zone tveditor1">
 Geen van beide uitspraken
</div>
</div>
</simpleChoice>
<simpleChoice identifier="alt_568763">
<div class="textblock tvblock tvcss_1"><div class="rte_zone tveditor1">
 Beide uitspraken
</div>
</div>
</simpleChoice>
</choiceInteraction>
</itemBody>
<responseProcessing>
<responseCondition>
<responseIf>
<isNull>
<variable identifier="RESPONSE"/>
</isNull>
<setOutcomeValue identifier="SCORE">
<baseValue baseType="float">0.0</baseValue>
</setOutcomeValue>
<setOutcomeValue identifier="FEEDBACK">
<baseValue baseType="identifier">FAILURE</baseValue>
</setOutcomeValue>
</responseIf>
<responseElse>
<setOutcomeValue identifier="SCORE">
<mapResponse identifier="RESPONSE"/>
</setOutcomeValue>
<responseCondition>
<responseIf>
<equal toleranceMode="relative" tolerance="0.001">
<variable identifier="SCORE"/>
<variable identifier="MAXSCORE"/>
</equal>
<setOutcomeValue identifier="FEEDBACK">
<baseValue baseType="identifier">ANSWER_CORRECT</baseValue>
</setOutcomeValue>
</responseIf>
<responseElse>
<setOutcomeValue identifier="FEEDBACK">
<baseValue baseType="identifier">FAILURE</baseValue>
</setOutcomeValue>
</responseElse>
</responseCondition>
</responseElse>
</responseCondition>
</responseProcessing>
<modalFeedback identifier="FAILURE" outcomeIdentifier="FEEDBACK" showHide="show">
<div class="textblock tvblock tvcss_1"><div class="rte_zone tveditor1">
<ul>
<li> Alleen uitspraak 2 <br /> False </li>
<li> Alleen uitspraak 1 <br /> False </li>
<li> Geen van beide uitspraken <br /> False </li>
<li> Beide uitspraken <br /> True </li>
</ul>
</div>
</div>
</modalFeedback>
<modalFeedback identifier="ANSWER_CORRECT" outcomeIdentifier="FEEDBACK" showHide="show">
<div class="textblock tvblock tvcss_1"><div class="rte_zone tveditor1">
<ul>
<li> Alleen uitspraak 2 <br /> False </li>
<li> Alleen uitspraak 1 <br /> False </li>
<li> Geen van beide uitspraken <br /> False </li>
<li> Beide uitspraken <br /> True </li>
</ul>
</div>
</div>
</modalFeedback>
<modalFeedback identifier="PARTIAL_CORRECT" outcomeIdentifier="FEEDBACK" showHide="show">
<div class="textblock tvblock tvcss_1"><div class="rte_zone tveditor1">
<ul>
<li> Alleen uitspraak 2 <br /> False </li>
<li> Alleen uitspraak 1 <br /> False </li>
<li> Geen van beide uitspraken <br /> False </li>
<li> Beide uitspraken <br /> True </li>
</ul>
</div>
</div>
</modalFeedback>
</assessmentItem>
