<?xml version="1.0" encoding="UTF-8"?>
<assessmentItem xsi:schemaLocation="http://www.imsglobal.org/xsd/imsqti_v2p1 http://www.imsglobal.org/xsd/qti/qtiv2p1/imsqti_v2p1p1.xsd http://www.w3.org/1998/Math/MathML http://www.w3.org/Math/XMLSchema/mathml2/mathml2.xsd" identifier="eur-inferential_statistics-232-nl-ans_341889887_section_1_item_1_num" title="Inferential_Statistics_eur-inferential_statistics-232-nl_eur-inferential_statistics-232-nl_num_1" adaptive="false" timeDependent="false" xmlns="http://www.imsglobal.org/xsd/imsqti_v2p1" xmlns:xsi="http://www.w3.org/2001/XMLSchema-instance">
<responseDeclaration identifier="eur-inferential_statistics-232-nl-ans_341889887_section_1_item_1_num_RESPONSE_1_7955309" cardinality="single" baseType="string">
<correctResponse>
<value>0.183</value>
</correctResponse>
</responseDeclaration>
<outcomeDeclaration identifier="SCORE" cardinality="single" baseType="float" normalMaximum="1" normalMinimum="0">
<defaultValue>
<value>0.0</value>
</defaultValue>
</outcomeDeclaration>
<outcomeDeclaration identifier="MAXSCORE" cardinality="single" baseType="float">
<defaultValue>
<value>1</value>
</defaultValue>
</outcomeDeclaration>
<outcomeDeclaration identifier="FEEDBACKBASIC" cardinality="single" baseType="identifier" view="testConstructor">
<defaultValue>
<value>empty</value>
</defaultValue>
</outcomeDeclaration>
<outcomeDeclaration identifier="FEEDBACKMODAL" cardinality="multiple" baseType="identifier" view="testConstructor"/>
<outcomeDeclaration identifier="SOLUTIONMODAL" cardinality="single" baseType="identifier" view="testConstructor"/>
<outcomeDeclaration identifier="MINSCORE" cardinality="single" baseType="float">
<defaultValue>
<value baseType="float">0</value>
</defaultValue>
</outcomeDeclaration>
<outcomeDeclaration identifier="SCORE_RESPONSE_1" cardinality="single" baseType="float">
<defaultValue>
<value>0.0</value>
</defaultValue>
</outcomeDeclaration>
<outcomeDeclaration identifier="MINSCORE_RESPONSE_1" cardinality="single" baseType="float">
<defaultValue>
<value>0.0</value>
</defaultValue>
</outcomeDeclaration>
<itemBody>
<p>Een vraag die onderzoekers al jaren bezighoudt is…..slaap je nu echt slechter als je naar een horror-film hebt gekeken? Om deze vraag voor eens en voor altijd te beantwoorden heeft een onderzoeker aan de EUR een steekproef getrokken uit alle bezoekers van een Horror-film festival (Slasher-fest) in Rotterdam. De deelnemers moesten aangeven hoe lang de film was die ze hadden gekeken op het festival, en hoeveel uur ze de avond na het festival hadden geslapen. Ook heeft de onderzoeker een vragenlijst afgenomen bij de deelnemers waarmee hij hun “mate van angstigheid” kon meten, en heeft hij geregistreerd of iemand man [Geslacht = 0] of vrouw [Geslacht = 1] was.</p>
<p>Als je wilt weten welke van de twee onafhankelijke variabelen (predictoren), die op een verschillende schaal zijn gemeten [MinutenFilm en Geslacht], een betere voorspelling geeft van het aantal uren slaap [UrenSlaap], waar moet je dan kijken? Geef de waarde van de relevante coëfficiënt van de slechtste voorspeller. (3 decimalen)</p>
<p><strong>Download</strong>: <a href="media/supplements1/eur-inferential_statistics-232-nl-data.sav">SPSS file</a>, <a href="media/supplements1/eur-inferential_statistics-232-nl-data.csv">CSV file</a></p>
<p>
<textEntryInteraction responseIdentifier="eur-inferential_statistics-232-nl-ans_341889887_section_1_item_1_num_RESPONSE_1_7955309"/>
</p>
</itemBody>
<responseProcessing>
<responseCondition>
<responseIf>
<equal tolerance="0" toleranceMode="absolute">
<variable identifier="eur-inferential_statistics-232-nl-ans_341889887_section_1_item_1_num_RESPONSE_1_7955309"/>
<baseValue baseType="float">0.183</baseValue>
</equal>
<setOutcomeValue identifier="SCORE">
<baseValue baseType="float">1</baseValue>
</setOutcomeValue>
</responseIf>
</responseCondition>
<responseCondition>
<responseIf>
<and>
<not>
<isNull>
<variable identifier="eur-inferential_statistics-232-nl-ans_341889887_section_1_item_1_num_RESPONSE_1_7955309"/>
</isNull>
</not>
<lt>
<variable identifier="SCORE_RESPONSE_1"/>
<baseValue baseType="float">1</baseValue>
</lt>
</and>
<setOutcomeValue identifier="SCORE_RESPONSE_1">
<sum>
<variable identifier="SCORE_RESPONSE_1"/>
<baseValue baseType="float">0</baseValue>
</sum>
</setOutcomeValue>
</responseIf>
</responseCondition>
<responseCondition>
<responseIf>
<lt>
<variable identifier="SCORE_RESPONSE_1"/>
<variable identifier="MINSCORE_RESPONSE_1"/>
</lt>
<setOutcomeValue identifier="SCORE_RESPONSE_1">
<variable identifier="MINSCORE_RESPONSE_1"/>
</setOutcomeValue>
</responseIf>
</responseCondition>
<responseCondition>
<responseIf>
<isNull>
<variable identifier="eur-inferential_statistics-232-nl-ans_341889887_section_1_item_1_num_RESPONSE_1_7955309"/>
</isNull>
<setOutcomeValue identifier="SCORE_RESPONSE_1">
<sum>
<variable identifier="SCORE_RESPONSE_1"/>
<baseValue baseType="float">0</baseValue>
</sum>
</setOutcomeValue>
</responseIf>
</responseCondition>
<setOutcomeValue identifier="SCORE">
<sum>
<variable identifier="SCORE_RESPONSE_1"/>
</sum>
</setOutcomeValue>
<responseCondition>
<responseIf>
<lt>
<variable identifier="SCORE"/>
<variable identifier="MINSCORE"/>
</lt>
<setOutcomeValue identifier="SCORE">
<variable identifier="MINSCORE"/>
</setOutcomeValue>
</responseIf>
</responseCondition>
<responseCondition>
<responseIf>
<lt>
<variable identifier="SCORE"/>
<baseValue baseType="float">1</baseValue>
</lt>
<setOutcomeValue identifier="FEEDBACKMODAL">
<multiple>
<variable identifier="FEEDBACKMODAL"/>
<baseValue baseType="identifier">Feedback903858812</baseValue>
</multiple>
</setOutcomeValue>
</responseIf>
</responseCondition>
</responseProcessing>
<modalFeedback outcomeIdentifier="FEEDBACK" showHide="show" identifier="incorrect">
<p>Het correcte antwoord is 0.183</p>
</modalFeedback>
</assessmentItem>
