<?xml version="1.0" encoding="utf-8" standalone="yes"?>
<assessmentItem identifier="uva-elementary-probability-940-nl-tv_202403081018_item_1_schoice" title="uva-elementary-probability-940-nl-tv_202403081018_item_1_schoice_uva-elementary-probability-940-nl" adaptive="false" timeDependent="false" toolName="Testvision Online" toolVersion="39.0.9084" xmlns="http://www.imsglobal.org/xsd/imsqti_v2p1">
<responseDeclaration identifier="RESPONSE" cardinality="single" baseType="identifier">
<correctResponse>
<value>alt_566405</value>
</correctResponse>
<mapping defaultValue="0" lowerBound="0.0">
<mapEntry mapKey="alt_263188" mappedValue="-0.333333333333333"/>
<mapEntry mapKey="alt_246404" mappedValue="-0.333333333333333"/>
<mapEntry mapKey="alt_263900" mappedValue="-0.333333333333333"/>
<mapEntry mapKey="alt_566405" mappedValue="1"/>
</mapping>
</responseDeclaration>
<outcomeDeclaration identifier="SCORE" cardinality="single" baseType="float" normalMaximum="1" normalMinimum="0" />
<outcomeDeclaration identifier="FEEDBACK" cardinality="single" baseType="identifier" />
<itemBody>
<p>Het Amerikaanse statistiekbureau onderzoekt de relatie tussen de
nachtelijke verlichting in de vroege kindertijd en het vóórkomen van
bijziendheid later. Het resultaat wordt getoond in de tabel hieronder:</p>
<table>
<tbody>
<tr class="odd">
<td align="left">Slapen met</td>
<td align="left">Geen bijziendheid</td>
<td align="left">Lichte bijziendheid</td>
<td align="left">Zware bijziendheid</td>
<td align="left">Totaal</td>
</tr>
<tr class="even">
<td align="left">Geen verlichting</td>
<td align="left">155</td>
<td align="left">15</td>
<td align="left">2</td>
<td align="left">172</td>
</tr>
<tr class="odd">
<td align="left">Geringe verlichting</td>
<td align="left">153</td>
<td align="left">72</td>
<td align="left">8</td>
<td align="left">233</td>
</tr>
<tr class="even">
<td align="left">Volle verlichting</td>
<td align="left">34</td>
<td align="left">36</td>
<td align="left">5</td>
<td align="left">75</td>
</tr>
<tr class="odd">
<td align="left">Totaal</td>
<td align="left">342</td>
<td align="left">123</td>
<td align="left">15</td>
<td align="left">480</td>
</tr>
</tbody>
</table>
<p>Wat is de relatieve frequentie van lichte bijziendheid als met volle
verlichting geslapen wordt?</p>
<choiceInteraction responseIdentifier="RESPONSE" shuffle="false" maxChoices="1">
<simpleChoice identifier="alt_263188">
<div class="textblock tvblock tvcss_1"><div class="rte_zone tveditor1">
 0,31
</div>
</div>
</simpleChoice>
<simpleChoice identifier="alt_246404">
<div class="textblock tvblock tvcss_1"><div class="rte_zone tveditor1">
 0,32
</div>
</div>
</simpleChoice>
<simpleChoice identifier="alt_263900">
<div class="textblock tvblock tvcss_1"><div class="rte_zone tveditor1">
 0,34
</div>
</div>
</simpleChoice>
<simpleChoice identifier="alt_566405">
<div class="textblock tvblock tvcss_1"><div class="rte_zone tveditor1">
 0,48
</div>
</div>
</simpleChoice>
</choiceInteraction>
</itemBody>
<responseProcessing>
<responseCondition>
<responseIf>
<isNull>
<variable identifier="RESPONSE"/>
</isNull>
<setOutcomeValue identifier="SCORE">
<baseValue baseType="float">0.0</baseValue>
</setOutcomeValue>
<setOutcomeValue identifier="FEEDBACK">
<baseValue baseType="identifier">FAILURE</baseValue>
</setOutcomeValue>
</responseIf>
<responseElse>
<setOutcomeValue identifier="SCORE">
<mapResponse identifier="RESPONSE"/>
</setOutcomeValue>
<responseCondition>
<responseIf>
<equal toleranceMode="relative" tolerance="0.001">
<variable identifier="SCORE"/>
<variable identifier="MAXSCORE"/>
</equal>
<setOutcomeValue identifier="FEEDBACK">
<baseValue baseType="identifier">ANSWER_CORRECT</baseValue>
</setOutcomeValue>
</responseIf>
<responseElse>
<setOutcomeValue identifier="FEEDBACK">
<baseValue baseType="identifier">FAILURE</baseValue>
</setOutcomeValue>
</responseElse>
</responseCondition>
</responseElse>
</responseCondition>
</responseProcessing>
<modalFeedback identifier="FAILURE" outcomeIdentifier="FEEDBACK" showHide="show">
<div class="textblock tvblock tvcss_1"><div class="rte_zone tveditor1">
<p>Het correcte antwoord is:</p>
<ul>
<li>0,48</li>
</ul>
</div>
</div>
</modalFeedback>
<modalFeedback identifier="ANSWER_CORRECT" outcomeIdentifier="FEEDBACK" showHide="show">
<div class="textblock tvblock tvcss_1"><div class="rte_zone tveditor1">
<p>Het correcte antwoord is:</p>
<ul>
<li>0,48</li>
</ul>
</div>
</div>
</modalFeedback>
<modalFeedback identifier="PARTIAL_CORRECT" outcomeIdentifier="FEEDBACK" showHide="show">
<div class="textblock tvblock tvcss_1"><div class="rte_zone tveditor1">
<p>Het correcte antwoord is:</p>
<ul>
<li>0,48</li>
</ul>
</div>
</div>
</modalFeedback>
</assessmentItem>
