<?xml version="1.0" encoding="UTF-8"?>
<assessmentItem xsi:schemaLocation="http://www.imsglobal.org/xsd/imsqti_v2p1 http://www.imsglobal.org/xsd/qti/qtiv2p1/imsqti_v2p1p1.xsd http://www.w3.org/1998/Math/MathML http://www.w3.org/Math/XMLSchema/mathml2/mathml2.xsd" identifier="uu-ANOVA-811-en-qti_564888934_section_1_item_1_schoice" title="1" adaptive="false" timeDependent="false" xmlns="http://www.imsglobal.org/xsd/imsqti_v2p1" xmlns:xsi="http://www.w3.org/2001/XMLSchema-instance">
<responseDeclaration identifier="uu-ANOVA-811-en-qti_564888934_section_1_item_1_schoice_RESPONSE_1_4146945" cardinality="single" baseType="identifier">
<correctResponse>
<value>uu-ANOVA-811-en-qti_564888934_section_1_item_1_schoice_2_5680512256</value>
</correctResponse>
<mapping defaultValue="0" lowerBound="0.0">
<mapEntry mapKey="uu-ANOVA-811-en-qti_564888934_section_1_item_1_schoice_1_2057760384" mappedValue="0"/>
<mapEntry mapKey="uu-ANOVA-811-en-qti_564888934_section_1_item_1_schoice_2_5680512256" mappedValue="1"/>
<mapEntry mapKey="uu-ANOVA-811-en-qti_564888934_section_1_item_1_schoice_3_6390759178" mappedValue="0"/>
<mapEntry mapKey="uu-ANOVA-811-en-qti_564888934_section_1_item_1_schoice_4_7899024613" mappedValue="0"/>
</mapping>
</responseDeclaration>
<outcomeDeclaration identifier="SCORE" cardinality="single" baseType="float" normalMaximum="1" normalMinimum="0">
<defaultValue>
<value>0.0</value>
</defaultValue>
</outcomeDeclaration>
<outcomeDeclaration identifier="MAXSCORE" cardinality="single" baseType="float">
<defaultValue>
<value>1</value>
</defaultValue>
</outcomeDeclaration>
<outcomeDeclaration identifier="FEEDBACKBASIC" cardinality="single" baseType="identifier" view="testConstructor">
<defaultValue>
<value>empty</value>
</defaultValue>
</outcomeDeclaration>
<outcomeDeclaration identifier="FEEDBACKMODAL" cardinality="multiple" baseType="identifier" view="testConstructor"/>
<outcomeDeclaration identifier="SOLUTIONMODAL" cardinality="single" baseType="identifier" view="testConstructor"/>
<outcomeDeclaration identifier="MINSCORE" cardinality="single" baseType="float">
<defaultValue>
<value baseType="float">0</value>
</defaultValue>
</outcomeDeclaration>
<outcomeDeclaration identifier="SCORE_RESPONSE_1" cardinality="single" baseType="float">
<defaultValue>
<value>0.0</value>
</defaultValue>
</outcomeDeclaration>
<outcomeDeclaration identifier="MINSCORE_RESPONSE_1" cardinality="single" baseType="float">
<defaultValue>
<value>0.0</value>
</defaultValue>
</outcomeDeclaration>
<itemBody>
<p>How many independent variables are there in a 3x2 factorial design?</p>
<choiceInteraction responseIdentifier="uu-ANOVA-811-en-qti_564888934_section_1_item_1_schoice_RESPONSE_1_4146945" shuffle="false" maxChoices="1">
<simpleChoice identifier="uu-ANOVA-811-en-qti_564888934_section_1_item_1_schoice_1_2057760384">
<p>
 1
</p>
</simpleChoice>
<simpleChoice identifier="uu-ANOVA-811-en-qti_564888934_section_1_item_1_schoice_2_5680512256">
<p>
 2
</p>
</simpleChoice>
<simpleChoice identifier="uu-ANOVA-811-en-qti_564888934_section_1_item_1_schoice_3_6390759178">
<p>
 5
</p>
</simpleChoice>
<simpleChoice identifier="uu-ANOVA-811-en-qti_564888934_section_1_item_1_schoice_4_7899024613">
<p>
 6
</p>
</simpleChoice>
</choiceInteraction>
</itemBody>
<responseProcessing>
<setOutcomeValue identifier="SCORE_RESPONSE_1">
<sum>
<variable identifier="SCORE_RESPONSE_1"/>
<mapResponse identifier="uu-ANOVA-811-en-qti_564888934_section_1_item_1_schoice_RESPONSE_1_4146945"/>
</sum>
</setOutcomeValue>
<responseCondition>
<responseIf>
<lt>
<variable identifier="SCORE_RESPONSE_1"/>
<variable identifier="MINSCORE_RESPONSE_1"/>
</lt>
<setOutcomeValue identifier="SCORE_RESPONSE_1">
<variable identifier="MINSCORE_RESPONSE_1"/>
</setOutcomeValue>
</responseIf>
</responseCondition>
<responseCondition>
<responseIf>
<isNull>
<variable identifier="uu-ANOVA-811-en-qti_564888934_section_1_item_1_schoice_RESPONSE_1_4146945"/>
</isNull>
<setOutcomeValue identifier="SCORE_RESPONSE_1">
<sum>
<variable identifier="SCORE_RESPONSE_1"/>
<baseValue baseType="float">0</baseValue>
</sum>
</setOutcomeValue>
</responseIf>
</responseCondition>
<setOutcomeValue identifier="SCORE">
<sum>
<variable identifier="SCORE_RESPONSE_1"/>
</sum>
</setOutcomeValue>
<responseCondition>
<responseIf>
<lt>
<variable identifier="SCORE"/>
<variable identifier="MINSCORE"/>
</lt>
<setOutcomeValue identifier="SCORE">
<variable identifier="MINSCORE"/>
</setOutcomeValue>
</responseIf>
</responseCondition>
<responseCondition>
<responseIf>
<lt>
<variable identifier="SCORE"/>
<baseValue baseType="float">1</baseValue>
</lt>
<setOutcomeValue identifier="FEEDBACKMODAL">
<multiple>
<variable identifier="FEEDBACKMODAL"/>
<baseValue baseType="identifier">Feedback449090441</baseValue>
</multiple>
</setOutcomeValue>
</responseIf>
</responseCondition>
</responseProcessing>
<modalFeedback identifier="Feedback449090441" outcomeIdentifier="FEEDBACKMODAL" showHide="show">
</modalFeedback>
</assessmentItem>
