<?xml version="1.0" encoding="utf-8" standalone="yes"?>
<assessmentItem identifier="uu-factor-analysis-009-nl-tv_202601131820_item_1_schoice" title="uu-factor-analysis-009-nl-tv_202601131820_item_1_schoice_uu-factor-analysis-009-nl.Rmd" adaptive="false" timeDependent="false" toolName="Testvision Online" toolVersion="39.0.9084" xmlns="http://www.imsglobal.org/xsd/imsqti_v2p1"> <responseDeclaration identifier="RESPONSE" cardinality="single" baseType="identifier"> <correctResponse> <value>alt_429051</value> </correctResponse> <mapping defaultValue="0" lowerBound="0.0"> <mapEntry mapKey="alt_132385" mappedValue="-0.333333333333333"/> <mapEntry mapKey="alt_429051" mappedValue="1"/> <mapEntry mapKey="alt_494513" mappedValue="-0.333333333333333"/> <mapEntry mapKey="alt_136344" mappedValue="-0.333333333333333"/> </mapping> </responseDeclaration> <outcomeDeclaration identifier="SCORE" cardinality="single" baseType="float" normalMaximum="1" normalMinimum="0" /> <outcomeDeclaration identifier="FEEDBACK" cardinality="single" baseType="identifier" /> <stylesheet href="css/uu-factor-analysis-009-nl-tv_202601131820_item_1_schoice.css" type="text/css" /> <itemBody> <p>Een factoranalyse wordt uitgevoerd op vijftien items die bij kinderen de angst voor Sinterklaas moeten meten. De hoofdcomponentenanalyse met obliminrotatie resulteert in twee statistische en inhoudelijke interessante dimensies. Factor A betreft de angst voor Sinterklaas en factor B de angst voor Zwarte Piet.</p> <p>Beoordeel de volgende twee uitspraken over factoranalyse.</p> <ol  class="recss_1"> <li>In het algemeen geldt dat factoren met een eigenwaarde groter dan 1 meer testvariantie verklaren dan een afzonderlijk item.</li> <li>Als een item (na de rotatie) een hoge factorlading (|a| &gt; .40) heeft op factor A, hangt factor A sterk samen met factor B.</li> </ol> <choiceInteraction responseIdentifier="RESPONSE" shuffle="false" maxChoices="1"> <simpleChoice identifier="alt_132385"> <div class="textblock tvblock tvcss_1"><div class="rte_zone tveditor1">  I is juist, II is juist </div> </div> </simpleChoice> <simpleChoice identifier="alt_429051"> <div class="textblock tvblock tvcss_1"><div class="rte_zone tveditor1">  I is juist, II is niet juist </div> </div> </simpleChoice> <simpleChoice identifier="alt_494513"> <div class="textblock tvblock tvcss_1"><div class="rte_zone tveditor1">  I is niet juist, II is juist </div> </div> </simpleChoice> <simpleChoice identifier="alt_136344"> <div class="textblock tvblock tvcss_1"><div class="rte_zone tveditor1">  I is niet juist, II is niet juist </div> </div> </simpleChoice> </choiceInteraction> </itemBody> <responseProcessing> <responseCondition> <responseIf> <isNull> <variable identifier="RESPONSE"/> </isNull> <setOutcomeValue identifier="SCORE"> <baseValue baseType="float">0.0</baseValue> </setOutcomeValue> <setOutcomeValue identifier="FEEDBACK"> <baseValue baseType="identifier">FAILURE</baseValue> </setOutcomeValue> </responseIf> <responseElse> <setOutcomeValue identifier="SCORE"> <mapResponse identifier="RESPONSE"/> </setOutcomeValue> <responseCondition> <responseIf> <equal toleranceMode="relative" tolerance="0.001"> <variable identifier="SCORE"/> <variable identifier="MAXSCORE"/> </equal> <setOutcomeValue identifier="FEEDBACK"> <baseValue baseType="identifier">ANSWER_CORRECT</baseValue> </setOutcomeValue> </responseIf> <responseElse> <setOutcomeValue identifier="FEEDBACK"> <baseValue baseType="identifier">FAILURE</baseValue> </setOutcomeValue> </responseElse> </responseCondition> </responseElse> </responseCondition> </responseProcessing> <modalFeedback identifier="FAILURE" outcomeIdentifier="FEEDBACK" showHide="show"> <div class="textblock tvblock tvcss_1"><div class="rte_zone tveditor1"> <p>Stelling 1: De eigenwaarde wordt berekend door:</p> <ul> <li><p>Per item wordt gekeken hoeveel variantie van dat item verklaard wordt door de factor</p></li> <li><p>Dit wordt omgezet in een proportie (bijvoorbeeld: .60 (=60%) van het item wordt verklaard door de factor)</p></li> <li><p>De proportie van alle items worden bij elkaar opgeteld om de eigenwaarde van een factor te bepalen.</p></li> </ul> <p>Elk item heeft dus een variantie van 1.00. Wanneer een factor een eigenwaarde &gt;1.00 heeft, verklaart de factor meer variantie dan een afzonderlijk item.</p> <p>Stelling 2: De factorlading van één item op één van de factoren zegt niets over de correlatie tussen de factoren.</p> </div> </div> </modalFeedback> <modalFeedback identifier="ANSWER_CORRECT" outcomeIdentifier="FEEDBACK" showHide="show"> <div class="textblock tvblock tvcss_1"><div class="rte_zone tveditor1"> <p>Stelling 1: De eigenwaarde wordt berekend door:</p> <ul> <li><p>Per item wordt gekeken hoeveel variantie van dat item verklaard wordt door de factor</p></li> <li><p>Dit wordt omgezet in een proportie (bijvoorbeeld: .60 (=60%) van het item wordt verklaard door de factor)</p></li> <li><p>De proportie van alle items worden bij elkaar opgeteld om de eigenwaarde van een factor te bepalen.</p></li> </ul> <p>Elk item heeft dus een variantie van 1.00. Wanneer een factor een eigenwaarde &gt;1.00 heeft, verklaart de factor meer variantie dan een afzonderlijk item.</p> <p>Stelling 2: De factorlading van één item op één van de factoren zegt niets over de correlatie tussen de factoren.</p> </div> </div> </modalFeedback> <modalFeedback identifier="PARTIAL_CORRECT" outcomeIdentifier="FEEDBACK" showHide="show"> <div class="textblock tvblock tvcss_1"><div class="rte_zone tveditor1"> <p>Stelling 1: De eigenwaarde wordt berekend door:</p> <ul> <li><p>Per item wordt gekeken hoeveel variantie van dat item verklaard wordt door de factor</p></li> <li><p>Dit wordt omgezet in een proportie (bijvoorbeeld: .60 (=60%) van het item wordt verklaard door de factor)</p></li> <li><p>De proportie van alle items worden bij elkaar opgeteld om de eigenwaarde van een factor te bepalen.</p></li> </ul> <p>Elk item heeft dus een variantie van 1.00. Wanneer een factor een eigenwaarde &gt;1.00 heeft, verklaart de factor meer variantie dan een afzonderlijk item.</p> <p>Stelling 2: De factorlading van één item op één van de factoren zegt niets over de correlatie tussen de factoren.</p> </div> </div> </modalFeedback> </assessmentItem>
