<?xml version="1.0" encoding="UTF-8"?>
<assessmentItem xsi:schemaLocation="http://www.imsglobal.org/xsd/imsqti_v2p1 http://www.imsglobal.org/xsd/qti/qtiv2p1/imsqti_v2p1p1.xsd http://www.w3.org/1998/Math/MathML http://www.w3.org/Math/XMLSchema/mathml2/mathml2.xsd" identifier="uu-Power-802-nl-qti_889427743_section_1_item_1_schoice" title="1" adaptive="false" timeDependent="false" xmlns="http://www.imsglobal.org/xsd/imsqti_v2p1" xmlns:xsi="http://www.w3.org/2001/XMLSchema-instance">
<responseDeclaration identifier="uu-Power-802-nl-qti_889427743_section_1_item_1_schoice_RESPONSE_1_2911961" cardinality="single" baseType="identifier">
<correctResponse>
<value>uu-Power-802-nl-qti_889427743_section_1_item_1_schoice_1_1916000526</value>
</correctResponse>
<mapping defaultValue="0" lowerBound="0.0">
<mapEntry mapKey="uu-Power-802-nl-qti_889427743_section_1_item_1_schoice_1_1916000526" mappedValue="1"/>
<mapEntry mapKey="uu-Power-802-nl-qti_889427743_section_1_item_1_schoice_2_7874075927" mappedValue="0"/>
<mapEntry mapKey="uu-Power-802-nl-qti_889427743_section_1_item_1_schoice_3_6839281316" mappedValue="0"/>
<mapEntry mapKey="uu-Power-802-nl-qti_889427743_section_1_item_1_schoice_4_5896982640" mappedValue="0"/>
</mapping>
</responseDeclaration>
<outcomeDeclaration identifier="SCORE" cardinality="single" baseType="float" normalMaximum="1" normalMinimum="0">
<defaultValue>
<value>0.0</value>
</defaultValue>
</outcomeDeclaration>
<outcomeDeclaration identifier="MAXSCORE" cardinality="single" baseType="float">
<defaultValue>
<value>1</value>
</defaultValue>
</outcomeDeclaration>
<outcomeDeclaration identifier="FEEDBACKBASIC" cardinality="single" baseType="identifier" view="testConstructor">
<defaultValue>
<value>empty</value>
</defaultValue>
</outcomeDeclaration>
<outcomeDeclaration identifier="FEEDBACKMODAL" cardinality="multiple" baseType="identifier" view="testConstructor"/>
<outcomeDeclaration identifier="MINSCORE" cardinality="single" baseType="float">
<defaultValue>
<value baseType="float">0</value>
</defaultValue>
</outcomeDeclaration>
<outcomeDeclaration identifier="SCORE_RESPONSE_1" cardinality="single" baseType="float">
<defaultValue>
<value>0.0</value>
</defaultValue>
</outcomeDeclaration>
<outcomeDeclaration identifier="MINSCORE_RESPONSE_1" cardinality="single" baseType="float">
<defaultValue>
<value>0.0</value>
</defaultValue>
</outcomeDeclaration>
<itemBody>
<p>Een data-analist beweert dat een toets met een grotere steekproef beter is dan een toets (in dezelfde situatie) met een wat kleinere steekproef: “Met een grotere steekproef krijgt de toets een hogere power,” beweert de analist. Wat meet de power precies?</p>
<choiceInteraction responseIdentifier="uu-Power-802-nl-qti_889427743_section_1_item_1_schoice_RESPONSE_1_2911961" shuffle="false" maxChoices="1">
<simpleChoice identifier="uu-Power-802-nl-qti_889427743_section_1_item_1_schoice_1_1916000526">
<p>
 De kans dat we H0 verwerpen terwijl H1 waar is.
</p>
</simpleChoice>
<simpleChoice identifier="uu-Power-802-nl-qti_889427743_section_1_item_1_schoice_2_7874075927">
<p>
 De kans dat we H0 verwerpen terwijl H0 waar is.
</p>
</simpleChoice>
<simpleChoice identifier="uu-Power-802-nl-qti_889427743_section_1_item_1_schoice_3_6839281316">
<p>
 De kans dat we H0 niet verwerpen terwijl H0 waar is.
</p>
</simpleChoice>
<simpleChoice identifier="uu-Power-802-nl-qti_889427743_section_1_item_1_schoice_4_5896982640">
<p>
 De kans dat we H0 niet verwerpen terwijl H1 waar is.
</p>
</simpleChoice>
</choiceInteraction>
</itemBody>
<responseProcessing>
<responseCondition>
<responseIf>
<isNull>
<variable identifier="uu-Power-802-nl-qti_889427743_section_1_item_1_schoice_RESPONSE_1_2911961"/>
</isNull>
<setOutcomeValue identifier="SCORE_RESPONSE_1">
<sum>
<variable identifier="SCORE_RESPONSE_1"/>
<baseValue baseType="float">0</baseValue>
</sum>
</setOutcomeValue>
</responseIf>
</responseCondition>
<setOutcomeValue identifier="SCORE_RESPONSE_1">
<sum>
<variable identifier="SCORE_RESPONSE_1"/>
<mapResponse identifier="uu-Power-802-nl-qti_889427743_section_1_item_1_schoice_RESPONSE_1_2911961"/>
</sum>
</setOutcomeValue>
<responseCondition>
<responseIf>
<lt>
<variable identifier="SCORE_RESPONSE_1"/>
<variable identifier="MINSCORE_RESPONSE_1"/>
</lt>
<setOutcomeValue identifier="SCORE_RESPONSE_1">
<variable identifier="MINSCORE_RESPONSE_1"/>
</setOutcomeValue>
</responseIf>
</responseCondition>
<setOutcomeValue identifier="SCORE">
<sum>
<variable identifier="SCORE_RESPONSE_1"/>
</sum>
</setOutcomeValue>
<responseCondition>
<responseIf>
<lt>
<variable identifier="SCORE"/>
<variable identifier="MINSCORE"/>
</lt>
<setOutcomeValue identifier="SCORE">
<variable identifier="MINSCORE"/>
</setOutcomeValue>
</responseIf>
</responseCondition>
<responseCondition>
<responseIf>
<lt>
<variable identifier="SCORE"/>
<baseValue baseType="float">1</baseValue>
</lt>
<setOutcomeValue identifier="FEEDBACKMODAL">
<multiple>
<variable identifier="FEEDBACKMODAL"/>
<baseValue baseType="identifier">Feedback264775933</baseValue>
</multiple>
</setOutcomeValue>
</responseIf>
</responseCondition>
</responseProcessing>
<modalFeedback identifier="Feedback264775933" outcomeIdentifier="FEEDBACKMODAL" showHide="show">
</modalFeedback>
</assessmentItem>
