<?xml version="1.0" encoding="utf-8" standalone="yes"?>
<assessmentItem identifier="vufgb-pearson-004-nl-tv_202601131822_item_1_schoice" title="vufgb-pearson-004-nl-tv_202601131822_item_1_schoice_vufgb-pearson-004-nl" adaptive="false" timeDependent="false" toolName="Testvision Online" toolVersion="39.0.9084" xmlns="http://www.imsglobal.org/xsd/imsqti_v2p1">
<responseDeclaration identifier="RESPONSE" cardinality="single" baseType="identifier">
<correctResponse>
<value>alt_971367</value>
</correctResponse>
<mapping defaultValue="0" lowerBound="0.0">
<mapEntry mapKey="alt_311508" mappedValue="-0.333333333333333"/>
<mapEntry mapKey="alt_367864" mappedValue="-0.333333333333333"/>
<mapEntry mapKey="alt_971367" mappedValue="1"/>
<mapEntry mapKey="alt_598184" mappedValue="-0.333333333333333"/>
</mapping>
</responseDeclaration>
<outcomeDeclaration identifier="SCORE" cardinality="single" baseType="float" normalMaximum="1" normalMinimum="0" />
<outcomeDeclaration identifier="FEEDBACK" cardinality="single" baseType="identifier" />
<stylesheet href="css/vufgb-pearson-004-nl-tv_202601131822_item_1_schoice.css" type="text/css" />
<itemBody>
<p>De volgende tabel met scores op een criterium (Y ) en een voorspeller (X) heeft betrekking op de volgende twee opgaven.</p>
<p><img src="mediafiles/supplements1/vufgb-pearson-004-nl-table01.jpg" alt="image"/></p>
<p>De resulterende regressievergelijking is <math display="inline" xmlns="http://www.w3.org/1998/Math/MathML"><semantics><mrow><mover><mi>y</mi><mo accent="true">̂</mo></mover><mo>=</mo><mn>8.5</mn><mo>+</mo><mn>1.5</mn><mi>x</mi></mrow><annotation encoding="application/x-tex">\hat{y} = 8.5+1.5x</annotation></semantics></math>.</p>
<p>Hoe groot is de correlatie tussen beide variabelen?</p>
<choiceInteraction responseIdentifier="RESPONSE" shuffle="false" maxChoices="1">
<simpleChoice identifier="alt_311508">
<div class="textblock tvblock tvcss_1"><div class="rte_zone tveditor1">
 0.42
</div>
</div>
</simpleChoice>
<simpleChoice identifier="alt_367864">
<div class="textblock tvblock tvcss_1"><div class="rte_zone tveditor1">
 0.90
</div>
</div>
</simpleChoice>
<simpleChoice identifier="alt_971367">
<div class="textblock tvblock tvcss_1"><div class="rte_zone tveditor1">
 0.96
</div>
</div>
</simpleChoice>
<simpleChoice identifier="alt_598184">
<div class="textblock tvblock tvcss_1"><div class="rte_zone tveditor1">
 0.70
</div>
</div>
</simpleChoice>
</choiceInteraction>
</itemBody>
<responseProcessing>
<responseCondition>
<responseIf>
<isNull>
<variable identifier="RESPONSE"/>
</isNull>
<setOutcomeValue identifier="SCORE">
<baseValue baseType="float">0.0</baseValue>
</setOutcomeValue>
<setOutcomeValue identifier="FEEDBACK">
<baseValue baseType="identifier">FAILURE</baseValue>
</setOutcomeValue>
</responseIf>
<responseElse>
<setOutcomeValue identifier="SCORE">
<mapResponse identifier="RESPONSE"/>
</setOutcomeValue>
<responseCondition>
<responseIf>
<equal toleranceMode="relative" tolerance="0.001">
<variable identifier="SCORE"/>
<variable identifier="MAXSCORE"/>
</equal>
<setOutcomeValue identifier="FEEDBACK">
<baseValue baseType="identifier">ANSWER_CORRECT</baseValue>
</setOutcomeValue>
</responseIf>
<responseElse>
<setOutcomeValue identifier="FEEDBACK">
<baseValue baseType="identifier">FAILURE</baseValue>
</setOutcomeValue>
</responseElse>
</responseCondition>
</responseElse>
</responseCondition>
</responseProcessing>
<modalFeedback identifier="FAILURE" outcomeIdentifier="FEEDBACK" showHide="show">
<div class="textblock tvblock tvcss_1"><div class="rte_zone tveditor1">
<ul>
<li> 0.42 <br /> Incorrect </li>
<li> 0.90 <br /> Incorrect </li>
<li> 0.96 <br /> Correct </li>
<li> 0.70 <br /> Incorrect </li>
</ul>
</div>
</div>
</modalFeedback>
<modalFeedback identifier="ANSWER_CORRECT" outcomeIdentifier="FEEDBACK" showHide="show">
<div class="textblock tvblock tvcss_1"><div class="rte_zone tveditor1">
<ul>
<li> 0.42 <br /> Incorrect </li>
<li> 0.90 <br /> Incorrect </li>
<li> 0.96 <br /> Correct </li>
<li> 0.70 <br /> Incorrect </li>
</ul>
</div>
</div>
</modalFeedback>
<modalFeedback identifier="PARTIAL_CORRECT" outcomeIdentifier="FEEDBACK" showHide="show">
<div class="textblock tvblock tvcss_1"><div class="rte_zone tveditor1">
<ul>
<li> 0.42 <br /> Incorrect </li>
<li> 0.90 <br /> Incorrect </li>
<li> 0.96 <br /> Correct </li>
<li> 0.70 <br /> Incorrect </li>
</ul>
</div>
</div>
</modalFeedback>
</assessmentItem>
