<?xml version="1.0" encoding="UTF-8"?>
<assessmentItem xsi:schemaLocation="http://www.imsglobal.org/xsd/imsqti_v2p1 http://www.imsglobal.org/xsd/qti/qtiv2p1/imsqti_v2p1p1.xsd http://www.w3.org/1998/Math/MathML http://www.w3.org/Math/XMLSchema/mathml2/mathml2.xsd" identifier="uva-measures-of-location-182-nl-qti_644328647_section_1_item_1_schoice" title="1" adaptive="false" timeDependent="false" xmlns="http://www.imsglobal.org/xsd/imsqti_v2p1" xmlns:xsi="http://www.w3.org/2001/XMLSchema-instance">
<responseDeclaration identifier="uva-measures-of-location-182-nl-qti_644328647_section_1_item_1_schoice_RESPONSE_1_1783813" cardinality="single" baseType="identifier">
<correctResponse>
<value>uva-measures-of-location-182-nl-qti_644328647_section_1_item_1_schoice_2_2261069295</value>
</correctResponse>
<mapping defaultValue="0" lowerBound="0.0">
<mapEntry mapKey="uva-measures-of-location-182-nl-qti_644328647_section_1_item_1_schoice_1_2278670341" mappedValue="0"/>
<mapEntry mapKey="uva-measures-of-location-182-nl-qti_644328647_section_1_item_1_schoice_2_2261069295" mappedValue="1"/>
<mapEntry mapKey="uva-measures-of-location-182-nl-qti_644328647_section_1_item_1_schoice_3_8706462515" mappedValue="0"/>
</mapping>
</responseDeclaration>
<outcomeDeclaration identifier="SCORE" cardinality="single" baseType="float" normalMaximum="1" normalMinimum="0">
<defaultValue>
<value>0.0</value>
</defaultValue>
</outcomeDeclaration>
<outcomeDeclaration identifier="MAXSCORE" cardinality="single" baseType="float">
<defaultValue>
<value>1</value>
</defaultValue>
</outcomeDeclaration>
<outcomeDeclaration identifier="FEEDBACKBASIC" cardinality="single" baseType="identifier" view="testConstructor">
<defaultValue>
<value>empty</value>
</defaultValue>
</outcomeDeclaration>
<outcomeDeclaration identifier="FEEDBACKMODAL" cardinality="multiple" baseType="identifier" view="testConstructor"/>
<outcomeDeclaration identifier="SOLUTIONMODAL" cardinality="single" baseType="identifier" view="testConstructor"/>
<outcomeDeclaration identifier="MINSCORE" cardinality="single" baseType="float">
<defaultValue>
<value baseType="float">0</value>
</defaultValue>
</outcomeDeclaration>
<outcomeDeclaration identifier="SCORE_RESPONSE_1" cardinality="single" baseType="float">
<defaultValue>
<value>0.0</value>
</defaultValue>
</outcomeDeclaration>
<outcomeDeclaration identifier="MINSCORE_RESPONSE_1" cardinality="single" baseType="float">
<defaultValue>
<value>0.0</value>
</defaultValue>
</outcomeDeclaration>
<itemBody>
<p>Stel een onderzoeker heeft vier gemiddelden waarover zij een <em>multiple
comparison</em> betrouwbaarheidsinterval wil uitvoeren. Er zijn zes
mogelijke verschillen tussen gemiddelden en dus zes
betrouwbaarheidsintervallen. Nu geldt voor deze zes
betrouwbaarheidsintervallen dat</p>
<choiceInteraction responseIdentifier="uva-measures-of-location-182-nl-qti_644328647_section_1_item_1_schoice_RESPONSE_1_1783813" shuffle="false" maxChoices="1">
<simpleChoice identifier="uva-measures-of-location-182-nl-qti_644328647_section_1_item_1_schoice_1_2278670341">
<p>
 de kans (0.95)6 is dat de werkelijke verschillen binnen de gevonden grenzen liggen.
</p>
</simpleChoice>
<simpleChoice identifier="uva-measures-of-location-182-nl-qti_644328647_section_1_item_1_schoice_2_2261069295">
<p>
 de kans ongeveer 0.95 is dat de werkelijke verschillen binnen de gevonden grenzen liggen.
</p>
</simpleChoice>
<simpleChoice identifier="uva-measures-of-location-182-nl-qti_644328647_section_1_item_1_schoice_3_8706462515">
<p>
 voor ieder interval apart de kans 0.95 is dat het werkelijke verschil binnen de gevonden grenzen ligt.
</p>
</simpleChoice>
</choiceInteraction>
</itemBody>
<responseProcessing>
<setOutcomeValue identifier="SCORE_RESPONSE_1">
<sum>
<variable identifier="SCORE_RESPONSE_1"/>
<mapResponse identifier="uva-measures-of-location-182-nl-qti_644328647_section_1_item_1_schoice_RESPONSE_1_1783813"/>
</sum>
</setOutcomeValue>
<responseCondition>
<responseIf>
<lt>
<variable identifier="SCORE_RESPONSE_1"/>
<variable identifier="MINSCORE_RESPONSE_1"/>
</lt>
<setOutcomeValue identifier="SCORE_RESPONSE_1">
<variable identifier="MINSCORE_RESPONSE_1"/>
</setOutcomeValue>
</responseIf>
</responseCondition>
<responseCondition>
<responseIf>
<isNull>
<variable identifier="uva-measures-of-location-182-nl-qti_644328647_section_1_item_1_schoice_RESPONSE_1_1783813"/>
</isNull>
<setOutcomeValue identifier="SCORE_RESPONSE_1">
<sum>
<variable identifier="SCORE_RESPONSE_1"/>
<baseValue baseType="float">0</baseValue>
</sum>
</setOutcomeValue>
</responseIf>
</responseCondition>
<setOutcomeValue identifier="SCORE">
<sum>
<variable identifier="SCORE_RESPONSE_1"/>
</sum>
</setOutcomeValue>
<responseCondition>
<responseIf>
<lt>
<variable identifier="SCORE"/>
<variable identifier="MINSCORE"/>
</lt>
<setOutcomeValue identifier="SCORE">
<variable identifier="MINSCORE"/>
</setOutcomeValue>
</responseIf>
</responseCondition>
<responseCondition>
<responseIf>
<lt>
<variable identifier="SCORE"/>
<baseValue baseType="float">1</baseValue>
</lt>
<setOutcomeValue identifier="FEEDBACKMODAL">
<multiple>
<variable identifier="FEEDBACKMODAL"/>
<baseValue baseType="identifier">Feedback836439705</baseValue>
</multiple>
</setOutcomeValue>
</responseIf>
</responseCondition>
</responseProcessing>
<modalFeedback identifier="Feedback836439705" outcomeIdentifier="FEEDBACKMODAL" showHide="show">
<ul>
<li> de kans (0.95)6 is dat de werkelijke verschillen binnen de gevonden grenzen liggen. <br /> de kans (0.95)6 is dat de werkelijke verschillen binnen de gevonden grenzen liggen.: Incorrect </li>
<li> de kans ongeveer 0.95 is dat de werkelijke verschillen binnen de gevonden grenzen liggen. <br /> de kans ongeveer 0.95 is dat de werkelijke verschillen binnen de gevonden grenzen liggen.: Correct </li>
<li> voor ieder interval apart de kans 0.95 is dat het werkelijke verschil binnen de gevonden grenzen ligt. <br /> voor ieder interval apart de kans 0.95 is dat het werkelijke verschil binnen de gevonden grenzen ligt.: Incorrect </li>
</ul>
</modalFeedback>
</assessmentItem>
