<?xml version="1.0" encoding="UTF-8"?>
<assessmentItem xsi:schemaLocation="http://www.imsglobal.org/xsd/imsqti_v2p1 http://www.imsglobal.org/xsd/qti/qtiv2p1/imsqti_v2p1p1.xsd http://www.w3.org/1998/Math/MathML http://www.w3.org/Math/XMLSchema/mathml2/mathml2.xsd" identifier="uva-elementary-probability-955-nl-ans_316297946_section_1_item_1_schoice" title="Probability_uva-elementary-probability-955-nl_uva-elementary-probability-955-nl_schoice_1" adaptive="false" timeDependent="false" xmlns="http://www.imsglobal.org/xsd/imsqti_v2p1" xmlns:xsi="http://www.w3.org/2001/XMLSchema-instance">
<responseDeclaration identifier="uva-elementary-probability-955-nl-ans_316297946_section_1_item_1_schoice_RESPONSE_1_8160564" cardinality="single" baseType="identifier">
<correctResponse>
<value>uva-elementary-probability-955-nl-ans_316297946_section_1_item_1_schoice_3_6003475608</value>
</correctResponse>
<mapping defaultValue="0" lowerBound="0.0">
<mapEntry mapKey="uva-elementary-probability-955-nl-ans_316297946_section_1_item_1_schoice_1_2309232430" mappedValue="0"/>
<mapEntry mapKey="uva-elementary-probability-955-nl-ans_316297946_section_1_item_1_schoice_2_7514937424" mappedValue="0"/>
<mapEntry mapKey="uva-elementary-probability-955-nl-ans_316297946_section_1_item_1_schoice_3_6003475608" mappedValue="1"/>
<mapEntry mapKey="uva-elementary-probability-955-nl-ans_316297946_section_1_item_1_schoice_4_1218581653" mappedValue="0"/>
</mapping>
</responseDeclaration>
<outcomeDeclaration identifier="SCORE" cardinality="single" baseType="float" normalMaximum="1" normalMinimum="0">
<defaultValue>
<value>0.0</value>
</defaultValue>
</outcomeDeclaration>
<outcomeDeclaration identifier="MAXSCORE" cardinality="single" baseType="float">
<defaultValue>
<value>1</value>
</defaultValue>
</outcomeDeclaration>
<outcomeDeclaration identifier="FEEDBACKBASIC" cardinality="single" baseType="identifier" view="testConstructor">
<defaultValue>
<value>empty</value>
</defaultValue>
</outcomeDeclaration>
<outcomeDeclaration identifier="FEEDBACKMODAL" cardinality="multiple" baseType="identifier" view="testConstructor"/>
<outcomeDeclaration identifier="SOLUTIONMODAL" cardinality="single" baseType="identifier" view="testConstructor"/>
<outcomeDeclaration identifier="MINSCORE" cardinality="single" baseType="float">
<defaultValue>
<value baseType="float">0</value>
</defaultValue>
</outcomeDeclaration>
<outcomeDeclaration identifier="SCORE_RESPONSE_1" cardinality="single" baseType="float">
<defaultValue>
<value>0.0</value>
</defaultValue>
</outcomeDeclaration>
<outcomeDeclaration identifier="MINSCORE_RESPONSE_1" cardinality="single" baseType="float">
<defaultValue>
<value>0.0</value>
</defaultValue>
</outcomeDeclaration>
<itemBody>
<p>Er is een misdaad gepleegd, en het is bekend dat de misdadiger deel
uitmaakt van een populatie van 6 miljoen. Door onderzoek weet de politie
dat slechts één op de miljoen personen DNA heeft wat overeenkomt met het
DNA van de dader. Wat is dan de kans dat de politie de dader te pakken
heeft, als de politie alleen afgaat op een DNA-match?</p>
<choiceInteraction responseIdentifier="uva-elementary-probability-955-nl-ans_316297946_section_1_item_1_schoice_RESPONSE_1_8160564" shuffle="false" maxChoices="1">
<simpleChoice identifier="uva-elementary-probability-955-nl-ans_316297946_section_1_item_1_schoice_1_2309232430">
<p>
 1/6,000,000
</p>
</simpleChoice>
<simpleChoice identifier="uva-elementary-probability-955-nl-ans_316297946_section_1_item_1_schoice_2_7514937424">
<p>
 1/1,000,000
</p>
</simpleChoice>
<simpleChoice identifier="uva-elementary-probability-955-nl-ans_316297946_section_1_item_1_schoice_3_6003475608">
<p>
 1/6
</p>
</simpleChoice>
<simpleChoice identifier="uva-elementary-probability-955-nl-ans_316297946_section_1_item_1_schoice_4_1218581653">
<p>
 5/6
</p>
</simpleChoice>
</choiceInteraction>
</itemBody>
<responseProcessing>
<setOutcomeValue identifier="SCORE_RESPONSE_1">
<sum>
<variable identifier="SCORE_RESPONSE_1"/>
<mapResponse identifier="uva-elementary-probability-955-nl-ans_316297946_section_1_item_1_schoice_RESPONSE_1_8160564"/>
</sum>
</setOutcomeValue>
<responseCondition>
<responseIf>
<lt>
<variable identifier="SCORE_RESPONSE_1"/>
<variable identifier="MINSCORE_RESPONSE_1"/>
</lt>
<setOutcomeValue identifier="SCORE_RESPONSE_1">
<variable identifier="MINSCORE_RESPONSE_1"/>
</setOutcomeValue>
</responseIf>
</responseCondition>
<responseCondition>
<responseIf>
<isNull>
<variable identifier="uva-elementary-probability-955-nl-ans_316297946_section_1_item_1_schoice_RESPONSE_1_8160564"/>
</isNull>
<setOutcomeValue identifier="SCORE_RESPONSE_1">
<sum>
<variable identifier="SCORE_RESPONSE_1"/>
<baseValue baseType="float">0</baseValue>
</sum>
</setOutcomeValue>
</responseIf>
</responseCondition>
<setOutcomeValue identifier="SCORE">
<sum>
<variable identifier="SCORE_RESPONSE_1"/>
</sum>
</setOutcomeValue>
<responseCondition>
<responseIf>
<lt>
<variable identifier="SCORE"/>
<variable identifier="MINSCORE"/>
</lt>
<setOutcomeValue identifier="SCORE">
<variable identifier="MINSCORE"/>
</setOutcomeValue>
</responseIf>
</responseCondition>
<responseCondition>
<responseIf>
<lt>
<variable identifier="SCORE"/>
<baseValue baseType="float">1</baseValue>
</lt>
<setOutcomeValue identifier="FEEDBACKMODAL">
<multiple>
<variable identifier="FEEDBACKMODAL"/>
<baseValue baseType="identifier">Feedback324333612</baseValue>
</multiple>
</setOutcomeValue>
</responseIf>
</responseCondition>
</responseProcessing>
<modalFeedback outcomeIdentifier="FEEDBACK" showHide="show" identifier="incorrect">
<ul>
<li> 1/6,000,000 <br /> 1/6,000,000: Incorrect </li>
<li> 1/1,000,000 <br /> 1/1,000,000: Incorrect </li>
<li> 1/6 <br /> 1/6: Correct </li>
<li> 5/6 <br /> 5/6: Incorrect </li>
</ul>
</modalFeedback>
</assessmentItem>
