<?xml version="1.0" encoding="UTF-8"?>
<assessmentItem xsi:schemaLocation="http://www.imsglobal.org/xsd/imsqti_v2p1 http://www.imsglobal.org/xsd/qti/qtiv2p1/imsqti_v2p1p1.xsd http://www.w3.org/1998/Math/MathML http://www.w3.org/Math/XMLSchema/mathml2/mathml2.xsd" identifier="uva-random-variables-285-en-qti_957766316_section_1_item_1_schoice" title="1" adaptive="false" timeDependent="false" xmlns="http://www.imsglobal.org/xsd/imsqti_v2p1" xmlns:xsi="http://www.w3.org/2001/XMLSchema-instance">
<responseDeclaration identifier="uva-random-variables-285-en-qti_957766316_section_1_item_1_schoice_RESPONSE_1_8244487" cardinality="single" baseType="identifier">
<correctResponse>
<value>uva-random-variables-285-en-qti_957766316_section_1_item_1_schoice_1_3140965053</value>
</correctResponse>
<mapping defaultValue="0" lowerBound="0.0">
<mapEntry mapKey="uva-random-variables-285-en-qti_957766316_section_1_item_1_schoice_1_3140965053" mappedValue="1"/>
<mapEntry mapKey="uva-random-variables-285-en-qti_957766316_section_1_item_1_schoice_2_1120003513" mappedValue="0"/>
<mapEntry mapKey="uva-random-variables-285-en-qti_957766316_section_1_item_1_schoice_3_2417893327" mappedValue="0"/>
<mapEntry mapKey="uva-random-variables-285-en-qti_957766316_section_1_item_1_schoice_4_1172509340" mappedValue="0"/>
</mapping>
</responseDeclaration>
<outcomeDeclaration identifier="SCORE" cardinality="single" baseType="float" normalMaximum="1" normalMinimum="0">
<defaultValue>
<value>0.0</value>
</defaultValue>
</outcomeDeclaration>
<outcomeDeclaration identifier="MAXSCORE" cardinality="single" baseType="float">
<defaultValue>
<value>1</value>
</defaultValue>
</outcomeDeclaration>
<outcomeDeclaration identifier="FEEDBACKBASIC" cardinality="single" baseType="identifier" view="testConstructor">
<defaultValue>
<value>empty</value>
</defaultValue>
</outcomeDeclaration>
<outcomeDeclaration identifier="FEEDBACKMODAL" cardinality="multiple" baseType="identifier" view="testConstructor"/>
<outcomeDeclaration identifier="SOLUTIONMODAL" cardinality="single" baseType="identifier" view="testConstructor"/>
<outcomeDeclaration identifier="MINSCORE" cardinality="single" baseType="float">
<defaultValue>
<value baseType="float">0</value>
</defaultValue>
</outcomeDeclaration>
<outcomeDeclaration identifier="SCORE_RESPONSE_1" cardinality="single" baseType="float">
<defaultValue>
<value>0.0</value>
</defaultValue>
</outcomeDeclaration>
<outcomeDeclaration identifier="MINSCORE_RESPONSE_1" cardinality="single" baseType="float">
<defaultValue>
<value>0.0</value>
</defaultValue>
</outcomeDeclaration>
<itemBody>
<p>The cross table below shows how two Utrecht constituencies voted voted during the last referendum on the European Constitution: for, against or blank.</p>
<p>—————- —— ——- ——– For Against Blank Electoral district 1 183 161 12 Electoral district 2 212 228 16 Total 395 398 28 —————- —— ——- ——–</p>
<p>If we randomly choose one from these 812 voters, chances are that it is someone from district 1, and that they voted against the Constitution, is equal to</p>
<choiceInteraction responseIdentifier="uva-random-variables-285-en-qti_957766316_section_1_item_1_schoice_RESPONSE_1_8244487" shuffle="false" maxChoices="1">
<simpleChoice identifier="uva-random-variables-285-en-qti_957766316_section_1_item_1_schoice_1_3140965053">
<p>
 0.2
</p>
</simpleChoice>
<simpleChoice identifier="uva-random-variables-285-en-qti_957766316_section_1_item_1_schoice_2_1120003513">
<p>
 0.21
</p>
</simpleChoice>
<simpleChoice identifier="uva-random-variables-285-en-qti_957766316_section_1_item_1_schoice_3_2417893327">
<p>
 0.45
</p>
</simpleChoice>
<simpleChoice identifier="uva-random-variables-285-en-qti_957766316_section_1_item_1_schoice_4_1172509340">
<p>
 0.7
</p>
</simpleChoice>
</choiceInteraction>
</itemBody>
<responseProcessing>
<setOutcomeValue identifier="SCORE_RESPONSE_1">
<sum>
<variable identifier="SCORE_RESPONSE_1"/>
<mapResponse identifier="uva-random-variables-285-en-qti_957766316_section_1_item_1_schoice_RESPONSE_1_8244487"/>
</sum>
</setOutcomeValue>
<responseCondition>
<responseIf>
<lt>
<variable identifier="SCORE_RESPONSE_1"/>
<variable identifier="MINSCORE_RESPONSE_1"/>
</lt>
<setOutcomeValue identifier="SCORE_RESPONSE_1">
<variable identifier="MINSCORE_RESPONSE_1"/>
</setOutcomeValue>
</responseIf>
</responseCondition>
<responseCondition>
<responseIf>
<isNull>
<variable identifier="uva-random-variables-285-en-qti_957766316_section_1_item_1_schoice_RESPONSE_1_8244487"/>
</isNull>
<setOutcomeValue identifier="SCORE_RESPONSE_1">
<sum>
<variable identifier="SCORE_RESPONSE_1"/>
<baseValue baseType="float">0</baseValue>
</sum>
</setOutcomeValue>
</responseIf>
</responseCondition>
<setOutcomeValue identifier="SCORE">
<sum>
<variable identifier="SCORE_RESPONSE_1"/>
</sum>
</setOutcomeValue>
<responseCondition>
<responseIf>
<lt>
<variable identifier="SCORE"/>
<variable identifier="MINSCORE"/>
</lt>
<setOutcomeValue identifier="SCORE">
<variable identifier="MINSCORE"/>
</setOutcomeValue>
</responseIf>
</responseCondition>
<responseCondition>
<responseIf>
<lt>
<variable identifier="SCORE"/>
<baseValue baseType="float">1</baseValue>
</lt>
<setOutcomeValue identifier="FEEDBACKMODAL">
<multiple>
<variable identifier="FEEDBACKMODAL"/>
<baseValue baseType="identifier">Feedback428044881</baseValue>
</multiple>
</setOutcomeValue>
</responseIf>
</responseCondition>
</responseProcessing>
<modalFeedback identifier="Feedback428044881" outcomeIdentifier="FEEDBACKMODAL" showHide="show">
<ul>
<li> 0.2 <br /> 0.2: Correct </li>
<li> 0.21 <br /> 0.21: Incorrect </li>
<li> 0.45 <br /> 0.45: Incorrect </li>
<li> 0.7 <br /> 0.7: Incorrect </li>
</ul>
</modalFeedback>
</assessmentItem>
