<?xml version="1.0" encoding="utf-8" standalone="yes"?>
<assessmentItem identifier="eur-reliability-403-nl-tv_202510071724_item_1_num" title="eur-reliability-403-nl-tv_202510071724_item_1_num_eur-reliability-403-nl" adaptive="false" timeDependent="false" toolName="Testvision Online" toolVersion="39.0.9084" xmlns="http://www.imsglobal.org/xsd/imsqti_v2p1">
<responseDeclaration identifier="RESPONSE" cardinality="multiple" baseType="float">
<correctResponse>
<value>0.78</value>
<value>0.78;0.78</value>
</correctResponse>
</responseDeclaration>
<outcomeDeclaration identifier="SCORE" cardinality="single" baseType="float" normalMaximum="1" normalMinimum="0" />
<outcomeDeclaration identifier="FEEDBACK" cardinality="single" baseType="identifier" />
<stylesheet href="css/eur-reliability-403-nl-tv_202510071724_item_1_num.css" type="text/css" />
<itemBody>
<p>Een onderzoeker van het instituut voor psychologie doet onderzoek naar alcoholmisbruik onder adolescenten. De onderzoeker ontwierp een vragenlijst met 12 items op Likert-schalen van 1 (helemaal mee oneens) tot 5 (helemaal mee eens). Een voorbeeld van een item is: Als ik uitga, drink ik vaak meer dan 5 alcoholische dranken. De antwoorden van 608 adolescente meisjes (1) en jongens (2) op de 12 items zitten in de dataset. Let op: hogere scores op de vragenlijst duiden op meer alcoholmisbruik.</p>
<p>Eerder onderzoek heeft aangetoond dat jongens meer alcohol misbruiken dan meisjes. Vanwege deze bevinding wil een onderzoeker de betrouwbaarheid van de vragenlijst voor jongens en meisjes afzonderlijk berekenen (variabele [geslacht]). Wat is de betrouwbaarheid (Cronbach’s alpha) van de schaal voor de meisjes? (3 decimalen)</p>
<p>Open de dataset hieronder om deze vraag te beantwoorden:</p>
<p><strong>Download</strong> <a href="mediafiles/supplements1/eur-reliability-403-nl-data.sav">SPSS file</a>, <a href="mediafiles/supplements1/eur-reliability-403-nl-data.csv">CSV file</a></p>
<extendedTextInteraction responseIdentifier="RESPONSE"/>
</itemBody>
<responseProcessing>
<responseCondition>
<responseIf>
<isNull>
<variable identifier="RESPONSE"/>
</isNull>
<setOutcomeValue identifier="SCORE">
<baseValue baseType="float">0.0</baseValue>
</setOutcomeValue>
<setOutcomeValue identifier="FEEDBACK">
<baseValue baseType="identifier">FAILURE</baseValue>
</setOutcomeValue>
</responseIf>
<responseElse>
<responseCondition>
<responseIf>
<match>
<variable identifier="RESPONSE"/>
<correct identifier="RESPONSE"/>
</match>
<setOutcomeValue identifier="SCORE">
<baseValue baseType="float">1</baseValue>
</setOutcomeValue>
</responseIf>
<responseElse>
<setOutcomeValue identifier="SCORE">
<baseValue baseType="float">0</baseValue>
</setOutcomeValue>
</responseElse>
</responseCondition>
<responseCondition>
<responseIf>
<equal toleranceMode="relative" tolerance="0.001">
<variable identifier="SCORE"/>
<variable identifier="MAXSCORE"/>
</equal>
<setOutcomeValue identifier="FEEDBACK">
<baseValue baseType="identifier">ANSWER_CORRECT</baseValue>
</setOutcomeValue>
</responseIf>
<responseElse>
<setOutcomeValue identifier="FEEDBACK">
<baseValue baseType="identifier">FAILURE</baseValue>
</setOutcomeValue>
</responseElse>
</responseCondition>
</responseElse>
</responseCondition>
</responseProcessing>
<modalFeedback identifier="FAILURE" outcomeIdentifier="FEEDBACK" showHide="show">
<div class="textblock tvblock tvcss_1"><div class="rte_zone tveditor1">
<p>De betrouwbaarheid (Cronbach’s alpha) van de schaal voor meisjes is 0,780 (schakel split file in om subgroepen te maken voor geslacht voordat de analyse wordt uitgevoerd).</p>
</div>
</div>
</modalFeedback>
<modalFeedback identifier="ANSWER_CORRECT" outcomeIdentifier="FEEDBACK" showHide="show">
<div class="textblock tvblock tvcss_1"><div class="rte_zone tveditor1">
<p>De betrouwbaarheid (Cronbach’s alpha) van de schaal voor meisjes is 0,780 (schakel split file in om subgroepen te maken voor geslacht voordat de analyse wordt uitgevoerd).</p>
</div>
</div>
</modalFeedback>
<modalFeedback identifier="PARTIAL_CORRECT" outcomeIdentifier="FEEDBACK" showHide="show">
<div class="textblock tvblock tvcss_1"><div class="rte_zone tveditor1">
<p>De betrouwbaarheid (Cronbach’s alpha) van de schaal voor meisjes is 0,780 (schakel split file in om subgroepen te maken voor geslacht voordat de analyse wordt uitgevoerd).</p>
</div>
</div>
</modalFeedback>
</assessmentItem>
