<?xml version="1.0" encoding="UTF-8"?>
<assessmentItem xsi:schemaLocation="http://www.imsglobal.org/xsd/imsqti_v2p1 http://www.imsglobal.org/xsd/qti/qtiv2p1/imsqti_v2p1p1.xsd http://www.w3.org/1998/Math/MathML http://www.w3.org/Math/XMLSchema/mathml2/mathml2.xsd" identifier="uva-uniform-710-nl-ans_378672833_section_1_item_1_schoice" title="Distributions_uva-uniform-710-nl_uva-uniform-710-nl_schoice_1" adaptive="false" timeDependent="false" xmlns="http://www.imsglobal.org/xsd/imsqti_v2p1" xmlns:xsi="http://www.w3.org/2001/XMLSchema-instance">
<responseDeclaration identifier="uva-uniform-710-nl-ans_378672833_section_1_item_1_schoice_RESPONSE_1_5237099" cardinality="single" baseType="identifier">
<correctResponse>
<value>uva-uniform-710-nl-ans_378672833_section_1_item_1_schoice_1_3117068169</value>
</correctResponse>
<mapping defaultValue="0" lowerBound="0.0">
<mapEntry mapKey="uva-uniform-710-nl-ans_378672833_section_1_item_1_schoice_1_3117068169" mappedValue="1"/>
<mapEntry mapKey="uva-uniform-710-nl-ans_378672833_section_1_item_1_schoice_2_8189346230" mappedValue="0"/>
<mapEntry mapKey="uva-uniform-710-nl-ans_378672833_section_1_item_1_schoice_3_8565811580" mappedValue="0"/>
<mapEntry mapKey="uva-uniform-710-nl-ans_378672833_section_1_item_1_schoice_4_4181765265" mappedValue="0"/>
</mapping>
</responseDeclaration>
<outcomeDeclaration identifier="SCORE" cardinality="single" baseType="float" normalMaximum="1" normalMinimum="0">
<defaultValue>
<value>0.0</value>
</defaultValue>
</outcomeDeclaration>
<outcomeDeclaration identifier="MAXSCORE" cardinality="single" baseType="float">
<defaultValue>
<value>1</value>
</defaultValue>
</outcomeDeclaration>
<outcomeDeclaration identifier="FEEDBACKBASIC" cardinality="single" baseType="identifier" view="testConstructor">
<defaultValue>
<value>empty</value>
</defaultValue>
</outcomeDeclaration>
<outcomeDeclaration identifier="FEEDBACKMODAL" cardinality="multiple" baseType="identifier" view="testConstructor"/>
<outcomeDeclaration identifier="SOLUTIONMODAL" cardinality="single" baseType="identifier" view="testConstructor"/>
<outcomeDeclaration identifier="MINSCORE" cardinality="single" baseType="float">
<defaultValue>
<value baseType="float">0</value>
</defaultValue>
</outcomeDeclaration>
<outcomeDeclaration identifier="SCORE_RESPONSE_1" cardinality="single" baseType="float">
<defaultValue>
<value>0.0</value>
</defaultValue>
</outcomeDeclaration>
<outcomeDeclaration identifier="MINSCORE_RESPONSE_1" cardinality="single" baseType="float">
<defaultValue>
<value>0.0</value>
</defaultValue>
</outcomeDeclaration>
<itemBody>
<p>Een generator van toevalsgetallen in een computer zal zijn uitkomsten
gelijkmatig verspreiden over het hele interval van 0 tot 1 wanneer wij
deze een lange serie getallen laten genereren. Dit noemen we een
zogenaamde uniforme verdeling. Een generator van toevalsgetallen
produceert een getal <em>X</em> tussen 0,4 en 0,7, wat is dan de kans P(0,4 ≤ <em>X</em> ≤ 0,7)?</p>
<choiceInteraction responseIdentifier="uva-uniform-710-nl-ans_378672833_section_1_item_1_schoice_RESPONSE_1_5237099" shuffle="false" maxChoices="1">
<simpleChoice identifier="uva-uniform-710-nl-ans_378672833_section_1_item_1_schoice_1_3117068169">
<p>
 0,3
</p>
</simpleChoice>
<simpleChoice identifier="uva-uniform-710-nl-ans_378672833_section_1_item_1_schoice_2_8189346230">
<p>
 0,4
</p>
</simpleChoice>
<simpleChoice identifier="uva-uniform-710-nl-ans_378672833_section_1_item_1_schoice_3_8565811580">
<p>
 0,7
</p>
</simpleChoice>
<simpleChoice identifier="uva-uniform-710-nl-ans_378672833_section_1_item_1_schoice_4_4181765265">
<p>
 1
</p>
</simpleChoice>
</choiceInteraction>
</itemBody>
<responseProcessing>
<setOutcomeValue identifier="SCORE_RESPONSE_1">
<sum>
<variable identifier="SCORE_RESPONSE_1"/>
<mapResponse identifier="uva-uniform-710-nl-ans_378672833_section_1_item_1_schoice_RESPONSE_1_5237099"/>
</sum>
</setOutcomeValue>
<responseCondition>
<responseIf>
<lt>
<variable identifier="SCORE_RESPONSE_1"/>
<variable identifier="MINSCORE_RESPONSE_1"/>
</lt>
<setOutcomeValue identifier="SCORE_RESPONSE_1">
<variable identifier="MINSCORE_RESPONSE_1"/>
</setOutcomeValue>
</responseIf>
</responseCondition>
<responseCondition>
<responseIf>
<isNull>
<variable identifier="uva-uniform-710-nl-ans_378672833_section_1_item_1_schoice_RESPONSE_1_5237099"/>
</isNull>
<setOutcomeValue identifier="SCORE_RESPONSE_1">
<sum>
<variable identifier="SCORE_RESPONSE_1"/>
<baseValue baseType="float">0</baseValue>
</sum>
</setOutcomeValue>
</responseIf>
</responseCondition>
<setOutcomeValue identifier="SCORE">
<sum>
<variable identifier="SCORE_RESPONSE_1"/>
</sum>
</setOutcomeValue>
<responseCondition>
<responseIf>
<lt>
<variable identifier="SCORE"/>
<variable identifier="MINSCORE"/>
</lt>
<setOutcomeValue identifier="SCORE">
<variable identifier="MINSCORE"/>
</setOutcomeValue>
</responseIf>
</responseCondition>
<responseCondition>
<responseIf>
<lt>
<variable identifier="SCORE"/>
<baseValue baseType="float">1</baseValue>
</lt>
<setOutcomeValue identifier="FEEDBACKMODAL">
<multiple>
<variable identifier="FEEDBACKMODAL"/>
<baseValue baseType="identifier">Feedback133970286</baseValue>
</multiple>
</setOutcomeValue>
</responseIf>
</responseCondition>
</responseProcessing>
<modalFeedback outcomeIdentifier="FEEDBACK" showHide="show" identifier="incorrect">
<ul>
<li> 0,3 <br /> 0,3: Correct </li>
<li> 0,4 <br /> 0,4: Incorrect </li>
<li> 0,7 <br /> 0,7: Incorrect </li>
<li> 1 <br /> 1: Incorrect </li>
</ul>
</modalFeedback>
</assessmentItem>
