<?xml version="1.0" encoding="utf-8" standalone="yes"?>
<assessmentItem identifier="uva-interval-814-en-tv_202510071723_item_1_schoice" title="uva-interval-814-en-tv_202510071723_item_1_schoice_uva-interval-814-en" adaptive="false" timeDependent="false" toolName="Testvision Online" toolVersion="39.0.9084" xmlns="http://www.imsglobal.org/xsd/imsqti_v2p1">
<responseDeclaration identifier="RESPONSE" cardinality="single" baseType="identifier">
<correctResponse>
<value>alt_613025</value>
</correctResponse>
<mapping defaultValue="0" lowerBound="0.0">
<mapEntry mapKey="alt_784434" mappedValue="-0.5"/>
<mapEntry mapKey="alt_824456" mappedValue="-0.5"/>
<mapEntry mapKey="alt_613025" mappedValue="1"/>
</mapping>
</responseDeclaration>
<outcomeDeclaration identifier="SCORE" cardinality="single" baseType="float" normalMaximum="1" normalMinimum="0" />
<outcomeDeclaration identifier="FEEDBACK" cardinality="single" baseType="identifier" />
<stylesheet href="css/uva-interval-814-en-tv_202510071723_item_1_schoice.css" type="text/css" />
<itemBody>
<p>When each observation of a variable lies within a certain interval of numbers, the variable ‘A’ is continuous and ‘B’ is quantitative.</p>
<choiceInteraction responseIdentifier="RESPONSE" shuffle="false" maxChoices="1">
<simpleChoice identifier="alt_784434">
<div class="textblock tvblock tvcss_1"><div class="rte_zone tveditor1">
 A’ is true and ‘B’ is false
</div>
</div>
</simpleChoice>
<simpleChoice identifier="alt_824456">
<div class="textblock tvblock tvcss_1"><div class="rte_zone tveditor1">
 A’ is incorrect and ‘B’ is correct
</div>
</div>
</simpleChoice>
<simpleChoice identifier="alt_613025">
<div class="textblock tvblock tvcss_1"><div class="rte_zone tveditor1">
 A’ and ‘B’ are both correct
</div>
</div>
</simpleChoice>
</choiceInteraction>
</itemBody>
<responseProcessing>
<responseCondition>
<responseIf>
<isNull>
<variable identifier="RESPONSE"/>
</isNull>
<setOutcomeValue identifier="SCORE">
<baseValue baseType="float">0.0</baseValue>
</setOutcomeValue>
<setOutcomeValue identifier="FEEDBACK">
<baseValue baseType="identifier">FAILURE</baseValue>
</setOutcomeValue>
</responseIf>
<responseElse>
<setOutcomeValue identifier="SCORE">
<mapResponse identifier="RESPONSE"/>
</setOutcomeValue>
<responseCondition>
<responseIf>
<equal toleranceMode="relative" tolerance="0.001">
<variable identifier="SCORE"/>
<variable identifier="MAXSCORE"/>
</equal>
<setOutcomeValue identifier="FEEDBACK">
<baseValue baseType="identifier">ANSWER_CORRECT</baseValue>
</setOutcomeValue>
</responseIf>
<responseElse>
<setOutcomeValue identifier="FEEDBACK">
<baseValue baseType="identifier">FAILURE</baseValue>
</setOutcomeValue>
</responseElse>
</responseCondition>
</responseElse>
</responseCondition>
</responseProcessing>
<modalFeedback identifier="FAILURE" outcomeIdentifier="FEEDBACK" showHide="show">
<div class="textblock tvblock tvcss_1"><div class="rte_zone tveditor1">
<ul>
<li> A’ is true and ‘B’ is false <br /> A’ is correct and ‘B’ is incorrect: Incorrect </li>
<li> A’ is incorrect and ‘B’ is correct <br /> A’ is incorrect and ‘B’ is correct: Incorrect </li>
<li> A’ and ‘B’ are both correct <br /> A’ and ‘B’ are both correct: Correct </li>
</ul>
</div>
</div>
</modalFeedback>
<modalFeedback identifier="ANSWER_CORRECT" outcomeIdentifier="FEEDBACK" showHide="show">
<div class="textblock tvblock tvcss_1"><div class="rte_zone tveditor1">
<ul>
<li> A’ is true and ‘B’ is false <br /> A’ is correct and ‘B’ is incorrect: Incorrect </li>
<li> A’ is incorrect and ‘B’ is correct <br /> A’ is incorrect and ‘B’ is correct: Incorrect </li>
<li> A’ and ‘B’ are both correct <br /> A’ and ‘B’ are both correct: Correct </li>
</ul>
</div>
</div>
</modalFeedback>
<modalFeedback identifier="PARTIAL_CORRECT" outcomeIdentifier="FEEDBACK" showHide="show">
<div class="textblock tvblock tvcss_1"><div class="rte_zone tveditor1">
<ul>
<li> A’ is true and ‘B’ is false <br /> A’ is correct and ‘B’ is incorrect: Incorrect </li>
<li> A’ is incorrect and ‘B’ is correct <br /> A’ is incorrect and ‘B’ is correct: Incorrect </li>
<li> A’ and ‘B’ are both correct <br /> A’ and ‘B’ are both correct: Correct </li>
</ul>
</div>
</div>
</modalFeedback>
</assessmentItem>
