<?xml version="1.0" encoding="UTF-8"?>
<assessmentItem xsi:schemaLocation="http://www.imsglobal.org/xsd/imsqti_v2p1 http://www.imsglobal.org/xsd/qti/qtiv2p1/imsqti_v2p1p1.xsd http://www.w3.org/1998/Math/MathML http://www.w3.org/Math/XMLSchema/mathml2/mathml2.xsd" identifier="vufgb-confidenceintervals-036-en-qti_465450544_section_1_item_1_schoice" title="1" adaptive="false" timeDependent="false" xmlns="http://www.imsglobal.org/xsd/imsqti_v2p1" xmlns:xsi="http://www.w3.org/2001/XMLSchema-instance">
<responseDeclaration identifier="vufgb-confidenceintervals-036-en-qti_465450544_section_1_item_1_schoice_RESPONSE_1_6300609" cardinality="single" baseType="identifier">
<correctResponse>
<value>vufgb-confidenceintervals-036-en-qti_465450544_section_1_item_1_schoice_4_9000589754</value>
</correctResponse>
<mapping defaultValue="0" lowerBound="0.0">
<mapEntry mapKey="vufgb-confidenceintervals-036-en-qti_465450544_section_1_item_1_schoice_1_1469450466" mappedValue="0"/>
<mapEntry mapKey="vufgb-confidenceintervals-036-en-qti_465450544_section_1_item_1_schoice_2_1521440629" mappedValue="0"/>
<mapEntry mapKey="vufgb-confidenceintervals-036-en-qti_465450544_section_1_item_1_schoice_3_6049896805" mappedValue="0"/>
<mapEntry mapKey="vufgb-confidenceintervals-036-en-qti_465450544_section_1_item_1_schoice_4_9000589754" mappedValue="1"/>
</mapping>
</responseDeclaration>
<outcomeDeclaration identifier="SCORE" cardinality="single" baseType="float" normalMaximum="1" normalMinimum="0">
<defaultValue>
<value>0.0</value>
</defaultValue>
</outcomeDeclaration>
<outcomeDeclaration identifier="MAXSCORE" cardinality="single" baseType="float">
<defaultValue>
<value>1</value>
</defaultValue>
</outcomeDeclaration>
<outcomeDeclaration identifier="FEEDBACKBASIC" cardinality="single" baseType="identifier" view="testConstructor">
<defaultValue>
<value>empty</value>
</defaultValue>
</outcomeDeclaration>
<outcomeDeclaration identifier="FEEDBACKMODAL" cardinality="multiple" baseType="identifier" view="testConstructor"/>
<outcomeDeclaration identifier="SOLUTIONMODAL" cardinality="single" baseType="identifier" view="testConstructor"/>
<outcomeDeclaration identifier="MINSCORE" cardinality="single" baseType="float">
<defaultValue>
<value baseType="float">0</value>
</defaultValue>
</outcomeDeclaration>
<outcomeDeclaration identifier="SCORE_RESPONSE_1" cardinality="single" baseType="float">
<defaultValue>
<value>0.0</value>
</defaultValue>
</outcomeDeclaration>
<outcomeDeclaration identifier="MINSCORE_RESPONSE_1" cardinality="single" baseType="float">
<defaultValue>
<value>0.0</value>
</defaultValue>
</outcomeDeclaration>
<itemBody>
<p>Complete the following statements.</p>
<p>Other conditions being equal, the higher the reliability (<em>confidence level</em>), the … the confidence interval (BI).</p>
<p>If the number of observations increases, then the BI becomes … .</p>
<choiceInteraction responseIdentifier="vufgb-confidenceintervals-036-en-qti_465450544_section_1_item_1_schoice_RESPONSE_1_6300609" shuffle="false" maxChoices="1">
<simpleChoice identifier="vufgb-confidenceintervals-036-en-qti_465450544_section_1_item_1_schoice_1_1469450466">
<p>
 Narrower, wider
</p>
</simpleChoice>
<simpleChoice identifier="vufgb-confidenceintervals-036-en-qti_465450544_section_1_item_1_schoice_2_1521440629">
<p>
 Wider, wider
</p>
</simpleChoice>
<simpleChoice identifier="vufgb-confidenceintervals-036-en-qti_465450544_section_1_item_1_schoice_3_6049896805">
<p>
 Narrower, narrower
</p>
</simpleChoice>
<simpleChoice identifier="vufgb-confidenceintervals-036-en-qti_465450544_section_1_item_1_schoice_4_9000589754">
<p>
 Wider, narrower
</p>
</simpleChoice>
</choiceInteraction>
</itemBody>
<responseProcessing>
<setOutcomeValue identifier="SCORE_RESPONSE_1">
<sum>
<variable identifier="SCORE_RESPONSE_1"/>
<mapResponse identifier="vufgb-confidenceintervals-036-en-qti_465450544_section_1_item_1_schoice_RESPONSE_1_6300609"/>
</sum>
</setOutcomeValue>
<responseCondition>
<responseIf>
<lt>
<variable identifier="SCORE_RESPONSE_1"/>
<variable identifier="MINSCORE_RESPONSE_1"/>
</lt>
<setOutcomeValue identifier="SCORE_RESPONSE_1">
<variable identifier="MINSCORE_RESPONSE_1"/>
</setOutcomeValue>
</responseIf>
</responseCondition>
<responseCondition>
<responseIf>
<isNull>
<variable identifier="vufgb-confidenceintervals-036-en-qti_465450544_section_1_item_1_schoice_RESPONSE_1_6300609"/>
</isNull>
<setOutcomeValue identifier="SCORE_RESPONSE_1">
<sum>
<variable identifier="SCORE_RESPONSE_1"/>
<baseValue baseType="float">0</baseValue>
</sum>
</setOutcomeValue>
</responseIf>
</responseCondition>
<setOutcomeValue identifier="SCORE">
<sum>
<variable identifier="SCORE_RESPONSE_1"/>
</sum>
</setOutcomeValue>
<responseCondition>
<responseIf>
<lt>
<variable identifier="SCORE"/>
<variable identifier="MINSCORE"/>
</lt>
<setOutcomeValue identifier="SCORE">
<variable identifier="MINSCORE"/>
</setOutcomeValue>
</responseIf>
</responseCondition>
<responseCondition>
<responseIf>
<lt>
<variable identifier="SCORE"/>
<baseValue baseType="float">1</baseValue>
</lt>
<setOutcomeValue identifier="FEEDBACKMODAL">
<multiple>
<variable identifier="FEEDBACKMODAL"/>
<baseValue baseType="identifier">Feedback150983498</baseValue>
</multiple>
</setOutcomeValue>
</responseIf>
</responseCondition>
</responseProcessing>
<modalFeedback identifier="Feedback150983498" outcomeIdentifier="FEEDBACKMODAL" showHide="show">
<ul>
<li> Narrower, wider <br /> Incorrect </li>
<li> Wider, wider <br /> Incorrect </li>
<li> Narrower, narrower <br /> Incorrect </li>
<li> Wider, narrower <br /> Correct </li>
</ul>
</modalFeedback>
</assessmentItem>
