<?xml version="1.0" encoding="UTF-8"?>
<assessmentItem xsi:schemaLocation="http://www.imsglobal.org/xsd/imsqti_v2p1 http://www.imsglobal.org/xsd/qti/qtiv2p1/imsqti_v2p1p1.xsd http://www.w3.org/1998/Math/MathML http://www.w3.org/Math/XMLSchema/mathml2/mathml2.xsd" identifier="uva-events-734-en-qti_181069767_section_1_item_1_schoice" title="1" adaptive="false" timeDependent="false" xmlns="http://www.imsglobal.org/xsd/imsqti_v2p1" xmlns:xsi="http://www.w3.org/2001/XMLSchema-instance">
<responseDeclaration identifier="uva-events-734-en-qti_181069767_section_1_item_1_schoice_RESPONSE_1_7102798" cardinality="single" baseType="identifier">
<correctResponse>
<value>uva-events-734-en-qti_181069767_section_1_item_1_schoice_2_8918969613</value>
</correctResponse>
<mapping defaultValue="0" lowerBound="0.0">
<mapEntry mapKey="uva-events-734-en-qti_181069767_section_1_item_1_schoice_1_2692799384" mappedValue="0"/>
<mapEntry mapKey="uva-events-734-en-qti_181069767_section_1_item_1_schoice_2_8918969613" mappedValue="1"/>
<mapEntry mapKey="uva-events-734-en-qti_181069767_section_1_item_1_schoice_3_1002589001" mappedValue="0"/>
<mapEntry mapKey="uva-events-734-en-qti_181069767_section_1_item_1_schoice_4_1570280177" mappedValue="0"/>
</mapping>
</responseDeclaration>
<outcomeDeclaration identifier="SCORE" cardinality="single" baseType="float" normalMaximum="1" normalMinimum="0">
<defaultValue>
<value>0.0</value>
</defaultValue>
</outcomeDeclaration>
<outcomeDeclaration identifier="MAXSCORE" cardinality="single" baseType="float">
<defaultValue>
<value>1</value>
</defaultValue>
</outcomeDeclaration>
<outcomeDeclaration identifier="FEEDBACKBASIC" cardinality="single" baseType="identifier" view="testConstructor">
<defaultValue>
<value>empty</value>
</defaultValue>
</outcomeDeclaration>
<outcomeDeclaration identifier="FEEDBACKMODAL" cardinality="multiple" baseType="identifier" view="testConstructor"/>
<outcomeDeclaration identifier="SOLUTIONMODAL" cardinality="single" baseType="identifier" view="testConstructor"/>
<outcomeDeclaration identifier="MINSCORE" cardinality="single" baseType="float">
<defaultValue>
<value baseType="float">0</value>
</defaultValue>
</outcomeDeclaration>
<outcomeDeclaration identifier="SCORE_RESPONSE_1" cardinality="single" baseType="float">
<defaultValue>
<value>0.0</value>
</defaultValue>
</outcomeDeclaration>
<outcomeDeclaration identifier="MINSCORE_RESPONSE_1" cardinality="single" baseType="float">
<defaultValue>
<value>0.0</value>
</defaultValue>
</outcomeDeclaration>
<itemBody>
<p>When does one call two events <em>disjoint</em>?</p>
<choiceInteraction responseIdentifier="uva-events-734-en-qti_181069767_section_1_item_1_schoice_RESPONSE_1_7102798" shuffle="false" maxChoices="1">
<simpleChoice identifier="uva-events-734-en-qti_181069767_section_1_item_1_schoice_1_2692799384">
<p>
 If the two events have joint outcomes.
</p>
</simpleChoice>
<simpleChoice identifier="uva-events-734-en-qti_181069767_section_1_item_1_schoice_2_8918969613">
<p>
 If the two events do not have joint outcomes.
</p>
</simpleChoice>
<simpleChoice identifier="uva-events-734-en-qti_181069767_section_1_item_1_schoice_3_1002589001">
<p>
 If the two events are independent of each other.
</p>
</simpleChoice>
<simpleChoice identifier="uva-events-734-en-qti_181069767_section_1_item_1_schoice_4_1570280177">
<p>
 None of the above answers is correct.
</p>
</simpleChoice>
</choiceInteraction>
</itemBody>
<responseProcessing>
<setOutcomeValue identifier="SCORE_RESPONSE_1">
<sum>
<variable identifier="SCORE_RESPONSE_1"/>
<mapResponse identifier="uva-events-734-en-qti_181069767_section_1_item_1_schoice_RESPONSE_1_7102798"/>
</sum>
</setOutcomeValue>
<responseCondition>
<responseIf>
<lt>
<variable identifier="SCORE_RESPONSE_1"/>
<variable identifier="MINSCORE_RESPONSE_1"/>
</lt>
<setOutcomeValue identifier="SCORE_RESPONSE_1">
<variable identifier="MINSCORE_RESPONSE_1"/>
</setOutcomeValue>
</responseIf>
</responseCondition>
<responseCondition>
<responseIf>
<isNull>
<variable identifier="uva-events-734-en-qti_181069767_section_1_item_1_schoice_RESPONSE_1_7102798"/>
</isNull>
<setOutcomeValue identifier="SCORE_RESPONSE_1">
<sum>
<variable identifier="SCORE_RESPONSE_1"/>
<baseValue baseType="float">0</baseValue>
</sum>
</setOutcomeValue>
</responseIf>
</responseCondition>
<setOutcomeValue identifier="SCORE">
<sum>
<variable identifier="SCORE_RESPONSE_1"/>
</sum>
</setOutcomeValue>
<responseCondition>
<responseIf>
<lt>
<variable identifier="SCORE"/>
<variable identifier="MINSCORE"/>
</lt>
<setOutcomeValue identifier="SCORE">
<variable identifier="MINSCORE"/>
</setOutcomeValue>
</responseIf>
</responseCondition>
<responseCondition>
<responseIf>
<lt>
<variable identifier="SCORE"/>
<baseValue baseType="float">1</baseValue>
</lt>
<setOutcomeValue identifier="FEEDBACKMODAL">
<multiple>
<variable identifier="FEEDBACKMODAL"/>
<baseValue baseType="identifier">Feedback390831508</baseValue>
</multiple>
</setOutcomeValue>
</responseIf>
</responseCondition>
</responseProcessing>
<modalFeedback identifier="Feedback390831508" outcomeIdentifier="FEEDBACKMODAL" showHide="show">
<ul>
<li> If the two events have joint outcomes. <br /> If the two events have joint outcomes: Incorrect </li>
<li> If the two events do not have joint outcomes. <br /> If the two events do not have joint outcomes: Correct </li>
<li> If the two events are independent of each other. <br /> If the two events are independent of each other: Incorrect </li>
<li> None of the above answers is correct. <br /> None of the above answers is correct: Incorrect </li>
</ul>
</modalFeedback>
</assessmentItem>
