<?xml version="1.0" encoding="UTF-8"?>
<assessmentItem xsi:schemaLocation="http://www.imsglobal.org/xsd/imsqti_v2p1 http://www.imsglobal.org/xsd/qti/qtiv2p1/imsqti_v2p1p1.xsd http://www.w3.org/1998/Math/MathML http://www.w3.org/Math/XMLSchema/mathml2/mathml2.xsd" identifier="eur-descriptive-256-en-ans_937777033_section_1_item_1_num" title="Descriptive-statistics_eur-descriptive-256-en_eur-descriptive-256-en_num_1" adaptive="false" timeDependent="false" xmlns="http://www.imsglobal.org/xsd/imsqti_v2p1" xmlns:xsi="http://www.w3.org/2001/XMLSchema-instance">
<responseDeclaration identifier="eur-descriptive-256-en-ans_937777033_section_1_item_1_num_RESPONSE_1_4299833" cardinality="single" baseType="string">
<correctResponse>
<value>4.736</value>
</correctResponse>
</responseDeclaration>
<outcomeDeclaration identifier="SCORE" cardinality="single" baseType="float" normalMaximum="1" normalMinimum="0">
<defaultValue>
<value>0.0</value>
</defaultValue>
</outcomeDeclaration>
<outcomeDeclaration identifier="MAXSCORE" cardinality="single" baseType="float">
<defaultValue>
<value>1</value>
</defaultValue>
</outcomeDeclaration>
<outcomeDeclaration identifier="FEEDBACKBASIC" cardinality="single" baseType="identifier" view="testConstructor">
<defaultValue>
<value>empty</value>
</defaultValue>
</outcomeDeclaration>
<outcomeDeclaration identifier="FEEDBACKMODAL" cardinality="multiple" baseType="identifier" view="testConstructor"/>
<outcomeDeclaration identifier="SOLUTIONMODAL" cardinality="single" baseType="identifier" view="testConstructor"/>
<outcomeDeclaration identifier="MINSCORE" cardinality="single" baseType="float">
<defaultValue>
<value baseType="float">0</value>
</defaultValue>
</outcomeDeclaration>
<outcomeDeclaration identifier="SCORE_RESPONSE_1" cardinality="single" baseType="float">
<defaultValue>
<value>0.0</value>
</defaultValue>
</outcomeDeclaration>
<outcomeDeclaration identifier="MINSCORE_RESPONSE_1" cardinality="single" baseType="float">
<defaultValue>
<value>0.0</value>
</defaultValue>
</outcomeDeclaration>
<itemBody>
<p>The file contains the final exam scores of high school students attending Raayland College concerning three of the courses studied. What is the mean score on the final history exam (variable: history) for boys [Gender = 2]? Write your answer in the answer box (with 3 decimal places).</p>
<p><strong>Download</strong>: <a href="media/supplements1/eur-descriptive-256-en-data.sav">SPSS file</a>, <a href="media/supplements1/eur-descriptive-256-en-data.csv">CSV file</a></p>
<p>
<textEntryInteraction responseIdentifier="eur-descriptive-256-en-ans_937777033_section_1_item_1_num_RESPONSE_1_4299833"/>
</p>
</itemBody>
<responseProcessing>
<responseCondition>
<responseIf>
<equal tolerance="0" toleranceMode="absolute">
<variable identifier="eur-descriptive-256-en-ans_937777033_section_1_item_1_num_RESPONSE_1_4299833"/>
<baseValue baseType="float">4.736</baseValue>
</equal>
<setOutcomeValue identifier="SCORE">
<baseValue baseType="float">1</baseValue>
</setOutcomeValue>
</responseIf>
</responseCondition>
<responseCondition>
<responseIf>
<and>
<not>
<isNull>
<variable identifier="eur-descriptive-256-en-ans_937777033_section_1_item_1_num_RESPONSE_1_4299833"/>
</isNull>
</not>
<lt>
<variable identifier="SCORE_RESPONSE_1"/>
<baseValue baseType="float">1</baseValue>
</lt>
</and>
<setOutcomeValue identifier="SCORE_RESPONSE_1">
<sum>
<variable identifier="SCORE_RESPONSE_1"/>
<baseValue baseType="float">0</baseValue>
</sum>
</setOutcomeValue>
</responseIf>
</responseCondition>
<responseCondition>
<responseIf>
<lt>
<variable identifier="SCORE_RESPONSE_1"/>
<variable identifier="MINSCORE_RESPONSE_1"/>
</lt>
<setOutcomeValue identifier="SCORE_RESPONSE_1">
<variable identifier="MINSCORE_RESPONSE_1"/>
</setOutcomeValue>
</responseIf>
</responseCondition>
<responseCondition>
<responseIf>
<isNull>
<variable identifier="eur-descriptive-256-en-ans_937777033_section_1_item_1_num_RESPONSE_1_4299833"/>
</isNull>
<setOutcomeValue identifier="SCORE_RESPONSE_1">
<sum>
<variable identifier="SCORE_RESPONSE_1"/>
<baseValue baseType="float">0</baseValue>
</sum>
</setOutcomeValue>
</responseIf>
</responseCondition>
<setOutcomeValue identifier="SCORE">
<sum>
<variable identifier="SCORE_RESPONSE_1"/>
</sum>
</setOutcomeValue>
<responseCondition>
<responseIf>
<lt>
<variable identifier="SCORE"/>
<variable identifier="MINSCORE"/>
</lt>
<setOutcomeValue identifier="SCORE">
<variable identifier="MINSCORE"/>
</setOutcomeValue>
</responseIf>
</responseCondition>
<responseCondition>
<responseIf>
<lt>
<variable identifier="SCORE"/>
<baseValue baseType="float">1</baseValue>
</lt>
<setOutcomeValue identifier="FEEDBACKMODAL">
<multiple>
<variable identifier="FEEDBACKMODAL"/>
<baseValue baseType="identifier">Feedback723627713</baseValue>
</multiple>
</setOutcomeValue>
</responseIf>
</responseCondition>
</responseProcessing>
<modalFeedback outcomeIdentifier="FEEDBACK" showHide="show" identifier="incorrect">
<p>The correct answer is 4.736.</p>
</modalFeedback>
</assessmentItem>
