<?xml version="1.0" encoding="UTF-8"?>
<assessmentItem xsi:schemaLocation="http://www.imsglobal.org/xsd/imsqti_v2p1 http://www.imsglobal.org/xsd/qti/qtiv2p1/imsqti_v2p1p1.xsd http://www.w3.org/1998/Math/MathML http://www.w3.org/Math/XMLSchema/mathml2/mathml2.xsd" identifier="uva-random-variables-257-en-ans_438198321_section_1_item_1_schoice" title="Probability_uva-random-variables-257-en_uva-random-variables-257-en_schoice_1" adaptive="false" timeDependent="false" xmlns="http://www.imsglobal.org/xsd/imsqti_v2p1" xmlns:xsi="http://www.w3.org/2001/XMLSchema-instance">
<responseDeclaration identifier="uva-random-variables-257-en-ans_438198321_section_1_item_1_schoice_RESPONSE_1_1940211" cardinality="single" baseType="identifier">
<correctResponse>
<value>uva-random-variables-257-en-ans_438198321_section_1_item_1_schoice_3_1050717344</value>
</correctResponse>
<mapping defaultValue="0" lowerBound="0.0">
<mapEntry mapKey="uva-random-variables-257-en-ans_438198321_section_1_item_1_schoice_1_9513356442" mappedValue="0"/>
<mapEntry mapKey="uva-random-variables-257-en-ans_438198321_section_1_item_1_schoice_2_9680540556" mappedValue="0"/>
<mapEntry mapKey="uva-random-variables-257-en-ans_438198321_section_1_item_1_schoice_3_1050717344" mappedValue="1"/>
<mapEntry mapKey="uva-random-variables-257-en-ans_438198321_section_1_item_1_schoice_4_1293377333" mappedValue="0"/>
</mapping>
</responseDeclaration>
<outcomeDeclaration identifier="SCORE" cardinality="single" baseType="float" normalMaximum="1" normalMinimum="0">
<defaultValue>
<value>0.0</value>
</defaultValue>
</outcomeDeclaration>
<outcomeDeclaration identifier="MAXSCORE" cardinality="single" baseType="float">
<defaultValue>
<value>1</value>
</defaultValue>
</outcomeDeclaration>
<outcomeDeclaration identifier="FEEDBACKBASIC" cardinality="single" baseType="identifier" view="testConstructor">
<defaultValue>
<value>empty</value>
</defaultValue>
</outcomeDeclaration>
<outcomeDeclaration identifier="FEEDBACKMODAL" cardinality="multiple" baseType="identifier" view="testConstructor"/>
<outcomeDeclaration identifier="SOLUTIONMODAL" cardinality="single" baseType="identifier" view="testConstructor"/>
<outcomeDeclaration identifier="MINSCORE" cardinality="single" baseType="float">
<defaultValue>
<value baseType="float">0</value>
</defaultValue>
</outcomeDeclaration>
<outcomeDeclaration identifier="SCORE_RESPONSE_1" cardinality="single" baseType="float">
<defaultValue>
<value>0.0</value>
</defaultValue>
</outcomeDeclaration>
<outcomeDeclaration identifier="MINSCORE_RESPONSE_1" cardinality="single" baseType="float">
<defaultValue>
<value>0.0</value>
</defaultValue>
</outcomeDeclaration>
<itemBody>
<p>In a study of differences between nursing and care homes looked at, among other things, the age of the (502) residents in the sample. Age was divided into 5 classes for this purpose. The results are shown in the cross tabulation below:</p>
<p>—————– ——- ——- ——- ——- —– Frequency 50-64 65-74 75-84 85-94 ≥95 nursing home 4 27 96 108 14 nursing home 0 6 91 129 27 —————– ——- ——- ——- ——- —–</p>
<p>P(person from nursing home ∪ person over age 95) =</p>
<choiceInteraction responseIdentifier="uva-random-variables-257-en-ans_438198321_section_1_item_1_schoice_RESPONSE_1_1940211" shuffle="false" maxChoices="1">
<simpleChoice identifier="uva-random-variables-257-en-ans_438198321_section_1_item_1_schoice_1_9513356442">
<p>
 0.028
</p>
</simpleChoice>
<simpleChoice identifier="uva-random-variables-257-en-ans_438198321_section_1_item_1_schoice_2_9680540556">
<p>
 0.52
</p>
</simpleChoice>
<simpleChoice identifier="uva-random-variables-257-en-ans_438198321_section_1_item_1_schoice_3_1050717344">
<p>
 0.55
</p>
</simpleChoice>
<simpleChoice identifier="uva-random-variables-257-en-ans_438198321_section_1_item_1_schoice_4_1293377333">
<p>
 0.58
</p>
</simpleChoice>
</choiceInteraction>
</itemBody>
<responseProcessing>
<setOutcomeValue identifier="SCORE_RESPONSE_1">
<sum>
<variable identifier="SCORE_RESPONSE_1"/>
<mapResponse identifier="uva-random-variables-257-en-ans_438198321_section_1_item_1_schoice_RESPONSE_1_1940211"/>
</sum>
</setOutcomeValue>
<responseCondition>
<responseIf>
<lt>
<variable identifier="SCORE_RESPONSE_1"/>
<variable identifier="MINSCORE_RESPONSE_1"/>
</lt>
<setOutcomeValue identifier="SCORE_RESPONSE_1">
<variable identifier="MINSCORE_RESPONSE_1"/>
</setOutcomeValue>
</responseIf>
</responseCondition>
<responseCondition>
<responseIf>
<isNull>
<variable identifier="uva-random-variables-257-en-ans_438198321_section_1_item_1_schoice_RESPONSE_1_1940211"/>
</isNull>
<setOutcomeValue identifier="SCORE_RESPONSE_1">
<sum>
<variable identifier="SCORE_RESPONSE_1"/>
<baseValue baseType="float">0</baseValue>
</sum>
</setOutcomeValue>
</responseIf>
</responseCondition>
<setOutcomeValue identifier="SCORE">
<sum>
<variable identifier="SCORE_RESPONSE_1"/>
</sum>
</setOutcomeValue>
<responseCondition>
<responseIf>
<lt>
<variable identifier="SCORE"/>
<variable identifier="MINSCORE"/>
</lt>
<setOutcomeValue identifier="SCORE">
<variable identifier="MINSCORE"/>
</setOutcomeValue>
</responseIf>
</responseCondition>
<responseCondition>
<responseIf>
<lt>
<variable identifier="SCORE"/>
<baseValue baseType="float">1</baseValue>
</lt>
<setOutcomeValue identifier="FEEDBACKMODAL">
<multiple>
<variable identifier="FEEDBACKMODAL"/>
<baseValue baseType="identifier">Feedback825197172</baseValue>
</multiple>
</setOutcomeValue>
</responseIf>
</responseCondition>
</responseProcessing>
<modalFeedback outcomeIdentifier="FEEDBACK" showHide="show" identifier="incorrect">
<ul>
<li> 0.028 <br /> 0.028: Incorrect </li>
<li> 0.52 <br /> 0.52: Incorrect </li>
<li> 0.55 <br /> 0.55: Correct </li>
<li> 0.58 <br /> 0.58: Incorrect </li>
</ul>
</modalFeedback>
</assessmentItem>
