<?xml version="1.0" encoding="UTF-8"?>
<assessmentItem xsi:schemaLocation="http://www.imsglobal.org/xsd/imsqti_v2p1 http://www.imsglobal.org/xsd/qti/qtiv2p1/imsqti_v2p1p1.xsd http://www.w3.org/1998/Math/MathML http://www.w3.org/Math/XMLSchema/mathml2/mathml2.xsd" identifier="vufgb-multicolinearity-003-nl-qti_213002630_section_1_item_1_schoice" title="1" adaptive="false" timeDependent="false" xmlns="http://www.imsglobal.org/xsd/imsqti_v2p1" xmlns:xsi="http://www.w3.org/2001/XMLSchema-instance">
<responseDeclaration identifier="vufgb-multicolinearity-003-nl-qti_213002630_section_1_item_1_schoice_RESPONSE_1_6751317" cardinality="single" baseType="identifier">
<correctResponse>
<value>vufgb-multicolinearity-003-nl-qti_213002630_section_1_item_1_schoice_4_8524230244</value>
</correctResponse>
<mapping defaultValue="0" lowerBound="0.0">
<mapEntry mapKey="vufgb-multicolinearity-003-nl-qti_213002630_section_1_item_1_schoice_1_4631529483" mappedValue="0"/>
<mapEntry mapKey="vufgb-multicolinearity-003-nl-qti_213002630_section_1_item_1_schoice_2_8198584370" mappedValue="0"/>
<mapEntry mapKey="vufgb-multicolinearity-003-nl-qti_213002630_section_1_item_1_schoice_3_1162009747" mappedValue="0"/>
<mapEntry mapKey="vufgb-multicolinearity-003-nl-qti_213002630_section_1_item_1_schoice_4_8524230244" mappedValue="1"/>
</mapping>
</responseDeclaration>
<outcomeDeclaration identifier="SCORE" cardinality="single" baseType="float" normalMaximum="1" normalMinimum="0">
<defaultValue>
<value>0.0</value>
</defaultValue>
</outcomeDeclaration>
<outcomeDeclaration identifier="MAXSCORE" cardinality="single" baseType="float">
<defaultValue>
<value>1</value>
</defaultValue>
</outcomeDeclaration>
<outcomeDeclaration identifier="FEEDBACKBASIC" cardinality="single" baseType="identifier" view="testConstructor">
<defaultValue>
<value>empty</value>
</defaultValue>
</outcomeDeclaration>
<outcomeDeclaration identifier="FEEDBACKMODAL" cardinality="multiple" baseType="identifier" view="testConstructor"/>
<outcomeDeclaration identifier="MINSCORE" cardinality="single" baseType="float">
<defaultValue>
<value baseType="float">0</value>
</defaultValue>
</outcomeDeclaration>
<outcomeDeclaration identifier="SCORE_RESPONSE_1" cardinality="single" baseType="float">
<defaultValue>
<value>0.0</value>
</defaultValue>
</outcomeDeclaration>
<outcomeDeclaration identifier="MINSCORE_RESPONSE_1" cardinality="single" baseType="float">
<defaultValue>
<value>0.0</value>
</defaultValue>
</outcomeDeclaration>
<itemBody>
<p>Welke uitspraak over multicollineariteit tussen twee predictoren is <strong>niet</strong> waar?</p>
<choiceInteraction responseIdentifier="vufgb-multicolinearity-003-nl-qti_213002630_section_1_item_1_schoice_RESPONSE_1_6751317" shuffle="false" maxChoices="1">
<simpleChoice identifier="vufgb-multicolinearity-003-nl-qti_213002630_section_1_item_1_schoice_1_4631529483">
<p>
a. De varianties van beide predictoren overlappen voor een groot deel.
</p>
</simpleChoice>
<simpleChoice identifier="vufgb-multicolinearity-003-nl-qti_213002630_section_1_item_1_schoice_2_8198584370">
<p>
b. Het veroorzaakt een toename in de se van de b’s.
</p>
</simpleChoice>
<simpleChoice identifier="vufgb-multicolinearity-003-nl-qti_213002630_section_1_item_1_schoice_3_1162009747">
<p>
c. Het maakt het moeilijk om partiële effecten vast te stellen.
</p>
</simpleChoice>
<simpleChoice identifier="vufgb-multicolinearity-003-nl-qti_213002630_section_1_item_1_schoice_4_8524230244">
<p>
d. Door toevoeging van de tweede predictor neemt de R sterk toe.
</p>
</simpleChoice>
</choiceInteraction>
</itemBody>
<responseProcessing>
<responseCondition>
<responseIf>
<isNull>
<variable identifier="vufgb-multicolinearity-003-nl-qti_213002630_section_1_item_1_schoice_RESPONSE_1_6751317"/>
</isNull>
<setOutcomeValue identifier="SCORE_RESPONSE_1">
<sum>
<variable identifier="SCORE_RESPONSE_1"/>
<baseValue baseType="float">0</baseValue>
</sum>
</setOutcomeValue>
</responseIf>
</responseCondition>
<setOutcomeValue identifier="SCORE_RESPONSE_1">
<sum>
<variable identifier="SCORE_RESPONSE_1"/>
<mapResponse identifier="vufgb-multicolinearity-003-nl-qti_213002630_section_1_item_1_schoice_RESPONSE_1_6751317"/>
</sum>
</setOutcomeValue>
<responseCondition>
<responseIf>
<lt>
<variable identifier="SCORE_RESPONSE_1"/>
<variable identifier="MINSCORE_RESPONSE_1"/>
</lt>
<setOutcomeValue identifier="SCORE_RESPONSE_1">
<variable identifier="MINSCORE_RESPONSE_1"/>
</setOutcomeValue>
</responseIf>
</responseCondition>
<setOutcomeValue identifier="SCORE">
<sum>
<variable identifier="SCORE_RESPONSE_1"/>
</sum>
</setOutcomeValue>
<responseCondition>
<responseIf>
<lt>
<variable identifier="SCORE"/>
<variable identifier="MINSCORE"/>
</lt>
<setOutcomeValue identifier="SCORE">
<variable identifier="MINSCORE"/>
</setOutcomeValue>
</responseIf>
</responseCondition>
<responseCondition>
<responseIf>
<lt>
<variable identifier="SCORE"/>
<baseValue baseType="float">1</baseValue>
</lt>
<setOutcomeValue identifier="FEEDBACKMODAL">
<multiple>
<variable identifier="FEEDBACKMODAL"/>
<baseValue baseType="identifier">Feedback221042017</baseValue>
</multiple>
</setOutcomeValue>
</responseIf>
</responseCondition>
</responseProcessing>
<modalFeedback identifier="Feedback221042017" outcomeIdentifier="FEEDBACKMODAL" showHide="show">
<ol type = "a">
<li> De varianties van beide predictoren overlappen voor een groot deel. <br /> Incorrect </li>
<li> Het veroorzaakt een toename in de se van de b’s. <br /> Incorrect </li>
<li> Het maakt het moeilijk om partiële effecten vast te stellen. <br /> Incorrect </li>
<li> Door toevoeging van de tweede predictor neemt de R sterk toe. <br /> Correct </li>
</ol>
</modalFeedback>
</assessmentItem>
