<?xml version="1.0" encoding="utf-8" standalone="yes"?>
<assessmentItem identifier="vufgb-mauchlystest-002-en-tv_202510071723_item_1_schoice" title="vufgb-mauchlystest-002-en-tv_202510071723_item_1_schoice_vufgb-mauchlystest-002-en" adaptive="false" timeDependent="false" toolName="Testvision Online" toolVersion="39.0.9084" xmlns="http://www.imsglobal.org/xsd/imsqti_v2p1">
<responseDeclaration identifier="RESPONSE" cardinality="single" baseType="identifier">
<correctResponse>
<value>alt_248410</value>
</correctResponse>
<mapping defaultValue="0" lowerBound="0.0">
<mapEntry mapKey="alt_103028" mappedValue="-0.333333333333333"/>
<mapEntry mapKey="alt_407467" mappedValue="-0.333333333333333"/>
<mapEntry mapKey="alt_867138" mappedValue="-0.333333333333333"/>
<mapEntry mapKey="alt_248410" mappedValue="1"/>
</mapping>
</responseDeclaration>
<outcomeDeclaration identifier="SCORE" cardinality="single" baseType="float" normalMaximum="1" normalMinimum="0" />
<outcomeDeclaration identifier="FEEDBACK" cardinality="single" baseType="identifier" />
<stylesheet href="css/vufgb-mauchlystest-002-en-tv_202510071723_item_1_schoice.css" type="text/css" />
<itemBody>
<p>Which test tests the sphericity assumption in a repeated measures ANOVA?</p>
<choiceInteraction responseIdentifier="RESPONSE" shuffle="false" maxChoices="1">
<simpleChoice identifier="alt_103028">
<div class="textblock tvblock tvcss_1"><div class="rte_zone tveditor1">
 Tukey’s test
</div>
</div>
</simpleChoice>
<simpleChoice identifier="alt_407467">
<div class="textblock tvblock tvcss_1"><div class="rte_zone tveditor1">
 Bonferroni’s test
</div>
</div>
</simpleChoice>
<simpleChoice identifier="alt_867138">
<div class="textblock tvblock tvcss_1"><div class="rte_zone tveditor1">
 Box M key
</div>
</div>
</simpleChoice>
<simpleChoice identifier="alt_248410">
<div class="textblock tvblock tvcss_1"><div class="rte_zone tveditor1">
 Mauchly’s key
</div>
</div>
</simpleChoice>
</choiceInteraction>
</itemBody>
<responseProcessing>
<responseCondition>
<responseIf>
<isNull>
<variable identifier="RESPONSE"/>
</isNull>
<setOutcomeValue identifier="SCORE">
<baseValue baseType="float">0.0</baseValue>
</setOutcomeValue>
<setOutcomeValue identifier="FEEDBACK">
<baseValue baseType="identifier">FAILURE</baseValue>
</setOutcomeValue>
</responseIf>
<responseElse>
<setOutcomeValue identifier="SCORE">
<mapResponse identifier="RESPONSE"/>
</setOutcomeValue>
<responseCondition>
<responseIf>
<equal toleranceMode="relative" tolerance="0.001">
<variable identifier="SCORE"/>
<variable identifier="MAXSCORE"/>
</equal>
<setOutcomeValue identifier="FEEDBACK">
<baseValue baseType="identifier">ANSWER_CORRECT</baseValue>
</setOutcomeValue>
</responseIf>
<responseElse>
<setOutcomeValue identifier="FEEDBACK">
<baseValue baseType="identifier">FAILURE</baseValue>
</setOutcomeValue>
</responseElse>
</responseCondition>
</responseElse>
</responseCondition>
</responseProcessing>
<modalFeedback identifier="FAILURE" outcomeIdentifier="FEEDBACK" showHide="show">
<div class="textblock tvblock tvcss_1"><div class="rte_zone tveditor1">
<ul>
<li> Tukey’s test <br /> Incorrect </li>
<li> Bonferroni’s test <br /> Incorrect </li>
<li> Box M key <br /> Incorrect </li>
<li> Mauchly’s key <br /> Correct </li>
</ul>
</div>
</div>
</modalFeedback>
<modalFeedback identifier="ANSWER_CORRECT" outcomeIdentifier="FEEDBACK" showHide="show">
<div class="textblock tvblock tvcss_1"><div class="rte_zone tveditor1">
<ul>
<li> Tukey’s test <br /> Incorrect </li>
<li> Bonferroni’s test <br /> Incorrect </li>
<li> Box M key <br /> Incorrect </li>
<li> Mauchly’s key <br /> Correct </li>
</ul>
</div>
</div>
</modalFeedback>
<modalFeedback identifier="PARTIAL_CORRECT" outcomeIdentifier="FEEDBACK" showHide="show">
<div class="textblock tvblock tvcss_1"><div class="rte_zone tveditor1">
<ul>
<li> Tukey’s test <br /> Incorrect </li>
<li> Bonferroni’s test <br /> Incorrect </li>
<li> Box M key <br /> Incorrect </li>
<li> Mauchly’s key <br /> Correct </li>
</ul>
</div>
</div>
</modalFeedback>
</assessmentItem>
