<?xml version="1.0" encoding="UTF-8"?>
<assessmentItem xsi:schemaLocation="http://www.imsglobal.org/xsd/imsqti_v2p1 http://www.imsglobal.org/xsd/qti/qtiv2p1/imsqti_v2p1p1.xsd http://www.w3.org/1998/Math/MathML http://www.w3.org/Math/XMLSchema/mathml2/mathml2.xsd" identifier="uu-Assumptions-800-en-ans_125130345_section_1_item_1_schoice" title="Assumptions_uu-Assumptions-800-en_uu-Assumptions-800-en_schoice_1" adaptive="false" timeDependent="false" xmlns="http://www.imsglobal.org/xsd/imsqti_v2p1" xmlns:xsi="http://www.w3.org/2001/XMLSchema-instance">
<responseDeclaration identifier="uu-Assumptions-800-en-ans_125130345_section_1_item_1_schoice_RESPONSE_1_9727089" cardinality="single" baseType="identifier">
<correctResponse>
<value>uu-Assumptions-800-en-ans_125130345_section_1_item_1_schoice_2_9644802957</value>
</correctResponse>
<mapping defaultValue="0" lowerBound="0.0">
<mapEntry mapKey="uu-Assumptions-800-en-ans_125130345_section_1_item_1_schoice_1_2802294874" mappedValue="0"/>
<mapEntry mapKey="uu-Assumptions-800-en-ans_125130345_section_1_item_1_schoice_2_9644802957" mappedValue="1"/>
<mapEntry mapKey="uu-Assumptions-800-en-ans_125130345_section_1_item_1_schoice_3_8619936794" mappedValue="0"/>
<mapEntry mapKey="uu-Assumptions-800-en-ans_125130345_section_1_item_1_schoice_4_3899541869" mappedValue="0"/>
</mapping>
</responseDeclaration>
<outcomeDeclaration identifier="SCORE" cardinality="single" baseType="float" normalMaximum="1" normalMinimum="0">
<defaultValue>
<value>0.0</value>
</defaultValue>
</outcomeDeclaration>
<outcomeDeclaration identifier="MAXSCORE" cardinality="single" baseType="float">
<defaultValue>
<value>1</value>
</defaultValue>
</outcomeDeclaration>
<outcomeDeclaration identifier="FEEDBACKBASIC" cardinality="single" baseType="identifier" view="testConstructor">
<defaultValue>
<value>empty</value>
</defaultValue>
</outcomeDeclaration>
<outcomeDeclaration identifier="FEEDBACKMODAL" cardinality="multiple" baseType="identifier" view="testConstructor"/>
<outcomeDeclaration identifier="SOLUTIONMODAL" cardinality="single" baseType="identifier" view="testConstructor"/>
<outcomeDeclaration identifier="MINSCORE" cardinality="single" baseType="float">
<defaultValue>
<value baseType="float">0</value>
</defaultValue>
</outcomeDeclaration>
<outcomeDeclaration identifier="SCORE_RESPONSE_1" cardinality="single" baseType="float">
<defaultValue>
<value>0.0</value>
</defaultValue>
</outcomeDeclaration>
<outcomeDeclaration identifier="MINSCORE_RESPONSE_1" cardinality="single" baseType="float">
<defaultValue>
<value>0.0</value>
</defaultValue>
</outcomeDeclaration>
<itemBody>
<p>Which of the two assumptions below belongs/belongs to the t-test for repeated measures?</p>
<p>I. The observations at time 1 are independent of the observations at time 2. II. The difference scores are normally distributed.</p>
<choiceInteraction responseIdentifier="uu-Assumptions-800-en-ans_125130345_section_1_item_1_schoice_RESPONSE_1_9727089" shuffle="false" maxChoices="1">
<simpleChoice identifier="uu-Assumptions-800-en-ans_125130345_section_1_item_1_schoice_1_2802294874">
<p>
 Assumption I yes, assumption II no.
</p>
</simpleChoice>
<simpleChoice identifier="uu-Assumptions-800-en-ans_125130345_section_1_item_1_schoice_2_9644802957">
<p>
 Assumption I does not, assumption II does.
</p>
</simpleChoice>
<simpleChoice identifier="uu-Assumptions-800-en-ans_125130345_section_1_item_1_schoice_3_8619936794">
<p>
 Both assumptions belong.
</p>
</simpleChoice>
<simpleChoice identifier="uu-Assumptions-800-en-ans_125130345_section_1_item_1_schoice_4_3899541869">
<p>
 Neither assumption belongs.
</p>
</simpleChoice>
</choiceInteraction>
</itemBody>
<responseProcessing>
<setOutcomeValue identifier="SCORE_RESPONSE_1">
<sum>
<variable identifier="SCORE_RESPONSE_1"/>
<mapResponse identifier="uu-Assumptions-800-en-ans_125130345_section_1_item_1_schoice_RESPONSE_1_9727089"/>
</sum>
</setOutcomeValue>
<responseCondition>
<responseIf>
<lt>
<variable identifier="SCORE_RESPONSE_1"/>
<variable identifier="MINSCORE_RESPONSE_1"/>
</lt>
<setOutcomeValue identifier="SCORE_RESPONSE_1">
<variable identifier="MINSCORE_RESPONSE_1"/>
</setOutcomeValue>
</responseIf>
</responseCondition>
<responseCondition>
<responseIf>
<isNull>
<variable identifier="uu-Assumptions-800-en-ans_125130345_section_1_item_1_schoice_RESPONSE_1_9727089"/>
</isNull>
<setOutcomeValue identifier="SCORE_RESPONSE_1">
<sum>
<variable identifier="SCORE_RESPONSE_1"/>
<baseValue baseType="float">0</baseValue>
</sum>
</setOutcomeValue>
</responseIf>
</responseCondition>
<setOutcomeValue identifier="SCORE">
<sum>
<variable identifier="SCORE_RESPONSE_1"/>
</sum>
</setOutcomeValue>
<responseCondition>
<responseIf>
<lt>
<variable identifier="SCORE"/>
<variable identifier="MINSCORE"/>
</lt>
<setOutcomeValue identifier="SCORE">
<variable identifier="MINSCORE"/>
</setOutcomeValue>
</responseIf>
</responseCondition>
<responseCondition>
<responseIf>
<lt>
<variable identifier="SCORE"/>
<baseValue baseType="float">1</baseValue>
</lt>
<setOutcomeValue identifier="FEEDBACKMODAL">
<multiple>
<variable identifier="FEEDBACKMODAL"/>
<baseValue baseType="identifier">Feedback354967078</baseValue>
</multiple>
</setOutcomeValue>
</responseIf>
</responseCondition>
</responseProcessing>
<modalFeedback outcomeIdentifier="FEEDBACK" showHide="show" identifier="incorrect">
</modalFeedback>
</assessmentItem>
