<?xml version="1.0" encoding="UTF-8"?>
<!DOCTYPE questestinterop SYSTEM "ims_qtiasiv1p2p1.dtd">

<questestinterop xmlns="http://www.imsglobal.org/xsd/ims_qtiasiv1p2" xmlns:xsi="http://www.w3.org/2001/XMLSchema-instance" xsi:schemaLocation="http://www.imsglobal.org/xsd/ims_qtiasiv1p2 http://www.imsglobal.org/xsd/ims_qtiasiv1p2p1.xsd">
<assessment ident="uva-median-264-nl-canvas_217258635" title="uva-median-264-nl-canvas">

<qtimetadata>
<qtimetadatafield>
<fieldlabel>cc_maxattempts</fieldlabel>
<fieldentry>1</fieldentry>
</qtimetadatafield>
<qtimetadatafield>
<fieldlabel>qmd_assessmenttype</fieldlabel>
<fieldentry>Assessment</fieldentry>
</qtimetadatafield>
</qtimetadata>
<objectives>
<material>
<mattext><![CDATA[Please solve the following exercises.]]></mattext>
</material>
</objectives>
<assessmentcontrol feedbackswitch="No" hintswitch="No" solutionswitch="Yes"/>
<outcomes_processing scoremodel="SumOfScores">
<outcomes>
<decvar varname="SCORE" vartype="Decimal" cutvalue="0"/>
</outcomes>
</outcomes_processing>
<assessfeedback title="AssessmentFeedback" ident="AssessmentFeedback">
<flow_mat>
<material>
<mattext>##AssessmentFeedback##</mattext>
</material>
</flow_mat>
</assessfeedback>

<section ident="uva-median-264-nl-canvas_217258635_section_1" title="Exercise">

<objectives>
<material>
<mattext><![CDATA[Please answer the following question.]]></mattext>
</material>
</objectives>
<selection_ordering>
<selection>
<selection_number>1</selection_number>
<selection_extension>
<points_per_item>1</points_per_item>
</selection_extension>
</selection>
<order order_type="Random"/>
</selection_ordering>

<item ident="uva-median-264-nl-canvas_217258635_section_1_item_1_schoice" title="Question" maxattempts="1">
<itemcontrol feedbackswitch="No" hintswitch="No" solutionswitch="Yes"/>
<itemmetadata>
<qtimetadata>
<qtimetadatafield>
<fieldlabel>question_type</fieldlabel>
<fieldentry>multiple_choice_question</fieldentry>
</qtimetadatafield>
</qtimetadata>
</itemmetadata>
<presentation>
<flow>
<material>
<matbreak/>
<mattext texttype="text/html" charset="utf-8"><![CDATA[
<p>Van 60 personen is gedurende een maand bijgehouden hoeveel sigaretten
zij (afgerond) dagelijks roken. De resultaten staan in onderstaande
frequentietabel</p>
<table>
<tbody>
<tr class="odd">
<td align="left">Sigaretten</td>
<td align="left">0</td>
<td align="left">1</td>
<td align="left">2</td>
<td align="left">3</td>
<td align="left">4</td>
<td align="left">5</td>
<td align="left">7</td>
<td align="left">10</td>
<td align="left">12</td>
<td align="left">15</td>
<td align="left">20</td>
<td align="left">30</td>
<td align="left">Totaal</td>
</tr>
<tr class="even">
<td align="left">Frequentie</td>
<td align="left">36</td>
<td align="left">4</td>
<td align="left">3</td>
<td align="left">3</td>
<td align="left">4</td>
<td align="left">2</td>
<td align="left">1</td>
<td align="left">2</td>
<td align="left">1</td>
<td align="left">2</td>
<td align="left">1</td>
<td align="left">1</td>
<td align="left">60</td>
</tr>
</tbody>
</table>
<p>Voor de mediaan en modus van deze getallen geldt:</p>
]]></mattext>
<matbreak/>
</material>
<response_lid ident="uva-median-264-nl-canvas_217258635_section_1_item_1_schoice_RESPONSE_8596264" rcardinality="Single" rtiming="No">
<render_choice shuffle="No">
<flow_label class="List">
<response_label ident="uva-median-264-nl-canvas_217258635_section_1_item_1_schoice_4158770291" rshuffle="No">
<material>
<mattext texttype="text/html" charset="utf-8"><![CDATA[
 De mediaan is groter dan de modus
]]></mattext>
</material>
</response_label>
</flow_label>
<flow_label class="List">
<response_label ident="uva-median-264-nl-canvas_217258635_section_1_item_1_schoice_5031782897" rshuffle="No">
<material>
<mattext texttype="text/html" charset="utf-8"><![CDATA[
 De mediaan en modus zijn even groot
]]></mattext>
</material>
</response_label>
</flow_label>
<flow_label class="List">
<response_label ident="uva-median-264-nl-canvas_217258635_section_1_item_1_schoice_7877486235" rshuffle="No">
<material>
<mattext texttype="text/html" charset="utf-8"><![CDATA[
 De mediaan is kleiner dan de modus
]]></mattext>
</material>
</response_label>
</flow_label>
<flow_label class="List">
<response_label ident="uva-median-264-nl-canvas_217258635_section_1_item_1_schoice_4609927169" rshuffle="No">
<material>
<mattext texttype="text/html" charset="utf-8"><![CDATA[
 De mediaan en modus kunnen niet worden vergeleken
]]></mattext>
</material>
</response_label>
</flow_label>
</render_choice>
</response_lid>
</flow>
</presentation>
<resprocessing>
<outcomes>
<decvar varname="SCORE" vartype="Decimal" defaultval="0" minvalue="0" maxvalue="1" cutvalue="1"/>
</outcomes>
<respcondition title="Mastery" continue="No">
<conditionvar>
<and>
<varequal respident="uva-median-264-nl-canvas_217258635_section_1_item_1_schoice_RESPONSE_8596264" case="Yes">uva-median-264-nl-canvas_217258635_section_1_item_1_schoice_5031782897</varequal>
<not> <varequal respident="uva-median-264-nl-canvas_217258635_section_1_item_1_schoice_RESPONSE_8596264" case="Yes">uva-median-264-nl-canvas_217258635_section_1_item_1_schoice_4158770291</varequal> </not>
<not> <varequal respident="uva-median-264-nl-canvas_217258635_section_1_item_1_schoice_RESPONSE_8596264" case="Yes">uva-median-264-nl-canvas_217258635_section_1_item_1_schoice_7877486235</varequal> </not>
<not> <varequal respident="uva-median-264-nl-canvas_217258635_section_1_item_1_schoice_RESPONSE_8596264" case="Yes">uva-median-264-nl-canvas_217258635_section_1_item_1_schoice_4609927169</varequal> </not>
</and>
</conditionvar>
<setvar varname="SCORE" action="Set">1</setvar>
<displayfeedback feedbacktype="Response" linkrefid="correct_fb"/>
</respcondition>
<respcondition continue="Yes">
<conditionvar>
<other/>
</conditionvar>
<displayfeedback feedbacktype="Response" linkrefid="general_incorrect_fb"/>
</respcondition>
</resprocessing>
<itemfeedback ident="correct_fb" view="All">
<flow_mat>
<material>
<mattext texttype="text/html"><![CDATA[
<ul>
<li> De mediaan is groter dan de modus <br /> De mediaan is groter dan de modus: Incorrect </li>
<li> De mediaan en modus zijn even groot <br /> De mediaan en modus zijn even groot: Correct </li>
<li> De mediaan is kleiner dan de modus <br /> De mediaan is kleiner dan de modus: Incorrect </li>
<li> De mediaan en modus kunnen niet worden vergeleken <br /> De mediaan en modus kunnen niet worden vergeleken: Incorrect </li>
</ul>
]]></mattext>
</material>
</flow_mat>
</itemfeedback>
<itemfeedback ident="general_incorrect_fb" view="All">
<flow_mat>
<material>
<mattext texttype="text/html"><![CDATA[
<ul>
<li> De mediaan is groter dan de modus <br /> De mediaan is groter dan de modus: Incorrect </li>
<li> De mediaan en modus zijn even groot <br /> De mediaan en modus zijn even groot: Correct </li>
<li> De mediaan is kleiner dan de modus <br /> De mediaan is kleiner dan de modus: Incorrect </li>
<li> De mediaan en modus kunnen niet worden vergeleken <br /> De mediaan en modus kunnen niet worden vergeleken: Incorrect </li>
</ul>
]]></mattext>
</material>
</flow_mat>
</itemfeedback>
</item>


</section>

</assessment>
</questestinterop>
