<?xml version="1.0" encoding="UTF-8"?>
<!DOCTYPE questestinterop SYSTEM "ims_qtiasiv1p2p1.dtd">

<questestinterop xmlns="http://www.imsglobal.org/xsd/ims_qtiasiv1p2" xmlns:xsi="http://www.w3.org/2001/XMLSchema-instance" xsi:schemaLocation="http://www.imsglobal.org/xsd/ims_qtiasiv1p2 http://www.imsglobal.org/xsd/ims_qtiasiv1p2p1.xsd">
<assessment ident="uva-independent-events-477-en-canvas_562041726" title="uva-independent-events-477-en-canvas">

<qtimetadata>
<qtimetadatafield>
<fieldlabel>cc_maxattempts</fieldlabel>
<fieldentry>1</fieldentry>
</qtimetadatafield>
<qtimetadatafield>
<fieldlabel>qmd_assessmenttype</fieldlabel>
<fieldentry>Assessment</fieldentry>
</qtimetadatafield>
</qtimetadata>
<objectives>
<material>
<mattext><![CDATA[Please solve the following exercises.]]></mattext>
</material>
</objectives>
<assessmentcontrol feedbackswitch="No" hintswitch="No" solutionswitch="Yes"/>
<outcomes_processing scoremodel="SumOfScores">
<outcomes>
<decvar varname="SCORE" vartype="Decimal" cutvalue="0"/>
</outcomes>
</outcomes_processing>
<assessfeedback title="AssessmentFeedback" ident="AssessmentFeedback">
<flow_mat>
<material>
<mattext>##AssessmentFeedback##</mattext>
</material>
</flow_mat>
</assessfeedback>

<section ident="uva-independent-events-477-en-canvas_562041726_section_1" title="Exercise">

<objectives>
<material>
<mattext><![CDATA[Please answer the following question.]]></mattext>
</material>
</objectives>
<selection_ordering>
<selection>
<selection_number>1</selection_number>
<selection_extension>
<points_per_item>1</points_per_item>
</selection_extension>
</selection>
<order order_type="Random"/>
</selection_ordering>

<item ident="uva-independent-events-477-en-canvas_562041726_section_1_item_1_schoice" title="Question" maxattempts="1">
<itemcontrol feedbackswitch="No" hintswitch="No" solutionswitch="Yes"/>
<itemmetadata>
<qtimetadata>
<qtimetadatafield>
<fieldlabel>question_type</fieldlabel>
<fieldentry>multiple_choice_question</fieldentry>
</qtimetadatafield>
</qtimetadata>
</itemmetadata>
<presentation>
<flow>
<material>
<matbreak/>
<mattext texttype="text/html" charset="utf-8"><![CDATA[
<p>A passenger elevator has room for 4 people. The maximum load is 360 kilograms. Suppose the weights in a certain population are are normally distributed according to N(80, 10<sup>²</sup>). What is the probability that 4 persons, whose weights are independent, will together overload the elevator overload the elevator?</p>
]]></mattext>
<matbreak/>
</material>
<response_lid ident="uva-independent-events-477-en-canvas_562041726_section_1_item_1_schoice_RESPONSE_4411024" rcardinality="Single" rtiming="No">
<render_choice shuffle="No">
<flow_label class="List">
<response_label ident="uva-independent-events-477-en-canvas_562041726_section_1_item_1_schoice_5274846635" rshuffle="No">
<material>
<mattext texttype="text/html" charset="utf-8"><![CDATA[
 0.00063
]]></mattext>
</material>
</response_label>
</flow_label>
<flow_label class="List">
<response_label ident="uva-independent-events-477-en-canvas_562041726_section_1_item_1_schoice_4873474153" rshuffle="No">
<material>
<mattext texttype="text/html" charset="utf-8"><![CDATA[
 0.0228
]]></mattext>
</material>
</response_label>
</flow_label>
<flow_label class="List">
<response_label ident="uva-independent-events-477-en-canvas_562041726_section_1_item_1_schoice_5757948666" rshuffle="No">
<material>
<mattext texttype="text/html" charset="utf-8"><![CDATA[
 0.0252
]]></mattext>
</material>
</response_label>
</flow_label>
<flow_label class="List">
<response_label ident="uva-independent-events-477-en-canvas_562041726_section_1_item_1_schoice_7956269816" rshuffle="No">
<material>
<mattext texttype="text/html" charset="utf-8"><![CDATA[
 0.1554
]]></mattext>
</material>
</response_label>
</flow_label>
</render_choice>
</response_lid>
</flow>
</presentation>
<resprocessing>
<outcomes>
<decvar varname="SCORE" vartype="Decimal" defaultval="0" minvalue="0" maxvalue="1" cutvalue="1"/>
</outcomes>
<respcondition title="Mastery" continue="No">
<conditionvar>
<and>
<varequal respident="uva-independent-events-477-en-canvas_562041726_section_1_item_1_schoice_RESPONSE_4411024" case="Yes">uva-independent-events-477-en-canvas_562041726_section_1_item_1_schoice_4873474153</varequal>
<not> <varequal respident="uva-independent-events-477-en-canvas_562041726_section_1_item_1_schoice_RESPONSE_4411024" case="Yes">uva-independent-events-477-en-canvas_562041726_section_1_item_1_schoice_5274846635</varequal> </not>
<not> <varequal respident="uva-independent-events-477-en-canvas_562041726_section_1_item_1_schoice_RESPONSE_4411024" case="Yes">uva-independent-events-477-en-canvas_562041726_section_1_item_1_schoice_5757948666</varequal> </not>
<not> <varequal respident="uva-independent-events-477-en-canvas_562041726_section_1_item_1_schoice_RESPONSE_4411024" case="Yes">uva-independent-events-477-en-canvas_562041726_section_1_item_1_schoice_7956269816</varequal> </not>
</and>
</conditionvar>
<setvar varname="SCORE" action="Set">1</setvar>
<displayfeedback feedbacktype="Response" linkrefid="correct_fb"/>
</respcondition>
<respcondition continue="Yes">
<conditionvar>
<other/>
</conditionvar>
<displayfeedback feedbacktype="Response" linkrefid="general_incorrect_fb"/>
</respcondition>
</resprocessing>
<itemfeedback ident="correct_fb" view="All">
<flow_mat>
<material>
<mattext texttype="text/html"><![CDATA[
<ul>
<li> 0.00063 <br /> 0.00063: Incorrect </li>
<li> 0.0228 <br /> 0.0228: Correct </li>
<li> 0.0252 <br /> 0.0252: Incorrect </li>
<li> 0.1554 <br /> 0.1554: Incorrect </li>
</ul>
]]></mattext>
</material>
</flow_mat>
</itemfeedback>
<itemfeedback ident="general_incorrect_fb" view="All">
<flow_mat>
<material>
<mattext texttype="text/html"><![CDATA[
<ul>
<li> 0.00063 <br /> 0.00063: Incorrect </li>
<li> 0.0228 <br /> 0.0228: Correct </li>
<li> 0.0252 <br /> 0.0252: Incorrect </li>
<li> 0.1554 <br /> 0.1554: Incorrect </li>
</ul>
]]></mattext>
</material>
</flow_mat>
</itemfeedback>
</item>


</section>

</assessment>
</questestinterop>
