<?xml version="1.0" encoding="UTF-8"?>
<assessmentItem xsi:schemaLocation="http://www.imsglobal.org/xsd/imsqti_v2p1 http://www.imsglobal.org/xsd/qti/qtiv2p1/imsqti_v2p1p1.xsd http://www.w3.org/1998/Math/MathML http://www.w3.org/Math/XMLSchema/mathml2/mathml2.xsd" identifier="vufgb-etasquared-010-en-qti_413429274_section_1_item_1_schoice" title="1" adaptive="false" timeDependent="false" xmlns="http://www.imsglobal.org/xsd/imsqti_v2p1" xmlns:xsi="http://www.w3.org/2001/XMLSchema-instance">
<responseDeclaration identifier="vufgb-etasquared-010-en-qti_413429274_section_1_item_1_schoice_RESPONSE_1_8675733" cardinality="single" baseType="identifier">
<correctResponse>
<value>vufgb-etasquared-010-en-qti_413429274_section_1_item_1_schoice_3_8794250331</value>
</correctResponse>
<mapping defaultValue="0" lowerBound="0.0">
<mapEntry mapKey="vufgb-etasquared-010-en-qti_413429274_section_1_item_1_schoice_1_8982584140" mappedValue="0"/>
<mapEntry mapKey="vufgb-etasquared-010-en-qti_413429274_section_1_item_1_schoice_2_8302665483" mappedValue="0"/>
<mapEntry mapKey="vufgb-etasquared-010-en-qti_413429274_section_1_item_1_schoice_3_8794250331" mappedValue="1"/>
<mapEntry mapKey="vufgb-etasquared-010-en-qti_413429274_section_1_item_1_schoice_4_7990208886" mappedValue="0"/>
</mapping>
</responseDeclaration>
<outcomeDeclaration identifier="SCORE" cardinality="single" baseType="float" normalMaximum="1" normalMinimum="0">
<defaultValue>
<value>0.0</value>
</defaultValue>
</outcomeDeclaration>
<outcomeDeclaration identifier="MAXSCORE" cardinality="single" baseType="float">
<defaultValue>
<value>1</value>
</defaultValue>
</outcomeDeclaration>
<outcomeDeclaration identifier="FEEDBACKBASIC" cardinality="single" baseType="identifier" view="testConstructor">
<defaultValue>
<value>empty</value>
</defaultValue>
</outcomeDeclaration>
<outcomeDeclaration identifier="FEEDBACKMODAL" cardinality="multiple" baseType="identifier" view="testConstructor"/>
<outcomeDeclaration identifier="SOLUTIONMODAL" cardinality="single" baseType="identifier" view="testConstructor"/>
<outcomeDeclaration identifier="MINSCORE" cardinality="single" baseType="float">
<defaultValue>
<value baseType="float">0</value>
</defaultValue>
</outcomeDeclaration>
<outcomeDeclaration identifier="SCORE_RESPONSE_1" cardinality="single" baseType="float">
<defaultValue>
<value>0.0</value>
</defaultValue>
</outcomeDeclaration>
<outcomeDeclaration identifier="MINSCORE_RESPONSE_1" cardinality="single" baseType="float">
<defaultValue>
<value>0.0</value>
</defaultValue>
</outcomeDeclaration>
<itemBody>
<p>Given a partial <math display="inline" xmlns="http://www.w3.org/1998/Math/MathML"><semantics><msup><mi>η</mi><mn>2</mn></msup><annotation encoding="application/x-tex">\eta^{2}</annotation></semantics></math> of 0.30 for the effect of a factor in a factorial ANOVA.</p>
<p>Which statement is correct?</p>
<choiceInteraction responseIdentifier="vufgb-etasquared-010-en-qti_413429274_section_1_item_1_schoice_RESPONSE_1_8675733" shuffle="false" maxChoices="1">
<simpleChoice identifier="vufgb-etasquared-010-en-qti_413429274_section_1_item_1_schoice_1_8982584140">
<p>
 This is a small effect.
</p>
</simpleChoice>
<simpleChoice identifier="vufgb-etasquared-010-en-qti_413429274_section_1_item_1_schoice_2_8302665483">
<p>
 This is a medium effect.
</p>
</simpleChoice>
<simpleChoice identifier="vufgb-etasquared-010-en-qti_413429274_section_1_item_1_schoice_3_8794250331">
<p>
 This is a large effect.
</p>
</simpleChoice>
<simpleChoice identifier="vufgb-etasquared-010-en-qti_413429274_section_1_item_1_schoice_4_7990208886">
<p>
 This is a significant effect.
</p>
</simpleChoice>
</choiceInteraction>
</itemBody>
<responseProcessing>
<setOutcomeValue identifier="SCORE_RESPONSE_1">
<sum>
<variable identifier="SCORE_RESPONSE_1"/>
<mapResponse identifier="vufgb-etasquared-010-en-qti_413429274_section_1_item_1_schoice_RESPONSE_1_8675733"/>
</sum>
</setOutcomeValue>
<responseCondition>
<responseIf>
<lt>
<variable identifier="SCORE_RESPONSE_1"/>
<variable identifier="MINSCORE_RESPONSE_1"/>
</lt>
<setOutcomeValue identifier="SCORE_RESPONSE_1">
<variable identifier="MINSCORE_RESPONSE_1"/>
</setOutcomeValue>
</responseIf>
</responseCondition>
<responseCondition>
<responseIf>
<isNull>
<variable identifier="vufgb-etasquared-010-en-qti_413429274_section_1_item_1_schoice_RESPONSE_1_8675733"/>
</isNull>
<setOutcomeValue identifier="SCORE_RESPONSE_1">
<sum>
<variable identifier="SCORE_RESPONSE_1"/>
<baseValue baseType="float">0</baseValue>
</sum>
</setOutcomeValue>
</responseIf>
</responseCondition>
<setOutcomeValue identifier="SCORE">
<sum>
<variable identifier="SCORE_RESPONSE_1"/>
</sum>
</setOutcomeValue>
<responseCondition>
<responseIf>
<lt>
<variable identifier="SCORE"/>
<variable identifier="MINSCORE"/>
</lt>
<setOutcomeValue identifier="SCORE">
<variable identifier="MINSCORE"/>
</setOutcomeValue>
</responseIf>
</responseCondition>
<responseCondition>
<responseIf>
<lt>
<variable identifier="SCORE"/>
<baseValue baseType="float">1</baseValue>
</lt>
<setOutcomeValue identifier="FEEDBACKMODAL">
<multiple>
<variable identifier="FEEDBACKMODAL"/>
<baseValue baseType="identifier">Feedback421548500</baseValue>
</multiple>
</setOutcomeValue>
</responseIf>
</responseCondition>
</responseProcessing>
<modalFeedback identifier="Feedback421548500" outcomeIdentifier="FEEDBACKMODAL" showHide="show">
<ul>
<li> This is a small effect. <br /> Incorrect </li>
<li> This is a medium effect. <br /> Incorrect </li>
<li> This is a large effect. <br /> Correct </li>
<li> This is a significant effect. <br /> Incorrect </li>
</ul>
</modalFeedback>
</assessmentItem>
