<?xml version="1.0" encoding="UTF-8"?>
<!DOCTYPE questestinterop SYSTEM "ims_qtiasiv1p2p1.dtd">

<questestinterop xmlns="http://www.imsglobal.org/xsd/ims_qtiasiv1p2" xmlns:xsi="http://www.w3.org/2001/XMLSchema-instance" xsi:schemaLocation="http://www.imsglobal.org/xsd/ims_qtiasiv1p2 http://www.imsglobal.org/xsd/ims_qtiasiv1p2p1.xsd">
<assessment ident="vufgb-oddsratio-005-en-canvas_155744832" title="vufgb-oddsratio-005-en-canvas">

<qtimetadata>
<qtimetadatafield>
<fieldlabel>cc_maxattempts</fieldlabel>
<fieldentry>1</fieldentry>
</qtimetadatafield>
<qtimetadatafield>
<fieldlabel>qmd_assessmenttype</fieldlabel>
<fieldentry>Assessment</fieldentry>
</qtimetadatafield>
</qtimetadata>
<objectives>
<material>
<mattext><![CDATA[Please solve the following exercises.]]></mattext>
</material>
</objectives>
<assessmentcontrol feedbackswitch="No" hintswitch="No" solutionswitch="Yes"/>
<outcomes_processing scoremodel="SumOfScores">
<outcomes>
<decvar varname="SCORE" vartype="Decimal" cutvalue="0"/>
</outcomes>
</outcomes_processing>
<assessfeedback title="AssessmentFeedback" ident="AssessmentFeedback">
<flow_mat>
<material>
<mattext>##AssessmentFeedback##</mattext>
</material>
</flow_mat>
</assessfeedback>

<section ident="vufgb-oddsratio-005-en-canvas_155744832_section_1" title="Exercise">

<objectives>
<material>
<mattext><![CDATA[Please answer the following question.]]></mattext>
</material>
</objectives>
<selection_ordering>
<selection>
<selection_number>1</selection_number>
<selection_extension>
<points_per_item>1</points_per_item>
</selection_extension>
</selection>
<order order_type="Random"/>
</selection_ordering>

<item ident="vufgb-oddsratio-005-en-canvas_155744832_section_1_item_1_schoice" title="Question" maxattempts="1">
<itemcontrol feedbackswitch="No" hintswitch="No" solutionswitch="Yes"/>
<itemmetadata>
<qtimetadata>
<qtimetadatafield>
<fieldlabel>question_type</fieldlabel>
<fieldentry>multiple_choice_question</fieldentry>
</qtimetadatafield>
</qtimetadata>
</itemmetadata>
<presentation>
<flow>
<material>
<matbreak/>
<mattext texttype="text/html" charset="utf-8"><![CDATA[
<p>A researcher would like to know whether there is a difference between young women (group 1) and young men (group 2) in the share of smokers. Based on the table below, calculate the odds ratio indicating this difference.</p>
<p><img src="data/supplements_1_1/vufgb-oddsratio-005-en-table01.jpg" /></p>
<p>Formula for the odds ratio:</p>
<p><span class="math inline">\(\theta = \frac{\frac{\pi_{1}}{(1-\pi_{1})}}{\frac{\pi_{2}}{(1-\pi_{2})}}\)</span></p>
]]></mattext>
<matbreak/>
</material>
<response_lid ident="vufgb-oddsratio-005-en-canvas_155744832_section_1_item_1_schoice_RESPONSE_1306279" rcardinality="Single" rtiming="No">
<render_choice shuffle="No">
<flow_label class="List">
<response_label ident="vufgb-oddsratio-005-en-canvas_155744832_section_1_item_1_schoice_3246065345" rshuffle="No">
<material>
<mattext texttype="text/html" charset="utf-8"><![CDATA[
 0.28
]]></mattext>
</material>
</response_label>
</flow_label>
<flow_label class="List">
<response_label ident="vufgb-oddsratio-005-en-canvas_155744832_section_1_item_1_schoice_3776980758" rshuffle="No">
<material>
<mattext texttype="text/html" charset="utf-8"><![CDATA[
 0.40
]]></mattext>
</material>
</response_label>
</flow_label>
<flow_label class="List">
<response_label ident="vufgb-oddsratio-005-en-canvas_155744832_section_1_item_1_schoice_7880156890" rshuffle="No">
<material>
<mattext texttype="text/html" charset="utf-8"><![CDATA[
 0.58
]]></mattext>
</material>
</response_label>
</flow_label>
<flow_label class="List">
<response_label ident="vufgb-oddsratio-005-en-canvas_155744832_section_1_item_1_schoice_8420759213" rshuffle="No">
<material>
<mattext texttype="text/html" charset="utf-8"><![CDATA[
 0.69
]]></mattext>
</material>
</response_label>
</flow_label>
</render_choice>
</response_lid>
</flow>
</presentation>
<resprocessing>
<outcomes>
<decvar varname="SCORE" vartype="Decimal" defaultval="0" minvalue="0" maxvalue="1" cutvalue="1"/>
</outcomes>
<respcondition title="Mastery" continue="No">
<conditionvar>
<and>
<varequal respident="vufgb-oddsratio-005-en-canvas_155744832_section_1_item_1_schoice_RESPONSE_1306279" case="Yes">vufgb-oddsratio-005-en-canvas_155744832_section_1_item_1_schoice_7880156890</varequal>
<not> <varequal respident="vufgb-oddsratio-005-en-canvas_155744832_section_1_item_1_schoice_RESPONSE_1306279" case="Yes">vufgb-oddsratio-005-en-canvas_155744832_section_1_item_1_schoice_3246065345</varequal> </not>
<not> <varequal respident="vufgb-oddsratio-005-en-canvas_155744832_section_1_item_1_schoice_RESPONSE_1306279" case="Yes">vufgb-oddsratio-005-en-canvas_155744832_section_1_item_1_schoice_3776980758</varequal> </not>
<not> <varequal respident="vufgb-oddsratio-005-en-canvas_155744832_section_1_item_1_schoice_RESPONSE_1306279" case="Yes">vufgb-oddsratio-005-en-canvas_155744832_section_1_item_1_schoice_8420759213</varequal> </not>
</and>
</conditionvar>
<setvar varname="SCORE" action="Set">1</setvar>
<displayfeedback feedbacktype="Response" linkrefid="correct_fb"/>
</respcondition>
<respcondition continue="Yes">
<conditionvar>
<other/>
</conditionvar>
<displayfeedback feedbacktype="Response" linkrefid="general_incorrect_fb"/>
</respcondition>
</resprocessing>
<itemfeedback ident="correct_fb" view="All">
<flow_mat>
<material>
<mattext texttype="text/html"><![CDATA[
<ul>
<li> 0.28 <br /> Incorrect </li>
<li> 0.40 <br /> Incorrect </li>
<li> 0.58 <br /> Correct </li>
<li> 0.69 <br /> Incorrect </li>
</ul>
]]></mattext>
</material>
</flow_mat>
</itemfeedback>
<itemfeedback ident="general_incorrect_fb" view="All">
<flow_mat>
<material>
<mattext texttype="text/html"><![CDATA[
<ul>
<li> 0.28 <br /> Incorrect </li>
<li> 0.40 <br /> Incorrect </li>
<li> 0.58 <br /> Correct </li>
<li> 0.69 <br /> Incorrect </li>
</ul>
]]></mattext>
</material>
</flow_mat>
</itemfeedback>
</item>


</section>

</assessment>
</questestinterop>
