<?xml version="1.0" encoding="utf-8" standalone="yes"?>
<assessmentItem identifier="uu-factor-analysis-028-nl-tv_202601131820_item_1_schoice" title="uu-factor-analysis-028-nl-tv_202601131820_item_1_schoice_uu-factor-analysis-028-nl.Rmd" adaptive="false" timeDependent="false" toolName="Testvision Online" toolVersion="39.0.9084" xmlns="http://www.imsglobal.org/xsd/imsqti_v2p1">
<responseDeclaration identifier="RESPONSE" cardinality="single" baseType="identifier">
<correctResponse>
<value>alt_966134</value>
</correctResponse>
<mapping defaultValue="0" lowerBound="0.0">
<mapEntry mapKey="alt_205747" mappedValue="-0.333333333333333"/>
<mapEntry mapKey="alt_966134" mappedValue="1"/>
<mapEntry mapKey="alt_683372" mappedValue="-0.333333333333333"/>
<mapEntry mapKey="alt_208021" mappedValue="-0.333333333333333"/>
</mapping>
</responseDeclaration>
<outcomeDeclaration identifier="SCORE" cardinality="single" baseType="float" normalMaximum="1" normalMinimum="0" />
<outcomeDeclaration identifier="FEEDBACK" cardinality="single" baseType="identifier" />
<stylesheet href="css/uu-factor-analysis-028-nl-tv_202601131820_item_1_schoice.css" type="text/css" />
<itemBody>
<p>Matthijs heeft een vragenlijst over depressie afgenomen bij 100 respondenten. Hij heeft depressie gemeten aan de hand van vijftien items, maar hij vermoedt dat er subschalen aanwezig zouden kunnen zijn. Hij test dit met een factoranalyse. Deel van de SPSS output staat hieronder.</p>
<p><img src="mediafiles/supplements1/uu-factor-analysis-028-nl-tabel.jpg" alt="image"/></p>
<p>Matthijs roept de hulp in van een expert. Welke informatie heeft de expert nodig om de uiteindelijke factoroplossing te kunnen bepalen?</p>
<choiceInteraction responseIdentifier="RESPONSE" shuffle="false" maxChoices="1">
<simpleChoice identifier="alt_205747">
<div class="textblock tvblock tvcss_1"><div class="rte_zone tveditor1">
 De component matrix
</div>
</div>
</simpleChoice>
<simpleChoice identifier="alt_966134">
<div class="textblock tvblock tvcss_1"><div class="rte_zone tveditor1">
 De inhoud van de items
</div>
</div>
</simpleChoice>
<simpleChoice identifier="alt_683372">
<div class="textblock tvblock tvcss_1"><div class="rte_zone tveditor1">
 De tabel met de Communalities
</div>
</div>
</simpleChoice>
<simpleChoice identifier="alt_208021">
<div class="textblock tvblock tvcss_1"><div class="rte_zone tveditor1">
 Cronbach’s alfa
</div>
</div>
</simpleChoice>
</choiceInteraction>
</itemBody>
<responseProcessing>
<responseCondition>
<responseIf>
<isNull>
<variable identifier="RESPONSE"/>
</isNull>
<setOutcomeValue identifier="SCORE">
<baseValue baseType="float">0.0</baseValue>
</setOutcomeValue>
<setOutcomeValue identifier="FEEDBACK">
<baseValue baseType="identifier">FAILURE</baseValue>
</setOutcomeValue>
</responseIf>
<responseElse>
<setOutcomeValue identifier="SCORE">
<mapResponse identifier="RESPONSE"/>
</setOutcomeValue>
<responseCondition>
<responseIf>
<equal toleranceMode="relative" tolerance="0.001">
<variable identifier="SCORE"/>
<variable identifier="MAXSCORE"/>
</equal>
<setOutcomeValue identifier="FEEDBACK">
<baseValue baseType="identifier">ANSWER_CORRECT</baseValue>
</setOutcomeValue>
</responseIf>
<responseElse>
<setOutcomeValue identifier="FEEDBACK">
<baseValue baseType="identifier">FAILURE</baseValue>
</setOutcomeValue>
</responseElse>
</responseCondition>
</responseElse>
</responseCondition>
</responseProcessing>
<modalFeedback identifier="FAILURE" outcomeIdentifier="FEEDBACK" showHide="show">
<div class="textblock tvblock tvcss_1"><div class="rte_zone tveditor1">
<p>De inhoud van de items.</p>
</div>
</div>
</modalFeedback>
<modalFeedback identifier="ANSWER_CORRECT" outcomeIdentifier="FEEDBACK" showHide="show">
<div class="textblock tvblock tvcss_1"><div class="rte_zone tveditor1">
<p>De inhoud van de items.</p>
</div>
</div>
</modalFeedback>
<modalFeedback identifier="PARTIAL_CORRECT" outcomeIdentifier="FEEDBACK" showHide="show">
<div class="textblock tvblock tvcss_1"><div class="rte_zone tveditor1">
<p>De inhoud van de items.</p>
</div>
</div>
</modalFeedback>
</assessmentItem>
