<?xml version="1.0" encoding="UTF-8"?>
<assessmentItem xsi:schemaLocation="http://www.imsglobal.org/xsd/imsqti_v2p1 http://www.imsglobal.org/xsd/qti/qtiv2p1/imsqti_v2p1p1.xsd http://www.w3.org/1998/Math/MathML http://www.w3.org/Math/XMLSchema/mathml2/mathml2.xsd" identifier="vufsw-mediation-2007-nl_213009762_section_1_item_1_schoice" title="1" adaptive="false" timeDependent="false" xmlns="http://www.imsglobal.org/xsd/imsqti_v2p1" xmlns:xsi="http://www.w3.org/2001/XMLSchema-instance">
<responseDeclaration identifier="vufsw-mediation-2007-nl_213009762_section_1_item_1_schoice_RESPONSE_1_6254790" cardinality="single" baseType="identifier">
<correctResponse>
<value>vufsw-mediation-2007-nl_213009762_section_1_item_1_schoice_2_7248764407</value>
</correctResponse>
<mapping defaultValue="0" lowerBound="0.0">
<mapEntry mapKey="vufsw-mediation-2007-nl_213009762_section_1_item_1_schoice_1_1619453559" mappedValue="0"/>
<mapEntry mapKey="vufsw-mediation-2007-nl_213009762_section_1_item_1_schoice_2_7248764407" mappedValue="1"/>
<mapEntry mapKey="vufsw-mediation-2007-nl_213009762_section_1_item_1_schoice_3_4851037850" mappedValue="0"/>
<mapEntry mapKey="vufsw-mediation-2007-nl_213009762_section_1_item_1_schoice_4_5233940483" mappedValue="0"/>
</mapping>
</responseDeclaration>
<outcomeDeclaration identifier="SCORE" cardinality="single" baseType="float" normalMaximum="1" normalMinimum="0">
<defaultValue>
<value>0.0</value>
</defaultValue>
</outcomeDeclaration>
<outcomeDeclaration identifier="MAXSCORE" cardinality="single" baseType="float">
<defaultValue>
<value>1</value>
</defaultValue>
</outcomeDeclaration>
<outcomeDeclaration identifier="FEEDBACKBASIC" cardinality="single" baseType="identifier" view="testConstructor">
<defaultValue>
<value>empty</value>
</defaultValue>
</outcomeDeclaration>
<outcomeDeclaration identifier="FEEDBACKMODAL" cardinality="multiple" baseType="identifier" view="testConstructor"/>
<outcomeDeclaration identifier="MINSCORE" cardinality="single" baseType="float">
<defaultValue>
<value baseType="float">0</value>
</defaultValue>
</outcomeDeclaration>
<outcomeDeclaration identifier="SCORE_RESPONSE_1" cardinality="single" baseType="float">
<defaultValue>
<value>0.0</value>
</defaultValue>
</outcomeDeclaration>
<outcomeDeclaration identifier="MINSCORE_RESPONSE_1" cardinality="single" baseType="float">
<defaultValue>
<value>0.0</value>
</defaultValue>
</outcomeDeclaration>
<itemBody>
<p>Voor deze vraag is data over uitgaansactiviteiten gebruikt. Hieronder
vind je een padmodel (zonder errors). Hierin wordt de populaire cultuur
(zjcul1) verklaard uit opleiding (educ) en inkomen. De output die
eronder staat, geeft de resultaten van de padanalyses weer. <em>NB: laat je
niet in verwarring brengen als je antwoord licht verschilt van de
antwoordcategorieën; dit kunnen afrondingsfouten zijn.</em></p>
<p><img src="1657817799761.png" class="fr-fic fr-dii tvcss_2"
alt="1657817799761" /><br />
<img src="1657817294616.png" class="fr-fic fr-dii tvcss_3"
alt="1657817294616" /><br />
<img src="1657817809039.png" class="fr-fic fr-dii tvcss_3"
alt="1657817809039" /><br />
<img src="1657817812641.png" class="fr-fic fr-dii tvcss_3"
alt="1657817812641" /><br />
<img src="1657817324817.png" class="fr-fic fr-dii tvcss_4"
alt="1657817324817" /></p>
<p>Hoe groot is de totale correlatie tussen inkomen en populaire cultuur
(zjcul1)?</p>
<choiceInteraction responseIdentifier="vufsw-mediation-2007-nl_213009762_section_1_item_1_schoice_RESPONSE_1_6254790" shuffle="false" maxChoices="1">
<simpleChoice identifier="vufsw-mediation-2007-nl_213009762_section_1_item_1_schoice_1_1619453559">
<p>
a. 0.102
</p>
</simpleChoice>
<simpleChoice identifier="vufsw-mediation-2007-nl_213009762_section_1_item_1_schoice_2_7248764407">
<p>
b. 0.202
</p>
</simpleChoice>
<simpleChoice identifier="vufsw-mediation-2007-nl_213009762_section_1_item_1_schoice_3_4851037850">
<p>
c. 0.100
</p>
</simpleChoice>
<simpleChoice identifier="vufsw-mediation-2007-nl_213009762_section_1_item_1_schoice_4_5233940483">
<p>
d. 0.755
</p>
</simpleChoice>
</choiceInteraction>
</itemBody>
<responseProcessing>
<responseCondition>
<responseIf>
<isNull>
<variable identifier="vufsw-mediation-2007-nl_213009762_section_1_item_1_schoice_RESPONSE_1_6254790"/>
</isNull>
<setOutcomeValue identifier="SCORE_RESPONSE_1">
<sum>
<variable identifier="SCORE_RESPONSE_1"/>
<baseValue baseType="float">0</baseValue>
</sum>
</setOutcomeValue>
</responseIf>
</responseCondition>
<setOutcomeValue identifier="SCORE_RESPONSE_1">
<sum>
<variable identifier="SCORE_RESPONSE_1"/>
<mapResponse identifier="vufsw-mediation-2007-nl_213009762_section_1_item_1_schoice_RESPONSE_1_6254790"/>
</sum>
</setOutcomeValue>
<responseCondition>
<responseIf>
<lt>
<variable identifier="SCORE_RESPONSE_1"/>
<variable identifier="MINSCORE_RESPONSE_1"/>
</lt>
<setOutcomeValue identifier="SCORE_RESPONSE_1">
<variable identifier="MINSCORE_RESPONSE_1"/>
</setOutcomeValue>
</responseIf>
</responseCondition>
<setOutcomeValue identifier="SCORE">
<sum>
<variable identifier="SCORE_RESPONSE_1"/>
</sum>
</setOutcomeValue>
<responseCondition>
<responseIf>
<lt>
<variable identifier="SCORE"/>
<variable identifier="MINSCORE"/>
</lt>
<setOutcomeValue identifier="SCORE">
<variable identifier="MINSCORE"/>
</setOutcomeValue>
</responseIf>
</responseCondition>
<responseCondition>
<responseIf>
<lt>
<variable identifier="SCORE"/>
<baseValue baseType="float">1</baseValue>
</lt>
<setOutcomeValue identifier="FEEDBACKMODAL">
<multiple>
<variable identifier="FEEDBACKMODAL"/>
<baseValue baseType="identifier">Feedback656129782</baseValue>
</multiple>
</setOutcomeValue>
</responseIf>
</responseCondition>
</responseProcessing>
<modalFeedback identifier="Feedback656129782" outcomeIdentifier="FEEDBACKMODAL" showHide="show">
<ol type = "a">
<li> 0.102 <br /> False </li>
<li> 0.202 <br /> True </li>
<li> 0.100 <br /> False </li>
<li> 0.755 <br /> False </li>
</ol>
</modalFeedback>
</assessmentItem>
