<?xml version="1.0" encoding="utf-8" standalone="yes"?>
<assessmentItem identifier="uu-Oneway_ANOVA-833-nl-tv_202308242129_item_1_schoice" title="uu-Oneway_ANOVA-833-nl-tv_202308242129_item_1_schoice_uu-Oneway ANOVA-833-nl" adaptive="false" timeDependent="false" toolName="Testvision Online" toolVersion="39.0.9084" xmlns="http://www.imsglobal.org/xsd/imsqti_v2p1">
<responseDeclaration identifier="RESPONSE" cardinality="single" baseType="identifier">
<correctResponse>
<value>alt_540869</value>
</correctResponse>
<mapping defaultValue="0" lowerBound="0.0">
<mapEntry mapKey="alt_423252" mappedValue="-0.333333333333333"/>
<mapEntry mapKey="alt_128032" mappedValue="-0.333333333333333"/>
<mapEntry mapKey="alt_390324" mappedValue="-0.333333333333333"/>
<mapEntry mapKey="alt_540869" mappedValue="1"/>
</mapping>
</responseDeclaration>
<outcomeDeclaration identifier="SCORE" cardinality="single" baseType="float" normalMaximum="1" normalMinimum="0" />
<outcomeDeclaration identifier="FEEDBACK" cardinality="single" baseType="identifier" />
<itemBody>
<p>Hieronder staan de outputtabellen die horen bij het onderzoek van Punnett.</p>
<p><img src="mediafiles/supplements1/uu-Oneway-ANOVA-833-nl-graph01.jpg" alt="image"/></p>
<p>Wat is de conclusie in het onderzoek van Punnett als getoetst wordt met <math display="inline" xmlns="http://www.w3.org/1998/Math/MathML"><semantics><mrow><mi>/</mi><mi>a</mi><mi>l</mi><mi>p</mi><mi>h</mi><mi>a</mi></mrow><annotation encoding="application/x-tex">/alpha</annotation></semantics></math> = 5%?</p>
<choiceInteraction responseIdentifier="RESPONSE" shuffle="false" maxChoices="1">
<simpleChoice identifier="alt_423252">
<div class="textblock tvblock tvcss_1"><div class="rte_zone tveditor1">
 De gemiddelden van de groepen verschillen allemaal significant van elkaar..
</div>
</div>
</simpleChoice>
<simpleChoice identifier="alt_128032">
<div class="textblock tvblock tvcss_1"><div class="rte_zone tveditor1">
 De groep die een vaag doel kreeg, scoort significant hoger dan de groep die een specifiek doel kreeg, maar significant lager dan de controlegroep.
</div>
</div>
</simpleChoice>
<simpleChoice identifier="alt_390324">
<div class="textblock tvblock tvcss_1"><div class="rte_zone tveditor1">
 De controlegroep scoort significant hoger dan de groep die een vaag doel kreeg, maar significant lager dan de groep die een specifiek doel kreeg.
</div>
</div>
</simpleChoice>
<simpleChoice identifier="alt_540869">
<div class="textblock tvblock tvcss_1"><div class="rte_zone tveditor1">
 De groep die een specifiek doel kreeg, scoort significant hoger dan de groepen die een vaag doel kregen en de controlegroep.
</div>
</div>
</simpleChoice>
</choiceInteraction>
</itemBody>
<responseProcessing>
<responseCondition>
<responseIf>
<isNull>
<variable identifier="RESPONSE"/>
</isNull>
<setOutcomeValue identifier="SCORE">
<baseValue baseType="float">0.0</baseValue>
</setOutcomeValue>
<setOutcomeValue identifier="FEEDBACK">
<baseValue baseType="identifier">FAILURE</baseValue>
</setOutcomeValue>
</responseIf>
<responseElse>
<setOutcomeValue identifier="SCORE">
<mapResponse identifier="RESPONSE"/>
</setOutcomeValue>
<responseCondition>
<responseIf>
<equal toleranceMode="relative" tolerance="0.001">
<variable identifier="SCORE"/>
<variable identifier="MAXSCORE"/>
</equal>
<setOutcomeValue identifier="FEEDBACK">
<baseValue baseType="identifier">ANSWER_CORRECT</baseValue>
</setOutcomeValue>
</responseIf>
<responseElse>
<setOutcomeValue identifier="FEEDBACK">
<baseValue baseType="identifier">FAILURE</baseValue>
</setOutcomeValue>
</responseElse>
</responseCondition>
</responseElse>
</responseCondition>
</responseProcessing>
<modalFeedback identifier="FAILURE" outcomeIdentifier="FEEDBACK" showHide="show">
<div class="textblock tvblock tvcss_1"><div class="rte_zone tveditor1">
</div>
</div>
</modalFeedback>
<modalFeedback identifier="ANSWER_CORRECT" outcomeIdentifier="FEEDBACK" showHide="show">
<div class="textblock tvblock tvcss_1"><div class="rte_zone tveditor1">
</div>
</div>
</modalFeedback>
<modalFeedback identifier="PARTIAL_CORRECT" outcomeIdentifier="FEEDBACK" showHide="show">
<div class="textblock tvblock tvcss_1"><div class="rte_zone tveditor1">
</div>
</div>
</modalFeedback>
</assessmentItem>
