<?xml version="1.0" encoding="UTF-8"?>
<assessmentItem xsi:schemaLocation="http://www.imsglobal.org/xsd/imsqti_v2p1 http://www.imsglobal.org/xsd/qti/qtiv2p1/imsqti_v2p1p1.xsd http://www.w3.org/1998/Math/MathML http://www.w3.org/Math/XMLSchema/mathml2/mathml2.xsd" identifier="uu-multiple-linear-regression-821-nl-ans_158916678_section_1_item_1_schoice" title="Inferential_Statistics_uu-multiple-linear-regression-821-nl_uu-multiple-linear-regression-821-nl_schoice_1" adaptive="false" timeDependent="false" xmlns="http://www.imsglobal.org/xsd/imsqti_v2p1" xmlns:xsi="http://www.w3.org/2001/XMLSchema-instance">
<responseDeclaration identifier="uu-multiple-linear-regression-821-nl-ans_158916678_section_1_item_1_schoice_RESPONSE_1_5055498" cardinality="single" baseType="identifier">
<correctResponse>
<value>uu-multiple-linear-regression-821-nl-ans_158916678_section_1_item_1_schoice_2_6117791050</value>
</correctResponse>
<mapping defaultValue="0" lowerBound="0.0">
<mapEntry mapKey="uu-multiple-linear-regression-821-nl-ans_158916678_section_1_item_1_schoice_1_7923949575" mappedValue="0"/>
<mapEntry mapKey="uu-multiple-linear-regression-821-nl-ans_158916678_section_1_item_1_schoice_2_6117791050" mappedValue="1"/>
<mapEntry mapKey="uu-multiple-linear-regression-821-nl-ans_158916678_section_1_item_1_schoice_3_2128355085" mappedValue="0"/>
<mapEntry mapKey="uu-multiple-linear-regression-821-nl-ans_158916678_section_1_item_1_schoice_4_1606765623" mappedValue="0"/>
</mapping>
</responseDeclaration>
<outcomeDeclaration identifier="SCORE" cardinality="single" baseType="float" normalMaximum="1" normalMinimum="0">
<defaultValue>
<value>0.0</value>
</defaultValue>
</outcomeDeclaration>
<outcomeDeclaration identifier="MAXSCORE" cardinality="single" baseType="float">
<defaultValue>
<value>1</value>
</defaultValue>
</outcomeDeclaration>
<outcomeDeclaration identifier="FEEDBACKBASIC" cardinality="single" baseType="identifier" view="testConstructor">
<defaultValue>
<value>empty</value>
</defaultValue>
</outcomeDeclaration>
<outcomeDeclaration identifier="FEEDBACKMODAL" cardinality="multiple" baseType="identifier" view="testConstructor"/>
<outcomeDeclaration identifier="SOLUTIONMODAL" cardinality="single" baseType="identifier" view="testConstructor"/>
<outcomeDeclaration identifier="MINSCORE" cardinality="single" baseType="float">
<defaultValue>
<value baseType="float">0</value>
</defaultValue>
</outcomeDeclaration>
<outcomeDeclaration identifier="SCORE_RESPONSE_1" cardinality="single" baseType="float">
<defaultValue>
<value>0.0</value>
</defaultValue>
</outcomeDeclaration>
<outcomeDeclaration identifier="MINSCORE_RESPONSE_1" cardinality="single" baseType="float">
<defaultValue>
<value>0.0</value>
</defaultValue>
</outcomeDeclaration>
<itemBody>
<p>De tabel hieronder komt uit Kanazawa’s artikel Intelligence, Birth Order, and Family Size (2012).</p>
<p><img src="media/supplements1/uu-multiple-linear-regression-821-en-tabel.jpg" /></p>
<p>In model 2 wordt intelligentie (Algemene intelligentie) voorspeld op basis van geboortevolgorde (Geboortevolgorde) en aantal broers en zussen (Aantal broers en zussen).</p>
<choiceInteraction responseIdentifier="uu-multiple-linear-regression-821-nl-ans_158916678_section_1_item_1_schoice_RESPONSE_1_5055498" shuffle="false" maxChoices="1">
<simpleChoice identifier="uu-multiple-linear-regression-821-nl-ans_158916678_section_1_item_1_schoice_1_7923949575">
<p>
 Aantal broers en zussen versterkt het effect van Geboortevolgorde.
</p>
</simpleChoice>
<simpleChoice identifier="uu-multiple-linear-regression-821-nl-ans_158916678_section_1_item_1_schoice_2_6117791050">
<p>
 Aantal broers en zussen is een sterkere voorspeller van intelligentie dan Geboortevolgorde.
</p>
</simpleChoice>
<simpleChoice identifier="uu-multiple-linear-regression-821-nl-ans_158916678_section_1_item_1_schoice_3_2128355085">
<p>
 De voorspelde intelligentie van een eerstgeboren kind uit een gezin met 5 kinderen is hoger dan de voorspelde intelligentie van het laatstgeboren kind uit een gezin met 3 kinderen.
</p>
</simpleChoice>
<simpleChoice identifier="uu-multiple-linear-regression-821-nl-ans_158916678_section_1_item_1_schoice_4_1606765623">
<p>
 Meer dan één van de drie antwoordmogelijkheden (a, b, c) is juist.
</p>
</simpleChoice>
</choiceInteraction>
</itemBody>
<responseProcessing>
<setOutcomeValue identifier="SCORE_RESPONSE_1">
<sum>
<variable identifier="SCORE_RESPONSE_1"/>
<mapResponse identifier="uu-multiple-linear-regression-821-nl-ans_158916678_section_1_item_1_schoice_RESPONSE_1_5055498"/>
</sum>
</setOutcomeValue>
<responseCondition>
<responseIf>
<lt>
<variable identifier="SCORE_RESPONSE_1"/>
<variable identifier="MINSCORE_RESPONSE_1"/>
</lt>
<setOutcomeValue identifier="SCORE_RESPONSE_1">
<variable identifier="MINSCORE_RESPONSE_1"/>
</setOutcomeValue>
</responseIf>
</responseCondition>
<responseCondition>
<responseIf>
<isNull>
<variable identifier="uu-multiple-linear-regression-821-nl-ans_158916678_section_1_item_1_schoice_RESPONSE_1_5055498"/>
</isNull>
<setOutcomeValue identifier="SCORE_RESPONSE_1">
<sum>
<variable identifier="SCORE_RESPONSE_1"/>
<baseValue baseType="float">0</baseValue>
</sum>
</setOutcomeValue>
</responseIf>
</responseCondition>
<setOutcomeValue identifier="SCORE">
<sum>
<variable identifier="SCORE_RESPONSE_1"/>
</sum>
</setOutcomeValue>
<responseCondition>
<responseIf>
<lt>
<variable identifier="SCORE"/>
<variable identifier="MINSCORE"/>
</lt>
<setOutcomeValue identifier="SCORE">
<variable identifier="MINSCORE"/>
</setOutcomeValue>
</responseIf>
</responseCondition>
<responseCondition>
<responseIf>
<lt>
<variable identifier="SCORE"/>
<baseValue baseType="float">1</baseValue>
</lt>
<setOutcomeValue identifier="FEEDBACKMODAL">
<multiple>
<variable identifier="FEEDBACKMODAL"/>
<baseValue baseType="identifier">Feedback490296058</baseValue>
</multiple>
</setOutcomeValue>
</responseIf>
</responseCondition>
</responseProcessing>
<modalFeedback outcomeIdentifier="FEEDBACK" showHide="show" identifier="incorrect">
<p>Aantal broers en zussen is een sterkere voorspeller van intelligentie dan Geboortevolgorde. Om te bepalen welke voorspeller sterker is, moeten we kijken naar de (absolute) waarde van de gestandaardiseerde regressiecoëfficiënt. In model 2 is de absolute waarde van de gestandaardiseerde regressiecoëfficiënt van het aantal broers en zussen (= -.233) groter dan die van de geboortevolgorde (= .035).</p>
<p>De Stelling Aantal broers en zussen versterkt het effect van Geboortevolgorde is onjuist. Dit zou het geval zijn als de niet-gestandaardiseerde regressiecoëfficiënt van Geboortevolgorde in model 2 zou zijn toegenomen ten opzichte van model 1, of als de p-waarde van het effect van Geboortevolgorde in model 2 zou zijn afgenomen ten opzichte van model 1. Geen van beide is het geval. Geen van beide is het geval, dus het aantal broers en zussen versterkt het effect van Geboortevolgorde niet. De Stelling De voorspelde intelligentie van een eerstgeboren kind uit een gezin met 5 kinderen is hoger dan de voorspelde intelligentie van het laatstgeboren kind uit een gezin met 3 kinderen is onjuist. De regressievergelijking is: Voorspelde intelligentie = 104,171 + 0,357<em>Geboortevolgorde - 1,898</em>Aantal broers en zussen De voorspelde intelligentie van een eerstgeboren kind uit een gezin met 5 kinderen is lager dan de voorspelde intelligentie van het laatstgeboren kind uit een gezin met 3 kinderen.</p>
</modalFeedback>
</assessmentItem>
