<?xml version="1.0" encoding="utf-8" standalone="yes"?>
<assessmentItem identifier="uva-sample-mean-1305-nl-tv_202601131823_item_1_schoice" title="uva-sample-mean-1305-nl-tv_202601131823_item_1_schoice_uva-sample-mean-1305-nl" adaptive="false" timeDependent="false" toolName="Testvision Online" toolVersion="39.0.9084" xmlns="http://www.imsglobal.org/xsd/imsqti_v2p1">
<responseDeclaration identifier="RESPONSE" cardinality="single" baseType="identifier">
<correctResponse>
<value>alt_796642</value>
</correctResponse>
<mapping defaultValue="0" lowerBound="0.0">
<mapEntry mapKey="alt_770604" mappedValue="-0.25"/>
<mapEntry mapKey="alt_966172" mappedValue="-0.25"/>
<mapEntry mapKey="alt_796642" mappedValue="1"/>
<mapEntry mapKey="alt_385489" mappedValue="-0.25"/>
<mapEntry mapKey="alt_332400" mappedValue="-0.25"/>
</mapping>
</responseDeclaration>
<outcomeDeclaration identifier="SCORE" cardinality="single" baseType="float" normalMaximum="1" normalMinimum="0" />
<outcomeDeclaration identifier="FEEDBACK" cardinality="single" baseType="identifier" />
<stylesheet href="css/uva-sample-mean-1305-nl-tv_202601131823_item_1_schoice.css" type="text/css" />
<itemBody>
<p>We trekken een aselecte steekproef onder 2500 volwassen. Stel X is het
aantal mensen in de steekproef dat ongetrouwd samenwoont met een
partner. De kans dat ten minste 1/5 van deze steekproef ongehuwd
samenwoont is te schrijven als:</p>
<choiceInteraction responseIdentifier="RESPONSE" shuffle="false" maxChoices="1">
<simpleChoice identifier="alt_770604">
<div class="textblock tvblock tvcss_1"><div class="rte_zone tveditor1">
 P (X≥1/5).
</div>
</div>
</simpleChoice>
<simpleChoice identifier="alt_966172">
<div class="textblock tvblock tvcss_1"><div class="rte_zone tveditor1">
 P (X≤ 500).
</div>
</div>
</simpleChoice>
<simpleChoice identifier="alt_796642">
<div class="textblock tvblock tvcss_1"><div class="rte_zone tveditor1">
 P (X≥500).
</div>
</div>
</simpleChoice>
<simpleChoice identifier="alt_385489">
<div class="textblock tvblock tvcss_1"><div class="rte_zone tveditor1">
 P (X≤ 2000).
</div>
</div>
</simpleChoice>
<simpleChoice identifier="alt_332400">
<div class="textblock tvblock tvcss_1"><div class="rte_zone tveditor1">
 P (X≤ 2500).
</div>
</div>
</simpleChoice>
</choiceInteraction>
</itemBody>
<responseProcessing>
<responseCondition>
<responseIf>
<isNull>
<variable identifier="RESPONSE"/>
</isNull>
<setOutcomeValue identifier="SCORE">
<baseValue baseType="float">0.0</baseValue>
</setOutcomeValue>
<setOutcomeValue identifier="FEEDBACK">
<baseValue baseType="identifier">FAILURE</baseValue>
</setOutcomeValue>
</responseIf>
<responseElse>
<setOutcomeValue identifier="SCORE">
<mapResponse identifier="RESPONSE"/>
</setOutcomeValue>
<responseCondition>
<responseIf>
<equal toleranceMode="relative" tolerance="0.001">
<variable identifier="SCORE"/>
<variable identifier="MAXSCORE"/>
</equal>
<setOutcomeValue identifier="FEEDBACK">
<baseValue baseType="identifier">ANSWER_CORRECT</baseValue>
</setOutcomeValue>
</responseIf>
<responseElse>
<setOutcomeValue identifier="FEEDBACK">
<baseValue baseType="identifier">FAILURE</baseValue>
</setOutcomeValue>
</responseElse>
</responseCondition>
</responseElse>
</responseCondition>
</responseProcessing>
<modalFeedback identifier="FAILURE" outcomeIdentifier="FEEDBACK" showHide="show">
<div class="textblock tvblock tvcss_1"><div class="rte_zone tveditor1">
<ul>
<li> P (X≥1/5). <br /> P (X≥1/5).: Incorrect </li>
<li> P (X≤ 500). <br /> P (X≤ 500).: Incorrect </li>
<li> P (X≥500). <br /> P (X≥500).: Correct </li>
<li> P (X≤ 2000). <br /> P (X≤ 2000).: Incorrect </li>
<li> P (X≤ 2500). <br /> P (X≤ 2500).: Incorrect </li>
</ul>
</div>
</div>
</modalFeedback>
<modalFeedback identifier="ANSWER_CORRECT" outcomeIdentifier="FEEDBACK" showHide="show">
<div class="textblock tvblock tvcss_1"><div class="rte_zone tveditor1">
<ul>
<li> P (X≥1/5). <br /> P (X≥1/5).: Incorrect </li>
<li> P (X≤ 500). <br /> P (X≤ 500).: Incorrect </li>
<li> P (X≥500). <br /> P (X≥500).: Correct </li>
<li> P (X≤ 2000). <br /> P (X≤ 2000).: Incorrect </li>
<li> P (X≤ 2500). <br /> P (X≤ 2500).: Incorrect </li>
</ul>
</div>
</div>
</modalFeedback>
<modalFeedback identifier="PARTIAL_CORRECT" outcomeIdentifier="FEEDBACK" showHide="show">
<div class="textblock tvblock tvcss_1"><div class="rte_zone tveditor1">
<ul>
<li> P (X≥1/5). <br /> P (X≥1/5).: Incorrect </li>
<li> P (X≤ 500). <br /> P (X≤ 500).: Incorrect </li>
<li> P (X≥500). <br /> P (X≥500).: Correct </li>
<li> P (X≤ 2000). <br /> P (X≤ 2000).: Incorrect </li>
<li> P (X≤ 2500). <br /> P (X≤ 2500).: Incorrect </li>
</ul>
</div>
</div>
</modalFeedback>
</assessmentItem>
