<?xml version="1.0" encoding="UTF-8"?>
<assessmentItem xsi:schemaLocation="http://www.imsglobal.org/xsd/imsqti_v2p1 http://www.imsglobal.org/xsd/qti/qtiv2p1/imsqti_v2p1p1.xsd http://www.w3.org/1998/Math/MathML http://www.w3.org/Math/XMLSchema/mathml2/mathml2.xsd" identifier="vufsw-t-statistic-1127-en-ans_417997475_section_1_item_1_schoice" title="Inferential_Statistics_vufsw-t-statistic-1127-en_vufsw-t-statistic-1127-en_schoice_1" adaptive="false" timeDependent="false" xmlns="http://www.imsglobal.org/xsd/imsqti_v2p1" xmlns:xsi="http://www.w3.org/2001/XMLSchema-instance">
<responseDeclaration identifier="vufsw-t-statistic-1127-en-ans_417997475_section_1_item_1_schoice_RESPONSE_1_7416188" cardinality="single" baseType="identifier">
<correctResponse>
<value>vufsw-t-statistic-1127-en-ans_417997475_section_1_item_1_schoice_1_9667038336</value>
</correctResponse>
<mapping defaultValue="0" lowerBound="0.0">
<mapEntry mapKey="vufsw-t-statistic-1127-en-ans_417997475_section_1_item_1_schoice_1_9667038336" mappedValue="1"/>
<mapEntry mapKey="vufsw-t-statistic-1127-en-ans_417997475_section_1_item_1_schoice_2_1875986824" mappedValue="0"/>
<mapEntry mapKey="vufsw-t-statistic-1127-en-ans_417997475_section_1_item_1_schoice_3_8075739231" mappedValue="0"/>
<mapEntry mapKey="vufsw-t-statistic-1127-en-ans_417997475_section_1_item_1_schoice_4_5572206658" mappedValue="0"/>
<mapEntry mapKey="vufsw-t-statistic-1127-en-ans_417997475_section_1_item_1_schoice_5_6347954070" mappedValue="0"/>
</mapping>
</responseDeclaration>
<outcomeDeclaration identifier="SCORE" cardinality="single" baseType="float" normalMaximum="1" normalMinimum="0">
<defaultValue>
<value>0.0</value>
</defaultValue>
</outcomeDeclaration>
<outcomeDeclaration identifier="MAXSCORE" cardinality="single" baseType="float">
<defaultValue>
<value>1</value>
</defaultValue>
</outcomeDeclaration>
<outcomeDeclaration identifier="FEEDBACKBASIC" cardinality="single" baseType="identifier" view="testConstructor">
<defaultValue>
<value>empty</value>
</defaultValue>
</outcomeDeclaration>
<outcomeDeclaration identifier="FEEDBACKMODAL" cardinality="multiple" baseType="identifier" view="testConstructor"/>
<outcomeDeclaration identifier="SOLUTIONMODAL" cardinality="single" baseType="identifier" view="testConstructor"/>
<outcomeDeclaration identifier="MINSCORE" cardinality="single" baseType="float">
<defaultValue>
<value baseType="float">0</value>
</defaultValue>
</outcomeDeclaration>
<outcomeDeclaration identifier="SCORE_RESPONSE_1" cardinality="single" baseType="float">
<defaultValue>
<value>0.0</value>
</defaultValue>
</outcomeDeclaration>
<outcomeDeclaration identifier="MINSCORE_RESPONSE_1" cardinality="single" baseType="float">
<defaultValue>
<value>0.0</value>
</defaultValue>
</outcomeDeclaration>
<itemBody>
<p>A random sample of 15 Communication science students (group 1) and of 15
Political Science students (group 2) were selected and asked to report
on a scale from 0 to 100, how they evaluate a certain television series.
Results are reported in the table below.</p>
<table>
<tbody>
<tr class="odd">
<td>
 
</td>
<td class="tvcss_2">
N
</td>
<td class="tvcss_3">
mean
</td>
<td class="tvcss_4">
standard deviation
</td>
<td>
standard error
</td>
</tr>
<tr class="even">
<td>
group 1
</td>
<td class="tvcss_2">
15
</td>
<td class="tvcss_3">
59.31
</td>
<td class="tvcss_4">
17.83
</td>
<td>
4.95
</td>
</tr>
<tr class="odd">
<td>
group 2
</td>
<td class="tvcss_2">
15
</td>
<td class="tvcss_3">
70.77
</td>
<td class="tvcss_4">
17.36
</td>
<td>
3.43
</td>
</tr>
</tbody>
</table>
<p>The hypothesis of the researcher is that Communication science students
will evaluate the television series different from Political science
students. Find the t-value for the researcher’s hypothesis.</p>
<choiceInteraction responseIdentifier="vufsw-t-statistic-1127-en-ans_417997475_section_1_item_1_schoice_RESPONSE_1_7416188" shuffle="false" maxChoices="1">
<simpleChoice identifier="vufsw-t-statistic-1127-en-ans_417997475_section_1_item_1_schoice_1_9667038336">
<p>
 -1,78
</p>
</simpleChoice>
<simpleChoice identifier="vufsw-t-statistic-1127-en-ans_417997475_section_1_item_1_schoice_2_1875986824">
<p>
 -0,07
</p>
</simpleChoice>
<simpleChoice identifier="vufsw-t-statistic-1127-en-ans_417997475_section_1_item_1_schoice_3_8075739231">
<p>
 -1,96
</p>
</simpleChoice>
<simpleChoice identifier="vufsw-t-statistic-1127-en-ans_417997475_section_1_item_1_schoice_4_5572206658">
<p>
 -2,68
</p>
</simpleChoice>
<simpleChoice identifier="vufsw-t-statistic-1127-en-ans_417997475_section_1_item_1_schoice_5_6347954070">
<p>
 -3,11
</p>
</simpleChoice>
</choiceInteraction>
</itemBody>
<responseProcessing>
<setOutcomeValue identifier="SCORE_RESPONSE_1">
<sum>
<variable identifier="SCORE_RESPONSE_1"/>
<mapResponse identifier="vufsw-t-statistic-1127-en-ans_417997475_section_1_item_1_schoice_RESPONSE_1_7416188"/>
</sum>
</setOutcomeValue>
<responseCondition>
<responseIf>
<lt>
<variable identifier="SCORE_RESPONSE_1"/>
<variable identifier="MINSCORE_RESPONSE_1"/>
</lt>
<setOutcomeValue identifier="SCORE_RESPONSE_1">
<variable identifier="MINSCORE_RESPONSE_1"/>
</setOutcomeValue>
</responseIf>
</responseCondition>
<responseCondition>
<responseIf>
<isNull>
<variable identifier="vufsw-t-statistic-1127-en-ans_417997475_section_1_item_1_schoice_RESPONSE_1_7416188"/>
</isNull>
<setOutcomeValue identifier="SCORE_RESPONSE_1">
<sum>
<variable identifier="SCORE_RESPONSE_1"/>
<baseValue baseType="float">0</baseValue>
</sum>
</setOutcomeValue>
</responseIf>
</responseCondition>
<setOutcomeValue identifier="SCORE">
<sum>
<variable identifier="SCORE_RESPONSE_1"/>
</sum>
</setOutcomeValue>
<responseCondition>
<responseIf>
<lt>
<variable identifier="SCORE"/>
<variable identifier="MINSCORE"/>
</lt>
<setOutcomeValue identifier="SCORE">
<variable identifier="MINSCORE"/>
</setOutcomeValue>
</responseIf>
</responseCondition>
<responseCondition>
<responseIf>
<lt>
<variable identifier="SCORE"/>
<baseValue baseType="float">1</baseValue>
</lt>
<setOutcomeValue identifier="FEEDBACKMODAL">
<multiple>
<variable identifier="FEEDBACKMODAL"/>
<baseValue baseType="identifier">Feedback327152042</baseValue>
</multiple>
</setOutcomeValue>
</responseIf>
</responseCondition>
</responseProcessing>
<modalFeedback outcomeIdentifier="FEEDBACK" showHide="show" identifier="incorrect">
<p>The null hypothesis
states:<img src="media/supplements1/Screen__Shot__2020-02-22__at__13.52.54.png" />
The alternative hypothesis
states:<img src="media/supplements1/Screen__Shot__2020-02-22__at__13.53.59.png" /></p>
<p>SE = √ [ (s<sub>1</sub><sup>2</sup>/n<sub>1</sub>) +
(s<sub>2</sub><sup>2</sup>/n<sub>2</sub>) ] = √
[(17,83<sup>2</sup>/15) + (17,36<sup>2</sup>/15) ] = 6,43</p>
<p>sample sizes are equal.</p>
<p>t = ( 59,31 - 70,77 ) / 6,43= -1,78</p>
<p>If you want to know more about comparing two groups and the t-test watch
<a href="https://www.youtube.com/watch?v=A1lLo-np0KU&amp;index=6&amp;list=PLyLpEs0x9Bnl2e68nd7M6lecUqUNu2Sgn">this
clip</a></p>
<p>Language<br />
Nederlands</p>
<p>Levels of Difficulty<br />
Medium</p>
<p>M&amp;T BIS<br />
Default value</p>
<p>M&amp;T Hypothesis testing: means<br />
Default value</p>
<br />
<ul>
<li> -1,78 <br /> True </li>
<li> -0,07 <br /> False </li>
<li> -1,96 <br /> False </li>
<li> -2,68 <br /> False </li>
<li> -3,11 <br /> False </li>
</ul>
</modalFeedback>
</assessmentItem>
