<?xml version="1.0" encoding="UTF-8"?>
<!DOCTYPE questestinterop SYSTEM "ims_qtiasiv1p2p1.dtd">

<questestinterop xmlns="http://www.imsglobal.org/xsd/ims_qtiasiv1p2" xmlns:xsi="http://www.w3.org/2001/XMLSchema-instance" xsi:schemaLocation="http://www.imsglobal.org/xsd/ims_qtiasiv1p2 http://www.imsglobal.org/xsd/ims_qtiasiv1p2p1.xsd">
<assessment ident="uu-One-sample-mean-601-en-canvas_169268964" title="uu-One-sample-mean-601-en-canvas">

<qtimetadata>
<qtimetadatafield>
<fieldlabel>cc_maxattempts</fieldlabel>
<fieldentry>1</fieldentry>
</qtimetadatafield>
<qtimetadatafield>
<fieldlabel>qmd_assessmenttype</fieldlabel>
<fieldentry>Assessment</fieldentry>
</qtimetadatafield>
</qtimetadata>
<objectives>
<material>
<mattext><![CDATA[Please solve the following exercises.]]></mattext>
</material>
</objectives>
<assessmentcontrol feedbackswitch="No" hintswitch="No" solutionswitch="Yes"/>
<outcomes_processing scoremodel="SumOfScores">
<outcomes>
<decvar varname="SCORE" vartype="Decimal" cutvalue="0"/>
</outcomes>
</outcomes_processing>
<assessfeedback title="AssessmentFeedback" ident="AssessmentFeedback">
<flow_mat>
<material>
<mattext>##AssessmentFeedback##</mattext>
</material>
</flow_mat>
</assessfeedback>

<section ident="uu-One-sample-mean-601-en-canvas_169268964_section_1" title="Exercise">

<objectives>
<material>
<mattext><![CDATA[Please answer the following question.]]></mattext>
</material>
</objectives>
<selection_ordering>
<selection>
<selection_number>1</selection_number>
<selection_extension>
<points_per_item>1</points_per_item>
</selection_extension>
</selection>
<order order_type="Random"/>
</selection_ordering>

<item ident="uu-One-sample-mean-601-en-canvas_169268964_section_1_item_1_string" title="Question" maxattempts="1">
<itemcontrol feedbackswitch="No" hintswitch="No" solutionswitch="Yes"/>
<itemmetadata>
<qtimetadata>
<qtimetadatafield>
<fieldlabel>question_type</fieldlabel>
<fieldentry>short_answer_question</fieldentry>
</qtimetadatafield>
</qtimetadata>
</itemmetadata>
<presentation>
<flow>
<material>
<matbreak/>
<mattext texttype="text/html" charset="utf-8"><![CDATA[
<p>1st year psychology students at universities often take psychological tests for instructive reasons, such as tests to determine the intelligence quotient (confidentially, of course). Assume that, based on long-term experience, researchers at Utrecht University know that the intelligence scores of the population of students who successfully complete a BA degree in psychology is normally distributed with mean 114 and standard deviation 10. The researchers know, furthermore, that the intelligence score distribution of the population of students who fail to obtain a BA in psychology is also normal, but with mean 91 and standard deviation 20. A pupil has just graduated from high school and takes this intelligence test prior to deciding to study, achieving a score of 93. She would like to study psychology. Her teacher knows about the distribution of successful BA students and advises her pupil based on a significance test to attempt the study. She argues that experience would have shown that she has sufficient chance to graduate successfully. (Assume researchers from Utrecht can measure intelligence without error.)</p>
<p>The teacher tested the following null hypothesis against the research hypothesis:</p>
<p><span class="math inline">\(H_0\)</span>: The pupil comes from the distribution of students who successfully complete the BA.</p>
<p><span class="math inline">\(H_a\)</span>: The pupil comes from the distribution of students who do not successfully complete the BA.</p>
<p>The teacher tested one-sided to the lower end of the comparison distribution and assumed <span class="math inline">\(\alpha=.01\)</span>. Determine the cutoff score and test the null hypothesis. Is the teacher’s advice based on this test correct?</p>
]]></mattext>
<matbreak/>
</material>
<response_str ident="uu-One-sample-mean-601-en-canvas_169268964_section_1_item_1_string_RESPONSE_1436110" rcardinality="Single" numtype="Decimal">
<render_fib fibtype="Decimal" maxchars="96">
<flow_label class="Block">
<response_label ident="uu-One-sample-mean-601-en-canvas_169268964_section_1_item_1_string_RESPONSE_1436110" rshuffle="No"/>
</flow_label>
</render_fib>
</response_str>
<material>
<matbreak/>
</material>
</flow>
</presentation>
<resprocessing>
<outcomes>
<decvar varname="SCORE" vartype="Decimal" defaultval="0" minvalue="0" maxvalue="1" cutvalue="1"/>
</outcomes>
<respcondition title="Mastery" continue="No">
<conditionvar>
<varequal respident="uu-One-sample-mean-601-en-canvas_169268964_section_1_item_1_string_RESPONSE_1436110" case="No"><![CDATA[z-score=-2.1 Cutoff score=-2.33. Not reject. The teacher's advice based on this test is correct.]]></varequal>
</conditionvar>
<setvar varname="SCORE" action="Set">1</setvar>
<displayfeedback feedbacktype="Response" linkrefid="correct_fb"/>
</respcondition>
<respcondition continue="Yes" title="Mastery">
<conditionvar>
<varequal respident="uu-One-sample-mean-601-en-canvas_169268964_section_1_item_1_string_RESPONSE_1436110" case="No"><![CDATA[z-score=-2.1 Cutoff score=-2.33. Not reject. The teacher's advice based on this test is correct.]]></varequal>
</conditionvar>
</respcondition>
<respcondition continue="Yes">
<conditionvar>
<other/>
</conditionvar>
<displayfeedback feedbacktype="Response" linkrefid="general_incorrect_fb"/>
</respcondition>
</resprocessing>
<itemfeedback ident="correct_fb" view="All">
<flow_mat>
<material>
<mattext texttype="text/html"><![CDATA[
<p>z-score=-2.1 (1 point)</p>
<p>cutoff score=-2.33 or -2.325 (0.5 points)</p>
<p>Decision: Not reject. The teacher’s advice based on this test is correct. (0.5 points)</p>
<br />
<ul>
  <br />  
</ul>
]]></mattext>
</material>
</flow_mat>
</itemfeedback>
<itemfeedback ident="general_incorrect_fb" view="All">
<flow_mat>
<material>
<mattext texttype="text/html"><![CDATA[
<p>z-score=-2.1 (1 point)</p>
<p>cutoff score=-2.33 or -2.325 (0.5 points)</p>
<p>Decision: Not reject. The teacher’s advice based on this test is correct. (0.5 points)</p>
<br />
<ul>
  <br />  
</ul>
]]></mattext>
</material>
</flow_mat>
</itemfeedback>
</item>


</section>

</assessment>
</questestinterop>
