<?xml version="1.0" encoding="utf-8" standalone="yes"?>
<assessmentItem identifier="vufgb-confidenceintervals-041-en-tv_202601131822_item_1_schoice" title="vufgb-confidenceintervals-041-en-tv_202601131822_item_1_schoice_vufgb-confidenceintervals-041-en" adaptive="false" timeDependent="false" toolName="Testvision Online" toolVersion="39.0.9084" xmlns="http://www.imsglobal.org/xsd/imsqti_v2p1">
<responseDeclaration identifier="RESPONSE" cardinality="single" baseType="identifier">
<correctResponse>
<value>alt_550405</value>
</correctResponse>
<mapping defaultValue="0" lowerBound="0.0">
<mapEntry mapKey="alt_550405" mappedValue="1"/>
<mapEntry mapKey="alt_914695" mappedValue="-0.333333333333333"/>
<mapEntry mapKey="alt_970718" mappedValue="-0.333333333333333"/>
<mapEntry mapKey="alt_311980" mappedValue="-0.333333333333333"/>
</mapping>
</responseDeclaration>
<outcomeDeclaration identifier="SCORE" cardinality="single" baseType="float" normalMaximum="1" normalMinimum="0" />
<outcomeDeclaration identifier="FEEDBACK" cardinality="single" baseType="identifier" />
<stylesheet href="css/vufgb-confidenceintervals-041-en-tv_202601131822_item_1_schoice.css" type="text/css" />
<itemBody>
<p>Complete.</p>
<p>A confidence level of 0.95 means that there is a one in 20 chance that the method produces an interval that has the … … contains.</p>
<choiceInteraction responseIdentifier="RESPONSE" shuffle="false" maxChoices="1">
<simpleChoice identifier="alt_550405">
<div class="textblock tvblock tvcss_1"><div class="rte_zone tveditor1">
 Parameter; not
</div>
</div>
</simpleChoice>
<simpleChoice identifier="alt_914695">
<div class="textblock tvblock tvcss_1"><div class="rte_zone tveditor1">
 Parameter; yes
</div>
</div>
</simpleChoice>
<simpleChoice identifier="alt_970718">
<div class="textblock tvblock tvcss_1"><div class="rte_zone tveditor1">
 Sample quantity; not
</div>
</div>
</simpleChoice>
<simpleChoice identifier="alt_311980">
<div class="textblock tvblock tvcss_1"><div class="rte_zone tveditor1">
 Sample quantity; yes
</div>
</div>
</simpleChoice>
</choiceInteraction>
</itemBody>
<responseProcessing>
<responseCondition>
<responseIf>
<isNull>
<variable identifier="RESPONSE"/>
</isNull>
<setOutcomeValue identifier="SCORE">
<baseValue baseType="float">0.0</baseValue>
</setOutcomeValue>
<setOutcomeValue identifier="FEEDBACK">
<baseValue baseType="identifier">FAILURE</baseValue>
</setOutcomeValue>
</responseIf>
<responseElse>
<setOutcomeValue identifier="SCORE">
<mapResponse identifier="RESPONSE"/>
</setOutcomeValue>
<responseCondition>
<responseIf>
<equal toleranceMode="relative" tolerance="0.001">
<variable identifier="SCORE"/>
<variable identifier="MAXSCORE"/>
</equal>
<setOutcomeValue identifier="FEEDBACK">
<baseValue baseType="identifier">ANSWER_CORRECT</baseValue>
</setOutcomeValue>
</responseIf>
<responseElse>
<setOutcomeValue identifier="FEEDBACK">
<baseValue baseType="identifier">FAILURE</baseValue>
</setOutcomeValue>
</responseElse>
</responseCondition>
</responseElse>
</responseCondition>
</responseProcessing>
<modalFeedback identifier="FAILURE" outcomeIdentifier="FEEDBACK" showHide="show">
<div class="textblock tvblock tvcss_1"><div class="rte_zone tveditor1">
<ul>
<li> Parameter; not <br /> Correct </li>
<li> Parameter; yes <br /> Incorrect </li>
<li> Sample quantity; not <br /> Incorrect </li>
<li> Sample quantity; yes <br /> Incorrect </li>
</ul>
</div>
</div>
</modalFeedback>
<modalFeedback identifier="ANSWER_CORRECT" outcomeIdentifier="FEEDBACK" showHide="show">
<div class="textblock tvblock tvcss_1"><div class="rte_zone tveditor1">
<ul>
<li> Parameter; not <br /> Correct </li>
<li> Parameter; yes <br /> Incorrect </li>
<li> Sample quantity; not <br /> Incorrect </li>
<li> Sample quantity; yes <br /> Incorrect </li>
</ul>
</div>
</div>
</modalFeedback>
<modalFeedback identifier="PARTIAL_CORRECT" outcomeIdentifier="FEEDBACK" showHide="show">
<div class="textblock tvblock tvcss_1"><div class="rte_zone tveditor1">
<ul>
<li> Parameter; not <br /> Correct </li>
<li> Parameter; yes <br /> Incorrect </li>
<li> Sample quantity; not <br /> Incorrect </li>
<li> Sample quantity; yes <br /> Incorrect </li>
</ul>
</div>
</div>
</modalFeedback>
</assessmentItem>
