<?xml version="1.0" encoding="utf-8" standalone="yes"?>
<assessmentItem identifier="vufgb-logisticregression-015-en-tv_202510071724_item_1_schoice" title="vufgb-logisticregression-015-en-tv_202510071724_item_1_schoice_vufgb-logisticregression-015-en" adaptive="false" timeDependent="false" toolName="Testvision Online" toolVersion="39.0.9084" xmlns="http://www.imsglobal.org/xsd/imsqti_v2p1">
<responseDeclaration identifier="RESPONSE" cardinality="single" baseType="identifier">
<correctResponse>
<value>alt_169996</value>
</correctResponse>
<mapping defaultValue="0" lowerBound="0.0">
<mapEntry mapKey="alt_504560" mappedValue="-0.333333333333333"/>
<mapEntry mapKey="alt_169996" mappedValue="1"/>
<mapEntry mapKey="alt_643851" mappedValue="-0.333333333333333"/>
<mapEntry mapKey="alt_782221" mappedValue="-0.333333333333333"/>
</mapping>
</responseDeclaration>
<outcomeDeclaration identifier="SCORE" cardinality="single" baseType="float" normalMaximum="1" normalMinimum="0" />
<outcomeDeclaration identifier="FEEDBACK" cardinality="single" baseType="identifier" />
<stylesheet href="css/vufgb-logisticregression-015-en-tv_202510071724_item_1_schoice.css" type="text/css" />
<itemBody>
<p>Complete.</p>
<p>The logistic regression model describes the … relationship between a … y and a set of predictors.</p>
<choiceInteraction responseIdentifier="RESPONSE" shuffle="false" maxChoices="1">
<simpleChoice identifier="alt_504560">
<div class="textblock tvblock tvcss_1"><div class="rte_zone tveditor1">
 Nonlinear, quantitative
</div>
</div>
</simpleChoice>
<simpleChoice identifier="alt_169996">
<div class="textblock tvblock tvcss_1"><div class="rte_zone tveditor1">
 Nonlinear, binary
</div>
</div>
</simpleChoice>
<simpleChoice identifier="alt_643851">
<div class="textblock tvblock tvcss_1"><div class="rte_zone tveditor1">
 Linear, binary
</div>
</div>
</simpleChoice>
<simpleChoice identifier="alt_782221">
<div class="textblock tvblock tvcss_1"><div class="rte_zone tveditor1">
 Linear, quantitative
</div>
</div>
</simpleChoice>
</choiceInteraction>
</itemBody>
<responseProcessing>
<responseCondition>
<responseIf>
<isNull>
<variable identifier="RESPONSE"/>
</isNull>
<setOutcomeValue identifier="SCORE">
<baseValue baseType="float">0.0</baseValue>
</setOutcomeValue>
<setOutcomeValue identifier="FEEDBACK">
<baseValue baseType="identifier">FAILURE</baseValue>
</setOutcomeValue>
</responseIf>
<responseElse>
<setOutcomeValue identifier="SCORE">
<mapResponse identifier="RESPONSE"/>
</setOutcomeValue>
<responseCondition>
<responseIf>
<equal toleranceMode="relative" tolerance="0.001">
<variable identifier="SCORE"/>
<variable identifier="MAXSCORE"/>
</equal>
<setOutcomeValue identifier="FEEDBACK">
<baseValue baseType="identifier">ANSWER_CORRECT</baseValue>
</setOutcomeValue>
</responseIf>
<responseElse>
<setOutcomeValue identifier="FEEDBACK">
<baseValue baseType="identifier">FAILURE</baseValue>
</setOutcomeValue>
</responseElse>
</responseCondition>
</responseElse>
</responseCondition>
</responseProcessing>
<modalFeedback identifier="FAILURE" outcomeIdentifier="FEEDBACK" showHide="show">
<div class="textblock tvblock tvcss_1"><div class="rte_zone tveditor1">
<ul>
<li> Nonlinear, quantitative <br /> Incorrect </li>
<li> Nonlinear, binary <br /> Correct </li>
<li> Linear, binary <br /> Incorrect </li>
<li> Linear, quantitative <br /> Incorrect </li>
</ul>
</div>
</div>
</modalFeedback>
<modalFeedback identifier="ANSWER_CORRECT" outcomeIdentifier="FEEDBACK" showHide="show">
<div class="textblock tvblock tvcss_1"><div class="rte_zone tveditor1">
<ul>
<li> Nonlinear, quantitative <br /> Incorrect </li>
<li> Nonlinear, binary <br /> Correct </li>
<li> Linear, binary <br /> Incorrect </li>
<li> Linear, quantitative <br /> Incorrect </li>
</ul>
</div>
</div>
</modalFeedback>
<modalFeedback identifier="PARTIAL_CORRECT" outcomeIdentifier="FEEDBACK" showHide="show">
<div class="textblock tvblock tvcss_1"><div class="rte_zone tveditor1">
<ul>
<li> Nonlinear, quantitative <br /> Incorrect </li>
<li> Nonlinear, binary <br /> Correct </li>
<li> Linear, binary <br /> Incorrect </li>
<li> Linear, quantitative <br /> Incorrect </li>
</ul>
</div>
</div>
</modalFeedback>
</assessmentItem>
