<?xml version="1.0" encoding="UTF-8"?>
<assessmentItem xsi:schemaLocation="http://www.imsglobal.org/xsd/imsqti_v2p1 http://www.imsglobal.org/xsd/qti/qtiv2p1/imsqti_v2p1p1.xsd http://www.w3.org/1998/Math/MathML http://www.w3.org/Math/XMLSchema/mathml2/mathml2.xsd" identifier="vufgb-correlation-001-nl-qti_119958085_section_1_item_1_schoice" title="1" adaptive="false" timeDependent="false" xmlns="http://www.imsglobal.org/xsd/imsqti_v2p1" xmlns:xsi="http://www.w3.org/2001/XMLSchema-instance">
<responseDeclaration identifier="vufgb-correlation-001-nl-qti_119958085_section_1_item_1_schoice_RESPONSE_1_5936046" cardinality="single" baseType="identifier">
<correctResponse>
<value>vufgb-correlation-001-nl-qti_119958085_section_1_item_1_schoice_3_7704734764</value>
</correctResponse>
<mapping defaultValue="0" lowerBound="0.0">
<mapEntry mapKey="vufgb-correlation-001-nl-qti_119958085_section_1_item_1_schoice_1_8121810831" mappedValue="0"/>
<mapEntry mapKey="vufgb-correlation-001-nl-qti_119958085_section_1_item_1_schoice_2_1769184551" mappedValue="0"/>
<mapEntry mapKey="vufgb-correlation-001-nl-qti_119958085_section_1_item_1_schoice_3_7704734764" mappedValue="1"/>
<mapEntry mapKey="vufgb-correlation-001-nl-qti_119958085_section_1_item_1_schoice_4_6263952540" mappedValue="0"/>
</mapping>
</responseDeclaration>
<outcomeDeclaration identifier="SCORE" cardinality="single" baseType="float" normalMaximum="1" normalMinimum="0">
<defaultValue>
<value>0.0</value>
</defaultValue>
</outcomeDeclaration>
<outcomeDeclaration identifier="MAXSCORE" cardinality="single" baseType="float">
<defaultValue>
<value>1</value>
</defaultValue>
</outcomeDeclaration>
<outcomeDeclaration identifier="FEEDBACKBASIC" cardinality="single" baseType="identifier" view="testConstructor">
<defaultValue>
<value>empty</value>
</defaultValue>
</outcomeDeclaration>
<outcomeDeclaration identifier="FEEDBACKMODAL" cardinality="multiple" baseType="identifier" view="testConstructor"/>
<outcomeDeclaration identifier="SOLUTIONMODAL" cardinality="single" baseType="identifier" view="testConstructor"/>
<outcomeDeclaration identifier="MINSCORE" cardinality="single" baseType="float">
<defaultValue>
<value baseType="float">0</value>
</defaultValue>
</outcomeDeclaration>
<outcomeDeclaration identifier="SCORE_RESPONSE_1" cardinality="single" baseType="float">
<defaultValue>
<value>0.0</value>
</defaultValue>
</outcomeDeclaration>
<outcomeDeclaration identifier="MINSCORE_RESPONSE_1" cardinality="single" baseType="float">
<defaultValue>
<value>0.0</value>
</defaultValue>
</outcomeDeclaration>
<itemBody>
<p>Janna heeft een hypothese opgesteld over een interactie tussen een kwantitatieve predictor (<math display="inline" xmlns="http://www.w3.org/1998/Math/MathML"><semantics><msub><mi>X</mi><mn>1</mn></msub><annotation encoding="application/x-tex">X_{1}</annotation></semantics></math>) en een categorische predictor met twee niveaus (<math display="inline" xmlns="http://www.w3.org/1998/Math/MathML"><semantics><msub><mi>X</mi><mn>2</mn></msub><annotation encoding="application/x-tex">X_{2}</annotation></semantics></math>) in hun effect op een kwantitatieve uitkomstmaat (<em>Y</em>). Zij wil eerst exploreren in haar dataset of er aanwijzing is voor interactie voordat zij overgaat tot een formele toets.</p>
<p>Welke beschrijvende statistiek helpt haar hierbij?</p>
<choiceInteraction responseIdentifier="vufgb-correlation-001-nl-qti_119958085_section_1_item_1_schoice_RESPONSE_1_5936046" shuffle="false" maxChoices="1">
<simpleChoice identifier="vufgb-correlation-001-nl-qti_119958085_section_1_item_1_schoice_1_8121810831">
<p>
 De partiele correlatie <math display="inline" xmlns="http://www.w3.org/1998/Math/MathML"><semantics><msub><mi>r</mi><mrow><mn>1</mn><mi>Y</mi><mn>.2</mn></mrow></msub><annotation encoding="application/x-tex">r_{1Y.2}</annotation></semantics></math>.
</p>
</simpleChoice>
<simpleChoice identifier="vufgb-correlation-001-nl-qti_119958085_section_1_item_1_schoice_2_1769184551">
<p>
 De semi-partiele correlatie <math display="inline" xmlns="http://www.w3.org/1998/Math/MathML"><semantics><mrow><mi>s</mi><msub><mi>r</mi><mn>1</mn></msub></mrow><annotation encoding="application/x-tex">sr_{1}</annotation></semantics></math>.
</p>
</simpleChoice>
<simpleChoice identifier="vufgb-correlation-001-nl-qti_119958085_section_1_item_1_schoice_3_7704734764">
<p>
 De zero-order correlatie <math display="inline" xmlns="http://www.w3.org/1998/Math/MathML"><semantics><msub><mi>r</mi><mrow><mn>1</mn><mi>Y</mi></mrow></msub><annotation encoding="application/x-tex">r_{1Y}</annotation></semantics></math> in twee groepen.
</p>
</simpleChoice>
<simpleChoice identifier="vufgb-correlation-001-nl-qti_119958085_section_1_item_1_schoice_4_6263952540">
<p>
 De partiele correlatie <math display="inline" xmlns="http://www.w3.org/1998/Math/MathML"><semantics><msub><mi>r</mi><mrow><mn>1</mn><mi>Y</mi><mn>.2</mn></mrow></msub><annotation encoding="application/x-tex">r_{1Y.2}</annotation></semantics></math> in twee groepen.
</p>
</simpleChoice>
</choiceInteraction>
</itemBody>
<responseProcessing>
<setOutcomeValue identifier="SCORE_RESPONSE_1">
<sum>
<variable identifier="SCORE_RESPONSE_1"/>
<mapResponse identifier="vufgb-correlation-001-nl-qti_119958085_section_1_item_1_schoice_RESPONSE_1_5936046"/>
</sum>
</setOutcomeValue>
<responseCondition>
<responseIf>
<lt>
<variable identifier="SCORE_RESPONSE_1"/>
<variable identifier="MINSCORE_RESPONSE_1"/>
</lt>
<setOutcomeValue identifier="SCORE_RESPONSE_1">
<variable identifier="MINSCORE_RESPONSE_1"/>
</setOutcomeValue>
</responseIf>
</responseCondition>
<responseCondition>
<responseIf>
<isNull>
<variable identifier="vufgb-correlation-001-nl-qti_119958085_section_1_item_1_schoice_RESPONSE_1_5936046"/>
</isNull>
<setOutcomeValue identifier="SCORE_RESPONSE_1">
<sum>
<variable identifier="SCORE_RESPONSE_1"/>
<baseValue baseType="float">0</baseValue>
</sum>
</setOutcomeValue>
</responseIf>
</responseCondition>
<setOutcomeValue identifier="SCORE">
<sum>
<variable identifier="SCORE_RESPONSE_1"/>
</sum>
</setOutcomeValue>
<responseCondition>
<responseIf>
<lt>
<variable identifier="SCORE"/>
<variable identifier="MINSCORE"/>
</lt>
<setOutcomeValue identifier="SCORE">
<variable identifier="MINSCORE"/>
</setOutcomeValue>
</responseIf>
</responseCondition>
<responseCondition>
<responseIf>
<lt>
<variable identifier="SCORE"/>
<baseValue baseType="float">1</baseValue>
</lt>
<setOutcomeValue identifier="FEEDBACKMODAL">
<multiple>
<variable identifier="FEEDBACKMODAL"/>
<baseValue baseType="identifier">Feedback138781095</baseValue>
</multiple>
</setOutcomeValue>
</responseIf>
</responseCondition>
</responseProcessing>
<modalFeedback identifier="Feedback138781095" outcomeIdentifier="FEEDBACKMODAL" showHide="show">
<ul>
<li> De partiele correlatie <math display="inline" xmlns="http://www.w3.org/1998/Math/MathML"><semantics><msub><mi>r</mi><mrow><mn>1</mn><mi>Y</mi><mn>.2</mn></mrow></msub><annotation encoding="application/x-tex">r_{1Y.2}</annotation></semantics></math>. <br /> Incorrect </li>
<li> De semi-partiele correlatie <math display="inline" xmlns="http://www.w3.org/1998/Math/MathML"><semantics><mrow><mi>s</mi><msub><mi>r</mi><mn>1</mn></msub></mrow><annotation encoding="application/x-tex">sr_{1}</annotation></semantics></math>. <br /> Incorrect </li>
<li> De zero-order correlatie <math display="inline" xmlns="http://www.w3.org/1998/Math/MathML"><semantics><msub><mi>r</mi><mrow><mn>1</mn><mi>Y</mi></mrow></msub><annotation encoding="application/x-tex">r_{1Y}</annotation></semantics></math> in twee groepen. <br /> Correct </li>
<li> De partiele correlatie <math display="inline" xmlns="http://www.w3.org/1998/Math/MathML"><semantics><msub><mi>r</mi><mrow><mn>1</mn><mi>Y</mi><mn>.2</mn></mrow></msub><annotation encoding="application/x-tex">r_{1Y.2}</annotation></semantics></math> in twee groepen. <br /> Incorrect </li>
</ul>
</modalFeedback>
</assessmentItem>
