<?xml version="1.0" encoding="UTF-8"?>
<assessmentItem xsi:schemaLocation="http://www.imsglobal.org/xsd/imsqti_v2p1 http://www.imsglobal.org/xsd/qti/qtiv2p1/imsqti_v2p1p1.xsd http://www.w3.org/1998/Math/MathML http://www.w3.org/Math/XMLSchema/mathml2/mathml2.xsd" identifier="vufgb-pearson-008-en-ans_934212852_section_1_item_1_schoice" title="Inferential_Statistics_vufgb-pearson-008-en_vufgb-pearson-008-en_schoice_1" adaptive="false" timeDependent="false" xmlns="http://www.imsglobal.org/xsd/imsqti_v2p1" xmlns:xsi="http://www.w3.org/2001/XMLSchema-instance">
<responseDeclaration identifier="vufgb-pearson-008-en-ans_934212852_section_1_item_1_schoice_RESPONSE_1_8635938" cardinality="single" baseType="identifier">
<correctResponse>
<value>vufgb-pearson-008-en-ans_934212852_section_1_item_1_schoice_4_1111432993</value>
</correctResponse>
<mapping defaultValue="0" lowerBound="0.0">
<mapEntry mapKey="vufgb-pearson-008-en-ans_934212852_section_1_item_1_schoice_1_5559822418" mappedValue="0"/>
<mapEntry mapKey="vufgb-pearson-008-en-ans_934212852_section_1_item_1_schoice_2_9663361024" mappedValue="0"/>
<mapEntry mapKey="vufgb-pearson-008-en-ans_934212852_section_1_item_1_schoice_3_6037229412" mappedValue="0"/>
<mapEntry mapKey="vufgb-pearson-008-en-ans_934212852_section_1_item_1_schoice_4_1111432993" mappedValue="1"/>
</mapping>
</responseDeclaration>
<outcomeDeclaration identifier="SCORE" cardinality="single" baseType="float" normalMaximum="1" normalMinimum="0">
<defaultValue>
<value>0.0</value>
</defaultValue>
</outcomeDeclaration>
<outcomeDeclaration identifier="MAXSCORE" cardinality="single" baseType="float">
<defaultValue>
<value>1</value>
</defaultValue>
</outcomeDeclaration>
<outcomeDeclaration identifier="FEEDBACKBASIC" cardinality="single" baseType="identifier" view="testConstructor">
<defaultValue>
<value>empty</value>
</defaultValue>
</outcomeDeclaration>
<outcomeDeclaration identifier="FEEDBACKMODAL" cardinality="multiple" baseType="identifier" view="testConstructor"/>
<outcomeDeclaration identifier="SOLUTIONMODAL" cardinality="single" baseType="identifier" view="testConstructor"/>
<outcomeDeclaration identifier="MINSCORE" cardinality="single" baseType="float">
<defaultValue>
<value baseType="float">0</value>
</defaultValue>
</outcomeDeclaration>
<outcomeDeclaration identifier="SCORE_RESPONSE_1" cardinality="single" baseType="float">
<defaultValue>
<value>0.0</value>
</defaultValue>
</outcomeDeclaration>
<outcomeDeclaration identifier="MINSCORE_RESPONSE_1" cardinality="single" baseType="float">
<defaultValue>
<value>0.0</value>
</defaultValue>
</outcomeDeclaration>
<itemBody>
<p>In a study of the quality of child witness statements, 70 children participated. Testimony quality was predicted based on quantitative variables (a) the age of the child, (b) the number of days elapsed since the incident, and (c) the degree of consistency of the testimony. Regression squared is 3766 and residuals squared is 4649. The muliple correlation (R) of this regression model is….</p>
<choiceInteraction responseIdentifier="vufgb-pearson-008-en-ans_934212852_section_1_item_1_schoice_RESPONSE_1_8635938" shuffle="false" maxChoices="1">
<simpleChoice identifier="vufgb-pearson-008-en-ans_934212852_section_1_item_1_schoice_1_5559822418">
<p>
 0.81
</p>
</simpleChoice>
<simpleChoice identifier="vufgb-pearson-008-en-ans_934212852_section_1_item_1_schoice_2_9663361024">
<p>
 0.55
</p>
</simpleChoice>
<simpleChoice identifier="vufgb-pearson-008-en-ans_934212852_section_1_item_1_schoice_3_6037229412">
<p>
 0.45
</p>
</simpleChoice>
<simpleChoice identifier="vufgb-pearson-008-en-ans_934212852_section_1_item_1_schoice_4_1111432993">
<p>
 0.67
</p>
</simpleChoice>
</choiceInteraction>
</itemBody>
<responseProcessing>
<setOutcomeValue identifier="SCORE_RESPONSE_1">
<sum>
<variable identifier="SCORE_RESPONSE_1"/>
<mapResponse identifier="vufgb-pearson-008-en-ans_934212852_section_1_item_1_schoice_RESPONSE_1_8635938"/>
</sum>
</setOutcomeValue>
<responseCondition>
<responseIf>
<lt>
<variable identifier="SCORE_RESPONSE_1"/>
<variable identifier="MINSCORE_RESPONSE_1"/>
</lt>
<setOutcomeValue identifier="SCORE_RESPONSE_1">
<variable identifier="MINSCORE_RESPONSE_1"/>
</setOutcomeValue>
</responseIf>
</responseCondition>
<responseCondition>
<responseIf>
<isNull>
<variable identifier="vufgb-pearson-008-en-ans_934212852_section_1_item_1_schoice_RESPONSE_1_8635938"/>
</isNull>
<setOutcomeValue identifier="SCORE_RESPONSE_1">
<sum>
<variable identifier="SCORE_RESPONSE_1"/>
<baseValue baseType="float">0</baseValue>
</sum>
</setOutcomeValue>
</responseIf>
</responseCondition>
<setOutcomeValue identifier="SCORE">
<sum>
<variable identifier="SCORE_RESPONSE_1"/>
</sum>
</setOutcomeValue>
<responseCondition>
<responseIf>
<lt>
<variable identifier="SCORE"/>
<variable identifier="MINSCORE"/>
</lt>
<setOutcomeValue identifier="SCORE">
<variable identifier="MINSCORE"/>
</setOutcomeValue>
</responseIf>
</responseCondition>
<responseCondition>
<responseIf>
<lt>
<variable identifier="SCORE"/>
<baseValue baseType="float">1</baseValue>
</lt>
<setOutcomeValue identifier="FEEDBACKMODAL">
<multiple>
<variable identifier="FEEDBACKMODAL"/>
<baseValue baseType="identifier">Feedback501642825</baseValue>
</multiple>
</setOutcomeValue>
</responseIf>
</responseCondition>
</responseProcessing>
<modalFeedback outcomeIdentifier="FEEDBACK" showHide="show" identifier="incorrect">
<ul>
<li> 0.81 <br /> Incorrect </li>
<li> 0.55 <br /> Incorrect </li>
<li> 0.45 <br /> Incorrect </li>
<li> 0.67 <br /> Correct </li>
</ul>
</modalFeedback>
</assessmentItem>
