<?xml version="1.0" encoding="UTF-8"?>
<assessmentItem xsi:schemaLocation="http://www.imsglobal.org/xsd/imsqti_v2p1 http://www.imsglobal.org/xsd/qti/qtiv2p1/imsqti_v2p1p1.xsd http://www.w3.org/1998/Math/MathML http://www.w3.org/Math/XMLSchema/mathml2/mathml2.xsd" identifier="vufgb-descriptivestatistics-002-en-ans_971465111_section_1_item_1_schoice" title="Descriptive-statistics_vufgb-descriptivestatistics-002-en_vufgb-descriptivestatistics-002-en_schoice_1" adaptive="false" timeDependent="false" xmlns="http://www.imsglobal.org/xsd/imsqti_v2p1" xmlns:xsi="http://www.w3.org/2001/XMLSchema-instance">
<responseDeclaration identifier="vufgb-descriptivestatistics-002-en-ans_971465111_section_1_item_1_schoice_RESPONSE_1_2392870" cardinality="single" baseType="identifier">
<correctResponse>
<value>vufgb-descriptivestatistics-002-en-ans_971465111_section_1_item_1_schoice_1_5704310296</value>
</correctResponse>
<mapping defaultValue="0" lowerBound="0.0">
<mapEntry mapKey="vufgb-descriptivestatistics-002-en-ans_971465111_section_1_item_1_schoice_1_5704310296" mappedValue="1"/>
<mapEntry mapKey="vufgb-descriptivestatistics-002-en-ans_971465111_section_1_item_1_schoice_2_5191456429" mappedValue="0"/>
<mapEntry mapKey="vufgb-descriptivestatistics-002-en-ans_971465111_section_1_item_1_schoice_3_3700612647" mappedValue="0"/>
<mapEntry mapKey="vufgb-descriptivestatistics-002-en-ans_971465111_section_1_item_1_schoice_4_4081849681" mappedValue="0"/>
</mapping>
</responseDeclaration>
<outcomeDeclaration identifier="SCORE" cardinality="single" baseType="float" normalMaximum="1" normalMinimum="0">
<defaultValue>
<value>0.0</value>
</defaultValue>
</outcomeDeclaration>
<outcomeDeclaration identifier="MAXSCORE" cardinality="single" baseType="float">
<defaultValue>
<value>1</value>
</defaultValue>
</outcomeDeclaration>
<outcomeDeclaration identifier="FEEDBACKBASIC" cardinality="single" baseType="identifier" view="testConstructor">
<defaultValue>
<value>empty</value>
</defaultValue>
</outcomeDeclaration>
<outcomeDeclaration identifier="FEEDBACKMODAL" cardinality="multiple" baseType="identifier" view="testConstructor"/>
<outcomeDeclaration identifier="SOLUTIONMODAL" cardinality="single" baseType="identifier" view="testConstructor"/>
<outcomeDeclaration identifier="MINSCORE" cardinality="single" baseType="float">
<defaultValue>
<value baseType="float">0</value>
</defaultValue>
</outcomeDeclaration>
<outcomeDeclaration identifier="SCORE_RESPONSE_1" cardinality="single" baseType="float">
<defaultValue>
<value>0.0</value>
</defaultValue>
</outcomeDeclaration>
<outcomeDeclaration identifier="MINSCORE_RESPONSE_1" cardinality="single" baseType="float">
<defaultValue>
<value>0.0</value>
</defaultValue>
</outcomeDeclaration>
<itemBody>
<p>What is the main purpose of descriptive statistics (<em>descriptive statistics</em>)?</p>
<choiceInteraction responseIdentifier="vufgb-descriptivestatistics-002-en-ans_971465111_section_1_item_1_schoice_RESPONSE_1_2392870" shuffle="false" maxChoices="1">
<simpleChoice identifier="vufgb-descriptivestatistics-002-en-ans_971465111_section_1_item_1_schoice_1_5704310296">
<p>
 Summarize data in a useful and informative way.
</p>
</simpleChoice>
<simpleChoice identifier="vufgb-descriptivestatistics-002-en-ans_971465111_section_1_item_1_schoice_2_5191456429">
<p>
 Estimate or predict a population value from a sample.
</p>
</simpleChoice>
<simpleChoice identifier="vufgb-descriptivestatistics-002-en-ans_971465111_section_1_item_1_schoice_3_3700612647">
<p>
 Determine whether data adequately reflect the population.
</p>
</simpleChoice>
<simpleChoice identifier="vufgb-descriptivestatistics-002-en-ans_971465111_section_1_item_1_schoice_4_4081849681">
<p>
 Plan how to collect data for a scientific study.
</p>
</simpleChoice>
</choiceInteraction>
</itemBody>
<responseProcessing>
<setOutcomeValue identifier="SCORE_RESPONSE_1">
<sum>
<variable identifier="SCORE_RESPONSE_1"/>
<mapResponse identifier="vufgb-descriptivestatistics-002-en-ans_971465111_section_1_item_1_schoice_RESPONSE_1_2392870"/>
</sum>
</setOutcomeValue>
<responseCondition>
<responseIf>
<lt>
<variable identifier="SCORE_RESPONSE_1"/>
<variable identifier="MINSCORE_RESPONSE_1"/>
</lt>
<setOutcomeValue identifier="SCORE_RESPONSE_1">
<variable identifier="MINSCORE_RESPONSE_1"/>
</setOutcomeValue>
</responseIf>
</responseCondition>
<responseCondition>
<responseIf>
<isNull>
<variable identifier="vufgb-descriptivestatistics-002-en-ans_971465111_section_1_item_1_schoice_RESPONSE_1_2392870"/>
</isNull>
<setOutcomeValue identifier="SCORE_RESPONSE_1">
<sum>
<variable identifier="SCORE_RESPONSE_1"/>
<baseValue baseType="float">0</baseValue>
</sum>
</setOutcomeValue>
</responseIf>
</responseCondition>
<setOutcomeValue identifier="SCORE">
<sum>
<variable identifier="SCORE_RESPONSE_1"/>
</sum>
</setOutcomeValue>
<responseCondition>
<responseIf>
<lt>
<variable identifier="SCORE"/>
<variable identifier="MINSCORE"/>
</lt>
<setOutcomeValue identifier="SCORE">
<variable identifier="MINSCORE"/>
</setOutcomeValue>
</responseIf>
</responseCondition>
<responseCondition>
<responseIf>
<lt>
<variable identifier="SCORE"/>
<baseValue baseType="float">1</baseValue>
</lt>
<setOutcomeValue identifier="FEEDBACKMODAL">
<multiple>
<variable identifier="FEEDBACKMODAL"/>
<baseValue baseType="identifier">Feedback614742493</baseValue>
</multiple>
</setOutcomeValue>
</responseIf>
</responseCondition>
</responseProcessing>
<modalFeedback outcomeIdentifier="FEEDBACK" showHide="show" identifier="incorrect">
<ul>
<li> Summarize data in a useful and informative way. <br /> Correct </li>
<li> Estimate or predict a population value from a sample. <br /> Incorrect </li>
<li> Determine whether data adequately reflect the population. <br /> Incorrect </li>
<li> Plan how to collect data for a scientific study. <br /> Incorrect </li>
</ul>
</modalFeedback>
</assessmentItem>
