<?xml version="1.0" encoding="utf-8" standalone="yes"?>
<assessmentItem identifier="vufgb-posthoctest-003-nl_202209051539_item_1_schoice" title="vufgb-posthoctest-003-nl_202209051539_item_1_schoice_vufgb-posthoctest-003-nl" adaptive="false" timeDependent="false" toolName="Testvision Online" toolVersion="39.0.9084" xmlns="http://www.imsglobal.org/xsd/imsqti_v2p1">
<responseDeclaration identifier="RESPONSE" cardinality="single" baseType="identifier">
<correctResponse>
<value>alt_390496</value>
</correctResponse>
<mapping defaultValue="0" lowerBound="0.0">
<mapEntry mapKey="alt_390496" mappedValue="1"/>
<mapEntry mapKey="alt_898764" mappedValue="-0.333333333333333"/>
<mapEntry mapKey="alt_337003" mappedValue="-0.333333333333333"/>
<mapEntry mapKey="alt_486349" mappedValue="-0.333333333333333"/>
</mapping>
</responseDeclaration>
<outcomeDeclaration identifier="SCORE" cardinality="single" baseType="float" normalMaximum="1" normalMinimum="0" />
<outcomeDeclaration identifier="FEEDBACK" cardinality="single" baseType="identifier" />
<itemBody>
<p>Vergeleken met een standaard 95% betrouwbaarheidsinterval voor een vergelijking van twee groepen, is het Bonferroni betrouwbaarheidsinterval in een eenwegs ANOVA met meer dan twee groepen …, omdat de bijbehorende t-waarde … is.</p>
<choiceInteraction responseIdentifier="RESPONSE" shuffle="false" maxChoices="1">
<simpleChoice identifier="alt_390496">
<div class="textblock tvblock tvcss_1"><div class="rte_zone tveditor1">
a. Breder ; groter
</div>
</div>
</simpleChoice>
<simpleChoice identifier="alt_898764">
<div class="textblock tvblock tvcss_1"><div class="rte_zone tveditor1">
b. Smaller ; groter
</div>
</div>
</simpleChoice>
<simpleChoice identifier="alt_337003">
<div class="textblock tvblock tvcss_1"><div class="rte_zone tveditor1">
c. Breder ; kleiner
</div>
</div>
</simpleChoice>
<simpleChoice identifier="alt_486349">
<div class="textblock tvblock tvcss_1"><div class="rte_zone tveditor1">
d. Smaller ; kleiner
</div>
</div>
</simpleChoice>
</choiceInteraction>
</itemBody>
<responseProcessing>
<responseCondition>
<responseIf>
<isNull>
<variable identifier="RESPONSE"/>
</isNull>
<setOutcomeValue identifier="SCORE">
<baseValue baseType="float">0.0</baseValue>
</setOutcomeValue>
<setOutcomeValue identifier="FEEDBACK">
<baseValue baseType="identifier">FAILURE</baseValue>
</setOutcomeValue>
</responseIf>
<responseElse>
<setOutcomeValue identifier="SCORE">
<mapResponse identifier="RESPONSE"/>
</setOutcomeValue>
<responseCondition>
<responseIf>
<equal toleranceMode="relative" tolerance="0.001">
<variable identifier="SCORE"/>
<variable identifier="MAXSCORE"/>
</equal>
<setOutcomeValue identifier="FEEDBACK">
<baseValue baseType="identifier">ANSWER_CORRECT</baseValue>
</setOutcomeValue>
</responseIf>
<responseElse>
<setOutcomeValue identifier="FEEDBACK">
<baseValue baseType="identifier">FAILURE</baseValue>
</setOutcomeValue>
</responseElse>
</responseCondition>
</responseElse>
</responseCondition>
</responseProcessing>
<modalFeedback identifier="FAILURE" outcomeIdentifier="FEEDBACK" showHide="show">
<div class="textblock tvblock tvcss_1"><div class="rte_zone tveditor1">
<ol>
<li> Breder ; groter <br /> Correct </li>
<li> Smaller ; groter <br /> Incorrect </li>
<li> Breder ; kleiner <br /> Incorrect </li>
<li> Smaller ; kleiner <br /> Incorrect </li>
</ol>
</div>
</div>
</modalFeedback>
<modalFeedback identifier="ANSWER_CORRECT" outcomeIdentifier="FEEDBACK" showHide="show">
<div class="textblock tvblock tvcss_1"><div class="rte_zone tveditor1">
<ol>
<li> Breder ; groter <br /> Correct </li>
<li> Smaller ; groter <br /> Incorrect </li>
<li> Breder ; kleiner <br /> Incorrect </li>
<li> Smaller ; kleiner <br /> Incorrect </li>
</ol>
</div>
</div>
</modalFeedback>
<modalFeedback identifier="PARTIAL_CORRECT" outcomeIdentifier="FEEDBACK" showHide="show">
<div class="textblock tvblock tvcss_1"><div class="rte_zone tveditor1">
<ol>
<li> Breder ; groter <br /> Correct </li>
<li> Smaller ; groter <br /> Incorrect </li>
<li> Breder ; kleiner <br /> Incorrect </li>
<li> Smaller ; kleiner <br /> Incorrect </li>
</ol>
</div>
</div>
</modalFeedback>
</assessmentItem>
