<?xml version="1.0" encoding="UTF-8"?>
<assessmentItem xsi:schemaLocation="http://www.imsglobal.org/xsd/imsqti_v2p1 http://www.imsglobal.org/xsd/qti/qtiv2p1/imsqti_v2p1p1.xsd http://www.w3.org/1998/Math/MathML http://www.w3.org/Math/XMLSchema/mathml2/mathml2.xsd" identifier="uva-independent-samples-means-493-en-ans_847286465_section_1_item_1_schoice" title="Inferential_Statistics_uva-independent-samples-means-493-en_uva-independent-samples-means-493-en_schoice_1" adaptive="false" timeDependent="false" xmlns="http://www.imsglobal.org/xsd/imsqti_v2p1" xmlns:xsi="http://www.w3.org/2001/XMLSchema-instance">
<responseDeclaration identifier="uva-independent-samples-means-493-en-ans_847286465_section_1_item_1_schoice_RESPONSE_1_3699699" cardinality="single" baseType="identifier">
<correctResponse>
<value>uva-independent-samples-means-493-en-ans_847286465_section_1_item_1_schoice_2_2476993094</value>
</correctResponse>
<mapping defaultValue="0" lowerBound="0.0">
<mapEntry mapKey="uva-independent-samples-means-493-en-ans_847286465_section_1_item_1_schoice_1_9589511180" mappedValue="0"/>
<mapEntry mapKey="uva-independent-samples-means-493-en-ans_847286465_section_1_item_1_schoice_2_2476993094" mappedValue="1"/>
<mapEntry mapKey="uva-independent-samples-means-493-en-ans_847286465_section_1_item_1_schoice_3_3807264880" mappedValue="0"/>
<mapEntry mapKey="uva-independent-samples-means-493-en-ans_847286465_section_1_item_1_schoice_4_4801512150" mappedValue="0"/>
</mapping>
</responseDeclaration>
<outcomeDeclaration identifier="SCORE" cardinality="single" baseType="float" normalMaximum="1" normalMinimum="0">
<defaultValue>
<value>0.0</value>
</defaultValue>
</outcomeDeclaration>
<outcomeDeclaration identifier="MAXSCORE" cardinality="single" baseType="float">
<defaultValue>
<value>1</value>
</defaultValue>
</outcomeDeclaration>
<outcomeDeclaration identifier="FEEDBACKBASIC" cardinality="single" baseType="identifier" view="testConstructor">
<defaultValue>
<value>empty</value>
</defaultValue>
</outcomeDeclaration>
<outcomeDeclaration identifier="FEEDBACKMODAL" cardinality="multiple" baseType="identifier" view="testConstructor"/>
<outcomeDeclaration identifier="SOLUTIONMODAL" cardinality="single" baseType="identifier" view="testConstructor"/>
<outcomeDeclaration identifier="MINSCORE" cardinality="single" baseType="float">
<defaultValue>
<value baseType="float">0</value>
</defaultValue>
</outcomeDeclaration>
<outcomeDeclaration identifier="SCORE_RESPONSE_1" cardinality="single" baseType="float">
<defaultValue>
<value>0.0</value>
</defaultValue>
</outcomeDeclaration>
<outcomeDeclaration identifier="MINSCORE_RESPONSE_1" cardinality="single" baseType="float">
<defaultValue>
<value>0.0</value>
</defaultValue>
</outcomeDeclaration>
<itemBody>
<p>Below is SPSS output from a pooled T-test. In a pooled T-test it is assumed that the variances in both populations are equal are. The best estimate for this population variance here is equal to</p>
<p><img src="media/supplements1/uva-independent-samples-means-493-nl-graph01.png" /></p>
<choiceInteraction responseIdentifier="uva-independent-samples-means-493-en-ans_847286465_section_1_item_1_schoice_RESPONSE_1_3699699" shuffle="false" maxChoices="1">
<simpleChoice identifier="uva-independent-samples-means-493-en-ans_847286465_section_1_item_1_schoice_1_9589511180">
<p>
 106.87
</p>
</simpleChoice>
<simpleChoice identifier="uva-independent-samples-means-493-en-ans_847286465_section_1_item_1_schoice_2_2476993094">
<p>
 115.83
</p>
</simpleChoice>
<simpleChoice identifier="uva-independent-samples-means-493-en-ans_847286465_section_1_item_1_schoice_3_3807264880">
<p>
 117.33
</p>
</simpleChoice>
<simpleChoice identifier="uva-independent-samples-means-493-en-ans_847286465_section_1_item_1_schoice_4_4801512150">
<p>
 130.87
</p>
</simpleChoice>
</choiceInteraction>
</itemBody>
<responseProcessing>
<setOutcomeValue identifier="SCORE_RESPONSE_1">
<sum>
<variable identifier="SCORE_RESPONSE_1"/>
<mapResponse identifier="uva-independent-samples-means-493-en-ans_847286465_section_1_item_1_schoice_RESPONSE_1_3699699"/>
</sum>
</setOutcomeValue>
<responseCondition>
<responseIf>
<lt>
<variable identifier="SCORE_RESPONSE_1"/>
<variable identifier="MINSCORE_RESPONSE_1"/>
</lt>
<setOutcomeValue identifier="SCORE_RESPONSE_1">
<variable identifier="MINSCORE_RESPONSE_1"/>
</setOutcomeValue>
</responseIf>
</responseCondition>
<responseCondition>
<responseIf>
<isNull>
<variable identifier="uva-independent-samples-means-493-en-ans_847286465_section_1_item_1_schoice_RESPONSE_1_3699699"/>
</isNull>
<setOutcomeValue identifier="SCORE_RESPONSE_1">
<sum>
<variable identifier="SCORE_RESPONSE_1"/>
<baseValue baseType="float">0</baseValue>
</sum>
</setOutcomeValue>
</responseIf>
</responseCondition>
<setOutcomeValue identifier="SCORE">
<sum>
<variable identifier="SCORE_RESPONSE_1"/>
</sum>
</setOutcomeValue>
<responseCondition>
<responseIf>
<lt>
<variable identifier="SCORE"/>
<variable identifier="MINSCORE"/>
</lt>
<setOutcomeValue identifier="SCORE">
<variable identifier="MINSCORE"/>
</setOutcomeValue>
</responseIf>
</responseCondition>
<responseCondition>
<responseIf>
<lt>
<variable identifier="SCORE"/>
<baseValue baseType="float">1</baseValue>
</lt>
<setOutcomeValue identifier="FEEDBACKMODAL">
<multiple>
<variable identifier="FEEDBACKMODAL"/>
<baseValue baseType="identifier">Feedback560984948</baseValue>
</multiple>
</setOutcomeValue>
</responseIf>
</responseCondition>
</responseProcessing>
<modalFeedback outcomeIdentifier="FEEDBACK" showHide="show" identifier="incorrect">
<ul>
<li> 106.87 <br /> 106.87: Incorrect </li>
<li> 115.83 <br /> 115.83: Correct </li>
<li> 117.33 <br /> 117.33: Incorrect </li>
<li> 130.87 <br /> 130.87: Incorrect </li>
</ul>
</modalFeedback>
</assessmentItem>
