<?xml version="1.0" encoding="utf-8" standalone="yes"?>
<assessmentItem identifier="uva-squared-1484-nl-tv_202601131823_item_1_schoice" title="uva-squared-1484-nl-tv_202601131823_item_1_schoice_uva-squared-1484-nl" adaptive="false" timeDependent="false" toolName="Testvision Online" toolVersion="39.0.9084" xmlns="http://www.imsglobal.org/xsd/imsqti_v2p1"> <responseDeclaration identifier="RESPONSE" cardinality="single" baseType="identifier"> <correctResponse> <value>alt_956843</value> </correctResponse> <mapping defaultValue="0" lowerBound="0.0"> <mapEntry mapKey="alt_361036" mappedValue="-0.5"/> <mapEntry mapKey="alt_824644" mappedValue="-0.5"/> <mapEntry mapKey="alt_956843" mappedValue="1"/> </mapping> </responseDeclaration> <outcomeDeclaration identifier="SCORE" cardinality="single" baseType="float" normalMaximum="1" normalMinimum="0" /> <outcomeDeclaration identifier="FEEDBACK" cardinality="single" baseType="identifier" /> <stylesheet href="css/uva-squared-1484-nl-tv_202601131823_item_1_schoice.css" type="text/css" /> <itemBody> <p>Gegeven is de volgende frequentietabel.</p> <table> <tbody> <tr class="odd"> <td></td> <td class="recss_2">Sportauto</td> <td class="recss_2">Familieauto</td> </tr> <tr class="even"> <td>Man</td> <td class="recss_2">24</td> <td class="recss_2">10</td> </tr> <tr class="odd"> <td>Vrouw</td> <td class="recss_2">18</td> <td class="recss_2">16</td> </tr> </tbody> </table> <p>Wat is de verwachte celfrequentie van een Man met Sportauto onder de aanname van onafhankelijkheid van de nulhypothese?</p> <choiceInteraction responseIdentifier="RESPONSE" shuffle="false" maxChoices="1"> <simpleChoice identifier="alt_361036"> <div class="textblock tvblock tvcss_1"><div class="rte_zone tveditor1">  13 </div> </div> </simpleChoice> <simpleChoice identifier="alt_824644"> <div class="textblock tvblock tvcss_1"><div class="rte_zone tveditor1">  20 </div> </div> </simpleChoice> <simpleChoice identifier="alt_956843"> <div class="textblock tvblock tvcss_1"><div class="rte_zone tveditor1">  21 </div> </div> </simpleChoice> </choiceInteraction> </itemBody> <responseProcessing> <responseCondition> <responseIf> <isNull> <variable identifier="RESPONSE"/> </isNull> <setOutcomeValue identifier="SCORE"> <baseValue baseType="float">0.0</baseValue> </setOutcomeValue> <setOutcomeValue identifier="FEEDBACK"> <baseValue baseType="identifier">FAILURE</baseValue> </setOutcomeValue> </responseIf> <responseElse> <setOutcomeValue identifier="SCORE"> <mapResponse identifier="RESPONSE"/> </setOutcomeValue> <responseCondition> <responseIf> <equal toleranceMode="relative" tolerance="0.001"> <variable identifier="SCORE"/> <variable identifier="MAXSCORE"/> </equal> <setOutcomeValue identifier="FEEDBACK"> <baseValue baseType="identifier">ANSWER_CORRECT</baseValue> </setOutcomeValue> </responseIf> <responseElse> <setOutcomeValue identifier="FEEDBACK"> <baseValue baseType="identifier">FAILURE</baseValue> </setOutcomeValue> </responseElse> </responseCondition> </responseElse> </responseCondition> </responseProcessing> <modalFeedback identifier="FAILURE" outcomeIdentifier="FEEDBACK" showHide="show"> <div class="textblock tvblock tvcss_1"><div class="rte_zone tveditor1"> <ul> <li> 13 <br /> 13: Incorrect </li> <li> 20 <br /> 20: Incorrect </li> <li> 21 <br /> 21: Correct </li> </ul> </div> </div> </modalFeedback> <modalFeedback identifier="ANSWER_CORRECT" outcomeIdentifier="FEEDBACK" showHide="show"> <div class="textblock tvblock tvcss_1"><div class="rte_zone tveditor1"> <ul> <li> 13 <br /> 13: Incorrect </li> <li> 20 <br /> 20: Incorrect </li> <li> 21 <br /> 21: Correct </li> </ul> </div> </div> </modalFeedback> <modalFeedback identifier="PARTIAL_CORRECT" outcomeIdentifier="FEEDBACK" showHide="show"> <div class="textblock tvblock tvcss_1"><div class="rte_zone tveditor1"> <ul> <li> 13 <br /> 13: Incorrect </li> <li> 20 <br /> 20: Incorrect </li> <li> 21 <br /> 21: Correct </li> </ul> </div> </div> </modalFeedback> </assessmentItem>
