<?xml version="1.0" encoding="UTF-8"?>
<assessmentItem xsi:schemaLocation="http://www.imsglobal.org/xsd/imsqti_v2p1 http://www.imsglobal.org/xsd/qti/qtiv2p1/imsqti_v2p1p1.xsd http://www.w3.org/1998/Math/MathML http://www.w3.org/Math/XMLSchema/mathml2/mathml2.xsd" identifier="uva-boxplot-14-nl-ans_974787202_section_1_item_1_schoice" title="Descriptive-statistics_uva-boxplot-14-nl_uva-boxplot-14-nl_schoice_1" adaptive="false" timeDependent="false" xmlns="http://www.imsglobal.org/xsd/imsqti_v2p1" xmlns:xsi="http://www.w3.org/2001/XMLSchema-instance">
<responseDeclaration identifier="uva-boxplot-14-nl-ans_974787202_section_1_item_1_schoice_RESPONSE_1_3285389" cardinality="single" baseType="identifier">
<correctResponse>
<value>uva-boxplot-14-nl-ans_974787202_section_1_item_1_schoice_3_2770494928</value>
</correctResponse>
<mapping defaultValue="0" lowerBound="0.0">
<mapEntry mapKey="uva-boxplot-14-nl-ans_974787202_section_1_item_1_schoice_1_3334612987" mappedValue="0"/>
<mapEntry mapKey="uva-boxplot-14-nl-ans_974787202_section_1_item_1_schoice_2_4671514822" mappedValue="0"/>
<mapEntry mapKey="uva-boxplot-14-nl-ans_974787202_section_1_item_1_schoice_3_2770494928" mappedValue="1"/>
</mapping>
</responseDeclaration>
<outcomeDeclaration identifier="SCORE" cardinality="single" baseType="float" normalMaximum="1" normalMinimum="0">
<defaultValue>
<value>0.0</value>
</defaultValue>
</outcomeDeclaration>
<outcomeDeclaration identifier="MAXSCORE" cardinality="single" baseType="float">
<defaultValue>
<value>1</value>
</defaultValue>
</outcomeDeclaration>
<outcomeDeclaration identifier="FEEDBACKBASIC" cardinality="single" baseType="identifier" view="testConstructor">
<defaultValue>
<value>empty</value>
</defaultValue>
</outcomeDeclaration>
<outcomeDeclaration identifier="FEEDBACKMODAL" cardinality="multiple" baseType="identifier" view="testConstructor"/>
<outcomeDeclaration identifier="SOLUTIONMODAL" cardinality="single" baseType="identifier" view="testConstructor"/>
<outcomeDeclaration identifier="MINSCORE" cardinality="single" baseType="float">
<defaultValue>
<value baseType="float">0</value>
</defaultValue>
</outcomeDeclaration>
<outcomeDeclaration identifier="SCORE_RESPONSE_1" cardinality="single" baseType="float">
<defaultValue>
<value>0.0</value>
</defaultValue>
</outcomeDeclaration>
<outcomeDeclaration identifier="MINSCORE_RESPONSE_1" cardinality="single" baseType="float">
<defaultValue>
<value>0.0</value>
</defaultValue>
</outcomeDeclaration>
<itemBody>
<p>Bekijk onderstaande boxplot voor de variabele IQ. Wat is ongeveer het
derde kwartiel (Q3)?</p>
<p><img src="media/supplements1/uva-boxplot-14-nl-graph01.png" /></p>
<choiceInteraction responseIdentifier="uva-boxplot-14-nl-ans_974787202_section_1_item_1_schoice_RESPONSE_1_3285389" shuffle="false" maxChoices="1">
<simpleChoice identifier="uva-boxplot-14-nl-ans_974787202_section_1_item_1_schoice_1_3334612987">
<p>
 2
</p>
</simpleChoice>
<simpleChoice identifier="uva-boxplot-14-nl-ans_974787202_section_1_item_1_schoice_2_4671514822">
<p>
 3
</p>
</simpleChoice>
<simpleChoice identifier="uva-boxplot-14-nl-ans_974787202_section_1_item_1_schoice_3_2770494928">
<p>
 5
</p>
</simpleChoice>
</choiceInteraction>
</itemBody>
<responseProcessing>
<setOutcomeValue identifier="SCORE_RESPONSE_1">
<sum>
<variable identifier="SCORE_RESPONSE_1"/>
<mapResponse identifier="uva-boxplot-14-nl-ans_974787202_section_1_item_1_schoice_RESPONSE_1_3285389"/>
</sum>
</setOutcomeValue>
<responseCondition>
<responseIf>
<lt>
<variable identifier="SCORE_RESPONSE_1"/>
<variable identifier="MINSCORE_RESPONSE_1"/>
</lt>
<setOutcomeValue identifier="SCORE_RESPONSE_1">
<variable identifier="MINSCORE_RESPONSE_1"/>
</setOutcomeValue>
</responseIf>
</responseCondition>
<responseCondition>
<responseIf>
<isNull>
<variable identifier="uva-boxplot-14-nl-ans_974787202_section_1_item_1_schoice_RESPONSE_1_3285389"/>
</isNull>
<setOutcomeValue identifier="SCORE_RESPONSE_1">
<sum>
<variable identifier="SCORE_RESPONSE_1"/>
<baseValue baseType="float">0</baseValue>
</sum>
</setOutcomeValue>
</responseIf>
</responseCondition>
<setOutcomeValue identifier="SCORE">
<sum>
<variable identifier="SCORE_RESPONSE_1"/>
</sum>
</setOutcomeValue>
<responseCondition>
<responseIf>
<lt>
<variable identifier="SCORE"/>
<variable identifier="MINSCORE"/>
</lt>
<setOutcomeValue identifier="SCORE">
<variable identifier="MINSCORE"/>
</setOutcomeValue>
</responseIf>
</responseCondition>
<responseCondition>
<responseIf>
<lt>
<variable identifier="SCORE"/>
<baseValue baseType="float">1</baseValue>
</lt>
<setOutcomeValue identifier="FEEDBACKMODAL">
<multiple>
<variable identifier="FEEDBACKMODAL"/>
<baseValue baseType="identifier">Feedback943413978</baseValue>
</multiple>
</setOutcomeValue>
</responseIf>
</responseCondition>
</responseProcessing>
<modalFeedback outcomeIdentifier="FEEDBACK" showHide="show" identifier="incorrect">
<ul>
<li> 2 <br /> 2: Incorrect </li>
<li> 3 <br /> 3: Incorrect </li>
<li> 5 <br /> 5: Correct </li>
</ul>
</modalFeedback>
</assessmentItem>
