<?xml version="1.0" encoding="UTF-8"?>
<assessmentItem xsi:schemaLocation="http://www.imsglobal.org/xsd/imsqti_v2p1 http://www.imsglobal.org/xsd/qti/qtiv2p1/imsqti_v2p1p1.xsd http://www.w3.org/1998/Math/MathML http://www.w3.org/Math/XMLSchema/mathml2/mathml2.xsd" identifier="uva-one-sample-mean-403-en-qti_321007771_section_1_item_1_schoice" title="1" adaptive="false" timeDependent="false" xmlns="http://www.imsglobal.org/xsd/imsqti_v2p1" xmlns:xsi="http://www.w3.org/2001/XMLSchema-instance">
<responseDeclaration identifier="uva-one-sample-mean-403-en-qti_321007771_section_1_item_1_schoice_RESPONSE_1_3417448" cardinality="single" baseType="identifier">
<correctResponse>
<value>uva-one-sample-mean-403-en-qti_321007771_section_1_item_1_schoice_4_1167380555</value>
</correctResponse>
<mapping defaultValue="0" lowerBound="0.0">
<mapEntry mapKey="uva-one-sample-mean-403-en-qti_321007771_section_1_item_1_schoice_1_2901738342" mappedValue="0"/>
<mapEntry mapKey="uva-one-sample-mean-403-en-qti_321007771_section_1_item_1_schoice_2_6551940285" mappedValue="0"/>
<mapEntry mapKey="uva-one-sample-mean-403-en-qti_321007771_section_1_item_1_schoice_3_5588283257" mappedValue="0"/>
<mapEntry mapKey="uva-one-sample-mean-403-en-qti_321007771_section_1_item_1_schoice_4_1167380555" mappedValue="1"/>
</mapping>
</responseDeclaration>
<outcomeDeclaration identifier="SCORE" cardinality="single" baseType="float" normalMaximum="1" normalMinimum="0">
<defaultValue>
<value>0.0</value>
</defaultValue>
</outcomeDeclaration>
<outcomeDeclaration identifier="MAXSCORE" cardinality="single" baseType="float">
<defaultValue>
<value>1</value>
</defaultValue>
</outcomeDeclaration>
<outcomeDeclaration identifier="FEEDBACKBASIC" cardinality="single" baseType="identifier" view="testConstructor">
<defaultValue>
<value>empty</value>
</defaultValue>
</outcomeDeclaration>
<outcomeDeclaration identifier="FEEDBACKMODAL" cardinality="multiple" baseType="identifier" view="testConstructor"/>
<outcomeDeclaration identifier="SOLUTIONMODAL" cardinality="single" baseType="identifier" view="testConstructor"/>
<outcomeDeclaration identifier="MINSCORE" cardinality="single" baseType="float">
<defaultValue>
<value baseType="float">0</value>
</defaultValue>
</outcomeDeclaration>
<outcomeDeclaration identifier="SCORE_RESPONSE_1" cardinality="single" baseType="float">
<defaultValue>
<value>0.0</value>
</defaultValue>
</outcomeDeclaration>
<outcomeDeclaration identifier="MINSCORE_RESPONSE_1" cardinality="single" baseType="float">
<defaultValue>
<value>0.0</value>
</defaultValue>
</outcomeDeclaration>
<itemBody>
<p>Given are the following sample outcomes: 28, 23, 17, 30, 28, 21. A one-sample T-test to test H<sub>0</sub>:μ = 20 with α = 5% two-sided risk, gives as the value of the test size and corresponding conclusion:</p>
<choiceInteraction responseIdentifier="uva-one-sample-mean-403-en-qti_321007771_section_1_item_1_schoice_RESPONSE_1_3417448" shuffle="false" maxChoices="1">
<simpleChoice identifier="uva-one-sample-mean-403-en-qti_321007771_section_1_item_1_schoice_1_2901738342">
<p>
 T = 0.90, do not reject H0
</p>
</simpleChoice>
<simpleChoice identifier="uva-one-sample-mean-403-en-qti_321007771_section_1_item_1_schoice_2_6551940285">
<p>
 T = 2.01, do not reject H0
</p>
</simpleChoice>
<simpleChoice identifier="uva-one-sample-mean-403-en-qti_321007771_section_1_item_1_schoice_3_5588283257">
<p>
 T = 2.20, reject H0
</p>
</simpleChoice>
<simpleChoice identifier="uva-one-sample-mean-403-en-qti_321007771_section_1_item_1_schoice_4_1167380555">
<p>
 T = 2.20, do not reject H0
</p>
</simpleChoice>
</choiceInteraction>
</itemBody>
<responseProcessing>
<setOutcomeValue identifier="SCORE_RESPONSE_1">
<sum>
<variable identifier="SCORE_RESPONSE_1"/>
<mapResponse identifier="uva-one-sample-mean-403-en-qti_321007771_section_1_item_1_schoice_RESPONSE_1_3417448"/>
</sum>
</setOutcomeValue>
<responseCondition>
<responseIf>
<lt>
<variable identifier="SCORE_RESPONSE_1"/>
<variable identifier="MINSCORE_RESPONSE_1"/>
</lt>
<setOutcomeValue identifier="SCORE_RESPONSE_1">
<variable identifier="MINSCORE_RESPONSE_1"/>
</setOutcomeValue>
</responseIf>
</responseCondition>
<responseCondition>
<responseIf>
<isNull>
<variable identifier="uva-one-sample-mean-403-en-qti_321007771_section_1_item_1_schoice_RESPONSE_1_3417448"/>
</isNull>
<setOutcomeValue identifier="SCORE_RESPONSE_1">
<sum>
<variable identifier="SCORE_RESPONSE_1"/>
<baseValue baseType="float">0</baseValue>
</sum>
</setOutcomeValue>
</responseIf>
</responseCondition>
<setOutcomeValue identifier="SCORE">
<sum>
<variable identifier="SCORE_RESPONSE_1"/>
</sum>
</setOutcomeValue>
<responseCondition>
<responseIf>
<lt>
<variable identifier="SCORE"/>
<variable identifier="MINSCORE"/>
</lt>
<setOutcomeValue identifier="SCORE">
<variable identifier="MINSCORE"/>
</setOutcomeValue>
</responseIf>
</responseCondition>
<responseCondition>
<responseIf>
<lt>
<variable identifier="SCORE"/>
<baseValue baseType="float">1</baseValue>
</lt>
<setOutcomeValue identifier="FEEDBACKMODAL">
<multiple>
<variable identifier="FEEDBACKMODAL"/>
<baseValue baseType="identifier">Feedback885015234</baseValue>
</multiple>
</setOutcomeValue>
</responseIf>
</responseCondition>
</responseProcessing>
<modalFeedback identifier="Feedback885015234" outcomeIdentifier="FEEDBACKMODAL" showHide="show">
<ul>
<li> T = 0.90, do not reject H0 <br /> T = 0.90, do not reject H0: Incorrect </li>
<li> T = 2.01, do not reject H0 <br /> T = 2.01, do not reject H0: Incorrect </li>
<li> T = 2.20, reject H0 <br /> T = 2.20, reject H0: Incorrect </li>
<li> T = 2.20, do not reject H0 <br /> T = 2.20, do not reject H0: Correct </li>
</ul>
</modalFeedback>
</assessmentItem>
