<?xml version="1.0" encoding="utf-8" standalone="yes"?>
<assessmentItem identifier="vufgb-correlation-005-nl_202209051534_item_1_schoice" title="vufgb-correlation-005-nl_202209051534_item_1_schoice_vufgb-correlatioon-005-nl" adaptive="false" timeDependent="false" toolName="Testvision Online" toolVersion="39.0.9084" xmlns="http://www.imsglobal.org/xsd/imsqti_v2p1">
<responseDeclaration identifier="RESPONSE" cardinality="single" baseType="identifier">
<correctResponse>
<value>alt_411186</value>
</correctResponse>
<mapping defaultValue="0" lowerBound="0.0">
<mapEntry mapKey="alt_135629" mappedValue="-0.333333333333333"/>
<mapEntry mapKey="alt_411186" mappedValue="1"/>
<mapEntry mapKey="alt_101328" mappedValue="-0.333333333333333"/>
<mapEntry mapKey="alt_237937" mappedValue="-0.333333333333333"/>
</mapping>
</responseDeclaration>
<outcomeDeclaration identifier="SCORE" cardinality="single" baseType="float" normalMaximum="1" normalMinimum="0" />
<outcomeDeclaration identifier="FEEDBACK" cardinality="single" baseType="identifier" />
<itemBody>
<p>In het onderstaande figuur is het verband tussen x en y weergegeven.</p>
<p><img src="mediafiles/supplements1/vufgb-correlation-005-nl-graph01.jpg" alt="image"/></p>
<p>Wat is de correlatie tussen x en y?</p>
<choiceInteraction responseIdentifier="RESPONSE" shuffle="false" maxChoices="1">
<simpleChoice identifier="alt_135629">
<div class="textblock tvblock tvcss_1"><div class="rte_zone tveditor1">
a. -1
</div>
</div>
</simpleChoice>
<simpleChoice identifier="alt_411186">
<div class="textblock tvblock tvcss_1"><div class="rte_zone tveditor1">
b. -0.8
</div>
</div>
</simpleChoice>
<simpleChoice identifier="alt_101328">
<div class="textblock tvblock tvcss_1"><div class="rte_zone tveditor1">
c. 0
</div>
</div>
</simpleChoice>
<simpleChoice identifier="alt_237937">
<div class="textblock tvblock tvcss_1"><div class="rte_zone tveditor1">
d. 0.8
</div>
</div>
</simpleChoice>
</choiceInteraction>
</itemBody>
<responseProcessing>
<responseCondition>
<responseIf>
<isNull>
<variable identifier="RESPONSE"/>
</isNull>
<setOutcomeValue identifier="SCORE">
<baseValue baseType="float">0.0</baseValue>
</setOutcomeValue>
<setOutcomeValue identifier="FEEDBACK">
<baseValue baseType="identifier">FAILURE</baseValue>
</setOutcomeValue>
</responseIf>
<responseElse>
<setOutcomeValue identifier="SCORE">
<mapResponse identifier="RESPONSE"/>
</setOutcomeValue>
<responseCondition>
<responseIf>
<equal toleranceMode="relative" tolerance="0.001">
<variable identifier="SCORE"/>
<variable identifier="MAXSCORE"/>
</equal>
<setOutcomeValue identifier="FEEDBACK">
<baseValue baseType="identifier">ANSWER_CORRECT</baseValue>
</setOutcomeValue>
</responseIf>
<responseElse>
<setOutcomeValue identifier="FEEDBACK">
<baseValue baseType="identifier">FAILURE</baseValue>
</setOutcomeValue>
</responseElse>
</responseCondition>
</responseElse>
</responseCondition>
</responseProcessing>
<modalFeedback identifier="FAILURE" outcomeIdentifier="FEEDBACK" showHide="show">
<div class="textblock tvblock tvcss_1"><div class="rte_zone tveditor1">
<ol>
<li> -1 <br /> Incorrect </li>
<li> -0.8 <br /> Correct </li>
<li> 0 <br /> Incorrect </li>
<li> 0.8 <br /> Incorrect </li>
</ol>
</div>
</div>
</modalFeedback>
<modalFeedback identifier="ANSWER_CORRECT" outcomeIdentifier="FEEDBACK" showHide="show">
<div class="textblock tvblock tvcss_1"><div class="rte_zone tveditor1">
<ol>
<li> -1 <br /> Incorrect </li>
<li> -0.8 <br /> Correct </li>
<li> 0 <br /> Incorrect </li>
<li> 0.8 <br /> Incorrect </li>
</ol>
</div>
</div>
</modalFeedback>
<modalFeedback identifier="PARTIAL_CORRECT" outcomeIdentifier="FEEDBACK" showHide="show">
<div class="textblock tvblock tvcss_1"><div class="rte_zone tveditor1">
<ol>
<li> -1 <br /> Incorrect </li>
<li> -0.8 <br /> Correct </li>
<li> 0 <br /> Incorrect </li>
<li> 0.8 <br /> Incorrect </li>
</ol>
</div>
</div>
</modalFeedback>
</assessmentItem>
