<?xml version="1.0" encoding="UTF-8"?>
<assessmentItem xsi:schemaLocation="http://www.imsglobal.org/xsd/imsqti_v2p1 http://www.imsglobal.org/xsd/qti/qtiv2p1/imsqti_v2p1p1.xsd http://www.w3.org/1998/Math/MathML http://www.w3.org/Math/XMLSchema/mathml2/mathml2.xsd" identifier="vufsw-multiple_linear_regression-1207-en-qti_363958307_section_1_item_1_schoice" title="1" adaptive="false" timeDependent="false" xmlns="http://www.imsglobal.org/xsd/imsqti_v2p1" xmlns:xsi="http://www.w3.org/2001/XMLSchema-instance">
<responseDeclaration identifier="vufsw-multiple_linear_regression-1207-en-qti_363958307_section_1_item_1_schoice_RESPONSE_1_3659489" cardinality="single" baseType="identifier">
<correctResponse>
<value>vufsw-multiple_linear_regression-1207-en-qti_363958307_section_1_item_1_schoice_4_2397422175</value>
</correctResponse>
<mapping defaultValue="0" lowerBound="0.0">
<mapEntry mapKey="vufsw-multiple_linear_regression-1207-en-qti_363958307_section_1_item_1_schoice_1_6841071918" mappedValue="0"/>
<mapEntry mapKey="vufsw-multiple_linear_regression-1207-en-qti_363958307_section_1_item_1_schoice_2_4874363395" mappedValue="0"/>
<mapEntry mapKey="vufsw-multiple_linear_regression-1207-en-qti_363958307_section_1_item_1_schoice_3_1407688620" mappedValue="0"/>
<mapEntry mapKey="vufsw-multiple_linear_regression-1207-en-qti_363958307_section_1_item_1_schoice_4_2397422175" mappedValue="1"/>
</mapping>
</responseDeclaration>
<outcomeDeclaration identifier="SCORE" cardinality="single" baseType="float" normalMaximum="1" normalMinimum="0">
<defaultValue>
<value>0.0</value>
</defaultValue>
</outcomeDeclaration>
<outcomeDeclaration identifier="MAXSCORE" cardinality="single" baseType="float">
<defaultValue>
<value>1</value>
</defaultValue>
</outcomeDeclaration>
<outcomeDeclaration identifier="FEEDBACKBASIC" cardinality="single" baseType="identifier" view="testConstructor">
<defaultValue>
<value>empty</value>
</defaultValue>
</outcomeDeclaration>
<outcomeDeclaration identifier="FEEDBACKMODAL" cardinality="multiple" baseType="identifier" view="testConstructor"/>
<outcomeDeclaration identifier="SOLUTIONMODAL" cardinality="single" baseType="identifier" view="testConstructor"/>
<outcomeDeclaration identifier="MINSCORE" cardinality="single" baseType="float">
<defaultValue>
<value baseType="float">0</value>
</defaultValue>
</outcomeDeclaration>
<outcomeDeclaration identifier="SCORE_RESPONSE_1" cardinality="single" baseType="float">
<defaultValue>
<value>0.0</value>
</defaultValue>
</outcomeDeclaration>
<outcomeDeclaration identifier="MINSCORE_RESPONSE_1" cardinality="single" baseType="float">
<defaultValue>
<value>0.0</value>
</defaultValue>
</outcomeDeclaration>
<itemBody>
<p>Which statement(s) is/are true?<br />
 <br />
I. The “multiple correlation” is the correlation between the observed
values of the dependent variable and the predicted scores based on the
regression.<br />
II. The “proportional reduction in error” in a multivariate regression
is the sum of all proportions explained variance in the dependent
variable by all independent variables separately.</p>
<choiceInteraction responseIdentifier="vufsw-multiple_linear_regression-1207-en-qti_363958307_section_1_item_1_schoice_RESPONSE_1_3659489" shuffle="false" maxChoices="1">
<simpleChoice identifier="vufsw-multiple_linear_regression-1207-en-qti_363958307_section_1_item_1_schoice_1_6841071918">
<p>
 Both statements I and II are false.
</p>
</simpleChoice>
<simpleChoice identifier="vufsw-multiple_linear_regression-1207-en-qti_363958307_section_1_item_1_schoice_2_4874363395">
<p>
 Statement I is false and statement II is true.
</p>
</simpleChoice>
<simpleChoice identifier="vufsw-multiple_linear_regression-1207-en-qti_363958307_section_1_item_1_schoice_3_1407688620">
<p>
 Statement I is true and statement II is false.
</p>
</simpleChoice>
<simpleChoice identifier="vufsw-multiple_linear_regression-1207-en-qti_363958307_section_1_item_1_schoice_4_2397422175">
<p>
 Both statements I and II are true.
</p>
</simpleChoice>
</choiceInteraction>
</itemBody>
<responseProcessing>
<setOutcomeValue identifier="SCORE_RESPONSE_1">
<sum>
<variable identifier="SCORE_RESPONSE_1"/>
<mapResponse identifier="vufsw-multiple_linear_regression-1207-en-qti_363958307_section_1_item_1_schoice_RESPONSE_1_3659489"/>
</sum>
</setOutcomeValue>
<responseCondition>
<responseIf>
<lt>
<variable identifier="SCORE_RESPONSE_1"/>
<variable identifier="MINSCORE_RESPONSE_1"/>
</lt>
<setOutcomeValue identifier="SCORE_RESPONSE_1">
<variable identifier="MINSCORE_RESPONSE_1"/>
</setOutcomeValue>
</responseIf>
</responseCondition>
<responseCondition>
<responseIf>
<isNull>
<variable identifier="vufsw-multiple_linear_regression-1207-en-qti_363958307_section_1_item_1_schoice_RESPONSE_1_3659489"/>
</isNull>
<setOutcomeValue identifier="SCORE_RESPONSE_1">
<sum>
<variable identifier="SCORE_RESPONSE_1"/>
<baseValue baseType="float">0</baseValue>
</sum>
</setOutcomeValue>
</responseIf>
</responseCondition>
<setOutcomeValue identifier="SCORE">
<sum>
<variable identifier="SCORE_RESPONSE_1"/>
</sum>
</setOutcomeValue>
<responseCondition>
<responseIf>
<lt>
<variable identifier="SCORE"/>
<variable identifier="MINSCORE"/>
</lt>
<setOutcomeValue identifier="SCORE">
<variable identifier="MINSCORE"/>
</setOutcomeValue>
</responseIf>
</responseCondition>
<responseCondition>
<responseIf>
<lt>
<variable identifier="SCORE"/>
<baseValue baseType="float">1</baseValue>
</lt>
<setOutcomeValue identifier="FEEDBACKMODAL">
<multiple>
<variable identifier="FEEDBACKMODAL"/>
<baseValue baseType="identifier">Feedback851832121</baseValue>
</multiple>
</setOutcomeValue>
</responseIf>
</responseCondition>
</responseProcessing>
<modalFeedback identifier="Feedback851832121" outcomeIdentifier="FEEDBACKMODAL" showHide="show">
<ul>
<li> Both statements I and II are false. <br /> False </li>
<li> Statement I is false and statement II is true. <br /> False </li>
<li> Statement I is true and statement II is false. <br /> False </li>
<li> Both statements I and II are true. <br /> True </li>
</ul>
</modalFeedback>
</assessmentItem>
