<?xml version="1.0" encoding="UTF-8"?>
<assessmentItem xsi:schemaLocation="http://www.imsglobal.org/xsd/imsqti_v2p1 http://www.imsglobal.org/xsd/qti/qtiv2p1/imsqti_v2p1p1.xsd http://www.w3.org/1998/Math/MathML http://www.w3.org/Math/XMLSchema/mathml2/mathml2.xsd" identifier="vufsw-moderation-0028-nl-ans_749272837_section_1_item_1_schoice" title="Inferential_Statistics_vufsw-moderation-0028-nl_vufsw-moderation-0028-nl_schoice_1" adaptive="false" timeDependent="false" xmlns="http://www.imsglobal.org/xsd/imsqti_v2p1" xmlns:xsi="http://www.w3.org/2001/XMLSchema-instance">
<responseDeclaration identifier="vufsw-moderation-0028-nl-ans_749272837_section_1_item_1_schoice_RESPONSE_1_4334841" cardinality="single" baseType="identifier">
<correctResponse>
<value>vufsw-moderation-0028-nl-ans_749272837_section_1_item_1_schoice_4_9043569018</value>
</correctResponse>
<mapping defaultValue="0" lowerBound="0.0">
<mapEntry mapKey="vufsw-moderation-0028-nl-ans_749272837_section_1_item_1_schoice_1_9773475141" mappedValue="0"/>
<mapEntry mapKey="vufsw-moderation-0028-nl-ans_749272837_section_1_item_1_schoice_2_2000204755" mappedValue="0"/>
<mapEntry mapKey="vufsw-moderation-0028-nl-ans_749272837_section_1_item_1_schoice_3_6761755974" mappedValue="0"/>
<mapEntry mapKey="vufsw-moderation-0028-nl-ans_749272837_section_1_item_1_schoice_4_9043569018" mappedValue="1"/>
</mapping>
</responseDeclaration>
<outcomeDeclaration identifier="SCORE" cardinality="single" baseType="float" normalMaximum="1" normalMinimum="0">
<defaultValue>
<value>0.0</value>
</defaultValue>
</outcomeDeclaration>
<outcomeDeclaration identifier="MAXSCORE" cardinality="single" baseType="float">
<defaultValue>
<value>1</value>
</defaultValue>
</outcomeDeclaration>
<outcomeDeclaration identifier="FEEDBACKBASIC" cardinality="single" baseType="identifier" view="testConstructor">
<defaultValue>
<value>empty</value>
</defaultValue>
</outcomeDeclaration>
<outcomeDeclaration identifier="FEEDBACKMODAL" cardinality="multiple" baseType="identifier" view="testConstructor"/>
<outcomeDeclaration identifier="SOLUTIONMODAL" cardinality="single" baseType="identifier" view="testConstructor"/>
<outcomeDeclaration identifier="MINSCORE" cardinality="single" baseType="float">
<defaultValue>
<value baseType="float">0</value>
</defaultValue>
</outcomeDeclaration>
<outcomeDeclaration identifier="SCORE_RESPONSE_1" cardinality="single" baseType="float">
<defaultValue>
<value>0.0</value>
</defaultValue>
</outcomeDeclaration>
<outcomeDeclaration identifier="MINSCORE_RESPONSE_1" cardinality="single" baseType="float">
<defaultValue>
<value>0.0</value>
</defaultValue>
</outcomeDeclaration>
<itemBody>
<p>Hieronder zijn de uitkomsten van twee afzonderlijke regressies
weergegeven (voor vrouwen en mannen apart). “<strong>Gender</strong>” is een dummy
variabele die iemands sekse meet (0 = man; 1 = vrouw). De afhankelijke
variabele “<strong>CGPA</strong>” staat voor iemands <em>College Grade Point Average</em> en
meet iemands studieprestaties op een schaal van 2,5 (minimale score) t/m
4,0 (maximale score). “<strong>WatchTV</strong>” is een variabele die aangeeft
hoeveel minuten per dag iemand doorgaans besteedt aan tv kijken.<br />
We voeren een tweezijdige toetsing uit met α = 0,05 (alpha =5%). Wat
kunnen we op basis van deze uitkomsten concluderen? </p>
<p><img src="media/supplements1/Untitled.png" /></p>
<choiceInteraction responseIdentifier="vufsw-moderation-0028-nl-ans_749272837_section_1_item_1_schoice_RESPONSE_1_4334841" shuffle="false" maxChoices="1">
<simpleChoice identifier="vufsw-moderation-0028-nl-ans_749272837_section_1_item_1_schoice_1_9773475141">
<p>
 Bij zowel mannen als vrouwen heeft tv kijken een significante positieve invloed op iemands studieprestaties.
</p>
</simpleChoice>
<simpleChoice identifier="vufsw-moderation-0028-nl-ans_749272837_section_1_item_1_schoice_2_2000204755">
<p>
 Bij mannen heeft tv kijken een significante <em>negatieve </em>invloed op iemands studieprestaties, bij vrouwen heeft tv kijken een significante <em>positieve</em> invloed op iemands studieprestaties.
</p>
</simpleChoice>
<simpleChoice identifier="vufsw-moderation-0028-nl-ans_749272837_section_1_item_1_schoice_3_6761755974">
<p>
 Bij zowel mannen als vrouwen heeft tv kijken <em>geen</em> significante invloed op iemands studieprestaties.
</p>
</simpleChoice>
<simpleChoice identifier="vufsw-moderation-0028-nl-ans_749272837_section_1_item_1_schoice_4_9043569018">
<p>
 Bij mannen heeft tv kijken een significante negatieve invloed op iemands studieprestaties, bij vrouwen heeft tv kijken <em>geen</em> significante invloed op iemands studieprestaties.
</p>
</simpleChoice>
</choiceInteraction>
</itemBody>
<responseProcessing>
<setOutcomeValue identifier="SCORE_RESPONSE_1">
<sum>
<variable identifier="SCORE_RESPONSE_1"/>
<mapResponse identifier="vufsw-moderation-0028-nl-ans_749272837_section_1_item_1_schoice_RESPONSE_1_4334841"/>
</sum>
</setOutcomeValue>
<responseCondition>
<responseIf>
<lt>
<variable identifier="SCORE_RESPONSE_1"/>
<variable identifier="MINSCORE_RESPONSE_1"/>
</lt>
<setOutcomeValue identifier="SCORE_RESPONSE_1">
<variable identifier="MINSCORE_RESPONSE_1"/>
</setOutcomeValue>
</responseIf>
</responseCondition>
<responseCondition>
<responseIf>
<isNull>
<variable identifier="vufsw-moderation-0028-nl-ans_749272837_section_1_item_1_schoice_RESPONSE_1_4334841"/>
</isNull>
<setOutcomeValue identifier="SCORE_RESPONSE_1">
<sum>
<variable identifier="SCORE_RESPONSE_1"/>
<baseValue baseType="float">0</baseValue>
</sum>
</setOutcomeValue>
</responseIf>
</responseCondition>
<setOutcomeValue identifier="SCORE">
<sum>
<variable identifier="SCORE_RESPONSE_1"/>
</sum>
</setOutcomeValue>
<responseCondition>
<responseIf>
<lt>
<variable identifier="SCORE"/>
<variable identifier="MINSCORE"/>
</lt>
<setOutcomeValue identifier="SCORE">
<variable identifier="MINSCORE"/>
</setOutcomeValue>
</responseIf>
</responseCondition>
<responseCondition>
<responseIf>
<lt>
<variable identifier="SCORE"/>
<baseValue baseType="float">1</baseValue>
</lt>
<setOutcomeValue identifier="FEEDBACKMODAL">
<multiple>
<variable identifier="FEEDBACKMODAL"/>
<baseValue baseType="identifier">Feedback357133325</baseValue>
</multiple>
</setOutcomeValue>
</responseIf>
</responseCondition>
</responseProcessing>
<modalFeedback outcomeIdentifier="FEEDBACK" showHide="show" identifier="incorrect">
<p>Language<br />
Nederlands</p>
<p>Levels of Difficulty<br />
Easy</p>
<p>M&amp;T Basics of quantitative research<br />
Basics of quantitative research</p>
<p>M&amp;T BIS<br />
Default value</p>
<br />
<ul>
<li> Bij zowel mannen als vrouwen heeft tv kijken een significante positieve invloed op iemands studieprestaties. <br /> False </li>
<li> Bij mannen heeft tv kijken een significante <em>negatieve </em>invloed op iemands studieprestaties, bij vrouwen heeft tv kijken een significante <em>positieve</em> invloed op iemands studieprestaties. <br /> False </li>
<li> Bij zowel mannen als vrouwen heeft tv kijken <em>geen</em> significante invloed op iemands studieprestaties. <br /> False </li>
<li> Bij mannen heeft tv kijken een significante negatieve invloed op iemands studieprestaties, bij vrouwen heeft tv kijken <em>geen</em> significante invloed op iemands studieprestaties. <br /> True </li>
</ul>
</modalFeedback>
</assessmentItem>
