<?xml version="1.0" encoding="UTF-8"?>
<assessmentItem xsi:schemaLocation="http://www.imsglobal.org/xsd/imsqti_v2p1 http://www.imsglobal.org/xsd/qti/qtiv2p1/imsqti_v2p1p1.xsd http://www.w3.org/1998/Math/MathML http://www.w3.org/Math/XMLSchema/mathml2/mathml2.xsd" identifier="vufgb-ancova-014-en-ans_549058969_section_1_item_1_schoice" title="Inferential_Statistics_vufgb-ancova-014-en_vufgb-ancova-014-en_schoice_1" adaptive="false" timeDependent="false" xmlns="http://www.imsglobal.org/xsd/imsqti_v2p1" xmlns:xsi="http://www.w3.org/2001/XMLSchema-instance">
<responseDeclaration identifier="vufgb-ancova-014-en-ans_549058969_section_1_item_1_schoice_RESPONSE_1_3877786" cardinality="single" baseType="identifier">
<correctResponse>
<value>vufgb-ancova-014-en-ans_549058969_section_1_item_1_schoice_1_5547680569</value>
</correctResponse>
<mapping defaultValue="0" lowerBound="0.0">
<mapEntry mapKey="vufgb-ancova-014-en-ans_549058969_section_1_item_1_schoice_1_5547680569" mappedValue="1"/>
<mapEntry mapKey="vufgb-ancova-014-en-ans_549058969_section_1_item_1_schoice_2_9885735247" mappedValue="0"/>
<mapEntry mapKey="vufgb-ancova-014-en-ans_549058969_section_1_item_1_schoice_3_3922231224" mappedValue="0"/>
<mapEntry mapKey="vufgb-ancova-014-en-ans_549058969_section_1_item_1_schoice_4_5190489776" mappedValue="0"/>
</mapping>
</responseDeclaration>
<outcomeDeclaration identifier="SCORE" cardinality="single" baseType="float" normalMaximum="1" normalMinimum="0">
<defaultValue>
<value>0.0</value>
</defaultValue>
</outcomeDeclaration>
<outcomeDeclaration identifier="MAXSCORE" cardinality="single" baseType="float">
<defaultValue>
<value>1</value>
</defaultValue>
</outcomeDeclaration>
<outcomeDeclaration identifier="FEEDBACKBASIC" cardinality="single" baseType="identifier" view="testConstructor">
<defaultValue>
<value>empty</value>
</defaultValue>
</outcomeDeclaration>
<outcomeDeclaration identifier="FEEDBACKMODAL" cardinality="multiple" baseType="identifier" view="testConstructor"/>
<outcomeDeclaration identifier="SOLUTIONMODAL" cardinality="single" baseType="identifier" view="testConstructor"/>
<outcomeDeclaration identifier="MINSCORE" cardinality="single" baseType="float">
<defaultValue>
<value baseType="float">0</value>
</defaultValue>
</outcomeDeclaration>
<outcomeDeclaration identifier="SCORE_RESPONSE_1" cardinality="single" baseType="float">
<defaultValue>
<value>0.0</value>
</defaultValue>
</outcomeDeclaration>
<outcomeDeclaration identifier="MINSCORE_RESPONSE_1" cardinality="single" baseType="float">
<defaultValue>
<value>0.0</value>
</defaultValue>
</outcomeDeclaration>
<itemBody>
<p>Complete.</p>
<p>In ANCOVA, when an interaction between the covariate and factor is tested, then the interaction term is part of the … model and if it is statistically significant, then the assumption of homogeneity of regression lines is … violated.</p>
<choiceInteraction responseIdentifier="vufgb-ancova-014-en-ans_549058969_section_1_item_1_schoice_RESPONSE_1_3877786" shuffle="false" maxChoices="1">
<simpleChoice identifier="vufgb-ancova-014-en-ans_549058969_section_1_item_1_schoice_1_5547680569">
<p>
 Complete, well
</p>
</simpleChoice>
<simpleChoice identifier="vufgb-ancova-014-en-ans_549058969_section_1_item_1_schoice_2_9885735247">
<p>
 Complete, not
</p>
</simpleChoice>
<simpleChoice identifier="vufgb-ancova-014-en-ans_549058969_section_1_item_1_schoice_3_3922231224">
<p>
 Reduced, yes
</p>
</simpleChoice>
<simpleChoice identifier="vufgb-ancova-014-en-ans_549058969_section_1_item_1_schoice_4_5190489776">
<p>
 Reduced, not
</p>
</simpleChoice>
</choiceInteraction>
</itemBody>
<responseProcessing>
<setOutcomeValue identifier="SCORE_RESPONSE_1">
<sum>
<variable identifier="SCORE_RESPONSE_1"/>
<mapResponse identifier="vufgb-ancova-014-en-ans_549058969_section_1_item_1_schoice_RESPONSE_1_3877786"/>
</sum>
</setOutcomeValue>
<responseCondition>
<responseIf>
<lt>
<variable identifier="SCORE_RESPONSE_1"/>
<variable identifier="MINSCORE_RESPONSE_1"/>
</lt>
<setOutcomeValue identifier="SCORE_RESPONSE_1">
<variable identifier="MINSCORE_RESPONSE_1"/>
</setOutcomeValue>
</responseIf>
</responseCondition>
<responseCondition>
<responseIf>
<isNull>
<variable identifier="vufgb-ancova-014-en-ans_549058969_section_1_item_1_schoice_RESPONSE_1_3877786"/>
</isNull>
<setOutcomeValue identifier="SCORE_RESPONSE_1">
<sum>
<variable identifier="SCORE_RESPONSE_1"/>
<baseValue baseType="float">0</baseValue>
</sum>
</setOutcomeValue>
</responseIf>
</responseCondition>
<setOutcomeValue identifier="SCORE">
<sum>
<variable identifier="SCORE_RESPONSE_1"/>
</sum>
</setOutcomeValue>
<responseCondition>
<responseIf>
<lt>
<variable identifier="SCORE"/>
<variable identifier="MINSCORE"/>
</lt>
<setOutcomeValue identifier="SCORE">
<variable identifier="MINSCORE"/>
</setOutcomeValue>
</responseIf>
</responseCondition>
<responseCondition>
<responseIf>
<lt>
<variable identifier="SCORE"/>
<baseValue baseType="float">1</baseValue>
</lt>
<setOutcomeValue identifier="FEEDBACKMODAL">
<multiple>
<variable identifier="FEEDBACKMODAL"/>
<baseValue baseType="identifier">Feedback520876918</baseValue>
</multiple>
</setOutcomeValue>
</responseIf>
</responseCondition>
</responseProcessing>
<modalFeedback outcomeIdentifier="FEEDBACK" showHide="show" identifier="incorrect">
<ul>
<li> Complete, well <br /> Correct </li>
<li> Complete, not <br /> Incorrect </li>
<li> Reduced, yes <br /> Incorrect </li>
<li> Reduced, not <br /> Incorrect </li>
</ul>
</modalFeedback>
</assessmentItem>
