<?xml version="1.0" encoding="UTF-8"?>
<assessmentItem xsi:schemaLocation="http://www.imsglobal.org/xsd/imsqti_v2p1 http://www.imsglobal.org/xsd/qti/qtiv2p1/imsqti_v2p1p1.xsd http://www.w3.org/1998/Math/MathML http://www.w3.org/Math/XMLSchema/mathml2/mathml2.xsd" identifier="uva-events-734-nl-ans_740435957_section_1_item_1_schoice" title="Probability_uva-events-734-nl_uva-events-734-nl_schoice_1" adaptive="false" timeDependent="false" xmlns="http://www.imsglobal.org/xsd/imsqti_v2p1" xmlns:xsi="http://www.w3.org/2001/XMLSchema-instance">
<responseDeclaration identifier="uva-events-734-nl-ans_740435957_section_1_item_1_schoice_RESPONSE_1_4505589" cardinality="single" baseType="identifier">
<correctResponse>
<value>uva-events-734-nl-ans_740435957_section_1_item_1_schoice_2_8310671304</value>
</correctResponse>
<mapping defaultValue="0" lowerBound="0.0">
<mapEntry mapKey="uva-events-734-nl-ans_740435957_section_1_item_1_schoice_1_5796695933" mappedValue="0"/>
<mapEntry mapKey="uva-events-734-nl-ans_740435957_section_1_item_1_schoice_2_8310671304" mappedValue="1"/>
<mapEntry mapKey="uva-events-734-nl-ans_740435957_section_1_item_1_schoice_3_6422606411" mappedValue="0"/>
<mapEntry mapKey="uva-events-734-nl-ans_740435957_section_1_item_1_schoice_4_9273000322" mappedValue="0"/>
</mapping>
</responseDeclaration>
<outcomeDeclaration identifier="SCORE" cardinality="single" baseType="float" normalMaximum="1" normalMinimum="0">
<defaultValue>
<value>0.0</value>
</defaultValue>
</outcomeDeclaration>
<outcomeDeclaration identifier="MAXSCORE" cardinality="single" baseType="float">
<defaultValue>
<value>1</value>
</defaultValue>
</outcomeDeclaration>
<outcomeDeclaration identifier="FEEDBACKBASIC" cardinality="single" baseType="identifier" view="testConstructor">
<defaultValue>
<value>empty</value>
</defaultValue>
</outcomeDeclaration>
<outcomeDeclaration identifier="FEEDBACKMODAL" cardinality="multiple" baseType="identifier" view="testConstructor"/>
<outcomeDeclaration identifier="SOLUTIONMODAL" cardinality="single" baseType="identifier" view="testConstructor"/>
<outcomeDeclaration identifier="MINSCORE" cardinality="single" baseType="float">
<defaultValue>
<value baseType="float">0</value>
</defaultValue>
</outcomeDeclaration>
<outcomeDeclaration identifier="SCORE_RESPONSE_1" cardinality="single" baseType="float">
<defaultValue>
<value>0.0</value>
</defaultValue>
</outcomeDeclaration>
<outcomeDeclaration identifier="MINSCORE_RESPONSE_1" cardinality="single" baseType="float">
<defaultValue>
<value>0.0</value>
</defaultValue>
</outcomeDeclaration>
<itemBody>
<p>Wanneer noemt men twee gebeurtenissen <em>disjunct</em>?</p>
<choiceInteraction responseIdentifier="uva-events-734-nl-ans_740435957_section_1_item_1_schoice_RESPONSE_1_4505589" shuffle="false" maxChoices="1">
<simpleChoice identifier="uva-events-734-nl-ans_740435957_section_1_item_1_schoice_1_5796695933">
<p>
 Indien de beide gebeurtenissen gezamenlijke uitkomsten hebben.
</p>
</simpleChoice>
<simpleChoice identifier="uva-events-734-nl-ans_740435957_section_1_item_1_schoice_2_8310671304">
<p>
 Indien de beide gebeurtenissen geen gezamenlijke uitkomsten hebben.
</p>
</simpleChoice>
<simpleChoice identifier="uva-events-734-nl-ans_740435957_section_1_item_1_schoice_3_6422606411">
<p>
 Indien de beide gebeurtenissen onafhankelijk van elkaar zijn.
</p>
</simpleChoice>
<simpleChoice identifier="uva-events-734-nl-ans_740435957_section_1_item_1_schoice_4_9273000322">
<p>
 Geen van bovenstaande antwoorden is correct.
</p>
</simpleChoice>
</choiceInteraction>
</itemBody>
<responseProcessing>
<setOutcomeValue identifier="SCORE_RESPONSE_1">
<sum>
<variable identifier="SCORE_RESPONSE_1"/>
<mapResponse identifier="uva-events-734-nl-ans_740435957_section_1_item_1_schoice_RESPONSE_1_4505589"/>
</sum>
</setOutcomeValue>
<responseCondition>
<responseIf>
<lt>
<variable identifier="SCORE_RESPONSE_1"/>
<variable identifier="MINSCORE_RESPONSE_1"/>
</lt>
<setOutcomeValue identifier="SCORE_RESPONSE_1">
<variable identifier="MINSCORE_RESPONSE_1"/>
</setOutcomeValue>
</responseIf>
</responseCondition>
<responseCondition>
<responseIf>
<isNull>
<variable identifier="uva-events-734-nl-ans_740435957_section_1_item_1_schoice_RESPONSE_1_4505589"/>
</isNull>
<setOutcomeValue identifier="SCORE_RESPONSE_1">
<sum>
<variable identifier="SCORE_RESPONSE_1"/>
<baseValue baseType="float">0</baseValue>
</sum>
</setOutcomeValue>
</responseIf>
</responseCondition>
<setOutcomeValue identifier="SCORE">
<sum>
<variable identifier="SCORE_RESPONSE_1"/>
</sum>
</setOutcomeValue>
<responseCondition>
<responseIf>
<lt>
<variable identifier="SCORE"/>
<variable identifier="MINSCORE"/>
</lt>
<setOutcomeValue identifier="SCORE">
<variable identifier="MINSCORE"/>
</setOutcomeValue>
</responseIf>
</responseCondition>
<responseCondition>
<responseIf>
<lt>
<variable identifier="SCORE"/>
<baseValue baseType="float">1</baseValue>
</lt>
<setOutcomeValue identifier="FEEDBACKMODAL">
<multiple>
<variable identifier="FEEDBACKMODAL"/>
<baseValue baseType="identifier">Feedback604181771</baseValue>
</multiple>
</setOutcomeValue>
</responseIf>
</responseCondition>
</responseProcessing>
<modalFeedback outcomeIdentifier="FEEDBACK" showHide="show" identifier="incorrect">
<ul>
<li> Indien de beide gebeurtenissen gezamenlijke uitkomsten hebben. <br /> Indien de beide gebeurtenissen gezamenlijke uitkomsten hebben.: Incorrect </li>
<li> Indien de beide gebeurtenissen geen gezamenlijke uitkomsten hebben. <br /> Indien de beide gebeurtenissen geen gezamenlijke uitkomsten hebben.: Correct </li>
<li> Indien de beide gebeurtenissen onafhankelijk van elkaar zijn. <br /> Indien de beide gebeurtenissen onafhankelijk van elkaar zijn.: Incorrect </li>
<li> Geen van bovenstaande antwoorden is correct. <br /> Geen van bovenstaande antwoorden is correct.: Incorrect </li>
</ul>
</modalFeedback>
</assessmentItem>
