<?xml version="1.0" encoding="UTF-8"?>
<assessmentItem xsi:schemaLocation="http://www.imsglobal.org/xsd/imsqti_v2p1 http://www.imsglobal.org/xsd/qti/qtiv2p1/imsqti_v2p1p1.xsd http://www.w3.org/1998/Math/MathML http://www.w3.org/Math/XMLSchema/mathml2/mathml2.xsd" identifier="vufgb-chisquared-010-nl_197393442_section_1_item_1_schoice" title="1" adaptive="false" timeDependent="false" xmlns="http://www.imsglobal.org/xsd/imsqti_v2p1" xmlns:xsi="http://www.w3.org/2001/XMLSchema-instance">
<responseDeclaration identifier="vufgb-chisquared-010-nl_197393442_section_1_item_1_schoice_RESPONSE_1_2893072" cardinality="single" baseType="identifier">
<correctResponse>
<value>vufgb-chisquared-010-nl_197393442_section_1_item_1_schoice_1_9274673730</value>
</correctResponse>
<mapping defaultValue="0" lowerBound="0.0">
<mapEntry mapKey="vufgb-chisquared-010-nl_197393442_section_1_item_1_schoice_1_9274673730" mappedValue="1"/>
<mapEntry mapKey="vufgb-chisquared-010-nl_197393442_section_1_item_1_schoice_2_3471065633" mappedValue="0"/>
<mapEntry mapKey="vufgb-chisquared-010-nl_197393442_section_1_item_1_schoice_3_3863698142" mappedValue="0"/>
<mapEntry mapKey="vufgb-chisquared-010-nl_197393442_section_1_item_1_schoice_4_8725159045" mappedValue="0"/>
</mapping>
</responseDeclaration>
<outcomeDeclaration identifier="SCORE" cardinality="single" baseType="float" normalMaximum="1" normalMinimum="0">
<defaultValue>
<value>0.0</value>
</defaultValue>
</outcomeDeclaration>
<outcomeDeclaration identifier="MAXSCORE" cardinality="single" baseType="float">
<defaultValue>
<value>1</value>
</defaultValue>
</outcomeDeclaration>
<outcomeDeclaration identifier="FEEDBACKBASIC" cardinality="single" baseType="identifier" view="testConstructor">
<defaultValue>
<value>empty</value>
</defaultValue>
</outcomeDeclaration>
<outcomeDeclaration identifier="FEEDBACKMODAL" cardinality="multiple" baseType="identifier" view="testConstructor"/>
<outcomeDeclaration identifier="MINSCORE" cardinality="single" baseType="float">
<defaultValue>
<value baseType="float">0</value>
</defaultValue>
</outcomeDeclaration>
<outcomeDeclaration identifier="SCORE_RESPONSE_1" cardinality="single" baseType="float">
<defaultValue>
<value>0.0</value>
</defaultValue>
</outcomeDeclaration>
<outcomeDeclaration identifier="MINSCORE_RESPONSE_1" cardinality="single" baseType="float">
<defaultValue>
<value>0.0</value>
</defaultValue>
</outcomeDeclaration>
<itemBody>
<p>Beoordeel de volgende twee stellingen:</p>
<p>I. Hoe kleiner de Chi-kwadraat toetsingsgrootheid, hoe kleiner de bijbehorende p-waarde.</p>
<ol start="2" style="list-style-type: upper-roman">
<li>Hoe groter de steekproefomvang, hoe groter het aantal vrijheidsgraden de Chi-kwadraat verdeling heeft.</li>
</ol>
<choiceInteraction responseIdentifier="vufgb-chisquared-010-nl_197393442_section_1_item_1_schoice_RESPONSE_1_2893072" shuffle="false" maxChoices="1">
<simpleChoice identifier="vufgb-chisquared-010-nl_197393442_section_1_item_1_schoice_1_9274673730">
<p>
a. I: onjuist, II: onjuist
</p>
</simpleChoice>
<simpleChoice identifier="vufgb-chisquared-010-nl_197393442_section_1_item_1_schoice_2_3471065633">
<p>
b. I: juist, II: onjuist
</p>
</simpleChoice>
<simpleChoice identifier="vufgb-chisquared-010-nl_197393442_section_1_item_1_schoice_3_3863698142">
<p>
c. I: onjuist, II: juist
</p>
</simpleChoice>
<simpleChoice identifier="vufgb-chisquared-010-nl_197393442_section_1_item_1_schoice_4_8725159045">
<p>
d. I: juist, II: juist
</p>
</simpleChoice>
</choiceInteraction>
</itemBody>
<responseProcessing>
<responseCondition>
<responseIf>
<isNull>
<variable identifier="vufgb-chisquared-010-nl_197393442_section_1_item_1_schoice_RESPONSE_1_2893072"/>
</isNull>
<setOutcomeValue identifier="SCORE_RESPONSE_1">
<sum>
<variable identifier="SCORE_RESPONSE_1"/>
<baseValue baseType="float">0</baseValue>
</sum>
</setOutcomeValue>
</responseIf>
</responseCondition>
<setOutcomeValue identifier="SCORE_RESPONSE_1">
<sum>
<variable identifier="SCORE_RESPONSE_1"/>
<mapResponse identifier="vufgb-chisquared-010-nl_197393442_section_1_item_1_schoice_RESPONSE_1_2893072"/>
</sum>
</setOutcomeValue>
<responseCondition>
<responseIf>
<lt>
<variable identifier="SCORE_RESPONSE_1"/>
<variable identifier="MINSCORE_RESPONSE_1"/>
</lt>
<setOutcomeValue identifier="SCORE_RESPONSE_1">
<variable identifier="MINSCORE_RESPONSE_1"/>
</setOutcomeValue>
</responseIf>
</responseCondition>
<setOutcomeValue identifier="SCORE">
<sum>
<variable identifier="SCORE_RESPONSE_1"/>
</sum>
</setOutcomeValue>
<responseCondition>
<responseIf>
<lt>
<variable identifier="SCORE"/>
<variable identifier="MINSCORE"/>
</lt>
<setOutcomeValue identifier="SCORE">
<variable identifier="MINSCORE"/>
</setOutcomeValue>
</responseIf>
</responseCondition>
<responseCondition>
<responseIf>
<lt>
<variable identifier="SCORE"/>
<baseValue baseType="float">1</baseValue>
</lt>
<setOutcomeValue identifier="FEEDBACKMODAL">
<multiple>
<variable identifier="FEEDBACKMODAL"/>
<baseValue baseType="identifier">Feedback407915090</baseValue>
</multiple>
</setOutcomeValue>
</responseIf>
</responseCondition>
</responseProcessing>
<modalFeedback identifier="Feedback407915090" outcomeIdentifier="FEEDBACKMODAL" showHide="show">
<ol type = "a">
<li> I: onjuist, II: onjuist <br /> Correct </li>
<li> I: juist, II: onjuist <br /> Incorrect </li>
<li> I: onjuist, II: juist <br /> Incorrect </li>
<li> I: juist, II: juist <br /> Incorrect </li>
</ol>
</modalFeedback>
</assessmentItem>
