<?xml version="1.0" encoding="UTF-8"?>
<!DOCTYPE questestinterop SYSTEM "ims_qtiasiv1p2p1.dtd">

<questestinterop xmlns="http://www.imsglobal.org/xsd/ims_qtiasiv1p2" xmlns:xsi="http://www.w3.org/2001/XMLSchema-instance" xsi:schemaLocation="http://www.imsglobal.org/xsd/ims_qtiasiv1p2 http://www.imsglobal.org/xsd/ims_qtiasiv1p2p1.xsd">
<assessment ident="uva-conditional-probability-500-nl-canvas_307619863" title="uva-conditional-probability-500-nl-canvas">

<qtimetadata>
<qtimetadatafield>
<fieldlabel>cc_maxattempts</fieldlabel>
<fieldentry>1</fieldentry>
</qtimetadatafield>
<qtimetadatafield>
<fieldlabel>qmd_assessmenttype</fieldlabel>
<fieldentry>Assessment</fieldentry>
</qtimetadatafield>
</qtimetadata>
<objectives>
<material>
<mattext><![CDATA[Please solve the following exercises.]]></mattext>
</material>
</objectives>
<assessmentcontrol feedbackswitch="No" hintswitch="No" solutionswitch="Yes"/>
<outcomes_processing scoremodel="SumOfScores">
<outcomes>
<decvar varname="SCORE" vartype="Decimal" cutvalue="0"/>
</outcomes>
</outcomes_processing>
<assessfeedback title="AssessmentFeedback" ident="AssessmentFeedback">
<flow_mat>
<material>
<mattext>##AssessmentFeedback##</mattext>
</material>
</flow_mat>
</assessfeedback>

<section ident="uva-conditional-probability-500-nl-canvas_307619863_section_1" title="Exercise">

<objectives>
<material>
<mattext><![CDATA[Please answer the following question.]]></mattext>
</material>
</objectives>
<selection_ordering>
<selection>
<selection_number>1</selection_number>
<selection_extension>
<points_per_item>1</points_per_item>
</selection_extension>
</selection>
<order order_type="Random"/>
</selection_ordering>

<item ident="uva-conditional-probability-500-nl-canvas_307619863_section_1_item_1_schoice" title="Question" maxattempts="1">
<itemcontrol feedbackswitch="No" hintswitch="No" solutionswitch="Yes"/>
<itemmetadata>
<qtimetadata>
<qtimetadatafield>
<fieldlabel>question_type</fieldlabel>
<fieldentry>multiple_choice_question</fieldentry>
</qtimetadatafield>
</qtimetadata>
</itemmetadata>
<presentation>
<flow>
<material>
<matbreak/>
<mattext texttype="text/html" charset="utf-8"><![CDATA[
<p>Hieronder is in een kruistabel van 80 werknemers het geslacht en het
aantal werkuren per week (afgerond op gehele uren) gegeven.</p>
<table>
<tbody>
<tr class="odd">
<td align="left"> </td>
<td align="left">&lt; 18 uur</td>
<td align="left">18 - 32 uur</td>
<td align="left">33 - 36 uur</td>
<td align="left">&gt; 36 uur</td>
</tr>
<tr class="even">
<td align="left">man</td>
<td align="left">1</td>
<td align="left">7</td>
<td align="left">14</td>
<td align="left">8</td>
</tr>
<tr class="odd">
<td align="left">vrouw</td>
<td align="left">6</td>
<td align="left">18</td>
<td align="left">21</td>
<td align="left">5</td>
</tr>
</tbody>
</table>
<p>De kans dat een aselect uit deze werknemers getrokken persoon vrouwelijk
is en/of minder dan 18 uur werkt, is</p>
]]></mattext>
<matbreak/>
</material>
<response_lid ident="uva-conditional-probability-500-nl-canvas_307619863_section_1_item_1_schoice_RESPONSE_9016688" rcardinality="Single" rtiming="No">
<render_choice shuffle="No">
<flow_label class="List">
<response_label ident="uva-conditional-probability-500-nl-canvas_307619863_section_1_item_1_schoice_2110722215" rshuffle="No">
<material>
<mattext texttype="text/html" charset="utf-8"><![CDATA[
 7.5%
]]></mattext>
</material>
</response_label>
</flow_label>
<flow_label class="List">
<response_label ident="uva-conditional-probability-500-nl-canvas_307619863_section_1_item_1_schoice_7176892671" rshuffle="No">
<material>
<mattext texttype="text/html" charset="utf-8"><![CDATA[
 51%
]]></mattext>
</material>
</response_label>
</flow_label>
<flow_label class="List">
<response_label ident="uva-conditional-probability-500-nl-canvas_307619863_section_1_item_1_schoice_9699456944" rshuffle="No">
<material>
<mattext texttype="text/html" charset="utf-8"><![CDATA[
 63.75%
]]></mattext>
</material>
</response_label>
</flow_label>
<flow_label class="List">
<response_label ident="uva-conditional-probability-500-nl-canvas_307619863_section_1_item_1_schoice_5754560168" rshuffle="No">
<material>
<mattext texttype="text/html" charset="utf-8"><![CDATA[
 71.25%
]]></mattext>
</material>
</response_label>
</flow_label>
</render_choice>
</response_lid>
</flow>
</presentation>
<resprocessing>
<outcomes>
<decvar varname="SCORE" vartype="Decimal" defaultval="0" minvalue="0" maxvalue="1" cutvalue="1"/>
</outcomes>
<respcondition title="Mastery" continue="No">
<conditionvar>
<and>
<varequal respident="uva-conditional-probability-500-nl-canvas_307619863_section_1_item_1_schoice_RESPONSE_9016688" case="Yes">uva-conditional-probability-500-nl-canvas_307619863_section_1_item_1_schoice_9699456944</varequal>
<not> <varequal respident="uva-conditional-probability-500-nl-canvas_307619863_section_1_item_1_schoice_RESPONSE_9016688" case="Yes">uva-conditional-probability-500-nl-canvas_307619863_section_1_item_1_schoice_2110722215</varequal> </not>
<not> <varequal respident="uva-conditional-probability-500-nl-canvas_307619863_section_1_item_1_schoice_RESPONSE_9016688" case="Yes">uva-conditional-probability-500-nl-canvas_307619863_section_1_item_1_schoice_7176892671</varequal> </not>
<not> <varequal respident="uva-conditional-probability-500-nl-canvas_307619863_section_1_item_1_schoice_RESPONSE_9016688" case="Yes">uva-conditional-probability-500-nl-canvas_307619863_section_1_item_1_schoice_5754560168</varequal> </not>
</and>
</conditionvar>
<setvar varname="SCORE" action="Set">1</setvar>
<displayfeedback feedbacktype="Response" linkrefid="correct_fb"/>
</respcondition>
<respcondition continue="Yes">
<conditionvar>
<other/>
</conditionvar>
<displayfeedback feedbacktype="Response" linkrefid="general_incorrect_fb"/>
</respcondition>
</resprocessing>
<itemfeedback ident="correct_fb" view="All">
<flow_mat>
<material>
<mattext texttype="text/html"><![CDATA[
<ul>
<li> 7.5% <br /> 7.5%: Incorrect </li>
<li> 51% <br /> 51%: Incorrect </li>
<li> 63.75% <br /> 63.75%: Correct </li>
<li> 71.25% <br /> 71.25%: Incorrect </li>
</ul>
]]></mattext>
</material>
</flow_mat>
</itemfeedback>
<itemfeedback ident="general_incorrect_fb" view="All">
<flow_mat>
<material>
<mattext texttype="text/html"><![CDATA[
<ul>
<li> 7.5% <br /> 7.5%: Incorrect </li>
<li> 51% <br /> 51%: Incorrect </li>
<li> 63.75% <br /> 63.75%: Correct </li>
<li> 71.25% <br /> 71.25%: Incorrect </li>
</ul>
]]></mattext>
</material>
</flow_mat>
</itemfeedback>
</item>


</section>

</assessment>
</questestinterop>
