<?xml version="1.0" encoding="UTF-8"?>
<assessmentItem xsi:schemaLocation="http://www.imsglobal.org/xsd/imsqti_v2p1 http://www.imsglobal.org/xsd/qti/qtiv2p1/imsqti_v2p1p1.xsd http://www.w3.org/1998/Math/MathML http://www.w3.org/Math/XMLSchema/mathml2/mathml2.xsd" identifier="uva-variance-404-nl-ans_729855831_section_1_item_1_schoice" title="Descriptive-statistics_uva-variance-404-nl_uva-variance-404-nl_schoice_1" adaptive="false" timeDependent="false" xmlns="http://www.imsglobal.org/xsd/imsqti_v2p1" xmlns:xsi="http://www.w3.org/2001/XMLSchema-instance">
<responseDeclaration identifier="uva-variance-404-nl-ans_729855831_section_1_item_1_schoice_RESPONSE_1_1719274" cardinality="single" baseType="identifier">
<correctResponse>
<value>uva-variance-404-nl-ans_729855831_section_1_item_1_schoice_3_3097556545</value>
</correctResponse>
<mapping defaultValue="0" lowerBound="0.0">
<mapEntry mapKey="uva-variance-404-nl-ans_729855831_section_1_item_1_schoice_1_4943251331" mappedValue="0"/>
<mapEntry mapKey="uva-variance-404-nl-ans_729855831_section_1_item_1_schoice_2_2919739858" mappedValue="0"/>
<mapEntry mapKey="uva-variance-404-nl-ans_729855831_section_1_item_1_schoice_3_3097556545" mappedValue="1"/>
<mapEntry mapKey="uva-variance-404-nl-ans_729855831_section_1_item_1_schoice_4_5614170960" mappedValue="0"/>
</mapping>
</responseDeclaration>
<outcomeDeclaration identifier="SCORE" cardinality="single" baseType="float" normalMaximum="1" normalMinimum="0">
<defaultValue>
<value>0.0</value>
</defaultValue>
</outcomeDeclaration>
<outcomeDeclaration identifier="MAXSCORE" cardinality="single" baseType="float">
<defaultValue>
<value>1</value>
</defaultValue>
</outcomeDeclaration>
<outcomeDeclaration identifier="FEEDBACKBASIC" cardinality="single" baseType="identifier" view="testConstructor">
<defaultValue>
<value>empty</value>
</defaultValue>
</outcomeDeclaration>
<outcomeDeclaration identifier="FEEDBACKMODAL" cardinality="multiple" baseType="identifier" view="testConstructor"/>
<outcomeDeclaration identifier="SOLUTIONMODAL" cardinality="single" baseType="identifier" view="testConstructor"/>
<outcomeDeclaration identifier="MINSCORE" cardinality="single" baseType="float">
<defaultValue>
<value baseType="float">0</value>
</defaultValue>
</outcomeDeclaration>
<outcomeDeclaration identifier="SCORE_RESPONSE_1" cardinality="single" baseType="float">
<defaultValue>
<value>0.0</value>
</defaultValue>
</outcomeDeclaration>
<outcomeDeclaration identifier="MINSCORE_RESPONSE_1" cardinality="single" baseType="float">
<defaultValue>
<value>0.0</value>
</defaultValue>
</outcomeDeclaration>
<itemBody>
<p>X en Y zijn onafhankelijke stochastische variabelen met verwachting
resp. 12 en 21 en variantie resp. 4 en 9. Dan is de variantie van Y - X
gelijk aan</p>
<choiceInteraction responseIdentifier="uva-variance-404-nl-ans_729855831_section_1_item_1_schoice_RESPONSE_1_1719274" shuffle="false" maxChoices="1">
<simpleChoice identifier="uva-variance-404-nl-ans_729855831_section_1_item_1_schoice_1_4943251331">
<p>
 5
</p>
</simpleChoice>
<simpleChoice identifier="uva-variance-404-nl-ans_729855831_section_1_item_1_schoice_2_2919739858">
<p>
 9
</p>
</simpleChoice>
<simpleChoice identifier="uva-variance-404-nl-ans_729855831_section_1_item_1_schoice_3_3097556545">
<p>
 13
</p>
</simpleChoice>
<simpleChoice identifier="uva-variance-404-nl-ans_729855831_section_1_item_1_schoice_4_5614170960">
<p>
 25
</p>
</simpleChoice>
</choiceInteraction>
</itemBody>
<responseProcessing>
<setOutcomeValue identifier="SCORE_RESPONSE_1">
<sum>
<variable identifier="SCORE_RESPONSE_1"/>
<mapResponse identifier="uva-variance-404-nl-ans_729855831_section_1_item_1_schoice_RESPONSE_1_1719274"/>
</sum>
</setOutcomeValue>
<responseCondition>
<responseIf>
<lt>
<variable identifier="SCORE_RESPONSE_1"/>
<variable identifier="MINSCORE_RESPONSE_1"/>
</lt>
<setOutcomeValue identifier="SCORE_RESPONSE_1">
<variable identifier="MINSCORE_RESPONSE_1"/>
</setOutcomeValue>
</responseIf>
</responseCondition>
<responseCondition>
<responseIf>
<isNull>
<variable identifier="uva-variance-404-nl-ans_729855831_section_1_item_1_schoice_RESPONSE_1_1719274"/>
</isNull>
<setOutcomeValue identifier="SCORE_RESPONSE_1">
<sum>
<variable identifier="SCORE_RESPONSE_1"/>
<baseValue baseType="float">0</baseValue>
</sum>
</setOutcomeValue>
</responseIf>
</responseCondition>
<setOutcomeValue identifier="SCORE">
<sum>
<variable identifier="SCORE_RESPONSE_1"/>
</sum>
</setOutcomeValue>
<responseCondition>
<responseIf>
<lt>
<variable identifier="SCORE"/>
<variable identifier="MINSCORE"/>
</lt>
<setOutcomeValue identifier="SCORE">
<variable identifier="MINSCORE"/>
</setOutcomeValue>
</responseIf>
</responseCondition>
<responseCondition>
<responseIf>
<lt>
<variable identifier="SCORE"/>
<baseValue baseType="float">1</baseValue>
</lt>
<setOutcomeValue identifier="FEEDBACKMODAL">
<multiple>
<variable identifier="FEEDBACKMODAL"/>
<baseValue baseType="identifier">Feedback956854855</baseValue>
</multiple>
</setOutcomeValue>
</responseIf>
</responseCondition>
</responseProcessing>
<modalFeedback outcomeIdentifier="FEEDBACK" showHide="show" identifier="incorrect">
<ul>
<li> 5 <br /> 5: Incorrect </li>
<li> 9 <br /> 9: Incorrect </li>
<li> 13 <br /> 13: Correct </li>
<li> 25 <br /> 25: Incorrect </li>
</ul>
</modalFeedback>
</assessmentItem>
