<?xml version="1.0" encoding="utf-8" standalone="yes"?>
<assessmentItem identifier="vufsw-elementary_probability-1269-en-tv_202209061512_item_1_schoice" title="vufsw-elementary_probability-1269-en-tv_202209061512_item_1_schoice_vufsw-elementary probability-1269-en" adaptive="false" timeDependent="false" toolName="Testvision Online" toolVersion="39.0.9084" xmlns="http://www.imsglobal.org/xsd/imsqti_v2p1">
<responseDeclaration identifier="RESPONSE" cardinality="single" baseType="identifier">
<correctResponse>
<value>alt_579861</value>
</correctResponse>
<mapping defaultValue="0" lowerBound="0.0">
<mapEntry mapKey="alt_305709" mappedValue="-0.333333333333333"/>
<mapEntry mapKey="alt_579861" mappedValue="1"/>
<mapEntry mapKey="alt_623322" mappedValue="-0.333333333333333"/>
<mapEntry mapKey="alt_517321" mappedValue="-0.333333333333333"/>
</mapping>
</responseDeclaration>
<outcomeDeclaration identifier="SCORE" cardinality="single" baseType="float" normalMaximum="1" normalMinimum="0" />
<outcomeDeclaration identifier="FEEDBACK" cardinality="single" baseType="identifier" />
<itemBody>
<p>The magazine ‘Cosmopolitan’ suggests that women who skip breakfast have
a greater chance of being pregnant with a girl, while women who do have
breakfast are more likely to be pregnant with a boy. To test this, we
took a sample of pregnant women who were already familiar with the sex
of their child. We asked them about the sex of their baby and whether or
not they had breakfast every day. Given that a woman does have
breakfast, what is the likelihood of a boy?</p>
<choiceInteraction responseIdentifier="RESPONSE" shuffle="false" maxChoices="1">
<simpleChoice identifier="alt_305709">
<div class="textblock tvblock tvcss_1"><div class="rte_zone tveditor1">
a. The number that gets a boy and <strong>not</strong> had breakfast / the number that gets a boy and had breakfast.
</div>
</div>
</simpleChoice>
<simpleChoice identifier="alt_579861">
<div class="textblock tvblock tvcss_1"><div class="rte_zone tveditor1">
b. The number that gets a boy and had breakfast / the number that had breakfast.
</div>
</div>
</simpleChoice>
<simpleChoice identifier="alt_623322">
<div class="textblock tvblock tvcss_1"><div class="rte_zone tveditor1">
c. The number that gets a boy and had breakfast / the number that <strong>not</strong> had breakfast.
</div>
</div>
</simpleChoice>
<simpleChoice identifier="alt_517321">
<div class="textblock tvblock tvcss_1"><div class="rte_zone tveditor1">
d. The number that gets a boy and had breakfast / the number that gets a boy receives and <strong>not</strong> had breakfast.
</div>
</div>
</simpleChoice>
</choiceInteraction>
</itemBody>
<responseProcessing>
<responseCondition>
<responseIf>
<isNull>
<variable identifier="RESPONSE"/>
</isNull>
<setOutcomeValue identifier="SCORE">
<baseValue baseType="float">0.0</baseValue>
</setOutcomeValue>
<setOutcomeValue identifier="FEEDBACK">
<baseValue baseType="identifier">FAILURE</baseValue>
</setOutcomeValue>
</responseIf>
<responseElse>
<setOutcomeValue identifier="SCORE">
<mapResponse identifier="RESPONSE"/>
</setOutcomeValue>
<responseCondition>
<responseIf>
<equal toleranceMode="relative" tolerance="0.001">
<variable identifier="SCORE"/>
<variable identifier="MAXSCORE"/>
</equal>
<setOutcomeValue identifier="FEEDBACK">
<baseValue baseType="identifier">ANSWER_CORRECT</baseValue>
</setOutcomeValue>
</responseIf>
<responseElse>
<setOutcomeValue identifier="FEEDBACK">
<baseValue baseType="identifier">FAILURE</baseValue>
</setOutcomeValue>
</responseElse>
</responseCondition>
</responseElse>
</responseCondition>
</responseProcessing>
<modalFeedback identifier="FAILURE" outcomeIdentifier="FEEDBACK" showHide="show">
<div class="textblock tvblock tvcss_1"><div class="rte_zone tveditor1">
<p>The likelihood of getting a boy for a woman that did have breakfast is:
The number that gets a boy and had breakfast / the number that had
breakfast.</p>
<br />
<ol>
<li> The number that gets a boy and <strong>not</strong> had breakfast / the number that gets a boy and had breakfast. <br /> False </li>
<li> The number that gets a boy and had breakfast / the number that had breakfast. <br /> True </li>
<li> The number that gets a boy and had breakfast / the number that <strong>not</strong> had breakfast. <br /> False </li>
<li> The number that gets a boy and had breakfast / the number that gets a boy receives and <strong>not</strong> had breakfast. <br /> False </li>
</ol>
</div>
</div>
</modalFeedback>
<modalFeedback identifier="ANSWER_CORRECT" outcomeIdentifier="FEEDBACK" showHide="show">
<div class="textblock tvblock tvcss_1"><div class="rte_zone tveditor1">
<p>The likelihood of getting a boy for a woman that did have breakfast is:
The number that gets a boy and had breakfast / the number that had
breakfast.</p>
<br />
<ol>
<li> The number that gets a boy and <strong>not</strong> had breakfast / the number that gets a boy and had breakfast. <br /> False </li>
<li> The number that gets a boy and had breakfast / the number that had breakfast. <br /> True </li>
<li> The number that gets a boy and had breakfast / the number that <strong>not</strong> had breakfast. <br /> False </li>
<li> The number that gets a boy and had breakfast / the number that gets a boy receives and <strong>not</strong> had breakfast. <br /> False </li>
</ol>
</div>
</div>
</modalFeedback>
<modalFeedback identifier="PARTIAL_CORRECT" outcomeIdentifier="FEEDBACK" showHide="show">
<div class="textblock tvblock tvcss_1"><div class="rte_zone tveditor1">
<p>The likelihood of getting a boy for a woman that did have breakfast is:
The number that gets a boy and had breakfast / the number that had
breakfast.</p>
<br />
<ol>
<li> The number that gets a boy and <strong>not</strong> had breakfast / the number that gets a boy and had breakfast. <br /> False </li>
<li> The number that gets a boy and had breakfast / the number that had breakfast. <br /> True </li>
<li> The number that gets a boy and had breakfast / the number that <strong>not</strong> had breakfast. <br /> False </li>
<li> The number that gets a boy and had breakfast / the number that gets a boy receives and <strong>not</strong> had breakfast. <br /> False </li>
</ol>
</div>
</div>
</modalFeedback>
</assessmentItem>
