<?xml version="1.0" encoding="utf-8" standalone="yes"?>
<assessmentItem identifier="uu-ANOVA-820-nl-tv_202601131822_item_1_schoice" title="uu-ANOVA-820-nl-tv_202601131822_item_1_schoice_uu-ANOVA-820-nl.Rmd" adaptive="false" timeDependent="false" toolName="Testvision Online" toolVersion="39.0.9084" xmlns="http://www.imsglobal.org/xsd/imsqti_v2p1">
<responseDeclaration identifier="RESPONSE" cardinality="single" baseType="identifier">
<correctResponse>
<value>alt_203615</value>
</correctResponse>
<mapping defaultValue="0" lowerBound="0.0">
<mapEntry mapKey="alt_783557" mappedValue="-0.333333333333333"/>
<mapEntry mapKey="alt_203615" mappedValue="1"/>
<mapEntry mapKey="alt_527563" mappedValue="-0.333333333333333"/>
<mapEntry mapKey="alt_436568" mappedValue="-0.333333333333333"/>
</mapping>
</responseDeclaration>
<outcomeDeclaration identifier="SCORE" cardinality="single" baseType="float" normalMaximum="1" normalMinimum="0" />
<outcomeDeclaration identifier="FEEDBACK" cardinality="single" baseType="identifier" />
<stylesheet href="css/uu-ANOVA-820-nl-tv_202601131822_item_1_schoice.css" type="text/css" />
<itemBody>
<p>Een hoofdeffect in een factorial design</p>
<choiceInteraction responseIdentifier="RESPONSE" shuffle="false" maxChoices="1">
<simpleChoice identifier="alt_783557">
<div class="textblock tvblock tvcss_1"><div class="rte_zone tveditor1">
 verwijst naar iedere F-ratio die significant is in de ANOVA
</div>
</div>
</simpleChoice>
<simpleChoice identifier="alt_203615">
<div class="textblock tvblock tvcss_1"><div class="rte_zone tveditor1">
 komt voor als verschillen worden gevonden voor de verschillende niveaus van een onafhankelijke variabele
</div>
</div>
</simpleChoice>
<simpleChoice identifier="alt_527563">
<div class="textblock tvblock tvcss_1"><div class="rte_zone tveditor1">
 komt voor als het effect van één onafhankelijke variabele afhangt van het niveau van een andere onafhankelijke variabele
</div>
</div>
</simpleChoice>
<simpleChoice identifier="alt_436568">
<div class="textblock tvblock tvcss_1"><div class="rte_zone tveditor1">
 wordt bepaald door het rij-gemiddelde in plaats van het kolom-gemiddelde te berekenen
</div>
</div>
</simpleChoice>
</choiceInteraction>
</itemBody>
<responseProcessing>
<responseCondition>
<responseIf>
<isNull>
<variable identifier="RESPONSE"/>
</isNull>
<setOutcomeValue identifier="SCORE">
<baseValue baseType="float">0.0</baseValue>
</setOutcomeValue>
<setOutcomeValue identifier="FEEDBACK">
<baseValue baseType="identifier">FAILURE</baseValue>
</setOutcomeValue>
</responseIf>
<responseElse>
<setOutcomeValue identifier="SCORE">
<mapResponse identifier="RESPONSE"/>
</setOutcomeValue>
<responseCondition>
<responseIf>
<equal toleranceMode="relative" tolerance="0.001">
<variable identifier="SCORE"/>
<variable identifier="MAXSCORE"/>
</equal>
<setOutcomeValue identifier="FEEDBACK">
<baseValue baseType="identifier">ANSWER_CORRECT</baseValue>
</setOutcomeValue>
</responseIf>
<responseElse>
<setOutcomeValue identifier="FEEDBACK">
<baseValue baseType="identifier">FAILURE</baseValue>
</setOutcomeValue>
</responseElse>
</responseCondition>
</responseElse>
</responseCondition>
</responseProcessing>
<modalFeedback identifier="FAILURE" outcomeIdentifier="FEEDBACK" showHide="show">
<div class="textblock tvblock tvcss_1"><div class="rte_zone tveditor1">
<p>Een hoofdeffect in een factorial design komt voor als verschillen worden gevonden voor de verschillende niveaus van een onafhankelijke variabele</p>
</div>
</div>
</modalFeedback>
<modalFeedback identifier="ANSWER_CORRECT" outcomeIdentifier="FEEDBACK" showHide="show">
<div class="textblock tvblock tvcss_1"><div class="rte_zone tveditor1">
<p>Een hoofdeffect in een factorial design komt voor als verschillen worden gevonden voor de verschillende niveaus van een onafhankelijke variabele</p>
</div>
</div>
</modalFeedback>
<modalFeedback identifier="PARTIAL_CORRECT" outcomeIdentifier="FEEDBACK" showHide="show">
<div class="textblock tvblock tvcss_1"><div class="rte_zone tveditor1">
<p>Een hoofdeffect in een factorial design komt voor als verschillen worden gevonden voor de verschillende niveaus van een onafhankelijke variabele</p>
</div>
</div>
</modalFeedback>
</assessmentItem>
