<?xml version="1.0" encoding="UTF-8"?>
<!DOCTYPE questestinterop SYSTEM "ims_qtiasiv1p2p1.dtd">

<questestinterop xmlns="http://www.imsglobal.org/xsd/ims_qtiasiv1p2" xmlns:xsi="http://www.w3.org/2001/XMLSchema-instance" xsi:schemaLocation="http://www.imsglobal.org/xsd/ims_qtiasiv1p2 http://www.imsglobal.org/xsd/ims_qtiasiv1p2p1.xsd">
<assessment ident="vufsw-mixed_design_anova-1059-en-canvas_169109457" title="vufsw-mixed_design_anova-1059-en-canvas">

<qtimetadata>
<qtimetadatafield>
<fieldlabel>cc_maxattempts</fieldlabel>
<fieldentry>1</fieldentry>
</qtimetadatafield>
<qtimetadatafield>
<fieldlabel>qmd_assessmenttype</fieldlabel>
<fieldentry>Assessment</fieldentry>
</qtimetadatafield>
</qtimetadata>
<objectives>
<material>
<mattext><![CDATA[Please solve the following exercises.]]></mattext>
</material>
</objectives>
<assessmentcontrol feedbackswitch="No" hintswitch="No" solutionswitch="Yes"/>
<outcomes_processing scoremodel="SumOfScores">
<outcomes>
<decvar varname="SCORE" vartype="Decimal" cutvalue="0"/>
</outcomes>
</outcomes_processing>
<assessfeedback title="AssessmentFeedback" ident="AssessmentFeedback">
<flow_mat>
<material>
<mattext>##AssessmentFeedback##</mattext>
</material>
</flow_mat>
</assessfeedback>

<section ident="vufsw-mixed_design_anova-1059-en-canvas_169109457_section_1" title="Exercise">

<objectives>
<material>
<mattext><![CDATA[Please answer the following question.]]></mattext>
</material>
</objectives>
<selection_ordering>
<selection>
<selection_number>1</selection_number>
<selection_extension>
<points_per_item>1</points_per_item>
</selection_extension>
</selection>
<order order_type="Random"/>
</selection_ordering>

<item ident="vufsw-mixed_design_anova-1059-en-canvas_169109457_section_1_item_1_schoice" title="Question" maxattempts="1">
<itemcontrol feedbackswitch="No" hintswitch="No" solutionswitch="Yes"/>
<itemmetadata>
<qtimetadata>
<qtimetadatafield>
<fieldlabel>question_type</fieldlabel>
<fieldentry>multiple_choice_question</fieldentry>
</qtimetadatafield>
</qtimetadata>
</itemmetadata>
<presentation>
<flow>
<material>
<matbreak/>
<mattext texttype="text/html" charset="utf-8"><![CDATA[
<p>In a mixed design ANOVA, how many dependent variables are there?</p>
]]></mattext>
<matbreak/>
</material>
<response_lid ident="vufsw-mixed_design_anova-1059-en-canvas_169109457_section_1_item_1_schoice_RESPONSE_1432432" rcardinality="Single" rtiming="No">
<render_choice shuffle="No">
<flow_label class="List">
<response_label ident="vufsw-mixed_design_anova-1059-en-canvas_169109457_section_1_item_1_schoice_3922567542" rshuffle="No">
<material>
<mattext texttype="text/html" charset="utf-8"><![CDATA[
 2
]]></mattext>
</material>
</response_label>
</flow_label>
<flow_label class="List">
<response_label ident="vufsw-mixed_design_anova-1059-en-canvas_169109457_section_1_item_1_schoice_8641630281" rshuffle="No">
<material>
<mattext texttype="text/html" charset="utf-8"><![CDATA[
 3
]]></mattext>
</material>
</response_label>
</flow_label>
<flow_label class="List">
<response_label ident="vufsw-mixed_design_anova-1059-en-canvas_169109457_section_1_item_1_schoice_4655318551" rshuffle="No">
<material>
<mattext texttype="text/html" charset="utf-8"><![CDATA[
 1
]]></mattext>
</material>
</response_label>
</flow_label>
<flow_label class="List">
<response_label ident="vufsw-mixed_design_anova-1059-en-canvas_169109457_section_1_item_1_schoice_7552442952" rshuffle="No">
<material>
<mattext texttype="text/html" charset="utf-8"><![CDATA[
 As many as the researcher decides.
]]></mattext>
</material>
</response_label>
</flow_label>
</render_choice>
</response_lid>
</flow>
</presentation>
<resprocessing>
<outcomes>
<decvar varname="SCORE" vartype="Decimal" defaultval="0" minvalue="0" maxvalue="1" cutvalue="1"/>
</outcomes>
<respcondition title="Mastery" continue="No">
<conditionvar>
<and>
<varequal respident="vufsw-mixed_design_anova-1059-en-canvas_169109457_section_1_item_1_schoice_RESPONSE_1432432" case="Yes">vufsw-mixed_design_anova-1059-en-canvas_169109457_section_1_item_1_schoice_4655318551</varequal>
<not> <varequal respident="vufsw-mixed_design_anova-1059-en-canvas_169109457_section_1_item_1_schoice_RESPONSE_1432432" case="Yes">vufsw-mixed_design_anova-1059-en-canvas_169109457_section_1_item_1_schoice_3922567542</varequal> </not>
<not> <varequal respident="vufsw-mixed_design_anova-1059-en-canvas_169109457_section_1_item_1_schoice_RESPONSE_1432432" case="Yes">vufsw-mixed_design_anova-1059-en-canvas_169109457_section_1_item_1_schoice_8641630281</varequal> </not>
<not> <varequal respident="vufsw-mixed_design_anova-1059-en-canvas_169109457_section_1_item_1_schoice_RESPONSE_1432432" case="Yes">vufsw-mixed_design_anova-1059-en-canvas_169109457_section_1_item_1_schoice_7552442952</varequal> </not>
</and>
</conditionvar>
<setvar varname="SCORE" action="Set">1</setvar>
<displayfeedback feedbacktype="Response" linkrefid="correct_fb"/>
</respcondition>
<respcondition continue="Yes">
<conditionvar>
<other/>
</conditionvar>
<displayfeedback feedbacktype="Response" linkrefid="general_incorrect_fb"/>
</respcondition>
</resprocessing>
<itemfeedback ident="correct_fb" view="All">
<flow_mat>
<material>
<mattext texttype="text/html"><![CDATA[
<p>There is always only one dependent variable in a mixed design ANOVA. O</p>
<p>Language<br />
English &amp; Nederlands</p>
<p>M&amp;T Mixed design ANOVA<br />
Default value</p>
<p>M&amp;T MVA<br />
Standaardwaarde</p>
<br />
<ul>
<li> 2 <br /> False </li>
<li> 3 <br /> False </li>
<li> 1 <br /> True </li>
<li> As many as the researcher decides. <br /> False </li>
</ul>
]]></mattext>
</material>
</flow_mat>
</itemfeedback>
<itemfeedback ident="general_incorrect_fb" view="All">
<flow_mat>
<material>
<mattext texttype="text/html"><![CDATA[
<p>There is always only one dependent variable in a mixed design ANOVA. O</p>
<p>Language<br />
English &amp; Nederlands</p>
<p>M&amp;T Mixed design ANOVA<br />
Default value</p>
<p>M&amp;T MVA<br />
Standaardwaarde</p>
<br />
<ul>
<li> 2 <br /> False </li>
<li> 3 <br /> False </li>
<li> 1 <br /> True </li>
<li> As many as the researcher decides. <br /> False </li>
</ul>
]]></mattext>
</material>
</flow_mat>
</itemfeedback>
</item>


</section>

</assessment>
</questestinterop>
