<?xml version="1.0" encoding="UTF-8"?>
<assessmentItem xsi:schemaLocation="http://www.imsglobal.org/xsd/imsqti_v2p1 http://www.imsglobal.org/xsd/qti/qtiv2p1/imsqti_v2p1p1.xsd http://www.w3.org/1998/Math/MathML http://www.w3.org/Math/XMLSchema/mathml2/mathml2.xsd" identifier="uva-independent-events-725-en-ans_160422154_section_1_item_1_schoice" title="Probability_uva-independent-events-725-en_uva-independent-events-725-en_schoice_1" adaptive="false" timeDependent="false" xmlns="http://www.imsglobal.org/xsd/imsqti_v2p1" xmlns:xsi="http://www.w3.org/2001/XMLSchema-instance">
<responseDeclaration identifier="uva-independent-events-725-en-ans_160422154_section_1_item_1_schoice_RESPONSE_1_2143048" cardinality="single" baseType="identifier">
<correctResponse>
<value>uva-independent-events-725-en-ans_160422154_section_1_item_1_schoice_2_2276172454</value>
</correctResponse>
<mapping defaultValue="0" lowerBound="0.0">
<mapEntry mapKey="uva-independent-events-725-en-ans_160422154_section_1_item_1_schoice_1_6118814931" mappedValue="0"/>
<mapEntry mapKey="uva-independent-events-725-en-ans_160422154_section_1_item_1_schoice_2_2276172454" mappedValue="1"/>
<mapEntry mapKey="uva-independent-events-725-en-ans_160422154_section_1_item_1_schoice_3_4834596059" mappedValue="0"/>
</mapping>
</responseDeclaration>
<outcomeDeclaration identifier="SCORE" cardinality="single" baseType="float" normalMaximum="1" normalMinimum="0">
<defaultValue>
<value>0.0</value>
</defaultValue>
</outcomeDeclaration>
<outcomeDeclaration identifier="MAXSCORE" cardinality="single" baseType="float">
<defaultValue>
<value>1</value>
</defaultValue>
</outcomeDeclaration>
<outcomeDeclaration identifier="FEEDBACKBASIC" cardinality="single" baseType="identifier" view="testConstructor">
<defaultValue>
<value>empty</value>
</defaultValue>
</outcomeDeclaration>
<outcomeDeclaration identifier="FEEDBACKMODAL" cardinality="multiple" baseType="identifier" view="testConstructor"/>
<outcomeDeclaration identifier="SOLUTIONMODAL" cardinality="single" baseType="identifier" view="testConstructor"/>
<outcomeDeclaration identifier="MINSCORE" cardinality="single" baseType="float">
<defaultValue>
<value baseType="float">0</value>
</defaultValue>
</outcomeDeclaration>
<outcomeDeclaration identifier="SCORE_RESPONSE_1" cardinality="single" baseType="float">
<defaultValue>
<value>0.0</value>
</defaultValue>
</outcomeDeclaration>
<outcomeDeclaration identifier="MINSCORE_RESPONSE_1" cardinality="single" baseType="float">
<defaultValue>
<value>0.0</value>
</defaultValue>
</outcomeDeclaration>
<itemBody>
<p>A and B are two events in a chance experiment. The probability of A and the probability of B are positive. If it is given that A and B are mutually are mutually exclusive, then</p>
<choiceInteraction responseIdentifier="uva-independent-events-725-en-ans_160422154_section_1_item_1_schoice_RESPONSE_1_2143048" shuffle="false" maxChoices="1">
<simpleChoice identifier="uva-independent-events-725-en-ans_160422154_section_1_item_1_schoice_1_6118814931">
<p>
 A and B are necessarily independent.
</p>
</simpleChoice>
<simpleChoice identifier="uva-independent-events-725-en-ans_160422154_section_1_item_1_schoice_2_2276172454">
<p>
 Are A and B necessarily dependent (i.e., not independent).
</p>
</simpleChoice>
<simpleChoice identifier="uva-independent-events-725-en-ans_160422154_section_1_item_1_schoice_3_4834596059">
<p>
 It cannot yet be said whether A and B are independent or not.
</p>
</simpleChoice>
</choiceInteraction>
</itemBody>
<responseProcessing>
<setOutcomeValue identifier="SCORE_RESPONSE_1">
<sum>
<variable identifier="SCORE_RESPONSE_1"/>
<mapResponse identifier="uva-independent-events-725-en-ans_160422154_section_1_item_1_schoice_RESPONSE_1_2143048"/>
</sum>
</setOutcomeValue>
<responseCondition>
<responseIf>
<lt>
<variable identifier="SCORE_RESPONSE_1"/>
<variable identifier="MINSCORE_RESPONSE_1"/>
</lt>
<setOutcomeValue identifier="SCORE_RESPONSE_1">
<variable identifier="MINSCORE_RESPONSE_1"/>
</setOutcomeValue>
</responseIf>
</responseCondition>
<responseCondition>
<responseIf>
<isNull>
<variable identifier="uva-independent-events-725-en-ans_160422154_section_1_item_1_schoice_RESPONSE_1_2143048"/>
</isNull>
<setOutcomeValue identifier="SCORE_RESPONSE_1">
<sum>
<variable identifier="SCORE_RESPONSE_1"/>
<baseValue baseType="float">0</baseValue>
</sum>
</setOutcomeValue>
</responseIf>
</responseCondition>
<setOutcomeValue identifier="SCORE">
<sum>
<variable identifier="SCORE_RESPONSE_1"/>
</sum>
</setOutcomeValue>
<responseCondition>
<responseIf>
<lt>
<variable identifier="SCORE"/>
<variable identifier="MINSCORE"/>
</lt>
<setOutcomeValue identifier="SCORE">
<variable identifier="MINSCORE"/>
</setOutcomeValue>
</responseIf>
</responseCondition>
<responseCondition>
<responseIf>
<lt>
<variable identifier="SCORE"/>
<baseValue baseType="float">1</baseValue>
</lt>
<setOutcomeValue identifier="FEEDBACKMODAL">
<multiple>
<variable identifier="FEEDBACKMODAL"/>
<baseValue baseType="identifier">Feedback766783469</baseValue>
</multiple>
</setOutcomeValue>
</responseIf>
</responseCondition>
</responseProcessing>
<modalFeedback outcomeIdentifier="FEEDBACK" showHide="show" identifier="incorrect">
<ul>
<li> A and B are necessarily independent. <br /> A and B are necessarily independent…: Incorrect </li>
<li> Are A and B necessarily dependent (i.e., not independent). <br /> Are A and B necessarily dependent (that is, not independent)…: Correct </li>
<li> It cannot yet be said whether A and B are independent or not. <br /> It cannot yet be said whether A and B are independent or not…: Incorrect </li>
</ul>
</modalFeedback>
</assessmentItem>
