<?xml version="1.0" encoding="UTF-8"?>
<assessmentItem xsi:schemaLocation="http://www.imsglobal.org/xsd/imsqti_v2p1 http://www.imsglobal.org/xsd/qti/qtiv2p1/imsqti_v2p1p1.xsd http://www.w3.org/1998/Math/MathML http://www.w3.org/Math/XMLSchema/mathml2/mathml2.xsd" identifier="vufsw-explained_variance-2113-en-qti_574603543_section_1_item_1_schoice" title="1" adaptive="false" timeDependent="false" xmlns="http://www.imsglobal.org/xsd/imsqti_v2p1" xmlns:xsi="http://www.w3.org/2001/XMLSchema-instance">
<responseDeclaration identifier="vufsw-explained_variance-2113-en-qti_574603543_section_1_item_1_schoice_RESPONSE_1_1954386" cardinality="single" baseType="identifier">
<correctResponse>
<value>vufsw-explained_variance-2113-en-qti_574603543_section_1_item_1_schoice_1_1795376253</value>
</correctResponse>
<mapping defaultValue="0" lowerBound="0.0">
<mapEntry mapKey="vufsw-explained_variance-2113-en-qti_574603543_section_1_item_1_schoice_1_1795376253" mappedValue="1"/>
<mapEntry mapKey="vufsw-explained_variance-2113-en-qti_574603543_section_1_item_1_schoice_2_9444158110" mappedValue="0"/>
<mapEntry mapKey="vufsw-explained_variance-2113-en-qti_574603543_section_1_item_1_schoice_3_5179018733" mappedValue="0"/>
<mapEntry mapKey="vufsw-explained_variance-2113-en-qti_574603543_section_1_item_1_schoice_4_8704128715" mappedValue="0"/>
</mapping>
</responseDeclaration>
<outcomeDeclaration identifier="SCORE" cardinality="single" baseType="float" normalMaximum="1" normalMinimum="0">
<defaultValue>
<value>0.0</value>
</defaultValue>
</outcomeDeclaration>
<outcomeDeclaration identifier="MAXSCORE" cardinality="single" baseType="float">
<defaultValue>
<value>1</value>
</defaultValue>
</outcomeDeclaration>
<outcomeDeclaration identifier="FEEDBACKBASIC" cardinality="single" baseType="identifier" view="testConstructor">
<defaultValue>
<value>empty</value>
</defaultValue>
</outcomeDeclaration>
<outcomeDeclaration identifier="FEEDBACKMODAL" cardinality="multiple" baseType="identifier" view="testConstructor"/>
<outcomeDeclaration identifier="MINSCORE" cardinality="single" baseType="float">
<defaultValue>
<value baseType="float">0</value>
</defaultValue>
</outcomeDeclaration>
<outcomeDeclaration identifier="SCORE_RESPONSE_1" cardinality="single" baseType="float">
<defaultValue>
<value>0.0</value>
</defaultValue>
</outcomeDeclaration>
<outcomeDeclaration identifier="MINSCORE_RESPONSE_1" cardinality="single" baseType="float">
<defaultValue>
<value>0.0</value>
</defaultValue>
</outcomeDeclaration>
<itemBody>
<p>The following question relates to the accompanying output of a factor
analysis on items that aim to measure students’ fear of SPSS.<br />
What is the percentage of variance explained - before rotation and after
extraction - by the extracted factors?</p>
<p><img src="1658143402810.png" class="fr-fic fr-dii enlargeimage tvcss_2"
alt="1658143402810" /></p>
<choiceInteraction responseIdentifier="vufsw-explained_variance-2113-en-qti_574603543_section_1_item_1_schoice_RESPONSE_1_1954386" shuffle="false" maxChoices="1">
<simpleChoice identifier="vufsw-explained_variance-2113-en-qti_574603543_section_1_item_1_schoice_1_1795376253">
<p>
a. 44,2%
</p>
</simpleChoice>
<simpleChoice identifier="vufsw-explained_variance-2113-en-qti_574603543_section_1_item_1_schoice_2_9444158110">
<p>
b. 52,6%
</p>
</simpleChoice>
<simpleChoice identifier="vufsw-explained_variance-2113-en-qti_574603543_section_1_item_1_schoice_3_5179018733">
<p>
c. 38,4%
</p>
</simpleChoice>
<simpleChoice identifier="vufsw-explained_variance-2113-en-qti_574603543_section_1_item_1_schoice_4_8704128715">
<p>
d. 6,4%
</p>
</simpleChoice>
</choiceInteraction>
</itemBody>
<responseProcessing>
<responseCondition>
<responseIf>
<isNull>
<variable identifier="vufsw-explained_variance-2113-en-qti_574603543_section_1_item_1_schoice_RESPONSE_1_1954386"/>
</isNull>
<setOutcomeValue identifier="SCORE_RESPONSE_1">
<sum>
<variable identifier="SCORE_RESPONSE_1"/>
<baseValue baseType="float">0</baseValue>
</sum>
</setOutcomeValue>
</responseIf>
</responseCondition>
<setOutcomeValue identifier="SCORE_RESPONSE_1">
<sum>
<variable identifier="SCORE_RESPONSE_1"/>
<mapResponse identifier="vufsw-explained_variance-2113-en-qti_574603543_section_1_item_1_schoice_RESPONSE_1_1954386"/>
</sum>
</setOutcomeValue>
<responseCondition>
<responseIf>
<lt>
<variable identifier="SCORE_RESPONSE_1"/>
<variable identifier="MINSCORE_RESPONSE_1"/>
</lt>
<setOutcomeValue identifier="SCORE_RESPONSE_1">
<variable identifier="MINSCORE_RESPONSE_1"/>
</setOutcomeValue>
</responseIf>
</responseCondition>
<setOutcomeValue identifier="SCORE">
<sum>
<variable identifier="SCORE_RESPONSE_1"/>
</sum>
</setOutcomeValue>
<responseCondition>
<responseIf>
<lt>
<variable identifier="SCORE"/>
<variable identifier="MINSCORE"/>
</lt>
<setOutcomeValue identifier="SCORE">
<variable identifier="MINSCORE"/>
</setOutcomeValue>
</responseIf>
</responseCondition>
<responseCondition>
<responseIf>
<lt>
<variable identifier="SCORE"/>
<baseValue baseType="float">1</baseValue>
</lt>
<setOutcomeValue identifier="FEEDBACKMODAL">
<multiple>
<variable identifier="FEEDBACKMODAL"/>
<baseValue baseType="identifier">Feedback264480174</baseValue>
</multiple>
</setOutcomeValue>
</responseIf>
</responseCondition>
</responseProcessing>
<modalFeedback identifier="Feedback264480174" outcomeIdentifier="FEEDBACKMODAL" showHide="show">
<ol type = "a">
<li> 44,2% <br /> True </li>
<li> 52,6% <br /> False </li>
<li> 38,4% <br /> False </li>
<li> 6,4% <br /> False </li>
</ol>
</modalFeedback>
</assessmentItem>
