<?xml version="1.0" encoding="UTF-8"?>
<assessmentItem xsi:schemaLocation="http://www.imsglobal.org/xsd/imsqti_v2p1 http://www.imsglobal.org/xsd/qti/qtiv2p1/imsqti_v2p1p1.xsd http://www.w3.org/1998/Math/MathML http://www.w3.org/Math/XMLSchema/mathml2/mathml2.xsd" identifier="vufsw-moderation-2036-en-ans_713620692_section_1_item_1_schoice" title="Inferential_Statistics_vufsw-moderation-2036-en_vufsw-moderation-2036-en_schoice_1" adaptive="false" timeDependent="false" xmlns="http://www.imsglobal.org/xsd/imsqti_v2p1" xmlns:xsi="http://www.w3.org/2001/XMLSchema-instance">
<responseDeclaration identifier="vufsw-moderation-2036-en-ans_713620692_section_1_item_1_schoice_RESPONSE_1_9664196" cardinality="single" baseType="identifier">
<correctResponse>
<value>vufsw-moderation-2036-en-ans_713620692_section_1_item_1_schoice_3_7606741345</value>
</correctResponse>
<mapping defaultValue="0" lowerBound="0.0">
<mapEntry mapKey="vufsw-moderation-2036-en-ans_713620692_section_1_item_1_schoice_1_1859653196" mappedValue="0"/>
<mapEntry mapKey="vufsw-moderation-2036-en-ans_713620692_section_1_item_1_schoice_2_4538344219" mappedValue="0"/>
<mapEntry mapKey="vufsw-moderation-2036-en-ans_713620692_section_1_item_1_schoice_3_7606741345" mappedValue="1"/>
<mapEntry mapKey="vufsw-moderation-2036-en-ans_713620692_section_1_item_1_schoice_4_7170459045" mappedValue="0"/>
</mapping>
</responseDeclaration>
<outcomeDeclaration identifier="SCORE" cardinality="single" baseType="float" normalMaximum="1" normalMinimum="0">
<defaultValue>
<value>0.0</value>
</defaultValue>
</outcomeDeclaration>
<outcomeDeclaration identifier="MAXSCORE" cardinality="single" baseType="float">
<defaultValue>
<value>1</value>
</defaultValue>
</outcomeDeclaration>
<outcomeDeclaration identifier="FEEDBACKBASIC" cardinality="single" baseType="identifier" view="testConstructor">
<defaultValue>
<value>empty</value>
</defaultValue>
</outcomeDeclaration>
<outcomeDeclaration identifier="FEEDBACKMODAL" cardinality="multiple" baseType="identifier" view="testConstructor"/>
<outcomeDeclaration identifier="SOLUTIONMODAL" cardinality="single" baseType="identifier" view="testConstructor"/>
<outcomeDeclaration identifier="MINSCORE" cardinality="single" baseType="float">
<defaultValue>
<value baseType="float">0</value>
</defaultValue>
</outcomeDeclaration>
<outcomeDeclaration identifier="SCORE_RESPONSE_1" cardinality="single" baseType="float">
<defaultValue>
<value>0.0</value>
</defaultValue>
</outcomeDeclaration>
<outcomeDeclaration identifier="MINSCORE_RESPONSE_1" cardinality="single" baseType="float">
<defaultValue>
<value>0.0</value>
</defaultValue>
</outcomeDeclaration>
<itemBody>
<p>In the output below, a sample of young people aged 14-17 years, the extent to which cultural participation (culpar: continuous scale 1-100: low -&gt; high) depends on age (lft15: in years, 15 years =0) and of mother’s cultural participation (pmcul: continuous scale 0-1: low -&gt; high). An interaction term is also included between age and maternal cultural participation (lft|pmcul: calculated as lft15 pmcul).</p>
<p><img src="media/supplements1/Schermafbeelding__2019-01-30__om__14.57.50.png" />
According to model 2 in the sample, what is the difference in cultural participation between students aged 15 and 16 with a very culturally active mother (pmcul = 1)?</p>
<choiceInteraction responseIdentifier="vufsw-moderation-2036-en-ans_713620692_section_1_item_1_schoice_RESPONSE_1_9664196" shuffle="false" maxChoices="1">
<simpleChoice identifier="vufsw-moderation-2036-en-ans_713620692_section_1_item_1_schoice_1_1859653196">
<p>
 51.158
</p>
</simpleChoice>
<simpleChoice identifier="vufsw-moderation-2036-en-ans_713620692_section_1_item_1_schoice_2_4538344219">
<p>
 55.230
</p>
</simpleChoice>
<simpleChoice identifier="vufsw-moderation-2036-en-ans_713620692_section_1_item_1_schoice_3_7606741345">
<p>
 2.412
</p>
</simpleChoice>
<simpleChoice identifier="vufsw-moderation-2036-en-ans_713620692_section_1_item_1_schoice_4_7170459045">
<p>
 6.048
</p>
</simpleChoice>
</choiceInteraction>
</itemBody>
<responseProcessing>
<setOutcomeValue identifier="SCORE_RESPONSE_1">
<sum>
<variable identifier="SCORE_RESPONSE_1"/>
<mapResponse identifier="vufsw-moderation-2036-en-ans_713620692_section_1_item_1_schoice_RESPONSE_1_9664196"/>
</sum>
</setOutcomeValue>
<responseCondition>
<responseIf>
<lt>
<variable identifier="SCORE_RESPONSE_1"/>
<variable identifier="MINSCORE_RESPONSE_1"/>
</lt>
<setOutcomeValue identifier="SCORE_RESPONSE_1">
<variable identifier="MINSCORE_RESPONSE_1"/>
</setOutcomeValue>
</responseIf>
</responseCondition>
<responseCondition>
<responseIf>
<isNull>
<variable identifier="vufsw-moderation-2036-en-ans_713620692_section_1_item_1_schoice_RESPONSE_1_9664196"/>
</isNull>
<setOutcomeValue identifier="SCORE_RESPONSE_1">
<sum>
<variable identifier="SCORE_RESPONSE_1"/>
<baseValue baseType="float">0</baseValue>
</sum>
</setOutcomeValue>
</responseIf>
</responseCondition>
<setOutcomeValue identifier="SCORE">
<sum>
<variable identifier="SCORE_RESPONSE_1"/>
</sum>
</setOutcomeValue>
<responseCondition>
<responseIf>
<lt>
<variable identifier="SCORE"/>
<variable identifier="MINSCORE"/>
</lt>
<setOutcomeValue identifier="SCORE">
<variable identifier="MINSCORE"/>
</setOutcomeValue>
</responseIf>
</responseCondition>
<responseCondition>
<responseIf>
<lt>
<variable identifier="SCORE"/>
<baseValue baseType="float">1</baseValue>
</lt>
<setOutcomeValue identifier="FEEDBACKMODAL">
<multiple>
<variable identifier="FEEDBACKMODAL"/>
<baseValue baseType="identifier">Feedback339156420</baseValue>
</multiple>
</setOutcomeValue>
</responseIf>
</responseCondition>
</responseProcessing>
<modalFeedback outcomeIdentifier="FEEDBACK" showHide="show" identifier="incorrect">
<ul>
<li> 51.158 <br /> False </li>
<li> 55.230 <br /> False </li>
<li> 2.412 <br /> True </li>
<li> 6.048 <br /> False </li>
</ul>
</modalFeedback>
</assessmentItem>
