<?xml version="1.0" encoding="UTF-8"?>
<!DOCTYPE questestinterop SYSTEM "ims_qtiasiv1p2p1.dtd">

<questestinterop xmlns="http://www.imsglobal.org/xsd/ims_qtiasiv1p2" xmlns:xsi="http://www.w3.org/2001/XMLSchema-instance" xsi:schemaLocation="http://www.imsglobal.org/xsd/ims_qtiasiv1p2 http://www.imsglobal.org/xsd/ims_qtiasiv1p2p1.xsd">
<assessment ident="uva-one-sample-mean-865-nl-canvas_191423974" title="uva-one-sample-mean-865-nl-canvas">

<qtimetadata>
<qtimetadatafield>
<fieldlabel>cc_maxattempts</fieldlabel>
<fieldentry>1</fieldentry>
</qtimetadatafield>
<qtimetadatafield>
<fieldlabel>qmd_assessmenttype</fieldlabel>
<fieldentry>Assessment</fieldentry>
</qtimetadatafield>
</qtimetadata>
<objectives>
<material>
<mattext><![CDATA[Please solve the following exercises.]]></mattext>
</material>
</objectives>
<assessmentcontrol feedbackswitch="No" hintswitch="No" solutionswitch="Yes"/>
<outcomes_processing scoremodel="SumOfScores">
<outcomes>
<decvar varname="SCORE" vartype="Decimal" cutvalue="0"/>
</outcomes>
</outcomes_processing>
<assessfeedback title="AssessmentFeedback" ident="AssessmentFeedback">
<flow_mat>
<material>
<mattext>##AssessmentFeedback##</mattext>
</material>
</flow_mat>
</assessfeedback>

<section ident="uva-one-sample-mean-865-nl-canvas_191423974_section_1" title="Exercise">

<objectives>
<material>
<mattext><![CDATA[Please answer the following question.]]></mattext>
</material>
</objectives>
<selection_ordering>
<selection>
<selection_number>1</selection_number>
<selection_extension>
<points_per_item>1</points_per_item>
</selection_extension>
</selection>
<order order_type="Random"/>
</selection_ordering>

<item ident="uva-one-sample-mean-865-nl-canvas_191423974_section_1_item_1_schoice" title="Question" maxattempts="1">
<itemcontrol feedbackswitch="No" hintswitch="No" solutionswitch="Yes"/>
<itemmetadata>
<qtimetadata>
<qtimetadatafield>
<fieldlabel>question_type</fieldlabel>
<fieldentry>multiple_choice_question</fieldentry>
</qtimetadatafield>
</qtimetadata>
</itemmetadata>
<presentation>
<flow>
<material>
<matbreak/>
<mattext texttype="text/html" charset="utf-8"><![CDATA[
<p>Men wil de hypothese toetsen dat het gemiddelde IQ van Utrechtse
politici 110 is, tegen het alternatief dat het gemiddelde hoger is. In
een aselecte steekproef van 25 politici uit Utrecht wordt berekend dat
het gemiddelde IQ 116 is met een standaardafwijking van 15. Er wordt
aangenomen dat IQ normaal verdeeld is. De nulhypothese kan nu worden
verworpen bij een significantieniveau van</p>
]]></mattext>
<matbreak/>
</material>
<response_lid ident="uva-one-sample-mean-865-nl-canvas_191423974_section_1_item_1_schoice_RESPONSE_4119211" rcardinality="Single" rtiming="No">
<render_choice shuffle="No">
<flow_label class="List">
<response_label ident="uva-one-sample-mean-865-nl-canvas_191423974_section_1_item_1_schoice_4321494769" rshuffle="No">
<material>
<mattext texttype="text/html" charset="utf-8"><![CDATA[
 0.025
]]></mattext>
</material>
</response_label>
</flow_label>
<flow_label class="List">
<response_label ident="uva-one-sample-mean-865-nl-canvas_191423974_section_1_item_1_schoice_3841589861" rshuffle="No">
<material>
<mattext texttype="text/html" charset="utf-8"><![CDATA[
 0.05 maar niet van 0.025
]]></mattext>
</material>
</response_label>
</flow_label>
<flow_label class="List">
<response_label ident="uva-one-sample-mean-865-nl-canvas_191423974_section_1_item_1_schoice_8494799537" rshuffle="No">
<material>
<mattext texttype="text/html" charset="utf-8"><![CDATA[
 0.10 maar niet van 0.05
]]></mattext>
</material>
</response_label>
</flow_label>
</render_choice>
</response_lid>
</flow>
</presentation>
<resprocessing>
<outcomes>
<decvar varname="SCORE" vartype="Decimal" defaultval="0" minvalue="0" maxvalue="1" cutvalue="1"/>
</outcomes>
<respcondition title="Mastery" continue="No">
<conditionvar>
<and>
<varequal respident="uva-one-sample-mean-865-nl-canvas_191423974_section_1_item_1_schoice_RESPONSE_4119211" case="Yes">uva-one-sample-mean-865-nl-canvas_191423974_section_1_item_1_schoice_3841589861</varequal>
<not> <varequal respident="uva-one-sample-mean-865-nl-canvas_191423974_section_1_item_1_schoice_RESPONSE_4119211" case="Yes">uva-one-sample-mean-865-nl-canvas_191423974_section_1_item_1_schoice_4321494769</varequal> </not>
<not> <varequal respident="uva-one-sample-mean-865-nl-canvas_191423974_section_1_item_1_schoice_RESPONSE_4119211" case="Yes">uva-one-sample-mean-865-nl-canvas_191423974_section_1_item_1_schoice_8494799537</varequal> </not>
</and>
</conditionvar>
<setvar varname="SCORE" action="Set">1</setvar>
<displayfeedback feedbacktype="Response" linkrefid="correct_fb"/>
</respcondition>
<respcondition continue="Yes">
<conditionvar>
<other/>
</conditionvar>
<displayfeedback feedbacktype="Response" linkrefid="general_incorrect_fb"/>
</respcondition>
</resprocessing>
<itemfeedback ident="correct_fb" view="All">
<flow_mat>
<material>
<mattext texttype="text/html"><![CDATA[
<ul>
<li> 0.025 <br /> 0.025: Incorrect </li>
<li> 0.05 maar niet van 0.025 <br /> 0.05 maar niet van 0.025: Correct </li>
<li> 0.10 maar niet van 0.05 <br /> 0.10 maar niet van 0.05: Incorrect </li>
</ul>
]]></mattext>
</material>
</flow_mat>
</itemfeedback>
<itemfeedback ident="general_incorrect_fb" view="All">
<flow_mat>
<material>
<mattext texttype="text/html"><![CDATA[
<ul>
<li> 0.025 <br /> 0.025: Incorrect </li>
<li> 0.05 maar niet van 0.025 <br /> 0.05 maar niet van 0.025: Correct </li>
<li> 0.10 maar niet van 0.05 <br /> 0.10 maar niet van 0.05: Incorrect </li>
</ul>
]]></mattext>
</material>
</flow_mat>
</itemfeedback>
</item>


</section>

</assessment>
</questestinterop>
