<?xml version="1.0" encoding="utf-8" standalone="yes"?>
<assessmentItem identifier="uu-reliability-022-en-tv_202510071724_item_1_schoice" title="uu-reliability-022-en-tv_202510071724_item_1_schoice_uu-reliability-022-en" adaptive="false" timeDependent="false" toolName="Testvision Online" toolVersion="39.0.9084" xmlns="http://www.imsglobal.org/xsd/imsqti_v2p1">
<responseDeclaration identifier="RESPONSE" cardinality="single" baseType="identifier">
<correctResponse>
<value>alt_807858</value>
</correctResponse>
<mapping defaultValue="0" lowerBound="0.0">
<mapEntry mapKey="alt_807858" mappedValue="1"/>
<mapEntry mapKey="alt_913756" mappedValue="-0.333333333333333"/>
<mapEntry mapKey="alt_372661" mappedValue="-0.333333333333333"/>
<mapEntry mapKey="alt_413681" mappedValue="-0.333333333333333"/>
</mapping>
</responseDeclaration>
<outcomeDeclaration identifier="SCORE" cardinality="single" baseType="float" normalMaximum="1" normalMinimum="0" />
<outcomeDeclaration identifier="FEEDBACK" cardinality="single" baseType="identifier" />
<stylesheet href="css/uu-reliability-022-en-tv_202510071724_item_1_schoice.css" type="text/css" />
<itemBody>
<p>A supervisor advises a thesis student, who has three indicators to measure aggression in students, to look for more indicators. This, according to Baarda, will especially benefit …</p>
<choiceInteraction responseIdentifier="RESPONSE" shuffle="false" maxChoices="1">
<simpleChoice identifier="alt_807858">
<div class="textblock tvblock tvcss_1"><div class="rte_zone tveditor1">
 The reliability
</div>
</div>
</simpleChoice>
<simpleChoice identifier="alt_913756">
<div class="textblock tvblock tvcss_1"><div class="rte_zone tveditor1">
 The validity
</div>
</div>
</simpleChoice>
<simpleChoice identifier="alt_372661">
<div class="textblock tvblock tvcss_1"><div class="rte_zone tveditor1">
 Both reliability and validity
</div>
</div>
</simpleChoice>
<simpleChoice identifier="alt_413681">
<div class="textblock tvblock tvcss_1"><div class="rte_zone tveditor1">
 Neither reliability nor validity
</div>
</div>
</simpleChoice>
</choiceInteraction>
</itemBody>
<responseProcessing>
<responseCondition>
<responseIf>
<isNull>
<variable identifier="RESPONSE"/>
</isNull>
<setOutcomeValue identifier="SCORE">
<baseValue baseType="float">0.0</baseValue>
</setOutcomeValue>
<setOutcomeValue identifier="FEEDBACK">
<baseValue baseType="identifier">FAILURE</baseValue>
</setOutcomeValue>
</responseIf>
<responseElse>
<setOutcomeValue identifier="SCORE">
<mapResponse identifier="RESPONSE"/>
</setOutcomeValue>
<responseCondition>
<responseIf>
<equal toleranceMode="relative" tolerance="0.001">
<variable identifier="SCORE"/>
<variable identifier="MAXSCORE"/>
</equal>
<setOutcomeValue identifier="FEEDBACK">
<baseValue baseType="identifier">ANSWER_CORRECT</baseValue>
</setOutcomeValue>
</responseIf>
<responseElse>
<setOutcomeValue identifier="FEEDBACK">
<baseValue baseType="identifier">FAILURE</baseValue>
</setOutcomeValue>
</responseElse>
</responseCondition>
</responseElse>
</responseCondition>
</responseProcessing>
<modalFeedback identifier="FAILURE" outcomeIdentifier="FEEDBACK" showHide="show">
<div class="textblock tvblock tvcss_1"><div class="rte_zone tveditor1">
<ul>
<li> The reliability <br /> This answer is correct. </li>
<li> The validity <br /> This answer is incorrect. </li>
<li> Both reliability and validity <br /> This answer is incorrect. </li>
<li> Neither reliability nor validity <br /> This answer is incorrect. </li>
</ul>
</div>
</div>
</modalFeedback>
<modalFeedback identifier="ANSWER_CORRECT" outcomeIdentifier="FEEDBACK" showHide="show">
<div class="textblock tvblock tvcss_1"><div class="rte_zone tveditor1">
<ul>
<li> The reliability <br /> This answer is correct. </li>
<li> The validity <br /> This answer is incorrect. </li>
<li> Both reliability and validity <br /> This answer is incorrect. </li>
<li> Neither reliability nor validity <br /> This answer is incorrect. </li>
</ul>
</div>
</div>
</modalFeedback>
<modalFeedback identifier="PARTIAL_CORRECT" outcomeIdentifier="FEEDBACK" showHide="show">
<div class="textblock tvblock tvcss_1"><div class="rte_zone tveditor1">
<ul>
<li> The reliability <br /> This answer is correct. </li>
<li> The validity <br /> This answer is incorrect. </li>
<li> Both reliability and validity <br /> This answer is incorrect. </li>
<li> Neither reliability nor validity <br /> This answer is incorrect. </li>
</ul>
</div>
</div>
</modalFeedback>
</assessmentItem>
