<?xml version="1.0" encoding="UTF-8"?>
<!DOCTYPE questestinterop SYSTEM "ims_qtiasiv1p2p1.dtd">

<questestinterop xmlns="http://www.imsglobal.org/xsd/ims_qtiasiv1p2" xmlns:xsi="http://www.w3.org/2001/XMLSchema-instance" xsi:schemaLocation="http://www.imsglobal.org/xsd/ims_qtiasiv1p2 http://www.imsglobal.org/xsd/ims_qtiasiv1p2p1.xsd">
<assessment ident="vufgb-zscore-017-en-canvas_245096634" title="vufgb-zscore-017-en-canvas">

<qtimetadata>
<qtimetadatafield>
<fieldlabel>cc_maxattempts</fieldlabel>
<fieldentry>1</fieldentry>
</qtimetadatafield>
<qtimetadatafield>
<fieldlabel>qmd_assessmenttype</fieldlabel>
<fieldentry>Assessment</fieldentry>
</qtimetadatafield>
</qtimetadata>
<objectives>
<material>
<mattext><![CDATA[Please solve the following exercises.]]></mattext>
</material>
</objectives>
<assessmentcontrol feedbackswitch="No" hintswitch="No" solutionswitch="Yes"/>
<outcomes_processing scoremodel="SumOfScores">
<outcomes>
<decvar varname="SCORE" vartype="Decimal" cutvalue="0"/>
</outcomes>
</outcomes_processing>
<assessfeedback title="AssessmentFeedback" ident="AssessmentFeedback">
<flow_mat>
<material>
<mattext>##AssessmentFeedback##</mattext>
</material>
</flow_mat>
</assessfeedback>

<section ident="vufgb-zscore-017-en-canvas_245096634_section_1" title="Exercise">

<objectives>
<material>
<mattext><![CDATA[Please answer the following question.]]></mattext>
</material>
</objectives>
<selection_ordering>
<selection>
<selection_number>1</selection_number>
<selection_extension>
<points_per_item>1</points_per_item>
</selection_extension>
</selection>
<order order_type="Random"/>
</selection_ordering>

<item ident="vufgb-zscore-017-en-canvas_245096634_section_1_item_1_schoice" title="Question" maxattempts="1">
<itemcontrol feedbackswitch="No" hintswitch="No" solutionswitch="Yes"/>
<itemmetadata>
<qtimetadata>
<qtimetadatafield>
<fieldlabel>question_type</fieldlabel>
<fieldentry>multiple_choice_question</fieldentry>
</qtimetadatafield>
</qtimetadata>
</itemmetadata>
<presentation>
<flow>
<material>
<matbreak/>
<mattext texttype="text/html" charset="utf-8"><![CDATA[
<p>The variable Happiness, in which adult Dutch people indicate with a number between 0 and 10 how happy they are, is normally distributed with a mean of 6.5 and a standard deviation of 1. What percent of adult Dutch people give his/her life an 8 or higher?</p>
<ul>
<li>Int*: Calculate the z-score.</li>
</ul>
]]></mattext>
<matbreak/>
</material>
<response_lid ident="vufgb-zscore-017-en-canvas_245096634_section_1_item_1_schoice_RESPONSE_9397438" rcardinality="Single" rtiming="No">
<render_choice shuffle="No">
<flow_label class="List">
<response_label ident="vufgb-zscore-017-en-canvas_245096634_section_1_item_1_schoice_1434647057" rshuffle="No">
<material>
<mattext texttype="text/html" charset="utf-8"><![CDATA[
 6.68%
]]></mattext>
</material>
</response_label>
</flow_label>
<flow_label class="List">
<response_label ident="vufgb-zscore-017-en-canvas_245096634_section_1_item_1_schoice_6043699723" rshuffle="No">
<material>
<mattext texttype="text/html" charset="utf-8"><![CDATA[
 15.87%
]]></mattext>
</material>
</response_label>
</flow_label>
<flow_label class="List">
<response_label ident="vufgb-zscore-017-en-canvas_245096634_section_1_item_1_schoice_4544479238" rshuffle="No">
<material>
<mattext texttype="text/html" charset="utf-8"><![CDATA[
 44.04%
]]></mattext>
</material>
</response_label>
</flow_label>
<flow_label class="List">
<response_label ident="vufgb-zscore-017-en-canvas_245096634_section_1_item_1_schoice_8650997629" rshuffle="No">
<material>
<mattext texttype="text/html" charset="utf-8"><![CDATA[
 0.62%
]]></mattext>
</material>
</response_label>
</flow_label>
</render_choice>
</response_lid>
</flow>
</presentation>
<resprocessing>
<outcomes>
<decvar varname="SCORE" vartype="Decimal" defaultval="0" minvalue="0" maxvalue="1" cutvalue="1"/>
</outcomes>
<respcondition title="Mastery" continue="No">
<conditionvar>
<and>
<varequal respident="vufgb-zscore-017-en-canvas_245096634_section_1_item_1_schoice_RESPONSE_9397438" case="Yes">vufgb-zscore-017-en-canvas_245096634_section_1_item_1_schoice_1434647057</varequal>
<not> <varequal respident="vufgb-zscore-017-en-canvas_245096634_section_1_item_1_schoice_RESPONSE_9397438" case="Yes">vufgb-zscore-017-en-canvas_245096634_section_1_item_1_schoice_6043699723</varequal> </not>
<not> <varequal respident="vufgb-zscore-017-en-canvas_245096634_section_1_item_1_schoice_RESPONSE_9397438" case="Yes">vufgb-zscore-017-en-canvas_245096634_section_1_item_1_schoice_4544479238</varequal> </not>
<not> <varequal respident="vufgb-zscore-017-en-canvas_245096634_section_1_item_1_schoice_RESPONSE_9397438" case="Yes">vufgb-zscore-017-en-canvas_245096634_section_1_item_1_schoice_8650997629</varequal> </not>
</and>
</conditionvar>
<setvar varname="SCORE" action="Set">1</setvar>
<displayfeedback feedbacktype="Response" linkrefid="correct_fb"/>
</respcondition>
<respcondition continue="Yes">
<conditionvar>
<other/>
</conditionvar>
<displayfeedback feedbacktype="Response" linkrefid="general_incorrect_fb"/>
</respcondition>
</resprocessing>
<itemfeedback ident="correct_fb" view="All">
<flow_mat>
<material>
<mattext texttype="text/html"><![CDATA[
<ul>
<li> 6.68% <br /> Correct </li>
<li> 15.87% <br /> Incorrect </li>
<li> 44.04% <br /> Incorrect </li>
<li> 0.62% <br /> Incorrect </li>
</ul>
]]></mattext>
</material>
</flow_mat>
</itemfeedback>
<itemfeedback ident="general_incorrect_fb" view="All">
<flow_mat>
<material>
<mattext texttype="text/html"><![CDATA[
<ul>
<li> 6.68% <br /> Correct </li>
<li> 15.87% <br /> Incorrect </li>
<li> 44.04% <br /> Incorrect </li>
<li> 0.62% <br /> Incorrect </li>
</ul>
]]></mattext>
</material>
</flow_mat>
</itemfeedback>
</item>


</section>

</assessment>
</questestinterop>
