<?xml version="1.0" encoding="UTF-8"?>
<assessmentItem xsi:schemaLocation="http://www.imsglobal.org/xsd/imsqti_v2p1 http://www.imsglobal.org/xsd/qti/qtiv2p1/imsqti_v2p1p1.xsd http://www.w3.org/1998/Math/MathML http://www.w3.org/Math/XMLSchema/mathml2/mathml2.xsd" identifier="vufgb-sphericity-003-nl-ans_702721061_section_1_item_1_schoice" title="Assumptions_vufgb-sphericity-003-nl_vufgb-sphericity-003-nl_schoice_1" adaptive="false" timeDependent="false" xmlns="http://www.imsglobal.org/xsd/imsqti_v2p1" xmlns:xsi="http://www.w3.org/2001/XMLSchema-instance">
<responseDeclaration identifier="vufgb-sphericity-003-nl-ans_702721061_section_1_item_1_schoice_RESPONSE_1_3446778" cardinality="single" baseType="identifier">
<correctResponse>
<value>vufgb-sphericity-003-nl-ans_702721061_section_1_item_1_schoice_2_1611898529</value>
</correctResponse>
<mapping defaultValue="0" lowerBound="0.0">
<mapEntry mapKey="vufgb-sphericity-003-nl-ans_702721061_section_1_item_1_schoice_1_7305543684" mappedValue="0"/>
<mapEntry mapKey="vufgb-sphericity-003-nl-ans_702721061_section_1_item_1_schoice_2_1611898529" mappedValue="1"/>
<mapEntry mapKey="vufgb-sphericity-003-nl-ans_702721061_section_1_item_1_schoice_3_4690813214" mappedValue="0"/>
<mapEntry mapKey="vufgb-sphericity-003-nl-ans_702721061_section_1_item_1_schoice_4_3665595411" mappedValue="0"/>
</mapping>
</responseDeclaration>
<outcomeDeclaration identifier="SCORE" cardinality="single" baseType="float" normalMaximum="1" normalMinimum="0">
<defaultValue>
<value>0.0</value>
</defaultValue>
</outcomeDeclaration>
<outcomeDeclaration identifier="MAXSCORE" cardinality="single" baseType="float">
<defaultValue>
<value>1</value>
</defaultValue>
</outcomeDeclaration>
<outcomeDeclaration identifier="FEEDBACKBASIC" cardinality="single" baseType="identifier" view="testConstructor">
<defaultValue>
<value>empty</value>
</defaultValue>
</outcomeDeclaration>
<outcomeDeclaration identifier="FEEDBACKMODAL" cardinality="multiple" baseType="identifier" view="testConstructor"/>
<outcomeDeclaration identifier="SOLUTIONMODAL" cardinality="single" baseType="identifier" view="testConstructor"/>
<outcomeDeclaration identifier="MINSCORE" cardinality="single" baseType="float">
<defaultValue>
<value baseType="float">0</value>
</defaultValue>
</outcomeDeclaration>
<outcomeDeclaration identifier="SCORE_RESPONSE_1" cardinality="single" baseType="float">
<defaultValue>
<value>0.0</value>
</defaultValue>
</outcomeDeclaration>
<outcomeDeclaration identifier="MINSCORE_RESPONSE_1" cardinality="single" baseType="float">
<defaultValue>
<value>0.0</value>
</defaultValue>
</outcomeDeclaration>
<itemBody>
<p>De uitkomsten van de Mauchly’s toets voor sfericiteit in een herhaalde metingen ANOVA staan in onderstaande tabel.</p>
<p>Welke conclusie is juist?</p>
<p><img src="media/supplements1/vufgb-sphericity-003-nl-table01.jpg" /></p>
<choiceInteraction responseIdentifier="vufgb-sphericity-003-nl-ans_702721061_section_1_item_1_schoice_RESPONSE_1_3446778" shuffle="false" maxChoices="1">
<simpleChoice identifier="vufgb-sphericity-003-nl-ans_702721061_section_1_item_1_schoice_1_7305543684">
<p>
 Sfericiteitsassumptie wordt niet geschonden, Greenhouse-Geisser correctie is aanbevolen.
</p>
</simpleChoice>
<simpleChoice identifier="vufgb-sphericity-003-nl-ans_702721061_section_1_item_1_schoice_2_1611898529">
<p>
 Sfericiteitsassumptie wordt wel geschonden, Greenhouse-Geisser correctie is aanbevolen.
</p>
</simpleChoice>
<simpleChoice identifier="vufgb-sphericity-003-nl-ans_702721061_section_1_item_1_schoice_3_4690813214">
<p>
 Sfericiteitsassumptie wordt niet geschonden, Huynh-Feldt correctie is aanbevolen.
</p>
</simpleChoice>
<simpleChoice identifier="vufgb-sphericity-003-nl-ans_702721061_section_1_item_1_schoice_4_3665595411">
<p>
 Sfericiteitsassumptie wordt wel geschonden, Huynh-Feldt correctie is aanbevolen.
</p>
</simpleChoice>
</choiceInteraction>
</itemBody>
<responseProcessing>
<setOutcomeValue identifier="SCORE_RESPONSE_1">
<sum>
<variable identifier="SCORE_RESPONSE_1"/>
<mapResponse identifier="vufgb-sphericity-003-nl-ans_702721061_section_1_item_1_schoice_RESPONSE_1_3446778"/>
</sum>
</setOutcomeValue>
<responseCondition>
<responseIf>
<lt>
<variable identifier="SCORE_RESPONSE_1"/>
<variable identifier="MINSCORE_RESPONSE_1"/>
</lt>
<setOutcomeValue identifier="SCORE_RESPONSE_1">
<variable identifier="MINSCORE_RESPONSE_1"/>
</setOutcomeValue>
</responseIf>
</responseCondition>
<responseCondition>
<responseIf>
<isNull>
<variable identifier="vufgb-sphericity-003-nl-ans_702721061_section_1_item_1_schoice_RESPONSE_1_3446778"/>
</isNull>
<setOutcomeValue identifier="SCORE_RESPONSE_1">
<sum>
<variable identifier="SCORE_RESPONSE_1"/>
<baseValue baseType="float">0</baseValue>
</sum>
</setOutcomeValue>
</responseIf>
</responseCondition>
<setOutcomeValue identifier="SCORE">
<sum>
<variable identifier="SCORE_RESPONSE_1"/>
</sum>
</setOutcomeValue>
<responseCondition>
<responseIf>
<lt>
<variable identifier="SCORE"/>
<variable identifier="MINSCORE"/>
</lt>
<setOutcomeValue identifier="SCORE">
<variable identifier="MINSCORE"/>
</setOutcomeValue>
</responseIf>
</responseCondition>
<responseCondition>
<responseIf>
<lt>
<variable identifier="SCORE"/>
<baseValue baseType="float">1</baseValue>
</lt>
<setOutcomeValue identifier="FEEDBACKMODAL">
<multiple>
<variable identifier="FEEDBACKMODAL"/>
<baseValue baseType="identifier">Feedback184714684</baseValue>
</multiple>
</setOutcomeValue>
</responseIf>
</responseCondition>
</responseProcessing>
<modalFeedback outcomeIdentifier="FEEDBACK" showHide="show" identifier="incorrect">
<ul>
<li> Sfericiteitsassumptie wordt niet geschonden, Greenhouse-Geisser correctie is aanbevolen. <br /> Incorrect </li>
<li> Sfericiteitsassumptie wordt wel geschonden, Greenhouse-Geisser correctie is aanbevolen. <br /> Correct </li>
<li> Sfericiteitsassumptie wordt niet geschonden, Huynh-Feldt correctie is aanbevolen. <br /> Incorrect </li>
<li> Sfericiteitsassumptie wordt wel geschonden, Huynh-Feldt correctie is aanbevolen. <br /> Incorrect </li>
</ul>
</modalFeedback>
</assessmentItem>
