<?xml version="1.0" encoding="UTF-8"?>
<assessmentItem xsi:schemaLocation="http://www.imsglobal.org/xsd/imsqti_v2p1 http://www.imsglobal.org/xsd/qti/qtiv2p1/imsqti_v2p1p1.xsd http://www.w3.org/1998/Math/MathML http://www.w3.org/Math/XMLSchema/mathml2/mathml2.xsd" identifier="uva-regression-176-en-ans_128548959_section_1_item_1_schoice" title="Inferential_Statistics_uva-regression-176-en_uva-regression-176-en_schoice_1" adaptive="false" timeDependent="false" xmlns="http://www.imsglobal.org/xsd/imsqti_v2p1" xmlns:xsi="http://www.w3.org/2001/XMLSchema-instance">
<responseDeclaration identifier="uva-regression-176-en-ans_128548959_section_1_item_1_schoice_RESPONSE_1_7816296" cardinality="single" baseType="identifier">
<correctResponse>
<value>uva-regression-176-en-ans_128548959_section_1_item_1_schoice_3_1809588612</value>
</correctResponse>
<mapping defaultValue="0" lowerBound="0.0">
<mapEntry mapKey="uva-regression-176-en-ans_128548959_section_1_item_1_schoice_1_6210200471" mappedValue="0"/>
<mapEntry mapKey="uva-regression-176-en-ans_128548959_section_1_item_1_schoice_2_8040486576" mappedValue="0"/>
<mapEntry mapKey="uva-regression-176-en-ans_128548959_section_1_item_1_schoice_3_1809588612" mappedValue="1"/>
</mapping>
</responseDeclaration>
<outcomeDeclaration identifier="SCORE" cardinality="single" baseType="float" normalMaximum="1" normalMinimum="0">
<defaultValue>
<value>0.0</value>
</defaultValue>
</outcomeDeclaration>
<outcomeDeclaration identifier="MAXSCORE" cardinality="single" baseType="float">
<defaultValue>
<value>1</value>
</defaultValue>
</outcomeDeclaration>
<outcomeDeclaration identifier="FEEDBACKBASIC" cardinality="single" baseType="identifier" view="testConstructor">
<defaultValue>
<value>empty</value>
</defaultValue>
</outcomeDeclaration>
<outcomeDeclaration identifier="FEEDBACKMODAL" cardinality="multiple" baseType="identifier" view="testConstructor"/>
<outcomeDeclaration identifier="SOLUTIONMODAL" cardinality="single" baseType="identifier" view="testConstructor"/>
<outcomeDeclaration identifier="MINSCORE" cardinality="single" baseType="float">
<defaultValue>
<value baseType="float">0</value>
</defaultValue>
</outcomeDeclaration>
<outcomeDeclaration identifier="SCORE_RESPONSE_1" cardinality="single" baseType="float">
<defaultValue>
<value>0.0</value>
</defaultValue>
</outcomeDeclaration>
<outcomeDeclaration identifier="MINSCORE_RESPONSE_1" cardinality="single" baseType="float">
<defaultValue>
<value>0.0</value>
</defaultValue>
</outcomeDeclaration>
<itemBody>
<p>In regression analysis, it is possible to test whether the coefficients are differ from zero. This is inferential statistics. Necessary conditions for this in regression analysis are:_____. I. The standard deviations of <em>y</em> from the sample are equal for each <em>x</em>. II. The averages of <em>y</em> from the population are equal for all <em>x</em>.</p>
<choiceInteraction responseIdentifier="uva-regression-176-en-ans_128548959_section_1_item_1_schoice_RESPONSE_1_7816296" shuffle="false" maxChoices="1">
<simpleChoice identifier="uva-regression-176-en-ans_128548959_section_1_item_1_schoice_1_6210200471">
<p>
 I is TRUE and II is false.
</p>
</simpleChoice>
<simpleChoice identifier="uva-regression-176-en-ans_128548959_section_1_item_1_schoice_2_8040486576">
<p>
 I is false and II is true.
</p>
</simpleChoice>
<simpleChoice identifier="uva-regression-176-en-ans_128548959_section_1_item_1_schoice_3_1809588612">
<p>
 I and II are false.
</p>
</simpleChoice>
</choiceInteraction>
</itemBody>
<responseProcessing>
<setOutcomeValue identifier="SCORE_RESPONSE_1">
<sum>
<variable identifier="SCORE_RESPONSE_1"/>
<mapResponse identifier="uva-regression-176-en-ans_128548959_section_1_item_1_schoice_RESPONSE_1_7816296"/>
</sum>
</setOutcomeValue>
<responseCondition>
<responseIf>
<lt>
<variable identifier="SCORE_RESPONSE_1"/>
<variable identifier="MINSCORE_RESPONSE_1"/>
</lt>
<setOutcomeValue identifier="SCORE_RESPONSE_1">
<variable identifier="MINSCORE_RESPONSE_1"/>
</setOutcomeValue>
</responseIf>
</responseCondition>
<responseCondition>
<responseIf>
<isNull>
<variable identifier="uva-regression-176-en-ans_128548959_section_1_item_1_schoice_RESPONSE_1_7816296"/>
</isNull>
<setOutcomeValue identifier="SCORE_RESPONSE_1">
<sum>
<variable identifier="SCORE_RESPONSE_1"/>
<baseValue baseType="float">0</baseValue>
</sum>
</setOutcomeValue>
</responseIf>
</responseCondition>
<setOutcomeValue identifier="SCORE">
<sum>
<variable identifier="SCORE_RESPONSE_1"/>
</sum>
</setOutcomeValue>
<responseCondition>
<responseIf>
<lt>
<variable identifier="SCORE"/>
<variable identifier="MINSCORE"/>
</lt>
<setOutcomeValue identifier="SCORE">
<variable identifier="MINSCORE"/>
</setOutcomeValue>
</responseIf>
</responseCondition>
<responseCondition>
<responseIf>
<lt>
<variable identifier="SCORE"/>
<baseValue baseType="float">1</baseValue>
</lt>
<setOutcomeValue identifier="FEEDBACKMODAL">
<multiple>
<variable identifier="FEEDBACKMODAL"/>
<baseValue baseType="identifier">Feedback591041057</baseValue>
</multiple>
</setOutcomeValue>
</responseIf>
</responseCondition>
</responseProcessing>
<modalFeedback outcomeIdentifier="FEEDBACK" showHide="show" identifier="incorrect">
<ul>
<li> I is TRUE and II is false. <br /> I is TRUE and II is false: Incorrect </li>
<li> I is false and II is true. <br /> I is false and II is true: Incorrect </li>
<li> I and II are false. <br /> I and II are untrue: Correct </li>
</ul>
</modalFeedback>
</assessmentItem>
