<?xml version="1.0" encoding="utf-8" standalone="yes"?>
<assessmentItem identifier="vufsw-equation-1023-nl_202209051541_item_1_num" title="vufsw-equation-1023-nl_202209051541_item_1_num_vufsw-equation-1023-nl" adaptive="false" timeDependent="false" toolName="Testvision Online" toolVersion="39.0.9084" xmlns="http://www.imsglobal.org/xsd/imsqti_v2p1">
<responseDeclaration identifier="RESPONSE" cardinality="multiple" baseType="float">
<correctResponse>
<value>0.531</value>
<value>0.531;0.531</value>
</correctResponse>
</responseDeclaration>
<outcomeDeclaration identifier="SCORE" cardinality="single" baseType="float" normalMaximum="1" normalMinimum="0" />
<outcomeDeclaration identifier="FEEDBACK" cardinality="single" baseType="identifier" />
<itemBody>
<p>Als je het effect onderzocht van uren “<em>hours</em>” training (predictor) en
houding “<em>attitude”</em> (moderator) op de prestaties van een specifieke
vaardigheid (bijv. Aantal gescoorde goals: <em>performance</em>), en de
regressieresultaten geven je de volgende regressievergelijking,
hoeveel <strong>is het effect van uren training</strong> op prestaties als houding
gelijk is aan het gemiddelde?<br />
*<br />
Alle variabelen in deze regressie zijn gecentreerd. Gebruik een punt als
decimaal scheidingsteken en rond af naar 3 decimalen.*</p>
<p><em>p<strong>e</strong>r<strong>f</strong>o<strong>r</strong>m<strong>a</strong>n<strong>c</strong>e</em> = 1.23<sup>*</sup> + 0.112 × <em>a<strong>t</strong>t<strong>i</strong>t<strong>u</strong>d<strong>e<em> + 0.531<sup>*</sup> × </em>h</strong>o<strong>u</strong>r<strong>s<em> + 0.167<sup>*</sup> × </em>a</strong>t<strong>t</strong>i<strong>t</strong>u<strong>d</strong>e</em> × <em>h<strong>o</strong>u<strong>r</strong>s</em></p>
<extendedTextInteraction responseIdentifier="RESPONSE"/>
</itemBody>
<responseProcessing>
<responseCondition>
<responseIf>
<isNull>
<variable identifier="RESPONSE"/>
</isNull>
<setOutcomeValue identifier="SCORE">
<baseValue baseType="float">0.0</baseValue>
</setOutcomeValue>
<setOutcomeValue identifier="FEEDBACK">
<baseValue baseType="identifier">FAILURE</baseValue>
</setOutcomeValue>
</responseIf>
<responseElse>
<responseCondition>
<responseIf>
<match>
<variable identifier="RESPONSE"/>
<correct identifier="RESPONSE"/>
</match>
<setOutcomeValue identifier="SCORE">
<baseValue baseType="float">1</baseValue>
</setOutcomeValue>
</responseIf>
<responseElse>
<setOutcomeValue identifier="SCORE">
<baseValue baseType="float">0</baseValue>
</setOutcomeValue>
</responseElse>
</responseCondition>
<responseCondition>
<responseIf>
<equal toleranceMode="relative" tolerance="0.001">
<variable identifier="SCORE"/>
<variable identifier="MAXSCORE"/>
</equal>
<setOutcomeValue identifier="FEEDBACK">
<baseValue baseType="identifier">ANSWER_CORRECT</baseValue>
</setOutcomeValue>
</responseIf>
<responseElse>
<setOutcomeValue identifier="FEEDBACK">
<baseValue baseType="identifier">FAILURE</baseValue>
</setOutcomeValue>
</responseElse>
</responseCondition>
</responseElse>
</responseCondition>
</responseProcessing>
<modalFeedback identifier="FAILURE" outcomeIdentifier="FEEDBACK" showHide="show">
<div class="textblock tvblock tvcss_1"><div class="rte_zone tveditor1">
<p>If attitude equals its mean then, since it is mean centered, it should
be replaced by 0 in the regression equation.</p>
</div>
</div>
</modalFeedback>
<modalFeedback identifier="ANSWER_CORRECT" outcomeIdentifier="FEEDBACK" showHide="show">
<div class="textblock tvblock tvcss_1"><div class="rte_zone tveditor1">
<p>If attitude equals its mean then, since it is mean centered, it should
be replaced by 0 in the regression equation.</p>
</div>
</div>
</modalFeedback>
<modalFeedback identifier="PARTIAL_CORRECT" outcomeIdentifier="FEEDBACK" showHide="show">
<div class="textblock tvblock tvcss_1"><div class="rte_zone tveditor1">
<p>If attitude equals its mean then, since it is mean centered, it should
be replaced by 0 in the regression equation.</p>
</div>
</div>
</modalFeedback>
</assessmentItem>
