<?xml version="1.0" encoding="utf-8" standalone="yes"?>
<assessmentItem identifier="uva-correlation-1667-nl-tv_202601131819_item_1_schoice" title="uva-correlation-1667-nl-tv_202601131819_item_1_schoice_uva-correlation-1667-nl" adaptive="false" timeDependent="false" toolName="Testvision Online" toolVersion="39.0.9084" xmlns="http://www.imsglobal.org/xsd/imsqti_v2p1">
<responseDeclaration identifier="RESPONSE" cardinality="single" baseType="identifier">
<correctResponse>
<value>alt_199399</value>
</correctResponse>
<mapping defaultValue="0" lowerBound="0.0">
<mapEntry mapKey="alt_260803" mappedValue="-0.333333333333333"/>
<mapEntry mapKey="alt_303262" mappedValue="-0.333333333333333"/>
<mapEntry mapKey="alt_199399" mappedValue="1"/>
<mapEntry mapKey="alt_960144" mappedValue="-0.333333333333333"/>
</mapping>
</responseDeclaration>
<outcomeDeclaration identifier="SCORE" cardinality="single" baseType="float" normalMaximum="1" normalMinimum="0" />
<outcomeDeclaration identifier="FEEDBACK" cardinality="single" baseType="identifier" />
<stylesheet href="css/uva-correlation-1667-nl-tv_202601131819_item_1_schoice.css" type="text/css" />
<itemBody>
<p>Hieronder is van 5 individuen aangegeven hoe zij t.o.v. elkaar
gerangschikt zijn op autoritair gedrag en sociale status:<br />
Autoritair gedrag: 3, 2, 5, 4, 1<br />
Sociale status: 3, 1, 5, 2, 4. De waarde van de Spearman
correlatiecoëfficiënt is hier</p>
<choiceInteraction responseIdentifier="RESPONSE" shuffle="false" maxChoices="1">
<simpleChoice identifier="alt_260803">
<div class="textblock tvblock tvcss_1"><div class="rte_zone tveditor1">
 -0.3
</div>
</div>
</simpleChoice>
<simpleChoice identifier="alt_303262">
<div class="textblock tvblock tvcss_1"><div class="rte_zone tveditor1">
 0.2
</div>
</div>
</simpleChoice>
<simpleChoice identifier="alt_199399">
<div class="textblock tvblock tvcss_1"><div class="rte_zone tveditor1">
 0.3
</div>
</div>
</simpleChoice>
<simpleChoice identifier="alt_960144">
<div class="textblock tvblock tvcss_1"><div class="rte_zone tveditor1">
 0.6
</div>
</div>
</simpleChoice>
</choiceInteraction>
</itemBody>
<responseProcessing>
<responseCondition>
<responseIf>
<isNull>
<variable identifier="RESPONSE"/>
</isNull>
<setOutcomeValue identifier="SCORE">
<baseValue baseType="float">0.0</baseValue>
</setOutcomeValue>
<setOutcomeValue identifier="FEEDBACK">
<baseValue baseType="identifier">FAILURE</baseValue>
</setOutcomeValue>
</responseIf>
<responseElse>
<setOutcomeValue identifier="SCORE">
<mapResponse identifier="RESPONSE"/>
</setOutcomeValue>
<responseCondition>
<responseIf>
<equal toleranceMode="relative" tolerance="0.001">
<variable identifier="SCORE"/>
<variable identifier="MAXSCORE"/>
</equal>
<setOutcomeValue identifier="FEEDBACK">
<baseValue baseType="identifier">ANSWER_CORRECT</baseValue>
</setOutcomeValue>
</responseIf>
<responseElse>
<setOutcomeValue identifier="FEEDBACK">
<baseValue baseType="identifier">FAILURE</baseValue>
</setOutcomeValue>
</responseElse>
</responseCondition>
</responseElse>
</responseCondition>
</responseProcessing>
<modalFeedback identifier="FAILURE" outcomeIdentifier="FEEDBACK" showHide="show">
<div class="textblock tvblock tvcss_1"><div class="rte_zone tveditor1">
<ul>
<li> -0.3 <br /> -0.3: Incorrect </li>
<li> 0.2 <br /> 0.2: Incorrect </li>
<li> 0.3 <br /> 0.3: Correct </li>
<li> 0.6 <br /> 0.6: Incorrect </li>
</ul>
</div>
</div>
</modalFeedback>
<modalFeedback identifier="ANSWER_CORRECT" outcomeIdentifier="FEEDBACK" showHide="show">
<div class="textblock tvblock tvcss_1"><div class="rte_zone tveditor1">
<ul>
<li> -0.3 <br /> -0.3: Incorrect </li>
<li> 0.2 <br /> 0.2: Incorrect </li>
<li> 0.3 <br /> 0.3: Correct </li>
<li> 0.6 <br /> 0.6: Incorrect </li>
</ul>
</div>
</div>
</modalFeedback>
<modalFeedback identifier="PARTIAL_CORRECT" outcomeIdentifier="FEEDBACK" showHide="show">
<div class="textblock tvblock tvcss_1"><div class="rte_zone tveditor1">
<ul>
<li> -0.3 <br /> -0.3: Incorrect </li>
<li> 0.2 <br /> 0.2: Incorrect </li>
<li> 0.3 <br /> 0.3: Correct </li>
<li> 0.6 <br /> 0.6: Incorrect </li>
</ul>
</div>
</div>
</modalFeedback>
</assessmentItem>
