<?xml version="1.0" encoding="UTF-8"?>
<assessmentItem xsi:schemaLocation="http://www.imsglobal.org/xsd/imsqti_v2p1 http://www.imsglobal.org/xsd/qti/qtiv2p1/imsqti_v2p1p1.xsd http://www.w3.org/1998/Math/MathML http://www.w3.org/Math/XMLSchema/mathml2/mathml2.xsd" identifier="uva-mean-224-nl-qti_384695294_section_1_item_1_schoice" title="1" adaptive="false" timeDependent="false" xmlns="http://www.imsglobal.org/xsd/imsqti_v2p1" xmlns:xsi="http://www.w3.org/2001/XMLSchema-instance">
<responseDeclaration identifier="uva-mean-224-nl-qti_384695294_section_1_item_1_schoice_RESPONSE_1_7646304" cardinality="single" baseType="identifier">
<correctResponse>
<value>uva-mean-224-nl-qti_384695294_section_1_item_1_schoice_2_1745867542</value>
</correctResponse>
<mapping defaultValue="0" lowerBound="0.0">
<mapEntry mapKey="uva-mean-224-nl-qti_384695294_section_1_item_1_schoice_1_2347528733" mappedValue="0"/>
<mapEntry mapKey="uva-mean-224-nl-qti_384695294_section_1_item_1_schoice_2_1745867542" mappedValue="1"/>
<mapEntry mapKey="uva-mean-224-nl-qti_384695294_section_1_item_1_schoice_3_4584371705" mappedValue="0"/>
</mapping>
</responseDeclaration>
<outcomeDeclaration identifier="SCORE" cardinality="single" baseType="float" normalMaximum="1" normalMinimum="0">
<defaultValue>
<value>0.0</value>
</defaultValue>
</outcomeDeclaration>
<outcomeDeclaration identifier="MAXSCORE" cardinality="single" baseType="float">
<defaultValue>
<value>1</value>
</defaultValue>
</outcomeDeclaration>
<outcomeDeclaration identifier="FEEDBACKBASIC" cardinality="single" baseType="identifier" view="testConstructor">
<defaultValue>
<value>empty</value>
</defaultValue>
</outcomeDeclaration>
<outcomeDeclaration identifier="FEEDBACKMODAL" cardinality="multiple" baseType="identifier" view="testConstructor"/>
<outcomeDeclaration identifier="SOLUTIONMODAL" cardinality="single" baseType="identifier" view="testConstructor"/>
<outcomeDeclaration identifier="MINSCORE" cardinality="single" baseType="float">
<defaultValue>
<value baseType="float">0</value>
</defaultValue>
</outcomeDeclaration>
<outcomeDeclaration identifier="SCORE_RESPONSE_1" cardinality="single" baseType="float">
<defaultValue>
<value>0.0</value>
</defaultValue>
</outcomeDeclaration>
<outcomeDeclaration identifier="MINSCORE_RESPONSE_1" cardinality="single" baseType="float">
<defaultValue>
<value>0.0</value>
</defaultValue>
</outcomeDeclaration>
<itemBody>
<p>Bij de tekentoets voor de mediaan wordt er van uitgegaan dat in de
steekproef het aantal scores kleiner dan de onder de nulhypothese
gespecificeerde waarde van de mediaan een binomiale verdeling heeft met</p>
<choiceInteraction responseIdentifier="uva-mean-224-nl-qti_384695294_section_1_item_1_schoice_RESPONSE_1_7646304" shuffle="false" maxChoices="1">
<simpleChoice identifier="uva-mean-224-nl-qti_384695294_section_1_item_1_schoice_1_2347528733">
<p>
 p &lt; 0.5
</p>
</simpleChoice>
<simpleChoice identifier="uva-mean-224-nl-qti_384695294_section_1_item_1_schoice_2_1745867542">
<p>
 p = 0.5
</p>
</simpleChoice>
<simpleChoice identifier="uva-mean-224-nl-qti_384695294_section_1_item_1_schoice_3_4584371705">
<p>
 p &gt; 0.5
</p>
</simpleChoice>
</choiceInteraction>
</itemBody>
<responseProcessing>
<setOutcomeValue identifier="SCORE_RESPONSE_1">
<sum>
<variable identifier="SCORE_RESPONSE_1"/>
<mapResponse identifier="uva-mean-224-nl-qti_384695294_section_1_item_1_schoice_RESPONSE_1_7646304"/>
</sum>
</setOutcomeValue>
<responseCondition>
<responseIf>
<lt>
<variable identifier="SCORE_RESPONSE_1"/>
<variable identifier="MINSCORE_RESPONSE_1"/>
</lt>
<setOutcomeValue identifier="SCORE_RESPONSE_1">
<variable identifier="MINSCORE_RESPONSE_1"/>
</setOutcomeValue>
</responseIf>
</responseCondition>
<responseCondition>
<responseIf>
<isNull>
<variable identifier="uva-mean-224-nl-qti_384695294_section_1_item_1_schoice_RESPONSE_1_7646304"/>
</isNull>
<setOutcomeValue identifier="SCORE_RESPONSE_1">
<sum>
<variable identifier="SCORE_RESPONSE_1"/>
<baseValue baseType="float">0</baseValue>
</sum>
</setOutcomeValue>
</responseIf>
</responseCondition>
<setOutcomeValue identifier="SCORE">
<sum>
<variable identifier="SCORE_RESPONSE_1"/>
</sum>
</setOutcomeValue>
<responseCondition>
<responseIf>
<lt>
<variable identifier="SCORE"/>
<variable identifier="MINSCORE"/>
</lt>
<setOutcomeValue identifier="SCORE">
<variable identifier="MINSCORE"/>
</setOutcomeValue>
</responseIf>
</responseCondition>
<responseCondition>
<responseIf>
<lt>
<variable identifier="SCORE"/>
<baseValue baseType="float">1</baseValue>
</lt>
<setOutcomeValue identifier="FEEDBACKMODAL">
<multiple>
<variable identifier="FEEDBACKMODAL"/>
<baseValue baseType="identifier">Feedback710616807</baseValue>
</multiple>
</setOutcomeValue>
</responseIf>
</responseCondition>
</responseProcessing>
<modalFeedback identifier="Feedback710616807" outcomeIdentifier="FEEDBACKMODAL" showHide="show">
<ul>
<li> p &lt; 0.5 <br /> p &lt; 0.5: Incorrect </li>
<li> p = 0.5 <br /> p = 0.5: Correct </li>
<li> p &gt; 0.5 <br /> p &gt; 0.5: Incorrect </li>
</ul>
</modalFeedback>
</assessmentItem>
