<?xml version="1.0" encoding="UTF-8"?>
<assessmentItem xsi:schemaLocation="http://www.imsglobal.org/xsd/imsqti_v2p1 http://www.imsglobal.org/xsd/qti/qtiv2p1/imsqti_v2p1p1.xsd http://www.w3.org/1998/Math/MathML http://www.w3.org/Math/XMLSchema/mathml2/mathml2.xsd" identifier="vufsw-measuresoflocation-1076-en_261713380_section_1_item_1_schoice" title="1" adaptive="false" timeDependent="false" xmlns="http://www.imsglobal.org/xsd/imsqti_v2p1" xmlns:xsi="http://www.w3.org/2001/XMLSchema-instance">
<responseDeclaration identifier="vufsw-measuresoflocation-1076-en_261713380_section_1_item_1_schoice_RESPONSE_1_4224921" cardinality="single" baseType="identifier">
<correctResponse>
<value>vufsw-measuresoflocation-1076-en_261713380_section_1_item_1_schoice_1_6069392795</value>
</correctResponse>
<mapping defaultValue="0" lowerBound="0.0">
<mapEntry mapKey="vufsw-measuresoflocation-1076-en_261713380_section_1_item_1_schoice_1_6069392795" mappedValue="1"/>
<mapEntry mapKey="vufsw-measuresoflocation-1076-en_261713380_section_1_item_1_schoice_2_6002065120" mappedValue="0"/>
<mapEntry mapKey="vufsw-measuresoflocation-1076-en_261713380_section_1_item_1_schoice_3_9243901390" mappedValue="0"/>
<mapEntry mapKey="vufsw-measuresoflocation-1076-en_261713380_section_1_item_1_schoice_4_7124801798" mappedValue="0"/>
</mapping>
</responseDeclaration>
<outcomeDeclaration identifier="SCORE" cardinality="single" baseType="float" normalMaximum="1" normalMinimum="0">
<defaultValue>
<value>0.0</value>
</defaultValue>
</outcomeDeclaration>
<outcomeDeclaration identifier="MAXSCORE" cardinality="single" baseType="float">
<defaultValue>
<value>1</value>
</defaultValue>
</outcomeDeclaration>
<outcomeDeclaration identifier="FEEDBACKBASIC" cardinality="single" baseType="identifier" view="testConstructor">
<defaultValue>
<value>empty</value>
</defaultValue>
</outcomeDeclaration>
<outcomeDeclaration identifier="FEEDBACKMODAL" cardinality="multiple" baseType="identifier" view="testConstructor"/>
<outcomeDeclaration identifier="MINSCORE" cardinality="single" baseType="float">
<defaultValue>
<value baseType="float">0</value>
</defaultValue>
</outcomeDeclaration>
<outcomeDeclaration identifier="SCORE_RESPONSE_1" cardinality="single" baseType="float">
<defaultValue>
<value>0.0</value>
</defaultValue>
</outcomeDeclaration>
<outcomeDeclaration identifier="MINSCORE_RESPONSE_1" cardinality="single" baseType="float">
<defaultValue>
<value>0.0</value>
</defaultValue>
</outcomeDeclaration>
<itemBody>
<p>Below you can find a histogram of a measure of happiness that is created
from a random sample of 1919 residents of the Netherlands (source:
<em>European Social Survey, 2014</em>). Specifically, the respondents answered
the following question: “Taking all things together, how happy would you
say you are?”. The answer options varied from “extremely unhappy (0) to”extremely happy” (10).</p>
<p><img src="Screen__Shot__2019-02-21__at__00.20.09.png"
class="fr-fic fr-dii tvcss_2"
alt="Screen Shot 2019-02-21 at 00.20.09" /></p>
<p>Is the distribution of this variable right-skewed or left-skewed? What
is the relationship of the mean with the median and the mode of the
distribution?</p>
<choiceInteraction responseIdentifier="vufsw-measuresoflocation-1076-en_261713380_section_1_item_1_schoice_RESPONSE_1_4224921" shuffle="false" maxChoices="1">
<simpleChoice identifier="vufsw-measuresoflocation-1076-en_261713380_section_1_item_1_schoice_1_6069392795">
<p>
a. The distribution is left-skewed. The mean is lower than both the mode and the median.
</p>
</simpleChoice>
<simpleChoice identifier="vufsw-measuresoflocation-1076-en_261713380_section_1_item_1_schoice_2_6002065120">
<p>
b. The distribution is left-skewed. The mean is lower than the mode but higher than the median.
</p>
</simpleChoice>
<simpleChoice identifier="vufsw-measuresoflocation-1076-en_261713380_section_1_item_1_schoice_3_9243901390">
<p>
c. The distribution is right-skewed. The mean is lower than both the mode and the median.
</p>
</simpleChoice>
<simpleChoice identifier="vufsw-measuresoflocation-1076-en_261713380_section_1_item_1_schoice_4_7124801798">
<p>
d. The distribution is right-skewed. The mean is lower than the mode but higher than the median.
</p>
</simpleChoice>
</choiceInteraction>
</itemBody>
<responseProcessing>
<responseCondition>
<responseIf>
<isNull>
<variable identifier="vufsw-measuresoflocation-1076-en_261713380_section_1_item_1_schoice_RESPONSE_1_4224921"/>
</isNull>
<setOutcomeValue identifier="SCORE_RESPONSE_1">
<sum>
<variable identifier="SCORE_RESPONSE_1"/>
<baseValue baseType="float">0</baseValue>
</sum>
</setOutcomeValue>
</responseIf>
</responseCondition>
<setOutcomeValue identifier="SCORE_RESPONSE_1">
<sum>
<variable identifier="SCORE_RESPONSE_1"/>
<mapResponse identifier="vufsw-measuresoflocation-1076-en_261713380_section_1_item_1_schoice_RESPONSE_1_4224921"/>
</sum>
</setOutcomeValue>
<responseCondition>
<responseIf>
<lt>
<variable identifier="SCORE_RESPONSE_1"/>
<variable identifier="MINSCORE_RESPONSE_1"/>
</lt>
<setOutcomeValue identifier="SCORE_RESPONSE_1">
<variable identifier="MINSCORE_RESPONSE_1"/>
</setOutcomeValue>
</responseIf>
</responseCondition>
<setOutcomeValue identifier="SCORE">
<sum>
<variable identifier="SCORE_RESPONSE_1"/>
</sum>
</setOutcomeValue>
<responseCondition>
<responseIf>
<lt>
<variable identifier="SCORE"/>
<variable identifier="MINSCORE"/>
</lt>
<setOutcomeValue identifier="SCORE">
<variable identifier="MINSCORE"/>
</setOutcomeValue>
</responseIf>
</responseCondition>
<responseCondition>
<responseIf>
<lt>
<variable identifier="SCORE"/>
<baseValue baseType="float">1</baseValue>
</lt>
<setOutcomeValue identifier="FEEDBACKMODAL">
<multiple>
<variable identifier="FEEDBACKMODAL"/>
<baseValue baseType="identifier">Feedback817769069</baseValue>
</multiple>
</setOutcomeValue>
</responseIf>
</responseCondition>
</responseProcessing>
<modalFeedback identifier="Feedback817769069" outcomeIdentifier="FEEDBACKMODAL" showHide="show">
<p>Language<br />
English</p>
<p>Levels of Difficulty<br />
Easy</p>
<p>M&amp;T BIS<br />
Default value</p>
<p>M&amp;T Descriptive statistics<br />
Default value</p>
<br />
<ol type = "a">
<li> The distribution is left-skewed. The mean is lower than both the mode and the median. <br /> True </li>
<li> The distribution is left-skewed. The mean is lower than the mode but higher than the median. <br /> False </li>
<li> The distribution is right-skewed. The mean is lower than both the mode and the median. <br /> False </li>
<li> The distribution is right-skewed. The mean is lower than the mode but higher than the median. <br /> False </li>
</ol>
</modalFeedback>
</assessmentItem>
