<?xml version="1.0" encoding="utf-8" standalone="yes"?>
<assessmentItem identifier="vufgb-pvalue-001-nl_202209051539_item_1_schoice" title="vufgb-pvalue-001-nl_202209051539_item_1_schoice_vufgb-pvalue-001-nl" adaptive="false" timeDependent="false" toolName="Testvision Online" toolVersion="39.0.9084" xmlns="http://www.imsglobal.org/xsd/imsqti_v2p1">
<responseDeclaration identifier="RESPONSE" cardinality="single" baseType="identifier">
<correctResponse>
<value>alt_902859</value>
</correctResponse>
<mapping defaultValue="0" lowerBound="0.0">
<mapEntry mapKey="alt_902859" mappedValue="1"/>
<mapEntry mapKey="alt_517296" mappedValue="-0.333333333333333"/>
<mapEntry mapKey="alt_574758" mappedValue="-0.333333333333333"/>
<mapEntry mapKey="alt_531126" mappedValue="-0.333333333333333"/>
</mapping>
</responseDeclaration>
<outcomeDeclaration identifier="SCORE" cardinality="single" baseType="float" normalMaximum="1" normalMinimum="0" />
<outcomeDeclaration identifier="FEEDBACK" cardinality="single" baseType="identifier" />
<itemBody>
<p>Een steekproefresultaat levert een <em>p</em>-waarde op van 0.27. Wat betekent deze waarde?</p>
<choiceInteraction responseIdentifier="RESPONSE" shuffle="false" maxChoices="1">
<simpleChoice identifier="alt_902859">
<div class="textblock tvblock tvcss_1"><div class="rte_zone tveditor1">
a. De kans op dit resultaat of nog extremer, gegeven dat de nulhypothese waar is.
</div>
</div>
</simpleChoice>
<simpleChoice identifier="alt_517296">
<div class="textblock tvblock tvcss_1"><div class="rte_zone tveditor1">
b. De kans op dit resultaat of nog extremer, gegeven dat de alternatieve hypothese waar is.
</div>
</div>
</simpleChoice>
<simpleChoice identifier="alt_574758">
<div class="textblock tvblock tvcss_1"><div class="rte_zone tveditor1">
c. Op basis van dit steekproefresultaat is dit de kans dat de nulhypothese waar is.
</div>
</div>
</simpleChoice>
<simpleChoice identifier="alt_531126">
<div class="textblock tvblock tvcss_1"><div class="rte_zone tveditor1">
d. Op basis van dit steekproefresultaat is dit de kans dat de alternatieve hypothese waar is.
</div>
</div>
</simpleChoice>
</choiceInteraction>
</itemBody>
<responseProcessing>
<responseCondition>
<responseIf>
<isNull>
<variable identifier="RESPONSE"/>
</isNull>
<setOutcomeValue identifier="SCORE">
<baseValue baseType="float">0.0</baseValue>
</setOutcomeValue>
<setOutcomeValue identifier="FEEDBACK">
<baseValue baseType="identifier">FAILURE</baseValue>
</setOutcomeValue>
</responseIf>
<responseElse>
<setOutcomeValue identifier="SCORE">
<mapResponse identifier="RESPONSE"/>
</setOutcomeValue>
<responseCondition>
<responseIf>
<equal toleranceMode="relative" tolerance="0.001">
<variable identifier="SCORE"/>
<variable identifier="MAXSCORE"/>
</equal>
<setOutcomeValue identifier="FEEDBACK">
<baseValue baseType="identifier">ANSWER_CORRECT</baseValue>
</setOutcomeValue>
</responseIf>
<responseElse>
<setOutcomeValue identifier="FEEDBACK">
<baseValue baseType="identifier">FAILURE</baseValue>
</setOutcomeValue>
</responseElse>
</responseCondition>
</responseElse>
</responseCondition>
</responseProcessing>
<modalFeedback identifier="FAILURE" outcomeIdentifier="FEEDBACK" showHide="show">
<div class="textblock tvblock tvcss_1"><div class="rte_zone tveditor1">
</div>
</div>
</modalFeedback>
<modalFeedback identifier="ANSWER_CORRECT" outcomeIdentifier="FEEDBACK" showHide="show">
<div class="textblock tvblock tvcss_1"><div class="rte_zone tveditor1">
</div>
</div>
</modalFeedback>
<modalFeedback identifier="PARTIAL_CORRECT" outcomeIdentifier="FEEDBACK" showHide="show">
<div class="textblock tvblock tvcss_1"><div class="rte_zone tveditor1">
</div>
</div>
</modalFeedback>
</assessmentItem>
