<?xml version="1.0" encoding="UTF-8"?>
<assessmentItem xsi:schemaLocation="http://www.imsglobal.org/xsd/imsqti_v2p1 http://www.imsglobal.org/xsd/qti/qtiv2p1/imsqti_v2p1p1.xsd http://www.w3.org/1998/Math/MathML http://www.w3.org/Math/XMLSchema/mathml2/mathml2.xsd" identifier="uva-sample-mean-1308-nl-ans_882073604_section_1_item_1_schoice" title="Inferential_Statistics_uva-sample-mean-1308-nl_uva-sample-mean-1308-nl_schoice_1" adaptive="false" timeDependent="false" xmlns="http://www.imsglobal.org/xsd/imsqti_v2p1" xmlns:xsi="http://www.w3.org/2001/XMLSchema-instance">
<responseDeclaration identifier="uva-sample-mean-1308-nl-ans_882073604_section_1_item_1_schoice_RESPONSE_1_4617147" cardinality="single" baseType="identifier">
<correctResponse>
<value>uva-sample-mean-1308-nl-ans_882073604_section_1_item_1_schoice_4_9119133724</value>
</correctResponse>
<mapping defaultValue="0" lowerBound="0.0">
<mapEntry mapKey="uva-sample-mean-1308-nl-ans_882073604_section_1_item_1_schoice_1_5145291438" mappedValue="0"/>
<mapEntry mapKey="uva-sample-mean-1308-nl-ans_882073604_section_1_item_1_schoice_2_9979599107" mappedValue="0"/>
<mapEntry mapKey="uva-sample-mean-1308-nl-ans_882073604_section_1_item_1_schoice_3_3833449064" mappedValue="0"/>
<mapEntry mapKey="uva-sample-mean-1308-nl-ans_882073604_section_1_item_1_schoice_4_9119133724" mappedValue="1"/>
<mapEntry mapKey="uva-sample-mean-1308-nl-ans_882073604_section_1_item_1_schoice_5_6526861405" mappedValue="0"/>
</mapping>
</responseDeclaration>
<outcomeDeclaration identifier="SCORE" cardinality="single" baseType="float" normalMaximum="1" normalMinimum="0">
<defaultValue>
<value>0.0</value>
</defaultValue>
</outcomeDeclaration>
<outcomeDeclaration identifier="MAXSCORE" cardinality="single" baseType="float">
<defaultValue>
<value>1</value>
</defaultValue>
</outcomeDeclaration>
<outcomeDeclaration identifier="FEEDBACKBASIC" cardinality="single" baseType="identifier" view="testConstructor">
<defaultValue>
<value>empty</value>
</defaultValue>
</outcomeDeclaration>
<outcomeDeclaration identifier="FEEDBACKMODAL" cardinality="multiple" baseType="identifier" view="testConstructor"/>
<outcomeDeclaration identifier="SOLUTIONMODAL" cardinality="single" baseType="identifier" view="testConstructor"/>
<outcomeDeclaration identifier="MINSCORE" cardinality="single" baseType="float">
<defaultValue>
<value baseType="float">0</value>
</defaultValue>
</outcomeDeclaration>
<outcomeDeclaration identifier="SCORE_RESPONSE_1" cardinality="single" baseType="float">
<defaultValue>
<value>0.0</value>
</defaultValue>
</outcomeDeclaration>
<outcomeDeclaration identifier="MINSCORE_RESPONSE_1" cardinality="single" baseType="float">
<defaultValue>
<value>0.0</value>
</defaultValue>
</outcomeDeclaration>
<itemBody>
<p>Een farmaceutisch bedrijf verklaart dat 30% van de patiënten die een
nieuwe allergiemedicatie gebruikt zich slaperig voelt. Om deze
verklaring te controleren wordt er aan 450 willekeurig gekozen mensen
gevraagd dit medicijn te gebruiken. We meten X is het aantal mensen dat
zich slaperig voelt. De kans dat 160 of meer mensen in de steekproef
zich slaperig voelen is te schrijven als:</p>
<choiceInteraction responseIdentifier="uva-sample-mean-1308-nl-ans_882073604_section_1_item_1_schoice_RESPONSE_1_4617147" shuffle="false" maxChoices="1">
<simpleChoice identifier="uva-sample-mean-1308-nl-ans_882073604_section_1_item_1_schoice_1_5145291438">
<p>
 P(X ≥ 0,30)
</p>
</simpleChoice>
<simpleChoice identifier="uva-sample-mean-1308-nl-ans_882073604_section_1_item_1_schoice_2_9979599107">
<p>
 P(X ≥ 0,36)
</p>
</simpleChoice>
<simpleChoice identifier="uva-sample-mean-1308-nl-ans_882073604_section_1_item_1_schoice_3_3833449064">
<p>
 P(X ≤ 0,36)
</p>
</simpleChoice>
<simpleChoice identifier="uva-sample-mean-1308-nl-ans_882073604_section_1_item_1_schoice_4_9119133724">
<p>
 P(X ≥ 160)
</p>
</simpleChoice>
<simpleChoice identifier="uva-sample-mean-1308-nl-ans_882073604_section_1_item_1_schoice_5_6526861405">
<p>
 P (160 ≤ X≤ 450)
</p>
</simpleChoice>
</choiceInteraction>
</itemBody>
<responseProcessing>
<setOutcomeValue identifier="SCORE_RESPONSE_1">
<sum>
<variable identifier="SCORE_RESPONSE_1"/>
<mapResponse identifier="uva-sample-mean-1308-nl-ans_882073604_section_1_item_1_schoice_RESPONSE_1_4617147"/>
</sum>
</setOutcomeValue>
<responseCondition>
<responseIf>
<lt>
<variable identifier="SCORE_RESPONSE_1"/>
<variable identifier="MINSCORE_RESPONSE_1"/>
</lt>
<setOutcomeValue identifier="SCORE_RESPONSE_1">
<variable identifier="MINSCORE_RESPONSE_1"/>
</setOutcomeValue>
</responseIf>
</responseCondition>
<responseCondition>
<responseIf>
<isNull>
<variable identifier="uva-sample-mean-1308-nl-ans_882073604_section_1_item_1_schoice_RESPONSE_1_4617147"/>
</isNull>
<setOutcomeValue identifier="SCORE_RESPONSE_1">
<sum>
<variable identifier="SCORE_RESPONSE_1"/>
<baseValue baseType="float">0</baseValue>
</sum>
</setOutcomeValue>
</responseIf>
</responseCondition>
<setOutcomeValue identifier="SCORE">
<sum>
<variable identifier="SCORE_RESPONSE_1"/>
</sum>
</setOutcomeValue>
<responseCondition>
<responseIf>
<lt>
<variable identifier="SCORE"/>
<variable identifier="MINSCORE"/>
</lt>
<setOutcomeValue identifier="SCORE">
<variable identifier="MINSCORE"/>
</setOutcomeValue>
</responseIf>
</responseCondition>
<responseCondition>
<responseIf>
<lt>
<variable identifier="SCORE"/>
<baseValue baseType="float">1</baseValue>
</lt>
<setOutcomeValue identifier="FEEDBACKMODAL">
<multiple>
<variable identifier="FEEDBACKMODAL"/>
<baseValue baseType="identifier">Feedback940816910</baseValue>
</multiple>
</setOutcomeValue>
</responseIf>
</responseCondition>
</responseProcessing>
<modalFeedback outcomeIdentifier="FEEDBACK" showHide="show" identifier="incorrect">
<ul>
<li> P(X ≥ 0,30) <br /> P(X ≥ 0,30): Incorrect </li>
<li> P(X ≥ 0,36) <br /> P(X ≥ 0,36): Incorrect </li>
<li> P(X ≤ 0,36) <br /> P(X ≤ 0,36): Incorrect </li>
<li> P(X ≥ 160) <br /> P(X ≥ 160): Correct </li>
<li> P (160 ≤ X≤ 450) <br /> P (160 ≤ X≤ 450): Incorrect </li>
</ul>
</modalFeedback>
</assessmentItem>
