<?xml version="1.0" encoding="UTF-8"?>
<assessmentItem xsi:schemaLocation="http://www.imsglobal.org/xsd/imsqti_v2p1 http://www.imsglobal.org/xsd/qti/qtiv2p1/imsqti_v2p1p1.xsd http://www.w3.org/1998/Math/MathML http://www.w3.org/Math/XMLSchema/mathml2/mathml2.xsd" identifier="vufsw-prediction-2056-en-ans_811348378_section_1_item_1_schoice" title="Inferential_Statistics_vufsw-prediction-2056-en_vufsw-prediction-2056-en_schoice_1" adaptive="false" timeDependent="false" xmlns="http://www.imsglobal.org/xsd/imsqti_v2p1" xmlns:xsi="http://www.w3.org/2001/XMLSchema-instance">
<responseDeclaration identifier="vufsw-prediction-2056-en-ans_811348378_section_1_item_1_schoice_RESPONSE_1_3178333" cardinality="single" baseType="identifier">
<correctResponse>
<value>vufsw-prediction-2056-en-ans_811348378_section_1_item_1_schoice_3_7014899819</value>
</correctResponse>
<mapping defaultValue="0" lowerBound="0.0">
<mapEntry mapKey="vufsw-prediction-2056-en-ans_811348378_section_1_item_1_schoice_1_3786333994" mappedValue="0"/>
<mapEntry mapKey="vufsw-prediction-2056-en-ans_811348378_section_1_item_1_schoice_2_8400060541" mappedValue="0"/>
<mapEntry mapKey="vufsw-prediction-2056-en-ans_811348378_section_1_item_1_schoice_3_7014899819" mappedValue="1"/>
<mapEntry mapKey="vufsw-prediction-2056-en-ans_811348378_section_1_item_1_schoice_4_3981661329" mappedValue="0"/>
</mapping>
</responseDeclaration>
<outcomeDeclaration identifier="SCORE" cardinality="single" baseType="float" normalMaximum="1" normalMinimum="0">
<defaultValue>
<value>0.0</value>
</defaultValue>
</outcomeDeclaration>
<outcomeDeclaration identifier="MAXSCORE" cardinality="single" baseType="float">
<defaultValue>
<value>1</value>
</defaultValue>
</outcomeDeclaration>
<outcomeDeclaration identifier="FEEDBACKBASIC" cardinality="single" baseType="identifier" view="testConstructor">
<defaultValue>
<value>empty</value>
</defaultValue>
</outcomeDeclaration>
<outcomeDeclaration identifier="FEEDBACKMODAL" cardinality="multiple" baseType="identifier" view="testConstructor"/>
<outcomeDeclaration identifier="SOLUTIONMODAL" cardinality="single" baseType="identifier" view="testConstructor"/>
<outcomeDeclaration identifier="MINSCORE" cardinality="single" baseType="float">
<defaultValue>
<value baseType="float">0</value>
</defaultValue>
</outcomeDeclaration>
<outcomeDeclaration identifier="SCORE_RESPONSE_1" cardinality="single" baseType="float">
<defaultValue>
<value>0.0</value>
</defaultValue>
</outcomeDeclaration>
<outcomeDeclaration identifier="MINSCORE_RESPONSE_1" cardinality="single" baseType="float">
<defaultValue>
<value>0.0</value>
</defaultValue>
</outcomeDeclaration>
<itemBody>
<p><img src="media/supplements1/Schermafbeelding__2019-01-30__om__14.25.40.png" /></p>
<p>In the above analysis, the dependent variable is attitude toward culture (1-4, higher score = more positive attitude). The independent variables are school level (in dummies, vmbo-b is the reference category) and mothers’ cultural participation (continuous scale 0-1, 0= least active, 1 = most active).</p>
<p>How large is the by model 2 the predicted attitude of a vmbo-b student with the most culturally active mother (pmcul=1)?</p>
<choiceInteraction responseIdentifier="vufsw-prediction-2056-en-ans_811348378_section_1_item_1_schoice_RESPONSE_1_3178333" shuffle="false" maxChoices="1">
<simpleChoice identifier="vufsw-prediction-2056-en-ans_811348378_section_1_item_1_schoice_1_3786333994">
<p>
 1.891
</p>
</simpleChoice>
<simpleChoice identifier="vufsw-prediction-2056-en-ans_811348378_section_1_item_1_schoice_2_8400060541">
<p>
 2.430
</p>
</simpleChoice>
<simpleChoice identifier="vufsw-prediction-2056-en-ans_811348378_section_1_item_1_schoice_3_7014899819">
<p>
 2.742
</p>
</simpleChoice>
<simpleChoice identifier="vufsw-prediction-2056-en-ans_811348378_section_1_item_1_schoice_4_3981661329">
<p>
 -.539
</p>
</simpleChoice>
</choiceInteraction>
</itemBody>
<responseProcessing>
<setOutcomeValue identifier="SCORE_RESPONSE_1">
<sum>
<variable identifier="SCORE_RESPONSE_1"/>
<mapResponse identifier="vufsw-prediction-2056-en-ans_811348378_section_1_item_1_schoice_RESPONSE_1_3178333"/>
</sum>
</setOutcomeValue>
<responseCondition>
<responseIf>
<lt>
<variable identifier="SCORE_RESPONSE_1"/>
<variable identifier="MINSCORE_RESPONSE_1"/>
</lt>
<setOutcomeValue identifier="SCORE_RESPONSE_1">
<variable identifier="MINSCORE_RESPONSE_1"/>
</setOutcomeValue>
</responseIf>
</responseCondition>
<responseCondition>
<responseIf>
<isNull>
<variable identifier="vufsw-prediction-2056-en-ans_811348378_section_1_item_1_schoice_RESPONSE_1_3178333"/>
</isNull>
<setOutcomeValue identifier="SCORE_RESPONSE_1">
<sum>
<variable identifier="SCORE_RESPONSE_1"/>
<baseValue baseType="float">0</baseValue>
</sum>
</setOutcomeValue>
</responseIf>
</responseCondition>
<setOutcomeValue identifier="SCORE">
<sum>
<variable identifier="SCORE_RESPONSE_1"/>
</sum>
</setOutcomeValue>
<responseCondition>
<responseIf>
<lt>
<variable identifier="SCORE"/>
<variable identifier="MINSCORE"/>
</lt>
<setOutcomeValue identifier="SCORE">
<variable identifier="MINSCORE"/>
</setOutcomeValue>
</responseIf>
</responseCondition>
<responseCondition>
<responseIf>
<lt>
<variable identifier="SCORE"/>
<baseValue baseType="float">1</baseValue>
</lt>
<setOutcomeValue identifier="FEEDBACKMODAL">
<multiple>
<variable identifier="FEEDBACKMODAL"/>
<baseValue baseType="identifier">Feedback786953046</baseValue>
</multiple>
</setOutcomeValue>
</responseIf>
</responseCondition>
</responseProcessing>
<modalFeedback outcomeIdentifier="FEEDBACK" showHide="show" identifier="incorrect">
<ul>
<li> 1.891 <br /> False </li>
<li> 2.430 <br /> False </li>
<li> 2.742 <br /> True </li>
<li> -.539 <br /> False </li>
</ul>
</modalFeedback>
</assessmentItem>
