<?xml version="1.0" encoding="UTF-8"?>
<assessmentItem xsi:schemaLocation="http://www.imsglobal.org/xsd/imsqti_v2p1 http://www.imsglobal.org/xsd/qti/qtiv2p1/imsqti_v2p1p1.xsd http://www.w3.org/1998/Math/MathML http://www.w3.org/Math/XMLSchema/mathml2/mathml2.xsd" identifier="uva-random-variables-167-en-ans_161380993_section_1_item_1_schoice" title="Probability_uva-random-variables-167-en_uva-random-variables-167-en_schoice_1" adaptive="false" timeDependent="false" xmlns="http://www.imsglobal.org/xsd/imsqti_v2p1" xmlns:xsi="http://www.w3.org/2001/XMLSchema-instance">
<responseDeclaration identifier="uva-random-variables-167-en-ans_161380993_section_1_item_1_schoice_RESPONSE_1_6460843" cardinality="single" baseType="identifier">
<correctResponse>
<value>uva-random-variables-167-en-ans_161380993_section_1_item_1_schoice_3_7664115759</value>
</correctResponse>
<mapping defaultValue="0" lowerBound="0.0">
<mapEntry mapKey="uva-random-variables-167-en-ans_161380993_section_1_item_1_schoice_1_1965794682" mappedValue="0"/>
<mapEntry mapKey="uva-random-variables-167-en-ans_161380993_section_1_item_1_schoice_2_1731836360" mappedValue="0"/>
<mapEntry mapKey="uva-random-variables-167-en-ans_161380993_section_1_item_1_schoice_3_7664115759" mappedValue="1"/>
</mapping>
</responseDeclaration>
<outcomeDeclaration identifier="SCORE" cardinality="single" baseType="float" normalMaximum="1" normalMinimum="0">
<defaultValue>
<value>0.0</value>
</defaultValue>
</outcomeDeclaration>
<outcomeDeclaration identifier="MAXSCORE" cardinality="single" baseType="float">
<defaultValue>
<value>1</value>
</defaultValue>
</outcomeDeclaration>
<outcomeDeclaration identifier="FEEDBACKBASIC" cardinality="single" baseType="identifier" view="testConstructor">
<defaultValue>
<value>empty</value>
</defaultValue>
</outcomeDeclaration>
<outcomeDeclaration identifier="FEEDBACKMODAL" cardinality="multiple" baseType="identifier" view="testConstructor"/>
<outcomeDeclaration identifier="SOLUTIONMODAL" cardinality="single" baseType="identifier" view="testConstructor"/>
<outcomeDeclaration identifier="MINSCORE" cardinality="single" baseType="float">
<defaultValue>
<value baseType="float">0</value>
</defaultValue>
</outcomeDeclaration>
<outcomeDeclaration identifier="SCORE_RESPONSE_1" cardinality="single" baseType="float">
<defaultValue>
<value>0.0</value>
</defaultValue>
</outcomeDeclaration>
<outcomeDeclaration identifier="MINSCORE_RESPONSE_1" cardinality="single" baseType="float">
<defaultValue>
<value>0.0</value>
</defaultValue>
</outcomeDeclaration>
<itemBody>
<p>Given is the following frequency table taken from empirical research.</p>
<p>——- —— ———– Glasses No glasses male 60 20 woman 10 10 ——- —— ———–</p>
<p>What is the expected cell frequency of women without glasses under the assumption of independence?</p>
<choiceInteraction responseIdentifier="uva-random-variables-167-en-ans_161380993_section_1_item_1_schoice_RESPONSE_1_6460843" shuffle="false" maxChoices="1">
<simpleChoice identifier="uva-random-variables-167-en-ans_161380993_section_1_item_1_schoice_1_1965794682">
<p>
 6
</p>
</simpleChoice>
<simpleChoice identifier="uva-random-variables-167-en-ans_161380993_section_1_item_1_schoice_2_1731836360">
<p>
 14
</p>
</simpleChoice>
<simpleChoice identifier="uva-random-variables-167-en-ans_161380993_section_1_item_1_schoice_3_7664115759">
<p>
 24
</p>
</simpleChoice>
</choiceInteraction>
</itemBody>
<responseProcessing>
<setOutcomeValue identifier="SCORE_RESPONSE_1">
<sum>
<variable identifier="SCORE_RESPONSE_1"/>
<mapResponse identifier="uva-random-variables-167-en-ans_161380993_section_1_item_1_schoice_RESPONSE_1_6460843"/>
</sum>
</setOutcomeValue>
<responseCondition>
<responseIf>
<lt>
<variable identifier="SCORE_RESPONSE_1"/>
<variable identifier="MINSCORE_RESPONSE_1"/>
</lt>
<setOutcomeValue identifier="SCORE_RESPONSE_1">
<variable identifier="MINSCORE_RESPONSE_1"/>
</setOutcomeValue>
</responseIf>
</responseCondition>
<responseCondition>
<responseIf>
<isNull>
<variable identifier="uva-random-variables-167-en-ans_161380993_section_1_item_1_schoice_RESPONSE_1_6460843"/>
</isNull>
<setOutcomeValue identifier="SCORE_RESPONSE_1">
<sum>
<variable identifier="SCORE_RESPONSE_1"/>
<baseValue baseType="float">0</baseValue>
</sum>
</setOutcomeValue>
</responseIf>
</responseCondition>
<setOutcomeValue identifier="SCORE">
<sum>
<variable identifier="SCORE_RESPONSE_1"/>
</sum>
</setOutcomeValue>
<responseCondition>
<responseIf>
<lt>
<variable identifier="SCORE"/>
<variable identifier="MINSCORE"/>
</lt>
<setOutcomeValue identifier="SCORE">
<variable identifier="MINSCORE"/>
</setOutcomeValue>
</responseIf>
</responseCondition>
<responseCondition>
<responseIf>
<lt>
<variable identifier="SCORE"/>
<baseValue baseType="float">1</baseValue>
</lt>
<setOutcomeValue identifier="FEEDBACKMODAL">
<multiple>
<variable identifier="FEEDBACKMODAL"/>
<baseValue baseType="identifier">Feedback170255453</baseValue>
</multiple>
</setOutcomeValue>
</responseIf>
</responseCondition>
</responseProcessing>
<modalFeedback outcomeIdentifier="FEEDBACK" showHide="show" identifier="incorrect">
<ul>
<li> 6 <br /> 6:Incorrect </li>
<li> 14 <br /> 14: Incorrect </li>
<li> 24 <br /> 24: Correct </li>
</ul>
</modalFeedback>
</assessmentItem>
