<?xml version="1.0" encoding="utf-8" standalone="yes"?>
<assessmentItem identifier="uu-reliability-020-nl-tv_202209061512_item_1_schoice" title="uu-reliability-020-nl-tv_202209061512_item_1_schoice_uu-reliability-020-nl.Rmd" adaptive="false" timeDependent="false" toolName="Testvision Online" toolVersion="39.0.9084" xmlns="http://www.imsglobal.org/xsd/imsqti_v2p1">
<responseDeclaration identifier="RESPONSE" cardinality="single" baseType="identifier">
<correctResponse>
<value>alt_155949</value>
</correctResponse>
<mapping defaultValue="0" lowerBound="0.0">
<mapEntry mapKey="alt_168003" mappedValue="-0.333333333333333"/>
<mapEntry mapKey="alt_105434" mappedValue="-0.333333333333333"/>
<mapEntry mapKey="alt_317661" mappedValue="-0.333333333333333"/>
<mapEntry mapKey="alt_155949" mappedValue="1"/>
</mapping>
</responseDeclaration>
<outcomeDeclaration identifier="SCORE" cardinality="single" baseType="float" normalMaximum="1" normalMinimum="0" />
<outcomeDeclaration identifier="FEEDBACK" cardinality="single" baseType="identifier" />
<itemBody>
<p>Welk van de volgende begrippen past volgens Robson in de traditie van het kwantitatieve onderzoek?</p>
<hr />
<ul>
<li>Dit antwoord is incorrect.</li>
<li>Dit antwoord is incorrect.</li>
<li>Dit antwoord is incorrect.</li>
<li>Dit antwoord is correct.</li>
</ul>
<choiceInteraction responseIdentifier="RESPONSE" shuffle="false" maxChoices="1">
<simpleChoice identifier="alt_168003">
<div class="textblock tvblock tvcss_1"><div class="rte_zone tveditor1">
a. transparantie
</div>
</div>
</simpleChoice>
<simpleChoice identifier="alt_105434">
<div class="textblock tvblock tvcss_1"><div class="rte_zone tveditor1">
b. geloofwaardigheid (trustworthiness)
</div>
</div>
</simpleChoice>
<simpleChoice identifier="alt_317661">
<div class="textblock tvblock tvcss_1"><div class="rte_zone tveditor1">
c. saturatie
</div>
</div>
</simpleChoice>
<simpleChoice identifier="alt_155949">
<div class="textblock tvblock tvcss_1"><div class="rte_zone tveditor1">
d. betrouwbaarheid Answerlist
</div>
</div>
</simpleChoice>
</choiceInteraction>
</itemBody>
<responseProcessing>
<responseCondition>
<responseIf>
<isNull>
<variable identifier="RESPONSE"/>
</isNull>
<setOutcomeValue identifier="SCORE">
<baseValue baseType="float">0.0</baseValue>
</setOutcomeValue>
<setOutcomeValue identifier="FEEDBACK">
<baseValue baseType="identifier">FAILURE</baseValue>
</setOutcomeValue>
</responseIf>
<responseElse>
<setOutcomeValue identifier="SCORE">
<mapResponse identifier="RESPONSE"/>
</setOutcomeValue>
<responseCondition>
<responseIf>
<equal toleranceMode="relative" tolerance="0.001">
<variable identifier="SCORE"/>
<variable identifier="MAXSCORE"/>
</equal>
<setOutcomeValue identifier="FEEDBACK">
<baseValue baseType="identifier">ANSWER_CORRECT</baseValue>
</setOutcomeValue>
</responseIf>
<responseElse>
<setOutcomeValue identifier="FEEDBACK">
<baseValue baseType="identifier">FAILURE</baseValue>
</setOutcomeValue>
</responseElse>
</responseCondition>
</responseElse>
</responseCondition>
</responseProcessing>
<modalFeedback identifier="FAILURE" outcomeIdentifier="FEEDBACK" showHide="show">
<div class="textblock tvblock tvcss_1"><div class="rte_zone tveditor1">
</div>
</div>
</modalFeedback>
<modalFeedback identifier="ANSWER_CORRECT" outcomeIdentifier="FEEDBACK" showHide="show">
<div class="textblock tvblock tvcss_1"><div class="rte_zone tveditor1">
</div>
</div>
</modalFeedback>
<modalFeedback identifier="PARTIAL_CORRECT" outcomeIdentifier="FEEDBACK" showHide="show">
<div class="textblock tvblock tvcss_1"><div class="rte_zone tveditor1">
</div>
</div>
</modalFeedback>
</assessmentItem>
