<?xml version="1.0" encoding="UTF-8"?>
<assessmentItem xsi:schemaLocation="http://www.imsglobal.org/xsd/imsqti_v2p1 http://www.imsglobal.org/xsd/qti/qtiv2p1/imsqti_v2p1p1.xsd http://www.w3.org/1998/Math/MathML http://www.w3.org/Math/XMLSchema/mathml2/mathml2.xsd" identifier="vufgb-interquartilerange-005-nl-ans_805852213_section_1_item_1_schoice" title="Descriptive-statistics_vufgb-interquartilerange-005-nl_vufgb-interquartilerange-005-nl_schoice_1" adaptive="false" timeDependent="false" xmlns="http://www.imsglobal.org/xsd/imsqti_v2p1" xmlns:xsi="http://www.w3.org/2001/XMLSchema-instance">
<responseDeclaration identifier="vufgb-interquartilerange-005-nl-ans_805852213_section_1_item_1_schoice_RESPONSE_1_6710350" cardinality="single" baseType="identifier">
<correctResponse>
<value>vufgb-interquartilerange-005-nl-ans_805852213_section_1_item_1_schoice_2_2908779310</value>
</correctResponse>
<mapping defaultValue="0" lowerBound="0.0">
<mapEntry mapKey="vufgb-interquartilerange-005-nl-ans_805852213_section_1_item_1_schoice_1_2371735992" mappedValue="0"/>
<mapEntry mapKey="vufgb-interquartilerange-005-nl-ans_805852213_section_1_item_1_schoice_2_2908779310" mappedValue="1"/>
<mapEntry mapKey="vufgb-interquartilerange-005-nl-ans_805852213_section_1_item_1_schoice_3_7674629615" mappedValue="0"/>
<mapEntry mapKey="vufgb-interquartilerange-005-nl-ans_805852213_section_1_item_1_schoice_4_1556920031" mappedValue="0"/>
</mapping>
</responseDeclaration>
<outcomeDeclaration identifier="SCORE" cardinality="single" baseType="float" normalMaximum="1" normalMinimum="0">
<defaultValue>
<value>0.0</value>
</defaultValue>
</outcomeDeclaration>
<outcomeDeclaration identifier="MAXSCORE" cardinality="single" baseType="float">
<defaultValue>
<value>1</value>
</defaultValue>
</outcomeDeclaration>
<outcomeDeclaration identifier="FEEDBACKBASIC" cardinality="single" baseType="identifier" view="testConstructor">
<defaultValue>
<value>empty</value>
</defaultValue>
</outcomeDeclaration>
<outcomeDeclaration identifier="FEEDBACKMODAL" cardinality="multiple" baseType="identifier" view="testConstructor"/>
<outcomeDeclaration identifier="SOLUTIONMODAL" cardinality="single" baseType="identifier" view="testConstructor"/>
<outcomeDeclaration identifier="MINSCORE" cardinality="single" baseType="float">
<defaultValue>
<value baseType="float">0</value>
</defaultValue>
</outcomeDeclaration>
<outcomeDeclaration identifier="SCORE_RESPONSE_1" cardinality="single" baseType="float">
<defaultValue>
<value>0.0</value>
</defaultValue>
</outcomeDeclaration>
<outcomeDeclaration identifier="MINSCORE_RESPONSE_1" cardinality="single" baseType="float">
<defaultValue>
<value>0.0</value>
</defaultValue>
</outcomeDeclaration>
<itemBody>
<p>Hieronder zie je de verdeling van het aantal kinderen in een steekproef van 28 Vlaamse gezinnen in 1925. Bepaal de interkwartielafstand (<em>interquartile range</em>) voor deze verdeling.</p>
<p><img src="media/supplements1/vufgb-interquartilerange-005-nl-bargraph01.jpg" /></p>
<choiceInteraction responseIdentifier="vufgb-interquartilerange-005-nl-ans_805852213_section_1_item_1_schoice_RESPONSE_1_6710350" shuffle="false" maxChoices="1">
<simpleChoice identifier="vufgb-interquartilerange-005-nl-ans_805852213_section_1_item_1_schoice_1_2371735992">
<p>
 1
</p>
</simpleChoice>
<simpleChoice identifier="vufgb-interquartilerange-005-nl-ans_805852213_section_1_item_1_schoice_2_2908779310">
<p>
 3
</p>
</simpleChoice>
<simpleChoice identifier="vufgb-interquartilerange-005-nl-ans_805852213_section_1_item_1_schoice_3_7674629615">
<p>
 8
</p>
</simpleChoice>
<simpleChoice identifier="vufgb-interquartilerange-005-nl-ans_805852213_section_1_item_1_schoice_4_1556920031">
<p>
 10
</p>
</simpleChoice>
</choiceInteraction>
</itemBody>
<responseProcessing>
<setOutcomeValue identifier="SCORE_RESPONSE_1">
<sum>
<variable identifier="SCORE_RESPONSE_1"/>
<mapResponse identifier="vufgb-interquartilerange-005-nl-ans_805852213_section_1_item_1_schoice_RESPONSE_1_6710350"/>
</sum>
</setOutcomeValue>
<responseCondition>
<responseIf>
<lt>
<variable identifier="SCORE_RESPONSE_1"/>
<variable identifier="MINSCORE_RESPONSE_1"/>
</lt>
<setOutcomeValue identifier="SCORE_RESPONSE_1">
<variable identifier="MINSCORE_RESPONSE_1"/>
</setOutcomeValue>
</responseIf>
</responseCondition>
<responseCondition>
<responseIf>
<isNull>
<variable identifier="vufgb-interquartilerange-005-nl-ans_805852213_section_1_item_1_schoice_RESPONSE_1_6710350"/>
</isNull>
<setOutcomeValue identifier="SCORE_RESPONSE_1">
<sum>
<variable identifier="SCORE_RESPONSE_1"/>
<baseValue baseType="float">0</baseValue>
</sum>
</setOutcomeValue>
</responseIf>
</responseCondition>
<setOutcomeValue identifier="SCORE">
<sum>
<variable identifier="SCORE_RESPONSE_1"/>
</sum>
</setOutcomeValue>
<responseCondition>
<responseIf>
<lt>
<variable identifier="SCORE"/>
<variable identifier="MINSCORE"/>
</lt>
<setOutcomeValue identifier="SCORE">
<variable identifier="MINSCORE"/>
</setOutcomeValue>
</responseIf>
</responseCondition>
<responseCondition>
<responseIf>
<lt>
<variable identifier="SCORE"/>
<baseValue baseType="float">1</baseValue>
</lt>
<setOutcomeValue identifier="FEEDBACKMODAL">
<multiple>
<variable identifier="FEEDBACKMODAL"/>
<baseValue baseType="identifier">Feedback329747017</baseValue>
</multiple>
</setOutcomeValue>
</responseIf>
</responseCondition>
</responseProcessing>
<modalFeedback outcomeIdentifier="FEEDBACK" showHide="show" identifier="incorrect">
<ul>
<li> 1 <br /> Incorrect </li>
<li> 3 <br /> Correct </li>
<li> 8 <br /> Incorrect </li>
<li> 10 <br /> Incorrect </li>
</ul>
</modalFeedback>
</assessmentItem>
