<?xml version="1.0" encoding="UTF-8"?>
<assessmentItem xsi:schemaLocation="http://www.imsglobal.org/xsd/imsqti_v2p1 http://www.imsglobal.org/xsd/qti/qtiv2p1/imsqti_v2p1p1.xsd http://www.w3.org/1998/Math/MathML http://www.w3.org/Math/XMLSchema/mathml2/mathml2.xsd" identifier="vufgb-variabletype-001-nl-ans_183683471_section_1_item_1_schoice" title="Variable-type_vufgb-variabletype-001-nl_vufgb-variabletype-001-nl_schoice_1" adaptive="false" timeDependent="false" xmlns="http://www.imsglobal.org/xsd/imsqti_v2p1" xmlns:xsi="http://www.w3.org/2001/XMLSchema-instance">
<responseDeclaration identifier="vufgb-variabletype-001-nl-ans_183683471_section_1_item_1_schoice_RESPONSE_1_2938077" cardinality="single" baseType="identifier">
<correctResponse>
<value>vufgb-variabletype-001-nl-ans_183683471_section_1_item_1_schoice_3_7263447841</value>
</correctResponse>
<mapping defaultValue="0" lowerBound="0.0">
<mapEntry mapKey="vufgb-variabletype-001-nl-ans_183683471_section_1_item_1_schoice_1_5233927738" mappedValue="0"/>
<mapEntry mapKey="vufgb-variabletype-001-nl-ans_183683471_section_1_item_1_schoice_2_8017979582" mappedValue="0"/>
<mapEntry mapKey="vufgb-variabletype-001-nl-ans_183683471_section_1_item_1_schoice_3_7263447841" mappedValue="1"/>
<mapEntry mapKey="vufgb-variabletype-001-nl-ans_183683471_section_1_item_1_schoice_4_9434948483" mappedValue="0"/>
</mapping>
</responseDeclaration>
<outcomeDeclaration identifier="SCORE" cardinality="single" baseType="float" normalMaximum="1" normalMinimum="0">
<defaultValue>
<value>0.0</value>
</defaultValue>
</outcomeDeclaration>
<outcomeDeclaration identifier="MAXSCORE" cardinality="single" baseType="float">
<defaultValue>
<value>1</value>
</defaultValue>
</outcomeDeclaration>
<outcomeDeclaration identifier="FEEDBACKBASIC" cardinality="single" baseType="identifier" view="testConstructor">
<defaultValue>
<value>empty</value>
</defaultValue>
</outcomeDeclaration>
<outcomeDeclaration identifier="FEEDBACKMODAL" cardinality="multiple" baseType="identifier" view="testConstructor"/>
<outcomeDeclaration identifier="SOLUTIONMODAL" cardinality="single" baseType="identifier" view="testConstructor"/>
<outcomeDeclaration identifier="MINSCORE" cardinality="single" baseType="float">
<defaultValue>
<value baseType="float">0</value>
</defaultValue>
</outcomeDeclaration>
<outcomeDeclaration identifier="SCORE_RESPONSE_1" cardinality="single" baseType="float">
<defaultValue>
<value>0.0</value>
</defaultValue>
</outcomeDeclaration>
<outcomeDeclaration identifier="MINSCORE_RESPONSE_1" cardinality="single" baseType="float">
<defaultValue>
<value>0.0</value>
</defaultValue>
</outcomeDeclaration>
<itemBody>
<p>In een steekproef van Nederlandse werknemers met een burn-out wordt het stressniveau gemeten aan hand van het aantal nanogram cortisol per milliliter in het speeksel. Welk meetniveau heeft de gemeten variabele?</p>
<choiceInteraction responseIdentifier="vufgb-variabletype-001-nl-ans_183683471_section_1_item_1_schoice_RESPONSE_1_2938077" shuffle="false" maxChoices="1">
<simpleChoice identifier="vufgb-variabletype-001-nl-ans_183683471_section_1_item_1_schoice_1_5233927738">
<p>
 Dichotoom
</p>
</simpleChoice>
<simpleChoice identifier="vufgb-variabletype-001-nl-ans_183683471_section_1_item_1_schoice_2_8017979582">
<p>
 Ordinaal
</p>
</simpleChoice>
<simpleChoice identifier="vufgb-variabletype-001-nl-ans_183683471_section_1_item_1_schoice_3_7263447841">
<p>
 Kwantitatief
</p>
</simpleChoice>
<simpleChoice identifier="vufgb-variabletype-001-nl-ans_183683471_section_1_item_1_schoice_4_9434948483">
<p>
 Discreet
</p>
</simpleChoice>
</choiceInteraction>
</itemBody>
<responseProcessing>
<setOutcomeValue identifier="SCORE_RESPONSE_1">
<sum>
<variable identifier="SCORE_RESPONSE_1"/>
<mapResponse identifier="vufgb-variabletype-001-nl-ans_183683471_section_1_item_1_schoice_RESPONSE_1_2938077"/>
</sum>
</setOutcomeValue>
<responseCondition>
<responseIf>
<lt>
<variable identifier="SCORE_RESPONSE_1"/>
<variable identifier="MINSCORE_RESPONSE_1"/>
</lt>
<setOutcomeValue identifier="SCORE_RESPONSE_1">
<variable identifier="MINSCORE_RESPONSE_1"/>
</setOutcomeValue>
</responseIf>
</responseCondition>
<responseCondition>
<responseIf>
<isNull>
<variable identifier="vufgb-variabletype-001-nl-ans_183683471_section_1_item_1_schoice_RESPONSE_1_2938077"/>
</isNull>
<setOutcomeValue identifier="SCORE_RESPONSE_1">
<sum>
<variable identifier="SCORE_RESPONSE_1"/>
<baseValue baseType="float">0</baseValue>
</sum>
</setOutcomeValue>
</responseIf>
</responseCondition>
<setOutcomeValue identifier="SCORE">
<sum>
<variable identifier="SCORE_RESPONSE_1"/>
</sum>
</setOutcomeValue>
<responseCondition>
<responseIf>
<lt>
<variable identifier="SCORE"/>
<variable identifier="MINSCORE"/>
</lt>
<setOutcomeValue identifier="SCORE">
<variable identifier="MINSCORE"/>
</setOutcomeValue>
</responseIf>
</responseCondition>
<responseCondition>
<responseIf>
<lt>
<variable identifier="SCORE"/>
<baseValue baseType="float">1</baseValue>
</lt>
<setOutcomeValue identifier="FEEDBACKMODAL">
<multiple>
<variable identifier="FEEDBACKMODAL"/>
<baseValue baseType="identifier">Feedback190304165</baseValue>
</multiple>
</setOutcomeValue>
</responseIf>
</responseCondition>
</responseProcessing>
<modalFeedback outcomeIdentifier="FEEDBACK" showHide="show" identifier="incorrect">
<ul>
<li> Dichotoom <br /> Incorrect </li>
<li> Ordinaal <br /> Incorrect </li>
<li> Kwantitatief <br /> Correct </li>
<li> Discreet <br /> Incorrect </li>
</ul>
</modalFeedback>
</assessmentItem>
