<?xml version="1.0" encoding="utf-8" standalone="yes"?>
<assessmentItem identifier="vufsw-standarddeviation-0049-nl-tv_202307180606_item_1_schoice" title="vufsw-standarddeviation-0049-nl-tv_202307180606_item_1_schoice_vufsw-standarddeviation-0049-nl" adaptive="false" timeDependent="false" toolName="Testvision Online" toolVersion="39.0.9084" xmlns="http://www.imsglobal.org/xsd/imsqti_v2p1">
<responseDeclaration identifier="RESPONSE" cardinality="single" baseType="identifier">
<correctResponse>
<value>alt_192054</value>
</correctResponse>
<mapping defaultValue="0" lowerBound="0.0">
<mapEntry mapKey="alt_944975" mappedValue="-0.333333333333333"/>
<mapEntry mapKey="alt_939844" mappedValue="-0.333333333333333"/>
<mapEntry mapKey="alt_192054" mappedValue="1"/>
<mapEntry mapKey="alt_804777" mappedValue="-0.333333333333333"/>
</mapping>
</responseDeclaration>
<outcomeDeclaration identifier="SCORE" cardinality="single" baseType="float" normalMaximum="1" normalMinimum="0" />
<outcomeDeclaration identifier="FEEDBACK" cardinality="single" baseType="identifier" />
<itemBody>
<p>In een onderzoeksproject vergeleken onderzoekers twee bijlesprogramma’s.
Studenten werden willekeurig toegewezen aan een van de twee
bijlesprogramma’s.<br />
De onderstaande tabel laat zien:</p>
<p>Studenten die bijles-programma “<em>Boost</em>” kregen scoorden gemiddeld een
cijfer van 1,5 punten hoger dan voordat ze aan het bijles-programma
begonnen, met een standaarddeviatie van 0,5.</p>
<p>Studenten die bijles-programma “<em>Enhance</em>” kregen, scoorden gemiddeld
een cijfer van 1,0 punt hoger dan voordat ze met het bijles-programma
begonnen, met een standaarddeviatie van 1,0.</p>
<p>In welk programma was er <em>meer variatie</em> in de stijging van de
cijfers?<br />
 <br />
<img src="1641291934883.png" class="fr-fic fr-dii tvcss_2"
alt="1641291934883" /></p>
<choiceInteraction responseIdentifier="RESPONSE" shuffle="false" maxChoices="1">
<simpleChoice identifier="alt_944975">
<div class="textblock tvblock tvcss_1"><div class="rte_zone tveditor1">
 In het bijles-programma “<em>Boost</em>”, want de standaarddevatie ligt daarbij dichter bij de gemiddelde score.
</div>
</div>
</simpleChoice>
<simpleChoice identifier="alt_939844">
<div class="textblock tvblock tvcss_1"><div class="rte_zone tveditor1">
 In het bijles-programma “<em>Enhance</em>”, want de standaarddevatie ligt daarbij dichter bij de gemiddelde score.
</div>
</div>
</simpleChoice>
<simpleChoice identifier="alt_192054">
<div class="textblock tvblock tvcss_1"><div class="rte_zone tveditor1">
 In het bijles-programma “<em>Enhance</em>”, want de standaarddeviatie is daar groter.
</div>
</div>
</simpleChoice>
<simpleChoice identifier="alt_804777">
<div class="textblock tvblock tvcss_1"><div class="rte_zone tveditor1">
 In het bijles-programma “<em>Boost</em>”, want de standaarddeviatie is daar kleiner.
</div>
</div>
</simpleChoice>
</choiceInteraction>
</itemBody>
<responseProcessing>
<responseCondition>
<responseIf>
<isNull>
<variable identifier="RESPONSE"/>
</isNull>
<setOutcomeValue identifier="SCORE">
<baseValue baseType="float">0.0</baseValue>
</setOutcomeValue>
<setOutcomeValue identifier="FEEDBACK">
<baseValue baseType="identifier">FAILURE</baseValue>
</setOutcomeValue>
</responseIf>
<responseElse>
<setOutcomeValue identifier="SCORE">
<mapResponse identifier="RESPONSE"/>
</setOutcomeValue>
<responseCondition>
<responseIf>
<equal toleranceMode="relative" tolerance="0.001">
<variable identifier="SCORE"/>
<variable identifier="MAXSCORE"/>
</equal>
<setOutcomeValue identifier="FEEDBACK">
<baseValue baseType="identifier">ANSWER_CORRECT</baseValue>
</setOutcomeValue>
</responseIf>
<responseElse>
<setOutcomeValue identifier="FEEDBACK">
<baseValue baseType="identifier">FAILURE</baseValue>
</setOutcomeValue>
</responseElse>
</responseCondition>
</responseElse>
</responseCondition>
</responseProcessing>
<modalFeedback identifier="FAILURE" outcomeIdentifier="FEEDBACK" showHide="show">
<div class="textblock tvblock tvcss_1"><div class="rte_zone tveditor1">
 In het bijles-programma “<em>Boost</em>”, want de standaarddevatie ligt daarbij dichter bij de gemiddelde score. <br /> False 
 In het bijles-programma “<em>Enhance</em>”, want de standaarddevatie ligt daarbij dichter bij de gemiddelde score. <br /> False 
 In het bijles-programma “<em>Enhance</em>”, want de standaarddeviatie is daar groter. <br /> True 
 In het bijles-programma “<em>Boost</em>”, want de standaarddeviatie is daar kleiner. <br /> False 
</div>
</div>
</modalFeedback>
<modalFeedback identifier="ANSWER_CORRECT" outcomeIdentifier="FEEDBACK" showHide="show">
<div class="textblock tvblock tvcss_1"><div class="rte_zone tveditor1">
 In het bijles-programma “<em>Boost</em>”, want de standaarddevatie ligt daarbij dichter bij de gemiddelde score. <br /> False 
 In het bijles-programma “<em>Enhance</em>”, want de standaarddevatie ligt daarbij dichter bij de gemiddelde score. <br /> False 
 In het bijles-programma “<em>Enhance</em>”, want de standaarddeviatie is daar groter. <br /> True 
 In het bijles-programma “<em>Boost</em>”, want de standaarddeviatie is daar kleiner. <br /> False 
</div>
</div>
</modalFeedback>
<modalFeedback identifier="PARTIAL_CORRECT" outcomeIdentifier="FEEDBACK" showHide="show">
<div class="textblock tvblock tvcss_1"><div class="rte_zone tveditor1">
 In het bijles-programma “<em>Boost</em>”, want de standaarddevatie ligt daarbij dichter bij de gemiddelde score. <br /> False 
 In het bijles-programma “<em>Enhance</em>”, want de standaarddevatie ligt daarbij dichter bij de gemiddelde score. <br /> False 
 In het bijles-programma “<em>Enhance</em>”, want de standaarddeviatie is daar groter. <br /> True 
 In het bijles-programma “<em>Boost</em>”, want de standaarddeviatie is daar kleiner. <br /> False 
</div>
</div>
</modalFeedback>
</assessmentItem>
