<?xml version="1.0" encoding="utf-8" standalone="yes"?>
<assessmentItem identifier="uva-rules-for-expected-values-614-nl-tv_202404291202_item_1_schoice" title="uva-rules-for-expected-values-614-nl-tv_202404291202_item_1_schoice_uva-rules-for-expected-values-614-nl" adaptive="false" timeDependent="false" toolName="Testvision Online" toolVersion="39.0.9084" xmlns="http://www.imsglobal.org/xsd/imsqti_v2p1">
<responseDeclaration identifier="RESPONSE" cardinality="single" baseType="identifier">
<correctResponse>
<value>alt_727242</value>
</correctResponse>
<mapping defaultValue="0" lowerBound="0.0">
<mapEntry mapKey="alt_966786" mappedValue="-0.333333333333333"/>
<mapEntry mapKey="alt_727242" mappedValue="1"/>
<mapEntry mapKey="alt_203864" mappedValue="-0.333333333333333"/>
<mapEntry mapKey="alt_783804" mappedValue="-0.333333333333333"/>
</mapping>
</responseDeclaration>
<outcomeDeclaration identifier="SCORE" cardinality="single" baseType="float" normalMaximum="1" normalMinimum="0" />
<outcomeDeclaration identifier="FEEDBACK" cardinality="single" baseType="identifier" />
<itemBody>
<p>Van 200 personen is het geslacht en de oorspronkelijke haarkleur
bepaald. De uitkomsten staan in de volgende kruistabel:</p>
<table>
<tbody>
<tr class="odd">
<td align="left"> </td>
<td align="left">zwart</td>
<td align="left">bruin</td>
<td align="left">blond</td>
<td align="left">rood</td>
<td align="left"> </td>
</tr>
<tr class="even">
<td align="left">vrouw</td>
<td align="left">30</td>
<td align="left">26</td>
<td align="left">54</td>
<td align="left">10</td>
<td align="left">120</td>
</tr>
<tr class="odd">
<td align="left">man</td>
<td align="left">10</td>
<td align="left">24</td>
<td align="left">36</td>
<td align="left">10</td>
<td align="left">80</td>
</tr>
<tr class="even">
<td align="left"> </td>
<td align="left">40</td>
<td align="left">50</td>
<td align="left">90</td>
<td align="left">20</td>
<td align="left">200</td>
</tr>
</tbody>
</table>
<p>Uit deze 200 personen wordt aselect één persoon getrokken.<br />
We definiëren de volgende twee gebeurtenissen:<br />
A: de oorspronkelijke haarkleur van de persoon is zwart.<br />
B: de persoon is van het vrouwelijk geslacht.P(A ∪ B) =</p>
<choiceInteraction responseIdentifier="RESPONSE" shuffle="false" maxChoices="1">
<simpleChoice identifier="alt_966786">
<div class="textblock tvblock tvcss_1"><div class="rte_zone tveditor1">
 0.15
</div>
</div>
</simpleChoice>
<simpleChoice identifier="alt_727242">
<div class="textblock tvblock tvcss_1"><div class="rte_zone tveditor1">
 0.65
</div>
</div>
</simpleChoice>
<simpleChoice identifier="alt_203864">
<div class="textblock tvblock tvcss_1"><div class="rte_zone tveditor1">
 0.8
</div>
</div>
</simpleChoice>
<simpleChoice identifier="alt_783804">
<div class="textblock tvblock tvcss_1"><div class="rte_zone tveditor1">
 0.25
</div>
</div>
</simpleChoice>
</choiceInteraction>
</itemBody>
<responseProcessing>
<responseCondition>
<responseIf>
<isNull>
<variable identifier="RESPONSE"/>
</isNull>
<setOutcomeValue identifier="SCORE">
<baseValue baseType="float">0.0</baseValue>
</setOutcomeValue>
<setOutcomeValue identifier="FEEDBACK">
<baseValue baseType="identifier">FAILURE</baseValue>
</setOutcomeValue>
</responseIf>
<responseElse>
<setOutcomeValue identifier="SCORE">
<mapResponse identifier="RESPONSE"/>
</setOutcomeValue>
<responseCondition>
<responseIf>
<equal toleranceMode="relative" tolerance="0.001">
<variable identifier="SCORE"/>
<variable identifier="MAXSCORE"/>
</equal>
<setOutcomeValue identifier="FEEDBACK">
<baseValue baseType="identifier">ANSWER_CORRECT</baseValue>
</setOutcomeValue>
</responseIf>
<responseElse>
<setOutcomeValue identifier="FEEDBACK">
<baseValue baseType="identifier">FAILURE</baseValue>
</setOutcomeValue>
</responseElse>
</responseCondition>
</responseElse>
</responseCondition>
</responseProcessing>
<modalFeedback identifier="FAILURE" outcomeIdentifier="FEEDBACK" showHide="show">
<div class="textblock tvblock tvcss_1"><div class="rte_zone tveditor1">
<ul>
<li> 0.15 <br /> 0.15: Incorrect </li>
<li> 0.65 <br /> 0.65: Correct </li>
<li> 0.8 <br /> 0.8: Incorrect </li>
<li> 0.25 <br /> 0.25: Incorrect </li>
</ul>
</div>
</div>
</modalFeedback>
<modalFeedback identifier="ANSWER_CORRECT" outcomeIdentifier="FEEDBACK" showHide="show">
<div class="textblock tvblock tvcss_1"><div class="rte_zone tveditor1">
<ul>
<li> 0.15 <br /> 0.15: Incorrect </li>
<li> 0.65 <br /> 0.65: Correct </li>
<li> 0.8 <br /> 0.8: Incorrect </li>
<li> 0.25 <br /> 0.25: Incorrect </li>
</ul>
</div>
</div>
</modalFeedback>
<modalFeedback identifier="PARTIAL_CORRECT" outcomeIdentifier="FEEDBACK" showHide="show">
<div class="textblock tvblock tvcss_1"><div class="rte_zone tveditor1">
<ul>
<li> 0.15 <br /> 0.15: Incorrect </li>
<li> 0.65 <br /> 0.65: Correct </li>
<li> 0.8 <br /> 0.8: Incorrect </li>
<li> 0.25 <br /> 0.25: Incorrect </li>
</ul>
</div>
</div>
</modalFeedback>
</assessmentItem>
