<?xml version="1.0" encoding="utf-8" standalone="yes"?>
<assessmentItem identifier="vufgb-prediction-005-en-tv_202510071724_item_1_schoice" title="vufgb-prediction-005-en-tv_202510071724_item_1_schoice_vufgb-prediction-005-en" adaptive="false" timeDependent="false" toolName="Testvision Online" toolVersion="39.0.9084" xmlns="http://www.imsglobal.org/xsd/imsqti_v2p1">
<responseDeclaration identifier="RESPONSE" cardinality="single" baseType="identifier">
<correctResponse>
<value>alt_747334</value>
</correctResponse>
<mapping defaultValue="0" lowerBound="0.0">
<mapEntry mapKey="alt_747334" mappedValue="1"/>
<mapEntry mapKey="alt_751811" mappedValue="-0.333333333333333"/>
<mapEntry mapKey="alt_376992" mappedValue="-0.333333333333333"/>
<mapEntry mapKey="alt_888504" mappedValue="-0.333333333333333"/>
</mapping>
</responseDeclaration>
<outcomeDeclaration identifier="SCORE" cardinality="single" baseType="float" normalMaximum="1" normalMinimum="0" />
<outcomeDeclaration identifier="FEEDBACK" cardinality="single" baseType="identifier" />
<stylesheet href="css/vufgb-prediction-005-en-tv_202510071724_item_1_schoice.css" type="text/css" />
<itemBody>
<p>A master’s thesis student examines the relationship between growing up in a chaotic household (<math display="inline" xmlns="http://www.w3.org/1998/Math/MathML"><semantics><msub><mi>D</mi><mn>1</mn></msub><annotation encoding="application/x-tex">D_{1}</annotation></semantics></math>: 0=not, 1=well) and ADHD symptoms in children (<em>Y</em>). She hypothesized that the strength of this relationship depends on having or not having a risk allele in a dopamine gene (<math display="inline" xmlns="http://www.w3.org/1998/Math/MathML"><semantics><msub><mi>D</mi><mn>2</mn></msub><annotation encoding="application/x-tex">D_{2}</annotation></semantics></math>: 0=not, 1=well). She finds the following estimated regression equation:</p>
<p><math display="inline" xmlns="http://www.w3.org/1998/Math/MathML"><semantics><mrow><mi>Y</mi><mi>′</mi><mo>=</mo><mn>7</mn><mo>+</mo><mn>3</mn><msub><mi>D</mi><mn>1</mn></msub><mo>+</mo><mn>5</mn><msub><mi>D</mi><mn>2</mn></msub><mo>+</mo><mn>4</mn><msub><mi>D</mi><mn>1</mn></msub><msub><mi>D</mi><mn>2</mn></msub></mrow><annotation encoding="application/x-tex">Y&#39;= 7+3D_{1}+5D_{2}+4D_{1}D_{2}</annotation></semantics></math>.</p>
<p>Calculate the predicted score on ADHD symptoms if a child did grow up in a chaotic household, but has no risk allele in the dopamine gene.</p>
<choiceInteraction responseIdentifier="RESPONSE" shuffle="false" maxChoices="1">
<simpleChoice identifier="alt_747334">
<div class="textblock tvblock tvcss_1"><div class="rte_zone tveditor1">
 10
</div>
</div>
</simpleChoice>
<simpleChoice identifier="alt_751811">
<div class="textblock tvblock tvcss_1"><div class="rte_zone tveditor1">
 12
</div>
</div>
</simpleChoice>
<simpleChoice identifier="alt_376992">
<div class="textblock tvblock tvcss_1"><div class="rte_zone tveditor1">
 14
</div>
</div>
</simpleChoice>
<simpleChoice identifier="alt_888504">
<div class="textblock tvblock tvcss_1"><div class="rte_zone tveditor1">
 16
</div>
</div>
</simpleChoice>
</choiceInteraction>
</itemBody>
<responseProcessing>
<responseCondition>
<responseIf>
<isNull>
<variable identifier="RESPONSE"/>
</isNull>
<setOutcomeValue identifier="SCORE">
<baseValue baseType="float">0.0</baseValue>
</setOutcomeValue>
<setOutcomeValue identifier="FEEDBACK">
<baseValue baseType="identifier">FAILURE</baseValue>
</setOutcomeValue>
</responseIf>
<responseElse>
<setOutcomeValue identifier="SCORE">
<mapResponse identifier="RESPONSE"/>
</setOutcomeValue>
<responseCondition>
<responseIf>
<equal toleranceMode="relative" tolerance="0.001">
<variable identifier="SCORE"/>
<variable identifier="MAXSCORE"/>
</equal>
<setOutcomeValue identifier="FEEDBACK">
<baseValue baseType="identifier">ANSWER_CORRECT</baseValue>
</setOutcomeValue>
</responseIf>
<responseElse>
<setOutcomeValue identifier="FEEDBACK">
<baseValue baseType="identifier">FAILURE</baseValue>
</setOutcomeValue>
</responseElse>
</responseCondition>
</responseElse>
</responseCondition>
</responseProcessing>
<modalFeedback identifier="FAILURE" outcomeIdentifier="FEEDBACK" showHide="show">
<div class="textblock tvblock tvcss_1"><div class="rte_zone tveditor1">
<ul>
<li> 10 <br /> Correct </li>
<li> 12 <br /> Incorrect </li>
<li> 14 <br /> Incorrect </li>
<li> 16 <br /> Incorrect </li>
</ul>
</div>
</div>
</modalFeedback>
<modalFeedback identifier="ANSWER_CORRECT" outcomeIdentifier="FEEDBACK" showHide="show">
<div class="textblock tvblock tvcss_1"><div class="rte_zone tveditor1">
<ul>
<li> 10 <br /> Correct </li>
<li> 12 <br /> Incorrect </li>
<li> 14 <br /> Incorrect </li>
<li> 16 <br /> Incorrect </li>
</ul>
</div>
</div>
</modalFeedback>
<modalFeedback identifier="PARTIAL_CORRECT" outcomeIdentifier="FEEDBACK" showHide="show">
<div class="textblock tvblock tvcss_1"><div class="rte_zone tveditor1">
<ul>
<li> 10 <br /> Correct </li>
<li> 12 <br /> Incorrect </li>
<li> 14 <br /> Incorrect </li>
<li> 16 <br /> Incorrect </li>
</ul>
</div>
</div>
</modalFeedback>
</assessmentItem>
