<?xml version="1.0" encoding="UTF-8"?>
<assessmentItem xsi:schemaLocation="http://www.imsglobal.org/xsd/imsqti_v2p1 http://www.imsglobal.org/xsd/qti/qtiv2p1/imsqti_v2p1p1.xsd http://www.w3.org/1998/Math/MathML http://www.w3.org/Math/XMLSchema/mathml2/mathml2.xsd" identifier="uva-power-1572-en-qti_963871970_section_1_item_1_schoice" title="1" adaptive="false" timeDependent="false" xmlns="http://www.imsglobal.org/xsd/imsqti_v2p1" xmlns:xsi="http://www.w3.org/2001/XMLSchema-instance">
<responseDeclaration identifier="uva-power-1572-en-qti_963871970_section_1_item_1_schoice_RESPONSE_1_6311872" cardinality="single" baseType="identifier">
<correctResponse>
<value>uva-power-1572-en-qti_963871970_section_1_item_1_schoice_2_4146470254</value>
</correctResponse>
<mapping defaultValue="0" lowerBound="0.0">
<mapEntry mapKey="uva-power-1572-en-qti_963871970_section_1_item_1_schoice_1_8757161539" mappedValue="0"/>
<mapEntry mapKey="uva-power-1572-en-qti_963871970_section_1_item_1_schoice_2_4146470254" mappedValue="1"/>
<mapEntry mapKey="uva-power-1572-en-qti_963871970_section_1_item_1_schoice_3_9765095351" mappedValue="0"/>
</mapping>
</responseDeclaration>
<outcomeDeclaration identifier="SCORE" cardinality="single" baseType="float" normalMaximum="1" normalMinimum="0">
<defaultValue>
<value>0.0</value>
</defaultValue>
</outcomeDeclaration>
<outcomeDeclaration identifier="MAXSCORE" cardinality="single" baseType="float">
<defaultValue>
<value>1</value>
</defaultValue>
</outcomeDeclaration>
<outcomeDeclaration identifier="FEEDBACKBASIC" cardinality="single" baseType="identifier" view="testConstructor">
<defaultValue>
<value>empty</value>
</defaultValue>
</outcomeDeclaration>
<outcomeDeclaration identifier="FEEDBACKMODAL" cardinality="multiple" baseType="identifier" view="testConstructor"/>
<outcomeDeclaration identifier="SOLUTIONMODAL" cardinality="single" baseType="identifier" view="testConstructor"/>
<outcomeDeclaration identifier="MINSCORE" cardinality="single" baseType="float">
<defaultValue>
<value baseType="float">0</value>
</defaultValue>
</outcomeDeclaration>
<outcomeDeclaration identifier="SCORE_RESPONSE_1" cardinality="single" baseType="float">
<defaultValue>
<value>0.0</value>
</defaultValue>
</outcomeDeclaration>
<outcomeDeclaration identifier="MINSCORE_RESPONSE_1" cardinality="single" baseType="float">
<defaultValue>
<value>0.0</value>
</defaultValue>
</outcomeDeclaration>
<itemBody>
<p>One tests H<sub>1</sub>: p = 0.4 against H<sub>2</sub>: p = 0.2 in a random sample of n = 10 observations. Testing quantity is the binomially distributed stochast B, the number of successes in the sample. As the left critical limit, the value 2 is used. The discernment power 1 - β is then equal to</p>
<choiceInteraction responseIdentifier="uva-power-1572-en-qti_963871970_section_1_item_1_schoice_RESPONSE_1_6311872" shuffle="false" maxChoices="1">
<simpleChoice identifier="uva-power-1572-en-qti_963871970_section_1_item_1_schoice_1_8757161539">
<p>
 0.86
</p>
</simpleChoice>
<simpleChoice identifier="uva-power-1572-en-qti_963871970_section_1_item_1_schoice_2_4146470254">
<p>
 0.9
</p>
</simpleChoice>
<simpleChoice identifier="uva-power-1572-en-qti_963871970_section_1_item_1_schoice_3_9765095351">
<p>
 0.96
</p>
</simpleChoice>
</choiceInteraction>
</itemBody>
<responseProcessing>
<setOutcomeValue identifier="SCORE_RESPONSE_1">
<sum>
<variable identifier="SCORE_RESPONSE_1"/>
<mapResponse identifier="uva-power-1572-en-qti_963871970_section_1_item_1_schoice_RESPONSE_1_6311872"/>
</sum>
</setOutcomeValue>
<responseCondition>
<responseIf>
<lt>
<variable identifier="SCORE_RESPONSE_1"/>
<variable identifier="MINSCORE_RESPONSE_1"/>
</lt>
<setOutcomeValue identifier="SCORE_RESPONSE_1">
<variable identifier="MINSCORE_RESPONSE_1"/>
</setOutcomeValue>
</responseIf>
</responseCondition>
<responseCondition>
<responseIf>
<isNull>
<variable identifier="uva-power-1572-en-qti_963871970_section_1_item_1_schoice_RESPONSE_1_6311872"/>
</isNull>
<setOutcomeValue identifier="SCORE_RESPONSE_1">
<sum>
<variable identifier="SCORE_RESPONSE_1"/>
<baseValue baseType="float">0</baseValue>
</sum>
</setOutcomeValue>
</responseIf>
</responseCondition>
<setOutcomeValue identifier="SCORE">
<sum>
<variable identifier="SCORE_RESPONSE_1"/>
</sum>
</setOutcomeValue>
<responseCondition>
<responseIf>
<lt>
<variable identifier="SCORE"/>
<variable identifier="MINSCORE"/>
</lt>
<setOutcomeValue identifier="SCORE">
<variable identifier="MINSCORE"/>
</setOutcomeValue>
</responseIf>
</responseCondition>
<responseCondition>
<responseIf>
<lt>
<variable identifier="SCORE"/>
<baseValue baseType="float">1</baseValue>
</lt>
<setOutcomeValue identifier="FEEDBACKMODAL">
<multiple>
<variable identifier="FEEDBACKMODAL"/>
<baseValue baseType="identifier">Feedback295613866</baseValue>
</multiple>
</setOutcomeValue>
</responseIf>
</responseCondition>
</responseProcessing>
<modalFeedback identifier="Feedback295613866" outcomeIdentifier="FEEDBACKMODAL" showHide="show">
<ul>
<li> 0.86 <br /> 0.86: Incorrect </li>
<li> 0.9 <br /> 0.9: Correct </li>
<li> 0.96 <br /> 0.96: Incorrect </li>
</ul>
</modalFeedback>
</assessmentItem>
