<?xml version="1.0" encoding="UTF-8"?>
<!DOCTYPE questestinterop SYSTEM "ims_qtiasiv1p2p1.dtd">

<questestinterop xmlns="http://www.imsglobal.org/xsd/ims_qtiasiv1p2" xmlns:xsi="http://www.w3.org/2001/XMLSchema-instance" xsi:schemaLocation="http://www.imsglobal.org/xsd/ims_qtiasiv1p2 http://www.imsglobal.org/xsd/ims_qtiasiv1p2p1.xsd">
<assessment ident="uva-variance-625-nl-canvas_234094990" title="uva-variance-625-nl-canvas">

<qtimetadata>
<qtimetadatafield>
<fieldlabel>cc_maxattempts</fieldlabel>
<fieldentry>1</fieldentry>
</qtimetadatafield>
<qtimetadatafield>
<fieldlabel>qmd_assessmenttype</fieldlabel>
<fieldentry>Assessment</fieldentry>
</qtimetadatafield>
</qtimetadata>
<objectives>
<material>
<mattext><![CDATA[Please solve the following exercises.]]></mattext>
</material>
</objectives>
<assessmentcontrol feedbackswitch="No" hintswitch="No" solutionswitch="Yes"/>
<outcomes_processing scoremodel="SumOfScores">
<outcomes>
<decvar varname="SCORE" vartype="Decimal" cutvalue="0"/>
</outcomes>
</outcomes_processing>
<assessfeedback title="AssessmentFeedback" ident="AssessmentFeedback">
<flow_mat>
<material>
<mattext>##AssessmentFeedback##</mattext>
</material>
</flow_mat>
</assessfeedback>

<section ident="uva-variance-625-nl-canvas_234094990_section_1" title="Exercise">

<objectives>
<material>
<mattext><![CDATA[Please answer the following question.]]></mattext>
</material>
</objectives>
<selection_ordering>
<selection>
<selection_number>1</selection_number>
<selection_extension>
<points_per_item>1</points_per_item>
</selection_extension>
</selection>
<order order_type="Random"/>
</selection_ordering>

<item ident="uva-variance-625-nl-canvas_234094990_section_1_item_1_schoice" title="Question" maxattempts="1">
<itemcontrol feedbackswitch="No" hintswitch="No" solutionswitch="Yes"/>
<itemmetadata>
<qtimetadata>
<qtimetadatafield>
<fieldlabel>question_type</fieldlabel>
<fieldentry>multiple_choice_question</fieldentry>
</qtimetadatafield>
</qtimetadata>
</itemmetadata>
<presentation>
<flow>
<material>
<matbreak/>
<mattext texttype="text/html" charset="utf-8"><![CDATA[
<p>Uit ieder van twee normaal verdeelde populaties met gelijke varianties
wordt een steekproef getrokken. Voor de eerste steekproef geldt n = 4,
s<sup>²</sup> = 30, voor de tweede geldt n = 6, s<sup>²</sup> = 20. De beste schatter voor
de gezamenlijke populatievariantie is</p>
]]></mattext>
<matbreak/>
</material>
<response_lid ident="uva-variance-625-nl-canvas_234094990_section_1_item_1_schoice_RESPONSE_1051145" rcardinality="Single" rtiming="No">
<render_choice shuffle="No">
<flow_label class="List">
<response_label ident="uva-variance-625-nl-canvas_234094990_section_1_item_1_schoice_2570072909" rshuffle="No">
<material>
<mattext texttype="text/html" charset="utf-8"><![CDATA[
 24
]]></mattext>
</material>
</response_label>
</flow_label>
<flow_label class="List">
<response_label ident="uva-variance-625-nl-canvas_234094990_section_1_item_1_schoice_6621762573" rshuffle="No">
<material>
<mattext texttype="text/html" charset="utf-8"><![CDATA[
 25
]]></mattext>
</material>
</response_label>
</flow_label>
<flow_label class="List">
<response_label ident="uva-variance-625-nl-canvas_234094990_section_1_item_1_schoice_1580559212" rshuffle="No">
<material>
<mattext texttype="text/html" charset="utf-8"><![CDATA[
 30
]]></mattext>
</material>
</response_label>
</flow_label>
<flow_label class="List">
<response_label ident="uva-variance-625-nl-canvas_234094990_section_1_item_1_schoice_8085767039" rshuffle="No">
<material>
<mattext texttype="text/html" charset="utf-8"><![CDATA[
 23.75
]]></mattext>
</material>
</response_label>
</flow_label>
</render_choice>
</response_lid>
</flow>
</presentation>
<resprocessing>
<outcomes>
<decvar varname="SCORE" vartype="Decimal" defaultval="0" minvalue="0" maxvalue="1" cutvalue="1"/>
</outcomes>
<respcondition title="Mastery" continue="No">
<conditionvar>
<and>
<varequal respident="uva-variance-625-nl-canvas_234094990_section_1_item_1_schoice_RESPONSE_1051145" case="Yes">uva-variance-625-nl-canvas_234094990_section_1_item_1_schoice_8085767039</varequal>
<not> <varequal respident="uva-variance-625-nl-canvas_234094990_section_1_item_1_schoice_RESPONSE_1051145" case="Yes">uva-variance-625-nl-canvas_234094990_section_1_item_1_schoice_2570072909</varequal> </not>
<not> <varequal respident="uva-variance-625-nl-canvas_234094990_section_1_item_1_schoice_RESPONSE_1051145" case="Yes">uva-variance-625-nl-canvas_234094990_section_1_item_1_schoice_6621762573</varequal> </not>
<not> <varequal respident="uva-variance-625-nl-canvas_234094990_section_1_item_1_schoice_RESPONSE_1051145" case="Yes">uva-variance-625-nl-canvas_234094990_section_1_item_1_schoice_1580559212</varequal> </not>
</and>
</conditionvar>
<setvar varname="SCORE" action="Set">1</setvar>
<displayfeedback feedbacktype="Response" linkrefid="correct_fb"/>
</respcondition>
<respcondition continue="Yes">
<conditionvar>
<other/>
</conditionvar>
<displayfeedback feedbacktype="Response" linkrefid="general_incorrect_fb"/>
</respcondition>
</resprocessing>
<itemfeedback ident="correct_fb" view="All">
<flow_mat>
<material>
<mattext texttype="text/html"><![CDATA[
<ul>
<li> 24 <br /> 24: Incorrect </li>
<li> 25 <br /> 25: Incorrect </li>
<li> 30 <br /> 30: Incorrect </li>
<li> 23.75 <br /> 23.75: Correct </li>
</ul>
]]></mattext>
</material>
</flow_mat>
</itemfeedback>
<itemfeedback ident="general_incorrect_fb" view="All">
<flow_mat>
<material>
<mattext texttype="text/html"><![CDATA[
<ul>
<li> 24 <br /> 24: Incorrect </li>
<li> 25 <br /> 25: Incorrect </li>
<li> 30 <br /> 30: Incorrect </li>
<li> 23.75 <br /> 23.75: Correct </li>
</ul>
]]></mattext>
</material>
</flow_mat>
</itemfeedback>
</item>


</section>

</assessment>
</questestinterop>
