<?xml version="1.0" encoding="UTF-8"?>
<!DOCTYPE questestinterop SYSTEM "ims_qtiasiv1p2p1.dtd">

<questestinterop xmlns="http://www.imsglobal.org/xsd/ims_qtiasiv1p2" xmlns:xsi="http://www.w3.org/2001/XMLSchema-instance" xsi:schemaLocation="http://www.imsglobal.org/xsd/ims_qtiasiv1p2 http://www.imsglobal.org/xsd/ims_qtiasiv1p2p1.xsd">
<assessment ident="vufsw-mediation-2004-nl-canvas_188257511" title="vufsw-mediation-2004-nl-canvas">

<qtimetadata>
<qtimetadatafield>
<fieldlabel>cc_maxattempts</fieldlabel>
<fieldentry>1</fieldentry>
</qtimetadatafield>
<qtimetadatafield>
<fieldlabel>qmd_assessmenttype</fieldlabel>
<fieldentry>Assessment</fieldentry>
</qtimetadatafield>
</qtimetadata>
<objectives>
<material>
<mattext><![CDATA[Please solve the following exercises.]]></mattext>
</material>
</objectives>
<assessmentcontrol feedbackswitch="No" hintswitch="No" solutionswitch="Yes"/>
<outcomes_processing scoremodel="SumOfScores">
<outcomes>
<decvar varname="SCORE" vartype="Decimal" cutvalue="0"/>
</outcomes>
</outcomes_processing>
<assessfeedback title="AssessmentFeedback" ident="AssessmentFeedback">
<flow_mat>
<material>
<mattext>##AssessmentFeedback##</mattext>
</material>
</flow_mat>
</assessfeedback>

<section ident="vufsw-mediation-2004-nl-canvas_188257511_section_1" title="Exercise">

<objectives>
<material>
<mattext><![CDATA[Please answer the following question.]]></mattext>
</material>
</objectives>
<selection_ordering>
<selection>
<selection_number>1</selection_number>
<selection_extension>
<points_per_item>1</points_per_item>
</selection_extension>
</selection>
<order order_type="Random"/>
</selection_ordering>

<item ident="vufsw-mediation-2004-nl-canvas_188257511_section_1_item_1_schoice" title="Question" maxattempts="1">
<itemcontrol feedbackswitch="No" hintswitch="No" solutionswitch="Yes"/>
<itemmetadata>
<qtimetadata>
<qtimetadatafield>
<fieldlabel>question_type</fieldlabel>
<fieldentry>multiple_choice_question</fieldentry>
</qtimetadatafield>
</qtimetadata>
</itemmetadata>
<presentation>
<flow>
<material>
<matbreak/>
<mattext texttype="text/html" charset="utf-8"><![CDATA[
<p>Voor deze vraag is data over uitgaansactiviteiten gebruikt. Hieronder
vind je een padmodel (zonder errors). Hierin wordt de populaire cultuur
(zjcul1) verklaard uit opleiding (educ) en inkomen. De output die
eronder staat, geeft de resultaten van de padanalyses weer.<em> </em>NB: laat
je niet in verwarring brengen als je antwoord licht verschilt van de
antwoordcategorieën; dit kunnen afrondingsfouten zijn.*</p>
<p><img src="data/supplements_1_1/1657817799761.png" /></p>
<p><img src="data/supplements_1_1/1657817809039.png" />*</p>
<p><img src="data/supplements_1_1/1657817812641.png" />
<img src="data/supplements_1_1/1657817959608.png" /></p>
<p>Hoe groot is het totale (causale) effect van opleiding op populaire
cultuur?</p>
]]></mattext>
<matbreak/>
</material>
<response_lid ident="vufsw-mediation-2004-nl-canvas_188257511_section_1_item_1_schoice_RESPONSE_1995305" rcardinality="Single" rtiming="No">
<render_choice shuffle="No">
<flow_label class="List">
<response_label ident="vufsw-mediation-2004-nl-canvas_188257511_section_1_item_1_schoice_3808521082" rshuffle="No">
<material>
<mattext texttype="text/html" charset="utf-8"><![CDATA[
 0.755
]]></mattext>
</material>
</response_label>
</flow_label>
<flow_label class="List">
<response_label ident="vufsw-mediation-2004-nl-canvas_188257511_section_1_item_1_schoice_4496721463" rshuffle="No">
<material>
<mattext texttype="text/html" charset="utf-8"><![CDATA[
 0.293
]]></mattext>
</material>
</response_label>
</flow_label>
<flow_label class="List">
<response_label ident="vufsw-mediation-2004-nl-canvas_188257511_section_1_item_1_schoice_1741564634" rshuffle="No">
<material>
<mattext texttype="text/html" charset="utf-8"><![CDATA[
 0.040
]]></mattext>
</material>
</response_label>
</flow_label>
<flow_label class="List">
<response_label ident="vufsw-mediation-2004-nl-canvas_188257511_section_1_item_1_schoice_4744909623" rshuffle="No">
<material>
<mattext texttype="text/html" charset="utf-8"><![CDATA[
 0.253
]]></mattext>
</material>
</response_label>
</flow_label>
</render_choice>
</response_lid>
</flow>
</presentation>
<resprocessing>
<outcomes>
<decvar varname="SCORE" vartype="Decimal" defaultval="0" minvalue="0" maxvalue="1" cutvalue="1"/>
</outcomes>
<respcondition title="Mastery" continue="No">
<conditionvar>
<and>
<varequal respident="vufsw-mediation-2004-nl-canvas_188257511_section_1_item_1_schoice_RESPONSE_1995305" case="Yes">vufsw-mediation-2004-nl-canvas_188257511_section_1_item_1_schoice_4496721463</varequal>
<not> <varequal respident="vufsw-mediation-2004-nl-canvas_188257511_section_1_item_1_schoice_RESPONSE_1995305" case="Yes">vufsw-mediation-2004-nl-canvas_188257511_section_1_item_1_schoice_3808521082</varequal> </not>
<not> <varequal respident="vufsw-mediation-2004-nl-canvas_188257511_section_1_item_1_schoice_RESPONSE_1995305" case="Yes">vufsw-mediation-2004-nl-canvas_188257511_section_1_item_1_schoice_1741564634</varequal> </not>
<not> <varequal respident="vufsw-mediation-2004-nl-canvas_188257511_section_1_item_1_schoice_RESPONSE_1995305" case="Yes">vufsw-mediation-2004-nl-canvas_188257511_section_1_item_1_schoice_4744909623</varequal> </not>
</and>
</conditionvar>
<setvar varname="SCORE" action="Set">1</setvar>
<displayfeedback feedbacktype="Response" linkrefid="correct_fb"/>
</respcondition>
<respcondition continue="Yes">
<conditionvar>
<other/>
</conditionvar>
<displayfeedback feedbacktype="Response" linkrefid="general_incorrect_fb"/>
</respcondition>
</resprocessing>
<itemfeedback ident="correct_fb" view="All">
<flow_mat>
<material>
<mattext texttype="text/html"><![CDATA[
<ul>
<li> 0.755 <br /> False </li>
<li> 0.293 <br /> True </li>
<li> 0.040 <br /> False </li>
<li> 0.253 <br /> False </li>
</ul>
]]></mattext>
</material>
</flow_mat>
</itemfeedback>
<itemfeedback ident="general_incorrect_fb" view="All">
<flow_mat>
<material>
<mattext texttype="text/html"><![CDATA[
<ul>
<li> 0.755 <br /> False </li>
<li> 0.293 <br /> True </li>
<li> 0.040 <br /> False </li>
<li> 0.253 <br /> False </li>
</ul>
]]></mattext>
</material>
</flow_mat>
</itemfeedback>
</item>


</section>

</assessment>
</questestinterop>
