<?xml version="1.0" encoding="UTF-8"?>
<assessmentItem xsi:schemaLocation="http://www.imsglobal.org/xsd/imsqti_v2p1 http://www.imsglobal.org/xsd/qti/qtiv2p1/imsqti_v2p1p1.xsd http://www.w3.org/1998/Math/MathML http://www.w3.org/Math/XMLSchema/mathml2/mathml2.xsd" identifier="vufgb-anova-009-nl-ans_463267666_section_1_item_1_schoice" title="Inferential_Statistics_vufgb-anova-009-nl_vufgb-anova-009-nl_schoice_1" adaptive="false" timeDependent="false" xmlns="http://www.imsglobal.org/xsd/imsqti_v2p1" xmlns:xsi="http://www.w3.org/2001/XMLSchema-instance">
<responseDeclaration identifier="vufgb-anova-009-nl-ans_463267666_section_1_item_1_schoice_RESPONSE_1_7763659" cardinality="single" baseType="identifier">
<correctResponse>
<value>vufgb-anova-009-nl-ans_463267666_section_1_item_1_schoice_3_4356798973</value>
</correctResponse>
<mapping defaultValue="0" lowerBound="0.0">
<mapEntry mapKey="vufgb-anova-009-nl-ans_463267666_section_1_item_1_schoice_1_4467704791" mappedValue="0"/>
<mapEntry mapKey="vufgb-anova-009-nl-ans_463267666_section_1_item_1_schoice_2_4107352393" mappedValue="0"/>
<mapEntry mapKey="vufgb-anova-009-nl-ans_463267666_section_1_item_1_schoice_3_4356798973" mappedValue="1"/>
<mapEntry mapKey="vufgb-anova-009-nl-ans_463267666_section_1_item_1_schoice_4_9932311224" mappedValue="0"/>
</mapping>
</responseDeclaration>
<outcomeDeclaration identifier="SCORE" cardinality="single" baseType="float" normalMaximum="1" normalMinimum="0">
<defaultValue>
<value>0.0</value>
</defaultValue>
</outcomeDeclaration>
<outcomeDeclaration identifier="MAXSCORE" cardinality="single" baseType="float">
<defaultValue>
<value>1</value>
</defaultValue>
</outcomeDeclaration>
<outcomeDeclaration identifier="FEEDBACKBASIC" cardinality="single" baseType="identifier" view="testConstructor">
<defaultValue>
<value>empty</value>
</defaultValue>
</outcomeDeclaration>
<outcomeDeclaration identifier="FEEDBACKMODAL" cardinality="multiple" baseType="identifier" view="testConstructor"/>
<outcomeDeclaration identifier="SOLUTIONMODAL" cardinality="single" baseType="identifier" view="testConstructor"/>
<outcomeDeclaration identifier="MINSCORE" cardinality="single" baseType="float">
<defaultValue>
<value baseType="float">0</value>
</defaultValue>
</outcomeDeclaration>
<outcomeDeclaration identifier="SCORE_RESPONSE_1" cardinality="single" baseType="float">
<defaultValue>
<value>0.0</value>
</defaultValue>
</outcomeDeclaration>
<outcomeDeclaration identifier="MINSCORE_RESPONSE_1" cardinality="single" baseType="float">
<defaultValue>
<value>0.0</value>
</defaultValue>
</outcomeDeclaration>
<itemBody>
<p>Een promovendus onderzoekt of er verschillen zijn in sociale competentie tussen leerlingen die Montessori-, Dalton- of regulier onderwijs volgen. De resultaten staan in onderstaande tabel samengevat. Hoe groot is de conditionele variantie, MSE?</p>
<p><img src="media/supplements1/vufgb-anova-009-nl-table01.jpg" /></p>
<choiceInteraction responseIdentifier="vufgb-anova-009-nl-ans_463267666_section_1_item_1_schoice_RESPONSE_1_7763659" shuffle="false" maxChoices="1">
<simpleChoice identifier="vufgb-anova-009-nl-ans_463267666_section_1_item_1_schoice_1_4467704791">
<p>
 23.51
</p>
</simpleChoice>
<simpleChoice identifier="vufgb-anova-009-nl-ans_463267666_section_1_item_1_schoice_2_4107352393">
<p>
 24.83
</p>
</simpleChoice>
<simpleChoice identifier="vufgb-anova-009-nl-ans_463267666_section_1_item_1_schoice_3_4356798973">
<p>
 26.02
</p>
</simpleChoice>
<simpleChoice identifier="vufgb-anova-009-nl-ans_463267666_section_1_item_1_schoice_4_9932311224">
<p>
 27.24
</p>
</simpleChoice>
</choiceInteraction>
</itemBody>
<responseProcessing>
<setOutcomeValue identifier="SCORE_RESPONSE_1">
<sum>
<variable identifier="SCORE_RESPONSE_1"/>
<mapResponse identifier="vufgb-anova-009-nl-ans_463267666_section_1_item_1_schoice_RESPONSE_1_7763659"/>
</sum>
</setOutcomeValue>
<responseCondition>
<responseIf>
<lt>
<variable identifier="SCORE_RESPONSE_1"/>
<variable identifier="MINSCORE_RESPONSE_1"/>
</lt>
<setOutcomeValue identifier="SCORE_RESPONSE_1">
<variable identifier="MINSCORE_RESPONSE_1"/>
</setOutcomeValue>
</responseIf>
</responseCondition>
<responseCondition>
<responseIf>
<isNull>
<variable identifier="vufgb-anova-009-nl-ans_463267666_section_1_item_1_schoice_RESPONSE_1_7763659"/>
</isNull>
<setOutcomeValue identifier="SCORE_RESPONSE_1">
<sum>
<variable identifier="SCORE_RESPONSE_1"/>
<baseValue baseType="float">0</baseValue>
</sum>
</setOutcomeValue>
</responseIf>
</responseCondition>
<setOutcomeValue identifier="SCORE">
<sum>
<variable identifier="SCORE_RESPONSE_1"/>
</sum>
</setOutcomeValue>
<responseCondition>
<responseIf>
<lt>
<variable identifier="SCORE"/>
<variable identifier="MINSCORE"/>
</lt>
<setOutcomeValue identifier="SCORE">
<variable identifier="MINSCORE"/>
</setOutcomeValue>
</responseIf>
</responseCondition>
<responseCondition>
<responseIf>
<lt>
<variable identifier="SCORE"/>
<baseValue baseType="float">1</baseValue>
</lt>
<setOutcomeValue identifier="FEEDBACKMODAL">
<multiple>
<variable identifier="FEEDBACKMODAL"/>
<baseValue baseType="identifier">Feedback126369514</baseValue>
</multiple>
</setOutcomeValue>
</responseIf>
</responseCondition>
</responseProcessing>
<modalFeedback outcomeIdentifier="FEEDBACK" showHide="show" identifier="incorrect">
<ul>
<li> 23.51 <br /> Incorrect </li>
<li> 24.83 <br /> Incorrect </li>
<li> 26.02 <br /> Correct </li>
<li> 27.24 <br /> Incorrect </li>
</ul>
</modalFeedback>
</assessmentItem>
