<?xml version="1.0" encoding="UTF-8"?>
<assessmentItem xsi:schemaLocation="http://www.imsglobal.org/xsd/imsqti_v2p1 http://www.imsglobal.org/xsd/qti/qtiv2p1/imsqti_v2p1p1.xsd http://www.w3.org/1998/Math/MathML http://www.w3.org/Math/XMLSchema/mathml2/mathml2.xsd" identifier="vufgb-onewayanova-012-nl-ans_124643254_section_1_item_1_schoice" title="Inferential_Statistics_vufgb-onewayanova-012-nl_vufgb-onewayanova-012-nl_schoice_1" adaptive="false" timeDependent="false" xmlns="http://www.imsglobal.org/xsd/imsqti_v2p1" xmlns:xsi="http://www.w3.org/2001/XMLSchema-instance">
<responseDeclaration identifier="vufgb-onewayanova-012-nl-ans_124643254_section_1_item_1_schoice_RESPONSE_1_1674743" cardinality="single" baseType="identifier">
<correctResponse>
<value>vufgb-onewayanova-012-nl-ans_124643254_section_1_item_1_schoice_1_1088685877</value>
</correctResponse>
<mapping defaultValue="0" lowerBound="0.0">
<mapEntry mapKey="vufgb-onewayanova-012-nl-ans_124643254_section_1_item_1_schoice_1_1088685877" mappedValue="1"/>
<mapEntry mapKey="vufgb-onewayanova-012-nl-ans_124643254_section_1_item_1_schoice_2_7361296507" mappedValue="0"/>
<mapEntry mapKey="vufgb-onewayanova-012-nl-ans_124643254_section_1_item_1_schoice_3_1243466900" mappedValue="0"/>
<mapEntry mapKey="vufgb-onewayanova-012-nl-ans_124643254_section_1_item_1_schoice_4_2668814625" mappedValue="0"/>
</mapping>
</responseDeclaration>
<outcomeDeclaration identifier="SCORE" cardinality="single" baseType="float" normalMaximum="1" normalMinimum="0">
<defaultValue>
<value>0.0</value>
</defaultValue>
</outcomeDeclaration>
<outcomeDeclaration identifier="MAXSCORE" cardinality="single" baseType="float">
<defaultValue>
<value>1</value>
</defaultValue>
</outcomeDeclaration>
<outcomeDeclaration identifier="FEEDBACKBASIC" cardinality="single" baseType="identifier" view="testConstructor">
<defaultValue>
<value>empty</value>
</defaultValue>
</outcomeDeclaration>
<outcomeDeclaration identifier="FEEDBACKMODAL" cardinality="multiple" baseType="identifier" view="testConstructor"/>
<outcomeDeclaration identifier="SOLUTIONMODAL" cardinality="single" baseType="identifier" view="testConstructor"/>
<outcomeDeclaration identifier="MINSCORE" cardinality="single" baseType="float">
<defaultValue>
<value baseType="float">0</value>
</defaultValue>
</outcomeDeclaration>
<outcomeDeclaration identifier="SCORE_RESPONSE_1" cardinality="single" baseType="float">
<defaultValue>
<value>0.0</value>
</defaultValue>
</outcomeDeclaration>
<outcomeDeclaration identifier="MINSCORE_RESPONSE_1" cardinality="single" baseType="float">
<defaultValue>
<value>0.0</value>
</defaultValue>
</outcomeDeclaration>
<itemBody>
<p>Gegeven is onderstaande tabel met resultaten van een éénwegs ANOVA (“one-way ANOVA”).</p>
<p>Vul aan.</p>
<p>De F-waarde is … en de SSE is … .</p>
<p><img src="media/supplements1/vufgb-onewayanova-012-nl-table01.jpg" /></p>
<choiceInteraction responseIdentifier="vufgb-onewayanova-012-nl-ans_124643254_section_1_item_1_schoice_RESPONSE_1_1674743" shuffle="false" maxChoices="1">
<simpleChoice identifier="vufgb-onewayanova-012-nl-ans_124643254_section_1_item_1_schoice_1_1088685877">
<p>
 4.47 ; 276.48
</p>
</simpleChoice>
<simpleChoice identifier="vufgb-onewayanova-012-nl-ans_124643254_section_1_item_1_schoice_2_7361296507">
<p>
 4.47 ; 266.24
</p>
</simpleChoice>
<simpleChoice identifier="vufgb-onewayanova-012-nl-ans_124643254_section_1_item_1_schoice_3_1243466900">
<p>
 0.22 ; 276.48
</p>
</simpleChoice>
<simpleChoice identifier="vufgb-onewayanova-012-nl-ans_124643254_section_1_item_1_schoice_4_2668814625">
<p>
 0.22 ; 266.24
</p>
</simpleChoice>
</choiceInteraction>
</itemBody>
<responseProcessing>
<setOutcomeValue identifier="SCORE_RESPONSE_1">
<sum>
<variable identifier="SCORE_RESPONSE_1"/>
<mapResponse identifier="vufgb-onewayanova-012-nl-ans_124643254_section_1_item_1_schoice_RESPONSE_1_1674743"/>
</sum>
</setOutcomeValue>
<responseCondition>
<responseIf>
<lt>
<variable identifier="SCORE_RESPONSE_1"/>
<variable identifier="MINSCORE_RESPONSE_1"/>
</lt>
<setOutcomeValue identifier="SCORE_RESPONSE_1">
<variable identifier="MINSCORE_RESPONSE_1"/>
</setOutcomeValue>
</responseIf>
</responseCondition>
<responseCondition>
<responseIf>
<isNull>
<variable identifier="vufgb-onewayanova-012-nl-ans_124643254_section_1_item_1_schoice_RESPONSE_1_1674743"/>
</isNull>
<setOutcomeValue identifier="SCORE_RESPONSE_1">
<sum>
<variable identifier="SCORE_RESPONSE_1"/>
<baseValue baseType="float">0</baseValue>
</sum>
</setOutcomeValue>
</responseIf>
</responseCondition>
<setOutcomeValue identifier="SCORE">
<sum>
<variable identifier="SCORE_RESPONSE_1"/>
</sum>
</setOutcomeValue>
<responseCondition>
<responseIf>
<lt>
<variable identifier="SCORE"/>
<variable identifier="MINSCORE"/>
</lt>
<setOutcomeValue identifier="SCORE">
<variable identifier="MINSCORE"/>
</setOutcomeValue>
</responseIf>
</responseCondition>
<responseCondition>
<responseIf>
<lt>
<variable identifier="SCORE"/>
<baseValue baseType="float">1</baseValue>
</lt>
<setOutcomeValue identifier="FEEDBACKMODAL">
<multiple>
<variable identifier="FEEDBACKMODAL"/>
<baseValue baseType="identifier">Feedback332693746</baseValue>
</multiple>
</setOutcomeValue>
</responseIf>
</responseCondition>
</responseProcessing>
<modalFeedback outcomeIdentifier="FEEDBACK" showHide="show" identifier="incorrect">
<ul>
<li> 4.47 ; 276.48 <br /> Correct </li>
<li> 4.47 ; 266.24 <br /> Incorrect </li>
<li> 0.22 ; 276.48 <br /> Incorrect </li>
<li> 0.22 ; 266.24 <br /> Incorrect </li>
</ul>
</modalFeedback>
</assessmentItem>
