<?xml version="1.0" encoding="UTF-8"?>
<assessmentItem xsi:schemaLocation="http://www.imsglobal.org/xsd/imsqti_v2p1 http://www.imsglobal.org/xsd/qti/qtiv2p1/imsqti_v2p1p1.xsd http://www.w3.org/1998/Math/MathML http://www.w3.org/Math/XMLSchema/mathml2/mathml2.xsd" identifier="eur-reliability-120-en-ans_397582794_section_1_item_1_string" title="Reliability_eur-reliability-120-en_eur-reliability-120-en_string_1" adaptive="false" timeDependent="false" xmlns="http://www.imsglobal.org/xsd/imsqti_v2p1" xmlns:xsi="http://www.w3.org/2001/XMLSchema-instance">
<responseDeclaration identifier="eur-reliability-120-en-ans_397582794_section_1_item_1_string_RESPONSE_1_6236344" cardinality="single" baseType="string">
<correctResponse>
<value>""</value>
</correctResponse>
<mapping defaultValue="0">
<mapEntry mapKey="&quot;&quot;" mappedValue="1" caseSensitive="true"/>
</mapping>
</responseDeclaration>
<outcomeDeclaration identifier="SCORE" cardinality="single" baseType="float" normalMaximum="1" normalMinimum="0">
<defaultValue>
<value>0.0</value>
</defaultValue>
</outcomeDeclaration>
<outcomeDeclaration identifier="MAXSCORE" cardinality="single" baseType="float">
<defaultValue>
<value>1</value>
</defaultValue>
</outcomeDeclaration>
<outcomeDeclaration identifier="FEEDBACKBASIC" cardinality="single" baseType="identifier" view="testConstructor">
<defaultValue>
<value>empty</value>
</defaultValue>
</outcomeDeclaration>
<outcomeDeclaration identifier="FEEDBACKMODAL" cardinality="multiple" baseType="identifier" view="testConstructor"/>
<outcomeDeclaration identifier="SOLUTIONMODAL" cardinality="single" baseType="identifier" view="testConstructor"/>
<outcomeDeclaration identifier="MINSCORE" cardinality="single" baseType="float">
<defaultValue>
<value baseType="float">0</value>
</defaultValue>
</outcomeDeclaration>
<outcomeDeclaration identifier="SCORE_RESPONSE_1" cardinality="single" baseType="float">
<defaultValue>
<value>0.0</value>
</defaultValue>
</outcomeDeclaration>
<outcomeDeclaration identifier="MINSCORE_RESPONSE_1" cardinality="single" baseType="float">
<defaultValue>
<value>0.0</value>
</defaultValue>
</outcomeDeclaration>
<itemBody>
<p>In a clinical study, a researcher investigates the relationship between visual analogue scales (VAS) and interpretation bias (VAS‐IB) in children who have been diagnosed with an anxiety disorder. Below you see the scatterplot of the two variables in the non‐clinical population. The correlation between the variables is .5.</p>
<p><img src="media/supplements1/eur-reliability-120-en-img1201.png" /></p>
<p>Explain whether the correlation between VAS‐IB and VAS‐SA in a clinical population, in which the VAS‐IB scores will roughly be in the range [60,100], will be about the same, lower or higher than the correlation in the non‐clinical population.</p>
<p>
<textEntryInteraction responseIdentifier="eur-reliability-120-en-ans_397582794_section_1_item_1_string_RESPONSE_1_6236344" expectedLength="12"/>
</p>
</itemBody>
<responseProcessing>
<setOutcomeValue identifier="SCORE_RESPONSE_1">
<sum>
<variable identifier="SCORE_RESPONSE_1"/>
<mapResponse identifier="eur-reliability-120-en-ans_397582794_section_1_item_1_string_RESPONSE_1_6236344"/>
</sum>
</setOutcomeValue>
<responseCondition>
<responseIf>
<and>
<not>
<isNull>
<variable identifier="eur-reliability-120-en-ans_397582794_section_1_item_1_string_RESPONSE_1_6236344"/>
</isNull>
</not>
<lt>
<variable identifier="SCORE_RESPONSE_1"/>
<baseValue baseType="float">1</baseValue>
</lt>
</and>
<setOutcomeValue identifier="SCORE_RESPONSE_1">
<sum>
<variable identifier="SCORE_RESPONSE_1"/>
<baseValue baseType="float">0</baseValue>
</sum>
</setOutcomeValue>
</responseIf>
</responseCondition>
<responseCondition>
<responseIf>
<lt>
<variable identifier="SCORE_RESPONSE_1"/>
<variable identifier="MINSCORE_RESPONSE_1"/>
</lt>
<setOutcomeValue identifier="SCORE_RESPONSE_1">
<variable identifier="MINSCORE_RESPONSE_1"/>
</setOutcomeValue>
</responseIf>
</responseCondition>
<responseCondition>
<responseIf>
<isNull>
<variable identifier="eur-reliability-120-en-ans_397582794_section_1_item_1_string_RESPONSE_1_6236344"/>
</isNull>
<setOutcomeValue identifier="SCORE_RESPONSE_1">
<sum>
<variable identifier="SCORE_RESPONSE_1"/>
<baseValue baseType="float">0</baseValue>
</sum>
</setOutcomeValue>
</responseIf>
</responseCondition>
<setOutcomeValue identifier="SCORE">
<sum>
<variable identifier="SCORE_RESPONSE_1"/>
</sum>
</setOutcomeValue>
<responseCondition>
<responseIf>
<lt>
<variable identifier="SCORE"/>
<variable identifier="MINSCORE"/>
</lt>
<setOutcomeValue identifier="SCORE">
<variable identifier="MINSCORE"/>
</setOutcomeValue>
</responseIf>
</responseCondition>
<responseCondition>
<responseIf>
<lt>
<variable identifier="SCORE"/>
<baseValue baseType="float">1</baseValue>
</lt>
<setOutcomeValue identifier="FEEDBACKMODAL">
<multiple>
<variable identifier="FEEDBACKMODAL"/>
<baseValue baseType="identifier">Feedback297588240</baseValue>
</multiple>
</setOutcomeValue>
</responseIf>
</responseCondition>
</responseProcessing>
<modalFeedback outcomeIdentifier="FEEDBACK" showHide="show" identifier="incorrect">
<p>The correlation between VAS‐IB and VAS‐SA in a clinical population will be lower than the correlation in the non‐clinical situation. This is because there is a restriction of range in at least one of the variables (VAS‐SA). Because the variation in scores is lower, the correlation between any other variable will be smaller. See the figure below. For the whole range (left) the correlation is much higher than for the restricted [60‐100] range.</p>
<p><img src="media/supplements1/eur-reliability-120-en-img120.png" /></p>
</modalFeedback>
</assessmentItem>
