<?xml version="1.0" encoding="UTF-8"?>
<assessmentItem xsi:schemaLocation="http://www.imsglobal.org/xsd/imsqti_v2p1 http://www.imsglobal.org/xsd/qti/qtiv2p1/imsqti_v2p1p1.xsd http://www.w3.org/1998/Math/MathML http://www.w3.org/Math/XMLSchema/mathml2/mathml2.xsd" identifier="uva-standard-deviation-154-en-ans_254775789_section_1_item_1_schoice" title="Descriptive-statistics_uva-standard-deviation-154-en_uva-standard-deviation-154-en_schoice_1" adaptive="false" timeDependent="false" xmlns="http://www.imsglobal.org/xsd/imsqti_v2p1" xmlns:xsi="http://www.w3.org/2001/XMLSchema-instance">
<responseDeclaration identifier="uva-standard-deviation-154-en-ans_254775789_section_1_item_1_schoice_RESPONSE_1_4435330" cardinality="single" baseType="identifier">
<correctResponse>
<value>uva-standard-deviation-154-en-ans_254775789_section_1_item_1_schoice_1_1562687000</value>
</correctResponse>
<mapping defaultValue="0" lowerBound="0.0">
<mapEntry mapKey="uva-standard-deviation-154-en-ans_254775789_section_1_item_1_schoice_1_1562687000" mappedValue="1"/>
<mapEntry mapKey="uva-standard-deviation-154-en-ans_254775789_section_1_item_1_schoice_2_5367494600" mappedValue="0"/>
<mapEntry mapKey="uva-standard-deviation-154-en-ans_254775789_section_1_item_1_schoice_3_7220665624" mappedValue="0"/>
</mapping>
</responseDeclaration>
<outcomeDeclaration identifier="SCORE" cardinality="single" baseType="float" normalMaximum="1" normalMinimum="0">
<defaultValue>
<value>0.0</value>
</defaultValue>
</outcomeDeclaration>
<outcomeDeclaration identifier="MAXSCORE" cardinality="single" baseType="float">
<defaultValue>
<value>1</value>
</defaultValue>
</outcomeDeclaration>
<outcomeDeclaration identifier="FEEDBACKBASIC" cardinality="single" baseType="identifier" view="testConstructor">
<defaultValue>
<value>empty</value>
</defaultValue>
</outcomeDeclaration>
<outcomeDeclaration identifier="FEEDBACKMODAL" cardinality="multiple" baseType="identifier" view="testConstructor"/>
<outcomeDeclaration identifier="SOLUTIONMODAL" cardinality="single" baseType="identifier" view="testConstructor"/>
<outcomeDeclaration identifier="MINSCORE" cardinality="single" baseType="float">
<defaultValue>
<value baseType="float">0</value>
</defaultValue>
</outcomeDeclaration>
<outcomeDeclaration identifier="SCORE_RESPONSE_1" cardinality="single" baseType="float">
<defaultValue>
<value>0.0</value>
</defaultValue>
</outcomeDeclaration>
<outcomeDeclaration identifier="MINSCORE_RESPONSE_1" cardinality="single" baseType="float">
<defaultValue>
<value>0.0</value>
</defaultValue>
</outcomeDeclaration>
<itemBody>
<p>An impure coin with which the probability of cross above equals 0.8 will be tossed be tossed 100 times. The standard deviation of the number of times cross up is then equal to</p>
<choiceInteraction responseIdentifier="uva-standard-deviation-154-en-ans_254775789_section_1_item_1_schoice_RESPONSE_1_4435330" shuffle="false" maxChoices="1">
<simpleChoice identifier="uva-standard-deviation-154-en-ans_254775789_section_1_item_1_schoice_1_1562687000">
<p>
 4
</p>
</simpleChoice>
<simpleChoice identifier="uva-standard-deviation-154-en-ans_254775789_section_1_item_1_schoice_2_5367494600">
<p>
 8
</p>
</simpleChoice>
<simpleChoice identifier="uva-standard-deviation-154-en-ans_254775789_section_1_item_1_schoice_3_7220665624">
<p>
 16
</p>
</simpleChoice>
</choiceInteraction>
</itemBody>
<responseProcessing>
<setOutcomeValue identifier="SCORE_RESPONSE_1">
<sum>
<variable identifier="SCORE_RESPONSE_1"/>
<mapResponse identifier="uva-standard-deviation-154-en-ans_254775789_section_1_item_1_schoice_RESPONSE_1_4435330"/>
</sum>
</setOutcomeValue>
<responseCondition>
<responseIf>
<lt>
<variable identifier="SCORE_RESPONSE_1"/>
<variable identifier="MINSCORE_RESPONSE_1"/>
</lt>
<setOutcomeValue identifier="SCORE_RESPONSE_1">
<variable identifier="MINSCORE_RESPONSE_1"/>
</setOutcomeValue>
</responseIf>
</responseCondition>
<responseCondition>
<responseIf>
<isNull>
<variable identifier="uva-standard-deviation-154-en-ans_254775789_section_1_item_1_schoice_RESPONSE_1_4435330"/>
</isNull>
<setOutcomeValue identifier="SCORE_RESPONSE_1">
<sum>
<variable identifier="SCORE_RESPONSE_1"/>
<baseValue baseType="float">0</baseValue>
</sum>
</setOutcomeValue>
</responseIf>
</responseCondition>
<setOutcomeValue identifier="SCORE">
<sum>
<variable identifier="SCORE_RESPONSE_1"/>
</sum>
</setOutcomeValue>
<responseCondition>
<responseIf>
<lt>
<variable identifier="SCORE"/>
<variable identifier="MINSCORE"/>
</lt>
<setOutcomeValue identifier="SCORE">
<variable identifier="MINSCORE"/>
</setOutcomeValue>
</responseIf>
</responseCondition>
<responseCondition>
<responseIf>
<lt>
<variable identifier="SCORE"/>
<baseValue baseType="float">1</baseValue>
</lt>
<setOutcomeValue identifier="FEEDBACKMODAL">
<multiple>
<variable identifier="FEEDBACKMODAL"/>
<baseValue baseType="identifier">Feedback294605999</baseValue>
</multiple>
</setOutcomeValue>
</responseIf>
</responseCondition>
</responseProcessing>
<modalFeedback outcomeIdentifier="FEEDBACK" showHide="show" identifier="incorrect">
<ul>
<li> 4 <br /> 4: Correct </li>
<li> 8 <br /> 8: Incorrect </li>
<li> 16 <br /> 16:Incorrect </li>
</ul>
</modalFeedback>
</assessmentItem>
