<?xml version="1.0" encoding="utf-8" standalone="yes"?>
<assessmentItem identifier="uu-Oneway_ANOVA-843-nl-tv_202307181422_item_1_schoice" title="uu-Oneway_ANOVA-843-nl-tv_202307181422_item_1_schoice_uu-Oneway ANOVA-843-nl" adaptive="false" timeDependent="false" toolName="Testvision Online" toolVersion="39.0.9084" xmlns="http://www.imsglobal.org/xsd/imsqti_v2p1">
<responseDeclaration identifier="RESPONSE" cardinality="single" baseType="identifier">
<correctResponse>
<value>alt_174011</value>
</correctResponse>
<mapping defaultValue="0" lowerBound="0.0">
<mapEntry mapKey="alt_249364" mappedValue="-0.333333333333333"/>
<mapEntry mapKey="alt_789755" mappedValue="-0.333333333333333"/>
<mapEntry mapKey="alt_174011" mappedValue="1"/>
<mapEntry mapKey="alt_496991" mappedValue="-0.333333333333333"/>
</mapping>
</responseDeclaration>
<outcomeDeclaration identifier="SCORE" cardinality="single" baseType="float" normalMaximum="1" normalMinimum="0" />
<outcomeDeclaration identifier="FEEDBACK" cardinality="single" baseType="identifier" />
<itemBody>
<p>Welke van de volgende studies beschrijft een single-factor design?</p>
<choiceInteraction responseIdentifier="RESPONSE" shuffle="false" maxChoices="1">
<simpleChoice identifier="alt_249364">
<div class="textblock tvblock tvcss_1"><div class="rte_zone tveditor1">
 een studie naar de manier waarop geslacht en leeftijd samenhangen met de manier waarop verbale en ruimtelijke problemen worden opgelost.
</div>
</div>
</simpleChoice>
<simpleChoice identifier="alt_789755">
<div class="textblock tvblock tvcss_1"><div class="rte_zone tveditor1">
 een studie naar de relatie tussen geslacht en opleiding op de snelheid waarmee iemand carrière kan maken bij de overheid.
</div>
</div>
</simpleChoice>
<simpleChoice identifier="alt_174011">
<div class="textblock tvblock tvcss_1"><div class="rte_zone tveditor1">
 Onderzoek naar de vraag of hoogbegaafde kinderen beter of slechter zijn in het oplossen van emotionele, cognitieve en sociale problemen dan gemiddeld intelligente kinderen.
</div>
</div>
</simpleChoice>
<simpleChoice identifier="alt_496991">
<div class="textblock tvblock tvcss_1"><div class="rte_zone tveditor1">
 geen van bovenstaande is een single-factor design.
</div>
</div>
</simpleChoice>
</choiceInteraction>
</itemBody>
<responseProcessing>
<responseCondition>
<responseIf>
<isNull>
<variable identifier="RESPONSE"/>
</isNull>
<setOutcomeValue identifier="SCORE">
<baseValue baseType="float">0.0</baseValue>
</setOutcomeValue>
<setOutcomeValue identifier="FEEDBACK">
<baseValue baseType="identifier">FAILURE</baseValue>
</setOutcomeValue>
</responseIf>
<responseElse>
<setOutcomeValue identifier="SCORE">
<mapResponse identifier="RESPONSE"/>
</setOutcomeValue>
<responseCondition>
<responseIf>
<equal toleranceMode="relative" tolerance="0.001">
<variable identifier="SCORE"/>
<variable identifier="MAXSCORE"/>
</equal>
<setOutcomeValue identifier="FEEDBACK">
<baseValue baseType="identifier">ANSWER_CORRECT</baseValue>
</setOutcomeValue>
</responseIf>
<responseElse>
<setOutcomeValue identifier="FEEDBACK">
<baseValue baseType="identifier">FAILURE</baseValue>
</setOutcomeValue>
</responseElse>
</responseCondition>
</responseElse>
</responseCondition>
</responseProcessing>
<modalFeedback identifier="FAILURE" outcomeIdentifier="FEEDBACK" showHide="show">
<div class="textblock tvblock tvcss_1"><div class="rte_zone tveditor1">
</div>
</div>
</modalFeedback>
<modalFeedback identifier="ANSWER_CORRECT" outcomeIdentifier="FEEDBACK" showHide="show">
<div class="textblock tvblock tvcss_1"><div class="rte_zone tveditor1">
</div>
</div>
</modalFeedback>
<modalFeedback identifier="PARTIAL_CORRECT" outcomeIdentifier="FEEDBACK" showHide="show">
<div class="textblock tvblock tvcss_1"><div class="rte_zone tveditor1">
</div>
</div>
</modalFeedback>
</assessmentItem>
