<?xml version="1.0" encoding="UTF-8"?>
<assessmentItem xsi:schemaLocation="http://www.imsglobal.org/xsd/imsqti_v2p1 http://www.imsglobal.org/xsd/qti/qtiv2p1/imsqti_v2p1p1.xsd http://www.w3.org/1998/Math/MathML http://www.w3.org/Math/XMLSchema/mathml2/mathml2.xsd" identifier="vufsw-onewayanova-0255-en-qti_263785510_section_1_item_1_num" title="1" adaptive="false" timeDependent="false" xmlns="http://www.imsglobal.org/xsd/imsqti_v2p1" xmlns:xsi="http://www.w3.org/2001/XMLSchema-instance">
<responseDeclaration identifier="vufsw-onewayanova-0255-en-qti_263785510_section_1_item_1_num_RESPONSE_1_7241305" cardinality="single" baseType="float">
<correctResponse>
<value>0.5</value>
</correctResponse>
</responseDeclaration>
<outcomeDeclaration identifier="SCORE" cardinality="single" baseType="float" normalMaximum="1" normalMinimum="0">
<defaultValue>
<value>0.0</value>
</defaultValue>
</outcomeDeclaration>
<outcomeDeclaration identifier="MAXSCORE" cardinality="single" baseType="float">
<defaultValue>
<value>1</value>
</defaultValue>
</outcomeDeclaration>
<outcomeDeclaration identifier="FEEDBACKBASIC" cardinality="single" baseType="identifier" view="testConstructor">
<defaultValue>
<value>empty</value>
</defaultValue>
</outcomeDeclaration>
<outcomeDeclaration identifier="FEEDBACKMODAL" cardinality="multiple" baseType="identifier" view="testConstructor"/>
<outcomeDeclaration identifier="MINSCORE" cardinality="single" baseType="float">
<defaultValue>
<value baseType="float">0</value>
</defaultValue>
</outcomeDeclaration>
<outcomeDeclaration identifier="SCORE_RESPONSE_1" cardinality="single" baseType="float">
<defaultValue>
<value>0.0</value>
</defaultValue>
</outcomeDeclaration>
<outcomeDeclaration identifier="MINSCORE_RESPONSE_1" cardinality="single" baseType="float">
<defaultValue>
<value>0.0</value>
</defaultValue>
</outcomeDeclaration>
<itemBody>
<p>In the Netherlands, municipalities are partly allowed to determine the
distribution of their health care expenses.</p>
<p>Two municipalities (‘gemeente A’ and ‘gemeente B’) wondered how
satisfied residents are with the care they receive from the municipality
(on a scale of 1, very dissatisfied to 10, very satisfied) and put this
question to a number of respondents. Below are the results of the
survey.</p>
<p>The null hypothesis is that there is no difference in satisfaction
between the two municipalities and perform an ANOVA for this.</p>
<p>Calculate the Sum of Squares Model (SSM) based on the above data.  Round
to one decimal place</p>
<p><img src="1641299727441.png" class="fr-fic fr-dii tvcss_2"
alt="1641299727441" /></p>
<p>
<textEntryInteraction responseIdentifier="vufsw-onewayanova-0255-en-qti_263785510_section_1_item_1_num_RESPONSE_1_7241305"/>
</p>
</itemBody>
<responseProcessing>
<responseCondition>
<responseIf>
<isNull>
<variable identifier="vufsw-onewayanova-0255-en-qti_263785510_section_1_item_1_num_RESPONSE_1_7241305"/>
</isNull>
<setOutcomeValue identifier="SCORE_RESPONSE_1">
<sum>
<variable identifier="SCORE_RESPONSE_1"/>
<baseValue baseType="float">0</baseValue>
</sum>
</setOutcomeValue>
</responseIf>
</responseCondition>
<responseCondition>
<responseIf>
<equal toleranceMode="absolute" tolerance="0 0" includeLowerBound="true" includeUpperBound="true">
<variable identifier="vufsw-onewayanova-0255-en-qti_263785510_section_1_item_1_num_RESPONSE_1_7241305"/>
<correct identifier="vufsw-onewayanova-0255-en-qti_263785510_section_1_item_1_num_RESPONSE_1_7241305"/>
</equal>
<setOutcomeValue identifier="SCORE_RESPONSE_1">
<sum>
<variable identifier="SCORE_RESPONSE_1"/>
<baseValue baseType="float">1</baseValue>
</sum>
</setOutcomeValue>
</responseIf>
</responseCondition>
<responseCondition>
<responseIf>
<and>
<not>
<isNull>
<variable identifier="vufsw-onewayanova-0255-en-qti_263785510_section_1_item_1_num_RESPONSE_1_7241305"/>
</isNull>
</not>
<lt>
<variable identifier="SCORE_RESPONSE_1"/>
<baseValue baseType="float">1</baseValue>
</lt>
</and>
<setOutcomeValue identifier="SCORE_RESPONSE_1">
<sum>
<variable identifier="SCORE_RESPONSE_1"/>
<baseValue baseType="float">0</baseValue>
</sum>
</setOutcomeValue>
</responseIf>
</responseCondition>
<responseCondition>
<responseIf>
<lt>
<variable identifier="SCORE_RESPONSE_1"/>
<variable identifier="MINSCORE_RESPONSE_1"/>
</lt>
<setOutcomeValue identifier="SCORE_RESPONSE_1">
<variable identifier="MINSCORE_RESPONSE_1"/>
</setOutcomeValue>
</responseIf>
</responseCondition>
<setOutcomeValue identifier="SCORE">
<sum>
<variable identifier="SCORE_RESPONSE_1"/>
</sum>
</setOutcomeValue>
<responseCondition>
<responseIf>
<lt>
<variable identifier="SCORE"/>
<variable identifier="MINSCORE"/>
</lt>
<setOutcomeValue identifier="SCORE">
<variable identifier="MINSCORE"/>
</setOutcomeValue>
</responseIf>
</responseCondition>
<responseCondition>
<responseIf>
<lt>
<variable identifier="SCORE"/>
<baseValue baseType="float">1</baseValue>
</lt>
<setOutcomeValue identifier="FEEDBACKMODAL">
<multiple>
<variable identifier="FEEDBACKMODAL"/>
<baseValue baseType="identifier">Feedback157880193</baseValue>
</multiple>
</setOutcomeValue>
</responseIf>
</responseCondition>
</responseProcessing>
<modalFeedback identifier="Feedback157880193" outcomeIdentifier="FEEDBACKMODAL" showHide="show">
<p>gemeente A    score tevredenheid (schaal van 0 tot 10)                  
     <br />
respondent 1    7    0,75    0,5625                <br />
respondent 2    6    -0,25    0,0625                <br />
respondent 3    5    -1,25    1,5625                <br />
respondent 4    7    0,75    0,5625                <br />
gemeente B                            <br />
respondent 5    6    0,25    0,0625                <br />
respondent 6    4    -1,75    3,0625                <br />
respondent 7    5    -0,75    0,5625                <br />
respondent 8    8    2,25    5,0625                <br />
                            <br />
totaal gemiddelde=    6                        <br />
                            <br />
Total sum of squares= Σ(Y-Ῡ)²                            <br />
Model sum of squares=Σnk*(Ῡk-Ῡ)²                            <br />
Residual sum of
squares=Σ(Y-Ῡk)²=(4-5)²+(5-5)²+(6-5)²+(6-6)²+(3-6)²+(9-6)²=20          
                 <br />
Mean square model= MSS/dfm                            <br />
Mean square residual= RSS/dfr=20/4=5                            <br />
F=MSM/MSR                            <br />
                            <br />
                            <br />
                            <br />
 gemeente A    6,25        SSm    0,5            <br />
gemeente B    5,75        SSr    11,5            <br />
            MSM    0,5/1=0,5            <br />
            RSS    11,5/6=1,916667            <br />
                            <br />
    F=    0,5/1,916667=0,261         a very small F so probably not
significant</p>
</modalFeedback>
</assessmentItem>
