<?xml version="1.0" encoding="UTF-8"?>
<!DOCTYPE questestinterop SYSTEM "ims_qtiasiv1p2p1.dtd">

<questestinterop xmlns="http://www.imsglobal.org/xsd/ims_qtiasiv1p2" xmlns:xsi="http://www.w3.org/2001/XMLSchema-instance" xsi:schemaLocation="http://www.imsglobal.org/xsd/ims_qtiasiv1p2 http://www.imsglobal.org/xsd/ims_qtiasiv1p2p1.xsd">
<assessment ident="vufsw-twoway_anova-1329-nl-canvas_862694478" title="vufsw-twoway_anova-1329-nl-canvas">

<qtimetadata>
<qtimetadatafield>
<fieldlabel>cc_maxattempts</fieldlabel>
<fieldentry>1</fieldentry>
</qtimetadatafield>
<qtimetadatafield>
<fieldlabel>qmd_assessmenttype</fieldlabel>
<fieldentry>Assessment</fieldentry>
</qtimetadatafield>
</qtimetadata>
<objectives>
<material>
<mattext><![CDATA[Please solve the following exercises.]]></mattext>
</material>
</objectives>
<assessmentcontrol feedbackswitch="No" hintswitch="No" solutionswitch="Yes"/>
<outcomes_processing scoremodel="SumOfScores">
<outcomes>
<decvar varname="SCORE" vartype="Decimal" cutvalue="0"/>
</outcomes>
</outcomes_processing>
<assessfeedback title="AssessmentFeedback" ident="AssessmentFeedback">
<flow_mat>
<material>
<mattext>##AssessmentFeedback##</mattext>
</material>
</flow_mat>
</assessfeedback>

<section ident="vufsw-twoway_anova-1329-nl-canvas_862694478_section_1" title="Exercise">

<objectives>
<material>
<mattext><![CDATA[Please answer the following question.]]></mattext>
</material>
</objectives>
<selection_ordering>
<selection>
<selection_number>1</selection_number>
<selection_extension>
<points_per_item>1</points_per_item>
</selection_extension>
</selection>
<order order_type="Random"/>
</selection_ordering>

<item ident="vufsw-twoway_anova-1329-nl-canvas_862694478_section_1_item_1_schoice" title="Question" maxattempts="1">
<itemcontrol feedbackswitch="No" hintswitch="No" solutionswitch="Yes"/>
<itemmetadata>
<qtimetadata>
<qtimetadatafield>
<fieldlabel>question_type</fieldlabel>
<fieldentry>multiple_choice_question</fieldentry>
</qtimetadatafield>
</qtimetadata>
</itemmetadata>
<presentation>
<flow>
<material>
<matbreak/>
<mattext texttype="text/html" charset="utf-8"><![CDATA[
<p>Field beweert dat er een toename is in het aantal spierblessures als
gevolg van het spelen van het computerspel Wii van Nintendo. Een
onderzoekster verwacht dat mensen die sporten hier minder last van
hebben, omdat ze al gewend zijn aan lichaamsbeweging. Voor de
niet-sporters verwacht ze dat een warming-up voorafgaand aan een Wii
sessie zal helpen om deze blessures te voorkomen.</p>
<p>Om dit te onderzoeken selecteert ze 120 sporters en 120 niet-sporters
(‘athlete’ - yes(1)/no(0)). Binnen elk van beide groepen werden de
deelnemers vervolgens random aan twee groepen toegewezen: de helft moest
een stretching (warming-up) doen van 5 minuten, en de andere helft niet
(variabele ‘stretch’ - yes(1)/no(0)). Bij alle deelnemers werden na
afloop van de 4 uur durende Wii sessie de pijnklachten gemeten op een
schaal van 1-10 (‘injury’; 0 = geen pijn, 10 = sterke pijn).</p>
<p>Hieronder staan de resultaten van de analyse.</p>
<p><img src="data/supplements_1_1/1606310848601.png" /> <img src="data/supplements_1_1/1606310861407.png" /></p>
<p><img src="data/supplements_1_1/1606310896679.png" /> <img src="data/supplements_1_1/1606310920191.png" /></p>
<p>Wat kunnen we aflezen uit de resultaten van de significantietesten en
het plot?</p>
<p>1: Er is een significant effect van stretching: degenen die stretchen
ervaren minder pijnklachten, zowel sporters als niet-sporters.</p>
<p>2: Het effect van stretching is significant sterker voor niet-sporters
dan voor sporters als het gaat om hun pijnklachten achteraf.</p>
]]></mattext>
<matbreak/>
</material>
<response_lid ident="vufsw-twoway_anova-1329-nl-canvas_862694478_section_1_item_1_schoice_RESPONSE_3487112" rcardinality="Single" rtiming="No">
<render_choice shuffle="No">
<flow_label class="List">
<response_label ident="vufsw-twoway_anova-1329-nl-canvas_862694478_section_1_item_1_schoice_5610573286" rshuffle="No">
<material>
<mattext texttype="text/html" charset="utf-8"><![CDATA[
 Geen van beide uitspraken
]]></mattext>
</material>
</response_label>
</flow_label>
<flow_label class="List">
<response_label ident="vufsw-twoway_anova-1329-nl-canvas_862694478_section_1_item_1_schoice_3433719482" rshuffle="No">
<material>
<mattext texttype="text/html" charset="utf-8"><![CDATA[
 Alleen uitspraak 1
]]></mattext>
</material>
</response_label>
</flow_label>
<flow_label class="List">
<response_label ident="vufsw-twoway_anova-1329-nl-canvas_862694478_section_1_item_1_schoice_8127909046" rshuffle="No">
<material>
<mattext texttype="text/html" charset="utf-8"><![CDATA[
 Alleen uitspraak 2
]]></mattext>
</material>
</response_label>
</flow_label>
<flow_label class="List">
<response_label ident="vufsw-twoway_anova-1329-nl-canvas_862694478_section_1_item_1_schoice_9090373113" rshuffle="No">
<material>
<mattext texttype="text/html" charset="utf-8"><![CDATA[
 Beide uitspraken
]]></mattext>
</material>
</response_label>
</flow_label>
</render_choice>
</response_lid>
</flow>
</presentation>
<resprocessing>
<outcomes>
<decvar varname="SCORE" vartype="Decimal" defaultval="0" minvalue="0" maxvalue="1" cutvalue="1"/>
</outcomes>
<respcondition title="Mastery" continue="No">
<conditionvar>
<and>
<varequal respident="vufsw-twoway_anova-1329-nl-canvas_862694478_section_1_item_1_schoice_RESPONSE_3487112" case="Yes">vufsw-twoway_anova-1329-nl-canvas_862694478_section_1_item_1_schoice_3433719482</varequal>
<not> <varequal respident="vufsw-twoway_anova-1329-nl-canvas_862694478_section_1_item_1_schoice_RESPONSE_3487112" case="Yes">vufsw-twoway_anova-1329-nl-canvas_862694478_section_1_item_1_schoice_5610573286</varequal> </not>
<not> <varequal respident="vufsw-twoway_anova-1329-nl-canvas_862694478_section_1_item_1_schoice_RESPONSE_3487112" case="Yes">vufsw-twoway_anova-1329-nl-canvas_862694478_section_1_item_1_schoice_8127909046</varequal> </not>
<not> <varequal respident="vufsw-twoway_anova-1329-nl-canvas_862694478_section_1_item_1_schoice_RESPONSE_3487112" case="Yes">vufsw-twoway_anova-1329-nl-canvas_862694478_section_1_item_1_schoice_9090373113</varequal> </not>
</and>
</conditionvar>
<setvar varname="SCORE" action="Set">1</setvar>
<displayfeedback feedbacktype="Response" linkrefid="correct_fb"/>
</respcondition>
<respcondition continue="Yes">
<conditionvar>
<other/>
</conditionvar>
<displayfeedback feedbacktype="Response" linkrefid="general_incorrect_fb"/>
</respcondition>
</resprocessing>
<itemfeedback ident="correct_fb" view="All">
<flow_mat>
<material>
<mattext texttype="text/html"><![CDATA[
<ul>
<li> Geen van beide uitspraken <br /> False </li>
<li> Alleen uitspraak 1 <br /> True </li>
<li> Alleen uitspraak 2 <br /> False </li>
<li> Beide uitspraken <br /> False </li>
</ul>
]]></mattext>
</material>
</flow_mat>
</itemfeedback>
<itemfeedback ident="general_incorrect_fb" view="All">
<flow_mat>
<material>
<mattext texttype="text/html"><![CDATA[
<ul>
<li> Geen van beide uitspraken <br /> False </li>
<li> Alleen uitspraak 1 <br /> True </li>
<li> Alleen uitspraak 2 <br /> False </li>
<li> Beide uitspraken <br /> False </li>
</ul>
]]></mattext>
</material>
</flow_mat>
</itemfeedback>
</item>


</section>

</assessment>
</questestinterop>
