<?xml version="1.0" encoding="utf-8" standalone="yes"?>
<assessmentItem identifier="eur-descriptive-403-en_202209051534_item_1_num" title="eur-descriptive-403-en_202209051534_item_1_num_eur-descriptive-403-en" adaptive="false" timeDependent="false" toolName="Testvision Online" toolVersion="39.0.9084" xmlns="http://www.imsglobal.org/xsd/imsqti_v2p1">
<responseDeclaration identifier="RESPONSE" cardinality="multiple" baseType="float">
<correctResponse>
<value>88</value>
<value>88;88</value>
</correctResponse>
</responseDeclaration>
<outcomeDeclaration identifier="SCORE" cardinality="single" baseType="float" normalMaximum="1" normalMinimum="0" />
<outcomeDeclaration identifier="FEEDBACK" cardinality="single" baseType="identifier" />
<itemBody>
<p>A knowledge test on alcohol contains 20 items and is administered to 202 high school students. The variable [total score] gives the total correct scores. Gender (0 = woman; 1 = man) and alcohol use (0 = very often; 1 = often; 2 = sometimes = 3.never) are also included in the dataset.</p>
<p>Calculate the percentile scores. What is the percentage of students with a total score of 16.0 or lower? Give the rounded percentage. (no decimals)</p>
<p>Open the dataset below to answer this question:</p>
<p><strong>Download</strong> <a href="mediafiles/supplements1/eur-descriptive-403-en-data.sav">SPSS file</a>, <a href="mediafiles/supplements1/eur-descriptive-403-en-data.csv">CSV file</a></p>
<extendedTextInteraction responseIdentifier="RESPONSE"/>
</itemBody>
<responseProcessing>
<responseCondition>
<responseIf>
<isNull>
<variable identifier="RESPONSE"/>
</isNull>
<setOutcomeValue identifier="SCORE">
<baseValue baseType="float">0.0</baseValue>
</setOutcomeValue>
<setOutcomeValue identifier="FEEDBACK">
<baseValue baseType="identifier">FAILURE</baseValue>
</setOutcomeValue>
</responseIf>
<responseElse>
<responseCondition>
<responseIf>
<match>
<variable identifier="RESPONSE"/>
<correct identifier="RESPONSE"/>
</match>
<setOutcomeValue identifier="SCORE">
<baseValue baseType="float">1</baseValue>
</setOutcomeValue>
</responseIf>
<responseElse>
<setOutcomeValue identifier="SCORE">
<baseValue baseType="float">0</baseValue>
</setOutcomeValue>
</responseElse>
</responseCondition>
<responseCondition>
<responseIf>
<equal toleranceMode="relative" tolerance="0.001">
<variable identifier="SCORE"/>
<variable identifier="MAXSCORE"/>
</equal>
<setOutcomeValue identifier="FEEDBACK">
<baseValue baseType="identifier">ANSWER_CORRECT</baseValue>
</setOutcomeValue>
</responseIf>
<responseElse>
<setOutcomeValue identifier="FEEDBACK">
<baseValue baseType="identifier">FAILURE</baseValue>
</setOutcomeValue>
</responseElse>
</responseCondition>
</responseElse>
</responseCondition>
</responseProcessing>
<modalFeedback identifier="FAILURE" outcomeIdentifier="FEEDBACK" showHide="show">
<div class="textblock tvblock tvcss_1"><div class="rte_zone tveditor1">
<p>The percentage of students with a total score of 16.0 or lower is 88% (percentiles can be calculated using rank cases).</p>
</div>
</div>
</modalFeedback>
<modalFeedback identifier="ANSWER_CORRECT" outcomeIdentifier="FEEDBACK" showHide="show">
<div class="textblock tvblock tvcss_1"><div class="rte_zone tveditor1">
<p>The percentage of students with a total score of 16.0 or lower is 88% (percentiles can be calculated using rank cases).</p>
</div>
</div>
</modalFeedback>
<modalFeedback identifier="PARTIAL_CORRECT" outcomeIdentifier="FEEDBACK" showHide="show">
<div class="textblock tvblock tvcss_1"><div class="rte_zone tveditor1">
<p>The percentage of students with a total score of 16.0 or lower is 88% (percentiles can be calculated using rank cases).</p>
</div>
</div>
</modalFeedback>
</assessmentItem>
