<?xml version="1.0" encoding="UTF-8"?>
<assessmentItem xsi:schemaLocation="http://www.imsglobal.org/xsd/imsqti_v2p1 http://www.imsglobal.org/xsd/qti/qtiv2p1/imsqti_v2p1p1.xsd http://www.w3.org/1998/Math/MathML http://www.w3.org/Math/XMLSchema/mathml2/mathml2.xsd" identifier="vufgb-centrallimittheorem-001-en_407796284_section_1_item_1_schoice" title="1" adaptive="false" timeDependent="false" xmlns="http://www.imsglobal.org/xsd/imsqti_v2p1" xmlns:xsi="http://www.w3.org/2001/XMLSchema-instance">
<responseDeclaration identifier="vufgb-centrallimittheorem-001-en_407796284_section_1_item_1_schoice_RESPONSE_1_9516546" cardinality="single" baseType="identifier">
<correctResponse>
<value>vufgb-centrallimittheorem-001-en_407796284_section_1_item_1_schoice_3_1694751711</value>
</correctResponse>
<mapping defaultValue="0" lowerBound="0.0">
<mapEntry mapKey="vufgb-centrallimittheorem-001-en_407796284_section_1_item_1_schoice_1_2311991382" mappedValue="0"/>
<mapEntry mapKey="vufgb-centrallimittheorem-001-en_407796284_section_1_item_1_schoice_2_6735854316" mappedValue="0"/>
<mapEntry mapKey="vufgb-centrallimittheorem-001-en_407796284_section_1_item_1_schoice_3_1694751711" mappedValue="1"/>
<mapEntry mapKey="vufgb-centrallimittheorem-001-en_407796284_section_1_item_1_schoice_4_3304331486" mappedValue="0"/>
</mapping>
</responseDeclaration>
<outcomeDeclaration identifier="SCORE" cardinality="single" baseType="float" normalMaximum="1" normalMinimum="0">
<defaultValue>
<value>0.0</value>
</defaultValue>
</outcomeDeclaration>
<outcomeDeclaration identifier="MAXSCORE" cardinality="single" baseType="float">
<defaultValue>
<value>1</value>
</defaultValue>
</outcomeDeclaration>
<outcomeDeclaration identifier="FEEDBACKBASIC" cardinality="single" baseType="identifier" view="testConstructor">
<defaultValue>
<value>empty</value>
</defaultValue>
</outcomeDeclaration>
<outcomeDeclaration identifier="FEEDBACKMODAL" cardinality="multiple" baseType="identifier" view="testConstructor"/>
<outcomeDeclaration identifier="MINSCORE" cardinality="single" baseType="float">
<defaultValue>
<value baseType="float">0</value>
</defaultValue>
</outcomeDeclaration>
<outcomeDeclaration identifier="SCORE_RESPONSE_1" cardinality="single" baseType="float">
<defaultValue>
<value>0.0</value>
</defaultValue>
</outcomeDeclaration>
<outcomeDeclaration identifier="MINSCORE_RESPONSE_1" cardinality="single" baseType="float">
<defaultValue>
<value>0.0</value>
</defaultValue>
</outcomeDeclaration>
<itemBody>
<p>What is the correct description of the central limit theorem? Complete the following sentence: “In case of random sampling and a … sample <em>n</em>, the … distribution will be approximately normally distributed.”</p>
<choiceInteraction responseIdentifier="vufgb-centrallimittheorem-001-en_407796284_section_1_item_1_schoice_RESPONSE_1_9516546" shuffle="false" maxChoices="1">
<simpleChoice identifier="vufgb-centrallimittheorem-001-en_407796284_section_1_item_1_schoice_1_2311991382">
<p>
a. small ; sampling
</p>
</simpleChoice>
<simpleChoice identifier="vufgb-centrallimittheorem-001-en_407796284_section_1_item_1_schoice_2_6735854316">
<p>
b. small ; population
</p>
</simpleChoice>
<simpleChoice identifier="vufgb-centrallimittheorem-001-en_407796284_section_1_item_1_schoice_3_1694751711">
<p>
c. large ; sampling
</p>
</simpleChoice>
<simpleChoice identifier="vufgb-centrallimittheorem-001-en_407796284_section_1_item_1_schoice_4_3304331486">
<p>
d. large ; population
</p>
</simpleChoice>
</choiceInteraction>
</itemBody>
<responseProcessing>
<responseCondition>
<responseIf>
<isNull>
<variable identifier="vufgb-centrallimittheorem-001-en_407796284_section_1_item_1_schoice_RESPONSE_1_9516546"/>
</isNull>
<setOutcomeValue identifier="SCORE_RESPONSE_1">
<sum>
<variable identifier="SCORE_RESPONSE_1"/>
<baseValue baseType="float">0</baseValue>
</sum>
</setOutcomeValue>
</responseIf>
</responseCondition>
<setOutcomeValue identifier="SCORE_RESPONSE_1">
<sum>
<variable identifier="SCORE_RESPONSE_1"/>
<mapResponse identifier="vufgb-centrallimittheorem-001-en_407796284_section_1_item_1_schoice_RESPONSE_1_9516546"/>
</sum>
</setOutcomeValue>
<responseCondition>
<responseIf>
<lt>
<variable identifier="SCORE_RESPONSE_1"/>
<variable identifier="MINSCORE_RESPONSE_1"/>
</lt>
<setOutcomeValue identifier="SCORE_RESPONSE_1">
<variable identifier="MINSCORE_RESPONSE_1"/>
</setOutcomeValue>
</responseIf>
</responseCondition>
<setOutcomeValue identifier="SCORE">
<sum>
<variable identifier="SCORE_RESPONSE_1"/>
</sum>
</setOutcomeValue>
<responseCondition>
<responseIf>
<lt>
<variable identifier="SCORE"/>
<variable identifier="MINSCORE"/>
</lt>
<setOutcomeValue identifier="SCORE">
<variable identifier="MINSCORE"/>
</setOutcomeValue>
</responseIf>
</responseCondition>
<responseCondition>
<responseIf>
<lt>
<variable identifier="SCORE"/>
<baseValue baseType="float">1</baseValue>
</lt>
<setOutcomeValue identifier="FEEDBACKMODAL">
<multiple>
<variable identifier="FEEDBACKMODAL"/>
<baseValue baseType="identifier">Feedback308413096</baseValue>
</multiple>
</setOutcomeValue>
</responseIf>
</responseCondition>
</responseProcessing>
<modalFeedback identifier="Feedback308413096" outcomeIdentifier="FEEDBACKMODAL" showHide="show">
</modalFeedback>
</assessmentItem>
