<?xml version="1.0" encoding="utf-8" standalone="yes"?>
<assessmentItem identifier="uva-elementary-probability-953-nl-tv_202601131819_item_1_schoice" title="uva-elementary-probability-953-nl-tv_202601131819_item_1_schoice_uva-elementary-probability-953-nl" adaptive="false" timeDependent="false" toolName="Testvision Online" toolVersion="39.0.9084" xmlns="http://www.imsglobal.org/xsd/imsqti_v2p1">
<responseDeclaration identifier="RESPONSE" cardinality="single" baseType="identifier">
<correctResponse>
<value>alt_780744</value>
</correctResponse>
<mapping defaultValue="0" lowerBound="0.0">
<mapEntry mapKey="alt_125675" mappedValue="-0.333333333333333"/>
<mapEntry mapKey="alt_118381" mappedValue="-0.333333333333333"/>
<mapEntry mapKey="alt_780744" mappedValue="1"/>
<mapEntry mapKey="alt_320409" mappedValue="-0.333333333333333"/>
</mapping>
</responseDeclaration>
<outcomeDeclaration identifier="SCORE" cardinality="single" baseType="float" normalMaximum="1" normalMinimum="0" />
<outcomeDeclaration identifier="FEEDBACK" cardinality="single" baseType="identifier" />
<stylesheet href="css/uva-elementary-probability-953-nl-tv_202601131819_item_1_schoice.css" type="text/css" />
<itemBody>
<p>In een statistiek klas zitten 40 studenten. De docent kiest elke keer
aselect één student om één vraag te beantwoorden en daarna legt de
docent de gekozen naam niet terug. Er zijn in totaal drie vragen. Marja
definieert de gebeurtenissen:<br />
<br />
* <em>A</em> = Zij wordt opgeroepen om de eerste vraag te beantwoorden,<br />
* <em>B</em> = Zij wordt opgeroepen om één van drie vragen te beantwoorden.<br />
<br />
Hoe groot is dan de kans dat zij de eerste vraag moet beantwoorden,
gegeven dat zij wordt gekozen om één van de drie te beantwoorden?</p>
<choiceInteraction responseIdentifier="RESPONSE" shuffle="false" maxChoices="1">
<simpleChoice identifier="alt_125675">
<div class="textblock tvblock tvcss_1"><div class="rte_zone tveditor1">
 1/50
</div>
</div>
</simpleChoice>
<simpleChoice identifier="alt_118381">
<div class="textblock tvblock tvcss_1"><div class="rte_zone tveditor1">
 3/50
</div>
</div>
</simpleChoice>
<simpleChoice identifier="alt_780744">
<div class="textblock tvblock tvcss_1"><div class="rte_zone tveditor1">
 1/3
</div>
</div>
</simpleChoice>
<simpleChoice identifier="alt_320409">
<div class="textblock tvblock tvcss_1"><div class="rte_zone tveditor1">
 2/3
</div>
</div>
</simpleChoice>
</choiceInteraction>
</itemBody>
<responseProcessing>
<responseCondition>
<responseIf>
<isNull>
<variable identifier="RESPONSE"/>
</isNull>
<setOutcomeValue identifier="SCORE">
<baseValue baseType="float">0.0</baseValue>
</setOutcomeValue>
<setOutcomeValue identifier="FEEDBACK">
<baseValue baseType="identifier">FAILURE</baseValue>
</setOutcomeValue>
</responseIf>
<responseElse>
<setOutcomeValue identifier="SCORE">
<mapResponse identifier="RESPONSE"/>
</setOutcomeValue>
<responseCondition>
<responseIf>
<equal toleranceMode="relative" tolerance="0.001">
<variable identifier="SCORE"/>
<variable identifier="MAXSCORE"/>
</equal>
<setOutcomeValue identifier="FEEDBACK">
<baseValue baseType="identifier">ANSWER_CORRECT</baseValue>
</setOutcomeValue>
</responseIf>
<responseElse>
<setOutcomeValue identifier="FEEDBACK">
<baseValue baseType="identifier">FAILURE</baseValue>
</setOutcomeValue>
</responseElse>
</responseCondition>
</responseElse>
</responseCondition>
</responseProcessing>
<modalFeedback identifier="FAILURE" outcomeIdentifier="FEEDBACK" showHide="show">
<div class="textblock tvblock tvcss_1"><div class="rte_zone tveditor1">
<ul>
<li> 1/50 <br /> 1/50: Incorrect </li>
<li> 3/50 <br /> 3/50: Incorrect </li>
<li> 1/3 <br /> 1/3: Correct </li>
<li> 2/3 <br /> 2/3: Incorrect </li>
</ul>
</div>
</div>
</modalFeedback>
<modalFeedback identifier="ANSWER_CORRECT" outcomeIdentifier="FEEDBACK" showHide="show">
<div class="textblock tvblock tvcss_1"><div class="rte_zone tveditor1">
<ul>
<li> 1/50 <br /> 1/50: Incorrect </li>
<li> 3/50 <br /> 3/50: Incorrect </li>
<li> 1/3 <br /> 1/3: Correct </li>
<li> 2/3 <br /> 2/3: Incorrect </li>
</ul>
</div>
</div>
</modalFeedback>
<modalFeedback identifier="PARTIAL_CORRECT" outcomeIdentifier="FEEDBACK" showHide="show">
<div class="textblock tvblock tvcss_1"><div class="rte_zone tveditor1">
<ul>
<li> 1/50 <br /> 1/50: Incorrect </li>
<li> 3/50 <br /> 3/50: Incorrect </li>
<li> 1/3 <br /> 1/3: Correct </li>
<li> 2/3 <br /> 2/3: Incorrect </li>
</ul>
</div>
</div>
</modalFeedback>
</assessmentItem>
