<?xml version="1.0" encoding="utf-8" standalone="yes"?>
<assessmentItem identifier="vufgb-mediation-006-nl-tv_202601131821_item_1_schoice" title="vufgb-mediation-006-nl-tv_202601131821_item_1_schoice_vufgb-mediation-006-nl" adaptive="false" timeDependent="false" toolName="Testvision Online" toolVersion="39.0.9084" xmlns="http://www.imsglobal.org/xsd/imsqti_v2p1">
<responseDeclaration identifier="RESPONSE" cardinality="single" baseType="identifier">
<correctResponse>
<value>alt_237787</value>
</correctResponse>
<mapping defaultValue="0" lowerBound="0.0">
<mapEntry mapKey="alt_391770" mappedValue="-0.333333333333333"/>
<mapEntry mapKey="alt_587184" mappedValue="-0.333333333333333"/>
<mapEntry mapKey="alt_237787" mappedValue="1"/>
<mapEntry mapKey="alt_801265" mappedValue="-0.333333333333333"/>
</mapping>
</responseDeclaration>
<outcomeDeclaration identifier="SCORE" cardinality="single" baseType="float" normalMaximum="1" normalMinimum="0" />
<outcomeDeclaration identifier="FEEDBACK" cardinality="single" baseType="identifier" />
<stylesheet href="css/vufgb-mediation-006-nl-tv_202601131821_item_1_schoice.css" type="text/css" />
<itemBody>
<p>In onderstaande tabel staat een deel van de uitkomsten van een mediatiemodel.</p>
<p><img src="mediafiles/supplements1/vufgb-mediation-006-nl.png" alt="image"/></p>
<p>Bereken de standaardfout (<em>SE<sub>ab</sub></em>) die hoort bij de Sobeltest voor het mediatie-effect.</p>
<choiceInteraction responseIdentifier="RESPONSE" shuffle="false" maxChoices="1">
<simpleChoice identifier="alt_391770">
<div class="textblock tvblock tvcss_1"><div class="rte_zone tveditor1">
 0.95.
</div>
</div>
</simpleChoice>
<simpleChoice identifier="alt_587184">
<div class="textblock tvblock tvcss_1"><div class="rte_zone tveditor1">
 1.40.
</div>
</div>
</simpleChoice>
<simpleChoice identifier="alt_237787">
<div class="textblock tvblock tvcss_1"><div class="rte_zone tveditor1">
 1.46.
</div>
</div>
</simpleChoice>
<simpleChoice identifier="alt_801265">
<div class="textblock tvblock tvcss_1"><div class="rte_zone tveditor1">
 1.76.
</div>
</div>
</simpleChoice>
</choiceInteraction>
</itemBody>
<responseProcessing>
<responseCondition>
<responseIf>
<isNull>
<variable identifier="RESPONSE"/>
</isNull>
<setOutcomeValue identifier="SCORE">
<baseValue baseType="float">0.0</baseValue>
</setOutcomeValue>
<setOutcomeValue identifier="FEEDBACK">
<baseValue baseType="identifier">FAILURE</baseValue>
</setOutcomeValue>
</responseIf>
<responseElse>
<setOutcomeValue identifier="SCORE">
<mapResponse identifier="RESPONSE"/>
</setOutcomeValue>
<responseCondition>
<responseIf>
<equal toleranceMode="relative" tolerance="0.001">
<variable identifier="SCORE"/>
<variable identifier="MAXSCORE"/>
</equal>
<setOutcomeValue identifier="FEEDBACK">
<baseValue baseType="identifier">ANSWER_CORRECT</baseValue>
</setOutcomeValue>
</responseIf>
<responseElse>
<setOutcomeValue identifier="FEEDBACK">
<baseValue baseType="identifier">FAILURE</baseValue>
</setOutcomeValue>
</responseElse>
</responseCondition>
</responseElse>
</responseCondition>
</responseProcessing>
<modalFeedback identifier="FAILURE" outcomeIdentifier="FEEDBACK" showHide="show">
<div class="textblock tvblock tvcss_1"><div class="rte_zone tveditor1">
</div>
</div>
</modalFeedback>
<modalFeedback identifier="ANSWER_CORRECT" outcomeIdentifier="FEEDBACK" showHide="show">
<div class="textblock tvblock tvcss_1"><div class="rte_zone tveditor1">
</div>
</div>
</modalFeedback>
<modalFeedback identifier="PARTIAL_CORRECT" outcomeIdentifier="FEEDBACK" showHide="show">
<div class="textblock tvblock tvcss_1"><div class="rte_zone tveditor1">
</div>
</div>
</modalFeedback>
</assessmentItem>
