<?xml version="1.0" encoding="utf-8" standalone="yes"?>
<assessmentItem identifier="vufgb-samplingdistributions-013-nl-tv_202601131823_item_1_schoice" title="vufgb-samplingdistributions-013-nl-tv_202601131823_item_1_schoice_vufgb-samplingdistributions-013-nl" adaptive="false" timeDependent="false" toolName="Testvision Online" toolVersion="39.0.9084" xmlns="http://www.imsglobal.org/xsd/imsqti_v2p1">
<responseDeclaration identifier="RESPONSE" cardinality="single" baseType="identifier">
<correctResponse>
<value>alt_581332</value>
</correctResponse>
<mapping defaultValue="0" lowerBound="0.0">
<mapEntry mapKey="alt_987756" mappedValue="-0.333333333333333"/>
<mapEntry mapKey="alt_665647" mappedValue="-0.333333333333333"/>
<mapEntry mapKey="alt_581332" mappedValue="1"/>
<mapEntry mapKey="alt_687761" mappedValue="-0.333333333333333"/>
</mapping>
</responseDeclaration>
<outcomeDeclaration identifier="SCORE" cardinality="single" baseType="float" normalMaximum="1" normalMinimum="0" />
<outcomeDeclaration identifier="FEEDBACK" cardinality="single" baseType="identifier" />
<stylesheet href="css/vufgb-samplingdistributions-013-nl-tv_202601131823_item_1_schoice.css" type="text/css" />
<itemBody>
<p>Maak deze zin op correcte wijze af: De standaardfout is een maat voor …</p>
<choiceInteraction responseIdentifier="RESPONSE" shuffle="false" maxChoices="1">
<simpleChoice identifier="alt_987756">
<div class="textblock tvblock tvcss_1"><div class="rte_zone tveditor1">
 de spreiding van de steekproefverdeling.
</div>
</div>
</simpleChoice>
<simpleChoice identifier="alt_665647">
<div class="textblock tvblock tvcss_1"><div class="rte_zone tveditor1">
 het verschil tussen de steekproefgrootheid en populatiewaarde.
</div>
</div>
</simpleChoice>
<simpleChoice identifier="alt_581332">
<div class="textblock tvblock tvcss_1"><div class="rte_zone tveditor1">
 de standaarddeviatie van een steekproefgrootheid.
</div>
</div>
</simpleChoice>
<simpleChoice identifier="alt_687761">
<div class="textblock tvblock tvcss_1"><div class="rte_zone tveditor1">
 het verschil tussen de steekproefverdeling en populatieverdeling
</div>
</div>
</simpleChoice>
</choiceInteraction>
</itemBody>
<responseProcessing>
<responseCondition>
<responseIf>
<isNull>
<variable identifier="RESPONSE"/>
</isNull>
<setOutcomeValue identifier="SCORE">
<baseValue baseType="float">0.0</baseValue>
</setOutcomeValue>
<setOutcomeValue identifier="FEEDBACK">
<baseValue baseType="identifier">FAILURE</baseValue>
</setOutcomeValue>
</responseIf>
<responseElse>
<setOutcomeValue identifier="SCORE">
<mapResponse identifier="RESPONSE"/>
</setOutcomeValue>
<responseCondition>
<responseIf>
<equal toleranceMode="relative" tolerance="0.001">
<variable identifier="SCORE"/>
<variable identifier="MAXSCORE"/>
</equal>
<setOutcomeValue identifier="FEEDBACK">
<baseValue baseType="identifier">ANSWER_CORRECT</baseValue>
</setOutcomeValue>
</responseIf>
<responseElse>
<setOutcomeValue identifier="FEEDBACK">
<baseValue baseType="identifier">FAILURE</baseValue>
</setOutcomeValue>
</responseElse>
</responseCondition>
</responseElse>
</responseCondition>
</responseProcessing>
<modalFeedback identifier="FAILURE" outcomeIdentifier="FEEDBACK" showHide="show">
<div class="textblock tvblock tvcss_1"><div class="rte_zone tveditor1">
<ul>
<li> de spreiding van de steekproefverdeling. <br /> Incorrect </li>
<li> het verschil tussen de steekproefgrootheid en populatiewaarde. <br /> Incorrect </li>
<li> de standaarddeviatie van een steekproefgrootheid. <br /> Correct </li>
<li> het verschil tussen de steekproefverdeling en populatieverdeling <br /> Incorrect </li>
</ul>
</div>
</div>
</modalFeedback>
<modalFeedback identifier="ANSWER_CORRECT" outcomeIdentifier="FEEDBACK" showHide="show">
<div class="textblock tvblock tvcss_1"><div class="rte_zone tveditor1">
<ul>
<li> de spreiding van de steekproefverdeling. <br /> Incorrect </li>
<li> het verschil tussen de steekproefgrootheid en populatiewaarde. <br /> Incorrect </li>
<li> de standaarddeviatie van een steekproefgrootheid. <br /> Correct </li>
<li> het verschil tussen de steekproefverdeling en populatieverdeling <br /> Incorrect </li>
</ul>
</div>
</div>
</modalFeedback>
<modalFeedback identifier="PARTIAL_CORRECT" outcomeIdentifier="FEEDBACK" showHide="show">
<div class="textblock tvblock tvcss_1"><div class="rte_zone tveditor1">
<ul>
<li> de spreiding van de steekproefverdeling. <br /> Incorrect </li>
<li> het verschil tussen de steekproefgrootheid en populatiewaarde. <br /> Incorrect </li>
<li> de standaarddeviatie van een steekproefgrootheid. <br /> Correct </li>
<li> het verschil tussen de steekproefverdeling en populatieverdeling <br /> Incorrect </li>
</ul>
</div>
</div>
</modalFeedback>
</assessmentItem>
