<?xml version="1.0" encoding="UTF-8"?>
<assessmentItem xsi:schemaLocation="http://www.imsglobal.org/xsd/imsqti_v2p1 http://www.imsglobal.org/xsd/qti/qtiv2p1/imsqti_v2p1p1.xsd http://www.w3.org/1998/Math/MathML http://www.w3.org/Math/XMLSchema/mathml2/mathml2.xsd" identifier="uu-ANOVA-825-en-ans_571318872_section_1_item_1_schoice" title="Inferential_Statistics_uu-ANOVA-825-en_uu-ANOVA-825-en_schoice_1" adaptive="false" timeDependent="false" xmlns="http://www.imsglobal.org/xsd/imsqti_v2p1" xmlns:xsi="http://www.w3.org/2001/XMLSchema-instance">
<responseDeclaration identifier="uu-ANOVA-825-en-ans_571318872_section_1_item_1_schoice_RESPONSE_1_3505012" cardinality="single" baseType="identifier">
<correctResponse>
<value>uu-ANOVA-825-en-ans_571318872_section_1_item_1_schoice_1_6044876499</value>
</correctResponse>
<mapping defaultValue="0" lowerBound="0.0">
<mapEntry mapKey="uu-ANOVA-825-en-ans_571318872_section_1_item_1_schoice_1_6044876499" mappedValue="1"/>
<mapEntry mapKey="uu-ANOVA-825-en-ans_571318872_section_1_item_1_schoice_2_1557672153" mappedValue="0"/>
<mapEntry mapKey="uu-ANOVA-825-en-ans_571318872_section_1_item_1_schoice_3_6883805984" mappedValue="0"/>
<mapEntry mapKey="uu-ANOVA-825-en-ans_571318872_section_1_item_1_schoice_4_1816394045" mappedValue="0"/>
</mapping>
</responseDeclaration>
<outcomeDeclaration identifier="SCORE" cardinality="single" baseType="float" normalMaximum="1" normalMinimum="0">
<defaultValue>
<value>0.0</value>
</defaultValue>
</outcomeDeclaration>
<outcomeDeclaration identifier="MAXSCORE" cardinality="single" baseType="float">
<defaultValue>
<value>1</value>
</defaultValue>
</outcomeDeclaration>
<outcomeDeclaration identifier="FEEDBACKBASIC" cardinality="single" baseType="identifier" view="testConstructor">
<defaultValue>
<value>empty</value>
</defaultValue>
</outcomeDeclaration>
<outcomeDeclaration identifier="FEEDBACKMODAL" cardinality="multiple" baseType="identifier" view="testConstructor"/>
<outcomeDeclaration identifier="SOLUTIONMODAL" cardinality="single" baseType="identifier" view="testConstructor"/>
<outcomeDeclaration identifier="MINSCORE" cardinality="single" baseType="float">
<defaultValue>
<value baseType="float">0</value>
</defaultValue>
</outcomeDeclaration>
<outcomeDeclaration identifier="SCORE_RESPONSE_1" cardinality="single" baseType="float">
<defaultValue>
<value>0.0</value>
</defaultValue>
</outcomeDeclaration>
<outcomeDeclaration identifier="MINSCORE_RESPONSE_1" cardinality="single" baseType="float">
<defaultValue>
<value>0.0</value>
</defaultValue>
</outcomeDeclaration>
<itemBody>
<p>Wade et al. (2009) conducted a study focusing on reducing body image dissatisfaction in women. One hundred first-year college students at Flinders University signed up to participate and were then randomly assigned to five different conditions: condition focused on Rumination (1), Cognitive Dissonance (2), Distraction (3), Acceptance (4), and a control group (5). One of the dependent variables is the increase in satisfaction with one’s own weight.</p>
<p>Suppose researcher B is interested in exercise. One half of the women in each condition had some type of exercise added to their daily routine. The other half did nothing different than normal. The increase in satisfaction scores is compared not only between the five different conditions, but also between the two exercise groups. SPSS output from the analysis is below.</p>
<p><img src="media/supplements1/uu-ANOVA-825-en-tabel.JPG" /></p>
<p>What is the value of the test quantity that tests the interaction between Condition and Motion?</p>
<choiceInteraction responseIdentifier="uu-ANOVA-825-en-ans_571318872_section_1_item_1_schoice_RESPONSE_1_3505012" shuffle="false" maxChoices="1">
<simpleChoice identifier="uu-ANOVA-825-en-ans_571318872_section_1_item_1_schoice_1_6044876499">
<p>
 0.319
</p>
</simpleChoice>
<simpleChoice identifier="uu-ANOVA-825-en-ans_571318872_section_1_item_1_schoice_2_1557672153">
<p>
 0.811
</p>
</simpleChoice>
<simpleChoice identifier="uu-ANOVA-825-en-ans_571318872_section_1_item_1_schoice_3_6883805984">
<p>
 1.277
</p>
</simpleChoice>
<simpleChoice identifier="uu-ANOVA-825-en-ans_571318872_section_1_item_1_schoice_4_1816394045">
<p>
 0.014
</p>
</simpleChoice>
</choiceInteraction>
</itemBody>
<responseProcessing>
<setOutcomeValue identifier="SCORE_RESPONSE_1">
<sum>
<variable identifier="SCORE_RESPONSE_1"/>
<mapResponse identifier="uu-ANOVA-825-en-ans_571318872_section_1_item_1_schoice_RESPONSE_1_3505012"/>
</sum>
</setOutcomeValue>
<responseCondition>
<responseIf>
<lt>
<variable identifier="SCORE_RESPONSE_1"/>
<variable identifier="MINSCORE_RESPONSE_1"/>
</lt>
<setOutcomeValue identifier="SCORE_RESPONSE_1">
<variable identifier="MINSCORE_RESPONSE_1"/>
</setOutcomeValue>
</responseIf>
</responseCondition>
<responseCondition>
<responseIf>
<isNull>
<variable identifier="uu-ANOVA-825-en-ans_571318872_section_1_item_1_schoice_RESPONSE_1_3505012"/>
</isNull>
<setOutcomeValue identifier="SCORE_RESPONSE_1">
<sum>
<variable identifier="SCORE_RESPONSE_1"/>
<baseValue baseType="float">0</baseValue>
</sum>
</setOutcomeValue>
</responseIf>
</responseCondition>
<setOutcomeValue identifier="SCORE">
<sum>
<variable identifier="SCORE_RESPONSE_1"/>
</sum>
</setOutcomeValue>
<responseCondition>
<responseIf>
<lt>
<variable identifier="SCORE"/>
<variable identifier="MINSCORE"/>
</lt>
<setOutcomeValue identifier="SCORE">
<variable identifier="MINSCORE"/>
</setOutcomeValue>
</responseIf>
</responseCondition>
<responseCondition>
<responseIf>
<lt>
<variable identifier="SCORE"/>
<baseValue baseType="float">1</baseValue>
</lt>
<setOutcomeValue identifier="FEEDBACKMODAL">
<multiple>
<variable identifier="FEEDBACKMODAL"/>
<baseValue baseType="identifier">Feedback453704261</baseValue>
</multiple>
</setOutcomeValue>
</responseIf>
</responseCondition>
</responseProcessing>
<modalFeedback outcomeIdentifier="FEEDBACK" showHide="show" identifier="incorrect">
<ul>
<li> 0.319 <br /> This answer is correct. </li>
<li> 0.811 <br /> This answer is incorrect. </li>
<li> 1.277 <br /> This answer is incorrect. </li>
<li> 0.014 <br /> This answer is incorrect. </li>
</ul>
</modalFeedback>
</assessmentItem>
