<?xml version="1.0" encoding="UTF-8"?>
<assessmentItem xsi:schemaLocation="http://www.imsglobal.org/xsd/imsqti_v2p1 http://www.imsglobal.org/xsd/qti/qtiv2p1/imsqti_v2p1p1.xsd http://www.w3.org/1998/Math/MathML http://www.w3.org/Math/XMLSchema/mathml2/mathml2.xsd" identifier="vufgb-mode-002-en-qti_569903129_section_1_item_1_schoice" title="1" adaptive="false" timeDependent="false" xmlns="http://www.imsglobal.org/xsd/imsqti_v2p1" xmlns:xsi="http://www.w3.org/2001/XMLSchema-instance">
<responseDeclaration identifier="vufgb-mode-002-en-qti_569903129_section_1_item_1_schoice_RESPONSE_1_8825494" cardinality="single" baseType="identifier">
<correctResponse>
<value>vufgb-mode-002-en-qti_569903129_section_1_item_1_schoice_1_1898390149</value>
</correctResponse>
<mapping defaultValue="0" lowerBound="0.0">
<mapEntry mapKey="vufgb-mode-002-en-qti_569903129_section_1_item_1_schoice_1_1898390149" mappedValue="1"/>
<mapEntry mapKey="vufgb-mode-002-en-qti_569903129_section_1_item_1_schoice_2_1208219819" mappedValue="0"/>
<mapEntry mapKey="vufgb-mode-002-en-qti_569903129_section_1_item_1_schoice_3_8969473518" mappedValue="0"/>
<mapEntry mapKey="vufgb-mode-002-en-qti_569903129_section_1_item_1_schoice_4_2744827218" mappedValue="0"/>
</mapping>
</responseDeclaration>
<outcomeDeclaration identifier="SCORE" cardinality="single" baseType="float" normalMaximum="1" normalMinimum="0">
<defaultValue>
<value>0.0</value>
</defaultValue>
</outcomeDeclaration>
<outcomeDeclaration identifier="MAXSCORE" cardinality="single" baseType="float">
<defaultValue>
<value>1</value>
</defaultValue>
</outcomeDeclaration>
<outcomeDeclaration identifier="FEEDBACKBASIC" cardinality="single" baseType="identifier" view="testConstructor">
<defaultValue>
<value>empty</value>
</defaultValue>
</outcomeDeclaration>
<outcomeDeclaration identifier="FEEDBACKMODAL" cardinality="multiple" baseType="identifier" view="testConstructor"/>
<outcomeDeclaration identifier="SOLUTIONMODAL" cardinality="single" baseType="identifier" view="testConstructor"/>
<outcomeDeclaration identifier="MINSCORE" cardinality="single" baseType="float">
<defaultValue>
<value baseType="float">0</value>
</defaultValue>
</outcomeDeclaration>
<outcomeDeclaration identifier="SCORE_RESPONSE_1" cardinality="single" baseType="float">
<defaultValue>
<value>0.0</value>
</defaultValue>
</outcomeDeclaration>
<outcomeDeclaration identifier="MINSCORE_RESPONSE_1" cardinality="single" baseType="float">
<defaultValue>
<value>0.0</value>
</defaultValue>
</outcomeDeclaration>
<itemBody>
<p>Given are the following scores: 5, 8, 6, 1, 5, 7, 10, 3, 2 and 4. What is the mode?</p>
<choiceInteraction responseIdentifier="vufgb-mode-002-en-qti_569903129_section_1_item_1_schoice_RESPONSE_1_8825494" shuffle="false" maxChoices="1">
<simpleChoice identifier="vufgb-mode-002-en-qti_569903129_section_1_item_1_schoice_1_1898390149">
<p>
 5
</p>
</simpleChoice>
<simpleChoice identifier="vufgb-mode-002-en-qti_569903129_section_1_item_1_schoice_2_1208219819">
<p>
 5.5
</p>
</simpleChoice>
<simpleChoice identifier="vufgb-mode-002-en-qti_569903129_section_1_item_1_schoice_3_8969473518">
<p>
 6
</p>
</simpleChoice>
<simpleChoice identifier="vufgb-mode-002-en-qti_569903129_section_1_item_1_schoice_4_2744827218">
<p>
 5.2
</p>
</simpleChoice>
</choiceInteraction>
</itemBody>
<responseProcessing>
<setOutcomeValue identifier="SCORE_RESPONSE_1">
<sum>
<variable identifier="SCORE_RESPONSE_1"/>
<mapResponse identifier="vufgb-mode-002-en-qti_569903129_section_1_item_1_schoice_RESPONSE_1_8825494"/>
</sum>
</setOutcomeValue>
<responseCondition>
<responseIf>
<lt>
<variable identifier="SCORE_RESPONSE_1"/>
<variable identifier="MINSCORE_RESPONSE_1"/>
</lt>
<setOutcomeValue identifier="SCORE_RESPONSE_1">
<variable identifier="MINSCORE_RESPONSE_1"/>
</setOutcomeValue>
</responseIf>
</responseCondition>
<responseCondition>
<responseIf>
<isNull>
<variable identifier="vufgb-mode-002-en-qti_569903129_section_1_item_1_schoice_RESPONSE_1_8825494"/>
</isNull>
<setOutcomeValue identifier="SCORE_RESPONSE_1">
<sum>
<variable identifier="SCORE_RESPONSE_1"/>
<baseValue baseType="float">0</baseValue>
</sum>
</setOutcomeValue>
</responseIf>
</responseCondition>
<setOutcomeValue identifier="SCORE">
<sum>
<variable identifier="SCORE_RESPONSE_1"/>
</sum>
</setOutcomeValue>
<responseCondition>
<responseIf>
<lt>
<variable identifier="SCORE"/>
<variable identifier="MINSCORE"/>
</lt>
<setOutcomeValue identifier="SCORE">
<variable identifier="MINSCORE"/>
</setOutcomeValue>
</responseIf>
</responseCondition>
<responseCondition>
<responseIf>
<lt>
<variable identifier="SCORE"/>
<baseValue baseType="float">1</baseValue>
</lt>
<setOutcomeValue identifier="FEEDBACKMODAL">
<multiple>
<variable identifier="FEEDBACKMODAL"/>
<baseValue baseType="identifier">Feedback170065128</baseValue>
</multiple>
</setOutcomeValue>
</responseIf>
</responseCondition>
</responseProcessing>
<modalFeedback identifier="Feedback170065128" outcomeIdentifier="FEEDBACKMODAL" showHide="show">
<ul>
<li> 5 <br /> Correct </li>
<li> 5.5 <br /> Incorrect </li>
<li> 6 <br /> Incorrect </li>
<li> 5.2 <br /> Incorrect </li>
</ul>
</modalFeedback>
</assessmentItem>
