<?xml version="1.0" encoding="UTF-8"?>
<!DOCTYPE questestinterop SYSTEM "ims_qtiasiv1p2p1.dtd">

<questestinterop xmlns="http://www.imsglobal.org/xsd/ims_qtiasiv1p2" xmlns:xsi="http://www.w3.org/2001/XMLSchema-instance" xsi:schemaLocation="http://www.imsglobal.org/xsd/ims_qtiasiv1p2 http://www.imsglobal.org/xsd/ims_qtiasiv1p2p1.xsd">
<assessment ident="uu-Component-correlation-matrix-024-nl-canvas_826647082" title="uu-Component-correlation-matrix-024-nl-canvas">

<qtimetadata>
<qtimetadatafield>
<fieldlabel>cc_maxattempts</fieldlabel>
<fieldentry>1</fieldentry>
</qtimetadatafield>
<qtimetadatafield>
<fieldlabel>qmd_assessmenttype</fieldlabel>
<fieldentry>Assessment</fieldentry>
</qtimetadatafield>
</qtimetadata>
<objectives>
<material>
<mattext><![CDATA[Please solve the following exercises.]]></mattext>
</material>
</objectives>
<assessmentcontrol feedbackswitch="No" hintswitch="No" solutionswitch="Yes"/>
<outcomes_processing scoremodel="SumOfScores">
<outcomes>
<decvar varname="SCORE" vartype="Decimal" cutvalue="0"/>
</outcomes>
</outcomes_processing>
<assessfeedback title="AssessmentFeedback" ident="AssessmentFeedback">
<flow_mat>
<material>
<mattext>##AssessmentFeedback##</mattext>
</material>
</flow_mat>
</assessfeedback>

<section ident="uu-Component-correlation-matrix-024-nl-canvas_826647082_section_1" title="Exercise">

<objectives>
<material>
<mattext><![CDATA[Please answer the following question.]]></mattext>
</material>
</objectives>
<selection_ordering>
<selection>
<selection_number>1</selection_number>
<selection_extension>
<points_per_item>1</points_per_item>
</selection_extension>
</selection>
<order order_type="Random"/>
</selection_ordering>

<item ident="uu-Component-correlation-matrix-024-nl-canvas_826647082_section_1_item_1_schoice" title="Question" maxattempts="1">
<itemcontrol feedbackswitch="No" hintswitch="No" solutionswitch="Yes"/>
<itemmetadata>
<qtimetadata>
<qtimetadatafield>
<fieldlabel>question_type</fieldlabel>
<fieldentry>multiple_choice_question</fieldentry>
</qtimetadatafield>
</qtimetadata>
</itemmetadata>
<presentation>
<flow>
<material>
<matbreak/>
<mattext texttype="text/html" charset="utf-8"><![CDATA[
<p>Een groep onderzoekers wil een instrument ontwikkelen dat meet hoe getraumatiseerd kinderen zijn na het meemaken van een auto ongeluk. Op basis van bestaande trauma literatuur hebben ze items gemaakt die bij een van de volgende schalen horen: herbeleving, vermijding, geprikkeldheid, en slaapproblemen. Omdat de kinderen zelf te getraumatiseerd zijn, nemen ze hun 36 items af bij 314 ouders. Omdat de onderzoekers vier subschalen verwachten voeren ze een factor analyse uit met 4 factoren. Deel van de SPSS output staat hieronder.</p>
<p><img src="uu-Compontent-correlation-matrix-024-nl-tabel.jpg" />
<img src="uu-Compontent-correlation-matrix-024-nl-tabel2.jpg" /></p>
<p>Tot hoeveel factoren zou je reduceren op basis van de factor correlaties?</p>
]]></mattext>
<matbreak/>
</material>
<response_lid ident="uu-Component-correlation-matrix-024-nl-canvas_826647082_section_1_item_1_schoice_RESPONSE_8334138" rcardinality="Single" rtiming="No">
<render_choice shuffle="No">
<flow_label class="List">
<response_label ident="uu-Component-correlation-matrix-024-nl-canvas_826647082_section_1_item_1_schoice_3177951468" rshuffle="No">
<material>
<mattext texttype="text/html" charset="utf-8"><![CDATA[
 Tot 1 factor, want alle factoren hangen sterk met elkaar samen
]]></mattext>
</material>
</response_label>
</flow_label>
<flow_label class="List">
<response_label ident="uu-Component-correlation-matrix-024-nl-canvas_826647082_section_1_item_1_schoice_8465219825" rshuffle="No">
<material>
<mattext texttype="text/html" charset="utf-8"><![CDATA[
 Ik zou niet verder reduceren omdat alle correlaties zwak tot matig zijn
]]></mattext>
</material>
</response_label>
</flow_label>
<flow_label class="List">
<response_label ident="uu-Component-correlation-matrix-024-nl-canvas_826647082_section_1_item_1_schoice_3571218146" rshuffle="No">
<material>
<mattext texttype="text/html" charset="utf-8"><![CDATA[
 Tot 2 factoren omdat factoren 1, 2 en 3 te sterk samenhangen en daardoor 1 factor vormen, en factor 4 wel op zichzelf staat
]]></mattext>
</material>
</response_label>
</flow_label>
<flow_label class="List">
<response_label ident="uu-Component-correlation-matrix-024-nl-canvas_826647082_section_1_item_1_schoice_9916301918" rshuffle="No">
<material>
<mattext texttype="text/html" charset="utf-8"><![CDATA[
 Tot 3 factoren omdat factoren 1 en 3 en factoren 2 en 3 te sterk samenhangen en daardoor 1 factor worden, en factor 1 en 4 niet echt met de andere factoren samenhangen
]]></mattext>
</material>
</response_label>
</flow_label>
</render_choice>
</response_lid>
</flow>
</presentation>
<resprocessing>
<outcomes>
<decvar varname="SCORE" vartype="Decimal" defaultval="0" minvalue="0" maxvalue="1" cutvalue="1"/>
</outcomes>
<respcondition title="Mastery" continue="No">
<conditionvar>
<and>
<varequal respident="uu-Component-correlation-matrix-024-nl-canvas_826647082_section_1_item_1_schoice_RESPONSE_8334138" case="Yes">uu-Component-correlation-matrix-024-nl-canvas_826647082_section_1_item_1_schoice_3571218146</varequal>
<not> <varequal respident="uu-Component-correlation-matrix-024-nl-canvas_826647082_section_1_item_1_schoice_RESPONSE_8334138" case="Yes">uu-Component-correlation-matrix-024-nl-canvas_826647082_section_1_item_1_schoice_3177951468</varequal> </not>
<not> <varequal respident="uu-Component-correlation-matrix-024-nl-canvas_826647082_section_1_item_1_schoice_RESPONSE_8334138" case="Yes">uu-Component-correlation-matrix-024-nl-canvas_826647082_section_1_item_1_schoice_8465219825</varequal> </not>
<not> <varequal respident="uu-Component-correlation-matrix-024-nl-canvas_826647082_section_1_item_1_schoice_RESPONSE_8334138" case="Yes">uu-Component-correlation-matrix-024-nl-canvas_826647082_section_1_item_1_schoice_9916301918</varequal> </not>
</and>
</conditionvar>
<setvar varname="SCORE" action="Set">1</setvar>
<displayfeedback feedbacktype="Response" linkrefid="correct_fb"/>
</respcondition>
<respcondition continue="Yes">
<conditionvar>
<other/>
</conditionvar>
<displayfeedback feedbacktype="Response" linkrefid="general_incorrect_fb"/>
</respcondition>
</resprocessing>
<itemfeedback ident="correct_fb" view="All">
<flow_mat>
<material>
<mattext texttype="text/html"><![CDATA[
<p>Tot 2 factoren is het goede antwoord.</p>
]]></mattext>
</material>
</flow_mat>
</itemfeedback>
<itemfeedback ident="general_incorrect_fb" view="All">
<flow_mat>
<material>
<mattext texttype="text/html"><![CDATA[
<p>Tot 2 factoren is het goede antwoord.</p>
]]></mattext>
</material>
</flow_mat>
</itemfeedback>
</item>


</section>

</assessment>
</questestinterop>
