<?xml version="1.0" encoding="UTF-8"?>
<assessmentItem xsi:schemaLocation="http://www.imsglobal.org/xsd/imsqti_v2p1 http://www.imsglobal.org/xsd/qti/qtiv2p1/imsqti_v2p1p1.xsd http://www.w3.org/1998/Math/MathML http://www.w3.org/Math/XMLSchema/mathml2/mathml2.xsd" identifier="vufgb-multilevel_analysis-020-nl-qti_363178707_section_1_item_1_schoice" title="1" adaptive="false" timeDependent="false" xmlns="http://www.imsglobal.org/xsd/imsqti_v2p1" xmlns:xsi="http://www.w3.org/2001/XMLSchema-instance">
<responseDeclaration identifier="vufgb-multilevel_analysis-020-nl-qti_363178707_section_1_item_1_schoice_RESPONSE_1_7450773" cardinality="single" baseType="identifier">
<correctResponse>
<value>vufgb-multilevel_analysis-020-nl-qti_363178707_section_1_item_1_schoice_3_1318356540</value>
</correctResponse>
<mapping defaultValue="0" lowerBound="0.0">
<mapEntry mapKey="vufgb-multilevel_analysis-020-nl-qti_363178707_section_1_item_1_schoice_1_3837462942" mappedValue="0"/>
<mapEntry mapKey="vufgb-multilevel_analysis-020-nl-qti_363178707_section_1_item_1_schoice_2_8345628087" mappedValue="0"/>
<mapEntry mapKey="vufgb-multilevel_analysis-020-nl-qti_363178707_section_1_item_1_schoice_3_1318356540" mappedValue="1"/>
<mapEntry mapKey="vufgb-multilevel_analysis-020-nl-qti_363178707_section_1_item_1_schoice_4_8332563300" mappedValue="0"/>
</mapping>
</responseDeclaration>
<outcomeDeclaration identifier="SCORE" cardinality="single" baseType="float" normalMaximum="1" normalMinimum="0">
<defaultValue>
<value>0.0</value>
</defaultValue>
</outcomeDeclaration>
<outcomeDeclaration identifier="MAXSCORE" cardinality="single" baseType="float">
<defaultValue>
<value>1</value>
</defaultValue>
</outcomeDeclaration>
<outcomeDeclaration identifier="FEEDBACKBASIC" cardinality="single" baseType="identifier" view="testConstructor">
<defaultValue>
<value>empty</value>
</defaultValue>
</outcomeDeclaration>
<outcomeDeclaration identifier="FEEDBACKMODAL" cardinality="multiple" baseType="identifier" view="testConstructor"/>
<outcomeDeclaration identifier="SOLUTIONMODAL" cardinality="single" baseType="identifier" view="testConstructor"/>
<outcomeDeclaration identifier="MINSCORE" cardinality="single" baseType="float">
<defaultValue>
<value baseType="float">0</value>
</defaultValue>
</outcomeDeclaration>
<outcomeDeclaration identifier="SCORE_RESPONSE_1" cardinality="single" baseType="float">
<defaultValue>
<value>0.0</value>
</defaultValue>
</outcomeDeclaration>
<outcomeDeclaration identifier="MINSCORE_RESPONSE_1" cardinality="single" baseType="float">
<defaultValue>
<value>0.0</value>
</defaultValue>
</outcomeDeclaration>
<itemBody>
<p>Er worden twee geneste binaire logistische regressiemodellen met elkaar vergeleken. Het eerste model bevat 1 predictor en geeft een -2 Log-Likelihood waarde van 65. Het tweede model bevat 2 predictoren en geeft een -2 Log-Likelihood waarde van 62.</p>
<p>Voer een chi-kwadraat toets uit om te toetsen of het model met de tweede predictor significant meer verklaart dan het model
zonder de tweede predictor.</p>
<choiceInteraction responseIdentifier="vufgb-multilevel_analysis-020-nl-qti_363178707_section_1_item_1_schoice_RESPONSE_1_7450773" shuffle="false" maxChoices="1">
<simpleChoice identifier="vufgb-multilevel_analysis-020-nl-qti_363178707_section_1_item_1_schoice_1_3837462942">
<p>
 <math display="inline" xmlns="http://www.w3.org/1998/Math/MathML"><semantics><mrow><msup><mi>χ</mi><mn>2</mn></msup><mrow><mo stretchy="true" form="prefix">(</mo><mi>d</mi><mi>f</mi><mo>=</mo><mn>1</mn><mo stretchy="true" form="postfix">)</mo></mrow><mo>=</mo><mn>9</mn><mo>,</mo><mi>p</mi><mo>&lt;</mo><mn>.05</mn></mrow><annotation encoding="application/x-tex">\chi^{2}(df = 1) = 9, p &lt; .05</annotation></semantics></math>
</p>
</simpleChoice>
<simpleChoice identifier="vufgb-multilevel_analysis-020-nl-qti_363178707_section_1_item_1_schoice_2_8345628087">
<p>
 <math display="inline" xmlns="http://www.w3.org/1998/Math/MathML"><semantics><mrow><msup><mi>χ</mi><mn>2</mn></msup><mrow><mo stretchy="true" form="prefix">(</mo><mi>d</mi><mi>f</mi><mo>=</mo><mn>2</mn><mo stretchy="true" form="postfix">)</mo></mrow><mo>=</mo><mn>9</mn><mo>,</mo><mi>p</mi><mo>&lt;</mo><mn>.05</mn></mrow><annotation encoding="application/x-tex">\chi^{2}(df = 2) = 9, p &lt; .05</annotation></semantics></math>
</p>
</simpleChoice>
<simpleChoice identifier="vufgb-multilevel_analysis-020-nl-qti_363178707_section_1_item_1_schoice_3_1318356540">
<p>
 <math display="inline" xmlns="http://www.w3.org/1998/Math/MathML"><semantics><mrow><msup><mi>χ</mi><mn>2</mn></msup><mrow><mo stretchy="true" form="prefix">(</mo><mi>d</mi><mi>f</mi><mo>=</mo><mn>1</mn><mo stretchy="true" form="postfix">)</mo></mrow><mo>=</mo><mn>3</mn><mo>,</mo><mi>p</mi><mo>&gt;</mo><mn>.05</mn></mrow><annotation encoding="application/x-tex">\chi^{2}(df = 1) = 3, p &gt; .05</annotation></semantics></math>
</p>
</simpleChoice>
<simpleChoice identifier="vufgb-multilevel_analysis-020-nl-qti_363178707_section_1_item_1_schoice_4_8332563300">
<p>
 <math display="inline" xmlns="http://www.w3.org/1998/Math/MathML"><semantics><mrow><msup><mi>χ</mi><mn>2</mn></msup><mrow><mo stretchy="true" form="prefix">(</mo><mi>d</mi><mi>f</mi><mo>=</mo><mn>2</mn><mo stretchy="true" form="postfix">)</mo></mrow><mo>=</mo><mn>3</mn><mo>,</mo><mi>p</mi><mo>&gt;</mo><mn>.05</mn></mrow><annotation encoding="application/x-tex">\chi^{2}(df = 2) = 3, p &gt; .05</annotation></semantics></math>
</p>
</simpleChoice>
</choiceInteraction>
</itemBody>
<responseProcessing>
<setOutcomeValue identifier="SCORE_RESPONSE_1">
<sum>
<variable identifier="SCORE_RESPONSE_1"/>
<mapResponse identifier="vufgb-multilevel_analysis-020-nl-qti_363178707_section_1_item_1_schoice_RESPONSE_1_7450773"/>
</sum>
</setOutcomeValue>
<responseCondition>
<responseIf>
<lt>
<variable identifier="SCORE_RESPONSE_1"/>
<variable identifier="MINSCORE_RESPONSE_1"/>
</lt>
<setOutcomeValue identifier="SCORE_RESPONSE_1">
<variable identifier="MINSCORE_RESPONSE_1"/>
</setOutcomeValue>
</responseIf>
</responseCondition>
<responseCondition>
<responseIf>
<isNull>
<variable identifier="vufgb-multilevel_analysis-020-nl-qti_363178707_section_1_item_1_schoice_RESPONSE_1_7450773"/>
</isNull>
<setOutcomeValue identifier="SCORE_RESPONSE_1">
<sum>
<variable identifier="SCORE_RESPONSE_1"/>
<baseValue baseType="float">0</baseValue>
</sum>
</setOutcomeValue>
</responseIf>
</responseCondition>
<setOutcomeValue identifier="SCORE">
<sum>
<variable identifier="SCORE_RESPONSE_1"/>
</sum>
</setOutcomeValue>
<responseCondition>
<responseIf>
<lt>
<variable identifier="SCORE"/>
<variable identifier="MINSCORE"/>
</lt>
<setOutcomeValue identifier="SCORE">
<variable identifier="MINSCORE"/>
</setOutcomeValue>
</responseIf>
</responseCondition>
<responseCondition>
<responseIf>
<lt>
<variable identifier="SCORE"/>
<baseValue baseType="float">1</baseValue>
</lt>
<setOutcomeValue identifier="FEEDBACKMODAL">
<multiple>
<variable identifier="FEEDBACKMODAL"/>
<baseValue baseType="identifier">Feedback940681034</baseValue>
</multiple>
</setOutcomeValue>
</responseIf>
</responseCondition>
</responseProcessing>
<modalFeedback identifier="Feedback940681034" outcomeIdentifier="FEEDBACKMODAL" showHide="show">
<ul>
<li> <math display="inline" xmlns="http://www.w3.org/1998/Math/MathML"><semantics><mrow><msup><mi>χ</mi><mn>2</mn></msup><mrow><mo stretchy="true" form="prefix">(</mo><mi>d</mi><mi>f</mi><mo>=</mo><mn>1</mn><mo stretchy="true" form="postfix">)</mo></mrow><mo>=</mo><mn>9</mn><mo>,</mo><mi>p</mi><mo>&lt;</mo><mn>.05</mn></mrow><annotation encoding="application/x-tex">\chi^{2}(df = 1) = 9, p &lt; .05</annotation></semantics></math> <br /> Incorrect </li>
<li> <math display="inline" xmlns="http://www.w3.org/1998/Math/MathML"><semantics><mrow><msup><mi>χ</mi><mn>2</mn></msup><mrow><mo stretchy="true" form="prefix">(</mo><mi>d</mi><mi>f</mi><mo>=</mo><mn>2</mn><mo stretchy="true" form="postfix">)</mo></mrow><mo>=</mo><mn>9</mn><mo>,</mo><mi>p</mi><mo>&lt;</mo><mn>.05</mn></mrow><annotation encoding="application/x-tex">\chi^{2}(df = 2) = 9, p &lt; .05</annotation></semantics></math> <br /> Incorrect </li>
<li> <math display="inline" xmlns="http://www.w3.org/1998/Math/MathML"><semantics><mrow><msup><mi>χ</mi><mn>2</mn></msup><mrow><mo stretchy="true" form="prefix">(</mo><mi>d</mi><mi>f</mi><mo>=</mo><mn>1</mn><mo stretchy="true" form="postfix">)</mo></mrow><mo>=</mo><mn>3</mn><mo>,</mo><mi>p</mi><mo>&gt;</mo><mn>.05</mn></mrow><annotation encoding="application/x-tex">\chi^{2}(df = 1) = 3, p &gt; .05</annotation></semantics></math> <br /> Correct </li>
<li> <math display="inline" xmlns="http://www.w3.org/1998/Math/MathML"><semantics><mrow><msup><mi>χ</mi><mn>2</mn></msup><mrow><mo stretchy="true" form="prefix">(</mo><mi>d</mi><mi>f</mi><mo>=</mo><mn>2</mn><mo stretchy="true" form="postfix">)</mo></mrow><mo>=</mo><mn>3</mn><mo>,</mo><mi>p</mi><mo>&gt;</mo><mn>.05</mn></mrow><annotation encoding="application/x-tex">\chi^{2}(df = 2) = 3, p &gt; .05</annotation></semantics></math> <br /> Incorrect </li>
</ul>
</modalFeedback>
</assessmentItem>
