<?xml version="1.0" encoding="UTF-8"?>
<assessmentItem xsi:schemaLocation="http://www.imsglobal.org/xsd/imsqti_v2p1 http://www.imsglobal.org/xsd/qti/qtiv2p1/imsqti_v2p1p1.xsd http://www.w3.org/1998/Math/MathML http://www.w3.org/Math/XMLSchema/mathml2/mathml2.xsd" identifier="vufsw-moderation-2037-nl-ans_183926557_section_1_item_1_schoice" title="Inferential_Statistics_vufsw-moderation-2037-nl_vufsw-moderation-2037-nl_schoice_1" adaptive="false" timeDependent="false" xmlns="http://www.imsglobal.org/xsd/imsqti_v2p1" xmlns:xsi="http://www.w3.org/2001/XMLSchema-instance">
<responseDeclaration identifier="vufsw-moderation-2037-nl-ans_183926557_section_1_item_1_schoice_RESPONSE_1_2382298" cardinality="single" baseType="identifier">
<correctResponse>
<value>vufsw-moderation-2037-nl-ans_183926557_section_1_item_1_schoice_1_1630460673</value>
</correctResponse>
<mapping defaultValue="0" lowerBound="0.0">
<mapEntry mapKey="vufsw-moderation-2037-nl-ans_183926557_section_1_item_1_schoice_1_1630460673" mappedValue="1"/>
<mapEntry mapKey="vufsw-moderation-2037-nl-ans_183926557_section_1_item_1_schoice_2_1312235641" mappedValue="0"/>
<mapEntry mapKey="vufsw-moderation-2037-nl-ans_183926557_section_1_item_1_schoice_3_8797603564" mappedValue="0"/>
<mapEntry mapKey="vufsw-moderation-2037-nl-ans_183926557_section_1_item_1_schoice_4_2361110253" mappedValue="0"/>
</mapping>
</responseDeclaration>
<outcomeDeclaration identifier="SCORE" cardinality="single" baseType="float" normalMaximum="1" normalMinimum="0">
<defaultValue>
<value>0.0</value>
</defaultValue>
</outcomeDeclaration>
<outcomeDeclaration identifier="MAXSCORE" cardinality="single" baseType="float">
<defaultValue>
<value>1</value>
</defaultValue>
</outcomeDeclaration>
<outcomeDeclaration identifier="FEEDBACKBASIC" cardinality="single" baseType="identifier" view="testConstructor">
<defaultValue>
<value>empty</value>
</defaultValue>
</outcomeDeclaration>
<outcomeDeclaration identifier="FEEDBACKMODAL" cardinality="multiple" baseType="identifier" view="testConstructor"/>
<outcomeDeclaration identifier="SOLUTIONMODAL" cardinality="single" baseType="identifier" view="testConstructor"/>
<outcomeDeclaration identifier="MINSCORE" cardinality="single" baseType="float">
<defaultValue>
<value baseType="float">0</value>
</defaultValue>
</outcomeDeclaration>
<outcomeDeclaration identifier="SCORE_RESPONSE_1" cardinality="single" baseType="float">
<defaultValue>
<value>0.0</value>
</defaultValue>
</outcomeDeclaration>
<outcomeDeclaration identifier="MINSCORE_RESPONSE_1" cardinality="single" baseType="float">
<defaultValue>
<value>0.0</value>
</defaultValue>
</outcomeDeclaration>
<itemBody>
<p>We analyseren data die afkomstig zijn van scholieren van het voortgezet
onderwijs uit de Jongeren &amp; Cultuurdata (Ganzeboom &amp; Nagel, 1998-2002).
Voor dit databestand zijn ruim 3000 jongeren ondervraagd in de leeftijd
van grofweg 14 tot 17 jaar.  </p>
<p>In onderstaande regressieanalyse is de participatie in populaire cultuur
de afhankelijke variabele (pjcul: 1-100, van weinig naar veel
participatie) en zijn de onafhankelijke variabelen sekse (vrouw: 0-1, 0=
jongen, 1 = meisje) en moeders cultuurparticipatie (pmcul: 0-1, van
minst naar meest cultureel actief). Er is in model 2 bovendien een
interactie toegevoegd tussen sekse en moeders cultuurparticipatie
(vrouw_pmcul).<br />
<img src="media/supplements1/Schermafbeelding__2019-01-30__om__14.57.21.png" /></p>
<p>Welke conclusie kun je uit model 2 trekken over de populatie
scholieren?<br />
1: Het verschil in participatie in populaire cultuur tussen scholieren
met zeer cultureel actieve moeders en scholieren met weinig cultureel
actieve moeders is even groot voor meisjes als voor jongens<br />
2: Voor jongens zijn er geen verschillen in participatie in populaire
cultuur tussen degenen met de minst en de meest cultureel actieve
moeders</p>
<choiceInteraction responseIdentifier="vufsw-moderation-2037-nl-ans_183926557_section_1_item_1_schoice_RESPONSE_1_2382298" shuffle="false" maxChoices="1">
<simpleChoice identifier="vufsw-moderation-2037-nl-ans_183926557_section_1_item_1_schoice_1_1630460673">
<p>
 Alleen 1 is waar
</p>
</simpleChoice>
<simpleChoice identifier="vufsw-moderation-2037-nl-ans_183926557_section_1_item_1_schoice_2_1312235641">
<p>
 1 en 2 zijn beide onwaar
</p>
</simpleChoice>
<simpleChoice identifier="vufsw-moderation-2037-nl-ans_183926557_section_1_item_1_schoice_3_8797603564">
<p>
 Alleen 2 is waar
</p>
</simpleChoice>
<simpleChoice identifier="vufsw-moderation-2037-nl-ans_183926557_section_1_item_1_schoice_4_2361110253">
<p>
 Zowel 1 als 2 is waar
</p>
</simpleChoice>
</choiceInteraction>
</itemBody>
<responseProcessing>
<setOutcomeValue identifier="SCORE_RESPONSE_1">
<sum>
<variable identifier="SCORE_RESPONSE_1"/>
<mapResponse identifier="vufsw-moderation-2037-nl-ans_183926557_section_1_item_1_schoice_RESPONSE_1_2382298"/>
</sum>
</setOutcomeValue>
<responseCondition>
<responseIf>
<lt>
<variable identifier="SCORE_RESPONSE_1"/>
<variable identifier="MINSCORE_RESPONSE_1"/>
</lt>
<setOutcomeValue identifier="SCORE_RESPONSE_1">
<variable identifier="MINSCORE_RESPONSE_1"/>
</setOutcomeValue>
</responseIf>
</responseCondition>
<responseCondition>
<responseIf>
<isNull>
<variable identifier="vufsw-moderation-2037-nl-ans_183926557_section_1_item_1_schoice_RESPONSE_1_2382298"/>
</isNull>
<setOutcomeValue identifier="SCORE_RESPONSE_1">
<sum>
<variable identifier="SCORE_RESPONSE_1"/>
<baseValue baseType="float">0</baseValue>
</sum>
</setOutcomeValue>
</responseIf>
</responseCondition>
<setOutcomeValue identifier="SCORE">
<sum>
<variable identifier="SCORE_RESPONSE_1"/>
</sum>
</setOutcomeValue>
<responseCondition>
<responseIf>
<lt>
<variable identifier="SCORE"/>
<variable identifier="MINSCORE"/>
</lt>
<setOutcomeValue identifier="SCORE">
<variable identifier="MINSCORE"/>
</setOutcomeValue>
</responseIf>
</responseCondition>
<responseCondition>
<responseIf>
<lt>
<variable identifier="SCORE"/>
<baseValue baseType="float">1</baseValue>
</lt>
<setOutcomeValue identifier="FEEDBACKMODAL">
<multiple>
<variable identifier="FEEDBACKMODAL"/>
<baseValue baseType="identifier">Feedback816358143</baseValue>
</multiple>
</setOutcomeValue>
</responseIf>
</responseCondition>
</responseProcessing>
<modalFeedback outcomeIdentifier="FEEDBACK" showHide="show" identifier="incorrect">
<ul>
<li> Alleen 1 is waar <br /> True </li>
<li> 1 en 2 zijn beide onwaar <br /> False </li>
<li> Alleen 2 is waar <br /> False </li>
<li> Zowel 1 als 2 is waar <br /> False </li>
</ul>
</modalFeedback>
</assessmentItem>
