<?xml version="1.0" encoding="UTF-8"?>
<assessmentItem xsi:schemaLocation="http://www.imsglobal.org/xsd/imsqti_v2p1 http://www.imsglobal.org/xsd/qti/qtiv2p1/imsqti_v2p1p1.xsd http://www.w3.org/1998/Math/MathML http://www.w3.org/Math/XMLSchema/mathml2/mathml2.xsd" identifier="uva-variance-1356-en-ans_499217686_section_1_item_1_schoice" title="Probability_uva-variance-1356-en_uva-variance-1356-en_schoice_1" adaptive="false" timeDependent="false" xmlns="http://www.imsglobal.org/xsd/imsqti_v2p1" xmlns:xsi="http://www.w3.org/2001/XMLSchema-instance">
<responseDeclaration identifier="uva-variance-1356-en-ans_499217686_section_1_item_1_schoice_RESPONSE_1_3605904" cardinality="single" baseType="identifier">
<correctResponse>
<value>uva-variance-1356-en-ans_499217686_section_1_item_1_schoice_4_4832846559</value>
</correctResponse>
<mapping defaultValue="0" lowerBound="0.0">
<mapEntry mapKey="uva-variance-1356-en-ans_499217686_section_1_item_1_schoice_1_4127774787" mappedValue="0"/>
<mapEntry mapKey="uva-variance-1356-en-ans_499217686_section_1_item_1_schoice_2_7569769342" mappedValue="0"/>
<mapEntry mapKey="uva-variance-1356-en-ans_499217686_section_1_item_1_schoice_3_7035876601" mappedValue="0"/>
<mapEntry mapKey="uva-variance-1356-en-ans_499217686_section_1_item_1_schoice_4_4832846559" mappedValue="1"/>
</mapping>
</responseDeclaration>
<outcomeDeclaration identifier="SCORE" cardinality="single" baseType="float" normalMaximum="1" normalMinimum="0">
<defaultValue>
<value>0.0</value>
</defaultValue>
</outcomeDeclaration>
<outcomeDeclaration identifier="MAXSCORE" cardinality="single" baseType="float">
<defaultValue>
<value>1</value>
</defaultValue>
</outcomeDeclaration>
<outcomeDeclaration identifier="FEEDBACKBASIC" cardinality="single" baseType="identifier" view="testConstructor">
<defaultValue>
<value>empty</value>
</defaultValue>
</outcomeDeclaration>
<outcomeDeclaration identifier="FEEDBACKMODAL" cardinality="multiple" baseType="identifier" view="testConstructor"/>
<outcomeDeclaration identifier="SOLUTIONMODAL" cardinality="single" baseType="identifier" view="testConstructor"/>
<outcomeDeclaration identifier="MINSCORE" cardinality="single" baseType="float">
<defaultValue>
<value baseType="float">0</value>
</defaultValue>
</outcomeDeclaration>
<outcomeDeclaration identifier="SCORE_RESPONSE_1" cardinality="single" baseType="float">
<defaultValue>
<value>0.0</value>
</defaultValue>
</outcomeDeclaration>
<outcomeDeclaration identifier="MINSCORE_RESPONSE_1" cardinality="single" baseType="float">
<defaultValue>
<value>0.0</value>
</defaultValue>
</outcomeDeclaration>
<itemBody>
<p>A population contains five numbers: 2, 3, 6, 8 and 11. What then is the standard deviation of this population?</p>
<choiceInteraction responseIdentifier="uva-variance-1356-en-ans_499217686_section_1_item_1_schoice_RESPONSE_1_3605904" shuffle="false" maxChoices="1">
<simpleChoice identifier="uva-variance-1356-en-ans_499217686_section_1_item_1_schoice_1_4127774787">
<p>
 2,1
</p>
</simpleChoice>
<simpleChoice identifier="uva-variance-1356-en-ans_499217686_section_1_item_1_schoice_2_7569769342">
<p>
 2,4
</p>
</simpleChoice>
<simpleChoice identifier="uva-variance-1356-en-ans_499217686_section_1_item_1_schoice_3_7035876601">
<p>
 3,0
</p>
</simpleChoice>
<simpleChoice identifier="uva-variance-1356-en-ans_499217686_section_1_item_1_schoice_4_4832846559">
<p>
 3,3
</p>
</simpleChoice>
</choiceInteraction>
</itemBody>
<responseProcessing>
<setOutcomeValue identifier="SCORE_RESPONSE_1">
<sum>
<variable identifier="SCORE_RESPONSE_1"/>
<mapResponse identifier="uva-variance-1356-en-ans_499217686_section_1_item_1_schoice_RESPONSE_1_3605904"/>
</sum>
</setOutcomeValue>
<responseCondition>
<responseIf>
<lt>
<variable identifier="SCORE_RESPONSE_1"/>
<variable identifier="MINSCORE_RESPONSE_1"/>
</lt>
<setOutcomeValue identifier="SCORE_RESPONSE_1">
<variable identifier="MINSCORE_RESPONSE_1"/>
</setOutcomeValue>
</responseIf>
</responseCondition>
<responseCondition>
<responseIf>
<isNull>
<variable identifier="uva-variance-1356-en-ans_499217686_section_1_item_1_schoice_RESPONSE_1_3605904"/>
</isNull>
<setOutcomeValue identifier="SCORE_RESPONSE_1">
<sum>
<variable identifier="SCORE_RESPONSE_1"/>
<baseValue baseType="float">0</baseValue>
</sum>
</setOutcomeValue>
</responseIf>
</responseCondition>
<setOutcomeValue identifier="SCORE">
<sum>
<variable identifier="SCORE_RESPONSE_1"/>
</sum>
</setOutcomeValue>
<responseCondition>
<responseIf>
<lt>
<variable identifier="SCORE"/>
<variable identifier="MINSCORE"/>
</lt>
<setOutcomeValue identifier="SCORE">
<variable identifier="MINSCORE"/>
</setOutcomeValue>
</responseIf>
</responseCondition>
<responseCondition>
<responseIf>
<lt>
<variable identifier="SCORE"/>
<baseValue baseType="float">1</baseValue>
</lt>
<setOutcomeValue identifier="FEEDBACKMODAL">
<multiple>
<variable identifier="FEEDBACKMODAL"/>
<baseValue baseType="identifier">Feedback937212332</baseValue>
</multiple>
</setOutcomeValue>
</responseIf>
</responseCondition>
</responseProcessing>
<modalFeedback outcomeIdentifier="FEEDBACK" showHide="show" identifier="incorrect">
<ul>
<li> 2,1 <br /> 2.1: Incorrect </li>
<li> 2,4 <br /> 2,4: Incorrect </li>
<li> 3,0 <br /> 3.0: Incorrect </li>
<li> 3,3 <br /> 3.3: Correct </li>
</ul>
</modalFeedback>
</assessmentItem>
