<?xml version="1.0" encoding="UTF-8"?>
<assessmentItem xsi:schemaLocation="http://www.imsglobal.org/xsd/imsqti_v2p1 http://www.imsglobal.org/xsd/qti/qtiv2p1/imsqti_v2p1p1.xsd http://www.w3.org/1998/Math/MathML http://www.w3.org/Math/XMLSchema/mathml2/mathml2.xsd" identifier="uu-Twoway-ANOVA-863-nl-ans_978582150_section_1_item_1_schoice" title="Inferential_Statistics_uu-Twoway-ANOVA-863-nl_uu-Twoway-ANOVA-863-nl_schoice_1" adaptive="false" timeDependent="false" xmlns="http://www.imsglobal.org/xsd/imsqti_v2p1" xmlns:xsi="http://www.w3.org/2001/XMLSchema-instance">
<responseDeclaration identifier="uu-Twoway-ANOVA-863-nl-ans_978582150_section_1_item_1_schoice_RESPONSE_1_1269290" cardinality="single" baseType="identifier">
<correctResponse>
<value>uu-Twoway-ANOVA-863-nl-ans_978582150_section_1_item_1_schoice_3_7479954994</value>
</correctResponse>
<mapping defaultValue="0" lowerBound="0.0">
<mapEntry mapKey="uu-Twoway-ANOVA-863-nl-ans_978582150_section_1_item_1_schoice_1_6053714881" mappedValue="0"/>
<mapEntry mapKey="uu-Twoway-ANOVA-863-nl-ans_978582150_section_1_item_1_schoice_2_7005901500" mappedValue="0"/>
<mapEntry mapKey="uu-Twoway-ANOVA-863-nl-ans_978582150_section_1_item_1_schoice_3_7479954994" mappedValue="1"/>
<mapEntry mapKey="uu-Twoway-ANOVA-863-nl-ans_978582150_section_1_item_1_schoice_4_1887341713" mappedValue="0"/>
</mapping>
</responseDeclaration>
<outcomeDeclaration identifier="SCORE" cardinality="single" baseType="float" normalMaximum="1" normalMinimum="0">
<defaultValue>
<value>0.0</value>
</defaultValue>
</outcomeDeclaration>
<outcomeDeclaration identifier="MAXSCORE" cardinality="single" baseType="float">
<defaultValue>
<value>1</value>
</defaultValue>
</outcomeDeclaration>
<outcomeDeclaration identifier="FEEDBACKBASIC" cardinality="single" baseType="identifier" view="testConstructor">
<defaultValue>
<value>empty</value>
</defaultValue>
</outcomeDeclaration>
<outcomeDeclaration identifier="FEEDBACKMODAL" cardinality="multiple" baseType="identifier" view="testConstructor"/>
<outcomeDeclaration identifier="SOLUTIONMODAL" cardinality="single" baseType="identifier" view="testConstructor"/>
<outcomeDeclaration identifier="MINSCORE" cardinality="single" baseType="float">
<defaultValue>
<value baseType="float">0</value>
</defaultValue>
</outcomeDeclaration>
<outcomeDeclaration identifier="SCORE_RESPONSE_1" cardinality="single" baseType="float">
<defaultValue>
<value>0.0</value>
</defaultValue>
</outcomeDeclaration>
<outcomeDeclaration identifier="MINSCORE_RESPONSE_1" cardinality="single" baseType="float">
<defaultValue>
<value>0.0</value>
</defaultValue>
</outcomeDeclaration>
<itemBody>
<p>Een 2x2 gemengd factoriëel ontwerp bevat altijd</p>
<choiceInteraction responseIdentifier="uu-Twoway-ANOVA-863-nl-ans_978582150_section_1_item_1_schoice_RESPONSE_1_1269290" shuffle="false" maxChoices="1">
<simpleChoice identifier="uu-Twoway-ANOVA-863-nl-ans_978582150_section_1_item_1_schoice_1_6053714881">
<p>
 twee subject-variabelen
</p>
</simpleChoice>
<simpleChoice identifier="uu-Twoway-ANOVA-863-nl-ans_978582150_section_1_item_1_schoice_2_7005901500">
<p>
 een binnen-personen variabele en een herhaaldelijk gemeten variabele
</p>
</simpleChoice>
<simpleChoice identifier="uu-Twoway-ANOVA-863-nl-ans_978582150_section_1_item_1_schoice_3_7479954994">
<p>
 een tussen-personen variabele en een binnen-personen variabele
</p>
</simpleChoice>
<simpleChoice identifier="uu-Twoway-ANOVA-863-nl-ans_978582150_section_1_item_1_schoice_4_1887341713">
<p>
 een gemanipuleerde variabele en een subject-variabele
</p>
</simpleChoice>
</choiceInteraction>
</itemBody>
<responseProcessing>
<setOutcomeValue identifier="SCORE_RESPONSE_1">
<sum>
<variable identifier="SCORE_RESPONSE_1"/>
<mapResponse identifier="uu-Twoway-ANOVA-863-nl-ans_978582150_section_1_item_1_schoice_RESPONSE_1_1269290"/>
</sum>
</setOutcomeValue>
<responseCondition>
<responseIf>
<lt>
<variable identifier="SCORE_RESPONSE_1"/>
<variable identifier="MINSCORE_RESPONSE_1"/>
</lt>
<setOutcomeValue identifier="SCORE_RESPONSE_1">
<variable identifier="MINSCORE_RESPONSE_1"/>
</setOutcomeValue>
</responseIf>
</responseCondition>
<responseCondition>
<responseIf>
<isNull>
<variable identifier="uu-Twoway-ANOVA-863-nl-ans_978582150_section_1_item_1_schoice_RESPONSE_1_1269290"/>
</isNull>
<setOutcomeValue identifier="SCORE_RESPONSE_1">
<sum>
<variable identifier="SCORE_RESPONSE_1"/>
<baseValue baseType="float">0</baseValue>
</sum>
</setOutcomeValue>
</responseIf>
</responseCondition>
<setOutcomeValue identifier="SCORE">
<sum>
<variable identifier="SCORE_RESPONSE_1"/>
</sum>
</setOutcomeValue>
<responseCondition>
<responseIf>
<lt>
<variable identifier="SCORE"/>
<variable identifier="MINSCORE"/>
</lt>
<setOutcomeValue identifier="SCORE">
<variable identifier="MINSCORE"/>
</setOutcomeValue>
</responseIf>
</responseCondition>
<responseCondition>
<responseIf>
<lt>
<variable identifier="SCORE"/>
<baseValue baseType="float">1</baseValue>
</lt>
<setOutcomeValue identifier="FEEDBACKMODAL">
<multiple>
<variable identifier="FEEDBACKMODAL"/>
<baseValue baseType="identifier">Feedback456217615</baseValue>
</multiple>
</setOutcomeValue>
</responseIf>
</responseCondition>
</responseProcessing>
<modalFeedback outcomeIdentifier="FEEDBACK" showHide="show" identifier="incorrect">
</modalFeedback>
</assessmentItem>
