<?xml version="1.0" encoding="UTF-8"?>
<assessmentItem xsi:schemaLocation="http://www.imsglobal.org/xsd/imsqti_v2p1 http://www.imsglobal.org/xsd/qti/qtiv2p1/imsqti_v2p1p1.xsd http://www.w3.org/1998/Math/MathML http://www.w3.org/Math/XMLSchema/mathml2/mathml2.xsd" identifier="uu-Analysis-001-nl-ans_789451236_section_1_item_1_schoice" title="Reliability_uu-Analysis-001-nl_uu-Analysis-001-nl_schoice_1" adaptive="false" timeDependent="false" xmlns="http://www.imsglobal.org/xsd/imsqti_v2p1" xmlns:xsi="http://www.w3.org/2001/XMLSchema-instance">
<responseDeclaration identifier="uu-Analysis-001-nl-ans_789451236_section_1_item_1_schoice_RESPONSE_1_3375894" cardinality="single" baseType="identifier">
<correctResponse>
<value>uu-Analysis-001-nl-ans_789451236_section_1_item_1_schoice_4_5041261290</value>
</correctResponse>
<mapping defaultValue="0" lowerBound="0.0">
<mapEntry mapKey="uu-Analysis-001-nl-ans_789451236_section_1_item_1_schoice_1_3487862995" mappedValue="0"/>
<mapEntry mapKey="uu-Analysis-001-nl-ans_789451236_section_1_item_1_schoice_2_9436910698" mappedValue="0"/>
<mapEntry mapKey="uu-Analysis-001-nl-ans_789451236_section_1_item_1_schoice_3_9739474896" mappedValue="0"/>
<mapEntry mapKey="uu-Analysis-001-nl-ans_789451236_section_1_item_1_schoice_4_5041261290" mappedValue="1"/>
</mapping>
</responseDeclaration>
<outcomeDeclaration identifier="SCORE" cardinality="single" baseType="float" normalMaximum="1" normalMinimum="0">
<defaultValue>
<value>0.0</value>
</defaultValue>
</outcomeDeclaration>
<outcomeDeclaration identifier="MAXSCORE" cardinality="single" baseType="float">
<defaultValue>
<value>1</value>
</defaultValue>
</outcomeDeclaration>
<outcomeDeclaration identifier="FEEDBACKBASIC" cardinality="single" baseType="identifier" view="testConstructor">
<defaultValue>
<value>empty</value>
</defaultValue>
</outcomeDeclaration>
<outcomeDeclaration identifier="FEEDBACKMODAL" cardinality="multiple" baseType="identifier" view="testConstructor"/>
<outcomeDeclaration identifier="SOLUTIONMODAL" cardinality="single" baseType="identifier" view="testConstructor"/>
<outcomeDeclaration identifier="MINSCORE" cardinality="single" baseType="float">
<defaultValue>
<value baseType="float">0</value>
</defaultValue>
</outcomeDeclaration>
<outcomeDeclaration identifier="SCORE_RESPONSE_1" cardinality="single" baseType="float">
<defaultValue>
<value>0.0</value>
</defaultValue>
</outcomeDeclaration>
<outcomeDeclaration identifier="MINSCORE_RESPONSE_1" cardinality="single" baseType="float">
<defaultValue>
<value>0.0</value>
</defaultValue>
</outcomeDeclaration>
<itemBody>
<p>Voor een project zijn twee stagiaires bezig met een onderzoek naar de herbelevingen van kinderen die een auto-ongeluk hebben meegemaakt. Hieronder staat de output van de betrouwbaarheidsanalyse.</p>
<p><img src="media/supplements1/uu-Analysis-001-nl-tabel.jpg" /></p>
<p>Welke item(s) zou je in de volgende stap van deze analyse willen verwijderen? En waarom?</p>
<choiceInteraction responseIdentifier="uu-Analysis-001-nl-ans_789451236_section_1_item_1_schoice_RESPONSE_1_3375894" shuffle="false" maxChoices="1">
<simpleChoice identifier="uu-Analysis-001-nl-ans_789451236_section_1_item_1_schoice_1_3487862995">
<p>
 Item 10 omdat de spreiding (variantie) het kleinste wordt als je dit item er uit haalt.
</p>
</simpleChoice>
<simpleChoice identifier="uu-Analysis-001-nl-ans_789451236_section_1_item_1_schoice_2_9436910698">
<p>
 Items 6 en 7 omdat de item-rest correlaties te klein zijn.
</p>
</simpleChoice>
<simpleChoice identifier="uu-Analysis-001-nl-ans_789451236_section_1_item_1_schoice_3_9739474896">
<p>
 Items 6 en 7 omdat Cronbach’s alpha stijgt als je deze items verwijdert.
</p>
</simpleChoice>
<simpleChoice identifier="uu-Analysis-001-nl-ans_789451236_section_1_item_1_schoice_4_5041261290">
<p>
 Item 6 omdat Cronbach’s alpha stijgt als je dit item verwijdert en omdat deze item-rest correlatie het kleinst is.
</p>
</simpleChoice>
</choiceInteraction>
</itemBody>
<responseProcessing>
<setOutcomeValue identifier="SCORE_RESPONSE_1">
<sum>
<variable identifier="SCORE_RESPONSE_1"/>
<mapResponse identifier="uu-Analysis-001-nl-ans_789451236_section_1_item_1_schoice_RESPONSE_1_3375894"/>
</sum>
</setOutcomeValue>
<responseCondition>
<responseIf>
<lt>
<variable identifier="SCORE_RESPONSE_1"/>
<variable identifier="MINSCORE_RESPONSE_1"/>
</lt>
<setOutcomeValue identifier="SCORE_RESPONSE_1">
<variable identifier="MINSCORE_RESPONSE_1"/>
</setOutcomeValue>
</responseIf>
</responseCondition>
<responseCondition>
<responseIf>
<isNull>
<variable identifier="uu-Analysis-001-nl-ans_789451236_section_1_item_1_schoice_RESPONSE_1_3375894"/>
</isNull>
<setOutcomeValue identifier="SCORE_RESPONSE_1">
<sum>
<variable identifier="SCORE_RESPONSE_1"/>
<baseValue baseType="float">0</baseValue>
</sum>
</setOutcomeValue>
</responseIf>
</responseCondition>
<setOutcomeValue identifier="SCORE">
<sum>
<variable identifier="SCORE_RESPONSE_1"/>
</sum>
</setOutcomeValue>
<responseCondition>
<responseIf>
<lt>
<variable identifier="SCORE"/>
<variable identifier="MINSCORE"/>
</lt>
<setOutcomeValue identifier="SCORE">
<variable identifier="MINSCORE"/>
</setOutcomeValue>
</responseIf>
</responseCondition>
<responseCondition>
<responseIf>
<lt>
<variable identifier="SCORE"/>
<baseValue baseType="float">1</baseValue>
</lt>
<setOutcomeValue identifier="FEEDBACKMODAL">
<multiple>
<variable identifier="FEEDBACKMODAL"/>
<baseValue baseType="identifier">Feedback778619401</baseValue>
</multiple>
</setOutcomeValue>
</responseIf>
</responseCondition>
</responseProcessing>
<modalFeedback outcomeIdentifier="FEEDBACK" showHide="show" identifier="incorrect">
</modalFeedback>
</assessmentItem>
