<?xml version="1.0" encoding="UTF-8"?>
<assessmentItem xsi:schemaLocation="http://www.imsglobal.org/xsd/imsqti_v2p1 http://www.imsglobal.org/xsd/qti/qtiv2p1/imsqti_v2p1p1.xsd http://www.w3.org/1998/Math/MathML http://www.w3.org/Math/XMLSchema/mathml2/mathml2.xsd" identifier="vufgb-samplingdistributions-013-nl-qti_219938468_section_1_item_1_schoice" title="1" adaptive="false" timeDependent="false" xmlns="http://www.imsglobal.org/xsd/imsqti_v2p1" xmlns:xsi="http://www.w3.org/2001/XMLSchema-instance">
<responseDeclaration identifier="vufgb-samplingdistributions-013-nl-qti_219938468_section_1_item_1_schoice_RESPONSE_1_6291246" cardinality="single" baseType="identifier">
<correctResponse>
<value>vufgb-samplingdistributions-013-nl-qti_219938468_section_1_item_1_schoice_3_8649967344</value>
</correctResponse>
<mapping defaultValue="0" lowerBound="0.0">
<mapEntry mapKey="vufgb-samplingdistributions-013-nl-qti_219938468_section_1_item_1_schoice_1_7500083565" mappedValue="0"/>
<mapEntry mapKey="vufgb-samplingdistributions-013-nl-qti_219938468_section_1_item_1_schoice_2_4285923860" mappedValue="0"/>
<mapEntry mapKey="vufgb-samplingdistributions-013-nl-qti_219938468_section_1_item_1_schoice_3_8649967344" mappedValue="1"/>
<mapEntry mapKey="vufgb-samplingdistributions-013-nl-qti_219938468_section_1_item_1_schoice_4_1426085245" mappedValue="0"/>
</mapping>
</responseDeclaration>
<outcomeDeclaration identifier="SCORE" cardinality="single" baseType="float" normalMaximum="1" normalMinimum="0">
<defaultValue>
<value>0.0</value>
</defaultValue>
</outcomeDeclaration>
<outcomeDeclaration identifier="MAXSCORE" cardinality="single" baseType="float">
<defaultValue>
<value>1</value>
</defaultValue>
</outcomeDeclaration>
<outcomeDeclaration identifier="FEEDBACKBASIC" cardinality="single" baseType="identifier" view="testConstructor">
<defaultValue>
<value>empty</value>
</defaultValue>
</outcomeDeclaration>
<outcomeDeclaration identifier="FEEDBACKMODAL" cardinality="multiple" baseType="identifier" view="testConstructor"/>
<outcomeDeclaration identifier="SOLUTIONMODAL" cardinality="single" baseType="identifier" view="testConstructor"/>
<outcomeDeclaration identifier="MINSCORE" cardinality="single" baseType="float">
<defaultValue>
<value baseType="float">0</value>
</defaultValue>
</outcomeDeclaration>
<outcomeDeclaration identifier="SCORE_RESPONSE_1" cardinality="single" baseType="float">
<defaultValue>
<value>0.0</value>
</defaultValue>
</outcomeDeclaration>
<outcomeDeclaration identifier="MINSCORE_RESPONSE_1" cardinality="single" baseType="float">
<defaultValue>
<value>0.0</value>
</defaultValue>
</outcomeDeclaration>
<itemBody>
<p>Maak deze zin op correcte wijze af: De standaardfout is een maat voor …</p>
<choiceInteraction responseIdentifier="vufgb-samplingdistributions-013-nl-qti_219938468_section_1_item_1_schoice_RESPONSE_1_6291246" shuffle="false" maxChoices="1">
<simpleChoice identifier="vufgb-samplingdistributions-013-nl-qti_219938468_section_1_item_1_schoice_1_7500083565">
<p>
 de spreiding van de steekproefverdeling.
</p>
</simpleChoice>
<simpleChoice identifier="vufgb-samplingdistributions-013-nl-qti_219938468_section_1_item_1_schoice_2_4285923860">
<p>
 het verschil tussen de steekproefgrootheid en populatiewaarde.
</p>
</simpleChoice>
<simpleChoice identifier="vufgb-samplingdistributions-013-nl-qti_219938468_section_1_item_1_schoice_3_8649967344">
<p>
 de standaarddeviatie van een steekproefgrootheid.
</p>
</simpleChoice>
<simpleChoice identifier="vufgb-samplingdistributions-013-nl-qti_219938468_section_1_item_1_schoice_4_1426085245">
<p>
 het verschil tussen de steekproefverdeling en populatieverdeling
</p>
</simpleChoice>
</choiceInteraction>
</itemBody>
<responseProcessing>
<setOutcomeValue identifier="SCORE_RESPONSE_1">
<sum>
<variable identifier="SCORE_RESPONSE_1"/>
<mapResponse identifier="vufgb-samplingdistributions-013-nl-qti_219938468_section_1_item_1_schoice_RESPONSE_1_6291246"/>
</sum>
</setOutcomeValue>
<responseCondition>
<responseIf>
<lt>
<variable identifier="SCORE_RESPONSE_1"/>
<variable identifier="MINSCORE_RESPONSE_1"/>
</lt>
<setOutcomeValue identifier="SCORE_RESPONSE_1">
<variable identifier="MINSCORE_RESPONSE_1"/>
</setOutcomeValue>
</responseIf>
</responseCondition>
<responseCondition>
<responseIf>
<isNull>
<variable identifier="vufgb-samplingdistributions-013-nl-qti_219938468_section_1_item_1_schoice_RESPONSE_1_6291246"/>
</isNull>
<setOutcomeValue identifier="SCORE_RESPONSE_1">
<sum>
<variable identifier="SCORE_RESPONSE_1"/>
<baseValue baseType="float">0</baseValue>
</sum>
</setOutcomeValue>
</responseIf>
</responseCondition>
<setOutcomeValue identifier="SCORE">
<sum>
<variable identifier="SCORE_RESPONSE_1"/>
</sum>
</setOutcomeValue>
<responseCondition>
<responseIf>
<lt>
<variable identifier="SCORE"/>
<variable identifier="MINSCORE"/>
</lt>
<setOutcomeValue identifier="SCORE">
<variable identifier="MINSCORE"/>
</setOutcomeValue>
</responseIf>
</responseCondition>
<responseCondition>
<responseIf>
<lt>
<variable identifier="SCORE"/>
<baseValue baseType="float">1</baseValue>
</lt>
<setOutcomeValue identifier="FEEDBACKMODAL">
<multiple>
<variable identifier="FEEDBACKMODAL"/>
<baseValue baseType="identifier">Feedback788252546</baseValue>
</multiple>
</setOutcomeValue>
</responseIf>
</responseCondition>
</responseProcessing>
<modalFeedback identifier="Feedback788252546" outcomeIdentifier="FEEDBACKMODAL" showHide="show">
<ul>
<li> de spreiding van de steekproefverdeling. <br /> Incorrect </li>
<li> het verschil tussen de steekproefgrootheid en populatiewaarde. <br /> Incorrect </li>
<li> de standaarddeviatie van een steekproefgrootheid. <br /> Correct </li>
<li> het verschil tussen de steekproefverdeling en populatieverdeling <br /> Incorrect </li>
</ul>
</modalFeedback>
</assessmentItem>
