<?xml version="1.0" encoding="UTF-8"?>
<assessmentItem xsi:schemaLocation="http://www.imsglobal.org/xsd/imsqti_v2p1 http://www.imsglobal.org/xsd/qti/qtiv2p1/imsqti_v2p1p1.xsd http://www.w3.org/1998/Math/MathML http://www.w3.org/Math/XMLSchema/mathml2/mathml2.xsd" identifier="vufsw-moderation-0323-nl_522209294_section_1_item_1_schoice" title="1" adaptive="false" timeDependent="false" xmlns="http://www.imsglobal.org/xsd/imsqti_v2p1" xmlns:xsi="http://www.w3.org/2001/XMLSchema-instance">
<responseDeclaration identifier="vufsw-moderation-0323-nl_522209294_section_1_item_1_schoice_RESPONSE_1_1118068" cardinality="single" baseType="identifier">
<correctResponse>
<value>vufsw-moderation-0323-nl_522209294_section_1_item_1_schoice_4_5107442207</value>
</correctResponse>
<mapping defaultValue="0" lowerBound="0.0">
<mapEntry mapKey="vufsw-moderation-0323-nl_522209294_section_1_item_1_schoice_1_4944716935" mappedValue="0"/>
<mapEntry mapKey="vufsw-moderation-0323-nl_522209294_section_1_item_1_schoice_2_8578065431" mappedValue="0"/>
<mapEntry mapKey="vufsw-moderation-0323-nl_522209294_section_1_item_1_schoice_3_3553865023" mappedValue="0"/>
<mapEntry mapKey="vufsw-moderation-0323-nl_522209294_section_1_item_1_schoice_4_5107442207" mappedValue="1"/>
</mapping>
</responseDeclaration>
<outcomeDeclaration identifier="SCORE" cardinality="single" baseType="float" normalMaximum="1" normalMinimum="0">
<defaultValue>
<value>0.0</value>
</defaultValue>
</outcomeDeclaration>
<outcomeDeclaration identifier="MAXSCORE" cardinality="single" baseType="float">
<defaultValue>
<value>1</value>
</defaultValue>
</outcomeDeclaration>
<outcomeDeclaration identifier="FEEDBACKBASIC" cardinality="single" baseType="identifier" view="testConstructor">
<defaultValue>
<value>empty</value>
</defaultValue>
</outcomeDeclaration>
<outcomeDeclaration identifier="FEEDBACKMODAL" cardinality="multiple" baseType="identifier" view="testConstructor"/>
<outcomeDeclaration identifier="MINSCORE" cardinality="single" baseType="float">
<defaultValue>
<value baseType="float">0</value>
</defaultValue>
</outcomeDeclaration>
<outcomeDeclaration identifier="SCORE_RESPONSE_1" cardinality="single" baseType="float">
<defaultValue>
<value>0.0</value>
</defaultValue>
</outcomeDeclaration>
<outcomeDeclaration identifier="MINSCORE_RESPONSE_1" cardinality="single" baseType="float">
<defaultValue>
<value>0.0</value>
</defaultValue>
</outcomeDeclaration>
<itemBody>
<p>Daan bestudeert het effect van het aantal zorguren per week op de
ervaren stress. Hij onderzoekt onder andere of deze relatie anders is
voor mannen dan voor vrouwen. Welke analysemethode kan hij het best
gebruiken?</p>
<choiceInteraction responseIdentifier="vufsw-moderation-0323-nl_522209294_section_1_item_1_schoice_RESPONSE_1_1118068" shuffle="false" maxChoices="1">
<simpleChoice identifier="vufsw-moderation-0323-nl_522209294_section_1_item_1_schoice_1_4944716935">
<p>
a. Lineaire regressie die toetst of geslacht een spurious variabele is
</p>
</simpleChoice>
<simpleChoice identifier="vufsw-moderation-0323-nl_522209294_section_1_item_1_schoice_2_8578065431">
<p>
b. Lineaire regressie, om het mediatie effect van het aantal zorguren te toetsen
</p>
</simpleChoice>
<simpleChoice identifier="vufsw-moderation-0323-nl_522209294_section_1_item_1_schoice_3_3553865023">
<p>
c. Lineaire regressie, om het mediatie effect van geslacht te toetsen
</p>
</simpleChoice>
<simpleChoice identifier="vufsw-moderation-0323-nl_522209294_section_1_item_1_schoice_4_5107442207">
<p>
d. Lineaire regressie, om het moderatie effect van geslacht te toetsen
</p>
</simpleChoice>
</choiceInteraction>
</itemBody>
<responseProcessing>
<responseCondition>
<responseIf>
<isNull>
<variable identifier="vufsw-moderation-0323-nl_522209294_section_1_item_1_schoice_RESPONSE_1_1118068"/>
</isNull>
<setOutcomeValue identifier="SCORE_RESPONSE_1">
<sum>
<variable identifier="SCORE_RESPONSE_1"/>
<baseValue baseType="float">0</baseValue>
</sum>
</setOutcomeValue>
</responseIf>
</responseCondition>
<setOutcomeValue identifier="SCORE_RESPONSE_1">
<sum>
<variable identifier="SCORE_RESPONSE_1"/>
<mapResponse identifier="vufsw-moderation-0323-nl_522209294_section_1_item_1_schoice_RESPONSE_1_1118068"/>
</sum>
</setOutcomeValue>
<responseCondition>
<responseIf>
<lt>
<variable identifier="SCORE_RESPONSE_1"/>
<variable identifier="MINSCORE_RESPONSE_1"/>
</lt>
<setOutcomeValue identifier="SCORE_RESPONSE_1">
<variable identifier="MINSCORE_RESPONSE_1"/>
</setOutcomeValue>
</responseIf>
</responseCondition>
<setOutcomeValue identifier="SCORE">
<sum>
<variable identifier="SCORE_RESPONSE_1"/>
</sum>
</setOutcomeValue>
<responseCondition>
<responseIf>
<lt>
<variable identifier="SCORE"/>
<variable identifier="MINSCORE"/>
</lt>
<setOutcomeValue identifier="SCORE">
<variable identifier="MINSCORE"/>
</setOutcomeValue>
</responseIf>
</responseCondition>
<responseCondition>
<responseIf>
<lt>
<variable identifier="SCORE"/>
<baseValue baseType="float">1</baseValue>
</lt>
<setOutcomeValue identifier="FEEDBACKMODAL">
<multiple>
<variable identifier="FEEDBACKMODAL"/>
<baseValue baseType="identifier">Feedback601045906</baseValue>
</multiple>
</setOutcomeValue>
</responseIf>
</responseCondition>
</responseProcessing>
<modalFeedback identifier="Feedback601045906" outcomeIdentifier="FEEDBACKMODAL" showHide="show">
<ol type = "a">
<li> Lineaire regressie die toetst of geslacht een spurious variabele is <br /> False </li>
<li> Lineaire regressie, om het mediatie effect van het aantal zorguren te toetsen <br /> False </li>
<li> Lineaire regressie, om het mediatie effect van geslacht te toetsen <br /> False </li>
<li> Lineaire regressie, om het moderatie effect van geslacht te toetsen <br /> True </li>
</ol>
</modalFeedback>
</assessmentItem>
