<?xml version="1.0" encoding="UTF-8"?>
<assessmentItem xsi:schemaLocation="http://www.imsglobal.org/xsd/imsqti_v2p1 http://www.imsglobal.org/xsd/qti/qtiv2p1/imsqti_v2p1p1.xsd http://www.w3.org/1998/Math/MathML http://www.w3.org/Math/XMLSchema/mathml2/mathml2.xsd" identifier="vufsw-confidenceintervals-0228-nl-qti_727471594_section_1_item_1_schoice" title="1" adaptive="false" timeDependent="false" xmlns="http://www.imsglobal.org/xsd/imsqti_v2p1" xmlns:xsi="http://www.w3.org/2001/XMLSchema-instance">
<responseDeclaration identifier="vufsw-confidenceintervals-0228-nl-qti_727471594_section_1_item_1_schoice_RESPONSE_1_7329147" cardinality="single" baseType="identifier">
<correctResponse>
<value>vufsw-confidenceintervals-0228-nl-qti_727471594_section_1_item_1_schoice_3_1300492737</value>
</correctResponse>
<mapping defaultValue="0" lowerBound="0.0">
<mapEntry mapKey="vufsw-confidenceintervals-0228-nl-qti_727471594_section_1_item_1_schoice_1_9591339250" mappedValue="0"/>
<mapEntry mapKey="vufsw-confidenceintervals-0228-nl-qti_727471594_section_1_item_1_schoice_2_5847782371" mappedValue="0"/>
<mapEntry mapKey="vufsw-confidenceintervals-0228-nl-qti_727471594_section_1_item_1_schoice_3_1300492737" mappedValue="1"/>
<mapEntry mapKey="vufsw-confidenceintervals-0228-nl-qti_727471594_section_1_item_1_schoice_4_1186472548" mappedValue="0"/>
</mapping>
</responseDeclaration>
<outcomeDeclaration identifier="SCORE" cardinality="single" baseType="float" normalMaximum="1" normalMinimum="0">
<defaultValue>
<value>0.0</value>
</defaultValue>
</outcomeDeclaration>
<outcomeDeclaration identifier="MAXSCORE" cardinality="single" baseType="float">
<defaultValue>
<value>1</value>
</defaultValue>
</outcomeDeclaration>
<outcomeDeclaration identifier="FEEDBACKBASIC" cardinality="single" baseType="identifier" view="testConstructor">
<defaultValue>
<value>empty</value>
</defaultValue>
</outcomeDeclaration>
<outcomeDeclaration identifier="FEEDBACKMODAL" cardinality="multiple" baseType="identifier" view="testConstructor"/>
<outcomeDeclaration identifier="MINSCORE" cardinality="single" baseType="float">
<defaultValue>
<value baseType="float">0</value>
</defaultValue>
</outcomeDeclaration>
<outcomeDeclaration identifier="SCORE_RESPONSE_1" cardinality="single" baseType="float">
<defaultValue>
<value>0.0</value>
</defaultValue>
</outcomeDeclaration>
<outcomeDeclaration identifier="MINSCORE_RESPONSE_1" cardinality="single" baseType="float">
<defaultValue>
<value>0.0</value>
</defaultValue>
</outcomeDeclaration>
<itemBody>
<p>Een meervoudige regressie-analyse laat de volgende resultaten zien. We
testen tweezijdig met een alpha van 0,05 (het significantieniveau is
5%). Welke effecten zijn significant en hoe weten we dit?<br />
Het effect van / de effecten van … </p>
<p><img src="1615967815188.png" class="fr-fic fr-dii enlargeimage tvcss_2"
alt="1615967815188" /></p>
<choiceInteraction responseIdentifier="vufsw-confidenceintervals-0228-nl-qti_727471594_section_1_item_1_schoice_RESPONSE_1_7329147" shuffle="false" maxChoices="1">
<simpleChoice identifier="vufsw-confidenceintervals-0228-nl-qti_727471594_section_1_item_1_schoice_1_9591339250">
<p>
a. Geslacht (SEX) en leeftijd (AGE), want de 95% betrouwbaarheidsintervallen van deze variabelen bevatten de waarde 0.
</p>
</simpleChoice>
<simpleChoice identifier="vufsw-confidenceintervals-0228-nl-qti_727471594_section_1_item_1_schoice_2_5847782371">
<p>
b. Opleiding (EDUCYRS) en Leeftijd (AGE), want de 95% betrouwbaarheidsintervallen van deze variabele bevatten <strong>niet</strong> de waarde 0,05.
</p>
</simpleChoice>
<simpleChoice identifier="vufsw-confidenceintervals-0228-nl-qti_727471594_section_1_item_1_schoice_3_1300492737">
<p>
c. Opleiding (EDUCYRS), want het 95% betrouwbaarheidsinterval van deze variabele bevat <strong>niet</strong> de waarde 0.
</p>
</simpleChoice>
<simpleChoice identifier="vufsw-confidenceintervals-0228-nl-qti_727471594_section_1_item_1_schoice_4_1186472548">
<p>
d. Geslacht (SEX) en opleiding (EDUCYRS), want de 95% betrouwbaarheidsintervallen van deze variabelen bevatten de waarde 0,05.
</p>
</simpleChoice>
</choiceInteraction>
</itemBody>
<responseProcessing>
<responseCondition>
<responseIf>
<isNull>
<variable identifier="vufsw-confidenceintervals-0228-nl-qti_727471594_section_1_item_1_schoice_RESPONSE_1_7329147"/>
</isNull>
<setOutcomeValue identifier="SCORE_RESPONSE_1">
<sum>
<variable identifier="SCORE_RESPONSE_1"/>
<baseValue baseType="float">0</baseValue>
</sum>
</setOutcomeValue>
</responseIf>
</responseCondition>
<setOutcomeValue identifier="SCORE_RESPONSE_1">
<sum>
<variable identifier="SCORE_RESPONSE_1"/>
<mapResponse identifier="vufsw-confidenceintervals-0228-nl-qti_727471594_section_1_item_1_schoice_RESPONSE_1_7329147"/>
</sum>
</setOutcomeValue>
<responseCondition>
<responseIf>
<lt>
<variable identifier="SCORE_RESPONSE_1"/>
<variable identifier="MINSCORE_RESPONSE_1"/>
</lt>
<setOutcomeValue identifier="SCORE_RESPONSE_1">
<variable identifier="MINSCORE_RESPONSE_1"/>
</setOutcomeValue>
</responseIf>
</responseCondition>
<setOutcomeValue identifier="SCORE">
<sum>
<variable identifier="SCORE_RESPONSE_1"/>
</sum>
</setOutcomeValue>
<responseCondition>
<responseIf>
<lt>
<variable identifier="SCORE"/>
<variable identifier="MINSCORE"/>
</lt>
<setOutcomeValue identifier="SCORE">
<variable identifier="MINSCORE"/>
</setOutcomeValue>
</responseIf>
</responseCondition>
<responseCondition>
<responseIf>
<lt>
<variable identifier="SCORE"/>
<baseValue baseType="float">1</baseValue>
</lt>
<setOutcomeValue identifier="FEEDBACKMODAL">
<multiple>
<variable identifier="FEEDBACKMODAL"/>
<baseValue baseType="identifier">Feedback180881633</baseValue>
</multiple>
</setOutcomeValue>
</responseIf>
</responseCondition>
</responseProcessing>
<modalFeedback identifier="Feedback180881633" outcomeIdentifier="FEEDBACKMODAL" showHide="show">
<ol type = "a">
<li> Geslacht (SEX) en leeftijd (AGE), want de 95% betrouwbaarheidsintervallen van deze variabelen bevatten de waarde 0. <br /> False </li>
<li> Opleiding (EDUCYRS) en Leeftijd (AGE), want de 95% betrouwbaarheidsintervallen van deze variabele bevatten <strong>niet</strong> de waarde 0,05. <br /> False </li>
<li> Opleiding (EDUCYRS), want het 95% betrouwbaarheidsinterval van deze variabele bevat <strong>niet</strong> de waarde 0. <br /> True </li>
<li> Geslacht (SEX) en opleiding (EDUCYRS), want de 95% betrouwbaarheidsintervallen van deze variabelen bevatten de waarde 0,05. <br /> False </li>
</ol>
</modalFeedback>
</assessmentItem>
