<?xml version="1.0" encoding="utf-8" standalone="yes"?>
<assessmentItem identifier="uva-mean-456-nl-tv_202601131819_item_1_schoice" title="uva-mean-456-nl-tv_202601131819_item_1_schoice_uva-mean-456-nl" adaptive="false" timeDependent="false" toolName="Testvision Online" toolVersion="39.0.9084" xmlns="http://www.imsglobal.org/xsd/imsqti_v2p1">
<responseDeclaration identifier="RESPONSE" cardinality="single" baseType="identifier">
<correctResponse>
<value>alt_253058</value>
</correctResponse>
<mapping defaultValue="0" lowerBound="0.0">
<mapEntry mapKey="alt_562068" mappedValue="-0.333333333333333"/>
<mapEntry mapKey="alt_167797" mappedValue="-0.333333333333333"/>
<mapEntry mapKey="alt_253058" mappedValue="1"/>
<mapEntry mapKey="alt_597657" mappedValue="-0.333333333333333"/>
</mapping>
</responseDeclaration>
<outcomeDeclaration identifier="SCORE" cardinality="single" baseType="float" normalMaximum="1" normalMinimum="0" />
<outcomeDeclaration identifier="FEEDBACK" cardinality="single" baseType="identifier" />
<stylesheet href="css/uva-mean-456-nl-tv_202601131819_item_1_schoice.css" type="text/css" />
<itemBody>
<p>Gegeven is een steekproef met de volgende uitkomsten: 10, 2, 4, 7, 7, 6.
Hoe groot is de mediaan van deze getallen?</p>
<choiceInteraction responseIdentifier="RESPONSE" shuffle="false" maxChoices="1">
<simpleChoice identifier="alt_562068">
<div class="textblock tvblock tvcss_1"><div class="rte_zone tveditor1">
 5.5
</div>
</div>
</simpleChoice>
<simpleChoice identifier="alt_167797">
<div class="textblock tvblock tvcss_1"><div class="rte_zone tveditor1">
 6
</div>
</div>
</simpleChoice>
<simpleChoice identifier="alt_253058">
<div class="textblock tvblock tvcss_1"><div class="rte_zone tveditor1">
 6.5
</div>
</div>
</simpleChoice>
<simpleChoice identifier="alt_597657">
<div class="textblock tvblock tvcss_1"><div class="rte_zone tveditor1">
 7
</div>
</div>
</simpleChoice>
</choiceInteraction>
</itemBody>
<responseProcessing>
<responseCondition>
<responseIf>
<isNull>
<variable identifier="RESPONSE"/>
</isNull>
<setOutcomeValue identifier="SCORE">
<baseValue baseType="float">0.0</baseValue>
</setOutcomeValue>
<setOutcomeValue identifier="FEEDBACK">
<baseValue baseType="identifier">FAILURE</baseValue>
</setOutcomeValue>
</responseIf>
<responseElse>
<setOutcomeValue identifier="SCORE">
<mapResponse identifier="RESPONSE"/>
</setOutcomeValue>
<responseCondition>
<responseIf>
<equal toleranceMode="relative" tolerance="0.001">
<variable identifier="SCORE"/>
<variable identifier="MAXSCORE"/>
</equal>
<setOutcomeValue identifier="FEEDBACK">
<baseValue baseType="identifier">ANSWER_CORRECT</baseValue>
</setOutcomeValue>
</responseIf>
<responseElse>
<setOutcomeValue identifier="FEEDBACK">
<baseValue baseType="identifier">FAILURE</baseValue>
</setOutcomeValue>
</responseElse>
</responseCondition>
</responseElse>
</responseCondition>
</responseProcessing>
<modalFeedback identifier="FAILURE" outcomeIdentifier="FEEDBACK" showHide="show">
<div class="textblock tvblock tvcss_1"><div class="rte_zone tveditor1">
<ul>
<li> 5.5 <br /> 5.5: Incorrect </li>
<li> 6 <br /> 6: Incorrect </li>
<li> 6.5 <br /> 6.5: Correct </li>
<li> 7 <br /> 7: Incorrect </li>
</ul>
</div>
</div>
</modalFeedback>
<modalFeedback identifier="ANSWER_CORRECT" outcomeIdentifier="FEEDBACK" showHide="show">
<div class="textblock tvblock tvcss_1"><div class="rte_zone tveditor1">
<ul>
<li> 5.5 <br /> 5.5: Incorrect </li>
<li> 6 <br /> 6: Incorrect </li>
<li> 6.5 <br /> 6.5: Correct </li>
<li> 7 <br /> 7: Incorrect </li>
</ul>
</div>
</div>
</modalFeedback>
<modalFeedback identifier="PARTIAL_CORRECT" outcomeIdentifier="FEEDBACK" showHide="show">
<div class="textblock tvblock tvcss_1"><div class="rte_zone tveditor1">
<ul>
<li> 5.5 <br /> 5.5: Incorrect </li>
<li> 6 <br /> 6: Incorrect </li>
<li> 6.5 <br /> 6.5: Correct </li>
<li> 7 <br /> 7: Incorrect </li>
</ul>
</div>
</div>
</modalFeedback>
</assessmentItem>
