<?xml version="1.0" encoding="UTF-8"?>
<!DOCTYPE questestinterop SYSTEM "ims_qtiasiv1p2p1.dtd">

<questestinterop xmlns="http://www.imsglobal.org/xsd/ims_qtiasiv1p2" xmlns:xsi="http://www.w3.org/2001/XMLSchema-instance" xsi:schemaLocation="http://www.imsglobal.org/xsd/ims_qtiasiv1p2 http://www.imsglobal.org/xsd/ims_qtiasiv1p2p1.xsd">
<assessment ident="vufsw-mediation-2019-nl-canvas_794563781" title="vufsw-mediation-2019-nl-canvas">

<qtimetadata>
<qtimetadatafield>
<fieldlabel>cc_maxattempts</fieldlabel>
<fieldentry>1</fieldentry>
</qtimetadatafield>
<qtimetadatafield>
<fieldlabel>qmd_assessmenttype</fieldlabel>
<fieldentry>Assessment</fieldentry>
</qtimetadatafield>
</qtimetadata>
<objectives>
<material>
<mattext><![CDATA[Please solve the following exercises.]]></mattext>
</material>
</objectives>
<assessmentcontrol feedbackswitch="No" hintswitch="No" solutionswitch="Yes"/>
<outcomes_processing scoremodel="SumOfScores">
<outcomes>
<decvar varname="SCORE" vartype="Decimal" cutvalue="0"/>
</outcomes>
</outcomes_processing>
<assessfeedback title="AssessmentFeedback" ident="AssessmentFeedback">
<flow_mat>
<material>
<mattext>##AssessmentFeedback##</mattext>
</material>
</flow_mat>
</assessfeedback>

<section ident="vufsw-mediation-2019-nl-canvas_794563781_section_1" title="Exercise">

<objectives>
<material>
<mattext><![CDATA[Please answer the following question.]]></mattext>
</material>
</objectives>
<selection_ordering>
<selection>
<selection_number>1</selection_number>
<selection_extension>
<points_per_item>1</points_per_item>
</selection_extension>
</selection>
<order order_type="Random"/>
</selection_ordering>

<item ident="vufsw-mediation-2019-nl-canvas_794563781_section_1_item_1_schoice" title="Question" maxattempts="1">
<itemcontrol feedbackswitch="No" hintswitch="No" solutionswitch="Yes"/>
<itemmetadata>
<qtimetadata>
<qtimetadatafield>
<fieldlabel>question_type</fieldlabel>
<fieldentry>multiple_choice_question</fieldentry>
</qtimetadatafield>
</qtimetadata>
</itemmetadata>
<presentation>
<flow>
<material>
<matbreak/>
<mattext texttype="text/html" charset="utf-8"><![CDATA[
<p><img src="data/supplements_1_1/Schermafbeelding__2019-01-30__om__13.05.49.png" /></p>
<p>In bovenstaande padanalyse is onderzocht hoe de voorkeur voor
Nederlandse muziek (René Froger, Frans Bauer) van jongeren (cned )
samenhangt met het eigen schoolniveau, de opleiding van de ouders
(pareduc) en de voorkeur voor Nederlandse muziek van de ouders (pned).</p>
<p>Hoeveel indirecte en confounding effecten zijn er voor de causale
relatie tussen de voorkeur voor Nederlandse muziek van de ouders (X) en
de voorkeur voor Nederlandse muziek van de kinderen (Y)?</p>
]]></mattext>
<matbreak/>
</material>
<response_lid ident="vufsw-mediation-2019-nl-canvas_794563781_section_1_item_1_schoice_RESPONSE_1045722" rcardinality="Single" rtiming="No">
<render_choice shuffle="No">
<flow_label class="List">
<response_label ident="vufsw-mediation-2019-nl-canvas_794563781_section_1_item_1_schoice_2285095065" rshuffle="No">
<material>
<mattext texttype="text/html" charset="utf-8"><![CDATA[
 1 indirect effect ; 2 confounding effecten
]]></mattext>
</material>
</response_label>
</flow_label>
<flow_label class="List">
<response_label ident="vufsw-mediation-2019-nl-canvas_794563781_section_1_item_1_schoice_1220987984" rshuffle="No">
<material>
<mattext texttype="text/html" charset="utf-8"><![CDATA[
 1 indirect effect ; 1 confounding effect
]]></mattext>
</material>
</response_label>
</flow_label>
<flow_label class="List">
<response_label ident="vufsw-mediation-2019-nl-canvas_794563781_section_1_item_1_schoice_1548997527" rshuffle="No">
<material>
<mattext texttype="text/html" charset="utf-8"><![CDATA[
 1 indirect effect ; 3 confounding effecten
]]></mattext>
</material>
</response_label>
</flow_label>
<flow_label class="List">
<response_label ident="vufsw-mediation-2019-nl-canvas_794563781_section_1_item_1_schoice_8159053273" rshuffle="No">
<material>
<mattext texttype="text/html" charset="utf-8"><![CDATA[
 2 indirect effecten ; 1 confounding effect
]]></mattext>
</material>
</response_label>
</flow_label>
</render_choice>
</response_lid>
</flow>
</presentation>
<resprocessing>
<outcomes>
<decvar varname="SCORE" vartype="Decimal" defaultval="0" minvalue="0" maxvalue="1" cutvalue="1"/>
</outcomes>
<respcondition title="Mastery" continue="No">
<conditionvar>
<and>
<varequal respident="vufsw-mediation-2019-nl-canvas_794563781_section_1_item_1_schoice_RESPONSE_1045722" case="Yes">vufsw-mediation-2019-nl-canvas_794563781_section_1_item_1_schoice_2285095065</varequal>
<not> <varequal respident="vufsw-mediation-2019-nl-canvas_794563781_section_1_item_1_schoice_RESPONSE_1045722" case="Yes">vufsw-mediation-2019-nl-canvas_794563781_section_1_item_1_schoice_1220987984</varequal> </not>
<not> <varequal respident="vufsw-mediation-2019-nl-canvas_794563781_section_1_item_1_schoice_RESPONSE_1045722" case="Yes">vufsw-mediation-2019-nl-canvas_794563781_section_1_item_1_schoice_1548997527</varequal> </not>
<not> <varequal respident="vufsw-mediation-2019-nl-canvas_794563781_section_1_item_1_schoice_RESPONSE_1045722" case="Yes">vufsw-mediation-2019-nl-canvas_794563781_section_1_item_1_schoice_8159053273</varequal> </not>
</and>
</conditionvar>
<setvar varname="SCORE" action="Set">1</setvar>
<displayfeedback feedbacktype="Response" linkrefid="correct_fb"/>
</respcondition>
<respcondition continue="Yes">
<conditionvar>
<other/>
</conditionvar>
<displayfeedback feedbacktype="Response" linkrefid="general_incorrect_fb"/>
</respcondition>
</resprocessing>
<itemfeedback ident="correct_fb" view="All">
<flow_mat>
<material>
<mattext texttype="text/html"><![CDATA[
<ul>
<li> 1 indirect effect ; 2 confounding effecten <br /> True </li>
<li> 1 indirect effect ; 1 confounding effect <br /> False </li>
<li> 1 indirect effect ; 3 confounding effecten <br /> False </li>
<li> 2 indirect effecten ; 1 confounding effect <br /> False </li>
</ul>
]]></mattext>
</material>
</flow_mat>
</itemfeedback>
<itemfeedback ident="general_incorrect_fb" view="All">
<flow_mat>
<material>
<mattext texttype="text/html"><![CDATA[
<ul>
<li> 1 indirect effect ; 2 confounding effecten <br /> True </li>
<li> 1 indirect effect ; 1 confounding effect <br /> False </li>
<li> 1 indirect effect ; 3 confounding effecten <br /> False </li>
<li> 2 indirect effecten ; 1 confounding effect <br /> False </li>
</ul>
]]></mattext>
</material>
</flow_mat>
</itemfeedback>
</item>


</section>

</assessment>
</questestinterop>
