<?xml version="1.0" encoding="utf-8" standalone="yes"?>
<assessmentItem identifier="vufgb-rsquared-015-nl_202209051540_item_1_schoice" title="vufgb-rsquared-015-nl_202209051540_item_1_schoice_vufgb-rsquared-015-nl" adaptive="false" timeDependent="false" toolName="Testvision Online" toolVersion="39.0.9084" xmlns="http://www.imsglobal.org/xsd/imsqti_v2p1">
<responseDeclaration identifier="RESPONSE" cardinality="single" baseType="identifier">
<correctResponse>
<value>alt_148212</value>
</correctResponse>
<mapping defaultValue="0" lowerBound="0.0">
<mapEntry mapKey="alt_154179" mappedValue="-0.333333333333333"/>
<mapEntry mapKey="alt_108003" mappedValue="-0.333333333333333"/>
<mapEntry mapKey="alt_553274" mappedValue="-0.333333333333333"/>
<mapEntry mapKey="alt_148212" mappedValue="1"/>
</mapping>
</responseDeclaration>
<outcomeDeclaration identifier="SCORE" cardinality="single" baseType="float" normalMaximum="1" normalMinimum="0" />
<outcomeDeclaration identifier="FEEDBACK" cardinality="single" baseType="identifier" />
<itemBody>
<p>Gegeven is onderstaand Venn-diagram waarin de verbanden tussen y, <math display="inline" xmlns="http://www.w3.org/1998/Math/MathML"><semantics><msub><mi>x</mi><mn>1</mn></msub><annotation encoding="application/x-tex">x_{1}</annotation></semantics></math> en <math display="inline" xmlns="http://www.w3.org/1998/Math/MathML"><semantics><msub><mi>x</mi><mn>2</mn></msub><annotation encoding="application/x-tex">x_{2}</annotation></semantics></math> worden weergegeven.</p>
<p>Vul aan: <math display="inline" xmlns="http://www.w3.org/1998/Math/MathML"><semantics><mfrac><mrow><mo stretchy="true" form="prefix">(</mo><mi>b</mi><mo>+</mo><mi>d</mi><mo stretchy="true" form="postfix">)</mo></mrow><mrow><mo stretchy="true" form="prefix">(</mo><mi>a</mi><mo>+</mo><mi>b</mi><mo>+</mo><mi>d</mi><mo>+</mo><mi>e</mi><mo stretchy="true" form="postfix">)</mo></mrow></mfrac><annotation encoding="application/x-tex">\frac{(b+d)}{(a+b+d+e)}</annotation></semantics></math> is de proportie verklaarde variantie van y door …,waarbij … … constant wordt gehouden.</p>
<p><img src="mediafiles/supplements1/vufgb-rsquared-015-nl-venndiagram01.jpg" alt="image"/></p>
<choiceInteraction responseIdentifier="RESPONSE" shuffle="false" maxChoices="1">
<simpleChoice identifier="alt_154179">
<div class="textblock tvblock tvcss_1"><div class="rte_zone tveditor1">
a. <math display="inline" xmlns="http://www.w3.org/1998/Math/MathML"><semantics><msub><mi>x</mi><mn>1</mn></msub><annotation encoding="application/x-tex">x_{1}</annotation></semantics></math>; <math display="inline" xmlns="http://www.w3.org/1998/Math/MathML"><semantics><msub><mi>x</mi><mn>2</mn></msub><annotation encoding="application/x-tex">x_{2}</annotation></semantics></math>; wel
</div>
</div>
</simpleChoice>
<simpleChoice identifier="alt_108003">
<div class="textblock tvblock tvcss_1"><div class="rte_zone tveditor1">
b. <math display="inline" xmlns="http://www.w3.org/1998/Math/MathML"><semantics><msub><mi>x</mi><mn>1</mn></msub><annotation encoding="application/x-tex">x_{1}</annotation></semantics></math>; <math display="inline" xmlns="http://www.w3.org/1998/Math/MathML"><semantics><msub><mi>x</mi><mn>2</mn></msub><annotation encoding="application/x-tex">x_{2}</annotation></semantics></math>; niet
</div>
</div>
</simpleChoice>
<simpleChoice identifier="alt_553274">
<div class="textblock tvblock tvcss_1"><div class="rte_zone tveditor1">
c. <math display="inline" xmlns="http://www.w3.org/1998/Math/MathML"><semantics><msub><mi>x</mi><mn>2</mn></msub><annotation encoding="application/x-tex">x_{2}</annotation></semantics></math>; <math display="inline" xmlns="http://www.w3.org/1998/Math/MathML"><semantics><msub><mi>x</mi><mn>1</mn></msub><annotation encoding="application/x-tex">x_{1}</annotation></semantics></math>; wel
</div>
</div>
</simpleChoice>
<simpleChoice identifier="alt_148212">
<div class="textblock tvblock tvcss_1"><div class="rte_zone tveditor1">
d. <math display="inline" xmlns="http://www.w3.org/1998/Math/MathML"><semantics><msub><mi>x</mi><mn>2</mn></msub><annotation encoding="application/x-tex">x_{2}</annotation></semantics></math>; <math display="inline" xmlns="http://www.w3.org/1998/Math/MathML"><semantics><msub><mi>x</mi><mn>1</mn></msub><annotation encoding="application/x-tex">x_{1}</annotation></semantics></math>; niet
</div>
</div>
</simpleChoice>
</choiceInteraction>
</itemBody>
<responseProcessing>
<responseCondition>
<responseIf>
<isNull>
<variable identifier="RESPONSE"/>
</isNull>
<setOutcomeValue identifier="SCORE">
<baseValue baseType="float">0.0</baseValue>
</setOutcomeValue>
<setOutcomeValue identifier="FEEDBACK">
<baseValue baseType="identifier">FAILURE</baseValue>
</setOutcomeValue>
</responseIf>
<responseElse>
<setOutcomeValue identifier="SCORE">
<mapResponse identifier="RESPONSE"/>
</setOutcomeValue>
<responseCondition>
<responseIf>
<equal toleranceMode="relative" tolerance="0.001">
<variable identifier="SCORE"/>
<variable identifier="MAXSCORE"/>
</equal>
<setOutcomeValue identifier="FEEDBACK">
<baseValue baseType="identifier">ANSWER_CORRECT</baseValue>
</setOutcomeValue>
</responseIf>
<responseElse>
<setOutcomeValue identifier="FEEDBACK">
<baseValue baseType="identifier">FAILURE</baseValue>
</setOutcomeValue>
</responseElse>
</responseCondition>
</responseElse>
</responseCondition>
</responseProcessing>
<modalFeedback identifier="FAILURE" outcomeIdentifier="FEEDBACK" showHide="show">
<div class="textblock tvblock tvcss_1"><div class="rte_zone tveditor1">
<ol>
<li> <math display="inline" xmlns="http://www.w3.org/1998/Math/MathML"><semantics><msub><mi>x</mi><mn>1</mn></msub><annotation encoding="application/x-tex">x_{1}</annotation></semantics></math>; <math display="inline" xmlns="http://www.w3.org/1998/Math/MathML"><semantics><msub><mi>x</mi><mn>2</mn></msub><annotation encoding="application/x-tex">x_{2}</annotation></semantics></math>; wel <br /> Incorrect </li>
<li> <math display="inline" xmlns="http://www.w3.org/1998/Math/MathML"><semantics><msub><mi>x</mi><mn>1</mn></msub><annotation encoding="application/x-tex">x_{1}</annotation></semantics></math>; <math display="inline" xmlns="http://www.w3.org/1998/Math/MathML"><semantics><msub><mi>x</mi><mn>2</mn></msub><annotation encoding="application/x-tex">x_{2}</annotation></semantics></math>; niet <br /> Incorrect </li>
<li> <math display="inline" xmlns="http://www.w3.org/1998/Math/MathML"><semantics><msub><mi>x</mi><mn>2</mn></msub><annotation encoding="application/x-tex">x_{2}</annotation></semantics></math>; <math display="inline" xmlns="http://www.w3.org/1998/Math/MathML"><semantics><msub><mi>x</mi><mn>1</mn></msub><annotation encoding="application/x-tex">x_{1}</annotation></semantics></math>; wel <br /> Incorrect </li>
<li> <math display="inline" xmlns="http://www.w3.org/1998/Math/MathML"><semantics><msub><mi>x</mi><mn>2</mn></msub><annotation encoding="application/x-tex">x_{2}</annotation></semantics></math>; <math display="inline" xmlns="http://www.w3.org/1998/Math/MathML"><semantics><msub><mi>x</mi><mn>1</mn></msub><annotation encoding="application/x-tex">x_{1}</annotation></semantics></math>; niet <br /> Correct </li>
</ol>
</div>
</div>
</modalFeedback>
<modalFeedback identifier="ANSWER_CORRECT" outcomeIdentifier="FEEDBACK" showHide="show">
<div class="textblock tvblock tvcss_1"><div class="rte_zone tveditor1">
<ol>
<li> <math display="inline" xmlns="http://www.w3.org/1998/Math/MathML"><semantics><msub><mi>x</mi><mn>1</mn></msub><annotation encoding="application/x-tex">x_{1}</annotation></semantics></math>; <math display="inline" xmlns="http://www.w3.org/1998/Math/MathML"><semantics><msub><mi>x</mi><mn>2</mn></msub><annotation encoding="application/x-tex">x_{2}</annotation></semantics></math>; wel <br /> Incorrect </li>
<li> <math display="inline" xmlns="http://www.w3.org/1998/Math/MathML"><semantics><msub><mi>x</mi><mn>1</mn></msub><annotation encoding="application/x-tex">x_{1}</annotation></semantics></math>; <math display="inline" xmlns="http://www.w3.org/1998/Math/MathML"><semantics><msub><mi>x</mi><mn>2</mn></msub><annotation encoding="application/x-tex">x_{2}</annotation></semantics></math>; niet <br /> Incorrect </li>
<li> <math display="inline" xmlns="http://www.w3.org/1998/Math/MathML"><semantics><msub><mi>x</mi><mn>2</mn></msub><annotation encoding="application/x-tex">x_{2}</annotation></semantics></math>; <math display="inline" xmlns="http://www.w3.org/1998/Math/MathML"><semantics><msub><mi>x</mi><mn>1</mn></msub><annotation encoding="application/x-tex">x_{1}</annotation></semantics></math>; wel <br /> Incorrect </li>
<li> <math display="inline" xmlns="http://www.w3.org/1998/Math/MathML"><semantics><msub><mi>x</mi><mn>2</mn></msub><annotation encoding="application/x-tex">x_{2}</annotation></semantics></math>; <math display="inline" xmlns="http://www.w3.org/1998/Math/MathML"><semantics><msub><mi>x</mi><mn>1</mn></msub><annotation encoding="application/x-tex">x_{1}</annotation></semantics></math>; niet <br /> Correct </li>
</ol>
</div>
</div>
</modalFeedback>
<modalFeedback identifier="PARTIAL_CORRECT" outcomeIdentifier="FEEDBACK" showHide="show">
<div class="textblock tvblock tvcss_1"><div class="rte_zone tveditor1">
<ol>
<li> <math display="inline" xmlns="http://www.w3.org/1998/Math/MathML"><semantics><msub><mi>x</mi><mn>1</mn></msub><annotation encoding="application/x-tex">x_{1}</annotation></semantics></math>; <math display="inline" xmlns="http://www.w3.org/1998/Math/MathML"><semantics><msub><mi>x</mi><mn>2</mn></msub><annotation encoding="application/x-tex">x_{2}</annotation></semantics></math>; wel <br /> Incorrect </li>
<li> <math display="inline" xmlns="http://www.w3.org/1998/Math/MathML"><semantics><msub><mi>x</mi><mn>1</mn></msub><annotation encoding="application/x-tex">x_{1}</annotation></semantics></math>; <math display="inline" xmlns="http://www.w3.org/1998/Math/MathML"><semantics><msub><mi>x</mi><mn>2</mn></msub><annotation encoding="application/x-tex">x_{2}</annotation></semantics></math>; niet <br /> Incorrect </li>
<li> <math display="inline" xmlns="http://www.w3.org/1998/Math/MathML"><semantics><msub><mi>x</mi><mn>2</mn></msub><annotation encoding="application/x-tex">x_{2}</annotation></semantics></math>; <math display="inline" xmlns="http://www.w3.org/1998/Math/MathML"><semantics><msub><mi>x</mi><mn>1</mn></msub><annotation encoding="application/x-tex">x_{1}</annotation></semantics></math>; wel <br /> Incorrect </li>
<li> <math display="inline" xmlns="http://www.w3.org/1998/Math/MathML"><semantics><msub><mi>x</mi><mn>2</mn></msub><annotation encoding="application/x-tex">x_{2}</annotation></semantics></math>; <math display="inline" xmlns="http://www.w3.org/1998/Math/MathML"><semantics><msub><mi>x</mi><mn>1</mn></msub><annotation encoding="application/x-tex">x_{1}</annotation></semantics></math>; niet <br /> Correct </li>
</ol>
</div>
</div>
</modalFeedback>
</assessmentItem>
