<?xml version="1.0" encoding="UTF-8"?>
<assessmentItem xsi:schemaLocation="http://www.imsglobal.org/xsd/imsqti_v2p1 http://www.imsglobal.org/xsd/qti/qtiv2p1/imsqti_v2p1p1.xsd http://www.w3.org/1998/Math/MathML http://www.w3.org/Math/XMLSchema/mathml2/mathml2.xsd" identifier="uu-interval-001-en_124083232_section_1_item_1_schoice" title="1" adaptive="false" timeDependent="false" xmlns="http://www.imsglobal.org/xsd/imsqti_v2p1" xmlns:xsi="http://www.w3.org/2001/XMLSchema-instance">
<responseDeclaration identifier="uu-interval-001-en_124083232_section_1_item_1_schoice_RESPONSE_1_7151073" cardinality="single" baseType="identifier">
<correctResponse>
<value>uu-interval-001-en_124083232_section_1_item_1_schoice_3_6790043240</value>
</correctResponse>
<mapping defaultValue="0" lowerBound="0.0">
<mapEntry mapKey="uu-interval-001-en_124083232_section_1_item_1_schoice_1_6892336345" mappedValue="0"/>
<mapEntry mapKey="uu-interval-001-en_124083232_section_1_item_1_schoice_2_1592851755" mappedValue="0"/>
<mapEntry mapKey="uu-interval-001-en_124083232_section_1_item_1_schoice_3_6790043240" mappedValue="1"/>
<mapEntry mapKey="uu-interval-001-en_124083232_section_1_item_1_schoice_4_4461076705" mappedValue="0"/>
</mapping>
</responseDeclaration>
<outcomeDeclaration identifier="SCORE" cardinality="single" baseType="float" normalMaximum="1" normalMinimum="0">
<defaultValue>
<value>0.0</value>
</defaultValue>
</outcomeDeclaration>
<outcomeDeclaration identifier="MAXSCORE" cardinality="single" baseType="float">
<defaultValue>
<value>1</value>
</defaultValue>
</outcomeDeclaration>
<outcomeDeclaration identifier="FEEDBACKBASIC" cardinality="single" baseType="identifier" view="testConstructor">
<defaultValue>
<value>empty</value>
</defaultValue>
</outcomeDeclaration>
<outcomeDeclaration identifier="FEEDBACKMODAL" cardinality="multiple" baseType="identifier" view="testConstructor"/>
<outcomeDeclaration identifier="MINSCORE" cardinality="single" baseType="float">
<defaultValue>
<value baseType="float">0</value>
</defaultValue>
</outcomeDeclaration>
<outcomeDeclaration identifier="SCORE_RESPONSE_1" cardinality="single" baseType="float">
<defaultValue>
<value>0.0</value>
</defaultValue>
</outcomeDeclaration>
<outcomeDeclaration identifier="MINSCORE_RESPONSE_1" cardinality="single" baseType="float">
<defaultValue>
<value>0.0</value>
</defaultValue>
</outcomeDeclaration>
<itemBody>
<p>Part of a weather report reads the following: “Besides the below average temperatures, we have had above average snowfall in the month of January.” What is the measurement scale for the variable ‘amount of snowfall above (or below) average for that time of year, measured in inches’?</p>
<choiceInteraction responseIdentifier="uu-interval-001-en_124083232_section_1_item_1_schoice_RESPONSE_1_7151073" shuffle="false" maxChoices="1">
<simpleChoice identifier="uu-interval-001-en_124083232_section_1_item_1_schoice_1_6892336345">
<p>
a. Nominal
</p>
</simpleChoice>
<simpleChoice identifier="uu-interval-001-en_124083232_section_1_item_1_schoice_2_1592851755">
<p>
b. Ordinal
</p>
</simpleChoice>
<simpleChoice identifier="uu-interval-001-en_124083232_section_1_item_1_schoice_3_6790043240">
<p>
c. Interval
</p>
</simpleChoice>
<simpleChoice identifier="uu-interval-001-en_124083232_section_1_item_1_schoice_4_4461076705">
<p>
d. Ratio
</p>
</simpleChoice>
</choiceInteraction>
</itemBody>
<responseProcessing>
<responseCondition>
<responseIf>
<isNull>
<variable identifier="uu-interval-001-en_124083232_section_1_item_1_schoice_RESPONSE_1_7151073"/>
</isNull>
<setOutcomeValue identifier="SCORE_RESPONSE_1">
<sum>
<variable identifier="SCORE_RESPONSE_1"/>
<baseValue baseType="float">0</baseValue>
</sum>
</setOutcomeValue>
</responseIf>
</responseCondition>
<setOutcomeValue identifier="SCORE_RESPONSE_1">
<sum>
<variable identifier="SCORE_RESPONSE_1"/>
<mapResponse identifier="uu-interval-001-en_124083232_section_1_item_1_schoice_RESPONSE_1_7151073"/>
</sum>
</setOutcomeValue>
<responseCondition>
<responseIf>
<lt>
<variable identifier="SCORE_RESPONSE_1"/>
<variable identifier="MINSCORE_RESPONSE_1"/>
</lt>
<setOutcomeValue identifier="SCORE_RESPONSE_1">
<variable identifier="MINSCORE_RESPONSE_1"/>
</setOutcomeValue>
</responseIf>
</responseCondition>
<setOutcomeValue identifier="SCORE">
<sum>
<variable identifier="SCORE_RESPONSE_1"/>
</sum>
</setOutcomeValue>
<responseCondition>
<responseIf>
<lt>
<variable identifier="SCORE"/>
<variable identifier="MINSCORE"/>
</lt>
<setOutcomeValue identifier="SCORE">
<variable identifier="MINSCORE"/>
</setOutcomeValue>
</responseIf>
</responseCondition>
<responseCondition>
<responseIf>
<lt>
<variable identifier="SCORE"/>
<baseValue baseType="float">1</baseValue>
</lt>
<setOutcomeValue identifier="FEEDBACKMODAL">
<multiple>
<variable identifier="FEEDBACKMODAL"/>
<baseValue baseType="identifier">Feedback550026347</baseValue>
</multiple>
</setOutcomeValue>
</responseIf>
</responseCondition>
</responseProcessing>
<modalFeedback identifier="Feedback550026347" outcomeIdentifier="FEEDBACKMODAL" showHide="show">
<ol type = "a">
<li> Nominal <br /> This answer is incorrect. Inches are not just names of categories. </li>
<li> Ordinal <br /> This answer is incorrect. </li>
<li> Interval <br /> This answer is correct. </li>
<li> Ratio <br /> This answer is incorrect. </li>
</ol>
</modalFeedback>
</assessmentItem>
