<?xml version="1.0" encoding="utf-8" standalone="yes"?>
<assessmentItem identifier="uva-measures-of-location-390-en-tv_202510071722_item_1_schoice" title="uva-measures-of-location-390-en-tv_202510071722_item_1_schoice_uva-measures-of-location-390-en" adaptive="false" timeDependent="false" toolName="Testvision Online" toolVersion="39.0.9084" xmlns="http://www.imsglobal.org/xsd/imsqti_v2p1">
<responseDeclaration identifier="RESPONSE" cardinality="single" baseType="identifier">
<correctResponse>
<value>alt_946491</value>
</correctResponse>
<mapping defaultValue="0" lowerBound="0.0">
<mapEntry mapKey="alt_509392" mappedValue="-0.333333333333333"/>
<mapEntry mapKey="alt_946491" mappedValue="1"/>
<mapEntry mapKey="alt_374612" mappedValue="-0.333333333333333"/>
<mapEntry mapKey="alt_337896" mappedValue="-0.333333333333333"/>
</mapping>
</responseDeclaration>
<outcomeDeclaration identifier="SCORE" cardinality="single" baseType="float" normalMaximum="1" normalMinimum="0" />
<outcomeDeclaration identifier="FEEDBACK" cardinality="single" baseType="identifier" />
<stylesheet href="css/uva-measures-of-location-390-en-tv_202510071722_item_1_schoice.css" type="text/css" />
<itemBody>
<p>Below is output from a one-sample T-test. We want to test H<sub>0</sub>:μ
= 75 tests with α = 5% two-sided. The 95% confidence interval for μ is equal to</p>
<p><img src="mediafiles/supplements1/uva-measures-of-location-390-nl-graph01.png" alt="image"/></p>
<choiceInteraction responseIdentifier="RESPONSE" shuffle="false" maxChoices="1">
<simpleChoice identifier="alt_509392">
<div class="textblock tvblock tvcss_1"><div class="rte_zone tveditor1">
 &lt; -13.89 ; -0.29 &gt;
</div>
</div>
</simpleChoice>
<simpleChoice identifier="alt_946491">
<div class="textblock tvblock tvcss_1"><div class="rte_zone tveditor1">
 &lt; 61.11 ; 74.71 &gt;
</div>
</div>
</simpleChoice>
<simpleChoice identifier="alt_374612">
<div class="textblock tvblock tvcss_1"><div class="rte_zone tveditor1">
 &lt; 61.11 ; 75.29 &gt;
</div>
</div>
</simpleChoice>
<simpleChoice identifier="alt_337896">
<div class="textblock tvblock tvcss_1"><div class="rte_zone tveditor1">
 &lt; 75.29 ; 88.89 &gt;
</div>
</div>
</simpleChoice>
</choiceInteraction>
</itemBody>
<responseProcessing>
<responseCondition>
<responseIf>
<isNull>
<variable identifier="RESPONSE"/>
</isNull>
<setOutcomeValue identifier="SCORE">
<baseValue baseType="float">0.0</baseValue>
</setOutcomeValue>
<setOutcomeValue identifier="FEEDBACK">
<baseValue baseType="identifier">FAILURE</baseValue>
</setOutcomeValue>
</responseIf>
<responseElse>
<setOutcomeValue identifier="SCORE">
<mapResponse identifier="RESPONSE"/>
</setOutcomeValue>
<responseCondition>
<responseIf>
<equal toleranceMode="relative" tolerance="0.001">
<variable identifier="SCORE"/>
<variable identifier="MAXSCORE"/>
</equal>
<setOutcomeValue identifier="FEEDBACK">
<baseValue baseType="identifier">ANSWER_CORRECT</baseValue>
</setOutcomeValue>
</responseIf>
<responseElse>
<setOutcomeValue identifier="FEEDBACK">
<baseValue baseType="identifier">FAILURE</baseValue>
</setOutcomeValue>
</responseElse>
</responseCondition>
</responseElse>
</responseCondition>
</responseProcessing>
<modalFeedback identifier="FAILURE" outcomeIdentifier="FEEDBACK" showHide="show">
<div class="textblock tvblock tvcss_1"><div class="rte_zone tveditor1">
<ul>
<li> &lt; -13.89 ; -0.29 &gt; <br /> &lt; -13.89 ; -0.29 &gt;: Incorrect </li>
<li> &lt; 61.11 ; 74.71 &gt; <br /> &lt; 61.11 ; 74.71 &gt;: Correct </li>
<li> &lt; 61.11 ; 75.29 &gt; <br /> &lt; 61.11 ; 75.29 &gt;: Incorrect </li>
<li> &lt; 75.29 ; 88.89 &gt; <br /> &lt; 75.29 ; 88.89 &gt;: Incorrect </li>
</ul>
</div>
</div>
</modalFeedback>
<modalFeedback identifier="ANSWER_CORRECT" outcomeIdentifier="FEEDBACK" showHide="show">
<div class="textblock tvblock tvcss_1"><div class="rte_zone tveditor1">
<ul>
<li> &lt; -13.89 ; -0.29 &gt; <br /> &lt; -13.89 ; -0.29 &gt;: Incorrect </li>
<li> &lt; 61.11 ; 74.71 &gt; <br /> &lt; 61.11 ; 74.71 &gt;: Correct </li>
<li> &lt; 61.11 ; 75.29 &gt; <br /> &lt; 61.11 ; 75.29 &gt;: Incorrect </li>
<li> &lt; 75.29 ; 88.89 &gt; <br /> &lt; 75.29 ; 88.89 &gt;: Incorrect </li>
</ul>
</div>
</div>
</modalFeedback>
<modalFeedback identifier="PARTIAL_CORRECT" outcomeIdentifier="FEEDBACK" showHide="show">
<div class="textblock tvblock tvcss_1"><div class="rte_zone tveditor1">
<ul>
<li> &lt; -13.89 ; -0.29 &gt; <br /> &lt; -13.89 ; -0.29 &gt;: Incorrect </li>
<li> &lt; 61.11 ; 74.71 &gt; <br /> &lt; 61.11 ; 74.71 &gt;: Correct </li>
<li> &lt; 61.11 ; 75.29 &gt; <br /> &lt; 61.11 ; 75.29 &gt;: Incorrect </li>
<li> &lt; 75.29 ; 88.89 &gt; <br /> &lt; 75.29 ; 88.89 &gt;: Incorrect </li>
</ul>
</div>
</div>
</modalFeedback>
</assessmentItem>
