<?xml version="1.0" encoding="UTF-8"?>
<assessmentItem xsi:schemaLocation="http://www.imsglobal.org/xsd/imsqti_v2p1 http://www.imsglobal.org/xsd/qti/qtiv2p1/imsqti_v2p1p1.xsd http://www.w3.org/1998/Math/MathML http://www.w3.org/Math/XMLSchema/mathml2/mathml2.xsd" identifier="uu-variance-800-en_465954856_section_1_item_1_schoice" title="1" adaptive="false" timeDependent="false" xmlns="http://www.imsglobal.org/xsd/imsqti_v2p1" xmlns:xsi="http://www.w3.org/2001/XMLSchema-instance">
<responseDeclaration identifier="uu-variance-800-en_465954856_section_1_item_1_schoice_RESPONSE_1_1525693" cardinality="single" baseType="identifier">
<correctResponse>
<value>uu-variance-800-en_465954856_section_1_item_1_schoice_1_4653786853</value>
</correctResponse>
<mapping defaultValue="0" lowerBound="0.0">
<mapEntry mapKey="uu-variance-800-en_465954856_section_1_item_1_schoice_1_4653786853" mappedValue="1"/>
<mapEntry mapKey="uu-variance-800-en_465954856_section_1_item_1_schoice_2_7306408469" mappedValue="0"/>
<mapEntry mapKey="uu-variance-800-en_465954856_section_1_item_1_schoice_3_9037077461" mappedValue="0"/>
<mapEntry mapKey="uu-variance-800-en_465954856_section_1_item_1_schoice_4_3971802623" mappedValue="0"/>
</mapping>
</responseDeclaration>
<outcomeDeclaration identifier="SCORE" cardinality="single" baseType="float" normalMaximum="1" normalMinimum="0">
<defaultValue>
<value>0.0</value>
</defaultValue>
</outcomeDeclaration>
<outcomeDeclaration identifier="MAXSCORE" cardinality="single" baseType="float">
<defaultValue>
<value>1</value>
</defaultValue>
</outcomeDeclaration>
<outcomeDeclaration identifier="FEEDBACKBASIC" cardinality="single" baseType="identifier" view="testConstructor">
<defaultValue>
<value>empty</value>
</defaultValue>
</outcomeDeclaration>
<outcomeDeclaration identifier="FEEDBACKMODAL" cardinality="multiple" baseType="identifier" view="testConstructor"/>
<outcomeDeclaration identifier="MINSCORE" cardinality="single" baseType="float">
<defaultValue>
<value baseType="float">0</value>
</defaultValue>
</outcomeDeclaration>
<outcomeDeclaration identifier="SCORE_RESPONSE_1" cardinality="single" baseType="float">
<defaultValue>
<value>0.0</value>
</defaultValue>
</outcomeDeclaration>
<outcomeDeclaration identifier="MINSCORE_RESPONSE_1" cardinality="single" baseType="float">
<defaultValue>
<value>0.0</value>
</defaultValue>
</outcomeDeclaration>
<itemBody>
<p>Isa wishes to compare the prices of apartments in two neighboring towns using a significance level of 5%. She takes a random sample of 12 apartments in town A and calculates the average price of these apartments (M = 850, SD = 85). She repeats this for 15 apartments in town B (M = 825, SD = 75).</p>
<p>What is the value of the pooled estimate of the population variance?</p>
<choiceInteraction responseIdentifier="uu-variance-800-en_465954856_section_1_item_1_schoice_RESPONSE_1_1525693" shuffle="false" maxChoices="1">
<simpleChoice identifier="uu-variance-800-en_465954856_section_1_item_1_schoice_1_4653786853">
<p>
a. 6521
</p>
</simpleChoice>
<simpleChoice identifier="uu-variance-800-en_465954856_section_1_item_1_schoice_2_7306408469">
<p>
b. 80.75
</p>
</simpleChoice>
<simpleChoice identifier="uu-variance-800-en_465954856_section_1_item_1_schoice_3_9037077461">
<p>
c. 80.6
</p>
</simpleChoice>
<simpleChoice identifier="uu-variance-800-en_465954856_section_1_item_1_schoice_4_3971802623">
<p>
d. 6425
</p>
</simpleChoice>
</choiceInteraction>
</itemBody>
<responseProcessing>
<responseCondition>
<responseIf>
<isNull>
<variable identifier="uu-variance-800-en_465954856_section_1_item_1_schoice_RESPONSE_1_1525693"/>
</isNull>
<setOutcomeValue identifier="SCORE_RESPONSE_1">
<sum>
<variable identifier="SCORE_RESPONSE_1"/>
<baseValue baseType="float">0</baseValue>
</sum>
</setOutcomeValue>
</responseIf>
</responseCondition>
<setOutcomeValue identifier="SCORE_RESPONSE_1">
<sum>
<variable identifier="SCORE_RESPONSE_1"/>
<mapResponse identifier="uu-variance-800-en_465954856_section_1_item_1_schoice_RESPONSE_1_1525693"/>
</sum>
</setOutcomeValue>
<responseCondition>
<responseIf>
<lt>
<variable identifier="SCORE_RESPONSE_1"/>
<variable identifier="MINSCORE_RESPONSE_1"/>
</lt>
<setOutcomeValue identifier="SCORE_RESPONSE_1">
<variable identifier="MINSCORE_RESPONSE_1"/>
</setOutcomeValue>
</responseIf>
</responseCondition>
<setOutcomeValue identifier="SCORE">
<sum>
<variable identifier="SCORE_RESPONSE_1"/>
</sum>
</setOutcomeValue>
<responseCondition>
<responseIf>
<lt>
<variable identifier="SCORE"/>
<variable identifier="MINSCORE"/>
</lt>
<setOutcomeValue identifier="SCORE">
<variable identifier="MINSCORE"/>
</setOutcomeValue>
</responseIf>
</responseCondition>
<responseCondition>
<responseIf>
<lt>
<variable identifier="SCORE"/>
<baseValue baseType="float">1</baseValue>
</lt>
<setOutcomeValue identifier="FEEDBACKMODAL">
<multiple>
<variable identifier="FEEDBACKMODAL"/>
<baseValue baseType="identifier">Feedback687721639</baseValue>
</multiple>
</setOutcomeValue>
</responseIf>
</responseCondition>
</responseProcessing>
<modalFeedback identifier="Feedback687721639" outcomeIdentifier="FEEDBACKMODAL" showHide="show">
</modalFeedback>
</assessmentItem>
