<?xml version="1.0" encoding="UTF-8"?>
<assessmentItem xsi:schemaLocation="http://www.imsglobal.org/xsd/imsqti_v2p1 http://www.imsglobal.org/xsd/qti/qtiv2p1/imsqti_v2p1p1.xsd http://www.w3.org/1998/Math/MathML http://www.w3.org/Math/XMLSchema/mathml2/mathml2.xsd" identifier="uva-scatterplot-1262-nl-ans_251545317_section_1_item_1_schoice" title="Descriptive-statistics_uva-scatterplot-1262-nl_uva-scatterplot-1262-nl_schoice_1" adaptive="false" timeDependent="false" xmlns="http://www.imsglobal.org/xsd/imsqti_v2p1" xmlns:xsi="http://www.w3.org/2001/XMLSchema-instance">
<responseDeclaration identifier="uva-scatterplot-1262-nl-ans_251545317_section_1_item_1_schoice_RESPONSE_1_3759138" cardinality="single" baseType="identifier">
<correctResponse>
<value>uva-scatterplot-1262-nl-ans_251545317_section_1_item_1_schoice_3_5888103983</value>
</correctResponse>
<mapping defaultValue="0" lowerBound="0.0">
<mapEntry mapKey="uva-scatterplot-1262-nl-ans_251545317_section_1_item_1_schoice_1_9000577265" mappedValue="0"/>
<mapEntry mapKey="uva-scatterplot-1262-nl-ans_251545317_section_1_item_1_schoice_2_1119830018" mappedValue="0"/>
<mapEntry mapKey="uva-scatterplot-1262-nl-ans_251545317_section_1_item_1_schoice_3_5888103983" mappedValue="1"/>
</mapping>
</responseDeclaration>
<outcomeDeclaration identifier="SCORE" cardinality="single" baseType="float" normalMaximum="1" normalMinimum="0">
<defaultValue>
<value>0.0</value>
</defaultValue>
</outcomeDeclaration>
<outcomeDeclaration identifier="MAXSCORE" cardinality="single" baseType="float">
<defaultValue>
<value>1</value>
</defaultValue>
</outcomeDeclaration>
<outcomeDeclaration identifier="FEEDBACKBASIC" cardinality="single" baseType="identifier" view="testConstructor">
<defaultValue>
<value>empty</value>
</defaultValue>
</outcomeDeclaration>
<outcomeDeclaration identifier="FEEDBACKMODAL" cardinality="multiple" baseType="identifier" view="testConstructor"/>
<outcomeDeclaration identifier="SOLUTIONMODAL" cardinality="single" baseType="identifier" view="testConstructor"/>
<outcomeDeclaration identifier="MINSCORE" cardinality="single" baseType="float">
<defaultValue>
<value baseType="float">0</value>
</defaultValue>
</outcomeDeclaration>
<outcomeDeclaration identifier="SCORE_RESPONSE_1" cardinality="single" baseType="float">
<defaultValue>
<value>0.0</value>
</defaultValue>
</outcomeDeclaration>
<outcomeDeclaration identifier="MINSCORE_RESPONSE_1" cardinality="single" baseType="float">
<defaultValue>
<value>0.0</value>
</defaultValue>
</outcomeDeclaration>
<itemBody>
<p>Van een aantal kinderen is de leeftijd in maanden bepaald, en de lengte
in centimeters. De gegevens zijn uitgezet in bijgaand
spreidingsdiagram.<br />
Wanneer aan deze steekproef een kind wordt toegevoegd van 29 maanden,
met een lengte van 80.9 cm zal de asafsnede (intercept) van de
regressielijn:</p>
<p><img src="media/supplements1/uva-scatterplot-1262-nl-graph01.png" /></p>
<choiceInteraction responseIdentifier="uva-scatterplot-1262-nl-ans_251545317_section_1_item_1_schoice_RESPONSE_1_3759138" shuffle="false" maxChoices="1">
<simpleChoice identifier="uva-scatterplot-1262-nl-ans_251545317_section_1_item_1_schoice_1_9000577265">
<p>
 kleiner worden
</p>
</simpleChoice>
<simpleChoice identifier="uva-scatterplot-1262-nl-ans_251545317_section_1_item_1_schoice_2_1119830018">
<p>
 ongeveer gelijk blijven
</p>
</simpleChoice>
<simpleChoice identifier="uva-scatterplot-1262-nl-ans_251545317_section_1_item_1_schoice_3_5888103983">
<p>
 groter worden
</p>
</simpleChoice>
</choiceInteraction>
</itemBody>
<responseProcessing>
<setOutcomeValue identifier="SCORE_RESPONSE_1">
<sum>
<variable identifier="SCORE_RESPONSE_1"/>
<mapResponse identifier="uva-scatterplot-1262-nl-ans_251545317_section_1_item_1_schoice_RESPONSE_1_3759138"/>
</sum>
</setOutcomeValue>
<responseCondition>
<responseIf>
<lt>
<variable identifier="SCORE_RESPONSE_1"/>
<variable identifier="MINSCORE_RESPONSE_1"/>
</lt>
<setOutcomeValue identifier="SCORE_RESPONSE_1">
<variable identifier="MINSCORE_RESPONSE_1"/>
</setOutcomeValue>
</responseIf>
</responseCondition>
<responseCondition>
<responseIf>
<isNull>
<variable identifier="uva-scatterplot-1262-nl-ans_251545317_section_1_item_1_schoice_RESPONSE_1_3759138"/>
</isNull>
<setOutcomeValue identifier="SCORE_RESPONSE_1">
<sum>
<variable identifier="SCORE_RESPONSE_1"/>
<baseValue baseType="float">0</baseValue>
</sum>
</setOutcomeValue>
</responseIf>
</responseCondition>
<setOutcomeValue identifier="SCORE">
<sum>
<variable identifier="SCORE_RESPONSE_1"/>
</sum>
</setOutcomeValue>
<responseCondition>
<responseIf>
<lt>
<variable identifier="SCORE"/>
<variable identifier="MINSCORE"/>
</lt>
<setOutcomeValue identifier="SCORE">
<variable identifier="MINSCORE"/>
</setOutcomeValue>
</responseIf>
</responseCondition>
<responseCondition>
<responseIf>
<lt>
<variable identifier="SCORE"/>
<baseValue baseType="float">1</baseValue>
</lt>
<setOutcomeValue identifier="FEEDBACKMODAL">
<multiple>
<variable identifier="FEEDBACKMODAL"/>
<baseValue baseType="identifier">Feedback503418967</baseValue>
</multiple>
</setOutcomeValue>
</responseIf>
</responseCondition>
</responseProcessing>
<modalFeedback outcomeIdentifier="FEEDBACK" showHide="show" identifier="incorrect">
<ul>
<li> kleiner worden <br /> kleiner worden: Incorrect </li>
<li> ongeveer gelijk blijven <br /> ongeveer gelijk blijven: Incorrect </li>
<li> groter worden <br /> groter worden: Correct </li>
</ul>
</modalFeedback>
</assessmentItem>
