<?xml version="1.0" encoding="UTF-8"?>
<assessmentItem xsi:schemaLocation="http://www.imsglobal.org/xsd/imsqti_v2p1 http://www.imsglobal.org/xsd/qti/qtiv2p1/imsqti_v2p1p1.xsd http://www.w3.org/1998/Math/MathML http://www.w3.org/Math/XMLSchema/mathml2/mathml2.xsd" identifier="uu-factor-analysis-029-nl-qti_231658979_section_1_item_1_schoice" title="1" adaptive="false" timeDependent="false" xmlns="http://www.imsglobal.org/xsd/imsqti_v2p1" xmlns:xsi="http://www.w3.org/2001/XMLSchema-instance">
<responseDeclaration identifier="uu-factor-analysis-029-nl-qti_231658979_section_1_item_1_schoice_RESPONSE_1_4259300" cardinality="single" baseType="identifier">
<correctResponse>
<value>uu-factor-analysis-029-nl-qti_231658979_section_1_item_1_schoice_4_2694942870</value>
</correctResponse>
<mapping defaultValue="0" lowerBound="0.0">
<mapEntry mapKey="uu-factor-analysis-029-nl-qti_231658979_section_1_item_1_schoice_1_1717170825" mappedValue="0"/>
<mapEntry mapKey="uu-factor-analysis-029-nl-qti_231658979_section_1_item_1_schoice_2_7117019668" mappedValue="0"/>
<mapEntry mapKey="uu-factor-analysis-029-nl-qti_231658979_section_1_item_1_schoice_3_9372401314" mappedValue="0"/>
<mapEntry mapKey="uu-factor-analysis-029-nl-qti_231658979_section_1_item_1_schoice_4_2694942870" mappedValue="1"/>
</mapping>
</responseDeclaration>
<outcomeDeclaration identifier="SCORE" cardinality="single" baseType="float" normalMaximum="1" normalMinimum="0">
<defaultValue>
<value>0.0</value>
</defaultValue>
</outcomeDeclaration>
<outcomeDeclaration identifier="MAXSCORE" cardinality="single" baseType="float">
<defaultValue>
<value>1</value>
</defaultValue>
</outcomeDeclaration>
<outcomeDeclaration identifier="FEEDBACKBASIC" cardinality="single" baseType="identifier" view="testConstructor">
<defaultValue>
<value>empty</value>
</defaultValue>
</outcomeDeclaration>
<outcomeDeclaration identifier="FEEDBACKMODAL" cardinality="multiple" baseType="identifier" view="testConstructor"/>
<outcomeDeclaration identifier="MINSCORE" cardinality="single" baseType="float">
<defaultValue>
<value baseType="float">0</value>
</defaultValue>
</outcomeDeclaration>
<outcomeDeclaration identifier="SCORE_RESPONSE_1" cardinality="single" baseType="float">
<defaultValue>
<value>0.0</value>
</defaultValue>
</outcomeDeclaration>
<outcomeDeclaration identifier="MINSCORE_RESPONSE_1" cardinality="single" baseType="float">
<defaultValue>
<value>0.0</value>
</defaultValue>
</outcomeDeclaration>
<itemBody>
<p>Wat is geen doel van een factoranalyse?</p>
<choiceInteraction responseIdentifier="uu-factor-analysis-029-nl-qti_231658979_section_1_item_1_schoice_RESPONSE_1_4259300" shuffle="false" maxChoices="1">
<simpleChoice identifier="uu-factor-analysis-029-nl-qti_231658979_section_1_item_1_schoice_1_1717170825">
<p>
a. Validatie van de vragenlijst
</p>
</simpleChoice>
<simpleChoice identifier="uu-factor-analysis-029-nl-qti_231658979_section_1_item_1_schoice_2_7117019668">
<p>
b. Data-reductie
</p>
</simpleChoice>
<simpleChoice identifier="uu-factor-analysis-029-nl-qti_231658979_section_1_item_1_schoice_3_9372401314">
<p>
c. Dimensionaliteit van de vragenlijst vaststellen
</p>
</simpleChoice>
<simpleChoice identifier="uu-factor-analysis-029-nl-qti_231658979_section_1_item_1_schoice_4_2694942870">
<p>
d. Consistentie van de schalen vaststellen
</p>
</simpleChoice>
</choiceInteraction>
</itemBody>
<responseProcessing>
<responseCondition>
<responseIf>
<isNull>
<variable identifier="uu-factor-analysis-029-nl-qti_231658979_section_1_item_1_schoice_RESPONSE_1_4259300"/>
</isNull>
<setOutcomeValue identifier="SCORE_RESPONSE_1">
<sum>
<variable identifier="SCORE_RESPONSE_1"/>
<baseValue baseType="float">0</baseValue>
</sum>
</setOutcomeValue>
</responseIf>
</responseCondition>
<setOutcomeValue identifier="SCORE_RESPONSE_1">
<sum>
<variable identifier="SCORE_RESPONSE_1"/>
<mapResponse identifier="uu-factor-analysis-029-nl-qti_231658979_section_1_item_1_schoice_RESPONSE_1_4259300"/>
</sum>
</setOutcomeValue>
<responseCondition>
<responseIf>
<lt>
<variable identifier="SCORE_RESPONSE_1"/>
<variable identifier="MINSCORE_RESPONSE_1"/>
</lt>
<setOutcomeValue identifier="SCORE_RESPONSE_1">
<variable identifier="MINSCORE_RESPONSE_1"/>
</setOutcomeValue>
</responseIf>
</responseCondition>
<setOutcomeValue identifier="SCORE">
<sum>
<variable identifier="SCORE_RESPONSE_1"/>
</sum>
</setOutcomeValue>
<responseCondition>
<responseIf>
<lt>
<variable identifier="SCORE"/>
<variable identifier="MINSCORE"/>
</lt>
<setOutcomeValue identifier="SCORE">
<variable identifier="MINSCORE"/>
</setOutcomeValue>
</responseIf>
</responseCondition>
<responseCondition>
<responseIf>
<lt>
<variable identifier="SCORE"/>
<baseValue baseType="float">1</baseValue>
</lt>
<setOutcomeValue identifier="FEEDBACKMODAL">
<multiple>
<variable identifier="FEEDBACKMODAL"/>
<baseValue baseType="identifier">Feedback734227839</baseValue>
</multiple>
</setOutcomeValue>
</responseIf>
</responseCondition>
</responseProcessing>
<modalFeedback identifier="Feedback734227839" outcomeIdentifier="FEEDBACKMODAL" showHide="show">
<p>Consistentie van de schalen vaststellen is geen doel van een factoranalyse.</p>
<br />
<ol type = "a">
<li> Validatie van de vragenlijst <br />  </li>
<li> Data-reductie <br />  </li>
<li> Dimensionaliteit van de vragenlijst vaststellen <br />  </li>
<li> Consistentie van de schalen vaststellen <br />  </li>
</ol>
</modalFeedback>
</assessmentItem>
