<?xml version="1.0" encoding="UTF-8"?>
<!DOCTYPE questestinterop SYSTEM "ims_qtiasiv1p2p1.dtd">

<questestinterop xmlns="http://www.imsglobal.org/xsd/ims_qtiasiv1p2" xmlns:xsi="http://www.w3.org/2001/XMLSchema-instance" xsi:schemaLocation="http://www.imsglobal.org/xsd/ims_qtiasiv1p2 http://www.imsglobal.org/xsd/ims_qtiasiv1p2p1.xsd">
<assessment ident="uva-variance-1080-nl-canvas_580910206" title="uva-variance-1080-nl-canvas">

<qtimetadata>
<qtimetadatafield>
<fieldlabel>cc_maxattempts</fieldlabel>
<fieldentry>1</fieldentry>
</qtimetadatafield>
<qtimetadatafield>
<fieldlabel>qmd_assessmenttype</fieldlabel>
<fieldentry>Assessment</fieldentry>
</qtimetadatafield>
</qtimetadata>
<objectives>
<material>
<mattext><![CDATA[Please solve the following exercises.]]></mattext>
</material>
</objectives>
<assessmentcontrol feedbackswitch="No" hintswitch="No" solutionswitch="Yes"/>
<outcomes_processing scoremodel="SumOfScores">
<outcomes>
<decvar varname="SCORE" vartype="Decimal" cutvalue="0"/>
</outcomes>
</outcomes_processing>
<assessfeedback title="AssessmentFeedback" ident="AssessmentFeedback">
<flow_mat>
<material>
<mattext>##AssessmentFeedback##</mattext>
</material>
</flow_mat>
</assessfeedback>

<section ident="uva-variance-1080-nl-canvas_580910206_section_1" title="Exercise">

<objectives>
<material>
<mattext><![CDATA[Please answer the following question.]]></mattext>
</material>
</objectives>
<selection_ordering>
<selection>
<selection_number>1</selection_number>
<selection_extension>
<points_per_item>1</points_per_item>
</selection_extension>
</selection>
<order order_type="Random"/>
</selection_ordering>

<item ident="uva-variance-1080-nl-canvas_580910206_section_1_item_1_schoice" title="Question" maxattempts="1">
<itemcontrol feedbackswitch="No" hintswitch="No" solutionswitch="Yes"/>
<itemmetadata>
<qtimetadata>
<qtimetadatafield>
<fieldlabel>question_type</fieldlabel>
<fieldentry>multiple_choice_question</fieldentry>
</qtimetadatafield>
</qtimetadata>
</itemmetadata>
<presentation>
<flow>
<material>
<matbreak/>
<mattext texttype="text/html" charset="utf-8"><![CDATA[
<p>Als je een dobbelsteen opgooit dan krijgt je als uitkomst 1, 2, 3, 4, 5
of 6. Hieronder zie je een kansverdeling voor het verschil van twee
dobbelstenen die werden opgegooid. Bereken het gemiddelde en de
variantie van deze verdeling:<br />
<br />
</p>
<table>
<tbody>
<tr class="odd">
<td align="left">Som van twee dobbelstenen</td>
<td align="left">2</td>
<td align="left">3</td>
<td align="left">4</td>
<td align="left">5</td>
<td align="left">6</td>
<td align="left">7</td>
<td align="left">8</td>
<td align="left">9</td>
<td align="left">10</td>
<td align="left">11</td>
<td align="left">12</td>
</tr>
<tr class="even">
<td align="left">Kans</td>
<td align="left">1/36</td>
<td align="left">2/36</td>
<td align="left">3/36</td>
<td align="left">4/36</td>
<td align="left">5/36</td>
<td align="left">6/36</td>
<td align="left">5/36</td>
<td align="left">4/36</td>
<td align="left">3/36</td>
<td align="left">2/36</td>
<td align="left">1/36</td>
</tr>
</tbody>
</table>
]]></mattext>
<matbreak/>
</material>
<response_lid ident="uva-variance-1080-nl-canvas_580910206_section_1_item_1_schoice_RESPONSE_3650202" rcardinality="Single" rtiming="No">
<render_choice shuffle="No">
<flow_label class="List">
<response_label ident="uva-variance-1080-nl-canvas_580910206_section_1_item_1_schoice_7087454232" rshuffle="No">
<material>
<mattext texttype="text/html" charset="utf-8"><![CDATA[
 µ = 3,5 en σ2 = 2,917.
]]></mattext>
</material>
</response_label>
</flow_label>
<flow_label class="List">
<response_label ident="uva-variance-1080-nl-canvas_580910206_section_1_item_1_schoice_9865462884" rshuffle="No">
<material>
<mattext texttype="text/html" charset="utf-8"><![CDATA[
 µ = 3,5 en σ2 = 5,834.
]]></mattext>
</material>
</response_label>
</flow_label>
<flow_label class="List">
<response_label ident="uva-variance-1080-nl-canvas_580910206_section_1_item_1_schoice_1295965456" rshuffle="No">
<material>
<mattext texttype="text/html" charset="utf-8"><![CDATA[
 µ = 7 en σ2 = 2,917.
]]></mattext>
</material>
</response_label>
</flow_label>
<flow_label class="List">
<response_label ident="uva-variance-1080-nl-canvas_580910206_section_1_item_1_schoice_8160233892" rshuffle="No">
<material>
<mattext texttype="text/html" charset="utf-8"><![CDATA[
 µ = 0 en σ2 = 5,834.
]]></mattext>
</material>
</response_label>
</flow_label>
</render_choice>
</response_lid>
</flow>
</presentation>
<resprocessing>
<outcomes>
<decvar varname="SCORE" vartype="Decimal" defaultval="0" minvalue="0" maxvalue="1" cutvalue="1"/>
</outcomes>
<respcondition title="Mastery" continue="No">
<conditionvar>
<and>
<varequal respident="uva-variance-1080-nl-canvas_580910206_section_1_item_1_schoice_RESPONSE_3650202" case="Yes">uva-variance-1080-nl-canvas_580910206_section_1_item_1_schoice_8160233892</varequal>
<not> <varequal respident="uva-variance-1080-nl-canvas_580910206_section_1_item_1_schoice_RESPONSE_3650202" case="Yes">uva-variance-1080-nl-canvas_580910206_section_1_item_1_schoice_7087454232</varequal> </not>
<not> <varequal respident="uva-variance-1080-nl-canvas_580910206_section_1_item_1_schoice_RESPONSE_3650202" case="Yes">uva-variance-1080-nl-canvas_580910206_section_1_item_1_schoice_9865462884</varequal> </not>
<not> <varequal respident="uva-variance-1080-nl-canvas_580910206_section_1_item_1_schoice_RESPONSE_3650202" case="Yes">uva-variance-1080-nl-canvas_580910206_section_1_item_1_schoice_1295965456</varequal> </not>
</and>
</conditionvar>
<setvar varname="SCORE" action="Set">1</setvar>
<displayfeedback feedbacktype="Response" linkrefid="correct_fb"/>
</respcondition>
<respcondition continue="Yes">
<conditionvar>
<other/>
</conditionvar>
<displayfeedback feedbacktype="Response" linkrefid="general_incorrect_fb"/>
</respcondition>
</resprocessing>
<itemfeedback ident="correct_fb" view="All">
<flow_mat>
<material>
<mattext texttype="text/html"><![CDATA[
<ul>
<li> µ = 3,5 en σ2 = 2,917. <br /> µ = 3,5 en σ2 = 2,917.: Incorrect </li>
<li> µ = 3,5 en σ2 = 5,834. <br /> µ = 3,5 en σ2 = 5,834.: Incorrect </li>
<li> µ = 7 en σ2 = 2,917. <br /> µ = 7 en σ2 = 2,917.: Incorrect </li>
<li> µ = 0 en σ2 = 5,834. <br /> µ = 0 en σ2 = 5,834.: Correct </li>
</ul>
]]></mattext>
</material>
</flow_mat>
</itemfeedback>
<itemfeedback ident="general_incorrect_fb" view="All">
<flow_mat>
<material>
<mattext texttype="text/html"><![CDATA[
<ul>
<li> µ = 3,5 en σ2 = 2,917. <br /> µ = 3,5 en σ2 = 2,917.: Incorrect </li>
<li> µ = 3,5 en σ2 = 5,834. <br /> µ = 3,5 en σ2 = 5,834.: Incorrect </li>
<li> µ = 7 en σ2 = 2,917. <br /> µ = 7 en σ2 = 2,917.: Incorrect </li>
<li> µ = 0 en σ2 = 5,834. <br /> µ = 0 en σ2 = 5,834.: Correct </li>
</ul>
]]></mattext>
</material>
</flow_mat>
</itemfeedback>
</item>


</section>

</assessment>
</questestinterop>
