<?xml version="1.0" encoding="utf-8" standalone="yes"?>
<assessmentItem identifier="eur-descriptive-251-nl-tv_202601131820_item_1_num" title="eur-descriptive-251-nl-tv_202601131820_item_1_num_eur-descriptive-251-nl" adaptive="false" timeDependent="false" toolName="Testvision Online" toolVersion="39.0.9084" xmlns="http://www.imsglobal.org/xsd/imsqti_v2p1">
<responseDeclaration identifier="RESPONSE" cardinality="multiple" baseType="float">
<correctResponse>
<value>5.3741</value>
<value>5.3741;5.3741</value>
</correctResponse>
</responseDeclaration>
<outcomeDeclaration identifier="SCORE" cardinality="single" baseType="float" normalMaximum="1" normalMinimum="0" />
<outcomeDeclaration identifier="FEEDBACK" cardinality="single" baseType="identifier" />
<stylesheet href="css/eur-descriptive-251-nl-tv_202601131820_item_1_num.css" type="text/css" />
<itemBody>
<p>Er is een fout gemaakt in de berekening van het cursusexamen van cursus 2.2 (variabele cursus 2_2). Het cijfer van elke student moet herberekend worden door 0,2 punten toe te voegen aan het huidige cijfer. Voer deze herberekening uit en rapporteer het gemiddelde van de nieuwe cijfers voor vak 2.2.</p>
<p>Merk op dat voor sommige studenten de nieuwe score voor het examen hoger is dan 10. Daarvoor hoef je niet te corrigeren. Daarvoor hoef je niet te corrigeren in de berekening van het gemiddelde. Schrijf het antwoord op in het antwoordvak (met 4 cijfers achter de komma).</p>
<ul>
<li>Download**: <a href="mediafiles/supplements1/eur-descriptive-251-en-data.sav">SPSS file</a>, <a href="mediafiles/supplements1/eur-descriptive-251-en-data.csv">CSV file</a></li>
</ul>
<extendedTextInteraction responseIdentifier="RESPONSE"/>
</itemBody>
<responseProcessing>
<responseCondition>
<responseIf>
<isNull>
<variable identifier="RESPONSE"/>
</isNull>
<setOutcomeValue identifier="SCORE">
<baseValue baseType="float">0.0</baseValue>
</setOutcomeValue>
<setOutcomeValue identifier="FEEDBACK">
<baseValue baseType="identifier">FAILURE</baseValue>
</setOutcomeValue>
</responseIf>
<responseElse>
<responseCondition>
<responseIf>
<match>
<variable identifier="RESPONSE"/>
<correct identifier="RESPONSE"/>
</match>
<setOutcomeValue identifier="SCORE">
<baseValue baseType="float">1</baseValue>
</setOutcomeValue>
</responseIf>
<responseElse>
<setOutcomeValue identifier="SCORE">
<baseValue baseType="float">0</baseValue>
</setOutcomeValue>
</responseElse>
</responseCondition>
<responseCondition>
<responseIf>
<equal toleranceMode="relative" tolerance="0.001">
<variable identifier="SCORE"/>
<variable identifier="MAXSCORE"/>
</equal>
<setOutcomeValue identifier="FEEDBACK">
<baseValue baseType="identifier">ANSWER_CORRECT</baseValue>
</setOutcomeValue>
</responseIf>
<responseElse>
<setOutcomeValue identifier="FEEDBACK">
<baseValue baseType="identifier">FAILURE</baseValue>
</setOutcomeValue>
</responseElse>
</responseCondition>
</responseElse>
</responseCondition>
</responseProcessing>
<modalFeedback identifier="FAILURE" outcomeIdentifier="FEEDBACK" showHide="show">
<div class="textblock tvblock tvcss_1"><div class="rte_zone tveditor1">
<p>Het juiste antwoord is 5,3741.</p>
</div>
</div>
</modalFeedback>
<modalFeedback identifier="ANSWER_CORRECT" outcomeIdentifier="FEEDBACK" showHide="show">
<div class="textblock tvblock tvcss_1"><div class="rte_zone tveditor1">
<p>Het juiste antwoord is 5,3741.</p>
</div>
</div>
</modalFeedback>
<modalFeedback identifier="PARTIAL_CORRECT" outcomeIdentifier="FEEDBACK" showHide="show">
<div class="textblock tvblock tvcss_1"><div class="rte_zone tveditor1">
<p>Het juiste antwoord is 5,3741.</p>
</div>
</div>
</modalFeedback>
</assessmentItem>
