<?xml version="1.0" encoding="UTF-8"?>
<assessmentItem xsi:schemaLocation="http://www.imsglobal.org/xsd/imsqti_v2p1 http://www.imsglobal.org/xsd/qti/qtiv2p1/imsqti_v2p1p1.xsd http://www.w3.org/1998/Math/MathML http://www.w3.org/Math/XMLSchema/mathml2/mathml2.xsd" identifier="vufgb-ancova-011-nl-ans_785076000_section_1_item_1_schoice" title="Inferential_Statistics_vufgb-ancova-011-nl_vufgb-ancova-011-nl_schoice_1" adaptive="false" timeDependent="false" xmlns="http://www.imsglobal.org/xsd/imsqti_v2p1" xmlns:xsi="http://www.w3.org/2001/XMLSchema-instance">
<responseDeclaration identifier="vufgb-ancova-011-nl-ans_785076000_section_1_item_1_schoice_RESPONSE_1_3377546" cardinality="single" baseType="identifier">
<correctResponse>
<value>vufgb-ancova-011-nl-ans_785076000_section_1_item_1_schoice_4_5732519872</value>
</correctResponse>
<mapping defaultValue="0" lowerBound="0.0">
<mapEntry mapKey="vufgb-ancova-011-nl-ans_785076000_section_1_item_1_schoice_1_8440438155" mappedValue="0"/>
<mapEntry mapKey="vufgb-ancova-011-nl-ans_785076000_section_1_item_1_schoice_2_1632068194" mappedValue="0"/>
<mapEntry mapKey="vufgb-ancova-011-nl-ans_785076000_section_1_item_1_schoice_3_1645995868" mappedValue="0"/>
<mapEntry mapKey="vufgb-ancova-011-nl-ans_785076000_section_1_item_1_schoice_4_5732519872" mappedValue="1"/>
</mapping>
</responseDeclaration>
<outcomeDeclaration identifier="SCORE" cardinality="single" baseType="float" normalMaximum="1" normalMinimum="0">
<defaultValue>
<value>0.0</value>
</defaultValue>
</outcomeDeclaration>
<outcomeDeclaration identifier="MAXSCORE" cardinality="single" baseType="float">
<defaultValue>
<value>1</value>
</defaultValue>
</outcomeDeclaration>
<outcomeDeclaration identifier="FEEDBACKBASIC" cardinality="single" baseType="identifier" view="testConstructor">
<defaultValue>
<value>empty</value>
</defaultValue>
</outcomeDeclaration>
<outcomeDeclaration identifier="FEEDBACKMODAL" cardinality="multiple" baseType="identifier" view="testConstructor"/>
<outcomeDeclaration identifier="SOLUTIONMODAL" cardinality="single" baseType="identifier" view="testConstructor"/>
<outcomeDeclaration identifier="MINSCORE" cardinality="single" baseType="float">
<defaultValue>
<value baseType="float">0</value>
</defaultValue>
</outcomeDeclaration>
<outcomeDeclaration identifier="SCORE_RESPONSE_1" cardinality="single" baseType="float">
<defaultValue>
<value>0.0</value>
</defaultValue>
</outcomeDeclaration>
<outcomeDeclaration identifier="MINSCORE_RESPONSE_1" cardinality="single" baseType="float">
<defaultValue>
<value>0.0</value>
</defaultValue>
</outcomeDeclaration>
<itemBody>
<p>Gegeven is onderstaande figuur. Welk model wordt hier afgebeeld?</p>
<p><img src="media/supplements1/vufgb-ancova-011-nl-graph01.jpg" /></p>
<choiceInteraction responseIdentifier="vufgb-ancova-011-nl-ans_785076000_section_1_item_1_schoice_RESPONSE_1_3377546" shuffle="false" maxChoices="1">
<simpleChoice identifier="vufgb-ancova-011-nl-ans_785076000_section_1_item_1_schoice_1_8440438155">
<p>
 Een ANCOVA model met 1 factor en 1 covariaat.
</p>
</simpleChoice>
<simpleChoice identifier="vufgb-ancova-011-nl-ans_785076000_section_1_item_1_schoice_2_1632068194">
<p>
 Een regressiemodel met 1 kwantitatieve onafhankelijke variabele en 2 dummyvariabelen.
</p>
</simpleChoice>
<simpleChoice identifier="vufgb-ancova-011-nl-ans_785076000_section_1_item_1_schoice_3_1645995868">
<p>
 Een general linear model met interactie tussen 1 kwantitatieve en 1 categorische variabele.
</p>
</simpleChoice>
<simpleChoice identifier="vufgb-ancova-011-nl-ans_785076000_section_1_item_1_schoice_4_5732519872">
<p>
 Antwoorden a, b en c zijn alle drie juist.
</p>
</simpleChoice>
</choiceInteraction>
</itemBody>
<responseProcessing>
<setOutcomeValue identifier="SCORE_RESPONSE_1">
<sum>
<variable identifier="SCORE_RESPONSE_1"/>
<mapResponse identifier="vufgb-ancova-011-nl-ans_785076000_section_1_item_1_schoice_RESPONSE_1_3377546"/>
</sum>
</setOutcomeValue>
<responseCondition>
<responseIf>
<lt>
<variable identifier="SCORE_RESPONSE_1"/>
<variable identifier="MINSCORE_RESPONSE_1"/>
</lt>
<setOutcomeValue identifier="SCORE_RESPONSE_1">
<variable identifier="MINSCORE_RESPONSE_1"/>
</setOutcomeValue>
</responseIf>
</responseCondition>
<responseCondition>
<responseIf>
<isNull>
<variable identifier="vufgb-ancova-011-nl-ans_785076000_section_1_item_1_schoice_RESPONSE_1_3377546"/>
</isNull>
<setOutcomeValue identifier="SCORE_RESPONSE_1">
<sum>
<variable identifier="SCORE_RESPONSE_1"/>
<baseValue baseType="float">0</baseValue>
</sum>
</setOutcomeValue>
</responseIf>
</responseCondition>
<setOutcomeValue identifier="SCORE">
<sum>
<variable identifier="SCORE_RESPONSE_1"/>
</sum>
</setOutcomeValue>
<responseCondition>
<responseIf>
<lt>
<variable identifier="SCORE"/>
<variable identifier="MINSCORE"/>
</lt>
<setOutcomeValue identifier="SCORE">
<variable identifier="MINSCORE"/>
</setOutcomeValue>
</responseIf>
</responseCondition>
<responseCondition>
<responseIf>
<lt>
<variable identifier="SCORE"/>
<baseValue baseType="float">1</baseValue>
</lt>
<setOutcomeValue identifier="FEEDBACKMODAL">
<multiple>
<variable identifier="FEEDBACKMODAL"/>
<baseValue baseType="identifier">Feedback668426273</baseValue>
</multiple>
</setOutcomeValue>
</responseIf>
</responseCondition>
</responseProcessing>
<modalFeedback outcomeIdentifier="FEEDBACK" showHide="show" identifier="incorrect">
<ul>
<li> Een ANCOVA model met 1 factor en 1 covariaat. <br /> Incorrect </li>
<li> Een regressiemodel met 1 kwantitatieve onafhankelijke variabele en 2 dummyvariabelen. <br /> Incorrect </li>
<li> Een general linear model met interactie tussen 1 kwantitatieve en 1 categorische variabele. <br /> Incorrect </li>
<li> Antwoorden a, b en c zijn alle drie juist. <br /> Correct </li>
</ul>
</modalFeedback>
</assessmentItem>
