<?xml version="1.0" encoding="utf-8" standalone="yes"?>
<assessmentItem identifier="uva-variance-1093-en-tv_202510071722_item_1_schoice" title="uva-variance-1093-en-tv_202510071722_item_1_schoice_uva-variance-1093-en" adaptive="false" timeDependent="false" toolName="Testvision Online" toolVersion="39.0.9084" xmlns="http://www.imsglobal.org/xsd/imsqti_v2p1">
<responseDeclaration identifier="RESPONSE" cardinality="single" baseType="identifier">
<correctResponse>
<value>alt_471688</value>
</correctResponse>
<mapping defaultValue="0" lowerBound="0.0">
<mapEntry mapKey="alt_452441" mappedValue="-0.333333333333333"/>
<mapEntry mapKey="alt_471688" mappedValue="1"/>
<mapEntry mapKey="alt_284279" mappedValue="-0.333333333333333"/>
<mapEntry mapKey="alt_186486" mappedValue="-0.333333333333333"/>
</mapping>
</responseDeclaration>
<outcomeDeclaration identifier="SCORE" cardinality="single" baseType="float" normalMaximum="1" normalMinimum="0" />
<outcomeDeclaration identifier="FEEDBACK" cardinality="single" baseType="identifier" />
<stylesheet href="css/uva-variance-1093-en-tv_202510071722_item_1_schoice.css" type="text/css" />
<itemBody>
<p>You have 1,000 euros and a plan to invest your money. In the following table you will find the possible net profits in a year and the probability of these profits.â  Plan</p>
<p>————- ——- Net profits Chance € 5000 0,001 € 1000 0,005 € 0 0,994 ————- ——-</p>
<p> What is the variance of profit?</p>
<choiceInteraction responseIdentifier="RESPONSE" shuffle="false" maxChoices="1">
<simpleChoice identifier="alt_452441">
<div class="textblock tvblock tvcss_1"><div class="rte_zone tveditor1">
 € 100
</div>
</div>
</simpleChoice>
<simpleChoice identifier="alt_471688">
<div class="textblock tvblock tvcss_1"><div class="rte_zone tveditor1">
 € 29.900
</div>
</div>
</simpleChoice>
<simpleChoice identifier="alt_284279">
<div class="textblock tvblock tvcss_1"><div class="rte_zone tveditor1">
 € 980.100
</div>
</div>
</simpleChoice>
<simpleChoice identifier="alt_186486">
<div class="textblock tvblock tvcss_1"><div class="rte_zone tveditor1">
 € 24.900.100
</div>
</div>
</simpleChoice>
</choiceInteraction>
</itemBody>
<responseProcessing>
<responseCondition>
<responseIf>
<isNull>
<variable identifier="RESPONSE"/>
</isNull>
<setOutcomeValue identifier="SCORE">
<baseValue baseType="float">0.0</baseValue>
</setOutcomeValue>
<setOutcomeValue identifier="FEEDBACK">
<baseValue baseType="identifier">FAILURE</baseValue>
</setOutcomeValue>
</responseIf>
<responseElse>
<setOutcomeValue identifier="SCORE">
<mapResponse identifier="RESPONSE"/>
</setOutcomeValue>
<responseCondition>
<responseIf>
<equal toleranceMode="relative" tolerance="0.001">
<variable identifier="SCORE"/>
<variable identifier="MAXSCORE"/>
</equal>
<setOutcomeValue identifier="FEEDBACK">
<baseValue baseType="identifier">ANSWER_CORRECT</baseValue>
</setOutcomeValue>
</responseIf>
<responseElse>
<setOutcomeValue identifier="FEEDBACK">
<baseValue baseType="identifier">FAILURE</baseValue>
</setOutcomeValue>
</responseElse>
</responseCondition>
</responseElse>
</responseCondition>
</responseProcessing>
<modalFeedback identifier="FAILURE" outcomeIdentifier="FEEDBACK" showHide="show">
<div class="textblock tvblock tvcss_1"><div class="rte_zone tveditor1">
<ul>
<li> € 100 <br /> € 100: Incorrect </li>
<li> € 29.900 <br /> € 29,900: Correct </li>
<li> € 980.100 <br /> 980.100 €: Incorrect </li>
<li> € 24.900.100 <br /> € 24,900,100: Incorrect </li>
</ul>
</div>
</div>
</modalFeedback>
<modalFeedback identifier="ANSWER_CORRECT" outcomeIdentifier="FEEDBACK" showHide="show">
<div class="textblock tvblock tvcss_1"><div class="rte_zone tveditor1">
<ul>
<li> € 100 <br /> € 100: Incorrect </li>
<li> € 29.900 <br /> € 29,900: Correct </li>
<li> € 980.100 <br /> 980.100 €: Incorrect </li>
<li> € 24.900.100 <br /> € 24,900,100: Incorrect </li>
</ul>
</div>
</div>
</modalFeedback>
<modalFeedback identifier="PARTIAL_CORRECT" outcomeIdentifier="FEEDBACK" showHide="show">
<div class="textblock tvblock tvcss_1"><div class="rte_zone tveditor1">
<ul>
<li> € 100 <br /> € 100: Incorrect </li>
<li> € 29.900 <br /> € 29,900: Correct </li>
<li> € 980.100 <br /> 980.100 €: Incorrect </li>
<li> € 24.900.100 <br /> € 24,900,100: Incorrect </li>
</ul>
</div>
</div>
</modalFeedback>
</assessmentItem>
