<?xml version="1.0" encoding="UTF-8"?>
<assessmentItem xsi:schemaLocation="http://www.imsglobal.org/xsd/imsqti_v2p1 http://www.imsglobal.org/xsd/qti/qtiv2p1/imsqti_v2p1p1.xsd http://www.w3.org/1998/Math/MathML http://www.w3.org/Math/XMLSchema/mathml2/mathml2.xsd" identifier="vufsw-sum_of_squares-2067-nl-qti_560959087_section_1_item_1_schoice" title="1" adaptive="false" timeDependent="false" xmlns="http://www.imsglobal.org/xsd/imsqti_v2p1" xmlns:xsi="http://www.w3.org/2001/XMLSchema-instance">
<responseDeclaration identifier="vufsw-sum_of_squares-2067-nl-qti_560959087_section_1_item_1_schoice_RESPONSE_1_1900357" cardinality="single" baseType="identifier">
<correctResponse>
<value>vufsw-sum_of_squares-2067-nl-qti_560959087_section_1_item_1_schoice_2_7485107953</value>
</correctResponse>
<mapping defaultValue="0" lowerBound="0.0">
<mapEntry mapKey="vufsw-sum_of_squares-2067-nl-qti_560959087_section_1_item_1_schoice_1_9440428765" mappedValue="0"/>
<mapEntry mapKey="vufsw-sum_of_squares-2067-nl-qti_560959087_section_1_item_1_schoice_2_7485107953" mappedValue="1"/>
<mapEntry mapKey="vufsw-sum_of_squares-2067-nl-qti_560959087_section_1_item_1_schoice_3_2010694042" mappedValue="0"/>
<mapEntry mapKey="vufsw-sum_of_squares-2067-nl-qti_560959087_section_1_item_1_schoice_4_7984868409" mappedValue="0"/>
</mapping>
</responseDeclaration>
<outcomeDeclaration identifier="SCORE" cardinality="single" baseType="float" normalMaximum="1" normalMinimum="0">
<defaultValue>
<value>0.0</value>
</defaultValue>
</outcomeDeclaration>
<outcomeDeclaration identifier="MAXSCORE" cardinality="single" baseType="float">
<defaultValue>
<value>1</value>
</defaultValue>
</outcomeDeclaration>
<outcomeDeclaration identifier="FEEDBACKBASIC" cardinality="single" baseType="identifier" view="testConstructor">
<defaultValue>
<value>empty</value>
</defaultValue>
</outcomeDeclaration>
<outcomeDeclaration identifier="FEEDBACKMODAL" cardinality="multiple" baseType="identifier" view="testConstructor"/>
<outcomeDeclaration identifier="MINSCORE" cardinality="single" baseType="float">
<defaultValue>
<value baseType="float">0</value>
</defaultValue>
</outcomeDeclaration>
<outcomeDeclaration identifier="SCORE_RESPONSE_1" cardinality="single" baseType="float">
<defaultValue>
<value>0.0</value>
</defaultValue>
</outcomeDeclaration>
<outcomeDeclaration identifier="MINSCORE_RESPONSE_1" cardinality="single" baseType="float">
<defaultValue>
<value>0.0</value>
</defaultValue>
</outcomeDeclaration>
<itemBody>
<p>Hieronder staan een aantal output tabellen van een serie ANOVA- en een
ANCOVA analyses van cultuurparticipatie, dat gemeten is op tijdstip 1
(culpar_1: vóórdat het cjp werd uitgedeeld) en op tijdstip 2
(culpar_2)  onder dezelfde respondenten die in 2 groepen onder te
verdelen zijn: een groep die geen cjp krijgt  en een groep die tussen
tijdstip 1 en 2 een CJP heeft gekregen (een groep die al een cjp had is
buiten beschouwing gelaten).</p>
<p><img src="Schermafbeelding__2019-01-30__om__19.20.50.png"
class="fr-fic fr-dii tvcss_2"
alt="Schermafbeelding 2019-01-30 om 19.20.50" /><img src="Schermafbeelding__2019-01-30__om__19.21.31.png"
class="fr-fic fr-dii tvcss_2"
alt="Schermafbeelding 2019-01-30 om 19.21.31" /></p>
<p>Welke (originele) sums of squares probeer je te reduceren door het
toevoegen van een covariaat?</p>
<choiceInteraction responseIdentifier="vufsw-sum_of_squares-2067-nl-qti_560959087_section_1_item_1_schoice_RESPONSE_1_1900357" shuffle="false" maxChoices="1">
<simpleChoice identifier="vufsw-sum_of_squares-2067-nl-qti_560959087_section_1_item_1_schoice_1_9440428765">
<p>
a. 13974.139
</p>
</simpleChoice>
<simpleChoice identifier="vufsw-sum_of_squares-2067-nl-qti_560959087_section_1_item_1_schoice_2_7485107953">
<p>
b. 58993.454
</p>
</simpleChoice>
<simpleChoice identifier="vufsw-sum_of_squares-2067-nl-qti_560959087_section_1_item_1_schoice_3_2010694042">
<p>
c. 59006.209
</p>
</simpleChoice>
<simpleChoice identifier="vufsw-sum_of_squares-2067-nl-qti_560959087_section_1_item_1_schoice_4_7984868409">
<p>
d. 12.755
</p>
</simpleChoice>
</choiceInteraction>
</itemBody>
<responseProcessing>
<responseCondition>
<responseIf>
<isNull>
<variable identifier="vufsw-sum_of_squares-2067-nl-qti_560959087_section_1_item_1_schoice_RESPONSE_1_1900357"/>
</isNull>
<setOutcomeValue identifier="SCORE_RESPONSE_1">
<sum>
<variable identifier="SCORE_RESPONSE_1"/>
<baseValue baseType="float">0</baseValue>
</sum>
</setOutcomeValue>
</responseIf>
</responseCondition>
<setOutcomeValue identifier="SCORE_RESPONSE_1">
<sum>
<variable identifier="SCORE_RESPONSE_1"/>
<mapResponse identifier="vufsw-sum_of_squares-2067-nl-qti_560959087_section_1_item_1_schoice_RESPONSE_1_1900357"/>
</sum>
</setOutcomeValue>
<responseCondition>
<responseIf>
<lt>
<variable identifier="SCORE_RESPONSE_1"/>
<variable identifier="MINSCORE_RESPONSE_1"/>
</lt>
<setOutcomeValue identifier="SCORE_RESPONSE_1">
<variable identifier="MINSCORE_RESPONSE_1"/>
</setOutcomeValue>
</responseIf>
</responseCondition>
<setOutcomeValue identifier="SCORE">
<sum>
<variable identifier="SCORE_RESPONSE_1"/>
</sum>
</setOutcomeValue>
<responseCondition>
<responseIf>
<lt>
<variable identifier="SCORE"/>
<variable identifier="MINSCORE"/>
</lt>
<setOutcomeValue identifier="SCORE">
<variable identifier="MINSCORE"/>
</setOutcomeValue>
</responseIf>
</responseCondition>
<responseCondition>
<responseIf>
<lt>
<variable identifier="SCORE"/>
<baseValue baseType="float">1</baseValue>
</lt>
<setOutcomeValue identifier="FEEDBACKMODAL">
<multiple>
<variable identifier="FEEDBACKMODAL"/>
<baseValue baseType="identifier">Feedback122910179</baseValue>
</multiple>
</setOutcomeValue>
</responseIf>
</responseCondition>
</responseProcessing>
<modalFeedback identifier="Feedback122910179" outcomeIdentifier="FEEDBACKMODAL" showHide="show">
<ol type = "a">
<li> 13974.139 <br /> False </li>
<li> 58993.454 <br /> True </li>
<li> 59006.209 <br /> False </li>
<li> 12.755 <br /> False </li>
</ol>
</modalFeedback>
</assessmentItem>
