<?xml version="1.0" encoding="utf-8" standalone="yes"?>
<assessmentItem identifier="vufsw-simplelinearregression-0076-en-tv_202601131822_item_1_schoice" title="vufsw-simplelinearregression-0076-en-tv_202601131822_item_1_schoice_vufsw-simplelinearregression-0076-en" adaptive="false" timeDependent="false" toolName="Testvision Online" toolVersion="39.0.9084" xmlns="http://www.imsglobal.org/xsd/imsqti_v2p1">
<responseDeclaration identifier="RESPONSE" cardinality="single" baseType="identifier">
<correctResponse>
<value>alt_826845</value>
</correctResponse>
<mapping defaultValue="0" lowerBound="0.0">
<mapEntry mapKey="alt_604253" mappedValue="-0.333333333333333"/>
<mapEntry mapKey="alt_826845" mappedValue="1"/>
<mapEntry mapKey="alt_160304" mappedValue="-0.333333333333333"/>
<mapEntry mapKey="alt_772602" mappedValue="-0.333333333333333"/>
</mapping>
</responseDeclaration>
<outcomeDeclaration identifier="SCORE" cardinality="single" baseType="float" normalMaximum="1" normalMinimum="0" />
<outcomeDeclaration identifier="FEEDBACK" cardinality="single" baseType="identifier" />
<stylesheet href="css/vufsw-simplelinearregression-0076-en-tv_202601131822_item_1_schoice.css" type="text/css" />
<itemBody>
<p>A researcher conducted a regression analysis to predict a person’s interest in politics (Y) based on how often a person per week reads news articles <span class="tvcss_2 tvcss_3 tvcss_4 tvcss_5 tvcss_6 tvcss_7">(X). </span>Political interest was measured using a scale ranging from 1 (‘not at all interested’) to 10 (<span class="tvcss_2 tvcss_3 tvcss_4 tvcss_5 tvcss_6 tvcss_7">‘</span>very interested’). The formula associated with the regression line is shown below.<br />
What can you say about the <strong>causality</strong> between X and Y? </p>
<p><img src="mediafiles/supplements1/Screenshot__2021-02-13__at__12.28.08.png" alt="image"/></p>
<choiceInteraction responseIdentifier="RESPONSE" shuffle="false" maxChoices="1">
<simpleChoice identifier="alt_604253">
<div class="textblock tvblock tvcss_1"><div class="rte_zone tveditor1">
 How often someone reads news articles per week is causally related to one’s political interest if there are no <em>prediction errors</em> (prediction errors).
</div>
</div>
</simpleChoice>
<simpleChoice identifier="alt_826845">
<div class="textblock tvblock tvcss_1"><div class="rte_zone tveditor1">
 We cannot draw a firm conclusion based on regression analysis draw about causality and should think carefully about possible alternative explanations for the relationship found.
</div>
</div>
</simpleChoice>
<simpleChoice identifier="alt_160304">
<div class="textblock tvblock tvcss_1"><div class="rte_zone tveditor1">
 How often someone reads news articles per week is causally related to one’s political interest if there are no <em>influential outliers</em> (influential outliers).
</div>
</div>
</simpleChoice>
<simpleChoice identifier="alt_772602">
<div class="textblock tvblock tvcss_1"><div class="rte_zone tveditor1">
 How often a person reads news articles per week is only causally related to one’s political interest if there is no extrapolation occurs outside the observed range.
</div>
</div>
</simpleChoice>
</choiceInteraction>
</itemBody>
<responseProcessing>
<responseCondition>
<responseIf>
<isNull>
<variable identifier="RESPONSE"/>
</isNull>
<setOutcomeValue identifier="SCORE">
<baseValue baseType="float">0.0</baseValue>
</setOutcomeValue>
<setOutcomeValue identifier="FEEDBACK">
<baseValue baseType="identifier">FAILURE</baseValue>
</setOutcomeValue>
</responseIf>
<responseElse>
<setOutcomeValue identifier="SCORE">
<mapResponse identifier="RESPONSE"/>
</setOutcomeValue>
<responseCondition>
<responseIf>
<equal toleranceMode="relative" tolerance="0.001">
<variable identifier="SCORE"/>
<variable identifier="MAXSCORE"/>
</equal>
<setOutcomeValue identifier="FEEDBACK">
<baseValue baseType="identifier">ANSWER_CORRECT</baseValue>
</setOutcomeValue>
</responseIf>
<responseElse>
<setOutcomeValue identifier="FEEDBACK">
<baseValue baseType="identifier">FAILURE</baseValue>
</setOutcomeValue>
</responseElse>
</responseCondition>
</responseElse>
</responseCondition>
</responseProcessing>
<modalFeedback identifier="FAILURE" outcomeIdentifier="FEEDBACK" showHide="show">
<div class="textblock tvblock tvcss_1"><div class="rte_zone tveditor1">
<ul>
<li> How often someone reads news articles per week is causally related to one’s political interest if there are no <em>prediction errors</em> (prediction errors). <br /> False </li>
<li> We cannot draw a firm conclusion based on regression analysis draw about causality and should think carefully about possible alternative explanations for the relationship found. <br /> True </li>
<li> How often someone reads news articles per week is causally related to one’s political interest if there are no <em>influential outliers</em> (influential outliers). <br /> False </li>
<li> How often a person reads news articles per week is only causally related to one’s political interest if there is no extrapolation occurs outside the observed range. <br /> False </li>
</ul>
</div>
</div>
</modalFeedback>
<modalFeedback identifier="ANSWER_CORRECT" outcomeIdentifier="FEEDBACK" showHide="show">
<div class="textblock tvblock tvcss_1"><div class="rte_zone tveditor1">
<ul>
<li> How often someone reads news articles per week is causally related to one’s political interest if there are no <em>prediction errors</em> (prediction errors). <br /> False </li>
<li> We cannot draw a firm conclusion based on regression analysis draw about causality and should think carefully about possible alternative explanations for the relationship found. <br /> True </li>
<li> How often someone reads news articles per week is causally related to one’s political interest if there are no <em>influential outliers</em> (influential outliers). <br /> False </li>
<li> How often a person reads news articles per week is only causally related to one’s political interest if there is no extrapolation occurs outside the observed range. <br /> False </li>
</ul>
</div>
</div>
</modalFeedback>
<modalFeedback identifier="PARTIAL_CORRECT" outcomeIdentifier="FEEDBACK" showHide="show">
<div class="textblock tvblock tvcss_1"><div class="rte_zone tveditor1">
<ul>
<li> How often someone reads news articles per week is causally related to one’s political interest if there are no <em>prediction errors</em> (prediction errors). <br /> False </li>
<li> We cannot draw a firm conclusion based on regression analysis draw about causality and should think carefully about possible alternative explanations for the relationship found. <br /> True </li>
<li> How often someone reads news articles per week is causally related to one’s political interest if there are no <em>influential outliers</em> (influential outliers). <br /> False </li>
<li> How often a person reads news articles per week is only causally related to one’s political interest if there is no extrapolation occurs outside the observed range. <br /> False </li>
</ul>
</div>
</div>
</modalFeedback>
</assessmentItem>
