<?xml version="1.0" encoding="utf-8" standalone="yes"?>
<assessmentItem identifier="vufgb-etasquared-015-nl-tv_202601131822_item_1_schoice" title="vufgb-etasquared-015-nl-tv_202601131822_item_1_schoice_vufgb-etasquared-015-nl" adaptive="false" timeDependent="false" toolName="Testvision Online" toolVersion="39.0.9084" xmlns="http://www.imsglobal.org/xsd/imsqti_v2p1">
<responseDeclaration identifier="RESPONSE" cardinality="single" baseType="identifier">
<correctResponse>
<value>alt_153349</value>
</correctResponse>
<mapping defaultValue="0" lowerBound="0.0">
<mapEntry mapKey="alt_193095" mappedValue="-0.333333333333333"/>
<mapEntry mapKey="alt_153349" mappedValue="1"/>
<mapEntry mapKey="alt_440102" mappedValue="-0.333333333333333"/>
<mapEntry mapKey="alt_939802" mappedValue="-0.333333333333333"/>
</mapping>
</responseDeclaration>
<outcomeDeclaration identifier="SCORE" cardinality="single" baseType="float" normalMaximum="1" normalMinimum="0" />
<outcomeDeclaration identifier="FEEDBACK" cardinality="single" baseType="identifier" />
<stylesheet href="css/vufgb-etasquared-015-nl-tv_202601131822_item_1_schoice.css" type="text/css" />
<itemBody>
<p>Voor de SPSS-output hieronder gegeven, bereken de <em>partial eta squared</em> (<math display="inline" xmlns="http://www.w3.org/1998/Math/MathML"><semantics><mrow><mi>p</mi><mi>a</mi><mi>r</mi><mi>t</mi><mi>i</mi><mi>a</mi><mi>l</mi></mrow><annotation encoding="application/x-tex">partial</annotation></semantics></math> <math display="inline" xmlns="http://www.w3.org/1998/Math/MathML"><semantics><msup><mi>η</mi><mn>2</mn></msup><annotation encoding="application/x-tex">\eta^{2}</annotation></semantics></math>) voor “Class”:</p>
<p><img src="mediafiles/supplements1/vufgb-etasquared-015-nl-table01.jpg" alt="image"/></p>
<choiceInteraction responseIdentifier="RESPONSE" shuffle="false" maxChoices="1">
<simpleChoice identifier="alt_193095">
<div class="textblock tvblock tvcss_1"><div class="rte_zone tveditor1">
 0.353
</div>
</div>
</simpleChoice>
<simpleChoice identifier="alt_153349">
<div class="textblock tvblock tvcss_1"><div class="rte_zone tveditor1">
 0.360
</div>
</div>
</simpleChoice>
<simpleChoice identifier="alt_440102">
<div class="textblock tvblock tvcss_1"><div class="rte_zone tveditor1">
 0.033
</div>
</div>
</simpleChoice>
<simpleChoice identifier="alt_939802">
<div class="textblock tvblock tvcss_1"><div class="rte_zone tveditor1">
 0.0001
</div>
</div>
</simpleChoice>
</choiceInteraction>
</itemBody>
<responseProcessing>
<responseCondition>
<responseIf>
<isNull>
<variable identifier="RESPONSE"/>
</isNull>
<setOutcomeValue identifier="SCORE">
<baseValue baseType="float">0.0</baseValue>
</setOutcomeValue>
<setOutcomeValue identifier="FEEDBACK">
<baseValue baseType="identifier">FAILURE</baseValue>
</setOutcomeValue>
</responseIf>
<responseElse>
<setOutcomeValue identifier="SCORE">
<mapResponse identifier="RESPONSE"/>
</setOutcomeValue>
<responseCondition>
<responseIf>
<equal toleranceMode="relative" tolerance="0.001">
<variable identifier="SCORE"/>
<variable identifier="MAXSCORE"/>
</equal>
<setOutcomeValue identifier="FEEDBACK">
<baseValue baseType="identifier">ANSWER_CORRECT</baseValue>
</setOutcomeValue>
</responseIf>
<responseElse>
<setOutcomeValue identifier="FEEDBACK">
<baseValue baseType="identifier">FAILURE</baseValue>
</setOutcomeValue>
</responseElse>
</responseCondition>
</responseElse>
</responseCondition>
</responseProcessing>
<modalFeedback identifier="FAILURE" outcomeIdentifier="FEEDBACK" showHide="show">
<div class="textblock tvblock tvcss_1"><div class="rte_zone tveditor1">
<ul>
<li> 0.353 <br /> Incorrect </li>
<li> 0.360 <br /> Incorrect </li>
<li> 0.033 <br /> Correct </li>
<li> 0.0001 <br /> Incorrect </li>
</ul>
</div>
</div>
</modalFeedback>
<modalFeedback identifier="ANSWER_CORRECT" outcomeIdentifier="FEEDBACK" showHide="show">
<div class="textblock tvblock tvcss_1"><div class="rte_zone tveditor1">
<ul>
<li> 0.353 <br /> Incorrect </li>
<li> 0.360 <br /> Incorrect </li>
<li> 0.033 <br /> Correct </li>
<li> 0.0001 <br /> Incorrect </li>
</ul>
</div>
</div>
</modalFeedback>
<modalFeedback identifier="PARTIAL_CORRECT" outcomeIdentifier="FEEDBACK" showHide="show">
<div class="textblock tvblock tvcss_1"><div class="rte_zone tveditor1">
<ul>
<li> 0.353 <br /> Incorrect </li>
<li> 0.360 <br /> Incorrect </li>
<li> 0.033 <br /> Correct </li>
<li> 0.0001 <br /> Incorrect </li>
</ul>
</div>
</div>
</modalFeedback>
</assessmentItem>
