<?xml version="1.0" encoding="utf-8" standalone="yes"?>
<assessmentItem identifier="uva-sample-mean-1307-en-tv_202510071723_item_1_schoice" title="uva-sample-mean-1307-en-tv_202510071723_item_1_schoice_uva-sample-mean-1307-en" adaptive="false" timeDependent="false" toolName="Testvision Online" toolVersion="39.0.9084" xmlns="http://www.imsglobal.org/xsd/imsqti_v2p1">
<responseDeclaration identifier="RESPONSE" cardinality="single" baseType="identifier">
<correctResponse>
<value>alt_580816</value>
</correctResponse>
<mapping defaultValue="0" lowerBound="0.0">
<mapEntry mapKey="alt_724550" mappedValue="-0.25"/>
<mapEntry mapKey="alt_440670" mappedValue="-0.25"/>
<mapEntry mapKey="alt_272148" mappedValue="-0.25"/>
<mapEntry mapKey="alt_580816" mappedValue="1"/>
<mapEntry mapKey="alt_191049" mappedValue="-0.25"/>
</mapping>
</responseDeclaration>
<outcomeDeclaration identifier="SCORE" cardinality="single" baseType="float" normalMaximum="1" normalMinimum="0" />
<outcomeDeclaration identifier="FEEDBACK" cardinality="single" baseType="identifier" />
<stylesheet href="css/uva-sample-mean-1307-en-tv_202510071723_item_1_schoice.css" type="text/css" />
<itemBody>
<p>A pharmaceutical company states that 30% of patients taking a new allergy medication feel drowsy. To verify this statement, 500 randomly selected people are asked to take this medication. We measure X is the number of people who feel sleepy. The probability that 160 or more people in the sample feel sleepy can be written as:</p>
<choiceInteraction responseIdentifier="RESPONSE" shuffle="false" maxChoices="1">
<simpleChoice identifier="alt_724550">
<div class="textblock tvblock tvcss_1"><div class="rte_zone tveditor1">
 P(X ≥ 0.30)
</div>
</div>
</simpleChoice>
<simpleChoice identifier="alt_440670">
<div class="textblock tvblock tvcss_1"><div class="rte_zone tveditor1">
 P(X ≥ 0.32)
</div>
</div>
</simpleChoice>
<simpleChoice identifier="alt_272148">
<div class="textblock tvblock tvcss_1"><div class="rte_zone tveditor1">
 P(X ≤ 0.32)
</div>
</div>
</simpleChoice>
<simpleChoice identifier="alt_580816">
<div class="textblock tvblock tvcss_1"><div class="rte_zone tveditor1">
 P(X ≥ 160)
</div>
</div>
</simpleChoice>
<simpleChoice identifier="alt_191049">
<div class="textblock tvblock tvcss_1"><div class="rte_zone tveditor1">
 P(160 ≤ X ≤ 550)
</div>
</div>
</simpleChoice>
</choiceInteraction>
</itemBody>
<responseProcessing>
<responseCondition>
<responseIf>
<isNull>
<variable identifier="RESPONSE"/>
</isNull>
<setOutcomeValue identifier="SCORE">
<baseValue baseType="float">0.0</baseValue>
</setOutcomeValue>
<setOutcomeValue identifier="FEEDBACK">
<baseValue baseType="identifier">FAILURE</baseValue>
</setOutcomeValue>
</responseIf>
<responseElse>
<setOutcomeValue identifier="SCORE">
<mapResponse identifier="RESPONSE"/>
</setOutcomeValue>
<responseCondition>
<responseIf>
<equal toleranceMode="relative" tolerance="0.001">
<variable identifier="SCORE"/>
<variable identifier="MAXSCORE"/>
</equal>
<setOutcomeValue identifier="FEEDBACK">
<baseValue baseType="identifier">ANSWER_CORRECT</baseValue>
</setOutcomeValue>
</responseIf>
<responseElse>
<setOutcomeValue identifier="FEEDBACK">
<baseValue baseType="identifier">FAILURE</baseValue>
</setOutcomeValue>
</responseElse>
</responseCondition>
</responseElse>
</responseCondition>
</responseProcessing>
<modalFeedback identifier="FAILURE" outcomeIdentifier="FEEDBACK" showHide="show">
<div class="textblock tvblock tvcss_1"><div class="rte_zone tveditor1">
<ul>
<li> P(X ≥ 0.30) <br /> P(X ≥ 0.30): Incorrect </li>
<li> P(X ≥ 0.32) <br /> P(X ≥ 0.32): Incorrect </li>
<li> P(X ≤ 0.32) <br /> P(X ≤ 0.32): Incorrect </li>
<li> P(X ≥ 160) <br /> P(X ≥ 160): Correct </li>
<li> P(160 ≤ X ≤ 550) <br /> P(160 ≤ X ≤ 550): Incorrect </li>
</ul>
</div>
</div>
</modalFeedback>
<modalFeedback identifier="ANSWER_CORRECT" outcomeIdentifier="FEEDBACK" showHide="show">
<div class="textblock tvblock tvcss_1"><div class="rte_zone tveditor1">
<ul>
<li> P(X ≥ 0.30) <br /> P(X ≥ 0.30): Incorrect </li>
<li> P(X ≥ 0.32) <br /> P(X ≥ 0.32): Incorrect </li>
<li> P(X ≤ 0.32) <br /> P(X ≤ 0.32): Incorrect </li>
<li> P(X ≥ 160) <br /> P(X ≥ 160): Correct </li>
<li> P(160 ≤ X ≤ 550) <br /> P(160 ≤ X ≤ 550): Incorrect </li>
</ul>
</div>
</div>
</modalFeedback>
<modalFeedback identifier="PARTIAL_CORRECT" outcomeIdentifier="FEEDBACK" showHide="show">
<div class="textblock tvblock tvcss_1"><div class="rte_zone tveditor1">
<ul>
<li> P(X ≥ 0.30) <br /> P(X ≥ 0.30): Incorrect </li>
<li> P(X ≥ 0.32) <br /> P(X ≥ 0.32): Incorrect </li>
<li> P(X ≤ 0.32) <br /> P(X ≤ 0.32): Incorrect </li>
<li> P(X ≥ 160) <br /> P(X ≥ 160): Correct </li>
<li> P(160 ≤ X ≤ 550) <br /> P(160 ≤ X ≤ 550): Incorrect </li>
</ul>
</div>
</div>
</modalFeedback>
</assessmentItem>
