<?xml version="1.0" encoding="utf-8" standalone="yes"?>
<assessmentItem identifier="vufgb-moderation-300-nl_202209051539_item_1_schoice" title="vufgb-moderation-300-nl_202209051539_item_1_schoice_vufgb-moderation-300-nl" adaptive="false" timeDependent="false" toolName="Testvision Online" toolVersion="39.0.9084" xmlns="http://www.imsglobal.org/xsd/imsqti_v2p1">
<responseDeclaration identifier="RESPONSE" cardinality="single" baseType="identifier">
<correctResponse>
<value>alt_794875</value>
</correctResponse>
<mapping defaultValue="0" lowerBound="0.0">
<mapEntry mapKey="alt_794875" mappedValue="1"/>
<mapEntry mapKey="alt_870049" mappedValue="-0.333333333333333"/>
<mapEntry mapKey="alt_866230" mappedValue="-0.333333333333333"/>
<mapEntry mapKey="alt_210911" mappedValue="-0.333333333333333"/>
</mapping>
</responseDeclaration>
<outcomeDeclaration identifier="SCORE" cardinality="single" baseType="float" normalMaximum="1" normalMinimum="0" />
<outcomeDeclaration identifier="FEEDBACK" cardinality="single" baseType="identifier" />
<itemBody>
<p>Een onderzoeker wil de predictoren in een model eerst centreren alvorens te kijken naar interactie tussen predictoren.</p>
<p>Welke formule zorgt voor een gecentreerde variabele?</p>
<choiceInteraction responseIdentifier="RESPONSE" shuffle="false" maxChoices="1">
<simpleChoice identifier="alt_794875">
<div class="textblock tvblock tvcss_1"><div class="rte_zone tveditor1">
a. <math display="inline" xmlns="http://www.w3.org/1998/Math/MathML"><semantics><mrow><msub><mi>X</mi><mn>1</mn></msub><mo>−</mo><msub><mi>M</mi><msub><mi>X</mi><mn>1</mn></msub></msub></mrow><annotation encoding="application/x-tex">X_{1}-M_{X_{1}}</annotation></semantics></math>
</div>
</div>
</simpleChoice>
<simpleChoice identifier="alt_870049">
<div class="textblock tvblock tvcss_1"><div class="rte_zone tveditor1">
b. <math display="inline" xmlns="http://www.w3.org/1998/Math/MathML"><semantics><mrow><mrow><mo stretchy="true" form="prefix">(</mo><msub><mi>X</mi><mn>1</mn></msub><mo>−</mo><msub><mi>M</mi><msub><mi>X</mi><mn>1</mn></msub></msub><mo stretchy="true" form="postfix">)</mo></mrow><mi>/</mi><mi>S</mi><msub><mi>D</mi><msub><mi>X</mi><mn>1</mn></msub></msub></mrow><annotation encoding="application/x-tex">(X_{1}-M_{X_{1}})/SD_{X_{1}}</annotation></semantics></math>
</div>
</div>
</simpleChoice>
<simpleChoice identifier="alt_866230">
<div class="textblock tvblock tvcss_1"><div class="rte_zone tveditor1">
c. <math display="inline" xmlns="http://www.w3.org/1998/Math/MathML"><semantics><mrow><msub><mi>X</mi><mn>1</mn></msub><mo>+</mo><msub><mi>M</mi><msub><mi>X</mi><mn>1</mn></msub></msub></mrow><annotation encoding="application/x-tex">X_{1}+M_{X_{1}}</annotation></semantics></math>
</div>
</div>
</simpleChoice>
<simpleChoice identifier="alt_210911">
<div class="textblock tvblock tvcss_1"><div class="rte_zone tveditor1">
d. <math display="inline" xmlns="http://www.w3.org/1998/Math/MathML"><semantics><mrow><mrow><mo stretchy="true" form="prefix">(</mo><msub><mi>X</mi><mn>1</mn></msub><mo>+</mo><msub><mi>M</mi><msub><mi>X</mi><mn>1</mn></msub></msub><mo stretchy="true" form="postfix">)</mo></mrow><mi>/</mi><mi>S</mi><msub><mi>D</mi><msub><mi>X</mi><mn>1</mn></msub></msub></mrow><annotation encoding="application/x-tex">(X_{1}+M_{X_{1}})/SD_{X_{1}}</annotation></semantics></math>
</div>
</div>
</simpleChoice>
</choiceInteraction>
</itemBody>
<responseProcessing>
<responseCondition>
<responseIf>
<isNull>
<variable identifier="RESPONSE"/>
</isNull>
<setOutcomeValue identifier="SCORE">
<baseValue baseType="float">0.0</baseValue>
</setOutcomeValue>
<setOutcomeValue identifier="FEEDBACK">
<baseValue baseType="identifier">FAILURE</baseValue>
</setOutcomeValue>
</responseIf>
<responseElse>
<setOutcomeValue identifier="SCORE">
<mapResponse identifier="RESPONSE"/>
</setOutcomeValue>
<responseCondition>
<responseIf>
<equal toleranceMode="relative" tolerance="0.001">
<variable identifier="SCORE"/>
<variable identifier="MAXSCORE"/>
</equal>
<setOutcomeValue identifier="FEEDBACK">
<baseValue baseType="identifier">ANSWER_CORRECT</baseValue>
</setOutcomeValue>
</responseIf>
<responseElse>
<setOutcomeValue identifier="FEEDBACK">
<baseValue baseType="identifier">FAILURE</baseValue>
</setOutcomeValue>
</responseElse>
</responseCondition>
</responseElse>
</responseCondition>
</responseProcessing>
<modalFeedback identifier="FAILURE" outcomeIdentifier="FEEDBACK" showHide="show">
<div class="textblock tvblock tvcss_1"><div class="rte_zone tveditor1">
<ol>
<li> <math display="inline" xmlns="http://www.w3.org/1998/Math/MathML"><semantics><mrow><msub><mi>X</mi><mn>1</mn></msub><mo>−</mo><msub><mi>M</mi><msub><mi>X</mi><mn>1</mn></msub></msub></mrow><annotation encoding="application/x-tex">X_{1}-M_{X_{1}}</annotation></semantics></math> <br /> Correct </li>
<li> <math display="inline" xmlns="http://www.w3.org/1998/Math/MathML"><semantics><mrow><mrow><mo stretchy="true" form="prefix">(</mo><msub><mi>X</mi><mn>1</mn></msub><mo>−</mo><msub><mi>M</mi><msub><mi>X</mi><mn>1</mn></msub></msub><mo stretchy="true" form="postfix">)</mo></mrow><mi>/</mi><mi>S</mi><msub><mi>D</mi><msub><mi>X</mi><mn>1</mn></msub></msub></mrow><annotation encoding="application/x-tex">(X_{1}-M_{X_{1}})/SD_{X_{1}}</annotation></semantics></math> <br /> Incorrect </li>
<li> <math display="inline" xmlns="http://www.w3.org/1998/Math/MathML"><semantics><mrow><msub><mi>X</mi><mn>1</mn></msub><mo>+</mo><msub><mi>M</mi><msub><mi>X</mi><mn>1</mn></msub></msub></mrow><annotation encoding="application/x-tex">X_{1}+M_{X_{1}}</annotation></semantics></math> <br /> Incorrect </li>
<li> <math display="inline" xmlns="http://www.w3.org/1998/Math/MathML"><semantics><mrow><mrow><mo stretchy="true" form="prefix">(</mo><msub><mi>X</mi><mn>1</mn></msub><mo>+</mo><msub><mi>M</mi><msub><mi>X</mi><mn>1</mn></msub></msub><mo stretchy="true" form="postfix">)</mo></mrow><mi>/</mi><mi>S</mi><msub><mi>D</mi><msub><mi>X</mi><mn>1</mn></msub></msub></mrow><annotation encoding="application/x-tex">(X_{1}+M_{X_{1}})/SD_{X_{1}}</annotation></semantics></math> <br /> Incorrect </li>
</ol>
</div>
</div>
</modalFeedback>
<modalFeedback identifier="ANSWER_CORRECT" outcomeIdentifier="FEEDBACK" showHide="show">
<div class="textblock tvblock tvcss_1"><div class="rte_zone tveditor1">
<ol>
<li> <math display="inline" xmlns="http://www.w3.org/1998/Math/MathML"><semantics><mrow><msub><mi>X</mi><mn>1</mn></msub><mo>−</mo><msub><mi>M</mi><msub><mi>X</mi><mn>1</mn></msub></msub></mrow><annotation encoding="application/x-tex">X_{1}-M_{X_{1}}</annotation></semantics></math> <br /> Correct </li>
<li> <math display="inline" xmlns="http://www.w3.org/1998/Math/MathML"><semantics><mrow><mrow><mo stretchy="true" form="prefix">(</mo><msub><mi>X</mi><mn>1</mn></msub><mo>−</mo><msub><mi>M</mi><msub><mi>X</mi><mn>1</mn></msub></msub><mo stretchy="true" form="postfix">)</mo></mrow><mi>/</mi><mi>S</mi><msub><mi>D</mi><msub><mi>X</mi><mn>1</mn></msub></msub></mrow><annotation encoding="application/x-tex">(X_{1}-M_{X_{1}})/SD_{X_{1}}</annotation></semantics></math> <br /> Incorrect </li>
<li> <math display="inline" xmlns="http://www.w3.org/1998/Math/MathML"><semantics><mrow><msub><mi>X</mi><mn>1</mn></msub><mo>+</mo><msub><mi>M</mi><msub><mi>X</mi><mn>1</mn></msub></msub></mrow><annotation encoding="application/x-tex">X_{1}+M_{X_{1}}</annotation></semantics></math> <br /> Incorrect </li>
<li> <math display="inline" xmlns="http://www.w3.org/1998/Math/MathML"><semantics><mrow><mrow><mo stretchy="true" form="prefix">(</mo><msub><mi>X</mi><mn>1</mn></msub><mo>+</mo><msub><mi>M</mi><msub><mi>X</mi><mn>1</mn></msub></msub><mo stretchy="true" form="postfix">)</mo></mrow><mi>/</mi><mi>S</mi><msub><mi>D</mi><msub><mi>X</mi><mn>1</mn></msub></msub></mrow><annotation encoding="application/x-tex">(X_{1}+M_{X_{1}})/SD_{X_{1}}</annotation></semantics></math> <br /> Incorrect </li>
</ol>
</div>
</div>
</modalFeedback>
<modalFeedback identifier="PARTIAL_CORRECT" outcomeIdentifier="FEEDBACK" showHide="show">
<div class="textblock tvblock tvcss_1"><div class="rte_zone tveditor1">
<ol>
<li> <math display="inline" xmlns="http://www.w3.org/1998/Math/MathML"><semantics><mrow><msub><mi>X</mi><mn>1</mn></msub><mo>−</mo><msub><mi>M</mi><msub><mi>X</mi><mn>1</mn></msub></msub></mrow><annotation encoding="application/x-tex">X_{1}-M_{X_{1}}</annotation></semantics></math> <br /> Correct </li>
<li> <math display="inline" xmlns="http://www.w3.org/1998/Math/MathML"><semantics><mrow><mrow><mo stretchy="true" form="prefix">(</mo><msub><mi>X</mi><mn>1</mn></msub><mo>−</mo><msub><mi>M</mi><msub><mi>X</mi><mn>1</mn></msub></msub><mo stretchy="true" form="postfix">)</mo></mrow><mi>/</mi><mi>S</mi><msub><mi>D</mi><msub><mi>X</mi><mn>1</mn></msub></msub></mrow><annotation encoding="application/x-tex">(X_{1}-M_{X_{1}})/SD_{X_{1}}</annotation></semantics></math> <br /> Incorrect </li>
<li> <math display="inline" xmlns="http://www.w3.org/1998/Math/MathML"><semantics><mrow><msub><mi>X</mi><mn>1</mn></msub><mo>+</mo><msub><mi>M</mi><msub><mi>X</mi><mn>1</mn></msub></msub></mrow><annotation encoding="application/x-tex">X_{1}+M_{X_{1}}</annotation></semantics></math> <br /> Incorrect </li>
<li> <math display="inline" xmlns="http://www.w3.org/1998/Math/MathML"><semantics><mrow><mrow><mo stretchy="true" form="prefix">(</mo><msub><mi>X</mi><mn>1</mn></msub><mo>+</mo><msub><mi>M</mi><msub><mi>X</mi><mn>1</mn></msub></msub><mo stretchy="true" form="postfix">)</mo></mrow><mi>/</mi><mi>S</mi><msub><mi>D</mi><msub><mi>X</mi><mn>1</mn></msub></msub></mrow><annotation encoding="application/x-tex">(X_{1}+M_{X_{1}})/SD_{X_{1}}</annotation></semantics></math> <br /> Incorrect </li>
</ol>
</div>
</div>
</modalFeedback>
</assessmentItem>
