<?xml version="1.0" encoding="utf-8" standalone="yes"?>
<assessmentItem identifier="eur-reliability-106-nl-tv_202601131823_item_1_string" title="eur-reliability-106-nl-tv_202601131823_item_1_string_eur-reliability-106-nl" adaptive="false" timeDependent="false" toolName="Testvision Online" toolVersion="39.0.9084" xmlns="http://www.imsglobal.org/xsd/imsqti_v2p1">
<responseDeclaration identifier="RESPONSE" cardinality="single" baseType="string">
<correctResponse>
<value>""</value>
</correctResponse>
<mapping defaultValue="0">
<mapEntry mapKey="""" mappedValue="1" />
</mapping>
</responseDeclaration>
<outcomeDeclaration identifier="SCORE" cardinality="single" baseType="float" normalMaximum="1" normalMinimum="0" />
<outcomeDeclaration identifier="FEEDBACK" cardinality="single" baseType="identifier" />
<stylesheet href="css/eur-reliability-106-nl-tv_202601131823_item_1_string.css" type="text/css" />
<itemBody>
<p>Onder welke omstandigheden gebruiken we de “gestandaardiseerde” coëfficiënt alfa in plaats van de ruwe coëfficiënt alfa bij het berekenen van de Cronbach’s alpha?</p>
<extendedTextInteraction responseIdentifier="RESPONSE" expectedLength="12"/>
</itemBody>
<responseProcessing>
<responseCondition>
<responseIf>
<isNull>
<variable identifier="RESPONSE"/>
</isNull>
<setOutcomeValue identifier="SCORE">
<baseValue baseType="float">0.0</baseValue>
</setOutcomeValue>
<setOutcomeValue identifier="FEEDBACK">
<baseValue baseType="identifier">FAILURE</baseValue>
</setOutcomeValue>
</responseIf>
<responseElse>
<setOutcomeValue identifier="SCORE">
<mapResponse identifier="RESPONSE"/>
</setOutcomeValue>
<responseCondition>
<responseIf>
<equal toleranceMode="relative" tolerance="0.001">
<variable identifier="SCORE"/>
<variable identifier="MAXSCORE"/>
</equal>
<setOutcomeValue identifier="FEEDBACK">
<baseValue baseType="identifier">ANSWER_CORRECT</baseValue>
</setOutcomeValue>
</responseIf>
<responseElse>
<setOutcomeValue identifier="FEEDBACK">
<baseValue baseType="identifier">FAILURE</baseValue>
</setOutcomeValue>
</responseElse>
</responseCondition>
</responseElse>
</responseCondition>
</responseProcessing>
<modalFeedback identifier="FAILURE" outcomeIdentifier="FEEDBACK" showHide="show">
<div class="textblock tvblock tvcss_1"><div class="rte_zone tveditor1">
<p>We gebruiken de “gestandaardiseerde” coëfficiënt alfa in plaats van de ruwe coëfficiënt alfa wanneer de items in de test verschillende schalen hebben. Sommige items zijn bijvoorbeeld Likert-items op een 7-puntsschaal terwijl andere Likert-items op een 5-puntsschaal zijn.</p>
</div>
</div>
</modalFeedback>
<modalFeedback identifier="ANSWER_CORRECT" outcomeIdentifier="FEEDBACK" showHide="show">
<div class="textblock tvblock tvcss_1"><div class="rte_zone tveditor1">
<p>We gebruiken de “gestandaardiseerde” coëfficiënt alfa in plaats van de ruwe coëfficiënt alfa wanneer de items in de test verschillende schalen hebben. Sommige items zijn bijvoorbeeld Likert-items op een 7-puntsschaal terwijl andere Likert-items op een 5-puntsschaal zijn.</p>
</div>
</div>
</modalFeedback>
<modalFeedback identifier="PARTIAL_CORRECT" outcomeIdentifier="FEEDBACK" showHide="show">
<div class="textblock tvblock tvcss_1"><div class="rte_zone tveditor1">
<p>We gebruiken de “gestandaardiseerde” coëfficiënt alfa in plaats van de ruwe coëfficiënt alfa wanneer de items in de test verschillende schalen hebben. Sommige items zijn bijvoorbeeld Likert-items op een 7-puntsschaal terwijl andere Likert-items op een 5-puntsschaal zijn.</p>
</div>
</div>
</modalFeedback>
</assessmentItem>
