<?xml version="1.0" encoding="UTF-8"?>
<assessmentItem xsi:schemaLocation="http://www.imsglobal.org/xsd/imsqti_v2p1 http://www.imsglobal.org/xsd/qti/qtiv2p1/imsqti_v2p1p1.xsd http://www.w3.org/1998/Math/MathML http://www.w3.org/Math/XMLSchema/mathml2/mathml2.xsd" identifier="vufsw-ancova-2074-nl-ans_465008500_section_1_item_1_schoice" title="Inferential_Statistics_vufsw-ancova-2074-nl_vufsw-ancova-2074-nl_schoice_1" adaptive="false" timeDependent="false" xmlns="http://www.imsglobal.org/xsd/imsqti_v2p1" xmlns:xsi="http://www.w3.org/2001/XMLSchema-instance">
<responseDeclaration identifier="vufsw-ancova-2074-nl-ans_465008500_section_1_item_1_schoice_RESPONSE_1_1539957" cardinality="single" baseType="identifier">
<correctResponse>
<value>vufsw-ancova-2074-nl-ans_465008500_section_1_item_1_schoice_1_2786919390</value>
</correctResponse>
<mapping defaultValue="0" lowerBound="0.0">
<mapEntry mapKey="vufsw-ancova-2074-nl-ans_465008500_section_1_item_1_schoice_1_2786919390" mappedValue="1"/>
<mapEntry mapKey="vufsw-ancova-2074-nl-ans_465008500_section_1_item_1_schoice_2_2758272772" mappedValue="0"/>
<mapEntry mapKey="vufsw-ancova-2074-nl-ans_465008500_section_1_item_1_schoice_3_1507207272" mappedValue="0"/>
<mapEntry mapKey="vufsw-ancova-2074-nl-ans_465008500_section_1_item_1_schoice_4_3196839784" mappedValue="0"/>
</mapping>
</responseDeclaration>
<outcomeDeclaration identifier="SCORE" cardinality="single" baseType="float" normalMaximum="1" normalMinimum="0">
<defaultValue>
<value>0.0</value>
</defaultValue>
</outcomeDeclaration>
<outcomeDeclaration identifier="MAXSCORE" cardinality="single" baseType="float">
<defaultValue>
<value>1</value>
</defaultValue>
</outcomeDeclaration>
<outcomeDeclaration identifier="FEEDBACKBASIC" cardinality="single" baseType="identifier" view="testConstructor">
<defaultValue>
<value>empty</value>
</defaultValue>
</outcomeDeclaration>
<outcomeDeclaration identifier="FEEDBACKMODAL" cardinality="multiple" baseType="identifier" view="testConstructor"/>
<outcomeDeclaration identifier="SOLUTIONMODAL" cardinality="single" baseType="identifier" view="testConstructor"/>
<outcomeDeclaration identifier="MINSCORE" cardinality="single" baseType="float">
<defaultValue>
<value baseType="float">0</value>
</defaultValue>
</outcomeDeclaration>
<outcomeDeclaration identifier="SCORE_RESPONSE_1" cardinality="single" baseType="float">
<defaultValue>
<value>0.0</value>
</defaultValue>
</outcomeDeclaration>
<outcomeDeclaration identifier="MINSCORE_RESPONSE_1" cardinality="single" baseType="float">
<defaultValue>
<value>0.0</value>
</defaultValue>
</outcomeDeclaration>
<itemBody>
<p>In een experiment werden deelnemers random verdeeld over twee groepen
(groepsvariabele: ERROR_APPROACH) die een taak moesten uitvoeren. De
beide groepen werden vooraf verschillend geïnstrueerd: error prevention
 (“ je mag geen fouten maken” ) en error management (“ je mag fouten
maken, je leert ervan”). Hieronder staat een serie AN(C)OVA analyses
waarin onderzocht is of de ‘error-approach’ van invloed is op hoe goed
de taak is uitgevoerd (PERFORMANCE). SELFCONTROL (mate van
zelfdiscipline, gemeten voorafgaand aan het experiment) is in deze
analyses een covariaat.</p>
<p><img src="media/supplements1/Schermafbeelding__2019-01-30__om__19.34.46.png" /><img src="media/supplements1/Schermafbeelding__2019-01-30__om__19.36.05.png" /></p>
<p>Hoe toets je of voldaan is aan de assumptie van de ‘homogeneity of
regression slopes’ van ANCOVA voldaan?</p>
<choiceInteraction responseIdentifier="vufsw-ancova-2074-nl-ans_465008500_section_1_item_1_schoice_RESPONSE_1_1539957" shuffle="false" maxChoices="1">
<simpleChoice identifier="vufsw-ancova-2074-nl-ans_465008500_section_1_item_1_schoice_1_2786919390">
<p>
 Door aan analyse 2 de interactie tussen selfcontrol en error-approach toe te voegen; de <em>F</em>-waarde van het interactie-effect tussen beide toetst de assumptie
</p>
</simpleChoice>
<simpleChoice identifier="vufsw-ancova-2074-nl-ans_465008500_section_1_item_1_schoice_2_2758272772">
<p>
 Door selfcontrol als afhankelijke variabele te nemen en error-approach als onafhankelijke; de <em>F</em>-waarde van het ‘corrected model’ toetst deze assumptie
</p>
</simpleChoice>
<simpleChoice identifier="vufsw-ancova-2074-nl-ans_465008500_section_1_item_1_schoice_3_1507207272">
<p>
 Door aan analyse 2 de interactie tussen selfcontrol en error-approach toe te voegen; de <em>F</em>-waarde van het ‘corrected model’ toetst deze assumptie
</p>
</simpleChoice>
<simpleChoice identifier="vufsw-ancova-2074-nl-ans_465008500_section_1_item_1_schoice_4_3196839784">
<p>
 Door selfcontrol als afhankelijke variabele te nemen en error-approach als onafhankelijke; de <em>F</em>-waarde van het interactie-effect tussen beide toetst de assumptie
</p>
</simpleChoice>
</choiceInteraction>
</itemBody>
<responseProcessing>
<setOutcomeValue identifier="SCORE_RESPONSE_1">
<sum>
<variable identifier="SCORE_RESPONSE_1"/>
<mapResponse identifier="vufsw-ancova-2074-nl-ans_465008500_section_1_item_1_schoice_RESPONSE_1_1539957"/>
</sum>
</setOutcomeValue>
<responseCondition>
<responseIf>
<lt>
<variable identifier="SCORE_RESPONSE_1"/>
<variable identifier="MINSCORE_RESPONSE_1"/>
</lt>
<setOutcomeValue identifier="SCORE_RESPONSE_1">
<variable identifier="MINSCORE_RESPONSE_1"/>
</setOutcomeValue>
</responseIf>
</responseCondition>
<responseCondition>
<responseIf>
<isNull>
<variable identifier="vufsw-ancova-2074-nl-ans_465008500_section_1_item_1_schoice_RESPONSE_1_1539957"/>
</isNull>
<setOutcomeValue identifier="SCORE_RESPONSE_1">
<sum>
<variable identifier="SCORE_RESPONSE_1"/>
<baseValue baseType="float">0</baseValue>
</sum>
</setOutcomeValue>
</responseIf>
</responseCondition>
<setOutcomeValue identifier="SCORE">
<sum>
<variable identifier="SCORE_RESPONSE_1"/>
</sum>
</setOutcomeValue>
<responseCondition>
<responseIf>
<lt>
<variable identifier="SCORE"/>
<variable identifier="MINSCORE"/>
</lt>
<setOutcomeValue identifier="SCORE">
<variable identifier="MINSCORE"/>
</setOutcomeValue>
</responseIf>
</responseCondition>
<responseCondition>
<responseIf>
<lt>
<variable identifier="SCORE"/>
<baseValue baseType="float">1</baseValue>
</lt>
<setOutcomeValue identifier="FEEDBACKMODAL">
<multiple>
<variable identifier="FEEDBACKMODAL"/>
<baseValue baseType="identifier">Feedback301330157</baseValue>
</multiple>
</setOutcomeValue>
</responseIf>
</responseCondition>
</responseProcessing>
<modalFeedback outcomeIdentifier="FEEDBACK" showHide="show" identifier="incorrect">
<ul>
<li> Door aan analyse 2 de interactie tussen selfcontrol en error-approach toe te voegen; de <em>F</em>-waarde van het interactie-effect tussen beide toetst de assumptie <br /> True </li>
<li> Door selfcontrol als afhankelijke variabele te nemen en error-approach als onafhankelijke; de <em>F</em>-waarde van het ‘corrected model’ toetst deze assumptie <br /> False </li>
<li> Door aan analyse 2 de interactie tussen selfcontrol en error-approach toe te voegen; de <em>F</em>-waarde van het ‘corrected model’ toetst deze assumptie <br /> False </li>
<li> Door selfcontrol als afhankelijke variabele te nemen en error-approach als onafhankelijke; de <em>F</em>-waarde van het interactie-effect tussen beide toetst de assumptie <br /> False </li>
</ul>
</modalFeedback>
</assessmentItem>
