<?xml version="1.0" encoding="utf-8" standalone="yes"?>
<assessmentItem identifier="uva-measures-of-spread-29-en-tv_202601131819_item_1_schoice" title="uva-measures-of-spread-29-en-tv_202601131819_item_1_schoice_uva-measures-of-spread-29-en" adaptive="false" timeDependent="false" toolName="Testvision Online" toolVersion="39.0.9084" xmlns="http://www.imsglobal.org/xsd/imsqti_v2p1">
<responseDeclaration identifier="RESPONSE" cardinality="single" baseType="identifier">
<correctResponse>
<value>alt_898988</value>
</correctResponse>
<mapping defaultValue="0" lowerBound="0.0">
<mapEntry mapKey="alt_346942" mappedValue="-0.5"/>
<mapEntry mapKey="alt_898988" mappedValue="1"/>
<mapEntry mapKey="alt_720177" mappedValue="-0.5"/>
</mapping>
</responseDeclaration>
<outcomeDeclaration identifier="SCORE" cardinality="single" baseType="float" normalMaximum="1" normalMinimum="0" />
<outcomeDeclaration identifier="FEEDBACK" cardinality="single" baseType="identifier" />
<stylesheet href="css/uva-measures-of-spread-29-en-tv_202601131819_item_1_schoice.css" type="text/css" />
<itemBody>
<p>When the population distribution of a variable is skewed to the right, the sampling distribution of the mean of this variable in a large sample will approximate a</p>
<choiceInteraction responseIdentifier="RESPONSE" shuffle="false" maxChoices="1">
<simpleChoice identifier="alt_346942">
<div class="textblock tvblock tvcss_1"><div class="rte_zone tveditor1">
 Have a binomial distribution.
</div>
</div>
</simpleChoice>
<simpleChoice identifier="alt_898988">
<div class="textblock tvblock tvcss_1"><div class="rte_zone tveditor1">
 Have normal distribution.
</div>
</div>
</simpleChoice>
<simpleChoice identifier="alt_720177">
<div class="textblock tvblock tvcss_1"><div class="rte_zone tveditor1">
 Have distribution that is also skewed to the right.
</div>
</div>
</simpleChoice>
</choiceInteraction>
</itemBody>
<responseProcessing>
<responseCondition>
<responseIf>
<isNull>
<variable identifier="RESPONSE"/>
</isNull>
<setOutcomeValue identifier="SCORE">
<baseValue baseType="float">0.0</baseValue>
</setOutcomeValue>
<setOutcomeValue identifier="FEEDBACK">
<baseValue baseType="identifier">FAILURE</baseValue>
</setOutcomeValue>
</responseIf>
<responseElse>
<setOutcomeValue identifier="SCORE">
<mapResponse identifier="RESPONSE"/>
</setOutcomeValue>
<responseCondition>
<responseIf>
<equal toleranceMode="relative" tolerance="0.001">
<variable identifier="SCORE"/>
<variable identifier="MAXSCORE"/>
</equal>
<setOutcomeValue identifier="FEEDBACK">
<baseValue baseType="identifier">ANSWER_CORRECT</baseValue>
</setOutcomeValue>
</responseIf>
<responseElse>
<setOutcomeValue identifier="FEEDBACK">
<baseValue baseType="identifier">FAILURE</baseValue>
</setOutcomeValue>
</responseElse>
</responseCondition>
</responseElse>
</responseCondition>
</responseProcessing>
<modalFeedback identifier="FAILURE" outcomeIdentifier="FEEDBACK" showHide="show">
<div class="textblock tvblock tvcss_1"><div class="rte_zone tveditor1">
<ul>
<li> Have a binomial distribution. <br /> Have binomial distribution..: Incorrect </li>
<li> Have normal distribution. <br /> Have normal distribution: Correct </li>
<li> Have distribution that is also skewed to the right. <br /> Have distribution that is also skewed to the right:: Incorrect </li>
</ul>
</div>
</div>
</modalFeedback>
<modalFeedback identifier="ANSWER_CORRECT" outcomeIdentifier="FEEDBACK" showHide="show">
<div class="textblock tvblock tvcss_1"><div class="rte_zone tveditor1">
<ul>
<li> Have a binomial distribution. <br /> Have binomial distribution..: Incorrect </li>
<li> Have normal distribution. <br /> Have normal distribution: Correct </li>
<li> Have distribution that is also skewed to the right. <br /> Have distribution that is also skewed to the right:: Incorrect </li>
</ul>
</div>
</div>
</modalFeedback>
<modalFeedback identifier="PARTIAL_CORRECT" outcomeIdentifier="FEEDBACK" showHide="show">
<div class="textblock tvblock tvcss_1"><div class="rte_zone tveditor1">
<ul>
<li> Have a binomial distribution. <br /> Have binomial distribution..: Incorrect </li>
<li> Have normal distribution. <br /> Have normal distribution: Correct </li>
<li> Have distribution that is also skewed to the right. <br /> Have distribution that is also skewed to the right:: Incorrect </li>
</ul>
</div>
</div>
</modalFeedback>
</assessmentItem>
