<?xml version="1.0" encoding="UTF-8"?>
<assessmentItem xsi:schemaLocation="http://www.imsglobal.org/xsd/imsqti_v2p1 http://www.imsglobal.org/xsd/qti/qtiv2p1/imsqti_v2p1p1.xsd http://www.w3.org/1998/Math/MathML http://www.w3.org/Math/XMLSchema/mathml2/mathml2.xsd" identifier="vufgb-regression-016-nl-qti_695757600_section_1_item_1_schoice" title="1" adaptive="false" timeDependent="false" xmlns="http://www.imsglobal.org/xsd/imsqti_v2p1" xmlns:xsi="http://www.w3.org/2001/XMLSchema-instance">
<responseDeclaration identifier="vufgb-regression-016-nl-qti_695757600_section_1_item_1_schoice_RESPONSE_1_4408385" cardinality="single" baseType="identifier">
<correctResponse>
<value>vufgb-regression-016-nl-qti_695757600_section_1_item_1_schoice_4_1632579620</value>
</correctResponse>
<mapping defaultValue="0" lowerBound="0.0">
<mapEntry mapKey="vufgb-regression-016-nl-qti_695757600_section_1_item_1_schoice_1_2894210287" mappedValue="0"/>
<mapEntry mapKey="vufgb-regression-016-nl-qti_695757600_section_1_item_1_schoice_2_1404696319" mappedValue="0"/>
<mapEntry mapKey="vufgb-regression-016-nl-qti_695757600_section_1_item_1_schoice_3_1670393668" mappedValue="0"/>
<mapEntry mapKey="vufgb-regression-016-nl-qti_695757600_section_1_item_1_schoice_4_1632579620" mappedValue="1"/>
</mapping>
</responseDeclaration>
<outcomeDeclaration identifier="SCORE" cardinality="single" baseType="float" normalMaximum="1" normalMinimum="0">
<defaultValue>
<value>0.0</value>
</defaultValue>
</outcomeDeclaration>
<outcomeDeclaration identifier="MAXSCORE" cardinality="single" baseType="float">
<defaultValue>
<value>1</value>
</defaultValue>
</outcomeDeclaration>
<outcomeDeclaration identifier="FEEDBACKBASIC" cardinality="single" baseType="identifier" view="testConstructor">
<defaultValue>
<value>empty</value>
</defaultValue>
</outcomeDeclaration>
<outcomeDeclaration identifier="FEEDBACKMODAL" cardinality="multiple" baseType="identifier" view="testConstructor"/>
<outcomeDeclaration identifier="MINSCORE" cardinality="single" baseType="float">
<defaultValue>
<value baseType="float">0</value>
</defaultValue>
</outcomeDeclaration>
<outcomeDeclaration identifier="SCORE_RESPONSE_1" cardinality="single" baseType="float">
<defaultValue>
<value>0.0</value>
</defaultValue>
</outcomeDeclaration>
<outcomeDeclaration identifier="MINSCORE_RESPONSE_1" cardinality="single" baseType="float">
<defaultValue>
<value>0.0</value>
</defaultValue>
</outcomeDeclaration>
<itemBody>
<p>Een onderzoeker wil toetsen of de gemiddeldes op een uitkomstvariabele in de controlegroep en de experimentele groep significant van elkaar verschillen.</p>
<p>Welke analysetechniek dient de onderzoeker te gebruiken?</p>
<choiceInteraction responseIdentifier="vufgb-regression-016-nl-qti_695757600_section_1_item_1_schoice_RESPONSE_1_4408385" shuffle="false" maxChoices="1">
<simpleChoice identifier="vufgb-regression-016-nl-qti_695757600_section_1_item_1_schoice_1_2894210287">
<p>
 Een t-toets voor onafhankelijke groepen (‘independent samples t-test’).
</p>
</simpleChoice>
<simpleChoice identifier="vufgb-regression-016-nl-qti_695757600_section_1_item_1_schoice_2_1404696319">
<p>
 Een variantieanalyse met één factor (‘one-way analysis of variance’).
</p>
</simpleChoice>
<simpleChoice identifier="vufgb-regression-016-nl-qti_695757600_section_1_item_1_schoice_3_1670393668">
<p>
 Een lineaire regressieanalyse met dummy variabele.
</p>
</simpleChoice>
<simpleChoice identifier="vufgb-regression-016-nl-qti_695757600_section_1_item_1_schoice_4_1632579620">
<p>
 A t/m C zijn allen goed.
</p>
</simpleChoice>
</choiceInteraction>
</itemBody>
<responseProcessing>
<responseCondition>
<responseIf>
<isNull>
<variable identifier="vufgb-regression-016-nl-qti_695757600_section_1_item_1_schoice_RESPONSE_1_4408385"/>
</isNull>
<setOutcomeValue identifier="SCORE_RESPONSE_1">
<sum>
<variable identifier="SCORE_RESPONSE_1"/>
<baseValue baseType="float">0</baseValue>
</sum>
</setOutcomeValue>
</responseIf>
</responseCondition>
<setOutcomeValue identifier="SCORE_RESPONSE_1">
<sum>
<variable identifier="SCORE_RESPONSE_1"/>
<mapResponse identifier="vufgb-regression-016-nl-qti_695757600_section_1_item_1_schoice_RESPONSE_1_4408385"/>
</sum>
</setOutcomeValue>
<responseCondition>
<responseIf>
<lt>
<variable identifier="SCORE_RESPONSE_1"/>
<variable identifier="MINSCORE_RESPONSE_1"/>
</lt>
<setOutcomeValue identifier="SCORE_RESPONSE_1">
<variable identifier="MINSCORE_RESPONSE_1"/>
</setOutcomeValue>
</responseIf>
</responseCondition>
<setOutcomeValue identifier="SCORE">
<sum>
<variable identifier="SCORE_RESPONSE_1"/>
</sum>
</setOutcomeValue>
<responseCondition>
<responseIf>
<lt>
<variable identifier="SCORE"/>
<variable identifier="MINSCORE"/>
</lt>
<setOutcomeValue identifier="SCORE">
<variable identifier="MINSCORE"/>
</setOutcomeValue>
</responseIf>
</responseCondition>
<responseCondition>
<responseIf>
<lt>
<variable identifier="SCORE"/>
<baseValue baseType="float">1</baseValue>
</lt>
<setOutcomeValue identifier="FEEDBACKMODAL">
<multiple>
<variable identifier="FEEDBACKMODAL"/>
<baseValue baseType="identifier">Feedback384653802</baseValue>
</multiple>
</setOutcomeValue>
</responseIf>
</responseCondition>
</responseProcessing>
<modalFeedback identifier="Feedback384653802" outcomeIdentifier="FEEDBACKMODAL" showHide="show">
 Een t-toets voor onafhankelijke groepen (‘independent samples t-test’). <br /> Incorrect 
 Een variantieanalyse met één factor (‘one-way analysis of variance’). <br /> Incorrect 
 Een lineaire regressieanalyse met dummy variabele. <br /> Incorrect 
 A t/m C zijn allen goed. <br /> Correct 
</modalFeedback>
</assessmentItem>
